alias_tamil,alias_english,tamil,english,alias_tamil_sentence,alias_english_sentence,tamil_sentence,english_sentence,category,source
ருச்சி,rucci,சுவை,Taste,ருச்சின் ஸோயொ ஸே,ruccin sOyo sE,ஆறு சுவைகள் உள்ளன,There are six flavors,taste,corpus_sourashtradictionary
ருச்சி பாகுன்,rucci paakun,சுவை,Taste,பு4க்லாகு ருச்சி பாகுன் களானா,bhuklaaku rucci paakun kaLaanaa,பசியோடு இருப்பவருக்கு சுவை தெரியாது,One who is hungry does not know taste,taste,corpus_sourashtradictionary
ருச்சி ஹொயெ,rucci hoye,"சுவையானது, சுவை மிக்க","Tasty, Delecious",கி4ராஸு பொள்ளா வேன் ருச்சி ஹொயெ பொள்ளா,ghiraasu poLLaa vEn rucci hoye poLLaa,அன்னாசிப்பழம் மிகவும் சுவையான பழம்,Pineapple is a very tasty fruit,taste,corpus_sourashtradictionary
அம்ப3ட்,ambaT,புளிப்பு,"Sour, Leaven",சீஸு ருச்சி அம்ப3டு3,ceesu rucci ambaDu,புளியின் சுவை புளிப்பு,The taste of tamarind is sour,taste,corpus_sourashtradictionary
கஸ்னி,kasni,துவர்ப்பு,Astringent,ஹப்பளு ருச்சி கஸ்னி ஹோஸு,happaLu rucci kasni hOsu,கொட்டைப்பாக்கின் சுவை துவர்ப்பு ஆகும்,The taste of Arica nut is astringent,taste,corpus_sourashtradictionary
புஷ்ளொ,pushLo,துவர்ப்பு,Astringent,சிஞ்ஜிரி பு4ர்கா ருச்சி புஷ்ளொ ஹோஸு,cinjjiri bhurkaa rucci pushLo hOsu,புளியங்கொட்டை பொடியின் சுவை துவர்ப்பு ஆகும்,The taste of tamarind seed powder is also astringent,taste,corpus_sourashtradictionary
ஒகு3ர்,ogur,துவர்ப்பு,Astringent,ஹக்3கு3னொ ப3ரொ கெரத்திஸா ஶக்தி ஒகு3ர் ருச்சிக் ஸேத்தெ,hagguno baro kerattisaa ssakti ogur ruccik sEtte,வயிற்றுப் போக்கை சரி செய்யும் ஆற்றல் துவர்ப்புச் சுவைக்கு உண்டு,The astringent taste has the power to correct diarrhea,taste,corpus_sourashtradictionary
கு3ள்ளெ,guLLe,இனிப்பு,Sweet,பொ2ன்னிஸு பொள்ளா ருச்சி கு3ள்ளெ ஹோஸு,phonnisu poLLaa rucci guLLe hOsu,பலாப்பழத்தின் சுவை இனிப்பு ஆகும்,The taste of jackfruit is sweet,taste,corpus_sourashtradictionary
கெ2ருட்,kheruT,உவர்ப்பு,Salt,பொ3ந்தெ3ம் கெ2ருட் ருச்சி வேன் ஸே,bondem kheruT rucci vEn sE,வாழைத் தண்டில் உவர்ப்புச் சுவை மிகுதியாக உள்ளது,Plantain Stem are rich in salty taste,taste,corpus_sourashtradictionary
கொடு3,koDu,கசப்பு,Bitter,கல்லா ருச்சி கொடு3கன் ர்ஹாயி,kallaa rucci koDukan rhaayi,பாகற்காயின் சுவை கசப்பாக இருக்கும்,The taste of bitter gourd is bitter,taste,corpus_sourashtradictionary
திக்கெ,tikke,"காரம், உறைப்பு",Pungent,வேன் திக்கெ அந்த்ராம் க2ஜ்ஜு அவத்தக் ஹேது ஹோயி,vEn tikke antraam khajju avattak hEtu hOyi,அதிகப்படியான காரம் குடல் புண்கள் தோன்ற காரணம் ஆகும்,Excess pungent is the cause of intestinal ulcers,taste,corpus_sourashtradictionary
கா2ர்,khaar,உறைப்பு,"Pungent, Spicy",மிர்க்கய்லொகின் அல்லொ கா2ர்கன் ஸே,mirkkaylokin allo khaarkan sE,மிளகாய் மற்றும் இஞ்சி காரமான சுவை கொண்டது,Chili and ginger have a spicy taste,taste,corpus_sourashtradictionary
கொம்மன்,komman,புளிக்காத ஒருவித இளஞ்சுவை,Taste of unfermented curd,எல்லீரும் பனி கொம்மன் ருச்சிகன் ர்ஹாயி,elleerum pani komman ruccikan rhaayi,இளநீரின் சுவை இளஞ்சுவையாக இருக்கும்,The tender coconut has a mild unfermented taste,taste,corpus_sourashtradictionary
கெனர்,kenar,காரல் வாசனை,Rancid,லொனி நஜ்ஜியெத் கெனர் வஸுனொ அவயி,loni najjiyet kenar vasuno avayi,வெண்ணெய் கெட்டுப் போனால் காரல் வாசனை வரும்,Rancid is the odor of spoiled butter,taste,corpus_sourashtradictionary
திச்சன்,ticcan,"சுவையற்ற, சுவை இல்லாது",Tasteless,கெட்டு பிள்சார் திச்சன் ஹொதெ3ஸ்,keTTu piLcaar ticcan hodes,பருப்பு ரசம் சுவையற்று இருந்தது,The Indian lentle soup was tasteless,taste,corpus_sourashtradictionary
ப3த்3து3,baddu,மளிகை,Grocery,,,,,grocery,corpus_sourashtradictionary
அங்கி3டி3,anggiDi,கடை,"Shop, Store",,,,,grocery,corpus_sourashtradictionary
பொந்து,pontu,கடை,"Shop, Store",,,,,grocery,corpus_sourashtradictionary
ப4ண்டா3ர்,bhaNDaar,பொருள்கள் சேர்த்து வைக்கும் இடம்,"Store, Godown",,,,,grocery,corpus_sourashtradictionary
பணொ,paNo,வியாபார சரக்கு,Commodity,,,,,grocery,corpus_sourashtradictionary
பணாயி,paNaayi,சந்தை,"Market, Bazaar",,,,,grocery,corpus_sourashtradictionary
ஹடொ,haTo,சந்தை,"Market, Bazaar",,,,,grocery,corpus_sourashtradictionary
ஹாடி,haaTi,சந்தை,"Market, Bazaar",,,,,grocery,corpus_sourashtradictionary
ஸாத்,saat,சந்தை,"Market, Bazaar",,,,,grocery,corpus_sourashtradictionary
விபணி,vipaNi,கடைத்தெரு,Market street,,,,,grocery,corpus_sourashtradictionary
தோ3வு,dOvu,பேரங்காடி,"Big market, Mall, Store",,,,,grocery,corpus_sourashtradictionary
தெ4டொ / தெ4டொ3,dheTo / dheDo,தராசு,"Scale, Balance, Weighing Machine",,,,,grocery,corpus_sourashtradictionary
நரசி / நராஜி,naraci / naraaji,தராசு,"Scale, Balance, Weighing Machine",,,,,grocery,corpus_sourashtradictionary
ஜோக்,jOk,"நிறுவை, தராசு","Scale, Balance, Weighing Machine",,,,,grocery,corpus_sourashtradictionary
ஹள்வொ,haLvo,லேசான,Light (in weight),,,,,grocery,corpus_sourashtradictionary
சிஸ்லொ / சி2ஸ்லொ,cislo / chislo,"பலசரக்கு, மளிகை பொருட்கள்",Grocery,,,,,grocery,corpus_sourashtradictionary
ரஸ்து,rastu,பொருள்,Materials,,,,,grocery,corpus_sourashtradictionary
தஸ்துன்,tastun,சரக்கு,Goods,,,,,grocery,corpus_sourashtradictionary
லிந்து3,lindu,பற்றுவரவு,Account,,,,,grocery,corpus_sourashtradictionary
ஸாள்,saaL,நெல்,Paddy,,,,,grocery,corpus_sourashtradictionary
தந்து3,tandu,அரிசி,Rice,,,,,grocery,corpus_sourashtradictionary
கஸ்தந்து3,kastandu,பச்சரிசி,Raw Rice,,,,,grocery,corpus_sourashtradictionary
ஹுடொதந்து3,huTotandu,புழுங்கரிசி,Boiled Rice,,,,,grocery,corpus_sourashtradictionary
ஹுஸ்தந்து3,hustandu,புழுங்கலரிசி,Boiled rice,,,,,grocery,corpus_sourashtradictionary
நிப்3ப3ரி,nibbari,புல்லரிசி,Rye Grain,,,,,grocery,corpus_sourashtradictionary
ஸாபு3தா3னொ,saabudaano,ஜவ்வரிசி,Sago,,,,,grocery,corpus_sourashtradictionary
கென்னி,kenni,குருணை,Rice Granule,,,,,grocery,corpus_sourashtradictionary
பெரால்,peraal,பொரி,Puffed rice,,,,,grocery,corpus_sourashtradictionary
லஸ்னி,lasni,பொரி,Puffed rice,,,,,grocery,corpus_sourashtradictionary
பொ3ர்க்குல்,borkkul,பொரி,Puffed rice,,,,,grocery,corpus_sourashtradictionary
அட்குல்,aTkul,அவல்,Flattened Rice,,,,,grocery,corpus_sourashtradictionary
சிப்டொ,cipTo,அவல்,Flattened Rice,,,,,grocery,corpus_sourashtradictionary
கொண்டொ3,koNDo,தவிடு,Bran,,,,,grocery,corpus_sourashtradictionary
உங்கொ3,unggo,உமி,Husk,,,,,grocery,corpus_sourashtradictionary
து3ஸொ,duso,உமி,Husk,,,,,grocery,corpus_sourashtradictionary
கோ4ம தந்து3,ghOma tandu,கோதுமை,Wheat,,,,,grocery,corpus_sourashtradictionary
கோ4மு,ghOmu,கோதுமை,Wheat,,,,,grocery,corpus_sourashtradictionary
போ2மு,phOmu,ரவை (அரைத்த கோதுமை),Semolina,,,,,grocery,corpus_sourashtradictionary
ஶெவ்யொ,ssevyo,சேமியா,Vermicelli,,,,,grocery,corpus_sourashtradictionary
பொ2ன்னிஞ்சென்னொ,phonninjcenno,"சோளம், மக்காச்சோளம்","Maise, Maize, Corn",,,,,grocery,corpus_sourashtradictionary
ஜொ2ள்ளொ,jhoLLo,கம்பு,Millet,,,,,grocery,corpus_sourashtradictionary
ர்ஹகி,rhaki,"கேழ்வரகு, கேப்பை, ராகி",Finger millet,,,,,grocery,corpus_sourashtradictionary
தா3ல்,daal,பருப்பு,Lentil,,,,,grocery,corpus_sourashtradictionary
பெ3ளொ,beLo,பருப்பு வகைகள்,Lentils,,,,,grocery,corpus_sourashtradictionary
சென்னொ,cenno,"கொண்டைக்கடலை, பட்டாணி, பீன்ஸ் போன்ற பருப்பு வகைகள்","Pulses such as Chickpeas, Peas, Beans",,,,,grocery,corpus_sourashtradictionary
கென்னுன்,kennun,தானியங்கள்,"Grains, Cereals",,,,,grocery,corpus_sourashtradictionary
ஶிம்பு3,ssimbu,தானியங்கள்,"Grains, Cereals",,,,,grocery,corpus_sourashtradictionary
ஸஸ்யொ,sasyo,தானியங்கள்,"Grains, Cereals",,,,,grocery,corpus_sourashtradictionary
தோ2ரு பெ3ளொ,thOru beLo,துவரம் பருப்பு,Red Gram,,,,,grocery,corpus_sourashtradictionary
உடி3த்,uDit,கருப்பு உளுந்து,Black gram (with skin),,,,,grocery,corpus_sourashtradictionary
உடி3து3 பெ3ளொ,uDidu beLo,உளுத்தம் பருப்பு,Black Gram,,,,,grocery,corpus_sourashtradictionary
நிளமு பெ3ளொ,niLamu beLo,பச்சைப்பயறு,Green Gram,,,,,grocery,corpus_sourashtradictionary
ஶிலம்,ssilam,பாசி பருப்பு,"Moong gram, Moong dal",,,,,grocery,corpus_sourashtradictionary
கச்சென்னா பெ3ளொ,kaccennaa beLo,கடலை பருப்பு,Bengal Gram,,,,,grocery,corpus_sourashtradictionary
தோ4ரு,dhOru,கடலை பருப்பு,Bengal gram,,,,,grocery,corpus_sourashtradictionary
வடாணி,vaTaaNi,பட்டாணி,Pea,,,,,grocery,corpus_sourashtradictionary
சென்னொ,cenno,பொட்டுக்கடலை,Fried Gram,,,,,grocery,corpus_sourashtradictionary
ஹுஜால் கச்சென்னொ,hujaal kaccenno,"கொண்டைக்கடலை, கொண்டக்கடலை",Chickpeas,,,,,grocery,corpus_sourashtradictionary
களொ கச்சென்னொ,kaLo kaccenno,கருப்பு கொண்டைக்கடலை,Black Chickpeas,,,,,grocery,corpus_sourashtradictionary
பு4ய்ஞ்சென்னொ,bhuynjcenno,"நிலக்கடலை, வேர்க்கடலை","Groundnut, Ground Nut, Peanut",,,,,grocery,corpus_sourashtradictionary
கென்னு,kennu,மொச்சை பயறு,White Lima Beans,,,,,grocery,corpus_sourashtradictionary
சொவ்ளொ,covLo,"தட்டாம் பயறு, சிவப்பு காராமணி","Red cowpea, Black-eyed pea",,,,,grocery,corpus_sourashtradictionary
தெ3ளி / தெ3ளெ பீட்,deLi / deLe peeT,கடலை மாவு,Gram flour,,,,,grocery,corpus_sourashtradictionary
கச்சென்னா பீட்,kaccennaa peeT,கடலை மாவு,Gram flour,,,,,grocery,corpus_sourashtradictionary
தேல்,tEl,எண்ணெய்,Oil,,,,,grocery,corpus_sourashtradictionary
சோட்தேல்,cOTtEl,நல்லெண்ணை,Gingerly Oil,,,,,grocery,corpus_sourashtradictionary
கட3லதேல்,kaDalatEl,கடலெண்ணெய்,Groundnut Oil,,,,,grocery,corpus_sourashtradictionary
நரெலுதூப்,narelutoop,தேங்காய் எண்ணெய்,Coconut oil,,,,,grocery,corpus_sourashtradictionary
நலர்தேல்,nalartEl,தேங்காய் எண்ணெய்,Coconut Oil,,,,,grocery,corpus_sourashtradictionary
அந்தெ3ம்,andem,விளக்கெண்ணெய்,Castor Oil,,,,,grocery,corpus_sourashtradictionary
கெஷன்,keshan,புண்ணாக்கு,Oil cake,,,,,grocery,corpus_sourashtradictionary
பேண்,pEN,புண்ணாக்கு,Oil cake,,,,,grocery,corpus_sourashtradictionary
க4னொ,ghano,எண்ணெய்ச் செக்கு,Oil Expeller,,,,,grocery,corpus_sourashtradictionary
பெண்க4னொ,peNghano,எண்ணெய்ச் செக்கு,Oil Expeller,,,,,grocery,corpus_sourashtradictionary
மீட்,meeT,உப்பு,Salt,,,,,grocery,corpus_sourashtradictionary
சீஸ்,cees,புளி,Tamarind,,,,,grocery,corpus_sourashtradictionary
ஸெக்கர்,sekkar,சர்க்கரை,Sugar,,,,,grocery,corpus_sourashtradictionary
ஸுரொ,suro,கற்கண்டு,White candy sugar,,,,,grocery,corpus_sourashtradictionary
கு3ள்ளு,guLLu,"கருப்பட்டி, வெல்லம்","Coconut palm sugar, Jaggery",,,,,grocery,corpus_sourashtradictionary
அச்சு கு3ள்ளு,accu guLLu,அச்சு வெல்லம்,Boxed Jaggery,,,,,grocery,corpus_sourashtradictionary
தாடி3 கு3ள்ளு,taaDi guLLu,பனை வெல்லம்,Palm Jaggery,,,,,grocery,corpus_sourashtradictionary
ஹிங்கு3,hinggu,பெருங்காயம்,Asafoetida,,,,,grocery,corpus_sourashtradictionary
ஜிரொ,jiro,சீரகம்,Cumin,,,,,grocery,corpus_sourashtradictionary
ம்ஹொடொ3ஜிரொ,mhoDojiro,பெருஞ்சீரகம்,Fennel,,,,,grocery,corpus_sourashtradictionary
ஈரு,eeru,பெருஞ்சீரகம்,Fennel,,,,,grocery,corpus_sourashtradictionary
பு2ம்பு,phumpu,சோம்பு,Anise,,,,,grocery,corpus_sourashtradictionary
மித்தி,mitti,வெந்தயம்,Fenugreek,,,,,grocery,corpus_sourashtradictionary
தீக்,teek,சிவப்பு மிளகாய்,Red chilli,,,,,grocery,corpus_sourashtradictionary
திக்னொ,tikno,சிவப்பு மிளகாய்,Red chilli,,,,,grocery,corpus_sourashtradictionary
தீள்,teeL,கருப்பு எள்ளு,Black sesame,,,,,grocery,corpus_sourashtradictionary
பீ2ள்,pheeL,வெள்ளை எள்ளு,White sesame seed,,,,,grocery,corpus_sourashtradictionary
குளித்,kuLit,கொள்ளு,Horse gram,,,,,grocery,corpus_sourashtradictionary
ம்ஹுரி,mhuri,கடுகு,Mustard,,,,,grocery,corpus_sourashtradictionary
மிரி,miri,மிளகு,Pepper,,,,,grocery,corpus_sourashtradictionary
ஹலத்,halat,மஞ்சள்,Turmeric,,,,,grocery,corpus_sourashtradictionary
தா4யி,dhaayi,"மல்லி, தனியா",Coriander seed,,,,,grocery,corpus_sourashtradictionary
த4னெ,dhane,"மல்லி, தனியா",Coriander seed,,,,,grocery,corpus_sourashtradictionary
சிங்க்3ளொ,cinggLo,முந்திரிப்பருப்பு,Cashew nut,,,,,grocery,corpus_sourashtradictionary
கிஸ்மிஸ்,kismis,உலர் திராட்சை,Raisin,,,,,grocery,corpus_sourashtradictionary
எளொ,eLo,ஏலக்காய்,Cardamom,,,,,grocery,corpus_sourashtradictionary
லொம்பூ2ல்,lomphool,கிராம்பு,Clove,,,,,grocery,corpus_sourashtradictionary
லவங்கொ3,lavanggo,லவங்கம்,Cinnamon,,,,,grocery,corpus_sourashtradictionary
ஸிகா3ய்,sigaay,சீயக்காய்,Shikakai Acacia,,,,,grocery,corpus_sourashtradictionary
ஶெர்கி,sserki,பருத்திக்கொட்டை,Cotton seed,,,,,grocery,corpus_sourashtradictionary
கு3லுகு3ஞ்ஜி,gulugunjji,குன்றிமணி,Rosary Pea,,,,,grocery,corpus_sourashtradictionary
ஸொண்டி / ஸொம்டி,soNTi / somTi,சுக்கு,Dried Ginger,,,,,grocery,corpus_sourashtradictionary
பிம்பள்,pimpaL,திப்பிலி,Long pepper,,,,,grocery,corpus_sourashtradictionary
ஜெஷ்டிமது,jeshTimatu,அதிமதுரம்,Licorice,,,,,grocery,corpus_sourashtradictionary
ராஸ்னு,raasnu,சித்தரத்தை,Lesser Galangal,,,,,grocery,corpus_sourashtradictionary
து3ம்ப3ராஷ்டு,dumbaraashTu,பேரரத்தை,Greater Galangal,,,,,grocery,corpus_sourashtradictionary
ஹெக3ண்,hegaN,வசம்பு,"Calamus, Sweet flag",,,,,grocery,corpus_sourashtradictionary
அக்ரார்,akraar,அக்கரகாரம்,Akarkara Root,,,,,grocery,corpus_sourashtradictionary
பாட2ஶாலொ,paaThassaalo,பள்ளிக்கூடம்,School,,,,,school,corpus_sourashtradictionary
ஹுரி,huri,பள்ளிக்கூடம்,School,,,,,school,corpus_sourashtradictionary
இந்து3,indu,பள்ளி,School,,,,,school,corpus_sourashtradictionary
பொள்டம்,poLTam,பள்ளிக்கூடம்,School,,,,,school,corpus_sourashtradictionary
ஹொள்டா ஹுரி,hoLTaa huri,திண்ணைப் பள்ளி,Veranda School,,,,,school,corpus_sourashtradictionary
பா3லஹுரி,baalahuri,பாலர் பள்ளி,Play / Pre Nursery School,,,,,school,corpus_sourashtradictionary
பில்லல்னு ஹுரி,pillalnu huri,மழலையர் பள்ளி,Kindergarten / Nursery School,,,,,school,corpus_sourashtradictionary
ஹர்ம்ப3 ஸ்தர் ஹுரி,harmba star huri,ஆரம்பநிலைப் பள்ளி,Elementary / Primary School,,,,,school,corpus_sourashtradictionary
மத்3ய ஸ்தர் ஹுரி,madya star huri,நடுநிலைப் பள்ளி,High School,,,,,school,corpus_sourashtradictionary
உஞ்சா ஸ்தர் ஹுரி,unjcaa star huri,மேல்நிலைப் பள்ளி,Higher Secondary School,,,,,school,corpus_sourashtradictionary
தந்த்ரஞான் வித்3யாலயொ,tantranjaan vidyaalayo,தொழில்நுட்பக் கல்லூரி,Polytechnique,,,,,school,corpus_sourashtradictionary
மஹா வித்3யாலயொ,mahaa vidyaalayo,கல்லூரி,College,,,,,school,corpus_sourashtradictionary
அபி4யாந்த்ரிக் வித்3யாலயொ,abhiyaantrik vidyaalayo,பொறியியல் கல்லூரி,Engineering College,,,,,school,corpus_sourashtradictionary
கலா & விஞான் வித்3யாலயொ,kalaa & vinjaan vidyaalayo,கலை & அறிவியல் கல்லூரி,Arts & Science College,,,,,school,corpus_sourashtradictionary
ஸர்வகலா வித்3யாலயொ,sarvakalaa vidyaalayo,பல்கலைக்கழகம்,University,,,,,school,corpus_sourashtradictionary
விஶ்வ வித்3யாலயொ,vissva vidyaalayo,பல்கலைக்கழகம்,University,,,,,school,corpus_sourashtradictionary
புஸ்தகஶாலொ,pustakassaalo,நூலகம்,Library,,,,,school,corpus_sourashtradictionary
வாசகஶாலொ,vaacakassaalo,நூலகம்,Library,,,,,school,corpus_sourashtradictionary
ஶிக்ஷகொ,ssikshako,ஆசிரியர்,Teacher,,,,,school,corpus_sourashtradictionary
ஒத்3தி3,oddi,ஆசிரியர்,Teacher,,,,,school,corpus_sourashtradictionary
வத்3தி3,vaddi,ஆசிரியர்,Teacher,,,,,school,corpus_sourashtradictionary
உபாத்4யாயொ,upaadhyaayo,ஆசிரியர்,Male teacher,,,,,school,corpus_sourashtradictionary
உபாத்4யாயி,upaadhyaayi,ஆசிரியை,Female teacher,,,,,school,corpus_sourashtradictionary
மஹா ஒத்3தி3,mahaa oddi,பேராசிரியர்,Professor,,,,,school,corpus_sourashtradictionary
ஶிக்ஷணொ,ssikshaNo,தனிப்போதனை,Tuition,,,,,school,corpus_sourashtradictionary
ஶிக்கட்3னி,ssikkaDni,கற்பித்தல்,"Teaching, Instruction",,,,,school,corpus_sourashtradictionary
அலக்3கொ3 ஶிக்கட்3னி,alaggo ssikkaDni,தனியாக கற்பித்தல்,Tuition,,,,,school,corpus_sourashtradictionary
ஶிக்3டொ3,ssigDo,கற்பவர்,"Learner, Student",,,,,school,corpus_sourashtradictionary
இக்லொ,iklo,மாணவர்,Student,,,,,school,corpus_sourashtradictionary
ஶிகார்,ssikaar,மாணவர்,Student,,,,,school,corpus_sourashtradictionary
மாணவ்,maaNav,மாணவர்,Student,,,,,school,corpus_sourashtradictionary
ஸுடபொ3ட்டொ,suTaboTTo,சீருடை,Uniform,,,,,school,corpus_sourashtradictionary
ஒண்ட்டே தா4னு,oNTTE dhaanu,ஒரேவிதமான,Uniform,,,,,school,corpus_sourashtradictionary
அவாரு,avaaru,தங்கும் விடுதி,Hostel,,,,,school,corpus_sourashtradictionary
ஈகு3,eegu,"கல்வி, படிப்பு","Education, Study",,,,,school,corpus_sourashtradictionary
இக3த்தெ,igatte,"கற்றல், படித்தல்","Learning, Reading",,,,,school,corpus_sourashtradictionary
இக3த்தெனு,igattenu,"கற்பவர், படிப்பவர்","Learner, Reader",,,,,school,corpus_sourashtradictionary
ஈவி,eevi,"பயிலு, படி",Study,,,,,school,corpus_sourashtradictionary
இக்லொ,iklo,"கற்பவர், மாணவன், மாணவி","Learner, Student",,,,,school,corpus_sourashtradictionary
சொவ்து3னாருன்,covdunaarun,மாணவர்கள்,Students,,,,,school,corpus_sourashtradictionary
வித்3யொ,vidyo,கல்வி,Education,,,,,school,corpus_sourashtradictionary
சொவ்து3,ceaavdu,"கல்வி, படிப்பு","Education, Study",,,,,school,corpus_sourashtradictionary
சொவ்து3தெ4ரெ,covdudhere,கல்விசார்,Educational,,,,,school,corpus_sourashtradictionary
ஞான்,njaan,அறிவு,Knowledge,,,,,school,corpus_sourashtradictionary
ஹொட்3வினி,hoDvini,வளர்த்தல் (அறிவு),Development,,,,,school,corpus_sourashtradictionary
ஒர்கு3,orgu,வகுப்பு,"Class, Grade",,,,,school,corpus_sourashtradictionary
வர்கு3,vargu,வகுப்பு,"Class, Grade",,,,,school,corpus_sourashtradictionary
வர்கு3 ஸிங்க3ய்த்,vargu singgayt,வகுப்புத் தோழன்,"Classmate, Class mate",,,,,school,corpus_sourashtradictionary
பட2ன்,paThan,பாடம்,Lesson,,,,,school,corpus_sourashtradictionary
க3த்3யொ,gadyo,உரை நடை,Prose,,,,,school,corpus_sourashtradictionary
பத்3யம்,padyam,செய்யுள்,Poetry,,,,,school,corpus_sourashtradictionary
கவிதொ,kavito,கவிதை,Poem,,,,,school,corpus_sourashtradictionary
படி2னி,paThini,"படித்தல், வாசித்தல்",Reading,,,,,school,corpus_sourashtradictionary
அர்த்து,arttu,பொருள்,Meaning,,,,,school,corpus_sourashtradictionary
அர்து2,arthu,பொருள்,Means,,,,,school,corpus_sourashtradictionary
அர்த்துந்ஹாத்த,arttunhaatta,பொருளற்ற,Meaningless,,,,,school,corpus_sourashtradictionary
குண்டு,kuNTu,பிழை,Error,,,,,school,corpus_sourashtradictionary
மொந்து,montu,பிழை,Error,,,,,school,corpus_sourashtradictionary
மித்தம,mittama,பிழையுள்ள,With Error,,,,,school,corpus_sourashtradictionary
திரிதம்,tiritam,திருத்தம்,"Correction, Debugging",,,,,school,corpus_sourashtradictionary
புஸாவ் / புஸ்னி,pusaav / pusni,கேள்வி,Question,,,,,school,corpus_sourashtradictionary
ஜவாப்3 / ஜவ்நி,javaab / javni,பதில்,Answer,,,,,school,corpus_sourashtradictionary
ஒங்கு,ongku,எண்,Number,,,,,school,corpus_sourashtradictionary
லிக்கினி,likkini,எழுத்து,Letter,,,,,school,corpus_sourashtradictionary
அக்ஷர்,akshar,எழுத்து,Letter,,,,,school,corpus_sourashtradictionary
ஜுடி3,juDi,சொல்,Word,,,,,school,corpus_sourashtradictionary
வத்தொ,vatto,சொல்,Word,,,,,school,corpus_sourashtradictionary
பங்தி,pangti,வரி,Line,,,,,school,corpus_sourashtradictionary
புடொ,puTo,பக்கம்,Page,,,,,school,corpus_sourashtradictionary
ஒஸொ,oso,பக்கம்,Page,,,,,school,corpus_sourashtradictionary
புஸ்தகு,pustaku,புத்தகம்,Book,,,,,school,corpus_sourashtradictionary
பொ3க்3கு,bogku,புத்தகம்,Book,,,,,school,corpus_sourashtradictionary
பொதி,poti,"புத்தகம், சிறு புத்தகம்","Book, Booklet",,,,,school,corpus_sourashtradictionary
பாட2க்ரமொ,paaThakramo,பாடத்திட்டங்கள்,Syllabus,,,,,school,corpus_sourashtradictionary
க்3ரந்து,grantu,"நூல், கட்டுரை","Book, Article",,,,,school,corpus_sourashtradictionary
பீடி2கொ,peeThiko,"முன்னுரை, முகவுரை","Preface, Preamble",,,,,school,corpus_sourashtradictionary
ஸூசிகொ,soociko,அட்டவணை,Index,,,,,school,corpus_sourashtradictionary
விஷய ஸூசிகொ,vishaya soociko,பொருளடக்கம்,Index,,,,,school,corpus_sourashtradictionary
விஷயம்,vishayam,தலைப்பு,Topic,,,,,school,corpus_sourashtradictionary
ஶீர்ஷக்,sseershak,தலைப்பு,"Title, Heading, Header",,,,,school,corpus_sourashtradictionary
அத்4யாயம்,adhyaayam,அத்தியாயம்,Chapter,,,,,school,corpus_sourashtradictionary
ரசனொ கெரத்தெ,racano keratte,இயற்றுதல்,Composing,,,,,school,corpus_sourashtradictionary
லேகு2,lEkhu,கடிதம்,Letter,,,,,school,corpus_sourashtradictionary
வத்தா ப4ந்தி3னி,vattaa bhandini,கட்டுரை,Composition,,,,,school,corpus_sourashtradictionary
அக்ஷர்ஸங்கி3,aksharsanggi,எழுத்தைச் சொல்,Spell,,,,,school,corpus_sourashtradictionary
வத்தாக்ஷர்னு,vattaaksharnu,வார்த்தையின் எழுத்துக்கள்,Spelling,,,,,school,corpus_sourashtradictionary
நிரஸ்து,nirastu,விரைவுமொழி,Pronounced hurriedly,,,,,school,corpus_sourashtradictionary
ஶிலா பொல்கொ,ssilaa polko,சிலேட்டுப் பலகை,Slate,,,,,school,corpus_sourashtradictionary
ஶிலா க2ட்டி,ssilaa khaTTi,"கல்குச்சி, பல்பம்",Slate Pencil,,,,,school,corpus_sourashtradictionary
கொட்னி,koTni,பல்பம்,Slate-pencil,,,,,school,corpus_sourashtradictionary
பௌ3லம்,baulam,"மாக்கல், பலப்பம், சிலேட்டுக் குச்சி","Slate rock, Slate pencil",,,,,school,corpus_sourashtradictionary
ஸை,sai,மை,Ink,,,,,school,corpus_sourashtradictionary
ஸைநிடி,sainiTi,மைக்கூடு,Ink bottle,,,,,school,corpus_sourashtradictionary
லிக்லாணி,liklaaNi,எழுத்தாணி,Iron Stylus,,,,,school,corpus_sourashtradictionary
ஸுரி,suri,எழுத்தாணி,Iron Stylus,,,,,school,corpus_sourashtradictionary
தாளு பான்,taaLu paan,பனை ஓலை,Palm leaf (used for writing),,,,,school,corpus_sourashtradictionary
தி3ன்சரி,dincari,குறிப்பேடு,Notebook,,,,,school,corpus_sourashtradictionary
ஸௌக்3ஞ,saugnja,குறிப்பு,Note,,,,,school,corpus_sourashtradictionary
லிக்லொ,liklo,பேனா,Pen,,,,,school,corpus_sourashtradictionary
பெய்னொ,peyno,பேனா,Pen,,,,,school,corpus_sourashtradictionary
சக3ரால்,cagaraal,கையெழுத்து,Signature,,,,,school,corpus_sourashtradictionary
ஹாதக்ஷர்,haatakshar,கையெழுத்து,Signature,,,,,school,corpus_sourashtradictionary
பெ3த்தம்,bettam,பிரம்பு,"Cane, Rattan",,,,,school,corpus_sourashtradictionary
து3மட்3,dumaD,பயிற்சி,"Exercise, Training, Practice",,,,,school,corpus_sourashtradictionary
அப்4யாஸ்,abhyaas,பயிற்சி,"Exercise, Training, Practice",,,,,school,corpus_sourashtradictionary
கெரிஸனி,kerisani,செய்முறை,"Practical, Recipe",,,,,school,corpus_sourashtradictionary
கெரிஸனி வர்ணனொ,kerisani varNano,செய்முறை விளக்கம்,Practical description,,,,,school,corpus_sourashtradictionary
கே4ரப்4யாஸ்,ghErabhyaas,வீட்டு பாடம்,Homework,,,,,school,corpus_sourashtradictionary
ஶேக்,ssEk,வகுப்பு வேலை,Class work,,,,,school,corpus_sourashtradictionary
மனனொ,manano,மனப்பாடம்,Memorization,,,,,school,corpus_sourashtradictionary
மனன கெரத்தெ,manana keratte,மனப்பாடம் செய்தல்,Memorising,,,,,school,corpus_sourashtradictionary
பன்து,pantu,போட்டி,Competition,,,,,school,corpus_sourashtradictionary
மந்து,mantu,போட்டி,Competition,,,,,school,corpus_sourashtradictionary
புரஸ்கார்,puraskaar,விருது,Award,,,,,school,corpus_sourashtradictionary
மம்பு,mampu,உதவித்தொகை,Stipend,,,,,school,corpus_sourashtradictionary
பரீக்ஷொ,pareeksho,பரிட்சை,Examination,,,,,school,corpus_sourashtradictionary
ஒத்தடி3 தொ2வ்னி,ottaDi thovni,"தள்ளி வைத்தல், விலக்கி வைத்தல்","Postpone, Debarment",,,,,school,corpus_sourashtradictionary
தொ3ப்3பி3 தொ2வ்னி,dobbi thovni,"தள்ளி வைத்தல், விலக்கி வைத்தல்","Postpone, Debarment",,,,,school,corpus_sourashtradictionary
லங்க3த்தெ,langgatte,"தேர்ச்சி பெறுதல், கடத்தல்","Pass, Cross",,,,,school,corpus_sourashtradictionary
ப்ரமாண்பத்ரொ,pramaaNpatro,சான்றிதழ்,Certificate,,,,,school,corpus_sourashtradictionary
ஜேமு,jEmu,பரிசு,"Gift, Reward, Prize",,,,,school,corpus_sourashtradictionary
த3ஸ்து,dastu,கட்டணம்,Fee,,,,,school,corpus_sourashtradictionary
வித்3யாவி,vidyaavi,"படித்தவர், நாவலர்",Educated,,,,,school,corpus_sourashtradictionary
கி3ரிடி3,giriDi,விளையாட்டு,"Game, Sports, Play",,,,,school,corpus_sourashtradictionary
கே2ள்,khEL,விளையாட்டு,"Game, Sports, Play",,,,,school,corpus_sourashtradictionary
ஸூத்ரம்,sootram,விதிமுறை,Formula,,,,,school,corpus_sourashtradictionary
சாலு,caalu,வரலாறு,History,,,,,school,corpus_sourashtradictionary
சரிதம்,caritam,வரலாறு,History,,,,,school,corpus_sourashtradictionary
சரித்ரு,caritru,வரலாறு,History,,,,,school,corpus_sourashtradictionary
ஶஸ்த்ர வித்3யொ,ssastra vidyo,ஆயுதப் படிப்பு,"Study of Arms, Weapons and Tools",,,,,school,corpus_sourashtradictionary
ஶாஸ்த்ர வித்3யொ,ssaastra vidyo,விஞ்ஞான படிப்பு,Study of Science,,,,,school,corpus_sourashtradictionary
ஸாஹித்யொ,saahityo,இலக்கியம்,Literature,,,,,school,corpus_sourashtradictionary
ரஸாயனொ,rasaayano,வேதியியல் பொருள்கள்,Chemicals,,,,,school,corpus_sourashtradictionary
ரஸஶாலொ,rasassaalo,ஆய்வகம்,Laboratory,,,,,school,corpus_sourashtradictionary
கலொ,kalo,"கலை, கலைகள்","Art, Arts",,,,,school,corpus_sourashtradictionary
விஞான்,vinjaan,அறிவியல்,Science,,,,,school,corpus_sourashtradictionary
க3ணித ஶாஸ்த்ரொ,gaNita ssaastro,"கணக்கியல், கணிதம்","Maths, Mathematics",,,,,school,corpus_sourashtradictionary
பௌ4திக ஶாஸ்த்ரொ,bhautika ssaastro,இயற்பியல்,Physics,,,,,school,corpus_sourashtradictionary
ரஸாயன ஶாஸ்த்ரொ,rasaayana ssaastro,வேதியியல்,Chemistry,,,,,school,corpus_sourashtradictionary
வனஸ்பதினு ஶாஸ்த்ரொ,vanaspatinu ssaastro,தாவரவியல்,Botony,,,,,school,corpus_sourashtradictionary
மூகு3னு ஶாஸ்த்ரொ,moogunu ssaastro,விலங்கியல்,Zoology,,,,,school,corpus_sourashtradictionary
ஜீவுனு ஶாஸ்த்ரொ,jeevunu ssaastro,உயிரியல்,Biology,,,,,school,corpus_sourashtradictionary
விவருனு ஶாஸ்த்ரொ,vivarunu ssaastro,தகவலியல்,Informatics,,,,,school,corpus_sourashtradictionary
ஜீவு விவருனு ஶாஸ்த்ரொ,jeevu vivarunu ssaastro,உயிர் தகவலியல்,Bioinformatics,,,,,school,corpus_sourashtradictionary
ஒடு3வம்,oDuvam,பூணூல் கல்யாணம்,Sacred thread wearing function,"ஒடு3வம் 5, 7, 9 ந்ஹீஜியெத் 11 ஒர்ஸும் கெரஸுன்","oDuvam 5, 7, 9 nheejiyet 11 orsum kerasun","உபநயனம் 5, 7, 9 அல்லது 11 வயதில் செய்யப்படுகிறது","Upanayanam is done at the age of 5, 7, 9 or 11 years",marriage,corpus_sourashtradictionary
ஜெஞ்ஜெம்,jenjjem,பூணூல்,Sacred thread,"ப4வள்னு, க்ஷத்ரியர்னு அங்கு3 வைஸ்யர்னு ஜெஞ்ஜெம் க4ல்லஸுன்","bhavaLnu, kshatriyarnu anggu vaisyarnu jenjjem ghallasun","பிராமணர்கள், க்ஷத்திரியர்கள் மற்றும் வைசியர்கள் பூணூல் அணிவார்கள்","Jenjam is worn by Brahmins, Kshatriyas and Vaisya",marriage,corpus_sourashtradictionary
ஸௌணால்,sauNaal,ஆவணி அவிட்டம்,Sacred thread Renewal Day,ஸௌணால் தி3 ஜெஞ்ஜெம் மர்ச்சிலி வேது3ன் அப்4யாஸ் கெர்னொ,sauNaal di jenjjem marccili vEdun abhyaas kerno,ஆவணி அவிட்டம் அன்று பூணூல் புதுப்பித்து வேதம் பயில வேண்டும்,"On Avani Avittam, Jenjem should be renewed and Veda should be practiced",marriage,corpus_sourashtradictionary
ப்ராமொபெ3ட்3கி,praamobeDki,காதலி,"Girlfriend, Lovergirl, Lover girl",தெனொ தொரெ ப்ராமொபெ3ட்கியா?,teno tore praamobeTkiyaa?,அவள் உன் காதலியா?,Is she your girlfriend?,marriage,corpus_sourashtradictionary
ப்ராமொபெ3ட்3கொ,praamobeDko,காதலன்,"Boyfriend, Loverboy, Lover boy",தெனொ அபுல் ப்ராமொபெ3ட்3காக் ஹொராட்3 கெர்லிஸ்,teno apul praamobeDkaak horaaD kerlis,அவள் தன் காதலனை மணந்தாள்,She married her lover boy,marriage,corpus_sourashtradictionary
ப்ரேமி,prEmi,"காதலன், காதலி","Lover, Darling, Loverboy, Lovergirl",தெனொ மொரெ ப்ரேமி,teno more prEmi,அவள் என் காதலி,She is my lover,marriage,corpus_sourashtradictionary
"ஜர்கெம் பான், பான்","jarkem paan, paan",ஜாதகம்,"Horoscope, Birth Chart",தெ2வ்டெ3தெனு ஜர்கெம் பான் ஸானாத்தக் ஹொராட்3 கெர்லஸுன்,thevDetenu jarkem paan saanaattak horaaD kerlasun,சிலர் ஜாதகம் பார்க்காமல் திருமணம் செய்து கொள்கின்றனர்,Some people get married without looking at horoscopes,marriage,corpus_sourashtradictionary
"செர்ச்சி ஸா, செர்ச்சி ஸவொ","cercci saa, cercci savo",பொருத்து,Match,பெ3ட்கா பெ3ட்கி பான் செர்ச்சி ஸா,beTkaa beTki paan cercci saa,பையன் மற்றும் பெண்ணின் ஜாதகங்களைப் பொருத்தவும்,Match horoscopes of boy and girl,marriage,corpus_sourashtradictionary
செர்னி,cerni,பொருத்தம்,"Match, Compatible",பான் செர்ர்ஹியெத் ஹொராட்3 கெர்லுவாய்,paan cerrhiyet horaaD kerluvaay,ஜாதகம் பொருத்தமாக இருந்தால் திருமணம் செய்து கொள்ளலாம்,"If the horoscopes are compatible, they can marry",marriage,corpus_sourashtradictionary
செர்னி ந்ஹினா,cerni nhinaa,பொருத்தமின்மை,"Mismatch, Incompatible",எல்லெ தீ3 பானுன் செர்னி ந்ஹீனாத்தெயொ,elle dee paanun cerni nheenaatteyo,இந்த இரண்டு ஜாதகங்களும் பொருத்தமற்றவை,Both these horoscopes are incompatible,marriage,corpus_sourashtradictionary
செரய்,ceray,பொருந்தும்,"Will match, Compatible, Applicable",எல்லெ தீ3 பானுன் செரய்,elle dee paanun ceray,இந்த இரண்டு ஜாதகங்களும் பொருந்தும்,Both these horoscopes are compatible,marriage,corpus_sourashtradictionary
செர்னா,cernaa,"பொருந்தாது, பொருத்தமின்மை","Will not match, Mismatch, Incompatible, Not applicable",எல்லெ தீ3 பானுன் செர்னா,elle dee paanun cernaa,"இந்த இரண்டு ஜாதகங்களும் பொருந்தாது,",These two horoscopes are incompatible,marriage,corpus_sourashtradictionary
செரத்திஸா,cerattisaa,பொருந்தக்கூடிய,"Compatible, Applicable, Apt",எல்லெ செரத்திஸா பானுன்,elle cerattisaa paanun,இவை பொருந்தக்கூடிய ஜாதகங்கள்,These are compatible horoscopes,marriage,corpus_sourashtradictionary
செர்னாத்திஸா,cernaattisaa,பொருந்தாத,"Incompatible, Not applicable",எல்லெ செர்னாத்திஸா பானுன்,elle cernaattisaa paanun,இவை பொருந்தாத ஜாதகங்கள்,These are incompatible horoscopes,marriage,corpus_sourashtradictionary
நிகு3,nigu,முடிவு,"Finalize, Confirm",கொனக்கி தெல்லெ பெ3ட்காக் பெ3ட்கி நிகு3 கெர்த்தியா,konakki telle beTkaak beTki nigu kerttiyaa,எப்படியோ அந்த பையனுக்கு பெண்ணை முடிவு செய்துவிட்டார்கள்,Somehow they finalised the girl for the boy,marriage,corpus_sourashtradictionary
கெ4ட்டிவிடொ3,gheTTiviDo,நிச்சயதார்த்தம்,"Betrothal, Engagement",கெ4ட்டிவிடொ3 ப2ராது ஹொராடு3க் உன்னொபொட3யொ 6 ம்ஹடொ3 ஹோயி,gheTTiviDo pharaatu horaaDuk unnopoDayo 6 mhaDo hOyi,நிச்சயதார்த்தத்திற்குப் பிறகு திருமணத்திற்கு குறைந்தது 6 மாதங்கள் ஆகும்,Marriage takes at least 6 months after engagement,marriage,corpus_sourashtradictionary
கெ4ட்டிகெரெ நொவ்ரொ,gheTTikere novro,வருங்கால கணவன்,"Fiance, Fiancé",தெனு மொரெ கெ4ட்டிகெரெ நொவ்ரொ,tenu more gheTTikere novro,அவர் என் வருங்கால கணவர்,He is my fiance,marriage,corpus_sourashtradictionary
கெ4ட்டிகெரெ நொவ்ரி,gheTTikere novri,வருங்கால மனைவி,"Fiancee, Fiancée",தெனு அபுல் கெ4ட்டிகெரெ நொவ்ரிக் ஒண்டெ முத்3தி3க் ஜேம் தி3யாஸி,tenu apul gheTTikere novrik oNTe muddik jEm diyaasi,அவர் தனது வருங்கால மனைவிக்கு ஒரு மோதிரத்தை பரிசளித்தார்,He gifted his fiance a ring,marriage,corpus_sourashtradictionary
தெ3வ்லய்,devlay,"திருமண சம்பந்தம், திருமண உறவு",Matrimonial relationship,அமி தெங்கொ3 ஸெரொ தெ3வ்லய் கெர்ல்ரியொ,ami tenggo sero devlay kerlriyo,நாங்கள் அவர்களுடன் திருமண சம்பந்தம் செய்துள்ளோம்,We have matrimonial relations with them,marriage,corpus_sourashtradictionary
தே3ஸ்ஹன்னவ்,dEshannav,ஒப்பு தாம்புலம்,Token Betrothal,பெ3ட்க கெரான் தே3ஸ்ஹன்னவ்கன் ரூ 51 தி3யாஸி,beTka keraan dEshannavkan roo 51 diyaasi,பையன் தரப்பில் ஒப்பு தாம்புலமாக ரூ.51 கொடுத்தார்கள்,They gave Rs 51 as Token Betrothel from the boy side,marriage,corpus_sourashtradictionary
தெ3வுகாஸ்,devukaas,திருமணத்திற்கு முன்தினம்,"Day before marriage, Eve of marriage",தெ3வுகாஸ் தெந்து3ஸ் அபுல் கொ4ம்மா தே3வ்தானுக் பாய்ஞ்பொட3ஸுன்,devukaas tendus apul ghommaa dEvtaanuk paaynjpoDasun,திருமணத்திற்கு முந்தைய நாள் தங்கள் வீட்டு தேவதைகளை வழிபடுகிறார்கள்,They worship their household deities on the eve of marriage,marriage,corpus_sourashtradictionary
பெரண்ட3ம்,peraNDam,சுமங்கலி பூஜை,Sumangali Puja,பெரண்ட3மு பாஞ்ஜு ஸுமங்க3லினுக் புஜொ கெரனு,peraNDamu paanjju sumanggalinuk pujo keranu,சுமங்கலி பிரார்த்தனையில் ஐந்து சுமங்கலிகளுக்கு பூஜை செய்வார்கள்,In Sumangali prayer five Sumangalis are worshiped,marriage,corpus_sourashtradictionary
பௌ4லாஸ்,bhaulaas,பரம்பரை பற்றி சொல்லுதல்,Lineage briefing,ஸௌராஷ்டிரர்னு ஹொராடு3ம் பௌ4லாஸ் ஸங்க3னு,sauraashTirarnu horaaDum bhaulaas sangganu,சௌராஷ்டிரர்கள் திருமணத்தில் பரம்பரை பற்றி சொல்வார்கள்,Saurashtras tell about lineage in marriage,marriage,corpus_sourashtradictionary
மஹால்,mahaal,மண்டபம்,"Hall, Auditorium",ஹொராடு3க் மஹால் வெக்கத்தெ ம்ஹொட்டொ காம்கன் ஸே,horaaDuk mahaal vekkatte mhoTTo kaamkan sE,கல்யாணத்திற்கு மண்டபம் தேடுவது பெரிய வேலையாக இருக்கிறது,Finding a wedding hall is a big task,marriage,corpus_sourashtradictionary
மொண்ட3வ்,moNDav,மண்டபம்,"Hall, Auditorium",ஹொராடு3 மொண்ட3வும் பாய்ஞ் தொ2வத்த முஸுனாத்த தூ3ருக் மூகொ3,horaaDu moNDavum paaynj thovatta musunaatta dooruk moogo,திருமண மண்டபத்தில் கால் வைக்க முடியாத அளவுக்கு கூட்டம்,The wedding hall was so crowded that it was impossible to set foot,marriage,corpus_sourashtradictionary
ஹொராடு3 மொண்ட3வ்,horaaDu moNDav,திருமண மண்டபம்,"Wedding hall, Marriage hall",எல்லெ ஹொராடு3 மொண்ட3வும் 500 தெனுன் பி3ஸத்தக் முஸை,elle horaaDu moNDavum 500 tenun bisattak musai,இந்த திருமண மண்டபத்தில் 500 பேர் அமர முடியும்,This wedding hall can seat 500 people,marriage,corpus_sourashtradictionary
மௌடொ3,mauDo,பந்தல்,Coconut leaf awning,மௌடொ3க் பொ3து3லு ஷாமியானா அவ்டி3யொ,mauDok bodulu shaamiyaanaa avDiyo,பந்தலுக்கு பதிலாக ஷாமியானா வந்துவிட்டது,Shamiyana has replaced coconut leaf awning,marriage,corpus_sourashtradictionary
தொரண்,toraN,தோரணம்,Leaf Hanging,மௌடா3ம் தொரண் லொம்ப3 ஸொட3ஸுன்,mauDaam toraN lomba soDasun,பந்தலில் தோரணத்தை தொங்கவிடுகிறார்கள்,They hang the Leaf Hanging on the awning,marriage,corpus_sourashtradictionary
கா2ம்பு3,khaambu,"தூண், கம்பம்","Pillar, Post",மௌடா3க் பொ3ங்கு3 கா2ம்பு3 ப்ரயோக்3 கெரஸுன்,mauDaak bonggu khaambu prayOg kerasun,பந்தலுக்கு மூங்கில் கம்புகளை பயன்படுத்துகிறார்கள்,They use Bamboo pillars for awnings,marriage,corpus_sourashtradictionary
பத்திரிக்கெ,pattirikke,அழைப்பிதழ்,Invitation,மாய்பா3புன் அபுல் ஒஸ்துனுக் பத்திரிக்கெ தொ2வி பொ3வஸுன்,maaybaapun apul ostunuk pattirikke thovi bovasun,பெற்றோர்கள் தங்கள் உறவினர்களை அழைப்பிதழுடன் அழைக்கிறார்கள்,Parents invite their relatives with invitation,marriage,corpus_sourashtradictionary
நொவ்ரொ,novro,மணமகன்,"Groom, Bridegroom",நொவ்ரொ நொவ்ரி கெ3லாம் பொ3ட்டு ப4ந்த3ராஸ்,novro novri gelaam boTTu bhandaraas,மணமகன் மணமகளின் கழுத்தில் தாலி கட்டுகிறார்,Groom ties the holy thread around the bride's neck,marriage,corpus_sourashtradictionary
நொவ்ரி,novri,மணமகள்,Bride,நொவ்ரி கொ3ண்ட்யாவ்ஹால் ஹாத் ஸிங்க3ல்ரிஸ்,novri goNTyaavhaal haat singgalris,மணமகள் மருதாணியால் கையை அலங்கரித்துள்ளாள்,The bride has adorned her hand with henna,marriage,corpus_sourashtradictionary
நஸ்தியான்,nastiyaan,மணமகனின் நண்பர்,Bridegroom's friend,நஸ்தியானுக் சொக்கட் கௌ3ஞ்சுலுவொ,nastiyaanuk cokkaT gaunjculuvo,மணமகனின் நண்பர்களை நன்றாக கவனித்துக் கொள்ளுங்கள்,Take good care of the groom's friends,marriage,corpus_sourashtradictionary
அட்பி,aTpi,மணப்பெண் தோழி,Bride's Friend,அட்பின் நொவ்ரிக் ஸிங்க3ர்லேத் ஹொத்3யாஸ்,aTpin novrik singgarlEt hodyaas,மணமகளின் தோழிகள் மணமகளை அலங்கரித்துக்கொண்டிருந்தனர்,The bride's friends were decorating the bride,marriage,corpus_sourashtradictionary
தொ3ரிம்பொ3ட்டு,dorimboTTu,தாலிக்கயிறு,"Holy Thread, Mangal Sutra",தொ3ரிம்பொ3ட்டு ஹொராட்3 ஹொயாத்தெகா3 லெக்ஷன்,dorimboTTu horaaD hoyaattegaa lekshan,தாலி திருமணம் ஆனதற்கான அடையாளமாகும்,The sacred thread is a symbol of marriage,marriage,corpus_sourashtradictionary
பாய்ஞ் மிஞ்ஜி,paaynj minjji,மெட்டி,Toe ring worn by married women,ஹொராட்3 ஹொயெ பெ3ய்லன் பாய்ஞிம் மிஞ்ஜி க4ல்லன்,horaaD hoye beylan paaynjim minjji ghallan,திருமணமான பெண்கள் காலில் மோதிரம் அணிவார்கள்,Married women wear rings on their feet,marriage,corpus_sourashtradictionary
தொ4ண்டொ3,dhoNDo,மேளம்,Drums,ஸுப4 காமுனுக் தொ4ண்டொ3 தெட்டஸுன்,subha kaamunuk dhoNDo teTTasun,சுப காரியங்களுக்கு மேளம் அடிக்கப்படுகிறது,Drums are played for auspicious activities,marriage,corpus_sourashtradictionary
நஸுரால்,nasuraal,"நாதஸ்வரம், நாகஸ்வரம்","Indian Wind Instrument, Nagaswaram, Nathaswaram",நஸுரால் பு2வத்தெ ஜு2க்குகன் த3ல்லானூஸ்,nasuraal phuvatte jhukkukan dallaanoos,நாதஸ்வரம் வாசிப்பது பெரும்பாலும் ஆண்கள்தான்,Nathswaram is mostly played by men,marriage,corpus_sourashtradictionary
கி4ங்கம்,ghingkam,"கைத்தளம், ஜால்ரா",Cymbal,ப4ஜன் கெரத்தெனு கி4ங்கம் தெட்டஸுன்,bhajan kerattenu ghingkam teTTasun,பஜனை செய்பவர்கள் ஜால்ரா இசைக்கின்றனர்,Those who perform bhajans play Cymbols,marriage,corpus_sourashtradictionary
ஹொராட்3,horaaD,திருமணம்,"Marriage, Wedding",ஹொராட்3 மெனரியொ 1000 ஒர்ஸு பீகு,horaaD menariyo 1000 orsu peeku,திருமணம் என்பது 1000 வருட பயிர்,Marriage is a 1000 year crop,marriage,corpus_sourashtradictionary
லெய்ன்,leyn,திருமணம்,"Marriage, Wedding",லெய்னு ஸௌளொ ஒண்டெ லெக்கு ருவாயிக் மெல்லொ அப்3ப3யி,leynu sauLo oNTe lekku ruvaayik mello abbayi,திருமணப் புடவைகள் ஒரு லட்சம் ரூபாய்க்கு கூட கிடைக்கும்,Wedding sarees are available for lakh rupees too,marriage,corpus_sourashtradictionary
லெகின்,lekin,திருமணம்,"Marriage, Wedding",லெகினு தெந்து3ஸ் அஸ்கி ஊகுனுக் மிளுவாயி,lekinu tendus aski uukunuk miLuvaayi,திருமணத்தன்று அனைத்து உறவினர்களையும் சந்திக்கலாம்,We can meet all the relatives on the day of marriage,marriage,corpus_sourashtradictionary
ஆஶிர்வாத்3,aassirvaad,ஆசிர்வாதம்,Blessings,அஸ்கிதெனு ஹொராட்3ஹொயெ த3ம்பதினுக் ஆஶிர்வாத்3 கெரராஸி,askitenu horaaDhoye dampatinuk aassirvaad keraraasi,அனைவரும் திருமணமான தம்பதிகளை ஆசீர்வதிக்கிறார்கள்,All bless the married couple,marriage,corpus_sourashtradictionary
ப3து3லொ,badulo,ஓம குண்டம்,Pit dug out in the ground for keeping sacrificial fire,ப3து3லாம் தூப் ஸொடி3 ஹோம் கெரஸுன்,badulaam toop soDi hOm kerasun,ஓம குண்டத்தில் நெய் ஊற்றி ஹோமம் நடத்தப்படுகிறது,Sacrifice is performed by pouring ghee in Oma Kund,marriage,corpus_sourashtradictionary
வர்த்து,varttu,"நலங்கு, நலுங்கு",Marriage ritual game - Coconut rolling,வர்த்து நொவ்ரா நொவ்ரினு கொஞ்சுதொ ஜவட3ஸு,varttu novraa novrinu konjcuto javaDasu,நலங்கு மணமகன் மணமகளின் வெட்கத்தை போக்குகிறது,Nalangu relieves the shyness of the Groom and bride,marriage,corpus_sourashtradictionary
ப4வனி,bhavani,ஊர்வலம்,Procession,உத்தர பா4ரது ஹொராடு3 ப4வனிம் நொவ்ரொ கொ4டொ3 ஹொல்லொ அவயி,uttara bhaaratu horaaDu bhavanim novro ghoDo hollo avayi,"வட இந்திய திருமண ஊர்வலத்தில், மாப்பிள்ளை குதிரையில் வருவார்","In North Indian wedding processions, the groom arrives on horseback",marriage,corpus_sourashtradictionary
சுட்டு,cuTTu,ஊர்வலம்,Procession,தே3வு சுட்டும் ஐஸ்துகின் முயி முது3ல்லொ அவயி,dEvu cuTTum aistukin muyi mudullo avayi,சாமி ஊர்வலத்தில் யானையும் ஒட்டகமும் முதலில் வரும்,Elephant and camel come first in Deity procession,marriage,corpus_sourashtradictionary
ஒராத் சுட்டு,oraat cuTTu,புதிய திருமண ஜோடியின் ஓரிரவு ஊர்வலம்,New wed couple's one night procession,நொவ்வொ த3ம்பதின் ஒராத் சுட்டும் ஸொவ்ரானுக் மிளஸுன்,novvo dampatin oraat cuTTum sovraanuk miLasun,புதுமணத் தம்பதிகள் ஓரிரவு ஊர்வலத்தில் உறவினர்களைச் சந்திக்கிறார்கள்,"The newlyweds meet relatives on a ""One night procession""",marriage,corpus_sourashtradictionary
மியாரொ,miyaaro,"சீர்வரிசை, சீதனம், முறை","Presents to a married girl, Method",மியாரொ ந்ஹாத்தொ கொன்னி ஹொராட்3 சல்னா,miyaaro nhaatto konni horaaD calnaa,சீர்வரிசை இல்லாமல் எந்த திருமணமும் நடக்காது,"No marriage takes place without ""Marriage presents""",marriage,corpus_sourashtradictionary
முஹூர்த்து,muhoorttu,"முஹூர்த்தம், நல்ல நேரம்",Auspicious Time,ஒண்டெ ம்ஹூர்த்து 90 நிமுஷ் லெந்து ர்ஹாயி,oNTe mhoorttu 90 nimush lentu rhaayi,ஒரு முஹூர்த்த நேரம் 90 நிமிடங்கள் வரை இருக்கும்,One auspicious time will be up to 90 minutes,marriage,corpus_sourashtradictionary
ர்ஹவென்,rhaven,விருந்தினராக தங்குதல்,Staying as a guest,மொரெ பெ3ய் ஹொல்ல வாரும் ர்ஹவென் அவன்,more bey holla vaarum rhaven avan,என் அக்கா அடுத்த வாரம் விருந்தினராக தங்குவார்,My sister will be staying as a guest next week,marriage,corpus_sourashtradictionary
பொ2வ்னொ,phovno,விருந்தாளி,Guest,தெ2வ்டெ3 பொ2வ்னான் கொ2ப்3பி3ம் சூக் ஸங்க3ன்,thevDe phovnaan khobbim cook sanggan,சில விருந்தினர்கள் எப்போதும் குறை சொல்வார்கள்,Some guests always complain,marriage,corpus_sourashtradictionary
ஜெமன்,jeman,விருந்து,"Feast, Party",ஜு2க்கு ஸௌராஷ்டிரர்னு ஹொராடு3 தீ3தி3 ஜெமன் ஸெந்தொ மட3ஸுன்,jhukku sauraashTirarnu horaaDu deedi jeman sento maDasun,பெரும்பாலான சௌராஷ்டிரர்கள் திருமணத்தை இரண்டு நாள் விருந்துகளுடன் கொண்டாடுகிறார்கள்,Most Sourashtrians celebrate the wedding with a two-day feast,marriage,corpus_sourashtradictionary
ஜொமன்,joman,விருந்து,"Feast, Party",ஜொமனு பிள்சார் சொக்கட் ருசிகன் ர்ஹாயி,jomanu piLcaar cokkaT rucikan rhaayi,விருந்து ரசம் மிகவும் சுவையாக இருக்கும்,The feast Rasam will be very tasty,marriage,corpus_sourashtradictionary
உஜ்ஜெமன்,ujjeman,சிறந்த விருந்து,Grand Feast,ருசிகன் ர்ஹியெத் தெல்லெ ஒண்டெ உஜ்ஜெமனூஸி,rucikan rhiyet telle oNTe ujjemanoosi,"சுவையாக இருந்தால், அது ஒரு சிறந்த விருந்து","If delicious, it is a grand feast",marriage,corpus_sourashtradictionary
ஸிஜ்ஜெமன்,sijjeman,எஞ்சியதை உண்பது,Eating leftover,து3ர்ப3ள்னுன் ஸிஜ்ஜெமன் கெரஸுன்,durbaLnun sijjeman kerasun,ஏழைகள் எஞ்சியதை சாப்பிடுகிறார்கள்,Poor people eat leftovers,marriage,corpus_sourashtradictionary
ஶிஞ்ஜெமன்,ssinjjeman,மீந்து போனதை உண்ணுதல்,Eating leftover food,ஶிஞ்ஜெமன் கெரத்தெ முது3ல்லா சா2ளி போ2ளு,ssinjjeman keratte mudullaa chaaLi phOLu,எஞ்சியதை உண்பது முற்பிறவியின் பலன்,Eating leftovers is the result of previous birth karma,marriage,corpus_sourashtradictionary
கென்னல்,kennal,மொய் பணம்,Marriage contribution (Cash),ஜு2க்கு பொ2வ்னான் கென்னல்கன் ஹன்னவ் தே3ஸுன்,jhukku phovnaan kennalkan hannav dEsun,பெரும்பாலான விருந்தினர்கள் திருமண பரிசாக பணம் கொடுக்கிறார்கள்,Most guests give money as a wedding gift,marriage,corpus_sourashtradictionary
ஶிக்3ரம்,ssigram,சீர் பாத்திரம்,Marriage gift (Utensil),அமி ஶிக்3ரம்கன் ருப்பா தெட்டொ தி3யாஸ்,ami ssigramkan ruppaa teTTo diyaas,நாங்கள் சீர் பாத்திரமாக வெள்ளி தட்டு கொடுத்தோம்,We gave a silver plate as a marriage gift,marriage,corpus_sourashtradictionary
விடொ3,viDo,தாம்பூலம்,"Paan, Betal leaf rolled with areca nuts, distributed at marriage function",விடொ3 ஸெரொ ஜேம் தே3த்தெ வட்கெ ஹொய்யொ,viDo sero jEm dEtte vaTke hoyyo,தாம்பூலத்துடன் பரிசு வழங்குவது வாடிக்கையாகிவிட்டது,A gift with the Vido has become routine,marriage,corpus_sourashtradictionary
சதுர்விடொ3,caturviTeaa,தாம்பூலம்,"Betel, areca nuts distributed at marriage function",சதுர்விடொ3 மெனத்தெ மொர்க்3யாத் தெ3க்கடத்தெயொ,caturviDo menatte morgyaat dekkaTatteyo,தாம்பூலம் என்பது மரியாதையைக் காட்டுவதாகும்,Chaturvidho is a show of respect,marriage,corpus_sourashtradictionary
ப2லார்,phalaar,இனிப்பு காரம் சீர்வரிசை,Sweets and Snacks offered after marriage,ஹொராடு3 ப2லார்கன் தெந்துலொகின் மைஸுர்பாக் தே3ஸுன்,horaaDu phalaarkan tentulokin maisurpaak dEsun,"திருமண சீராக முறுக்கும், மைசூர்பாகும் கொடுப்பார்கள்",Murukku and Mysorepak are given as part of marriage gift,marriage,corpus_sourashtradictionary
ஸம்போ4க3ம்,sambhOgam,உடலுறவு,Sexual intercourse,ஸம்போ4க3ம் மெனரியொ ஜித்ரவும் ஒண்டெ பா4கு3,sambhOgam menariyo jitravum oNTe bhaagu,உடலுறவு என்பது வாழ்க்கையின் ஒரு பகுதி,Intercourse is a part of life,marriage,corpus_sourashtradictionary
மைது2னம்,maithunam,உடலுறவு,Sexual intercourse,மைது2னம் தெ4ரி கொங்கிஜொவள் வத்தொ கெரஹோனா,maithunam dheri kongkijovaL vatto kerahOnaa,உடலுறவு பற்றி யாரிடமும் பேசக்கூடாது,Should never talk to anyone about intercourse,marriage,corpus_sourashtradictionary
மிள்னி,miLni,உடலுறவு,Sexual intercourse,மிள்னி தெ4ரி ஹுட3ப்பன்கொ வத்தொ கெரஹோனா,miLni dheri huDappanko vatto kerahOnaa,உறவை வெளிப்படையாக பேசக்கூடாது,Intercourse should not be spoken openly,marriage,corpus_sourashtradictionary
மொஸ்கொ,mosko,மசக்கை,Morning sickness,தெ2வ்டெ3 கெ4ர்பினுக் மொஸ்கொ லக3யி,thevDe gherpinuk mosko lagayi,சில கர்ப்பிணி தாய்மார்களுக்கு மசக்கை வரும்,Some expectant mothers get morning sickness,marriage,corpus_sourashtradictionary
கெ4வ்ரார்,ghevraar,கர்ப்பம்,Pregnancy,பெ3ய்லனுன் ரமாரமி 40 வாருன் கெ4வ்ரார் ர்ஹானு,beylanun ramaarami 40 vaarun ghevraar rhaanu,பெண்கள் கிட்டத்தட்ட 40 வாரங்கள் கர்ப்பம் இருப்பார்கள்,Women are pregnant for almost 40 weeks,marriage,corpus_sourashtradictionary
கெ4வ்ரரின்,ghevrarin,"சூலுற்ற பெண், கர்ப்பிணி பெண்","Pregnant lady, Pregnant woman",கெ4வ்ரரின் ஶிபாரிஸு கெரெ ஸொம்மர் வேன் பா4ர் பொட3ஹோனா,ghevrarin ssipaarisu kere sommar vEn bhaar poDahOnaa,கர்ப்பிணிப் பெண்கள் பரிந்துரைக்கப்பட்டதை விட அதிகம் எடை போடக்கூடாது,Pregnant women should not gain more weight than recommended,marriage,corpus_sourashtradictionary
கெ4ர்பின்,gherpin,"சூலுற்ற பெண், கர்ப்பிணி பெண்","Pregnant lady, Pregnant woman",கெ4ர்பினுக் அஸ்கிதெனு மொர்க்3யாத்கன் சல்த கெரராஸ்,gherpinuk askitenu morgyaatkan calta keraraas,கர்ப்பிணிப் பெண்ணை அனைவரும் மரியாதையுடன் நடத்துகிறார்கள்,Everyone treats a pregnant woman with respect,marriage,corpus_sourashtradictionary
பல்லினி,pallini,"சூலுற்ற பெண், கர்ப்பிணி பெண்","Pregnant lady, Pregnant woman",பல்லினி பா3தொ3 பல்லினிக் ஒண்டேஸ் களாய்,pallini baado pallinik oNTEs kaLaay,கர்ப்பிணிப் பெண்ணின் வலி கர்ப்பிணிகளுக்கு மட்டுமே தெரியும்,Only pregnant women know the pain of a pregnant woman,marriage,corpus_sourashtradictionary
க3ர்பி4ணீ,garbhiNee,"சூலுற்ற பெண், கர்ப்பிணி பெண்","Pregnant lady, Pregnant woman",க3ர்பி4ணீ வேன் ஸீஸொரி சலஸு,garbhiNee vEn seesori calasu,கர்ப்பிணிப் பெண் மிகவும் கவனமாக நடக்கிறாள்,A pregnant woman walks very carefully,marriage,corpus_sourashtradictionary
வெஸனி,vesani,ஐந்தாம் மாதம் கர்ப்பிணி செலுத்தும் நேர்த்திக்கடன்,Fullfilling Vow at the 5th month of Pregnancy,தெனொ பஞ்ச்வா ம்ஹடா3ம் வெஸனி கெரிஸி,teno panjcvaa mhaDaam vesani kerisi,கர்ப்பத்தின் 5 வது மாதத்தில் அவள் தனது நேர்த்திக்கடனை நிறைவேற்றினார்,She fulfilled her vow of prayer in the 5th month of pregnancy,marriage,corpus_sourashtradictionary
ஸாத் ம்ஹடொ3,saat mhaDo,சீமந்தம்,Baby Shower,ஸாத் ம்ஹடொ3 முஸல்லி கே4ர் பொ3ல்லி அவ்யாஸி,saat mhaDo musalli ghEr bolli avyaasi,வளைகாப்பு முடிந்து தாய் வீட்டிற்கு அழைத்து வந்தனர்,"After the baby shower, they brought her home",marriage,corpus_sourashtradictionary
கைனொ பி2ரட்3ணி,kaino phiraDNi,வளைகாப்பு,Baby shower,ஸாத் ம்ஹடா3 விஶேஷும் கெ4ர்பினுக் கைனொ பி2ரட3னு,saat mhaDaa vissEshum gherpinuk kaino phiraDanu,வளைகாப்பு நிகழ்ச்சியில் கர்ப்பிணிப் பெண்ணுக்கு வளையல் அணிவிப்பார்கள்,"In baby shower function, bangles are worn on pregnant women",marriage,corpus_sourashtradictionary
ஹொவ்டி பொ4வ்ரத்தெ,hovTi bhovratte,மடி நிரப்புதல்,Baby Shower / Godh Bharai,ஸாத் ம்ஹடா3 விஶேஷும் ஹொவ்டி3 பொ4வ்ரனு,saat mhaDaa vissEshum hovDi bhovranu,வளைகாப்பு நிகழ்ச்சியில் மடி நிரப்புவார்கள்,Godh bharai is done at baby shower function,marriage,corpus_sourashtradictionary
தொ4வ்லா ஜொமன்,dhovlaa joman,வளைகாப்புக்குப் பிறகு மாமியார் வீட்டார் கொடுக்கும் 5 நாள் விருந்து,5 day feast given by in-laws after baby shower,தொ4வ்லா ஜொமன் சொக்கட்3 விஶேஷ்கன் சலெஸி,dhovlaa joman cokkaD vissEshkan calesi,கொழுக்கட்டை விருந்து மிக சிறப்பாக நடந்தது,The pudding party went very well,marriage,corpus_sourashtradictionary
ஜர்க்யம்,jarkyam,பிரசவம்,"Delivery, Giving birth",கால் தெகொ3 ஸுகோ2ம்கன் ஜர்க்யம் ஹொய்யொ,kaal tego sukhOmkan jarkyam hoyyo,நேற்று அவளுக்கு சுகப்பிரசவம் ஆனது,She gave birth yesterday,marriage,corpus_sourashtradictionary
ப3ள்டின்,baLTin,"குழந்தைபெற்ற பெண், பிரசவத்த தாய்",Postnatal Mother,ப3ள்டின் அபுல் க2வ்னமு நிகொகன் ர்ஹனொ,baLTin apul khavnamu nikokan rhano,பிரசவத்த தாய் தனது உணவில் கவனமாக இருக்க வேண்டும்,Postnatal mother should be careful with her diet,marriage,corpus_sourashtradictionary
ஸுதி3 தொ2வ்லத்தெ,sudi thovlatte,கை சூப்புதல்,Thumb-sucking,ஜு2கு3 பில்லல்னுக் ஸுதி3 தொ2வ்லரியொ வட்கெ ர்ஹாயி,jhugu pillalnuk sudi thovlariyo vaTke rhaayi,நிறைய குழந்தைகளுக்கு கை சூப்பும் பழக்கம் இருக்கும்,Many children have a habit of Thumb-sucking,marriage,corpus_sourashtradictionary
ஸெட்டி,seTTi,பெயரிடும் விழா,Naming ceremony,ஸெட்டி விஶேஷும் அஸ்கி ஒஸ்துன் அவ்யாஸி,seTTi vissEshum aski ostun avyaasi,பெயர் சூட்டும் விழாவில் அனைத்து உறவினர்களும் வந்தனர்,All relatives attended the naming ceremony,marriage,corpus_sourashtradictionary
பள்ளொ,paLLo,தூளி,Cloth cradle,ந்ஹுரு பள்ளாம் நிஞ்ஜிரஸ்,nhuru paLLaam ninjjiras,குழந்தை தூளியில் தூங்குகிறது,The baby is sleeping in the cloth cradle,marriage,corpus_sourashtradictionary
ஹிந்த3லத்தெ,hindalatte,தூளி ஆட்டுதல்,Rock the cradle,பள்ளாக் ஹிந்த3லெத் பில்லொ நிஞ்ஜுல்ட3யி,paLLaak hindalet pillo ninjjulDayi,தூளியை ஆட்டினால் குழந்தை தூங்கிவிடும்,If we rock the cradle the baby falls asleep,marriage,corpus_sourashtradictionary
லாலி,laali,தாலாட்டு,Lullaby,துங்கொ3 லாலி க3வத்தக் களாய்யா?,tunggo laali gavattak kaLaayyaa?,உங்களுக்கு தாலாட்டுப் பாடத் தெரியுமா?,Do you know how to sing a lullaby?,marriage,corpus_sourashtradictionary
கொ4ணாம் கொ4ணி,ghoNaam ghoNi,தவழுதல்,Baby crawling,"நொவத்து ம்ஹடா3ம், பில்லல்னு கொ4ணாம் கொ4ணி க2ளஸு","novattu mhaDaam, pillalnu ghoNaam ghoNi khaLasu",ஒன்பதாவது மாதத்தில் குழந்தைகள் தவழும்,Babies crawl in the ninth month,marriage,corpus_sourashtradictionary
ஜொவள் ஹெட3த்தெ,jovaL heDatte,முடியிறக்குதல்,A ritual in which baby's hair near ear is offered to God,பில்லாக் ஒண்டெ ஒர்ஸு ஹோத்த வேள் ஜொவள் ஹெட்3யாஸி,pillaak oNTe orsu hOtta vEL jovaL heDyaasi,குழந்தைக்கு ஒரு வருடம் ஆனபோது முடியிறக்கப்பட்டது,The child's head was shaved when it was one year old,marriage,corpus_sourashtradictionary
கான் மிந்த3த்தெ,kaan mindatte,காது குத்துதல்,Ear piercing,பில்லாக் மமா மடி3ம் பி3ஸடி3 கான் மிந்த3னு,pillaak mamaa maDim bisaDi kaan mindanu,குழந்தையை தாய் மாமா மடியில் உட்கார வைத்து காது குத்துவார்கள்,The child is made to sit on the uncle's lap and the ear is pierced,marriage,corpus_sourashtradictionary
ஸேல்,sEl,"குறும்பு, சேஷ்டை",Mischief,ஸேல் கெர்னாத்த பில்லல்னு ஸேயா?,sEl kernaatta pillalnu sEyaa?,குறும்பு செய்யாத குழந்தை உண்டா?,Is there a child who has not done mischief?,marriage,corpus_sourashtradictionary
வொர்ஸு தி3ன்னு,vorsu dinnu,ஆண்டுவிழா,Anniversary,ஹிந்தொ3 தெங்கா3 பஞ்ச்வா ஹொராடு3 ஒர்ஸு தி3ன்னு,hindo tenggaa panjcvaa horaaDu orsu dinnu,இன்று அவரது 5வது திருமண ஆண்டுவிழா,Today is his 5th wedding anniversary,marriage,corpus_sourashtradictionary
பெத்தெ,pette,"தனிக்குடித்தனம், தனிக்குடும்பம்","Nuclear family, Seperate family",தெனு பெத்தெ ஜிவராஸி,tenu pette jivaraasi,அவர்கள் தனிக் குடும்பமாக வாழ்கிறார்கள்,They live as a separate family,marriage,corpus_sourashtradictionary
ஸாட்டு ஹொராட்3,saaTTu horaaD,"அறுபதாம் கல்யாணம், மணி விழா, ஷஷ்டியப்த பூர்த்தி",Wedding on 60th birthday,தெனு அபுல் மாய்பா3புக் ஸாட்டு ஹொராட்3 கெர்யாஸி,tenu apul maaybaapuk saaTTu horaaD keryaasi,அவர்கள் தங்கள் பெற்றோருக்கு அறுபதாம் கல்யாணத்தை நடத்தினார்கள்,They performed their parents' sixtieth wedding,marriage,corpus_sourashtradictionary
அஶீதி ஹொராட்3,asseeti horaaD,"எண்பதாம் கல்யாணம், அஶீதியப்த பூர்த்தி",Wedding on 80th birthday,தெனு அஶீதி ஹொராட்3 கெர்லியாஸி,tenu asseeti horaaD kerliyaasi,அவர்கள் எண்பதாம் கல்யாணம் செய்து கொண்டாடினர்,They celebrated their 80th wedding anniversary,marriage,corpus_sourashtradictionary
ஹொராட்3 துட்டினி,horaaD tuTTini,விவாகரத்து,Divorce,ந்ஹன்ன மல்லினி ஹொராட்3 துட்டினி லெந்து ஜேட3ஸு,nhanna mallini horaaD tuTTini lentu jEDasu,சிறிய சண்டை விவாகரத்து வரை சென்றுவிடுகிறது,Small quarrel leads to divorce,marriage,corpus_sourashtradictionary
ஜா2டு3னு பா4கு3ன்,jhaaDunu bhaagun,மர பாகங்கள்,Tree parts,,,,,tree-parts,corpus_sourashtradictionary
பொ4ணம்,bhoNam,பாகம்,Part,,,,,tree-parts,corpus_sourashtradictionary
வித்து,vittu,விதை,Seed,,,,,tree-parts,corpus_sourashtradictionary
ஈமு,eemu,விதை,Seed,,,,,tree-parts,corpus_sourashtradictionary
பீ3,bee,விதை,Seed,,,,,tree-parts,corpus_sourashtradictionary
பீ3க்3,beeg,விதை,Seed,,,,,tree-parts,corpus_sourashtradictionary
கச்சம்பா3 பீ3க்,kaccambaa beek,மாங்கொட்டை,Mango seed,,,,,tree-parts,corpus_sourashtradictionary
"சின்சிரி, சிஞ்ஜிரி","cinciri, cinjjiri",புளியங்கொட்டை,Tamarind Seed,,,,,tree-parts,corpus_sourashtradictionary
ஹப்பள்,happaL,பாக்கு,"Betel Nut, Arecanut",,,,,tree-parts,corpus_sourashtradictionary
தாளு பீ3ஜு,taaLu beeju,தென்னை விதை,Palmyra seed,,,,,tree-parts,corpus_sourashtradictionary
த3ல்லங்கு3,dallanggu,ஆண் பனைவிதை,Male palmyra seed,,,,,tree-parts,corpus_sourashtradictionary
ஸெர்கி,serki,பருத்தி விதை,Cotton seed,,,,,tree-parts,corpus_sourashtradictionary
கெளி,keLi,மொட்டு,Bud,,,,,tree-parts,corpus_sourashtradictionary
மொள்கொ,moLko,அரும்பு,Bud,,,,,tree-parts,corpus_sourashtradictionary
சிகு3ர்,cigur,முளை,Bud,,,,,tree-parts,corpus_sourashtradictionary
மூள்,mooL,வேர்,Root,,,,,tree-parts,corpus_sourashtradictionary
ஒடா3வுட3ல்,oDaavuDal,ஆலமர விழுது,Prop or Aerial roots of Banyan Tree,,,,,tree-parts,corpus_sourashtradictionary
கா2ல் ஜா2டு3,khaal jhaaDu,அடிமரம்,Tree bottom,,,,,tree-parts,corpus_sourashtradictionary
தே3ட்,dET,காம்பு,"Stem, Stalk",,,,,tree-parts,corpus_sourashtradictionary
தொண்மொ,toNmo,காம்பு,"Stem, Stalk",,,,,tree-parts,corpus_sourashtradictionary
ஒலொ,olo,கொழுந்து,Tender twig / shoot,,,,,tree-parts,corpus_sourashtradictionary
கெளின்,keLin,அரும்பு,Blossom,,,,,tree-parts,corpus_sourashtradictionary
பூ2ல்,phool,பூ,Flower,,,,,tree-parts,corpus_sourashtradictionary
புலத்தெ,pulatte,பூத்தல்,Blooming,,,,,tree-parts,corpus_sourashtradictionary
விஸிஞ்ஜினி,visinjjini,"மலர்தல், அரும்புதல்","Flowering, Blossoming",,,,,tree-parts,corpus_sourashtradictionary
கெளாபூ2ல்,keLaaphool,மனோரஞ்சிதம்,Ylang-ylang,,,,,tree-parts,corpus_sourashtradictionary
கின்ஸுபூ2ல்,kinsuphool,தாழம்பு,Screwpine,,,,,tree-parts,corpus_sourashtradictionary
மோது2பூ2ல்,mOthuphool,தாழம்பூ,Screw Pine,,,,,tree-parts,corpus_sourashtradictionary
கேது3,kEdu,"தாழை, தாழம்பூ",Screw Pine,,,,,tree-parts,corpus_sourashtradictionary
கு2ம்பா3பூல்,khumbaapool,தும்பைப்பூ,Leucas Aspera-Flower,,,,,tree-parts,corpus_sourashtradictionary
ஸொம்பெ,sompe,செண்பகம்,Champak flower,,,,,tree-parts,corpus_sourashtradictionary
வல்லரி,vallari,மலர்கொத்து,Bouquet,,,,,tree-parts,corpus_sourashtradictionary
கு3சொ,guco,பூங்கொத்து,"Bouquet, Bunch",,,,,tree-parts,corpus_sourashtradictionary
ரேக்,rEk,இதழ்,Petal,,,,,tree-parts,corpus_sourashtradictionary
நெரமு,neramu,நரம்பு,Vein,,,,,tree-parts,corpus_sourashtradictionary
பான்,paan,இலை,Leaf,,,,,tree-parts,corpus_sourashtradictionary
லீம்பான்,leempaan,வேப்ப இலை,Neem leaf,,,,,tree-parts,corpus_sourashtradictionary
நீம் பான்,neem paan,வேப்பிலை,Neem leaf,,,,,tree-parts,corpus_sourashtradictionary
குர்த்துபான்,kurttupaan,பனை ஓலை,Palm leaf,,,,,tree-parts,corpus_sourashtradictionary
தாளு பான்,taaLu paan,பனை ஓலை,Palm leaf,,,,,tree-parts,corpus_sourashtradictionary
ஶாகு2,ssaakhu,கிளை,"Branch, Bough, Bark",,,,,tree-parts,corpus_sourashtradictionary
ஸாகொ3,saago,கிளை,"Branch, Bough, Bark",,,,,tree-parts,corpus_sourashtradictionary
கொம்மொ,kommo,கிளை,Branch,,,,,tree-parts,corpus_sourashtradictionary
ருந்த3த்தெ,rundatte,கிளை விட்டு பரவுதல்,Branch spread,,,,,tree-parts,corpus_sourashtradictionary
ஜா2டு3 பொட்டொ,jhaaDu poTTo,மரப்பட்டை,Bark,,,,,tree-parts,corpus_sourashtradictionary
ஶிபு,ssipu,மரத்தண்டு,Tree trunk,,,,,tree-parts,corpus_sourashtradictionary
கோ2ஸ்,khOs,"மரத்தின் அடிப்பாகம், அடிக்கட்டை",Stump,,,,,tree-parts,corpus_sourashtradictionary
கீ4ர்,gheer,ஆழமாக,Deep,,,,,tree-parts,corpus_sourashtradictionary
மூஸ்,moos,அடிப்பாகம்,Bottom,,,,,tree-parts,corpus_sourashtradictionary
தோஸ்,tOs,உச்சி,Top,,,,,tree-parts,corpus_sourashtradictionary
சுப்டொ,cupTo,பருத்தி / பஞ்சு,Cotton,,,,,tree-parts,corpus_sourashtradictionary
"கபுஸ், கபு3ஸ்","kapus, kabus",பஞ்சு,Cotton,,,,,tree-parts,corpus_sourashtradictionary
சந்தி3,candi,இலவம் பஞ்சு,Silk Cotton,,,,,tree-parts,corpus_sourashtradictionary
பு3ஸ்கொ,busko,கழிவு நூல்,Waste yarn,,,,,tree-parts,corpus_sourashtradictionary
பு3ஸொ,buso,மேல் ஓடு,Shell,,,,,tree-parts,corpus_sourashtradictionary
கேலு தோமு,kElu tOmu,வாழைக்குலை,Banana Bunch,,,,,tree-parts,corpus_sourashtradictionary
நரெளு தோமு,nareLu tOmu,தென்னம்பாளை,Coconut flower,,,,,tree-parts,corpus_sourashtradictionary
மொட்டொ,moTTo,தென்னை மட்டை,"Coconut bat, Petiole",,,,,tree-parts,corpus_sourashtradictionary
பே2பு,phEpu,தென்னை மட்டை,"Coconut bat, Petiole",,,,,tree-parts,corpus_sourashtradictionary
பே2வு,phEvu,தென்னம்பாளை மடல்,Coconut flower spathe,,,,,tree-parts,corpus_sourashtradictionary
கு2ரி,khuri,தேங்காய் ஓடு,Coconut shell,,,,,tree-parts,corpus_sourashtradictionary
வாலு,vaalu,தேங்காய் மட்டை,Coconut husk,,,,,tree-parts,corpus_sourashtradictionary
கௌனல் பனி,kaunal pani,இளநீர் தண்ணீர்,Tender Coconut water,,,,,tree-parts,corpus_sourashtradictionary
நரெளு பே2பு,nareLu phEpu,தேங்காய் மட்டை,Coconut husk,,,,,tree-parts,corpus_sourashtradictionary
நரெள்பெ3ளொ,nareLbeLo,தேங்காய் பருப்பு,Coconut Fruit,,,,,tree-parts,corpus_sourashtradictionary
நரெளு கோரு,nareLu kOru,தென்னை நாற்று,Coconut seedling,,,,,tree-parts,corpus_sourashtradictionary
நரெளு கோ4லு,nareLu ghOlu,தென்னங்குலை,Bunch of coconuts,,,,,tree-parts,corpus_sourashtradictionary
மோகு,mOku,தென்னை நாற்று,Coconut sapling,,,,,tree-parts,corpus_sourashtradictionary
தே4கு,dhEku,தென்னங்கன்று,Coconut seedling,,,,,tree-parts,corpus_sourashtradictionary
தா4ரு,dhaaru,தென்னை அரும்பு,Coconut bud,,,,,tree-parts,corpus_sourashtradictionary
காண்டு3,kaaNDu,இலைத் தண்டு,"Rachis, Stem of a leaf",,,,,tree-parts,corpus_sourashtradictionary
பருடொ3,paruDo,தென்னை ஓலை,Coconut fronds,,,,,tree-parts,corpus_sourashtradictionary
பருண்டொ3,paruNDo,பின்னிய தென்னை ஓலை,Woven coconut leaves,,,,,tree-parts,corpus_sourashtradictionary
பரண்டொ3,paraNDo,தென்னங்கீற்று,Dried Coconut Leaf,,,,,tree-parts,corpus_sourashtradictionary
சே2வு,chEvu,பின்னிய தென்னை ஓலை,Woven coconut leaves,,,,,tree-parts,corpus_sourashtradictionary
பூ3ர்,boor,ஓலைக்கயிறு,Palm leaf rope,,,,,tree-parts,corpus_sourashtradictionary
கோ3ன்,gOn,தேங்காய் நார்,Coir,,,,,tree-parts,corpus_sourashtradictionary
தேமு,tEmu,நீரா பானம்,Coconut sap,,,,,tree-parts,corpus_sourashtradictionary
ஶெக்கெ,ssekke,கழிவு நார்,Waste fibre,,,,,tree-parts,corpus_sourashtradictionary
பி2ப்பி,phippi,தூசி துகள்கள்,Dust particles,,,,,tree-parts,corpus_sourashtradictionary
வ்ருத்3தி3,vruddi,வளருதல்,Growing up,,,,,tree-parts,corpus_sourashtradictionary
அளொ,aLo,பாத்தி,Garden plot,,,,,tree-parts,corpus_sourashtradictionary
க2டொ,khaTo,முள்,Thorn,,,,,tree-parts,corpus_sourashtradictionary
பொல்கொ,polko,"மரக்கட்டை, பலகை","Wood, Board",,,,,tree-parts,corpus_sourashtradictionary
து4ம்டொ,dhumTo,"மரக்கட்டை, தடி","Wood, Staff, Stick",,,,,tree-parts,corpus_sourashtradictionary
கெட்டெ,keTTe,கட்டை,Stick,,,,,tree-parts,corpus_sourashtradictionary
ஜிட்3டு3,jiDDu,பிசின்,Resin,,,,,tree-parts,corpus_sourashtradictionary
லைரஸ்,lairas,முளைத்துள்ளன,Germinated,,,,,tree-parts,corpus_sourashtradictionary
ஶிரத்தெ,ssiratte,உதிர்தல்,Shedding,,,,,tree-parts,corpus_sourashtradictionary
லலத்தெ,lalatte,உதிர்தல்,Shedding,,,,,tree-parts,corpus_sourashtradictionary
ஜுணன் நிகுலை,juNan nikulai,காய்க்கத்தொடங்கும்,Starts bearing fruit,,,,,tree-parts,corpus_sourashtradictionary
கைலொ லைனா,kailo lainaa,காய் காய்க்காது,Will not yield fruit,,,,,tree-parts,corpus_sourashtradictionary
நீடொ3,neeDo,நிழல்,Shadow,,,,,tree-parts,corpus_sourashtradictionary
சை2லொ,chailo,நிழல்,Shadow,,,,,tree-parts,corpus_sourashtradictionary
முர்க்3யம் கே2ஸ்,murgyam khEs,சவுரிமுடி,Wig made of human hair,பெ3ய்லன் முர்க்3யம் கே2ஸுக் வெணி ஸெரொ ப4ந்து3லஸுன்,beylan murgyam khEsuk veNi sero bhandulasun,பெண்கள் சவுரி முடியை ஜடையுடன் பின்னுவார்கள்,Women wear the wig hair with braids,ornament,corpus_sourashtradictionary
குச்சு,kuccu,குஞ்சம்,"Tassel, A decorative item like a cloth ball",வெணி கொனாம் குச்சு ப4ந்து3லனு,veNi konaam kuccu bhandulanu,பின்னலின் முனையில் குஞ்சம் கட்டிக்கொள்வார்கள்,A tassel is tied at the end of the braid,ornament,corpus_sourashtradictionary
பூ4ஷொ,bhoosho,நகை,"Jewel, Jewelry",எல்லெ சித்ரு மொரெ செர்ச்சினிம் பூ4ஷனொ,elle citru more cerccinim bhooshano,இந்த ஓவியம் என் சேகரிப்பின் நகை,This painting is the jewel of my collection,ornament,corpus_sourashtradictionary
ஸொம்மு,sommu,நகை,"Jewel, Jewelry",மென்க்யான் ஸொம்முனுக் மெனி ஜு2க்கு ஹன்னவ் வேஸ் கெரராஸ்,menkyaan sommunuk meni jhukku hannav vEs keraraas,மக்கள் நகைகளுக்காக நிறைய பணம் செலவழிக்கிறார்கள்,People spend lot of money on jewels,ornament,corpus_sourashtradictionary
பூ4ஸுன்,bhoosun,"பூஷணம், ஆபரணம்","Ornament, Jewelry",பூ4ஸுன் கௌதுக் வேன் கெரஸு,bhoosun kautuk vEn kerasu,நகைகள் அழகை கூட்டுகிறது,Jewelry adds beauty,ornament,corpus_sourashtradictionary
ஆப4ரணொ,aabharaNo,"பூஷணம், ஆபரணம்","Ornament, Jewelry",பெ3ய்லன் ஆப4ரணொ க4ல்லிகின் விஶேஷுக் அவனு,beylan aabharaNo ghallikin vissEshuk avanu,பெண்கள் நகை அணிந்து விழாவுக்கு வருவார்கள்,Women come to the function wearing jewelry,ornament,corpus_sourashtradictionary
ஜெட்3பு3ளொ,jeDbuLo,"ராக்கொடி, ஜடை பில்லை, ஜடை வில்லை",Bridal Hair Jewelry,தொ3ஸ்காம் பஸ்கட் ஜெட்3பு3ளொ தொ2வன்,doskaam paskaT jeDbuLo thovan,தலையின் பின்புறத்தில் ஜடை வில்லை வைப்பார்கள்,The jedbulo is placed at the back of the head,ornament,corpus_sourashtradictionary
தொரன்,toran,ராக்கொடி தொங்கல்,Hair Brooch Clip,தொரன் பா4ங்கு3 ஹொல்லொ தகன்,toran bhaanggu hollo takan,ராக்கொடி மாட்டல் வகிட்டின் மேல் போடப்படும் நகை ஆகும்,Thoran is an ornament placed on the hair parting,ornament,corpus_sourashtradictionary
ஸுரிது பி3ந்து3,suritu bindu,சூரிய பிறை,Sun shaped hair jewel,ஸுரிது பி3ந்து3 தொ3ஸ்காக் ஜைனொ பொகட் தொ2வன்,suritu bindu doskaak jaino pokaT thovan,சூரிய பிறை நகையை தலையின் வலது பக்கம் வைப்பார்கள்,Sun jewel is placed on the right side of the head,ornament,corpus_sourashtradictionary
செந்தா3மு பி3ந்து3,cendaamu bindu,சந்திர பிறை,Moon crescent shaped hair jewel,செந்தா3மு பி3ந்து3 தொ3ஸ்காக் தை3ரொ பொகட் தொ2வன்,cendaamu bindu doskaak dairo pokaT thovan,சந்திர பிறை நகையை தலையின் இடது பக்கம் வைப்பார்கள்,A crescent moon necklace is placed on the left side of the head,ornament,corpus_sourashtradictionary
பி3ந்தி3,bindi,பொட்டு,Beauty mark,கபா3ல்டு3 ம்ஹத்3தி3 தொ2வரியொ பி3ந்தி3 ஹிந்து3 தெ4ருமு லெக்ஷன்,kabaalDu mhaddi thovariyo bindi hindu dherumu lekshan,நெற்றியின் மையத்தில் வைக்கப்படும் பொட்டு இந்து மதத்தின் சின்னம்,Bindi placed in the center of the forehead is a symbol of Hinduism,ornament,corpus_sourashtradictionary
பிம்ப3ளம்,pimbaLam,"நெத்திச்சுட்டி, நெற்றிச்சுட்டி",Forehead Jewel,பிம்ப3ளம் மெனரியொ கபா3ல்டு3ர் லொம்ப3ரியொ ஸொம்மு,pimbaLam menariyo kabaalDur lombariyo sommu,நெத்திச்சுட்டி என்பது நெற்றியில் தொங்கும் நகை,Pimbalam is a jewel that hangs on the forehead,ornament,corpus_sourashtradictionary
மிர்கான்,mirkaan,காது மாட்டல்,Side Ear chain,மிர்கான் மெனரியொ கானும் ஸொவ்ண்டல்லரியொ ஸொம்மு,mirkaan menariyo kaanum sovNTallariyo sommu,காது மாட்டல் என்பது காதுகளில் மாட்டிக்கொள்ளும் நகை,Mirkan is a jewelry worn over the ears,ornament,corpus_sourashtradictionary
தவ்னட்,tavnaT,"கம்மல், காதணி","Ear Stud, Earring",அஸ்கி பெ3ய்ல்மெனின் தவ்னட் க4ல்லனு,aski beylmenin tavnaT ghallanu,அனைத்து பெண்களும் காதணிகளை அணிவார்கள்,All girls wear earrings,ornament,corpus_sourashtradictionary
தர்மட்3,tarmaD,தோடு,"Ear Stud, Earring",தர்மட்3 ஜு2கு3 ரூபுனும் அப்3ப3ரஸி,tarmaD jhugu roopunum abbarasi,பல்வேறு வடிவமைப்புகளில் காதணிகள் கிடைக்கின்றன,Earrings are available in various designs,ornament,corpus_sourashtradictionary
ஸொரெ,sore,கம்மல் தண்டு,Stud's stem,"தவ்னடு ஸொரெ தெ3ள்கொ ர்ஹியெத், தெல்லெ தய்லத்த வேள் து3க்காயி","tavnaTu sore deLko rhiyet, telle taylatta vEL dukkaayi","கம்மல் தண்டு பெரியதாக இருந்தால், அதை அணியும் போது வலி ஏற்படும்","If the shaft of the stud is too big, it will be painful to wear it",ornament,corpus_sourashtradictionary
பி3ல்லொ,billo,கம்மல் வில்லை,Washer,பி3ல்லொ தவ்னடுக் கெ4ட்டி தெ3ல்லஸு,billo tavnaTuk gheTTi dellasu,வாஷர் காதணியை இறுக்கமாகப் பிடிக்கிறது,The washer holds the earring tightly,ornament,corpus_sourashtradictionary
திர்க்கணி,tirkkaNi,திருகாணி,Stud's screw,தவ்னட் தி4ல்லொ பொட்னாத்தக் ர்ஹாத்தொ திர்க்கணி நுக3ஸு,tavnaT dhillo poTnaattak rhaatto tirkkaNi nugasu,காதணிகள் தளர்ந்துவிடாமல் இருக்க திருகாணி பயன்படுத்தப்படுகிறது,Screw is used to keep the earrings from loosening,ornament,corpus_sourashtradictionary
ஸாலு குந்த3ளம்,saalu kundaLam,குழந்தைகள் அணியும் கம்மல்,Ear Stud worn by Kids,பில்லல்னு கானும் ஸாலு குந்த3ளம் க4லனு,pillalnu kaanum saalu kundaLam ghalanu,குழந்தையின் காதில் சிறிய கம்மலை அணிவிப்பார்கள்,A small earrings is worn in the child's ear,ornament,corpus_sourashtradictionary
குந்த3ளம்,kundaLam,பெண்கள் அணியும் கம்மல்,Ear Stud worn by Women,ஒந்துனுன் குந்த3ளம் க4ல்லனு,ontunun kundaLam ghallanu,பெண்கள் கம்மல் அணிவார்கள்,Women wear Kundalam in ther ear,ornament,corpus_sourashtradictionary
பொங்கு3ளொ,pongguLo,ஆண்கள் அணியும் கடுக்கன்,Ear Stud worn by Men,த3ல்லமெனின் கானும் பொங்கு3ளொ தய்லனு,dallamenin kaanum pongguLo taylanu,ஆண்கள் காதில் கடுக்கன் அணிவார்கள்,Men wear Pongulo in the ear,ornament,corpus_sourashtradictionary
ஜு2ங்கள்,jhungkaL,ஜிமிக்கி,Fancy Ear drops,ஜு2ங்கள் ஸ்த்ரீனு ஸிங்க்3யார் வேன் கெரயி,jhungkaL streenu singgyaar vEn kerayi,ஜிமிக்கிகள் பெண்களின் அழகை அதிகரிக்கும்,Fancy earrings enhance the beauty of women,ornament,corpus_sourashtradictionary
நாகுதளொ,naakutaLo,மூக்குத்தி,Nose Stud,அளின் ஜைனொ நாகு3ம் வஜ்ஜிரு நாகுதளொ க4ல்லனு,aLin jaino naagum vajjiru naakutaLo ghallanu,பெண்கள் வலது மூக்கில் வைர மூக்குத்தி அணிவார்கள்,Women wear a diamond nose ring on the right nose,ornament,corpus_sourashtradictionary
முக்குர்,mukkur,முக்கோண மூக்குத்தி,Old fashioned Nose Stud,முக்குர் ஒண்டெ கலமு நாவ்பொட3யொகன் ஹொதெ3ஸ்,mukkur oNTe kalamu naavpoDayokan hodes,முக்கோண மூக்குத்தி ஒரு காலத்தில் பிரபலமாக இருந்தது,Triangular nosering was popular once,ornament,corpus_sourashtradictionary
பி3ல்லாக்கு,billaakku,மூக்கணி,Nose Pendant,பி3ல்லாக்கு க4ல்லத்தெ ஹிந்தா3 ரீதி,billaakku ghallatte hindaa reeti,மூக்கணி அணிவது இன்றைய பாணி,Wearing nose pendant is style these days,ornament,corpus_sourashtradictionary
பே3ஸ்திரி,bEstiri,பேசரி / மூக்கொட்டி,Nose Stud,ஒர்ஸுஹொயெ பெ3ய்ல்மெனின் தீ3 நாகு3ம் பே3ஸ்திரி க4ல்லி ர்ஹானு,orsuhoye beylmenin dee naagum bEstiri ghalli rhaanu,வயதான பெண்கள் இரு மூக்கிலும் பேசரி அணிந்திருப்பார்கள்,Older women wear Baesthiri on both noses,ornament,corpus_sourashtradictionary
கெ3ஜ்ஜெல்,gejjel,அட்டிகை / கல்சரம்,Necklace,கெ3ஜ்ஜெல் மெனரியொ கெ3லா ஸெர்மான் ர்ஹாத்திஸா ஆபரணொ,gejjel menariyo gelaa sermaan rhaattisaa aaparaNo,அட்டிகை என்பது கழுத்தை ஒட்டி இருக்கும் ஆபரணம்,A necklace is an ornament around the neck,ornament,corpus_sourashtradictionary
அட்3க்3யல்,aDgyal,அட்டிகை / பொற்சரம்,Necklace,ஹொராடு3 விஶேஷுக் ஜு2கு3 பெ3ய்ல்மெனின் அட்3க்3யல் க4ல்லனு,horaaDu vissEshuk jhugu beylmenin aDgyal ghallanu,திருமண விழாவிற்கு பல பெண்கள் அட்டிகை அணிவார்கள்,Many women wear necklace for wedding ceremony,ornament,corpus_sourashtradictionary
தெ3ண்டொ3,deNDo,தங்கச் சங்கிலி,Chain,த3ல்லமெனின் மெல்லொ ஸொர்ணு தெ3ண்டொ3 க4ல்லனு,dallamenin mello sorNu deNDo ghallanu,ஆண்களும் தங்கச் சங்கிலிகளை அணிவார்கள்,Men also wear gold chains,ornament,corpus_sourashtradictionary
ஸரட்3,saraD,சிவப்புக்கல் சங்கிலி,Chain with red stone,ஸரட்3 தொ2வெ தெ3ண்டொ3 ஜு2க்கு நாவ் பொட3யொ,saraD thove deNDo jhukku naav poDayo,சிவப்பு கல் கொண்ட சங்கிலி மிகவும் பிரபலமானது,The chain with red stone is very popular,ornament,corpus_sourashtradictionary
ஹாரம்,haaram,தங்கமாலை,Golden garland,ஹாரம் தெ3ண்டொ3 ஸொம்மர் லம்பொ3கின் பா4ர்கன் ர்ஹாயி,haaram deNDo sommar lambokin bhaarkan rhaayi,தங்கமாலை சங்கிலியை விட நீளமாக மற்றும் கனமாக இருக்கும்,A golden garland is longer and heavier than chain,ornament,corpus_sourashtradictionary
வங்கி3,vanggi,மேல் புஜ அணி / கொந்திக்காய்,Gold upper armband,வங்கி3 மெனரியொ கொ2பா3க் உஞ்சொ க4ல்லத்திஸா ஸொம்மு,vanggi menariyo khobaak unjco ghallattisaa sommu,கொந்திக்காய் என்பது முழங்கைக்கு மேல் பெண்கள் அணியும் நகை,Vangi is a jewelery worn by women above the elbow,ornament,corpus_sourashtradictionary
நமுத்து,namuttu,கீழ் புஜ அணி,Gold lower armband,நமுத்து மெனரியொ கொ2பா3க் க2ல்லொ க4ல்லத்திஸா ஸொம்மு,namuttu menariyo khobaak khallo ghallattisaa sommu,நமுத்து என்பது முழங்கைக்கு கீழே பெண்கள் அணியும் ஒரு வகை நகை,Namuththu is a jewelery worn by women above the elbow,ornament,corpus_sourashtradictionary
கைனொ,kaino,வளையல்,Bangles,பிஸ்னி கைனான் ல்ஹெகூ3வரும் பு2ட்டை,pisni kainaan lhegoovarum phuTTai,பிளாஸ்டிக் வளையல்கள் எளிதில் உடையும்,Plastic bangles break easily,ornament,corpus_sourashtradictionary
கெங்க3ண்,kenggaN,கைக் காப்பு,"Wrist String, Bracelet",கெங்க3ண் தை3ரொ கங்க்3ராம் ப4ந்த3னு,kenggaN dairo kanggraam bhandanu,கைக் காப்பை வலது கை மணிக்கட்டில் கட்டுவார்கள்,The bracelet is tied on the right wrist,ornament,corpus_sourashtradictionary
கெது3ரொ,keduro,அரைஞாண்கயிறு,Waist Thread,பில்லல்னு தெ3ஸ்ஸு ஒர்ஸு லெந்து கெது3ரொ க4ல்லஸுனு,pillalnu dessu orsu lentu keduro ghallasunu,குழந்தைகள் பத்து வயது வரை அரைஞாண்கயிறு அணிவார்கள்,Children wear a girdle till the age of ten,ornament,corpus_sourashtradictionary
க3ஹதிரின்,gahatirin,அருமுடி,Hip ornament for Girl child,க3ஹதிரின் பெ3ட்கி பில்லல்னுக் கெது3ராம் பொமி க4லனு,gahatirin beTki pillalnuk keduraam pomi ghalanu,அருமுடி பெண் குழந்தைகளுக்கு அரைஞான் கயிற்றில் கோர்த்து கட்டுவார்கள்,Heart shaped amulet is stringed in the girdle for girl babies,ornament,corpus_sourashtradictionary
லெச்செ,lecce,தாயத்து,Talisman,தெனு கெ3லாம் லெச்செ க4ல்லி ஸே,tenu gelaam lecce ghalli sE,அவர் கழுத்தில் தாயத்து அணிந்திருக்கிறார்,He wears a talisman around his neck,ornament,corpus_sourashtradictionary
முத்3தி3,muddi,மோதிரம்,Ring,தெ2வ்டெ3தெனு பஞ்சூ அங்கி3ளிம் முத்3தி3 க4ல்லஸுன்,thevDetenu panjcoo anggiLim muddi ghallasun,சிலர் ஐந்து விரல்களிலும் மோதிரங்களை அணிவார்கள்,Some wear rings on all five fingers,ornament,corpus_sourashtradictionary
மொதி3,modi,முத்து,Pearl,தெனு அபுல் பெ4ய்னுக் ஒண்டெ மொதி3 மாலாக் தி3யாஸி,tenu apul bheynuk oNTe modi maalaak diyaasi,அவர் தனது தங்கைக்கு ஒரு முத்து மாலையை கொடுத்தார்,He gave his younger sister a pearl necklace,ornament,corpus_sourashtradictionary
பி3ந்து3ளொ,binduLo,கால் காப்பு,"Ankle String, Bracelet",கங்க்3ராம் கெங்க3ண் ஸோன் பாயிம் பி3ந்து3ளொ ப4ந்த3னு,kanggraam kenggaN sOn paayim binduLo bhandanu,மணிக்கட்டில் கைக் காப்பு போல் காலில் கால் காப்பு கட்டுவார்கள்,Ankle-strings are tied to the feet like wrist-string on the wrists,ornament,corpus_sourashtradictionary
த4கி3ரி,dhagiri,சலங்கை,Musical Anklet,நஸத்தெனுன் அபுல் பாயிம் த4கி3ரி க4ல்லனு,nasattenun apul paayim dhagiri ghallanu,நடனக் கலைஞர்கள் தங்கள் காலில் சலங்கை அணிவார்கள்,Dancers wear musical anklet on their feet,ornament,corpus_sourashtradictionary
அந்தெ3ல்,andel,சிலம்பு,Anklet,அந்தெ3ல் மெனரியொ பெ3ய்லன் பாயிம் க4ல்லத்திஸானுகெ,andel menariyo beylan paayim ghallattisaanuke,சிலம்பு என்பது பெண்கள் காலில் அணிவது,Andel is worn by women on their feet,ornament,corpus_sourashtradictionary
கொ3ஸுல்,gosul,சிலம்பு,Anklet,கொ3ஸுலும் பி4த்தர் ரெத்தனு தெ3ய்டா3ன் ர்ஹாயி,gosulum bhittar rettanu deyDaan rhaayi,சிலம்பின் உள்ளே ரத்தினக் கற்கள் இருக்கும்,There will be gemstones inside the gosul,ornament,corpus_sourashtradictionary
செய்ம்பட்டெ,ceympaTTe,கொலுசு,Anklet,செய்ம்பட்டெக் ஸொர்ணும் மெல்லொ கெரஸுனு,ceympaTTek sorNum mello kerasunu,கொலுசை தங்கத்திலும் செய்வார்கள்,The clasp is made in gold also,ornament,corpus_sourashtradictionary
மிஞ்ஜி,minjji,மெட்டி,Toe ring worn by married women,ஹொராட்3 ஹொயெ பெ3ய்லன் பாய்ஞிம் மிஞ்ஜி க4ல்லன்,horaaD hoye beylan paaynjim minjji ghallan,திருமணமான பெண்கள் காலில் மோதிரம் அணிவார்கள்,Married women wear rings on their feet,ornament,corpus_sourashtradictionary
அத்3த3ம்,addam,கண்ணாடி,Mirror,அத்3த3ம் அபுலானுக் ஸீலத்தக் ஒர்க3ஸு,addam apulaanuk seelattak orgasu,கண்ணாடி தன்னைப் பார்க்கப் பயன்படுகிறது,Mirror is used for looking at oneself,ornament,corpus_sourashtradictionary
தோ3பு3,dObu,கண்ணாடி,Mirror,பொ3ண்டி3ம் பஸ்கட் ஸாத்தக் தோ3பு3 நுக3ஸு,boNDim paskaT saattak dObu nugasu,காரில் பின்புறம் பார்க்க கண்ணாடி பயன்படுகிறது,Mirror is used in car to view the rear side,ornament,corpus_sourashtradictionary
தௌ3ணொ,dauNo,கண்ணாடி,Mirror,நவீன தௌ3ணான் ருப்பொ ந்ஹீஜியெத் ஜெல்மினும் கெரஸுனு,naveena dauNaan ruppo nheejiyet jelminum kerasunu,நவீன கண்ணாடிகள் வெள்ளி அல்லது அலுமினியத்தில் செய்கிறார்கள்,Modern mirrors are made of silver or aluminum,ornament,corpus_sourashtradictionary
தொ3ளா அத்3த3ம்,doLaa addam,மூக்குக் கண்ணாடி,"Specs, Spectacles",40 ஒர்ஸு த3டெ3 ஜு3கு3தெனு தொ3ளா அத்3த3ம் க4ல்லஸுன்,40 orsu daDe jugutenu doLaa addam ghallasun,40 வயதுக்கு மேற்பட்ட பெரும்பாலானோர் மூக்குக் கண்ணாடி அணிகிறார்கள்,Most people over 40 wear specs,ornament,corpus_sourashtradictionary
ச2ஸ்மொ,chasmo,மூக்குக் கண்ணாடி,"Specs, Spectacles",அத்தொ பில்லல்னு மெல்லொ ச2ஸ்மொ க4ல்லராஸ்,atto pillalnu mello chasmo ghallaraas,இப்போது குழந்தைகள் கூட மூக்குக் கண்ணாடி அணிகிறார்கள்,Even children are wearing specs these days,ornament,corpus_sourashtradictionary
பொ2ன்னி,phonni,சீப்பு,Comb,ஜவ்ணான் ஒண்டெ ந்ஹன்ன பொ2ன்னிக் கொ2ள்டிம் தொ2வ்லி ஸே,javNaan oNTe nhanna phonnik khoLTim thovli sE,இளைஞர்கள் ஒரு சிறிய சீப்பை பாக்கெட்டில் வைத்திருக்கிறார்கள்,Youths keep a small comb in the pocket,ornament,corpus_sourashtradictionary
பொ2ன்னொ,phonno,ஈர்க்கொல்லி,Robi Comb,தொ3ஸ்காம் ஜூ2ம் ஜவடத்தக் பொ2ன்னொ ப்ரயோக்3 கெருவாயி,doskaam jhoom javaTattak phonno prayOg keruvaayi,தலையில் பேன்களைக் அகற்ற ஈர்க்கொல்லியைப் பயன்படுத்தலாம்,RobiComb can be used to remove lice in the head,ornament,corpus_sourashtradictionary
சாத்,caat,ஈர்க்கம்பி,Scratching rod,ஒல்லொ கே2ஸுக் ஸுக்கட3த்தக் சாத் நுக3ஸு,ollo khEsuk sukkaDattak caat nugasu,ஈரமான முடியை உலர்த்துவதற்கு ஈர்க்கம்பி பயன்படுகிறது,Scratching rod is used to dry wet hair,ornament,corpus_sourashtradictionary
பொ3ட்டு,boTTu,"திலகம், குங்குமம்","Bindi, Sindoor, Kumkum",ஹொராட்3ஹொயெ அளின் பா4ங்கு3ம் பொ3ட்டு லவ்லனு,horaaDhoye aLin bhaanggum boTTu lavlanu,திருமணமான பெண்கள் வகிடில் திலகம் இடுவார்கள்,Married women apply Sindoor on the hair parting,ornament,corpus_sourashtradictionary
அவ்தொ,avto,மஞ்சள் திலகம்,Turmeric tilak,நொவ்ராக் அவ்தொ லவொ,novraak avto lavo,மாப்பிள்ளைக்கு மஞ்சள் திலகம் இடவும்,Apply turmeric tilak to the groom,ornament,corpus_sourashtradictionary
பொ4ரணி,bhoraNi,குங்குமச்சிமிழ்,"Small round box, Casket",த3ந்தும் கெரெ பொ4ரணி மோல் வேன் ர்ஹாயி,dantum kere bhoraNi mOl vEn rhaayi,தந்தத்தால் செய்யப்பட்ட குங்குமச்சிமிழ் விலை அதிகம் இருக்கும்,The vermilion box made of ivory is more expensive,ornament,corpus_sourashtradictionary
ஸம்ஸுடொ3,samsuDo,அலங்காரப் பெட்டி,"Ornament Box, Cosmetic case",ஸம்ஸுடொ3 ஜு2கு3 ஆகாரும் அப்3ப3ஸு,samsuDo jhugu aakaarum abbasu,அலங்காரப் பெட்டிகள் பல்வேறு வடிவங்களில் கிடைக்கின்றன,Ornament boxes are available in various shapes,ornament,corpus_sourashtradictionary
ஸம்ஸுலாபெடி,samsulaapeTi,அலங்காரப் பெட்டி,"Ornament Box, Cosmetic case",ஸம்ஸுலாபெடிம் உன்னபொட3யொ 15 கௌதுக வஸ்துன் தொ2வாயி,samsulaapeTim unnapoDayo 15 kautuka vastun thovaayi,அலங்காரப் பெட்டியில் குறைந்தது 15 அழகு சாதனப் பொருட்களை வைக்கலாம்,At least 15 beauty products can be placed in the Ornament box,ornament,corpus_sourashtradictionary
கஜல்,kajal,கண்மை,"Eye Liner, Eyeliner",தொ3ளாக் ஸிங்க்3யார் கெரத்தக் கஜல் நுக3ஸு,doLaak singgyaar kerattak kajal nugasu,கண்களை அழகுபடுத்த கண்மை பயன்படுகிறது,Eyeliner is used to beautify the eyes,ornament,corpus_sourashtradictionary
மொன்னி,monni,மணி,Bead,மொன்னிம் ஜு2கு3 ஹாதுகலா வஸ்துன் கெரத்தக் முஸையி,monnim jhugu haatukalaa vastun kerattak musaiyi,மணிகளால் பல கைவினைப்பொருட்கள் செய்ய முடியும்,Many crafts can be made with beads,ornament,corpus_sourashtradictionary
கௌது,kautu,"அலங்காரம், ஒப்பனை","Decoration, Make up",நொவ்ரி கௌது 4 ர்ஹீ 5 கெ4ண்டயன் லக3யி,novri kautu 4 rhee 5 gheNTayan lagayi,மணப்பெண் ஒப்பனை 4 முதல் 5 மணி நேரம் ஆகும்,Bridal makeup takes 4 to 5 hours,ornament,corpus_sourashtradictionary
கௌதுக வஸ்து,kautuka vastu,அலங்காரப் பொருள்,"Decorative Items, Make up Items, Cosmetics",ஜு2கு3 கௌதுக வஸ்துன் ஹுத்ராடு3 கெர வஸ்துன்,jhugu kautuka vastun hutraaDu kera vastun,நிறைய அழகுசாதனப் பொருட்கள் இறக்குமதி செய்யப்பட்டவை,A lot of cosmetics are imported,ornament,corpus_sourashtradictionary
கோன்,kOn,யார்,Who,மொரெ ஸெராடி3 கோன் அவரியொ?,more seraaDi kOn avariyo?,என்னுடன் யார் வருகிறார்கள்?,Who are coming with me?,pron,corpus_sourashtradictionary
மீ,mee,நான்,I,மீ பெ3ஸ்தார்தி3 அவரியொ,mee bestaardi avariyo,நான் வியாழக்கிழமை வருகிறேன்,I'm coming on Thursday,pron,corpus_sourashtradictionary
மீ,mee,நான்,Me,மீ துரெ வத்3தி3,mee ture vaddi,நான் உங்கள் ஆசிரியர்,I'm your teacher,pron,corpus_sourashtradictionary
தூ,too,நீ,You,தூ அவரியொயா?,too avariyoyaa?,நீ வருகிறாயா?,Are you coming?,pron,corpus_sourashtradictionary
அமி,ami,நாங்கள்,We,அமி சென்னையும் ஜிவரியொ,ami cennaiyum jivariyo,நாங்கள் சென்னையில் வசிக்கிறோம்,We live in Chennai,pron,corpus_sourashtradictionary
துமி,tumi,நீங்கள்,You,துமி கோட் ஜிவரியொ?,tumi kOT jivariyo?,நீங்கள் எங்கே வசிக்கிறீர்கள்?,Where do you live?,pron,corpus_sourashtradictionary
எனொ,eno,"இவன், இவள்","He, She",எனொ மொரெ ந்ஹன் ப4ய்,eno more nhan bhay,இவன் என் இளைய சகோதரன்,He is my younger brother,pron,corpus_sourashtradictionary
தெனொ,teno,"அவன், அவள்","He, She",தெனொ சொவ்து3ம் கெ4டி3கெத்தான்,teno covdum gheDikettaan,அவன் படிப்பில் கெட்டிக்காரன்,He is smarter in the study,pron,corpus_sourashtradictionary
தென்தெனு,tentenu,அவனவன்,Everyone,தென்தெனு தெங்கொ3 தெங்கொ3 வாடும் ஜியாஸ்,tentenu tenggo tenggo vaaTum jiyaas,அவரவர் அவரவர் வழியில் சென்றனர்,Everyone went on their own way,pron,corpus_sourashtradictionary
எனு,enu,"இவர், இவர்கள்","He, They",எனு கோட் காம் கெரரியொ?,enu kOT kaam kerariyo?,இவர் எங்கே வேலை செய்கிறார்?,Where is he working?,pron,corpus_sourashtradictionary
தெனு,tenu,"அவர், அவர்கள்","He, They",தெனு விரதி ப2ராது கோ3ஸ் ஸே,tenu virati pharaatu gOs sE,அவர் பணி ஓய்வுக்குப் பிறகு சும்மா இருக்கிறார்,He is idle after retirement,pron,corpus_sourashtradictionary
அஸ்கிதெனு,askitenu,எல்லோரும்,Everyone,அஸ்கிதெனு ஸொந்தோஷ்கன் ஸே,askitenu sontOshkan sE,எல்லோரும் மகிழ்ச்சியாக இருக்கிறார்கள்,Everyone is happy,pron,corpus_sourashtradictionary
கொன்னிதெனு,konnitenu,"யாரும், யாருமே","No one, Nobody",காய் கெர்னொ மெனி கொன்னிதெனு ஸங்க்3யானி,kaay kerno meni konnitenu sanggyaani,என்ன செய்வது என்று யாரும் சொல்லவில்லை,No one told us what to do,pron,corpus_sourashtradictionary
கோன்தி,kOnti,"யாரோ, யாராவது",Someone,கோன்தி பை2லொ ஹர்ம்ப3ம் கெர்னொ,kOnti phailo harmbam kerno,யாராவது முதலில் தொடங்க வேண்டும்,Someone should start first,pron,corpus_sourashtradictionary
ஒக்கொக்கொ,okkokko,ஒவ்வொரு,Every,ஒக்கொக்கொ ஒர்ஸும் ஹுன்னொ வேன் ஹோரஸ்,okkokko orsum hunno vEn hOras,ஒவ்வொரு ஆண்டும் வெப்பம் அதிகமாகிறது,Every year it gets hotter,pron,corpus_sourashtradictionary
ஸவ,sava,அனைத்து,All,ஸவ ஜீவுனுக் ஜிவத்தக் தீ4னு ஸேத்தெ,sava jeevunuk jivattak dheenu sEtte,அனைத்து உயிரினங்களுக்கும் வாழ உரிமை உண்டு,All living beings have the right to live,pron,corpus_sourashtradictionary
அஸ்கி,aski,"எல்லாம், அனைத்து, அனைத்தும்","All, Everything",அஸ்கி பரீக்ஷானுக் தொ3ப்3பி3 தொ2வ்தியா,aski pareekshaanuk dobbi thovtiyaa,அனைத்து தேர்வுகளையும் ஒத்திவைத்தனர்,All exams were postponed,pron,corpus_sourashtradictionary
பூரா,pooraa,"எல்லாம், அனைத்து, அனைத்தும்","All, Everything",தெல்லெ பூரா தூ மென ஹோனா !!,telle pooraa too mena hOnaa !!,அதை எல்லாம் நீ சொல்லக்கூடாது !!,You should not say all that !!,pron,corpus_sourashtradictionary
அஸ்கியொ,askiyo,அனைத்தையும்,Everything,கெ3ருவ் அஸ்கியொ நஸினம் கெர்த்தை,geruv askiyo nasinam kerttai,ஆணவம் அனைத்தையும் அழித்துவிடும்,Arrogance will destroy everything,pron,corpus_sourashtradictionary
இக்கூயொ,ikkooyo,"இவையெல்லாம், இவை அனைத்தும்",All this,இக்கூயொ கோட் ர்ஹீ அவெயொ ?,ikkooyo kOT rhee aveyo ?,இவையெல்லாம் எங்கிருந்து வந்தது ?,Where did all this come from?,pron,corpus_sourashtradictionary
அஸ்கொ,asko,"முழுவதும், முற்றிலும்","Absolutely, Altogether, Totally, Completely, Entirely",தெல்லெ அஸ்கொ நஜ்ஜிரஸ்,telle asko najjiras,அது முழுவதும் கெட்டுவிட்டது,It was altogether spoiled,pron,corpus_sourashtradictionary
பூராக்,pooraak,"முழுவதும், முற்றிலும்","Absolutely, Altogether, Totally, Completely, Entirely",பூராக் பிஸத்தனம் ஹொயெ காம் மெனெத் எல்லேஸிஸ்,pooraak pisattanam hoye kaam menet ellEsis,முற்றிலும் பைத்தியக்கார வேலை என்றால் இதுதான்,This is what absolutely crazy work means,pron,corpus_sourashtradictionary
கொன்னி,konni,எதுவும்,"Nobody, Nothing",ஏட் கொன்னி சோட் ந்ஹீ !,ET konni cOT nhee !,இங்கே எதுவும் நன்றாக இல்லை !,Nothing is good here !,pron,corpus_sourashtradictionary
கொஞி,konji,எதுவும்,"Nobody, Nothing",தேகு ஜா2டு3க் கொஞி மத்தின் கா2னி,tEku jhaaDuk konji mattin khaani,தேக்கு மரத்தை எந்த மண்ணும் உண்பதில்லை,Teak wood is not eaten by any soil,pron,corpus_sourashtradictionary
கொன்னி ந்ஹீ,konni nhee,எதுவும் இல்லை,"None, Nothing",தெகொ3ஜொவள் கொன்னி ந்ஹீ,tegojovaL konni nhee,அவனிடம் எதுவும் இல்லை,He had none,pron,corpus_sourashtradictionary
கொன்னி ந்ஹா,konni nhaa,ஒன்றும் இல்லை,"None, Nothing","கொன்னி ந்ஹா, அஸ்கி ஸெர்க்கொ ஸேயா மெனி ஸாரியோ","konni nhaa, aski serkko sEyaa meni saariyO","ஒன்றுமில்லை, எல்லாம் சரியாக இருக்கிறதா என்று பார்க்கிறேன்","Nothing, I am just checking everything is fine",pron,corpus_sourashtradictionary
து3ஸ,dusa,வேறு,Any other,து3ஸ காய்தி வாட் ஸேயா?,dusa kaayti vaaT sEyaa?,வேறு ஏதாவது வழி இருக்கிறதா?,Is there any other way?,pron,corpus_sourashtradictionary
து3ஸுரெ,dusure,"பிற, அல்லது, வேறு சில","Other, Else, Some other",து3ஸுரெ ராஜ்யமு மென்க்யான் மெல்லொ செரரியொ,dusure raajyamu menkyaan mello cerariyo,பிற மாநில மக்களும் இணைகின்றனர்,People from other states are also joining,pron,corpus_sourashtradictionary
து3ஸ்ரொ,dusro,"பிற, அல்லது, வேறு சில","Other, Else, Some other",து3ஸ்ரொ காய் பஜெ?,dusro kaay paje?,வேறென்ன வேண்டும்?,What else is needed?,pron,corpus_sourashtradictionary
ஸேத்தெ,sEtte,இருக்கிறேன்,Am,மீ பொருங்கி3டி3ம் ஸேத்தெ,mee porunggiDim sEtte,நான் பரமக்குடியில் இருக்கிறேன்,I am in Paramakudi,pron,corpus_sourashtradictionary
ஸே,sE,"இருக்கின்றன, உள்ளன",Are,ஜு2கு3 வனினுன் ஸே,jhugu vaninun sE,நிறைய வண்ணங்கள் உள்ளன,There are lot of colors,pron,corpus_sourashtradictionary
ஸே,sE,"இருக்கிறது, உள்ளது","Is, Has, Have",தெகொ3ஜொவள் ஒண்டெ செடா3வ் ஹொயெ பொ3ண்டி3 ஸே,tegojovaL oNTe ceDaav hoye boNDi sE,அவரிடம் ஒரு உயர்ந்த கார் உள்ளது,He has a superior car,pron,corpus_sourashtradictionary
ந்ஹீ,nhee,இல்லை,"Do not have, Does not have, Has no, Have no",மொரெஜொவல் ந்ஹீ. தெகொ3ஜொவள் மெல்லொ ந்ஹீ,morejoval nhee. tegojovaL mello nhee,என்னிடம் இல்லை. அவளிடம் கூட இல்லை,I do not have it. She doesn’t have that either,pron,corpus_sourashtradictionary
ந்ஹீ,nhee,இல்லை,"Am not, Is not, Was not, Were not",தேட் காய் ந்ஹீ?,tET kaay nhee?,அங்கு என்ன இல்லை?,What is not there?,pron,corpus_sourashtradictionary
ந்ஹீ,nhee,இல்லை,"No, Nope",ஹிந்தொ3 பொள்டம் ந்ஹீ,hindo poLTam nhee,இன்று பாடசாலை இல்லை,No school today,pron,corpus_sourashtradictionary
"ந்ஹா, ந்ஹானா","nhaa, nhaanaa",அல்ல,Not,மீ தெனொ ந்ஹா,mee teno nhaa,நான் அவன் இல்லை,I am not him,pron,corpus_sourashtradictionary
ந்ஹிநாத்தொ,nhinaatto,இல்லாமல்,Without,துமி ந்ஹிநாத்தொ காம் சல் ர்ஹானா,tumi nhinaatto kaam cal rhaanaa,நீங்கள் இல்லாமல் வேலை நடந்திருக்காது,The work would not have happened without you,pron,corpus_sourashtradictionary
"ந்ஹாத்தொ, ந்ஹாத்தக்","nhaatto, nhaattak",இல்லாமல்,Without,அமி ஸில்லொ வரா பெடி ந்ஹாத்தக் கெஷ்டம் பொட்டியா,ami sillo varaa peTi nhaattak keshTam poTTiyaa,நாங்கள் குளிரூட்டி இல்லாமல் அவதிப்பட்டோம்,We suffered without air conditioning,pron,corpus_sourashtradictionary
வினா,vinaa,இல்லாமல்,Without,நம்ரதொ வினா ஈகு3 ஹால் காய் பிர்ஜனம்?,namrato vinaa eegu haal kaay pirjanam?,பணிவு இல்லாமல் கல்வியால் என்ன பயன்?,What is the use of education without humility?,pron,corpus_sourashtradictionary
ஹொதெ3ஸ்,hodes,இருந்தது,"Was, Had",நெத்3தி3 பூராக் ஸுக்கி ஹொதெ3ஸ்,neddi pooraak sukki hodes,ஆறு முற்றிலும் வறண்டு இருந்தது,The river was completely dry,pron,corpus_sourashtradictionary
ர்ஹா,rhaa,இரு,Be,கொ2ப்3பி3ம் ஸொந்தோஷ்கன் ர்ஹா,khobbim sontOshkan rhaa,எப்பொழுதும் மகிழ்ச்சியாக இரு,Always be happy,pron,corpus_sourashtradictionary
ர்ஹாத்தெ,rhaatte,இருப்பது,Being,கோ3 பி3ஸி ர்ஹாத்தெ சொக்கட் ந்ஹா,gO bisi rhaatte cokkaT nhaa,சும்மா இருப்பது நல்லதல்ல,Being idle is not good,pron,corpus_sourashtradictionary
ர்ஹாய்,rhaay,இருக்கும்,(it) Will be,"ஹாய், தெல்லெ தேட் ர்ஹாய்","haay, telle tET rhaay","ஆம், அது அங்கே இருக்கும்","Yes, it will be there",pron,corpus_sourashtradictionary
ர்ஹவு,rhavu,இருப்பேன்,(I) Will be,ஹொல்ல வாரும் மீ அமெரிக்காம் ர்ஹவு,holla vaarum mee amerikkaam rhavu,அடுத்த வாரம் நான் அமெரிக்காவில் இருப்பேன்,I will be in the US next week,pron,corpus_sourashtradictionary
ர்ஹான்,rhaan,இருப்பார்கள்,(They) Will be,தெனு கிரிக்கெட் ஸிலேத் ர்ஹான்,tenu kirikkeT silEt rhaan,அவர்கள் கிரிக்கெட் பார்த்துக் கொண்டிருப்பார்கள்,They will be watching cricket,pron,corpus_sourashtradictionary
ர்ஹவெ,rhave,இருப்போம்,(We) Will be,அமி துங்கொ3 ஆத3ரொகன் ர்ஹவெ,ami tunggo aadarokan rhave,நாங்கள் உங்களுக்கு ஆதரவாக இருப்போம்,We will be supporting you,pron,corpus_sourashtradictionary
ர்ஹவாய்,rhavaay,இருக்கலாம்,May be,துங்கொ3 எல்லெ களயி ர்ஹவாய்,tunggo elle kaLayi rhavaay,நீங்கள் இதை அறிந்திருக்கலாம்,You may be aware of this,pron,corpus_sourashtradictionary
ர்ஹானா,rhaanaa,இருக்காது,"May not be, Will not be",தெல்லெ அங்கி3டி3ம் பா4த் சோட் ர்ஹானா,telle anggiDim bhaat cOT rhaanaa,அந்த கடையில் சாப்பாடு நன்றாக இருக்காது,The food at that shop may not be good,pron,corpus_sourashtradictionary
ர்ஹவானா,rhavaanaa,இருக்க முடியாது,Can not be,மொரெஹால் ஜு2கு3தி3 ஏட் ர்ஹவானா,morehaal jhugudi ET rhavaanaa,என்னால் ரொம்ப நாள் இங்கே இருக்க முடியாது,I can not be here for long,pron,corpus_sourashtradictionary
ர்ஹாத்தக் முஸுனா,rhaattak musunaa,இருக்க முடியாது,Can not be,தெகொ3ஹால் அபுல் பெ3டா3க் ஸொட்3டி3 ர்ஹாத்தக் முஸுனா,tegohaal apul beDaak soDDi rhaattak musunaa,அவளால் தன் மகனை விட்டு விலகி இருக்க முடியாது,She cannot be away from her son,pron,corpus_sourashtradictionary
ர்ஹாத்தக்,rhaattak,"இருப்பதற்கு, இருக்க",To be,மீ ஏட் ர்ஹாத்தக் ஜு2கு3 காரணான் ஸே,mee ET rhaattak jhugu kaaraNaan sE,நான் இங்கு இருப்பதற்கு காரணங்கள் உள்ளன,I have reasons to be here,pron,corpus_sourashtradictionary
ர்ஹாத்தொ,rhaatto,"இருப்பதற்கு, இருக்க",To be,தெனு ஸிங்க3ய்த்கன் ர்ஹாத்தொ யத்னு கெரராஸ்,tenu singgaytkan rhaatto yatnu keraraas,அவர் நண்பராக இருக்க முயற்சிக்கிறார்,He is trying to be friend,pron,corpus_sourashtradictionary
ர்ஹாந்தொ3,rhaando,இருக்கட்டும்,Let it be,தெல்லெ தேடுஸ் ர்ஹாந்தொ3,telle tETus rhaando,அது அங்கேயே இருக்கட்டும்,Let it be there,pron,corpus_sourashtradictionary
ர்ஹதொ,rhato,இருக்கும் போது,While being,மீ ஆங்கு3 து4வ்லேத் ர்ஹதொ தூ3ர்வதி3னி ஹனெஸி,mee aanggu dhuvlEt rhato doorvadini hanesi,நான் குளித்துக்கொண்டு இருக்கும் போது தொலைபேசி அடித்தது,The phone rang while I am taking bath,pron,corpus_sourashtradictionary
ஹோந்தொ3,hOndo,"ஆகட்டும், சரி","So be it, Ok, Okey, Okay","ஹோந்தோ3, ஸியென்","hOndO, siyen","ஆகட்டும், பார்க்கலாம்","Okey, Let us see",pron,corpus_sourashtradictionary
ஹோய்,hOy,"நடக்கும், ஆகும்","Will happen, Going to happen, Would happen",இஸனி ஹோய் மெனி கோன் ஹவ்டி3 ஸியாஸ்?,isani hOy meni kOn havDi siyaas?,இப்படி ஆகும் என்று யார் நினைத்தார்கள்?,Who thought it is going to happen like this?,pron,corpus_sourashtradictionary
ஹோனா,hOnaa,"கூடாது, ஆகாது","Should not, Will not",திஸனி சல ஹோனா,tisani cala hOnaa,அது போல் நடக்கக் கூடாது,It should not happen like that,pron,corpus_sourashtradictionary
கொல்லெ,kolle,எது,Which,தொகொ3 கொல்லெ ஒப்பாரஸ்?,togo kolle oppaaras?,உனக்கு எது பிடித்துள்ளது?,Which one you like?,pron,corpus_sourashtradictionary
எல்லெ,elle,"இது, இந்த, இவை","This, These",துங்கொ3 எல்லெ ஒப்பாரஸ்யா?,tunggo elle oppaarasyaa?,உங்களுக்கு இது பிடிக்கிறதா?,Do you like this?,pron,corpus_sourashtradictionary
தெல்லெ,telle,"அது, அந்த, அவை","It, That, Those",தொகொ3 தெல்லெ ஒப்பாரஸ்யா?,togo telle oppaarasyaa?,உனக்கு அது பிடிக்கிறதா?,Do you like that?,pron,corpus_sourashtradictionary
மொரெ,more,என்னுடைய,My,தெனு மொரெ ப4ய்,tenu more bhay,அவர் என் சகோதரன்,He is my brother,pron,corpus_sourashtradictionary
தொரெ,tore,உன்னுடைய,Your,தொரெ நாவ் காயொ?,tore naav kaayo?,உன் பெயர் என்ன?,What is your name?,pron,corpus_sourashtradictionary
தொரொ,toro,உன்னுடைய,Your,தெனொ தொரொ ஸொகன் ஸே,teno toro sokan sE,அவன் உன்னைப் போலவே இருக்கிறான்,He looks like you,pron,corpus_sourashtradictionary
அவ்ரெ,avre,எங்களுடைய,Our,அவ்ரெ கே4ர் அவொ,avre ghEr avo,எங்கள் வீட்டிற்கு வாருங்கள்,Come to our house,pron,corpus_sourashtradictionary
துரெ,ture,உங்களுடைய,Your,துரெ போ3 பொ3வராஸ்,ture bO bovaraas,உங்கள் தந்தை அழைக்கிறார்,Your father is calling,pron,corpus_sourashtradictionary
அம்ரெ,amre,நமது,Our,பா4ரத் அம்ரெ தே3ஶு,bhaarat amre dEssu,இந்தியா நமது நாடு,Our country is India,pron,corpus_sourashtradictionary
ஔரொ,auro,நம்முடைய,Our,ஔரொ கொல்லெ?,auro kolle?,எது நம்முடையது?,Which is our?,pron,corpus_sourashtradictionary
"அபுல், அபுல்யொ","apul, apulyo","சொந்தம், சொந்தமான",Own,தெனு அபுல் பொ3ண்டிக் விக்யாஸ்,tenu apul boNTik vikyaas,அவர் தன் சொந்த காரை விற்றார்,He sold his own car,pron,corpus_sourashtradictionary
அபுல்,apul,"தன்னுடைய, தம்முடைய","His / Her, One's own, Own",அமி அபுல் தே3ஶுக் ப்ராமொ கெர்னொ,ami apul dEssuk praamo kerno,நாம் நம் நாட்டை நேசிக்க வேண்டும்,We must love our country,pron,corpus_sourashtradictionary
அபுலான்,apulaan,தங்களுடைய,"Their, Their own",தெனு அபுலான் கா3முக் நிகி3ள்டியா,tenu apulaan gaamuk nigiLTiyaa,அவர்கள் தங்கள் ஊருக்குப் புறப்பட்டனர்,They left for their town,pron,corpus_sourashtradictionary
அப்லானும்,aplaanum,"தன்னால், தன்னில், தமக்குள்","By itself, Within itself / themselves",தெனு ஆஸ்திக் அபுலானும் விக்கராஸ்,tenu aastik apulaanum vikkaraas,அவர்கள் சொத்துக்களை தங்களுக்குள் விற்கிறார்கள்,They sell the properties among themselves,pron,corpus_sourashtradictionary
கொங்கொ3(க்),konggo(k),"யாருக்கு, யாரை, எவரை, எவனை","To Who(m), Whom",துமி கொங்கொ3 ஸாத்தக் ஜாரியொ?,tumi konggo saattak jaariyo?,நீங்கள் யாரை பார்க்கப்போகிறீர்கள்?,Whom are you going to see?,pron,corpus_sourashtradictionary
மொகொ3,mogo,"எனக்கு, என்னை",Me,மொகொ3 எல்லெ ஒண்டெ ஸமாசார்,mogo elle oNTe samaacaar,இது எனக்கு ஒரு செய்தி,This is news to me,pron,corpus_sourashtradictionary
தொகொ3,togo,"உனக்கு, உன்னை",To you,தொகொ3 காய் பஜெ மெனெத்தெ பை2லாம் ஸங்கி3,togo kaay paje menette phailaam sanggi,உனக்கு என்ன வேண்டும் என்பதை முதலில் சொல்லு,Tell me first what you want,pron,corpus_sourashtradictionary
அவ்ங்கொ3,avnggo,"எங்களுக்கு, நமக்கு",Us,அவ்ரெ மமொ அவ்ங்கொ3 ஜேமு தி3யாஸ்,avre mamo avnggo jEmu diyaas,எங்கள் மாமா எங்களுக்கு பரிசு கொடுத்தார்,Our uncle gave us a gift,pron,corpus_sourashtradictionary
துங்கொ3,tunggo,உங்களுக்கு,To you,எல்லெ துங்கொ3 கோன் ஸங்கெ3யொ?,elle tunggo kOn sanggeyo?,இதை உங்களுக்கு யார் சொன்னது?,Who told you this?,pron,corpus_sourashtradictionary
எகொ3,ego,"இவனுக்கு, இவளுக்கு, இவனை, இவளை","To him, To her, Him, Her",எகொ3 இஸனி ஹோய் மெனி கொங்கொ3க் களாய்,ego isani hOy meni konggok kaLaay,இவளுக்கு இப்படி நடக்கும் என்று யாருக்குத் தெரியும்,Who knew this would happen to her,pron,corpus_sourashtradictionary
தெகொ3,tego,"அவனுக்கு, அவளுக்கு, அவனை, அவளை","To him, To her, Him, Her",தெல்லெ தெகொ3 சல்ர்ஹியெத் களய் ர்ஹாய்,telle tego calrhiyet kaLay rhaay,அது அவனுக்கு நடந்திருந்தால் புரிந்திருக்கும்,It would have made sense if it had happened to him,pron,corpus_sourashtradictionary
எங்கொ3,enggo,இவர்களுக்கு,To them,துமி எங்கொ3 லிக்யாஸ்யா?,tumi enggo likyaasyaa?,நீங்கள் இவர்களுக்கு எழுதினீர்களா?,Did you write to them?,pron,corpus_sourashtradictionary
தெங்கொ3,tenggo,அவர்களுக்கு,To those,துமி மிளரியொ தெங்கொ3 நமஸ்கார் மெல்லுவொ,tumi miLariyo tenggo namaskaar melluvo,நீங்கள் சந்திப்பவர்களுக்கு வணக்கம் சொல்லுங்கள்,Say hello to those you meet,pron,corpus_sourashtradictionary
ஒண்டெதெங்கொ3,oNTetenggo,ஒருவருக்கு,To someone,ஒண்டெதெங்கொ3 ஹிதௌ ஸங்க3த்தே ஸுல்ப்3யமு,oNTetenggo hitau sanggattE sulbyamu,ஒருவருக்கு அறிவுரை கூறுவது எளிது,It is easy to give advice to someone,pron,corpus_sourashtradictionary
அஸ்கிதெங்கொ3,askitenggo,அனைவருக்கும்,To everyone,மொரெ போ3 அஸ்கிதெங்கொ3 களயாத்தெனு,more bO askitenggo kaLayaattenu,என் அப்பா அனைவருக்கும் தெரிந்தவர்,My father is known to everyone,pron,corpus_sourashtradictionary
கொங்கிகு,kongkiku,யாருக்கும்,"Nobody, To Nobody",துமி கோன் மெனி கொங்கிகு களாரனி,tumi kOn meni kongkiku kaLaarani,நீங்கள் யாரென்று யாருக்கும் தெரியவில்லை,Nobody knows who you are,pron,corpus_sourashtradictionary
கொல்லெகொ3,kollego,எந்த ஒன்று,Which one,கொல்லெகொ3 அமி நாவ் க4ல்னொ ஹோரியொ?,kollego ami naav ghalno hOriyo?,எந்த ஒன்றுக்கு நாம் பெயரிட வேண்டும்?,Which one should we name?,pron,corpus_sourashtradictionary
எல்லெகொ3,ellego,இதற்கு,For this one,எல்லெகொ3 தெ3ஸ்ஸு லெக்கு ருபாய் வேன்,ellego dessu lekku rupaay vEn,இதற்கு பத்து லட்சம் ரூபாய் அதிகம்,Ten lakhs rupees is more for this one,pron,corpus_sourashtradictionary
தெல்லெகொ3,tellego,அதற்கு,For that one,தெல்லெகொ3 தெனொ ஒப்பிள்யனி,tellego teno oppiLyani,அதற்கு அவன் சம்மதிக்கவில்லை,He did not agree to that one,pron,corpus_sourashtradictionary
தெகொ3வுச்சி,tegovucci,"அதற்காக, அதனால்",For that,தெகொ3வுச்சி மீ தெல்லெ ப்ராமோ பொட3ரியொ,tegovucci mee telle praamO poDariyo,அதற்காக நான் அதை விரும்புகிறேன்,I love it for that,pron,corpus_sourashtradictionary
கொங்கொ3 தெ4ரி,konggo dheri,யாரைப்பற்றி,About whom,துமி கொங்கொ3 தெ4ரி விசார் பொட3ரியொ?,tumi konggo dheri vicaar poDariyo?,நீங்கள் யாரைப் பற்றி கவலைப்படுகிறீர்கள்?,Whom you are worried about?,pron,corpus_sourashtradictionary
மொகொ3 தெ4ரி,mogo dheri,என்னைப்பற்றி,About me,மொகொ3 தெ4ரி மீ ஸங்க3 ஹோனா,mogo dheri mee sangga hOnaa,என்னைப் பற்றி நான் சொல்லக் கூடாது,I should not say about myself,pron,corpus_sourashtradictionary
தொகொ3 தெ4ரி,togo dheri,உன்னைப்பற்றி,About you,தொரெ ப4ய் தொகொ3 தெ4ரி புஸெஸ்,tore bhay togo dheri puses,உன் தம்பி உன்னைப் பற்றிக் கேட்டான்,Your brother asked about you,pron,corpus_sourashtradictionary
அவ்ங்கொ3 தெ4ரி,avnggo dheri,"எங்களுக்காக, நமக்காக, நம்மைப்பற்றி",About us,அவ்ங்கொ3 தெ4ரி மெல்லொ லிக்கராஸ்,avnggo dheri mello likkaraas,நம்மைப் பற்றியும் எழுதுகிறார்கள்,They also write about us,pron,corpus_sourashtradictionary
துங்கொ3 தெ4ரி,tunggo dheri,உங்களைப்பற்றி,About you,துங்கொ3 தெ4ரி அய்கினி பொட்3ராஸ்,tunggo dheri aykini poDraas,உங்களைப் பற்றி கேள்விப்பட்டிருக்கிறோம்,We have heard about you,pron,corpus_sourashtradictionary
எகொ3 தெ4ரி,ego dheri,இவனை(ளை)ப்பற்றி,About him / her,எகொ3 தெ4ரி விசார் பொட்3னகொ3,ego dheri vicaar poDnago,அவளைப் பற்றி கவலைப்படாதே,Don't worry about her,pron,corpus_sourashtradictionary
தெகொ3 தெ4ரி,tego dheri,அவனை(ளை)ப்பற்றி,About him / her,தெகொ3 தெ4ரி புஸி களள்ளெ,tego dheri pusi kaLaLLe,அவனைப் பற்றி விசாரிக்கவும்,Inquire about him,pron,corpus_sourashtradictionary
எங்கொ3 தெ4ரி,enggo dheri,இவர்களைப்பற்றி,About them,எங்கொ3 தெ4ரி ஒண்டெ புஸ்தவ் லிக்குவொ,enggo dheri oNTe pustav likkuvo,இவரைப் பற்றி ஒரு புத்தகம் எழுதுங்கள்,Write a book about him,pron,corpus_sourashtradictionary
தெங்கொ3 தெ4ரி,tenggo dheri,அவர்களைப்பற்றி,About those,தெங்கொ3 தெ4ரி காய்தி களயத் ஸங்கு3வொ,tenggo dheri kaayti kaLayat sangguvo,அவரை பற்றி ஏதாவது தெரிந்தால் சொல்லுங்கள்,Tell me if you know anything about him,pron,corpus_sourashtradictionary
ஒண்டெதெங்கொ3 தெ4ரி,oNTetenggo dheri,ஒருவரைப்பற்றி,About someone,ஒண்டெதெங்கொ3 தெ4ரி களானாத்தக் கொன்னி மென ஹோனா,oNTetenggo dheri kaLaanaattak konni mena hOnaa,ஒருவரைப் பற்றித் தெரியாமல் எதையும் சொல்லக் கூடாது,Do not say anything without knowing about someone,pron,corpus_sourashtradictionary
அஸ்கிதெங்கொ3 தெ4ரி,askitenggo dheri,அனைவரைப்பற்றி,About everyone,தெனு அஸ்கிதெங்கொ3 தெ4ரி வத்தொ கெரராஸ்,tenu askitenggo dheri vatto keraraas,அவர் அனைவரைப்பற்றி பேசுகிறார்,He talks about everyone,pron,corpus_sourashtradictionary
கொல்லெகொ3 தெ4ரி,kollego dheri,எதைப்பற்றி,About what,துமி கொல்லெகொ3 தெ4ரி விசார் பொட3ரியொ?,tumi kollego dheri vicaar poDariyo?,நீங்கள் எதைப் பற்றி கவலைப்படுகிறீர்கள்?,What are you worried about?,pron,corpus_sourashtradictionary
எல்லெகொ3 தெ4ரி,ellego dheri,இதைப் பற்றி,About this,மீ பை2லோஸ் எல்லெகொ3 தெ4ரி யோஜனொ கெரெஸ்,mee phailOs ellego dheri yOjano keres,நான் ஏற்கனவே இதைப் பற்றி யோசித்தேன்,I have already thought about this,pron,corpus_sourashtradictionary
தெல்லெகொ3 தெ4ரி,tellego dheri,அதைப் பற்றி,About that,தெல்லெகொ3 தெ4ரி மொகொ3 கொன்னி களானா,tellego dheri mogo konni kaLaanaa,அதைப் பற்றி எனக்கு எதுவும் தெரியாது,I have no idea about that,pron,corpus_sourashtradictionary
கொங்க3யொ,konggayo,யாருடையது,Whose,எல்லெ புஸ்தவ் கொங்க3யொ?,elle pustav konggayo?,இது யாருடைய புத்தகம்?,Whose book is this?,pron,corpus_sourashtradictionary
மொரயொ,morayo,என்னுடையது,Mine,எல்லெ தி3ய்யொ மொரயொ,elle diyyo morayo,இவை இரண்டும் என்னுடையவை,Both of these are mine,pron,corpus_sourashtradictionary
தொரயொ,torayo,உன்னுடையது,Yours,எல்லெ தௌ3ணொ தொரயொயா?,elle dauNo torayoyaa?,இந்த கண்ணாடி உன்னுடையதா?,Is this glass yours?,pron,corpus_sourashtradictionary
அவ்ரயொ,avrayo,"எங்களுடையது, நம்முடையது",Ours,எல்லெ கே4ர் அவ்ரயொ,elle ghEr avrayo,இந்த வீடு எங்களுடையது,This house is ours,pron,corpus_sourashtradictionary
துரயொ,turayo,உங்களுடையது,Yours,எல்லெ தி2னூ சொக்காயின் துரயொ,elle thinoo cokkaayin turayo,அந்த மூன்று சட்டைகளும் உங்களுடையது,All three shirts are yours,pron,corpus_sourashtradictionary
எக3யொ,egayo,இவனு(ளு)டையது,"His, Hers",எல்லெ ஸௌக்3ஞ எக3யொ,elle saugnja egayo,இந்தக் குறிப்பு இவளுடையது,This note is hers,pron,corpus_sourashtradictionary
தெக3யொ,tegayo,அவனு(ளு)டையது,"His, Hers",தெல்லெ அலாஸ்கன் ஸுனான தெக3யொ,telle alaaskan sunaana tegayo,அந்த அலாஸ்கன் நாய்கள் அவனுடையவை,Those Alaskan dogs are his,pron,corpus_sourashtradictionary
எங்கொ3யொ,enggoyo,இவர்களுடையது,Theirs,எல்லெ ஹொராடு3 மஹால் எங்கொ3யொ,elle horaaDu mahaal enggoyo,இந்த திருமண மண்டபம் இவர்களுடையது,This wedding hall is theirs,pron,corpus_sourashtradictionary
தெங்கொ3யொ,tenggoyo,அவர்களுடையது,Theirs,தெல்லெ கச்சம்பா3 ஜா2டு3ன் தெங்கொ3யொ,telle kaccambaa jhaaDun tenggoyo,அந்த மா மரங்கள் அவர்களுடையது,Those mango trees are theirs,pron,corpus_sourashtradictionary
அஸ்கிதெங்கொ3யொ,askitenggoyo,எல்லோருடையது,Everybody's,எல்லெ ஹொடா3ர் அஸ்கிதெங்கொ3யொ,elle hoDaar askitenggoyo,இந்த முற்றம் எல்லோருடையது,This yard is everyone's,pron,corpus_sourashtradictionary
கொல்லெகொ3யொ,kollegoyo,எதனுடையது,Whose,எல்லெ தா3ண் கொல்லெகொ3யொ?,elle daaN kollegoyo?,இந்த கைப்பிடி எதனுடையது?,Whose handle is this?,pron,corpus_sourashtradictionary
எல்லெகொ3யொ,ellegoyo,இதனுடையது,Its,தெல்லெ ஜை2னா தெட்டொ எல்லெகொ3யொ,telle jhainaa teTTo ellegoyo,அந்த மூடி இதனுடையது,That lid belongs to this,pron,corpus_sourashtradictionary
தெல்லகொ3யொ,tellagoyo,அதனுடையது,Its,எல்லெ பி3யாத் தெல்லெகொ3யொ,elle biyaat tellegoyo,இந்த சாவி அதனுடையது,This key belongs to that,pron,corpus_sourashtradictionary
கொங்கொ3ஹால்,konggohaal,யாரால்,"By Whom, Because of whom",எல்லெ கொங்கொ3ஹால் கெரத்தக் முஸை?,elle konggohaal kerattak musai?,இதை யாரால் செய்ய முடியும்?,By whom can this be done?,pron,corpus_sourashtradictionary
மொரெஹால்,morehaal,என்னால்,"By Me, Because of me","ந்ஹா, தெல்லெ மொரெஹால் ந்ஹா","nhaa, telle morehaal nhaa","இல்லை, அது என்னால் அல்ல","No, it was not by me",pron,corpus_sourashtradictionary
தொரெஹால்,torehaal,உன்னால்,"By you, Because of you",தொரெஹால் தெல்லெ முஸட3த்தக் முஸுனா,torehaal telle musaDattak musunaa,உன்னால் அதை முடிக்க முடியாது,It can not be finished by you,pron,corpus_sourashtradictionary
அவ்ரெஹால்,avrehaal,"எங்களால், நம்மால்","By Us, Because of us",அவ்ரெஹால் முஸை மெனி அமி ஸங்க்3யாஸ்,avrehaal musai meni ami sanggyaas,எங்களால் முடியும் என்று நாங்கள் சொன்னோம்,We told it can be done by us,pron,corpus_sourashtradictionary
துரெஹால்,turehaal,உங்களால்,"By you, Because of you",துரெஹால் தெனு அவ்யானி,turehaal tenu avyaani,உங்களால் அவர் வரவில்லை,He did not come because of you,pron,corpus_sourashtradictionary
எகொ3ஹால்,egohaal,இவனா(ளா)ல்,"By Him / Her, Because of Him / Her",தெல்லெ எகொ3ஹால் மெனானா,telle egohaal menaanaa,அதை இவனால் சொல்ல முடியாது,It can not be told by him,pron,corpus_sourashtradictionary
தெகொ3ஹால்,tegohaal,அவனா(ளா)ல்,"By Him / Her, Because of Him / Her",தெகொ3ஹால் அஸ்கிதெனு ஸொந்து ஹொத்3யாஸ்,tegohaal askitenu sontu hodyaas,அவளால் எல்லோரும் மகிழ்ச்சியாக இருந்தனர்,Everyone was happy because of her,pron,corpus_sourashtradictionary
எங்கொ3ஹால்,enggohaal,இவர்களால்,"By Them, Because of them",தெல்லெ எங்கொ3ஹால் கெரத்த முஸி ர்ஹானா,telle enggohaal keratta musi rhaanaa,அதை அவர்களால் செய்திருக்க முடியாது,It could not have been done by them,pron,corpus_sourashtradictionary
தெங்கொ3ஹால்,tenggohaal,அவர்களால்,"By Them, Because of them",தெங்கொ3ஹால் கொன்னி த4க்கட்3னி ந்ஹீ,tenggohaal konni dhakkaDni nhee,அவர்களால் எந்த அச்சுறுத்தலும் இல்லை,There is no threat because of them,pron,corpus_sourashtradictionary
அஸ்கிதெங்க3ஹால்,askitenggahaal,எல்லோராலும்,"By Everyone / All, Because of Everyone / All",தெல்லெ அஸ்கிதெங்க3ஹால் ஒப்பிள்னி பொடெ3ஸ்,telle askitenggahaal oppiLni poDes,அது அனைவராலும் ஏற்றுக்கொள்ளப்பட்டது,It was accepted by all,pron,corpus_sourashtradictionary
கொல்லெகொ3ஹால்,kollegohaal,எதனால்,"By Which, Because of which",எல்லெ கொல்லெகொ3ஹால் ஶுத்3த4ம் கெரெயொ?,elle kollegohaal ssuddham kereyo?,இதை எதன் மூலம் சுத்தம் செய்தீர்கள்?,By which you cleaned this?,pron,corpus_sourashtradictionary
எல்லெகொ3ஹால்,ellegohaal,இதனால்,"By This, Because of this",எல்லெகொ3ஹால் தெனொ தேட் ர்ஹீ ஜேடி3,ellegohaal teno tET rhee jEDi,இதனால் அவள் அங்கிருந்து சென்றுவிட்டாள்,She went away because of this,pron,corpus_sourashtradictionary
தெல்லெகொ3ஹால்,tellegohaal,அதனால்,"By That, Because of that",தெல்லெகொ3ஹால் அமி நெஷ்டி பொட்3யாஸ்,tellegohaal ami neshTi poDyaas,அதனால் நாங்கள் நஷ்டம் அடைந்தோம்,We suffered loss because of it,pron,corpus_sourashtradictionary
தேகன்,tEkan,அதுவாக,By itself,தெல்லெ தேகன் த4மன் நிகி3லெஸ்,telle tEkan dhaman nigiles,அது தானே இயங்க ஆரம்பித்தது,It started running by itself,pron,corpus_sourashtradictionary
காய்,kaay,என்ன,What,தெகொ3 காய் பஜெ?,tego kaay paje?,அவளுக்கு என்ன வேண்டும்?,What does she want?,pron,corpus_sourashtradictionary
காயோ,kaayO,என்ன,What,தெல்லெ காயொ மெனி ஸங்கு3வொ,telle kaayo meni sangguvo,அது என்னவென்று சொல்லுங்கள்,Tell me what it is,pron,corpus_sourashtradictionary
ககொ3,kago,ஏன்,Why,தெனொ ககொ3 அவெயொ களாய்யா?,teno kago aveyo kaLaayyaa?,அவன் எதற்காக வந்தான் தெரியுமா?,You know why he has come?,pron,corpus_sourashtradictionary
எல்யொ,elyo,இது,This one,எல்யொ அவ்ரெ கரொ,elyo avre karo,இது எங்கள் பரிசு,This is our gift,pron,corpus_sourashtradictionary
இஸனி,isani,இப்படி,Like this,தொகொ3 இஸனி கோன் ஸிக்கடி3 தி3யெயொ?,togo isani kOn sikkaDi diyeyo?,உனக்கு யார் இப்படிக் கற்றுக் கொடுத்தது?,Who taught you like this?,pron,corpus_sourashtradictionary
திஸனி,tisani,அப்படி,Like that,அமி திஸனி கெருவாய்,ami tisani keruvaay,நாம் அப்படி செய்யலாம்,We can do like that,pron,corpus_sourashtradictionary
கிஸனி,kisani,எப்படி,How,எல்லெ ஸாத4னாக் கிஸனி வவ்ஜத்தெ?,elle saadhanaak kisani vavjatte?,இந்த கருவியை எப்படி வாசிப்பது?,How to play this instrument?,pron,corpus_sourashtradictionary
அஸொ,aso,அப்படி,Like that,அஸொகி வத்தொ கெரன்ஹோனா,asoki vatto keranhOnaa,அப்படியெல்லாம் பேசக்கூடாது,Should not talk like that,pron,corpus_sourashtradictionary
இஸொ,iso,"இப்படி, இவ்வாறு","Like this, Thus",கொ2ப்3ப3தி3 இஸொ சலய்யா?,khobbadi iso calayyaa?,எப்போதாவது இப்படி நடக்குமா?,Will it ever happen like this?,pron,corpus_sourashtradictionary
திஸொ,tiso,அப்படி,Like that,திஸொ கோன் மெனெயொ?,tiso kOn meneyo?,அப்படி யார் சொன்னது?,Who told like that?,pron,corpus_sourashtradictionary
கிஸொ,kiso,எப்படி,How,மீ கிஸொ கே4ர் அவெஸ் மெனி களாரனி,mee kiso ghEr aves meni kaLaarani,நான் எப்படி வீட்டுக்கு வந்தேன் என்று தெரியவில்லை,I do not know how I reached home,pron,corpus_sourashtradictionary
"கோனொ, கோனக்","kOno, kOnak","எப்படி, எவ்வாறு",How,எல்லெ கோனொ காம் கெரரஸ் மெனி இவர் கெருவொ,elle kOno kaam keraras meni ivar keruvo,இது எவ்வாறு செயல்படுகிறது என்பதை விளக்குங்கள்,Explain how it works,pron,corpus_sourashtradictionary
இக்கொ,ikko,இவ்வளவு,This much,இக்கொ மந்து பி2ஜ்ஜாய்,ikko mantu phijjaay,இவ்வளவு உரம் போதும்,This much manure is enough,pron,corpus_sourashtradictionary
திக்கொ,tikko,அவ்வளவு,That much,தெல்லெகொ3 திக்கொ பஜெஹோனா,tellego tikko pajehOnaa,அதற்கு அவ்வளவு தேவைப்படாது,It does not need that much,pron,corpus_sourashtradictionary
கிக்கொ,kikko,எவ்வளவு,How much,எல்லெ கிக்கொ?,elle kikko?,இது எவ்வளவு?,How much is it?,pron,corpus_sourashtradictionary
இத்கவ் / இக்கவ்,itkav / ikkav,இவ்வளவு,This much / So much,இத்கவ் மீட் பி2ஜ்ஜாய்,itkav meeT phijjaay,இந்த அளவு உப்பு போதும்,This much salt is enough,pron,corpus_sourashtradictionary
தித்கவ் / திக்கவ்,titkav / tikkav,அவ்வளவு,That much / More,மொரெஹால் தித்கவ் தே3த்தக் முஸுனா,morehaal titkav dEttak musunaa,என்னால் அவ்வளவு கொடுக்க முடியாது,I can not give that much,pron,corpus_sourashtradictionary
கித்கவ் / கிக்கவ்,kitkav / kikkav,எவ்வளவு,How much,கித்கவ் தெனு அவன் ஜாரியொ?,kitkav tenu avan jaariyo?,எத்தனை பேர் வரப் போகிறார்கள்?,How many persons are going to come?,pron,corpus_sourashtradictionary
இத்கயெ / இக்கயெ,itkaye / ikkaye,இத்தனை,"This many, So much",இத்கயெ பொள்ளான் கோன் கா2ட் மெனெயொ?,itkaye poLLaan kOn khaaT meneyo?,இத்தனை பழங்களை யார் வாங்கச் சொன்னார்கள்?,Who asked to buy this many fruit?,pron,corpus_sourashtradictionary
தித்கயெ / திக்கயெ,titkaye / tikkaye,அத்தனை,That many,தித்கயெ தெனு கோட் ஜியாஸ்?,titkaye tenu kOT jiyaas?,அத்தனை பேர் எங்கே போனார்கள்?,Where did that many people go?,pron,corpus_sourashtradictionary
கித்கயெ / கிக்கயெ,kitkaye / kikkaye,எத்தனை,How many,தெல்லெ கித்கயெ ர்ஹாய் மெனி ஸங்கு3வொ,telle kitkaye rhaay meni sangguvo,அது எத்தனை இருக்கும் என்று சொல்லுங்கள்,Tell me how many it will be,pron,corpus_sourashtradictionary
எல்லெட்,elleT,இங்கே,Here,எல்லெட் பொவ்ஸ் பொட3ரஸ்,elleT povs poDaras,இங்கு மழை பெய்கிறது,It is raining here,pron,corpus_sourashtradictionary
தெல்லெட்,telleT,அங்கே,There,தெல்லெட் பு4ய்ஞ் காய் மோல்?,telleT bhuynj kaay mOl?,அங்கு நிலத்தின் விலை எவ்வளவு?,How much is the land price there?,pron,corpus_sourashtradictionary
கொல்லெட்,kolleT,எங்கே,Where,மேட்ஹொயெ கெட்3ஸனு கொ2ள்டி கொல்லெட் அப்3ப3ய்?,mEThoye keDsanu khoLTi kolleT abbay?,சிறந்த தோல் பை எங்கே கிடைக்கும்?,Where to get the best leather bag?,pron,corpus_sourashtradictionary
ஏட்,ET,இங்கே,Here,ஏட் ஹூன் வேன் ஸே,ET hoon vEn sE,இங்கே வெயில் அதிகமாக இருக்கிறது,It's too hot here,pron,corpus_sourashtradictionary
தேட்,tET,அங்கே,There,தேட் எலா மோல் உன்னொ,tET elaa mOl unno,அங்கே ஏலக்காய் விலை குறைவு,Cardamom price is low there,pron,corpus_sourashtradictionary
கோட்,kOT,எங்கே,Where,பி3யாத் கோட் தொ2வெயொ மெனி ஹவ்ட3ன் ந்ஹீ,biyaat kOT thoveyo meni havDan nhee,சாவியை எங்கே வைத்தேன் என்று ஞாபகம் இல்லை,I do not remember where I put the keys,pron,corpus_sourashtradictionary
கோட்தேட்,kOTtET,எங்கெங்கும்,Everywhere,கோட்தேட் மோதி3 மெனத்தேஸ் வத்தொ,kOTtET mOdi menattEs vatto,எங்கெங்கும் மோடி என்பதே பேச்சு,Modi is the talk everywhere,pron,corpus_sourashtradictionary
கொட்டி,koTTi,எங்கும் (இல்லாத),"Nowhere, Anywhere",ஸுனொ கொட்டி தெ3க்கிணி பொடெ3னி,suno koTTi dekkiNi poDeni,நாய் எங்கும் தென்படவில்லை,The dog was nowhere to be seen,pron,corpus_sourashtradictionary
கொட்டிம்,koTTim,எங்குமே,"Nowhere, Anywhere",இக்கெ தரொ ஹொயெ காப்பி கொட்டிம் அப்3பு3னா,ikke taro hoye kaappi koTTim abbunaa,இவ்வளவு தரமான காபி எங்கும் கிடைக்காது,Nowhere you will get such a good quality coffee,pron,corpus_sourashtradictionary
"கோட்டி, கோட்தி3","kOTTi, kOTdi",எங்காவது,"Somewhere, Elsewhere",தெனு கோட்டி ஜீ ர்ஹவாய்,tenu kOTTi jee rhavaay,அவர் எங்காவது போயிருக்கலாம்,He may have gone somewhere,pron,corpus_sourashtradictionary
து3ஸுரொ கோட்,dusuro kOT,வேறெங்கு,Where else,து3ஸுரொ கோட் அப்3ப3ய்?,dusuro kOT abbay?,வேறு எங்கு கிடைக்கும்?,Where else to get it?,pron,corpus_sourashtradictionary
து3ஸுர கொட்டி,dusura koTTi,எங்குமே,Nowhere else,தெல்லெ அங்கி3டி3 ஜதொ து3ஸுர கொட்டி அப்3பு3னா,telle anggiDi jato dusura koTTi abbunaa,அந்த கடையைத் தவிர வேறு எங்கும் கிடைக்காது,Nowhere else you get it other than that Store,pron,corpus_sourashtradictionary
து3ஸுரொ கோட்தி3,dusuro kOTdi,வேறெங்காவது,"Somewhere else, Elsewhere",து3ஸுரொ கோட்தி3 யத்னு கேர்,dusuro kOTdi yatnu kEr,வேறு எங்காவது முயற்சிக்கவும்,Try somewhere else,pron,corpus_sourashtradictionary
அஸ்கிதேட்,askitET,எல்லா இடங்களிலும்,Everywhere,அஸ்கிதேட் ஒண்டே மோலுஸ்,askitET oNTE mOlus,எல்லா இடங்களிலும் ஒரே விலைதான்,The price is the same everywhere,pron,corpus_sourashtradictionary
தெத்தேட்,tettET,ஆங்காங்கே,"Sporadic, Here and there",தெத்தேட் த2ணைதுன் ஹிப்3பி3 ஹொத்3யாஸி,tettET thaNaitun hibbi hodyaasi,ஆங்காங்கே போலீசார் நின்று கொண்டிருந்தனர்,Police were standing sporadic,pron,corpus_sourashtradictionary
எங்கு3ட்,engguT,இந்தப் பக்கம்,That side,நெத்3தி3க் எங்கு3ட் பொகட் ஹரளிகன் ஸே,neddik engguT pokaT haraLikan sE,ஆற்றின் இந்தப் பக்கம் பசுமையாக இருக்கிறது,This side of the river is green,pron,corpus_sourashtradictionary
தெங்கு3ட்,tengguT,அந்தப் பக்கம்,This side,தெங்கு3ட் பொகட் கோன் ஜிவன்?,tengguT pokaT kOn jivan?,அந்தப் பக்கம் யார் வாழ்வார்கள்?,Who will live on that side?,pron,corpus_sourashtradictionary
கொங்கு3ட்,kongguT,எந்தப் பக்கம்,Which side,கௌ2னஸ் கொங்கு3ட் பொகட்?,khaunas kongguT pokaT?,கிழக்கு எந்தப் பக்கம்?,Which side is east?,pron,corpus_sourashtradictionary
எமாம்,emaam,இதில்,In this,எமாம் ஹண்டி3க் தீ2ன் தி3 பி3ஜ்ஜன் தொ2வொ,emaam haNDik theen di bijjan thovo,இதில் கடாயை மூன்று நாட்கள் ஊற வைக்கவும்,Soak the pan in this for three days,pron,corpus_sourashtradictionary
தெமாம்,temaam,அதில்,In that,தெமாம் காய் ஸேத்தெ,temaam kaay sEtte,அதில் என்ன இருக்கிறது?,What is it in that?,pron,corpus_sourashtradictionary
கொமாம்,komaam,எதில்,In Which,கொமாம் லாப் வேன் ஸே?,komaam laap vEn sE?,எதில் லாபம் அதிகம் உள்ளது?,Which is more profitable?,pron,corpus_sourashtradictionary
கய்கி,kayki,ஏதோ,Something,தெனு கய்கி மெனராஸ்,tenu kayki menaraas,அவர் ஏதோ சொல்கிறார்,He is saying something,pron,corpus_sourashtradictionary
கய்கி ஒண்டெ,kayki oNTe,ஏதோ ஒன்று,Something,தெனொ கய்கி ஒண்டெ ஸங்க3த்தக் யதுலரஸ்,teno kayki oNTe sanggattak yatularas,அவன் ஏதோ ஒன்றை சொல்ல முயல்கிறான்,He is trying to tell something,pron,corpus_sourashtradictionary
கய்தி,kayti,"ஏதாவது, எதையாவது","Something, Anything, Any",கய்தி ர்ஹியெத் ஸங்கு3வொ,kayti rhiyet sangguvo,ஏதேனும் இருந்தால் சொல்லுங்கள்,Tell me if any,pron,corpus_sourashtradictionary
கய்தி ஒண்டெ,kayti oNTe,ஏதாவது ஒன்றை,Something,கய்தி ஒண்டெ மெல்லேத் ர்ஹானகொ3,kayti oNTe mellEt rhaanago,ஏதாவது ஒன்றை சொல்லிக் கொண்டிருக்காதே,Don’t keep saying something,pron,corpus_sourashtradictionary
காய்தி,kaayti,"ஏதாவது, எதையாவது","Something, Anything, Any",கொ2ப்3பி3ம் காய்தி சொவ்தி3லேத் ர்ஹான்,khobbim kaayti covdilEt rhaan,எப்போதும் எதையாவது படித்துக் கொண்டிருப்பார்,Always reads something,pron,corpus_sourashtradictionary
"காய்தி ஒண்டெ, கோனெ ஒண்டெ","kaayti oNTe, kOne oNTe",ஏதாவது ஒன்றை,"Something, Anything",தெகொ3ஜொவள் காய்தி ஒண்டெ ஸங்கி3 வெது3ர் கெர்லெ,tegojovaL kaayti oNTe sanggi vedur kerle,அவனிடம் ஏதாவது ஒன்றை சொல்லி சமாளி,Deal with telling him something,pron,corpus_sourashtradictionary
கோனதி3,kOnadi,"எப்படியாவது, எப்படியோ","By any means, Anyways, Somehow",மொரெ பில்லாக் கோனதி3 தெல்லெ ஹுரிம் செர்ச்சி ஸொடு3வொ,more pillaak kOnadi telle hurim cercci soDuvo,என் பிள்ளையை எப்படியாவது அந்தப் பள்ளியில் சேர்த்து விடுங்கள்,Get my child enrolled in that school somehow,pron,corpus_sourashtradictionary
கொனக்கி,konakki,எப்படியோ,Somehow,தெனொ கொனக்கி பரீக்ஷாம் லங்கி3தி3,teno konakki pareekshaam langgidi,அவள் எப்படியோ தேர்வில் தேர்ச்சி பெற்றாள்,Somehow she passed the exam,pron,corpus_sourashtradictionary
"காய் பயெத், காய் ந்ஹா","kaay payet, kaay nhaa","எதுவாகிலும், என்ன வேண்டுமானாலும்","Whatever, Anything","தூ காய்பயெத் ஸங்கி3, மீ ஐகத்திஸொ ந்ஹீ","too kaaypayet sanggi, mee aikattiso nhee","நீ என்ன வேண்டுமானாலும் சொல், நான் கேட்பதாக இல்லை","Say whatever you want, I'm not listening",pron,corpus_sourashtradictionary
"கோட் பயெத், கோட் ந்ஹா","kOT payet, kOT nhaa",எங்கு வேண்டுமானாலும்,"Wherever, Anywhere",கோட் பயெத் ஜா,kOT payet jaa,எங்கு வேண்டுமானாலும் செல்,Go anywhere,pron,corpus_sourashtradictionary
கோன ந்ஹா,kOna nhaa,எப்படி வேண்டுமானாலும்,However,துமி கோன ந்ஹா ஜவாய்,tumi kOna nhaa javaay,நீங்கள் எப்படி வேண்டுமானாலும் போகலாம்,You can go however you want,pron,corpus_sourashtradictionary
"கோன் பயெத், கோன் ந்ஹா","kOn payet, kOn nhaa",யார் வேண்டுமானாலும்,"Anyone, Anybody, Whomever, Whoever",கோன் பயெத் துக்குவாய்,kOn payet tukkuvaay,யார் வேண்டுமானாலும் தூக்கலாம்,Anyone can lift,pron,corpus_sourashtradictionary
கோன்தி3,kOndi,யாராவது,"Someone, Somebody, Anyone",கோன்தி3 காய்தி மெனந்தொ3,kOndi kaayti menando,யாராவது ஏதாவது சொல்லட்டும்,Let someone say something,pron,corpus_sourashtradictionary
"கொங்கொ3 பயெத், கொங்கொ3 ந்ஹா","konggo payet, konggo nhaa",யாரை வேண்டுமானாலும்,"Whomever, Whoever",கொங்கொ3 பயெத் பொ3வொ,konggo payet bovo,யாரை வேண்டுமானாலும் அழையுங்கள்,Call whomever,pron,corpus_sourashtradictionary
"கொல்லெ பயெத், கோனெ பயெத்","kolle payet, kOne payet","எதை வேண்டுமானாலும், எது வேண்டுமானாலும்","Whichever, Anything",துமி கொல்லெ பயெத் க2ல்லுவொ,tumi kolle payet khalluvo,நீங்கள் எதை வேண்டுமானாலும் எடுத்துக் கொள்ளுங்கள்,Take whichever you want,pron,corpus_sourashtradictionary
"கொ2ப்3பொ3 பயெத், கொ2ப்3பொ3 ந்ஹா","khobbo payet, khobbo nhaa","எப்பொழுதெல்லாம், எப்போது வேண்டுமானாலும்","Whenever, Anytime",மீ கொ2ப்3பொ3 ந்ஹா ஜவு,mee khobbo nhaa javu,நான் எப்போது வேண்டுமானாலும் செல்வேன்,I will go whenever I want,pron,corpus_sourashtradictionary
கொங்கொதி3,kongkodi,"யாருக்காவது, யாரையாவது","Somebody, Someone, To Someone, For Somebody",தெல்லெ கொங்கொதி3க் விக்குவொ,telle kongkodik vikkuvo,அதை யாருக்காவது விற்கவும்,Sell ​​it to someone,pron,corpus_sourashtradictionary
கொக்கொதி3,kokkodi,"எதற்காவது, எதற்கும்","To Something, For Something",எல்லெ கொக்கொதி3 பிர்ஜனம் பொடு3வாய்,elle kokkodi pirjanam poDuvaay,இது எதற்காவது பயனுள்ளதாக இருக்கலாம்,This may be useful for something,pron,corpus_sourashtradictionary
கொன்கீ,konkee,யாரோ,Someone,ப4ராட் ர்ஹீ கொன்கீ பொ3வராஸ்,bharaaT rhee konkee bovaraas,வெளியில் இருந்து யாரோ அழைக்கிறார்கள்,Someone is calling from outside,pron,corpus_sourashtradictionary
கொட்கீ,koTkee,"எங்கேயோ, எங்கோ",Somewhere,கொட்கீ மிர்க்கைலொ பு4ஞ்ஜராஸ்,koTkee mirkkailo bhunjjaraas,எங்கேயோ மிளகாய் வறுக்கிறார்கள்,Somewhere they are roasting chili,pron,corpus_sourashtradictionary
லெந்தொ,lento,காரணமாக,Due to,ஜ2ஞ்ஜு லெந்தொ அஸ்கி ஹுடா3ன் ரத்3து3 ஹொய்யொ,jhanjju lento aski huDaan raddu hoyyo,கனமழை காரணமாக அனைத்து விமானங்களும் ரத்து செய்யப்பட்டன,All flights were canceled due to heavy rain,pron,corpus_sourashtradictionary
லெங்கொ3,lenggo,காரணமாக,Due to,ஜ2ஞ்ஜு லெங்கொ3 அஸ்கி ஹுரினுன் ஜ2ய்தியா,jhanjju lenggo aski hurinun jhaytiyaa,கனமழை காரணமாக அனைத்து பள்ளிகளும் மூடப்பட்டன,All schools were closed due to heavy rain,pron,corpus_sourashtradictionary
தெ2வ்டொ3,thevDo,சில,Some,தெ2வ்டொ3 ஜா2டு3ன் ஒர்ஸுக் தீ3 வால் பானுன் லலஸு,thevDo jhaaDun orsuk dee vaal paanun lalasu,சில மரங்கள் வருடத்திற்கு இரண்டு முறை இலைகளை உதிர்கின்றன,Some trees shed their leaves twice a year,pron,corpus_sourashtradictionary
தெ2வ்டெ3,thevDe,சில,"Some, Few",தெ2வ்டெ3 பொள்ளான் பி3ஸ்ஸொ ஹொட3யி,thevDe poLLaan bisso hoDayi,சில பழங்கள் வேகமாக வளரும்,Some fruits grow fast,pron,corpus_sourashtradictionary
குர்சி,kurci,க்காக,For,மீ எல்லெ துரெ குர்சி க2ட3யொ,mee elle ture kurci khaDayo,நான் இதை உங்களுக்காக வாங்கினேன்,I bought this for you,pron,corpus_sourashtradictionary
கின்,kin,மற்றும்,And,ஸுனொகின் மஞ்ஜிரினுக் ஹொவ்ட3ராஸ்,sunokin manjjirinuk hovDaraas,நாய் மற்றும் பூனைகளை வளர்க்கிறார்,He raises dogs and cats,pron,corpus_sourashtradictionary
எல்லெ மெல்லொ ந்ஹா,elle mello nhaa,இதுவுமல்ல,Nor,மொகொ3 பஜெ ஹோரியொ எல்லெ மெல்லொ ந்ஹா,mogo paje hOriyo elle mello nhaa,எனக்கு வேண்டியது இதுவுமல்ல,I want nor this,pron,corpus_sourashtradictionary
மெகி,meki,ஆனால்,But,மொகொ3 தெகொ3 ஒப்பாய் மெகி தெகொ3 ஸுனாக் ஒப்பானா,mogo tego oppaay meki tego sunaak oppaanaa,எனக்கு அவனை பிடிக்கும் ஆனால் அவனுடைய நாயை பிடிக்கவில்லை,I like him but do not like his dog,pron,corpus_sourashtradictionary
ந்ஹீஜியெத்,nheejiyet,அல்லது,Or,து4வாரி ந்ஹீஜியெத் வீள்டாக் அவன்,dhuvaari nheejiyet veeLTaak avan,மதியம் அல்லது மாலையில் வருவார்,Will come in the afternoon or evening,pron,corpus_sourashtradictionary
அங்கு3,anggu,இன்னும்,"Yet, Still",துமி அங்கு3 ஜீரியொ ந்ஹீயா?,tumi anggu jeeriyo nheeyaa?,நீங்கள் இன்னும் செல்லவில்லையா?,Have not you gone yet?,pron,corpus_sourashtradictionary
ஹாலி,haali,ஆகையினால்,So,"அவ்ரெ ஜொவள் ஜு2க்கு கெ4டி ஸே. ஹாலி, காய் அவ்ஸர்?","avre jovaL jhukku gheTi sE. haali, kaay avsar?","எங்களிடம் நிறைய நேரம் இருக்கிறது. எனவே, ஏன் அவசரம்?","We have plenty of time. So, why hurry?",pron,corpus_sourashtradictionary
மெனி,meni,என்று,"So, That",மீ அவ்னா மெனி கோன் மெனெயொ?,mee avnaa meni kOn meneyo?,நான் வரமாட்டேன் என்று யார் சொன்னது?,Who said that I would not come?,pron,corpus_sourashtradictionary
"மெந்தி, மெந்தின்","menti, mentin","என்று, என்பதற்காக","That, For, Just because",ஸொங்கொ3 மெந்தி க2டெ3த் ஹன்னவ் வித்தாக் ஹோய்,songgo menti khaDet hannav vittaak hOy,மலிவு என்பதால் வாங்குவது பண விரயம் ஆகும்,Buying because it is cheap is a waste of money,pron,corpus_sourashtradictionary
தீ3 தெமாம் ஒண்டெ,dee temaam oNTe,இரண்டில் ஒன்று,Either,தீ3 தெமாம் ஒண்டெ காம் கெரய்,dee temaam oNTe kaam keray,இரண்டில் ஏதேனும் ஒன்று வேலை செய்யும்,Either of the two will work,pron,corpus_sourashtradictionary
தி3ய்யொ,diyyo,இரண்டுமே,Neither,தி3ய்யொ சொக்கட் கீது3ன் ந்ஹா,diyyo cokkaT keedun nhaa,இரண்டுமே நல்ல பாடல்கள் இல்லை,Neither of them are good songs,pron,corpus_sourashtradictionary
ஹொயத்,hoyat,"இருந்தால், ஆனால்","If, But",ஹந்தா3ர்கன் ஹொதெ3ஸ். ஹொயெத் மொரெஹால் ஸாத்தக் முஸெஸ்,handaarkan hodes. hoyet morehaal saattak muses,இருட்டாக இருந்தது ஆனால் என்னால் பார்க்க முடிந்தது,It was dark but I could see,pron,corpus_sourashtradictionary
மெனெத்,menet,என்றால்,If,துங்கொ3 ஒப்பாரஸ் மெனெத் க2டெ3ன்,tunggo oppaaras menet khaDen,உங்களுக்கு பிடித்திருக்கிறது என்றால் வாங்குவோம்,"Let us buy it, if you like it",pron,corpus_sourashtradictionary
ஒண்டெ,oNTe,"ஒரு, ஒன்று, மட்டும்","One, Only",தெனு ஹிந்தொ3 ஒண்டெதி3 ஒண்டெ அவ்காஸும் ஸேத்தெ,tenu hindo oNTedi oNTe avkaasum sEtte,அவர் இன்று ஒரு நாள் மட்டும் விடுமுறையில் இருக்கிறார்,He is on vacation for only one day today,pron,corpus_sourashtradictionary
நிஸ்தொ,nisto,வெறும்,"Only, Just, Mere",நிஸ்தொ வத்தொ ஹால் காய் பிர்ஜனம்?,nisto vatto haal kaay pirjanam?,வெறும் பேச்சால் என்ன பயன்?,What is the use of mere talk?,pron,corpus_sourashtradictionary
ஹொயெத் / ர்ஹியெத் ஒண்டெ,hoyet / rhiyet oNTe,இருந்தால் மட்டுமே,Only if,தெனு ர்ஹியெத் ஒண்டேஸ் ஸங்கு3வொ,tenu rhiyet oNTEs sangguvo,அவர் இருந்தால் மட்டும் சொல்லுங்கள்,Tell me only if he is present,pron,corpus_sourashtradictionary
"ஒண்டேஸ், ஸீ","oNTEs, see","மட்டுமே, தான்",Only,மொகொ3 ஒண்டேஸ் களாய்,mogo oNTEs kaLaay,எனக்கு மட்டுமே தெரியும்,Only I know,pron,corpus_sourashtradictionary
மாத்ரம்,maatram,மட்டுமே,Only,தீ3 தி3ன்னுன் மாத்ரமூஸ் அவ்காஸ் தி3ன்னு,dee dinnun maatramoos avkaas dinnu,இரண்டு நாட்கள் மட்டுமே விடுமுறை,Holidays for only two days,pron,corpus_sourashtradictionary
கெத்3தி3,keddi,மட்டும்,Only,எல்லெ கொ3ளி தீ2ன் தி3ன்னுக் கெத்3தி3,elle goLi theen dinnuk keddi,இந்த மாத்திரை மூன்று தினங்களுக்கு மட்டுமே,This pill is for three days only,pron,corpus_sourashtradictionary
கொத்3தி3,koddi,மட்டும்,Only,துமி துரெ கொத்3தி3 ஸீலுவொ,tumi ture koddi seeluvo,நீங்கள் உங்களை மட்டும் பார்த்துக் கொள்ளுங்கள்,You look after yourself only,pron,corpus_sourashtradictionary
ஸெங்கா3டி3,senggaaDi,"உடன், கூட","With, By",தொரெ ஸெங்கா3டி3 கோன் அவரியொ?,tore senggaaDi kOn avariyo?,உன்னுடன் யார் வருகிறார்கள்?,Who is coming with you?,pron,corpus_sourashtradictionary
ஸெங்கொ3,senggo,"கூட, உடன்",Along,தெனு மொரெ ஸெங்கொ3 பொள்க3ராஸ்,tenu more senggo poLgaraas,அவர் என்னுடன் பழகுகிறார்,He is getting along with me,pron,corpus_sourashtradictionary
ஶென்தொ,ssento,"கூட, உடன்",With,தெனு மொரெ ஸெங்கொ3 உஜ்யாத்தெனு,tenu more senggo ujyaattenu,அவர் என்னுடன் பிறந்தவர்,He was born with me,pron,corpus_sourashtradictionary
ஸெர்மாட்,sermaaT,"கூட, உடன்",With,தெகொ3 ஸெர்மாட் கோன் ஸேத்தெ?,tego sermaaT kOn sEtte?,அவளுடன் யார் இருக்கிறார்கள்?,Who is with her?,pron,corpus_sourashtradictionary
ஸெராட்,seraaT,"கூட, உடன்",With,தெனொ மெல்லொ தொரெ ஸெராட் ஸேத்தெயா?,teno mello tore seraaT sEtteyaa?,அவனும் உன்னுடன் இருக்கிறானா?,Is he with you too?,pron,corpus_sourashtradictionary
ஸெரொ,sero,"கூட, உடன்",With,தெனு மொரெ ஸெரொ வத்தொ கெரரியொ ந்ஹீ,tenu more sero vatto kerariyo nhee,அவர் என்னுடன் பேசுவதில்லை,He is not talking with me,pron,corpus_sourashtradictionary
மெல்லொ,mello,"மேலும், கூட","Also, Even, Too",தெங்கொ3 போ3 மெல்லொ அவ்ங்கொ பொ3வ்யாஸ்,tenggo bO mello avngko bovyaas,அவருடைய தந்தையும் எங்களை அழைத்தார்,His father also called us,pron,corpus_sourashtradictionary
மெள்ளி,meLLi,"மேலும், கூட","Also, Even, Too",எல்லெ தெங்கொ3 பெ3ய்லுக் மெள்ளி களானா,elle tenggo beyluk meLLi kaLaanaa,இது அவரது மனைவிக்கு கூட தெரியாது,Even his wife did not know this,pron,corpus_sourashtradictionary
மெளாதுகு,meLaatuku,"மேலும், கூட","Also, Even, Too",கா3யினுக் மெளாதுகு கோ2ருன் ஸே,gaayinuk meLaatuku khOrun sE,பசுக்களுக்கும் குளம்புகள் உண்டு,Cows also have hoof,pron,corpus_sourashtradictionary
மெளொ,meLo,"மேலும், கூட","Also, Even, Too",தெனு மெளொ காம் ஸொட்3டி3யா,tenu meLo kaam soDDiyaa,அவரும் வேலையை விட்டுவிட்டார்,He also quit his job,pron,corpus_sourashtradictionary
மென்தொ,mento,என்றால்,means,ப்ராமொ மென்தொ கொன்னி வெது3ர் ஸனாத்தொ து3ஸுரெ தெங்கொ3 ஸஹாவ் கெரத்தெ,praamo mento konni vedur sanaatto dusure tenggo sahaav keratte,அன்பு என்பது எந்தவித எதிர்பார்ப்பும் இல்லாமல் பிறருக்கு உதவுவது,Love means helping others without any expectation,pron,corpus_sourashtradictionary
ஹொயெத் மெல்லொ,hoyet mello,"இருந்தும் கூட, ஆனாலும்","Even though, Although, Still",தெங்கொ3 ஆதா4ர்கெரின் கொன்னி ந்ஹீ. ஹொயெத் மெல்லொ தெனு ஜெவுஞ்சிதியா,tenggo aadhaarkerin konni nhee. hoyet mello tenu jevunjcitiyaa,அவருக்கு ஆதரவாளர்கள் யாரும் இல்லை. ஆனாலும் அவர் வெற்றி பெற்றார்,There was no supporters to him. Still he won,pron,corpus_sourashtradictionary
ர்ஹியெத் மெல்லொ,rhiyet mello,இருந்தாலும்,Though,மூகொ3 வேன் ர்ஹியெத் மெல்லொ சுரும் க2டத்தக் முஸெஸ்,moogo vEn rhiyet mello curum khaTattak muses,கூட்டம் அதிகமாக இருந்தாலும் சீக்கிரம் வாங்க முடிந்தது,"Though the crowd was high, I was able to buy quickly",pron,corpus_sourashtradictionary
எத்மெள்ளி,etmeLLi,ஆனாலும்,But still,எத்மெள்ளி துமி மொரெஜொவள் ஸங்கி3 ர்ஹனொ,etmeLLi tumi morejovaL sanggi rhano,ஆனாலும் நீங்கள் என்னிடம் சொல்லியிருக்க வேண்டும்,But still you should have told me,pron,corpus_sourashtradictionary
வேங்கு3,vEnggu,"உடன், உடனே","Right away, Straight away, As Soon as, Immediately",துங்கொ3 பஜெமெனெ வேங்கு3 தெல்லெ அப்3பு3னா,tunggo pajemene vEnggu telle abbunaa,நீங்கள் விரும்பிய உடனே அதைப் பெற முடியாது,You can't get it as soon as you want it,pron,corpus_sourashtradictionary
திக்காம்,tikkaam,"அதற்குள், உடன், உடனே","By then, Straight away, Immediately",திக்காம் கோட் ஜியெயொ?,tikkaam kOT jiyeyo?,அதற்குள் எங்கு சென்றாய்?,Where did you go by then?,pron,corpus_sourashtradictionary
ககொ3 மெனெத்,kago menet,ஏனென்றால்,Because,"தெல்லெ பனி பே ஹோனா. ககொ3 மெனெத், தெல்லெ விக்கு","telle pani pE hOnaa. kago menet, telle vikku","அந்தத் தண்ணீரைக் குடிக்கக் கூடாது, ஏனென்றால் அது விஷம்",Do not drink that water because it is poisonous,pron,corpus_sourashtradictionary
ஸேத்தெ ஹால்,sEtte haal,இருப்பதால்,Because,பு2ரொ ஹொயெ ஹன்னவ் ஸேத்தெ ஹால் தா3ன் கெரராஸ்,phuro hoye hannav sEtte haal daan keraraas,போதிய பணம் இருப்பதால் தானம் செய்கிறார்,He donates because he has enough money,pron,corpus_sourashtradictionary
தெகொ3ஹால்,tegohaal,"அதனால், ஆகையால், எனவே","Therefore, So",தெகொ3ஹால் தெனு சுரும் ஜியாஸ்,tegohaal tenu curum jiyaas,அதனால் அவர் சீக்கிரம் சென்றார்,So he went quickly,pron,corpus_sourashtradictionary
தெக ஹால்,teka haal,அதைக் கொண்டு,With it,தெக ஹால் அமி அவ்ங்கொ ரக்ஷுல்னொ,teka haal ami avngko rakshulno,அதைக் கொண்டு நாம் நம்மைப் பாதுகாத்துக் கொள்ள வேண்டும்,We should protect ourselves with it,pron,corpus_sourashtradictionary
ஹால்,haal,"மூலமாக, ஆல்","By, Because of",தெனு அபுல் பெ4ய்ன் ஹால் பரீக்ஷொ லிக்யாஸ்,tenu apul bheyn haal pareeksho likyaas,அவர் தனது சகோதரியால் தேர்வெழுதினார்,He took the exam because of his sister,pron,corpus_sourashtradictionary
லொகு3த்தொ,logutto,அருகில்,Near,தெனு மொரெ கே4ர் லொகு3த்து வஸராஸ்,tenu more ghEr loguttu vasaraas,அவர் என் வீட்டிற்கு அருகில் வசிக்கிறார்,He lives near my house,pron,corpus_sourashtradictionary
ஸொவடு,sovaTu,அருகில்,Near,ஸுந்து3ரு ஸொவடு நரளு ஜா2டு3ன் ஜு2க்கு ஹொட3யி,sunduru sovaTu naraLu jhaaDun jhukku hoDayi,கடலுக்கு அருகில் தென்னை மரங்கள் அதிகமாக வளரும்,Coconut trees grow abundantly near the sea,pron,corpus_sourashtradictionary
அனுஸார்,anusaar,"படி, அதன்படி, இசைய",According to,"ரூடி4 அனுஸார், தெனு வேட் பி3ல்லி ஹொத்3யாஸ்","rooDhi anusaar, tenu vET billi hodyaas","பாரம்பரியத்தின் படி, அவர் வேட்டி அணிந்திருந்தார்","According to tradion, he was wearing Dhoti",pron,corpus_sourashtradictionary
நொம்மி,nommi,சார்ந்து,Depend,மீ தொகொ3 நொம்மி ந்ஹீ,mee togo nommi nhee,நான் உன்னை சார்ந்து இல்லை,I do not depend on you,pron,corpus_sourashtradictionary
தயெ தா4னுக்,taye dhaanuk,"பொறுத்து, ஏற்ப, ஏற்றபடி",Depending on,உத்பத்திக் தயெ தா4னுக் மோல் மர்ச்சாயி,utpattik taye dhaanuk mOl marccaayi,உற்பத்தியைப் பொறுத்து விலை மாறுபடும்,Price vary depending on the production,pron,corpus_sourashtradictionary
தா4னுக்,dhaanuk,"அதுபோல, அதன்படி","Like that, As per, Accordingly",ஸுனொ ஸங்கெ3 தா4னுக் கெரரஸ்,suno sangge dhaanuk keraras,நாய் சொன்னபடி செய்கிறது,The dog does as it is told,pron,corpus_sourashtradictionary
ஹோனுக்,hOnuk,"என, என்று, என்பதாக","As, That, Viz., That is","அம்ப3ட், கெ2ருட், ஒகு3ர், கொடு3, கு3ல்லெ, திக்கெ ஹோனுக் ருசின் ஸோயோ","ambaT, kheruT, ogur, koDu, gulle, tikke hOnuk rucin sOyO","புளிப்பு, உப்பு, துவர்ப்பு, கசப்பு, இனிப்பு, காரம் என சுவைகள் ஆறு","Tastes are six viz., Sour, Salty, Astringent, Bitter, Sweet, Pungent",pron,corpus_sourashtradictionary
ஸோன்,sOn,"போன்ற, போல",Like that,தொரொ ஸொகன் மீ கொங்கி3க் ஸீரனி,toro sokan mee konggik seerani,உன்னைப்போல் நான் யாரையும் பார்த்ததில்லை,I have never seen anyone like you,pron,corpus_sourashtradictionary
தெல்லெ தா4னுக்,telle dhaanuk,"அதேபோல், அவ்வாறே","Similarly, Likewise",தெங்கொ3 பொண்டி3 தொ3வ்ட3த்தக் ஒப்பாய். தெல்லே தா4னுக் தெங்கொ3 சலத்தக் ஒப்பாய்,tenggo poNDi dovDattak oppaay. tellE dhaanuk tenggo calattak oppaay,"அவருக்கு கார் ஓட்ட பிடிக்கும். அதேபோல், அவருக்கு நடக்க பிடிக்கும்","He likes to drive a car. Likewise, he likes to walk",pron,corpus_sourashtradictionary
ஹோர்செடி3,hOrceDi,"மேற்கொண்டு, மேலே","Further, Above","ஜா2ட்3 ஹோர்செடி3 ஹொட்3தொ, ஹொட்3தொ ஜு2க்கு ஸைலொ தி3யெஸ்","jhaaD hOrceDi hoDto, hoDto jhukku sailo diyes","மரம் மேற்கொண்டு வளர, வளர நிறைய நிழல் கொடுத்தது",The tree gave a lot of shade as it grow and grow further,pron,corpus_sourashtradictionary
ஹொல்லொ,hollo,"மேலும், மேற்கொண்டு","Further, Besides, Additional, Extra",ஹொல்லொ காய் கெரத்திஸொ யோஜனொ கெர்ராஸ்?,hollo kaay kerattiso yOjano kerraas?,மேலும் என்ன செய்ய திட்டமிட்டுள்ளீர்கள்?,What are you planning to do further?,pron,corpus_sourashtradictionary
ஜுக்3கு3,juggu,"மிகுதியாக, அதிகம்",Plenty,பனி ஜுக்3கு3 ஸேத்தேட் நரள் ஜா2ட்3 ஹொட3யி,pani juggu sEttET naraL jhaaD hoDayi,தண்ணீர் அதிகம் உள்ள இடத்தில் தென்னை மரங்கள் வளரும்,Coconut trees grow where there is plenty of water,pron,corpus_sourashtradictionary
வேன்,vEn,"நிரம்ப, நிறைய","Much, A lot",தெனு வேன் மக3ராஸ்,tenu vEn magaraas,அவர் நிறைய கேட்கிறார்,He is asking a lot,pron,corpus_sourashtradictionary
ஜு2கு3,jhugu,"பல, அதிகம், மிகுதி","Many, Much, More",ஹூனு ஹால் ஜு2கு3 தெனு தா4ம் தெ4ர்த்தியா,hoonu haal jhugu tenu dhaam dherttiyaa,வெயிலின் காரணமாக பல பேர் ஓட்டம் பிடித்தனர்,Many ran away because of the heat,pron,corpus_sourashtradictionary
ஜு2க்கு,jhukku,"நிறைய, அதிகமான, பெரும்பாலான","Most, A lot",ஜு2க்கு மூகு3ன் ராணும் ஜிவஸு,jhukku moogun raaNum jivasu,பெரும்பாலான விலங்குகள் காடுகளில் வாழ்கின்றன,Most animals live in the wild,pron,corpus_sourashtradictionary
ஜு2கு3வேன்,jhuguvEn,மிக அதிகம்,Too much,"ஹித்3தி3 ந்ஹன்ன கொ2ட்டாக் ரூ 10,000 ஜு2கு3வேன்","hiddi nhanna khoTTaak roo 10,000 jhuguvEn","இவ்வளவு சிறிய அறைக்கு ரூ.10,000 மிக அதிகம்","Rs 10,000 is too much for such a small room",pron,corpus_sourashtradictionary
வேன்ஜு2க்கு,vEnjhukku,மிக அதிகம்,Too much,ஏட் பொ3ண்டி3 தரொ வேன்ஜு2க்கு மெனி லக3ரஸ்,ET boNDi taro vEnjhukku meni lagaras,இங்கு கார் கட்டணம் மிக அதிகம் என்று நினைக்கிறேன்,I think car fares are too much here,pron,corpus_sourashtradictionary
ஜு2க்குகன்,jhukkukan,பெரும்பாலும்,Mostly,ஜு2க்குகன் ஒள்டு3ன் ஹூனுஹால் பா3தொ3 பொட3ராஸ்,jhukkukan oLDun hoonuhaal baado poDaraas,பெரும்பாலும் வயதானவர்கள் வெயிலால் பாதிக்கப்படுகின்றனர்,Mostly the elderly suffer from hot sun,pron,corpus_sourashtradictionary
ரமாரமி,ramaarami,"கிட்டத்தட்ட, ஏறக்குறைய, தோராயமாக, ஏறத்தாழ","Almost, Approximately, Average",எல்லெ கே4ர் ப4ந்தி3 ரமாரமி 50 ஒர்ஸுன் ர்ஹாய்,elle ghEr bhandi ramaarami 50 orsun rhaay,இந்த வீடு கட்டி ஏறக்குறைய 50 வருடங்கள் இருக்கும்,It will be approximately 50 years since the house was built,pron,corpus_sourashtradictionary
ஹோரு ஹோரு,hOru hOru,"மீண்டும் மீண்டும், அடிக்கடி","Again and Again, Often, Frequent",மொகொ3 ஹோரு ஹோரு மெனட்னகொ3,mogo hOru hOru menaTnago,என்னை மீண்டும் மீண்டும் சொல்ல வைக்காதே,Do not make me tell again and again,pron,corpus_sourashtradictionary
உன்னொஉபி3ர்,unneaaubir,கூடக்குறைய,"More or less, Plus or minus",ஸம்பா3ரும் மீட் ரொவ்வொ உன்னொஉபி3ர் ர்ஹவாய்,sambaarum meeT rovvo unnoubir rhavaay,சாம்பாரில் உப்பு கொஞ்சம் கூடக்குறைய இருக்கலாம்.,The salt in the sambar may be a llittle more or less,pron,corpus_sourashtradictionary
ஒண்டேஸ்கொ,oNTEsko,"ஒன்றாக, ஒரேயடியாக","Together, At once",ஒண்டேஸ்கொ சொட்3டொ3 வத்தொ கெர்னாங்கொ3,oNTEsko coDDo vatto kernaanggo,ஒரேயடியாக பொய் சொல்லாதீர்கள்,Do not lie at once,pron,corpus_sourashtradictionary
செரி,ceri,"ஒன்றாக, உடன்","Together, Along with",துமி தீ3தெனு செரி பி3ஸுவொ,tumi deetenu ceri bisuvo,நீங்கள் இருவரும் ஒன்றாக உட்காருங்கள்,You two sit together,pron,corpus_sourashtradictionary
ஸதா3கலம்,sadaakalam,"என்றென்றும், எப்போதும்",Forever,தெனொ ஸதா3கலம் தெங்கோ3ஸ் ஹவ்டி3லேத் ஸே,teno sadaakalam tenggOs havDilEt sE,அவள் என்றென்றும் அவரையே நினைத்துக் கொண்டு இருக்கிறாள்,She is thinking of him forever,pron,corpus_sourashtradictionary
"ஒண்டொண்டெ, ஒண்டொண்டொ","oNToNTe, oNToNTo","ஒவ்வொரு, ஒவ்வொன்றும்","Every, Each one",கூ4ஸுன் ஒண்டொண்டெ காய் ம்ஹொடொ3 ஸே !,ghoosun oNToNTe kaay mhoDo sE !,பெருச்சாளிகள் ஒவ்வொன்றும் என்ன பெரிதாக இருக்கிறது !,How big are each of the bandicoot rats!,pron,corpus_sourashtradictionary
ஒண்டால்,oNTaal,"ஒரு தடவை, ஒரு முறை","One time, Once",ஒண்டால் தோன் தெ3க்கட்டி ஜா,oNTaal tOn dekkaTTi jaa,ஒருமுறை முகத்தை காட்டிவிட்டு செல்,Show your face once and go,pron,corpus_sourashtradictionary
ஒண்டால் தி3,oNTaal di,"ஒரு தடவையாவது, ஒரு முறையாவது",At least once,வாரும் ஒண்டால் தி3 ந்ஹவன் க4ல்லெ,vaarum oNTaal di nhavan ghalle,வாரம் ஒரு முறையாவது எண்ணெய் தேய்த்துக் குளி,Take an oil bath at least once a week,pron,corpus_sourashtradictionary
ஒண்ட்டால் மெல்லொ,oNTTaal mello,ஒருபோதும்,Never,மீ ஒண்ட்டால் மெல்லொ ஹுடா3னும் ஜீரனி,mee oNTTaal mello huDaanum jeerani,நான் ஒருபோதும் விமானத்தில் சென்றதில்லை,I have never been on a plane before,pron,corpus_sourashtradictionary
ஒவேளும்,ovELum,ஒருபோதும்,Never,தெனொ ஒவேளும் சொட்3டொ3 வத்தொ கெர்னா,teno ovELum coDDo vatto kernaa,அவள் ஒருபோதும் பொய் சொல்ல மாட்டாள்,She will never lie,pron,corpus_sourashtradictionary
வாட்கன்,vaaTkan,மூலமாக,Through,மொரெ ஐங்கே4ர்போ3 வாட்கன் மொகொ3 ஸமாசார் அப்3பெ3ஸ்,more aingghErbO vaaTkan mogo samaacaar abbes,என் தாத்தா மூலம் எனக்கு செய்தி கிடைத்தது,I got the message through my grandfather,pron,corpus_sourashtradictionary
அதீதம்,ateetam,தீவிரம்,"Extreme, Intensive",தெனு அதீத கரென் ஹெட்3லேத் அவராஸ்,tenu ateeta karen heDlEt avaraas,அவர் தீவிர நடவடிக்கைகளை எடுத்து வருகிறார்,He is taking extreme measures,pron,corpus_sourashtradictionary
பரம,parama,மிகவும்,Extremely,வத்3தி3 பரம ஸொந்தோஷ் பொட்3யாஸி,vaddi parama sontOsh poDyaasi,ஆசிரியர் மிகவும் மகிழ்ச்சியடைந்தார்,The teacher was extremely happy,pron,corpus_sourashtradictionary
ஹோத்தக்,hOttak,"நிகழ, நடைபெற, நடக்க","To happen, To take place",திஸனி அஸ்கி ஹோத்தக் முஸுனா,tisani aski hOttak musunaa,அப்படியெல்லாம் நடக்க முடியாது,It can not happen like that,pron,corpus_sourashtradictionary
தெ4ரி,dheri,"பற்றி, குறித்து","About, Regarding",மாய் ஸதா3 அபுல் பில்லல்னுக் தெ4ரி விசார் பொட3ஸு,maay sadaa apul pillalnuk dheri vicaar poDasu,தாய் எப்போதும் தன் குழந்தைகளைப் பற்றி கவலைப்படுகிறாள்,Mother is always worried about her children,pron,corpus_sourashtradictionary
தொகன்,tokan,இருந்து,From,தெனு அபுல் ஶில்மொ தொகன் அப்3பெ3 ஹன்னவும் கே4ர் ப4ந்த்3யாஸி,tenu apul ssilmo tokan abbe hannavum ghEr bhandyaasi,அவர் தன் உழைப்பில் இருந்து கிடைத்த பணத்தில் வீடு கட்டினார்,He built the house with the money he got from his labor,pron,corpus_sourashtradictionary
ர்ஹீ,rhee,இருந்து,"From, Since",மீ 2009 ம் ர்ஹீ அமெரிக்காம் ஸேத்தெ,mee 2009 m rhee amerikkaam sEtte,நான் 2009 முதல் அமெரிக்காவில் இருக்கிறேன்,I have been in the United States since 2009,pron,corpus_sourashtradictionary
வேள் ர்ஹீ,vEL rhee,இருந்து,Since,பொ3ண்டி3 க2டெ3 வேள் ர்ஹீ ஹிம்ஸோஸ்,boNDi khaDe vEL rhee himsOs,வாகனம் வாங்கியதில் இருந்தே தொல்லை தான்,It's been a nuisance since I bought the vehicle,pron,corpus_sourashtradictionary
தோன் ர்ஹீ,tOn rhee,ஆக,For,தீ3தி3 தோன் ர்ஹீ ஸுனொ கை2ரனி,deedi tOn rhee suno khairani,இரண்டு நாட்களாக நாய் சாப்பிடவில்லை,The dog has not eaten for two days,pron,corpus_sourashtradictionary
லெந்து,lentu,வரை,"To, Till, Until, Upto",அம்பா3க் ஸா லெந்து பில்லொ ரொட்3லேத் ஹொதெ3ஸி,ambaak saa lentu pillo roDlEt hodesi,அம்மாவை பார்க்கும் வரை குழந்தை அழுது கொண்டிருந்தது,The kid was crying till he saw his mother,pron,corpus_sourashtradictionary
எவெள் லெந்து,eveL lentu,"இது வரை, இன்னும்","Until, Yet, Still",த3ரி எவெள் லெந்து அவ்ரினி,dari eveL lentu avrini,வேலைக்காரி இது வரை வரவில்லை,The maid has not shown up until now,pron,corpus_sourashtradictionary
லொவ்லாம்,lovlaam,"உள், உள்ளே",Within,எல்லெ பெய்னொ 3 கெ4ண்ட4யன் லொவ்லாம் ர்ஹாய்,elle peyno 3 gheNDhayan lovlaam rhaay,இந்த பயணம் 3 மணி நேரத்திற்குள் இருக்கும்,The trip will be within 3 hours,pron,corpus_sourashtradictionary
ஜதொ ஜதொ,jato jato,"போகப்போக, செல்ல செல்ல",Went on,வேள் ஜதொ ஜதொ தப்பினி ஹிங்கி3லேத் அவெஸி,vEL jato jato tappini hinggilEt avesi,நேரம் செல்ல செல்ல வெப்பநிலை உயர்ந்து கொண்டே வந்தது,The temperature kept rising as time went on,pron,corpus_sourashtradictionary
அவ்தொ அவ்தொ,avto avto,வர வர,"Lately, Of late, Recently",அவ்தொ அவ்தொ தீ3 செக்குர் பொ3ண்டி3 தொ3வ்ட3த்தக் தா4க் கெரரஸ்,avto avto dee cekkur boNDi dovDattak dhaak keraras,வர வர இரு சக்கர வாகனம் ஓட்ட பயமாக இருக்கிறது,"Of late, it is scary to drive a two-wheeler",pron,corpus_sourashtradictionary
அவ்ராம் அமி,avraam ami,நமக்குள்,"Among us, Within us","அவ்ராம் அமி மல்லியெத், ப4ராடு3 தெனு பி4த்தர் அவ்ட3ன்","avraam ami malliyet, bharaaDu tenu bhittar avDan",நமக்குள் சண்டையிட்டால் வெளியாட்கள் உள்ளே புகுந்து விடுவார்கள்,"If we fight ourselves, outsiders will infiltrate",pron,corpus_sourashtradictionary
ரொவ்வாம் ரொவ்வொ,rovvaam rovvo,"கொஞ்சத்திற்கு கொஞ்சமாவது, ஓரளவுக்கு","At least, To some extent",துமி தெங்கொ3 ரொவ்வாம் ரொவ்வொ கெரத்தக் ஸொட்3னொ,tumi tenggo rovvaam rovvo kerattak soDno,நீங்கள் அவர்களை ஓரளவுக்கு செய்ய விட வேண்டும்,You have to let them do to some extent,pron,corpus_sourashtradictionary
ரொவ்வொ ரொவ்வொ,rovvo rovvo,கொஞ்சம் கொஞ்சம்,Little by little,தெனு ரொவ்வொ ரொவ்வொ கெரி ரீண் ஸர்த்தியா,tenu rovvo rovvo keri reeN sarttiyaa,அவர் கொஞ்சம் கொஞ்சமாக கடனை அடைத்தார்,He paid off the debt little by little,pron,corpus_sourashtradictionary
ஒளொ,oLo,"கொஞ்சம், சிறிது",Little,தெனு ஒளொ ஒர்ஸு ஹொயாத்தெனு,tenu oLo orsu hoyaattenu,அவர் கொஞ்சம் வயதானவர்,He is a little old,pron,corpus_sourashtradictionary
ஒளொதிளொ,oLotiLo,"கொஞ்சநஞ்சம், சிறிதளவு",A little,தெனொ மொகொ3 கெரெ ஹிம்ஸொ ஒளொதிளொயா?,teno mogo kere himso oLotiLoyaa?,அவன் எனக்குக் கொடுத்த தொல்லை கொஞ்சநஞ்சமா?,Is the harassment he gave me a little bit?,pron,corpus_sourashtradictionary
ஒளோகு,oLOku,கொஞ்சமாக,A little,ஒளோகு பனி ஸொட்3னொ,oLOku pani soDno,கொஞ்சமாக தண்ணீர் ஊற்றவும்,Pour a little water,pron,corpus_sourashtradictionary
ரோம்கொ,rOmko,"கொஞ்சமாக, ஓரளவு","Somewhat, A little",மொகொ3 ரோம்கொ ஹிந்தி3 சொவ்த3த்தக் களாய்,mogo rOmko hindi covdattak kaLaay,எனக்கு ஓரளவு ஹிந்தி படிக்கத் தெரியும்,I can read Hindi a little,pron,corpus_sourashtradictionary
தோத் பொடெ3த்,tOt poDet,வாய்ப்பு கிடைத்தால்,If get a chance,தோத் பொடெ3த் கே4ர் அவொ,tOt poDet ghEr avo,வாய்ப்பு கிடைத்தால் வீட்டுக்கு வாருங்கள்,Come home if you get the chance,pron,corpus_sourashtradictionary
ஒகவேள்,okavEL,ஒரு வேளை,"In Case, Suppose",ஒகவேள் தெனொ ஸானா ஜியெத்?,okavEL teno saanaa jiyet?,ஒரு வேளை அவர் பார்க்கவில்லை என்றால்?,In case he does not see?,pron,corpus_sourashtradictionary
முது3ல்லோஸ்,mudullOs,"ஏற்கனவே, முன்கூட்டியே","Already, In advance",மொகொ3 முது3ல்லோஸ் களாய்,mogo mudullOs kaLaay,எனக்கு ஏற்கனவே தெரியும்,I know it already,pron,corpus_sourashtradictionary
கிங்கெ,kingke,ஏது,How can,காம் ந்ஹீத்தெகொ3 ஹொராட் கிங்கெ?,kaam nheettego horaaT kingke?,வேலை இல்லாதவனுக்கு திருமணம் ஏது?,How marriage for an unemployed?,pron,corpus_sourashtradictionary
தொப்பிதொரி,toppitori,"தவறுதலாக, ஒரு வேளை","By chance, In case","தொப்பிதொரி வம்னி அவெத், எல்லெ கொ3ளிக் க2வொ","toppitori vamni avet, elle goLik khavo","ஒரு வேளை வாந்தி வந்தால், இந்த மாத்திரையை சாப்பிடுங்கள்","In case you have vomiting, take this pill",pron,corpus_sourashtradictionary
உன்னொ பொட3யொ,unno poDayo,குறைந்தபட்சம்,"Minimum, At least",உன்னொ பொட3யொ தீ2ன் தி3ன்னு லக3ய்,unno poDayo theen dinnu lagay,குறைந்தபட்சம் மூன்று நாட்கள் ஆகும்,It will take minimum three days,pron,corpus_sourashtradictionary
பா4ஞ்சன்,bhaanjcan,ஆச்சரிய வார்த்தை,Exclamatory word,"பா4ஞ்சன், காய் ஒண்டெ புஸினி !!!","bhaanjcan, kaay oNTe pusini !!!","ஆஹா, என்ன ஒரு கேள்வி!!!","Wow, what a question !!!",pron,corpus_sourashtradictionary
ஹித்3தி3,hiddi,"மிகச்சிறிய, சிறிதளவு, இவ்வளவு","Very small, Minute, Little bit",ஹித்3தி3 ந்ஹன்ன கொ4ம்மொ துமி கோனக் ஜிவராஸ்?,hiddi nhanna ghommo tumi kOnak jivaraas?,இவ்வளவு சிறிய வீட்டில் நீங்கள் எப்படி வசிக்கிறீர்கள்?,How do you live in such a small house?,pron,corpus_sourashtradictionary
இஸ்னொ,isno,"மிகச்சிறிய, சிறிது","Very small, Tiny, Little","இஸ்னொ அல்லொ செர்ச்செத், குருமா ருசிகன் ர்ஹாய்","isno allo cerccet, kurumaa rucikan rhaay",சிறிது இஞ்சி சேர்த்தால் குருமா சுவையாக இருக்கும்,Add a little ginger to make the Kuruma tasty,pron,corpus_sourashtradictionary
தீளுக்கொ,teeLukko,சிறிதளவு,"Much little than sesame, Very little, Tiny",கோ3ஸ் தீளுக்கொ ரெங்கு3 பு4ர்கொ தாய்,gOs teeLukko renggu bhurko taay,சும்மா சிறிதளவு சாயப்பொடி போடு,Just add very little color powder,pron,corpus_sourashtradictionary
அவஸ்யம்,avasyam,"கட்டாயம், தேவையான","Must, Necessary",துமி அவஸ்யம் அவ்ரெ கே4ர் அவ்னொ,tumi avasyam avre ghEr avno,நீங்கள் கட்டாயம் எங்கள் வீட்டிற்கு வர வேண்டும்,You must come to our house,pron,corpus_sourashtradictionary
அத்3யாவஸ்யம்,adyaavasyam,இன்றியமையாதது,Essential,வாத3ளொ அவரியொஹால் அத்3யாவஸ்யம் ஹொயெ வஸ்துன் க2டி3 தொ3வ்லுவொ,vaadaLo avariyohaal adyaavasyam hoye vastun khaDi dovluvo,புயல் வருவதால் இன்றியமையாத பொருட்களை வாங்கவும்,Buy essentials as the storm comes,pron,corpus_sourashtradictionary
அனாவஸ்யம்,anaavasyam,தேவையற்ற,"Unwanted, Unnecessary",அஸ்கி அனாவஸ்யம் ஹொயெ வஸ்துனுன் விஸ்தவொ,aski anaavasyam hoye vastunun vistavo,அனைத்து தேவையற்ற பொருட்களையும் தூக்கி எறியவும்,Throw all unnecessary items,pron,corpus_sourashtradictionary
அத2வா,athavaa,"ஆகிலும், எனினும், அல்லது",However,தெனு த4னவான். அத2வா வேன் ஸாதா4ரணம் ஹொயாத்தெனு,tenu dhanavaan. athavaa vEn saadhaaraNam hoyaattenu,"அவர் பணக்காரர். எனினும், அவர் மிகவும் எளிமையானவர்","He is rich. However, he is very simple",pron,corpus_sourashtradictionary
அத்3தி3கு,addiku,மிகுதியாக,Abundantly,பொள்ளான் அத்3தி3கு அப்3ப3ரஸ்,poLLaan addiku abbaras,பழங்கள் ஏராளமாக கிடைக்கிறது,Fruits are available in abundance,pron,corpus_sourashtradictionary
ஏடா2ம்,EThaam,இந்த இடத்தில்,At / In this place,மீ ஏடா2ம் ஹொடெ3யொ,mee EThaam hoDeyo,நான் இந்த இடத்தில் வளர்ந்தேன்,I grew up in this place,pron,corpus_sourashtradictionary
கை,kai,"எதுவும், ஒன்றும்",Nothing,தை3வத்தொகின் யத்னு செர்னாத்தக் கை ஹோனா,daivattokin yatnu cernaattak kai hOnaa,அதிர்ஷ்டமும் முயற்சியும் இல்லாமல் எதுவும் நடக்காது,Nothing happens without the addition of luck and effort,pron,corpus_sourashtradictionary
கொகொலெந்தொ,kokolento,"எதனால், ஏன்",Why,கொகொலெந்தொ அங்குன் உன்னொ பொட3யொ?,kokolento angkun unno poDayo?,மதிப்பெண்கள் ஏன் குறைந்தது?,Why are the scores low?,pron,corpus_sourashtradictionary
கோன்லெங்கு3,kOnlenggu,எதுவரை,How long?,மீ அங்கு3 கோன்ல்3ங்கு3 ஜனொ ஹோரியொ?,mee anggu kOnlnggu jano hOriyo?,நான் இன்னும் எதுவரை செல்ல வேண்டும்?,How far should I go still?,pron,corpus_sourashtradictionary
தெகலெந்த,tekalenta,அதுவரை,"Till then, Until then",தெகலெந்த மீ கா2ன் ஜாரியொ ந்ஹீ,tekalenta mee khaan jaariyo nhee,அதுவரை நான் சாப்பிடப் போவதில்லை,Until then I am not going to eat,pron,corpus_sourashtradictionary
"ஸியென், அவுஸ்","siyen, avus","போய் வருகிறேன், பார்ப்போம், விடை பெறு",Bye,தெனொ அஸ்கிதெங்கொ3 ஜொவள் ஜீலி அவுஸ் மெனி மென்தி நிகி3ளி ஜீஸ்,teno askitenggo jovaL jeeli avus meni menti nigiLi jees,அவள் எல்லோரிடமும் விடைபெற்றுச் சென்றாள்,She said bye to all and left,pron,corpus_sourashtradictionary
ஜியென்,jiyen,போகலாம்,Let's go,அமி த4வ்ராக் ஜியென்,ami dhavraak jiyen,நாம் கோயிலுக்குப் போவோம்,Let us go to temple,pron,corpus_sourashtradictionary
ஜியென்யா ?,jiyenyaa ?,போகலாமா ?,Shall we go ?,அமி சல்சித்ராக் ஜியென்யா?,ami calcitraak jiyenyaa?,நாம் படத்திற்கு போகலாமா?,Shall we go to the movies?,pron,corpus_sourashtradictionary
த்யெ,tye,அந்த,That,த்யெ ஒய்து3 கோனு?,tye oydu kOnu?,யார் அந்த மருத்துவர்?,Who is that doctor?,pron,corpus_sourashtradictionary
ப2ல,phala,பிறகு,Later,ப2ல விசார் பொட3 ஹோனா,phala vicaar poDa hOnaa,பிறகு கவலைப்படக் கூடாது,Should not worry later,pron,corpus_sourashtradictionary
பி4ள்ளொ,bhiLLo,சிறப்பாக,"Better, Great",ஸெட்டி பி4ள்ளொகன் சலெஸ்,seTTi bhiLLokan cales,பெயர் சூட்டும் விழா சிறப்பாக நடந்தது,The naming ceremony went great,pron,corpus_sourashtradictionary
பொ4வெ,bhove,"அநேக, பல","Many, Numinous",ஸெட்டிக் பொ4வெ ஒஸ்துன் அவி ஹொத்3யாஸ்,seTTik bhove ostun avi hodyaas,பெயர் சூட்டும் விழாவிற்கு அநேக உறவினர்கள் வந்திருந்தனர்,Many relatives came to the naming ceremony,pron,corpus_sourashtradictionary
வினேக,vinEka,தவிர,"Apart, Apart from, Except, Excluding, Other than",தெங்கொ3 வினேக கொங்கி ஹால் தெல்லெ கெரத்தக் முஸுனா,tenggo vinEka kongki haal telle kerattak musunaa,அவரைத் தவிர யாராலும் அதைச் செய்ய முடியாது,"Except him, no one can do that",pron,corpus_sourashtradictionary
ஜத,jata,தவிர,"Apart, Apart from, Except, Excluding, Other than",தெல்லெ அங்கி3டி3ம் பூ2ல் ஜத அஸ்கி அப்3ப3ய்,telle anggiDim phool jata aski abbay,அந்தக் கடையில் பூவைத் தவிர அனைத்தும் கிடைக்கும்,You get everything except flower in that shop,pron,corpus_sourashtradictionary
ஜதொ,jato,தவிர,"Apart, Apart from, Except, Excluding, Other than",அம்பொ3 ஜதொ து3ஸுரெ கொங்கிஹால் ஸீலத்தக் முஸுனா,ambo jato dusure kongkihaal seelattak musunaa,அம்மாவைத் தவிர வேறு யாராலும் பார்த்துக்கொள்ள முடியாது,No one can take care of it except mom,pron,corpus_sourashtradictionary
உரேகதி,urEkati,தவிர,"Apart, Apart from, Except, Excluding, Other than",பல்லினி ஹிம்ஸொ கெ4ர்பின் உரேகதி கொங்க3க் களாய்?,pallini himso gherpin urEkati konggak kaLaay?,பிரசவ வலி பற்றி கர்ப்பிணிகளை தவிர யாருக்கு தெரியும்?,Who knows about labor pains except pregnant women?,pron,corpus_sourashtradictionary
வெகுளொ,vekuLo,வேறுபட்ட,Different,தெங்கொ3 ராஸி ஒண்டேஸ் ஹொயெத்மெள்ளி நெட்சத்ருன் வெகுளொ,tenggo raasi oNTEs hoyetmeLLi neTcatrun vekuLo,அவர்களுக்கு ராசி ஒன்றுதான் என்றாலும் நட்சத்திரங்கள் வேறு,"Although the zodiac is the same, the stars are different for them",pron,corpus_sourashtradictionary
ஸன்,san,உன்னத,"Noble, Topnotch, Excellent",தெனு கொ2ப்3பி3ம் ஸன் ஹொயெ காராணாக் தா3ன் தே3ராஸ்,tenu khobbim san hoye kaaraaNaak daan dEraas,அவர் எப்போதும் உன்னத நோக்கத்திற்காக தானம் செய்கிறார்,He always donates for a noble cause,pron,corpus_sourashtradictionary
ஸு,su,"நல்ல, அழகிய, சிறந்த","Nice, Fine, Good, Best, Beauty",ஒர்ஸு ஹொயெ மாய்பா3புக் ஸீலத்தெனோஸ் ஸு புத்ருனு,orsu hoye maaybaapuk seelattenOs su putrunu,வயதான பெற்றோரைப் பராமரிப்பவர்கள் சிறந்த மகன்கள்,Those who care for aging parents are the best sons,pron,corpus_sourashtradictionary
ஸாம்மு,saammu,"எதிரில், முன்னால்",In front,மொரெ ஸாம்மு ஹொதெ3 அங்கி3டி3 ஹுலொ லய்டி3யொ,more saammu hode anggiDi hulo layDiyo,எனக்கு எதிரே இருந்த கடை தீப்பிடித்தது,The shop in front of me caught fire,pron,corpus_sourashtradictionary
ஸுடம்,suTam,"சீரான, சீராக","Consistent, Steady",ரொகி3 நாடி3 ஸுடம் ஸே,rogi naaDi suTam sE,நோயாளியின் துடிப்பு சீராக உள்ளது,The patient's pulse is steady,pron,corpus_sourashtradictionary
ஸுஹாஸ்,suhaas,மந்தகாசம்,"Slowness, Soft",தெனு ஸுஹாஸ்கன் அஸ்யாஸி,tenu suhaaskan asyaasi,அவர் மந்தகாசமாக சிரித்தார்,He smiled softly,pron,corpus_sourashtradictionary
ஊடொ3,uuDo,இடையே,Between,த3ல்லொ பெ3ய்லுக் ஊடொ3 அமி ஜா ஹோனா,dallo beyluk uuDo ami jaa hOnaa,கணவன் மனைவி இடையே நாம் தலையிடக் கூடாது,We should not interfere between husband and wife,pron,corpus_sourashtradictionary
அட்3ட3ம்,aDDam,"குறுக்கே, தடை, இடைஞ்சல், குறுக்கீடு","Across, Interference, Hurdle",மொரெ அட்3ட3ம் ஹிப்3பி3 ர்ஹானகொ3,more aDDam hibbi rhaanago,எனக்கு குறுக்கே நிற்காதே,Do not stand across from me,pron,corpus_sourashtradictionary
அட்3ட3மட்3ட3ம்,aDDamaDDam,இடையிடையே,Intermittantly,கெ2னி ஸங்க3த்தவேள் அட்3ட3மட்3ட3ம் ரொடி3ஸி,kheni sanggattavEL aDDamaDDam roDisi,கதை சொல்லும் போது இடையிடையே அழுதாள்,She cried intermittently while narrating the story,pron,corpus_sourashtradictionary
ம்ஹத்3தி3,mhaddi,நடுவில்,Centre,மது3ராக் ம்ஹத்3தி3 அம்மா த4வ்ரொ ஸே,maduraak mhaddi ammaa dhavro sE,மதுரையின் மையத்தில் மீனாட்சி அம்மன் கோவில் உள்ளது,The Meenakshi Amman Temple is located in the center of Madurai,pron,corpus_sourashtradictionary
ம்ஹஜார்,mhajaar,"நடு, மையம்",Center,தொப்பலுக் ம்ஹஜார் ஹிரனு த3மர் ஸே,toppaluk mhajaar hiranu damar sE,தெப்பக்குளத்தின் மையத்தில் தங்க தாமரை உள்ளது,In the center of the pond is the golden lotus,pron,corpus_sourashtradictionary
ஜஜ்ஜா,jajjaa,போ போ,Go go,"ஜஜ்ஜா, பி2ஜ்ஜாய் தொரெ ஸெரொ","jajjaa, phijjaay tore sero","போ, போ, போதும் உன்னுடன்","Go, go, enough with you",pron,corpus_sourashtradictionary
கெரு,keru,செய்வேன்,"Will do, Will",மொகொ3 ஒப்பயத் ஒண்டேஸ் கெரு,mogo oppayat oNTEs keru,எனக்கு பிடித்தால் மட்டுமே செய்வேன்,I will only do it if I like it,pron,corpus_sourashtradictionary
கெர்னா,kernaa,மாட்டேன்,"Won't, Wont, Will not, Will not do",மொகொ3 ஒப்பானாத்த ஹால் மீ கெர்னா,mogo oppaanaatta haal mee kernaa,எனக்கு பிடிக்காததால் செய்ய மாட்டேன்,I won't do it because I don't like it,pron,corpus_sourashtradictionary
ஹோ,hO,ஹேய்,Hi,"ஹோ, கோனக் ஸே?","hO, kOnak sE?","ஹாய், எப்படி இருக்கிறீர்கள்?","Hi, how are you?",pron,corpus_sourashtradictionary
அஹோ,ahO,ஹே,Hey,"அஹோ பில்லல்னுவோ, கோட் ஜாரியொ?","ahO pillalnuvO, kOT jaariyo?","ஹே குழந்தைகளே, எங்கு செல்கிறீர்கள்?","Hey kids, where are heading to?",pron,corpus_sourashtradictionary
வராமான்,varaamaan,வானிலை,Weather,வரொகின் வாத3ளொ ஹால் வராமான் நிச்சு மர்ச்சாஸு,varokin vaadaLo haal varaamaan niccu marccaasu,காற்று மற்றும் புயல் காரணமாக நாள்தோறும் வானிலை மாறுகிறது,The weather changes daily due to winds and storms,weather,corpus_sourashtradictionary
ஹூன்,hoon,வெயில்,Sunny,ஹிந்தொ3 ஹூன் வேன் ஸே,hindo hoon vEn sE,இன்று வெயில் அதிகமாக உள்ளது,Today the sun is high,weather,corpus_sourashtradictionary
ஹூந்ஹளத்,hoonhaLat,மஞ்சள் வெயில்,Evening sunlight,ஹூந்ஹளத் ஆங்கு3க் விட்டமின் டி3 தே3ஸு,hoonhaLat aangguk viTTamin Di dEsu,மஞ்சள் வெயில் உடலுக்கு வைட்டமின் டி அளிக்கிறது,Evening sunlight provides vitamin D to the body,weather,corpus_sourashtradictionary
மேக்4,mEgh,மேகம்,Cloud,களொ மேக்4 பொவ்ஸ் அனஸு,kaLo mEgh povs anasu,கருமேகம் மழையை கொண்டுவருகிறது,The black cloud brings rain,weather,corpus_sourashtradictionary
சிணுக்,ciNuk,தூறல்,Drizzle,பொவ்ஸுக் முது3ல்லொ சிணுக் பொடெ3ஸ்,povsuk mudullo ciNuk poDes,மழைக்கு முன் லேசாக தூறல் விழுந்தது,Lightly drizzled before rain,weather,corpus_sourashtradictionary
சிங்குல்,cingkul,தூறல்,Drizzle,லேஸ்கன் சிங்குல் லலரஸ்,lEskan cingkul lalaras,லேசாக தூறல் பெய்கிறது,It is drizzling slightly,weather,corpus_sourashtradictionary
ஸீக3ல்,seegal,தூறல்,Drizzle,ஸொளொபா2ர் ர்ஹீ ஸீக3ள் தய்லேத் ஸே,soLophaar rhee seegaL taylEt sE,காலையில் இருந்து தூறல் பெய்து வருகிறது,It has been drizzling since morning,weather,corpus_sourashtradictionary
பொவ்ஸ்,povs,மழை,Rain,பொவ்ஸ் ஸுட்டுனாத்தக் பொட்3லேத் ஸே,povs suTTunaattak poDlEt sE,தொடர்ந்து மழை பெய்து வருகிறது,It is constantly raining,weather,corpus_sourashtradictionary
பொவ்ஸு பனி,povsu pani,மழை நீர்,Rain water,அவ்ரெ வீது3ம் பொவ்ஸு பனி ஹிப்3பி3ரெஸ்,avre veedum povsu pani hibbires,எங்கள் தெருவில் மழைநீர் தேங்கி நிற்கிறது,Rainwater is stagnant in our street,weather,corpus_sourashtradictionary
ஜ2ஞ்ஜு,jhanjju,"பேய்மழை, கனமழை","Torrential rain, Heavy rain, Thunderstorm, Thunder storm",ஜ2ஞ்ஜு ஹால் மென்க்யான் வேன் கெஷ்டம் பொட்லேத் ஸே,jhanjju haal menkyaan vEn keshTam poTlEt sE,பேய்மழையால் மக்கள் மிகவும் கஷ்டப்படுகின்றனர்,People are suffering due to torrential rain,weather,corpus_sourashtradictionary
ஒஸாட்,osaaT,மழைநீர் தெறித்தல்,Splashing of rainwater,விடி3கவாட் ஜா2ய். ஒஸாட் ஹனரஸ்,viDikavaaT jhaay. osaaT hanaras,ஜன்னல் கதவை மூடு. மழை நீர் தெறிக்கிறது,Close the window panes. Rain water splashes,weather,corpus_sourashtradictionary
கர்கொ,karko,ஆலங்கட்டி,Hailstone,பொள்டொ ஹொல்லொ கர்கொ பொடெ3ஸி,poLTo hollo karko poDesi,கூரை மீது ஆலங்கட்டி மழை பொழிந்தது,Hail pounded on the roof,weather,corpus_sourashtradictionary
வரொ,varo,காற்று,"Air, Wind",பொ3லொம்ஹொயெ வரொ ஹனெ ஹால் ஜு2கு3 ஜா2டு3ன் மூள் ஸெரொ உக்கயி பொள்டி3யொ,bolomhoye varo hane haal jhugu jhaaDun mooL sero ukkayi poLDiyo,பலமான காற்று வீசியதால் ஏராளமான மரங்கள் வேரோடு சாய்ந்தன,A lot of trees were uprooted due to strong winds,weather,corpus_sourashtradictionary
ஸில்லொ வரொ,sillo varo,தென்றல்,Breeze,த3க்ஷண் பொகட் ர்ஹீ ஸில்லொ வரொ ஹனரஸ்,dakshaN pokaT rhee sillo varo hanaras,தெற்கிலிருந்து தென்றல் வீசுகிறது,The breeze is blowing from the south,weather,corpus_sourashtradictionary
வௌல்,vaul,வாடைக்காற்று,Cold Breeze,உத்தர் பொகட் ர்ஹீ வௌல் ஹனரஸ்,uttar pokaT rhee vaul hanaras,வடக்கிலிருந்து வாடைக் காற்று வீசுகிறது,Cold winds blow from the north,weather,corpus_sourashtradictionary
ஹேன்,hEn,அனல்காற்று,Hot air,சித்திரை ம்ஹடா3ம் ஹேன் ஹனயி,cittirai mhaDaam hEn hanayi,சித்திரை மாதத்தில் அனல் காற்று வீசும்,Hot air blows during the month of Chittirai,weather,corpus_sourashtradictionary
வாத3ளொ,vaadaLo,புயல்,Storm,வாத3ளொ தெ3ட்டு பொவ்ஸ் க2ல்லி அவஸு,vaadaLo deTTu povs khalli avasu,புயல் பலத்த மழையைக் கொண்டுவருகிறது,The storm is bringing heavy rain,weather,corpus_sourashtradictionary
சக்ரவாத3ளொ,cakravaadaLo,சூறாவளி,"Cyclone, Hurricane","சக்ரவாத3ளாம் பெ4ண்டு, கா3யின் மெல்லொ ஹுட3ரஸி","cakravaadaLaam bheNTu, gaayin mello huDarasi","சூறாவளியில் ஆடு, மாடுகளும் பறக்கின்றன",Sheep and cows also fly in the hurricane,weather,corpus_sourashtradictionary
ஹீம்,heem,குளிர்,Cool,கம்ப3ள் சொக்காய் ஹீமும் ர்ஹீ ஆங்கு3க் கப3ட3யி,kambaL cokkaay heemum rhee aangguk kabaDayi,கம்பளி சட்டைகள் குளிரில் இருந்து உடலைப் பாதுகாக்கும்,Sweaters protect the body from the cold,weather,corpus_sourashtradictionary
ஹிமுஸ்,himus,குளிர்,Cold,ஒர்ஸுஒர்ஸு ஹிமுஸ் வேன் ஹொய்லேத் ஜாரஸ்,orsuorsu himus vEn hoylEt jaaras,வருடாவருடம் குளிர் அதிகமாகிக் கொண்டே போகிறது,The cold is getting worse year by year,weather,corpus_sourashtradictionary
ஒஸு,osu,பனி,Snow,ஸில்லா தே3ஶும் இரளா கலமு ஒஸு பொட3ஸு,sillaa dEssum iraLaa kalamu osu poDasu,குளிர் நாடுகளில் பனிக்காலத்தில் பனிப்பொழிவு ஏற்படுகிறது,Snowfall occurs in colder countries during the winter,weather,corpus_sourashtradictionary
ஓஸு,Osu,பனி,Snow,ஶேலு ந்ஹாத்தக் ஓஸும் ஜானாங்கோ3,ssElu nhaattak Osum jaanaanggO,கம்பளி சட்டை இல்லாமல் பனியில் செல்ல வேண்டாம்,Do not go in the snow without a sweater,weather,corpus_sourashtradictionary
மொஞ்சு,monjcu,மூடுபனி,"Mist, Fog",த4னுர் ம்ஹடா3ம் மொஞ்சு வேன் ர்ஹாயி,dhanur mhaDaam monjcu vEn rhaayi,மார்கழி மாதத்தில் மூடுபனி அதிகமாக இருக்கும்,The fog will be high in the month of Margazhi,weather,corpus_sourashtradictionary
கெ4டி3 பொட3த்தெ,gheDi poDatte,உறைதல்,Freeze,ஹிமுஸுகலமு நலர்தேல் கெ4டி3 பொள்ட்3யி,himusukalamu nalartEl gheDi poLDyi,குளிர்காலத்தில் தேங்காய் எண்ணெய் உறைந்துவிடும்,Coconut oil freezes in winter,weather,corpus_sourashtradictionary
ஹின்னொ,hinno,பனிக்கட்டி,Ice,ஸில்லாகா3மும் ஹிமுஸுகலமு பனி ஹின்னொகன் ஹொய்யாயி,sillaagaamum himusukalamu pani hinnokan hoyyaayi,குளிர்நாடுகளில் குளிர்காலத்தில் தண்ணீர் பனிக்கட்டியாக மாறும்,In colder countries the water turns to ice in winter,weather,corpus_sourashtradictionary
பனி கெ3ட்3டொ3,pani geDDo,பனிக்கட்டி,Ice,பனி கெ3ட்3டொ3 க2யெத் க4டி3ம் க2ஜ்ஜு அவயி,pani geDDo khayet ghaDim khajju avayi,பனிக்கட்டி சாப்பிட்டால் தொண்டையில் புண் வரும்,Eating ice can cause throat sore,weather,corpus_sourashtradictionary
பிடு3,piDu,மின்னல்,Lightning,பிடு3 பொடெ3த் ஜா2ட்3 ஹுலொ லயி ஜெலி ஜேட3யி,piDu poDet jhaaD hulo layi jeli jEDayi,மின்னல் தாக்கினால் மரம் தீப்பற்றி எரிந்து விடும்,"When struck by lightning, the tree will catches fire and burn",weather,corpus_sourashtradictionary
சப3ல்,cabal,மின்னல்,Lightning,மேகு3ன் விஜிலிக் ப4ராட்த4ட்3டெ3ரியொஹால் சப3ல் உரு ஹோஸு,mEgun vijilik bharaaTdhaDDeriyohaal cabal uru hEaasu,மேகங்கள் மின்சாரத்தை வெளியேற்றுவதால் மின்னல் ஏற்படுகிறது,Lightning is caused by clouds discharging electricity,weather,corpus_sourashtradictionary
கெ3ர்ஜனொ,gerjano,"இடிமுழக்கம், இடி இடிக்கும் சத்தம்",Thunderclap,பொவ்ஸுகலமு கெ3ர்ஜனொ ஐகாயி,povsukalamu gerjano aikaayi,மழைக்காலத்தில் இடி இடிக்கும் சத்தம் கேட்கும்,The thunderclap can be heard during the rainy season,weather,corpus_sourashtradictionary
இரன்,iran,இடி,Thunder,ர்ஹியெவாகுர் இரன் தி3யெஸி,rhiyevaakur iran diyesi,திடீரென இடி இடித்தது,Suddenly there was thunder,weather,corpus_sourashtradictionary
பவி,pavi,இடி,Thunder,பவி ஸெத்3து3 கான் செவுட் ஜாரஸ்,pavi seddu kaan cevuT jaaras,இடிச் சத்தம் காதைப் பிளக்கிறது,The sound of thunder pierce the ear,weather,corpus_sourashtradictionary
இந்த்3ரத4னுஷ்,indradhanush,வானவில்,Rainbow,பொவ்ஸ் ஸுட்டெ பராது இந்த்3ரத4னுஷ் தெ3க்காயி,povs suTTe paraatu indradhanush dekkaayi,மழை நின்ற பிறகு வானவில் தோன்றும்,The rainbow will appear after the rain stops,weather,corpus_sourashtradictionary
வ்யாகரண்,vyaakaraN,இலக்கணம்,Grammar,,,,,grammar,corpus_sourashtradictionary
வ்யாகரண வாசின்,vyaakaraNa vaacin,இலக்கணச் சொற்கள்,Grammatical words,,,,,grammar,corpus_sourashtradictionary
நாமவாசி,naamavaaci,பெயர்ச்சொல்,Noun,,,,,grammar,corpus_sourashtradictionary
க்ரியாவாசின்,kriyaavaacin,வினைச்சொற்கள்,Verbs,,,,,grammar,corpus_sourashtradictionary
விப4க்தி வர்ணகு3ன்,vibhakti varNagun,வேற்றுமை உருபுகள்,Case makers,,,,,grammar,corpus_sourashtradictionary
ஸப்3து3,sabdu,சொல்,Word,,,,,grammar,corpus_sourashtradictionary
நாகு3ன்,naagun,நாசி சொல்,Nasal Word,,,,,grammar,corpus_sourashtradictionary
உபாக்ஷர்,upaakshar,துணை எழுத்து,Sub letter,,,,,grammar,corpus_sourashtradictionary
மீளாக்ஷர்,meeLaakshar,கூட்டெழுத்து,Conjuncts,,,,,grammar,corpus_sourashtradictionary
ஹாருன்,haarun,"ந்ஹ, ம்ஹ, ர்ஹ, ல்ஹ","nha, mha, rha, lha",,,,,grammar,corpus_sourashtradictionary
தா3துன்,daatun,"சம், ச2ம், ஜம், ஜ2ம்","cam, cham, jam, jham",,,,,grammar,corpus_sourashtradictionary
ஸாந்து3ரு,saanduru,ஓரெழுத்து கூட்டெழுத்து,One word Conjuncts,,,,,grammar,corpus_sourashtradictionary
லிபி,lipi,வரிவடிவம்,Script,,,,,grammar,corpus_sourashtradictionary
உச்சாரணொ,uccaaraNo,உச்சரிப்பு,Pronunciation,,,,,grammar,corpus_sourashtradictionary
ஸம்யுக்த,samyukta,இணைத்தல்,Conjunct,,,,,grammar,corpus_sourashtradictionary
ஸம்யுக்த லிபி,samyukta lipi,இணைந்த எழுத்து,Conjunct letter,,,,,grammar,corpus_sourashtradictionary
ஆஸு,aasu,ஜீவாக்ஷரம்,Vowel,,,,,grammar,corpus_sourashtradictionary
அஜுனு,ajunu,உயிரெழுத்து,Vowel,,,,,grammar,corpus_sourashtradictionary
அலுனு,alunu,மெய்யெழுத்து,Consonant,,,,,grammar,corpus_sourashtradictionary
ஹலுனு,halunu,மெய்யெழுத்து,Consonant,,,,,grammar,corpus_sourashtradictionary
ஒபுனு,opunu,அகர உயிர்மெய்யெழுத்து,Consonant + 'a',,,,,grammar,corpus_sourashtradictionary
தனுனு,tanunu,உயிர்மெய்யெழுத்து,Combinational letter,,,,,grammar,corpus_sourashtradictionary
ஸமக்ஷ,samaksha,உயர்திணை,Superior class of being,,,,,grammar,corpus_sourashtradictionary
பரோக்ஷ,parOksha,அஃறிணை,Inferior class of being,,,,,grammar,corpus_sourashtradictionary
ப3த்3னவாசி,badnavaaci,பிரதிபெயர்ச்சொல்,Pronoun,,,,,grammar,corpus_sourashtradictionary
கு3ணவாசி,guNavaaci,பெயர் உரிச்சொல்,Adjective,,,,,grammar,corpus_sourashtradictionary
க்ரியாவாசி,kriyaavaaci,வினைச்சொல்,Verb,,,,,grammar,corpus_sourashtradictionary
புக்ரவாசி,pukravaaci,வினையுரிச்சொல்,Adverb,,,,,grammar,corpus_sourashtradictionary
நிக்ரவாசி,nikravaaci,இடைச்சொல்,Conjunction,,,,,grammar,corpus_sourashtradictionary
தீ4டவாசி,dheeTavaaci,வியப்புச்சொல்,Interjection,,,,,grammar,corpus_sourashtradictionary
விஶேஷண,vissEshaNa,சிறப்பு,Special,,,,,grammar,corpus_sourashtradictionary
விஶேஷ்ய,vissEshya,பெயர்ச்சொல்,Substantive,,,,,grammar,corpus_sourashtradictionary
லிங்கு3,linggu,பாலினம்,Gender,,,,,grammar,corpus_sourashtradictionary
த3ல்லிங்கு3,dallinggu,ஆண்பால்,Masculine,,,,,grammar,corpus_sourashtradictionary
அள்ளிங்கு3,aLLinggu,பெண்பால்,Feminine,,,,,grammar,corpus_sourashtradictionary
நபும்ஸலிங்கு3,napumsalinggu,"ஆண், பெண் தவிர மற்ற பாலினம்",Othar than Masculine and Feminine,,,,,grammar,corpus_sourashtradictionary
வசனு,vacanu,பெயர்ச்சொல் எண்,Noun Number,,,,,grammar,corpus_sourashtradictionary
ஏகவசனு,Ekavacanu,ஒருமை பெயர்ச்சொல்,Singluar Noun,,,,,grammar,corpus_sourashtradictionary
ப3ஹுவசனு,bahuvacanu,பன்மை பெயர்ச்சொல்,Plural Noun,,,,,grammar,corpus_sourashtradictionary
புருஷு,purushu,நிலை,Person,,,,,grammar,corpus_sourashtradictionary
உத்தம புருஷு,uttama purushu,தன்மை,First person,,,,,grammar,corpus_sourashtradictionary
மத்3யம புருஷு,madyama purushu,முன்னிலை,Second person,,,,,grammar,corpus_sourashtradictionary
தத்தம புருஷு,tattama purushu,படர்க்கை,Third person,,,,,grammar,corpus_sourashtradictionary
விப4க்தி,vibhakti,வேற்றுமை,Case,,,,,grammar,corpus_sourashtradictionary
வர்ணகு3ன்,varNagun,உருபுகள்,"Makers, Elements",,,,,grammar,corpus_sourashtradictionary
காலு,kaalu,காலம்,Tense,,,,,grammar,corpus_sourashtradictionary
சல்தகாலு,caltakaalu,நிகழ்காலம்,Present Tense,,,,,grammar,corpus_sourashtradictionary
கே3காலு,gEkaalu,இறந்தகாலம்,Past Tense,,,,,grammar,corpus_sourashtradictionary
ஔதகாலு,autakaalu,எதிர்காலம்,Future Tense,,,,,grammar,corpus_sourashtradictionary
பா4வக்க்ரியொ,bhaavakkriyo,உடன்பாட்டு வினை,Affirmative Verb,,,,,grammar,corpus_sourashtradictionary
வ்யதிரேகக்ரியொ,vyatirEkakriyo,எதிர்மறை வினை,Negative Verb,,,,,grammar,corpus_sourashtradictionary
ப்ரத்யாஹார,pratyaahaara,சுருக்கக்குறியீடு,Abbrevation,,,,,grammar,corpus_sourashtradictionary
ஸங்ஞார்தா2னி,sangnjaarthaani,தொழில்நுட்ப பெயர்கள்,Technical Names,,,,,grammar,corpus_sourashtradictionary
"தி3வ்வொ விப4க்தி - கு, கொ, தெ4ரி","divvo vibhakti - ku, ko, dheri","இரண்டாம் வேற்றுமை உருபுகள் - கு, கொ, தெ4ரி","2nd case maker - ku, ko, dheri",,,,,grammar,corpus_sourashtradictionary
"தீ2ன்வொ விப4க்தி - ஹாலி, ஸர, ஸரொ, ஸெரொ, ஸெங்கொ3, ஸெந்தொ, ஸோரு","theenvo vibhakti - haali, sara, saro, sero, senggo, sento, sOru","மூன்றாம் வேற்றுமை உருபுகள் - ஹாலி, ஸர, ஸரொ, ஸெரோ, ஸெங்கொ3, ஸெந்தொ, ஸோரு","3rd case maker - haali, sara, saro, sero, sengo, sento, sOru",,,,,grammar,corpus_sourashtradictionary
"சர்வொ விப4க்தி - கு, கொ, வன்னொ","carvo vibhakti - ku, ko, vanno","நான்காம் வேற்றுமை உருபுகள் - கு, கொ, வன்னொ","4th case maker - ku, ko, vanno",,,,,grammar,corpus_sourashtradictionary
"பஞ்ச்வொ விப4க்தி - தொகொ, தொகன், ர்ஹீனு, லெங்கொ3, லெந்தொ, ஸொம்மரு","panjcvo vibhakti - toko, tokan, rheenu, lenggo, lento, sommaru","ஐந்தாம் வேற்றுமை உருபுகள் - தொகொ, தொகன், ர்ஹீனு, லெங்கொ3, லெந்தொ, ஸொம்மரு","5th case maker - toko, tokan, rheenu, lengo, lento, sommaru",,,,,grammar,corpus_sourashtradictionary
"ஸொவொ விப4க்தி - கெ, ரொ","sovo vibhakti - ke, ro","ஆறாம் வேற்றுமை உருபுகள் - கெ, ரொ","6th case maker - ke, ro",,,,,grammar,corpus_sourashtradictionary
"ஸத்வொ விப4க்தி - மு, ரு, ஜோளு, ஜொவொ, கா2லு, லெக்தொ, உஞ்சொ, பி4த்தரு, ஹோரு","satvo vibhakti - mu, ru, jOLu, jovo, khaalu, lekto, unjco, bhittaru, hOru","ஏழாம் வேற்றுமை உருபுகள் - மு, ரு, ஜோளு, ஜொவொ, கா2லு, லெக்தொ, உஞ்சொ, பி4த்தரு, ஹோரு","7th case maker - mu, ru, jOLu, jovo, khaalu, lekto, unjco, bhittaru, hOru",,,,,grammar,corpus_sourashtradictionary
"அட்வொ விப4க்தி - ஹே, ஹோ, ஓ, ரா, ரே, வா","aTvo vibhakti - hE, hO, O, raa, rE, vaa","எட்டாம் வேற்றுமை உருபுகள் - ஹே, ஹோ, ஓ, ரா, ரே, வா","8th case maker - hE, hO, O, raa, rE, vaa",,,,,grammar,corpus_sourashtradictionary
உதா3ஹரணொ,udaaharaNo,எடுத்துக்காட்டு,Example,,,,,grammar,corpus_sourashtradictionary
ஸனாங்கு3 - கா2,sanaanggu - khaa,ஓரெழுத்து சொல் - கா2,One letter word - khaa,,,,,grammar,corpus_sourashtradictionary
தி3தா3ங்கு3 - அமி,didaanggu - ami,ஈரெழுத்து சொல் - அமி,Two letter word - ami,,,,,grammar,corpus_sourashtradictionary
திக்ராங்கு3 - உடாவ்,tikraanggu - uTaav,மூன்றெழுத்து சொல் - உடாவ்,Three letter word - uTaav,,,,,grammar,corpus_sourashtradictionary
சத்ராங்கு3 - தளஹாத்,catraanggu - taLahaat,நான்கெழுத்து சொல் - தளஹாத்,Four letter word - taLahaat,,,,,grammar,corpus_sourashtradictionary
பங்க்ராங்கு3ன் - அனுஸரணொ,pangkraanggun - anusaraNo,ஐந்தெழுத்து சொல் - அனுஸரணொ,Five letter word - anusaraNo,,,,,grammar,corpus_sourashtradictionary
ஶஸாங்கு3ன் - ஹிந்த3லத்தெ,ssasaanggun - hindalatte,ஆரெழுத்து சொல் - ஹிந்த3லத்தெ,Six letter word - hindalatte,,,,,grammar,corpus_sourashtradictionary
ஸக்காங்கு3ன் - பாய்ஞ்பொட3த்தெ,sakkaanggun - paaynjpoDatte,ஏழெத்து சொல் - பாய்ஞ்பொட3த்தெ,Seven letter word - paaynjpoDatte,,,,,grammar,corpus_sourashtradictionary
ரெங்கு3,renggu,சாயம்,Dye,பொ3ட்டானுக் ரெங்கு3 ஹிங்க3ட3ஸுன்,boTTaanuk renggu hinggaDasun,துணிகள் சாயமிடப்படுகின்றன,The fabrics are dyed,color,corpus_sourashtradictionary
ரெங்கு3 பு4ர்கொ,renggu bhurko,சாயப்பொடி,Dye powder,ரெங்கு3 பு4ர்கொ ஜு2கு3 வனிம் அப்3ப3ஸு,renggu bhurko jhugu vanim abbasu,சாயப் பொடிகள் பல வண்ணங்களில் கிடைக்கின்றன,Dye powders are available in a lot of coloros,color,corpus_sourashtradictionary
வனி,vani,"நிறம், வண்ணம்","Color, Colour",ல்ஹொவா வனி தொ3ளொ உக்கயி,lhovaa vani doLo ukkayi,சிவப்பு நிறம் கண்ணைக் கவரும்,The red color is eye-catching,color,corpus_sourashtradictionary
களொ,kaLo,கருப்பு,Black,ஸதி3 ஜு2க்குகன் களொ வனிம் ர்ஹாயி,sadi jhukkukan kaLo vanim rhaayi,குடை பெரும்பாலும் கருப்பு நிறத்தில் இருக்கும்,The umbrella is mostly black color,color,corpus_sourashtradictionary
காளொ,kaaLo,கருப்பு,Black,பெ4ய்ஸ் காளொ ர்ஹாயி,bheys kaaLo rhaayi,எருமை கருப்பாக இருக்கும்,The buffalo will be black,color,corpus_sourashtradictionary
களவனி,kaLavani,கருப்பு நிறம்,Black colour,நரெளு ஜா2டு3னும் களவனி ரேஸுனுக் ஸவாயி,nareLu jhaaDunum kaLavani rEsunuk savaayi,தென்னை மரங்களில் கறுப்பு நிற வடுக்களை காணலாம்,Black colored scars can be seen on the coconut trees,color,corpus_sourashtradictionary
ஹுஜால்,hujaal,வெள்ளை,White,தூ3த் ஹுஜால் ர்ஹாயி,doot hujaal rhaayi,பால் வெண்மையாக இருக்கும்,The milk is white,color,corpus_sourashtradictionary
ல்ஹொவொ,lhovo,சிகப்பு,Red,ரெக3த் ல்ஹொவொ ர்ஹாயி,regat lhovo rhaayi,ரத்தம் சிவப்பாக இருக்கும்,The blood will be red,color,corpus_sourashtradictionary
ஹல்கொ ல்ஹொவொ,halko lhovo,இளஞ்சிவப்பு,Pink,த3மர்பூ2ல் ஹல்கொ ல்ஹொவொ வனிம் ர்ஹாயி,damarphool halko lhovo vanim rhaayi,தாமரைப்பூ இளஞ்சிவப்பு நிறத்தில் இருக்கும்,The lotus flower is pink,color,corpus_sourashtradictionary
நிளொ,niLo,"ஊதா, நீலம்",Blue,தெ2வ்டெ3 பொ2ருங்கினுக் தொ3ளொ நிளொ ர்ஹாயி,thevDe phorungkinuk doLo niLo rhaayi,சில வெள்ளையர்களுக்கு நீல நிற கண்கள் இருக்கும்,Some whites have blue eyes,color,corpus_sourashtradictionary
உதொ3,udo,"ஊதா, நீலம்",Sky blue,அகாஸ் ஜு2க்குகன் உதொ3கின் ஶுத்3த3ம்கன் ஹொதெ3ஸி,akaas jhukkukan udokin ssuddamkan hodesi,வானம் பெரும்பாலும் நீலமாகவும் சுத்தமாகவும் இருந்தது,The sky was mostly blue and clear,color,corpus_sourashtradictionary
களொநிளொ,kaLoniLo,கருநீலம்,"Indigo, Blueblack, Dark blue",சுண்டெ லெக்கு கெண்டொ3 களொநிளொ பொள்டி3யொ,cuNTe lekku keNDo kaLoniLo poLDiyo,கிள்ளிய இடத்தில் தோல் நிறம் கருநீலமாக மாறியது,The color of the skin at the pinched spot turned dark blue,color,corpus_sourashtradictionary
ஹள்டு3னொ,haLDuno,மஞ்சள்,Yellow,லிம்பு3 ஹள்டு3னொ ர்ஹாயி,limbu haLDuno rhaayi,எலுமிச்சை மஞ்சள் நிறத்தில் இருக்கும்,Lemon will be yellow,color,corpus_sourashtradictionary
பொள்ஸொ,poLso,பச்சை,Green,ஹரளின் வேன் பொள்ஸொ ர்ஹாயி,haraLin vEn poLso rhaayi,புல் மிகவும் பச்சை நிறமாக இருக்கும்,The grass is very green,color,corpus_sourashtradictionary
பொல்ஸொ / ஹவெடொ3,polso / haveDo,பச்சை,Green,அஸ்கி ப4ஜ்ஜின் பொல்ஸா வனிம் ர்ஹாயி,aski bhajjin polsaa vanim rhaayi,அனைத்து கீரைகளும் பச்சை நிறத்தில் இருக்கும்,All greens are green color,color,corpus_sourashtradictionary
கொ3ரொ,goro,வெள்ளை நிறம்,White (Skin),பொ2ருங்கி3ன் கோ3ரொ ர்ஹானு,phorunggin gOro rhaanu,ஆங்கிலேயர்கள் வெள்ளையாக இருப்பார்கள்,British are whites,color,corpus_sourashtradictionary
சமல்,camal,மாநிறம்,Brown (Skin),பா4ரதும் ஜு2க்குதெனு சமல்கன் ஸே,bhaaratum jhukkutenu camalkan sE,இந்தியாவில் பெரும்பாலான மக்கள் மாநிறத்தில் உள்ளனர்,Most people in India are brown,color,corpus_sourashtradictionary
ராக்,raak,சாம்பல் நிறம்,"Grey color, Gray color, Ash",பொவ்ஸு மேகு4 ராகு வனிம் ஸே,povsu mEghu raaku vanim sE,மழை மேகங்கள் சாம்பல் நிறத்தில் உள்ளன,The rain clouds are gray,color,corpus_sourashtradictionary
கிட்ள,kiTLa,பழுப்பு நிறம்,Light brown,கள்ஜமுன் கிட்ளகன் மர்ச்சய்யொ,kaLjamun kiTLakan marccayyo,காகிதங்கள் பழுப்பு நிறமாக மாறிவிட்டன,The papers have turned light brown,color,corpus_sourashtradictionary
லாக்,laak,அரக்கு,Lacquer,சார்பாய்ஞினுகு லாக் வனி ஹன்யாஸி,caarpaaynjinuku laak vani hanyaasi,நாற்காலிகள் அரக்கு நிறத்தால் வர்ணம் பூசப்பட்டன,The chairs were painted lacquer,color,corpus_sourashtradictionary
ஸொன்னா வனி,sonnaa vani,தங்க நிறம்,Gold color,ஸுரிது பூ2லு ஸொன்னா வனிம் ஸே,suritu phoolu sonnaa vanim sE,சூரியகாந்தி தங்க நிறத்தில் உள்ளது,Sunflower is golden in color,color,corpus_sourashtradictionary
ருப்பா வனி,ruppaa vani,வெள்ளி நிறம்,Silver color,ஹுதி3னு ருப்பா வனிம் ஸே,hudinu ruppaa vanim sE,அந்துப்பூச்சிகள் வெள்ளி நிறத்தில் உள்ளன,Silverfish are silver in color,color,corpus_sourashtradictionary
ப2ண்டொ2,phaNTho,"வெளிரி, பாண்டு",Albino,ப2ண்டொ2 மெனரியொ கெண்டா3 ரோ3கு3,phaNTho menariyo keNDaa rOgu,பாண்டு என்பது தோல் நோய்,Albino is a skin disease,color,corpus_sourashtradictionary
களொ து4ண்டி,kaLo dhuNTi,அதிக கருப்பு,Overly Black,வேன் ஹூனும் சுட்டு பி2ரெத்தெனு களொ து4ண்டி ஹொய்யானு,vEn hoonum cuTTu phirettenu kaLo dhuNTi hoyyaanu,கடும் வெயிலில் சுற்றித் திரிபவர்கள் அதிக கருப்பாக மாறுவார்கள்,People who roam in hot sun become overly black,color,corpus_sourashtradictionary
உஜ்ஜினி,ujjini,பிறப்பு,Birth,உஜ்ஜினிம் அஸ்கி ந்ஹுருன் ஒண்டேஸி,ujjinim aski nhurun oNTEsi,"பிறப்பால் எல்லாக் குழந்தைகளும் ஒன்றுதான், ஆனால் வளர்ப்பால் வேறு","All children are the same by birth, but different by nurture",life-stage,corpus_sourashtradictionary
உஜ்வாவு,ujvaavu,பிறப்பு,Birth,பொள்டமு செச்சத்தக் உஜ்வாவு ப்ரமாண்பத்ரொ அவஸ்யமு,poLTamu ceccattak ujvaavu pramaaNpatro avasyamu,பள்ளி சேர்க்கைக்கு பிறப்புச் சான்றிதழ் அவசியம்,Birth certificate is required for school admission,life-stage,corpus_sourashtradictionary
ந்ஹுரு,nhuru,குழந்தை,"Baby, Child, Kid",ஒண்டொண்டொ கொ4ம்மானும் 6 ர்ஹீ 9 ந்ஹுருன் ஹொதெ3கலம் ஜேடி3யொ,oNToNTo ghommaanum 6 rhee 9 nhurun hodekalam jEDiyo,ஒவ்வொரு குடும்பத்திலும் 6 முதல் 9 குழந்தைகள் இருந்த காலம் போய்விட்டது,Gone are the days when every family had 6 to 9 children,life-stage,corpus_sourashtradictionary
பா3ளு,baaLu,குழந்தை,"Baby, Child, Kid",பா3ளுன் ஜித்ரவுக் அர்து2ஸேத்திஸொ மர்ச்சஸுன்,baaLun jitravuk arthusEttiso marccasun,குழந்தைகள் வாழ்க்கையை அர்த்தமுள்ளதாக மாற்றுகிறார்கள்,Children make life meaningful,life-stage,corpus_sourashtradictionary
ந்ஹுருபா3ள்,nhurubaaL,குழந்தைகுட்டி,"Baby, Child, Kid, Kith and Kin",ந்ஹுருபா3ள்னு ஸேத்தெ கே4ர் பொ4ரெஸொகன் ர்ஹாய்,nhurubaaLnu sEtte ghEr bhoresokan rhaay,"குழந்தைகள் இருக்கும் வீடு, நிறைந்தது போல் இருக்கும்",A house with children will seem full,life-stage,corpus_sourashtradictionary
பில்லொ,pillo,குழந்தை,"Baby, Child, Kid",பில்லல்னுக் ஹொவ்ட3த்தெ வேன் கெஷ்டமு,pillalnuk hovDatte vEn keshTamu,குழந்தைகளை வளர்ப்பது மிகவும் கடினம்,Raising children is very difficult,life-stage,corpus_sourashtradictionary
ஹாதும் பில்லொ,haatum pillo,கைக்குழந்தை,Infant,ஹாதும் பில்லொ ஹோங்கு3க் ரொட்3லேத் ஹொதெ3ஸ்,haatum pillo hOngguk roDlEt hodes,கைக்குழந்தை தூக்கத்திற்காக அழுது கொண்டிருந்தது,The infant was crying for a sleep,life-stage,corpus_sourashtradictionary
மாய்,maay,பெண் குழந்தை,Girl Baby,தெங்கொ3 6 ம்ஹடா3 மாய் ஸேத்தெ,tenggo 6 mhaDaa maay sEtte,அவருக்கு 6 மாத பெண் குழந்தை உள்ளது,She has 6 month old baby girl,life-stage,corpus_sourashtradictionary
ப3வு,bavu,ஆண் குழந்தை,Boy Baby,தெங்கொ3 தீ3 ப3வுன் ஸேத்தெ,tenggo dee bavun sEtte,அவருக்கு இரண்டு ஆண் குழந்தைகள் உள்ளனர்,He has two boy babies,life-stage,corpus_sourashtradictionary
கொ4ணங்கொ4ணாய்,ghoNangghoNaay,குழந்தை தவழுதல்,Baby crawling,"நொவத்து ம்ஹடா3ம், பில்லல்னு கொ4ணங்கொ4ணாய் க2ளஸுனு","novattu mhaDaam, pillalnu ghoNangghoNaay khaLasunu",ஒன்பதாவது மாதத்தில் குழந்தைகள் தவழும்,Babies crawl in the ninth month,life-stage,corpus_sourashtradictionary
பா3லொ,baalo,குழந்தை,"Baby, Child, Kid",தெனொ அபுல் பா3லாக் ஒண்டெ பிள்டி க2டி3ஸ்,teno apul baalaak oNTe piLTi khaDis,அவள் தன் குழந்தைக்கு ஒரு பொம்மை வாங்கினாள்,She bought a toy for her child,life-stage,corpus_sourashtradictionary
பா3ல்யம்,baalyam,குழந்தைப் பருவம்,Childhood,எல்லெ பா3ல்யமுக் ஹவ்ட3ன் கெரரஸ்,elle baalyamuk havDan keraras,இது குழந்தைப் பருவத்தை நினைவூட்டுகிறது,It reminds me of childhood,life-stage,corpus_sourashtradictionary
பா3ல்யகால்,baalyakaal,குழந்தைப் பருவம்,Childhood,அவ்ரெ பா3ல்யகால் ஐங்கே4ருமுஸ் ஜியெஸ்,avre baalyakaal aingghErumus jiyes,எங்கள் குழந்தைப் பருவம் பாட்டி வீட்டிலேயே கழிந்தது,Our childhood was spent at grandmother's house,life-stage,corpus_sourashtradictionary
பெ3ட்3கொ,beDko,சிறுவன்,Boy,எல்லெ பெ3ட்3கொ கோன் மெனி களாரஸ்யா?,elle beDko kOn meni kaLaarasyaa?,இந்த சிறுவன் யார் என தெரிகிறதா?,Guess who this boy is?,life-stage,corpus_sourashtradictionary
பெ3ட்3கி,beDki,சிறுமி,Girl,எல்லெ பெ3ட்3கின் க4ல்லத்தெ செவ்னி,elle beDkin ghallatte cevni,இது சிறுமிகள் அணியும் செருப்பு,It is a sandal worn by girls,life-stage,corpus_sourashtradictionary
ந்ஹன்னப்பன்,nhannappan,சிறுவயது,"Young age, As a kid",ந்ஹன்னப்பனும் அமி க2ள்னாத்த கா2ளுன் ந்ஹீ,nhannappanum ami khaLnaatta khaaLun nhee,சிறுவயதில் நாங்கள் விளையாடாத விளையாட்டுகள் இல்லை,There are no games we didn't play as kids,life-stage,corpus_sourashtradictionary
ஜாணு,jaaNu,இளமை,Youth,ஜாணும் சொக்கட் தொ3டு3ஞ்ஜாயி,jaaNum cokkaT doDunjjaayi,இளமையில் நன்றாக சம்பாதிக்கலாம்,You can earn well in your youth,life-stage,corpus_sourashtradictionary
ஜாணொ,jaaNo,இளமை,Youth,ஜாணாக் வித்தாக் கெரஹோனா,jaaNaak vittaak kerahOnaa,இளமையை வீணடிக்கக் கூடாது,Should not waste your youth,life-stage,corpus_sourashtradictionary
"யௌவனொ, யௌவனம்","yauvano, yauvanam","இளமை, இளமைப் பருவம்",Youth,யௌவனாக் ஹவ்டி3 கெ3ருவ் பொட3 ஹோனா,yauvanaak havDi geruv poDa hOnaa,இளமையை நினைத்து கர்வப்படக்கூடாது,Do not be arrogant of your youth,life-stage,corpus_sourashtradictionary
ஜவ்ணொ,javNo,"சிறியவர், இளமை",Young,தெனு வேன் ஜவ்ணொகன் தெ3க்காராஸ்,tenu vEn javNokan dekkaaraas,அவர் மிகவும் இளமையாகத் தெரிகிறார்,He looks very young,life-stage,corpus_sourashtradictionary
ஜவ்ணொ,javNo,இளைஞன்,"Youth, Youngster, Young Boy",தீ3 செக்குர் பொ3ண்டி3 பன்துன் ஜவ்ணானுக் ஹொயெயொ,dee cekkur boNDi pantun javNaanuk hoyeyo,இரு சக்கர வாகனப் பந்தயம் இளைஞர்களுக்கானது,Two-wheeler racing is for youngsters,life-stage,corpus_sourashtradictionary
ஜவ்ணி,javNi,இளைஞி,Young Girl,ரங்கோ3லி பன்தும் ஜு2கு3 ஜவ்ணின் பா4க்3 க2ல்லியாஸ்,ranggOli pantum jhugu javNin bhaag khalliyaas,ரங்கோலி போட்டியில் இளம்பெண்கள் கலந்து கொண்டனர்,Young women participated in the Rangoli competition,life-stage,corpus_sourashtradictionary
ஜாண பெ3ட்3கொ,jaaNa beDko,இளைஞன்,"Lad, Young Man, Young people",ஜாண பெ3ட்3கான் ஜவாப்தா3ரிகன் சல்லராஸி,jaaNa beDkaan javaapdaarikan callaraasi,இளைஞர்கள் பொறுப்பாக நடந்து கொள்கிறார்கள்,Young people behave responsibly,life-stage,corpus_sourashtradictionary
ஜாண பெ3ட்3கி,jaaNa beDki,இளைஞி,"Lass, Young Woman",ஜு2கு3 ஜாண பெ3ட்3கின் ஜி2க்3னிகன் பி4யார்ஸார் சல்த கெரராஸி,jhugu jaaNa beDkin jhignikan bhiyaarsaar calta keraraasi,பல இளம் பெண்கள் வெற்றிகரமாக வியாபாரத்தை நடத்துகின்றனர்,Many young women are running business successfully,life-stage,corpus_sourashtradictionary
ஜாணலி,jaaNali,இளம்பெண்,"Young lady, Young woman",ஜாணலின் காம்கின் கே4ர் தி3ய்யொ சொக்கட் நிர்வாஹ் கெரராஸி,jaaNalin kaamkin ghEr diyyo cokkaT nirvaah keraraasi,இளம் பெண்கள் வேலை மற்றும் குடும்பம் இரண்டையும் நன்றாக நிர்வகிக்கிறார்கள்,Young women manage both work and family very well,life-stage,corpus_sourashtradictionary
புலத்தெ,pulatte,"பூப்படைதல், பருவமடைதல்",Puberty,பெ3ட்3கின் ந்ஹன்னஒர்ஸுமுஸ் புலராஸ்,beDkin nhannaorsumus pularaas,சிறுமிகள் இளம் வயதிலேயே பூப்படைகிறார்கள்,Girls attain puberty at a young age,life-stage,corpus_sourashtradictionary
சால்,caal,"பூப்படைதல், பருவமடைதல்",Puberty,சால் அவெ பெ3ட்3கி ஒண்டிகன் சுட்டு பி2ரஹோனா,caal ave beDki oNTikan cuTTu phirahOnaa,பருவமடைந்த பெண் தனியாக சுற்றுவது கூடாது,Puberty girl should not roam alone,life-stage,corpus_sourashtradictionary
அண்ட்டு,aNTTu,தீட்டு,"Uncleanness, Defilement",அண்ட்டு வேளும் ஶுப4 காமுன் கெரஹோனா,aNTTu vELum ssubha kaamun kerahOnaa,தீட்டின் போது நல்ல காரியங்களை செய்யக்கூடாது,Should not do good things the period of defilement,life-stage,corpus_sourashtradictionary
ந்ஹன்னஹொடொ3,nhannahoDo,"விடலை, பதின்வயதினர்",Teenager,ந்ஹன்னஹொடா3ன் கெரரியொ மன்துனுக் ம்ஹொடொ3 கெரஹோனா,nhannahoDaan kerariyo mantunuk mhoDo kerahOnaa,விடலைகள் செய்யும் தவறுகளை பெரிதுபடுத்தக்கூடாது,Should not exaggerate the mistakes that teenagers make,life-stage,corpus_sourashtradictionary
கௌமரொ,kaumaro,"விடலை, பதின்வயதினர்",Teenager,கௌமரான் கலமுக் தயெ தா4னுக் மர்ச்சாராஸ்,kaumaraan kalamuk taye dhaanuk marccaaraas,பதின்வயதினர் காலத்திற்கு ஏற்ப மாறுகிறார்கள்,Teenagers change with the times,life-stage,corpus_sourashtradictionary
கௌமரி,kaumari,"விடலைப் பெண், கன்னிப் பெண், பதின்மவயது பெண்","Teenage Girl, Virgin",அத்தா கௌமரின் கொஞ்சுதொ பொட3ரானி,attaa kaumarin konjcuto poDaraani,இப்போதைய பதின்மவயது பெண்கள் வெட்கப்படுவதில்லை,Today's teenage girls are not shy,life-stage,corpus_sourashtradictionary
கௌமரப்பன்,kaumarappan,"விடலைப்பருவம், பதின்மவயது",Teenage,கௌமரப்பனும் பில்லல்னுன் ஸங்கெ3யொ ஐகுனான்,kaumarappanum pillalnun sanggeyo aikunaan,பதின்மவயதில் குழந்தைகள் சொல்வதை கேட்கமாட்டார்கள்,"In teenage, children don't listen",life-stage,corpus_sourashtradictionary
கௌமார,kaumaara,"விடலைப்பருவம், பதின்மவயது","Teenage, Boyhood",அஸ்கிதெமாம் வேன் தி4ல்லொயொ கௌமாராம் தா3ரித்3ரம்,askitemaam vEn dhilloyo kaumaaraam daaridram,எல்லாவற்றிலும் மிக மோசமானது சிறுவயதில் வறுமை,Worst of all is poverty in boyhood,life-stage,corpus_sourashtradictionary
ந்ஹன்ன பில்லொ,nhanna pillo,சிறு குழந்தை,"Little child, Baby",தெனொ ந்ஹன்ன பில்லொ ஸொகன் ரொடெ3ஸ்,teno nhanna pillo sokan roDes,அவன் சிறு குழந்தை போல் அழுதான்,He cried like a little child,life-stage,corpus_sourashtradictionary
ம்ஹொடொ3 மெனி,mhoDo meni,"பெரியவர், வயது வந்தோர்",Adult,பில்லொகன் ர்ஹியெத் மெல்லொ ம்ஹொடொ3 மெனி ஸொகன் வத்தொ கெரய்,pillokan rhiyet mello mhoDo meni sokan vatto keray,குழந்தையாக இருந்தாலும் பெரியவன் போல் பேசுவான்,"Even though he is a child, he talks like an adult",life-stage,corpus_sourashtradictionary
ம்ஹொடொ3 மெனி ஹோத்தெ,mhoDo meni hOtte,"பெரியவளாதல், பூப்படைதல்","Attaining age, Puberty",பெ3ட்3கின் 12 ஒர்ஸுமூஸ் ம்ஹொடொ3 மெனி ஹொய்யாராஸ்,beDkin 12 orsumoos mhoDo meni hoyyaaraas,சிறுமிகள் 12 வயதிலேயே பெரியவளாகிறார்கள்,Girls attain age at the age of 12,life-stage,corpus_sourashtradictionary
பை3ல்,bail,"பெண், பெண்மணி","Woman, Lady, Female",பை3லுனுக் ரொட3ட3ன் ஹோனா,bailunuk roDaDan hOnaa,பெண்களை அழ வைக்கக் கூடாது,Should not make women to cry,life-stage,corpus_sourashtradictionary
பெ3ய்ல்மெனி,beylmeni,"பெண், பெண்மணி","Woman, Lady, Female",காமுக் ஜாரியொ பெ3ய்ல்மெனினு பாட் வேன் கெஷ்டமு,kaamuk jaariyo beylmeninu paaT vEn keshTamu,வேலைக்கு செல்லும் பெண்களின் நிலை மிகவும் கடினமானது,The position of working women is very difficult,life-stage,corpus_sourashtradictionary
ஒந்து,ontu,"பெண், பெண்மணி","Woman, Lady, Female",த3ல்லொ பா3தொ3 கெரத் ஒந்துனுக் கப3ட3த்தக் நியமுன் ஸே,dallo baado kerat ontunuk kabaDattak niyamun sE,கணவன் கொடுமை செய்தால் பெண்களைப் பாதுகாக்க சட்டங்கள் உள்ளன,There are laws to protect women if a husband is abusive.,life-stage,corpus_sourashtradictionary
வொந்து,vontu,"பெண், பெண்மணி","Woman, Lady, Female",வொந்துன் விஶேஷு தி3ன்னும் நொவ்வொ ஸௌலொ பி2ல்லனு,vontun vissEshu dinnum novvo saulo phillanu,பெண்கள் விசேஷ நாட்களில் புதிய புடவைகளை அணிவார்கள்,Women wear new sarees for special days,life-stage,corpus_sourashtradictionary
"அளி, அலி","aLi, ali","பெண், பெண்மணி","Woman, Lady, Female",ஜர்க்கெம் மெனரியொ அளினுக் தி3வ்வா ஜித்ரவ்,jarkkem menariyo aLinuk divvaa jitrav,பிரசவம் என்பது பெண்களுக்கு இரண்டாவது வாழ்க்கை,Childbirth is a second life for women,life-stage,corpus_sourashtradictionary
ஸ்த்ரீ,stree,"பெண், பெண்மணி","Woman, Lady, Female",வரலக்ஷ்மி ஒக3துக் ஹொராட்3ஹொயெ ஸ்த்ரீன் மட3ஸுன்,varalakshmi ogatuk horaaDhoye streen maDasun,வரலக்ஷ்மி விரதத்தை திருமணமான பெண்கள் கொண்டாடுகிறார்கள்,Varalakshmi Vratham is celebrated by married women,life-stage,corpus_sourashtradictionary
அம்மக்கோ,ammakkO,"பெண், பெண்மணி","Woman, Lady, Female",தெனொ மொரட்3 ஹொயெ அம்மக்கொ,teno moraD hoye ammakko,அவள் மிகவும் முரட்டுத்தனமான பெண்,She is a very rude woman,life-stage,corpus_sourashtradictionary
அங்க3னொ,anggano,பெண்,Woman,பர அங்க3னாக் ஆஸ்தொ பொட3ஹோனா,para angganaak aasto poDahOnaa,பிறர் மனைவியை விரும்பக் கூடாது,Should not like others wife,life-stage,corpus_sourashtradictionary
த3ல்லொ மெனி,dallo meni,ஆண்,"Man, Male",த3ல்லொ மெனி கொ2ப்3பி3ம் தீ4ரம்கன் ர்ஹனொ,dallo meni khobbim dheeramkan rhano,ஆண் எப்போதும் தைரியமாக இருக்க வேண்டும்,A man should always be brave,life-stage,corpus_sourashtradictionary
த3ல்லனாச்சி,dallanaacci,முரட்டுப்பெண்,"Rogue woman, Manly woman",பெ3ய்ல்மெனியா தெனொ? த3ல்லனாச்சி,beylmeniyaa teno? dallanaacci,பெண்ணா அவள்? முரட்டுப்பெண்,Is she a woman? Rogue woman,life-stage,corpus_sourashtradictionary
வார்தி4க்யொ,vaardhikyo,முதுமை,Old age,வார்தி4க்யாம் ஆங்கு3 பா4ர் ஹொய்யாஸு,vaardhikyaam aanggu bhaar hoyyaasu,முதுமையில் உடல் சுமையாகிறது,In old age the body becomes burdened,life-stage,corpus_sourashtradictionary
ஒயெஸ்,oyes,வயது,Age,ஒயெஸுக் தயெ தா4னுக் பொ3ட்டொ பி2ல்லுனொ,oyesuk taye dhaanuk boTTo philluno,வயதுக்கு ஏற்றது போல் உடை அணிய வேண்டும்,Dress appropriately for your age,life-stage,corpus_sourashtradictionary
ஒள்டு3,oLDu,"வயதானவர், மூத்தவர்","Aged, Elder, Senior",ஒள்டு3னு ஆலோசனாக் ஐகத்தெ கொ2ப்3பி3ம் ப3ரொ,oLDunu aalOcanaak aikatte khobbim baro,பெரியவர்களின் அறிவுரைகளைக் கேட்பது எப்போதும் நல்லது,It is always better to listen to the advice of elders,life-stage,corpus_sourashtradictionary
வொர்ஸு ஹொயாத்தெனு,vorsu hoyaattenu,வயதானவர்கள்,"Elderly, Aged people",,,,,life-stage,corpus_sourashtradictionary
வொர்ஸு ஹொயெ,vorsu hoye,வயதான,Aged,,,,,life-stage,corpus_sourashtradictionary
து3க்பொ,dukpo,"மூப்பு, வயோதிகம், முதுமை","Old Age, Aging, Ageing, Senility",து3க்பொ மெனரியொ ஒண்டெ ஶாபனொ,dukpo menariyo oNTe ssaapano,முதுமை என்பது ஒரு சாபம்,Old age is a curse,life-stage,corpus_sourashtradictionary
தொ3வ்ரப்பன்,dovrappan,"மூப்பு, வயோதிகம், முதுமை","Old Age, Aging, Ageing, Senility",தொ3வ்ரப்பனும் ரோக்3 ந்ஹாத்தக் ஜிவத்தெனு தீ3 தொ2வ்யாத்தெனு,dovrappanum rOg nhaattak jivattenu dee thovyaattenu,முதுமையில் நோயின்றி வாழ்பவர் கொடுத்து வைத்தவர்,Lucky is he who lives in old age without disease,life-stage,corpus_sourashtradictionary
அம்மான்,ammaan,அம்மணி,Madam,"அம்மானு, துமி கா2த்தெயொ ஸங்கி3திரியொயா?","ammaanu, tumi khaatteyo sanggitiriyoyaa?","அம்மணி, நீங்கள் உணவை சொல்லிவிட்டீர்களா?","Madam, have you ordered the food?",life-stage,corpus_sourashtradictionary
ஐயான்,aiyaan,பெரிய மனிதர்,Gentleman,தெனு ஒண்டெ ஐயான் ஸொகன் சல்லியாஸ்,tenu oNTe aiyaan sokan calliyaas,அவர் ஒரு ஜென்டில்மேன் போல் நடந்து கொண்டார்,He behaved like a gentleman,life-stage,corpus_sourashtradictionary
ஐயானு,aiyaanu,ஐயா,Sir,ஐயானு வாட் ஸொடு3வொ,aiyaanu vaaT soDuvo,"ஐயா, வழி விடுங்கள்","Sir, give way",life-stage,corpus_sourashtradictionary
ஒள்ட்3யான்,oLDyaan,"முன்னோர்கள், மூதாதையர்கள்","Ancestor, Ancestors, Ancestral",தெனொ அபுல் ஒள்ட்3யானுக் பாய்ஞ் பொடி3ஸ்,teno apul oLDyaanuk paaynj poDis,அவள் தன் முன்னோர்களை வழிபட்டாள்,She has worshipped her ancestor,life-stage,corpus_sourashtradictionary
ம்ஹொட்டான்,mhoTTaan,"முன்னோர், மூதாதையர், வயதானவர்கள்","Ancestor, Ancestors, Elderly, Ancestral",ம்ஹொட்டான் தெங்கொ3 அனுப4வமுக் ஆலோசனொகன் ஸங்க்3யாஸ்,mhoTTaan tenggo anubhavamuk aalOcanokan sanggyaas,முன்னோர்கள் தங்கள் அனுபவத்தை அறிவுரையாக சொன்னார்கள்,The ancestors spoke of their experience as advice,life-stage,corpus_sourashtradictionary
ம்ஹொட்டப்பன்,mhoTTappan,"கௌரவம், மரியாதை","Honor, Respect",அவ்ரெ பா3க் தௌ4ராம் ம்ஹொட்டப்பன் அப்3பெ3ஸி,avre baak dhauraam mhoTTappan abbesi,எங்கள் தந்தைக்கு கோவிலில் கௌரவம் கிடைத்தது,Our father was honored in the temple,life-stage,corpus_sourashtradictionary
உஜ்யாத்தெனு,ujyaattenu,பிறந்தவர்,Born,தெனு விதே3ஶும் உஜ்யாத்தெனு,tenu vidEssum ujyaattenu,அவர் வெளிநாட்டில் பிறந்தவர்,He was born abroad,life-stage,corpus_sourashtradictionary
உஜ்ஜெதி3ன்னு,ujjedinnu,பிறந்தநாள்,Birthday,ஹிந்தொ3 மொரெ பெ3டி3க் உஜ்ஜெதி3ன்னு,hindo more beDik ujjedinnu,இன்று என் மகளின் பிறந்தநாள்,Today is my daughter's birthday,life-stage,corpus_sourashtradictionary
ஜிவ்னி,jivni,வாழ்க்கை,Life,ஜிவ்னி கொ2ப்3பி3ம் தி2ரன் ஹொயெயொ ந்ஹா,jivni khobbim thiran hoyeyo nhaa,வாழ்க்கை எப்போதும் நிரந்தரமானது அல்ல,Life is not always permanent,life-stage,corpus_sourashtradictionary
ஜித்ரவ்,jitrav,வாழ்க்கை,Life,ஜித்ரவும் ஒண்டால் தி3 கஸிக் ஜீலி அவ்னொ,jitravum oNTaal di kasik jeeli avno,வாழ்நாளில் ஒருமுறையாவது வாரணாசிக்கு சென்றுவர வேண்டும்,Should visit Varanasi at least once in lifetime,life-stage,corpus_sourashtradictionary
ஜிவ்ணம்,jivNam,வாழ்வாதாரம்,"Livelihood, Living",ஜிவ்ணமுக் காய் கெரரியொ?,jivNamuk kaay kerariyo?,வாழ்வாதாரத்திற்கு என்ன செய்கிறீர்கள்?,What do you do for a living?,life-stage,corpus_sourashtradictionary
ஜிவ்த3ஜீவ்,jivdajeev,உயிரோடு,Alive,ரோக்3 அவெ குடி3னுக் ஜிவ்த3ஜீவ் ஜள்தியா,rOg ave kuDinuk jivdajeev jaLtiyaa,நோய்வாய்ப்பட்ட கோழிகளை உயிருடன் எரித்தனர்,Diseased chickens were burned alive,life-stage,corpus_sourashtradictionary
ஜிவி ர்ஹாத்தெ,jivi rhaatte,உயிர் பிழைத்தல்,Survival,த்4ருவொ ப்ராந்தும் ஜிவி ர்ஹாத்தெ ல்ஹெகூ3 ந்ஹா,dhruvo praantum jivi rhaatte lhegoo nhaa,துருவப் பகுதியில் உயிர்வாழ்வது எளிதானது அல்ல,Survival in the polar region is not easy,life-stage,corpus_sourashtradictionary
ஆயு,aayu,"ஆயுட்காலம், ஆயுள் காலம்",Lifespan,அத்தொ மெனிகுனு ஆயு ரமாரமி 65 ஒர்ஸுனு,atto menikunu aayu ramaarami 65 orsunu,தற்போது மனிதனின் ஆயுட்காலம் சுமார் 65 ஆண்டுகள்,At present human life span is about 65 years,life-stage,corpus_sourashtradictionary
ஜெலும்,jelum,ஜன்மம்,"Life, Congenital, Birth",ஸாத் ஜெலும் ஹெடெ3த்மெள்ளி எல்லெ பாப் ஹிட்டுனா,saat jelum heDetmeLLi elle paap hiTTunaa,ஏழு ஜன்மம் எடுத்தாலும் இந்தப் பாவம் நீங்காது,"Even if one takes seven births, this sin will not be removed",life-stage,corpus_sourashtradictionary
சா2ளி,chaaLi,பிறவி,"Life, Congenital, Birth",அஸ்கி சா2ளினும் மெனிகு சா2ளீஸ் மேடு,aski chaaLinum meniku chaaLees mETu,எல்லா பிறவிகளிலும் மனித பிறவியே சிறந்தது,Human birth is the best of all births,life-stage,corpus_sourashtradictionary
பு2ள்ளொ,phuLLo,முற்பிறவி,Previous Life,சொக்கட் ஜித்ரவ் மெனரியொ பு2ள்ளா ஜித்ரவு போ2ளு,cokkaT jitrav menariyo phuLLaa jitravu phOLu,நல்ல வாழ்க்கை என்பது முந்தைய வாழ்க்கையின் விளைவு,A good life is the result of a previous life,life-stage,corpus_sourashtradictionary
கெரும்,kerum,"கர்மம், ஊழ்வினை",Karma,பு2ள்ளா ஜெலுமு கெரும் ஒவேளும் ஸுட்டனி,phuLLaa jelumu kerum ovELum suTTani,முற்பிறவியின் கர்மம் ஒருபோதும் விலகுவதில்லை,The karma of the previous birth never goes away,life-stage,corpus_sourashtradictionary
மொடொ3,moDo,பிணம்,Corpse,அநாதி3 மொடா3க் அந்திம கார்யம் கெரத்தெ பவித்ரம் ஹொயெயொ,anaadi moDaak antima kaaryam keratte pavitram hoyeyo,அனாதையின் சடலத்தை தகனம் செய்வது புனிதமானது,Cremation of an orphan's body is sacred,life-stage,corpus_sourashtradictionary
மொரண்ஜிவன்,moraNjivan,ஆபத்தான நிலை,"Serious condtion, Critical condition",ரோக்3கெரி மொரண்ஜிவன் பொடி3 ஸே,rOgkeri moraNjivan poDi sE,நோயாளி ஆபத்தான நிலையில் உள்ளார்,The patient is in critical condition,life-stage,corpus_sourashtradictionary
மொரன்,moran,மரணம்,Death,மொரன் மெனெத் அஸ்கிதெங்கொ3 தா4குஸ்,moran menet askitenggo dhaakus,மரணம் என்றால் அனைவருக்கும் பயம்,Death is feared by all,life-stage,corpus_sourashtradictionary
பரம்பொந்தி3யாஸ்,parampondiyaas,காலமானார்,Passed away,தெங்கொ3 போ3 ஹிந்தொ3 பரம்பொந்தி3யாஸ்,tenggo bO hindo parampondiyaas,அவரது தந்தை இன்று காலமானார்,His father passed away today,life-stage,corpus_sourashtradictionary
மொரனு ஸமாசார்,moranu samaacaar,"இறப்புச் செய்தி, இரங்கல் செய்தி",Obituary,மொரெ ஒஸ்து பரம்பொந்த3யொ மொரனு ஸமாசாரும் ர்ஹீ களள்யஸ்,more ostu parampondayo moranu samaacaarum rhee kaLaLyas,எனது உறவினர் இறந்ததை இரங்கல் செய்தி மூலம் அறிந்தேன்,I learned about my relative's death through an obituary,life-stage,corpus_sourashtradictionary
வெளு,veLu,இறுதி சடங்கு,Funeral,தெங்க3 பா3 வெளு ஸொந்தொ3 தொ2வ்ல்ராஸ்,tengga baa veLu sondo thovlraas,அவரது தந்தையின் இறுதிச்சடங்கு நாளை நடைபெறுகிறது,His father's funeral will be held tomorrow,life-stage,corpus_sourashtradictionary
ஒத்3தெ3ஸொ,oddeso,முதல் ஆண்டு திவசம்,First death anniversary,ஸொந்தொ3 மொரெ ஐங்கெ3ரம்பா3க் ஒத்3தெ3ஸொ,sondo more ainggerambaak oddeso,நாளை என் பாட்டியின் முதலாம் ஆண்டு திவசம்,Tomorrow is my grandmother's first death anniversay,life-stage,corpus_sourashtradictionary
வர்த3ஸொ,vardaso,முதல் ஆண்டு திவசம்,First death anniversary,வர்த3ஸாக் ப3ந்து4னுக் பொ3வ்யாஸி,vardasaak bandhunuk bovyaasi,முதலாம் ஆண்டு திவசதிற்கு உறவினர்களை அழைத்தோம்,We invited relatives for the first death anniversary,life-stage,corpus_sourashtradictionary
திதி,titi,திவசம்,Death anniversary,ஒர்ஸு ஒர்ஸு திதி தெ3னொ,orsu orsu titi deno,ஒவ்வொரு வருடமும் திவசம் செய்ய வேண்டும்,Death anniversary should be performed every year,life-stage,corpus_sourashtradictionary
லயம்,layam,"அழிவு, மரணம்","Extinction, Death, Perish, Destroy, Doom",ஆத்மாக் லயம் ஜுண்ணா,aatmaak layam juNNaa,ஆத்மாவுக்கு மரணம் இல்லை,Soul has no death,life-stage,corpus_sourashtradictionary
நாஸ்தி,naasti,"அழிவு, மரணம்","Extinction, Death, Perish, Destroy, Doom",கலியுகொ3 முஸெத்திக்காம் அஸ்கி நாஸ்தி ஹொய்யாய்,kaliyugo musettikkaam aski naasti hoyyaay,கலியுகம் முடிந்ததும் அனைத்தும் அழிந்துவிடும்,"When the Kaliyuga ends, everything will perish",life-stage,corpus_sourashtradictionary
நஸினி,nasini,"அழிவு, மரணம்","Extinction, Death, Perish, Destroy, Doom",ஸனாதன தெ4ரும் கொ2ப்3பி3ம் நஸினி ஹோனா,sanaatana dherum khobbim nasini hOnaa,சனாதன தர்மம் எப்போதும் அழியாது,Sanatana dharma will never doom,life-stage,corpus_sourashtradictionary
அகா3ர்,agaar,"உணவு, சாப்பாடு",Food,அகா3ர் ருசிகன் ஒண்டெ ந்ஹா ஹொக3த்கன் மெல்லொ ர்ஹனொ,agaar rucikan oNTe nhaa hogatkan mello rhano,சாப்பாடு சுவையாக மட்டுமல்ல மருந்தாகவும் இருக்க வேண்டும்,Food should not only be delicious but also medicinal,food,corpus_sourashtradictionary
கௌ2ணம்,khauNam,"உணவு, சாப்பாடு",Food,பில்லன்னுக் தே3ரியொ கௌ2ணம் போஷணொகன் ர்ஹனொ,pillannuk dEriyo khauNam pOshaNokan rhano,குழந்தைகளுக்கு கொடுக்கப்படும் உணவு சத்தானதாக இருக்க வேண்டும்,Food given to children should be nutritious,food,corpus_sourashtradictionary
நாஸ்தொ,naasto,காலை உணவு,Breakfast,ஹுரிக் ஜாரியொ பில்லல்னுன் நாஸ்தொ கெரனின்,hurik jaariyo pillalnun naasto keranin,பள்ளி செல்லும் குழந்தைகள் காலை உணவை சாப்பிடுவதில்லை,School going children do not eat breakfast,food,corpus_sourashtradictionary
து4வாரி பா4த்,dhuvaari bhaat,மதிய உணவு,Lunch,து4வாரி பா4த் கா2த்தக் கோட் ஜியென்?,dhuvaari bhaat khaattak kOT jiyen?,மதிய உணவிற்கு எங்கு செல்லலாம்?,Where to go for lunch?,food,corpus_sourashtradictionary
ஸ்தான்பான்,staanpaan,சிற்றுண்டி,Tiffin,வீள்டாக் ஸ்தான்பான் கெர்த்தி நிகு3ளுவாய்,veeLTaak staanpaan kertti niguLuvaay,மாலையில் சிற்றுண்டியை முடித்துவிட்டு கிளம்பலாம்,You can leave in the evening after taking tiffin,food,corpus_sourashtradictionary
ராஜ்ஜெமன்,raajjeman,இரவு உணவு,"Supper, Dinner",ராஜ்ஜெமனுக் அவ்ரெ கே4ர் அவ்டு3வொ,raajjemanuk avre ghEr avDuvo,இரவு உணவிற்கு எங்கள் வீட்டிற்கு வந்துவிடுங்கள்,Come to our house for dinner,food,corpus_sourashtradictionary
பூ4க்,bhook,பசி,Hunger,பூ4கும் ஹாத் பாய்ஞ் ஒண்ட்கரஸ்,bhookum haat paaynj oNTkaras,பசியால் கை கால் நடுங்குகிறது,Hands and feet tremble with hunger,food,corpus_sourashtradictionary
போடுஞ்ஜாள்,pOTunjjaaL,பசி,Hunger,போடுஞ்ஜாள் அவெ ப2ரொ கா2த்தெ ப3ரொ,pOTunjjaaL ave pharo khaatte baro,பசி எடுத்த பிறகு சாப்பிடுவது நல்லது,It is better to eat after feeling hungry,food,corpus_sourashtradictionary
பு4க்கொ,bhukko,"பசியுடன் இருப்பது, பட்டினி","Being hungry, Starvation",வாரும் ஒண்டால் பு4க்கொ ர்ஹாத்தெ சொக்கடு3,vaarum oNTaal bhukko rhaatte cokkaDu,வாரத்தில் ஒரு நாள் பட்டினி கிடப்பது நல்லது,It is good to starve one day a week,food,corpus_sourashtradictionary
பு4க்லொ,bhuklo,பசித்தவர்,Hungry person,பு4க்லாக் ருசி களானா,bhuklaak ruci kaLaanaa,பசித்தவனுக்கு சுவை தெரியாது,A hungry person does not know taste,food,corpus_sourashtradictionary
க2னார்,khanaar,சாப்பிடுபவர்,An eater,கய்லொகெஸுர் ஸொம்மர் பொ4ஸுலொ க2னார் வேன் ஹொய்யா,kaylokesur sommar bhosulo khanaar vEn hoyyaa,காய்கறிகளை விட மாமிசம் சாப்பிடுபவர்கள் அதிகமாகி விட்டனர்,Meat eaters have become more than vegetables,food,corpus_sourashtradictionary
ப4க்ஷக்,bhakshak,உண்ணி,An eater,அஸ்கியொ கா2த்தெங்கொ3 ஸர்வ ப4க்ஷக் மெனன்,askiyo khaattenggo sarva bhakshak menan,அனைத்தையும் உண்ணுபவர்களை அனைத்துண்ணி என்பர்,Those who eat everything are called omnivores,food,corpus_sourashtradictionary
ப4ஜ்ஜிக2னார்,bhajjikhanaar,சைவம் உண்பவர்,"Vegetarian, Veg",தெ2வ்டெ3 ப4ஜ்ஜிக2னாருன் அண்டொ3 கா2ஸுன்,thevDe bhajjikhanaarun aNDo khaasun,சில சைவ உணவு உண்பவர்கள் முட்டை சாப்பிடுவார்கள்,Some vegetarians eat eggs,food,corpus_sourashtradictionary
பொ4ஸுலொக2னார்,bhosulokhanaar,அசைவம் உண்பவர்,"Non vegetarian, Non veg",தெ2வ்டெ3 பொ4ஸுலொக2னாருன் து3க்கரு சைனொ கா2னின்,thevDe bhosulokhanaarun dukkaru caino khaanin,சில அசைவ உணவு உண்பவர்கள் பன்றி இறைச்சியை உண்பதில்லை,Some non vegetarians do not eat pork,food,corpus_sourashtradictionary
பூட்,pooT,ஒரு வேளை உணவு,One time meal,தீ2ன் பூட் பா4துக் இக்கொ கெஷ்டம் பொட்3ன ஹோஸ்,theen pooT bhaatuk ikko keshTam poDna hOs,மூன்று வேளை உணவுக்கு எவ்வளுவு கஷ்டப்பட வேண்டியுள்ளது,How much have to suffer for three meals,food,corpus_sourashtradictionary
கா4ஸ்,ghaas,சோற்று உருண்டை,A big rice ball,தௌ4ராம் பொங்க3ல் ம்ஹொட்டொ கா4ஸ்கன் தே3ஸுன்,dhauraam ponggal mhoTTo ghaaskan dEsun,கோவிலில் பொங்கலை பெரிய உருண்டையாக கொடுப்பார்கள்,Pongal is served in a big ball in the temple,food,corpus_sourashtradictionary
உண்டொ3,uNDo,உருண்டை,"Ball, Orb",தீளு உண்டா3க் அஸ்கி ஒர்ஸு கெரின் க2வாயி,teeLu uNDaak aski orsu kerin khavaayi,எள்ளு உருண்டையை அனத்து வயதினரும் சாப்பிடலாம்,People of all ages can eat sesame balls,food,corpus_sourashtradictionary
பொ3ர்க்குலு உண்டொ3,borkkulu uNDo,பொரி உருண்டை,Puffed rice ball,பொ3ர்க்குலு உண்டா3க் பில்லல்னுன் ப்ராமொ பொடி3 கா2ஸுன்,borkkulu uNDaak pillalnun praamo poDi khaasun,பொரி உருண்டையை குழந்தைகள் விரும்பி சாப்பிடுவார்கள்,Children love to eat fried balls,food,corpus_sourashtradictionary
பா4த்,bhaat,"சோறு, சாதம்",Cooked rice,அங்கு3 ரொவ்வொ பா4த் தாய்,anggu rovvo bhaat taay,இன்னும் கொஞ்சம் சோறு போடு,Put some more rice,food,corpus_sourashtradictionary
ஸில்லபா4த்,sillabhaat,"பழையசோறு, பழைய சாதம்","A meal of leftover rice soaked in water at night, Stale meal",அத்தொ அஸ்கி கோன் ஸில்லபா4த் கா2ராஸ்?,atto aski kOn sillabhaat khaaraas?,இப்போதெல்லாம் யார் பழையசோறு சாப்பிடுகிறார்கள்?,Who eats stale meal these days?,food,corpus_sourashtradictionary
கென்னி பேஸ்,kenni pEs,"நொய்க்கஞ்சி, அரிசிக் கஞ்சி",Rice Porridge,ஆங்கு3 ஹுன்னொ ஸுட்டலெங்கு3 கென்னி பேஸ் ஒண்டேஸ்,aanggu hunno suTTalenggu kenni pEs oNTEs,காய்ச்சல் விடும்வரை நொய்க்கஞ்சி மட்டும் தான்,Only rice porridge until the fever subsides,food,corpus_sourashtradictionary
ஸுகு3ட்,suguT,களி,Pudding,பெ3ய்லனுக் கேடு பொ3லமுக் உடி3து3 ஸுகு3ட் தே3னு,beylanuk kETu bolamuk uDidu suguT dEnu,பெண்களுக்கு இடுப்பு பலத்திற்கு உளுந்து களி கொடுப்பார்கள்,"For women, they give dal pudding to strengthen their hips",food,corpus_sourashtradictionary
அம்பி3ல்,ambil,கூழ்,"Gruel, Pulp, Mush",ஆடி3 ம்ஹடா3ம் மாரியம்மா தௌ4ராம் அம்பி3ல் தே3ஸுன்,aaDi mhaDaam maariyammaa dhauraam ambil dEsun,ஆடி மாதம் மாரியம்மன் கோவிலில் கூழ் ஊற்றுவார்கள்,"In the month of Aadi, they serve gruel in the Mariamman temple",food,corpus_sourashtradictionary
அம்ருத்,amrut,"அமிழ்தம், அமுதம்","Nectar, Elixir",ஸோகும் பனி மெல்லொ அம்ருத் ஸொகன் லக3யி,sOkum pani mello amrut sokan lagayi,தாகத்தில் தண்ணீர் கூட அமுதம் போல் தெரியும்,Even water seems like elixir in thirst,food,corpus_sourashtradictionary
ரும்பி,rumpi,"அமிழ்தம், அமுதம்","Nectar, Elixir",பு4க்லாக் ஸுக்கெ ரொட்டி மெல்லொ ரும்பி,bhuklaak sukke roTTi mello rumpi,பசித்தவனுக்கு காய்ந்த ரொட்டியும் அமுதம்,Even dry bread is elixir for the hungry,food,corpus_sourashtradictionary
ஸம்பா3ர்,sambaar,சாம்பார்,"Spicy gravy, stew, broth",ஸெவாக்கய்லா ஸம்பா4ர் ருசிகன் ஸே,sevaakkaylaa sambhaar rucikan sE,முருங்கைக்காய் சாம்பார் ருசியாக உள்ளது,Drumstick sambar is delicious,food,corpus_sourashtradictionary
அவ்ண்டி,avNTi,"குழம்பு, புளிக்குழம்பு","Tamarind gravy, stew, broth",அவ்ண்டி தீ3தி3 ஹொயெத் மெள்ளி நஜ்ஜானி,avNTi deedi hoyet meLLi najjaani,புளிக்குழம்பு இரண்டு நாளானாலும் கெடுவதில்லை,The tamarind gravy does not spoil even for two days,food,corpus_sourashtradictionary
அம்டி,amTi,"குழம்பு, புளிக்குழம்பு","Tamarind gravy, stew, broth",அம்டி ககொ3 கொடு3 லக3ரியோ?,amTi kago koDu lagariyO?,புளிக்குழம்பு ஏன் கசப்பாக இருக்கிறது?,Why does tamarind gravy taste bitter?,food,corpus_sourashtradictionary
கொ3ஜ்ஜு,gojju,"குழம்பு, புளிக்குழம்பு","Tamarind gravy, stew, broth",கொ3ஜ்ஜு ஸெர்க்க தப்பிரனி. தாடொ3 ஸே !,gojju serkka tappirani. taaDo sE !,புளிக்குழம்பு சரியாக கொதிக்கவில்லை. தண்ணீராக இருக்கிறது !,The tamarind gravy is not boiled properly. It is watery!,food,corpus_sourashtradictionary
கொள்கர்,koLkar,காரக்குழம்பு,"Chilli Gravy, stew, broth",கொள்கர்யா? வஸுனொ துக்கரஸ் !,koLkaryaa? vasuno tukkaras !,காரக்குழம்பா? வாசனை நன்றாக வருகிறது !,Chilli gravy? Smells good!,food,corpus_sourashtradictionary
மிரி கொள்கர்,miri koLkar,மிளகு குழம்பு,"Pepper Gravy, stew, broth",மிரி கொள்கர் வேன் ஸொட்3லியெத் போட் து3க்காய்,miri koLkar vEn soDliyet pOT dukkaay,மிளகு குழம்பு அதிகம் ஊற்றினால் வயிறு வலிக்கும்,Pouring too much pepper broth will cause stomach ache,food,corpus_sourashtradictionary
லொஸனு கொள்கர்,losanu koLkar,பூண்டு குழம்பு,"Garlic Gravy, stew, broth",லொஸனு கொள்கர் போட்பு2கி3க் சொக்கடு3,losanu koLkar pOTphugik cokkaDu,பூண்டு குழம்பு வாய்வுக்கு நல்லது,Garlic gravy is good for flatulence,food,corpus_sourashtradictionary
சைனா அவ்ண்டி,cainaa avNTi,கறிக்குழம்பு,"Mutton gravy, stew, broth",ஜு2கு3 தெனு ஐதார்தி3 சைனா அவ்ண்டி கெரஸுனு,jhugu tenu aitaardi cainaa avNTi kerasunu,நிறைய பேர் ஞாயிறன்று கறிக்குழம்பு செய்கிறார்கள்,Many people make mutton gravy on Sunday,food,corpus_sourashtradictionary
ப4ஜ்ஜி சார்,bhajji caar,கீரை குழம்பு,"Spinach gravy, Green Stew, broth",ப4ஜ்ஜி சாரு ருசி கொம்மன்கன் ர்ஹாயி,bhajji caaru ruci kommankan rhaayi,கீரைக் குழம்பு இளஞ்சுவையில் இருக்கும்,Spinach gravy tastes unfermented,food,corpus_sourashtradictionary
தெ4ய்ஞ் அவ்ண்டி,dheynj avNTi,மோர்க்குழம்பு,"Whey gravy, stew, broth",தெ4ய்ஞ் அவ்ண்டிம் பி3ஜ்ஜெ வடொ3 ருசிகன் ர்ஹாயி,dheynj avNTim bijje vaDo rucikan rhaayi,மோர்க்குழம்பில் ஊறிய வடை சுவையாக இருக்கும்,Donut soaked in whey gravy is delicious,food,corpus_sourashtradictionary
தெ4ஞி அம்டி,dhenji amTi,மோர்க்குழம்பு,"Whey gravy, stew, broth",தெ4ஞி அம்டி ரொவ்வொ கெ4டி3ம் கெர்த்துவாய்,dhenji amTi rovvo gheDim kerttuvaay,மோர்க்குழம்பை சிறிது நேரத்தில் செய்துவிடலாம்,Whey gravy can be made in little time,food,corpus_sourashtradictionary
திம்டி,timTi,ரசம்,Indian Soup,ஒதெனுன் திம்டிக் போ3னிம் சொட்3லி பேஸுன்,otenun timTik bOnim coDli pEsun,சிலர் ரசத்தை குவளையில் ஊற்றி குடிக்கிறார்கள்,Some people pour Indian soup into a tumbler and drink it,food,corpus_sourashtradictionary
பிள்சார்,piLcaar,ரசம்,Indian Soup,ஜெமனு பிள்சார் பெ4ளி ருசிகன் ர்ஹாயி,jemanu piLcaar bheLi rucikan rhaayi,திருமண விருந்தில் ரசம் மிகச் சுவையாக இருக்கும்,Indian soup is very delicious in wedding feast,food,corpus_sourashtradictionary
சீஸ் அம்டி,cees amTi,ரசம்,Indian soup,சீஸ் அம்டி ஜீர்ணுக் ஸஹாவ் கெரயி,cees amTi jeerNuk sahaav kerayi,ரசம் செரிமானத்திற்கு உதவும்,Indian soup helps in digestion,food,corpus_sourashtradictionary
கெட்டு பிள்சார்,keTTu piLcaar,பருப்பு ரசம்,Lentle Indian Soup,ஒதெனுன் கெட்டு பிள்சார் ஒண்டேஸ் ஸொட்3லன்,otenun keTTu piLcaar oNTEs soDlan,சிலர் பருப்பு ரசம் மட்டுமே ஊற்றிக்கொள்வார்கள்,Some people take only lentle Indian Soup,food,corpus_sourashtradictionary
தெ4ய்ஞ்,dheynj,தயிர்,"Curd, Yogurt",ஜு2கு3தெங்கொ3 தெ4ய்ஞ் அம்ப3ட்கன் ர்ஹியெதி3ஸ் ஒப்பாய்,jhugutenggo dheynj ambaTkan rhiyedis oppaay,பலருக்கு தயிர் புளித்திருந்தால் தான் பிடிக்கும்,Many people like yogurt only if it is fermented,food,corpus_sourashtradictionary
தெ4ஞி,dhenji,தயிர்,"Curd, Yogurt",தெ4ஞி அம்ப3ட்கன் ர்ஹியெத் மீட் செர்ச்சுல்னொ,dhenji ambaTkan rhiyet meeT cercculno,தயிர் புளிப்பாக இருந்தால் உப்பு சேர்க்கவேண்டும்,Add salt if curd is sour,food,corpus_sourashtradictionary
தெ4ய்ஞ் பனி,dheynj pani,மோர்,Butter milk,தின்னாள் வேள் தெ4ய்ஞ் பனி மௌடொ3 தக3ஸுன்,tinnaaL vEL dheynj pani mauDo tagasun,திருவிழாவின் போது மோர் பந்தல் போடுவார்கள்,During the festival they put up buttermilk bunting,food,corpus_sourashtradictionary
தெ4ஞி பனி,dhenji pani,மோர்,Butter milk,ஹூனுகலமு தெ4ஞி பனி பேத்தெ சொக்கடு3,hoonukalamu dhenji pani pEtte cokkaDu,வெயில்காலத்தில் மோர் குடிப்பது நல்லது,It is good to drink buttermilk in summer,food,corpus_sourashtradictionary
தாகு,taaku,மோர்,Butter milk,தாகு வேன் பியெத் ஹக்3கு3னொ ஹொய்யாய்,taaku vEn piyet hagguno hoyyaay,மோர் அதிகம் குடித்தால் வயிற்றுப்போக்கு ஏற்படும்,Drinking too much buttermilk can cause diarrhoea,food,corpus_sourashtradictionary
கெ2ரஸ்,kheras,பாலாடை (பனீர்),Cottage cheese,தூ3த் சொக்கட் அடாத்திஸொ தப்படி3 கெ2ரஸ் கெரஸுன்,doot cokkaT aTaattiso tappaDi kheras kerasun,பால் நன்றாக சுண்டும்படி கொதிக்க வைத்து பாலாடை செய்கிறார்கள்,Cottage cheese is made by boiling milk thoroughly until it coagulates,food,corpus_sourashtradictionary
லொனி,loni,வெண்ணை,Butter,தெ4ய்ஞிக் கு3ஸிலி லொனி ஹெட3ஸுனு,dheynjik gusili loni heDasunu,தயிரைக் கடைந்து வெண்ணெய் எடுப்பார்கள்,Butter is extracted by churning the curd,food,corpus_sourashtradictionary
தூப்,toop,"எண்ணை, நெய்","Clarified butter, Ghee",சோட் தூப் இக்கெதி3 ஹொயெத் மெல்லொ நஜ்ஜானா,cOT toop ikkedi hoyet mello najjaanaa,நெய் எவ்வளவு நாள் ஆனாலும் கெடாது,Ghee does not go bad no matter how long it lasts,food,corpus_sourashtradictionary
கய்லொகெஸுர் க2வ்னம்,kaylokesur khavnam,காய்கறி உணவு,Salad,"துங்கொ3 கய்லொகெஸுர் க2வ்னம்தி3, ரெஸ்ஸுதி3 காய்தி3 பஜெயா?","tunggo kaylokesur khavnamdi, ressudi kaaydi pajeyaa?",உங்களுக்கு காய்கறி உணவு அல்லது சாறு ஏதாவது வேண்டுமா?,Would you like some salad or soup ?,food,corpus_sourashtradictionary
குட்கிரி,kuTkiri,சுரைக்காய் கூட்டு,Bottle gourd Curry,ஹிந்தொ3 அவ்ரெ கொ4ம்மொ பொட்கு3லா குட்கிரி,hindo avre ghommo poTgulaa kuTkiri,இன்று எங்கள் வீட்டில் புடலங்காய் கூட்டு,"Today, we have bottle gourd curry at home",food,corpus_sourashtradictionary
பொள்டினி,poLTini,பொரியல்,Fries,துங்கொ3 க3வுரு பொள்டினி ஒப்பாய்யா?,tunggo gavuru poLTini oppaayyaa?,உங்களுக்கு காரட் பொரியல் பிடிக்குமா?,Do you like carrot fries?,food,corpus_sourashtradictionary
தெள்னி,teLni,எண்ணை பொரியல்,Deep frying,தெள்னியொ க2யெத் பா4ர் தக3யி,teLniyo khayet bhaar tagayi,எண்ணெயில் பொரித்ததை சாப்பிட்டால் எடை போடும்,"Eating something deep fried in oil, will gain weight",food,corpus_sourashtradictionary
பு4ஞ்ஜினி,bhunjjini,வறுத்தல்,Roasting,பொ2ன்னிஞ்சென்னாக் ஹுலாம் பு4ஞ்ஜனு,phonninjcennaak hulaam bhunjjanu,சோளத்தை நெருப்பில் வறுப்பார்கள்,Corn is roasted on fire,food,corpus_sourashtradictionary
அம்ப3ட்,ambaT,கறி மசாலா,Curry masala,கென்னுனுக் அம்ப3ட் கெரி பா4த் ஸெரொ கா2ஸுனு,kennunuk ambaT keri bhaat sero khaasunu,தானியங்களை கறியாக சமைத்து உணவுடன் சாப்பிடுகிறார்கள்,Grains are cooked as curry masala and eaten with food,food,corpus_sourashtradictionary
கச்சென்னா அம்ப3ட்,kaccennaa ambaT,கொண்டைக்கடலை கறி,Chickpea curry,கச்சென்னா அம்ப3ட் ரொவ்வொ கெ4டி3ம் ஸெஜ்ஜாய்,kaccennaa ambaT rovvo gheDim sejjaay,கொண்டைக்கடலை கறி சிறிது நேரத்தில் தீர்ந்துவிடும்,The chickpea curry runs out in no time,food,corpus_sourashtradictionary
கென்னு அம்ப3ட்,kennu ambaT,மொச்சைப் பயறு கறி,Lima bean curry,வாரும் ஒண்டெதி3 கென்னு அம்ப3ட் கெர்னொ,vaarum oNTedi kennu ambaT kerno,வாரத்தில் ஒரு நாள் மொச்சைப் பயறு கறி செய்யவேண்டும்,One day in a week should make Lima beans curry,food,corpus_sourashtradictionary
ராஜ்மா அம்ப3ட்,raajmaa ambaT,சிவப்பு காராமணி கறி,Kidney bean curry,ஜெமனும் ராஜ்மா அம்ப3ட் ஹொவ்ட்3யாஸி,jemanum raajmaa ambaT hovDyaasi,விருந்தில் சிவப்பு காராமணி கறி பரிமாறினார்கள்,Kidney bean curry was served at the feast,food,corpus_sourashtradictionary
"பு3ள்ளா அம்ப3ட், கெளங்கு3 அம்ப3ட்","buLLaa ambaT, keLanggu ambaT",உருளைக்கிழங்கு கறி,Potato curry,"பு3ள்ளா அம்ப3ட் பை4ரி, சப்பாத்தி ஸெரொ மெல்லொ க2வாயி","buLLaa ambaT bhairi, cappaatti sero mello khavaayi","உருளைக்கிழங்கு கறியை பூரி, சப்பாத்தியுடனும் சாப்பிடலாம்",Potato curry can be eaten with poori and chapati,food,corpus_sourashtradictionary
சொவ்ளா பொள்டினி,covLaa poLTini,"தட்டாம் பயறு பொரியல், காராமணி பொரியல்",Red cowpea fries,அம்ப3ட் பா4துக் சொவ்ளா பொள்டினி தொ2வனு,ambaT bhaatuk covLaa poLTini thovanu,புளியோதரையுடன் தட்டாம் பயறு பொரியல் வைப்பார்கள்,Red cowpea fries is served with tamarind rice,food,corpus_sourashtradictionary
தா3ல்,daal,பருப்பு துவையல்,Lentil curry,உத்தர் பா4ரதும் சப்பாத்தி ஸெரொ தா3ல் ஒத்திலி கா2ஸுன்,uttar bhaaratum cappaatti sero daal ottili khaasun,வட இந்தியாவில் சப்பாத்தியை பருப்பு கூட்டு தொட்டு சாப்பிடுவார்கள்,"In North India, chapatis are eaten with lentil curry",food,corpus_sourashtradictionary
தா3ல் பனி,daal pani,பருப்பு நீர்,Lentil stew,தா3ல் பனிகின் தூப் ஸொட்3லி பா4த் கா2ஸுனு,daal panikin toop soDli bhaat khaasunu,பருப்பு மற்றும் நெய்யுடன் சாதம் சாப்பிடுவார்கள்,People eat rice with lentil stew and ghee,food,corpus_sourashtradictionary
சென்னா தா3ல்,cennaa daal,பொட்டுக்கடலை துவையல்,Roasted gram split curry,கொள்கர் ஸெரொ சென்னா தா3ல் செரி ஜாஸு,koLkar sero cennaa daal ceri jaasu,காரக்குழம்புடன் பொட்டுக்கடலை துவையல் நன்றாக இருக்கும்,Roasted gram curry with Chilli gravy goes well,food,corpus_sourashtradictionary
லுப்3பி3ன்,lubbin,நெல்லிக்காய் மசியல்,Gooseberry paste,அம்பு3லாக் சொக்கட் லுப்3பி3கின் லுப்3பி3ன் கெரஸுன்,ambulaak cokkaT lubbikin lubbin kerasun,நெல்லிக்காயை நன்றாக மசித்து நெல்லிக்காய் மசியல் செய்கிறார்கள்,Gooseberry paste made by mashing Gooseberry well,food,corpus_sourashtradictionary
லிப்3பி3ன்,libbin,நெல்லிக்காய் மசியல்,Gooseberry paste,பிள்சாரு பா4த் ஸெரொ லிப்3பி3ன் ருசிகொ ர்ஹாஸு,piLcaaru bhaat sero libbin ruciko rhaasu,ரசம் சாதத்துடன் நெல்லிக்காய் மசியல் சுவையாக இருக்கும்,Gooseberry paste is delicious with rasam rice,food,corpus_sourashtradictionary
லொஷ்டொ,loshTo,புதினா துவையல்,Mint curry,"ப2லார், தி4டொ3 ஸெராடி3 லொஷ்டொ தொ2வ்லி கா2ஸுனு","phalaar, dhiDo seraaDi loshTo thovli khaasunu","இட்லி, தோசையுடன் புதினா துவையலை வைத்து சாப்பிடுகிறார்கள்",People take mint curry with idli and dosa,food,corpus_sourashtradictionary
கெ3ஸி,gesi,ஊறுகாய்,Pickle,தெ4ய்ஞ் பா4த் ஸெரொ காய் கெ3ஸி பயெத் தொ2வ்லுவாய்,dheynj bhaat sero kaay gesi payet thovluvaay,தயிர் சாதத்துடன் எந்த ஊறுகாயையும் வைத்துக்கொள்ளலாம்,You can have any pickle with curd rice,food,corpus_sourashtradictionary
பு4டி3த்,bhuDit,மசியல்,Mash,பு4டி3த் மெனத் தெல்லெ வங்கி3 பு4டி3தூஸ்,bhuDit menat telle vanggi bhuDitoos,மசியல் என்றால் அது கத்தரிக்காய் மசியல் தான்,Mash means it is mashed brinjal only,food,corpus_sourashtradictionary
வங்கி3 பு4டி3த்,vanggi bhuDit,கத்தரிக்காய் மசியல்,"Mashed brinjal, Mashed Eggplant",ஜெமனும் பொங்க3ல் ஸெரொ வங்கி4 பு4டி3த் தொ2வஸுனு,jemanum ponggal sero vangghi bhuDit thovasunu,விருந்தில் பொங்கலுடன் கத்தரிக்காய் மசியல் வைப்பார்கள்,"In the feast, mashed brinjal is served with Pongal",food,corpus_sourashtradictionary
க4டி3னி,ghaDini,கடையல்,"Churning Spinach etc.,",ப4ஜ்ஜி க4டி3னி ந்ஹன்ன பில்லல்னுக் சொக்கடு3,bhajji ghaDini nhanna pillalnuk cokkaDu,கீரை கடையல் சிறு குழந்தைகளுக்கு நல்லது,Churned spinach is good for small children,food,corpus_sourashtradictionary
"ஸிஜ்வெத்தெ, ஸிவ்ஜத்தெ","sijvette, sivjatte",வேகவைத்தல்,Boiling,ஹந்த3த்தக் முது3ல்லொ பூ2லுகோ3பி3க் ஸிஜ்வத்தெ ப3ரொ,handattak mudullo phoolugObik sijvatte baro,சமைப்பதற்கு முன் காலிஃபிளவரை வேகவைப்பது நல்லது,It is better to boil cauliflower before cooking,food,corpus_sourashtradictionary
பொ2ன்னி தே3த்தெ,phonni dEtte,தாளித்தல்,"Seasoning, Garnishing",பொ2ன்னி தெ3னிம் ஜு2கு3 ஹிதௌவுன் ஸே,phonni denim jhugu hitauvun sE,தாளிப்பதில் நிறைய நன்மைகள் உள்ளன,Seasoning has many benefits,food,corpus_sourashtradictionary
கூ2ர்,khoor,நெடி,Pungent smell,ல்ஹொவொ மிர்க்கைலா கூ2ர் வேன் ஸே,lhovo mirkkailaa khoor vEn sE,சிவப்பு மிளகாயின் நெடி அதிகமாக இருக்கிறது,The red chilli is smelling very pungent,food,corpus_sourashtradictionary
ஒடி3,oDi,அரிசி வடகம்,"Fried rice ball, Rice vadakam",பா4து3 ஒடி3 கெர்ன மெனெத் காம் லம்பொ3 உட்சயி,bhaadu oDi kerna menet kaam lambo uTcayi,அரிசி வடகம் செய்யவேண்டும் என்றால் வேலையை நீட்டி இழுக்கும்,Making fried rice ball prolongs the work,food,corpus_sourashtradictionary
அப்புடா3ல்,appuDaal,அப்பளம்,Papad,பில்லல்னுக் அப்புடா3ல் ஜு2க்கு ஒப்பாயி,pillalnuk appuDaal jhukku oppaayi,குழந்தைகளுக்கு அப்பளம் மிகவும் பிடிக்கும்,Children like papad very much,food,corpus_sourashtradictionary
பொ4ஸுலொ,bhosulo,"இறைச்சி, மாமிசம், கறி, அசைவம்","Meat, Non-veg",பொ4ஸுலாக் வர்ஜத்தெ ப3ரொ,bhosulaak varjatte baro,மாமிசத்தை தவிர்ப்பது நல்லது,It is better to avoid meat,food,corpus_sourashtradictionary
சைனொ,caino,"இறைச்சி, மாமிசம், கறி, அசைவம்","Meat, Non-veg",புரட்டாஸி ம்ஹடா3ம் கோன் சைனொ கா2ன்?,puraTTaasi mhaDaam kOn caino khaan?,புரட்டாசி மாதத்தில் யார் கறி சாப்பிடுவார்கள்?,Who eats meat in Puratasi month?,food,corpus_sourashtradictionary
குடி3 சைனொ,kuDi caino,கோழி இறைச்சி,Chicken meat,கென்டக்கி பு4ஞ்ஜெ குடி3 சைனொ நாவ் பொடெ3யொ,kenTakki bhunjje kuDi caino naav poDeyo,கென்டக்கி வறுத்த கோழி இறைச்சி பிரபலமானது,Kentucky fried chicken is popular,food,corpus_sourashtradictionary
பெ4ண்டு3 சைனொ,bheNDu caino,ஆட்டிறைச்சி,Mutton,தெகொ3 பெ4ண்டு3 சைனொ ஜு2க்கு ஒப்பாயி,tego bheNDu caino jhukku oppaayi,அவனுக்கு ஆட்டிறைச்சியை மிகவும் பிடிக்கும்,He likes to eat mutton which was seasoned with garlic,food,corpus_sourashtradictionary
கொ3ரு சைனொ,goru caino,மாட்டிறைச்சி,Beaf,கொ3ரு சைனொ க2யி தூ தெ3ள்கொ பொள்டி3ரஸ்,goru caino khayi too deLko poLDiras,மாட்டுக்கறி சாப்பிட்டு நீ குண்டாகி விட்டாய்,You have gained weight by eating beef,food,corpus_sourashtradictionary
து3க்கரு சைனொ,dukkaru caino,பன்றி இறைச்சி,Pork,தெ2வ்டெ3 தெ4ருமு து3க்கரு சைனொ அஸுத்3த4ம் மெனி மென்லஸுனு,thevDe dherumu dukkaru caino asuddham meni menlasunu,"சில மதங்களில், பன்றி இறைச்சி தூய்மையற்றதாக கருதப்படுகிறது","In some religions, pork is considered impure",food,corpus_sourashtradictionary
ஹரிணு சைனொ,hariNu caino,மான் இறைச்சி,Venison,பா4ரதும் ஹரிணு சைனொ கா2த்தெ அபராத்4 ஹோஸு,bhaaratum hariNu caino khaatte aparaadh hOsu,இந்தியாவில் மான் கறி சாப்பிடுவது குற்றம் ஆகும்,Eating venison is a crime in India,food,corpus_sourashtradictionary
மெயம்,meyam,கொழுப்பு,Fat,து3க்கரு சைனாம் மெயம் வேன் ஸே,dukkaru cainaam meyam vEn sE,பன்றி இறைச்சியில் அதிக கொழுப்பு உள்ளது,Pork is high in fat,food,corpus_sourashtradictionary
மந்தொ3,mando,கொழுப்பு,Fat,குளித் க2யெத் மந்தொ3 உன்னொ பொட3யி,kuLit khayet mando unno poDayi,கொள்ளு சாப்பிட்டால் கொழுப்பு குறையும்,Eating horse gram reduces fat,food,corpus_sourashtradictionary
அண்டொ3,aNDo,முட்டை,Egg,குடி3 ஒண்டெ தி3ன்னுக் ஒண்டெ அண்டொ3 தக3யி,kuDi oNTe dinnuk oNTe aNDo tagayi,கோழி ஒரு நாளுக்கு ஒரு முட்டை இடும்,A hen lays one egg per day,food,corpus_sourashtradictionary
கொட்3டி3,koDDi,கருவாடு,Dried fish,கொட்3டி3 ஜு2கு3 தி3ன்னு நஜ்ஜனாத்தக் ர்ஹாஸு,koDDi jhugu dinnu najjanaattak rhaasu,கருவாடு நீண்ட நாட்கள் கெடாமல் இருக்கும்,Dried fish will last longer,food,corpus_sourashtradictionary
ஸுக்கட்,sukkaT,உப்புக்கண்டம்,"Dry mutton, Jerky",ஸுக்கட் ப்ராமொபொடி3 க2னார் ஜு2கு3 தெனு ஸே,sukkaT praamopoDi khanaar jhugu tenu sE,உப்புக்கண்டத்தை விரும்பி சாப்பிடுபவர்கள் நிறைய பேர் உண்டு,There are many people who like to eat dry mutton,food,corpus_sourashtradictionary
"சகுலத்தெ, சைலத்தெ","cakulatte, cailatte","வெஞ்சனம், தொட்டுக்கொள்ளல்",Side dish,சைலத்தக் ந்ஹாத்தக் கா2த்த முஸய்யா?,cailattak nhaattak khaatta musayyaa?,தொட்டுக்கொள்ள இல்லாமல் சாப்பிட முடியுமா?,Can you eat without side dish?,food,corpus_sourashtradictionary
பீட்,peeT,மாவு,Batter,அங்கி3டி3ம் க2ட3ரியொ பீடும் அம்ப3ட் வேன் ர்ஹாஸ்,anggiDim khaDariyo peeTum ambaT vEn rhaas,கடையில் வாங்கும் மாவில் அதிக புளிப்பு உள்ளது,Store-bought batter is highly leavened,food,corpus_sourashtradictionary
அப்பம்,appam,கருப்பட்டி ஆப்பம்,Jaggery dosa,தெ2வ்டெ3 தெனு நாஸ்தாக் அப்பம் கா2ஸுன்,thevDe tenu naastaak appam khaasun,சிலர் காலை உணவிற்கு ஆப்பம் சாப்பிடுகிறார்கள்,Some eat jaggery dosa for breakfast,food,corpus_sourashtradictionary
லொனி அப்பம்,loni appam,வெண்ணை ஆப்பம்,Buttered jaggery dosa,லொனி அப்பம் ஹுன்னொ ஹுன்னொகன் க2னொ,loni appam hunno hunnokan khano,வெண்ணை ஆப்பத்தை சுடச்சுட சாப்பிடவேண்டும்,Buttered jaggery dosa should be eaten hot,food,corpus_sourashtradictionary
தி4டொ3,dhiDo,தோசை,"Dosa, Rice Pancake",கொம்மன் பீடும் ஹந்தெ3 தி4டொ3 ருசி ர்ஹானா,komman peeTum hande dhiDo ruci rhaanaa,புளிக்காத மாவில் வார்த்த தோசை சுவையாக இருக்காது,Dosa made in unleavened batter is not tasty,food,corpus_sourashtradictionary
கோ4ம தந்து3 தி4டொ3,ghOma tandu dhiDo,கோதுமை தோசை,"Wheat dosa, Wheat rice Pancake",கோ4ம தந்து3 தி4டொ3 நிவயத் சோட் ர்ஹானா,ghOma tandu dhiDo nivayat cOT rhaanaa,கோதுமை தோசை ஆறினால் நன்றாக இருக்காது,Wheat dosa is not good when cold,food,corpus_sourashtradictionary
ப2லார்,phalaar,இட்லி,"Idli, Idly, Rice Cake",கொன்னி பில்லல்னுக் ப2லார் ஒப்பானி,konni pillalnuk phalaar oppaani,எந்த குழந்தைக்கும் இட்லி பிடிப்பதில்லை,No child likes Idli,food,corpus_sourashtradictionary
விள்டியொ,viLTiyo,இட்லி,"Idli, Idly, Rice Cake",ஆங்கு3ஹுன்னாக் விள்டியோஸ் மேட்ஹொயெ அகா3ரு,aangguhunnaak viLTiyOs mEThoye agaaru,காய்ச்சலுக்கு இட்டிலியே சிறந்த உணவு,Idli is the best food for fever,food,corpus_sourashtradictionary
விள்டொ3டு3ம்,viLDoDum,இட்லி,"Idli, Idly, Rice Cake",ரொவ்வொ தமஸ் பொடி3 ஜியெத் அங்கி3டி3ம் விள்டொ3டு3ம் அப்3ப3னி,rovvo tamas poDi jiyet anggiDim viLDoDum abbani,சற்று தாமதமாக சென்றால் கடையில் இட்லி கிடைப்பதில்லை,"If we go a little late, we will no get idli in the shop",food,corpus_sourashtradictionary
உக்குடு3ம்,ukkuDum,இட்லி,"Idli, Idly, Rice Cake",தீ2ன் பூட் ஜெமனும் உக்குடு3ம் ந்ஹாத்தக் ர்ஹானா,theen pooT jemanum ukkuDum nhaattak rhaanaa,மூன்று வேளை விருந்தில் இட்லி இல்லாமல் இருக்காது,A three-course feast cannot be without idlis,food,corpus_sourashtradictionary
தொ2வ்லி ப2லார்,thovli phalaar,சட்டி இட்லி,"Clay pot Idli, Idly, Rice cake",தொ2வ்லி ப2லார் ஒண்டொண்டெ தி4டொ3 ஸேரு ர்ஹாய்,thovli phalaar oNToNTe dhiDo sEru rhaay,சட்டி இட்லி ஒன்றொன்றும் தோசை அளவுக்கு இருக்கும்,Each clay pot Idli will be about the size of Dosa,food,corpus_sourashtradictionary
பு4ர்கொ,bhurko,பொடி,Powder,தி4டொ3 ஸெரொ பு4ர்கொகின் தேல் ருசிகன் ர்ஹாயி,dhiDo sero bhurkokin tEl rucikan rhaayi,தோசையுடன் பொடியும் எண்ணையும் சுவையாக இருக்கும்,Powder and oil with dosa is also delicious,food,corpus_sourashtradictionary
பு4ர்க்கொ,bhurkko,"சிறு துண்டு, பொடியாக","Into small pieces, Chopping finely, Mincing",பொ3ந்தெ3க் சொக்கட் பு4ர்க்கொகன் காட்,bondek cokkaT bhurkkokan kaaT,வாழைத்தண்டை நன்கு பொடியாக நறுக்கவும்,Finely chop the banana stem,food,corpus_sourashtradictionary
முத்3தா3 பொங்க3ல்,muddaa ponggal,வெண் பொங்கல்,Rice cooked with lentils,முத்3தா3 பொங்க3ல் க2னாத்தெனு கோன்தி ஸேயா?,muddaa ponggal khanaattenu kOnti sEyaa?,பொங்கல் சாப்பிடாதவர்கள் யாராவது உண்டா?,Is there anyone who have not eaten Pongal?,food,corpus_sourashtradictionary
தூப் பொங்க3ல்,toop ponggal,நெய் பொங்கல்,Ghee Pongal,தூப் பொங்க3ல் வேன் க2யெத் ஹோங்கு3 அவய்,toop ponggal vEn khayet hOnggu avay,நெய் பொங்கல் அதிகம் சாப்பிட்டால் தூக்கம் வரும்,"If you eat a lot of Ghee Pongal, you will feel sleepy",food,corpus_sourashtradictionary
"கேஸரி, உப்மாவ்","kEsari, upmaav","கேசரி, உப்புமா","Kesar bath, Uppuma","கேஸரி, உப்மாவ் தி3ய்யொ கென்னிம் கெரயொ","kEsari, upmaav diyyo kennim kerayo","கேசரி, உப்புமா இரண்டுமே ரவையில் செய்யப்பட்டவை",Both Kesari and Uppuma were made in semolina,food,corpus_sourashtradictionary
அம்ப3ட் பா4த்,ambaT bhaat,புளியோதரை,Tamarind Rice,தீ3தி3 ஹொயெத் மெல்லொ அம்ப3ட் பா4த் விட்டானா,deedi hoyet mello ambaT bhaat viTTaanaa,இரண்டு நாளானாலும் புளியோதரை ஊசிப் போகாது,Tamarind rice does not spoil even for two days,food,corpus_sourashtradictionary
லிம்பு3 பொங்க3ல்,limbu ponggal,எலுமிச்சைசாதம்,Lemon Rice,அம்ப3ட் பா4த் ஸேரு லிம்பு3 பொங்க3லுக் காம் ஹொட்3னா,ambaT bhaat sEru limbu ponggaluk kaam hoDnaa,புளியோதரை அளவுக்கு எலுமிச்சம் சாதத்திற்கு வேலை வளராது,Lemon rice requires less work than tamarind rice,food,corpus_sourashtradictionary
தக்காளி பொங்க3ல்,takkaaLi ponggal,தக்காளி சாதம்,Tomato rice,தக்காளி பொங்க3ல் கெர்ராஸி ! காய் விஶேஷ் ?,takkaaLi ponggal kerraasi ! kaay vissEsh ?,தக்காளி சாதம் செய்திருக்கிறீர்கள் ! என்ன விசேஷம் ?,You have made tomato rice! What's special?,food,corpus_sourashtradictionary
கு3ள்ளு பொங்க3ல்,guLLu ponggal,சர்க்கரை பொங்கல்,Sweet Pongal,கு3ள்ளு பொங்க3ல் நிவயெத்திக்காம் து3ஸுரொ ருசி தே3ஸு,guLLu ponggal nivayettikkaam dusuro ruci dEsu,சர்க்கரை பொங்கல் ஆறியதும் வேறு சுவை தருகிறது,It is a different taste when the sweet Pongal is cooled,food,corpus_sourashtradictionary
ஸெக்கரு பொங்க3ல்,sekkaru ponggal,சீனி சர்க்கரை பொங்கல்,Sugar Pongal,ஸெக்கரு பொங்க3லும் கு3ள்ளுக் பொ3து3லு ஸெக்கர் தக3ஸுனு,sekkaru ponggalum guLLuk bodulu sekkar tagasunu,சர்க்கரை பொங்கலில் வெல்லத்திற்கு பதிலாக சீனி போடுவார்கள்,"In Sugar Pongal, Sugar is added instead of jaggery",food,corpus_sourashtradictionary
தௌ4ரா பொங்க3ல்,dhauraa ponggal,கோவில் பொங்கல்,Temple Pongal,தௌ4ரா பொங்க3ல் அவ்ரெதெங்கா3 விஶேஷுயொ,dhauraa ponggal avretenggaa vissEshuyo,கோவில் பொங்கல் சௌராஷ்டிரர்களின் சிறப்பு,Temple pongal is a specialty of Sourashtrians,food,corpus_sourashtradictionary
தெ4ய்ஞ் பா4த்,dheynj bhaat,தயிர் சாதம்,Curd Rice,தெ4ய்ஞ் பா4துக் ரொவ்வொ மிரி அவ்ண்டி ஸொடு3யா?,dheynj bhaatuk rovvo miri avNTi soDuyaa?,தயிர் சாதத்திற்கு கொஞ்சம் மிளகு குழம்பு ஊற்றவா?,Shall I add little pepper gravy to curd rice?,food,corpus_sourashtradictionary
பை4ரி,bhairi,பூரி,"Deep Fried Bread, Poori",பை4ரி வேன் க2யெத் க4டி3ம் தெலய்,bhairi vEn khayet ghaDim telay,பூரி அதிகம் சாப்பிட்டால் தொண்டையில் மிதக்கும்,Eating too much Poori can cause oily throat,food,corpus_sourashtradictionary
சப்பாத்தி,cappaatti,சப்பாத்தி,Chapati,சப்பாத்தி சொக்கட் மெத்தன்கன் அவ்ரஸ்,cappaatti cokkaT mettankan avras,"சப்பாத்தி நன்றாக, மிருதுவாக வந்துள்ளது",The chapati has come out nice and crispy,food,corpus_sourashtradictionary
"பரோட்டா, பு3ரோட்டா, பராத்தா","parOTTaa, burOTTaa, paraattaa","பரோட்டா, புரோட்டா, பராத்தா","Parota, Parotta, Paratha",அத்தொ கோட்தேட் திக்கெ பரோட்டா அப்3ப3ரஸ்,atto kOTtET tikke parOTTaa abbaras,இப்போது எங்கெங்கும் சில்லி பரோட்டா கிடைக்கிறது,Chilli Parotta is now available everywhere,food,corpus_sourashtradictionary
பி3ரியாணி,biriyaaNi,பிரியாணி,"Biriyani, Briyani",பி3ரியாணி பா3ஸ்மதி தந்து3ம் ஹந்த3ஸுனு,biriyaaNi baasmati tandum handasunu,பிரியாணி பாஸ்மதி அரிசியில் சமைக்கிறார்கள்,Biryani is cooked in basmati rice,food,corpus_sourashtradictionary
ரைதொ,raito,பச்சடி,Salad,பௌ4ளா ரைதொ மெது3டு3க் சொக்கடு3,bhauLaa raito meduDuk cokkaDu,சுரைக்காய் பச்சடி மூளைக்கு நல்லது,Zucchini tart is good for the brain,food,corpus_sourashtradictionary
தெ4ய்ஞ் கந்தொ3,dheynj kando,வெங்காயபச்சடி,Onion Salad,பி3ரியாணி ஸெரொ குருமாகின் தெ4ய்ஞ் கந்தொ3 ஹொவ்ட3ஸுனு,biriyaaNi sero kurumaakin dheynj kando hovDasunu,பிரியாணியுடன் குருமாவையும் தயிர் பச்சடியையும் பரிமாறுகிறார்கள்,Biriyani is served with Kurma and onion salad,food,corpus_sourashtradictionary
மஸாலா,masaalaa,"நறுமணப்பொருள், வாசனைத் திரவியம், மசாலா",Spice,"எளொ, லொம்பூ2ல், லவங்கொ3 எல்லெகா3க் மஸாலா மெனன்","eLo, lomphool, lavanggo ellegaak masaalaa menan","ஏலக்காய், கிராம்பு, லவங்கம் ஆகியவற்றை மசாலா என்பார்கள்","Cardamom, cloves and cinnamon are called spices",food,corpus_sourashtradictionary
குருமா,kurumaa,குருமா,"Kuruma, Kurma, Korma, Qorma",குருமாம் மஸாலா தகி3 நலர் வடி3 ஸொட3ஸுன்,kurumaam masaalaa tagi nalar vaDi soDasun,குருமாவில் மசாலா போட்டு தேங்காயை அரைத்து விடுவார்கள்,Spices and coconut paste are added to Kuruma,food,corpus_sourashtradictionary
கொட்3டொ3,koDDo,"கெட்டியாக, கெட்டியான","Thick, Concentrated",பீட் கொட்3டொ3 ஸே. ரொவ்வொ பனி செர்ச்சி,peeT koDDo sE. rovvo pani cercci,மாவு கெட்டியாக உள்ளது சிறிது தண்ணிர் சேர்,The dough is thick. Add some water,food,corpus_sourashtradictionary
பள்டொ,paLTo,"அரை திடம், நீர்த்து","Semi solid, Diluted, Watery",கென்னி பேஸ் பள்டொ ர்ஹாயி,kenni pEs paLTo rhaayi,நொய்க்கஞ்சி அரை திடமாக இருக்கும்,Rice porridge will be semi solid,food,corpus_sourashtradictionary
தாடொ3,taaDo,தண்ணீராக,Watery,காப்பி ககொ3 இஸொ தாடொ3 ஸேத்தெ?,kaappi kago iso taaDo sEtte?,காபி ஏன் இப்படி தண்ணீராக இருக்கிறது?,Why is coffee so watery?,food,corpus_sourashtradictionary
கெ4ட்டி,gheTTi,"திடம், கட்டி, கெட்டியாக, கெட்டியான","Solid, Hard, Thick, Concentrated",ஹிங்கு3 வேன் கெ4ட்டி ஸே,hinggu vEn gheTTi sE,பெருங்காயம் மிக கட்டியாக இருக்கிறது,Asafoetida is very solid,food,corpus_sourashtradictionary
கெ4டி3 பொட3த்தெ,gheDi poDatte,"இறுகுதல், திடமாகுதல்","Solidify, Harden",காப்பி பு4ர்கொ கெ4டி3 பொள்ளிட்3ரஸ்,kaappi bhurko gheDi poLLiDras,காபித்தூள் கெட்டியாகி விட்டது,The coffee powder has hardened,food,corpus_sourashtradictionary
தூ3த்,doot,பால்,Milk,துமி காய் தூ3த் வவ்ரரியொ?,tumi kaay doot vavrariyo?,நீங்கள் என்ன பால் பயன்படுத்துகிறீர்கள்?,What milk do you use?,food,corpus_sourashtradictionary
ஸாய்,saay,பாலாடை,Creamy layer of milk,ஹுன்னொ தூ3த் நிவாத்தவேள் தெகொ3 ஹொல்லொ ஸாய் ப4ந்தா3ஸு,hunno doot nivaattavEL tego hollo saay bhandaasu,சூடான பால் குளிரும் போது அதன் மீது ஏடு உருவாகிறது,Skin forms on hot milk when it cools,food,corpus_sourashtradictionary
சாய்,caay,தேநீர்,Tea,உத்தர் பா4ரதும் சாய் பெனார் வேனு,uttar bhaaratum caay penaar vEnu,வட இந்தியாவில் தேநீர் குடிப்பவர்கள் அதிகம்,North India has a large number of tea drinkers,food,corpus_sourashtradictionary
காப்பி,kaappi,கொட்டைவடி நீர்,Coffee,நுரு ஸெரொ காப்பி பியெத் ருச்சிகன் லக3ஸு,nuru sero kaappi piyet ruccikan lagasu,நுரையுடன் காபி குடித்தால் சுவையாக இருக்கும்,Drinking coffee with foam is delicious,food,corpus_sourashtradictionary
கு3ள்ளு காப்பி,guLLu kaappi,கருப்பட்டி காபி,Palm jaggery coffee,கு3ள்ளு காப்பி அத்தொ அஸ்கி தேட் அப்3ப3ரஸ்,guLLu kaappi atto aski tET abbaras,கருப்பட்டி காபி இப்போது எல்லா இடங்களிலும் கிடைக்கிறது,Palm jaggery coffee is now available everywhere,food,corpus_sourashtradictionary
ஸொண்டி காப்பி,soNTi kaappi,சுக்கு காப்பி,Dried ginger coffee,பொஷ்ஷெக் ஸொண்டி காப்பி ஜு2க்கு சொக்கடு3,poshshek soNTi kaappi jhukku cokkaDu,ஜலதோஷத்திற்கு சுக்கு காபி மிகவும் நல்லது,Dried ginger coffee is very good for cold,food,corpus_sourashtradictionary
மிடா2ய்,miThaay,மிட்டாய்,Candy,மிடா2ய் ஒப்பனாத்த பில்லல்னு ஸேயா?,miThaay oppanaatta pillalnu sEyaa?,மிட்டாய் பிடிக்காத குழந்தைகள் உண்டா?,Got kids who don't like candy?,food,corpus_sourashtradictionary
பேஸு மிடா2ய் / மிட்டாய்,pEsu miThaay / miTTaay,ஜெல்லி மிட்டாய்,Jelly candy,"பேஸு மிடா2ய் ஜுகு3 ஆகாரும்கின், வனிம் அப்3ப3ஸு","pEsu miThaay jugu aakaarumkin, vanim abbasu",ஜெல்லி மிட்டாய் பல்வேறு வடிவங்களிலும் வண்ணங்களிலும் கிடைக்கிறது,Jelly candy is available in various shapes and colors,food,corpus_sourashtradictionary
கு3ள்ளெயொ,guLLeyo,இனிப்பு,Sweet,பெ3ங்கா3லு கு3ள்ளெயொ வேன் நாவ் பொடெ3யொ,benggaalu guLLeyo vEn naav poDeyo,பெங்காலி இனிப்புகள் மிகவும் பிரபலமானவை,Bengali sweets are very popular,food,corpus_sourashtradictionary
திக்கெயொ,tikkeyo,காரம்,Savouries,"தி3வளி வேள், ஜு3கு3 தெனு கொ4ம்மொ கு3ள்ளெயொ, திக்கெயொ கெரஸுனு","divaLi vEL, jugu tenu ghommo guLLeyo, tikkeyo kerasunu",தீபாவளியின் போது பலர் வீட்டில் இனிப்புகள் மற்றும் கார வகைகளை தயார் செய்வார்கள்,"During Diwali, many people prepare sweets and savouries at home",food,corpus_sourashtradictionary
நெக்3கு3ன்,neggun,பலகாரம்,Snacks,தெ3ளெ பீடும் கெரெ நெக்3கு3ன் போடுக் சோட் ந்ஹா,deLe peeTum kere neggun pOTuk cOT nhaa,கடலை மாவில் செய்த பலகாரங்கள் வயிற்றுக்கு நல்லதல்ல,Snacks made from Gram flour are not good for the stomach,food,corpus_sourashtradictionary
ப4ஜ்ஜி,bhajji,பஜ்ஜி,Banana Fritters (Bajji),ப4ஜ்ஜி மெனெத் தெல்லெ கச்செகெளா ப4ஜ்ஜிஸீ,bhajji menet telle kaccekeLaa bhajjisee,பஜ்ஜி என்றால் அது வாழைக்காய் பஜ்ஜி தான்,Bajji means banana fritters only,food,corpus_sourashtradictionary
வடொ3,vaDo,வடை,"donut, doughnut",எல்லெ கேளுபூ2ல் வடொ3. க2யி ஸவொ !!,elle kELuphool vaDo. khayi savo !!,இது வாழைப்பூ வடை. சாப்பிட்டு பாருங்கள் !!,This is banana blossom vada. Taste it !!,food,corpus_sourashtradictionary
ஆம்ப3டொ3,aambaDo,மசால்வடை,"Spicy donut, doughnut",குத்தலம் மெனெத் ஆம்ப3டொ3கின் சாய் ஹவ்ட3ன் அவஸ்,kuttalam menet aambaDokin caay havDan avas,குற்றாலம் என்றால் மசால் வடையும் தேநீரும் நினைவுக்கு வருகிறது,Courtalam brings to mind masala vada and tea,food,corpus_sourashtradictionary
மீடு3 வடொ3,meeDu vaDo,மெதுவடை,"Flour donut, doughnut",பெ3ங்க3ளூரும் மீடு3 வடொ3 ம்ஹொட்டொ ர்ஹாயி,benggaLoorum meeDu vaDo mhoTTo rhaayi,பெங்களூரில் மெதுவடை பெரிதாக இருக்கும்,Medu vada is big in Bangalore,food,corpus_sourashtradictionary
கு3ள்ளு வடொ3,guLLu vaDo,வெல்ல வடை,"Jaggery donut, doughnut",பொருங்கிடி3 கு3ள்ளு வடொ3 பெ4ளி ருசிகன் ஸே,porungkiDi guLLu vaDo bheLi rucikan sE,பரமக்குடி வெல்ல வடை மிக சுவையாக இருக்கிறது,Paramakkudi jaggery donut is very tasty,food,corpus_sourashtradictionary
ஸுகு3ண்டொ3,suguNDo,"போண்டா, சீயம், பணியாரம்",Steamed rice flour balls,"கு3ள்ளெயொ, திக்கெயொ மெனி தீ3 ப்ரகார் ஸுகு3ண்டா3ன் ஸே","guLLeyo, tikkeyo meni dee prakaar suguNDaan sE","இனிப்பு, காரம் என இரண்டு வகை போண்டாக்கள் உண்டு","There are two types of steamed rice balls, sweet and savory",food,corpus_sourashtradictionary
பகோடா3,pakODaa,பக்கோடா,Pakora,பொவ்ஸுவேள் ஹுன்னொகன் பகோடா3 க2யெத் ஶோப4னொகன் ர்ஹாய்,povsuvEL hunnokan pakODaa khayet ssObhanokan rhaay,மழையின் போது சூடாக பக்கோடா சாப்பிட்டால் அருமையாக இருக்கும்,Eating hot pakora during rain will be superb,food,corpus_sourashtradictionary
ரொட்டி,roTTi,ரொட்டி,Bread,ஹிந்தா3 நாஸ்தொ ரொட்டிகின் பொள்ளா கெ3ஸி,hindaa naasto roTTikin poLLaa gesi,இன்றைய காலை உணவு பிரட் மற்றும் ஜாம்,Today's breakfast is bread and jam,food,corpus_sourashtradictionary
பைடி3 ரொட்டி,paiDi roTTi,சிறிய ரொட்டி,Bun,பைடி3 ரொட்டிக் லொனிகின் பொள்ளா கெ3ஸி ஸெரொ கா2ஸுன்,paiDi roTTik lonikin poLLaa gesi sero khaasun,பன்னை வெண்ணெய் மற்றும் ஜாம் உடன் சாப்பிடுகிறார்கள்,Bun is eaten with butter and jam,food,corpus_sourashtradictionary
"பொள்ளா கெ3ஸி, பொள்ளா பி3ஜ்ஜட்","poLLaa gesi, poLLaa bijjaT",பழ ஊறல்,Jam,"பொள்ளானுக் வடி3, தப்படி3, கெ4டி3 பொட3டி பொள்ளா கெ3ஸி கெரஸுன்","poLLaanuk vaDi, tappaDi, gheDi poDaTi poLLaa gesi kerasun","பழங்களை அரைத்து, வேகவைத்து, கெட்டியாக்கி பழ ஊறல் செய்கிறார்கள்","Fruit jam is made by grinding, boiling and thickening the fruits",food,corpus_sourashtradictionary
சைலி,caili,முறுக்கு,Twisted crunchy Snack,கச்சென்னா பீட் ஸொம்மர் தந்து3 பீடு3ம் கெரெ சைலி ப3ரொ,kaccennaa peeT sommar tandu peeDum kere caili baro,கடலை மாவை விட அரிசி மாவில் செய்த முறுக்கு நல்லது,Murukku made with rice flour is better than gram flour,food,corpus_sourashtradictionary
தெந்து3லொ,tendulo,முறுக்கு,Crunchy snack,ஹொராடு3 ப2லார் தெந்து3லொ ம்ஹொட்டொ ர்ஹாயி,horaaDu phalaar tendulo mhoTTo rhaayi,கல்யாண சீர் முறுக்கு பெரியதாக இருக்கும்,Marriage gift Murukku will be big,food,corpus_sourashtradictionary
புரி,puri,அதிரசம்,"Sweet donut, Adhirasam",தெந்து3லொகின் புரி அவ்ரெ நெக்3கு3னு,tendulokin puri avre neggunu,முறுக்கும் அதிரசமும் சௌராஷ்டிரர்களின் தின்பண்டங்கள்,Murukku and Adhirasam are Sourashtrian's snacks,food,corpus_sourashtradictionary
கந்து3லொ,kandulo,கொழுக்கட்டை,Rice dumplings,விநாயிக் கந்து3லொ அர்பணொ கெரஸுன்,vinaayik kandulo arpaNo kerasun,விநாயகப் பெருமானுக்கு கொழுக்கட்டை படைப்பார்கள்,Rice dumplings are offered to Lord Ganesha,food,corpus_sourashtradictionary
தொ4வ்ளொ,dhovLo,பால் கொழுக்கட்டை,Milk Dumplings,தொ4வ்ளாக் கஸ்தந்து3 பீடும் கெரி தூ3து3ம் பி3ஜ்ஜட3னு,dhovLaak kastandu peeTum keri doodum bijjaDanu,பால் கொழுக்கட்டையை பச்சரியில் செய்து பாலில் ஊறவைப்பார்கள்,Milk dumpling is made in raw rice and soaked in milk,food,corpus_sourashtradictionary
பொ2ன்னிந்தொ4வ்ளொ,phonnindhovLo,சீரக கொழுக்கட்டை,Cumin rice dumplings,பொ2ன்னிந்தொ4வ்ளொ கொ2வ்லாக் சொக்கடு3,phonnindhovLo khovlaak cokkaDu,சீரக கொழுக்கட்டை இருமலுக்கு நல்லது,Cumin rice dumpling is good for cough,food,corpus_sourashtradictionary
ஸெவி,sevi,நீட்டு கொழுக்கட்டை,Dumpling Roll,ஸெவி பி3ஜ்ஜெ தூ3து3 பேஸ் கு3ள்ளெகன் ருசிகன் ர்ஹாயி,sevi bijje doodu pEs guLLekan rucikan rhaayi,"கொழுக்கட்டை ஊறிய பால் கஞ்சி இனிப்பாக, சுவையாக இருக்கும்",Dumpling roll soaked milk porridge is sweet and delicious,food,corpus_sourashtradictionary
பஸெம்,pasem,பாயசம்,Rice Pudding,நிளமு பெ3ளா பஸெம் தடொ3வொன்னு ர்ஹாயி,niLamu beLaa pasem taDovonnu rhaayi,பச்சைப்பயறு பாயாசம் தண்ணீராக இருக்கும்,Green gram rice pudding is watery,food,corpus_sourashtradictionary
ஹல்வொ,halvo,அல்வா,Halva,கோழிக்கோடு3 ஹல்வா வேன் ப்ரஸித்3தி4 ஹொயெயொ,kOzhikkODu halvaa vEn prasiddhi hoyeyo,கோழிக்கோடு அல்வா மிகவும் பிரபலமானது,The Kozhikode Halwa is very popular,food,corpus_sourashtradictionary
கெஷாவ்,keshaav,கஷாயம்,Potion,தி3வளி நெக்3கு3ன் ஜீர்ணு ஹோத்தக் கெஷாவ் பெனொ,divaLi neggun jeerNu hOttak keshaav peno,தீபாவளி பலகாரங்கள் செரிக்க கசாயம் குடிக்கவேண்டும்,Drink potion to digest Diwali snacks,food,corpus_sourashtradictionary
பேஸ்,pEs,கஞ்சி,"Porridge, Gruel, Pulp, Mush",ஶிம்பு3 பீடும் கெரெ பேஸ் பில்லல்னுக் சொக்கடு3,ssimbu peeTum kere pEs pillalnuk cokkaDu,தானிய மாவில் செய்த கஞ்சி குழந்தைகளுக்கு நல்லது,Porridge made from grain flour is good for children,food,corpus_sourashtradictionary
வெளெபேஸ்,veLepEs,வடிகஞ்சி,"Boiled rice water, Rice Porridge",மலையாளின் வெளெபேஸும் மீட் தகி3லி பேஸூன்,malaiyaaLin veLepEsum meeT tagili pEsoon,மலையாளிகள் வடிகஞ்சியில் உப்பு போட்டு குடிப்பார்கள்,Malayalis drink rice porridge with salt,food,corpus_sourashtradictionary
து4வன்,dhuvan,"அரிசி கழுவிய தண்ணீர், கழனி தண்ணீர்","Rice rinsed water, Rice washed water",து4வனு பனி கா3ய்கொ3ருனுக் தே3ஸுன்,dhuvanu pani gaaygorunuk dEsun,கழனித் தண்ணீர் கால்நடைகளுக்கு கொடுப்பார்கள்,Rice rinsed water is fed to cattles,food,corpus_sourashtradictionary
கொடு3க்,koDuk,"மிளகு மஞ்சள் கலந்த கஞ்சி, காரகஞ்சி",Spicy Gruel,அத்தொ கொடு3க் பெனார் ஸேயா?,atto koDuk penaar sEyaa?,இப்போது காரகஞ்சி குடிப்பவர்கள் உண்டா?,Are there any spicy gruel drinkers now?,food,corpus_sourashtradictionary
முற்கெ3,murge,"அழுகின, அழுகிய, சிதைந்த","Rotten, Decomposed",பொள்ளாம் ர்ஹீ முற்கெ3 வஸுனொ அவரஸ்,poLLaam rhee murge vasuno avaras,பழத்திலிருந்து அழுகிய வாசனை வருகிறது,A rotten smell comes from the fruit,food,corpus_sourashtradictionary
முட3த்தெ,muDatte,"அழுகுதல், சிதைதல்","Rot, Decompose",பொள்ளானுக் முட3த்தக் ஸொட்3னகொ3 !,poLLaanuk muDattak soDnago !,பழங்களை அழுக விடாதே !,Do not let the fruits rot !,food,corpus_sourashtradictionary
முடி3னி (தூ3த்),muDini (doot),"திரிந்துபோதல் (பால்), கெட்டுப்போதல்","Spoilage (milk), Decomposition",ஹூனுகலமு தூ3த் ப4ராட் தொவெத் முட்3ஜாயி,hoonukalamu doot bharaaT tovet muDjaayi,வெயில்காலத்தில் பாலை வெளியில் வைத்தால் திரிந்துவிடும்,Milk gets spoiled if left outside in summer,food,corpus_sourashtradictionary
விட்டய,viTTaya,ஊசிப்போன,"Spoilt, Rotten, Stale",விட்டய பா4த் ஸுனொ மெல்லொ கா2னா,viTTaya bhaat suno mello khaanaa,ஊசிப்போன சாதத்தை நாய் கூட சாப்பிடாது,Even the dog will not eat the rotten rice,food,corpus_sourashtradictionary
நஜ்ஜெ,najje,கெட்டுப்போன,"Spoilt, Rotten, Stale",நஜ்ஜெ பு4ர்கொ தகெத் அவ்ண்டி கொடு3 லக3ய்,najje bhurko taket avNTi koDu lagay,கெட்டுப்போன பொடி போட்டால் குழம்பு கசக்கும்,"If you use spoiled powder, the broth will taste bitter",food,corpus_sourashtradictionary
ரெஸ்ஸு,ressu,சாறு,"Juice, Soup",ஸெக்கர் ரோக்3 கெரின் பொள்ளா ரெஸ்ஸு பே ஹோனா,sekkar rOg kerin poLLaa ressu pE hOnaa,சர்க்கரை நோயாளிகள் பழச்சாறு குடிக்கக் கூடாது,Diabetics should not drink fruit juice,food,corpus_sourashtradictionary
குட்கொ,kuTko,துண்டு,Piece,ஸெவாக்கய்லாக் சர்பாஞ்சு குட்கொகன் காட்,sevaakkaylaak carpaanjcu kuTkokan kaaT,முருங்கைக்காயை நான்கைந்து துண்டுகளாக நறுக்கவும்,Cut the drumstick into four to five pieces,food,corpus_sourashtradictionary
நலாபனி,nalaapani,குழாய் நீர்,Tap Water,நலாபனி சொக்கட் ருசிகன் ஸே,nalaapani cokkaT rucikan sE,குழாய் நீர் நல்ல சுவையாக உள்ளது,Tap water tastes good,food,corpus_sourashtradictionary
கா2ன்பான்ஶாலொ,khaanpaanssaalo,உணவகம்,"Restaurant, Hotel",கண்ணா கா2ன்பான்ஶாலாம் ராஜ்ஜெமன் ருசிகன் ர்ஹாயி,kaNNaa khaanpaanssaalaam raajjeman rucikan rhaayi,கண்ணன் உணவகத்தில் இரவு உணவு சுவையாக இருக்கும்,The dinner at Kannan restaurant is delicious,food,corpus_sourashtradictionary
வஸனுஶாலொ,vasanussaalo,தங்கும் விடுதி,"Lodge, Hostel",எல்லெ வஸனுஶாலாம் 500 பொ2வ்னான் வஸன் கெருவாய்,elle vasanussaalaam 500 phovnaan vasan keruvaay,இந்த தங்கும் விடுதில் 500 விருந்தினர்கள் தங்கலாம்,This hotel can accommodate 500 guests,food,corpus_sourashtradictionary
நெட்ஷத்ரு வஸனுஶாலொ,neTshatru vasanussaalo,நட்சத்திர விடுதி,Star Hotel,நெட்ஷத்ரு வஸனுஶாலாம் கொனேவெள காப்பி அப்3ப3யி,neTshatru vasanussaalaam konEveLa kaappi abbayi,நட்சத்திர ஓட்டலில் எந்நேரமும் காபி கிடைக்கும்,Coffee is available anytime at Star Hotel,food,corpus_sourashtradictionary
தாடி3 பனி,taaDi pani,கள்ளு,Toddy,அம்ப3ட் பொட்3னா தாடி3 பனி போடு3க் சொக்கட் மெனன்,ambaT poDnaa taaDi pani pODuk cokkaT menan,புளிக்காத கள் வயிற்றுக்கு நல்லது என்பார்கள்,Unfermented toddy is said to be good for the stomach,food,corpus_sourashtradictionary
கெள்ளு,keLLu,கள்ளு,Toddy,கெள்ளு விக்கத்தெ ஏட் ப3ந்தி3 கெர்திரியொ,keLLu vikkatte ET bandi kertiriyo,இங்கு கள் விற்பது இங்கு தடை செய்யப்பட்டுள்ளது,Selling toddy is prohibited here,food,corpus_sourashtradictionary
ஸெரொ,sero,"சாராயம், பட்டைச் சாராயம்","Arrack, Liquor, Drinks, Alcohol, Spirit",ஸெரொ பேத்தெ நஜ்ஜெ வட்கெ,sero pEtte najje vaTke,சாராயம் குடிப்பது கெட்ட பழக்கம்,Drinking arrack is a bad habit,food,corpus_sourashtradictionary
ஸெரா பனி,seraa pani,"மதுபானம், போதை பானம்","Hot drinks, Drinks, Arrack, Liquor, Alcohol, Spirit",ஸெரா பனி களஜ்ஜிக் பா3தொ3 கெரய்,seraa pani kaLajjik baado keray,மதுபானம் கல்லீரலை பாதிக்கும்,Alcohol affects the liver,food,corpus_sourashtradictionary
பெனிஶாலொ,penissaalo,மதுக்கூடம்,Bar,அத்தொ அஸ்கி பெ3ய்லனுக் மெனி பெத்தே பெனிஶாலொ ஸே,atto aski beylanuk meni pettE penissaalo sE,இப்போதெல்லாம் பெண்களுக்கென தனி மதுக்கூடம் உள்ளது,Nowadays there is a separate bar for women,food,corpus_sourashtradictionary
பனி தய்லத்தெ,pani taylatte,மது அருந்துதல்,Boozing,பனி தய்லி பொ3ண்டி3 தொ3வ்ட3த்தெ விபத் ஹொயெயொ,pani tayli boNDi dovDatte vipat hoyeyo,குடித்துவிட்டு வண்டி ஓட்டுவது அபாயமானது,Drunk driving is dangerous,food,corpus_sourashtradictionary
பெனி,peni,மது அருந்துதல்,Boozing,பெனிக் பொள்கி3ள்டி3யத் ஸொட3ன் முஸுனா,penik poLgiLDiyat soDan musunaa,மது அருந்த பழகிவிட்டால் விட முடியாது,"Once you get used to drinking alcohol, you can't quit",food,corpus_sourashtradictionary
மொதொ3,modo,போதை,Intoxication,பனி தய்லியெத் மொதொ3 அவயி,pani tayliyet modo avayi,மது அருந்தினால் போதை ஏறும்,Drinking alcohol causes intoxication,food,corpus_sourashtradictionary
கு3ள்ளெ பனி,guLLe pani,குளிர்பானம்,"Soft drinks, Beverage",கு3ள்ளெ பனிக் ஸில்லொகன் பெனொ,guLLe panik sillokan peno,குளிர்பானங்களை குளிர்ச்சியாக குடிக்க வேண்டும்,Soft drinks should be drunk cold,food,corpus_sourashtradictionary
நொம்மத்தெ,nommatte,மெல்லுதல்,Chewing,தோனும் காய் நொம்மரியோ?,tOnum kaay nommariyO?,வாயில் என்ன மெல்லுகிறீர்கள் ?,What are you chewing in mouth?,food,corpus_sourashtradictionary
நஜ்ஜனாத்தொ ஸீலெ,najjanaatto seele,"கெடாது பேணு, பாதுகாக்க",Preserve,ஹலது பு4ர்கொ நஜ்ஜனாத்தொ ஸீலுனொ,halatu bhurko najjanaatto seeluno,மஞ்சள் தூள் கெடாது பாதுகாக்கப்பட வேண்டும்,Turmeric powder should be preserved,food,corpus_sourashtradictionary
கலம்ஹொனி,kalamhoni,காலாவதி,Expire,கலம்ஹொயெ சீடிகாம் ப்ரயாண் கெரானா,kalamhoye ceeTikaam prayaaN keraanaa,காலாவதியான சீட்டில் பயணம் செய்ய முடியாது,You cannot travel on an expired ticket,food,corpus_sourashtradictionary
கலம்ஹோன்ஜாரியொ,kalamhOnjaariyo,காலாவதியாகும்,Expiry,க2ட3த்தக் முது3ல்லாம் கலம்ஹோன்ஜாரியொ தி3னாங்குக் ஸெர்க்கொ ஸனொ,khaDattak mudullaam kalamhOnjaariyo dinaangkuk serkko sano,வாங்குவதற்கு முன் காலாவதி தேதியை சரிபார்க்கவும்,Check the expiry date before buying,food,corpus_sourashtradictionary
பொட்ணம்,poTNam,பொட்டலம்,"Parcel, Pack",கா2ன்பான்ஶாலாம் ப2லார் பொட்ணம் ப4ந்தி3 தே3ராஸ்,khaanpaanssaalaam phalaar poTNam bhandi dEraas,ஹோட்டலில் இட்லியை பொட்டலம் கட்டி தருகிறார்கள்,"At the hotel, they pack the idli",food,corpus_sourashtradictionary
தெத்துளிஞ்ஜத்தெ,tettuLinjjatte,தள்ளாடுதல்,Stagger,ஜு2க்கு ப2லார் க2யெஹால் தெனு தெத்துளிஞ்ஜாஸி,jhukku phalaar khayehaal tenu tettuLinjjaasi,அதிகமாக இட்லி சாப்பிட்டதால் அவர் தள்ளாடினார்,He staggered because he ate too much Idli,food,corpus_sourashtradictionary
மகொ3,mago,கைத்தறி,Handloom,மகா3 காமுக் ஆத3ரொ தெ3னொ,magaa kaamuk aadaro deno,கைத்தறி தொழிலை ஆதரிக்க வேண்டும்,We should support handloom work,weaving,corpus_sourashtradictionary
வினத்தெ,vinatte,நெய்தல்,Weaving,ஸௌராஷ்டிரர்னு வினெத்தெமாம் நாவ் பொட்3யாத்தெனு,sauraashTirarnu vinettemaam naav poDyaattenu,சௌராஷ்டிரர்கள் நெசவுக்குப் பிரபலமானவர்கள்,Sourashtrians are popular for weaving,weaving,corpus_sourashtradictionary
வினஸ்தெ,vinaste,நெய்தல்,Weaving,பஸுடு3 ஸௌலொ வினஸ்தக் கௌஶல் பஜெ,pasuDu saulo vinastak kaussal paje,பட்டுப் புடவை நெய்வதற்கு திறமை தேவை,Silk saree weaving requires skill,weaving,corpus_sourashtradictionary
உஸுனொ,usuno,வெளுப்பது,Bleaching,ரெங்க3த்தக் முது3ல்லாம் தாகுக் உஸுனொ,renggattak mudullaam taakuk usuno,"சாயமிடுவதற்கு முன், நூலை வெளுக்க வேண்டும்","Before dyeing, the yarn should be bleached",weaving,corpus_sourashtradictionary
தாக்,taak,நூலிழை,Yarn,தாகுன் தீ3 ப்ரகார் ஹோஸு - ஒண்டெ லம்பு3 தாக் அங்கொ3ண்டெ3 அட்3ட3ம் தாக்,taakun dee prakaar hOsu - oNTe lambu taak anggoNDe aDDam taak,நூலிழை இரண்டு வகைப்படும் - ஒன்று நீட்டு பாவு நூல் மற்றது குறுக்காக ஓடும் ஊடை நூல்,The yarn is of two type - Lengthwise yarn is called Warp and crosswise yarn is called Weft,weaving,corpus_sourashtradictionary
தாத்,taat,பாவு - ஒன்பது 6 கஜம் சேலை கொண்டது,Warp - (consists nine 6 yard sarees),ஒண்டெ தாத் மெனரியொ 54 கெ3ஜுன் ர்ஹாயி,oNTe taat menariyo 54 gejun rhaayi,ஒரு பாவு என்பது 54 கஜம் கொண்டது,One warp is made of 54 yards,weaving,corpus_sourashtradictionary
பக3ட்,pagaT,பாவுநூல்,Warp,பொ3ட்டொ வினத்தக் பஜெ ஹோரியொ லம்பு3 தாகுக் பக3ட் மெனன்,boTTo vinattak paje hOriyo lambu taakuk pagaT menan,துணி நெசவிற்குப் பயன்படும் நீளமான இழை பாவுநூல் எனப்படும்,The long yarn required for weaving fabric is called warp,weaving,corpus_sourashtradictionary
பக3ட் எரஸ்தெ,pagaT eraste,பாவு நீட்டுதல்,Streching the warp,பக3ட் எரஸ்தக் ம்ஹொட்டொ தா2ம் பஜெ,pagaT erastak mhoTTo thaam paje,பாவு நீட்ட பெரிய இடம் தேவை,A large space is needed for stretching the warp,weaving,corpus_sourashtradictionary
பொன்னி கெரத்தெ,ponni keratte,பாவு நீட்டுதல்,Streching the warp,பொன்னி கெரிகின் தாகுக் ஶுத்3த3ம் கெரனு,ponni kerikin taakuk ssuddam keranu,பாவு நீட்டி நூலை சுத்தம் செய்வார்கள்,The yarn is cleaned by stretching the warp,weaving,corpus_sourashtradictionary
பெ3ந்து ஸட்டம்,bentu saTTam,பாவு கட்டை,Cross beam,தாகு ர்ஹுந்தி3 பொகட் உட்சி தெ4ர்லத்தக் பெ3ந்து ஸட்டம் நுக3ஸு,taaku rhundi pokaT uTci dherlattak bentu saTTam nugasu,பாவு நூலை அகலவாக்கில் இறுக்கி பிடிக்க பாவு கட்டை பயன்படுகிறது,The cross beam is used to stretch the yarn widthwise,weaving,corpus_sourashtradictionary
ரோல்,rOl,பாவு கட்டை,Warp beam,ஶுத்3த3ம் கெரெ தாகுக் ரோலும் கு3வ்னஸுன்,ssuddam kere taakuk rOlum guvnasun,சுத்தம் செய்த பாவு நூலை பாவு கட்டையில் சுற்றுவார்கள்,The cleaned yarn is rolled on the warp beam,weaving,corpus_sourashtradictionary
தூர்,toor,பாவுநூல் சுற்றும் உருளை,Cloth Beam,வினெ ஸவ்லாக் தூரும் கு3வ்னஸுன்,vine savlaak toorum guvnasun,நெய்த சேலையை பாவு உருளையில் சுற்றுவார்கள்,The woven saree is rolled on cloth beam,weaving,corpus_sourashtradictionary
பொ2லொ,pholo,திருகி,Ratchet Wheel,தூர் பி2வ்ரத்தக் பொ2லொ நுக3ஸு,toor phivrattak pholo nugasu,பாவு உருளையை சுழற்றுவதற்கு திருகி பயன்படும்,The cloth beam is rotated using ratchet and wheel,weaving,corpus_sourashtradictionary
த3வ்னி,davni,6 கஜம் நெய்யப்பட்ட சேலை,Woven Saree of 6 yards,,,,,weaving,corpus_sourashtradictionary
நெலி,neli,"ஓடம், நாடா",Loom Wood Shuttle,நெலிம் பி4த்தர் ரித்திகெண்டா3க் தொ2வனு,nelim bhittar rittikeNDaak thovanu,நாடாவின் உள்ளே ஊடை குழலை வைப்பார்கள்,Wooden bobbin is placed inside the Shuttle,weaving,corpus_sourashtradictionary
கெலி,keli,நாடா உருளை,Shuttle Roller,நெலிம் தீ3 பொகட் கெலின் ர்ஹாயி,nelim dee pokaT kelin rhaayi,நாடாவின் இரண்டு பக்கமும் நாடா உருளை இருக்கும்,There will be two wooden rollers on both the side of the shuttle,weaving,corpus_sourashtradictionary
ரித்திகெண்டொ3,rittikeNDo,ஊடை குழல்,Loom Wood Bobbin,ரித்திகெண்டா3ம் அட்3ட3ம் தாக் பொ4வ்ரனு,rittikeNDaam aDDam taak bhovranu,ஊடை நூலை ஊடை குழலில் சுற்றுவார்கள்,Weft yarn is wound on the wooden bobbin,weaving,corpus_sourashtradictionary
ஒய்க் வள்டி,oyk vaLTi,வட்டக்கோல்,Round wooden bar,,,,,weaving,corpus_sourashtradictionary
கம்டி3 வள்டி,kamDi vaLTi,பட்டைக்கோல்,Flat wooden bar,வினெத்தெ வேள் பக3டுக் ஹோட்கன் உட்சி தெ4ர்லத்தக் கம்டி3 வள்டி நுக3ஸு,vinette vEL pagaTuk hOTkan uTci dherlattak kamDi vaLTi nugasu,"நெய்யும் போது, பாவுநூலை இறுக்கமாக பிடித்திருக்க பட்டைக்கோல் உதவுகிறது",The flat wooden bar helps to hold the yarn tightly while weaving,weaving,corpus_sourashtradictionary
மகொ3,mago,தறியின் கைப்பிடி,Batten Handle,நெலிக் அட்3ட3ம் த4மட3த்தக் மகொ3 உட்சனு,nelik aDDam dhamaDattak mago uTcanu,குறுக்குசால் ஓட்ட தறியின் கைப்பிடியை இழுப்பார்கள்,Batten handle is pulled to run the Shuttle across the warp,weaving,corpus_sourashtradictionary
மகா3 மிட்டொ,magaa miTTo,நெய்பவர் இருக்கை,Weaver's seat,விங்கர் மகா3 மிட்டாம் பி3ஸி வினனு,vingkar magaa miTTaam bisi vinanu,நெய்பவர் நெசவாளார்-இருக்கையில் அமர்ந்து நெய்வார்,The weaver sits on the weaver's seat and weaves,weaving,corpus_sourashtradictionary
ஜக்கார்ட்3 பெடி,jakkaarD peTi,வடிவமைப்பு பெட்டி,Jacquard box,ஸவ்லாம் பஜெஹொயெ சித்ரு அவட3த்தக் ஜக்கார்ட்3 பெடி ஒர்க3ஸு,savlaam pajehoye citru avaDattak jakkaarD peTi orgasu,சேலையில் விரும்பிய வடிவை வரவைக்க ஜக்கார்ட்3 பெட்டி பயன்படுகிறது,Jacquard box is used to create required design in the Saree,weaving,corpus_sourashtradictionary
பொத்தி,potti,பெரூட்டம் - கையால் நூல் சுற்றும் கூம்பு போன்ற கருவி,A cone shaped hand tool to wind yarn for Handloom,பொத்திம் அட்3ட3ம் தாகுக் கு3வ்னி தொ2வனு,pottim aDDam taakuk guvni thovanu,பெரூட்டத்தில் ஊடை நூலை சுற்றி வைப்பார்கள்,The weft yarn is wound on the cone shaped hand tool,weaving,corpus_sourashtradictionary
பொத3ரோ,podarO,மரக்கால் - நூல் சுற்றும் ஓர் கருவி,A bamboo reel for winding off weft yarn,ரித்திகெண்டா3ம் பொ4வ்ரத்தக் முது3ல்லாம் பொத3ராம் தாக் கு3வ்னனு,rittikeNDaam bhovrattak mudullaam podaraam taak guvnanu,ஊடை குழலில் சுற்றுவதற்கு முன்னால் மரக்காலில் நூலை சுற்றுவார்கள்,Weft yarn is wound on the wooden tool before feeding the bobbin,weaving,corpus_sourashtradictionary
ர்ஹெடொ3,rheDo,கை ராட்டை,Hand Spinning Wheel,ரித்திகெண்டா3ம் தாக் பொ4வ்ரத்தக் ர்ஹெடொ3 நுக3ஸு,rittikeNDaam taak bhovrattak rheDo nugasu,ஊடை குழலில் நூல் சுற்ற கை ராட்டை பயன்படும்,The hand wheel is used to wind the weft yarn on the wooden bobbin,weaving,corpus_sourashtradictionary
பஞ்சுலொ,panjculo,தறியின் மிதிபலகை,Treadles of Loom,பஞ்சுலொ உஞ்சொ க2ல்லொ அவ்ங்கி ஸவ்லொ வினனு,panjculo unjco khallo avngki savlo vinanu,தறியின் மிதிபலகைகளை மேலும் கீழும் அமுக்கி சேலை நெய்வார்,The treadles are pressed up and down to weave the saree,weaving,corpus_sourashtradictionary
தனொ தவத்தே,tano tavattE,மிதிபலகைகளை மிதித்தல்,Pedalling the Treadles,விங்கர் தனொ தயிகின் பொ3ட்டொ வினஸுன்,vingkar tano tayikin boTTo vinasun,நெசவாளார் மிதிபலகைகளை மிதித்து துணி நெய்வார்கள்,The weaver pedals the treadles and weave the fabric,weaving,corpus_sourashtradictionary
நெட்டத்தெ,neTTatte,ஊடை நூலை பாவு நூலுடன் இழுத்து அடித்தல்,Shedding weft with warp,அட்3ட3ம் தாக் த4மெத்திக்காம் தெல்லெகொ3 லம்பு3 தாக் ஸெரொ நெட்டனு,aDDam taak dhamettikkaam tellego lambu taak sero neTTanu,ஊடை நூல் ஓடியதும் அதை பாவு நூலுடன் இழுத்து அடிப்பார்கள்,"Once the waft yarn is run, it will be shedded with warp yarn",weaving,corpus_sourashtradictionary
பொ2ன்னி,phonni,கீறுகம்பி,Reed or Metallic Comb,லம்பு3 தாகுன் ஒண்ட்யாக் ஒண்டெ ஸெர்க்கஹொயெ தூ3ரும் தொ2வத்தக் பொ2ன்னி ஒர்க3ஸு,lambu taakun oNTyaak oNTe serkkahoye doorum thovattak phonni orgasu,பாவு நூல்கள் ஒன்றுக்கொன்று சம தூரத்தில் இருக்க கீறுகம்பி உதவுகிறது,Reed keeps the warp yarn at equal distance to each other,weaving,corpus_sourashtradictionary
அவ்டா3ம்,avDaam,குறுக்கே,Across,நெலி பக3டுக் அவ்டா3ம் த4மயி,neli pagaTuk avDaam dhamayi,நாடா பாவுநூலுக்கு குறுக்கே ஓடும்,Loom wood shuttle runs across the warp,weaving,corpus_sourashtradictionary
கிடொ3,kiDo,புழு,Worm,முற்கெ3 பொள்ளானும் கிடா3ன் உத்பத்தி ஹோஸு,murge poLLaanum kiDaan utpatti hOsu,அழுகிய பழங்களில் புழுக்கள் உருவாகும்,Worms form on rotten fruit,insect,corpus_sourashtradictionary
ஸித்3த3ட்,siddaT,மண்புழு,Earthworm,ஸித்3த3டுக் ஜுன்னாருக் ஸிங்க3ய்த் மெனன்,siddaTuk junnaaruk singgayt menan,மண்புழு விவசாயிகளின் நண்பன் என்று அழைக்கப்படுகிறது,The earthworm is called the farmer's friend,insect,corpus_sourashtradictionary
ஹாபு3,haabu,பூச்சி,Insect,"களயெ அஸ்கி ஜீவுனும், ஹத்3தெ3 ஹொல்லொ ஹாபு3னு","kaLaye aski jeevunum, hadde hollo haabunu",அறியப்பட்ட அனைத்து உயிரினங்களிலும் பூச்சிகள் பாதிக்கும் மேற்பட்டவை,Insects make up more than half of all known organisms,insect,corpus_sourashtradictionary
ஹப்3பு3,habbu,பூச்சி,Insect,ஹப்3பு3னுக் ஸோ பாய்ஞினு ஸே,habbunuk sO paaynjinu sE,பூச்சிகளுக்கு ஆறு கால்கள் உள்ளன,Insects have six legs,insect,corpus_sourashtradictionary
மிங்கி3,minggi,எறும்பு,Ant,மிங்கி3ன் அபுல் ஆங்கு3 பா4ர் ஸொம்மர் 10-50 கு3ண் பா4ர் துக்கயி,minggin apul aanggu bhaar sommar 10-50 guN bhaar tukkayi,எறும்புகள் தங்கள் உடல் எடையை விட 10-50 மடங்கு எடையை சுமக்கும்,Ants carry 10-50 times their own body weight,insect,corpus_sourashtradictionary
முங்கி3,munggi,எறும்பு,Ant,முங்கி3னு வேன் ஸக்ரியொ ஹொயெயொ,mungginu vEn sakriyo hoyeyo,எறும்புகள் மிகவும் சுறுசுறுப்பானவை,The ants are very active,insect,corpus_sourashtradictionary
களொ மிங்கி3,kaLo minggi,பிள்ளையார் எறும்பு,Tiny Black Ant,களொ மிங்கி3 சவ்னா,kaLo minggi cavnaa,பிள்ளையார் எறும்பு கடிக்காது,Tiny Black ant does not bite,insect,corpus_sourashtradictionary
ல்ஹொவொ மிங்கி3,lhovo minggi,சிற்றெறும்பு,Fire Ant,ல்ஹொவொ மிங்கி3 சவஸு,lhovo minggi cavasu,சிற்றெறும்பு கடிக்கும்,The fire ant bites,insect,corpus_sourashtradictionary
மிங்கி3 ப4க்ஷக்,minggi bhakshak,எறும்புண்ணி,Anteater,மிங்கி3 ப4க்ஷகுக் தா3து3ன் ஜுண்ணா,minggi bhakshakuk daadun juNNaa,எறும்புண்ணிக்கு பற்கள் இல்லை,Anteaters have no teeth,insect,corpus_sourashtradictionary
அம்தி2லொ,amthilo,எறும்புப் புற்று,Anthill,மிங்கி3ன் மத்தி ஹால் அம்தி2லொ ப4ந்த3ஸு,minggin matti haal amthilo bhandasu,எறும்புகள் மண்ணைக் கொண்டு எறும்புப் புற்றுகளை கட்டும்,Ants build anthills with the soil,insect,corpus_sourashtradictionary
வள்மீக்,vaLmeek,எறும்புப் புற்று,Anthill,மிங்கி3ன்கின் ஹுதி3ன் வள்மீகுக் ப4ந்த3யி,mingginkin hudin vaLmeekuk bhandayi,"எறும்பும், கரையானும் எறும்புப் புற்றைக் கட்டும்",Ants and termites build anthills,insect,corpus_sourashtradictionary
சாடொ,caaTo,கட்டெறும்பு,Black Garden Ant,சாடொ ஸமூஹ ஹப்3பு3னு. தெல்லெ ஸெந்தொவஸஸும் ஜிவஸு,caaTo samooha habbunu. telle sentovasasum jivasu,எறும்புகள் சமூகப் பூச்சிகள்; அவை காலனிகளில் வாழ்கின்றன,Ants are social insects; they live in colonies,insect,corpus_sourashtradictionary
ம்ஹகி3,mhagi,ஈ,House Fly,ஜு2க்கு ம்ஹகி3னு ரமாரமி 21 தி3ன்னுன் ஜிவஸு,jhukku mhaginu ramaarami 21 dinnun jivasu,பெரும்பாலான ஈக்கள் சராசரியாக 21 நாட்கள் வாழ்கின்றன,Most flies live an average of 21 days,insect,corpus_sourashtradictionary
பிஸ்ளொ,pisLo,கொசு,Mosquito,பெ3ய்லு பிஸ்ளொ ஒண்டேஸ் சவயி,beylu pisLo oNTEs cavayi,பெண் கொசுக்கள் மட்டுமே கடிக்கும்,Only female mosquitoes bite,insect,corpus_sourashtradictionary
ப3ந்தொ3,bando,கரப்பான் பூச்சி,"Cockroach, Roach",ப3ந்தொ3 தொ3ஸ்கொ ந்ஹாத்தக் ஒண்டே வார் லெந்து ஜிவயி,bando dosko nhaattak oNTE vaar lentu jivayi,கரப்பான் பூச்சி தலை இல்லாமல் ஒரு வாரம் வரை உயிர் வாழும்,A cockroach can live for up to one week without its head,insect,corpus_sourashtradictionary
ஸொக்கள்,sokkaL,வெட்டுக்கிளி,"Grasshopper, Locust",ஸொக்களுக் அபுல் போடுர் கான் ஸே,sokkaLuk apul pOTur kaan sE,வெட்டுக்கிளிகள் தங்கள் வயிற்றில் காதுகளைக் கொண்டுள்ளன,Grasshoppers have ears on their bellies,insect,corpus_sourashtradictionary
ஸுண்டி3,suNDi,தட்டாரப்பூச்சி,Dragonfly,ஸுண்டி3ன் பனி பி4த்தர் 2 ஒர்ஸு லெந்து ஜிவஸு,suNDin pani bhittar 2 orsu lentu jivasu,தட்டான்கள் தண்ணீருக்கு அடியில் 2 ஆண்டுகள் வரை வாழ்கின்றன,Dragonflies live as long as 2 years underwater,insect,corpus_sourashtradictionary
ஜு2ருள்,jhuruL,"சுவர்க்கோழி, சில்வண்டு",Cricket,ஜு2ருள் தீ3 பகு3ல் லெந்து லங்க3யி,jhuruL dee pagul lentu langgayi,சுவர்க்கோழி இரண்டு அடி தூரம் வரை தாவும்,Crickets can leap as far as two feet,insect,corpus_sourashtradictionary
கெ4ந்த3ல்,ghendal,வண்டு,Beetle,ஜு2க்கு கெ4ந்த3லுன் ஒண்டெ ஒர்ஸு லெந்துஸ் ஜிவஸு,jhukku ghendalun oNTe orsu lentus jivasu,பெரும்பாலான வண்டுகள் ஒரு வருடம் மட்டுமே வாழ்கின்றன,Most beetles only live for a year,insect,corpus_sourashtradictionary
மௌடி3,mauDi,சிலந்தி,Cellar Spider,மௌடி3னுக் ஆட் பாய்ஞின் ஸே,mauDinuk aaT paaynjin sE,சிலந்திகளுக்கு 8 கால்கள் உள்ளன,Spiders have 8 legs,insect,corpus_sourashtradictionary
தெ4ய்னொ,dheyno,மூட்டைப்பூச்சி,Bedbug,முறி பொ3ட்டா வஸுனொ தெ4ய்னாக் உட்சஸு,muri boTTaa vasuno dheynaak uTcasu,அழுக்குத்துணி வாசனை மூட்டைப்பூச்சிகளை ஈர்க்கிறது,The smell of dirty laundry attracts bedbugs,insect,corpus_sourashtradictionary
ஜூ2ல்,jhool,அட்டைப்பூச்சி,Leech,ஜூ2ல் 6 ம்ஹடொ3 அகா3ர் ந்ஹாத்தக் ஜிவத்தக் முஸயி,jhool 6 mhaDo agaar nhaattak jivattak musayi,அட்டை 6 மாதங்கள் உணவில்லாமல் வாழ முடியும்,The leech can live without food for 6 months,insect,corpus_sourashtradictionary
ஜு2ளு,jhuLu,அட்டைப்பூச்சி,Leech,ஜு2ளுக் தெ3ஸ்ஸு தொ3ளான் ஸே,jhuLuk dessu doLaan sE,அட்டைக்கு 10 கண்கள் உள்ளன,Leech has 10 eyes,insect,corpus_sourashtradictionary
கங்கிடொ3,kangkiDo,கம்பளிப்பூச்சி,Caterpillar,கங்கிடொ3 ஸெவ்கா பான் கா2யி,kangkiDo sevkaa paan khaayi,கம்பளிப்பூச்சி முருங்கை இலைகளை உண்ணும்,The caterpillar eats drumstick leaves,insect,corpus_sourashtradictionary
கைனங்கிடொ3,kainangkiDo,மரவட்டை,Millipede,கைனங்கிடா3க் 1000 பாய்ஞின் ஜுண்ணா,kainangkiDaak 1000 paaynjin juNNaa,"மரவட்டைகளுக்கு 1,000 கால்கள் இல்லை","Millipedes Do Not Have 1,000 Legs",insect,corpus_sourashtradictionary
ஜிஜ்ஜில்,jijjil,மின்மினிப்பூச்சி,"Glowworm, Firefly","பெ3ய்லு ஜிஜ்ஜில் 1 - 2 தி3ன்னுகின், த3ல்லா ஜிஜ்ஜில் 3 - 5 தி3ன்னுன் ஜிவயி","beylu jijjil 1 - 2 dinnukin, dallaa jijjil 3 - 5 dinnun jivayi","பெண் மின்மினிப்பூச்சி 1 - 2 நாளும், ஆண் மின்மினிப்பூச்சி 3 - 5 நாளும் வாழும்",Female fireflies live 1 - 2 days and male fireflies 3 - 5 days,insect,corpus_sourashtradictionary
கொ3வ்ரம்மொ,govrammo,வண்ணாத்துப்பூச்சி,Butterfly,கொ3வ்ரம்மொ அபுல் பாய்ஞினுக் ருசி களள்ளத்தக் நுக3ஸு,govrammo apul paaynjinuk ruci kaLaLLattak nugasu,வண்ணாத்துப்பூச்சிகள் தங்கள் கால்களை சுவைக்க பயன்படுத்துகின்றன,Butterflies use their feet to taste,insect,corpus_sourashtradictionary
பூ2லுபதங்கொ3,phoolupatanggo,பட்டாம்பூச்சி,Clouded yellow butterfly,பூ2லுபதங்கொ3 பூ2லு மையும் ஜிவஸு,phoolupatanggo phoolu maiyum jivasu,பட்டாம்பூச்சி பூவின் தேனில் வாழ்கிறது,The butterfly lives on the nectar of the flower,insect,corpus_sourashtradictionary
கோ3ம்பெ3,gOmbe,பூரான்,Centipede,கோ3ம்பெ3க் விக்கு ஸே,gOmbek vikku sE,பூரான் விஷத்தன்மை கொண்டவை,Centipedes are venomous,insect,corpus_sourashtradictionary
விஞ்சு,vinjcu,தேள்,Scorpion,விஞ்சு ஹந்தா3ரும் ஜுலயி,vinjcu handaarum julayi,இருளில் தேள் ஒளிரும்,Scorpions glow in the dark,insect,corpus_sourashtradictionary
மண்ட3ப்பொ,maNDappo,நட்டுவாக்கிளி,Giant forest scorpions,மண்ட3ப்பொ சார் ர்ஹீ பாஞ்சு போ3ட் லம்பொ3 ர்ஹாயி,maNDappo caar rhee paanjcu bOT lambo rhaayi,நட்டுவாக்கிளி நான்கு முதல் ஐந்து அங்குல நீளம் இருக்கும்,Giant forest scorpions are between four to five inches in length,insect,corpus_sourashtradictionary
ஜூ2ம்,jhoom,பேன்,"Lice, Louse",ஒண்டெகா3 தொ3ஸ்காம் ஜூ2ம் 30 தி3ன்னு லெந்து ஜிவயி,oNTegaa doskaam jhoom 30 dinnu lentu jivayi,ஒரு நபரின் தலையில் பேன் 30 நாட்கள் வரை வாழும்,Lice can live up to 30 days on a person's head,insect,corpus_sourashtradictionary
ரீக்,reek,ஈரு,Nits (Lice egg),ஜூ2மு அண்டா3க் ரீக் மெனி மெனனு,jhoomu aNDaak reek meni menanu,பேன் முட்டைகளை ஈரு என்பார்கள்,The lice eggs are called nits,insect,corpus_sourashtradictionary
ஹுதி3,hudi,"செல், அந்துப்பூச்சி, கரையான்","Silverfish, Moth, Termite",ஹுதி3னுக் ப்ராமஹொயெ அகா3ர் வஜ்ரதி3ட்3டு3,hudinuk praamahoye agaar vajradiDDu,அந்துப் பூச்சிகளுக்கு பிடித்த உணவு பசை,The favourite food of silverfish is the glue,insect,corpus_sourashtradictionary
பூ2லுமது4,phoolumadhu,"பூவிலிருக்கும் தேன், பூந்தேன்",Nectar,மை ம்ஹகி2ன் பூ2லுமது4ம் ர்ஹீ மை கெரஸு,mai mhakhin phoolumadhum rhee mai kerasu,தேனீக்கள் பூந்தேனிலிருந்து தேன் தயாரிக்கின்றன,Bees make honey from nectar,insect,corpus_sourashtradictionary
தேனெ,tEne,தேன்,Honey,"தேனெ 80% ஸெக்கர்கின், 20% பனி ஹால் ஹொயெயொ","tEne 80% sekkarkin, 20% pani haal hoyeyo",தேன் 80% சர்க்கரை மற்றும் 20% தண்ணீரால் ஆனது,Honey is made of 80% sugars and 20% water,insect,corpus_sourashtradictionary
மை,mai,தேன்,Honey,மையும் 300 தி3னுஸுன் ஹொல்லொ ஸே,maiyum 300 dinusun hollo sE,தேனில் 300 க்கும் மேற்பட்ட வகைகள் உள்ளன,There are more than 300 varieties of honey,insect,corpus_sourashtradictionary
மை ம்ஹகி2,mai mhakhi,தேனீ,"Bee, Bees, Honey Bee",மை ம்ஹகி2னுக் 5 தொ3ளான் ஸே,mai mhakhinuk 5 doLaan sE,தேனீக்களுக்கு 5 கண்கள் உள்ளன,Bees have 5 eyes,insect,corpus_sourashtradictionary
பூ4,bhoo,"பூமி, நிலம்","Earth, Land",,,,,land,corpus_sourashtradictionary
பூ4ஞ்,bhoonj,"பூமி, நிலம்","Earth, Land",,,,,land,corpus_sourashtradictionary
பு4ஞி,bhunji,"பூமி, நிலம்","Earth, Land",,,,,land,corpus_sourashtradictionary
பூ4ய்ஞ்,bhooynj,"பூமி, நிலம்","Earth, Land",,,,,land,corpus_sourashtradictionary
பூ4த்,bhoot,"பூமி, நிலம்","Earth, Land",,,,,land,corpus_sourashtradictionary
ப்ரித்2வி,prithvi,"பூமி, நிலம்","Earth, Land",,,,,land,corpus_sourashtradictionary
பனி,pani,"தண்ணீர், நீர்",Water,,,,,land,corpus_sourashtradictionary
ஆபு,aapu,"தண்ணீர், நீர்",Water,,,,,land,corpus_sourashtradictionary
த்3ரவொ,dravo,திரவம்,"Fluid, Liquid, Orgasm",,,,,land,corpus_sourashtradictionary
அகாஶ்,akaass,ஆகாயம்,Sky,,,,,land,corpus_sourashtradictionary
ஹபா3ல்,habaal,வானம்,Sky,,,,,land,corpus_sourashtradictionary
க்ஷிதிஜ,kshitija,தொடுவானம்,Horizon,,,,,land,corpus_sourashtradictionary
ஹதா3ள்,hadaaL,பெரும் சப்தம்,Boom,,,,,land,corpus_sourashtradictionary
ஹுலொ,hulo,"தீ, நெருப்பு",Fire,,,,,land,corpus_sourashtradictionary
ஜாள்,jaaL,"தீ, நெருப்பு",Fire,,,,,land,corpus_sourashtradictionary
வாயு,vaayu,வாயு,Gas,,,,,land,corpus_sourashtradictionary
வரபோக்கன்,varapOkkan,காற்றோட்டமாக,Airy,,,,,land,corpus_sourashtradictionary
ப்ராணவாயு,praaNavaayu,உயிர்க்காற்று,Oxygen,,,,,land,corpus_sourashtradictionary
ஹீபு,heepu,தரை,Ground,,,,,land,corpus_sourashtradictionary
பொ3யல்,boyal,"தரிசு நிலம், மைதானம்","Barren Land, Ground",,,,,land,corpus_sourashtradictionary
கொ3ட்3டு3 பூ4ய்ஞ்,goDDu bhooynj,தரிசு நிலம்,Barren Land,,,,,land,corpus_sourashtradictionary
வந்த்4யொ பூ4ய்ஞ்,vandhyo bhooynj,தரிசு நிலம்,Barren Land,,,,,land,corpus_sourashtradictionary
உத்தொ,utto,மேடு,Mound,,,,,land,corpus_sourashtradictionary
ஆளி,aaLi,பள்ளம்,Pit,,,,,land,corpus_sourashtradictionary
க3ட்3ஸு,gaDsu,கரடுமுரடான,"Rough, Uneven",,,,,land,corpus_sourashtradictionary
ராண்,raaN,காடு,Forest,,,,,land,corpus_sourashtradictionary
வளு ராண்,vaLu raaN,பாலைவனம்,Desert,,,,,land,corpus_sourashtradictionary
காந்தாரு,kaantaaru,பாலைவனம்,Desert,,,,,land,corpus_sourashtradictionary
த்4ருவ்,dhruv,துருவம்,Pole,,,,,land,corpus_sourashtradictionary
த்4ருவொ,dhruvo,துருவ,Polar,,,,,land,corpus_sourashtradictionary
தெ3க்ஷணு த்4ருவ்,dekshaNu dhruv,தென் துருவம்,South Pole,,,,,land,corpus_sourashtradictionary
உத்தரு த்4ருவ்,uttaru dhruv,வட துருவம்,North Pole,,,,,land,corpus_sourashtradictionary
மரின்,marin,கானல் நீர்,Mirage,,,,,land,corpus_sourashtradictionary
ஸாக3ர்,saagar,சமுத்திரம்,Ocean,,,,,land,corpus_sourashtradictionary
ஸுந்து3ர்,sundur,கடல்,Sea,,,,,land,corpus_sourashtradictionary
ஸொந்து3ர்,sondur,கடல்,Sea,,,,,land,corpus_sourashtradictionary
லாட்,laaT,அலை,Wave,,,,,land,corpus_sourashtradictionary
ஸுந்து3ரு கெட்டொ,sunduru keTTo,கடற்கரை,Beach,,,,,land,corpus_sourashtradictionary
ஸொந்து3ரு ஸொவடு,sonduru sovaTu,கடலோரப் பகுதி,Coastal area,,,,,land,corpus_sourashtradictionary
நெத்3தி3,neddi,ஆறு,River,,,,,land,corpus_sourashtradictionary
கௌ2ரி,khauri,குளம்,Pond,,,,,land,corpus_sourashtradictionary
ஸொரொ,soro,குளம்,Pond,,,,,land,corpus_sourashtradictionary
ஹிரொ,hiro,குளம்,Pond,,,,,land,corpus_sourashtradictionary
தடொ,taTo,"தடாகம், குளம்","Reservoir, Pond, Pool, Tank, Puddle",,,,,land,corpus_sourashtradictionary
தொப்பல்,toppal,தெப்பக்குளம்,"Tank, Pond",,,,,land,corpus_sourashtradictionary
தளொ,taLo,ஏரி,Lake,,,,,land,corpus_sourashtradictionary
ஹடொ3,haDo,ஆற்றிடைப்பள்ளம்,Deep pool in river,,,,,land,corpus_sourashtradictionary
நின்னொ,ninno,ஆழம்,Deep,,,,,land,corpus_sourashtradictionary
நிம்னொ,nimno,ஆழம்,Depth,,,,,land,corpus_sourashtradictionary
லோத்,lOt,ஆழம்,Deep,,,,,land,corpus_sourashtradictionary
கெட்டொ,keTTo,கரை,"Bank, Shoreline",,,,,land,corpus_sourashtradictionary
நெத்3தி3 கெட்டொ,neddi keTTo,ஆற்றங்கரை,River Bank,,,,,land,corpus_sourashtradictionary
தீர்,teer,ஆற்றங்கரை,River Bank,,,,,land,corpus_sourashtradictionary
தளாதீர்,taLaateer,ஏரிக்கரை,Lake Bank,,,,,land,corpus_sourashtradictionary
வெவ்லொ,vevlo,வெள்ளம்,Flood,,,,,land,corpus_sourashtradictionary
ஸ்ரோவ்,srOv,வெள்ளம்,Flood,,,,,land,corpus_sourashtradictionary
ஜா2ர்,jhaar,வெள்ளம்,Flood,,,,,land,corpus_sourashtradictionary
அவ்ரி,avri,"நீர்ச்சுழல், நீர்ச்சுழி","Vortex, Whirlpool",,,,,land,corpus_sourashtradictionary
செல்மொ,celmo,நீரூற்று,Spring,,,,,land,corpus_sourashtradictionary
கஸு,kasu,ஊற்று,"Fountain, Springs",,,,,land,corpus_sourashtradictionary
ஊடொ,uuTo,ஊற்று,Spring,,,,,land,corpus_sourashtradictionary
உரய்,uray,சுரக்கும்,Ooze,,,,,land,corpus_sourashtradictionary
புல்னொ,pulno,பாலம்,Bridge,,,,,land,corpus_sourashtradictionary
லாங்கு3,laanggu,பாலம்,Bridge,,,,,land,corpus_sourashtradictionary
ஸேது,sEtu,பாலம்,Bridge,,,,,land,corpus_sourashtradictionary
தொ3ங்க3ர்,donggar,மலை,"Hill, Mountain",,,,,land,corpus_sourashtradictionary
ஷைலம்,shailam,மலை,"Hill, Mountain",,,,,land,corpus_sourashtradictionary
சித்ரகோர்ட்,citrakOrT,மலை,"Hill, Mountain",,,,,land,corpus_sourashtradictionary
கி3ரி,giri,மலை,"Hill, Mountain",,,,,land,corpus_sourashtradictionary
பொஸ்து,postu,உச்சி,"Top, Vertex, Summit",,,,,land,corpus_sourashtradictionary
ஶிங்கு3,ssinggu,முகடு,Cliff,,,,,land,corpus_sourashtradictionary
தொ3ங்க3ரு ஶிங்கு3,donggaru ssinggu,மலை முகடு,Cliff or Summit of a hill,,,,,land,corpus_sourashtradictionary
கோ4ரு தொ3ங்க3ர்,ghOru donggar,செங்குத்தான மலை,Steep Hill,,,,,land,corpus_sourashtradictionary
ஜரி,jari,"அருவி, நீர்வீழ்ச்சி","Waterfall, Falls",,,,,land,corpus_sourashtradictionary
ப்ராந்து,praantu,"பிராந்தியம், பகுதி",Region,,,,,land,corpus_sourashtradictionary
உஷ்ணொ ப்ராந்து,ushNo praantu,வெப்பமண்டல பகுதி,Tropical Region,,,,,land,corpus_sourashtradictionary
ஒல்லொ ப்ராந்து,ollo praantu,ஈரமான பகுதி,Wet Region,,,,,land,corpus_sourashtradictionary
ஸுக்கெ ப்ராந்து,sukke praantu,உலர்ந்த பகுதி,Dry Region,,,,,land,corpus_sourashtradictionary
ஜக3த்,jagat,உலகம்,World,,,,,land,corpus_sourashtradictionary
லோகு,lOku,உலகம்,World,,,,,land,corpus_sourashtradictionary
பு4லோக்,bhulOk,உலகம்,World,,,,,land,corpus_sourashtradictionary
பூ4லோக்,bhoolOk,உலகம்,World,,,,,land,corpus_sourashtradictionary
அக்ஷரேக்,aksharEk,அட்சரேகை,Lattitude,,,,,land,corpus_sourashtradictionary
தீ4ர்க்3க3ரேக்,dheerggarEk,தீர்க்கரேகை,Longitude,,,,,land,corpus_sourashtradictionary
கா2ண்டு3,khaaNDu,கண்டம்,Continent,,,,,land,corpus_sourashtradictionary
உபகா2ண்டு3,upakhaaNDu,துணைக்கண்டம்,Subcontinent,,,,,land,corpus_sourashtradictionary
த்3வீப்,dveep,தீபகற்பம்,Peninsula,,,,,land,corpus_sourashtradictionary
தீ3வு,deevu,தீவு,Island,,,,,land,corpus_sourashtradictionary
தி3ப்3ப3,dibba,தீவு,Island,,,,,land,corpus_sourashtradictionary
ராஷ்ட்ரம்,raashTram,தேசம்,Nation,,,,,land,corpus_sourashtradictionary
ராஷ்ட்ரீயொ,raashTreeyo,தேசிய,National,,,,,land,corpus_sourashtradictionary
ஸர்வதே3ஶு,sarvadEssu,சர்வதேச,International,,,,,land,corpus_sourashtradictionary
தே3ஶ்,dEss,நாடு,Country,,,,,land,corpus_sourashtradictionary
விதே3ஶ்,vidEss,வெளிநாடு,"Foreign country, Abroad",,,,,land,corpus_sourashtradictionary
ஹொஸ்தானு தே3ஶ்,hostaanu dEss,மேற்கத்திய நாடு,Western country,,,,,land,corpus_sourashtradictionary
தேஶாந்தர்,tEssaantar,இடம்பெயர்வு,Migration,,,,,land,corpus_sourashtradictionary
ராஜ்யம்,raajyam,"மாநிலம், இராச்சியம்","State, Kingdom",,,,,land,corpus_sourashtradictionary
ஜில்லா,jillaa,மாவட்டம்,District,,,,,land,corpus_sourashtradictionary
கா3ம்,gaam,ஊர்,"Town, City",,,,,land,corpus_sourashtradictionary
படன்,paTan,"பட்டணம், நகரம்","Town, City",,,,,land,corpus_sourashtradictionary
தா2ம்,thaam,"இடம், நிலையம்","Place, Location, Station",,,,,land,corpus_sourashtradictionary
ஸ்த2லொ,sthalo,"இடம், நிலையம்","Place, Location, Station",,,,,land,corpus_sourashtradictionary
ஶாலொ,ssaalo,"பெரிய இடம், வளாகம்","A large place, Campus",,,,,land,corpus_sourashtradictionary
க3முலொகா3ம்,gamulogaam,வெளியூர்,Outstation,,,,,land,corpus_sourashtradictionary
பொர்க்யாட்,porkyaaT,பட்டிக்காடு,Village,,,,,land,corpus_sourashtradictionary
ஒட்ச்சனி,oTccani,வடிகால்,Drain,,,,,land,corpus_sourashtradictionary
சேகு,cEku,அழுக்கு,Dirt,,,,,land,corpus_sourashtradictionary
சேக்பனி,cEkpani,அழுக்கு நீர்,Dirty water,,,,,land,corpus_sourashtradictionary
நேக்பனி,nEkpani,சுத்தமான நீர்,Clean water,,,,,land,corpus_sourashtradictionary
க2ண்டி3,khaNDi,"குழி, பள்ளம்",Pit,,,,,land,corpus_sourashtradictionary
ஆளி,aaLi,பள்ளம்,"Groove, Pit",,,,,land,corpus_sourashtradictionary
கூ4வொ,ghoovo,குகை,"Cave, Den",,,,,land,corpus_sourashtradictionary
பி3ணுக்3,biNug,குகை,"Cave, Den",,,,,land,corpus_sourashtradictionary
ஸுரங்கொ3,suranggo,சுரங்கப்பாதை,Tunnel,,,,,land,corpus_sourashtradictionary
பாரொ,paaro,பாறை,Rock,,,,,land,corpus_sourashtradictionary
கு3ண்டொ3,guNDo,கூழாங்கல்,Pebble,,,,,land,corpus_sourashtradictionary
தெ3கு3டோ3,deguDO,"பாறை, கல்","Rock, Stone",,,,,land,corpus_sourashtradictionary
தெ3ய்டொ3,deyDo,கல்,Stone,,,,,land,corpus_sourashtradictionary
ப3ளிங்கு3தெ3ய்டொ3,baLinggudeyDo,சலவைக்கல்,Marble,,,,,land,corpus_sourashtradictionary
சிடா3ய்தெய்டொ3,ciDaayteyDo,கருங்கல்,Blue Metal,,,,,land,corpus_sourashtradictionary
ஶங்கு2,ssangkhu,சங்கு,Conch,,,,,land,corpus_sourashtradictionary
வளு,vaLu,மணல்,Sand,,,,,land,corpus_sourashtradictionary
மத்தி,matti,மண்,Soil,,,,,land,corpus_sourashtradictionary
ரமத்தி,ramatti,செம்மண்,Red Sand,,,,,land,corpus_sourashtradictionary
கரம்,karam,காவி,Red Sand,,,,,land,corpus_sourashtradictionary
சிட3மத்தி,ciDamatti,களிமண்,Clay,,,,,land,corpus_sourashtradictionary
சிகுட3மத்தி,cikuDamatti,களிமண்,Clay,,,,,land,corpus_sourashtradictionary
வளுமத்தி,vaLumatti,வண்டல் மண்,Alluvial soil,,,,,land,corpus_sourashtradictionary
ஸுபீகு,supeeku,"வளம், வளமான","Fertile, Fertility",,,,,land,corpus_sourashtradictionary
பங்கு,pangku,சேறு,Mud,,,,,land,corpus_sourashtradictionary
செக்குள்,cekkuL,சகதி,Mud,,,,,land,corpus_sourashtradictionary
பு3த்3து3ரொ,budduro,சகதி,Mud,,,,,land,corpus_sourashtradictionary
பு3த்3து3ரா பனி,budduraa pani,கழிவுநீர்,Sewage,,,,,land,corpus_sourashtradictionary
விஜிலி,vijili,மின்சாரம்,Electricity,விஜிலி ந்ஹாத்தக் அவ்ரெஹால் ஜிவத்தக் முஸுனா,vijili nhaattak avrehaal jivattak musunaa,மின்சாரம் இல்லாமல் நம்மால் வாழ முடியாது,We cannot live without electricity,household,corpus_sourashtradictionary
சிடு3கொ,ciDuko,சொடுக்கி,Switch,சிடு3கானுக் பில்லல்னு அந்த3த்திஸொ க2ல்லொகன் தொ2வொ ஹோனா,ciDukaanuk pillalnu andattiso khallokan thovo hOnaa,சொடுக்கிகளை குழந்தைகள் எட்டும் அளவுக்கு தாழ்வாக வைக்கக்கூடாது,The switches should not be placed low enough for children to reach,household,corpus_sourashtradictionary
கு3ண்டு3 தி3வொ,guNDu divo,குண்டு விளக்கு,Incandescent light bulb,கு3ண்டு3 தி3வொ ஜெலத்தெ வேள் ஹுன்னொ ப4ராட் ஸொட3யி,guNDu divo jelatte vEL hunno bharaaT soDayi,குண்டு விளக்கு எரியும் போது சூட்டை வெளியிடும்,Incandescent light bulb emits heat when burning,household,corpus_sourashtradictionary
நல்லி தி3வொ,nalli divo,குழல் விளக்கு,Tube light bulb,நல்லி தி3வொ தொ3ளாக் ஸில்லொகன் ர்ஹாயி,nalli divo doLaak sillokan rhaayi,குழல் விளக்கு கண்ணுக்கு குளிர்ச்சியாக இருக்கும்,Tube light is cool to the eye,household,corpus_sourashtradictionary
LED தி3வொ,LED divo,LED விளக்கு,LED light bulb,எல்இடி3 தி3வொ உன்னொ விஜிலிம் ஜு2க்கு ஹுஜால் தே3ஸு,eliDi divo unno vijilim jhukku hujaal dEsu,எல்இடி விளக்குகள் குறைந்த மின்சாரத்தில் அதிக வெளிச்சத்தை வழங்குகின்றன,LED lights provide more light with less power,household,corpus_sourashtradictionary
உடாவ்,uTaav,பிரகாசம்,Bright,எல்இடி3 தி3வான் உடாவ்கன் ஜெலரஸி,eliDi divaan uTaavkan jelarasi,எல்இடி விளக்குகள் மிக பிரகாசமாக எரிகின்றன,LED lights are very bright,household,corpus_sourashtradictionary
ஹாதுதி3வொ,haatudivo,கைவிளக்கு,Torch light,"ப4ராட் ஹந்தா3ர்கன் ஸே, ஹாதுதி3வொ க2ல்லி ஜவொ","bharaaT handaarkan sE, haatudivo khalli javo","வெளியே இருட்டாக இருக்கிறது, டார்ச்சை எடுத்துச் செல்லுங்கள்","It is dark outside, take the torch with you",household,corpus_sourashtradictionary
குடி3யண்டா3 தி3வொ,kuDiyaNDaa divo,சிம்னி விளக்கு,Oil lamp / Egg lamp,விஜிலி ந்ஹாத்தெவேள் குடி3யண்டா3 தி3வொ பிர்ஜனம்கன் ர்ஹாஸு,vijili nhaattevEL kuDiyaNDaa divo pirjanamkan rhaasu,மின் தடையின் போது சிம்னி விளக்கு பயனுள்ளதாக இருக்கும்,Egg lamp will be useful during power outage,household,corpus_sourashtradictionary
கன்டீன்,kanTeen,கண்ணாடி கூட்டு விளக்கு,Lantern,பொ3லோம் வராம் மெல்லொ கன்டீன் ம்ஹொவ்லானா,bolOm varaam mello kanTeen mhovlaanaa,பலத்த காற்றில் கூட கண்ணாடி கூட்டு விளக்கு அணையாது,The lantern does not go out even in strong winds,household,corpus_sourashtradictionary
க2ந்தெ3ம் தி3வொ,khandem divo,அரிக்கேன் விளக்கு,Hurricane Lamp,ஹிந்தொ3 மெல்லொ ஜு2கு கொ4ம்மானும் க2ந்தெ3ம் தி3வொ ஸே,hindo mello jhuku ghommaanum khandem divo sE,இன்றும் பல வீடுகளில் அரிக்கேன் விளக்கு உள்ளது,"Even today, many homes still have hurricane lamp",household,corpus_sourashtradictionary
அந்தெ3ம் தி3வொ,andem divo,விளக்கெண்ணெய் விளக்கு,Sand lamp,அந்தெ3ம் தி3வொ நிள்ச்சி ஜெலை,andem divo niLcci jelai,விளக்கெண்ணெய் விளக்கு நிலைத்து எரியும்,The sand lamp burns steadily,household,corpus_sourashtradictionary
"தொரணு தி3வொ, ஜு2ம்பர்","toraNu divo, jhumpar",சர விளக்கு,Chandelier,நெட்ஷத்ரு வஸனுஶாலாம் தொரணு தி3வாக் ஸவாயி,neTshatru vasanussaalaam toraNu divaak savaayi,நட்சத்திர ஓட்டல்களில் சரவிளக்கைப் பார்க்கலாம்,Chandelier can be seen in Star Hotels,household,corpus_sourashtradictionary
து4ம்டி,dhumTi,தீப்பந்தம்,Fire Torch,தே3வு சுட்டும் து4ம்டிக் க2ல்லி ஜாஸுனு,dEvu cuTTum dhumTik khalli jaasunu,கடவுள் ஊர்வலத்தில் தீப்பந்தம் ஏந்திச் செல்கின்றனர்,They carry torches in God's procession,household,corpus_sourashtradictionary
லகு3டா3த2ந்தி3லி,laguDaathandili,மர தீப்பந்தம்,Wooden Fire Torch,முந்த3டி3 காலும் ரவுளும் லகு3டா3த2ந்தி3லி ப்ரயோக்3 கெர்யாஸி,mundaDi kaalum ravuLum laguDaathandili prayOg keryaasi,பழங்காலத்தில் அரண்மனையில் மர தீப்பந்தம் பயன்படுத்தினார்கள்,In ancient times wooden torches were used in palace,household,corpus_sourashtradictionary
மெயின் வாத்,meyin vaat,மெழுகுவர்த்தி,Candle,கெம்பி3 மத்தாவ் ஜெலட3த்தக் மெயின் வாதூஸ் மேடு,kembi mattaav jelaDattak meyin vaatoos mETu,கம்பி மத்தாப்பு கொளுத்துவதற்கு மெழுகுவர்த்தியே சிறந்தது,Candles are best to lit the sparkler fire crackers,household,corpus_sourashtradictionary
விஜனொ,vijano,கை விசிறி,Hand Fan,தாளு பானு விஜனொ மது3ரெம் வேன் நாவ் பொட3யொ,taaLu paanu vijano madurem vEn naav poDayo,பனை ஓலை கை விசிறி மதுரையில் மிகவும் பிரபலம்,Palm leaf hand fan is very popular in Madurai,household,corpus_sourashtradictionary
விஜிலி விஜனொ,vijili vijano,மின்விசிறி,"Electric Fan, Ceiling Fan",ஹூனுகலமு விஜிலி விஜனொ த4மிலேத்கன் ர்ஹாய்,hoonukalamu vijili vijano dhamilEtkan rhaay,கோடை காலத்தில் மின்விசிறி ஓடியபடியே இருக்கும்,During summer the Ceiling Fan keeps running,household,corpus_sourashtradictionary
மேஜொ விஜனொ,mEjo vijano,மேஜை விசிறி,Table Fan,மேஜொ விஜனாம் ர்ஹீ வரொ ஸில்லொகன் அவஸு,mEjo vijanaam rhee varo sillokan avasu,மேஜை விசிறியில் இருந்து காற்று குளிர்ச்சியாக வருகிறது,The air from the table fan is cool,household,corpus_sourashtradictionary
பீடொ2 விஜனொ,peeTho vijano,பீட மின்விசிறி,Pedestal Fan,ஹொராடு3 மஹாலும் பீடொ2 விஜனாக் ஸவாய்,horaaDu mahaalum peeTho vijanaak savaay,திருமண மண்டபத்தில் பீட மின்விசிறியைக் காணலாம்,Pedestal fans can be found in the wedding hall,household,corpus_sourashtradictionary
தூ3ர்தெ3க்கண்ணி,doordekkaNNi,தொலைக்காட்சி,Television,ஹிந்தொ3 அஸ்கி கொ4ம்மானும் தூ3ர்தெ3க்கண்ணி ஸே,hindo aski ghommaanum doordekkaNNi sE,இன்று அனைத்து வீட்டிலும் தொலைக்காட்சி உள்ளது,"Today, every home has a Television",household,corpus_sourashtradictionary
தெரொ,tero,திரை,Screen,தூ3ர்தெ3க்கண்ணி தெராக் பொஸுவொ,doordekkaNNi teraak posuvo,தொலைக்காட்சி திரையைத் துடைக்கவும்,Wipe the TV screen,household,corpus_sourashtradictionary
தெரா பொ3ட்டொ,teraa boTTo,திரைச்சீலை,Curtain,தெனொ தெரா பொ3ட்டாம் ர்ஹீ ப4ராட் தொங்கி3 ஸியெஸ்,teno teraa boTTaam rhee bharaaT tonggi siyes,அவன் திரைச்சீலையில் இருந்து வெளியே எட்டிப்பார்த்தான்,He peeked out from the curtains,household,corpus_sourashtradictionary
தூ3ருநியந்த்ரொ,dooruniyantro,தொலையியக்கி,Remote control,பில்லல்னு தூ3ருநியந்த்ரொ ஹால் சித்ருனுக் மர்ச்சிலேத் ர்ஹான்,pillalnu dooruniyantro haal citrunuk marccilEt rhaan,குழந்தைகள் தூர இயக்கியால் சேனல்களை மாற்றிக்கொண்டே இருப்பார்கள்,Kids keep changing channels with the remote control,household,corpus_sourashtradictionary
தூ3ர்வதி3னி,doorvadini,தொலைபேசி,"Phone, Telephone",ஹாதுவதி3னி அவெ ப2ராது தூ3ர்வதி3னி வவ்ரினி உன்னொ பொள்டி3யொ,haatuvadini ave pharaatu doorvadini vavrini unno poLDiyo,கைபேசி வந்த பிறகு தொலைபேசி பயன்பாடு குறைந்துவிட்டது,"After the arrival of the mobile phone, the use of telephones decreased",household,corpus_sourashtradictionary
ஹாதுவதி3னி,haatuvadini,கைபேசி,"Cell Phone, Mobile Phone",பில்லல்னு ஜொவள் மெல்லொ ஹாதுவதி3னி ஸே,pillalnu jovaL mello haatuvadini sE,சிறியவர்களிடம் கூட கைபேசி உள்ளது,Even children have cell phones,household,corpus_sourashtradictionary
ஸில்லா பெடி,sillaa peTi,குளிர்சாதன பெட்டி,"Refrigerator, Fridge",ஸில்லா பெடிம் பனி கெ3ட்3டொ3 உத்பத்தி கெருவாயி,sillaa peTim pani geDDo utpatti keruvaayi,குளிர்சாதன பெட்டியில் பனிக்கட்டி தயாரிக்கலாம்,Ice can be made in the refrigerator,household,corpus_sourashtradictionary
ஸில்ல வரா பெடி,silla varaa peTi,குளிரூட்டி,Air conditioner,ஹூனுகலமு ஸில்ல வரா பெடி ந்ஹாத்தக் ர்ஹவானா,hoonukalamu silla varaa peTi nhaattak rhavaanaa,கோடையில் குளிரூட்டி இல்லாமல் இருக்க முடியாது,Can't live without air conditioner in summer,household,corpus_sourashtradictionary
இஸ்திரி,istiri,சலவைப் பெட்டி,Clothes Iron,விஜிலி இஸ்திரிக் கெ4டி3ம் ப்ரயோக்3 கெரத்தக் முஸை,vijili istirik gheDim prayOg kerattak musai,மின்சார சலவைப் பெட்டியை உடனடியாக பயன்படுத்த முடியும்,Electric clothes iron can be used immediately,household,corpus_sourashtradictionary
பொல்காவஸ்துன்,polkaavastun,மரச்சாமான்,Furnitures,தேகு ஜா2டு3னும் கெரெ பொல்காவஸ்துனுன் மோல் வேனு,tEku jhaaDunum kere polkaavastunun mOl vEnu,தேக்கு மரத்தால் செய்யப்பட்ட மரச்சாமான்கள் விலை அதிகம்,Furniture made of teak wood is expensive,household,corpus_sourashtradictionary
சார்பாய்ஞ்,caarpaaynj,நாற்காலி,Stool,தெனு சார்பாய்ஞிம் ஹிப்3பி3 ர்ஹீ தி3வொ பொ4வ்ர்யாஸ்,tenu caarpaaynjim hibbi rhee divo bhovryaas,அவர் நாற்காலியில் நின்று விளக்கை ஏற்றினார்,He stood on the stool and lit the lamp,household,corpus_sourashtradictionary
குர்ஸி,kursi,மேஜை நாற்காலி,Chair,ஒள்டு3ன் குர்ஸினும் விஶ்ராந்திகன் பி3ஸி ஸே,oLDun kursinum vissraantikan bisi sE,வயதானவர்கள் நாற்காலிகளில் ஓய்வாக அமர்ந்திருக்கிறார்கள்,Elderly people are sitting leisurely in chairs,household,corpus_sourashtradictionary
"பீடொ2, மேஜொ","peeTho, mEjo",மேஜை,Table,பீடொ2 ஹொல்லொ ஒர்கு3னாங்கொ3,peeTho hollo orgunaanggo,மேஜை மீது சாயாதீர்கள்,Do not lean on the table,household,corpus_sourashtradictionary
ஜெமரியொ பீடொ2,jemariyo peeTho,உணவருந்தும் மேசை,Dining table,க2யி ஹொட்டி ஜெமரியொ பீடா2க் பொஸி தொ2வொ,khayi hoTTi jemariyo peeThaak posi thovo,சாப்பிட்ட பிறகு சாப்பாட்டு மேசையை துடைத்து வைக்கவும்,Wipe the dining table after eating,household,corpus_sourashtradictionary
திவி,tivi,"நீண்ட இருக்கை, அமரும் பலகை",Long Bench,நெவ்டா3ம் ஒண்டெ திவி ஸே,nevDaam oNTe tivi sE,நடைபாதையில் ஒரு நீண்ட இருக்கை உள்ளது,There is a long bench in the corridor,household,corpus_sourashtradictionary
ப3து3லொ,badulo,"நீண்ட இருக்கை, அமரும் பலகை",Long Bench,இக்லான் ப3து3லாம் பி3ஸி ஸே,iklaan badulaam bisi sE,மாணவர்கள் பலகையில் அமர்ந்திருக்கிறார்கள்,Students are sitting on the bench,household,corpus_sourashtradictionary
கொ2ள்டி,khoLTi,பை,"Bag, Carry Bag",கய்லொகெஸுர் கொ2ள்டி கோஸெ?,kaylokesur khoLTi kOse?,காய்கறி பை எங்கே?,Where is the vegetable bag?,household,corpus_sourashtradictionary
பிஸ்னி கொ2ள்டி,pisni khoLTi,நெகிழி பை,Plastic bag,பிஸ்னி கொ2ள்டிக் பி2ரிவவ்ரத்தெ கெஷ்டமு,pisni khoLTik phirivavratte keshTamu,பிளாஸ்டிக் பைகளை மறுசுழற்சி செய்வது கடினம்,Plastic bags are difficult to recycle,household,corpus_sourashtradictionary
கெச்செந்தி3,keccendi,கோணி,"Gunny bag, Sack",ஸுனொ கெச்செந்தி3 ஹொல்லொ பி3ஸி ஸே,suno keccendi hollo bisi sE,நாய் கோணிப்பை மீது அமர்ந்துள்ளது,Dog is sitting on the gunny bag,household,corpus_sourashtradictionary
கொ2ள்டொ,khoLTo,சாக்குப்பை,"Gunny bag, Sack",செகு3லொ ஹெடி3 கொ2ள்டாம் தவொ,cegulo heDi khoLTaam tavo,விறகு சிராயை எடுத்து சாக்குப்பையில் போடுங்கள்,Put the chopped firewood in the sack,household,corpus_sourashtradictionary
பெடி,peTi,பெட்டி,Box,பெடிம் ஹன்னவ் லிக்கடி3 தொ2வ்னு,peTim hannav likkaDi thovnu,பெட்டியில் பணத்தை ஒளித்து வைப்பார்கள்,They hide money in the box,household,corpus_sourashtradictionary
கோஷ்டு,kOshTu,மர பீரோ,Wooden bureau,பில்லல்னு கோஷ்டும் லிக்குள்ளராஸ்,pillalnu kOshTum likkuLLaraas,குழந்தைகள் மர பீரோவில் ஒளிந்து கொள்கிறார்கள்,The children hide in the wooden bureau,household,corpus_sourashtradictionary
ஸுரு,suru,பீரோவின் கீழ் இழுப்பறை,Bottom Drawer of a Bureau,கோஷ்டும் உன்னபொட3யொ தீ3 ஸுருன் ர்ஹாய்,kOshTum unnapoDayo dee surun rhaay,மர பீரோவில் குறைந்தது இரண்டு இழுப்பறைகள் இருக்கும்,A wooden bureau has at least two drawers,household,corpus_sourashtradictionary
பொரொ,poro,பீரோவின் கீழ் இழுப்பறை,Bottom Drawer of a Bureau,பிர்ஜனம் ந்ஹாத்த வஸ்துனுக் பொராம் தய்தன்,pirjanam nhaatta vastunuk poraam taytan,பயனற்ற பொருட்களை பீரோ இழுப்பறைகளில் போட்டுவிடுவார்கள்,Useless items are put away in bureau drawers,household,corpus_sourashtradictionary
ஹிந்து3ளொ,hinduLo,ஊஞ்சல்,Swing,பில்லல்னு ஹிந்து3ளாம் க2ளத்தக் ப்ராமொ பொட3ராஸ்,pillalnu hinduLaam khaLattak praamo poDaraas,குழந்தைகள் ஊஞ்சலில் விளையாட விரும்புகிறார்கள்,Children love to play on the swing,household,corpus_sourashtradictionary
ஸேணி,sENi,ஏணி,Ladder,ஸேணினுக் ஜு2க்குகன் பொ3ங்கு3ம் கெரனு,sENinuk jhukkukan bonggum keranu,ஏணிகளை பெரும்பாலும் மூங்கிலால் செய்வார்கள்,Ladders are mostly made of bamboo,household,corpus_sourashtradictionary
ஸடொ,saTo,ஏணி,Ladder,அத்தொ ஜெலுமினும் கெரெ மொன்ட்சத்திஸா ஸடொ அப்3ப3ரஸி,atto jeluminum kere monTcattisaa saTo abbarasi,அலுமினியத்தால் செய்யப்பட்ட மடிக்கக்கூடிய ஏணிகள் இப்போது கிடைக்கின்றன,"Foldable Ladders, made of Aluminium, are available now",household,corpus_sourashtradictionary
அள்டாஸடொ,aLTaasaTo,பரண் ஏணி,"Attic ladder, Loft ladder",அள்டாம் ஹிங்க3த்தக் அள்டாஸடொ பிர்ஜனம் பொட3ஸு,aLTaam hinggattak aLTaasaTo pirjanam poDasu,பரணில் ஏறுவதற்கு பரண் ஏணி பயன்படுத்தப்படுகிறது,A loft ladder is used to climb upstairs,household,corpus_sourashtradictionary
லோஸ்,lOs,"படம், புகைப்படம்","Picture, Photo, Image",ஹாதுவதி3னிம் ஹெட3ரியொ லோஸுன் பெ4ளி ஸிங்க்3யார் ஸே,haatuvadinim heDariyo lOsun bheLi singgyaar sE,கைப்பேசியில் எடுக்கப்பபடும் புகைப்படங்கள் அருமையாக இருக்கின்றன,The photos taken on mobile phones are awesome,household,corpus_sourashtradictionary
ஸதி3,sadi,குடை,Umbrella,ஸதி3ன் ஜு2க்குகன் களொ வனிம் ர்ஹாயி,sadin jhukkukan kaLo vanim rhaayi,குடைகள் பெரும்பாலும் கருப்பு நிறத்தில் இருக்கும்,Umbrellas are mostly black,household,corpus_sourashtradictionary
நிவி,nivi,தொட்டி,"Trough, Tank, Tub",கா3ய்கொ3ருன் பேத்தக் து4வனு பனி நிவிம் ஸொட3னு,gaaygorun pEttak dhuvanu pani nivim soDanu,கால்நடைகள் குடிக்க கழனி தண்ணீரை மர தொட்டியில் ஊற்றுவார்கள்,The rice washed water is poured into a wooden trough for the cattle to drink,household,corpus_sourashtradictionary
ப3ள்ளொ,baLLo,வாளி,Bucket,ப3ள்ளாம் ஸேத்தெ ஒல்லொ பொ3ட்டானுக் ஸுக்கடு3வொ,baLLaam sEtte ollo boTTaanuk sukkaDuvo,வாளியில் உள்ள ஈரமான துணிகளை உலர்த்தவும்,Dry the wet clothes in the bucket,household,corpus_sourashtradictionary
ஹந்தா3ர்,handaar,இருட்டு,Dark,ஹந்தா3ரும் அவ்ரெஹால் ஸாத்தக் முஸுனா,handaarum avrehaal saattak musunaa,இருட்டில் நம்மால் பார்க்க முடியாது,We cannot see in the dark,household,corpus_sourashtradictionary
ஹுஜால்,hujaal,வெளிச்சம்,Light,நார்வே தே3ஶும் ஸோ ம்ஹடா3னுக் ஹுஜால் ர்ஹானா,naarvE dEssum sO mhaDaanuk hujaal rhaanaa,நார்வேயில் ஆறு மாதங்களுக்கு வெளிச்சம் இருக்காது,There will be no light in Norway for six months,household,corpus_sourashtradictionary
நேகு3,nEgu,ஒளி,Light,ஸுரிது நேகு3க் ஸமான் கொன்னி ந்ஹீ,suritu nEguk samaan konni nhee,சூரிய ஒளிக்கு சமமாக எதுவும் இல்லை,Nothing equals sunlight,household,corpus_sourashtradictionary
ஜோதி,jOti,ஒளி,Light,ஞானின் தே3வுக் ஜோதி ரூபும் ஸாராஸ்,njaanin dEvuk jOti roopum saaraas,ஞானிகள் இறைவனை ஒளி வடிவில் காண்கிறார்கள்,The sages see God in the form of light,household,corpus_sourashtradictionary
க3தி3,gadi,குதிர்,Granary pot,"க3தி3 மெந்தொ ஸால், தந்து3 செர்ச்சி தொ2வரியொ பொ4ன்னொ","gadi mento saal, tandu cercci thovariyo bhonno","குதிர் என்பது நெல், அரிசி சேமித்துவைக்கும் பானை",Granary pot is a pot for storing paddy and rice,household,corpus_sourashtradictionary
கெ3ல்லோ,gellO,"அரிசி, தானியம் சேமித்து வைக்கும் குதிர்",Earthen pot for storing grains,பொர்க்யாடு3ம் கெ3ல்லாம் தந்து3 தயி தொ2வஸுனு,porkyaaDum gellaam tandu tayi thovasunu,"கிராமத்தில், குதிரில் அரிசியை போட்டு வைப்பார்கள்","In the village, rice is put in the granary pots",household,corpus_sourashtradictionary
பூ4தத்3த3ம்,bhootaddam,பூதக்கண்ணாடி,Magnifying glass,எல்லெ பூ4தத்3த3ம் அவ்ரெ ஐங்கே4ர்பா3யோ,elle bhootaddam avre aingghErbaayO,இந்த பூதக்கண்ணாடி என் தாத்தாவுடையது,This magnifying glass belonged to my grandfather,household,corpus_sourashtradictionary
பவ்க3ள்,pavgaL,"பாதுகை, மர காலணி","Ancient form of footwear, Wooden footwear",லக்ஷ்மணொ ராமுடு3 பவ்க3ள் தொ2வி ராஜ்ஜலஸி,lakshmaNo raamuDu pavgaL thovi raajjalasi,லக்ஷ்மணன் இராமனின் பாதுகைகளுடன் ராஜ்யத்தை ஆண்டான்,Lakshman ruled the kingdom with the footwear of Rama,household,corpus_sourashtradictionary
செவ்னி,cevni,செருப்பு,"Slipper, Footwear",ஹூனுகலமு செவ்னி ந்ஹாத்தக் சலத்த முஸுனா,hoonukalamu cevni nhaattak calatta musunaa,கோடையில் செருப்பு இல்லாமல் நடக்க முடியாது,Can't walk without sandals in summer,household,corpus_sourashtradictionary
பாய்ஞ்ஹொவி,paaynjhovi,காலணி,"Slipper, Shoe",யந்த்ரஶாலாம் ஸேத்தெ அஸ்கிதெனு பாய்ஞ்ஹொவி தய்லி ஸே,yantrassaalaam sEtte askitenu paaynjhovi tayli sE,தொழிற்சாலையில் உள்ள அனைவரும் காலணிகள் அணிந்துள்ளனர்,Everyone in the factory wear shoes,household,corpus_sourashtradictionary
அக்ரொ,akro,குட்டை,Short,,,,,opp,corpus_sourashtradictionary
லம்பொ3,lambo,நீளம்,Long,,,,,opp,corpus_sourashtradictionary
அக்ரொ,akro,குறுகல்,Narrow,,,,,opp,corpus_sourashtradictionary
விலாஸ்,vilaas,அகலம்,Broad,,,,,opp,corpus_sourashtradictionary
அன்ட்கொ,anTko,"அடக்கம், மடக்கு","Compact, Wrap, Fold, Handy",,,,,opp,corpus_sourashtradictionary
தா4டொ,dhaaTo,"பரந்த, அகட்டிக்கொண்டு","Wide, Wide open",,,,,opp,corpus_sourashtradictionary
அடு3க்கு,aDukku,அடியில்,Underneath,,,,,opp,corpus_sourashtradictionary
ஹொல்லொ,hollo,மேலே,Above,,,,,opp,corpus_sourashtradictionary
அவை,avai,வரும்,Will come,,,,,opp,corpus_sourashtradictionary
ஔனா,aunaa,வராது,Will not come,,,,,opp,corpus_sourashtradictionary
ஆவ்,aav,வா,Come,,,,,opp,corpus_sourashtradictionary
ஜா2,jhaa,போ,Go,,,,,opp,corpus_sourashtradictionary
உஞ்சொ,unjco,மேலே,"Above, Up",,,,,opp,corpus_sourashtradictionary
க2ல்லொ,khallo,கீழே,"Below, Beneath",,,,,opp,corpus_sourashtradictionary
உஞ்ச்சொ,unjcco,உயரம்,"Tall, Height",,,,,opp,corpus_sourashtradictionary
துச்சொ2,tuccho,குள்ளம்,Short,,,,,opp,corpus_sourashtradictionary
உன்னொ,unno,குறைவாக,Less,,,,,opp,corpus_sourashtradictionary
வேன்,vEn,அதிகமாக,More,,,,,opp,corpus_sourashtradictionary
மொர்னி,morni,இறப்பு,Death,,,,,opp,corpus_sourashtradictionary
ஒண்டெவால்,oNTevaal,ஒரு தடவை,One Time,,,,,opp,corpus_sourashtradictionary
ஜு2கு3வால்,jhuguvaal,அனேக தடவை,Many Times,,,,,opp,corpus_sourashtradictionary
ஒல்லொ,ollo,ஈரமான,Wet,,,,,opp,corpus_sourashtradictionary
ஸுக்கெ,sukke,காய்ந்த,Dry,,,,,opp,corpus_sourashtradictionary
களாய்,kaLaay,தெரியும்,"Know, Aware",,,,,opp,corpus_sourashtradictionary
களானா,kaLaanaa,தெரியாது,"Do not know, Unaware",,,,,opp,corpus_sourashtradictionary
கா4ன்,ghaan,நாற்றம்,Stink,,,,,opp,corpus_sourashtradictionary
வஸுனொ,vasuno,வாசனை,"Smell, Fragrant, Fragrance, Aroma",,,,,opp,corpus_sourashtradictionary
கி3ட்டை,giTTai,கட்டுபடியாகும்,Affordable,,,,,opp,corpus_sourashtradictionary
கி3ட்டுனா,giTTunaa,கட்டுப்படியாகாது,Unaffordable,,,,,opp,corpus_sourashtradictionary
கெ3ட3பு3ட3,geDabuDa,கரடுமுரடு,"Rough, Uneven",,,,,opp,corpus_sourashtradictionary
ந்ஹினாவ்,nhinaav,வழுவழுப்பு,"Soft, Smooth",,,,,opp,corpus_sourashtradictionary
சிக்கய,cikkaya,மெலிந்த,Lean,,,,,opp,corpus_sourashtradictionary
தெ3ள்கொ,deLko,தடித்த,Stout,,,,,opp,corpus_sourashtradictionary
சுரும்,curum,விரைவில்,Soon,,,,,opp,corpus_sourashtradictionary
தமஸ்,tamas,தாமதம்,Late,,,,,opp,corpus_sourashtradictionary
செர்ச்சிலெ,cerccile,"உள்ளடக்கு, சேர்த்துக்கொள்",Include,,,,,opp,corpus_sourashtradictionary
தொ3ப்3பி3லெ,dobbile,விலக்கு,Exclude,,,,,opp,corpus_sourashtradictionary
செர்ச்சிகின்,cerccikin,"உட்பட, சேர்த்து",Including,,,,,opp,corpus_sourashtradictionary
தொ3ப்3பி3கின்,dobbikin,"தவிர்த்து, நீங்கலாக",Excluding,,,,,opp,corpus_sourashtradictionary
சொக்கட்,cokkaT,"நல்லது, நல்ல, நன்றாக","Well, Fine, Good",,,,,opp,corpus_sourashtradictionary
நஜ்ஜெ,najje,கெட்டது,Bad,,,,,opp,corpus_sourashtradictionary
சொட்3டொ3வத்தொ,coDDovatto,பொய்,Lie,,,,,opp,corpus_sourashtradictionary
ர்ஹத்தவத்தொ,rhattavatto,உண்மை,True,,,,,opp,corpus_sourashtradictionary
த2ள்கொ,thaLko,தடிப்பான,Thick,,,,,opp,corpus_sourashtradictionary
ந்ஹான்,nhaan,மெல்லிய,Thin,,,,,opp,corpus_sourashtradictionary
து3தூ3ர்,dudoor,தொலைவில்,Far,,,,,opp,corpus_sourashtradictionary
லொகு3த்தொ,logutto,அருகில்,"Near, Beside",,,,,opp,corpus_sourashtradictionary
தை3ரொ,dairo,இடது,Left,,,,,opp,corpus_sourashtradictionary
ஜைனொ,jaino,வலது,Right,,,,,opp,corpus_sourashtradictionary
ந்ஹா,nhaa,இல்லை,"No, Nope",,,,,opp,corpus_sourashtradictionary
ஹாய்,haay,ஆமாம்,Yes,,,,,opp,corpus_sourashtradictionary
"ந்ஹீத்தெ, ந்ஹாத்தெ","nheette, nhaatte",இல்லாதது,Not,,,,,opp,corpus_sourashtradictionary
ஸேத்தெ,sEtte,இருக்கிறது,Is,,,,,opp,corpus_sourashtradictionary
நேரொ,nEro,நேர்,Straight,,,,,opp,corpus_sourashtradictionary
வகு3ண்டொ3,vaguNDo,கோணல்,Skewness,,,,,opp,corpus_sourashtradictionary
நொக்கொ,nokko,வேண்டாம்,Don't want,,,,,opp,corpus_sourashtradictionary
பஜே,pajE,வேண்டும்,Want,,,,,opp,corpus_sourashtradictionary
நொவ்வொ,novvo,புதிய,"New, Novel, Fresh, Original",,,,,opp,corpus_sourashtradictionary
ஜுன்னொ,junno,பழைய,Old,,,,,opp,corpus_sourashtradictionary
பஸ்கட்,paskaT,பின்னால்,Back,,,,,opp,corpus_sourashtradictionary
ஸொம்மர்,sommar,முன்னால்,Front,,,,,opp,corpus_sourashtradictionary
பஸ்கல்லொ,paskallo,"பின்பக்கம், பின்புறம்",Backside,,,,,opp,corpus_sourashtradictionary
ஸொம்மல்லொ,sommallo,"முன்பக்கம், முன்புறம்",Frontside,,,,,opp,corpus_sourashtradictionary
பா4ர்,bhaar,கனம்,Weight,,,,,opp,corpus_sourashtradictionary
ஹவ்லொ,havlo,இலேசு,Light,,,,,opp,corpus_sourashtradictionary
பி2ஜ்ஜாய்,phijjaay,போதும்,Enough,,,,,opp,corpus_sourashtradictionary
பு2ன்னா,phunnaa,போதாது,Insufficient,,,,,opp,corpus_sourashtradictionary
பி3ஸ்ஸொ,bisso,வேகமாக,Fast,,,,,opp,corpus_sourashtradictionary
ஹள்ளு,haLLu,மெதுவாக,Slow,,,,,opp,corpus_sourashtradictionary
பி4த்தர்,bhittar,உள்ளே,In,,,,,opp,corpus_sourashtradictionary
ப4ராட்,bharaaT,வெளியே,"Out, Outside",,,,,opp,corpus_sourashtradictionary
பி4த்தரு,bhittaru,"உட்புற, உள்நாட்டுக்குரிய",Internal,,,,,opp,corpus_sourashtradictionary
ப4ராடு,bharaaTu,வெளிப்புற,External,,,,,opp,corpus_sourashtradictionary
பெ4ள்பீ4டு,bheLbheeTu,"செல்வச் செழிப்பு, மிகுந்த செல்வம்","Affluent, Extreme wealth",ஜு2க்கு ரஜான் பெ4ள்பீ4டு ஸெரொ ஜிவ்யாஸி,jhukku rajaan bheLbheeTu sero jivyaasi,பெரும்பாலான மன்னர்கள் செல்வச் செழிப்புடன் வாழ்ந்தனர்,Most of the kings lived in affluence,opp,corpus_sourashtradictionary
தா3ரித்3ரம்,daaridram,"வறுமை, ஏழ்மை",Poverty,,,,,opp,corpus_sourashtradictionary
பொல்லம்,pollam,பள்ளம்,Pit,,,,,opp,corpus_sourashtradictionary
மிட்டொ,miTTo,மேடு,Mound,,,,,opp,corpus_sourashtradictionary
ம்ஹக்3கொ3,mhaggo,அதிக விலை,"Costly, Expensive",,,,,opp,corpus_sourashtradictionary
ஸொங்கொ3,songgo,"மலிவு, மலிவாக",Cheap,,,,,opp,corpus_sourashtradictionary
ம்ஹொட்டொ,mhoTTo,"பெரிய, மூத்தவர், பெரியவர்","Elder, Big, Great, Senior",,,,,opp,corpus_sourashtradictionary
ந்ஹன்னொ,nhanno,சிறிய,"Younger, Small, Little",,,,,opp,corpus_sourashtradictionary
ம்ஹொவ்லினி,mhovlini,அணைத்தல்,Off,,,,,opp,corpus_sourashtradictionary
"பொ4வ்ரினி, தகி3னி","bhovrini, tagini","ஏற்றுதல், போடுதல்",On,,,,,opp,corpus_sourashtradictionary
ம்ஹௌஜாய்,mhaujaay,அழியும்,Will be extinct,,,,,opp,corpus_sourashtradictionary
ம்ஹௌஜானா,mhaujaanaa,அழியாது,Will be extant,,,,,opp,corpus_sourashtradictionary
மித்,mit,பொய்,"False, Lie",,,,,opp,corpus_sourashtradictionary
வாஸ்தவ்,vaastav,உண்மை,"True, Fact",,,,,opp,corpus_sourashtradictionary
முத்3தொ3,muddo,குழைந்த,Mushy,,,,,opp,corpus_sourashtradictionary
முது3ர்,mudur,முற்றல் (முத்தல்),Undercooked,,,,,opp,corpus_sourashtradictionary
முஸெஸ்,muses,முடிந்தது,Done,,,,,opp,corpus_sourashtradictionary
முஸெனி,museni,முடியவில்லை,Not done,,,,,opp,corpus_sourashtradictionary
மோஸ் கெரத்தெ,mOs keratte,ஏமாற்றுதல்,Cheating,,,,,opp,corpus_sourashtradictionary
மோஸ் ஜாத்தெ,mOs jaatte,ஏமாற்றப்படுதல்,Being cheated,,,,,opp,corpus_sourashtradictionary
ரொவ்வொ,rovvo,கொஞ்சம்,"Little, Bit",,,,,opp,corpus_sourashtradictionary
ஜு2க்கு,jhukku,அதிகம்,Lot,,,,,opp,corpus_sourashtradictionary
வெது3ர் ஸியெ,vedur siye,எதிர்பார்த்த,Expected,,,,,opp,corpus_sourashtradictionary
வெது3ர் ஸனா,vedur sanaa,எதிர்பாராத,Unexpected,,,,,opp,corpus_sourashtradictionary
ஸில்லொ,sillo,குளிர்ச்சி,Cold,,,,,opp,corpus_sourashtradictionary
ஹுன்னொ,hunno,சூடு,Hot,,,,,opp,corpus_sourashtradictionary
ஸுகி2ஞ்ஜினி,sukhinjjini,ஆடம்பரத்தை அனுபவித்தல்,Enjoying luxury,,,,,opp,corpus_sourashtradictionary
பொந்தி3னி,pondini,சிரமங்களை அனுபவித்தல்,Experiencing difficulties,,,,,opp,corpus_sourashtradictionary
ஸுட்டை,suTTai,"அகலும், விட்டுவிடும்","Will get rid of, Will stop",,,,,opp,corpus_sourashtradictionary
ஸுட்டுனா,suTTunaa,"அகலாது, விடாது","Will not get rid of, Will not stop",,,,,opp,corpus_sourashtradictionary
ஸெர்க்கொ,serkko,சரி,Right,,,,,opp,corpus_sourashtradictionary
மன்து,mantu,தவறு,Wrong,,,,,opp,corpus_sourashtradictionary
ஸெரய்,seray,"செல்லும், செல்லுபடியாகும்",Valid,,,,,opp,corpus_sourashtradictionary
ஸென்னா,sennaa,"செல்லாதது, செல்லாது",Invalid,,,,,opp,corpus_sourashtradictionary
ஹவ்ட3ன்,havDan,"நினைவு, ஞாபகம்","Memory, Remembrance",,,,,opp,corpus_sourashtradictionary
நிஸுர்,nisur,மறதி,Forgetfulness,,,,,opp,corpus_sourashtradictionary
ஹிட்டை,hiTTai,அவிழும்,Will get loose,,,,,opp,corpus_sourashtradictionary
ஹிட்டுனா,hiTTunaa,அவிழாது,Will not get loose,,,,,opp,corpus_sourashtradictionary
ஹுடொ3,huDo,குப்புற,Flat on stomach,,,,,opp,corpus_sourashtradictionary
நித்தொ,nitto,மல்லாக்க,Flat on back,,,,,opp,corpus_sourashtradictionary
ஹொல்லொ,hollo,மேலே,Over,,,,,opp,corpus_sourashtradictionary
க2ல்லொ,khallo,"கீழே, அடியில்",Under,,,,,opp,corpus_sourashtradictionary
ஹோட்3,hEaaD,இறுக்கம்,Tight,,,,,opp,corpus_sourashtradictionary
தி4ல்லொ,dhillo,தளர்ந்த,Loose,,,,,opp,corpus_sourashtradictionary
ஹந்த3வ்,handav,சமையல்,Cooking,,,,,kitchen,corpus_sourashtradictionary
ஹந்த3பு காம்,handapu kaam,சமையல் வேலை,Cooking work,,,,,kitchen,corpus_sourashtradictionary
சுல்லொ,cullo,அடுப்பு,"Stove, Oven",,,,,kitchen,corpus_sourashtradictionary
லைடா3 சுல்லொ,laiDaa cullo,விறகடுப்பு,Wood Stove,,,,,kitchen,corpus_sourashtradictionary
கொ2ள்ச்யா சுல்லொ,khoLcyaa cullo,கரி அடுப்பு,"Charcoal oven, Coke oven",,,,,kitchen,corpus_sourashtradictionary
கொட்பை சுல்லொ,koTpai cullo,கொடி அடுப்பு,Mud oven which receives heat indirectly,,,,,kitchen,corpus_sourashtradictionary
பௌ4னெஸ்,bhaunes,"கரி, விறகு & கொடி அடுப்புகள் ஒன்றாக இருக்கும் அடுப்பு மேடை",Stove platform with coal and wood oven,,,,,kitchen,corpus_sourashtradictionary
தி3க3ரம் சுல்லொ,digaram cullo,மண்ணெண்னை அடுப்பு,Kerosene Stove,,,,,kitchen,corpus_sourashtradictionary
வரா சுல்லொ,varaa cullo,காற்று அடுப்பு,Pump Stove,,,,,kitchen,corpus_sourashtradictionary
வாயு சுல்லொ,vaayu cullo,எரிவாயு அடுப்பு,Gas Stove,,,,,kitchen,corpus_sourashtradictionary
விஜிலி சுல்லொ,vijili cullo,மின்சார அடுப்பு,Electric Stove,,,,,kitchen,corpus_sourashtradictionary
துக்கிஸொட3ன் சுல்லொ,tukkisoDan cullo,தூண்டல் அடுப்பு,Induction Stove,,,,,kitchen,corpus_sourashtradictionary
ஸெனி,seni,வரட்டி,"Dry Cow dung, Argol",,,,,kitchen,corpus_sourashtradictionary
ராக்,raak,சாம்பல்,Ash,,,,,kitchen,corpus_sourashtradictionary
ப3ஸ்மொ,basmo,சாம்பல்,Ash,,,,,kitchen,corpus_sourashtradictionary
கொ2ள்செ,khoLce,கரி,"Charcoal, Coke",,,,,kitchen,corpus_sourashtradictionary
தி3க3ரம்,digaram,மண்ணெண்னை,Kerosene,,,,,kitchen,corpus_sourashtradictionary
லைடொ3,laiDo,விறகு,Firewood,,,,,kitchen,corpus_sourashtradictionary
லகு3டொ3,laguDo,விறகு,Firewood,,,,,kitchen,corpus_sourashtradictionary
லகு3டா3ப4ரொ,laguDaabharo,விறகு கட்டு,Wood bundle,,,,,kitchen,corpus_sourashtradictionary
செகு3லொ,cegulo,விறகு சிராய்,Chopped Firewood,,,,,kitchen,corpus_sourashtradictionary
ஸெகி3டி3,segiDi,"அக்கினி, நெருப்பு",Fire,,,,,kitchen,corpus_sourashtradictionary
அல்தொ,alto,"அக்கினி, நெருப்பு",Fire,,,,,kitchen,corpus_sourashtradictionary
குள்டொ,kuLTo,"கங்கு, தணல்","Burning Coke, Ember",,,,,kitchen,corpus_sourashtradictionary
விஸ்தெவ்,vistev,"கங்கு, தணல்","Burning Coke, Ember",,,,,kitchen,corpus_sourashtradictionary
விங்க3ள்,vinggaL,"கங்கு, தணல்","Burning Coke, Ember",,,,,kitchen,corpus_sourashtradictionary
பேட் லவத்தெ,pET lavatte,அடுப்பு பற்றவைத்தல்,Igniting Stove,,,,,kitchen,corpus_sourashtradictionary
பு2ணலி,phuNali,"ஊதுகுழல், ஊதாமனை",Blower,,,,,kitchen,corpus_sourashtradictionary
தூ4ம்,dhoom,புகை,"Smoke, Fume",,,,,kitchen,corpus_sourashtradictionary
கொ4ம்பு3ளொ,ghombuLo,இளஞ்சூடு,Warm,,,,,kitchen,corpus_sourashtradictionary
ஹத3ன்,hadan,"வடிகஞ்சியும், அரிசி கழுவிய நீரும் கலந்த புளித்த தண்ணீர்",Fermented water prepared with starch and rice washed water,,,,,kitchen,corpus_sourashtradictionary
ஹத3ன் தொ2வத்தெ,hadan thovatte,அரிசி சமைக்க தண்ணீரை கொதிக்க வைத்தல்,Boiling the water to cook rice,,,,,kitchen,corpus_sourashtradictionary
கே2ட்,khET,சமைத்த அரிசியின் சூடான கொதிநிலை,Hot boiling point of cooked rice,,,,,kitchen,corpus_sourashtradictionary
கெ2டி3னி,kheDini,கொதிநிலை,Boiling point,,,,,kitchen,corpus_sourashtradictionary
தப்பினி,tappini,கொதித்தல்,Boiling,,,,,kitchen,corpus_sourashtradictionary
வாப்,vaap,ஆவி,"Vapour, Steam",,,,,kitchen,corpus_sourashtradictionary
தவ்னி,tavni,உருகுதல்,Melting,,,,,kitchen,corpus_sourashtradictionary
தவை ஜாய்,tavai jaay,உருகி விடும்,Melt away,,,,,kitchen,corpus_sourashtradictionary
சுண்ட3ணி,cuNDaNi,சுடுதல்,Boiling hot,,,,,kitchen,corpus_sourashtradictionary
ஜெலஜெலனி,jelajelani,தகதகவென கொதித்தல்,Bubbling hot,,,,,kitchen,corpus_sourashtradictionary
ஹுப்3பி3னி,hubbini,பொங்குதல்,"Boiling, Overflowing, Effervescence",,,,,kitchen,corpus_sourashtradictionary
நிவ்னொ,nivno,பிரிமனை,Coir Rope Trivet,,,,,kitchen,corpus_sourashtradictionary
புட்3கி,puDki,கூடை,Palm leaf Basket,,,,,kitchen,corpus_sourashtradictionary
"ஹொகள், ஹொக3ள்","hokaL, hogaL",உரல்,"Mortar, Grinding Stone",,,,,kitchen,corpus_sourashtradictionary
து4ம்டாஹொகளு,dhumTaahokaLu,மர உரல்,Wooden mortar,,,,,kitchen,corpus_sourashtradictionary
சகி ஹொகள்,caki hokaL,இயந்திர உரல்,Grinder,,,,,kitchen,corpus_sourashtradictionary
ஒர்கு3லோ,orgulO,ஆட்டுக்கல்,Pounder,,,,,kitchen,corpus_sourashtradictionary
லுப்3லொ,lublo,ஆட்டுக்கல்,Pounder,,,,,kitchen,corpus_sourashtradictionary
லுப்3பு3ர்கய்லொ,lubburkaylo,ஆட்டுக்கல்,Pounder,,,,,kitchen,corpus_sourashtradictionary
ர்ஹெகு3டொ3,rheguDo,அரைக்கல்,Hand Mill,,,,,kitchen,corpus_sourashtradictionary
படொ,paTo,அம்மி,Metate,,,,,kitchen,corpus_sourashtradictionary
தெ3கு3டா3படொ,deguDaapaTo,கல் அம்மி,Metate,,,,,kitchen,corpus_sourashtradictionary
சகி படொ,caki paTo,இயந்திர அம்மி,Mixie,,,,,kitchen,corpus_sourashtradictionary
படா தெ3ய்டொ3,paTaa deyDo,அம்மிக் குழவி,Metate's pestle,,,,,kitchen,corpus_sourashtradictionary
முஸல்,musal,உலக்கை,Pestle,,,,,kitchen,corpus_sourashtradictionary
ஸொலொ,solo,உழக்கு,Measuring Cup,,,,,kitchen,corpus_sourashtradictionary
அட்3டொ3,aDDo,படி (அளவு),Full Measure,,,,,kitchen,corpus_sourashtradictionary
ஸுடொ3,suDo,முறம்,Winnowing basket,,,,,kitchen,corpus_sourashtradictionary
ஸுப்3டொ3,subDo,முறம்,Winnowing basket,,,,,kitchen,corpus_sourashtradictionary
ஸுலொ,sulo,சுடு சாதத்தை ஆற வைக்கும் வட்ட வடிவ முறம்,Winnowing basket,,,,,kitchen,corpus_sourashtradictionary
மொத்து,mottu,பருப்பு கடையும் மத்து,Dal Churner,,,,,kitchen,corpus_sourashtradictionary
கு3ஸிளி,gusiLi,தயிர் கடையும் மத்து,Curd Churner,,,,,kitchen,corpus_sourashtradictionary
சீஸ் அம்ப3ட்,cees ambaT,புளிக்காய்ச்சல்,Tamarind Rice Mix,,,,,kitchen,corpus_sourashtradictionary
சீஸு பொள்டொ,ceesu poLTo,புளிச்சக்கை,Squeezed Tamarind,,,,,kitchen,corpus_sourashtradictionary
நல்லி,nalli,குழாய்,Tap,,,,,kitchen,corpus_sourashtradictionary
ஜ2ன்னி,jhanni,"விளக்குமாறு, துடைப்பம்","Broomstick, Besom",,,,,kitchen,corpus_sourashtradictionary
பூலு ஜ2ன்னி,poolu jhanni,பூந்துடப்பம்,Grass Broom,,,,,kitchen,corpus_sourashtradictionary
நலரு ஜ2ன்னி,nalaru jhanni,தென்னந்துடப்பம்,Coconut Palm Broom,,,,,kitchen,corpus_sourashtradictionary
ஜ2ன்னி க2ட்டி,jhanni khaTTi,ஈர்க்குச்சி,"Broom stick, Rib of a palm leaf",,,,,kitchen,corpus_sourashtradictionary
ஸெக்கலு க2ட்டி,sekkalu khaTTi,கோரைப்புல் குச்சி,Dry can stick,,,,,kitchen,corpus_sourashtradictionary
குப்பொ,kuppo,குப்பை,"Garbage, Trash, Waste, Junk",,,,,kitchen,corpus_sourashtradictionary
ட3ப்3பொ3,Dabbo,தொட்டி,Bin,,,,,kitchen,corpus_sourashtradictionary
"சிகு3ட்டொ, சிவுட்டொ","ciguTTo, civuTTo","பிசுபிசுப்பு, ஒட்டுதல்","Viscous, Sticky",,,,,kitchen,corpus_sourashtradictionary
முறி பொ3ட்டொ,muri boTTo,அழுக்குத்துணி,Kitchen Towel,,,,,kitchen,corpus_sourashtradictionary
மொஸுரா பொ3ட்டொ,mosuraa boTTo,கைப்பிடித்துணி,Kitchen Towel,,,,,kitchen,corpus_sourashtradictionary
மெனிக்,menik,மனிதன்,"Man, Human, Person",,,,,people,corpus_sourashtradictionary
ஜனு,janu,"நபர், ஆள்",Person,,,,,people,corpus_sourashtradictionary
நரொ,naro,ஆண்,Male,,,,,people,corpus_sourashtradictionary
மென்க்யான்,menkyaan,மக்கள்,People,,,,,people,corpus_sourashtradictionary
ஒண்டியாள்,oNTiyaaL,"மணமாகாதவர், தனியாள்","Bachelor, Single Person",,,,,people,corpus_sourashtradictionary
அனாதி3,anaadi,அனாதை,Orphan,,,,,people,corpus_sourashtradictionary
ஶ்ரிமான்,ssrimaan,திருவாளர்,"Mister, Mr",,,,,people,corpus_sourashtradictionary
கௌமரி,kaumari,செல்வி,Miss,,,,,people,corpus_sourashtradictionary
களயத்தெனு,kaLayattenu,தெரிந்தவர்,"Known person, Familiar",,,,,people,corpus_sourashtradictionary
களானாத்தெனு,kaLaanaattenu,அந்நியர்,Stranger,,,,,people,corpus_sourashtradictionary
பள்கார்,paLkaar,ஸௌராஷ்டிரர்,Sourashtrian,,,,,people,corpus_sourashtradictionary
ஸுதி3,sudi,"புத்திசாலி, அறிஞர்","Wise, Scholar, Shrewd",,,,,people,corpus_sourashtradictionary
ஸுதி4,sudhi,"புத்திசாலி, அறிஞர்","Wise, Scholar, Shrewd",,,,,people,corpus_sourashtradictionary
ஒள்ட்யான்,oLTyaan,"புத்திசாலி, அறிஞர்","Wise, Scholar, Shrewd",,,,,people,corpus_sourashtradictionary
கு3ரு,guru,"ஆசான், குரு",Preceptor,,,,,people,corpus_sourashtradictionary
ஶிஷ்யொ,ssishyo,சிஷ்யன்,Disciple,,,,,people,corpus_sourashtradictionary
ஸத்குலி,satkuli,நல்ல குலத்தில் பிறந்தவர்,Born into a good clan,,,,,people,corpus_sourashtradictionary
ஸதா3சாரி,sadaacaari,"ஆசாரத்துடன் இருப்பவர், புனிதர்",Saint,,,,,people,corpus_sourashtradictionary
பெள4து3ல்,peLadul,"சந்நியாசி, துறவி","Ascetic, Saint",,,,,people,corpus_sourashtradictionary
ருஷி,rushi,தபசி,Sage,,,,,people,corpus_sourashtradictionary
யோகி3,yOgi,யோகி,Yogi,,,,,people,corpus_sourashtradictionary
ஹோதொ,hOto,யாகம் செய்பவர்,Sacrificer,,,,,people,corpus_sourashtradictionary
மௌனி,mauni,"முனிவர், ஞானி",Sage,,,,,people,corpus_sourashtradictionary
ப்ராஜ்ஞொ,praajnjo,"முனிவர், ஞானி",Sage,,,,,people,corpus_sourashtradictionary
ஜ்ஞானி,jnjaani,"முனிவர், ஞானி",Sage,,,,,people,corpus_sourashtradictionary
ஞானி,njaani,"முனிவர், ஞானி",Sage,,,,,people,corpus_sourashtradictionary
ஸுதா3க3மி,sudaagami,முக்தி பெறுபவர்,Recipient of salvation,,,,,people,corpus_sourashtradictionary
ஆஸ்திகொ,aastiko,ஆத்திகர்,Theist,,,,,people,corpus_sourashtradictionary
நாஸ்திகொ,naastiko,நாத்திகர்,Atheist,,,,,people,corpus_sourashtradictionary
நித்லொ,nitlo,"நியாயவான், நீதி சொல்பவர்",Judge,,,,,people,corpus_sourashtradictionary
வித்லொ,vitlo,புத்திமதி சொல்பவர்,Counselor,,,,,people,corpus_sourashtradictionary
நிபூ3ஸ்,niboos,உண்மை பேசுபவர்,Truth speaking man,,,,,people,corpus_sourashtradictionary
ஸத்யவாதி3,satyavaadi,நேர்மையானவர்,Honest,,,,,people,corpus_sourashtradictionary
மதி,mati,அறிவு,Knowledge,,,,,people,corpus_sourashtradictionary
ஹெட்3டே3,heDDE,அசடு,Stupid,,,,,people,corpus_sourashtradictionary
பு2ட்கோ தோன்,phuTkO tOn,ஓட்டை வாயன்,"Blabbermouth, Gossiper",,,,,people,corpus_sourashtradictionary
கெ4டி3கெத்தொ,gheDiketto,"புத்திசாலி, சாமர்த்தியசாலி","Intelligent, Clever, Smart, Dexterous, Cute",,,,,people,corpus_sourashtradictionary
கெ4டி3கெத்தான்,gheDikettaan,"புத்திசாலி, சாமர்த்தியசாலி","Intelligent, Clever, Smart, Dexterous, Cute",,,,,people,corpus_sourashtradictionary
பு3த்3தி4மான்,buddhimaan,"புத்திசாலி, சாமர்த்தியசாலி","Intelligent, Clever, Smart, Dexterous, Cute",,,,,people,corpus_sourashtradictionary
ரூபவதி,roopavati,அழகான பெண்,Pretty Woman,,,,,people,corpus_sourashtradictionary
ரூபி,roopi,அழகானவர்,Handsome,,,,,people,corpus_sourashtradictionary
மன்மது2,manmathu,மன்மதன்,Cupid,,,,,people,corpus_sourashtradictionary
திருவாலி,tiruvaali,குறும்புக்காரன்,Mischievous,,,,,people,corpus_sourashtradictionary
கொவ்ரொ,keaavreaa,"போக்கிரி, துஷ்டன்","Hooligan, Rowdy",,,,,people,corpus_sourashtradictionary
கௌரி,kauri,"அரக்கன், தரித்திரன், பொல்லாதவன்","Giant, Poor, Crooked, Wicked",,,,,people,corpus_sourashtradictionary
கௌரிணி,kauriNi,பொல்லாத பெண்,Wicked woman,,,,,people,corpus_sourashtradictionary
ம்ஹூடொ3,mhooDo,"முட்டாள், மூடன்","Fool, Idiot, Stupid, Unwise, Dull",,,,,people,corpus_sourashtradictionary
மூர்கு2,moorkhu,"முட்டாள், மூடன்","Fool, Idiot, Stupid, Unwise, Dull",,,,,people,corpus_sourashtradictionary
மொகி3,mogi,"முட்டாள், மூடன்","Fool, Idiot, Stupid, Unwise, Dull",,,,,people,corpus_sourashtradictionary
விஸ்னாரு,visnaaru,மறப்பவர்,"One who forgets, Absent minded",,,,,people,corpus_sourashtradictionary
நிராமயொ,niraamayo,களங்கம் இல்லாதவர்,Untainted,,,,,people,corpus_sourashtradictionary
கு3ணி,guNi,நல்ல குணமுடையவர்,Good-natured,,,,,people,corpus_sourashtradictionary
தா3த்ருப்பன்,daatruppan,தயாள குணம்,Generosity,,,,,people,corpus_sourashtradictionary
த4ர்மிஷ்டி2,dharmishThi,தர்மவான்,Righteous,,,,,people,corpus_sourashtradictionary
க3ரி,gari,சிறந்தவர்,"Best person, The best",,,,,people,corpus_sourashtradictionary
உத்தம,uttama,சிறந்தவர்,"Best person, The best",,,,,people,corpus_sourashtradictionary
ஸூரி,soori,"கற்றவர், படித்தவர்","Learnt person, Educated",,,,,people,corpus_sourashtradictionary
வித்3யாவி,vidyaavi,"கற்றவர், படித்தவர்","Learnt person, Educated",,,,,people,corpus_sourashtradictionary
ஶாஸ்த்ரி,ssaastri,சாஸ்திரங்களை கற்றவர்,Well-versed in Shastras,,,,,people,corpus_sourashtradictionary
ப2ங்கு3ல்னார்,phanggulnaar,நட்பான நபர்,Friendly person,,,,,people,corpus_sourashtradictionary
ப்ரியவாதீ3,priyavaadee,அன்பாக பேசுபவர்,Kindly speaking person,,,,,people,corpus_sourashtradictionary
வாக்3மி,vaagmi,பேச்சாற்றல் மிக்கவர்,Eloquent,,,,,people,corpus_sourashtradictionary
முர்ஸுனார்,mursunaar,முன்யோசனை கொண்டவர்,Foresighted,,,,,people,corpus_sourashtradictionary
ஜக்3னார்,jagnaar,விழிப்புடன் இருப்பவர்,One who is vigilant,,,,,people,corpus_sourashtradictionary
அல்புடு3,alpuDu,"அல்பத்தனமானவன், குறுகிய மனப்பான்மை உடையவர்","Mean minded, Narrow-minded",,,,,people,corpus_sourashtradictionary
ஒஞ்ச்லொ,onjclo,ஏமாற்றுபவர்,"Deceiver, Cheater",,,,,people,corpus_sourashtradictionary
வஞ்சகொ,vanjcako,ஏமாற்றுபவர்,"Deceiver, Cheater",,,,,people,corpus_sourashtradictionary
கொ2ப3டு வெஷம்,khobaTu vesham,மாறுவேடம்,Disguise,,,,,people,corpus_sourashtradictionary
மௌஜடு3,maujaDu,திமிர் / கர்வம் பிடித்தவன்,Arrogant fellow,,,,,people,corpus_sourashtradictionary
மௌஜொ,maujo,திமிர் / கர்வம் பிடித்தவன்,Arrogant fellow,,,,,people,corpus_sourashtradictionary
த4னவந்து,dhanavantu,"செல்வந்தர், பணக்காரர்","Rich person, Wealthy",,,,,people,corpus_sourashtradictionary
த4னி,dhani,"செல்வந்தர், பணக்காரர்","Rich person, Wealthy",,,,,people,corpus_sourashtradictionary
ப்ரபு4,prabhu,பிரபு,"Lord, Aristocrat",,,,,people,corpus_sourashtradictionary
ஸௌக்2யாவி,saukhyaavi,வசதியாக வாழ்பவர்,Who lives comfortably,,,,,people,corpus_sourashtradictionary
பா4க்3யவந்து,bhaagyavantu,கொடுத்து வைத்தவர்,Blessed person,,,,,people,corpus_sourashtradictionary
கௌ2ணுலொ,khauNulo,அனுபவிப்பவர்,Enjoyer,,,,,people,corpus_sourashtradictionary
து3ர்ப3ள்,durbaL,ஏழை,Poor,,,,,people,corpus_sourashtradictionary
நிர்த4னி,nirdhani,ஏழை,Poor,,,,,people,corpus_sourashtradictionary
தெ3ள்ட்3ரி,deLDri,"தரித்திரன், மந்தமான, சோம்பேறி","Sluggard, Lazy, Poor",,,,,people,corpus_sourashtradictionary
தெ2ள்ரி தெ4ரெத்தெனொ,theLri dheretteno,தரித்திரம் பிடித்தவன்,Destitute person,,,,,people,corpus_sourashtradictionary
தெ3கு3ல்பாதி3,degulpaadi,ஒன்றுக்கும் உதவாதன்,Good for nothing person,,,,,people,corpus_sourashtradictionary
தா3ரித்3ரு,daaridru,தரித்திரன்,Poor,,,,,people,corpus_sourashtradictionary
ஹிடொ3,hiDo,"அரக்கன், தரித்திரன்","Giant, Monster, Poor",,,,,people,corpus_sourashtradictionary
லூப்3து3,loobdu,"கஞ்சன், கருமி","Miser, Stingy",,,,,people,corpus_sourashtradictionary
லோபி4,lObhi,"கஞ்சன், கருமி","Miser, Stingy",,,,,people,corpus_sourashtradictionary
"பீ4கு3, பீ4க், பீ4ம்","bheegu, bheek, bheem",பிச்சை,"Begging, Alms",,,,,people,corpus_sourashtradictionary
பி4க3ரெ,bhigare,பிச்சைக்காரன்,Beggar,,,,,people,corpus_sourashtradictionary
பி4யரெ,bhiyare,பிச்சைக்காரன்,Beggar,,,,,people,corpus_sourashtradictionary
பீ4ம் மகத்தெனொ,bheem makatteno,பிச்சைக்காரன்,Beggar,,,,,people,corpus_sourashtradictionary
மித்ரு,mitru,"தோழன், நண்பர்","Friend, Buddy, Mate, Companian",,,,,people,corpus_sourashtradictionary
மித்ருப்பன்,mitruppan,நட்பு,Friendship,,,,,people,corpus_sourashtradictionary
ஸிங்க3ய்த்,singgayt,"தோழன், நண்பர்","Boy Friend, Friend, Buddy, Mate, Companian",,,,,people,corpus_sourashtradictionary
ஸிங்க3தி,singgati,தோழி,Girl Friend,,,,,people,corpus_sourashtradictionary
திகு3லொ,tigulo,"பகைவன், எதிரி",Enemy,,,,,people,corpus_sourashtradictionary
வைரி,vairi,"பகைவன், எதிரி",Enemy,,,,,people,corpus_sourashtradictionary
ஶத்ரு,ssatru,"பகைவன், எதிரி",Enemy,,,,,people,corpus_sourashtradictionary
பராக்ரமொ,paraakramo,வீரம்,"Valor, Guts, Prowess, Heroism",,,,,people,corpus_sourashtradictionary
பராக்ரமஶாலி,paraakramassaali,"வீரன், வீரம் மிக்கவர்","Valorous, Brave man",,,,,people,corpus_sourashtradictionary
தீ4ர்,dheer,"வீரன், வீரம் மிக்கவர்","Valorous, Brave man",,,,,people,corpus_sourashtradictionary
தீ4ரம்,dheeram,"துணிச்சல், தைரியம்","Braveness, Courageous, Boldness, Bold, Bravery",,,,,people,corpus_sourashtradictionary
ஸவ்ஷிணி,savshiNi,"துணிச்சல், தைரியம்","Braveness, Courageous, Boldness, Bold, Bravery",,,,,people,corpus_sourashtradictionary
தீ4ரப்பன்,dheerappan,"துணிச்சல், தைரியம்","Braveness, Courageous, Boldness, Bold, Bravery",,,,,people,corpus_sourashtradictionary
த்4ருதி,dhruti,"துணிச்சல், தைரியம்","Braveness, Courageous, Boldness, Bold, Bravery",,,,,people,corpus_sourashtradictionary
தி4டௌ,dhiTau,"துணிச்சல், தைரியம்","Braveness, Courageous, Boldness, Bold, Bravery",,,,,people,corpus_sourashtradictionary
தெ4ய்ரியம்,dheyriyam,"துணிச்சல், தைரியம்","Braveness, Courageous, Boldness, Bold, Bravery",,,,,people,corpus_sourashtradictionary
த4க்கிலெ,dhakkile,"கோழை, பயந்தவன்","Timid, Coward, Afraid",,,,,people,corpus_sourashtradictionary
தி4ல்ல,dhilla,"மோசமான, கேடு கெட்ட","Harmful, Worst, Wicked, Poor",,,,,people,corpus_sourashtradictionary
து3ர்,dur,"மோசமான, கெட்ட","Bad, Wicked, Ill",,,,,people,corpus_sourashtradictionary
ஶின்னு,ssinnu,"மோசமான, கெட்ட","Bad, Wicked, Ill",,,,,people,corpus_sourashtradictionary
பாதகி,paataki,பாவி,Sinner,,,,,people,corpus_sourashtradictionary
ஹுபா4வி,hubhaavi,அப்பாவி,Innocent / Naive,,,,,people,corpus_sourashtradictionary
பரஸ்த்ரி,parastri,பிறரின் மனைவி,Other's wife,,,,,people,corpus_sourashtradictionary
காமீ,kaamee,பெண் பித்தன்,Womenizer,,,,,people,corpus_sourashtradictionary
ஸ்த்ரீ லோலு,stree lOlu,பெண் பித்தன்,Womenizer,,,,,people,corpus_sourashtradictionary
விது4ரொ,vidhuro,மனைவியை இழந்தவன்,Widower,,,,,people,corpus_sourashtradictionary
முண்டொ3,muNDo,விதவை,Widow,,,,,people,corpus_sourashtradictionary
ரட்3வி,raDvi,விதவை,Widow,,,,,people,corpus_sourashtradictionary
ராடொ3,raaDo,விதவை,Widow,,,,,people,corpus_sourashtradictionary
கொ3ட்3டு,goDTu,"மலடி, மலடு","Infertile woman, Barren woman",,,,,people,corpus_sourashtradictionary
வந்த்4யொ,vandhyo,"மலடி, மலடு","Infertile woman, Barren woman",,,,,people,corpus_sourashtradictionary
வந்தி3,vandi,"மலடி, மலடு","Infertile woman, Barren woman",,,,,people,corpus_sourashtradictionary
பொண்டு3கொ3,poNDugo,அலி,Eunuch,,,,,people,corpus_sourashtradictionary
நபும்ஸொ,napumso,அலி,Eunuch,,,,,people,corpus_sourashtradictionary
முகுளொ,mukuLo,ஊமை,Dumb,,,,,people,corpus_sourashtradictionary
செவுட்,cevuT,காது கேளாதவன்,Male Deaf,,,,,people,corpus_sourashtradictionary
செவ்டி3ன்,cevDin,காது கேளாதவள்,Female Deaf,,,,,people,corpus_sourashtradictionary
ஒட்3டி3,oDDi,குருடன்,Blind,,,,,people,corpus_sourashtradictionary
அந்து3,andu,குருடன்,Blind,,,,,people,corpus_sourashtradictionary
கு3ட்3டெ3,guDDe,குருடன்,Male Blind,,,,,people,corpus_sourashtradictionary
கு3ட்டி3,guTDi,குருடி,Female Blind,,,,,people,corpus_sourashtradictionary
கெகுடொ3,kekuDo,"ஓரக்கண்ணன், மாறுகண்",Squint eyed person,,,,,people,corpus_sourashtradictionary
ஒரக்கு,orakku,"ஓரக்கண்ணன், மாறுகண்",Squint eyed person,,,,,people,corpus_sourashtradictionary
கி3ட்3டொ3,giDDo,குள்ளன்,"Dwarf, Midget",,,,,people,corpus_sourashtradictionary
மொண்டி3,moNDi,கை இல்லாதவன்,Handicap,,,,,people,corpus_sourashtradictionary
நொண்டி3,noNDi,முடவன்,Lame,,,,,people,corpus_sourashtradictionary
பங்கு,pangku,"முடவன், நொண்டி",Lame,,,,,people,corpus_sourashtradictionary
லொவ்லெ,lovle,மெலிந்தவன்,Lean Man,,,,,people,corpus_sourashtradictionary
லொவ்லின்,lovlin,மெலிந்தவள்,Lean Lady,,,,,people,corpus_sourashtradictionary
பொ4த்தொ,bhotto,குண்டானவன்,Fat Man,,,,,people,corpus_sourashtradictionary
பொ4த்தி,bhotti,குண்டானவள்,Fat Lady,,,,,people,corpus_sourashtradictionary
கூஸொ,kooso,"இளைத்த, மெலிந்த",Lean,,,,,people,corpus_sourashtradictionary
பிஸொ,piso,பைத்தியக்காரன்,"Male Lunatic, Insane, Mad, Mental, Psycho",,,,,people,corpus_sourashtradictionary
பிஸி,pisi,பைத்தியக்காரி,"Female Lunatic, Insane, Mad, Mental, Psycho",,,,,people,corpus_sourashtradictionary
பிஸொவெளு,pisoveLu,பைத்தியம்,"Insane, Lunatic, Mad, Mental, Psycho",,,,,people,corpus_sourashtradictionary
ஹத்3து3புத்3தி4,haddupuddhi,"பைத்தியம், பைத்தியக்காரர்","Insane, Lunatic, Mad, Mental, Psycho",,,,,people,corpus_sourashtradictionary
"பிஸத்தனம் ஹொயெ, பிஸொ க4லய","pisattanam hoye, piso ghalaya","பைத்தியம் பிடித்த, பைத்தியக்காரத்தனமான",Crazy,,,,,people,corpus_sourashtradictionary
மூகோ3,moogO,கூட்டம்,Crowd,,,,,people,corpus_sourashtradictionary
கு3ம்பு,gumpu,கும்பல்,Mob,,,,,people,corpus_sourashtradictionary
ஜெதொ3,jedo,குழு,"Crowd, Group",,,,,people,corpus_sourashtradictionary
இதருன்,itarun,பிறர்,Others,,,,,people,corpus_sourashtradictionary
காரகொ,kaarako,"காரணமானவன், காரணகர்த்தா",Causal,,,,,people,corpus_sourashtradictionary
ஒஜனொ,ojano,"ஒருவர், ஒரு நபர்","A person, One person",,,,,people,corpus_sourashtradictionary
ஓகோகுன்,OkOkun,"ஒன்றுக்கொன்று, ஒருவருக்கொருவர்",Each other,,,,,people,corpus_sourashtradictionary
எஜமான்,ejamaan,முதலாளி,Owner,,,,,people,corpus_sourashtradictionary
கிங்கரொ,kingkareaa,அடிமை,Slave,,,,,people,corpus_sourashtradictionary
தே3ஶப4க்தொ,dEssabhakto,தேசபக்தர்,Patriot,,,,,people,corpus_sourashtradictionary
ஸ்வயஸேவகொ,svayasEvako,"தொண்டர், தன்னார்வலர்",Volunteer,,,,,people,corpus_sourashtradictionary
த்3ரோஹி,drOhi,துரோகி,"Traitor, Betrayer",,,,,people,corpus_sourashtradictionary
பக்ஷவந்து,pakshavantu,சார்புடையோர்,Biased person,,,,,people,corpus_sourashtradictionary
பிஸ்ன,pisna,"புறம் கூறுதல், அவதூறு சொல்லுதல்","Slanderer, Talking behind someone's back",,,,,people,corpus_sourashtradictionary
துண்டவத்தொ,tuNTavatto,வீண்பேச்சு,Gossip,,,,,people,corpus_sourashtradictionary
அபராதி4,aparaadhi,குற்றம்சாட்டப்பட்டவர்,Accused,,,,,people,corpus_sourashtradictionary
நிரபராதி4,niraparaadhi,"அப்பாவி, குற்றமற்றவர்",Innocent,,,,,people,corpus_sourashtradictionary
ஸதா2சாரி,sathaacaari,ஆணைப்படி நடப்பவர்,One who goes by order,,,,,people,corpus_sourashtradictionary
தொப்புனாரு,toppunaaru,மீறுபவர்,Breacher,,,,,people,corpus_sourashtradictionary
லுன்டுனாரு,lunTunaaru,மீறுபவர்,Breacher,,,,,people,corpus_sourashtradictionary
ஹின்டுனாரு,hinTunaaru,மீறுபவர்,Breacher,,,,,people,corpus_sourashtradictionary
கொ2ப்4ரீ,khobhree,"அமரர், இறந்த நபர்",Dead person,,,,,people,corpus_sourashtradictionary
எமுட்3,emuD,எமன்,"Yama, Deity of death",,,,,people,corpus_sourashtradictionary
பூ4த்,bhoot,"பூதம், பேய்","Troll, Ghost, Demon",,,,,people,corpus_sourashtradictionary
க3மைதுன்,gamaitun,கிராம மக்கள்,The villagers,,,,,people,corpus_sourashtradictionary
அன்னத்துரோ,annatturO,வேறுமொழி பேசுபவர்,Who speak other language,,,,,people,corpus_sourashtradictionary
தொ3ங்க3ர்கா3ம்கெரி,donggargaamkeri,மலையாளி,One who speaks Malayalam,,,,,people,corpus_sourashtradictionary
தெலுங்கொ3,telunggo,தெலுங்கர்,One who speaks Telugu,,,,,people,corpus_sourashtradictionary
பொ2ருங்கி,phorungki,வெள்ளையர்,"A foreigner, especially a British or a white person",,,,,people,corpus_sourashtradictionary
வனெ,vane,வன்னியர்,Vanniar,,,,,people,corpus_sourashtradictionary
ஸணார்,saNaar,நாடார்,Nadar,,,,,people,corpus_sourashtradictionary
பௌ4ணொ,bhauNo,பிராமணன்,Male Brahmin,,,,,people,corpus_sourashtradictionary
பௌ4ணி,bhauNi,பிராமணத்தி,Female Brahmin,,,,,people,corpus_sourashtradictionary
ஐடெ3,aiDe,"அந்நியர், பிராமணர் அல்லாதவர்","Stranger, Non-brahmin",,,,,people,corpus_sourashtradictionary
மொவ்ரொ,movro,மறவன்,Male Knight,,,,,people,corpus_sourashtradictionary
ஐய்யோ,aiyyO,அய்யர்,"Purohit, Priest",,,,,people,corpus_sourashtradictionary
மொவ்ரின்,movrin,மறத்தி,Female Knight,,,,,people,corpus_sourashtradictionary
ஒட்3டெ3,oDDe,ஒட்டன்,Male Scavenger,,,,,people,corpus_sourashtradictionary
ஒட்3டி3ன்,oDDin,ஒட்டச்சி,Female Scavenger,,,,,people,corpus_sourashtradictionary
து4ர்கெ3,dhurge,சக்கிலியர் / அருந்ததியர்,Arunthathiyar,,,,,people,corpus_sourashtradictionary
ம்ஹர்கெ3,mharge,பட்டியலின ஆண்,SC Male,,,,,people,corpus_sourashtradictionary
ம்ஹர்கி3ன்,mhargin,பட்டியலின பெண்,SC Female,,,,,people,corpus_sourashtradictionary
துர்கொ3,turgo,முஸ்லிம்,Muslim,,,,,people,corpus_sourashtradictionary
துட்3யான்,tuDyaan,முஸ்லிம்,Muslim,,,,,people,corpus_sourashtradictionary
துடெ3,tuDe,முஸ்லிம் ஆண்,Male Muslim,,,,,people,corpus_sourashtradictionary
துடி3ன்,tuDin,முஸ்லிம் பெண்,Female Muslim,,,,,people,corpus_sourashtradictionary
அய்டெ3,ayDe,தமிழன்,Male who speaks Tamil,,,,,people,corpus_sourashtradictionary
அய்டி3ன்,ayDin,தமிழச்சி,Female who speaks Tamil,,,,,people,corpus_sourashtradictionary
கொ2லாபா3த்கெரொ,kholaabaatkero,நரிக்குறவன்,Male Wanderer,,,,,people,corpus_sourashtradictionary
கொ2லாபா3த்கெரின்,kholaabaatkerin,நரிக்குறத்தி,Female Wanderer,,,,,people,corpus_sourashtradictionary
வனஸ்பதி,vanaspati,தாவரம்,Plant,,,,,plants,corpus_sourashtradictionary
ஹாகு,haaku,"தோப்பு, தோட்டம்","Grove, Garden",,,,,plants,corpus_sourashtradictionary
ஜீ2னு,jheenu,தோட்டம்,Garden,,,,,plants,corpus_sourashtradictionary
கொ3வத்,govat,வைக்கோல்,Hay,,,,,plants,corpus_sourashtradictionary
கொ3வது பெடொ3,govatu peDo,வைக்கோல் போர்,Haystack,,,,,plants,corpus_sourashtradictionary
பொஸ்கெ,poske,புல்,Grass,,,,,plants,corpus_sourashtradictionary
நௌஸு,nausu,புல்,Grass,,,,,plants,corpus_sourashtradictionary
த்ருணொ,truNo,"புல், கோரை புல், நாணல்","Grass, Reed",,,,,plants,corpus_sourashtradictionary
கா4ஸ்,ghaas,காய்ந்த புல்,Dried grass,,,,,plants,corpus_sourashtradictionary
ஹரளி,haraLi,பசும்புல்,Green grass,,,,,plants,corpus_sourashtradictionary
ஹரளி பான்,haraLi paan,அருகம்புல்,Scutch grass,,,,,plants,corpus_sourashtradictionary
த3ர்பொ3,darbo,நாணல்,Reed,,,,,plants,corpus_sourashtradictionary
ஹொக3து பான்,hogatu paan,மூலிகை,Herb,,,,,plants,corpus_sourashtradictionary
கொப்3பு3,kobbu,கரும்பு,Sugarcane,,,,,plants,corpus_sourashtradictionary
பிஸ்கலு கொப்3பு3,piskalu kobbu,சாறில்லா கரும்பு,Red Stained Sugarcane,,,,,plants,corpus_sourashtradictionary
கல்பவ்ருக்ஷொ,kalpavruksho,கற்பக விருட்சம்,The tree that grants any boon,,,,,plants,corpus_sourashtradictionary
ஜா2ட்3,jhaaD,மரம்,Tree,,,,,plants,corpus_sourashtradictionary
ஜ2ட்கி,jhaTki,செடி,Shrubs,,,,,plants,corpus_sourashtradictionary
வேல்,vEl,கொடி,Creeper,,,,,plants,corpus_sourashtradictionary
கு3ல்மொ,gulmo,புதர்,Bush,,,,,plants,corpus_sourashtradictionary
ஸுனாஸதி,sunaasati,காளான்,Mushroom,,,,,plants,corpus_sourashtradictionary
கு3மாரு,gumaaru,கற்றாழை,"Cactus, Aloe vera, Aloevera, Alovera",,,,,plants,corpus_sourashtradictionary
அந்த்யால்,antyaal,ஆமணக்கு,Castor,,,,,plants,corpus_sourashtradictionary
இந்த்3ரானி கைலொ,indraani kailo,குமிட்டி காய்,Colocynth,,,,,plants,corpus_sourashtradictionary
துடா3 ஜ3ட்கி,tuDaa jaTki,ஊமத்தம் செடி,"Devil's trumpet, Jimsonweeds",,,,,plants,corpus_sourashtradictionary
குப்பியாபான்,kuppiyaapaan,குப்பைமேனி இலை,Indian Copperleaf,,,,,plants,corpus_sourashtradictionary
கென்னர்,kennar,அரளி,Oleander,,,,,plants,corpus_sourashtradictionary
கெரதினி,keratini,கடுக்காய்,Myrobalan,,,,,plants,corpus_sourashtradictionary
கெ3ன்னேரி,gennEri,கஸ்தூரி மஞ்சள்,"Orange Ginger, Hidden-Lilies",,,,,plants,corpus_sourashtradictionary
நெர்கு3டு3,nerguDu,நொச்சி,Chaste tree,,,,,plants,corpus_sourashtradictionary
பிஸ தொ2ள்சி,pisa thoLci,நாய்த்துளசி,"American Basil, Lemon basil",,,,,plants,corpus_sourashtradictionary
லயெத் வட்னி,layet vaTni,தொட்டா சிணுங்கி,"Touch me not, Shame Plant",,,,,plants,corpus_sourashtradictionary
லுஸ்கின் ஜ2ட்கி,luskin jhaTki,எருக்கஞ்செடி,Milkweeds,,,,,plants,corpus_sourashtradictionary
ஜிலி,jili,"பாசி, பூஞ்சை","Algae, Fungus, Moss",,,,,plants,corpus_sourashtradictionary
நல்லு,nallu,வெட்டிவேர்,Vetiver,,,,,plants,corpus_sourashtradictionary
பீகு,peeku,பயிர்,Crop,,,,,plants,corpus_sourashtradictionary
சொரா பீகு,coraa peeku,தீவனப் பயிர்,Fodder crop,,,,,plants,corpus_sourashtradictionary
கே2து,khEtu,வயல்,Field,,,,,plants,corpus_sourashtradictionary
நாக3டிசாலு,naagaTicaalu,"படைச்சால், உழவுசால்",Furrow irrigation,,,,,plants,corpus_sourashtradictionary
ரௌணி,rauNi,ஏற்றம்,Waterlifting device,,,,,plants,corpus_sourashtradictionary
ஸடொ,saTo,ஏற்றம்,Waterlifting device,,,,,plants,corpus_sourashtradictionary
மஸ்து,mastu,உரம்,"Manure, Compost, Fertilizer",,,,,plants,corpus_sourashtradictionary
பா3ஞ்ஜி,baanjji,"பாசி, பூஞ்சை","Algae, Fungus, Moss",,,,,plants,corpus_sourashtradictionary
தீ3ஸ்,dees,திசை,Direction,ஆட் தீ3ஸுன் ஸே,aaT deesun sE,எட்டு திசைகள் உள்ளன,There are eight directions,direction,corpus_sourashtradictionary
தி3க்கு,dikku,திசை,Direction,தி3க்குனுக் தெ3க்கி தெ4ரத்தக் காந்தொ நுக3ஸு,dikkunuk dekki dherattak kaanto nugasu,திசைகளை கண்டறிய காந்தம் உபயோகப்படுகிறது,The magnet is used to find directions,direction,corpus_sourashtradictionary
கௌ2னஸ்,khaunas,கிழக்கு,East,ஸுரித் கௌ2னஸும் நிகு3லயி,surit khaunasum nigulayi,சூரியன் கிழக்கில் உதிக்கும்,The sun will rise in the east,direction,corpus_sourashtradictionary
ஹொஸ்தொ,hosto,மேற்கு,West,ஸுரித் ஹொஸ்தாம் ஜ2கா3யி,surit hostaam jhagaayi,சூரியன் மேற்கில் மறையும்,The sun sets in the west,direction,corpus_sourashtradictionary
உத்தர்,uttar,வடக்கு,North,ஹிமகி3ரி பா4ரதுக் உத்தரும் ஸே,himagiri bhaaratuk uttarum sE,இமயமலை இந்தியாவின் வடக்கே உள்ளது,The Himalayas are located in the north of India,direction,corpus_sourashtradictionary
தெ3க்ஷண்,dekshaN,தெற்கு,South,கன்யாகுமரி தெ3க்ஷண் பொகட் ஸே,kanyaakumari dekshaN pokaT sE,கன்னியாகுமரி தெற்கில் உள்ளது,Kanyakumari is in the south,direction,corpus_sourashtradictionary
அக்3னி,agni,தென்கிழக்கு,South East,அக்3னிமூலோஸி ஹந்த3வ் தௌரமுக் செர்க்க ஹொயெ தா2மு,agnimoolOsi handav tauramuk cerkka hoye thaamu,தென்கிழக்குதான் சமையலறைக்கு சரியான இடம்,Southeast is the perfect place for a kitchen,direction,corpus_sourashtradictionary
நைருதி,nairuti,தென்மேற்கு,South West,நைருத்யா பொவ்ஸுகலம் ஜூன் ம்ஹடா3ம் ஹர்ம்ப3ம் ஹோயி,nairutyaa povsukalam joon mhaDaam harmbam hOyi,தென்மேற்கு பருவமழை ஜூன் மாதம் தொடங்கும்,Southwest monsoon starts in Jun,direction,corpus_sourashtradictionary
ஈஶான்யொ,eessaanyo,வடகிழக்கு,North East,புஜா ஹொவ்ரிக் ஈஶான்யொ தி3க்கும் தொ2வ்னொ,pujaa hovrik eessaanyo dikkum thovno,பூஜை அறையை வடகிழக்கு திசையில் வைக்க வேண்டும்,The prayer room should be placed in a north-easterly direction,direction,corpus_sourashtradictionary
வாயு,vaayu,வடமேற்கு,North West,வாயு மூலாம் மலொ ப4ந்து3னொ,vaayu moolaam malo bhanduno,வடமேற்கில் கழிவறை கட்ட வேண்டும்,The toilet should be built in the northwest,direction,corpus_sourashtradictionary
கலம்,kalam,காலம்,Period,ராமுடு3 ஜிவெ கலம் திரேதா யுக3ம்,raamuDu jive kalam tirEtaa yugam,ராமர் வாழ்ந்த காலம் திரேதா யுகம்,The period during which Rama lived was the Thiretha Yuga,season,corpus_sourashtradictionary
காலு,kaalu,காலம்,Period,பா3ல்ய காலும் சொவ்து3னொ,baalya kaalum covduno,இளமைப் பருவத்தில் படிக்க வேண்டும்,Should study in adolescence period,season,corpus_sourashtradictionary
காலு,kaalu,"காலம், ஆண்டு",Ages,மீ தொகொ3 ஜு2கு3 காலு தொகன் ஸீரனி,mee togo jhugu kaalu tokan seerani,நான் உன்னை பல ஆண்டுகளாக பார்த்ததில்லை,I haven't seen you in ages,season,corpus_sourashtradictionary
காள்,kaaL,காலம்,Period,மென்க்யான் து3க்வாளு காளும் பு3ள்ளான் க2யாஸி,menkyaan dukvaaLu kaaLum buLLaan khayaasi,பஞ்ச காலத்தில் மக்கள் கிழங்குகளை உண்டார்கள்,During the famine period people ate tubers,season,corpus_sourashtradictionary
த3ஶா,dassaa,"காலம், பருவம்",Period,வார்தி4க்யொ த3ஶாம் விஶ்ராந்திகன் ர்ஹனொ,vaardhikyo dassaam vissraantikan rhano,வயதான காலத்தில் ஓய்வாக இருக்க வேண்டும்,Should rest during old aged period,season,corpus_sourashtradictionary
காலாந்த்ரம்,kaalaantram,"கால வெள்ளம், காலப்போக்கு",Over a period of time,காலாந்த்ரமு அஸ்கி மர்ச்சாஸு,kaalaantramu aski marccaasu,"காலப்போக்கில், எல்லாம் மாறுகிறது","Over a period of time, everything changes",season,corpus_sourashtradictionary
ர்ருது,rrutu,"பருவம், பருவகாலம்",Season,பா4ரதும் ஸோ ர்ருதுன் ஸே,bhaaratum sO rrutun sE,இந்தியாவில் ஆறு பருவங்கள் உள்ளன,There are six seasons in India,season,corpus_sourashtradictionary
ஹூநுகலம்,hoonukalam,"வெயிற்காலம், கோடை",Summer,ஹூநுகலமு பக்ஷினுக் பனி தே3த்தெ சொக்கடு3,hoonukalamu pakshinuk pani dEtte cokkaDu,கோடையில் பறவைகளுக்கு தண்ணீர் கொடுப்பது நல்லது,It is good to water the birds in summer,season,corpus_sourashtradictionary
பொவ்ஸுகலம்,povsukalam,மழைக்காலம்,"Monsoon, Rainy season",பொவ்ஸுகலமு முது3ல்லாமுஸ் பீகு க4ல்தஸுன்,povsukalamu mudullaamus peeku ghaltasun,மழைக் காலத்திற்கு முன்பே விதை விதைக்கிறார்கள்,The seed is sown before the rainy season,season,corpus_sourashtradictionary
ஹிமுஸுகலம்,himusukalam,குளிர்காலம்,"Pre Winter, Cool Season",ஹிமுஸுகலமு ஸில்லொ வரொ ஹனயி,himusukalamu sillo varo hanayi,குளிர்காலத்தில் குளிர்ந்த காற்று வீசும்,Cold winds blow in the pre-winter seasons,season,corpus_sourashtradictionary
மொஞ்சுகலம்,monjcukalam,பனிக்காலம்,Winter,மொஞ்சுகலமு ஒள்டு3ன் பா3தொ3 பொட3ஸுன்,monjcukalamu oLDun baado poDasun,பனிக்காலத்தில் வயதானவர்கள் அவதிப்படுகின்றனர்,The elderly suffer in the winter,season,corpus_sourashtradictionary
வரளொ,varaLo,வஸந்தகாலம்,Spring,வரளாம் பூ2லுன் பி3ஸ்ஸொ ஹொடி3 பு2லஸு,varaLaam phoolun bisso hoDi phulasu,வசந்த காலத்தில் பூக்கள் வேகமாக வளர்ந்து பூக்கும்,In Spring flowers grow faster and bloom,season,corpus_sourashtradictionary
ஹுனளொ,hunaLo,"வெயிற்காலம், கோடை",Summer,வளுராணும் ஹுனளாம் ஹூன் வேன் ர்ஹாயி,vaLuraaNum hunaLaam hoon vEn rhaayi,பாலைவனத்தில் கோடை வெப்பம் அதிகமாக இருக்கும்,Summers are hotter in the desert,season,corpus_sourashtradictionary
பொஸளொ,posaLo,மழைக்காலம்,"Monsoon, Rainy season",பொஸளாம் பிடு3 பொட3ஸு,posaLaam piDu poDasu,மழைக்காலத்தில் மின்னல் மின்னுகிறது,Lightning flashes in the rainy season,season,corpus_sourashtradictionary
பொஸ்லொ,poslo,மழைக்காலம்,"Monsoon, Rainy season",பொஸ்லா கலமு பெ3ஸ்களினுக் ஸவாயி,poslaa kalamu beskaLinuk savaayi,மழைக்காலத்தில் தவளைகளைக் காணலாம்,Frogs can be seen during the rainy season,season,corpus_sourashtradictionary
ஶிரளொ,ssiraLo,இலையுதிர்காலம்,Autumn,ஶிரளாம் ஜா2டு3ன் பான் லலத்தக் ஹர்ம்ப3ம் கெரஸு,ssiraLaam jhaaDun paan lalattak harmbam kerasu,"இலையுதிர் காலத்தில், மரங்கள் இலைகளை உதிர்க்கத் தொடங்குகின்றன","In autumn, the trees begin to shed their leaves",season,corpus_sourashtradictionary
ஹிமளொ,himaLo,குளிர்காலம்,Pre Winter / Cool Season,ஹிமுஸுகலமு ஸில்லொ வரொ ஹனயி,himusukalamu sillo varo hanayi,குளிர்காலத்தில் குளிர்ந்த காற்று வீசும்,Cold winds blow in the pre-winter seasons,season,corpus_sourashtradictionary
இரளொ,iraLo,பனிக்காலம்,Winter,இரளா கலமு ஸில்லா தே3ஶும் ஒஸு பொட3ஸு,iraLaa kalamu sillaa dEssum osu poDasu,பனிக்காலத்தில் குளிர் நாடுகளில் பனிப்பொழிவு ஏற்படுகிறது,Snowfall occurs in colder countries during the winter,season,corpus_sourashtradictionary
பக்ஷி,pakshi,பறவை,Bird,பக்ஷின் அகாஸும் ஹுட3ரஸி,pakshin akaasum huDarasi,பறவைகள் வானத்தில் பறக்கின்றன,Birds fly in the sky,bird,corpus_sourashtradictionary
ஹூடு3,hooDu,பறவை,Bird,ஹூடு3ன் ஹுட3ரஸி,hooDun huDarasi,பறவைகள் பறக்கின்றன,The birds are flying,bird,corpus_sourashtradictionary
ஹுட்3ஜனி,huDjani,பறவை,Bird,ஹுட்3ஜனின் அபுல் பிங்கு ஹால் ஹுட3ரஸி,huDjanin apul pingku haal huDarasi,பறவைகள் அதன் இறக்கைகளால் பறக்கின்றன,Birds fly by its wings,bird,corpus_sourashtradictionary
கௌளொ,kauLo,காகம்,"Crow, Raven",கௌளொகின் பிள்டொ ஸதா மல்லஸு,kauLokin piLTo sataa mallasu,காகமும் குயிலும் எப்போதும் சண்டை போடுகின்றன,The crow and quill alwyas fight,bird,corpus_sourashtradictionary
குடி3,kuDi,கோழி,Hen,குடி3 அண்டொ3 தக3யி,kuDi aNDo tagayi,கோழி முட்டையிடும்,The hen lays eggs,bird,corpus_sourashtradictionary
குகிடி3,kukiDi,கோழி,Hen,வீள்டொ அஸ்கி குடி3னுன் அபுல் கூ4டு3க் ஜாஸு,veeLTo aski kuDinun apul ghooDuk jaasu,"மாலையில், அனைத்து கோழிகளும் தங்கள் கூட்டிற்குச் செல்கின்றன","In the evening, all hen goes to their coop",bird,corpus_sourashtradictionary
குடொ3,kuDo,சேவல்,"Rooster, Cock, Chicken",குடா3க் ஜு2க்குகன் பொள்டொ ஹொல்லொ ஸவாயி,kuDaak jhukkukan poLTo hollo savaayi,சேவலை பெரும்பாலும் கூரையின் மேல் பார்க்க முடியும்,The rooster can mostly be seen on the roof,bird,corpus_sourashtradictionary
குகுடொ3,kukuDo,சேவல்,"Rooster, Cock, Chicken",குகுடா3 ஹிலி ல்ஹொவொ வனிம் ர்ஹாயி,kukuDaa hili lhovo vanim rhaayi,சேவல் கொண்டை சிவப்பு நிறத்தில் இருக்கும்,The rooster comb is red,bird,corpus_sourashtradictionary
குடி3பில்லொ,kuDipillo,கோழிக்குஞ்சு,"Chicken, Chicks",மாய் குடி3 அபுல் குடி3பில்லானுக் வேன் ரக்ஷணொ கெரஸு,maay kuDi apul kuDipillaanuk vEn rakshaNo kerasu,தாய் கோழிகள் தங்கள் குஞ்சுகளை மிகவும் பாதுகாக்கின்றன,Mother hens are very protective of their chicks,bird,corpus_sourashtradictionary
ஸாரங்கொ3,saaranggo,வான்கோழி,Turkey,ஸாரங்கொ3 ஹுட3த்தக் முஸுனா,saaranggo huDattak musunaa,வான்கோழி பறக்க முடியாது,The turkey cannot fly,bird,corpus_sourashtradictionary
சிடி3,ciDi,சிட்டுக்குருவி,Sparrow,அத்தொ அஸ்கி சிடி3னுக் ஸாத்தெ து3ஸ்தல் ஹொய்யொ,atto aski ciDinuk saatte dustal hoyyo,இப்போதெல்லாம் சிட்டுக்குருவிகள் பார்ப்பதே அபூர்வமாகிவிட்டது,Nowadays it is rare to see sparrows,bird,corpus_sourashtradictionary
ரமொ,ramo,கிளி,Parrot,அமி கெரெ வத்தொ ரமொ பி2ரி கெரஸு,ami kere vatto ramo phiri kerasu,நாம் பேசியதை கிளி திருப்பிப் பேசுகிறது,The parrot repeats what we spoke,bird,corpus_sourashtradictionary
கொக்குர்கய்லொ,kokkurkaylo,புறா,"Pigeon, Dove",கொக்குர்கய்லொ தௌ4ரா கொ3புரும் ஜிவஸு,kokkurkaylo dhauraa gopurum jivasu,புறாக்கள் கோவில் கோபுரங்களில் வசிக்கின்றன,Pigeons live in the temple towers,bird,corpus_sourashtradictionary
கௌது3,kaudu,புறா,"Pigeon, Dove",கௌது3 ப4ராடு-நிளா கிரணுக் ஸாத்தக் முஸயி,kaudu bharaaTu-niLaa kiraNuk saattak musayi,புறா புற ஊதா கதிர்களையும் பார்க்க முடியும்,The pigeon can see ultraviolet rays,bird,corpus_sourashtradictionary
பொரைலொ,porailo,வெள்ளைப்புறா,Dove,பொரைலொ ஶாந்தித்வமுக் ப்ரதீகொ ஹோஸு,porailo ssaantitvamuk prateeko hOsu,வெள்ளை புறா அமைதியின் சின்னம்,The white dove is a symbol of peace,bird,corpus_sourashtradictionary
கொகில்,kokil,குயில்,"Quill, Cuckoo",கொகில் அப்லானுக் நீடொ3 ப4ந்து3லனி,kokil aplaanuk neeDo bhandulani,குயில் தனக்கென கூடு கட்டுவதில்லை,The quill does not make a nest of its own,bird,corpus_sourashtradictionary
பிள்டொ,piLTo,குயில்,"Quill, Cuckoo",பிள்டொ கௌளா நீடா3ம் அண்ட3 தக3யி,piLTo kauLaa neeDaam aNDa tagayi,குயில் காகத்தின் கூட்டில் முட்டையிடும்,The quill lays its eggs in the crow's nest,bird,corpus_sourashtradictionary
ம்ஹோர்,mhOr,மயில்,Peacock,ம்ஹோர் பிஞ்செ2 விலாஸ் கெரி நசஸு,mhOr pinjche vilaas keri nacasu,மயில் தோகை விரித்து ஆடுகிறது,The peacock spreads its struts and dances,bird,corpus_sourashtradictionary
உலு,ulu,ஆந்தை,Owl,உலுன் ஸ்ரேஷ்டு2 ஹொயெ ராது கிராதுனு,ulun srEshThu hoye raatu kiraatunu,ஆந்தைகள் சிறந்த இரவு நேர வேட்டையாடுபவர்கள்,Owls are excellent nocturnal predators,bird,corpus_sourashtradictionary
உட்3டு3ள்,uDDuL,ஆந்தை,Owl,ம்ஹொட்டொ தொ3ளொ ஸேத்தெங்கொ உட்3டு3ளு தொ3ளொ மெனஸுன்,mhoTTo doLo sEttengko uDDuLu doLo menasun,பெரிய கண்களை உடையவர்கள் ஆந்தை கண்கள் என்று அழைக்கப்படுகிறார்கள்,People with big eyes are called owl eyes,bird,corpus_sourashtradictionary
கூ4கு3,ghoogu,ஆந்தை,Owl,கூ4கு3 ஹால் தி3ஸ்லாம் ஸாத்தக் முஸுனா,ghoogu haal dislaam saattak musunaa,ஆந்தையால் பகலில் பார்க்க முடியாது,The owl can't see during the daytime,bird,corpus_sourashtradictionary
ஒகு3ல்,ogul,வௌவால்,Bat,ஒகு3ல் சொராக் தெ4ரத்த்தக் ஐய்கனா-ஸெத்3து3க் உபயோக்3 கெரஸு,ogul coraak dheratttak aiykanaa-sedduk upayOg kerasu,ஒகு3ல் சொராக் தெ4ரத்த்தக் ஐய்கனா-ஸெத்3து3க் உபயோக்3 கெரஸு,Bats use ultrasound to navigate and catch prey,bird,corpus_sourashtradictionary
ஆடி3,aaDi,ஆண் வாத்து,"Male Duck, Male Goose, Drake",ஆடி3ன் அபுல் பில்லானுக் மேட் ஹொயெ ரக்ஷகு,aaDin apul pillaanuk mET hoye rakshaku,ஆண் வாத்துகள் தங்கள் குஞ்சுகளுக்கு சிறந்த பாதுகாவலர்கள்,Drakes are excellent protectors for their chicks,bird,corpus_sourashtradictionary
ப3து3ல்,badul,பெண் வாத்து,"Duck, Female Goose",ப3து3லா க4டி3 ஸெத்3து3 வேன் கெ4ட்டி ர்ஹாயி,badulaa ghaDi seddu vEn gheTTi rhaayi,பெண் வாத்தின் குரல் மிக சத்தமாக இருக்கும்,The duck's voice will be more louder,bird,corpus_sourashtradictionary
ப3கொ3,bago,கொக்கு,Crane,ப3கா3ன் ஹுஜால் வனிம் ஸே,bagaan hujaal vanim sE,கொக்குகள் வெள்ளை நிறத்தில் உள்ளன,The cranes are white,bird,corpus_sourashtradictionary
குக்ரொ,kukro,நாரை,"Stork, Pelican",குக்ராக் லம்பு3 பாய்ஞ் ர்ஹாயி,kukraak lambu paaynj rhaayi,நாரைகளுக்கு நீண்ட கால்கள் இருக்கும்,Storks have long legs,bird,corpus_sourashtradictionary
ஹம்ஸொ,hamso,அன்னம்,Swan,ஹம்ஸொ ஸாத்தக் பெ4ளி ஸிங்கா3ர் ர்ஹாயி,hamso saattak bheLi singgaar rhaayi,அன்னப்பறவை பார்க்க மிக அழகாக இருக்கும்,The Swan is is so beautiful to look at,bird,corpus_sourashtradictionary
லுவி,luvi,காடை,Quail,லுவி பூ4ய்ஞ் ஹொல்லொ நீடொ3 ப4ந்த3யி,luvi bhooynj hollo neeDo bhandayi,காடைகள் தரையில் கூடு கட்டும்,Quail build nests in the ground,bird,corpus_sourashtradictionary
கௌ3ரி,gauri,கௌதாரி,"Chukar Partridge, Grey Francolin, Chicken Bird","கௌ3ரி குடி3 ஸொகன், ஹுட3த்தக் அவ்னா","gauri kuDi sokan, huDattak avnaa","கௌதாரி கோழியைப் போன்று, பறக்க வராது","Grey Francolin is like Hen, can not fly",bird,corpus_sourashtradictionary
பா4ரஜி,bhaaraji,வானம்பாடி,Skylark,பா4ரஜி கிலுபி3லாட் ஸெத்3து3 கீ3த் க3வரியொ ஸொகன் ர்ஹாயி,bhaaraji kilubilaaT seddu geet gavariyo sokan rhaayi,வானம்பாடியின் கீச்சிடும் சத்தம் ஒரு பாடலைப் பாடுவது போல் இருக்கும்,The chirping sound of Skylark will be like singing a song,bird,corpus_sourashtradictionary
தி3ஷ்ளொ,dishLo,ராஜாளி / பெருங்கழுகு,Vulture,தி3ஷ்ளான் அகா3ருக் மொரெ மூகு3னு உராவுக் கா2ஸு,dishLaan agaaruk more moogunu uraavuk khaasu,கழுகுகள் உணவுக்காக இறந்த விலங்குகளின் எச்சங்களை உண்கின்றன,Vultures eat the remains of dead animals for food,bird,corpus_sourashtradictionary
கெ3ருட்3,geruD,கருடன்,"Falcon, Garuda",கெ3ருடு3 ஸ்ரீமந் நாராயணனுகு வாஹனொ ஹோஸு,geruDu sreeman naaraayaNanuku vaahano hOsu,கருடன் ஸ்ரீமந் நாராயணனின் வாகனம்,Garuda is Lord Sriman Narayanan's vehicle,bird,corpus_sourashtradictionary
கவ்ளகா4ர்,kavLaghaar,கழுகு,Eagle,கவ்ளகா4ருக் மெனிகுன் ஸொம்மர் 4-5 வாள் மோனொ ஸனி ஸே,kavLaghaaruk menikun sommar 4-5 vaaL mOno sani sE,கழுகு மனிதர்களை விட 4-5 மடங்கு கூர்மையான பார்வை கொண்டது,Eagle has 4-5 times sharper eyesight than humans,bird,corpus_sourashtradictionary
கா4ரு,ghaaru,பருந்து,"Hawk, Kite",கா4ரு கவ்ள்கா4ரு ஸொம்மர் ந்ஹன்ன ர்ஹாயி,ghaaru kavLghaaru sommar nhanna rhaayi,பருந்து கழுகை விட சிறியதாக இருக்கும்,Kites are smaller than Eagale,bird,corpus_sourashtradictionary
ஶினி,ssini,வல்லூறு,Griffon vulture,"ஶினி 36,000 பௌல் உஞ்சொ லெந்து ஹுட3யி","ssini 36,000 paul unjco lentu huDayi","வல்லூறு 36,000 அடி உயரம் வரை பறக்கும்","Griffon vulture can fly upto a height of 36,000 feet",bird,corpus_sourashtradictionary
பி4ரி,bhiri,அண்டபேரண்டப் பட்சி,Condor,பி4ரி பிங்கு 2.7 - 3.2 மீட்டர் லெந்து ர்ஹாயி,bhiri pingku 2.7 - 3.2 meeTTar lentu rhaayi,அண்டபேரண்டப் பறவையின் இறக்கைகள் 2.7 முதல் 3.2 மீட்டர் வரை இருக்கும்,Condor bird has a wingspan of 2.7 to 3.2 meter,bird,corpus_sourashtradictionary
வங்குடொ3,vangkuDo,கிளுவை,Eurasian teal,வங்குடொ3 மெனரியொ ந்ஹன்ன ப3து3லொ ஸொகன் ர்ஹாயி,vangkuDo menariyo nhanna badulo sokan rhaayi,கிளுவை என்பது சிறிய வாத்து போல இருக்கும்,Eurasian teal is like a small duck,bird,corpus_sourashtradictionary
முஷ்ளி,mushLi,உள்ளான்,"Sandpiper, Curlew",முஷ்ளி பனிம் ஜிவத்திஸானு ஹூடு3 ஜாது,mushLi panim jivattisaanu hooDu jaatu,உள்ளான் ஒரு நீர் வாழ் பறவை இனம்,Sandpiper is a species of aquatic bird,bird,corpus_sourashtradictionary
சுங்கு3ல்,cunggul,பக்ஷி நகம்,"Claw, Talon",அஸ்கி பக்ஷினுக் பாய்ஞ் அங்கி3லிக் ஸெத்லாம் சுங்கு3ல் ஸே,aski pakshinuk paaynj anggilik setlaam cunggul sE,அனைத்து பறவைகளுக்கும் கால்விரல்களின் முடிவில் நகங்கள் உள்ளன,All birds have claws at the end of the toes,bird,corpus_sourashtradictionary
பஞ்ஜிரி,panjjiri,கூடு,Nest,கொகிலுக் பஞ்ஜிரி ப4ந்த3ன் களானா,kokiluk panjjiri bhandan kaLaanaa,குயிலுக்கு கூடு கட்ட தெரியாது,Quill does not know how to build a nest,bird,corpus_sourashtradictionary
கூ4ட்,ghooT,கூடு,Nest,கௌளொ க2ட்டினு ஹால் கூ4ட் ப4ந்த3ஸு,kauLo khaTTinu haal ghooT bhandasu,காகம் குச்சிகளைக் கொண்டு கூடு கட்டுகிறது,The crow builds a nest with sticks,bird,corpus_sourashtradictionary
நீடொ3,neeDo,கூடு,Nest,தெ2வ்டெ3 ஹூடு3ன் பூ4ய்ஞிம் நீடொ3 ப4ந்த3ஸு,thevDe hooDun bhooynjim neeDo bhandasu,சில பறவைகள் நிலத்தில் கூடு கட்டும்,Some birds build nests in the ground,bird,corpus_sourashtradictionary
ரெக்கெ,rekke,இறகு,Feather,ஸில்லா பரிஸ்தி2திம் ஹூடு3னுக் ஹுன்னொகன் தொ2வ்லத்தக் ரெக்கென் ஒர்க3ஸு,sillaa paristhitim hooDunuk hunnokan thovlattak rekken orgasu,குளிர்ந்த சூழ்நிலையில் பறவைகளை சூடாக வைத்திருக்க இறகுகள் உதவுகின்றன,Feathers help to keep the birds warm in cold conditions,bird,corpus_sourashtradictionary
பிங்கு,pingku,"சிறகு, இறக்கை","Wing, Wingspan",பக்ஷின் பிங்கு விலாஸ் கெரி ஹுட3ரஸி,pakshin pingku vilaas keri huDarasi,பறவைகள் சிறகு விரித்து பறக்கின்றன,Birds spread their wings and fly,bird,corpus_sourashtradictionary
பொகொ3,pogo,"சிறகு, இறக்கை","Wing, Wingspan",அஸ்கி ஹூடு3னுக் தீ3 பொகா3ன் ஸே,aski hooDunuk dee pogaan sE,அனைத்து பறவைகளுக்கும் இரண்டு இறக்கைகள் உள்ளன,All birds have two wings,bird,corpus_sourashtradictionary
ஹிலி,hili,கொண்டை,Crest of a bird,"ம்ஹோர், குகுடொ3 மெனி ஜு2கு பக்ஷினுக் தொ3ஸ்கர் ஹிலி ஸே","mhOr, kukuDo meni jhuku pakshinuk doskar hili sE","மயில், சேவல் என பல பறவைகளுக்கு தலையில் கொண்டை உள்ளது","Many birds, such as the peacock, the rooster have crest on their heads",bird,corpus_sourashtradictionary
பிஞ்செ2,pinjche,"தோகை, இறகு","Peacock's Tail, Feather",ம்ஹோர் பிஞ்செ2 விலாஸ் கெரி நசஸு,mhOr pinjche vilaas keri nacasu,மயில் தோகை விரித்து ஆடுகிறது,The peacock spreads its struts and dances,bird,corpus_sourashtradictionary
முதளொ,mutaLo,"தோகை, இறகு","Peacock's Tail, Plumage",த3ல்லா ம்ஹோருனுக் ஸிங்கா3ர் முதளொ ஸே,dallaa mhOrunuk singgaar mutaLo sE,ஆண் மயில்கள் அழகான இறகுகளைக் கொண்டுள்ளன,Male peacocks have beautiful plumage,bird,corpus_sourashtradictionary
முஸ்கிளி,muskiLi,அலகு,Beak,ரமா முஸ்கிளி வித்துனுக் பொ2டத்தக் வகு3ண்டொ3கன் ர்ஹாயி,ramaa muskiLi vittunuk phoTattak vaguNDokan rhaayi,கிளியின் அலகு விதைகளை உடைக்க வளைந்திருக்கும்,The beak of the parrot is bent to break the seeds,bird,corpus_sourashtradictionary
பஷ்ஜிரி,pashjiri,கூண்டு / கூடு,Cage,சிடி3னுக் பஷ்ஜிரிம் ஜ2யி தொ2வஸுன்,ciDinuk pashjirim jhayi thovasun,சிட்டுக்குருவியைப் கூண்டில் அடைத்து வைப்பார்கள்,Sparrows are kept closed in cage,bird,corpus_sourashtradictionary
அக்3க3பொ3க்3க3யி,aggaboggayi,அலறியடித்து,Jumpy,,,,,general,corpus_sourashtradictionary
அக3ஸ்மாத்,agasmaat,தற்செயல்,By chance,,,,,general,corpus_sourashtradictionary
அட்3க்3யளம்,aDgyaLam,அடையாளக்குறி,Identification mark,,,,,general,corpus_sourashtradictionary
அடக்3,aTag,தடை,Obstacle,,,,,general,corpus_sourashtradictionary
அடா3த்,aDaat,அடாவடி,Atrocity,,,,,general,corpus_sourashtradictionary
அதி4கரணொ,adhikaraNo,"பிரிவு, வகை","Section, Category",,,,,general,corpus_sourashtradictionary
அதுர்ஷ்டு,aturshTu,அதிர்ஷ்டம்,Luck,,,,,general,corpus_sourashtradictionary
அந்து,antu,இறுதி,"Final, End",,,,,general,corpus_sourashtradictionary
அந்தும்,antum,"கடைசியாக, இறுதியில்",At the end,,,,,general,corpus_sourashtradictionary
அப்3ப3ய்,abbay,கிடைக்கும்,Will get,,,,,general,corpus_sourashtradictionary
அப்3ப3ரஸ்,abbaras,கிடைக்கிறது,Available,,,,,general,corpus_sourashtradictionary
அப்3பி3டி3யொ,abbiDiyo,கிடைத்தது,"Obtained, Found, Received, Got it",,,,,general,corpus_sourashtradictionary
அப்3பெ3ஸ்,abbes,கிடைத்தது,"Obtained, Found, Received, Got it",,,,,general,corpus_sourashtradictionary
அப்3னி,abni,"கிடைத்தல், பெறுதல்","Availability, Getting, Receiving",,,,,general,corpus_sourashtradictionary
அப4ய,abhaya,ஆபத்தில்லாத,Non dangerous,,,,,general,corpus_sourashtradictionary
அபரிமிதொ,aparimito,எல்லையற்ற,Unlimited,,,,,general,corpus_sourashtradictionary
அப்ஸரஸ்,apsaras,ரதி,Celestial Nymph,,,,,general,corpus_sourashtradictionary
அபாயகர,apaayakara,ஆபத்தான,Dangerous,,,,,general,corpus_sourashtradictionary
அபி4மான்,abhimaan,"பெருமை, பற்றுதல்",Pride,,,,,general,corpus_sourashtradictionary
அபுல்கரெ,apulkare,"தன்முனைப்பு, முன்முயற்சி",Initiative,,,,He takes the initiative in everything,general,corpus_sourashtradictionary
அயிதர்,ayitar,நேரில்,In person,,,,,general,corpus_sourashtradictionary
அர்ச்சத்தெ,arccatte,கெளரவித்தல்,"Honouring, Praising",,,,,general,corpus_sourashtradictionary
அரே,arE,அடேய்,Hey,,,,,general,corpus_sourashtradictionary
அலக்3கொ3,alaggo,தனியாக,"Alone, Separate",,,,,general,corpus_sourashtradictionary
அலாதி3,alaadi,தனியாக,Separately,,,,,general,corpus_sourashtradictionary
அன்யாவ்,anyaav,அநியாயம்,"Unjust, Unfair",,,,,general,corpus_sourashtradictionary
அனுப4வ்,anubhav,அனுபவம்,Experience,,,,,general,corpus_sourashtradictionary
அனுஸரணொ,anusaraNo,பின்பற்றுதல்,Following,,,,,general,corpus_sourashtradictionary
அஸத்திஸா,asattisaa,வேடிக்கையான,Funny,,,,,general,corpus_sourashtradictionary
அஸினி,asini,நகைச்சுவை,Comedy,,,,,general,corpus_sourashtradictionary
அஸொகெரி,asokeri,கொஞ்சத்தில்,Just like that,,,,,general,corpus_sourashtradictionary
அஶுத்3த3ம்,assuddam,சுத்தமற்ற,Unclean,,,,,general,corpus_sourashtradictionary
ஆத3ரொ,aadaro,ஆதரவு,Support,,,,,general,corpus_sourashtradictionary
ஆபத்3,aapad,"சிரமம், துன்பம், ஆபத்து","Difficulty, Distress, Danger",,,,,general,corpus_sourashtradictionary
ஆலோசனொ,aalOcano,அறிவுரை,Advice,,,,,general,corpus_sourashtradictionary
ஆவர்த்தனொ,aavarttano,அதிர்வெண்,Frequency,,,,,general,corpus_sourashtradictionary
ஆவொ,aavo,உலக விஷயங்கள்,Worldly matters,,,,,general,corpus_sourashtradictionary
ஆஸ்தி,aasti,சொத்து,Property,,,,,general,corpus_sourashtradictionary
ஆஸனொ,aasano,ஆசனம்,Seat,,,,,general,corpus_sourashtradictionary
ஆஹவ்,aahav,"சவால், அறை கூவல்",Challenge,,,,,general,corpus_sourashtradictionary
இத்யாதி3,ityaadi,இதர,Etcetera,,,,,general,corpus_sourashtradictionary
இவர்,ivar,"விவரம், விளக்கம்","Details, Explanation, Description",,,,,general,corpus_sourashtradictionary
இவர்,ivar,"செய்தி, தகவல்","Message, Information",,,,,general,corpus_sourashtradictionary
இவர் தொவர்,ivar tovar,பொது அறிவு,Common sense,,,,,general,corpus_sourashtradictionary
ஈக்ஸர்,eeksar,கூடவே,Along with,,,,,general,corpus_sourashtradictionary
உச்லாவ்,uclaav,வரும்படி,Means,,,,,general,corpus_sourashtradictionary
உட்ச்சாஉட்ச்சினி,uTccaauTccini,இழுபறி,Uncertain,,,,,general,corpus_sourashtradictionary
உண்டொ,uNTo,சுருண்டு,Curl,,,,,general,corpus_sourashtradictionary
உத்பத்தி,utpatti,உற்பத்தி,Production,,,,,general,corpus_sourashtradictionary
உந்நதி,unnati,"முன்னேற்றம், உயர்வு","Improvement, Progress, Advancement",,,,,general,corpus_sourashtradictionary
உபசாரணொ,upacaaraNo,உபசரிப்பு,Treatment,,,,,general,corpus_sourashtradictionary
உபதே3ஶ்,upadEss,அறிவுரை,Advise,,,,,general,corpus_sourashtradictionary
உபஹார்,upahaar,பரிசு,Gift,,,,,general,corpus_sourashtradictionary
ஊதெ,uute,"வீண், வீணாக","Waste, In Vain",,,,,general,corpus_sourashtradictionary
ஊளெ,uuLe,ஊதல்,Whistle,,,,,general,corpus_sourashtradictionary
ஐகனா-ஸெத்3து3,aikanaa-seddu,செவி உணரா ஒலி,Ultrasound,,,,,general,corpus_sourashtradictionary
ஐகினி,aikini,கேள்விபடுவது,Hearing,,,,,general,corpus_sourashtradictionary
ஐதொ,aito,தயார்,Ready,,,,,general,corpus_sourashtradictionary
ஒடா3 ஜா2ட்3 தின்னாள்,oDaa jhaaD tinnaaL,சௌராஷ்டிரர்களின் திருவிழா,Sourashtrians Festival,,,,,general,corpus_sourashtradictionary
ஒண்டபோகும்,oNTapOkum,ஒருபக்கம்,Oneside,,,,,general,corpus_sourashtradictionary
ஒண்டிம்புல்,oNTimpul,"தனிமையில், தனியாக","In Private, Alone",,,,,general,corpus_sourashtradictionary
ஒண்டேஸொகன்,oNTEsokan,ஒரே மாதிரியாக,"Alike, Similar, Same as",,,,,general,corpus_sourashtradictionary
ஒண்டேஸொகன் ர்ஹா,oNTEsokan rhaa,"ஒத்திரு, ஒரே மாதிரியாக",Resemble,,,,,general,corpus_sourashtradictionary
ஒண்டேஸொகன் ர்ஹாத்தெ,oNTEsokan rhaatte,ஒத்திருத்தல்,"Resemblence, Similarity",,,,,general,corpus_sourashtradictionary
ஒத்தடி3,ottaDi,வற்றி,Become Dry,,,,,general,corpus_sourashtradictionary
ஒப்பிள்னி,oppiLni,"அங்கீகாரம், ஏற்றுக்கொள்ளுதல், வாக்குமூலம், ஒப்புக்கொள்ளுதல்","Recognition, Acceptance, Confession",,,,,general,corpus_sourashtradictionary
ஒய்து3ஶாலொ,oydussaalo,மருத்துவமனை,Hospital,,,,,general,corpus_sourashtradictionary
ஒர்கை3,orgai,"பயன்படும், உதவும்",Be useful,,,,,general,corpus_sourashtradictionary
ஒரை,orai,செல்வம்,Wealth,,,,,general,corpus_sourashtradictionary
ஒரொ,oro,கோணல்,Skewness,,,,,general,corpus_sourashtradictionary
ஒரொதிரொ,orotiro,கோணல்மாணலாக,ZigZag,,,,,general,corpus_sourashtradictionary
ஒலொ,olo,வலை,Net,,,,,general,corpus_sourashtradictionary
ஒஜாதி,ojaati,ஒருவகை,a type of,,,,,general,corpus_sourashtradictionary
ஓடு,OTu,இரகசியம்,"Secret, Confidential",,,,,general,corpus_sourashtradictionary
ஓடுனும்,OTunum,அருகருகே,"Side by Side, Juxtapose",,,,,general,corpus_sourashtradictionary
ஓர்த்தோ,OrttO,மூலையில்,In the corner,,,,,general,corpus_sourashtradictionary
ஓர்ப்பு,Orppu,சமரசம்,Compromise,,,,,general,corpus_sourashtradictionary
ஓரொ,Oro,ஓரமாக,Sideways,,,,,general,corpus_sourashtradictionary
ஓஸம,Osama,ஏகப்பட்ட,Many a time,,,,,general,corpus_sourashtradictionary
ஔதா3ர்யொ,audaaryo,தயாள குணம்,Generosity,,,,,general,corpus_sourashtradictionary
க2ட்டி,khaTTi,குச்சி,Stick,,,,,general,corpus_sourashtradictionary
க்2யாதி,khyaati,நன்கு அறியப்பட்ட,Well known,,,,,general,corpus_sourashtradictionary
க2லி,khali,காலி,Empty,,,,,general,corpus_sourashtradictionary
க3தி,gati,நிலை,"Condtion, State",,,,,general,corpus_sourashtradictionary
கடி2ன்,kaThin,"வன்மையான, கடினமான","Hard, Tough, Drastic",,,,,general,corpus_sourashtradictionary
கடி2ன் ஹொயெ,kaThin hoye,கடினமான,Tough,,,,,general,corpus_sourashtradictionary
கரொ,karo,பரிசு,Gift,,,,,general,corpus_sourashtradictionary
க்ஷாமம்,kshaamam,பற்றாக்குறை,Scarcity,,,,,general,corpus_sourashtradictionary
க்ஷேமு,kshEmu,ஸௌக்கியம்,Comfort,,,,,general,corpus_sourashtradictionary
கா3ட்,gaaT,முடிச்சு,Knot,,,,,general,corpus_sourashtradictionary
கா4ம்,ghaam,"அடி, காயம்","Beat, Blow, Injury",,,,,general,corpus_sourashtradictionary
காட்,kaaT,கறை,Stain,,,,,general,corpus_sourashtradictionary
காந்தி,kaanti,ஒளிருதல்,Shining,,,,,general,corpus_sourashtradictionary
காமுக்ரமொ,kaamukramo,நிகழ்ச்சி நிரல்,"Agenda, Program, Event",,,,,general,corpus_sourashtradictionary
காரணொ,kaaraNo,காரணம்,"Reason, Cause",,,,,general,corpus_sourashtradictionary
கால்டு3,kaalDu,காலணா,Quarter Rupee,,,,,general,corpus_sourashtradictionary
காஸ்,kaas,காசு,Rupee,,,,,general,corpus_sourashtradictionary
கி3தொ3,gido,கீறல்,Scratch,,,,,general,corpus_sourashtradictionary
கி3ர்க்கத்தெ,girkkatte,கிறுக்குதல்,"Scrawling, Scribbling",,,,,general,corpus_sourashtradictionary
கி3லேஸு,gilEsu,துண்டிக்கிறது,Disconnects,,,,,general,corpus_sourashtradictionary
கீ3த்,geet,பாட்டு,Song,,,,,general,corpus_sourashtradictionary
கு2தா3,khudaa,அடகு,"Hypothecate, Pawn, Pledge, Mortgage",,,,,general,corpus_sourashtradictionary
கு2தி3,khudi,விளையாட்டில் கூட்டாளி,Partner in game,,,,,general,corpus_sourashtradictionary
கு2பா3ய்,khubaay,கூசும்,Glare,,,,,general,corpus_sourashtradictionary
கு3ட்3டு3,guDDu,இரகசியம்,"Secret, Confidential",,,,,general,corpus_sourashtradictionary
கு3ண்ட3ளி,guNDaLi,சுருள்,Coil,,,,,general,corpus_sourashtradictionary
கு3ண்ணு,guNNu,"குணம், பண்பு, தரம், தன்மை","Character, Attribute, Quality",,,,,general,corpus_sourashtradictionary
கு3தெ3,gude,கைத்தடி,Walking stick,,,,,general,corpus_sourashtradictionary
கு3ருத்து,guruttu,அடையாளம்,Identification,,,,,general,corpus_sourashtradictionary
கு3ருத்து களட3ரியொ,guruttu kaLaDariyo,அறிமுக,Introductory,,,,,general,corpus_sourashtradictionary
கு3ருத்து களட்3னி,guruttu kaLaDni,அறிமுகம்,Introduction,,,,,general,corpus_sourashtradictionary
கு3ருத்து களள்ளத்தெ,guruttu kaLaLLatte,அடையாளம் காணல்,"Recognition, Authentication",,,,,general,corpus_sourashtradictionary
கு3ள்ளொ,guLLo,பந்து,Ball,,,,,general,corpus_sourashtradictionary
குக்3னொ,kugno,நெருக்கமான,Close,,,,,general,corpus_sourashtradictionary
குரன்,kuran,கவிதை,Poetry,,,,,general,corpus_sourashtradictionary
கூடக்,kooTak,புதிர்,Puzzle,,,,,general,corpus_sourashtradictionary
கூத்,koot,கூப்பாடு,Shout or Bawl,,,,,general,corpus_sourashtradictionary
கெ2டின்,kheTin,கடுமையான,Harsh,,,,,general,corpus_sourashtradictionary
கெ2தொ,kheto,கதை,Story,,,,,general,corpus_sourashtradictionary
கெ2னி,kheni,கதை,Story,,,,,general,corpus_sourashtradictionary
கெ3ஞ்ஜாவ்,genjjaav,கஞ்சா,Hashish,,,,,general,corpus_sourashtradictionary
கெ3டி3,geDi,வண்டி,Cart,,,,,general,corpus_sourashtradictionary
கெ3லய்,gelay,வழியும்,Seep,,,,,general,corpus_sourashtradictionary
கெ3னாத்,genaat,புதையல்,Treasure,,,,,general,corpus_sourashtradictionary
கெ4ட்டி,gheTTi,சத்தமாக,Loudly,,,,,general,corpus_sourashtradictionary
கெ4டி3,gheDi,சத்தம்,Loud,,,,,general,corpus_sourashtradictionary
கெ4டி3 பொ3வத்தே,gheDi bovattE,"கண்டித்தல், கடிந்துரைத்தல்",Reprimanding,,,,,general,corpus_sourashtradictionary
கெ4னம்,ghenam,கௌரவம்,"Pride, Dignity",,,,,general,corpus_sourashtradictionary
கெர்வான,kervaana,செய்ய முடியாது,Can not do,,,,,general,corpus_sourashtradictionary
கெருங்கி3னி,kerunggini,"கரைதல், உருகுதல்","Dissolve. Dissolution, Melt",,,,,general,corpus_sourashtradictionary
கெருங்கை3,kerunggai,"கரையும், உருகும்","Dissolve, Melt",,,,,general,corpus_sourashtradictionary
கெஷ்டம் ஹொயெ,keshTam hoye,கஷ்டமான,Hard,,,,,general,corpus_sourashtradictionary
கே3கு3,gEgu,சுற்றிலும்,Around,,,,,general,corpus_sourashtradictionary
கேர்,kEr,கவனித்துக்கொள்ளல்,Care,,,,,general,corpus_sourashtradictionary
கொ2ப்3பி3ம் ஹொயெ,khobbim hoye,வழக்கமான,"Regular, Usual",,,,,general,corpus_sourashtradictionary
கொ3வ்ண்ட3ய்யொ,govNDayyo,"தொலைந்தது, காணாமல் போனது","Lost, Missing, Misplaced",,,,,general,corpus_sourashtradictionary
கொ3வ்ண்ட3யி ஜாத்தெ,govNDayi jaatte,"தொலைந்து போகுதல், வழி தவறுதல்",To get lost,,,,,general,corpus_sourashtradictionary
கொ4ரம் பி2வ்ரத்தெ,ghoram phivratte,கவனத்தை திருப்புதல்,Distraction,,,,,general,corpus_sourashtradictionary
கொவ்டொ3,kovDo,சோளி,Cowrie Shell,,,,,general,corpus_sourashtradictionary
கொனொ,kono,"முனை, ஓரம்",Edge,,,,,general,corpus_sourashtradictionary
கோ3கோ3,gOgO,சும்மா சும்மா,Incessantly,,,,,general,corpus_sourashtradictionary
கோ3கோ3தீ,gOgOtee,சும்மாவேனும்,Just,,,,,general,corpus_sourashtradictionary
கோ3ஸ்,gOs,"சும்மா, இலவசம், சும்மாவேனும்","Idle, Free, Just, Often",,,,,general,corpus_sourashtradictionary
கௌ3ணி,gauNi,சங்கீதக் கச்சேரி,Mucial Concert,,,,,general,corpus_sourashtradictionary
கௌத்,kaut,வேடிக்கை,Fun,,,,,general,corpus_sourashtradictionary
கௌஶல்,kaussal,"கலை, திறமை","Skill, Talent, Ability",,,,,general,corpus_sourashtradictionary
சடா3வ்,caDaav,சிறந்த,Best,,,,,general,corpus_sourashtradictionary
சதுர்பாஷா,caturpaashaa,நான்கு மொழிகள்,Four Language,,,,,general,corpus_sourashtradictionary
சமத்கார்,camatkaar,சாமர்த்தியம்,Dexterity,,,,,general,corpus_sourashtradictionary
சல்சித்ரா கு3வ்னி,calcitraa guvni,திரைப்படச்சுருள்,Film roll,,,,,general,corpus_sourashtradictionary
சல்சித்ரொ,calcitro,திரைப்படம்,"Film, Movie",,,,,general,corpus_sourashtradictionary
"சல்த கேர், ஸொன்னொகொ3","calta kEr, sonnogo","தொடரவும், இடைவிடாதிரு","Continue, Keep on, Sustain",,,,,general,corpus_sourashtradictionary
சலய்,calay,நடக்கும்,Happen,,,,,general,corpus_sourashtradictionary
சல்லினி,callini,"வரபோக, நடந்துகொள்ளுதல்","In Touch, Behaving",,,,,general,corpus_sourashtradictionary
சல்னி,calni,நடத்தை,Behavior,,,,,general,corpus_sourashtradictionary
சா2ப்பொ,chaappo,"அச்சு, முத்திரை","Print, Stamp",,,,,general,corpus_sourashtradictionary
சாரி,caari,ஒற்றன்,Spy,,,,,general,corpus_sourashtradictionary
சி2ரன்,chiran,லாந்தர்,Lantern,,,,,general,corpus_sourashtradictionary
சித்துர்,cittur,ஓவியம்,"Art, Painting, Portrait",,,,,general,corpus_sourashtradictionary
சில்லம்,cillam,வங்கி,Bank,,,,,general,corpus_sourashtradictionary
சுங்கிலி,cungkili,தப்பித்து,Escaping,,,,,general,corpus_sourashtradictionary
சுட்டூர்,cuTToor,சுற்றிலும்,Around,,,,,general,corpus_sourashtradictionary
சுட்டொ,cuTTo,சுருட்டு,"Cigar, Cheroot",,,,,general,corpus_sourashtradictionary
சுண்டா3ய்,cuNDaay,சுடும்,Hot,,,,,general,corpus_sourashtradictionary
சுண்டி3ன் தக3த்தெ,cuNDin tagatte,சூடு போடுதல்,Burn with hot iron,,,,,general,corpus_sourashtradictionary
சுருக்,curuk,"வேகமாக, விரைவாக","Fast, Quickly",,,,,general,corpus_sourashtradictionary
சூ,coo,தப்பு,"Mistake, Fault, Error",,,,,general,corpus_sourashtradictionary
சூக்,cook,"குறை, கோள்","Complaint, Fault",,,,,general,corpus_sourashtradictionary
செட்3னி,ceDni,முன்னேற்றம்,Advancement,,,,,general,corpus_sourashtradictionary
செடா3வ்,ceDaav,"மேம்பட்ட, உசத்தியான","Advanced, Superior",,,,,general,corpus_sourashtradictionary
செது3ரத்தெ,ceduratte,"சிதறுதல், தெறித்தல்","Scatter, Splash",,,,,general,corpus_sourashtradictionary
செந்து3ரடொ3,cenduraDo,ரங்கராட்டினம்,Mini Ferris wheel,,,,,general,corpus_sourashtradictionary
"செரிஜாத்தெ, அனுஸரிஞ்ஜாத்தெ","cerijaatte, anusarinjjaatte","ஒத்திரு, இணக்கம்","Conform, Hormon, Solidarity",,,,,general,corpus_sourashtradictionary
செவ்டி3,cevDi,விரோதமாகப் புத்திமதி கூறு,Dissuade,,,,,general,corpus_sourashtradictionary
சொகட்3,cokaD,"நல்லது, நல்ல, நன்றாக","Fine, Good",,,,,general,corpus_sourashtradictionary
சொகட்3 ஸனி,cokaD sani,பராமரிப்பு,Maintenance,,,,,general,corpus_sourashtradictionary
சோட்3 ஸே,cOD sE,நன்றாக இருக்கிறது,Is good,,,,,general,corpus_sourashtradictionary
சௌல்னி,caulni,இறுக்கமாகப் பிடித்துக்கொள்ளுதல்,Holding tight,,,,,general,corpus_sourashtradictionary
டங்கினி,Tangkini,கல்வெட்டு,Inscription,,,,,general,corpus_sourashtradictionary
"டே3ரொ, ம்ஹொடொ3 பல்லொ","DEro, mhoDo pallo",கூடாரம்,Tent,,,,,general,corpus_sourashtradictionary
த3மரு,damaru,தாமரை,Lotus,,,,,general,corpus_sourashtradictionary
த3னி,dani,பல்லக்கு,Palanquin,,,,,general,corpus_sourashtradictionary
த3ஸ்து,dastu,பரிசு,Gift,,,,,general,corpus_sourashtradictionary
த3ஸல்,dasal,"புரட்டாசி சனிக்கிழமைகளில் வழங்கப்படும் அன்னதானம், தளிகை",Free lunch offered on the Saturdays of Tamil month Purattasi,,,,,general,corpus_sourashtradictionary
த4மா தா4மு,dhamaa dhaamu,அவசரம்,"Hurry, Hastel, Hurry Burry",,,,,general,corpus_sourashtradictionary
த4மா தா4முரு,dhamaa dhaamuru,"ஓட்டம் ஓட்டமாக, அவசரமாக","Hurriedly, Hastily, Hurry Burrily",,,,,general,corpus_sourashtradictionary
த4மினி,dhamini,ஓட்டம்,Flow,,,,,general,corpus_sourashtradictionary
த்4வனி,dhvani,ஒலி அமைவு,Audio,,,,,general,corpus_sourashtradictionary
த4ன்,dhan,செல்வம்,Wealth,,,,,general,corpus_sourashtradictionary
த4னக3தி3,dhanagadi,வங்கி,Bank,,,,,general,corpus_sourashtradictionary
த4னகே4ர்,dhanaghEr,வங்கி,Bank,,,,,general,corpus_sourashtradictionary
த4னவார்,dhanavaar,வங்கி,Bank,,,,,general,corpus_sourashtradictionary
தத்3து3,taddu,"வலுவான, உறுதியான","Strong, Staunch",,,,,general,corpus_sourashtradictionary
ததி3,tadi,முறை,System,,,,,general,corpus_sourashtradictionary
ததி3,tadi,"முறை, சூழல்","System, Context",,,,,general,corpus_sourashtradictionary
த்ராணி,traaNi,திறன்,"Capacity, Efficiency",,,,,general,corpus_sourashtradictionary
"தரொ, கு3ணவத்தொ","taro, guNavatto",தரம்,Quality,,,,,general,corpus_sourashtradictionary
தா3ண்,daaN,"தடி, கைப்பிடி","Staff, Handle",,,,,general,corpus_sourashtradictionary
தா3ன்,daan,தானம்,"Donation, Giving alms",,,,,general,corpus_sourashtradictionary
தா4னுக்,dhaanuk,அதன்படி,As per,,,,,general,corpus_sourashtradictionary
"தார், கெம்பி3","taar, kembi",கம்பி,Wire,,,,,general,corpus_sourashtradictionary
தாஸு,taasu,"தருணம், சந்தர்ப்பம்","Chance, Occasion, Moment",,,,,general,corpus_sourashtradictionary
தாஸும்,taasum,எதிரில்,Opposite,,,,,general,corpus_sourashtradictionary
தி2ரன்,thiran,நிரந்தரம்,Permanent,,,,,general,corpus_sourashtradictionary
தி3க்குல்,dikkul,"பராக்கு, கவனமின்மை",Inattention,,,,,general,corpus_sourashtradictionary
தி3த3த்தெ,didatte,திருப்பிக் கொடுத்தல்,Giving back,,,,,general,corpus_sourashtradictionary
தி3ர்னி,dirni,"கரைதல், உருகுதல்","Dissolve. Dissolution, Melt",,,,,general,corpus_sourashtradictionary
தி3வ்ய,divya,அற்புதமான,"Splendorous, Fantastic, Wonderful",,,,,general,corpus_sourashtradictionary
தி3வளி,divaLi,தீபாவளி,Diwali / Deepawali / Deepavali Festival,,,,,general,corpus_sourashtradictionary
தி3னுஸ்,dinus,வகை,Variety,,,,,general,corpus_sourashtradictionary
தி3ஜனி,dijani,"தேய்தல், தேய்மானம்","Wear and Tear, Depreciation",,,,,general,corpus_sourashtradictionary
திகு3ச்சர்,tiguccar,தன்னால்,"By itself, Automatically",,,,,general,corpus_sourashtradictionary
திவுச்சர்,tivuccar,தன்னால்,"By itself, Automatically",,,,,general,corpus_sourashtradictionary
தீ2ரப்பன்,theerappan,ஸ்திரத்தன்மை,Stability,,,,,general,corpus_sourashtradictionary
தீ3 தொ2வெத்தெனொ,dee thovetteno,கொடுத்து வைத்தவன்,Lucky,,,,,general,corpus_sourashtradictionary
தீ4னு,dheenu,"உரிமை, சுதந்திரம்","Right, Freedom",,,,,general,corpus_sourashtradictionary
து3க்3வாள்,dugvaaL,பஞ்சம்,Famine,,,,,general,corpus_sourashtradictionary
து3கா3ள்,dugaaL,பஞ்சம்,Famine,,,,,general,corpus_sourashtradictionary
து3ட3கொ,duDako,பிளவு,Split,,,,,general,corpus_sourashtradictionary
து3ர்கு3ன்,durgun,கெடும்படி,Spoling,,,,,general,corpus_sourashtradictionary
து3ஸ்தர்,dustar,அபூர்வம்,Rare,,,,,general,corpus_sourashtradictionary
து3ஸ்தல்,dustal,அபூர்வம்,Rare,,,,,general,corpus_sourashtradictionary
து3ஸ்தல்கன்,dustalkan,"அரிதாக, அபூர்வமாக","Hardly, Rarely",poorana ghiraaN dustalkan hosu,poorana ghiraaN dustalkan hosu,முழு கிரகணம் அரிதாகவே நிகழ்கிறது,Total eclipse occurs rarely,general,corpus_sourashtradictionary
து3ஷ்க்ருதின்,dushkrutin,கெட்ட செயல்,Evil deed,,,,,general,corpus_sourashtradictionary
து3ஷ்கரெ,dushkare,மோசமான செயல்,"Bad deed, Bad activity",,,,,general,corpus_sourashtradictionary
து3ஷ்ட,dushTa,"கெட்ட, பொல்லாத","Bad, Wicked",,,,,general,corpus_sourashtradictionary
து4ட்3டு3லத்தெ,dhuDDulatte,உறுதிப்படுத்தல்,Confirmation,,,,,general,corpus_sourashtradictionary
துங்கன்,tungkan,பணத்தின் அளவு,Measure of money,,,,,general,corpus_sourashtradictionary
துட3ன்,tuDan,சில்லறை,"Change, Retail",,,,,general,corpus_sourashtradictionary
துர்னி,turni,நுழைவு,Entry,,,,,general,corpus_sourashtradictionary
துருங்க3வாஸ்,turunggavaas,சிறைவாசம்,Imprisonment,,,,,general,corpus_sourashtradictionary
துருங்கொ3,turunggo,சிறைச்சாலை,"Prison, Jail",,,,,general,corpus_sourashtradictionary
துருன்,turun,அவசரமாக,Hastily,,,,,general,corpus_sourashtradictionary
தூ4ம்,dhoom,புகை,Smoke,,,,,general,corpus_sourashtradictionary
தூ4ம் பு2வத்தெ,dhoom phuvatte,புகை பிடித்தல்,Smoking,,,,,general,corpus_sourashtradictionary
தூ4ம்பான் வள்டி,dhoompaan vaLTi,சிகரெட்,Cigarette,,,,,general,corpus_sourashtradictionary
தூ4ர்தொ,dhoorto,தந்திரமான,Cunning,,,,,general,corpus_sourashtradictionary
தெ2ட்கி,theTki,"தடுக்கி, இடறி",stumble,,,,,general,corpus_sourashtradictionary
தெ2ட்கினி,theTkini,சிக்குதல்,Stuck,,,,,general,corpus_sourashtradictionary
தெ3க்கணா,dekkaNaa,கண்ணுக்கு தெரியாத,Invisible,,,,,general,corpus_sourashtradictionary
தெ3க்கணா ஜா,dekkaNaa jaa,"மறைந்து போ, காணாமற்போ","Disappear, Vanish",,,,,general,corpus_sourashtradictionary
தெ3க்கணாத்தொ ஹொய்யொ,dekkaNaatto hoyyo,மறைந்து போனது,"Disappeared, Vanished",,,,,general,corpus_sourashtradictionary
தெ3க்காணி,dekkaaNi,காணவில்லை,Missing,,,,,general,corpus_sourashtradictionary
தெ3ட்டு,deTTu,அடர்த்தி,Dense,,,,,general,corpus_sourashtradictionary
தெ3ண்டு3,deNDu,"வெட்டி, பயனற்ற",Useless,,,,,general,corpus_sourashtradictionary
தெ3ள்கொ,deLko,"கனம், தடிமனான","Thick, Thickness",,,,,general,corpus_sourashtradictionary
தெ4ரம்பு3ரால்,dheramburaal,தடால்புடால்,"Hurlyburly, Chaotic, Disorderly",,,,,general,corpus_sourashtradictionary
தெ4ர்னி பொட3த்தெ,dherni poDatte,பிடிபடுதல்,Be caught,,,,,general,corpus_sourashtradictionary
தெர்ஸி,tersi,"தொடரவும், இடைவிடாதிரு","Continue, Keep on, Sustain",,,,,general,corpus_sourashtradictionary
தெர்ஸு,tersu,தொடர்ந்து,Continuously,,,,,general,corpus_sourashtradictionary
தை3வத்தன்,daivattan,அதிர்ஷ்டம்,Luck,,,,,general,corpus_sourashtradictionary
தொ3ரி,dori,நூல்,Thread,,,,,general,corpus_sourashtradictionary
தொ3ஸ்கொகா2ல்,doskokhaal,தலைகீழாக,Upside down,,,,,general,corpus_sourashtradictionary
தொக்குல்,tokkul,கேவலம்,Contempt,,,,,general,corpus_sourashtradictionary
தொப்3பா3தொப்3பி3னி,tobbaatobbini,தள்ளுமுள்ளு,Hustle bustle,,,,,general,corpus_sourashtradictionary
தொப்பத்தெ,toppatte,"தவறுதல், மீறுதல்","Miss, Breach, Violate",,,,,general,corpus_sourashtradictionary
தொரண்,toraN,"வரிசை, தொடர்","Line, Queue, Series",,,,,general,corpus_sourashtradictionary
தொரப்,torap,துப்பு,Clue,,,,,general,corpus_sourashtradictionary
தோ2ட்3தோ2டு3ன்,thODthODun,கொஞ்சம் கொஞ்சமாக,Little by Little,,,,,general,corpus_sourashtradictionary
தோ3ர்,dOr,கயிறு,Rope,,,,,general,corpus_sourashtradictionary
தோ3வு,dOvu,பேரங்காடி,"Shop, Godown",,,,,general,corpus_sourashtradictionary
தோகு,tOku,எதிர்,Opposite,,,,,general,corpus_sourashtradictionary
தோன் தே3த்தெ,tOn dEtte,"எதிர்கொள்ளுதல், சமாளித்தல்","Dealing, Coping, Facing",,,,,general,corpus_sourashtradictionary
தௌ3ணோ,dauNO,கண்ணாடி,Mirror,,,,,general,corpus_sourashtradictionary
நங்கு,nangku,"நேர்மை, நம்பிக்கை","Hope, Trust",,,,,general,corpus_sourashtradictionary
நட்கம்,naTkam,நாடகம்,Drama,,,,,general,corpus_sourashtradictionary
நடி,naTi,நடிகை,Actress,,,,,general,corpus_sourashtradictionary
நடொ,naTo,நடிகர்,Actor,,,,,general,corpus_sourashtradictionary
நரகு,naraku,நரகம்,Hell,,,,,general,corpus_sourashtradictionary
நஸாத்,nasaat,நஷ்டம்,Loss,,,,,general,corpus_sourashtradictionary
நஸினம்,nasinam,அழிவு,Ruin,,,,,general,corpus_sourashtradictionary
நஸினம் ஹொயெ,nasinam hoye,பாழடைந்த,Dilapidated,,,,,general,corpus_sourashtradictionary
ந்ஹான் தெரொ,nhaan tero,மென் படலம்,Film,,,,,general,corpus_sourashtradictionary
நாச்,naac,"சினிமா, நாடகம்",Cinema,,,,,general,corpus_sourashtradictionary
நாவ் பொடெ3,naav poDe,புகழ்பெற்ற,Popular,,,,,general,corpus_sourashtradictionary
நாவு,naavu,பெயர்,Name,,,,,general,corpus_sourashtradictionary
நானாப்ரகார்,naanaaprakaar,பல விதமான,"Many kinds, Various types, Variety",,,,,general,corpus_sourashtradictionary
நாஸ்து,naastu,அழிவு,Destruction,,,,,general,corpus_sourashtradictionary
நிக்கு,nikku,குறி,Mark,,,,,general,corpus_sourashtradictionary
நித்யப்பன்,nityappan,நிரந்தரம்,Permanent,,,,,general,corpus_sourashtradictionary
நிர்ணயம்,nirNayam,தீர்மானித்தல்,Determination,,,,,general,corpus_sourashtradictionary
நிர்ப3ந்த4ம் கேர்,nirbandham kEr,"வற்புறுத்து, கட்டாயப்படுத்து","Force, Insist, Urge",,,,,general,corpus_sourashtradictionary
நிராகரணொ,niraakaraNo,ரத்து செய்தல்,Abrogation,,,,,general,corpus_sourashtradictionary
நிவ்ரி,nivri,"பகிர், பங்கு பிரி",Share,,,,,general,corpus_sourashtradictionary
நிவேஷ்,nivEsh,முதலீடு,Investment,,,,,general,corpus_sourashtradictionary
நிவேஷுபோ2ள்,nivEshuphOL,முதலீட்டின் மீதான வருவாய்,Return on Investment,,,,,general,corpus_sourashtradictionary
நிள்ச்சி,niLcci,நிலையாய்,"Steady, Durable",,,,,general,corpus_sourashtradictionary
நிஜ்ஜம்,nijjam,உண்மை,Fact,,,,,general,corpus_sourashtradictionary
நிஸ்கனொ,niskano,முடிவு,Decision,,,,,general,corpus_sourashtradictionary
நீதி,neeti,"நீதி, நியாயம்",Justice,,,,,general,corpus_sourashtradictionary
நீபு3,neebu,மரத்தொட்டி,Wooden water bucket,,,,,general,corpus_sourashtradictionary
நீவி,neevi,தொட்டி,Wooden bucket,,,,,general,corpus_sourashtradictionary
நீஸ்,nees,குரு நிந்தனை,Guru blasphemy,,,,,general,corpus_sourashtradictionary
நுக3த்தெ,nugatte,பயன்படுத்துதல்,Use,,,,,general,corpus_sourashtradictionary
நுகை3,nugai,பயன்படும்,Will be useful,,,,,general,corpus_sourashtradictionary
நுதி,nuti,புகழ்,Fame,,,,,general,corpus_sourashtradictionary
நூனம்,noonam,தீர்மானித்தல்,Determination,,,,,general,corpus_sourashtradictionary
நெஷ்டி,neshTi,"நஷ்டம், இழப்பு",Loss,,,,,general,corpus_sourashtradictionary
நெஷ்டி பொடெ3,neshTi poDe,இழந்த,Lost,,,,,general,corpus_sourashtradictionary
நேகு,nEku,"தூய்மை, தெளிவு, சுத்தம்","Purity, Clean",,,,,general,corpus_sourashtradictionary
நேர்வெது3ர்,nErvedur,நேரெதிரே,Quite the opposite,,,,,general,corpus_sourashtradictionary
நேரும்,nErum,நேரில்,In person,,,,,general,corpus_sourashtradictionary
நொம்க்கெ,nomkke,நம்பிக்கை,"Confidence, Belief, Trust, Hope",,,,,general,corpus_sourashtradictionary
நொம்மினி,nommini,நம்பிக்கை,"Confidence, Belief, Trust, Hope",,,,,general,corpus_sourashtradictionary
நோகு3,nOgu,நடவடிக்கை,Action,,,,,general,corpus_sourashtradictionary
ப2லி,phali,பலன்,"Result, Benefit",,,,,general,corpus_sourashtradictionary
ப2ள்ளயொ,phaLLayo,அடுத்த,Next one,,,,,general,corpus_sourashtradictionary
ப3ந்தி3,bandi,கைதி,Prisoner,,,,,general,corpus_sourashtradictionary
ப3பி3லி,babili,பொம்மை,Doll,,,,,general,corpus_sourashtradictionary
ப3ர,bara,"நன்று, நல்லது, சிறந்தது","Good, Better, Well",,,,,general,corpus_sourashtradictionary
ப3ரொ,baro,"நன்று, நல்லது, சிறந்தது","Good, Better, Well",,,,,general,corpus_sourashtradictionary
ப3ரொ ஹோய்,baro hOy,குணமாகும்,Will heal,,,,,general,corpus_sourashtradictionary
ப3ஜார்,bajaar,கடைத்தெரு,"Market, Bazaar",,,,,general,corpus_sourashtradictionary
ப3ஸ்பம்,baspam,"சாம்பல், மருந்துப்பொடி","Ash, Microfined medicine, Drug",,,,,general,corpus_sourashtradictionary
ப4ந்தி3னிப்பன்,bhandinippan,கட்டமைப்பு,Structural,,,,,general,corpus_sourashtradictionary
ப4ர்தி,bharti,பதிலாக,Instead,,,,,general,corpus_sourashtradictionary
ப4ரம் ஹொயெ,bharam hoye,கனமான,Heavy,,,,,general,corpus_sourashtradictionary
ப4ரி,bhari,பெரிய,Big,,,,,general,corpus_sourashtradictionary
ப4ரொ,bharo,சுமை,Load,,,,,general,corpus_sourashtradictionary
ப4வாட்,bhavaaT,இரைச்சல்,"Noise, Shouting",,,,,general,corpus_sourashtradictionary
பக்வம்,pakvam,பக்குவம்,Maturation,,,,,general,corpus_sourashtradictionary
பட்டி,paTTi,பட்டியல்,List,,,,,general,corpus_sourashtradictionary
படி,paTi,பருத்தி நூல்,Cotton yarn,,,,,general,corpus_sourashtradictionary
பதா3ள்,padaaL,பாதாளம்,Underworld,,,,,general,corpus_sourashtradictionary
ப்ரக்ஞொ,praknjo,"புத்திசாலி, தன் நினைவுள்ள","Wise, Concisious",,,,,general,corpus_sourashtradictionary
ப்ரகார்,prakaar,வகை,Type,,,,,general,corpus_sourashtradictionary
ப்ரதா4ன்,pradhaan,"முக்கிய, முதன்மை","Main, Primary",,,,,general,corpus_sourashtradictionary
ப்ரதா4ன்கன்,pradhaankan,"முக்கியமாக, முதன்மையாக","Mainly, Primarily",,,,,general,corpus_sourashtradictionary
ப்ரதிஜ்ஞொ,pratijnjo,"சபதம், வாக்குறுதி","Vow, Promise",,,,,general,corpus_sourashtradictionary
ப்ரதிஜ்ஞொபத்ரொ,pratijnjopatro,முத்திரை தாள்,"Bond paper, Promissory",,,,,general,corpus_sourashtradictionary
ப்ரதீகொ,prateeko,சின்னம்,Symbol,,,,,general,corpus_sourashtradictionary
ப்ரயத்ன பொட3த்தெ,prayatna poDatte,முயற்சித்தல்,Trying,,,,,general,corpus_sourashtradictionary
ப்ரயோஜுன்,prayOjun,உபயோகம்,Useful,,,,,general,corpus_sourashtradictionary
பர்வொ ந்ஹீ,parvo nhee,பரவாயில்லை,"Nevermind, It's okay",,,,,general,corpus_sourashtradictionary
ப்ரஸித்3தி4,prasiddhi,அதிகம் பேசப்படும்,Trending,,,,,general,corpus_sourashtradictionary
ப்ரஶ்னொ,prassno,பிரச்சினை,"Problem, Issue",,,,,general,corpus_sourashtradictionary
ப்ரஹேல்,prahEl,விடுகதை,Riddle,,,,,general,corpus_sourashtradictionary
ப்ராக்,praak,முன்,Front,,,,,general,corpus_sourashtradictionary
பராக்ரமொ,paraakramo,"வீரம், துணிவு","Valor, Valour, Prowess, Daring",,,,,general,corpus_sourashtradictionary
ப்ராப்தி,praapti,பேறு,"Luck, Act of obtaining",,,,,general,corpus_sourashtradictionary
ப்ரால்,praal,விட,More than,,,,,general,corpus_sourashtradictionary
பரிகொ4,parigho,அகழி,Trench,,,,,general,corpus_sourashtradictionary
பரிணாம்,pariNaam,பரிணாமம்,Evolution,,,,,general,corpus_sourashtradictionary
பரிபாலனொ,paripaalano,வளர்த்தல்,Fostering,,,,,general,corpus_sourashtradictionary
பரிஸ்தி2தி,paristhiti,"சூழ்நிலை, நிலைமை",Situation,,,,,general,corpus_sourashtradictionary
பரிஶோத4னொ,parissOdhano,"ஆராய்ச்சி, பரிசோதனை","Testing, Experiment",,,,,general,corpus_sourashtradictionary
பரிஷேசனொ,parishEcano,தெளித்தல்,Sprinkling,,,,,general,corpus_sourashtradictionary
பருன்,parun,பிறர்,Others,,,,,general,corpus_sourashtradictionary
பலத்தெ,palatte,நிர்வகித்தல்,Administering,,,,,general,corpus_sourashtradictionary
பலனம்,palanam,நிர்வாகம்,Administration,,,,,general,corpus_sourashtradictionary
பவ்ரத்,pavrat,"அதட்டுதல், கண்டனம்","Rebuke, Condemnation",,,,,general,corpus_sourashtradictionary
பளொ ஹெட3த்தெ,paLo heDatte,படை எடுத்தல்,Invasion,,,,,general,corpus_sourashtradictionary
பஜெ மெனே வேங்கு3,paje menE vEnggu,கேட்டவுடன்,Upon asking,,,,,general,corpus_sourashtradictionary
பஜெந்தயகாம்,pajentayakaam,ஏற்பாடு,Arrangement,,,,,general,corpus_sourashtradictionary
பஜெந்தெ,pajente,வேண்டிய மட்டும்,"Needful, Requisite",,,,,general,corpus_sourashtradictionary
பஜெஹோரியொ,pajehOriyo,தேவை,Need,,,,,general,corpus_sourashtradictionary
பஸ்கட் ஜாத்தெ,paskaT jaatte,பின்தொடர்தல்,"Follow, Chase, Pursue",,,,,general,corpus_sourashtradictionary
பஸொ,paso,துரும்பு,Splinter,,,,,general,corpus_sourashtradictionary
பா2ட்,phaaT,வெடிப்பு,Crack,,,,,general,corpus_sourashtradictionary
பா4க்3கி3,bhaaggi,செல்வம்,Wealth,,,,,general,corpus_sourashtradictionary
பா4க்3யம்,bhaagyam,அதிர்ஷ்டம்,Luck,,,,,general,corpus_sourashtradictionary
பா4க்3யவான்,bhaagyavaan,அதிர்ஷ்டசாலி,Lucky,,,,,general,corpus_sourashtradictionary
பா4கு3,bhaagu,"பாகம், அத்தியாயம்","Part, Episode",,,,,general,corpus_sourashtradictionary
பா4ட்,bhaaT,கூக்குரல்,Uproar,,,,,general,corpus_sourashtradictionary
பா4ர்,bhaar,பொறுப்பு,Responsibility,,,,,general,corpus_sourashtradictionary
பா4ரு,bhaaru,"கனம், சுமை","Weight, Burden",,,,,general,corpus_sourashtradictionary
பா4வனொ,bhaavano,பொருள்,Meaning,,,,,general,corpus_sourashtradictionary
பா4ஷா வல்லரி,bhaashaa vallari,மொழிப் பூங்கொத்து,Bouquet of Language,,,,,general,corpus_sourashtradictionary
பா4ஷொ,bhaasho,மொழி,Language,,,,,general,corpus_sourashtradictionary
பாம்ஶு,paamssu,ஓய்வூதியம்,Pension,,,,,general,corpus_sourashtradictionary
பி2ரி,phiri,"திருப்பி, திரும்பவும், மீண்டும், மறுபடியும்","Again, Repeat, Return",,,,,general,corpus_sourashtradictionary
பி2ரிஹுட3த்திஸாயொ,phirihuDattisaayo,மீள்தன்மையுடையது,Resilient,,,,,general,corpus_sourashtradictionary
பி2ரிஹுட3ன் கு3ண்ணு,phirihuDan guNNu,மீள்தன்மை,Resilience,,,,,general,corpus_sourashtradictionary
பி3கு3ஸ்,bigus,அழுத்தம்,Pressure,,,,,general,corpus_sourashtradictionary
பி3ஸ்ஸொ,bisso,வேகமாக,Speed,,,,,general,corpus_sourashtradictionary
பி4டா3த்திஸா,bhiDaattisaa,ஏற்கத்தக்க,Acceptable,,,,,general,corpus_sourashtradictionary
பி4டாத்திஸொ,bhiTaattiso,நட்பு கொள்ள தக்க,Deserve to be friendly,,,,,general,corpus_sourashtradictionary
பி4டௌ3த்திஸொ,bhiDauttiso,நம்பும்படியாக,Believable,,,,,general,corpus_sourashtradictionary
பி4ண்டி3னி,bhiNDini,நம்பிக்கை,"Belief, Trust, Hope",,,,,general,corpus_sourashtradictionary
பி4ருஸ்,bhirus,"இறுகின, மரத்துப் போன","Tight, Numb",,,,,general,corpus_sourashtradictionary
பிர்ஜனம்,pirjanam,"அனுகூலம், நன்மை","Benefit, Use",,,,,general,corpus_sourashtradictionary
பிள்டி,piLTi,"பொம்மை, கைக்கூலி","Doll, Toy, Puppet, Stooge",,,,,general,corpus_sourashtradictionary
பிஸதய,pisataya,முட்டாள்தனமான,"Stupid, Nonsense",,,,,general,corpus_sourashtradictionary
பு2ட்3கொ துட்3கொ,phuDko tuDko,இதர,Miscellaneous,,,,,general,corpus_sourashtradictionary
பு2ட்கோ,phuTkO,"ஓட்டை, கிழிந்த","Hole, Torn",,,,,general,corpus_sourashtradictionary
பு2ரத்திகொ,phurattiko,மீதம் இருப்பதற்கு,For the rest,,,,,general,corpus_sourashtradictionary
பு2ர்னா,phurnaa,போதாது,Not enough,,,,,general,corpus_sourashtradictionary
பு2ரொ,phuro,"போதும், போதுமான",Enough,,,,,general,corpus_sourashtradictionary
பு2ரொ ஹொய்யொ,phuro hoyyo,சலித்துவிட்டது,Bored,,,,,general,corpus_sourashtradictionary
பு2ரொ ஹோத்திஸா,phuro hOttisaa,சலிப்பு தட்டக்கூடிய,Boring,,,,,general,corpus_sourashtradictionary
பு2லாபு2லி,phulaaphuli,பால் மரு,White Wart,,,,,general,corpus_sourashtradictionary
பு2வணி,phuvaNi,"ஊதல், ஊதுகுழல்","Whistle, Bugle",,,,,general,corpus_sourashtradictionary
பு2ள்ளயொ,phuLLayo,முந்தைய,Previous one,,,,,general,corpus_sourashtradictionary
பு2ள்ளொ,phuLLo,"முன்னால், முந்தைய","Before, Previous",,,,,general,corpus_sourashtradictionary
பு3த்3தி4,buddhi,"புத்திக்கூர்மை, அறிவு","Wisdom, Intelligence, Wit",,,,,general,corpus_sourashtradictionary
பு3வ்ட3த்தெ,buvDatte,நனைத்தல்,Dipping,,,,,general,corpus_sourashtradictionary
புகா2ர்,pukhaar,குற்றச்சாட்டு,Complaint,,,,,general,corpus_sourashtradictionary
புட்டொ,puTTo,ஓட்டை,Hole,,,,,general,corpus_sourashtradictionary
புஸ்னி,pusni,கேள்வி,Question,,,,,general,corpus_sourashtradictionary
பூர்ணொ,poorNo,முழு,Full,,,,,general,corpus_sourashtradictionary
பூர்தி,poorti,முழுமை,Complete,,,,,general,corpus_sourashtradictionary
பெ4ள்ளி,bheLLi,மிகவும்,"Very much, Highly, Sorely",,,,,general,corpus_sourashtradictionary
பெ4ளி,bheLi,"மிக, மிகவும், அதிக","More, Highly, Very",,,,,general,corpus_sourashtradictionary
பெ4ளி ஸ்ரேஷ்டு2,bheLi srEshThu,"அற்புதமான, நேர்த்தியான, சிறந்த, பிரமாண்டமான","Awesome, Elegant, Exquisite, Finest, Grand, Magnificent",,,,,general,corpus_sourashtradictionary
பெட்மாட்,peTmaaT,சப்பணம்,Sitting Cross legged,,,,,general,corpus_sourashtradictionary
பெத்தெ,pette,தனியாக,"Alone, Separate",,,,,general,corpus_sourashtradictionary
பெரும்போ3,perumbO,நாசமாய் (போக),Drat,,,,,general,corpus_sourashtradictionary
பெஶாவ்,pessaav,அகலமான,"Broad, Wide, Width",,,,,general,corpus_sourashtradictionary
பே4த்,bhEt,வேறுபாடு,Difference,,,,,general,corpus_sourashtradictionary
பை2லாதி,phailaati,முதலிய,Etcetera,,,,,general,corpus_sourashtradictionary
பை3,bai,பற்று,Debit,,,,,general,corpus_sourashtradictionary
பைடி3,paiDi,தொப்பி,Cap,,,,,general,corpus_sourashtradictionary
பைஸல்,paisal,தீர்வு,Solution,,,,,general,corpus_sourashtradictionary
பொ3ணால்,boNaal,பட்டாசு,"Fire Cracker, Crackers",,,,,general,corpus_sourashtradictionary
பொ3து3ல்,bodul,"பதிலாக, மாற்றாக்","Instead, Substitue",,,,,general,corpus_sourashtradictionary
பொ3லம்,bolam,"பலம், வலிமை","Strength, Force, Power",,,,,general,corpus_sourashtradictionary
பொ3லம் ஹொயெ,bolam hoye,"பலமான, வலிமையான","Strong, Forceful, Powerful",,,,,general,corpus_sourashtradictionary
பொ3லிம்,bolim,"பலம், வலிமை","Strength, Force",,,,,general,corpus_sourashtradictionary
பொ4ங்கு3ரொ,bhongguro,பம்பரம்,Top,,,,,general,corpus_sourashtradictionary
பொ4த்3ரம்,bhodram,"கவனம், பத்திரம், பாதுகாப்பு","Careful,Safety",,,,,general,corpus_sourashtradictionary
பொ4த்3ரம் ஹொயெ,bhodram hoye,"பத்திரமான, பாதுகாப்பான",Safe,,,,,general,corpus_sourashtradictionary
பொ4த்3ரம்கன்,bhodramkan,"பத்திரமாக, பாதுகாப்பாக","Carefully, Safely",,,,,general,corpus_sourashtradictionary
பொ4ம்,bhom,சங்கு,Conch,,,,,general,corpus_sourashtradictionary
பொ4ய்ஸ்,bhoys,"பவுசு, அந்தஸ்து","Opulence, Status",,,,,general,corpus_sourashtradictionary
பொ4வெ,bhove,நிறைய,Many,,,,,general,corpus_sourashtradictionary
பொக்கு,pokku,தொலி,"Hull, Husk",,,,,general,corpus_sourashtradictionary
பொகட்,pokaT,"பக்க, பக்கமாக","Side, Sideways",,,,,general,corpus_sourashtradictionary
பொக்ளொ,pokLo,அருகில்,Near by,,,,,general,corpus_sourashtradictionary
பொஞ்சி,ponjci,பஞ்சாயத்து,Village Council,,,,,general,corpus_sourashtradictionary
பொட்டாஸ்,poTTaas,பட்டாசு,Fire Cracker,,,,,general,corpus_sourashtradictionary
பொட்டேட்,poTTET,பட்டறை,Workshop,,,,,general,corpus_sourashtradictionary
பொராக் ஸாத்தெ,poraak saatte,வேடிக்கை பார்த்தல்,Watching passively,,,,,general,corpus_sourashtradictionary
பொள்கி3னி,poLgini,பழக்கம்,Socializing,,,,,general,corpus_sourashtradictionary
போ2குர்,phOkur,பக்கமாக,"Side, Towards",,,,,general,corpus_sourashtradictionary
போ2ரு,phOru,மேசை,Table,,,,,general,corpus_sourashtradictionary
போ2லு,phOlu,"பலன், விளைவு","Fruit, Benefit, Result, Effect",,,,,general,corpus_sourashtradictionary
போ2ள்,phOL,"பலன், விளைவு","Fruit, Benefit, Result, Effect",,,,,general,corpus_sourashtradictionary
போ3த4னொ,bOdhano,அறிவுரை,Advice,,,,,general,corpus_sourashtradictionary
மந்தொ3,mando,"மந்தமான, மழுங்கிய","Dull, Blunt",,,,,general,corpus_sourashtradictionary
ம்ருது3லொ,mrudulo,"மென்மை, மென்மையான","Soft, Gentle, Polite",,,,,general,corpus_sourashtradictionary
மல்லாமல்லினி,mallaamallini,"சலசலப்பு, பெருங்குழப்பம்","Hustle bustle, Chaos",,,,,general,corpus_sourashtradictionary
மளீ,maLee,அழுக்கான,Dirty,,,,,general,corpus_sourashtradictionary
"மஹத்வம், கு3ருத்வம்","mahatvam, gurutvam",முக்கியத்துவம்,Importance,,,,,general,corpus_sourashtradictionary
ம்ஹெத்3தி3 தரொ,mheddi taro,நடுத்தரம்,Medium,,,,,general,corpus_sourashtradictionary
ம்ஹொடொ3,mhoDo,பெரிய,Capital,,,,,general,corpus_sourashtradictionary
ம்ஹொத்3தி3,mhoddi,"நடுவில், மையம், இடை",Middle,,,,,general,corpus_sourashtradictionary
ம்ஹொஜார்,mhojaar,"நடுவில், மையம், இடை",Middle,,,,,general,corpus_sourashtradictionary
மாய்பா4ஷொ,maaybhaasho,தாய் மொழி,"Mother tongue, Mother-tongue",,,,,general,corpus_sourashtradictionary
மார்கு3,maargu,"பாதை, வழி","Way, Path",,,,,general,corpus_sourashtradictionary
மிதி,miti,எல்லை,"Limit, Border, Boundary",,,,,general,corpus_sourashtradictionary
மிள்ட,miLTa,சேரும்,Added up,,,,,general,corpus_sourashtradictionary
மிளத்தெ,miLatte,புறப்படுதல்,Departure,,,,,general,corpus_sourashtradictionary
மிள்நாத்தொ,miLnaatto,சேராமல்,Without joining,,,,,general,corpus_sourashtradictionary
மிள்னி,miLni,சந்தித்தல்,"Meeting, Union",,,,,general,corpus_sourashtradictionary
மிளாமேள்,miLaamEL,சந்தித்தல்,"Meeting, Union",,,,,general,corpus_sourashtradictionary
மிளை,miLai,கிடைக்கும்,Will get,,,,,general,corpus_sourashtradictionary
முக3த்தெ,mugatte,தேடுதல்,Search,,,,,general,corpus_sourashtradictionary
முக்யம்,mukyam,முக்கியம்,Important,,,,,general,corpus_sourashtradictionary
முத்3ரொ,mudro,முத்திரை,"Stamp, Impression, Seal",,,,,general,corpus_sourashtradictionary
முது3ல்லொ,mudullo,"முதலில், முன்கூட்டியே","First, Firstly, Advance",,,,,general,corpus_sourashtradictionary
முரளி,muraLi,புல்லாங்குழல்,Flute,,,,,general,corpus_sourashtradictionary
முரி,muri,அழுக்கு,Dirt,,,,,general,corpus_sourashtradictionary
முரி அட்டு,muri aTTu,அதிக அழுக்கு,Overly Dirt,,,,,general,corpus_sourashtradictionary
முரி ஹொயெ,muri hoye,அழுக்கான,Dirty,,,,,general,corpus_sourashtradictionary
முஜ்ஜொ,mujjo,முடிந்தது,Done,,,,,general,corpus_sourashtradictionary
முஜுன்,mujun,தீய செயல்கள்,Bad deeds,,,,,general,corpus_sourashtradictionary
முஸை,musai,"சாத்தியம், கூடும்","Possible, May",,,,,general,corpus_sourashtradictionary
மூஸி,moosi,முனை,Edge,,,,,general,corpus_sourashtradictionary
மெத்தன்,mettan,மிருதுவான,"Soft, Crisp",,,,,general,corpus_sourashtradictionary
மெனிக்யத்தன்,menikyattan,முயற்சி,Effort,,,,,general,corpus_sourashtradictionary
மொஸி,meaasi,புகைக்கரி,Soot,,,,,general,corpus_sourashtradictionary
மேட்,mET,சிறந்த,"Best, Excellent",,,,,general,corpus_sourashtradictionary
மேடுன்,mETun,சிறந்தவர்கள்,Elite,,,,,general,corpus_sourashtradictionary
மைத்ரி,maitri,நட்பு,Friendship,,,,,general,corpus_sourashtradictionary
மொக்குளொ,mokkuLo,நன்றாக,Delightfully,,,,,general,corpus_sourashtradictionary
மொகி3ன்,mogin,அறிவற்றவன்,"Ignorant, Idiot, Nincompoop",,,,,general,corpus_sourashtradictionary
மொது3ரளி,moduraLi,முதலாளி,"Employer, Boss",,,,,general,corpus_sourashtradictionary
மொரண் ஸேரு,moraN sEru,"எண்ணற்ற, ஏராளமான","Numerous, Plenty, Ample",,,,,general,corpus_sourashtradictionary
மொரணு பத்ரொ,moraNu patro,உயில்,Will,,,,,general,corpus_sourashtradictionary
மொரளி,moraLi,பணக்காரன்,Rich,,,,,general,corpus_sourashtradictionary
மொருமு,morumu,"இரகசியம், மர்மம்","Secret, Supense",,,,,general,corpus_sourashtradictionary
மொனொ,mono,கூர்மை,Sharp,,,,,general,corpus_sourashtradictionary
மொஶான்,mossaan,மயானம்,Cemetry,,,,,general,corpus_sourashtradictionary
மோல்,mOl,"விலை, மதிப்பு","Price, Cost, Value",,,,,general,corpus_sourashtradictionary
மோவு,mOvu,அளவு,Size,,,,,general,corpus_sourashtradictionary
மோஸ்,mOs,மோசம்,Humbug,,,,,general,corpus_sourashtradictionary
மோஹத்திஸா,mOhattisaa,கவர்ச்சியான,"Sexy, Glamour",,,,,general,corpus_sourashtradictionary
யத்தன்,yattan,முயற்சி,"Attempt, Try",,,,,general,corpus_sourashtradictionary
யஷ்டி,yashTi,"குச்சி, தடி","Stick, Rod",,,,,general,corpus_sourashtradictionary
யுத்3,yud,போர்,War,,,,,general,corpus_sourashtradictionary
யோஜனொ,yOjano,திட்டம்,"Plan, Project",,,,,general,corpus_sourashtradictionary
ரத்3து3 கெரத்தெ,raddu keratte,ரத்து செய்தல்,Cancellation,,,,,general,corpus_sourashtradictionary
ரப்தா வத்தான்,raptaa vattaan,பேச்சுவழக்கு,Colloquial,,,,,general,corpus_sourashtradictionary
ர்ரூப்,rroop,"உருவம், வடிவமைப்பு","Figure, Image, Design",,,,,general,corpus_sourashtradictionary
ரல்,ral,மூலதனம்,Capital,,,,,general,corpus_sourashtradictionary
ர்ஹத்த,rhatta,உண்மையான,"Real, True",,,,,general,corpus_sourashtradictionary
ர்ஹவாரனி,rhavaarani,இருக்க முடியவில்லை,Could not be,,,,,general,corpus_sourashtradictionary
ர்ஹவொ,rhavo,இருங்கள்,Stay,,,,,general,corpus_sourashtradictionary
ர்ஹியெ ஒன்னு,rhiye onnu,திடீரென்று,All of a Sudden,,,,,general,corpus_sourashtradictionary
ர்ஹியெவாகுர்,rhiyevaakur,திடீரென்று,Suddenly,,,,,general,corpus_sourashtradictionary
ரிங்க3ட3த்தெ,ringgaDatte,அடி அடி என அடித்தல்,Beating again and again,,,,,general,corpus_sourashtradictionary
ரித்தி,ritti,வீண்,Waste,,,,,general,corpus_sourashtradictionary
ரீண்,reeN,கடன்,Debt,,,,,general,corpus_sourashtradictionary
ரீதி,reeti,"முறை, பாணி, பாங்கு","Manner, Fashion, Style",,,,,general,corpus_sourashtradictionary
ருதன்,rutan,உண்மை,"True, Truth",,,,,general,corpus_sourashtradictionary
ருந்தி3,rundi,"பரவி, அகலமாக","Spread, Widely",,,,,general,corpus_sourashtradictionary
ருஜிம்,rujim,நேரில்,In person,,,,,general,corpus_sourashtradictionary
ருஜு,ruju,உண்மை,"Fact, Truth",,,,,general,corpus_sourashtradictionary
ரூட் ஹனத்தெ,rooT hanatte,கொள்ளையடித்தல்,Plunder,,,,,general,corpus_sourashtradictionary
ரூடி4,rooDhi,பழக்கம்,"Habit, Practice, Tradition",,,,,general,corpus_sourashtradictionary
ரூடு,rooTu,கொள்ளை,Robbery,,,,,general,corpus_sourashtradictionary
ரூணி,rooNi,பழக்கம்,Habit,,,,,general,corpus_sourashtradictionary
ரூப்,roop,உருவம்,"Form, Feature",,,,,general,corpus_sourashtradictionary
ரூபு,roopu,அழகு,Beauty,,,,,general,corpus_sourashtradictionary
ரெச்செ,recce,கூச்சல்,Noise,,,,,general,corpus_sourashtradictionary
ரெந்து3,rendu,"இடைவெளி, வரை",Gap,,,,,general,corpus_sourashtradictionary
ரேய்,rEy,"அடேய், ஏய்",Hey,,,,,general,corpus_sourashtradictionary
ரை,rai,செல்வம்,Wealth,,,,,general,corpus_sourashtradictionary
ரொக்டொ3,rokDo,"ரொக்கம், தொகை","Cash, Sum, Amount",,,,,general,corpus_sourashtradictionary
ரொஸம்,rosam,ரோஷம்,Irate,,,,,general,corpus_sourashtradictionary
லக3ரஸ்,lagaras,தோணுகிறது,"Seems, Feel",,,,,general,corpus_sourashtradictionary
லகை3,lagai,"ஆகும், தோணும்","Will take, Seems",,,,,general,corpus_sourashtradictionary
லங்க3ர்,langgar,நங்கூரம்,Anchor,,,,,general,corpus_sourashtradictionary
லடை3,laDai,"போர், சண்டை","Fight, Battle",,,,,general,corpus_sourashtradictionary
லம்பு3,lambu,நீளமான,Long,,,,,general,corpus_sourashtradictionary
லவ்காஸ்,lavkaas,"விஷயம், விவரம், செய்தி","Matter, Detail, News",,,,,general,corpus_sourashtradictionary
ல்ஹெக்கொ,lhekko,கணக்கு,"Account, Calculation",,,,,general,corpus_sourashtradictionary
ல்ஹெகு3,lhegu,எளிதான,Easy,,,,,general,corpus_sourashtradictionary
ல்ஹெகூ3வர்,lhegoovar,எளிதாக,"With ease, Easily",,,,,general,corpus_sourashtradictionary
லாப்,laap,"லாபம், நன்மை","Profit, Benefit",,,,,general,corpus_sourashtradictionary
லாலித்யொ,laalityo,நேர்த்தி,Elegance,,,,,general,corpus_sourashtradictionary
லானி,laani,"சிறந்தது, நல்லது, பரவாயில்லை","Better, It's Okay",,,,,general,corpus_sourashtradictionary
லுண்டி,luNTi,"மீறுதல், மீறல்","Violation, Breach",,,,,general,corpus_sourashtradictionary
லெக்கு,lekku,இடம்,"Particular Place, Destination",,,,,general,corpus_sourashtradictionary
லெக்ஷன்,lekshan,"அலகு, அடையாளம்","Unit, Identity",,,,,general,corpus_sourashtradictionary
லெங்கு3,lenggu,"வரை, வரைக்கும்","Till, Until, Up to",,,,,general,corpus_sourashtradictionary
லென்து,lentu,"வரை, வரைக்கும்","Till, Until, Up to",,,,,general,corpus_sourashtradictionary
லொட3த்தெ,loDatte,உள்ளே வருதல்,To come inside,,,,,general,corpus_sourashtradictionary
லொட்கினி,loTkini,கால் தடுமாற்றம்,Stumble,,,,,general,corpus_sourashtradictionary
லொம்பி3,lombi,தளர்ந்து,Tired,,,,,general,corpus_sourashtradictionary
லொம்பு3,lombu,நீளமான,Long,,,,,general,corpus_sourashtradictionary
லொள்வாத்தெ,loLvaatte,தடுமாறுதல்,Stumbling,,,,,general,corpus_sourashtradictionary
லோள் பொட3த்தெ,lOL poDatte,"சீரழிதல், அலைதல்","Running from pillar to post, Wandering",,,,,general,corpus_sourashtradictionary
லௌகாஸ்,laukaas,விஷயம்,Matter,,,,,general,corpus_sourashtradictionary
வக்ர,vakra,நேர்மையற்ற,Crooked,,,,,general,corpus_sourashtradictionary
வகொ3,vago,வகை,"Type, Kinds",,,,,general,corpus_sourashtradictionary
வட்கெ,vaTke,"வழக்கம், வாடிக்கை","Custom, Routine, Used to",,,,,general,corpus_sourashtradictionary
வடி3னி,vaDini,"வாடிப்போதல், வதங்குதல்","Wilt, Wither",,,,,general,corpus_sourashtradictionary
வடொ,vaTo,"பங்கு, பாகம்","Part, Share, Role",,,,,general,corpus_sourashtradictionary
வணி,vaNi,வியாபாரம்,Business,,,,,general,corpus_sourashtradictionary
வத்தாபுட்3கி,vattaapuDki,அகராதி,Dictionary,,,,,general,corpus_sourashtradictionary
வத்தாபெடி,vattaapeTi,அகராதி,Dictionary,,,,,general,corpus_sourashtradictionary
வத்தான்,vattaan,சொற்கள்,Words,,,,,general,corpus_sourashtradictionary
வத்தொ,vatteaa,"பேச்சு, உரையாடல்","Speech, Conversation, Chat",,,,,general,corpus_sourashtradictionary
வத்தொபோ3ல்,vattobOl,"அரட்டை, பேச்சுவார்த்தை","Chat, Speaking term, Dialogue",,,,,general,corpus_sourashtradictionary
வதி3னி,vadini,"தொடர்பு, தகவல் பரிமாற்றம்",Communication,,,,,general,corpus_sourashtradictionary
வரெ,vare,வியாபாரம்,Business,,,,,general,corpus_sourashtradictionary
வஸ்து,vastu,பொருள்,"Article, object, item, Goods",,,,,general,corpus_sourashtradictionary
வஹு,vahu,அடை,Dump,,,,,general,corpus_sourashtradictionary
வாகு,vaaku,சொல்,Word,,,,,general,corpus_sourashtradictionary
வாள்,vaaL,தடவை,"Number of times, Times",,,,,general,corpus_sourashtradictionary
வாஸ்கொ3ளொ,vaasgoLo,துணிப்பந்து,Cloth Ball,,,,,general,corpus_sourashtradictionary
விக்கு,vikku,"விஷம், சிங்கி, நஞ்சு",Poison,,,,,general,corpus_sourashtradictionary
விங்கினி,vingkini,மாற்றம்,Change,,,,,general,corpus_sourashtradictionary
வித4ம்,vidham,வகை,"Kind, Type, Category, Class",,,,,general,corpus_sourashtradictionary
வித்தொ / விர்த்தொ,vitteaa / virtteaa,"வீண், தேவையற்ற","Waste, Unnecessary",,,,,general,corpus_sourashtradictionary
வித்தா வத்தொ,vittaa vatteaa,வீண்பேச்சு,Gossip,,,,,general,corpus_sourashtradictionary
விதி4,vidhi,விதிமுறை,Rule,,,,,general,corpus_sourashtradictionary
விபத்,vipat,அபாயமாக,Dangerous,,,,,general,corpus_sourashtradictionary
விர்தாக்,virtaak,"வீண், வீணாக","Waste, In Vain, Unnecessary",,,,,general,corpus_sourashtradictionary
விரதி,virati,பணி ஓய்வு,Retirement,,,,,general,corpus_sourashtradictionary
விவரிணி,vivariNi,விவரம்,Details,,,,,general,corpus_sourashtradictionary
விஜனொ,vijaneaa,விசிறி,Fan,,,,,general,corpus_sourashtradictionary
விஸ்தார்,vistaar,"பரந்த, விரிவு",Broad,,,,,general,corpus_sourashtradictionary
விஸ்ராத்தெ,visraatte,மறத்தல்,Forgetting,,,,,general,corpus_sourashtradictionary
விஸ்வாஸ்,visvaas,விசுவாசம்,Faith,,,,,general,corpus_sourashtradictionary
விஶ்ராந்தி,vissraanti,ஓய்வு,"Rest, Relaxation",,,,,general,corpus_sourashtradictionary
விஶ்வாஸ்,vissvaas,நம்பிக்கை,Belief,,,,,general,corpus_sourashtradictionary
விஶேஷ்,vissEsh,"சிறப்பு, நிகழ்ச்சி","Special, Function",,,,,general,corpus_sourashtradictionary
வெக்கினிதெ3க்கினி,vekkinidekkini,பேட்டி,Interview,,,,,general,corpus_sourashtradictionary
வெகுள,vekuLa,வேறு,Different,,,,,general,corpus_sourashtradictionary
வெடி3க்,veDik,வேடிக்கை,Fun,,,,,general,corpus_sourashtradictionary
வெது3ர்,vedur,எதிரே,In front of,,,,,general,corpus_sourashtradictionary
வெது3ர் கெர்லத்தெ,vedur kerlatte,"எதிர்கொள்வது, சமாளிப்பது, கையாள்வது","Deal with, Cope with, Face",,,கடினமான காலங்களை எப்படி எதிர்கொள்வது என்பதை குழந்தைகளுக்கு கற்றுக்கொடுக்க வேண்டும்,Children need to be taught how to deal with difficult times,general,corpus_sourashtradictionary
வெது3ர் ஸெத்3து3,vedur seddu,எதிரொலி,Echo,,,,,general,corpus_sourashtradictionary
வெள்கி3னி,veLgini,"பிரிதல், பிரிவு",Separation,,,,,general,corpus_sourashtradictionary
வேய்,vEy,இருக்கட்டும்,Let it be,,,,,general,corpus_sourashtradictionary
வேஸ்,vEs,செலவு,Expense,,,,,general,corpus_sourashtradictionary
ஜ2ண்டா3வு,jhaNDaavu,கொடி,Flag,,,,,general,corpus_sourashtradictionary
ஜக3ரம்,jagaram,"விழிப்பு, விழிப்புடன்","Awake, Alert, Vigilant",,,,,general,corpus_sourashtradictionary
ஜங்க்,jangk,வழி,"Way, Path",,,,,general,corpus_sourashtradictionary
ஜவாப்,javaap,பதில்,Answer,,,,,general,corpus_sourashtradictionary
ஜனத்தகொ,janattako,அறிய,To know,,,,,general,corpus_sourashtradictionary
ஜன்லத்தெ,janlatte,"புரிதல், புரிந்துகொள்ளுதல்",Understanding,,,,,general,corpus_sourashtradictionary
ஜன்லுனாத்தெ,janlunaatte,அறியாமை,Ignorance,,,,,general,corpus_sourashtradictionary
ஜனி,jani,போக்கு,Trend,,,,,general,corpus_sourashtradictionary
ஜா பி2ஜ்ஜாய்,jaa phijjaay,தொலைந்து போ,Get lost,,,,,general,corpus_sourashtradictionary
ஜாக்3ரதொ,jaagrato,கவனம்,"Careful, Beware",,,,,general,corpus_sourashtradictionary
ஜாதி,jaati,வகை,Variety,,,,,general,corpus_sourashtradictionary
ஜாரா,jaaraa,போடா,Go,,,,,general,corpus_sourashtradictionary
ஜால்,jaal,வலை,"Net, Web",,,,,general,corpus_sourashtradictionary
ஜாள்,jaaL,"எரி, எரிச்சல்","Burn, Irritation",,,,,general,corpus_sourashtradictionary
ஜியெஸ்,jiyes,சென்றது,Gone,,,,,general,corpus_sourashtradictionary
ஜீலிஅவுஸ்,jeeliavus,பிரியாவிடை,"Goodbye, Farewell",,,,,general,corpus_sourashtradictionary
ஜுட்னா,juTnaa,கிடைக்காது,Won't get,,,,,general,corpus_sourashtradictionary
ஜுடை3,juDai,கிடைக்கும்,Will get,,,,,general,corpus_sourashtradictionary
ஜுண்ண,juNNa,இல்லை,"No, ain't",,,,,general,corpus_sourashtradictionary
ஜுலன்,julan,ஒளிரும்,Shining,,,,,general,corpus_sourashtradictionary
ஜெ2டொ3,jheDo,சண்டை,Fight,,,,,general,corpus_sourashtradictionary
ஜெ2ர்ப்பாய்,jherppaay,கசியும்,Seep,,,,,general,corpus_sourashtradictionary
ஜெதொ3,jedo,அணி,"Team, Group",,,,,general,corpus_sourashtradictionary
ஜெதொ3மிளன்,jedomiLan,கூட்டணி,Alliance,,,,,general,corpus_sourashtradictionary
ஜேம்,jEm,வெகுமதி,Gift,,,,,general,corpus_sourashtradictionary
ஜொடி3,joDi,"இணை, இருவர்","Pair, Couples",,,,,general,corpus_sourashtradictionary
ஸக்ரியொ,sakriyo,சுறுசுறுப்பான,"Agile, Active",,,,,general,corpus_sourashtradictionary
ஸகல,sakala,அனைத்தும்,All,,,,,general,corpus_sourashtradictionary
ஸங்கீ3த்,sanggeet,இசை,Music,,,,,general,corpus_sourashtradictionary
ஸத்,sat,"உண்மை, நல்ல","True, Truth, Good",,,,,general,corpus_sourashtradictionary
ஸத3ஸ்,sadas,சபை,"Council, Assembly",,,,,general,corpus_sourashtradictionary
ஸத்கரெ,satkare,நல்ல செயல்,"Good deed, Good activity",,,,,general,corpus_sourashtradictionary
ஸ்தான்யொ,staanyo,"முதல், இருந்து",Since,,,,,general,corpus_sourashtradictionary
ஸ்தி2தி,sthiti,நிலை,"Condition, State",,,,,general,corpus_sourashtradictionary
ஸ்திரம்,stiram,உறுதி,"Confirmation, Assurance",,,,,general,corpus_sourashtradictionary
"ஸ்திரம் கேர், து4ட்3டி3","stiram kEr, dhuDDi",உறுதிப்படுத்தவும்,Confirm,,,,,general,corpus_sourashtradictionary
ஸப்3தா3ர்துன்,sabdaartun,சொற்பொருள்,Meaning,,,,,general,corpus_sourashtradictionary
ஸபா4,sabhaa,சபை,"Assembly, Forum, Gathering",,,,,general,corpus_sourashtradictionary
ஸம்டை,samTai,கிடைக்கும்,Will be available,,,,,general,corpus_sourashtradictionary
ஸம்பத்து,sampattu,"செழிப்பு, செல்வம், வளம்","Prosperity, Wealth, Resource",,,,,general,corpus_sourashtradictionary
ஸம்பூர்ணொ,sampoorNo,முழுமையான,Complete,,,,,general,corpus_sourashtradictionary
ஸம்ரக்ஷணொ,samrakshaNo,பாதுகாத்தல்,"Protection, Preservation",,,,,general,corpus_sourashtradictionary
ஸமர்து2,samarthu,திறமையான,"Able, Skilled, Talented",,,,,general,corpus_sourashtradictionary
ஸம்ர்ப்பணொ,samrppaNo,அர்ப்பணிப்பு,Dedication,,,,,general,corpus_sourashtradictionary
ஸம்ருத்3தி4,samruddhi,வளமான,Prosperous,,,,,general,corpus_sourashtradictionary
ஸம்ஸ்க்ருதி,samskruti,"கலாச்சாரம், பண்பாடு",Culture,,,,,general,corpus_sourashtradictionary
ஸமஸ்தொ,samasto,பொது,"Common, General, Public",,,,,general,corpus_sourashtradictionary
ஸமஸ்யொ,samasyo,பிரச்சினை,"Problem, Issue",,,,,general,corpus_sourashtradictionary
ஸமாசார்,samaacaar,"செய்தி, தகவல்","News, Message, Information",,,,,general,corpus_sourashtradictionary
ஸமாசார்பத்ரொ,samaacaarpatro,செய்தித்தாள்,Newspaper,,,,,general,corpus_sourashtradictionary
ஸமாஜ்,samaaj,சமூகம்,Society,,,,,general,corpus_sourashtradictionary
ஸமிதி,samiti,"சங்கம், குழு","Association, Committee",,,,,general,corpus_sourashtradictionary
ஸர,sara,உடன்,"With, Along with",,,,,general,corpus_sourashtradictionary
ஸரதெனொ,sarateno,உடன் இருப்பவர்,"Mate, Colleague",,,,,general,corpus_sourashtradictionary
ஸராவ்,saraav,"இருப்பு, மீதி, மிச்சம்","Balance, Remainder, Remaining, Remnant",,,,,general,corpus_sourashtradictionary
ஸ்‌ரீ,sree,செல்வம்,Wealth,,,,,general,corpus_sourashtradictionary
ஸ்ருதி,sruti,சுருதி,Pitch,,,,,general,corpus_sourashtradictionary
ஸல்லிஸ்,sallis,எளிமையான,Easy,,,,,general,corpus_sourashtradictionary
ஸவணி,savaNi,காணொளி,Video,,,,,general,corpus_sourashtradictionary
ஸ்வதந்த்ரொ,svatantro,சுதந்திரம்,Independence,,,,,general,corpus_sourashtradictionary
ஸ்வயஸுக2ம்,svayasukham,தன்னலம்,Selfishness,,,,,general,corpus_sourashtradictionary
ஸவஸ்,savas,"சகவாசம், நட்பு","Companionship, Friendship",,,,,general,corpus_sourashtradictionary
ஸ்வாக்,svaak,செல்வம்,Wealth,,,,,general,corpus_sourashtradictionary
ஸன்மார்கு3,sanmaargu,சரியான பாதை,Right path,,,,,general,corpus_sourashtradictionary
ஸன்னெ,sanne,பொதுவான,Common,,,,,general,corpus_sourashtradictionary
ஸனாதனொ,sanaatano,"நிரந்தரமான, என்றென்றும்","Permanent, Forever",,,,,general,corpus_sourashtradictionary
ஸனி,sani,பார்வை,"Glance, View, Vision, Look",,,,,general,corpus_sourashtradictionary
ஸஸ்யொ,sasyo,பலன்,"Benefit, Result",,,,,general,corpus_sourashtradictionary
ஸஹஜம்,sahajam,இயற்கை,Natural,,,,,general,corpus_sourashtradictionary
ஸஹஜம்,sahajam,"சரளமானவர், தங்கு தடையின்றி","Fluent, Effortless","பாரிஸும் ஒண்டெ ஒர்ஸு ப2ராது, தெனு பி2ரஞ்சு பா4ஷாம் ஸஹஜம் ஹொய்யா","paarisum oNTe orsu pharaatu, tenu phiranjcu bhaashaam sahajam hoyyaa","பிரான்சில் ஒரு வருடம் கழித்து, அவர் பிரெஞ்சு மொழியில் சரளமாக இருந்தார்",After a year in France she was fluent in French,general,corpus_sourashtradictionary
ஸஹஜம்கன்,sahajamkan,சரளமாக,"Fluently, Effortlessly",தெனு ஜெர்மனி ஸஹஜம்கன் வத்தொ கெரராஸ்,tenu jermani sahajamkan vatto keraraas,அவர் சரளமாக ஜெர்மன் பேசுகிறார்,He speaks German fluently,general,corpus_sourashtradictionary
ஸஹாவு,sahaavu,உதவி,Help,,,,,general,corpus_sourashtradictionary
ஸாக்ககொ,saakkako,பார்க்க,"To see, To look",,,,,general,corpus_sourashtradictionary
ஸாங்க்,saangk,ஆதாரம்,Source,,,,,general,corpus_sourashtradictionary
ஸாத4னொ,saadhano,"வழிமுறை, கருவி","Means, Instrument, Tool",,,,,general,corpus_sourashtradictionary
ஸாதா4ரணம்,saadhaaraNam,எளிமை,"Simple, Normal, Ordinary",,,,,general,corpus_sourashtradictionary
ஸாது4,saadhu,சாதுவான,"Meek, Peaceful, Bland",,,,,general,corpus_sourashtradictionary
ஸாமதி,saamati,பழமொழி,Proverb,,,,,general,corpus_sourashtradictionary
ஸாமான்யொ,saamaanyo,"பொதுவான, வழக்கமான, இயல்பான, எளிமையான","Common, Usual, Normal, Simple, Ordinary",,,,,general,corpus_sourashtradictionary
ஸாமான்யொ ஞான்,saamaanyo njaan,பொது அறிவு,General Knowledge,,,,,general,corpus_sourashtradictionary
ஸாரம்ஶொ,saaramsso,"சாராம்சம், சுருக்கம்","Essence, Gist, Abstract",,,,,general,corpus_sourashtradictionary
ஸிங்க்3யார்,singgyaar,"அழகு, அழகான","Beauty, Beautiful, Cute",,,,,general,corpus_sourashtradictionary
ஸிங்க்3யார்ஹொயெ,singgyaarhoye,அழகான,"Handsome, Lovely, Loviest, Cutie",,,,,general,corpus_sourashtradictionary
ஸிரி,siri,"பொருள், செல்வம்","Wealth, Prosperity",,,,,general,corpus_sourashtradictionary
ஸில்மொ,silmo,உழைப்பு,"Labor, Labour",,,,,general,corpus_sourashtradictionary
ஸிலின்,silin,கஷ்டப்பட்டு,With difficulty,,,,,general,corpus_sourashtradictionary
ஸின்னாத்தொ,sinnaatto,சோர்வின்றி,Without tiring,,,,,general,corpus_sourashtradictionary
ஸீம்,seem,எல்லை,"Limit, Border, Boundary",,,,,general,corpus_sourashtradictionary
ஸுட்டுனாத்தொ,suTTunaatto,இடைவிடாமல்,Incessant,,,,,general,corpus_sourashtradictionary
ஸுத்2த4,suthdha,சுத்தம்,"Clean, Pure, Neat",,,,,general,corpus_sourashtradictionary
ஸுத்3த4ம் ஹொயெ,suddham hoye,"தூய்மையான, களங்கமற்ற, பரிசுத்தமான, புது நிலையில் உள்ள","Pure, Divine, Spotless, Virgin",,,,,general,corpus_sourashtradictionary
ஸுரு,suru,சுருக்கம்,Wringle,,,,,general,corpus_sourashtradictionary
ஸுல்ப்3யம்,sulbyam,"எளிது, எளிமை, எளிமையான","Simple, Easy",,,,,general,corpus_sourashtradictionary
ஸூசனொ,soocano,பரிந்துரை,Suggestion,,,,,general,corpus_sourashtradictionary
ஸூசனொ,soocano,"தகவல், பட்டியல்","Information, List",,,,,general,corpus_sourashtradictionary
ஸூட்,sooT,சூடு (வைத்தல்),Burn with hot iron,,,,,general,corpus_sourashtradictionary
ஸெங்க3ல்,senggal,சங்கிலி,Chain,,,,,general,corpus_sourashtradictionary
ஸெங்கு3,senggu,துணை,Company,,,,,general,corpus_sourashtradictionary
ஸெத்3து3,seddu,சத்தம்,"Noise, Sound",,,,,general,corpus_sourashtradictionary
ஸெத்து,settu,சத்தியம்,Promise,,,,,general,corpus_sourashtradictionary
ஸெத்லொ,setlo,"முடிவில், இறுதியில்","End, Last",,,,,general,corpus_sourashtradictionary
ஸெர்க்கஸ்,serkkas,சரி,"Ok, Okay, Okey",,,,,general,corpus_sourashtradictionary
ஸெர்க்கொ,serkko,"சரி, சரியான",Correct,,,,,general,corpus_sourashtradictionary
ஸெர்ச்சத்தெ,serccatte,தீர்த்தல்,Solving,,,,,general,corpus_sourashtradictionary
ஸெர்மான்,sermaan,சமமாக,Equivalent,,,,,general,corpus_sourashtradictionary
ஸெவ்கன்,sevkan,சிறந்தவன்,Best person,,,,,general,corpus_sourashtradictionary
ஸெஜ்ஜெ,sejje,அக்கம்பக்கத்து,Neighbourhood,,,,,general,corpus_sourashtradictionary
ஸேத்தெ ந்ஹா,sEtte nhaa,இல்லை,"No, Not",,,,,general,corpus_sourashtradictionary
ஸேவொ,sEvo,சேவை,Service,,,,,general,corpus_sourashtradictionary
ஸைலு,sailu,நிழல்,Shadow,,,,,general,corpus_sourashtradictionary
ஸைலொ,sailo,நிழல்,Shadow,,,,,general,corpus_sourashtradictionary
ஸொகன்,sokan,"மாதிரி, போல","Alike, Model, Type, Similar",,,,,general,corpus_sourashtradictionary
ஸொம்பு3ளோ,sombuLO,சம்பளம்,Salary,,,,,general,corpus_sourashtradictionary
ஸொம்மரவ்னி,sommaravni,"வளர்ச்சி, முன்னேற்றம்","Growth, Development",,,,,general,corpus_sourashtradictionary
ஸொல்பம்,solpam,எளிமை,"Simple, Easy",,,,,general,corpus_sourashtradictionary
ஸொவ்ண்டினி,sovNTini,அகப்படுதல்,Be captured,,,,,general,corpus_sourashtradictionary
ஸொவ்ரொ,sovro,உறவினர்,Relative,,,,,general,corpus_sourashtradictionary
ஸௌகது,saukatu,நிர்வாகம்,Administration,,,,,general,corpus_sourashtradictionary
ஸௌர்யம்,sauryam,நலம்,Well,,,,,general,corpus_sourashtradictionary
ஸௌராஷ்ட்ரா,sauraashTraa,ஸௌராஷ்ட்ரா,Sourashtra,,,,,general,corpus_sourashtradictionary
ஶக்தி,ssakti,"ஆற்றல், பலம், உடல் வலிமை, வீரியம்","Energy, Power, Force, Vigor, Vigour",,,,,general,corpus_sourashtradictionary
ஶம்பு3,ssambu,"சாஸ்திரம், போதனை",Teachings,,,,,general,corpus_sourashtradictionary
ஶமுலன்,ssamulan,தணித்தல்,Mitigation,,,,,general,corpus_sourashtradictionary
ஶ்ரேஷ்டு2,ssrEshThu,சிறந்தது,"Best, Excellent",,,,,general,corpus_sourashtradictionary
ஶாந்தி,ssaanti,"நிவர்த்தி, பரிகாரம்",Remedy,,,,,general,corpus_sourashtradictionary
ஶாபன,ssaapana,சாபம்,Curse,,,,,general,corpus_sourashtradictionary
ஶாஸ்வதொ,ssaasvato,"இடையறாத, நிரந்தரமான","Continuous, Permanent, Eternal, eternity",,,,,general,corpus_sourashtradictionary
ஶிபாரிஸு,ssipaarisu,பரிந்துரை,Recommendation,,,,,general,corpus_sourashtradictionary
ஶிபி3ரொ,ssibiro,கூடாரம்,Camp,,,,,general,corpus_sourashtradictionary
ஶில்லொ,ssillo,குளிர்ந்த,Cold,,,,,general,corpus_sourashtradictionary
ஶீல்,sseel,ஒழுக்கம்,Discipline,,,,,general,corpus_sourashtradictionary
ஶீன்,sseen,களைப்பு,Tiredness,,,,,general,corpus_sourashtradictionary
ஶுத்3த4ம்,ssuddham,"சுத்தம், தூய்மையான, களங்கமற்ற","Clean, Pure, Neat",,,,,general,corpus_sourashtradictionary
ஶெக்கானா,ssekkaanaa,முடியாமல்,Not able to,,,,,general,corpus_sourashtradictionary
ஶெக்குனா,ssekkunaa,முடியாது,Cannot,,,,,general,corpus_sourashtradictionary
ஶெங்கள்,ssengkaL,"கைவிலங்கு, சங்கிலி","Handcuff, Chain",,,,,general,corpus_sourashtradictionary
ஶெணம்,sseNam,விரைவாக,"Quick, Quickly",,,,,general,corpus_sourashtradictionary
ஶெந்த,ssenta,"உடன், கூட",With,,,,,general,corpus_sourashtradictionary
ஶெவ்வட்,ssevvaT,அருகில்,Near by,,,,,general,corpus_sourashtradictionary
ஶோப4னொ,ssObhano,அருமை,"Nice, Super",,,,,general,corpus_sourashtradictionary
ஶௌர்யொ,ssauryo,தைர்யம்,Braveness,,,,,general,corpus_sourashtradictionary
ஹக்,hak,உரிமை,"Right, Claim",,,,,general,corpus_sourashtradictionary
ஹங்கார்,hangkaar,ஆத்திரம்,"Rage, Tantrum, Anger",,,,,general,corpus_sourashtradictionary
ஹத்3த3ட்3டு,haddaDTu,அரையணா,1/32 of a Rupee,,,,,general,corpus_sourashtradictionary
ஹத்3து3,haddu,பாதி,Half,,,,,general,corpus_sourashtradictionary
ஹத3ம்,hadam,வக்கு,No means,,,,,general,corpus_sourashtradictionary
ஹத்தா3முத்து3,hatdaamutdu,அரைகுறை,Half-done,,,,,general,corpus_sourashtradictionary
ஹர்ம்ப3ம்,harmbam,ஆரம்பம்,Beginning,,,,,general,corpus_sourashtradictionary
ஹல்கொ,halko,இலேசான,Lightweight,,,,,general,corpus_sourashtradictionary
ஹலு,halu,மெதுவாக,"Slow, Slowly",,,,,general,corpus_sourashtradictionary
ஹவ்ட3னு வஸ்து,havDanu vastu,நினைவுப்பொருள்,Souvenir,,,,,general,corpus_sourashtradictionary
ஹள்ளு,haLLu,மெதுவாக,"Slow, Slowly",,,,,general,corpus_sourashtradictionary
ஹன்னவ்,hannav,பணம்,Money,,,,,general,corpus_sourashtradictionary
ஹன்னௌ,hannau,பணம்,Money,,,,,general,corpus_sourashtradictionary
ஹிங்கா3டு3,hinggaaDu,ஏற்றுமதி,Export,,,,,general,corpus_sourashtradictionary
ஹிண்டி3னி,hiNDini,"திரிதல், அலைதல்",Wandering,,,,,general,corpus_sourashtradictionary
"ஹிதவ், ஹிதௌ","hitav, hitau","நன்மை, நல்ல அறிவுரை","Benefit, Good advice, Goodness",,,,,general,corpus_sourashtradictionary
ஹின்டத்தெ,hinTatte,மீறுதல்,"Breach, Violate",,,,,general,corpus_sourashtradictionary
ஹீன்,heen,"தீமை, தீங்கு, சேதம்","Evil, Damage",,,,,general,corpus_sourashtradictionary
ஹீனு,heenu,"இல்லாதது, குறைபாடு","Absent, Deficiency",,,,,general,corpus_sourashtradictionary
ஹுடொ3,huDo,குப்புற,Belly down,,,,,general,corpus_sourashtradictionary
ஹுடொ3தி3டொ3,huDodiDo,தலைகீழாக,Upside down,,,,,general,corpus_sourashtradictionary
ஹுத்ராடு3,hutraaDu,இறக்குமதி,Import,,,,,general,corpus_sourashtradictionary
ஹுதா3ர்,hudaar,இரவல்,Loan,,,,,general,corpus_sourashtradictionary
ஹுர்படொ3,hurpaDo,தலைகீழாக,Flip / Reverse Side,,,,,general,corpus_sourashtradictionary
ஹெதா3ர்த்து,hedaarttu,தற்செயலான,"Incidental, Casual",,,,,general,corpus_sourashtradictionary
ஹெம்மல்,hemmal,மமதை,Haughtiness,,,,,general,corpus_sourashtradictionary
ஹேது,hEtu,"காரணம், வழி, செயல் நோக்கம்","Reason, Route, Motivation",,,,,general,corpus_sourashtradictionary
ஹொடி,hoTi,மடி,Lap,,,,,general,corpus_sourashtradictionary
ஹொடி3னி,hoDini,"வளர்ச்சி, முன்னேற்றம்","Growth, Development",,,,,general,corpus_sourashtradictionary
ஹோடா3 ஹோட்,hODaa hOT,பற்றாக்குறை,"Scarcity, Insufficient",,,,,general,corpus_sourashtradictionary
ஹோர் அவ்னி,hOr avni,முன்னேற்றம்,Progress,,,,,general,corpus_sourashtradictionary
ஹோன்தய,hOntaya,தேவையான,"Needful, Requisite",,,,,general,corpus_sourashtradictionary
அத்தொ,atto,"இப்போது, தற்போது","Now, Currently",அத்தொ கெ4ண்டொ இக்கொ?,atto gheNTo ikko?,இப்பொழுது நேரம் என்ன?,What time is it now?,time,corpus_sourashtradictionary
தக்ஷணம்,takshaNam,உடனே,"Immediately, Instantly, In no time",தக்ஷணம் நிகி3ளி கே4ர் ஆவ்,takshaNam nigiLi ghEr aav,உடனே கிளம்பி வீட்டுக்கு வா,Leave immediately and come home,time,corpus_sourashtradictionary
எவேர்,evEr,உடனே,"Immediately, Instantly, In no time",மொரெ ஹால் எவேர் கே4ரு ப3ட்கெ ப4ந்த3த்தக் முஸுனா,more haal evEr ghEru baTke bhandattak musunaa,என்னால் உடனடியாக வாடகையை செலுத்த முடியாது,I cannot pay the rent immediately,time,corpus_sourashtradictionary
கெ4டி3ம்,gheDim,உடனடியாக,"Immediately, Instantly, In no time, By the time",கெ4டி3ம் கொ2ட்டொ க2லி கெருவொ,gheDim khoTTo khali keruvo,உடனடியாக அறையை காலி செய்யுங்கள்,Vacate the room instantly,time,corpus_sourashtradictionary
ப2ள்சொ,phaLco,பிறகு,After,தூ ஜியெ ப2ள்சொ தெனொ அவெஸ்,too jiye phaLco teno aves,நீ போன பிறகு அவன் வந்தான்,He came after you left,time,corpus_sourashtradictionary
ப2ல்லாது,phallaatu,பின்னர்,Then,ப2ல்லாது அஸ்கி தெனு மொண்ட3வ் ஸொடி3 ஜியாஸ்,phallaatu aski tenu moNDav soDi jiyaas,பின்னர் அனைவரும் மண்டபத்தை விட்டு வெளியேறினர்,Then everyone left the hall,time,corpus_sourashtradictionary
ப2ல்லொ,phallo,பிறகு,Later,நரெளு ஜா2ட் 3 ர்ஹீ 8 ஒர்ஸு ப2ல்லொ போ2ள் தே3யி,nareLu jhaaT 3 rhee 8 orsu phallo phOL dEyi,தென்னை மரம் 3 முதல் 8 ஆண்டுகளுக்குப் பிறகு பலனைத் தரும்,A coconut tree bears fruit after 3 to 8 years,time,corpus_sourashtradictionary
ப2ராது,pharaatu,பிறகு,After,க2யெ ப2ராது ஹோங்கு3 அவயி,khaye pharaatu hOnggu avayi,சாப்பிட்ட பிறகு தூக்கம் வரும்,Sleep comes after taking food,time,corpus_sourashtradictionary
ப2ள்சாது,phaLcaatu,பிறகு,Later,மீ தொகொ3 ப2ள்சாது பொ3வுஸ்,mee togo phaLcaatu bovus,நான் உன்னை பிறகு அழைக்கிறேன்,I'll call you later,time,corpus_sourashtradictionary
தெக3 ப2ள்சாது,tega phaLcaatu,அதற்குப்பிறகு,Thereafter,தெக3 ப2ள்சாது தெங்கொ3 கொன்னிதெனு நொம்ப்3யானி,tega phaLcaatu tenggo konnitenu nombyaani,அதன் பிறகு யாரும் அவரை நம்பவில்லை,Thereafter no one trusted him,time,corpus_sourashtradictionary
ஹொல்லாது3,hollaadu,"அடுத்து, பின்னர், பிறகு","Next, Afterwards, Afterward",10 ஒர்ஸு ஹொல்லாது3 தெங்கொ3 ஸாரியொ,10 orsu hollaadu tenggo saariyo,10 வருடங்களுக்குப் பிறகு அவரைப் பார்க்கிறேன்,Seeing him after 10 years,time,corpus_sourashtradictionary
தெக3 ஹொல்லாது3,tega hollaadu,"அதற்கடுத்து, அதன் பிறகு",After that,தெக3 ஹொல்லாது3 கொன்னி தெனு நிஞ்ஜானி,tega hollaadu konni tenu ninjjaani,அதற்கடுத்து யாரும் தூங்கவில்லை,No one slept after that,time,corpus_sourashtradictionary
அத்தெங்கு3டு3,attengguDu,இனிமேல்,"Hereafter, From now on",அத்தெங்கு3டு3 மொரெ வத்தோஸ் ஐகுனொ,attengguDu more vattOs aikuno,இனிமேல் என்பேச்சை தான் கேட்கவேண்டும்,"From now on, should listen only to me",time,corpus_sourashtradictionary
அதப2ர,ataphara,அதன் பிறகு,After this,அதப2ர து3ஷ்ட ஸவஸுக் ஸொடு3வொ,ataphara dushTa savasuk soDuvo,அதன் பிறகு கெட்ட நட்பை விட்டு விடுங்கள்,Leave bad friendships after this,time,corpus_sourashtradictionary
ஹொயெத்தகர்,hoyettakar,ஆனபிறகு,After,6 ம்ஹடொ3 ஹொயெத்தகர் பில்லல்னுக் கெ4டி3 அகா3ர் தெ3னொ,6 mhaDo hoyettakar pillalnuk gheDi agaar deno,6 மாதங்கள் ஆனபிறகு குழந்தைகளுக்கு திட உணவை கொடுக்க வேண்டும்,Babies should be given solid food after 6 months of age,time,corpus_sourashtradictionary
ஒள்டோக் ஒள்டோக்,oLTOk oLTOk,அவ்வப்பொழுது,Now and then,ஸுனொ ஒள்டோக் ஒள்டோக் உஸ்கெஸி,suno oLTOk oLTOk uskesi,நாய் அவ்வப்போது குரைத்தது,The dog barked now and then,time,corpus_sourashtradictionary
தெ2ப்3பொ3,thebbo,அப்போது,Then,தெ2ப்3பொ3 மீ ஸங்கெ3யொ கொன்னிதெனு அய்க்யானி,thebbo mee sanggeyo konnitenu aykyaani,அப்போது நான் சொன்னதை யாரும் கேட்கவில்லை,No one listened what I said then,time,corpus_sourashtradictionary
தெ2ப்3போ3ஸி,thebbOsi,அப்போது தான்,Only then,ஸுட்டுனாத்தக் அப்4யாஸ் கெர்னொ. தெ2ப்2போ3ஸி ஜெவுஞ்சத்தக் முஸை,suTTunaattak abhyaas kerno. thephbOsi jevunjcattak musai,தொடர்ந்து பயிற்சி செய்ய வேண்டும். அப்போதுதான் வெற்றி பெற முடியும்,Keep practicing. Only then can you win,time,corpus_sourashtradictionary
கொ2ப்3பொ3,khobbo,எப்போது,When,கொ2ப்3பொ3 பி2வ்ரி தே3ன் மெனி ஸங்கு3வொ,khobbo phivri dEn meni sangguvo,எப்போது திருப்பித் தருவீர்கள் என்று சொல்லுங்கள்,Tell me when you will return it,time,corpus_sourashtradictionary
கொ2ப்3பி3ம்,khobbim,"எப்போதும், பொதுவாக, வழக்கமாக","Always, Usually",தெனு கொ2ப்3பி3ம் சுரும் அவன்,tenu khobbim curum avan,அவர் எப்போதும் சீக்கிரம் வருவார்,He always comes early,time,corpus_sourashtradictionary
லம்பு3ரும்,lamburum,எப்போதும்,Always,ஜித்ரவ் லம்பு3ரும் இஸோஸ் ஜானா,jitrav lamburum isOs jaanaa,வாழ்க்கை எப்போதும் இப்படியே போகாது,Life will not always go like this,time,corpus_sourashtradictionary
ஸதா3கலம்,sadaakalam,எப்பொழுதும்,Always,வளுராணும் ஸதா3கலம் வேன் ஹுன்னொ ர்ஹாய்,vaLuraaNum sadaakalam vEn hunno rhaay,பாலைவனத்தில் எப்பொழுதும் அதிக வெப்பம் இருக்கும்,It is always very hot in the desert,time,corpus_sourashtradictionary
கொனேவெள,konEveLa,எந்த நேரத்திலும்,"All the time, Any time",சிரபுஞ்சிம் கொனேவெள பொவ்ஸ் பொட3ஸ்,cirapunjcim konEveLa povs poDas,சிரபுஞ்சியில் எந்த நேரத்திலும் மழை பெய்கிறது,It rains anytime in Cherrapunji,time,corpus_sourashtradictionary
தெத்தெவேள்,tettevEL,அவ்வப்போது,From time to time,ரீன் தெத்தெவேள் ஹெட்டுனொ,reen tettevEL heTTuno,கடனை அவ்வப்போது அடைத்து விடவேண்டும்,The loan should be repaid from time to time,time,corpus_sourashtradictionary
கொ3ப்3ப3 தெ2ப்3ப3,gobba thebba,எப்போது பார்த்தாலும்,"At anytime, Always",ஹிஸ்லான் கொ3ப்3ப3 தெ2ப்3ப3 ரீன் மவன்,hislaan gobba thebba reen mavan,வேலைக்காரர்கள் எப்போதும் கடன் கேட்பார்கள்,Servants always ask for credit,time,corpus_sourashtradictionary
கொ2ப்3ப3தி3,khobbadi,எப்போதாவது,"Occasionally, Sometime, Ever, Once a while",அவ்ரெ மமொ கொ2ப்3ப3தி3 ஒண்டால் சல்சித்ரு ஸான்,avre mamo khobbadi oNTaal calcitru saan,என் மாமா எப்போதாவது ஒரு முறை திரைப்படம் பார்ப்பார்,My uncle occasionally watches movies,time,corpus_sourashtradictionary
முது3ல்லாம்,mudullaam,"முன்பு, முற்காலம்","Earlier, Previously, Early times",முது3ல்லாம் அமி தி3ல்லிம் ஜிவெயொ,mudullaam ami dillim jiveyo,முன்பு நாங்கள் டெல்லியில் வாழ்ந்தோம்,Earlier we lived in Delhi,time,corpus_sourashtradictionary
கெ4ண்டொ,gheNTo,மணி,Time,தீ3 கெ4ண்டொ தொகன் ர்ஹக்கிலேத் ஸேத்தெ,dee gheNTo tokan rhakkilEt sEtte,2 மணி நேரமாக காத்திருக்கிறேன்,I am waiting for 2 hours,time,corpus_sourashtradictionary
கெ4டி3,gheDi,"போது, நேரம், கணம், சிறிது நேரம்","Time, Moment, While",கெ4டி ர்ஹியெத் வத்தொ கெரென்,gheTi rhiyet vatto keren,நேரம் இருந்தால் பேசலாம்,"If you have time, we can talk",time,corpus_sourashtradictionary
ஒண்டெ கெ4டி3,oNTe gheDi,ஒரு நாழிகை,24 Minutes,ஒண்டெ தி3 மெனரியொ 60 கெ4டி3னுன் செரயொ,oNTe di menariyo 60 gheDinun cerayo,ஒரு நாள் என்பது 60 நாழிகைகளைக் கொண்டது,A day consists of 60 gheDi,time,corpus_sourashtradictionary
கா4ட்,ghaaT,மணி,"Hour, O' clock",கெ4ண்டொ அத்தொ 2 கா4ட் 15 நிமிஷுன்,gheNTo atto 2 ghaaT 15 nimishun,இப்போது நேரம் 2 மணி 15 நிமிடங்கள்,Now the time is 2 hours 15 minutes,time,corpus_sourashtradictionary
கா4ம்,ghaam,மணி,"Hour, O' clock",ஸாதுன் தெ3ஸ் கா4முக் தொரன் கு3ஷ்டி நிகு3ளயி,saatun des ghaamuk toran gushTi niguLayi,ஏழு பத்து மணிக்கு ரயில் புறப்படும்,The train leaves at seven ten,time,corpus_sourashtradictionary
நிமுஷ்,nimush,நிமிடம்,Minute,ஸாத் கா4ம் தெ3ஸ்ஸு நிமிஷுக் ஊபொ3ண்டி3 நிகு3ளயி,saat ghaam dessu nimishuk uuboNDi niguLayi,ஏழு மணி பத்து நிமிடங்களுக்கு ரயில் புறப்படும்,The train will leave at seven hours ten minutes,time,corpus_sourashtradictionary
நிமிட்,nimiT,நிமிடம்,Minute,வராமான் நிமுடு நிமிட் மர்ச்சய்லேத் ஹொதெ3ஸி,varaamaan nimuTu nimiT marccaylEt hodesi,வானிலை நிமிடத்திற்கு நிமிடம் மாறிக்கொண்டே இருந்தது,The weather was changing minute by minute,time,corpus_sourashtradictionary
சிடு3க்,ciDuk,நொடி,Second,எல்லெகொ3 தெ2வ்டெ3 சிடு3குனூஸ் ஹோயி,ellego thevDe ciDukunoos hOyi,இதற்கு சில வினாடிகள் மட்டுமே ஆகும்,It only takes a few seconds,time,corpus_sourashtradictionary
கெ4டி3தளொ,gheDitaLo,கடிகாரம்,Clock / Watch,ஜு2கு3 கொ4ம்மானும் கெ4டி3தளொ 15 நிமிஷுன் பி3ஸ்ஸொ தொ2வஸுன்,jhugu ghommaanum gheDitaLo 15 nimishun bisso thovasun,பெரும்பாலான வீடுகளில் கடிகாரங்கள் 15 நிமிடங்கள் வேகமாக வைக்கப்படுகின்றன,Clocks in most homes are set 15 minutes faster,time,corpus_sourashtradictionary
கெ4டி3யளொ,gheDiyaLo,கடிகாரம்,Clock,அணு கெ4டி3யளோ வேன் ஸெர்க்கொகன் கெ4ண்டொ தெ3க்கட3ஸு,aNu gheDiyaLO vEn serkkokan gheNTo dekkaDasu,அணுக் கடிகாரம் மிகத் துல்லியமாக நேரத்தை காட்டுகிறது,An atomic clock shows time very accurately,time,corpus_sourashtradictionary
ஹாது கெ4டி3யளொ,haatu gheDiyaLo,கைக்கடிகாரம்,"Wristwatch, Watch",பை2லா ஹாது கெ4டி3யளொ 1868 - ம் தெ3க்கி தெ3ர்யாஸி,phailaa haatu gheDiyaLo 1868 - m dekki deryaasi,முதல் கைக்கடிகாரம் 1868 இல் கண்டுபிடிக்கப்பட்டது,The first wrist watch was invented in 1868,time,corpus_sourashtradictionary
ஸெகு3ன்,segun,சகுனம்,Omen,களொ மஞ்ஜிரிக் ஸாத்தெ தி4ல்லொ ஸெகு3ன் மெனி ஜு2கு3 தெனு மெனஸுன்,kaLo manjjirik saatte dhillo segun meni jhugu tenu menasun,கருப்பு பூனையைப் பார்ப்பது கெட்ட சகுனம் என பலர் சொல்வார்கள்,Many people say that seeing a black cat is a bad omen,time,corpus_sourashtradictionary
ஶுப4,ssubha,"நல்ல, சுப",Auspicious,ஶுப4 வேள் ஸீகின் ராக்கெட் ஸொட3ஸுனு,ssubha vEL seekin raakkeT soDasunu,சுப நேரத்தில் ராக்கெட்டை ஏவுகிறார்கள்,They launch a rocket at an auspicious time,time,corpus_sourashtradictionary
வேக்,vEk,"வேளை, காலம், போது, நேரம், சிறிது நேரம்","Time, While",வேக் சொக்கட் ர்ஹியெத் ஹவ்டெ3யொ சலயி,vEk cokkaT rhiyet havDeyo calayi,நேரம் நன்றாக இருந்தால் நினைத்தது நடக்கும்,"If the timing is good, what is thought will happen",time,corpus_sourashtradictionary
வேள்,vEL,"வேளை, காலம், போது, நேரம், சிறிது நேரம்","Time, While",தூ ஏட் ர்ஹாத்த வேள் மொரெ சொக்காய் ஸிவி ஹொட்டெ,too ET rhaatta vEL more cokkaay sivi hoTTe,நீ இங்கே இருக்கும்போது என் சட்டையை தைத்துவிடு,Sew my shirt while you're here,time,corpus_sourashtradictionary
வேளுமிதி,vELumiti,காலக்கெடு,"Deadline, Time limit, Timeline",ஸர்கார் தி3யெ வேளுமிதி ஸொந்தொ3 ஸெரொ முஸரஸ்,sarkaar diye vELumiti sondo sero musaras,அரசு அளித்த காலக்கெடு நாளையுடன் முடிவடைகிறது,The deadline given by the government ends tomorrow,time,corpus_sourashtradictionary
இர்கடு3 வேள்,irkaDu vEL,கஷ்டகாலம்,"Hard Times, Difficult times",இர்கடு3 வேள் ஸஹாவ் கெரத்தெனோஸ் மித்ரு,irkaDu vEL sahaav kerattenOs mitru,இக்கட்டான சமயங்களில் உதவுபவனே நண்பன்,A friend is one who helps in difficult times,time,corpus_sourashtradictionary
பா2ர்,phaar,"வேளை, காலம்",Time,ஸொளொபா2ரும் சுரும் ஹுட3த்தெ சொக்கட் வட்கெ,soLophaarum curum huDatte cokkaT vaTke,காலையில் சீக்கரம் எழுவது நல்ல பழக்கம்,Getting up early in the morning is a good habit,time,corpus_sourashtradictionary
பா2ரு,phaaru,ஜாமம் (3 மணி நேரம்),A period of 3 Hours,ஆட் பா2ருன் மிளின் ஒண்டெ தி3ன்னு ஹோஸு,aaT phaarun miLin oNTe dinnu hOsu,எட்டு ஜாமங்கள் சேர்ந்தால் ஒரு நாள் ஆகும்,Eight phaarun (3 Hours) add up to one day,time,corpus_sourashtradictionary
ஸெணம்,seNam,"சீக்கிரம், விரைவில்","Soon, quickly",காம் ஸெணம் முஜ்ஜொ,kaam seNam mujjo,வேலை சீக்கிரத்தில் முடிந்து விட்டது,The work is over quickly,time,corpus_sourashtradictionary
ஶுனாஸ்,ssunaas,குறித்த காலத்திற்கு முன்,Early,துமி ஶுனாஸ் அவ்டி3யா,tumi ssunaas avDiyaa,நீங்கள் சீக்கிரமே வந்து விட்டீர்கள்,You have arrived early,time,corpus_sourashtradictionary
அவ்ஸர்,avsar,அவசரம்,Hurry,துமி ககொ3 அவ்ஸர் பொட3ரியொ?,tumi kago avsar poDariyo?,நீங்கள் ஏன் அவசரப்படுகிறீர்கள்?,Why are you in such a hurry?,time,corpus_sourashtradictionary
ஸவ்கா3ஸ்,savgaas,"ஓய்வு, தாமதம்","Leisure, Free, Rest, Delay",ஸவ்கா3ஸ் அப்3பெ3த் கே4ர் அவொ,savgaas abbet ghEr avo,ஓய்வு கிடைத்தால் வீட்டுக்கு வாருங்கள்,Come home when you are free,time,corpus_sourashtradictionary
ஸவ்கா3ஸ்கன்,savgaaskan,மெதுவாக,Slowly,தெனொ ஸவ்கா3ஸ்கன் காம் கெரை,teno savgaaskan kaam kerai,அவன் மெதுவாக வேலை செய்வான்,He works slowly,time,corpus_sourashtradictionary
அவ்காஶ்,avkaass,"வாய்ப்பு, சந்தர்ப்பம்",Opportunity,புஸினி புஸத்தக் அவ்காஶ் ந்ஹீ !,pusini pusattak avkaass nhee !,கேள்விகள் கேட்க வாய்ப்பு இல்லை !,No opportunity to ask questions !,time,corpus_sourashtradictionary
அவ்காஸ்,avkaas,விடுப்பு,Leave,மீ ஹிந்தொ3 அவ்காஸ் க2ல்ரெஸ்,mee hindo avkaas khalres,நான் இன்று விடுப்பு எடுத்துள்ளேன்,I have take leave today,time,corpus_sourashtradictionary
அவ்காஸ் தி3ன்னு,avkaas dinnu,விடுமுறை,Holiday,ஒண்டெ ஒர்ஸும் 9 அவ்காஸ் தி3ன்னுன் ஸே,oNTe orsum 9 avkaas dinnun sE,ஒரு வருடத்தில் 9 விடுமுறைகள் உள்ளன,There are 9 holidays in a year,time,corpus_sourashtradictionary
தெ2வ்டெ3 வேள்,thevDe vEL,"சில நேரங்களில், சில சமயம், எப்பொழுதாவது",Sometimes,தெ2வ்டெ3வேள் தோன் ஜ2ய்லி ர்ஹாத்தெ ப3ரொ,thevDevEL tOn jhayli rhaatte baro,சில நேரங்களில் வாயை மூடிக்கொண்டு இருப்பது நல்லது,Sometimes it's better to keep the mouth shut,time,corpus_sourashtradictionary
வேளாவேளாக்,vELaavELaak,வேளாவேளைக்கு,"Timely, At regular intervals",வேளாவேளாக் ஹொகத் கா2த்தெ அவஸ்யமு,vELaavELaak hokat khaatte avasyamu,வேளாவேளைக்கு மருந்து சாப்பிடுவது அவசியம்,It is necessary to take medicines at regular intervals,time,corpus_sourashtradictionary
இரோட்,irOT,இரண்டுங்கெட்டான்,Untimely,ஸொளொபா2ர் ந்ஹீ வீள்டாக் அவ்னொ. இஸனி இரோடு வேளும் தூ அவெத் காய் கெரத்தெ?,soLophaar nhee veeLTaak avno. isani irOTu vELum too avet kaay keratte?,காலை அல்லது மாலையில் வரவேண்டும். இப்படி இரண்டுங்கெட்ட வேளையில் நீ வந்தால் என்ன செய்ய?,Should come in morning or evening. What to do if you come at a time like this?,time,corpus_sourashtradictionary
வர்தமானகாலு,vartamaanakaalu,நிகழ்காலம்,Present Tense,அத்தொ காய் சலரஸ் மெனெத்தெ வர்தமானுகாலு ஸங்க3ஸு,atto kaay calaras menette vartamaanukaalu sanggasu,இப்போது என்ன நடக்கிறது என்பதை நிகழ்காலம் சொல்கிறது,The present tense tells what is happening now,time,corpus_sourashtradictionary
பூ4தகாலு,bhootakaalu,இறந்தகாலம்,Past Tense,சலெயொ ஸங்க3த்தெ பூ4தகாலு,caleyo sanggatte bhootakaalu,நடந்ததை சொல்வது இறந்தகாலம்,Telling what happened is past tense,time,corpus_sourashtradictionary
ப4விஷ்யகாலு,bhavishyakaalu,எதிர்காலம்,Future Tense,சலன் ஜாரியொ ஸங்க3த்தெ ப4விஷ்யகாலு,calan jaariyo sanggatte bhavishyakaalu,நடக்கப் போவதை சொல்வது எதிர்காலம்,Telling what is going to happen is future tense,time,corpus_sourashtradictionary
"ஔதகாலு, அவ்தொ காலு","autakaalu, avto kaalu",எதிர்காலம்,Future Tense,மீ ஜவு மெனெத்தெ ஔதகாலு,mee javu menette autakaalu,நான் செல்வேன் என்பது எதிர்காலம்,I will go is a future tense,time,corpus_sourashtradictionary
"ஔதகால், அவ்தொ கால்","autakaal, avto kaal",எதிர்காலம்,Future,ஶ்ரேஷ்ட2 அவ்தொகாலுக்குரிச்சி மீ பாய்ஞ்பொட்3லரஸ்,ssrEshTha avtokaalukkuricci mee paaynjpoDlaras,சிறந்த எதிர்காலத்திற்காக நான் பிரார்த்தனை செய்கிறேன்,I pray for a better future,time,corpus_sourashtradictionary
ப4விஷ்யம்,bhavishyam,எதிர்காலம்,Future,ப4விஷ்யம் சொக்கட் ர்ஹாந்தொ3,bhavishyam cokkaT rhaando,எதிர்காலம் நன்றாக இருக்கட்டும்,May the future be good,time,corpus_sourashtradictionary
ஹத்3து3ராத்,hadduraat,நள்ளிரவு,Midnight,ஹத்3து3ராதும் மொகொ3 பொ3வ்னகொ3,hadduraatum mogo bovnago,நள்ளிரவில் என்னை அழைக்காதே,Don't call me at midnight,time,corpus_sourashtradictionary
ஸொளொ ஸொளொபா2ர்,soLo soLophaar,அதிகாலை,Early Morning,ஸொளொ ஸொளொபா2ரும் கோட் ஜீ ர்ஹாத்தொ முஸை?,soLo soLophaarum kOT jee rhaatto musai?,அதிகாலையில் எங்கே போயிருக்க முடியும்?,Where could have gone in the early morning?,time,corpus_sourashtradictionary
தளு,taLu,"உச்சந்தலை, உச்சி","Crown of Scalp, Top, Vetex",தெனொ தளு ர்ஹீ தளபாய்ஞ் லெந்து ப2ங்கி3லி நிஞ்ஜி ஹொதெ3ஸ்,teno taLu rhee taLapaaynj lentu phanggili ninjji hodes,அவன் உச்சி முதல் பாதம் வரை மூடிக்கொண்டு படுத்திருந்தான்,He was lying covered from head to toe,body,corpus_sourashtradictionary
தொ3ஸ்கொ,dosko,தலை,Head,தெ3க்ஷண் பொகட் தொ3ஸ்கொ தொ2வ்லி நின்ஜ ஹோனா,dekshaN pokaT dosko thovli ninja hOnaa,தெற்கில் தலை வைத்து தூங்கக் கூடாது,Should not sleep with head facing south,body,corpus_sourashtradictionary
ஸிரஸ்,siras,தலை,Head,"ஆட் வீது3 ஆங்கு3க், ஸிரஸூஸ் பிரதா4ன்","aaT veedu aangguk, sirasoos piradhaan",எண் ஜாண் உடம்புக்கு தலையே முக்கியம்,"For a body of 8 span length, the head is important",body,corpus_sourashtradictionary
மெது3ட்,meduT,மூளை,Brain,ஹொடெ3 மெனிகு மெது3டு 1.5 கிலோ பா4ர் ர்ஹாயி,hoDe meniku meduTu 1.5 kilO bhaar rhaayi,வளர்ந்த மனிதனின் மூளை 1.5 கிலோகிராம் எடை இருக்கும்,The brain of an adult human weighs 1.5 kilograms,body,corpus_sourashtradictionary
கு3து3ட்3,guduD,மூளை,Brain,"18 ஒர்ஸும், மெனிகு கு3து3ட்3 ஹொட3த்தெ ஹிப்3பி3 ர்ஹவள்ட3ஸு","18 orsum, meniku guduD hoDatte hibbi rhavaLDasu","18 வயதில், மனிதனின் மூளை வளர்வதை நிறுத்திக் கொள்கிறது","At the age of 18, the human brain stops developing",body,corpus_sourashtradictionary
மெந்து3,mendu,மூளை,Brain,மெனிகு மெந்து3 ஸதா3 காம் கெர்லேத் ர்ஹாயி,meniku mendu sadaa kaam kerlEt rhaayi,மனித மூளை எப்போதும் இயங்கிக் கொண்டிருக்கிறது,The human brain is always working,body,corpus_sourashtradictionary
கே2ஸ்,khEs,முடி,Hair,40 ஒஸ்ஸு ப2ராது கே2ஸ் ஹுஜால் பொ3ட3ன் நிகு3ளஸு,40 ossu pharaatu khEs hujaal boDan niguLasu,40 வயதிற்கு மேல் முடி நரைக்க தொடங்குகிறது,Hair starts graying after age 40,body,corpus_sourashtradictionary
அல்கொ,alko,சுருட்டை முடி,Curly hair,நீக்3ரோனுக் கே2ஸ் அல்கொகன் ஸே,neegrOnuk khEs alkokan sE,நீக்ரோக்கள் முடி சுருள் முடியாக இருக்கிறது,Negroes have curly hair,body,corpus_sourashtradictionary
ஸிகொ,siko,குடுமி,Ponytail / Mohawk,முது3ல்லாம் த3ல்லான் ஸிகொ தொ2வ்லி ஹொத்3யாஸி,mudullaam dallaan siko thovli hodyaasi,முன்பெல்லாம் ஆண்கள் குடுமி வைத்திருந்தார்கள்,Earlier men used to have tuft hair,body,corpus_sourashtradictionary
ஜுட்டி,juTTi,குடுமி,"Ponytail, Mohawk, Tuft",தெ2வ்டெ3 ஐயானுன் ஜுட்டி தொ2வ்ல்ராஸ்,thevDe aiyaanun juTTi thovlraas,சில புரோகிதர்கள் குடுமி வைத்துள்ளார்கள்,Some pandits have tuft hair,body,corpus_sourashtradictionary
கொ2பொ,khopo,கொண்டை,Bun Hairstyle,மீனாக்ஷி அம்மொ கொ2பொ தொ2வ்ல்ராஸி,meenaakshi ammo khopo thovlraasi,மீனாட்சி அம்மன் கொண்டை வைத்துள்ளார்,Goddess Meenakshi Amman has bun hairstyle,body,corpus_sourashtradictionary
ஸுண்டு3ல்,suNDul,தலைப் பொடுகு,Dandruff,ஸுண்டு3லுக் லீமு தேல் லவாயி,suNDuluk leemu tEl lavaayi,பொடுகுக்கு வேப்ப எண்ணெய் தடவலாம்,Neem oil can be applied for dandruff,body,corpus_sourashtradictionary
வெணி,veNi,தலைப்பின்னல்,Braid or Plait Hair,எல்லெ பெ3ட்3கிக் வெணி லம்பொ3 ஸே,elle beDkik veNi lambo sE,இந்த பெண்ணுக்கு நீண்ட பின்னல் உள்ளது,This girl has a long braid,body,corpus_sourashtradictionary
வெணி கு3ம்பத்தெ,veNi gumpatte,ஜடை பின்னுதல்,Braiding Hair,மாய் அபுல் பெ3டி3க் வெணி கு3ம்பி3லேத் ஸே,maay apul beDik veNi gumbilEt sE,தாய் தன் மகளுக்கு ஜடை பின்னிக்கொண்டிருக்கிறாள்,The mother is braiding her daughter,body,corpus_sourashtradictionary
ஜெடொ3,jeDo,ஜடை,Decorated Braid / Plait,நொவ்ரி லம்பு3 பூ2லு ஜெடொ3 தய்லி ஸே,novri lambu phoolu jeDo tayli sE,மணமகள் நீண்ட மலர் ஜடையுடன் இருக்கிறார்,The bride wears a long flower braid,body,corpus_sourashtradictionary
ஜொ2டொ3,jhoDo,ஜடாமுடி,"Matted hair, Clotted Hair",ஸனித3னி கெர்னா ஜியெத் தொ3ஸ்கா கே2ஸ் ஜொ2டொ3 பொள்ட3யி,sanidani kernaa jiyet doskaa khEs jhoDo poLDayi,பராமரிக்காவிட்டால் தலைமுடி ஜடாமுடி ஆகிவிடும்,"If not taken care of, the hair will become matted hair",body,corpus_sourashtradictionary
ஹுஜாலுகே2ஸ்,hujaalukhEs,நரை,Gray Hair,ஒர்ஸுஹொயெ கலமு ஹுஜாலுகே2ஸ் ஸிங்க்3யார் ர்ஹாய்,orsuhoye kalamu hujaalukhEs singgyaar rhaay,வயதான காலத்தில் நரை முடி அழகாக இருக்கும்,Gray hair looks beautiful in old age,body,corpus_sourashtradictionary
தளுபொட்டல்,taLupoTTal,வழுக்கைத்தலை,Bald,தளுபொட்டல் ஒண்டெ வம்ஶிகொ ரோகு3,taLupoTTal oNTe vamssiko rOgu,வழுக்கை ஒரு பரம்பரை நோய்,Baldness is a hereditary disease,body,corpus_sourashtradictionary
கு3ண்டு3,guNDu,"மொட்டை, வட்டம்","Tonsure, Round, Circular",பில்லா தோன் கு3ண்டு3கன் ஸே,pillaa tOn guNDukan sE,குழந்தையின் முகம் வட்டமாக உள்ளது,The baby has a round face,body,corpus_sourashtradictionary
பொ3ட3க்,boDak,மொட்டை,Tonsure,தெ2வ்டெ3தெனு ஹூனுகலமு பொ3ட3க் தய்லனு,thevDetenu hoonukalamu boDak taylanu,சிலர் கோடையில் தலையை மொட்டை அடிப்பார்கள்,Some people shave their heads in summer,body,corpus_sourashtradictionary
பா4ங்கு3,bhaanggu,வகிடு,Hair parting,தெ2வ்டெ3 பெ3ட்3கினுக் பா4ங்கு3 ஒப்பானி,thevDe beDkinuk bhaanggu oppaani,சில சிறுமிகளுக்கு வகிடை பிடிப்பதில்லை,Some girls don't like hair parting,body,corpus_sourashtradictionary
தோன்,tOn,முகம்,Face,நொவ்வொ தோனுக் ஸீதி பில்லொ ரொட3ரஸ்,novvo tOnuk seeti pillo roDaras,புதிய முகங்களைப் பார்த்து குழந்தை அழுகிறது,Baby cries seeing new faces,body,corpus_sourashtradictionary
வத3ன்,vadan,முகம்,Face,ஸுரிது ஹுஜால் பொடெ3த் வத3ன் களொ பொட3ய்,suritu hujaal poDet vadan kaLo poDay,சூரிய ஒளி பட்டால் முகம் கருப்பாக மாறும்,Sunlight turns the face black,body,corpus_sourashtradictionary
கபா3ல்,kabaal,நெற்றி,Forehead,பொ3ட்டு ந்ஹாத்த கபா3ல் ஹபா3லு,boTTu nhaatta kabaal habaalu,பொட்டு இல்லாத நெற்றி பாழ் நெற்றி,A freckle-free forehead is a dirty forehead,body,corpus_sourashtradictionary
பொட்டுல்,poTTul,கன்னப் பொறி,Temple,பொட்டுல் து3ன்னாக் மொன்னு பா4ர்கின் உத்ஜம் மெல்லொ காரணொ,poTTul dunnaak monnu bhaarkin utjam mello kaaraNo,கன்னப் பொறி வலிக்கு மன அழுத்தமும் பதற்றமும் கூட காரணம்,Stress and tension are also the reason for temple pain,body,corpus_sourashtradictionary
பௌனி,pauni,புருவம்,Eyebrow,தெனொ ஆஶ்சர்யமு பௌனிக் உஞ்சொ துக்கிஸி,teno aasscaryamu paunik unjco tukkisi,அவள் ஆச்சரியத்தில் புருவத்தை உயர்த்தினாள்,She raised an eyebrow in surprise,body,corpus_sourashtradictionary
பபினி,papini,புருவம்,Eyebrow,தெ2வ்டெ3தெனு தீ3 பபினிக் பெத்தெபெத்தெகன் ஹல்லட3ன்,thevDetenu dee papinik pettepettekan hallaDan,சிலர் இரண்டு புருவங்களையும் தனித்தனியாக அசைப்பார்கள்,Some people move both eyebrows separately,body,corpus_sourashtradictionary
ஹுப்3பு3 / ஹூ,hubbu / hoo,கண் புருவம்,Eyebrow,தெக3 ஹுப்3பு3 த4னு ஸொகன் ஹொத்3யெஸி,tega hubbu dhanu sokan hodyesi,அவள் புருவம் ஒரு வில் போல இருந்தது,Her eyebrow was like a bow,body,corpus_sourashtradictionary
ப3பிலி,bapili,கருவிழி,"Pupil, Iris",ஹுஜால் வேன் ர்ஹியெத் ப3பிலி குங்க3ஸு,hujaal vEn rhiyet bapili kunggasu,"அதிக வெளிச்சம் இருந்தால், கருவிழி சுருங்குகிறது","If there is too much light, the iris contracts",body,corpus_sourashtradictionary
தொ3ளொ,doLo,கண்,"Eye, Eyes",சொவ்து3னாத்தெனு தொ3ளொ ர்ஹீ மெள்ளி அந்து3ன்,covdunaattenu doLo rhee meLLi andun,படிக்காதவர்கள் கண் இருந்தும் குருடர்கள்,Uneducated people are blind even though they have eyes,body,corpus_sourashtradictionary
தொ3ளா அண்டொ3,doLaa aNDo,"கண்மணி, கண்விழி",Eye ball,தெனொ தொ3ளா அண்டொ3 ம்ஹொடொ3 கெரி த4க்கடி3ஸி,teno doLaa aNDo mhoDo keri dhakkaDisi,அவள் கண்மணியை விரித்து பயமுறுத்தினாள்,She widened her eyeball and frightened,body,corpus_sourashtradictionary
ஒரொதொ3ளொ,orodoLo,மாறுகண்,Squint Eye,ஒரொதொ3ளாக் ப3ரொ கெரத்தக் முஸயி,orodoLaak baro kerattak musayi,மாறுகண்ணை சரி செய்ய முடியும்,Squint eyes can be cured,body,corpus_sourashtradictionary
தி3ஷ்டி,dishTi,பார்வை,"Eye sight, Eye vision",ச2ஸ்மொ தி3ஷ்டிக் செர்க்க கெரத்தக் ஒர்க3யி,chasmo dishTik cerkka kerattak orgayi,மூக்குக் கண்ணாடி பார்வையை சரிசெய்ய உதவும்,Spectacles can help correct eye sight,body,corpus_sourashtradictionary
கிஸுர்,kisur,"கெட்ட பார்வை, கண் திருஷ்டி",Evil eye,பில்லாக் கிஸுர் லய்னாத்தக் ஸீலுனொ,pillaak kisur laynaattak seeluno,குழந்தையை கண் திருஷ்டி படாமல் பார்த்துக்கொள்ள வேண்டும்,Care should be taken to prevent the infant from evil eye,body,corpus_sourashtradictionary
"ஸௌரினி, ஸவ்ரினி","saurini, savrini","தெளிவின்மை, மங்கல்",Blur,தொ3ளா அத்3த3ம் ந்ஹாத்தக் அஸ்கி ஸௌரயி தெ3க்காரஸ்,doLaa addam nhaattak aski saurayi dekkaaras,"கண்ணாடி இல்லாமல், எல்லாம் மங்கலாகத் தெரிகிறது","Without spectacles, everything looks blurred",body,corpus_sourashtradictionary
மிஸினி,misini,இமை,Eyelid,ஹோங்கு3 ந்ஹாத்தெஹால் மிஸினி பு2க்3கி3 ஹொதெ3ஸ்,hOnggu nhaattehaal misini phuggi hodes,தூக்கமின்மையால் கண் இமைகள் வீங்கியிருந்தன,Eyelids had swollen due to lack of sleep,body,corpus_sourashtradictionary
ரொப்பொ,roppo,இமை,Eyelid,ரொப்பொ ரோம்கொ ஹுடொ3 தொ2வ்லி நிஞ்ஜி ஹொதெ3ஸ்,roppo rOmko huDo thovli ninjji hodes,கண் இமைகள் லேசாகத் திறந்து தூங்கிக் கொண்டிருந்தான்,He was sleeping with his eyelids slightly open,body,corpus_sourashtradictionary
ரொப்பா கே2ஸ்,roppaa khEs,இமை முடி,Eyelash,தெ2வ்ட்3தெங்கொ3 ரொப்பா கே2ஸ் லம்பொ3 ர்ஹாயி,thevDtenggo roppaa khEs lambo rhaayi,சிலருக்கு இமைமுடிகள் நீளமாக இருக்கும்,Some people have long eyelashes,body,corpus_sourashtradictionary
க3ல்பொ,galpo,கன்னம்,Cheek,துரெ ந்ஹுருக் க3ல்பொ கெண்டொ3கெளொகன் ஸே,ture nhuruk galpo keNDokeLokan sE,உங்கள் குழந்தைக்கு கன்னம் கொழுகொழு என உள்ளன,Your baby has chubby cheeks,body,corpus_sourashtradictionary
க3வ்லொ,gavlo,கன்னம்,Cheek,கஷ்மீரு பில்லல்னுக் க3வ்லொ ல்ஹொவ்வொ ர்ஹாயி,kashmeeru pillalnuk gavlo lhovvo rhaayi,காஷ்மீரி குழந்தைகளுக்கு கன்னங்கள் சிவப்பாக இருக்கும்,Kashmiri baby have red cheeks,body,corpus_sourashtradictionary
க3புலொ,gapulo,கன்னம்,Cheek,க3புலொ கெண்டொ3கெளொகன் ர்ஹியெத் சுண்டுனொ மெனி லக3யி,gapulo keNDokeLokan rhiyet cuNTuno meni lagayi,கன்னம் கொழுகொழு என இருந்தால் கிள்ளத் தூண்டுகிறது,"It tempts to pinch, if the cheeks are chubby",body,corpus_sourashtradictionary
கா3லு,gaalu,கன்னம்,Cheek,ந்ஹுரு கா3லுக் ப்ராமொகன் தெ4ரிஸி,nhuru gaaluk praamokan dherisi,குழந்தையின் கன்னத்தை அன்புடன் தொட்டாள்,She touched baby's cheek gingerly,body,corpus_sourashtradictionary
கெண்டொ3கெளொ,keNDokeLeaa,"சதைப்பற்று, கொழுகொழு","Chubby, Meaty",பில்லொ கெண்டொ3கெளொகன் ஸிங்க்3யார் ஸே,pillo keNDokeLokan singgyaar sE,குழந்தை கொழுகொழுவென அழகாக இருக்கிறது,The baby is fleshy and beautiful,body,corpus_sourashtradictionary
கனஸுல்,kanasul,செவுள்,"Gill, Cheek","ஸங்கெ3 வத்தொ ஐகுனா ஜியெத், கனஸுல் பு4ஞ்சுது","sangge vatto aikunaa jiyet, kanasul bhunjcutu",சொல்பேச்சை கேட்காவிட்டல் கன்னத்தில் ஓங்கி அறைவேன்,"If you don't listen, I will slap you on the cheek",body,corpus_sourashtradictionary
கான்,kaan,காது,Ear,கானும் காய் தய்லி ஸேத்தெ?,kaanum kaay tayli sEtte?,காதில் என்ன அணிந்து கொண்டிருக்கிறாய்?,What are you wearing in your ears?,body,corpus_sourashtradictionary
நாக்,naak,மூக்கு,Nose,நாக் மோனொ ஸெத்தெங்கொ3 ராக் வேன் அவய் மெனன்,naak mOno settenggo raak vEn avay menan,மூக்கு கூர்மையாக இருப்பவர்களுக்கு அதிக கோபம் வரும் என்பார்கள்,People with sharp noses are said to get more angry,body,corpus_sourashtradictionary
ஸ்வாஸொ,svaaso,மூச்சு,Breath,தெனு ஸ்வாஸொ கெரத்தக் வேன் கெஷ்டம் பொட3ராஸ்,tenu svaaso kerattak vEn keshTam poDaraas,அவர் மூச்சு விட மிகவும் கஷ்டப்படுகிறார்,He is struggling to breathe,body,corpus_sourashtradictionary
தோண்,tON,வாய்,Mouth,தெ2வ்டெ3 தெங்கொ3 தோண் கு3ல்லெ கெரெத்திக்காம் காப்பி பஜெ,thevDe tenggo tON gulle kerettikkaam kaappi paje,சிலருக்கு வாய் கொப்புளித்ததும் காப்பி வேண்டும்,Some people need coffee after rinsing their mouth,body,corpus_sourashtradictionary
ஸொகி3,sogi,கடைவாய்,Back of mouth,ஸொடெ3 தூ3த் ஸொகி3க் ஜாத்த லொவ்லாம் தெனொ மொஜ்ஜொ,soDe doot sogik jaatta lovlaam teno mojjo,ஊற்றிய பால் கடைவாய்க்கு செல்வதற்குள் அவன் இறந்து விட்டான்,He was dead before the milk reached the back of his mouth,body,corpus_sourashtradictionary
கா3லு,gaalu,தாடை,Jaw,கா2ல் பொடெ3த்தெமாம் கா3லும் கா4ம் லகி3டி3யொ,khaal poDettemaam gaalum ghaam lagiDiyo,கீழே விழுந்ததில் தாடையில் காயம் ஏற்பட்டது,He suffered a jaw injury due to a fall,body,corpus_sourashtradictionary
சீபு,ceepu,முகவாய் கட்டை,Chin,ராகு3ம் தெனொ சீபுக் ரெட்டெர் தி4க்கட்டி ஜீஸ்,raagum teno ceepuk reTTer dhikkaTTi jees,கோபத்தில் அவள் முகவாயை தோள்பட்டையில் இடித்து விட்டு சென்றாள்,She slammed her chin on her shoulder in anger,body,corpus_sourashtradictionary
ஹ்ருடி3,hruDi,ஈறு,Gums,"ஹ்ருடி3 பொ3லம்கன் ந்ஹீஜியெத், தாத்3 ஹிட்டி பொள்ட3ய்","hruDi bolamkan nheejiyet, taad hiTTi poLDay",ஈறுகள் வலிமையாக இல்லையெனில் பல் விழுந்துவிடும்,"If the gums lose strength, the tooth fall out",body,corpus_sourashtradictionary
தளு,taLu,மேலண்ணம்,Hard palate of the mouth,தேலுயொ க2யெத் தளு சிவுட்டொ லக3ய்,tEluyo khayet taLu civuTTo lagay,எண்ணெய் உணவுகளை சாப்பிட்டால் அண்ணம் பிசுபிசுப்பாகும்,"If you eat oily food, your palate will be sticky",body,corpus_sourashtradictionary
ஜீப்,jeep,நாக்கு,Tongue,ஜீபு கொனொகின் கெக3ர் ருசிக் தெ3க்கி தெ4ரயி,jeepu konokin kegar rucik dekki dherayi,நாக்கின் நுனி மற்றும் விளிம்புகள் சுவையைக் கண்டறியும்,The tip and edges of the tongue detect taste,body,corpus_sourashtradictionary
ஹுட்டொ,huTTo,எச்சில்,Saliva,ஸமஸ்தொ தா2முனும் ஹுட்டொ து2வொ ஹோனா,samasto thaamunum huTTo thuvo hOnaa,பொது இடங்களில் எச்சில் துப்பக்கூடாது,Should not spit in public places,body,corpus_sourashtradictionary
தா3த்,daat,பல்,Teeth,ப2ல்திவார் ஹுட3த்திக்காம் தா3த் மஞ்ஜுனொ,phaltivaar huDattikkaam daat manjjuno,காலை எழுந்ததும் பல் தேய்க்க வேண்டும்,Brush your teeth when you wake up in the morning,body,corpus_sourashtradictionary
பக்கலு தா3த்,pakkalu daat,கடைவாய்ப்பல்,Molar teeth,பக்கலு தா3த் ந்ஹன்ன ஒர்ஸும் ஹொட்3னா,pakkalu daat nhanna orsum hoDnaa,கடைவாய்ப்பல் சிறு வயதில் வளராது,Molars do not develop at a young age,body,corpus_sourashtradictionary
கெ3ளொ,geLo,கழுத்து,Neck,கெ3ளாம் மாலொ தகி3 தெங்கொ3 அபி4வாத3னொ கெர்யாஸி,geLaam maalo tagi tenggo abhivaadano keryaasi,கழுத்தில் மாலை அணிவித்து அவரை வரவேற்றனர்,They welcomed him with garland around his neck,body,corpus_sourashtradictionary
மான்,maan,பின் கழுத்து,Back neck,பில்லா மான் அங்கு3 நிள்ச்சிரனி,pillaa maan anggu niLccirani,குழந்தையின் கழுத்து இன்னும் நிலையாக வில்லை,The baby's neck is not yet stable,body,corpus_sourashtradictionary
பொ3ஞ்சு,bonjcu,பிடரி,"Scruff of his neck, Mane",பில்லா பொ3ஞ்சும் பொஸுவொ,pillaa bonjcum posuvo,குழந்தையின் பிடரியில் துடைக்கவும்,Wipe the baby's scruff of the neck,body,corpus_sourashtradictionary
கா2ந்து3,khaandu,தோள்,Shoulders,கே4ரு பா4ர் தெகொ3 கா2ந்து3ர் பொள்டி3யொ,ghEru bhaar tego khaandur poLDiyo,வீட்டுச் சுமை அவன் தோள்களில் விழுந்தது,The burden of home fell on his shoulders,body,corpus_sourashtradictionary
ரெட்டெ,reTTe,தோள்பட்டை,Shoulder,ரெட்டெ ஹவ்லத்தெ சொக்கட் சால்சலன் ந்ஹா,reTTe havlatte cokkaT caalcalan nhaa,தோள்பட்டையை குலுக்குதல் நல்ல நடத்தை அல்ல,Shrugging shoulder is not good manners,body,corpus_sourashtradictionary
க4டி3,ghaDi,தொண்டை,Throat,ஸில்லொ பனி பியெத் க4டி3ம் க2ஜ்ஜு அவய்,sillo pani piyet ghaDim khajju avay,குளிர்ந்த தண்ணீரை குடித்தால் தொண்டையில் புண் ஏற்படும்,Drinking cold water can cause sore throat,body,corpus_sourashtradictionary
க4டி3 ஸெத்3து3,ghaDi seddu,குரல்,Voice,அம்பா3 க4டி3 ஸெத்3து3 அய்கிதி பில்லொ பி2ரி ஸியெஸ்,ambaa ghaDi seddu aykiti pillo phiri siyes,தாயின் குரல் கேட்டு குழந்தை திரும்பி பார்த்தது,The child turned around after hearing the mother's voice,body,corpus_sourashtradictionary
பெ4தா3ள்,bhedaaL,விகாரமான,Clumsy,ஒஜனானு க4டி3 ஸெத்3து3 பெ4தா3ள்கன் ர்ஹாஸு,ojanaanu ghaDi seddu bhedaaLkan rhaasu,சிலரின் குரல் விகாரமாக இருக்கிறது,Some people's voices are clumsy,body,corpus_sourashtradictionary
கு4ட்கொ,ghuTko,"மிடறு, குரல்வளை","Larynx, Pharynx, Trachea",க3வீனுன் கு4ட்காக் சொக்கட் கௌ3ஞ்சுலராஸ்,gaveenun ghuTkaak cokkaT gaunjcularaas,பாடகர்கள் குரல்வளையை நன்றாக கவனித்துக்கொள்கிறார்கள்,Singers take good care of the larynx,body,corpus_sourashtradictionary
ஹோட்,hOT,உதடு,Lip,ஸோகுஹால் ஹோடுன் ஸுக்கியொ,sOkuhaal hOTun sukkiyo,தாகத்தால் உதடுகள் காய்ந்தன,Lips parched with thirst,body,corpus_sourashtradictionary
முஸ்குளி,muskuLi,மேலுதடு,Philtrum,தெ2வ்டெ3 த3ல்லானுக் முஸ்குளிம் ஒண்டெ முஸுங்கு3 ர்ஹானா,thevDe dallaanuk muskuLim oNTe musunggu rhaanaa,சில ஆண்களுக்கு மேலுதட்டில் மட்டும் மீசை இருக்காது,Some men have no mustache only on the philtrum,body,corpus_sourashtradictionary
முஸின்,musin,மீசை,"Moustache, Mustache",ப2ந்த3ர் ஒர்ஸும் முஸின் ஹொட3த்தக் ஹர்ம்ப3ம் ஹோஸு,phandar orsum musin hoDattak harmbam hOsu,பதினைந்து வயதில் மீசை வளர ஆரம்பிக்கும்,Mustache start growing at the age of fifteen,body,corpus_sourashtradictionary
முஸுங்கு3,musunggu,மீசை,"Moustache, Mustache",பொ2ருங்கி3ன் முஸுங்கு3 ஸொவ்ரம் கெள்ட3ஸுன்,phorunggin musunggu sovram keLDasun,வெளிநாட்டினர் மீசையை மழித்து விடுகின்றனர்,Foreigners shave their moustaches,body,corpus_sourashtradictionary
தா3டி3,daaDi,தாடி,Beard,பௌ4து3ல்னு தா3டி3 தொ2வ்ல்ராஸி,bhaudulnu daaDi thovlraasi,துறவிகள் தாடி வைத்திருக்கிறார்கள்,Ascetics have beards,body,corpus_sourashtradictionary
ஸொவ்ரம்,sovram,முடி வெட்டுதல் / மழித்தல்,Haircutting / Shaving,மொங்கு3ளார்தி ஸொவ்ரம் கெர்லஹோனா மெனன்,mongguLaarti sovram kerlahOnaa menan,செவ்வாய் கிழமைகளில் முடியை வெட்டக்கூடாது என்பார்கள்,It is said that hair should not be cut on Tuesdays,body,corpus_sourashtradictionary
ஸ்நான்,snaan,குளியல்,Bath,ஸ்நான் கெரெ ப2ராது கா2த்தெ சொக்கட் வட்கெ,snaan kere pharaatu khaatte cokkaT vaTke,குளித்த பின் சாப்பிடுவது நல்ல பழக்கம்,Eating after bathing is a good habit,body,corpus_sourashtradictionary
ஆங்கு3,aanggu,உடல்,Body,ஆங்கு3 தெ3ள்கொ பொடெ3த் ரோக்3 அவயி,aanggu deLko poDet rOg avayi,உடல் குண்டானால் நோய் உண்டாகும்,Fatty body causes disease,body,corpus_sourashtradictionary
தனு,tanu,உடல்,Body,தனு மொன்னுக் தய தா4னுக் சல்லுனொ,tanu monnuk taya dhaanuk calluno,உடல் மனதுக்கு ஏற்ப நடந்து கொள்ள வேண்டும்,The body should behave according to the mind,body,corpus_sourashtradictionary
ஶரீர்,ssareer,உடல்,Body,ஶரீர்கின் மொன்னுக் ஶுத்3த4ம்கன் தொ2வ்லுனொ,ssareerkin monnuk ssuddhamkan thovluno,உடலையும் மனதையும் சுத்தமாக வைத்திருக்க வேண்டும்,Is there anyone who does not desire the body?,body,corpus_sourashtradictionary
ந்ஹான்,nhaan,"ஒல்லியான, மெலிந்த","Lean, Skinny, Thin",தெகொ3 த4மினி கி3ரிடு3 ஸொகன் ந்ஹான் ஆங்கு3,tego dhamini giriDu sokan nhaan aanggu,அவனுக்கு ஓட்டப்பந்தய வீரன் போல மெலிந்த உடல்,He has a lean body like a runner,body,corpus_sourashtradictionary
தே3ஹப்4யாஸ்,dEhabhyaas,உடற்பயிற்சி,Exercise,தே3ஹப்4யாஸ் ஶரீருக் பொ3லம் தே3யி,dEhabhyaas ssareeruk bolam dEyi,உடற்பயிற்சி உடலுக்கு வலு தரும்,Exercise strengthens the body,body,corpus_sourashtradictionary
ஆலஸ்யொ,aalasyo,"சோம்பல், சோம்பேறித்தனம்","Sloth, Lazy, Laziness",கொன்னி காம்கெர்த்தானுக் ஆலஸ்யொ ர்ஹாஹோனா,konni kaamkerttaanuk aalasyo rhaahOnaa,எந்த வேலைக்காரருக்கும் சோம்பல் இருக்கக்கூடாது,No worker should have laziness,body,corpus_sourashtradictionary
பிளொ தே3த்தே,piLo dEttE,சோம்பல் முறித்தல்,Pandiculation,ஜு2கு3 தெனு ஸொளொபா2ர் ஹுட3த்திக்காம் பிளொ தே3னு,jhugu tenu soLophaar huDattikkaam piLo dEnu,பெரும்பாலோர் காலையில் எழுந்ததும் சோம்பல் முறிப்பார்கள்,Most people pandiculate once they wake up in the morning,body,corpus_sourashtradictionary
ஜீவ்,jeev,உயிர்,Life,ஜீவ் ஜியெ ப2ராத் ரொடி3 காய் பிர்ஜனம்?,jeev jiye pharaat roDi kaay pirjanam?,உயிர் போன பின் அழுது என்ன பிரயோஜனம்?,What is the use of crying after death?,body,corpus_sourashtradictionary
கெண்டொ3,keNDo,தோல்,"Skin, Muscle",பி2ரி பி2ரி ஹனெஹால் கெண்டொ3 பி4ருஸ் பொள்டி3யொ,phiri phiri hanehaal keNDo bhirus poLDiyo,மீண்டும் மீண்டும் அடித்ததால் தோல் மரத்துப் போனது,Repeated beatings numbed the skin,body,corpus_sourashtradictionary
கெர்ப்பான்,kerppaan,தோல் அரிப்பு,Skin itching,வங்கி3 வேன் க2யெத் கெர்ப்பான் அவய்,vanggi vEn khayet kerppaan avay,கத்தரிக்காய் அதிகம் சாப்பிட்டால் தோல் அரிப்பு வரும்,"If you eat a lot of brinjal, you will get skin itching",body,corpus_sourashtradictionary
காக்,kaak,அக்குள்,Armpit,காகும் கு3லுகு3லாய்ங் கெரெத் பில்லொ அஸயி,kaakum gulugulaayng keret pillo asayi,அக்குளில் கிச்சு கிச்சு மூட்டினால் குழந்தை சிரிக்கும்,The child laughs if we tickle its armpit,body,corpus_sourashtradictionary
ஹாத்,haat,கை,Hand,ஹாத் துக்கி பாய்ஞ் பொடு3வொ,haat tukki paaynj poDuvo,கையை உயர்த்தி வணங்குங்கள்,Raise your hand and bow,body,corpus_sourashtradictionary
கொ2வொ,khovo,முழங்கை,Elbow,கொ2வொஹால் பொ3வத்தெ நஜ்ஜெ வட்கெ,khovohaal bovatte najje vaTke,முழங்கையால் அழைப்பது ஒரு கெட்ட பழக்கம்,Calling with the elbow is a bad habit,body,corpus_sourashtradictionary
கொ2பொ3,khobo,முழங்கை,Elbow,பை3ல்வான் கொ2பொ3ஹால் நலர் பொ2ட3ராஸி,bailvaan khobohaal nalar phoDaraasi,பயில்வான் முழங்கையால் தேங்காய் உடைக்கிறார்,The strong man breaks the coconut with his elbow,body,corpus_sourashtradictionary
கோஷ்டு,kOshTu,முன்னங்கை,Forearm,தெனொ அபுல் நாவ் கோஷ்டும் பொள்ஸொ குஸ்கி ஹொதெ3ஸ்,teno apul naav kOshTum poLso kuski hodes,அவன் தன் பெயரை முன்னங்கையில் பச்சை குத்தி இருந்தான்,He had his name tattooed on his forearm,body,corpus_sourashtradictionary
கங்க்3ரொ,kanggro,மணிக்கட்டு,Wrist,ஸர்தா3ர்ஜீன் கங்க்3ராம் கெங்க3ண் க4ல்லி ர்ஹானு,sardaarjeen kanggraam kenggaN ghalli rhaanu,சர்தார்ஜிகள் மணிக்கட்டில் காப்பு அணிந்திருப்பார்கள்,Sardarjis wear bracelets on their wrists,body,corpus_sourashtradictionary
தளொஹாத்,taLohaat,உள்ளங்கை,Palm,தளொஹாதும் ஸேத்தெயொ ஸாத்தக் பூ4தத்3த3ம் பஜெயா?,taLohaatum sEtteyo saattak bhootaddam pajeyaa?,உள்ளங்கையில் இருப்பதை பார்க்க பூதக்கண்ணாடி தேவையா?,Need a magnifying glass to see what's in the palm ?,body,corpus_sourashtradictionary
பெள்ளோ,peLLO,பாளம்,Crump or deep cut in Palm,பனி செந்தெ3த்தெமாம் ஹாத் பெள்ளொ பெள்ளொகன் பா2ட் தீ3ரஸ்,pani cendettemaam haat peLLo peLLokan phaaT deeras,தண்ணீர் இறைத்ததில் கை பாளம் பாளமாக வெடித்துள்ளது,The palm has deep cuts due to water drawing,body,corpus_sourashtradictionary
பா2ட்3,phaaD,"வெடிப்பு, விரிசல்",Crack,பலடி பா2டு3க் ஸுக்கெ கெண்டொ3 காரணொ ஹோஸு,palaTi phaaDuk sukke keNDo kaaraNo hOsu,குதிகால் வெடிப்புக்கு வறண்ட சருமம் காரணமாகிறது,Dry skin causes cracked heels,body,corpus_sourashtradictionary
மூட்,mooT,முஷ்டி,Fist,ராகு3ம் தெனொ மேஜொஹோர் மூட்ஹால் ஹனெஸி,raagum teno mEjohOr mooThaal hanesi,கோபத்தில் மேசையில் முஷ்டியால் அடித்தான்,He pounded his fist on the table in anger,body,corpus_sourashtradictionary
மூட் போ4ர்,mooT bhOr,கைப்பிடி நிறைய,"Fistful, Palmful",அங்கு3 தீ3 மூட் போ4ர் மீட் தாய்,anggu dee mooT bhOr meeT taay,இன்னும் இரண்டு கைப்பிடி நிறைய உப்பு போடு,Add two more fistful of salt,body,corpus_sourashtradictionary
சூள்,cooL,குவித்தகை,Hand scooping,சூளும் தீர்து க2ல்லி பீலுவோ,cooLum teertu khalli peeluvO,குவித்தகையில் தீர்த்தத்தை எடுத்து அருந்தவும்,Scoop up a handful of holy water and drink,body,corpus_sourashtradictionary
அஞ்ஜிலி,anjjili,"கூப்பிய கைகள், கும்பிடும் கைகள்",Praying hands,அவரியொ தெங்கொ3 அஞ்ஜிலி கெரி பொ3வொ,avariyo tenggo anjjili keri bovo,வருபவர்களை கைகூப்பி அழைக்கவும்,Greet visitors with praying hands,body,corpus_sourashtradictionary
ரேகொ3,rEgo,ரேகை,Palm Line,துரெ ஹாதும் ரேகோ3ஸ் தெ3க்காணி?,ture haatum rEgOs dekkaaNi?,உங்கள் கைகளில் ரேகையே இல்லையே?,No palm lines on your hands?,body,corpus_sourashtradictionary
அங்கி3ளி,anggiLi,விரல்,Finger,பஞ்சூ அங்கி3ளின் ஒண்டேஸ்கன் ஸேயா?,panjcoo anggiLin oNTEskan sEyaa?,ஐந்து விரல்களும் ஒன்றாக இருக்கிறதா?,Are all five fingers the same?,body,corpus_sourashtradictionary
ஹகுண்டொ3,hakuNDo,கட்டைவிரல்,Thumb,தெ2வ்டெ3 பில்லல்னுக் ஹகுண்டொ3 சொவுஞ்ஜரியொ வட்கெ ர்ஹாயி,thevDe pillalnuk hakuNDo covunjjariyo vaTke rhaayi,சில குழந்தைகளுக்கு கட்டை விரல் சூப்பும் பழக்கம் இருக்கும்,Some children have a habit of thumb sucking,body,corpus_sourashtradictionary
தர்ஜினி,tarjini,"சுட்டுவிரல், ஆள்காட்டி விரல்",Index finger,தெனொ ஹோடுர் தர்ஜினி தொ2வி வத்தொ கெர்னொகொ3 மெனிஸ்,teno hOTur tarjini thovi vatto kernogo menis,அவள் உதட்டில் ஆள்காட்டி விரலை வைத்து பேசாதே என்றாள்,She put her index finger on her lip and said don't talk,body,corpus_sourashtradictionary
ம்ஹத்3தி3 அங்கி3ளி,mhaddi anggiLi,நடுவிரல்,Middle Finger,ஒய்து3 ம்ஹத்3தி3 அங்கி3ளிஹால் பில்லா பாய்ஞ் மிட்யாஸ்,oydu mhaddi anggiLihaal pillaa paaynj miTyaas,வைத்தியர் நடுவிரலால் குழந்தையின் காலை சுண்டினார்,The doctor rapped the child's leg with his middle finger,body,corpus_sourashtradictionary
முத்3தி3 அங்கி3ளி,muddi anggiLi,மோதிரவிரல்,Ring Finger,த3ல்லானுக் ஸாமான்யொகன் தர்ஜினி ஸொம்மர் முத்3தி3 அங்கி3ளி லம்பொ3 ர்ஹாய்,dallaanuk saamaanyokan tarjini sommar muddi anggiLi lambo rhaay,ஆண்களுக்கு பொதுவாக ஆள்காட்டி விரலை விட மோதிர விரல் நீளமாக இருக்கும்,Men usually have a longer ring finger than the index finger,body,corpus_sourashtradictionary
கிள்ளங்கி3ளி,kiLLanggiLi,சுண்டுவிரல்,Little Finger,பில்லொ அபுல் பா3 கிள்ளங்கி3ளிக் தெ3ர்லிகின் சலெஸ்,pillo apul baa kiLLanggiLik derlikin cales,குழந்தை தன் தந்தையின் சுண்டு விரலைப் பிடித்துக் கொண்டு நடந்தது,The child held his father's little finger and walked,body,corpus_sourashtradictionary
கொ3ண்ட்3யாவ்,goNDyaav,மருதாணி,Hennah,கொ3ண்ட்3யாவ் ஆங்கு3க் ஸில்லொ கெரயி,goNDyaav aangguk sillo kerayi,மருதாணி உடலை குளிர்ச்சி செய்யும்,Henna cools the body,body,corpus_sourashtradictionary
போ3ட்,bOT,அங்குலம்,Inch (Width of index finger),ஒண்டெ போ3ட் மெல்லொ ஹல்லுனொகொ3!,oNTe bOT mello hallunogo!,ஒரு அங்குலம் கூட நகராதே!,Don't move an inch!,body,corpus_sourashtradictionary
வீது3,veedu,ஜாண் / சாண்,Span (Distance between Tip of thumb to Tip of little finger),"ஒண்டெகா3 உஞ்சொ, தெங்கொ3 ஹாதுக் ஆட் வீது3 ர்ஹாயி","oNTegaa unjco, tenggo haatuk aaT veedu rhaayi","ஒருவரின் உயரம், அவரின் கைக்கு எட்டு சாண் இருக்கும்",One's height is eight spans of his hand,body,corpus_sourashtradictionary
ஹாத்,haat,முழம்,Cubit,ஹாத் பாய்ஞ் சொக்கட் மொஸி து4வ்தி ஆவ்,haat paaynj cokkaT mosi dhuvti aav,கை காலை நன்றாக தேய்த்து கழுவிவிட்டு வா,Come after washing your hands and feet thoroughly,body,corpus_sourashtradictionary
தை3ரொ ஹாத்,dairo haat,இடது கை,Left hand,தை3ரொ ஹாதுர் ருவாய் தே3 ஹோனா,dairo haatur ruvaay dE hOnaa,இடது கையால் பணம் கொடுக்கக்கூடாது,Don't give money with left hand,body,corpus_sourashtradictionary
ஜைனொ ஹாத்,jaino haat,வலது கை,Right hand,ஜைனொ ஹாதுர் பா4த் க2னொ,jaino haatur bhaat khano,வலது கையால் உண்ண வேண்டும்,Eat with right hand,body,corpus_sourashtradictionary
நெக்கு,nekku,நகம்,Fingernail,நெக்குக் கா4ம் லகெ3த் து3ன்னொ ஜீவ் ஜாய்,nekkuk ghaam laget dunno jeev jaay,நகத்தில் அடி பட்டால் வலி உயிர் போகும்,A hit on the fingernail can be a killing pain,body,corpus_sourashtradictionary
கொ3ருசுட்டு,gorucuTTu,நகசுத்தி,Paronychia,நெக்கு ரெந்து3ம் முரி செரத்தேஸ் கொ3ருசுட்டுக் காரணொ,nekku rendum muri cerattEs gorucuTTuk kaaraNo,நகக்கண்ணில் அழுக்கு சேருவது தான் நகசுத்திக்கு காரணம்,Nail paronychia is caused by dirt adjacent to the nail,body,corpus_sourashtradictionary
நெரம்,neram,நரம்பு,Vein,நெரமுன் ரெக3த் க2ல்லி ஜாரியொ ரெக3து நல்லினு,neramun regat khalli jaariyo regatu nallinu,நரம்புகள் இரத்தத்தை எடுத்துச் செல்லும் இரத்த குழாய்கள்,Veins are blood vessels that carry blood,body,corpus_sourashtradictionary
ஹேம்,hEm,மார்பு,Chest,தெங்க3 ஹேம்கின் மொன்னு விலாஸ்கன் ஸே,tengga hEmkin monnu vilaaskan sE,"அவர் பரந்த மார்பும், மனப்பான்மையும் கொண்டவர்",He is broad-chested and broad-minded,body,corpus_sourashtradictionary
வாம்பு3,vaambu,மார்பு,Chest,தெனு வாம்பு3 பூராக் ஸிர்க்கண் லவ்லி ஹொத்3யாஸி,tenu vaambu pooraak sirkkaN lavli hodyaasi,அவர் மார்பு முழுவதும் சந்தனம் பூசி இருந்தார்,He had sandalwood all over his chest,body,corpus_sourashtradictionary
கு3ண்டெ3,guNDe,"நெஞ்சு, இதயம்","Heart, Chest",பா4ட் தய்னகொ3 ! கு3ண்டெ3 து3க்கான் ஜாஸ் !!,bhaaT taynago ! guNDe dukkaan jaas !!,கத்தாதே ! நெஞ்சு வலிக்கப்போகிறது !!,Don't shout ! Chest going to hurt !!,body,corpus_sourashtradictionary
மொளி,moLi,விரல் மூட்டு,Knuckle,சொவ்து3னா ஜியெத் ஒத்3தி3 மொளிர் ஹனன்,covdunaa jiyet oddi moLir hanan,படிக்கவில்லை என்றால் ஆசிரியர் விரல் மூட்டில் அடிப்பார்,"If you don't read, the teacher will hit you on the knuckles",body,corpus_sourashtradictionary
சிடு3க்கு,ciDukku,சொடக்கு,Knuckle cracking,ஸதா3 சிடு3க்கு தக3த்தெ ஹாதுக் சோட் ந்ஹா,sadaa ciDukku tagatte haatuk cOT nhaa,எப்போதும் சொடக்கு போடுவது கைக்கு நல்லதல்ல,Knuckle-cracking all the time is not good for hand,body,corpus_sourashtradictionary
கேட்,kET,இடுப்பு,"Hip, Waist",கேடு3ம் பொ3ல்லெ மெனி பில்லொ ரொடெ3ஸ்,kEDum bolle meni pillo roDes,இடுப்பில் வைத்துக்கொள்ளுமாறு குழந்தை அழுதது,The baby cried asking to be held on the hip,body,corpus_sourashtradictionary
பாட்,paaT,முதுகு,Back,கா2னாத்தக் போட்கின் பாட் தெ3ஸி ஹொதெ3ஸ்,khaanaattak pOTkin paaT desi hodes,சாப்பிடாமல் வயிறும் முதுகும் ஒட்டி இருந்தது,Stomach and back were stuck without eating,body,corpus_sourashtradictionary
போட்,pOT,வயிறு,"Belly, Stomach",போட் மெனி ஒண்டெ ஸேனா ! கோ3 பி3ஸத்தக் முஸய்யா?,pOT meni oNTe sEnaa ! gO bisattak musayyaa?,வயிறு என்று ஒன்று இருக்கிறதே ! சும்மா உட்கார முடியுமா?,There is a stomach! Can you just sit down?,body,corpus_sourashtradictionary
பு4க்கொ போட்,bhukko pOT,வெறும் வயிறு,Empty stomach,பு4க்கொ போடு3ம் கு3ள்ளெயொ கா2த்தெ சோட் ந்ஹா,bhukko pODum guLLeyo khaatte cOT nhaa,வெறும் வயிற்றில் இனிப்புகளை சாப்பிடுவது நல்லதல்ல,Eating sweets in empty stomach is not good,body,corpus_sourashtradictionary
கொவ்ஸொ,kovso,நுரையீரல்,Lungs,தூ4ம்பான் வள்டி பு2வெத் கொவ்ஸாம் கர்கரோக்3 அவயி,dhoompaan vaLTi phuvet kovsaam karkarOg avayi,சிகரெட் பிடித்தால் நுரையீரல் புற்றுநோய் வரும்,Cigarette smoking will cause lung cancer,body,corpus_sourashtradictionary
களஜ்ஜி,kaLajji,கல்லீரல்,Liver,"களஜ்ஜி ரெக3த் ஸுத்3த4ம் கெரி, ஜீர்ணுக் ஸஹாவ் கெரஸு","kaLajji regat suddham keri, jeerNuk sahaav kerasu",கல்லீரல் இரத்தத்தை சுத்திகரித்து செரிமானத்திற்கு உதவுகிறது,The liver purifies the blood and aids in digestion,body,corpus_sourashtradictionary
பொள்டொ,poLTo,இரைப்பை,Stomach,பொள்டொ க2வ்னமுக் ஜீர்ணு கெரி போஷணாக் ஆங்கு3 பூராக் த4ட்3டே3ஸு,poLTo khavnamuk jeerNu keri pOshaNaak aanggu pooraak dhaDDEsu,இரைப்பை உணவை செரித்து ஊட்டச்சத்துக்களை உடல் முழுவதும் அனுப்புகிறது,The stomach digests food and transports nutrients throughout the body,body,corpus_sourashtradictionary
சொரா கொ2ள்டி,coraa khoLTi,இரைப்பை,Stomach,கா3யினுக் சார் சொரா கொ2ள்டின் ஸே,gaayinuk caar coraa khoLTin sE,மாட்டிற்கு நான்கு இரைப்பைகள் உண்டு,A cow has four stomachs,body,corpus_sourashtradictionary
பெய்த்து,peyttu,பித்தம்,Bile,பெய்த்து ஜீர்ணுக் ஸஹாவ் கெரஸு,peyttu jeerNuk sahaav kerasu,பித்தம் செரிமானத்திற்கு உதவுகிறது,Bile helps with digestion,body,corpus_sourashtradictionary
பெய்த்து பனி,peyttu pani,பித்த நீர்,Bile Water,பெய்த்து பனி கிட்ளொ பொள்ஸா வனிம் ர்ஹாயி,peyttu pani kiTLo poLsaa vanim rhaayi,பித்தநீர் பழுப்புடன் பச்சை நிறத்தில் இருக்கும்,Bile water is brownish green in color,body,corpus_sourashtradictionary
பெய்த்து கொ2ள்டி,peyttu khoLTi,பித்தப்பை,Gallbladder,பெய்த்து மெனரியொ பெய்த்து கொ2ள்டிம் செர்ச்சி தொ2வரியொ ஒண்டெ த்3ரவொ,peyttu menariyo peyttu khoLTim cercci thovariyo oNTe dravo,பித்தம் என்பது பித்தப்பையில் சேமிக்கப்படும் ஒரு திரவம்,Bile is a fluid stored in the gallbladder,body,corpus_sourashtradictionary
தெள்ஜி,teLji,பித்தப்பை,Gallbladder,அய்து3சிகித்ஸொ கெரி தெள்ஜிக் ஹெடு3வாயி,ayducikitso keri teLjik heDuvaayi,அறுவை சிகிச்சை மூலம் பித்தப்பையை அகற்றலாம்,Gallbladder can be removed by operation,body,corpus_sourashtradictionary
மூது3 கொ2ள்டி,moodu khoLTi,மூத்திரப்பை,Bladder,மூது3 கொ2ள்டிம் தெ3ய்டொ3 ர்ஹியெத் து3ன்னொ ஜீவ் ஜேட3ய்,moodu khoLTim deyDo rhiyet dunno jeev jEDay,சிறுநீர்ப்பையில் கல் இருந்தால் வலி உயிர் போகும்,A stone in the bladder can cause killing pain,body,corpus_sourashtradictionary
அந்த்ரொ,antro,குடல்,Intestine,"ந்ஹன்ன அந்த்ரொ, ரமாரமி 20 பவுல் லம்பு3 ர்ஹாயி","nhanna antro, ramaarami 20 pavul lambu rhaayi",சிறுகுடல் சுமார் 20 அடி நீளம் இருக்கும்,The small intestine is about 20 feet long,body,corpus_sourashtradictionary
போட்பு2கி3,pOTphugi,வாய்வு,Flatulence,கென்னு க2யெத் போட்பு2கி3 ஹிம்ஸொ அவயி,kennu khayet pOTphugi himso avayi,மொச்சைப்பயறு சாப்பிட்டால் வாயுத்தொல்லை ஏற்படும்,Eating beans can cause flatulence,body,corpus_sourashtradictionary
ஜீர்ணு,jeerNu,"செரிமானம், ஜீரணம்",Digestion,பில்லல்னுக் ஜீர்ணு ஹோத்தக் ஹிங்கு3 பனி தெ3வாயி,pillalnuk jeerNu hOttak hinggu pani devaayi,குழந்தைகளுக்கு ஜீரணம் ஆக பெருங்காய தண்ணீர் கொடுக்கலாம்,Asafoetida water can be given to children for digestion,body,corpus_sourashtradictionary
அஜீர்ணு,ajeerNu,"செரிக்காமை, அஜீரணம்",Indigestion,போட் து3ன்னாக் காரணொ அஜீர்ணுகன் ர்ஹவாய்,pOT dunnaak kaaraNo ajeerNukan rhavaay,வயிற்று வலிக்கு காரணம் அஜீரணமாக இருக்கலாம்,Indigestion may be the cause of stomach pain,body,corpus_sourashtradictionary
பொ4ம்பி3,bhombi,தொப்புள்,Naval,போடு3ம் ஸேத்தெ பில்லாக் க2வ்னம் பொ4ம்பி3 நாள் வாட் அப்3ப3ஸு,pODum sEtte pillaak khavnam bhombi naaL vaaT abbasu,வயிற்றில் இருக்கும் குழந்தைக்கு உணவு தொப்புள் கொடி மூலம் கிடைக்கிறது,The baby in the womb receives food through the umbilical cord,body,corpus_sourashtradictionary
பொ3ஜ்ஜெ,bojje,தொப்பை,"Tummy, Belly",கா2த்தெயொ காய் உன்னொ கெரெத் மெல்லி பொ3ஜ்ஜெ உன்னொ பொட3ரனி,khaatteyo kaay unno keret melli bojje unno poDarani,சாப்பாட்டை எவ்வளவு குறைத்தாலும் தொப்பை குறையவில்லை,"No matter how much I cut down on food, the belly didn't go down",body,corpus_sourashtradictionary
லாம்த்4ரி,laamdhri,தொப்பை,"Tummy, Belly",விநாயிக் ம்ஹொட்டொ லாம்த்4ரி ஸே,vinaayik mhoTTo laamdhri sE,விநாயகருக்கு பெரிய தொப்பை உள்ளது,Ganesha has a big belly,body,corpus_sourashtradictionary
ஹட்3காபொலொ,haDkaapolo,"எலும்புக்கூடு, வரிவடிவம்","Skeleton, Sketch",ஆங்கு3 ககொ3 இஸொ ஹட்3காபொலொகன் ஸேத்தெ?,aanggu kago iso haDkaapolokan sEtte?,உடல் ஏன் இப்படி எலும்புக்கூடாக இருக்கிறது?,Why is the body so skeletal?,body,corpus_sourashtradictionary
மடி3,maDi,மடி,Lap,பில்லாக் மடி3ம் பி3ஸல்லி கெ2னி ஸங்கு3வொ,pillaak maDim bisalli kheni sangguvo,குழந்தையை மடியில் உட்கார வைத்து கதை சொல்லுங்கள்,Sit the child on the lap and tell the story,body,corpus_sourashtradictionary
அங்கு,angku,மடி,Lap,ஈஸ்புரு அங்கு ஹோர் முருக3ன் பி3ஸி ஸே,eespuru angku hOr murugan bisi sE,சிவபெருமான் மடி மீது முருகன் அமர்ந்துள்ளார்,Murugan is sitting on Lord Shiva's lap,body,corpus_sourashtradictionary
ஊரு,uuru,தொடை,Thigh,தொ3ங்க3ர் ஹிங்கெ3ஹால் ஊரு து3க்காரஸ்,donggar hinggehaal uuru dukkaaras,மலை ஏறியதால் தொடை வலிக்கிறது,Thigh hurts from climbing a hill,body,corpus_sourashtradictionary
பாஞி,paanji,கால்,Leg,முயிக்3 கெ3ளொகின் பாஞின் லம்பு3 ஸே,muyig geLokin paanjin lambu sE,ஒட்டகத்தின் தலையும் கால்களும் நீளமாக உள்ளன,The camel's head and legs are long,body,corpus_sourashtradictionary
பாய்ஞ்,paaynj,கால்,Leg,ஹாத் பாய்ஞ் தொ2வ்லி கோ3 ர்ஹானாயா?,haat paaynj thovli gO rhaanaayaa?,கையை காலை வைத்துக் கொண்டு சும்மா இருக்க மாட்டாயா?,Can't you sit idly by with your hands and legs?,body,corpus_sourashtradictionary
கு3ட்3கொ3,guDgo,"முட்டி, முழங்கால்",Knee,சலெதீ3ஸ் கு3ட்3கொ3 து3க்காரஸ்,caledees guDgo dukkaaras,நடந்தாலே முழங்கால் வலிக்கிறது,Knee hurts even when walking,body,corpus_sourashtradictionary
கூ4ட் க4ல்லத்தெ,ghooT ghallatte,முழங்கால்களைக் கட்டிக்கொள்ளுதல்,Hugging Knees,கூ4ட் க4ல்லி கோ3 பி3ஸி ர்ஹியெத் காய் லாப்?,ghooT ghalli gO bisi rhiyet kaay laap?,முழங்கால்களைக் கட்டிக்கொண்டு சும்மா உட்கார்ந்திருந்தால் என்ன பயன்?,What is the point of sitting idle hugging knees?,body,corpus_sourashtradictionary
ஜாங்கு,jaangku,கணுக்கால்,Ankle,பாய்ஞ் ஜி2ர்க்கெத்தெமாம் ஜாங்கு இன்ட்கில்லிரெஸ்,paaynj jhirkkettemaam jaangku inTkillires,கால் வழுக்கியதால் கணுக்கால் சுளுக்கு ஏற்பட்டது,A sprained ankle resulted from a slip of the foot,body,corpus_sourashtradictionary
பொங்கு3,ponggu,"புறங்கால், பின்னங்கால்",Hindfoot,தெனொ பொங்கு3 பொ3ஞ்சும் லக3த்திஸொ த4மெஸி,teno ponggu bonjcum lagattiso dhamesi,அவன் பின்னங்கால்கள் பிடரியில் பட ஓடினான்,He ran so fast that his hind leg touched his neck,body,corpus_sourashtradictionary
பலடி,palaTi,குதிகால்,Heel,தெனொ பலடிக் பி2வ்ரிலிகின் சலிஸி,teno palaTik phivrilikin calisi,அவள் குதிகாலைத் திருப்பிக் கொண்டு நடந்தாள்,She turned on her heel and walked away,body,corpus_sourashtradictionary
கு3ட்3க்3யால்,guDgyaal,குதிகால்,Heel,கெ4த3டு3னுக் கு3ட்3க்3யால் ஸேயா?,ghedaDunuk guDgyaal sEyaa?,கழுதைகளுக்கு குதிகால் உள்ளதா?,Do donkeys have heels?,body,corpus_sourashtradictionary
பலல்,palal,பாதம்,Foot,ராமுடு3 பலல் லகெ3த்தேட் அஸ்கி புனி ஹொய்யொ,raamuDu palal lagettET aski puni hoyyo,ராமரின் பாதம் பட்ட இடமெல்லாம் புனிதமானது,"Wherever Rama's feet touched, it became sacred",body,corpus_sourashtradictionary
ஸோபான்,sOpaan,படி,"Step, Footstep",ர்ஹத்த வத்தோஸீ ஸம்பத்துக் முது3ல்லா ஸோபானொ,rhatta vattOsee sampattuk mudullaa sOpaano,உண்மையே செல்வத்தின் முதல் படி,Truth is the first step of wealth,body,corpus_sourashtradictionary
"பவுல், பௌல்","pavul, paul","அடி, பாதம், காலடி","Feet, Step, Footstep",பா4ரத்வாஸினு ரமாரமிகன் 5 1/2 பவுல் உஞ்சொ ஸே,bhaaratvaasinu ramaaramikan 5 1/2 pavul unjco sE,இந்தியர்கள் சராசரியாக 5 1/2 அடி உயரம் இருக்கிறார்கள்,Indians are on average 5 1/2 feet tall,body,corpus_sourashtradictionary
பகு3ல்,pagul,"அடி, பாதம், காலடி","Feet, Step, Footstep",பகு3லுக் பாஞ்சுவால் தே3 தே3 மெனி மகி3லேத் ஸே,paguluk paanjcuvaal dE dE meni magilEt sE,அடிக்கு ஐந்து தடவை தா தா என கேட்டுக்கொண்டே இருக்கிறான்,He keeps asking to give five times per step,body,corpus_sourashtradictionary
பொகு3ல்,pogul,"அடி, பாதம், காலடி","Feet, Step, Footstep",த்ருப்தி பொந்து3னாத்தேஸ் ஹோர் அவத்தக் முது3ல்லா பொகு3ல்,trupti pondunaattEs hOr avattak mudullaa pogul,திருப்தி அடையாமல் இருப்பது தான் முன்னேற்றத்திற்கான முதல் படி,Not being satisfied is the first step to progress,body,corpus_sourashtradictionary
தளபாய்ஞ்,taLapaaynj,"பாதம், உள்ளங்கால்",Sole,மொஞ்சுகலமு தளபாய்ஞ் ஸில்லொ லக3ஸு,monjcukalamu taLapaaynj sillo lagasu,பனிக்காலத்தில் உள்ளங்கால்கள் குளிர்கின்றன,Soles get cold in winter,body,corpus_sourashtradictionary
லொட்3காத்தெ,loDkaatte,கால் தடுமாறுதல்,"Stumble, Loose foot",தெனு பாய்ஞ் லொட்3கயி க2ல்லொ பொள்டி3யா,tenu paaynj loDkayi khallo poLDiyaa,அவர் கால் தடுமாறி கீழே விழுந்தார்,He stumbled and fell down,body,corpus_sourashtradictionary
கு3லுகு3லாய்ங்,gulugulaayng,கிச்சு கிச்சு,"Tickling, Tickle",தளபாய்ஞிம் கு3லுகு3லாய்ங் கெரத் அஸொ அவயி,taLapaaynjim gulugulaayng kerat aso avayi,உள்ளங்காலில் கிச்சு கிச்சு மூட்டினால் சிரிப்பு வரும்,Tickling the sole causes laugh,body,corpus_sourashtradictionary
ரேஸு,rEsu,"வடு, தழும்பு",Scar,நொவ்ரா க3வ்லாம் ஒண்டெ லம்பு3 ரேஸு ஸே,novraa gavlaam oNTe lambu rEsu sE,மணமகன் கன்னத்தில் ஒரு நீண்ட தழும்பு இருக்கிறது,The groom has a long scar on his cheek,body,corpus_sourashtradictionary
தா4ஷ்டி,dhaashTi,வலிமை,Strength,பெ3ட்3கொ சொக்கட் தா4ஷ்டிகன் ஸே,beDko cokkaT dhaashTikan sE,பையன் நல்ல வலிமையாக இருக்கிறான்,The boy is pretty strong,body,corpus_sourashtradictionary
"போஷணொ, போஷக்","pOshaNo, pOshak",ஊட்டச்சத்து,"Nutrition, Nutrient",பொள்ளொ கய்லானும் முக்யம்ஹொயெ போஷணான் ஸே,poLLo kaylaanum mukyamhoye pOshaNaan sE,"பழம், காய்கறிகளில் முக்கியமான ஊட்டச்சத்துக்கள் உள்ளன",Fruits and vegetables have important nutrients,body,corpus_sourashtradictionary
புஷ்டி,pushTi,"ஊட்டம், ஊட்டச்சத்து",Nourishment,கொ4ம்மா பா4த் ஆங்கு3க் புஷ்டி தே3ஸு,ghommaa bhaat aangguk pushTi dEsu,வீட்டுச்சாப்பாடு உடலுக்கு ஊட்டத்தை அளிக்கிறது,Home cooked food gives nourishment to the body,body,corpus_sourashtradictionary
உஸுர் ஹிங்கி3ல்டி3யொ,usur hinggilDiyo,புரையேறுதல்,Going down the wrong pipe,பனி பி3ஸ்ஸொ பியெஹால் தெங்கொ3 உஸுர் ஹிங்கி3ல்டி3யொ,pani bisso piyehaal tenggo usur hinggilDiyo,தண்ணீரை அவசரமாக குடித்ததால் அவருக்கு புரையேறியது,"As he drank the water hastily, it went down the wrong pipe",body,corpus_sourashtradictionary
உஸுர் ஜாரியொ,usur jaariyeaa,புரையேறுதல்,Going down the wrong pipe,ஹல்லு பே !! ந்ஹீஜியெத் உஸுர் ஜேட3ய் !!,hallu pE !! nheejiyet usur jEDay !!,மெதுவாக குடி !! இல்லையென்றால் புரையேறும் !!,"Drink slowly !! Otherwise, it will go down the wrong pipe !!",body,corpus_sourashtradictionary
பொஷ்ஷே,poshshE,ஜலதோஷம்,Common Cold,பொவ்ஸும் பிஜ்ஜெஹால் பொஷ்ஷே லய்டி3யொ,povsum pijjehaal poshshE layDiyo,மழையில் நனைந்ததால் சளி பிடித்தது,Got a cold from getting wet in the rain,body,corpus_sourashtradictionary
ஸோக்,sOk,தாகம்,Thirsty,இக்க பனி பியெத் மெல்லொ ஸோக் திரரனி,ikka pani piyet mello sOk tirarani,எவ்வளவு தண்ணீர் குடித்தாலும் தாகம் தீரவில்லை,"No matter how much water I drank, my thirst was not quenched",body,corpus_sourashtradictionary
கொ2வ்லொ,khovlo,இருமல்,Cough,கொ2வ்லி கொ2வ்லி க4டி3 ஜெலரஸ்,khovli khovli ghaDi jelaras,"இருமி, இருமி தொண்டை எரிகிறது",Throat burns from coughing,body,corpus_sourashtradictionary
பொ4ன்னொ பு2ட்டெ கொ2வ்லொ,bhonno phuTTe khovlo,வறட்டு இருமல்,Dry cough,பொ4ன்னொ பு2ட்டெ கொ2வ்லாக் அல்லா ரெஸ்ஸு ஸெரொ மை கவ்லி பெவாய்,bhonno phuTTe khovlaak allaa ressu sero mai kavli pevaay,வறட்டு இருமலுக்கு இஞ்சி சாறுடன் தேன் கலந்து குடிக்கலாம்,Drink ginger juice mixed with honey for dry cough,body,corpus_sourashtradictionary
ஸிகி3ர்னி,sigirni,தும்மல்,Sneeze,ஸிகு3ரத்தவேள் ஹேம் ஹிப்3பி3 ர்ஹீ த4மஸு,sigurattavEL hEm hibbi rhee dhamasu,தும்மும் போது இதயம் நின்று ஒடுகிறது,The heart stops beating when you sneeze,body,corpus_sourashtradictionary
ஸ்யிகினி,syikini,தும்மல்,Sneeze,ஸ்யிகினி ஹிப்3பு3னாத்தக் அவ்லேத் ஸே,syikini hibbunaattak avlEt sE,தும்மல் நிற்காமல் வந்து கொண்டே இருக்கிறது,The sneezing keeps coming,body,corpus_sourashtradictionary
இஸ்கி,iski,விக்கல்,Hiccups,தெ3ட3க்கெரி பெ3து3ரடெ3த் இஸ்கி ஹிப்3பி3 ர்ஹீட3ய்,deDakkeri beduraDet iski hibbi rheeDay,திடீரென அதிர்ச்சி கொடுத்தால் விக்கல் நின்று விடும்,A sudden shock will stop the hiccups,body,corpus_sourashtradictionary
தெ3கா3ர்,degaar,ஏப்பம்,"Burb, Belch",தெனு கெ4ட்டி தெ3கா3ர் தி3யாஸ்,tenu gheTTi degaar diyaas,அவர் சத்தமாக ஏப்பம் விட்டார்,He belched loudly,body,corpus_sourashtradictionary
அம்ப3ட் தெ3கார்,ambaT dekaar,"புளித்த ஏப்பம், புளிப்பு ஏப்பம்","Sulfur burp, Sour burp, Sour Belch",அம்ப3ட் தெ3கார் பு3த்3ரா கா4ன் க4னாயி,ambaT dekaar budraa ghaan ghanaayi,புளித்த ஏப்பம் சாக்கடை நாற்றம் நாரும்,Sulfur burp will smell like sewer,body,corpus_sourashtradictionary
தூ4மு தெ3கா3ர்,dhoomu degaar,"புளித்த ஏப்பம், புளிப்பு ஏப்பம்","Sulfur burp, Sour burp, Sour Belch",அஜீர்ணுஹால் தூ4மு தெ3கார் அவயி,ajeerNuhaal dhoomu dekaar avayi,அஜீரணத்தினால் புளிப்பு ஏப்பம் வரும்,Indigestion causes sour belching,body,corpus_sourashtradictionary
தொ4ம்ப்3ளாய்,dhombLaay,கொட்டாவி,Yawn,தொ4ம்ப்3ளாய் ஹோங்கு3 ஸெரொ அவஸ்,dhombLaay hOnggu sero avas,கொட்டாவி தூக்கத்துடன் வருகிறது,Yawning comes with sleepiness,body,corpus_sourashtradictionary
ஜொம்பீளை,jompeeLai,கொட்டாவி,Yawn,ஒண்டெகொ3 ஜொம்பீளை அவெத் அஸ்கி தெங்கொ3 அவய்,oNTego jompeeLai avet aski tenggo avay,ஒருவருக்கு கொட்டாவி வந்தால் அனைவருக்கும் வரும்,"If one person yawns, everyone will",body,corpus_sourashtradictionary
கிங்கிர்,kingkir,திகட்டல்,"Sugar hangover, Nausea",கு3ள்ளெயொ வேன் க2யத் கிங்கிர் லக3ய்,guLLeyo vEn khayat kingkir lagay,இனிப்பு அதிகம் சாப்பிட்டால் திகட்டல் ஏற்படும்,Eating lot of sweets will cause sugar hangover,body,corpus_sourashtradictionary
ஒக3ரி,ogari,குமட்டல்,Nausea,பெய்னாவேள் தெ2வ்டெ3தெங்கொ3 ஒக3ரி அவய்,peynaavEL thevDetenggo ogari avay,பயணத்தின் போது சிலருக்கு குமட்டல் ஏற்படும்,Some people get nauseous during travel,body,corpus_sourashtradictionary
வம்னி,vamni,வாந்தி,Vomit,வேன் க2யெத் வம்னி அவ்னாத்தக் காய் கெரய்?,vEn khayet vamni avnaattak kaay keray?,"அதிகமாக சாப்பிட்டால், வாந்தி வராமல் என்ன செய்யும்?","If you eat too much, what can you do without vomiting?",body,corpus_sourashtradictionary
து3ள்கினி,duLkini,வாயிலெடுத்தல்,Spitting up,பில்லொ து3ள்கிதியொ !!,pillo duLkitiyo !!,குழந்தை வாயில் எடுத்துவிட்டத் !!,The baby spit up !!,body,corpus_sourashtradictionary
கொ4ர்கு3ல்,ghorgul,குறட்டை,Snoring,தொரெ கொ4ர்கு3ல் ஸெத்3து3ம் ஹோங்கு3 ஜேடியொ,tore ghorgul seddum hOnggu jETiyo,உன் குறட்டை சத்தத்தில் தூக்கம் போய்விட்டது,I lost sleep because of your snoring sound,body,corpus_sourashtradictionary
ஹட்3கொ,haDko,எலும்பு,Bone,"ரெட்டெ ஹட்3காக் ""ஸிங்க்3யார் ஹட்3கொ"" மெனிமெல்லொ மெனன்","reTTe haDkaak ""singgyaar haDko"" menimello menan","தோள்பட்டை எலும்பு ""அழகு எலும்பு"" என்றும் குறிப்பிடப்படுகிறது.",The collarbone is also referred to as “beauty bone”,body,corpus_sourashtradictionary
கங்க்3ளொ,kanggLo,எலும்பு,Bone,ஊரு கங்க்3ளொ மெனிகு ஆங்கு3ம் ஸேத்தெ லம்ப3 ஹட்3கொ,uuru kanggLo meniku aanggum sEtte lamba haDko,தொடை எலும்பு மனித உடலில் இருக்கும் நீளமான எலும்பு,The femur is the longest bone in the human body,body,corpus_sourashtradictionary
ரெக3த்,regat,ரத்தம்,Blood,ஹொடெ3 மெனிகுனு ஆங்கு3ம் 5 லிட்டர் ரெக3து3 த4மினி ஸே,hoDe menikunu aanggum 5 liTTar regadu dhamini sE,வளர்ந்த மனிதர்களுக்கு 5 லிட்டர் இரத்த ஓட்டம் உள்ளது,Human adults have 5 liters of circulating blood,body,corpus_sourashtradictionary
ஸெகொ3,sego,வேர்வை,Sweat,ஸெகொ3 கெரரஸ்! விஜனொ தாய்,sego keraras! vijano taay,வியர்க்கிறது! விசிறியை போடு.,Sweating! Put the fan on.,body,corpus_sourashtradictionary
கெ3ஜி,geji,வேர்க்குரு,Prickly heat,கெ3ஜி ஸெகொ3ஹால் அவஸு,geji segohaal avasu,வேர்க்குரு வியர்வையால் ஏற்படுகிறது,Prickly heat is caused by sweat,body,corpus_sourashtradictionary
க2ஜ்ஜு,khajju,புண்,Sore,ஸெக்கர் ரோக்3 கெரினுக் க2ஜ்ஜு ஸவ்கா3ஸ்கன் ஸுக்கயி,sekkar rOg kerinuk khajju savgaaskan sukkayi,நீரிழிவு நோயாளிகளுக்கு புண் தாமதமாக குணமாகும்,Sore healing is delayed in diabetic patients,body,corpus_sourashtradictionary
கா2ஸ்,khaas,அரிப்பு,Itch,தொ3ளாம் கா2ஸ் அவெத் தொ3ளொ வேன் மொளொ ஹோனா,doLaam khaas avet doLo vEn moLo hOnaa,கண்ணில் அரிப்பு வந்தால் கண்ணை அதிகம் கசக்கக் கூடாது,"If the eye itches, do not rub the eye too much",body,corpus_sourashtradictionary
பீப்,peep,சீழ்,Pus,க2ஜ்ஜு ஸுக்குனா ஜியெத் பீப் அவயி,khajju sukkunaa jiyet peep avayi,புண் ஆறவில்லை எனில் சீழ் வரும்,"If the wound does not heal, pus will form",body,corpus_sourashtradictionary
ஸூஸ்,soos,வீக்கம்,Swell,பாய்ஞ் இன்ட்கெத்தெமாம் ஸுஸ் தொ2வ்தி3யொ,paaynj inTkettemaam sus thovdiyo,காலில் சுளுக்கியதால் வீக்கம் வைத்துவிட்டது,It swelled due to sprain in the leg,body,corpus_sourashtradictionary
ஸுஜ்ஜினி,sujjini,வீக்கம்,Swelling,தொ3ளா சுட்டுர் ஸேத்தெ ஸுஜ்ஜினி தீ3 தி3ன்னும் உன்னொ பொட்3னொ,doLaa cuTTur sEtte sujjini dee dinnum unno poDno,கண்ணைச் சுற்றியுள்ள வீக்கம் இரண்டு நாட்களில் குறைய வேண்டும்,The swelling around the eye should subside in a two days,body,corpus_sourashtradictionary
பு2ப்3னி,phubni,உப்புசம்,Bloat,பு2ப்3னிக் ஜிரா பனி பெவாய்,phubnik jiraa pani pevaay,உப்பசத்திற்கு சீரகத்தண்ணி குடிக்கலாம்,You can drink cumin seeds for bloating,body,corpus_sourashtradictionary
கெ3ட்3டொ3,geDDo,கட்டி,"Tumor, Nugget",தெனொ மெது3டு3 கெ3ட்3டொ3ஹால் மொஜ்ஜி,teno meduDu geDDohaal mojji,அவள் மூளைக் கட்டியால் இறந்தாள்,She died of a brain tumor,body,corpus_sourashtradictionary
பு3ருடொ3,buruDo,கொப்புளம்,Blister,ஜு2கு3 தூ3ர் சலெஹால் பாயிம் பு3ருடொ3 அவ்3டி3யொ,jhugu door calehaal paayim buruDo avDiyo,நீண்ட தூரம் நடந்ததால் காலில் கொப்புளம் வந்தது,Got blister on foot due to long distance walking,body,corpus_sourashtradictionary
கொ4ம்பி3லி,ghombili,புடைப்பு,Bump,மூர் லகெ3த்தெமாம் தொ3ஸ்காம் கொ4ம்பி3லி ஹொய்யொ,moor lagettemaam doskaam ghombili hoyyo,சுத்தியல் பட்டதால் தலையில் புடைப்பு ஏற்பட்டது,Hammer blow caused a bump on the head,body,corpus_sourashtradictionary
கெ3ண்டு3,geNDu,தடிப்பு,Swelling,ஹப்3பு3 சவெ ஹால் ஆங்கு3 பூராக் கெ3ண்டு3 கெ3ண்டு3 ஹொய்யொ,habbu cave haal aanggu pooraak geNDu geNDu hoyyo,பூச்சிக்கடியால் உடலெங்கும் தடிப்பு ஏற்பட்டது,The insect bite caused skin swelling all over the body,body,corpus_sourashtradictionary
தெ4ளிம்,dheLim,"கொசு, பூச்சி கடியால் ஏற்படும் வீக்கம்",Inflammation caused by mosquito and insect bites,பிஸுலொ சவெத் தெ4ளிம் பொட3ய்,pisulo cavet dheLim poDay,கொசு கடித்தால் வீக்கம் உண்டாகும்,Mosquito bites can cause swelling,body,corpus_sourashtradictionary
வோள் பொட3த்தெ,vOL poDatte,பிரம்பினால் முதுகில் விளாசும் போது ஏற்படும் தழும்பு,The scar caused by the rash on the back,வள்டிஹால் ஹனெத்தெமாம் ப3வு பாடுர் வோள் பொள்டி3யொ,vaLTihaal hanettemaam bavu paaTur vOL poLDiyo,மூங்கிலால் அடித்ததில் சிறுவனின் முதுகில் தழும்பு ஏற்பட்டது,The boy got a scar on his back from being hit with a bamboo,body,corpus_sourashtradictionary
ஜெல்லு,jellu,"வாயில் ஊறும் நீர், எச்சில், ஜொள்ளு",Drool,தோனும் ஜெல்லு அவரியொ களானாத்தக் நிஞ்ஜிரஸ்,tOnum jellu avariyo kaLaanaattak ninjjiras,வாயில் எச்சில் வருவது தெரியாமல் தூங்குகிறான்,He sleeps without realizing that his mouth is drooling,body,corpus_sourashtradictionary
ஸ்யினி,syini,"வாயில் ஊறும் நீர், எச்சில், ஜொள்ளு",Drool,தெனொ கு3ள்ளெயொ ஸியெத்திக்காம் ஸ்யினி ஸொடெ3ஸி,teno guLLeyo siyettikkaam syini soDesi,அவன் இனிப்பை பார்த்ததும் ஜொள்ளு விட்டான்,He drooled when he saw the dessert,body,corpus_sourashtradictionary
சிவ்டொ,civTo,பீளை (கண் அழுக்கு),"Eye rheum, Eye gound, Eye gunk, Sleep crust",மத்திம் க2ளெத் தொ3ளாம் சிவ்டொ அவயி,mattim khaLet doLaam civTo avayi,மண்ணில் விளையாடினால் கண்ணில் பீளை வரும்,Playing in the dirt can cause eye rheum,body,corpus_sourashtradictionary
தூ3வு,doovu,பீளை (கண் அழுக்கு),"Eye rheum, Eye gound, Eye gunk, Sleep crust",தோன் மொஸி து4வத்தவேள் தூ3வுக் பொஸி தூ4வ்,tOn mosi dhuvattavEL doovuk posi dhoov,முகம் கழுவும் போது பீளையை தேய்த்து கழுவு,"While washing the face, wash the sleep crust well",body,corpus_sourashtradictionary
பிஞ்ஜு,pinjju,குரும்பி (காது அழுக்கு),"Ear rheum, Ear wax",ஆங்கு3 து4வ்தி கான் பொஸுல்னா ஜியெத் கானும் பிஞ்ஜு அவயி,aanggu dhuvti kaan posulnaa jiyet kaanum pinjju avayi,குளித்துவிட்டு காதை சுத்தம் செய்யாவிட்டால் காதில் குரும்பி வரும்,"If you don't clean your ears after taking a bath, you will get wax in your ears",body,corpus_sourashtradictionary
மெயின்,meyin,குரும்பி (காது அழுக்கு),"Ear rheum, Ear wax",கானு மெயினுக் கபு3ஸு ஹால் ஹெட்3னொ,kaanu meyinuk kabusu haal heDno,காது குரும்பியை பஞ்சினால் எடுக்க வேண்டும்,Ear wax should be removed with a cotton swab,body,corpus_sourashtradictionary
கீட்,keeT,பற்களில் இருக்கும் கறை,Stain on teeth,தூ4ம்பான் தய்லியெத் தா3து3ம் கீட் ப4ந்தா3ய்,dhoompaan tayliyet daadum keeT bhandaay,புகையிலையை மென்றால் பற்களில் கறை ஏற்படும்,Chewing tobacco can stain teeth,body,corpus_sourashtradictionary
பொ2லி,pholi,முகப்பரு,Pimple,ஜாண ஒர்ஸும் தோனும் பொ2லி அவஸு,jaaNa orsum tOnum pholi avasu,இளம் வயதில் முகத்தில் பரு வருகிறது,Pimples appear on the face at a young age,body,corpus_sourashtradictionary
பு2லாபு2லி,phulaaphuli,"பால்பரு, பாலுண்ணி, மரு","White Bumps, Skin Tags",பு2லாபு2லி ஆங்கு3ர் கோட் பயெத் அவாய்,phulaaphuli aanggur kOT payet avaay,பாலுண்ணி உடலின் எந்த பகுதியிலும் தோன்றலாம்,White Bumps can appear on any part of the body,body,corpus_sourashtradictionary
திமுர்,timur,மரத்துப்போதல்,Numbness,"மொன்ட்சிலி பி3ஸி ஹொதெ3ஹால், பாய்ஞ் திமுர் தெ4ஜ்ஜொ !!","monTcili bisi hodehaal, paaynj timur dhejjo !!","மடக்கிக் கொண்டு அமர்ந்திருந்ததால், கால்கள் மரத்துப் போயின !!",Legs went numb as I was sitting folded up !!,body,corpus_sourashtradictionary
வச்சம்,vaccam,ஊனம்,"Handicap, Crippled",தெகொ3 ஜைனொ பாய்ஞ் வச்சம்கன் ஸே,tego jaino paaynj vaccamkan sE,அவனுக்கு வலது கால் ஊனமாக உள்ளது,He has a crippled right leg,body,corpus_sourashtradictionary
இன்ட்கினி,inTkini,சுளுக்கு,Sprain,ஸோபானாம் ர்ஹீ பொடெ3ஹால் பாய்ஞ் இன்ட்கிள்டி3யொ,sOpaanaam rhee poDehaal paaynj inTkiLDiyo,மாடிப்படியில் இருந்து தவறி விழுந்ததால் கால் சுளுக்கு ஏற்பட்டது,He sprained his leg after falling down the stairs,body,corpus_sourashtradictionary
ஹுப்3ப3ஸ்,hubbas,"மூச்சடைத்தல், மூச்சுத்திணறல்","Suffocation, Out of breath, Flounder",பனிம் பு3டெ3த் ஹுப்3ப3ஸ் பொடா3ய்,panim buDet hubbas poDaay,தண்ணீரில் மூழ்கினால் மூச்சுத்திணறல் ஏற்படும்,Immersion in water can cause suffocation,body,corpus_sourashtradictionary
ஹோங்கு3,hOnggu,"தூக்கம், உறக்கம்",Sleep,சார் கெ4ண்டாக் ஹுடெ3 ப2ராது ஹோங்கு3 அவெனி,caar gheNTaak huDe pharaatu hOnggu aveni,நான்கு மணிக்கு எழுந்தபின் தூக்கம் வரவில்லை,"After waking up at four o'clock, I couldn't sleep",body,corpus_sourashtradictionary
நீஞ்ஜு,neenjju,"தூக்கம், உறக்கம்",Sleep,தெ2வ்டெ3தெனு நீஞ்ஜும் வத்த கெரஸுன்,thevDetenu neenjjum vatta kerasun,சிலர் தூக்கத்தில் பேசுவார்கள்,Some people talk in their sleep,body,corpus_sourashtradictionary
ஸைனி,saini,"தூக்கம், உறக்கம்",Sleep,ஹத்3து3 ஸைனிம் தெங்கொ3 கொன்கீ ஹுட3ட்டியா,haddu sainim tenggo konkee huDaTTiyaa,அரை தூக்கத்தில் அவரை யாரோ எழுப்பி விட்டனர்,Someone woke him up half asleep,body,corpus_sourashtradictionary
ஸொவ்னொ,sovno,கனவு,Dream,ஸொவ்னாம் ஸாப் அவெத் மெல்லொ தா4க் கெரஸ்,sovnaam saap avet mello dhaak keras,கனவில் பாம்பு வந்தால் கூட பயமாக இருக்கிறது,A snake in a dream is also scary,body,corpus_sourashtradictionary
ர்ஹப்னொ,rhapno,"நனவு, நிஜம், யதார்த்தம்","Consciousness, Reality",ஸொவ்னொ தெ3க்கெயொ பி2ஜ்ஜாய்! ர்ஹப்னாக் ஆவ் !!,sovno dekkeyo phijjaay! rhapnaak aav !!,கனவு கண்டது போதும்! நிஜத்துக்கு வா!!,Enough dreaming ! Come to reality !!,body,corpus_sourashtradictionary
தொ3ளாம்பனி,doLaampani,கண்ணீர்,Tears,அத்தொ தொ3ளாம்பனி க2டி3 காய் பிர்ஜனம்?,atto doLaampani khaDi kaay pirjanam?,இப்போது கண்ணீர் விட்டு என்ன பயன்?,What is the use of tears now?,body,corpus_sourashtradictionary
மஞ்ஜன் பு4ர்கோ,manjjan bhurkO,பற்பொடி,Tooth Powder,முது3ல்லொ அஸ்கி ராக்கின் மீட் கவ்லி மஞ்ஜன் பு4ர்கொகன் வவ்ரன்,mudullo aski raakkin meeT kavli manjjan bhurkokan vavran,முன்பெல்லாம் சாம்பலையும் உப்பையும் கலந்து பற்பொடியாகப் பயன்படுத்துவார்கள்,Earlier they used ash and salt as tooth powder,body,corpus_sourashtradictionary
மஞ்ஜன் கெ3ஸி,manjjan gesi,பற்பசை,Tooth paste,தா3த் அம்பு3லனிக் மெனி மஞ்ஜன் கெ3ஸி அப்3ப3ரஸ்,daat ambulanik meni manjjan gesi abbaras,பல் கூச்சத்திற்கு என்று பற்பசை கிடைக்கிறது,Toothpaste is available for sensitive teeth,body,corpus_sourashtradictionary
மஞ்ஜன் க2ட்டி,manjjan khaTTi,பற்குச்சி,Tooth Brush,ஒண்டெ மஞ்ஜன் க2ட்டி தீ2ன் ம்ஹடொ3 லெந்துஸ் வவ்ருனொ,oNTe manjjan khaTTi theen mhaDo lentus vavruno,ஒரு பற்குச்சியை மூன்று மாதம் தான் பயன்படுத்த வேண்டும்,A toothbrush should only be used for three months,body,corpus_sourashtradictionary
ஆங்கு3 து4வத்தெ,aanggu dhuvatte,குளித்தல்,Bathing,ஆங்கு3 து4வ்தி கா2த்தெ சொக்கட் வட்கெ,aanggu dhuvti khaatte cokkaT vaTke,குளித்த பின் சாப்பிடுவது நல்ல பழக்கம்,It is a good habit to eat after taking a bath,body,corpus_sourashtradictionary
நெத்3தி3 கெரத்தெ,neddi keratte,குளித்தல்,Bathing,ஒஜனானுன் ராதி3ம் நெத்3தி3 கெரஸுன்,ojanaanun raadim neddi kerasun,சிலர் இரவில் குளிப்பார்கள்,Some people bathe at night,body,corpus_sourashtradictionary
பு3ட3த்தெ,buDatte,தலைக் குளித்தல்,Head bathing,ஹூனு கலமு நிச்சு பு3ட3த்தெ ப3ரொ3,hoonu kalamu niccu buDatte baro,வெயில் காலத்தில் தினமும் தலைக்கு குளிப்பது நல்லது,It is good to take a daily head bath during summer,body,corpus_sourashtradictionary
ந்ஹவன் க4ல்லத்தெ,nhavan ghallatte,எண்ணெய் தேய்த்துக் குளிப்பது,Oil bathing,வாரும் ஒண்டால் தி3 ந்ஹவன் க4ல்லத்தெ ப3ரொ3,vaarum oNTaal di nhavan ghallatte baro,வாரம் ஒரு முறையாவது எண்ணெய் தேய்த்துக் குளிப்பது நல்லது,It is good to have an oil bath at least once a week,body,corpus_sourashtradictionary
ஒண்ட்கினி,oNTkini,நடுக்கம்,"Shiver, Tremble, Quiver",தெனொ ககொ3 இஸொ ஒண்ட்கரியொ?,teno kago iso oNTkariyo?,அவன் ஏன் இப்படி நடுங்குகிறான்?,Why is he shivering like this?,body,corpus_sourashtradictionary
க2ருடொ3,kharuDo,"சவுக்காரம், சோப்பு",Soap,க2ருடா3க் பொ3து3லு நிளமு பெ3ளா பீட் தய்லி ஆங்கு3 து4வாய்,kharuDaak bodulu niLamu beLaa peeT tayli aanggu dhuvaay,சவுக்காரத்திற்கு பதிலாக பயத்தம் மாவை போட்டு குளிக்கலாம்,"Instead of soap, you can take a bath using green gram powder",body,corpus_sourashtradictionary
க்ஷருடொ3,ksharuDo,"சவுக்காரம், சோப்பு",Soap,தேலு சிகு3ட்டொ ஜாத்தக் க்ஷருடொ3 தகி ஹாத் து4வொ,tElu ciguTTo jaattak ksharuDo taki haat dhuvo,எண்ணெய் பிசுபிசுப்பு போக சவுக்காரம் போட்டு கை கழுவுங்கள்,Wash hands with soap to remove stickiness,body,corpus_sourashtradictionary
நுரு,nuru,நுரை,Foam,பொ3ட்டாக் தக3ரியொ க2ருடா3ம் நுரு அவனி,boTTaak tagariyo kharuDaam nuru avani,துணிக்கு போடும் சவுக்காரத்தில் நுரை வருவதில்லை,Detergent soap does not foam,body,corpus_sourashtradictionary
போ2ஸு,phOsu,நுரை,Foam,மீடு3 பனிம் க2ருடா3ம் போ2ஸு அவ்னா,meeDu panim kharuDaam phOsu avnaa,உப்புத்தண்ணீரில் சவுக்காரத்தில் நுரை வராது,Soap does not foam in salt water,body,corpus_sourashtradictionary
பி2னு,phinu,நுரை,Foam,நெத்3தி3ம் பனி பி2னு ஸெரொ த4மரஸி,neddim pani phinu sero dhamarasi,ஆற்றில் தண்ணீர் நுரையுடன் ஓடுகிறது,The water in the river flows with foam,body,corpus_sourashtradictionary
பொள்ஸொ குஸ்கத்தெ,poLso kuskatte,பச்சை குத்துதல்,Tattoo,ஜு2கு3 ருஸ்யகெரின் அபுல் ஆங்கு3ம் பொள்ஸொ குஸ்கில்ராஸி,jhugu rusyakerin apul aanggum poLso kuskilraasi,பல ரஷ்யர்கள் தங்கள் உடலில் பச்சை குத்தியுள்ளனர்,Many Russians have tattoos on their bodies,body,corpus_sourashtradictionary
இந்த்3ரியம்,indriyam,"புலன், உணர்வு",Sense,பஞ்சூ இந்த்3ரிய்முக் அண்சத்தெனூஸ் ஞானி,panjcoo indriymuk aNcattenoos njaani,ஐந்து புலன்களை அடக்குபவரே ஞானி,A wise man is one who subdues the five senses,body,corpus_sourashtradictionary
ஜட3ம்,jaDam,"அறிவற்ற, உணர்வற்ற",Senseless,ஸுரத் ந்ஹாத்தெனு ஜட3முக் ஸமான்,surat nhaattenu jaDamuk samaan,ரோஷம் இல்லாதவர் உணர்வற்றவனுக்கு சமம்,A person without anger equals an insensible person,body,corpus_sourashtradictionary
தேகு,tEku,தேக்கு,Teak,தேகு ஜா2டு3 பொல்கானுக் ஹுதி3ன் தெ4ர்னா,tEku jhaaDu polkaanuk hudin dhernaa,தேக்கு மரப் பலகையை கரையான் அரிக்காது,Termites do not eat teak wood,trees,corpus_sourashtradictionary
லீமு ஜா2ட்3,leemu jhaaD,"வேப்பமரம், வேம்பு",Neem Tree,அம்மொ நிகி3ளாத்தெங்கொ3 லீமு ஜா2டு3 பானும் நிஞ்ஜட3ன்,ammo nigiLaattenggo leemu jhaaDu paanum ninjjaDan,அம்மை நோய் உள்ளவர்களை வேப்ப இலையில் படுக்க வைப்பார்கள்,People with measles are put to bed with neem leaves,trees,corpus_sourashtradictionary
நீமு ஜா2ட்3,neemu jhaaD,"வேப்பமரம், வேம்பு",Neem Tree,நீமு ஜா2டு3 வரொ ஆங்கு3க் சொக்கடு3,neemu jhaaDu varo aangguk cokkaDu,வேப்ப மரத்தின் காற்று உடலுக்கு நல்லது,The air of the neem tree is good for the body,trees,corpus_sourashtradictionary
பிம்பள் ஜா2ட்3,pimpaL jhaaD,அரசமரம்,Peepal Tree,ஜா2டு3னுக் ரஜொ பிம்பள் ஜா2டு3,jhaaDunuk rajo pimpaL jhaaDu,மரங்களின் அரசன் அரசமரம்,Peepal Tree is the king of trees,trees,corpus_sourashtradictionary
ஒடா3 ஜா2ட்3,oDaa jhaaD,ஆலமரம்,Banyan Tree,ஒடா3 ஜா2ட்3 ஶீன் ஶமுல்லத்தக் சொக்கட் ஸைலு தே3யி,oDaa jhaaD sseen ssamullattak cokkaT sailu dEyi,ஆலமரம் இளைப்பாற நல்ல நிழல் தரும்,The banyan tree gives good shade to relax,trees,corpus_sourashtradictionary
அஸோக ஜா2டு3,asOka jhaaDu,அசோக மரம்,"Ashoka Tree, Saraca indica",அஸோக ஜா2டு3 பொவ்ஸ் வேன் பொட3ரியொ ராணும் ஹொட3யி,asOka jhaaDu povs vEn poDariyo raaNum hoDayi,அசோக மரம் மழை அதிகம் உள்ள காடுகளில் வளரும்,Ashoka tree grows in rainfed forests,trees,corpus_sourashtradictionary
கச்சம்பா3 ஜா2டு3,kaccambaa jhaaDu,மாமரம்,Mango tree,கச்சம்பா3 ஜா2டு3 விடி3 கவாட் கெரத்தக் நுக3ஸு,kaccambaa jhaaDu viDi kavaaT kerattak nugasu,மாமரம் ஜன்னல் கதவு செய்ய பயன்படும்,Mango tree is used to make window door,trees,corpus_sourashtradictionary
தூது3,toodu,பூவரசம் பூ,Portia tree,"தூது3 ஜா2டு3 பானு, பூ2லு, கய்லொ மெனி அஸ்கி ஹொக3து கு3ண்ணு ஸேத்திஸானுகெ","toodu jhaaDu paanu, phoolu, kaylo meni aski hogatu guNNu sEttisaanuke","பூவரசம் மரத்தின் இலைகள், பூக்கள், காய்கள் அனைத்தும் மருத்துவ குணம் உள்ளவை","The leaves, flowers and pods of the Portia tree are all medicinal",trees,corpus_sourashtradictionary
சீஸு ஜா2ட்3,ceesu jhaaD,புளியமரம்,Tamarind tree,ரெத்து சாத் கெரத்தக் சீஸு ஜா2ட்3 நுக3ஸு,rettu caat kerattak ceesu jhaaD nugasu,தேரின் அச்சு செய்ய புளியமரம் பயன்படும்,Tamarind tree is used to make the axle of the chariot,trees,corpus_sourashtradictionary
சந்தி3 ஜா2ட்3,candi jhaaD,இலவம் பஞ்சு மரம்,"Silk Cotton tree, Kapok tree",சந்தி3 ஜா2ட்3 சார் ஒர்ஸு ப2ரொ சொக்கட் போ2ள் தே3யி,candi jhaaD caar orsu pharo cokkaT phOL dEyi,இலவம் பஞ்சு மரம் நான்கு ஆண்டுகளுக்கு பிறகு நல்ல பலன் கிடைக்கும்,Silk cotton tree gives good results after four years,trees,corpus_sourashtradictionary
நலர் ஜா2ட்3,nalar jhaaD,தென்னைமரம்,Coconut tree,நலர் ஜா2ட்3 ரமா ரமி 70 ஒர்ஸுன் ஜிவஸு,nalar jhaaD ramaa rami 70 orsun jivasu,தென்னை மரம் சுமார் 70 ஆண்டுகள் வாழ்கிறது,The coconut tree lives for about 70 years,trees,corpus_sourashtradictionary
நரெளு ஜா2டு3,nareLu jhaaDu,தென்னைமரம்,Coconut tree,"நரெளு ஜா2டு3, 50 - 80 பௌல் லென்து உன்சொ ஹொயினு ஹொட3ஸு","nareLu jhaaDu, 50 - 80 paul lentu unco hoyinu hoDasu",தென்னை மரம் 50 - 80 அடி உயரம் வரை வளர்கிறது,The coconut tree grows to a height of 50 - 80 feet,trees,corpus_sourashtradictionary
கேளு ஜா2ட்3,kELu jhaaD,வாழைமரம்,Banana Tree,கேளு ஜா2டு3 அஸ்கி பொ4ணமு உபயோக்3 ஹோஸு,kELu jhaaDu aski bhoNamu upayOg hOsu,வாழை மரத்தின் அனைத்து பாகங்களும் பயன்படுகின்றன,All parts of the banana tree are used,trees,corpus_sourashtradictionary
ஸெவ்கா ஜா2ட்3,sevkaa jhaaD,முருங்கைமரம்,Drumstick Tree,வரொ பொ3லோம்கன் ஹனெதி3 ஸெவ்கா ஜா2ட்3 முட்டி பொள்ட3யி,varo bolOmkan hanedi sevkaa jhaaD muTTi poLDayi,காற்று பலமாக வீசும்போது முருங்கை மரம் முறிந்து விடும்,The drumstick tree breaks when the wind blows hard,trees,corpus_sourashtradictionary
ஸொமி ஜா2ட்3,somi jhaaD,வன்னிமரம்,Jammi Tree,ஜு2கு3 தௌ4ரானும் ஸொமி ஜா2டு3 ஸ்த2ல வ்ருக்ஷம்கன் ஸெ,jhugu dhauraanum somi jhaaDu sthala vrukshamkan se,பல ஆலயங்களில் ஸ்தல விருட்சமாக வன்னி மரம் இருக்கிறது,The Jammi is the tree of worship in many temples,trees,corpus_sourashtradictionary
கானு ஜா2ட்3,kaanu jhaaD,புன்னைமரம்,"Alexandrian Laurel Tree, Beautyleaf Tree",கானு ஜா2டு3 நௌகொ ப4ந்த3த்தக் நுக3ஸு,kaanu jhaaDu nauko bhandattak nugasu,புன்னை மரம் படகு கட்ட பயன்படும்,Beautyleaf tree is used to build the boat,trees,corpus_sourashtradictionary
பீ3லு ஜா2ட்3,beelu jhaaD,வில்வமரம்,Bael Tree,பீ3லு ஜா2ட்3 ஜு2க்குகன் ஈஸ்புரு தௌ4ராம் ராஸு,beelu jhaaD jhukkukan eespuru dhauraam raasu,வில்வமரம் பெரும்பாலும் ஈஸ்வரன் கோயில்களில் உள்ளது,The Bael tree is mostly found in Eeswaran temples,trees,corpus_sourashtradictionary
ஸிர்க்கணு ஜா2ட்3,sirkkaNu jhaaD,சந்தனமரம்,Sandalwood Tree,பு4லோகுர் 65% ஸிர்க்கணு ஜா2டு3னு பா4ரதும் பிக்கஸு,bhulOkur 65% sirkkaNu jhaaDunu bhaaratum pikkasu,உலகில் 65% சந்தன மரங்கள் இந்தியாவில் விளைகின்றன,65% of the world's sandalwood is grown in India,trees,corpus_sourashtradictionary
வேணு ஜா2ட்3,vENu jhaaD,மூங்கில் மரம்,Bamboo Tree,வேணு கொ3வது வம்ஶமு செரெ ஒண்டெ ஜா2டு3,vENu govatu vamssamu cere oNTe jhaaDu,மூங்கில் புல் வகையைச் சேர்ந்த ஒரு மரம் ஆகும்,Bamboo is a tree belonging to the genus Grass,trees,corpus_sourashtradictionary
தாடி3 ஜா2ட்3,taaDi jhaaD,பனைமரம்,Palm Tree,தாடி3 ஜா2டு3 மொள்கொ ஸொடி3 வீஸ் ஒர்ஸுனு ப2ராதூஸ் போ2ள் தே3யி,taaDi jhaaDu moLko soDi vees orsunu pharaatoos phOL dEyi,பனைமரம் முளை விட்ட பிறகு இருபது வருடங்கள் கழித்து பலன் தரும்,The palm tree bears fruit twenty years after germination,trees,corpus_sourashtradictionary
தாளு ஜா2டு3,taaLu jhaaDu,பனைமரம்,Palmyra tree,தாளு ஜா2டு3 30 - 40 பவுல் உஞ்சொ ஹொட3யி,taaLu jhaaDu 30 - 40 pavul unjco hoDayi,பனைமரம் 30 - 40 அடி உயரம் வளரும்,The palm tree grows to a height of 30 - 40 feet,trees,corpus_sourashtradictionary
துஞ்ஜு,tunjju,பனைமரம்,Palmyra tree,துஞ்ஜு ரமாரமி 120 ஒர்ஸுன் லெங்கு ஜிவயி,tunjju ramaarami 120 orsun lengku jivayi,பனைமரம் சராசரியாக 120 வருடங்கள் வரை வாழும்,The palm tree can live up to 120 years on average,trees,corpus_sourashtradictionary
க2ஸ்லா ஜா2டு3,khaslaa jhaaDu,பேரீச்சமரம்,Date palm tree,க2ஸ்லா ஜா2டு3ன் வளுராணும் ஹொட3த்திஸானுகெ,khaslaa jhaaDun vaLuraaNum hoDattisaanuke,பேரீச்சை மரங்கள் பாலைவனங்களில் வளரக்கூடியவை,Date palm trees can grow in deserts,trees,corpus_sourashtradictionary
க2ஸுளு,khasuLu,பேரீச்சமரம்,Date palm tree,க2ஸுளு சொக்கட் லாப் தே3த்திஸானுகெ,khasuLu cokkaT laap dEttisaanuke,பேரீச்சை மரங்கள் நல்ல லாபம் தரக்கூடியவை,Date palm trees are very profitable,trees,corpus_sourashtradictionary
ஸ்ரீ தாளு ஜா2ட்3,sree taaLu jhaaD,ஆண் பனைமரம்,Male palmyra tree,ஸ்ரீ தாளு ஜா2டு3ம் கய்லொ லய்னா,sree taaLu jhaaDum kaylo laynaa,ஆண் பனைமரத்தில் காய் காய்க்காது,The male date palm does not bear fruit,trees,corpus_sourashtradictionary
ஹிந்தாளு ஜா2ட்3,hintaaLu jhaaD,"தாளிப்பனை, கூந்தப்பனை",Talipot palm,ஹிந்தாளு ஜா2டு3 ஜித்ரவும் ஒண்ட்டே ஒண்ட்டாலுஸ் பு2லயி,hintaaLu jhaaDu jitravum oNTTE oNTTaalus phulayi,கூந்தப்பனை வாழ்நாளில் ஒரே ஒருமுறைதான் பூக்கும்,Talipot palm blooms only once in a lifetime,trees,corpus_sourashtradictionary
பு4ஸ்லா ஜா2ட்3,bhuslaa jhaaD,சிறு ஈச்சமரம்,Black or Mountain date palm,பு4ஸ்லா ஜா2டு3 பெச்சம் பொள்ளொ களொ ர்ஹாயி,bhuslaa jhaaDu peccam poLLo kaLo rhaayi,சிறு ஈச்ச மரத்து பேரீச்சம் பழம் கருப்பாக இருக்கும்,The fruit of the mountain date palm tree is black,trees,corpus_sourashtradictionary
ஹப்பளு ஜா2ட்3,happaLu jhaaD,பாக்கு மரம்,Arecanut tree,ஹப்பளு ஜா2ட்3 தொ3ங்க3ரும் க4லத்திஸா பீகு ஹோஸு,happaLu jhaaD donggarum ghalattisaa peeku hOsu,பாக்கு மரம் ஒரு மலைத்தோட்டப் பயிர் ஆகும்,Arecanut tree is a hill garden crop,trees,corpus_sourashtradictionary
ஹுப்பளு ஜா2ட்3,huppaLu jhaaD,பாக்கு மரம்,Arecanut tree,ஹுப்பளு ஜா2டு3 பொஞ்சிஸ் ஒர்ஸுனுக் போ2ள் தே3யி,huppaLu jhaaDu ponjcis orsunuk phOL dEyi,பாக்கு மரம் இருபத்தைந்து வருடங்களுக்கு பலன் தரும்,Arecanut tree will bear fruit for twenty-five years,trees,corpus_sourashtradictionary
ஜுங்கெ ஜா2ட்3,jungke jhaaD,முதிர்ந்த மரம்,Aged tree,ஜுங்கெ ஜா2டு3 நரள் ம்ஹத்3தி3 தரொகன் ர்ஹாயி,jungke jhaaDu naraL mhaddi tarokan rhaayi,முதிர்ந்த மரத்தின் தேங்காய் நடுத்தரமாக இருக்கும்,The coconut of the aged tree is medium,trees,corpus_sourashtradictionary
ஹீடு3 ஜியே ஜா2ட்3,heeDu jiyE jhaaD,பட்டுப்போன மரம்,Dried up tree,ஹீடு3 ஜியே ஜா2டு3 கொக்கிக் பிர்ஜனம் பொட்3னா,heeDu jiyE jhaaDu kokkik pirjanam poDnaa,பட்டுப்போன மரம் எதற்கும் பயன்படாது,The dried up tree is useful for nothing,trees,corpus_sourashtradictionary
பா4வனொ,bhaavano,"உணர்ச்சி, உணர்வு, மனப்பான்மை","Emotion, Feeling, Attitude, Sentiment",,,,,feelings,corpus_sourashtradictionary
பா4வனொதெ4ரெ,bhaavanodhere,உணர்ச்சி வயப்பட்ட,Emotional,,,,,feelings,corpus_sourashtradictionary
சித்து,cittu,மனது,Mind,,,,,feelings,corpus_sourashtradictionary
சிஜ்ஜிது,cijjitu,மனதை வெல்வது,Conquering the mind,,,,,feelings,corpus_sourashtradictionary
மொன்னு,monnu,மனது,Mind,,,,,feelings,corpus_sourashtradictionary
மொன்னுதெ4ரெ,monnudhere,மனஞ்சார்ந்த,"Mental, Psycho",,,,,feelings,corpus_sourashtradictionary
பி4த்தரு மொன்னு,bhittaru monnu,மனசாட்சி,Conscience,,,,,feelings,corpus_sourashtradictionary
நிம்மள்,nimmaL,நிம்மதி,Peace of mind,,,,,feelings,corpus_sourashtradictionary
லேதன்,lEtan,நினைப்பு,Thinking,,,,,feelings,corpus_sourashtradictionary
க3வன்,gavan,எண்ணம்,Thought,,,,,feelings,corpus_sourashtradictionary
ஹட்வன்,haTvan,"நினைவு, ஞாபகம், நினைப்பு, எண்ணம்","Memory, Remembrance, Thought",,,,,feelings,corpus_sourashtradictionary
ஹவ்ட3ன்,havDan,"நினைவு, ஞாபகம், நினைப்பு, எண்ணம்","Memory, Remembrance, Thought",,,,,feelings,corpus_sourashtradictionary
ஹவ்ட3ரஸ்,havDaras,"எண்ணுகிறேன், நினைக்கிறேன்","Suppose, Think",,,,,feelings,corpus_sourashtradictionary
"ஸாந்த், ஶாந்தி","saant, ssaanti",அமைதி,"Peace, Calm, Serenity, Quiet",,,,,feelings,corpus_sourashtradictionary
ஓர்ப்,Orp,பொறுமை,Patience,,,,,feelings,corpus_sourashtradictionary
அல்லட்னி,allaTni,"தவித்தல், தவிப்பு","Impatient, Jumpy, Restless",,,,,feelings,corpus_sourashtradictionary
துஸ்னி,tusni,மகிழ்ச்சி,"Joy, Pleasure, Happy, Delight, Happiness",,,,,feelings,corpus_sourashtradictionary
குஷி,kushi,மகிழ்ச்சி,"Joy, Pleasure, Happy, Delight, Happiness",,,,,feelings,corpus_sourashtradictionary
ஸந்தோஸ்,santOs,மகிழ்ச்சி,"Joy, Pleasure, Happy, Delight, Happiness",,,,,feelings,corpus_sourashtradictionary
உத்ஸாஹ்,utsaah,"மகிழ்ச்சி, உற்சாகம்","Jolly, Excitement, Exuberant",,,,,feelings,corpus_sourashtradictionary
ஸொம்பு,sompu,மகிழ்ச்சி,"Joy, Pleasure, Happy, Delight, Happiness",,,,,feelings,corpus_sourashtradictionary
ஸொந்தோ3ஷ்,sondOsh,மகிழ்ச்சி,"Joy, Pleasure, Happy, Delight, Happiness",,,,,feelings,corpus_sourashtradictionary
ஸொந்து,sontu,"சந்தோஷம், களிப்பு","Happy, Pleasure, Exultation, Merriment",,,,,feelings,corpus_sourashtradictionary
ஸொந்தோஷ்கன்,sontOshkan,சந்தோஷமாக,Happily,,,,,feelings,corpus_sourashtradictionary
துஷத்தெ,tushatte,மகிழ்ச்சியாக இருப்பது,Being happy,,,,,feelings,corpus_sourashtradictionary
பு2லன்,phulan,பூரித்தல்,State of delight,,,,,feelings,corpus_sourashtradictionary
பு2லஸ்,phulas,"புளகாங்கிதம், பெருமகிழ்ச்சி","Ecstasy, Highly delighted, Heavenly",,,,,feelings,corpus_sourashtradictionary
"வேன் ஸொந்தோஷ் ஹொயெ, ஸ்வர்கு3 தெ4ரெ","vEn sontOsh hoye, svargu dhere","பெரு மகிழ்ச்சியூட்டுகிற, சுவர்க்கம் தொடர்பான",Heavenly,,,,,feelings,corpus_sourashtradictionary
ஸுக2ம்,sukham,சுகம்,Comfort,,,,,feelings,corpus_sourashtradictionary
து3ஹ்கு2 பொட3த்தெ,duhkhu poDatte,வருத்தப்படுதல்,"Feeling sorry, Regret",,,,,feelings,corpus_sourashtradictionary
விசார் பொட3த்தெ,vicaar poDatte,வருத்தப்படுதல்,"Feeling sorry, Regret",,,,,feelings,corpus_sourashtradictionary
விசார்,vicaar,"கவலை, வருத்தம்","Anxiety, Worry, Sad",,,,,feelings,corpus_sourashtradictionary
சிந்தொ,cinto,"கவலை, வருத்தம், அக்கறை","Worry, Sad, Concern",,,,,feelings,corpus_sourashtradictionary
வெகுல்,vekul,"கவலை, மனக்கவலை","Worry, Anxiety",,,,,feelings,corpus_sourashtradictionary
வியாகூல்,viyaakool,"கவலை, மனக்கவலை","Worry, Anxiety",,,,,feelings,corpus_sourashtradictionary
பரிதாப்,paritaap,வருத்தம்,Pity,,,,,feelings,corpus_sourashtradictionary
பஶ்சாதாப்,passcaataap,கழிவிரக்கம்,"Repentance, Sympathy",,,,,feelings,corpus_sourashtradictionary
பா4ர்,bhaar,"வலி, துன்பம்","Pain, Suffering",,,,,feelings,corpus_sourashtradictionary
மொன்னு பா4ர்,monnu bhaar,மன அழுத்தம்,Stress,,,,,feelings,corpus_sourashtradictionary
ஸூத்,soot,ஏக்கம்,"Longing, Nostalgic",,,,,feelings,corpus_sourashtradictionary
து3வ்னொ,duvno,"வலி, துன்பம்","Pain, Ache",,,,,feelings,corpus_sourashtradictionary
பா3தொ3,baado,"துன்பம், துயரம், வருத்தம்","Pain, Suffering, Grief, Sorrow, Worry",,,,,feelings,corpus_sourashtradictionary
வேத3னொ,vEdano,"துன்பம், துயரம், வருத்தம்","Pain, Suffering, Grief, Sorrow, Worry",,,,,feelings,corpus_sourashtradictionary
து3க்,duk,துக்கம்,"Grief, Mourning",,,,,feelings,corpus_sourashtradictionary
து3கு,duku,துக்கம்,"Grief, Mourning",,,,,feelings,corpus_sourashtradictionary
பாட்,paaT,"தொல்லை, கஷ்டம், நிலைமை","Harassment, Difficulty, Situation",,,,,feelings,corpus_sourashtradictionary
ராக்3,raag,கோபம்,"Anger, Temper",,,,,feelings,corpus_sourashtradictionary
ராக்3 ஹொயெ,raag hoye,"கோபமான, கோபமுள்ள",Angry,,,,,feelings,corpus_sourashtradictionary
குப்னி,kupni,கோபம்,Anger,,,,,feelings,corpus_sourashtradictionary
உக்3கு3ர்,uggur,கடுமையான கோபம்,"Extreme anger, Ferocious",,,,,feelings,corpus_sourashtradictionary
மத்ச2 ர்ஹால்,matcha rhaal,"குரோதம், கோபம்","Hostility, Animosity, Anger",,,,,feelings,corpus_sourashtradictionary
வங்க2ள்ளி,vangkhaLLi,"சினம் கொண்டு, கோபத்துடன்",Angrily,,,,,feelings,corpus_sourashtradictionary
ஸுரத்,surat,ரோஷம்,"Irate, Susceptiblity",,,,,feelings,corpus_sourashtradictionary
ரூஸ்,roos,பொய்க்கோபம்,Fake Anger,,,,,feelings,corpus_sourashtradictionary
உத்ஜம்,utjam,பதற்றம்,Tension,,,,,feelings,corpus_sourashtradictionary
தா4க்,dhaak,"பயம், அச்சம்","Fear, Awe, Afraid",,,,,feelings,corpus_sourashtradictionary
தா4க்தெ4ரள்,dhaakdheraL,"பயம், அச்சம்","Fear, Awe, Afraid",,,,,feelings,corpus_sourashtradictionary
ப4யப4க்தி,bhayabhakti,"பக்திபூர்வமான பயம், பிரமிப்பு","Awe, Reverence",,,,,feelings,corpus_sourashtradictionary
பெ3து3ர்னி,bedurni,"வியப்பு, திகைப்பு, பிரமிப்பு","Astonish, Stun, Surprise, Awe",,,,,feelings,corpus_sourashtradictionary
ப்4ரமொ,bhramo,குழப்பம்,Confusion,,,,,feelings,corpus_sourashtradictionary
லும்ப்ளொ,lumpLo,குழப்பம்,Confusion,,,,,feelings,corpus_sourashtradictionary
லும்ப்ளொ ஹொயெ,lumpLo hoye,குழப்பமான,Confused,,,,,feelings,corpus_sourashtradictionary
ஆஶ்சர்யம்,aasscaryam,ஆச்சரியம்,Surprise,,,,,feelings,corpus_sourashtradictionary
மொணம்,moNam,மானம்,"Honour, Respect",,,,,feelings,corpus_sourashtradictionary
மான்,maan,மானம்,"Honour, Respect",,,,,feelings,corpus_sourashtradictionary
அபுல்மான்,apulmaan,தன்மானம்,"Self-respect, Prestige",,,,,feelings,corpus_sourashtradictionary
ஔமான்,aumaan,"அவமதிப்பு, அவமரியாதை","Insult, Disrespect, Dishonour",,,,,feelings,corpus_sourashtradictionary
ஹினம்,hinam,அவமானம்,"Shame, Humiliation",,,,,feelings,corpus_sourashtradictionary
லாஜ்,laaj,"வெட்கம், நாணம், கூச்சமுடைய","Shy, Shyness, Bashful",,,,,feelings,corpus_sourashtradictionary
லஜ்ஜொ,lajjo,"வெட்கம், நாணம், கூச்சமுடைய","Shy, Shyness, Bashful, Embarrass",,,,,feelings,corpus_sourashtradictionary
லஜ்ஜினி,lajjini,"வெட்கம், நாணம், கூச்சமுடைய","Shy, Shyness, Bashful, Embarrass",,,,,feelings,corpus_sourashtradictionary
கொஞ்சுதொ3,konjcudo,"வெட்கம், நாணம், கூச்சமுடைய","Shy, Shyness, Bashful",,,,,feelings,corpus_sourashtradictionary
ப்ரேவ்,prEv,"அன்பு, பாசம், காதல்","Love, Affection",,,,,feelings,corpus_sourashtradictionary
பிரேவ்,pirEv,பிடித்த,Favorite,,,,,feelings,corpus_sourashtradictionary
ஒப்பய,oppaya,பிடித்த,Favorite,,,,,feelings,corpus_sourashtradictionary
ப்ரேவ்ஹொயெ,prEvhoye,பிரியமான,"Dear, Darling, Sweetheart, Cutie",,,,,feelings,corpus_sourashtradictionary
ப்ராமோ,praamO,"அன்பு, காதல்","Love, Affection",,,,,feelings,corpus_sourashtradictionary
ப்ரேமொ,prEmo,"அன்பு, காதல்","Love, Affection",,,,,feelings,corpus_sourashtradictionary
ஹிமத்,himat,இதம்,Comfort,,,,,feelings,corpus_sourashtradictionary
லாலு,laalu,வாஞ்சை,"Affection, Fondness, Compassionate love",,,,,feelings,corpus_sourashtradictionary
இஷ்க்,ishk,காதல்,Love,,,,,feelings,corpus_sourashtradictionary
முஹ்னி,muhni,"காமம், மோகம், மையல்",Lust,,,,,feelings,corpus_sourashtradictionary
லாஸு,laasu,"காமம், மோகம், மையல்",Lust,,,,,feelings,corpus_sourashtradictionary
லயிஞ்சினி,layinjcini,"வேட்கை, உணர்ச்சி",Passion,,,,,feelings,corpus_sourashtradictionary
முத்3து3,muddu,முத்தம்,Kiss,,,,,feelings,corpus_sourashtradictionary
பு3ச்சி,bucci,முத்தம்,Kiss,,,,,feelings,corpus_sourashtradictionary
தத்வஜ்னொ,tatvajno,தத்வம்,Philosophy,,,,,feelings,corpus_sourashtradictionary
குதூஹலொ,kutoohalo,ஆர்வம்,Interest,,,,,feelings,corpus_sourashtradictionary
ஸிங்கா3ர்,singgaar,அழகு,Beautiful,,,,,feelings,corpus_sourashtradictionary
ஶிங்கா3ரு,ssinggaaru,அழகான,Beautiful,,,,,feelings,corpus_sourashtradictionary
பெ4ளி ஸிங்க்3யார்,bheLi singgyaar,"அற்புதமான, நேர்த்தியான, சிறந்த, பிரமாண்டமான","Awesome, Elegant, Exquisite, Finest, Grand, Magnificent",,,,,feelings,corpus_sourashtradictionary
அந்து3ஸ்,andus,லட்சணம்,Beauty,,,,,feelings,corpus_sourashtradictionary
ஆகர்ஷக்,aakarshak,கவர்ச்சி,"Charm, Attractive",,,,,feelings,corpus_sourashtradictionary
ஹஸொ,haso,சிரிப்பு,"Laughter, Smile",,,,,feelings,corpus_sourashtradictionary
ஹாஸியம்,haasiyam,நகைச்சுவை,"Comedy, Humor",,,,,feelings,corpus_sourashtradictionary
ரொட்3னி,roDni,அழுகை,Cry,,,,,feelings,corpus_sourashtradictionary
ஆஸ்தொ,aasto,ஆசை,"Desire, Longing",,,,,feelings,corpus_sourashtradictionary
ஆஶ,aassa,ஆசை,"Desire, Longing",,,,,feelings,corpus_sourashtradictionary
லூப்,loop,"பேராசை, அளவு கடந்த ஆசை","Greed, Inordinate desire",,,,,feelings,corpus_sourashtradictionary
நிராஶொ,niraasso,"நிராசை, ஆசை இல்லா",Without desire,,,,,feelings,corpus_sourashtradictionary
த்ருப்தி,trupti,திருப்தி,Satisfaction,,,,,feelings,corpus_sourashtradictionary
இஷ்ணி,ishNi,விருப்பம்,"Desire, Like, Wish",,,,,feelings,corpus_sourashtradictionary
இஷ்டம்,ishTam,விருப்பம்,"Will, Like, Wish",,,,,feelings,corpus_sourashtradictionary
ரொஸினி,rosini,வெறுப்பு,"Hate, Aversion, Hatred",,,,,feelings,corpus_sourashtradictionary
"ரோஸ், ரொஸத்தெ","rOs, rosatte",வெறுத்தல்,"Hate, Hatred, Dislike",,,,,feelings,corpus_sourashtradictionary
த்3வேஷ்,dvEsh,வெறுப்பு,"Hate, Hatred, Dislike",,,,,feelings,corpus_sourashtradictionary
ஒப்பாய்,oppaay,பிடிக்கும்,Like,,,,,feelings,corpus_sourashtradictionary
ஒப்பானா,oppaanaa,பிடிக்காது,Dislike,,,,,feelings,corpus_sourashtradictionary
ஒப்பாரஸ்,oppaaras,பிடித்திருக்கிறது,"Liking it, Like it",,,,,feelings,corpus_sourashtradictionary
கெஷ்டம்,keshTam,சிரமம்,Difficulty,,,,,feelings,corpus_sourashtradictionary
கெஷ்டம்ஹொயெ,keshTamhoye,கஷ்டமான,Difficult,,,,,feelings,corpus_sourashtradictionary
உத்3தே3ஶ்,uddEss,நோக்கம்,Purpose,,,,,feelings,corpus_sourashtradictionary
நிகொ,niko,கவனம்,Careful,,,,,feelings,corpus_sourashtradictionary
கொ4ரம்,ghoram,கவனம்,Focus,,,,,feelings,corpus_sourashtradictionary
தும்ரொ,tumro,கவனம்,Attention,,,,,feelings,corpus_sourashtradictionary
கௌ3ஞ்ஜினி,gaunjjini,"அக்கறை, கவனிப்பு","Caring, Care",,,,,feelings,corpus_sourashtradictionary
யுக்தி,yukti,யோசனை,Idea,,,,,feelings,corpus_sourashtradictionary
ஊஹனொ,uuhano,யோசனை,Idea,,,,,feelings,corpus_sourashtradictionary
முர்ஸு,mursu,முன்யோசனை,Foresight,,,,,feelings,corpus_sourashtradictionary
அபி3ப்ராயம்,abipraayam,கருத்து,Opinion,,,,,feelings,corpus_sourashtradictionary
ஏகாந்து,Ekaantu,தனிமை,"Lone, Loneliness, Privacy",,,,,feelings,corpus_sourashtradictionary
வெகுளொ,vekuLo,தனிமை,"Lone, Solitude",,,,,feelings,corpus_sourashtradictionary
விஸிவாஷ்டொ,visivaashTo,எரிச்சல்,Irritation,,,,,feelings,corpus_sourashtradictionary
வெவுஞ்சினி,vevunjcini,"மனதில் புகைதல், பொங்குதல்",Fuming,,,,,feelings,corpus_sourashtradictionary
க்லிஶத்தெ,klissatte,"எரிந்து விழுதல், எரிச்சலூட்டுதல்","Irritating, Annoying",,,,,feelings,corpus_sourashtradictionary
ஹுடு3ஞ்ஜி பொட3த்தெ,huDunjji poDatte,எரிந்து விழுதல்,bursting with irritation,,,,,feelings,corpus_sourashtradictionary
விஸி பொட3த்தெ,visi poDatte,எரிந்து விழுதல்,Burst with irritation,,,,,feelings,corpus_sourashtradictionary
விஶி ந்ஹாத்தொ,vissi nhaatto,சலிக்காமல்,Tirelessly,,,,,feelings,corpus_sourashtradictionary
கோ3ஶி,gOssi,சலிக்காமல்,Tirelessly,,,,,feelings,corpus_sourashtradictionary
திந்து3னாத்தொ,tindunaatto,முகம் சுளிக்காமல்,Without frowning,,,,,feelings,corpus_sourashtradictionary
ஸெக்கானா,sekkaanaa,தாங்க முடியாத,Unbearable,,,,,feelings,corpus_sourashtradictionary
ஸெக்குனாத்த,sekkunaatta,சகிக்க முடியாத,Intolerable,,,,,feelings,corpus_sourashtradictionary
ப்ரேரணொ,prEraNo,உத்வேகம்,Inspiration,,,,,feelings,corpus_sourashtradictionary
பன்மன்ட்கே,panmanTkE,தயக்கம்,Hesitation,,,,,feelings,corpus_sourashtradictionary
மல்சினி,malcini,தயக்கம்,Hesitation,,,,,feelings,corpus_sourashtradictionary
மனோரஞ்ஜன்,manOranjjan,பொழுதுபோக்கு,Entertainment,,,,,feelings,corpus_sourashtradictionary
தி3ன்னுஜனி,dinnujani,பொழுதுபோக்கு,Entertainment,,,,,feelings,corpus_sourashtradictionary
க3ரன்,garan,"பெருமை, புகழ்","Glory, Fame",,,,,feelings,corpus_sourashtradictionary
கா3ரிரு,gaariru,உலகில் பெருமையுடன்,Proudly in the world,,,,,feelings,corpus_sourashtradictionary
கா3ரி ஹோரு,gaari hOru,உலகில் பெருமையுடன்,Proudly in the world,,,,,feelings,corpus_sourashtradictionary
அஜ்ஞான்,ajnjaan,அறியாமை,Ignorance,,,,,feelings,corpus_sourashtradictionary
தா3ந்தி,daanti,"புலன்களை அடக்குதல், சுய கட்டுப்பாடு","Controlling the senses, Self-restraint",,,,,feelings,corpus_sourashtradictionary
மெனிகு3 த3க்ஷண்,menigu dakshaN,"மனிதநேயம், மனிதத் தன்மை",Humanity,,,,,feelings,corpus_sourashtradictionary
வஸ்து,vastu,பொருள்,Material,ஜெல்மின் ஒண்டெ ஹவ்லொஹொயெ வஸ்து,jelmin oNTe havlohoye vastu,அலுமினியம் ஒரு இலகுவான பொருள்,Aluminum is a lighter material,material,corpus_sourashtradictionary
வேன்மோலுயொ,vEnmOluyo,"விலைமதிப்பற்ற, விலையுயர்ந்த",Precious,ஹிரான் வேன்மோலுயொ,hiraan vEnmOluyo,வைரங்கள் விலைமதிப்பற்றவை,Diamonds are precious,material,corpus_sourashtradictionary
லோவு,lOvu,உலோகம்,Metal,லோவுனுக் ஜு2கு ப்ரகார்கன் வடொ கெருவாயி,lOvunuk jhuku prakaarkan vaTo keruvaayi,உலோகங்களை பல வகைகளாகப் பிரிக்கலாம்,Metals can be divided into several types,material,corpus_sourashtradictionary
தா4து,dhaatu,கனிமம்,Minerals,தா4துன் நொவ்வொகெரத்தக் முஸுனா ஸம்பத்துன்,dhaatun novvokerattak musunaa sampattun,கனிமங்கள் புதுப்பிக்க முடியாத வளங்கள்,Minerals are non renewable resources,material,corpus_sourashtradictionary
ஸொர்ணு,sorNu,தங்கம்,Gold,ஸொர்ணு மோலு ஸதா3 ஹிங்கி3லேத் ர்ஹாயி,sorNu mOlu sadaa hinggilEt rhaayi,தங்கத்தின் விலை எப்போதும் உயர்ந்து கொண்டே இருக்கும்,The price of gold will always be rising,material,corpus_sourashtradictionary
ஹிரண்ய,hiraNya,தங்கம்,Gold,ஹிரண்யாக் கொ2ப்3பி3ம் மோல் ர்ஹாயி,hiraNyaak khobbim mOl rhaayi,தங்கத்திற்கு எப்போதும் மதிப்பு உண்டு,The price of gold will always be rising,material,corpus_sourashtradictionary
காஞ்சனொ,kaanjcano,தங்கம்,Gold,கெஸார் காஞ்சனாக் கெ3ஸிகின் மோல் தவஸுன்,kesaar kaanjcanaak gesikin mOl tavasun,பொற்கொல்லர் தங்கத்தை தேய்த்து மதிப்பிடுகிறார்,The goldsmith assays gold by rubbing,material,corpus_sourashtradictionary
அப்புரஞ்ஜி,appuranjji,சுத்தத் தங்கம்,Pure gold,அப்புரஞ்ஜி வேன் ம்ருது3 ஹொயெயொ,appuranjji vEn mrudu hoyeyo,தூய தங்கம் மிகவும் மென்மையானது,Pure gold is very soft,material,corpus_sourashtradictionary
ஹிரன்,hiran,சுத்தத் தங்கம்,Pure gold,ஹிரன் ஸெரொ தம்பெ3 செர்ச்சி ஸொம்முன் கெரனு,hiran sero tambe cercci sommun keranu,தூய தங்கம் செம்பு கலந்து நகைகள் செய்வார்கள்,Pure gold is mixed with copper to make jewelry,material,corpus_sourashtradictionary
ருப்பொ,ruppo,வெள்ளி,Silver,லெச்சேக் ருப்பாம் கெரனு,leccEk ruppaam keranu,தாயத்தை வெள்ளியில் செய்வார்கள்,The talisman will be made of silver,material,corpus_sourashtradictionary
கெஸ்துல்,kestul,ஈயம்,Lead,கெஸ்துல் லேஸும் சிலும் தெ4ர்னா,kestul lEsum cilum dhernaa,வெண்கலம் எளிதில் துருப்பிடிக்காது,Bronze does not rust easily,material,corpus_sourashtradictionary
கஸ்தீல்,kasteel,வெண்கலம்,Bronze,கஸ்தீல் தம்பெ3கின் தெகரம் ஹால் ஹொயெயொ,kasteel tambekin tekaram haal hoyeyo,வெண்கலம் செம்பு மற்றும் தகரத்தால் ஆனது,The bronze is made of copper and tin,material,corpus_sourashtradictionary
கஸொ,kaso,வெண்கலம்,Bronze,கஸெ பொ4ன்னாம் பொங்க3ல் கெரனு,kase bhonnaam ponggal keranu,வெண்கலப் பாத்திரத்தில் பொங்கல் செய்வார்கள்,Pongal is cooked in a bronze pot,material,corpus_sourashtradictionary
லீத்,leet,பித்தளை,Brass,புஜா வஸ்துனுன் ஜுக்குகன் லீதும் கெரெயொ,pujaa vastunun jukkukan leetum kereyo,பூஜை பொருட்கள் பெரும்பாலும் பித்தளையால் செய்யப்பட்டவை,Pooja objects are mostly made of brass,material,corpus_sourashtradictionary
தம்பெ3,tambe,"செம்பு, தாமிரம்",Copper,தம்பெ3 செர்ச்சுனாத்தக் ஸொம்முன் கெரானா,tambe cerccunaattak sommun keraanaa,செம்பு சேர்க்காமல் நகைகள் செய்ய முடியாது,Jewelry cannot be made without the addition of copper,material,corpus_sourashtradictionary
தம்பு3ரம்,tamburam,"செம்பு, தாமிரம்",Copper,கொ4ம்மானும் ப்ரயோக்3 கெரரியொ விஜிலி தாரு தம்பு3ரம் ஹால் ஹொயெயொ,ghommaanum prayOg kerariyo vijili taaru tamburam haal hoyeyo,வீடுகளில் பயன்படுத்தப்படும் மின் கம்பிகள் தாமிரத்தால் செய்யப்பட்டவை,Electrical wires used in homes are made of copper,material,corpus_sourashtradictionary
ஜெல்மின்,jelmin,அலுமினியம்,Aluminium,ஜெல்மின் தெட்டொ வேன் ஹவ்லொ ர்ஹாய்,jelmin teTTo vEn havlo rhaay,அலுமினிய தட்டுகள் மிகவும் இலகுவானவை,Aluminum plates are much lighter,material,corpus_sourashtradictionary
தௌ,tau,தகரம்,Tin,தௌவுக் லுங்க்டொ3 ஹால் செக்கத்தக் முஸயி,tauvuk lungkDo haal cekkattak musayi,தகரத்தை கத்தரிக்கோலால் வெட்ட முடியும்,The tin can be cut with scissors,material,corpus_sourashtradictionary
பொட்டொ,poTTo,தகரம்,Tin,ஜெல்மின்கின் பொட்டொ ல்ஹொகண்-ந்ஹாத்த லோவுனு,jelminkin poTTo lhokaN-nhaatta lOvunu,அலுமினியம் மற்றும் தகரம் இரும்பு அல்லாத உலோகங்கள்,Aluminum and tin are non-ferrous metals,material,corpus_sourashtradictionary
தெகரம்,tekaram,தகரம்,Tin,பொள்டொ தக3த்தக் தெகரம் பிர்ஜனம்கன் ர்ஹாயி,poLTo tagattak tekaram pirjanamkan rhaayi,கூரை வேய தகரம் பயனுள்ளதாக இருக்கும்,Tin is useful in roofing,material,corpus_sourashtradictionary
தெக3ட்,tegaT,தகடு,Metal Plate,புல்னொ ப4ந்த3த்தக் தெக3ட் ஜு2க்கு வவ்ரஸுனு,pulno bhandattak tegaT jhukku vavrasunu,பாலம் கட்ட தகடை அதிகம் பயன்படுத்துகிறார்கள்,Metal plates are used a lot to build bridges,material,corpus_sourashtradictionary
ல்ஹொகண்,lhokaN,இரும்பு,Iron,ல்ஹொகண் கெ4ட்டி ர்ஹியெத் மெல்லி பு2ட்டத்திஸானுகெ,lhokaN gheTTi rhiyet melli phuTTattisaanuke,இரும்பு கடினமாக இருந்தாலும் உடையக்கூடியது,Iron is brittle though hard,material,corpus_sourashtradictionary
சிலும்,cilum,துரு,Rust,ஸில்லொ வராம் ப4ராட் தொ2வெத் லோவுனும் சிலும் தெ4ரயி,sillo varaam bharaaT thovet lOvunum cilum dherayi,ஈரமான காற்றில் வெளியே விட்டால் உலோகத்தில் துரு தோன்றும்,Rust will appear on the metal if left outside in wet air,material,corpus_sourashtradictionary
குந்த்3ரொ,kundro,பீங்கான்,Porcelain,ஹந்த3வ் தௌரம் எத்னமுனுக் கெரத்தக் குந்த்3ரொ நுக3ஸு,handav tauram etnamunuk kerattak kundro nugasu,சமையலறை பாத்திரங்கள் தயாரிக்க பீங்கான் பயன்படுகிறது,Porcelain is used to make kitchen utensils,material,corpus_sourashtradictionary
ஹபாள்,hapaaL,கண்ணாடி,Glass,ஹபாளுக் மத்திம் ர்ஹீ கெரராஸ்,hapaaLuk mattim rhee keraraas,கண்ணாடியை மணலில் இருந்து தயாரிக்கிறார்கள்,Glass is made from sand,material,corpus_sourashtradictionary
முக்ரொ,mukro,கண்ணாடி,Glass,முக்ராக் வனி மர்ச்சத்தக் தா4துன் செர்ச்சஸுன்,mukraak vani marccattak dhaatun cerccasun,கண்ணாடியின் நிறத்தை மாற்ற கனிமங்கள் சேர்க்கிறார்கள்,Minerals are added to change the color of the glass,material,corpus_sourashtradictionary
ஸிஷொ,sisho,கண்ணாடி குப்பி,Bottle,ஸிஷொ 100% பி2ரி ப்ரயோக்3 கெரத்திஸானுகெ,sisho 100% phiri prayOg kerattisaanuke,கண்ணாடி குப்பிகள் 100% மறுசுழற்சி செய்யக்கூடியவை,Glass bottles are 100% recyclable,material,corpus_sourashtradictionary
கு3த்தி,gutti,கண்ணாடி குப்பி,Bottle,கு3த்திம் அம்ப3ட் ஸொடி3 தொ2வாய்,guttim ambaT soDi thovaay,கண்ணாடி பாட்டில்களில் அமிலத்தை ஊற்றி வைக்கலாம்,The acid can be stored in glass bottles,material,corpus_sourashtradictionary
கள்ஜம்,kaLjam,காகிதம்,Paper,சீனுன் 2100 ஒர்ஸுனுன் முது3ல்லொ கள்ஜமுக் தெ3க்கி தெ4ராஸி,ceenun 2100 orsunun mudullo kaLjamuk dekki dheraasi,சீனர்கள் 2100 ஆண்டுகளுக்கு முன்பு காகிதத்தைக் கண்டுபிடித்தனர்,The Chinese invented paper 2100 years ago,material,corpus_sourashtradictionary
மீடு கள்ஜம்,meeTu kaLjam,உப்புக்காகிதம்,"Emery sheet, Sandpaper",சிலும் ஜாத்தக் மீடு கள்ஜம் ப்ரயோக்3 பொட3ஸு,cilum jaattak meeTu kaLjam prayOg poDasu,துருவை அகற்ற உப்புக்காகிதம் பயன்படுகிறது,Sandpaper is used to remove the rust,material,corpus_sourashtradictionary
"பிஸ்னி, முத்3த3ட்3","pisni, muddaD","நெகிழி, குழைவான",Plastic,பிஸ்னி வஸ்துன் பூ4ய்ஞ் ஸுபீகுக் நஸஸு,pisni vastun bhooynj supeekuk nasasu,நெகிழி பொருட்கள் பூமியின் வளத்தை கெடுக்கின்றன,Plastic materials spoil the fertility of the earth,material,corpus_sourashtradictionary
பொ3ங்கு3,bonggu,மூங்கில்,Bamboo,பொ3ங்கு3 தாகும் ர்ஹீ பொ3ட்டொ கெரத்தக் முஸையி,bonggu taakum rhee boTTo kerattak musaiyi,மூங்கில் நாரிலிருந்து உடை தயாரிக்க முடியும்,The dress can be made from bamboo fiber,material,corpus_sourashtradictionary
வள்டி,vaLTi,மூங்கில் கோவி,Bamboo stems,வள்டிம் ர்ஹீ முரளி கெருவாயி,vaLTim rhee muraLi keruvaayi,மூங்கில் கோவியிலிருந்து புல்லாங்குழல் செய்யலாம்,Bamboo flutes can be made from bamboo stems,material,corpus_sourashtradictionary
பொ3ங்கு3பொட்டொ,bonggupoTTo,மூங்கில் குச்சி,Split Bamboo stick,வாடி3 ப4ந்த3த்தக் பொ3ங்கு3பொட்டொ நுக3ஸு,vaaDi bhandattak bonggupoTTo nugasu,வேலி கட்ட மூங்கில் குச்சிகள் பயன்படுகின்றன,Split bamboo sticks are used to build fences,material,corpus_sourashtradictionary
பெ3த்தெம் லைடொ3,bettem laiDo,உருட்டுகட்டை,"Baton, Wood log",பெ3த்தெம் லைடா3க் அய்து3கன் ப்ரயோக்3 கெருவாயி,bettem laiDaak aydukan prayOg keruvaayi,உருட்டுகட்டையை ஆயுதமாக பயன்படுத்தப்படலாம்,A baton may be used as a weapon,material,corpus_sourashtradictionary
கு2டொ,khuTo,ஆலங்குப் பலகை,Plywood,தேகு ஜா2டு3 ஸொம்மர் கு2டா பொல்கா வஸ்துன் வேன் ஸொங்கொ3யொ,tEku jhaaDu sommar khuTaa polkaa vastun vEn songgoyo,தேக்கை விட ஆலங்குப் பலகை மரச்சாமான்கள் மிகவும் மலிவானவை,Plywood furnitures are much cheaper than teak,material,corpus_sourashtradictionary
காந்தொ,kaanto,காந்தம்,Magnet,பு4ய்ஞ் ஒண்டெ ம்ஹொட்டொ காந்தொகன் காம் கெரஸு,bhuynj oNTe mhoTTo kaantokan kaam kerasu,பூமி ஒரு மாபெரும் காந்தமாக செயல்படுகிறது,The earth acts as a giant magnet,material,corpus_sourashtradictionary
கெ4ந்த்யாவ்,ghentyaav,கந்தகம்,"Sulphur, Brim stone, Brimstone",பொ3ண்ால் தயார் கெரத்தக் கெ4ந்த்யாவ் நுக3ஸு,boNaal tayaar kerattak ghentyaav nugasu,பட்டாசு தயாரிக்க கந்தகம் பயன்படுகிறது,Sulfur is used to make crackers,material,corpus_sourashtradictionary
கொ2ள்ச்யா பு4ர்கொ,khoLcyaa bhurko,கரிபொருள்,Carbon,ஹிரான் நிஸ்தொ கொ2ள்க்யா பு4ர்க்கொஹால் ஹொயெயொ,hiraan nisto khoLkyaa bhurkkohaal hoyeyo,வைரங்கள் கரிபொருளால் மட்டுமே ஆனவை,Diamonds are made of only carbon,material,corpus_sourashtradictionary
ஶிலா க2ட்டி பு4ர்கொ,ssilaa khaTTi bhurko,பென்சிற்கரி,Graphite,ஶிலா க2ட்டி கெரத்தக் ஶிலா க2ட்டி பு4ர்கொ ஒர்க3ஸு,ssilaa khaTTi kerattak ssilaa khaTTi bhurko orgasu,பென்சில் தயாரிக்க கிராஃபைட் பயன்படுகிறது,Graphite is used to make pencils,material,corpus_sourashtradictionary
ருக3த்தெ,rugatte,(சிங்கம்) கர்ஜித்தல்,(Lion) Roaring,ஸிம்ஹாக் ராக் அவெத் ருக3யி,simhaak raak avet rugayi,சிங்கத்திற்கு கோபம் வந்தால் கர்ஜிக்கும்,The lion will roar when it gets angry,animal-sounds,corpus_sourashtradictionary
உஸ்கத்தெ,uskatte,(நாய்) குரைத்தல்,(Dog) Barking,களானாத்தெங்கொ3 ஸியெத் ஸுனொ உஸ்கஸு,kaLaanaattenggo siyet suno uskasu,அந்நியர்களைப் பார்த்து நாய் குரைக்கிறது,The dog barks at the strangers,animal-sounds,corpus_sourashtradictionary
மெவ்கத்தெ,mevkatte,(பூனை) கத்துதல்,(Cat) Meowing,மஞ்ஜிரி ஹுடெ3த்திக்காம் மியாவ் கெரி மெவ்கஸு,manjjiri huDettikkaam miyaav keri mevkasu,பூனை எழுந்தவுடன் மியாவ் என்று கத்துகிறது,The cat meows when it wakes up,animal-sounds,corpus_sourashtradictionary
குகத்தெ,kukatte,(சேவல்) கூவுதல்,(Rooster) Crowing,ப2ல்திவாரும் குடொ3 குகஸு,phaltivaarum kuDo kukasu,விடியற்காலையில் சேவல் கூவும்,The rooster crows at dawn,animal-sounds,corpus_sourashtradictionary
மெமத்தெ,mematte,(ஆடு) கத்துதல்,(Goat) Bleating,பெ4ண்டு3 பூ4க் கெரத் மெமஸு,bheNDu bhook kerat memasu,ஆடு பசித்தால் கத்துகிறது,The goat bleats when it is hungry,animal-sounds,corpus_sourashtradictionary
பொ4மத்தெ,bhomatte,(எருமை) எக்காளமிடுதல்,"(Buffalo) Bellowing, Grunting, Snorting",பெ4ய்ஸு பொ4மினி கொ4ர்கு3ல் ஸெத்3து3 ஸொகன் ஸே,bheysu bhomini ghorgul seddu sokan sE,எருமை எக்காளம் குறட்டை சத்தம் போல் உள்ளது,The buffalo bellows are like snoring sound,animal-sounds,corpus_sourashtradictionary
ஹெஷத்தெ,heshatte,(குதிரை) கனைத்தல்,"(Horse) Neighing, Whinning",து3தூ3ர் கொ4டொ3 ஹெஷரியொ ஸெத்3து3 அய்கயஸ்,dudoor ghoDo heshariyo seddu aykayas,தூரத்தில் குதிரை கனைக்கும் சத்தம் கேட்டது,"In the distance, the horse neighing sound was heard",animal-sounds,corpus_sourashtradictionary
கெ4ங்க3த்தெ,ghenggatte,(கழுதை) கத்துதல்,(Ass) Braying,கெ4த3ட் ர்ஹியெவாகுர் கெ4ங்க3ஸி,ghedaT rhiyevaakur ghenggasi,கழுதை திடீரென்று கத்தியது,The donkey suddenly brayed,animal-sounds,corpus_sourashtradictionary
க3ரத்தெ,garatte,(ஓநாய்) ஊளையிடுதல்,(Wolf) Yelling,உகொ அப்லானும் வதி3னி கெர்லத்தக் க3ரஸு,uko aplaanum vadini kerlattak garasu,ஓநாய் தங்களுக்குள் தொடர்பு கொள்ள ஊளையிடுறுகிறது,Wolf yells to communicate among themselves,animal-sounds,corpus_sourashtradictionary
ஹுகத்தெ,hukatte,(நரி) ஓலமிடுதல்,(Fox) Howling,கொ2லொ ராதும் ஹுகஸு,kholo raatum hukasu,நரி இரவில் ஊளையிடும்,The fox howls at night,animal-sounds,corpus_sourashtradictionary
க2னத்தெ,khanatte,(பன்றி) உறுமுதல்,(Pig) Grunting,து3க்கர் தெல்லெ ஸேத்தெ தா2ம் து3ஸுரெதெங்கொ3 களட3த்தக் க2னஸு,dukkar telle sEtte thaam dusuretenggo kaLaDattak khanasu,பன்றி தான் இருக்கும் இடத்தை மற்றவர்களுக்கு தெரியப்படுத்த உறுமும்,The pig grunts to let others know where they are,animal-sounds,corpus_sourashtradictionary
சிங்க3த்தெ,cinggatte,"(குரங்கு) கீச்சிடுதல், அலப்புதல்","(Monkey) Squealing, Whooping, Screeching, Screaming, Chatteingr, Howling",உத்ஸாஹ்கன் ர்ஹாத்தவேள் கீஸுன் (கோதின்) சிங்க3ஸு,utsaahkan rhaattavEL keesun (kOtin) cinggasu,உற்சாகமாக இருக்கும்போது குரங்குகள் அலப்பும்,Monkies squeak when excited,animal-sounds,corpus_sourashtradictionary
கிலுபி3லாட்,kilubilaaT,"(சிட்டுக்குருவி, எலி) கீச்சிடுதல்","(Sparrow, Rat) Chirping, Squeaking",சிடி3ன்கின் ஹுந்தி3ருன் கிலுபி3லயி,ciDinkin hundirun kilubilayi,சிட்டுக்குருவிகள் மற்றும் எலிகள் கீச்சிடும்,Sparrows and Rats squeak,animal-sounds,corpus_sourashtradictionary
ஹுபத்தெ,hupatte,(கோழி) குதித்தல்,(Hen) Jumping,குடி3 4 ர்ஹீ 6 பகு3ல் லெந்து ஹுபஸு,kuDi 4 rhee 6 pagul lentu hupasu,கோழி 4 முதல் 6 அடி வரை குதிக்கும்,The hens can jump 4 to 6 feet,animal-sounds,corpus_sourashtradictionary
கொஸத்தெ,kosatte,(மாடு) முட்டுதல்,(Cow) Goring,கொ3ருன் அப்லானும் கொஸுலஸு,gorun aplaanum kosulasu,பசுக்கள் தங்களுக்குள் முட்டிக் கொள்கின்றன,Cows gore among themselves,animal-sounds,corpus_sourashtradictionary
கு2ண்டத்தெ,khuNTatte,(சிங்கம்) கவ்வுதல்,(Lion) Grasping,ஸிம்ஹொ அபுல் சொராக் கு2ண்டி தெ4ரஸு,simho apul coraak khuNTi dherasu,சிங்கம் அதன் இரையை கவ்விப் பிடிக்கிறது,The lion grasps its prey,animal-sounds,corpus_sourashtradictionary
வீத்,veet,தெரு,Street,பில்லல்னு வீது3ம் க2ளராஸ்,pillalnu veedum khaLaraas,குழந்தைகள் தெருவில் விளையாடுகிறார்கள்,Children play in the street,house,corpus_sourashtradictionary
முக்கு,mukku,தெருமுனை,Street Corner,ஒய்து3 கே4ர் வீது3 முக்கும் ஸேத்தெ,oydu ghEr veedu mukkum sEtte,டாக்டர் வீடு தெரு முனையில் உள்ளது,Dr. House is at the street corner,house,corpus_sourashtradictionary
ஸெந்து3,sendu,சந்து,"Lane, Alley",அவ்ரெ கே4ர் வேன் அக்ரொ ஸெந்து3ம் ஸேத்தெ,avre ghEr vEn akro sendum sEtte,எங்கள் வீடு மிகவும் குறுகிய சந்தில் உள்ளது,Our house is in a very narrow alley,house,corpus_sourashtradictionary
அவ்டொ3,avDo,குறுக்கு,Cross,அவ்ரெ கே4ர் தீ2ன்வா அவ்டா3 ஸெந்து3ம் ஸேத்தெ,avre ghEr theenvaa avDaa sendum sEtte,எங்கள் வீடு மூன்றாம் குறுக்குத் தெருவில் உள்ளது,Our house is in the third cross street,house,corpus_sourashtradictionary
விலாஸ்,vilaas,முகவரி,Address,துரெ கே4ரு விலாஸ் மொகொ3 விஜிலியணு லேகு2ம் த4ட்3டு3வொ,ture ghEru vilaas mogo vijiliyaNu lEkhum dhaDDuvo,உங்கள் வீட்டு முகவரியை எனக்கு மின்னஞ்சலில் அனுப்பவும்,Send me your house address in Email,house,corpus_sourashtradictionary
கே4ர்,ghEr,வீடு,House,எல்லெ மொரெ பெ4ய்னு கே4ர்,elle more bheynu ghEr,இது என் சகோதரியின் வீடு,This is my sister's house,house,corpus_sourashtradictionary
கெ4ராவர்து,gheraavartu,வீட்டு விஷயங்கள்,Household matters,கெ4ராவர்துனுக் ப4ராடு3ம் வத்தொகெர ஹோனா,gheraavartunuk bharaaDum vattokera hOnaa,வீட்டு விஷயங்களை வெளியில் பேசக்கூடாது,Household things should not be talked about outside,house,corpus_sourashtradictionary
மூலஸ்தானொ,moolastaano,"கடைக்கால், அஸ்திவாரம்","Foundation, Base",மூலஸ்தானொ பொ3லம்கன் ந்ஹீஜியெத் கே4ர் பு2ட்டிபொள்ட3யி,moolastaano bolamkan nheejiyet ghEr phuTTipoLDayi,"அடித்தளம் வலுவாக இல்லாவிட்டால், வீடு இடிந்து விழும்","If the foundation is not strong, the house will collapse",house,corpus_sourashtradictionary
அடு3த3ளொ,aDudaLo,"கடைக்கால், அஸ்திவாரம்","Foundation, Base",மொரெ போ3 எல்லெ கே4ருக் அடு3த3ளொ தயாஸி,more bO elle ghEruk aDudaLo tayaasi,என் தந்தை இந்த வீட்டிற்கு கடைக்கால் போட்டார்,My father laid the foundation for this house,house,corpus_sourashtradictionary
அடு3கே4ர்,aDughEr,"கீழ்தளம், அடித்தளம்",Basement,பொ3ண்டி ஹிப்3பி3 ர்ஹவட3த்தக் அடு3கே4ர் ஒர்க3ஸு,boNTi hibbi rhavaDattak aDughEr orgasu,காரை நிறுத்துவதற்கு அடித்தளம் பயன்படுகிறது,Basement is used to park the car,house,corpus_sourashtradictionary
கே4ர்தா3ர்,ghErdaar,வீடுவாசல்,House property,மொரெ ஸொஸுராக் சொக்கட் கே4ர்தா3ருன் ஸே,more sosuraak cokkaT ghErdaarun sE,என் மாமனாருக்கு நல்ல வீடுவாசல் உள்ளது,My father-in-law owns good house property,house,corpus_sourashtradictionary
ப4வனம்,bhavanam,கட்டிடம்,Building,ப4வனம்னுக் பொ2ட3த்தக் பு3ல்டோ3ஸர் உபயோக்3 ஹோஸு,bhavanamnuk phoDattak bulDOsar upayOg hOsu,கட்டிடங்களை இடிக்க புல்டோசர் பயன்படுகிறது,Bulldozer is used to demolish buildings,house,corpus_sourashtradictionary
வித்3தெ3னு கே4ர்,viddenu ghEr,அடுக்குமாடி கட்டிடம்,Apartment,பொர்க்யாடு3ம் வித்3தெ3னு கே4ருனுக் ஸவானா,porkyaaDum viddenu ghErunuk savaanaa,கிராமங்களில் அடுக்குமாடி கட்டிடங்களை பார்க்க முடியாது,We can not see apartments in villages,house,corpus_sourashtradictionary
ஸெந்தொவஸஸ்,sentovasas,"குடியேற்றம், குடியிருப்பு",Colony,ஸெந்தொவஸஸும் ஜிவத்தெனு வேன் பொ4த்3ரம்கன் ஸே,sentovasasum jivattenu vEn bhodramkan sE,குடியிருப்பில் வசிப்பவர்கள் அதிக பாதுகாப்பாக இருக்கிறார்கள்,Colony dwellers are more secure,house,corpus_sourashtradictionary
அபுல்கே4ர்,apulghEr,சொந்தவீடு,Home,கௌ2னஸ்கி ஹொஸ்தொகி அபுல்கே4ருஸ் மேட்,khaunaski hostoki apulghErus mET,கிழக்காயினும் மேற்காயினும் சொந்தவீடு தான் சிறந்தது,"East or West, home is best",house,corpus_sourashtradictionary
கொ4ம்மொ,ghommo,"வீட்டிற்குள், வீட்டில்","Inside the house, In the house",தெங்கொ3 கொ4ம்மொ ஸுனான் ஸே,tenggo ghommo sunaan sE,அவர்கள் வீட்டில் நாய்கள் உள்ளன,They have dogs in the house,house,corpus_sourashtradictionary
ஸெஜ்ஜ,sejja,பக்கத்து வீட்டுக்காரர்,Neighbor,அவ்ரெ ஸெஜ்ஜென் ஜு2க்கு மித்ருப்பன் ஸெரொ ஸே,avre sejjen jhukku mitruppan sero sE,எங்கள் பக்கத்து வீட்டுக்காரர்கள் மிகவும் நட்பாக இருக்கிறார்கள்,Our neighbours are very friendly,house,corpus_sourashtradictionary
தா3ர்,daar,"வாசல், வாசல்படி","Threshold, Door step",கே4ரு கே4ரு தா3ர்,ghEru ghEru daar,வீட்டுக்கு வீடு வாசல்படி,Every house has a door step,house,corpus_sourashtradictionary
த4டொ,dhaTo,வாசல்,"Threshold, Doorway",தெனு த4டாம் ஹிப்3பி3லி மீ பி4த்தர் அவாய்யா மெனி புஸ்யாஸ்,tenu dhaTaam hibbili mee bhittar avaayyaa meni pusyaas,அவர் வாசலில் நின்று நான் உள்ளே வரலாமா என்று கேட்டார்,He stood in the doorway and asked if I could come in,house,corpus_sourashtradictionary
ஹும்ப்3ரொ,humbro,வாசல்,"Threshold, Doorway",அவ்ரெ கே4ரு ஹும்ப்3ரொ தேகு ஜா2டு3 ஹால் ஹொயெயொ,avre ghEru humbro tEku jhaaDu haal hoyeyo,எங்கள் வீட்டின் வாசல் தேக்கு மரத்தால் ஆனது,The threshold of our house was made of teak wood,house,corpus_sourashtradictionary
தா3ருகவாட்3,daarukavaaD,"வாசல் கதவு, வாயிற்கதவு",Gate,தா3ருகவாட்3 பூட் தகெ3ஸ்யா?,daarukavaaD pooT tagesyaa?,வாசல் கதவை பூட்டினாயா?,Did you lock the gate?,house,corpus_sourashtradictionary
ஸொடு3முஞ்ஜொ,soDumunjjo,"முறைவாசல், வாசல் பெருக்குதல்",Sweeping the front yard,ஸொளொபா2ரும் ஸொடு3முஞ்ஜொ கெரத்தெ அவ்ரெ வட்கெ,soLophaarum soDumunjjo keratte avre vaTke,காலையில் வாசல் பெருக்குதல் நமது வழக்கம்,It is our custom to sweep the front yard in the morning,house,corpus_sourashtradictionary
முக்3கு3,muggu,கோலம்,"Vintage Line, Kolam",பெ3ய்லன் முக்3கு3 தக3த்தெமாம் வேன் உத்ஸாஹ் தெ3க்கட3ன்,beylan muggu tagattemaam vEn utsaah dekkaDan,பெண்கள் கோலம் போடுவதில் அதிக ஆர்வம் காட்டுவார்கள்,Women will be more interested in putting kolam,house,corpus_sourashtradictionary
ஹொள்டொ,hoLTo,திண்ணை,"Village style Veranda, Porch",ஒள்டு3ன் ஹொள்டர் பி3ஸி தி3ன்னு ஜவட3ராஸ்,oLDun hoLTar bisi dinnu javaDaraas,முதியவர்கள் திண்ணையில் அமர்ந்து பொழுது கழிக்கிறார்கள்,The elderly spend time sitting on the veranda,house,corpus_sourashtradictionary
ஹொல்லொஹொள்டொ,hollohoLTo,மேல் தாழ்வாரம்,Upper Porch,ஹொல்லொஹொள்டொ கே4ரு அத்தொ து3ஸ்தலு,hollohoLTo ghEru atto dustalu,மேல் தாழ்வாரத்துடன் கூடிய வீடு இன்று அரிது,House with upper porch are rare these days,house,corpus_sourashtradictionary
த3ம்புரொ,dampuro,நிலைவாசல்,"Threshold, Position",விஸந்து3லொ த3ம்புரொ பி3ஸ ஹோனா மெனன்,visandulo dampuro bisa hOnaa menan,அந்தி சாயும் நேரத்தில் வீட்டு வாசலில் உட்காரக் கூடாது என்பார்கள்,They say not to sit in the doorway at dusk,house,corpus_sourashtradictionary
த3ரும்பு3ரொ,darumburo,நிலைவாசல்,Threshold,த3ரும்பு3ரொ ஹிப்3பி3ர்ஹீ தெ4ரும் கெரஹோனா,darumburo hibbirhee dherum kerahOnaa,வீட்டு வாசலில் நின்று அன்னதானம் செய்யக்கூடாது,Do not stand in the doorway and donate,house,corpus_sourashtradictionary
நெலு,nelu,நிலைக்கதவு,Threshold door,த4னின் தேகு ஜா2டு3ஹால் நெலுக் கெரஸுன்,dhanin tEku jhaaDuhaal neluk kerasun,பணக்காரர்கள் தேக்கு மரத்தால் நிலைக்கதவுகளை செய்கிறார்கள்,The rich make threshold doors out of teak wood,house,corpus_sourashtradictionary
தா3ருமிட்டொ,daarumiTTo,வாசல்படி,Doorstep,தா3ருமிட்டொ தொக்குனொகொ3 மெனி தெங்கொ3 போ3 மென்யாஸ்,daarumiTTo tokkunogo meni tenggo bO menyaas,வாசல்படி மிதிக்காதே என்று அவனுடைய அப்பா சொன்னார்,His father told him not to step on the doorstep,house,corpus_sourashtradictionary
பா2வு,phaavu,"வாசலுக்கும், அறைக்கும் இடையில் உள்ள பாதை (ரேழி)",Narrow passage between the entrance and the living room,தா3ருக்கின் கொ2ட்டா ம்ஹத்3தி3ம் ஸேத்தெ அக்ரொ வாடுக் பா2வு மெனன்,daarukkin khoTTaa mhaddim sEtte akro vaaTuk phaavu menan,நுழைவாயிலுக்கும் அறைக்கும் இடையில் குறுகிய பாதையை ரேழி என்பார்கள்,The narrow passage between the entrance and the living room is called phaavu,house,corpus_sourashtradictionary
அக்ரொபா2வு,akrophaavu,"வாசலுக்கும், அறைக்கும் இடையில் உள்ள பாதை (ரேழி)",Narrow passage between the entrance and the living room,அக்ரொபா2வும் தீ3 செக்குர் பொ3ண்டி3க் தொ2வி ஹொத்3யாஸ்,akrophaavum dee cekkur boNDik thovi hodyaas,ரேழியில் மிதி வண்டி வைக்கப்பட்டு இருந்தது,Bicycle had been kept in the phaavu,house,corpus_sourashtradictionary
நெவ்டொ3,nevDo,"நடை, நடைபாதை","Corridor, Hallway",நெவ்டா3ம் திவிக் தயி ஹொத்3யாஸ்,nevDaam tivik tayi hodyaas,நடைபாதையில் ஒரு நீண்ட இருக்கை போடப்பட்டிருந்தது,There was a long bench placed in the corridor,house,corpus_sourashtradictionary
ப4ராடு3 நெவ்டொ3,bharaaDu nevDo,வெளித்தாழ்வாரம்,Veranda,தெனு ப4ராடு3 நெவ்டா3ம் பி3ஸி காப்பி பியாஸி,tenu bharaaDu nevDaam bisi kaappi piyaasi,அவர்கள் வராண்டாவில் அமர்ந்து காபி குடித்தார்கள்,They sat on the veranda and drank coffee,house,corpus_sourashtradictionary
கொ2ட்டொ,khoTTo,நீண்ட பொது அறை,Hall,கொ2ட்டாம் ஒஸ்துன் வத்தொ கெர்லேத் ஹொத்3யாஸ்,khoTTaam ostun vatto kerlEt hodyaas,பெரியஅறையில் உறவினர்கள் பேசிக் கொண்டிருந்தனர்,Relatives were chatting in the hall,house,corpus_sourashtradictionary
கஸெ,kase,அறை,Room,எல்லெ ஹுரிம் 62 கஸென் ஸே,elle hurim 62 kasen sE,இப்பள்ளியில் 62 அறைகள் உள்ளன,The school has 62 rooms,house,corpus_sourashtradictionary
ஹும்ப்4ரொ,humbhro,அறை,Room,ஹும்ப்4ராம் நேதானு லோஸுனுக் ஸொவ்ண்டடி3 ஹொத்3யாஸ்,humbhraam nEtaanu lOsunuk sovNTaDi hodyaas,அறையில் தலைவர்களின் புகைப்படங்கள் மாட்டியிருந்தார்கள்,Photos of the leaders were hung in the room,house,corpus_sourashtradictionary
தௌரம்,tauram,அறை,Room,ஹுஜால் ந்ஹீனாத்தெ ஹால் தௌரம் ஹந்தா3ர் ஹொதெ3ஸ்,hujaal nheenaatte haal tauram handaar hodes,வெளிச்சம் இல்லாததால் அறை இருட்டாக இருந்தது,The room was dark due to lack of light,house,corpus_sourashtradictionary
ஹொவ்ரி,hovri,அறை,Room,இத்கெ ஹொவ்ரிந் ர்ஹியெத் மெல்லொ பு2ரரனி,itke hovrin rhiyet mello phurarani,பல அறைகள் இருந்தும் போதுமானதாக இல்லை,"Many rooms are there, not enough though",house,corpus_sourashtradictionary
ந்ஹென்னஹொவ்ரி,nhennahovri,சிறிய அறை,Small room,பு2ட்டெ முட்டெ ஸமானுன் அஸ்கி ந்ஹென்னஹொவ்ரிம் ஹொதெ3ஸ்,phuTTe muTTe samaanun aski nhennahovrim hodes,ஓட்டை உடைசல் பொருட்கள் அனைத்தும் சிறிய அறையில் இருந்தன,"All broken, useless materials were in the small room",house,corpus_sourashtradictionary
புஜாஹொவ்ரி,pujaahovri,பூஜை அறை,Prayer room,புஜாஹொவ்ரிக் சொக்கட் ஸிங்க3ரி ஹொத்3யாஸ்,pujaahovrik cokkaT singgari hodyaas,பூஜை அறையை நன்றாக அலங்கரித்திருந்தார்கள்,The prayer room was well decorated,house,corpus_sourashtradictionary
ஹந்த3வ் தௌரம்,handav tauram,சமையலறை,Kitchen,தூ4ம்கின் தேலு காட் ஹால் ஹந்த3வ் தௌரம் காலொ ஹொதெ3ஸ்,dhoomkin tElu kaaT haal handav tauram kaalo hodes,புகை மற்றும் எண்ணெய் கறை காரணமாக சமையலறை கருப்பாக இருந்தது,The kitchen was black due to smoke and oil stains,house,corpus_sourashtradictionary
ஜெமரியொ தௌரம்,jemariyo tauram,சாப்பிடும் அறை,Dining room,ஜெமரியொ தௌரம் ஹந்த3வ் தௌரமுக் லொகு3த்தொ ர்ஹனொ,jemariyo tauram handav tauramuk logutto rhano,சாப்பாட்டு அறை சமையலறைக்கு அருகில் இருக்க வேண்டும்,The dining room should be close to the kitchen,house,corpus_sourashtradictionary
ஸ்னானுகொ2ட்டொ,snaanukhoTTo,குளியலறை,Bathroom,ஸ்னானுகொ2ட்டாம் ஹுன்னபனி அவரனி,snaanukhoTTaam hunnapani avarani,குளியலறையில் வெந்நீர் வரவில்லை,There was no hot water in the bathroom,house,corpus_sourashtradictionary
ஶயனுகொ2ட்டொ,ssayanukhoTTo,படுக்கையறை,Bedroom,ஶயனுகொ2ட்டாம் ஸில்லொ வரா பெடி ஸேத்தெ,ssayanukhoTTaam sillo varaa peTi sEtte,படுக்கையறையில் குளிரூட்டி உள்ளது,The bedroom has air conditioner,house,corpus_sourashtradictionary
வஸனுகொ2ட்டொ,vasanukhoTTo,வாழும் அறை,Livingroom,போ3 வஸனுகொ2ட்டாம் ஸமாசார்பத்ரொ சொவ்தி3லேத் ர்ஹான்,bO vasanukhoTTaam samaacaarpatro covdilEt rhaan,அப்பா அறையில் செய்தித்தாள் படித்துக் கொண்டிருப்பார்,Dad will be reading the newspaper in the living room,house,corpus_sourashtradictionary
காமிர,kaamira,"சாளரம், ஜன்னல்",Window,காமிர வாட் பொவ்ஸுபனி பி4த்தர் அவரஸ்,kaamira vaaT povsupani bhittar avaras,ஜன்னல் வழியாக மழைநீர் உள்ளே வருகிறது,Rainwater is coming in through the window,house,corpus_sourashtradictionary
விடி3,viDi,"சாளரம், ஜன்னல்",Window,விடி3ம் தாளு விஜனொ குஸ்கி ஹொத்3யாஸ்,viDim taaLu vijano kuski hodyaas,ஜன்னலில் பனை விசிறி சொருகி இருந்தது,There was a palm fan plugin in the window,house,corpus_sourashtradictionary
விடி3கவாட்,viDikavaaT,ஜன்னல் கதவு,Window panes,விடி3கவாட் ஜா2ய். ஒஸாட் ஹனரஸ்,viDikavaaT jhaay. osaaT hanaras,ஜன்னல் கதவை மூடு. மழை நீர் தெறிக்கிறது,Close the window panes. Rain water splashes,house,corpus_sourashtradictionary
ம்ஹொடொ3விடி3,mhoDoviDi,பெரிய சாளரம்,French window,ம்ஹொடொ3விடி3 பூ4ய்ஞ் த3ளா கொ2ட்டாக் ஆத3ர்ஶொ ஹொயெயொ,mhoDoviDi bhooynj daLaa khoTTaak aadarsso hoyeyo,பெரிய சாளரங்கள் தரை தள அறைகளுக்கு ஏற்றது,French windows are ideal for ground floor rooms,house,corpus_sourashtradictionary
பொஷான்,poshaan,நடைக்கூடம்,"Corridor, Eave, Sidewalk",ஹொடா3ரும் பொவ்ஸ் பொடி3 பொஷானும் செது3ரரஸ்,hoDaarum povs poDi poshaanum ceduraras,முற்றத்தில் மழை பெய்து நடைக்கூடத்தில் தெறிக்கிறது,It rains in the courtyard and splashes on the sidewalk,house,corpus_sourashtradictionary
ஐனொ,aino,முற்றம்,Courtyard,ஐனாம் பொ3ட்டான் ஸுக்கரஸ்,ainaam boTTaan sukkaras,முற்றத்தில் துணிகள் உலர்கின்றன,The clothes are drying in the courtyard,house,corpus_sourashtradictionary
ஹொடா3ர்,hoDaar,முற்றம்,Courtyard,ஒளெனும் ர்ஹீ பொவ்ஸு பனி ஹொடா3ரும் லுச்சாரஸ்,oLenum rhee povsu pani hoDaarum luccaaras,கூரை கால்வாயிலிருந்து முற்றத்தில் மழைநீர் கொட்டுகிறது,Rainwater pours into the courtyard from the roof canal,house,corpus_sourashtradictionary
பி4த்தர்ஹொடாரு,bhittarhoTaaru,உள் முற்றம்,Inner courtyard,பா3ஞ்ஜி ஹால் பி4த்தர்ஹொடார் ஜி2ர்க்காரஸ்,baanjji haal bhittarhoTaar jhirkkaaras,பூஞ்சை காரணமாக உள் முற்றம் சறுக்குகிறது,The inner courtyard is slippery due to fungus,house,corpus_sourashtradictionary
மலொ,malo,கக்கூஸ்,Toilet,மலொ வாயு மூலாம் ப4ந்து3னொ,malo vaayu moolaam bhanduno,கழிப்பறையை வடமேற்கு மூலையில் கட்ட வேண்டும்,The toilet should be built in the northwest corner,house,corpus_sourashtradictionary
தூம்பொ3,toombo,கழிவு நீரோடை,"Gutter, Drainage",தூம்பா3ம் பு3த்3து3ரா பனி ஜாரஸ்,toombaam budduraa pani jaaras,கழிவு நீரோடையில் கழிவுநீர் செல்கிறது,Sewage goes into the sewer,house,corpus_sourashtradictionary
ரேணிஸ்,rENis,கழிவு நீரோடை,"Gutter, Drainage",ஸ்னானுகொ2ட்டொம் ர்ஹீ முறி பனி ரேணிஸும் ஜாரஸ்,snaanukhoTTom rhee muri pani rENisum jaaras,குளியலறையில் இருந்து அழுக்கு நீர் கழிவு நீரோடையில் செல்கிறது,Dirty water from the bathroom goes into the sewer,house,corpus_sourashtradictionary
ஜெள்ஜார்,jeLjaar,கழிவு நீரோடை,"Gutter, Drainage",பு3த்3து3ரா பனி ஜெள்ஜாரும் ர்ஹீ கவ்லாம் ஜாரஸ்,budduraa pani jeLjaarum rhee kavlaam jaaras,கழிவுநீர் வடிகால் வழியாக கால்வாயில் செல்கிறது,Sewage goes to canal through drainage,house,corpus_sourashtradictionary
கவ்லொ,kavlo,"சாக்கடை, கால்வாய்","Sewage, Drainage, Canal",பொவ்ஸு கலமு கவ்லொ பொ4ரி த4மஸு,povsu kalamu kavlo bhori dhamasu,மழைக் காலங்களில் கால்வாயில் தண்ணீர் பெருக்கெடுத்து ஓடுகிறது,"During the rainy season, the water in the canal overflows",house,corpus_sourashtradictionary
பீ4த்,bheet,சுவர்,Wall,பீ4த் உன்னொ பொட3யொ 9 போ3ட் தெ3ள்கொ ர்ஹனொ,bheet unno poDayo 9 bOT deLko rhano,சுவர் குறைந்தது 9 அங்குல தடிமனாக இருக்க வேண்டும்,The wall should be at least 9 inches thick,house,corpus_sourashtradictionary
பி4த்தி,bhitti,சுவரின் அடித்தளம்,Foundation of wall,பி4த்தி பொ3லோம்கன் ர்ஹனொ,bhitti bolOmkan rhano,சுவரின் அடித்தளம் வலுவாக இருக்க வேண்டும்,The foundation of the wall should be strong,house,corpus_sourashtradictionary
கவாட்3,kavaaD,கதவு,Door,கவாட்3 ஹூட். தூ4ம் ப4ராட் ஜாந்தொ,kavaaD hooT. dhoom bharaaT jaanto,கதவை திற. புகை வெளியேறட்டும்,Open the door. Let the smoke out,house,corpus_sourashtradictionary
கவாடு3கீ2லு,kavaaDukheelu,கதவு தாழ்ப்பாள்,Door latch,கவாடு3கீ2ல் கெ4ட்டி சௌல்ரஸ்,kavaaDukheel gheTTi caulras,கதவு தாழ்ப்பாள் மிகவும் இறுக்கமாகப் பிடித்திருக்கிறது,The door latch is holding very tight,house,corpus_sourashtradictionary
கவாடு3 கி4ணிங்கா3ட்,kavaaDu ghiNinggaaT,"கதவு மணி, அழைப்பு மணி","Doorbell, Calling bell",கொன்கீ கவாடு3 கி4ணிங்கா3ட் ஹனராஸ்,konkee kavaaDu ghiNinggaaT hanaraas,யாரோ கதவு மணியை அடிக்கிறார்கள்,Someone rings the doorbell,house,corpus_sourashtradictionary
கீ2ள்,kheeL,தாழ்ப்பாள்,"Door Lock, Latch",கொ2ப்3பி3ம் கீ2ள் தகி3 ர்ஹாத்தெ ப3ரொ,khobbim kheeL tagi rhaatte baro,எப்போதும் தாழ்ப்பாள் போடுவது நல்லது,It is always good to put the latch on,house,corpus_sourashtradictionary
பீ3க்,beek,பூட்டு,Lock,தி3ண்டு3க்கல் பீ3க் வேன் ப்ரஸித்3தி4 ஹொயெயொ,diNDukkal beek vEn prasiddhi hoyeyo,திண்டுக்கல் பூட்டு மிகவும் பிரபலமானது,Dindigul lock is very popular,house,corpus_sourashtradictionary
பூட்,pooT,பூட்டு,Lock,பூட் தயெ ப2ராது பீ3க் பொ4த்3ரம் தொ2வ்லெ,pooT taye pharaatu beek bhodram thovle,பூட்டிய பிறகு சாவியைப் பாதுகாப்பாக வைத்திரு,Secure the key after locking the door,house,corpus_sourashtradictionary
பி3காத்,bikaat,சாவி,Key,நெட்ஷத்ரு வஸனுஶாலாம் விஜிலியணு பி3காத் வவ்ரஸுன்,neTshatru vasanussaalaam vijiliyaNu bikaat vavrasun,நட்சத்திர ஓட்டல்களில் மின்னணு சாவி பயன்படுத்துகிறார்கள்,Electronic keys are used in star hotels,house,corpus_sourashtradictionary
பி3யாத்,biyaat,சாவி,Key,பொ3ண்டி3 பி3யாத் கோட் ஸே?,boNDi biyaat kOT sE?,கார் சாவி எங்கே இருக்கிறது?,Where is the car key?,house,corpus_sourashtradictionary
பீ3,bee,சாவி,Key,பீ3 தி3யெ பிள்டி ஸொகன் வத்தொ கெரராஸ்,bee diye piLTi sokan vatto keraraas,சாவி கொடு பொம்மை போல் பேசுகிறார்,He speaks like a toy driven by a key,house,corpus_sourashtradictionary
கில்னாஶேர்பணி,kilnaassErpaNi,சாவிக்கொத்து,Key bunch,அவ்ரெ ஐங்கே4ரம்பொ3 ஸவ்லாம் கில்னாஶேர்பணி குஸ்கில்ர்ஹான்,avre aingghErambo savlaam kilnaassErpaNi kuskilrhaan,என் பாட்டி புடவையில் சாவி கொத்து செருகியிருப்பார்,My grandmother use to have key-bunch inserted in her sari,house,corpus_sourashtradictionary
கே4ருபொட்ளொ,ghErupoTLo,வீட்டுக்கூரை,House Roof,குடொ3 கே4ருபொட்ளொ ஹொல்லொ ஹிப்3பி3 ஸே,kuDo ghErupoTLo hollo hibbi sE,சேவல் வீட்டின் கூரையில் நிற்கிறது,The rooster stands on the roof of the house,house,corpus_sourashtradictionary
கொ4வ்லொ,ghovlo,மாடம்,"Dovecote, A Gable in the wall",அம்பொ3 கொ4வ்லாம் தி3வொ பொ4வ்ரிஸ்,ambo ghovlaam divo bhovris,அம்மா சுவர் மாடத்தில் விளக்கு ஏற்றினாள்,Mom lit the lamp in the wall gable,house,corpus_sourashtradictionary
க2பி3ரி,khabiri,வீட்டு ஓடு,Roof Tiles,சிட3மத்திம் ர்ஹீ க2பி3ரி கெரராஸ்,ciDamattim rhee khabiri keraraas,களிமண்ணிலிருந்து ஓடுகள் செய்கிறார்கள்,They make tiles from clay,house,corpus_sourashtradictionary
க2புரொ,khapuro,வீட்டு ஓடு,"Roof Tile, Shell",படன் பொகட் க2புரா கே4ர் து3ஸ்தலு,paTan pokaT khapuraa ghEr dustalu,நகர்ப்புறங்களில் ஓடு வீடுகள் அரிது,Tile houses are rare in urban areas,house,corpus_sourashtradictionary
உம்ப்3ரொ,umbro,மூலை,Corner,ஜ2ன்னிக் ஸாமான்யொகன் உம்ப்3ராம் தொ2வன்,jhannik saamaanyokan umbraam thovan,விளக்குமாறு பொதுவாக மூலையில் வைப்பார்கள்,The broom is usually placed in the corner,house,corpus_sourashtradictionary
உம்ப்3ராக2புரொ,umbraakhapuro,மூலை ஓடு,Corner Tiles,பொள்டான் செரரியொ தேட் உம்ப்3ராக2புரொ தக3ஸுன்,poLTaan cerariyo tET umbraakhapuro tagasun,கூரைகள் இணையும் இடத்தில் மூலை ஓடுகள் போடப்படுகிறது,Corner tiles are laid at the junction of the roof,house,corpus_sourashtradictionary
ஹீபு,heepu,தரை,Floor,ப3ளிங்கு3 ஹீபு மொஞ்சு கலமு ஸில்லொ ர்ஹாயி,baLinggu heepu monjcu kalamu sillo rhaayi,பளிங்கு தரைகள் குளிர்காலத்தில் குளிர்ச்சியாக இருக்கும்,Marble floors are cool in winter,house,corpus_sourashtradictionary
ஸௌரத்தெ,sauratte,"மொழுகுதல், பூசுதல்","To spread, To coat","தெல்லெ கலமு, ஸெனி ஹால் பூ4ய்ஞ் ஸௌரன்","telle kalamu, seni haal bhooynj sauran",அந்தக் காலத்தில் ஈரச் சாணத்தைக் கொண்டு தரையைப் பூசுவார்கள்,"In those days, the floor was coated with wet dung",house,corpus_sourashtradictionary
பொள்டொ,poLTo,கூரை,Roof,லைடா3 பொள்டாம் ர்ஹீ விஞ்சு லலரஸ்,laiDaa poLTaam rhee vinjcu lalaras,மரக் கூரையிலிருந்து தேள் விழுகிறது,The scorpion falls from the wooden roof,house,corpus_sourashtradictionary
புள்டொ,puLTo,கூரை,Roof,வரொ பொ3லோம்கன் ஹனத்தெமாம் லோவு புள்டொ ஹுடி3 ஜேடி3யொ,varo bolOmkan hanattemaam lOvu puLTo huDi jEDiyo,காற்று பலமாக வீசியதில் உலோக கூரை பறந்து சென்றது,The metal roof was blown away by the strong wind,house,corpus_sourashtradictionary
ஸிகொ,siko,உறி,Hanging butter pot,லொனிக் ஸிகாம் லொம்பொ3 ஸொட்3ராஸ்,lonik sikaam lombo soDraas,வெண்ணெயை உறியில் தொங்கவிட்டுள்ளார்கள்,The butter is hung in the hanging pot,house,corpus_sourashtradictionary
உன்சொபீ4து,uncobheetu,உட்கூரை,Ceiling,தொரணு தி3வொ உன்சொபீ4தும் ர்ஹீ லொம்ப3ரஸ்,toraNu divo uncobheetum rhee lombaras,சரவிளக்குகள் கூரையிலிருந்து தொங்குகின்றன,The chandeliers hang from the ceiling,house,corpus_sourashtradictionary
அக3ஸுடி,agasuTi,கூரை கண்ணாடி சாளரம்,Roof glass,அக3ஸுடி வாட் அவரியொ ஸுரிது கிரணு ஹுஜால் தே3ஸு,agasuTi vaaT avariyo suritu kiraNu hujaal dEsu,கூரை கண்ணாடி வழியாக வரும் சூரிய ஒளி வெளிச்சம் தருகிறது,Sunlight coming through the roof glass illuminates,house,corpus_sourashtradictionary
அகாஸ்விடி3,akaasviDi,கூரை கண்ணாட,Roof glass,அகாஸ்விடி3ம் பொவ்ஸ் பொட3ரியொ ஸாத்தக் சொக்கட் ஸே,akaasviDim povs poDariyo saattak cokkaT sE,கூரை கண்ணாடியில் மழை பொழிவதைப் பார்க்க நன்றாக இருக்கிறது,It's nice to see rain falling on the roof glass,house,corpus_sourashtradictionary
நித்தொகா2ம்பு3,nittokhaambu,செங்குத்து தூண்,Vertical Pillar,கே4ரு நித்தொகா2ம்பு3ன் தேகு ஜா2டு3ம் கெரயொ,ghEru nittokhaambun tEku jhaaDum kerayo,வீட்டின் தூண்கள் தேக்கு மரத்தால் செய்யப்பட்டது,The pillars of the house are made of teak wood,house,corpus_sourashtradictionary
முகுட்,mukuT,"மோட்டுவளை, உத்தரம்","Ridge, Roof ridge, Crest",சிடி3ன் முகுடும் நீடொ3 ப4ந்த3ய்,ciDin mukuTum neeDo bhanday,சிட்டுக்குருவிகள் உத்தரத்தில் கூடு கட்டும்,Sparrows build nests on roof ridges,house,corpus_sourashtradictionary
ஸவ்னொ,savno,"படிக்கட்டு, மாடிப்படி","Stairs, Staircase",ஸவ்னான் வேன் உன்சொ ர்ஹா ஹோனா,savnaan vEn unco rhaa hOnaa,படிக்கட்டுகள் மிக உயரமாக இருக்கக்கூடாது,Stairs should not be too high,house,corpus_sourashtradictionary
மெர்க்கணி,merkkaNi,"படிக்கட்டு, மாடிப்படி","Stairs, Staircase",மெர்க்கணினு ஸங்க்யொ ஒண்டெபளொகன் ர்ஹாத்தெ சொக்கடு3,merkkaNinu sangkyo oNTepaLokan rhaatte cokkaDu,படிக்கட்டுகளின் எண்ணிக்கை ஒற்றைப்படையாக இருப்பது நல்லது,It is good that the number of stairs is odd,house,corpus_sourashtradictionary
வித்3தெ3,vidde,மாடி,Storey,மொரெ கே4ர் தீ3 வித்3தெ3 கே4ர்,more ghEr dee vidde ghEr,என் வீடு இரண்டு மாடி வீடு,My house is a two storey house,house,corpus_sourashtradictionary
ஹுடொ3 வித்3தெ3,huDo vidde,மொட்டை மாடி,Terrace,ஹுனளாம் அமி ஹுடொ3 வித்3தெ3ம் நிஞ்ஜுவெ,hunaLaam ami huDo viddem ninjjuve,கோடையில் நாங்கள் மொட்டை மாடியில் தூங்குவோம்,In summer we sleep on the terrace,house,corpus_sourashtradictionary
வித்3தெ3 நெவ்டொ3,vidde nevDo,மாடி முகப்பு,Balcony,ஸுனொ வித்3தெ3 நெவ்டா3ம் ர்ஹீ தொங்கி3 ஸாரஸ்,suno vidde nevDaam rhee tonggi saaras,நாய் மாடி முகப்பிலிருந்து எட்டி பார்க்கிறது,The dog peeks out from the balcony,house,corpus_sourashtradictionary
ஹாதுபீ4து,haatubheetu,கைப்பிடிச் சுவர்,Parapet,ஹாதுபீ4தும் ஒர்கு3னாங்கொ3,haatubheetum orgunaanggo,கைப்பிடிச் சுவரில் சாயாதீர்கள்,Do not lean against the parapet wall,house,corpus_sourashtradictionary
அள்டொ,aLTo,பரண்,"Loft, Attic",ஜுன்னொ பொ3க்3கு3ன் அஸ்கி அள்டாம் தொ2வொ,junno boggun aski aLTaam thovo,பழைய புத்தகங்கள் அனைத்தையும் பரணில் வைக்கவும்,Keep all old books on the loft,house,corpus_sourashtradictionary
கெட்டுல்,keTTul,கட்டில்,Cot,கெட்டுலும் நிஞ்ஜெத் மொகொ3 ஹோங்கு3 அவ்னா,keTTulum ninjjet mogo hOnggu avnaa,கட்டிலில் தூங்கினால் எனக்கு தூக்கம் வராது,I can not sleep if I sleep in cot,house,corpus_sourashtradictionary
மொஞ்செ,monjce,கட்டில்,Cot,தொ3ரி மொஞ்செம் நிஞ்ஜத்தக் மொகொ3 ஜுக்கு ஒப்பாய்,dori monjcem ninjjattak mogo jukku oppaay,கயிற்றுக் கட்டிலில் தூங்குவது எனக்கு மிகவும் பிடிக்கும்,I love sleeping on a rope cot,house,corpus_sourashtradictionary
க3வ்டி3,gavDi,கட்டில்,Bed,ஹூனுகலமு லோவு க3வ்டி3ம் நிஞ்ஜத்தக் முஸுனா,hoonukalamu lOvu gavDim ninjjattak musunaa,கோடை காலத்தில் உலோகக் கட்டிலில் தூங்க முடியாது,Can't sleep in a metal cot in the summer,house,corpus_sourashtradictionary
ஸௌதி,sauti,படுக்கை,Bed,தொரன் கு3ஷ்டிம் ஸௌதின் ஸுத்3த4ம்கன் ந்ஹீ,toran gushTim sautin suddhamkan nhee,ரயிலில் படுக்கைகள் சுத்தமாக இல்லை,The beds on the train were not clean,house,corpus_sourashtradictionary
ஜெங்களம்,jengkaLam,படுக்கைவிரிப்பு,Bedsheet,வாருவார் ஜெங்களமுக் கு4ஞ்ஜுவொ,vaaruvaar jengkaLamuk ghunjjuvo,வாராவாரம் படுக்கை விரிப்புகளை துவைக்கவும்,Wash the bed sheets every weekly,house,corpus_sourashtradictionary
பொ3ர்யொ,boryo,பாய்,Mat,பொ3ர்யொ வினா ஸில்லொ பூ4ய்ஞிர் நிஞ்ஜுனாங்கொ3,boryo vinaa sillo bhooynjir ninjjunaanggo,பாய் இல்லாமல் குளிர்ந்த தரையில் தூங்க வேண்டாம்,Do not sleep on a cold floor without a mat,house,corpus_sourashtradictionary
சபொ3,cabo,பாய்,Mat,பிஸ்னி சபொ3 திக்கெ ம்ருது3லொகன் ந்ஹீ,pisni cabo tikke mrudulokan nhee,பிளாஸ்டிக் பாய் அவ்வளவு மென்மையாக இல்லை,The plastic mat is not so soft,house,corpus_sourashtradictionary
தெள்கட்,teLkaT,தலையணை,Pillow,தெ2வ்டெ3தெனு தி3ஸின் தெள்கட் தொ2வ்லி நிஞ்ஜஸுன்,thevDetenu disin teLkaT thovli ninjjasun,சிலர் இரண்டு மூன்று தலையணைகளை வைத்து தூங்குவார்கள்,Some people sleep with two or three pillows,house,corpus_sourashtradictionary
ஹுப்3ரொ,hubro,தலையணை,Pillow,ஹுப்3ரா ஒரொ கோட் ஸே?,hubraa oro kOT sE?,தலையணை உறை எங்கே?,Where is the pillow cover?,house,corpus_sourashtradictionary
சௌனொ,cauno,உறை,(Pillow) Cover,தெள்கடு சௌனொ ஜு2க்கு ஸிங்க்3யார் ஸே,teLkaTu cauno jhukku singgyaar sE,தலையணை கவர் மிகவும் அழகாக இருக்கிறது,The pillow cover is so cute,house,corpus_sourashtradictionary
ஒரொ,oro,உறை,(Pillow) Cover,தெள்கடு ஒரொ ஜெங்களம் ஸெரொ அவஸு,teLkaTu oro jengkaLam sero avasu,தலையணை உறை படுக்கை விரிப்புடன் வருகிறது,The pillow cover comes with a bedsheet,house,corpus_sourashtradictionary
கௌ3டி3,gauDi,"மெத்தை, திண்டு","Mattress, Bolster pillow",நிஞ்ஜன் வேள் பாயினுக் ம்ஹத்3தி3 கௌ3டி3னுக் தொ2வ்லுவாய்,ninjjan vEL paayinuk mhaddi gauDinuk thovluvaay,தூங்கும் போது கால்களுக்கு இடையில் திண்டுகளை வைத்துக்கொள்ளலாம்,Bolster pillows can be placed between the legs while sleeping,house,corpus_sourashtradictionary
ரெட்டு,reTTu,போர்வை,Blanket,ப4ரம்ஹொயெ ரெட்டு ஹிமுஸுகலமு பிர்ஜனம் பொட3யி,bharamhoye reTTu himusukalamu pirjanam poDayi,கனமான போர்வைகள் குளிர்காலத்தில் பயனுள்ளதாக இருக்கும்,Heavy blankets are useful in winter,house,corpus_sourashtradictionary
கம்பு3ளொ,kambuLo,கம்பளிப் போர்வை,Wool Blanket,சென்னை ஸொகன் தா2முக் கம்பு3ளொ பஜென் ந்ஹீ,cennai sokan thaamuk kambuLo pajen nhee,சென்னை போன்ற இடங்களுக்கு கம்பளி போர்வைகள் தேவையில்லை,Places like Chennai do not need woolen blankets,house,corpus_sourashtradictionary
து4ளாதூ3ளி,dhuLaadooLi,ஒட்டடை,Cobweb,து4ளாதூ3ளி உம்ப்3ராம் லொம்ப3ரஸ்,dhuLaadooLi umbraam lombaras,ஒட்டடை மூலையில் தொங்குகிறது,The cobweb hangs in the corner,house,corpus_sourashtradictionary
தூ4ளி,dhooLi,ஒட்டடை,Cobweb,தூ4ளிக் ஜ2ன்னி ஹால் ஸுத்3த4ம் கெருவாயி,dhooLik jhanni haal suddham keruvaayi,ஒட்டடையை விளக்குமாறு கொண்டு சுத்தம் செய்யலாம்,The cobweb can be cleaned with a broom,house,corpus_sourashtradictionary
ஜெஜ்ஜு,jejju,"தூசு, புழுதி, குப்பை","Dust, Garbage, Trash, Waste",ரெஸ்தொஸொவடு கே4ரும் ஜெஜ்ஜு வேன் ர்ஹாயி,restosovaTu ghErum jejju vEn rhaayi,சாலையோர வீட்டில் தூசி அதிகமாக இருக்கும்,There will be lot of dust in the roadside house,house,corpus_sourashtradictionary
ஒலத்தெ,olatte,"ஒழுகுதல், கசிதல்","Leaking, Seeping",பொவ்ஸு கலமு பொள்டாம் பனி ஒலஸு,povsu kalamu poLTaam pani olasu,மழைக் காலங்களில் மேற்கூரையில் தண்ணீர் ஒழுகுகிறது,"During the rainy season, water seeps on the roof",house,corpus_sourashtradictionary
ஒளென்,oLen,முற்றத்தில் மழைத்தண்ணீர் கொட்டும் இடம்,Rain water gutter,ஒளெனும் ர்ஹீ பொட3ரியொ பனிக் தெ4ரி தொ2வொ,oLenum rhee poDariyo panik dheri thovo,கூரை கால்வாயிலிருந்து விழும் தண்ணீரை பிடிக்கவும்,Catch water falling from the roof canal,house,corpus_sourashtradictionary
கே4ர்காவ்,ghErkaav,"புதுமனை புகுதல், கிரகப்பிரவேசம்","Housewarming, House warming, Moving to a new house",அக்3னிநெட்ஷத்ரு கலமு கே4ர்காவ் ஜா ஹோனா,agnineTshatru kalamu ghErkaav jaa hOnaa,அக்னிநட்சத்திர காலத்தில் கிரகப்பிரவேசம் செய்யக்கூடாது,Should not move to a new home during the fiery summer,house,corpus_sourashtradictionary
ப3ட்3கே,baDkE,வாடகை,Rent,கெ4ர்கெரி ஸொம்மர் ஹன்னவ்கன் 10 ம்ஹடா4 ப3ட்3கே மக3ராஸ்,gherkeri sommar hannavkan 10 mhaDhaa baDkE magaraas,வீட்டு உரிமையாளர் முன்பணமாக 10 மாத வாடகை கேட்கிறார்,The landlord asks for 10 months the rent in advance,house,corpus_sourashtradictionary
காவ்,kaav,"வாடகை இருத்தல், குடி இருத்தல்",Tenancy,அமி ஏட் நொவ்வொகன் காவ் அவ்ரியொ,ami ET novvokan kaav avriyo,நாங்கள் இங்கு புதிதாக குடி வந்துள்ளோம்,We are the new tenants here,house,corpus_sourashtradictionary
கெ4ர்கெரி,gherkeri,வீட்டுக்காரர்,"House owner, Landlord",எல்லெ கே4ரு கெ4ர்கெரி விதே3ஶும் ஜிவராஸ்,elle ghEru gherkeri vidEssum jivaraas,இந்த வீட்டின் வீட்டுக்காரர் வெளிநாட்டில் வசிக்கிறார்,The owner of this house lives abroad,house,corpus_sourashtradictionary
காவ்கெரி,kaavkeri,"வாடகைக்காரர், குடியிருப்பவர்",Tenant,காவ்கெரின் அபுலானும் மல்லராஸ்,kaavkerin apulaanum mallaraas,வாடகைக்காரர்கள் தங்களுக்குள் சண்டையிடுகிறார்கள்,The tenants are fighting among themselves,house,corpus_sourashtradictionary
வாஸு,vaasu,வசிப்பவர்,Resident,தெனு அவ்ரெ வீது3ம் வஸத்தெனு,tenu avre veedum vasattenu,அவர் எங்கள் வீட்டுத் தெருவில் வசிப்பவர்,He is a resident of our street,house,corpus_sourashtradictionary
சுன்னொ,cunneaa,சுண்ணாம்பு,Lime,அத்தொ அஸ்கி கோன் கே4ருக் சுன்னொ ஹனராஸ்?,atto aski kOn ghEruk cunno hanaraas?,இப்போதெல்லாம் யார் வீட்டிற்கு சுண்ணாம்பு பூசுகிறார்கள்?,Nowadays who whitewashes the house with lime?,house,corpus_sourashtradictionary
சுன்னொ ஹனத்தெ,cunneaa hanatte,"வெள்ளையடித்தல், சுண்ணாம்பு அடித்தல்",Whitewash with Lime,பொங்க3லுவேள் மென்க்யான் அபுல் கே4ருக் சுன்னொ ஹனஸுன்,ponggaluvEL menkyaan apul ghEruk cunno hanasun,பொங்கலின் போது மக்கள் தங்கள் வீட்டிற்கு வெள்ளையடிப்பார்கள்,"During Pongal, people whitewash their houses",house,corpus_sourashtradictionary
விட்3கெ3,viDge,செங்கல்,Brick,சிட3மத்திம் ர்ஹீ விட்3கெ3 கெரராஸ்,ciDamattim rhee viDge keraraas,களிமண்ணிலிருந்து செங்கற்கள் செய்கிறார்கள்,They make bricks out of clay,house,corpus_sourashtradictionary
விட்கிண்,viTkiN,செங்கல்,Brick,கே4ர் ப4ந்த3த்தெமாம் விட்கிண் முக்யம்ஹொயெயொ,ghEr bhandattemaam viTkiN mukyamhoyeyo,வீடு கட்டுவதில் செங்கல் முக்கியமானது,Bricks are important in building a house,house,corpus_sourashtradictionary
ஹீபுவிட்3கெ3,heepuviDge,தரைசெங்கல்,Floor Brick,"ஹீபுவிட்3கெ3, ஒண்டெ விட்3கெ3 மோவுகு ஹத்3து3 வடொ ர்ஹாயி","heepuviDge, oNTe viDge mOvuku haddu vaTo rhaayi","தரை செங்கல், ஒரு செங்கலின் பாதி அளவு இருக்கும்",The floor brick is about half the size of a brick,house,corpus_sourashtradictionary
லான்,laan,தோட்டம்,Garden,ம்ஹொட்டொ கே4ருனும் லானுக் ஸவாய்,mhoTTo ghErunum laanuk savaay,பெரிய வீடுகளில் புல்வெளிகளைக் காணலாம்,You can find lawns in large houses,house,corpus_sourashtradictionary
ஜீன்,jeen,தோட்டம்,Garden,பொள்டா ஜீன் அத்தொ ப்ரஸித்3தி4கன் ஸே,poLTaa jeen atto prasiddhikan sE,கூரை தோட்டம் இப்போது பிரபலமாக உள்ளது,Roof garden is popular now,house,corpus_sourashtradictionary
தொ3ரட்டி,doraTTi,தொரட்டி,Fruit Picker,தொ3ரட்டி கச்சம்பொ3 தொட3த்தக் ஒர்க3ஸு,doraTTi kaccambo toDattak orgasu,தொரட்டி மாம்பழங்களைப் பறிக்கப் பயன்படுகிறது,The fruit picker is used to pluck mangoes,house,corpus_sourashtradictionary
வாடி3,vaaDi,வேலி,Fence,வாடி3 ஒண்டெ கே4ரு மிதினுக் பரிபா4ஷித் கெர்ஸு,vaaDi oNTe ghEru mitinuk paribhaashit kersu,வேலி ஒரு வீட்டின் எல்லைகளை வரையறுக்கிறது,The fence defines the boundaries of a house,house,corpus_sourashtradictionary
தட்டி,taTTi,"வேலி, தடுக்கு",Palm leaf fence,தட்டி கவாட்3 கா3ய்கொ3ருனுக் ஜ2யி தொ2வத்தக் ஒர்க3ஸு,taTTi kavaaD gaaygorunuk jhayi thovattak orgasu,தடுக்கு கதவு கால்நடைகளை அடைத்து வைக்க பயன்படுகிறது,The Palm leaf fence is used to lock the cattle,house,corpus_sourashtradictionary
ப4ந்தி3னி காம்,bhandini kaam,கட்டுமான பணி,Construction work,ப4ந்தி3னி காமுக் காம்கெர்த்தான் அப்3ப3த்தெ கெஷ்டம்கன் ஸே,bhandini kaamuk kaamkerttaan abbatte keshTamkan sE,கட்டுமான பணிகளுக்கு தொழிலாளர்கள் கிடைப்பது சிரமமாக உள்ளது,It is difficult to get workers for construction work,house,corpus_sourashtradictionary
ஹீர்,heer,கிணறு,Well,500 பவுல் ஹீர் கொவ்ரெத் மெல்லொ பனி ந்ஹீ,500 pavul heer kovret mello pani nhee,500 அடிக்கு கிணறு தோண்டினாலும் தண்ணீர் இல்லை,There is no water even after digging a well at 500 feet,house,corpus_sourashtradictionary
கி4ராஹீரு,ghiraaheeru,ஆழ்துளை கிணறு,Deep Well,கி4ராஹீரு மென்தொ 180 பௌல் ஹொல்லொ கீ4ர் ஸேத்தெ ஹீர்,ghiraaheeru mento 180 paul hollo gheer sEtte heer,ஆழ்துளை கிணறு என்பது 180 அடிக்கு மேல் ஆழம் கொண்ட கிணறு,Deep well is a well with a depth of more than 180 feet,house,corpus_sourashtradictionary
ஹீருனகொ,heerunako,கிணற்று உறை,"Well Ring, Well casing",ஹீருனகொ மத்தி பு2ட்டி பொட3த்தெ ஹிப்பி3 ர்ஹவாட3ஸு,heerunako matti phuTTi poDatte hipbi rhavaaDasu,கிணற்றின் உறை மண் உடைந்து விழுவதைத் தடுக்கிறது,The casing of the well prevents the soil from breaking and falling,house,corpus_sourashtradictionary
ஒரொ,oro,கிணற்று உறை,"Well Ring, Well casing",ஒண்டெ ஹீரும் உன்னொ பொட3யொ 10 ர்ஹீ 12 ஒரான் ர்ஹாயி,oNTe heerum unno poDayo 10 rhee 12 oraan rhaayi,ஒரு கிணற்றில் குறைந்தது 10 முதல் 12 உறைகள் இருக்கும்,There will be at least 10 to 12 casing in a well,house,corpus_sourashtradictionary
ர்ஹெடொ3,rheDo,"கிணற்றுக் கப்பி, சகடை",Pulley of Well,ஹீரும் ர்ஹீ பனி செந்த3த்தக் ர்ஹெடொ3 நுக3ஸு,heerum rhee pani cendattak rheDo nugasu,கிணற்றில் இருந்து தண்ணீர் இறைக்க சகடை பயன்படுகிறது,The well pulley is used to draw water from the well,house,corpus_sourashtradictionary
பத3ர்கிளி,padarkiLi,"பாதாள கொலுசு, பாதாள கரண்டி",Multi-pointed hook,ஹீரும் பொட்3 ப3ள்ளாக் ஹெட3த்தக் பத3ர்கிளி நுக3ஸு,heerum poD baLLaak heDattak padarkiLi nugasu,கிணற்றில் விழுந்த வாளியை எடுக்க பாதாள கரண்டி பயன்படுகிறது,A multi-pointed hook is used to pick the bucket that has fallen into the well,house,corpus_sourashtradictionary
பதா3ல்குடி3,padaalkuDi,"பாதாள கொலுசு, பாதாள கரண்டி",Multi-pointed hook,களாய்யா? பதா3ல்குடி3 ப3ட்க்யாக் அப்3ப3ய்,kaLaayyaa? padaalkuDi baTkyaak abbay,தெரியுமா? பாதாள கரண்டி வாடகைக்கு கிடைக்கும்,The multi-pointed hook use to be available for rent,house,corpus_sourashtradictionary
ஸெத்தர்,settar,சத்திரம்,"Inn, Choultry, Free resting place",ஸிரங்கு3ம் அவ்ரெதெங்கா3 ஸெத்தர் ஸேத்தெ,siranggum avretenggaa settar sEtte,ஸ்ரீரங்கத்தில் சௌராஷ்டிரா சத்திரம் உள்ளது,There is a Sourashtra inn available in Srirangam,house,corpus_sourashtradictionary
குடி,kuTi,குடிசை,"Hut, Cottage, Shed",கெ2டின் ஹூனுகலமு குடி ஹுலொ லகி3 ஜெலஸு,kheTin hoonukalamu kuTi hulo lagi jelasu,கடுமையான கோடையில் குடிசை தீப்பிடித்து எரிகிறது,The cottage catches fire in the harsh summer,house,corpus_sourashtradictionary
பருண்டா3 கே4ர்,paruNDaa ghEr,"ஓலை வீடு, குடிசை வீடு",Cottage house,ர்ருஷினு கலமு பருண்டா3 கே4ர் ஒண்டேஸ் ஹொதெ3ஸ்,rrushinu kalamu paruNDaa ghEr oNTEs hodes,முனிவர் காலத்தில் குடிசை வீடு மட்டுமே இருந்தது,In the time of the sage there was only the cottage house,house,corpus_sourashtradictionary
பு2ட்3கொ,phuDko,"இடிந்த, பாழான",Dilapidated,பு2ட்3கொ கே4ரு தக்ஷணம் க2லி கெர்னொ,phuDko ghEru takshaNam khali kerno,பாழடைந்த வீட்டை உடனடியாக காலி செய்ய வேண்டும்,The dilapidated house should be vacated immediately,house,corpus_sourashtradictionary
இவத்தெ,ivatte,"படித்தல், படிப்பது, வாசிப்பது",Reading,இவத்தெ ஒண்டெ சொக்கட் ரூணி,ivatte oNTe cokkaT rooNi,வாசிப்பது ஒரு நல்ல பழக்கம்,Reading is a good habit,gerund,corpus_sourashtradictionary
உச்லத்தெ,uclatte,"இழுத்தல், இழுப்பது",Pulling,கெ4த3டு3க் ஹுட3ட3த்தெ தொ3ங்க3ருக் உச்லத்தெ ஸொகன்,ghedaDuk huDaDatte donggaruk uclatte sokan,கழுதையை எழுப்புவது மலையை இழுப்பது போன்றது,Getting the donkey up is like pulling a mountain,gerund,corpus_sourashtradictionary
உணத்தெ,uNatte,"ஆழ்த்துதல், ஆழ்த்துவது","Immersing, Plunging","ஸில்லொ-பனி உணத்தெ, ஆங்கு3 து3ன்னொ உன்னொ கெரயி","sillo-pani uNatte, aanggu dunno unno kerayi","குளிர்-நீர் ஆழ்த்துதல், உடல் வலியை குறைக்கும்",Cold-water immersion will reduce body pain,gerund,corpus_sourashtradictionary
ஒஞ்சத்தெ,onjcatte,"ஏமாற்றுதல், ஏமாற்றுவது","Cheating, Deceiving",ஒஞ்சத்தெ ஒண்டெ பாபு கரெ,onjcatte oNTe paapu kare,ஏமாற்றுதல் ஒரு பாவச்செயல்,Cheating is a sin,gerund,corpus_sourashtradictionary
ஒவத்தெ,ovatte,"சுமத்தல், சுமப்பது",Carrying the load,ஒவன் கெ4த3ட்3 கெரன் ஒண்டே காம் பா4ர் ஒவத்தெ,ovan ghedaD keran oNTE kaam bhaar ovatte,கோவேறு கழுதை செய்யும் ஒரே வேலை பொதி சுமத்தல்,The only job the mule do is carrying the load,gerund,corpus_sourashtradictionary
க2னத்தெ,khanatte,"தோண்டுதல், தோண்டுவது",Digging,ஹீர் க2னத்தெ க2ண்டி3 கொவ்ரத்தெ ஸொகன் ஸுலப்3யம் ந்ஹா,heer khanatte khaNDi kovratte sokan sulabyam nhaa,கிணறு தோண்டுவது என்பது குழி தோண்டுவது போன்று எளிதானது அல்ல,Digging a well is not as easy as digging a pit,gerund,corpus_sourashtradictionary
கம்ப்லத்தெ,kamplatte,"நடுங்குதல், நடுங்குவது","Shivering, Trembling, Quivering",ஜரிம் ஆங்கு3 து4வெ ப2ராது ஆங்கு3 கம்ப்லஸு,jarim aanggu dhuve pharaatu aanggu kamplasu,அருவியில் குளித்த பின் உடல் நடுங்குகிறது,The body trembles after bathing in the waterfall,gerund,corpus_sourashtradictionary
கி3லத்தெ,gilatte,"விழுங்குதல், முழுங்குவது","Swallowing, Gulping",சவி க2னாத்தக் கி3லத்தெ சொக்கட் ந்ஹா,cavi khanaattak gilatte cokkaT nhaa,மென்று தின்னாமல் முழுங்குவது நல்லதல்ல,It is not good to swallow without chewing,gerund,corpus_sourashtradictionary
குங்க3த்தெ,kunggatte,"சுருங்குதல், சுருங்குவது","Shrinking, Contracting",பூ4கும் போட் குங்க3த்தெ ஸஹஜமு,bhookum pOT kunggatte sahajamu,பசியில் வயிறு சுருங்குதல் இயற்கையானது,Stomach contraction due to hunger is natural,gerund,corpus_sourashtradictionary
குஷத்தெ,kushatte,"உழுதல், உழுவது",Ploughing,பீக் க4லத்தக் முது3ல்லாம் கே2துக் குஷத்தெ சொக்கடு,peek ghalattak mudullaam khEtuk kushatte cokkaTu,விதைப்பதற்கு முன் வயலை உழுவது நல்லது,It is better to plow the field before sowing,gerund,corpus_sourashtradictionary
தங்கத்தெ,tangkatte,"சுருங்குதல், சுருங்குவது","Shrinking, Contracting",பெ3ய்லனுக் ஸிங்க்3யார் போட் தங்கத்தெ,beylanuk singgyaar pOT tangkatte,பெண்டிற்கழகு உண்டி சுருங்குதல்,Stomach shrinking is beauty for women,gerund,corpus_sourashtradictionary
தரத்தெ,taratte,"தாண்டுதல், தாண்டுவது",Jumping,மொரெ பெ3டா3க் லம்பொ3 தரத்தெமாம் த3ஸ்து அப்3பெ3ஸி,more beDaak lambo tarattemaam dastu abbesi,என் மகன் நீளம் தாண்டுதலில் பரிசு பெற்றான்,My son won a prize in long jump,gerund,corpus_sourashtradictionary
உஸுலத்தெ,usulatte,துள்ளிக்குதித்தல்,Jumping,ஹரிண் உஸுலத்தெமாம் தெகொ3 பாய்ஞ் முட்டியொ,hariN usulattemaam tego paaynj muTTiyo,மான் துள்ளிக்குதித்ததில் கால் முறிந்தது,The leg was broken when the deer jumped,gerund,corpus_sourashtradictionary
ஜிங்க3த்தெ,jinggatte,"பாய்ச்சல், பாயுதல்","Leap, Long jump",சொராக் ஸீ ஜிங்க3த்தெமாம் வாகு3 ஸமர்து2,coraak see jinggattemaam vaagu samarthu,இரையை நோக்கி பாய்வதில் புலி மிகவும் திறமையானது,The tiger is very good at jumping towards prey,gerund,corpus_sourashtradictionary
திரத்தெ,tiratte,"நீந்துதல், நீந்துவது",Swimming,பனிம் திரத்தெ மேட் ஹொயெ தே3ஹப்4யாஸு,panim tiratte mET hoye dEhabhyaasu,தண்ணீரில் நீந்துவது சிறந்த உடற்பயிற்சி,Swimming in the water is the best exercise,gerund,corpus_sourashtradictionary
திவுலத்தெ,tivulatte,காப்பற்றுதல்,"Saving, Protecting",த3யாளுப்பன் மெந்தொ கெஷ்டம் பொட3ரியொ தெங்கொ3 திவுலத்தெ,dayaaLuppan mento keshTam poDariyo tenggo tivulatte,கருணை என்பது கஷ்டப்படுபவரை காப்பாற்றுதல்,Mercy is the saving of the afflicted,gerund,corpus_sourashtradictionary
து3ர்லத்தெ,durlatte,"தோற்றல், தோற்பது","Losing, Getting defeat",கா2ளும் நத்தெ நதி3னின் ஜொவள் து3ர்லத்தெ தெங்கொ3 ஸொந்தோஷ் தே3யி,khaaLum natte nadinin jovaL durlatte tenggo sontOsh dEyi,பேரக்குழந்தைகளிடம் விளையாட்டில் தோற்பது அவர்களுக்கு மகிழ்ச்சியைத் தரும்,Losing a game to grandchildren makes them happy,gerund,corpus_sourashtradictionary
து4வத்தெ,dhuvatte,"கழுவுதல், கழுவுவது",Washing,க2யெ ப2ராது எத்னமுன் து4வத்தெ ஶினாத்திஸா காம்,khaye pharaatu etnamun dhuvatte ssinaattisaa kaam,சாப்பிட்ட பிறகு பாத்திரங்களைக் கழுவுவது சோர்வான செயல்,Washing dishes after eating is a tiring activity,gerund,corpus_sourashtradictionary
து4ன்வத்தெ,dhunvatte,"உதறுதல், உதறுவது",Shaking off,பொ3ட்டொ ஸுக்கொ தக3த்தக் முது3ல்லொ தி3வ்வாள் து4ன்வத்தெ ப3ரொ,boTTo sukko tagattak mudullo divvaaL dhunvatte baro,துணியை உலரப்போடுவதற்கு முன்பு இரண்டு முறை உதறுவது நல்லது,It is better to shake off twice before putting the cloth to dry,gerund,corpus_sourashtradictionary
துவத்தெ,tuvatte,குறை தீருதல்,Grievance Redressing,தே3வுக் பாய்ஞ் பொட்3லியெத் அஸ்கி கெஷ்டம் துவஸு,dEvuk paaynj poDliyet aski keshTam tuvasu,இறைவனை வணங்கினால் எல்லா குறைகளைகளும் தீருகிறது,All grievances are redressed by worshiping God,gerund,corpus_sourashtradictionary
தெலத்தெ,telatte,"மிதத்தல், மிதப்பது",Floating,மொரெ க4டி3ம் கய்கி தெலெ ஸொகன் லக3ரஸ்,more ghaDim kayki tele sokan lagaras,என் தொண்டையில் ஏதோ மிதப்பது போல் உணர்கிறேன்,I am feeling like there is something floating in my throat,gerund,corpus_sourashtradictionary
தெ4ரத்தெ,dheratte,"பிடித்தல், பிடிப்பது",Catching,ஸாபுனுக் தெ4ரத்தெ ஆபத்3 ஹொயெ காமு,saapunuk dheratte aapad hoye kaamu,பாம்புகளை பிடிப்பது ஆபத்தான பணி,Catching snakes is a dangerous task,gerund,corpus_sourashtradictionary
தொமத்தெ,tomatte,"விரும்புதல், விரும்புவது",Liking,தெனொ அபுல் காமுக் தொமஸு,teno apul kaamuk tomasu,அவன் தனது வேலையை விரும்புகிறான்,He is liking his job,gerund,corpus_sourashtradictionary
தௌ2கத்தெ,thaukatte,"தட்டுதல், தட்டுவது",Knocking,கவாட் ஹல்லுகன் தௌ2கத்தெ ஒண்டெகா3 கு3ண்ணுக் களட3ஸு,kavaaT hallukan thaukatte oNTegaa guNNuk kaLaDasu,கதவை மெதுவாக தட்டுவது ஒரு நபரின் தன்மையை காட்டுகிறது,Gently knocking on the door shows a person's character,gerund,corpus_sourashtradictionary
நுத3த்தெ,nudatte,"தள்ளுதல், தள்ளுவது",Pushing,ஒண்டெகொ3 ஓர்த்தொ நுத3த்தெ ஹுர்படொ3ஹொயெ போ2ள் கெரயி,oNTego Ortto nudatte hurpaDohoye phOL kerayi,ஒருவரை ஒரு மூலையில் தள்ளுவது எதிர்மறையான விளைவை ஏற்படுத்தும்,Pushing someone into a corner can have a negative effect,gerund,corpus_sourashtradictionary
நுவத்தெ,nuvatte,"புகழுதல், புகழுவது, போற்றுவது","Praising, Appreciating, Admiring",தே3வுக் நுவத்தெ மொன்னுக் ஶாந்தி தே3யி,dEvuk nuvatte monnuk ssaanti dEyi,இறைவனைப் புகழுதல் மனதிற்கு அமைதி கொடுக்கும்,Praising the Lord brings peace of mind,gerund,corpus_sourashtradictionary
பு2லத்தெ,phulatte,"மலர்தல், மலர்வது",Blossoming,பூ2லுன் பு2லத்தெ கோன்தி ஸாத்தக் முஸைய்யா?,phoolun phulatte kOnti saattak musaiyyaa?,பூக்கள் பூப்பதை யாராவது பார்க்க முடியுமா?,Can anyone see the flowers blooming?,gerund,corpus_sourashtradictionary
பு4ஞ்ஜத்தெ,bhunjjatte,"வறுத்தல், வறுப்பது","Frying, Roasting",மிர்க்கைலொ பு4ஞ்ஜத்தெ கடி2ன்ஹொயெ காம்,mirkkailo bhunjjatte kaThinhoye kaam,மிளகாய் வறுப்பது கடினமான வேலை,Frying chili is a tough job,gerund,corpus_sourashtradictionary
புல்லத்தெ,pullatte,"மிதத்தல், மிதப்பது",Floating,ஹூனுகலமு பனிம் புல்லத்தெ குஷிஹொயெ அனுப4வமு,hoonukalamu panim pullatte kushihoye anubhavamu,கோடையில் தண்ணீரில் மிதப்பது ஒரு இனிமையான அனுபவம்,Floating in the water in summer is a pleasant experience,gerund,corpus_sourashtradictionary
புஸத்தெ,pusatte,"கேட்டல், கேட்பது",Asking,ஸெர்க்கஹொயெ புஸினி புஸத்தெ ஸுலப்3யம் ந்ஹா,serkkahoye pusini pusatte sulabyam nhaa,சரியான கேள்வியைக் கேட்பது எளிதல்ல,Asking the right question is not task,gerund,corpus_sourashtradictionary
பொந்து3லத்தெ,pondulatte,துன்பம் அனுபவித்தல்,"Suffering, Enduring",கெருமுக் பொந்து3லத்தேஸ் தெல்லெ திரட3த்தக் மேட் ஹொயெ வாட்,kerumuk pondulattEs telle tiraDattak mET hoye vaaT,கர்மாவை சகித்துக்கொள்வதே அதை தீர்க்க சிறந்த வழி,Enduring Karma is the best way to solve it,gerund,corpus_sourashtradictionary
பொந்துலத்தெ,pontulatte,போட்டியிடுவது,Competing,பன்தும் பொந்துலத்தெ மெந்தொ ஜிகி3னி ஒடி3னிக் ஐதொகன் ர்ஹாத்தெ,pantum pontulatte mento jigini oDinik aitokan rhaatte,பந்தயத்தில் போட்டியிடுவது என்பது வெற்றி தோல்விக்கு தயாராக இருப்பது,Competing in a race means being ready for victory or defeat,gerund,corpus_sourashtradictionary
முகு3லத்தெ,mugulatte,"தேடுதல், தேடுவது","Searching, Seeking",தே3வுக் முகு3லத்தெ துங்கொ3 கொ2ப்3பி3ம் ஹாத் ஸொட்3னா,dEvuk mugulatte tunggo khobbim haat soDnaa,கடவுளைத் தேடுவது உங்களை ஒருபோதும் கை விடாது,Seeking God will never let you down,gerund,corpus_sourashtradictionary
முத3த்தெ,mudatte,"மகிழ்தல், மகிழ்வது","Rejoicing, Cheering",வேன் முத3த்தெ ந்ஹீஜியெத் ரொட3த்தெ - தி3ய்யொ சொக்கட் ந்ஹா,vEn mudatte nheejiyet roDatte - diyyo cokkaT nhaa,மிக அதிகமாக அழுவது அல்லது மகிழ்வது - இரண்டும் நல்லதல்ல,Too much crying or rejoicing - both are not good,gerund,corpus_sourashtradictionary
யதுலத்தெ,yatulatte,"முயற்சித்தல், முயற்சிப்பது",Trying,கோ3 பி3ஸி ர்ஹாத்தக் யதுலத்தெ மொடா3க் ஸமான்,gO bisi rhaattak yatulatte moDaak samaan,சும்மா இருக்க முயற்சிப்பது பிணத்திற்கு சமம்,Trying to be idle is tantamount to corpse,gerund,corpus_sourashtradictionary
லிங்கத்தெ,lingkatte,"ஒதுங்குதல், ஒதுங்குவது","Beaching, Running aground, Sheltering",வாத3ளா வேள் ஜா2டு3 கா2ல் லிங்கத்தெ ஆபத்3 ஹொயெயொ,vaadaLaa vEL jhaaDu khaal lingkatte aapad hoyeyo,புயலின் போது மரத்தடியில் ஒதுங்குவது ஆபத்தானது,It is dangerous taking shelter under a tree during a storm,gerund,corpus_sourashtradictionary
லுண்டத்தெ,luNTatte,"புரளுதல், உருளுவது",Rolling over,மத்திம் லுண்டத்தெ பில்லல்னுக் கௌத்கன் ஸே,mattim luNTatte pillalnuk kautkan sE,மண்ணில் உருளுவது குழந்தைக்கு வேடிக்கையாக உள்ளது,Rolling in the dirt is fun for the baby,gerund,corpus_sourashtradictionary
லொட3த்தெ,loDatte,"துடைத்தல், பெருக்குதல்,","Sweeping, Cleaning up trash",ஹாகும் ஜெஜ்ஜு லொட3த்தெ சொக்கட் தேஹப்4யாஸ்,haakum jejju loDatte cokkaT tEhabhyaas,தோட்டத்தில் குப்பைகளை சுத்தம் செய்வது நல்ல உடற்பயிற்சி,Cleaning up trash in the garden is good physical exercise,gerund,corpus_sourashtradictionary
வஸத்தெ,vasatte,"வாழுதல், வாழ்வது",Living,நொவ்வொ த3ம்பதின் அலக்3கொ3 வஸத்தே ப3ரொ,novvo dampatin alaggo vasattE baro,புதுமணத் தம்பதிகள் தனியாக வாழ்வது நல்லது,Newlyweds are better off living alone,gerund,corpus_sourashtradictionary
விங்கத்தெ,vingkatte,"வேறுபடுதல், வேறுபடுவது",Differing,துரெ யோஜனான் மொரெ தெமாம் ர்ஹீ விங்கத்தெ நொவ்வொ ந்ஹா,ture yOjanaan more temaam rhee vingkatte novvo nhaa,உங்கள் எண்ணங்கள் என்னுடையதில் இருந்து வேறுபடுவது புதிதல்ல,Your thoughts differing from mine is not new,gerund,corpus_sourashtradictionary
வௌரத்தெ,vauratte,"வீசுதல், விசுறுதல்","Blowing, Fanning",தாளு விஜனொ ஹால் வௌரத்தெ ஒண்டெ கலம்,taaLu vijano haal vauratte oNTe kalam,பனை விசிறியால் வீசியது ஒரு காலம்,It's been a long time since fanning with a palm fan,gerund,corpus_sourashtradictionary
ஜிக3த்தெ,jigatte,வெற்றி பெறுதல்,"Winning, Conquering",கிஸான் தே3ஶுக் மெல்லொ ரணமு ஜிக3த்தெ முக்யமு,kisaan dEssuk mello raNamu jigatte mukyamu,எந்தவொரு நாட்டிற்கும் போரில் வெற்றி பெறுவது முக்கியமானது,Winning the war is important for any country,gerund,corpus_sourashtradictionary
ஜுலத்தெ,julatte,பிரகாசித்தல்,Shining,வித்3யாவிக் லெக்ஷன் ஸபா4ம் ஜுலத்தெ,vidyaavik lekshan sabhaam julatte,கற்றவர்க்கு அடையாளம் சபையில் பிரகாசித்தல்,The identify of the Educated is shining before the learned,gerund,corpus_sourashtradictionary
ஸ்துதி கெரத்தே,stuti kerattE,"புகழுதல், பாராட்டுதல்","Praising, Appreciating",ஸ்வயஸுக2முக் ஒண்டெகொ3 ஸ்துதி கெரத்தெ தி4ல்லொஹொயெயொ,svayasukhamuk oNTego stuti keratte dhillohoyeyo,சுயநலத்திற்காக ஒருவரைப் புகழ்வது இழிவானது,Praising someone for selfishness is disgraceful,gerund,corpus_sourashtradictionary
ஸ்ரமொ க2ள்ளத்தெ,sramo khaLLatte,கடினமாக உழைத்தல்,Working hard,பெ4டெ3க் லெக்ஷனு ஸ்ரமொ க2ள்ளத்தெ,bheDek lekshanu sramo khaLLatte,கடின உழைப்பே வேலைக்காரனின் அடையாளம்,Working hard is the hallmark of servant,gerund,corpus_sourashtradictionary
ஸான் தெ4ரத்தெ,saan dheratte,கூர்மைப்படுத்துவது,"Polishing, Sharpening",அய்து3னுக் ஸான் தெ4ரத்தெ ஹிந்தொ3 லெந்து ஸே,aydunuk saan dheratte hindo lentu sE,ஆயுதங்களைக் கூர்மைப்படுத்துவது இன்றுவரை உள்ளது,Sharpening of weapons remains to this day,gerund,corpus_sourashtradictionary
ஸிங்குலத்தெ,singkulatte,"சந்தேகப்படுதல், சந்தேகப்படுவது","Doubting, Suspicion",ஸிங்குலத்தெ மெந்தொ ஒஜாதி மொன்னு ரோகு3,singkulatte mento ojaati monnu rOgu,சந்தேகப்படுவது என்பது ஒரு வகை மனநோய்,Doubting is a kind of mental disease,gerund,corpus_sourashtradictionary
ஸிஞ்ஜத்தெ,sinjjatte,தெளித்தல்,Spraying,ஜந்துநஸினிக் ஸிஞ்ஜத்தெஹால் பீகுன் ரக்ஷண் ஹோஸு,jantunasinik sinjjattehaal peekun rakshaN hOsu,பூச்சிக்கொல்லிகளை தெளிப்பதால் பயிர்கள் பாதுகாக்கப்படுகின்றன,Crops are protected by spraying pesticides,gerund,corpus_sourashtradictionary
ஸிடத்தெ,siTatte,வழிபடுதல்,Worshipping,கெஷ்டம் பொட3த்தவேள் தே3வுக் ஸிடத்தெ சொக்கட் ப2லன் தே3யி,keshTam poDattavEL dEvuk siTatte cokkaT phalan dEyi,கஷ்டகாலத்தில் கடவுளை வழிபடுதல் நல்ல பலனைத்தரும்,Worshiping God in times of trouble will bring good results,gerund,corpus_sourashtradictionary
ஸில்கு3லத்தெ,silgulatte,"மெச்சுதல், பாராட்டுதல்","Praising, Appreciating",அபுல் ப்ரபா4வ் மெந்தொ அவ்ங்கோஸ் அமி ஸில்கு3லத்தெ,apul prabhaav mento avngkOs ami silgulatte,தற்பெருமை என்பது தன்னைத்தானே புகழுவது,Bragging is the act of praising oneself,gerund,corpus_sourashtradictionary
ஸொமத்தெ,somatte,"சகித்துக்கொள்ளுதல், பொறுத்துக்கொள்வது",Tolerating,அவ்ரெ தெ4ருமு பொ3லம் அஸ்கியொ ஸொமத்தெ,avre dherumu bolam askiyo somatte,நமது தர்மத்தின் பலம் அனைத்தையும் பொறுத்துக் கொள்வதுதான்,The strength of our Dharma is tolerating all,gerund,corpus_sourashtradictionary
ஸொம்மத்தெ,sommatte,மன்னித்தல்,Forgiving,து3ஸுரெதெங்கொ3 ஸொம்மத்தெ மொரெ பா3 ம்ஹொட்டொ பொ3லம்,dusuretenggo sommatte more baa mhoTTo bolam,மற்றவர்களை மன்னிப்பது என் தந்தையின் பெரிய பலம்,Forgiving others is my father's great strength,gerund,corpus_sourashtradictionary
ஶில்க3த்தெ,ssilgatte,"புகழுதல், பாராட்டுதல்","Praising, Appreciating",ரஜாக் ஶில்க3த்தெ ஜேமுக் வெது3ர் ஸீ ஒண்டேஸ்,rajaak ssilgatte jEmuk vedur see oNTEs,அரசனைப் புகழ்வது பரிசை எதிர்பார்த்து மட்டுமே,Praising the king is only in anticipation of the gift,gerund,corpus_sourashtradictionary
ஹுக்3ட3த்தெ,hugDatte,திறத்தல்,Opening,பரமபத கவாட்3 ஹுக்3ட3த்தெ வைகுண்ட ஏகாதஸி தெந்து3ஸ் சலஸு,paramapata kavaaD hugDatte vaikuNTa Ekaatasi tendus calasu,பரமபத வாசல் திறப்பது வைகுண்ட ஏகாதசி அன்று நடக்கும்,The opening of the Paramatman Gate will take place on Vaikunda Ekadasi,gerund,corpus_sourashtradictionary
தூளிகொ,tooLiko,தூரிகை,(Painting) Brush,,,,,engword,corpus_sourashtradictionary
ஸொம்மர் ஹன்னவ்,sommar hannav,முன்பணம்,"Advance, Advance payment, Down payment",,,,,engword,corpus_sourashtradictionary
ப2ள்சா போ2ள்,phaLcaa phOL,பின்விளைவு,"Aftermath, Consequence",,,,,engword,corpus_sourashtradictionary
தா2ம் தே3,thaam dE,இடம் கொடு,Allow,,,,,engword,corpus_sourashtradictionary
அனுமதி தே3,anumati dE,அனுமதி கொடு,Allow,,,,,engword,corpus_sourashtradictionary
ஸர்வொ ஶக்திமான்,sarvo ssaktimaan,எல்லாம் வல்லவர்,Almighty,,,,,engword,corpus_sourashtradictionary
கோ4ஷனொ கேர்,ghOshano kEr,அறிவிக்கவும்,Announce,,,,,engword,corpus_sourashtradictionary
கோ4ஷனொ,ghOshano,அறிவிப்பு,Announcement,,,,,engword,corpus_sourashtradictionary
நிகி3ள்னி,nigiLni,"ஏற்றம், உயர்வு","Ascent, Rise",,,,,engword,corpus_sourashtradictionary
அர்க்யார் தெ3னி,arkyaar deni,அதிகாரம் வழங்குதல்,Authorization,,,,,engword,corpus_sourashtradictionary
வர்ஜி,varji,"தவிர், ஒதுக்கு",Avoid,,,,,engword,corpus_sourashtradictionary
வர்ஜினி,varjini,"தவிர்த்தல், ஒதுக்குதல்",Avoidance,,,,,engword,corpus_sourashtradictionary
வர்ஜத்தெ,varjatte,"தவிர்த்தல், ஒதுக்குதல்",Avoiding,,,,,engword,corpus_sourashtradictionary
களணி,kaLaNi,விழிப்புணர்வு,Awareness,,,,,engword,corpus_sourashtradictionary
ஜன்லினி,janlini,விழிப்புணர்வு,Awareness,,,,,engword,corpus_sourashtradictionary
கு2தா3 ரொக்டொ3,khudaa rokDo,பிணையத் தொகை,Bail,,,,,engword,corpus_sourashtradictionary
ப3ந்தி3,bandi,தடை,"Ban, Prohibit",,,,,engword,corpus_sourashtradictionary
க்ரூரொ,krooro,"காட்டுமிராண்டித்தனம், மிருகத்தனம், கொடுமை மிக்க","Barbaric, Brutal, Cruel, Wild",,,,,engword,corpus_sourashtradictionary
த்3ரோஹ் கேர்,drOh kEr,காட்டிக்கொடு,Betray,,,,,engword,corpus_sourashtradictionary
த்3ரோஹ் கெரத்தெ,drOh keratte,காட்டிக்கொடுத்தல்,Betrayal,,,,,engword,corpus_sourashtradictionary
தூ3ர்ஸனி,doorsani,இரு கண் தூர தரிசினி,Binaculars,,,,,engword,corpus_sourashtradictionary
நாகு3ங்குப்பொ,naagungkuppo,உலர்ந்த மூக்குச் சளி,"Booger, Dried Mucus from nose",,,,,engword,corpus_sourashtradictionary
லஞ்சொ,lanjco,கையூட்டு,"Bribe, Pay-off, Kickback",,,,,engword,corpus_sourashtradictionary
லோஸுயந்த்ரு,lOsuyantru,புகைப்பட கருவி,Camera,,,,,engword,corpus_sourashtradictionary
மொரணு த3ண்டொ3,moraNu daNDo,மரண தண்டனை,"Capital punishment, Death penalty",,,,,engword,corpus_sourashtradictionary
பி4த்தர் ஹிங்க3ட்3னி,bhittar hinggaDni,உள்ளேற்றம்,Charge,,,,,engword,corpus_sourashtradictionary
ஸெர்க்க ஸா,serkka saa,சரிபார்,Check,,,,,engword,corpus_sourashtradictionary
முக்2ய பொ2வ்னொ,mukhya phovno,தலைமை விருந்தினர்,Chief guest,,,,,engword,corpus_sourashtradictionary
சல்சித்ருஶாலொ,calcitrussaalo,திரையரங்கம்,Cinema Theater,,,,,engword,corpus_sourashtradictionary
பரிதி4,paridhi,"சுற்றளவு, பரிதி","Circumference, Periphery",,,,,engword,corpus_sourashtradictionary
உச்சஸ்தி2தி,uccasthiti,உச்சகட்டம்,"Climax, Culmination, Apex",,,,,engword,corpus_sourashtradictionary
ஹொல்லா சொக்காய்,hollaa cokkaay,மேல் உடுப்பு,Coat,,,,,engword,corpus_sourashtradictionary
செர்னி,cerni,"சேர்க்கை, சேகரிப்பு, தொகுப்பு, இணைப்பு","Collection, Conjunction",,,,,engword,corpus_sourashtradictionary
செர்ச்சினி,cerccini,"இணைப்பு, சேகரிப்பு","Collection, Connection, Annexture",,,,,engword,corpus_sourashtradictionary
"காவ்ஜனி, காவ்ஜனி கேர்","kaavjani, kaavjani kEr","குடியேற்றம், குடியேற்றம் செய்","Colonize, Immigration, Immigrate",,,,,engword,corpus_sourashtradictionary
ஸாமான்யொகன்,saamaanyokan,"பொதுவாக, வழக்கமாக, இயல்பாக, எளிமையாக","Commonly, Usually, Normally, Simply",,,,,engword,corpus_sourashtradictionary
ஸான்த்வனொ,saantvano,"ஆறுதல், தேறுதல்","Consolation, Solace",,,,,engword,corpus_sourashtradictionary
"லகி3னி, தெ3ஸினி","lagini, desini","தொடர்பு, தொடர்பில்","Contact, In touch",,,,,engword,corpus_sourashtradictionary
அர்க்யார் கெர்னி,arkyaar kerni,அதிகாரம் பண்ணுதல்,Controlling,,,,,engword,corpus_sourashtradictionary
மொவ்ஜினி,movjini,"எண்ணிக்கை, அளவீடு","Count, Measurement",,,,,engword,corpus_sourashtradictionary
ஹந்த3வ் பீடொ2,handav peeTho,சமையல் மேடை,"Countertop, Worktop",,,,,engword,corpus_sourashtradictionary
ஸௌஜன்யம்,saujanyam,உபயம்,Courtesy,,,,,engword,corpus_sourashtradictionary
"ஹாதுகலா, ஹாதுகலா வஸ்துன்","haatukalaa, haatukalaa vastun","கைவினை, கைவினைப்பொருட்கள்",Craft,,,,,engword,corpus_sourashtradictionary
க2னிபெனின்,khanipenin,உணவு வகைகள்,Cuisine,,,,,engword,corpus_sourashtradictionary
ஸஹாவுபொல்கொ,sahaavupolko,ஓட்டுநருக்கு உதவியாக இருக்கும் பலகை,Dashboard,,,,,engword,corpus_sourashtradictionary
பரிபா4ஷித் கேர்,paribhaashit kEr,வரையறு,Define,,,,,engword,corpus_sourashtradictionary
வர்ணனொ,varNano,விளக்கம்,Description,,,,,engword,corpus_sourashtradictionary
போ3ல்சால்,bOlcaal,பேச்சுவழக்கு,Dialect,,,,,engword,corpus_sourashtradictionary
கர்மிஷ்டொ2,karmishTho,விடாமுயற்சி,"Diligent, Perseverance",,,,,engword,corpus_sourashtradictionary
கர்மிஷ்டொ2கன்,karmishThokan,விடாமுயற்சியுடன்,Diligently,,,,,engword,corpus_sourashtradictionary
பரிமாண்,parimaaN,களஅளவு,Dimension,,,,,engword,corpus_sourashtradictionary
ப4ராட் த4ட்3டி3னி,bharaaT dhaDDini,வெளியேற்றம்,Discharge,,,,,engword,corpus_sourashtradictionary
பரமானந்தொ3,paramaanando,"பரவசம், மெய்மறந்த இன்பம்",Ecstasy,,,,,engword,corpus_sourashtradictionary
ஶ்ரமொ ந்ஹாத்தொ,ssramo nhaatto,"எளிதான, கடினமற்ற",Effortless,,,,,engword,corpus_sourashtradictionary
சுட்டூர் ஸ்தி2தி,cuTToor sthiti,சுற்றுப்புற சூழல்,"Environment, Surroundings",,,,,engword,corpus_sourashtradictionary
"மோல் தகி3னி, மோல் தக3த்தெ","mOl tagini, mOl tagatte","மதிப்பீடு செய்தல், மதிப்பிடுதல்","Evaluation, Appraise",,,,,engword,corpus_sourashtradictionary
ஒண்டொண்டெ வாள்,oNToNTe vaaL,ஒவ்வொரு முறையும்,"Every time, Each Time, Each and Every Time",,,,,engword,corpus_sourashtradictionary
அஸாதா4ரணம் ஹொயெ,asaadhaaraNam hoye,"விதிவிலக்கான, அபூர்வமான",Exceptional,,,,,engword,corpus_sourashtradictionary
ப4ராட் களாட்,bharaaT kaLaaT,வெளிப்படுத்து,Express,,,,,engword,corpus_sourashtradictionary
தோனு பா4வனொ,tOnu bhaavano,முகபாவம்,Expression,,,,,engword,corpus_sourashtradictionary
ப்ரத3ர்ஶனொ,pradarssano,கண்காட்சி,"Fair, Exhibition",,,,,engword,corpus_sourashtradictionary
ஸுந்து3ரு பளொ,sunduru paLo,கடற்படை,Fleet,,,,,engword,corpus_sourashtradictionary
பொ3ண்டி3னு ஜெதொ3,boNDinu jedo,வாகனங்களின் குழு,Fleet,,,,,engword,corpus_sourashtradictionary
கே2ளு ப்ராமொ கேர்,khELu praamo kEr,விளையாட்டுக் காதல் செய்,Flirt,,,,,engword,corpus_sourashtradictionary
க2டா பொளி,khaTaa poLi,முள் கரண்டி,Fork,,,,,engword,corpus_sourashtradictionary
கொ2ப3ட்ந்ஹாத்தொ,khobaTnhaatto,வெளிப்படையான,Frank,,,,,engword,corpus_sourashtradictionary
மித்ருப்பன்ஹொயெ,mitruppanhoye,"நட்பான, நட்பாக",Friendly,,,,,engword,corpus_sourashtradictionary
கெ3ட்3டொ3 ப4ந்த3யெ,geDDo bhandaye,உறைந்த,Frozen,,,,,engword,corpus_sourashtradictionary
கு3ஷ்டி கோ3ஷ்டு,gushTi gOshTu,வண்டிக் கொட்டடி,Garage,,,,,engword,corpus_sourashtradictionary
கொ4ரம்கன் ஸா,ghoramkan saa,உற்று நோக்கு,"Gaze, Gazing, Stare, Staring",,,,,engword,corpus_sourashtradictionary
க்ருதஞொ,krutanjo,நன்றியுள்ள,"Gratitude, Grateful",,,,,engword,corpus_sourashtradictionary
கர்கொ பொவ்ஸ்,karko povs,ஆலங்கட்டி மழை,Hail,,,,,engword,corpus_sourashtradictionary
நாயகொ,naayako,நாயகன்,Hero,,,,,engword,corpus_sourashtradictionary
லிக்கினி கா2ள்,likkini khaaL,கண்ணாமுச்சி,Hide and Seek,,,,,engword,corpus_sourashtradictionary
தொ3ங்க3ரு வஸஸ்த2லொ,donggaru vasasthalo,மலை வாழிடம்,Hill station,,,,,engword,corpus_sourashtradictionary
ஆத3ர்ஶொ,aadarsso,"ஏற்ற, சிறந்த, சரியான","Ideal, Perfect",,,,,engword,corpus_sourashtradictionary
ப்ரபா4வ்,prabhaav,தாக்கம்,"Impact, Influence",,,,,engword,corpus_sourashtradictionary
மொன்னும் பொடா3ட்,monnum poDaaT,"ஈர்க்கவும், மனத்தில் படியவை",Impress,,,,,engword,corpus_sourashtradictionary
ப்ரோத்ஸனொ,prOtsano,ஊக்கத்தொகை,Incentive,,,,,engword,corpus_sourashtradictionary
ஸ்வதந்த்ரொ தி3ன்னு,svatantro dinnu,சுதந்திர தினம்,Independence day,,,,,engword,corpus_sourashtradictionary
ஸம்ஸ்தொ2,samstho,நிறுவனம்,Institute,,,,,engword,corpus_sourashtradictionary
ஸம்ஸ்தா2பனொ,samsthaapano,நிறுவனம்,"Institution, Organization",,,,,engword,corpus_sourashtradictionary
அபி4ரக்ஷொ,abhiraksho,"காப்பீடு, காப்புறுதி",Insurance,,,,,engword,corpus_sourashtradictionary
வெடீ3 ஹொயெ,veDee hoye,சுவாரஸ்யமான,Interesting,,,,,engword,corpus_sourashtradictionary
"மல்லி, சந்திரிகொ","malli, cantiriko",மல்லிகை,Jasmine,,,,,engword,corpus_sourashtradictionary
நேதொ,nEto,தலைவர்,Leader,,,,,engword,corpus_sourashtradictionary
நேத்ருப்பன்,nEtruppan,தலைமைத்துவம்,Leadership,,,,,engword,corpus_sourashtradictionary
ஸஞ்சிதொ,sanjcito,இணைப்பு,Link,,,,,engword,corpus_sourashtradictionary
ஸெத்3து3 கு3ண்ணி,seddu guNNi,ஒலிபெருக்கி,Loudspeaker,,,,,engword,corpus_sourashtradictionary
ஸுகா2னுப்பன் ஹொயெ,sukhaanuppan hoye,ஆடம்பரமான,Luxurious,,,,,engword,corpus_sourashtradictionary
ஸுகா2னுப்பன்,sukhaanuppan,ஆடம்பரம்,Luxury,,,,,engword,corpus_sourashtradictionary
மொந்துர்,montur,"மந்திரம், மாயவித்தை",Magic,,,,,engword,corpus_sourashtradictionary
மொத்துருஞ்ஜத்தெனொ,motturunjjatteno,மந்திரவாதி,Magician,,,,,engword,corpus_sourashtradictionary
ஹாதுகெர்னி,haatukerni,கைமுறையாக,Manually,,,,,engword,corpus_sourashtradictionary
விபணி கெர்னி,vipaNi kerni,சந்தைப்படுத்துதல்,Marketing,,,,,engword,corpus_sourashtradictionary
முஷ்டி மைது2னம்,mushTi maithunam,சுயஇன்பம்,Masturbate,,,,,engword,corpus_sourashtradictionary
மாத்ரொ,maatro,அளவு,"Measure, Quantity",,,,,engword,corpus_sourashtradictionary
"பாரா, பாத3ரெஸ்ஸு","paaraa, paadaressu","பாதரசம், புதன் கிரகம்","Mercury (Metal), Mercury Planet",,,,,engword,corpus_sourashtradictionary
அணுஸனி,aNusani,"நுண்ணோக்கி, அணுதரிசனி",Microsope,,,,,engword,corpus_sourashtradictionary
விலாப்,vilaap,"புலம்பல், புலம்புதல்","Moan, Wail, Lamentation",,,,,engword,corpus_sourashtradictionary
மொன்னுஸ்தி2தி,monnusthiti,மனநிலை,"Mood, Mindset",,,,,engword,corpus_sourashtradictionary
ஸ்வதே3ஶி,svadEssi,பூர்வீகம்,Native,,,,,engword,corpus_sourashtradictionary
கா3ம்கெரி,gaamkeri,பூர்வீகம்,Native,,,,,engword,corpus_sourashtradictionary
மூள் தே3ஶ்,mooL dEss,சொந்த நாடு,"Native Country, Own Country",,,,,engword,corpus_sourashtradictionary
பாஶொ,paasso,"தூக்குக்கயிறு, எமன் கையிலிருக்கும் கயிறு",Noose,,,,,engword,corpus_sourashtradictionary
மைது2னானந்தொ3,maithunaanando,புணர்ச்சி பரவசம்,Orgasm,,,,,engword,corpus_sourashtradictionary
பொ4ரி லுச்சாத்தெ,bhori luccaatte,நிரம்பி வழிதல்,Overflow,,,,,engword,corpus_sourashtradictionary
பொ4ரி த4மத்தெ,bhori dhamatte,பெருக்கெடுத்து ஓடுதல்,Overflow,,,,,engword,corpus_sourashtradictionary
பொ3ப்3ளி பொள்ளொ,bobLi poLLo,பப்பாளி,Papaya,,,,,engword,corpus_sourashtradictionary
ரொக்டொ3 தெ3னி,rokDo deni,பணம் செலுத்துதல்,"Payout, Payment",,,,,engword,corpus_sourashtradictionary
ஹன்னவ் ப4ந்தி3னி,hannav bhandini,பணம் செலுத்துதல்,"Payout, Payment",,,,,engword,corpus_sourashtradictionary
ஶிக2ர்,ssikhar,"உச்சம், உச்சி","Peak, Summit",,,,,engword,corpus_sourashtradictionary
நல்லிகெரி,nallikeri,குழாய் பழுது பார்ப்பவர்,Plumber,,,,,engword,corpus_sourashtradictionary
சல்னிததி3,calnitadi,நடைமுறை,Practical,,,,,engword,corpus_sourashtradictionary
ஸொம்மர் ஸூசனொ,sommar soocano,முன்னெச்சரிக்கை,Precaution,,,,,engword,corpus_sourashtradictionary
ஸம்மான்,sammaan,"வெகுமதி, கைம்மாறு","Prize, Reward",,,,,engword,corpus_sourashtradictionary
ப்ரதிபோ2ள்,pratiphOL,"வெகுமதி, கைம்மாறு","Prize, Reward",,,,,engword,corpus_sourashtradictionary
உஞ்சொ கெர்னி,unjco kerni,ஊக்குவித்தல்,Promote,,,,,engword,corpus_sourashtradictionary
ஸமஸ்தொ மென்க்யான்,samasto menkyaan,பொது மக்கள்,Public,,,,,engword,corpus_sourashtradictionary
த3ண்டொ3,daNDo,தண்டனை,"Punishment, Penalty, Fine",,,,,engword,corpus_sourashtradictionary
தக்ஷண புஸினி,takshaNa pusini,வினாடி வினா,Quiz,,,,,engword,corpus_sourashtradictionary
அர்கொ4,argho,விகிதம்,Rate,,,,,engword,corpus_sourashtradictionary
பி2ரிவவ்ரத்தெ,phirivavratte,"மறுசுழற்சி, மீண்டும் உபயோகித்தல்","Recycle, Reuse",,,,,engword,corpus_sourashtradictionary
து3ஹ்கு2 திரட்னி,duhkhu tiraTni,துயர் நீக்கம்,Relief,,,,,engword,corpus_sourashtradictionary
அபுல்ராஜ்ய தி3ன்னு,apulraajya dinnu,குடியரசு தினம்,Republic day,,,,,engword,corpus_sourashtradictionary
"ஜவாப் ஸங்கு3னார், ஜவாப்தா3ரி","javaap sanggunaar, javaapdaari","பொறுப்பு, பொறுப்புடைய",Responsible,,,,,engword,corpus_sourashtradictionary
பி2ரிஸனி,phirisani,மறுஆய்வு,Review,,,,,engword,corpus_sourashtradictionary
சகி மெனிக்,caki menik,இயந்திர மனிதன்,Robot,,,,,engword,corpus_sourashtradictionary
ஜது,jatu,"ரப்பர், அழிப்பான்",Rubber,,,,,engword,corpus_sourashtradictionary
த்யாக்3,tyaag,பலி,Sacrifice,,,,,engword,corpus_sourashtradictionary
ஸ்வார்தி2,svaarthi,சுயநலவாதி,Selfish,,,,,engword,corpus_sourashtradictionary
தீவ்ரொ,teevro,தீவிரமான,Serious,,,,,engword,corpus_sourashtradictionary
தீவ்ரொகன்,teevrokan,தீவிரமாக,Seriously,,,,,engword,corpus_sourashtradictionary
தீவ்ரப்பன்,teevrappan,தீவிரத்தன்மை,Seriousness,,,,,engword,corpus_sourashtradictionary
வஸ்துன் க2ட3த்தெ,vastun khaDatte,பொருட்கள் வாங்குதல்,Shopping,,,,,engword,corpus_sourashtradictionary
தடி3 ஜா,taDi jaa,"தவிர்க்கவும், கடந்து செல்","Skip, Pass on",,,,,engword,corpus_sourashtradictionary
கெருங்க3ட்,kerunggaT,கரைசல்,Solution,,,,,engword,corpus_sourashtradictionary
தொ3ளொ உக்கத்திஸா,doLo ukkattisaa,கண்கவர்,"Spectacular, Eye-catching",,,,,engword,corpus_sourashtradictionary
ஸங்கி3னி,sanggini,"அறிக்கை, சொல்லப்பட்டது, கூற்று",Statement,,,,,engword,corpus_sourashtradictionary
தூ3ர் ர்ஹா,door rhaa,விலகியிரு,Stay away,,,,,engword,corpus_sourashtradictionary
ஒண்ட்டே பொ3ட்டாம் ஸிவெ சொக்காய் செல்லட3ம்,oNTTE boTTaam sive cokkaay cellaDam,ஒரே துணியில் தைத்த சட்டை மற்றும் காற்சட்டை,Suit,,,,,engword,corpus_sourashtradictionary
செடா3வ் ஒர்கு3,ceDaav orgu,மேல் / உயர்ந்த வர்க்கம்,"Superior Class, Classy",,,,,engword,corpus_sourashtradictionary
சுட்டூர் ஸேத்தெ,cuTToor sEtte,சுற்றியுள்ள,Surrounding,,,,,engword,corpus_sourashtradictionary
கே3கு3ர்,gEgur,சுற்றியுள்ள,Surrounding,,,,,engword,corpus_sourashtradictionary
அகாஶுஸனி,akaassusani,தொலைநோக்கி,Telescope,,,,,engword,corpus_sourashtradictionary
நட்கமுஶாலொ,naTkamussaalo,"நாடகக்கொட்டகை, நாடக அரங்கம்","Theater, Theatre",,,,,engword,corpus_sourashtradictionary
விலாபு கீ3த்,vilaapu geet,ஒப்பாரி,"Threnody, Lament",,,,,engword,corpus_sourashtradictionary
ஸ்படிகொ ஹொயெ,spaTiko hoye,ஒளி புகும்,Transparent,,,,,engword,corpus_sourashtradictionary
ப3ல்டி ஹான்,balTi haan,"கரணம் போடு, பல்டியடி",Tumble,,,,,engword,corpus_sourashtradictionary
ஜுலான்,julaan,இரட்டையர்கள்,Twins,,,,,engword,corpus_sourashtradictionary
ஏகம் ஹொயெ,Ekam hoye,"ஒன்றே ஒன்றான, தனித்துவமான",Unique,,,,,engword,corpus_sourashtradictionary
ஸெர்க்கஹொயெ,serkkahoye,சரியானது,"Valid, Exact, Right, Accurate",,,,,engword,corpus_sourashtradictionary
மூள்யொ,mooLyo,மதிப்பு,"Value, Worth",,,,,engword,corpus_sourashtradictionary
வத்தா ப4ண்டா3ர்,vattaa bhaNDaar,வார்த்தை களஞ்சியம்,Vocabulary,,,,,engword,corpus_sourashtradictionary
கா4ம் பொட்3னி,ghaam poDni,பாதிப்பு,Vulnerability,,,,,engword,corpus_sourashtradictionary
கா4ம் பொட3த்திஸொ,ghaam poDattiso,"பாதிக்கப்படக்கூடிய, காயப்படத்தக்க",Vulnerable,,,,,engword,corpus_sourashtradictionary
ஆபத்3ஸூசனொ,aapadsoocano,எச்சரிக்கை,"Warning, Caution",,,,,engword,corpus_sourashtradictionary
மொந்துரு வித்3யொ,monturu vidyo,பில்லி சூனியம்,Witchcraft,,,,,engword,corpus_sourashtradictionary
உத்3யோக்,udyOk,தொழில்,Profession,,,,,profession,corpus_sourashtradictionary
உத்3யோக்கெரி,udyOkkeri,தொழிலதிபர்,Industrialist,,,,,profession,corpus_sourashtradictionary
பி4யார்,bhiyaar,வியாபாரம்,Business,,,,,profession,corpus_sourashtradictionary
பி4யார்ஸார்,bhiyaarsaar,வியாபாரம்,Business,,,,,profession,corpus_sourashtradictionary
பி4யார்ஸார்கெரி,bhiyaarsaarkeri,வியாபாரி,Businessman,,,,,profession,corpus_sourashtradictionary
ஸில்மொ,silmo,உழைப்பு,"Labor, Work",,,,,profession,corpus_sourashtradictionary
ஶ்ரமொ,ssramo,உழைப்பு,"Labor, Work",,,,,profession,corpus_sourashtradictionary
ஆர்ஜ்ஜனொ,aarjjano,உழைப்பு,"Labor, Work",,,,,profession,corpus_sourashtradictionary
காம்,kaam,வேலை,"Work, Job",,,,,profession,corpus_sourashtradictionary
காம்ஹோர்,kaamhOr,வேலையாய்,"Busy, Occupied, On the job",,,,,profession,corpus_sourashtradictionary
கர்தவ்,kartav,கடமை,Duty,,,,,profession,corpus_sourashtradictionary
கரெ,kare,கடமை,Duty,,,,,profession,corpus_sourashtradictionary
கரெ,kare,செயல்,"Activity, Deed",,,,,profession,corpus_sourashtradictionary
கர்னீகு,karneeku,"செயலுக்கு, வேலைக்கு","To action, To work",,,,,profession,corpus_sourashtradictionary
பத3வி,padavi,பதவி,"Post, Position",,,,,profession,corpus_sourashtradictionary
கரக்3,karag,வேலையாய்,Busy,,,,,profession,corpus_sourashtradictionary
நங்கு3னார்,nanggunaar,"உழுபவர், உழவர்",Farmer,,,,,profession,corpus_sourashtradictionary
ஜுன்னார்,junnaar,"உழுபவர், உழவர்",Farmer,,,,,profession,corpus_sourashtradictionary
அர்க்யாரி,arkyaari,அதிகாரி,Officer,,,,,profession,corpus_sourashtradictionary
ஒய்து3,oydu,மருத்துவர்,Doctor,,,,,profession,corpus_sourashtradictionary
க்3ரந்த கர்த்தா,granta karttaa,நூலாசிரியர்,Author,,,,,profession,corpus_sourashtradictionary
கு3ஷுனார்,gushunaar,பதிப்பாளர்,Publisher,,,,,profession,corpus_sourashtradictionary
த2ணைது,thaNaitu,காவலர்,Police,,,,,profession,corpus_sourashtradictionary
ப3ன்ரூத்,banroot,காவலர்,Police,,,,,profession,corpus_sourashtradictionary
ரக்ஷகொ,rakshako,பாதுகாவலர்,"Guard, Guardian, Warden, Protector",,,,,profession,corpus_sourashtradictionary
வக்கீல்,vakkeel,வழக்கறிஞர்,Lawyer,,,,,profession,corpus_sourashtradictionary
புரேது,purEtu,புரோகிதர்,Priest,,,,,profession,corpus_sourashtradictionary
புரோஹிதொ,purOhito,புரோஹிதர்,Priest,,,,,profession,corpus_sourashtradictionary
நிபுணொ,nipuNeaa,வல்லுநர்,"Expert, Master",,,,,profession,corpus_sourashtradictionary
மஜூம்தா3ர்,majoomdaar,ஆவணகாப்பாளர்,Record Keeper,,,,,profession,corpus_sourashtradictionary
லிபிகார்,lipikaar,எழுத்தர்,Record Clerk,,,,,profession,corpus_sourashtradictionary
ல்ஹெக்2கய்த்,lhekhkayt,கணக்காளர்,Accountant,,,,,profession,corpus_sourashtradictionary
தெ3னிக2ட்னி,denikhaTni,"கொடுக்கல் வாங்கல், பரிமாற்றம், பண்ட மாற்று, பரிவர்த்தனைகள்","Dealings, Exchange",,,,,profession,corpus_sourashtradictionary
லிந்து3,lindu,"கொடுக்கல் வாங்கல், பரிமாற்றம், பண்ட மாற்று, பரிவர்த்தனைகள்","Dealings, Exchange",,,,,profession,corpus_sourashtradictionary
லிந்து3னார்,lindunaar,பற்றுவரவு செய்கிறவன்,Accountant,,,,,profession,corpus_sourashtradictionary
ஸிம்பி3,simbi,தையல்காரர்,Tailor,,,,,profession,corpus_sourashtradictionary
ஸும்பி,sumpi,தையற்காரர்,Tailor,,,,,profession,corpus_sourashtradictionary
சித்ரகார்,citrakaar,ஓவியர்,"Painter, Artist",,,,,profession,corpus_sourashtradictionary
கௌ3னி,gauni,பாட்டு பாடுதல்,Singing,,,,,profession,corpus_sourashtradictionary
க3வ்னார்,gavnaar,பாடகர்,Singer,,,,,profession,corpus_sourashtradictionary
க3வீனு,gaveenu,பாடகர்,Singer,,,,,profession,corpus_sourashtradictionary
கவி,kavi,கவிஞர்,Poet,,,,,profession,corpus_sourashtradictionary
நசினி,nacini,"நாட்டியம், நடனம்",Dance,,,,,profession,corpus_sourashtradictionary
வௌஜினி,vaujini,"இசைத்தல், இசைக்கருவி வாசித்தல்",Playing musical instrument,,,,,profession,corpus_sourashtradictionary
ஹந்தை3து,handaitu,சமையல்காரர்,Cook,,,,,profession,corpus_sourashtradictionary
க2ட்டிகொ,khaTTiko,கசாப்புக் கடைக்காரர்,Butcher,,,,,profession,corpus_sourashtradictionary
கொத்தொ,kotto,கொத்தனார்,Mason,,,,,profession,corpus_sourashtradictionary
லௌரி,lauri,கொத்தனார்,Mason,,,,,profession,corpus_sourashtradictionary
கு2ம்பா3ர்,khumbaar,குயவன்,Potter,,,,,profession,corpus_sourashtradictionary
கொ3ல்லர்,gollar,கோனார்,"Dairyman, Milkman",,,,,profession,corpus_sourashtradictionary
கொ3ல்லர்,gollar,"இடையர், மாடு மேய்ப்பவர்",Cowherd,,,,,profession,corpus_sourashtradictionary
க3வ்ரு,gavru,"இடையர், மாடு மேய்ப்பவர்",Cowherd,,,,,profession,corpus_sourashtradictionary
கௌ3ளொ,gauLo,"இடையர், மாடு மேய்ப்பவர்",Cowherd,,,,,profession,corpus_sourashtradictionary
கொ3வ்ளொ,govLo,"இடையர், மாடு மேய்ப்பவர்",Cowherd,,,,,profession,corpus_sourashtradictionary
சொவ்ரத்தெனொ,covratteno,மேய்ப்பவர்,Shepherd,,,,,profession,corpus_sourashtradictionary
டங்க்னார்,Tangknaar,கல்தச்சன்,Stonemason,,,,,profession,corpus_sourashtradictionary
ஸொனாரு,sonaaru,"தட்டான், கம்மாளன், பொற்கொல்லர்",Goldsmith,,,,,profession,corpus_sourashtradictionary
கெஸார்,kesaar,"தட்டான், கம்மாளன், பொற்கொல்லர்",Goldsmith,,,,,profession,corpus_sourashtradictionary
க2தி3,khadi,கருமான்,Black Smith,,,,,profession,corpus_sourashtradictionary
விங்கர்,vingkar,நெசவாளர்,Weaver,,,,,profession,corpus_sourashtradictionary
ஹொடை3த்,hoDait,ஆசாரி,Carpenter,,,,,profession,corpus_sourashtradictionary
கெ4ங்க3ன்,ghenggan,எண்ணெய் வியாபாரி,"Oil Merchant, Oil Trader",,,,,profession,corpus_sourashtradictionary
பணைத்,paNait,வர்த்தகர்,"Dealer, Trader",,,,,profession,corpus_sourashtradictionary
புலிந்து3,pulindu,வியாபாரி,"Merchant, Trader",,,,,profession,corpus_sourashtradictionary
லிந்தை3து,lindaitu,வியாபாரி,"Merchant, Trader",,,,,profession,corpus_sourashtradictionary
ரத3ன்,radan,கடன் கொடுப்பவர்,"Lender, Loaner",,,,,profession,corpus_sourashtradictionary
ரினைது,rinaitu,"கடன் வாங்குபவர், கடனாளி",Debtor,,,,,profession,corpus_sourashtradictionary
ஸிகு3டொ3,siguDo,தொழில் பயில்பவர்,Apprentice,,,,,profession,corpus_sourashtradictionary
கெ3டெ3 நஸத்தெனொ,geDe nasatteno,கரகாட்டகாரன்,Folk dancer,,,,,profession,corpus_sourashtradictionary
பு3டு3பு3டா3ன்,buDubuDaan,குடுகுடுப்பைக்காரன்,Soothsayer / Pellet drummer,,,,,profession,corpus_sourashtradictionary
பு3டுபு3டுவான்,buTubuTuvaan,குடுகுடுப்பைக்காரன்,Soothsayer,,,,,profession,corpus_sourashtradictionary
கிராது,kiraatu,வேடன்,"Hunter, Predator",,,,,profession,corpus_sourashtradictionary
லூப்3து3,loobdu,வேடன்,"Hunter, Predator",,,,,profession,corpus_sourashtradictionary
பொரட்,poraT,வண்ணான்,Laundry Man,,,,,profession,corpus_sourashtradictionary
பொள்டின்,poLTin,வண்ணாத்தி,Laundry Woman,,,,,profession,corpus_sourashtradictionary
உஸுனார்,usunaar,வெளுப்பவர்,Bleaching Man,,,,,profession,corpus_sourashtradictionary
வைடே3,vaiDE,அம்பட்டன்,Male Barber,,,,,profession,corpus_sourashtradictionary
வைடி3ன்,vaiDin,அம்பட்டத்தி,Female Barber,,,,,profession,corpus_sourashtradictionary
சொட்3டொ3,coDDo,திருடன்,Male Thief,,,,,profession,corpus_sourashtradictionary
சொட்3டி3,coDDi,திருடி,Female Thief,,,,,profession,corpus_sourashtradictionary
சுங்கு3டொ3,cungguDo,திருடனின் நண்பன்,Friend of the thief,,,,,profession,corpus_sourashtradictionary
ஸின்னளி,sinnaLi,"விபச்சாரி, விலைமாது","Prostitute, Whore",,,,,profession,corpus_sourashtradictionary
ஶினாளி,ssinaaLi,"விபச்சாரி, விலைமாது","Prostitute, Whore",,,,,profession,corpus_sourashtradictionary
பொ4தி3ரின்,bhodirin,விபச்சாரி,"Prostitute, Whore",,,,,profession,corpus_sourashtradictionary
பெ4டெ3,bheDe,"கூலியாள், பணியாள்","Coolie, Servant, Labour, Labor, Worker",,,,,profession,corpus_sourashtradictionary
கரணிகொ,karaNiko,வேலைக்காரன்,"Coolie, Servant, Labour, Labor, Worker",,,,,profession,corpus_sourashtradictionary
ஹிஸ்லொ,hislo,வேலைக்காரன்,"Coolie, Servant, Labour, Labor, Worker",,,,,profession,corpus_sourashtradictionary
காம்கெர்த்தொ,kaamkertto,வேலைக்காரன்,"Coolie, Servant, Labour, Labor, Worker",,,,,profession,corpus_sourashtradictionary
த3ரி,dari,"வேலைக்காரி, பணிப்பெண்","Servant maid, Maid, Female worker",,,,,profession,corpus_sourashtradictionary
ஸஹாவி,sahaavi,உதவியாளர்,"Aide, Helper",,,,,profession,corpus_sourashtradictionary
ஸர்கார்,sarkaar,அரசு,Government,,,,,profession,corpus_sourashtradictionary
கார்யஸாலொ,kaaryasaalo,அலுவலகம்,Office,,,,,profession,corpus_sourashtradictionary
ரேம்,rEm,துறை,Department,,,,,profession,corpus_sourashtradictionary
க3ண்யுன்,gaNyun,பிரமுகர்,Respected person,,,,,profession,corpus_sourashtradictionary
அக்3ராஸனம்,agraasanam,தலைமை,Presidentship,,,,,profession,corpus_sourashtradictionary
ஸசிவ்,saciv,"மந்திரி, அமைச்சர்",Minister,,,,,profession,corpus_sourashtradictionary
அமாத்யொ,amaatyo,"மந்திரி, அமைச்சர்",Minister,,,,,profession,corpus_sourashtradictionary
முக்2ய,mukhya,"தலைமை, முதன்மை","Chief, Principal, Main, Major",,,,,profession,corpus_sourashtradictionary
மந்த்ரி,mantri,அமைச்சர்,Minister,,,,,profession,corpus_sourashtradictionary
முக்2யமந்த்ரி,mukhyamantri,முதலமைச்சர்,Chief minister,,,,,profession,corpus_sourashtradictionary
ப்ரதா4ன்மந்த்ரி,pradhaanmantri,பிரதமர்,Prime minister,,,,,profession,corpus_sourashtradictionary
கரகட்,karakaT,செய்தி தொடர்பாளர்,Spokesperson,,,,,profession,corpus_sourashtradictionary
கார்யத3ரிஸி,kaaryadarisi,செயலாளர்,Secretary,,,,,profession,corpus_sourashtradictionary
பி4மான்,bhimaan,ஈடுபாடு,Involvement,,,,,profession,corpus_sourashtradictionary
து3ட்,duT,வருமானம்,"Income, Earnings",,,,,profession,corpus_sourashtradictionary
து3டு3,duDu,சம்பாதித்தல்,Earning,,,,,profession,corpus_sourashtradictionary
து3ட3த்தெ,duDatte,சம்பாதித்தல்,Earning,,,,,profession,corpus_sourashtradictionary
தொ3டு3ஞ்ஜினி,doDunjjini,வருமானம்,"Income, Earnings",,,,,profession,corpus_sourashtradictionary
உச்லாவ்,uclaav,வருமானம்,"Income, Earnings",,,,,profession,corpus_sourashtradictionary
ஸ்ரமொ,sramo,"வருமானம், கஷ்டம்","Income, Difficulty",,,,,profession,corpus_sourashtradictionary
கிஸ்தி,kisti,நிலவரி,Land tax,,,,,profession,corpus_sourashtradictionary
க3ம்ப்னார்,gampnaar,வரி வசூலிப்பவர்,Tax collector,,,,,profession,corpus_sourashtradictionary
வஸுல் கெர்னார்,vasul kernaar,வசூலிப்பவர்,Collector,,,,,profession,corpus_sourashtradictionary
கரார்,karaar,ஒப்பந்தம்,"Agreement, Deal",,,,,profession,corpus_sourashtradictionary
ஶரத்,ssarat,நிபந்தனை,Condition,,,,,profession,corpus_sourashtradictionary
கா2ள்,khaaL,விளையாட்டு,"Game, Sports, Play",,,,,sports,corpus_sourashtradictionary
க2ளத்தெனொ,khaLatteno,விளையாடுபவர்,Player,,,,,sports,corpus_sourashtradictionary
கெ2ளாடு3,kheLaaDu,விளையாட்டு வீரர்,Sportsman,,,,,sports,corpus_sourashtradictionary
கி3ரிடு3,giriDu,விளையாட்டு வீரர்,Sportsman,,,,,sports,corpus_sourashtradictionary
கே2ளு பூய்ஞ்,khELu pooynj,"திடல், மைதானம், விளையாட்டு அரங்கம்","Playground, Stadium",,,,,sports,corpus_sourashtradictionary
பொயல்,poyal,"திடல், மைதானம்",Ground,,,,,sports,corpus_sourashtradictionary
பன்து மைதா3ன்,pantu maidaan,பந்தய மைதானம்,Race course,,,,,sports,corpus_sourashtradictionary
பன்து,pantu,போட்டி,"Competition, Contest, Race, Match",,,,,sports,corpus_sourashtradictionary
த4மினி கி3ரிடு3,dhamini giriDu,"தடகள வீரர், ஓட்டப்பந்தய வீரர்","Athlete, Sprinter, Runner",,,,,sports,corpus_sourashtradictionary
த4மினி பன்து,dhamini pantu,ஓட்டப்பந்தயம்,Running race,,,,,sports,corpus_sourashtradictionary
உஞ்சொ தரத்தெ,unjco taratte,உயரம் தாண்டுதல்,High jump,,,,,sports,corpus_sourashtradictionary
லம்பொ3 தரத்தெ,lambo taratte,நீளம் தாண்டுதல்,Long jump,,,,,sports,corpus_sourashtradictionary
ஶூல் விஸிர்னி,ssool visirni,ஈட்டி எறிதல்,Javelin throw,,,,,sports,corpus_sourashtradictionary
செக்குர் விஸிர்னி,cekkur visirni,வட்டு எறிதல்,Discus throw,,,,,sports,corpus_sourashtradictionary
திர்னி பன்து,tirni pantu,நீச்சல் போட்டி,Swimming Competion,,,,,sports,corpus_sourashtradictionary
மல்லயுத்3தொ4,mallayuddho,மல்யுத்தம்,Wrestling,,,,,sports,corpus_sourashtradictionary
முஷ்டியுத்3தொ4,mushTiyuddho,குத்துச்சண்டை,Boxsing,,,,,sports,corpus_sourashtradictionary
செண்டு3,ceNDu,பந்து,Ball,,,,,sports,corpus_sourashtradictionary
பாய்ஞ்செண்டு3,paaynjceNDu,கால்பந்து,Football,,,,,sports,corpus_sourashtradictionary
ஹாதுசெண்டு3,haatuceNDu,கைப்பந்து,Volleyball,,,,,sports,corpus_sourashtradictionary
புட்3கிசெண்டு3,puDkiceNDu,கூடைப்பந்து,Basketball,,,,,sports,corpus_sourashtradictionary
புட்3கிசெண்டு3 மைதா3ன்,puDkiceNDu maidaan,கூடைப்பந்து மைதானம்,Basketball court,,,,,sports,corpus_sourashtradictionary
பாய்ஞ்செண்டு3 மைதா3ன்,paaynjceNDu maidaan,கால்பந்து மைதானம்,Football court,,,,,sports,corpus_sourashtradictionary
பூ2லுசெண்டு3,phooluceNDu,பூப்பந்து,Ball Badminton,,,,,sports,corpus_sourashtradictionary
பிஞ்செ2செண்டு3,pinjcheceNDu,இறகுப்பந்து,Shuttlecock,,,,,sports,corpus_sourashtradictionary
மொட்டொசெண்டு3,moTToceNDu,மட்டைப்பந்து,Cricket,,,,,sports,corpus_sourashtradictionary
மொட்டொ,moTTo,மட்டை,Cricket Bat,,,,,sports,corpus_sourashtradictionary
மொட்டொசெண்டு3 மைதா3ன்,moTToceNDu maidaan,மட்டைப்பந்து மைதானம்,Cricket Ground,,,,,sports,corpus_sourashtradictionary
பூ4ய்ஞ்க2ட்டி,bhooynjkhaTTi,அடிக்கட்டை,Stump,,,,,sports,corpus_sourashtradictionary
சதுரங்கொ3,caturanggo,சதுரங்கம்,Chess,,,,,sports,corpus_sourashtradictionary
சதுரங்கொ3 பட்டொ,caturanggo paTTo,சதுரங்க பலகை,Chess board,,,,,sports,corpus_sourashtradictionary
க்ரிஸ்து பைடி3,kristu paiDi,பிஷப்,Bishop,,,,,sports,corpus_sourashtradictionary
ஶிப்பாய்,ssippaay,சிப்பாய்,Pawn,,,,,sports,corpus_sourashtradictionary
கொ4டா3 ஶிப்பாய்,ghoDaa ssippaay,குதிரை வீரர்,Knight,,,,,sports,corpus_sourashtradictionary
வகுண்டொ லைடொ3,vakuNTo laiDo,வளைதடி,Hockey,,,,,sports,corpus_sourashtradictionary
லைடொ3செண்டு3,laiDoceNDu,கழிபந்து,Baseball,,,,,sports,corpus_sourashtradictionary
சீடு3 கா2ள்,ceeDu khaaL,சீட்டாட்டம்,Card game,,,,,sports,corpus_sourashtradictionary
ஒலாசெண்டு3,olaaceNDu,வலைப்பந்து,Tennis,,,,,sports,corpus_sourashtradictionary
மேஜொசெண்டு3,mEjoceNDu,மேசைபந்து,Table tennis,,,,,sports,corpus_sourashtradictionary
மிட்டினி கா2ள்,miTTini khaaL,கேரம்,Carrom,,,,,sports,corpus_sourashtradictionary
மிட்டினி பொல்கொ,miTTini polko,கேரம் ஆட்டப்பலகை,Carrom Board,,,,,sports,corpus_sourashtradictionary
கலொ கைலொ,kalo kailo,கறுப்புக்காய்,Black coin,,,,,sports,corpus_sourashtradictionary
ஹுஜால் கைலொ,hujaal kailo,வெள்ளைக்காய்,White coin,,,,,sports,corpus_sourashtradictionary
ரணி கைலொ,raNi kailo,சிவப்புக்காய்,"Red coin, Queen coin",,,,,sports,corpus_sourashtradictionary
மிட்டி கைலொ,miTTi kailo,தளவட்டம்,Striker,,,,,sports,corpus_sourashtradictionary
பொல்கா கொ2ள்டி,polkaa khoLTi,பலகைப்பை,Carrom board pocket,,,,,sports,corpus_sourashtradictionary
ஹின்னொ ஜி2ர்க்கினி,hinno jhirkkini,பனிச்சறுக்கு,Skating,,,,,sports,corpus_sourashtradictionary
கெளி ஜி2ர்க்கினி,keLi jhirkkini,உருளைச்சறுக்கு,Roller Skating,,,,,sports,corpus_sourashtradictionary
கப3டி3,kabaDi,"சடுகுடு, கபடி",Kabadi,,,,,sports,corpus_sourashtradictionary
த4மி த4மி,dhami dhami,கோ கோ,Kho kho,,,,,sports,corpus_sourashtradictionary
பரமபதம்,paramapatam,பரமபதம்,Snakes and Ladders,,,,,sports,corpus_sourashtradictionary
சார்பதொ3,caarpado,பகடை விளையாட்டு,Ludo,,,,,sports,corpus_sourashtradictionary
பா2ஸொ,phaaso,பகடை,Dice,,,,,sports,corpus_sourashtradictionary
கொவ்டொ3,kovDo,சோழி,Cowry Shell,,,,,sports,corpus_sourashtradictionary
த4ன ப4ந்தி3னி,dhana bhandini,சூதாடுதல்,Betting,,,,,sports,corpus_sourashtradictionary
பணொ,paNo,பந்தயம்,Bet,,,,,sports,corpus_sourashtradictionary
ஸூது3 கா2ள்,soodu khaaL,சீட்டாடுதல்,Playing Cards,,,,,sports,corpus_sourashtradictionary
ஸஸ்னி,sasni,சாகசம்,Adventure,,,,,sports,corpus_sourashtradictionary
ஜெயம்,jeyam,வெற்றி,"Success, Victory, Win, Triump, Godspeed",,,,,sports,corpus_sourashtradictionary
ஜீக்3,jeeg,வெற்றி,"Success, Victory, Win, Triump, Godspeed",,,,,sports,corpus_sourashtradictionary
ஜிக்3னி,jigni,வெற்றி,"Success, Victory, Win, Triump, Godspeed",,,,,sports,corpus_sourashtradictionary
ஜெவுஞ்ஜினி,jevunjjini,"ஜெயித்தல், வெல்லுதல்","Win, Winning, Conquer, Conquest",,,,,sports,corpus_sourashtradictionary
ஜெவுஞ்சத்தெ,jevunjcatte,"ஜெயித்தல், வெல்லுதல்","Win, Winning, Conquer, Conquest",,,,,sports,corpus_sourashtradictionary
ஜெவுஞ்சத்தெனொ,jevunjcatteno,வெற்றி பெற்றவர்,Winner,,,,,sports,corpus_sourashtradictionary
ஒட்னி,oTni,"தோல்வி, இழத்தல்","Failure , Defeat, Beat , Lost",,,,,sports,corpus_sourashtradictionary
ஒட3த்தெ,oDatte,"தோற்று போதல், தோற்றல், இழத்தல்","Lose, Defeated, Beat",,,,,sports,corpus_sourashtradictionary
ஒட3த்தெனொ,oDatteno,தோற்றவர்,Loser,,,,,sports,corpus_sourashtradictionary
தி3வ்வஸ்தானொ,divvastaano,இரண்டாம் இடம் பெற்றவர்,Runner up,,,,,sports,corpus_sourashtradictionary
ஹாத் ஸோட் / ஸொடு3வொ,haat sOT / soDuvo,கைவிடு,Abandon,,,,,verb,corpus_sourashtradictionary
அனுஸரணொ கேர் / கெருவொ,anusaraNo kEr / keruvo,பின்பற்று,Abide,,,,,verb,corpus_sourashtradictionary
"கி3ரகி3ஞ்சி, கி3ரகி3ஞ்சுவொ","giraginjci, giraginjcuvo",உறிஞ்சு,Absorb,,,,,verb,corpus_sourashtradictionary
"ஜு2ர், ஜு2ருவொ","jhur, jhuruvo",உறிஞ்சு,Absorb,,,,,verb,corpus_sourashtradictionary
து3ஷ்ப்ரயோக்3 கேர் / கெருவொ,dushprayOg kEr / keruvo,தவறாக பயன்படுத்து,Abuse,,,,,verb,corpus_sourashtradictionary
"ஒப்பிளெ, ஒப்புளுவொ","oppiLe, oppuLuvo","ஏற்றுக்கொள், ஒப்புக்கொள்","Accept, Confess",,,,,verb,corpus_sourashtradictionary
ஸெங்கொ3 ஜா / ஜவொ,senggo jaa / javo,உடன் செல்,Accompany,,,,,verb,corpus_sourashtradictionary
ஸாத்4யகெரி தெ3க்காட் / தெ3க்கடு3வொ,saadhyakeri dekkaaT / dekkaDuvo,சாதித்து காட்டு,Achieve,,,,,verb,corpus_sourashtradictionary
"மீள், மிளுவொ","meeL, miLuvo",கூட்டு,Add,,,,,verb,corpus_sourashtradictionary
அனுஸரணொ கேர் / கெருவொ,anusaraNo kEr / keruvo,பின்பற்று,Adhere,,,,,verb,corpus_sourashtradictionary
"தெ3ஸில்லெ, தெ3ஸுல்லுவொ","desille, desulluvo",ஒட்டிக்கொள்,Adhere,,,,,verb,corpus_sourashtradictionary
ஸெர்க்க கேர் / கெருவொ,serkka kEr / keruvo,சரி செய்,Adjust,,,,,verb,corpus_sourashtradictionary
"சேட், செடு3வொ","cET, ceDuvo",முன்னேறு,Advance,,,,,verb,corpus_sourashtradictionary
"ஒப்பிளெ, ஒப்புளுவொ","oppiLe, oppuLuvo","உடன்படு, ஒப்புக்கொள்","Agree, Confess",,,,,verb,corpus_sourashtradictionary
"ஹுத்திர், ஹுத்துருவொ","huttir, hutturuvo",இறங்கு,Alight,,,,,verb,corpus_sourashtradictionary
"ஹள்சி, ஹள்சுவொ","haLci, haLcuvo",அலசு,Analyze,,,,,verb,corpus_sourashtradictionary
"லாவ், லவொ","laav, lavo","இடு, போடு, பூசு",Apply,,,,,verb,corpus_sourashtradictionary
விஞ்ஞாபனொ கேர் / கெருவொ,vinjnjaapaneaa kEr / keruvo,விண்ணப்பி,Apply,,,,,verb,corpus_sourashtradictionary
தா3வொ கேர் / கெருவொ,daavo kEr / keruvo,வாதிடு,Argue,,,,,verb,corpus_sourashtradictionary
"ஸெந்தி3, ஸெந்து3வொ","sendi, senduvo",ஒழுங்காய் வை,Arrange,,,,,verb,corpus_sourashtradictionary
பஜெந்தய காம் கேர் / கெருவொ,pajentaya kaam kEr / keruvo,ஏற்பாடு செய்,Arrange,,,,,verb,corpus_sourashtradictionary
அவி சேர் / செருவொ,avi cEr / ceruvo,வந்துசேர்,Arrive,,,,,verb,corpus_sourashtradictionary
"மாய், மகொ3","maay, mago",கேள்,Ask,,,,,verb,corpus_sourashtradictionary
"பூஸ், புஸுவொ","poos, pusuvo",கேள்,Ask,,,,,verb,corpus_sourashtradictionary
"ஒர்கி3, ஒர்கு3வொ","orgi, orguvo",சாய்ந்துகொள்,Askew,,,,,verb,corpus_sourashtradictionary
பெ3து3ராட் / பெ3து3ரடு3வொ,beduraaT / beduraDuvo,பிரமிக்கச் செய்,Astonish,,,,,verb,corpus_sourashtradictionary
"தெ3வ்ஸி, தெ3வ்ஸுவொ","devsi, devsuvo",ஒட்டு,Attach,,,,,verb,corpus_sourashtradictionary
"திர்ச்சி, திர்ச்சுவொ","tircci, tirccuvo",பேரம் பேசு,Bargain,,,,,verb,corpus_sourashtradictionary
"உஸ்கி, உஸ்குவொ","uski, uskuvo",குரை,Bark,,,,,verb,corpus_sourashtradictionary
"ர்ஹா, ர்ஹவொ","rhaa, rhavo",இரு,Be,,,,,verb,corpus_sourashtradictionary
"ஹான், ஹனுவொ","haan, hanuvo","அடி, தாக்கு","Beat, Attack",,,,,verb,corpus_sourashtradictionary
"ஶிங்கா3ர், ஶிங்க3ருவொ","ssinggaar, ssinggaruvo",அழகுபடுத்து,Beautify,,,,,verb,corpus_sourashtradictionary
"பீ4க் மாய், பீ4க் மகொ3","bheek maay, bheek mago",பிச்சை எடு,Beg,,,,,verb,corpus_sourashtradictionary
"ஜேன், ஜெனுவொ","jEn, jenuvo","பெறு, பெற்றெடு",Beget,,,,,verb,corpus_sourashtradictionary
ஹர்ம்பம் கேர் / கெருவொ,harmpam kEr / keruvo,"தொடங்கு, ஆரம்பி",Begin,,,,,verb,corpus_sourashtradictionary
"சல்லெ, சல்லுவொ","calle, calluvo",நடந்துகொள்,Behave,,,,,verb,corpus_sourashtradictionary
"சல்தகெர்லெ, சல்தகெர்லுவொ","caltakerle, caltakerluvo",நடந்துகொள்,Behave,,,,,verb,corpus_sourashtradictionary
"நொம்மி, நொம்முவொ","nommi, nommuvo",நம்பு,Believe,,,,,verb,corpus_sourashtradictionary
வகுண்டொ கேர் / கெருவொ,vakuNTo kEr / keruvo,வளை,Bend,,,,,verb,corpus_sourashtradictionary
"லிவ்வி, லிவ்வுவொ","livvi, livvuvo",பின்புறமாக வளை,Bend backwardly,,,,,verb,corpus_sourashtradictionary
"சாவ், சவொ","caav, cavo",கடி,Bite,,,,,verb,corpus_sourashtradictionary
சூக் ஸங்கி3 / ஸங்கு3வொ,cook sanggi / sangguvo,குறை கூறு,Blame,,,,,verb,corpus_sourashtradictionary
"மிஸ்கி, மிஸ்குவொ","miski, miskuvo",சிமிட்டு,Blink,,,,,verb,corpus_sourashtradictionary
"பூ2லி, பு2லுவொ","phooli, phuluvo",மலரு,Blossom,,,,,verb,corpus_sourashtradictionary
"பூ2வ், பு2வொ","phoov, phuvo",ஊது,Blow,,,,,verb,corpus_sourashtradictionary
"தப்பாட், தப்படு3வொ","tappaaT, tappaDuvo",கொதிக்கவை,Boil,,,,,verb,corpus_sourashtradictionary
"ஸிஜ்ஜா2ட், ஸிஜ்ஜடு3வொ","sijjhaaT, sijjaDuvo",வேகவை,Boil it,,,,,verb,corpus_sourashtradictionary
ஸிவ்ஜி / ஸிவ்ஜுவொ,sivji / sivjuvo,வேகவை,Boil it,,,,,verb,corpus_sourashtradictionary
புட்டொ ம்ஹொடொ3 கேர் / கெருவொ,puTTo mhoDo kEr / keruvo,துளையை பெரிதாக்கு,Bore,,,,,verb,corpus_sourashtradictionary
"உஷில், உஷுலுவொ","ushil, ushuluvo","எகிறு, துள்ளிக் குதி",Bounce,,,,,verb,corpus_sourashtradictionary
"கு3ம்பி, கு3ம்புவொ","gumpi, gumpuvo",பின்னு,Braid,,,,,verb,corpus_sourashtradictionary
"மோட், மொடு3வொ","mOT, moDuvo","முறி, துண்டாக்கு",Break,,,,,verb,corpus_sourashtradictionary
"போ2ட்3, பொ2டு3வொ","phOD, phoDuvo",(இரண்டாக) உடை,"Break, Demolish, Perish",,,,,verb,corpus_sourashtradictionary
ஸுவாஸம் கேர் / கெருவொ,suvaasam kEr / keruvo,மூச்சு விடு,Breathe,,,,,verb,corpus_sourashtradictionary
"ஆன், அனொ, அனுவொ","aan, ano, anuvo",கொண்டு வா,Bring,,,,,verb,corpus_sourashtradictionary
"லேத் ஆன், லேத் அனுவொ","lEt aan, lEt anuvo",கொண்டு வா,Bring,,,,,verb,corpus_sourashtradictionary
"மஞ்ஜி, மஞ்ஜுவொ","manjji, manjjuvo","துலக்கு, தேய்",Brush,,,,,verb,corpus_sourashtradictionary
"ஸொவ்ண்டாட், ஸொவ்ண்ட3டு3வொ","sovNTaaT, sovNDaDuvo",மாட்டு,Buckle,,,,,verb,corpus_sourashtradictionary
"ப4ந்தி3, ப4ந்து3வொ","bhandi, bhanduvo",கட்டு,Build,,,,,verb,corpus_sourashtradictionary
"பு2க்3கி3, பு2க்3கு3வொ","phuggi, phugguvo","உப்பு, வீங்கு.",Bulge,,,,,verb,corpus_sourashtradictionary
"தி4க்கி, தி4க்குவொ","dhikki, dhikkuvo","முட்டு, மோது",Bump,,,,,verb,corpus_sourashtradictionary
"ஜேள், ஜெளுவொ","jEL, jeLuvo",எரி,Burn,,,,,verb,corpus_sourashtradictionary
தெ3கா3ர் தே3 / தெ3வொ,degaar dE / devo,ஏப்பம் விடு,Burp,,,,,verb,corpus_sourashtradictionary
ஹுடு3ஞ்ஜி போட் / பொடு3வொ,huDunjji pOT / poDuvo,எரிந்து விழு,Burst with irritation,,,,,verb,corpus_sourashtradictionary
"விஸி போட், விஸி பொடு3வொ","visi pOT, visi poDuvo",எரிந்து விழு,Burst with irritation,,,,,verb,corpus_sourashtradictionary
"கா3ட், க3டு3வொ","gaaT, gaDuvo",புதை,Bury,,,,,verb,corpus_sourashtradictionary
"கா2ட், க2டு3வொ","khaaT, khaDuvo",வாங்கு,Buy,,,,,verb,corpus_sourashtradictionary
"ஜீலி ஆவ், ஜீலி அவொ","jeeli aav, jeeli avo",சென்று வா,Bye-Bye,,,,,verb,corpus_sourashtradictionary
ல்ஹெக்கொ தாய் / தவொ,lhekko taay / tavo,"கணக்கிடு, மதிப்பிடு","Calculate, Estimate",,,,,verb,corpus_sourashtradictionary
"போ3வ், பொ3வொ","bOv, bovo","அழை, கூப்பிடு","Call, Invite",,,,,verb,corpus_sourashtradictionary
முஸை,musai,முடியும்,"Can, Could",,,,,verb,corpus_sourashtradictionary
ரத்3து3 கேர் / கெருவொ,raddu kEr / keruvo,ரத்து செய்,Cancel,,,,,verb,corpus_sourashtradictionary
முஸுனா,musunaa,முடியாது,"Cannot, Can not, Can't, Couldn't, Could not",,,,,verb,corpus_sourashtradictionary
தெவ்டி3 தே3 / தெ3வொ,tevDi dE / devo,"அன்புடன் தடவிக்கொடு, வருடு","Caress, Stroke gently",,,,,verb,corpus_sourashtradictionary
"க2ல்லி ஜா, க2ல்லி ஜவொ","khalli jaa, khalli javo",எடுத்துச் செல்,Carry,,,,,verb,corpus_sourashtradictionary
பில்லாக் பொ3ல்லெ / பொ3ல்லுவொ,pillaak bolle / bolluvo,குழந்தையை தூக்கு,Carry,,,,,verb,corpus_sourashtradictionary
"டங்கி, டங்குவொ","Tangki, Tangkuvo",செதுக்கு,Carve,,,,,verb,corpus_sourashtradictionary
"தேர், தெ4ருவொ","tEr, dheruvo",பிடி,Catch,,,,,verb,corpus_sourashtradictionary
ஹிப்பி3 ர்ஹவாட் / ர்ஹவடு3வொ,hipbi rhavaaT / rhavaDuvo,நிறுத்து,Cease,,,,,verb,corpus_sourashtradictionary
"மாட், மடு3வொ","maaT, maDuvo",கொண்டாடு,Celebrate,,,,,verb,corpus_sourashtradictionary
"மர்ச்சி, மர்ச்சுவொ","marcci, marccuvo",மாற்று,"Change, Replace, Switch on",,,,,verb,corpus_sourashtradictionary
"தெர்மி, தெர்முவொ","termi, termuvo",விரட்டு,Chase,,,,,verb,corpus_sourashtradictionary
"எச்சாட், எச்சடு3வொ","eccaaT, eccaDuvo",ஏமாற்று,Cheat,,,,,verb,corpus_sourashtradictionary
"சொம்சி, சொம்சுவொ","comci, comcuvo",மெல்லு,Chew,,,,,verb,corpus_sourashtradictionary
"சூவ், சுவொ","coov, cuvo",மெல்லு,Chew,,,,,verb,corpus_sourashtradictionary
"சொவுஞ்சி, சொவுஞ்சுவொ","covunjci, covunjcuvo",மெல்லு,Chew,,,,,verb,corpus_sourashtradictionary
"செக்கி, செக்குவொ","cekki, cekkuvo",வெட்டு,Chop,,,,,verb,corpus_sourashtradictionary
"கு3ஸில், கு3ஸுலுவொ","gusil, gusuluvo",(தயிர்) கடை,Churn (curd),,,,,verb,corpus_sourashtradictionary
"கா4ட், க4டு3வொ","ghaaT, ghaDuvo",(பருப்பு) கடை,Churn (dhal),,,,,verb,corpus_sourashtradictionary
ஸுத்3த4ம் கேர் / கெருவொ,suddham kEr / keruvo,சுத்தம் செய்,Clean,,,,,verb,corpus_sourashtradictionary
"ஹிங்கி3, ஹிங்கு3வொ","hinggi, hingguvo",ஏறு,Climb,,,,,verb,corpus_sourashtradictionary
"ஜா2ய், ஜ2வொ","jhaay, jhavo",மூடு,Close,,,,,verb,corpus_sourashtradictionary
"அடாட், அடடு3வொ","aTaaT, aTaDuvo","சுண்டச்செய், கெட்டியாக்கு",Coagulate,,,,,verb,corpus_sourashtradictionary
தொஸ்கொ ஒர்ப்பி / ஒர்ப்புவொ,tosko orppi / orppuvo,தலை வாரு,Comb,,,,,verb,corpus_sourashtradictionary
"ஆவ், அவொ","aav, avo",வா,Come,,,,,verb,corpus_sourashtradictionary
ஹர்ம்பம் கேர் / கெருவொ,harmpam kEr / keruvo,"தொடங்கு, ஆரம்பி",Commence,,,,,verb,corpus_sourashtradictionary
"ஜோவ், ஜொவொ","jOv, jovo","ஒப்பிடு, எடைபோடு",Compare,,,,,verb,corpus_sourashtradictionary
ஸொடி3 தே4ர் / தெ4ருவொ,soDi dhEr / dheruvo,விட்டுக்கொடு,Compromise,,,,,verb,corpus_sourashtradictionary
"யோக்3 கேர், யோக்3 கெருவொ","yOg kEr, yOg keruvo",ஒருநிலைப்படுத்து,Concentrate,,,,,verb,corpus_sourashtradictionary
சல்தொ கேர் / கெருவொ,calto kEr / keruvo,நடத்து,Conduct,,,,,verb,corpus_sourashtradictionary
"ஜெவுஞ்சி, ஜெவுஞ்சுவொ","jevunjci, jevunjcuvo",வெற்றிகொள்,Conquer,,,,,verb,corpus_sourashtradictionary
"மிள்வி, மிள்வுவொ","miLvi, miLvuvo",ஒன்றுசேர்,Consolidate,,,,,verb,corpus_sourashtradictionary
"ஸெராட், ஸெரடு3வொ","seraaT, seraDuvo",செலவழி,Consume,,,,,verb,corpus_sourashtradictionary
வடொ தே3 / தெ3வொ,vaTo dE / devo,பங்கைக் கொடு,Contribute,,,,,verb,corpus_sourashtradictionary
"அண்சி, அண்சுவொ","aNci, aNcuvo","அடக்கு, கட்டுப்படுத்து",Control,,,,,verb,corpus_sourashtradictionary
"ஹந்தி3, ஹந்து3வொ","handi, handuvo",சமை,Cook,,,,,verb,corpus_sourashtradictionary
"நிவாட், நிவடு3வொ","nivaaT, nivaDuvo","ஆற்று, சூடாற்று",Cool,,,,,verb,corpus_sourashtradictionary
"கொ2வ்லி, கொ2வ்லுவொ","khovli, khovluvo",இருமு,Cough,,,,,verb,corpus_sourashtradictionary
"மொவ்ஜி, மொவ்ஜுவொ","movji, movjuvo","எண்ணு, அள","Count, Measure",,,,,verb,corpus_sourashtradictionary
"ஜா2ய், ஜ2வொ","jhaay, jhavo",மூடு,Cover,,,,,verb,corpus_sourashtradictionary
"தி4க்கி, தி4க்குவொ","dhikki, dhikkuvo","மோது, இடி",Crash,,,,,verb,corpus_sourashtradictionary
கொ4ணங்கொ4ணாய் கா2ள் / க2ளுவொ,ghoNangghoNaay khaaL / khaLuvo,தவழ்,Crawl,,,,,verb,corpus_sourashtradictionary
ஸ்ருஷ்டி கேர் / கெருவொ,srushTi kEr / keruvo,உருவாக்கு,Create,,,,,verb,corpus_sourashtradictionary
"தா4ரொ கா4ல், தா4ரொ க4லுவொ","dhaaro ghaal, dhaaro ghaluvo",தகனம் செய்,Cremate,,,,,verb,corpus_sourashtradictionary
"லங்கி3, லங்கு3வொ","langgi, langguvo","தாண்டு, கட",Cross over,,,,,verb,corpus_sourashtradictionary
"தா3ட், த3டு3வொ","daaT, daDuvo","தாண்டு, கட",Cross over,,,,,verb,corpus_sourashtradictionary
"பிஸ்கி, பிஸ்குவொ","piski, piskuvo",கசக்கு,Crush,,,,,verb,corpus_sourashtradictionary
"நெஸ்கி, நெஸ்குவொ","neski, neskuvo",நசுக்கு,Crush,,,,,verb,corpus_sourashtradictionary
"ரோட், ரொடு3வொ","rOT, roDuvo",அழு,Cry,,,,,verb,corpus_sourashtradictionary
பீகு கா4ல் / க4லுவொ,peeku ghaal / ghaluvo,"பயிரிடு, விதையிடு",Cultivate,,,,,verb,corpus_sourashtradictionary
"காட், கடு3வொ","kaaT, kaDuvo",அறு,Cut,,,,,verb,corpus_sourashtradictionary
"நாஸ், நஸுவொ","naas, nasuvo",ஆடு,Dance,,,,,verb,corpus_sourashtradictionary
"எச்சாட், எச்சடு3வொ","eccaaT, eccaDuvo",ஏமாற்று,Deceive,,,,,verb,corpus_sourashtradictionary
நிஸ்கணொ கேர் / கெருவொ,niskaNo kEr / keruvo,முடிவெடு,Decide,,,,,verb,corpus_sourashtradictionary
முருக3ன் தாய் / தவொ,murugan taay / tavo,அழுகச் செய்,Decompose,,,,,verb,corpus_sourashtradictionary
தொ3ப்3பி3 தோ2வ் / தொ2வொ,dobbi thOv / thovo,ஒத்திவை,Defer,,,,,verb,corpus_sourashtradictionary
"நாஸ், நஸுவொ","naas, nasuvo",அழி,Delete,,,,,verb,corpus_sourashtradictionary
ஆஸ்தொ போட் / பொடு3வொ,aasto pOT / poDuvo,ஆசைப்படு,Desire,,,,,verb,corpus_sourashtradictionary
ரோஸ் / ரொஸுவொ,rOs / rosuvo,ஒருவரை வெறு,Despise,,,,,verb,corpus_sourashtradictionary
"நாஸ், நஸுவொ","naas, nasuvo",அழி,"Destroy, Demolish, Perish",,,,,verb,corpus_sourashtradictionary
"மோர், மொருவொ","mOr, moruvo",சாகு,Die,,,,,verb,corpus_sourashtradictionary
"கா2ன், க2னுவொ","khaan, khanuvo",குழி வெட்டு,Dig,,,,,verb,corpus_sourashtradictionary
"கொவ்ரி, கொவ்ருவொ","kovri, keaavruvo",தோண்டு,Dig,,,,,verb,corpus_sourashtradictionary
"பூ3ட், பு3டு3வொ","booT, buDuvo",(தலை) முழுகு,Dip (Head),,,,,verb,corpus_sourashtradictionary
"பு3வ்டி3, பு3வ்டு3வொ","buvDi, buvDuvo","நனை, அமிழ்த்து, நீரில் அமிழ்த்து, தோய்",Dip,,,,,verb,corpus_sourashtradictionary
"சொல்லி, சொல்லுவொ","colli, colluvo",தெளி,Disperse,,,,,verb,corpus_sourashtradictionary
"லூன், லுனுவொ","loon, lunuvo",வீணாக்கு,Dissipate,,,,,verb,corpus_sourashtradictionary
செவ்டி3 ஸோட் / ஸொடு3வொ,cevDi sOT / soDuvo,விரோதமாக புத்தி கூறு,Dissuade,,,,,verb,corpus_sourashtradictionary
"நிவ்ரி, நிவ்ருவொ","nivri, nivruvo",சமமாக விநியோகி,Distribute equally,,,,,verb,corpus_sourashtradictionary
ஹிம்ஸ கேர் / கெருவொ,himsa kEr / keruvo,தொந்தரவு செய்,Disturb,,,,,verb,corpus_sourashtradictionary
"கேர், கெருவொ","kEr, keruvo",செய்,Do,,,,,verb,corpus_sourashtradictionary
"மாட், மடு3வொ","maaT, maDuvo",நடத்து / செய்,Do,,,,,verb,corpus_sourashtradictionary
தா3ன் தே3 / தெ3வொ,daan dE / devo,நன்கொடையளி,Donate,,,,,verb,corpus_sourashtradictionary
"ம்ஹொவ்லி, ம்ஹொவ்லுவொ","mhovli, mhovluvo",அணை,Douse,,,,,verb,corpus_sourashtradictionary
"ஒட்சி, ஒட்சுவொ","oTci, oTcuvo",வடிகட்டு,Drain,,,,,verb,corpus_sourashtradictionary
"நித்ராட்3, நித்ரடு3வொ","nitraaD, nitraDuvo",தண்ணீரை வடிகட்டு,Drain water,,,,,verb,corpus_sourashtradictionary
"கீ3ர், கி3ருவொ","geer, giruvo",வரை,Draw,,,,,verb,corpus_sourashtradictionary
முக்3கு3 தாய் / தவொ,muggu taay / tavo,கோலம் போடு,Draw Kolam,,,,,verb,corpus_sourashtradictionary
பனி செந்தி3 / செந்து3வொ,pani cendi / cenduvo,தண்ணீர் இறை,Draw water,,,,,verb,corpus_sourashtradictionary
"பி3ஜ்ஜி, பி3ஜ்ஜுவொ","bijji, bijjuvo",நனை,Drench,,,,,verb,corpus_sourashtradictionary
"பி2ல்லெ, பி2ல்லுவொ","phille, philluvo",உடுத்து,Dress,,,,,verb,corpus_sourashtradictionary
புட்டொ தாய் / தவொ,puTTo taay / tavo,துளையிடு,Drill,,,,,verb,corpus_sourashtradictionary
"பே, பெவொ","pE, pevo","பருகு, குடி",Drink,,,,,verb,corpus_sourashtradictionary
"தொ3வ்டி3, தொ3வ்டு3வொ","dovDi, dovDuvo","ஓட்டு, விரட்டு",Drive,,,,,verb,corpus_sourashtradictionary
கா2ல் தாய் / தவொ,khaal taay / tavo,கீழே போடு,Drop,,,,,verb,corpus_sourashtradictionary
"ஸுக்காட், ஸுக்கடு3வொ","sukkaaT, sukkaDuvo",உலர்த்து,Drop,,,,,verb,corpus_sourashtradictionary
ஹுங்கி3 தூ4ள் / து4ளுவொ,hunggi dhooL / dhuLuvo,தூங்கி வழி,Drowse,,,,,verb,corpus_sourashtradictionary
"தொ3டு3ஞ்ஜி, தொ3டு3ஞ்ஜுவொ","doDunjji, doDunjjuvo",சம்பாதி,Earn,,,,,verb,corpus_sourashtradictionary
"ஜுட்3டி3, ஜுட்3டு3வொ","juDDi, juDDuvo",சம்பாதி,Earn,,,,,verb,corpus_sourashtradictionary
"கா2, க2வொ","khaa, khavo","சாப்பிடு, உண்ணு",Eat,,,,,verb,corpus_sourashtradictionary
"ஜேம், ஜெமுவொ","jEm, jemuvo","சாப்பிடு, உண்ணு",Eat,,,,,verb,corpus_sourashtradictionary
விஸ்தார்கன் ஸங்கி3 / ஸங்கு3வொ,vistaarkan sanggi / sangguvo,விரிவாக கூறு,Elaborate,,,,,verb,corpus_sourashtradictionary
ஹர்ம்ப3ம் கேர் / கெருவொ,harmbam kEr / keruvo,தொடங்கு,Embark,,,,,verb,corpus_sourashtradictionary
உத்ஸாஹ் கேர் / கெருவொ,utsaah kEr / keruvo,ஊக்குவி,"Encourage, Motivate",,,,,verb,corpus_sourashtradictionary
"ஆக்ரமிஞ்சி, ஆக்ரமிஞ்சுவொ","aakraminjci, aakraminjcuvo",அத்துமீறி பயன்படுத்து,Encroach,,,,,verb,corpus_sourashtradictionary
"பொந்தி3, பொந்து3வொ","pondi, ponduvo",அனுபவி,Endure,,,,,verb,corpus_sourashtradictionary
"ஸெகு3ஞ்சிலெ, ஸெகு3ஞ்சுலுவொ","segunjcile, segunjculuvo",தாங்கிக்கொள்,Endure,,,,,verb,corpus_sourashtradictionary
"ஸுக்குளிஞ்ஜி, ஸுக்குளிஞ்ஜுவொ","sukkuLinjji, sukkuLinjjuvo",உல்லாசமாய் இரு,Enjoy,,,,,verb,corpus_sourashtradictionary
ம்ஹொடொ3 கேர் / கெருவொ,mhoDo kEr / keruvo,பெரிதாக்கு,Enlarge,,,,,verb,corpus_sourashtradictionary
"தூர், துருவொ","toor, turuvo",நுழை,Enter,,,,,verb,corpus_sourashtradictionary
"நாஸ், நஸுவொ","naas, nasuvo",அழி,Erase,,,,,verb,corpus_sourashtradictionary
"தொவுஞ்சி, தொவுஞ்சுவொ","tovunjci, tovunjcuvo","தப்பு, விலகி ஓடு",Escape,,,,,verb,corpus_sourashtradictionary
"ப்ரதி3ஸ், ப்ரதி3ஸுவொ","pradis, pradisuvo",நிறுவு,Establish,,,,,verb,corpus_sourashtradictionary
"ஸ்தா2பிஞ்சி, ஸ்தா2பிஞ்சுவொ","sthaapinjci, sthaapinjcuvo",நிறுவு,Establish,,,,,verb,corpus_sourashtradictionary
"க3ணிஞ்சி, க3ணிஞ்சுவொ","gaNinjci, gaNinjcuvo",மதிப்பிடு,Estimate,,,,,verb,corpus_sourashtradictionary
அப்4யாஸ் கேர் / கெருவொ,abhyaas kEr / keruvo,பழக்கு,Exercise,,,,,verb,corpus_sourashtradictionary
"வெது3ர்ஸா, வெது3ர்ஸவொ","vedursaa, vedursavo",எதிர்பார்,Expect,,,,,verb,corpus_sourashtradictionary
"செட்3வி, செட்3வொ","ceDvi, ceDvo",ஏற்றுமதி செய்,Export,,,,,verb,corpus_sourashtradictionary
ஹிங்கா3டு3 கேர் / கெருவொ,hinggaaDu kEr / keruvo,ஏற்றுமதி செய்,Export,,,,,verb,corpus_sourashtradictionary
லம்ப3 கேர் / கெருவொ,lamba kEr / keruvo,நீட்டு,Extend,,,,,verb,corpus_sourashtradictionary
"ம்ஹொவ்லி, ம்ஹொவ்லுவொ","mhovli, mhovluvo",அணை,Extinguish,,,,,verb,corpus_sourashtradictionary
"போட்3, பொடு3வொ","pOD, poDuvo",விழு,Fall,,,,,verb,corpus_sourashtradictionary
"வவ்ரி, வவ்ருவொ","vavri, vavruvo",விசிறு,Fan,,,,,verb,corpus_sourashtradictionary
"ப4ந்தி3, ப4ந்து3வொ","bhandi, bhanduvo",கட்டு,Fasten,,,,,verb,corpus_sourashtradictionary
க2வ்னம் தே3 / தெ3வொ,khavnam dE / devo,உணவளி,Feed,,,,,verb,corpus_sourashtradictionary
"க2வாட், கவடு3வொ","khavaaT, kavaDuvo",ஊட்டு,Feed,,,,,verb,corpus_sourashtradictionary
"மல்லெ, மல்லுவொ","malle, malluvo",சண்டையிடு,Fight,,,,,verb,corpus_sourashtradictionary
"பொ4ர்வி, பொ4ருவொ","bhorvi, bhoruvo",நிரப்பு,Fill,,,,,verb,corpus_sourashtradictionary
"பொ4வ்ரி, பொ4வ்ருவொ","bhovri, bhovruvo",நிரப்பு,Fill,,,,,verb,corpus_sourashtradictionary
"ருப்பி, ருப்புவொ","ruppi, ruppuvo",நிரப்பு,Fill,,,,,verb,corpus_sourashtradictionary
"ஒட்சி, ஒட்சுவொ","oTci, oTcuvo",வடிகட்டு,Filter,,,,,verb,corpus_sourashtradictionary
"வேள், வெளுவொ","vEL, veLuvo",வடி,"Filter, Strain",,,,,verb,corpus_sourashtradictionary
தெ3க்கி தே3ர் / தெ4ருவொ,dekki dEr / dheruvo,கண்டுபிடி,"Find, Discover",,,,,verb,corpus_sourashtradictionary
"முஸாட், முஸடு3வொ","musaaT, musaDuvo",முடி,Finish,,,,,verb,corpus_sourashtradictionary
ஸெர்க்க கேர் / கெருவொ,serkka kEr / keruvo,சரி செய்,Fix,,,,,verb,corpus_sourashtradictionary
"பூல், புலுவொ","pool, puluvo",மிதத்தல்,Float,,,,,verb,corpus_sourashtradictionary
"ஹூட்3, ஹுடு3வொ","hooD, huDuvo",பற,Fly,,,,,verb,corpus_sourashtradictionary
"கி4டி3ல்லெ, கி4டு3ல்லுவொ","ghiDille, ghiDulluvo",மடக்கிக்கொள்,Fold,,,,,verb,corpus_sourashtradictionary
"மொன்ட்சி, மொன்ட்சுவொ","monTci, monTcuvo","மடி, மடக்கு",Fold,,,,,verb,corpus_sourashtradictionary
அனுஸரணொ கேர் / கெருவொ,anusaraNo kEr / keruvo,பின்பற்று,Follow,,,,,verb,corpus_sourashtradictionary
ஹவ்ட3ன் ஜவள்ளெ / ஜவள்ளுவொ,havDan javaLLe / javaLLuvo,மறந்துவிடு,Forget,,,,,verb,corpus_sourashtradictionary
"விஸ்ரட்3லெ, விஸ்ரட்3லுவொ","visraDle, visraDluvo",மறந்துவிடு,Forget,,,,,verb,corpus_sourashtradictionary
"த4க்காட், த4க்கடு3வொ","dhakkaaT, dhakkaDuvo","பயமுறுத்து, அச்சுறுத்து, திகிலூட்டு","Frighten, Scare, Terrify, Horrify",,,,,verb,corpus_sourashtradictionary
"பு4ஞ்ஜி, பு4ஞ்ஜுவொ","bhunjji, bhunjjuvo",வறுத்தல்,Fry,,,,,verb,corpus_sourashtradictionary
"இந்து3வி, இந்து3வொ","induvi, induvo",பொரி,Fry,,,,,verb,corpus_sourashtradictionary
"பொள்டி, பொள்டுவொ","poLTi, poLTuvo",பொறி,Fry,,,,,verb,corpus_sourashtradictionary
அங்க்ரொ பு2ட்டி,angkro phuTTi,முளைவிடு,Germinate,,,,,verb,corpus_sourashtradictionary
"க2ல்லெ, க2ல்லுவொ","khalle, khalluvo",பெறு,Get,,,,,verb,corpus_sourashtradictionary
ப்ராப்த கேர் / கெருவொ,praapta kEr / keruvo,பெறு,"Get, Acquire, Receive, Obtain",,,,,verb,corpus_sourashtradictionary
"ஹூட்3, ஹுடு3வொ","hooD, huDuvo",எழுந்திரு,Get up,,,,,verb,corpus_sourashtradictionary
"தே3, தெ3வொ","dE, devo",கொடு,"Give, Pay",,,,,verb,corpus_sourashtradictionary
"ஜி2ர்க்கி, ஜி2ர்க்குவொ","jhirkki, jhirkkuvo","சறுக்கு, வழுக்கு",Glide,,,,,verb,corpus_sourashtradictionary
சவி குட்கொ கேர் / கெருவொ,cavi kuTko kEr / keruvo,கடித்துத் துண்டாக்கு,Gnaw,,,,,verb,corpus_sourashtradictionary
"ஜா, ஜவொ","jaa, javo","செல், போ",Go,,,,,verb,corpus_sourashtradictionary
"கோஸ், கொஸுவொ","kOs, kosuvo",(கொம்பினால்) முட்டு,Gore,,,,,verb,corpus_sourashtradictionary
"தே4ர், தெ4ருவொ","dhEr, dheruvo",பிடி,Grab,,,,,verb,corpus_sourashtradictionary
அனுதா3ன் கேர் / கெருவொ,anudaan kEr / keruvo,வழங்கு,Grant,,,,,verb,corpus_sourashtradictionary
அபி4வாத3ன் கேர் / கெருவொ,abhivaadan kEr / keruvo,வரவேற்பளி,Greet,,,,,verb,corpus_sourashtradictionary
நமஸ்கார் கேர் / கெருவொ,namaskaar kEr / keruvo,வணக்கம் செலுத்து,Greet,,,,,verb,corpus_sourashtradictionary
விசார் போட் / பொடு3வொ,vicaar pOT / poDuvo,வருந்து,Grieve,,,,,verb,corpus_sourashtradictionary
தா3த் தெ3க்கடி3 ஆஸ் / அஸுவொ,daat dekkaDi aas / asuvo,பல்லைக் காட்டிச் சிரி,Grin,,,,,verb,corpus_sourashtradictionary
"லுப்3பி3, லுப்3பு3வொ","lubbi, lubbuvo",அரை,"Grind, Mill",,,,,verb,corpus_sourashtradictionary
"வாட், வடு3வொ","vaaT, vaDuvo",அரை,"Grind, Mill",,,,,verb,corpus_sourashtradictionary
"லொஸ்கி, லொஸ்குவொ","loski, loskuvo",அரை,Grind (in mouth),,,,,verb,corpus_sourashtradictionary
தெவ்டி3 ஸா / ஸவொ,tevDi saa / savo,தடவித் தேடிப் பார்,Grope,,,,,verb,corpus_sourashtradictionary
"ஹோட், ஹொடு3வொ","hOT, hoDuvo",வளரு,Grow,,,,,verb,corpus_sourashtradictionary
"ஹொவ்டி3, ஹொவ்டு3வொ","hovDi, hovDuvo",வளர்,"Grow, Develop",,,,,verb,corpus_sourashtradictionary
அனுமான் கேர் / கெருவொ,anumaan kEr / keruvo,யூகி,Guess,,,,,verb,corpus_sourashtradictionary
தீ3 வட கேர் / கெருவொ,dee vaTa kEr / keruvo,இரண்டு துண்டாக்கு,Halve,,,,,verb,corpus_sourashtradictionary
"ஹாஜ்ஜால், ஹாஜ்ஜலுவொ","haajjaal, haajjaluvo",கையாளு,Handle,,,,,verb,corpus_sourashtradictionary
"ஸொவ்ண்டாட், ஸொவ்ண்ட3டு3வொ","sovNTaaT, sovNDaDuvo",மாட்டு,Hang,,,,,verb,corpus_sourashtradictionary
லொம்ப3ன் ஸோட் / ஸொடு3வொ,lomban sOT / soDuvo,தொங்க விடு,Hang it,,,,,verb,corpus_sourashtradictionary
"லொம்பி3, லொம்பு3வொ","lombi, lombuvo",தொங்கு,Hang on,,,,,verb,corpus_sourashtradictionary
ஹீன் கேர் / கெருவொ,heen kEr / keruvo,தீங்கிழை,Harm,,,,,verb,corpus_sourashtradictionary
பீகு காட் / கடு3வொ,peeku kaaT / kaDuvo,அறுவடை செய்,Harvest,,,,,verb,corpus_sourashtradictionary
"ரோஸ், ரொஸுவொ","rOs, rosuvo",வெறு,Hate,,,,,verb,corpus_sourashtradictionary
"ந்ஹவ்லெ, ந்ஹவ்லுவொ","nhavle, nhavluvo",தலைக்குளி,Head bath,,,,,verb,corpus_sourashtradictionary
ஐகி / ஐகுவொ,aiki / aikuvo,கேள்,Hear,,,,,verb,corpus_sourashtradictionary
ஹுன்னொ கேர் / கெருவொ,hunno kEr / keruvo,"சுடு, சூடாக்கு, வாட்டு","Heat it, Toast it",,,,,verb,corpus_sourashtradictionary
ஸஹாவ் கேர் / கெருவொ,sahaav kEr / keruvo,உதவி செய்,Help,,,,,verb,corpus_sourashtradictionary
"மல்சி, மல்சுவொ","malci, malcuvo",தயங்கு,Hesitate,,,,,verb,corpus_sourashtradictionary
"லிக்காட், லிக்கடு3வொ","likkaaT, likkaDuvo",ஒளித்து வை,"Hide, Conceal",,,,,verb,corpus_sourashtradictionary
"லிக்கில்லெ, லிக்குல்லுவொ","likkille, likkulluvo",ஒளிந்துகொள்,Hide,,,,,verb,corpus_sourashtradictionary
ப3ட்க்யாக் கா2ட் / க2டு3வொ,baTkyaak khaaT / khaDuvo,வாடகைக்கு எடு,Hire,,,,,verb,corpus_sourashtradictionary
"ஹான், ஹனுவொ","haan, hanuvo",அடி,Hit,,,,,verb,corpus_sourashtradictionary
உன்சொ ஹிங்கா3ட் / ஹிங்க3டுவொ,unco hinggaaT / hinggaTuvo,மேலேற்று,Hoist,,,,,verb,corpus_sourashtradictionary
"தெ4ர்லொ, தெ4ர்லுவொ","dherlo, dherluvo",பிடித்துக் கொள்,Hold,,,,,verb,corpus_sourashtradictionary
ந்ஹன்னகொ3 து4ங்கி3 / து4ங்கு3வொ,nhannago dhunggi / dhungguvo,தத்தி தாண்டு,Hop,,,,,verb,corpus_sourashtradictionary
"கபி3ல்லெ, கபு3லுவொ","kabille, kabuluvo",கட்டிப்பிடி,"Hug, Embrace",,,,,verb,corpus_sourashtradictionary
"காண், கணுவொ","kaaN, kaNuvo","இடி, கைக்குத்து",Hull,,,,,verb,corpus_sourashtradictionary
கிராத் ஹான் / ஹனுவொ,kiraat haan / hanuvo,வேட்டையாடு,Hunt,,,,,verb,corpus_sourashtradictionary
"அல்லாட், அல்லடு3வொ","allaaT, allaDuvo",அவசரப்படு,Hurry,,,,,verb,corpus_sourashtradictionary
"ஜெலாட், ஜெலடு3வொ","jelaaT, jelaDuvo","எரி, தீப்பிடிக்க வை",Ignite,,,,,verb,corpus_sourashtradictionary
பேட் லாவ் / லவொ,pET laav / lavo,பற்றவை,Ignite,,,,,verb,corpus_sourashtradictionary
அலக்ஷ்யம் கேர் / கெருவொ,alakshyam kEr / keruvo,புறக்கணி,Ignore,,,,,verb,corpus_sourashtradictionary
தி3வொ பொ4வ்ரி / பொ4வ்ருவொ,divo bhovri / bhovruvo,விளக்கேற்று,Illuminate,,,,,verb,corpus_sourashtradictionary
உதா3ஹரண் தீ3 இவர் கேர் / கெருவொ,udaaharaN dee ivar kEr / keruvo,எடுத்துக் காட்டுடன் விளக்கு,Illustrate,,,,,verb,corpus_sourashtradictionary
கல்பனொ கேர் / கெருவொ,kalpano kEr / keruvo,கற்பனை செய்,Imagine,,,,,verb,corpus_sourashtradictionary
ஸொகன் சால் / சலுவொ,sokan caal / caluvo,போன்று நட,Imitate,,,,,verb,corpus_sourashtradictionary
ப்ரதா3ன் கேர் / கெருவொ,pradaan kEr / keruvo,வழங்கு,Impart,,,,,verb,corpus_sourashtradictionary
அம்லாத் கேர் / கெருவொ,amlaat kEr / keruvo,செயல்படுத்து,Implement,,,,,verb,corpus_sourashtradictionary
ஹுத்ராடு3 கேர் / கெருவொ,hutraaDu kEr / keruvo,இறக்குமதி செய்,Import,,,,,verb,corpus_sourashtradictionary
"திவுஞ்சி, திவுஞ்சுவொ","tivunjci, tivunjcuvo",திணி,Impose,,,,,verb,corpus_sourashtradictionary
த்4யான் உட்சி / உட்சுவொ,dhyaan uTci / uTcuvo,கவனத்தை ஈரு,"Impress, Attract",,,,,verb,corpus_sourashtradictionary
பி4ள்ளொ கேர் / கெருவொ,bhiLLo kEr / keruvo,மேம்படுத்து,Improve,,,,,verb,corpus_sourashtradictionary
ஹுடி3 தோ2வ் / தொ2வொ,huDi thOv / thovo,துவக்கு,Inaugurate,,,,,verb,corpus_sourashtradictionary
"களாட், களடு3வொ","kaLaaT, kaLaDuvo",தெரியப்படுத்து,"Inform, Convey",,,,,verb,corpus_sourashtradictionary
ஸுவாஸம் கேர் / கெருவொ,suvaasam kEr / keruvo,மூச்சை உள்ளிழு,Inhale,,,,,verb,corpus_sourashtradictionary
நொவ்வொ கேர் / கெருவொ,novvo kEr / keruvo,புதுமையாக்கு,Innovate,,,,,verb,corpus_sourashtradictionary
"துராட், துரடு3வொ","turaaT, turaDuvo","சொருகு, நுழைய வை",Insert,,,,,verb,corpus_sourashtradictionary
நிர்ப3ந்த4ம் கேர் / கெருவொ,nirbandham kEr / keruvo,வலியுறுத்து,Insist,,,,,verb,corpus_sourashtradictionary
பரிஶோத4னொ கேர் / கெருவொ,parissOdhano kEr / keruvo,ஆய்வு செய்,"Inspect, Explore",,,,,verb,corpus_sourashtradictionary
ஸ்தாபிதம் கேர் / கெருவொ,staapitam kEr / keruvo,நிறுவு,Install,,,,,verb,corpus_sourashtradictionary
அபமான் கேர் / கெருவொ,apamaan kEr / keruvo,அவமரியாதை செய்யு,Insult,,,,,verb,corpus_sourashtradictionary
அட்3ட3ம் போட் / பொடு3வொ,aDDam pOT / poDuvo,குறுக்கிடு,Interfere,,,,,verb,corpus_sourashtradictionary
ஸீமொ த3டி3 தூர் / துருவொ,seemo daDi toor / turuvo,எல்லைமீறி நுழை,Invade,,,,,verb,corpus_sourashtradictionary
"கெ2டி3 அவாட், கெ2டி3 அவடு3வொ","kheDi avaaT, kheDi avaDuvo",எரிச்சலூட்டு,Irritate,,,,,verb,corpus_sourashtradictionary
"க2வ்ஜி, க3ஜுவொ","khavji, gajuvo","அரி, சொறிந்துவிடு",Itch,,,,,verb,corpus_sourashtradictionary
துண்டவத்தொ கேர் / கெருவொ,tuNTavatto kEr / keruvo,உளறு,jabber,,,,,verb,corpus_sourashtradictionary
ஆபத்3து3ம் ஹுத்ராட் / ஹுத்ரடு3வொ,aapaddum hutraaT / hutraDuvo,இடருக்குள்ளாக்கு,jeopardize,,,,,verb,corpus_sourashtradictionary
கே2ல் வத்தொ கேர் / கெருவொ,khEl vatto kEr / keruvo,வேடிக்கைப் பேச்சு பேசு,jest,,,,,verb,corpus_sourashtradictionary
"ஒண்ட்கி, ஒண்ட்குவொ","oNTki, oNTkuvo",நடுங்கு,jitter,,,,,verb,corpus_sourashtradictionary
"ஹவ்லி, ஹவ்லுவொ","havli, havluvo",ஆட்டு / குலுக்கு,Joggle,,,,,verb,corpus_sourashtradictionary
"ஹுல்பி, ஹுல்புவொ","hulpi, hulpuvo",ஆட்டு / குலுக்கு,Joggle,,,,,verb,corpus_sourashtradictionary
"சேர், செருவொ","cEr, ceruvo","சேரு, இணை",Join,,,,,verb,corpus_sourashtradictionary
"செர்ச்சி, செர்ச்சுவொ","cercci, cerccuvo","சேரு, இணை","Join, Annex, Connect",,,,,verb,corpus_sourashtradictionary
ஹாஸ்யமுக் ஸங்கி3 / ஸங்கு3வொ,haasyamuk sanggi / sangguvo,நகைச்சுவைக்காக சொல்லு,joke,,,,,verb,corpus_sourashtradictionary
"து4ங்கி, து4ங்கு3வொ","dhungki, dhungguvo",குதி,Jump,,,,,verb,corpus_sourashtradictionary
ந்யாவ் கேர் / கெருவொ,nyaav kEr / keruvo,நியாயப்படுத்து,Justify,,,,,verb,corpus_sourashtradictionary
லொகு3த்தொ லொகு3த்தொ தோ2வ் / தொ2வொ,logutto logutto thOv / thovo,அடுத்தடுத்து வையு,Juxtapose,,,,,verb,corpus_sourashtradictionary
"தொ2வ்லெ, தொ2வ்லுவொ","thovle, thovluvo",வைத்துக்கொள்,"Keep it, Have it",,,,,verb,corpus_sourashtradictionary
"லாத், லது3வொ","laat, laduvo",எத்து,Kick,,,,,verb,corpus_sourashtradictionary
"அபஹரன் கேர், கெருவொ","apaharan kEr, keruvo",கடத்து,Kidnap,,,,,verb,corpus_sourashtradictionary
"மார், மருவொ","maar, maruvo",கொல்,Kill,,,,,verb,corpus_sourashtradictionary
"மொராட், மொரடு3வொ","moraaT, moraDuvo",கொல்,Kill,,,,,verb,corpus_sourashtradictionary
பு3ச்சி தே3 / தெ3வொ,bucci dE / devo,முத்தம் கொடு,Kiss,,,,,verb,corpus_sourashtradictionary
"குஸிர், குஸுருவொ","kusir, kusuruvo",பிசை,Knead,,,,,verb,corpus_sourashtradictionary
கு3ட்3க்யால் தாய் / தவொ,guDkyaal taay / tavo,"முட்டியிடு, மண்டியிடு",Kneel,,,,,verb,corpus_sourashtradictionary
பங்கி3 பீ3ஸ் / பி3ஸுவொ,panggi bees / bisuvo,"முட்டியிடு, மண்டியிடு",Kneel,,,,,verb,corpus_sourashtradictionary
"வீன், வினுவொ","veen, vinuvo",பின்னு,Knit,,,,,verb,corpus_sourashtradictionary
"தெட்டி, தெட்டுவொ","teTTi, teTTuvo",தட்டு,Knock,,,,,verb,corpus_sourashtradictionary
"களள்ளெ, களள்ளுவொ","kaLaLLe, kaLaLLuvo",தெரிந்துகொள்,Know,,,,,verb,corpus_sourashtradictionary
"ஆஸ், அஸுவொ","aas, asuvo",சிரி,Laugh,,,,,verb,corpus_sourashtradictionary
"கா4ல், க4லுவொ","ghaal, ghaluvo",இடு / போடு,Lay,,,,,verb,corpus_sourashtradictionary
"தாய், தவொ","taay, tavo",இடு / போடு,Lay,,,,,verb,corpus_sourashtradictionary
கேட் லம்பொ3 கேர் / கெருவொ,kET lambo kEr / keruvo,படு,Lay down,,,,,verb,corpus_sourashtradictionary
"கெ3ளாட், கெ3ளடு3வொ","geLaaT, geLaDuvo",கசிய வை,Leak,,,,,verb,corpus_sourashtradictionary
"ஒளாட், ஒளடு3வொ","oLaaT, oLaDuvo",கசிய வை,Leak,,,,,verb,corpus_sourashtradictionary
"ஒர்கி3, ஒர்கு3வொ","orgi, orguvo",சாய்ந்துகொள்,Lean,,,,,verb,corpus_sourashtradictionary
பஸ்கட் ஒர்கி3 / ஒர்கு3வொ,paskaT orgi / orguvo,பின்னால் சாய்,Lean back,,,,,verb,corpus_sourashtradictionary
ப4ராட் ஒங்கி3 / ஒங்கு3வொ,bharaaT onggi / ongguvo,வெளியே குனி,Lean out,,,,,verb,corpus_sourashtradictionary
"ஸிக்கி, ஸிக்குவொ","sikki, sikkuvo","கற்றுக்கொள், அறிந்துகொள்",Learn,,,,,verb,corpus_sourashtradictionary
"நிகி3ள், நிகு3ளுவொ","nigiL, niguLuvo",விட்டுச்செல்,Leave,,,,,verb,corpus_sourashtradictionary
ஸோட் / ஸொடு3வொ தெல்லெ,sOT / soDuvo telle,விடு அதை,Leave it,,,,,verb,corpus_sourashtradictionary
"ஸோட், ஸொடு3வொ","sOT, soDuvo","விடு, விட்டுவிடு","Let go, Give up",,,,,verb,corpus_sourashtradictionary
ஜான் ஸோட் / ஸொடு3வொ,jaan sOT / soDuvo,போக விடு,Let it go,,,,,verb,corpus_sourashtradictionary
தி4ல்லொ ஸோட் / ஸொடுவொ,dhillo sOT / soTuvo,அவிழ்த்து விடு,Let loose,,,,,verb,corpus_sourashtradictionary
ஸொவ்டி3 ஸோட் / ஸொடு3வொ,sovDi sOT / soDuvo,அவிழ்த்து விடு,Let loose,,,,,verb,corpus_sourashtradictionary
"சாட், சடு3வொ","caaT, caDuvo",நக்கு,Lick,,,,,verb,corpus_sourashtradictionary
சொட்3டொ3 வத்தொ கேர் / கெருவொ,coDDo vatto kEr / keruvo,பொய் சொல்,Lie,,,,,verb,corpus_sourashtradictionary
"ஒர்கி3, ஒர்கு3வொ","orgi, orguvo",சாய்ந்துகொள்,Lie back,,,,,verb,corpus_sourashtradictionary
"நிஞ்ஜி, நிஞ்ஜுவொ","ninjji, ninjjuvo",படுத்துக் கொள்,Lie down,,,,,verb,corpus_sourashtradictionary
பாட் கா2ல் தாய் / தவொ,paaT khaal taay / tavo,படுத்துக் கொள்,Lie down,,,,,verb,corpus_sourashtradictionary
"துக்கி, துக்குவொ","tukki, tukkuvo",தூக்கு,Lift,,,,,verb,corpus_sourashtradictionary
"வாவ், வவொ","vaav, vavo","உயர்த்து, தூக்கு",Lift up,,,,,verb,corpus_sourashtradictionary
பில்லாக் பொ3ல்லெ / பொ3ல்லுவொ,pillaak bolle / bolluvo,குழந்தையை தூக்கு,Lift the baby,,,,,verb,corpus_sourashtradictionary
தி3வொ பொ4வ்ரி / பொ4வ்ருவொ,divo bhovri / bhovruvo,விளக்கேற்று,Light it,,,,,verb,corpus_sourashtradictionary
பிரேவ் போட் / பொடு3வொ,pirEv pOT / poDuvo,விரும்பு,Like,,,,,verb,corpus_sourashtradictionary
"அய்கி, அய்குவொ","ayki, aykuvo",கேள்,Listen,,,,,verb,corpus_sourashtradictionary
"கௌ3ஞ்சி, கௌ3ஞ்சுவொ","gaunjci, gaunjcuvo",கவனி,Listen,,,,,verb,corpus_sourashtradictionary
"ஜாள், ஜளுவொ","jaaL, jaLuvo",எரி,Lit,,,,,verb,corpus_sourashtradictionary
"ஜீவ், ஜிவொ","jeev, jivo",வாழு,Live,,,,,verb,corpus_sourashtradictionary
"பீ3க் கா4ல், பீ3க் க4லுவொ","beek ghaal, beek ghaluvo","தாழிடு, பூட்டு",Lock,,,,,verb,corpus_sourashtradictionary
"ஸா, ஸவொ","saa, savo",பார்,Look,,,,,verb,corpus_sourashtradictionary
"ஶா, ஶவொ","ssaa, ssavo",பார்,Look,,,,,verb,corpus_sourashtradictionary
"ஓட், ஒடு3வொ","OT, oDuvo",தோற்றுவிடு,Lose out,,,,,verb,corpus_sourashtradictionary
பிராமொ போட் / பொடு3வொ,piraamo pOT / poDuvo,"காதலி, காதல் செய்",Love,,,,,verb,corpus_sourashtradictionary
ம்ஹொடொ3 கேர் / கெருவொ,mhoDo kEr / keruvo,பெரிதாக்கு,Magnify,,,,,verb,corpus_sourashtradictionary
ஸனித3னி கேர் / கெருவொ,sanidani kEr / keruvo,பராமரி,Maintain,,,,,verb,corpus_sourashtradictionary
உரு கேர் / கெருவொ,uru kEr / keruvo,உருவாக்கு,Make,,,,,verb,corpus_sourashtradictionary
"ஹொவாட், ஹொவடு3வொ","hovaaT, hovaDuvo",ஆக்கு,Make,,,,,verb,corpus_sourashtradictionary
நிர்வாஹ் கேர் / கெருவொ,nirvaah kEr / keruvo,நிர்வகி,Manage,,,,,verb,corpus_sourashtradictionary
"ஹாஜ்ஜால், ஹாஜ்ஜலுவொ","haajjaal, haajjaluvo",கையாளு,Manipulate,,,,,verb,corpus_sourashtradictionary
உத்பத்தி கேர் / கெருவொ,utpatti kEr / keruvo,உற்பத்தி செய்,Manufacture,,,,,verb,corpus_sourashtradictionary
"நாஸ், நஸுவொ","naas, nasuvo",அழி,Mar,,,,,verb,corpus_sourashtradictionary
நிக்கு லகா3ட் / லக3டு3வொ,nikku lagaaT / lagaDuvo,குறி இடு,Mark,,,,,verb,corpus_sourashtradictionary
ஹொராட் கெர்லெ / கெர்லுவொ,horaaT kerle / kerluvo,திருமணம் செய்துகொள்,Marry,,,,,verb,corpus_sourashtradictionary
சுவ்ரி ஸோட் / சுவ்ரி ஸொடு3வொ,cuvri sOT / cuvri soDuvo,"நீவி விடு, சுளுக்கெடு",Massage,,,,,verb,corpus_sourashtradictionary
"ஜோவ், ஜொவொ","jOv, jovo","அளவெடு, எடைபோடு",Measure,,,,,verb,corpus_sourashtradictionary
"மோவ், மொவொ","mOv, movo",அளவெடு,Measure,,,,,verb,corpus_sourashtradictionary
"பொஞ்சி கேர், கெருவொ","ponjci kEr, keruvo",மத்தியஸ்தம் செய்,Mediate,,,,,verb,corpus_sourashtradictionary
"தெ3க்கி, தெ3க்குவொ","dekki, dekkuvo",சந்தி,Meet,,,,,verb,corpus_sourashtradictionary
"மீள், மிளுவொ","meeL, miLuvo",சந்தி,Meet,,,,,verb,corpus_sourashtradictionary
"விஜ்ஜி, விஜ்ஜுவொ","vijji, vijjuvo",உருகு,Melt,,,,,verb,corpus_sourashtradictionary
மனனம் கேர் / கெருவொ,mananam kEr / keruvo,மனப்பாடம் செய்,"Memorize, Memorise",,,,,verb,corpus_sourashtradictionary
ஒண்டேஸ் கேர் / கெருவொ,oNTEs kEr / keruvo,ஒன்றிணை,Merge,,,,,verb,corpus_sourashtradictionary
"கொ3வ்ன்டா3ட், கொ3வ்ன்ட3டு3வொ","govnDaaT, govnDaDuvo",தொலை,Mislay,,,,,verb,corpus_sourashtradictionary
தொ2வ்தி3 ஹவ்ட3ன் ஜவள்ளெ / ஜவள்ளுவொ,thovdi havDan javaLLe / javaLLuvo,வைத்து மறந்து போ,Mislay,,,,,verb,corpus_sourashtradictionary
தெ4ர்னாத்தொ ஸோட் / ஸொடு3வொ,dhernaatto sOT / soDuvo,தவற விடு,Miss,,,,,verb,corpus_sourashtradictionary
"கவ்லி, கவ்லுவொ","kavli, kavluvo",கலக்கு,Mix,,,,,verb,corpus_sourashtradictionary
"லொல்பி, லொல்புவொ","lolpi, lolpuvo",பிறட்டு,Mix (excessively),,,,,verb,corpus_sourashtradictionary
"கல்வி, கல்வுவொ","kalvi, kalvuvo",கலக்கு,Mix,,,,,verb,corpus_sourashtradictionary
"மர்ச்சி, மர்ச்சுவொ","marcci, marccuvo",மாற்று,Modify,,,,,verb,corpus_sourashtradictionary
"ஹல்லி, ஹல்லுவொ","halli, halluvo","அசை, நகரு",Move,,,,,verb,corpus_sourashtradictionary
"ஒத்தாட், ஒத்தடு3வொ","ottaaT, ottaDuvo","நகர்த்து, தள்ளி வை","Move, Move aside",,,,,verb,corpus_sourashtradictionary
"ஒத்தி, ஒத்துவொ","otti, ottuvo","தள்ளு, தள்ளி நில்","Move, Move away",,,,,verb,corpus_sourashtradictionary
(சொட்3டா3க்) தே4ர் / தெ4ருவொ,(coDDaak) dhEr / dheruvo,(திருடனை) பிடி,Nab,,,,,verb,corpus_sourashtradictionary
பாட் கொவ்ரி / கொவ்ருவொ,paaT kovri / kovruvo,நச்சரி,Nag,,,,,verb,corpus_sourashtradictionary
இவர் கேர் / கெருவொ,ivar kEr / keruvo,விளக்கு,Narrate,,,,,verb,corpus_sourashtradictionary
ஸுந்துர் பெய்னொ ஜா / ஜவொ,suntur peyno jaa / javo,கடற்பயணம் செல்,Navigate,,,,,verb,corpus_sourashtradictionary
உதா3ஸீனம் கேர் / கெருவொ,udaaseenam kEr / keruvo,புறக்கணி,Neglect,,,,,verb,corpus_sourashtradictionary
வத்தொபோ3ல் கேர் / கெருவொ,vattobOl kEr / keruvo,பேச்சுவார்த்தை நடத்து,Negotiate,,,,,verb,corpus_sourashtradictionary
கு2டி3 கா2 / க2வொ,khuDi khaa / khavo,கொறித்து உண்ணு,Nibble,,,,,verb,corpus_sourashtradictionary
"கூ2ட், கு2டு3வொ","khooT, khuDuvo",கிள்ளியெடு,Nip,,,,,verb,corpus_sourashtradictionary
"நாவ்மேன், நாவ்மெனுவொ","naavmEn, naavmenuvo",நியமி,Nominate,,,,,verb,corpus_sourashtradictionary
ஸௌக்3ஞ ஹேட் / ஹெடு3வொ,saugnja hET / heDuvo,குறிப்பெடு,Note,,,,,verb,corpus_sourashtradictionary
"க3வுஞ்சி, க3வுஞ்சுவொ","gavunjci, gavunjcuvo",கவனி,Notice,,,,,verb,corpus_sourashtradictionary
"களாட், களடு3வொ","kaLaaT, kaLaDuvo",தெரியப்படுத்து,"Notify, Convey",,,,,verb,corpus_sourashtradictionary
புஷ்டி கேர் / கெருவொ,pushTi kEr / keruvo,ஊட்டமளி,Nourish,,,,,verb,corpus_sourashtradictionary
"என்ட்3கி3, என்ட்3கு3வொ","enDgi, enDguvo",அடங்கு,Obey,,,,,verb,corpus_sourashtradictionary
க3வுஞ்சி ஸா / ஸவொ,gavunjci saa / savo,உற்று நோக்கு,Observe,,,,,verb,corpus_sourashtradictionary
அட்3ட3ம் கேர் / கெருவொ,aDDam kEr / keruvo,தடை உண்டாக்கு,Obstruct,,,,,verb,corpus_sourashtradictionary
"ரூண், ருணுவொ","rooN, ruNuvo",தடை உண்டாக்கு,Obstruct,,,,,verb,corpus_sourashtradictionary
ப்ராப்த கேர் / கெருவொ,praapta kEr / keruvo,பெறு,Obtain,,,,,verb,corpus_sourashtradictionary
தா2ம் பொ4வ்ரி / பொ4வ்ருவொ,thaam bhovri / bhovruvo,இடத்தை நிரப்பு,Occupy,,,,,verb,corpus_sourashtradictionary
மொன்னு கெஷ்டம் கேர் / கெருவொ,monnu keshTam kEr / keruvo,உள்ளத்தை புண்படுத்து,Offend,,,,,verb,corpus_sourashtradictionary
நிவேத3ன் கேர் / கெருவொ,nivEdan kEr / keruvo,படையல் செய்,Offer,,,,,verb,corpus_sourashtradictionary
"ஸொட்3டெ3, ஸொட்3டு3வொ","soDDe, soDDuvo",விட்டு விடு,Omit,,,,,verb,corpus_sourashtradictionary
"ஹூட், ஹுடு3வொ","hooT, huDuvo",திற,Open,,,,,verb,corpus_sourashtradictionary
சல்தொ கேர் / கெருவொ,calto kEr / keruvo,இயக்கு,Operate,,,,,verb,corpus_sourashtradictionary
"வெது3ர்ஞ்சி, வெது3ர்ஞ்சுவொ","vedurnjci, vedurnjcuvo",எதிர்ப்பு காட்டு,Oppose,,,,,verb,corpus_sourashtradictionary
ஆஞொ தே3 / தெ3வொ,aanjo dE / devo,கட்டளை இடு,Order,,,,,verb,corpus_sourashtradictionary
காம்தா4ம் கேர் / கெருவொ,kaamdhaam kEr / keruvo,ஏற்பாடு செய்,Organize,,,,,verb,corpus_sourashtradictionary
வேன்கன் கேர் / கெருவொ,vEnkan kEr / keruvo,மிதமிஞ்சி செய்,Overact,,,,,verb,corpus_sourashtradictionary
த3டி3 ஆவ் / அவொ,daDi aav / avo,கடந்து வா,Overcome,,,,,verb,corpus_sourashtradictionary
விஸிரி ஹான் / ஹனுவொ,visiri haan / hanuvo,தூக்கி எறி,Overthrow,,,,,verb,corpus_sourashtradictionary
"ஒங்கா3ட், ஒங்க3டு3வொ","onggaaT, onggaDuvo",கவிழ்த்து,Overturn,,,,,verb,corpus_sourashtradictionary
"கி4ந்தி3, கி4ந்து3வொ","ghindi, ghinduvo",கட்டு,Pack,,,,,verb,corpus_sourashtradictionary
வனி லாவ் / லவொ,vani laav / lavo,வர்ணம் பூசு,Paint,,,,,verb,corpus_sourashtradictionary
"உட்3கா3ட், உட்3க3டு3வொ","uDgaaT, uDgaDuvo",முடக்கு,Paralyze,,,,,verb,corpus_sourashtradictionary
வாஹனொ ஒண்டெதேட் ஹிப்3பி3 ர்ஹவாட் / ர்ஹவடு3வொ,vaahano oNTetET hibbi rhavaaT / rhavaDuvo,வண்டியை ஓரிடத்தில் நிறுத்து,Park,,,,,verb,corpus_sourashtradictionary
"அட்கி, அட்குவொ","aTki, aTkuvo","சாத்து (கதவை, ஜன்னலை)",Partly Close,,,,,verb,corpus_sourashtradictionary
"லங்கி3, லங்கு3வொ","langgi, langguvo",தேர்ச்சி பெறு,Pass,,,,,verb,corpus_sourashtradictionary
"தெ3வ்ஸி, தெ3வ்ஸுவொ","devsi, devsuvo",ஒட்டு,Paste,,,,,verb,corpus_sourashtradictionary
புட்டா வாட் ஸா / ஸவொ,puTTaa vaaT saa / savo,பிளவு வழியாக பார்,Peek,,,,,verb,corpus_sourashtradictionary
"தொங்கி3ஸா, தொங்கி3ஸவொ","tonggisaa, tonggisavo",எட்டிப்பார்,Peek,,,,,verb,corpus_sourashtradictionary
ஸோல் / ஸொலுவொ,sOl / soluvo,உரி,Peel,,,,,verb,corpus_sourashtradictionary
"குஸ்கி, குஸ்குவொ","kuski, kuskuvo","குத்து, துளையிடு, செருகு","Pierce, Insert",,,,,verb,corpus_sourashtradictionary
"மிந்தி3, மிந்து3வொ","mindi, minduvo","குத்து, துளையிடு",Pierce,,,,,verb,corpus_sourashtradictionary
"சுண்டி, சுண்டுவொ","cuNTi, cuNTuvo",கிள்ளு,Pinch,,,,,verb,corpus_sourashtradictionary
"தோ2வ், தொ2வொ","thOv, thovo",வை,Place,,,,,verb,corpus_sourashtradictionary
"கு3ம்பி, கு3ம்புவொ","gumpi, gumpuvo",பின்னு,Plait,,,,,verb,corpus_sourashtradictionary
"கா2ள், க2ளுவொ","khaaL, khaLuvo",விளையாடு,Play,,,,,verb,corpus_sourashtradictionary
"வவ்ஜி, வவ்ஜுவொ","vavji, vavjuvo",வாசி,Play,,,,,verb,corpus_sourashtradictionary
க்ருபொ கேர் / கெருவொ,krupo kEr / keruvo,தயவு செய்,Please,,,,,verb,corpus_sourashtradictionary
ஸொந்தோஷ் கேர் / கெருவொ,sontOsh kEr / keruvo,மகிழ்வி,Please,,,,,verb,corpus_sourashtradictionary
"ஜுன், ஜுனுவொ","jun, junuvo",உழு,Plough,,,,,verb,corpus_sourashtradictionary
"நங்கி3, நங்கு3வொ","nanggi, nangguvo",உழு,Plough,,,,,verb,corpus_sourashtradictionary
"கிரட், கிரடு3வொ","kiraT, kiraDuvo",உழு,Plough,,,,,verb,corpus_sourashtradictionary
"தோட், தொடு3வொ","tOT, toDuvo","பறி, பிடுங்கு","Pluck, Pick",,,,,verb,corpus_sourashtradictionary
"உக்கி, உக்குவொ","ukki, ukkuvo","பறி, பிடுங்கு","Pluck, Pick",,,,,verb,corpus_sourashtradictionary
"உவ்வி, உவ்வுவொ","uvvi, uvvuvo","பறி, பிடுங்கு",Pluck,,,,,verb,corpus_sourashtradictionary
"கா4ல், க4லுவொ","ghaal, ghaluvo",இடு / போடு,Post,,,,,verb,corpus_sourashtradictionary
"தாய், தவொ","taay, tavo",இடு / போடு,Post,,,,,verb,corpus_sourashtradictionary
"லுச்சி, லுச்சுவொ","lucci, luccuvo","ஊற்று, கொட்டு",Pour,,,,,verb,corpus_sourashtradictionary
பு4ர்கொ கேர் / கெருவொ,bhurko kEr / keruvo,"தூளாக்கு, பொடியாக்கு","Powder, Crush",,,,,verb,corpus_sourashtradictionary
"காண், கணுவொ","kaaN, kaNuvo","தூளாக்கு, பொடியாக்கு","Powder, Crush",,,,,verb,corpus_sourashtradictionary
து3மாட்3 / து3மடு3வொ,dumaaD / dumaDuvo,பழக்கு,Practice,,,,,verb,corpus_sourashtradictionary
"நூவ், நுவொ","noov, nuvo","புகழு, வாழ்த்து, பாராட்டு","Praise, Greet, Compliment, Appreciate",,,,,verb,corpus_sourashtradictionary
பிரார்த2னொ கேர் / கெருவொ,piraarthano kEr / keruvo,கும்பிடு,Pray,,,,,verb,corpus_sourashtradictionary
"அவ்ங்கி, அவ்ங்குவொ","avngki, avngkuvo",அழுத்து,Press,,,,,verb,corpus_sourashtradictionary
"நிம்பி, நிம்புவொ","nimpi, nimpuvo",அச்சிடு,Print,,,,,verb,corpus_sourashtradictionary
"கபா3ட்3, கப3டு3வொ","kabaaD, kabaDuvo",காப்பாற்று,Protect,,,,,verb,corpus_sourashtradictionary
"ப்ரஸுர், ப்ரஸுருவொ","prasur, prasuruvo",வெளியிடு,Publish,,,,,verb,corpus_sourashtradictionary
"உட்சி, உட்சுவொ","uTci, uTcuvo",இழு,Pull,,,,,verb,corpus_sourashtradictionary
"கி2ஞ்சி, கி2ஞ்சுவொ","khinjci, khinjcuvo",இழு,Pull,,,,,verb,corpus_sourashtradictionary
"தூ3ஸ், துஸுவொ","doos, tusuvo",உருவு,Pull out,,,,,verb,corpus_sourashtradictionary
"ஹவ்ளி, ஹவ்ளுவொ","havLi, havLuvo",வெளிக்கொணர்,Pump,,,,,verb,corpus_sourashtradictionary
"உஸ்பி, உஸ்புவொ","uspi, uspuvo",வெளிக்கொணர்,Pump,,,,,verb,corpus_sourashtradictionary
"கு3த்3தி3, கு3த்து3வொ","guddi, gutduvo",குத்து,Punch,,,,,verb,corpus_sourashtradictionary
"தொ3ப்3பி3, தொ3ப்3பு3வொ","dobbi, dobbuvo",தள்ளு,Push,,,,,verb,corpus_sourashtradictionary
"கா4ல், க4லுவொ","ghaal, ghaluvo",இடு,Put,,,,,verb,corpus_sourashtradictionary
"தாய், தவொ","taay, tavo",இடு,Put,,,,,verb,corpus_sourashtradictionary
கா2ல் தாய் / தவொ,khaal taay / tavo,கீழே போடு,Put down,,,,,verb,corpus_sourashtradictionary
பவ்ட3ர் லாவ் / லவொ,pavDar laav / lavo,பவுடர் பூசு,Put powder,,,,,verb,corpus_sourashtradictionary
"கீ2ல் தாய், கீ2ல் தவொ","kheel taay, kheel tavo",தாழ்ப்பாளை போடு,Put the latch,,,,,verb,corpus_sourashtradictionary
"மோவ், மொவொ","mOv, movo",அளவிடு,Quantify,,,,,verb,corpus_sourashtradictionary
அலக்3கொ3 கேர் / கெருவொ,alaggo kEr / keruvo,தனிமைப்படுத்து,Quarantine,,,,,verb,corpus_sourashtradictionary
ஜெ2டொ3 மல்லெ / மல்லுவொ,jheDo malle / malluvo,சண்டையிடு,Quarrel,,,,,verb,corpus_sourashtradictionary
"தொ3ப்3பி3 தோ2வ், தொ2வொ","dobbi thOv, thovo",விலக்கி வை,Quash,,,,,verb,corpus_sourashtradictionary
"ஶமுல்லெ, ஶமுல்லுவொ","ssamulle, ssamulluvo",தணித்துக்கொள்,Quench,,,,,verb,corpus_sourashtradictionary
"பூஸ், புஸுவொ","poos, pusuvo",வினவு,Query,,,,,verb,corpus_sourashtradictionary
வெக்கிலி ஜா / ஜவொ,vekkili jaa / javo,நாடிச்செல்,Quest,,,,,verb,corpus_sourashtradictionary
புஸினி பூஸ் / புஸுவொ,pusini poos / pusuvo,கேள்வி கேளு,Question,,,,,verb,corpus_sourashtradictionary
பி3ஸ்ஸொ கேர் / கெருவொ,bisso kEr / keruvo,விரைவுபடுத்து,Quicken,,,,,verb,corpus_sourashtradictionary
ஸொட்3டி3 ஜா / ஜவொ,soDDi jaa / javo,விட்டுச்செல்,Quit,,,,,verb,corpus_sourashtradictionary
"ஒண்ட்கி, ஒண்ட்குவொ","oNTki, oNTkuvo",நடுங்கு,Quiver,,,,,verb,corpus_sourashtradictionary
"ஹிங்காட், ஹிங்கடு3வொ","hingkaaT, hingkaDuvo",உயர்த்து,Raise,,,,,verb,corpus_sourashtradictionary
"மிட்டி, மிட்டுவொ","miTTi, miTTuvo",சுண்டு,Rap,,,,,verb,corpus_sourashtradictionary
"அந்தி3, அந்து3வொ","andi, anduvo",எட்டு,Reach,,,,,verb,corpus_sourashtradictionary
"ஜீ சேர், ஜீ செருவொ","jee cEr, jee ceruvo",சென்றடை,Reach,,,,,verb,corpus_sourashtradictionary
"சொவ்தி3, சொவ்து3வொ","covdi, ceaavduvo",படி,Read,,,,,verb,corpus_sourashtradictionary
"இகி3, இகு3வொ","igi, iguvo",படி,Read,,,,,verb,corpus_sourashtradictionary
"ஜன்லெ, ஜன்லுவொ","janle, janluvo","அறிந்துகொள், உணர்ந்துகொள்","Realize, Realise",,,,,verb,corpus_sourashtradictionary
கா3ய் சொவ்ரி / சொவ்ருவொ,gaay ceaavri / covruvo,மாடு மேய்,Rear cattle,,,,,verb,corpus_sourashtradictionary
"ஹவ்டன் கேர், ஹவ்டன் கெருவொ","havTan kEr, havTan keruvo",நினைவு கூர்,Recall,,,,,verb,corpus_sourashtradictionary
ஹவ்ட3ன் தொ2வ்லெ / தொ2வ்லுவொ,havDan thovle / thovluvo,நினைவில் கொள்,Remember,,,,,verb,corpus_sourashtradictionary
"ஹேட், ஹெடு3வொ","hET, heDuvo",நீக்கு,Remove,,,,,verb,corpus_sourashtradictionary
"ஸொவ்டி3, ஸொவ்டு3வொ","sovDi, sovDuvo",கழட்டு,Remove,,,,,verb,corpus_sourashtradictionary
பி2ரி தெர்மி / தெர்முவொ,phiri termi / termuvo,"திரும்பித் துரத்து, விரட்டியடி",Repel,,,,,verb,corpus_sourashtradictionary
ஜவாப் தே3 / தெ3வொ,javaap dE / devo,பதில் கொடு,Reply,,,,,verb,corpus_sourashtradictionary
"கபா3ட், கப3டு3வொ","kabaaT, kabaDuvo",காப்பாற்று,Rescue,,,,,verb,corpus_sourashtradictionary
வஸன் கேர் / கெருவொ,vasan kEr / keruvo,தங்கி இரு,Reside,,,,,verb,corpus_sourashtradictionary
ஶீன் ஶமுல்லெ / ஶமுல்லுவொ,sseen ssamulle / ssamulluvo,இளைப்பாறு,"Rest, Relax",,,,,verb,corpus_sourashtradictionary
"ஹள்சி, ஹள்ச்சுவொ","haLci, haLccuvo",அலசு,Rinse,,,,,verb,corpus_sourashtradictionary
"பிக்காட், பிக்கடு3வொ","pikkaaT, pikkaDuvo",பழுக்க வை,Ripen,,,,,verb,corpus_sourashtradictionary
"சேட், செடு3வொ","cET, ceDuvo",உயரு,Rise,,,,,verb,corpus_sourashtradictionary
"ஹூட், ஹுடு3வொ","hooT, huDuvo",எழுந்திரு,Rise,,,,,verb,corpus_sourashtradictionary
நிகி3ள்,nigiL,உதயமாகு,Rise,,,,,verb,corpus_sourashtradictionary
"ஹிண்டி3, ஹிண்டு3வொ","hiNDi, hiNDuvo",திரி,Roam,,,,,verb,corpus_sourashtradictionary
"பு4ஞ்ஜி, பு4ஞ்ஜுவொ","bhunjji, bhunjjuvo",வறு,Roast,,,,,verb,corpus_sourashtradictionary
"தூ4ள், து3ளுவொ","dhooL, duLuvo",உருளு,Roll,,,,,verb,corpus_sourashtradictionary
"கு3வ்னி, கு3வ்னுவொ","guvni, guvnuvo",சுருட்டு,Roll,,,,,verb,corpus_sourashtradictionary
கொ3ளி கேர் / கெருவொ,goLi kEr / keruvo,உருண்டை பிடி,Roll it like a ball,,,,,verb,corpus_sourashtradictionary
சுட்டு பி2ராட் / பி2ரடு3வொ,cuTTu phiraaT / phiraDuvo,சுழற்று,Rotate,,,,,verb,corpus_sourashtradictionary
கொ3ளொ கேர் / கெருவொ,goLo kEr / keruvo,வட்டமாக சுருட்டு,Round,,,,,verb,corpus_sourashtradictionary
"கே3ஸ், கெ3ஸுவொ","gEs, gesuvo",தேய்,Rub,,,,,verb,corpus_sourashtradictionary
"ஹூல், ஹுலுவொ","hool, huluvo",தேய்,Rub,,,,,verb,corpus_sourashtradictionary
"மோஸ், மொஸுவொ","mOs, mosuvo",தேய்,Rub,,,,,verb,corpus_sourashtradictionary
"ரெகு3டி3, ரெகு3டு3வொ","reguDi, reguDuvo",அழுத்தி தேய்,Rub hard,,,,,verb,corpus_sourashtradictionary
"தா4ம், த4முவொ","dhaam, dhamuvo",ஓடு,Run,,,,,verb,corpus_sourashtradictionary
மர்மரி / மர்மருவொ,marmari / marmaruvo,சரசர ஒலி செய்,Rustle,,,,,verb,corpus_sourashtradictionary
"செர்ச்சி, செர்ச்சுவொ","cercci, cerccuvo","சேமி, சேர்த்து வை",Save,,,,,verb,corpus_sourashtradictionary
"கபா3ட், கப3டு3வொ","kabaaT, kabaDuvo",காப்பாற்று,Save,,,,,verb,corpus_sourashtradictionary
"ஸங்கி3, ஸங்கு3வொ","sanggi, sangguvo",சொல்லு,Say,,,,,verb,corpus_sourashtradictionary
"செது3ராட், செது3ரடு3வொ","ceduraaT, ceduraDuvo","சிதற விடு, தெறிக்கச்செய்",Scatter,,,,,verb,corpus_sourashtradictionary
"கா3ள்டெ, காள்டு3வொ","gaaLTe, kaaLDuvo",திட்டு,Scold,,,,,verb,corpus_sourashtradictionary
"பொஸ்கி, பொஸ்குவொ","poski, poskuvo","தீயினால் சுடு, பொசுக்கு",Scorch,,,,,verb,corpus_sourashtradictionary
"ஒர்பி, ஒர்ப்புவொ","orpi, orppuvo",சுரண்டு,Scrape,,,,,verb,corpus_sourashtradictionary
"பொ3ஸ்கி, பொ3ஸ்குவொ","boski, boskuvo","சொறி, பிறாண்டு",Scratch,,,,,verb,corpus_sourashtradictionary
"க2வ்ஜி, க2வ்ஜுவொ","khavji, khavjuvo","சொறி, பிறாண்டு",Scratch,,,,,verb,corpus_sourashtradictionary
"முவ்ரி, முவ்ருவொ","muvri, muvruvo","கசக்கு, திருகு",Screw,,,,,verb,corpus_sourashtradictionary
"பி2வ்ரி, பி2வ்ருவொ","phivri, phivruvo","கசக்கு, திருகு",screw,,,,,verb,corpus_sourashtradictionary
கெ3ஸிகின் தூ4வ் / து4வொ,gesikin dhoov / dhuvo,தேய்த்துக் கழுவு,Scrub,,,,,verb,corpus_sourashtradictionary
"ஹுகில், ஹுகிலுவொ","hukil, hukiluvo","தேய், இழை",Scrub,,,,,verb,corpus_sourashtradictionary
"ஹூல், ஹுலுவொ","hool, huluvo","தேய், இழை",Scrub,,,,,verb,corpus_sourashtradictionary
"வெக்கி, வெக்குவொ","vekki, vekkuvo",தேடு,Search,,,,,verb,corpus_sourashtradictionary
"மூக்3, முகு3வோ","moog, muguvO",தேடு,Search,,,,,verb,corpus_sourashtradictionary
"தெ3க்கி, தெ3க்குவொ","dekki, dekkuvo",பார்,See,,,,,verb,corpus_sourashtradictionary
"ஸா, ஸவொ","saa, savo",பார் / காண்,See,,,,,verb,corpus_sourashtradictionary
"லிந்தி3, லிந்து3வொ","lindi, linduvo",விற்பனை செய்,Sell,,,,,verb,corpus_sourashtradictionary
"விக்கி, விக்குவொ","vikki, vikkuvo",விற்பனை செய்,Sell,,,,,verb,corpus_sourashtradictionary
"த4ட்3டெ3, த4ட்3டு3வொ","dhaDDe, dhaDDuvo",அனுப்பு,Send,,,,,verb,corpus_sourashtradictionary
அலக்3கொ3 கேர் / கெருவொ,alaggo kEr / keruvo,பிரித்தெடு,Separate,,,,,verb,corpus_sourashtradictionary
"ஹொவ்டி3, ஹொவ்டு3வொ","hovDi, hovDuvo",பரிமாறு,Serve,,,,,verb,corpus_sourashtradictionary
"திராட், திரடு3வொ","tiraaT, tiraDuvo",தீர்த்து வை,Settle,,,,,verb,corpus_sourashtradictionary
"காட், கடு3வொ","kaaT, kaDuvo","அறு, நறுக்கு",Sever,,,,,verb,corpus_sourashtradictionary
"குட்கொ கேர், கெருவொ","kuTko kEr, keruvo",துண்டாக்கு,Sever,,,,,verb,corpus_sourashtradictionary
"ஸீவ், ஸிவொ","seev, sivo",தை,Sew,,,,,verb,corpus_sourashtradictionary
"ஹவ்ளி, ஹவ்ளுவொ","havLi, havLuvo",ஆட்டு / குலுக்கு,"Shake, Pump",,,,,verb,corpus_sourashtradictionary
"ஹுல்பி, ஹுல்புவொ","hulpi, hulpuvo",ஆட்டு / குலுக்கு,Shake,,,,,verb,corpus_sourashtradictionary
"விலிஞ்சி, விலிஞ்சுவொ","vilinjci, vilinjcuvo",உதறு,Shake out,,,,,verb,corpus_sourashtradictionary
(ஜுட்டி தெ4ரி) கு4ம்மி / கு4ம்முவொ,(juTTi dheri) ghummi / ghummuvo,(குடுமியை பிடித்து) உலுக்கு,Shake violently (by holding the tuft),,,,,verb,corpus_sourashtradictionary
"போ2ட்3, பொ2டு3வொ","phOD, phoDuvo","நொறுக்கு, உடை","Shatter, Demolish, Perish",,,,,verb,corpus_sourashtradictionary
"உத்3கி3ர், உத்3கி3ருவொ","udgir, udgiruvo",பிரகாசி,Shine,,,,,verb,corpus_sourashtradictionary
"ஜூல், ஜுலுவொ","jool, juluvo","பிரகாசி, மின்னு, ஒளிவீசு",Shine,,,,,verb,corpus_sourashtradictionary
"ஒண்ட்கி, ஒண்ட்குவொ","oNTki, oNTkuvo",நடுங்கு,Shiver,,,,,verb,corpus_sourashtradictionary
ஹத்தெ லகா3ட் / லக3டு3வொ,hatte lagaaT / lagaDuvo,அதிர்ச்சியூட்டு,(give) Shock,,,,,verb,corpus_sourashtradictionary
"பெதி3ர், பெது3ருவொ","pedir, peduruvo",அதிர்ச்சியடை,(be) Shocked,,,,,verb,corpus_sourashtradictionary
"விந்தி3, விந்து3வொ","vindi, vinduvo",அம்பு எய்,Shoot,,,,,verb,corpus_sourashtradictionary
"லாவ், லவொ","laav, lavo",சுடு,Shoot,,,,,verb,corpus_sourashtradictionary
"கீ3ட்3, கி3டு3வொ","geeD, giDuvo",சுருக்கு,Shorten,,,,,verb,corpus_sourashtradictionary
பா4ட் தாய் / தவொ,bhaaT taay / tavo,"கத்து, கூச்சலிடு",Shout,,,,,verb,corpus_sourashtradictionary
"கத்தி, கத்துவொ","katti, kattuvo","கத்து, கூச்சலிடு",Shout,,,,,verb,corpus_sourashtradictionary
ரெச்செ தாய் / தவொ,recce taay / tavo,"கத்து, கூச்சலிடு",Shout,,,,,verb,corpus_sourashtradictionary
"தெ3க்காட், தெ3க்கடு3வொ","dekkaaT, dekkaDuvo",காட்டு,Show,,,,,verb,corpus_sourashtradictionary
"ஜா2ய், ஜ2வொ","jhaay, jhavo",மூடு,Shut,,,,,verb,corpus_sourashtradictionary
ஹெட்3டெ3 அஸொ ஆஸ் / அஸுவொ,heDDe aso aas / asuvo,அசட்டுச் சிரிப்பு சிரி,Simper,,,,,verb,corpus_sourashtradictionary
"கா3வ், க3வொ","gaav, gavo",பாடு,Sing,,,,,verb,corpus_sourashtradictionary
"ஜூ2ர், ஜு2ருவொ","jhoor, jhuruvo",உறிஞ்சு,Sip,,,,,verb,corpus_sourashtradictionary
"பீ3ஸ், பி3ஸுவொ","bees, bisuvo",உட்கார்,Sit,,,,,verb,corpus_sourashtradictionary
செக்கி தாய் / தவொ,cekki taay / tavo,சீவு / வெட்டிச்சாய்,Slash,,,,,verb,corpus_sourashtradictionary
"சீவ், சிவொ","ceev, civo",சீவு / வெட்டிச்சாய்,Slash,,,,,verb,corpus_sourashtradictionary
"நிஞ்ஜி, நிஞ்ஜுவொ","ninjji, ninjjuvo","உறங்கு, தூங்கு",Sleep,,,,,verb,corpus_sourashtradictionary
"ஜி2ர்க்கி, ஜி2ர்க்குவொ","jhirkki, jhirkkuvo","சறுக்கு, வழுக்கு",Slide,,,,,verb,corpus_sourashtradictionary
"ஜி2ர்க்கி, ஜி2ர்க்குவொ","jhirkki, jhirkkuvo",வழுக்கு,Slip,,,,,verb,corpus_sourashtradictionary
ஹனி போ2ட் / பொடு3வொ,hani phOT / poDuvo,அடித்து நொறுக்கு,Smash,,,,,verb,corpus_sourashtradictionary
"லாவ், லவொ","laav, lavo",மொழுகு / பூசு,Smear,,,,,verb,corpus_sourashtradictionary
"ஸவ்ரி, ஸவ்ருவொ","savri, savruvo",மொழுகு / பூசு,Smear,,,,,verb,corpus_sourashtradictionary
ஹுங்கி3 ஸா / ஸவொ,hunggi saa / savo,முகர்ந்து பார்,Smell,,,,,verb,corpus_sourashtradictionary
"ஆஸ், அஸுவொ","aas, asuvo",சிரி,Smile,,,,,verb,corpus_sourashtradictionary
"தோட், தொடு3வொ","tOT, toDuvo",வெடுக்கென பறி,Snatch,,,,,verb,corpus_sourashtradictionary
"உக்கி, உக்குவொ","ukki, ukkuvo",வெடுக்கென பறி,Snatch,,,,,verb,corpus_sourashtradictionary
"ஸிகி3ர், ஸிகு3ருவொ","sigir, siguruvo",தும்மு,Sneeze,,,,,verb,corpus_sourashtradictionary
"பி3ஜ்ஜாட், பி3ஜ்ஜடு3வொ","bijjaaT, bijjaDuvo",ஊறவை,Soak,,,,,verb,corpus_sourashtradictionary
பு3ஸ்கிட்டி ரோட் / ரொடு3வொ,buskiTTi rOT / roDuvo,குலுங்கி அழு,Sob,,,,,verb,corpus_sourashtradictionary
"பொள்கி3, பொள்கு3வொ","poLgi, poLguvo",பழகு,Socialize,,,,,verb,corpus_sourashtradictionary
"அடாட், அடடு3வொ","aTaaT, aTaDuvo","சுண்டச்செய், கெட்டியாக்கு",Solidify,,,,,verb,corpus_sourashtradictionary
"திராட், திரடு3வொ","tiraaT, tiraDuvo",தீர்த்து வை,Solve,,,,,verb,corpus_sourashtradictionary
பீகு கா4ல் / க4லுவொ,peeku ghaal / ghaluvo,"பயிரிடு, விதையிடு",Sow,,,,,verb,corpus_sourashtradictionary
வத்தொ கேர் / கெருவொ,vatto kEr / keruvo,பேசு,Speak,,,,,verb,corpus_sourashtradictionary
"ஸார், ஸருவொ","saar, saruvo",செலவிடு,Spend,,,,,verb,corpus_sourashtradictionary
"சொல்லாட், சொல்லடு3வொ","collaaT, collaDuvo",சிந்து,Spill,,,,,verb,corpus_sourashtradictionary
சுட்டு பி2ராட் / பி2ரடு3வொ,cuTTu phiraaT / phiraDuvo,சுழற்று,Spin,,,,,verb,corpus_sourashtradictionary
"மோள், மொளுவொ","mOL, moLuvo",நூல் திரி,Spin,,,,,verb,corpus_sourashtradictionary
தாக் கா2ட் / க2டு3வொ,taak khaaT / khaDuvo,நூல் திரி,Spin,,,,,verb,corpus_sourashtradictionary
"தூ2வ், து2வொ","thoov, thuvo",தூ2வ்,Spit,,,,,verb,corpus_sourashtradictionary
"து3ள்கி, து3ள்குவொ","duLki, duLkuvo",வாயிலெடு,Spit up,,,,,verb,corpus_sourashtradictionary
"செது3ராட், செது3ரடு3வொ","ceduraaT, ceduraDuvo","சிதற விடு, தெறிக்கச்செய்",Splash,,,,,verb,corpus_sourashtradictionary
பா2ட்3 கேர் / கெருவொ,phaaD kEr / keruvo,பிள,Split,,,,,verb,corpus_sourashtradictionary
"விஸ்தரிஞ்சி, விஸ்தரிஞ்சுவொ","vistarinjci, vistarinjcuvo","விரிவாக்கு, பரப்பு",Spread,,,,,verb,corpus_sourashtradictionary
"சிலிஞ்சி, சிலிஞ்சுவொ","cilinjci, cilinjcuvo",தெளி,Sprinkle,,,,,verb,corpus_sourashtradictionary
"ஸிஞ்சி, ஸிஞ்சுவொ","sinjci, sinjcuvo",தெளி,Sprinkle,,,,,verb,corpus_sourashtradictionary
"தெ2ள்சி, தெ2ள்சுவொ","theLci, theLcuvo",தெளி,Sprinkle,,,,,verb,corpus_sourashtradictionary
ஸொடு3முஞ்ஜொ கேர் / கெருவொ,soDumunjjo kEr / keruvo,வாசல் தெளி,Sprinkle the front yard,,,,,verb,corpus_sourashtradictionary
"தேஸ், தெஸுவொ","tEs, tesuvo",நசுக்கு,Squash,,,,,verb,corpus_sourashtradictionary
"பிவ்லி, பிவ்லுவொ","pivli, pivluvo","பிழி, கசக்கு",Squeeze,,,,,verb,corpus_sourashtradictionary
"பீள், பிளுவொ","peeL, piLuvo","பிழி, முறுக்கு",Squeeze,,,,,verb,corpus_sourashtradictionary
"குஸ்கி, குஸ்குவொ","kuski, kuskuvo",குத்து,Stab,,,,,verb,corpus_sourashtradictionary
சாகு ஹால் கூ2பி3 / கு2பு3வொ,caaku haal khoobi / khubuvo,கத்தியால் குத்து,Stab,,,,,verb,corpus_sourashtradictionary
"அட்கி, அட்குவொ","aTki, aTkuvo",அடுக்கி வை,Stack,,,,,verb,corpus_sourashtradictionary
ஹிப்3பி3 ர்ஹா / ர்ஹவொ,hibbi rhaa / rhavo,நில்,Stand,,,,,verb,corpus_sourashtradictionary
"ஹூட், ஹுடு3வொ","hooT, huDuvo",எழு,Stand,,,,,verb,corpus_sourashtradictionary
ஹர்ம்பம் கேர் / கெருவொ,harmpam kEr / keruvo,"தொடங்கு, ஆரம்பி",Start,,,,,verb,corpus_sourashtradictionary
"மாட், மடு3வொ","maaT, maDuvo","தொடங்கு, ஆரம்பி",Start,,,,,verb,corpus_sourashtradictionary
"நிகி3ள், நிகு3ளுவொ","nigiL, niguLuvo","புறப்படு, கிளம்பு",Start,,,,,verb,corpus_sourashtradictionary
உல்கி போட் / பொடு3வொ,ulki pOT / poDuvo,திடுக்கிடு,Startle,,,,,verb,corpus_sourashtradictionary
வஸன் கேர் / கெருவொ,vasan kEr / keruvo,தங்கு,Stay,,,,,verb,corpus_sourashtradictionary
"ஒத்தி, ஒத்துவொ","otti, ottuvo",ஒதுங்கு,Stay aside,,,,,verb,corpus_sourashtradictionary
ஒத்தி ஹிப்3பி3 ர்ஹா,otti hibbi rhaa,"தள்ளி இரு, தள்ளி நில், விலகி இரு",Stay away,,,,,verb,corpus_sourashtradictionary
"சோர், சொருவொ","cOr, coruvo",திருடு,Steal,,,,,verb,corpus_sourashtradictionary
"ஸுவ்ஜி, ஸுவ்ஜுவொ","suvji, suvjuvo",அவி,Steam,,,,,verb,corpus_sourashtradictionary
"தே3ஸ், தெ3ஸுவொ","dEs, desuvo",ஒட்டு,Stick,,,,,verb,corpus_sourashtradictionary
"(விஞ்சு ஸொகன்) தொஞ்சி, தொஞ்சுவொ","(vinjcu sokan) tonjci, tonjcuvo",(கொடுக்கால்) கொட்டு,Sting,,,,,verb,corpus_sourashtradictionary
"ஒங்கி3, ஒங்கு3வொ","onggi, ongguvo",குனி,Stoop,,,,,verb,corpus_sourashtradictionary
ஹிப்பி3 ர்ஹவாட் / ர்ஹவடு3வொ,hipbi rhavaaT / rhavaDuvo,நிறுத்து,"Stop, Prevent",,,,,verb,corpus_sourashtradictionary
"நித்ராட், நித்ரடு3வொ","nitraaT, nitraDuvo",வடிகட்டு,Strain,,,,,verb,corpus_sourashtradictionary
கெ3லொ பிஸ்கி / பிஸ்குவொ,gelo piski / piskuvo,கழுத்தை நெரி,Strangle,,,,,verb,corpus_sourashtradictionary
"அந்தி3, அந்து3வொ","andi, anduvo",எட்டு,Stretch out,,,,,verb,corpus_sourashtradictionary
திவுஞ்சி தோ2வ் / தொ2வொ,tivunjci thOv / thovo,திணித்து வை,Stuff it,,,,,verb,corpus_sourashtradictionary
"பெ3து3ராட், பெ3து3ரடு3வொ","beduraaT, beduraDuvo",பிரமிக்கச் செய்,Stun,,,,,verb,corpus_sourashtradictionary
"உட்3கா4ட், உட்3க3டு3வொ","uDghaaT, uDgaDuvo",அடக்கு,Subdue,,,,,verb,corpus_sourashtradictionary
"என்கி3, என்கு3வொ","engi, enguvo",அடங்கு,Submit,,,,,verb,corpus_sourashtradictionary
ஸமர்ப்பித் கேர் / கெருவொ,samarppit kEr / keruvo,சமர்ப்பி,Submit it,,,,,verb,corpus_sourashtradictionary
"ஜூ2ர், ஜு2ருவொ","jhoor, jhuruvo",உறிஞ்சு,Suck,,,,,verb,corpus_sourashtradictionary
கெஷ்டம் போட் / பொடு3வொ,keshTam pOT / poDuvo,கஷ்டப்படு,Suffer,,,,,verb,corpus_sourashtradictionary
பெ3து3ராட் / பெ3து3ரடு3வொ,beduraaT / beduraDuvo,ஆச்சரியப்படுத்து,"Surprise, Amaze",,,,,verb,corpus_sourashtradictionary
"நிள்ச்சி, நிள்ச்சுவொ","niLcci, niLccuvo",நிலைத்திரு,Survive,,,,,verb,corpus_sourashtradictionary
"கீ3ல், கி3லுவொ","geel, giluvo",முழுங்கு,Swallow,,,,,verb,corpus_sourashtradictionary
"மிங்கி3, மிங்கு3வொ","minggi, mingguvo",முழுங்கு,Swallow,,,,,verb,corpus_sourashtradictionary
குப்பொ வார் / வருவொ,kuppo vaar / varuvo,"அள்ளு, குப்பை பெருக்கு",Sweep,,,,,verb,corpus_sourashtradictionary
வார் / வருவொ,vaar / varuvo,"அள்ளு, வாரி எடு",Sweep,,,,,verb,corpus_sourashtradictionary
"து4ண்டி3, து4ண்டு3வொ","dhuNDi, dhuNDuvo",நீந்து,Swim,,,,,verb,corpus_sourashtradictionary
"தீர், திருவொ","teer, tiruvo",நீந்து,Swim,,,,,verb,corpus_sourashtradictionary
"ஈதொ கா2ள், ஈதொ களுவொ","eeto khaaL, eeto kaLuvo",நீந்து,Swim,,,,,verb,corpus_sourashtradictionary
"ஹிந்தா3ல், ஹிந்த3லுவொ","hindaal, hindaluvo",ஊஞ்சலாடு,Swing,,,,,verb,corpus_sourashtradictionary
சுட்டு பி2ராட் / பி2ரடு3வொ,cuTTu phiraaT / phiraDuvo,சுழற்று,Swirl,,,,,verb,corpus_sourashtradictionary
"ஹேட், ஹெடு3வொ","hET, heDuvo",எடு,"Take, Pick",,,,,verb,corpus_sourashtradictionary
"க2ல்லெ, க2ல்லுவொ","khalle, khalluvo",எடு,"Take, Pick",,,,,verb,corpus_sourashtradictionary
"லெஜ்ஜா, லெஜ்ஜவொ","lejjaa, lejjavo",கொண்டு போ,Take away,,,,,verb,corpus_sourashtradictionary
"கௌ3ஞ்சிலெ, கௌ3ஞ்சுலுவொ","gaunjcile, gaunjculuvo",கவனித்துக் கொள்,Take care,,,,,verb,corpus_sourashtradictionary
வத்தொ கேர் / கெருவொ,vatteaa kEr / keruvo,பேசு,Talk,,,,,verb,corpus_sourashtradictionary
"ஶுந்தி3, ஶுந்து3வொ","ssundi, ssunduvo",பதனிடு,Tan,,,,,verb,corpus_sourashtradictionary
"மிட்டி, மிட்டுவொ","miTTi, miTTuvo","சுண்டு, கொட்டு",Tap,,,,,verb,corpus_sourashtradictionary
"ருசி ஸா, ருசி ஸவொ","ruci saa, ruci savo",சுவைத்துப்பார்,Taste,,,,,verb,corpus_sourashtradictionary
"ஸிக்காட், ஸிக்கடு3வொ","sikkaaT, sikkaDuvo",கற்றுக் கொடு,Teach,,,,,verb,corpus_sourashtradictionary
"பா2ட்3, ப2டு3வொ","phaaD, phaDuvo",கிழி,Tear,,,,,verb,corpus_sourashtradictionary
"மேன், மெனுவொ","mEn, menuvo",சொல்,Tell,,,,,verb,corpus_sourashtradictionary
"ஸங்கி3, ஸங்கு3வொ","sanggi, sangguvo",சொல்,Tell,,,,,verb,corpus_sourashtradictionary
ஹவ்டி3 ஸா / ஸவொ,havDi saa / savo,சிந்தி,Think,,,,,verb,corpus_sourashtradictionary
யோஜனொ கேர் / கெருவொ,yOjano kEr / keruvo,யோசி,Think,,,,,verb,corpus_sourashtradictionary
"போம், பொமுவொ","pOm, pomuvo",(ஊசியில் நூல்) கோர்,Thread (a needle),,,,,verb,corpus_sourashtradictionary
"வீஸ், விஸுருவொ","vees, visuruvo",எறி,Throw,,,,,verb,corpus_sourashtradictionary
"ப4ந்தி3, ப4ந்து3வொ","bhandi, bhanduvo",கட்டு,Tie,,,,,verb,corpus_sourashtradictionary
"பி3கு3ஞ்சி, பி3கு3ஞ்சுவொ","bigunjci, bigunjcuvo",இறுக்கு,Tighten,,,,,verb,corpus_sourashtradictionary
ஹோட்3 கேர் / கெருவொ,hOD kEr / keruvo,இறுக்கு,Tighten,,,,,verb,corpus_sourashtradictionary
ஓர்ப்பு கெர்லெ / கெர்லுவொ,Orppu kerle / kerluvo,பொறுத்துக்கொள்,Tolerate,,,,,verb,corpus_sourashtradictionary
"ஸெகு3ஞ்சிலெ, ஸெகு3ஞ்சுலுவொ","segunjcile, segunjculuvo",சகித்துக்கொள்,Tolerate,,,,,verb,corpus_sourashtradictionary
"தே4ர், தெ4ருவொ","dhEr, dheruvo",தொடு,Touch,,,,,verb,corpus_sourashtradictionary
"து3மாட், து3மடு3வொ","dumaaT, dumaDuvo",பழக்கு,Train,,,,,verb,corpus_sourashtradictionary
"ஶிக்காட், ஶிக்கடு3வொ","ssikkaaT, ssikkaDuvo",பழக்கு,Train,,,,,verb,corpus_sourashtradictionary
"தொக்கி, தொக்குவொ","teaakki, tokkuvo",காலால் மிதி,Trample,,,,,verb,corpus_sourashtradictionary
உபசார் கேர் / கெருவொ,upacaar kEr / keruvo,உபசரி,Treat,,,,,verb,corpus_sourashtradictionary
"எத்தன் கேர், எத்தன் கெருவொ","ettan kEr, ettan keruvo",முயற்சி செய்,Try,,,,,verb,corpus_sourashtradictionary
"பி2வ்ரி, பி2வ்ருவொ","phivri, phivruvo",திருப்பு,Turn,,,,,verb,corpus_sourashtradictionary
"பீ2ர், பி2ருவொ","pheer, phiruvo",திரும்பு,Turn around,,,,,verb,corpus_sourashtradictionary
"ம்ஹொவ்லி, ம்ஹொவ்லுவொ","mhovli, mhovluvo",அணை,"Turn off, Switch off",,,,,verb,corpus_sourashtradictionary
"மெர்ஸி, மெர்ஸுவொ","mersi, mersuvo",மின்னு,"Twinkle, Glitter",,,,,verb,corpus_sourashtradictionary
"முவ்ரி, முவ்ருவொ","muvri, muvruvo","திருகு, முறுக்கு",Twist,,,,,verb,corpus_sourashtradictionary
பீள் கா4ல் / க4லுவொ,peeL ghaal / ghaluvo,"திருகு, முறுக்கு",Twist,,,,,verb,corpus_sourashtradictionary
"ஊள், உளுவொ","uuL, uLuvo","திருகு, முறுக்கு",Twist,,,,,verb,corpus_sourashtradictionary
ப4ராட் அவாட் / அவடு3வொ,bharaaT avaaT / avaDuvo,வெளிப்படுத்து,Uncover,,,,,verb,corpus_sourashtradictionary
உன்னொகெரி க3ணிஞ்சி / க3ணிஞ்சுவொ,unnokeri gaNinjci / gaNinjcuvo,குறைத்து மதிப்பிடு,Underestimate,,,,,verb,corpus_sourashtradictionary
ஜனி போட் / பொடு3வொ,jani pOT / poDuvo,உட்படு,Undergo,,,,,verb,corpus_sourashtradictionary
இவர் கெர்லெ / கெர்லுவொ,ivar kerle / kerluvo,புரிந்துகொள்,Understand,,,,,verb,corpus_sourashtradictionary
இவர் பொட3ள்ளெ / பொட3ள்ளுவொ,ivar poDaLLe / poDaLLuvo,புரிந்துகொள்,Understand,,,,,verb,corpus_sourashtradictionary
க2ல்லி கேர் / கெருவொ,khalli kEr / keruvo,மேற்கொள்,Undertake,,,,,verb,corpus_sourashtradictionary
"ஸொவ்டி3, ஸொவ்டு3வொ","sovDi, sovDuvo",கழட்டு,Undress,,,,,verb,corpus_sourashtradictionary
"ஹூட், ஹுடு3வொ","hooT, huDuvo",பிரி,Unfold,,,,,verb,corpus_sourashtradictionary
தொ3ரி ஸொவ்டி3 ஸோட் / ஸொடு3வொ,dori sovDi sOT / soDuvo,கட்டவிழ்த்து விடு,Unleash,,,,,verb,corpus_sourashtradictionary
க4ந்த்ரொ ஸொவ்டி3 / ஸொவ்டு3வொ,ghantro sovDi / sovDuvo,கட்டைப் பிரி,Unpack,,,,,verb,corpus_sourashtradictionary
"ஸொவ்டி3, ஸொவ்டு3வொ","sovDi, sovDuvo","அவிழ், கழட்டு",Untie,,,,,verb,corpus_sourashtradictionary
"ஸொவ்டி3, ஸொவ்டு3வொ","sovDi, sovDuvo",அவிழ்த்து விடு,Unwrap,,,,,verb,corpus_sourashtradictionary
நொவ்வொ கேர் / கெருவொ,novvo kEr / keruvo,புதுப்பி,Update,,,,,verb,corpus_sourashtradictionary
பி4ள்ளொ கேர் / கெருவொ,bhiLLo kEr / keruvo,மேம்படுத்தல்,Upgrade,,,,,verb,corpus_sourashtradictionary
ஆத3ரொ தே3 / தெவொ,aadaro dE / tevo,ஆதரி,Uphold,,,,,verb,corpus_sourashtradictionary
இவர் ஹிங்கா3ட் / ஹிங்க3டு3வொ,ivar hinggaaT / hinggaDuvo,பதிவேற்றவும்,Upload,,,,,verb,corpus_sourashtradictionary
மூள் ஸெரொ உக்கி / உக்குவொ,mooL sero ukki / ukkuvo,வேரோடு பிடுங்கு,Uproot,,,,,verb,corpus_sourashtradictionary
"அல்லாட், அல்லடு3வொ","allaaT, allaDuvo",அவசரப்படு,Urge,,,,,verb,corpus_sourashtradictionary
உபயோக்3 கேர் / கெருவொ,upayOg kEr / keruvo,பயன்படுத்து,Use,,,,,verb,corpus_sourashtradictionary
"உபயுகி3, உபயுகு3வொ","upayugi, upayuguvo",பயன்படுத்து,Use,,,,,verb,corpus_sourashtradictionary
"வௌரி, வௌவ்ருவொ","vauri, vauvruvo",பயன்படுத்து,Use,,,,,verb,corpus_sourashtradictionary
உபயோக்3 கேர் / கெருவொ,upayOg kEr / keruvo,உபயோகி,Utilize,,,,,verb,corpus_sourashtradictionary
வெதுர்ஞ்ஸிவி தோ2வ் / தொ2வொ,veturnjsivi thOv / thovo,தடுப்பூசி போடு,Vaccinate,,,,,verb,corpus_sourashtradictionary
ஸெர்க்கொ ஸா / ஸவொ,serkko saa / savo,சரி பார்,Validate,,,,,verb,corpus_sourashtradictionary
ஸெர்க்கொ ஸா / ஸவொ,serkko saa / savo,சரி பார்,Verify,,,,,verb,corpus_sourashtradictionary
"ஸா, ஸவொ","saa, savo",பார்,View,,,,,verb,corpus_sourashtradictionary
"தா3ட், த3டு3வொ","daaT, daDuvo",மீறு,Violate,,,,,verb,corpus_sourashtradictionary
"லுண்டி3, லுண்டு3வொ","luNDi, luNDuvo",மீறு,Violate,,,,,verb,corpus_sourashtradictionary
ப்ரவேஶ் கேர் / கெருவொ,pravEss kEr / keruvo,வருகை தா,Visit,,,,,verb,corpus_sourashtradictionary
விஜயம் கேர் / கெருவொ,vijayam kEr / keruvo,வருகை தா,Visit,,,,,verb,corpus_sourashtradictionary
கல்பனொ கெரி ஸா / ஸவொ,kalpano keri saa / savo,கற்பனை செய்துபார்,Visualize,,,,,verb,corpus_sourashtradictionary
ஒக3ரி கேர் / கெருவொ,ogari kEr / keruvo,வாந்தி எடு,Vomit,,,,,verb,corpus_sourashtradictionary
வம்னி கேர் / கெருவொ,vamni kEr / keruvo,வாந்தி எடு,Vomit,,,,,verb,corpus_sourashtradictionary
"ஓடு தாய், ஓடு தவொ","OTu taay, OTu tavo",வாக்களி,Vote,,,,,verb,corpus_sourashtradictionary
"ர்ஹக்கி, ர்ஹக்குவொ","rhakki, rhakkuvo",காத்திரு,Wait,,,,,verb,corpus_sourashtradictionary
"ர்ஹா, ர்ஹவொ","rhaa, rhavo","இரு, தங்கு",Wait,,,,,verb,corpus_sourashtradictionary
"நோஸ், நொஸுவொ","nOs, nosuvo",பொறு,Wait,,,,,verb,corpus_sourashtradictionary
"ஜாய், ஜவொ","jaay, javo",விழித்தெழு,Wake,,,,,verb,corpus_sourashtradictionary
"சால், சலுவொ","caal, caluvo",நட,Walk,,,,,verb,corpus_sourashtradictionary
"ஹிண்டி3, ஹிண்டு3வொ","hiNDi, hiNDuvo",சுற்றித்திரி,Wander,,,,,verb,corpus_sourashtradictionary
இஷ்டம் போட் / பொடு3வொ,ishTam pOT / poDuvo,விருப்பம் கொள்,Want,,,,,verb,corpus_sourashtradictionary
"தூ4வ், து4வொ","dhoov, dhuvo",கழுவு,Wash,,,,,verb,corpus_sourashtradictionary
"மஞ்ஜி, மஞ்ஜுவொ","manjji, manjjuvo",துலக்கு,Wash,,,,,verb,corpus_sourashtradictionary
"மோஸ், மொஸுவொ","mOs, mosuvo",அலம்பு,Wash,,,,,verb,corpus_sourashtradictionary
"கு4ஞ்ஜி, கு4ஞ்ஜுவொ","ghunjji, ghunjjuvo",துவை,Wash (Clothes),,,,,verb,corpus_sourashtradictionary
"நிங்கி, நிங்குவொ","ningki, ningkuvo",துவை,Wash clothes,,,,,verb,corpus_sourashtradictionary
க3வுஞ்சி ஸா / ஸவொ,gavunjci saa / savo,கூர்ந்து நோக்கு,Watch,,,,,verb,corpus_sourashtradictionary
"க4ல்லெ, க4ல்லுவொ","ghalle, ghalluvo",அணிந்துகொள்,Wear,,,,,verb,corpus_sourashtradictionary
"பி2ல்லெ, பி2ல்லுவொ","phille, philluvo",அணிந்துகொள்,Wear,,,,,verb,corpus_sourashtradictionary
"தி3ஜாட், தி3ஜடு3வொ,","dijaaT, dijaDuvo,",தேய்ந்து போக வை,Wear it away,,,,,verb,corpus_sourashtradictionary
"வீன், வினுவொ","veen, vinuvo",நெய்,Weave,,,,,verb,corpus_sourashtradictionary
"ரோட், ரொடு3வொ","rOT, roDuvo",அழு,Weep,,,,,verb,corpus_sourashtradictionary
"பா4ர் தாய், பா4ர் தவொ","bhaar taay, bhaar tavo",எடை போடு,Weigh,,,,,verb,corpus_sourashtradictionary
ஜோக்3 / ஜொகு3வொ,jOg / joguvo,எடையிடு,Weigh,,,,,verb,corpus_sourashtradictionary
"பொள்ளிபோட், பொள்ளிபொடு3வொ","poLLipOT, poLLipoDuvo",புரளு,Welter,,,,,verb,corpus_sourashtradictionary
ஒல்லொ கேர் / கெருவொ,ollo kEr / keruvo,ஈரமாக்கு,Wet,,,,,verb,corpus_sourashtradictionary
"பி3வ்ஜி, பி3வ்ஜுவொ","bivji, bivjuvo",நனை,Wet,,,,,verb,corpus_sourashtradictionary
"ப2ங்கி3ட், ப2ங்கி3டு3வொ","phanggiT, phanggiDuvo",(முறத்தால்) புடை,Winnow,,,,,verb,corpus_sourashtradictionary
"போஸ், பொஸுவொ","pOs, posuvo",துடை,Wipe,,,,,verb,corpus_sourashtradictionary
ஆஸ்தொ போட் / பொடு3வொ,aasto pOT / poDuvo,ஆசைப்படு,Wish,,,,,verb,corpus_sourashtradictionary
"பாய்ஞ்போட், பாய்ஞ்பொடு3வொ","paaynjpOT, paaynjpoDuvo",வழிபடு,Worship,,,,,verb,corpus_sourashtradictionary
"ப2ங்கி3ல்லெ, ப2ங்கு3ல்லுவொ","phanggille, phanggulluvo",போர்த்திக்கொள்,Wrap up,,,,,verb,corpus_sourashtradictionary
"முவ்ரி, முவ்ருவொ","muvri, muvruvo",முறுக்கு,Wring,,,,,verb,corpus_sourashtradictionary
"லிக்கி, லிக்குவொ","likki, likkuvo",எழுது,Write,,,,,verb,corpus_sourashtradictionary
தொ4ம்ப்3ளாய் தே3 / தெ3வொ,dhombLaay dE / devo,கொட்டாவி விடு,Yawn,,,,,verb,corpus_sourashtradictionary
ஸொடி3 தே4ர் / தெ4ருவொ,soDi dhEr / dheruvo,விட்டுக்கொடு,Yield,,,,,verb,corpus_sourashtradictionary
உபகரணொ,upakaraNo,கருவி,Apparatus,ரஸஶாலாம் ஜு2கு3 உபகரணானுக் ஸவாயி,rasassaalaam jhugu upakaraNaanuk savaayi,ஆய்வகத்தில் பல கருவிகளை நாம் பார்க்கலாம்,We can see many apparatus in the laboratory,tools,corpus_sourashtradictionary
ஸாத4னொ,saadhano,கருவி,"Device, Tool",ஸங்க3ணகொ ஒண்டெ ஶக்திஹொயெ ஸாத4னொ,sanggaNako oNTe ssaktihoye saadhano,கணினி ஒரு சக்திவாய்ந்த கருவி,Computer is a powerful tool,tools,corpus_sourashtradictionary
"ஐது3, அய்து3","aidu, aydu",ஆயுதம்,Weapon,மோனொ சாகு ஒண்டெ ஆபத்3ஹொயெ அய்து3,mOno caaku oNTe aapadhoye aydu,கூர்மையான கத்தி ஒரு ஆபத்தான ஆயுதம்,Sharp knife is a dangerous weapon,tools,corpus_sourashtradictionary
அஸ்த்ரம்,astram,ஆயுதம்,Weapon,முந்த3டி3 கலமு த4னுகின் பா3ணு முக்ய அஸ்த்ரொகன் ஹொதெ3ஸ்,mundaDi kalamu dhanukin baaNu mukya astrokan hodes,பழங்காலத்தில் வில்லும் அம்பும் முக்கிய ஆயுதங்களாக இருந்தன,In ancient times the bow and arrow were the main weapons,tools,corpus_sourashtradictionary
மூர்,moor,சுத்தியல்,Hammer,பீ4தும் கீல் ஹனத்தக் மூர் பஜெ,bheetum keel hanattak moor paje,சுவற்றில் ஆணி அடிக்க சுத்தியல் தேவை,A hammer is needed to hit the nail on the wall,tools,corpus_sourashtradictionary
கீல்,keel,ஆணி,Nail,தீ3 பொல்கானுக் கீலு ஹனி ஒண்டேஸ்கன் செர்ச்சுவாயி,dee polkaanuk keelu hani oNTEskan cerccuvaayi,இரண்டு பலகைகளை ஆணி அடித்து ஒன்றாக இணைக்கலாம்,Two planks can be joined by nailing them together,tools,corpus_sourashtradictionary
த3ந்தினி,dantini,குறடு,"Pincer, Pliers",த3ந்தினி ஒண்டெ வஸ்துக் தெ4ரி உட்சத்தக் நுக3ஸு,dantini oNTe vastuk dheri uTcattak nugasu,குறடு ஒரு பொருளைப் பிடித்து இழுக்க பயன்படுகிறது,The pincer is used to pullout an object,tools,corpus_sourashtradictionary
நிப்3ரொ,nibro,குறடு,"Pincer, Pliers",கீல் உக்கத்தக் நிப்3ரொ நுக3ஸு,keel ukkattak nibro nugasu,ஆணி பிடுங்க குறடு பயன்படுத்தப்படுகிறது,The pliers is used to pull the nail,tools,corpus_sourashtradictionary
பி3க்3ரொ,bigro,திருகி முடுக்கும் கருவி,Spanner,நஹொகின் அர்க3லிக் தி4ல்லொ கெரத்தக் பி3க்3ரொ நுக3ஸு,nahokin argalik dhillo kerattak bigro nugasu,நட்டு மற்றும் போல்ட்டை தளர்த்த திருகி பயன்படுத்தப்படுகிறது,Spanners is used to loosen the nut and bolt,tools,corpus_sourashtradictionary
க2னடி,khanaTi,கடப்பாரை,Crowbar,க2னடி க2ண்டி3 கொவ்ரத்தக் ஒர்க3யி,khanaTi khaNDi kovrattak orgayi,கடப்பாரை குழி தோண்டுவதற்கு பயன்படும்,A crowbar is used to dig pit,tools,corpus_sourashtradictionary
க2ந்துடொ,khantuTo,கடப்பாரை,Crowbar,பு4ய்ஞ் கொவ்ரரியொ க2ந்துடொ லம்பொ3 ர்ஹாயி,bhuynj kovrariyo khantuTo lambo rhaayi,பூமியை தோண்டும் கடப்பாரை நீளமாக இருக்கும்,The crowbar to dig the earth is long,tools,corpus_sourashtradictionary
பி4ந்தி,bhinti,உளி,Chisel,லைடா3க் ஆகார் தே3த்தக் பி4ந்தி நுக3ஸு,laiDaak aakaar dEttak bhinti nugasu,மரத்தை வடிவமைக்க உளி பயன்படுத்தப்படுகிறது,Chisel is used for shaping wood,tools,corpus_sourashtradictionary
டங்கு,Tangku,கல் வெட்டும் உளி,Stone cutter chisel,டங்க்னார் தெ3ய்டா3க் ஆகார் தே3த்தக் டங்கு ப்ரயோக்3 கெரராஸ்,Tangknaar deyDaak aakaar dEttak Tangku prayOg keraraas,சிற்பி கல்லை வடிவமைக்க உளி பயன்படுத்துகிறார்,The sculptor uses a chisel to shape the stone,tools,corpus_sourashtradictionary
ஹனடி,hanaTi,மரச்சுத்தியல்,Mallet,தெனொ ஹனடி ஹால் பனி கெ3ட்3டொ3 பொ2ட3ரஸ்,teno hanaTi haal pani geDDo phoDaras,அவன் மரச்சுத்தியால் பனிக்கட்டியை உடைக்கிறான்,He breaks the ice with a mallet,tools,corpus_sourashtradictionary
தா2ஸு,thaasu,இழைப்புளி,Hand Planer,ஹொடை3து தாஸு ஹால் பொள்காக் சிவெஸி,hoDaitu taasu haal poLkaak civesi,தச்சர் ஒரு இழைப்புளி மூலம் பலகையை இழைத்தார்,The carpenter leveled the plank with a hand planer,tools,corpus_sourashtradictionary
லாவு,laavu,வாள்,Sword,ரஜா கலமு லாவ் க2ல்லி மல்லியாஸி,rajaa kalamu laav khalli malliyaasi,அரசர் காலத்தில் வாள் ஏந்திப் போரிட்டனர்,During the reign of King they fought with swords,tools,corpus_sourashtradictionary
கத்கொ,katko,அரிவாள்,Sickle,கத்கொ ஹால் ஹரிணுக் கடனு,katko haal hariNuk kaTanu,அரிவாளால் களை எடுப்பார்கள்,Weeds are removed with sickle,tools,corpus_sourashtradictionary
பர்ஶு,parssu,கோடாரி,Axe,பர்ஶுராம் அய்து3 பர்ஶு,parssuraam aydu parssu,பரசுராமனின் ஆயுதம் கோடாரி,Parasuraman's weapon was an ax,tools,corpus_sourashtradictionary
சகி,caki,"இயந்திரம், ஆலை","Machine, Mill",தந்து3 பீடு சகி ஹொகலும் தயி லுப்3ப3ஸுன்,tandu peeTu caki hokalum tayi lubbasun,அரிசி மாவை இயந்திர உரலில் போட்டு அரைப்பார்கள்,Rice batter is ground in the grinding machine,tools,corpus_sourashtradictionary
நேலு,nElu,இயந்திரம்,Machine,நெலுன் மெனிகு காமு ஸல்லிஸ் கெரஸு,nelun meniku kaamu sallis kerasu,மனிதர்களின் வேலையை இயந்திரங்கள் எளிதாக்குகின்றன,Machines make human work easier,tools,corpus_sourashtradictionary
நெலும்,nelum,பஞ்சுபொதி அழுத்தும் இயந்திரம்,Cotton Bale pressing machine,கபு3ஸுக் நெலுமு தொ2வி க4ந்த்ரொ கி4ந்த3னு,kabusuk nelumu thovi ghantro ghindanu,பஞ்சை இயந்திரத்தில் வைத்து அழுத்தி மூட்டை கட்டுவார்கள்,The cotton is pressed in the bale machine and packed,tools,corpus_sourashtradictionary
ர்ஹெடொ3,rheDo,தையல் இயந்திரம்,Sewing Machine,பொ3ட்டொ ஸிவத்தக் ர்ஹெடொ3 நுக3ஸு,boTTo sivattak rheDo nugasu,ஆடைகளை தைக்க தையல் இயந்திரம் பயன்படும்,A sewing machine is used to sew clothes,tools,corpus_sourashtradictionary
மால்,maal,பட்டை,Pulley Belt,மால் தி4ல்லொ ர்ஹியெத் ர்ஹெடா3 செக்குர் ஜி2ர்க்கயி,maal dhillo rhiyet rheDaa cekkur jhirkkayi,பட்டை தளர்வாக இருந்தால் தையல் இயந்திரத்தின் சக்கரம் வழுக்கும்,If the strap is loose the wheel of the sewing machine will slip,tools,corpus_sourashtradictionary
லுங்க்டொ3,lungkDo,கத்தரிக்கோல்,Scissors,டங்க்னார் ஹாதும் டங்கு ஸொகன் ஸிம்பி3 ஹாதும் ஸேத்தெ லுங்க்டொ3,Tangknaar haatum Tangku sokan simbi haatum sEtte lungkDo,சிற்பியின் கையில் உளி போல் தையல்காரரின் கையில் உள்ள கத்தரிக்கோல்,Scissors in the hands of the tailor is like a chisel in the hand of the sculptor,tools,corpus_sourashtradictionary
லுங்க்ளொ,lungkLo,கத்தரிக்கோல்,Scissors,பொ3ட்டொ குட்கொ கெரத்தக் லுங்க்ளொ நுக3ஸு,boTTo kuTko kerattak lungkLo nugasu,துணியை வெட்ட கத்தரிக்கோல் பயன்படுகிறது,Scissors are used to cut the cloth,tools,corpus_sourashtradictionary
கெத்திரிக்கெ,kettirikke,கத்தரிக்கோல்,Scissors,கெத்திரிக்கெ ஹால் நெக்கு மெல்லொ குட்கொ கெருவாயி,kettirikke haal nekku mello kuTko keruvaayi,கத்தரிக்கோலால் நகத்தை கூட வெட்ட முடியும்,Scissors can also cut the nail,tools,corpus_sourashtradictionary
ஸிவி,sivi,ஊசி,Needle,ஸிவிம் தொ3ரி பொமொத்தக் தொ3ளா ஸனி சொக்கட் ர்ஹனொ,sivim dori pomottak doLaa sani cokkaT rhano,ஊசியில் நூல் கோர்க்க கண் பார்வை நன்றாக இருக்கவேண்டும்,Eye sight should be good for threading a needle,tools,corpus_sourashtradictionary
தொ3ரி செண்டு3,dori ceNDu,நூல்கண்டு,Thread bundle,தொ3ரி செண்டு3ன் பொ4வெ வனினும் அப்3ப3ஸு,dori ceNDun bhove vaninum abbasu,நூல்கண்டுகள் நிறைய வண்ணங்களில் கிடைக்கின்றன,Thread bundles are available in a lot of colors,tools,corpus_sourashtradictionary
த3பன் ஸிவி,dapan sivi,"கோணி ஊசி, சாக்கு ஊசி",Sack sewing needle,கெச்சந்தி3கு த3பன் ஸிவிஹால் ஸிவஸுனு,keccandiku dapan sivihaal sivasunu,சாக்குப்பையை கோணி ஊசியால் தைப்பார்கள்,Sacks are sewn with sack sewing needle,tools,corpus_sourashtradictionary
ஹல்லொ,hallo,"கலப்பை, ஏர், ஏர்க்கால்",Plough,நங்கு3னாருன் ஹல்லொ ஹால் கே2துக் நங்க3னு,nanggunaarun hallo haal khEtuk nangganu,விவசாயிகள் கலப்பையால் வயலை உழுவார்கள்,Farmers plow the field with plows,tools,corpus_sourashtradictionary
ஏடி3கோல,EDikOla,"கலப்பை, ஏர், ஏர்க்கால்",Plough,நங்கு3னாருன் கொ3ருக் ஏடி3கோலாம் ஸம்டடி3கின் கே2துக் ஜுன்னஸுன்,nanggunaarun goruk EDikOlaam samTaDikin khEtuk junnasun,விவசாயிகள் ஏரில் எருகளை பூட்டி வயலை உழுவார்கள்,Farmers lock the oxen in the plow and plow the field,tools,corpus_sourashtradictionary
கூப3ரொ,koobaro,"கலப்பை, ஏர், ஏர்க்கால்",Plough,கூப3ராக் அவ்ங்கி தெ4ரி உட்சத்தவேள் அடு3க்கு ஸேத்தெ மத்தி ஹொல்லொ அவஸு,koobaraak avngki dheri uTcattavEL aDukku sEtte matti hollo avasu,ஏர்க்காலை அழுத்திப் பிடித்து இழுக்கும் போது கீழே உள்ள மண் மேலே வருகிறது,The soil below comes up when the plow is pressed and pulled,tools,corpus_sourashtradictionary
நுகொ3,nugo,நுகத்தடி,Yoke (part of bullock cart),கொ3ருனுக் நுகா3ம் ஸொவ்ண்டடி3 கொ3ரு பொ3ண்டி3 தொ3வ்ட2னு,gorunuk nugaam sovNTaDi goru boNDi dovThanu,மாடுகளை நுகத்தடியில் மாட்டி மாட்டுவண்டியை ஓட்டுவார்கள்,The bullock catrs are driven by locking the oxen under the yoke,tools,corpus_sourashtradictionary
ப4ஸ்து,bhastu,துருத்தி,Bellows,ஹுலொ ம்ஹௌஜனாத்தக் ர்ஹாத்தக் ப4ஸ்து ஹால் வர ஹனன்,hulo mhaujanaattak rhaattak bhastu haal vara hanan,நெருப்பு அணையாமல் இருக்க துருத்தியால் காற்றடிப்பார்கள்,The air is blown through the bellows to keep the fire burning,tools,corpus_sourashtradictionary
சாடொ,caaTo,சாட்டை,Whip,கொ3ரு பி3ஸ்ஸொ த4மத்தக் சாடொ ஹால் ஹனனு,goru bisso dhamattak caaTo haal hananu,மாடு வேகமாக ஓடுவதற்கு சாட்டையால் அடிப்பார்கள்,The cow is beaten with a whip to make it run faster,tools,corpus_sourashtradictionary
ஸானு,saanu,சாணைக்கல்,Grinding stone,சாகுக் ஸானும் கெ3ஸிகின் மொனொ கெரனு,caakuk saanum gesikin mono keranu,கத்தியை சாணைக்கல்லில் தேய்த்து கூராக்குவார்கள்,The knife is rubbed on the grindstone and sharpened,tools,corpus_sourashtradictionary
ஹிக்மத்,hikmat,சூழ்ச்சி,Trick,பொ3லம் ந்ஹாத்தெனொ ஹிக்மத் கெரிகின் ஜெவுஞ்சஸு,bolam nhaatteno hikmat kerikin jevunjcasu,பலம் இல்லாதவன் தந்திரம் செய்து வெல்கிறான்,He who has no strength wins by trickery,bad-attribute,corpus_sourashtradictionary
ஹுபா3வ்,hubaav,"தந்திரம், சூழ்ச்சி","Cunning, Trick",தெனொ ஹுபா3வி,teno hubaavi,அவன் தந்திரமானவன்,He is cunning,bad-attribute,corpus_sourashtradictionary
தூ4ர்தொ,dhoorto,"தந்திரம், சூழ்ச்சி","Cunning, Trick",தூ4ர்தொ ஜொவள் ர்ஹீ து3தூ3ர் ர்ஹனொ,dhoorto jovaL rhee dudoor rhano,தந்திரமான நபரிடமிருந்து விலகி இருங்கள்,Stay away from the cunning person,bad-attribute,corpus_sourashtradictionary
அடா3த்,aDaat,"அநியாயம், அடாவடி. கொடுமை","Injustice, Atrocity",இஸனி அடா3த் கோன் கெரத்தக் முஸை?,isani aDaat kOn kerattak musai?,இப்படிப்பட்ட அடாவடியை யாரால் செய்ய முடியும்?,Who could be capable of such atrocity?,bad-attribute,corpus_sourashtradictionary
திமுர்,timur,"கர்வம், அகந்தை, செருக்கு, திமிர், ஆணவம்","Arrogance, Hauteur",தெனு வேன் திமுர் தெ4ர்யாத்தெனு,tenu vEn timur dheryaattenu,அவர் மிகவும் திமிர் பிடித்தவர்,He is very arrogant,bad-attribute,corpus_sourashtradictionary
கெ3ருவ்,geruv,"கர்வம், அகந்தை, செருக்கு, திமிர், ஆணவம்","Arrogance, Hauteur",கெ3ருவ் அஸ்கியொ நஸினம் கெர்த்தை,geruv askiyo nasinam kerttai,ஆணவம் எல்லாவற்றையும் அழித்துவிடும்,Arrogance will destroy everything,bad-attribute,corpus_sourashtradictionary
மௌஜொ,maujo,"கர்வம், அகந்தை, செருக்கு, திமிர், ஆணவம்","Arrogance, Hauteur",த4ன மௌஜாக் மொர்க்3யாத் அப்3பு3னா,dhana maujaak morgyaat abbunaa,பணத் திமிருக்கு மரியாதை கிடைக்காது,There is no respect for money arrogance,bad-attribute,corpus_sourashtradictionary
மௌஜட்3,maujaD,"கர்வம், அகந்தை, செருக்கு, திமிர், ஆணவம்","Arrogance, Hauteur",த4ன மௌஜடு3 மித்ருப்பனுக் நஸ்தை,dhana maujaDu mitruppanuk nastai,செல்வத்தின் ஆணவம் நட்பைக் கெடுக்கும்,The arrogance of wealth spoils friendships,bad-attribute,corpus_sourashtradictionary
ஹங்க்ருதி,hangkruti,"அகந்தை, அகங்காரம்","Haughtiness, Ego",ஹங்க்ருதி தெ4ரெ பெ4டெ3 கொ2ப்3பி3ம் காம் கெர்னா,hangkruti dhere bheDe khobbim kaam kernaa,அகந்தை கொண்ட வேலைக்காரன் ஒருபோதும் வேலை செய்ய மாட்டான்,The servant with Haughtiness will never work,bad-attribute,corpus_sourashtradictionary
அபுல் ப்ரபா4வ்,apul prabhaav,தற்பெருமை,"Conceit, Vanity, Vainglory, Brag, Self-praise",அபுல் ப்ரபா4வ் மெனரியொ பிஸானுன் க2வ்னம்,apul prabhaav menariyo pisaanun khavnam,தற்பெருமை என்பது முட்டாள்களின் உணவு,Vanity is the food of fools,bad-attribute,corpus_sourashtradictionary
அபுல் நுதி,apul nuti,தற்பெருமை,"Conceit, Vanity, Vainglory, Brag, Self-praise",அபுல் நுதி அமீஸ் மெல்ல ஹோனா,apul nuti amees mella hOnaa,நம் பெருமையை நாமே சொல்லிக் கொள்ளக்கூடாது,We should not talk about our pride ourselves,bad-attribute,corpus_sourashtradictionary
ஸங்கட்,sangkaT,இடையூறு,Disruption,ஹாதுவதி3னி ம்ஹொட்டொ ஸங்கடங்கன் மர்ச்சய்யொ,haatuvadini mhoTTo sangkaTangkan marccayyo,கைபேசி பெரும் இடையூறாக மாறிவிட்டது,Mobile phone has become a distruption,bad-attribute,corpus_sourashtradictionary
உதாஸீனம்,utaaseenam,அலட்சியம்,"Negligence, Indifference",ம்ஹொட்டொ ஸ்தா2பனான் கா2ல் பொட3த்தக் உதாஸீனமூஸ் காரணொ,mhoTTo sthaapanaan khaal poDattak utaaseenamoos kaaraNo,பெரிய நிறுவனங்களின் வீழ்ச்சிக்கு அலட்சியமே காரணம்,Negligence is the reason for the collapse of big companies,bad-attribute,corpus_sourashtradictionary
பராக்,paraak,அக்கறை இல்லாமல்,Not caring,பராக் கெர்னாத்தக் ர்ஹியெத் ஈகு3 நஜ்ஜாயி,paraak kernaattak rhiyet eegu najjaayi,அக்கறை இல்லாமல் இருந்தால் கல்வி கெட்டுவிடும்,Education will be ruined if not cared for,bad-attribute,corpus_sourashtradictionary
ஸந்தே3க்,sandEk,சந்தேகம்,"Doubt, Suspicion",ஸந்தே3க் மெனரியொ ஒண்டெ ரோகு3,sandEk menariyo oNTe rOgu,சந்தேகம் என்பது ஒரு நோய்,Suspicion is a disease,bad-attribute,corpus_sourashtradictionary
ஸெந்தே3வ்,sendEv,சந்தேகம்,"Doubt, Suspicion",ஸெந்தே3வ் பொடெ3த்தெகொ3 நிம்மள் ர்ஹானா,sendEv poDettego nimmaL rhaanaa,சந்தேகப்படுபவனுக்கு நிம்மதி இருக்காது,The suspect will have no peace,bad-attribute,corpus_sourashtradictionary
தெல்பி,telpi,"கேலி, கிண்டல்","Mock, Tease",தெ2வ்டெ3 தெனு ஸதா2 தெல்பிலேத் ர்ஹானு,thevDe tenu sathaa telpilEt rhaanu,சிலர் எப்போதும் கிண்டல் செய்வார்கள்,Some will always tease,bad-attribute,corpus_sourashtradictionary
கெள்சினி,keLcini,"கேலி, கிண்டல்","Mock, Tease",ஒள்டு3னுக் கெள்சினி கெரன் ஹோனா,oLDunuk keLcini keran hOnaa,வயதானவர்களை நாம் கிண்டல் செய்யக்கூடாது,We should not tease the elderly,bad-attribute,corpus_sourashtradictionary
ரூபு கெள்சினி,roopu keLcini,உருவ கேலி,"Mock, Tease, Body shaming",ரூபு கெள்சினி கெரஹோனா,roopu keLcini kerahOnaa,உருவ கேலி செய்யக்கூடாது,Should not do body shaming,bad-attribute,corpus_sourashtradictionary
கா3ள்,gaaL,"திட்டு, வசை, நிந்தனை","Scold, Reprimand, Blasphemy",பா3 கா3ள் அய்கன் ஸெக்குனா,baa gaaL aykan sekkunaa,அப்பாவின் திட்டுகளை கேட்க முடியாது,Can't hear Dad's reprimands,bad-attribute,corpus_sourashtradictionary
போ3ல்கா3ள்,bOlgaaL,"திட்டு, வசை, நிந்தனை","Scold, Reprimand, Blasphemy",ஶாந்திகன் ர்ஹாத்தெங்கொ3 போ3ல்கா3ள் ர்ஹானா,ssaantikan rhaattenggo bOlgaaL rhaanaa,அமைதியாக இருப்பவர்களுக்கு நிந்தனை இருக்காது,Those who are quiet will have no blasphemy,bad-attribute,corpus_sourashtradictionary
ஹீனவாக்,heenavaak,"இழிசொல், நிந்தனை","Slander, Blasphemy",ஹீனவாக் வம்ஶமுக் நஸ்தயி,heenavaak vamssamuk nastayi,நிந்தனை குலத்தை அழித்துவிடும்,Blasphemy will destroy the clan,bad-attribute,corpus_sourashtradictionary
தி4ல்லொஹொயெ,dhillohoye,"இழிவான, வெறுக்கத்தக்க","Despicable, Disgusting, Filthy",தி4ல்லொஹொயெ சால்சலன் ஹால் தெனொ துருங்கா3க் ஜியெஸி,dhillohoye caalcalan haal teno turunggaak jiyesi,இழிவான நடத்தைக்காக அவன் சிறைக்கு சென்றான்,He went to jail for despicable behavior,bad-attribute,corpus_sourashtradictionary
கொ2ப3ட்,khobaT,"வஞ்சகம், ஏமாற்றுதல்","Deceit, Deception, Cheating, Fraud",பில்லல்னு கொ2ப3ட் ந்ஹீத்தெனுன்,pillalnu khobaT nheettenun,குழந்தைகள் வஞ்சகம் இல்லாதவர்கள்,Children are not deceitful,bad-attribute,corpus_sourashtradictionary
கண்டு,kaNTu,"வஞ்சகம், ஏமாற்றுதல்","Deceit, Deception, Cheating, Fraud",கொ2ப்3பி3ம் கண்டிகின் ஜிவத்தக் முஸுனா,khobbim kaNTikin jivattak musunaa,எப்போதும் ஏமாற்றி வாழ முடியாது,You can never live cheating,bad-attribute,corpus_sourashtradictionary
ஒன்ச்லொ,onclo,"வஞ்சகம், ஏமாற்றுதல்","Deceit, Deception, Cheating, Fraud",ஶகுனி ஒன்ச்லாக் நாவ் பொடெ3த்தெனு,ssakuni onclaak naav poDettenu,சகுனி வஞ்சகத்திற்கு பெயர் பெற்றவர்,Shakuni is notorious for deception,bad-attribute,corpus_sourashtradictionary
வஞ்சனொ,vanjcano,"வஞ்சகம், ஏமாற்றுதல்","Deceit, Deception, Cheating, Fraud",அமி கொங்கினாக் வஞ்சனொ கெரன் ஹோனா,ami kongkinaak vanjcano keran hOnaa,நாம் யாரையும் ஏமாற்றக் கூடாது,We should not cheat anyone,bad-attribute,corpus_sourashtradictionary
எச்சட3த்தெ,eccaDatte,"வஞ்சகம், ஏமாற்றுதல்","Deceit, Deception, Cheating, Fraud",எச்சட3த்தெ நியம் அனுஸார் பொரொ ஹோயி,eccaDatte niyam anusaar poro hOyi,ஏமாற்றுவது சட்டப்படி குற்றம்,Cheating is a crime under the law,bad-attribute,corpus_sourashtradictionary
வீர்,veer,"வன்மம், விரோதம், பகைமை","Malice, Hostility",வீர் ஆரோக்3யமுக்கின் பா4க்3கி3க் நஸ்தயி,veer aarOgyamukkin bhaaggik nastayi,விரோதம் உடல் நலத்தையும் செல்வத்தையும் கெடுத்துவிடும்,Hostility can ruin health and wealth,bad-attribute,corpus_sourashtradictionary
நிஷ்டுல்,nishTul,தகராறு,Dispute,த3தொ3 பை4னும் நிஷ்டுல் ஸே,dado bhainum nishTul sE,சகோதரர்களுக்குள் தகராறு உள்ளது,There is a dispute between the brothers,bad-attribute,corpus_sourashtradictionary
தெகு3ரால்,teguraal,"சர்ச்சை, விவாதம், வாக்குவாதம்","Dispute, Argue, Argument",தூ ஏட் தெகு3ரால் கெரத்தக் அவெயொயா?,too ET teguraal kerattak aveyoyaa?,நீ இங்கு வாதம் பண்ண வந்தாயா?,Did you come here to argue?,bad-attribute,corpus_sourashtradictionary
மல்லினி,mallini,வாய்ச் சண்டை,"Fight, Verbal fight","மல்லினிக் ஜா ஹோனா, அவெ மல்லினிக் ஸொடொ3 ஹோனா","mallinik jaa hOnaa, ave mallinik soDo hOnaa","சண்டைக்கு போகக்கூடாது, வந்த சண்டையை விடக்கூடாது","Don't go to fight, don't leave the fight",bad-attribute,corpus_sourashtradictionary
ஶத்ருப்பன்,ssatruppan,"பகைமை, விரோதம்",Enemity,ஶுனாக்கின் மஞ்ஜிரிக் ஶத்ருப்பன் ஸே,ssunaakkin manjjirik ssatruppan sE,நாய்க்கும் பூனைக்கும் பகை உண்டு,Dog and cat have enmity,bad-attribute,corpus_sourashtradictionary
கனஸுல் பு4ஞ்ஜத்தெ,kanasul bhunjjatte,கன்னத்தில் அறைதல்,Slap,பா3ப் ராகு3ம் பெடா3க் கனஸுல் பு4ஞ்யாஸி,baap raagum peDaak kanasul bhunjyaasi,தந்தை கோபத்தில் மகனை அறைந்தார்,The father slapped his son in anger,bad-attribute,corpus_sourashtradictionary
வத்4யொ,vadhyo,கொலை,Murder,வத்4யொ கெரத்தெ பஞ்சமஹா பாவுனும் ஒண்டெ,vadhyo keratte panjcamahaa paavunum oNTe,கொலை செய்வது ஐம்பெரும் பாவங்களில் ஒன்று,Murder is one of the five major sins,bad-attribute,corpus_sourashtradictionary
ஹனிமர்னி,hanimarni,படுகொலை,Assassination,ராஜிவ் கா3ந்தி4க் ஹனிமர்த்தியா,raajiv gaandhik hanimarttiyaa,ராஜீவ் காந்தி படுகொலை செய்யப்பட்டார்,Rajiv Gandhi was assassinated,bad-attribute,corpus_sourashtradictionary
ஆத்மவத்4யொ,aatmavadhyo,தற்கொலை,Suicide,ஆத்மவத்4யொ கெர்லத்தெகா3 ஆத்மொ ஶாந்தி ஹோனா,aatmavadhyo kerlattegaa aatmo ssaanti hOnaa,தற்கொலை செய்து கொள்பவரின் ஆன்மா சாந்தி அடையாது,The soul of the person who commits suicide will not attain peace,bad-attribute,corpus_sourashtradictionary
மரத்தெ,maratte,கொல்லுதல்,"Kill, Killing",பரு ஜீவுனுக் மரத்தெ பாவ்,paru jeevunuk maratte paav,பிற உயிர்களை கொல்லுதல் பாவம்,Killing other lives is a sin,bad-attribute,corpus_sourashtradictionary
மொரட3த்தெ,moraDatte,கொல்லுதல்,"Kill, Killing",ராணு மூகு3ன் பூ4குக் து3ஸுரெ ஜீவுனுக் மொரட3த்தெ பாப் மெனானா,raaNu moogun bhookuk dusure jeevunuk moraDatte paap menaanaa,வன விலங்குகள் பசிக்காக மற்ற விலங்குகளைக் கொல்வதை பாவம் என்று சொல்ல முடியாது,It is not a sin for wild animals to kill other animals for hunger,bad-attribute,corpus_sourashtradictionary
மொரட்3,moraD,முரட்டுத்தனம்,Rudeness,ப4ராடு3ம் மொரட்3கன் சல்னகொ3,bharaaDum moraDkan calnago,வெளியில் முரட்டுத்தனமாக நடந்து கொள்ளாதே,Don't be rude outside,bad-attribute,corpus_sourashtradictionary
மர்மரத்தெ,marmaratte,முணுமுணுத்தல்,Murmuring,த4க்கிலே கொ2ப்3பி3ம் மர்மரிலேத் ர்ஹாயி,dhakkilE khobbim marmarilEt rhaayi,கோழை எப்போதும் முணுமுணுத்துக் கொண்டேயிருப்பான்,Coward always murmurs,bad-attribute,corpus_sourashtradictionary
க்லிஸே,klisE,"அலுத்துக் கொள்ளுதல், சலிப்பு","Bored, Boredom",பி2ரி பி2ரி கெரத்தெ க்லிஸேகன் ர்ஹாயி,phiri phiri keratte klisEkan rhaayi,திரும்பத் திரும்பச் செய்வது சலிப்பாக இருக்கும்,Repeating can be boring,bad-attribute,corpus_sourashtradictionary
ஹடம்,haTam,"வம்பு, பிடிவாதம்","Fuss, Stubborn, Obstinacy",பில்லல்னு ஹடம் தெ4ரி ரொட3னு,pillalnu haTam dheri roDanu,குழந்தைகள் வம்பு செய்து அழுவார்கள்,Children will fuss and cry,bad-attribute,corpus_sourashtradictionary
தெ4ர்ணி,dherNi,"வம்பு, பிடிவாதம்","Fuss, Stubborn, Obstinacy",தெனொ அபுல் நிஸ்கனாம் தெ4ர்ணிகன் ஸே,teno apul niskanaam dherNikan sE,அவன் தன் முடிவில் பிடிவாதமாக இருக்கிறான்,He is stubborn in his decision,bad-attribute,corpus_sourashtradictionary
ஈர்ஷொ,eersho,பொறாமை,"Envy, Jealousy",ஈர்ஷொ ஸேத்தெகொ3 நீஞ்ஜு அவ்னா,eersho sEttego neenjju avnaa,பொறாமை கொண்டவனுக்கு தூக்கம் வராது,He who is jealous will not fall asleep,bad-attribute,corpus_sourashtradictionary
மொச்சர்,moccar,பொறாமை,"Envy, Jealousy",கௌரி மொன்னு மொச்சர் ஹால் பொ4ரி ர்ஹாயி,kauri monnu moccar haal bhori rhaayi,துன்மார்க்கரின் மனம் பொறாமையால் நிறைந்திருக்கும்,The minds of the wicked are filled with envy,bad-attribute,corpus_sourashtradictionary
அஸூயொ,asooyo,பொறாமை,"Envy, Jealousy",அஸூயொ ஒண்டெங்கா3 பா4க்3கி3க் தி3ஜட3யி,asooyo oNTenggaa bhaaggik dijaDayi,பொறாமை ஒருவரின் செல்வத்தைக் குறைக்கும்,Envy wears out one's wealth,bad-attribute,corpus_sourashtradictionary
பொட்ஜாள்,poTjaaL,பொறாமை,"Envy, Jealousy",து3ஸுரெதெங்கொ3 ஸீகின் பொட்ஜாள் பொட3ஹோனா,dusuretenggo seekin poTjaaL poDahOnaa,அடுத்தவர்களை பார்த்து பொறாமைப் படக்கூடாது,Should not be jealous of others,bad-attribute,corpus_sourashtradictionary
பொட்ஜளி,poTjaLi,பொறாமைப்படுதல்,Jealousy,தெ2வ்டெ3தெனு பொட்ஜளி பொடி3 மொரஸுன்,thevDetenu poTjaLi poDi morasun,சிலர் பொறாமையால் இறக்கின்றனர்,Some die of jealousy,bad-attribute,corpus_sourashtradictionary
ஹுப்ளொ,hupLo,வயிற்றெரிச்சல்,"Envy, Jealousy",து3ஸுரெதெங்கா3 ஹொடி3னி ஸீகின் ஹுப்ளொ பொட3ஹோனா,dusuretenggaa hoDini seekin hupLo poDahOnaa,அடுத்தவரின் வளர்ச்சியைக் கண்டு பொறாமை கொள்ளக்கூடாது,Should not be jealous of the other's growth,bad-attribute,corpus_sourashtradictionary
மொத3ம்,modam,வெறி,Mania,ராக் மொத3ம்கன் மர்ச்சய்ய ஹோனா,raak modamkan marccayya hOnaa,கோபம் வெறியாக மாறக்கூடாது,Anger should not turn into mania,bad-attribute,corpus_sourashtradictionary
ஹிம்ஸொ,himso,"தீங்கு, வன்முறை, தொல்லை, தொந்தரவு","Harm, Violence, Bother, Trouble, Nuisance",மொகொ3 கோ3ஸ் ஹிம்ஸொ கெர்னகொ3. தெனொ அபுல் மாயிக் ஹிம்ஸொ கெரரஸ்,mogo gOs himso kernago. teno apul maayik himso keraras,என்னை அடிக்கடி தொந்தரவு செய்யாதே. அவன் தன் தாய்க்கு தீங்கு செய்கிறான்,Do not bother me often. He is harming his mother,bad-attribute,corpus_sourashtradictionary
உத்3த3ம்,uddam,"தொல்லை, தொந்தரவு","Trouble, Nuisance",ஜனிஅவ்னி ஸெரொ ம்ஹொட்டொ உத்3த3ம்கன் ஸே,janiavni sero mhoTTo uddamkan sE,போக்குவரத்துடன் பெரும் தொந்தரவாக உள்ளது,It is a major trouble with the traffic,bad-attribute,corpus_sourashtradictionary
உபத்3ரவொ,upadravo,"தொல்லை, தொந்தரவு","Trouble, Nuisance",அஸ்கிதெகொ3 தொரணும் ஹிப்3ப3த்தெ ஒண்ட்டெ உபத்3ரவொ,askitego toraNum hibbatte oNTTe upadravo,எல்லாவற்றிற்கும் வரிசையில் நிற்பது ஒரு தொல்லை,Standing in queue for everything is a nuisance,bad-attribute,corpus_sourashtradictionary
து3க்காட்,dukkaaT,காயப்படுத்து,Hurt,கோன் இஸனி ஹனி து3க்கடெ3யொ?,kOn isani hani dukkaDeyo?,யார் இப்படி அடித்து காயப்படுத்தியது?,Who hit and hurt like this?,bad-attribute,corpus_sourashtradictionary
பா3தொ3 கேர்,baado kEr,"புண்படுத்து, சித்திரவதை செய்","Hurt, Torture",தூ மொரெ பா4வனாக் பா3தொ3 கெரரஸ்,too more bhaavanaak baado keraras,நீ என் உணர்வுகளை புண்படுத்துகிறாய்,You are hurting my feelings,bad-attribute,corpus_sourashtradictionary
முஜுன்,mujun,கெட்ட குணங்கள்,Bad qualities,கெ3ருவ் ஸேத்தெகொ3 த4னம் முஜுன் தே3யி,geruv sEttego dhanam mujun dEyi,கர்வமுள்ளவனுக்கு செல்வம் கெட்ட குணங்களைத் தரும்,Wealth gives bad qualities to the arrogant person,bad-attribute,corpus_sourashtradictionary
தி3ன்னு தெ3க்கட்ணி,dinnu dekkaTNi,நாட்காட்டி,Calendar,தி3ன்னு தெ3க்கட்ணின் பு4லோக் பூராக் ஒண்டே தா4னுக் வௌரினி பொட3ரஸ்,dinnu dekkaTNin bhulOk pooraak oNTE dhaanuk vaurini poDaras,நாட்காட்டிகள் உலகம் முழுவதும் ஒரே மாதிரியாகப் பயன்படுத்தப்படுகின்றன,Calendars are used uniformly around the world,calendar,corpus_sourashtradictionary
ஸொளொபா2ர்,soLophaar,"காலை வேளை, விடியற்காலை","Morning, Dawn",ஸொளொபா2ரும் சலத்தெ ஆங்கு3 ஆரோக்3யமுக் சொக்கடு3,soLophaarum calatte aanggu aarOgyamuk cokkaDu,காலையில் நடைபயிற்சி செய்வது உடல் நலத்திற்கு நல்லது,Walking in the morning is good for health,calendar,corpus_sourashtradictionary
ப2ல்திவார்,phaltivaar,"காலை வேளை, விடியற்காலை","Morning, Dawn",ப2ல்திவாரும் குடொ3 குகஸு,phaltivaarum kuDo kukasu,விடியற்காலையில் சேவல் கூவும்,The rooster crows at dawn,calendar,corpus_sourashtradictionary
து4வார்,dhuvaar,மதியம்,Afternoon,து4வாரி நிஞ்ஜத்தெ ஆங்கு3 ஆரோக்3யமுக் சொக்கட் ந்ஹா,dhuvaari ninjjatte aanggu aarOgyamuk cokkaT nhaa,மதியம் தூங்குவது உடல் நலத்திற்கு நல்லதல்ல,Sleeping in the afternoon is not good for health,calendar,corpus_sourashtradictionary
தீ3ஸ்,dees,பகல் நேரம்,"Daytime, Daylight hours",ஹூனு கலமு தீ3ஸு வேள் வேன் ர்ஹாயி,hoonu kalamu deesu vEL vEn rhaayi,கோடையில் பகல் நேரம் அதிகமாக இருக்கும்,Daylight hours are longer in summer,calendar,corpus_sourashtradictionary
தி3ஸ்லொ,dislo,பகற்பொழுது,"Daytime, Daylight hours",கூ4கு3 ஹால் தி3ஸ்லாம் ஸாத்தக் முஸுனா,ghoogu haal dislaam saattak musunaa,ஆந்தையால் பகலில் பார்க்க முடியாது,The owl can't see during the daytime,calendar,corpus_sourashtradictionary
விஸந்து3லொ,visandulo,"அந்திப்பொழுது, அந்தி சாயும் நேரம்",Dusk,விஸந்து3லொ தி3வொ பொ4வ்ரி பாய்ஞ்பொட்3னொ,visandulo divo bhovri paaynjpoDno,அந்தி சாயும் போது விளக்கேற்றி பிரார்த்தனை செய்ய வேண்டும்,"At dusk, light a lamp and pray",calendar,corpus_sourashtradictionary
வீள்டொ,veeLTo,மாலை,Evening,பிள்ளல்னு வீள்டாக் சொவ்து3னொ,piLLalnu veeLTaak covduno,குழந்தைகள் மாலையில் படிக்க வேண்டும்,Children should study in the evening,calendar,corpus_sourashtradictionary
ராத்,raat,இரவு,Night,ராதும் தமஸ் பொடி3 கா2 ஹோனா,raatum tamas poDi khaa hOnaa,இரவில் தாமதமாக சாப்பிடக்கூடாது,Do not eat late at night,calendar,corpus_sourashtradictionary
நிஸ்லொ,nislo,"இரவுப்பொழுது, இரவு நேரம்",Night time,நிஸ்லாம் ஜு2க்கு ஜீவுனுன் நிஞ்ஜஸு,nislaam jhukku jeevunun ninjjasu,இரவுப்பொழுதில் பெரும்பாலான ஜீவ ராசிகள் உறங்கும்,Most living beings sleep at night,calendar,corpus_sourashtradictionary
தி3னாங்கு,dinaangku,தேதி,Date,ஹிந்தா3 தி3னாங்கு காயொ?,hindaa dinaangku kaayo?,இன்றைய தேதி என்ன?,What is today's date?,calendar,corpus_sourashtradictionary
தி3ன்னு,dinnu,நாள்,Day,பொ3ண்டி3ம் பு4லோகுக் சுட்டு பி2ரி அவத்தக் ரமாரமி 20 தி3ன்னுன் லக3யி,boNDim bhulOkuk cuTTu phiri avattak ramaarami 20 dinnun lagayi,காரில் உலகை சுற்றி வர சுமார் 20 நாட்கள் ஆகும்,It takes about 20 days to get around the world by car,calendar,corpus_sourashtradictionary
தி3ன்னுவார் தி3ன்னு,dinnuvaar dinnu,"மங்களநாள், நன்னாள்",Auspicious day,தி3ன்னுவார் தி3ன்னு ஸொளொபா2ர் ஹுடி3 ஆங்கு3 து4வொ,dinnuvaar dinnu soLophaar huDi aanggu dhuvo,நன்னாளில் அதிகாலையில் எழுந்து குளிக்கவும்,Get up early on an auspicious day and take a bath,calendar,corpus_sourashtradictionary
நிச்சு,niccu,தினமும்,"Daily, Everyday",அமி நிச்சு ஸமாசார்பத்ரொ சொவ்து3னொ,ami niccu samaacaarpatro covduno,நாம் தினமும் செய்தித்தாள் படிக்க வேண்டும்,We should read news paper daily,calendar,corpus_sourashtradictionary
விளுக்கு,viLukku,நாள் முழுவதும்,"Whole day, All day",ஹிந்தொ3 விளுக்கு விஜிலி ர்ஹானா,hindo viLukku vijili rhaanaa,இன்று நாள் முழுவதும் மின்சாரம் இருக்காது,There will be no electricity all day today,calendar,corpus_sourashtradictionary
விளந்து,viLantu,நாள் முழுவதும்,Throughout the day,விளந்து பொவ்ஸ் பொட்3லேத் ஹொதெ3ஸ்,viLantu povs poDlEt hodes,நாள் முழுவதும் மழை பெய்து கொண்டிருந்தது,It had been raining throughout the day,calendar,corpus_sourashtradictionary
வார்,vaar,வாரம்,Week,ஒண்டெ வார் மெனரியொ ஸாத் தி3ன்னுன் மிளயொ,oNTe vaar menariyo saat dinnun miLayo,ஒரு வாரம் என்பது 7 நாட்களைக் கொண்டது,A week means 7 days,calendar,corpus_sourashtradictionary
வாருவார்,vaaruvaar,"வாரந்தோறும், வாராவாரம்",Weekly,வாருவார் ஸில்லா பெடிக் ஸுத்3த4ம் கெர்னொ,vaaruvaar sillaa peTik suddham kerno,வாரந்தோறும் குளிர்சாதன பெட்டியை சுத்தம் செய்ய வேண்டும்,Clean the refrigerator weekly,calendar,corpus_sourashtradictionary
ஸொமார்,somaar,திங்கள்,Monday,ஸொமாருக் செந்தா3மு நாவு ஹால் பொ3வராஸ்,somaaruk cendaamu naavu haal bovaraas,திங்கட்கிழமை சந்திரனின் பெயரால் அழைக்கப்படுகிறது,Monday is named after the Moon,calendar,corpus_sourashtradictionary
மொங்க்3ளார்,monggLaar,செவ்வாய்,Tuesday,த3க்ஷிண பா4ரதும் மொங்க்3ளார் ஒண்டெ சோட் தி3ன்னு ந்ஹா,dakshiNa bhaaratum monggLaar oNTe cOT dinnu nhaa,தென்னிந்தியாவில் செவ்வாய் ஒரு நல்ல நாள் அல்ல,"In South India, Tuesday is not an auspicious day",calendar,corpus_sourashtradictionary
பு3த்4யவார்,budhyavaar,புதன்,Wednesday,பு3த்4யவார் வித்3யா ஹர்ம்ப3ம் கெரத்தக் விஶேஷ் ஹொயெ தி3ன்னு,budhyavaar vidyaa harmbam kerattak vissEsh hoye dinnu,புதன் கல்வியைத் தொடங்க சிறந்த நாள்,Wednesday is a great day to start education,calendar,corpus_sourashtradictionary
பெ3ஸ்தார்,bestaar,வியாழன்,Thursday,ஸாய் பா3பா3 ப4க்துனுக் பெ3ஸ்தார் விஶேஷ் ஹொயெ தி3ன்னு,saay baabaa bhaktunuk bestaar vissEsh hoye dinnu,சாய் பாபா பக்தர்களுக்கு வியாழக்கிழமை சிறப்பான நாள்,Thursday is a special day for Sai Baba devotees,calendar,corpus_sourashtradictionary
ஶுக்ரார்,ssukraar,வெள்ளி,Friday,ஜு2கு3 தெனு ஶுக்ரார்தி3 ஒக3த் ர்ஹாஸுன்,jhugu tenu ssukraardi ogat rhaasun,பலர் வெள்ளிக்கிழமைகளில் விரதம் இருப்பார்கள்,Many fast on Fridays,calendar,corpus_sourashtradictionary
ஶென்வ்யார்,ssenvyaar,சனி,Saturday,ஶென்வ்யார்தி3 ந்ஹவன் க4ல்லத்தெ சொக்கடு3,ssenvyaardi nhavan ghallatte cokkaDu,சனிக்கிழமை எண்ணெய் தேய்த்துக் குளிப்பது நல்லது,It is good to take oilbath on Saturday,calendar,corpus_sourashtradictionary
ஐதார்,aitaar,ஞாயிறு,Sunday,ஐதார்தி3 அஸ்கி தேட் அவ்காஸ் தி3ன்னு,aitaardi aski tET avkaas dinnu,ஞாயிற்றுக்கிழமை எல்லா இடங்களிலும் விடுமுறை நாள்,Sunday is a holiday everywhere,calendar,corpus_sourashtradictionary
கால்,kaal,நேற்று,Yesterday,கால் தெ4ரி விசார் பொடொ3 ஹோனா,kaal dheri vicaar poDo hOnaa,நேற்றைப் பற்றி கவலைப்பட வேண்டாம்,Do not worry about yesterday,calendar,corpus_sourashtradictionary
ஹிந்தொ3,hindo,இன்று,Today,ஹிந்தொ3 மீ உஜெ தி3ன்னு,hindo mee uje dinnu,இன்று நான் பிறந்த நாள்,Today is my birthday,calendar,corpus_sourashtradictionary
ஸொந்தொ3,sondo,நாளை,Tomorrow,ஸொந்தொ3 காய் சலன் ஜாரியொ மெனி கொன்னி தெங்கொ3 களானா,sondo kaay calan jaariyo meni konni tenggo kaLaanaa,நாளை என்ன நடக்கப் போகிறது என்பது யாருக்கும் தெரியாது,No one knows what is going to happen tomorrow,calendar,corpus_sourashtradictionary
ஸொந்த்3ரொ,sondro,நாளை,Tomorrow,ஸொந்த்3ரொ மெனெத்தெ நொம்க்கெ ஸீ,sondro menette nomkke see,நாளை என்பது ஒரு நம்பிக்கை மட்டுமே,Tomorrow is only a hope,calendar,corpus_sourashtradictionary
பொரம்,poram,நாளை மறுநாள்,Day after tomorrow,பொரம் மொரெ த3தொ3 அவனு,poram more dado avanu,நாளை மறுநாள் என் அண்ணன் வருவார்,My brother will come day after tomorrow,calendar,corpus_sourashtradictionary
தெரம்,teram,மறுநாளுக்கு மறுநாள்,4th day from today,தெரம் ர்ஹீ பொள்டமுன் ஹுட3ராஸ்,teram rhee poLTamun huDaraas,நாளை மறுநாளுக்கு மறுநாள் முதல் பள்ளிகள் திறக்கின்றன,Schools open 4th day from today,calendar,corpus_sourashtradictionary
தெத்தெரம்,tetteram,இன்றைக்கு 5 வது நாள்,5th day from today,தெத்தெரம் மீ கா3முக் ஜாரியொ,tetteram mee gaamuk jaariyo,இன்றைக்கு 5 வது நாள் நான் ஊருக்கு போகிறேன்,"5th day from today, I am going to town",calendar,corpus_sourashtradictionary
தெக3 தெத்தெரம்,tega tetteram,இன்றைக்கு 6 வது நாள்,6th day from today,கால் ர்ஹீ தெக3 தெத்தெரம் லெந்து ஸாத் தி3ன்னுன் ஹோஸு,kaal rhee tega tetteram lentu saat dinnun hOsu,நேற்றிலிருந்து இன்றைக்கு 6 வது நாள் வரை மொத்தம் ஏழு நாட்கள் ஆகும்,There are a total of seven days from yesterday to the 6th day today,calendar,corpus_sourashtradictionary
பு2ள்ளந்தி3,phuLLandi,"முதல் நாள், முந்தைய நாள்",Previous day,பு2ள்ளந்தி3 கெரெ குட்கிரி விட்டய்யொ,phuLLandi kere kuTkiri viTTayyo,முந்தைய நாள் செய்த கூட்டு கெட்டுப்போனது,The curry made on the previous day was spoiled,calendar,corpus_sourashtradictionary
முல்லந்தி3,mullandi,"முதல் நாள், முந்தைய நாள்",Previous Day,ஹொராடு3க் முல்லந்தி3 தி3ன்னுகு தெ3வ்கா3ஸ் மெனன்,horaaDuk mullandi dinnuku devgaas menan,திருமணத்திற்கு முந்தைய நாள் தெவ்காஸ் என்று அழைக்கப்படுகிறது,The day previous to wedding is called as Devgas,calendar,corpus_sourashtradictionary
து3ஸுரந்தி3,dusurandi,அடுத்த நாள்,Next day,பொவ்2ஸ் பொடெ3 து3ஸுரந்தி3 கொட்டி விஜிலி ந்ஹீ,povs poDe dusurandi koTTi vijili nhee,மழை பெய்த மறுநாள் எங்கும் மின்சாரம் இல்லை,The next day after the rain there was no electricity anywhere,calendar,corpus_sourashtradictionary
ப2ல்லந்தி3,phallandi,மற்றொரு நாள்,Another day,ப2ல்லந்தி3 தெனொ சுரும் கே4ர் ஜியெஸி,phallandi teno curum ghEr jiyesi,மற்றொரு நாள் அவன் சீக்கிரம் வீட்டுக்குப் போனான்,The other day he went home early,calendar,corpus_sourashtradictionary
ஒதி3,odi,ஒரு நாள்,One day,24 கெ4டி மிளின் ஒதி3 ஹோஸு,24 gheTi miLin odi hOsu,24 மணி நேரம் சேர்ந்து ஒரு நாள் ஆகிறது,24 hours make a day,calendar,corpus_sourashtradictionary
ஒண்டெதி3,oNTedi,ஒரு நாள்,One day,பு4ய்ஞ் அபுலானுக் சுட்டு பி2ர்லத்தக் ஒண்டெதி3 லக3யி,bhuynj apulaanuk cuTTu phirlattak oNTedi lagayi,பூமி தன்னைத் தானே சுற்றிக்கொள்ள ஒரு நாள் ஆகும்,It takes for the earth to revolve around itself,calendar,corpus_sourashtradictionary
ஒண்டெதி3ம்,oNTedim,ஒரு நாளுக்குள்,Within a day,அத்தொ அஸ்கி ஹொராட் ஒண்டெதி3ம் முஜ்ஜாரஸ்,atto aski horaaT oNTedim mujjaaras,இப்போதெல்லாம் திருமணம் ஒரு நாளில் முடிந்துவிடுகிறது,Nowadays marriage ends in a day,calendar,corpus_sourashtradictionary
தி3ஸின்,disin,இரண்டு மூன்று,Two or three,தெனு கா3மு அவி தி3ஸின் ம்ஹடொ3 ஹொய் ர்ஹாய்,tenu gaamu avi disin mhaDo hoy rhaay,அவர் ஊருக்கு வந்து இரண்டு மூன்று மாதங்கள் ஆகியிருக்கலாம்,It may have been two or three months since he came to town,calendar,corpus_sourashtradictionary
தி3ஸின்தி3,disindi,இரண்டு மூன்று நாள்,Two three days,தி3ஸிந்தி3 ஆங்கு3 ஹுன்னொ ர்ஹாயி,disindi aanggu hunno rhaayi,"இரண்டு, மூன்று நாட்களுக்கு காய்ச்சல் இருக்கும்","There will be fever for two, three days",calendar,corpus_sourashtradictionary
சர்பாஞ்ஜு,carpaanjju,நாலைந்து,Four or five,மீ தொகொ3 ஸீ சர்பாஞ்ஜு ஒர்ஸுன் ர்ஹாய்யா?,mee togo see carpaanjju orsun rhaayyaa?,நான் உன்னை பார்த்து நான்கைந்து வருடங்கள் இருக்குமா?,Will it be four or five years since I saw you?,calendar,corpus_sourashtradictionary
சர்பான்தி3,carpaandi,நாலைந்து நாட்கள்,Four or five days,அங்கு3 சர்பான்தி3க் பொவ்ஸ் பொடை3,anggu carpaandik povs poDai,இன்னும் நான்கைந்து நாட்களுக்கு மழை பெய்யும்,It will rain for another four to five days,calendar,corpus_sourashtradictionary
பான்தி3,paandi,ஐந்து நாட்கள்,Five days,ஜு2கு3 காலு முது3ல்லொ ஹொராட் பான்தி3 சலெஸ்,jhugu kaalu mudullo horaaT paandi cales,நீண்ட காலத்திற்கு முன்பு திருமணம் ஐந்து நாட்கள் நடந்தது,The wedding was celeberated for five days long time ago,calendar,corpus_sourashtradictionary
பான்தி3ம்,paandim,ஐந்து நாட்களுக்குள்,Within five days,பான்தி3ம் த4னகே4ரும் ர்ஹீ ரீண் அப்3பி3டி3யொ,paandim dhanaghErum rhee reeN abbiDiyo,ஐந்து நாட்களில் வங்கியில் கடன் கிடைத்துவிட்டது,I got a loan from the bank in five days,calendar,corpus_sourashtradictionary
தெ3ஸ்தி,desti,"பத்து நாள், பத்தாவது நாள்","Ten days, 10th day",தெ3ஸ்தி தெந்து3ஸ் கெரரியொ காம் வேன் விஶேஷ் மெனி ஹிந்து3 ஶாஸ்தர் ஸங்க3ரஸ்,desti tendus kerariyo kaam vEn vissEsh meni hindu ssaastar sanggaras,பத்தாவது நாள் செய்யப்படும் காரியம் மிக முக்கியமானது என்று இந்து சாஸ்திரம் சொல்கிறது,Hindu scriptures state that the thing to be done on the tenth day is very important,calendar,corpus_sourashtradictionary
வியார்தி3,viyaardi,"11 நாள், 11வது நாள்","11 days, 11th day",வியார்தி3 லெந்து தௌ4ராக் ஜா ஹோனா,viyaardi lentu dhauraak jaa hOnaa,பதினோரு நாட்கள் வரை கோயிலுக்கு போகக் கூடாது,Should not go to the temple for eleven days,calendar,corpus_sourashtradictionary
பா3ர்தி3,baardi,"12 நாள், 12வது நாள்","12 days, 12th day",பா3ர்தி3 தெந்து3ஸ் ந்ஹவன் க4ல்லியெ ப2ராது அண்டு ஹிட்டயி,baardi tendus nhavan ghalliye pharaatu aNTu hiTTayi,பன்னிரண்டாம் நாள் அன்று எண்ணெய் தேய்த்து குளித்த பிறகு தீட்டு நீங்கும்,The defilement ends after taking oil bath on the twelfth day,calendar,corpus_sourashtradictionary
தெந்து3ஸ்,tendus,அன்று,On that day,ஏகாத3ஸி தெந்து3ஸ் ஒக3த் ர்ஹாத்தெ சொக்கடு3,Ekaadasi tendus ogat rhaatte cokkaDu,ஏகாதசி அன்று விரதம் இருப்பது நல்லது,Fasting on the day of Ekadashi is good,calendar,corpus_sourashtradictionary
ம்ஹடொ3,mhaDo,மாதம்,Month,ஒண்டெ ஒர்ஸும் பா3ர் ம்ஹடா3ன் ஸே,oNTe orsum baar mhaDaan sE,ஒரு வருடத்தில் 12 மாதங்கள் உள்ளன,There are 12 months in a year,calendar,corpus_sourashtradictionary
மஸரவ்,masarav,மாதப்பிறப்பு,First day of the month,மஸரவ் தெந்து3ஸ் மென்க்யான் தௌ4ராக் ஜாராஸ்,masarav tendus menkyaan dhauraak jaaraas,மாதப்பிறப்பு அன்று மக்கள் கோயிலுக்குச் செல்கிறார்கள்,People go to the temple on the first day of the month,calendar,corpus_sourashtradictionary
அமாஸ்,amaas,அமாவாசை,New Moon,அமாஸ் தெந்து3ஸ் பித்ருனுக் தர்பண் தே3னு,amaas tendus pitrunuk tarpaN dEnu,அமாவசை அன்று பித்ருகளுக்கு தர்ப்பணம் கொடுப்பார்கள்,Tarpanam will be given to the Pitrus on the new moon,calendar,corpus_sourashtradictionary
புண்ணிம்,puNNim,பௌர்ணமி,Full Moon,புண்ணிம் தெந்து3ஸ் மென்க்யான் தொ3ங்க3ர் சுட்டு ஜாஸுன்,puNNim tendus menkyaan donggar cuTTu jaasun,பௌர்ணமி அன்று மக்கள் கிரிவலம் செல்கின்றனர்,"On the full moon people ""walk around the hill""",calendar,corpus_sourashtradictionary
பட்3வொ,paDvo,"பாட்டியம், பாட்டிமை",Next day after Full/New Moon,பட்3வொ சோட் தி3ன்னு ந்ஹா,paDvo cOT dinnu nhaa,பாட்டிமை நல்ல நாள் அல்ல,The day next to full moon is not an auspicious day,calendar,corpus_sourashtradictionary
பவ்டொ3,pavDo,"பாட்டியம், பாட்டிமை",Next day after Full/New Moon,பவ்டொ3 தெந்து3ஸ் கொன்னி சோட் காமுன் கெர ஹோனா,pavDo tendus konni cOT kaamun kera hOnaa,பாட்டிமை அன்று எந்த நல்ல காரியமும் செய்யப்படுவதில்லை,No auspicious thing is done on the day after the new moon,calendar,corpus_sourashtradictionary
ஒர்ஸு,orsu,வருடம்,Year,பிரபா4வதிம் ஹர்ம்ப3ம் ஹொயி ஸாட் ஒர்ஸுன் ஸே,pirabhaavatim harmbam hoyi saaT orsun sE,பிரபாவதி தொடங்கி அறுபது வருடங்கள் உள்ளன,There are sixty years starting from Prabhavathi,calendar,corpus_sourashtradictionary
ஒர்ஸுதிஸு,orsutisu,வருடம் முழுவதும்,Through out the year,சிரபுஞ்ஜிம் ஒர்ஸுதிஸு பொவ்ஸ் பொட3யி,cirapunjjim orsutisu povs poDayi,சிரபுஞ்ஜியில் ஆண்டு முழுவதும் மழை பெய்யும்,Cherrapunji receives rainfall throughout the year,calendar,corpus_sourashtradictionary
ஒர்ஸு மஸரவ்,orsu masarav,வருடப்பிறப்பு,New Year,சித்திரை 1 க் தமிழ் ஒர்ஸு மஸவரவ்கன் மட3ராஸி,cittirai 1 k tamizh orsu masavaravkan maDaraasi,சித்திரை 1ம் தேதி தமிழ் வருடப்பிறப்பாக கொண்டாடப்படுகிறது,Chittirai 1st is celeberated as Tamil new year,calendar,corpus_sourashtradictionary
நொவ்வொ ஒர்ஸு,novvo orsu,"புத்தாண்டு, புதிய ஆண்டு",New Year,ஜனவரி 1 க் பொ2ருங்கி நொவ்வொ ஒர்ஸுகன் மட3ராஸி,janavari 1 k phorungki novvo orsukan maDaraasi,ஜனவரி 1ஆம் தேதி ஆங்கிலப் புத்தாண்டாகக் கொண்டாடப்படுகிறது,January 1st is celeberated as English new year,calendar,corpus_sourashtradictionary
கே3,gE,கடந்த,"Last, Previous, Past",கே3காலு அனுப4வமுக் ஹவ்ட3ன் ஜவள்ள ஹோனா,gEkaalu anubhavamuk havDan javaLLa hOnaa,கடந்தகால அனுபவத்தை மறக்கக் கூடாது,Past experience should not be forgotten,calendar,corpus_sourashtradictionary
கே3வால்,gEvaal,"சென்ற முறை, கடந்த முறை",Last time,கே3வால் ஸொகன் என்வால் மெல்லொ ஹவ்ட3ன் ஜானா,gEvaal sokan envaal mello havDan jaanaa,சென்ற முறை போல் இந்த முறையும் மறக்காது,Like last time this time will not be forgotten,calendar,corpus_sourashtradictionary
"என்வால், எல்லெவால்","envaal, ellevaal","இம்முறை, இந்த முறை",This time,என்வால் கோன் தே3ஶுக் ஜியென் மெனி ஸங்கி3,envaal kOn dEssuk jiyen meni sanggi,இம்முறை எந்த நாட்டிற்கு போகலாம் என்று சொல்,Tell me which country to go to this time,calendar,corpus_sourashtradictionary
ஹொல்லொவால்,hollovaal,அடுத்த முறை,Next time,ஹொல்லொவால் சுரும் ஜனொ,hollovaal curum jano,அடுத்த முறை சீக்கிரம் போக வேண்டும்,Next time should go soon,calendar,corpus_sourashtradictionary
கே3வொர்ஸு,gEvorsu,"சென்ற வருடம், கடந்த வருடம்",Last Year,கே3வொர்ஸு லண்ட3னும் ஹொத்3யாஸ்,gEvorsu laNDanum hodyaas,கடந்த வருடம் லண்டனில் இருந்தோம்,We were in London last year,calendar,corpus_sourashtradictionary
ஹொல்லொவொர்ஸு,hollovorsu,அடுத்த வருடம்,Next Year,ஹொல்லொவொர்ஸு மஹாவித்3யாலயா சொவ்து3 முஸட3ரிஸ்,hollovorsu mahaavidyaalayaa covdu musaDaris,அடுத்த வருடம் கல்லூரி படிப்பை முடிக்கிறாள்,She is finishing college next year,calendar,corpus_sourashtradictionary
கி4ரால்,ghiraal,"கோள், கிரகம்",Planet,ஸுரிது பரிவாரும் புளூட்டோ ஜதொ ஆட் கி4ரால்னுன் ஸே,suritu parivaarum puLooTTO jato aaT ghiraalnun sE,சூரிய குடும்பத்தில் புளூட்டோவைத் தவிர எட்டு கோள்கள் உள்ளன,The Solar System has Eight Planets excluding pluto,planet,corpus_sourashtradictionary
செந்தா3ம்,cendaam,"நிலவு, சந்திரன், திங்கள், மதி",Moon,"செந்தா3ம் பூ4ய்ஞிர் ர்ஹீ 385,000 கி.மீ தூ3ரும் ஸே","cendaam bhooynjir rhee 385,000 ki.mee doorum sE","சந்திரன் பூமியில் இருந்து சுமார் 385,000 கி.மீ தொலைவில் உள்ளது","The Moon is at about a distance of 385,000 km from the Earth",planet,corpus_sourashtradictionary
கி3ல்,gil,"நிலவு, சந்திரன், திங்கள், மதி",Moon,கி3ல் ஹுஜால் தே3ஸு,gil hujaal dEsu,சந்திரன் ஒளி தருகிறது,The moon gives light,planet,corpus_sourashtradictionary
சாந்து3,caandu,"நிலவு, சந்திரன், திங்கள், மதி",Moon,சாந்து3 ஹுஜால் ஸில்லொ ர்ஹாஸு,caandu hujaal sillo rhaasu,நிலவின் ஒளி குளிர்ச்சியானது,The light of the moon is cool,planet,corpus_sourashtradictionary
செந்தொ3 ஹுஜால்,cendo hujaal,நிலவொளி,Moonlight,செந்தொ3 ஹுஜாலும் ராஜ்ஜெமன் க2யென்,cendo hujaalum raajjeman khayen,நிலவொளியில் இரவு உணவு சாப்பிடுவோம்,Let's have a dinner in moonlight,planet,corpus_sourashtradictionary
ஸுரித்,surit,சூரியன்,Sun,ஸுரிது ம்ஹத்3தி3 ஹுன்னொ ரமாரமி 50 லெக்கு டி3கி3ரி செல்சியஸ் ஹோஸு,suritu mhaddi hunno ramaarami 50 lekku Digiri celciyas hOsu,சூரியனின் மைய வெப்பநிலை சுமார் 50 லட்சம் டிகிரி செல்சியஸ் ஆகும்,Sun's core temperatures is about 5 million degrees C,planet,corpus_sourashtradictionary
கிரண்,kiraN,"கதிர், ஒளிக்கதிர்","Ray, Ray of light",கிரண் நேர்கி3தாம் ஒண்ட்டேஸ் ஸார்வொ கெரஸு,kiraN nErgitaam oNTTEs saarvo kerasu,ஒளிக்கதிர் நேர்கோட்டில் மட்டுமே பயணிக்கிறது,The ray of light travels in straight line only,planet,corpus_sourashtradictionary
ப4ராடு நிளா கிரண்,bharaaTu niLaa kiraN,புற ஊதா கதிர்கள்,Ultraviolet rays,ப4ராடு நிளா கிரண் மெனிகு கெண்டா3க் ஹீன் கெரயி,bharaaTu niLaa kiraN meniku keNDaak heen kerayi,புற ஊதா ஒளி மனித தோலை சேதப்படுத்தும்,UV light can damage the human skin,planet,corpus_sourashtradictionary
பி4த்தரு ல்ஹொவா கிரண்,bhittaru lhovaa kiraN,அகச்சிவப்பு கதிர்கள்,Infrared rays,பி4த்தரு ல்ஹொவா கிரணுன் தூ3ருநியந்த்ராம் உபயோக்3 பொட3ஸு,bhittaru lhovaa kiraNun dooruniyantraam upayOg poDasu,அகச்சிவப்பு கதிர்கள் தூர இயக்கிகளில் பயன்படுத்தப்படுகின்றன,Infrared rays are used in remote controls,planet,corpus_sourashtradictionary
ஸுரிது கிரண்,suritu kiraN,சூரிய ஒளி,Sunlight,"ஸுரிது கிரண் ஸுரித் ர்ஹீ பூ4ய்ஞ்யிக் அவி செரத்தக் ரமாரமி 8 நிமுஷ், 20 சிடு3க் லக3யி","suritu kiraN surit rhee bhooynjyik avi cerattak ramaarami 8 nimush, 20 ciDuk lagayi",சூரிய ஒளியானது சூரியனிலிருந்து பூமியை அடைய சராசரியாக 8 நிமிடங்கள் மற்றும் 20 வினாடிகள் ஆகும்,Sunlight takes an average of 8 minutes and 20 seconds to reach from Sun to the earth,planet,corpus_sourashtradictionary
ஸுரிது ஹுஜால்,suritu hujaal,சூரிய வெளிச்சம்,Sunlight,ஸொளொபா2ரு ஸுரிது ஹுஜால் ஆங்கு3 ஆரோக்3யமுக் சொக்கடு3,soLophaaru suritu hujaal aanggu aarOgyamuk cokkaDu,காலை சூரிய வெளிச்சம் உடல் நலத்திற்கு நல்லது,Morning sunlight is good for health,planet,corpus_sourashtradictionary
பரிளி,pariLi,ஒளிவட்டம்,Halo,தெ2வ்டெ3வேள் அகாஸும் ஸுரிது சுட்டூர் ஒண்டெ பரிளிக் ஸவாயி,thevDevEL akaasum suritu cuTToor oNTe pariLik savaayi,சில நேரங்களில் வானத்தில் சூரியனைச் சுற்றி ஒரு ஒளிவட்டத்தைக் காணலாம்,Sometimes we can see a halo around the sun in the sky,planet,corpus_sourashtradictionary
உத்3கி3ரத்தெ,udgiratte,பிரகாசித்தல்,Shining,ஸுரித் தீ3ஸும் உத்3கி3ரஸு,surit deesum udgirasu,சூரியன் பகலில் பிரகாசிக்கிறது,The Sun shines during day time,planet,corpus_sourashtradictionary
லெக்3கு3னு,leggunu,லக்னம்,Ascendant,ஜர்க்யம் பானும் லெக்3கு3னு முக்யம்ஹொயெயொ,jarkyam paanum leggunu mukyamhoyeyo,ஜாதகத்தில் லக்னம் முக்கியமானது,"In the horoscope, Ascendant is important",planet,corpus_sourashtradictionary
நெட்ஷத்ரு,neTshatru,விண்மீன்,Star,ஸுரிது பூ4ய்ஞ்யிக் லொகு3த்தொ ஸேத்தெ நெட்ஷத்ரு,suritu bhooynjyik logutto sEtte neTshatru,சூரியன் பூமிக்கு மிக அருகில் உள்ள நட்சத்திரம்,The Sun is the closest star to Earth,planet,corpus_sourashtradictionary
நக்ஷத்ரு,nakshatru,விண்மீன்,Star,அஸ்வினிம் ஹர்ம்ப3ம் ஹொயி பூ4ய்ஞ் சுட்டூர் 27 நக்ஷத்ருன் ஸே,asvinim harmbam hoyi bhooynj cuTToor 27 nakshatrun sE,அஸ்வினியில் தொடங்கி பூமியைச் சுற்றி 27 நட்சத்திரங்கள் உள்ளன,"Starting from Aswini, there are 27 stars around earth",planet,corpus_sourashtradictionary
வூடு,vooTu,விண்மீன்,Star,வூடுனுக் ராதும் ஒண்ட்டேஸ் ஸாத்தக் முஸையி,vooTunuk raatum oNTTEs saattak musaiyi,நட்சத்திரங்களை இரவில் மட்டுமே பார்க்க முடியும்,The stars can only be seen at night,planet,corpus_sourashtradictionary
சுக்கொ,cukko,விண்மீன்,Star,சுக்கான் ஜுல்னா,cukkaan julnaa,நட்சத்திரங்கள் மின்னுவதில்லை,Stars don't twinkle,planet,corpus_sourashtradictionary
பா2ருசுக்கொ,phaarucukko,துருவநட்சத்திரம்,Polar star,பா2ருசுக்கொ அவ்ரெ ஸுரித் ஸொம்மர் 50 கு3ண் ம்ஹொடொ3யொ,phaarucukko avre surit sommar 50 guN mhoDoyo,துருவநட்சத்திரம் நமது சூரியனை விட 50 மடங்கு பெரியது,Polar star is around 50 times bigger than our sun,planet,corpus_sourashtradictionary
கி4ராண்,ghiraaN,கிரகணம்,Eclipse,ஒண்டொண்டெ தே3ட் ஒர்ஸுனுக் ஒண்டெவால் ஒண்டெ பூரண கி4ராண் தெ4ரஸு,oNToNTe dET orsunuk oNTevaal oNTe pooraNa ghiraaN dherasu,ஒவ்வொரு ஒன்றரை வருடங்களுக்கும் ஒரு முழு கிரகணம் ஏற்படுகிறது,"Every one and a half years, one total eclipse happens",planet,corpus_sourashtradictionary
ஸ்வரூப்,svaroop,"இயற்கை, உண்மையான இயல்பு","Nature, True Nature",மெனிக் ராகு3ம் அபுல் ர்ஹத்த ஸ்வரூப் தெ3க்கட3ஸு,menik raagum apul rhatta svaroop dekkaDasu,மனிதன் கோபத்தில் தன் உண்மையான இயல்பை காட்டுகிறான்,Man shows his true nature in anger,planet,corpus_sourashtradictionary
ஸ்ருஷ்டி,srushTi,இயற்கை,Nature,மெனிக் மெல்லொ ஸ்ருஷ்டிம் ஒண்டெ பா4கு3 ஹோஸு,menik mello srushTim oNTe bhaagu hOsu,மனிதர்களும் இயற்கையின் ஒரு பகுதியே ஆவர்,Humans are also a part of nature,planet,corpus_sourashtradictionary
நிஸெர்க்3,niserg,இயற்கை,Nature,நைஸர்கி3க பொ3லம் மெனரியொ கி4ரால்னுக் ஸேத்தெ நிஸெர்க3 பொ3லமு,naisargika bolam menariyo ghiraalnuk sEtte niserga bolamu,நைசர்கிக பலம் என்பது கிரகங்களின் இயற்கை பலம்,Naisargika strength is the natural strength of the planets,planet,corpus_sourashtradictionary
பூ4கம்பொ,bhookampo,நிலநடுக்கம்,Earthquake,"2001 ம் கு3ஜராதும் பூ4ஜ் பூ4கம்பாம் 20,800 தெனு மொஜ்ஜா","2001 m gujaraatum bhooj bhookampaam 20,800 tenu mojjaa","2001-ல் குஜராத்தில் பூஜ் பூகம்பத்தில் 20,800 பேர் இறந்தனர்","20,800 people died in the Bhuj earthquake in Gujarat in 2001",planet,corpus_sourashtradictionary
அகாஶு கெ3ங்கொ3,akaassu genggo,"விண்மீன் திரள், பால்வீதி","Galaxy, Milky Way","அகாஶு கெ3ங்கொ3 மெந்தொ நெட்சத்ருனு, ஜெஜ்ஜுனு, வாயுனு செரெ மஹா செர்னி","akaassu genggo mento neTcatrunu, jejjunu, vaayunu cere mahaa cerni","பால்வீதி என்பது நட்சத்திரங்கள், தூசி மற்றும் வாயு ஆகியவற்றின் மிகப்பெரிய தொகுப்பாகும்","The Milky Way is a huge collection of stars, dust and gas",planet,corpus_sourashtradictionary
விஶ்வொ,vissvo,பிரபஞ்சம்,Universe,விஶ்வமு ஜு2கு3 அகாஶு கெ3ங்கா3ன் ஸே,vissvamu jhugu akaassu genggaan sE,பிரபஞ்சத்தில் பல விண்மீன் திரள்கள் உள்ளன,There are many galaxies in the universe,planet,corpus_sourashtradictionary
ரோக்3,rOg,நோய்,Disease,ரோக்3 ந்ஹாத்த ஜித்ரவுஸ் ம்ஹொட்டொ ஸம்பத்து,rOg nhaatta jitravus mhoTTo sampattu,நோயற்ற வாழ்வே பெரிய செல்வம்,A disease-free life is great wealth,disease,corpus_sourashtradictionary
ரோக்3கெரி,rOgkeri,நோயாளி,Patient,ரோக்3கெரி அகா3ரும் திக்கெ செர்ச்ச ஹோனா,rOgkeri agaarum tikke cercca hOnaa,நோயாளியின் உணவில் காரத்தைச் சேர்க்கக் கூடாது,Do not add chilli to the patient's diet,disease,corpus_sourashtradictionary
ஆரோக்3யம்,aarOgyam,"உடல் நலம், சுகாதாரம்","Health, Hygiene",ஸொளொபா2ரும் சலத்தெ ஆங்கு3 ஆரோக்3யமுக் சொக்கடு3,soLophaarum calatte aanggu aarOgyamuk cokkaDu,காலையில் நடைபயிற்சி செய்வது உடல் நலத்திற்கு நல்லது,Walking in the morning is good for health,disease,corpus_sourashtradictionary
ஸௌர்யம்,sauryam,நலம்,"Fine, Good, Well",மீ ஸௌர்யம்கன் ஸே,mee sauryamkan sE,நான் நலமாக இருக்கிறேன்,I am fine,disease,corpus_sourashtradictionary
ஆங்கு3 ஸௌர்யம்,aanggu sauryam,உடல் நலம்,Health,பா3 ஆங்கு3 ஸௌர்யம் கோனக் ஸே?,baa aanggu sauryam kOnak sE?,அப்பாவின் உடல் நலம் எப்படி உள்ளது?,How is Dad's health?,disease,corpus_sourashtradictionary
ஸௌர்யம் உன்னொ,sauryam unno,உடல்நலக் குறைவு,"Ill health, Not well, Unwell",ஸௌர்யம் உன்னொஹால் தெனு கலம் ஹொய்யா,sauryam unnohaal tenu kalam hoyyaa,உடல்நலக்குறைவு காரணமாக அவர் காலமானார்,He passed away due to ill health,disease,corpus_sourashtradictionary
ஸௌர்யம் ந்ஹாத்தக்,sauryam nhaattak,உடல்நலம் சரியில்லாமல்,"Sick, Ill, Not well, Unwell",தெனு ரொவ்வொதி3 தொகன் ஸௌர்யம் ந்ஹாத்தக் ஸே,tenu rovvodi tokan sauryam nhaattak sE,அவர் சில காலமாக உடல்நலம் சரியில்லாமல் இருக்கிறார்,He has been unwell for some time,disease,corpus_sourashtradictionary
சிகித்ஸொ,cikitso,சிகிச்சை,Treatment,தெனு ஸோ ம்ஹடொ3 தொகன் கர்கரோக்3 சிகித்ஸாம் ஸேத்தெ,tenu sO mhaDo tokan karkarOg cikitsaam sEtte,அவர் கடந்த ஆறு மாதங்களாக புற்றுநோய் சிகிச்சையில் உள்ளார்,He has been on cancer treatment for the past six months,disease,corpus_sourashtradictionary
அய்து3சிகித்ஸொ,ayducikitso,அறுவை சிகிச்சை,"Surgery, Operation",தெங்கொ3 கு3ண்டென் து3ன்னொ அவி அய்து3சிகித்ஸொ கெர்னொ பொள்டி3யொ,tenggo guNTen dunno avi ayducikitso kerno poLDiyo,அவருக்கு மாரடைப்பு ஏற்பட்டு அறுவை சிகிச்சை செய்ய வேண்டியதாயிற்று,He had a heart attack and had to undergo surgery,disease,corpus_sourashtradictionary
ரூபு சிகித்ஸொ,roopu cikitso,நெகிழி அறுவை சிகிச்சை,Plastic surgery,ரூபு சிகித்ஸொ வாட் தெனொ நாகு ரூபுக் மர்ச்சிலிஸ்,roopu cikitso vaaT teno naaku roopuk marccilis,நெகிழி அறுவை சிகிச்சை மூலம் தன் மூக்கின் வடிவத்தை மாற்றினாள்,She changed the shape of her nose with plastic surgery,disease,corpus_sourashtradictionary
பத்2யம்,pathyam,பத்தியம்,"Diet, Diet Regimen","பத்2யம் மெந்தொ ரோக்3கெரின் க2ன ஹோரியொ, கா2 ஹோனா அகா3ரு","pathyam mento rOgkerin khana hOriyo, khaa hOnaa agaaru",பத்தியம் என்பது நோயாளிகள் சாப்பிடக்கூடிய மற்றும் சாப்பிடக்கூடாத உணவுகள்,Diet means the foods that patients can and should not eat,disease,corpus_sourashtradictionary
ஹொகத்,hokat,மருந்து,"Medicine, Drug",அவ்ரெ ஸம்ஸ்க்ருதிம் அகாருஸ் ஹொகத்கன் ஸே,avre samskrutim akaarus hokatkan sE,நம்முடைய கலாசாரத்தில் உணவே மருந்தாக உள்ளது,Food itself is medicine in our culture,disease,corpus_sourashtradictionary
கொ3ளி,goLi,மாத்திரை,"Tablet, Pill",எல்லெ கொ3ளி பா4த் க2யெ ப2ராது க2னொ,elle goLi bhaat khaye pharaatu khano,இந்த மாத்திரை சாப்பாடு சாப்பிட்ட பின் எடுக்க வேண்டும்,This pill should be taken after food,disease,corpus_sourashtradictionary
து3னொ,duno,வலி,"Pain, Ache",வேன் காம் ஆங்கு3 து3னொ கெரயி,vEn kaam aanggu duno kerayi,அதிக வேலை உடல் வலியை ஏற்படுத்தும்,Excessive work can cause physical pain,disease,corpus_sourashtradictionary
து3க்கனி,dukkani,வலி,"Pain, Ache",தொகொ3 மெனி அவத்தவேள் காய் து3க்கனி து3க்காஸ்?,togo meni avattavEL kaay dukkani dukkaas?,உனக்கென்று வரும்போது என்ன வலி வலிக்கிறது?,"How does it ache, when it comes to you?",disease,corpus_sourashtradictionary
து3க்னொ,dukno,வலி,"Pain, Ache",தொஸ்கா து3க்னொ பூரா தி3ன்னுக் நஸடை3,toskaa dukno pooraa dinnuk nasaDai,தலைவலி முழு நாளையும் கெடுக்கும்,Headache spoils the whole day,disease,corpus_sourashtradictionary
து3வுனொ,duvuno,வலி,"Pain, Ache",தா3த் து3வுனாக் தக்ஷணம் சிகித்ஸொ க2ல்லுனொ,daat duvunaak takshaNam cikitso khalluno,பல்வலிக்கு உடனடியாக சிகிச்சை எடுக்க வேண்டும்,You should take treatment for Toothache immediately,disease,corpus_sourashtradictionary
து3ன்னொ,dunno,வலி,"Pain, Ache",போட் து3ன்னொ ஹால் மீ அவ்காஸும் ஸேத்தெ,pOT dunno haal mee avkaasum sEtte,வயிற்று வலி காரணமாக நான் விடுமுறையில் இருக்கிறேன்,I am on leave due to abdominal pain,disease,corpus_sourashtradictionary
உஷ்ணு,ushNu,சூடு,Heat,பொள்ளாம்போ3 போடு உஷ்ணுக் வேன் கெரயி,poLLaambO pOTu ushNuk vEn kerayi,மாம்பழம் வயிற்றுச் சூட்டை அதிகரிக்கும்,Mango increases stomach heat,disease,corpus_sourashtradictionary
ஊஷ்டு,uushTu,வயிற்றுச் சூடு,Burning Stomach,தெ4ய்ஞ்பனி ஊஷ்டுக் உன்ன கெரயி,dheynjpani uushTuk unna kerayi,மோர் வயிற்றுச் சூட்டை குறைக்கும்,Buttermilk reduces stomach heat,disease,corpus_sourashtradictionary
போட்து3ன்னொ,pOTdunno,வயிற்றுவலி,Stomachache,பொ2ன்னிஸு பொள்ளொ ஜு2க்கு க2யெத் போட்து3ன்னொ அவயி,phonnisu poLLo jhukku khayet pOTdunno avayi,பலாப்பழத்தை அதிகம் சாப்பிட்டால் வயிற்று வலி ஏற்படும்,Eating too much Jackfruit can cause stomach pain,disease,corpus_sourashtradictionary
போட் முரட3னி,pOT muraDani,"வயிற்றை கலக்குதல், வயிறு கோளறு",Stomach upset,ஒஜனானுனுக் காபி பியெத் போட் முரடா3யி,ojanaanunuk kaapi piyet pOT muraDaayi,சிலருக்கு காபி குடித்தால் வயிற்றை கலக்கும்,"For some people, coffee upsets their stomach",disease,corpus_sourashtradictionary
ஹக்3கு3னொ,hagguno,"பேதி, வயிற்றுப்போக்கு","Diarrhoea, Loose motion",திக்கெ வேன் க2யெதி3 ஹக்3கு3னொ ஹோயி,tikke vEn khayedi hagguneaa hOyi,காரம் அதிகம் சாப்பிட்டால் வயிற்றுப்போக்கு உண்டாகும்,Eating too much spicy can cause diarrhoea,disease,corpus_sourashtradictionary
மல ப4ந்தி3னி,mala bhandini,மலச்சிக்கல்,Constipation,மல ப4ந்தி3னி ஸேத்தெனு பனி ஜு2க்கு பெனொ,mala bhandini sEttenu pani jhukku peno,மலச்சிக்கல் உள்ளவர்கள் நிறைய தண்ணீர் குடிக்க வேண்டும்,Constipated people should drink plenty of water,disease,corpus_sourashtradictionary
கான் து3ன்னொ,kaan dunno,காது வலி,Ear pain,வேன் ஸில்லொஹால் கான் து3ன்னொ அவயி,vEn sillohaal kaan dunno avayi,அதிகப்படியான குளிரால் காது வலி வரும்,Excessive cold can cause ear pain,disease,corpus_sourashtradictionary
தா3த் து3ன்னொ,daat dunno,பல் வலி,Toothache,கெ4ட்டியொ காய்தி சவெதி3 தா3த் து3ன்னொ அவயி,gheTTiyo kaayti cavedi daat dunno avayi,கடினமான ஒன்றைக் கடித்தால் பல்வலி ஏற்படலாம்,Biting a hard one can cause toothache,disease,corpus_sourashtradictionary
தா3த் அம்பு3லனி,daat ambulani,பல் கூச்சம்,Tooth sensitivity,அம்பு3லொ க2யெத் தா3த் அம்பு3லாயி,ambulo khayet daat ambulaayi,நெல்லிக்காய் சாப்பிட்டால் பல் கூச்சம் ஏற்படும்,Eating gooseberry can cause tooth sensitivity,disease,corpus_sourashtradictionary
தொ3ஸ்கொ து3ன்னொ,dosko dunno,தலைவலி,Headache,வேன் ஹூனும் ஹிண்டெ3த் தொ3ஸ்கொ து3ன்னொ அவயி,vEn hoonum hiNDet dosko dunno avayi,கடும் வெயிலில் அலைந்தால் தலைவலியை உண்டாக்கும்,Wandering in the hot sun can cause headache,disease,corpus_sourashtradictionary
குண்டெ3ன் து3ன்னொ,kuNDen dunneaa,மாரடைப்பு,Heart attack,கு3ண்டெ3க் ஜாரியொ ரெக3த் ர்ஹியெவாகுர் ஹிப்3பி3 ர்ஹாத்தவேள் கு3ண்டெ3ன் து3ன்னொ அவஸு,guNDek jaariyo regat rhiyevaakur hibbi rhaattavEL guNDen dunneaa avasu,இதயத்திற்கு செல்லும் இரத்த ஓட்டம் திடீரென தடைபடும்போது மாரடைப்பு ஏற்படுகிறது,A heart attack happens when blood flow to the heart suddenly becomes blocked,disease,corpus_sourashtradictionary
ஸெக்கரு ரோக்3,sekkaru rOg,"சர்க்கரை நோய், நீரிழிவு நோய்",Diabetes,ஸெக்கர் ரோக்3கெரின் நிச்சு 2 கி.மீ சலத்தெ ப3ரொ,sekkar rOgkerin niccu 2 ki.mee calatte baro,சர்க்கரை நோயாளிகள் தினமும் 2 கி.மீ நடப்பது நல்லது,Diabetic patients should walk 2 km daily,disease,corpus_sourashtradictionary
ரெக3து அவ்ங்கினி,regatu avngkini,இரத்த அழுத்தம்,"Blood pressure, BP, Bloodpressure",உஞ்சா ரெக3து அவ்ங்கினி ஸேத்தெனு ஸுட்டுனாத்தக் தே3ஹப்4யாஸ் கெர்னொ,unjcaa regatu avngkini sEttenu suTTunaattak dEhabhyaas kerno,உயர் இரத்த அழுத்தம் உள்ளவர்கள் தொடர்ந்து உடற்பயிற்சி செய்ய வேண்டும்,People with high blood pressure should exercise regularly,disease,corpus_sourashtradictionary
கு3ட்3கா3ன் து3ன்னொ,guDgaan dunno,முழங்கால் வலி,Knee pain,கு3ட்3கா3ன் து3ன்னொ ஸேத்தெனு க2ல்லொ பி3ஸஹோனா,guDgaan dunno sEttenu khallo bisahOnaa,முழங்கால் வலி உள்ளவர்கள் தரையில் உட்காரக்கூடாது,People with knee pain should not sit on the floor,disease,corpus_sourashtradictionary
தாப்,taap,காய்ச்சல்,Fever,ராதும் மொஞ்சும் சுட்டு பி2ரெத் தாப் அவயி,raatum monjcum cuTTu phiret taap avayi,இரவில் பனியில் சுற்றினால் காய்ச்சல் வரும்,Walking in the snow at night causes fever,disease,corpus_sourashtradictionary
ஆங்கு3 ஹுன்னொ,aanggu hunno,காய்ச்சல்,Fever,ஆங்கு3 ஹுன்னொ ர்ஹாத்தவேள் ஸில்லொகன் கொன்னி பே ஹோனா,aanggu hunno rhaattavEL sillokan konni pE hOnaa,காய்ச்சல் இருக்கும்போது குளிர்ச்சியாக எதையும் குடிக்கக்கூடாது,Do not drink anything cold when you have a fever,disease,corpus_sourashtradictionary
ஹெம்பினி,hempini,"மூச்சிரைத்தல், ஆஸ்துமா","Wheezing, Panting, Asthma",ஹெம்பினி ஸேத்தெனு ஜெஜ்ஜும் ர்ஹீ து3தூ3ர் ர்ஹனொ,hempini sEttenu jejjum rhee dudoor rhano,மூச்சுத்திணறல் உள்ளவர்கள் தூசியிலிருந்து விலகி இருக்க வேண்டும்,People with asthma should stay away from dust,disease,corpus_sourashtradictionary
நாடி3,naaDi,துடிப்பு,Pulse,பை2லொ ரொகி3 நாடி3க் ஸவொ,phailo rogi naaDik savo,முதலில் நோயாளியின் துடிப்பைப் பாருங்கள்,Look at the patient's pulse first,disease,corpus_sourashtradictionary
ம்ஹொடொ3 ரோக்3,mhoDo rOg,"தொழுநோய், குஷ்டம்",Leprosy,ம்ஹொடொ3 ரோகு3க் ப3ரொ கெரத்தக் முஸையி,mhoDo rOguk baro kerattak musaiyi,தொழுநோயை குணப்படுத்த முடியும்,Leprosy can be cured,disease,corpus_sourashtradictionary
"உபி3ர்மாம்ஸு, கர்கரோக்3","ubirmaamsu, karkarOg",புற்றுநோய்,Cancer,கர்கரோகு3க் ஹர்ம்ப3 ஸ்தரும் ப3ரொ கெரத்தக் முஸையி,karkarOguk harmba starum baro kerattak musaiyi,புற்றுநோயை ஆரம்ப நிலையிலேயே குணப்படுத்த முடியும்,Cancer can be cured at an early stage,disease,corpus_sourashtradictionary
க்ஷயம்,kshayam,"சிதைவு, அழிவு, குறைவு, பற்றாக்குறை","Decay, Destruction, Insufficient",விட்டமின்ஸுனு ஆங்கு3க் க்ஷயமு ர்ஹீ கப3ட3ஸு,viTTaminsunu aangguk kshayamu rhee kabaDasu,வைட்டமின்கள் உடலை சிதைவிலிருந்து பாதுகாக்கின்றன,Vitamins protect the body from decay,disease,corpus_sourashtradictionary
க்ஷயரோக்3,kshayarOg,காசநோய்,Tuberculosis,க்ஷயரோக்3 கொவ்ஸாக் ஹீன் கெரஸு,kshayarOg kovsaak heen kerasu,காசநோய் நுரையீரலை பாதிக்கிறது,Tuberculosis affects the lungs,disease,corpus_sourashtradictionary
ப2ண்டொ3ரோக்3,phaNDorOg,வெண்குஷ்டம்,Vitiligo,கெண்டா3ம் மெலனின் உன்னொ பொடெ3த் ப2ண்டொ3ரோக்3 அவயி,keNDaam melanin unno poDet phaNDorOg avayi,தோலில் மெலனின் குறைந்தால் வெண்குஷ்டம் வரும்,"When the melanin in the skin decreases, Vitiligo occurs",disease,corpus_sourashtradictionary
ரெகது3 க்ஷயம்,rekadu kshayam,இரத்த சோகை,Anaemia,தோன் ப2ண்டொ3 ஹனெத் தெல்லெ ரெகது3 க்ஷயம்கன் ர்ஹவாயி,tOn phaNDo hanet telle rekadu kshayamkan rhavaayi,"முகம் வெளிறியிருந்தால், அது இரத்த சோகையாக இருக்கலாம்","If the face is pale, it may be anemia",disease,corpus_sourashtradictionary
தா3து3 க்ஷயம்,daadu kshayam,"பல் சிதைவு, பல் சொத்தை",Tooth decay,தா3து3 க்ஷயம் ஸேத்தெனு ஸில்லகன் கொன்னி பே ஹோனா,daadu kshayam sEttenu sillakan konni pE hOnaa,பல் சொத்தை உள்ளவர்கள் குளிர்ச்சியாக எதையும் குடிக்கக்கூடாது,People with tooth decay should not drink anything cold,disease,corpus_sourashtradictionary
ஹோங்கு3 ந்ஹினா,hOnggu nhinaa,தூக்கமின்மை,"Insomnia, Inability to sleep",பி4யாரும் நெஷ்டி அவெஹால் தெனு ஹோங்கு3ந்ஹினாத்தக் கெஷ்டம் பொ3ட3ராஸ்,bhiyaarum neshTi avehaal tenu hOnggunhinaattak keshTam boDaraas,வியாபாரத்தில் நஷ்டம் ஏற்பட்டதால் அவர் தூக்கமின்றி தவித்து வருகிறார்,He is suffering from insomnia due to loss of business,disease,corpus_sourashtradictionary
பூ4க்மர்னி,bhookmarni,பசியின்மை,"Anorexia, Lack of appetite",போடுர் அய்து3சிகித்ஸொ கெரெ ப2ராது தெனு பூ4க்மர்னி ஹால் பா3தொ3 பொ3ட3ராஸ்,pOTur ayducikitso kere pharaatu tenu bhookmarni haal baado boDaraas,வயிற்று அறுவை சிகிச்சைக்குப் பிறகு அவர் பசியின்மையால் அவதிப்படுகிறார்,He suffers from anorexia after abdominal surgery,disease,corpus_sourashtradictionary
கோ2ட்,khOT,"தொழுநோய், குஷ்டம், தொழுநோயாளி","Leprosy, Leper",கோ2ட் ஒண்டெ தெ4ர்னி ரோகு3,khOT oNTe dherni rOgu,தொழுநோய் ஒரு தொற்று நோய்,Leprosy is an infectious disease,disease,corpus_sourashtradictionary
பொஸுவாய்,posuvaay,பக்கவாதம்,Stroke,பொஸுவாய் ஜு2க்குகன் ஆங்கு3ம் ஒண்டெ பொகடு ஹீன் கெரஸு,posuvaay jhukkukan aanggum oNTe pokaTu heen kerasu,பக்கவாதம் பெரும்பாலும் உடலின் ஒரு பக்கத்தை பாதிக்கிறது,Stroke mostly affects one side of the body,disease,corpus_sourashtradictionary
தெ3ள்கொ ஆங்கு3,deLko aanggu,"உடல் பருமன், மிகவும் குண்டு",Obesity,தெ3ள்கொ ஆங்கு3 கு3ட்3கா3ன் து3ன்னொ தே3யி,deLko aanggu guDgaan dunno dEyi,உடல் பருமன் முழங்கால் வலியை ஏற்படுத்தும்,Obesity can cause knee pain,disease,corpus_sourashtradictionary
கமால்,kamaal,மஞ்சள் காமாலை,Jaundice,கமால் களஜ்ஜி ந்ஹீ ஜியெத் தெள்ஜிக் ஹீன் கெரஸு,kamaal kaLajji nhee jiyet teLjik heen kerasu,மஞ்சள் காமாலை கல்லீரல் அல்லது பித்தப்பையை பாதிக்கிறது,Jaundice affects the liver or gallbladder,disease,corpus_sourashtradictionary
பொன்னங்கி3,ponnanggi,பொன்னுக்கு வீங்கி,Mumps,பொன்னங்கி3 ஜு2க்குகன் பில்லல்னுக் அவயி,ponnanggi jhukkukan pillalnuk avayi,பொன்னுக்கு வீங்கி பெரும்பாலும் குழந்தைகளுக்கு வரும்,Mumps mostly affects children,disease,corpus_sourashtradictionary
அம்மொ,ammo,சின்னம்மை,Chickenpox,கொ4ம்மொ ஒண்டெ பில்லாக் அம்மொ நிகி3ளெதி3 அங்கொ3ண்டெ பில்லாக் மெல்லொ அவயி,ghommo oNTe pillaak ammo nigiLedi anggoNTe pillaak mello avayi,வீட்டில் ஒரு குழந்தைக்கு சின்னம்மை வந்தால் இன்னொரு குழந்தைக்கும் வரும்,"If one child gets chickenpox at home, another child will get it",disease,corpus_sourashtradictionary
ம்ஹொடொ3 அம்மொ,mhoDo ammo,பெரியம்மை,Smallpox,ம்ஹொடொ3 அம்மா ரோக்3 ம்ஹௌஜட்டிரியொ,mhoDo ammaa rOg mhaujaTTiriyo,பெரியம்மை நோய் ஒழிக்கப்பட்டது,Smallpox has been eradicated,disease,corpus_sourashtradictionary
தெட்டு,teTTu,வேனல்கட்டி,Rashes,தெட்டு ஹூநுகலமு நிகு3ளஸு,teTTu hoonukalamu niguLasu,வேனல் கட்டி கோடை காலத்தில் ஏற்படும்,Rashes occur during the summer,disease,corpus_sourashtradictionary
கஞ்ஜொ,kanjjo,தட்டம்மை,Measles,கஞ்ஜொ வராம் ர்ஹுந்த3ஸு,kanjjo varaam rhundasu,தட்டம்மை காற்றில் பரவுகிறது,Measles spreads through the air,disease,corpus_sourashtradictionary
மூஸொ,mooso,"மயக்கம், நினைவற்று","Faint, Unconscious",தெ2வ்டெ3 தெனு ரெக3த் ஸியெத் மூஸொ லயி பொட3ன்,thevDe tenu regat siyet mooso layi poDan,சிலர் ரத்தத்தை பார்த்தால் மயங்கி விழுவார்கள்,Some people will faint when they see blood,disease,corpus_sourashtradictionary
மூஸல்,moosal,"மயக்கம், நினைவற்று","Faint, Unconscious",பெ3து3ராத்திஸா ஸமாசார் அய்கெத் மூஸல் அவய்,beduraattisaa samaacaar ayket moosal avay,அதிர்ச்சியான செய்தியைக் கேட்டால் மயக்கம் வரும்,Fainting comes when you hear shocking news,disease,corpus_sourashtradictionary
பிகுடொ3,pikuDo,செவுள்,"Fish Gill, Scales",ம்ஹளின் பிகுடொ3 ஹால் ஸுவாஸம் கெரஸு,mhaLin pikuDo haal suvaasam kerasu,மீன்கள் செதில்கள் மூலம் சுவாசிக்கும்,Fish breathe through the gills,animal-body,corpus_sourashtradictionary
பிங்குடொ3,pingkuDo,செவுள்,"Fish Gill, Scales",ம்ஹளி தோனு வாட் பனி க2ள்ளி பிங்குடொ3 வாட் ப4ராட் ஸொட3ஸு,mhaLi tOnu vaaT pani khaLLi pingkuDo vaaT bharaaT soDasu,மீன் தன் வாயிலிருந்து தண்ணீரை எடுத்து செவுள்கள் வழியாக வெளியேற்றுகிறது,The fish takes water from its mouth and expels it through the gills,animal-body,corpus_sourashtradictionary
பூஸ்,poos,வால்,Tail,கா3யிக் பூஸ் லம்பு3 ர்ஹாயி,gaayik poos lambu rhaayi,மாட்டிற்கு வால் நீளமாக இருக்கும்,The tail of the cow is long,animal-body,corpus_sourashtradictionary
புஶிடி3,pussiDi,வால்,Tail,பெ4ண்டுக் புஸிடி3 அக்ரொ ர்ஹாயி,bheNTuk pusiDi akro rhaayi,ஆடுக்கு வால் குட்டையாக இருக்கும்,The tail of the goat is short,animal-body,corpus_sourashtradictionary
ஸொண்டி,soNTi,தும்பிக்கை,Trunk,ஐஸ்து பொ3லம் ஸொண்டிம் ஸே,aistu bolam soNTim sE,யானையின் பலம் தும்பிக்கையில் உள்ளது,The strength of the elephant is in the trunk,animal-body,corpus_sourashtradictionary
த3ந்து,dantu,தந்தம்,"Tusk, Ivory",த3ல்லா ஐஸ்துக் ஒண்ட்டேஸ் த3ந்து ர்ஹாயி,dallaa aistuk oNTTEs dantu rhaayi,ஆண் யானைகளுக்கு மட்டுமே தந்தம் இருக்கும்,Only male elephants have tusk,animal-body,corpus_sourashtradictionary
கா3யிகோ3ஷ்டு,gaayigOshTu,"தொழுவம், மாட்டுத் தொழுவம்","Cow barn, Cowshed, Cattle shed",தூ3துகா3யினுக் கா3யிகோ3ஷ்டும் ஹொவ்ட3ஸுன்,dootugaayinuk gaayigOshTum hovDasun,கறவை மாடுகளை மாட்டுத் தொழுவத்தில் வளர்ப்பார்கள்,Dairy cows are reared in cowsheds,animal-body,corpus_sourashtradictionary
கோ3ஷ்டு,gOshTu,"தொழுவம், குதிரை லாயம்",Stable,கொ4டா3ன் கோ3ஷ்டும் ஸே,ghoDaan gOshTum sE,குதிரைகள் தொழுவத்தில் உள்ளன,The horses are in the stable,animal-body,corpus_sourashtradictionary
பொ3ந்தொ3,bondo,எலி வளை,Rat burrow,கே2து ஹுந்தி3ர்னுன் பொ3ந்தொ3 க2னி தெமாம் ஜிவஸு,khEtu hundirnun bondo khani temaam jivasu,வயல் எலிகள் வளை தோண்டி அதில் வாழும்,Field rats dig a hole and live in it,animal-body,corpus_sourashtradictionary
லொடொ3,loDo,எலிப்புழுக்கை,"Faecal matter of rat, Rat poop",ஹுந்தி3ரு லொடா3க் ஹந்த3வ் தௌரமு ஸவாய்,hundiru loDaak handav tauramu savaay,எலிப்புழுக்கையை சமையலறையில் காணலாம்,Rat poop can be seen in the kitchen,animal-body,corpus_sourashtradictionary
லொடி3,loDi,ஆட்டுப்புழுக்கை,Goat-droppings,பெ4ண்டு லொடி3 களொ ர்ஹாயி,bheNTu loDi kaLo rhaayi,ஆட்டுப்புழுக்கை கருப்பாக இருக்கும்,The Goat-droppings will be black,animal-body,corpus_sourashtradictionary
லோகர்,lOkar,கம்பளி,Wool,ஹிமுஸுகலமு லோகர் பிர்ஜனம்கன் ர்ஹாயி,himusukalamu lOkar pirjanamkan rhaayi,குளிர்காலத்தில் கம்பளி பயனுள்ளதாக இருக்கும்,Wool is useful in winter,animal-body,corpus_sourashtradictionary
லொத்3தி3,loddi,யானைச்சாணம்,Elephant Dung,ஐஸ்து லொத்3தி3 ஶ்ரேஷ்டு2 ஹொயெ மஸ்து ஹோஸு,aistu loddi ssrEshThu hoye mastu hOsu,யானைச்சாணம் சிறந்த உரமாகிறது,Elephant dung makes for excellent compost,animal-body,corpus_sourashtradictionary
ஸேன்,sEn,மாட்டுச்சாணம்,Cow Dung,கா3ய் ஸேனும் ர்ஹீ கோப3ர் வாயு அப்3ப3ஸு,gaay sEnum rhee kObar vaayu abbasu,கோபர் வாயு பசுவின் சாணத்தில் இருந்து பெறப்படுகிறது,Cobar Gas is obtained from cow dung,animal-body,corpus_sourashtradictionary
க2ரி,khari,குளம்பு,Hoof,கொ4டொ3கின் கெ4த3டு ஒண்டெ க2ரி ஜீவுனுன்,ghoDokin ghedaTu oNTe khari jeevunun,குதிரையும் கழுதையும் ஒற்றைக் குளம்பு விலங்குகள்,Horse and donkey are single-hoofed animals,animal-body,corpus_sourashtradictionary
கு2ரி,khuri,குளம்பு,Hoof,கொ4டா கு2ரிம் நால் ஹனஸுன்,ghoTaa khurim naal hanasun,குதிரைக்குளம்பில் லாடம் அடிக்கப்படுகிறது,Horseshoes are nailed to the hoof,animal-body,corpus_sourashtradictionary
கோ2ரு,khOru,குளம்பு,Hoof,கொ3ருகின் முயி தீ3 கோ2ரு ஜீவுனுன்,gorukin muyi dee khOru jeevunun,மாடும் ஒட்டகமும் இரட்டைக் குளம்பு விலங்குகள்,Cattle and camels are double hoofed animals,animal-body,corpus_sourashtradictionary
ப2ங்கி3ள கோ2ரு,phanggiLa khOru,மூடிய குளம்பு,Closed hoof,கா3ய் ஸொகன் முயிக் மெல்லொ ப2ங்கி3ள கோ2ரு ஸே,gaay sokan muyik mello phanggiLa khOru sE,பசுவைப் போலவே ஒட்டகத்திற்கும் மூடிய குளம்பு இருக்கும்,The camel has a closed hoof just like the cow,animal-body,corpus_sourashtradictionary
நால்,naal,லாடம்,Horseshoe,கோ2ரு தி3ஜனாத்தக் ர்ஹாத்தக் நால் ஹனஸுன்,khOru dijanaattak rhaattak naal hanasun,குளம்பு தேயாமல் இருக்க லாடம் அடிப்பார்கள்,Horseshoe is nailed to avoid wearing of hoof,animal-body,corpus_sourashtradictionary
வஜ்ரதி3ட்3டு3,vajradiDDu,"பசை, வச்சிரம், ஊன்பசை","Glue, Gum",வஜ்ரதி3ட்3டு3 தெ3வ்ஸத்தக் நுக3ஸு,vajradiDDu devsattak nugasu,வச்சிரம் ஒட்டுவதற்கு பயன்படும்,The glue is used for gluing,animal-body,corpus_sourashtradictionary
கெட்3ஸன்,keDsan,விலங்கின் தோல்,Leather,ஶுந்தெ3 கெட்3ஸனும் ர்ஹீ கொ2ள்டி கெரஸுன்,ssunde keDsanum rhee khoLTi kerasun,பதனிடப்பட்ட தோலிலிருந்து பை தயாரிக்கப்படுகிறது,The bag is made from tanned leather,animal-body,corpus_sourashtradictionary
ஶிங்கு3,ssinggu,கொம்பு,Horn,"பெ4ய்ஸு ஶிங்கு3ம் ர்ஹீ போனி, பொளி ஆதி3ன் கெரஸுன்","bheysu ssinggum rhee pOni, poLi aadin kerasun","எருமைக்கொம்பிலிருந்து குவளை, கரண்டி ஆகிவற்றை செய்கிறார்கள்",Tumbler and spoon are made from buffalo's horn,animal-body,corpus_sourashtradictionary
ஶிங்கொ3,ssinggo,கொம்பு,Horn,கே4ர் ஸிங்க3ரத்தக் பீ4தும் ஹரிணு ஶிங்கொ3 ஸொவுண்ட3ட3ஸுன்,ghEr singgarattak bheetum hariNu ssinggo sovuNDaDasun,வீட்டை அலங்கரிக்க சுவர்களில் மான் கொம்புகள் மாட்டுவார்கள்,Deer horns are mounted on the walls to decorate the house,animal-body,corpus_sourashtradictionary
ஶிங்க3டொ3,ssinggaDo,கொம்பு,Horn,ஹரிணு ஶிங்க3டொ3 ஒர்ஸுஒர்ஸுக் ஹிட்டிபொடி3 நொவ்வொகன் லக3யி,hariNu ssinggaDo orsuorsuk hiTTipoDi novvokan lagayi,"மானின் கொம்புகள், ஆண்டுதோறும் விழுந்து புதிதாக முளைக்கும்",Deer antlers fall off every year and germinate anew,animal-body,corpus_sourashtradictionary
கொ3ருஸிங்டொ3,gorusingDo,மாட்டுக் கொம்பு,Bull horn,கொ3ருஸிங்டொ3 கௌதுக வஸ்துனுன் கெரத்தக் ஒர்க3ஸு,gorusingDo kautuka vastunun kerattak orgasu,மாட்டுக் கொம்பு அலங்காரப்பொருட்கள் செய்ய பயன்படும்,Cow horn is useful in making decorative items,animal-body,corpus_sourashtradictionary
கொ3ருகொம்மு,gorukommu,மாட்டுக்கொம்பு,Bull horn,கொ3ருகொம்முக் ரெங்கு3 ஹனி ஸிங்க3ருஸுன்,gorukommuk renggu hani singgarusun,மாட்டு கொம்பிற்கு வண்ணம் பூசி அலங்கரிக்கின்றனர்,The cow horns are decorated by painting,animal-body,corpus_sourashtradictionary
த3மொ,damo,மூக்கணாங்கயிறு,Snout rope,கா3யினுக் அண்சத்தக் த3மொ தக3ஸுன்,gaayinuk aNcattak damo tagasun,மாடுகளை கட்டுப்படுத்த மூக்கணாங்கயிறு போடுகிறார்கள்,The Snout rope are put on to control the cows,animal-body,corpus_sourashtradictionary
பெ4ய்ஸுத3மொ,bheysudamo,மூக்கணாங்கயிறு,Snout rope,பெ4ய்ஸுத3மொ நாகும் தக3ஸுன்,bheysudamo naakum tagasun,மூக்கணாங்கயிற்றை மூக்கில் போடுகிறார்கள்,The Snout rope is put on the nostrils,animal-body,corpus_sourashtradictionary
சொரொ,coro,"இரை, தீனி","Prey, Feed, Fodder",பெ3ஸ்களி ஸாபுக் சொரொ ஹோஸு,beskaLi saapuk coro hOsu,தவளை பாம்புக்கு இரையாகிறது,The frog preys on the snake,animal-body,corpus_sourashtradictionary
வேட க2ளத்தெ,vETa khaLatte,வேட்டையாடுதல்,"Hunting, Predation",வாகு3 வேட க2ளத்தெமாம் பெ4ளி ஸமர்து2,vaagu vETa khaLattemaam bheLi samarthu,புலி வேட்டையாடுவதில் மிகவும் திறமையானது,The tiger is very good at hunting,animal-body,corpus_sourashtradictionary
லுமத்தெ,lumatte,அசை போடுதல்,"Cud Chewing, Rumination",கா3யின் ஸவ்கா3ஸ்கன் லுமஸு,gaayin savgaaskan lumasu,பசுக்கள் நிதானமாக அசை போடுகின்றன,Cows chew the cud leisurely,animal-body,corpus_sourashtradictionary
பானு ப4க்ஷக்,paanu bhakshak,தாவர உண்ணி,Herbivore,ஐஸ்து ஒண்டெ பானு ப4க்ஷக்,aistu oNTe paanu bhakshak,யானை ஒரு தாவர உண்ணி,The elephant is a herbivore,animal-body,corpus_sourashtradictionary
பொ4ஸுலா ப4க்ஷக்,bhosulaa bhakshak,மாமிச உண்ணி,Carnivore,"வாகு3, ஸிம்ஹொ அஸ்கி பொ4ஸுலா ப4க்ஷகுன்","vaagu, simho aski bhosulaa bhakshakun","புலி, சிங்கம் ஆகியவை மாமிச உண்ணிகள்",Tigers and lions are carnivores,animal-body,corpus_sourashtradictionary
ஹப்3பு3 ப4க்ஷக்,habbu bhakshak,பூச்சி உண்ணி,Insectivore,பாலொ ஒண்டெ ஹப்3பு3 ப4க்ஷக்,paalo oNTe habbu bhakshak,பல்லி ஒரு பூச்சி உண்ணி,The lizard is an insectivore,animal-body,corpus_sourashtradictionary
ஸர்வ ப4க்ஷக்,sarva bhakshak,அனைத்துண்ணி,Omnivore,கௌளொ ஒண்டெ ஸர்வ ப4க்ஷக்,kauLo oNTe sarva bhakshak,காக்கை ஒரு அனைத்துண்ணி,The crow is an omnivore,animal-body,corpus_sourashtradictionary
கா3ய்கொ3ருன்,gaaygorun,கால்நடைகள்,"Cattle, Livestock",ஒக்கொக்கொ ஒர்ஸும் தெ2வ்டெ3 கா3ய்கொ3ருனுக் நெஷ்டி பொட3ரஸ்,okkokko orsum thevDe gaaygorunuk neshTi poDaras,ஒவ்வொரு ஆண்டும் சில கால்நடைகளை இழக்கிறேன்,I lose some cattle every year,animal-body,corpus_sourashtradictionary
கொங்கு,kongku,"பசுக்கூட்டம், மாட்டு மந்தை",Cow herd,கொ3ல்லர் கொங்கு பஸ்கட் ஜிலேத் ஸே,gollar kongku paskaT jilEt sE,பால்காரர் பசுக்கூட்டத்திற்கு பின்னால் சென்றுகொண்டிருக்கிறார்,The milkman is going behind the cow herd,animal-body,corpus_sourashtradictionary
மந்தொ3,mando,மந்தை,"Herd, Flock",பெ4ண்டு3 மந்தா3க் உகொ தெர்மிலி ஜாரஸி,bheNDu mandaak uko termili jaarasi,ஓநாய் ஆட்டு மந்தையைத் துரத்துகிறது,The wolf is chasing the flock of sheep,animal-body,corpus_sourashtradictionary
ஹேரு,hEru,சேணம்,Saddle,கொ4டா3 ஸவாரிக் ஹேரு பஜெ பொட3ஸு,ghoDaa savaarik hEru paje poDasu,குதிரை சவாரிக்கு சேணம் தேவை,Horseback riding requires a saddle,animal-body,corpus_sourashtradictionary
பௌஸுல்,pausul,கடிவாளம்,Bridle,கொ4டா3 தொ3ஸ்கொ பிவ்ரத்தக் பௌஸுல் நுக3ஸு,ghoDaa dosko pivrattak pausul nugasu,குதிரையின் தலையைத் திருப்புவதற்கு கடிவாளம் பயன்படுகிறது,The bridle is used to turn the horse's head,animal-body,corpus_sourashtradictionary
கக்3டொ3,kagDo,திமில்,Hump,முயி அபுல் கக்3டாம் மெயம் செர்ச்சி தொவஸு,muyi apul kagTaam meyam cercci tovasu,ஒட்டகம் தன் திமிலில் கொழுப்பை சேர்த்து வைக்கிறது,The camel stores fat in the hump,animal-body,corpus_sourashtradictionary
ஊடொ3,uuDo,"பால் மடி, பசுமடி",Udder,கா3ய் ஊடா3ம் சார் கொனொ ர்ஹாயி,gaay uuDaam caar kono rhaayi,பசுவின் மடியில் நான்கு காம்புகள் இருக்கும்,Cow udder will have four nipples,animal-body,corpus_sourashtradictionary
ஊதொ4,uudho,"பால் மடி, பசுமடி",Udder,கா3ய் ஊதா4க் பிவ்லிகின் தூ3த் ஹெட3ஸுன்,gaay uudhaak pivlikin doot heDasun,பசுவின் மடியை பிழிந்து பால் கறக்கிறார்கள்,The cow's udder is squeezed to get the milk,animal-body,corpus_sourashtradictionary
கொ3ந்து3ரு,gonduru,கோமியம்,Cow Urine,கொ3ந்து3ரு ஒண்டெ ஶ்ரேஷ்டு2 ஹொயெ ஜந்துநஸினி ஹோஸு,gonduru oNTe ssrEshThu hoye jantunasini hOsu,கோமியம் ஒரு சிறந்த கிருமிநாசினி ஆகும்,Cow Urine is an excellent disinfectant,animal-body,corpus_sourashtradictionary
கொ3ரஜ்ஜன,gorajjana,கோரோசனை,Calculus bovis,ஹெம்பினிக் கொ3ரஜ்ஜனொ ஒண்டெ சொக்கட் ஹொகது,hempinik gorajjano oNTe cokkaT hokatu,ஆஸ்துமாவிற்கு கோரோசனை ஒரு நல்ல மருந்து,Calculus bovis is a good medicine for asthma,animal-body,corpus_sourashtradictionary
பிசுலொ,piculo,பொறி,Trap,சிடி3னுக் தெ4ரத்தக் பிசுலொ உபயோக்3 ஹோஸு,ciDinuk dherattak piculo upayOg hOsu,சிட்டுக்குருவியைப் பிடிக்க பொறி பயன்படுகிறது,The trap is used to catch the sparrow,animal-body,corpus_sourashtradictionary
ஔளி,auLi,பாம்பு புற்று,Termite Mound,ஹுதி3ன் ப4ந்தெ3 ஔளிம் ஸாப் ஜிவஸு,hudin bhande auLim saap jivasu,கரையான் கட்டிய புற்றில் பாம்பு வசிக்கும்,The snake lives in the termites mound,animal-body,corpus_sourashtradictionary
ஜந்துநஸினி,jantunasini,கிருமிநாசினி,Disinfectant,கா4ம்லய தா2முக் ஜந்துநஸினி ஹால் பொஸுனொ,ghaamlaya thaamuk jantunasini haal posuno,காயம்பட்ட பகுதியை கிருமிநாசினி கொண்டு கழுவ வேண்டும்,The injured area should be washed with disinfectant,animal-body,corpus_sourashtradictionary
ரெத்தனு தெ3ய்டா3ன்,rettanu deyDaan,ரத்தினக் கற்கள்,Gemstones,நொவ் ப்ரகார்னு ரெத்தனு தெ3ய்டா3ன் ஸே,nov prakaarnu rettanu deyDaan sE,ஒன்பது வகையான ரத்தினக் கற்கள் உள்ளன,There are nine types of gemstones,gemstones,corpus_sourashtradictionary
ஹிரொ,hiro,வைரம்,Diamond,ஹிரானுக் காரட் லெக்ஷனும் மொவனு,hiraanuk kaaraT lekshanum movanu,வைரங்களை காரட் அலகுகளில் அளப்பார்கள்,Diamonds are measured in units of carat,gemstones,corpus_sourashtradictionary
வஜ்ஜிர்,vajjir,வைரம்,Diamond,தேகு ஜா2டு3 வஜ்ஜிர் ஸோன் தா4ஷ்டி ஹொயெயொ,tEku jhaaDu vajjir sOn dhaashTi hoyeyo,தேக்கு மரம் வைரத்தைப் போல வலிமையானது,Teak wood is as strong as diamond,gemstones,corpus_sourashtradictionary
லஸண்யொ,lasaNyo,வைடூரியம்,"Chrysoberyl, Cat's eye",லஸண்யொ மஞ்ஜிரி தொ3ளொ ஸோன் ர்ஹாயி,lasaNyo manjjiri doLo sOn rhaayi,வைடூரியம் பூனையின் கண்ணை ஒத்திருக்கும்,Chrysoberyl resembles cat's eye,gemstones,corpus_sourashtradictionary
மொதி,moti,முத்து,Pearl,ஜீவுனும் ர்ஹீ அவரியொ ஒண்ட்டே ரெத்தன் மொதி,jeevunum rhee avariyo oNTTE rettan moti,உயிரினத்திலிருந்து வரும் ஒரே ரத்தினம் முத்து,Pearls are the only gemstone to come from a living creature,gemstones,corpus_sourashtradictionary
பொம்ளொ,pomLo,பவளம்,Coral,பொம்ளாக் முத்3தி3 ஸெரொ செர்ச்சி க4ல்லனு,pomLaak muddi sero cercci ghallanu,பவளத்தை மோதிரத்தில் கோர்த்து அணிவார்கள்,The coral is worn with the ring,gemstones,corpus_sourashtradictionary
கோ3மேதொ3,gOmEdo,கோமேதகம்,Garnet,கோ3மேதொ3 த4னிமா வித்து ஸொகன் ர்ஹாயி,gOmEdo dhanimaa vittu sokan rhaayi,கோமேதகம் மாதுளை விதைகளை ஒத்திருக்கும்,Garnet resembles pomegranate seeds,gemstones,corpus_sourashtradictionary
ல்ஹொவொ ரெத்தன்,lhovo rettan,மாணிக்கம்,Ruby (Red gem),லேஸர் கிரணுக் உரு கெரத்தக் ல்ஹொவொ ரெத்தன் நுக3ஸு,lEsar kiraNuk uru kerattak lhovo rettan nugasu,லேசர் கதிர்களை உருவாக்க ரூபி பயன்படுத்தப்படுகிறது,Ruby is used to create laser beams,gemstones,corpus_sourashtradictionary
நீல் ரெத்தன்,neel rettan,நீலம்,Sapphire (Blue gem),நிள்ச்சி ர்ஹாத்தெமாம் ஹிராக் ப2ராது நீல் ரெத்தனுன் ஸே,niLcci rhaattemaam hiraak pharaatu neel rettanun sE,நீடித்திருப்பதில் வைரங்களுக்கு அடுத்தபடியாக நீலமணிகள் உள்ளன,Sapphires are next to diamonds in durability,gemstones,corpus_sourashtradictionary
பன்னொ,panno,மரகதம்,"Jade, Emerald (Green gem)",பன்னொ ஹிரொ ஸொம்மர் ஹவ்ளொயொ,panno hiro sommar havLoyo,மரகதம் வைரத்தை விட இலகுவானது,Emerald is lighter than diamond,gemstones,corpus_sourashtradictionary
புஷ்கராஜ்,pushkaraaj,புஷ்பராகம்,Topaz (Yellow gem),புஷ்கராஜு பு4லோக் பூராக் கொவ்ரி ஹெட3ஸுன்,pushkaraaju bhulOk pooraak kovri heDasun,புஷ்பராகம் உலகம் முழுவதும் தோண்டி எடுக்கிறார்கள்,Topaz is mined all over the world,gemstones,corpus_sourashtradictionary
நைதொ,naito,"நீதி, நியாயம்",Justice,,,,,court,corpus_sourashtradictionary
நைதாஸபொ4,naitaasabho,நீதிமன்றம்,Court,,,,,court,corpus_sourashtradictionary
கா2லு நைதாஸபொ4,khaalu naitaasabho,கீழ்நீதிமன்றம்,Lower Court,,,,,court,corpus_sourashtradictionary
உஞ்சா நைதாஸபொ4,unjcaa naitaasabho,உயர் நீதிமன்றம்,"High court, Highcourt",,,,,court,corpus_sourashtradictionary
ஸர்வோச்சொ,sarvOcco,உச்சம்,"Supreme, Apex",,,,,court,corpus_sourashtradictionary
ஸர்வோச்சொ நைதாஸபொ4,sarvOcco naitaasabho,உச்ச நீதிமன்றம்,Supreme court,,,,,court,corpus_sourashtradictionary
த3ண்டொ3 அர்க்யாரி,daNDo arkyaari,குற்றவியல் நடுவர்,Magistrate,,,,,court,corpus_sourashtradictionary
வகீல்,vakeel,வழக்கறிஞர்,Lawyer,,,,,court,corpus_sourashtradictionary
நியம்,niyam,"சட்டம், விதி, வழக்கம்","Law, Rule, Convention",,,,,court,corpus_sourashtradictionary
நியாவ்,niyaav,நியாயம்,"Just, Fair, Sentence, Judgement, Vedict",,,,,court,corpus_sourashtradictionary
தா3வொ,daaveaa,"வாதம், வழக்கு","Argument, Debate, Case, Litigation",,,,,court,corpus_sourashtradictionary
பொரொ,poro,குற்றம்,Crime,,,,,court,corpus_sourashtradictionary
தோ3ஷி,dOshi,"குற்ற உணர்வு, குற்றமுடைய",Guilty,,,,,court,corpus_sourashtradictionary
தோ3ஷிபன்,dOshipan,குற்றம்,"Guilt, Crime, Offence",,,,,court,corpus_sourashtradictionary
"ஸாக்ஷிதா3ர், ஸியெத்தெனொ","saakshidaar, siyetteno",சாட்சி,Witness,,,,,court,corpus_sourashtradictionary
ஸாக்ஷ்யம்,saakshyam,சாட்சியம்,Testimony,,,,,court,corpus_sourashtradictionary
ஆதா4ர்,aadhaar,அடிப்படை,"Testimony, Base, Basis, Evidence, Proof",,,,,court,corpus_sourashtradictionary
நிர்ணயொ,nirNayo,தீர்ப்பு,"Verdict, Judgment, Settlement, Sentence",,,,,court,corpus_sourashtradictionary
ஜீவுன்,jeevun,உயிரினம்,"Living being, Organism","வரொ, பனி வினா கொன்னி ஜீவுன் ஜிவத்தக் முஸுனா","varo, pani vinaa konni jeevun jivattak musunaa","காற்று, தண்ணீர் இல்லாமல் எந்த உயிரினமும் வாழ முடியாது",No living being can survive without air and water,animal,corpus_sourashtradictionary
தூ3த்தெ3னி ஜீவுன்,dootdeni jeevun,பாலூட்டி,Mammal,திமிங்கி3லம் வேன் ம்ஹொட்டொ தூ3த்தெ3னி ஜந்து,timinggilam vEn mhoTTo dootdeni jantu,திமிங்கிலம் மிகப்பெரிய பாலூட்டி,The whale is the largest mammal,animal,corpus_sourashtradictionary
பு4ய்ஞ்பனி ஜீவுன்,bhuynjpani jeevun,நிலநீர் உயிரினம்,Amphibian,பெ3ஸ்களி ஒண்டெ பு4ய்ஞ்பனி ஜீவு,beskaLi oNTe bhuynjpani jeevu,தவளை ஒரு நிலநீர் உயிரினம்,The frog is an amphibian animal,animal,corpus_sourashtradictionary
ஸரபடணார் ஜீவுன்,sarapaTaNaar jeevun,ஊர்வன,Reptile,ஸரபடணார் ஜீவுன் ஸில்லொ ரெக3துயொ,sarapaTaNaar jeevun sillo regatuyo,ஊர்வன குளிர் இரத்தம் கொண்டவை,Reptiles are cold-blooded,animal,corpus_sourashtradictionary
ம்ருகொ3,mrugo,"விலங்கு, மிருகம்",Animal,ஐஸ்து பொ3லீம் ஹொயெ ம்ருகொ3,aistu boleem hoye mrugo,யானை வலிமையான விலங்கு,The elephant is the strongest animal,animal,corpus_sourashtradictionary
ம்ருகொ3ஸாலொ,mrugosaalo,மிருகக்காட்சிசாலை,Zoo,ம்ருகொ3ஸாலாம் அஸ்கி வித4 ம்ருக3ம்னுக் ஸவாய்,mrugosaalaam aski vidha mrugamnuk savaay,மிருகக்காட்சிசாலையில் அனைத்து விலங்குகளையும் பார்க்கலாம்,You can see all the animals at the zoo,animal,corpus_sourashtradictionary
ஜந்து,jantu,"பிராணி, விலங்கு",Creature,ப3ந்தொ3 காய் தா4னு ஜந்து கீ?,bando kaay dhaanu jantu kee?,கரப்பான் பூச்சி என்ன வகையான உயிரினமோ?,What kind of creature is the cockroach?,animal,corpus_sourashtradictionary
ஶிஷ்டஜந்து,ssishTajantu,சாதுவான பிராணி,Polite animal,கா3ய் கொ2ப்3பி3ம் ஶிஷ்டஜந்து,gaay khobbim ssishTajantu,பசு எப்போதும் சாதுவான பிராணி,The cow is always a polite animal,animal,corpus_sourashtradictionary
து3ஷ்டஜந்து,dushTajantu,பொல்லாத பிராணி,Wicked animal,வாக்3 ஒண்டெ து3ஷ்ட ஜந்து,vaag oNTe dushTa jantu,புலி ஒரு பொல்லாத பிராணி,The tiger is a wicked animal,animal,corpus_sourashtradictionary
மூகு3,moogu,"விலங்கு, மிருகம்",Animal,"மூகு3னும் கா3மு மூகு3, ராணு மூகு3 மெனி தீ3 ம்ஹொட்டொ வகொ3 ஸே","moogunum gaamu moogu, raaNu moogu meni dee mhoTTo vago sE","விலங்குகளில் வீட்டு விலங்கு, காட்டு விலங்கு என இரண்டு பெரிய வகை உள்ளது",There are two major types of animals: the domestic animal and the wild animal,animal,corpus_sourashtradictionary
கா3மு மூகு3,gaamu moogu,வீட்டு விலங்கு,Domestic animal,"கொ4டொ3, பெ4ண்டு3, கொ3ரு அஸ்கி கா3மு மூகு3ன்","ghoDo, bheNDu, goru aski gaamu moogun","குதிரை, ஆடு, மாடு ஆகியவை வீட்டு விலங்குகள்","Horses, sheep, and cows are domestic animals",animal,corpus_sourashtradictionary
ராணு மூகு3,raaNu moogu,காட்டு விலங்கு,Wild animal,"ராண் பெ4ய்ஸ், வாக்3, ஸிம்ஹொ அஸ்கி ராணு மூகு3ன்","raaN bheys, vaag, simho aski raaNu moogun","காட்டெருமை, புலி, சிங்கம் ஆகியவை காட்டு விலங்குகள்","Wildebeest, tiger and lion are wild animals",animal,corpus_sourashtradictionary
ஸாது4 மூகு3,saadhu moogu,சாதுவான விலங்கு,Polite animal,கா3ய் ஒண்டெ ஸாது4 மூகு3,gaay oNTe saadhu moogu,பசு ஒரு சாதுவான விலங்கு,The cow is a polite animal,animal,corpus_sourashtradictionary
உடு3த்தொ,uDutto,அணில்,Squirrel,உடு3த்தொ பாடுர் தீ2ன் கி3தொ ர்ஹாயி,uDutto paaTur theen gito rhaayi,அணிலின் முதுகில் மூன்று கோடுகள் இருக்கும்,The squirrel has three stripes on its back,animal,corpus_sourashtradictionary
சிக்3லொ,ciglo,அணில்,Squirrel,சிக்3லொ கொ2ப்3பி3ம் ஜா2டு3னும் ஜிவஸு,ciglo khobbim jhaaDunum jivasu,அணில் எப்போதும் மரத்தில் வாழும்,The squirrel always lives in the tree,animal,corpus_sourashtradictionary
ஹுந்தி3ர்,hundir,எலி,Rat,ஹுந்தி3ர் ஸதா3 கலம் அபுலுக் ஶுத்3த4ம் கெர்லேத் ர்ஹாஸு,hundir sadaa kalam apuluk ssuddham kerlEt rhaasu,எலி எப்போதும் தன்னை சுத்தப்படுத்திக் கொண்டே இருக்கும்,The rat is always cleaning itself,animal,corpus_sourashtradictionary
கூ4ஸ்,ghoos,பெருச்சாளி,Bandicoot,ஸுனொ கூ4ஸுக் ஸியெத் தெர்மஸு,suno ghoosuk siyet termasu,நாய் பெருச்சாளியைக் கண்டால் விரட்டுகிறது,The dog chases when it sees a bandicoot rat,animal,corpus_sourashtradictionary
சுஞ்சு,cunjcu,மூஞ்சூறு,Shrew,சுஞ்சு விநாய் வாஹனொ மெனி மெனன்,cunjcu vinaay vaahano meni menan,மூஞ்சூரு விநாயகரின் வாகனம் என்பார்கள்,Shrew is known as vehicle of Ganesha,animal,corpus_sourashtradictionary
மஞ்ஜிரி,manjjiri,பூனை,Cat,மஞ்ஜிரிக் தூ3த் ஒப்பாயி,manjjirik doot oppaayi,பூனைக்கு பால் பிடிக்கும்,The cat loves milk,animal,corpus_sourashtradictionary
பு3ஸ்குல்,buskul,"ஆண் பூனை, கடுவன் பூனை",Male cat,பு3ஸ்குல் கின் ஸுனொ ஸதா3 மல்லஸுனு,buskul kin suno sadaa mallasunu,கடுவன் பூனையும் நாயும் எப்போதும் சண்டையிடுகின்றன,Male cat and dog are always fighting,animal,corpus_sourashtradictionary
ஸுனொ,suno,நாய்,Dog,ஸுனொ ஒண்டெ விஶ்வாஶ்ஹொயெ மூகு3,suno oNTe vissvaasshoye moogu,நாய் ஒரு விசுவாசமான விலங்கு,The dog is a loyal animal,animal,corpus_sourashtradictionary
பெ4ண்டு3,bheNDu,ஆடு,Goat,பெ4ண்டு3 பானுக் கா2ஸு,bheNDu paanuk khaasu,ஆடுகள் இலைகளை உண்ணும்,Sheep eats leaves,animal,corpus_sourashtradictionary
ம்ஹெடி3 பெ4ண்டு3,mheDi bheNDu,செம்மறி ஆடு,Sheep,ம்ஹெடி3 பெ4ண்டு3 அவ்ங்கொ லோகர் தே3ஸு,mheDi bheNDu avngko lOkar dEsu,செம்மறியாடு நமக்கு கம்பளி கொடுக்கிறது,Sheep gives us wool,animal,corpus_sourashtradictionary
ஶெலி பெ4ண்டு3,sseli bheNDu,வெள்ளாடு,Goat,ஶெலி பெ4ண்டு3 தூ3த் ஆங்கு3க் புஷ்டி கெரஸு,sseli bheNDu doot aangguk pushTi kerasu,வெள்ளாட்டின் பால் உடலுக்கு ஊட்டமளிக்கிறது,Goat's milk nourishes the body,animal,corpus_sourashtradictionary
கா3ய்,gaay,பசு,Cow,கா3ய் தூ3த் போஷணொ தே3ஸு,gaay doot pOshaNo dEsu,பசுவின் பால் ஊட்டச்சத்தை அளிக்கிறது,Cow's milk provides nutrition,animal,corpus_sourashtradictionary
கோ3,gO,பசு,Cow,கோ3 தூ3த் ஆங்கு3க் தா4ஷ்டி தே3ஸு,gO doot aangguk dhaashTi dEsu,பசுவின் பால் உடலுக்கு வலிமை கொடுக்கிறது,Cow's milk gives strength to the body,animal,corpus_sourashtradictionary
கொ3ரு,goru,காளை,Bull,கொ3ரு ஶிங்க3டா3ம் ர்ஹீ கௌதுக வஸ்துனுன் கெரஸுன்,goru ssinggaDaam rhee kautuka vastunun kerasun,மாட்டுக்கொம்பிலிருந்து அலங்கார பொருட்கள் செய்வார்கள்,Decorative items are made from bull's horn,animal,corpus_sourashtradictionary
ர்ருஷபொ4,rrushabho,காளை,Bull,ர்ருஷபொ4 பாடுர் ம்ஹொட்டொ கக்3டொ3 ர்ஹாயி,rrushabho paaTur mhoTTo kagDo rhaayi,காளையின் முதுகில் பெரிய திமில் இருக்கும்,The bull has a big hump on its back,animal,corpus_sourashtradictionary
பெ4ய்ஸ்,bheys,எருமை,Buffalo,பெ4ய்ஸு தூ3த் ஆங்கு3க் தா4ஷ்டி தே3ஸு,bheysu doot aangguk dhaashTi dEsu,எருமைப்பால் உடலுக்கு வலிமை தரும்,Buffalo milk gives strength to the body,animal,corpus_sourashtradictionary
பொதுலொ,potulo,ஆணெருமை,He buffalo,பொதுலொ ஜுன்னத்த காமுக் நுக3ஸு,potulo junnatta kaamuk nugasu,எருமை உழவு வேலைக்கு பயன்படுகிறது,Buffalo is used for plowing work.,animal,corpus_sourashtradictionary
ராண் பெ4ய்ஸ்,raaN bheys,காட்டெருமை,"Bison, Wild buffalo",வாகு3னுக் ராண் பெ4ய்ஸ் ப்ரதா4ன்ஹொயெ சொரொ,vaagunuk raaN bheys pradhaanhoye coro,புலிகளுக்குக் காட்டெருமைகள் முக்கிய இரை,Bison are the main prey for tigers,animal,corpus_sourashtradictionary
த3ல்லா கொ3ரு,dallaa goru,பொலிகாளை,Uncastrated Bull,கா3ய் து3டொ3 தக3த்தக் த3ல்லா கொ3ரு ஹொவ்ட3ஸுன்,gaay duDo tagattak dallaa goru hovDasun,பசு கன்று ஈனுவதற்கு பொலிகாளையை வளர்க்கிறார்கள்,Uncastrated bull is bred for breeding cows,animal,corpus_sourashtradictionary
ஹல்லொ கொ3ரு,hallo goru,உழவு எருது,Ox,ஹல்லொ கொ3ரு கே2துக் ஜுன்னத்தக் நுக3ஸு,hallo goru khEtuk junnattak nugasu,வயலை உழுவதற்கு எருது பயன்படுகிறது,The ox is used to plow the field,animal,corpus_sourashtradictionary
து3டொ3,duDo,கன்றுக்குட்டி,Calf,மாய் க4டி3 ஸெத்3து3 அய்கெதிக்காம் து3டொ3 த4மி அவய்,maay ghaDi seddu ayketikkaam duDo dhami avay,தாயின் குரல் கேட்டதும் கன்று ஓடி வரும்,The calf will come running when it hears its mother's voice,animal,corpus_sourashtradictionary
வாஸரு,vaasaru,கன்றுக்குட்டி,Calf,வாஸரு அபுல் மாய் ஸெந்தொ ஜாரஸி,vaasaru apul maay sento jaarasi,கன்று தன் தாயுடன் செல்கிறது,The calf goes with its mother,animal,corpus_sourashtradictionary
கெ4த3ட்,ghedaT,கழுதை,"Ass, Donkey",கெ4த3ட் ஒண்ட்டேலெக்கு ஹல்லுனாத்தக் ஹிப்3பி3 ர்ஹாய்,ghedaT oNTTElekku hallunaattak hibbi rhaay,கழுதை ஒரே இடத்தில் அசையாமல் நிற்கும்,The donkey stands still in one place,animal,corpus_sourashtradictionary
ஒவன் கெ4த3ட்,ovan ghedaT,கோவேறுக்கழுதை,Mule,ஒவன் கெ4த3ட் பா4ர் துக்கத்தக் ஒர்க3ஸு,ovan ghedaT bhaar tukkattak orgasu,கோவேறு கழுதை பொதி சுமக்க பயன்படும்,The mule is used to carry the load,animal,corpus_sourashtradictionary
கொ4டொ3,ghoDo,குதிரை,Horse,கொ4டொ3 ஒண்டெ மஹாப்ரதாப்ஹொயெ ம்ருகொ3,ghoDo oNTe mahaaprataaphoye mrugo,குதிரை ஒரு கம்பீரமான விலங்கு,The horse is a majestic animal,animal,corpus_sourashtradictionary
அஸ்வொ,asvo,குதிரை,Horse,"அஸ்வக்ரது மெனதி, அஸ்வொ தொ2வி கெரரியொ யாகு3","asvakratu menati, asvo thovi kerariyo yaagu",அசுவமேத யாகம் என்பது குதிரையை வைத்து செய்யும் யாகம்,Ashwamedha Yagya is a yagna performed with a horse,animal,corpus_sourashtradictionary
கி3தா3கொ4டொ3,gidaaghoDo,வரிக்குதிரை,Zebra,கி3தா3கொ4டொ3க் பூஸ் அக்ரொ ர்ஹாயி,gidaaghoDok poos akro rhaayi,வரிக்குதிரைக்கு வால் குட்டையாக இருக்கும்,The zebra's tail is short,animal,corpus_sourashtradictionary
நகுல்,nakul,கீரிப்பிள்ளை,Mongoose,நகுலுக் ஸாபு ஸெரொ ஶத்ருப்பன் ஸே,nakuluk saapu sero ssatruppan sE,கீரிக்கு பாம்புடன் பகை உள்ளது,The mongoose has enemity with the snake,animal,corpus_sourashtradictionary
குந்தெ3லு பில்லொ,kundelu pillo,முயல்,"Hare, Rabbit",குந்தெ3லு பில்லா கான் லம்பு3 ர்ஹாயி,kundelu pillaa kaan lambu rhaayi,முயலின் காது நீளமாக இருக்கும்,The rabbit's ear is long,animal,corpus_sourashtradictionary
ஸஸொ,saso,முயல்,"Hare, Rabbit",ஸஸொ சார் ர்ஹீ தெ3ஸ்ஸு ஒர்ஸு லெந்து ஜிவஸு,saso caar rhee dessu orsu lentu jivasu,முயல் நான்கு முதல் பத்து ஆண்டுகள் வரை வாழ்கிறது,The rabbit lives for four to ten years,animal,corpus_sourashtradictionary
து3க்கர்,dukkar,பன்றி,"Pig, Swine, Boar",து3க்கர் பு3த்3ராம் ஜிவத்திஸா ஜந்து,dukkar budraam jivattisaa jantu,பன்றி சேற்றில் வாழும் விலங்கு,Pig is an animal that lives in the mud,animal,corpus_sourashtradictionary
ஷலாக்3 து3க்கர்,shalaag dukkar,முள்ளம்பன்றி,"Porcupine, Hedgehog",ஷலாக்3 து3க்கர் க2டா ஹால் ஶத்ருனுக் தெர்மயி,shalaag dukkar khaTaa haal ssatrunuk termayi,முள்ளம்பன்றி முள்ளால் எதிரியை விரட்டும்,Porcupine chases the enemy with thorns,animal,corpus_sourashtradictionary
கீஸொ,keeso,குரங்கு,Monkey,கெலான் கீஸானுக் மிடா2ய் ஸொகன்,kelaan keesaanuk miThaay sokan,வாழைப்பழங்கள் குரங்குகளுக்கு மிட்டாய் போன்றவை,Bananas are like candy for monkeys,animal,corpus_sourashtradictionary
வானரொ,vaanaro,குரங்கு,Monkey,ராம ஸேது வானரான் ப4ந்தெ3யொ மெனி மெனன்,raama sEtu vaanaraan bhandeyo meni menan,ராமர் பாலம் குரங்குகள் கட்டியது என்று சொல்வார்கள்,The Ram Bridge is said to have been built by monkeys,animal,corpus_sourashtradictionary
கோதோ,kOtO,ஆண் குரங்கு,Male Monkey,கோதொ ஜா2டு3 ஜா2டு3க் லங்க3ஸு,kOto jhaaDu jhaaDuk langgasu,குரங்கு மரத்துக்கு மரம் தாவுகிறது,The monkey jumps from tree to tree,animal,corpus_sourashtradictionary
கோதி,kOti,பெண் குரங்கு,Female Monkey,கோதி போடுக் தெகொ3 பில்லொ கெ4ட்டி தெ4ர்லி ர்ஹாஸு,kOti pOTuk tego pillo gheTTi dherli rhaasu,குரங்கின் வயிற்றை அதன் குட்டி இறுக்கமாக பிடித்துக்கொண்டிருக்கும்,The cub is holding the monkey's stomach tightly,animal,corpus_sourashtradictionary
பூஸ் ந்ஹீத்தெ கீஸ்,poos nheette kees,வாலில்லாக் குரங்கு,Ape,பூஸ் ந்ஹீத்தெ கீஸு ஆப்பிரிக்கா க2ண்ட3மு ர்ஹீ அவெ மூகு3,poos nheette keesu aappirikkaa khaNDamu rhee ave moogu,வாலில்லாக்குரங்கு ஆப்பிரிக்கா கண்டத்திலிருந்து வந்த விலங்கு,The ape is an animal from the African continent,animal,corpus_sourashtradictionary
ஏணு,ENu,கலைமான்,Reindeer,ஏணுனுக் ம்ஹொட்டொ ஶிங்க3டா3ன் ர்ஹாஸு,ENunuk mhoTTo ssinggaDaan rhaasu,கலைமான்களுக்கு பெரிய கொம்புகள் இருக்கும்,Reindeers have large horns,animal,corpus_sourashtradictionary
ஹரிண்,hariN,மான்,Deer,ஹரிணு ஶிங்கு3ம் ர்ஹீ அய்து3ன் மெல்லொ கெரஸுன்,hariNu ssinggum rhee aydun mello kerasun,மான் கொம்பிலிருந்து ஆயுதம் கூட செய்கிறார்கள்,They even make weapons out of deer antlers,animal,corpus_sourashtradictionary
ஹரிணி,hariNi,பெண் மான்,Female deer,ஹரிணிக் ஶிங்கு3 ஜுண்ணா,hariNik ssinggu juNNaa,பெண் மானுக்கு கொம்பு கிடையாது,The female deer has no horns,animal,corpus_sourashtradictionary
கொ2லொ,kholo,நரி,"Fox, Jackal",கொ2லொ ஒண்டெ தூ4ர்த ஜந்து,kholo oNTe dhoorta jantu,நரி ஒரு தந்திரமான விலங்கு,The fox is a cunning animal,animal,corpus_sourashtradictionary
உகொ,uko,ஓநாய்,Wolf,உகாக் ப்ராமஹொயெ சொரொ ஸஸொ,ukaak praamahoye coro saso,ஓநாய்க்கு விருப்பமான இரை முயல்,The wolf's favorite prey is the rabbit,animal,corpus_sourashtradictionary
அங்கூ3ஷொ,anggoosho,மரநாய்,Weasel,அங்கூ3ஷாக் ப்ரதா4ன் ஹொயெ ஆஹார் ஹுந்தி3ரு,anggooshaak pradhaan hoye aahaar hundiru,மரநாயின் முக்கிய உணவு எலி ஆகும்,Weasel's main food is rat,animal,corpus_sourashtradictionary
நகுலொ,nakulo,மரநாய்,Weasel,நகுலொ கா4ருக் சொரொ ஹோஸு,nakulo ghaaruk coro hOsu,வீசல்கள் பருந்துகளுக்கு இரையாகின்றன,Weasels are preyed upon hawks,animal,corpus_sourashtradictionary
உத்3ரொ,udro,நீர்நாய்,Otter,உத்3ரொ ஸாத்தக் நகுல் ஸோன் தெ3க்காஸு,udro saattak nakul sOn dekkaasu,நீர்நாய் பார்ப்பதற்கு கீரிப்பிள்ளை போல் இருக்கும்,The Otter looks like a Mongoose,animal,corpus_sourashtradictionary
பனி நகுலொ,pani nakulo,நீர்நாய்,Otter,பனி நகுலான் பனிம் சொராக் தெர்மஸு,pani nakulaan panim coraak termasu,நீர்நாய்கள் தண்ணீரில் இரையைத் துரத்துகின்றன,Otters chase prey in the water,animal,corpus_sourashtradictionary
ஐஸ்து,aistu,யானை,Elephant,ஐஸ்து பொ3லீம் ஹொயெ ம்ருகொ3,aistu boleem hoye mrugo,யானை வலிமையான விலங்கு,The elephant is the strongest animal,animal,corpus_sourashtradictionary
பனி ஐஸ்து,pani aistu,நீர்யானை,Hippopotamus,பனி ஐஸ்து பனிம் ஜி2ர்க்கிலின் ஜாய் ஜதொ திரன் களானா,pani aistu panim jhirkkilin jaay jato tiran kaLaanaa,நீர்யானைகள் தண்ணீரில் நகர்ந்து செல்லுமே தவிர நீந்தத் தெரியாது,Hippos can only move through water but does not know swimming,animal,corpus_sourashtradictionary
ஸிம்ஹொ,simho,சிங்கம்,Lion,ஸிம்ஹொ பா3ர் பௌல் உஞ்சொ உஸுலயி,simho baar paul unjco usulayi,சிங்கம் பன்னிரண்டு அடி உயரத்துக்கு குதிக்கும்,The lion will jump to a height of twelve feet,animal,corpus_sourashtradictionary
ஸிம்ஹு,simhu,சிங்கம்,Lion,ஸிம்ஹு கொ2ப்3பி3ம் ஜெதொகனீஸ் அவயி,simhu khobbim jetokanees avayi,சிங்கம் எப்போதும் கூட்டமாகவே வரும்,The lion always comes in herds,animal,corpus_sourashtradictionary
பனி ஸிம்ஹொ,pani simho,கடல் சிங்கம்,Sea lion,பனி ஸிம்ஹொ நௌகாத் ஸோன் பாய்ஞ் ஹால் ல்ஹெகு3கன் திரஸு,pani simho naukaat sOn paaynj haal lhegukan tirasu,கடல் சிங்கம் துடுப்பு போன்ற கால்களால் எளிதாக நீந்தும்,The sea lion swims easily with paddle-like legs,animal,corpus_sourashtradictionary
ஜலஉயாக்3ரொ,jalauyaagro,கடல் சிங்கம்,Sea lion,ஜலஉயாக்3ரான் ஸில்ல பனிம் ஜிவத்தக் தெ3ள்கொ கெண்டொ3 ஸே,jalauyaagraan silla panim jivattak deLko keNDo sE,கடல் சிங்கங்கள் குளிர்ந்த நீரில் வாழ தடிமனான தோல் கொண்டவை,Sea lions have thick skin to live in cold water,animal,corpus_sourashtradictionary
வாக்3,vaag,புலி,Tiger,"வாகு3 25 பவுல் லம்பொ3 ஜிங்க3யி, 16 பௌல் உஞ்சொ உஸுலயி","vaagu 25 pavul lambo jinggayi, 16 paul unjco usulayi","புலி 25 அடி தூரம் பாயும், 16 அடி உயரம் எகிறும்",Tiger can leap 25 feet and jump upto 16 feet vertically,animal,corpus_sourashtradictionary
சித்ருவாக்3,citruvaag,சிறுத்தை,Cheetah,பு4லோகும் வேன் பி3ஸ்ஸொ த4மரியொ ம்ருகொ3 சித்ருவாகு3,bhulOkum vEn bisso dhamariyo mrugo citruvaagu,உலகிலேயே மிக வேகமாக ஓடும் விலங்கு சிறுத்தை,The fastest running animal in the world is the Cheetah,animal,corpus_sourashtradictionary
பி3ப3ட்யொ,bibaTyo,சிறுத்தைப்புலி,Leopard,பி3ப3ட்யொ ஜா2டு3 ஹொல்லொ ல்ஹெகூ3வர் ஹிங்க3யி,bibaTyo jhaaDu hollo lhegoovar hinggayi,சிறுத்தைப்புலி மரத்தில் எளிதாக ஏறும்,The leopard can climb with ease on a tree,animal,corpus_sourashtradictionary
ஹள்டு3னொ வாக்3,haLDuno vaag,ஜாகுவார்,Jaguar,ஹள்டு3னொ வாக்3 அபுல் சொராக் பொ3லம்ஹொயெ சவ்னிஹால் மொரட3ஸு,haLDuno vaag apul coraak bolamhoye cavnihaal moraDasu,ஜாகுவார் அதன் இரையை ஒரு சக்திவாய்ந்த கடியால் கொன்றுவிடுகிறது,Jaguar kills its prey with a powerful bite,animal,corpus_sourashtradictionary
தொ3ங்க3ரு ஸிம்ஹொ,donggaru simho,பூமா,Puma,தொ3ங்க3ரு ஸிம்ஹொ உத்தர அமெரிக்காம் ஜிவரியொ ம்ஹொட்டொ மஞ்ஜிரி,donggaru simho uttara amerikkaam jivariyo mhoTTo manjjiri,பூமா வட அமெரிக்காவில் வாழும் பெரிய காட்டுப் பூனை,Puma is a large wild cat that lives in the North America,animal,corpus_sourashtradictionary
பி3ப3ள்ய வாக்3,bibaLya vaag,சிறுத்தை,Panther,பி3ப3ள்ய வாக்3 ஜு2க்குகன் சமல் ந்ஹீஜியெத் களொகன் ர்ஹாஸு,bibaLya vaag jhukkukan camal nheejiyet kaLokan rhaasu,சிறுத்தைகள் பெரும்பாலும் பழுப்பு அல்லது கருப்பு நிறத்தில் இருக்கும்,Panthers are mostly brown or black in color,animal,corpus_sourashtradictionary
களொ வாக்3,kaLo vaag,கருஞ்சிறுத்தை,Black Panther,களொ வாகு3 கெண்டொ3 களொ பஸுடு ஹால் ஜ2யெ ஸொகன் ர்ஹாயி,kaLo vaagu keNDo kaLo pasuTu haal jhaye sokan rhaayi,கருஞ்சிறுத்தையின் தோல் கருப்பு பட்டு துணியால் போர்த்தியது போல் இருக்கும்,The skin of the black panther looks like it was wrapped in black silk cloth,animal,corpus_sourashtradictionary
பெ4ருண்டொ3,bheruNDo,கழுதைப்புலி,Hyena,பெ4ருண்டொ3 அபுல் சொரா ஹட்3கொ மெள்ளி க2யி ஜீர்ணு கெரஸு,bheruNDo apul coraa haDko meLLi khayi jeerNu kerasu,கழுதைப்புலி தனது இரையின் எலும்புகளையும் சாப்பிட்டு ஜீரணிக்கின்றது,The hyena also eats and digests the bones of its prey,animal,corpus_sourashtradictionary
தா4குரங்கொ3,dhaakuranggo,கங்காரு,Kangaroo,தா4குரங்கா3க் ஆஸ்திரேலியாம் ஒண்ட்டேஸ் ஸவாய்,dhaakuranggaak aastirEliyaam oNTTEs savaay,கங்காருவை ஆஸ்திரேலியாவில் மட்டுமே காணலாம்,The kangaroo can only be found in Australia,animal,corpus_sourashtradictionary
பா4லு,bhaalu,கரடி,Bear,பா4லு மைகு ப்ராமொ பொட3ஸு,bhaalu maiku praamo poDasu,கரடிகள் தேனை விரும்புகின்றன,Bears do love honey,animal,corpus_sourashtradictionary
ப4ல்லொ,bhallo,கரடி,Bear,களொ ப4ல்லொ உத்தர அமெரிக்காம் ஒண்டேஸ் தெ3க்கிணி பொட3ஸு,kaLo bhallo uttara amerikkaam oNTEs dekkiNi poDasu,கருப்பு கரடிகள் வட அமெரிக்காவில் மட்டுமே காணப்படுகின்றன,Black bears are only found in North America,animal,corpus_sourashtradictionary
வெல்கெட்டு,velkeTTu,கரடி,Bear,கெ4ட்டி ஸெத்3து3கு வெல்கெட்டு த4க்கயி,gheTTi sedduku velkeTTu dhakkayi,கரடி உரத்த சத்தங்களுக்கு பயப்படும்,The bear is afraid of loud noises,animal,corpus_sourashtradictionary
த்4ருவொ ப4ல்லு,dhruvo bhallu,"பனிக்கரடி, துருவ கரடி",Polar Bear,த்4ருவொ ப4ல்லு ஆங்கு3 போ4ர் ஹுஜால் கே2ஸ் ர்ஹாயி,dhruvo bhallu aanggu bhOr hujaal khEs rhaayi,பனிக்கரடியின் உடலெங்கும் வெண்மையான முடி இருக்கும்,The polar bear has white hair all over its body,animal,corpus_sourashtradictionary
சீனு ப4ல்லு,ceenu bhallu,பாண்டாகரடி,Giant Panda,சீனு ப4ல்லு ஜு2க்குகன் பொ3ங்கு3க் க2யி ஜிவஸூ,ceenu bhallu jhukkukan bongguk khayi jivasoo,பாண்டாகரடி பெரும்பாலும் மூங்கிலை மட்டுமே உண்டு வாழும்,The panda bear mostly lives only on bamboo,animal,corpus_sourashtradictionary
கோலா ப4ல்லு,kOlaa bhallu,கோலா கரடி,Koala Bear,கோலா ப4ல்லு தா4குரங்கா3 ஜாதும் செரெ மூகு3,kOlaa bhallu dhaakuranggaa jaatum cere moogu,கோலா கரடி கங்காரு இனத்தைச் சேர்ந்தது,The koala bear belongs to the kangaroo species,animal,corpus_sourashtradictionary
க3ண்டொ3,gaNDo,காண்டா மிருகம்,Rhinoceros,க3ண்டொ3 ஒண்டெ பானு ப4க்ஷக்,gaNDo oNTe paanu bhakshak,காண்டாமிருகம் ஒரு தாவர உண்ணி,The rhinoceros is a herbivore,animal,corpus_sourashtradictionary
க3ண்டா3 மூகு3,gaNDaa moogu,காண்டா மிருகம்,Rhinoceros,க3ண்டா3 மூகு3க் தொ3ளா ஸனி உன்னொ,gaNDaa mooguk doLaa sani unno,காண்டாமிருகங்களுக்கு கண் பார்வை குறைவு,Rhinoceros have poor vision,animal,corpus_sourashtradictionary
பொ4லி,bholi,ஒட்டகம்,Camel,பொ4லி வளுராணும் ஜிவரியொ மூகு3,bholi vaLuraaNum jivariyo moogu,ஒட்டகம் பாலைவனத்தில் வாழும் மிருகம்,The camel is a desert animal,animal,corpus_sourashtradictionary
முயி,muyi,ஒட்டகம்,Camel,முயிக் திரன் களானா,muyik tiran kaLaanaa,ஒட்டகத்திற்கு நீச்சல் தெரியாது,The camel does not know swimming,animal,corpus_sourashtradictionary
லோல்படெ3,lOlpaDe,ஒட்டகம்,Camel,தே3வ் சுட்டும் லோல்படெ3கின் ஐஸ்து அவயி,dEv cuTTum lOlpaDekin aistu avayi,சாமி ஊர்வலத்தில் ஒட்டகமும் யானையும் வரும்,The camel and the elephant come in the lord procession,animal,corpus_sourashtradictionary
காந்தாரு தாரு (முயி),kaantaaru taaru (muyi),பாலைவனக் கப்பல் (ஒட்டகம்),Desert ship (Camel),முயிக் காந்தாரு தாரு மெனி மெனன்,muyik kaantaaru taaru meni menan,ஒட்டகத்தை பாலைவனக் கப்பல் என்று கூறுவார்கள்,A camel called a desert ship,animal,corpus_sourashtradictionary
உக்3லி,ugli,தேவாங்கு,"Sloth, Lemur, Slender loris",உக்3லி மெனரியொ ராதும் சொரொ வெக்கத்திஸா ந்ஹன்ன மூகு3,ugli menariyo raatum coro vekkattisaa nhanna moogu,தேவாங்கு என்பது இரவில் இரை தேடும் ஒரு சிறு விலங்காகும்.,Slender loris is a nocturnal predator,animal,corpus_sourashtradictionary
கொ3தி3,godi,உடும்பு,"Varanus, Monitor Lizard, Iguana",கொ3தி3 அபுல் பொ3லீம்ஹொயெ கா3லு ஹால் கெ4ட்டி தெ4ர்லஸு,godi apul boleemhoye gaalu haal gheTTi dherlasu,உடும்பு அதன் வலுவான தாடைகளால் இறுக்கமாகப் பிடிக்கிறது,Monitor lizard grips tightly with its strong jaws,animal,corpus_sourashtradictionary
கு3ட்3வல்,guDval,உடும்பு,"Varanus, Monitor Lizard, Iguana",அஸ்கி மூகுனும் கு3ட்3வல் தெ4ர்னி வேன் பொ3லம் ஹொயெயொ,aski mookunum guDval dherni vEn bolam hoyeyo,அனைத்து விலங்குகளிலும் உடும்பு பிடி வலிமையானது,Iguana grip is strongest in all animals,animal,corpus_sourashtradictionary
தோண்டொ3,tONDo,ஓணான்,Garden Lizard,தோண்டொ3 ஒண்டெ ஹப்3பு3 ப4க்ஷகு,tONDo oNTe habbu bhakshaku,ஓணான் ஒரு பூச்சி உண்ணி,Garden Lizard is an insectivorous,animal,corpus_sourashtradictionary
ஸரள்,saraL,ஓணான்,Garden Lizard,ஸரளுக் தொ3ஸ்கொ ர்ஹீ பூஸ் லெந்து ஒண்டெ முகுட் ஸே,saraLuk dosko rhee poos lentu oNTe mukuT sE,ஓணானுக்கு தலை முதல் வால் வரை ஒரு மேடு உள்ளது,The garden lizard has a ridge from head to tail,animal,corpus_sourashtradictionary
ஸரடொ,saraTo,பச்சோந்தி,Chameleon,ஸரடொ அபுல் வனிக் பரிஸ்தி2திக் தயெ தா4னுக் மர்ச்சயி,saraTo apul vanik paristhitik taye dhaanuk marccayi,பச்சோந்தி தன் நிறத்தை சூழ்நிலைக்கேற்ப மாற்றும்,The chameleon changes its color depending on the situation,animal,corpus_sourashtradictionary
ஸம்ஸலி,samsali,அரணை,Skink,ஸம்ஸலி பூஸ் ல்ஹொவ்வொகொ ர்ஹாயி,samsali poos lhovvoko rhaayi,அரணை வால் சிவப்பாக இருக்கும்,The skink tail is red,animal,corpus_sourashtradictionary
பாலொ,paalo,பல்லி,Lizard,பாலொ ஹால் முகுடும் தொ3ஸ்கொகா2ல் கன் சலத்தக் முஸயி,paalo haal mukuTum doskokhaal kan calattak musayi,பல்லி கூரையில் தலைகீழாக நடக்க முடியும்,The lizard can walk upside down in the ceiling,animal,corpus_sourashtradictionary
ம்ஹளி,mhaLi,மீன்,Fish,ம்ஹளின் பனிம் ஜிவத்திஸானு ஜீவுன்,mhaLin panim jivattisaanu jeevun,மீன்கள் நீர்வாழ் உயிரினங்கள்,Fish are aquatic organisms,animal,corpus_sourashtradictionary
பனிங்கைலொ,paningkailo,மீன்,Fish,பனிங்கைலொ பனிம் ஸேத்தெ ப்ராணவாயுக் ஸுவாஸம் கெரின் ஜிவஸு,paningkailo panim sEtte praaNavaayuk suvaasam kerin jivasu,மீன்கள் தண்ணீரில் உள்ள ஆக்ஸிஜனை சுவாசித்து வாழ்கின்றன,Fish live by inhaling the oxygen in the water,animal,corpus_sourashtradictionary
திமிங்கி3லம்,timinggilam,திமிங்கிலம்,Whale,நிளொ திமிங்கி3லமு ஜீபும் 50 ஜனுன் பி3ஸத்தக் முஸயி,niLo timinggilamu jeepum 50 janun bisattak musayi,நீலத் திமிங்கலத்தின் நாக்கில் 50 பேர் அமர முடியும்,The tongue of the blue whale can seat up to 50 people,animal,corpus_sourashtradictionary
கிர்வில்,kirvil,நண்டு,Crab,ஜு2க்கு கிர்விலுன் பொகடும் சலிகின் திரஸு,jhukku kirvilun pokaTum calikin tirasu,பெரும்பாலான நண்டுகள் பக்கவாட்டில் நடந்து நீந்துகின்றன,Most crabs walk sideways and swim,animal,corpus_sourashtradictionary
பெ3ஸ்களி,beskaLi,தவளை,Frog,பெ3ஸ்களி தெகா3 லம்பு3 பஸ்கடு பாய்ஞ்ஹால் உஸுலஸு,beskaLi tegaa lambu paskaTu paaynjhaal usulasu,தவளை அதன் நீண்ட பின்னங்கால்களால் குதிக்கிறது,The frog jumps with its long hind legs,animal,corpus_sourashtradictionary
ப4ர்களி,bharkaLi,தவளை,Frog,ப4ர்களி ஸாபுக் சொரொ ஹோஸு,bharkaLi saapuk coro hOsu,தவளை பாம்புக்கு இரையாகிறது,The frog preys on the snake,animal,corpus_sourashtradictionary
பெ3ஸ்களிஸிஸு,beskaLisisu,தலைப்பிரட்டை,Tadpole,பெ3ஸ்களிஸிஸு பெ3ஸ்களிகன் மர்ச்சாத்தக் 14 வாருன் லக3யி,beskaLisisu beskaLikan marccaattak 14 vaarun lagayi,தலைப்பிரட்டை சிறிய தவளைகளாக மாற சுமார் 14 வாரங்கள் ஆகும்,Tadpoles take about 14 weeks to transform into tiny frogs,animal,corpus_sourashtradictionary
பே4ளி,bhELi,தேரை,Toad,பே4ளின் பாராம் பி4த்தர் ஜிவஸு,bhELin paaraam bhittar jivasu,தேரைகள் பாறைகளுக்குள் வாழ்கின்றன,Toads live in rocks,animal,corpus_sourashtradictionary
கிஷ்ளொ,kishLo,நத்தை,Snail,கிஷ்ளொ அபுலுக் ரக்ஷுலத்தக் சிப்பாம் பி4த்தர் ஆங்கு3க் உட்சுலஸு,kishLo apuluk rakshulattak cippaam bhittar aangguk uTculasu,நத்தை தன்னைப் பாதுகாத்துக் கொள்ள உடலைத் தங்கள் ஓட்டுக்குள் இழுக்கிறது,The snail pulls the body into their shell to protect itself,animal,corpus_sourashtradictionary
தம்ப3ல்சிப்போ,tambalcippO,ஆமை,Tortoise,தம்ப3ல்சிப்போ பூ4ய்ஞ்ஹோர் ஜிவஸு,tambalcippO bhooynjhOr jivasu,ஆமை நிலத்தில் வாழும்,Tortoise lives on land,animal,corpus_sourashtradictionary
கஸ்வொ,kasvo,கடலாமை,"Turtle, Tortoise",கஸ்வொ பனிம் ஜிவஸு,kasvo panim jivasu,கடலாமை தண்ணீரில் வாழும்,Turtles live in water,animal,corpus_sourashtradictionary
கஸ்பொ,kaspo,கடலாமை,"Turtle, Tortoise",கஸ்பொ 150 ஒர்ஸுனு லெந்து ஜிவஸு,kaspo 150 orsunu lentu jivasu,கடல் ஆமைகள் 150 ஆண்டுகள் வரை வாழும்.,Turtles can live up to 150 years.,animal,corpus_sourashtradictionary
நக்ரு,nakru,முதலை,Crocodile,நக்ருனுஹால் ஜீப் ப4ராட் லம்பொ3 கெரன் முஸுனா,nakrunuhaal jeep bharaaT lambo keran musunaa,முதலைகளால் நாக்கை வெளியே நீட்டிக்க முடியாது,Crocodiles cannot stick their tongue out,animal,corpus_sourashtradictionary
ஸாப்,saap,பாம்பு,Snake,தெ2வ்டெ3 ஸாபுனுக் விக்கு ஜுண்ணா,thevDe saapunuk vikku juNNaa,சில பாம்புகளுக்கு விஷம் கிடையாது,Some snakes have no venom,animal,corpus_sourashtradictionary
நம்ஸாபு,namsaapu,"நல்ல பாம்பு, நாகப்பாம்பு",Cobra,நம்ஸாபு விக்கு ஐஸ்துக் மொரட3த்த தூ3ருக் பொ3லம் ஹொயெயொ,namsaapu vikku aistuk moraDatta dooruk bolam hoyeyo,நாகப்பாம்பின் விஷம் யானையைக் கொல்லும் அளவுக்கு வலிமையானது,The venom of the cobra is strong enough to kill an elephant,animal,corpus_sourashtradictionary
தொ3ங்க3ரு ஸாப்,donggaru saap,"மலைப்பாம்பு, பைதான்","Boa, Python, Anaconda",தொ3ங்க3ரு ஸாப் அபுல் சொராக் நெஸ்கி மொரடி3 கா2ஸு,donggaru saap apul coraak neski moraDi khaasu,மலைப்பாம்பு தன் இரையை நெரித்துக் கொன்று உண்ணும்,The boa strangles its prey and eats,animal,corpus_sourashtradictionary
கி3ர்பன்னாக்3,girpannaag,"மலைப்பாம்பு, பைதான்","Boa, Python, Anaconda",கி3ர்பன்னாகு3ன் வீஸ் பௌல் லம்பு3 ர்ஹாஸு,girpannaagun vees paul lambu rhaasu,மலைப்பாம்புகள் இருபது அடி நீளம் கொண்டவை,Pythons are about twenty feet long,animal,corpus_sourashtradictionary
க3ட்ஸுஸாப்,gaTsusaap,"மலைப்பாம்பு, பைதான்","Boa, Python, Anaconda",க3ட்ஸுஸாபுக் விக்கு ஜுண்ணா,gaTsusaapuk vikku juNNaa,மலைப்பாம்புக்கு விஷம் கிடையாது,The python has no venom,animal,corpus_sourashtradictionary
நெ ள நெ ளா த்தெ,ne La ne Laa tte,ஊர்ந்து செல்வது,"Crawling, Slithering",பாய்ஞ் ந்ஹீத்தெஹால் ஸாபுன் நெ-ள-நெ-ளாஸு,paaynj nheettehaal saapun ne-La-ne-Laasu,கால்கள் இல்லாததால் பாம்புகள் ஊர்ந்து செல்கின்றன,Snakes crawl because they have no legs,animal,corpus_sourashtradictionary
கய்லொகெஸுர்,kaylokesur,காய்கறி,Vegetables,ஹுடொ3 வித்3தெ3ம் கய்லொகெஸுர் ஹாகு தவாய்,huDo viddem kaylokesur haaku tavaay,மொட்டை மாடியில் காய்கறி தோட்டம் போடலாம்,You can plant a vegetable garden on the terrace,vegetable,corpus_sourashtradictionary
போ2ட்,phOT,காய்கறி,Vegetables,ஸம்பா4ர் மெனெத் சர்பாஞ்ஜு போ2டுன் ர்ஹனொ,sambhaar menet carpaanjju phOTun rhano,சாம்பார் என்றால் நாலைந்து காய்கறிகள் இருக்கவேண்டும்,Sambar should have four or five vegetables,vegetable,corpus_sourashtradictionary
அக3ஸ்திர்,agastir,வெண்டைக்காய்,"Okra, Lady finger, Lady's finger",,,,,vegetable,corpus_sourashtradictionary
அண்டொ3கோஸ்,aNDokOs,முட்டைகோஸ்,Cabbage,,,,,vegetable,corpus_sourashtradictionary
அம்ப3ட் ப4ஜ்ஜி,ambaT bhajji,புளிச்ச கீரை,"Sorrel Leaves, Sour Spinach",,,,,vegetable,corpus_sourashtradictionary
அம்பு3லொ,ambulo,நெல்லிக்காய்,Gooseberry,,,,,vegetable,corpus_sourashtradictionary
அம்பு3னொ,ambuno,அரை / அரு நெல்லி,Star gooseberry,,,,,vegetable,corpus_sourashtradictionary
அல்லொ,allo,இஞ்சி,Ginger,,,,,vegetable,corpus_sourashtradictionary
அவ்ஸா ப4ஜ்ஜி,avsaa bhajji,அகத்திக்கீரை,Hummingbird Tree Leaves,,,,,vegetable,corpus_sourashtradictionary
அஸ்துரு,asturu,வெண்டைக்காய்,"Okra, Lady finger, Lady's finger",,,,,vegetable,corpus_sourashtradictionary
ஆலு,aalu,சக்கரைவள்ளிக் கிழங்கு,Sweet Potato,,,,,vegetable,corpus_sourashtradictionary
உஸ்கைலொ,uskailo,சுண்டைக்காய்,Turkey Berry,,,,,vegetable,corpus_sourashtradictionary
ஒமாபான்,omaapaan,ஓம இலை,Ajwain Leaf,,,,,vegetable,corpus_sourashtradictionary
ஒன்னொ,onno,பட்டை அவரை,Broad beans,,,,,vegetable,corpus_sourashtradictionary
க3வுரு,gavuru,கேரட்,Carrot,,,,,vegetable,corpus_sourashtradictionary
கச்சிகெளொ,kaccikeLo,வாழைக்காய்,Green plantain,,,,,vegetable,corpus_sourashtradictionary
கச்செகென்னு,kaccekennu,பச்சை மொச்சை,Field Bean,,,,,vegetable,corpus_sourashtradictionary
கச்செமிர்க்கைலொ,kaccemirkkailo,பச்சை மிளகாய்,Green Chilli,,,,,vegetable,corpus_sourashtradictionary
கட்3மெல்,kaDmel,பிரண்டை,Veld grape,,,,,vegetable,corpus_sourashtradictionary
கட்கல்,kaTkal,பதர்,"Emptier grain, Husk",,,,,vegetable,corpus_sourashtradictionary
கந்தொ3,kando,வெங்காயம்,Shallot,,,,,vegetable,corpus_sourashtradictionary
கபினி ப4ஜ்ஜி,kapini bhajji,மணத்தக்காளிகீரை,Black Nightshade,,,,,vegetable,corpus_sourashtradictionary
கர்கு,karku,கொட்டாங்கச்சி,Coconut shell,,,,,vegetable,corpus_sourashtradictionary
கல்லொ,kallo,பாகற்காய்,Bitter gourd,,,,,vegetable,corpus_sourashtradictionary
கவ்னி ப4ஜ்ஜி,kavni bhajji,மணத்தக்காளிக்கீரை,Black Nightshade,,,,,vegetable,corpus_sourashtradictionary
கன்னுகைலொ,kannukailo,மொச்சைக்காய்,Field Bean,,,,,vegetable,corpus_sourashtradictionary
கா3ஜர்,gaajar,கேரட்,Carrot,,,,,vegetable,corpus_sourashtradictionary
கு3ண்டு3ஜிக்ரா பான்,guNDujikraa paan,கொத்தமல்லி,Coriander,,,,,vegetable,corpus_sourashtradictionary
கு3ல்பு3ள்ளொ,gulbuLLo,சக்கரைவள்ளிக் கிழங்கு,Sweet Potato,,,,,vegetable,corpus_sourashtradictionary
கெ3ட்3டா3 ஸுரன்,geDDaa suran,சேனை கிழங்கு,Yam,,,,,vegetable,corpus_sourashtradictionary
கெநர்லு மிஞ்சி,kenarlu minjci,கொலுமிச்சங்காய்,Kaffir Lime,,,,,vegetable,corpus_sourashtradictionary
கெர்பாவ்,kerpaav,கறிவேப்பிலை,Curry Leaf,,,,,vegetable,corpus_sourashtradictionary
கெளங்கு3,keLanggu,கிழங்கு,Tuber,,,,,vegetable,corpus_sourashtradictionary
கேளுபான்,kELupaan,வாழை இலை,Banana Leaf,,,,,vegetable,corpus_sourashtradictionary
கேளுபூ2ல்,kELuphool,வாழைப்பூ,Banana Blossom,,,,,vegetable,corpus_sourashtradictionary
கொ2வ்ளொ,khovLo,வெள்ளை பூசணி,Green Pumpkin,,,,,vegetable,corpus_sourashtradictionary
கொ3க்3கு3ர்கொள்ளா பான்,goggurkoLLaa paan,கற்பூரவள்ளி,Oregano,,,,,vegetable,corpus_sourashtradictionary
கொடு3 வீட்,koDu veeT,கசப்பு நார்த்தங்காய்,Bitter citron,,,,,vegetable,corpus_sourashtradictionary
கொம்பு3ரா ப4ஜ்ஜி,komburaa bhajji,அரைக்கீரை,Amaranth Greens,,,,,vegetable,corpus_sourashtradictionary
கொம்பு3ளொ,kombuLo,இளசு,Tender,,,,,vegetable,corpus_sourashtradictionary
கொளுஞ்ஜி,koLunjji,கொளுஞ்சி நார்த்தங்காய்,Kaffir Lime,,,,,vegetable,corpus_sourashtradictionary
சிப்பொ,cippo,சிரட்டை,Coconut Shell,,,,,vegetable,corpus_sourashtradictionary
த3ரள் ப4ஜ்ஜி,daraL bhajji,பசலைக்கீரை,Malabar Spinach,,,,,vegetable,corpus_sourashtradictionary
து4ள்பு3ள்ளொ,dhuLbuLLo,உருளைக்கிழங்கு,Potato,,,,,vegetable,corpus_sourashtradictionary
துடா3 பான்,tuDaa paan,"ஊமத்தம் இலை, ஊமத்தை இலை","Jimsonweeds, Datura leaf",,,,,vegetable,corpus_sourashtradictionary
தூ4ம்பான்,dhoompaan,புகையிலை,Tobacco,,,,,vegetable,corpus_sourashtradictionary
தெ4கு3ளொ,dheguLo,முளைக்கீரை,Amaranthus viridis,,,,,vegetable,corpus_sourashtradictionary
தெ4துடா3 பான்,dhetuDaa paan,ஊமத்தம் இலை,"Jimsonweeds, Datura leaf",,,,,vegetable,corpus_sourashtradictionary
தெ4ய்லா ப4ஜ்ஜி,dheylaa bhajji,தண்டுக்கீரை,Chinese Spinach,,,,,vegetable,corpus_sourashtradictionary
தே3டு,dETu,காம்பு,"Stem, Stalk",,,,,vegetable,corpus_sourashtradictionary
தொ2ள்சி,thoLci,துளசி,Basil / Tulsi,,,,,vegetable,corpus_sourashtradictionary
தொ3ண்கொ,doNko,பீர்க்கங்காய்,Ridge Gourd,,,,,vegetable,corpus_sourashtradictionary
தொ3ல்லொ,dollo,கண்டங்கத்திரி,Yellow-fruit nightshade,,,,,vegetable,corpus_sourashtradictionary
தொட்மெ,toTme,"காம்பு, மிளகாய் காம்பு","Stem, Chilli Stalk",,,,,vegetable,corpus_sourashtradictionary
தொண்மெ,toNme,"காம்பு, மிளகாய் காம்பு","Stem, Chilli Stalk",,,,,vegetable,corpus_sourashtradictionary
தொள்ளொ,toLLo,கோவைக்காய்,Ivy gourd,,,,,vegetable,corpus_sourashtradictionary
தொன்மொ,tonmo,"காம்பு, மிளகாய் காம்பு","Stem, Chilli Stalk",,,,,vegetable,corpus_sourashtradictionary
நக3ல்பான்,nagalpaan,வெற்றிலை,Betal Leaf,,,,,vegetable,corpus_sourashtradictionary
நரளு சிப்பொ,naraLu cippo,கொட்டாங்குச்சி,Coconut shell,,,,,vegetable,corpus_sourashtradictionary
நலர்,nalar,தேங்காய்,Coconut,,,,,vegetable,corpus_sourashtradictionary
நாய்ப்பான்,naayppaan,வெற்றிலை,Betal leaf,,,,,vegetable,corpus_sourashtradictionary
நெர்கு3டு3 பான்,nerguDu paan,நொச்சி இலை,Chaste Tree,,,,,vegetable,corpus_sourashtradictionary
ப4ஜ்ஜி,bhajji,கீரை,"Greens, Spinach",,,,,vegetable,corpus_sourashtradictionary
பங்க3ர பான்,panggara paan,முள்ளு முருங்கை,Indian Coral,,,,,vegetable,corpus_sourashtradictionary
பன் தொ3ண்கொ,pan doNko,மெழுகு பீர்க்கங்காய்,Sponge Gourd,,,,,vegetable,corpus_sourashtradictionary
பஸ்லா ப4ஜ்ஜி,paslaa bhajji,பசலைக்கீரை,Malabar Spinach,,,,,vegetable,corpus_sourashtradictionary
பாலக் ப4ஜ்ஜி,paalak bhajji,பாலக்கீரை,Palak Spinach,,,,,vegetable,corpus_sourashtradictionary
பானுகோ3பி3,paanugObi,முட்டைகோஸ்,Cabbage,,,,,vegetable,corpus_sourashtradictionary
பு3டு3ங்கைலொ,buDungkailo,"மிதிக்காய், சுக்கங்காய்","budungkailo, budunkailo",,,,,vegetable,corpus_sourashtradictionary
பு3த்3னொ,budno,புதினா,Mint leaf,,,,,vegetable,corpus_sourashtradictionary
பு3ள்ளொ,buLLo,கிழங்கு,Tuber,,,,,vegetable,corpus_sourashtradictionary
பு4ந்தி3லி,bhundili,கண்டங்கத்தரி,Yellow-fruit nightshade,,,,,vegetable,corpus_sourashtradictionary
பு4ர்க்கொ ப4ஜ்ஜி,bhurkko bhajji,சிறுகீரை,Tropical Amaranth,,,,,vegetable,corpus_sourashtradictionary
பூ2லுகோ3பி3,phoolugObi,காலிபிளவர்,Cauliflower,,,,,vegetable,corpus_sourashtradictionary
பெ3லா ப4ஜ்ஜி,belaa bhajji,பருப்புக்கீரை,Purslane,,,,,vegetable,corpus_sourashtradictionary
பெ4ண்டு3கைலொ,bheNDukailo,வெண்டைக்காய்,"Okra, Lady finger, Lady's finger",,,,,vegetable,corpus_sourashtradictionary
பை4கைலொ,bhaikailo,முருங்கைக்காய்,Drumstick,,,,,vegetable,corpus_sourashtradictionary
பொ2ர்மோட்3,phormOD,பரங்கிக்காய்,Pumpkin,,,,,vegetable,corpus_sourashtradictionary
பொ2ன்னிஸுகைலொ,phonnisukailo,பலாக்காய்,Jackfruit seed,,,,,vegetable,corpus_sourashtradictionary
பொ3ந்தெ3,bonde,வாழைத்தண்டு,Plantain Stem,,,,,vegetable,corpus_sourashtradictionary
பொ3ப்3லொ,boblo,சுரைக்காய்,Bottle gourd,,,,,vegetable,corpus_sourashtradictionary
பொட்கு3லொ,poTgulo,புடலங்காய்,Snake Gourd,,,,,vegetable,corpus_sourashtradictionary
பொஸ்காய்,poskaay,மஞ்சள் பூசணி,Yellow Pumpkin,,,,,vegetable,corpus_sourashtradictionary
பௌ4ளொ,bhauLo,சுரைக்காய்,"Bottle gourd, Zucchini",,,,,vegetable,corpus_sourashtradictionary
மகா3பான்,magaapaan,கரிசலாங்கண்ணி கீரை,False daisy,,,,,vegetable,corpus_sourashtradictionary
மஸ்கைலொ,maskailo,மாசக்காய்,Oak Galls,,,,,vegetable,corpus_sourashtradictionary
ம்ஹொடொ3 கந்தொ3,mhoDo kando,பெரிய வெங்காயம்,Onion,,,,,vegetable,corpus_sourashtradictionary
ம்ஹொடொ3வீட்,mhoDoveeT,கிடாரங்காய்,Wild Lemon,,,,,vegetable,corpus_sourashtradictionary
மித்தி ப4ஜ்ஜி,mitti bhajji,வெந்தயக்கீரை,Fenugreek Leaves,,,,,vegetable,corpus_sourashtradictionary
மிர்க்கைலொ,mirkkailo,மிளகாய்,Chilli,,,,,vegetable,corpus_sourashtradictionary
மும்முஷ்டி பான்,mummushTi paan,தூதுவளை,Solanum,,,,,vegetable,corpus_sourashtradictionary
முள்சொ,muLco,முள்ளங்கி,Radish,,,,,vegetable,corpus_sourashtradictionary
முளொ,muLo,முள்ளங்கி,Radish,,,,,vegetable,corpus_sourashtradictionary
முனுஸ்தி பான்,munusti paan,முசுமுசுக்கை இலை,Mukia Maderaspatana,,,,,vegetable,corpus_sourashtradictionary
மெட்3கு3ளொ,meDguLo,முன்னை இலை,Premna serratifolia,,,,,vegetable,corpus_sourashtradictionary
மொள்கா ப4ஜ்ஜி,moLkaa bhajji,முளைக்கீரை,Amaranthus viridis,,,,,vegetable,corpus_sourashtradictionary
மொள்கொ,moLko,முளைப்பயிர்,Sprout,,,,,vegetable,corpus_sourashtradictionary
ரஸ்லொ,raslo,காய்கறிகள்,Vegetables,,,,,vegetable,corpus_sourashtradictionary
ல்ஹொவொ கைலொ,lhovo kailo,தக்காளி,Tomato,,,,,vegetable,corpus_sourashtradictionary
ல்ஹொவொ மிர்க்கைலொ,lhovo mirkkailo,சிவப்பு மிளகாய்,Red Chilli,,,,,vegetable,corpus_sourashtradictionary
லிம்பு3,limbu,எலுமிச்சை,Lemon,,,,,vegetable,corpus_sourashtradictionary
லொஸன்,losan,பூண்டு,Garlic,,,,,vegetable,corpus_sourashtradictionary
வங்கி3,vanggi,கத்தரிக்காய்,Egg Plant,,,,,vegetable,corpus_sourashtradictionary
வது3னாப4ஜ்ஜி,vadunaabhajji,புதினாக்கீரை,Mint,,,,,vegetable,corpus_sourashtradictionary
வள்கொ,vaLko,வெள்ளரிக்காய்,Cucumber,,,,,vegetable,corpus_sourashtradictionary
வன்னொஸெங்கு3,vannosenggu,அவரை,Broad Beans,,,,,vegetable,corpus_sourashtradictionary
வீட்,veeT,நார்த்தங்காய்,Citron,,,,,vegetable,corpus_sourashtradictionary
ஜின்னவ்ரே,jinnavrE,கொத்தவரங்காய்,Cluster Bean,,,,,vegetable,corpus_sourashtradictionary
ஸுரன்,suran,கருணை கிழங்கு,Yam,,,,,vegetable,corpus_sourashtradictionary
ஸெக்கரு பு3ள்ளொ,sekkaru buLLo,சக்கரைவள்ளிக் கிழங்கு,Sweet Potato,,,,,vegetable,corpus_sourashtradictionary
ஸெக்கெ,sekke,சக்கை,Bagasse,,,,,vegetable,corpus_sourashtradictionary
ஸெவ்கா3ப4ஜ்ஜி,sevgaabhajji,முருங்கைக்கீரை,Drumstick Leaf,,,,,vegetable,corpus_sourashtradictionary
ஸெவாக்கைலொ,sevaakkailo,முருங்கைக்காய்,Drumstick,,,,,vegetable,corpus_sourashtradictionary
ஸேம்பு3,sEmbu,சேப்பங்கிழங்கு,Colocasia,,,,,vegetable,corpus_sourashtradictionary
ஸொர்ணு ப4ஜ்ஜி,sorNu bhajji,பொன்னாங்கன்னிக் கீரை,Dwarf copper leaf,,,,,vegetable,corpus_sourashtradictionary
ஹுந்தி3ருக்கானு ப4ஜ்ஜி,hundirukkaanu bhajji,ஆரைக்கீரை,Water Shamrock,,,,,vegetable,corpus_sourashtradictionary
,,முடக்கத்தான் கீரை,Cardiospermum Halicacabum,,,,,vegetable,corpus_sourashtradictionary
,,வல்லாரைக்கீரை,Gotu Kola,,,,,vegetable,corpus_sourashtradictionary
சால்,caal,நடத்தை,"Behavior, Conduct, Manners, Etiquette",,,,,manners,corpus_sourashtradictionary
சால்சலன்,caalcalan,நடத்தை,"Behavior, Conduct, Manners, Etiquette",,,,,manners,corpus_sourashtradictionary
லோக்சால்,lOkcaal,நல்ல நடத்தை,"Good Manners, Conduct",,,,,manners,corpus_sourashtradictionary
நமஸ்கார்,namaskaar,வணக்கம்,"Hi, Hello",,,,,manners,corpus_sourashtradictionary
அபி4வாத3னொ,abhivaadano,"நல்வரவு, வரவேற்றல்","Welcome, Welcoming, Reception",,,,,manners,corpus_sourashtradictionary
த4ன்யவாத்,dhanyavaat,நன்றி,"Thanks, Thank you",,,,,manners,corpus_sourashtradictionary
த4ன்னு,dhannu,நன்றி,"Thanks, Thank you",,,,,manners,corpus_sourashtradictionary
மிந்தி3ன் மெல்லத்தெ,mindin mellatte,நன்றி சொல்லிக்கொள்தல்,"Saying ""Thanks"", Thank you",,,,,manners,corpus_sourashtradictionary
கீர்தி,keerti,புகழ்,Fame,,,,,manners,corpus_sourashtradictionary
யஶொ,yasso,புகழ்,Fame,,,,,manners,corpus_sourashtradictionary
நந்தினி,nantini,வாழ்த்து,"Greeting, Congrats",,,,,manners,corpus_sourashtradictionary
நந்தி3னுன்,nandinun,வாழ்த்துக்கள்,"Wishes, Greetings",,,,,manners,corpus_sourashtradictionary
நந்தி3னுன்,nandinun,வாழ்த்துக்கள்,"Congrats, Congratulations",,,,,manners,corpus_sourashtradictionary
ஆஸின்,aasin,வாழ்த்துக்கள்,Congratulations,,,,,manners,corpus_sourashtradictionary
நுதி,nuti,பெருமை,Pride,,,,,manners,corpus_sourashtradictionary
தீ3வனொ,deevano,ஆசிர்வாதம்,Blessing,,,,,manners,corpus_sourashtradictionary
ப4லா,bhalaa,நலம் உண்டாகட்டும்,Good luck,,,,,manners,corpus_sourashtradictionary
ப2ல்திபா2ர் நமஸ்கார்,phaltiphaar namaskaar,அதிகாலை வணக்கம்,Good morning,,,,,manners,corpus_sourashtradictionary
ஸொளபா2ர் நமஸ்கார்,soLaphaar namaskaar,காலை வணக்கம்,Good morning,,,,,manners,corpus_sourashtradictionary
து4வார் நமஸ்கார்,dhuvaar namaskaar,மதிய வணக்கம்,Good afternoon,,,,,manners,corpus_sourashtradictionary
வீள் நமஸ்கார்,veeL namaskaar,மாலை வணக்கம்,Good evening,,,,,manners,corpus_sourashtradictionary
ராத் நமஸ்கார்,raat namaskaar,இரவு வணக்கம்,Good night,,,,,manners,corpus_sourashtradictionary
ஸுப4 ராத்,subha raat,நல் இரவு,Good night,,,,,manners,corpus_sourashtradictionary
க்ஷமொ,kshamo,"மன்னித்தல், மன்னிப்பு","Apology, Forgiveness",,,,,manners,corpus_sourashtradictionary
ஸவன்,savan,"மன்னித்தல், மன்னிப்பு","Apology, Forgiveness",,,,,manners,corpus_sourashtradictionary
மாப் கெருவோ,maap keruvO,மன்னிக்கவும்,"Sorry, Excuse, Pardon, Forgive",,,,,manners,corpus_sourashtradictionary
மாப் மாய்,maap maay,மன்னிப்பு கேள்,Apologize,,,,,manners,corpus_sourashtradictionary
ஹகு3ர்,hagur,பொறுமையின்மை,Impatient,,,,,manners,corpus_sourashtradictionary
அசார்,acaar,"ஒழுக்கம், நடத்தை","Discipline, Conduct",,,,,manners,corpus_sourashtradictionary
நம்ப்ரொ,nampro,ஒழுக்கம்,Discipline,,,,,manners,corpus_sourashtradictionary
ப4வ்யுர்,bhavyur,பணிவு,"Modesty, Humility",,,,,manners,corpus_sourashtradictionary
நம்ரொ,namro,பணிவு,"Modesty, Humility",,,,,manners,corpus_sourashtradictionary
சமத்கார்,camatkaar,பணிவு,"Modesty, Humility",,,,,manners,corpus_sourashtradictionary
நமி,nami,பணிந்து,"Submissively, Modesty",,,,,manners,corpus_sourashtradictionary
நம்ரதொ,namrato,அடக்கம்,"Humble, Modesty, Humility, Submissive",,,,,manners,corpus_sourashtradictionary
க2ரால்,kharaal,கண்டிப்பு,"Strict, Stringency",,,,,manners,corpus_sourashtradictionary
விஞ்ஞாபனொ,vinjnjaapano,கோரிக்கை,"Request, Advertisement",,,,,manners,corpus_sourashtradictionary
ப்ரார்த2னொ,praarthano,கோரிக்கை,Request,,,,,manners,corpus_sourashtradictionary
உபகார்,upakaar,உதவி,Help,,,,,manners,corpus_sourashtradictionary
உபஹார்,upahaar,உதவி,Help,,,,,manners,corpus_sourashtradictionary
மென்லெ,menle,"மன்றாடு, கருதிக்கொள், எண்ணிக்கொள், நினைத்துகொள்","Plead, Consider",,,,,manners,corpus_sourashtradictionary
மென்லத்தெ,menlatte,"மன்றாடுதல், கருதுதல், எண்ணிக்கொள்ளுதல், நினைத்துகொள்ளுதல்","Pleading, To consider",,,,,manners,corpus_sourashtradictionary
த3யொ,dayo,"இரக்கம், கருணை","Compassion, Kindness, Mercy, Sympathy",,,,,manners,corpus_sourashtradictionary
த3யாளுப்பன்,dayaaLuppan,"இரக்கம், கருணை","Compassion, Kindness, Mercy, Sympathy",,,,,manners,corpus_sourashtradictionary
தா3க்ஷன்,daakshan,"இரக்கம், கருணை","Compassion, Kindness, Mercy, Sympathy",,,,,manners,corpus_sourashtradictionary
த3க்ஷண்,dakshaN,"இரக்கம், கருணை","Compassion, Kindness, Mercy, Sympathy",,,,,manners,corpus_sourashtradictionary
ப்ரீதி,preeti,"அன்பு, கருணை","Love, Kindness",,,,,manners,corpus_sourashtradictionary
கெங்கு,kengku,கருணை,Grace,,,,,manners,corpus_sourashtradictionary
மொர்க்3யாத்,morgyaat,மரியாதை,"Respect, Courtesy",,,,,manners,corpus_sourashtradictionary
மர்யாதொ3,maryaado,மரியாதை,"Respect, Courtesy",,,,,manners,corpus_sourashtradictionary
உபசார்,upacaar,"விருந்தோம்பல், நடத்தும் வகை","Courtesy, Treatment",,,,,manners,corpus_sourashtradictionary
நங்கு,nangku,"நாணயம், நேர்மை","Honesty, Sincerity",,,,,manners,corpus_sourashtradictionary
நங்கத்திஸா,nangkattisaa,"நாணயமான, நேர்மையான","Honest, Sincere",,,,,manners,corpus_sourashtradictionary
தெ4ரும்,dherum,"தர்மம், நேர்மை","Charity, Dharma, Righteousness, Honesty, Sincerity",,,,,manners,corpus_sourashtradictionary
ப4வ்யம்,bhavyam,கண்ணியம்,"Polite, Dignity, Decency",,,,,manners,corpus_sourashtradictionary
"ப4வ்யம் ஹொயெ, ப4வ்யம்கன்","bhavyam hoye, bhavyamkan","கண்ணியமான, கண்ணியமாக","Politeful, Dignified, Decent",,,,,manners,corpus_sourashtradictionary
ஸெகு3ஞ்ஜுனொ,segunjjuno,சகித்துக்கொள்ளுதல்,Endure,,,,,manners,corpus_sourashtradictionary
அஹிம்ஸொ,ahimso,வன்முறையற்ற,Non violent,,,,,manners,corpus_sourashtradictionary
மெய்,mey,ஆக,So,,,,,manners,corpus_sourashtradictionary
ஹாய்,haay,"ஆம், ஆமாம்","Yes, Yeah, Yup",,,,,manners,corpus_sourashtradictionary
வேய்,vEy,ஆகட்டும்,"Okey, Okay",,,,,manners,corpus_sourashtradictionary
வெகொ3,vego,ஆகட்டும்,"Okey, Okay",,,,,manners,corpus_sourashtradictionary
ஸ்வபா4வு,svabhaavu,"இயற்கை, குணம், இயற்கை குணம்","Natural, Temperament, Natural character",,,,,manners,corpus_sourashtradictionary
சா2ளி,chaaLi,இயற்கை குணங்கள்,Natural qualities,,,,,manners,corpus_sourashtradictionary
ஸாருன்,saarun,"நல்ல குணங்கள், நற்செயல்கள்","Good qualities, Good deeds",,,,,manners,corpus_sourashtradictionary
ருஸ்பொ,ruspo,நியாயமாக நடத்தல்,Behaving reasonably,,,,,manners,corpus_sourashtradictionary
ஸெத்து,settu,சத்தியம்,Truth,,,,,manners,corpus_sourashtradictionary
ஸெத்து வத்தொ,settu vatto,உண்மையான பேச்சு,Real talk,,,,,manners,corpus_sourashtradictionary
ர்ஹத்த வத்தொ,rhatta vatto,உண்மையான பேச்சு,Real talk,,,,,manners,corpus_sourashtradictionary
நிபூ3ஸ்,niboos,உண்மையான பேச்சு,Real talk,,,,,manners,corpus_sourashtradictionary
பொ3ட்டொ,boTTo,"துணி, ஆடை","Cloth, Dress",தி3வளி தெந்து3ஸ் அஸ்கிதெனு நொவ்வொ பொ3ட்டொ பி2ல்லனு,divaLi tendus askitenu novvo boTTo phillanu,தீபாவளியன்று அனைவரும் புதிய ஆடைகளை அணிவார்கள்,Everyone wears new clothes on Diwali,dress,corpus_sourashtradictionary
ஸௌஷ்ணி,saushNi,"துணி, ஆடை","Cloth, Dress",ஸௌஷ்ணி ப்4யாரும் சொக்கட் லாப் அப்3ப3யி,saushNi bhyaarum cokkaT laap abbayi,ஆடை வியாபாரத்தில் நல்ல லாபம் கிடைக்கும்,Make a good profit in the clothing business,dress,corpus_sourashtradictionary
லுக்டொ3,lukDo,"துணி, ஆடை","Cloth, Dress",பஸுடு3 லுக்டா3ன் மோல் வேனு,pasuDu lukDaan mOl vEnu,பட்டு ஆடைகள் விலை அதிகம்,Silk dresses are expensive,dress,corpus_sourashtradictionary
பே2ல்,phEl,நெய்யப்பட்ட துணி,Fabric,மென்க்யான் ஜு2கு ப்ரகாரு பே2லுன் பி2ல்லஸுன்,menkyaan jhuku prakaaru phElun phillasun,மக்கள் பல்வேறு வகையான துணிகளை அணிவார்கள்,People wear different types of clothes,dress,corpus_sourashtradictionary
நால்,naal,"தண்டு, மெல்லிய கயிறு, கொடி, நார்","Fibre, Cord",த3மரு நாலும் ர்ஹீ பே2லுன் உத்பத்தி ஹோஸு,damaru naalum rhee phElun utpatti hOsu,தாமரை நாரிலிருந்து துணிகள் தயாரிக்கப்படுகின்றன,Fabrics are made from lotus fiber,dress,corpus_sourashtradictionary
தாக்,taak,இழை,Strand,சந்தி3 தாகும் கெரெ பே2லுன் ஸொங்கொ3யொ,candi taakum kere phElun songgoyo,பருத்தி இழைகளால் செய்யப்பட்ட துணிகள் மலிவானவை,Fabrics made of cotton fibers are cheap,dress,corpus_sourashtradictionary
வல்கல்,valkal,தாமரை இழைகளிலிருந்து தயாரிக்கப்படும் துணி,Fabrics made from Lotus fibre,த3மரு நாலும் கெரெ பே2லுன் மோல் வேனு,damaru naalum kere phElun mOl vEnu,தாமரை நாரால் செய்யப்பட்ட துணிகள் விலை அதிகம்,Fabrics made of lotus fiber are expensive,dress,corpus_sourashtradictionary
கைலொ,kailo,பருத்தி துணிகள்,Cotton fabrics,கைலா பொ3ட்டான் ஹூநு கலமுக் உத்தமு,kailaa boTTaan hoonu kalamuk uttamu,கோடை காலத்திற்கு பருத்தி துணிகள் சிறந்தது,Cotton fabrics are best for summer,dress,corpus_sourashtradictionary
தாத்2,taath,நூல்,"Thread, Yarn",சந்தி3 தாது2ம் ர்ஹீ ஜு2கு ப்ரகாரு பே2லுன் உத்பத்தி ஹோஸு,candi taathum rhee jhuku prakaaru phElun utpatti hOsu,பருத்தி நூலில் இருந்து பல்வேறு வகையான துணிகள் தயாரிக்கப்படுகின்றன,Different types of fabrics are made from cotton yarn,dress,corpus_sourashtradictionary
வேட்,vET,வேஷ்டி,Dhoti,வேடுன் சார் ந்ஹீஜியெத் ஆட் ஹாதும் அப்3ப3யி,vETun caar nheejiyet aaT haatum abbayi,வேஷ்டிகள் நாலு அல்லது எட்டு முழத்தில் கிடைக்கும்,Dhotis are available in four or eight yards,dress,corpus_sourashtradictionary
கஷ்டொ,kashTo,பஞ்சகச்சம்,Traditional way of wearing Dhoti,த3ல்லான் கஷ்டொ பி2ல்லஸுன்,dallaan kashTo phillasun,ஆண்கள் பஞ்சகச்சம் அணிவார்கள்,Men wear panchakasam,dress,corpus_sourashtradictionary
அங்க3வஸ்த்ரொ,anggavastro,"துண்டு, மேலாடை","Towel, Upper cloth of men",ஜு2கு3 தெங்கொ3 அங்க3வஸ்த்ரொ தைலத்தெ ரூடி4 ஸே,jhugu tenggo anggavastro tailatte rooDhi sE,பலருக்கு மேல் துணி அணியும் பழக்கம் உள்ளது,Many people have a habit of wearing over clothes,dress,corpus_sourashtradictionary
செல்லட3ம்,cellaDam,காற்சட்டை,"Pant, Trouser",பில்லல்னு செல்லட3ம் பி2ல்லனு,pillalnu cellaDam phillanu,சிறுவர்கள் கால்சட்டை அணிவார்கள்,The boys wear trousers,dress,corpus_sourashtradictionary
செல்வொ,celvo,சலவை,Laundry,முறி பொ3ட்டானுக் செல்வாக் தக3ஸுன்,muri boTTaanuk celvaak tagasun,அழுக்கு துணிகளை சலவைக்கு போடுகிறார்கள்,Dirty clothes are put in the laundry,dress,corpus_sourashtradictionary
சொக்காய்,cokkaay,சட்டை,Shirt,சொக்காய் ஹுன்னொ ஸில்லாம் ர்ஹீ கப3ட3ஸு,cokkaay hunno sillaam rhee kabaDasu,சட்டை வெப்பம் மற்றும் குளிரிலிருந்து பாதுகாக்கிறது,The shirt protects from heat and cold,dress,corpus_sourashtradictionary
பித்தான்,pittaan,பொத்தான்,Button,ஜுக்கு சொக்காயினும் பாஞ்சு பித்தான் ர்ஹாயி,jukku cokkaayinum paanjcu pittaan rhaayi,பெரும்பாலான சட்டைகளில் ஐந்து பொத்தான்கள் இருக்கும்,Most shirts have five buttons,dress,corpus_sourashtradictionary
ஶேலு,ssElu,கம்பளிச் சட்டை,Sweater,மொஞ்சுகலமு ஶேலு ஜு2க்கு பிர்ஜனம் பொட3ஸு,monjcukalamu ssElu jhukku pirjanam poDasu,குளிர்காலத்தில் கம்பளிச் சட்டை மிகவும் பயனுள்ளதாக இருக்கிறது,Sweaters are useful in winter,dress,corpus_sourashtradictionary
கம்ப3லு சொக்காய்,kambalu cokkaay,கம்பளிச் சட்டை,Sweater,சென்னை ஸொகன் ஹுன்ன கா3முக் கம்ப3லு சொக்காய் தெ4ரி அவ்னா,cennai sokan hunna gaamuk kambalu cokkaay dheri avnaa,சென்னை போன்ற வெப்பமான இடங்களுக்கு கம்பளிச் சட்டை பொருந்தாது,The sweater is not suitable for hot places like Chennai,dress,corpus_sourashtradictionary
ஸௌலொ,saulo,சேலை,Saree,ஸௌலான் 8 ந்ஹீஜியெத் 9 கெ3ஜும் அவஸு,saulaan 8 nheejiyet 9 gejum avasu,புடவைகள் 6 மற்றும் 9 கெஜங்களில் வருகின்றன,Sarees come in 6 and 9 yards,dress,corpus_sourashtradictionary
நவ்மொ,navmo,நார்மடி,Saree worn by widow,நவ்மொ அம்பு3லொ ந்ஹீத்தெனு பில்லரியொ ஸௌலொ,navmo ambulo nheettenu pillariyo saulo,நார்மடி என்பது விதவைகள் அணியும் புடவை,Navmo is a sari worn by widow,dress,corpus_sourashtradictionary
குத்சொ,kutco,சேலை மடிப்பு,Pleats in Saree,ஸௌலாம் 4 ர்ஹீ 5 குத்சல்னு ஸிங்கா3ர் ர்ஹாயி,saulaam 4 rhee 5 kutcalnu singgaar rhaayi,புடவையில் 4 முதல் 5 மடிப்புகள் அழகாக இருக்கும்,4 to 5 pleats on the sari will look beautiful,dress,corpus_sourashtradictionary
கௌஸுலொ,kausulo,பட்டுச்சேலை,Silk Saree,"ஹொராடு3 கௌஸுலொ ரூ 2,000 ர்ஹீ அப்3ப3ரஸி","horaaDu kausulo roo 2,000 rhee abbarasi","திருமண பட்டுப் புடவைகள் ரூ. 2,000 முதல் கிடைக்கின்றன","Wedding silk sarees are available from Rs. 2,000",dress,corpus_sourashtradictionary
ந்ஹன்ஸுலொ,nhansulo,தாவணி,Half Saree,அத்தொ அஸ்கி கொன்னி பெ3ட்கின் ந்ஹன்ஸுலொ பி2ல்லரானி,atto aski konni beTkin nhansulo phillaraani,இன்றைய காலத்தில் எந்த பெண்களும் தாவணி அணிவதில்லை,None of the women these days wear half sarees,dress,corpus_sourashtradictionary
கௌஸொ,kauso,பட்டு,Silk,கிடா3னு தொகன் கௌஸொ உத்பத்தி ஹோஸு,kiDaanu tokan kauso utpatti hOsu,பட்டுப்புழுக்களில் இருந்து பட்டு தயாரிக்கப்படுகிறது,Silk is made from silkworms,dress,corpus_sourashtradictionary
கொவ்ஸொ,kovso,பட்டு,Silk,கொவ்ஸா உத்பத்திம் ரமாரமி 90% மல்பெ3ரி கொவ்ஸொ ஹோஸு,kovsaa utpattim ramaarami 90% malberi kovso hOsu,பட்டு உற்பத்தியில் சுமார் 90% மல்பெரி பட்டு ஆகும்,About 90% of silk production is mulberry silk,dress,corpus_sourashtradictionary
பஸுட்,pasuT,பட்டு,Silk,பஸுடு3 ஸௌலொ வினஸ்தக் கௌஶல் பஜெ,pasuDu saulo vinastak kaussal paje,பட்டுப் புடவை நெய்வதற்கு திறமை தேவை,Silk saree weaving requires skill,dress,corpus_sourashtradictionary
பஷுத்,pashut,பட்டு,Silk,கஞ்சிகின் கஸி பஷுதுக் நாவ் பொட3யொ,kanjcikin kasi pashutuk naav poDayo,காஞ்சி மற்றும் காசி பட்டுக்கு பிரபலமானது,Kanchi and Banaras are famous for silk,dress,corpus_sourashtradictionary
கெண்டொ3,keNDo,சரிகை,Lace,ஸூரத்கின் கஞ்சி கெண்டா3 ஸவ்லாக் நாவ் பொட3யொ,sooratkin kanjci keNDaa savlaak naav poDayo,சூரத் மற்றும் காஞ்சி ஆகியவை ஜரிகை புடவைக்கு பிரபலமானவை,Surat and Kanji are popular for sari with silk lace,dress,corpus_sourashtradictionary
ஜுன்ன பஸுட்,junna pasuT,சுத்தமான பட்டு,Pure Silk,ஸௌராஷ்டிரர்னு ஜுன்ன பஸுடு3 ஸௌலொ வினத்தெமாம் நாவ் பொடா3த்தெனு,sauraashTirarnu junna pasuDu saulo vinattemaam naav poDaattenu,சௌராஷ்டிரர்கள் தூய பட்டு நெசவு செய்வதில் பிரபலமானவர்கள்,Sourashtrians are popular for weaving pure silks,dress,corpus_sourashtradictionary
ஶால்வொ,ssaalvo,சால்வை,Shawl,ஶால்வொ ஸிங்க்கா3ருக் க4ல்லஸுனு,ssaalvo singkgaaruk ghallasunu,சால்வை அழகுக்காக அணியப்படுகிறது,The shawl is worn for beauty,dress,corpus_sourashtradictionary
ஶாது3,ssaadu,கழுத்துப்பட்டை,Muffler,கானும் ஸில்லொ வரொ ஜானாத்தக் ஶாது3 கப3ட3ஸு,kaanum sillo varo jaanaattak ssaadu kabaDasu,காதுக்குள் குளிர்ந்த காற்று செல்லாமல் கழுத்துப்பட்டை பாதுகாக்கிறது,The muffler protects cold air from entering the ear,dress,corpus_sourashtradictionary
ஷால்,shaal,சால்வை,Shawl,போஞ்சோ மெந்த மெக்ஸிகோம் க4ல்லரியொ லம்பு3 ஷாலு,pOnjcO menta meksikOm ghallariyo lambu shaalu,போஞ்சோ என்பது மெக்சிகோவில் அணியும் நீண்ட சால்வை,Poncho is a long shawl worn in Mexico,dress,corpus_sourashtradictionary
ராங்க3வ்,raanggav,சால்வை,Shawl,உத்தரு பா4ரதுவாஸின் மொஞ்சுகலமு ராங்க3வ் தய்லனு,uttaru bhaaratuvaasin monjcukalamu raanggav taylanu,வட இந்தியர்கள் குளிர்காலத்தில் சால்வை அணிவார்கள்,North Indians wear shawls in winter,dress,corpus_sourashtradictionary
கெ3ஜு,geju,கஜம்,Yard,பா4ரத் பூராகு 6 கெ3ஜு ஸௌலானுஸ் பி2ல்லஸுனு,bhaarat pooraaku 6 geju saulaanus phillasunu,இந்தியா முழுவதும் 6 கெஜம் புடவைகளையே உடுத்துகிறார்கள்,People all over India wear 6 yards sarees,dress,corpus_sourashtradictionary
பொத3ர்,podar,முந்தானை,Saree Border,கௌஸுலா கெக3ர்கின் பொத3ர் ஒண்ட்டே வனிம் ர்ஹாயி,kausulaa kegarkin podar oNTTE vanim rhaayi,பட்டுப் புடவையின் கரை மற்றும் முந்தானை ஒற்றை நிறத்தில் இருக்கும்,The border and pallu of a silk saree are in single color,dress,corpus_sourashtradictionary
ர்ஹுந்தி3,rhundi,அகலம்,Breadth,ஸௌலா ர்ஹுந்தி3 47 ர்ஹீ 50 போ3ட் லெந்து ர்ஹாயி,saulaa rhundi 47 rhee 50 bOT lentu rhaayi,சேலையின் அகலம் 47 முதல் 50 அங்குலம் வரை இருக்கும்,The width of the saree is 47 to 50 inches,dress,corpus_sourashtradictionary
சொவ்ளி,covLi,ரவிக்கை,Blouse,"தெ3ய்டா3 காம் ஸெர சொவ்ளி ஸிவத்தக் ரூ. 5,000 லெந்து வேஸ் ஹோஸு","deyDaa kaam sera covLi sivattak roo. 5,000 lentu vEs hOsu","கல் வேலை கொண்ட ரவிக்கை தைக்க ரூ.5,000 வரை செலவாகும்","It costs Rs 5,000 to sew a blouse with stonework",dress,corpus_sourashtradictionary
கொ3வ்ணம்,govNam,பாவாடை,Inner Skirt,"கொ3வ்ணம் 6, 7 ந்ஹீஜியெத் 8 பா4கு3னும் அவஸு","govNam 6, 7 nheejiyet 8 bhaagunum avasu","பாவாடைகள் 6, 7 அல்லது 8 பகுதிகளாக வருகின்றன","Inner parts come in 6, 7 or 8 parts",dress,corpus_sourashtradictionary
நாடொ3,naaDo,நாடா,Strap,கொ3வ்ணமுக் உட்சி ப4ந்த3த்தக் நாடொ3 நுக3ஸு,govNamuk uTci bhandattak naaDo nugasu,பாவாடையை இழுத்துக்கட்ட நாடா பயன்படுகிறது,The strap is used to tighten the skirt,dress,corpus_sourashtradictionary
கஷ்டிபொ3ட்டொ,kashTiboTTo,கோவணம்,Loin Cloth,பொர்க்யாடு3ம் நங்க்3னாருன் அங்கு3ன் கஷ்டிபொ3ட்டொ பி2ல்லராஸி,porkyaaDum nanggnaarun anggun kashTiboTTo phillaraasi,கிராமங்களில் விவசாயிகள் இன்றும் கோவணம் கட்டுகிறார்கள்,Farmers in the villages still wear loin cloth,dress,corpus_sourashtradictionary
குட்கொ,kuTko,சேலையின் பகுதி,Part of Saree,குட்கான் ஹந்த3வ் தௌரமும் மொஸுரா பொ3ட்டொகன் ப்ரயோக்3 ஹோஸு,kuTkaan handav tauramum mosuraa boTTokan prayOg hOsu,சேலைத் துண்டுகள் சமையலறை கைப்பிடி துணியாக பயன்படுகின்றன,Saree pieces are used as kitchen towel,dress,corpus_sourashtradictionary
ப2ட்கொ,phaTko,கிழிசல்,Rip,து3ர்ப3ளுன் ப2ட்கொ ஸௌலொ மெல்லொ பி2ல்லஸுன்,durbaLun phaTko saulo mello phillasun,ஏழைப் பெண்கள் கிழிந்த சேலையைக் கூட அணிவார்கள்,Poor women even wear torn sarees,dress,corpus_sourashtradictionary
எத்னம்,etnam,பாத்திரம்,"Utensil, Cooking Vessel",,,,,utensil,corpus_sourashtradictionary
யெனம்,yenam,பாத்திரம்,"Utensil, Cooking Vessel",,,,,utensil,corpus_sourashtradictionary
தெ3ஸெ,dese,பானை,Pot,,,,,utensil,corpus_sourashtradictionary
பொ4ன்னொ,bhonno,பெரிய பானை,Big Pot,,,,,utensil,corpus_sourashtradictionary
கெக3ர்,kegar,பானை நுனி,Rim of Pot,,,,,utensil,corpus_sourashtradictionary
கொ2வ்டி3,khovDi,சட்டி,"Cooking Utensil, Bowel",,,,,utensil,corpus_sourashtradictionary
தொ2வ்ளொ,thovLo,சோற்றுச் சட்டி,Eating Bowel,,,,,utensil,corpus_sourashtradictionary
பிங்க3ணி,pinggaNi,கிண்ணம்,Bowl,,,,,utensil,corpus_sourashtradictionary
கை3டி3,gaiDi,கலயம்,Small Pot,,,,,utensil,corpus_sourashtradictionary
க3கி3டி,gagiTi,கலயம்,Small pot,,,,,utensil,corpus_sourashtradictionary
தேலு க3கி3டி3,tElu gagiDi,எண்ணை கலயம்,Small oil pot,,,,,utensil,corpus_sourashtradictionary
ஸிர்க்கணு கு2ம்பொ3,sirkkaNu khumbo,சந்தனக் கிண்ணம்,Sandalwood paste bowl,,,,,utensil,corpus_sourashtradictionary
பெய்ஸுதொவ்லி,peysutovli,வடிகஞ்சி சட்டி,Starch water vessel,,,,,utensil,corpus_sourashtradictionary
பேஸு கொ2வ்டி3,pEsu khovDi,வடிகஞ்சி சட்டி,Starch water vessel,,,,,utensil,corpus_sourashtradictionary
நவ்னொ,navno,குடம்,Water Pot,,,,,utensil,corpus_sourashtradictionary
கொடு3ம்,koDum,குடம்,Water Pot,,,,,utensil,corpus_sourashtradictionary
ஹண்டொ3,haNTeaa,அண்டா,Handa,,,,,utensil,corpus_sourashtradictionary
பனி ஹண்டொ3,pani haNDo,தண்ணீர் அண்டா,Water storing handa,,,,,utensil,corpus_sourashtradictionary
கானு ஹண்டொ3,kaanu haNDo,காது அண்டா,Water handa with ring,,,,,utensil,corpus_sourashtradictionary
ஹண்டி3,haNDi,வாணலி,Frying Pan,,,,,utensil,corpus_sourashtradictionary
பொ2ன்னி ஹண்டி3,phonni haNDi,தாளிப்பு வாணலி,Seasoning Pan,,,,,utensil,corpus_sourashtradictionary
த2ம்மாண்டி3,thammaaNDi,வனசட்டி,Bowl,,,,,utensil,corpus_sourashtradictionary
தா3லு ஹண்டி3,daalu haNDi,பருப்பு கடையும் மண் சட்டி,Clay pot,,,,,utensil,corpus_sourashtradictionary
தி4டா3 ஹண்டி3,dhiDaa haNDi,தோசைக்கல்,Griddle,,,,,utensil,corpus_sourashtradictionary
ஹுர்பி,hurpi,தோசைதிருப்பி,Spatula,,,,,utensil,corpus_sourashtradictionary
தி4டா3 ஹாத்,dhiDaa haat,தோசைதிருப்பி,Spatula,,,,,utensil,corpus_sourashtradictionary
கு2ர்பி,khurpi,இரும்புக் கரண்டி,Iron Spatula,,,,,utensil,corpus_sourashtradictionary
ப2லாரு ஹண்டொ3,phalaaru haNDo,இட்லி குண்டான்,Idli Cooker,,,,,utensil,corpus_sourashtradictionary
ஹவ்கொ,havko,கரண்டி,Ladle,,,,,utensil,corpus_sourashtradictionary
புட்டலு ஹவ்கொ,puTTalu havko,ஜல்லி கரண்டி,Sieve Ladle,,,,,utensil,corpus_sourashtradictionary
ஜார்னி,jaarni,ஜல்லி கரண்டி,Sieve Ladle,,,,,utensil,corpus_sourashtradictionary
பொளி,poLi,தேக்கரண்டி,Spoon,,,,,utensil,corpus_sourashtradictionary
பொலொ,polo,பெரிய கரண்டி,Scoop,,,,,utensil,corpus_sourashtradictionary
பொ2ளொ,phoLo,தாளிப்பு கரண்டி,Fry Laddle,,,,,utensil,corpus_sourashtradictionary
பலெர்,paler,பாலாடை சங்கு,Baby feeding spoon,,,,,utensil,corpus_sourashtradictionary
போ3னி,bOni,"குவளை, கோப்பை","Tumbler, Cup",,,,,utensil,corpus_sourashtradictionary
பெலொ,pelo,"குவளை, கோப்பை","Tumbler, Cup",,,,,utensil,corpus_sourashtradictionary
ஊகு3,uugu,தட்டு,Plate,,,,,utensil,corpus_sourashtradictionary
த2ளொ,thaLo,தட்டு,Plate,,,,,utensil,corpus_sourashtradictionary
கஸாத2ளொ,kasaathaLo,வெண்கல தட்டு,Bronze Plate,,,,,utensil,corpus_sourashtradictionary
தெட்டொ,teTTo,தட்டு,Plate,,,,,utensil,corpus_sourashtradictionary
பொங்க3லு தெட்டொ,ponggalu teTTo,பொங்கல் தட்டு,Pongal Plate,,,,,utensil,corpus_sourashtradictionary
ஜை2னா தெட்டொ,jhainaa teTTo,பலகார தட்டு,"Halwa Plate, Side dish plate",,,,,utensil,corpus_sourashtradictionary
ஜ2கி,jhaki,"மூடுதட்டு, மூடி","Cover plate, Lid",,,,,utensil,corpus_sourashtradictionary
ஸராவ்,saraav,"மூடுதட்டு, மூடி","Cover plate, Lid",,,,,utensil,corpus_sourashtradictionary
ஹர்வீ,harvee,"மூடுதட்டு, மூடி","Cover plate, Lid",,,,,utensil,corpus_sourashtradictionary
புட்டலு தெட்டொ,puTTalu teTTo,வடி தட்டு,Colander,,,,,utensil,corpus_sourashtradictionary
புட்டலு கொ2வ்டி3,puTTalu khovDi,வடி சட்டி,Colander,,,,,utensil,corpus_sourashtradictionary
சால்னி,caalni,ஜல்லடை,Sieve,,,,,utensil,corpus_sourashtradictionary
ஜெல்லட்,jellaT,ஜல்லடை,Sieve,,,,,utensil,corpus_sourashtradictionary
பிடு3போ3னி,piDubOni,தூக்கு,Kitchenware,,,,,utensil,corpus_sourashtradictionary
தம்பெ3,tambe,சொம்பு,Water Pitcher,,,,,utensil,corpus_sourashtradictionary
ஸொண்டி தம்பெ3,soNTi tambe,கமண்டலம்,Water pot with spout,,,,,utensil,corpus_sourashtradictionary
முங்ஹ்க்ராபெடி,munghkraapeTi,அஞ்சறை பெட்டி,Spice box,,,,,utensil,corpus_sourashtradictionary
ஒட்சத்தெயொ,oTcatteyo,வடிகட்டி,"Filter, Strainer",,,,,utensil,corpus_sourashtradictionary
பூ3ட்,booT,அடிப்பாகம்,Bottom,,,,,utensil,corpus_sourashtradictionary
பு4ந்தொ,bhunto,"காந்தல், அடி பிடித்தல்","Burnt food, Burnt pan",,,,,utensil,corpus_sourashtradictionary
விளி,viLi,அரிவாள்மனை,Traditional vegetable cutter,,,,,utensil,corpus_sourashtradictionary
கொ4டா3 பொல்கொ,ghoDaa polko,மனைப்பலகை,Small Bench,,,,,utensil,corpus_sourashtradictionary
சாத்,caat,வடைகம்பி,Culinary Rod,,,,,utensil,corpus_sourashtradictionary
சாகு,caaku,கத்தி,Knife,,,,,utensil,corpus_sourashtradictionary
க2ட்டிகா சாகு,khaTTikaa caaku,கசாப்புக் கத்தி,Butcher's knife,,,,,utensil,corpus_sourashtradictionary
தா3ண்,daaN,கைப்பிடி,Handle,,,,,utensil,corpus_sourashtradictionary
இட்கி,iTki,இடுக்கி,Kitchen Tong,,,,,utensil,corpus_sourashtradictionary
"த4வ்ரொ, தௌ4ரொ","dhavro, dhauro",கோவில்,Temple,த4வ்ரொ ந்ஹாத்த கா3மு ஜிவன் ஹோனா,dhavro nhaatta gaamu jivan hOnaa,கோவில் இல்லாத ஊரில் குடியிருக்க வேண்டாம்,Don't live in a town without a temple,temple,corpus_sourashtradictionary
கொ3புர்,gopur,கோபுரம்,Tower,த4வ்ரா கொ3புரும் கௌது3ன் ஜிவஸு,dhavraa gopurum kaudun jivasu,கோவில் கோபுரத்தில் புறாக்கள் வாழ்கிறது,Pigeons live in the temple tower,temple,corpus_sourashtradictionary
தே3வ்,dEv,"கடவுள், இறைவன்",God,விஸேஶு தி3ன்னும் தே3வ் த3ர்ஶனொ அப்3ப3த்தக் வேள் ஹோஸு,visEssu dinnum dEv darssano abbattak vEL hOsu,விசேஷ நாட்களில் கடவுள் தரிசனம் கிடைக்க நேரமாகிறது,"On special days, it takes time to get the darshan of God",temple,corpus_sourashtradictionary
ப4க3வான்,bhagavaan,"கடவுள், இறைவன்",God,ப4க3வான் மெனிகு ரூபும் அவன் மெனென்,bhagavaan meniku roopum avan menen,கடவுள் மனித உருவத்தில் வருவார் என்பார்கள்,It is said God will come in human form,temple,corpus_sourashtradictionary
அம்மொ,ammo,"அம்மன், பெண் கடவுள்",Goddess,மது3ரெம் மீனாக்ஷி அம்மொ நாவ் பொடெ3 தே3வ்,madurem meenaakshi ammo naav poDe dEv,மதுரையில் மீனாக்ஷி அம்மன் பெயர் பெற்ற கடவுள்,Meenakshi Amman is a famous deity in Madurai,temple,corpus_sourashtradictionary
ஐயா தௌ4ரொ,aiyaa dhauro,சிவன் கோவில்,Shiva Temple,சிவராத்ரி தெந்து3ஸ் ஐயா தௌ3ராம் ராத் பூராக் புஜெ சலஸு,civaraatri tendus aiyaa dauraam raat pooraak puje calasu,சிவராத்திரி அன்று சிவன் கோவிலில் இரவு முழுவதும் பூஜை நடக்கிறது,"On Shivratri, all-night puja is performed in the Shiva temple",temple,corpus_sourashtradictionary
அம்மா தௌ4ரொ,ammaa dhauro,அம்மன் கோவில்,Meenakshi Temple,மது3ரெ அம்மா தௌ4ரொ ப்ரஸித்3தி4 ஹொயெ தௌ4ரொ,madure ammaa dhauro prasiddhi hoye dhauro,மதுரை மீனாக்ஷி அம்மன் கோவில் பெயர் பெற்ற கோவில்,Madurai Meenakshi Amman Temple is a famous temple,temple,corpus_sourashtradictionary
மன்மெ தௌ4ரொ,manme dhauro,மாரியம்மன் கோவில்,Mariamman Temple,ஆடி3 ம்ஹடா3ம் மன்மெ தௌ4ராம் மூகொ3 வேன் ர்ஹாய்,aaDi mhaDaam manme dhauraam moogo vEn rhaay,ஆடி மாதத்தில் மாரியம்மன் கோயிலில் கூட்டம் அதிகமாக இருக்கும்,Mari Amman Temple is crowded during the month of Adi,temple,corpus_sourashtradictionary
அவ்தார்,avtaar,அவதாரம்,"Avatar, Incarnation",ராமுடு3 பை4 லக்ஷமணன் ஆதி3ஸேஷனு அவ்தாரு,raamuDu bhai lakshamaNan aadisEshanu avtaaru,ராமரின் தம்பி லக்ஷ்மணன் ஆதிசேஷனின் அவதாரம்,Rama's younger brother Lakshmana is an incarnation of Adisesha,temple,corpus_sourashtradictionary
கீஷ்டு,keeshTu,கிருஷ்ணபகவான்,Lord Krishna,கீஷ்டு து3வாபர யுக3மு ஜிவ்யாஸி,keeshTu duvaapara yugamu jivyaasi,கிருஷ்ணர் துவாபர யுகத்தில் வாழ்ந்தார்,Lord Krishna lived in Dvapara Yuga,temple,corpus_sourashtradictionary
கீஷ்ணு,keeshNu,கிருஷ்ணபகவான்,Lord Krishna,கீஷ்ணு உஜெ கா3ம் உத்தரப்ரதே3ஶும் ஸேத்தெ மது2ரா,keeshNu uje gaam uttarapradEssum sEtte mathuraa,கிருஷ்ணர் உத்தரபிரதேசத்தில் உள்ள மதுராவில் பிறந்தார்,Krishna was born in Mathura in Uttar Pradesh,temple,corpus_sourashtradictionary
த்ரிஸனி,trisani,"முக்கண்ணன், சிவபெருமான்",Lord Shiva,ஈஸ்புருக் தீ2ன் தொ3ளொ ஸேத்தெ ஹால் த்ரிஸனி மெனி மெனன்,eespuruk theen doLo sEtte haal trisani meni menan,சிவபெருமானுக்கு மூன்று கண்கள் இருப்பதால் முக்கண்ணன் என்று அழைக்கப்படுகிறார்,Lord Shiva is called Mukkannan because he has three eyes,temple,corpus_sourashtradictionary
ஈஸ்புரு,eespuru,சிவபெருமான்,Lord Shiva,சண்டி3கேஶ்வர் ஈஸ்புரு த4வ்ராம் ஒண்டேஸ் ர்ஹானு,caNDikEssvar eespuru dhavraam oNTEs rhaanu,சண்டிகேசுவரர் சிவபெருமான் கோவிலில் மட்டுமே இருப்பார்,Chandikeshuvar is present only in Lord Shiva temple,temple,corpus_sourashtradictionary
பி3ரம்மொ,birammo,பிரம்மதேவன்,Lord Bramma,பி3ரம்மாக் மெனி அலக்3க3கன் தௌ4ரான் ந்ஹீ,birammaak meni alaggakan dhauraan nhee,பிரம்மனுக்கென்று தனியாக கோவில் கிடையாது,There is no separate temple for Lord Bramma,temple,corpus_sourashtradictionary
ஹள்கெஸாம்,haLkesaam,"அழகர்சாமி, பெருமாள், திருமால்","Alagarswamy, Perumal",பெருமாளுக் ஹள்கெஸாம் மெனி மெல்லொ மெனன்,perumaaLuk haLkesaam meni mello menan,பெருமாளை அழகர்சாமி என்றும் சொல்வார்கள்,Perumal is also known as Alagarswamy,temple,corpus_sourashtradictionary
ஹள்கெதௌ4ரொ,haLkedhauro,அழகர்கோவில்,Alagar Temple,ஹள்கெதௌ4ரா தொங்க3ரும் நூபுர கங்கொ3 மெனெத்தெ தீர்து2 ஸே,haLkedhauraa tonggarum noopura kanggo menette teerthu sE,அழகர்கோவில் மலையில் நூபுர கங்கை எனும் தீர்த்தம் உள்ளது,There is a holy water called Nupura Ganga on Alagharkoil Hill,temple,corpus_sourashtradictionary
சின்னமலெ,cinnamale,திருப்பரங்குன்றம்,Thiruppankundram,சின்னமலெ மன்னெனு ஸோ விஶேஷு கே4ருனும் ஒண்டெ,cinnamale mannenu sO vissEshu ghErunum oNTe,திருப்பரங்குன்றம் முருகனின் அறுபடை வீடுகளில் ஒன்று,Tiruparankunram is one of the Arupada houses of Murugan,temple,corpus_sourashtradictionary
"விஷ்ணு, மஹாவிஷ்ணு","vishNu, mahaavishNu","விஷ்ணு, மஹாவிஷ்ணு, பெருமாள், நாராயணன்","Lord Vishnu, Great Vishnu",விஷ்ணு ஸஹஸ்ர நாமம் மெனெத் விஷ்ணுகா3 ஸஸர் நாவுனு,vishNu sahasra naamam menet vishNugaa sasar naavunu,விஷ்ணு சஹஸ்ர நாமம் என்றால் விஷ்ணுவின் ஆயிரம் நாமங்கள்,Vishnu Sahasra Naamam means thousand names of Lord Vishnu,temple,corpus_sourashtradictionary
"லக்ஷ்மி, மஹாலக்ஷ்மி","lakshmi, mahaalakshmi","லக்ஷ்மி, மஹாலக்ஷ்மி",Goddess Lakshmi,மஹாலக்ஷ்மி த3மர் பூ2லும் பி3ஸி ர்ஹாஸு,mahaalakshmi damar phoolum bisi rhaasu,மஹாலக்ஷ்மி தாமரைப்பூவில் அமர்ந்திருப்பாள்,Mahalakshmi sits on a lotus flower,temple,corpus_sourashtradictionary
பார்வதி,paarvati,"பார்வதி, சக்திதேவி",Goddess Parvathi,"பார்வதி அம்மாக் மீனாக்ஷி, காமாக்ஷி, விசாலாக்ஷி மெனி ஜு2கு3 நாவுனுன் ஸே","paarvati ammaak meenaakshi, kaamaakshi, vicaalaakshi meni jhugu naavunun sE","பார்வதி தேவிக்கு மீனாட்சி, காமாட்சி, விசாலாட்சி என்று பல பெயர்கள் உண்டு","Goddess Parvati has many names like Meenakshi, Kamakshi, Visalakshi",temple,corpus_sourashtradictionary
பா4ரதி,bhaarati,ஸரஸ்வதி,Goddess Saraswathi,"பா4ரதி ஹாதும் ஸேத்தெ வீணாக் ""கச்சபி"" மெனி நாவு","bhaarati haatum sEtte veeNaak ""kaccapi"" meni naavu","சரஸ்வதியின் கையில் இருக்கும் வீணைக்கு ""கச்சபி"" என்று பெயர்","The Veena in Saraswati's hand is called ""kachchapi""",temple,corpus_sourashtradictionary
விநாய்,vinaay,பிள்ளையார்,Lord Ganesh,"விநாயிக் ஸித்3தி4, பு3த்3தி4 மெனி தீ3 தே3வின் ஸேத்தெ","vinaayik siddhi, buddhi meni dee dEvin sEtte","பிள்ளையாருக்கு சித்தி, புத்தி என்று இரண்டு தேவிகள் உள்ளனர்",Lord Ganesh has two goddesses Siddhi and Buddhi,temple,corpus_sourashtradictionary
விநாய்,vinaay,பிள்ளையார் சதுர்த்தி,Celebration of arrival of Lord Ganesh from Kailash Parvath,விநாய் ஜு2கு3 ராஜ்யமுனும் 10 தி3ன்னு மட3ஸுன்,vinaay jhugu raajyamunum 10 dinnu maDasun,விநாயக சதுர்த்தி பல மாநிலங்களில் 10 நாட்கள் கொண்டாடப்படுகிறது,Vinayaka Chaturthi is celebrated for 10 days in many states,temple,corpus_sourashtradictionary
"மன்னென், முருகன்","mannen, murukan","சுப்பிரமணியன், முருகன்",Lord Murugan,மன்னெனு வாஹனொ ம்ஹோரு,mannenu vaahano mhOru,முருகப்பெருமானின் வாகனம் மயில்,Lord Muruga's vehicle is peacock,temple,corpus_sourashtradictionary
கெர்ப்பண்,kerppaN,"ஐயனார், கருப்பணசாமி",Guardian Deity,கெர்ப்பண் பொர்க்யாடு3க் ரக்ஷண கெரரியொ தே3வு,kerppaN porkyaaDuk rakshaNa kerariyo dEvu,கருப்பசாமி கிராமத்தை காக்கும் தெய்வம்,Karuppasamy is the guardian deity of the village,temple,corpus_sourashtradictionary
இந்த்3ரு,indru,இந்திரன்,"Indra, King of Gods",இந்த்3ரு தை3வலோகுக் ரஜொ,indru daivalOkuk rajo,இந்திரன் தேவலோகத்தின் அரசர்,Indra is the king of the divine world,temple,corpus_sourashtradictionary
ஹன்மந்து,hanmantu,"அனுமன், ஆஞ்சநேயர்","Hanuman, Anjaneya",ஹன்மந்து ஈஸ்புரு அவ்தாரு,hanmantu eespuru avtaaru,அனுமன் சிவபெருமானின் அவதாரம்,Hanuman is an incarnation of Lord Shiva,temple,corpus_sourashtradictionary
தே3வதான்,dEvataan,தேவதை,Demigod,மெனிக்கன் ர்ஹீ தே3வ்கன் ஹொயாத்தெங்கொ3 தே3வதான் மெனனு,menikkan rhee dEvkan hoyaattenggo dEvataan menanu,மனிதனாக இருந்து கடவுளாக மாறியவர்களை தேவர்கள் என்பார்கள்,Devas are those who have become gods from humans,temple,corpus_sourashtradictionary
த3ர்ஶனொ,darssano,தரிசனம்,Darshan,என்வால் திருப்பதிம் சொக்கட் த3ர்ஶனொ அப்3பெ3ஸ்,envaal tiruppatim cokkaT darssano abbes,இம்முறை திருப்பதியில் நல்ல தரிசனம் கிடைத்தது,This time I got good darshan in Tirupati,temple,corpus_sourashtradictionary
மோக்ஷம்,mOksham,முக்தி,Salvation,நொவ் கி4ரால்னும் கேது மோக்ஷம் தே3ரியொ கி4ராலு,nov ghiraalnum kEtu mOksham dEriyo ghiraalu,ஒன்பது கிரகங்களில் கேது முக்தி தரும் கிரகம்,"Among the nine planets, Ketu is the planet of salvation",temple,corpus_sourashtradictionary
தை3வலோகு,daivalOku,தேவலோகம்,World of the Gods,தை3வலோகுக் கு3ரு ப்3ரஹஸ்பதி,daivalOkuk guru brahaspati,தேவலோகத்தின் குரு பிரகஸ்பதி,Brahaspati is the Guru of Devaloka,temple,corpus_sourashtradictionary
ஸ்வர்கு3,svargu,"சொர்க்கம், சுவர்க்கம்","Heaven, Paradise",புன்னு கெரெ ஆத்மொ ஸ்வர்கு3க் ஜாயி,punnu kere aatmo svarguk jaayi,புண்ணியம் செய்த ஆத்மா சொர்க்கதிற்கு செல்லும்,A blessed soul will go to heaven,temple,corpus_sourashtradictionary
ஹினல்,hinal,நரகம்,Hell,பாபுக் தொ3டு3ஞ்ஜெ ஆத்மாக் ஹினல் அப்3ப3யி,paapuk doDunjje aatmaak hinal abbayi,பாவத்தை சம்பாத்தித்த ஆத்மாவிற்கு நரகம் கிடைக்கும்,A soul that has earned sin will get hell,temple,corpus_sourashtradictionary
க்ரது,kratu,"யஜ்ஞம், யாகம், வேள்வி","Yajna, Yagya",க்ரது மென்தொ அர்பணொ கெரத்தெ மெனி அர்து2,kratu mento arpaNo keratte meni arthu,யாகம் என்றால் அர்ப்பணித்தல் என்று பொருள்,Yagya means dedication,temple,corpus_sourashtradictionary
இஜ்யொ,ijyo,"யஜ்ஞம், யாகம், வேள்வி","Yajna, Yagya",தே3ஶு மென்க்யான் ஸௌர்யம்கன் ர்ஹாத்தக் இஜ்யொ கெரஸுன்,dEssu menkyaan sauryamkan rhaattak ijyo kerasun,நாட்டில் மக்கள் நலமா இருக்க யாகம் செய்கிறார்கள்,Yagya is performed for the welfare of people in the country,temple,corpus_sourashtradictionary
ஹோம்,hOm,ஹோமம்,Sacrifice,கொ4ம்மா மென்க்யான் ஸௌர்யம்கன் ர்ஹாத்தக் ஹோம் கெரஸுன்,ghommaa menkyaan sauryamkan rhaattak hOm kerasun,வீட்டில் உள்ளவர்கள் நலமாக இருக்க ஹோமம் செய்கிறார்கள்,Homam is performed for the welfare of people in the home,temple,corpus_sourashtradictionary
ப3லி,bali,பலி,"Gift, Victim, Hierophant, Sacrifice",அஸ்வக்ரது யாகு3ம் கொ4டா3க் ப3லி தே3னு,asvakratu yaagum ghoDaak bali dEnu,அஸ்வமேத யாகத்தில் குதிரையை பலி கொடுப்பார்கள்,A horse is sacrificed in the Ashwamedha Yagya,temple,corpus_sourashtradictionary
அர்பணொ,arpaNo,"அர்ப்பணிப்பு, அர்ப்பணித்தல்","Dedication, Commitment",ப4க்தி காம் அர்பணொ ஸெரொ கெர்னொ,bhakti kaam arpaNo sero kerno,பக்தி பணியை அர்ப்பணிப்புடன் செய்ய வேண்டும்,Devotional work should be done with dedication,temple,corpus_sourashtradictionary
தர்பணொ கெரத்தெ,tarpaNo keratte,திருப்தி செய்தல்,Satisfying,பா3ப் ந்ஹீத்தெனுன் அமாஸுக் தர்பணொ கெர்னொ,baap nheettenun amaasuk tarpaNo kerno,தந்தை இல்லாதவர்கள் அமாவாசைக்கு தர்ப்பணம் செய்யவேண்டும்,Those who do not have a father should do tarpanam on the new moon,temple,corpus_sourashtradictionary
வேது3ன்,vEdun,வேதங்கள்,Vedas,வேது3ன் விஶ்வமுக் கா2ம்பு3கன் ஸே,vEdun vissvamuk khaambukan sE,வேதங்கள் பிரபஞ்சத்திற்கு தூண்களாக இருக்கின்றன,Vedas are the pillars of the universe,temple,corpus_sourashtradictionary
அத்4யயனொ,adhyayano,வேதங்களை படித்தல்,Reading Vedas,த3க்ஷிணாயன காலும் ஒண்ட்டேஸ் வேது3ன் அத்4யயனொ கெர்னொ மெனி ஶாஸ்தர் ஸேத்தெ,dakshiNaayana kaalum oNTTEs vEdun adhyayano kerno meni ssaastar sEtte,தக்ஷிணாயன காலத்தில் மட்டுமே வேதங்களை படிக்கவேண்டும் என சாஸ்திரம் உள்ளது,"According to Shastra, one should study the Vedas only during the Dakshinayana period",temple,corpus_sourashtradictionary
ஶாஸ்தர்,ssaastar,சாஸ்திரம்,Sastra,ஶாஸ்தர் மெனெத் நியம் ந்ஹீஜியெத் புஸ்தவ் மெனி அர்து2,ssaastar menet niyam nheejiyet pustav meni arthu,சாஸ்திரம் என்றால் விதிகள் அல்லது புத்தகம் என்று பொருள்,Shastra means rules or book,temple,corpus_sourashtradictionary
நிஷ்டா2,nishThaa,தர்ம விதிகள்,Dharma rules,நிஷ்டா2ன் தா4னுக் சல்னார் ரொவ்வொ தெனூஸி,nishThaan dhaanuk calnaar rovvo tenoosi,தர்ம விதிகளின் படி நடப்பவர்கள் மிகச் சிலரே,Very few follow the rules of Dharma,temple,corpus_sourashtradictionary
பவித்ரம்,pavitram,புனிதம்,"Holy, Sacred, Solemn",தௌ4ரொ ஒண்டெ பவித்ரம் ஹொயெ தா2மு,dhauro oNTe pavitram hoye thaamu,கோவில் ஒரு புனிதமான இடம்,A temple is a sacred place,temple,corpus_sourashtradictionary
தீர்து,teertu,தீர்த்தம்,"Sacred water, Holy water",ரமேஸுரு தௌ4ராம் பி4த்தர் 22 புன்ய தீர்துனுன் ஸே,ramEsuru dhauraam bhittar 22 punya teertunun sE,​ராமேஸ்வரம் கோவிலுக்குள் 22 புண்ய தீர்த்தங்கள் உள்ளன,There are 22 holy theerthas inside the Rameswaram temple,temple,corpus_sourashtradictionary
பு3ண்ணி,buNNi,புனித நீராடல்,Holy bathing,பு3ண்ணி மென்தொ புன்ய தீர்துனும் பு3ட3த்தெ,buNNi mento punya teertunum buDatte,புனித நீராடல் என்பது புண்ணிய தீர்த்தத்தில் குளிப்பது,Holy bathing is bathing in holy water,temple,corpus_sourashtradictionary
ஶுத்3தி4,ssuddhi,சுத்தப்படுத்துதல்,Cleansing,மொன்னு ஶுத்3தி4 கெரத்தக் தௌ4ராக் ஜீ பாய்ஞ்பொடு3வாய்,monnu ssuddhi kerattak dhauraak jee paaynjpoDuvaay,மனதை சுத்தப்படுத்த கோவிலுக்கு சென்று கும்பிடலாம்,You can visit the temple to purify your mind,temple,corpus_sourashtradictionary
புனி,puni,புனிதப்படுத்துதல்,"Purifying, Sanctification",ஹலது பனி சிலுஞ்சி கே4ர் புனி கெரனு,halatu pani cilunjci ghEr puni keranu,மஞ்சள் நீர் தெளித்து வீட்டை புனிதப்படுதுவார்கள்,The house is sanctified by sprinkling turmeric water,temple,corpus_sourashtradictionary
புன்னு,punnu,"புண்ணியம், தர்மம்","Pious, Blessings, Dharma",கெரெ காமு போ2ளு தொ2விகினூஸ் பாப்-புன்னு நிர்ணயொ ஹோஸு,kere kaamu phOLu thovikinoos paap-punnu nirNayo hOsu,செய்த வேலையின் விளைவை வைத்தே பாவ-புண்ணியம் தீர்மானிக்கப்படுகிறது,It is only by the effect of action that sin-pious is determined,temple,corpus_sourashtradictionary
பாப்,paap,பாவம்,Sin,வேன் ஆஸ்தொ பொட3த்தேஸ் பாபுக் காரணொ,vEn aasto poDattEs paapuk kaaraNo,பாவத்திற்கு காரணம் அதிகப்படியான ஆசை,The cause of sin is excessive desire,temple,corpus_sourashtradictionary
பாதகு,paataku,பாவம்,Sin,மொன்னு ஜனி பாதகு கெரத் கொன்னி ஜெலுமு தெல்லெ ஸுட்டுனா,monnu jani paataku kerat konni jelumu telle suTTunaa,மனதறிந்து பாவம் செய்தால் எந்த பிறவியிலும் அது விடாது,"If you do sin knowingly, it will not leave you in any birth",temple,corpus_sourashtradictionary
ப4க்துடு3,bhaktuDu,பக்தர்,Devotee,ஹன்மந்து ராம ப4க்துடு3,hanmantu raama bhaktuDu,ஹனுமான் ராம பக்தர்,Hanuman is a devotee of Rama,temple,corpus_sourashtradictionary
மொந்த்ரு,montru,மந்திரம்,Mantras,மொந்துரும் மீ கா3யத்ரி மொந்துர்கன் ஸே - கீஷ்டு ப4க3வான்,monturum mee gaayatri monturkan sE - keeshTu bhagavaan,"மந்திரங்களில் நான் காயத்ரி மந்திரமாக இருக்கின்றேன் - பகவான் கிருஷ்ணர்,",In mantras I am Gayatri Mantra - Lord Krishna,temple,corpus_sourashtradictionary
நமஸ்கெரத்தெ,namaskeratte,"தாள்பணிதல், சாஷ்டாங்கம்","Prostration, Bow down",நமஸ்கெரத்தெ மென்தொ ஹங்க்ருதிக் ஸொட3த்தெ,namaskeratte mento hangkrutik soDatte,தாள்பணிதல் என்றால் அகங்காரத்தை விடுதல்,Prostration means letting go of ego,temple,corpus_sourashtradictionary
பாய்ஞ்பொட3த்தெ,paaynjpoDatte,"வணங்குதல், வழிபடுதல்","Worshipping, Praying",தே3வுக் பாய்ஞ்பொட3த்தெ ஸிக்கடி3 தீ3 அவத்திஸாயொ ந்ஹா,dEvuk paaynjpoDatte sikkaDi dee avattisaayo nhaa,கடவுளை வணங்குவது சொல்லிக்கொடுத்து வருவதல்ல,Worshiping God does not come from teaching,temple,corpus_sourashtradictionary
வந்த3த்தெ,vandatte,"வணங்குதல், வழிபடுதல்","Worshipping, Praying",தே3வுக் வந்தி3தி காமுன் ஹர்ம்ப3ம் கெரத்தெ ப3ரொ,dEvuk vanditi kaamun harmbam keratte baro,கடவுளை வழிபட்டு வேலையை ஆரம்பிப்பது நலம்,It is good to start work after worshiping God,temple,corpus_sourashtradictionary
ஜப்னார்,japnaar,மந்திரம் உச்சரிப்பவர் / ஓதுபவர்,One who chants Mantra,தே3வு நாவுக் ஸதா3 ஜப்னாருக் பாப் அவ்னா,dEvu naavuk sadaa japnaaruk paap avnaa,கடவுளின் பெயரை எப்போதும் உச்சரிப்பவர்களுக்கு பாவம் வராது,Sin never comes to those who chants God's name always,temple,corpus_sourashtradictionary
புதளொ,putaLo,சிலை,"Statue, Idol",தௌ4ரா கொ3புரும் ஜு2கு3 வித4 புதளானுக் ஸவாய்,dhauraa gopurum jhugu vidha putaLaanuk savaay,கோவில் கோபுரத்தில் பல வகையான சிலைகளை பார்க்கலாம்,Many types of idols can be seen in the temple tower,temple,corpus_sourashtradictionary
மூர்தி,moorti,வழிபாட்டுச் சிலை,"Statue, Idol",மூர்திக் ஹாத் தெ4ரி பாய்ஞ்பொட3 ஹோனா,moortik haat dheri paaynjpoDa hOnaa,சிலையை கையால் தொட்டு வணங்கக்கூடாது,Should not worship the idol by touching it with hands,temple,corpus_sourashtradictionary
பிரார்த2னொ,piraarthano,வேண்டுகோள்,Prayer,பிரார்த2னொ கொ2ப்3பி3ம் வித்தாக் ஜானா,piraarthano khobbim vittaak jaanaa,பிரார்த்தனை ஒருபோதும் வீண் போகாது,A prayer is never in vain,temple,corpus_sourashtradictionary
கொர்க்கெல்,korkkel,நேர்த்திக்கடன்,Vow of offerings,ஜு2கு3 தெனு கு3ண்டு3 தய்லிகின் கொர்க்கெல் தே3ஸுன்,jhugu tenu guNDu taylikin korkkel dEsun,பலர் மொட்டையடித்துக் கொண்டு நேர்த்திக்கடனை செலுத்துகிறார்கள்,Many pay vow of offerings by tonsuring,temple,corpus_sourashtradictionary
பன்ட3 பன்டா3ல்,panDa panDaal,"விரதத்தை நிறைவேற்ற பக்தர்கள் தரையில் உருளுதல், அங்கப்ரதக்ஷிணம்",Rolling of devotees on the ground to fulfill virat,திருப்பதிம் ஜு2கு3 தெனு பன்ட3பன்டா3ல் து4ளஸுனு,tiruppatim jhugu tenu panDapanDaal dhuLasunu,திருப்பதியில் நிறையபேர் அங்கப்ரதக்ஷிணம் செய்கிறார்கள்,Many people do Angapradakshina in Tirupati,temple,corpus_sourashtradictionary
அசார்,acaar,ஆசாரம்,Etiquette,ஆசார் மென்தொ தெ4ரும் சுட்டுநாத்தக் ர்ஹாத்தெ,aacaar mento dherum cuTTunaattak rhaatte,ஆசாரம் என்பது தர்மத்தை விடாது இருப்பது,Etiquette means not letting go of dharma,temple,corpus_sourashtradictionary
ஒக3த்,ogat,விரதம்,Fasting,ம்ஹடா3ம் தீ2ன்தி3 ஒக3த் ர்ஹாத்தெ ஆங்கு3 ஆரோக்3யமுக் சொக்கடு3,mhaDaam theendi ogat rhaatte aanggu aarOgyamuk cokkaDu,மாதத்தில் மூன்று நாட்கள் விரதம் இருப்பது உடல் ஆரோக்யத்துக்கு நல்லது,Fasting for three days in a month is good for health,temple,corpus_sourashtradictionary
நோம்,nOm,"நோன்பு, விரதம்",Fasting,வரலட்சுமி நோம் பூரா பூராக் அம்மானுக் ஹொயெயொ,varalaTcumi nOm pooraa pooraak ammaanuk hoyeyo,வரலட்சுமி நோன்பு முழுக்க முழுக்க பெண்களுக்கானது,Varalakshmi fast is strictly for women,temple,corpus_sourashtradictionary
உபவாஸ்,upavaas,விரதம்,Fasting,ஏகாத3ஸிக் ஜு2கு3 தெனு உபவாஸ் ர்ஹானு,Ekaadasik jhugu tenu upavaas rhaanu,ஏகாதசியில் பலர் விரதம் இருப்பார்கள்,Many fast on Ekadasi,temple,corpus_sourashtradictionary
உத3ந்து,udantu,விரதம்,Fasting,தெ2வ்டெ3தெனு தொ2ள்சி பனி ஒண்டே பீகின் உத3ந்து ர்ஹாஸுனு,thevDetenu thoLci pani oNTE peekin udantu rhaasunu,சிலர் துளசி நீரை மட்டும் குடித்து விரதம் இருக்கிறார்கள்,Some fast by drinking only Tulsi water,temple,corpus_sourashtradictionary
த்4யான்,dhyaan,தியானம்,Meditation,த்4யான் மொன்னுக் ஶாந்தி தே3ஸு,dhyaan monnuk ssaanti dEsu,தியானம் மனதிற்கு அமைதியை தருகிறது,Meditation brings peace to the mind,temple,corpus_sourashtradictionary
நிஷ்டொ,nishTo,தியானம்,Meditation,தா3ந்தி கெர்லின் த்4யானும் பி3ஸத்தேஸ் நிஷ்டொ,daanti kerlin dhyaanum bisattEs nishTo,புலன்களை அடக்கிக்கொண்டு தியானத்தில் அமர்வதே நிஷ்டை,Nishta is to suppress the senses and sit in meditation,temple,corpus_sourashtradictionary
தப3ஸ்,tabas,தவம்,Penance,தப3ஸ் கெரத்தக் ஏகாந்து அவஸ்யம் பஜெ,tabas kerattak Ekaantu avasyam paje,தவம் செய்ய தனிமை கட்டாயம் வேண்டும்,Solitude is mandatory for penance,temple,corpus_sourashtradictionary
தொபஸ்,topas,தவம்,Penance,தொபஸ் மென்தொ மொன்னும் கொன்னி ஹவ்டு3னாத்தக் ர்ஹாத்தெ,topas mento monnum konni havDunaattak rhaatte,தவம் என்பது மனதில் எதையும் நினைக்காதிருப்பது,Penance is not thinking about anything in the mind,temple,corpus_sourashtradictionary
முன்னார்,munnaar,மௌனமாய் இருப்பவர்,One who keep the vow of silence,முன்னாருக் கொன்னி பாதகு அவ்னா,munnaaruk konni paataku avnaa,மௌனமாய் இருப்பவருக்கு எந்த பாவமும் வராது,No sin befalls one who is silent,temple,corpus_sourashtradictionary
கி4ணிங்கா3ட்,ghiNinggaaT,மணி,Om Bell,புஜெ கெரத்தவேள் கி4ணிங்கா3ட் ஹவ்லஸுனு,puje kerattavEL ghiNinggaaT havlasunu,பூஜை செய்யும் போது மணி அடிப்பார்கள்,They ring bells while performing puja,temple,corpus_sourashtradictionary
கெ3னங்க்கா4ட்,genangkghaaT,மணி,Om Bell,கெ3னங்க்கா4ட் ஸெத்3து3 ஐகெத் து3ர்தே3வதான் த4மி ஜேட3னு,genangkghaaT seddu aiket durdEvataan dhami jEDanu,மணியோசை கேட்டால் துர்தேவதைகள் ஓடிவிடுவார்கள்,"On hearing the bell sound, demons will run away",temple,corpus_sourashtradictionary
ஸம்ப்3ரானி க2ட்டி,sambraani khaTTi,ஊதுபத்தி,Incense stick,ஜு2கு3 தெ4ருமுனும் ஸம்ப்3ரானி க2ட்டி தொ2விகின் தே3வுக் பாய்ஞ்பொடஸுன்,jhugu dherumunum sambraani khaTTi thovikin dEvuk paaynjpoTasun,பல மதங்களில் ஊதுவத்தியை வைத்து கடவுளை வணங்குகிறார்கள்,In many religions people pray God with incense,temple,corpus_sourashtradictionary
ஸொம்பு3ரானி,somburaani,சாம்பிராணி,Benzoin,ஶுக்ரார்தி3 ஸொம்பு3ரானி பொ4வ்ரி பாய்ஞ்பொடஸுனு,ssukraardi somburaani bhovri paaynjpoTasunu,வெள்ளிகிழமைகளில் சாம்பிராணி ஏற்றி பூஜை செய்வார்கள்,"On Fridays, people pray God by lighting Benzoin",temple,corpus_sourashtradictionary
ஸம்ப்3ரானி,sambraani,சாம்பிரானி,Benzoin,ஸம்பு3ரானி வஸுனாம் கே4ருஸ் த4வ்ரொ ஸொகன் ஹொய்யாஸு,samburaani vasunaam ghErus dhavro sokan hoyyaasu,சாம்பிராணி வாசனையில் வீடே கோவில் போல் ஆகிவிடுகிறது,The house becomes like a temple in the smell of benzoin,temple,corpus_sourashtradictionary
அத்திம்பு3ர்,attimbur,"கற்பூரம், சூடம்",Camphor,அத்திம்பு3ர் வஸுனொ மொன்னும் சொக்கட் ஹவ்ட3ன் துக்கி ஸொட3யி,attimbur vasuno monnum cokkaT havDan tukki soDayi,கற்பூர வாசனை மனதில் நல்ல எண்ணத்தை தூண்டும்,The smell of camphor induces good thoughts in the mind,temple,corpus_sourashtradictionary
அத்திபூர்,attipoor,"கற்பூரம், சூடம்",Camphor,ஹெம்பினிக் அத்திபூர் ஒண்டெ சொக்கட் ஹொகது,hempinik attipoor oNTe cokkaT hokatu,மூச்சிரைப்புக்கு கற்பூரம் ஒரு நல்ல மருந்து,Camphor is a good remedy for asthma,temple,corpus_sourashtradictionary
ஹொஸ்னி,hosni,"தீச்சட்டி, கும்பிடுசட்டி, கணப்புச்சட்டி","Firepan, Fire-pot",மாரியம்மாக் கொர்க்கெல் தே3த்தக் ஹாதும் ஹொஸ்னி க2ல்லி ஜானு,maariyammaak korkkel dEttak haatum hosni khalli jaanu,மாரியம்மனுக்கு நேர்த்திக்கடன் செலுத்த கையில் தீச்சட்டி எடுத்துச் செல்வார்கள்,They will carry a Fire-pot in their hand to pay vow of offerings to Mariamman,temple,corpus_sourashtradictionary
தி3வொ,divo,விளக்கு,Lamp,வீள் ஹொயெத் தி3வொ பொ4வ்ருனொ,veeL hoyet divo bhovruno,மாலையில் விளக்கு ஏற்ற வேண்டும்,Light should be lit in the evening,temple,corpus_sourashtradictionary
து4வத்தி,dhuvatti,ஆரத்தி விளக்கு,Multi wick oil lamp,தே3வுக் கெரரியொ ஸொவள் உபசாருனும் தி3வா து4வத்தி தெ3க்கட3த்தெ ஒண்டெ,dEvuk kerariyo sovaL upacaarunum divaa dhuvatti dekkaDatte oNTe,கடவுளுக்கு செய்யும் பதினாறு வகை உபசாரங்களில் தீப ஆரத்தி காட்டுதல் ஒன்று,Deepa aarti is one of the sixteen types of services offered to God,temple,corpus_sourashtradictionary
லீதுதி3வொ,leetudivo,பித்தளை விளக்கு,Brass lamp,புஜாக் லீதுதி3வொ பொ4வ்ரத்தெ அவ்ரெ ரூடி4,pujaak leetudivo bhovratte avre rooDhi,பூஜைக்கு பித்தளை விளக்குகள் ஏற்றுவது நம் வழக்கம்,It is our custom to light brass lamps for puja,temple,corpus_sourashtradictionary
தி3வாதளொ,divaataLo,குத்துவிளக்கு,Prayer / Oil Lamp,சீஸ் தயி மஞ்ஜெத் தி3வாதளொ உடாவ் ஹோஸு,cees tayi manjjet divaataLo uTaav hOsu,புளியால் தேய்த்தால் குத்துவிளக்கு பளிச் என ஆகிறது,"If rubbed with tamarind, the oil Lamp becomes bright",temple,corpus_sourashtradictionary
த2ந்தி3லி தி3வொ,thandili divo,குத்துவிளக்கு,Standing brass lamp,ம்ஹொட்டொ வைப4வமுக் த2ந்தி3லி தி3வொ பொ4வ்ரிகின் ஹர்ம்ப4ம் கெரஸுனு,mhoTTo vaibhavamuk thandili divo bhovrikin harmbham kerasunu,பெரிய விழாவை குத்துவிளக்கு ஏற்றி ஆரம்பிக்கிறார்கள்,The grand ceremony begins with the lighting of standing brass lamp,temple,corpus_sourashtradictionary
வாத்,vaat,விளக்குத்திரி,Oil lamp wick,வாத் மொலிஸொடி3 தி3வொ பொ4வ்ரெத்தெ ப3ரொ,vaat molisoDi divo bhovrette baro,திரியை கசக்கிவிட்டு விளக்கேற்றுவது நல்லது,It is better to squeeze the wick and light the lamp,temple,corpus_sourashtradictionary
தி3வாவாது,divaavaatu,விளக்குத்திரி,Oil lamp wick,தொ3ரிம் கெரெ தி3வாவாது நிள்ச்சி ஜெலஸு,dorim kere divaavaatu niLcci jelasu,நூலில் செய்த விளக்குத்திரி சீராக எரியும்,Lamp wick made of thread burns steadily,temple,corpus_sourashtradictionary
தி3வாபெடி,divaapeTi,தீப்பெட்டி,Match box,தி3வொ பொ4வ்ரத்தக் தி3வாபெடி ஒண்டே ப்ரயோக்3 கெரஸுன்,divo bhovrattak divaapeTi oNTE prayOg kerasun,விளக்கேற்ற தீப்பெட்டி மட்டுமே பயன்படுத்துகிறார்கள்,Only matchbox is used to light the lamp,temple,corpus_sourashtradictionary
விஸ்தெவுபெடி,vistevupeTi,தீப்பெட்டி,Match box,1826 ம் ஜான் வாக்கர் மெனெத்தெனொ விஸ்தவுபெடிக் தெ3க்கிதெ4ர்யாஸி,1826 m jaan vaakkar menetteno vistavupeTik dekkidheryaasi,1826 ல் ஜான் வாக்கர் என்பவர் தீப்பெட்டியை கண்டுபிடித்தார்,"In 1826, John Walker invented the matchbox",temple,corpus_sourashtradictionary
தி3வாக2ட்டி,divaakhaTTi,தீக்குச்சி,Match stick,தி3வாக2ட்டி ஒல்லொ பொடெ3த் ஹூனும் ஸுக்கடு3வாய்,divaakhaTTi ollo poDet hoonum sukkaDuvaay,தீக்குச்சி ஈரமானால் வெயிலில் உலர்த்தலாம்,If the match gets wet it can be dried in the sun,temple,corpus_sourashtradictionary
பய்ஞ்தொ,paynjto,"தாள்பணிதல், காலில் விழுந்து வணங்குதல்",Hindu Prostration,ம்ஹொட்டானுக் பய்ஞ்தொ பொட3த்தெ சொக்கட் மொர்க்3யாத்,mhoTTaanuk paynjto poDatte cokkaT morgyaat,பெரியவர்களின் காலில் விழுந்து வணங்குவது நல்ல மரியாதை,It is good respect to prostrate at the feet of elders,temple,corpus_sourashtradictionary
பி3கி3த்,bigit,விபூதி,Sacred Ash,ஈஸ்புரு தௌ4ராம் பி3கி3த் ப்ரஸாத்கன் தே3ஸுன்,eespuru dhauraam bigit prasaatkan dEsun,சிவன் கோவிலில் விபூதியை பிரசாதமாக தருகிறார்கள்,Vibhuti is offered as prasadam in Shiva temple,temple,corpus_sourashtradictionary
குங்கு3ம்,kunggum,குங்குமம்,Vermilion,அம்மா தௌ4ராம் குங்கு3ம் ப்ரஸாத்கன் தே3ஸுன்,ammaa dhauraam kunggum prasaatkan dEsun,அம்மன் கோவிலில் குங்குமத்தை பிரசாதமாக தருகிறார்கள்,Vermilion is offered as prasadam in Amman temple,temple,corpus_sourashtradictionary
சுச்சும்,cuccum,செந்தூரம்,Vermillon,விஷ்ணுக் பாய்ஞ்பொட3த்தெனு கபா3ல்டு3ர் சுச்சும் லவ்லஸுன்,vishNuk paaynjpoDattenu kabaalDur cuccum lavlasun,விஷ்ணுவை வழிபடுபவர்கள் நெற்றியில் நாமம் இட்டுக்கொள்வார்கள்,Worshipers of Lord Vishnu put Namam in their forehead,temple,corpus_sourashtradictionary
ஸிர்க்கண்,sirkkaN,சந்தனம்,Sandalwood,ஸிர்க்கண் ஆங்கு3க் ஸில்லொ கெரயி,sirkkaN aangguk sillo kerayi,சந்தனம் உடலுக்கு குளிர்ச்சியை தரும்,Sandalwood is cooling to the body,temple,corpus_sourashtradictionary
நாம்,naam,நாமம்,Trident Mark on the Forehead,"ஸௌராஷ்டிரர்னு தய்லரியொ நாம் ""U"" ஸொகன் ர்ஹாயி","sauraashTirarnu taylariyo naam ""U"" sokan rhaayi","ஸௌராஷ்டிரர்கள் இட்டுக்கொள்ளும் நாமம் ""U"" போல இருக்கும்","The Namam that Sourashtrian put will be in ""U"" shape",temple,corpus_sourashtradictionary
நாமுகெட்3டொ3,naamukeDDo,நாமக்கட்டி,White Clay Chalk,நாமுகெ3ட்3டொ3 தொ3ளா கெ3ட்3டா3க் பரொ கெரயி,naamugeDDo doLaa geDDaak paro kerayi,நாமக்கட்டி கண்கட்டியை குணப்படுத்தும்,White clay chalk cures eye tumor,temple,corpus_sourashtradictionary
நாமுபுட்கி,naamupuTki,நாம பெட்டி,Trident Box,"நாமுபுட்கிம் நாமுகெ3ட்3டொ3, குங்கு3ம், சுச்சும் க2ட்டி ர்ஹாயி","naamupuTkim naamugeDDo, kunggum, cuccum khaTTi rhaayi","நாம பெட்டியில் நாமக்கட்டி, குங்குமம், நாமக்குச்சி இருக்கும்","The trident box will have clay chalk, vermilion and a small stick",temple,corpus_sourashtradictionary
ஸெந்தெ3,sende,சந்தியாவந்தனம்,Salutation to Time of Junction,ஸெந்தெ3 மென்தொ ஸுரிதுக் நுவத்தெ ஸம்ஸ்கார்,sende mento surituk nuvatte samskaar,சந்த்யாவந்தனம் என்றால் சூரியனைப் போற்றும் சடங்கு,Santhyavandanam is a ritual of worshiping the Sun,temple,corpus_sourashtradictionary
தொ3ர்பொ3,dorbo,தர்பை புல்,Holy Grass,தொ3ர்பொ3 அஸ்கி பாபுக் ஜவட3த்திஸானுகெ,dorbo aski paapuk javaDattisaanuke,தர்பை புல் அனைத்து பாவங்களையும் போக்கக்கூடியது,Holy grass can cure all sins,temple,corpus_sourashtradictionary
புஜொ,pujo,பூஜை,Act of worship,நிச்சு ஸொளாபா2ர்கின் விள்டாக் புஜெ கெரத்தெ சொக்கடு3,niccu soLaaphaarkin viLTaak puje keratte cokkaDu,தினமும் காலையிலும் மாலையிலும் பூஜை செய்வது நல்லது,It is good to do pooja every morning and evening,temple,corpus_sourashtradictionary
ஒத்துலத்தெ,ottulatte,"ஒற்றிக்கொள்ளுதல், தொட்டுக்கொள்ளுதல்",Touching softly,புஜொ கெரெ பூ2லுக் தொளாம் ஒத்துலுவொ,pujo kere phooluk toLaam ottuluvo,பூஜை செய்த பூவை கண்ணில் ஒற்றிக் கொள்ளுங்கள்,Bow the puja flower with eyes,temple,corpus_sourashtradictionary
மாலொ,maalo,மாலை,Garland,ஹன்மந்துக் தொ2ள்சி மாலொ க4லி பாய்ஞ்பொட3னு,hanmantuk thoLci maalo ghali paaynjpoDanu,ஆஞ்சநேயருக்கு துளசி மாலை போட்டு வணங்குவார்கள்,Anjaneya will be worshiped by garlanding Tulsi,temple,corpus_sourashtradictionary
த3மர் பூ2ல்,damar phool,தாமரை,Lotus,மஹாலக்ஷ்மி வஸஸ் கெரரியொ தா2ம் த3மர் பூ2லு,mahaalakshmi vasas kerariyo thaam damar phoolu,மகாலட்சுமி வாசம் செய்யும் இடம் தாமரை பூ ஆகும்,Mahalakshmi's abode is the lotus flower,temple,corpus_sourashtradictionary
ரெத்து,rettu,தேர்,Car,பூரி ஜெக3ந்நாத் உத்ஸவும் தீ2ன் ரெத்துனுக் உட்சிலி அவனு,poori jegannaat utsavum theen rettunuk uTcili avanu,பூரி ஜெகநாதர் திருவிழாவில் மூன்று தேர்களை இழுத்து வருவார்கள்,Three chariots are pulled during the Puri Jagannath festival,temple,corpus_sourashtradictionary
கரொ,karo,காணிக்கை,Offertory,தெ2வ்டெ3 ப4க்துடு3ன் அபுல் பா4ருக் ஸமான் ஹொயெ வஸ்துனுக் கரொகன் தே3ஸுன்,thevDe bhaktuDun apul bhaaruk samaan hoye vastunuk karokan dEsun,சில பக்தர்கள் தங்கள் எடைக்கு சமமான பொருட்களை காணிக்கையாக செலுத்துகிறார்கள்,Some devotees make offerings of items equal to their own weight,temple,corpus_sourashtradictionary
ஶுலோக்,ssulOk,"செய்யுள், சுலோகம்","Verse, Hymns",ப4கவத் கீ3தாம் யோக்3 700 ஶுலோகுனுன் ஸே,bhakavat geetaam yOg 700 ssulOkunun sE,பகவத் கீதையில் மொத்தம் 700 சுலோகங்கள் உள்ளன,There are a total of 700 hymns in the Bhagavad Gita,temple,corpus_sourashtradictionary
கர்க்கெல்,karkkel,கார்த்திகை,Karthikai Star,கர்க்கெலு ம்ஹாடா3ம் அவரியொ ஸொமார்தி3ம் தா3ரும் தி3வொ பொ4வ்ரனு,karkkelu mhaaDaam avariyo somaardim daarum divo bhovranu,கார்த்திகை மாதத்தில் வரும் திங்கட்கிழமைகளில் வீட்டு வாசலில் தீபம் ஏற்றுவார்கள்,"On Mondays in the month of Karthika, they put lamps at the door",temple,corpus_sourashtradictionary
ம்ஹொடொ3 கர்க்கெல்,mhoDo karkkel,கார்த்திகை தீபம்,Grand Karthikai Festival,கர்க்கெலு ம்ஹாடா3ம் அவரியொ கர்க்கெல் நெட்சத்ரு தி3ன்னுக் ம்ஹொடொ3 கர்க்கெல் மெனன்,karkkelu mhaaDaam avariyo karkkel neTcatru dinnuk mhoDo karkkel menan,கார்த்திகை மாதத்தில் வரும் கார்த்திகை நட்சத்திர நாளை பெரிய கார்த்திகை என்பர்,Karthika star day in the month of Karthika is called Big Karthika,temple,corpus_sourashtradictionary
கத்திபு3த்தில்,kattibuttil,சொக்கப்பனை எரித்தல்,"Thiruvannamalai Deepam, Palm frond burning",ம்ஹொடொ3 கர்க்கெல் தெந்து3ஸ் கத்திபு3த்தில் ஜெலட3டுனு,mhoDo karkkel tendus kattibuttil jelaDaTunu,பெரிய கார்த்திகை அன்று சொக்கப்பனை எரிப்பார்கள்,Palm frond will be burnt on Big Karthikai,temple,corpus_sourashtradictionary
தின்னாள்,tinnaaL,திருவிழா,Festival,த4னினுக் ஒர்ஸுதிஸு தின்னாளுஸ்,dhaninuk orsutisu tinnaaLus,பணக்காரர்களுக்கு ஆண்டு முழுவதும் திருவிழா,A year-round festival for the rich,temple,corpus_sourashtradictionary
"உத்ஸவ், வைப4வ்","utsav, vaibhav",விழா,Festival,நொவ்ராது உத்ஸவ் ஸொந்தொ3 ஹர்ம்ப3ம் ஹோரஸ்,novraatu utsav sondo harmbam hOras,நவராத்திரி திருவிழா நாளை தொடங்குகிறது,Navratri festival starts tomorrow,temple,corpus_sourashtradictionary
ஸம்ஸ்கார்,samskaar,சடங்கு,Ritual,மொராத்தெங்கொ3 தெங்கொ3தெங்கொ3 வட்கெ தா4னுக் ஸம்ஸ்கார் கெரன்,moraattenggo tenggotenggo vaTke dhaanuk samskaar keran,இறந்தவர்களுக்கு அவரவர் வழக்கப்படி சடங்கு செய்யப்படும்,The dead will be ritualized according to their custom,temple,corpus_sourashtradictionary
அம்மா புட்3கி,ammaa puDki,"குங்குமம், மஞ்சள் போன்ற தெய்வீகப் பொருட்கள் அடங்கிய பனை ஓலை கூடை",A devotional palm leaf basket containing divine ingredients like saffron and turmeric,தெ2வ்டெ3 தெனு அபுல் கொ4ம்மொ அம்மா புட்3கி தொ2வ்லி ர்ஹானு,thevDe tenu apul ghommo ammaa puDki thovli rhaanu,சிலர் தங்கள் வீட்டில் அம்மா கூடை வைத்திருப்பார்கள்,Some people keep devotional basket in their house,temple,corpus_sourashtradictionary
ஜயந்தி,jayanti,பிறந்தநாள்,"Birthday, Birth day",,,,,temple,corpus_sourashtradictionary
கீஷ்டு ஜயந்தி,keeshTu jayanti,கிருஷ்ண ஜெயந்தி,Birthday of Lord Krishna,,,,,temple,corpus_sourashtradictionary
கோ3குலாஷ்டமி,gOkulaashTami,கோகுலாஷ்டமி,Birthday of Lord Krishna,,,,,temple,corpus_sourashtradictionary
ராம நவமி,raama navami,ராம நவமி,Birthday of Lord Rama,,,,,temple,corpus_sourashtradictionary
ஹன்மந்து ஜயந்தி,hanmantu jayanti,அனுமார் ஜெயந்தி,Birthday of Lord Hanuman,,,,,temple,corpus_sourashtradictionary
ரஜொ,rajo,அரசன்,King,ரஜொ மெனெத்தெனு ந்ஹன்னொ ராஜ்யமுக் ராஜ்ஜலாத்தெனு,rajo menettenu nhanno raajyamuk raajjalaattenu,அரசர்கள் ஒரு சிறிய அரசை ஆண்டவர்கள்,Kings were those who ruled a small kingdom,king-troop,corpus_sourashtradictionary
ரணி,raNi,அரசி,Queen,ஜா2ன்ஸி ரணி லக்ஷ்மி பா3ய் பா4ரதும் மேட் ஹொயெ ரணி,jhaansi raNi lakshmi baay bhaaratum mET hoye raNi,ஜான்சி ராணி லட்சுமி பாய் இந்தியாவின் தலைசிறந்த ராணி,Jhansi Rani Lakshmi Bai is the great queen of India,king-troop,corpus_sourashtradictionary
ந்ஹன்ரஜொ,nhanrajo,இளவரசன்,Prince,ந்ஹன்ரஜொ மெனெத்தெனொ ரஜா பெ3டொ3,nhanrajo menetteno rajaa beDo,இளவரசன் என்பவர் ஒரு அரசனின் மகன்,A prince is the son of a king,king-troop,corpus_sourashtradictionary
ந்ஹன்ரணி,nhanraNi,இளவரசி,Princess,ந்ஹன்ரணி மெனெத்தெனொ ரஜா பெ3டி3,nhanraNi menetteno rajaa beDi,இளவரசி என்பவர் ஒரு அரசனின் மகள்,The princess is the daughter of a king,king-troop,corpus_sourashtradictionary
ஸம்ராட்,samraaT,பேரரசர்,Emperor,ஸம்ராட் மெனெத்தெனொ ரஜானுக் ரஜொ,samraaT menetteno rajaanuk rajo,பேரரசர் என்பவர் அரசர்களின் அரசர்,The emperor is the king of kings,king-troop,corpus_sourashtradictionary
முகுட்,mukuT,கிரீடம்,"Crown, Crest",ரஜொ தொ3ஸ்காம் முகுட் க4ல்லி ர்ஹாயி,rajo doskaam mukuT ghalli rhaayi,அரசர் தலையில் கிரீடம் அணிந்திருப்பார்,The king wears a crown on his head,king-troop,corpus_sourashtradictionary
கிரிடொ,kiriTo,கிரீடம்,"Crown, Crest",ரஜா கிரிடாக் ரெத்தனு தெ3ய்டா3ம் ஸிங்க3ர் ர்ஹானு,rajaa kiriTaak rettanu deyDaam singgar rhaanu,அரசரின் கிரீடம் ரத்தினக் கற்களால் அலங்கரிக்கப்பட்டிருக்கும்,The king's crown is adorned with gemstones,king-troop,corpus_sourashtradictionary
ரஜா பளொ,rajaa paLo,அரசபடை,King's Troop,முந்த3டி3 கலமு ரஜொ அபுல் பளொ ஸெரொ அவி து3ஸுர தே3ஶுனுக் ஜெவுஞ்சயி,mundaDi kalamu rajo apul paLo sero avi dusura dEssunuk jevunjcayi,பழங்காலத்தில் அரசன் தன் படைகளுடன் வந்து மற்ற நாடுகளை வெல்வான்,In ancient times the king would come with his troops and conquer other nations,king-troop,corpus_sourashtradictionary
"ரௌள், ரவுள்","rauL, ravuL",அரண்மனை,"Palace, Castle",ரஜான் ரௌளும் ஜிவ்யாஸ்,rajaan rauLum jivyaas,அரசர்கள் அரண்மனைகளில் வாழ்ந்தனர்,Kings lived in palaces,king-troop,corpus_sourashtradictionary
து3ருகு3,durugu,கோட்டை,"Fort, Fortress",ஶத்ருனுன்ஜொவள் ர்ஹீ அபுலானுக் கப3ட்3லத்தக் ரஜொ து3ருகு3 ப4ந்த்3யெஸி,ssatrununjovaL rhee apulaanuk kabaDlattak rajo durugu bhandyesi,எதிரிகளிடமிருந்து தன்னைக் காத்துக் கொள்ள அரசன் கோட்டைகளைக் கட்டினான்,The king built forts to protect himself from enemies,king-troop,corpus_sourashtradictionary
மஹாப்ரதாப்,mahaaprataap,கம்பீரமான,Majestic,கொ4டொ3 ஒண்டெ மஹாப்ரதாப் ஹொயெ மூகு3,ghoDo oNTe mahaaprataap hoye moogu,குதிரை ஒரு கம்பீரமான விலங்கு,The horse is a majestic animal,king-troop,corpus_sourashtradictionary
கோஸு,kOsu,பொக்கிஷம்,Treasure trove,ரஜான் அபுல் ரவுளும் கோஸுன் தொ2வ்லி ஹொத்3யாஸி,rajaan apul ravuLum kOsun thovli hodyaasi,அரசர்கள் தங்கள் அரண்மனைகளுக்குள் பொக்கிஷங்களை வைத்திருந்தனர்,The kings kept treasures inside their palaces,king-troop,corpus_sourashtradictionary
கே2யி,khEyi,அகில்,Agarwood,கே2யி தேலு வஸுனொ ஸிர்க்கணு வஸுனொ ஸொகன் ர்ஹாயி,khEyi tElu vasuno sirkkaNu vasuno sokan rhaayi,அகில் எண்ணெய் வாசனை சந்தன வாசனை போலிருக்கும்,Agarwood oil smells like sandalwood,king-troop,corpus_sourashtradictionary
சாத்,caat,"சக்கர இருசு, அச்சு","Axle, Axis",ரெத்து சாத் தேகு ஜா2டு3ம் ர்ஹீ கெரஸுன்,rettu caat tEku jhaaDum rhee kerasun,தேரின் அச்சு தேக்கு மரத்தால் செய்யப்படுகிறது,The axle of the chariot is made of teak wood,king-troop,corpus_sourashtradictionary
த4னு,dhanu,"வில், தனு",Bow,ஜனக ரஜொ தொ2வ்லி ஹொதெ3யொ ஸிவ த4னு,janaka rajo thovli hodeyo siva dhanu,ஜனக மன்னன் வைத்திருந்தது சிவ தனு,The Janaka king had Shiva Bow,king-troop,corpus_sourashtradictionary
த4னுஷ்,dhanush,"வில், தனு",Bow,அர்ஜுன் தொ2வ்லி ஹொதெ3 த4னுஷு நாவ் கா3ன்டி3வொ,arjun thovli hode dhanushu naav gaanDivo,அர்ஜுனன் வைத்திருந்த வில்லின் பெயர் காண்டீபம்,The name of the bow possessed by Arjuna was Gandiva,king-troop,corpus_sourashtradictionary
பா3ண்,baaN,அம்பு,Arrow,ஸ்ரீ ராமுடு3 பா3ண் ஸொட3த்தெமாம் ஶ்ரேஷ்டு2 ஹொயாத்தெனு,sree raamuDu baaN soDattemaam ssrEshThu hoyaattenu,ஸ்ரீ ராமர் அம்பு எய்வதில் சிறந்தவர்,Shri Ram is good at shooting arrows,king-troop,corpus_sourashtradictionary
ப3ணொ,baNo,அம்பு,Arrow,ப3ணொ ஸொட3த்தெ ஒலிம்பிக்கும் ஒண்டெ கா2ளு,baNo soDatte olimpikkum oNTe khaaLu,வில்வித்தை ஒலிம்பிக் விளையாட்டுகளில் ஒன்றாகும்,Archery is one of the Olympic Games,king-troop,corpus_sourashtradictionary
பீல்,peel,அம்பு,Arrow,பீலு தா3ண் லய்டொ3 ஹால்கின் கொனொ ல்ஹொகணு ஹால்கின் ஹொயெயொ,peelu daaN layDo haalkin kono lhokaNu haalkin hoyeyo,"அம்பின் தண்டு மரத்தாலும், முனை இரும்பாலும் ஆனது",The shaft of the arrow is made of wood and the tip is of iron,king-troop,corpus_sourashtradictionary
பே4ரி,bhEri,யுத்த பேரிகை,War drum,யுத்3து3 வேள் நுத்3து3னு மொன்னு தெ4ய்ர்யம் தே3த்தக் பே4ரி உபயோ3க்3 கெர்யாஸி,yuddu vEL nuddunu monnu dheyryam dEttak bhEri upayOg keryaasi,சண்டையின் போது வீரர்களின் மன உறுதியை உயர்த்த யுத்த பேரிகை பயன்படுத்தப்பட்டன,War-drums were also used to raise morale of the soldiers during the fight,king-troop,corpus_sourashtradictionary
நுத்3து3,nuddu,போர்வீரன்,"Soldier, Warrior",நுத்3து3ன் அபுல் தே3ஶுக்குர்சி மொரத்தக் மெல்லொ ஐதொகன் ஸே,nuddun apul dEssukkurci morattak mello aitokan sE,ராணுவ வீரர்கள் தங்கள் நாட்டுக்காக இறக்கவும் தயாராக உள்ளனர்,Soldiers are ready to die for their country,king-troop,corpus_sourashtradictionary
பளொ,paLo,"சேனை, படை","Army, Troop, Military, Force",பளாக் ஸனித3னி கெரத்தக் வேன் ஹன்னவ் வேஸ் ஹோஸு,paLaak sanidani kerattak vEn hannav vEs hOsu,ராணுவத்தை பராமரிக்க ஏராளமான பணம் செலவாகும்,It costs a lot of money to maintain the army,king-troop,corpus_sourashtradictionary
ரெத்து,rettu,ரதம்,Charriot,த3ஸரத ரஜொ மேட்ஹொயெ ரெத்து தொ3வ்டு3னாரும் ஒண்டெனு,dasarata rajo mEThoye rettu dovDunaarum oNTenu,தசரத மன்னன் சிறந்த தேரோட்டிகளில் ஒருவன்,King Dasaratha was one of the best charioteer,king-troop,corpus_sourashtradictionary
பத்தி,patti,காலாள்,"Pedestrian, Infantry man, Foot soldier","ரஜொஜொவள் ரெத்து, ஐஸ்து, கொ4டொ3, பத்தி மெனி சார் பளான் ஹொத்3யெஸி","rajojovaL rettu, aistu, ghoDo, patti meni caar paLaan hodyesi","அரசனிடம் தேர், யானை, குதிரை, காலாள் என நான்கு படைகள் இருந்தன","The king had four armies, namely Chariot, Elephant, Horse and Infantry",king-troop,corpus_sourashtradictionary
பத்திபளொ,pattipaLo,காலாட்படை,Infantry,அஸ்கி பளானும் பத்திபளொ ஸீ ம்ஹொட்டயொ,aski paLaanum pattipaLo see mhoTTayo,அனைத்துப் படைகளிலும் காலாட்படை மிகப் பெரியது,The infantry is the largest of all the forces,king-troop,corpus_sourashtradictionary
ஸேனி,sEni,தளபதி,Commander,ரஜா பளாக் சல்தொ கெரத்தெனொ ஸேனி,rajaa paLaak calto keratteno sEni,மன்னனின் படையை வழிநடத்துபவன் தளபதி,The commander is the one who leads the king's army,king-troop,corpus_sourashtradictionary
க2லின்,khalin,கடிவாளம்,Bridle,தெனொ கொ4டா3க் க2லின் ஹால் தெ4ரெஸி,teno ghoDaak khalin haal dheresi,அவன் குதிரையை கடிவாளத்தால் பிடித்தான்,He held his horse by the bridle,king-troop,corpus_sourashtradictionary
பொக்3கு3,poggu,லகான்,Rein,கொ4டா3க் ஒப்பய தி3க்கும் பி2வ்ரத்தக் பொக்3கு3 நுக3ஸு,ghoDaak oppaya dikkum phivrattak poggu nugasu,குதிரையை விரும்பிய திசையில் திருப்ப கடிவாளம் பயன்படுத்தப்படுகிறது,The rein is used to turn the horse in desired direction,king-troop,corpus_sourashtradictionary
ராஜ்,raaj,ஆட்சி,Regime,நொவ்வொ ராஜ்ஜும் அஸ்கி சொக்கட் ஸே,novvo raajjum aski cokkaT sE,புதிய ஆட்சியில் எல்லாம் நன்றாக இருக்கிறது,All is well with the new regime,king-troop,corpus_sourashtradictionary
ராஜதா4னி,raajadhaani,தலைநகர்,Capital,அவ்ரெ தே3ஶு ராஜதா4னி நொவ்வொ தி3ல்லி,avre dEssu raajadhaani novvo dilli,நமது நாட்டின் தலைநகரம் புது தில்லி,New Delhi is the capital of our country,king-troop,corpus_sourashtradictionary
"ராஜ்ஜி, ஸர்க்கார்","raajji, sarkkaar",அரசு,Government,தெனொ ராஜ்ஜிம் காம் ஸாரிஸ்,teno raajjim kaam saaris,அவள் அரசாங்கத்தில் வேலை செய்கிறாள்,She works in government,king-troop,corpus_sourashtradictionary
அபுல்ராஜ்,apulraaj,"தன்னாட்சி, சுயாட்சி","Autonomy, Republic",பா4ரது ராஜ்யமுனுக் அபுல்ராஜ் ஸே,bhaaratu raajyamunuk apulraaj sE,இந்திய மாநிலங்களுக்கு சுயாட்சி உண்டு,Indian states have autonomy,king-troop,corpus_sourashtradictionary
ஸௌகத்தெ,saukatte,"ஆளுதல், ஆட்சி செய்தல்","Governance, Ruling",ஒண்டெ தே3ஶுக் ஸௌகத்தெ ஸுல்ப்3யம் ஹொயெ காம் ந்ஹா,oNTe dEssuk saukatte sulbyam hoye kaam nhaa,ஒரு நாட்டை ஆள்வது எளிதான காரியம் அல்ல,Ruling a country is not an easy task,king-troop,corpus_sourashtradictionary
"பௌரொ, பவ்ரொ","pauro, pavro",குடிமகன்,"Citizen, Subjects",மீ உஜ்வாவ் ஹால் பா4ரது பௌரொ,mee ujvaav haal bhaaratu pauro,நான் பிறப்பால் இந்திய குடிமகன்,I am an indian citizen by birth,king-troop,corpus_sourashtradictionary
கொ3வத்தெ,govatte,பாதுகாத்தல்,Protecting,பௌரானுக் கொ3வத்தேஸ் ரஜா கர்தவ்யம்,pauraanuk govattEs rajaa kartavyam,குடிமக்களைப் பாதுகாப்பதே அரசனின் கடமை,It is the duty of the king to protect his citizens,king-troop,corpus_sourashtradictionary
ரக்ஷணொ,rakshaNo,பாதுகாப்பு,Protection,ரஜாக் ரக்ஷணொ கெரத்தக் ரக்ஷுணார் ஹொத்3யாஸி,rajaak rakshaNo kerattak rakshuNaar hodyaasi,அரசனைப் பாதுகாக்க காவலர்கள் இருந்தனர்,There were guards to protect the king,king-troop,corpus_sourashtradictionary
கரொ,karo,"கப்பம், காணிக்கை, வரி","Offertory, Tribute, Tax",யுத்3து3ம் ஒடெ3 ரஜொ ஜெவுஞ்செ ரஜாக் கரொ தி3யெஸி,yuddum oDe rajo jevunjce rajaak karo diyesi,போரில் தோற்ற மன்னன் வெற்றி பெற்ற மன்னனுக்குக் கப்பம் செலுத்தினான்,The king who lost the war paid tribute to the victorious emperor,king-troop,corpus_sourashtradictionary
ஸமரி,samari,"கவரி, சாமரம்","Fly whisk, Chawar",பெ4டெ3ன் ஸமரி ஹால் ரஜாக் வவ்ரனு,bheDen samari haal rajaak vavranu,வேலைக்காரர்கள் சாமரத்தால் ராஜாவை விசிறுவார்கள்,The servants fanned the king using a fly-whisks,king-troop,corpus_sourashtradictionary
அஸ்வக்ரது,asvakratu,அசுவமேத யாகம்,A horse sacrifice ritual to prove the imperial sovereignty of a King,ஸம்ராட் அபுல் பொ3லம் தெ3க்கட3த்தக் அஸ்வக்ரது யாக்3 கெரனு,samraaT apul bolam dekkaDattak asvakratu yaag keranu,சக்கரவர்த்தி தனது வலிமையை காட்ட அஸ்வமேத யாகம் செய்வார்,The emperor will perform the Ashwamedha Yajna to show his strength,king-troop,corpus_sourashtradictionary
ஜிக3த்தகொ,jigattako,"வெல்ல, வெற்றி பெற","To win, To conquer",ஜ2த3டு3ம் ஜிக3த்தக் ரஜா த்4ருதி முக்யமு,jhadaDum jigattak rajaa dhruti mukyamu,போரில் வெற்றி பெற மன்னனின் தைரியம் முக்கியம்,The courage of the king is important to win the war,king-troop,corpus_sourashtradictionary
ஜ2த3ட்3,jhadaD,போர்,War,ஜ2த3டு3ம் ஜிக3த்தெனொ ஸங்கெ3யோஸ் நைதொ,jhadaDum jigatteno sanggeyOs naito,போரில் வென்றவர் சொல்வது தான் நீதி,Justice is what the winner of the war says,king-troop,corpus_sourashtradictionary
ரண்,raN,போர்,War,ரணும் ஜு2கு3 நுத்3து3ன் மொர்யாஸ்,raNum jhugu nuddun moryaas,போரில் பல வீரர்கள் உயிரிழந்தனர்,Many soldiers lost their lives on the war,king-troop,corpus_sourashtradictionary
பெய்னொ,peyno,பயணம்,Journey,பெய்னொ ஆங்கு3க்கின் மொன்னுக் ஶ்ரமொபரிஹார் கெரஸு,peyno aanggukkin monnuk ssramoparihaar kerasu,பயணம் உடலுக்கும் மனதுக்கும் புத்துணர்ச்சி அளிக்கிறது,Journey refreshes body and mind,travel,corpus_sourashtradictionary
யாத்ரொ,yaatro,யாத்திரை,Pilgrimage,கஸிக் யாத்ரா ஜாத்தக் ஜு2கு3தெங்கொ3 ஆஸ்தொ ஸே,kasik yaatraa jaattak jhugutenggo aasto sE,காசிக்கு யாத்திரை போக பலருக்கு ஆசை உள்ளது,Many have a desire to go on a pilgrimage to Kashi,travel,corpus_sourashtradictionary
வாட் ஸார்வொ,vaaT saarvo,தொலைதூர பயணம்,Long journey,தெனு வளுராணும் வாட் ஸார்வொ கெர்யாஸி,tenu vaLuraaNum vaaT saarvo keryaasi,அவர்கள் பாலைவனத்தில் தொலைதூரம் பயணித்தார்கள்,They went on a long journey across the desert,travel,corpus_sourashtradictionary
"ப்ரயாண், யாத்ரொ","prayaaN, yaatro",பயணம்,Travel,தெ2வ்டெ3 பணைதுன் ஒர்ஸுதிஸூ பெய்னொ கெரஸுன்,thevDe paNaitun orsutisoo peyno kerasun,சில வணிகர்கள் ஆண்டு முழுவதும் பயணம் செய்கிறார்கள்,Some traders travel throughout the year,travel,corpus_sourashtradictionary
பிஜத்தெ,pijatte,பயணம் செய்தல்,Traveling,முயி ஹொல்லொ பெய்னொ கெரத்தெ கௌதுகன் ர்ஹாயி,muyi hollo peyno keratte kautukan rhaayi,ஒட்டகத்தில் பயணம் செய்வது மிகவும் வேடிக்கையாக இருக்கும்,Traveling on a camel can be a lot of fun,travel,corpus_sourashtradictionary
ஸவாரி,savaari,பயணம்,Ride,ரோட்டர்டா3மு ஸ்பிளாஷ் மெனெத்தெ ம்ஹொடொ3பொ3ண்டி3 பனிம் கா2ல் ஸவாரி கெரஸு,rOTTarDaamu spiLaash menette mhoDoboNDi panim khaal savaari kerasu,ரோட்டர்டாமில் ஸ்பிளாஷ் எனும் பேருந்து நீருக்கடியில் சவாரி செய்கிறது,The Splash Bus in Rotterdam rides underwater,travel,corpus_sourashtradictionary
வாடு3 பெய்னொ,vaaDu peyno,பயண சிற்றுண்டி,Travel snacks,"வாடு3 பெய்னொகன் தெந்துலொ, லட்3டு3, புரினுக் க2ல்லி ஜாஸுன்","vaaDu peynokan tentulo, laDDu, purinuk khalli jaasun","பயண சிற்றுண்டிகளாக முறுக்கு, லட்டு, அதிரசங்களை எடுத்துச் செல்கின்றனர்","They carry Murukku, Laddu, Athirasam as traveling snacks",travel,corpus_sourashtradictionary
"பாந்து, யாத்ரி","paantu, yaatri",பயணி,Traveler,எச்சட3த்தெங்கொ3 ஜொவள் பாந்துன் ஜாக்3ரதொகன் ர்ஹனொ,eccaDattenggo jovaL paantun jaagratokan rhano,ஏமாற்றுபவர்களிடம் பயணிகள் கவனமாக இருக்க வேண்டும்,Travelers should be beware of cheaters,travel,corpus_sourashtradictionary
பர்யடன்,paryaTan,"சுற்றுப்பயணம், சுற்றுலா","Tour, Excursion",மென்க்யான் ஒர்ஸுதிஸூ பர்யடன் ஜாஸுனு,menkyaan orsutisoo paryaTan jaasunu,மக்கள் ஆண்டு முழுவதும் சுற்றுப்பயணம் செய்கிறார்கள்,People keep touring througout the year,travel,corpus_sourashtradictionary
பர்யடொ,paryaTo,சுற்றுலா பயணி,Tourist,மஹாப3லிபுரமு ஜு2கு3 விதே3ஶு பர்யடானுக் ஸவாயி,mahaabalipuramu jhugu vidEssu paryaTaanuk savaayi,மகாபலிபுரத்தில் ஏராளமான வெளிநாட்டு சுற்றுலாப் பயணிகளைக் காணலாம்,A large number of foreign tourists can be found in Mahabalipuram,travel,corpus_sourashtradictionary
லங்கி3 ஜாத்தெ,langgi jaatte,கடந்து செல்தல்,To cross,ஸீதாதே3விக் மிளத்தக் ஹன்மந்து ஸுந்து3ருக் லங்கி3 ஜியாஸி,seetaadEvik miLattak hanmantu sunduruk langgi jiyaasi,சீதாதேவியை சந்திக்க அனுமான் கடலை கடந்து சென்றார்,Hanuman crossed the ocean to meet Sita Devi,travel,corpus_sourashtradictionary
பெய்னாபெடி,peynaapeTi,கைப்பெட்டி,Suitcase,ஒண்டெ ராது ப்ரயாணுக் பெய்னாபெடி பு2ரொ,oNTe raatu prayaaNuk peynaapeTi phuro,ஒரு இரவு பயணத்திற்கு சூட்கேஸ் போதுமானது,A suitcase is enough for an overnight trip,travel,corpus_sourashtradictionary
பெய்னா ஜமான்,peynaa jamaan,பயணச் சாமான்கள்,"Luggage, Baggage",பெய்னா வேள் ஜமானுன் உன்னொகன் தொ2வ்லுவொ,peynaa vEL jamaanun unnokan thovluvo,பயணத்தின் போது சாமான்களை குறைவாக வைத்திருங்கள்,Keep luggage to a minimum while travelling,travel,corpus_sourashtradictionary
மொள்டி,moLTi,"மூட்டை, கட்டு",Bundle,ஹன்னவ் மொள்டி கோஸெ?,hannav moLTi kOse?,பண மூட்டை எங்கே?,Where is the money bundle?,travel,corpus_sourashtradictionary
மொள்டொ,moLTo,மூட்டை,Bundle,பி2ல்லியெ பொ3ட்டானுக் ஒண்டெ மொள்டாம் ப4ந்தி3 தொ2வொ,philliye boTTaanuk oNTe moLTaam bhandi thovo,உடுத்திய துணிகளை ஒரு மூட்டையில் கட்டி வைக்கவும்,Pack the used clothes in a bundle,travel,corpus_sourashtradictionary
க4ந்த்ரொ,ghantro,"மூட்டை, பொதி",Bundle,பூ3ரு ஹால் க4ந்த்ரொ ப4ந்து3வொ,booru haal ghantro bhanduvo,பனை ஓலைக் கயிற்றால் மூட்டையைக் கட்டவும்,Tie the bundle with palm leaf rope,travel,corpus_sourashtradictionary
ப4ந்தி3னி,bhandini,"மூட்டை கட்டுதல், பொட்டலம்","Packing, Parcel, Package","ப4ந்தி3னி ந்ஹன்னகன் ர்ஹியெத், க2ல்லி ஜாத்தெ ஸுல்ப்3யமு","bhandini nhannakan rhiyet, khalli jaatte sulbyamu","மூட்டை சிறியதாக இருந்தால், எடுத்துச் செல்வது எளிது","The smaller the packing, the easier it is to carry",travel,corpus_sourashtradictionary
வாட்,vaaT,வழி,"Path, Track, Way",அகாஸும் மெல்லொ வாடுன் ஸே,akaasum mello vaaTun sE,வானத்தில் கூட பாதைகள் உள்ளன,Even in the sky there are paths,travel,corpus_sourashtradictionary
வாட்தெ3க்கட்னி,vaaTdekkaTni,வழிகாட்டி,Signpost,"ரெஸ்தொ செரத்தேட், வாட்தெ3க்கட்னிக் ஸவாய்","resto cerattET, vaaTdekkaTnik savaay","சாலை சந்திப்பில், வழிகாட்டி பலகையை காணலாம்",Signpost can be found at the road junction,travel,corpus_sourashtradictionary
வாட்ஸராவ்,vaaTsaraav,நடைபாதை,"Pavement, Pathway",வாட்ஸராவும் சலத்தக் தா2ம் ந்ஹீ,vaaTsaraavum calattak thaam nhee,நடைபாதையில் நடக்க இடமில்லை,There is no place to walk on the pavement,travel,corpus_sourashtradictionary
ரெஸ்தொ,resto,சாலை,Road,ரெஸ்தாக் ஸீஸொரி த3டுனொ,restaak seesori daTuno,சாலையை பாதுகாப்பாக கடக்க வேண்டும்,Should cross the road safely,travel,corpus_sourashtradictionary
ல்ஹொகணு ரெஸ்தொ,lhokaNu resto,தண்டவாளம்,Rail,ஒண்டெ ல்ஹொகணு ரெஸ்தொ 42 பௌல் (13 மீ) ர்ஹாயி,oNTe lhokaNu resto 42 paul (13 mee) rhaayi,ஒரு தண்டவாளம் 42 அடி (13 மீ) இருக்கும்,The length of one rail will be 42 feet (13 m),travel,corpus_sourashtradictionary
ஊபொ3ண்டி3 வாட்,uuboNDi vaaT,இருப்புப்பாதை,"Railways, Railway track","பா4ரதும் 65,000 கி.மீ ஊபொ3ண்டி3 வாட் ஸே","bhaaratum 65,000 ki.mee uuboNDi vaaT sE","இந்தியாவில் 65,000 கி.மீ இருப்புப்பாதை உள்ளது","India has 65,000 km of railway track",travel,corpus_sourashtradictionary
ரெஸ்தொ வாட்,resto vaaT,சாலைவழி,Roadways,பா4ரது ரெஸ்தா வாடு பு4லோகும் தி3வ்வா ம்ஹொட்டொ ரெஸ்தா வாடு,bhaaratu restaa vaaTu bhulOkum divvaa mhoTTo restaa vaaTu,இந்திய சாலைவழி உலகின் இரண்டாவது பெரிய சாலைவழி ஆகும்,Indian Roadways is the second-largest roadways in the world,travel,corpus_sourashtradictionary
மஹாரெஸ்தொ,mahaaresto,நெடுஞ்சாலை,Highways,ராஷ்ட்ரீயகின் ராஜ்ய மஹாரெஸ்தானுன் பா4ரது ஒண்டொண்டெ மூலாக் செர்ச்சரஸி,raashTreeyakin raajya mahaarestaanun bhaaratu oNToNTe moolaak cerccarasi,தேசிய மற்றும் மாநில நெடுஞ்சாலைகள் இந்தியாவின் ஒவ்வொரு மூலையையும் இணைக்கின்றன,National and state highways connect every corner of India,travel,corpus_sourashtradictionary
வாயுமார்கொ3,vaayumaargo,வான்வழி,Airways,பா4ரதும் வாயுமார்கொ3 1911 ஹர்ம்ப3ம் ஹொயெஸி,bhaaratum vaayumaargo 1911 harmbam hoyesi,இந்தியாவில் வான்வழி 1911 இல் தொடங்கியது,Airways in India started in 1911,travel,corpus_sourashtradictionary
கு3ஷ்டி,gushTi,வண்டி,Cart,கொ3ரு கு3ஷ்டிம் பொள்ளள்னுக் க2ல்லி அவராஸ்,goru gushTim poLLaLnuk khalli avaraas,மாட்டு வண்டியில் பழங்களை கொண்டு வருகிறார்கள்,They bring fruits in bullock carts,travel,corpus_sourashtradictionary
ஸகட3ம்,sakaDam,வண்டி,Cart,"வேன் பா4ர் ஹிங்க4டெத், ஸகட3ம் உட்சத்தெ கெஷ்டமு","vEn bhaar hingghaTet, sakaDam uTcatte keshTamu","அதிக சுமை ஏற்றினால், வண்டியை இழுப்பது கடினம்",Heavy load makes it difficult to pull the cart,travel,corpus_sourashtradictionary
பொ3ண்டி3,boNDi,"வண்டி, ஊர்தி","Vehicle, Car",அத்தொ பொ3ண்டி3ன் விஜுலாம் த4மரஸி,atto boNDin vijulaam dhamarasi,தற்போது கார்கள் மின்சாரத்தில் இயங்குகின்றன,Nowadays cars run on electricity,travel,corpus_sourashtradictionary
தீ3 செக்குர் பொ3ண்டி3,dee cekkur boNDi,மிதிவண்டி,Bicycle,விஜுலா தீ3 செக்குர் பொ3ண்டி3 ஹிந்தொ ஸாமான்யொ ஹொய்யொ,vijulaa dee cekkur boNDi hinto saamaanyo hoyyo,மின்சார இரு சக்கர வாகனங்கள் இன்று சர்வசாதாரணமாகி விட்டன,Electric two-wheelers have become common today,travel,corpus_sourashtradictionary
பஞ்சலொ,panjcalo,மிதிவண்டி,Bicycle,தீ3 செக்குர் பொ3ண்டி3 தொ3வ்ட3த்தக் முது3ல்லாம் பஞ்சலொ ஸிக்குலத்தெ ப3ரொ,dee cekkur boNDi dovDattak mudullaam panjcalo sikkulatte baro,இரு சக்கர வாகனம் ஓட்டும் முன் சைக்கிள் கற்றுக்கொள்வது நல்லது,Better to learn bicycle first before riding two wheelers,travel,corpus_sourashtradictionary
யந்த்ரு பஞ்சலொ,yantru panjcalo,உந்துஉருளி,"Motor cycle, Bike",யந்த்ரு பஞ்சலொ தொ3வ்ட3த்தவேள் தொ3ஸ்கா த்ராணொ தய்லுனொ,yantru panjcalo dovDattavEL doskaa traaNo tayluno,உந்துருளி ஓட்டும் போது தலைக்கவசம் போட வேண்டும்,A helmet should be worn while driving a motorcycle,travel,corpus_sourashtradictionary
தொ3ஸ்கா த்ராணொ,doskaa traaNeaa,தலைக்கவசம்,Helmet,தொ3ஸ்கா த்ராணொ ஜீவுக் கப3ட3யி,doskaa traaNeaa jeevuk kabaDayi,தலைக்கவசம் உயிரைக் காப்பாற்றும்,Helmets save lives,travel,corpus_sourashtradictionary
த்யெத4மினி,tyedhamini,தானியங்கி,Auto,தீ2ன் செக்குர் பொ3ண்டி3க் த்யெத4மினி மெனி பொ3வராஸ்,theen cekkur boNDik tyedhamini meni bovaraas,மூன்று சக்கர வாகனம் ஆட்டோ என்று அழைக்கிறார்கள்,A three-wheeler is called an auto,travel,corpus_sourashtradictionary
த்யெத4மினி பொ3ண்டி3,tyedhamini boNDi,தானியங்கி கார்,Automatic vehicle,தொ3வ்டு3னார் ந்ஹாத்தெ த்யெத4மினி பொ3ண்டி3ன் அவன் நிகி3ள்டி3யொ,dovDunaar nhaatte tyedhamini boNDin avan nigiLDiyo,ஓட்டுனர் இல்லாத தானியங்கி வண்டிகள் வரத்தொடங்கி விட்டன,Driverless autonomous vehicles are on the way,travel,corpus_sourashtradictionary
ம்ஹொடொ3 பொ3ண்டி3,mhoDo boNDi,பேருந்து,Bus,ஜு2க்கு ம்ஹொடொ3 பொ3ண்டி3னுக் ஸர்க்கார் த4மட3ஸு,jhukku mhoDo boNDinuk sarkkaar dhamaDasu,பெரும்பாலான பேருந்துகளை அரசு இயக்குகிறது,Most of the buses are run by the government,travel,corpus_sourashtradictionary
பொ3ண்டி3 ஸ்த2லொ,boNDi sthalo,பேருந்து நிலையம்,"Bus Stand, Bus Station",அவ்ரெ கே4ர் பொ3ண்டி3 ஸ்த2லாக் லொகு3த்தொ ஸேத்தெ,avre ghEr boNDi sthalaak logutto sEtte,எங்கள் வீடு பேருந்து நிலையம் அருகில் உள்ளது,Our house is near the bus stand,travel,corpus_sourashtradictionary
வாஹனொ,vaahano,கூண்டு வண்டி,Van,ந்ஹன்னொ ஜெதொ பெய்னொ கெரத்தக் வாஹனோஸ் மேடு,nhanno jeto peyno kerattak vaahanOs mETu,சிறிய குழு பயணிக்க வேன்கள் சிறந்தவை,Vans are best for small group travel,travel,corpus_sourashtradictionary
சிஸ்லா பொ3ண்டி3,cislaa boNDi,சரக்குந்து,"Lorry, Truck, Wagon",ப4ரீ ஜமானுனுக் சிஸ்லா பொ3ண்டி3ம் க2ல்லி ஜாஸுன்,bharee jamaanunuk cislaa boNDim khalli jaasun,கனரக சரக்குகளை லாரிகளில் கொண்டு செல்கிறார்கள்,Heavy goods are transported by trucks,travel,corpus_sourashtradictionary
"மோலு பொ3ண்டி3, ப3ட்கெ பொ3ண்டி","mOlu boNDi, baTke boNTi",வாடகை வண்டி,"Taxi, Cab, Rented vehicle",ராதும் மோலு பொ3ண்டி3 ப3ட்கெ வேன் கெர்த்தராஸ்,raatum mOlu boNDi baTke vEn kerttaraas,இரவில் டாக்ஸி கட்டணத்தை உயர்த்திவிடுகிறார்கள்,They increase the taxi fare at night,travel,corpus_sourashtradictionary
விஜுலா பொ3ண்டி3,vijulaa boNDi,மின்சார கார்,Electric Car,ப4விஷ்யமு விஜுலா பொ3ண்டி3ன் ஒண்டேஸ் த4மயி,bhavishyamu vijulaa boNDin oNTEs dhamayi,எதிர்காலத்தில் மின்சார கார் மட்டுமே இயங்கும்,"In the future, only electric cars will run",travel,corpus_sourashtradictionary
ஊபொ3ண்டி3,uuboNDi,"இரயில் வண்டி, புகை வண்டி",Train,ஊபொ3ண்டி3ன் கொ2ள்ச்யா யந்த்ரும் த4மெயொ ஒண்டெ கலம்,uuboNDin khoLcyaa yantrum dhameyo oNTe kalam,இரயில் வண்டிகள் கரி இயந்திரத்தில் ஓடியது ஒரு காலம்,There was a time when trains ran on coal engines,travel,corpus_sourashtradictionary
தொரன் கு3ஷ்டி,toran gushTi,"தொடர் வண்டி, புகை வண்டி",Train,"ரஷ்யாம் 9,250 கிமீ த4மரியொ டிரான்ஸ்-ஸைபீ3ரியனூஸ் பு4லோகும் லம்பொ3 தொரனு கு3ஷ்டி பெய்னொ","rashyaam 9,250 kimee dhamariyo Tiraans-saibeeriyanoos bhulOkum lambo toranu gushTi peyno","9,250 கிமீ ஓடும் ரஷ்யாவின் டிரான்ஸ்-சைபீரியன் தான் உலகின் நீண்ட இரயில் பயணம்","Russia's Trans-Siberian is the world's longest train journey, running 9,250 km",travel,corpus_sourashtradictionary
ஊபொ3ண்டி3 ஸ்த2லொ,uuboNDi sthalo,தொடர்வண்டி நிலையம்,Railway Station,ஊபொ3ண்டி3 ஸ்த2லொ ஏட் ர்ஹீ 5 கி.மீ தூ3ரும் ஸேத்தெ,uuboNDi sthalo ET rhee 5 ki.mee doorum sEtte,தொடர்வண்டி நிலையம் இங்கிருந்து 5 கி.மீ தொலைவில் உள்ளது,The railway station is 5 km from here,travel,corpus_sourashtradictionary
புல்னி,pulni,"தெப்பம், பரிசல்","Coracle, Catamaran, Raft",நெத்3தி3 த3டத்தக் புல்னி ஒர்க3யி,neddi daTattak pulni orgayi,ஆற்றைக் கடக்க பரிசல் உதவும்,Coracle helps to cross the river,travel,corpus_sourashtradictionary
வத்தெ,vatte,படகு,Boat,சகி வத்தென் வேன் பி3ஸ்ஸொ ஜாஸு,caki vatten vEn bisso jaasu,இயந்திர படகுகள் மிக வேகமாக செல்கின்றன,Motorboats go very fast,travel,corpus_sourashtradictionary
நௌகொ,nauko,படகு,Boat,ஹாதுஹால் த4மட3ரியொ நௌகொ ஹல்லு ஜாஸு,haatuhaal dhamaDariyo nauko hallu jaasu,கைமுறையாக இயக்கப்படும் படகுகள் மெதுவாக இயங்கும்,Manually operated boats run slower,travel,corpus_sourashtradictionary
நௌகாத்,naukaat,துடுப்பு,"Oar, Paddle",நௌகாதுன் நெத்3தி3ம் நௌகொ சலட3த்தக் ஒர்க3ஸு,naukaatun neddim nauko calaDattak orgasu,துடுப்புகள் ஆற்றில் படகு ஓட்ட உதவுகின்றன,Oars help to steer a boat in a river,travel,corpus_sourashtradictionary
கூபொ,koopo,பாய்மரப்படகு,Sailboat,கூபொ முக்யம்கன் வராஹால் த4மஸு,koopo mukyamkan varaahaal dhamasu,பாய்மரப் படகு முக்கியமாக காற்றினால் இயக்கப்படுகிறது,A sailboat is powered mainly by wind,travel,corpus_sourashtradictionary
கொப்பல்,koppal,கப்பல்,Ship,ஒண்டெ ம்ஹொட்டொ ஸுந்து4ருக் த3ட3த்தக் கொப்பல்ஹால் ஒண்டேஸ் முஸயி,oNTe mhoTTo sundhuruk daDattak koppalhaal oNTEs musayi,ஒரு பெரிய கடலைக் கடக்க கப்பலால் மட்டுமே முடியும்,A large ocean can only be crossed by a ship,travel,corpus_sourashtradictionary
தாரு,taaru,கப்பல்,Ship,தாரும் ப்ரயாண் கெரத்தெவேள் பூ4ய்ஞ்க் ஜு2கு3 தி3ன்னுக் ஸவானா,taarum prayaaN kerattevEL bhooynjk jhugu dinnuk savaanaa,கப்பலில் பயணம் செய்யும் போது நிலத்தை பல நாட்கள் பார்க்க முடியாது,Land cannot be seen for several days while sail on a ship,travel,corpus_sourashtradictionary
ஹுடா3ன்,huDaan,விமானம்,"Flight, Aeroplane, Airplane","தெ2வ்டெ3தெனு ஹுடா3ன் நிகு3ளத்தவேள்கின், கா2ல் ஹுத்துரத்தவேள் த4க்கஸுன்","thevDetenu huDaan niguLattavELkin, khaal hutturattavEL dhakkasun","சிலர் விமானம் புறப்படும் போதும், கீழே இறங்கும் போதும் பயப்படுவார்கள்",Some people are afraid during take off and landing of an airplane,travel,corpus_sourashtradictionary
விமானொ,vimaano,விமானம்,"Flight, Aeroplane, Airplane",A380 விமானமு 525 தெனு பி3ஸத்தக் முஸயி,A80 vimaanamu 525 tenu bisattak musayi,A380 விமானத்தில் 525 பேர் அமர முடியும்,The A380 can seat 525 people,travel,corpus_sourashtradictionary
ஹுடா3னு ஸ்த2லொ,huDaanu sthalo,விமான நிலையம்,Airport,ஹுடா3னு ஸ்த2லொ கொ2ப்3பி3ம் மூகொ3 ஸே,huDaanu sthalo khobbim moogo sE,விமான நிலையத்தில் எப்போதும் கூட்டம் உள்ளது,The airport is always crowded,travel,corpus_sourashtradictionary
சாத்,caat,அச்சு,Axis,செக்குர் அபுல் சாதுக் சுட்டுபி2ரி அவஸு,cekkur apul caatuk cuTTuphiri avasu,சக்கரம் அதன் அச்சை சுற்றி வருகிறது,The wheel is revolving about its axis,travel,corpus_sourashtradictionary
செக்குர்,cekkur,சக்கரம்,Wheel,செக்குருக் சுட்டுபி2ரட3த்தக் தெகொ3 கா2ல் பனி ஜாரஸி,cekkuruk cuTTuphiraDattak tego khaal pani jaarasi,சக்கரத்தை சுழற்றுவதற்கு நீர் அதன் கீழ் செல்கிறது,Water passes under it to rotate the wheel,travel,corpus_sourashtradictionary
சீடிகொ,ceeTiko,சீட்டு,Ticket,சீடிகொ ந்ஹாத்தக் ப்ரயாண் கெரத்தெ பொரொ ஹோயி,ceeTiko nhaattak prayaaN keratte poro hOyi,டிக்கெட் இல்லாமல் பயணம் செய்வது குற்றமாகும்,It is an offense to travel without ticket,travel,corpus_sourashtradictionary
தரெ,tare,கட்டணம்,"Fee, Charges, Payment",பை2லா ஒர்கு3 ஊபொ3ண்டி3 தரெ ஹுடா3னு தரெக் ஸமான்கன் ர்ஹாயி,phailaa orgu uuboNDi tare huDaanu tarek samaankan rhaayi,முதல் வகுப்பு ரயில் கட்டணங்கள் விமானக் கட்டணத்திற்கு சம்மாக இருக்கும்,First class train fares are almost the same as air fares,travel,corpus_sourashtradictionary
சாச்சி,caacci,பயணக்கட்டணம்,Travel charge,முது3ல்லாமுஸ் க2டெ3த் ஹுடா3னு சாச்சி ஸொங்கொ3 அப்3ப3யி,mudullaamus khaDet huDaanu caacci songgo abbayi,முன்கூட்டியே வாங்கினால் விமானக் கட்டணம் மலிவாக கிடைக்கும்,Airfare is cheaper if purchased in advance,travel,corpus_sourashtradictionary
துரிதொ,turito,"விரைவாக, வேகமாக","Quickly, Fast",தெ2வ்டெ3 லெக்கு துரிதொ ஜாத்தக் தீ3 செக்குர் பொ3ண்டி3 மேடு,thevDe lekku turito jaattak dee cekkur boNDi mETu,சில இடங்களுக்கு விரைவாகச் செல்ல இரு சக்கர வாகனம் சிறந்தது,A two wheeler is best for getting to some places quickly,travel,corpus_sourashtradictionary
அபகா4த்,apaghaat,விபத்து,Accident,பிஸத்தனம்கன் பொ3ண்டி3 தொ3வ்ட3த்தெ அபகா4துக் வாட் கெரயி,pisattanamkan boNDi dovDatte apaghaatuk vaaT kerayi,பைத்தியமாக வாகனம் ஓட்டுவது விபத்துக்கு வழிவகுக்கும்,Crazy driving can lead to accident,travel,corpus_sourashtradictionary
"பொண்டி3 தொ3வ்ட3த்தெனு, தொ3வ்டு3னார், சல்த கெர்னார்","poNDi dovDattenu, dovDunaar, calta kernaar","வண்டியோட்டி, ஓட்டுனர், இயக்கி","Chauffeur, Driver",ஜு2கு அபகா4துன் தொ3வ்டு3னாரு அஜாக்3ரதொ ஹால் சலஸு,jhuku apaghaatun dovDunaaru ajaagrato haal calasu,பெரும்பாலான விபத்துக்கள் ஓட்டுநரின் கவனக்குறைவால் ஏற்படுகின்றன,Most of the accidents are caused by the carelessness of the driver,travel,corpus_sourashtradictionary
ஸீஸொரி,seesori,"பாதுகாப்பாக, பார்த்து இருத்தல்","Safely, Watchful",பொ3ண்டி3 தொ3வ்டத்தவேள் ஸீஸொரி தொ3வ்டு3னொ,boNDi dovTattavEL seesori dovDuno,வாகனம் ஓட்டும்போது பார்த்து ஓட்ட வேண்டும்,Drive watchfully while driving,travel,corpus_sourashtradictionary
தூ3ர்,door,தொலைவு,"Far, Distance",மது3ரெம் ர்ஹீ தி3ல்லி இக்கெ தூ3ர்?,madurem rhee dilli ikke door?,மதுரையிலிருந்து டெல்லி எவ்வளவு தொலைவு?,How far is Delhi from Madurai?,travel,corpus_sourashtradictionary
து3தூ3ர்,dudoor,தொலைதூரம்,"Long, Distant, Long distance",து3தூ3ரு ப்ரயாணுக் ஹுடா3ன் மேடு,dudooru prayaaNuk huDaan mETu,தொலைதூர பயணத்திற்கு விமானம் சிறந்தது,Air travel is best for long distance travel,travel,corpus_sourashtradictionary
தெ3ய்டொ3 (தூ3ர்),deyDo (door),மைல்,Mile,பி3ரிட்டனும் அங்கு3 தெ3ய்டா3ம் மொவ்ஜராஸ்,biriTTanum anggu deyDaam movjaraas,பிரிட்டனில் இன்னும் மைலில் அளக்கிறார்கள்,In Britain they still measure in miles,travel,corpus_sourashtradictionary
மைல்,mail,மைல்,Mile,பாஞ்சு மைல் ஆட் கிலோமீட்டருக் ஸமொ,paanjcu mail aaT kilOmeeTTaruk samo,ஐந்து மைல்கள் எட்டு கிலோமீட்டருக்கு சமம்,Five miles equals eight kilometers,travel,corpus_sourashtradictionary
ஜனிஅவ்னி,janiavni,போக்குவரத்து,"Transport, Traffic",ஸொளொபா2ர் 6 கெ4ண்டொ ர்ஹீ 10 கெ4ண்டொ லெந்து ஜனிஅவ்னி வேன் ர்ஹாஸு,soLophaar 6 gheNTo rhee 10 gheNTo lentu janiavni vEn rhaasu,காலை 6 மணி முதல் 10 மணி வரை போக்குவரத்து அதிகமாக இருக்கிறது,Traffic is heaviest between 6 am and 10 am,travel,corpus_sourashtradictionary
ஒஸ்து,ostu,உறவு,Relation,,,,,relation,corpus_sourashtradictionary
ஸொந்த3ம்,sondam,உறவு,Kinship,,,,,relation,corpus_sourashtradictionary
ப3ந்து4,bandhu,உறவினர்,"Kin, Relative",,,,,relation,corpus_sourashtradictionary
பா3ந்த4வு,baandhavu,உறவினர்,"Kin, Relative",,,,,relation,corpus_sourashtradictionary
ஊகு,uuku,உறவினர்,"Kin, Relative",,,,,relation,corpus_sourashtradictionary
ஸொவ்ரொ,sovro,உறவினர்,"Kin, Relative",,,,,relation,corpus_sourashtradictionary
ததி3,tadi,உறவுமுறை,Relationship,,,,,relation,corpus_sourashtradictionary
அம்போ3,ambO,தாய்,"Mother, Mom, Mummy",,,,,relation,corpus_sourashtradictionary
போ3,bO,அப்பா,"Father, Dad, Daddy",,,,,relation,corpus_sourashtradictionary
மாய்,maay,அம்மா,"Mother, Mom, Mummy",,,,,relation,corpus_sourashtradictionary
பா3ப்,baap,தந்தை,"Father, Dad, Daddy",,,,,relation,corpus_sourashtradictionary
மாய்பா3ப்,maaybaap,"பெற்றோர், பெற்றவர்கள்",Parents,,,,,relation,corpus_sourashtradictionary
ஜெனித்தெனொ,jenitteno,பெற்ற தாய்,Birth mother,,,,,relation,corpus_sourashtradictionary
ஜெனாத்தெனு,jenaattenu,"பெற்றோர், பெற்றவர்கள்",Parents,,,,,relation,corpus_sourashtradictionary
அம்ப்3லொ,amblo,கணவர்,Husband,,,,,relation,corpus_sourashtradictionary
த3ல்லொ,dallo,கணவன்,Husband,,,,,relation,corpus_sourashtradictionary
பை3ல்,bail,பெண்,Wife,,,,,relation,corpus_sourashtradictionary
பெ3ய்ல்,beyl,மனைவி,Wife,,,,,relation,corpus_sourashtradictionary
தா3ரா,daaraa,மனைவி,Wife,,,,,relation,corpus_sourashtradictionary
கே4ரளி,ghEraLi,இல்லாள்,Housewife,,,,,relation,corpus_sourashtradictionary
ஸராவளி,saraavaLi,"கணவன் (அ) மனைவி, வாழ்க்கைத் துணை","Husband or Wife, Spouse, Life partner, Companian",,,,,relation,corpus_sourashtradictionary
ஸொவெத்,sovet,"இரண்டாவது மனைவி, சக்களத்தி","Co wife, Concubine",,,,,relation,corpus_sourashtradictionary
பெ3டொ3,beDo,மகன்,Son,,,,,relation,corpus_sourashtradictionary
பொரொ,poro,மகன்,Son,,,,,relation,corpus_sourashtradictionary
வத்லொ,vatlo,மகன்,Son,,,,,relation,corpus_sourashtradictionary
ஸுனு,sunu,மகன்,Son,,,,,relation,corpus_sourashtradictionary
பெ3டி3,beDi,மகள்,Daughter,,,,,relation,corpus_sourashtradictionary
பெ2ய்லட்,pheylaT,"மூத்தமகன், தலைமகன்",Eldest sibiling,,,,,relation,corpus_sourashtradictionary
ம்ஹொடொ3தெனு,mhoDotenu,மூத்தவர்,Elder sibiling,,,,,relation,corpus_sourashtradictionary
ம்ஹஜா2ல்யொ,mhajhaalyo,நடு மகன்,Middle sibiling,,,,,relation,corpus_sourashtradictionary
ந்ஹன்னதெனு,nhannatenu,இளையவர்,Younger sibiling,,,,,relation,corpus_sourashtradictionary
ஸந்தோஜி,santOji,உடன் பிறந்தவர்,Co-born,,,,,relation,corpus_sourashtradictionary
"தா3, த3தா3","daa, dadaa",அண்ணா,"Bro, Brother",,,,,relation,corpus_sourashtradictionary
த3தொ3,dado,அண்ணன்,Elder Brother,,,,,relation,corpus_sourashtradictionary
ப4வி,bhavi,அண்ணி,"Sister-in-law, Elder Brothers wife",,,,,relation,corpus_sourashtradictionary
ந்ஹன் ப4ய்,nhan bhay,"தம்பி, இளைய சகோதரர்",Younger brother,,,,,relation,corpus_sourashtradictionary
ப4ய்,bhay,"தம்பி, இளைய சகோதரர்",Younger brother,,,,,relation,corpus_sourashtradictionary
பொ4ஜை,bhojai,தம்பி மனைவி,"Sister-in-law, Younger brother's wife",,,,,relation,corpus_sourashtradictionary
பெ3ய்,bey,அக்கா,Elder Sister,,,,,relation,corpus_sourashtradictionary
ப4வொ,bhavo,அக்கா கணவர்,"Brother-in-law, Elder Sister's husband",,,,,relation,corpus_sourashtradictionary
ந்ஹன் பெ4ய்ன்,nhan bheyn,"தங்கை, இளைய சகோதரி",Younger sister,,,,,relation,corpus_sourashtradictionary
பெ4ய்ன்,bheyn,"தங்கை, இளைய சகோதரி",Younger Sister,,,,,relation,corpus_sourashtradictionary
பெ4ய்னம்பு3லொ,bheynambuleaa,தங்கை கணவர்,"Brother-in-law, Younger Sister's husband",,,,,relation,corpus_sourashtradictionary
ந்ஹன்னபோ3,nhannabO,சித்தப்பா,"Uncle, Father's Younger Brother",,,,,relation,corpus_sourashtradictionary
ந்ஹன்னம்போ3,nhannambO,சின்னம்மா,"Aunty, Father's Younger Brother's wife",,,,,relation,corpus_sourashtradictionary
ககா,kakaa,சித்தப்பா,"Uncle, Father's Younger Brother",,,,,relation,corpus_sourashtradictionary
ககி,kaki,சித்தி,"Aunty, Father's Younger Brother's wife",,,,,relation,corpus_sourashtradictionary
ம்ஹொட்டபோ3,mhoTTabO,பெரியப்பா,"Uncle, Father's Elder Brother",,,,,relation,corpus_sourashtradictionary
ம்ஹொட்டம்போ3,mhoTTambO,பெரியம்மா,"Aunty, Father's Elder Brother's wife",,,,,relation,corpus_sourashtradictionary
பூ2ய்ஞ்,phooynj,அத்தை,"Aunt, Aunty, Father's sister",,,,,relation,corpus_sourashtradictionary
பு2வொ (பூ2ய்ஞ் அம்பு3லொ),phuvo (phooynj ambulo),அத்தை கணவர்,Father's sister' husband,,,,,relation,corpus_sourashtradictionary
மமொ,mameaa,மாமா,"Uncle, Mother's brother",,,,,relation,corpus_sourashtradictionary
மமி,mami,மாமா,"Uncle, Mother's brother' wife",,,,,relation,corpus_sourashtradictionary
மௌஸொ,mauso,சித்தப்பா,"Uncle, Mother's Sister's husband",,,,,relation,corpus_sourashtradictionary
மௌஸி,mausi,சித்தி,"Aunty, Mother's Sister",,,,,relation,corpus_sourashtradictionary
ந்ஹன்னபா3 பெ3டொ3,nhannabaa beDo,சித்தப்பா மகன்,Cousin,,,,,relation,corpus_sourashtradictionary
ந்ஹன்னபா3 பெ3டி3,nhannabaa beDi,சித்தப்பா மகள்,Cousin,,,,,relation,corpus_sourashtradictionary
ம்ஹொட்டபா3 பெ3டொ3,mhoTTabaa beDo,பெரியப்பா மகன்,Cousin,,,,,relation,corpus_sourashtradictionary
ம்ஹொட்டபா3 பெ3டி3,mhoTTabaa beDi,பெரியப்பா மகள்,Cousin,,,,,relation,corpus_sourashtradictionary
பூ2ய்ஞ் பெ3டொ3,phooynj beTeaa,அத்தை மகன்,Cousin,,,,,relation,corpus_sourashtradictionary
பூ2ய்ஞ் பெ3டி3,phooynj beDi,அத்தை மகள்,Cousin,,,,,relation,corpus_sourashtradictionary
மமா பெ3டொ3,mamaa beTeaa,மாமா மகன்,Cousin,,,,,relation,corpus_sourashtradictionary
மமா பெ3டி3,mamaa beDi,மாமா மகள்,Cousin,,,,,relation,corpus_sourashtradictionary
மௌஸி பெ3டொ3,mausi beTeaa,சித்தி மகன்,Cousin,,,,,relation,corpus_sourashtradictionary
மௌஸி பெ3டி3,mausi beDi,சித்தி மகள்,Cousin,,,,,relation,corpus_sourashtradictionary
தெ3வர்,devar,கொழுந்தன்,"Brother-in-law, Husband's younger brother",,,,,relation,corpus_sourashtradictionary
தெவ்ரணி,tevraNi,"இளையவர் மனைவி, , ஓரகத்தி","Co-Sister, Husband's younger brother's wife",,,,,relation,corpus_sourashtradictionary
ஜே3ட்,jET,மூத்தார்,"Brother-in-law, Husband's elder brother",,,,,relation,corpus_sourashtradictionary
ஜெ2ட3னி,jheDani,"மூத்தார் மனைவி, ஓரகத்தி","Co-Sister, Husband's elder brother's wife",,,,,relation,corpus_sourashtradictionary
ஸளொ,saLo,மைத்துனன்,"Brother-in-law, Wife's brother",,,,,relation,corpus_sourashtradictionary
ஸளி,saLi,மைத்துனி,"Sister-in-law, Wife's sister",,,,,relation,corpus_sourashtradictionary
ஸொர்கு3ட்,sorguT,சகலை,"Co-Brother, Wife's sister's husband",,,,,relation,corpus_sourashtradictionary
நெய்ந்து3,neyndu,நாத்தனார்,"Sister-in-law, Husband's younger sister",,,,,relation,corpus_sourashtradictionary
நெனந்து,nenantu,நாத்தனார்,"Sister-in-law, Husband's younger sister",,,,,relation,corpus_sourashtradictionary
ஜெ3ட2னி,jeThani,கணவனின் அக்கா,"Sister-in-law, Husband's elder sister",,,,,relation,corpus_sourashtradictionary
தொ3வ்ரோ,dovrO,கிழவன்,Old man,,,,,relation,corpus_sourashtradictionary
தொ3வ்ரி,dovri,கிழவி,Old woman,,,,,relation,corpus_sourashtradictionary
ஐனு,ainu,பாட்டிவழி,Grandmaternal,,,,,relation,corpus_sourashtradictionary
ஐங்கே4ர்,aingghEr,பாட்டிவீடு,Grandmother's house,,,,,relation,corpus_sourashtradictionary
அஜ்ஜாங்கே4ர்,ajjaangghEr,பாட்டி வீடு,Grandmother house,,,,,relation,corpus_sourashtradictionary
ம்ஹொட்டொ அஜ்ஜாங்கே4ர்,mhoTTo ajjaangghEr,அம்மாவின் பாட்டி வீடு,Mother's grandmother house,,,,,relation,corpus_sourashtradictionary
தொ3ய்ரபோ3,doyrabO,தாத்தா (அப்பா வழி),Grandfather (Paternal),,,,,relation,corpus_sourashtradictionary
தொ3ய்ரம்போ3,doyrambO,பாட்டி (அப்பா வழி),Grandmother (Paternal),,,,,relation,corpus_sourashtradictionary
அஜ்ஜபோ3,ajjabO,தாத்தா (அம்மா வழி),Grandfather (Maternal),,,,,relation,corpus_sourashtradictionary
அஜ்ஜம்போ3,ajjambO,பாட்டி (அம்மா வழி),Grandmother (Maternal),,,,,relation,corpus_sourashtradictionary
அஜ்ஜொ,ajjo,தாத்தா (அம்மா வழி),Grandfather (Maternal),,,,,relation,corpus_sourashtradictionary
அஜ்ஜி,ajji,பாட்டி (அம்மா வழி),Grandmother (Maternal),,,,,relation,corpus_sourashtradictionary
ஐங்கே4ர்அம்போ3,aingghErambO,பாட்டி,"Grandmother, Grandma",,,,,relation,corpus_sourashtradictionary
ஐங்கே4ர்போ3,aingghErbO,தாத்தா,"Grandfather, Grandad",,,,,relation,corpus_sourashtradictionary
அம்மொ,ammo,அப்பாவின் அம்மா,"Grandmother, Grandma",,,,,relation,corpus_sourashtradictionary
ஐய்யொ,aiyyo,அப்பாவின் அப்பா,"Grandfather, Grandad",,,,,relation,corpus_sourashtradictionary
வெஸிந்தி3ன்,vesindin,சம்பந்தி,Parent-in-law,,,,,relation,corpus_sourashtradictionary
ஸஸு,sasu,மாமியார்,Mother-in-law,,,,,relation,corpus_sourashtradictionary
ஸொஸுரோ,sosurO,மாமனார்,Father-in-Law,,,,,relation,corpus_sourashtradictionary
ஜொமை,jomai,மருமகன்,Son-in-law,,,,,relation,corpus_sourashtradictionary
பொ4வ்ண்டி3,bhovNDi,மருமகள்,Daughter-in-law,,,,,relation,corpus_sourashtradictionary
நத்தெ,natte,பேரன்,Grand Son,,,,,relation,corpus_sourashtradictionary
நதினி,natini,பேத்தி,Grand Daughter,,,,,relation,corpus_sourashtradictionary
பொன்னத்தெ,ponnatte,கொள்ளுப்பேரன்,Grand Grand Son,,,,,relation,corpus_sourashtradictionary
பொன்னதினி,ponnatini,கொள்ளுப்பேத்தி,Grand Grand Daughter,,,,,relation,corpus_sourashtradictionary
பரிவார்,parivaar,குடும்பம்,Family,,,,,relation,corpus_sourashtradictionary
ஸம்ஸாரு,samsaaru,குடும்பம்,Family,,,,,relation,corpus_sourashtradictionary
த3ம்பதி,dampati,கணவன் மனைவி,"Husband and Wife, Couple",,,,,relation,corpus_sourashtradictionary
பொஸுனொ,posuno,தத்து,Adoption,,,,,relation,corpus_sourashtradictionary
தி3யதி3,diyadi,பங்காளி,"Cousin, Cognate",,,,,relation,corpus_sourashtradictionary
ஸெஜ்ஜெபொஜ்ஜெ,sejjepojje,அக்கம்பக்கத்தவர்,Neighbour,,,,,relation,corpus_sourashtradictionary
ஜாத்,jaat,இனம்,Caste,,,,,relation,corpus_sourashtradictionary
கோ3த்ரு,gOtru,கோத்திரம்,Origin / Lineage Name,,,,,relation,corpus_sourashtradictionary
"குலொ, ஜாத்","kulo, jaat",இனம்,Race,,,,,relation,corpus_sourashtradictionary
தோ2ர்,thOr,தலைமுறை,Generation,,,,,relation,corpus_sourashtradictionary
பரம்பரொ,paramparo,பாரம்பரியம்,"Heritage, Legacy",,,,,relation,corpus_sourashtradictionary
"வங்கு3ஸ், வம்ஶொ","vanggus, vamsso",பரம்பரை,Ancestry,,,,,relation,corpus_sourashtradictionary
வம்ஶிகொ,vamssiko,"மரபு வழி, பரம்பரை வழி","Hereditary, Genetic",,,,,relation,corpus_sourashtradictionary
வம்ஶிகாணு,vamssikaaNu,மரபணு,Gene,,,,,relation,corpus_sourashtradictionary
வம்ஶிகாஸ்தி,vamssikaasti,"வழிவழிச் சொத்து, பரம்பரை உடைமை","Inheritance, Legacy",,,,,relation,corpus_sourashtradictionary
வாரிஸ்,vaaris,வாரிசு,Heir,,,,,relation,corpus_sourashtradictionary
லக3ன் தெ3ஸன்,lagan desan,நெருங்க விடுதல்,Allowing to get closer,,,,,relation,corpus_sourashtradictionary
அண்டு3னு,aNDunu,சூல்கள்,Ovules,பராக3ணாக் ப2ராது அண்டு3 பீ3க்கன் ஹோஸு,paraagaNaak pharaatu aNDu beekkan hOsu,மகரந்தச் சேர்க்கைக்குப் பிறகு சூல் விதையாக உருவாகிறது,Ovule develops into seed after pollination,fruits,corpus_sourashtradictionary
சூளுநாளு,cooLunaaLu,சூல் தண்டு,Ovule stalk,சூளுநாளு கொனாம் பூ2ல் பு2லஸு,cooLunaaLu konaam phool phulasu,சூல் தண்டின் முனையில் பூ பூக்கிறது,The flower blooms at the end of the stalk,fruits,corpus_sourashtradictionary
ஜீவணு,jeevaNu,மகரந்தம்,Pollen,த3ல்லா பூ2ல் ஜீவணுக் ப4ராட் ஸொட3ஸு,dallaa phool jeevaNuk bharaaT soDasu,ஆண் பூக்கள் மகரந்தத்தை வெளியிடுகின்றன,Male flowers release pollen,fruits,corpus_sourashtradictionary
பராக3ணொ,paraagaNo,மகரந்தச் சேர்க்கை,Pollination,மை ம்ஹகி2 பராக3ணாக் ஸஹாவ் கெரஸு,mai mhakhi paraagaNaak sahaav kerasu,தேனீக்கள் மகரந்தச் சேர்க்கைக்கு உதவுகின்றன,Honey bees help in pollination,fruits,corpus_sourashtradictionary
பிந்தொ3,pindo,பிஞ்சு,Tender fruit,வள்கா பிந்தொ3 ருசிகன் ர்ஹாயி,vaLkaa pindo rucikan rhaayi,வெள்ளரிகாய் பிஞ்சு சுவையாக இருக்கும்,Tender cucumber is very tasty,fruits,corpus_sourashtradictionary
கொம்ப்3ளொ,kombLo,இளசு,Tender leaf,நாய்ப்பான் வேன் கொம்ப்3ளொ ஸே,naayppaan vEn kombLo sE,வெற்றிலை மிகவும் இளசாக உள்ளது,Betel leaves are very tender,fruits,corpus_sourashtradictionary
கய்லோ,kaylO,காய்,Unripe,இம்ப்3ளொ அங்கு3 கய்லொகன் ஸே,imbLo anggu kaylokan sE,கொய்யாப்பழம் இன்னும் காயாக உள்ளது,The guava fruit is still unripe,fruits,corpus_sourashtradictionary
கச்செ,kacce,"பச்சையான, பழுக்காத",Green or Unripe,கச்செ மிர்க்கைலொ திக்கெ வேன் ர்ஹாயி,kacce mirkkailo tikke vEn rhaayi,பச்சை மிளகாய் காரம் அதிகம் இருக்கும்,Green chillies are very spicy,fruits,corpus_sourashtradictionary
பிக்கெ,pikke,பழுத்த,Ripe,பிக்கெ பொள்ளள்னு கு3ல்லெகன் ர்ஹாயி,pikke poLLaLnu gullekan rhaayi,பழுத்த பழங்கள் இனிப்பாக இருக்கும்,Ripe fruits are sweet,fruits,corpus_sourashtradictionary
பொள்ளொ,poLLo,பழம்,Fruit,ஹுனளாம் ஜு2கு3 பொள்ளான் அப்3ப3யி,hunaLaam jhugu poLLaan abbayi,கோடையில் நிறைய பழங்கள் கிடைக்கும்,A lot of fruits are available in summer,fruits,corpus_sourashtradictionary
தொவ்டொ3,tovDo,பழத்தோல்,Peel,ஒஜனான் பொள்ளாம்பா3 தொவ்டா3க் கா2ஸுன்,ojanaan poLLaambaa tovDaak khaasun,சிலர் மாம்பழத்தோலை சாப்பிடுவார்கள்,Some eat mango peel,fruits,corpus_sourashtradictionary
எல்லிர்,ellir,இளநீர்,Tender Coconut,எல்லிர் ஆங்கு3 ஹுன்னாக் க2ட3யி,ellir aanggu hunnaak khaDayi,இளநீர் உடல் சூட்டை குறைக்கும்,Tender Coconut reduces stomach heat,fruits,corpus_sourashtradictionary
கௌனல்,kaunal,பச்சை இளநீர்,Green tender coconut,கௌனல் ஸோக் அண்சயி,kaunal sOk aNcayi,பச்சை இளநீர் தாகத்தை தணிக்கும்,Green tender coconut quenches thirst,fruits,corpus_sourashtradictionary
ஸௌனல்,saunal,முதிர்ந்த இளநீர்,Mature tender coconut,ஸௌனல் ஆங்கு3க் சொக்கடு3,saunal aangguk cokkaDu,சிவப்பு இளநீர் உடலுக்கு மிகவும் நல்லது,Mature tender coconut is better for the body,fruits,corpus_sourashtradictionary
நரெள்,nareL,தேங்காய்,Coconut,நரெள் ஹட்கானுக் பொ3லம் கெரயி,nareL haTkaanuk bolam kerayi,தேங்காய் எலும்புகளை பலப்படுத்தும்,Coconut strengthens bones,fruits,corpus_sourashtradictionary
கெளொ,keLo,வாழைப்பழம்,"Banana, Ripe Plantain",கெளொ தெ3ள்கொ பொட3த்தக் ஸஹாவ் கெரஸு,keLo deLko poDattak sahaav kerasu,வாழைப்பழம் எடை அதிகரிக்க உதவுகிறது,Banana helps in weight gain,fruits,corpus_sourashtradictionary
கச்சம்பொ3,kaccambo,மாங்காய்,Mango,கச்சம்பொ3 வேன் க2யெத் போட் து3க்காயி,kaccambo vEn khayet pOT dukkaayi,மாங்காய் அதிகம் சாப்பிட்டால் வயிறு வலிக்கும்,Eating too much mango will cause stomach ache,fruits,corpus_sourashtradictionary
பொள்ளாம்பொ3,poLLaambo,மாம்பழம்,Ripe Mango,பொள்ளாம்பொ3 பா4ரது ராஷ்ட்ரீயொ பொள்ளொ,poLLaambo bhaaratu raashTreeyo poLLo,மாம்பழம் இந்தியாவின் தேசிய பழம்,Mango is the national fruit of India,fruits,corpus_sourashtradictionary
பெ3ஸமு,besamu,பழத்தின் சதைப்பகுதி,Fleshy part of the fruit,பெ3ஸம் கொ2ப்3பி3ம் கு3ள்ளெகன் ர்ஹாயி,besam khobbim guLLekan rhaayi,பழத்தின் சதைப்பகுதி எப்போதும் இனிப்பாக இருக்கும்,The fleshy part of the fruit is always sweet,fruits,corpus_sourashtradictionary
கீத்,keet,"சுளை, பழத்துண்டு",Slice of a fruit,பிள்ளல்னுக் கச்சம்பா3 கீத் ஒப்பாயி,piLLalnuk kaccambaa keet oppaayi,குழந்தைகளுக்கு மாம்பழத் துண்டு பிடிக்கும்,Kids like mango slice,fruits,corpus_sourashtradictionary
பொ2ன்னிஸு பொள்ளொ,phonnisu poLLo,பலாப்பழம்,Jackfruit,மை ருசி பொ2ன்னிஸு பொள்ளா விஶேஷணொ,mai ruci phonnisu poLLaa vissEshaNo,தேன் சுவை பலாப்பழத்தின் சிறப்பு,Honey flavor is the specialty of jackfruit,fruits,corpus_sourashtradictionary
கிச்2சி2ர்,kichchir,ஆரஞ்சு,Orange,கிச்2சி2ர் விட்டமின் - சி தே3ஸு,kichchir viTTamin - ci dEsu,ஒரு ஆரஞ்சு வைட்டமின் சி அளிக்கிறது,An orange provides vitamin C,fruits,corpus_sourashtradictionary
தி3ராக்ஷெ,diraakshe,திராட்சை,Grape,தி3ராக்ஷென் கு3சொ கு3சொகன் ஹொட3யி,diraakshen guco gucokan hoDayi,திராட்சைகள் கொத்து கொத்தாக வளரும்,Grapes grow in bunches,fruits,corpus_sourashtradictionary
த3க்கு,dakku,"கொடிமுந்திரி, திராட்சைப்பழம்",Grape,த3க்கு ரெஸ்ஸு மொதொ3 தே3யி,dakku ressu modo dEyi,திராட்சை ரசம் போதை தரும்,Grape juice is intoxicating,fruits,corpus_sourashtradictionary
ஸீதல்பொள்ளொ,seetalpoLLo,சீதாப்பழம்,"Custard Apple, Sugar-apple",ஸீதல்பொள்ளொ ஜீர்ணுக் பி4ள்ளொ கெரஸு,seetalpoLLo jeerNuk bhiLLo kerasu,சீதாப்பழம் செரிமானத்தை மேம்படுத்துகிறது,Sugar-apple improves digestion,fruits,corpus_sourashtradictionary
த4னிம் பொள்ளொ,dhanim poLLo,மாதுளம்பழம்,Pomegranate,த4னிம் பொள்ளொ ரெகது3 கி3ண்ணிக் வேன் கெரஸு,dhanim poLLo rekadu giNNik vEn kerasu,மாதுளை இரத்த எண்ணிக்கையை அதிகரிக்கிறது,Pomegranate increases blood count,fruits,corpus_sourashtradictionary
த3ளிம் பொள்ளொ,daLim poLLo,மாதுளம்பழம்,Pomegranate,த3ளிம் பொள்ளொ ரெகது3க்ஷயமுக் சொக்கடு3,daLim poLLo rekadukshayamuk cokkaDu,மாதுளை இரத்த சோகைக்கு நல்லது,Pomegranate is good for anemia,fruits,corpus_sourashtradictionary
த3ணிங்கைலொ,daNingkailo,மாதுளங்காய்,Unripe Pomegranate,த3ணிங்கைலா பி3ஜ்ஜட் கை2ராஸ்யா?,daNingkailaa bijjaT khairaasyaa?,மாதுளங்காய் ஊறுகாய் சாப்பிட்டதுண்டா?,Have you eaten Pomegranate Pickles?,fruits,corpus_sourashtradictionary
சி2க்கொ,chikko,சப்போட்டா,"Sapodilla, Chikoo fruit",சி2க்கொ கெண்டா3க் புஷ்டி கெரஸு,chikko keNDaak pushTi kerasu,சப்போட்டா சருமத்திற்கு ஊட்டமளிக்கிறது,Sapodilla nourishes the skin,fruits,corpus_sourashtradictionary
கி4ராஸு பொள்ளொ,ghiraasu poLLo,அன்னாசிப்பழம்,Pineapple,கி4ராஸு பொள்ளொ கு3ண்டெ3ன் து3ன்னொ அவ்னாத்தக் கப3ட3ஸு,ghiraasu poLLo guNDen dunneaa avnaattak kabaDasu,அன்னாசிப்பழம் மாரடைப்பு வராமல் பாதுகாக்கிறது,Pineapple protects against heart attacks,fruits,corpus_sourashtradictionary
ஜா2டு3 பொள்ளொ,jhaaDu poLLo,அன்னாசிப்பழம்,Pineapple,ஜா2டு3 பொள்ளா ருசி அம்ப3ட் கு3ள்ளெகன் ர்ஹாயி,jhaaDu poLLaa ruci ambaT guLLekan rhaayi,அன்னாசிப்பழத்தின் சுவை புளிப்பு இனிப்பாக இருக்கும்,The taste of pineapple is sour and sweet,fruits,corpus_sourashtradictionary
ல்ஹொவொ பொள்ளொ,lhovo poLLo,ஆப்பிள்,Apple,நிச்சு ஒண்ட ல்ஹொவொ பொள்ளொ க2யெத் ஒய்து3க் து3தூ3ர் தொ2வாய்,niccu oNTa lhovo poLLo khayet oyduk dudoor thovaay,ஒரு நாளைக்கு ஒரு ஆப்பிள் சாப்பிட்டால் மருத்துவரைத் தள்ளி வைக்கலாம்,An apple a day can keep the doctor away,fruits,corpus_sourashtradictionary
கொய்யாபொள்ளொ,koyyaapoLLo,கொய்யாபழம்,Guaua,"கொய்யாபொள்ளாம் ல்ஹொவொ, ஹுஜால் மெனி தீ3 ப்ரகார்னு ஸே","koyyaapoLLaam lhovo, hujaal meni dee prakaarnu sE","கொய்யாப் பழத்தில் சிவப்பு, வெள்ளை என இரண்டு வகைகள் உள்ளன","There are two varieties of guava fruit, red and white",fruits,corpus_sourashtradictionary
இம்ப்3ளொ,imbLo,கொய்யாப்பழம்,Guaua,இம்ப்3ளொ மல ப4ந்தி3னிக் திர்ச்சயி,imbLo mala bhandinik tirccayi,கொய்யாப்பழம் மலச்சிக்கலைத் தீர்க்கும்,Guava helps relieve constipation,fruits,corpus_sourashtradictionary
பியரி பொள்ளொ,piyari poLLo,பேரிக்காய்,Pear,ஒர்ஸும் தீ3 ம்ஹடொ3 ஒண்டேஸ் பியரி பொள்ளொ அப்3ப3யி,orsum dee mhaDo oNTEs piyari poLLo abbayi,வருடத்தில் இரண்டு மாதங்கள் மட்டுமே பேரிக்காய் கிடைக்கும்,Pears are available only two months of the year,fruits,corpus_sourashtradictionary
போ4ரு பொள்ளொ,bhOru poLLo,இலந்தைப்பழம்,"Jujube, Red date",போ4ரு பொள்ளொ ஆங்கு3க் ஸில்லொ கெரயி,bhOru poLLo aangguk sillo kerayi,இலந்தைப்பழம் உடலை குளிர்ச்சியாக்கும்,Jujube cools the body,fruits,corpus_sourashtradictionary
ஜெம்பு3 பொள்ளொ,jembu poLLo,நாவற்பழம்,Blackberry,ஜெம்பு3 பொள்ளொ களொநிளா வனிம் ர்ஹாயி,jembu poLLo kaLoniLaa vanim rhaayi,நாவற்பழம் கருநீல நிறமுடையதாக இருக்கும்,The Blackberry is dark blue in color,fruits,corpus_sourashtradictionary
லிமுஸு பொள்ளொ,limusu poLLo,கொடுக்காப்புளி,Madras Thorn,லிமுஸு பொள்ளொ க2யெத் தோன் வஸுஞ்சயி,limusu poLLo khayet tOn vasunjcayi,கொடுக்காப்புளி சாப்பிட்டால் வாய் துர்நாற்றம் அடிக்கும்,Mouth stinks if you eat madras thorn,fruits,corpus_sourashtradictionary
லிம்பு3 பொள்ளோ,limbu poLLO,எலுமிச்சம்பழம்,Lemon,லிம்பு3 பி3ஜ்ஜட் அஸ்கி கொ4ம்மானும் ர்ஹாயி,limbu bijjaT aski ghommaanum rhaayi,எலுமிச்சை ஊறுகாய் எல்லா வீட்டிலும் இருக்கும்,Lemon pickle is available in every home,fruits,corpus_sourashtradictionary
கொவுட்டு பொள்ளொ,kovuTTu poLLo,விளாம்பழம்,Wood-apple,வினாயிக் கொவுட்டு பொள்ளொ தொ2வி மட3னு,vinaayik kovuTTu poLLo thovi maDanu,விநாயக சதுர்த்தியை விளாம்பழம் வைத்து கொண்டாடுவார்கள்,Vinayaka Chaturthi is celebrated with wood-apple,fruits,corpus_sourashtradictionary
ஸும்புடு3 பொள்ளொ,sumpuDu poLLo,"மூக்குசளி பழம், நறுவிலி","Assyrian plum, Cordia myxa",ஸும்புடு3 பொள்ளொ நீமு பொள்ளொ ஸொகன் ர்ஹாயி,sumpuDu poLLo neemu poLLo sokan rhaayi,மூக்குசளி பழம் பார்ப்பதற்கு வேப்பம் பழம் போல் இருக்கும்,Assyrian plum looks like neem fruit,fruits,corpus_sourashtradictionary
கோ2ஜா,khOjaa,தர்பூசணி,Watermelon,கோ2ஜாம் பனி போஷணொ ஜு2க்கு ஸே,khOjaam pani pOshaNo jhukku sE,தர்பூசணியில் நீர்ச்சத்து மிக அதிகம் உள்ளது,Watermelon has a very high water content,fruits,corpus_sourashtradictionary
உம்ப்3ளொ,umbLo,அத்திப்பழம்,Fig,உம்ப்3ளொ ஆங்கு3க் புஷ்டி கெரஸு,umbLo aangguk pushTi kerasu,அத்திப்பழம் உடலுக்கு ஊட்டமளிக்கிறது,Figs nourish the body,fruits,corpus_sourashtradictionary
"உம், உம்ப3னொ","um, umbano",அத்தி,Fig,உம்ப3னொ கு3ண்டெ3க் பொ3லம் கெரயி,umbano guNDek bolam kerayi,அத்திப்பழம் இதயத்தை பலப்படுத்தும்,Figs strengthen the heart,fruits,corpus_sourashtradictionary
பீ4ஸு,bheesu,சிற்றீச்சம்பழம்,Black dates,பீ4ஸு தா3து3 க்ஷயமு ர்ஹீ கப3ட3ஸு,bheesu daadu kshayamu rhee kabaDasu,சிற்றீச்சம்பழம் பல் சிதைவிலிருந்து பாதுகாக்கிறது,Black dates protect teeth against decay,fruits,corpus_sourashtradictionary
பெச்சம் பொள்ளொ,peccam poLLo,பேரீச்சம்பழம்,"Date fruit, Dates",பெச்சம் பொள்ளாம் ல்ஹொணு போஷணொ ஸே,peccam poLLaam lhoNu pOshaNo sE,பேரிச்சம் பழத்தில் இரும்புச்சத்து அதிகம்,Date fruit is rich in iron,fruits,corpus_sourashtradictionary
"க2ஸுலா பொள்ளொ, க2ஸ்லொ","khasulaa poLLo, khaslo",பேரீச்சம்பழம்,"Date fruit, Dates",அரபு3 தே3ஶும் க2ஸ்லொ ஜு2க்கு பிக்கஸு,arabu dEssum khaslo jhukku pikkasu,அரபு நாடுகளில் பேரிச்சம்பழம் அதிகம் விளைகிறது,Dates are widely grown in Arab countries,fruits,corpus_sourashtradictionary
கீ2ஸ்,khees,பேரீச்சம்பழம்,"Date fruit, Dates",கீ2ஸ் க2யிகின் ஓக3த் முஸட3த்தெ ப3ரொ,khees khayikin Ogat musaDatte baro,பேரீச்சம்பழம் சாப்பிட்டு விரதத்தை முடிப்பது நல்லது,It is good to end the fast by eating dates,fruits,corpus_sourashtradictionary
கீ4ஸ்,ghees,பேரீச்சம்பழம்,"Date fruit, Dates",கீ4ஸுக் மைம் பி3ஜ்ஜடி3 க2வாயி,gheesuk maim bijjaDi khavaayi,பேரீச்சம்பழத்தை தேனில் ஊறவைத்து சாப்பிடலாம்,Dates can be soaked in honey and eaten,fruits,corpus_sourashtradictionary
க2ஜ்ஜுர்,khajjur,பேரீச்சம்பழம்,"Date fruit, Dates",க2ஜ்ஜுரும் ர்ஹீ ஹல்வா கெருவாயி,khajjurum rhee halvaa keruvaayi,பேரிச்சம் பழத்தில் அல்வா செய்யலாம்,Halva can be made from dates,fruits,corpus_sourashtradictionary
துங்க,tungka,நுங்கு,"Tender Palmyra fruit, Ice apple",போடு3க் ஸில்லொ கெரத்தெமாம் துங்க ஸிரேஶ்டு,pODuk sillo kerattemaam tungka sirEssTu,வயிற்றுக்கு குளிர்ச்சி தருவதில் நுங்கு சிறந்தது,Tender Palmyra fruit is the best in cooling the stomach,fruits,corpus_sourashtradictionary
தும்ப2ல்,tumphal,பனம்பழம்,Palmyra fruit,தும்ப2ல் தாக் தாக்கன் ர்ஹாயி,tumphal taak taakkan rhaayi,பனம்பழம் நார் நாராக இருக்கும்,Palmyra fruit is highly fibrous,fruits,corpus_sourashtradictionary
தாடி3 கெளங்கு,taaDi keLangku,பனங்கிழங்கு,Palmyra tuber,தாடி3 கெளங்குகுக் ஸுவ்ஜிகின் கா2னு,taaDi keLangkukuk suvjikin khaanu,பனங்கிழங்கை வேகவைத்து சாப்பிடுவார்கள்,Palmyra tuber is boiled and eaten,fruits,corpus_sourashtradictionary
தாடி3 பு3ள்ளொ,taaDi buLLo,பனங்கிழங்கு,Palmyra tuber,தாடி3 பு3ள்ளொ க2யெத் போட்பு2கி3 ஹிம்ஸொ அவயி,taaDi buLLo khayet pOTphugi himso avayi,பனங்கிழங்கு சாப்பிட்டால் வாயுத்தொல்லை ஏற்படும்,Eating palmyra tuber can cause flatulence,fruits,corpus_sourashtradictionary
