sourashtra_word,hindi_pronunciation,tamil_pronunciation,roman_readable,havard-kyoto,iast,ipa,meaning_english,meaning_tamil,category,source
ꢂꢒꢬꢵꢡꢶ,अकराति,அகராதி,akaraati,akarAti,akarāti,əkəɾɑːt̪ɪ,dictionary,அகரமுதலி / அகராதி,Education,words
ꢥꢶꢒꢠ꣄ꢜꢸ,निकण्टु,நிகண்டு,nikant'u,nikaNTu,nikaṇṭu,n̪ɪkəɳʈu,dictionary,அகரமுதலி / அகராதி,Education,words
ꢒꣂꢰ꣄,कोष,கோஷ்,kosh,koS,koṣ,koːʂ,dictionary,அகரமுதலி / அகராதி,Education,words
ꢂꢤ꣄ꢫꢵꢫ꣄,अध्याय,அத்4யாய்,adhyaay,adhyAy,adhyāy,əd̪ʰjɑːj,chapter,அத்தியாயம்,Education,words
ꢮꢶꢣꢿꢯꢸ ꢩꢵꢰꣁ,विदेशु भाषा॑,விதே3ஶு பா4ஷொ,videshu bhaasho',videzu bhASO,videśu bhāṣŏ,ʋɪd̪eːʃu bʰɑːʂo,foreign language,அயல்மொழி,Education,words
ꢬꢵꢙꢥꢷꢡꢶ,राजनीति,ராஜநீதி,raajaneeti,rAjanIti,rājanīti,ɾɑːd͡ʒən̪iːt̪ɪ,politics,அரசியல்,Education,words
ꢬꢵꢙꢥꢷꢡꢶ ꢱꢵꢱ꣄ꢡ꣄ꢬꢸ,राजनीति सास्त्रु,ராஜநீதி ஸாஸ்த்ரு,raajaneeti saastru,rAjanIti sAstru,rājanīti sāstru,ɾɑːd͡ʒən̪iːt̪ɪ s̪ɑːs̪t̪ɾu,political science,அரசியலியல்,Education,words
ꢬꢵꢙꢥꢷꢡꢶ ꢛꢵꢥ꣄,राजनीति ञान्,ராஜநீதி ஞான்,raajaneeti nyaan,rAjanIti JAn,rājanīti ñān,ɾɑːd͡ʒən̪iːt̪ɪ ɲɑːn̪,political science,அரசியலியல்,Education,words
ꢒꢵꢬ꣄ꢫꢵꢭꢫꣁ,कार्यलया॑,கார்யாலயொ,kaaryaalayo',kAryAlayO,kāryālayŏ,kɑːɾjɑːləjo,office,அலுவலகம்,Education,words
ꢱꢣꢸꢰ꣄ꢜꢪ꣄,सदुष्टम्,ஸது3ஷ்டம்,sadusht'am,saduSTam,saduṣṭam,s̪əd̪uʂʈəm,clue,அறிகுறி,Education,words
ꢱꢾꢔꢸꢠ,स॑गुन,ஸெகு3ன்,se'guna,sEguNa,sĕguṇa,s̪eguɳə,clue,அறிகுறி,Education,words
꣄ ꢱꢹꢱꢥꣁ,सूचना॑,ஸூசனொ,soosano',sUsanO,sūsanŏ,s̪uːs̪ən̪o,clue,அறிகுறி,Education,words
ꢮꢶꢔ꣄ꢛꢵꢥ꣄,विगञान्,விக்3ஞான்,vignjaan,vigJAn,vigñān,ʋɪgɲɑːn̪,science,அறிவியல்,Education,words
ꢮꢣ꣄ꢣꢶ,वद्दि,வத்3தி3,vaddi,vaddi,vaddi,ʋəd̪d̪ɪ,teacher,ஆசிரியர்,Education,words
ꢏꢣ꣄ꢣꢶ,आ॑द्दि,ஒத்3தி3,o'ddi,Oddi,ŏddi,od̪d̪ɪ,teacher,ஆசிரியர்,Education,words
ꢏꢬ꣄ꢱꢸꢦꢬꢶꢰꢾ,आ॑र्सुपरिक्षो,ஒர்ஸுபரிக்ஷொ,o'rsuparishe',OrsupariSE,ŏrsupariṣĕ,oɾs̪upəɾɪʂe,annual examination,ஆண்டுத் தேர்வு,Education,words
ꢮꢵꢬ꣄ꢯꢶꢒ ꢦꢬꢶꢒ꣄ꢰꣁ,वार्षिक परिक्षो,வார்ஷிக பரிக்ஷொ,vaarshika pariksho',vArzika parikSO,vārśika parikṣŏ,ʋɑːɾʃɪkə pəɾɪkʂo,annual examination,ஆண்டுத் தேர்வு,Education,words
ꢏꢬ꣄ꢱꢸꢮꣀꢩꢮ꣄,आ॑र्सुवैभव्,ஒர்ஸுவைப4வ்,o'rsuvaibhav,Orsuvaibhav,ŏrsuvaibhav,oɾs̪uʋəɪbʰəʋ,annual function,ஆண்டு விழா,Education,words
ꢱꢪ꣄ꢱꣂꢤꢥꣁ,सम्सोधना॑,ஸம்ஸோத4னொ,samsodhano',samsodhanO,samsodhanŏ,s̪əms̪oːd̪ʰən̪o,research,ஆய்வு,Education,words
ꢱꢪ꣄ꢱꣂꢤꢥꢱꢵꢭꣁ,सम्सोधनसाला॑,ஸம்ஸோத4னஸாலொ,samsodhanasaalo',samsodhanasAlO,samsodhanasālŏ,s̪əms̪oːd̪ʰən̪əs̪ɑːlo,research laboratory,ஆய்வுக் கூடம்,Education,words
ꢱꢪ꣄ꢱꣂꢤꢥꢵꢦꣁꢡꢶ,सम्सोधनापा॑ति,ஸம்ஸோத4னாபொதி,samsodhanaapo'ti,samsodhanApOti,samsodhanāpŏti,s̪əms̪oːd̪ʰən̪ɑːpot̪ɪ,thesis,ஆய்வுநூல்,Education,words
ꢱꢪ꣄ꢱꣂꢤꢥꢵ,सम्सोधना,ஸம்ஸோத4னா,samsodhanaa,samsodhanA,samsodhanā,s̪əms̪oːd̪ʰən̪ɑː,research scholar,ஆய்வு மாணவர்,Education,words
ꢮ꣄ꢫꢒ꣄ꢡꢶꢩꢵꢮ꣄,व्यक्तिभाव्,வ்யக்திபா4வ்,vyaktibhaav,vyaktibhAv,vyaktibhāv,ʋjəkt̪ɪbʰɑːʋ,personality,ஆளுமை,Education,words
ꢱ꣄ꢮꢩꢵꢮ꣄,स्वभाव्,ஸ்வபா4வ்,svabhaav,svabhAv,svabhāv,s̪ʋəbʰɑːʋ,personality,ஆளுமை,Education,words
ꢱꢪꢡ꣄ꢡꢸ,समत्तु,ஸமத்து,samattu,samattu,samattu,s̪əmət̪t̪u,skill,ஆற்றல்/ திறன்,Education,words
ꢥꢶꢦꢸꢠꢡ꣄ꢮꣁ,निपुणत्वा॑,நிபுணத்வொ,nipunatvo',nipuNatvO,nipuṇatvŏ,n̪ɪpuɳət̪ʋo,skill,ஆற்றல்/ திறன்,Education,words
ꢱꢖ꣄ꢒꢷꢡ ꢒꢠ꣄ꢱꢵꢭꣁ,सङकीतकलासाला॑,ஸங்கீ3தகலாஸாலொ,sankeeta kansaalo',saGkIta kaNsAlO,saṅkīta kaṇsālŏ,s̪əŋkiːt̪ə kəɳs̪ɑːlo,music college,இசைக்கல்லூரி,Education,words
ꢦ꣄ꢬꢒꢺꢡꢶ,प्रकृति,ப்ரகிருதி,prakri'ti,prakRti,prakṛti,pɾəkɾɨt̪ɪ,nature,இயற்கை,Education,words
ꢮ꣄ꢫꢵꢒꢬꢠꣁ,व्याकरणा॑,வ்யாகரணொ,vyaakarano',vyAkaraNO,vyākaraṇŏ,ʋjɑːkəɾəɳo,grammar,இலக்கணம்,Education,words
ꢱꢵꢲꢶꢡ꣄ꢫꣁ,साहित्या॑,ஸாஹித்யொ,saahityo',sAhityO,sāhityŏ,s̪ɑːɦɪt̪jo,literature,இலக்கியம்,Education,words
ꢔ꣄ꢣ꣄ꢫꣁ,गद्या॑,க3த்3யொ,gdyo',gdyO,gdyŏ,gd̪jo,prose,உரைநடை,Education,words
ꢱꢪ꣄ꢩꢵꢰꢠꣁ,सम्भाषणा॑,ஸம்பா4ஷணொ,sambhaashano',sambhASaNO,sambhāṣaṇŏ,s̪əmbʰɑːʂəɳo,conversation,உரையாடல்,Education,words
ꢭꢶꢓ꣄꣄ꢭꣁ,लिख्ला॑,லிக்2லொ,likhlo',likhlO,likhlŏ,lɪkʰlo,"pen, pencil",எழுதுகோல்,Education,words
ꢡꢬꢾ,तरा॑,கரொ,tare',tarE,tarĕ,t̪əɾe,fee,கட்டணம்,Education,words
ꢮ꣄ꢫꢵꢱꣁ,व्यासा॑,வ்யாஸொ,vyaaso',vyAsO,vyāsŏ,ʋjɑːs̪o,essay,கட்டுரை,Education,words
ꢭꢾꢓꢸ,लेखु,லேகு2,le'khu,lEkhu,lĕkhu,lekʰu,letter,கடிதம்,Education,words
ꢭꢴꢾꢓꣁ,ल्ह॑खा॑,லெ:கொ2,lhe'kho',lhEkhO,lhĕkhŏ,lɦekʰo,"arithmetic, account",கணக்கு,Education,words
ꢲꢷꢱꢸ,हीसु,ஹீஸு,heesu,hIsu,hīsu,ɦiːs̪u,"arithmetic, account",கணக்கு,Education,words
ꢔꢠꢶꢶꢡ꣄,गणित्,க3ணித்,ganiit,gaNiit,gaṇiit,gəɳɪɪt̪,mathematics,கணிதம்,Education,words
ꢓꢾꢥꢶ,ख॑नि,கெ2னி,khe'ni,khEni,khĕni,kʰen̪ɪ,story,கதை,Education,words
ꢓꢾꢡꣁ,ख॑ता॑,கெ2தொ,khe'to',khEtO,khĕtŏ,kʰet̪o,story,கதை,Education,words
ꢂꢩꢶꢦ꣄ꢬꢵꢫꢸ ꢱꢣꢱ꣄,अभिप्रायु सदस,அபி4ப்ராயு ஸத3ஸ்,abhipraayu sadas,abhiprAyu sadas,abhiprāyu sadas,əbʰɪpɾɑːju s̪əd̪əs̪,seminar,கருத்தரங்கு,Education,words
ꢒꢭꢵ ꢱꢵꢭꣁ,कलासाला॑,கலாஸாலொ,kalaa saalo',kalA sAlO,kalā sālŏ,kəlɑː s̪ɑːlo,college,கல்லூரி,Education,words
ꢅꢔꢸ ꢮꢶꢣ꣄ꢫꣁ ꢗꢾꢣꢸꢮ꣄,ईगु,ஈகு3,eegu vidyo' che'duv,Igu vidyO cEduv,īgu vidyŏ cĕduv,iːgu ʋɪd̪jo t͡ʃed̪uʋ,education,கல்வி,Education,words
ꢒꢮꢶ,कवि,கவி,kavi,kavi,kavi,kəʋɪ,poet,கவி / கவிஞன்,Education,words
ꢒꢮꢶꢡꣁ,कविता॑,கவிதொ,kavito',kavitO,kavitŏ,kəʋɪt̪o,"song, poem",கவிதை,Education,words
ꢄꢔꢞꢱ꣄ꢡꢿ,इगडस्ते,இக3ட3ஸ்தே,igad'aste,igaDaste,igaḍaste,ɪgəɖəs̪t̪eː,teaching,கற்பித்தல்,Education,words
ꢗꢾꢮ꣄ꢣꢶꢥꢶ,च॑व्दिनि,செவ்தி3னி,che'vdini,cEvdini,cĕvdini,t͡ʃeʋd̪ɪn̪ɪ,learning,கற்றல்,Education,words
ꢱꢶꢒ꣄ꢒꢶꢥꢶ,सिक्किनि,ஸிக்கினி,sikkini,sikkini,sikkini,s̪ɪkkɪn̪ɪ,learning,கற்றல்,Education,words
ꢒꢳ꣄꣄ꢙꢪ꣄,कळ्जम्,கள்ஜம்,kal'jam,kaLjam,kal̤jam,kəɭd͡ʒəm,paper,காகிதம்,Education,words
ꢒꢵꢮ꣄ꢫꣁ,काव्या॑,காவ்யொ,kaavyo',kAvyO,kāvyŏ,kɑːʋjo,epic,காப்பியம் / காவியம்,Education,words
ꢱꢹꢗꢥꣁ,सूचना॑,ஸூசனொ,soochano',sUcanO,sūcanŏ,s̪uːt͡ʃən̪o,notes,குறிப்பு,Education,words
ꢱꢹꢗꢥꢵꢦꣁꢡꢶ,सूचनापा॑ति,ஸூசனாபொதி,soochanaapo'ti,sUcanApOti,sūcanāpŏti,s̪uːt͡ʃən̪ɑːpot̪ɪ,notebook,குறிப்பேடு,Education,words
ꢎꢒꢶ ꢭꢶꢓꢶꢥꢶ,ऐकि लिखिनि,ஐகி லிகி2னி,aiki likhini,aiki likhini,aiki likhini,əɪkɪ lɪkʰɪn̪ɪ,dictation,கேட்டெழுதுதல்,Education,words
ꢦꢸꢱ꣄ꢥꢶ,पुस्नि,புஸ்னி,pusni,pusni,pusni,pus̪n̪ɪ,question,கேள்வி,Education,words
ꢦꢸꢱꢵꢮ꣄,पुसाव्,புஸாவ்,pusaav,pusAv,pusāv,pus̪ɑːʋ,question,கேள்வி,Education,words
ꢲꢵꢡꢰꢬ꣄,हातक्षर्,ஹாதக்ஷர்,haatashar,hAtaSar,hātaṣar,ɦɑːt̪əʂəɾ,"handwriting, signature",கையெழுத்து / கையொப்பம்,Education,words
ꢲꢵꢡꢸꢦꣁꢡꢶ,हातुपोति,ஹாதுபொதி,haatupo'ti,hAtupOti,hātupŏti,ɦɑːt̪upot̪ɪ,handbook,கையேடு,Education,words
ꢲꢱ꣄ꢡꢰꢬ꣄,हस्तक्षर्,ஹஸ்தக்ஷர்,hastashar,hastaSar,hastaṣar,ɦəs̪t̪əʂəɾ,,,Education,words
ꢥꢷꢡꢶꢥꢶꢫꢪꣁ,नीतिनियमा॑,நீதிநியமொ,neetiniyamo',nItiniyamO,nītiniyamŏ,n̪iːt̪ɪn̪ɪjəmo,policy,கொள்கை,Education,words
ꢱꢶꢣ꣄ꢤꢵꢥ꣄ꢡꢸ,सिद्धान्दु,ஸித்3தா4ந்து,siddhaantu,siddhAntu,siddhāntu,s̪ɪd̪d̪ʰɑːn̪t̪u,theory,கோட்பாடு,Education,words
ꢗꢶꢡ꣄ꢬꢸ,चित्रु,சித்ரு,chitru,citru,citru,t͡ʃɪt̪ɾu,picture,சித்திரம்,Education,words
ꢭꣂꢱꢸ,लोसु,லோஸு,losu,losu,losu,loːs̪u,picture,சித்திரம்,Education,words
ꢗꢶꢡ꣄ꢡꢬ꣄,चित्तर्,சித்தர்,chittar,cittar,cittar,t͡ʃɪt̪t̪əɾ,picture,சித்திரம்,Education,words
ꢫꣂꢗꢥꣁ,योच,யோசனொ,yochano',yocanO,yocanŏ,joːt͡ʃən̪o,thought,சிந்தனை,Education,words
ꢥꢥ꣄ꢓꢾꢥꢶ,न:न्खेनि,ந:ன்கெ2னி,nankhe'ni,nankhEni,nankhĕni,n̪ən̪kʰen̪ɪ,short story,சிறுகதை,Education,words
ꢭꣀꢒꢵꢱꢸꢒꢳ꣄ꢙꢾꢪ꣄,लौकासु कळ्जम्,லௌகாஸு கள்ஜெம்,laikaasukal'je'm,laikAsukaLjEm,laikāsukal̤jĕm,ləɪkɑːs̪ukəɭd͡ʒem,newspaper,செய்தித்தாள்,Education,words
ꢱꢪꢵꢗꢵꢬꢸꢦꢡ꣄ꢬꣁ,समाचारुपत्रा॑,ஸமாசாருபத்ரொ,samaachaarupatro',samAcArupatrO,samācārupatrŏ,s̪əmɑːt͡ʃɑːɾupət̪ɾo,newspaper,செய்தித்தாள்,Education,words
ꢔꢮ꣄ꢥꣁ,गव्नो,க3வ்னொ,gavno',gavnO,gavnŏ,gəʋn̪o,poetry,செய்யுள்,Education,words
ꢦꢣ꣄ꢫꢪ꣄,पद्यम,பத்3யம்,padyam,padyam,padyam,pəd̪jəm,poetry,செய்யுள்,Education,words
ꢱ꣄ꢭꣂꢒ꣄,स्लोक्,ஸ்லோக்,slok,slok,slok,s̪loːk,poetry,செய்யுள்,Education,words
ꢮꢡ꣄ꢡꣁ,वत्ता॑,வத்தொ,vatto',vattO,vattŏ,ʋət̪t̪o,word,சொல்,Education,words
ꢒꣁꢰ꣄,कोष,கோஷ்,ko'sh,kOS,kŏṣ,koʂ,lexicon,சொற்களஞ்சியம்,Education,words
ꢱꢨ꣄ꢣ ꢩꢠ꣄ꢞꢵꢬ꣄,सब्द पण्डार,ஸப்3த3 ப4ண்டா3ர்,sabda bhand'aar,sabda bhaNDAr,sabda bhaṇḍār,s̪əbd̪ə bʰəɳɖɑːɾ,lexicon,சொற்களஞ்சியம்,Education,words
ꢱꣁꢤꢥꣁ,सोधना॑,ஸோத4னொ,so'dhano',sOdhanO,sŏdhanŏ,s̪od̪ʰən̪o,test,சோதனை,Education,words
ꢦꢬꢷꢒ꣄ꢰꣁ,परीक्षो,பரீக்ஷொ,pareeksho',parIkSO,parīkṣŏ,pəɾiːkʂo,test,சோதனை,Education,words
ꢪꢥ꣄ꢡꢸ,मन्तु,மந்து,mantu,mantu,mantu,mən̪t̪u,mistake,தவறு,Education,words
ꢗꢹꢒ꣄,छूक्,சூக்,chook,cUk,cūk,t͡ʃuːk,mistake,தவறு,Education,words
ꢒꢸꢠ꣄ꢜꢸ,कुण्टु,குண்டு,kunt'u,kuNTu,kuṇṭu,kuɳʈu,mistake,தவறு,Education,words
ꢪꢵꢫ꣄ ꢩꢵꢰꣁ,माय्भाषा॑,மாய்பா4ஷொ,maay bhaasho',mAy bhASO,māy bhāṣŏ,mɑːj bʰɑːʂo,mother tongue,தாய்மொழி,Education,words
ꢪꢵꢡ꣄ꢬꢸꢩꢵꢰꣁ,मात्रुभाषा॑,மாத்ருபா4ஷொ,maatrubhaasho',mAtrubhASO,mātrubhāṣŏ,mɑːt̪ɾubʰɑːʂo,mother tongue,தாய்மொழி,Education,words
ꢒꢭ꣄ꢙꢾꢪ꣄,कल्जेम्,கள்ஜம்,kalje'm,kaljEm,kaljĕm,kəld͡ʒem,paper,தாள்,Education,words
ꢥꣀꢦꢸꢠ꣄ꢫ,नैपुण्य,நைபுண்ய,naipunya,naipuNya,naipuṇya,n̪əɪpuɳjə,skill,திறன்,Education,words
ꢮꢶꢪꢬ꣄ꢱꢥꣁ,विमर्सना॑,விமர்ஸனொ,vimarsano',vimarsanO,vimarsanŏ,ʋɪməɾs̪ən̪o,criticism,திறனாய்வு,Education,words
ꢔꢸꢠꢣꣂꢰ ꢮꢶꢗꢵꢬ꣄,गुणदोष विचार,கு3ணதோ3ஷ விசார்,gunadosha vichaar,guNadoSa vicAr,guṇadoṣa vicār,guɳəd̪oːʂə ʋɪt͡ʃɑːɾ,criticism,திறனாய்வு,Education,words
ꢮꢶꢩꢵꢔ꣄,विभाग्,விபா4க்3,vibhaag,vibhAg,vibhāg,ʋɪbʰɑːg,department,துறை,Education,words
ꢦꢬꢷꢰꢾ,परीक्षे,பரீக்ஷொ,pareeshe',parISE,parīṣĕ,pəɾiːʂe,examination,தேர்வு,Education,words
ꢦꢬꢷꢰꢵ ꢢꢵꢪ꣄,परीक्षा थाम्,பரீக்ஷா தா2ம்,pareeshaa thaam,parISA thAm,parīṣā thām,pəɾiːʂɑː t̪ʰɑːm,examination centre,தேர்வுமையம்,Education,words
ꢃꢬꢪ꣄ꢩ ꢲꢸꢬꢶ,आरम्ब हुरि,ஆரம்ப4ஹுரி,aarambha huri,Arambha huri,ārambha huri,ɑːɾəmbʰə ɦuɾɪ,primary school,தொடக்கப்பள்ளி,Education,words
ꢮꢡ꣄ꢡꢵ ꢡꣁꢬꢠ꣄,वत्ताता॑रण,வத்தாதொரண்,vattaa to'ran,vattA tOraN,vattā tŏraṇ,ʋət̪t̪ɑː t̪oɾəɳ,sentence,தொடரன்,Education,words
ꢗꢵꢭ꣄ꢗꢭꢥ꣄,चाल्चलन्,சால்சலன்,chaalchalan,cAlcalan,cālcalan,t͡ʃɑːlt͡ʃələn̪,behaviour,நடத்தை,Education,words
ꢗꢭ꣄ꢥꢶ,चल्नि,சல்னி,chalni,calni,calni,t͡ʃəln̪ɪ,behaviour,நடத்தை,Education,words
ꢥꢜꢥꣁ,नटना॑,நடனொ,nat'ano',naTanO,naṭanŏ,n̪əʈən̪o,dance,நடனம்,Education,words
ꢥꢵꢗꢸ,नाचु,நாசு,naachu,nAcu,nācu,n̪ɑːt͡ʃu,drama,நாடகம்,Education,words
ꢭꣁꢒ꣄ꢓꢾꢥꢶ,लोक्ख॑नि,லோக்கெ2னி,lo'kkhe'ni,lOkkhEni,lŏkkhĕni,lokkʰen̪ɪ,folk tale,நாடோடிக் கதை,Education,words
ꢭꣂꢒ꣄ꢔꢷꢡ꣄,लोक्गीत्,லோக்கீ3த்,lokgeet,lokgIt,lokgīt,loːkgiːt̪,folk song,நாடோடிப் பாடல்,Education,words
ꢣꢿꢱꢶꢔꢷꢡ꣄,देसिगीत,தே3ஸிகீ3த்,desigeet,desigIt,desigīt,d̪eːs̪ɪgiːt̪,folk song,நாடோடிப் பாடல்,Education,words
ꢦꣁꢡꢶ,पा॑ति,பொதி,po'ti,pOti,pŏti,pot̪ɪ,book,நூல்,Education,words
ꢦꢸꢱ꣄ꢡꢮ꣄,पुस्तव्,புஸ்தவ்,pustav,pustav,pustav,pus̪t̪əʋ,book,நூல்,Education,words
ꢦꢸꢱ꣄ꢡꢶꢒꣁ,पुस्तिका॑,புஸ்திகொ,pustiko',pustikO,pustikŏ,pus̪t̪ɪko,book,நூல்,Education,words
ꢦꣁꢡꢶꢔ꣄ꢕꢿꢬ꣄,पा॑तिघेर्,பொதிகே4ர்,po'tiggher,pOtiggher,pŏtiggher,pot̪ɪggʰeːɾ,library,நூலகம்,Education,words
ꢩꢠ꣄ꢞꢵꢬꢸꢕꢿꢬ꣄,भण्डारुघेर्,ப4ண்டா3ருகே4ர்,bhand'aarugher,bhaNDArugher,bhaṇḍārugher,bʰəɳɖɑːɾugʰeːɾ,library,நூலகம்,Education,words
ꢮꢬ꣄ꢠꢪꢵꢭꣁ,वर्णमाला॑,வர்ணமாலொ,varnamaalo',varNamAlO,varṇamālŏ,ʋəɾɳəmɑːlo,alphabet,நெடுங்கணக்கு,Education,words
ꢭꢒ꣄ꢰ꣄꣄ꢫꣁ,लक्ष्या॑,லக்ஷ்யொ,lakshyo',lakSyO,lakṣyŏ,ləkʂjo,aim,நோக்கம்,Education,words
ꢤ꣄ꢫꢾꢫꢸ,ध्येयु,த்4யேயு,dhye'yu,dhyEyu,dhyĕyu,d̪ʰjeju,aim,நோக்கம்,Education,words
ꢦꣁꢒ꣄,पोक्,போக்,po'k,pOk,pŏk,pok,page,பக்கம்,Education,words
ꢦꢸꢜꣁ,पुटा॑,புடொ,put'o',puTO,puṭŏ,puʈo,page,பக்கம்,Education,words
ꢱ꣄ꢥꢵꢡꢒꣁ,स्नातका॑,ஸ்னாதகொ,snaatako',snAtakO,snātakŏ,s̪n̪ɑːt̪əko,graduate,பட்டதாரி,Education,words
ꢆꢦꢵꢤꢶ,उपाधि,உபாதி4,upaadhi,upAdhi,upādhi,upɑːd̪ʰɪ,degree,பட்டம்,Education,words
ꢗ꣄qꢡꢸꢮ꣄ ꢒꣁꢜ꣄ꢜꣁ ꢮꢵꢗꢒꢱꢵꢭꣁ,च॑तुव्का॑ट्टा॑ वाचकसाला॑,செது3வ்கொ2ட்டொ,chqtuv ko't't'o' vaachakasaalo',cqtuv kOTTO vAcakasAlO,cqtuv kŏṭṭŏ vācakasālŏ,t͡ʃqt̪uʋ koʈʈo ʋɑːt͡ʃəkəs̪ɑːlo,reading room/library,படிப்பகம் /நூலகம்,Education,words
ꢗꢾꢣꢸꢮ꣄,च॑दुव्,செது3வ்,che'duv,cEduv,cĕduv,t͡ʃed̪uʋ,studies,படிப்பு,Education,words
ꢅꢔ꣄,ईग्,ஈக்3,eeg,Ig,īg,iːg,studies,படிப்பு,Education,words
ꢧꢬꢪ꣄,फरम्,ப2ரம்,pharam,pharam,pharam,pʰəɾəm,form,படிவம்,Education,words
ꢬꢱꢶꢥꢶ,रचिनि,ரசினி,rasini,rasini,rasini,ɾəs̪ɪn̪ɪ,creative work,படைப்பு,Education,words
ꢱꢛ꣄ꢗꢶꢒꣁ,सञ्चिका॑,ஸஞ்சிகொ,sanchiko',saJcikO,sañcikŏ,s̪əɲt͡ʃɪko,magazine,பத்திரிகை,Education,words
ꢙꢾꢮꢵꢦ꣄,ज॑वाप्,ஜெவாப்,je'vaap,jEvAp,jĕvāp,d͡ʒeʋɑːp,answer,பதில்,Education,words
ꢂꢩ꣄ꢫꢵꢱ꣄,अभ्यास्,அப்4யாஸ்,abhyaas,abhyAs,abhyās,əbʰjɑːs̪,learning,பயில்தல்,Education,words
ꢙꢿꢪ꣄,जेम्,ஜேம்,jem,jem,jem,d͡ʒeːm,prize,பரிசு,Education,words
ꢦꢵꢬꢶꢡꣂꢱꢶꢒꣁ,पारितोसिका॑,பாரிதோஸிகொ,paaritosiko',pAritosikO,pāritosikŏ,pɑːɾɪt̪oːs̪ɪko,prize,பரிசு,Education,words
ꢦꢬꢶꢱꣁꢤꢥꣁ,परिसोधना॑,பரிஸோத4னொ,pariso'dhano',parisOdhanO,parisŏdhanŏ,pəɾɪs̪od̪ʰən̪o,experiment,பரிசோதனை,Education,words
ꢦꢬ꣄ꢒ꣄ꢰꣁ,परिक्षो,பரிக்ஷொ,parksho',parkSO,parkṣŏ,pəɾkʂo,examinations,பரிட்சை,Education,words
ꢱꢬ꣄ꢮꢒꢭꢵꢱꢵꢭꣁ,सर्वकलासाला॑,ஸர்வகலாஸாலொ,sarvakalaasaalo',sarvakalAsAlO,sarvakalāsālŏ,s̪əɾʋəkəlɑːs̪ɑːlo,university,பல்கலைக் கழகம்,Education,words
ꢲꢸꢬꢶ,हुरि,ஹுரி,huri,huri,huri,ɦuɾɪ,school,பள்ளி / பள்ளிக்கூடம்,Education,words
ꢙꢸꢥ꣄ꢥꢮꢵꢗꢸ,जुन्नवाचु,ஜுன்னவாசு,junnavaachu,junnavAcu,junnavācu,d͡ʒun̪n̪əʋɑːt͡ʃu,proverb,பழமொழி,Education,words
ꢦ꣄ꢬꢵꢮꢵꢗꢸ,प्रावाचु,ப்ராவாசு,praavaachu,prAvAcu,prāvācu,pɾɑːʋɑːt͡ʃu,proverb,பழமொழி,Education,words
ꢔꢷꢡ꣄,गीत्,கீ3த்,geet,gIt,gīt,giːt̪,song,பாட்டு,Education,words
ꢦꢵꢝꢮꢶꢮꢬꢠꣁ,पाठविवरणा॑,பாட2விவரணொ,paat'havivarano',pAThavivaraNO,pāṭhavivaraṇŏ,pɑːʈʰəʋɪʋəɾəɳo,syllabus,பாடத்திட்டம்,Education,words
ꢦꢵꢝꢦꢸꢱ꣄ꢡꢮ꣄,पाठ्पुस्तव्,பாட2புஸ்தவ்,paat'hapustav,pAThapustav,pāṭhapustav,pɑːʈʰəpus̪t̪əʋ,textbook,பாடப்புத்தகம்,Education,words
ꢦꢵꢝ꣄,फठ,பாட்2,paat'h,pATh,pāṭh,pɑːʈʰ,lesson,பாடம்,Education,words
ꢦꣁꢬꣁ,पा॑रा॑,பொரொ,po'ro',pOrO,pŏrŏ,poɾo,error,பிழை,Education,words
ꢪꢥ꣄ꢡꢸ,मन्तु,மந்து,mantu,mantu,mantu,mən̪t̪u,error,பிழை,Education,words
ꢭꢵꢪ꣄ꢓꢾꢥꢶ,लाम्ख॑नि,லாம்கெ2னி,laamkhe'ni,lAmkhEni,lāmkhĕni,lɑːmkʰen̪ɪ,novel,புதினம்,Education,words
ꢥꣁꢮ꣄ꢮꢒꢮꢶꢡꣁ,ना॑व्वकविता॑,நொவ்வ கவிதொ,no'vvakavito',nOvvakavitO,nŏvvakavitŏ,n̪oʋʋəkəʋɪt̪o,"modern poetry, free verse",புதுக்கவிதை,Education,words
ꢦꢸꢬꢵꢠꣁ,पुराणा॑,புராணொ,puraano',purANO,purāṇŏ,puɾɑːɳo,mythology,புராணம்,Education,words
ꢪꢴꢵ ꢏꢣ꣄ꢣꢶ,म्हा आ॑द्दि,மா: ஒத்3தி3,mhaa o'ddi,mhA Oddi,mhā ŏddi,mɦɑː od̪d̪ɪ,professor,பேராசிரியர்,Education,words
ꢭꢶꢒ꣄ꢭꣁ,लिक्ला॑,லிக்லொ,liklo',liklO,liklŏ,lɪklo,pen,பேனா,Education,words
ꢮꢶꢰꢫꢸ,विषयु,விஷயு,vishayu,viSayu,viṣayu,ʋɪʂəju,subject,பொருள்,Education,words
ꢫꢥ꣄ꢡ꣄ꢬꢸꢮꢶꢣ꣄ꢫꣁ,यन्त्रु विद्या॑,யந்த்ருவித்3யொ,yantruvidyo',yantruvidyO,yantruvidyŏ,jən̪t̪ɾuʋɪd̪jo,engineering,பொறியியல்,Education,words
ꢫꢥ꣄ꢡ꣄ꢬꢸ ꢮꢶꢔ꣄ꢛꢵꢥ꣄,यन्त्रु विग्ञान्,யந்த்ரு விக்3ஞான்,yantru vignjaan,yantru vigJAn,yantru vigñān,jən̪t̪ɾu ʋɪgɲɑːn̪,engineering,பொறியியல்,Education,words
ꢦꣁꢥ꣄ꢡꢶ,पा॑न्ति,பொந்தி,po'nti,pOnti,pŏnti,pon̪t̪ɪ,competition,போட்டி,Education,words
ꢱ꣄ꢦꢬ꣄ꢤꣁ,स्वर्धा॑,ஸ்பர்தொ4,spardho',spardhO,spardhŏ,s̪pəɾd̪ʰo,competition,போட்டி,Education,words
ꢏꢫ꣄ꢣꢦꢥ꣄,आ॑य्दपन्न,ஒய்த3பன்,o'ydapan,Oydapan,ŏydapan,ojd̪əpən̪,treatment,மருத்துவம்,Education,words
ꢲꣁꢔꢡ꣄,हा॑गत्,ஹொக3த்,ho'gat,hOgat,hŏgat,ɦogət̪,medicine,மருந்து,Education,words
ꢥꢴꢸꢬꢸꢥꢸ ꢲꢸꢬꢶ,न्हुरुनु हुरि,நு:ருனு ஹுரி,nhurunu huri,nhurunu huri,nhurunu huri,n̪ɦuɾun̪u ɦuɾɪ,nursery school,மழலைப்பள்ளி,Education,words
ꢮꢶꢣ꣄ꢫꢵꢬ꣄ꢡꢶ,विद्यार्ति,வித்3யார்தி2,vidyaarti,vidyArti,vidyārti,ʋɪd̪jɑːɾt̪ɪ,student,மாணவன்,Education,words
ꢮꢶꢣ꣄ꢫꢵꢬ꣄ꢡ꣄ꢡꢶꢥꢶ,विद्यार्त्तिनि,வித்3யார்தி2னி,vidyaarttini,vidyArttini,vidyārttini,ʋɪd̪jɑːɾt̪t̪ɪn̪ɪ,student,மாணவி,Education,words
ꢧꣀꢭꢮꢬ꣄ꢔꢸ,फैलवर्गु,பை2லவர்கு3,phailavargu,phailavargu,phailavargu,pʰəɪləʋəɾgu,first class,முதல் வகுப்பு,Education,words
ꢦ꣄ꢬꢤꢵꢥꣁꢣ꣄ꢣꢶ,प्रधान् आ॑द्दि,ப்ரதா4ன்ஒத்3தி3,pradhaano'ddi,pradhAnOddi,pradhānŏddi,pɾəd̪ʰɑːn̪od̪d̪ɪ,principal,முதல்வர்,Education,words
ꢧꣀꢭꢯ꣄꣄ꢬꢿꢥꢶ,फैलश्रेनि,பை2லஶ்ரேநி,phailashreni,phailazreni,phailaśreni,pʰəɪləʃɾeːn̪ɪ,first rank,முதலிடம்,Education,words
ꢪꣀ,मै,மை,mai,mai,mai,məɪ,ink,மை,Education,words
ꢩꢵꢰꣁ,भाषा॑,பா4ஷொ,bhaasho',bhASO,bhāṣŏ,bʰɑːʂo,language,மொழி,Education,words
ꢩꢵꢰꢵ ꢬꢷꢡꢶ,भाषा रीति,பா4ஷா ரீதி,bhaashaa reeti,bhASA rIti,bhāṣā rīti,bʰɑːʂɑː ɾiːt̪ɪ,language style,மொழிநடை,Education,words
ꢩꢵꢰꢵ ꢪꢬ꣄ꢗꢶꢥꢶ,भाषा मर्च्चिनि,பா4ஷா மர்சினி,bhaashaa marchini,bhASA marcini,bhāṣā marcini,bʰɑːʂɑː məɾt͡ʃɪn̪ɪ,translation,மொழிபெயர்ப்பு,Education,words
ꢂꢥꢸꢮꢵꢣ꣄,अनुवाद्,அனுவாத்3,anuvaad,anuvAd,anuvād,ən̪uʋɑːd̪,translation,மொழிபெயர்ப்பு,Education,words
ꢩꢵꢱꢵꢥ꣄ꢡꢬ꣄,भाषान्तर्,பா4ஷாந்தர்,bhaasaantar,bhAsAntar,bhāsāntar,bʰɑːs̪ɑːn̪t̪əɾ,translation,மொழிபெயர்ப்பு,Education,words
ꢡꢬ꣄ꢙꢪꣁ,तर्जमा॑,தர்ஜமொ,tarjamo',tarjamO,tarjamŏ,t̪əɾd͡ʒəmo,translation,மொழிபெயர்ப்பு,Education,words
ꢩꢵꢰꢵꢮꢶꢔ꣄ꢛꢵꢥ꣄,भाषाविगञान,பா4ஷாவிக்3ஞான்,bhaashaavignjaan,bhASAvigJAn,bhāṣāvigñān,bʰɑːʂɑːʋɪgɲɑːn̪,linguistics,மொழியியல்,Education,words
ꢮꢬ꣄ꢒꢸ,वर्कु,வர்கு3,varku,varku,varku,ʋəɾku,classroom,வகுப்பு,Education,words
ꢗꢬꢶꢡ꣄ꢬꢸ,चरित्रु,சரித்ரு,charitru,caritru,caritru,t͡ʃəɾɪt̪ɾu,history,வரலாறு,Education,words
ꢯꢨ꣄ꢣꢸ ꢴ,शब्दु,ஶப்3து3,shabdu ha,zabdu ha,śabdu ha,ʃəbd̪u ɦə,word,வார்த்தை,Education,words
ꢮꢔ꣄ꢛꢵꢥ꣄,विगञान,விக்3ஞான்,vagnjaan,vagJAn,vagñān,ʋəgɲɑːn̪,science,விஞ்ஞானம்,Education,words
ꢮꢔ꣄ꢛꢵꢥꢶ,विगञानि,விக்3ஞானி,vagnjaani,vagJAni,vagñāni,ʋəgɲɑːn̪ɪ,scientist,விஞ்ஞானி,Education,words
ꢯꣁꢞ꣄ꢠꢶ,सा॑ड्णि,ஸொட்3ணி,sho'd'ni,zODNi,śŏḍṇi,ʃoɖɳɪ,leave,விடுப்பு,Education,words
ꢯꣂꢞꢸ,शोडु,ஸோடு3,shod'u,zoDu,śoḍu,ʃoːɖu,leave,விடுப்பு,Education,words
ꢱꣁꢞ꣄ꢮꢵꢬ꣄,सा॑ड्वार,ஸொட்3வார்,so'd'vaar,sODvAr,sŏḍvār,s̪oɖʋɑːɾ,holiday,விடுமுறை,Education,words
ꢙꢮꢵꢨ꣄,जवाब्,ஜவாப்3,javaab,javAb,javāb,d͡ʒəʋɑːb,answer,விடை,Education,words
ꢮꢶꢮꢵꢡ꣄,विवात्,விவாத்3,vivaat,vivAt,vivāt,ʋɪʋɑːt̪,debate,விவாதம்,Education,words
ꢦ꣄ꢬꢰ꣄ꢥꣁ,प्रष्णा॑,ப்ரஷ்னொ,prashno',praSnO,praṣnŏ,pɾəʂn̪o,question,வினா,Education,words
ꢦꢸꢱꢶꢥꢶ,पुसिनि,புஸினி,pusini,pusini,pusini,pus̪ɪn̪ɪ,question,வினா,Education,words
ꢦ꣄ꢬꢰ꣄ꢥ ꢦꢡ꣄ꢬꣁ,प्रष्न पत्रा॑,ப்ரஷ்ன பத்ரொ,prashna patro',praSna patrO,praṣna patrŏ,pɾəʂn̪ə pət̪ɾo,question paper,வினாத்தாள்,Education,words
ꢒꣁꢪ꣄ꢪꢵ ꢂꢩ꣄ꢫꢵꢱ꣄,गा॑म्मा अभ्यास्,கொ3ம்மா அப்4யாஸ்,ko'mmaa abhyaas,kOmmA abhyAs,kŏmmā abhyās,kommɑː əbʰjɑːs̪,home work,வீட்டுப்பாடம்,Education,words
ꢙꢾꢭ꣄ꢪꢶꢥ꣄,ज॑ल्मिन,ஜெல்மின்,je'lmin,jElmin,jĕlmin,d͡ʒelmɪn̪,aluminium,அலுமினியம்,Metals,words
ꢭꢴꣁꢔꢠ꣄,ल्हा॑गण्,லொ:க3ண்,lho'gan,lhOgaN,lhŏgaṇ,lɦogəɳ,iron,இரும்பு / உருக்கு,Metals,words
ꢒꢾꢱ꣄ꢡꢸꢭ꣄,क॑स्तुल्,கெஸ்துல்,ke'stul,kEstul,kĕstul,kes̪t̪ul,lead,"ஈயம், காரீயம்",Metals,words
ꢭꣂꢲꢸ,लोहु,லோஹு,lohu,lohu,lohu,loːɦu,metal,உலோகம்,Metals,words
ꢦꢛ꣄ꢗꢭꣂꢲꢸ,पञ्चलोहु,பஞ்சலோஹு,panchalohu,paJcalohu,pañcalohu,pəɲt͡ʃəloːɦu,"an alloy of iron, gold, silver, brass and copper",ஐம்பொன் பஞ்சலோகம்,Metals,words
ꢂꢣ꣄ꢣꢪ꣄,अद्दम्,அத்3த3ம்,addam,addam,addam,əd̪d̪əm,glass,கண்ணாடி,Metals,words
ꢲꢦꢵꢥ꣄,हपाळ,ஹபாள்,hapaan,hapAn,hapān,ɦəpɑːn̪,glass,கண்ணாடி,Metals,words
ꢣꢮ꣄ꢥꣁ,दव्ना॑,த3வ்னொ,davno',davnO,davnŏ,d̪əʋn̪o,glass,கண்ணாடி,Metals,words
ꢪꢸꢒ꣄ꢬꣁ,मुक्रा॑,முக்ரொ,mukro',mukrO,mukrŏ,mukɾo,glass,கண்ணாடி,Metals,words
ꢔꢵꢥ꣄ꢡꢪ꣄,गान्तम्,கா3ந்தம்,gaantam,gAntam,gāntam,gɑːn̪t̪əm,magnet,காந்தம்,Metals,words
ꢡꢪ꣄ꢨꢾ,तम्ब॑,தம்பெ3,tambe',tambE,tambĕ,t̪əmbe,copper,செம்பு,Metals,words
ꢡꢪ꣄ꢨꢸꢬꢪ꣄,तम्बुरम्,தம்பு3ரம்,tamburam,tamburam,tamburam,t̪əmbuɾəm,copper,செம்பு,Metals,words
ꢡꢭ꣄,तव,தவ்,tal,tal,tal,t̪əl,tin,தகரம்,Metals,words
ꢡꢾꢒꢜ꣄,त॑कट्,தெக3ட்,te'kat',tEkaT,tĕkaṭ,t̪ekəʈ,tin,தகரம்,Metals,words
ꢱꣁꢥ꣄ꢥꣁ,सा॑न्ना॑,ஸொன்னொ,so'nno',sOnnO,sŏnnŏ,s̪on̪n̪o,gold,தங்கம்,Metals,words
ꢱꣁꢬ꣄ꢠꢸ,सा॑र्णु,ஸொர்ணு,so'rnu,sOrNu,sŏrṇu,s̪oɾɳu,gold,தங்கம்,Metals,words
ꢂꢦ꣄ꢬꢛ꣄ꢙꢶ,अप्रञ्जि,அப்ரஞ்ஜி,apranji,apraJji,aprañji,əpɾəɲd͡ʒɪ,gold,தங்கம்,Metals,words
ꢡꢸꢡ꣄ꢡꢥꢵꢔ꣄,तुत्तनाग,துத்தநாக்3,tuttanaag,tuttanAg,tuttanāg,t̪ut̪t̪ən̪ɑːg,zinc,துத்தநாகம்,Metals,words
ꢥꢵꢔ꣄,नाग,நாக்3,naag,nAg,nāg,n̪ɑːg,zinc,நாகம்,Metals,words
ꢭꢷꢡꢸ,लीतु,லீது,leetu,lItu,lītu,liːt̪u,brass,பித்தளை,Metals,words
ꢒꢱꣁ,कसा॑,கஸொ,kaso',kasO,kasŏ,kəs̪o,bronze,வெண்கலம்,Metals,words
ꢬꢸꢦ꣄ꢦꣁ,रुप्पा॑,ருப்பொ,ruppo',ruppO,ruppŏ,ɾuppo,silver,வெள்ளி,Metals,words
ꢒꣂꢜ꣄,कोट्,கோட்,kot',koT,koṭ,koːʈ,where,எங்கே,Interrogative-Words,words
ꢒꢶꢡ꣄ꢒ,कित्क,கித்க,kitka,kitka,kitka,kɪt̪kə,how many,எத்தனை,Interrogative-Words,words
ꢒꢶꢡ꣄ꢒꢫꣁ,कित्कया॑,கித்கயொ,kitkayo',kitkayO,kitkayŏ,kɪt̪kəjo,how manieth,எத்தனையாவது,Interrogative-Words,words
ꢒꣂꢥ꣄,कोन,கோன்,kon,kon,kon,koːn̪,how manieth,எத்தனையாவது,Interrogative-Words,words
ꢒꢶꢱꣁ,किसा॑,கிஸொ,kiso',kisO,kisŏ,kɪs̪o,how,எப்படி,Interrogative-Words,words
ꢒꣂꢥꢒ꣄,कोनक,கோனக்,konak,konak,konak,koːn̪ək,how,எப்படி,Interrogative-Words,words
ꢒꢶꢱꢵꢫꣁ,किसाया॑किसाय॑,கிஸாயொகிஸாயெ,kisaayo',kisAyO,kisāyŏ,kɪs̪ɑːjo,what type of,எப்படிப்பட்ட,Interrogative-Words,words
ꢒꢶꢱꢵꢫꢾ,किसाया॑किसाय॑,கிஸாயொகிஸாயெ,kisaaye',kisAyE,kisāyĕ,kɪs̪ɑːje,what type of,எப்படிப்பட்ட,Interrogative-Words,words
ꢓꣁꢨ꣄ꢨꣁ,खा॑ब्बा॑,கொ2ப்3பொ3,kho'bbo',khObbO,khŏbbŏ,kʰobbo,when,எப்போது,Interrogative-Words,words
ꢒꢶꢱꣁ,किसा॑,கிஸொ,kiso',kisO,kisŏ,kɪs̪o,what way,எவ்வாறு,Interrogative-Words,words
ꢒꣁꢥ꣄ ꢣꢶꢥ꣄ꢥꢸ,कोन दिन्नु,கோன் தி3ன்னு,ko'n dinnu,kOn dinnu,kŏn dinnu,kon̪ d̪ɪn̪n̪u,which day,என்று,Interrogative-Words,words
ꢒꢵꢫ꣄,काय,காய்,kaay,kAy,kāy,kɑːj,what,என்ன,Interrogative-Words,words
ꢒꢵꢫꣁ,काया॑,காயொ,kaayo',kAyO,kāyŏ,kɑːjo,what,என்ன,Interrogative-Words,words
ꢒꣂꢥꢾ,कोन॑,கோனெ,kone',konE,konĕ,koːn̪e,what,எந்த,Interrogative-Words,words
ꢒꣂꢥ꣄ꢫꢾ,कोन्य॑,கோன்யெ,konye',konyE,konyĕ,koːn̪je,what,எந்த,Interrogative-Words,words
ꢂꢖ꣄ꢔꢷꢒꢵꢬ꣄,अङ्गीकार्,அங்கீ3கார்,angeekaar,aGgIkAr,aṅgīkār,əŋgiːkɑːɾ,recognition,அங்கீகாரம்,Politics,words
ꢂꢗ꣄ꢗꢸ,अच्चु,அச்சு,achchu,accu,accu,ət͡ʃt͡ʃu,axis,அச்சு,Politics,words
ꢜꢖ꣄ꢒꢸ,टङ्कु,டங்கு,t'anku,TaGku,ṭaṅku,ʈəŋku,axis,அச்சு,Politics,words
ꢦꢡ꣄ꢬꢮꢵꢲꢶꢥꢶ,पत्रवाहिनि,பத்ரவாஹினி,patravaahini,patravAhini,patravāhini,pət̪ɾəʋɑːɦɪn̪ɪ,post,அஞ்சல்,Politics,words
ꢦꢡ꣄ꢬꢮꢵꢲꢒꣁ,पत्रवाहका॑,பத்ரவாஹகொ,patravaahako',patravAhakO,patravāhakŏ,pət̪ɾəʋɑːɦəko,postman,அஞ்சல்காரர்,Politics,words
ꢦꢡ꣄ꢬꢮꢵꢲꣁ,पत्रवाहा॑,பத்ரவாஹொ,patravaaho',patravAhO,patravāhŏ,pət̪ɾəʋɑːɦo,postman,அஞ்சல்காரர்,Politics,words
ꢭꢿꢓꢸꢮꢵꢥ꣄,लेखुवान,லேகு2வான்,lekhuvaan,lekhuvAn,lekhuvān,leːkʰuʋɑːn̪,postman,அஞ்சல்காரர்,Politics,words
ꢦꢡ꣄ꢬꢮꢵꢲ ꢒꢵꢬ꣄ꢫꢵꢭꢫꣁ,पत्रवाह कार्यालया॑,பத்ரவாஹ கார்யாலயொ,patravaaha kaaryaalayo',patravAha kAryAlayO,patravāha kāryālayŏ,pət̪ɾəʋɑːɦə kɑːɾjɑːləjo,post office,அஞ்சலகம்,Politics,words
ꢒꣂꢰ꣄ꢜꢸ,कोष्टु,கோஷ்டு,kosht'u,koSTu,koṣṭu,koːʂʈu,"table, schedule",அட்டவணை,Politics,words
ꢆꢞ꣄ꢔꢞ꣄ꢠꢶ,उड्गड्णि,உட்3க3ட்3ணி,ud'gad'ni,uDgaDNi,uḍgaḍṇi,uɖgəɖɳɪ,oppression,அடக்குமுறை,Politics,words
ꢣꢪꢥꣁ,दमना॑,த3மனொ,damano',damanO,damanŏ,d̪əmən̪o,oppression,அடக்குமுறை,Politics,words
ꢒꢸꢣꣁ,कुदा॑,குதொ3,kudo',kudO,kudŏ,kud̪o,pawn,அடகு,Politics,words
ꢒꢸꢣꣁ,कुदा॑,குதொ3,kudo',kudO,kudŏ,kud̪o,mortgage,அடமானம்,Politics,words
ꢓꢵꢭ꣄ꢣꢳ꣄ ꢓꢵꢭ꣄ꢣꢾꢳꢪ꣄,खाल्दळ,கா2ல்த3ள்,khaaldal' khaalde'l'am,khAldaL khAldELam,khāldal̤ khāldĕl̤am,kʰɑːld̪əɭ kʰɑːld̪eɭəm,basement,அடித்தளம்,Politics,words
ꢃꢤꢵꢬꢸ ꢨꢵꢡ꣄ꢫꢡꣁ,आधारु बाद्यता॑,ஆதா4ரு பா3த்யதொ,aadhaaru baatyato',AdhAru bAtyatO,ādhāru bātyatŏ,ɑːd̪ʰɑːɾu bɑːt̪jət̪o,fundamental right,அடிப்படையுரிமை,Politics,words
ꢱ꣄ꢬꢿꢠꢶꢗꢵꢭ꣄,स्रेणिचाल,ஸ்ரேணிசால்,srenichaal,sreNicAl,sreṇicāl,s̪ɾeːɳɪt͡ʃɑːl,parade,அணிவகுப்பு,Politics,words
ꢂꢡ꣄ꢒꢫꢵꢬ꣄,अत्क्यार्,அத்க்யார்,atkayaar,atkayAr,atkayār,ət̪kəjɑːɾ,"power, authority",அதிகாரம்,Politics,words
ꢂꢡ꣄ꢒ꣄ꢫꢵꢬꢶ,अत्क्यारि,அத்க்யாரி,atkyaari,atkyAri,atkyāri,ət̪kjɑːɾɪ,officer,அதிகாரி,Politics,words
ꢪꢥ꣄ꢡ꣄ꢬꢶ ꢒꢵꢬ꣄ꢫꢵꢭꢫꣁ,मन्त्रि कार्यालया॑,மந்த்ரிகார்யாலயொ,mantri kaaryaalayo',mantri kAryAlayO,mantri kāryālayŏ,mən̪t̪ɾɪ kɑːɾjɑːləjo,ministry,அமைச்சகம்,Politics,words
ꢪꢥ꣄ꢡ꣄ꢬꢶ,मन्त्रि,மந்த்ரி,mantri,mantri,mantri,mən̪t̪ɾɪ,minister,அமைச்சர்,Politics,words
ꢂꢪꢵꢡ꣄ꢫꣁ,अमात्या॑,அமாத்யொ,amaatyo',amAtyO,amātyŏ,əmɑːt̪jo,minister,அமைச்சர்,Politics,words
ꢪꢥ꣄ꢡ꣄ꢬꢶꢱꢨꣁ,मन्त्रिसबा॑,மந்த்ரிஸபொ3,mantrisabo',mantrisabO,mantrisabŏ,mən̪t̪ɾɪs̪əbo,cabinet,அமைச்சரவை,Politics,words
ꢯꢵꢥ꣄ꢡꢶ,शान्ति,ஶாந்தி,shaanti,zAnti,śānti,ʃɑːn̪t̪ɪ,peace,அமைதி,Politics,words
ꢱꢖ꣄ꢕꢜꢶꢒꣁ,सङ्घटिका॑,ஸங்க4டிகொ,sanghat'iko',saGghaTikO,saṅghaṭikŏ,s̪əŋgʰəʈɪko,organizer,அமைப்பாளர்,Politics,words
ꢱꢛ꣄ꢗꢭꢥꢒꢵꢬꣁ,सञ्चलनकारा॑,ஸஞ்சலனகாரொ,sanchalanakaaro',saJcalanakArO,sañcalanakārŏ,s̪əɲt͡ʃələn̪əkɑːɾo,organizer,அமைப்பாளர்,Politics,words
ꢮꢶꢣꢿꢱ꣄,विदेस्,விதே3ஸ்,vides,vides,vides,ʋɪd̪eːs̪,foreign country,அயல்நாடு,Politics,words
ꢩꢬꢳꢡꢿꢱ꣄,भरळदेस्,ப4ரளதே3ஸ்,bharal'ates,bharaLates,bharal̤ates,bʰəɾəɭət̪eːs̪,foreign country,அயல்நாடு,Politics,words
ꢬꢙꣁ,रजा॑,ரஜொ,rajo',rajO,rajŏ,ɾəd͡ʒo,king,அரசன்,Politics,words
ꢬꢵꢜ꣄,राट,ராட்,raat',rAT,rāṭ,ɾɑːʈ,king,அரசன்,Politics,words
ꢩꢹꢦꣁ,भूपा॑,பூ4பொ,bhoopo',bhUpO,bhūpŏ,bʰuːpo,king,அரசன்,Politics,words
ꢩꢹꢦꢡꢶ,भूपति,பூ4பதி,bhoopati,bhUpati,bhūpati,bʰuːpət̪ɪ,king,அரசன்,Politics,words
ꢬꢠꢶ,रणि,ரணி,rani,raNi,raṇi,ɾəɳɪ,queen,அரசி,Politics,words
ꢬꢵꢜꢳꢶ,राटाळि,ராடளி,raat'al'i,rATaLi,rāṭal̤i,ɾɑːʈəɭɪ,queen,அரசி,Politics,words
ꢱꢪ꣄ꢱ꣄ꢢꢵꢦꢥꣁ,सम्स्थापना॑,ஸம்ஸ்தா2பனொ,samsthaapano',samsthApanO,samsthāpanŏ,s̪əms̪t̪ʰɑːpən̪o,constitution,அரசியல் சட்டம்,Politics,words
ꢱꢪ꣄ꢮꢶꢤꢵ,सम्विधा,ஸம்விதா4,samvidhaa,samvidhA,samvidhā,s̪əmʋɪd̪ʰɑː,constitution,அரசியல் சட்டம்,Politics,words
ꢬꢵꢙꢥꢷꢡꢶꢮꢵꢥ꣄,राजनीतिवान,ராஜநீதிவான்,raajaneetivaan,rAjanItivAn,rājanītivān,ɾɑːd͡ʒən̪iːt̪ɪʋɑːn̪,politician,அரசியல்வாதி,Politics,words
ꢱꢬ꣄ꢒꢵꢬ꣄,सर्कार,ஸர்கார்,sarkaar,sarkAr,sarkār,s̪əɾkɑːɾ,government,அரசு,Politics,words
ꢬꢵꢙꢵꢖ꣄ꢔꢸ,राजाङ्गु,ராஜாங்கு3,raajaangu,rAjAGgu,rājāṅgu,ɾɑːd͡ʒɑːŋgu,government,அரசு,Politics,words
ꢬꢵꢙ꣄ꢩꢮꢥ꣄,राज्भवन,ராஜ்ப4வன்,raajbhavan,rAjbhavan,rājbhavan,ɾɑːd͡ʒbʰəʋən̪,government house,அரசமாளிகை,Politics,words
ꢬꢮꢸꢳ꣄,रवुळ्,ரவுள்,ravul',ravuL,ravul̤,ɾəʋuɭ,palace,அரண்மனை,Politics,words
ꢦ꣄ꢬꢵꢱꢵꢣꣁ,प्रासादा॑,ப்ராஸாதொ3,praasaado',prAsAdO,prāsādŏ,pɾɑːs̪ɑːd̪o,palace,அரண்மனை,Politics,words
ꢍꢒꢒ꣄,एकक्,ஏகக்,ekak,ekak,ekak,eːkək,unit,அலகு,Politics,words
ꢄꢒꢵꢫ꣄,इकाय,இகாய்,ikaay,ikAy,ikāy,ɪkɑːj,unit,அலகு,Politics,words
ꢭꢵꢜ꣄,लाट्,லாட்,laat',lAT,lāṭ,lɑːʈ,wave,அலை,Politics,words
ꢒꢵꢬ꣄ꢫꢵꢭꢫ ꢩꢰꣁ,कार्यालय भाषा॑,கார்யாலய பா4ஷொ,kaaryaalaya bhasho',kAryAlaya bhaSO,kāryālaya bhaṣŏ,kɑːɾjɑːləjə bʰəʂo,official language,அலுவலகமொழி,Politics,words
ꢂꢡ꣄ꢒꢵꢬꢶ,अत्कारि,அத்காரி,atkaari,atkAri,atkāri,ət̪kɑːɾɪ,officer,அதிகாரி,Politics,words
ꢂꢮ꣄ꢱꢬꢸ ꢱꢵꢱꢥꣁ,अव्सरु सासना॑,அவ்ஸரு ஸாஸனொ,avsaru saasano',avsaru sAsanO,avsaru sāsanŏ,əʋs̪əɾu s̪ɑːs̪ən̪o,emergency rule,அவசரச்சட்டம்,Politics,words
ꢃꢦꢡ꣄ꢒꢵꢭꢸ ꢱꢵꢱꢥꣁ,आपत्कालु सासना॑,ஆபத்காலு ஸாஸனொ,aapatkaalu saasano',ApatkAlu sAsanO,āpatkālu sāsanŏ,ɑːpət̪kɑːlu s̪ɑːs̪ən̪o,emergency rule,அவசரச்சட்டம்,Politics,words
ꢂꢮ꣄ꢱꢬ꣄ꢱ꣄ꢢꢶꢡꢶ,अव्सर्स्थिति,அவ்ஸர் ஸ்தி2தி,avsarsthiti,avsarsthiti,avsarsthiti,əʋs̪əɾs̪t̪ʰɪt̪ɪ,emergency,அவசரநிலை,Politics,words
ꢨꣁꢮ꣄ꢥꢶꢕꢵꢜ꣄,बा॑व्निघाट्,பொ3வ்நி கா4ட்,bo'vnighaat',bOvnighAT,bŏvnighāṭ,boʋn̪ɪgʰɑːʈ,calling bell,அழைப்புமணி,Politics,words
ꢦꢬꢶꢪꢵꢠ꣄,परिमाण,பரிமாண்,parimaan,parimAN,parimāṇ,pəɾɪmɑːɳ,size,பரிமாணம்,Politics,words
ꢦ꣄ꢬꢒꢜꢥꣁ,प्रकटना॑,ப்ரகடனொ,prakat'ano',prakaTanO,prakaṭanŏ,pɾəkəʈən̪o,report,அறிக்கை,Politics,words
ꢃꢮꢿꢣꢥꣁ,आवेदना॑,ஆவேத3னொ,aavedano',AvedanO,āvedanŏ,ɑːʋeːd̪ən̪o,report,அறிக்கை,Politics,words
ꢮꢶꢰꢫꢒꢳꢞ꣄ꢠꢶ,विषयकळट्णि,விஷயகளட்3ணி,vishayakal'ad'ni,viSayakaLaDNi,viṣayakal̤aḍṇi,ʋɪʂəjəkəɭəɖɳɪ,report,அறிக்கை,Politics,words
ꢦ꣄ꢬꢒꢞ꣄ꢠꢵꢬ꣄,प्रकड्णार,ப்ரகட்3ணார்,prakad'naar,prakaDNAr,prakaḍṇār,pɾəkəɖɳɑːɾ,announcer,அறிவிப்பாளர்,Politics,words
ꢦ꣄ꢬꢒꢞꢠꣁꢒꢾꢬ꣄ꢥꢵꢬ꣄,प्रकडणा॑ क॑र्नार,ப்ரகட3ணொ கெர்னார்,prakad'ano'ke'rnaar,prakaDaNOkErnAr,prakaḍaṇŏkĕrnār,pɾəkəɖəɳokeɾn̪ɑːɾ,announcer,அறிவிப்பாளர்,Politics,words
ꢮꢶꢰꢫꢸ ꢒꢳꢞ꣄ꢥꢵꢬ꣄,विषयु कळड्नार,விஷயு களட்3னார்,vishayu kal'ad'naar,viSayu kaLaDnAr,viṣayu kal̤aḍnār,ʋɪʂəju kəɭəɖn̪ɑːɾ,announcer,அறிவிப்பாளர்,Politics,words
ꢱꢹꢗꢥꣁ,सूचना॑,ஸூசனொ,soochano',sUcanO,sūcanŏ,s̪uːt͡ʃən̪o,"notice, announcement",அறிவிப்பு,Politics,words
ꢱꢹꢗꢥꢵ ꢦꣁꢭ꣄ꢒꣁ,सूचना पा॑ल्का॑,ஸூசனாபொல்கொ,soochanaa po'lko',sUcanA pOlkO,sūcanā pŏlkŏ,s̪uːt͡ʃən̪ɑː polko,notice board,அறிவிப்புப் பலகை,Politics,words
ꢂꢥꢸꢪꢡ꣄,अनुमत्,அனுமத்,anumat,anumat,anumat,ən̪umət̪,permission,அனுமதி,Politics,words
ꢂꢥꢸꢪꢡ꣄ ꢱꢹꢗꢶ,अनुमत्सूचि,அனுமத்ஸூசி,anumat soochi,anumat sUci,anumat sūci,ən̪umət̪ s̪uːt͡ʃɪ,permit,அனுமதிச் சீட்டு,Politics,words
ꢂꢥꢸꢩꢮ꣄,अनुभव,அனுப4வ்,anubhav,anubhav,anubhav,ən̪ubʰəʋ,experi ence,அனுபவம்,Politics,words
ꢒꢨ꣄ꢙꣁ,कब्जा॑,கப்3ஜொ,kabjo',kabjO,kabjŏ,kəbd͡ʒo,encroachment,ஆக்கிரமிப்பு,Politics,words
ꢃꢒ꣄ꢬꢪꢠꣁ,आक्रमणा॑,ஆக்ரமணொ,aakramano',AkramaNO,ākramaṇŏ,ɑːkɾəməɳo,encroachment,ஆக்கிரமிப்பு,Politics,words
ꢱꢵꢱꢥꣁ,सासना॑,ஸாஸனொ,saasano',sAsanO,sāsanŏ,s̪ɑːs̪ən̪o,rule,ஆட்சி,Politics,words
ꢱꣃꢱꢱ꣄ꢡꢾ,सौसस्ते,ஸௌஸஸ்தே,sausaste',sausastE,sausastĕ,s̪əus̪əs̪t̪e,rule,ஆட்சி,Politics,words
ꢱꣃꢱꢶꢥꢶ,सौसिनि,ஸௌஸினி,sausini,sausini,sausini,s̪əus̪ɪn̪ɪ,rule,ஆட்சி,Politics,words
ꢬꢵꢙ꣄ꢫ ꢩꢰꣁ,राज्य भाषा॑,ராஜ்யபா4ஷொ,raajya bhasho',rAjya bhaSO,rājya bhaṣŏ,ɾɑːd͡ʒjə bʰəʂo,administrative language,ஆட்சிமொழி,Politics,words
ꢃꢙ꣄ꢛꢾ,आजञो,ஆஜ்ஞொ,aajnye',AjJE,ājñĕ,ɑːd͡ʒɲe,order,ஆணை,Politics,words
ꢥꢶꢫꣂꢔꣁ,नियोगा॑,நியோகொ3,niyogo',niyogO,niyogŏ,n̪ɪjoːgo,commission,ஆணையம்,Politics,words
ꢃꢫꣂꢔ꣄,आयोग,ஆயோக்3,aayog,Ayog,āyog,ɑːjoːg,commission,ஆணையம்,Politics,words
ꢥꢶꢫꣂꢔꢶ,नियोगि,நியோகி3,niyogi,niyogi,niyogi,n̪ɪjoːgɪ,commissioner,ஆணையர்,Politics,words
ꢃꢫꣂꢒꢶ,आयोगि,ஆயோகி3,aayoki,Ayoki,āyoki,ɑːjoːkɪ,commissioner,ஆணையர்,Politics,words
ꢂꢣ꣄ꢭꢥ꣄,अद्लन,அத்3லன்,adlan,adlan,adlan,əd̪lən̪,support,ஆதரவு,Politics,words
ꢂꢣ꣄ꢥꢶ,अद्नि,அத்3னி,adni,adni,adni,əd̪n̪ɪ,support,ஆதரவு,Politics,words
ꢭꢵꢨ꣄,लाब्,லாப்3,laab,lAb,lāb,lɑːb,profit,ஆதாயம்,Politics,words
ꢂꢣꢵꢮ꣄,अदाव,அதா3வ்,adaav,adAv,adāv,əd̪ɑːʋ,profit,ஆதாயம்,Politics,words
ꢦ꣄ꢬꢩꢸꢡ꣄ꢮꣁ,प्रभुत्वा॑,ப்ரபு4த்வொ,prabhutvo',prabhutvO,prabhutvŏ,pɾəbʰut̪ʋo,domination,ஆதிக்கம்,Politics,words
ꢂꢬ꣄ꢒ꣄ꢫꢵꢬ꣄,अर्क्यार,அர்க்யார்,arkyaar,arkyAr,arkyār,əɾkjɑːɾ,domination,ஆதிக்கம்,Politics,words
ꢃꢤꢶꢦꢡ꣄ꢫꣁ,आधिपत्या॑,ஆதி4பத்யொ,aadhipatyo',AdhipatyO,ādhipatyŏ,ɑːd̪ʰɪpət̪jo,domination,ஆதிக்கம்,Politics,words
ꢆꢡ꣄ꢦꢵꢣꢥꢱꢸꢭ꣄ꢒꣁ,उत्पादनसुल्को,உத்பாத3னஸுல்கொ,utpaadanasulko',utpAdanasulkO,utpādanasulkŏ,ut̪pɑːd̪ən̪əs̪ulko,excise duty,ஆயத்தீர்வை,Politics,words
ꢱꢸꢭ꣄ꢒꣁ,सुल्का॑,ஸுல்கொ,sulko',sulkO,sulkŏ,s̪ulko,tax,ஆயம்,Politics,words
ꢒꢬꣁ,करा॑,கரொ,karo',karO,karŏ,kəɾo,tax,ஆயம்,Politics,words
ꢃꢫꢸꢱ꣄ꢣꢠ꣄ꢞꢥꣁ,आयुस्दण्डना॑,ஆயுஸ்த3ண்ட3னொ,aayusdand'ano',AyusdaNDanO,āyusdaṇḍanŏ,ɑːjus̪d̪əɳɖən̪o,life imprisonment,ஆயுள் தண்டனை,Politics,words
ꢆꢡ꣄ꢱꢵꢲ꣄,उत्साह,உத்ஸாஹ்,utsaah,utsAh,utsāh,ut̪s̪ɑːɦ,zeal,ஆர்வம்,Politics,words
ꢒꢮ꣄ꢡꢸꢒꣁ,कव्तुका॑,கவ்துகொ,kavtuko',kavtukO,kavtukŏ,kəʋt̪uko,zeal,ஆர்வம்,Politics,words
ꢃꢭꣂꢱꢥꣁ,आलोसना॑,ஆலோஸனொ,aalosano',AlosanO,ālosanŏ,ɑːloːs̪ən̪o,suggestion,ஆலோசனை,Politics,words
ꢂꢩꢶꢦ꣄ꢬꢵꢫꢸ,अभिप्रायु,அபி4ப்ராயு,abhipraayu,abhiprAyu,abhiprāyu,əbʰɪpɾɑːju,suggestion,ஆலோசனை,Politics,words
ꢭꢶꢓꢾꢦꢡ꣄ꢡꢬ꣄,लिख॑पत्तर,லிகெ2பத்தர்,likhe'pattar,likhEpattar,likhĕpattar,lɪkʰepət̪t̪əɾ,record/document,ஆவணம்,Politics,words
ꢭꢿꢓ ꢦ꣄ꢬꢪꢵꢠꣁ,लेख प्रमाणा॑,லேக2 ப்ரமாணொ,lekha pramaano',lekha pramANO,lekha pramāṇŏ,leːkʰə pɾəmɑːɳo,record/document,ஆவணம்,Politics,words
ꢱꢵꢱꢥꢦꢒ꣄ꢰꣁ,सासन पक्षो,ஸாஸனபக்ஷொ,saasanapaksho',sAsanapakSO,sāsanapakṣŏ,s̪ɑːs̪ən̪əpəkʂo,ruling party,ஆளுங்கட்சி,Politics,words
ꢬꢵꢙ꣄ꢦꢵꢭ꣄,राज्पाल्,ராஜ்பால்,raajpaal,rAjpAl,rājpāl,ɾɑːd͡ʒpɑːl,governor,ஆளுநர்,Politics,words
ꢬꢵꢙ꣄ꢦꢵꢭꢥꣁ,राज्पालना॑,ராஜபாலனொ,raajpaalano',rAjpAlanO,rājpālanŏ,ɾɑːd͡ʒpɑːlən̪o,governance,ஆளுமை,Politics,words
ꢏꢦ꣄ꢦꢶꢭꢶꢥꢶ,आ॑प्पिलिनि,ஒப்பிலினி,o'ppilini,Oppilini,ŏppilini,oppɪlɪn̪ɪ,"consent, accord",இசைவு,Politics,words
ꢱꢪ꣄ꢪꢡ꣄,सम्मत,ஸம்மத்,sammat,sammat,sammat,s̪əmmət̪,"consent, accord",இசைவு,Politics,words
ꢒꢨꢥ꣄ꢣꢸꢱꢬ꣄ꢒꢵꢬ꣄,कबन्दु सर्कार्,கப3ந்து3ஸர்கார்,kabandusarkaar,kabandusarkAr,kabandusarkār,kəbən̪d̪us̪əɾkɑːɾ,interim government,இடைக்கால அரசு,Politics,words
ꢂꢥ꣄ꢡꢬ꣄ꢥꢶꢰꢾꢤ꣄,अन्तर्निषेध,அந்தர்நிஷேத்4,antarnishe'dh,antarniSEdh,antarniṣĕdh,ən̪t̪əɾn̪ɪʂed̪ʰ,interim stay,இடைக்காலத் தடை,Politics,words
ꢪꢴꢣ꣄ꢣꢶꢪꢸ ꢲꢶꢨ꣄ꢨꢞ꣄ꢠꢶ,म्हद् मद्दिमु हिब्बड्णि,ம:த்3தி3மு ஹிப்3ப3ட்3ணி,mhaddimu hibbad'ni,mhaddimu hibbaDNi,mhaddimu hibbaḍṇi,mɦəd̪d̪ɪmu ɦɪbbəɖɳɪ,interim stay,இடைக்காலத் தடை,Politics,words
ꢣꢾꢬ꣄ꢒꢭꢶ,तेर्कलि,தெர்களி,de'rkali,dErkali,dĕrkali,d̪eɾkəlɪ,"middle man, broker",இடைத்தரகர்,Politics,words
ꢪꢴꢣ꣄ꢫꢮꢬ꣄ꢡꢶ,म्हद्यवर्ति,ம:த்3யவர்தி,mhadyavarti,mhadyavarti,mhadyavarti,mɦəd̪jəʋəɾt̪ɪ,"middle man, broker",இடைத்தரகர்,Politics,words
ꢂꢮ꣄ꢞꢒꢵꢭꢸ ꢗꢸꢥꢵꢮ꣄,अव्डकालु चुनाव,அவ்ட3காலுசுனாவ்,avd'akaalu chunaav,avDakAlu cunAv,avḍakālu cunāv,əʋɖəkɑːlu t͡ʃun̪ɑːʋ,mid-term pole,இடைத்தேர்தல்,Politics,words
ꢪꢴꢣ꣄ꢣꢶꢪ꣄ ꢲꢶꢨ꣄ꢨꢞ꣄ꢠꢶ,म्हद्दिमहिब्बड्णि अवलम्बना॑,ம:த்3தி3ம் ஹிப்3ப3ட்3ணி,mhaddim hibbad'ni,mhaddim hibbaDNi,mhaddim hibbaḍṇi,mɦəd̪d̪ɪm ɦɪbbəɖɳɪ,suspension/interruption,இடைநிறுத்தம்,Politics,words
ꢂꢮꢭꢪ꣄ꢨ꣄ꢥꣁ,तत्कालु हिब्बड्णि,அவலம்ப3னொ,avalambno',avalambnO,avalambnŏ,əʋələmbn̪o,suspension/interruption,இடைநிறுத்தம்,Politics,words
ꢡꢡ꣄ꢒꢵꢭꢸ ꢲꢶꢨ꣄ꢨꢞ꣄ꢠꢶ,तत्कालु हिब्बड्णि,தத்காலு ஹிப்3ப3ட்3ணி,tatkaalu hibbad'ni,tatkAlu hibbaDNi,tatkālu hibbaḍṇi,t̪ət̪kɑːlu ɦɪbbəɖɳɪ,suspension/interruption,இடைநிறுத்தம்,Politics,words
ꢌꢠ꣄ꢔꢶꢥꢶ,ए॑ण्गिनि,எண்கி3னி,e'ngini,ENgini,ĕṇgini,eɳgɪn̪ɪ,accordance,இணக்கம்,Politics,words
ꢂꢥꢸꢬꢹꢦꢡꣁ,अनुरूपता॑,அனுரூபதொ,anuroopato',anurUpatO,anurūpatŏ,ən̪uɾuːpət̪o,accordance,இணக்கம்,Politics,words
ꢱꢲ ꢪꢥ꣄ꢡꢶꢬꢶ,सह मन्तिरि,ஸஹ மந்திரி,saha mantiri,saha mantiri,saha mantiri,s̪əɦə mən̪t̪ɪɾɪ,minister for state,இணையமைச்சர்,Politics,words
ꢱꢾꢬ꣄ꢗꢥ꣄ꢩꢵꢰꣁ,च॑र्चन्भाषा॑,செர்சன்பா4ஷொ,se'rchanbhaasho',sErcanbhASO,sĕrcanbhāṣŏ,s̪eɾt͡ʃən̪bʰɑːʂo,link language,இணைப்புமொழி,Politics,words
ꢱꢥ꣄ꢣꢶ ꢩꢵꢰꣁ,सन्दि भाषा॑,ஸந்தி3 பா4ஷொ,sandi bhaasho',sandi bhASO,sandi bhāṣŏ,s̪ən̪d̪ɪ bʰɑːʂo,link language,இணைப்புமொழி,Politics,words
ꢱꢪ꣄ꢫꢸꢒ꣄ꢡ ꢱꢖ꣄ꢕꣁ,सम्युक्त सङ्घा॑,ஸம்யுக்த ஸங்கொ4,samyukta sangho',samyukta saGghO,samyukta saṅghŏ,s̪əmjukt̪ə s̪əŋgʰo,federation,இணையம்,Politics,words
ꢱꢛ꣄ꢙꢶꢒꢾ,सञ्जिका॑,ஸஞ்ஜிகொ,sanjike',saJjikE,sañjikĕ,s̪əɲd͡ʒɪke,issue,இதழ்,Politics,words
ꢩꢵꢬꢡꢥꢶꢬ꣄ꢮꢵꢲꢸꢱꢿꢮꣁ,भारत निर्वाहु सेवा॑,பா4ரதநிர்வாஹுஸேவொ,bhaaratanirvaahusevo',bhAratanirvAhusevO,bhāratanirvāhusevŏ,bʰɑːɾət̪ən̪ɪɾʋɑːɦus̪eːʋo,Indian Admini strative Service,இந்திய ஆட்சிப்பணி,Politics,words
ꢩꢵꢬꢡ ꢂꢦꢬꢵꢤꢸ ꢱꢵꢱꢥꣁ,भारत अपराधु सासना॑,பா4ரதஅபராது4 ஸாஸனொ,bhaarata aparaadhu saasano',bhArata aparAdhu sAsanO,bhārata aparādhu sāsanŏ,bʰɑːɾət̪ə əpəɾɑːd̪ʰu s̪ɑːs̪ən̪o,Indian Penal Code-IPC,இந்தியக் குற்றவியல் சட்டம்,Politics,words
ꢃꢥ꣄ꢣꣂꢭ꣄,आन्दोल,ஆந்தோ3ல்,aandol,Andol,āndol,ɑːn̪d̪oːl,movement,இயக்கம்,Politics,words
ꢒꢵꢬ꣄ꢫꢵꢭꢫ ꢱꢖ꣄ꢔꢪꣁ,कार्यालय सङ्गमा॑,கார்யாலய ஸங்க3மொ,kaaryaalaya sangamo',kAryAlaya saGgamO,kāryālaya saṅgamŏ,kɑːɾjɑːləjə s̪əŋgəmo,directorate,இயக்ககம்,Politics,words
ꢥꢶꢬ꣄ꢮꢵꢲꢶ,निर्वाहि,நிர்வாஹி,nirvaahi,nirvAhi,nirvāhi,n̪ɪɾʋɑːɦɪ,director,இயக்குநர்,Politics,words
ꢥꢶꢬ꣄ꢣꢿꢱꢒ꣄,निर्देसक,நிர்தே3ஸக்,nirdesak,nirdesak,nirdesak,n̪ɪɾd̪eːs̪ək,director,இயக்குநர்,Politics,words
ꢂꢤ꣄ꢫꢒ꣄ꢰꣁ,अध्यक्षो,அத்4யக்ஷொ,adhyaksho',adhyakSO,adhyakṣŏ,əd̪ʰjəkʂo,director,இயக்குநர்,Politics,words
ꢂꢣ꣄ꢫꢵꢫ꣄,अद्याय,அத்3யாய்,adyaay,adyAy,adyāy,əd̪jɑːj,chapter,இயல்,Politics,words
ꢗꢬ꣄ꢒꢵ,चर्का,சர்கா,charkaa,carkA,carkā,t͡ʃəɾkɑː,charkha,இராட்டை,Politics,words
ꢆꢬꢵꢮ꣄ꢱꣁꢬꢵꢮ꣄,उराव्सा॑राव,உராவ்ஸொராவ்,uraavso'raav,urAvsOrAv,urāvsŏrāv,uɾɑːʋs̪oɾɑːʋ,"stock, balance",இருப்பு,Politics,words
ꢭꢒ꣄ꢰꢫꣁ,लक्ष्या॑,லக்ஷ்யொ,lakshayo',lakSayO,lakṣayŏ,ləkʂəjo,target,இலக்கு,Politics,words
ꢪꢸꢣ꣄ꢬꣁ,मुद्रा॑,முத்3ரொ,mudro',mudrO,mudrŏ,mud̪ɾo,"stamp, seal",இலச்சினை,Politics,words
ꢮꢶꢩꢵꢒ,विभाक,விபா4க்3,vibhaaka,vibhAka,vibhāka,ʋɪbʰɑːkə,department,இலாகா,Politics,words
ꢫꢸꢮꢬꢵꢜ꣄,युवराट्,யுவராட்,yuvaraat',yuvarAT,yuvarāṭ,juʋəɾɑːʈ,prince,இளவரசன்,Politics,words
ꢫꢸꢮꢬꢵꢠꢶ,युवराणि,யுவராணி,yuvaraani,yuvarANi,yuvarāṇi,juʋəɾɑːɳɪ,princess,இளவரசி,Politics,words
ꢫꢸꢮꢬꢵꢙ꣄ꢛꢶ,युवराजञि,யுவராஜ்ஞி,yuvaraajnyi,yuvarAjJi,yuvarājñi,juʋəɾɑːd͡ʒɲɪ,princess,இளவரசி,Politics,words
ꢲꢸꢡ꣄ꢡꢸꢬꢵꢮ꣄,हुत्तुराव,ஹுத்துராவ்,hutturaav,hutturAv,hutturāv,ɦut̪t̪uɾɑːʋ,import,இறக்குமதி,Politics,words
ꢲꢸꢡ꣄ꢡꢸꢬꢵꢜ꣄,हुत्तुराट,ஹுத்துராட்,hutturaat',hutturAT,hutturāṭ,ɦut̪t̪uɾɑːʈ,import,இறக்குமதி,Politics,words
ꢦ꣄ꢬꢡꢶ ꢧꣁꢳ꣄꣄,प्रतिफोळ,ப்ரதிபோ2ள்,prati pho'l',prati phOL,prati phŏl̤,pɾət̪ɪ pʰoɭ,compensation,ஈடு,Politics,words
ꢆꢖ꣄ꢙꢪꢶꢡꢶ,उञचमिति,உஞ்சமிதி,ungjamiti,uGjamiti,uṅjamiti,uŋd͡ʒəmɪt̪ɪ,ceiling,உச்சவரம்பு,Politics,words
ꢆꢳ꣄ꢳꢸ,उळ्ळु,உள்ளு,ul'l'u,uLLu,ul̤l̤u,uɭɭu,abetment,உடந்தை,Politics,words
ꢱꢲꢗꢵꢬ꣄,सहचार्,ஸஹசார்,sahachaar,sahacAr,sahacār,s̪əɦət͡ʃɑːɾ,"agreement, treaty, pact",உடன்படிக்கை,Politics,words
ꢱꢥ꣄ꢤꢶ,सन्धि,ஸந்தி4,sandhi,sandhi,sandhi,s̪ən̪d̪ʰɪ,"agreement, treaty, pact",உடன்படிக்கை,Politics,words
ꢦꢬꢱ꣄ꢦꢬ ꢱꢪ꣄ꢪꢥ꣄ꢣꣁ,परस्पर सम्मन्दा॑,பரஸ்பர ஸம்மந்தொ3,paraspara sammando',paraspara sammandO,paraspara sammandŏ,pəɾəs̪pəɾə s̪əmmən̪d̪o,co - relation,உடனுறவு,Politics,words
ꢦꢬꢱ꣄ꢦꢬ ꢏꢱ꣄ꢡꢦꢥ꣄,परस्पर आ॑स्तपन,பரஸ்பர ஒஸ்தபன்,paraspara o'stapan,paraspara Ostapan,paraspara ŏstapan,pəɾəs̪pəɾə os̪t̪əpən̪,co - relation,உடனுறவு,Politics,words
ꢃꢲꢵꢬꢸ ꢮꢶꢩꢵꢔ꣄,आहारु विभाग,ஆஹாரு விபா4க்3,aahaaru vibhaag,AhAru vibhAg,āhāru vibhāg,ɑːɦɑːɾu ʋɪbʰɑːg,food department,உணவுத்துறை,Politics,words
ꢓꢥꢶ ꢮꢶꢩꢵꢔ꣄,खनिविभाग,க2னி விபா4க்3,khani vibhaag,khani vibhAg,khani vibhāg,kʰən̪ɪ ʋɪbʰɑːg,food department,உணவுத்துறை,Politics,words
ꢆꢡ꣄ꢡꢬꢮꢵꢣ꣄,उत्तरवाद,உத்தரவாத்3,uttaravaad,uttaravAd,uttaravād,ut̪t̪əɾəʋɑːd̪,guarantee,உத்தரவாதம்,Politics,words
ꢃꢒ꣄ꢒꢸꢣꣁ,आक्कुtaaq,ஆக்குதொ,aakkudo',AkkudO,ākkudŏ,ɑːkkud̪o,order,உத்தரவு,Politics,words
ꢱꢲꢒꢵꢬ꣄,सहकार,ஸஹகார்,sahakaar,sahakAr,sahakār,s̪əɦəkɑːɾ,aid,உதவி,Politics,words
ꢱꢲꢵꢮ꣄,सहाव,ஸஹாவ்,sahaav,sahAv,sahāv,s̪əɦɑːʋ,aid,உதவி,Politics,words
ꢆꢦ ꢪꢥ꣄ꢡꢶꢬꢶ,उप मन्तिरि,உப மந்திரி,upa mantiri,upa mantiri,upa mantiri,upə mən̪t̪ɪɾɪ,assistant minister,உதவி அமைச்சர்,Politics,words
ꢆꢦ ꢣꢹꢡ ꢥꢶꢮꢵꢱ꣄,उप दूत निवास्,உப தூ4தநிவாஸ்,upa doota nivaas,upa dUta nivAs,upa dūta nivās,upə d̪uːt̪ə n̪ɪʋɑːs̪,consulate,உதவித்தூதரகம்,Politics,words
ꢮꢿꢡꢥꣁ,वेतना॑,வேதனொ,vetano',vetanO,vetanŏ,ʋeːt̪ən̪o,stipend,உதவிப்பணம்,Politics,words
ꢆꢦꢶꢬ꣄,उपिर,உபிர்,upir,upir,upir,upɪɾ,surplus,உபரி,Politics,words
ꢮꢿꢥ꣄,वेन,வேன்,ven,ven,ven,ʋeːn̪,surplus,உபரி,Politics,words
ꢂꢣ꣄ꢣꢶ,अद्दि,அத்3தி3,addi,addi,addi,əd̪d̪ɪ,surplus,உபரி,Politics,words
ꢂꢡꢶꢬꢶꢒ꣄ꢡ,अतिरिक्त,அதிரிக்த,atirikta,atirikta,atirikta,ət̪ɪɾɪkt̪ə,surplus,உபரி,Politics,words
ꢄꢗ꣄ꢗꢵ ꢦꢡ꣄ꢡꢬ꣄,इच्चा पत्तर,இச்சா பத்தர்,ichchaa pattar,iccA pattar,iccā pattar,ɪt͡ʃt͡ʃɑː pət̪t̪əɾ,will,உயில்,Politics,words
ꢂꢥꢸꢒ꣄ꢛꢵ ꢦꢸꢡ꣄ꢬꣁ,अनुकञा पत्रा॑,அனுக்ஞாபத்ரொ,anuknjaa putro',anukJA putrO,anukñā putrŏ,ən̪ukɲɑː put̪ɾo,licence,உரிமம்,Politics,words
ꢨꢵꢣ꣄ꢫꣁ,बाद्या॑,பா3த்3யொ,baadyo',bAdyO,bādyŏ,bɑːd̪jo,right,உரிமை,Politics,words
ꢨꢞ꣄ꢫꢮꢵꢥ꣄,बाद्यवान्,பா3த்3யவான்,bad'yavaan,baDyavAn,baḍyavān,bəɖjəʋɑːn̪,"owner, proprietor",உரிமையாளர்,Politics,words
ꢙꢸꢥꢡ꣄ꢮꢵꢥ꣄,जुनत्वान,ஜுனத்வான்,junatvaan,junatvAn,junatvān,d͡ʒun̪ət̪ʋɑːn̪,farmer,உழவர்,Politics,words
ꢓꢿꢡꢶ,खेति,கே2தி,kheti,kheti,kheti,kʰeːt̪ɪ,farmer,உழவர்,Politics,words
ꢔ꣄ꢬꢲ ꢮꢶꢩꢵꢔ꣄,ग्रह विभाग,க்3ரஹ விபா4க்3,graha vibhaag,graha vibhAg,graha vibhāg,gɾəɦə ʋɪbʰɑːg,home department,உள்துறை,Politics,words
ꢮꢶꢰꢫ ꢱꢸꢗꢶꢒꣁ,विषयसूचिका॑,விஷய ஸூசிகொ,vishaya suchiko',viSaya sucikO,viṣaya sucikŏ,ʋɪʂəjə s̪ut͡ʃɪko,content,உள்ளடக்கம்,Politics,words
ꢂꢥ꣄ꢡꢬ꣄ ꢬꢵꢙ꣄ꢙꢶ,अन्तर्राज्जि,அந்தர்ராஜ்ஜி,antar raajji,antar rAjji,antar rājji,ən̪t̪əɾ ɾɑːd͡ʒd͡ʒɪ,local ad ministration,உள்ளாட்சி,Politics,words
ꢥꢶꢮꢿꢰ꣄ꢫꣁ,निवेष्या॑,நிவேஷ்யொ,niveshyo',niveSyO,niveṣyŏ,n̪ɪʋeːʂjo,input,உள்ளீடு,Politics,words
ꢆꢡ꣄ꢦꢣ꣄,उत्पद,உத்பத்3,utpad,utpad,utpad,ut̪pəd̪,production,உற்பத்தி,Politics,words
ꢆꢡ꣄ꢦꢵꢣꢥꣁ,उत्पादना॑,உத்பாத3னொ,utpaadano',utpAdanO,utpādanŏ,ut̪pɑːd̪ən̪o,production,உற்பத்தி,Politics,words
ꢤꢶꢞꢮꢵꢒ꣄,धिडवाक,தி4ட3வாக்,dhid'avaak,dhiDavAk,dhiḍavāk,d̪ʰɪɖəʋɑːk,oath,உறுதிமொழி,Politics,words
ꢂꢖ꣄ꢔꢱ꣄ꢢꢸ,अङ्गस्थु,அங்க3ஸ்து2,angasthu,aGgasthu,aṅgasthu,əŋgəs̪t̪ʰu,member,உறுப்பினர்,Politics,words
ꢱꣁꢪ꣄ꢨꢸꢳꣁ,सोम्बुळा॑,ஸொம்பு3ளொ,so'mbul'o',sOmbuLO,sŏmbul̤ŏ,s̪ombuɭo,"salary, emo luments",ஊதியம்,Politics,words
ꢮꢾꢡꢥꣁ,वेतना॑,வேதனொ,ve'tano',vEtanO,vĕtanŏ,ʋet̪ən̪o,"salary, emo luments",ஊதியம்,Politics,words
ꢮꢵꢲꢥꣁ,वाहना॑,வாஹனொ,vaahano',vAhanO,vāhanŏ,ʋɑːɦən̪o,vehicle,ஊர்தி,Politics,words
ꢙꢵꢥ꣄ꢮꢵꢱ꣄,जान्वास,ஜான்வாஸ்,jaanvaas,jAnvAs,jānvās,d͡ʒɑːn̪ʋɑːs̪,procession,ஊர்வலம்,Politics,words
ꢱꣂꢩꢵꢫꢵꢡ꣄ꢬꣁ,सोभा यात्रा॑,ஸோபா4 யாத்ரொ,sobhaayaatro',sobhAyAtrO,sobhāyātrŏ,s̪oːbʰɑːjɑːt̪ɾo,procession,ஊர்வலம்,Politics,words
ꢏꢬꢵꢡ꣄,ओरात,ஒராத்,o'raat,OrAt,ŏrāt,oɾɑːt̪,procession,ஊர்வலம்,Politics,words
ꢗꢸꢜ꣄ꢜꢸ,चुट्टु,சுட்டு,chut't'u,cuTTu,cuṭṭu,t͡ʃuʈʈu,procession,ஊர்வலம்,Politics,words
ꢔꢶꢬꢵꢪ꣄ꢫꣁ,गिराम्या॑,க்3ராம்யொ,giraamyo',girAmyO,girāmyŏ,gɪɾɑːmjo,rural,ஊரகம்,Politics,words
ꢔꢵꢪꢠ꣄ꢗꢥ꣄,गामण्चन्,கா3மண்சன்,gaamanchan,gAmaNcan,gāmaṇcan,gɑːməɳt͡ʃən̪,curfew,ஊரடங்கு,Politics,words
ꢱꢛ꣄ꢗꢵꢬꢸ ꢥꢰꢿꢤꢥꣁ,सञचारु निषेधना॑,ஸஞ்சாரு நிஷேத4னொ,sanchaaru nashedhano',saJcAru naSedhanO,sañcāru naṣedhanŏ,s̪əɲt͡ʃɑːɾu n̪əʂeːd̪ʰən̪o,curfew,ஊரடங்கு,Politics,words
ꢦꢠꢖ꣄ꢗꢵꢫꢡ꣄ ꢬꢵꢙ꣄ꢙꢶ,पञ्चायत्राज्जि,பஞ்சாயத் ராஜ்ஜி,panangchaayat raajji,paNaGcAyat rAjji,paṇaṅcāyat rājji,pəɳəŋt͡ʃɑːjət̪ ɾɑːd͡ʒd͡ʒɪ,panchayat,ஊராட்சி,Politics,words
ꢦꢖ꣄ꢗꢵꢫꢡꢕꢿꢬ꣄,पञ्चायघेर्,பஞ்சாயதுகே4ர்,pangchaayatagher,paGcAyatagher,paṅcāyatagher,pəŋt͡ʃɑːjət̪əgʰeːɾ,panchayat union,ஊராட்சி ஒன்றியம்,Politics,words
ꢨ꣄ꢬꢰ꣄ꢜꢵꢗꢵꢬ꣄,ब्रष्टाचार,ப்3ரஷ்டாசார்,brasht'aachaar,braSTAcAr,braṣṭācār,bɾəʂʈɑːt͡ʃɑːɾ,corruption,ஊழல்,Politics,words
ꢪꢭꢶꢥꢵꢗꢵꢬ꣄,मलिनाचार,மலினாசார்,malinaachaar,malinAcAr,malinācār,məlɪn̪ɑːt͡ʃɑːɾ,corruption,ஊழல்,Politics,words
ꢱꢿꢮꣁ,सेवा॑,ஸேவொ,sevo',sevO,sevŏ,s̪eːʋo,service,ஊழியம்,Politics,words
ꢱꢿꢮꢒꣁ,सेवका॑,ஸேவகொ,sevako',sevakO,sevakŏ,s̪eːʋəko,servant,ஊழியர்,Politics,words
ꢱꢿꢮꣁ ꢒꢾꢬ꣄ꢥꢵꢬ꣄,सेवा॑ केर्नार,ஸேவொ கெர்னார்,sevo' ke'rnaar,sevO kErnAr,sevŏ kĕrnār,s̪eːʋo keɾn̪ɑːɾ,servant,ஊழியர்,Politics,words
ꢱꢖ꣄ꢓ꣄ꢫꢵꢦꣁꢭ꣄ꢒꣁ,सङ्खयापा॑ल्का॑,ஸங்க்2யா பொல்கொ,sankhyaapo'lko',saGkhyApOlkO,saṅkhyāpŏlkŏ,s̪əŋkʰjɑːpolko,number plate,எண்பலகை,Politics,words
ꢮꢶꢩꢒ꣄ꢰꢸ,विभक्षउ,விப4க்ஷு,vibhakshu,vibhakSu,vibhakṣu,ʋɪbʰəkʂu,opposition party,எதிர்க்கட்சி,Politics,words
ꢡꣂꢒ꣄ꢱꢥꢶ,दोक्सनि,தோக்ஸனி,toksani,toksani,toksani,t̪oːks̪ən̪ɪ,expectation,எதிர்பார்ப்பு,Politics,words
ꢦ꣄ꢬꢡꢷꢒ꣄ꢰꣁ,प्रतीक्षो,ப்ரதீக்ஷொ,prateeksho',pratIkSO,pratīkṣŏ,pɾət̪iːkʂo,expectation,எதிர்பார்ப்பு,Politics,words
ꢦ꣄ꢬꢡꢶꢤ꣄ꢮꢥꢶ,प्रति ध्वनि,ப்ரதி த்4வனி,pratidhvani,pratidhvani,pratidhvani,pɾət̪ɪd̪ʰʋən̪ɪ,echo,எதிரொலி,Politics,words
ꢦ꣄ꢬꢡꢶꢗꢵꢫꢵ,प्रतिचाया,ப்ரதிஸாயா,pratichaayaa,praticAyA,praticāyā,pɾət̪ɪt͡ʃɑːjɑː,reflection,எதிரொளி,Politics,words
ꢦ꣄ꢬꢡꢶ ꢨꢶꢪ꣄ꢨꢸ,प्रति बिम्बु,ப்ரதி பி3ம்பு3,prati bimbu,prati bimbu,prati bimbu,pɾət̪ɪ bɪmbu,reflection,எதிரொளி,Politics,words
ꢍꢒꢵꢤꢶꢦꢡꢶ,एकाधिपति,ஏகாதி4பதி,ekaadhipati,ekAdhipati,ekādhipati,eːkɑːd̪ʰɪpət̪ɪ,autocrat,எதேச்சாதிகாரி,Politics,words
ꢱ꣄ꢮꢿꢗ꣄ꢗꢵꢗꢵꢬꢶ,स्वेच्चाचारि,ஸ்வேச்சாசாரி,svechchaachaari,sveccAcAri,sveccācāri,s̪ʋeːt͡ʃt͡ʃɑːt͡ʃɑːɾɪ,autocrat,எதேச்சாதிகாரி,Politics,words
ꢌꢭ꣄ꢔꢾ,एल्ग॑,எல்கெ3,e'lge',ElgE,ĕlgĕ,elge,border,எல்லை,Politics,words
ꢂꢣ꣄ꢣꢸ,अद्दु,அத்3து3,addu,addu,addu,əd̪d̪u,border,எல்லை,Politics,words
ꢱꢷꢪꣁ,सीमा॑,ஸீமொ,seemo',sImO,sīmŏ,s̪iːmo,border,எல்லை,Politics,words
ꢱꢷꢪꢵ ꢡꢾꢔꢸꢬꢵꢭ꣄,सीमा त॑गुराल,ஸீமா தெகு3ரால்,seemaa te'guraal,sImA tEgurAl,sīmā tĕgurāl,s̪iːmɑː t̪eguɾɑːl,border dispute,எல்லைத்தகராறு,Politics,words
ꢂꢣ꣄ꢣꢸ ꢡꢾꢔꢸꢬꢵꢭ꣄,अद्दु त॑गउराल,அத்3து3 தெகு3ரால்,addu te'guraal,addu tEgurAl,addu tĕgurāl,əd̪d̪u t̪eguɾɑːl,border dispute,எல்லைத்தகராறு,Politics,words
ꢭꢶꢦꢶꢒꣁ,लिपिका॑,லிபிகொ,lipiko',lipikO,lipikŏ,lɪpɪko,clerk,எழுத்தர்,Politics,words
ꢔꢸꢪꢱ꣄ꢡꣁ,गुमस्ता॑,கு3மஸ்தொ,gumasto',gumastO,gumastŏ,guməs̪t̪o,clerk,எழுத்தர்,Politics,words
ꢗꢾꢣꢸꢮꢸ ꢛꢵꢥ꣄,च॑दुवु ञान,செது3வு ஞான்,che'duvu nyaan,cEduvu JAn,cĕduvu ñān,t͡ʃed̪uʋu ɲɑːn̪,literacy,எழுத்தறிவு,Politics,words
ꢭꢿꢓꢥꢱꢵꢪꢔ꣄ꢬꢶ,लेखन सामग्रि,லேக2ன ஸாமக்3ரி,lekhanasaamagri,lekhanasAmagri,lekhanasāmagri,leːkʰən̪əs̪ɑːməgɾɪ,stationary,எழுதுபொருள்,Politics,words
ꢭꢿꢓꢮꢱ꣄ꢡꢸ,लेखवस्तु,லேக2வஸ்து,lekhavastu,lekhavastu,lekhavastu,leːkʰəʋəs̪t̪u,stationary,எழுதுபொருள்,Politics,words
ꢌꢙꢪꢵꢥ꣄,एजमान,எஜமான்,e'jamaan,EjamAn,ĕjamān,ed͡ʒəmɑːn̪,master,எஜமான்,Politics,words
ꢪꣁꢣ꣄ꢬꢳꢶ,मा॑द्रळि,மொத்3ரளி,mo'dral'i,mOdraLi,mŏdral̤i,mod̪ɾəɭɪ,master,எஜமான்,Politics,words
ꢱ꣄ꢮꢿꢗ꣄ꢗꢵꢗꢵꢬ꣄,स्वेच्चाचार,ஸ்வேச்சாசார்,svechchaachaar,sveccAcAr,sveccācār,s̪ʋeːt͡ʃt͡ʃɑːt͡ʃɑːɾ,autocracy,ஏகாதிபத்தியம்,Politics,words
ꢍꢒꢵꢤꢶꢦꢡꢶ,एकाधिपति,ஏகாதி4பதி,ekaadhipati,ekAdhipati,ekādhipati,eːkɑːd̪ʰɪpət̪ɪ,autocrat/ dictator,ஏகாதிபதி / சர்வாதிகாரி,Politics,words
ꢱꢬ꣄ꢮꢵꢡꢶꢒꢵꢬꢶ,सर्वातिकारि,ஸர்வாதிகாரி,sarvaatikaari,sarvAtikAri,sarvātikāri,s̪əɾʋɑːt̪ɪkɑːɾɪ,autocrat/ dictator,ஏகாதிபதி / சர்வாதிகாரி,Politics,words
ꢂꢥꢸꢒ꣄ꢬꢪꣁ,अनुक्रमा॑,அனுக்ரமொ,anukramo',anukramO,anukramŏ,ən̪ukɾəmo,arrangement,ஏற்பாடு,Politics,words
ꢱ꣄ꢮꢷꢒꢵꢬ꣄,स्वीकार,ஸ்வீகார்,sveekaar,svIkAr,svīkār,s̪ʋiːkɑːɾ,acceptance,ஏற்பு/ஒப்புதல்,Politics,words
ꢂꢖ꣄ꢔꢷꢒꢵꢬ꣄,अङ्गीकार,அங்கீ3கார்,angeekaar,aGgIkAr,aṅgīkār,əŋgiːkɑːɾ,acceptance,ஏற்பு/ஒப்புதல்,Politics,words
ꢏꢦ꣄ꢦꢶꢭ꣄ꢥꢶ,आ॑प्पिल्नि,ஒப்பில்னி,o'ppilni,Oppilni,ŏppilni,oppɪln̪ɪ,acceptance,ஏற்பு/ஒப்புதல்,Politics,words
ꢆꢖ꣄ꢗ ꢓꢵꢭ꣄,उञ्च खाल्,உஞ்ச கா2ல்,ungcha khaal,uGca khAl,uṅca khāl,uŋt͡ʃə kʰɑːl,fluctuation,ஏற்ற இறக்கம்,Politics,words
ꢲꢶꢖ꣄ꢔꢵꢮ꣄,हिङ्गाव्,ஹிங்கா3வ்,hingaav,hiGgAv,hiṅgāv,ɦɪŋgɑːʋ,export,ஏற்றுமதி,Politics,words
ꢥꢶꢬ꣄ꢫꢵꢡ꣄,निर्यात,நிர்யாத்,niryaat,niryAt,niryāt,n̪ɪɾjɑːt̪,export,ஏற்றுமதி,Politics,words
ꢲꢶꢖ꣄ꢔꢵꢜ꣄,हिङ्गाट,ஹிங்கா3ட்,hingaat',hiGgAT,hiṅgāṭ,ɦɪŋgɑːʈ,export,ஏற்றுமதி,Politics,words
ꢎꢒ꣄ꢫ ꢬꢵꢰ꣄ꢜ꣄ꢬ ꢱꢪ꣄ꢱ꣄ꢡꢵꢥ꣄,ऐक्य राष्ट्र सम्स्तान,ஐக்ய ராஷ்ட்ர ஸம்ஸ்தான்,aikya raasht'ra samstaan,aikya rASTra samstAn,aikya rāṣṭra samstān,əɪkjə ɾɑːʂʈɾə s̪əms̪t̪ɑːn̪,United Nations Organisation,ஐக்கிய நாடுகள் சபை,Politics,words
ꢎꢒ꣄ꢫ ꢂꢔ꣄ꢬꢠꢶ,ईक्य अग्रणि,ஐக்ய அக்3ரணி,aikya agrani,aikya agraNi,aikya agraṇi,əɪkjə əgɾəɳɪ,United Front,ஐக்கிய முன்னணி,Politics,words
ꢣꣁꢦ꣄ꢦꢵ ꢢꣁꢮ꣄ꢥꢶ,दा॑ब्बि थोव्नि,தொ3ப்3பி3 தொ2வ்னி,do'ppaa tho'vni,dOppA thOvni,dŏppā thŏvni,d̪oppɑː t̪ʰoʋn̪ɪ,adjournment,ஒத்திவைப்பு,Politics,words
ꢱꢲꢒꢵꢬ꣄,सहकार्,ஸஹகார்,sahakaar,sahakAr,sahakār,s̪əɦəkɑːɾ,co-operation,ஒத்துழைப்பு,Politics,words
ꢱꢲꢫꣂꢔ꣄,सहयोग,ஸஹயோக்3,sahayog,sahayog,sahayog,s̪əɦəjoːg,co-operation,ஒத்துழைப்பு,Politics,words
ꢮꢶꢩꢵꢙꢥꣁ,विभाजना॑,விபா4ஜனொ,vibhaajano',vibhAjanO,vibhājanŏ,ʋɪbʰɑːd͡ʒən̪o,allotment,ஒதுக்கீடு,Politics,words
ꢦꢬꢮꢱꣁ ꢒꢾꢬ꣄ꢥꢶ,परवसा॑ क॑र्नि,பரவஸொ கெர்னி,paravaso' ke'rni,paravasO kErni,paravasŏ kĕrni,pəɾəʋəs̪o keɾn̪ɪ,handover,ஒப்படைப்பு,Politics,words
ꢏꢦ꣄ꢦꢥ꣄ꢣ ꢱꢹꢗꢥꣁ,आ॑प्पन्द सूचना॑,ஒப்பந்த3ஸூசனொ,o'ppanda soochano',Oppanda sUcanO,ŏppanda sūcanŏ,oppən̪d̪ə s̪uːt͡ʃən̪o,tender,ஒப்பந்தப்புள்ளி,Politics,words
ꢏꢦ꣄ꢦꢥ꣄ꢣꢪ꣄,आ॑प्पन्दम,ஒப்பந்த3ம்,o'ppandam,Oppandam,ŏppandam,oppən̪d̪əm,contract,ஒப்பந்தம்,Politics,words
ꢲꢵꢡꢸ ꢂꢒ꣄ꢰꢬ꣄,हातु अक्षर,ஹாது அக்ஷர்,haatu akshar,hAtu akSar,hātu akṣar,ɦɑːt̪u əkʂəɾ,signature,ஒப்பு,Politics,words
ꢱ꣄ꢮꢷꢒꢬ꣄ꢥꢶ,स्वीकर्नि,ஸ்வீகர்னி,sveekarni,svIkarni,svīkarni,s̪ʋiːkəɾn̪ɪ,acknowledge ment,ஒப்புகை,Politics,words
ꢦ꣄ꢬꢵꢦ꣄ꢡꢶ ꢱꢖ꣄ꢔꢶꢥꢶ,प्राप्ति सङ्गिनि,ப்ராப்தி ஸங்கி3னி,praapti sangini,prApti saGgini,prāpti saṅgini,pɾɑːpt̪ɪ s̪əŋgɪn̪ɪ,acknowledge ment,ஒப்புகை,Politics,words
ꢭꢿꢡꢥꢶ,लेतनि,லோதனி,letani,letani,letani,leːt̪ən̪ɪ,surrender,ஒப்புவிப்பு,Politics,words
ꢎꢒ꣄ꢫ ꢩꢵꢮꢥꣁ,ऐक्यभावना॑,ஐக்ய பா4வனொ,aikya bhaavano',aikya bhAvanO,aikya bhāvanŏ,əɪkjə bʰɑːʋən̪o,integration,ஒருமைப்பாடு,Politics,words
ꢥꢶꢫꢪꣁ,नियमा॑,நியமொ,niyamo',niyamO,niyamŏ,n̪ɪjəmo,regulation,ஒழுங்குமுறை,Politics,words
ꢤꣁꢥꢶꢥꢾꢬ꣄ꢦꢶꢥꢶ,धा॑नि न॑र्पिनि,தொ4னிநெர்பினி,dho'nine'rpini,dhOninErpini,dhŏninĕrpini,d̪ʰon̪ɪn̪eɾpɪn̪ɪ,broad casting,ஒலிபரப்பு,Politics,words
ꢤꣁꢥꢶ ꢦ꣄ꢬꢱꢵꢬ꣄,धा॑नि प्रसार,தொ4னி ப்ரஸார்,dho'ni prasaar,dhOni prasAr,dhŏni prasār,d̪ʰon̪ɪ pɾəs̪ɑːɾ,broad casting,ஒலிபரப்பு,Politics,words
ꢬꢹꢦꢸ ꢥꢾꢬ꣄ꢦꢶꢥꢶ,रूपु न॑र्पिनि,ரூபுநெர்பினி,roopu ne'rpini,rUpu nErpini,rūpu nĕrpini,ɾuːpu n̪eɾpɪn̪ɪ,telecasting,ஒளிபரப்பு,Politics,words
ꢬꢹꢦꢸ ꢦ꣄ꢬꢱꢵꢬ꣄,रूपु प्रसार,ரூபு ப்ரஸார்,roopu prasaar,rUpu prasAr,rūpu prasār,ɾuːpu pɾəs̪ɑːɾ,telecasting,ஒளிபரப்பு,Politics,words
ꢭꢸꢔ꣄ꢙꢵꢥꢶ,लुगञानि,லுக்ஜானி,lugjaani,lugjAni,lugjāni,lugd͡ʒɑːn̪ɪ,spy,ஒற்றன்,Politics,words
ꢔꢸꢦ꣄ꢡꢗꢵꢬꢶ,गुप्तचारि,கு3ப்தசாரி,guptachaari,guptacAri,guptacāri,gupt̪ət͡ʃɑːɾɪ,spy,ஒற்றன்,Politics,words
ꢔꢸꢦ꣄ꢡꣁ,गुप्ता॑,கு3ப்தொ,gupto',guptO,guptŏ,gupt̪o,spy,ஒற்றன்,Politics,words
ꢔꢸꢞꢵꢗꢵꢬꢶ,गुडाचारि,கு3டா3சாரி,gud'aachaari,guDAcAri,guḍācāri,guɖɑːt͡ʃɑːɾɪ,spy,ஒற்றன்,Politics,words
ꢒꢸꢣ꣄ꢮꣁ,कुट्रा॑,குட்ரொ,kudvo',kudvO,kudvŏ,kud̪ʋo,mortgage,ஒற்றி,Politics,words
ꢗꢖ꣄ꢔꢪ꣄,चङ्गम्,ஸங்க3ம்,changam,caGgam,caṅgam,t͡ʃəŋgəm,union,ஒன்றியம்,Politics,words
ꢮꢵꢒ꣄,वाक्,வோட்,vaak,vAk,vāk,ʋɑːk,vote,ஓட்டு,Politics,words
ꢪꢡꢣꢵꢥ꣄,मतदान,மததா3ன்,matadaan,matadAn,matadān,mət̪əd̪ɑːn̪,vote,ஓட்டு,Politics,words
ꢮꢵꢔ꣄ꢣꢵꢥ꣄,वाग्दान,வாக்3தா3ன்,vaagdaan,vAgdAn,vāgdān,ʋɑːgd̪ɑːn̪,vote,ஓட்டு,Politics,words
ꢮꢵꢒ꣄ ꢨꢵꢡ꣄ꢫꣁ,वाक्बात्या॑,வாக்பா3த்யொ,vaak baatyo',vAk bAtyO,vāk bātyŏ,ʋɑːk bɑːt̪jo,franchise,ஓட்டுரிமை,Politics,words
ꢮꢶꢱ꣄ꢬꢵꢥ꣄ꢡꢶ,विस्रान्ति,விஸ்ராந்தி,visraanti,visrAnti,visrānti,ʋɪs̪ɾɑːn̪t̪ɪ,retiring,ஓய்வூ பெறுதல்,Politics,words
ꢮꢶꢬꢡꢶ,विरति,விரதி,virati,virati,virati,ʋɪɾət̪ɪ,retiring,ஓய்வூ பெறுதல்,Politics,words
ꢒꢒ꣄ꢰꢶ,कक्षि,கக்ஷி,kakshi,kakSi,kakṣi,kəkʂɪ,party,கட்சி,Politics,words
ꢱꢸꢭ꣄ꢒꢪ꣄,सूल्कम्,ஸுல்கம்,sulkam,sulkam,sulkam,s̪ulkəm,fare,கட்டணம்,Politics,words
ꢣꢬꣁ,दरा॑,த3ரொ,daro',darO,darŏ,d̪əɾo,fare,கட்டணம்,Politics,words
ꢪꣂꢭ꣄,मोल्,மோல்,mol,mol,mol,moːl,fare,கட்டணம்,Politics,words
ꢒꢾꢜ꣄ꢜꣁ,केट्टा॑,கெட்டொ,ke't't'o',kETTO,kĕṭṭŏ,keʈʈo,bundle,கட்டு,Politics,words
ꢥꢶꢫꢪꣁ,नियमा॑,நியமொ,niyamo',niyamO,niyamŏ,n̪ɪjəmo,con trol,கட்டுப்பாடு,Politics,words
ꢙꢭ ꢱꢿꢥꣁ,जल सेना॑,ஜல ஸேனொ,jala seno',jala senO,jala senŏ,d͡ʒələ s̪eːn̪o,naval force,கடற்படை,Politics,words
ꢬꢷꢠ꣄,रीण,ரீண்,reen,rIN,rīṇ,ɾiːɳ,debt,கடன்,Politics,words
ꢬꢷꢠꢸꢩꢵꢬ꣄,रीणुभार,ரீணுபா4ர்,reenubhaar,rINubhAr,rīṇubhār,ɾiːɳubʰɑːɾ,liabilities,கடன் பொறுப்பு,Politics,words
ꢱꢾꢮ꣄ꢒꢥ꣄,स॑व्कन्,ஸெவ்கன்,se'vkan,sEvkan,sĕvkan,s̪eʋkən̪,peon,கடைநிலை ஊழியர்,Politics,words
ꢔꢮꢸꢛ꣄ꢙꢶ ꢔꢮꢸꢛ꣄ꢙꢸꢥꢵꢬ꣄,गवुञ्जि,க3வுஞ்ஜி,gavunji gavunjunaar,gavuJji gavuJjunAr,gavuñji gavuñjunār,gəʋuɲd͡ʒɪ gəʋuɲd͡ʒun̪ɑːɾ,supervision,கண்காணிப்பு,Politics,words
ꢥꢶꢬꢷꢰꢠꣁ,गवुन्जुनार्,க3வுஞ்ஜுனார்,nireeshano',nirISaNO,nirīṣaṇŏ,n̪ɪɾiːʂəɳo,supervision,கண்காணிப்பு,Politics,words
ꢭꢴꢾꢒꢒꣀꢡ꣄,ल्हेककैत,லெ:க்கைத்,lhe'kakait,lhEkakait,lhĕkakait,lɦekəkəɪt̪,accountant,கணக்கர்,Politics,words
ꢭꢴꢾꢒ꣄ꢒꣁ ꢲꢾꢞ꣄ꢠꢶ,ल्ह॑क्का॑ हेड्णि,லெ:க்கொ ஹெட்3ணி,lhe'kko' he'd'ni,lhEkkO hEDNi,lhĕkkŏ hĕḍṇi,lɦekko ɦeɖɳɪ,enumeration,கணக்கெடுப்பு,Politics,words
ꢔꢠꢥꣁ,गणना॑,க3ணனொ,ganano',gaNanO,gaṇanŏ,gəɳən̪o,enumeration,கணக்கெடுப்பு,Politics,words
ꢔꢠꢶꢠꢶ,गणिणि,க3ணிணி,ganini,gaNiNi,gaṇiṇi,gəɳɪɳɪ,computer,கணினி,Politics,words
ꢲꢷꢱꢸꢥꢿꢭ꣄,हीसुनेल,ஹீஸுநேல்,heesunel,hIsunel,hīsunel,ɦiːs̪un̪eːl,computer,கணினி,Politics,words
ꢭꢴꢾꢒ꣄ꢒꢥꢶ,ल्ह॑क्कनि,லெ:க்கனி,lhe'kkani,lhEkkani,lhĕkkani,lɦekkən̪ɪ,computer,கணினி,Politics,words
ꢨꢥ꣄ꢤꢸ,बन्धु,ப3ந்து4,bandhu,bandhu,bandhu,bən̪d̪ʰu,"bandh, lock-out",கதவடைப்பு,Politics,words
ꢂꢩꢶꢦ꣄ꢬꢵꢫ,अभिप्राय,அபி4ப்ராயு,abhipraaya,abhiprAya,abhiprāya,əbʰɪpɾɑːjə,"opinion, idea",கருத்து,Politics,words
ꢇꢲꣁ,ऊहा॑,ஊஹொ,ooho',UhO,ūhŏ,uːɦo,assumption,கருதுகோள்,Politics,words
ꢇꢲꢥꣁ,ऊहना॑,ஊஹனொ,oohano',UhanO,ūhanŏ,uːɦən̪o,assumption,கருதுகோள்,Politics,words
ꢭꢴꢾꢒ꣄ꢒꢵꢮ꣄,ल्ह॑क्काव,லெ:க்காவ்,lhe'kkaav,lhEkkAv,lhĕkkāv,lɦekkɑːʋ,calculator,கணிப்பான்,Politics,words
ꢦꣁꢒ꣄ꢒꢶꢰꢪ꣄,पा॑क्किषम्,பொக்கிஷம்,po'kkisham,pOkkiSam,pŏkkiṣam,pokkɪʂəm,treasury,கருவூலம்,Politics,words
ꢮꢶꢡ꣄ꢡꢒꣂꢰ꣄,वित्तकोष,வித்தகோஷ்,vittakosh,vittakoS,vittakoṣ,ʋɪt̪t̪əkoːʂ,treasury,கருவூலம்,Politics,words
ꢮꢶꢣ꣄ꢫꢵ ꢪꢥ꣄ꢡ꣄ꢬꢶ,विद्या मन्त्रि,வித்3யா மந்த்ரி,vidyaa mantri,vidyA mantri,vidyā mantri,ʋɪd̪jɑː mən̪t̪ɾɪ,education minister,கல்வி அமைச்சர்,Politics,words
ꢮꢶꢣ꣄ꢫꢵ ꢮꢶꢩꢵꢔ꣄,विद्याविभाग्,வித்3யாவிபா4க்3,vidyaa vibhaag,vidyA vibhAg,vidyā vibhāg,ʋɪd̪jɑː ʋɪbʰɑːg,education department,கல்வித்துறை,Politics,words
ꢪꢶꢱ꣄ꢬꢠꣁ,मिस्रणा॑,மிஸ்ரணொ,misrano',misraNO,misraṇŏ,mɪs̪ɾəɳo,adulteration,கலப்படம்,Politics,words
ꢪꢶꢱ꣄ꢡ ꢙꢵꢡ꣄,मिस्तजात्,மிஸ்ரஜாத்,mista jaat,mista jAt,mista jāt,mɪs̪t̪ə d͡ʒɑːt̪,"cross-breed, hybrid",கலப்பினம்,Politics,words
ꢆꢣꢵꢱꢷꢥ꣄,उदासीन,உதா3ஸீன்,udaaseen,udAsIn,udāsīn,ud̪ɑːs̪iːn̪,negligence,கவனக் குறைவு,Politics,words
ꢆꢦꢾꢒ꣄ꢰꣁ,उपेक्षो,உபேக்ஷொ,upe'ksho',upEkSO,upĕkṣŏ,upekʂo,negligence,கவனக் குறைவு,Politics,words
ꢱꢩꣁ,सभा॑,ஸபொ4,sabho',sabhO,sabhŏ,s̪əbʰo,association,கழகம்,Politics,words
ꢱꢪ꣄ꢱ꣄ꢢꢵꢥ꣄,सम्स्थान,ஸம்ஸ்தா2ன்,samsthaan,samsthAn,samsthān,s̪əms̪t̪ʰɑːn̪,association,கழகம்,Politics,words
ꢩꢶꢞ꣄ꢠꢶ,भिड्णि,பி4ட்3ணி,bhid'ni,bhiDNi,bhiḍṇi,bʰɪɖɳɪ,discount,கழிவு,Politics,words
ꢤꢵꢡꢸ,धातु,தா4து,dhaatu,dhAtu,dhātu,d̪ʰɑːt̪u,ore,கனிமம்,Politics,words
ꢓꢙꢵꢥꣁ,खजाना॑,க2ஜானொ,khajaano',khajAnO,khajānŏ,kʰəd͡ʒɑːn̪o,treasury,கஜானா,Politics,words
ꢲꢥ꣄ꢥꢮꢸ ꢦꢡꢡ꣄ꢬ꣄,हन्नवुपत्रर,ஹன்னவு பத்தர்,hannavu patatr,hannavu patatr,hannavu patatr,ɦən̪n̪əʋu pət̪ət̪ɾ,cheque,காசோலை,Politics,words
ꢬꢰꢠꢒꢬ꣄ꢥꢶ,रक्षणकर्नि,ரக்ஷணகர்னி,rashanakarni,raSaNakarni,raṣaṇakarni,ɾəʂəɳəkəɾn̪ɪ,insulation,காப்பிடுதல்,Politics,words
ꢬꢰꢠ ꢩꢬ꣄ꢡꢶ,रक्षणभर्ति,ரக்ஷணப4ர்தி,rashana bharti,raSaNa bharti,raṣaṇa bharti,ɾəʂəɳə bʰəɾt̪ɪ,insurance,காப்பீடு,Politics,words
ꢪꢸꢱꢶꢥꢶ,मुसिनि,முஸினி,musini,musini,musini,mus̪ɪn̪ɪ,termina tion,காலாவதி,Politics,words
ꢦꣁꢭꢶꢱ꣄ꢥꢶꢬꢷꢒ꣄ꢱꢒꣁ,पोलिस्निरीक्षका॑,பொலிஸ்நிரீக்ஷகொ,po'lisnireeksako',pOlisnirIksakO,pŏlisnirīksakŏ,polɪs̪n̪ɪɾiːks̪əko,police inspector,காவல் ஆய்வாளர்,Politics,words
ꢢꢵꢠꢵ ꢥꢶꢬꢶꢒ꣄ꢰꢒꣁ,थाणा निरिक्षका॑,தா2ணா நிரிக்ஷகொ,thaanaa nirikshako',thANA nirikSakO,thāṇā nirikṣakŏ,t̪ʰɑːɳɑː n̪ɪɾɪkʂəko,police inspector,காவல் ஆய்வாளர்,Politics,words
ꢬꢴꢒ꣄ꢒꣀꢡ꣄,र्हक्कैत,ர:க்கைத்,rhakkait,rhakkait,rhakkait,ɾɦəkkəɪt̪,watchman,காவல்காரன்,Politics,words
ꢬꢴꢒ꣄ꢒꢸꢮꢵꢥ꣄,र्हक्कुवान,ர:க்குவான்,rhakkuvaan,rhakkuvAn,rhakkuvān,ɾɦəkkuʋɑːn̪,watchman,காவல்காரன்,Politics,words
ꢢꢵꢠꢵꢮꢶꢩꢵꢒ꣄,थाणाविभाक,தா2ணாவிபா4க்,thaanaavibhaak,thANAvibhAk,thāṇāvibhāk,t̪ʰɑːɳɑːʋɪbʰɑːk,police department,காவல் துறை,Politics,words
ꢢꢠꢫ꣄ꢡꢸ,थाणय्तु,த2ணய்து,thanaytu,thaNaytu,thaṇaytu,t̪ʰəɳəjt̪u,policeman,காவலர்,Politics,words
ꢒꢶꢞ꣄ꢞꢖ꣄ꢒꢶ,किड्डङ्कि,கி3ட்3ட3ங்கி3,kid'd'anki,kiDDaGki,kiḍḍaṅki,kɪɖɖəŋkɪ,godown,கிடங்கு,Politics,words
ꢥꢴꢥꢦꣁꢬ꣄ꢱꢾ,न्हन्पा॑र्स॑,ந:ன்பொர்ஸெ,nhanapo'rse',nhanapOrsE,nhanapŏrsĕ,n̪ɦən̪əpoɾs̪e,hamlet,குக்கிராமம்,Politics,words
ꢥꢴꢥ꣄ꢔꢵꢪ꣄,न्हन्गाम,ந:ன் கா3ம்,nhangaam,nhangAm,nhangām,n̪ɦən̪gɑːm,hamlet,குக்கிராமம்,Politics,words
ꢥꢴꢥ꣄ ꢦꣁꢜ꣄ꢒ꣄ꢫꢵꢜ꣄,न्हन पा॑ट्क्याट,ந:ன் பொட்க்யாட்,nhan po't'kyaat',nhan pOTkyAT,nhan pŏṭkyāṭ,n̪ɦən̪ poʈkjɑːʈ,hamlet,குக்கிராமம்,Politics,words
ꢔꢠ ꢡꢥ꣄ꢡ꣄ꢬꢸ,गण तन्त्रु,க3ண தந்த்ரு,gana tantru,gaNa tantru,gaṇa tantru,gəɳə t̪ən̪t̪ɾu,"republic, democracy",குடியரசு,Politics,words
ꢔꢠ ꢬꢵꢙ꣄ꢫꢸ,गण राज्यु,க3ண ராஜ்யு,gana raajyu,gaNa rAjyu,gaṇa rājyu,gəɳə ɾɑːd͡ʒju,"republic, democracy",குடியரசு,Politics,words
ꢦ꣄ꢬꢙꢵ ꢦ꣄ꢬꢩꢸꢡ꣄ꢮꣁ,प्रजा प्रभुत्वा॑,ப்ரஜா ப்ரபு4த்வொ,prajaa prabhutvo',prajA prabhutvO,prajā prabhutvŏ,pɾəd͡ʒɑː pɾəbʰut̪ʋo,"republic, democracy",குடியரசு,Politics,words
ꢙꢥꢵꢡꢶꢦꢡꢶ,जनातिपति,ஜனாதிபதி,janaatipati,janAtipati,janātipati,d͡ʒən̪ɑːt̪ɪpət̪ɪ,president of the country,குடியரசுத் தலைவர்,Politics,words
ꢦ꣄ꢬꢙꢵ ꢨꢵꢡ꣄ꢫꢸ,प्रजाबात्यु,ப்ரஜாபா3த்யு,prajaa baatyu,prajA bAtyu,prajā bātyu,pɾəd͡ʒɑː bɑːt̪ju,citizenship,குடியுரிமை,Politics,words
ꢥꢵꢔꢬꢶꢒꢡꣁ,नागरिकता॑,நாக3ரிகதொ,naagarikato',nAgarikatO,nāgarikatŏ,n̪ɑːgəɾɪkət̪o,citizenship,குடியுரிமை,Politics,words
ꢒꢸꢜꢸꢪ꣄ꢨ ꢥꢶꢬꣂꢡ꣄,कुटुम्बनिरोत्,குடும்ப3நிரோத்4,kut'umba nirot,kuTumba nirot,kuṭumba nirot,kuʈumbə n̪ɪɾoːt̪,family planning,குடும்பக் கட்டுப்பாடு,Politics,words
ꢒꢸꢜꢸꢪ꣄ꢨ ꢒ꣄ꢰꢿꢪ ꢮꢶꢩꢵꢔ꣄,कुटुम्प क्षेम विभाग,குடும்ப க்ஷேம விபா4க்3,kut'umba kshema vibhaag,kuTumba kSema vibhAg,kuṭumba kṣema vibhāg,kuʈumbə kʂeːmə ʋɪbʰɑːg,family welfare department,குடும்ப நலத்துறை,Politics,words
ꢏꢡ꣄ꢡꢶ,आ॑त्ति,ஒத்தி,o'tti,Otti,ŏtti,ot̪t̪ɪ,lease,குத்தகை,Politics,words
ꢔꢸꢪ꣄ꢱ꣄ꢡꣁ,गुमस्ता॑,கு3மஸ்தொ,gumsto',gumstO,gumstŏ,gums̪t̪o,clerk,குமாஸ்தா,Politics,words
ꢔꢸꢪ꣄ꢦꢸ,गुम्पु,கு3ம்பு,gumpu,gumpu,gumpu,gumpu,group,குழு,Politics,words
ꢂꢦꢬꢵꢤ꣄,अपराध,அபராத்4,aparaadh,aparAdh,aparādh,əpəɾɑːd̪ʰ,accusation,குற்றச்சாட்டு,Politics,words
ꢘꢸꢒ꣄ꢕꢭ꣄ꢥꢶ,चूक्घल्नि,சூக் க4ல்னி,chhukghalni,chukghalni,chukghalni,t͡ʃʰukgʰəln̪ɪ,accusation,குற்றச்சாட்டு,Politics,words
ꢂꢦꢬꢵꢤ꣄,अपराध,அபராத்4,aparaadh,aparAdh,aparādh,əpəɾɑːd̪ʰ,"default, fault",குற்றம்,Politics,words
ꢗꢶꢥ꣄ꢲꢸꢥ꣄,चिनहुन,சின்ஹுன்,chinhun,cinhun,cinhun,t͡ʃɪn̪ɦun̪,signs,குறிகள்,Politics,words
ꢔꢸꢬ꣄ꢡꢸꢥ꣄,गुर्तुन,கு3ர்துன்,gurtun,gurtun,gurtun,guɾt̪un̪,signs,குறிகள்,Politics,words
ꢱꢶꢥ꣄ꢡꢸꢱꢖ꣄ꢓ꣄ꢫꣁ,सिन्तु सङ्ख्या॑,கு3ர்து ஸங்க்2யொ,sintusankhyo',sintusaGkhyO,sintusaṅkhyŏ,s̪ɪn̪t̪us̪əŋkʰjo,index number,குறியீட்டெண்,Politics,words
ꢱꢶꢥ꣄ꢲꢸ,सिन्हु,சின்ஹு,sinhu,sinhu,sinhu,s̪ɪn̪ɦu,"index, code",குறியீடு,Politics,words
ꢔꢸꢬ꣄ꢡꢸ,गुर्तु,கு3ர்து,gurtu,gurtu,gurtu,guɾt̪u,"index, code",குறியீடு,Politics,words
ꢆꢥ꣄ꢥ ꢦꣁꢞꢾꢫꣁ,उन्न पा॑ड॑या॑,உன்ன பொடெ3யொ,unna po'd'e'yo',unna pODEyO,unna pŏḍĕyŏ,un̪n̪ə poɖejo,minimum,குறைந்தபட்சம்,Politics,words
ꢆꢥ꣄ꢥ ꢦꢒ꣄ꢯꢸ,उन्न पक्षु,உன்ன பக்ஷு,unna pakshu,unna pakzu,unna pakśu,un̪n̪ə pəkʃu,minimum,குறைந்தபட்சம்,Politics,words
ꢦꢒ꣄ꢯ ꢎꢒ꣄ꢫꢡꣁ,पक्ष ऐक्यता॑,பக்ஷ ஐக்யதொ,paksha aikyato',pakza aikyatO,pakśa aikyatŏ,pəkʃə əɪkjət̪o,front,கூட்டணி,Politics,words
ꢪꢹꢔꣁ,मूगा॑,மூகொ3,moogo',mUgO,mūgŏ,muːgo,crowd,கூட்டம்,Politics,words
ꢔꢸꢪ꣄ꢦꢸꢪꢶꢳ꣄ꢥꢶ,गुम्पु,கு3ம்பு,gumpumil'ni,gumpumiLni,gumpumil̤ni,gumpumɪɭn̪ɪ,crowd,கூட்டம்,Politics,words
ꢪꢶꢳ꣄꣄ꢠꢶ,मिळ्नि,மிள்னி,mil'ni,miLNi,mil̤ṇi,mɪɭɳɪ,crowd,கூட்டம்,Politics,words
ꢪꢔꢶꢥꢶ,मगिनि,மகி3னி,magini,magini,magini,məgɪn̪ɪ,demand,கேட்பு,Politics,words
ꢓꢿꢭꢸ ꢒ꣄ꢬꢶꢫꣁ,खेलु क्रिया॑,கே2ளு க்ரியொ,khelu kriyo',khelu kriyO,khelu kriyŏ,kʰeːlu kɾɪjo,entertainment,கேளிக்கை,Politics,words
ꢪꢥꣂꢬꢛ꣄ꢙꢥ꣄,मनोरञ꣄जन,மனோரஞ்ஜன்,manoranjan,manoraJjan,manorañjan,mən̪oːɾəɲd͡ʒən̪,entertainment,கேளிக்கை,Politics,words
ꢲꢵꢡꢸ ꣄ꢪꢔꣁ,हातु मगा॑,ஹாதுமகொ3,haatu mago',hAtu magO,hātu magŏ,ɦɑːt̪u məgo,handloom,கைத்தறி,Politics,words
ꢩꢥ꣄ꢣꢶ,भन्दि,ப3ந்தி3,bhandi,bhandi,bhandi,bʰən̪d̪ɪ,prisoner,கைதி,Politics,words
ꢡꢸꢰ꣄ ꢦ꣄ꢬꢫꣂꢔ꣄,तुष्प्रयोग,து3ஷ்ப்ரயோக்3,tush prayog,tuS prayog,tuṣ prayog,t̪uʂ pɾəjoːg,misappropriation,கையாடல்,Politics,words
ꢭꢾꢛ꣄ꢙꢪ꣄ ꢨꢶꢮ꣄ꢙꢞ꣄,ल॑ञ्जम्,லெஞ்சம்,le'njam bivjad',lEJjam bivjaD,lĕñjam bivjaḍ,leɲd͡ʒəm bɪʋd͡ʒəɖ,,,Politics,words
ꢬꢷꢠꢸꢨꢥ꣄ꢣꢶ,रीणुबन्दि,ரீணுப3ந்தி3,reenubandi,rINubandi,rīṇubandi,ɾiːɳubən̪d̪ɪ,bonded labour,கொத்தடிமை,Politics,words
ꢤꣁꢙ꣄,धा॑ज,தொ4ஜ்,dho'j,dhOj,dhŏj,d̪ʰod͡ʒ,flag,கொடி,Politics,words
ꢤꣁꢙ ꢱ꣄ꢢꢪ꣄ꢨꢸ,धा॑ज स्थम्बु,தொ4ஜ ஸ்த2ம்பு3,dho'ja sthambu,dhOja sthambu,dhŏja sthambu,d̪ʰod͡ʒə s̪t̪ʰəmbu,flag post,கொடிமரம்,Politics,words
ꢭꢒ꣄ꢰ꣄ꢫꢸ,लक्ष्यु,லக்ஷ்யு,lakshyu,lakSyu,lakṣyu,ləkʂju,policy,கொள்கை,Politics,words
ꢤ꣄ꢫꢿꢫꢸ,ध्येयु,த்4யேயு,dhyeyu,dhyeyu,dhyeyu,d̪ʰjeːju,policy,கொள்கை,Politics,words
ꢮꢶꢩꢵꢔ꣄,विभाग,விபா4க்3,vibhaag,vibhAg,vibhāg,ʋɪbʰɑːg,division,கோட்டம்,Politics,words
ꢣꢸꢬꢸꢔ꣄,दुरुग्,து3ருக்3,durug,durug,durug,d̪uɾug,fort,கோட்டை,Politics,words
ꢥꢶꢫꢪꣁ,नियमा॑,நியமொ,niyamo',niyamO,niyamŏ,n̪ɪjəmo,policy,கோட்பாடு,Politics,words
ꢱꢶꢣ꣄ꢣꢵꢥ꣄ꢡꢸ,सिद्दान्तु,ஸித்3தா3ந்து,siddaantu,siddAntu,siddāntu,s̪ɪd̪d̪ɑːn̪t̪u,policy,கோட்பாடு,Politics,words
ꢒꣂꢠ꣄,कोण,கோண்,kon,koN,koṇ,koːɳ,angle,கோணம்,Politics,words
ꢒꣁꢥꣁ,का॑ना॑,கொனொ,ko'no',kOnO,kŏnŏ,kon̪o,angle,கோணம்,Politics,words
ꢣ꣄ꢬꢸꢰ꣄ꢜꢶꢒꣂꢠ꣄,द्रुष्टिकोण,த்3ருஷ்டிகோண்,drusht'ikon,druSTikoN,druṣṭikoṇ,d̪ɾuʂʈɪkoːɳ,angle,கோணம்,Politics,words
ꢦꣁꢪꢜ꣄,पा॑मट,பொமட்,po'mat',pOmaT,pŏmaṭ,poməʈ,file,கோப்பு,Politics,words
ꢪꢒꢶꢥꢶ,मगिनि,மகி3னி,makini,makini,makini,məkɪn̪ɪ,"demand, requisition",கோரிக்கை,Politics,words
ꢒꣁꢬꢶ,का॑रि,கொரி,ko'ri,kOri,kŏri,koɾɪ,"demand, requisition",கோரிக்கை,Politics,words
ꢮꢬ꣄ꢔꢸ,वर्गु,வர்கு3,vargu,vargu,vargu,ʋəɾgu,group,கோஷ்டி,Politics,words
ꢔꣂꢰ꣄ꢜꢶ,गोष्टि,கோ3ஷ்டி,gosht'i,goSTi,goṣṭi,goːʂʈɪ,group,கோஷ்டி,Politics,words
ꢗꢒ꣄ꢬꢮꢬ꣄ꢡ꣄ꢡꢶ,चक्रवर्त्ति,சக்ரவர்த்தி,chakravartti,cakravartti,cakravartti,t͡ʃəkɾəʋəɾt̪t̪ɪ,emperor,சக்கரவர்த்தி,Politics,words
ꢩꣀ-ꢩꢾꢫ꣄ꢥꢥꢸꢦꢥ꣄,भै-भेय्ननुपन,பை4-பெ4ய்னனுபன்,bhai-bhe'ynanupan,bhai-bhEynanupan,bhai-bhĕynanupan,bʰəɪ-bʰejn̪ən̪upən̪,brotherhood,சகோதரத்துவம்,Politics,words
ꢱꢖ꣄ꢔꢪ꣄,सङ्गम्,ஸங்க3ம்,sangam,saGgam,saṅgam,s̪əŋgəm,association,சங்கம்,Politics,words
ꢱꢖ꣄ꢕꣁ,सङ्घा॑,ஸங்கொ4,sangho',saGghO,saṅghŏ,s̪əŋgʰo,association,சங்கம்,Politics,words
ꢱꢜ꣄ꢜꢱꢩꣁ,सट्टसभा॑,ஸட்டஸபொ4,sat't'asabho',saTTasabhO,saṭṭasabhŏ,s̪əʈʈəs̪əbʰo,legisla tive assembly,சட்டசபை,Politics,words
ꢮꢶꢤꢵꢥ꣄ ꢱꣃꢤꣁ,विधान सैधा॑,விதா4ன் ஸௌதொ4,vidhaan saudho',vidhAn saudhO,vidhān saudhŏ,ʋɪd̪ʰɑːn̪ s̪əud̪ʰo,legisla tive assembly,சட்டசபை,Politics,words
ꢮꢶꢤꢵꢥꢸ ꢱꣃꢤꣁ,विधानु सौधा॑,விதா4னு ஸௌதொ4,vidhaanu saudho',vidhAnu saudhO,vidhānu saudhŏ,ʋɪd̪ʰɑːn̪u s̪əud̪ʰo,legisla tive assembly,சட்டசபை,Politics,words
ꢮꢶꢤꢵꢥ꣄ ꢱꢩꣁ,विधान सभा॑,விதா4ன் ஸபொ4,vidhaan sabho',vidhAn sabhO,vidhān sabhŏ,ʋɪd̪ʰɑːn̪ s̪əbʰo,legisla tive assembly,சட்டசபை,Politics,words
ꢱꢵꢱꢥꢪꢬ꣄ꢗꢶꢥꢶ,सासनमर्चिनि,ஸாஸனமர்சினி,saasanamarchini,sAsanamarcini,sāsanamarcini,s̪ɑːs̪ən̪əməɾt͡ʃɪn̪ɪ,amendment,சட்டத்திருத்தம்,Politics,words
ꢱꢵꢱꢥ ꢡꢶꢣ꣄ꢡꢸꢮꢳꢶꢶ,सासन तिद्तुवळि,ஸாஸன தித்3துவளி,saasana tidtuval'ii,sAsana tidtuvaLii,sāsana tidtuval̤ii,s̪ɑːs̪ən̪ə t̪ɪd̪t̪uʋəɭɪɪ,amendment,சட்டத்திருத்தம்,Politics,words
ꢱꢵꢱꢥ ꢱꢹꢤꢵꢬ꣄,सासन सुधार,ஸாஸன ஸுதா4ர்,saasana soodhaar,sAsana sUdhAr,sāsana sūdhār,s̪ɑːs̪ən̪ə s̪uːd̪ʰɑːɾ,amendment,சட்டத்திருத்தம்,Politics,words
ꢱꢵꢱꢥꣁ,सासना॑,ஸாஸனொ,saasano',sAsanO,sāsanŏ,s̪ɑːs̪ən̪o,"act, law",சட்டம்,Politics,words
ꢮꢶꢤꢵꢥ꣄,विधान,விதா4ன்,vidhaan,vidhAn,vidhān,ʋɪd̪ʰɑːn̪,"act, law",சட்டம்,Politics,words
ꢱꢜ꣄ꢜꢱ꣄ꢩꣁ,सट्टसभा॑,ஸட்டஸபொ4,sat't'asbho',saTTasbhO,saṭṭasbhŏ,s̪əʈʈəs̪bʰo,le gislative assembly,சட்டமன்றம்,Politics,words
ꢱꢡ꣄ꢫꢵꢔ꣄ꢬꢲꣁ,सत्याग्रहा॑,ஸத்யாக்3ரஹொ,satyaagraho',satyAgrahO,satyāgrahŏ,s̪ət̪jɑːgɾəɦo,"satyagraha, protest",சத்தியாக்கிரகம்,Politics,words
ꢱꢾꢡ꣄ꢡꢬ꣄,स॑त्तर्,ஸெத்தர்,se'ttar,sEttar,sĕttar,s̪et̪t̪əɾ,choultry,சத்திரம்,Politics,words
ꢱꢡꢶ,सति,ஸதி,sati,sati,sati,s̪ət̪ɪ,conspiracy,சதி,Politics,words
ꢱꢩꢵꢥꢵꢫꢒꣁ,सभानायका॑,ஸபா4நாயகொ,sabhaanaayako',sabhAnAyakO,sabhānāyakŏ,s̪əbʰɑːn̪ɑːjəko,assembly speaker,சபாநாயகர்,Politics,words
ꢱꣁꢪ꣄ꢦꢸꢳꢵ ꢗꢾꢜ꣄ꢥꢶ,सा॑म्पुळाच॑ट्नि,ஸொம்பு3ளாசெட்னி,so'mpul'aa che't'ni,sOmpuLA cETni,sŏmpul̤ā cĕṭni,s̪ompuɭɑː t͡ʃeʈn̪ɪ,pay raise,சம்பள உயர்வு,Politics,words
ꢱꣁꢪ꣄ꢨꢸꢳꣁ,सा॑म्बुळा॑,ஸொம்பு3ளொ,so'mbul'o',sOmbuLO,sŏmbul̤ŏ,s̪ombuɭo,salary,சம்பளம்,Politics,words
ꢦꢔꢵꢬ꣄,पगार,பகா3ர்,pagaar,pagAr,pagār,pəgɑːɾ,salary,சம்பளம்,Politics,words
ꢱꢪꢵꢥꢸꢦꢥ꣄,समानुपन,ஸமானுபன்,samaanupan,samAnupan,samānupan,s̪əmɑːn̪upən̪,equality,சமத்துவம்,Politics,words
ꢱꢵꢪꢵꢣꢵꢥ꣄,समादान्,ஸமாதா4ன்,saamaadaan,sAmAdAn,sāmādān,s̪ɑːmɑːd̪ɑːn̪,peace,சமாதானம்,Politics,words
ꢱꢪꢸꢣꢵꢫ꣄,समुदाय,ஸமுதா3ய்,samudaay,samudAy,samudāy,s̪əmud̪ɑːj,society,சமுதாயம் / சமூகம்,Politics,words
ꢱꢪꢹꢲꢸ,समूहु,ஸமூஹு,samoohu,samUhu,samūhu,s̪əmuːɦu,society,சமுதாயம் / சமூகம்,Politics,words
ꢱꢬ꣄ꢮꢵꢤꢶꢒꢵꢬ꣄,सर्वाधिकार्,ஸர்வாதி4கார்,sarvaadhikaar,sarvAdhikAr,sarvādhikār,s̪əɾʋɑːd̪ʰɪkɑːɾ,dictatorship,சர்வாதிகாரம்,Politics,words
ꢱꢬ꣄ꢮꢵꢤꢶꢒꢵꢬꢶ,सर्वाधिकारि,ஸர்வாதி4காரி,sarvaadhikaari,sarvAdhikAri,sarvādhikāri,s̪əɾʋɑːd̪ʰɪkɑːɾɪ,dictator,சர்வாதிகாரி,Politics,words
ꢬꢪꢵꢬꢪꢶ,रमारमि,ரமாரமி,ramaarami,ramArami,ramārami,ɾəmɑːɾəmɪ,average,சராசரி,Politics,words
ꢱꢾꢭ꣄ꢒꢾ,स॑ल्क॑,ஸெல்கெ,se'lke',sElkE,sĕlkĕ,s̪elke,concession,சலுகை,Politics,words
ꢱꢲꢵꢮꢸ,सहावु,ஸஹாவு,sahaavu,sahAvu,sahāvu,s̪əɦɑːʋu,concession,சலுகை,Politics,words
ꢱꢵꢤꢥꣁ,साधना॑,ஸாத4னொ,saadhano',sAdhanO,sādhanŏ,s̪ɑːd̪ʰən̪o,achievement,சாதனை,Politics,words
ꢆꢦꢭꢨ꣄ꢤꢶ,उपलब्धि,உபலப்3தி4,upalabdhi,upalabdhi,upalabdhi,upələbd̪ʰɪ,achievement,சாதனை,Politics,words
ꢭꢨꢶꢛ꣄ꢗꢶꢥꢶ,लबिञ्चिनि,லபி3ஞ்சினி,labinchini,labiJcini,labiñcini,ləbɪɲt͡ʃɪn̪ɪ,achievement,சாதனை,Politics,words
ꢱꢪ꣄ꢱ꣄ꢫꣁ,समस्या॑,ஸமஸ்யொ,samsyo',samsyO,samsyŏ,s̪əms̪jo,problem,சிக்கல்,Politics,words
ꢦ꣄ꢬꢱ꣄ꢥꣁ,प्रस्ना॑,ப்ரஸ்னொ,prasno',prasnO,prasnŏ,pɾəs̪n̪o,problem,சிக்கல்,Politics,words
ꢆꢥ꣄ꢥꢮꢿꢱ꣄,उन्नवेस्,உன்னவேஸ்,unnaves,unnaves,unnaves,un̪n̪əʋeːs̪,"economy, thrift",சிக்கனம்,Politics,words
ꢱꣁꢜ꣄ꢜꢸ,सा॑ट्टु,ஸொட்டு,so't't'u,sOTTu,sŏṭṭu,s̪oʈʈu,"economy, thrift",சிக்கனம்,Politics,words
ꢮꢶꢒꢵꢬ꣄,विकार,விகார்,vikaar,vikAr,vikār,ʋɪkɑːɾ,decay,சிதைவு,Politics,words
ꢥꢱꢶꢥꢪ꣄,नसिनम,நஸினம்,nasinam,nasinam,nasinam,n̪əs̪ɪn̪əm,decay,சிதைவு,Politics,words
ꢱꢶꢡꢶꢭ꣄,सितिल,ஸிதில்,sitil,sitil,sitil,s̪ɪt̪ɪl,decay,சிதைவு,Politics,words
ꢱꢸꢨꢬ꣄ꢗꢶ,सुबर्चि,ஸுப3ர்சி,subarchi,subarci,subarci,s̪ubəɾt͡ʃɪ,recommendation,சிபாரிசு,Politics,words
ꢱꢶꢪ꣄ꢲꢵꢱꢥꣁ,सिम्हासना॑,ஸிம்ஹாஸனொ,simhaasano',simhAsanO,simhāsanŏ,s̪ɪmɦɑːs̪ən̪o,throne,சிம்மாசனம்,Politics,words
ꢱꢶꢪ꣄ꢲꢹ ꢃꢱꢥꣁ,सिम्हु आसना॑,ஸிம்ஹு ஆஸனொ,simhoo aasano',simhU AsanO,simhū āsanŏ,s̪ɪmɦuː ɑːs̪ən̪o,throne,சிம்மாசனம்,Politics,words
ꢂꢭ꣄ꢦ ꢱꢖ꣄ꢓꢫꣁ,अल्प सङ्खया॑,அல்ப ஸங்க2யொ,alpa sankhayo',alpa saGkhayO,alpa saṅkhayŏ,əlpə s̪əŋkʰəjo,minority,சிறுபான்மை,Politics,words
ꢥꢴꢥ꣄ꢥ ꢣꢵꢮꣁ,न्हन्न दावा॑,ந:ன்தா3வொ,nhanna daavo',nhanna dAvO,nhanna dāvŏ,n̪ɦən̪n̪ə d̪ɑːʋo,petty case,சிறுவழக்கு,Politics,words
ꢒꢵꢬꢵꢔ꣄ꢬꢆ,काराग्रहु,காராக்3ரஹு,kaaraagra_u,kArAgra_u,kārāgraü,kɑːɾɑːgɾə_u,"jail, prison",சிறை,Politics,words
ꢙꢾꢫꢶꢭ꣄,ज॑यिल,ஜெயில்,je'yil,jEyil,jĕyil,d͡ʒejɪl,"jail, prison",சிறை,Politics,words
ꢪꢸꢣ꣄ꢬꣁ,मुद्रा॑,முத்3ரொ,mudro',mudrO,mudrŏ,mud̪ɾo,symbol,சின்னம்,Politics,words
ꢗꢶꢥ꣄ꢲꢸ,चिन्हु,சின்ஹு,chinhu,cinhu,cinhu,t͡ʃɪn̪ɦu,symbol,சின்னம்,Politics,words
ꢮꢵꢒ꣄ꢒꢸꢗꢷꢜ꣄,वाक्कुचीट,வாக்கு சீட்,vaakkucheet',vAkkucIT,vākkucīṭ,ʋɑːkkut͡ʃiːʈ,ballot,வாக்குசீட்டு,Politics,words
ꢱꢸꢒꢬ꣄ꢠꢶ,सूकर्णि,ஸுகர்ணி,sukarni,sukarNi,sukarṇi,s̪ukəɾɳɪ,reformation,சீர்திருத்தம்,Politics,words
ꢱꢸꢤꢵꢬ꣄,सुधार,ஸுதா4ர்,sudhaar,sudhAr,sudhār,s̪ud̪ʰɑːɾ,reformation,சீர்திருத்தம்,Politics,words
ꢱꢪꢬꢹꢦ ꢮꢱ꣄ꢡꢬ꣄,समरूप वस्तर,ஸமரூப வஸ்தர்,samaroopa vastar,samarUpa vastar,samarūpa vastar,s̪əməɾuːpə ʋəs̪t̪əɾ,uniform,சீருடை,Politics,words
ꢱꢸꢭ꣄ꢒꢪ꣄,सुल्कम्,ஸுல்கம்,sulkam,sulkam,sulkam,s̪ulkəm,excise duty,சுங்கவரி,Politics,words
ꢱꢸꢭ꣄ꢒꣁ,सुल्का॑,ஸுல்கொ,sulko',sulkO,sulkŏ,s̪ulko,excise duty,சுங்கவரி,Politics,words
ꢱꢸꢡꢥ꣄ꢣꢬꢸ,सुतन्द्रु,ஸுதந்த்3ரு,sutandaru,sutandaru,sutandaru,s̪ut̪ən̪d̪əɾu,freedom,சுதந்திரம்,Politics,words
ꢣꢸꢰ꣄ꢦ꣄ꢬꢫꣁꢒ꣄,दुष्प्रयोक,து3ஷ்ப்ரயோக்,dushprayo'k,duSprayOk,duṣprayŏk,d̪uʂpɾəjok,exploitation,சுரண்டல்,Politics,words
ꢱꢖ꣄ꢒ꣄ꢯꢾꢦꢸ,सङ्क्क्षेपु,ஸங்க்க்ஷேபு,sankshe'pu,saGkzEpu,saṅkśĕpu,s̪əŋkʃepu,abridgement,சுருக்கம்,Politics,words
ꢩꢷꢡꢸꢬ꣄ ꢣꢾꢮ꣄ꢱꢶꢥꢶ,भीतुर् द॑व्सिनि,பீ4துர் தெ3வ்ஸினி,bheetur de'vsini,bhItur dEvsini,bhītur dĕvsini,bʰiːt̪uɾ d̪eʋs̪ɪn̪ɪ,wall-poster,சுவரொட்டி,Politics,words
ꢗꢸꢜ꣄ꢜꢸꢬ꣄ ꢒꢳꢞ꣄ꢠꢶ,चुट्टुर् कळड्णि,சுட்டுர் களட்3ணி,chut't'ur kal'ad'ni,cuTTur kaLaDNi,cuṭṭur kal̤aḍṇi,t͡ʃuʈʈuɾ kəɭəɖɳɪ,circular,சுற்றிக்கை,Politics,words
ꢦꢬꢶꢦꢡ꣄ꢡꢬ꣄,परिपत्तर,பரிபத்தர்,paripattar,paripattar,paripattar,pəɾɪpət̪t̪əɾ,circular,சுற்றிக்கை,Politics,words
ꢪꢬꢵꢪꢡ꣄ꢡꢸ,मरमत्तु,மராமத்து,maraamattu,marAmattu,marāmattu,məɾɑːmət̪t̪u,repair,செப்பனிடுதல்,Politics,words
ꢱꢸꢤꢬꢠꣁ,सुधरणा॑,ஸுத4ரணொ,sudharano',sudharaNO,sudharaṇŏ,s̪ud̪ʰəɾəɳo,repair,செப்பனிடுதல்,Politics,words
ꢗꢪ꣄ꢱ꣄ꢒꢬꢠꣁ,चम्स्करणा॑,சம்ஸ்கரணொ,chamskarano',camskaraNO,camskaraṇŏ,t͡ʃəms̪kəɾəɳo,repair,செப்பனிடுதல்,Politics,words
ꢱꢹꢗꢥ ꢮꢶꢩꢵꢔ꣄,सूचन विभाग,ஸூசன விபா4க்3,soochana vibhaag,sUcana vibhAg,sūcana vibhāg,s̪uːt͡ʃən̪ə ʋɪbʰɑːg,information department,செய்தித்துறை,Politics,words
ꢱꢪꢵꢗ꣄ꢗꢵꢬꢸ ꢮꢶꢩꢵꢔ꣄,समाच्चारु विभाग,ஸமாச்சாரு விபா4க்3,samaachchaaru vibhaag,samAccAru vibhAg,samāccāru vibhāg,s̪əmɑːt͡ʃt͡ʃɑːɾu ʋɪbʰɑːg,information department,செய்தித்துறை,Politics,words
ꢱꢗꢶꢮꢵꢭꢫꣁ,सचिवालया॑,ஸசிவாலயொ,sachivaalayo',sacivAlayO,sacivālayŏ,s̪ət͡ʃɪʋɑːləjo,secretariate,செயலகம்,Politics,words
ꢒꢵꢬ꣄ꢫꢣꢬ꣄ꢱꢶ,कार्यदर्सि,கார்யத3ர்ஸி,kaaryadarsi,kAryadarsi,kāryadarsi,kɑːɾjəd̪əɾs̪ɪ,secretary,செயலர்,Politics,words
ꢨ꣄ꢬꢩꢵꢮ꣄,प्रभाव्,ப்ரபா4வ்,brabhaav,brabhAv,brabhāv,bɾəbʰɑːʋ,influence,செல்வாக்கு,Politics,words
ꢮꢿꢱꢸꢥ꣄,वेसुन्,வேஸுன்,vesun,vesun,vesun,ʋeːs̪un̪,items of expenditure,செலவினம்,Politics,words
ꢮꢿꢱ,वेस,வேஸ்,vesa,vesa,vesa,ʋeːs̪ə,expenditure,செலவு,Politics,words
ꢣꢾꢜ꣄ꢜꢸ,देट्टु,தெ3ட்டு,de't't'u,dETTu,dĕṭṭu,d̪eʈʈu,intensity,செறிவு,Politics,words
ꢒ꣄ꢯꢡꢶ,क्षति,க்ஷதி,kshati,kzati,kśati,kʃət̪ɪ,damage,சேதம்,Politics,words
ꢱꢿꢡꢵꢬꢪ꣄,सेतारम्,சேதாரம்,setaaram,setAram,setāram,s̪eːt̪ɑːɾəm,spoilage,சேதாரம்,Politics,words
ꢆꢬꢵꢮ,उराव,உராவ்,uraava,urAva,urāva,uɾɑːʋə,savings,சேமிப்பு,Politics,words
ꢱꢿꢥꢵꢤꢶꢦꢡꢶ,सेनाधिपति,ஸேனாதி4பதி,senaadhipati,senAdhipati,senādhipati,s̪eːn̪ɑːd̪ʰɪpət̪ɪ,army chief,சேனாதிபதி,Politics,words
ꢱꢫ꣄ꢒꢥꣁ,सय्कना॑,ஸய்கனொ,saykano',saykanO,saykanŏ,s̪əjkən̪o,signal,சைகை,Politics,words
ꢱꢪꢶꢙ꣄ꢛꢸ,समिज्ना॑,ஸமிஜ்ஞொ,samijnyu,samijJu,samijñu,s̪əmɪd͡ʒɲu,signal,சைகை,Politics,words
ꢱꣁꢡ꣄ꢡꢸ,सा॑त्तु,ஸொத்து,so'ttu,sOttu,sŏttu,s̪ot̪t̪u,assets,சொத்து,Politics,words
ꢮꢶꢮꢵꢡ꣄,विवात,விவாத்,vivaat,vivAt,vivāt,ʋɪʋɑːt̪,dispute,தகராறு,Politics,words
ꢡꢾꢔꢸꢬꢵꢭ꣄,त॑गुराल,தெகு3ரால்,te'guraal,tEgurAl,tĕgurāl,t̪eguɾɑːl,dispute,தகராறு,Politics,words
ꢫꣂꢔ꣄ꢫꢡꣁ,योग्यता॑,யோக்3யதொ,yogyato',yogyatO,yogyatŏ,joːgjət̪o,"qualification, eligibility",தகுதி,Politics,words
ꢭꢵꢔꢶꢡꣁ,लागिता॑,லாகி3தொ,laagito',lAgitO,lāgitŏ,lɑːgɪt̪o,"qualification, eligibility",தகுதி,Politics,words
ꢜꢖ꣄ꢒꢠꢒꢬ꣄ꢡꣁ,टङकणकर्ता॑,டங்கணகர்தொ,t'ankanakarto',TaGkaNakartO,ṭaṅkaṇakartŏ,ʈəŋkəɳəkəɾt̪o,typist,தட்டெழுத்தர்,Politics,words
ꢪꢵꢬ꣄ꢔꢸ,मार्गु,மார்கு3,maargu,mArgu,mārgu,mɑːɾgu,route,தடம்,Politics,words
ꢃꢞ꣄ꢞꢪꢸꢥ꣄,अड्डामुन,அட்3ட3முன்,aad'd'amun,ADDamun,āḍḍamun,ɑːɖɖəmun̪,obstacles,தடைகள்,Politics,words
ꢂꢞ꣄ꢞꢶꢥ꣄,अड्डिन,அட்3டி3ன்,ad'd'in,aDDin,aḍḍin,əɖɖɪn̪,obstacles,தடைகள்,Politics,words
ꢨꢵꢤꢵꢥ꣄,बाधान,பா3தா4ன்,baadhaan,bAdhAn,bādhān,bɑːd̪ʰɑːn̪,obstacles,தடைகள்,Politics,words
ꢣꢠ꣄ꢞꢠꣁ,दण्डणा॑,த3ண்ட3ணொ,dand'ano',daNDaNO,daṇḍaṇŏ,d̪əɳɖəɳo,"fine, penalty",தண்டம்,Politics,words
ꢣꢠ꣄ꢞꢠꣁ,दण्डणा॑,த3ண்ட3ணொ,dand'ano',daNDaNO,daṇḍaṇŏ,d̪əɳɖəɳo,punishment,தண்டனை,Politics,words
ꢱꢾꢬ꣄ꢒꢬꢥꢶ,स॑र्करनि,ஸெர்கர:னி,se'rkarani,sErkarani,sĕrkarani,s̪eɾkəɾən̪ɪ,audit,தணிக்கை,Politics,words
ꢭꢾꢓ꣄ꢒꣁ,ल॑ख्का॑,லெக்2கொ,le'khko',lEkhkO,lĕkhkŏ,lekʰko,audit,தணிக்கை,Politics,words
ꢭꢴꢾꢒ꣄ꢒꢵ ꢥꢶꢬꢷꢒ꣄ꢰꢠꣁ,ल्ह॑क्का निरीक्षणा॑,லெ:க்கா நிரீக்ஷனொ,lhe'kkaa nireekshano',lhEkkA nirIkSaNO,lhĕkkā nirīkṣaṇŏ,lɦekkɑː n̪ɪɾiːkʂəɳo,audit,தணிக்கை,Politics,words
ꢭꢴꢾꢒ꣄ꢒꢵ ꢱꣂꢤꢥꣁ,ल्ह॑क्का सोधना॑,லெ:க்கா ஸோத4னொ,lhe'kkaa sodhano',lhEkkA sodhanO,lhĕkkā sodhanŏ,lɦekkɑː s̪oːd̪ʰən̪o,audit,தணிக்கை,Politics,words
ꢣꢹꢬ꣄ ꢭꢶꢓꢶꢥꢶ,दूर्लिखिनि,து3ர்லிகி2னி,door likhini,dUr likhini,dūr likhini,d̪uːɾ lɪkʰɪn̪ɪ,,,Politics,words
ꢡꢾꢬꢒꢸ ꢲꢥ꣄ꢥꢮ꣄,तेरकु हन्नव,தெரகு ஹன்னவ்,te'raku hannav,tEraku hannav,tĕraku hannav,t̪eɾəku ɦən̪n̪əʋ,brokerage,தரகு,Politics,words
ꢦꢒꢰꢮꢵꢥꢸꢥ꣄,पक्षवानुन,பக்ஷவானுன்,pakashavaanun,pakaSavAnun,pakaṣavānun,pəkəʂəʋɑːn̪un̪,parties,தரப்பினர்,Politics,words
ꢱ꣄ꢬꢿꢠꢶ,स्रेणि,ஸ்ரேணி,sreni,sreNi,sreṇi,s̪ɾeːɳɪ,"grade, standard",தரம்,Politics,words
ꢆꢥ꣄ꢥꢡꢶ,उन्नति,உந்நதி,unnati,unnati,unnati,un̪n̪ət̪ɪ,"grade, standard",தரம்,Politics,words
ꢮꢶꢬ꣄ꢡꢵ ꢩꢸꢛꢶ,व्र्ताभुञि,விர்தாபு4ஞி,virtaa bhunyi,virtA bhuJi,virtā bhuñi,ʋɪɾt̪ɑː bʰuɲɪ,wasteland,தரிசு நிலம்,Politics,words
ꢥꢶꢱ꣄ꢡ ꢩꢸꢄ~,निस्त भुइ~,நிஸ்த பு4இ~,nista bhui~,nista bhui~,nista bhui~,n̪ɪs̪t̪ə bʰuɪ~,wasteland,தரிசு நிலம்,Politics,words
ꢣꢳꢦꢳꣁ,दळपळा॑,த3ளபளொ,dal'apal'o',daLapaLO,dal̤apal̤ŏ,d̪əɭəpəɭo,land army,தரைப்படை,Politics,words
ꢣꢳ ꢱꢾꢥꣁ,दळ सेना॑,த3ள ஸேனொ,dal'a se'no',daLa sEnO,dal̤a sĕnŏ,d̪əɭə s̪en̪o,land army,தரைப்படை,Politics,words
ꢦꢣ ꢱꢿꢥꣁ,पद सेना॑,பத3ஸேனொ,pada seno',pada senO,pada senŏ,pəd̪ə s̪eːn̪o,land army,தரைப்படை,Politics,words
ꢬꢵꢙꢤꢵꢥꢶ,राजधानि,ராஜதா4னி,raajadhaani,rAjadhAni,rājadhāni,ɾɑːd͡ʒəd̪ʰɑːn̪ɪ,capital city,தலைநகரம்,Politics,words
ꢂꢔ꣄ꢬꢵꢱꢥꢸꢦꢥ꣄,अग्रासनुपन,அக்3ராஸனுபன்,agraasanupan,agrAsanupan,agrāsanupan,əgɾɑːs̪ən̪upən̪,leadership,தலைமை,Politics,words
ꢂꢔ꣄ꢬꢵꢱꢥꣁ,अग्रासना॑,அக்3ராஸனொ,agraasano',agrAsanO,agrāsanŏ,əgɾɑːs̪ən̪o,leadership,தலைமை,Politics,words
ꢂꢔ꣄ꢬꢵꢱꢥꢵꢤꢶꢦꢡꢶ,अग्रासनाधिपति,அக்3ராஸனாதி4பதி,agraasanaadhipati,agrAsanAdhipati,agrāsanādhipati,əgɾɑːs̪ən̪ɑːd̪ʰɪpət̪ɪ,"leader, president",தலைவர்,Politics,words
ꢬꢶꢨꢾꢜ꣄,रिबेट,ரிபே3ட்,ribe't',ribET,ribĕṭ,ɾɪbeʈ,"discount, rebate",தள்ளுபடி,Politics,words
ꢣꣁꢦ꣄ꢨꢶꢣꢾꢥꢶ,दा॑प्बिद॑नि,தொ3ப்பி3தெ3னி,do'pbide'ni,dOpbidEni,dŏpbidĕni,d̪opbɪd̪en̪ɪ,"discount, rebate",தள்ளுபடி,Politics,words
ꢆꢥ꣄ꢥ ꢒꢾꢬ꣄ꢥꢶ,उन्न क॑र्नि,உன்ன கெர்னி,unna ke'rni,unna kErni,unna kĕrni,un̪n̪ə keɾn̪ɪ,"discount, rebate",தள்ளுபடி,Politics,words
ꢆꢦꢒꢬꢠꣁ,उपकरणा॑,உபகரணொ,upakarano',upakaraNO,upakaraṇŏ,upəkəɾəɳo,equipment,தளவாடம்,Politics,words
ꢱ꣄ꢮꢫ ꢂꢟꢶꢒꢵꢬ꣄,स्वय अधिकार,ஸ்வய அதி4கார்,svaya ad'hikaar,svaya aDhikAr,svaya aḍhikār,s̪ʋəjə əɖʰɪkɑːɾ,autonomy,தன்னாட்சி,Politics,words
ꢱ꣄ꢮꢗꢭ꣄ꢥꢶ,स्वचल्नि,ஸ்வசல்னி,svachalni,svacalni,svacalni,s̪ʋət͡ʃəln̪ɪ,automation,தன்னியக்கம்,Politics,words
ꢏꢠ꣄ꢜꢶꢫꢵꢳ꣄,आ॑ण्टियाळ,ஒண்டியாள்,o'nt'iyaal',ONTiyAL,ŏṇṭiyāl̤,oɳʈɪjɑːɭ,individual,தனிநபர்,Politics,words
ꢏꢠ꣄ꢜꢮ꣄ꢫꢒ꣄ꢡꢶ,आ॑ण्टव्यक्ति,ஒண்டவ்யக்தி,o'nt'avyakti,ONTavyakti,ŏṇṭavyakti,oɳʈəʋjəkt̪ɪ,individual,தனிநபர்,Politics,words
ꢪꢵꢬ꣄,मार,மார்,maar,mAr,mār,mɑːɾ,attack,தாக்குதல்,Politics,words
ꢪꢵꢡ꣄ꢬꢸ ꢩꢵꢰꣁ,मात्रु भाषा॑,மாத்ரு பா4ஷொ,maatru bhaasho',mAtru bhASO,mātru bhāṣŏ,mɑːt̪ɾu bʰɑːʂo,mother tongue,தாய்மொழி,Politics,words
ꢫꣂꢙꢥꢵ ꢃꢫꣂꢔ꣄,योजना आयोग,யோஜனா ஆயோக்3,yojanaa aayog,yojanA Ayog,yojanā āyog,joːd͡ʒən̪ɑː ɑːjoːg,planning commission,திட்டக்குழு,Politics,words
ꢫꣂꢙꢥꣁ,योजना॑,யோஜனொ,yojano',yojanO,yojanŏ,joːd͡ʒən̪o,plan,திட்டம்,Politics,words
ꢡꢶꢠ꣄ꢗꢶꢥꢶ,तिण्चिनि,திண்சினி,tinchini,tiNcini,tiṇcini,t̪ɪɳt͡ʃɪn̪ɪ,imposition,திணிப்பு,Politics,words
ꢂꢤꢶꢬꣂꢦꢠꣁ,अधिरोपणा॑,அதி4ரோபணொ,adhiropano',adhiropaNO,adhiropaṇŏ,əd̪ʰɪɾoːpəɳo,imposition,திணிப்பு,Politics,words
ꢡꢶꢬꢶꢡꢪ꣄,तिरितम्,திரிதம்,tiritam,tiritam,tiritam,t̪ɪɾɪt̪əm,,,Politics,words
ꢣꢶꢮꢵꢭ꣄,दिवाल,தி3வால்,divaal,divAl,divāl,d̪ɪʋɑːl,insolvent,திவால்,Politics,words
ꢤꢶꢮꢵꢥ꣄,धिवान्,தி4வான்,dhivaan,dhivAn,dhivān,d̪ʰɪʋɑːn̪,diwan,திவான்,Politics,words
ꢆꢔ꣄ꢬꢮꢵꢡꢶ,उग्रवाति,உக்3ரவாதி,ugravaati,ugravAti,ugravāti,ugɾəʋɑːt̪ɪ,extremist,தீவிரவாதி,Politics,words
ꢡꢶꢬ꣄ꢪꢵꢥ꣄,तिर्मान्,திர்மான்,tirmaan,tirmAn,tirmān,t̪ɪɾmɑːn̪,resolution,தீர்மானம்,Politics,words
ꢥꢶꢬ꣄ꢠꢫꣁ,निर्णया॑,நிர்ணயொ,nirnayo',nirNayO,nirṇayŏ,n̪ɪɾɳəjo,resolution,தீர்மானம்,Politics,words
ꢡꢷꢬ꣄ꢮꣁ,तीर्वा॑,தீர்வொ,teervo',tIrvO,tīrvŏ,t̪iːɾʋo,duty,தீர்வை,Politics,words
ꢆꢦꢬꢵꢰ꣄ꢜ꣄ꢬꢦꢡꢶ,उपराष्ट्रपति,உபராஷ்ட்ரபதி,uparaasht'rapati,uparASTrapati,uparāṣṭrapati,upəɾɑːʂʈɾəpət̪ɪ,vice-president,துணைராஷ்ட்ரபதி,Politics,words
ꢆꢦꢮꢶꢢꢶ,उपविधि,உபவிதி4,upavithi,upavithi,upavithi,upəʋɪt̪ʰɪ,by-law,துணைவிதி,Politics,words
ꢥꢶꢬ꣄ꢪꢭꢶꢒꢬꢠꣁ,निर्मलिकरणा॑,நிர்மலிகரணொ,nirmalikarano',nirmalikaraNO,nirmalikaraṇŏ,n̪ɪɾməlɪkəɾəɳo,sanitation,துப்புரவு,Politics,words
ꢱꢸꢣ꣄ꢤꢶ ꢦꢵꢭꢥꣁ,सुद्धिपालना॑,ஸுத்3தி4 பாலனொ,suddhi paalano',suddhi pAlanO,suddhi pālanŏ,s̪ud̪d̪ʰɪ pɑːlən̪o,sanitation,துப்புரவு,Politics,words
ꢡꢵꢬꢸ ꢬꢾꢪ꣄,तारु रेम,தாரு ரேம்,taaru re'm,tAru rEm,tāru rĕm,t̪ɑːɾu ɾem,harbour,துறைமுகம்,Politics,words
ꢥꢵꢮꢸꢬꢾꢪ꣄,नावु रेम,நாவுரேம்,naavure'm,nAvurEm,nāvurĕm,n̪ɑːʋuɾem,harbour,துறைமுகம்,Politics,words
ꢥꢮ꣄ꢒꢵ ꢬꢿꢪ꣄,नव्का रेम,நவ்கா ரேம்,navkaa rem,navkA rem,navkā rem,n̪əʋkɑː ɾeːm,harbour,துறைமுகம்,Politics,words
ꢣꢸꢡꢥꢶꢮꢵꢱ꣄,दुत निवास,தூ3த நிவாஸ்,dutanivaas,dutanivAs,dutanivās,d̪ut̪ən̪ɪʋɑːs̪,embassy,தூதரகம்,Politics,words
ꢣꢹꢡꣁ,दूता॑,தூ3தொ,dooto',dUtO,dūtŏ,d̪uːt̪o,messenger,தூதுவன்,Politics,words
ꢦꢬꢶꢱꢸꢣ꣄ꢤꢶ,परिसुद्धि,பரிஸுத்3தி4,parisuddhi,parisuddhi,parisuddhi,pəɾɪs̪ud̪d̪ʰɪ,cleanliness,தூய்மை,Politics,words
ꢥꢶꢳ꣄꣄ꢗꢶꢥꢶ,निळ्चिनि,நிள்சினி,nil'chini,niLcini,nil̤cini,n̪ɪɭt͡ʃɪn̪ɪ,stagnation,தேக்கம்,Politics,words
ꢣꢾꢱꢩꢒ꣄ꢡꣁ,देसभक्ता॑,தே3ஸப4க்தொ,de'sabhakto',dEsabhaktO,dĕsabhaktŏ,d̪es̪əbʰəkt̪o,patriot,தேசபக்தர்,Politics,words
ꢣꢿꢱꢩꢒ꣄ꢡꢶ,देसभक्ति,தே3ஸப4க்தி,desabhakti,desabhakti,desabhakti,d̪eːs̪əbʰəkt̪ɪ,patriotism,தேசபக்தி,Politics,words
ꢬꢵꢰ꣄ꢜ꣄ꢬꢸ,राष्टरु,ராஷ்ட்ரு,raasht'ru,rASTru,rāṣṭru,ɾɑːʂʈɾu,nation,தேசம்,Politics,words
ꢣꢾꢱꢸ,देसु,தே3ஸு,de'su,dEsu,dĕsu,d̪es̪u,nation,தேசம்,Politics,words
ꢬꢵꢰ꣄ꢜ꣄ꢬꢚꢠ꣄ꢞꢵꢮ꣄,राष्ट्रझण्डाव,ராஷ்ட்ரஜ2ண்டா3வ்,raasht'rajhand'aav,rASTrajhaNDAv,rāṣṭrajhaṇḍāv,ɾɑːʂʈɾəd͡ʒʰəɳɖɑːʋ,National Flag,தேசியக்கொடி,Politics,words
ꢬꢵꢰ꣄ꢜ꣄ꢬꢔꢵꢥꢪ꣄,राष्ट्रगानम,ராஷ்ட்ரகா3னம்,raasht'ragaanam,rASTragAnam,rāṣṭragānam,ɾɑːʂʈɾəgɑːn̪əm,National Anthem,தேசியகீதம்,Politics,words
ꢣꢾꢱꢸꢔꢷꢡ꣄,देसुगीत,தே3ஸுகீ3த்,de'sugeet,dEsugIt,dĕsugīt,d̪es̪ugiːt̪,National Anthem,தேசியகீதம்,Politics,words
ꢬꢵꢰ꣄ꢜ꣄ꢬꢩꢵꢰꣁ,राष्ट्रभाषा॑,ராஷ்ட்ரபா4ஷொ,raasht'rabhaasho',rASTrabhASO,rāṣṭrabhāṣŏ,ɾɑːʂʈɾəbʰɑːʂo,National Language,தேசியமொழி,Politics,words
ꢗꢸꢥꢵꢮ꣄,चुनाव,சுனாவ்,chunaav,cunAv,cunāv,t͡ʃun̪ɑːʋ,election,தேர்தல்,Politics,words
ꢥꢶꢬ꣄ꢮꢵꢗꢥ꣄,निर्वाचन,நிர்வாசன்,nirvaachan,nirvAcan,nirvācan,n̪ɪɾʋɑːt͡ʃən̪,election,தேர்தல்,Politics,words
ꢦꢙꢾꢥ꣄ꢡꣁ,पज॑न्ता॑,பஜெந்தொ,paje'nto',pajEntO,pajĕntŏ,pəd͡ʒen̪t̪o,need,தேவை,Politics,words
ꢥꢶꢬ꣄ꢮꢵꢗꢥꢸ ꢩꢵꢔ꣄,निर्वाचनु भाग,நிர்வாசனு பா4க்3,nirvaachanu bhaag,nirvAcanu bhAg,nirvācanu bhāg,n̪ɪɾʋɑːt͡ʃən̪u bʰɑːg,constituency,தொகுதி,Politics,words
ꢱꢖ꣄ꢒꢭꢥꢒꣁ,सङ्कलनका॑,ஸங்கலனகொ,sankalanako',saGkalanakO,saṅkalanakŏ,s̪əŋkələn̪əko,compiler,தொகுப்பாளர்,Politics,words
ꢮ꣄ꢫꢵꢱꢶꢒꢬ꣄ꢡꣁ,व्यासिकर्ता॑,வ்யாஸிகர்தொ,vyaasikarto',vyAsikartO,vyāsikartŏ,ʋjɑːs̪ɪkəɾt̪o,compiler,தொகுப்பாளர்,Politics,words
ꢱꢖ꣄ꢒꢭꢥꣁ,सङ्कलना॑,ஸங்கலனொ,sankalano',saGkalanO,saṅkalanŏ,s̪əŋkələn̪o,compilation,தொகுப்பு,Politics,words
ꢮ꣄ꢫꢵꢱ꣄,व्यास,வ்யாஸ்,vyaas,vyAs,vyās,ʋjɑːs̪,compilation,தொகுப்பு,Politics,words
ꢬꣁꢒ꣄ꢒꢪ꣄,रोक्कम,ரொக்கம்,ro'kkam,rOkkam,rŏkkam,ɾokkəm,amount,தொகை,Politics,words
ꢤꢥꢬꢵꢯꢶ,धनराशि,த4னராஶி,dhanaraashi,dhanarAzi,dhanarāśi,d̪ʰən̪əɾɑːʃɪ,amount,தொகை,Politics,words
ꢱꢾꢮ꣄ꢒꢥ꣄,सेव्कन,ஸெவ்கன்,se'vkan,sEvkan,sĕvkan,s̪eʋkən̪,volunteer,தொண்டர்,Politics,words
ꢣꢹꢬ ꣄ꢭꢶꢓ꣄ꢥꢶ,दूर्लिख्नि,தூ3ர்லிக்2னி,doora likhni,dUra likhni,dūra likhni,d̪uːɾə lɪkʰn̪ɪ,telegram,தொலைவரி,Politics,words
ꢒꢵꢬ꣄ꢫꣁ,कार्या॑,கார்யொ,kaaryo',kAryO,kāryŏ,kɑːɾjo,labour,தொழில்,Politics,words
ꢒꢵꢪ꣄,काम,காம்,kaam,kAm,kām,kɑːm,labour,தொழில்,Politics,words
ꢒꢵꢬ꣄ꢫꢮꢵꢥ꣄,कार्यवान,கார்யவான்,kaaryavaan,kAryavAn,kāryavān,kɑːɾjəʋɑːn̪,labourer,தொழிலாளி,Politics,words
ꢒꢵꢪ꣄ꢒꢾꢬ꣄ꢡꣁ,काम्क॑र्ता॑,காம் கெர்தொ,kaamke'rto',kAmkErtO,kāmkĕrtŏ,kɑːmkeɾt̪o,labourer,தொழிலாளி,Politics,words
ꢒꢵꢬ꣄ꢫꢱ꣄ꢢꣁ,कर्यस्था॑,கார்யஸ்தொ2,kaaryastho',kAryasthO,kāryasthŏ,kɑːɾjəs̪t̪ʰo,labourer,தொழிலாளி,Politics,words
ꢒꢵꢪꢸ ꢦꣁꢜ꣄ꢜꢾꢜ꣄,कामु पा॑ट्ट॑ट,காமு பொட்டெட்,kaamu po't't'e't',kAmu pOTTET,kāmu pŏṭṭĕṭ,kɑːmu poʈʈeʈ,industrial estate,தொழிற்பேட்டை,Politics,words
ꢒꢵꢬ꣄ꢫꢕꢥꣁ,कारयघना॑,கார்யக4னொ,kaaryaghano',kAryaghanO,kāryaghanŏ,kɑːɾjəgʰən̪o,industrial estate,தொழிற்பேட்டை,Politics,words
ꢆꢣ꣄ꢣꢾꢱ꣄,उद्देस,உத்3தே3ஸ்,udde's,uddEs,uddĕs,ud̪d̪es̪,approximation,தோராயம்,Politics,words
ꢱꢵꢪꢷꢦ꣄ꢫꢡꣁ,सामीप्यता॑,ஸாமீப்யதொ,saameepyato',sAmIpyatO,sāmīpyatŏ,s̪ɑːmiːpjət̪o,approximation,தோராயம்,Politics,words
ꢆꢥ꣄ꢥ ꢆꢦꢶꢬ꣄,उन्न उपिर,உன்ன உபிர்,unna upir,unna upir,unna upir,un̪n̪ə upɪɾ,approximation,தோராயம்,Politics,words
ꢱꢶꢖ꣄ꢔꣀꢡ꣄,सिङ्गैत,ஸிங்கை3த்,singait,siGgait,siṅgait,s̪ɪŋgəɪt̪,comrade,தோழர்,Politics,words
ꢱꢾꢖ꣄ꢔꢡꢶ,स॑ङ्गति,ஸெங்க3தி,se'ngati,sEGgati,sĕṅgati,s̪eŋgət̪ɪ,comrade,தோழர்,Politics,words
ꢱꢲꢮꢵꢱꢶ,सहवासि,ஸஹவாஸி,sahavaasi,sahavAsi,sahavāsi,s̪əɦəʋɑːs̪ɪ,comrade,தோழர்,Politics,words
ꢱꢾꢖ꣄ꢔꢮꢶ,स॑ङ्गवि,ஸெங்க3வி,se'ngavi,sEGgavi,sĕṅgavi,s̪eŋgəʋɪ,comrade,தோழர்,Politics,words
ꢥꢔꢬꢱꢩꣁ,नगरसभा॑,நக3ர ஸபொ4,nagarasabho',nagarasabhO,nagarasabhŏ,n̪əgəɾəs̪əbʰo,municipality,நகரசபை,Politics,words
ꢔ꣄ꢬꢵꢪ ꢱꢖ꣄ꢕꣁ,ग्राम सङ्घा॑,க்3ராம ஸங்கொ4,graama sangho',grAma saGghO,grāma saṅghŏ,gɾɑːmə s̪əŋgʰo,municipality,நகரசபை,Politics,words
ꢥꢔꢬ ꢦꢵꢭꢶꢒꣁ,नगर पालिका॑,நக3ர பாலிகொ,nagara paaliko',nagara pAlikO,nagara pālikŏ,n̪əgəɾə pɑːlɪko,municipality,நகரசபை,Politics,words
ꢗꢵꢭ꣄ꢗꢭꢥ꣄,चाल्चलन,சால்சலன்,chaalchalan,cAlcalan,cālcalan,t͡ʃɑːlt͡ʃələn̪,movement,நடமாட்டம்,Politics,words
ꢒ꣄ꢬꢶꢫꢵꢒ꣄ꢬꢪꣁ,क्रियाक्रमा॑,க்ரியாக்ரமொ,kriyaakramo',kriyAkramO,kriyākramŏ,kɾɪjɑːkɾəmo,action,நடவடிக்கை,Politics,words
ꢪꢤ꣄ꢫ ꢱꢬ꣄ꢒꢵꢬ꣄,मध्य सर्कार,மத்4யஸர்கார்,madhya sarkaar,madhya sarkAr,madhya sarkār,məd̪ʰjə s̪əɾkɑːɾ,Central Government,நடுவணரசு,Politics,words
ꢆꢭꢵꢱꢸꢮꢵꢜ꣄,उलासुवाट,உலாஸு வாட்,ulaasuvaat',ulAsuvAT,ulāsuvāṭ,ulɑːs̪uʋɑːʈ,pavement,நடைபாதை,Politics,words
ꢗꢭꢥ꣄ꢮꢵꢜ꣄,चलन्वाट,சலன் வாட்,chalanvaat',calanvAT,calanvāṭ,t͡ʃələn̪ʋɑːʈ,pavement,நடைபாதை,Politics,words
ꢥꢾꢰ꣄ꢜꢶ ꢥꢶꢮꢵꢬꢠꣁ,न॑ष्टि निवारणा॑,நெஷ்டி நிவாரணொ,ne'sht'i nivaarano',nESTi nivAraNO,nĕṣṭi nivāraṇŏ,n̪eʂʈɪ n̪ɪʋɑːɾəɳo,compensation,நஷ்ட ஈடு,Politics,words
ꢥꢵꢔ꣄ꢬꢷꢔ꣄,नाग्रीग,நாக3ரீக்3,naagreeg,nAgrIg,nāgrīg,n̪ɑːgɾiːg,civilization,நாகரீகம்,Politics,words
ꢱꢪ꣄ꢱ꣄ꢒ꣄ꢬꢸꢡꢶ,सम्स्क्रुति,ஸம்ஸ்க்ருதி,samskruti,samskruti,samskruti,s̪əms̪kɾut̪ɪ,civilization,நாகரீகம்,Politics,words
ꢣꢶꢥ꣄ꢥꢸ ꢱꣁꢪ꣄ꢨꢸꢳꣁ,दिन्नु सा॑म्बुळा॑,தி3ன்னு ஸொம்பு3ளொ,dinnu so'mbul'o',dinnu sOmbuLO,dinnu sŏmbul̤ŏ,d̪ɪn̪n̪u s̪ombuɭo,daily wage,நாட்கூலி,Politics,words
ꢔ꣄ꢬꢵꢪ꣄ꢫꢙꢵꢡ꣄,ग्राम्यजात,க்3ராம்யஜாத்,graamyajaat,grAmyajAt,grāmyajāt,gɾɑːmjəd͡ʒɑːt̪,local race,நாட்டினம்,Politics,words
ꢱ꣄ꢢꢭꢷꢫꢙꢵꢡ꣄,स्थलीयजात,ஸ்த2லீயஜாத்,sthaleeyajaat,sthalIyajAt,sthalīyajāt,s̪t̪ʰəliːjəd͡ʒɑːt̪,local race,நாட்டினம்,Politics,words
ꢬꢵꢰ꣄ꢜ꣄ꢬ ꢚꢠ꣄ꢞꢮ꣄,राष्ट्र झण्डाव,ராஷ்ட்ர ஜ2ண்டா3வ்,raasht'ra jhand'av,rASTra jhaNDav,rāṣṭra jhaṇḍav,ɾɑːʂʈɾə d͡ʒʰəɳɖəʋ,National Flag,நாட்டுக்கொடி,Politics,words
ꢣꢾꢱꢸ ꢚꢠ꣄ꢞꢵꢮ꣄,देसु झण्डाव,தே3ஸு ஜ2ண்டா3வ்,de'su jhand'aav,dEsu jhaNDAv,dĕsu jhaṇḍāv,d̪es̪u d͡ʒʰəɳɖɑːʋ,National Flag,நாட்டுக்கொடி,Politics,words
ꢬꢵꢰ꣄ꢜ꣄ꢬꢔꢷꢜ꣄,राष्ट्रगीत,ராஷ்ட்ர கீ3த்,raasht'rageet',rASTragIT,rāṣṭragīṭ,ɾɑːʂʈɾəgiːʈ,National Anthem,நாட்டுப்பண்,Politics,words
ꢣꢾꢱꢸꢔꢷꢜ꣄,देसुगीत,தே3ஸு கீ3த்,de'sugeet',dEsugIT,dĕsugīṭ,d̪es̪ugiːʈ,National Anthem,நாட்டுப்பண்,Politics,words
ꢬꢵꢰ꣄ꢜ꣄ꢬ ꢩꢒ꣄ꢡꢶ,राष्ट्र भक्ति,ராஷ்ட்ர ப4க்தி,raasht'ra bhakti,rASTra bhakti,rāṣṭra bhakti,ɾɑːʂʈɾə bʰəkt̪ɪ,patriotism,நாட்டுப்பற்று,Politics,words
ꢣꢾꢱꢸꢩꢒ꣄ꢡꢶ,देसुभक्ति,தே3ஸுப3க்தி,de'subhakti,dEsubhakti,dĕsubhakti,d̪es̪ubʰəkt̪ɪ,patriotism,நாட்டுப்பற்று,Politics,words
ꢥꢵꢔꢬꢷꢒꢡꣁ,नागरीकता॑,நாக3ரீகதொ,naagareekato',nAgarIkatO,nāgarīkatŏ,n̪ɑːgəɾiːkət̪o,citizenship / nationality,நாட்டுரிமை,Politics,words
ꢣꢾꢱꢶꢫꢡꣁ,देसुयता॑,தே3ஸீயதொ,de'siyato',dEsiyatO,dĕsiyatŏ,d̪es̪ɪjət̪o,citizenship / nationality,நாட்டுரிமை,Politics,words
ꢭꣂꢒ꣄ ꢱꢩꣁ,लोक्सभा॑,லோக்ஸபொ4,lok sabho',lok sabhO,lok sabhŏ,loːk s̪əbʰo,parliament,நாடாளுமன்றம்,Politics,words
ꢬꢵꢰ꣄ꢜ꣄ꢬꢸ,राष्ट्रु,ராஷ்ட்ரு,raasht'ru,rASTru,rāṣṭru,ɾɑːʂʈɾu,country,நாடு,Politics,words
ꢣꢾꢱ꣄,देस,தே3ஸ்,de's,dEs,dĕs,d̪es̪,country,நாடு,Politics,words
ꢒꢵꢬ꣄ꢫ ꢗꢵꢭꢥꣁ,कार्य चालना॑,கார்ய சாலனொ,kaarya chaalano',kArya cAlanO,kārya cālanŏ,kɑːɾjə t͡ʃɑːlən̪o,event,நிகழ்ச்சி,Politics,words
ꢮꣀꢩꢮ꣄,वैभव,வைப4வ்,vaibhav,vaibhav,vaibhav,ʋəɪbʰəʋ,event,நிகழ்ச்சி,Politics,words
ꢒꢵꢬ꣄ꢫꢒ꣄ꢬꢪꣁ,कार्यक्रमा॑,கார்யக்ரமொ,kaaryakramo',kAryakramO,kāryakramŏ,kɑːɾjəkɾəmo,"agenda, programme",நிகழ்ச்சிநிரல்,Politics,words
ꢲꢥ꣄ꢥꢮꢸ,हन्नवु,ஹன்னவ்,hannavu,hannavu,hannavu,ɦən̪n̪əʋu,fund,நிதி,Politics,words
ꢥꢶꢕꢶ,निघि,நிதி4,nighi,nighi,nighi,n̪ɪgʰɪ,fund,நிதி,Politics,words
ꢥꢶꢡꢶ ꢮꢶꢩꢵꢔ,नितिविभाग,நிதி4விபா4க்3,niti vibhaaga,niti vibhAga,niti vibhāga,n̪ɪt̪ɪ ʋɪbʰɑːgə,finance department,நிதித்துறை,Politics,words
ꢥꢶꢦꢥ꣄ꢣꢥꣁ,निपन्दना॑,நிபந்த3னொ,nipandano',nipandanO,nipandanŏ,n̪ɪpən̪d̪ən̪o,condition,நிபந்தனை,Politics,words
ꢥꢶꢬ꣄ꢮꢵꢲ꣄,निर्वाह,நிர்வாஹ்,nirvaah,nirvAh,nirvāh,n̪ɪɾʋɑːɦ,administration,நிர்வாகம்,Politics,words
ꢒ꣄ꢬꢪꣁ,क्रमा॑,க்ரமொ,kramo',kramO,kramŏ,kɾəmo,series/sequence,நிரல்,Politics,words
ꢥꢶꢬ꣄ꢮꢵꢒ꣄,निर्वाक्,நிர்வாக்,nirvaak,nirvAk,nirvāk,n̪ɪɾʋɑːk,,,Politics,words
ꢥꢶꢬꢸꢦꢠꣁ,निरुपणा॑,நிரூபணொ,nirupano',nirupaNO,nirupaṇŏ,n̪ɪɾupəɳo,proof,நிருபணம்,Politics,words
ꢦ꣄ꢬꢪꢵꢠ꣄,प्रमाण,ப்ரமாண்,pramaan,pramAN,pramāṇ,pɾəmɑːɳ,proof,நிருபணம்,Politics,words
ꢬꢹꢙꢸ,रूजु,ருஜு,rooju,rUju,rūju,ɾuːd͡ʒu,proof,நிருபணம்,Politics,words
ꢱ꣄ꢬꢿꢠꢶ,स्रेणि,ஸ்ரோணி,sreni,sreNi,sreṇi,s̪ɾeːɳɪ,range,நிரை,Politics,words
ꢢꢵꢪꢸ ꢒꢬꣁ,थामु करा॑,தா2மு கரொ,thaamu karo',thAmu karO,thāmu karŏ,t̪ʰɑːmu kəɾo,land tax,நிலவரி,Politics,words
ꢱ꣄ꢢꢵꢦꢥꣁ,स्थापना॑,ஸ்தா2பனொ,sthaapano',sthApanO,sthāpanŏ,s̪t̪ʰɑːpən̪o,institute,நிறுவனம்,Politics,words
ꢫꣂꢒ꣄ꢫꢡꣁ,योक्यता॑,யோக்யதொ,yokyato',yokyatO,yokyatŏ,joːkjət̪o,merit,நிறை,Politics,words
ꢥꢷꢡꢶꢦꢡꢶ,नीतिपति,நீதிபதி,neetipati,nItipati,nītipati,n̪iːt̪ɪpət̪ɪ,judge,நீதிபதி,Politics,words
ꢥꢶꢫꢵꢫꢵꢤꢶꢦꢡꢶ,नियायाधिपति,நியாயாதி4பதி,niyaayaadhipati,niyAyAdhipati,niyāyādhipati,n̪ɪjɑːjɑːd̪ʰɪpət̪ɪ,judge,நீதிபதி,Politics,words
ꢥꢷꢡꢶꢱ꣄ꢢꢭ꣄,नीतिस्थल,நீதிஸ்த2ல்,neetisthal,nItisthal,nītisthal,n̪iːt̪ɪs̪t̪ʰəl,court,நீதிமன்றம்,Politics,words
ꢆꢦꢫꣂꢔꢸ ꢮꢱ꣄ꢡꢸꢥ꣄,उपयोगु वस्तुन,உபயோகு3வஸ்துன்,upayogu vastun,upayogu vastun,upayogu vastun,upəjoːgu ʋəs̪t̪un̪,consumer`s goods,நுகர்பொருள்கள்,Politics,words
ꢥꢸꢔꢥ꣄ ꢮꢱ꣄ꢡꢸꢥ꣄,नुगन वस्तुन,நுக3ன் வஸ்துன்,nugan vastun,nugan vastun,nugan vastun,n̪ugən̪ ʋəs̪t̪un̪,consumer`s goods,நுகர்பொருள்கள்,Politics,words
ꢆꢦꢫꣂꢔ,उपयोग,உபயோக்3,upayoga,upayoga,upayoga,upəjoːgə,consumption,நுகர்வு,Politics,words
ꢥꢸꢔꢶꢥꢶ,नुगिनि,நுகி3னி,nugini,nugini,nugini,n̪ugɪn̪ɪ,consumption,நுகர்வு,Politics,words
ꢡꢸꢬ꣄ꢥꢶ,तुर्नि,துர்னி,turni,turni,turni,t̪uɾn̪ɪ,entry,நுழைவு,Politics,words
ꢦ꣄ꢬꢾꢮ꣄ꢯ꣄,प्रेवुश,ப்ரவேஶ்,pre'vsh,prEvz,prĕvś,pɾeʋʃ,entry,நுழைவு,Politics,words
ꢄꢬ꣄ꢒꢜ꣄,इर्कट,இர்கட்,irkat',irkaT,irkaṭ,ɪɾkəʈ,crisis,நெருக்கடி,Politics,words
ꢱꢖ꣄ꢔꢜ꣄,सङ्गट,ஸங்க3ட்,sangat',saGgaT,saṅgaṭ,s̪əŋgəʈ,crisis,நெருக்கடி,Politics,words
ꢮꢔꣁ ꢦꢬꢶ ꢱꣂꢣꢥꣁ,वगा॑परिसोदना॑,வகொ3பரிஸோத3னொ,vago' pari sodano',vagO pari sodanO,vagŏ pari sodanŏ,ʋəgo pəɾɪ s̪oːd̪ən̪o,analysis,பகுப்பாய்வு,Politics,words
ꢱꢲꢫꣁꢔ꣄,सहयोग,ஸஹயோக்3,sahayo'g,sahayOg,sahayŏg,s̪əɦəjog,contribution,பங்களிப்பு,Politics,words
ꢮꢜꣁ,वटो,வடொ,vat'o',vaTO,vaṭŏ,ʋəʈo,share,பங்கு,Politics,words
ꢣꢸꢔꢵꢳꢸ ꢲꢥ꣄ꢥꢮ꣄,दुगाळु हन्नव,து3கா3ளு ஹன்னவ்,dugaal'u hannav,dugALu hannav,dugāl̤u hannav,d̪ugɑːɭu ɦən̪n̪əʋ,dearness allowance,பஞ்சப்படி,Politics,words
ꢣꢸꢔꢵꢳꢸ ꢩꢬ꣄ꢡꣁ,दुगाळु भर्ता॑,து3கா3ளு ப4ர்தொ,dugaal'u bharto',dugALu bhartO,dugāl̤u bhartŏ,d̪ugɑːɭu bʰəɾt̪o,dearness allowance,பஞ்சப்படி,Politics,words
ꢣꢸꢔꢵꢳ꣄꣄,दुगाळ,து3கா3ள்,dugaal',dugAL,dugāl̤,d̪ugɑːɭ,famine,பஞ்சம்,Politics,words
ꢱꢿꢥꣁ,सेना॑,ஸேனொ,seno',senO,senŏ,s̪eːn̪o,army,பட்டாளம் / படை,Politics,words
ꢦꢳꣁ,पळा॑,பளொ,pal'o',paLO,pal̤ŏ,pəɭo,army,பட்டாளம் / படை,Politics,words
ꢨꢶꢭ꣄,बिल्,பி3ல்,bil,bil,bil,bɪl,bill,பட்டி,Politics,words
ꢬꢱꢷꢡꢸ,रसीतु,ரஸீத்,raseetu,rasItu,rasītu,ɾəs̪iːt̪u,bill,பட்டி,Politics,words
ꢙꢵꢦꢶꢡꣁ,जापिता॑,ஜாபிதொ,jaapito',jApitO,jāpitŏ,d͡ʒɑːpɪt̪o,list,பட்டியல்,Politics,words
ꢙꢦ꣄ꢡꣁ,जप्ता॑,ஜப்தொ,japto',japtO,japtŏ,d͡ʒəpt̪o,list,பட்டியல்,Politics,words
ꢱꢪ꣄ꢩꢮꢥꣁ,सम्भावना॑,ஸம்பா4வனொ,sambhavano',sambhavanO,sambhavanŏ,s̪əmbʰəʋən̪o,allowance,படி,Politics,words
ꢲꢥꢶ,हनि,ஹனி,hani,hani,hani,ɦən̪ɪ,"attack, aggression",படை எடுப்பு,Politics,words
ꢚꢾꢞꢵ ꢂꢫ꣄ꢣꢸ,झ॑डा अय्दु,ஜெ2டா3 அய்து3,jhe'd'aa aydu,jhEDA aydu,jhĕḍā aydu,d͡ʒʰeɖɑː əjd̪u,arms,படைக்கலம்,Politics,words
ꢱꢿꢥꢵ ꢣꢳꢮꢵꢞꢸꢥ꣄,सेना दळवाडुण,ஸேனா த3ளவாடு3ண்,senaa dal'avaad'un,senA daLavADun,senā dal̤avāḍun,s̪eːn̪ɑː d̪əɭəʋɑːɖun̪,arms,படைக்கலம்,Politics,words
ꢱꢿꢥꢵꢦꢡꢶ,सेनापति,ஸேனாபதி,senaapati,senApati,senāpati,s̪eːn̪ɑːpət̪ɪ,army chief,படைத்தளபதி,Politics,words
ꢣꢭꢒꢬ꣄ꢡꣁ,दलकर्ता॑,த3ளகர்தொ,dalakarto',dalakartO,dalakartŏ,d̪ələkəɾt̪o,army chief,படைத்தளபதி,Politics,words
ꢣꢿꢥꢵ ꢣꢳ꣄,सेनादळ,ஸேனா த3ள்,denaa dal',denA daL,denā dal̤,d̪eːn̪ɑː d̪əɭ,regiment,படைப்பிரிவு,Politics,words
ꢦꢣꢵꢬ꣄ꢢꢸꢥ꣄,पदार्थुन,பதா3ர்து2ன்,padaarthun,padArthun,padārthun,pəd̪ɑːɾt̪ʰun̪,commodity,பண்டங்கள்,Politics,words
ꢩꣁꢠ꣄ꢠꢪꢸꢥ꣄,भा॑ण्णमुन,பொ4ண்ணமுன்,bho'nnamun,bhONNamun,bhŏṇṇamun,bʰoɳɳəmun̪,commodity,பண்டங்கள்,Politics,words
ꢒꢭꢵꢗꢵꢬ꣄,कलाचार्,கலாசார்,kalaachaar,kalAcAr,kalācār,kəlɑːt͡ʃɑːɾ,culture,பண்பாடு,Politics,words
ꢱꢪ꣄ꢱ꣄ꢒ꣄ꢬꢸꢡꢶ,सम्स्क्रुति,ஸம்ஸ்க்ருதி,samskruti,samskruti,samskruti,s̪əms̪kɾut̪ɪ,culture,பண்பாடு,Politics,words
ꢆꢣ꣄ꢫꣂꢔ꣄,उद्योग्,உத்3யோக்3,udyog,udyog,udyog,ud̪joːg,profession,பணி,Politics,words
ꢒꢵꢪ꣄ ꢲꢾꢞ꣄ꢠꢶ,काम ह॑ड्णि,காம் ஹெட்3ணி,kaam he'd'ni,kAm hEDNi,kām hĕḍṇi,kɑːm ɦeɖɳɪ,dismissal,பணி நீக்கம்,Politics,words
ꢒꢪ ꣄ꢪꢬ꣄ꢗꢶꢥꢶ,काम्मरिनि,காம் மர்சினி,kama marchini,kama marcini,kama marcini,kəmə məɾt͡ʃɪn̪ɪ,transfer,பணி மாற்றம்,Politics,words
ꢒꢵꢪꢸ ꢙꢿꢰ꣄ꢜꢦꢥ꣄,कामु जेष्टपन,காமு ஜேஷ்டபன்,kaamu jesht'apan,kAmu jeSTapan,kāmu jeṣṭapan,kɑːmu d͡ʒeːʂʈəpən̪,seniority,பணி மூப்பு,Politics,words
ꢒꢵꢬ꣄ꢫꢵꢮꢵꢥ꣄,कार्यावान्,கார்யவான்,kaaryaavaan,kAryAvAn,kāryāvān,kɑːɾjɑːʋɑːn̪,employees,பணியாளர்,Politics,words
ꢦꢣꢮꢶ,पदवि,பத3வி,padavi,padavi,padavi,pəd̪əʋɪ,"position, job",பதவி,Politics,words
ꢦꢣꢮꢶ ꢲꢸꢡ꣄ꢬꢵꢮ꣄,पदवि हुत्राव,பத3வி ஹுத்ராவ்,padavi hutraav,padavi hutrAv,padavi hutrāv,pəd̪əʋɪ ɦut̪ɾɑːʋ,demotion,பதவி இறக்கம்,Politics,words
ꢦꢣꢮꢶ ꢲꢶꢖ꣄ꢔꢵꢮ꣄,पदवि हिङ्गाव,பத3வி ஹிங்கா3வ்,padavi hingaav,padavi hiGgAv,padavi hiṅgāv,pəd̪əʋɪ ɦɪŋgɑːʋ,promotion,பதவி உயர்வு,Politics,words
ꢦꢣꢮꢶꢓꢳ꣄ꢳꢶꢥꢶ,पदवि खळ्ळिनि,பத3வி க2ள்ளினி,padavikhal'l'ini,padavikhaLLini,padavikhal̤l̤ini,pəd̪əʋɪkʰəɭɭɪn̪ɪ,sworn in,பதவி ஏற்பு,Politics,words
ꢦꢣꢮꢶ ꢒꢵꢭ,पदविकाल,பத3விகால்,padavi kaala,padavi kAla,padavi kāla,pəd̪əʋɪ kɑːlə,tenure,பதவிக்காலம்,Politics,words
ꢚꢜ꣄ꢢꢶ,झट्थि,ஜ2ட்தி2,jhat'thi,jhaTthi,jhaṭthi,d͡ʒʰəʈt̪ʰɪ,editor,பதிப்பாசிரியர்,Politics,words
ꢏꢣ꣄ꢣꢶ,ओद्दि,ஒத்3தி3,o'ddi,Oddi,ŏddi,od̪d̪ɪ,editor,பதிப்பாசிரியர்,Politics,words
ꢥꢶꢪ꣄ꢦꢶꢥꢶ,निम्पिनि,நிம்பினி,nimpini,nimpini,nimpini,n̪ɪmpɪn̪ɪ,edition,பதிப்பு,Politics,words
ꢱꢪ꣄ꢱ꣄ꢒꢬꢠꣁ,सम्स्करणा॑,ஸம்ஸ்கரணொ,samskarano',samskaraNO,samskaraṇŏ,s̪əms̪kəɾəɳo,edition,பதிப்பு,Politics,words
ꢥꢶꢪ꣄ꢦꢶꢥꢶ ꢨꢵꢤ꣄ꢫꢡꣁ,निम्पि निबाध्यता॑,நிம்பினிபா3த்4யதொ,nimpini baadhyato',nimpini bAdhyatO,nimpini bādhyatŏ,n̪ɪmpɪn̪ɪ bɑːd̪ʰjət̪o,copy right,பதிப்புரிமை,Politics,words
ꢩꢬ꣄ꢡꢶ,भर्ति,ப4ர்தி,bharti,bharti,bharti,bʰəɾt̪ɪ,substitute,பதிலாள்,Politics,words
ꢨꣁꢣꢸꢭ꣄,बा॑दुल,பொ3து3ல்,bo'dul,bOdul,bŏdul,bod̪ul,substitute,பதிலாள்,Politics,words
ꢦꢛ꣄ꢗꢶꢒꣁ,पञ्चिका॑,பஞ்சிகொ,panchiko',paJcikO,pañcikŏ,pəɲt͡ʃɪko,registration,பதிவு,Politics,words
ꢥꢶꢬ꣄ꢣꢿꢱꣁ,निर्देसा॑,நிர்தே3ஸொ,nirdeso',nirdesO,nirdesŏ,n̪ɪɾd̪eːs̪o,registration,பதிவு,Politics,words
ꢦꢛ꣄ꢗꢶꢒꣁ ꢦꢡ꣄ꢡꢬ꣄,पञ्चिका पत्तर,பஞ்சிகா பத்தர்,panchiko' pattar,paJcikO pattar,pañcikŏ pattar,pəɲt͡ʃɪko pət̪t̪əɾ,register,பதிவேடு,Politics,words
ꢱꢾꢡ꣄ꢡꢬ꣄,स॑त्तर,ஸெத்தர்,se'ttar,sEttar,sĕttar,s̪et̪t̪əɾ,travellers bungalow,பயணிகள் விடுதி,Politics,words
ꢩꣁꢔꢸꢥꢵꢬ꣄,भा॑गुनार,பொ4கு3னார்,bho'gunaar,bhOgunAr,bhŏgunār,bʰogun̪ɑːɾ,beneficiary,பயனாளி,Politics,words
ꢱꢶꢒ꣄ꢰꢵ ꢪꢵꢣ꣄ꢫꣁ,सिक्षा माद्यो,ஸிக்ஷா மாத்3யொ,sikshaa maadyo',sikSA mAdyO,sikṣā mādyŏ,s̪ɪkʂɑː mɑːd̪jo,medium of education,பயிற்றுமொழி,Politics,words
ꢦꢬꢶꢦꢵꢭꢥꣁ,परिपालना॑,பரிபாலனொ,paripaalano',paripAlanO,paripālanŏ,pəɾɪpɑːlən̪o,maintenance,பராமரிப்பு,Politics,words
ꢦꢬꢶꢱꢷꢭꢥꣁ,परिसीलना॑,பரிஸீலனொ,pariseelano',parisIlanO,parisīlanŏ,pəɾɪs̪iːlən̪o,consideration,பரிசீலனை,Politics,words
ꢱꢸꢦꢬ꣄ꢗꢶ,सुपर्चि,ஸுப3ர்சி,suparchi,suparci,suparci,s̪upəɾt͡ʃɪ,recommendation,பரிந்துரை,Politics,words
ꢦꢬꢶꢮꢬ꣄ꢡꢥꣁ,परिवर्तना॑,பரிவர்தனொ,parivartano',parivartanO,parivartanŏ,pəɾɪʋəɾt̪ən̪o,exchange,பரிமாற்றம்,Politics,words
ꢥꢶꢤꢶ ꢆꢥ꣄ꢥꣁ,निधिउन्ना॑,நிதி4உன்னொ,nidhi unno',nidhi unnO,nidhi unnŏ,n̪ɪd̪ʰɪ un̪n̪o,"shortage, deficit",பற்றாக்குறை,Politics,words
ꢧꢸꢬꣁ ꢧꢸꢬ꣄ꢥꢵꢱ꣄ꢡꢾ,फुरा॑ फुर्नास्ते,பு2ரொ பு2ர்னாஸ்தே,phuro' phurnaaste',phurO phurnAstE,phurŏ phurnāstĕ,pʰuɾo pʰuɾn̪ɑːs̪t̪e,"shortage, deficit",பற்றாக்குறை,Politics,words
ꢦꢬ꣄ꢬꢸ,पर्रु,பற்று,parru,parru,parru,pəɾɾu,debit,பற்று,Politics,words
ꢙꢥꢶ,जनि,ஜனி,jani,jani,jani,d͡ʒən̪ɪ,debit,பற்று,Politics,words
ꢂꢦꢲꢬꢠꣁ,अपहरणा॑,அபஹரணொ,apaharano',apaharaNO,apaharaṇŏ,əpəɦəɾəɳo,seize,பறிமுதல்,Politics,words
ꢦꢥꢶ ꢱꢶꢛ꣄ꢗꢵꢮ꣄,पनि सिनन्चाव,பனி ஸிஞ்சாவ்,pani sinchaav,pani siJcAv,pani siñcāv,pən̪ɪ s̪ɪɲt͡ʃɑːʋ,irrigation,நீர்பாசனம்,Politics,words
ꢬꢒ꣄ꢰꢥꣁ,रक्षना॑,ரக்ஷனொ,rakshano',rakSanO,rakṣanŏ,ɾəkʂən̪o,defence,பாதுகாப்பு,Politics,words
ꢭꣂꢒ꣄ꢱꢩꣁ,लोक्सभा॑,லோக்ஸபொ4,loksabho',loksabhO,loksabhŏ,loːks̪əbʰo,parliament,பாராளுமன்றம்,Politics,words
ꢣꢹꢡ꣄ ꢆꢡ꣄ꢦꢵꢣꢥꢱꢵꢭꣁ,दूत उत्पादनसाला॑,தூ3த் உத்பாத3னஸாலொ,doot utpaadanasaalo',dUt utpAdanasAlO,dūt utpādanasālŏ,d̪uːt̪ ut̪pɑːd̪ən̪əs̪ɑːlo,dairy,பால்பண்ணை,Politics,words
ꢗꢸꢥꢵꢮꢸ ꢦ꣄ꢬꢗꢵꢬ꣄,चुनावु प्रचार,சுனாவு ப்ரசார்,chunaavu prachaar,cunAvu pracAr,cunāvu pracār,t͡ʃun̪ɑːʋu pɾət͡ʃɑːɾ,election campaign,தேர்தல் பிரசாரம்,Politics,words
ꢙꢪꢷꢥ,जमीन,ஜமீன்,jameena,jamIna,jamīna,d͡ʒəmiːn̪ə,surety,பிணை,Politics,words
ꢩꢬ꣄ꢡꢶ,भर्ति,ப4ர்தி,bharti,bharti,bharti,bʰəɾt̪ɪ,bail,பிணையம்,Politics,words
ꢦ꣄ꢬꢤꢵꢥ꣄ ꢪꢥ꣄ꢡꢶꢬꢶ,प्रधान्मन्तिरि,ப்ரதா4ன்மந்திரி,pradhaan mantiri,pradhAn mantiri,pradhān mantiri,pɾəd̪ʰɑːn̪ mən̪t̪ɪɾɪ,prime minister,பிரதம அமைச்சர்,Politics,words
ꢨꣁꢣꢸꢭ꣄ ꢮꢵꢡꢶ,बा॑दुल्वाति,பொ3து3ல்வாதி,bo'dul vaati,bOdul vAti,bŏdul vāti,bod̪ul ʋɑːt̪ɪ,representative,பிரதிநிதி,Politics,words
ꢦ꣄ꢬꢡꢿꢱꢸ,प्रतेसु,ப்ரதே3ஸு,pratesu,pratesu,pratesu,pɾət̪eːs̪u,territory,பிரதேசம்,Politics,words
ꢦ꣄ꢬꢩꢸ,प्रभु,ப்ரபு4,prabhu,prabhu,prabhu,pɾəbʰu,lord,பிரபு,Politics,words
ꢦ꣄ꢬꢙꣁ,प्रजा॑,ப்ரஜொ,prajo',prajO,prajŏ,pɾəd͡ʒo,citizen,பிரஜை,Politics,words
ꢮꢶꢩꢵꢔ,विभाग,விபா4க3,vibhaaga,vibhAga,vibhāga,ʋɪbʰɑːgə,cell,பிரிவு,Politics,words
ꢂꢥꢸꢨꢥ꣄ꢤꢸ,अनुबन्धु,அநுப3ந்து4,anubandhu,anubandhu,anubandhu,ən̪ubən̪d̪ʰu,appendix,பிற்சேர்க்கை,Politics,words
ꢦꢱ꣄ꢒꢜ꣄ꢮꢬ꣄ꢔꢸ ꢱꢪꢹꢲꢸ,पस्कट्वरगु समूहू,பஸ்கட்வர்கு3 ஸமூஹு,paskat'vargu samoohu,paskaTvargu samUhu,paskaṭvargu samūhu,pəs̪kəʈʋəɾgu s̪əmuːɦu,backward class people,பிற்பட்ட வகுப்பினர்,Politics,words
ꢦꢱ꣄ꢒꢜ꣄ ꢦꣁꢞꢾ ꢱꢪꢹꢲꢸ,पस्कट बा॑ड॑ समूहु,பஸ்கட் பொடெ3 ஸமூஹு,paskat' po'd'e' samoohu,paskaT pODE samUhu,paskaṭ pŏḍĕ samūhu,pəs̪kəʈ poɖe s̪əmuːɦu,backward class people,பிற்பட்ட வகுப்பினர்,Politics,words
ꢙꢥ꣄ꢪꢵꢥ꣄ꢣꢬꢪꢸ,जन्मान्दरमु,ஜன்மாந்த3ரமு,janmaandaramu,janmAndaramu,janmāndaramu,d͡ʒən̪mɑːn̪d̪əɾəmu,birth rate,பிறப்பு வீதம்,Politics,words
ꢦꢱ꣄ꢒꢞꢸꢱꢪꢹꢲꢸ,पस्कडु समूहु,பஸ்கடு3 ஸமூஹு,paskad'usamoohu,paskaDusamUhu,paskaḍusamūhu,pəs̪kəɖus̪əmuːɦu,back ward,பின்தங்கிய,Politics,words
ꢦꢸꢒꢵꢬ꣄,पुकार्,புகா3ர்,pukaar,pukAr,pukār,pukɑːɾ,complaint,புகார்,Politics,words
ꢂꢩꢶꢫꣂꢔ,अभियोग,அபி4யோக3,abhiyoga,abhiyoga,abhiyoga,əbʰɪjoːgə,complaint,புகார்,Politics,words
ꢥꣁꢮ꣄ꢮꢒꢬꢠꣁ,नोव्वकरणा॑,நவீகரணொ,no'vvakarano',nOvvakaraNO,nŏvvakaraṇŏ,n̪oʋʋəkəɾəɳo,renewal,புதுப்பித்தல்,Politics,words
ꢥꣁꢮ꣄ꢮꢒꢾꢬ꣄ꢥꢶ,ना॑व्व क॑र्नि,நொவ்வ கெர்னி,no'vvake'rni,nOvvakErni,nŏvvakĕrni,n̪oʋʋəkeɾn̪ɪ,renewal,புதுப்பித்தல்,Politics,words
ꢒ꣄ꢬꢵꢥ꣄ꢡꢶ,क्रान्ति,க்ராந்தி,kraanti,krAnti,krānti,kɾɑːn̪t̪ɪ,revolution,புரட்சி,Politics,words
ꢮꢣꢥ꣄ꢡꢶ,वदन्ति,வத3ந்தி,vadanti,vadanti,vadanti,ʋəd̪ən̪t̪ɪ,rumour,புரளி,Politics,words
ꢮꢶꢗꢵꢬꢠꣁ,विचारणा॑,விசாரணொ,vichaarano',vicAraNO,vicāraṇŏ,ʋɪt͡ʃɑːɾəɳo,investigation,புலனாய்வு,Politics,words
ꢂꢥ꣄ꢮꢿꢱꢥꣁ,अन्वेसना॑,அன்வேஸனொ,anvesano',anvesanO,anvesanŏ,ən̪ʋeːs̪ən̪o,investigation,புலனாய்வு,Politics,words
ꢱꢬ꣄ꢒꢵꢬꢸ ꢢꢵꢪ꣄,सर्कारु थाम,ஸர்காரு தா2ம்,sarkaaru thaam,sarkAru thAm,sarkāru thām,s̪əɾkɑːɾu t̪ʰɑːm,government land,புறம்போக்கு,Politics,words
ꢮꢶꢱ꣄ꢡꢵꢬ꣄,विस्तार्,விஸ்தார்,vistaar,vistAr,vistār,ʋɪs̪t̪ɑːɾ,amplifier,பெருக்கி,Politics,words
ꢮꢶꢭꢵꢱ꣄,विलास्,விலாஸ்,vilaas,vilAs,vilās,ʋɪlɑːs̪,amplifier,பெருக்கி,Politics,words
ꢨꢲꢸ ꢱꢖ꣄ꢓ꣄ꢫꢡꣁ,बहु सङ्ख्यता॑,ப3ஹு ஸங்க்2யதொ,bahu sankhyato',bahu saGkhyatO,bahu saṅkhyatŏ,bəɦu s̪əŋkʰjət̪o,majority,பெரும்பான்மை,Politics,words
ꢂꢤꢶꢒꢡꣁ,अधिकता॑,அதி4கதொ,adhikato',adhikatO,adhikatŏ,əd̪ʰɪkət̪o,maximum,பெருமம்,Politics,words
ꢆꢦꢶꢬ꣄,उपिर,உபிர்,upir,upir,upir,upɪɾ,maximum,பெருமம்,Politics,words
ꢬꢵꢙꢵꢤꢶꢬꢙꣁ,राजाधि रजा॑,ராஜாதி4 ரஜொ,raajaadhirajo',rAjAdhirajO,rājādhirajŏ,ɾɑːd͡ʒɑːd̪ʰɪɾəd͡ʒo,emperor,பேரரசர்,Politics,words
ꢪꢴꢵꢬꢵꢜ꣄,म्हाराट,மா:ராட்,mhaaraat',mhArAT,mhārāṭ,mɦɑːɾɑːʈ,emperor,பேரரசர்,Politics,words
ꢱꢵꢪ꣄ꢬꢵꢜ꣄,साम्राट,ஸாம்ராட்,saamraat',sAmrAT,sāmrāṭ,s̪ɑːmɾɑːʈ,emperor,பேரரசர்,Politics,words
ꢗꢒ꣄ꢬꢮꢬ꣄ꢡꢶ,सक्रवर्ति,சக்ரவர்தி,chakravarti,cakravarti,cakravarti,t͡ʃəkɾəʋəɾt̪ɪ,emperor,பேரரசர்,Politics,words
ꢭꢵꢪ꣄ꢬꢵꢙ꣄ꢫꢸ,लाम्राज्यु,லாம்ராஜ்யு,laamraajyu,lAmrAjyu,lāmrājyu,lɑːmɾɑːd͡ʒju,empire,பேரரசு,Politics,words
ꢱꢵꢪ꣄ꢬꢵꢙ꣄ꢫꢸ,साम्राज्यु,ஸாம்ராஜ்யு,saamraajyu,sAmrAjyu,sāmrājyu,s̪ɑːmɾɑːd͡ʒju,empire,பேரரசு,Politics,words
ꢪꢲꢵ ꢱꢩꣁ,महा सभा॑,மஹாஸபொ4,mahaa sabho',mahA sabhO,mahā sabhŏ,məɦɑː s̪əbʰo,general body,பேரவை,Politics,words
ꢥꢔꢬꢦꢵꢭꢶꢒꣁ,नगर पालिका॑,நக3ரபாலிகொ,nagarapaaliko',nagarapAlikO,nagarapālikŏ,n̪əgəɾəpɑːlɪko,municipality,பேரூராட்சி,Politics,words
ꢭꢾꢞ꣄ꢙꢬ꣄,ल॑ड्जर,லெட்3ஜர்,le'd'jar,lEDjar,lĕḍjar,leɖd͡ʒəɾ,ledger,பேரேடு,Politics,words
ꢮ꣄ꢫꢒ꣄ꢡꢶ ꢭꢴꢾꢒ꣄ꢒꢵ ꢦꢸꢱ꣄ꢡꢮ꣄,व्यक्ति ल्ह॑क्का पुस्तव,வ்யக்தி லெ:க்கா புஸ்தவ்,vyakti lhe'kkaa pustav,vyakti lhEkkA pustav,vyakti lhĕkkā pustav,ʋjəkt̪ɪ lɦekkɑː pus̪t̪əʋ,ledger,பேரேடு,Politics,words
ꢦꢾꢬꢿꢜ꣄,पेरेट,பெரேட்,pe'ret',pEreT,pĕreṭ,peɾeːʈ,ledger,பேரேடு,Politics,words
ꢱꢵꢤꢵꢬꢥꢱꢩꣁ,साधारण सभा॑,ஸாதா4ரணஸபொ4,saadhaaranasabho',sAdhAranasabhO,sādhāranasabhŏ,s̪ɑːd̪ʰɑːɾən̪əs̪əbʰo,public meeting,பொதுக்கூட்டம்,Politics,words
ꢱꢵꢬ꣄ꢮꢙꢥꢶꢒ꣄ ꢱꢩꣁ,सार्वजनिक सभा॑,ஸார்வஜனிக் ஸபொ4,saarvajanik sabho',sArvajanik sabhO,sārvajanik sabhŏ,s̪ɑːɾʋəd͡ʒən̪ɪk s̪əbʰo,public meeting,பொதுக்கூட்டம்,Politics,words
ꢱꢵꢬ꣄ꢮꢙꢥꢶꢒ꣄ ꢮꢶꢩꢵꢔ꣄,सार्वजनिक्विभग,ஸார்வஜனிக் விபா4க்3,saarvajanik vibhaag,sArvajanik vibhAg,sārvajanik vibhāg,s̪ɑːɾʋəd͡ʒən̪ɪk ʋɪbʰɑːg,public sector,பொதுத்துறை,Politics,words
ꢭꣁꢒ ꢮꢶꢩꢵꢔ꣄,लोग विभाग,லோக விபா4க்3,lo'ka vibhaag,lOka vibhAg,lŏka vibhāg,lokə ʋɪbʰɑːg,public sector,பொதுத்துறை,Politics,words
ꢭꣂꢒ ꢔ꣄ꢬꢥ꣄ꢢꢵꢭꢫꣁ,लोक ग्रन्थालया॑,லோக க்3ரந்தா2லயொ,loka granthaalayo',loka granthAlayO,loka granthālayŏ,loːkə gɾən̪t̪ʰɑːləjo,public library,பொதுநூலகம்,Politics,words
ꢱꢵꢤꢵꢬꢠ ꢮꢶꢬꢵꢪ꣄,साधारण विराम,ஸாதா4ரண விராம்,saadhaarana viraam,sAdhAraNa virAm,sādhāraṇa virām,s̪ɑːd̪ʰɑːɾəɳə ʋɪɾɑːm,public holiday,பொதுவிடுமுறை,Politics,words
ꢃꢬ꣄ꢢꢶꢒ ꢱ꣄ꢢꢶꢡꢶ,आर्थिक सथिति,ஆர்தி2க ஸ்தி2தி,aarthika sthiti,Arthika sthiti,ārthika sthiti,ɑːɾt̪ʰɪkə s̪t̪ʰɪt̪ɪ,economy,பொருளாதாரம்,Politics,words
ꢒꢵꢬ꣄ꢫꢩꢵꢬ꣄,कार्यभार,கார்யபா4ர்,kaaryabhaar,kAryabhAr,kāryabhār,kɑːɾjəbʰɑːɾ,incharge,பொறுப்பு,Politics,words
ꢙꢥꢶ,जनि,ஜனி,jani,jani,jani,d͡ʒən̪ɪ,trend,போக்கு,Politics,words
ꢦ꣄ꢬꢮꢬ꣄ꢡꢶ,प्रवर्ति,ப்ரவர்தி,pravarti,pravarti,pravarti,pɾəʋəɾt̪ɪ,trend,போக்கு,Politics,words
ꢱ꣄ꢦꢬ꣄ꢤꢥ꣄,स्पर्धन,ஸ்பர்த4ன்,spardhan,spardhan,spardhan,s̪pəɾd̪ʰən̪,competition,போட்டி,Politics,words
ꢫꢸꢣ꣄ꢤꢸ,युद्धु,யுத்3து4,yuddhu,yuddhu,yuddhu,jud̪d̪ʰu,war,போர்,Politics,words
ꢃꢬ꣄ꢩꢵꢜꣁ,आर्भाटो,ஆர்பா4டொ,aarbhaat'o',ArbhATO,ārbhāṭŏ,ɑːɾbʰɑːʈo,agitation,போராட்டம்,Politics,words
ꢃꢬ꣄ꢩꢵꢜꣁ ꢒꢾꢬ꣄ꢥꢵꢬ꣄,आर्भाटा॑ क॑र्नार,ஆர்பா4டொ கெர்னார்,aarbhaat'o' ke'rnaar,ArbhATO kErnAr,ārbhāṭŏ kĕrnār,ɑːɾbʰɑːʈo keɾn̪ɑːɾ,fighter,போராளி,Politics,words
ꢫꣁꢣ꣄ꢤꢸ,योद्धु,யோத்3து4,yo'ddhu,yOddhu,yŏddhu,jod̪d̪ʰu,fighter,போராளி,Politics,words
ꢙꢥ ꢱꢖ꣄ꢓ꣄ꢫꣁ,जन सङ्ख्या॑,ஜன ஸங்க்2யொ,jana sankhyo',jana saGkhyO,jana saṅkhyŏ,d͡ʒən̪ə s̪əŋkʰjo,population,மக்கள் தொகை,Politics,words
ꢪꢤ꣄ꢫꢱꢬ꣄ꢒꢵꢬ꣄,मध्यसर्कार,மத்4யஸர்கார்,madhyasarkaar,madhyasarkAr,madhyasarkār,məd̪ʰjəs̪əɾkɑːɾ,Central Government,மத்திய அரசு,Politics,words
ꢒꢿꢥ꣄ꢣ꣄ꢬ ꢱꢬ꣄ꢒꢵꢬ꣄,केन्द्र सर्कार,கேந்த்3ர ஸர்கார்,kendra sarkaar,kendra sarkAr,kendra sarkār,keːn̪d̪ɾə s̪əɾkɑːɾ,Central Government,மத்திய அரசு,Politics,words
ꢃꢒꢭꢥꣁ,आकलना॑,ஆகலனொ,aakalano',AkalanO,ākalanŏ,ɑːkələn̪o,"estimate, assessment",மதிப்பீடு,Politics,words
ꢪꢹꢭ꣄ꢫ ꢥꢶꢬ꣄ꢤꢵꢬꢠꣁ,मूल्य निर्धारणा॑,மூல்ய நிர்தா4ரணொ,moolya nirdhaarano',mUlya nirdhAraNO,mūlya nirdhāraṇŏ,muːljə n̪ɪɾd̪ʰɑːɾəɳo,value,மதிப்பு,Politics,words
ꢦꢬꢶꢱ꣄ꢬꢵꢪ ꢱꢸꢭ꣄ꢒꣁ,परिस्राम सुल्का॑,பரிஸ்ராம ஸுல்கொ,parisraama sulko',parisrAma sulkO,parisrāma sulkŏ,pəɾɪs̪ɾɑːmə s̪ulko,honorarium,மதிப்பூதியம்,Politics,words
ꢱꢪ꣄ꢩꢵꢮꢥꣁ,सम्भावना॑,ஸம்பா4வனொ,sambhaavano',sambhAvanO,sambhāvanŏ,s̪əmbʰɑːʋən̪o,honorarium,மதிப்பூதியம்,Politics,words
ꢪꢤꢸ ꢥꢶꢬꣁꢤꢥꣁ,मधु निरोधना॑,மது4 நிரோத4னொ,madhu niro'dhano',madhu nirOdhanO,madhu nirŏdhanŏ,məd̪ʰu n̪ɪɾod̪ʰən̪o,prohibition,மதுவிலக்கு,Politics,words
ꢱꢗꢶꢮꣁ,सचिवा॑,ஸசிவொ,sachivo',sacivO,sacivŏ,s̪ət͡ʃɪʋo,minister,மந்திரி,Politics,words
ꢥꢴꢵꢪꢾꢥ꣄ꢥꢶ,न्हाम॑न्नि,நா: மென்னி,nhaame'nni,nhAmEnni,nhāmĕnni,n̪ɦɑːmen̪n̪ɪ,denial,மறுப்பு,Politics,words
ꢦꢸꢥꢬ꣄ꢧꢸꢭꢥꣁ,पुनर्फुलना॑,புனர்பு2லனொ,punarphulano',punarphulanO,punarphulanŏ,pun̪əɾpʰulən̪o,renaissance,மறுமலர்ச்சி,Politics,words
ꢦꢸꢥꢬ꣄ ꢙꢷꢮꢥꣁ,पुनर जीवना॑,புனர் ஜீவனொ,punar jeevano',punar jIvanO,punar jīvanŏ,pun̪əɾ d͡ʒiːʋən̪o,rehabilitation,மறுவாழ்வு,Politics,words
ꢬꢵꢜ,राट,ராட்,raat'a,rATa,rāṭa,ɾɑːʈə,king,மன்னன்,Politics,words
ꢦꢶꢬꢵꢬ꣄ꢢꢥꢵ ꢦꢡ꣄ꢬꢸ,पिरार्थना पत्रु,பிரார்த2னா பத்ரு,piraarthanaa patru,pirArthanA patru,pirārthanā patru,pɪɾɑːɾt̪ʰən̪ɑː pət̪ɾu,application,மனு,Politics,words
ꢒꣁꢬꢶ ꢦꢡ꣄ꢬꢸ,का॑रि पत्रु,கொரி பத்ரு,ko'ri patru,kOri patru,kŏri patru,koɾɪ pət̪ɾu,application,மனு,Politics,words
ꢪꢲꢵ ꢥꢔꢬꢦꢵꢭꢶꢒꣁ,महा नगरपालिका॑,மஹா நக3ரபாலிகொ,mahaa nagarapaaliko',mahA nagarapAlikO,mahā nagarapālikŏ,məɦɑː n̪əgəɾəpɑːlɪko,corporation,மாநகராட்சி,Politics,words
ꢱꢪ꣄ꢪꢿꢭꢥꣁ,सम्मेलना॑,ஸம்மேளனொ,sammelano',sammelanO,sammelanŏ,s̪əmmeːlən̪o,conferance,மாநாடு,Politics,words
ꢬꢵꢙ꣄ꢫ ꢱꢬ꣄ꢒꢵꢬ꣄,प्रान्तिय सर्कार,ப்ராந்தியஸர்கார்,raajya sarkaar,rAjya sarkAr,rājya sarkār,ɾɑːd͡ʒjə s̪əɾkɑːɾ,state government,மாநில அரசு,Politics,words
ꢦ꣄ꢬꢵꢥ꣄ꢡꢸ,प्रान्तु,ப்ராந்து,praantu,prAntu,prāntu,pɾɑːn̪t̪u,state,மாநிலம்,Politics,words
ꢱꢵꢪ꣄ꢬꢵꢜ,साम्राट,ஸாம்ராட்,saamraat'a,sAmrATa,sāmrāṭa,s̪ɑːmɾɑːʈə,emperor,மாமன்னர்,Politics,words
ꢱꢵꢪ꣄ꢫꢮꢵꢣ꣄,साम्यवाद,ஸாம்யவாத்3,saamyavaad,sAmyavAd,sāmyavād,s̪ɑːmjəʋɑːd̪,Marxism,மார்க்சீயம்,Politics,words
ꢙꢶꢭ꣄ꢭꣁ,जिल्ला॑,ஜில்லொ,jillo',jillO,jillŏ,d͡ʒɪllo,district,மாவட்டம்,Politics,words
ꢪꢵꢥ꣄ꢫꢪ꣄,मान्यम्,மான்யம்,maanyam,mAnyam,mānyam,mɑːn̪jəm,grant,மானியம்,Politics,words
ꢦꢸꢥꢬ꣄ ꢦ꣄ꢬꢵꢦ꣄ꢡꢶ,पुनर्प्राप्ति,புனர் ப்ராப்தி,punar praapti,punar prApti,punar prāpti,pun̪əɾ pɾɑːpt̪ɪ,recovery,மீட்பு,Politics,words
ꢒꢮ꣄ꢥꢶ,कव्नि,கவ்னி,kavni,kavni,kavni,kəʋn̪ɪ,balance,மீதி,Politics,words
ꢆꢬꢵꢮ꣄,उराव,உராவ்,uraav,urAv,urāv,uɾɑːʋ,balance,மீதி,Politics,words
ꢒꣁꢮ꣄ ꢣꢵꢫꣁ,का॑व दाया॑,கொவ்தா3யொ,ko'v daayo',kOv dAyO,kŏv dāyŏ,koʋ d̪ɑːjo,balance,மீதி,Politics,words
ꢱꢿꢱ꣄,सेश,ஸேஸ்,ses,ses,ses,s̪eːs̪,balance,மீதி,Politics,words
ꢦ꣄ꢬꢡꢶꢥꢶꢜꢶ,प्रतिनिति,ப்ரதிநிதி,pratinit'i,pratiniTi,pratiniṭi,pɾət̪ɪn̪ɪʈɪ,agent,முகவர்,Politics,words
ꢱꢵꢪ꣄ꢬꢵꢜꢸ ꢦꢵꢭꢥꣁ,साम्राटु पालना॑,ஸாம்ராடு பாலனொ,saamraat'u paalano',sAmrATu pAlanO,sāmrāṭu pālanŏ,s̪ɑːmɾɑːʈu pɑːlən̪o,monarchy,முடியரசு,Politics,words
ꢪꢸꢣ꣄ꢬꣁ,मुद्रा॑,முத்3ரொ,mudro',mudrO,mudrŏ,mud̪ɾo,"seal, stamp",முத்திரை,Politics,words
ꢪꢹꢭꢸꢤꢥ꣄,मूलुधन,மூலுத4ன்,mooludhan,mUludhan,mūludhan,muːlud̪ʰən̪,capital,முதல்,Politics,words
ꢪꢸꢒ꣄ꢫ ꢪꢥ꣄ꢡꢶꢬꢶ,मुक्य मन्तिरि,முக்ய மந்திரி,mukya mantiri,mukya mantiri,mukya mantiri,mukjə mən̪t̪ɪɾɪ,chief minister,முதலமைச்சர்,Politics,words
ꢪꢹꢭꢤꢥꢮꢵꢥ꣄,मूलधनवान,மூலத4னவான்,mooladhanavaan,mUladhanavAn,mūladhanavān,muːləd̪ʰən̪əʋɑːn̪,capitalists,முதலாளி,Politics,words
ꢤꢥꢮꢵꢥꢸꢦꢥ꣄,धनवानुपन,த4னவானுபன்,dhanavaanupan,dhanavAnupan,dhanavānupan,d̪ʰən̪əʋɑːn̪upən̪,capitalism,முதலாளித்துவம்,Politics,words
ꢦꢸꢥꢬ꣄ ꢮꢶꢗꢵꢬ ꢦ꣄ꢬꢵꢬ꣄ꢡꢥꣁ,पुनर्विचार प्रार्तना॑,புனர்விசார ப்ரார்தனொ,punar vichaara praartano',punar vicAra prArtanO,punar vicāra prārtanŏ,pun̪əɾ ʋɪt͡ʃɑːɾə pɾɑːɾt̪ən̪o,appeal,மேல்முறையீடு,Politics,words
ꢦ꣄ꢬꢵꢒ꣄ꢦ꣄ꢬꢡꢶ,प्राक्प्रति,ப்ராக்ப்ரதி,praakprati,prAkprati,prākprati,pɾɑːkpɾət̪ɪ,advance copy,முன்படி,Politics,words
ꢦꢹꢬ꣄ꢮꢵꢥꢸꢪꢵꢥ꣄,पूर्वानुमान,பூர்வானுமான்,poorvaanumaan,pUrvAnumAn,pūrvānumān,puːɾʋɑːn̪umɑːn̪,forecast,முன்னறிவிப்பு,Politics,words
ꢧꣀꢭ ꢨꢵꢡ꣄ꢫꢡꣁ,फैल बात्यता॑,பை2ல பா3த்யதொ,phaila baatyato',phaila bAtyatO,phaila bātyatŏ,pʰəɪlə bɑːt̪jət̪o,priority,முன்னுரிமை,Politics,words
ꢂꢩꢶꢮꢶꢬꢸꢣ꣄ꢤꢶ,अभिविरुद्धि,அபி4விருத்3தி4,abhiviruddhi,abhiviruddhi,abhiviruddhi,əbʰɪʋɪɾud̪d̪ʰɪ,progress,முன்னேற்றம்,Politics,words
ꢥꢷꢮꢶ,नीवि,நீவி,neevi,nIvi,nīvi,n̪iːʋɪ,,,Politics,words
ꢪꢹꢭꢤꢥꢪꢸ,मूलधनमु,மூலத4னமு,mooladhanamu,mUladhanamu,mūladhanamu,muːləd̪ʰən̪əmu,,,Politics,words
ꢪꢹꢭꢮꢱ꣄ꢡꢸ,मूलवस्तु,மூலவஸ்து,moolavastu,mUlavastu,mūlavastu,muːləʋəs̪t̪u,raw material,மூலப்பொருள்,Politics,words
ꢃꢖ꣄ꢔꢬꢒ꣄ꢯꢒꣁ,आङ्गरक्षका॑,அங்க3ரக்ஷகொ,aangarakshako',AGgarakzakO,āṅgarakśakŏ,ɑːŋgəɾəkʃəko,body guard,மெய்க்காப்பாளர்,Politics,words
ꢪꢶꢜ꣄ꢜꣁ,मिट्टा॑,மிட்டொ,mit't'o',miTTO,miṭṭŏ,mɪʈʈo,stage,மேடை,Politics,words
ꢪꢛ꣄ꢗꢸ,मञ्चु,மஞ்சு,manchu,maJcu,mañcu,məɲt͡ʃu,stage,மேடை,Politics,words
ꢮꢿꢣꢶꢒꣁ,वेदिका॑,வேதி3கொ,vediko',vedikO,vedikŏ,ʋeːd̪ɪko,stage,மேடை,Politics,words
ꢂꢩꢶꢮ꣄ꢬꢸꢣ꣄ꢤꢶ,अभिव्रुद्धि,அபி4வ்ருத்3தி4,abhivruddhi,abhivruddhi,abhivruddhi,əbʰɪʋɾud̪d̪ʰɪ,development,மேம்பாடு,Politics,words
ꢪꢿꢜꢶꢥꢸ ꢮꢶꢤꢵꢥ꣄ ꢱꢩꣁ,मेटिनु विधान सभा॑,மேடினு விதா4ன் ஸபொ4,met'inu vidhaan sabho',meTinu vidhAn sabhO,meṭinu vidhān sabhŏ,meːʈɪn̪u ʋɪd̪ʰɑːn̪ s̪əbʰo,legislative council,மேல்சபை,Politics,words
ꢆꢛ꣄ꢗ ꢂꢤꢶꢒꢵꢬꢶ,उञ्च अधिकारि,உஞ்சஅதி4காரி,uncha adhikaari,uJca adhikAri,uñca adhikāri,uɲt͡ʃə əd̪ʰɪkɑːɾɪ,superior officer,மேலதிகாரி,Politics,words
ꢥꢶꢬ꣄ꢮꢵꢲ꣄,निर्वाह,நிர்வாஹ்,nirvaah,nirvAh,nirvāh,n̪ɪɾʋɑːɦ,management,மேலாண்மை,Politics,words
ꢥꢶꢫꢥ꣄ꢡ꣄ꢬꣁ,नियन्त्रा॑,நியந்த்ரொ,niyantro',niyantrO,niyantrŏ,n̪ɪjən̪t̪ɾo,management,மேலாண்மை,Politics,words
ꢦ꣄ꢬꢨꢥ꣄ꢤꢒꣁ,प्रबन्धका॑,ப்ரப3ந்த4கொ,prabandhako',prabandhakO,prabandhakŏ,pɾəbən̪d̪ʰəko,manager,மேலாளர்,Politics,words
ꢪꢾꢜꢸ ꢥꢶꢮꢵꢲꢶ,मेटु निर्वाहि,மேடு நிர்வாஹி,me't'u nivaahi,mETu nivAhi,mĕṭu nivāhi,meʈu n̪ɪʋɑːɦɪ,manager,மேலாளர்,Politics,words
ꢆꢗ꣄ꢗ ꢂꢙ꣄ꢛꢵꢒꢵꢬ꣄,उच्च आजञाकार,உச்ச ஆஜ்ஞாகார்,uchcha ajnyaakaar,ucca ajJAkAr,ucca ajñākār,ut͡ʃt͡ʃə əd͡ʒɲɑːkɑːɾ,high command,மேலிடம்,Politics,words
ꢆꢣ꣄ꢤꢬꢠꣁ,उधारणा॑,உத4ரணொ,uddharano',uddharaNO,uddharaṇŏ,ud̪d̪ʰəɾəɳo,quotation,மேற்கோள்,Politics,words
ꢆꢭ꣄ꢭꢾꢲꢥꣁ,उल्लेहना॑,உல்லேஹனொ,ulle'hano',ullEhanO,ullĕhanŏ,ulleɦən̪o,quotation,மேற்கோள்,Politics,words
ꢂꢮꢡꢵꢬꢠꣁ,अवतारणा॑,அவதாரணொ,avataarano',avatAraNO,avatāraṇŏ,əʋət̪ɑːɾəɳo,quotation,மேற்கோள்,Politics,words
ꢂꢮꢡꢵꢬꢶꢡ ꢮꢵꢒ꣄ꢫꢸ,अवतारित वाक्यु,அவதாரித வாக்யு,avataarita vaakyu,avatArita vAkyu,avatārita vākyu,əʋət̪ɑːɾɪt̪ə ʋɑːkju,quotation,மேற்கோள்,Politics,words
ꢡꢣꢾꢮ,तदेव,ததே3வ,tade'va,tadEva,tadĕva,t̪əd̪eʋə,ditto,மேற்படி,Politics,words
ꢪꢤ꣄꣄ꢫ ꢱꢬ꣄ꢒꢵꢬ꣄,मध्य सर्कार,மத்4யஸர்கார்,madhya sarkaar,madhya sarkAr,madhya sarkār,məd̪ʰjə s̪əɾkɑːɾ,Central Government,மைய அரசு,Politics,words
ꢂꢥꢸꢮꢵꢣꢒꣁ,अनुवादका॑,அனுவாத3கொ,anuvaadako',anuvAdakO,anuvādakŏ,ən̪uʋɑːd̪əko,translator,மொழிபெயர்ப்பாளர்,Politics,words
ꢡꢬ꣄ꢙꢪꣁ ꢒꢾꢬ꣄ꢥꢵꢬ꣄,तर्जमा॑ क॑र्नार,தர்ஜமொ கெர்னார்,tarjamo' ke'rnaar,tarjamO kErnAr,tarjamŏ kĕrnār,t̪əɾd͡ʒəmo keɾn̪ɑːɾ,translator,மொழிபெயர்ப்பாளர்,Politics,words
ꢚꢾꢞꣁ,झ॑डा॑,ஜெ2டொ3,jhe'd'o',jhEDO,jhĕḍŏ,d͡ʒʰeɖo,war,யுத்தம்,Politics,words
ꢪꢵꢬ꣄,मार,மார்,maar,mAr,mār,mɑːɾ,war,யுத்தம்,Politics,words
ꢬꢵꢠꢶ,राणि,ராணி,raani,rANi,rāṇi,ɾɑːɳɪ,queen,ராணி,Politics,words
ꢦꢭꣁ,पला॑,பளொ,palo',palO,palŏ,pəlo,army,ராணுவம்,Politics,words
ꢬꢵꢙ ꢣꢸꢬꣂꢲꢶ,राज दुरोहि,ராஜது3ரோஹி,raaja durohi,rAja durohi,rāja durohi,ɾɑːd͡ʒə d̪uɾoːɦɪ,traitor,ராஜதுரோகி,Politics,words
ꢬꢵꢙꢫ ꢱꢩꣁ,राजयसभा॑,ராஜ்ய ஸபொ4,raajaya sabho',rAjaya sabhO,rājaya sabhŏ,ɾɑːd͡ʒəjə s̪əbʰo,upper house of the Parliament,ராஜ்யசபை,Politics,words
ꢪꢾꢜꢸ ꢱꢩꣁ,मेटु सभा॑,மேடு ஸபொ4,me't'u sabho',mETu sabhO,mĕṭu sabhŏ,meʈu s̪əbʰo,upper house of the Parliament,ராஜ்யசபை,Politics,words
ꢬꢙꢶꢥꢪꣁ,रजिनमा॑,ரஜினமொ,rajinamo',rajinamO,rajinamŏ,ɾəd͡ʒɪn̪əmo,resignation,ராஜினாமா,Politics,words
ꢬꢵꢰ꣄ꢜ꣄ꢬꢦꢡꢶ,राष्ट्रपति,ராஷ்ட்ரபதி,raasht'rapati,rASTrapati,rāṣṭrapati,ɾɑːʂʈɾəpət̪ɪ,president of the country,ராஷ்டிரபதி,Politics,words
ꢪꢵꢪꢹꢭ꣄,मामूल्,மாமூல்,maamool,mAmUl,māmūl,mɑːmuːl,bribe,லஞ்சம்,Politics,words
ꢭꢾꢛ꣄ꢗꢪ꣄,लेञ्चम्,லெஞ்ஜம்,le'ncham,lEJcam,lĕñcam,leɲt͡ʃəm,bribe,லஞ்சம்,Politics,words
ꢭꣁꢒ꣄ ꢱꢩꣁ,लोक सभा॑,லோக்ஸபொ4,lo'k sabho',lOk sabhO,lŏk sabhŏ,lok s̪əbʰo,parliament,லோக்சபை,Politics,words
ꢮꢶꢡ꣄ꢡꢒꣁꢰ꣄,वित्तकोष,வித்தகோஷ்,vittako'sh,vittakOS,vittakŏṣ,ʋɪt̪t̪əkoʂ,bank,வங்கி,Politics,words
ꢲꢥ꣄ꢥꢮꢸ ꢱꢖ꣄ꢒ꣄ꢬꢲꢥꣁ,हन्नवु सङ्क्रहना॑,ஹன்னவு ஸங்க்ரஹனொ,hannavu sankrahano',hannavu saGkrahanO,hannavu saṅkrahanŏ,ɦən̪n̪əʋu s̪əŋkɾəɦən̪o,collection,வசூல்,Politics,words
ꢮꢱꢸꢭ꣄,वसुल,வஸுல்,vasul,vasul,vasul,ʋəs̪ul,collection,வசூல்,Politics,words
ꢡꢵꢭꢹꢒꢵ,तालूका,தாலுகா,taalookaa,tAlUkA,tālūkā,t̪ɑːluːkɑː,taluk,வட்டம்,Politics,words
ꢣꢵꢱꢶꢭ꣄ꢣꢵꢬ꣄,दासिल्दार,தா3ஸில்தா3ர்,daasildaar,dAsildAr,dāsildār,d̪ɑːs̪ɪld̪ɑːɾ,tahsildar,வட்டாட்சியர்,Politics,words
ꢦꢶꢬꢵꢥ꣄ꢡ꣄ꢫꢸ,पिरान्त्यु,பிராந்த்யு,piraantyu,pirAntyu,pirāntyu,pɪɾɑːn̪t̪ju,region,வட்டாரம்,Politics,words
ꢦꢶꢬꢵꢥ꣄ꢡꢶꢫ ꢩꢵꢰꣁ,पिरान्तिय भाषा॑,பிராந்த்ய பா4ஷொ,piraantiya bhaasho',pirAntiya bhASO,pirāntiya bhāṣŏ,pɪɾɑːn̪t̪ɪjə bʰɑːʂo,regional language,வட்டாரமொழி,Politics,words
ꢩꢶꢫꢵꢬ꣄,भियार्,பி4யார்,bhiyaar,bhiyAr,bhiyār,bʰɪjɑːɾ,trade,வணிகம்,Politics,words
ꢮꢵꢠꢶꢙ꣄ꢫꣁ,वाणिज्या॑,வாணிஜ்யொ,vaanijyo',vANijyO,vāṇijyŏ,ʋɑːɳɪd͡ʒjo,trade,வணிகம்,Politics,words
ꢩꢶꢫꢵꢬꢸ ꢮꢶꢡ꣄ꢡ ꢒꣁꢰ꣄,भियारु वित्त कोष,பி4யாரு வித்த கோஷ்,bhiyaaru vitta ko'sh,bhiyAru vitta kOS,bhiyāru vitta kŏṣ,bʰɪjɑːɾu ʋɪt̪t̪ə koʂ,commercial bank,வணிகவங்கி,Politics,words
ꢮꢠꢶꢒ ꢮꢶꢡ꣄ꢡ ꢒꣁꢰ꣄,वणिक वित्त कोष,வணிக வித்த கோஷ்,vanika vitta ko'sh,vaNika vitta kOS,vaṇika vitta kŏṣ,ʋəɳɪkə ʋɪt̪t̪ə koʂ,commercial bank,வணிகவங்கி,Politics,words
ꢩꢶꢫꢵꢬꢸ ꢱꢸꢭ꣄ꢒꣁ,भियारुसुल्का॑,பி4யாருஸுல்கொ,bhiyaaru sulko',bhiyAru sulkO,bhiyāru sulkŏ,bʰɪjɑːɾu s̪ulko,commercial tax,வணிகவரி,Politics,words
ꢮꢠꢶꢒ ꢱꢸꢭ꣄ꢒꣁ,वणिक सुल्का॑,வணிகஸுல்கொ,vanika sulko',vaNika sulkO,vaṇika sulkŏ,ʋəɳɪkə s̪ulko,commercial tax,வணிகவரி,Politics,words
ꢒꢶꢪ꣄ꢮꢣꢥ꣄ꢡꢶ,किम्वदन्ति,கிம்வத3ந்தி,kimvadanti,kimvadanti,kimvadanti,kɪmʋəd̪ən̪t̪ɪ,rumour,வதந்தி,Politics,words
ꢙꢥꢱ꣄ꢬꢸꢡꢶ,जनस्रुति,ஜனஸ்ருதி,janasruti,janasruti,janasruti,d͡ʒən̪əs̪ɾut̪ɪ,rumour,வதந்தி,Politics,words
ꢩ꣄ꢫꢵꢬ꣄,भ्यार,ப்4யார்,bhyaar,bhyAr,bhyār,bʰjɑːɾ,trade,வர்த்தகம்,Politics,words
ꢂꢮ꣄ꢥꢶ,अव्नि,அவ்னி,avni,avni,avni,əʋn̪ɪ,credit,வரவு,Politics,words
ꢡꣂꢬꢠ꣄,ता॑रण,தொரண்,toran,toraN,toraṇ,t̪oːɾəɳ,rank,வரிசை,Politics,words
ꢒ꣄ꢬꢪꣁ,क्रमा॑,க்ரமொ,kramo',kramO,kramŏ,kɾəmo,rank,வரிசை,Politics,words
ꢱ꣄ꢬꢿꢠꢶ,स्रेणि,ஸ்ரேணி,sreni,sreNi,sreṇi,s̪ɾeːɳɪ,rank,வரிசை,Politics,words
ꢱꢸꢭ꣄ꢒꢥꢶꢬ꣄ꢠꢫꢸ,सुल्कनिर्णया॑,ஸுல்கநிர்ணயொ,sulkanirnayu,sulkanirNayu,sulkanirṇayu,s̪ulkən̪ɪɾɳəju,taxation,வரிவிதிப்பு,Politics,words
ꢆꢗ꣄ꢭꢵꢮ꣄,उच्लाव,உச்லாவ்,uchlaav,uclAv,uclāv,ut͡ʃlɑːʋ,income,வருமானம்,Politics,words
ꢙꣁꢞꢸꢪ꣄ꢨꢸꢭ꣄,जा॑डुम्बुल,ஜொடு3ம்புல்,jo'd'umbul,jODumbul,jŏḍumbul,d͡ʒoɖumbul,income,வருமானம்,Politics,words
ꢆꢗ꣄ꢭꢵꢮꢸ ꢱꢸꢭ꣄ꢒꣁ,उच्लावु सुल्का॑,உச்லாவுஸுல்கொ,uchlaavu sulko',uclAvu sulkO,uclāvu sulkŏ,ut͡ʃlɑːʋu s̪ulko,income tax,வருமான வரி,Politics,words
ꢆꢗ꣄ꢭꢵꢮꢸ ꢒꢬꣁ,उच्लावु करा॑,உச்லாவு கரொ,uchlaavu karo',uclAvu karO,uclāvu karŏ,ut͡ʃlɑːʋu kəɾo,income tax,வருமான வரி,Politics,words
ꢬꢵꢙ꣄ꢫ ꢃꢣꢵꢫꢸ,राज्य आदायु,ராஜ்ய ஆதா3யு,raajya aadaayu,rAjya AdAyu,rājya ādāyu,ɾɑːd͡ʒjə ɑːd̪ɑːju,revenue,வருவாய்,Politics,words
ꢥ꣄ꢫꢥ꣄ꢡ꣄ꢬꢠꣁ,न्यन्त्रणा॑,ந்யந்த்ரணொ,nyantrano',nyantraNO,nyantraṇŏ,n̪jən̪t̪ɾəɳo,restrictions,வரையறை,Politics,words
ꢦ꣄ꢬꢡꢶꢨꢥ꣄ꢤꢸ,प्रतिबन्धु,ப்ரதிப3ந்து4,pratibandhu,pratibandhu,pratibandhu,pɾət̪ɪbən̪d̪ʰu,restrictions,வரையறை,Politics,words
ꢮꢔꣁꢡꣁꢔꣁ,वगा॑ता॑गा॑,வகொ3தொகொ3,vago'to'go',vagOtOgO,vagŏtŏgŏ,ʋəgot̪ogo,restrictions,வரையறை,Politics,words
ꢮꢶꢡ꣄ꢡ ꢭꢿꢓꢸ,वित्त लेखु,வித்த லேகு2,vitta lekhu,vitta lekhu,vitta lekhu,ʋɪt̪t̪ə leːkʰu,draft,வரைவோலை/ வரைவு,Politics,words
ꢦ꣄ꢬꢵꢒ꣄ ꢭꢾꢓꢥꣁ,प्राक लेखना॑,ப்ராக் லேக2னொ,praak le'khano',prAk lEkhanO,prāk lĕkhanŏ,pɾɑːk lekʰən̪o,draft,வரைவோலை/ வரைவு,Politics,words
ꢥꢶꢦꢸꢠꣁ,निपुणा॑,நிபுணொ,nipuno',nipuNO,nipuṇŏ,n̪ɪpuɳo,expert,வல்லுநர்,Politics,words
ꢙꣀꢥ ꢧꢶꢬ꣄ꢥꢶ,जैन फिर्नि,ஜைன பி2ர்னி,jaina phirni,jaina phirni,jaina phirni,d͡ʒəɪn̪ə pʰɪɾn̪ɪ,clockwise turn,வலஞ்சுழி,Politics,words
ꢦ꣄ꢬꢣꢒ꣄ꢰꢥꣁ,प्रदक्षना॑,ப்ரத3க்ஷனொ,pradakshano',pradakSanO,pradakṣanŏ,pɾəd̪əkʂən̪o,clockwise turn,வலஞ்சுழி,Politics,words
ꢮꢒ꣄ꢒꢷꢭ꣄,वक्कील्,வக்கீல்,vakkeel,vakkIl,vakkīl,ʋəkkiːl,lawyer,வழக்கறிஞர்,Politics,words
ꢬꢹꢟꢶ,रूढि,ரூடி4,rood'hi,rUDhi,rūḍhi,ɾuːɖʰɪ,usage,வழக்காறு,Politics,words
ꢪꢵꢬ꣄ꢒꢣꢬ꣄ꢱꢶ,मार्ग दर्सि,மார்க3த3ர்ஸி,maarkadarsi,mArkadarsi,mārkadarsi,mɑːɾkəd̪əɾs̪ɪ,guide,வழிகாட்டி,Politics,words
ꢮꢵꢜ꣄ ꢣꢾꢒ꣄ꢒꢞ꣄ꢠꢵꢬ꣄,वाट देक्कड्णार,வாட்தெ3க்கட்3ணார்,vaat' de'kkad'naar,vAT dEkkaDNAr,vāṭ dĕkkaḍṇār,ʋɑːʈ d̪ekkəɖɳɑːɾ,guide,வழிகாட்டி,Politics,words
ꢒꢾꢬꢥ꣄ꢮꢵꢜ꣄,क॑रन्वाट्,கெரன்வாட்,ke'ranvaat',kEranvAT,kĕranvāṭ,keɾən̪ʋɑːʈ,process,வழிமுறை,Politics,words
ꢡꢸꢔꢵꢳ꣄,तुगाळ,து3கா3ள்,tugaal',tugAL,tugāl̤,t̪ugɑːɭ,drought,வறட்சி,Politics,words
ꢣꢬꢶꢣ꣄ꢬꢡꣁ,दरिद्रता॑,த3ரித்3ரதொ,daridrato',daridratO,daridratŏ,d̪əɾɪd̪ɾət̪o,poverty,வறுமை,Politics,words
ꢣꢾꢭ꣄ꢞꢶꢬꢶꢦꢥ꣄,द॑ल्डिरिपन,தெ3ள்டி3ரிபன்,de'ld'iripan,dElDiripan,dĕlḍiripan,d̪elɖɪɾɪpən̪,poverty,வறுமை,Politics,words
ꢆꢔ꣄ꢬꢦꢥ꣄,उग्रपन,உக்3ரபன்,ugrapan,ugrapan,ugrapan,ugɾəpən̪,violence,வன்முறை,Politics,words
ꢮꢵꢒ꣄ ꢣꢾꢥꢵꢬ꣄,वाक् द॑नार,வாக் தெ3னார்,vaak de'naar,vAk dEnAr,vāk dĕnār,ʋɑːk d̪en̪ɑːɾ,voter,வாக்காளர்,Politics,words
ꢪꢡꢣꢵꢡꣁ,मतदाता॑,மத தா3தொ,matadaato',matadAtO,matadātŏ,mət̪əd̪ɑːt̪o,voter,வாக்காளர்,Politics,words
ꢮꣂꢜ꣄,वोट,வோட்,vot',voT,voṭ,ʋoːʈ,vote,வாக்கு,Politics,words
ꢮꢵꢒꢸ ꢦꢡ꣄ꢬꢸ,वाकु पत्रु,வாகு பத்ரு,vaaku patru,vAku patru,vāku patru,ʋɑːku pət̪ɾu,ballot paper,வாக்குச்சீட்டு,Politics,words
ꢨꢜ꣄ꢒꢾ,बट्क॑,ப3ட்கெ,bat'ke',baTkE,baṭkĕ,bəʈke,house rent,வாடகை,Politics,words
ꢮꢵꢡꢶ,वाति,வாதி,vaati,vAti,vāti,ʋɑːt̪ɪ,plaintiff,வாதி,Politics,words
ꢮꢵꢬ꣄ꢱꢸ,वार्सु,வார்ஸு,vaarsu,vArsu,vārsu,ʋɑːɾs̪u,heir,வாரிசு,Politics,words
ꢆꢡ꣄ꢬꢵꢤꢶꢒꢵꢬꢶ,उत्राधिकारि,உத்ராதி4காரி,utraadhikaari,utrAdhikAri,utrādhikāri,ut̪ɾɑːd̪ʰɪkɑːɾɪ,heir,வாரிசு,Politics,words
ꢱꢪꢶꢡꢶ,समिति,ஸமிதி,samiti,samiti,samiti,s̪əmɪt̪ɪ,board/ corporation,வாரியம்,Politics,words
ꢂꢥꢸꢦꢵꢡ꣄,अनुपात,அனுபாத்,anupaat,anupAt,anupāt,ən̪upɑːt̪,ratio,விகிதம்,Politics,words
ꢸꢮꢶꢗꢵꢬꢠꣁ,विचारणा॑,விசாரணொ,uvichaarano',uvicAraNO,uvicāraṇŏ,uʋɪt͡ʃɑːɾəɳo,enquiry,விசாரணை,Politics,words
ꢱ꣄ꢮꢵꢡꢥ꣄ꢡ꣄ꢬꢸ,स्वातन्त्रु,ஸ்வாதந்த்ரு,svaatantru,svAtantru,svātantru,s̪ʋɑːt̪ən̪t̪ɾu,independence,விடுதலை,Politics,words
ꢱꣁꢞ꣄ꢥꢶ,सा॑ड्नि,ஸொட்3னி,so'd'ni,sODni,sŏḍni,s̪oɖn̪ɪ,leave,விடுப்பு,Politics,words
ꢱꣁꢞ꣄ꢮꢵꢬ꣄,सा॑ड्वार,ஸொட்3வார்,so'd'vaar,sODvAr,sŏḍvār,s̪oɖʋɑːɾ,leave,விடுப்பு,Politics,words
ꢱꣂꢞꢶ,सोडि,ஸோடி3,sod'i,soDi,soḍi,s̪oːɖɪ,holiday,விடுமுறை,Politics,words
ꢮꢶꢦꢡ꣄ꢡꢸ,विपत्तु,விப3த்து,vipattu,vipattu,vipattu,ʋɪpət̪t̪u,accident,விபத்து,Politics,words
ꢮꢵꢫꢸꢱꢾꢥꣁ,वायुसेना॑,வாயுஸேனொ,vaayuse'no',vAyusEnO,vāyusĕnŏ,ʋɑːjus̪en̪o,air force,விமானப்படை,Politics,words
ꢧꢵꢞ꣄,फाड्,பா2ட்3,phaad',phAD,phāḍ,pʰɑːɖ,crack,விரிசல்,Politics,words
ꢨꢶꢭ꣄ꢭꣁ,बिल्ला॑,பி3ல்லொ,billo',billO,billŏ,bɪllo,badge,வில்லை,Politics,words
ꢪꣁꢭꢸ ꢙꢦ꣄ꢡꣁ,मोलुजप्ता॑,மோலுஜப்தொ,mo'lu japto',mOlu japtO,mŏlu japtŏ,molu d͡ʒəpt̪o,price index,விலைபட்டியல்,Politics,words
ꢪꣁꢭꢸ ꢂꢜ꣄ꢜꢮꢥꣁ,मोलु अट्टवना॑,மோலு அட்டவனொ,mo'lu at't'avano',mOlu aTTavanO,mŏlu aṭṭavanŏ,molu əʈʈəʋən̪o,price index,விலைபட்டியல்,Politics,words
ꢮꢶꢮꢵꢣ꣄,विवाद,விவாத்3,vivaad,vivAd,vivād,ʋɪʋɑːd̪,"discussion, debate",விவாதம் `,Politics,words
ꢮꢵꢔ꣄ꢮꢶꢮꢵꢣ꣄,वाग्विवाद,வாக்3விவாத்3,vaagvivaad,vAgvivAd,vāgvivād,ʋɑːgʋɪʋɑːd̪,"discussion, debate",விவாதம் `,Politics,words
ꢆꢡ꣄ꢱꢮ꣄,उत्सव,உத்ஸவ்,utsav,utsav,utsav,ut̪s̪əʋ,function,விழா,Politics,words
ꢮꣀꢩꢮ꣄,वैभव,வைப4வ்,vaibhav,vaibhav,vaibhav,ʋəɪbʰəʋ,function,விழா,Politics,words
ꢦ꣄ꢬꢡꢶꢯꢡ꣄,प्रतिशत,ப்ரதிஶத்,pratishat,pratizat,pratiśat,pɾət̪ɪʃət̪,percent,விழுக்காடு,Politics,words
ꢦ꣄ꢬꢡꢶꢯꣁꢡꢸ,प्रतिशा॑तु,ப்ரதிஶோது,pratisho'tu,pratizOtu,pratiśŏtu,pɾət̪ɪʃot̪u,percent,விழுக்காடு,Politics,words
ꢮꢶꢙ꣄ꢛꢵꢦꢥꣁ,विजञापना॑,விஜ்ஞாபனொ,vijnyaapano',vijJApanO,vijñāpanŏ,ʋɪd͡ʒɲɑːpən̪o,advertisement,விளம்பரம்,Politics,words
ꢦ꣄ꢬꢒꢵꢬꢰꢥꣁ,प्रकाषना॑,ப்ரகாஷனொ,prakaarashano',prakAraSanO,prakāraṣanŏ,pɾəkɑːɾəʂən̪o,advertisement,விளம்பரம்,Politics,words
ꢮꢶꢒ꣄ꢒꢶꢥꢶ ꢒꢬꣁ,विक्किनि करा॑,விக்கினி கரொ,vikkini karo',vikkini karO,vikkini karŏ,ʋɪkkɪn̪ɪ kəɾo,sales tax,விற்பனை வரி,Politics,words
ꢣꢬꣁ,दरा॑,த3ரொ,daro',darO,darŏ,d̪əɾo,rate,விகிதம்,Politics,words
ꢂꢩꢾꢒ꣄ꢯꢒꣁ,अभेक्षका॑,அபே4க்ஷகொ,abhe'kshako',abhEkzakO,abhĕkśakŏ,əbʰekʃəko,candidate,வேட்பாளர்,Politics,words
ꢂꢩꢾꢒ꣄ꢰꢸ,अभेक्षु,அபே4க்ஷு,abhe'kshu,abhEkSu,abhĕkṣu,əbʰekʂu,candidature,வேட்பு,Politics,words
ꢒꢵꢪ꣄ ꢲꢶꢨ꣄ꢨꢜ꣄ꢠꢶ,काम्हिब्ट्णि,காம்ஹிப்3ப3ட்3ணி,kaam hibbat'ni,kAm hibbaTNi,kām hibbaṭṇi,kɑːm ɦɪbbəʈɳɪ,strike,வேலை நிறுத்தம்,Politics,words
ꢒ꣄ꢬꢸꢰꢶ,क्रुषि,க்ருஷி,krushi,kruSi,kruṣi,kɾuʂɪ,agriculture,வேளாண்மை,Politics,words
ꢮꢶꢥ꣄ꢫꢵꢱ꣄,विन्यास,வின்யாஸ்,vinyaas,vinyAs,vinyās,ʋɪn̪jɑːs̪,fixed deposit,வைப்புத்தொகை,Politics,words
ꢭꣁꢒ ꢡꢥ꣄ꢡ꣄ꢬꢸ,लोक तन्त्रु,லோக தந்த்ரு,lo'ka tantru,lOka tantru,lŏka tantru,lokə t̪ən̪t̪ɾu,democracy,ஜனநாயகம்,Politics,words
ꢦ꣄ꢬꢙꢵ ꢡꢥ꣄ꢡ꣄ꢬꢸ,प्रजा तन्त्रु,ப்ரஜா தந்த்ரு,prajaa tantru,prajA tantru,prajā tantru,pɾəd͡ʒɑː t̪ən̪t̪ɾu,democracy,ஜனநாயகம்,Politics,words
ꢙꢥ ꢡꢥ꣄ꢡ꣄ꢬꢸ,जन तन्त्रु,ஜன தந்த்ரு,jana tantru,jana tantru,jana tantru,d͡ʒən̪ə t̪ən̪t̪ɾu,democracy,ஜனநாயகம்,Politics,words
ꢙꢥꢵꢣꢶꢦꢡꢶ,जनादिपति,ஜனாதி4பதி,janaadipati,janAdipati,janādipati,d͡ʒən̪ɑːd̪ɪpət̪ɪ,president,ஜனாதிபதி,Politics,words
ꢏꢥ꣄ꢥꣁ,आ॑न्ना॑,ஒன்னொ,o'nno',OnnO,ŏnnŏ,on̪n̪o,beans,அவரைக்காய்,Vegetables,words
ꢂꢭ꣄ꢭꣁ,अल्ला॑,அல்லொ,allo',allO,allŏ,əllo,ginger,இஞ்சி,Vegetables,words
ꢤꢸꢬꢸꢳꢸ ꢪꢹꢳ꣄,धुरुळु मूळ,து4ருளு மூள்,dhurul'u mool',dhuruLu mUL,dhurul̤u mūl̤,d̪ʰuɾuɭu muːɭ,potato,உருளைக்கிழங்கு,Vegetables,words
ꢮꢖ꣄ꢔꢶ,वङ्गि,வங்கி3,vangi,vaGgi,vaṅgi,ʋəŋgɪ,brinjal,கத்திரிக்காய்,Vegetables,words
ꢒꣀꢭꢒꢾꢱꢸꢬ꣄,कैलक॑सुर,கைலகெஸுர்,kailake'sur,kailakEsur,kailakĕsur,kəɪləkes̪uɾ,vegetable,காய்கறி,Vegetables,words
ꢩꢙ꣄ꢙꢶ,भज्जि,ப4ஜ்ஜி,bhajji,bhajji,bhajji,bʰəd͡ʒd͡ʒɪ,greens,கீரை,Vegetables,words
ꢪꣁꢳ꣄꣄ꢒꢳ꣄꣄,मा॑ळ्कळ,மொள்கள்,mo'l'kal',mOLkaL,mŏl̤kal̤,moɭkəɭ,ama ranthus,கீரைத்தண்டு,Vegetables,words
ꢤꢾꢫꢳꣁ,धेय्ळा॑,தெ4ய்ளொ(N,dhe'yal'o',dhEyaLO,dhĕyal̤ŏ,d̪ʰejəɭo,ama ranthus,கீரைத்தண்டு,Vegetables,words
ꢒꢵꢬꢜ꣄,कारट्,காரட்,kaarat',kAraT,kāraṭ,kɑːɾəʈ,carrot,கேரட்,Vegetables,words
ꢙꢶꢥ꣄ꢥꢮ꣄ꢬꢾ,जिन्नवर॑,ஜின்னவ்ரெ,jinnavre',jinnavrE,jinnavrĕ,d͡ʒɪn̪n̪əʋɾe,cluster beans,கொத்தவரைக்காய்,Vegetables,words
ꢤꢥꢶꢫꣁ,धनिया॑,த4னியொ,dhaniyo',dhaniyO,dhaniyŏ,d̪ʰən̪ɪjo,coriander leaves,கொத்துமல்லிக் கீரை,Vegetables,words
ꢱꢾꢒ꣄ꢒꢬ꣄ꢒꢾꢳꢖ꣄ꢔꢸ,स॑क्कर क॑ळङ्गु,ஸெக்கர்கௌங்கு3,se'kkarke'l'angu,sEkkarkELaGgu,sĕkkarkĕl̤aṅgu,s̪ekkəɾkeɭəŋgu,sweet potato,சக்கரைவள்ளிக் கிழக்கு,Vegetables,words
ꢓꣁꢮ꣄ꢳꣁ,खा॑व्ळा॑,கொ2வ்ளொ,kho'vl'o',khOvLO,khŏvl̤ŏ,kʰoʋɭo,ash gourd,சாம்பல் பூசணி,Vegetables,words
ꢩꣁꢮ꣄ꢳꣁ,भा॑व्ळा॑,பொ4வ்ளொ,bho'vl'o',bhOvLO,bhŏvl̤ŏ,bʰoʋɭo,bottle gourd,சுரைக்காய்,Vegetables,words
ꢱꢸꢬꢠ꣄,सुरण,ஸுரண்,suran,suraN,suraṇ,s̪uɾəɳ,yam,சேனை,Vegetables,words
ꢱꢿꢦꢪꢹꢳ꣄,सेपमूळ,ஸேபமூள்,sepamool',sepamUL,sepamūl̤,s̪eːpəmuːɭ,colocasia,சேம்பு,Vegetables,words
ꢡꢒ꣄ꢒꢵꢭꢶ,तक्कालि,தக்காளி,takkaali,takkAli,takkāli,t̪əkkɑːlɪ,tomato,தக்காளி,Vegetables,words
ꢗꣁꢮ꣄ꢳꣁ,चा॑व्ळा॑,சொவ்ளொ,cho'vl'o',cOvLO,cŏvl̤ŏ,t͡ʃoʋɭo,cow pea,தட்டைப்பயிறு,Vegetables,words
ꢂꢪ꣄ꢨ꣄ꢳꣁ,अम्ब्ळा॑,அம்ப்3ளொ,ambl'o',ambLO,ambl̤ŏ,əmbɭo,goose berry,நெல்லிக்காய்,Vegetables,words
ꢒꢗ꣄ꢗꢾ ꢪꢶꢬꢶꢒ꣄ꢒꣀꢭꣁ,क्च्च॑मिरिक्कैला॑,கச்செமிரிகைலொ,kachche' mirikkailo',kaccE mirikkailO,kaccĕ mirikkailŏ,kət͡ʃt͡ʃe mɪɾɪkkəɪlo,green chilly,பச்சைமிளகாய்,Vegetables,words
ꢦꢜ꣄ꢜꢵꢠꢶ,पट्टाणि,பட்டாணி,pat't'aani,paTTANi,paṭṭāṇi,pəʈʈɑːɳɪ,pea,பட்டாணி,Vegetables,words
ꢦꣁꢱ꣄ꢒꢵꢫ꣄,पा॑स्काय्,பொஸ்காய்,po'skaay,pOskAy,pŏskāy,pos̪kɑːj,pumpkin,பறங்கிக்காய்,Vegetables,words
ꢒꢭ꣄ꢭꣁ,कल्ला॑,கல்லொ,kallo',kallO,kallŏ,kəllo,bitter gourd,பாகற்காய்,Vegetables,words
ꢮꢣꢸꢥꢵ ꢩꢙ꣄ꢙꢶ,वदुनाभज्जि,வது3னாப4ஜ்ஜி,vadunaa bhajji,vadunA bhajji,vadunā bhajji,ʋəd̪un̪ɑː bʰəd͡ʒd͡ʒɪ,mint,புதினா,Vegetables,words
ꢦꣁꢜ꣄ꢔꢸꢭꣁ,पा॑ट्गुला॑,பொட்கு3லொ,po't'gulo',pOTgulO,pŏṭgulŏ,poʈgulo,snake gourd,புடலங்காய்,Vegetables,words
ꢒꢵꢭꢶꢧꢶꢳꢮꢬ꣄,कालिफिळवर्,காலிபி2ளவர்,kaaliphil'avar,kAliphiLavar,kāliphil̤avar,kɑːlɪpʰɪɭəʋəɾ,cauliflower,பூக்கோசு,Vegetables,words
ꢓꢾꢮ꣄ꢭꣁ,खा॑व्ला॑,கொ2வ்லொ,khe'vlo',khEvlO,khĕvlŏ,kʰeʋlo,pum pkin,பூசனிக்காய்,Vegetables,words
ꢭꣁꢱꢥ꣄,ला॑सन,லொஸன்,lo'san,lOsan,lŏsan,los̪ən̪,garlic,பூண்டு,Vegetables,words
ꢒꣃꢭꢒꢾꢱꢸꢬ꣄,कैलक॑सुर्,கைலகெஸுர்,kaulake'sur,kaulakEsur,kaulakĕsur,kəuləkes̪uɾ,vegetable,மரக்கறி,Vegetables,words
ꢗꢾꢒ꣄ꢒꢬ꣄ ꢒꢶꢳꢖ꣄ꢔꢸ,च॑क्कर्किळङ्गु,ஸெக்கர்கிளங்கு3,che'kkar kil'angu,cEkkar kiLaGgu,cĕkkar kil̤aṅgu,t͡ʃekkəɾ kɪɭəŋgu,tapioca,மரச்சீனிக் கிழங்கு,Vegetables,words
ꢃꢭ꣄ꢮꢳꢶꢒ꣄ ꢒꢶꢳꢖ꣄ꢒꢸꢮ꣄,आल्वळिक्किळङ्कु,ஆல்வளிக்கிழங்கு,aalval'ik kil'ankuv,AlvaLik kiLaGkuv,ālval̤ik kil̤aṅkuv,ɑːlʋəɭɪk kɪɭəŋkuʋ,tapioca,மரவள்ளிக் கிழங்கு,Vegetables,words
ꢒꢗ꣄ꢗꢪ꣄ꢨꣁ,कच्चम्बा॑,கச்சம்பொ3,kachchambo',kaccambO,kaccambŏ,kət͡ʃt͡ʃəmbo,mango,மாங்காய்,Vegetables,words
ꢪꢸꢜ꣄ꢜꣀꢒꣂꢱ꣄,मुट्टैकोस्,முட்டைகோஸ்,mut't'aikos,muTTaikos,muṭṭaikos,muʈʈəɪkoːs̪,cabbage,முட்டைகோஸ்,Vegetables,words
ꢱꢾꢮ꣄ꢒꢵ ꢒꣀꢭꣁ,स॑व्का कैला॑,ஸெவ்கா கைலொ,se'vkaa kailo',sEvkA kailO,sĕvkā kailŏ,s̪eʋkɑː kəɪlo,drumstick,முருங்கைக்காய்,Vegetables,words
ꢪꢸꢳꣁ,मुळा॑,முளொ,mul'o',muLO,mul̤ŏ,muɭo,raddish,முள்ளங்கி,Vegetables,words
ꢒꢗ꣄ꢗꢾꢒꢾꢳꣁ,कच्चिक॑ळा॑,கச்சிகெளொ,kachche'ke'l'o',kaccEkELO,kaccĕkĕl̤ŏ,kət͡ʃt͡ʃekeɭo,unripe plantain,வாழைக்காய்,Vegetables,words
ꢩꢾꢠ꣄ꢞꢶꢒꣀꢭꣁ,भ॑ण्डिकैला॑,பெ4ண்டி3கைலொ,bhe'nd'ikailo',bhENDikailO,bhĕṇḍikailŏ,bʰeɳɖɪkəɪlo,lady`s finger,வெண்டைக்காய்,Vegetables,words
ꢂꢔꢱ꣄ꢡꢶꢬ꣄,अगस्तिर,அக3ஸ்திர்,agastir,agastir,agastir,əgəs̪t̪ɪɾ,lady`s finger,வெண்டைக்காய்,Vegetables,words
ꢮꢭ꣄ꢒꣁ,वल्का॑,வள்கொ,valko',valkO,valkŏ,ʋəlko,cucumber,வெள்ளரிக்காய்,Vegetables,words
ꢂꢪꢵꢱ꣄,अमास्,அமாஸ்,amaas,amAs,amās,əmɑːs̪,new moon,அமாவாசை,Seasons,words
ꢮꢬꢵ ꢒꢵꢭ꣄,वरा काल,வரா கால்,varaa kaal,varA kAl,varā kāl,ʋəɾɑː kɑːl,autumn,இலையுதிர்காலம்,Seasons,words
ꢱꢨ꣄ꢣꢸ,सप्तु,ஸப்3து3,sabdu,sabdu,sabdu,s̪əbd̪u,sound,ஒலி,Seasons,words
ꢦ꣄ꢬꢒꢵꢰ꣄,प्रकाष,ப்ரகாஷ்,prakaash,prakAS,prakāṣ,pɾəkɑːʂ,light,ஒளி,Seasons,words
ꢮꢵꢡꢵꢮꢬꢥ꣄,वातावरन,வாதாவரன்,vaataavaran,vAtAvaran,vātāvaran,ʋɑːt̪ɑːʋəɾən̪,weather,காலநிலை,Seasons,words
ꢮꢿꢳ꣄꣄,वेळ,வேள்,vel',veL,vel̤,ʋeːɭ,season,காலம்,Seasons,words
ꢒꢵꢭ꣄,काल्,கால்,kaal,kAl,kāl,kɑːl,season,காலம்,Seasons,words
ꢲꢶꢪꢸꢱ꣄,हिमुस्,ஹிமுஸ்,himus,himus,himus,ɦɪmus̪,chill/coldness,குளிர்,Seasons,words
ꢲꢶꢪ꣄ꢳꣁ,हिमुळा॑,ஹிமளொ,himl'o',himLO,himl̤ŏ,ɦɪmɭo,winter season,குளிர்காலம்,Seasons,words
ꢲꢶꢪꢸꢱꢹ ꢒꢵꢭ꣄,हिमुसु काल,ஹிமுஸுகால்,himusoo kaal,himusU kAl,himusū kāl,ɦɪmus̪uː kɑːl,winter season,குளிர்காலம்,Seasons,words
ꢲꢹꢥꢸꢒꢵꢭ꣄,हूनुकाल,ஹூனுகால்,hoonukaal,hUnukAl,hūnukāl,ɦuːn̪ukɑːl,summer season,கோடை காலம்,Seasons,words
ꢔ꣄ꢬꢷꢰ꣄ꢪ ꢒꢵꢭ꣄,ग्रीष्म काल,க்3ரீஷ்ம கால்,greeshma kaal,grISma kAl,grīṣma kāl,gɾiːʂmə kɑːl,summer season,கோடை காலம்,Seasons,words
ꢲꢹꢥ꣄ꢥꣁ,हून्ना॑,ஹுன்னொ,hoonno',hUnnO,hūnnŏ,ɦuːn̪n̪o,heat,சூடு,Seasons,words
ꢱꢶꢳ꣄ꢳꣁ,सिळ्ळा॑,ஸிள்ளொ,sil'l'o',siLLO,sil̤l̤ŏ,s̪ɪɭɭo,cold,தட்பம்,Seasons,words
ꢯꢷꢡꢳ꣄,शीतळ,ஶீதள்,sheetal',zItaL,śītal̤,ʃiːt̪əɭ,cold,தட்பம்,Seasons,words
ꢱꢷꢡꣂꢰ꣄ꢠꣁ,सीता॑ष्णा॑,ஸீதோஷ்ணொ,seetoshno',sItoSNO,sītoṣṇŏ,s̪iːt̪oːʂɳo,climate/weather,தட்பவெப்ப நிலை,Seasons,words
ꢪꢸꢒꢸꢭ꣄ ꢮꢬꣁ,मुकुल्वरा॑,முகுல் வரொ,mukul varo',mukul varO,mukul varŏ,mukul ʋəɾo,southwind/ breeze,தென்றல்,Seasons,words
ꢬꢸꢡꢸ,रुतु,ருது,rutu,rutu,rutu,ɾut̪u,season,பருவம்,Seasons,words
ꢬꢸꢡꢸ ꢦꣁꢮ꣄ꢱ꣄,रुतु पा॑व्स,ருது பொவ்ஸ்,rutu po'vs,rutu pOvs,rutu pŏvs,ɾut̪u poʋs̪,monsoon,பருவ மழை,Seasons,words
ꢲꢶꢪꢸꢱ꣄ꢒꢵꢭ꣄,हिमुसुकाल,ஹிமுஸுகால்,himuskaal,himuskAl,himuskāl,ɦɪmus̪kɑːl,winter,பனிக்காலம்,Seasons,words
ꢲꢸꢪꢳꣁ,हिमळा॑,ஹிமளொ,humal'o',humaLO,humal̤ŏ,ɦuməɭo,winter,பனிக்காலம்,Seasons,words
ꢦꢸꢠ꣄ꢠꢶꢪ꣄,पुण्णिम,புண்ணிம்,punnim,puNNim,puṇṇim,puɳɳɪm,full moon,பெளர்ணமி,Seasons,words
ꢦꢹꢬ꣄ꢠꢶꢪꣁ,पूर्णिमा॑,பூர்ணிமொ,poornimo',pUrNimO,pūrṇimŏ,puːɾɳɪmo,full moon,பெளர்ணமி,Seasons,words
ꢮꢱꢥ꣄ꢡ ꢒꢵꢭ꣄,वसन्त काल,வஸந்த கால்,vasanta kaal,vasanta kAl,vasanta kāl,ʋəs̪ən̪t̪ə kɑːl,spring season,வசந்த காலம்,Seasons,words
ꢮꢱꢥ꣄ꢡ ꢬꢸꢡꢸ,वसन्त रुतु,வஸந்த ருது,vasanta rutu,vasanta rutu,vasanta rutu,ʋəs̪ən̪t̪ə ɾut̪u,spring season,வசந்த காலம்,Seasons,words
ꢏꢱ꣄ꢡꢵ ꢮꢬꣁ,आ॑स्ता वरा॑,ஒஸ்தா வரொ,o'staa varo',OstA varO,ŏstā varŏ,os̪t̪ɑː ʋəɾo,northwind,வாடை,Seasons,words
ꢲꢸꢥ꣄ꢥꣁ,हुन्ना॑,ஹுன்னொ,hunno',hunnO,hunnŏ,ɦun̪n̪o,heat,வெப்பம்,Seasons,words
ꢲꢹꢥꢸ ꢒꢵꢭ꣄,हूनु काल,ஹூனு கால்,hoonu kaal,hUnu kAl,hūnu kāl,ɦuːn̪u kɑːl,summer season,வேனிற்காலம்,Seasons,words
ꢔ꣄ꢬꢷꢰ꣄ꢪ ꢬꢸꢡꢸ,ग्रीष्म रुतु,க்3ரீஷ்ம ருது,greeshma rutu,grISma rutu,grīṣma rutu,gɾiːʂmə ɾut̪u,summer season,வேனிற்காலம்,Seasons,words
ꢂꢪ꣄ꢪꣁ,अम्मा॑,அம்மொ,ammo',ammO,ammŏ,əmmo,chickenpox,அம்மை,Health,words
ꢓꢮ꣄ꢙꢵꢮ꣄,खव्जाव,க2வ்ஜாவ்,khavjaav,khavjAv,khavjāv,kʰəʋd͡ʒɑːʋ,itching,அரிப்பு,Health,words
ꢓꢵꢱ꣄,खास,கா2ஸ்,khaas,khAs,khās,kʰɑːs̪,itching,அரிப்பு,Health,words
ꢗꢶꢥꢲꢸ,चिनहु,சின்ஹு,chinahu,cinahu,cinahu,t͡ʃɪn̪əɦu,sign,அறிகுறி,Health,words
ꢧꢜꢶꢥꢶ,फटिनि,ப2டினி,phat'ini,phaTini,phaṭini,pʰəʈɪn̪ɪ,operation,அறுவை,Health,words
ꢂꢙꢷꢬ꣄ꢥꢸ,अजीर्णु,அஜீர்ணு,ajeernu,ajIrnu,ajīrnu,əd͡ʒiːɾn̪u,indigestion,அஜீரணம்,Health,words
ꢱꣃꢒ꣄ꢫꢪ꣄,सौक्यम्,ஸௌக்யம்,saukyam,saukyam,saukyam,s̪əukjəm,health,ஆரோக்கியம்,Health,words
ꢂꢱ꣄ꢦꢡ꣄ꢡꢶꢬꢶ,अस्पत्तिरि,அஸ்பத்திரி,aspattiri,aspattiri,aspattiri,əs̪pət̪t̪ɪɾɪ,hospital,ஆஸ்பத்திரி,Health,words
ꢃꢱꢸ ꢩꢣ꣄ꢬꢶ,आसु भद्रि,ஆஸு ப4த்3ரி,aasu bhadri,Asu bhadri,āsu bhadri,ɑːs̪u bʰəd̪ɾɪ,hospital,ஆஸ்பத்திரி,Health,words
ꢓꣁꢮ꣄ꢭꣁ,खा॑व्ला॑,கொ2வ்லொ,kho'vlo',khOvlO,khŏvlŏ,kʰoʋlo,cough,இருமல்,Health,words
ꢱꢮ꣄ꢬꢶꢫꢪ꣄,सव्रियम्,ஸௌரியம்,savriyam,savriyam,savriyam,s̪əʋɾɪjəm,health,உடல் நலம்,Health,words
ꢒꢾꢠ꣄ꢜꢵꢦꢷꢭ꣄,क॑ण्टापील्,கெண்டாபீள்,ke'nt'aapeel,kENTApIl,kĕṇṭāpīl,keɳʈɑːpiːl,sprain,சுளுக்கு,Health,words
ꢄꢥ꣄ꢒꢶꢥꢶ,इन्किनि,இண்கினி,inkini,inkini,inkini,ɪn̪kɪn̪ɪ,sprain,சுளுக்கு,Health,words
ꢩꢸꢬꢸꢩꢸꢬꢵꢭ꣄,भुरुभुराल,பு4ருபு4ரால்,bhurubhuraal,bhurubhurAl,bhurubhurāl,bʰuɾubʰuɾɑːl,itching,ஊரல்,Health,words
ꢦꢬꢸꢒꢾꢬ꣄ꢥꢶ,परुक॑र्नि,பருகெர்னி,paruke'rni,parukErni,parukĕrni,pəɾukeɾn̪ɪ,reaction,எதிர்விளைவு,Health,words
ꢙꢵꢳ꣄,जाळ,ஜாள்,jaal',jAL,jāl̤,d͡ʒɑːɭ,burning,எரிச்சல்,Health,words
ꢲꢜ꣄ꢒꣁ ꢪꢸꢞꢶꢥꢶ,हट्का॑ मुडिनि,ஹட்கொ முடி3னி,hat'ko' mud'ini,haTkO muDini,haṭkŏ muḍini,ɦəʈko muɖɪn̪ɪ,fracture,எலும்பு முறிவு,Health,words
ꢲꣁꢥꢵꢱ꣄ꢡꢾ,होनास्ते,ஹோனாஸ்தே,ho'naaste',hOnAstE,hŏnāstĕ,ɦon̪ɑːs̪t̪e,allergy,ஒவ்வாமை,Health,words
ꢗꢾꢬ꣄ꢥꢵꢱ꣄ꢡꢾ,च॑र्नास्ते,செர்னாஸ்தே,che'rnaaste',cErnAstE,cĕrnāstĕ,t͡ʃeɾn̪ɑːs̪t̪e,allergy,ஒவ்வாமை,Health,words
ꢤꢾꢬ꣄ꢥꢵꢱ꣄ꢡꢾ,ध॑र्नास्ते,தெ4ர்னாஸ்தே,dhe'rnaaste',dhErnAstE,dhĕrnāstĕ,d̪ʰeɾn̪ɑːs̪t̪e,allergy,ஒவ்வாமை,Health,words
ꢮꢪꢶ,वमि,வமி,vami,vami,vami,ʋəmɪ,vomitting,கக்கல்,Health,words
ꢏꢔꢬꢶ,आ॑गरि,ஒக3ரி,o'gari,Ogari,ŏgari,ogəɾɪ,vomitting,கக்கல்,Health,words
ꢮꢵꢥ꣄ꢣꢶ,वान्दि,வாந்தி3,vaandi,vAndi,vāndi,ʋɑːn̪d̪ɪ,vomitting,கக்கல்,Health,words
ꢬꢾꢔꢡ꣄ ꢔꢾꢳ꣄꣄ꢥꢶ,र॑गत ग॑ळ्नि,ரெக3த் கெ3ள்னி,re'gat ge'l'ni,rEgat gELni,rĕgat gĕl̤ni,ɾegət̪ geɭn̪ɪ,bleeding,ரத்தகசிவு,Health,words
ꢣꣁꢳꢵ ꢣꢸꢮ꣄ꢥꣁ,दोळा दुव्नो,தொ3ளா து3வ்னொ,do'l'aa duvno',dOLA duvnO,dŏl̤ā duvnŏ,d̪oɭɑː d̪uʋn̪o,pink-eye,கண்வலி,Health,words
ꢔꢾꢬꢳ꣄,गेरळ,கெ3ரள்,ge'ral',gEraL,gĕral̤,geɾəɭ,phlegm,கபம்,Health,words
ꢔꢬ꣄ꢩꢸ ꢲꢵꢥꢶ,गर्भु हानि,க3ர்பு4 ஹானி,garbhu haani,garbhu hAni,garbhu hāni,gəɾbʰu ɦɑːn̪ɪ,abortion,கருச்சிதைப்பு,Health,words
ꢔꢬ꣄ꢩꢸ ꢥꢶꢬꣁꢣ꣄,गर्भु निरोद,க3ர்பு4நிரோத்3,garbhu niro'd,garbhu nirOd,garbhu nirŏd,gəɾbʰu n̪ɪɾod̪,contraception,கருத்தடை,Health,words
ꢭꢮꢥ꣄ ꢲꣁꢔꢡ꣄,लवन हा॑गत्,லவன்ஹொக3த்,lavan ho'gat,lavan hOgat,lavan hŏgat,ləʋən̪ ɦogət̪,ointment,களிம்பு,Health,words
ꢱꢷꢥ꣄,सीन्,ஸீன்,seen,sIn,sīn,s̪iːn̪,fatigue,களைப்பு,Health,words
ꢲꢜ꣄ꢒꣂ ꢡꢶꢙꢫ꣄ꢥꢶ,हट्का॑ तिजय्नि,ஹட்கொதி3ஜய்னி,hat'ko tijayni,haTko tijayni,haṭko tijayni,ɦəʈkoː t̪ɪd͡ʒəjn̪ɪ,tuberculosis,காசநோய்,Health,words
ꢒꢵꢥꢸ꣄ ꢣꢸꢮ꣄ꢥꣁ,कानु दुव्ना॑,கானுது3வ்னொ,kaanu duvno',kAnu duvnO,kān_ŭ duvnŏ,kɑːn̪u d̪uʋn̪o,ear ache,காதுவலி,Health,words
ꢒꢪꢵꢭ꣄,कमाल्,கமால்,kamaal,kamAl,kamāl,kəmɑːl,jaundice,காமாலை,Health,words
ꢃꢖ꣄ꢔꢸ ꢲꢸꢥ꣄ꢥꣁ,आङगु हुन्ना॑,ஆங்கு3ஹுன்னொ,aangu hunno',AGgu hunnO,āṅgu hunnŏ,ɑːŋgu ɦun̪n̪o,fever,காய்ச்சல்,Health,words
ꢡꢵꢦ꣄,ताप,தாப்,taap,tAp,tāp,t̪ɑːp,fever,காய்ச்சல்,Health,words
ꢦꢵꢄ~ ꢃꢠꢶ,पाइ~ आणि,பாஇ~ஆணி,paai~ aani,pAi~ ANi,pāi~ āṇi,pɑːɪ~ ɑːɳɪ,corns,காலாணி,Health,words
ꢒꢺꢪꢶ ꢥꢵꢱꢶꢥꢶ,कृमि नासिनि,க்ருமிநாஸினி,kri'mi naasini,kRmi nAsini,kṛmi nāsini,kɾɨmɪ n̪ɑːs̪ɪn̪ɪ,anti septic,கிருமிநாசினி,Health,words
ꢦꢶꢱꣁ,पिसा॑,பிஸொ,piso',pisO,pisŏ,pɪs̪o,lunacy,கிறுக்கு,Health,words
ꢂꢥ꣄ꢡ꣄ꢬꢵꢪꢸ ꢓꢙ꣄ꢙꢸ,अन्त्रामु खज्जु,அந்த்ராமுக2ஜ்ஜு,antraamu khajju,antrAmu khajju,antrāmu khajju,ən̪t̪ɾɑːmu kʰəd͡ʒd͡ʒu,ulcer,குடற்புண்,Health,words
ꢮꢵꢪꢶ,वामि,வாமி,vaami,vAmi,vāmi,ʋɑːmɪ,nausea,குமட்டல்,Health,words
ꢏꢔꢬꢶ,आ॑गरि,ஒக3ரி,o'gari,Ogari,ŏgari,ogəɾɪ,nausea,குமட்டல்,Health,words
ꢔꣁꢳꢶ,गा॑ळि,கொ3ளி,go'l'i,gOLi,gŏl̤i,goɭɪ,"tablet, pill",குளிகை,Health,words
ꢦꢷꢦ꣄,पीप्,பீப்,peep,pIp,pīp,piːp,puss,"சலம், சீழ்",Health,words
ꢦꣁꢜ꣄ꢱꢾ,पा॑ट्स॑,பொட்ஸெ,po't'se',pOTsE,pŏṭsĕ,poʈs̪e,cold,சளி,Health,words
ꢱꢶꢒꢶꢡ꣄ꢱꣁ,चिकित्सा॑,சிகித்ஸொ,sikitso',sikitsO,sikitsŏ,s̪ɪkɪt̪s̪o,treatment,சிகிச்சை,Health,words
ꢓꢙ꣄ꢙꢸ,खज्जु,க2ஜ்ஜு,khajju,khajju,khajju,kʰəd͡ʒd͡ʒu,scabies,சிரங்கு,Health,words
ꢣꢾꢮꢶ,द॑वि,தெ3வி,de'vi,dEvi,dĕvi,d̪eʋɪ,small pox,சின்னம்மை,Health,words
ꢪꢭꢦ꣄ꢬꢮꢵꢲꢪ꣄,मलप्रवाहम्,மலப்ரவாஹம்,malapravaaham,malapravAham,malapravāham,mələpɾəʋɑːɦəm,dysentery,சீதபேதி,Health,words
ꢦꢷꢦꢸ ꢔꢾꢞ꣄ꢞꣁ,पीपु ग॑ड्डा॑,பீபு கெ3ட்3டொ3,peepu ge'd'd'o',pIpu gEDDO,pīpu gĕḍḍŏ,piːpu geɖɖo,abscess,சீழ்க்கட்டி,Health,words
ꢄꢠ꣄ꢒꢶꢥꢶ,इण्किनि,இண்கினி,inkini,iNkini,iṇkini,ɪɳkɪn̪ɪ,sprain,சுளுக்கு,Health,words
ꢱꢾꢮꢒꢷ,सेवकी,ஸேவகீ,se'vakee,sEvakI,sĕvakī,s̪eʋəkiː,nurse,செவிலி,Health,words
ꢱꢸꢱ꣄ꢬꢸꢱꣁ ꢒꢾꢬ꣄ꢥꢵꢬ꣄,सुस्रुसा॑ क॑र्नार,ஸுஸ்ருஸொ கெர்னார்,susruso' ke'rnaar,susrusO kErnAr,susrusŏ kĕrnār,s̪us̪ɾus̪o keɾn̪ɑːɾ,nurse,செவிலி,Health,words
ꢓꢵꢱ꣄ꢦꣁꢜ꣄ꢜꢸ,खासपा॑ट्टु,கா2ஸுபொட்டு,khaaspo't't'u,khAspOTTu,khāspŏṭṭu,kʰɑːs̪poʈʈu,scabies,சொறி,Health,words
ꢓꢵꢱ꣄ꢓꢙ꣄ꢙꢸ,खास्खज्जु,கா2ஸ்க2ஜ்ஜு,khaaskhajju,khAskhajju,khāskhajju,kʰɑːs̪kʰəd͡ʒd͡ʒu,scabies,சொறி சிரங்கு,Health,words
ꢧꢸꢔ꣄ꢥꢶ,फुग्नि,பு2க்3னி,phugni,phugni,phugni,pʰugn̪ɪ,"hives, swelling",தடிப்பு,Health,words
ꢙꢵꢒ꣄ꢬꢡ ꢱꢶꢮꢶ ꢲꣁꢒꢡ꣄,जाक्रत सिवि हा॑कत्,ஜாக்ரத ஸிவி ஹொக3த்,jaakrata sivi ho'kat,jAkrata sivi hOkat,jākrata sivi hŏkat,d͡ʒɑːkɾət̪ə s̪ɪʋɪ ɦokət̪,preventive injections,தடுப்பு ஊசி,Health,words
ꢙꢵꢒ꣄ꢬꢡ ꢲꣁꢒꢡ꣄,जाक्रत हा॑कत्,ஜாக்ரதஹொகத்,jaakrata ho'kat,jAkrata hOkat,jākrata hŏkat,d͡ʒɑːkɾət̪ə ɦokət̪,vaccine,தடுப்பு மருந்து,Health,words
ꢣꣁꢱ꣄ꢒꢵ ꢣꢸꢮ꣄ꢥꣁ,ता॑स्का दुव्ना॑,தொ3ஸ்காது3வ்னொ,do'skaa duvno',dOskA duvnO,dŏskā duvnŏ,d̪os̪kɑː d̪uʋn̪o,headache,தலைவலி,Health,words
ꢱꢶꢔꢶꢬ꣄,सिगिर्,ஸிகி3ர்,sigir,sigir,sigir,s̪ɪgɪɾ,sneezing,தும்மல்,Health,words
ꢱꢶꢔꢸꢬ꣄,सिगुर्,ஸிகு3ர்,sigur,sigur,sigur,s̪ɪguɾ,sneezing,தும்மல்,Health,words
ꢱꢷꢒ꣄,सीक,ஸீக்,seek,sIk,sīk,s̪iːk,sneezing,தும்மல்,Health,words
ꢱꢶꢮ꣄ꢥꢶ,सिव्नि,ஸிவ்னி,sivni,sivni,sivni,s̪ɪʋn̪ɪ,suture,தையல்,Health,words
ꢡꢾꢫ꣄ꢭ꣄,त॑य्ल,தெய்ல்,te'yl,tEyl,tĕyl,t̪ejl,medicated oil,தைலம்,Health,words
ꢬꣁꢔ꣄ ꢦꢾꢬ꣄ꢦꢶꢥꢶ,रोग प॑र्पिनि,ரோக்3பெர்பினி,ro'g pe'rpini,rOg pErpini,rŏg pĕrpini,ɾog peɾpɪn̪ɪ,infection,தொற்று,Health,words
ꢤꢾꢭ꣄ꢥꢶ ꢮ꣄ꢫꢵꢤꢶ,ध॑ल्नि व्याधि,தெ4ல்னிவ்யாதி4,dhe'lni vyaadhi,dhElni vyAdhi,dhĕlni vyādhi,d̪ʰeln̪ɪ ʋjɑːd̪ʰɪ,contagious disease,தொற்று நோய்,Health,words
ꢒꢾꢠ꣄ꢞꢵ ꢬꣂꢒ꣄,क॑ण्डा रोग,கெண்டா3 ரோக்3,ke'nd'aa rok,kENDA rok,kĕṇḍā rok,keɳɖɑː ɾoːk,skin disease,தோல் நோய்,Health,words
ꢱꢾꢒ꣄ꢒꢬꢸ ꢒꣁꢳꢵꢬ꣄,स॑क्करुकोळार्,ஸெக்கருகொளார்,se'kkaru ko'l'aar,sEkkaru kOLAr,sĕkkaru kŏl̤ār,s̪ekkəɾu koɭɑːɾ,diabetes,நீரிழிவு,Health,words
ꢮꢶꢫꢵꢣꢶꢱ꣄ꢢꢸ,वियादिस्थु,வியாதி3ஸ்து2,viyaadisthu,viyAdisthu,viyādisthu,ʋɪjɑːd̪ɪs̪t̪ʰu,patient,நோயாளி,Health,words
ꢬꣂꢔꢶ,रोगि,ரோகி3,rogi,rogi,rogi,ɾoːgɪ,patient,நோயாளி,Health,words
ꢬꣂꢔ꣄ ꢔ꣄ꢬꢱ꣄ꢡꢶ,रोग ग्रस्ति,ரோக்3க்3ரஸ்தி,rog grasti,rog grasti,rog grasti,ɾoːg gɾəs̪t̪ɪ,patient,நோயாளி,Health,words
ꢣꢸꢮ꣄ꢥꣁ,दुव्ना॑,து3வ்னொ,duvno',duvnO,duvnŏ,d̪uʋn̪o,pain,நோவு,Health,words
ꢦꢬ꣄ꢱ ꢮꢵꢫꢸ,पर्सवायु,பர்ஸவாயு,parsa vaayu,parsa vAyu,parsa vāyu,pəɾs̪ə ʋɑːju,paralysis,பக்கவாதம்,Health,words
ꢦꢵꢬ꣄ꢱ꣄ꢮ ꢮꢵꢫꢸ,पार्स्व वायु,பார்ஸ்வவாயு,paarsva vaayu,pArsva vAyu,pārsva vāyu,pɑːɾs̪ʋə ʋɑːju,paralysis,பக்கவாதம்,Health,words
ꢒꢶꢜꢵꢗꢸꢜ꣄ꢜꢸ,किटाचुट्टु,கிடாசுட்டு,kit'aachut't'u,kiTAcuTTu,kiṭācuṭṭu,kɪʈɑːt͡ʃuʈʈu,ring worm,படர்தாமரை,Health,words
ꢓꢵꢱ꣄,खास्,கா2ஸ்,khaas,khAs,khās,kʰɑːs̪,eczema,படை,Health,words
ꢪꣁꢞ꣄ꢪꢾ,माअ॑ड्म॑,மொட்3மெ,mo'd'me',mODmE,mŏḍmĕ,moɖme,pimple,பரு,Health,words
ꢪꣁꢠ꣄ꢪꢾ,मा॑ण्म॑,மொண்மெ,mo'nme',mONmE,mŏṇmĕ,moɳme,pimple,பரு,Health,words
ꢣꢵꢣꢸ ꢣꢸꢮ꣄ꢥꣁ,दातु दुव्ना॑,தா3து து3வ்னொ,daadu duvno',dAdu duvnO,dādu duvnŏ,d̪ɑːd̪u d̪uʋn̪o,tooth-ache,பல்வலி,Health,words
ꢣꢵꢣꢸ ꢦꣁꢭ꣄ꢭꢪ꣄,दादु पा॑ल्लम्,தா3துபொல்லம்,daadu po'llam,dAdu pOllam,dādu pŏllam,d̪ɑːd̪u polləm,tooth cavity,பற்குழி,Health,words
ꢦꢾꢫ꣄ꢡ꣄ꢡꢸ,प॑य्त्तु,பெய்த்து,pe'yttu,pEyttu,pĕyttu,pejt̪t̪u,bile,பித்தம்,Health,words
ꢙꢬ꣄ꢒꢾꢪ꣄,जर्क॑म्,ஜர்கெம்,jarke'm,jarkEm,jarkĕm,d͡ʒəɾkem,delivery,பிரசவம்,Health,words
ꢙꢬ꣄ꢒꢾꢪꢸꢣꢸꢮ꣄ꢥꣁ,जर्क॑मु दुव्ना॑,ஜர்கெமுது3வ்னொ,jarke'muduvno',jarkEmuduvnO,jarkĕmuduvnŏ,d͡ʒəɾkemud̪uʋn̪o,labour pain,பிரசவவலி,Health,words
ꢦꢭ꣄ꢭꢶꢥꢶ ꢣꢸꢮ꣄ꢥꣁ,पल्लिनि दुव्ना॑,பல்லினி து3வ்னொ,pallini duvno',pallini duvnO,pallini duvnŏ,pəllɪn̪ɪ d̪uʋn̪o,labour pain,பிரசவவலி,Health,words
ꢦ꣄ꢬꢱꢮ ꢮꢾꢣꢥꣁ,प्रसव वेदना॑,ப்ரஸவ வேத3னொ,prasava ve'dano',prasava vEdanO,prasava vĕdanŏ,pɾəs̪əʋə ʋed̪ən̪o,labour pain,பிரசவவலி,Health,words
ꢆꢦꢩꢵꢤꣁ,उपबाधा॑,உபபா3தொ4,upabhaadho',upabhAdhO,upabhādhŏ,upəbʰɑːd̪ʰo,side effect,பின்விளைவு,Health,words
ꢆꢨꢵꢤꢒꣁ,उबाधका॑,உபா3த4கொ,ubaadhako',ubAdhakO,ubādhakŏ,ubɑːd̪ʰəko,side effect,பின்விளைவு,Health,words
ꢆꢦꢵꢤꣁ,उपाधा॑,உபாதொ4,upaadho',upAdhO,upādhŏ,upɑːd̪ʰo,side effect,பின்விளைவு,Health,words
ꢧꢭ꣄ꢗꢵ ꢨꢵꢤꣁ,फल्चा बाधा॑,ப2ல்சா பா3தொ4,phalchaa baadho',phalcA bAdhO,phalcā bādhŏ,pʰəlt͡ʃɑː bɑːd̪ʰo,side effect,பின்விளைவு,Health,words
ꢓꢙ꣄ꢙꢸ,खज्जु,க2ஜ்ஜு,khajju,khajju,khajju,kʰəd͡ʒd͡ʒu,"sore, wound",புண்,Health,words
ꢦꢶꢱꣁ,पिसा॑,பிஸொ,piso',pisO,pisŏ,pɪs̪o,"lunacy, madness",பைத்தியம்,Health,words
ꢗꢸꢠ꣄ꢜꢸꢭ꣄,चुण्टुल्,சுண்டுல்,chunt'ul,cuNTul,cuṇṭul,t͡ʃuɳʈul,dandruff,பொடுகு,Health,words
ꢭꢷꢒ꣄,लीक्,லீக்,leek,lIk,līk,liːk,"Perlice, louse",பேன்முட்டை,Health,words
ꢪꣁꢱ꣄ꢒꢭ꣄,मा॑स्कल्,மொஸ்கல்,mo'skal,mOskal,mŏskal,mos̪kəl,morning sickness,மசக்கை,Health,words
ꢪꢾꢖ꣄ꢒꢶꢥꢶ,म॑ङकिनि,மெங்கினி,me'nkini,mEGkini,mĕṅkini,meŋkɪn̪ɪ,"drowsiness, fainting",மயக்கம்,Health,words
ꢮꣀꢣ꣄ꢫꢪ꣄,वैद्यम,வைத்3யம்,vaidyam,vaidyam,vaidyam,ʋəɪd̪jəm,treatment,மருத்துவம்,Health,words
ꢮꢣ꣄ꢫ ꢯꢵꢭꣁ,वद्यय शालो,வைத்3ய ஶாலொ,vadya shaalo',vadya zAlO,vadya śālŏ,ʋəd̪jə ʃɑːlo,hospital,மருத்துவமனை,Health,words
ꢪꢭ ꢨꢥ꣄ꢤꢪ꣄,मल बन्धम्,மலப3ந்த4ம்,mala bandham,mala bandham,mala bandham,mələ bən̪d̪ʰəm,constipation,மலச்சிக்கல்,Health,words
ꢪꣁꢥ꣄ꢥꢸ ꢒꣁꢳꢵꢬ꣄,मा॑न्नु का॑ळार्,மொன்னு கொளார்,mo'nnu ko'l'aar,mOnnu kOLAr,mŏnnu kŏl̤ār,mon̪n̪u koɭɑːɾ,"lunacy, hysteria",மனநோய்,Health,words
ꢔꣁꢳꢶ,गा॑ळि,கொ3ளி,go'l'i,gOLi,gŏl̤i,goɭɪ,tablet,மாத்திரை,Health,words
ꢩꢬꢵꢜ꣄ ꢦꢶꢱꢡ꣄ꢡꢾ,भराट्पिसत्ते,ப4ராட்பிஸஸ்தே,bharaat' pisatte',bharAT pisattE,bharāṭ pisattĕ,bʰəɾɑːʈ pɪs̪ət̪t̪e,menstruation,மாதவிடாய்,Health,words
ꢣꢹꢬ꣄ ꢬꢴꢥꢶ,दूर र्हनि,து3 தூ3ர்ர:நி,door rhani,dUr rhani,dūr rhani,d̪uːɾ ɾɦən̪ɪ,menstruation,மாதவிடாய்,Health,words
ꢲꢿꢪꢸ ꢣꢸꢮ꣄ꢥꣁ,हेमु दुव्ना॑,ஹேமு து3வ்னொ,hemu duvno',hemu duvnO,hemu duvnŏ,ɦeːmu d̪uʋn̪o,chest pain,மார்புவலி,Health,words
ꢔꢸꢠ꣄ꢜꢾꢪ꣄ ꢕꢵꢪ꣄,गुण्ट॑म्घाम्,கு3ண்டெம்கா4ம்,gunt'e'm ghaam,guNTEm ghAm,guṇṭĕm ghām,guɳʈem gʰɑːm,heart attack,மாரடைப்பு,Health,words
ꢧꣀꢭꣁ ꢏꢫ꣄ꢡꢦ꣄ꢦꢥ꣄,फैला॑ आ॑य्तप्पन्,பை2லாஒய்தபன்,phailo' o'ytappan,phailO Oytappan,phailŏ ŏytappan,pʰəɪlo ojt̪əppən̪,first-aid,முதலுதவி,Health,words
ꢪꢸꢞ꣄꣄ꢥꢶ,मुड्नि,முட்3ணி,mud'ni,muDni,muḍni,muɖn̪ɪ,fracture,முறிவு,Health,words
ꢔꢸꢞ꣄꣄ꢒꢵꢪ꣄ ꢣꢸꢮ꣄ꢥꣁ,गुड्काम दुव्ना॑,கு3ட்3கா3து3வ்னொ,gud'kaam duvno',guDkAm duvnO,guḍkām duvnŏ,guɖkɑːm d̪uʋn̪o,arthritis,மூட்டுவலி,Health,words
ꢪꢹꢭꢪꢸ ꢒꣁꢳꢵꢬ꣄,मूलमु का॑ळार्,முலமுகொளார்,moolamu ko'l'aar,mUlamu kOLAr,mūlamu kŏl̤ār,muːləmu koɭɑːɾ,piles,மூலநோய்,Health,words
ꢬꢾꢔꢡ꣄ ꢮꢿꢔ꣄,र॑गत्वेग्,ரெக3த்வேக்3,re'gat veg,rEgat veg,rĕgat veg,ɾegət̪ ʋeːg,blood pressure,ரத்த அழுத்தம்,Health,words
ꢬꣁꢪꢣꢸ ꢨꢶꢱ꣄ꢱꣁ,र॑गतु बिस्सा॑,ரெக3துபி3ஸ்ஸொ,ro'madu bisso',rOmadu bissO,rŏmadu bissŏ,ɾoməd̪u bɪs̪s̪o,blood pressure,ரத்த அழுத்தம்,Health,words
ꢬꢾꢔꢡꢸ ꢲꢷꢥ꣄,र॑गतु हीन,ரெக3து ஹீன்,re'gatu heen,rEgatu hIn,rĕgatu hīn,ɾegət̪u ɦiːn̪,anaemia,ரத்தச் சோகை,Health,words
ꢭꢿꢒꢶꢫꢪ꣄,लेकियम्,லேகியம்,lekiyam,lekiyam,lekiyam,leːkɪjəm,health tonic,லேகியம்,Health,words
ꢮꢭꢶꢮ꣄,वलिव,வலிவ்,valiv,valiv,valiv,ʋəlɪʋ,fits,வலிப்பு,Health,words
ꢪꣁꢳꢶꢶ ꢣꢸꢮ꣄ꢥꣁ,मा॑ळि दुव्ना॑,மொளி து3வ்னொ,mo'l'ii duvno',mOLii duvnO,mŏl̤ii duvnŏ,moɭɪɪ d̪uʋn̪o,rheumatism,மூட்டுவலி,Health,words
ꢪꢸꢭꢪꢸꢒ꣄ ꢒꣁꢳꢵꢬ꣄,मुलमुक का॑ळार,மூலமுக் கொளார்,mulamuk ko'l'aar,mulamuk kOLAr,mulamuk kŏl̤ār,muləmuk koɭɑːɾ,piles,மூலனோய்,Health,words
ꢮꢪ꣄ꢥꢶ,वम्नि,வம்னி,vamni,vamni,vamni,ʋəmn̪ɪ,vomitting,வாந்தி,Health,words
ꢡꣂꢠꢹꢓꢙ꣄ꢙꢸ,तोणुखज्जु,தோணுக2ஜ்ஜு,tonookhajju,toNUkhajju,toṇūkhajju,t̪oːɳuːkʰəd͡ʒd͡ʒu,sore mouth,வாய்ப்புண்,Health,words
ꢮꢵꢫꢹ,वायू,வாயூ,vaayoo,vAyU,vāyū,ʋɑːjuː,flatulence,வாய்வு,Health,words
ꢄꢱ꣄ꢒꢶ,इस्कि,இஸ்கி,iski,iski,iski,ɪs̪kɪ,hic-cough,விக்கல்,Health,words
ꢱꢹꢡ꣄,सूत,ஸூத்,soot,sUt,sūt,s̪uːt̪,"Swelling, boil",வீக்கம்,Health,words
ꢨꢸꢬꢸꢞꣁ,बुरुडा॑,பு3ருடொ3 பு2க்3நி,burud'o',buruDO,buruḍŏ,buɾuɖo,"Swelling, boil",வீக்கம்,Health,words
ꢧꢸꢔ꣄ꢥꢶ,फुग्नि,பு3ருடொ3 பு2க்3நி,phugni,phugni,phugni,pʰugn̪ɪ,"Swelling, boil",வீக்கம்,Health,words
ꢨꢵꢣꣁ,बादा॑,பா3தொ3,baado',bAdO,bādŏ,bɑːd̪o,pain,வேதனை,Health,words
ꢲꢶꢬ,हिर,ஹிர,hira,hira,hira,ɦɪɾə,orange,ஆரஞ்சு,Colors,words
ꢥꢡ꣄ꢡꢭ꣄,नत्तल,நத்தல்,nattal,nattal,nattal,n̪ət̪t̪əl,blood red,இரத்தச்சிவப்பு,Colors,words
ꢒꣁꢪ꣄ꢨꢳꢮꢥꢶ,का॑म्ब्ळवनि,கொம்ப்3ளவனி,ko'mbal'avani,kOmbaLavani,kŏmbal̤avani,kombəɭəʋən̪ɪ,light colour,இளநிறம்,Colors,words
ꢒꣁꢪ꣄ꢨꢳ ꢦꣁꢭ꣄ꢱꣁ,का॑म्ब्ळपा॑ल्सा॑,கொம்ப்3ளபொல்ஸொ,ko'mbal'a po'lso',kOmbaLa pOlsO,kŏmbal̤a pŏlsŏ,kombəɭə pols̪o,light green,இளம் பச்சை,Colors,words
ꢙꢾꢪ꣄ꢨ꣄ꢳ,जेम्ब्ळ,ஜெம்ப்3ள,je'mbl'a,jEmbLa,jĕmbl̤a,d͡ʒembɭə,violet,ஊதா,Colors,words
ꢒꢳꣁ,कळा॑,களொ,kal'o',kaLO,kal̤ŏ,kəɭo,dark,கருநிறம்,Colors,words
ꢥꢶꢳꣁ,निळा॑,நிளொ,nil'o',niLO,nil̤ŏ,n̪ɪɭo,dark blue,கருநீலம்,Colors,words
ꢕꢾꢞꢶ ꢦꣁꢭ꣄ꢱꣁ,घ॑डिपा॑ल्सा॑,கெ4டி3பொல்ஸொ,ghe'd'i po'lso',ghEDi pOlsO,ghĕḍi pŏlsŏ,gʰeɖɪ pols̪o,dark green,கரும்பச்சை,Colors,words
ꢒꢳ,कळ,கள,kal'a,kaLa,kal̤a,kəɭə,black,கறுப்பு,Colors,words
ꢒꢵꢰ꣄ꢜꢸ,काष्टु,காஷ்டு,kaasht'u,kASTu,kāṣṭu,kɑːʂʈu,saffron,காவி,Colors,words
ꢬꢪꢵ ꢦꣁꢭ꣄ꢱꣁ,रमापाअ॑ल्सा॑,ரமாபொல்ஸொ,ramaa po'lso',ramA pOlsO,ramā pŏlsŏ,ɾəmɑː pols̪o,parrot green,கிளிப்பச்சை,Colors,words
ꢱꢶꢬ꣄ꢒ꣄ꢒꢥ꣄,सिर्क्कन,ஸிர்க்கன்,sirkkan,sirkkan,sirkkan,s̪ɪɾkkən̪,sandal/ cream,சந்தணம்,Colors,words
ꢤꢹꢪ꣄ꢮꢥꢶ,धूम्वनि,தூ4ம்வனி,dhoomvani,dhUmvani,dhūmvani,d̪ʰuːmʋən̪ɪ,ash colour,சாம்பல்,Colors,words
ꢭꢴꣁꢮ꣄ꢮꣁ,ल्हा॑व्वो,லொ:வ்வொ,lho'vvo',lhOvvO,lhŏvvŏ,lɦoʋʋo,red,சிவப்பு,Colors,words
ꢥꢵꢬ꣄ꢪꢹꢞꢶ,नार्मूडि,நாற்மூடி3,naarmood'i,nArmUDi,nārmūḍi,n̪ɑːɾmuːɖɪ,,தவிட்டுநிறம்,Colors,words
ꢮꢥꢶ,वनि,வனி,vani,vani,vani,ʋən̪ɪ,colour,நிறம் / வண்ணம்,Colors,words
ꢯ꣄꣄ꢫꢵꢪꣁ,श्यामा॑,ஶ்யாமொ,shyaamo',zyAmO,śyāmŏ,ʃjɑːmo,blue,நீலம்,Colors,words
ꢥꢶꢭ,निल,நில,nila,nila,nila,n̪ɪlə,blue,நீலம்,Colors,words
ꢦꣁꢭ꣄ꢱꣁ,पा॑ल्सा॑,பொல்ஸொ,po'lso',pOlsO,pŏlsŏ,pols̪o,green,பச்சை,Colors,words
ꢂꢳ꣄ꢞꢸꢥꣁ,हळ्डुना॑,ஹள்டு3னொ,al'd'uno',aLDunO,al̤ḍunŏ,əɭɖun̪o,yellow,மஞ்சள்,Colors,words
ꢆꢙꢵꢳ꣄,हुजाळ,ஹுஜாள்,ujaal',ujAL,ujāl̤,ud͡ʒɑːɭ,white,வெள்ளை,Colors,words
ꢂꢦꢱꢾꢔꢸꢥ꣄,अपस॑गुन,அபஸெகு3ன்,apase'gun,apasEgun,apasĕgun,əpəs̪egun̪,ill omen,அபசகுனம்,Ceremonies,words
ꢂꢪꢖ꣄ꢒꢭꢸ,अमङ्गलु,அமங்க3லு,amankalu,amaGkalu,amaṅkalu,əməŋkəlu,inauspicious,அமங்கலம்,Ceremonies,words
ꢪꢖ꣄ꢔꢭ ꢲꢶꢥ꣄,मङ्गल हीन,மங்க3ல ஹீன்,mangala hin,maGgala hin,maṅgala hin,məŋgələ ɦɪn̪,inauspicious,அமங்கலம்,Ceremonies,words
ꢨꣁꢮ꣄ꢥꢶ ꢦꢡ꣄ꢬꢶꢒꣁ,बा॑व्नि पत्रिका॑,பொ3வ்னி பத்ரிகொ,bo'vni patriko',bOvni patrikO,bŏvni patrikŏ,boʋn̪ɪ pət̪ɾɪko,invitation card,அழைப்பிதழ்,Ceremonies,words
ꢱ꣄ꢮꢵꢔꢡ ꢦꢡ꣄ꢬꢶꢒꣁ,स्वागत पत्रिका॑,ஸ்வாக3த பத்ரிகொ,svaagata patriko',svAgata patrikO,svāgata patrikŏ,s̪ʋɑːgət̪ə pət̪ɾɪko,invitation card,அழைப்பிதழ்,Ceremonies,words
ꢥꢶꢪꢥ꣄ꢡ꣄ꢬꢥ ꢦꢡ꣄ꢬꢶꢒꣁ,निमन्त्रन पत्रिका॑,நிமந்த்ரன பத்ரிகொ,nimantrana patriko',nimantrana patrikO,nimantrana patrikŏ,n̪ɪmən̪t̪ɾən̪ə pət̪ɾɪko,invitation card,அழைப்பிதழ்,Ceremonies,words
ꢨꣁꢮ꣄ꢥꢶ,बा॑व्नि,பொ3வ்னி,bo'vni,bOvni,bŏvni,boʋn̪ɪ,invitation,அழைப்பு,Ceremonies,words
ꢂꢗꢵꢬ꣄,अचार्,அசார்,achaar,acAr,acār,ət͡ʃɑːɾ,custom,ஆசாரம்,Ceremonies,words
ꢣꢷꢮꢥꣁ,दीवना॑,தீ3வனொ,deevano',dIvanO,dīvanŏ,d̪iːʋən̪o,blessing,ஆசீர்வாதம்,Ceremonies,words
ꢃꢱꢶꢬ꣄ꢮꢵꢣ꣄,आसिर्वाद,ஆஸிர்வாத்3,aasirvaad,AsirvAd,āsirvād,ɑːs̪ɪɾʋɑːd̪,blessing,ஆசீர்வாதம்,Ceremonies,words
ꢆꢦꢮꢵꢱ꣄,उपवास,உபவாஸ்,upavaas,upavAs,upavās,upəʋɑːs̪,fasting,உபவாசம்,Ceremonies,words
ꢏꢔꢡ꣄,आ॑गत,ஒக3த்,o'gat,Ogat,ŏgat,ogət̪,fasting,உபவாசம்,Ceremonies,words
ꢔꣁꢬꢸ ꢤꢾꢬ꣄ꢥꢶ,गा॑रु ध॑र्नि,கொ3ரு தெ4ர்னி,go'ru dhe'rni,gOru dhErni,gŏru dhĕrni,goɾu d̪ʰeɾn̪ɪ,bull fight,ஏறுதழுவல்,Ceremonies,words
ꢣꣁꢳꢵ ꢣꢶꢰ꣄ꢜꢶ,दा॑ळा दिष्टि,தொ3ளா தி3ஷ்டி,do'l'aa disht'i,dOLA diSTi,dŏl̤ā diṣṭi,d̪oɭɑː d̪ɪʂʈɪ,evil eye,கண்ணேறு,Ceremonies,words
ꢣꢺꢰ꣄ꢜꢶ,दृष्टि,த்ரு3ஷ்டி,dri'sht'i,dRSTi,dṛṣṭi,d̪ɾɨʂʈɪ,evil eye,கண்ணேறு,Ceremonies,words
ꢣꣁꢭ ꢦꣁꢞꢱ꣄ꢡꢾ,दा॑ळ पा॑डस्त॑,தொ3ள பொட3ஸ்தெ,do'la po'd'aste',dOla pODastE,dŏla pŏḍastĕ,d̪olə poɖəs̪t̪e,evil eye,கண்ணேறு,Ceremonies,words
ꢲꣁꢬꢵꢜ꣄,हा॑राट,ஹொராட்,ho'raat',hOrAT,hŏrāṭ,ɦoɾɑːʈ,marriage,கல்யாணம்/திருமணம்,Ceremonies,words
ꢮꢶꢮꢵꢲꣁ,विवाहा॑,விவாஹொ,vivaaho',vivAhO,vivāhŏ,ʋɪʋɑːɦo,marriage,கல்யாணம்/திருமணம்,Ceremonies,words
ꢦꢵꢠꢶ ꢔꢺꢲꢠꣁ,पाणि गृहणा॑,பாணி க்3ரஹணொ,paani gri'hano',pANi gRhaNO,pāṇi gṛhaṇŏ,pɑːɳɪ gɾɨɦəɳo,marriage,கல்யாணம்/திருமணம்,Ceremonies,words
ꢙꣁꢮꢳ꣄꣄,वल,ஜொவள்,jo'val',jOvaL,jŏval̤,d͡ʒoʋəɭ,ear boring ceremony,காதணிவிழா,Ceremonies,words
ꢒꢵꢥ꣄ ꢮꢶ,कन् वि,கான்வி,kaan vi,kAn vi,kān vi,kɑːn̪ ʋɪ,ear boring ceremony,காதணிவிழா,Ceremonies,words
ꢪ ꢶꢥ꣄ꢡꢶꢥꢶ,मि - न्दिनि,மி ந்தி3னி,ma intini,ma intini,ma intini,mə ɪn̪t̪ɪn̪ɪ,ear boring ceremony,காதணிவிழா,Ceremonies,words
ꢪꢴꢹꢬ꣄ꢡꢸ ꢓꢵꢪ꣄ꢦꢸ ꢱ꣄ꢢꢵꢦꢥꣁ,म्हूर्तु खाम्पु स्थापना॑,மூ:ர்துகா2ம்பு ஸ்தா2பனொ,mhoortu khaampu sthaapano',mhUrtu khAmpu sthApanO,mhūrtu khāmpu sthāpanŏ,mɦuːɾt̪u kʰɑːmpu s̪t̪ʰɑːpən̪o,planting a small branch of a banyan tree to grow as a symbol of marriage,கால்நடுதல்,Ceremonies,words
ꢒꢸꢭ ꢮꣁꢕꢭꢱ꣄ꢡꢾ,कुल वा॑घलस्त॑,குலவொக4லஸ்தே,kula vo'ghalaste',kula vOghalastE,kula vŏghalastĕ,kulə ʋogʰələs̪t̪e,the oral sound made during important occasions,குரவையிடுதல்,Ceremonies,words
ꢚꢠ꣄ꢞꢮ꣄ ꢲꢶꢖ꣄ꢔꢞ꣄ꢠꢶ,झण्डाव्हिङ्गड्णि,ஜ2ண்டா3வ் ஹிங்க3ட்3ணி,jhand'av hingad'ni,jhaNDav hiGgaDNi,jhaṇḍav hiṅgaḍṇi,d͡ʒʰəɳɖəʋ ɦɪŋgəɖɳɪ,flag hoisting ceremony of a temple,கொடி யேற்றுதல்,Ceremonies,words
ꢪꢸꢔ꣄ꢔꢸ,मुग्गु,முக்3கு3,muggu,muggu,muggu,muggu,floor decoration with rice or stone powder,கோலம்,Ceremonies,words
ꢱꢾꢔꢸꢥ꣄,स॑गुन,ஸெகு3ன்,se'gun,sEgun,sĕgun,s̪egun̪,omen,சகுனம்,Ceremonies,words
ꢱꢪ꣄ꢱ꣄ꢒꢵꢬ꣄,सम्स्कार,ஸம்ஸ்கார்,samskaar,samskAr,samskār,s̪əms̪kɑːɾ,ceremony,சடங்கு,Ceremonies,words
ꢱꢶꢬ꣄ꢒ꣄ꢒꢠꢸ ꢂꢪ꣄ꢨꢶꢭ꣄,सिर्क्कणु अम्बिल्,ஸிர்க்கணுஅம்பி3ல்,sirkkanu ambil,sirkkaNu ambil,sirkkaṇu ambil,s̪ɪɾkkəɳu əmbɪl,sandal paste,சந்தனக் குழம்பு,Ceremonies,words
ꢦ꣄ꢬꢿꢣꢸꢒ꣄ ꢔꢞ꣄ꢠꢶ,प्रेदुक गड्णि,ப்ரேது3க் க3ட்3ணி,preduk gad'ni,preduk gaDNi,preduk gaḍṇi,pɾeːd̪uk gəɖɳɪ,burial,சவ அடக்கம்,Ceremonies,words
ꢦ꣄ꢬꢾꢡ꣄ ꢢꣁꢮꢥ꣄ ꢱ꣄ꢢꢵꢥ꣄,प्रेत था॑वन स्थान,ப்ரேத் தொ2வன் ஸ்தா2ன்,pre't tho'van sthaan,prEt thOvan sthAn,prĕt thŏvan sthān,pɾet̪ t̪ʰoʋən̪ s̪t̪ʰɑːn̪,mortuary,சவக்கிடங்கு,Ceremonies,words
ꢦ꣄ꢬꢾꢣꢸꢦꣁꢭ꣄ꢭꢪ꣄,प्रेदुपोल्लम,ப்ரேது3பொல்லம்,pre'dupo'llam,prEdupOllam,prĕdupŏllam,pɾed̪upolləm,the pit where the burial is done,சவக்குழி,Ceremonies,words
ꢦ꣄ꢬꢾꢣꢸ ꢔꢬ꣄ꢡꣁ,प्रेदु ग्र्तो,ப்ரேது3 க3ர்தொ,pre'du garto',prEdu gartO,prĕdu gartŏ,pɾed̪u gəɾt̪o,the pit where the burial is done,சவக்குழி,Ceremonies,words
ꢦ꣄ꢬꢾꢣꢸꢦꢾꢞꢶ,प्रेदुप॑डि,ப்ரேது3பெடி3,pre'dupe'd'i,prEdupEDi,prĕdupĕḍi,pɾed̪upeɖɪ,coffin,சவப்பெட்டி,Ceremonies,words
ꢩꣁꢬꢠꢶ,भा॑ रणि,பொ4ரணி,bho'rani,bhOraNi,bhŏraṇi,bʰoɾəɳɪ,a small container,சிமிழ்,Ceremonies,words
ꢱꢶꢥ꣄ꢣꢪ꣄,सिन्दम,ஸிந்த3ம்,sindam,sindam,sindam,s̪ɪn̪d̪əm,ceremony for the pregnant woman,சீமந்தம்,Ceremonies,words
ꢱꢶꢔ꣄ꢬꢪ꣄,सिग्रम,ஸிக்3ரம்,sigram,sigram,sigram,s̪ɪgɾəm,money and new vessels given to the bridegroom on festival days by his parents in law,சீர்,Ceremonies,words
ꢦꣁꢭꣁ,प॑ला॑,பெலொ,po'lo',pOlO,pŏlŏ,polo,A cup like container,சொப்பு,Ceremonies,words
ꢛꢵꢥꢱ꣄ꢥꢵꢥ꣄,ञानस्नान,ஞானஸ்நான்,nyaanasnaan,JAnasnAn,ñānasnān,ɲɑːn̪əs̪n̪ɑːn̪,baptism,ஞானஸ்நானம்,Ceremonies,words
ꢣꢲꢥꣁ,दहना॑,த3ஹனொ,dahano',dahanO,dahanŏ,d̪əɦən̪o,funeral,தகனம்,Ceremonies,words
ꢡꢒ꣄ꢰ꣄ꢠꣁ,तक्ष्णा॑,தக்ஷணொ,takshno',takSNO,takṣṇŏ,t̪əkʂɳo,offering to the elders,தட்சிணை,Ceremonies,words
ꢡꢪ꣄ꢦꢡꢶ,दम्पति,த3ம்பதி,tampati,tampati,tampati,t̪əmpət̪ɪ,couple,தம்பதி,Ceremonies,words
ꢭꢾꢗ꣄ꢗꢾ,ल॑च्च॑,லெச்செ,le'chche',lEccE,lĕccĕ,let͡ʃt͡ʃe,talisman,தாயத்து,Ceremonies,words
ꢣꣁꢬꢶꢪ꣄ ꢨꣁꢜ꣄ꢜꢸ,दा॑रिम बा॑ट्टु,தொ3ரிம் பொ3ட்டு,do'rim bo't't'u,dOrim bOTTu,dŏrim bŏṭṭu,d̪oɾɪm boʈʈu,an ornament worn by women signifying that they are married and their husband is alive,தாலி,Ceremonies,words
ꢪꢵꢖ꣄ꢔꢭ꣄ꢫꢸ,माङगल्यु,மாங்க3ல்யு,maangalyu,mAGgalyu,māṅgalyu,mɑːŋgəlju,an ornament worn by women signifying that they are married and their husband is alive,தாலி,Ceremonies,words
ꢨꣁꢜ꣄ꢜꢸ ꢩꢥ꣄ꢣꢶ,बा॑ट्टु भन्दि,பொ3ட்டு ப4ந்தி,bo't't'u bhandi,bOTTu bhandi,bŏṭṭu bhandi,boʈʈu bʰən̪d̪ɪ,Tying of tali,தாலி கட்டு,Ceremonies,words
ꢲꣁꢬꢵꢜꢸ ꢱꢶꢔ꣄ꢬꢪ꣄,हा॑राटु सिग्रम्,ஹொராடு ஸிக்3ரம்,ho'raat'u sigram,hOrATu sigram,hŏrāṭu sigram,ɦoɾɑːʈu s̪ɪgɾəm,wedding gift,திருமண அன்பளிப்பு/பரிசு,Ceremonies,words
ꢲꣁꢬꢵꢜꢸ ꢩꣁꢔꢸꢪꢵꢥꢶ,हा॑राटु भा॑गुमानि,ஹொராடு பொகு3மானி,ho'raat'u bho'gumaani,hOrATu bhOgumAni,hŏrāṭu bhŏgumāni,ɦoɾɑːʈu bʰogumɑːn̪ɪ,wedding gift,திருமண அன்பளிப்பு/பரிசு,Ceremonies,words
ꢲꣁꢬꢵꢜꢸ ꢪꢠ꣄ꢣꢦ꣄,हा॑राटुमण्डप्,ஹொராடு மொண்ட3வ்,ho'raat'u mandap,hOrATu maNdap,hŏrāṭu maṇdap,ɦoɾɑːʈu məɳd̪əp,building where marriage ceremonies are conducted,திருமண மண்டபம்,Ceremonies,words
ꢡꢶꢥ꣄ꢥꢵꢳ꣄꣄,तिन्नाळ,தின்னாள்,tinnaal',tinnAL,tinnāl̤,t̪ɪn̪n̪ɑːɭ,festival/function,திருநாள்,Ceremonies,words
ꢱꢸꢦ ꢮꣀꢩꢮ꣄,सुप वैभव,ஸுப வைப4வ்,supa vaibhav,supa vaibhav,supa vaibhav,s̪upə ʋəɪbʰəʋ,festival/function,திருநாள்,Ceremonies,words
ꢱꢾꢥ꣄ꢥꢸ,स॑न्नु,ஸென்னு,se'nnu,sEnnu,sĕnnu,s̪en̪n̪u,festival,திருவிழா,Ceremonies,words
ꢮꣀꢩꢮ꣄,वैभव,வைப4வ்,vaibhav,vaibhav,vaibhav,ʋəɪbʰəʋ,festival,திருவிழா,Ceremonies,words
ꢡꢶꢥ꣄ꢥꢵꢳ꣄,तिन्नाळ,தின்னாள்,tinnaal',tinnAL,tinnāl̤,t̪ɪn̪n̪ɑːɭ,festival,திருவிழா,Ceremonies,words
ꢬꢾꢡ꣄ꢡꢸꢱꢾꢥ꣄ꢥꢸ,र॑त्तुस॑न्नु,ரெத்துஸென்னு,re'ttuse'nnu,rEttusEnnu,rĕttusĕnnu,ɾet̪t̪us̪en̪n̪u,car festival of a temple,தேர்த்திருவிழா,Ceremonies,words
ꢩꢶꢠ꣄ꢞꢶꢥꢶ,भिण्डिनि,பி4ண்டி3நி,bhind'ini,bhiNDini,bhiṇḍini,bʰɪɳɖɪn̪ɪ,"faith, belief",நம்பிக்கை,Ceremonies,words
ꢥꣁꢪ꣄ꢒꢾ,नोम्के,நொம்கெ,no'mke',nOmkE,nŏmkĕ,n̪omke,"faith, belief",நம்பிக்கை,Ceremonies,words
ꢱ꣄ꢮꢵꢔꢡꣁ,स्वागतो,ஸ்வாக3தொ,svaagato',svAgatO,svāgatŏ,s̪ʋɑːgət̪o,welcome,நல்வரவு,Ceremonies,words
ꢡꢸꢜ꣄ꢫꢵꢥꢸ ꢲꣁꢬꢵꢜ꣄,तुट्यानुहा॑राट्,துட்3யானுஹொராட்,tut'yaanu ho'raat',tuTyAnu hOrAT,tuṭyānu hŏrāṭ,t̪uʈjɑːn̪u ɦoɾɑːʈ,Muslim marriage,நிக்கா,Ceremonies,words
ꢕꢾꢜ꣄ꢜꢶꢮꢶꢞꣁ,ग॑ट्टिविडा॑,கெ4ட்டிவிடொ3,ghe't't'ivid'o',ghETTiviDO,ghĕṭṭiviḍŏ,gʰeʈʈɪʋɪɖo,betrothel ceremony,நிச்சயத்தாம்பூலம்,Ceremonies,words
ꢣꢿꢱ꣄,देस्,தே3ஸ்,des,des,des,d̪eːs̪,betrothel ceremony,நிச்சயதார்த்தம்,Ceremonies,words
ꢨꢠꢵꢭ꣄,बणाल्,ப3ணால்,banaal,baNAl,baṇāl,bəɳɑːl,crackers,பட்டாசு,Ceremonies,words
ꢦꣁꢜ꣄ꢜꢵꢱ꣄,पा॑ट्टास्,பொட்டாஸ்,po't't'aas,pOTTAs,pŏṭṭās,poʈʈɑːs̪,crackers,பட்டாசு,Ceremonies,words
ꢱꢪ꣄ꢱ꣄ꢒꢺꢡꢶ,सम्स्कृति,ஸம்ஸ்க்ருதி,samskri'ti,samskRti,samskṛti,s̪əms̪kɾɨt̪ɪ,culture,பண்பாடு,Ceremonies,words
ꢪꢮ꣄ꢞꣁ,मव्डा॑,மவ்டொ3,mavd'o',mavDO,mavḍŏ,məʋɖo,pandal,பந்தல்,Ceremonies,words
ꢦꢵꢡꢶ,पादि,பாதி3,paati,pAti,pāti,pɑːt̪ɪ,a row of people sitting/standing,பந்தி,Ceremonies,words
ꢦꢖ꣄ꢒ꣄ꢡꢶ,पङ्क्ति,பங்க்தி,pankti,paGkti,paṅkti,pəŋkt̪ɪ,a row of people sitting/standing,பந்தி,Ceremonies,words
ꢩꣁꢔꢸꢪꢵꢥ꣄,भा॑गुमान्,பொ4கு3மான்,bho'gumaan,bhOgumAn,bhŏgumān,bʰogumɑːn̪,gift,பரிசு,Ceremonies,words
ꢨꣁꢭꢶ,बा॑लि,பொ3லி,bo'li,bOli,bŏli,bolɪ,sacrifice,பலி,Ceremonies,words
ꢬꣂꢙꢵ ꢧꢹꢭꢸꢦꢥꢶ,रोजा फूलुपनि,ரோஜாபூ2லுபனி,rojaa phoolupani,rojA phUlupani,rojā phūlupani,ɾoːd͡ʒɑː pʰuːlupən̪ɪ,rose water,பன்னீர்,Ceremonies,words
ꢦꢥ꣄ꢥꢷꢬ꣄ ꢓꢸꢪ꣄ꢨꢵꢮ꣄,पन्नीर खुम्बाव,பன்னீர் கு2ம்பா3வ்,panneer khumbaav,pannIr khumbAv,pannīr khumbāv,pən̪n̪iːɾ kʰumbɑːʋ,rose water container to spray,பன்னீர்க்கும்பா,Ceremonies,words
ꢦꢵꢞꣁ,पाडा॑,பாடொ3,paad'o',pADO,pāḍŏ,pɑːɖo,bamboo stretcher to carry a corpse,பாடை,Ceremonies,words
ꢣꢹꢡ ꣄ꢲꢸꢥ꣄ꢥꣁ ꢒꢾꢬꢱ꣄ꢡꢾ,दूत हुन्ना॑ केरस्ते,தூ3த் ஹுன்னொ கெரஸ்தே,doota hunno' ke'raste',dUta hunnO kErastE,dūta hunnŏ kĕrastĕ,d̪uːt̪ə ɦun̪n̪o keɾəs̪t̪e,the milk boiling ceremony in house warming,பால்காய்ச்சுதல்,Ceremonies,words
ꢣꢹꢡ꣄ ꢡꢮꢱ꣄ꢡꢾ,दूत्तवस्ते,தூ3த் தவஸ்தே,doot tavaste',dUt tavastE,dūt tavastĕ,d̪uːt̪ t̪əʋəs̪t̪e,the milk boiling ceremony in house warming,பால்காய்ச்சுதல்,Ceremonies,words
ꢦꢶꢠ꣄ꢞꢸ,पिण्डु,பிண்டு3,pind'u,piNDu,piṇḍu,pɪɳɖu,the lump of food offered to the dead,பிண்டம்,Ceremonies,words
ꢆꢙꢾꢣꢶꢮꢱ꣄,उज॑ दिवस,உஜெதி3வஸ்,uje'divas,ujEdivas,ujĕdivas,ud͡ʒed̪ɪʋəs̪,birth day,பிறந்தநாள்,Ceremonies,words
ꢆꢙꢾ ꢣꢶꢥ꣄ꢥꢸ,उज॑ दिन्नु,உஜெ தி3ன்னு,uje' dinnu,ujE dinnu,ujĕ dinnu,ud͡ʒe d̪ɪn̪n̪u,birth day,பிறந்தநாள்,Ceremonies,words
ꢧꢹꢭꢸ ꢪꢸꢔ꣄ꢔꢸ,फूलुमुग्गु,பூ2லுமுக்3கு3,phoolu muggu,phUlu muggu,phūlu muggu,pʰuːlu muggu,floor decoration with flowers,பூக்கோலம்,Ceremonies,words
ꢔꢺꢲ ꢦ꣄ꢬꢮꢿꢱ꣄,गृह प्रवेस,க்ரு3ஹப் ப்ரவேஸ்,gri'ha praves,gRha praves,gṛha praves,gɾɨɦə pɾəʋeːs̪,the house warming ceremony,புதுமனைப் புகுவிழா,Ceremonies,words
ꢦꢸꢬꣁꢲꢶꢡ꣄,पुरोहित,புரோஹித்,puro'hit,purOhit,purŏhit,puɾoɦɪt̪,priest,புரோகிதன்,Ceremonies,words
ꢦꢸꢬꢾꢡ꣄,पुरेत,புரேத்,pure't,purEt,purĕt,puɾet̪,priest,புரோகிதன்,Ceremonies,words
ꢦꢸꢙꢬꢶ,पुजरि,புஜரி,pujari,pujari,pujari,pud͡ʒəɾɪ,priest,பூசாரி,Ceremonies,words
ꢗꢵꢭꢸ ꢮꢶꢱꢾꢯ꣄,चालु विसेष,சாலு விஸேஷ்,chaalu vise'sh,cAlu visEz,cālu visĕś,t͡ʃɑːlu ʋɪs̪eʃ,the celebration on attaintment of puberty by girls,பூப்புநீராட்டுவிழா,Ceremonies,words
ꢨꢾꢜ꣄ꢒꢶ ꢱꢵꢱ꣄ꢡꢾ,ब॑ट्कि सास्ते,பெ3ட்கி ஸாஸ்தே,be't'ki saaste',bETki sAstE,bĕṭki sāstĕ,beʈkɪ s̪ɑːs̪t̪e,seeing the girl to fix for the marriage,பெண்பார்த்தல்,Ceremonies,words
ꢥꢵꢪꢔꢬꢠꣁ,नामगरणा॑,நாம க3ரணொ,naamagarano',nAmagaraNO,nāmagaraṇŏ,n̪ɑːməgəɾəɳo,naming ceremony,பெயர்சூட்டுதல்,Ceremonies,words
ꢱꢾꢜ꣄ꢜꢶ,स॑ट्टि,ஸெட்டி,se't't'i,sETTi,sĕṭṭi,s̪eʈʈɪ,naming ceremony,பெயர்சூட்டுதல்,Ceremonies,words
ꢲꣁꢬꢵꢜꢸꢪꢮ꣄ꢞꣁ,हा॑राटु मव्डा॑,ஹொராடு மவ்டொ3,ho'raat'umavd'o',hOrATumavDO,hŏrāṭumavḍŏ,ɦoɾɑːʈuməʋɖo,marriage pandal,மணப்பந்தல்,Ceremonies,words
ꢥꣁꢮ꣄ꢬꢶ,ना॑व्रि,நொவ்ரி,no'vri,nOvri,nŏvri,n̪oʋɾɪ,bride,மணமகள்,Ceremonies,words
ꢥꣁꢮ꣄ꢬꣁ,ना॑व्रा॑,நொவ்ரொ,no'vro',nOvrO,nŏvrŏ,n̪oʋɾo,bridegroom,மணமகன்/ மாப்பிள்ளை/ வரன்,Ceremonies,words
ꢲꣁꢬꢵꢜꢸ ꢲꢵꢬ,हा॑राटु हार,ஹொராடுஹார்,ho'raat'u haara,hOrATu hAra,hŏrāṭu hāra,ɦoɾɑːʈu ɦɑːɾə,marriage garland,மணமாலை,Ceremonies,words
ꢲꣁꢬꢵꢜꢸ ꢦꢷꢝꢪ꣄,हा॑राटु पीठम्,ஹொராடு பீட2ம்,ho'raat'u peet'ham,hOrATu pITham,hŏrāṭu pīṭham,ɦoɾɑːʈu piːʈʰəm,marriage platform,மணமேடை,Ceremonies,words
ꢦꢣ꣄ꢣꢣꢶ,पद्दति,பத்3த3தி,paddadi,paddadi,paddadi,pəd̪d̪əd̪ɪ,tradition,மரபு,Ceremonies,words
ꢮꢡ꣄ꢒꢾ,वक॑,வட்கெ,vatke',vatkE,vatkĕ,ʋət̪ke,tradition,மரபு,Ceremonies,words
ꢦꢸꢥꢬ꣄ꢙꢾꢥ꣄ꢪꢸ,पुनर्ज॑न्मु,புனர்ஜென்மு,punarje'nmu,punarjEnmu,punarjĕnmu,pun̪əɾd͡ʒen̪mu,re-birth,மறுபிறவி,Ceremonies,words
ꢦꢷꢞꢸꢪꢸꢔ꣄ꢔꢸ,पीडुमुग्गु,பீடு3முக்3கு3,peed'umuggu,pIDumuggu,pīḍumuggu,piːɖumuggu,floor decoration with rice floor,மாக்கோலம்,Ceremonies,words
ꢲꢵꢬ꣄ꢧꢶꢬꢶꢕꢭ꣄ꢭꢶꢥꢶ,हार्फिरिघल्लिनि,ஹார் பி2ரி க4ல்லினி,haarphirighallini,hArphirighallini,hārphirighallini,ɦɑːɾpʰɪɾɪgʰəllɪn̪ɪ,exchanging garlands in marriage,மாலைமாற்றல்,Ceremonies,words
ꢪꢵꢭꣁ ꢪꢗ꣄ꢗꢸꢭꢱ꣄ꢡꢾ,माला॑ मच्चुलस्ते,மாலொமச்சுலஸ்தே,maalo' machchulaste',mAlO macculastE,mālŏ macculastĕ,mɑːlo mət͡ʃt͡ʃuləs̪t̪e,exchanging garlands in marriage,மாலைமாற்றல்,Ceremonies,words
ꢦꢵꢄ~ ꢪꢸꢣ꣄ꢣꢶ,पाइ~ मुद्दि,பாஇ~முத்3தி3,paai~ muddi,pAi~ muddi,pāi~ muddi,pɑːɪ~ mud̪d̪ɪ,silver rings put to the second toe of a bride,மிஞ்சி,Ceremonies,words
ꢮꢶꢛ꣄ꢗꢸ ꢨꣁꢜ꣄ꢜꢸ,विञ्चु बा॑ट्टु,விஞ்சுபொ3ட்டு,vinchu bo't't'u,viJcu bOTTu,viñcu bŏṭṭu,ʋɪɲt͡ʃu boʈʈu,silver rings put to the second toe of a bride,மிஞ்சி,Ceremonies,words
ꢒꢾꢥ꣄ꢥꢭ꣄,क॑न्नल,கென்னள்,ke'nnal,kEnnal,kĕnnal,ken̪n̪əl,offering money to the bride/bridegroom by relatives and friends,மொய்,Ceremonies,words
ꢪꢸꢣ꣄ꢣꢶꢪꢬ꣄ꢗꢸꢭꢱ꣄ꢡꢾ,मुद्दि मर्चुलस्ते,முத்3தி3 மர்சுலஸ்தே,muddimarchulaste',muddimarculastE,muddimarculastĕ,mud̪d̪ɪməɾt͡ʃuləs̪t̪e,exchange of rings during marriage or prior to it,மோதிரம் மாற்றல்,Ceremonies,words
ꢪꢴꢹꢬ꣄ꢡꢸ,म्हूर्तु,மூ:ர்து,mhoortu,mhUrtu,mhūrtu,mɦuːɾt̪u,the auspicious time,முகூர்த்தம்,Ceremonies,words
ꢭꢾꢔꢶꢥ꣄,ल॑गिन,லெகி3ன்,le'gin,lEgin,lĕgin,legɪn̪,the auspicious time,முகூர்த்தம்,Ceremonies,words
ꢪꢴꢸꢞꢨꢶꢠ꣄ꢞꢶꢥꢶ,म्हुडा बिण्डिनि,மு:டா3பி3ண்டி3னி,mhud'abind'ini,mhuDabiNDini,mhuḍabiṇḍini,mɦuɖəbɪɳɖɪn̪ɪ,superstition,மூட நம்பிக்கை,Ceremonies,words
ꢱ꣄ꢮꢵꢔꢣ꣄,स्वागद,ஸ்வாகத்3,svaagad,svAgad,svāgad,s̪ʋɑːgəd̪,reception,வரவேற்பு,Ceremonies,words
ꢒꣀꢥꣁ ꢧꢶꢬꢞ꣄ꢥꢶ,कैना॑ फिरड्नि,கைனொ பி2ரட்3னி,kaino' phirad'ni,kainO phiraDni,kainŏ phiraḍni,kəɪn̪o pʰɪɾəɖn̪ɪ,bangle wearing ceremony of pregnant woman,வளைகாப்பு,Ceremonies,words
ꢡꢥ꣄ꢣꢸ ꢡꣀꢥꢶ,तन्दु तैनि,தந்து3 தைனி,tandu taini,tandu taini,tandu taini,t̪ən̪d̪u t̪əɪn̪ɪ,putting rice to the mouth of the dead,வாய்க்கரிசி,Ceremonies,words
ꢥꢥ꣄ꢣꢶꢥꢶ,नन्दिनि,நந்தி3னி,nandini,nandini,nandini,n̪ən̪d̪ɪn̪ɪ,"blessing, greeting",வாழ்த்து,Ceremonies,words
ꢙꣁꢪꢥ꣄,जा॑मन्,ஜொமன்,jo'man,jOman,jŏman,d͡ʒomən̪,feast,விருந்து,Ceremonies,words
ꢮꣀꢩꢮ꣄,वैभव्,வைப4வ்,vaibhav,vaibhav,vaibhav,ʋəɪbʰəʋ,"ceremony, function, festival",விழா,Ceremonies,words
ꢔꣁꢬꢸ ꢆꢞ꣄ꢔꢠ꣄ꢠꢶ,गा॑रु उड्गण्णि,கொ3ரு உட்க3ண்ணி,go'ru ud'ganni,gOru uDgaNNi,gŏru uḍgaṇṇi,goɾu uɖgəɳɳɪ,Bull fight,ஜல்லிக்கட்டு,Ceremonies,words
ꢙꢬ꣄,जर,ஜர்,jar,jar,jar,d͡ʒəɾ,horoscope,ஜாதகம்,Ceremonies,words
ꢡ꣄ꢒꢾꢪ꣄ ꢦꢵꢥ꣄,त्क॑म्पान,த்கெம் பான்,tke'm paan,tkEm pAn,tkĕm pān,t̪kem pɑːn̪,horoscope,ஜாதகம்,Ceremonies,words
ꢂꢞꢸꢪꢹꢳ꣄,अडुमूळ,அடு3மூள்,ad'umool',aDumUL,aḍumūl̤,əɖumuːɭ,tap root,ஆணிவேர்,Plants,words
ꢬꢿꢒ꣄,रेक्,ரேக்,rek,rek,rek,ɾeːk,petal,பூவிதழ்,Plants,words
ꢣꢳꣁ,दळा॑,த3ளொ,dal'o',daLO,dal̤ŏ,d̪əɭo,petal,பூவிதழ்,Plants,words
ꢦꢵꢥ꣄,पान,பான்,paan,pAn,pān,pɑːn̪,leaf,இலை,Plants,words
ꢦꢵꢥꢸꢥꢾꢬꢪ꣄,पानुनेरम्,பானுநெரம்,paanune'ram,pAnunEram,pānunĕram,pɑːn̪un̪eɾəm,leaf venation,இலை நரம்பு,Plants,words
ꢔꢾꢠꢸꢒ꣄,ग॑णुक,கெ3ணுக்,ge'nuk,gENuk,gĕṇuk,geɳuk,node,கணு,Plants,words
ꢭꢫ꣄ꢞꣁ,लय्डा॑,லய்டொ3,layd'o',layDO,layḍŏ,ləjɖo,stick,கம்பு,Plants,words
ꢭꢔꢸꢞꣁ,लगुडा॑,லகு3டொ3,lagud'o',laguDO,laguḍŏ,ləguɖo,stick,கம்பு,Plants,words
ꢥꢴꢥ꣄ ꢚꢜ꣄ꢒꢶ,न्हन झट्कि,ந:ன் ஜ2ட்கி,nhan jhat'ki,nhan jhaTki,nhan jhaṭki,n̪ɦən̪ d͡ʒʰəʈkɪ,sapling,கன்று,Plants,words
ꢦꣁꢳ꣄ꢳꣁ,पा॑ळ्ळा॑,பொள்ளொ,po'l'l'o',pOLLO,pŏl̤l̤ŏ,poɭɭo,fruit,கனி,Plants,words
ꢦꢳ꣄ꢳꣁ,पळ्ळा॑,பள்ளொ,pal'l'o',paLLO,pal̤l̤ŏ,pəɭɭo,fruit,கனி,Plants,words
ꢒꢵꢪ꣄ꢨꢸ,काम्बु,காம்பு3,kaambu,kAmbu,kāmbu,kɑːmbu,flower stalk,காம்பு,Plants,words
ꢡꢵꢠ꣄,ताण,தாண்,taan,tAN,tāṇ,t̪ɑːɳ,flower stalk,காம்பு,Plants,words
ꢒꢫ꣄ꢭꣁ,कय्ला॑,கய்லொ,kaylo',kaylO,kaylŏ,kəjlo,unripe fruit,காய்,Plants,words
ꢔꢾꢙ꣄ꢙꢥꢵ ꢚꢵꢜ꣄,ग॑ज्जनाझाट्,கெ3ஜ்ஜனாஜா2ட்,ge'jjanaa jhaat',gEjjanA jhAT,gĕjjanā jhāṭ,ged͡ʒd͡ʒən̪ɑː d͡ʒʰɑːʈ,mushroom,காளான்,Plants,words
ꢯꢵꢔꣁ,शागा॑,ஶாகொ3,shaago',zAgO,śāgŏ,ʃɑːgo,branch,கிளை/ கொம்பு,Plants,words
ꢩꢙ꣄ꢙꢶ,भज्जि,ப4ஜ்ஜி,bhajji,bhajji,bhajji,bʰəd͡ʒd͡ʒɪ,"greens, pot herbs",கீரை,Plants,words
ꢒꣁꢪ꣄ꢨꢸꢳꣁ ꢦꢵꢥ꣄,का॑म्बुळा॑पान्,கொம்பு3ளொபான்,ko'mbul'o' paan,kOmbuLO pAn,kŏmbul̤ŏ pān,kombuɭo pɑːn̪,tender leaf,குருத்து,Plants,words
ꢦꣁꢱ꣄ꢒꢾ,पा॑स्क॑,பொஸ்கெ,po'ske',pOskE,pŏskĕ,pos̪ke,bush,குற்றுச்செடி,Plants,words
ꢔꢸꢳ꣄꣄ꢪꣁ,गुळ्मा॑,கு3ள்மொ,gul'mo',guLmO,gul̤mŏ,guɭmo,bush,குற்றுச்செடி,Plants,words
ꢮꢶꢡ꣄ꢡꢸ,वित्तु,வித்து,vittu,vittu,vittu,ʋɪt̪t̪u,nut,கொட்டை,Plants,words
ꢨꢷꢒ꣄,बीक,பீ3க்,beek,bIk,bīk,biːk,nut,கொட்டை,Plants,words
ꢚꢳ꣄ꢳꣁ,झळ्ळा॑,ஜ2ள்ளொ,jhal'l'o',jhaLLO,jhal̤l̤ŏ,d͡ʒʰəɭɭo,creeper,கொடி,Plants,words
ꢮꢿꢭ꣄,वेल्,வேல்,vel,vel,vel,ʋeːl,creeper,கொடி,Plants,words
ꢒꣁꢪ꣄ꢪꣁ,का॑म्मा॑,கொம்மொ,ko'mmo',kOmmO,kŏmmŏ,kommo,Branch,கிளை,Plants,words
ꢱꢾꢒ꣄ꢒꢬ꣄ ꢒꢾꢳꢖ꣄ꢔꢸ,स॑क्कर क॑ळङ्गु,ஸெக்கர்கௌங்கு3,se'kkar ke'l'angu,sEkkar kELaGgu,sĕkkar kĕl̤aṅgu,s̪ekkəɾ keɭəŋgu,sweet potato,சர்க்கரைவள்ளி,Plants,words
ꢔꣂꢠ꣄꣄,गोण,கோ3ண்,gon,goN,goṇ,goːɳ,jute,சணல்,Plants,words
ꢔꣂꢥ꣄,गोन,கோ3ன்,gon,gon,gon,goːn̪,jute,சணல்,Plants,words
ꢡꢵꢡꢸꢪꢹꢳ꣄,तातुमूळ्,தாதுமூள்,taatumool',tAtumUL,tātumūl̤,t̪ɑːt̪umuːɭ,fibrous root,சல்லிவேர்,Plants,words
ꢗꢾꢡ꣄ꢡꣁ,च॑त्ता॑,செத்தொ,che'tto',cEttO,cĕttŏ,t͡ʃet̪t̪o,twig,சுள்ளி,Plants,words
ꢚꢜ꣄ꢒꢶ,झट्कि,ஜ2ட்கி,jhat'ki,jhaTki,jhaṭki,d͡ʒʰəʈkɪ,plant,செடி,Plants,words
ꢨꣁꢥ꣄ꢣꢿ,बा॑न्दे,பொ3ந்தே3,bo'nde,bOnde,bŏnde,bon̪d̪eː,plantain stem,வாழைத்தண்டு,Plants,words
ꢓꢜ꣄ꢜꢶ,खट्टि,க2ட்டி,khat't'i,khaTTi,khaṭṭi,kʰəʈʈɪ,"stalk, stem",தண்டு,Plants,words
ꢪꢸꢒꢸꢭꢸ ꢦꢵꢥ꣄,मुकुलु पान,முகுலு பான்,mukulu paan,mukulu pAn,mukulu pān,mukulu pɑːn̪,tender leaf,தளிர்,Plants,words
ꢗꢶꢒꢸꢬ꣄,चिकुर,சிகுர்,chikur,cikur,cikur,t͡ʃɪkuɾ,tender leaf,தளிர்,Plants,words
ꢂꢖ꣄ꢒꢸꢬ꣄,अङ्कुर,அங்குர்,ankur,aGkur,aṅkur,əŋkuɾ,tender leaf,தளிர்,Plants,words
ꢢꣁꢳ꣄꣄ꢗꢶ,था॑ळ्चि,தொ2ள்சி,tho'l'chi,thOLci,thŏl̤ci,t̪ʰoɭt͡ʃɪ,basil plant,துளசி,Plants,words
ꢗꢵꢫ꣄ꢦꢵꢥ꣄,चाय्पान,சாய்பான்,chaaypaan,cAypAn,cāypān,t͡ʃɑːjpɑːn̪,tea leaf,தேயிலை,Plants,words
ꢜꢷ ꢦꢵꢥ꣄,टी पान,டீ பான்,t'ee paan,TI pAn,ṭī pān,ʈiː pɑːn̪,tea leaf,தேயிலை,Plants,words
ꢪꢫ꣄,मय,மய்,may,may,may,məj,honey,தேன்,Plants,words
ꢪꢤꢸ,मधु,மது4,madhu,madhu,madhu,məd̪ʰu,honey,தேன்,Plants,words
ꢡꢾꢥꢾ,तेन॑,தேனெ,te'ne',tEnE,tĕnĕ,t̪en̪e,honey,தேன்,Plants,words
ꢣꢾꢙ꣄ꢙꢥꢵꢚꢵꢜ꣄,ग॑ज्जना झाट,கெ3ஜ்ஜனா ஜா2ட்,de'jjanaajhaat',dEjjanAjhAT,dĕjjanājhāṭ,d̪ed͡ʒd͡ʒən̪ɑːd͡ʒʰɑːʈ,mushroom,நாய்க்குடை,Plants,words
ꢱꢡꢶꢙꢵꢞ꣄,सतिजाड,ஸதிஜாட்3,satijaad',satijAD,satijāḍ,s̪ət̪ɪd͡ʒɑːɖ,mushroom,நாய்க்குடை,Plants,words
ꢥꢵꢡ꣄,नात्,நாத்,naat,nAt,nāt,n̪ɑːt̪,seedling,நாற்று,Plants,words
ꢦꢷꢙꢵꢖ꣄ꢒꢸꢬ꣄,पीजाङ्कुर,பீஜாங்குர்,peejaankur,pIjAGkur,pījāṅkur,piːd͡ʒɑːŋkuɾ,seedling,நாற்று,Plants,words
ꢤꢹꢪ꣄ꢦꢵꢥ꣄,धूम्पान्,தூ4ம்பான்,dhoompaan,dhUmpAn,dhūmpān,d̪ʰuːmpɑːn̪,stalk,புகையிலை,Plants,words
ꢱꢵꢳꢸ ꢦꢾꢫꢶꢬ꣄,साळु प॑यिर,ஸாளு பெயிர்,saal'u pe'yir,sALu pEyir,sāl̤u pĕyir,s̪ɑːɭu pejɪɾ,paddy plant,நெற்பயிர்,Plants,words
ꢱꢵꢳꢸ ꢆꢦꢙꢵꢮ꣄,साळु उपजाव,ஸாளு உபஜாவ்,saal'u upajaav,sALu upajAv,sāl̤u upajāv,s̪ɑːɭu upəd͡ʒɑːʋ,paddy plant,நெற்பயிர்,Plants,words
ꢦꢾꢫꢶꢬ꣄ ꢦꢠ꣄ꢜꣁ,प॑यिर पण्टा॑,பெயிர் பண்டொ,pe'yir pant'o',pEyir paNTO,pĕyir paṇṭŏ,pejɪɾ pəɳʈo,paddy plant,நெற்பயிர்,Plants,words
ꢆꢦꢙꢵꢮ꣄,उपजाव,உபஜாவ்,upajaav,upajAv,upajāv,upəd͡ʒɑːʋ,crop,பயிர்,Plants,words
ꢨꢵꢛ꣄ꢙꢶ,बाञ्जि,பா3ஞ்ஜி,baanji,bAJji,bāñji,bɑːɲd͡ʒɪ,moss,பாசி,Plants,words
ꢦꢶꢥ꣄ꢣꣁ,पिन्दा॑,பிந்தொ3,pindo',pindO,pindŏ,pɪn̪d̪o,tender fruit,பிஞ்சு,Plants,words
ꢨꢾꢡ꣄ꢡꢪ꣄ ꢮꢳ꣄ꢜꢶ,ब॑त्तम्,பெ3த்தம்,be'ttam val't'i,bEttam vaLTi,bĕttam val̤ṭi,bet̪t̪əm ʋəɭʈɪ,cane,பிரம்பு,Plants,words
ꢦꣁꢣꢬ꣄,पा॑दर्,பொத3ர்,po'dar,pOdar,pŏdar,pod̪əɾ,bush,புதர்,Plants,words
ꢦꣁꢱ꣄ꢒꢾ,पा॑स्क॑,பொஸ்கெ,po'ske',pOskE,pŏskĕ,pos̪ke,grass,புல்,Plants,words
ꢲꢬꢳꢶ,हरळि,ஹரளி,haral'i,haraLi,haral̤i,ɦəɾəɭɪ,scutch grass,அருகம்புல்,Plants,words
ꢧꢸꢭ꣄,फूल्,பூ2ல்,phul,phul,phul,pʰul,flower,பூ,Plants,words
ꢧꢸꢭꢶ ꢚꢜ꣄ꢒꢶ,फूलु झट्कि,பூ2லுஜ2ட்கி,phuli jhat'ki,phuli jhaTki,phuli jhaṭki,pʰulɪ d͡ʒʰəʈkɪ,flower plant,பூச்செடி,Plants,words
ꢃꢳ꣄ꢮꢥꢶ ꢒꢾꢳꢖ꣄ꢔꢸ,आळ्वळि क॑ळङ्गु,ஆள்வளி கௌங்கு3,aal'vani ke'l'angu,ALvani kELaGgu,āl̤vani kĕl̤aṅgu,ɑːɭʋən̪ɪ keɭəŋgu,tapioca,மரச்சீனி/ மரவள்ளி,Plants,words
ꢓꢜꣁ,खटा॑,க2டொ,khat'o',khaTO,khaṭŏ,kʰəʈo,thorn,முள்,Plants,words
ꢪꣁꢭ꣄ꢒꣁ,मा॑ल्का॑,மொல்கொ,mo'lko',mOlkO,mŏlkŏ,molko,sprout,முளை,Plants,words
ꢂꢖ꣄ꢒ꣄ꢬꣁ,अङ्क्रा॑,அங்க்ரொ,ankro',aGkrO,aṅkrŏ,əŋkɾo,sprout,முளை,Plants,words
ꢨꣁꢖ꣄ꢔꢸ,बा॑ङगु,பொ3ங்கு3,bo'ngu,bOGgu,bŏṅgu,boŋgu,bamboo,மூங்கில்,Plants,words
ꢪꢸꢔꢸꢭ꣄,मुकुल्,முகுல்,mugul,mugul,mugul,mugul,bud,மொட்டு,Plants,words
ꢪꢹꢳꢸꢒꢾꢳ꣄,मूळुकेळ्,மூளுகேள்,mool'uke'l',mULukEL,mūl̤ukĕl̤,muːɭukeɭ,plantain root,அடிவாழை,Plants,words
ꢒꢿꢳꢸ ꢚꢵꢞ꣄,केळु झाड,கேளு ஜா2ட்3,kel'u jhaad',keLu jhAD,kel̤u jhāḍ,keːɭu d͡ʒʰɑːɖ,plantain,வாழை மரம்,Plants,words
ꢮꢶꢡ꣄ꢡꢸ,वित्तु,வித்து,vittu,vittu,vittu,ʋɪt̪t̪u,seed,வித்து,Plants,words
ꢨꢷꢒ꣄,बीक्,பீ3க்,beek,bIk,bīk,biːk,seed,விதை,Plants,words
ꢪꢹꢭ꣄,मूल,மூல்,mool,mUl,mūl,muːl,root,வேர்,Plants,words
ꢆꢪ꣄ꢨ꣄ꢳꢵ ꢚꢵꢜ꣄,उम्ब्ळा झाट्,உம்ப்3ளாஜா2ட்,umbl'aa jhaat',umbLA jhAT,umbl̤ā jhāṭ,umbɭɑː d͡ʒʰɑːʈ,fig tree,அத்தி மரம்,Tree,words
ꢦꢶꢪ꣄ꢦꢭ꣄ ꢚꢵꢜ꣄,पिम्पल्झाट्,பிம்பள்ஜா2ட்,pimpal jhaat',pimpal jhAT,pimpal jhāṭ,pɪmpəl d͡ʒʰɑːʈ,pipal tree,அரச மரம்,Tree,words
ꢐꢞ ꢚꢵꢜ꣄,ओडा झाट्,ஓடாஜா2ட்,od'a jhaat',oDa jhAT,oḍa jhāṭ,oːɖə d͡ʒʰɑːʈ,banyan tree,ஆல்,Tree,words
ꢪꢸꢱꢸꢠ꣄ꢞꢶꢚꢵꢜ꣄,मुसुण्डि झाट्,முஸுண்டி3ஜா2ட்,musund'ijhaat',musuNDijhAT,musuṇḍijhāṭ,mus̪uɳɖɪd͡ʒʰɑːʈ,rosewood,நெட்டி,Tree,words
ꢚꢥ꣄ꢥꢶ,झन्नि,ஜ2ன்னி,jhanni,jhanni,jhanni,d͡ʒʰən̪n̪ɪ,broom,ஈச்சமார்,Tree,words
ꢚꢠ꣄ꢠꢶ,झण्णी,ஜ2ண்ணி,jhanni,jhaNNi,jhaṇṇi,d͡ʒʰəɳɳɪ,broom,ஈச்சமார்,Tree,words
ꢭꢶꢪ꣄ꢨꢸ,लिम्बु,லிம்பு3,limbu,limbu,limbu,lɪmbu,lemon,எலுமிச்சை,Tree,words
ꢦꢬꢸꢠ꣄ꢞꣁ,प्रुण्डा॑,பருண்டொ3,parund'o',paruNDO,paruṇḍŏ,pəɾuɳɖo,coconut leaf,ஓலை,Tree,words
ꢦꢶꢒ꣄ꢒꢾ ꢮꢾꢥ꣄ꢥꢸ,पिक्क॑ व॑न्नु,பிக்கெவென்னு,pikke' ve'nnu,pikkE vEnnu,pikkĕ vĕnnu,pɪkke ʋen̪n̪u,ear of crops,கதிர்,Tree,words
ꢲꢦ꣄ꢦꢭꢸꢚꢵꢜ꣄,हप्पलु झाट,ஹப்பளு ஜா2ட்,happalujhaat',happalujhAT,happalujhāṭ,ɦəppəlud͡ʒʰɑːʈ,arecanut tree,கமுகு,Tree,words
ꢮꢶꢬ꣄ꢡꢵꢮꢸ ꢦꣁꢱ꣄ꢒꢾ,विर्तावु पा॑स्क॑,விர்தாவு பொஸ்கெ,virtaavu po'ske',virtAvu pOskE,virtāvu pŏskĕ,ʋɪɾt̪ɑːʋu pos̪ke,weed,களை,Tree,words
ꢒꢾꢬ꣄ꢦꢵꢮꢸ ꢦꢵꢥ꣄,क॑र्पावु पान,கெர்பாவுபான்,ke'rpaavu paan,kErpAvu pAn,kĕrpāvu pān,keɾpɑːʋu pɑːn̪,curry leaf,கறிவேப்பிலை,Tree,words
ꢱꢵꢓꣁ,साखा॑,ஸாகொ2,saakho',sAkhO,sākhŏ,s̪ɑːkʰo,branch,கிளை/ கொம்பு,Tree,words
ꢄꢪ꣄ꢨꢸꢳꣁ,इम्बुळा॑,இம்பு3ளொ,imbul'o',imbuLO,imbul̤ŏ,ɪmbuɭo,guava,கொய்யா,Tree,words
ꢬꢵꢠꢸ ꢆꢳꢵ ꢧꢹꢭ꣄,राणु हुळा फूल्,ராணுஹுளாபூ2ல்,raanu ul'aa phool,rANu uLA phUl,rāṇu ul̤ā phūl,ɾɑːɳu uɭɑː pʰuːl,cassia fistula,கொன்றை,Tree,words
ꢥꢬꢳꢸ ꢥꢵꢬ꣄,नरळु नार्,நரளுநார்,naral'u naar,naraLu nAr,naral̤u nār,n̪əɾəɭu n̪ɑːɾ,fibre of coconut,தேங்காய் நார்,Tree,words
ꢪꢒꢬꢥ꣄ꢡ ꢓꣁꢭ꣄ꢜꢶ,मकरन्त खा॑ल्टि,மகரந்தகொ2ள்டி,makaranta kho'lt'i,makaranta khOlTi,makaranta khŏlṭi,məkəɾən̪t̪ə kʰolʈɪ,reproductive parts of a flower,சூல்முடி,Tree,words
ꢭꢫ꣄ꢞꣁ,लय्डा॑,லய்டொ3,layd'o',layDO,layḍŏ,ləjɖo,log of wood,தடி,Tree,words
ꢤꢾꢫ꣄ꢳꣁ,ध॑य्ळा॑,தெ4ய்ளொ,dhe'yl'o',dhEyLO,dhĕyl̤ŏ,d̪ʰejɭo,stalk,தண்டு,Tree,words
ꢥꢬꢳꢸ ꢚꢵꢃꢜ꣄,नरळुझाट,நரளு ஜா2ட்,naral'u jhaaaat',naraLu jhAAT,naral̤u jhāāṭ,n̪əɾəɭu d͡ʒʰɑːɑːʈ,coconut tree,தெங்கு/தென்னை மரம்,Tree,words
ꢡꢿꢒ꣄ꢒꢸ ꢚꢵꢜ꣄,तेक्कु झाट्,தேக்குஜா2ட்,tekku jhaat',tekku jhAT,tekku jhāṭ,t̪eːkku d͡ʒʰɑːʈ,teak wood,தேக்கு மரம்,Tree,words
ꢣꣁꢮ꣄ꢞꣁ,ता॑व्डा॑,தொவ்டொ3,do'vd'o',dOvDO,dŏvḍŏ,d̪oʋɖo,"skin,",தொலி,Tree,words
ꢮꢭ꣄ꢒꢭꣁ,वल्कला॑,வல்கலொ,valkalo',valkalO,valkalŏ,ʋəlkəlo,bark,தோடு,Tree,words
ꢦꢜ꣄ꢜꢾ,पट्टे,பட்டெ,pat't'e',paTTE,paṭṭĕ,pəʈʈe,bark,தோடு,Tree,words
ꢙꢾꢪ꣄ꢦꢸ ꢚꢵꢜ꣄,ज॑म्पु झाट्,ஜெம்பு ஜா2ட்,je'mpu jhaat',jEmpu jhAT,jĕmpu jhāṭ,d͡ʒempu d͡ʒʰɑːʈ,blackberry tree,நாவல் மரம்,Tree,words
ꢂꢪ꣄ꢨꢸꢳꢵ ꢚꢵꢜ꣄,अम्बुळा झाट्,அம்பு3ளா ஜா2ட்,ambul'aa jhaat',ambuLA jhAT,ambul̤ā jhāṭ,əmbuɭɑː d͡ʒʰɑːʈ,gooseberry tree,நெல்லி மரம்,Tree,words
ꢦꢦ꣄ꢦꢵꢳꢶꢶ ꢚꢵꢜ꣄,पप्पाळि झाट्,பப்பாளிஜா2ட்,pappaal'ii jhaat',pappALii jhAT,pappāl̤ii jhāṭ,pəppɑːɭɪɪ d͡ʒʰɑːʈ,papaya tree,பப்பாளி மரம்,Tree,words
ꢦꣁꢥ꣄ꢥꢶꢱꢸ ꢚꢵꢜ꣄,पा॑न्निसु झाट्,பொன்னிஸுஜா2ட்,po'nnisu jhaat',pOnnisu jhAT,pŏnnisu jhāṭ,pon̪n̪ɪs̪u d͡ʒʰɑːʈ,jackfruit tree,பலா மரம்,Tree,words
ꢡꢵꢞꢶ ꢚꢵꢜ꣄,ताडि झाट्,தாடி3ஜா2ட்,taad'i jhaat',tADi jhAT,tāḍi jhāṭ,t̪ɑːɖɪ d͡ʒʰɑːʈ,palmyra tree,பனை மரம்,Tree,words
ꢲꢦ꣄ꢦꢳꢸ ꢚꢵꢜ꣄,हप्पळू झाट्,ஹப்பளுஜா2ட்,happal'u jhaat',happaLu jhAT,happal̤u jhāṭ,ɦəppəɭu d͡ʒʰɑːʈ,arecanut,பாக்கு,Tree,words
ꢒꢵꢥꢸ ꢚꢵꢜ꣄,कानु झाट्,கானுஜா2ட்,kaanu jhaat',kAnu jhAT,kānu jhāṭ,kɑːn̪u d͡ʒʰɑːʈ,beech,புங்கை மரம்,Tree,words
ꢡꢪꢵꢭ ꢚꢵꢜ꣄,तमाल झाट,தமாலஜா2ட்,tamaala jhaat',tamAla jhAT,tamāla jhāṭ,t̪əmɑːlə d͡ʒʰɑːʈ,beech,புங்கை மரம்,Tree,words
ꢗꢷꢱꢸ꣄ ꢚꢵꢜ꣄,चीसु झाट्,சீஸுஜா2ட்,cheesu jhaat',cIsu jhAT,cīs_ŭ jhāṭ,t͡ʃiːs̪u d͡ʒʰɑːʈ,Tamarindtree,புளிய மரம்,Tree,words
ꢨꢵꢛ꣄ꢙꢶ,बाञ्जि,பா3ஞ்ஜி,baanji,bAJji,bāñji,bɑːɲd͡ʒɪ,fungus,பூஞ்சானம்,Tree,words
ꢓꢱ꣄ꢭꣁ,खस्ला॑,க2ஸ்லொ,khaslo',khaslO,khaslŏ,kʰəs̪lo,date palm,பேரீச்சை,Tree,words
ꢚꢵꢜꢸ ꢬꢾꢥ꣄ꢡꢸ,झाटुर॑न्तु,ஜா2டு ரெந்து,jhaat'u re'ntu,jhATu rEntu,jhāṭu rĕntu,d͡ʒʰɑːʈu ɾen̪t̪u,hollow in a tree,மரப்பொந்து,Tree,words
ꢕꢸꢮ꣄ꢮꣁ,घुव्वा॑,கு4வ்வொ,ghuvvo',ghuvvO,ghuvvŏ,gʰuʋʋo,hollow in a tree,மரப்பொந்து,Tree,words
ꢚꢵꢜ꣄,झाट्,ஜா2ட்,jhaat',jhAT,jhāṭ,d͡ʒʰɑːʈ,tree,மரம்,Tree,words
ꢒꢗ꣄ꢗꢪ꣄ꢨꢵ ꢚꢵꢜ꣄,कच्चम्बा झाट्,கச்சம்பா3 ஜா2ட்,kachchambaa jhaat',kaccambA jhAT,kaccambā jhāṭ,kət͡ʃt͡ʃəmbɑː d͡ʒʰɑːʈ,mango tree,மாமரம்,Tree,words
ꢪꢸꢥ꣄ꢣꢶꢬꢶ ꢚꢵꢜ꣄,मुन्दिरि झाट्,முந்தி3ரிஜா2ட்,mundiri jhaat',mundiri jhAT,mundiri jhāṭ,mun̪d̪ɪɾɪ d͡ʒʰɑːʈ,cashewnut tree,முந்திரி,Tree,words
ꢱꢾꢮ꣄ꢒꢵ ꢚꢵꢜ꣄,स॑व्का झाट्,ஸெவ்காஜா2ட்,se'vkaa jhaat',sEvkA jhAT,sĕvkā jhāṭ,s̪eʋkɑː d͡ʒʰɑːʈ,drumstick tree,முருங்கை,Tree,words
ꢨꣁꢖ꣄ꢔꢸ ꢚꢵꢜ꣄,बा॑ङ्गु झाट्,பொ3ங்கு3ஜா2ட்,bo'ngu jhaat',bOGgu jhAT,bŏṅgu jhāṭ,boŋgu d͡ʒʰɑːʈ,bamboo tree,மூங்கில்,Tree,words
ꢭꢷꢪꢸ ꢚꢵꢜ꣄,लीमु झाट्,லீமுஜா2ட்,leemu jhaat',lImu jhAT,līmu jhāṭ,liːmu d͡ʒʰɑːʈ,neem tree,வேம்பு,Tree,words
ꢭꢾꢔꢸꢡ꣄ꢡꢵ ꢣꢶꢥ꣄ꢥꢸ,ल॑गुत्ता दिन्नु,லெகு3த்தா தி3ன்னு,le'guttaa dinnu,lEguttA dinnu,lĕguttā dinnu,legut̪t̪ɑː d̪ɪn̪n̪u,next day,அடுத்த நாள்,Time,words
ꢲꢣ꣄ꢣꢸꢬꢵꢡ꣄,हद्दुरात्,ஹத்3து3ராத்,hadduraat,haddurAt,haddurāt,ɦəd̪d̪uɾɑːt̪,mid-night,அர்த்த ராத்திரி,Time,words
ꢡꢾꢥ꣄ꢣꢸꢱ꣄,त॑न्दुस,தெந்து3ஸ்,te'ndus,tEndus,tĕndus,t̪en̪d̪us̪,that day,அன்று,Time,words
ꢏꢬ꣄ꢱꢸ,आ॑र्सु,ஒர்ஸு,o'rsu,Orsu,ŏrsu,oɾs̪u,year,ஆண்டு,Time,words
ꢬꢵꢡ꣄,रात्,ராத்,raat,rAt,rāt,ɾɑːt̪,night,இரவு,Time,words
ꢬꢵꢣꢶ,रादि,ராதி,raadi,rAdi,rādi,ɾɑːd̪ɪ,night,இரவு,Time,words
ꢲꢶꢥ꣄ꢣꣁ,हिन्दा॑,ஹிந்தொ3,hindo',hindO,hindŏ,ɦɪn̪d̪o,today,இன்று,Time,words
ꢒꣂꢥ꣄ꢫ ꢣꢶꢥ꣄ꢥꢸ,कोन्य दिन्नु,,konya dinnu,konya dinnu,konya dinnu,koːn̪jə d̪ɪn̪n̪u,which day,என்று,Time,words
ꢒꢵꢭꢸ,काल,கால்,kaalu,kAlu,kālu,kɑːlu,"period, time",காலம்,Time,words
ꢮꢿꢳ꣄,वेळ,வேள்,vel',veL,vel̤,ʋeːɭ,"period, time",காலம்,Time,words
ꢧꢭ꣄ꢡꢶ ꢧꢵꢬ꣄,फल्तिफार,ப2ல்தி பா2ர்,phalti phaar,phalti phAr,phalti phār,pʰəlt̪ɪ pʰɑːɾ,morning,காலை,Time,words
ꢱꣁꢳ ꢶꢧꢵꢬ꣄,सा॑ळिफार,ஸொளி பா2ர்,so'l'a iphaar,sOLa iphAr,sŏl̤a iphār,s̪oɭə ɪpʰɑːɾ,morning,காலை,Time,words
ꢧꣀꢭ ꢧꢵꢬ꣄,फैल फार,பை2ல பா2ர்,phaila phaar,phaila phAr,phaila phār,pʰəɪlə pʰɑːɾ,morning,காலை,Time,words
ꢣꢶꢥ꣄ꢥꢸ,दिन्नु,தி3ன்னு,dinnu,dinnu,dinnu,d̪ɪn̪n̪u,"day, week",கிழமை,Time,words
ꢮꢵꢬ꣄,वार्,வார்,vaar,vAr,vār,ʋɑːɾ,"day, week",கிழமை,Time,words
ꢱꢔꢨ꣄꣄ꢡꢸ,सकाब्दु,ஸகாப்3து3,sagabtu,sagabtu,sagabtu,s̪əgəbt̪u,saka/era,சகாப்தம்,Time,words
ꢮꢿꢳ꣄,वेळ,வேள்,vel',veL,vel̤,ʋeːɭ,time,சமயம்,Time,words
ꢮꢷꢳ꣄ ꢮꢾꢳꢸ,वीळ्वेळु,வீள் வேளு,veel' ve'l'u,vIL vELu,vīl̤ vĕl̤u,ʋiːɭ ʋeɭu,evening,சாயங்காலம்,Time,words
ꢮꢷꢳ꣄ ꢱꢾꢥ꣄ꢣꢸꢭꣁ,वीळ स॑न्दुला॑,வீள்ஸெந்து3லொ,veel' se'ndulo',vIL sEndulO,vīl̤ sĕndulŏ,ʋiːɭ s̪en̪d̪ulo,evening,சாயங்காலம்,Time,words
ꢪꢴꢞꣁ,म्हडा॑,ம:டொ3,mhad'o',mhaDO,mhaḍŏ,mɦəɖo,month,திங்கள்,Time,words
ꢣꢶꢥ꣄ꢥꢸ,दिन्नु,தி3ன்னு,dinnu,dinnu,dinnu,d̪ɪn̪n̪u,date,தேதி,Time,words
ꢣꢶꢥꢵꢖ꣄ꢒꢸ,दिनाङ्कु,தி3னாங்கு,dinaanku,dinAGku,dināṅku,d̪ɪn̪ɑːŋku,date,தேதி,Time,words
ꢣꢷꢱ꣄,दीस्,தீ3ஸ்,dees,dIs,dīs,d̪iːs̪,day,நாள்,Time,words
ꢱꣁꢥ꣄ꢣꣁ,सा॑न्दा॑,ஸொந்தொ3,so'ndo',sOndO,sŏndŏ,s̪on̪d̪o,tomorrow,நாளை,Time,words
ꢦꣁꢬꢪ꣄,पा॑रम्,பொரம்,po'ram,pOram,pŏram,poɾəm,day after tomorrow,நாளை மறுநாள்,Time,words
ꢥꢶꢪꢸꢰ꣄,निमुष्,நிமுஸ்,nimush,nimuS,nimuṣ,n̪ɪmuʂ,minute,நிமிடம்,Time,words
ꢱꣂꢮꢸ ꢏꢬ꣄ꢱꢸ,सोवु आ॑र्सु,ஸோவு ஒர்ஸு,sovu o'rsu,sovu Orsu,sovu ŏrsu,s̪oːʋu oɾs̪u,century,நூற்றாண்டு,Time,words
ꢱꢡꢵꢨ꣄ꢣꢶ,सताब्दि,ஸதாப்3தி3,sataabdi,satAbdi,satābdi,s̪ət̪ɑːbd̪ɪ,century,நூற்றாண்டு,Time,words
ꢕꢾꢞꢶ,घ॑डि,கெ4டி3,ghe'd'i,ghEDi,ghĕḍi,gʰeɖɪ,time,நேரம்,Time,words
ꢮꢿꢳ꣄꣄,वेळ,வேள்,vel',veL,vel̤,ʋeːɭ,time,நேரம்,Time,words
ꢒꢵꢭ꣄,काल्,கால்,kaal,kAl,kāl,kɑːl,yesterday,நேற்று,Time,words
ꢣꢷꢱ꣄,दीस्,தீ3ஸ்,dees,dIs,dīs,d̪iːs̪,daytime,பகல்,Time,words
ꢤꢸꢧꢵꢬꢶ,धुफारि,து4பா2ரி,dhuphaari,dhuphAri,dhuphāri,d̪ʰupʰɑːɾɪ,"Afternoon, noon","பிற்பகல், மத்தியானம்",Time,words
ꢂꢜ꣄ꢜꢵꢱ꣄,अट्टाय्,அட்டாஸ்,at't'aas,aTTAs,aṭṭās,əʈʈɑːs̪,"Afternoon, noon","பிற்பகல், மத்தியானம்",Time,words
ꢕꢾꢞꢶ,घ॑डि,கெ4டி3,ghe'd'i,ghEDi,ghĕḍi,gʰeɖɪ,hour,மணி,Time,words
ꢮꢾꢳ꣄꣄,वेळ,வேள்,ve'l',vEL,vĕl̤,ʋeɭ,hour,மணி,Time,words
ꢥꢶꢪꢸꢱ꣄,निमुस,நிமுஸ்,nimus,nimus,nimus,n̪ɪmus̪,minute,மணித்துளி,Time,words
ꢱꣁꢥ꣄ꢣꣁ,सा॑न्दा॑,ஸொந்தொ3,so'ndo',sOndO,sŏndŏ,s̪on̪d̪o,next day,மறுநாள்,Time,words
ꢣꢸꢱꢸꢬꢥ꣄ꢣꢶ,दुसुरन्दि,து3ஸுரந்தி3,dusurandi,dusurandi,dusurandi,d̪us̪uɾən̪d̪ɪ,next day,மறுநாள்,Time,words
ꢣꢸꢱ꣄ꢬꢥ꣄ꢣꢶ,दुस्रन्दि,து3ஸ்ரந்தி3,dusrandi,dusrandi,dusrandi,d̪us̪ɾən̪d̪ɪ,next day,மறுநாள்,Time,words
ꢪꢴꢜꣁ,म्हटा॑,ம:டொ,mhat'o',mhaTO,mhaṭŏ,mɦəʈo,month,மாதம்,Time,words
ꢮꢷꢳ꣄ꢜꣁ,वळ्टा॑,வீள்டொ,veel't'o',vILTO,vīl̤ṭŏ,ʋiːɭʈo,evening,மாலை,Time,words
ꢦꣁꢬꢪ꣄,पा॑रम्,பொரம்,po'ram,pOram,pŏram,poɾəm,day before yesterday,முந்தாநாள்,Time,words
ꢧꣀꢭꢣꢷꢱ꣄,फैलदीस्,பை2லதீ3ஸ்,phailadees,phailadIs,phailadīs,pʰəɪləd̪iːs̪,forenoon,முற்பகல்,Time,words
ꢮꢵꢬ꣄,वार्,வார்,vaar,vAr,vār,ʋɑːɾ,week,வாரம்,Time,words
ꢧꢭ꣄ꢡꢶꢧꢵꢬ꣄,फलतिफार,ப2ல்திபா2ர்,phaltiphaar,phaltiphAr,phaltiphār,pʰəlt̪ɪpʰɑːɾ,dawn,விடிகாலை,Time,words
ꢧꣀꢭꢧꢵꢬ꣄,फैलपार,பை2லபா2ர்,phailaphaar,phailaphAr,phailaphār,pʰəɪləpʰɑːɾ,dawn,விடிகாலை,Time,words
ꢱꣁꢞꢒ ꣄ꢕꢾꢞꢶ,सा॑डक्घ॑डि,ஸொட3க் கெ4டி3,so'd'aka ghe'd'i,sODaka ghEDi,sŏḍaka ghĕḍi,s̪oɖəkə gʰeɖɪ,second,வினாடி,Time,words
ꢫꢸꢒꢪ꣄,युकम्,யுக3ம்,yukam,yukam,yukam,jukəm,"era, age",யுகம்,Time,words
ꢂꢫ꣄ꢡ꣄ꢮꢵꢬ꣄,अय्त्वार्,அய்த்வார்,aytvaar,aytvAr,aytvār,əjt̪ʋɑːɾ,sunday,ஞாயிற்றுக் கிழமை,Time,words
ꢱꣁꢪ꣄ꢮꢵꢬ꣄,सा॑म्वार्,ஸொம்வார்,so'mvaar,sOmvAr,sŏmvār,s̪omʋɑːɾ,monday,திங்கள் கிழமை,Time,words
ꢪꢖ꣄ꢔꢳ꣄ꢮꢵꢬ꣄,मङगळवार्,மங்கள்வார்,mangal'vaar,maGgaLvAr,maṅgal̤vār,məŋgəɭʋɑːɾ,tuesday,செவ்வாய்க் கிழமை,Time,words
ꢨꢸꢤꢮꢵꢬ꣄,बुधवार्,பு3த4வார்,budhavaar,budhavAr,budhavār,bud̪ʰəʋɑːɾ,wednesday,புதன் கிழமை,Time,words
ꢨ꣄ꢬꢸꢲꢱ꣄ꢡꢮꢵꢬ꣄,ब्रुहस्तवार्,ப்3ருஹஸ்தவார்,bruhastavaar,bruhastavAr,bruhastavār,bɾuɦəs̪t̪əʋɑːɾ,thursday,வியாழக் கிழமை,Time,words
ꢱꢸꢒ꣄ꢬꢮꢵꢬ꣄,सुक्रवार्,ஸூக்ரவார்,sukravaar,sukravAr,sukravār,s̪ukɾəʋɑːɾ,friday,வெள்ளிக் கிழமை,Time,words
ꢱꢾꢥꢶꢮꢵꢬ꣄,स॑निवार्,ஸெனிவார்,se'nivaar,sEnivAr,sĕnivār,s̪en̪ɪʋɑːɾ,saturday,சனிக் கிழமை,Time,words
ꢂꢣꢶꢪꢤꢸꢬꢪ꣄,अदिमधुरम,அதி3மது4ரம்,adimadhuram,adimadhuram,adimadhuram,əd̪ɪməd̪ʰuɾəm,licorice,அதிமதுரம்,Provisions,words
ꢡꢥ꣄ꢣꢸ,तन्दु,தந்து3,tandu,tandu,tandu,t̪ən̪d̪u,rice,அரிசி,Provisions,words
ꢍꢬꢠ꣄ꢞꣁ,एरण्डा॑,ஏரண்டொ3,erand'o',eraNDO,eraṇḍŏ,eːɾəɳɖo,castor,ஆமணக்கு,Provisions,words
ꢭꣁꢪ꣄ꢧꢹꢭ꣄,ला॑म्पूल,லொம்பூ2ல்,lo'mphool,lOmphUl,lŏmphūl,lompʰuːl,cloves,இலவங்கம்,Provisions,words
ꢪꢷꢜ꣄,मीट्,மீட்,meet',mIT,mīṭ,miːʈ,salt,உப்பு,Provisions,words
ꢆꢖ꣄ꢒꣁ,उङ्का॑,உங்கொ,unko',uGkO,uṅkŏ,uŋko,husk of paddy,உமி,Provisions,words
ꢣꢸꢱꣁ,दुसा॑,துஸொ,duso',dusO,dusŏ,d̪us̪o,husk of paddy,உமி,Provisions,words
ꢤꢹꢳ꣄꣄ꢪꢹꢳ꣄꣄,धुळ्मूळ,து4ள்மூள்,dhool'mool',dhULmUL,dhūl̤mūl̤,d̪ʰuːɭmuːɭ,potato,உருளைக் கிழங்கு,Provisions,words
ꢒꢥ꣄ꢣꣁ,कन्दा॑,கந்தொ3,kando',kandO,kandŏ,kən̪d̪o,onion,உள்ளி,Provisions,words
ꢆꢞꢶꢡ꣄,उडित्,உடி3த்,ud'it,uDit,uḍit,uɖɪt̪,blackgram,உளுந்து,Provisions,words
ꢡꢿꢭ꣄,तेल्,தேல்,tel,tel,tel,t̪eːl,oil,எண்ணெய்,Provisions,words
ꢡꢷꢳ꣄꣄,तीळ,தீள்,teel',tIL,tīl̤,t̪iːɭ,gingili,எள்ளு,Provisions,words
ꢌꢭꣁ,एला॑,எலொ,e'lo',ElO,ĕlŏ,elo,cardamom,ஏலம்,Provisions,words
ꢏꢪꣁ,आ॑मा॑,ஒமொ,o'mo',OmO,ŏmŏ,omo,bishop`s weed,ஓமம்,Provisions,words
ꢔꢱꢔꢱꢵꢭ꣄,गसगसाल,க3ஸக3ஸால்,gasagasaal,gasagasAl,gasagasāl,gəs̪əgəs̪ɑːl,poppy seed,கசகசா,Provisions,words
ꢗꢾꢥ꣄ꢥꣁ,च॑न्ना॑,சென்னொ,che'nno',cEnnO,cĕnnŏ,t͡ʃen̪n̪o,Bengal gram,பொரிக்கடலை,Provisions,words
ꢪꢴꢸꢬꢶ,म्हुरि,மு:ரி,mhuri,mhuri,mhuri,mɦuɾɪ,mustard,கடுகு,Provisions,words
ꢭꢮꢖ꣄ꢔ ꢦꢜ꣄ꢜꣀ,लवङ्गपट्टै,லவங்க3 பட்டொ,lavanga pat't'ai,lavaGga paTTai,lavaṅga paṭṭai,ləʋəŋgə pəʈʈəɪ,cinnamon,கருவாப்பட்டை,Provisions,words
ꢓꢾꢠ꣄ꢞꢸ,ख॑ण्डि,கெ2ண்டு3,khe'nd'u,khENDu,khĕṇḍu,kʰeɳɖu,Sugar crystal,கல்கண்டு,Provisions,words
ꢄꢒ꣄ꢱꢸꢔꢾꢞ꣄ꢞꣁ,इक्षुग॑ड्डा॑,இக்ஷுகெ3ட்3டொ3,iksuge'd'd'o',iksugEDDO,iksugĕḍḍŏ,ɪks̪ugeɖɖo,Sugar crystal,கல்கண்டு,Provisions,words
ꢒꢸꢳꢶꢡ꣄,कुळित,குளித்,kul'it,kuLit,kul̤it,kuɭɪt̪,horsegram,"காணம், கொள்ளு",Provisions,words
ꢒꢵꢦꢶꢩꢸꢬ꣄ꢒꣁ,कापिभुर्का॑,காபிபு4ர்கொ,kaapibhurko',kApibhurkO,kāpibhurkŏ,kɑːpɪbʰuɾko,coffee powder,காப்பிப்பொடி,Provisions,words
ꢲꢶꢖ꣄ꢔꢸ,हिङ्गु,ஹிங்கு3,hingu,hiGgu,hiṅgu,ɦɪŋgu,asafoetida,பெருங்காயம்,Provisions,words
ꢬꣁꢪ꣄ꢧꢸꢭ꣄,रोम्फुल्,ரொம்பு2ல்,ro'mphul,rOmphul,rŏmphul,ɾompʰul,,,Provisions,words
ꢒꢶꢱ꣄ꢪꢶꢱ꣄,किस्मिस्,கிஸ்மிஸ்,kismis,kismis,kismis,kɪs̪mɪs̪,Drygrapes,கிஸ்மிஸ்,Provisions,words
ꢒꢸꢖ꣄ꢒꢸꢪ꣄ꢧꢸꢭ꣄,कुङ्कुम्फूल्,குங்கு3ம்பூ2ல்,kunkumphul,kuGkumphul,kuṅkumphul,kuŋkumpʰul,saffron,குங்குமப்பூ,Provisions,words
ꢒꢾꢱꢬꢶ,केसरि,கேஸரி,ke'sari,kEsari,kĕsari,kes̪əɾɪ,saffron,குங்குமப்பூ,Provisions,words
ꢃꢬꢮꢭ꣄ꢭꢶ ꢩꢸꢬ꣄ꢒꣁ,आरवल्लि भुका॑,ஆரவல்லிபு4ர்கொ,aaravalli bhurko',Aravalli bhurkO,āravalli bhurkŏ,ɑːɾəʋəllɪ bʰuɾko,arrowroot powder,கூழுமாவு,Provisions,words
ꢬꢴꢔꢶ,र्हगि,ர:கி3,rhagi,rhagi,rhagi,ɾɦəgɪ,ragi,கேழ்வரகு,Provisions,words
ꢒꢿꢱꢬꢶꢩꢸꢬ꣄ꢒꣁ,केसर्भुका॑,கேஸரி பு4ர்கொ,kesaribhurko',kesaribhurkO,kesaribhurkŏ,keːs̪əɾɪbʰuɾko,saffron powder,கேசரி,Provisions,words
ꢒꢗ꣄ꢗꢾꢥ꣄ꢥꣁ,कच्च॑न्ना॑,கச்சென்னொ,kachche'nno',kaccEnnO,kaccĕnnŏ,kət͡ʃt͡ʃen̪n̪o,Bengal gram,கொண்டைக் கடலை,Provisions,words
ꢤꢥꢶꢫꢵ,धनिया,த4னியா,dhaniyaa,dhaniyA,dhaniyā,d̪ʰən̪ɪjɑː,coriander,கொத்துமல்லி,Provisions,words
ꢒꣁꢡ꣄ꢡꢪꢭ꣄ꢭꢶ,का॑त्तमल्लि,கொத்தமல்லி,ko'ttamalli,kOttamalli,kŏttamalli,kot̪t̪əməllɪ,coriander,கொத்துமல்லி,Provisions,words
ꢱꢸꢒ꣄ꢒꢾ ꢥꢬꢾꢭ꣄,सुक्क॑ नर॑ल,ஸுக்கெநரெள்,sukke' nare'l,sukkE narEl,sukkĕ narĕl,s̪ukke n̪əɾel,copra,கொப்பரைக் தேங்காய்,Provisions,words
ꢕꣁꢪꢸ,घोमु,கோ4மு,gho'mu,ghOmu,ghŏmu,gʰomu,wheat,கோதுமை,Provisions,words
ꢕꣂꢪ ꢡꢥ꣄ꢣꢸ,घोम तन्दु,கோ4ம தந்து3,ghoma tandu,ghoma tandu,ghoma tandu,gʰoːmə t̪ən̪d̪u,wheat,கோதுமை,Provisions,words
ꢱꢾꢒ꣄ꢒꢬ꣄,सेक्कर्,ஸெக்கர்,se'kkar,sEkkar,sĕkkar,s̪ekkəɾ,sugar,சர்க்கரை,Provisions,words
ꢥꢶꢳꢪ꣄,निळम्,நிளம்,nil'am,niLam,nil̤am,n̪ɪɭəm,green gram,சிறுபயிறு,Provisions,words
ꢱꢶꢔꢵꢫ꣄ꢩꢸꢬ꣄ꢒꣁ,सिगाय्भुका॑,ஸிகா3ய்பு4ர்கொ,sigaaybhurko',sigAybhurkO,sigāybhurkŏ,s̪ɪgɑːjbʰuɾko,soapnut powder,சிகைக் காய்ப்பொடி,Provisions,words
ꢙꢶꢬꣁ,जिरा॑,ஜிரொ,jiro',jirO,jirŏ,d͡ʒɪɾo,cummin seeds,சீரகம்,Provisions,words
ꢗꢾꢒ꣄ꢒꢬ꣄ ꢒꢾꢳꢖ꣄ꢒꢸ,स॑क्कर क॑ळङ्कु,ஸெக்கரு கெளங்கு3,che'kkar ke'l'anku,cEkkar kELaGku,cĕkkar kĕl̤aṅku,t͡ʃekkəɾ keɭəŋku,sweet potato,சீனிக் கிழங்கு,Provisions,words
ꢱꣁꢠ꣄ꢜꢶ,सा॑ण्टि,ஸொண்டி,so'nt'i,sONTi,sŏṇṭi,s̪oɳʈɪ,dry ginger,சுக்கு,Provisions,words
ꢫꣂꢞ ꢪꢷꢜ꣄,सा॑डा मीट्,ஸோடா3மீட்,yod'a meet',yoDa mIT,yoḍa mīṭ,joːɖə miːʈ,caustic soda,சோடா உப்பு,Provisions,words
ꢚꣁꢳ꣄ꢳꣁ,झा॑ळ्ळा॑,ஜொ2ள்ளொ,jho'l'l'o',jhOLLO,jhŏl̤l̤ŏ,d͡ʒʰoɭɭo,maize,சோளம்,Provisions,words
ꢒꣁꢠ꣄ꢞꣁ,का॑ण्डा॑,கொண்டொ3,ko'nd'o',kONDO,kŏṇḍŏ,koɳɖo,bran,தவிடு,Provisions,words
ꢤꣂꢬꢸꢨꢾꢳꣁ,थोरु ब॑ळा॑,தோ2ருபெ3ளொ,dhorube'l'o',dhorubELO,dhorubĕl̤ŏ,d̪ʰoːɾubeɭo,arahar daal,துவரம் பருப்பு,Provisions,words
ꢤꣂꢬ꣄,थोर्,தோ2ர்,dhor,dhor,dhor,d̪ʰoːɾ,arahar pod,துவரை,Provisions,words
ꢥꢬꢸꢳꢸ ꢡꢾꢭ꣄,नरळु तेल,நரளுதேல்,narul'u te'l,naruLu tEl,narul̤u tĕl,n̪əɾuɭu t̪el,coconut oil,தேங்காய் எண்ணெய்,Provisions,words
ꢜꢷ,टी,டீ,t'ee,TI,ṭī,ʈiː,tea,தேயிலை,Provisions,words
ꢗꣁꢒꢜ꣄ꢡꢾꢭ꣄,चा॑कट्तेल,சொகட்தேல்,cho'kat'te'l,cOkaTtEl,cŏkaṭtĕl,t͡ʃokəʈt̪el,gingili oil,நல்லெண்ணெய்,Provisions,words
ꢩꣁꢄꢄ ꢗꢾꢥ꣄ꢥꣁ,भोइ~ च॑न्ना॑,பொ4இ~ சென்னொ,bho'ii che'nno',bhOii cEnnO,bhŏii cĕnnŏ,bʰoɪɪ t͡ʃen̪n̪o,ground nut,நிலக்கடலை,Provisions,words
ꢒꢞꢭꢾ,कडल॑,கட3லெ,kad'ale',kaDalE,kaḍalĕ,kəɖəle,ground nut,நிலக்கடலை,Provisions,words
ꢱꢵꢭ꣄,साल्,ஸாள்,saal,sAl,sāl,s̪ɑːl,paddy,நெல்,Provisions,words
ꢦꢜ꣄ꢜꢵꢠꢶ,पट्टाणि,பட்டாணி,pat't'aani,paTTANi,paṭṭāṇi,pəʈʈɑːɳɪ,peas,பட்டாணி,Provisions,words
ꢨꢾꢳꣁ,ब॑ळा॑,பெ3ளொ,be'l'o',bELO,bĕl̤ŏ,beɭo,daal,பருப்பு,Provisions,words
ꢱꢶꢱ꣄ꢭꣁ,सिस्ला॑,ஸிஸ்லொ,sislo',sislO,sislŏ,s̪ɪs̪lo,provisions,பலசரக்கு,Provisions,words
ꢂꢦ꣄ꢦꢳ꣄,अप्पळ,ஹப்பள்,appal',appaL,appal̤,əppəɭ,arecanut,பாக்கு,Provisions,words
ꢥꢶꢭꢪꢸ꣄ ꢨꢾꢳꣁ,निलमु ब॑ळा॑,நிளமுபெ3ளொ,nilamu be'l'o',nilamu bELO,nilam_ŭ bĕl̤ŏ,n̪ɪləmu beɭo,green gram,பாசிப்பயிறு,Provisions,words
ꢨꢵꢣꢵꢪ꣄,बादाम्,பா3தா3ம்,baadaam,bAdAm,bādām,bɑːd̪ɑːm,almond,பாதாம் பருப்பு,Provisions,words
ꢨꢵꢬ꣄ꢭꢶ,बार्लि,பா3ர்லி,baarli,bArli,bārli,bɑːɾlɪ,barley,பார்லி,Provisions,words
ꢤꢸꢪ꣄ꢦꢵꢥ꣄,धुम्पान्,து4ம்பான்,dhumpaan,dhumpAn,dhumpān,d̪ʰumpɑːn̪,tobacco,புகையிலை,Provisions,words
ꢲꢸꢞ ꢡꢥ꣄ꢣꢸ,हुड तन्दु,ஹுட3 தந்து3,hud'a tandu,huDa tandu,huḍa tandu,ɦuɖə t̪ən̪d̪u,boiled rice,புழுங்கல் அரிசி,Provisions,words
ꢗꢷꢱ꣄,चीस्,சீஸ்,chees,cIs,cīs,t͡ʃiːs̪,tamarind,புளி,Provisions,words
ꢪꢴꣁꢞ ꢙꢶꢬꣁ,म्हा॑ड जिरा॑,மொ:ட3ஜிரொ,mho'd'a jiro',mhODa jirO,mhŏḍa jirŏ,mɦoɖə d͡ʒɪɾo,aniseed,பெருஞ்சீரகம்,Provisions,words
ꢲꢳꢡ꣄,हळत्,ஹளத்,hal'at,haLat,hal̤at,ɦəɭət̪,turmeric,மஞ்சள்,Provisions,words
ꢣꢶꢔꢬꢪ꣄,दिगरम्,தி3க3ரம்,digaram,digaram,digaram,d̪ɪgəɾəm,kerosine,மண்ணெண்ணெய்,Provisions,words
ꢪꢹꢭ꣄ꢡꢸꢭ꣄ꢭꣁ ꢃꢭ꣄ꢮꢭ꣄ꢭꢶ ꢒꢶꢳꢖ꣄ꢔꢸ,मूल्पुल्ला॑ आल्वल्लि किळङ्गु,மூல்துல்லொ ஆல்வல்லி கிழங்கு3,mooltullo' aalvalli kil'angu,mUltullO Alvalli kiLaGgu,mūltullŏ ālvalli kil̤aṅgu,muːlt̪ullo ɑːlʋəllɪ kɪɭəŋgu,,,Provisions,words
ꢃꢭ꣄ ꢮꢭ꣄ꢭꢶ ꢒꢶꢳꢖ꣄ꢔꢸ,आल्वल्लि किळङ्गु,ஆல்வல்லி கிழங்கு3,aal valli kil'angu,Al valli kiLaGgu,āl valli kil̤aṅgu,ɑːl ʋəllɪ kɪɭəŋgu,,,Provisions,words
ꢦꢷꢜ꣄,पीट्,பீட்,peet',pIT,pīṭ,piːʈ,flour,மாவு,Provisions,words
ꢪꢶꢬꢶ,मिरि,மிரி,miri,miri,miri,mɪɾɪ,pepper,மிளகு,Provisions,words
ꢒꢵꢙꢸ,काजु,காஜு,kaaju,kAju,kāju,kɑːd͡ʒu,cashew nut,முந்திரிப் பருப்பு,Provisions,words
ꢒꢾꢥ꣄ꢥꢸ,क॑न्नु,கென்னு,ke'nnu,kEnnu,kĕnnu,ken̪n̪u,bean gram,மொச்சைப் பயிறு,Provisions,words
ꢬꢮꢾ,रव॑,ரவெ,rave',ravE,ravĕ,ɾəʋe,suji,ரவை,Provisions,words
ꢱꣁꢙ꣄ꢙꢶ,सा॑ज्जि,ஸொஜ்ஜி,so'jji,sOjji,sŏjji,s̪od͡ʒd͡ʒɪ,suji,ரவை,Provisions,words
ꢦꢹꢱꢸ ꢪꢶꢬꢶ,पूसुमिरि,பூஸுமிரி,poosu miri,pUsu miri,pūsu miri,puːs̪u mɪɾɪ,tail pepper,வால்மிளகு,Provisions,words
ꢗꢫ꣄ꢭꢶ,चय्लि,சய்லி,chayli,cayli,cayli,t͡ʃəjlɪ,Sidedish,வெஞ்சனம்,Provisions,words
ꢪꢶꢡ꣄ꢡꢶ,मित्ति,மித்தி,mitti,mitti,mitti,mɪt̪t̪ɪ,fenugreek,வெந்தயம்,Provisions,words
ꢔꢸꢳ꣄ꢳꢸ,गुळ्ळु,கு3ள்ளு,gul'l'u,guLLu,gul̤l̤u,guɭɭu,Jaggary,வெல்லம்,Provisions,words
ꢔꢸꢞ꣄ꢳꢸ,गुड्ळु,கு3ட்3ளு,gud'l'u,guDLu,guḍl̤u,guɖɭu,Jaggary,வெல்லம்,Provisions,words
ꢒꢞꢭꢾ,कडल॑,கட3லெ,kad'ale',kaDalE,kaḍalĕ,kəɖəle,groundnut,வேர்க்கடலை,Provisions,words
ꢙꢵꢡꢶ ꢒꢫ꣄ꢭꣁ,जाति कय्ला॑,ஜாதி கய்லொ,jaati kaylo',jAti kaylO,jāti kaylŏ,d͡ʒɑːt̪ɪ kəjlo,nutmeg,ஜாதிக்காய்,Provisions,words
ꢤꢸꢪ꣄ꢨꢸꢬꢵꢱ꣄ꢜꢸ,धुम्बुरास्टु,து4ம்பு3ராஸ்டு,dhumburaast'u,dhumburAsTu,dhumburāsṭu,d̪ʰumbuɾɑːs̪ʈu,galangal,சித்தரத்தை,Provisions,words
ꢓꢙꢸꢬ꣄,खजुर,க2ஜுர்,khajur,khajur,khajur,kʰəd͡ʒuɾ,dates,பேரிச்சம்பழம்,Provisions,words
ꢓꢱ꣄ꢭꣁ,खस्ला॑,க2ஸ்லொ,khaslo',khaslO,khaslŏ,kʰəs̪lo,dates,பேரிச்சம்பழம்,Provisions,words
ꢒꢱ꣄ꢡꢥ꣄ꢡꢸ,कस्तन्त्तु,கஸ்தந்து3,kastantu,kastantu,kastantu,kəs̪t̪ən̪t̪u,,பச்சரிசி,Provisions,words
ꢣꢫ꣄ꢬꣁ,दय्रा॑,த3ய்ரொ,dayro',dayrO,dayrŏ,d̪əjɾo,left side,இடது,Directions,words
ꢣꢫ꣄ꢬ,दय्र,த3ய்ர,dayra,dayra,dayra,d̪əjɾə,left side,இடம்,Directions,words
ꢓꣃꢥꢱ꣄,खौनस,கௌ2னஸ்,khaunas,khaunas,khaunas,kʰəun̪əs̪,east,கிழக்கு,Directions,words
ꢣꢶꢒ꣄ꢒꢸ,दिक्कु,தி3க்கு,dikku,dikku,dikku,d̪ɪkku,direction,திக்கு,Directions,words
ꢣꢶꢱꣁ,दिसा॑,தி3ஸொ,diso',disO,disŏ,d̪ɪs̪o,direction,திசை,Directions,words
ꢣꢾꢒ꣄ꢰꢠ꣄,द॑क्षण्,தெ3க்ஷண்,de'kshan,dEkSaN,dĕkṣaṇ,d̪ekʂəɳ,south,தெற்கு,Directions,words
ꢣꢾꢒ꣄ꢰꢓꣃꢥꢱ꣄,द॑क्षखौनस,தெ3க்ஷகௌ2னஸ்,de'kshakhaunas,dEkSakhaunas,dĕkṣakhaunas,d̪ekʂəkʰəun̪əs̪,south-east,தென்கிழக்க,Directions,words
ꢣꢾꢒ꣄ꢰꣁꢱ꣄ꢡꣁ,द॑क्षोस्ता॑,தெ3க்ஷொஸ்தொ,de'ksho'sto',dEkSOstO,dĕkṣŏstŏ,d̪ekʂos̪t̪o,south-west,தென்மேற்கு,Directions,words
ꢆꢡ꣄ꢡꢬ꣄,उत्तर,உத்தர்,uttar,uttar,uttar,ut̪t̪əɾ,north,வடக்கு,Directions,words
ꢆꢡ꣄ꢓꣃꢥꢱ꣄,उखौनस,உத்கௌ2னஸ்,utkhaunas,utkhaunas,utkhaunas,ut̪kʰəun̪əs̪,north-east,வடகிழக்கு,Directions,words
ꢆꢡ꣄ꢲꣁꢱ꣄ꢡꣁ,उत हा॑स्ता॑,உத்ஹொஸ்தொ,ut_ho'sto',ut_hOstO,ut_hŏstŏ,ut̪_ɦos̪t̪o,north-west,வடமேற்கு,Directions,words
ꢙꢫ꣄ꢥꣁ,जय्ना॑,ஜய்நொ,jayno',jaynO,jaynŏ,d͡ʒəjn̪o,right side,வலது,Directions,words
ꢙꢫ꣄ꢥ,जय्न,ஜய்ந,jayna,jayna,jayna,d͡ʒəjn̪ə,right side,வலம்,Directions,words
ꢂꢱ꣄ꢡꢪꢥꣁ,अस्तमना॑,அஸ்தமனொ,astamano',astamanO,astamanŏ,əs̪t̪əmən̪o,Sun setting,அஸ்தமனம்,Sky,words
ꢂꢒꢵꢯ꣄ ꢔꢾꢖ꣄ꢔꣁ,अकाष् ग॑ङगा॑,அகாஸு கெ3ங்கொ3,akaash ge'ngo',akAz gEGgO,akāś gĕṅgŏ,əkɑːʃ geŋgo,milkyway,ஆகாயகங்கை,Sky,words
ꢂꢒꢵꢱ꣄,अकास,அகாஸ்,akaas,akAs,akās,əkɑːs̪,sky,ஆகாயம்,Sky,words
ꢮꢵꢦ꣄,वाप्,வாப்,vaap,vAp,vāp,ʋɑːp,steam,ஆவி,Sky,words
ꢦꢮꢶ,पवि,பவி,pavi,pavi,pavi,pəʋɪ,thunder,இடி,Sky,words
ꢦꢶꢞꢸ,पिडु,பிடு3,pid'u,piDu,piḍu,pɪɖu,thunder,இடி,Sky,words
ꢲꢥ꣄ꢣꢵꢬ꣄,हन्दार्,ஹந்தா3ர்,handaar,handAr,handār,ɦən̪d̪ɑːɾ,darkness,இருட்டு,Sky,words
ꢔꢾꢮꢶ,ग॑वि,கெ3வி,ge'vi,gEvi,gĕvi,geʋɪ,darkness,இருட்டு,Sky,words
ꢆꢣꢫꢪ꣄,उदयम्,உத3யம்,udayam,udayam,udayam,ud̪əjəm,rise,உதயம்,Sky,words
ꢱꢸꢬꢶꢡꢸ ꢥꢶꢒꢶꢭ꣄ꢥꢶ,सुरितु निकिल्नि,ஸுரிது நிகிள்னி,suritu nikilni,suritu nikilni,suritu nikilni,s̪uɾɪt̪u n̪ɪkɪln̪ɪ,rise,உதயம்,Sky,words
ꢙꢵꢳꢸꢗꢸꢒ꣄ꢒꣁ,जाळुचुक्का॑,ஜாளுசுக்கொ,jaal'uchukko',jALucukkO,jāl̤ucukkŏ,d͡ʒɑːɭut͡ʃukko,shooting star,எரி நட்சத்திரம்,Sky,words
ꢂꢔꢗꢵꢭ꣄ ꢂꢫ꣄ꢣꢸ,अगचाल्अय्दु,அக3சால்அய்து3,agachaal aydu,agacAl aydu,agacāl aydu,əgət͡ʃɑːl əjd̪u,rocket,ஏவுகணை,Sky,words
ꢦ꣄ꢬꢒ꣄ꢰꢾꢦꢥꣁ,प्रक्षेपना॑,ப்ரக்ஷேபனொ,prakshe'pano',prakSEpanO,prakṣĕpanŏ,pɾəkʂepən̪o,rocket,ஏவுகணை,Sky,words
ꢕꢶꢬꢵꢠ꣄,घिराण,கி4ராண்,ghiraan,ghirAN,ghirāṇ,gʰɪɾɑːɳ,eclipse,கிரகணம்,Sky,words
ꢔꣁꢳ꣄꣄,गोळ,கோ3ள்,go'l',gOL,gŏl̤,goɭ,planet,கிரகம்,Sky,words
ꢒꢶꢬꢠ꣄,किरण्,கிரண்,kiran,kiraN,kiraṇ,kɪɾəɳ,"rays, beam",கிரணம்,Sky,words
ꢒꢿꢡꢸ,केतु,கேது,ketu,ketu,ketu,keːt̪u,uranus,கேது,Sky,words
ꢗꢥ꣄ꢣ꣄ꢬ ꢕ꣄ꢬꢵꢠ꣄,चन्दर घ्राण,சந்த்3ரக்4ராண்,chandra ghraan,candra ghrAN,candra ghrāṇ,t͡ʃən̪d̪ɾə gʰɾɑːɳ,lunar eclipse,சந்திர கிரகணம்,Sky,words
ꢗꢵꢥ꣄ꢣꢸ ꢕ꣄ꢬꢵꢠ꣄,चान्दु घ्राण,சாந்து3 க்4ராண்,chaandu ghraan,cAndu ghrAN,cāndu ghrāṇ,t͡ʃɑːn̪d̪u gʰɾɑːɳ,lunar eclipse,சந்திர கிரகணம்,Sky,words
ꢗꢾꢥ꣄ꢣꢵꢪꢸ ꢕ꣄ꢬꢵꢠ꣄,चेन्दामु घ्राण,செந்தா3மு க்4ராண்,che'ndaamu ghraan,cEndAmu ghrAN,cĕndāmu ghrāṇ,t͡ʃen̪d̪ɑːmu gʰɾɑːɳ,lunar eclipse,சந்திர கிரகணம்,Sky,words
ꢗꢾꢥ꣄ꢣꢵꢪ꣄,चेन्दाम,செந்தா3ம்,che'ndaam,cEndAm,cĕndām,t͡ʃen̪d̪ɑːm,Moon,சந்திரன்,Sky,words
ꢗꢵꢥ꣄ꢣꢸ,चान्दु,சாந்து3,chaandu,cAndu,cāndu,t͡ʃɑːn̪d̪u,Moon,சந்திரன்,Sky,words
ꢱ꣄ꢥꢶ,सनि,ஸனி,sni,sni,sni,s̪n̪ɪ,Saturn,சனி,Sky,words
ꢱꢾꢥꢶ,स॑नि,ஸெனி,se'ni,sEni,sĕni,s̪en̪ɪ,Saturn,சனி,Sky,words
ꢱꢸꢒ꣄ꢒꢸꢬ꣄,सुक्कुर,ஸுக்குர்,sukkur,sukkur,sukkur,s̪ukkuɾ,Venus,சுக்கிரன்,Sky,words
ꢱꢸꢳꢶꢮꢬꣂ,सुळिवरा॑,ஸுளிவரொ,sul'ivaro,suLivaro,sul̤ivaro,s̪uɭɪʋəɾoː,whirlwind,சுழற்காற்று,Sky,words
ꢱꢹꢬ꣄ꢫ ꢕ꣄ꢬꢵꢠ꣄,सूर्य घ्राण,ஸூர்யக்4ராண்,soorya ghraan,sUrya ghrAN,sūrya ghrāṇ,s̪uːɾjə gʰɾɑːɳ,solar eclipse,சூரிய கிரகணம்,Sky,words
ꢱꢸꢬꢶꢡꢸ ꢪꢠ꣄ꢞꢭ꣄,सूरितु मण्डल,ஸுரிதுமண்ட3ல்,suritu mand'al,suritu maNDal,suritu maṇḍal,s̪uɾɪt̪u məɳɖəl,solar system,சூரிய மண்டலம்,Sky,words
ꢱꢹꢬ꣄ꢫ ꢪꢠ꣄ꢞꢭ꣄,सुर्य मण्डल,ஸூர்ய மண்ட3ல்,soorya mand'al,sUrya maNDal,sūrya maṇḍal,s̪uːɾjə məɳɖəl,solar system,சூரிய மண்டலம்,Sky,words
ꢱꢸꢬꢶꢡ꣄,सुरित,ஸுரித்,surit,surit,surit,s̪uɾɪt̪,Sun,சூரியன்,Sky,words
ꢩꢵꢥꢸ,भानु,பா4னு,bhaanu,bhAnu,bhānu,bʰɑːn̪u,Sun,சூரியன்,Sky,words
ꢆꢦꢨ꣄ꢬꢲꣁ,उपग्रहा॑,உபக்3ரஹொ,upabraho',upabrahO,upabrahŏ,upəbɾəɦo,satellite,செயற்கைக்கோள்,Sky,words
ꢪꢖ꣄ꢔꢳ꣄ ꢔ꣄ꢬꢲꣁ,मङ्गळ ग्रहा॑,மங்க3ள் க்3ரஹொ,mangal' graho',maGgaL grahO,maṅgal̤ grahŏ,məŋgəɭ gɾəɦo,Mars,செவ்வாய்,Sky,words
ꢱꢸꢬꢶꢡ,सुरित,ஸுரித்,surita,surita,surita,s̪uɾɪt̪ə,Sun,ஞாயிறு,Sky,words
ꢱꢬꢔ꣄ꢬꢲꣁ,सहग्रहा॑,ஸஹக்3ரஹொ,saragraho',saragrahO,saragrahŏ,s̪əɾəgɾəɦo,satellite,துணைக்கிரகம்,Sky,words
ꢗꢶꢥꢸꢒ꣄,चिनुक,சினுக்,chinuk,cinuk,cinuk,t͡ʃɪn̪uk,drizzling,தூறல்,Sky,words
ꢗꢶꢖ꣄ꢒꢸꢭ꣄,चिङ्कुल,சிங்குல்,chinkul,ciGkul,ciṅkul,t͡ʃɪŋkul,drizzling,தூறல்,Sky,words
ꢪꢵꢬꢸꢡ꣄,मारुत,மாருத்,maarut,mArut,mārut,mɑːɾut̪,breeze,தென்றல்,Sky,words
ꢗꢸꢒ꣄ꢒꣁ,चुक्को,சுக்கொ,chukko',cukkO,cukkŏ,t͡ʃukko,star,நட்சத்திரம்,Sky,words
ꢥꣁꢮ꣄ꢔꢶꢬꢲꢵꢥ꣄,ना॑व्गिरहान,நொவ்க்3ரஹான்,no'vgirahaan,nOvgirahAn,nŏvgirahān,n̪oʋgɪɾəɦɑːn̪,the nine planets,நவக்கிரகம்,Sky,words
ꢗꢾꢥ꣄ꢣꢵꢪꢸ ꢲꢹꢙꢵꢭ꣄,चेन्दाम्हुजाल्,செந்தா3முஹுஜாள்,che'ndaamu hoojaal,cEndAmu hUjAl,cĕndāmu hūjāl,t͡ʃen̪d̪ɑːmu ɦuːd͡ʒɑːl,moonlight,நிலவு,Sky,words
ꢗꢥ꣄ꢣ꣄ꢬꢶꢒꣁ,चन्द्रिका॑,சந்த்3ரிகொ,chandriko',candrikO,candrikŏ,t͡ʃən̪d̪ɾɪko,moonlight,நிலவு,Sky,words
ꢗꢥ꣄ꢣ꣄ꢬ ꢦ꣄ꢬꢩꣁ,चन्द्र प्रभा॑,சந்த்3ர ப்ரபொ4,chandra prabho',candra prabhO,candra prabhŏ,t͡ʃən̪d̪ɾə pɾəbʰo,moonlight,நிலவு,Sky,words
ꢒꣃꢪꢸꢣꢶ,कौमुदि,கௌமுதி3,kaumudi,kaumudi,kaumudi,kəumud̪ɪ,moonlight,நிலவு,Sky,words
ꢗꢾꢥ꣄ꢡꢵꢪ꣄,चेन्ताम्,செந்தா3ம்,che'ntaam,cEntAm,cĕntām,t͡ʃen̪t̪ɑːm,moon,நிலா,Sky,words
ꢗꢵꢥ꣄ꢣꢸ,चान्दु,சாந்து3,chaandu,cAndu,cāndu,t͡ʃɑːn̪d̪u,moon,நிலா,Sky,words
ꢄꢥ꣄ꢣꢸ,इन्दु,இந்து3,indu,indu,indu,ɪn̪d̪u,moon,நிலா,Sky,words
ꢗꢥ꣄ꢣ꣄ꢬꢫꢵꢥ꣄,चन्द्रयान,சந்த்3ரயான்,chandrayaan,candrayAn,candrayān,t͡ʃən̪d̪ɾəjɑːn̪,lunar module,நிலாவூர்தி,Sky,words
ꢬꢸꢡꢸꢮꢬꣁ,रुतुवरा॑,ருதுவரொ,rutuvaro',rutuvarO,rutuvarŏ,ɾut̪uʋəɾo,seasonal wind,பருவக்காற்று,Sky,words
ꢬꢸꢡꢸꢦꣁꢮ꣄ꢱ꣄,रुतुपा॑व्स,ருதுபொவ்ஸ்,rutupo'vs,rutupOvs,rutupŏvs,ɾut̪upoʋs̪,monsoon,பருவ மழை,Sky,words
ꢪꣁꢖ꣄ꢗꢸ,मा॑ञ्चु,மொஞ்சு,mo'ngchu,mOGcu,mŏṅcu,moŋt͡ʃu,mist,பனி,Sky,words
ꢲꢶꢪꢵ ꢔꢾꢞ꣄ꢞꣁ,हिमा ग॑ड्डा॑,ஹிமா கெ3ட்3டொ3,himaa ge'd'd'o',himA gEDDO,himā gĕḍḍŏ,ɦɪmɑː geɖɖo,snow,பனிக்கட்டி,Sky,words
ꢲꢶꢪꢵ ꢨꢶꢥ꣄ꢣꢸ,हिमा बिन्दु,ஹிமாபி3ந்து3,himaa bindu,himA bindu,himā bindu,ɦɪmɑː bɪn̪d̪u,dew drops,பனித்துளி,Sky,words
ꢐꢱꢸ ꢨꢶꢥ꣄ꢣꢸ,ओसु बिन्दु,ஓஸு பி3ந்து3,osu bindu,osu bindu,osu bindu,oːs̪u bɪn̪d̪u,dew drops,பனித்துளி,Sky,words
ꢨꢸꢤꣁ,बुधा॑,பு3தொ4,budho',budhO,budhŏ,bud̪ʰo,Mercury,புதன்,Sky,words
ꢨꢸꢤꣁ ꢔ꣄ꢬꢲꣁ,बुद्ग ग्रहा॑,பு3த4க்3ரஹொ,budho' graho',budhO grahO,budhŏ grahŏ,bud̪ʰo gɾəɦo,Mercury,புதன்,Sky,words
ꢱꢸꢳꢶ ꢮꢬꣁ,सुळि वरा॑,ஸுளி வரொ,sul'i varo',suLi varO,sul̤i varŏ,s̪uɭɪ ʋəɾo,storm,புயல்,Sky,words
ꢩꢹ ꢃꢒꢬ꣄ꢰꢠ ꢯꢒ꣄ꢡꢶ,भू आकर्षण शक्ति,பூ4 ஆகர்ஷண ஶக்தி,bhoo aakarshana shakti,bhU AkarSaNa zakti,bhū ākarṣaṇa śakti,bʰuː ɑːkəɾʂəɳə ʃəkt̪ɪ,gravitational force,புவி ஈர்ப்புச்சக்தி,Sky,words
ꢪꢡ꣄ꢡꢶ ꢮꢬꣁ,मत्ति वरा॑,மத்திவரொ,matti varo',matti varO,matti varŏ,mət̪t̪ɪ ʋəɾo,sand storm,மணல்காற்று,Sky,words
ꢦꣁꢮ꣄ꢱ꣄,पा॑व्स्,பொவ்ஸ்,po'vs,pOvs,pŏvs,poʋs̪,rain,மழை,Sky,words
ꢂꢱ꣄ꢡꢪꢵꢥ꣄,अस्तमान्,அஸ்தமான்,astamaan,astamAn,astamān,əs̪t̪əmɑːn̪,setting,மறைவு,Sky,words
ꢮꢶꢣ꣄ꢫꢸꢡ꣄,विद्युत,வித்3யுத்,vidyut,vidyut,vidyut,ʋɪd̪jut̪,lightning,மின்னல்,Sky,words
ꢪꢿꢕ꣄꣄,मेघ,மேக்4,megh,megh,megh,meːgʰ,cloud,முகில்,Sky,words
ꢪꣁꢨ꣄ꢨꢸ,मा॑ब्बु,மொப்3பு3,mo'bbu,mObbu,mŏbbu,mobbu,fog,மோடம்,Sky,words
ꢬꢵꢲꢸ,राहु,ராஹு,raahu,rAhu,rāhu,ɾɑːɦu,Neptune,ராகு,Sky,words
ꢮꢬꣁ,वरा॑,வரொ,varo',varO,varŏ,ʋəɾo,air/wind,வளி,Sky,words
ꢦꢹꢱꢸ ꢗꢸꢒ꣄ꢒꣁ,पूसु चुक्को,பூஸுசுக்கொ,poosu chukko',pUsu cukkO,pūsu cukkŏ,puːs̪u t͡ʃukko,comet,வால் நட்சத்திரம்,Sky,words
ꢂꢒꢵꢰ꣄,अकास,அகாஸ்,akaash,akAS,akāṣ,əkɑːʂ,sky,வானம்,Sky,words
ꢲꢨꢵꢳ꣄,हबाळ,ஹபா3ள்,habaal',habAL,habāl̤,ɦəbɑːɭ,sky,வானம்,Sky,words
ꢂꢒꢵꢱꢸ ꢮꢖ꣄ꢒꢜ꣄,अकासु वङ्कट,அகாஸு வங்கட்,akaasu vankat',akAsu vaGkaT,akāsu vaṅkaṭ,əkɑːs̪u ʋəŋkəʈ,rainbow,வானவில்,Sky,words
ꢂꢒꢵꢱꢸ ꢤꢥꢸꢱ꣄,अकासु धनुस,அகாஸு த4னுஸ்,akaasu dhanus,akAsu dhanus,akāsu dhanus,əkɑːs̪u d̪ʰən̪us̪,rainbow,வானவில்,Sky,words
ꢄꢥ꣄ꢣ꣄ꢬ ꢤꢥꢸꢱ꣄,इन्दर थनुस,இந்த்3ர த4னுஸ்,indra dhanus,indra dhanus,indra dhanus,ɪn̪d̪ɾə d̪ʰən̪us̪,rainbow,வானவில்,Sky,words
ꢮꢶꢫꣁꢪꢥ꣄,वियोमन,வியோமன்,viyo'man,viyOman,viyŏman,ʋɪjomən̪,space,வானவெளி,Sky,words
ꢱꢸꢥ꣄ꢫ ꢂꢒꢵꢱ꣄,सुन्य अकास,ஸூன்ய அகாஸ்,sunya akaas,sunya akAs,sunya akās,s̪un̪jə əkɑːs̪,space,வானவெளி,Sky,words
ꢱꢸꢒ꣄ꢒꢸꢬ꣄,सुक्कुर,ஸுக்குர்,sukkur,sukkur,sukkur,s̪ukkuɾ,morning star,விடி வெள்ளி,Sky,words
ꢔꢸꢬꢸ,गुरु,கு3ரு,guru,guru,guru,guɾu,Jupiter,வியாழன்,Sky,words
ꢲꢹꢥ꣄,हून,ஹூன்,hoon,hUn,hūn,ɦuːn̪,sunlight,வெயில்,Sky,words
ꢱꢸꢒ꣄ꢒꢸꢬ꣄,सुक्कुर,ஸுக்குர்,sukkur,sukkur,sukkur,s̪ukkuɾ,star,வெள்ளி,Sky,words
ꢲꢸꢙꢵꢭ꣄,हूजाल,ஹூஜாள்,hujaal,hujAl,hujāl,ɦud͡ʒɑːl,light,வெளிச்சம்,Sky,words
ꢦꢶꢥ꣄ꢣꢵ,पिन्दा,பிந்தா3,pindaa,pindA,pindā,pɪn̪d̪ɑː,"young, tender",இளம்,Adjectives,words
ꢥꢴꢥ꣄ꢥ,न्हन्न,ந:ன்ன,nhanna,nhanna,nhanna,n̪ɦən̪n̪ə,young,இளைய,Adjectives,words
ꢒꢸꢳ꣄ꢳꢾ,कुळ्ळ॑,கு3ள்ளெ,kul'l'e',kuLLE,kul̤l̤ĕ,kuɭɭe,sweet,இனிய,Adjectives,words
ꢗꢾꢬ꣄ꢒ꣄ꢒꢲꣁꢫꢾ,च॑र्क्कहा॑य॑,ஸெர்கஹொயெ,che'rkkaho'ye',cErkkahOyE,cĕrkkahŏyĕ,t͡ʃeɾkkəɦoje,appropriate,ஏற்ற,Adjectives,words
ꢓꢭꢶ,खलि,க2லி,khali,khali,khali,kʰəlɪ,empty,காலி,Adjectives,words
ꢂꢒ꣄ꢒꢸꢬꢵ,अक्कुरा,அக்குரா,akkuraa,akkurA,akkurā,əkkuɾɑː,short,குறுகிய,Adjectives,words
ꢥꢷꢗ,नीच,நீச,neecha,nIca,nīca,n̪iːt͡ʃə,bad,கெட்ட,Adjectives,words
ꢬꢸꢮ꣄ꢮ,रुव्व,ருவ்வ,ruvva,ruvva,ruvva,ɾuʋʋə,"a little, a few",கொஞ்சம் / சில,Adjectives,words
ꢢꢾꢮ꣄ꢞ,थ॑व्ड,தெ2வ்ட3,the'vd'a,thEvDa,thĕvḍa,t̪ʰeʋɖə,"a little, a few",கொஞ்சம் / சில,Adjectives,words
ꢬꢸꢮ꣄ꢮ,रुव्व,ருவ்வ,ruvva,ruvva,ruvva,ɾuʋʋə,a little,சிறிது,Adjectives,words
ꢩꢾꢭꢶꢗꣁꢒ꣄ꢒꢜ꣄,भ॑लिचा॑क्कट,பெ4ளிசொக்கட்,bhe'licho'kkat',bhElicOkkaT,bhĕlicŏkkaṭ,bʰelɪt͡ʃokkəʈ,very good,சீரிய,Adjectives,words
ꢗꣁꢒ꣄ꢒꢜ꣄,चा॑क्कट्,சொக்கட்,cho'kkat',cOkkaT,cŏkkaṭ,t͡ʃokkəʈ,good,நல்ல,Adjectives,words
ꢙꢸꢒ꣄ꢒꢸ,जुक्कु,ஜு2க்கு,jukku,jukku,jukku,d͡ʒukku,many,நிறைய,Adjectives,words
ꢩꢾꢭꢶ ꢥꢴꢥ꣄ꢥ,भ॑लिन्हन्न,பெ4ளிந:ன்ன,bhe'li nhanna,bhEli nhanna,bhĕli nhanna,bʰelɪ n̪ɦən̪n̪ə,minute,நுண்ணிய,Adjectives,words
ꢭꢪ꣄ꢨ,लम्ब,லம்ப3,lamba,lamba,lamba,ləmbə,"long, tall",நெடிய,Adjectives,words
ꢆꢛ꣄ꢗ,उञ्च,உஞ்ச,uncha,uJca,uñca,uɲt͡ʃə,"long, tall",நெடிய,Adjectives,words
ꢚꢸꢒ꣄ꢒꢸꢒꢵꢭ,झुक्कुकाल,ஜீ2க்குகால,jhukkukaala,jhukkukAla,jhukkukāla,d͡ʒʰukkukɑːlə,"tall things, long",நெடும்,Adjectives,words
ꢚꢸꢒ꣄ꢒꢸ,झुक्कु,ஜு2க்கு,jhukku,jhukku,jhukku,d͡ʒʰukku,many,பல,Adjectives,words
ꢙꢸꢥ꣄ꢥ,जुन्न,ஜுன்ன,junna,junna,junna,d͡ʒun̪n̪ə,"old, ancient",பழைய,Adjectives,words
ꢥꣁꢮꣁ,ना॑वा॑,நொவொ,no'vo',nOvO,nŏvŏ,n̪oʋo,new,புதிய / புது,Adjectives,words
ꢪꢴꣁꢜ꣄ꢜꣁ,म्हा॑ट्ट,மொ:ட்ட,mho't't'o',mhOTTO,mhŏṭṭŏ,mɦoʈʈo,big,பெரிய,Adjectives,words
ꢧꢸꢬ,फुर,பு2ர,phura,phura,phura,pʰuɾə,enough,போதிய,Adjectives,words
ꢧꢸꢬꢲꣁꢫꢾ,फुरहा॑य॑,பு2ரஹொயெ,phuraho'ye',phurahOyE,phurahŏyĕ,pʰuɾəɦoje,enough,போதிய,Adjectives,words
ꢩꢾꢭꢶ,भ॑लि,பெ4ளி,bhe'li,bhEli,bhĕli,bʰelɪ,very,மிக்க/மிக,Adjectives,words
ꢮꢿꢥ꣄,वेन,வேன்,ven,ven,ven,ʋeːn̪,very,மிக்க/மிக,Adjectives,words
ꢨꣁꢭꢶꢪꢸ,बा॑लिमु,பொ3லிமு,bo'limu,bOlimu,bŏlimu,bolɪmu,strong,வலிய,Adjectives,words
ꢂꢥꢾꢒ,अनेक,அனேக,ane'ka,anEka,anĕka,ən̪ekə,"very, a lot of",வெகு,Adjectives,words
ꢥꢶꢱ꣄ꢡ,निस्त,நிஸ்த,nista,nista,nista,n̪ɪs̪t̪ə,only,வெறும்,Adjectives,words
ꢮꢾꢒ꣄ꢳ꣄,व॑क्ळ,வெக்ள,ve'kl',vEkL,vĕkl̤,ʋekɭ,different,வேறு,Adjectives,words
ꢭ,ल,ல,la,la,la,lə,different,வேறு,Adjectives,words
ꢦꢾꢱꢵꢮ꣄꣄,प॑सावरुन्ति,பெஸாவ்,pe'saav,pEsAv,pĕsāv,pes̪ɑːʋ,breadth,அகலம்,Measurements,words
ꢬꢸꢥ꣄ꢡꢶ,प॑सावरुन्ति,ருந்தி,runti,runti,runti,ɾun̪t̪ɪ,breadth,அகலம்,Measurements,words
ꢨꣂꢜ꣄,बा॑ट्,போ3ட்,bot',boT,boṭ,boːʈ,inch,அங்குலம்,Measurements,words
ꢂꢞꢶ,अडि,அடி3,ad'i,aDi,aḍi,əɖɪ,foot,அடி,Measurements,words
ꢪꣂꢦꢸ,मोवु,மோவு,mopu,mopu,mopu,moːpu,measurement,அளவு,Measurements,words
ꢪꣂꢦꢸ ꢓꢜ꣄ꢜꢶ,मोवुखट्टि,மோவுக2ட்டி,mopu khat't'i,mopu khaTTi,mopu khaṭṭi,moːpu kʰəʈʈɪ,scale,அளவு கோல்,Measurements,words
ꢂꢬꣁ,अरा॑,அரொ,aro',arO,arŏ,əɾo,radius,ஆரம்,Measurements,words
ꢥꢶꢪ꣄ꢥꣁ,निम्ना॑,நிம்னொ,nimno',nimnO,nimnŏ,n̪ɪmn̪o,depth,ஆழம்,Measurements,words
ꢭꣁꢡ꣄,लोत,லோத்,lo't,lOt,lŏt,lot̪,depth,ஆழம்,Measurements,words
ꢂꢜ꣄ꢥꣁ,अट्ना॑,அட்னொ,at'no',aTnO,aṭnŏ,əʈn̪o,1/8 of a standard measurment,ஆழாக்கு,Measurements,words
ꢲꢡ꣄ꢣꢞ꣄ꢞꣁ,हत्दड्डा॑,ஹத்த3ட்3டொ3,hatdad'd'o',hatdaDDO,hatdaḍḍŏ,ɦət̪d̪əɖɖo,half measure,உரி,Measurements,words
ꢒꢵꢭꢞ꣄ꢞꣁ,कालड्डा॑,காலட்3டொ3,kaalad'd'o',kAlaDDO,kālaḍḍŏ,kɑːləɖɖo,1/4 of a measure,உழக்கு,Measurements,words
ꢱꣂꢮꢸ,चोवु,சோவு,sovu,sovu,sovu,s̪oːʋu,1/4 of a measure,உழக்கு,Measurements,words
ꢩꢵꢬ꣄ꢪꣂꢮꢸ,भार्मोवु,பா4ர்மோவு,bhaarmovu,bhArmovu,bhārmovu,bʰɑːɾmoːʋu,measurement of weighing,நிறுத்தல் அளவை,Measurements,words
ꢙꣂꢒ꣄,जोक,ஜோக்,jok,jok,jok,d͡ʒoːk,weight,எடை,Measurements,words
ꢪꣁꢮ꣄ꢙꢥ꣄ꢪꣂꢮꢸ,मा॑व्जन्मोवु,மொவ்ஜன்மோவு,mo'vjanmovu,mOvjanmovu,mŏvjanmovu,moʋd͡ʒən̪moːʋu,measurement of counting,எண்ணல் அளவை,Measurements,words
ꢆꢦꢒꢬꢠꣁ,उपकरणा॑,உபகரணொ,upakarano',upakaraNO,upakaraṇŏ,upəkəɾəɳo,instrument,கருவி,Measurements,words
ꢔꢥꢪꣂꢦꢸ,गनमोपु,க3னமோவு,ganamopu,ganamopu,ganamopu,gən̪əmoːpu,cubic measurement,கன அளவு,Measurements,words
ꢩꢵꢬ꣄,भार्,பா4ர்,bhaar,bhAr,bhār,bʰɑːɾ,heavyness,கனம்,Measurements,words
ꢔꢾꢙ꣄ꢙꢸ,ग॑ज्जु,கெ3ஜ்ஜு,ge'jju,gEjju,gĕjju,ged͡ʒd͡ʒu,yard,கஜம்,Measurements,words
ꢂꢮ꣄ꢞ ꢪꣂꢮꢸ,अव्डमोवु,அவ்ட3மோவு,avd'a movu,avDa movu,avḍa movu,əʋɖə moːʋu,cross-section measurement,குறுக்களவு,Measurements,words
ꢗꢡ꣄ꢬꢸꢭ꣄ ꢪꣂꢮꢸ,चत्रुल्मोपु,சத்ருல்மோவு,chatrul movu,catrul movu,catrul movu,t͡ʃət̪ɾul moːʋu,square measurement,சதுர அளவு,Measurements,words
ꢙꢵꢠ꣄,जाण्,ஜாண்,jaan,jAN,jāṇ,d͡ʒɑːɳ,six inches or little more covering the tip of the stretched thumb to the tip of the stretched little finger,சாண்,Measurements,words
ꢗꢶꢪ꣄ꢜꣁ,चिटा॑,சிம்டொ,chimt'o',cimTO,cimṭŏ,t͡ʃɪmʈo,a pinch,சிட்டிகை,Measurements,words
ꢦꢬꢶꢡꢶ,परिति,பரிதி,pariti,pariti,pariti,pəɾɪt̪ɪ,perimeter,சுற்றளவு,Measurements,words
ꢒꢸꢠ꣄ꢮꢫ ꢪꣂꢮꢸ,कुण्वयमोवु,குண்வயமோவு,kunvaya movu,kuNvaya movu,kuṇvaya movu,kuɳʋəjə moːʋu,perimeter,சுற்றளவு,Measurements,words
ꢡꢸꢭꣁ,तुला॑,துலொ,tulo',tulO,tulŏ,t̪ulo,balance,தராசு,Measurements,words
ꢥꢬꢵꢙꢶ,नराजि,நராஜி,naraaji,narAji,narāji,n̪əɾɑːd͡ʒɪ,balance,தராசு,Measurements,words
ꢒꢸꢜ꣄ꢒꣁ,कुट्का॑,குட்கொ,kut'ko',kuTkO,kuṭkŏ,kuʈko,piece,துண்டு,Measurements,words
ꢨꢶꢥ꣄ꢣꢸ,बिन्दु,பி3ந்து3,bindu,bindu,bindu,bɪn̪d̪u,drop,துளி,Measurements,words
ꢡꣁꢭꣁ,ता॑ळा॑,தோலொ,to'lo',tOlO,tŏlŏ,t̪olo,a weight of 10 grams,தோலா,Measurements,words
ꢥꢵꢳꢶ,नाळि,நாளி,naal'i,nALi,nāl̤i,n̪ɑːɭɪ,approximately little more than half litre,நாழி,Measurements,words
ꢩꢵꢬ꣄ ꢪꣂꢮꢸ,भार्मोवु,பா4ர் மோவு,bhaar movu,bhAr movu,bhār movu,bʰɑːɾ moːʋu,Measurement of weight,நிறுத்தல் அளவை,Measurements,words
ꢭꢵꢪ꣄ ꢪꣂꢮꢶ,लाम्मोवु,லாம்மோவு,laam movi,lAm movi,lām movi,lɑːm moːʋɪ,linear measurement,நீட்டல் அளவை,Measurements,words
ꢪꢹꢬꣁ,मूरा॑,மூரொ,mooro',mUrO,mūrŏ,muːɾo,length,நீளம்,Measurements,words
ꢂꢞ꣄ꢞꣁ,अड्डा॑,அட்3டொ3,ad'd'o',aDDO,aḍḍŏ,əɖɖo,a little more than 2 litres,"பக்கா,",Measurements,words
ꢮꢜꣁ,वटू,வடொ,vat'o',vaTO,vaṭŏ,ʋəʈo,portion,பகுதி,Measurements,words
ꢂꢞ꣄ꢞꣁ,अड्डा॑,அட்3டொ3,ad'd'o',aDDO,aḍḍŏ,əɖɖo,approximately 1 litre,படி,Measurements,words
ꢥꢾꢬ꣄ꢦꢾꢪꣂꢮꢸ,न॑र्प॑मोवु,நெர்பெமோவு,ne'rpe'movu,nErpEmovu,nĕrpĕmovu,n̪eɾpemoːʋu,area,பரப்பளவு,Measurements,words
ꢦꢭꢪ꣄,पलम,பலம்,palam,palam,palam,pələm,a measurement of weight,பலம்,Measurements,words
ꢂꢣ꣄ꢣꢾ,हद्दे,ஹத்3தெ3,adde',addE,addĕ,əd̪d̪e,half,பாதி,Measurements,words
ꢪꢹꢣ꣄,मूड्,மூட்3,mood,mUd,mūd,muːd̪,a handfull,பிடி,Measurements,words
ꢪꢹꢞ꣄ꢩꣂꢬ꣄,मूड्बोऱ,மூட்3போ4ர்,mood'bhor,mUDbhor,mūḍbhor,muːɖbʰoːɾ,a handfull,பிடி,Measurements,words
ꢪꢬꢒ꣄ꢒꢵꢭ꣄,मरक्काल,மரக்கால்,marakkaal,marakkAl,marakkāl,məɾəkkɑːl,a measure of approximately 5 to 8 litres,மரக்கால்,Measurements,words
ꢪꢹꢬꣁ,मूरा॑,மூரொ,mooro',mUrO,mūrŏ,muːɾo,one arm length,மாறு,Measurements,words
ꢪꢷꢜ꣄ꢜꢬ꣄,मीट्टर्,மீட்டர்,meet't'ar,mITTar,mīṭṭar,miːʈʈəɾ,meter,மீட்டர்,Measurements,words
ꢪꢶꢛ꣄ꢗꢶ ꢪꣁꢮꢸ,मिञ्चिमोवु,மிஞ்சிமோவு,minchi mo'vu,miJci mOvu,miñci mŏvu,mɪɲt͡ʃɪ moʋu,a measuere of capacity,முகத்தல் அளவை,Measurements,words
ꢪꣁꢳꢪꢸꢮꢳ꣄꣄ꢜꢶ,मा॑ळमुवळ्टि,மொளமுவள்டி,mo'l'amuval't'i,mOLamuvaLTi,mŏl̤amuval̤ṭi,moɭəmuʋəɭʈɪ,measuring rod,முழக் கோல்,Measurements,words
ꢪꢹꢬꢵ ꢒꢮ꣄ꢠ꣄ꢞꢶ,मूरा कव्ण्डि,மூரா கவ்ண்டி3,mooraa kavnd'i,mUrA kavNDi,mūrā kavṇḍi,muːɾɑː kəʋɳɖɪ,measuring rod,முழக் கோல்,Measurements,words
ꢪꣁꢳꢪ꣄,मा॑ळम,மொளம்,mo'l'am,mOLam,mŏl̤am,moɭəm,half an arm`s length,முழம்,Measurements,words
ꢲꢵꢡ꣄,हात,ஹாத்,haat,hAt,hāt,ɦɑːt̪,half an arm`s length,முழம்,Measurements,words
ꢂꢮ꣄ꢞꢵꢪꣁꢮꢸ,अव्डामोवु,அவ்டா3மோவு,avd'aamo'vu,avDAmOvu,avḍāmŏvu,əʋɖɑːmoʋu,diameter,விட்டம்,Measurements,words
ꢮ꣄ꢫꢵꢱ꣄,व्यास,வ்யாஸ்,vyaas,vyAs,vyās,ʋjɑːs̪,diameter,விட்டம்,Measurements,words
ꢮꢶꢱꢶ,विसि,விஸி,visi,visi,visi,ʋɪs̪ɪ,two pounds,வீசை,Measurements,words
ꢡꢵꢦ꣄ꢱꢥꢶ,ताप्सनि,தாப்ஸனி,taapsani,tApsani,tāpsani,t̪ɑːps̪ən̪ɪ,ther mometer,வெப்பமானி,Measurements,words
ꢡꢵꢦ꣄ꢪꢵꢥꢶ,ताप्मानि,தாப்மானி,taapmaani,tApmAni,tāpmāni,t̪ɑːpmɑːn̪ɪ,ther mometer,வெப்பமானி,Measurements,words
ꢱꢾꢬ꣄ꢒꣁ,सेर्का॑,ஸெர்கொ,se'rko',sErkO,sĕrkŏ,s̪eɾko,perfect,கச்சிதமாக,Measurements,words
ꢙꣂꢞꢶ,जा॑डि,ஜொடி3,jod'i,joDi,joḍi,d͡ʒoːɖɪ,pair,ஜோடி,Measurements,words
ꢂꢣꢿꢖ꣄ꢒꢦ꣄ꢦꢵ,अडेङ्कप्पा,அடே3ங்கப்பா,adenkappaa,adeGkappA,adeṅkappā,əd̪eːŋkəppɑː,expression of wonder,அடடா,Function-Verbs,words
ꢂꢪ꣄ꢪꢵꢞꢶ,अम्माडि,அம்மாடி3,ammaad'i,ammADi,ammāḍi,əmmɑːɖɪ,expression of wonder,அடடா,Function-Verbs,words
ꢂꢮ ꢂꢪ꣄ꢨꢵ,अव अम्बा,அவ அம்பா3,ava ambaa,ava ambA,ava ambā,əʋə əmbɑː,expression of wonder,அடடா,Function-Verbs,words
ꢡꢾꢭ꣄ꢫꢒ ꢲꢵꢭ꣄,तेल्यक हाल,தெல்யக ஹால்,te'lyaka haal,tElyaka hAl,tĕlyaka hāl,t̪eljəkə ɦɑːl,so,அதனால்,Function-Verbs,words
ꢲꢵꢭꢶꢪ꣄,हालिम,ஹாலிம்,haalim,hAlim,hālim,ɦɑːlɪm,so,அதனால்,Function-Verbs,words
ꢡꢿꢜ꣄ꢱꢵ,तेट्सा,தேட் ஸா,tet'saa,teTsA,teṭsā,t̪eːʈs̪ɑː,look there,அதோ,Function-Verbs,words
ꢄꢱꣁꢫꢵ,इसा॑या,இஸொயா?,iso'yaa,isOyA,isŏyā,ɪs̪ojɑː,is it so?,அப்படியா?,Function-Verbs,words
ꢄꢱꣂꢪꢾꢥꢾꢡꢶ,इसा॑म॑न॑ति,இஸொமெனெதி,isome'ne'ti,isomEnEti,isomĕnĕti,ɪs̪oːmen̪et̪ɪ,if it is so,அப்படியென்றால்,Function-Verbs,words
ꢲꢵ,हा,ஹா,haa,hA,hā,ɦɑː,expression of pain,அப்பா,Function-Verbs,words
ꢂꢦ꣄ꢦꢵꢜꢶ,अप्पाटि,அப்பாடி,appaat'i,appATi,appāṭi,əppɑːʈɪ,expression of wonder,அப்பாடி,Function-Verbs,words
ꢂꢪ꣄ꢪꢵꢜꢷ,अप्पाटी,அப்பாடீ,ammaat'ee,ammATI,ammāṭī,əmmɑːʈiː,expression of pain,அப்பாடீ,Function-Verbs,words
ꢂꢪ꣄ꢪꢵꢜꢶ,अम्माटि,அம்மாடி,ammaat'i,ammATi,ammāṭi,əmmɑːʈɪ,expression of pain,அம்மா,Function-Verbs,words
ꢥꢴꢵ,न्हा,நா:,nhaa,nhA,nhā,n̪ɦɑː,no,அல்ல,Function-Verbs,words
ꢲꢵꢫ꣄,हाय्,ஹாய்,haay,hAy,hāy,ɦɑːj,a response,ஆங்,Function-Verbs,words
ꢲꢵꢫ꣄,हाय्,ஹாய்,haay,hAy,hāy,ɦɑːj,yes,ஆமாம்,Function-Verbs,words
ꢲꣁꢫꢾꢡꢶ,हा॑य॑ति,ஹொயெதி,ho'ye'ti,hOyEti,hŏyĕti,ɦojet̪ɪ,but,ஆனால்,Function-Verbs,words
ꢪꢾꢔꢶ,मेगि,மெகி3,me'gi,mEgi,mĕgi,megɪ,but,ஆனால்,Function-Verbs,words
ꢌꢭ꣄ꢫꢾꢒ ꢲꢵꢭ꣄,ए॑ल्य॑क हाल,எல்யெக ஹால்,e'lye'ka haal,ElyEka hAl,ĕlyĕka hāl,eljekə ɦɑːl,hereby,இதனால்,Function-Verbs,words
ꢍꢜ꣄ꢱꢵ,एट्सा,ஏட்ஸா,et'saa,eTsA,eṭsā,eːʈs̪ɑː,look here,இதோ,Function-Verbs,words
ꢍꢭꢵ,एला,ஏலா,elaa,elA,elā,eːlɑː,look here,இதோ,Function-Verbs,words
ꢓꢳꢳꢿ,खळ्ळे,க2ள்ளே,khal'al'e,khaLaLe,khal̤al̤e,kʰəɭəɭeː,take this,இந்தா,Function-Verbs,words
ꢤꢿꢬ꣄,धेर,தே4ர்,dher,dher,dher,d̪ʰeːɾ,take this,இந்தா,Function-Verbs,words
ꢓꢳ꣄ꢳꢸꢮꣁ,खळ्ळुवा॑,க2ள்ளுவொ,khal'l'uvo',khaLLuvO,khal̤l̤uvŏ,kʰəɭɭuʋo,take this,இந்தாருங்கள்,Function-Verbs,words
ꢤꢾꢬꣁ,ध॑रा॑,தெ4ரொ,dhe'ro',dhErO,dhĕrŏ,d̪ʰeɾo,take this,இந்தாருங்கள்,Function-Verbs,words
ꢤꢾꢬꢸꢮꣁ,ध॑रुवा॑,தெ4ருவொ,dhe'ruvo',dhEruvO,dhĕruvŏ,d̪ʰeɾuʋo,take this,இந்தாருங்கள்,Function-Verbs,words
ꢂꢖ꣄ꢔꢸꢥ꣄,अङ्गुन्,அங்கு3ன்,angun,aGgun,aṅgun,əŋgun̪,yet,இன்னும்,Function-Verbs,words
ꢂꢡ꣄ꢡꢾꢖ꣄ꢔꢸꢜ꣄,अत्त॑ङ्गुट्,அத்தெங்கு3ட்,atte'ngut',attEGguT,attĕṅguṭ,ət̪t̪eŋguʈ,hereafter,இனி,Function-Verbs,words
ꢂꢡꢧꢬꣁ,अतफरा॑,அதப2ரொ,atapharo',atapharO,atapharŏ,ət̪əpʰəɾo,hereafter,இனி,Function-Verbs,words
ꢂꢖ꣄ꢔꢸꢥ꣄,अङ्गुन्,அங்கு3ன்,angun,aGgun,aṅgun,əŋgun̪,still,இனியும்,Function-Verbs,words
ꢆꢰ꣄,उष्,உஷ்,ush,uS,uṣ,uʂ,expression of caution,இஷ்,Function-Verbs,words
ꢲꢵꢫ꣄ ꢲꢵꢫ꣄,हाय्हाय्,ஹாய்ஹாய்,haay haay,hAy hAy,hāy hāy,ɦɑːj ɦɑːj,yes,உம் உம்,Function-Verbs,words
ꢒꢵꢫ꣄,काय्,காய்,kaay,kAy,kāy,kɑːj,response to a call,என்ன,Function-Verbs,words
ꢡꢾꢭ꣄ꢫꢒ ꢭꢾꢥ꣄ꢡ,त॑ल्यक ल॑न्त,தெல்யக லெந்த,te'lyaka le'nta,tElyaka lEnta,tĕlyaka lĕnta,t̪eljəkə len̪t̪ə,hence,எனவே,Function-Verbs,words
ꢍꢫ꣄,एय्,ஏய்,ey,ey,ey,eːj,term to call attention,ஏய்,Function-Verbs,words
ꢬꢾ,रे,ரே,re',rE,rĕ,ɾe,term to call attention,ஏய்,Function-Verbs,words
ꢬꢿꢫ꣄,रेय,ரேய்,rey,rey,rey,ɾeːj,term to call attention,ஏய்,Function-Verbs,words
ꢎꢫꣂ,ऐयो,ஐயோ,aiyo,aiyo,aiyo,əɪjoː,expression of sorrow,ஐயோ,Function-Verbs,words
ꢐ,ओ,ஓ,o,o,o,oː,expression of wonder,ஓ,Function-Verbs,words
ꢲꢵꢫ꣄,हाय्,ஹாய்,haay,hAy,hāy,ɦɑːj,expression of approval,ஓகோ,Function-Verbs,words
ꢲꣂꢥ꣄ꢣꢒ꣄,होन्दक्,ஹோந்த3க்,hondak,hondak,hondak,ɦoːn̪d̪ək,expression of approval,ஓகோ,Function-Verbs,words
ꢲꣂꢫ꣄,होय्,ஹோய்,hoy,hoy,hoy,ɦoːj,term to call attention,ஓய்,Function-Verbs,words
ꢘꢷꢗ꣄ꢘꢷ,छीच्छी,சீ2ச்சீ2,chheechchhee,chIcchI,chīcchī,t͡ʃʰiːt͡ʃt͡ʃʰiː,expression of contempt,சீச்சீ,Function-Verbs,words
ꢮꢵ,वा,வா,vaa,vA,vā,ʋɑː,address term for inferior faminine,டி,Function-Verbs,words
ꢂꢮꢵ,अवा,அவா,avaa,avA,avā,əʋɑː,address term for inferior faminine,டி,Function-Verbs,words
ꢬꢿꢫ꣄,रेय्,ரேய்,rey,rey,rey,ɾeːj,address term for inferior masculine,டேய்,Function-Verbs,words
ꢢꢸꢡ꣄ꢡꢹ,थुत्तु,தூ2த்தூ,thuttoo,thuttU,thuttū,t̪ʰut̪t̪uː,expression of contempt,தூ,Function-Verbs,words
ꢦꢵꢦ꣄,पाप्,பாப்,paap,pAp,pāp,pɑːp,expression of sympathy,பாவம்,Function-Verbs,words
ꢇꢲꢹꢄ~,ऊहूइ~,ஊஹூ~,oohooi~,UhUi~,ūhūi~,uːɦuːɪ~,no,ம்ஹூம்,Function-Verbs,words
ꢧꢶꢮ꣄ꢬꢶ,फिव्रि,பி2ர்வி பி2ர்வி,phivri,phivri,phivri,pʰɪʋɾɪ,again and again,மேல்மேலும்,Function-Verbs,words
ꢡꢾꢒ ꢧꢬꢵꢡ꣄,त॑कफरात्,தெகப2ராத்,te'ka pharaat,tEka pharAt,tĕka pharāt,t̪ekə pʰəɾɑːt̪,moreover,மேலும்,Function-Verbs,words
ꢂꢖ꣄ꢔꢸꢥ꣄,अङ्गुन,அங்கு3ன்,angun,aGgun,aṅgun,əŋgun̪,moreover,மேலும்,Function-Verbs,words
ꢲꣀꢫꢵ,हैया,ஹையா,haiyaa,haiyA,haiyā,ɦəɪjɑː,expression of joy,ஹையா,Function-Verbs,words
ꢗꣀꢡ꣄ꢬꣁ,चैत्रा॑,சைத்ரொ,chaitro',caitrO,caitrŏ,t͡ʃəɪt̪ɾo,April-May,சித்திரை,Months,words
ꢮꣀꢱꢵꢒ꣄,वैसाक,வைஸாக்,vaisaak,vaisAk,vaisāk,ʋəɪs̪ɑːk,May-June,வைகாசி,Months,words
ꢙꣂꢰ꣄ꢜꣁ,जोष्टा॑,ஜேஷ்டொ,josht'o',joSTO,joṣṭŏ,d͡ʒoːʂʈo,June-July,ஆனி,Months,words
ꢃꢰꢵꢞꣁ,आषाडा॑,ஆஷாடொ3,aashaad'o',ASADO,āṣāḍŏ,ɑːʂɑːɖo,July-August,ஆடி,Months,words
ꢱ꣄ꢬꢵꢮꢠꣁ,स्रावणा॑,ஸ்ராவணொ,sraavano',srAvaNO,srāvaṇŏ,s̪ɾɑːʋəɳo,August-September,ஆவணி,Months,words
ꢩꢵꢣ꣄ꢬꢦꢣꣁ,भाद्रपदा॑,பா4த்3ரபதொ3,bhaadrapado',bhAdrapadO,bhādrapadŏ,bʰɑːd̪ɾəpəd̪o,September-October,புரட்டாசி,Months,words
ꢃꢱ꣄ꢮꢷꢙꣁ,आस्वीजा॑,ஆஸ்வீஜொ,aasveejo',AsvIjO,āsvījŏ,ɑːs̪ʋiːd͡ʒo,October-November,ஐப்பசி,Months,words
ꢒꢵꢬ꣄ꢡꢶꢒꣁ,कार्तिका॑,கார்திகொ,kaartiko',kArtikO,kārtikŏ,kɑːɾt̪ɪko,November-December,கார்த்திகை,Months,words
ꢪꢵꢬ꣄ꢔꢱꢷꢬ꣄ꢱꣁ,मार्गसीर्सा॑,மார்க3ஸீர்ஸொ,maargaseerso',mArgasIrsO,mārgasīrsŏ,mɑːɾgəs̪iːɾs̪o,December-January,மார்கழி,Months,words
ꢦꢸꢰ꣄ꢫꣁ,पुष्या॑,புஷ்யொ,pushyo',puSyO,puṣyŏ,puʂjo,January-February,தை,Months,words
ꢪꢵꢕꣁ,माघा॑,மாகொ4,maagho',mAghO,māghŏ,mɑːgʰo,February-March,மாசி,Months,words
ꢧꢵꢭ꣄ꢔꢸꢥꢶ,फाल्गुनि,பா2ல்கு3னி,phaalguni,phAlguni,phālguni,pʰɑːlgun̪ɪ,March-April,பங்குனி,Months,words
ꢔꢾꢬꢸꢮ,ग॑रुव,கெ3ருவ்,ge'ruva,gEruva,gĕruva,geɾuʋə,proudness,அகங்காரம்,Concepts,words
ꢮꢶꢗꢵꢬ꣄,विचार्,விசார்,vichaar,vicAr,vicār,ʋɪt͡ʃɑːɾ,lamenting,அங்கலாய்ப்பு,Concepts,words
ꢲꢾꢞ꣄ꢞꢾ,ह॑ड्ड॑,ஹெட்3டெ3,he'd'd'e',hEDDE,hĕḍḍĕ,ɦeɖɖe,booby,அசடு,Concepts,words
ꢂꢱꢶꢖ꣄ꢔꢪ,असिङ्गम,அஸிங்க3ம்,asingama,asiGgama,asiṅgama,əs̪ɪŋgəmə,ugly,அசிங்கம்,Concepts,words
ꢮꢶꢥꢫꣁ,विनया॑,விநயொ,vinayo',vinayO,vinayŏ,ʋɪn̪əjo,"modesty, obedience",அடக்கம்,Concepts,words
ꢩꢙꢵꢬꢶꢥ꣄,भजारिन्,ப4ஜாரின்,bhajaarin,bhajArin,bhajārin,bʰəd͡ʒɑːɾɪn̪,termagant,அடங்காப்பிடாரி,Concepts,words
ꢭꢮ꣄ꢠ꣄ꢞꢶ,लव्ण्डि,லவ்ண்டி3,lavnd'i,lavNDi,lavṇḍi,ləʋɳɖɪ,termagant,அடங்காப்பிடாரி,Concepts,words
ꢩꢵꢙꢵꢬꢶꢦꢥ꣄,भाजारिपन,ப4ஜாரிபன்,bhaajaaripan,bhAjAripan,bhājāripan,bʰɑːd͡ʒɑːɾɪpən̪,termagancy,அடங்காப்பிடாரித்தனம்,Concepts,words
ꢣꢵꢱ꣄,दास्,தா3ஸ்,daas,dAs,dās,d̪ɑːs̪,slave,அடிமை,Concepts,words
ꢣꢵꢱꢶ,दासि,தா3ஸி,daasi,dAsi,dāsi,d̪ɑːs̪ɪ,slave,அடிமை,Concepts,words
ꢣꢵꢱꢦ꣄ꢦꢥ꣄,दासप्पन्,தா3ஸப்பன்,daasappan,dAsappan,dāsappan,d̪ɑːs̪əppən̪,slavery,அடிமைத்தனம்,Concepts,words
ꢂꢤꢶꢒꢵꢬ꣄,अधिकार्,அதி4கார்,adhikaar,adhikAr,adhikār,əd̪ʰɪkɑːɾ,power,அதிகாரம்,Concepts,words
ꢃꢗ꣄ꢗꢬ꣄ꢫꣁ,आच्चया॑,ஆச்சர்யொ,aachcharyo',AccaryO,āccaryŏ,ɑːt͡ʃt͡ʃəɾjo,surprise,அதிசயம்,Concepts,words
ꢂꢡꢶꢬꢸꢦ꣄ꢡꢶ,अतिरुप्ति,அதிருப்தி,atirupti,atirupti,atirupti,ət̪ɪɾupt̪ɪ,dissatisfaction,அதிருப்தி,Concepts,words
ꢂꢣꢸꢰ꣄ꢜꢸ,अदुष्टु,அது3ஷ்டு,adusht'u,aduSTu,aduṣṭu,əd̪uʂʈu,luck,அதிர்ஷ்டம்,Concepts,words
ꢂꢥ꣄ꢣꢱ꣄ꢡꢸ,अन्दस्तु,அந்த3ஸ்து,andastu,andastu,andastu,ən̪d̪əs̪t̪u,status,அந்தஸ்து,Concepts,words
ꢣꢾꢮꢸꢨꢵꢦ꣄,देवुबाप्,தே3வுபா3ப்,de'vubaap,dEvubAp,dĕvubāp,d̪eʋubɑːp,simpleton,அப்பாவி,Concepts,words
ꢡꢪ꣄ꢪꢵꢞꢶ,तम्माडि,தம்மாடி3,tammaad'i,tammADi,tammāḍi,t̪əmmɑːɖɪ,simpleton,அப்பாவி,Concepts,words
ꢂꢦ꣄ꢬꢵꢠꢶ,अप्राणि,அப்ராணி,apraani,aprANi,aprāṇi,əpɾɑːɳɪ,simpleton,அப்பாவி,Concepts,words
ꢂꢥꢬ꣄ꢢꢸꢮꢡ꣄ꢡꣁ,अन्र्थुवत्तो,அனர்து2வத்தொ,anarthuvatto',anarthuvattO,anarthuvattŏ,ən̪əɾt̪ʰuʋət̪t̪o,absurdity,அபத்தம்,Concepts,words
ꢪꢶꢡꢥ꣄ꢮꢡ꣄ꢡꣁ,मितन्वत्तो,மிதன்வத்தொ,mitanvatto',mitanvattO,mitanvattŏ,mɪt̪ən̪ʋət̪t̪o,absurdity,அபத்தம்,Concepts,words
ꢪꢸꢣ꣄ꢬꣁ,मुद्रा॑,முத்3ரொ,mudro',mudrO,mudrŏ,mud̪ɾo,sign,அபிநயம்,Concepts,words
ꢂꢩꢶꢪꢵꢥ꣄,अभिमान,அபி4மான்,abhimaan,abhimAn,abhimān,əbʰɪmɑːn̪,"Regard,love",அபிமானம்,Concepts,words
ꢃꢫꢵꢱꢪ꣄,आयासम्,ஆயாஸம்,aayaasam,AyAsam,āyāsam,ɑːjɑːs̪əm,,,Concepts,words
ꢱꢷꢥ꣄,सीन्,ஸீன்,seen,sIn,sīn,s̪iːn̪,tiredness,அயர்வு/ அயர்ச்சி,Concepts,words
ꢒꢺꢬꢸꢦꣁ,कृपा॑,க்ருபொ,kri'rupo',kRrupO,kṛrupŏ,kɾɨɾupo,grace,அருள்,Concepts,words
ꢂꢭꢖ꣄ꢒꢵꢬ꣄,अलङ्कार्,அலங்கார்,alankaar,alaGkAr,alaṅkār,ələŋkɑːɾ,"beautification, decoration",அலங்காரம்,Concepts,words
ꢆꢣꢵꢱꢷꢥ꣄,उदासीन,உதா3ஸீன்,udaaseen,udAsIn,udāsīn,ud̪ɑːs̪iːn̪,indifference,அலட்சியம்,Concepts,words
ꢩꢮꢵꢜ꣄,भवाट्,ப4வாட்,bhavaat',bhavAT,bhavāṭ,bʰəʋɑːʈ,screaming,அலறல்,Concepts,words
ꢲꢶꢠ꣄ꢞꢱ꣄ꢡꢿ,हिण्डस्ते,ஹிண்ட3ஸ்தே,hind'aste,hiNDaste,hiṇḍaste,ɦɪɳɖəs̪t̪eː,wandering,அலைச்சல்,Concepts,words
ꢂꢮꢶꢱ꣄ꢮꢵꢱ꣄,अविस्वास्,அவிஸ்வாஸ்,avisvaas,avisvAs,avisvās,əʋɪs̪ʋɑːs̪,disbelief,அவநம்பிக்கை,Concepts,words
ꢒꢳꢖ꣄ꢔꢸ,कळङ्गु,களங்கு3,kal'angu,kaLaGgu,kal̤aṅgu,kəɭəŋgu,disgrace,அவமானம்,Concepts,words
ꢱꢸꢥ꣄ꢣꢬꣁ,सुन्दरा॑,ஸுந்த3ரொ,sundaro',sundarO,sundarŏ,s̪un̪d̪əɾo,handsome man,அழகன்,Concepts,words
ꢱꢸꢥ꣄ꢣꢬꢶ,सुन्दरि,ஸுந்த3ரி,sundari,sundari,sundari,s̪un̪d̪əɾɪ,beautiful woman,அழகி,Concepts,words
ꢱꢸꢖ꣄ꢔꢵꢬ꣄,सिङ्गार्,ஸிங்கா3ர்,sungaar,suGgAr,suṅgār,s̪uŋgɑːɾ,beauty,அழகு,Concepts,words
ꢥꢵꢱ꣄,नास्,நாஸ்,naas,nAs,nās,n̪ɑːs̪,destruction,அழிவு,Concepts,words
ꢥꢱꢵꢡ꣄,नसात,நஸாத்,nasaat,nasAt,nasāt,n̪əs̪ɑːt̪,destruction,அழிவு,Concepts,words
ꢥꢱꢶꢥꢪ꣄,नसिनम,நஸினம்,nasinam,nasinam,nasinam,n̪əs̪ɪn̪əm,destruction,அழிவு,Concepts,words
ꢨꣁꢮ꣄ꢥꢶ ꢦꢡ꣄ꢬꢶꢒꣁ,ब॑व्निपत्रिका॑,பொ3வ்னி பத்ரிகொ,bo'vni patriko',bOvni patrikO,bŏvni patrikŏ,boʋn̪ɪ pət̪ɾɪko,invitation,அழைப்பிதழ்,Concepts,words
ꢃꢗ꣄ꢗꢬ꣄ꢫꢸ,आच्चरयु,ஆச்சர்யு,aachcharyu,Accaryu,āccaryu,ɑːt͡ʃt͡ʃəɾju,wonder,அற்புதம்,Concepts,words
ꢮꢶꢣ꣄ꢮꢵꢥ꣄,विद्वान,வித்3வான்,vidvaan,vidvAn,vidvān,ʋɪd̪ʋɑːn̪,scholar,அறிஞர்,Concepts,words
ꢦꢠ꣄ꢞꢶꢡ꣄,पण्डित,பண்டி3த்,pand'it,paNDit,paṇḍit,pəɳɖɪt̪,scholar,அறிஞர்,Concepts,words
ꢦꢬꢶꢗꢫ꣄,पर्चय,பரிசய்,parichay,paricay,paricay,pəɾɪt͡ʃəj,introduction,அறிமுகம்,Concepts,words
ꢂꢒ꣄ꢛꢵꢥ꣄,अकञान्,அக்ஞான்,aknjaan,akJAn,akñān,əkɲɑːn̪,ignorance,அறியாமை,Concepts,words
ꢛꢵꢥꢶ,ञानि,ஞானி,nyaani,JAni,ñāni,ɲɑːn̪ɪ,wise person,அறிவாளி,Concepts,words
ꢂꢙ꣄ꢛꢵꢥꢶ,अजञानि,அஜ்ஞானி,ajnyaani,ajJAni,ajñāni,əd͡ʒɲɑːn̪ɪ,ignorant,அறிவிலி,Concepts,words
ꢂꢙ꣄꣄ꢛꢵꢥ꣄,अजञान्,அஜ்ஞான்,ajnyaan,ajJAn,ajñān,əd͡ʒɲɑːn̪,ignorance,அறிவின்மை,Concepts,words
ꢛꢵꢥ꣄,ञान्,ஞான்,nyaan,JAn,ñān,ɲɑːn̪,knowledge,அறிவு,Concepts,words
ꢦꢶꢬꢿꢮ,पिरेव,பிரேவ்,pireva,pireva,pireva,pɪɾeːʋə,affection,அன்பு,Concepts,words
ꢃꢣꢬꣁ,आदरा॑,ஆத3ரொ,aadaro',AdarO,ādarŏ,ɑːd̪əɾo,support,அனுசரணை,Concepts,words
ꢂꢥꢸꢪꢡꢶ,अनुमति,அனுமதி,anumati,anumati,anumati,ən̪umət̪ɪ,permission,அனுமதி,Concepts,words
ꢲꢜ꣄ꢮꢥ꣄,हट्वन्,ஹட்வன்,hat'van,haTvan,haṭvan,ɦəʈʋən̪,opinion,அனுமானம்,Concepts,words
ꢃꢒ꣄ꢬꢪꢠꣁ,आक्रमणा॑,ஆக்ரமணொ,aakramano',AkramaNO,ākramaṇŏ,ɑːkɾəməɳo,aggression,ஆக்கிரமிப்பு,Concepts,words
ꢃꢗ꣄ꢗꢬ꣄ꢫꢸ,आच्चर्यु,ஆசசர்யு,aachcharyu,Accaryu,āccaryu,ɑːt͡ʃt͡ʃəɾju,surprise,ஆச்சரியம்,Concepts,words
ꢄꢗ꣄ꢗꣁ,इच्चा॑,இச்சொ,ichcho',iccO,iccŏ,ɪt͡ʃt͡ʃo,desire,ஆசை,Concepts,words
ꢃꢱ꣄ꢡꣁ,आस्ता॑,ஆஸ்தொ,aasto',AstO,āstŏ,ɑːs̪t̪o,desire,ஆசை,Concepts,words
ꢃꢜ꣄ꢰꢿꢦꢠꣁ,आट्षेपणा॑,ஆட்ஷேபணொ,aat'shepano',ATSepaNO,āṭṣepaṇŏ,ɑːʈʂeːpəɳo,protest,ஆட்சேபனை,Concepts,words
ꢱꢸꢥ꣄ꢣꢬꣁ,सुन्दरा॑,ஸுந்தரொ,sundaro',sundarO,sundarŏ,s̪un̪d̪əɾo,,,Concepts,words
ꢃꢤꢬꣁ,आधरा॑,ஆத4ரொ,aadharo',AdharO,ādharŏ,ɑːd̪ʰəɾo,support,ஆதரவு,Concepts,words
ꢃꢤꢶꢒ꣄ꢫꣁ,आदिक्या॑,ஆதி4க்யொ,aadhikyo',AdhikyO,ādhikyŏ,ɑːd̪ʰɪkjo,"impact, influence",ஆதிக்கம்,Concepts,words
ꢒꢸꢡꢹꢲꢭ꣄,कुतूहल,குதூஹல்,kutoohal,kutUhal,kutūhal,kut̪uːɦəl,"curiosity, interest",ஆர்வம்,Concepts,words
ꢲꢬꢸꢪ꣄ꢨꢪ꣄,हरुम्बम्,ஹரும்ப3ம்,harumbam,harumbam,harumbam,ɦəɾumbəm,beginning,ஆரம்பம்,Concepts,words
ꢬꢾꢗ꣄ꢗꢒꢹꢡ꣄,र॑च्चकूत्,ரெச்சகூத்,re'chchakoot,rEccakUt,rĕccakūt,ɾet͡ʃt͡ʃəkuːt̪,uproar,ஆரவாரம்,Concepts,words
ꢃꢬꣂꢔ꣄ꢫꢸ,आरोग्यु,ஆரோக்3யு,aarogyu,Arogyu,ārogyu,ɑːɾoːgju,health,ஆரோக்கியம்,Concepts,words
ꢱꢪꢬ꣄ꢡꢸ,समर्तु,ஸமர்து,samartu,samartu,samartu,s̪əməɾt̪u,"strength, skill, ability",ஆற்றல்,Concepts,words
ꢨꣁꢭꢶꢪ꣄,बा॑लिम,பொ3லிம்,bo'lim,bOlim,bŏlim,bolɪm,"strength, skill, ability",ஆற்றல்,Concepts,words
ꢃꢥ꣄ꢥꢥ꣄ꢣꢸ,आनन्दु,ஆனந்து3,aannandu,Annandu,ānnandu,ɑːn̪n̪ən̪d̪u,"merriment, enjoyment",ஆனந்தம்,Concepts,words
ꢓꢿꢳꢸꢮꢡ꣄ꢡꣁ,खेळुवत्ता॑,கே2ளுவத்தொ,khel'uvatto',kheLuvattO,khel̤uvattŏ,kʰeːɭuʋət̪t̪o,mockery,இகழ்ச்சி,Concepts,words
ꢄꢗ꣄ꢘꣁ,इच्छा॑,இச்சொ2,ichchho',icchO,icchŏ,ɪt͡ʃt͡ʃʰo,desire,இச்சை,Concepts,words
ꢏꢦ꣄ꢦꢶ,ओप्पि,ஒப்பி,o'ppi,Oppi,ŏppi,oppɪ,,,Concepts,words
ꢏꢦ꣄ꢦꢱ꣄ꢡꢿ,आ॑प्पस्ते,ஒப்பஸ்தே,o'ppaste,Oppaste,ŏppaste,oppəs̪t̪eː,acceptance,இணக்கம்,Concepts,words
ꢱ꣄ꢮꢩꢵꢮ꣄,स्वभाव,ஸ்வபா4வ்,svabhaav,svabhAv,svabhāv,s̪ʋəbʰɑːʋ,nature,இயல்பு,Concepts,words
ꢒꢬꢸꢠꣁ,करुणा॑,கருணொ,karuno',karuNO,karuṇŏ,kəɾuɳo,"pity, kindness",இரக்கம்,Concepts,words
ꢬꢸꢗ꣄ꢗꢶ,रुच्चि,ருச்சி,ruchchi,rucci,rucci,ɾut͡ʃt͡ʃɪ,taste,இரசனை,Concepts,words
ꢬꢾꢗ꣄ꢗꣁ,र॑च्चा॑,ரெச்சொ,re'chcho',rEccO,rĕccŏ,ɾet͡ʃt͡ʃo,noise,இரைச்சல்,Concepts,words
ꢕꢾꢬꢸ ꢤꢾꢬꢸꢪ꣄,घेरु धेरुम,கே4ருதெ4ரும்,ghe'ru dhe'rum,ghEru dhErum,ghĕru dhĕrum,gʰeɾu d̪ʰeɾum,family life,இல்லறம்,Concepts,words
ꢭꢒ꣄ꢰ꣄ꢫꢮꢵꢣꢶ,लक्ष्यवादि,லக்ஷ்யவாதி3,lakshyavaadi,lakSyavAdi,lakṣyavādi,ləkʂjəʋɑːd̪ɪ,man of principle,இலட்சியவாதி,Concepts,words
ꢥꢾꢰ꣄ꢜꢶ,न॑ष्टि,நெஷ்டி,ne'sht'i,nESTi,nĕṣṭi,n̪eʂʈɪ,loss,இழப்பு,Concepts,words
ꢲꢾꢜ꣄ꢜꢾ ꢲꢱꣁ,ह॑ट्ट॑हसा॑,ஹெட்3டெ3ஹஸொ,he't't'e' haso',hETTE hasO,hĕṭṭĕ hasŏ,ɦeʈʈe ɦəs̪o,laughter,இளிப்பு,Concepts,words
ꢔꢾꢬꢸꢮ꣄,ग॑रुव,கெ3ருவ்,ge'ruv,gEruv,gĕruv,geɾuʋ,arrogance,இறுமாப்பு,Concepts,words
ꢱꣁꢪ꣄ꢦꢸ,सा॑म्पु,ஸொம்பு,so'mpu,sOmpu,sŏmpu,s̪ompu,pleasure,இன்பம்,Concepts,words
ꢔꢸꢭ꣄ꢭꢾ,गुळ्ळ॑,கு3ள்ளெ,gulle',gullE,gullĕ,gulle,sweetness,இனிப்பு,Concepts,words
ꢏꢦ꣄ꢦꢫꢾꢫꣁ,आ॑प्पय॑या॑,ஒப்பயெயொ,o'ppaye'yo',OppayEyO,ŏppayĕyŏ,oppəjejo,"desire, liking",இஷ்டம்,Concepts,words
ꢥꢶꢙ꣄ꢙꢪ꣄,निज्जम्,நிஜ்ஜம்,nijjam,nijjam,nijjam,n̪ɪd͡ʒd͡ʒəm,truth,உண்மை,Concepts,words
ꢱꢾꢡ꣄ꢡꢸ,स॑त्तु,ஸெத்து,se'ttu,sEttu,sĕttu,s̪et̪t̪u,truth,உண்மை,Concepts,words
ꢭꢔꢶꢥꢶ,लगिनि,லகி3னி,lagini,lagini,lagini,ləgɪn̪ɪ,feeling,உணர்ச்சி/உணர்வு,Concepts,words
ꢩꢵꢮꢥꣁ,भावना॑,பா4வனொ,bhaavano',bhAvanO,bhāvanŏ,bʰɑːʋən̪o,feeling,உணர்ச்சி/உணர்வு,Concepts,words
ꢱꢲꢵꢮ꣄,सहाव,ஸஹாவ்,sahaav,sahAv,sahāv,s̪əɦɑːʋ,help,உதவி/ உபகாரம்,Concepts,words
ꢆꢦꢒꢵꢬ꣄,उपकार,உபகார்,upakaar,upakAr,upakār,upəkɑːɾ,help,உதவி/ உபகாரம்,Concepts,words
ꢆꢦꢒꢵꢬꢶ,उपकारि,உபகாரி,upakaari,upakAri,upakāri,upəkɑːɾɪ,helper,உபகாரி,Concepts,words
ꢱꢶꢬꢪꣁ,सिरमा॑,ஸிரமொ,siramo',siramO,siramŏ,s̪ɪɾəmo,hardwork,உழைப்பு,Concepts,words
ꢆꢡ꣄ꢱꢵꢲ꣄,उत्साह्,உத்ஸாஹ்,utsaah,utsAh,utsāh,ut̪s̪ɑːɦ,enthusiasm,உற்சாகம்,Concepts,words
ꢥꢷꢛ꣄ꢙꢸ,निञ्जि,நீஞ்ஜு,neenju,nIJju,nīñju,n̪iːɲd͡ʒu,sleep,உறக்கம்,Concepts,words
ꢲꣂꢖ꣄ꢔꢸ,होङ्गु,ஹோங்கு3,hongu,hoGgu,hoṅgu,ɦoːŋgu,sleep,உறக்கம்,Concepts,words
ꢂꢥꢸꢪꢵꢥ꣄,अनुमान्,அனுமான்,anumaan,anumAn,anumān,ən̪umɑːn̪,guessing,ஊகம்,Concepts,words
ꢬꢹꢱ꣄,रूस्,ரூஸ்,roos,rUs,rūs,ɾuːs̪,petty quarrel between husband and wife,ஊடல்,Concepts,words
ꢇꢣꢵꢬꢶ,ऊदारि,ஊதா3ரி,oodaari,UdAri,ūdāri,uːd̪ɑːɾɪ,prodigal,ஊதாரி,Concepts,words
ꢧꣁꢮ꣄ꢥꢦꢥ꣄,पा॑व्नपन,பொ2வ்னபன்,pho'vnapan,phOvnapan,phŏvnapan,pʰoʋn̪əpən̪,hospitality,உபசரிப்பு,Concepts,words
ꢔꢪ꣄ꢗꢶꢥꢶ,गम्चिनि,க3ம்சினி,gamchini,gamcini,gamcini,gəmt͡ʃɪn̪ɪ,hospitality,உபசரிப்பு,Concepts,words
ꢒꢾꢰ꣄ꢜꢪ꣄,क॑ष्टम,கெஷ்டம்,ke'sht'am,kESTam,kĕṣṭam,keʂʈəm,trouble,உபத்திரவம்,Concepts,words
ꢆꢣ꣄ꢣꢪ꣄,उद्दम,உத்3த3ம்,uddam,uddam,uddam,ud̪d̪əm,trouble,உபத்திரவம்,Concepts,words
ꢓꢾꢬꢸꢜ꣄,ख॑रुट्,கெ2ருட்,khe'rut',khEruT,khĕruṭ,kʰeɾuʈ,saltish taste,உவர்ப்பு,Concepts,words
ꢱꢶꢬꢣ꣄ꢤꢵ ꢒꢵꢪ꣄ꢒꢾꢬ꣄ꢡꣁ,स्रद्धा काम्क॑र्ता॑,ஸிரத்3தா4 காம்கெர்தொ,siraddhaa kaamke'rto',siraddhA kAmkErtO,siraddhā kāmkĕrtŏ,s̪ɪɾəd̪d̪ʰɑː kɑːmkeɾt̪o,hardworker,உழைப்பாளி,Concepts,words
ꢔꢿꢭꢶ,गेलि,கே3லி,geli,geli,geli,geːlɪ,chuckling,எக்களிப்பு,Concepts,words
ꢙꢵꢔ꣄ꢬꢡꢶ,जाग्रति,ஜாக்3ரதி,jaagrati,jAgrati,jāgrati,d͡ʒɑːgɾət̪ɪ,warning,எச்சரிக்கை,Concepts,words
ꢲꢜ꣄ꢮꢥ꣄,हट्वन,ஹட்வன்,hat'van,haTvan,haṭvan,ɦəʈʋən̪,thought,எண்ணம்,Concepts,words
꣄ꢗꢶꢥ꣄ꢡꢥꣁ,चिन्तना॑,சிந்தனொ,chintano',cintanO,cintanŏ,t͡ʃɪn̪t̪ən̪o,thought,எண்ணம்,Concepts,words
ꢮꢾꢣꢸꢬ꣄ꢛ꣄ꢗꢶꢥꢶ,एदुरञ्चिनि,எது3ர்ஞ்சினி,ve'durnchini,vEdurJcini,vĕdurñcini,ʋed̪uɾɲt͡ʃɪn̪ɪ,"opposition, resistance",எதிர்ப்பு,Concepts,words
꣄ꢮꢾꢣꢸꢬ꣄ꢛ꣄ꢗꢶꢥꢶ,वेदुरञ्चिनि,வெது3ர்ஞ்சினி,ve'durnchini,vEdurJcini,vĕdurñcini,ʋed̪uɾɲt͡ʃɪn̪ɪ,"opposition, resistance",எதிர்ப்பு,Concepts,words
ꢙꢵꢳ꣄,जाळ,ஜாள்,jaal',jAL,jāl̤,d͡ʒɑːɭ,irritation,எரிச்சல்,Concepts,words
ꢡꢶꢒ꣄ꢒꢾ,तिक्क॑,திக்கெ,tikke',tikkE,tikkĕ,t̪ɪkke,hot taste,எரிப்பு,Concepts,words
ꢱꢺꢖ꣄ꢒꢵꢬ꣄,सृङ्कार्,ஸ்ருங்கா3ர்,sri'nkaar,sRGkAr,sṛṅkār,s̪ɾɨŋkɑːɾ,beauty,எழில்,Concepts,words
ꢭꢴꢾꢔꢸꢮ꣄,ल्ह॑गुव,லெ:கு3வ்,lhe'guv,lhEguv,lhĕguv,lɦeguʋ,easiness,எளிது,Concepts,words
ꢗꢸꢭꢨ꣄,चुल्ब्,சுலப்3,chulab,culab,culab,t͡ʃuləb,easiness,எளிது,Concepts,words
ꢱꣃꢙꢥ꣄ꢫꢪ꣄,सौजन्यम,ஸௌஜன்யம்,saujanyam,saujanyam,saujanyam,s̪əud͡ʒən̪jəm,simplicity,எளிமை,Concepts,words
ꢱꣁꢮ꣄ꢭꢾ,च॓व्ल॑,ஸொவ்லெ,so'vle',sOvlE,sŏvlĕ,s̪oʋle,longing,ஏக்கம்,Concepts,words
ꢮꢾꢒꢸꢭ꣄,व॑कुल,வெகுல்,ve'kul,vEkul,vĕkul,ʋekul,longing,ஏக்கம்,Concepts,words
ꢔꢵꢭ꣄,गाल्,கா3ள்,gaal,gAl,gāl,gɑːl,scolding,ஏச்சு,Concepts,words
ꢲꢸꢖ꣄ꢔꢵꢞ꣄,हङ्गाड,ஹுங்கா3ட்3,hungaad',huGgAD,huṅgāḍ,ɦuŋgɑːɖ,dupe,ஏமாற்று,Concepts,words
ꢲꢸꢖ꣄ꢔꢞ꣄ꢠꢶ,हुङ्गड्णि,ஹுங்க3ட்3ணி,hungad'ni,huGgaDNi,huṅgaḍṇi,ɦuŋgəɖɳɪ,duping,ஏமாற்றுதல்,Concepts,words
ꢌꢞ꣄ꢗꢜ꣄ꢠꢶ,एड्चट्णि,எட்3சட்ணி,e'd'chat'ni,EDcaTNi,ĕḍcaṭṇi,eɖt͡ʃəʈɳɪ,duping,ஏமாற்றுதல்,Concepts,words
ꢲꢸꢖ꣄ꢒꢜꢡ꣄ꢡꢾ,हुङ्कटत्त॑,ஹுங்கடத்தெ,hunkat'atte',huGkaTattE,huṅkaṭattĕ,ɦuŋkəʈət̪t̪e,duping,ஏமாற்றுதல்,Concepts,words
ꢲꢸꢖ꣄ꢔꢞ꣄,हुङ्गड,ஹுங்க3ட்3,hungad',huGgaD,huṅgaḍ,ɦuŋgəɖ,disappointment,ஏமாற்றம்,Concepts,words
ꢌꢜ꣄ꢗꢞ꣄ꢠꢶ,एट्चड्नि,எட்சட்3ணி,e't'chad'ni,ETcaDNi,ĕṭcaḍṇi,eʈt͡ʃəɖɳɪ,cheating,ஏய்ப்பு,Concepts,words
ꢡꢫꢵꢬ꣄,तयार्,தயார்,tayaar,tayAr,tayār,t̪əjɑːɾ,arrangement,ஏற்பாடு,Concepts,words
ꢱꢾꢥ꣄ꢣꢿꢮ꣄,स॑न्देव,ஸெந்தே3வ்,se'ndev,sEndev,sĕndev,s̪en̪d̪eːʋ,doubt,ஐயம்,Concepts,words
ꢏꢜ꣄ꢒꢪ꣄,आ॑ट्कम,ஒட்கம்,o't'kam,OTkam,ŏṭkam,oʈkəm,narrowness,ஒடுக்கம்,Concepts,words
ꢪꢾꢬ꣄ꢗꢥ꣄,म॑र्चन,மெர்சன்,me'rchan,mErcan,mĕrcan,meɾt͡ʃən̪,foppishness,ஒய்யாரம்,Concepts,words
ꢪꢾꢬ꣄ꢗꢸꢭꢥ꣄ ꢥꢵꢬꢶ,म॑र्चुलन नारि,மெர்சுலன் நாரி,me'rchulan naari,mErculan nAri,mĕrculan nāri,meɾt͡ʃulən̪ n̪ɑːɾɪ,foppish girl,ஒய்யாரி,Concepts,words
ꢫꣁꢒ꣄ꢡꣁ,योक्त्ता॑,யோக்தொ,yo'kto',yOktO,yŏktŏ,jokt̪o,unity,ஒற்றுமை,Concepts,words
ꢮꢶꢰ꣄ꢬꢵꢥ꣄ꢡꢶ,विष्रान्ति,விஷ்ராந்தி,vishraanti,viSrAnti,viṣrānti,ʋɪʂɾɑːn̪t̪ɪ,"rest, retirement",ஓய்வு,Concepts,words
ꢥꢶꢮꢺꢡꢶ,निवृति,நிவ்ருதி,nivri'ti,nivRti,nivṛti,n̪ɪʋɾɨt̪ɪ,"rest, retirement",ஓய்வு,Concepts,words
ꢥꢶꢮꢺꢡꢶ ꢮꢾꢡꢥꣁ,निवृति वेतना॑,நிவ்ருதி வேதனொ,nivri'ti ve'tano',nivRti vEtanO,nivṛti vĕtanŏ,n̪ɪʋɾɨt̪ɪ ʋet̪ən̪o,pension,ஓய்வூதியம்,Concepts,words
ꢱꢪꢬꢹꢦ꣄,समरूप,ஸமரூப்,samaroop,samarUp,samarūp,s̪əməɾuːp,uniformity,ஓர்மை,Concepts,words
ꢱꢾꢬ꣄ꢒ ꢬꢴꢱ꣄ꢡꢾ,स॑र्क र्हस्ते,ஸெர்கராஸ்தே,se'rka rhaste',sErka rhastE,sĕrka rhastĕ,s̪eɾkə ɾɦəs̪t̪e,perfection,கச்சிதம்,Concepts,words
ꢱꢾꢬ꣄ꢒ ꢬꢴꢠꢶ,स॑र्क र्हणि,ஸெர்கர:ணி,se'rka rhani,sErka rhaNi,sĕrka rhaṇi,s̪eɾkə ɾɦəɳɪ,perfection,கச்சிதம்,Concepts,words
ꢒꣁꢜꢸꢒ꣄,का॑टुक,கொடுக்,ko't'uk,kOTuk,kŏṭuk,koʈuk,bitter taste,கசப்பு,Concepts,words
ꢭꣂꢩꢸ,लोभु,லோபு4,lobhu,lobhu,lobhu,loːbʰu,"miserliness, stinginess",கஞ்சத்தனம்,Concepts,words
ꢭꣁꢩꢶ,लोभि,லோபி4,lo'bhi,lObhi,lŏbhi,lobʰɪ,miser,கஞ்சன்,Concepts,words
ꢂꢥꢸꢱꢵꢱꢥꣁ,अनुसाना॑,அனுஶாஸனொ,anusaasano',anusAsanO,anusāsanŏ,ən̪us̪ɑːs̪ən̪o,discipline,கட்டுப்பாடு,Concepts,words
ꢒꢬ꣄ꢡꢮ꣄,कर्तव,கர்தவ்,kartav,kartav,kartav,kəɾt̪əʋ,indebtedness,கடப்பாடு / கடமை,Concepts,words
ꢒꢬ꣄ꢡ꣄ꢡꢮ꣄ꢫꢪ꣄,कत्तव्तम,கர்த்தவயம்,karttavyam,karttavyam,karttavyam,kəɾt̪t̪əʋjəm,indebtedness,கடப்பாடு / கடமை,Concepts,words
ꢓꢾꢞꢶꢥ꣄,ख॑डिन,கெ2டி3ன்,khe'd'in,khEDin,khĕḍin,kʰeɖɪn̪,hard,கடினம்,Concepts,words
ꢒꢞꢹꢱ꣄,क्डूस,கடூ3ஸ்,kad'oos,kaDUs,kaḍūs,kəɖuːs̪,"harshness, hardness",கடுமை,Concepts,words
ꢒꢠ꣄ꢞꢶꢦ꣄,क्ण्डिप,கண்டி3ப்,kand'ip,kaNDip,kaṇḍip,kəɳɖɪp,Strictness /chide,கண்டிப்பு,Concepts,words
ꢒꢝꣂꢬ꣄,कठोर,கடோ2ர்,kat'hor,kaThor,kaṭhor,kəʈʰoːɾ,Strictness /chide,கண்டிப்பு,Concepts,words
ꢔꢮ꣄ꢬꢮ꣄,गव्रव,க3வ்ரவ்,gavrav,gavrav,gavrav,gəʋɾəʋ,"decency, dignity",கண்ணியம்,Concepts,words
ꢃꢱꢵꢣꢩꢹꢡꢶ,आसादभूति,ஆஸாட3பூ4தி,aasaadabhooti,AsAdabhUti,āsādabhūti,ɑːs̪ɑːd̪əbʰuːt̪ɪ,hypocrite,கபடதாரி,Concepts,words
ꢒꣁꢦꢜꢾ,का॑तट॑,கொதடெ,ko'pat'e',kOpaTE,kŏpaṭĕ,kopəʈe,cheater,கபடன்,Concepts,words
ꢒꢪꢨꢷꢬ꣄,कम्बीर्,க3ம்பீ3ர்,kamabeer,kamabIr,kamabīr,kəməbiːɾ,majestic bearing,கம்பீரம்,Concepts,words
ꢒꢺꢦꣁ,कृपा॑,க்ருபொ,kri'po',kRpO,kṛpŏ,kɾɨpo,"grace, mercy",கருணை,Concepts,words
ꢃꢒꢬ꣄ꢰꢠꣁ,आकषणा॑,ஆகர்ஷணொ,aakarshano',AkarSaNO,ākarṣaṇŏ,ɑːkəɾʂəɳo,attraction,கவர்ச்சி,Concepts,words
ꢤ꣄ꢫꢵꢥ꣄,ध्यान,த்4யான்,dhyaan,dhyAn,dhyān,d̪ʰjɑːn̪,"attention, care",கவனம் / கவனிப்பு,Concepts,words
ꢔꢪ꣄ꢗꢶꢥꢶ,गम्चिनि,க3ம்சினி,gamchini,gamcini,gamcini,gəmt͡ʃɪn̪ɪ,"attention, care",கவனம் / கவனிப்பு,Concepts,words
ꢂꢮꢤꢵꢥ꣄,अवधान,அவதா4ன்,avadhaan,avadhAn,avadhān,əʋəd̪ʰɑːn̪,"attention, care",கவனம் / கவனிப்பு,Concepts,words
ꢗꣁꢞ꣄ꢞꢦꢥ꣄,चा॑ड्डपन,சொட்3ட3பன்,cho'd'd'apan,cODDapan,cŏḍḍapan,t͡ʃoɖɖəpən̪,falsehood,கள்ளத்தனம்,Concepts,words
ꢗꣁꢞ꣄ꢞꢦꢥ꣄,चा॑ड्डपन,சொட்3ட3பன்,cho'd'd'apan,cODDapan,cŏḍḍapan,t͡ʃoɖɖəpən̪,theft,கள்ளம்,Concepts,words
ꢗꣂꢬ꣄,चोर,சோர்,chor,cor,cor,t͡ʃoːɾ,theft,கள்ளம்,Concepts,words
ꢗꣁꢞ꣄ꢞꣁ,चा॑ड्डा॑,சொட்3டொ3,cho'd'd'o',cODDO,cŏḍḍŏ,t͡ʃoɖɖo,thief,கள்ளன்,Concepts,words
ꢗꣂꢬ꣄,चोर,சோர்,chor,cor,cor,t͡ʃoːɾ,thief,கள்ளன்,Concepts,words
ꢗꣁꢞ꣄ꢞꢶ,चा॑ड्डि,சொட்3டி3,cho'd'd'i,cODDi,cŏḍḍi,t͡ʃoɖɖɪ,thief,கள்ளி,Concepts,words
ꢒꢭ꣄ꢪꢱꣁ,कल्मसा॑,கல்மஸொ,kalmaso',kalmasO,kalmasŏ,kəlməs̪o,stain,களங்கம்,Concepts,words
ꢪꢭꢶꢥꣁ,मलिना॑,மலினொ,malino',malinO,malinŏ,məlɪn̪o,stain,களங்கம்,Concepts,words
ꢯꢷꢥ꣄,शीन्,ஶீன்,sheen,zIn,śīn,ʃiːn̪,tiredness,களைப்பு,Concepts,words
ꢣꢫꣁ,दया॑,த3யொ,dayo',dayO,dayŏ,d̪əjo,"pity, mercy",கனிவு,Concepts,words
ꢨꢵꢤꣁ,बाधा॑,பா3தொ4,baadho',bAdhO,bādhŏ,bɑːd̪ʰo,"difficulty, suffering",கஷ்டம்,Concepts,words
ꢪꢶꢭꢿꢗ꣄ꢗꣁ,मिलेच्चा॑,மிலேச்சொ,milechcho',mileccO,mileccŏ,mɪleːt͡ʃt͡ʃo,barbarian,காட்டுமிராண்டி,Concepts,words
ꢮꢥꢗꢬꣁ,वनचरा॑,வனசரொ,vanacharo',vanacarO,vanacarŏ,ʋən̪ət͡ʃəɾo,barbarian,காட்டுமிராண்டி,Concepts,words
ꢦ꣄ꢬꢾꢪ꣄,प्रेम,ப்ரேம்,pre'm,prEm,prĕm,pɾem,love,காதல்,Concepts,words
ꢦ꣄ꢬꢾꢮ꣄,प्रेव,ப்ரேவ்,pre'v,prEv,prĕv,pɾeʋ,love,காதல்,Concepts,words
ꢦ꣄ꢬꢶꢫꢡꢪꣁ,प्रियतमा॑,ப்ரியதமொ,priyatamo',priyatamO,priyatamŏ,pɾɪjət̪əmo,lover,காதலன்,Concepts,words
ꢦ꣄ꢬꢾꢪꢶꢒꣁ,प्रेमिका॑,ப்ரேமிகொ,pre'miko',prEmikO,prĕmikŏ,pɾemɪko,lover,காதலி,Concepts,words
ꢦ꣄ꢬꢶꢫꣁ,प्रिया॑,ப்ரியொ,priyo',priyO,priyŏ,pɾɪjo,lover,காதலி,Concepts,words
ꢒꢵꢪꢪ꣄,कामम,காமம்,kaamam,kAmam,kāmam,kɑːməm,lust,காமம்,Concepts,words
ꢔꢾꢭꢶ,गेलि,கே3லி,ge'li,gEli,gĕli,gelɪ,"ridicule, mockery",கிண்டல்,Concepts,words
ꢆꢦꢲꢵꢱ꣄,उपहास,உபஹாஸ்,upahaas,upahAs,upahās,upəɦɑːs̪,"ridicule, mockery",கிண்டல்,Concepts,words
ꢒꢸꢱꢸꢪ꣄ꢨꢸ ꢒꢾꢬꢱ꣄ꢡꢾꢥꣁ,क्सुम्बुक॑रस्त॑ना॑,குஸும்பு3 கெரஸ்தெனொ,kusumbu ke'raste'no',kusumbu kErastEnO,kusumbu kĕrastĕnŏ,kus̪umbu keɾəs̪t̪en̪o,mischievous man,குசும்பன்,Concepts,words
ꢒꢸꢱꢸꢪ꣄ꢨꢸ,कुसुम्बु,குஸும்பு3,kusumbu,kusumbu,kusumbu,kus̪umbu,mischief,குசும்பு,Concepts,words
ꢗꢾꢰ꣄ꢜꣁ,चेष्टा॑,சேஷ்டொ,che'sht'o',cESTO,cĕṣṭŏ,t͡ʃeʂʈo,mischief,குசும்பு,Concepts,words
ꢱꢾꢬꢵꢨꢶ,सेराबि,ஸெராபி3,se'raabi,sErAbi,sĕrābi,s̪eɾɑːbɪ,drunkard,குடிகாரன்,Concepts,words
ꢦꢥꢶ ꢨꣁꢠ꣄ꢞꢶ,पनि बोण्डि,பனி பொ3ண்டி3,pani bo'nd'i,pani bONDi,pani bŏṇḍi,pən̪ɪ boɳɖɪ,drunkard,குடிகாரன்,Concepts,words
ꢒꢸꢠ꣄ꢠꢸ,कुण्णु,கு3ண்ணு,kunnu,kuNNu,kuṇṇu,kuɳɳu,character,குணம்,Concepts,words
ꢒꢸꢣꢹꢲꢭ꣄,कुदूहल,குதூஹல்,kudoohal,kudUhal,kudūhal,kud̪uːɦəl,"merry, happiness",குதூகலம்,Concepts,words
ꢱꣁꢥ꣄ꢡꣂꢰ꣄,सा॑न्तोष,ஸொந்தோஷ்,so'ntosh,sOntoS,sŏntoṣ,s̪on̪t̪oːʂ,"merry, happiness",குதூகலம்,Concepts,words
ꢱꢶꢳ꣄ꢳꣁ,सिळ्ळा॑,ஸிள்ளொ,sil'l'o',siLLO,sil̤l̤ŏ,s̪ɪɭɭo,chillness,குளிர்ச்சி,Concepts,words
ꢂꢦ꣄ꢬꢵꢤꢸꢩꢵꢮ꣄,अप्राधुभाव,அப்ராது4 பா4வ்,apraadhubhaav,aprAdhubhAv,aprādhubhāv,əpɾɑːd̪ʰubʰɑːʋ,guilty consciousness,குற்றவுணர்வு,Concepts,words
ꢗꢹꢒꢸ ꢩꢵꢮ꣄,चूकुभाव,சூகு பா4வ்,chooku bhaav,cUku bhAv,cūku bhāv,t͡ʃuːku bʰɑːʋ,guilty consciousness,குற்றவுணர்வு,Concepts,words
ꢭꢵꢙ꣄,लाज,லாஜ்,laaj,lAj,lāj,lɑːd͡ʒ,shyness,கூச்சம்,Concepts,words
ꢭꢵꢱꢸ,लाजु,லாஜு,laasu,lAsu,lāsu,lɑːs̪u,shyness,கூச்சம்,Concepts,words
ꢭꢙ꣄ꢙꣁ,लज्जा॑,லஜ்ஜொ,lajjo',lajjO,lajjŏ,ləd͡ʒd͡ʒo,shyness,கூச்சம்,Concepts,words
ꢦ꣄ꢬꢵꢬ꣄ꢢꢥꣁ,प्रार्थना॑,ப்ரார்த2னொ,praarthano',prArthanO,prārthanŏ,pɾɑːɾt̪ʰən̪o,Pleading/ entreating,கெஞ்சல்,Concepts,words
ꢦ꣄ꢬꢾꢮ꣄ꢒꢥ꣄ ꢪꢾꢭ꣄ꢭꢶꢥꢶ,प्रेव्कन म॑ल्लिन,ப்ரேவ்கன் மெல்லினி,pre'vkan me'llini,prEvkan mEllini,prĕvkan mĕllini,pɾeʋkən̪ mellɪn̪ɪ,Pleading/ entreating,கெஞ்சல்,Concepts,words
ꢭꢾꢛ꣄ꢙꢪ꣄,लेञ्जम,லெஞ்ஜம்,le'njam,lEJjam,lĕñjam,leɲd͡ʒəm,bribe,கையூட்டு,Concepts,words
ꢆꢡ꣄ꢒꣁꢗ꣄,उत्कोच,உத்கோச்,utko'ch,utkOc,utkŏc,ut̪kot͡ʃ,bribe,கையூட்டு,Concepts,words
ꢦ꣄ꢬꢾꢮꢸꢪꢣꢶꢥꢶ,प्रेवुवदिनि,ப்ரேவுவதி3னி,pre'vumadini,prEvumadini,prĕvumadini,pɾeʋuməd̪ɪn̪ɪ,Fondtalk/cooing,கொஞ்சல்,Concepts,words
ꢥꢶꢥꢵꢮꢸ ꢮꢡ꣄ꢡꣁ,निनावु वत्ता॑,நி:னாவு வத்தொ,ninaavu vatto',ninAvu vattO,nināvu vattŏ,n̪ɪn̪ɑːʋu ʋət̪t̪o,Fondtalk/cooing,கொஞ்சல்,Concepts,words
ꢪꢫꢵꢭꢸ ꢮꢡ꣄ꢡꣁ,मयालु वत्ता॑,மயாலு வத்தொ,mayaalu vatto',mayAlu vattO,mayālu vattŏ,məjɑːlu ʋət̪t̪o,Fondtalk/cooing,கொஞ்சல்,Concepts,words
ꢡꢵꢦ꣄,ताप,தாப்,taap,tAp,tāp,t̪ɑːp,boil,கொதி,Concepts,words
ꢓꢾꢜ꣄,खेट,கே2ட்,khe't',khET,khĕṭ,kʰeʈ,boil,கொதி,Concepts,words
ꢗꢹꢞ꣄ꢲꢥꢱ꣄ꢡꢾ,चूडहनस्ते,சூட்3ஹனஸ்தே,chood'_hanaste',cUD_hanastE,cūḍ_hanastĕ,t͡ʃuːɖ_ɦən̪əs̪t̪e,decoity,கொள்ளை,Concepts,words
ꢮꢶꢣꢹꢰꢒꣁ,विदूषका॑,விதூ3ஷகொ,vidooshako',vidUSakO,vidūṣakŏ,ʋɪd̪uːʂəko,"clown, buffoon",கோமாளி,Concepts,words
ꢮꢶꢣꢹꢰꢒꢦꢥ꣄,विदूषकपन,விதூ3ஷகபன்,vidooshakapan,vidUSakapan,vidūṣakapan,ʋɪd̪uːʂəkəpən̪,buffoonery,கோமாளித்தனம்,Concepts,words
ꢬꢵꢒ꣄,राक्,ராக்,raak,rAk,rāk,ɾɑːk,anger,கோபம்,Concepts,words
ꢤꢒ꣄ꢒꢶꢭꢾ,धक्किल॑,த4க்கிலெ,dhakkile',dhakkilE,dhakkilĕ,d̪ʰəkkɪle,coward,கோழை,Concepts,words
ꢤꢵꢒ꣄ꢸꢦꢥ꣄,धाकुपन,தா4குபன்,dhaak_upan,dhAk_upan,dhāk_upan,d̪ʰɑːk_upən̪,cowardice,கோழைத்தனம்,Concepts,words
ꢕꢾꢥꢪ꣄,ख॑नम्,கெ4னம்,ghe'nam,ghEnam,ghĕnam,gʰen̪əm,prestige,கெளரவம்,Concepts,words
ꢔꢮ꣄ꢬ꣄ꢡꣁ,गव्र्ता॑,க3வ்ர்தொ,gavrto',gavrtO,gavrtŏ,gəʋɾt̪o,prestige,கெளரவம்,Concepts,words
ꢨꣁꢭꢶꢪ꣄,बोलिम,பொ3லிம்,bo'lim,bOlim,bŏlim,bolɪm,strength,சக்தி,Concepts,words
ꢯꢒ꣄ꢡꢶ,शक्ति,ஶக்தி,shakti,zakti,śakti,ʃəkt̪ɪ,strength,சக்தி,Concepts,words
ꢱꢲꢥꣁ,सहना॑,ஸஹனொ,sahano',sahanO,sahanŏ,s̪əɦən̪o,tolerance,சகிப்பு / சகிப்புத்தன்மை,Concepts,words
ꢦꣁꢥ꣄ꢣꢸꢭ꣄ꢥꢶ,पा॑न्तुल्नि,பொந்துல்னி,po'ndulni,pOndulni,pŏndulni,pon̪d̪uln̪ɪ,tolerance,சகிப்பு / சகிப்புத்தன்மை,Concepts,words
ꢩꢫ꣄ꢩꢾꢫ꣄ꢥꢾꢥꢸ ꢩꢵꢮꢥꣁ,भय्भ॑न॑नु भावना॑,ப4ய்பெ4ய்னெனு பா4வனொ,bhaybhe'yne'nu bhaavano',bhaybhEynEnu bhAvanO,bhaybhĕynĕnu bhāvanŏ,bʰəjbʰejn̪en̪u bʰɑːʋən̪o,brotherhood,சகோரத்துவம்,Concepts,words
ꢨꢵꢤꣁ,बाधा॑,பா3தொ4,baadho',bAdhO,bādhŏ,bɑːd̪ʰo,sorrow,சங்கடம்,Concepts,words
ꢮꢵꢣꢸ ꢮꢡ꣄ꢡꣁ,वादु वत्ता॑,வாது3 வத்தொ,vaadu vatto',vAdu vattO,vādu vattŏ,ʋɑːd̪u ʋət̪t̪o,petty quarrel,சச்சரவு,Concepts,words
ꢥꢥ꣄ꢚꢾꢞꣁ,नन्झ॑डा॑,ந:ன்ஜெ2டொ3,nanjhe'd'o',nanjhEDO,nanjhĕḍŏ,n̪ən̪d͡ʒʰeɖo,petty quarrel,சச்சரவு,Concepts,words
ꢚꢾꢞꣁ,झ॑डा॑,ஜெ2டொ3,jhe'd'o',jhEDO,jhĕḍŏ,d͡ʒʰeɖo,quarrel,சண்டை,Concepts,words
ꢚꢾꢞꣀꢡ꣄,झेडैत,ஜெ2டை3த்,jhe'd'ait,jhEDait,jhĕḍait,d͡ʒʰeɖəɪt̪,quarrelsome man,சண்டைக்காரன்,Concepts,words
ꢚꢾꢞꣀꢡꢶꢥ꣄,झ॑डैतिन,ஜெ2டை3தின்,jhe'd'aitin,jhEDaitin,jhĕḍaitin,d͡ʒʰeɖəɪt̪ɪn̪,quarrelsome woman,சண்டைக்காரி,Concepts,words
ꢣꢸꢬ꣄ꢫꣁꢗꢥꣁ,दुर्योचना॑,து3ர்யோசனொ,duryo'chano',duryOcanO,duryŏcanŏ,d̪uɾjot͡ʃən̪o,conspiracy,சதி,Concepts,words
ꢱꢞ꣄ꢫꢥ꣄ꢡ꣄ꢬꢸ,सड्यन्त्रु,ஸட்3யந்த்ரு,sad'yantru,saDyantru,saḍyantru,s̪əɖjən̪t̪ɾu,conspiracy,சதி,Concepts,words
ꢱꢥ꣄ꢣꢬ꣄ꢩꢮꢵꢣꢶ,सन्दर्भवादि,ஸந்த3ர்ப4வாதி3,sandarbhavaadi,sandarbhavAdi,sandarbhavādi,s̪ən̪d̪əɾbʰəʋɑːd̪ɪ,opportunist,சந்தர்ப்பவாதி,Concepts,words
ꢱꢾꢥ꣄ꢣꢾꢮ꣄,सेन्देव,ஸெந்தே3வ்,se'nde'v,sEndEv,sĕndĕv,s̪en̪d̪eʋ,doubt,சந்தேகம்,Concepts,words
ꢱꣁꢥ꣄ꢣꣂꢰ꣄,स॑न्तोष्,ஸொந்தோ3ஷ்,so'ndosh,sOndoS,sŏndoṣ,s̪on̪d̪oːʂ,,,Concepts,words
ꢱꢪ꣄ꢪꢡ꣄,सम्मत्,ஸம்மத்,sammat,sammat,sammat,s̪əmmət̪,acceptance,சம்மதம்,Concepts,words
ꢱꢲꢪꢡꢶ,सहमति,ஸஹமதி,sahamati,sahamati,sahamati,s̪əɦəmət̪ɪ,acceptance,சம்மதம்,Concepts,words
ꢬꢵꢙꢶ,राजि,ராஜி,raaji,rAji,rāji,ɾɑːd͡ʒɪ,compromise,சமரசம்,Concepts,words
ꢏꢬ꣄ꢦꢸ,ओर्पु,ஓர்பு,o'rpu,Orpu,ŏrpu,oɾpu,compromise,சமரசம்,Concepts,words
ꢱꢬꢱ꣄,सरस,ஸரஸ்,saras,saras,saras,s̪əɾəs̪,tact,சரசம்,Concepts,words
ꢒꢵꢬ꣄ꢫ ꢒꢸꢰꢭꢡꣁ,कार्य कुषलता॑,கார்ய குஷலதொ,kaarya kushalato',kArya kuSalatO,kārya kuṣalatŏ,kɑːɾjə kuʂələt̪o,tact,சரசம்,Concepts,words
ꢮꢶꢱꢶ,विसि,விஸி,visi,visi,visi,ʋɪs̪ɪ,boredom,சலிப்பு,Concepts,words
ꢮꢶꢬꢱꢡꣁ,विरसता॑,விரஸதொ,virasato',virasatO,virasatŏ,ʋɪɾəs̪ət̪o,boredom,சலிப்பு,Concepts,words
ꢱꢵꢤ꣄ꢫꢸ,साध्यु,ஸாத்4யு,saadhyu,sAdhyu,sādhyu,s̪ɑːd̪ʰju,possibility,சாத்தியம்,Concepts,words
ꢱꢵꢤꢸ,साधु,ஸாது4,saadhu,sAdhu,sādhu,s̪ɑːd̪ʰu,calm person,சாது,Concepts,words
ꢯꢵꢥ꣄ꢡꢸ,शान्तु,ஶாந்து,shaantu,zAntu,śāntu,ʃɑːn̪t̪u,quietness,சாந்தம்,Concepts,words
ꢦ꣄ꢬꢗ꣄ꢗꢥꣁ,प्रच्चना॑,ப்ரச்சனொ,prachchano',praccanO,praccanŏ,pɾət͡ʃt͡ʃən̪o,Tangle/mess,சிக்கல்,Concepts,words
ꢨꢸꢱ꣄ꢒꣁ,बुस्का॑,பு3ஸ்கொ,busko',buskO,buskŏ,bus̪ko,Tangle/mess,சிக்கல்,Concepts,words
ꢦꢶꢭꣁ,पिला॑,பிளொ,pilo',pilO,pilŏ,pɪlo,Tangle/mess,சிக்கல்,Concepts,words
ꢗꢶꢥ꣄ꢡꢥꣁ,चिन्तना॑,சிந்தனொ,chintano',cintanO,cintanŏ,t͡ʃɪn̪t̪ən̪o,thought,சிந்தனை,Concepts,words
ꢗꢶꢥ꣄ꢡ,चिन्त,சிந்த,chinta,cinta,cinta,t͡ʃɪn̪t̪ə,thought,சிந்தை,Concepts,words
ꢲꢱꢶꢥꢶ,हसिनि,ஹஸினி,hasini,hasini,hasini,ɦəs̪ɪn̪ɪ,laughter,சிரிப்பு,Concepts,words
ꢱꢶꢖ꣄ꢔꢡꢶꢦꢥ꣄,सिङ्गतिपन,ஸிங்க3தி3பன்,singatipan,siGgatipan,siṅgatipan,s̪ɪŋgət̪ɪpən̪,friendship,சினேகம்,Concepts,words
ꢱꢾꢖ꣄ꢔꢣꢶꢦꢥ꣄,सेङ्गदिपन,ஸெங்க3தி3பன்,se'ngadipan,sEGgadipan,sĕṅgadipan,s̪eŋgəd̪ɪpən̪,friendship,சினேகம்,Concepts,words
ꢱꢶꢖ꣄ꢔꢡꢶ,सिङ्गति,ஸிங்க3தி,singati,siGgati,siṅgati,s̪ɪŋgət̪ɪ,friend,சினேகிதன்,Concepts,words
ꢱꢾꢖ꣄ꢔꣀꢡ꣄,स॑ङ्गैत,ஸெங்கை3த்,se'ngait,sEGgait,sĕṅgait,s̪eŋgəɪt̪,friend,சினேகிதன்,Concepts,words
ꢄꢰ꣄ꢜꢸꢜ꣄,इष्टुट,இஷ்டுட்,isht'ut',iSTuT,iṣṭuṭ,ɪʂʈuʈ,friend,சினேகிதன்,Concepts,words
ꢱꢶꢖ꣄ꢒꢔꢵꢬ꣄,सिङ्गार्,ஸிங்கா3ர்,sinkagaar,siGkagAr,siṅkagār,s̪ɪŋkəgɑːɾ,beauty,சுந்தரம்,Concepts,words
ꢱ꣄ꢮꢩꢵꢮ꣄,स्वभाव,ஸ்வபா4வ்,svabhaav,svabhAv,svabhāv,s̪ʋəbʰɑːʋ,"nature, character",சுபாவம்,Concepts,words
ꢩꢵꢬ,भार,பா4ர்,bhaara,bhAra,bhāra,bʰɑːɾə,burden,சுமை,Concepts,words
ꢱꢮꢫꢒꣃꢬꢮ꣄,स्वयकौरव,ஸ்வயகௌ3ரவ்,savayakaurav,savayakaurav,savayakaurav,s̪əʋəjəkəuɾəʋ,self-respect,சுயமரியாதை,Concepts,words
ꢱꣁꢬꢠꣁ,सा॑रणा॑,ஸொரணொ,so'rano',sOraNO,sŏraṇŏ,s̪oɾəɳo,sensitivity,சுரணை,Concepts,words
ꢱ꣄ꢦꢬ꣄ꢯ ꢗꢾꢡꢥꣁ,स्पर्श चेतनो,ஸ்பர்ஶ சேதனொ,sparsha che'tano',sparza cEtanO,sparśa cĕtanŏ,s̪pəɾʃə t͡ʃet̪ən̪o,sensitivity,சுரணை,Concepts,words
ꢡ꣄ꢮꢬꢶꢡꢸ ꢩꢵꢮ꣄,त्वरितु भाव,த்வரிது பா4வ்,tvaritu bhaav,tvaritu bhAv,tvaritu bhāv,t̪ʋəɾɪt̪u bʰɑːʋ,Briskness/ smartness,சுறுசுறுப்பு / சமர்து,Concepts,words
ꢮꢾꢔꢸ ꢒꢾꢬ꣄ꢥꢶ,वेगु क॑र्नि,வேகு3 கெர்னி,ve'gu ke'rni,vEgu kErni,vĕgu kĕrni,ʋegu keɾn̪ɪ,Briskness/ smartness,சுறுசுறுப்பு / சமர்து,Concepts,words
ꢱꢪꢬ꣄ꢡꢸ,समर्तु,ஸமர்து,samartu,samartu,samartu,s̪əməɾt̪u,Briskness/ smartness,சுறுசுறுப்பு / சமர்து,Concepts,words
ꢱꢹꢡꢸ,सूतु,ஸூது3,sootu,sUtu,sūtu,s̪uːt̪u,gambling,சூது,Concepts,words
ꢒꢬ꣄ꢪꣁ,कर्मा॑,கர்மொ,karmo',karmO,karmŏ,kəɾmo,deed,செயல்,Concepts,words
ꢒꢵꢪ꣄,काम,காம்,kaam,kAm,kām,kɑːm,deed,செயல்,Concepts,words
ꢔꢾꢬꢸꢮ꣄,ग॑रुव,கெ3ருவ்,ge'ruv,gEruv,gĕruv,geɾuʋ,proudness,செருக்கு,Concepts,words
ꢪꢷ ꢩꢵꢮ꣄,मी भाव,மீ பா4வ்,mee bhaav,mI bhAv,mī bhāv,miː bʰɑːʋ,proudness,செருக்கு,Concepts,words
ꢂꢲꢖ꣄ꢒꢵꢬ꣄,अहङ्कार,அஹங்கார்,ahankaar,ahaGkAr,ahaṅkār,əɦəŋkɑːɾ,proudness,செருக்கு,Concepts,words
ꢪꢪꢡꣁ,ममता॑,மமதொ,mamato',mamatO,mamatŏ,məmət̪o,proudness,செருக்கு,Concepts,words
ꢚꢸꢒ꣄ꢒꢸꢮꢿꢱ꣄ ꢒꢾꢬ꣄ꢥꢵꢬ꣄,झुक्कुवेस्क॑र्नार,ஜு2க்கு வேஸ் கெர்னார்,jhukkuves ke'rnaar,jhukkuves kErnAr,jhukkuves kĕrnār,d͡ʒʰukkuʋeːs̪ keɾn̪ɑːɾ,spendthrift,செலவாளி,Concepts,words
ꢇꢣꢵꢬꢶ,ऊदारि,ஊதா3ரி,oodaari,UdAri,ūdāri,uːd̪ɑːɾɪ,spendthrift,செலவாளி,Concepts,words
ꢂꢭꢱꣁ,अलसा॑,அலஸொ,alaso',alasO,alasŏ,ələs̪o,lazy fellow,சோம்பேறி,Concepts,words
ꢂꢱꢪꢥ꣄ꢣꢪ꣄,असमन्दम,அஸமந்த3ம்,asamandam,asamandam,asamandam,əs̪əmən̪d̪əm,lazy fellow,சோம்பேறி,Concepts,words
ꢪꢥ꣄ꢣꢪ꣄,मन्दम,மந்த3ம்,mandam,mandam,mandam,mən̪d̪əm,laziness,சோம்பேறித்தனம்,Concepts,words
ꢃꢭꢱ꣄ꢫꣁ,आलस्यो,ஆலஸ்யொ,aalasyo',AlasyO,ālasyŏ,ɑːləs̪jo,laziness,சோம்பேறித்தனம்,Concepts,words
ꢱꣃꢥ꣄ꢣꢬ꣄ꢫꣁ,सौन्दर्या॑,ஸெளந்த3ர்யொ,saundaryo',saundaryO,saundaryŏ,s̪əun̪d̪əɾjo,beauty,செளந்தரியம்,Concepts,words
ꢲꢜ꣄ꢮꢥꢸ ꢯꢒ꣄ꢡꢶ,हट्वनु शक्ति,ஹட்வனு ஶக்தி,hat'vanu shakti,haTvanu zakti,haṭvanu śakti,ɦəʈʋən̪u ʃəkt̪ɪ,memory power,ஞாபகச்சக்தி,Concepts,words
ꢲꢜ꣄ꢮꢥ꣄,हट्वन,ஹட்வன்,hat'van,haTvan,haṭvan,ɦəʈʋən̪,memory,ஞாபகம்,Concepts,words
ꢡꢾꢜ꣄ꢜꢸ ꢪꢸꢜ꣄ꢜꢫꢶꢥꢶ,तेट्टु मुट्टयिनि,தெட்டு முட்டயினி,te't't'u mut't'ayini,tETTu muTTayini,tĕṭṭu muṭṭayini,t̪eʈʈu muʈʈəjɪn̪ɪ,glitch,தடுமாற்றம்,Concepts,words
ꢯꢶꢳ꣄ꢳꢦꢥ꣄,शिळ्ळपन,ஶிள்ளபன்,shil'l'apan,ziLLapan,śil̤l̤apan,ʃɪɭɭəpən̪,coolness,தண்மை,Concepts,words
ꢡꢥ꣄ꢡꢸꢬꢸꢦꢥ꣄,तन्तुरुपन,தந்துருபன்,tanturupan,tanturupan,tanturupan,t̪ən̪t̪uɾupən̪,cleverness,தந்திரம்,Concepts,words
ꢡꢪꢵꢰ꣄,तमाष्,தமாஷ்,tamaash,tamAS,tamāṣ,t̪əmɑːʂ,humour,தமாஷ்,Concepts,words
ꢦꢱ꣄ꢡꣁꢒ꣄ꢒꢶꢥꢶ,पस्ता॑क्किनि,பஸ்தொக்கினி,pasto'kkini,pastOkkini,pastŏkkini,pəs̪t̪okkɪn̪ɪ,hesitation,தயக்கம்,Concepts,words
ꢱꢖ꣄ꢒꣂꢗ꣄,सङ्कोच,ஸங்கோச்,sankoch,saGkoc,saṅkoc,s̪əŋkoːt͡ʃ,hesitation,தயக்கம்,Concepts,words
ꢣꢫꣁ,दया॑,த3யொ,dayo',dayO,dayŏ,d̪əjo,kindness,தயவு,Concepts,words
ꢣꢬ꣄ꢯꢥꣁ,दना॑र्शना॑,த3ர்ஶனொ,darshano',darzanO,darśanŏ,d̪əɾʃən̪o,Holy vision,தரிசனம்,Concepts,words
ꢣꣁꢱ꣄ꢒꣁ ꢏꢖ꣄ꢔꢶꢥꢶ,दा॑स्का॑ आ॑ङ्गिनि,தொ3ஸ்கொ ஒங்கி3னி,do'sko' o'ngini,dOskO OGgini,dŏskŏ ŏṅgini,d̪os̪ko oŋgɪn̪ɪ,Humiliation,தலைகுனிவு,Concepts,words
ꢔꢾꢬꢸꢮꢸ ꢩꢖ꣄ꢔꢸ,ग॑रुवु भङ्गु,கெ3ருவு ப4ங்கு3,ge'ruvu bhangu,gEruvu bhaGgu,gĕruvu bhaṅgu,geɾuʋu bʰəŋgu,Humiliation,தலைகுனிவு,Concepts,words
ꢮꢶꢯ꣄꣄ꢬꢵꢥ꣄ꢡꢶ,विश्रान्ति,விஶ்ராந்தி,vishraanti,vizrAnti,viśrānti,ʋɪʃɾɑːn̪t̪ɪ,relaxing,தளர்ச்சி,Concepts,words
ꢮꢶꢬꢵꢪꣁ,विरामा॑,விராமொ,viraamo',virAmO,virāmŏ,ʋɪɾɑːmo,relaxing,தளர்ச்சி,Concepts,words
ꢦꢬꢶꢯ꣄꣄ꢬꢪꣁ,परिश्रमा॑,பரிஶ்ரமொ,parishramo',parizramO,pariśramŏ,pəɾɪʃɾəmo,relaxing,தளர்ச்சி,Concepts,words
ꢯ꣄꣄ꢬꢪꢦꢬꢶꢲꢵꢬ꣄,श्रमपरिहार,ஶ்ரமபரிஹார்,shramaparihaar,zramaparihAr,śramaparihār,ʃɾəməpəɾɪɦɑːɾ,relaxing,தளர்ச்சி,Concepts,words
ꢱꢸꢫꢔꣃꢬꢮ꣄,सुयगौरव,ஸுயகௌ3ரவ்,suyagaurav,suyagaurav,suyagaurav,s̪ujəgəuɾəʋ,self-prestige,தன்மானம்,Concepts,words
ꢂꢭꢔ꣄ꢔꢸꢠ꣄ꢠꢸ,अलग्गुण्णु,அலக்3கு3ண்ணு,alaggunnu,alagguNNu,alagguṇṇu,ələgguɳɳu,individuality,தனித்துவம்,Concepts,words
ꢮ꣄ꢫꢒ꣄ꢡꢶꢡ꣄ꢮꣁ,व्यक्तित्वा॑,வ்யக்தித்வொ,vyaktitvo',vyaktitvO,vyaktitvŏ,ʋjəkt̪ɪt̪ʋo,individuality,தனித்துவம்,Concepts,words
ꢦ꣄ꢬꢸꢢꢒ꣄ꢩꢵꢮ꣄,प्रुथक्भाव,ப்ருத2க்பா4வ்,pruthakbhaav,pruthakbhAv,pruthakbhāv,pɾut̪ʰəkbʰɑːʋ,individuality,தனித்துவம்,Concepts,words
ꢮꢶꢯꢿꢰꢸꢔꢸꢠ꣄ꢠꢸ,विशेषु गुण्णु,விஶேஷு கு3ண்ணு,visheshugunnu,vizeSuguNNu,viśeṣuguṇṇu,ʋɪʃeːʂuguɳɳu,individuality,தனித்துவம்,Concepts,words
ꢏꢠ꣄ꢜꢶꢦꢥ꣄,आ॑ण्टिपन,ஒண்டிபன்,o'nt'ipan,ONTipan,ŏṇṭipan,oɳʈɪpən̪,loneliness,தனிமை,Concepts,words
ꢂꢭꢔ꣄ꢔ ꢬꢴꢥꢶ,अलग्ग र्हनि,அலக்3 க3ர:னி,alagga rhani,alagga rhani,alagga rhani,ələggə ɾɦən̪ɪ,loneliness,தனிமை,Concepts,words
ꢮꢾꢔꢸꢭꢦꢥ꣄,व॑कुलपन,வெகுளபன்,ve'gulapan,vEgulapan,vĕgulapan,ʋeguləpən̪,loneliness,தனிமை,Concepts,words
ꢱꣂꢒ꣄,सोक्,ஶோக்,sok,sok,sok,s̪oːk,thirst,தாகம்,Concepts,words
ꢣꢵꢪ꣄ꢦꢡ꣄ꢫꢙꢶꢮ꣄ꢥꢪ꣄,दाम्पत्यजिव्नम,தா3ம்பத்யஜிவ்னம்,daampatyajivnam,dAmpatyajivnam,dāmpatyajivnam,d̪ɑːmpət̪jəd͡ʒɪʋn̪əm,Conjugal life,தாம்பத்தியம்,Concepts,words
ꢱꢡꢶꢦꢡꢶ ꢙꢶꢮ꣄ꢥꢪ,सतिपति जिव्नम,ஸதிபதி ஜிவ்னம்,satipati jivnama,satipati jivnama,satipati jivnama,s̪ət̪ɪpət̪ɪ d͡ʒɪʋn̪əmə,Conjugal life,தாம்பத்தியம்,Concepts,words
ꢆꢣꢵꢬꢔꢸꢠ꣄ꢠꢸ,उदारगुण्णु,உதா3ரகு3ண்ணு,udaaragunnu,udAraguNNu,udāraguṇṇu,ud̪ɑːɾəguɳɳu,generocity,தாராள மனப்பான்மை,Concepts,words
ꢣꢾꢛ꣄ꢗꢸ,द॑ञ्चु,தெ3ஞ்சு,de'nchu,dEJcu,dĕñcu,d̪eɲt͡ʃu,firmness,திடம்,Concepts,words
ꢗꣂꢬꢸꢦꢥ꣄,चोरुपन,சோருபன்,chorupan,corupan,corupan,t͡ʃoːɾupən̪,stealing,திருட்டுத்தனம்,Concepts,words
ꢱꢾꢬ꣄ꢒꢒꢬ꣄ꢥꢶ,स॑र्ककर्नि,ஸெர்ககர்னி,se'rkakarni,sErkakarni,sĕrkakarni,s̪eɾkəkəɾn̪ɪ,correction,திருத்தம்,Concepts,words
ꢡꢶꢣ꣄ꢣꢸꢮꢭꢶ,तिद्दुवलि,தித்3து3வளி,tidduvali,tidduvali,tidduvali,t̪ɪd̪d̪uʋəlɪ,correction,திருத்தம்,Concepts,words
ꢱꢸꢤꢵꢬ꣄,सुधार,ஸுதா4ர்,sudhaar,sudhAr,sudhār,s̪ud̪ʰɑːɾ,correction,திருத்தம்,Concepts,words
ꢡꢶꢬꢸꢦ꣄ꢡꢶ,तिरुप्ति,திருப்தி,tirupti,tirupti,tirupti,t̪ɪɾupt̪ɪ,"contentment, satisfaction",திருப்தி,Concepts,words
ꢡ꣄ꢫꢵꢔ꣄,त्याग,த்யாக்3,tyaag,tyAg,tyāg,t̪jɑːg,relinquishing/ sacrifice/ martyrdom,தியாகம்,Concepts,words
ꢡ꣄ꢫꢵꢔꢶ,त्यागि,த்யாகி3,tyaagi,tyAgi,tyāgi,t̪jɑːgɪ,Relinquisher/ martyr,தியாகி,Concepts,words
ꢱꢪꢬ꣄ꢢꢸ,समर्थु,ஸமர்து2,samarthu,samarthu,samarthu,s̪əməɾt̪ʰu,"ability, skill",திறமை,Concepts,words
ꢃꢯꢒ꣄ꢡꢸ,आशक्तु,ஆஶக்து,aashaktu,Azaktu,āśaktu,ɑːʃəkt̪u,"ability, skill",திறமை,Concepts,words
ꢱꢪꢬ꣄ꢢꢸꢦꢥ꣄,समर्थुपन,ஸமர்து2பன்,samarthupan,samarthupan,samarthupan,s̪əməɾt̪ʰupən̪,"ability, skill",திறன்,Concepts,words
ꢥꢵꢱ꣄,नास्,நாஸ்,naas,nAs,nās,n̪ɑːs̪,evil,தீமை,Concepts,words
ꢥꢱꢵꢡꢸ,नसातु,நஸாது,nasaatu,nasAtu,nasātu,n̪əs̪ɑːt̪u,evil,தீமை,Concepts,words
ꢥꢶꢬꢠꢫꣁ,निर्णया॑,நிர்ணயொ,niranayo',niraNayO,niraṇayŏ,n̪ɪɾəɳəjo,judgement,தீர்ப்பு,Concepts,words
ꢤꢷꢬꢸ,धीरु,தீ4ரு,dheeru,dhIru,dhīru,d̪ʰiːɾu,brave person,தீரன்,Concepts,words
ꢤꢾꢫ꣄ꢬ꣄ꢫꢮꢵꢥ꣄,ध॑य्र्यवान,தெ4ய்ர்யவான்,dhe'yryavaan,dhEyryavAn,dhĕyryavān,d̪ʰejɾjəʋɑːn̪,brave person,தீரன்,Concepts,words
ꢡꢷꢮ꣄ꢬꣁ,तीव्रा॑,தீவ்ரொ,teevro',tIvrO,tīvrŏ,t̪iːʋɾo,"severity, extremity",தீவிரம்,Concepts,words
ꢡꢷꢮ꣄ꢬꢮꢵꢣꢶ,तीव्रवादि,தீவ்ரவாதி3,teevravaadi,tIvravAdi,tīvravādi,t̪iːʋɾəʋɑːd̪ɪ,extremist,தீவிரவாதி,Concepts,words
ꢣꢸꢓꢸ,दुखु,து3கு2,dukhu,dukhu,dukhu,d̪ukʰu,sorrow,துக்கம்,Concepts,words
ꢪꣁꢥ꣄ꢥꢸꢤꢾꢫ꣄ꢬ꣄ꢫꢪ꣄,मा॑न्नुध॑य्र्म,மொன்னுதெ4ய்ர்யம்,mo'nnudhe'yryam,mOnnudhEyryam,mŏnnudhĕyryam,mon̪n̪ud̪ʰejɾjəm,Courage/daring,துணிவு,Concepts,words
ꢣꢸꢬꢞꢶꢰ꣄ꢜꢸ,दुरदिष्टु,து3ரதி3ஷ்டு,durad'isht'u,duraDiSTu,duraḍiṣṭu,d̪uɾəɖɪʂʈu,bad luck/misfortune,துரதிருஷ்டம்,Concepts,words
ꢣꢸꢬꣂꢒ꣄,दुरोक्,து3ரோக்,durok,durok,durok,d̪uɾoːk,Treason/treachery,துரோகம்,Concepts,words
ꢏꢔꢸꢬ꣄,आ॑गुर्,ஒகு3ர்,o'gur,Ogur,ŏgur,oguɾ,astringency,துவர்ப்பு,Concepts,words
ꢱꢥ꣄ꢫꢵꢱꢸ ꢤꢾꢬꢸꢪ꣄,सन्यासु ध॑रुम,ஸன்யாஸு தெ4ரும்,sanyaasu dhe'rum,sanyAsu dhErum,sanyāsu dhĕrum,s̪ən̪jɑːs̪u d̪ʰeɾum,saintly life,துறவறம்,Concepts,words
ꢱꢥ꣄ꢫꢵꢱꢶ,सन्यासि,ஸன்யாஸி,sanyaasi,sanyAsi,sanyāsi,s̪ən̪jɑːs̪ɪ,saint,துறவி,Concepts,words
ꢐꢖ꣄ꢒꢸ,होङ्कु,ஹோங்கு3,onku,oGku,oṅku,oːŋku,sleep,தூக்கம்,Concepts,words
ꢱꢸꢣ꣄ꢤꢶ,सुद्धि,ஸுத்3தி4,suddhi,suddhi,suddhi,s̪ud̪d̪ʰɪ,cleanliness,தூய்மை,Concepts,words
ꢪꢸꢣꢶꢬꢪ꣄ꢪꣁ,मुदिरम्मा॑,முதி3ரம்மொ,mudirammo',mudirammO,mudirammŏ,mud̪ɪɾəmmo,a woman above 39 years,தெரிவை,Concepts,words
ꢱ꣄ꢦꢰ꣄ꢜꢸ,स्पष्टु,ஸ்பஷ்டு,spasht'u,spaSTu,spaṣṭu,s̪pəʂʈu,clarity,தெளிவு,Concepts,words
ꢤꣀꢬ꣄ꢫꢱꢵꢭꢶ,धैर्यसालि,தை4ர்யஸாலி,dhairyasaali,dhairyasAli,dhairyasāli,d̪ʰəɪɾjəs̪ɑːlɪ,brave person,தைரியசாலி,Concepts,words
ꢤꢾꢫ꣄ꢬ꣄ꢫꢪ꣄,ध॑य्र्यम,தெ4ய்ர்யம்,dhe'yryam,dhEyryam,dhĕyryam,d̪ʰejɾjəm,courage,தைரியம்,Concepts,words
ꢦ꣄ꢬꢵꢬꢪ꣄ꢩꢸ,प्रारम्भु,ப்ராரம்பு4,praarambhu,prArambhu,prārambhu,pɾɑːɾəmbʰu,beginning,தொடக்கம்,Concepts,words
ꢱꢪ꣄ꢨꢥ꣄ꢤꢸ,सम्बन्धु,ஸம்ப3ந்து4,sambandhu,sambandhu,sambandhu,s̪əmbən̪d̪ʰu,"relation, contact",தொடர்பு,Concepts,words
ꢱꢪ꣄ꢦꢬ꣄ꢒꢸ,सम्पर्कु,ஸம்பர்கு,samparku,samparku,samparku,s̪əmpəɾku,"relation, contact",தொடர்பு,Concepts,words
ꢮ꣄ꢫꢒ꣄ꢡꢸ,व्यक्तु,வ்யக்து,vyaktu,vyaktu,vyaktu,ʋjəkt̪u,manifestation,தோற்றம்,Concepts,words
ꢱꢖ꣄ꢔꢡꢶꢦꢥ꣄,सिङ्गतिपन,ஸிங்க3திபன்,sangatipan,saGgatipan,saṅgatipan,s̪əŋgət̪ɪpən̪,friendship,நட்பு,Concepts,words
ꢏꢠ꣄ꢒꢶꢥꢶ,आ॑ण्किनि,ஒண்கினி,o'nkini,ONkini,ŏṇkini,oɳkɪn̪ɪ,shivering,நடுக்கம்,Concepts,words
ꢥꣁꢪ꣄ꢪꢶꢥꢶ,ना॑म्मिनि,நொம்மினி,no'mmini,nOmmini,nŏmmini,n̪ommɪn̪ɪ,belief,நம்பிக்கை,Concepts,words
ꢥꣁꢪ꣄ꢒꢾ,ना॑म्क॑,நொம்கெ,no'mke',nOmkE,nŏmkĕ,n̪omke,belief,நம்பிக்கை,Concepts,words
ꢧꢠ꣄ꢜꢓꢾꢱ꣄,फण्टखेस,ப2ண்டகே2ஸ்,phant'akhe's,phaNTakhEs,phaṇṭakhĕs,pʰəɳʈəkʰes̪,grey hair,நரை,Concepts,words
ꢱꢸꢔꢥ꣄ꢡꢸ,सुगन्तु,ஸுக3ந்து,sugantu,sugantu,sugantu,s̪ugən̪t̪u,fragrance,நறுமணம்,Concepts,words
ꢩꢭꣁ,भला॑,ப4லொ,bhalo',bhalO,bhalŏ,bʰəlo,Benefit,நன்மை,Concepts,words
ꢗꣁꢒ꣄ꢧꢭꢸꢥ꣄,चा॑कफलुन,சொக்ப2லுன்,cho'kphalun,cOkphalun,cŏkphalun,t͡ʃokpʰəlun̪,Benefit,நன்மை,Concepts,words
ꢤꢥ꣄ꢥꢸ,धन्नु,த4ன்னு,dhannu,dhannu,dhannu,d̪ʰən̪n̪u,gratitude,நன்றி,Concepts,words
ꢤꢥ꣄ꢥꢸ ꢲꢷꢥꢸꢦꢥ꣄,धन्नु हीनुपन,த4ன்னு ஹீனுபன்,dhannu heenupan,dhannu hInupan,dhannu hīnupan,d̪ʰən̪n̪u ɦiːn̪upən̪,ingratitude,நன்றி கெட்டதனம்,Concepts,words
ꢔꢵꢪ ꣄ꢧꢶꢬ꣄ꢥꢵꢬ꣄,गाम्फिर्नार,கா3ம் பி2ர்னார்,gaama phirnaar,gAma phirnAr,gāma phirnār,gɑːmə pʰɪɾn̪ɑːɾ,vagabond,நாடோடி,Concepts,words
ꢦꢬꢶꢩ꣄ꢬꢪꢶ,परिभ्रमि,பரிப்4ரமி,paribhrami,paribhrami,paribhrami,pəɾɪbʰɾəmɪ,vagabond,நாடோடி,Concepts,words
ꢣꢾꢯꢗꢵꢬꢶ,देशचारि,தே3ஶசாரி,de'shachaari,dEzacAri,dĕśacāri,d̪eʃət͡ʃɑːɾɪ,vagabond,நாடோடி,Concepts,words
ꢂꢮ꣄ꢪꢵꢥ꣄,अव्मान,அவ்மான்,avmaan,avmAn,avmān,əʋmɑːn̪,disgrace,அவமதிப்பு,Concepts,words
ꢬꢸꢙꢸꢦꢥ꣄,रुजुपन,ருஜுபன்,rujupan,rujupan,rujupan,ɾud͡ʒupən̪,Honesty,நாணயம்,Concepts,words
ꢥꢶꢡ꣄ꢡꢦꢥ꣄,नित्तपन,நித்தபன்,nittapan,nittapan,nittapan,n̪ɪt̪t̪əpən̪,Honesty,நாணயம்,Concepts,words
ꢕꢵꢥ꣄,घान्,கா4ன்,ghaan,ghAn,ghān,gʰɑːn̪,foul smell/stink,நாற்றம்,Concepts,words
ꢣꢸꢬ꣄ꢔꢥ꣄ꢤꢸ,दुर्गन्धु,து3ர்க3ந்து4,durgandhu,durgandhu,durgandhu,d̪uɾgən̪d̪ʰu,foul smell/stink,நாற்றம்,Concepts,words
ꢱꢪꣁ,समा॑,ஸமொ,samo',samO,samŏ,s̪əmo,equality,நிகர்,Concepts,words
ꢱꢪꢦꢥ꣄,समपन,ஸமபன்,samapan,samapan,samapan,s̪əməpən̪,equality,நிகர்,Concepts,words
ꢱꢪꢡꣁ,समता॑,ஸமதொ,samato',samatO,samatŏ,s̪əmət̪o,equality,நிகர்,Concepts,words
ꢱꢷꢱꣁꢮ꣄ꢬꢶ ꢬꢴꢵꢱ꣄ꢡꢾ,सीसा॑व्रि र्हास्ते,ஸீஸொவ்ரி ரா:ஸ்தே,seeso'vri rhaaste',sIsOvri rhAstE,sīsŏvri rhāstĕ,s̪iːs̪oʋɾɪ ɾɦɑːs̪t̪e,poise,நிதானம்,Concepts,words
ꢢꢶꢬꢪ꣄ꢒꢥꢶ ꢬꢴꢵꢱ꣄ꢡꢾ,थिरम्कनि र्हास्ते,தி2ரம்கனி ரா:ஸ்தே,thiramkani rhaaste',thiramkani rhAstE,thiramkani rhāstĕ,t̪ʰɪɾəmkən̪ɪ ɾɦɑːs̪t̪e,poise,நிதானம்,Concepts,words
ꢔꢵꢳ꣄꣄,गाळ,கா3ள்,gaal',gAL,gāl̤,gɑːɭ,scolding,நிந்தனை,Concepts,words
ꢥꢶꢥ꣄ꢣꢥꣁ,निन्दना॑,நிந்த3னொ,nindano',nindanO,nindanŏ,n̪ɪn̪d̪ən̪o,scolding,நிந்தனை,Concepts,words
ꢢꢸꢮ꣄ꢥꢶ,थुव्नि,து2வ்னி,thuvni,thuvni,thuvni,t̪ʰuʋn̪ɪ,scolding,நிந்தனை,Concepts,words
ꢱꢪꢬ꣄ꢢꢸꢮꢵꢥ꣄,समर्थुवान,ஸமர்து2வான்,samarthuvaan,samarthuvAn,samarthuvān,s̪əməɾt̪ʰuʋɑːn̪,expert,நிபுணன்,Concepts,words
ꢥꢶꢬꢵꢯꣁ,निराशा॑,நிராஶொ,niraasho',nirAzO,nirāśŏ,n̪ɪɾɑːʃo,disappointment,நிராசை,Concepts,words
ꢱ꣄ꢢꢶꢡꢶ,स्थिति,ஸ்தி2தி,sthiti,sthiti,sthiti,s̪t̪ʰɪt̪ɪ,condition,நிலைமை,Concepts,words
ꢱ꣄ꢪꢬꢠ ꢯꢒ꣄ꢡꢶ,स्मरण शक्ति,ஸ்மரணஶக்தி,smarana shakti,smaraNa zakti,smaraṇa śakti,s̪məɾəɳə ʃəkt̪ɪ,memory power,நினைவாற்றல்,Concepts,words
ꢪꢹꢬ꣄ꢗ꣄ꢘꣁ ꢭꢔꢾ ꢱ꣄ꢡꢾꢥꣁ,मूर्च्छा॑ लग॑स्त॑ना॑,மூர்ச்சொ2 லகெ3ஸ்தெனொ,moorchchho' lage' ste'no',mUrcchO lagE stEnO,mūrcchŏ lagĕ stĕnŏ,muːɾt͡ʃt͡ʃʰo ləge s̪t̪en̪o,Unconsciousperson,நினைவிலி,Concepts,words
ꢱ꣄ꢪꢬꢠꣁ,स्मरणा॑,ஸ்மரணொ,smarano',smaraNO,smaraṇŏ,s̪məɾəɳo,memory,நினைவு,Concepts,words
ꢂꢥꢫꣁꢥ꣄ꢫꢸ,अन्योन्यु,அன்யோன்யு,anayo'nyu,anayOnyu,anayŏnyu,ən̪əjon̪ju,intimacy,நெருக்கம்,Concepts,words
ꢦꢒ꣄ꢮꣁ,पक्वा॑,பக்வொ,pakvo',pakvO,pakvŏ,pəkʋo,Ripeness/maturity,பக்குவம்,Concepts,words
ꢦꢶꢒ꣄ꢒꢶꢥꢶ,पिक्किनि,பிக்கினி,pikkini,pikkini,pikkini,pɪkkɪn̪ɪ,Ripeness/maturity,பக்குவம்,Concepts,words
ꢪꣁꢙꣁ,मोजा॑,மோஜொ,mo'jo',mOjO,mŏjŏ,mod͡ʒo,pomp,பகட்டு,Concepts,words
ꢪꢾꢬ꣄ꢗꢶꢥꢶ,म॑र्चिनि,மெர்சினி,me'rchini,mErcini,mĕrcini,meɾt͡ʃɪn̪ɪ,pomp,பகட்டு,Concepts,words
ꢨꢥ꣄ꢣꢵ,बन्दा,ப3ந்தா3,bandaa,bandA,bandā,bən̪d̪ɑː,pomp,பகட்டு,Concepts,words
ꢮꢶꢬꣂꢤ꣄,विरोध्,விரோத்4,virodh,virodh,virodh,ʋɪɾoːd̪ʰ,enmity,பகை,Concepts,words
ꢦꢬꢶꢡꢵꢦ꣄,परिताप्,பரிதாப்,paritaap,paritAp,paritāp,pəɾɪt̪ɑːp,Pity/sympathy,பச்சாதாபம்,Concepts,words
ꢧꢭ꣄ꢗꢵꢡꢵꢦ꣄,फल्चाताप,ப2ல்சா தாப்,phalchaataap,phalcAtAp,phalcātāp,pʰəlt͡ʃɑːt̪ɑːp,Pity/sympathy,பச்சாதாபம்,Concepts,words
ꢂꢥꢸꢡꢵꢮ꣄,अनुताप,அனுதாப்,anutaav,anutAv,anutāv,ən̪ut̪ɑːʋ,Pity/sympathy,பச்சாதாபம்,Concepts,words
ꢩꢹꢒ꣄,भुक्,பூ4க்,bhook,bhUk,bhūk,bʰuːk,hunger,பசி,Concepts,words
ꢱꢾꢭꢶꢪ꣄ꢨꢸ,स॑लिम्बु,ஸெளிம்பு3,se'limbu,sElimbu,sĕlimbu,s̪elɪmbu,prosperity,பசுமை,Concepts,words
ꢱꢾꢭꢶꢦꢪ꣄,स॑लिपम,ஸெளிபம்,se'lipam,sElipam,sĕlipam,s̪elɪpəm,prosperity,பசுமை,Concepts,words
ꢱꢸꢒ꣄ꢒꢶꢥꢶ,सुक्किनि,ஸுக்கினி,sukkini,sukkini,sukkini,s̪ukkɪn̪ɪ,drought,பஞ்சம்,Concepts,words
ꢗꢾꢣꢸꢮ꣄,च॑दुव,செது3வ்,che'duv,cEduv,cĕduv,t͡ʃed̪uʋ,education,படிப்பு,Concepts,words
ꢮꢶꢣ꣄ꢫꣁ,विद्या॑,வித்3யொ,vidyo',vidyO,vidyŏ,ʋɪd̪jo,education,படிப்பு,Concepts,words
ꢒ꣄ꢬꢸꢡꢶ,क्रुति,க்ருதி,kruti,kruti,kruti,kɾut̪ɪ,creation,படைப்பு,Concepts,words
ꢆꢡ꣄ꢦꢵꢣꢥꣁ,उत्पादना॑,உத்பாத3னொ,utpaadano',utpAdanO,utpādanŏ,ut̪pɑːd̪ən̪o,creation,படைப்பு,Concepts,words
ꢬꢹꢦ꣄ꢒꢾꢬ꣄ꢥꢶ,रूप्क॑र्नि,ரூப்கெர்னி,roopke'rni,rUpkErni,rūpkĕrni,ɾuːpkeɾn̪ɪ,creation,படைப்பு,Concepts,words
ꢱ꣄ꢬꢸꢰ꣄ꢜꢶ,स्रुष्टि,ஸ்ருஷ்டி,srusht'i,sruSTi,sruṣṭi,s̪ɾuʂʈɪ,creation,படைப்பு,Concepts,words
ꢔꢸꢠ꣄ꢠꢸꢥ꣄,गुण्णुन,கு3ண்ணுன்,gunnun,guNNun,guṇṇun,guɳɳun̪,character,பண்பு,Concepts,words
ꢔꢸꢠ꣄ꢠꢸꢥꢸ ꢱꢵꢬ꣄,गुण्णुनु सार,கு3ண்ணுனு ஸார்,gunnunu saar,guNNunu sAr,guṇṇunu sār,guɳɳun̪u s̪ɑːɾ,character sketch,பண்பு நலன்,Concepts,words
ꢦꢡ꣄ꢥꢶ,पत्नि,பத்னி,patni,patni,patni,pət̪n̪ɪ,Chastewoman,பத்தினி,Concepts,words
ꢤꢪꢵꢤꢵꢪ꣄,धमाधाम,த4மாதா4ம்,dhamaadhaam,dhamAdhAm,dhamādhām,d̪ʰəmɑːd̪ʰɑːm,Haste/tension,பதட்டம்,Concepts,words
ꢤꢵꢒ꣄,धाक्,தா4க்,dhaak,dhAk,dhāk,d̪ʰɑːk,fear,பயம்,Concepts,words
ꢥꣁꢮꢡꢾꢒꣁ ꢱꢵꢡ꣄ꢡꣁ ꢤꢒ꣄ꢒꢶꢥꢶ,ना॑वा॑त॑का॑ सात्ता॑ धक्किनि,நொவதெகொ ஸாத்தொ த4க்கினி,no'vate'ko' saatto' dhakkini,nOvatEkO sAttO dhakkini,nŏvatĕkŏ sāttŏ dhakkini,n̪oʋət̪eko s̪ɑːt̪t̪o d̪ʰəkkɪn̪ɪ,Fear of unfamiliar persons,பயிர்ப்பு,Concepts,words
ꢂꢩ꣄ꢫꢵꢱ꣄,अभ्यास्,அப்4யாஸ்,abhyaas,abhyAs,abhyās,əbʰjɑːs̪,exercise,பயிற்சி,Concepts,words
ꢱꢵꢤꢸ,साधु,ஸாது4,saadhu,sAdhu,sādhu,s̪ɑːd̪ʰu,Harmless person,சாது,Concepts,words
ꢦꢵꢭꢥꣁ ꢒ꣄ꢬ꣄ꢥꢶ,पालना॑ क॑र्नि,பாலனொ கெர்னி,paalano' krni,pAlanO krni,pālanŏ krni,pɑːlən̪o kɾn̪ɪ,maintenance,பராமரிப்பு,Concepts,words
ꢦꢬꢶꢲꢵꢬ꣄,परिहार,பரிஹார்,parihaar,parihAr,parihār,pəɾɪɦɑːɾ,expiation,பரிகாரம்,Concepts,words
ꢦ꣄ꢬꢵꢫꢯ꣄ꢗꢶꢡ꣄ꢡꢸ ꢒꢾꢬꢱ꣄ꢡꢾ,प्रायश्चित्तु क॑रस्त॑,ப்ராயஶ்சித்து கெரஸ்தே,praayashchittu ke'raste',prAyazcittu kErastE,prāyaścittu kĕrastĕ,pɾɑːjəʃt͡ʃɪt̪t̪u keɾəs̪t̪e,expiation,பரிகாரம்,Concepts,words
ꢦꢬꢶꢲꢵꢱ꣄,परिहास,பரிஹாஸ்,parihaas,parihAs,parihās,pəɾɪɦɑːs̪,sarcasm,பரிகாசம்,Concepts,words
ꢦꢬꢶꢱꢸꢣ꣄ꢤꢶ,परिसूद्धि,பரிஸுத்3தி4,parisuddhi,parisuddhi,parisuddhi,pəɾɪs̪ud̪d̪ʰɪ,purity,பரிசுத்தம்,Concepts,words
ꢦꢬꢶꢡꢵꢦ꣄,परिताप्,பரிதாப்,paritaap,paritAp,paritāp,pəɾɪt̪ɑːp,sympathy,பரிதாபம்,Concepts,words
ꢨꢭꢲꢶꢥ꣄,बलहिन्,ப3லஹீன்,balahin,balahin,balahin,bələɦɪn̪,weakness,பலகீனம்,Concepts,words
ꢨꢭ꣄ꢯꢵꢭꢶ,बलशालि,ப3லஶாலி,balshaali,balzAli,balśāli,bəlʃɑːlɪ,strong person,பலசாலி,Concepts,words
ꢦꢮꢶꢡ꣄ꢬꢸ,पवित्रु,பவித்ரு,pavitru,pavitru,pavitru,pəʋɪt̪ɾu,holiness,பவித்திரம்,Concepts,words
ꢬꢦ꣄ꢡꣁ,रप्ता॑,ரப்தொ,rapto',raptO,raptŏ,ɾəpt̪o,Habit/custom,பழக்கம்,Concepts,words
ꢦꣁꢬꢵꢒ꣄ꢦꣁꢬꣁ,पा॑राक्पा॑रा॑,பொராக்பொரொ,po'raakpo'ro',pOrAkpOrO,pŏrākpŏrŏ,poɾɑːkpoɾo,revenge,பழிக்குப்பழி,Concepts,words
ꢦ꣄ꢬꢡꢶꢯꣂꢤ꣄,प्रतिशोध,ப்ரதிஶோத்4,pratishodh,pratizodh,pratiśodh,pɾət̪ɪʃoːd̪ʰ,revenge,பழிக்குப்பழி,Concepts,words
ꢦ꣄ꢬꢒꢵꢰ꣄,प्रकाष,ப்ரகாஷ்,prakaash,prakAS,prakāṣ,pɾəkɑːʂ,shining,பளபளப்பு,Concepts,words
ꢪꢾꢬ꣄ꢦꢸꢭ꣄,म॑र्पुल,மெர்புல்,me'rpul,mErpul,mĕrpul,meɾpul,shining,பளபளப்பு,Concepts,words
ꢙꣁꢭꢶꢛ꣄ꢗꢶꢥꢶ,जा॑लिञ्चिनि,ஜொலிஞ்சினி,jo'linchini,jOliJcini,jŏliñcini,d͡ʒolɪɲt͡ʃɪn̪ɪ,shining,பளபளப்பு,Concepts,words
ꢥꢸꢮꢶꢥꢶ,नुविनि,நுவினி,nuvini,nuvini,nuvini,n̪uʋɪn̪ɪ,praise,பாராட்டு,Concepts,words
ꢪꢾꢗ꣄ꢗꢶꢥꢶ,मेर्च्चिनि,மெச்சினி,me'chchini,mEccini,mĕccini,met͡ʃt͡ʃɪn̪ɪ,praise,பாராட்டு,Concepts,words
ꢯ꣄ꢭꢵꢕꢥꣁ,श्लाघना॑,ஶ்லாக4னொ,shlaaghano',zlAghanO,ślāghanŏ,ʃlɑːgʰən̪o,praise,பாராட்டு,Concepts,words
ꢩꢷꢒ,भीक,பீ4க்,bheeka,bhIka,bhīka,bʰiːkə,begging,பிச்சை,Concepts,words
ꢕꢾꢞꢶꢮꢵꢣ꣄,घ॑डिवाद,கெ4டி3வாத்3,ghe'd'ivaad,ghEDivAd,ghĕḍivād,gʰeɖɪʋɑːd̪,"stubbornness, obstinacy",பிடிவாதம்,Concepts,words
ꢣꢸꢬꢵꢔ꣄ꢬꢲꣁ,दुराग्रहा॑,து3ராக்3ரஹொ,duraagraho',durAgrahO,durāgrahŏ,d̪uɾɑːgɾəɦo,"stubbornness, obstinacy",பிடிவாதம்,Concepts,words
ꢦꢶꢬꢡꢶꢧꣂꢭ,पिरतिफोल,பிரதிபோ2ள்,piratiphola,piratiphola,piratiphola,pɪɾət̪ɪpʰoːlə,reward,பிரதிபலன்,Concepts,words
ꢪꢵꢫꣁ,माया॑,மாயொ,maayo',mAyO,māyŏ,mɑːjo,illusion,பிரமை,Concepts,words
ꢦꢱ꣄ꢒꢜ꣄ ꢬꢴꢥꢶ,पस्कट र्हनि,பஸ்கட் ர:னி,paskat' rhani,paskaT rhani,paskaṭ rhani,pəs̪kəʈ ɾɦən̪ɪ,backward,பின்தங்கல்,Concepts,words
ꢩꢷꢡꢶ,भीति,பீ4தி,bheeti,bhIti,bhīti,bʰiːt̪ɪ,fear,பீதி,Concepts,words
ꢥꢸꢮꢶꢥꢶ,नुविनि,நுவினி,nuvini,nuvini,nuvini,n̪uʋɪn̪ɪ,praising,புகழ்ச்சி,Concepts,words
ꢔꢸꢨꢸꢔꢸꢦꢵꢱ꣄ꢡꢿ,गुबुगुपास्ते,கு3பு3கு3பாஸ்தே,gubugupaaste,gubugupAste,gubugupāste,gubugupɑːs̪t̪eː,friction,புகைச்சல்,Concepts,words
ꢨꢸꢣ꣄ꢤꢶ,बुद्धि,பு3த்3தி4,buddhi,buddhi,buddhi,bud̪d̪ʰɪ,intelligence,புத்தி,Concepts,words
ꢆꢡ꣄ꢱꢵ,उत्साह,உத்ஸாஹ்,utsaa,utsA,utsā,ut̪s̪ɑː,refreshness,புத்துணர்ச்சி,Concepts,words
ꢔꢾꢠꢵꢡ꣄,ग॑णात्,கெ3ணாத்,ge'naat,gENAt,gĕṇāt,geɳɑːt̪,treasure,புதையல்,Concepts,words
ꢂꢪ꣄ꢨꢜ꣄,अम्बट्,அம்ப3ட்,ambat',ambaT,ambaṭ,əmbəʈ,sour taste,புளிப்பு,Concepts,words
ꢦꢮꢶꢡ꣄ꢬꢸ,पवित्रु,பவித்ரு,pavitru,pavitru,pavitru,pəʋɪt̪ɾu,sanctity,புனிதம்,Concepts,words
ꢒꢥ꣄ꢫꢵ,कन्या,கன்யொ,kanyaa,kanyA,kanyā,kən̪jɑː,girl upto 12 years,பெதும்பை,Concepts,words
ꢒꢷꢬ꣄ꢡꢶ,कीर्ति,கீர்தி,keerti,kIrti,kīrti,kiːɾt̪ɪ,glory,பெருமை,Concepts,words
ꢮꢾꢣꢸꢬ꣄ ꢮꢣꢶꢥꢶ,व॑दुर्वदिनि,வெது3ர்வதி3னி,ve'dur vadini,vEdur vadini,vĕdur vadini,ʋed̪uɾ ʋəd̪ɪn̪ɪ,interview,பேட்டி,Concepts,words
ꢩꢿꢡ,भेत,பே4த்,bheta,bheta,bheta,bʰeːt̪ə,difference,பேதம்,Concepts,words
ꢪꢶꢢꢥ꣄,मिथन,மித2ன்,mithan,mithan,mithan,mɪt̪ʰən̪,False,பொய்,Concepts,words
ꢥꣁꢮꢦꢥ꣄,ना॑वपन,நொவபன்,no'vapan,nOvapan,nŏvapan,n̪oʋəpən̪,Freshness,பொலிவு,Concepts,words
ꢂꢱꢹꢫꣁ,असूया॑,அஸூயொ,asooyo',asUyO,asūyŏ,əs̪uːjo,"greed, jealousy",பொறாமை,Concepts,words
ꢙꢮꢵꢨ꣄ꢣꢵꢬ꣄,जवाब्दार,ஜவாப்3தா3ர்,javaabdaar,javAbdAr,javābdār,d͡ʒəʋɑːbd̪ɑːɾ,responsibility,பொறுப்பு,Concepts,words
ꢱꢲꢥꢡꣁ,सहनतो,ஸஹனதொ,sahanato',sahanatO,sahanatŏ,s̪əɦən̪ət̪o,patience,பொறுமை,Concepts,words
ꢔꢸꢠ꣄ꢞꣁ,गुण्डा॑,கு3ண்டொ3,gund'o',guNDO,guṇḍŏ,guɳɖo,rowdy,போக்கிரி,Concepts,words
ꢔꢸꢠ꣄ꢞꢦꢥ꣄,गुण्डपन,கு3ண்ட3பன்,gund'apan,guNDapan,guṇḍapan,guɳɖəpən̪,rowdism,போக்கிரித்தனம்,Concepts,words
ꢪꢲꢶꢪꣁ,महिमा॑,மஹிமொ,mahimo',mahimO,mahimŏ,məɦɪmo,greatness,மகத்துவம்,Concepts,words
ꢪꢵꢲꢵꢡ꣄ꢪꣁ,माहात्मा॑,மாஹாத்மொ,maahaatmo',mAhAtmO,māhātmŏ,mɑːɦɑːt̪mo,great soul,மகாத்மா,Concepts,words
ꢪꢲꢵꢥ꣄,महान,மஹான்,mahaan,mahAn,mahān,məɦɑːn̪,greatman,மகான்,Concepts,words
ꢪꣁꢪ꣄ꢦꢸ,सा॑म्पु,ஸொம்பு,mo'mpu,mOmpu,mŏmpu,mompu,"enjoyment, pleasure",மகிழ்ச்சி,Concepts,words
ꢱꣁꢥ꣄ꢡꢸ,सा॑न्तु,ஸொந்து,so'ntu,sOntu,sŏntu,s̪on̪t̪u,"enjoyment, pleasure",மகிழ்ச்சி,Concepts,words
ꢫꢸꢮꢡꢶ,युवति,யுவதி,yuvati,yuvati,yuvati,juʋət̪ɪ,girl upto 16 years of age,மங்கை,Concepts,words
ꢪꢴꢸꢞꢦꢥ꣄,म्हुडपन,மு:ட3பன்,mhud'apan,mhuDapan,mhuḍapan,mɦuɖəpən̪,foolishness,மடத்தனம்,Concepts,words
ꢪꢴꢸꢞꣁ,म्हुडा॑,மு:டொ3,mhud'o',mhuDO,mhuḍŏ,mɦuɖo,fool,மடையன்,Concepts,words
ꢮꢱꢸꢥꣁ,वसुना॑,வஸுனொ,vasuno',vasunO,vasunŏ,ʋəs̪un̪o,fragrance,மணம்,Concepts,words
ꢕꢾꢥꢪ꣄,घ॑नम्,கெ4னம்,ghe'nam,ghEnam,ghĕnam,gʰen̪əm,respect,மதிப்பு,Concepts,words
ꢪꢾꢖ꣄ꢔꢶꢥꢶ,म॑ङ्गिनि,மெங்கி3னி,me'ngini,mEGgini,mĕṅgini,meŋgɪn̪ɪ,Drowsiness,மயக்கம்,Concepts,words
ꢪꢴꢸꢞꣁ,म्हुडा॑,மு:டொ3,mhud'o',mhuDO,mhuḍŏ,mɦuɖo,blockhead,மரமண்டையன்,Concepts,words
ꢪꣁꢬ꣄ꢔ꣄ꢫꢵꢡ꣄,मा॑र्ग्यात,மொர்க்3யாத்,mo'rgyaat,mOrgyAt,mŏrgyāt,moɾgjɑːt̪,respect,மரியாதை,Concepts,words
ꢧꢸꢭꢱ꣄ꢡꢾ,फुलस्ते,பு2லஸ்தே,phulaste',phulastE,phulastĕ,pʰuləs̪t̪e,Blooming/blossom,மலர்ச்சி,Concepts,words
ꢮꢶꢱꢸꢬ꣄,विसुर,விஸுர்,visur,visur,visur,ʋɪs̪uɾ,forgetfulness,மறதி,Concepts,words
ꢮꢾꢒꢸꢭ꣄,व॑गुल,வெகுல்,ve'kul,vEkul,vĕkul,ʋekul,confusion,மனக்கலக்கம்,Concepts,words
ꢪꣁꢥ꣄ꢥꢸ ꢒꢮ꣄ꢭꢶꢥꢶ,मा॑न्नु कव्लिनि,மொன்னு கவ்லினி,mo'nnu kavlini,mOnnu kavlini,mŏnnu kavlini,mon̪n̪u kəʋlɪn̪ɪ,confusion,மனக்கலக்கம்,Concepts,words
ꢪꣁꢥ꣄ꢥꢸ ꢯꢵꢥ꣄ꢡꢶ,म॓न्नु शान्ति,மொன்னு ஶாந்தி,mo'nnu shaanti,mOnnu zAnti,mŏnnu śānti,mon̪n̪u ʃɑːn̪t̪ɪ,peace of mind,மனச்சமாதானம்/மனச்சாந்தி,Concepts,words
ꢨꢵꢤꣁ,बाधा॑,பா3தொ4,baadho',bAdhO,bādhŏ,bɑːd̪ʰo,grievance,மனத்தாங்கல்,Concepts,words
ꢡ꣄ꢬꢸꢦ꣄ꢡꢶ,त्रुप्ति,த்ருப்தி,trupti,trupti,trupti,t̪ɾupt̪ɪ,fulfilment,மனநிறைவு,Concepts,words
ꢦꢬꢶꢦꢹꢬ꣄ꢠꢸ,परिपूर्णु,பரிபூர்ணு,paripoornu,paripUrNu,paripūrṇu,pəɾɪpuːɾɳu,fulfilment,மனநிறைவு,Concepts,words
ꢪꢥꣂꢩꢵꢮ꣄,मनोभाव,மனோபா4வ்,manobhaav,manobhAv,manobhāv,mən̪oːbʰɑːʋ,Feeling/ attitude,மனோபாவம்,Concepts,words
ꢪꢬ꣄ꢗꢶꢥꢶ,मर्चिनि,மர்சினி,marchini,marcini,marcini,məɾt͡ʃɪn̪ɪ,change,மாற்றம்,Concepts,words
ꢏꢬꢶꢮꢬ꣄ꢡꢥꣁ,परिवर्तना॑,பரிவர்தனொ,o'rivartano',OrivartanO,ŏrivartanŏ,oɾɪʋəɾt̪ən̪o,change,மாற்றம்,Concepts,words
ꢂꢮꢪꢵꢥ꣄,अवमान्,அவமான்,avamaan,avamAn,avamān,əʋəmɑːn̪,disgrace,மானக்கேடு,Concepts,words
ꢪꢵꢥ꣄,मान,மான்,maan,mAn,mān,mɑːn̪,prestige,மானம்,Concepts,words
ꢔꣃꢬꢮ꣄,गौरव,கௌ3ரவ்,gaurav,gaurav,gaurav,gəuɾəʋ,prestige,மானம்,Concepts,words
ꢔꢾꢡ꣄ꢡꢸ,ग॑त्तु,கெ3த்து,ge'ttu,gEttu,gĕttu,get̪t̪u,Ostentation/,மிடுக்கு,Concepts,words
ꢒꣁꢪ꣄ꢨꢳꢦꢥ꣄,का॑म्बळपन,கொம்ப்3ளபன்,ko'mbal'apan,kOmbaLapan,kŏmbal̤apan,kombəɭəpən̪,Softness/tenderness,மிருது,Concepts,words
ꢡꢶꢬ꣄ꢪꢵꢥ꣄,तिरमान,திர்மான்,tirmaan,tirmAn,tirmān,t̪ɪɾmɑːn̪,decision,முடிவு,Concepts,words
ꢦꢬꢶꢦꢒ꣄ꢮꢡꣁ,परिपक्वता॑,பரிபக்வதொ,paripakvato',paripakvatO,paripakvatŏ,pəɾɪpəkʋət̪o,maturity,முதிர்ச்சி,Concepts,words
ꢫꢡ꣄ꢡꢥ꣄,यत्तन,யத்தன்,yattan,yattan,yattan,jət̪t̪ən̪,Attempt/effort,முயற்சி,Concepts,words
ꢦ꣄ꢬꢫꢡ꣄ꢡꢥ꣄,प्रयत्तन,ப்ரயத்தன்,prayattan,prayattan,prayattan,pɾəjət̪t̪ən̪,Attempt/effort,முயற்சி,Concepts,words
ꢥꢴꢥ꣄ꢲꢱꣁ,न्हन्हसा॑,ந:ன்ஹஸொ,nhanhaso',nhanhasO,nhanhasŏ,n̪ɦən̪ɦəs̪o,smile,முறுவல்,Concepts,words
ꢪꢸꢒꢸꢭ꣄ꢲꢱꣁ,मुगुल्हसा॑,முகுல்ஹஸொ,mukulhaso',mukulhasO,mukulhasŏ,mukulɦəs̪o,smile,முறுவல்,Concepts,words
ꢆꢥ꣄ꢥꢡꢶ,उन्नति,உன்னதி,unnati,unnati,unnati,un̪n̪ət̪ɪ,development,முன்னேற்றம்,Concepts,words
ꢲꣁꢬꢮ꣄ꢥꢶ,होरव्नि,ஹோரவ்னி,ho'ravni,hOravni,hŏravni,ɦoɾəʋn̪ɪ,development,முன்னேற்றம்,Concepts,words
ꢂꢥ꣄ꢤꢮꢶꢯ꣄꣄ꢮꢵꢱ꣄,अन्धविश्वास,அந்த4விஶ்வாஸ்,andhavishvaas,andhavizvAs,andhaviśvās,ən̪d̪ʰəʋɪʃʋɑːs̪,blind belief/ superstition,மூடநம்பிக்கை,Concepts,words
ꢣꣁꢮ꣄ꢬꢦꢥ꣄,दा॑व्रपन,தொ3வ்ரபன்,do'vrapan,dOvrapan,dŏvrapan,d̪oʋɾəpən̪,old age,மூப்பு,Concepts,words
ꢪꢹꢬ꣄ꢓꢦꢥ꣄,मूर्खपन,மூர்க2பன்,moorkhapan,mUrkhapan,mūrkhapan,muːɾkʰəpən̪,rudeness,மூர்க்கத்தனம்,Concepts,words
ꢪꢹꢬ꣄ꢓꢸ,मूर्खु,மூர்கு2,moorkhu,mUrkhu,mūrkhu,muːɾkʰu,cruel person,மூர்க்கன்,Concepts,words
ꢥꢶꢙꢮꢡ꣄ꢡꣁ,निजवत्ता॑,நிஜவத்தொ,nijavatto',nijavattO,nijavattŏ,n̪ɪd͡ʒəʋət̪t̪o,truth,மெய்,Concepts,words
ꢱꢡ꣄ꢫ ꢮꢵꢒ꣄,सत्य वाक,ஸத்ய வாக்,satya vaak,satya vAk,satya vāk,s̪ət̪jə ʋɑːk,truth,மெய்,Concepts,words
ꢙꣁꢭꢶꢛ꣄ꢗꢶꢥꢶ,जा॑लिञ्चिनि,ஜொலிஞ்சினி,jo'linchini,jOliJcini,jŏliñcini,d͡ʒolɪɲt͡ʃɪn̪ɪ,shine,மெருகு,Concepts,words
ꢪ꣄ꢬꢸꢣꢸꢦꢥ꣄,म्रुदुपन,ம்ருது3பன்மெது3வுபன்,mrudupan,mrudupan,mrudupan,mɾud̪upən̪,softness,மென்மை,Concepts,words
ꢪꢾꢣꢸꢮꢸꢦꢥ꣄,म॑दुवुपन,ம்ருது3பன்மெது3வுபன்,me'duvupan,mEduvupan,mĕduvupan,med̪uʋupən̪,softness,மென்மை,Concepts,words
ꢪꢴꣁꢜ꣄ꢜꢦꢥ꣄,म्हा॑ट्टपन,மொ:ட்டபன்,mho't't'apan,mhOTTapan,mhŏṭṭapan,mɦoʈʈəpən̪,Greatness/ superiority,மேன்மை,Concepts,words
ꢪꢿꢜ꣄ꢦꢥ꣄,मेट्पन,மேட்பன்ஶ்ரேஷ்ட2பன்,met'pan,meTpan,meṭpan,meːʈpən̪,Greatness/ superiority,மேன்மை,Concepts,words
ꢯ꣄ꢬꢿꢰ꣄ꢝꢦꢥ꣄,श्रेष्ठपन,மேட்பன்ஶ்ரேஷ்ட2பன்,shresht'hapan,zreSThapan,śreṣṭhapan,ʃɾeːʂʈʰəpən̪,Greatness/ superiority,மேன்மை,Concepts,words
ꢪꣂꢲ꣄,मोह,மோஹ்,moh,moh,moh,moːɦ,infatuation,மோகம்,Concepts,words
ꢪꣂꢲ꣄,मोह,மோஸ்,moh,moh,moh,moːɦ,Cheating/gulling,மோசம்,Concepts,words
ꢪꣃꢥ꣄,मौन,மௌன்,maun,maun,maun,məun̪,silence,மௌனம்,Concepts,words
ꢂꢮꢵꢒ꣄,अवाक,அவாக்,avaak,avAk,avāk,əʋɑːk,silence,மௌனம்,Concepts,words
ꢫꢢꢵꢬ꣄ꢢꢮꢵꢣꢶ,यथार्थ्वादि,யதா2ர்த2வாதி3,yathaarthavaadi,yathArthavAdi,yathārthavādi,jət̪ʰɑːɾt̪ʰəʋɑːd̪ɪ,realist,யதார்த்தவாதி,Concepts,words
ꢫꣁꢗꢥꣁ,योचना॑,யோசனொ,yo'chano',yOcanO,yŏcanŏ,jot͡ʃən̪o,thought,யோசனை,Concepts,words
ꢬꢸꢗꢶ,रुचि,ருசி,ruchi,ruci,ruci,ɾut͡ʃɪ,taste,ருசி,Concepts,words
ꢮꢛ꣄ꢗꢥꣁ,वञ्चना॑,வஞ்சனொ,vanchano',vaJcanO,vañcanŏ,ʋəɲt͡ʃən̪o,betrayal,வஞ்சகம்,Concepts,words
ꢮꢛ꣄ꢗꢥꣁ ꢒꢾꢬ꣄ꢥꢵꢬ꣄,वञ्चना॑ क॑र्नार,வஞ்சனொ கெர்னார்,vanchano' ke'rnaar,vaJcanO kErnAr,vañcanŏ kĕrnār,ʋəɲt͡ʃən̪o keɾn̪ɑːɾ,Betrayer,வஞ்சகன்,Concepts,words
ꢮꢬ꣄ꢠꢥꣁ,वर्णना॑,வர்ணனொ,varnano',varNanO,varṇanŏ,ʋəɾɳən̪o,description,வருணனை,Concepts,words
ꢲꢾꢡꣁ,ह॑ता॑,ஹெதொ,he'to',hEtO,hĕtŏ,ɦet̪o,grief,வருத்தம்,Concepts,words
ꢮꢞ꣄ꢙꢥꢶ,वड्जनि,வட்3ஜனி,vad'jani,vaDjani,vaḍjani,ʋəɖd͡ʒən̪ɪ,fading,வாட்டம்,Concepts,words
ꢔ꣄ꢬꢵꢲꢒꣁ,ग्राहका॑,க்3ராஹகொ,graahako',grAhakO,grāhakŏ,gɾɑːɦəko,customer,வாடிக்கையாளர்,Concepts,words
ꢔ꣄ꢬꢵꢲꢶ,ग्राहि,க்3ராஹி,graahi,grAhi,grāhi,gɾɑːɦɪ,customer,வாடிக்கையாளர்,Concepts,words
ꢡꣂꢠꢸꢪ꣄ ꢤꣁꢮ꣄ꢳꣁ,दोणुम धा॑व्ळा॑,தோணும் தொ4வ்ளொ,tonum dho'vl'o',toNum dhOvLO,toṇum dhŏvl̤ŏ,t̪oːɳum d̪ʰoʋɭo,keeping mum,வாய்மூடித்தனம்,Concepts,words
ꢥꢶꢯꢨ꣄ꢣꢸ,निशब्दु,நிஸப்3து3,nishabdu,nizabdu,niśabdu,n̪ɪʃəbd̪u,keeping mum,வாய்மூடித்தனம்,Concepts,words
ꢮꢶꢒꢵꢬ꣄,विकार,விகார்,vikaar,vikAr,vikār,ʋɪkɑːɾ,ugliness,விகாரம்,Concepts,words
ꢒꢸꢬꢹꢦ꣄,कुरूप,குரூப்,kuroop,kurUp,kurūp,kuɾuːp,ugliness,விகாரம்,Concepts,words
ꢮꢶꢯ꣄꣄ꢮꢵꢱ꣄,विश्वास्,விஶ்வாஸ்,vishvaas,vizvAs,viśvās,ʋɪʃʋɑːs̪,faith,விசுவாசம்,Concepts,words
ꢮꢯ꣄꣄ꢮꢵꢱꢶ,विश्वासि,விஶ்வாஸி,vashvaasi,vazvAsi,vaśvāsi,ʋəʃʋɑːs̪ɪ,faithful person,விசுவாசி,Concepts,words
ꢃꢯ꣄꣄꣄ꢗꢬ꣄ꢫꢹ,आश्चर्यु,ஆஶ்சர்யு,aashcharyoo,AzcaryU,āścaryū,ɑːʃt͡ʃəɾjuː,wonder,வியப்பு,Concepts,words
ꢮꢶꢬꢲꢡꢵꢦ꣄,विरहताप,விரஹதாப்,virahataap,virahatAp,virahatāp,ʋɪɾəɦət̪ɑːp,pangs of separation,விரகம்,Concepts,words
ꢧꢵꢜ꣄,फाट,பா2ட்,phaat',phAT,phāṭ,pʰɑːʈ,crack,விரிசல்,Concepts,words
ꢨꢶꢬꢸꢣꢸ,बिरुदु,பி3ருது3,birudu,birudu,birudu,bɪɾud̪u,title,விருது,Concepts,words
ꢏꢦ꣄ꢦꢫꢶꢥꢶ,आ॑प्पयिनि,ஒப்பயினி,o'ppayini,Oppayini,ŏppayini,oppəjɪn̪ɪ,liking,விருப்பு,Concepts,words
ꢗꢡ꣄ꢬꢸ,चत्रु,ஶத்ரு,chatru,catru,catru,t͡ʃət̪ɾu,enmity,விரோதம்,Concepts,words
ꢮꢶꢮꢵꢣ꣄,विवाद्,விவாத்3,vivaad,vivAd,vivād,ʋɪʋɑːd̪,argument,விவாதம்,Concepts,words
ꢬꢦ꣄ꢡꣁ,रप्ता॑,ரப்தொ,rapto',raptO,raptŏ,ɾəpt̪o,custom,வழக்கம்,Concepts,words
ꢦꢬꣂꢦꢒꢵꢬꢶ,परोपकारि,பரோபகாரி,paropakaari,paropakAri,paropakāri,pəɾoːpəkɑːɾɪ,philanthropist,வள்ளல்,Concepts,words
ꢲꣁꢞꢶꢥꢶ,हा॑डिनि,ஹொடி3னி,ho'd'ini,hODini,hŏḍini,ɦoɖɪn̪ɪ,growth,வளர்ச்சி,Concepts,words
ꢣꢸꢒꢵꢭ꣄,दुकाल,து3கால்,dukaal,dukAl,dukāl,d̪ukɑːl,drought,வறட்சி,Concepts,words
ꢣꢸꢒꢵꢳ꣄꣄,दुकाळ,து3காள்,dukaal',dukAL,dukāl̤,d̪ukɑːɭ,drought,வறட்சி,Concepts,words
ꢡꢾꢬ꣄ꢒꢾ,त॑र्क॑,தெர்கெ,te'rke',tErkE,tĕrkĕ,t̪eɾke,awareness,விழிப்புணர்ச்சி,Concepts,words
ꢦ꣄ꢬꢙ꣄ꢛꣁ,प्रजञो,ப்ரஜ்ஞொ,prajnyo',prajJO,prajñŏ,pɾəd͡ʒɲo,awareness,விழிப்புணர்ச்சி,Concepts,words
ꢨꢶꢱ꣄ꢱꢦꢥ꣄,बिस्सपन,பி3ஸ்ஸபன்,bissapan,bissapan,bissapan,bɪs̪s̪əpən̪,quickness,விறுவிறுப்பு,Concepts,words
ꢨꢶꢱ꣄ꢱꣁ,बिस्सा॑,பி3ஸ்ஸொ,bisso',bissO,bissŏ,bɪs̪s̪o,quickness,விறுவிறுப்பு,Concepts,words
ꢤꣀꢬ꣄ꢫꢸ,धैर्यु,தை4ர்யொ,dhairyu,dhairyu,dhairyu,d̪ʰəɪɾju,bravery,வீரம்,Concepts,words
ꢤꣀꢬ꣄ꢫꢮꢵꢥ꣄,धैर्यवान्,தை4ர்யவான்,dhairyavaan,dhairyavAn,dhairyavān,d̪ʰəɪɾjəʋɑːn̪,brave man,வீரன்,Concepts,words
ꢤꣀꢬ꣄ꢫ ꢱ꣄ꢡꢶꢬꢶ,धैर्यस्तिरि,தை4ர்யவதி,dhairya stiri,dhairya stiri,dhairya stiri,d̪ʰəɪɾjə s̪t̪ɪɾɪ,brave woman,வீராங்கனை,Concepts,words
ꢨꣁꢞ꣄ꢠꢶ,पा॑ड्णि,பொட்3ணி,bo'd'ni,bODNi,bŏḍṇi,boɖɳɪ,falling,வீழ்ச்சி,Concepts,words
ꢙꢵꢭ꣄,जाल्,ஜாள்,jaal,jAl,jāl,d͡ʒɑːl,irritation,வெடுவெடுப்பு,Concepts,words
ꢲꢸꢥ꣄ꢥꢦꢥ꣄,हुन्नपन,ஹுன்னபன்),hunnapan,hunnapan,hunnapan,ɦun̪n̪əpən̪,hotness,வெம்மை,Concepts,words
ꢲꢸꢥ꣄ꢥꣁ,हुन्ना॑,ஹுன்னபன்),hunno',hunnO,hunnŏ,ɦun̪n̪o,hotness,வெம்மை,Concepts,words
ꢔꢷꢔ꣄,जीग,ஜீக்3,geeg,gIg,gīg,giːg,Success/victory,வெற்றி,Concepts,words
ꢆꢔ꣄ꢬꢡꣁ,उग्रता॑,உக்3ரதொ,ugrato',ugratO,ugratŏ,ugɾət̪o,fanaticism,வெறி,Concepts,words
ꢣ꣄ꢮꢾꢯ꣄,द्वेश्,த்3வேஷ்,dve'sh,dvEz,dvĕś,d̪ʋeʃ,hatred,வெறுப்பு,Concepts,words
ꢮꢿꢔ꣄,वेग,வேக்3,veg,veg,veg,ʋeːg,speed,வேகம்,Concepts,words
ꢯꣂꢒ꣄,शोक्,ஶோக்,shok,zok,śok,ʃoːk,thirst,வேட்கை,Concepts,words
ꢒꢹꢡ꣄,कुत,கூத்,koot,kUt,kūt,kuːt̪,fun,வேடிக்கை,Concepts,words
ꢓꢾꢳ꣄,खेळ,கே2ள்,khe'l',khEL,khĕl̤,kʰeɭ,fun,வேடிக்கை,Concepts,words
ꢩꢿꢣ꣄,भेद,பே4த்3,bhed,bhed,bhed,bʰeːd̪,difference,வேற்றுமை,Concepts,words
ꢮꣀꢬꢵꢔ꣄ꢫꢸ,वैराग्यु,வைராக்3யு,vairaagyu,vairAgyu,vairāgyu,ʋəɪɾɑːgju,obstinacy,வைராக்கியம்,Concepts,words
ꢂꢒ꣄ꢰꢬ꣄,अक्षर्,அக்ஷர்,akshar,akSar,akṣar,əkʂəɾ,syllable,அசை,Grammar,words
ꢂꢒ꣄ꢰꢵꢥ꣄ꢡꢬ꣄,अक्षान्तर्,அக்ஷாந்தர்,akshaantar,akSAntar,akṣāntar,əkʂɑːn̪t̪əɾ,coda,அசையீறு,Grammar,words
ꢮꢶꢯꢿꢰꢠꣁ ꢔꢸꢠꢶ,विसेषणा॑,விஸேஷணொ,visheshano' guni,vizeSaNO guNi,viśeṣaṇŏ guṇi,ʋɪʃeːʂəɳo guɳɪ,attribute,அடை,Grammar,words
ꢡꢵꢭꢸ ꢱꢨ꣄ꢣꢸ,तालुसब्दु,தாலுஸப்3து3,taalu sabdu,tAlu sabdu,tālu sabdu,t̪ɑːlu s̪əbd̪u,palatal sounds,அண்ண ஒலி,Grammar,words
ꢲꢬꢶꢞꢶ ꢱꢨ꣄ꢣꢸ,हरडिसब्दु,ஹரிடி3ஸப்3து3,harid'i sabdu,hariDi sabdu,hariḍi sabdu,ɦəɾɪɖɪ s̪əbd̪u,palatal sounds,அண்ண ஒலி,Grammar,words
ꢬꢹꢦꢮꢬ꣄ꢠꢶ,रूपवर्णि,ரூபவர்ணி,roopavarni,rUpavarNi,rūpavarṇi,ɾuːpəʋəɾɳɪ,figure of speech,அணி,Grammar,words
ꢂꢭꢖ꣄ꢒꢵꢬ꣄,अलङकार्,அலங்கார்,alankaar,alaGkAr,alaṅkār,ələŋkɑːɾ,figure of speech,அணி,Grammar,words
ꢬꢹꢦꢸ ꢥꢶꢬ꣄ꢪꢵꢥ꣄,रूपु निर्मान्,ரூபு நிர்மான்,roopu nirmaan,rUpu nirmAn,rūpu nirmān,ɾuːpu n̪ɪɾmɑːn̪,structure,அமைப்பு,Grammar,words
ꢩꢖ꣄ꢔꢶ ꢩꢵꢰꢥ꣄,बङगिभाषन्,ப4ங்கி3பா4ஷண்,bhangi bhaashan,bhaGgi bhASan,bhaṅgi bhāṣan,bʰəŋgɪ bʰɑːʂən̪,indirect speeeh,அயற் கூற்று,Grammar,words
ꢦꢬꣂꢰ ꢩꢵꢰꢠ꣄,परोक्षभाषण्,பரோக்ஷபா4ஷண்,parosha bhaashan,paroSa bhASaN,paroṣa bhāṣaṇ,pəɾoːʂə bʰɑːʂəɳ,indirect speeeh,அயற் கூற்று,Grammar,words
ꢂꢬ꣄ꢤ ꢨꢶꢥ꣄ꢣꢸ,अरध बिन्दु,அர்த4பி3ந்து3,ardha bindu,ardha bindu,ardha bindu,əɾd̪ʰə bɪn̪d̪u,colon,அரைப்புள்ளி,Grammar,words
ꢂꢬꢹꢦ ꢥꢵꢮ꣄,अरूप नाव्,அரூப நாவ்,aroopa naav,arUpa nAv,arūpa nāv,əɾuːpə n̪ɑːʋ,abstract noun,அருவப்பெயர்,Grammar,words
ꢥꢦꢸꢪ꣄ꢱꢒ ꢭꢶꢖ꣄ꢔꢸ,नपुम्सक लिङ्गु,நபும்ஸக லிங்கு3,napumsaka lingu,napumsaka liGgu,napumsaka liṅgu,n̪əpums̪əkə lɪŋgu,Non-humanneuter,அஃறிணை,Grammar,words
ꢂꢳ꣄ꢳꢶꢖ꣄ꢔꢸ,अळ्ळिङ्गु,அள்ளிங்கு3,al'l'ingu,aLLiGgu,al̤l̤iṅgu,əɭɭɪŋgu,Non-humanneuter,அஃறிணை,Grammar,words
ꢯꢨ꣄ꢣ ꢂꢮ꣄ꢥꢶ,शब्द अवनि,ஸப்3த3அவ்னி,shabda avni,zabda avni,śabda avni,ʃəbd̪ə əʋn̪ɪ,derivatives,ஆக்கங்கள்,Grammar,words
ꢦꢸꢪ꣄ꢱꢒꢭꢶꢖ꣄,पुम्सकलिङ,பும்ஸகலிங்கு3,pumsakaling,pumsakaliG,pumsakaliṅ,pums̪əkəlɪŋ,masculine gender,ஆண்பால்,Grammar,words
ꢣꢭ꣄ꢭꢶꢖ꣄ꢔ꣄,दल्लिङगु,த3ல்லிங்கு3,dalling,dalliGg,dalliṅg,d̪əllɪŋg,masculine gender,ஆண்பால்,Grammar,words
ꢃꢡ꣄ꢪꢷꢫꢮꢶꢩꢒ꣄ꢡꢶ,आत्मीय विभक्ति,ஆத்மீய விப4க்தி,aatmeeyavibhakti,AtmIyavibhakti,ātmīyavibhakti,ɑːt̪miːjəʋɪbʰəkt̪ɪ,possessive case,ஆறாம்வேற்றுமை,Grammar,words
ꢱꣁꢮ꣄ꢮꢾ ꢮꢶꢩꢒ꣄ꢡ,सा॑व्व॑ विभक्त,ஸொவ்வெவிப4க்தி,so'vve' vibhakta,sOvvE vibhakta,sŏvvĕ vibhakta,s̪oʋʋe ʋɪbʰəkt̪ə,possessive case,ஆறாம்வேற்றுமை,Grammar,words
ꢦꢸꢬꢸꢱ,पुरुष,புருஷ,purusa,purusa,purusa,puɾus̪ə,person,இடம்,Grammar,words
ꢱꢡ꣄ꢮ ꢮꢶꢩꢒ꣄ꢡꢶ,सत्व विभक्ति,ஸத்வ விப4க்தி,satva vibhakti,satva vibhakti,satva vibhakti,s̪ət̪ʋə ʋɪbʰəkt̪ɪ,locative case,இடவேற்றுமை,Grammar,words
ꢪꢳ꣄ꢥꢶ ꢱꢨ꣄ꢣꢸ,मिळ्नि सब्दु,மிள்னி ஸப்3து3,mal'ni sabdu,maLni sabdu,mal̤ni sabdu,məɭn̪ɪ s̪əbd̪u,particle,இடைச்சொல்,Grammar,words
ꢙꣁꢞꢶ,जा॑डि,ஜொடி3,jo'd'i,jODi,jŏḍi,d͡ʒoɖɪ,pair,இணை,Grammar,words
ꢦ꣄ꢬꢒꢺꢡꢶ,प्रकृति,ப்ரக்ருதி,prakri'ti,prakRti,prakṛti,pɾəkɾɨt̪ɪ,feature,இயல்பு,Grammar,words
ꢕꢵꢪ꣄ ꢮꢡ꣄ꢡꣁ ꢣꢿꢱꢶ ꢮꢡ꣄ꢡꣁ,घाम्वत्ता॑,கா3ம்வத்தொ,ghaam vatto' desi vatto',ghAm vattO desi vattO,ghām vattŏ desi vattŏ,gʰɑːm ʋət̪t̪o d̪eːs̪ɪ ʋət̪t̪o,native word,இயற்சொல்,Grammar,words
ꢡꣂꢣꢸ ꢗꢾꢬ꣄ꢥꢶ,तोदुच॑र्नि,தோது3 செர்னி,todu che'rni,todu cErni,todu cĕrni,t̪oːd̪u t͡ʃeɾn̪ɪ,agreement,இயைபு,Grammar,words
ꢣꢶꢮ꣄ꢥ ꢶꢱꢖ꣄ꢓ꣄꣄ꢫꣁ,दिव्नि सङख्या॑,தி3வ்னிஸங்க்2யொ,divna isankhyo',divna isaGkhyO,divna isaṅkhyŏ,d̪ɪʋn̪ə ɪs̪əŋkʰjo,dual number,இரட்டை எண்,Grammar,words
ꢣꢶꢮ ꢮꢶꢩꢒ꣄ꢡꢶ,दिव विभक्ति,தி3வவிப4க்தி,diva vibhakti,diva vibhakti,diva vibhakti,d̪ɪʋə ʋɪbʰəkt̪ɪ,accusative case,இரண்டாம் வேற்றுமை,Grammar,words
ꢣꢶꢮ꣄ꢥꢶ,दिव्नि,தி3வ்னி,divni,divni,divni,d̪ɪʋn̪ɪ,dual,இருமை,Grammar,words
ꢮ꣄ꢫꢵꢒꢬꢠ ꢩꢵꢒꢥ꣄꣄,व्याकरण भागुन,வ்யாகரண பா4கு3ன்,vyaakarana bhaakan,vyAkaraNa bhAkan,vyākaraṇa bhākan,ʋjɑːkəɾəɳə bʰɑːkən̪,grammatical categories,இலக்கணக் கூறுகள்,Grammar,words
ꢮ꣄ꢫꢵ ꢒꢬꢠ ꢭꢶꢖꢔꢸ,व्याकरण लिङगु,வ்யாகரண லிங்கு3,vyaa karana lingagu,vyA karaNa liGagu,vyā karaṇa liṅagu,ʋjɑː kəɾəɳə lɪŋəgu,grammatical gender,இலக்கணப் பால்,Grammar,words
ꢮ꣄ꢫꢵꢒꢬꢠ꣄,व्याकरण,வ்யாகரண்,vyaakaran,vyAkaraN,vyākaraṇ,ʋjɑːkəɾəɳ,grammar,இலக்கணம்,Grammar,words
ꢮ꣄ꢫꢵꢒꢬꢠ ꢱꢪ꣄ꢦ꣄ꢬꢣꢵꢫ꣄,व्याकरण सम्प्रदाय,வ்யாகரண ஸம்ப்ரதா3ய்,vyaakarana sampradaay,vyAkaraNa sampradAy,vyākaraṇa sampradāy,ʋjɑːkəɾəɳə s̪əmpɾəd̪ɑːj,grammatical tradition,இலக்கண மரபு,Grammar,words
ꢮ꣄ꢫꢵꢒꢬꢠ ꢱꢵꢱꢥꣁ,व्याकरण सासना॑,வ்யாகரண ஸாஸனொ,vyaakarana saasano',vyAkaraNa sAsanO,vyākaraṇa sāsanŏ,ʋjɑːkəɾəɳə s̪ɑːs̪ən̪o,grammatical rule,இலக்கண விதி,Grammar,words
ꢙꢶꢫꢾ ꢒꢵꢭ꣄,जिय॑ काल,ஜியெகால்,jiye' kaal,jiyE kAl,jiyĕ kāl,d͡ʒɪje kɑːl,past tense,இறந்த காலம்,Grammar,words
ꢔꢿ ꢒꢵꢭ꣄,गे काल,கே3கால்,ge kaal,ge kAl,ge kāl,geː kɑːl,past tense,இறந்த காலம்,Grammar,words
ꢆꢗ꣄ꢗꢵꢬꢠ꣄,उच्चारण,உச்சாரண்,uchchaaran,uccAraN,uccāraṇ,ut͡ʃt͡ʃɑːɾəɳ,pronunciation,உச்சரிப்பு,Grammar,words
ꢚꢶꢬ꣄ꢒꢶꢥꢶ,झिर्किनि,ஜி2ர்கினி,jhirkini,jhirkini,jhirkini,d͡ʒʰɪɾkɪn̪ɪ,glide,உடம்படுமெய்,Grammar,words
ꢏꢣꢜ꣄,आ॓दट्,ஒத3ட்,o'dat',OdaT,ŏdaṭ,od̪əʈ,lip,உதடு,Grammar,words
ꢲꣂꢜ꣄,होट,ஹோட்,hot',hoT,hoṭ,ɦoːʈ,lip,உதடு,Grammar,words
ꢂꢡꢶꢱꢵꢫꣂꢡ꣄ꢡꢶ,अतिसायोत्तो,அதிஸயோக்தி,atisaayotti,atisAyotti,atisāyotti,ət̪ɪs̪ɑːjoːt̪t̪ɪ,hyperbole,உயர்வு நவிற்சி,Grammar,words
ꢂꢡꢶꢮꢬ꣄ꢠꢥꣁ,अति वर्णना॑,அதிவர்ணனொ,ativarnano',ativarNanO,ativarṇanŏ,ət̪ɪʋəɾɳən̪o,hyperbole,உயர்வு நவிற்சி,Grammar,words
ꢦꢹꢙ꣄ꢫ ꢦꢲꢸ ꢮꢗꢥ꣄,पुज्य पहु वचन्मेटु बहु वचन,பூஜ்ய ப3ஹு வசன்,poojya pahu vachan,pUjya pahu vacan,pūjya pahu vacan,puːd͡ʒjə pəɦu ʋət͡ʃən̪,honorific plural,உயர்வுப் பன்மை,Grammar,words
ꢪꢿꢜꢸ ꢨꢲꢸ ꢮꢗꢥ꣄,पुज्य पहु वचन्मेटु बहु वचन,மேடு ப3ஹு வசன்,met'u bahu vachan,meTu bahu vacan,meṭu bahu vacan,meːʈu bəɦu ʋət͡ʃən̪,honorific plural,உயர்வுப் பன்மை,Grammar,words
ꢱ꣄ꢮꢬꢵꢒ꣄ꢰꢬ꣄ ꢂꢙꢸꢥꢒ꣄ꢰꢬ꣄,स्वराक्षर अजुनक्षर्,ஸ்வராக்ஷர்,svaraakshar ajunakshar,svarAkSar ajunakSar,svarākṣar ajunakṣar,s̪ʋəɾɑːkʂəɾ əd͡ʒun̪əkʂəɾ,vowel,உயிர் எழுத்து,Grammar,words
ꢱꢙꢷꢮꢶ,सजीवि,ஸஜீவி,sajeevi,sajIvi,sajīvi,s̪əd͡ʒiːʋɪ,animate,உயிருடையன,Grammar,words
ꢮꢶꢩꢒ꣄ꢡꢶ ꢗꢶꢥ꣄ꢲꢸꢥ꣄ ꢮꢶꢩꢡꢒ꣄ꢡꢶ ꢮꢬ꣄ꢠꢒꢸꢥ꣄,विभक्ति चिन्हुन विभक्ति वर्णकुन,விப4க்தி சின்ஹுன்,vibhakti chinhun vibhatakti varnakun,vibhakti cinhun vibhatakti varNakun,vibhakti cinhun vibhatakti varṇakun,ʋɪbʰəkt̪ɪ t͡ʃɪn̪ɦun̪ ʋɪbʰət̪əkt̪ɪ ʋəɾɳəkun̪,markers,உருபுகள்,Grammar,words
ꢩꢵꢱ꣄ꢫꣁ,भष्या॑,பா4ஷ்யொ,bhaasyo',bhAsyO,bhāsyŏ,bʰɑːs̪jo,commentary,உரை,Grammar,words
ꢆꢦꢪꣁ,उपमा॑,உபமொ,upamo',upamO,upamŏ,upəmo,simile,உவமை,Grammar,words
ꢂꢥ꣄ꢡ ꢥꢶꢬ꣄ꢪꢵꢥ꣄,अन्तर्निमान्,அந்தர்நிர்மாண்,anta nirmaan,anta nirmAn,anta nirmān,ən̪t̪ə n̪ɪɾmɑːn̪,internal structure,உள்ளமைப்பு,Grammar,words
ꢪꢴꢣ꣄ꢣꢶ ꢢꣁꢮ꣄ꢥꢶ,म्हद्दि था॑व्नि,ம:த்3தி3தொ2வ்னி,mhaddi tho'vni,mhaddi thOvni,mhaddi thŏvni,mɦəd̪d̪ɪ t̪ʰoʋn̪ɪ,infix,உள்ளொட்டு,Grammar,words
ꢇꢲꢪ꣄,ऊहम्,ஊஹம்,ooham,Uham,ūham,uːɦəm,assumption,ஊகம்,Grammar,words
ꢱꢖ꣄ꢓ꣄ꢫꣁ,सङख्या॑,ஸங்க்2யொ,sankhyo',saGkhyO,saṅkhyŏ,s̪əŋkʰjo,number,எண்,Grammar,words
ꢂꢮꢥ꣄ꢒꢵꢭ꣄,अवन्काल्,அவன்கால்,avankaal,avankAl,avankāl,əʋən̪kɑːl,future tense,எதிர்காலம்,Grammar,words
ꢮ꣄ꢫꢡꢶꢬꢿꢒ ꢱꢨ꣄ꢣꢸ,व्यतिरेक सब्दु,வ்யதிரேக ஸப்3து3,vyatireka sabdu,vyatireka sabdu,vyatireka sabdu,ʋjət̪ɪɾeːkə s̪əbd̪u,antonym,எதிர்ச்சொல்,Grammar,words
ꢮ꣄ꢫꢡꢶꢬꢿꢒ꣄,व्यतिरेक,வ்யதிரேக்,vyatirek,vyatirek,vyatirek,ʋjət̪ɪɾeːk,negative,எதிர்மறை,Grammar,words
ꢂꢰꢬ꣄,अक्षर्,அக்ஷர்,ashar,aSar,aṣar,əʂəɾ,script,எழுத்து,Grammar,words
ꢭꢶꢦꢶ,लिपि,லிபி,lipi,lipi,lipi,lɪpɪ,script,எழுத்து,Grammar,words
ꢒꢬ꣄ꢡꣁ,कर्ता॑,கர்தொ,karto',kartO,kartŏ,kəɾt̪o,subject,எழுவாய்,Grammar,words
ꢃꢙ꣄ꢛꢵ,आज्ना॑,ஆஜ்ஞொ,aajnyaa,AjJA,ājñā,ɑːd͡ʒɲɑː,imperative,ஏவல்,Grammar,words
ꢗꢾꢬꢶꢨꢥ꣄ꢤꢶ,च॑रिबन्धि,செரிப3ந்தி4,che'ribandhi,cEribandhi,cĕribandhi,t͡ʃeɾɪbən̪d̪ʰɪ,affix,ஒட்டு,Grammar,words
ꢌꢒꢮꢗꢥ꣄,एकवचन,ஏகவசன்,e'kavachan,Ekavacan,ĕkavacan,ekəʋət͡ʃən̪,singular,ஒருமை,Grammar,words
ꢱ꣄ꢮꢬꣁ,स्वरा॑,ஸ்வரொ,svaro',svarO,svarŏ,s̪ʋəɾo,"phone, sound",ஒலி,Grammar,words
ꢤ꣄ꢮꢥꢶ,ध्वनि,த்4வனி,dhvani,dhvani,dhvani,d̪ʰʋən̪ɪ,"phone, sound",ஒலி,Grammar,words
ꢆꢗ꣄ꢗꢵꢜꢥꢪ꣄,उच्चाटनम्,உச்சாடனம்,uchchaat'anam,uccATanam,uccāṭanam,ut͡ʃt͡ʃɑːʈən̪əm,pronunciation,ஒலிப்பு,Grammar,words
ꢬꢷꢠꢸ ꢮꢡ꣄ꢡꣁ,रीणुवत्ता॑,ரீணுவத்தொ,reenu vatto',rINu vattO,rīṇu vattŏ,ɾiːɳu ʋət̪t̪o,loan word,கடன் சொல்,Grammar,words
ꢩꢬꢳ ꢮꢡ꣄ꢡꣁ,भरळ वत्ता॑,ப4ரளவத்தொ,bharal'a vatto',bharaLa vattO,bharal̤a vattŏ,bʰəɾəɭə ʋət̪t̪o,loan word,கடன் சொல்,Grammar,words
ꢓꢳ꣄ꢳꢥ꣄ ꢮꢡ꣄ꢡꣁ,खळ्ळन वत्ता॑,க2ள்ளன்வத்தொ,khal'l'an vatto',khaLLan vattO,khal̤l̤an vattŏ,kʰəɭɭən̪ ʋət̪t̪o,borrowing,கடன் வாங்கல்,Grammar,words
ꢒꢭꢸ,कालु,காலு,kalu,kalu,kalu,kəlu,tense,காலம்,Grammar,words
ꢱ꣄ꢮꢭ꣄ꢦ ꢮꢶꢬꢵꢪ,स्वल्प विराम,ஸ்வல்ப விராமொ,svalpa viraama,svalpa virAma,svalpa virāma,s̪ʋəlpə ʋɪɾɑːmə,comma,காற்புள்ளி,Grammar,words
ꢥꢴꢥ꣄ ꢕꢾꢞꢶ,न्हन्घ॑डि,ந:ன் கெ4டி3,nhan ghe'd'i,nhan ghEDi,nhan ghĕḍi,n̪ɦən̪ gʰeɖɪ,comma,காற்புள்ளி,Grammar,words
ꢔꢸꢬꢶ,गुरि,கு3ரி,guri,guri,guri,guɾɪ,sign/mark,குறியீடு,Grammar,words
ꢗꢶꢥ꣄ꢲꢸ,चिन्हु,சின்ஹு,chinhu,cinhu,cinhu,t͡ʃɪn̪ɦu,sign/mark,குறியீடு,Grammar,words
ꢡꢵꢳꢸ,ताळु,தாளு,taal'u,tALu,tāl̤u,t̪ɑːɭu,rhythm,சந்தம்,Grammar,words
ꢭꢫꣁ,लया॑,லயொ,layo',layO,layŏ,ləjo,rhythm,சந்தம்,Grammar,words
ꢱꢥ꣄ꢤꢶ,सन्धि,ஸந்தி4,sandhi,sandhi,sandhi,s̪ən̪d̪ʰɪ,sandhi,சந்தி,Grammar,words
ꢱꢪ꣄ꢱꢬ꣄ꢔꢸ,सम्सर्गु,ஸம்ஸர்கு3,samsargu,samsargu,samsargu,s̪əms̪əɾgu,inflectional increment,சாரியை,Grammar,words
ꢔꢸꢬꢶ,गुरि,கு3ரி,guri,guri,guri,guɾɪ,article,சுட்டு,Grammar,words
ꢱꢹꢡ꣄ꢬꢸ,सूत्रु,ஸூத்ரு,sootru,sUtru,sūtru,s̪uːt̪ɾu,"formula, rule",சூத்திரம்,Grammar,words
ꢩꢵꢮ ꢩꢵꢰꣁ,भाव भाषा॑,பா4வபா4ஷொ,bhaava bhaasho',bhAva bhASO,bhāva bhāṣŏ,bʰɑːʋə bʰɑːʂo,gesture/sign language,சைகை மொழி,Grammar,words
ꢯꢨ꣄ꢣꢸ,शब्दु,ஸப்3து3,shabdu,zabdu,śabdu,ʃəbd̪u,word,சொல்,Grammar,words
ꢯꢨ꣄ꢣ ꢮ꣄ꢫꢵꢒꢬꢠꣁ,सब्द व्याकरणा॑,ஸப்3த3 வ்யாகரணொ,shabda vyaakarano',zabda vyAkaraNO,śabda vyākaraṇŏ,ʃəbd̪ə ʋjɑːkəɾəɳo,morphology,சொல்லிலக்கணம்,Grammar,words
ꢧꣀꢭ꣄ ꢦꢸꢬꢸꢱꢸ,फैल पुरुशु,பை2ல புருஷு,phail purusu,phail purusu,phail purusu,pʰəɪl puɾus̪u,first person,தன்மையிடம்,Grammar,words
ꢂꢒꢬ꣄ꢪꢒ ꢒ꣄ꢬꢶꢫꣁ,अकर्मक क्रिया॑,அகர்மகக்ரியொ,akarmaka kriyo',akarmaka kriyO,akarmaka kriyŏ,əkəɾməkə kɾɪjo,intransitive verb,குன்றியவினை,Grammar,words
ꢱꢒꢬ꣄ꢪꢒ ꢒ꣄ꢬꢶꢫꣁ,सकर्मक क्रिया॑,ஸகர்மக க்ரியொ,sakarmaka kriyo',sakarmaka kriyO,sakarmaka kriyŏ,s̪əkəɾməkə kɾɪjo,intransitive,குன்றாவினை,Grammar,words
ꢱꢵꢤꢵꢬꢠ ꢮꢵꢒ꣄ꢫꣁ,साधारण वाक्या॑,ஸாதா4ரணவாக்யொ,saadhaarana vaakyo',sAdhAraNa vAkyO,sādhāraṇa vākyŏ,s̪ɑːd̪ʰɑːɾəɳə ʋɑːkjo,simple sentence,தனிவாக்கியம்,Grammar,words
ꢩꢵꢰꢠ ꢮꢡ꣄ꢡꣁ,भाषण वत्ता॑,பா4ஷண வத்தொ,bhaashana vatto',bhASaNa vattO,bhāṣaṇa vattŏ,bʰɑːʂəɳə ʋət̪t̪o,dialectal word,திசைச் சொல்,Grammar,words
ꢔꢸꢪ꣄ꢦꢸꢥꢵꢮ꣄,गुम्पु नाव्,கு3ம்பு நாவ்,gumpunaav,gumpunAv,gumpunāv,gumpun̪ɑːʋ,mass noun,திரள் பெயர்,Grammar,words
ꢪꢥ꣄ꢡꢸ ꢮꢡ꣄ꢡꣁ,मन्तु वत्ता॑,மந்துவத்தொ,mantu vatto',mantu vattO,mantu vattŏ,mən̪t̪u ʋət̪t̪o,corrupt word,திரி சொல்,Grammar,words
ꢆꢦ ꢒ꣄ꢬꢶꢫꣁ,उप क्रिया॑,உபக்ரியொ,upa kriyo',upa kriyO,upa kriyŏ,upə kɾɪjo,auxilliary verb,துணை வினை,Grammar,words
ꢮꢾꢒ꣄ꢒꢶꢥꢶ,वेक्किनि,வெக்கினி,ve'kkini,vEkkini,vĕkkini,ʋekkɪn̪ɪ,selection,தெரிவு,Grammar,words
ꢱꢪ꣄ꢫꢸꢒ꣄ꢡꢸ,सम्युक्तु,ஸம்யுக்து,samyuktu,samyuktu,samyuktu,s̪əmjukt̪u,compound,தொகை,Grammar,words
ꢆꢒ꣄ꢡꢶ ꢮꢵꢒ꣄ꢫꢪ꣄,उक्तिवाक्यम,உக்திவாக்யம்,ukti vaakyam,ukti vAkyam,ukti vākyam,ukt̪ɪ ʋɑːkjəm,phrase,தொடர்,Grammar,words
ꢮꢡ꣄ꢡꢵ ꢡꣁꢬꢠ꣄,वत्ता तोरण,வத்தா தொரண்,vattaa to'ran,vattA tOraN,vattā tŏraṇ,ʋət̪t̪ɑː t̪oɾəɳ,phrase,தொடர்,Grammar,words
ꢥꢶꢬꢥ꣄ꢡꢬ ꢒꢵꢭ꣄,निर्न्तर काल्,நிரந்த3ரகால்,nirantara kaal,nirantara kAl,nirantara kāl,n̪ɪɾən̪t̪əɾə kɑːl,continuous tense,தொடர்காலம்,Grammar,words
ꢮꢵꢒ꣄ꢫ ꢦ꣄ꢬꢒꢬꢠꣁ,वाक्य प्रकरणा॑,வாக்ய ப்ரகரணொ,vaakya prakarano',vAkya prakaraNO,vākya prakaraṇŏ,ʋɑːkjə pɾəkəɾəɳo,syntax,தொடரியல்,Grammar,words
ꢒꢬ꣄ꢪꢸ ꢥꢵꢮ꣄,कर्मु नाव्,கர்மு நாவ்,karmu naav,karmu nAv,karmu nāv,kəɾmu n̪ɑːʋ,gerund,தொழிற்பெயர்,Grammar,words
ꢬꢷꢡꢶ,रीति,ரீதி,reeti,rIti,rīti,ɾiːt̪ɪ,style,நடை,Grammar,words
ꢗꢬ꣄ꢮ ꢮꢶꢩꢒ꣄ꢡꢶ,चर्व विभक्ति,சர்வவிப4க்தி,charva vibhakti,carva vibhakti,carva vibhakti,t͡ʃəɾʋə ʋɪbʰəkt̪ɪ,dative case,நான்காம் வேற்றுமை,Grammar,words
ꢗꢭ꣄ꢡ ꢒꢵꢭ꣄,चल्त काल्,சல்தகால்,chalta kaal,calta kAl,calta kāl,t͡ʃəlt̪ə kɑːl,present tense,நிகழ்காலம்,Grammar,words
ꢮꢶꢬꢵꢪꢸ ꢗꢶꢥ꣄ꢲꢸ,विरामु चिन्हु,விராமு சின்ஹு,viraamu chinhu,virAmu cinhu,virāmu cinhu,ʋɪɾɑːmu t͡ʃɪn̪ɦu,punctuation marks,நிறுத்தக் குறிகள்,Grammar,words
ꢭꢵꢪ꣄ꢱ꣄ꢮꢬꣁ,लाम्स्वरा॑,லாம்ஸ்வரொ,laamsvaro',lAmsvarO,lāmsvarŏ,lɑːms̪ʋəɾo,long vowel,நெடில் உயிர்,Grammar,words
ꢂꢒ꣄ꢰꢬꢵꢥ꣄,अक्षरान्,அக்ஷரான்,aksharaan,akSarAn,akṣarān,əkʂəɾɑːn̪,alphabet,நெடுங்கணக்கு,Grammar,words
ꢦ꣄ꢬꢡꢶꢩꢵꢱꢥ꣄,प्रतिभाषन्,ப்ரதிபா4ஷன்,pratibhaasan,pratibhAsan,pratibhāsan,pɾət̪ɪbʰɑːs̪ən̪,direct speech,நேர்க்கூற்று,Grammar,words
ꢤꢹꢬ꣄ ꢦꢸꢬꢸꢱꢸ,दूर्पुरुसु,தூ3ர் புருஷு,dhoor purusu,dhUr purusu,dhūr purusu,d̪ʰuːɾ puɾus̪u,third person,படர்க்கை இடம்,Grammar,words
ꢮꢵꢒ꣄ꢮꢶꢲꢵꢬ꣄,वाक्विहार्,வாக் விஹார்,vaakvihaar,vAkvihAr,vākvihār,ʋɑːkʋɪɦɑːɾ,ideogram,படவெழுத்து,Grammar,words
ꢒ꣄ꢬꢶꢫꢵꢦꢣ꣄,क्रियापद,க்ரியாபத்3,kriyaapad,kriyApad,kriyāpad,kɾɪjɑːpəd̪,predicate,பயனிலை,Grammar,words
ꢨꢲꢹ ꢮꢗꢥ꣄,बहु वचन्,ப3ஹு வசன்,bahoo vachan,bahU vacan,bahū vacan,bəɦuː ʋət͡ʃən̪,plural,பன்மை,Grammar,words
ꢔꢷꢡ꣄,गीत्,கீ3த்,geet,gIt,gīt,giːt̪,verse,பா,Grammar,words
ꢭꢶꢖ꣄ꢔꢸ,लिङगु,லிங்கு3,lingu,liGgu,liṅgu,lɪŋgu,gender,பால்,Grammar,words
ꢱꢒꢬ꣄ꢪꢒ ꢒ꣄ꢬꢶꢫꣁ,सकर्मक क्रिया॑,ஸகர்மக க்ரியொ,sakarmaka kriyo',sakarmaka kriyO,sakarmaka kriyŏ,s̪əkəɾməkə kɾɪjo,transitive verb,குன்றா வினை,Grammar,words
ꢂꢥꢸꢨꢥ꣄ꢤꢸ,अनुबन्धु,அனுப3ந்து4,anubandhu,anubandhu,anubandhu,ən̪ubən̪d̪ʰu,suffix,பின்னொட்டு,Grammar,words
ꢦꢹꢬ꣄ꢠ ꢮꢶꢬꢵꢪ꣄,पूर्ण विराम,பூர்ணவிராம்,poorna viraam,pUrNa virAm,pūrṇa virām,puːɾɳə ʋɪɾɑːm,fullstop,புள்ளி,Grammar,words
ꢲꣁꢭ꣄ꢭꢵ ꢥꢶꢬ꣄ꢪꢵꢥ꣄,हा॑ल्ला निर्मान्,ஹொல்லாநிர்மாண்,ho'llaa nirmaan,hOllA nirmAn,hŏllā nirmān,ɦollɑː n̪ɪɾmɑːn̪,surface structure,புற அமைப்பு,Grammar,words
ꢱ꣄ꢡ꣄ꢬꢷ ꢭꢶꢖ꣄ꢔꢸ,स्त्री लिङ्गु,ஸ்த்ரீலிங்கு3,stree lingu,strI liGgu,strī liṅgu,s̪t̪ɾiː lɪŋgu,feminine gender,பெண்பால்,Grammar,words
ꢂꢳ꣄ꢳꢶꢖ꣄ꢔꢸ,अळ्ळिङ्गु,அள்ளிங்கு3,al'l'ingu,aLLiGgu,al̤l̤iṅgu,əɭɭɪŋgu,feminine gender,பெண்பால்,Grammar,words
ꢱꢬ꣄ꢮ ꢥꢵꢮ꣄,सर्व नाव,ஸர்வ நாவ்,sarva naav,sarva nAv,sarva nāv,s̪əɾʋə n̪ɑːʋ,pronoun,பெயர்ப்பதிலி,Grammar,words
ꢦ꣄ꢬꢡꢶ ꢥꢵꢮ꣄,प्रति नाव,ப்ரதி நாவ்,prati naav,prati nAv,prati nāv,pɾət̪ɪ n̪ɑːʋ,pronoun,பெயர்ப்பதிலி,Grammar,words
ꢮꢶꢯꢿꢰꢠ꣄,विशेषण,விஶேஷண்,visheshan,vizeSaN,viśeṣaṇ,ʋɪʃeːʂəɳ,adjective,பெயரடை,Grammar,words
ꢱꢵꢤꢵꢬꢠꢭꢶꢖ꣄ꢔꢸ,साधारणलिङ्गु,ஸாதா4ரண லிங்கு3,saadhaaranalingu,sAdhAraNaliGgu,sādhāraṇaliṅgu,s̪ɑːd̪ʰɑːɾəɳəlɪŋgu,common gender,பொதுப்பால்,Grammar,words
ꢱꢵꢤꢵꢬꢠ ꢱꢨ꣄ꢣꢸ,साधारण सब्दु,ஸாதா4ரணஸப்3து3,saadhaarana sabdu,sAdhAraNa sabdu,sādhāraṇa sabdu,s̪ɑːd̪ʰɑːɾəɳə s̪əbd̪u,common noun,பொதுப்பெயர்,Grammar,words
ꢂꢬ꣄ꢢꢸ,अर्थु,அர்து2,arthu,arthu,arthu,əɾt̪ʰu,meaning,பொருள்,Grammar,words
ꢮꢒ꣄ꢬꣂꢒ꣄ꢡꢶ,वक्रोक्ति,வக்ரோக்தி,vakrokti,vakrokti,vakrokti,ʋəkɾoːkt̪ɪ,ambiguity,மயக்கம்,Grammar,words
ꢱꢪ꣄ꢡꢿꢲꢵꢬ꣄ꢢꢸ,सन्देहार्थु,ஸந்தே3 ஹார்து2,samtehaarthu,samtehArthu,samtehārthu,s̪əmt̪eːɦɑːɾt̪ʰu,ambiguity,மயக்கம்,Grammar,words
ꢱꢪ꣄ꢦꢶꢬꢣꢵꢫꢸ,सम्पिरदायु,ஸம்பிரதா3யு,sampiradaayu,sampiradAyu,sampiradāyu,s̪əmpɪɾəd̪ɑːju,tradition,மரபு,Grammar,words
ꢬꢹꢟꢶ,रूढि,ரூடி4,rood'hi,rUDhi,rūḍhi,ɾuːɖʰɪ,tradition,மரபு,Grammar,words
ꢮ꣄ꢫꢒ꣄ꢡ ꢮꢡ꣄ꢡꣁ,व्यक्त वता॑,வ்யக்த வத்தொ,vyakta vatto',vyakta vattO,vyakta vattŏ,ʋjəkt̪ə ʋət̪t̪o,allomorph,மாற்றுருபு,Grammar,words
ꢮ꣄ꢫꢒ꣄ꢡ ꢱ꣄ꢮꢬꣁ,व्यक्त स्वरो,வ்யக்தஸ்வரொ,vyakta svaro',vyakta svarO,vyakta svarŏ,ʋjəkt̪ə s̪ʋəɾo,allophone,மாற்றொலி,Grammar,words
ꢂꢬ꣄ꢤ ꢨꢶꢥ꣄ꢤꢸ,अर्ध बिन्धु,அர்த4பி3ந்து4,ardha bindhu,ardha bindhu,ardha bindhu,əɾd̪ʰə bɪn̪d̪ʰu,semicolon,முக்காற்புள்ளி,Grammar,words
ꢪꢸꢱꢸꢥꢵ ꢒ꣄ꢬꢶꢫꣁ,मुसुना क्रिया॑,முஸுநாக்ரியொ,musunaa kriyo',musunA kriyO,musunā kriyŏ,mus̪un̪ɑː kɾɪjo,incomplete verb,முற்றாவினை,Grammar,words
ꢦꢣꢪ꣄,पदम्,பத3ம்,padam,padam,padam,pəd̪əm,clause,முற்றுத்தொடர்,Grammar,words
ꢂꢣꢶꢒꢬꢠꢪ꣄,अदिकरणम्,அதி3 கரணம்,adikaranam,adikaraNam,adikaraṇam,əd̪ɪkəɾəɳəm,clause,முற்றுத்தொடர்,Grammar,words
ꢥꢶꢱ꣄ꢱꢥ꣄ꢣꢾꢲ ꢒ꣄ꢬꢶꢫꣁ,निस्सन्देह क्रिया॑,நிஸ்ஸந்தே3ஹ க்ரியொ,nissande'ha kriyo',nissandEha kriyO,nissandĕha kriyŏ,n̪ɪs̪s̪ən̪d̪eɦə kɾɪjo,finite verb,முற்றுவினை,Grammar,words
ꢦꢹꢬ꣄ꢠ ꢒ꣄ꢬꢶꢫꣁ,पूर्ण क्रिया॑,பூர்ண க்ரியொ,poorna kriyo',pUrNa kriyO,pūrṇa kriyŏ,puːɾɳə kɾɪjo,finite verb,முற்றுவினை,Grammar,words
ꢮꢾꢣꢸꢬ꣄ꢦꢸꢬꢸꢱꢸ,वेदुर्पुरुषु,வெது3ர் புருஷு,ve'durpurusu,vEdurpurusu,vĕdurpurusu,ʋed̪uɾpuɾus̪u,second person,முன்னிலை,Grammar,words
ꢣꢶꢮꢦꢸꢬꢸꢰꢸ,दिवपुरुषु,தி3வபுருஷு,divapurushu,divapuruSu,divapuruṣu,d̪ɪʋəpuɾuʂu,second person,முன்னிலை,Grammar,words
ꢂꢔ꣄ꢬ ꢨꢥ꣄ꢡꢸ,अग्र बन्धु,அக்3ரப3ந்து4,agra bantu,agra bantu,agra bantu,əgɾə bən̪t̪u,prefix,முன்னொட்டு,Grammar,words
ꢥꢵꢒꢸ ꢱꢾꢣ꣄ꢣꢸ,नाकु स॑द्दु,நாகு ஸெத்3து3,naaku se'ddu,nAku sEddu,nāku sĕddu,n̪ɑːku s̪ed̪d̪u,nasal sound,மூக்கொலி,Grammar,words
ꢲꢒꢵꢬ ꢯꢨ꣄ꢣꢸ,हकार शब्दु,ஹகார ஶப்3து3,hakaara shabdu,hakAra zabdu,hakāra śabdu,ɦəkɑːɾə ʃəbd̪u,aspiration,மூச்சு,Grammar,words
ꢱ꣄ꢮꢵꢱꢪ꣄,स्वासम्,ஸ்வாஸம்,svaasam,svAsam,svāsam,s̪ʋɑːs̪əm,aspiration,மூச்சு,Grammar,words
ꢪꢲꢵ ꢦ꣄ꢬꢵꢠꢪ꣄,महाप्राणम्,மஹாப்ராணம்,mahaa praanam,mahA prANam,mahā prāṇam,məɦɑː pɾɑːɳəm,aspiration,மூச்சு,Grammar,words
ꢲꢭꢸꢥ꣄,हलुन्,ஹலுன்,halun,halun,halun,ɦəlun̪,consonant,மெய்,Grammar,words
ꢲꢾꢞꢶ ꢱꢖ꣄ꢒꢶꢥꢶ,ह॑डि सङकिनि,ஹெடி3 ஸங்கினி,he'd'i sankini,hEDi saGkini,hĕḍi saṅkini,ɦeɖɪ s̪əŋkɪn̪ɪ,quotation,மேற்கோள்,Grammar,words
ꢘꢥ꣄ꢡꢱ꣄,छन्तस्,ச2ந்தஸ்,chhantas,chantas,chantas,t͡ʃʰən̪t̪əs̪,prosody,யாப்பியல்,Grammar,words
ꢮꢵꢒ꣄ꢫ ꢩꢵꢔ꣄,वाक्य भाग,வாக்ய பா4க்3,vaakya bhaag,vAkya bhAg,vākya bhāg,ʋɑːkjə bʰɑːg,clause,வாக்யாங்கம்,Grammar,words
ꢮꢶꢤꢶ,विधि,விதி4,vidhi,vidhi,vidhi,ʋɪd̪ʰɪ,rule,விதி,Grammar,words
ꢦ꣄ꢬꢱ꣄ꢠꣁ,प्रस्नो,ப்ரஶ்ணொ,prasno',prasNO,prasṇŏ,pɾəs̪ɳo,question,வினா,Grammar,words
ꢦ꣄ꢬꢱ꣄ꢠ ꢔꢸꢬꢶ,प्रष्ण गुरि,ப்ரஷ்ண கு3ரி,prasna guri,prasNa guri,prasṇa guri,pɾəs̪ɳə guɾɪ,question mark,வினாக்குறி,Grammar,words
ꢒ꣄ꢬꢶꢫꢵꢦꢣꢸ,क्रियापदु,க்ரியாபது3,kriyaapadu,kriyApadu,kriyāpadu,kɾɪjɑːpəd̪u,verb,வினைச்சொல்,Grammar,words
ꢒ꣄ꢬꢶꢫꢵꢮꢶꢱꢾꢰꢠ꣄,क्रिया विसेषण,க்ரியா விஸேஷண்,kriyaavise'shan,kriyAvisESaN,kriyāvisĕṣaṇ,kɾɪjɑːʋɪs̪eʂəɳ,adverb,வினையடை,Grammar,words
ꢂꢮ꣄ꢫꢫꣁ,अव्यया॑,அவ்யயொ,avyayo',avyayO,avyayŏ,əʋjəjo,adverb,வினையடை,Grammar,words
ꢮꢶꢩꢒ꣄ꢡꢶ,विभक्ति,விப4க்தி,vibhakti,vibhakti,vibhakti,ʋɪbʰəkt̪ɪ,case,வேற்றுமை,Grammar,words
ꢨꣁꢭꢵꢤꢶꢞꣁ,ब॑लाधिडा॑,பெ3ளாதி4டொ3,bo'laadhid'o',bOlAdhiDO,bŏlādhiḍŏ,bolɑːd̪ʰɪɖo,a kind of pane cake with daals,அடை,Food,words
ꢂꢜꣀ,अटै,அடை3,at'ai,aTai,aṭai,əʈəɪ,a kind of pane cake with daals,அடை,Food,words
ꢦꢸꢬꢶ,पुरि,புரி,puri,puri,puri,puɾɪ,a sweet made out of rice flour,அதிரசம்,Food,words
ꢂꢦ꣄ꢦꢸꢞꢵꢭ꣄,अप्पुडाल्,அப்புடா3ல்,appud'aal,appuDAl,appuḍāl,əppuɖɑːl,papad,அப்பளம்,Food,words
ꢂꢜ꣄ꢒꢸꢭ꣄,अट्कुल्,அட்குல்,at'kul,aTkul,aṭkul,əʈkul,flattened rice,அவல்,Food,words
ꢒꢫ꣄ꢫꢵꢥ꣄ ꢡꢾꢳ꣄ꢥꢶ,कय्यान्त॑ळ्नि,கய்லான்தெள்னி,kayyaan te'l'ni,kayyAn tELni,kayyān tĕl̤ni,kəjjɑːn̪ t̪eɭn̪ɪ,a mixed vegetable preparation,அவியல்,Food,words
ꢂꢲꢵꢬ꣄,अहार्,அஹார்,ahaar,ahAr,ahār,əɦɑːɾ,food,ஆகாரம்,Food,words
ꢂꢦ꣄ꢦꢪ꣄,अप्पम्,அப்பம்,appam,appam,appam,əppəm,a dosa like preparation made out of rice flour,ஆப்பம்,Food,words
ꢩꢭꢵꢬ꣄,फ्लार्,ப2லார்,bhalaar,bhalAr,bhalār,bʰəlɑːɾ,idly,இட்டிலி,Food,words
ꢮꢶꢳ꣄꣄ꢜꢶꢫꣁ,विळ्टिया॑,விள்டொ,vil't'iyo',viLTiyO,vil̤ṭiyŏ,ʋɪɭʈɪjo,idly,இட்டிலி,Food,words
ꢆꢒ꣄ꢒꢸꢜꢸꢪ꣄,उक्कुटुम्,விள்டியொ,ukkut'um,ukkuTum,ukkuṭum,ukkuʈum,idly,இட்டிலி,Food,words
ꢄꢜꢶꢫꢵꢦ꣄ꢦꢪ꣄,इटियाप्पम्,இடியாப்பம்,it'iyaappam,iTiyAppam,iṭiyāppam,ɪʈɪjɑːppəm,noodles made out of rice flour,இடியாப்பம்,Food,words
ꢕꢜꢮ꣄ꢥꢭ꣄,घटव्नल्,க2வ்னல்,ghat'avnal,ghaTavnal,ghaṭavnal,gʰəʈəʋn̪əl,tender coconut,"செவ்விளநீர், பச்சை இளநீர்",Food,words
ꢱꢮ꣄ꢥꢭ꣄,सव्नल्,ஸவ்னல்,savnal,savnal,savnal,s̪əʋn̪əl,tender coconut,"செவ்விளநீர், பச்சை இளநீர்",Food,words
ꢗꣀꢥꣁ,चैना॑,சைனொ,chaino',cainO,cainŏ,t͡ʃəɪn̪o,meat,"இறைச்சி, மாமிசம்",Food,words
ꢨꣁꢱꢸꢭꣁ,बा॑सुला॑,பொ3ஸுலொ,bo'sulo',bOsulO,bŏsulŏ,bos̪ulo,meat,"இறைச்சி, மாமிசம்",Food,words
ꢪꢵꢪ꣄ꢱꢸ,माम्सु,மாம்ஸு,maamsu,mAmsu,māmsu,mɑːms̪u,meat,"இறைச்சி, மாமிசம்",Food,words
ꢓꣁꢮ꣄ꢱ꣄,खा॑व्स,கொ2வ்ஸ்,kho'vs,khOvs,khŏvs,kʰoʋs̪,meat,"இறைச்சி, மாமிசம்",Food,words
ꢓꢥꢶ,खनि,க2னி,khani,khani,khani,kʰən̪ɪ,food,உணவு,Food,words
ꢓꢮ꣄ꢥꢪ꣄,खव्नम,க2வ்னம்,khavnam,khavnam,khavnam,kʰəʋn̪əm,food,உணவு,Food,words
ꢆꢦ꣄ꢪꢵꢮ꣄,उप्माव्,உப்மாவ்,upmaav,upmAv,upmāv,upmɑːʋ,upma,உப்புமா,Food,words
ꢒꢗ꣄ꢗꢪ꣄ꢩꢵ ꢂꢪ꣄ꢨꢜ꣄,कच्चम्बा अम्बट्,கச்சம்பா3 அம்ப3ட்,kachchambhaa ambat',kaccambhA ambaT,kaccambhā ambaṭ,kət͡ʃt͡ʃəmbʰɑː əmbəʈ,A kind of mango curry,உப்பிலோடு,Food,words
ꢨꢶꢙ꣄ꢙꢜ꣄,बिज्जट्,பி3ஜ்ஜட்,bijjat',bijjaT,bijjaṭ,bɪd͡ʒd͡ʒəʈ,pickle,ஊறுகாய்,Food,words
ꢭꣁꢰ꣄ꢜꣁ,ला॑ष्टा॑,லொஷ்டொ,lo'sht'o',lOSTO,lŏṣṭŏ,loʂʈo,pickle,ஊறுகாய்,Food,words
ꢡꢷꢭꢸ ꢆꢠ꣄ꢜꣁ,तीलु उण्टा॑,தீளு உண்டொ,teelu unt'o',tIlu uNTO,tīlu uṇṭŏ,t̪iːlu uɳʈo,a sweet made of till,எள்ளுருண்டை,Food,words
ꢒꢾꢥ꣄ꢥꢶꢦꢾꢱ꣄,क॑न्निपेस,கென்னிபேஸ்,ke'nnipe's,kEnnipEs,kĕnnipĕs,ken̪n̪ɪpes̪,rice gruel,கஞ்சி,Food,words
ꢔꣁꢨ꣄ꢨꢸꢬꢾꢱ꣄ꢱꢸ,गा॑ब्बु र॑स्सु,கொ3ப்3பு3 ரெஸ்ஸு,go'bbure'ssu,gObburEssu,gŏbburĕssu,gobbuɾes̪s̪u,sugarcane juice,கரும்புச்சாறு,Food,words
ꢒꣁꢞ꣄ꢞꢶ,का॑ड्डि,கொட்3டி3,ko'd'd'i,kODDi,kŏḍḍi,koɖɖɪ,dry fish,கருவாடு,Food,words
ꢒꢾꢳ꣄ꢳꢸ,क॑ळ्ळु,கௌ்ளு,ke'l'l'u,kELLu,kĕl̤l̤u,keɭɭu,toddy,கள்,Food,words
ꢱꢸꢔꢸꢞ꣄,सुगुड्,ஸுகு3ட்3,sugud',suguD,suguḍ,s̪uguɖ,semi-solid preparation with rice or ragi flour,களி,Food,words
ꢗꣀꢭꢡ꣄ꢡꢾ,चैलत्त॑,சைலத்தெ,chailatte',cailattE,cailattĕ,t͡ʃəɪlət̪t̪e,"side dish, curry",வெஞ்சனம்,Food,words
ꢗꢥꣁ,चैना॑,சைனொ,chano',canO,canŏ,t͡ʃən̪o,flesh or meat,கறி,Food,words
ꢨꢾꢠ꣄ꢞꢸꢗꢥꣁ,ब॑ण्डुचैना॑,பெ3ண்டு3சைனொ,be'nd'uchano',bENDucanO,bĕṇḍucanŏ,beɳɖut͡ʃən̪o,mutton,ஆட்டுக் கறி,Food,words
ꢨꣁꢱꢸꢭꣁ,बा॑सुला॑,பொ3ஸுலொ,bo'sulo',bOsulO,bŏsulŏ,bos̪ulo,mutton,ஆட்டுக் கறி,Food,words
ꢒꢸꢞꢶꢗꢥꣁ,कुडिचैना॑,குடி3 சைனொ,kud'ichano',kuDicanO,kuḍicanŏ,kuɖɪt͡ʃən̪o,chicken,கோழிக் கறி,Food,words
ꢣꢸꢒ꣄ꢒꢬꢸꢗꢥꣁ,दुक्करुचैना॑,து3க்கரு சைனொ,dukkaruchano',dukkarucanO,dukkarucanŏ,d̪ukkəɾut͡ʃən̪o,pork,பன்றிக் கறி,Food,words
ꢒꣁꢬꢸꢗꣀꢥꣁ,गा॑रुचैना॑,கொ3ரு சைனொ,ko'ruchaino',kOrucainO,kŏrucainŏ,koɾut͡ʃəɪn̪o,beef,மாட்டுக் கறி,Food,words
ꢂꢪ꣄ꢜꢶ,अम्टि,அம்டி,amt'i,amTi,amṭi,əmʈɪ,a curry with thick gravy,குழம்பு,Food,words
ꢔꣁꢙ꣄ꢙꢸ,गा॑ज्जु,கொ3ஜ்ஜு,go'jju,gOjju,gŏjju,god͡ʒd͡ʒu,a curry with thick gravy,குழம்பு,Food,words
ꢒꢸꢜ꣄ꢒꢶꢬꢶ,कुट्किरि,குட்கிரி,kut'kiri,kuTkiri,kuṭkiri,kuʈkɪɾɪ,a kind of side dish,கூட்டு,Food,words
ꢂꢪ꣄ꢨꢜ꣄,अम्बट,அம்ப3ட்,ambat',ambaT,ambaṭ,əmbəʈ,a kind of side dish,கூட்டு,Food,words
ꢂꢪ꣄ꢨꢶꢭ꣄,अम्बिल्,அம்பி3ல்,ambil,ambil,ambil,əmbɪl,a watery preparation with rice or ragi flour,கூழ்,Food,words
ꢒꢿꢱꢬꢶ,केसरि,கேஸரி,kesari,kesari,kesari,keːs̪əɾɪ,a sweet prepared with suji,கேசரி,Food,words
ꢒꢥ꣄ꢣꢸꢭꣁ,कन्दुला॑,கந்து3லொ,kandulo',kandulO,kandulŏ,kən̪d̪ulo,an eatable with rice and coconut,கொழுக்கட்டை,Food,words
ꢪꢥ꣄ꢣꣁ,मन्दा॑,மந்தொ3,mando',mandO,mandŏ,mən̪d̪o,fat,கொழுப்பு,Food,words
ꢗꢜ꣄ꢥꢶ,चट्नि,சட்னி,chat'ni,caTni,caṭni,t͡ʃəʈn̪ɪ,chutney,சட்டினி,Food,words
ꢡꢒ꣄ꢒꢵꢳꢶ ꢗꢜ꣄ꢥꢶ,तक्कालि चट्नि,தக்காளி சட்னி,takkaal'i chat'ni,takkALi caTni,takkāl̤i caṭni,t̪əkkɑːɭɪ t͡ʃəʈn̪ɪ,tomato chutney,தக்காளிச் சட்டினி,Food,words
ꢥꢬꢳ꣄꣄ ꢗꢜ꣄ꢥꢶ,नरळ् चट्नि,நரள்சட்னி,naral' chat'ni,naraL caTni,naral̤ caṭni,n̪əɾəɭ t͡ʃəʈn̪ɪ,coconut chutney,தேங்காய்ச் சட்டினி,Food,words
ꢦꢸꢡꢶꢥꢵ ꢗꢜ꣄ꢥꢶ,पुतिनाचट्नि,புதினாசட்னி,putinaa chat'ni,putinA caTni,putinā caṭni,put̪ɪn̪ɑː t͡ʃəʈn̪ɪ,mint chutney,புதினாச் சட்டினி,Food,words
ꢪꢭ꣄ꢭꢶ ꢗꢜ꣄ꢥꢶ,मल्लि चट्नि,மல்லிசட்னி,malli chat'ni,malli caTni,malli caṭni,məllɪ t͡ʃəʈn̪ɪ,coriander chutney,மல்லிச் சட்டினி,Food,words
ꢱꢸꢒ꣄ꢒꢜ꣄,सुक्कट्,ஸுக்கட்,sukkat',sukkaT,sukkaṭ,s̪ukkəʈ,dry mutton,உப்புக்கண்டம்,Food,words
ꢗꢦ꣄ꢦꢵꢡ꣄ꢡꢶ,चप्पात्ति,சப்பாத்தி,chappaatti,cappAtti,cappātti,t͡ʃəppɑːt̪t̪ɪ,chapatti,சப்பாத்தி,Food,words
ꢩꢵꢡ꣄,भात्,பா4த்,bhaat,bhAt,bhāt,bʰɑːt̪,cooked rice,சாதம்,Food,words
ꢩꢵꢡ꣄,भात्,பா4த்,bhaat,bhAt,bhāt,bʰɑːt̪,meals,சாப்பாடு,Food,words
ꢂꢥ꣄ꢥꢸ,अन्नु,அன்னு,annu,annu,annu,ən̪n̪u,meals,சாப்பாடு,Food,words
ꢱꢪ꣄ꢨꢵꢬ꣄,सम्बार्,ஸம்பா3ர்,sambaar,sambAr,sambār,s̪əmbɑːɾ,liquid curry with vegetables,சாம்பார்,Food,words
ꢱꢾꢬꣁ,स॑रा॑,ஸெரொ,se'ro',sErO,sĕrŏ,s̪eɾo,arrack,சாராயம்,Food,words
ꢬꢾꢱ꣄ꢱꢸ,र॑स्सु,ரெஸ்ஸு,re'ssu,rEssu,rĕssu,ɾes̪s̪u,juice,சாறு,Food,words
ꢥꢴꢥ꣄ꢓꢥꢶ,न्हन्खनि,ந:ன்க2னி,nhankhani,nhankhani,nhankhani,n̪ɦən̪kʰən̪ɪ,Tiffin,சிற்றுண்டி,Food,words
ꢒꢗ꣄ꢗꢾꢥ꣄ꢥꣁ,कच॑न्ना॑,கச்சென்னொ,kachche'nno',kaccEnnO,kaccĕnnŏ,kət͡ʃt͡ʃen̪n̪o,"an eatable prepared normally with Bengal gram, peas",சுண்டல்,Food,words
ꢱꢸꢒꢸꢠ꣄ꢜꣁ,सुकुण्टा॑,ஸுகு3ண்டொ3,sukunt'o',sukuNTO,sukuṇṭŏ,s̪ukuɳʈo,a sweet,சுழியன் /ஸீயம்,Food,words
ꢭꢶꢪ꣄ꢨꢸ ꢩꢵꢡ꣄,लिम्बु भात्,லிம்பு3பா4த்,limbu bhaat,limbu bhAt,limbu bhāt,lɪmbu bʰɑːt̪,lemon bath,எலுமிச்சம் சோறு,Food,words
ꢗꢾꢡ꣄ꢡꢶ ꢩꢵꢡ꣄,चेत्ति भात्,செத்3தி3பா4த்,che'tti bhaat,cEtti bhAt,cĕtti bhāt,t͡ʃet̪t̪ɪ bʰɑːt̪,parcel bath,கட்டுச் சோறு,Food,words
ꢦꣁꢥ꣄ꢥꢶꢥ꣄ ꢗꣁꢥ꣄ꢥꣁ ꢩꢵꢡ꣄,पोन्निन्चोन्नोभात्,ஜொ2ள்ளா பாத்,po'nnin cho'nno' bhaat,pOnnin cOnnO bhAt,pŏnnin cŏnnŏ bhāt,pon̪n̪ɪn̪ t͡ʃon̪n̪o bʰɑːt̪,Jowar bath,சோள்ச் சோறு,Food,words
ꢭꢶꢪ꣄ꢦꢸꢩꢵꢡ꣄,लिम्पुभात्,லிம்புபா4த்,limpubhaat,limpubhAt,limpubhāt,lɪmpubʰɑːt̪,lemon rice,எலுமிச்சைசாதம்,Food,words
ꢤꢶꢟꣁ,धिढो,தி4டொ3,dhid'ho',dhiDhO,dhiḍhŏ,d̪ʰɪɖʰo,dosa,தோசை,Food,words
ꢚꣁꢳ꣄ꢳꢵ ꢩꢵꢡ꣄,झोळ्ळा भात्,ஜொ2ள்ளாபா4த்,jho'l'l'aa bhaat,jhOLLA bhAt,jhŏl̤l̤ā bhāt,d͡ʒʰoɭɭɑː bʰɑːt̪,jowar bath,சோளச் சோறு,Food,words
ꢤꢾꢄ~,ध॑इ~,தெ4இ~,dhe'i~,dhEi~,dhĕi~,d̪ʰeɪ~,curd,தயிர்,Food,words
ꢗꣁꢬꣁ,चा॑रा॑,சொரொ,cho'ro',cOrO,cŏrŏ,t͡ʃoɾo,cattle feed,தீனி,Food,words
ꢭꣁꢱ꣄ꢜꣁ,ला॑ष्टा॑,லொஷ்டொ,lo'st'o',lOsTO,lŏsṭŏ,los̪ʈo,chutney,துவையல்,Food,words
ꢡꢷ꣄ꢳ꣄ ꢭꣁꢰ꣄ꢜꣁ,तीळ्ला॑ष्टा॑ तीळ्दाळ,தீள்லொஷ்டொ,teel' lo'sht'o',tIL lOSTO,tīl̤ lŏṣṭŏ,t̪iːɭ loʂʈo,till chutney,எள்ளுத் துவையல்,Food,words
ꢡꢷꢳ ꣄꣄ꢣꢵꢳ꣄,तीळ्ला॑ष्टा॑ तीळ्दाळ,தீள்தா3ள்,teel'a daal',tILa dAL,tīl̤a dāl̤,t̪iːɭə d̪ɑːɭ,till chutney,எள்ளுத் துவையல்,Food,words
ꢒꢸꢳꢶꢶꢡ꣄ ꢣꢵꢳ꣄,कुळित्दाळ,குளித்தா3ள்,kul'iit daal',kuLiit dAL,kul̤iit dāl̤,kuɭɪɪt̪ d̪ɑːɭ,horsegram chutney,காணத் துவையல்,Food,words
ꢥꢬꢳ꣄꣄ ꢣꢵꢳ꣄,नरळ्दाळ,நரள்தா3ள்,naral' daal',naraL dAL,naral̤ dāl̤,n̪əɾəɭ d̪ɑːɭ,coconut chutney,தேங்காய்த் துவையல்,Food,words
ꢨꢾꢳꢵꢣꢵꢳ꣄,बेलादाळ,பெ3ளாதா3ள்,be'l'aadaal',bELAdAL,bĕl̤ādāl̤,beɭɑːd̪ɑːɭ,bengal gram chutney,பருப்புத் துவையல்,Food,words
ꢦꢸꢡꢶꢥꢵ ꢣꢵꢳ꣄,पुतिनादाळ,புதினாதா3ள்,putinaa daal',putinA dAL,putinā dāl̤,put̪ɪn̪ɑː d̪ɑːɭ,potina chutney,புதினாத் துவையல்,Food,words
ꢥꢬꢳ꣄꣄ ꢣꢹꢡ꣄,नरळ्दूत्,நரள்தூ3த்,naral' doot,naraL dUt,naral̤ dūt,n̪əɾəɭ d̪uːt̪,coconut milk,தேங்காய்ப்பால்,Food,words
ꢪꣀ,मै,மை,mai,mai,mai,məɪ,honey,தேன்,Food,words
ꢡꢿꢥꢾ,तेन॑,தேனெ,tene',tenE,tenĕ,t̪eːn̪e,honey,தேன்,Food,words
ꢡꢾꢥ꣄ꢡꢸꢭꣁ,त॑न्दुला॑,தெந்துலொ,te'ntulo',tEntulO,tĕntulŏ,t̪en̪t̪ulo,"sweet prepared out of rice flour, jiggery fried in oil",தேன்குழல்,Food,words
ꢜꢷ ꢦꢵꢥ꣄,ती पान,டீ பான்,t'ee paan,TI pAn,ṭī pān,ʈiː pɑːn̪,tea leaves,தேயிலை,Food,words
ꢤꢶꢞꣁ,धिडा॑,தி4டொ3,dhid'o',dhiDO,dhiḍŏ,d̪ʰɪɖo,"Dosa, A pan cake with rice and black gram powder",தோசை,Food,words
ꢡꢹꢦ꣄,तूप्,தூப்,toop,tUp,tūp,t̪uːp,ghee,நெய்,Food,words
ꢲꣁꢭ꣄ꢭꢵ ꢓꢥꢶ,होल्ला खनि,ஹொல்லா க2னி,ho'llaa khani,hOllA khani,hŏllā khani,ɦollɑː kʰən̪ɪ,snacks,நொறுக்குத்தீனி,Food,words
ꢦꢒ꣄ꢒꣂꢜꣁ,पक्कोटा,பக்கோடா,pakkot'o',pakkoTO,pakkoṭŏ,pəkkoːʈo,"an eatable prepared with Bengal gram powder, onion etc.",பக்கோடா,Food,words
ꢂꢦ꣄ꢦꢭꢪ꣄,अप्पलम्,,appalam,appalam,appalam,əppələm,,,Food,words
ꢦꣁꢳ꣄ꢳꢵ ꢬꢾꢱ꣄ꢱꢸ,पा॑ळ्ळा र॑स्सु,பொள்ளாரெஸ்ஸு,po'l'l'aa re'ssu,pOLLA rEssu,pŏl̤l̤ā rĕssu,poɭɭɑː ɾes̪s̪u,fruit juice,பழச்சாறு,Food,words
ꢱꢶꢳ꣄ꢳ ꢩꢵꢡ꣄,सिळ्ळ भात्,ஸிள்ளபா4த்,sil'l'a bhaat,siLLa bhAt,sil̤l̤a bhāt,s̪ɪɭɭə bʰɑːt̪,previous day,பழையமுது,Food,words
ꢒꣁꢞꢸꢒ꣄,का॑डुक,கொடு3க்,ko'd'uk,kODuk,kŏḍuk,koɖuk,previous day,பழங்கஞ்சி,Food,words
ꢩꢙ꣄ꢙꢶ,भज्जि,ப4ஜ்ஜி,bhajji,bhajji,bhajji,bʰəd͡ʒd͡ʒɪ,bajji,பஜ்ஜி,Food,words
ꢦꢵꢮ꣄,पाव्,பாவ்,paav,pAv,pāv,pɑːʋ,syrup or jelly,பாகு,Food,words
ꢦꢱꢪ꣄,पसम्,பஸம்,pasam,pasam,pasam,pəs̪əm,"liquid sweet made out of rice, daal, milk and jaggery",பாயசம்,Food,words
ꢣꢹꢡ꣄,दूत्,தூ3த்,doot,dUt,dūt,d̪uːt̪,"milk,",பால்,Food,words
ꢣꢹꢡ꣄ꢩꢿꢞꢵ ꢦꢵꢭ꣄ꢒꣁꢮꢵ,दूत्भेडा,தூ3த் பே4டா3,dootbhed'aa paalko'vaa,dUtbheDA pAlkOvA,dūtbheḍā pālkŏvā,d̪uːt̪bʰeːɖɑː pɑːlkoʋɑː,sweet made of milk,பால்கோவா,Food,words
ꢱꢵꢫ꣄,साय्,ஸாய்,saay,sAy,sāy,s̪ɑːj,cream,பாலாடை,Food,words
ꢦꢶꢜ꣄ꢜꢸ,पिट्टु,பிட்டு,pit't'u,piTTu,piṭṭu,pɪʈʈu,an eatable made out of rice flour and coconut,புட்டு,Food,words
ꢨꣁꢱꢸꢭꢵ ꢩꢵꢡ꣄,बा॑सुला भात्,பொ3ஸுலா பா4த்,bo'sulaa bhaat,bOsulA bhAt,bŏsulā bhāt,bos̪ulɑː bʰɑːt̪,biriyani,புலவு,Food,words
ꢱꢷꢱꢸ ꢂꢮ꣄ꢠ꣄ꢞꢶ,सीसु अव्ण्टि,சீஸு அம்டி,seesu avnd'i,sIsu avNDi,sīsu avṇḍi,s̪iːs̪u əʋɳɖɪ,a curry with tamarind juice added,புளிக் குழம்பு,Food,words
ꢣꢄ~ ꢬꢫ꣄ꢡꣁ,द॑इ~ रय्ता॑,தெ4இ~ரய்தொ,da_i~ rayto',da_i~ raytO,daï~ raytŏ,d̪ə_ɪ~ ɾəjt̪o,a curry with curds,பச்சடி,Food,words
ꢂꢪ꣄ꢦꢜ꣄ ꢩꢵꢡ꣄,अम्पट्भात्,அம்ப3ட் பா4த்,ampat' bhaat,ampaT bhAt,ampaṭ bhāt,əmpəʈ bʰɑːt̪,cooked rice with tamarind,புளியோதரை,Food,words
ꢦꢹꢥ꣄ꢡꢶ,बून्ति,பூ3ந்தி3,poonti,pUnti,pūnti,puːn̪t̪ɪ,a sweet,பூந்தி,Food,words
ꢦꣁꢖ꣄ꢒꢭ꣄,पा॑ङकल्,பொங்க3ல்,po'nkal,pOGkal,pŏṅkal,poŋkəl,cooked rice with green gram daal,பொங்கல்,Food,words
ꢔꢸꢳ꣄ꢳꢾ ꢦꣁꢖ꣄ꢔ꣄ꢭ꣄,गुळ्ळ॑ पा॑ङगल्,கு3ள்ளெ பொங்க3ல்,gul'l'e' po'ngl,guLLE pOGgl,gul̤l̤ĕ pŏṅgl,guɭɭe poŋgl,sweet poŋgal,சர்க்கரைப் பொங்கல்,Food,words
ꢪꢸꢣ꣄ꢣꢵ ꢦꣁꢖ꣄ꢔ꣄ꢭ꣄,मुद्दा पा॑ङगल्,முத்3தா3 பொங்க3ல்,muddaa po'ngl,muddA pOGgl,muddā pŏṅgl,mud̪d̪ɑː poŋgl,Poŋgal with green gram daal and ghee,வெண் பொங்கல்,Food,words
ꢒꢾꢬꢭ꣄,प॑रल्,பெரால்,ke'ral,kEral,kĕral,keɾəl,rice-fried,பொரி,Food,words
ꢔꢸꢳ꣄ꢳꢾ ꢦꢾꢬꢵꢭ꣄,गुळ्ळ॑ प॑राल्,கு3ள்ளெபெரால்,gul'l'e' pe'raal,guLLE pErAl,gul̤l̤ĕ pĕrāl,guɭɭe peɾɑːl,sweet rice fried,இனிப்புபொரி,Food,words
ꢒꢫ꣄ꢭꣁ ꢒꢾꢱꢸꢬ꣄,कय्ल केसुर्पोळ्टिनि,கய்லகெஸுர்பொள்டினி,kaylo' ke'sur,kaylO kEsur,kaylŏ kĕsur,kəjlo kes̪uɾ,fried vegetable /meat,பொரியல்,Food,words
ꢦꣁꢳ꣄꣄ꢜꢶꢥꢶ,पोळ्ट॑ चैनो,பொள்டெசைனொ,po'l't'ini,pOLTini,pŏl̤ṭini,poɭʈɪn̪ɪ,fried vegetable /meat,பொரியல்,Food,words
ꢦꣁꢳ꣄꣄ꢜꢾ ꢗꢥꣁ,पोळ्ट॑ चैनो,பொள்டெசைனொ,po'l't'e' chano',pOLTE canO,pŏl̤ṭĕ canŏ,poɭʈe t͡ʃən̪o,fried vegetable /meat,பொரியல்,Food,words
ꢦꢾꢬꢵꢭ꣄ ꢆꢠ꣄ꢜꢾ,पेराल् उण्टा॑,பெரால்உண்டொ,pe'raal unt'e',pErAl uNTE,pĕrāl uṇṭĕ,peɾɑːl uɳʈe,,பொரிஉருண்டை,Food,words
ꢦꣂꢠ꣄ꢜꢵ,पोण्टा,போ3ண்டா,pont'aa,poNTA,poṇṭā,poːɳʈɑː,bonda,போண்டா,Food,words
ꢨꣂꢳꢶ,बोळि,போ3ளி,bol'i,boLi,bol̤i,boːɭɪ,a sweet,போளி,Food,words
ꢪꢬ꣄ꢒꢫ꣄ꢭꢵ ꢨꢸꢬ꣄ꢒꣁ,मर्कय्ला बुर्का॑,மிரிகய்லாபு4ர்கொ,markaylaa burko',markaylA burkO,markaylā burkŏ,məɾkəjlɑː buɾko,red chilly powder,மிளகாய்ப்பொடி,Food,words
ꢪꢴꢳꢶ ꢂꢪ꣄ꢜꢶ,म्हळि अम्टि,ம:ளி அம்டி,mhal'i amt'i,mhaLi amTi,mhal̤i amṭi,mɦəɭɪ əmʈɪ,fish curry,மீன்கறி,Food,words
ꢂꢠ꣄ꢜꢵ ꢂꢪ꣄ꢜꢶ,अण्डा अम्टि,அண்டா3 அம்டி,ant'aa amt'i,aNTA amTi,aṇṭā amṭi,əɳʈɑː əmʈɪ,egg curry,முட்டைக்கறி,Food,words
ꢂꢠ꣄ꢞꢵ ꢤꢶꢞꣁ,अण्डा धिडा॑,அண்டா3தி4டொ3,and'aa dhid'o',aNDA dhiDO,aṇḍā dhiḍŏ,əɳɖɑː d̪ʰɪɖo,egg dosa,முட்டைத் தோசை,Food,words
ꢗꢫ꣄ꢭꢶ,चय्लि,சைலி,chayli,cayli,cayli,t͡ʃəjlɪ,an eatable with rice and gram flour,முறுக்கு,Food,words
ꢡꢾꢥ꣄ꢡꢸꢭꣁ,त॑न्दुला॑,தெந்துலொ,te'ntulo',tEntulO,tĕntulŏ,t̪en̪t̪ulo,an eatable with rice and gram flour,முறுக்கு,Food,words
ꢂꢗ꣄ꢗꢸ ꢡꢾꢥ꣄ꢡꢸꢭꣁ,अच्चु त॑न्दुला॑,அச்சு தெந்துலொ,achchu te'ntulo',accu tEntulO,accu tĕntulŏ,ət͡ʃt͡ʃu t̪en̪t̪ulo,murukku prepared by machine,அச்சு முறுக்கு,Food,words
ꢲꢵꢡꢸ ꢡꢾꢥ꣄ꢡꢸꢭꣁ,हातु त॑न्दुला॑,ஹாது தெந்துலொ,haatu te'ntulo',hAtu tEntulO,hātu tĕntulŏ,ɦɑːt̪u t̪en̪t̪ulo,murukku prepared by hand,கை முறுக்கு,Food,words
ꢂꢥꢸꢙ꣄ꢛꣁ,अनुज्ना॑,அனுஜ்ஞொ,anujnyo',anujJO,anujñŏ,ən̪ud͡ʒɲo,licence,உரிமம்,Transport,words
ꢂꢥꢸꢪꢡꢶꢦ꣄ꢡ꣄ꢬꢸ,अनुमति पत्रु,அனுமதி பத்ரு,anumatiptru,anumatiptru,anumatiptru,ən̪umət̪ɪpt̪ɾu,licence,உரிமம்,Transport,words
ꢤꢪꢞ꣄ꢠꢵꢬ꣄,धमड्णार,த4மட்3ணார்,dhamad'naar,dhamaDNAr,dhamaḍṇār,d̪ʰəməɖɳɑːɾ,driver,ஓட்டுநர்,Transport,words
ꢣꣁꢮ꣄ꢜꢸꢥꢵꢬ꣄,दोव्टुनार,தொ3வ்டுனார்,do'vt'unaar,dOvTunAr,dŏvṭunār,d̪oʋʈun̪ɑːɾ,driver,ஓட்டுநர்,Transport,words
ꢏꢠ꣄ꢜ꣄ꢫ ꢦꣁꢔꢸꢮꢵꢜ꣄,आ॑ण्ट्यपोगुवाट,ஒண்ட்ய போகுவாட்,o'nt'ya po'guvaat',ONTya pOguvAT,ŏṇṭya pŏguvāṭ,oɳʈjə poguʋɑːʈ,one way traffic,ஒரு வழிப்பாதை,Transport,words
ꢔꢵꢫ꣄ ꢨꣁꢠ꣄ꢞꢶ,गायबा॑ण्डि,கொ3ருபொ3ண்டி3,gaay bo'nd'i,gAy bONDi,gāy bŏṇḍi,gɑːj boɳɖɪ,bullockcart,மாட்டு வண்டி,Transport,words
ꢥꣃꢒꣁ,नौका॑,நௌகொ,nauko',naukO,naukŏ,n̪əuko,ship,கப்பல்,Transport,words
ꢔꢵꢫ꣄ ꢨꣁꢠ꣄ꢞꢶ,गाय बा॑ण्डि,கா3ய் பொ3ண்டி3,gaay bo'nd'i,gAy bONDi,gāy bŏṇḍi,gɑːj boɳɖɪ,,,Transport,words
ꢕꣁꢣꢵ ꢨꣁꢠ꣄ꢞꢶ,घोडा बा॑ण्डि,கொ4டா3பொ3ண்டி3,gho'daa bo'nd'i,ghOdA bONDi,ghŏdā bŏṇḍi,gʰod̪ɑː boɳɖɪ,Horse cart,குதிரைவண்டி / ஜட்கா,Transport,words
ꢩꢵꢬ꣄ ꢡꢸꢒꢒꢸ꣄ꢥꢵꢬ꣄,भार्तुक्कुनार्,பா4ர் துக்குனார்,bhaar tukakunaar,bhAr tukakunAr,bhār tukak_ŭnār,bʰɑːɾ t̪ukəkun̪ɑːɾ,porter,கூலி,Transport,words
ꢩꣁꢠ꣄ꢠꢪ꣄,भा॑ण्णम,பொ4ண்ணம்,bho'nnam,bhONNam,bhŏṇṇam,bʰoɳɳəm,goods,சரக்கு,Transport,words
ꢱꢪꢵꢥ꣄,समान्,ஸமான்,samaan,samAn,samān,s̪əmɑːn̪,laggage,சாமானம்,Transport,words
ꢪꢵꢬ꣄ꢔꢸ,मार्गु,மார்கு3,maargu,mArgu,mārgu,mɑːɾgu,road,சாலை / தடம்,Transport,words
ꢬꢾꢱ꣄ꢡꣁ,रेस्ता॑,ரெஸ்தொ,re'sto',rEstO,rĕstŏ,ɾes̪t̪o,road,சாலை / தடம்,Transport,words
ꢫꢵꢡ꣄ꢬꢵ ꢗꢷꢜ꣄,यात्रा चीट,யாத்ரா சீட்,yaatraa cheet',yAtrA cIT,yātrā cīṭ,jɑːt̪ɾɑː t͡ʃiːʈ,ticket,சீட்டு,Transport,words
ꢩꢵꢬ꣄ ꢨꣁꢠ꣄ꢞꢶ,भार्बा॑ण्डि,பா4ர்பொ3ண்டி3,bhaar bo'nd'i,bhAr bONDi,bhār bŏṇḍi,bʰɑːɾ boɳɖɪ,lorry,சுமையுந்து,Transport,words
ꢪꢵꢒ꣄ꢬꢸꢪ꣄,माक्रुम्,மாக்கும்,maakrum,mAkrum,mākrum,mɑːkɾum,route,தடம்,Transport,words
ꢣꢠ꣄ꢞꢮꢵꢭꢪ꣄,तण्डवालम,தண்ட3வாளம்,dand'avaalam,daNDavAlam,daṇḍavālam,d̪əɳɖəʋɑːləm,rails,தண்டவாளம்,Transport,words
ꢗꢭ꣄ꢥꢶ ꢪꢶꢜ꣄ꢜꣁ,च्ल्नि मिट्टा॑,சல்னி மிட்டொ,chalni mit't'o',calni miTTO,calni miṭṭŏ,t͡ʃəln̪ɪ mɪʈʈo,platform,தளம்,Transport,words
ꢥꣃꢒꣁ ꢲꢶꢨ꣄ꢨꢥ꣄ꢬꢾꢪ꣄,नौका॑ हिब्बन्रेम,நௌகொ ஹிப்3ப3ன்ரேம்,nauko' hibbanre'm,naukO hibbanrEm,naukŏ hibbanrĕm,n̪əuko ɦɪbbən̪ɾem,harbour,துறைமுகம்,Transport,words
ꢡꣁꢬꢠ꣄ ꢔꢸꢰ꣄ꢜꢶ,ता॑रण गुष्टि,தொரண் கு3ஷ்டி,to'ran gusht'i,tOraN guSTi,tŏraṇ guṣṭi,t̪oɾəɳ guʂʈɪ,train,தொடர்வண்டி,Transport,words
ꢦꢥ꣄ꢗꢭꢶ,पन्चलि,பன்சலி,panchali,pancali,pancali,pən̪t͡ʃəlɪ,boat,தோணி,Transport,words
ꢦꢥ꣄ꢗꢭ꣄,पन्चल,பன்சல்,panchal,pancal,pancal,pən̪t͡ʃəl,boat,தோணி,Transport,words
ꢭꢵꢜ꣄ꢒꢶꢜ꣄ꢒꢶ,लाट्किट्कि,லாட்கிட்கி,laat'kit'ki,lATkiTki,lāṭkiṭki,lɑːʈkɪʈkɪ,anchor,நங்கூரம்,Transport,words
ꢗꢭꢞ꣄ꢥꢵꢬ꣄,चलड्नार,சலட்3னார்,chalad'naar,calaDnAr,calaḍnār,t͡ʃələɖn̪ɑːɾ,conductor,நடத்துநர்,Transport,words
ꢨꢸꢜꢥ꣄ ꢥꣃ,बुटन नौ,பு3டன்நௌ,but'an nau,buTan nau,buṭan nau,buʈən̪ n̪əu,submarine,நீர்மூழ்கிக் கப்பல்,Transport,words
ꢥꢶꢡ꣄ꢡ ꢮꢵꢜ꣄,नित्त वाट,நித்தவாட்,nitta vaat',nitta vAT,nitta vāṭ,n̪ɪt̪t̪ə ʋɑːʈ,direct route,நேர்வழி,Transport,words
ꢥꢵꢮ꣄,नाव,நாவ்,naav,nAv,nāv,n̪ɑːʋ,boat,படகு,Transport,words
ꢫꢵꢡ꣄ꢬꣁ,यात्रा॑,யாத்ரொ,yaatro',yAtrO,yātrŏ,jɑːt̪ɾo,journey,பயணம்,Transport,words
ꢫꢵꢡ꣄ꢬꢶꢒꢸꢥ꣄,यात्रिकुन,யாத்ரிகுன்,yaatrikun,yAtrikun,yātrikun,jɑːt̪ɾɪkun̪,passengers,பயணிகள்,Transport,words
ꢫꢵꢡ꣄ꢬꣁ,यात्रा॑,யாத்ரொ,yaatro',yAtrO,yātrŏ,jɑːt̪ɾo,Journey,பிரயாணம்,Transport,words
ꢫꢵꢡ꣄ꢬꢶꢥ꣄,यात्रिन्,யாத்ரின்,yaatrin,yAtrin,yātrin,jɑːt̪ɾɪn̪,Passenger,பிரயாணிகள்,Transport,words
ꢬꣀꢫꢶꢭ꣄ ꢨꣁꢠ꣄ꢜꢶ,रैयिल्बोण्टि,ரையில் பொ3ண்டி3,raiyil bo'nt'i,raiyil bONTi,raiyil bŏṇṭi,ɾəɪjɪl boɳʈɪ,train,புகை வண்டி,Transport,words
ꢬꣀꢫꢶꢭ꣄ ꢨꣁꢠ꣄ꢞꢶ,रैयिल्बोण्टि,ரைல்பொ3ண்டி ஹிப்பன் தா2ம்,raiyil bo'nd'i,raiyil bONDi,raiyil bŏṇḍi,ɾəɪjɪl boɳɖɪ,railway station,புகைவண்டி நிலையம்,Transport,words
ꢲꢶꢦ꣄ꢦꢥ꣄꣄ ꢢꢵꢪ꣄,हिप्पन थाम्,ரைல்பொ3ண்டி ஹிப்பன் தா2ம்,hippan thaam,hippan thAm,hippan thām,ɦɪppən̪ t̪ʰɑːm,railway station,புகைவண்டி நிலையம்,Transport,words
ꢨꢱ꣄,बस्,ப3ஸ்,bas,bas,bas,bəs̪,bus,பேருந்து,Transport,words
ꢨꢱ꣄ ꢱ꣄ꢢꢭ꣄,बस्स्थल,ப3ஸ் ஸ்த2ல்,bas sthal,bas sthal,bas sthal,bəs̪ s̪t̪ʰəl,bus stand,பேருந்து நிலையம்,Transport,words
ꢂꢮ꣄ꢥꢶ ꢙꢥꢶ,अव्नि जनि,அவ்னி ஜனி,avni jani,avni jani,avni jani,əʋn̪ɪ d͡ʒən̪ɪ,transport,போக்குவரத்து,Transport,words
ꢔꣁꢬꢸꢨꣁꢠ꣄ꢜꢶ,गा॑रु बा॑ण्टि,கொ3ருபொ3ண்டி,go'rubo'nt'i,gOrubONTi,gŏrubŏṇṭi,goɾuboɳʈɪ,bullock cart,மாட்டுவண்டி,Transport,words
ꢦꢛBꢗꢸꢭꢵ ꢨꣁꢠ꣄ꢜꢶ,पञ्चुला बा॑ण्टि,பஞ்சலாபொ3ண்டி,panyaBchulaa bo'nt'i,paJaBculA bONTi,pañaBculā bŏṇṭi,pəɲəBt͡ʃulɑː boɳʈɪ,cycle,மிதிவண்டி,Transport,words
ꢮꢶꢣ꣄ꢫꢸꢡ꣄ꢡꣁꢬꢠ꣄ ꢔꢸꢰ꣄ꢜꢶ,विद्युत्तोरण गुष्टि,வித்3யுத்தொரண் கு3ஷ்டி,vidyutto'ran gusht'i,vidyuttOraN guSTi,vidyuttŏraṇ guṣṭi,ʋɪd̪jut̪t̪oɾəɳ guʂʈɪ,electric train,மின்சாரவண்டி,Transport,words
ꢫꢵꢡ꣄ꢬꢵ,यात्रा॑,யாத்ரொ,yaatraa,yAtrA,yātrā,jɑːt̪ɾɑː,journey,யாத்திரை,Transport,words
ꢨꣁꢠ꣄ꢜꢶ,बा॑ण्डि,பொ3ண்டி3,bo'nt'i,bONTi,bŏṇṭi,boɳʈɪ,vehicle,வண்டி,Transport,words
ꢨꣁꢠ꣄ꢞꢶ,बा॑ण्डि,பொ3ண்டி3,bo'nd'i,bONDi,bŏṇḍi,boɳɖɪ,vehicle,வாகனம்,Transport,words
ꢂꢒꢵꢰ꣄ ꢔꢸꢰ꣄ꢜꢶ,अकाष्गुष्टि,அகாஷ் கு3ஷ்டி,akaash gusht'i,akAS guSTi,akāṣ guṣṭi,əkɑːʂ guʂʈɪ,aeroplane,விமானம்,Transport,words
ꢂꢒꢵꢱꢸ ꢫꢵꢥ꣄,अकाषु यान,அகாஷு யான்,akaasu yaan,akAsu yAn,akāsu yān,əkɑːs̪u jɑːn̪,aeroplane,விமானம்,Transport,words
ꢕꢹꢜꢸ ꢨꣁꢠ꣄ꢜꢶ,घूटु बा॑ण्टि,கூ4டு பொ3ண்டி3,ghoot'u bo'nt'i,ghUTu bONTi,ghūṭu bŏṇṭi,gʰuːʈu boɳʈɪ,covered cart,வில்வண்டி,Transport,words
ꢂꢒꢵꢰ꣄ꢔꢸꢰ꣄꣎ꢜꢶ ꢬꢿꢪ꣄,अकाष्गुष्टि रेम,அகாஷ்கு3ஷ்டிரேம்,akaashgush.t'i rem,akASguS.Ti rem,akāṣguṣ.ṭi rem,əkɑːʂguʂ.ʈɪ ɾeːm,aerodrome,விமானநிலையம்,Transport,words
ꢂꢒꢵꢰ꣄ꢔꢸꢰ꣄ꢜꢶ ꢱꢵꢬꢡꢶ,अकाष्गुष्टि सारति,அகாஷ்கு3ஷ்டிசாரதி,akaashgusht'i saarati,akASguSTi sArati,akāṣguṣṭi sārati,əkɑːʂguʂʈɪ s̪ɑːɾət̪ɪ,pilot,விமானி,Transport,words
ꢮꢿꢒꢸ ꢔꢸꢰ꣄ꢜꢶ,वेकु गुष्टि,வேகு3 கு3ஷ்டி,veku gusht'i,veku guSTi,veku guṣṭi,ʋeːku guʂʈɪ,express bus,விரைவு வண்டி,Transport,words
ꢕꣁꢞꢵ ꢨꣁꢠ꣄ꢜꢶ,घा॑डा बा॑ण्टि,கொ4டா3 பொ3ண்டி3,gho'd'aa bo'nt'i,ghODA bONTi,ghŏḍā bŏṇṭi,gʰoɖɑː boɳʈɪ,,,Transport,words
ꢨꢾꢫ꣄,ब॑य्,பெ3ய்,be'y,bEy,bĕy,bej,elder sister,அக்கா,Kinship,words
ꢣꢣꣁ,ददा॑,த3தொ3,dado',dadO,dadŏ,d̪əd̪o,elder brother,அண்ணன்,Kinship,words
ꢩꢮꢶ,भवि,ப4வி,bhavi,bhavi,bhavi,bʰəʋɪ,elder brother’s wife,அண்ணி,Kinship,words
ꢩꢮꣁ,भवा॑,ப4வொ,bhavo',bhavO,bhavŏ,bʰəʋo,brother in law,அத்தான்,Kinship,words
ꢧꢸꢄ~,फुइ~,பு2இ~,phui~,phui~,phui~,pʰuɪ~,aunty,அத்தை,Kinship,words
ꢂꢪ꣄ꢪꣁ,अम्मा॑,அம்மொ,ammo',ammO,ammŏ,əmmo,father’s mother,அப்பத்தா,Kinship,words
ꢨꣂ,बो,போ3,bo,bo,bo,boː,father,அப்பா / தந்தை தகப்பன்,Kinship,words
ꢨꢵꢦ꣄,बाप्,பா3ப்,baap,bAp,bāp,bɑːp,father,அப்பா / தந்தை தகப்பன்,Kinship,words
ꢂꢪ꣄ꢨꣁ,अम्बा॑,அம்பொ3,ambo',ambO,ambŏ,əmbo,mother,அம்மா /அன்னை,Kinship,words
ꢂꢙ꣄ꢙꢶ,अज्जि,அஜ்ஜி,ajji,ajji,ajji,əd͡ʒd͡ʒɪ,mother`s mother,அம்மாச்சி / ஆச்சி,Kinship,words
ꢂꢙ꣄ꢙꢶ ꢂꢪ꣄ꢨꣁ,अज्जि अम्बा॑,அஜ்ஜிஅம்பொ3,ajji ambo',ajji ambO,ajji ambŏ,əd͡ʒd͡ʒɪ əmbo,grand mother`s mother,ஆத்தா,Kinship,words
ꢒꢵꢪ꣄ ꢒꢾꢬ꣄ꢡ꣄ꢡꢶꢥ꣄,काम क॑र्त्तिन्,காம் கெர்த்தின்,kaam ke'rttin,kAm kErttin,kām kĕrttin,kɑːm keɾt̪t̪ɪn̪,Care taker,ஆயா,Kinship,words
ꢱꢾꢥ꣄ꢡꣁꢙꢶꢥ꣄,स॑न्ता॑जिन,ஸெந்தொஜின்,se'nto'jin,sEntOjin,sĕntŏjin,s̪en̪t̪od͡ʒɪn̪,brothers and sisters,உடன் பிறப்புகள்,Kinship,words
ꢨꣀꢨꢾꢫ꣄ꢥꢾꢥ꣄,भै भेय्न॑न,பை4 பெ4ய்னென்,baibe'yne'n,baibEynEn,baibĕynĕn,bəɪbejn̪en̪,brothers and sisters,உடன் பிறப்புகள்,Kinship,words
ꢨꢥ꣄ꢤꢸꢙꢾꢥꢵꢥ꣄,बन्धुज॑नान,ப3ந்து4ஜெனான்,bandhuje'naan,bandhujEnAn,bandhujĕnān,bən̪d̪ʰud͡ʒen̪ɑːn̪,relatives,"உறவினர், சொந்தங்கள்",Kinship,words
ꢐꢱ꣄ꢡꢸꢥ꣄,आ॑स्तुन,ஒஸ்துன்,ostun,ostun,ostun,oːs̪t̪un̪,relatives,"உறவினர், சொந்தங்கள்",Kinship,words
ꢨꢥ꣄ꢣꢸꢦꢥ꣄,बन्धुपन,ப3ந்து4பன்,bandupan,bandupan,bandupan,bən̪d̪upən̪,relationship,"உறவு, சொந்தம்",Kinship,words
ꢏꢱ꣄ꢡꢸ,आ॑स्तु,ஒஸ்து,o'stu,Ostu,ŏstu,os̪t̪u,relationship,"உறவு, சொந்தம்",Kinship,words
ꢣꢾꢮ꣄ꢬꢥꢶ ꢚꢾꢞꢥꢶꢥ꣄,देव्रन्,தெ3வ்ரன்ஜெ2டனின்,de'vrani jhe'd'anin,dEvrani jhEDanin,dĕvrani jhĕḍanin,d̪eʋɾən̪ɪ d͡ʒʰeɖən̪ɪn̪,Co-sisters,ஓரகத்தி,Kinship,words
ꢣꢭ꣄ꢭꣁ,दल्ला॑,த3ல்லொ,dallo',dallO,dallŏ,d̪əllo,husband,"கணவன், புருஷன்",Kinship,words
ꢦꢡꢶ,पति,பதி,pati,pati,pati,pət̪ɪ,husband,"கணவன், புருஷன்",Kinship,words
ꢩꢬ꣄ꢡꣁ,भर्ता॑,ப4ர்தொ,bharto',bhartO,bhartŏ,bʰəɾt̪o,husband,"கணவன், புருஷன்",Kinship,words
ꢂꢪ꣄ꢨꢸꢭꣁ,अम्बुला॑,அம்பு3லொ,ambulo',ambulO,ambulŏ,əmbulo,husband,"கணவன், புருஷன்",Kinship,words
ꢦꢶꢭ꣄ꢭꣁ,पिल्ला॑,பில்லொ,pillo',pillO,pillŏ,pɪllo,child,குழந்தை,Kinship,words
ꢨꢵꢳꢸ,बाळु,பா3ளு,baal'u,bALu,bāl̤u,bɑːɭu,child,குழந்தை,Kinship,words
ꢥꢴꢸꢬꢸ,न्हुरु,நு:ரு,nhuru,nhuru,nhuru,n̪ɦuɾu,child,குழந்தை,Kinship,words
ꢨꢵ ꢂꢙ꣄ꢙꣁ,बा अज्जा॑,பா3 அஜ்ஜொ,baa ajjo',bA ajjO,bā ajjŏ,bɑː əd͡ʒd͡ʒo,great grand father,கொள்ளுத்தாத்தா,Kinship,words
ꢨꢵ ꢂꢙ꣄ꢙꢶ,बा अज्जि,பா3 அஜ்ஜி,baa ajji,bA ajji,bā ajji,bɑː əd͡ʒd͡ʒɪ,great grand mother,கொள்ளுப்பாட்டி,Kinship,words
ꢦꣁꢥ꣄ ꢥꢡꢶꢥꢶ,पा॑न् नतिनि,பொன் நதினி,po'n natini,pOn natini,pŏn natini,pon̪ n̪ət̪ɪn̪ɪ,grandson`s daughter,கொள்ளுப்பேத்தி,Kinship,words
ꢦꣁꢥ꣄ꢥꢡ꣄ꢡꢾ,पा॑न्नत्त॑,பொன்நத்தெ,po'nnatte',pOnnattE,pŏnnattĕ,pon̪n̪ət̪t̪e,grandson`s son,கொள்ளுப்பேரன்,Kinship,words
ꢣꢾꢮꢬ꣄,द॑वर्,தெ3வர்,de'var,dEvar,dĕvar,d̪eʋəɾ,husband,கொழுந்தன்,Kinship,words
ꢥꢾꢥꢥ꣄ꢡꢸ,न॑नन्तु,நெனந்து3,ne'nantu,nEnantu,nĕnantu,n̪en̪ən̪t̪u,wife`s younger sister,கொழுந்தி,Kinship,words
ꢥꢿꢥ꣄ꢣꢸ,नेन्दु,நேந்து3,nendu,nendu,nendu,n̪eːn̪d̪u,wife`s younger sister,கொழுந்தி,Kinship,words
ꢱꣁꢮꢡ꣄,सा॑वत्,ஸொவத்,so'vat,sOvat,sŏvat,s̪oʋət̪,co-wife,சக்களத்தி,Kinship,words
ꢱꢾꢬ꣄ꢔꢸꢜ꣄,सा॑र्गुट,ஸொர்கு3ட்,se'rgut',sErguT,sĕrguṭ,s̪eɾguʈ,co-brother,சகலப்பாடி,Kinship,words
ꢱꢞ꣄ꢔꢸꢜ꣄,सड्गुट,ஸட்3கு3ட்,sad'gut',saDguT,saḍguṭ,s̪əɖguʈ,co-brother,சகலப்பாடி,Kinship,words
ꢱꢾꢖ꣄ꢒꣁ ꢆꢙꢾꢱ꣄ꢡꢾꢥꣁ,स॑ङ्का॑ उज॑स्त॑ना॑,ஸெங்கொ உஜெஸ்தெனொ,se'nko' uje'ste'no',sEGkO ujEstEnO,sĕṅkŏ ujĕstĕnŏ,s̪eŋko ud͡ʒes̪t̪en̪o,brother,சகோதரன்,Kinship,words
ꢩꣀ,भै,பை4,bhai,bhai,bhai,bʰəɪ,brother,சகோதரன்,Kinship,words
ꢱꢾꢖ꣄ꢒꣁ ꢆꢙꢾꢱ꣄ꢡꢶꢥꣁ,स॑ङ्का॑ उज॑स्तिना॑,ஸெங்கொ உஜிஸ்தினொ,se'nko' uje'stino',sEGkO ujEstinO,sĕṅkŏ ujĕstinŏ,s̪eŋko ud͡ʒes̪t̪ɪn̪o,sister,சகோதரி,Kinship,words
ꢩꢾꢫ꣄ꢥ꣄,भ॑य्न्,பெ4ய்ன்,bhe'yn,bhEyn,bhĕyn,bʰejn̪,sister,சகோதரி,Kinship,words
ꢮꢾꢱꢶꢥ꣄ꢡꢶ,व॑सिन्ति,வெஸிந்தி3,ve'sinti,vEsinti,vĕsinti,ʋes̪ɪn̪t̪ɪ,relatives by marriage,சம்பந்திகள்,Kinship,words
ꢮꢾꢱꢶꢥ꣄ꢡꢶꢥ꣄,व॑सिन्तिन्,வெஸிந்தி3ன்,ve'sintin,vEsintin,vĕsintin,ʋes̪ɪn̪t̪ɪn̪,relatives by marriage,சம்பந்திகள்,Kinship,words
ꢥꢴꢥ꣄ꢥꢨꣂ,न्हन्नबा॑,ந:ன்னபோ3,nhannabo,nhannabo,nhannabo,n̪ɦən̪n̪əboː,father’s younger brother,சித்தப்பா,Kinship,words
ꢒꢒꣁ,कका॑,ககொ,kako',kakO,kakŏ,kəko,father’s younger brother,சித்தப்பா,Kinship,words
ꢪꣃꢱꢶ,मौसि,மௌஸி,mausi,mausi,mausi,məus̪ɪ,"mother`s younger sister, stepmother",சித்தி,Kinship,words
ꢥꢴꢥ꣄ꢥꢪ꣄ꢨꣂ,न्हन्नम्बो,ந:ன்னம்போ3,nhannambo,nhannambo,nhannambo,n̪ɦən̪n̪əmboː,"mother`s younger sister, stepmother",சின்னம்மா,Kinship,words
ꢩꢾꢫ꣄ꢥ꣄,भ॑य्न्,பெ4ய்ன்,bhe'yn,bhEyn,bhĕyn,bʰejn̪,younger sister,தங்கை,Kinship,words
ꢨꣀꢫ꣄,बैय्,பை3ய்,baiy,baiy,baiy,bəɪj,elder brother,தமயன்,Kinship,words
ꢨꢾꢜꣁ,ब॑टा॑,பெ3டொ,be't'o',bETO,bĕṭŏ,beʈo,son,தனயன்,Kinship,words
ꢂꢫ꣄ꢫꣂ,अय्या॑,அய்யொ,ayyo,ayyo,ayyo,əjjoː,grandfather,தாத்தா/ பாட்டன்,Kinship,words
ꢂꢪ꣄ꢪꣁ,अम्मा॑,அம்மொ,ammo',ammO,ammŏ,əmmo,mother,தாய்,Kinship,words
ꢂꢙ꣄ꢙꣁ,अज्जा॑,அஜ்ஜொ,ajjo',ajjO,ajjŏ,əd͡ʒd͡ʒo,great grand father,கொள்ளுத்தாத்தா,Kinship,words
ꢡꢭ꣄ꢭꣂ,तल्ला॑,த3ல்லொ,tallo,tallo,tallo,t̪əlloː,husband,கணவன்,Kinship,words
ꢂꢖ꣄ꢒꢿꢬ꣄ ꢨꣁ,अङक॑र् बो,அங்கெர் போ,anker bo',aGker bO,aṅker bŏ,əŋkeːɾ bo,grandfather,தாத்தா/ பாட்டன்,Kinship,words
ꢂꢖ꣄ꢒꢿꢬꢪ꣄ꢨꣁ꣄,अङक॑रम्बो,அங்கெரம்போ,ankerambo',aGkerambO,aṅkerambŏ,əŋkeːɾəmbo,mother`s mother,அம்மாச்சி / ஆச்சி,Kinship,words
ꢨꢾꢫ꣄ꢭ꣄,ब॑य्ल,பெ3ய்ல்,be'yl,bEyl,bĕyl,bejl,wife,பெண்டாட்டி,Kinship,words
ꢨꣀꢭ꣄,बैल,பை3ல்,bail,bail,bail,bəɪl,wife,பெண்டாட்டி,Kinship,words
ꢩꢵꢬꢶ,भारि,பா4ரி,bhaari,bhAri,bhāri,bʰɑːɾɪ,wife,பெண்டாட்டி,Kinship,words
ꢩꢵꢬꢶꢫꣁ,भारिया॑,பா4ரியொ,bhaariyo',bhAriyO,bhāriyŏ,bʰɑːɾɪjo,wife,பெண்டாட்டி,Kinship,words
ꢱꢡꢶ,सति,ஸதி,sati,sati,sati,s̪ət̪ɪ,wife,பெண்டாட்டி,Kinship,words
ꢪꢴꣁꢜ꣄ꢜ ꢨꣂ,म्हा॑ट्टबो,மொ:ட்டபோ3,mho't't'a bo,mhOTTa bo,mhŏṭṭa bo,mɦoʈʈə boː,father`s elder brother,பெரியப்பா,Kinship,words
ꢪꣁꢜ꣄ꢜꢪ꣄ ꢨꣂ,म्हा॑ट्टम्बो,மொ:ட்டம்போ3,mo't't'am bo,mOTTam bo,mŏṭṭam bo,moʈʈəm boː,mother,பெரியம்மா,Kinship,words
ꢪꢵꢫ꣄ꢨꢵꢦ꣄,माय्बाप,மாய்பா3ப்,maaybaap,mAybAp,māybāp,mɑːjbɑːp,parents,பெற்றோர்,Kinship,words
ꢂꢪ꣄ꢨꣁ ꢨꣂ,अम्बा॑बो,அம்பொ3போ3,ambo' bo,ambO bo,ambŏ bo,əmbo boː,parents,பெற்றோர்,Kinship,words
ꢥꢡꢶꢥꢶ,नतिनि,நதினி,natini,natini,natini,n̪ət̪ɪn̪ɪ,grand daughter,பேத்தி,Kinship,words
ꢥꢡ꣄ꢡꢾ,नत्त॑,நத்தெ,natte',nattE,nattĕ,n̪ət̪t̪e,grand son,பேரன்,Kinship,words
ꢨꢾꢜꢶ,ब॑टि,பெ3டி,be't'i,bETi,bĕṭi,beʈɪ,daughter,மகள்,Kinship,words
ꢱꢳꣁ,सळा॑,ஸளொ,sal'o',saLO,sal̤ŏ,s̪əɭo,brother - in - law,மச்சான்,Kinship,words
ꢩꣁꢮ꣄ꢠ꣄ꢜꢶ,भोवण्टि,பொ4வ்ண்டி3,bho'vnt'i,bhOvNTi,bhŏvṇṭi,bʰoʋɳʈɪ,daughter in law,மருமகள்,Kinship,words
ꢙꣁꢪꣀ,जा॑मै,ஜொமை,jo'mai,jOmai,jŏmai,d͡ʒoməɪ,son in law,மருமகன்,Kinship,words
ꢨꢾꢫ꣄ꢭ꣄,ब॑य्ल्,பெ3யின்,be'yl,bEyl,bĕyl,bejl,sister,தங்கை,Kinship,words
ꢪꢪꣁ,ममा॑,மமொ,mamo',mamO,mamŏ,məmo,uncle,மாமன்,Kinship,words
ꢱꣁꢱꢸꢬꣁ,सा॑सुरा॑,ஸொஸுரொ,so'suro',sOsurO,sŏsurŏ,s̪os̪uɾo,father in law,மாமனார்,Kinship,words
ꢪꢪꢶ,ममि,மமி,mami,mami,mami,məmɪ,aunt,மாமி,Kinship,words
ꢱꢱꢸ,ससु,ஸஸு,sasu,sasu,sasu,s̪əs̪u,mother in law,மாமியார்,Kinship,words
ꢱꢭꣂ,सलो,ஸலொ,salo,salo,salo,s̪əloː,,,Kinship,words
ꢏꢳ꣄ꢞꢸꢥ꣄,आ॑ळ्डुन्,ஒள்டு3ன்,o'l'd'un,OLDun,ŏl̤ḍun,oɭɖun̪,,முன்னோர்,Kinship,words
ꢂꢖ꣄ꢔꢸꢱꣁ,अङ्गुसा॑,அங்கு3ஸொ,anguso',aGgusO,aṅgusŏ,əŋgus̪o,iron rod of mahout,அங்குசம்,Profession,words
ꢪꢸꢣ꣄ꢬꢠꢱꢵꢭꣁ,मुद्रणसाला॑,முத்3ரணஸாலொ,mudranasaalo',mudraNasAlO,mudraṇasālŏ,mud̪ɾəɳəs̪ɑːlo,printing press,அச்சகம்,Profession,words
ꢥꢶꢪ꣄ꢦꢶꢥꢶ,निम्पिनि,நிம்பினி,nimpini,nimpini,nimpini,n̪ɪmpɪn̪ɪ,printing,அச்சடிப்பு,Profession,words
ꢪꢸꢣ꣄ꢬꢠꣁ,मुद्रणा॑,முத்3ரணொ,mudrano',mudraNO,mudraṇŏ,mud̪ɾəɳo,printing,அச்சடிப்பு,Profession,words
ꢥꢶꢪ꣄ꢦꢶꢥꢶꢮꢵꢥ꣄,निम्पिनिवान,நிம்பினிவான்,nimpinivaan,nimpinivAn,nimpinivān,n̪ɪmpɪn̪ɪʋɑːn̪,printer,அச்சிடுபவர்,Profession,words
ꢪꢸꢣ꣄ꢬꢠꣁ ꢒꢾꢬ꣄ꢥꢵꢬ꣄,मुद्रणा॑ क॑र्नार,முத்3ரணொ கெர்னார்,mudrano' ke'rnaar,mudraNO kErnAr,mudraṇŏ kĕrnār,mud̪ɾəɳo keɾn̪ɑːɾ,printer,அச்சிடுபவர்,Profession,words
ꢦꢡ꣄ꢬꢮꢵꢲꢒꣁ,पत्रवाहका॑,பத்ரவாஹகொ,patravaahako',patravAhakO,patravāhakŏ,pət̪ɾəʋɑːɦəko,post man,அஞ்சல்காரர்,Profession,words
ꢦꢡ꣄ꢬꢮꢵꢲꣁ,पत्रवाहा॑,பத்ரவாஹொ,patravaaho',patravAhO,patravāhŏ,pət̪ɾəʋɑːɦo,post man,அஞ்சல்காரர்,Profession,words
ꢭꢾꢓꢸꢮꢵꢥ꣄,लेखुवान,லேகு2வான்,le'khuvaan,lEkhuvAn,lĕkhuvān,lekʰuʋɑːn̪,post man,அஞ்சல்காரர்,Profession,words
ꢮꢵꢭ꣄ꢮꢸ,वाल्वु,வால்வு,vaalvu,vAlvu,vālvu,ʋɑːlʋu,valve,அடைப்பிதழ்/வால்வு,Profession,words
ꢚꢔꢶ ꢲꢸꢔꢸꢞꢵꢮ꣄,झगि हुगुडाव,ஜ2கி3ஹுகு3டா3வ்,jhagi hugud'aav,jhagi huguDAv,jhagi huguḍāv,d͡ʒʰəgɪ ɦuguɖɑːʋ,valve,அடைப்பிதழ்/வால்வு,Profession,words
ꢮꢬꢶꢞꣁ,वरिडा॑,வரிடொ3,varid'o',variDO,variḍŏ,ʋəɾɪɖo,barber,அம்பட்டன்,Profession,words
ꢮꢫꢞꢾ,वयड॑,வய்டெ3,vayad'e',vayaDE,vayaḍĕ,ʋəjəɖe,barber,அம்பட்டன்,Profession,words
ꢥꢶꢥꢵꢮ꣄ ꢒꢾꢬ꣄ꢥꢵꢮ꣄,निनाव क॑र्नाव,நி:னாவ் கெர்னாவ்,ninaav ke'rnaav,ninAv kErnAv,nināv kĕrnāv,n̪ɪn̪ɑːʋ keɾn̪ɑːʋ,file,அரம்,Profession,words
ꢒꢡ꣄ꢒꣁ,कत्का॑,கத்கொ,katko',katkO,katkŏ,kət̪ko,sickle,அரிவாள்,Profession,words
ꢒꢒ꣄ꢒꣁ,कक्का॑,கக்கொ,kakko',kakkO,kakkŏ,kəkko,sickle,அரிவாள்,Profession,words
ꢧꢱꢭ꣄ ꢒꢜꢱ꣄ꢡꢾ,फसल कटस्ते,ப2ஸல் கடஸ்தே,phasal kat'aste',phasal kaTastE,phasal kaṭastĕ,pʰəs̪əl kəʈəs̪t̪e,harvest,அறுவடை,Profession,words
ꢲꣁꢞꢫ꣄ꢡ꣄,हा॑डय्त,ஹொட3ய்த்,ho'd'ayt,hODayt,hŏḍayt,ɦoɖəjt̪,carpenter,ஆசாரி / தச்சன்,Profession,words
ꢃꢠꢶ,आणि,ஆணி,aani,ANi,āṇi,ɑːɳɪ,nail,ஆணி,Profession,words
ꢄꢜ꣄ꢒꢶ,इट्कि,இட்கி,it'ki,iTki,iṭki,ɪʈkɪ,tongs,இடுக்கி,Profession,words
ꢔꢮ꣄ꢬꢶ,गव्रि,க3வ்ரி,gavri,gavri,gavri,gəʋɾɪ,shepherd,இடைச்சி,Profession,words
ꢔꣁꢭ꣄ꢭꢬꢶꢥ꣄,गोल्लरिन,கொ3ல்லரின்,go'llarin,gOllarin,gŏllarin,golləɾɪn̪,shepherd,இடைச்சி,Profession,words
ꢔꣁꢮ꣄ꢭꢶ,का॑व्लि,கொ3வ்லி,go'vli,gOvli,gŏvli,goʋlɪ,shepherd,இடைச்சி,Profession,words
ꢔꢮ꣄ꢬꢸ,गव्रु,க3வ்ரு,gavru,gavru,gavru,gəʋɾu,shepherd,இடையன்,Profession,words
ꢔꣁꢮ꣄ꢭꣁ,गा॑व्ला॑,கொ3வ்லொ,go'vlo',gOvlO,gŏvlŏ,goʋlo,shepherd,இடையன்,Profession,words
ꢱꢪ꣄ꢫꣂꢙꢒꣁ,स्म्योजका॑,ஸம்யோஜகொ,samyojako',samyojakO,samyojakŏ,s̪əmjoːd͡ʒəko,co-ordinator,இணைப்பாளர்,Profession,words
ꢃꢱꢥꣁ,आसना॑,ஆஸனொ,aasano',AsanO,āsanŏ,ɑːs̪ən̪o,seat,இருக்கை,Profession,words
ꢦꢷꢝꢪ꣄,फीटम,பீட2ம்,peet'ham,pITham,pīṭham,piːʈʰəm,seat,இருக்கை,Profession,words
ꢥꢶꢮꢵꢬꢠꣁ,निवारणा॑,நிவாரணொ,nivaarano',nivAraNO,nivāraṇŏ,n̪ɪʋɑːɾəɳo,compensation,இழப்பீடு,Profession,words
ꢡꢵꢡ꣄,तात,தாத்,taat,tAt,tāt,t̪ɑːt̪,fibre,இழை,Profession,words
ꢡꢵꢒ꣄,ताक,தாக்,taak,tAk,tāk,t̪ɑːk,fibre,இழை,Profession,words
ꢆꢬ꣄ꢮꢬꣁ,उर्वरा॑,உர்வரொ,urvaro',urvarO,urvarŏ,uɾʋəɾo,fertilizer,உரம்,Profession,words
ꢆꢬꣁ,उरा॑,உரொ,uro',urO,urŏ,uɾo,fertilizer,உரம்,Profession,words
ꢤꢸꢭ꣄ꢞꣁ,धुल्डा॑,து4ள்டொ3,dhuld'o',dhulDO,dhulḍŏ,d̪ʰulɖo,cylinder,உருளை,Profession,words
ꢡꢹꢬ꣄,तूर,தூர்,toor,tUr,tūr,t̪uːɾ,cylinder,உருளை,Profession,words
ꢒꢱꢮ꣄ꢜꢶ,कसव्टि,கஸவ்டி,kasavt'i,kasavTi,kasavṭi,kəs̪əʋʈɪ,touch stone,உரைகல்,Profession,words
ꢔꣁꢱꢸꢥꢵꢮꢸ ꢣꢾꢫ꣄ꢞꣁ,ग॑सुनावु द॑य्डा॑,கெ3ஸுனாவு தெ3ய்டொ3,go'sunaavu de'yd'o',gOsunAvu dEyDO,gŏsunāvu dĕyḍŏ,gos̪un̪ɑːʋu d̪ejɖo,touch stone,உரைகல்,Profession,words
ꢗꢸꢭ꣄ꢭꣁ,चुल्ला॑,சுல்லொ,chullo',cullO,cullŏ,t͡ʃullo,fire place,உலை,Profession,words
ꢙꢸꢥꢡ꣄ꢥꢵꢬ꣄,जुनत्नार,ஜுனத்னார்,junatnaar,junatnAr,junatnār,d͡ʒun̪ət̪n̪ɑːɾ,farmer,உழவன்,Profession,words
ꢥꢖ꣄ꢔꢸꢥꢵꢬ꣄,नङ्गुनार,நங்கு3னார்,nangunaar,naGgunAr,naṅgunār,n̪əŋgun̪ɑːɾ,farmer,உழவன்,Profession,words
ꢒꢬ꣄ꢰ꣄ꢠꢵꢬ꣄,कर्ष्णार,கர்ஷ்ணார்,karshnaar,karSNAr,karṣṇār,kəɾʂɳɑːɾ,farmer,உழவன்,Profession,words
ꢒ꣄ꢬꢸꢰꢶ,क्रुषि,க்ருஷி,krushi,kruSi,kruṣi,kɾuʂɪ,farmer,உழவன்,Profession,words
ꢜꢖ꣄ꢒꢸ,टङ्कु,டங்கு,t'anku,TaGku,ṭaṅku,ʈəŋku,chisel,உளி,Profession,words
ꢱꢶꢮꢶ,सिवि,ஸிவி,sivi,sivi,sivi,s̪ɪʋɪ,needle,ஊசி,Profession,words
ꢧꢸꢥꢳꢶ,फुनळि,பு2னளி,phunal'i,phunaLi,phunal̤i,pʰun̪əɭɪ,blow pipe,ஊதுகுழல்,Profession,words
ꢱꢿꢮꣁ,सेवो,ஸேவோ,sevo',sevO,sevŏ,s̪eːʋo,,,Profession,words
ꢢꢿꢡꢸ ꢱꢡ꣄ꢡꢸ,खेतु सत्तु,கே2து ஸத்து,thetu sattu,thetu sattu,thetu sattu,t̪ʰeːt̪u s̪ət̪t̪u,manure,எரு,Profession,words
ꢱꢿꢥ꣄,म्स्तु,மஸ்து,sen,sen,sen,s̪eːn̪,manure,எரு,Profession,words
ꢒꢜꢶ ꢣꢾꢮ꣄ꢱꢶꢥꢶ,कटि द॑व्सिनि,கடி தெ3வ்ஸினி,kat'i de'vsini,kaTi dEvsini,kaṭi dĕvsini,kəʈɪ d̪eʋs̪ɪn̪ɪ,grafting,ஒட்டுமுறை,Profession,words
ꢪꢶꢳꢞ꣄ꢠꢶ,मिळड्णि,மிளட்3ணி,mil'ad'ni,miLaDNi,mil̤aḍṇi,mɪɭəɖɳɪ,grafting,ஒட்டுமுறை,Profession,words
ꢱꢶꢖ꣄ꢔꢬ꣄ꢭꢶꢥꢶ,सङ्गर्लिनि,ஸிங்க3ர்லினி,singarlini,siGgarlini,siṅgarlini,s̪ɪŋgəɾlɪn̪ɪ,make up,ஒப்பனை,Profession,words
ꢤꣁꢥꢶ ꢦꢛ꣄ꢙꢷꢒꢬꢠꣁ,धा॑नि पञ्जीकरणा॑,தொ4னி பஞ்ஜீகரணொ,dho'ni panjeekarano',dhOni paJjIkaraNO,dhŏni pañjīkaraṇŏ,d̪ʰon̪ɪ pəɲd͡ʒiːkəɾəɳo,sound recording,ஒலிப்பதிவு,Profession,words
ꢤꣁꢥꢶ ꢤꢾꢬ꣄ꢥꢶ,धा॑नि ध॑र्नि,தொ4னி தெ4ர்னி,dho'ni dhe'rni,dhOni dhErni,dhŏni dhĕrni,d̪ʰon̪ɪ d̪ʰeɾn̪ɪ,sound recording,ஒலிப்பதிவு,Profession,words
ꢬꢹꢦꢸ ꢦꢛ꣄ꢙꢷꢒꢬꢠꣁ,रूप पञ्जीकरणा॑,ரூபு பஞ்ஜீகரணொ,roopu panjeekarano',rUpu paJjIkaraNO,rūpu pañjīkaraṇŏ,ɾuːpu pəɲd͡ʒiːkəɾəɳo,photography,ஒளிப்பதிவு,Profession,words
ꢬꢹꢦꢸ ꢤꢾꢬ꣄ꢥꢶ,रूपु धेर्नि,ரூபு தெ4ர்னி,roopu dhe'rni,rUpu dhErni,rūpu dhĕrni,ɾuːpu d̪ʰeɾn̪ɪ,photography,ஒளிப்பதிவு,Profession,words
ꢣꣁꢮ꣄ꢞꢸꢥꢵꢬ꣄,दा॑व्डुनार,தொ3வ்டு3னார்,do'vd'unaar,dOvDunAr,dŏvḍunār,d̪oʋɖun̪ɑːɾ,driver,ஓட்டுநர்,Profession,words
ꢱꢵꢬꢤꢶ,सारथि,ஸாரதி2,saaradhi,sAradhi,sāradhi,s̪ɑːɾəd̪ʰɪ,driver,ஓட்டுநர்,Profession,words
ꢣꣂꢠꢶ,दोणि,தோ3ணி,doni,doNi,doṇi,d̪oːɳɪ,boat,ஓடம்,Profession,words
ꢥꢮ꣄ꢒꣁ,नव्का॑,நவ்கொ,navko',navkO,navkŏ,n̪əʋko,boat,ஓடம்,Profession,words
ꢒꢾꢜ꣄ꢜꣁ,क॑ट्टा॑,கெட்டொ,ke't't'o',kETTO,kĕṭṭŏ,keʈʈo,bale,கட்டு,Profession,words
ꢒꢾꢜ꣄ꢜꢾ ꢦꢛ꣄ꢗꢭ꣄,क॑ट्ट॑ पञ्चल्,கெட்டெ பஞ்சல்,ke't't'e' panchal,kETTE paJcal,kĕṭṭĕ pañcal,keʈʈe pəɲt͡ʃəl,catamaran,கட்டுமரம்,Profession,words
ꢒꢾꢜ꣄ꢜꢾ ꢬꢹꢦ꣄ ꢒꢾꢬ꣄ꢥꢶ,क॑ट्ट॑ रूप क॑र्नि,கெட்டெ ரூப் கெர்னி,ke't't'e' roop ke'rni,kETTE rUp kErni,kĕṭṭĕ rūp kĕrni,keʈʈe ɾuːp keɾn̪ɪ,shaping of wood,கடைசல்,Profession,words
ꢔꢪ꣄ꢙꢶ,गम्जि,க3ம்ஜி,gamji,gamji,gamji,gəmd͡ʒɪ,supervise,கண்காணி,Profession,words
ꢔꢪ꣄ꢗꢸꢥꢵꢬ꣄,गम्चुनार्,க3ம்சுனார்,gamchunaar,gamcunAr,gamcunār,gəmt͡ʃun̪ɑːɾ,supervisor,கண்காணிப்பாளர்,Profession,words
ꢱꢹꢞ꣄ ꢲꢥꢱ꣄ꢡꢾ,सूड हनते,ஸூட்3 ஹனஸ்தே,sood' hanaste',sUD hanastE,sūḍ hanastĕ,s̪uːɖ ɦən̪əs̪t̪e,thrashing grains,கதிரடித்தல்,Profession,words
ꢤꢾꢥ꣄ꢣ꣄ꢫꢵꢮ꣄,घ॑न्द्याव,கெ4ந்த்3யாவ்,dhe'ndyaav,dhEndyAv,dhĕndyāv,d̪ʰen̪d̪jɑːʋ,sulpher,கந்தகம்,Profession,words
ꢥꢵꢮꢶ,नावि,நாவி,naavi,nAvi,nāvi,n̪ɑːʋɪ,ship,கப்பல்,Profession,words
ꢡꢵꢬ꣄,तार्,தார்,taar,tAr,tār,t̪ɑːɾ,ship,கப்பல்,Profession,words
ꢬꢴꢾꢞꣁ,र्ह॑डा॑,ரெ:டொ3,rhe'd'o',rhEDO,rhĕḍŏ,ɾɦeɖo,pulley,கப்பி,Profession,words
ꢆꢦꢒꢬꢠꣁ,उपगरणा॑,உபகரணொ,upakarano',upakaraNO,upakaraṇŏ,upəkəɾəɳo,tools,கருவி,Profession,words
ꢥꢔꢸꢥꣁ,नगुना॑,நகு3னொ,naguno',nagunO,nagunŏ,n̪əgun̪o,plough,கலப்பை,Profession,words
ꢲꢭꣁ,हला॑,ஹலொ,halo',halO,halŏ,ɦəlo,plough,கலப்பை,Profession,words
ꢦꢵꢡ꣄ꢬꣁ,पात्रा॑,பாத்ரொ,paatro',pAtrO,pātrŏ,pɑːt̪ɾo,container,கலம்,Profession,words
ꢱꢹꢞꢸ ꢢꢵꢪ꣄,सूडु थाम,ஸூடு3தா2ம்,sood'u thaam,sUDu thAm,sūḍu thām,s̪uːɖu t̪ʰɑːm,thrashing floor,கதிரடிக்கும் களம்,Profession,words
ꢕꢥꢪꢶꢡꢶ,गनमिति,க4னமிதி,ghanamiti,ghanamiti,ghanamiti,gʰən̪əmɪt̪ɪ,volume,கன அளவு,Profession,words
ꢒꢫ꣄ꢭꢒꢾꢱꢸꢬꢸ ꢒꢾꢬꢶ,कय्लक॑सुरु क॑रि,கய்லகெஸுரு கெரி,kaylake'suru ke'ri,kaylakEsuru kEri,kaylakĕsuru kĕri,kəjləkes̪uɾu keɾɪ,vegetable vendor,காய்கறிக்காரி,Profession,words
ꢱꢾꢦꢶꢥꢶ,च्पिनि,செபினி,se'pini,sEpini,sĕpini,s̪epɪn̪ɪ,chappal,காலணி,Profession,words
ꢦꢮ꣄ꢒꢭ꣄,पव्कल,பவ்கள்,pavkal,pavkal,pavkal,pəʋkəl,chappal,காலணி,Profession,words
ꢦꢮ꣄ꢱꢸꢭ꣄,पव्सुल,பவ்ஸுல்,pavsul,pavsul,pavsul,pəʋs̪ul,chappal,காலணி,Profession,words
ꢣꢵꢬ꣄ꢮꢵꢥ꣄,दार्वान,தா3ர்வான்,daarvaan,dArvAn,dārvān,d̪ɑːɾʋɑːn̪,watchman,காவல்காரன்,Profession,words
ꢗꢮ꣄ꢒꢷꢣꢵꢬ꣄,चव्कीदार,சவ்கீதா3ர்,chavkeedaar,cavkIdAr,cavkīdār,t͡ʃəʋkiːd̪ɑːɾ,watchman,காவல்காரன்,Profession,words
ꢦꣂꢭꢷꢱ꣄,पा॑लीस,போலீஸ்,polees,polIs,polīs,poːliːs̪,policeman,காவலாளி,Profession,words
ꢒꢮꢭ꣄ꢒꢾꢬꣁ,कवल्क॑रा॑,கவல்கெரொ,kavalke'ro',kavalkErO,kavalkĕrŏ,kəʋəlkeɾo,policeman,காவலாளி,Profession,words
ꢢꢠꣀꢡ꣄,थणैत,த2ணைத்,thanait,thaNait,thaṇait,t̪ʰəɳəɪt̪,policeman,காவலாளி,Profession,words
ꢮꢶꢞ꣄ꢔ꣄ꢫꢵ ꢆꢰ꣄ꢳꣁ,विद्ग्या उष्ळा॑,விட்3க்3யா உஷ்ளொ,vid'gyaa ushl'o',viDgyA uSLO,viḍgyā uṣl̤ŏ,ʋɪɖgjɑː uʂɭo,kiln,காளவாய் /சூளை,Profession,words
ꢗꢸꢥ꣄ꢥꢵ ꢆꢰ꣄ꢳꣁ,चुन्ना उष्ळा॑,சுன்னா உஷ்ளொ,chunnaa ushl'o',cunnA uSLO,cunnā uṣl̤ŏ,t͡ʃun̪n̪ɑː uʂɭo,kiln,காளவாய் /சூளை,Profession,words
ꢙꢹꢠꢡ꣄ꢮꢵꢥ꣄,जूणत्वान,ஜுணத்வான்,joonatvaan,jUNatvAn,jūṇatvān,d͡ʒuːɳət̪ʋɑːn̪,farmer,குடியானவன்,Profession,words
ꢓꢸꢪ꣄ꢨꢵꢬ꣄,खुम्बार्,கு2ம்பா3ர்,khumbaar,khumbAr,khumbār,kʰumbɑːɾ,potter,குயவன்,Profession,words
ꢒꣁꢬꢜ꣄,का॑रट,கொரட்,ko'rat',kOraT,kŏraṭ,koɾəʈ,plier,குறடு,Profession,words
ꢦꢸꢜ꣄ꢒꢶ,पुट्कि,புட்கி,put'ki,puTki,puṭki,puʈkɪ,basket,கூடை,Profession,words
ꢦꢜꢶ,पटि,படி,pat'i,paTi,paṭi,pəʈɪ,basket,கூடை,Profession,words
ꢒꢹꢭꢶ,कूलि,கூலி,kooli,kUli,kūli,kuːlɪ,"coolie, wage",கூலி,Profession,words
ꢒꢹꢭꢶꢒꢾꢬꢶ,कूलिक॑रि,கூலிகெரி,koolike'ri,kUlikEri,kūlikĕri,kuːlɪkeɾɪ,coolie,கூலிக்காரர்,Profession,words
ꢲꢵꢡꢸꢒꢵꢪ꣄,हातुकाम्,ஹாதுகாம்,haatukaam,hAtukAm,hātukām,ɦɑːt̪ukɑːm,handicraft,கைத்தொழில்,Profession,words
ꢱꢲꢵꢫꢒꣁ,शाहायका॑,ஸஹாயகொ,sahaayako',sahAyakO,sahāyakŏ,s̪əɦɑːjəko,helper,கையாள்,Profession,words
ꢱꢶꢔꢸꢞꣁ,सिकुडा॑,ஸிகுடொ3,sigud'o',siguDO,siguḍŏ,s̪ɪguɖo,helper,கையாள்,Profession,words
ꢲꢵꢡꢸ ꢏꢬꣁ,हातु आ॑रा॑,ஹாது ஒரொ,haatu o'ro',hAtu OrO,hātu ŏrŏ,ɦɑːt̪u oɾo,gloves,கையுறை,Profession,words
ꢲꢵꢡꢸ ꢒꢵꢪ꣄,हातु काम्,ஹாது காம்,haatu kaam,hAtu kAm,hātu kām,ɦɑːt̪u kɑːm,handicraft,கைவினை,Profession,words
ꢒꣁꢭ꣄ꢒꢶ,का॑ल्कि,கொல்கி,ko'lki,kOlki,kŏlki,kolkɪ,hook,கொக்கி,Profession,words
ꢱꢪ꣄ꢜꢵꢮ꣄,सम्टाव,ஸம்டாவ்,samt'aav,samTAv,samṭāv,s̪əmʈɑːʋ,hook,கொக்கி,Profession,words
ꢬꢮꢸꢭꢸ ꢩꢷꢡ꣄,रवुलु भीत,ரவுளு பீ4த்,ravulu bheet,ravulu bhIt,ravulu bhīt,ɾəʋulu bʰiːt̪,rampart,கொத்தளம்,Profession,words
ꢭꢮ꣄ꢬꢶ,लव्रि,லவ்ரி,lavri,lavri,lavri,ləʋɾɪ,mason,கொத்தனார்,Profession,words
ꢓꢿꢞ꣄,खेड्,கே2ட்3,khed',kheD,kheḍ,kʰeːɖ,boiler,கொதிகலன்,Profession,words
ꢦꢬꢱꢸ,पर्सु,பரஸு,parasu,parasu,parasu,pəɾəs̪u,axe,கோடரி,Profession,words
ꢗꢾꢒ꣄ꢒꢬ꣄,च॑क्कुर्,செக்குர்,che'kkar,cEkkar,cĕkkar,t͡ʃekkəɾ,wheel,சக்கரம்,Profession,words
ꢱꢾꢖ꣄ꢒꢳ꣄,स॑ङ्कळ,ஸெங்கள்,se'nkal',sEGkaL,sĕṅkal̤,s̪eŋkəɭ,chain,சங்கிலி,Profession,words
ꢱꢪꢹꢲ ꢱꢿꢮꣁ,समूह सेवा॑,ஸமூஹஸேவொ,samooha sevo',samUha sevO,samūha sevŏ,s̪əmuːɦə s̪eːʋo,social work,சமூகப்பணி,Profession,words
ꢲꢥ꣄ꢣꢮ꣄ ꢒꢾꢬꣁ,हन्दव क॑रा॑,ஹந்த3வ்கெரொ,handav ke'ro',handav kErO,handav kĕrŏ,ɦən̪d̪əʋ keɾo,cook,சமையல்காரன்,Profession,words
ꢲꢥ꣄ꢣꢮ꣄ ꢒꢾꢬꢶꢥ꣄,हन्दव क॑रिन,ஹந்த3வ்கெரின்,handav ke'rin,handav kErin,handav kĕrin,ɦən̪d̪əʋ keɾɪn̪,cook,சமையல்காரி,Profession,words
ꢗꢵꢜꣁ,चाटा॑,சாடொ,chaat'o',cATO,cāṭŏ,t͡ʃɑːʈo,whip,சாட்டை,Profession,words
ꢱꢵꢠ꣄,साण,ஸாண்,saan,sAN,sāṇ,s̪ɑːɳ,shar pening stone,சாணைக்கல்,Profession,words
ꢱꢵꢪꢠꣁ,सामणा॑,ஸாமணொ,saamano',sAmaNO,sāmaṇŏ,s̪ɑːməɳo,"tongs, pincer",சாமணம்,Profession,words
ꢬꢾꢖ꣄ꢔꢸ,र॑ङ्गु,ரெங்கு3,re'ngu,rEGgu,rĕṅgu,ɾeŋgu,dye,சாயம்,Profession,words
ꢮꢶꢞꢶ,विडि,விடி3,vid'i,viDi,viḍi,ʋɪɖɪ,window,சாளரம்,Profession,words
ꢱꢶꢭ꣄ꢦꢸ,सिल्पु,ஸில்பு,silpu,silpu,silpu,s̪ɪlpu,sculpture,சிற்பம்,Profession,words
ꢝꢖ꣄ꢒ꣄ꢥꢵꢬ꣄,ठङ्क्नार,ட2ங்க்னார்,t'hanknaar,ThaGknAr,ṭhaṅknār,ʈʰəŋkn̪ɑːɾ,sculptor,சிற்பி,Profession,words
ꢱꢶꢭ꣄ꢦꢶ,सिल्पि,ஸில்பி,silpi,silpi,silpi,s̪ɪlpɪ,sculptor,சிற்பி,Profession,words
ꢱꢶꢭ꣄ꢦꢒꢵꢬ꣄,सिल्पकार,ஸில்பகார்,silpakaar,silpakAr,silpakār,s̪ɪlpəkɑːɾ,sculptor,சிற்பி,Profession,words
ꢧꢶꢬ꣄ꢮꢜ꣄,फिर्वट्,பி2ர்வட்,phirvat',phirvaT,phirvaṭ,pʰɪɾʋəʈ,rudder,சுக்கான்,Profession,words
ꢗꢸꢥ꣄ꢥꣁ,चुन्ना॑,சுன்னொ,chunno',cunnO,cunnŏ,t͡ʃun̪n̪o,lime,சுண்ணாம்பு,Profession,words
ꢱꢸꢡ꣄ꢡꢶꢫꢭ꣄,सुत्तियल्,ஸுத்தியல்,suttiyal,suttiyal,suttiyal,s̪ut̪t̪ɪjəl,hammer,சுத்தியில்,Profession,words
ꢪꢹꢬ꣄,मूर,மூர்,moor,mUr,mūr,muːɾ,hammer,சுத்தியில்,Profession,words
ꢩꢵꢬ꣄ꢡꢸꢒ꣄ꢒꢸꢥꢵꢬ꣄,भार्तुक्कुनार,பா4ர்துக்குனார்,bhaartukkunaar,bhArtukkunAr,bhārtukkunār,bʰɑːɾt̪ukkun̪ɑːɾ,porter,சுமையாள்,Profession,words
ꢆꢰ꣄ꢭꣁ,उष्ला॑,உஷ்லொ,ushlo',uSlO,uṣlŏ,uʂlo,kiln,சூளை,Profession,words
ꢦꢾꢠ꣄ꢕꢠꣁ,प॑ण्घणा॑,பெண்க4ணொ,pe'nghano',pENghaNO,pĕṇghaṇŏ,peɳgʰəɳo,oil press,செக்கு,Profession,words
ꢗꢾꢠ꣄ꢜꢾ ꢮꢵꢡ꣄ꢫꢪ꣄,च॑ण्ट॑,செண்டெ,che'nt'e' vaatyam,cENTE vAtyam,cĕṇṭĕ vātyam,t͡ʃeɳʈe ʋɑːt̪jəm,drum,செண்டை,Profession,words
ꢪꢴꢳꢫ꣄ꢡꢸ,म्हळय्तु,ம:ளய்து,mhal'aytu,mhaLaytu,mhal̤aytu,mɦəɭəjt̪u,fisherman,செம்படவன்,Profession,words
ꢪꢴꢳ꣄ꢶꢮꢵꢥ꣄,म्हळिवान,ம:ளிவான்,mhal'_ivaan,mhaL_ivAn,mhal̤_ivān,mɦəɭ_ɪʋɑːn̪,fisherman,செம்படவன்,Profession,words
ꢪꢴꢳꢶꢶꢒꢾꢬꢶ,म्हळिकेरि,ம:ளிகெரி,mhal'iike'ri,mhaLiikEri,mhal̤iikĕri,mɦəɭɪɪkeɾɪ,fisherman,செம்படவன்,Profession,words
ꢱꢾꢒ꣄ꢒꢸꢭꢸꢮꢵꢥ꣄,स॑क्कुलुवान,ஸெக்குலுவான்,se'kkuluvaan,sEkkuluvAn,sĕkkuluvān,s̪ekkuluʋɑːn̪,cobbler,சக்கிலியன்,Profession,words
ꢒꢵꢬ꣄ꢫꢡꢬ꣄ꢱꢶ,कार्यदर्सि,கார்யதர்ஸி,kaaryatarsi,kAryatarsi,kāryatarsi,kɑːɾjət̪əɾs̪ɪ,secretary,செயலாளர்,Profession,words
ꢙꣂꢱ꣄ꢫꢪ꣄,जोस्यम्,ஜோஸ்யம்,josyam,josyam,josyam,d͡ʒoːs̪jəm,astrology,சோதிடம்,Profession,words
ꢱꣂꢱꢶ,जोसि,ஜோஸி,sosi,sosi,sosi,s̪oːs̪ɪ,astrologer,சோதிடன்,Profession,words
ꢡꢾꢔꢞ꣄,त॑गड,தெக3ட்3,te'gad',tEgaD,tĕgaḍ,t̪egəɖ,sheet/,தகடு,Profession,words
ꢲꣁꢣꢫ꣄ꢡꢸ,हा॑डय्तु,ஹொட3ய்து,ho'daytu,hOdaytu,hŏdaytu,ɦod̪əjt̪u,,,Profession,words
ꢱꣁꢥꢵꢬꢸ,सा॑नार,ஸொனார்,so'naaru,sOnAru,sŏnāru,s̪on̪ɑːɾu,goldsmith,தட்டான்,Profession,words
ꢒꢱꢵꢬ꣄,कसार,கஸார்,kasaar,kasAr,kasār,kəs̪ɑːɾ,goldsmith,தட்டான்,Profession,words
ꢭꢿꢔꢸꢮꢵꢥ꣄,लेगुवान्,லேகு3வான்,leguvaan,leguvAn,leguvān,leːguʋɑːn̪,Postman,தபால்காரன்,Profession,words
ꢡꢦꢵꢭ꣄ꢒꢾꢬꣁ,तपाल्क॑रा॑,தபால்கெரொ,tapaalke'ro',tapAlkErO,tapālkĕrŏ,t̪əpɑːlkeɾo,Postman,தபால்காரன்,Profession,words
ꢡꢾꢬ꣄ꢒꢳꢶ,त॑र्कळि,தெர்களி,te'rkal'i,tErkaLi,tĕrkal̤i,t̪eɾkəɭɪ,broker,தரகன்,Profession,words
ꢡꢾꢬꢒ꣄,त॑रक्,தெரக்,te'rak,tErak,tĕrak,t̪eɾək,brokerage,தரகு,Profession,words
ꢤꣁꢠ꣄ꢞꣁ,धा॑ण्डा॑,தொ4ண்டொ3,dho'nd'o',dhONDO,dhŏṇḍŏ,d̪ʰoɳɖo,drum,தவில்,Profession,words
ꢣꣁꢨ꣄ꢨꢥ꣄ ꢔꢸꢰ꣄ꢜꢶ,दा॑ब्बन गुष्टि,தொ3ப்3ப3ன் கு3ஷ்டி,do'bban gusht'i,dObban guSTi,dŏbban guṣṭi,d̪obbən̪ guʂʈɪ,trolley,தள்ளுவண்டி,Profession,words
ꢪꢔꣁ,मगा॑,மகொ3,mago',magO,magŏ,məgo,loom,தறி,Profession,words
ꢒꢸꢱ꣄ꢒꢥ꣄ꢓꢜ꣄ꢜꢶ,कुस्कन्खट्टि,குஸ்கன்க2ட்டி,kuskankhat't'i,kuskankhaTTi,kuskankhaṭṭi,kus̪kən̪kʰəʈʈɪ,spur,தார்க்குச்சி,Profession,words
ꢣꢶꢒ꣄ꢒꢸ ꢣꢾꢒ꣄ꢒꢞꢵꢮ꣄,दिक्कु द॑क्कडाव,தி3க்கு தெ3க்கடா3வ்,dikku de'kkad'aav,dikku dEkkaDAv,dikku dĕkkaḍāv,d̪ɪkku d̪ekkəɖɑːʋ,compass,திசைக்காட்டும் கருவி,Profession,words
ꢣꢶꢒ꣄ꢒꢸ ꢣꢬ꣄ꢱꢶꢥꢶ,दिक्कु दर्सिनि,தி3க்கு த3ர்ஸினி,dikku darsini,dikku darsini,dikku darsini,d̪ɪkku d̪əɾs̪ɪn̪ɪ,compass,திசைக்காட்டும் கருவி,Profession,words
ꢣꢶꢒ꣄ꢒꢸ ꢱꢹꢗꢥꢶ,दिक्कु सूचनि,தி3க்கு ஸூசனி,dikku soochani,dikku sUcani,dikku sūcani,d̪ɪkku s̪uːt͡ʃən̪ɪ,compass,திசைக்காட்டும் கருவி,Profession,words
ꢩꢶꢒꢸꢖ꣄ꢗꢸꢥꢵꢮ꣄,भिकुञ्च्नाव,பி4குஞ்சுனாவ்,bhikungchunaav,bhikuGcunAv,bhikuṅcunāv,bʰɪkuŋt͡ʃun̪ɑːʋ,screw driver,திருப்புளி,Profession,words
ꢥꢮ꣄ꢒꢵ ꢣꢠ꣄ꢞꢸ,नव्का द्ण्डु,நவ்கா த3ண்டு3,navkaa dand'u,navkA daNDu,navkā daṇḍu,n̪əʋkɑː d̪əɳɖu,oar,துடுப்பு,Profession,words
ꢥꢮ꣄ꢣꢠ꣄ꢞꢸ,नव्दण्डु,நவ்த3ண்டு3,navdand'u,navdaNDu,navdaṇḍu,n̪əʋd̪əɳɖu,oar,துடுப்பு,Profession,words
ꢦꣁꢱ꣄ꢥꢵꢮ꣄,पा॑स्नाव,பொஸ்னாவ்,po'snaav,pOsnAv,pŏsnāv,pos̪n̪ɑːʋ,duster,துடைப்பான்,Profession,words
ꢧꢸꢮ꣄ꢥꣁ,फुव्ना॑,பு2வ்னொ,phuvno',phuvnO,phuvnŏ,pʰuʋn̪o,blower,துருத்தி,Profession,words
ꢧꢸꢮ꣄ꢥꢵꢮ꣄,फुव्नाव,பு2வ்னாவ்,phuvnaav,phuvnAv,phuvnāv,pʰuʋn̪ɑːʋ,blower,துருத்தி,Profession,words
ꢦꢸꢜ꣄ꢜꢵ ꢲꢷꢬ꣄,पुट्टा हीर,புட்டா ஹீர்,put't'aa heer,puTTA hIr,puṭṭā hīr,puʈʈɑː ɦiːɾ,borewell,துளைக்கிணறு,Profession,words
ꢦꢸꢜ꣄ꢜꣁ ꢡꢔꢱ꣄ꢡꢾ,पुट्टा॑ तगस्ते,புட்டொ தக3ஸ்தே,put't'o' tagaste',puTTO tagastE,puṭṭŏ tagastĕ,puʈʈo t̪əgəs̪t̪e,drilling,துளையிடுதல்,Profession,words
ꢡꢸꢒ꣄ꢒꢥ꣄ ꢌꢥ꣄ꢡꢸꢬ,तुक्कन् एन्तुर,துக்கன்எந்துர்,tukkan e'ntura,tukkan Entura,tukkan ĕntura,t̪ukkən̪ en̪t̪uɾə,crane,தூக்கி,Profession,words
ꢣꢹꢒ꣄ꢒꢸꢣꣂꢬ꣄,दूक्कुदोर,தூக்குதோ3ர்,dookkudor,dUkkudor,dūkkudor,d̪uːkkud̪oːɾ,execution rope,தூக்குக்கயிறு,Profession,words
ꢡꢹꢒ꣄ꢒꢸ ꢪꢶꢜ꣄ꢜꣁ,तूक्कु मिट्टा॑,தூக்கு மிட்டொ,tookku mit't'o',tUkku miTTO,tūkku miṭṭŏ,t̪uːkku mɪʈʈo,gallows,தூக்குமேடை,Profession,words
ꢪꢴꢳꢶ ꢤꢾꢬ꣄ꢥꢵꢮ꣄,म्हळि ध॑र्नाव,ம:ளி தெ4ர்னாவ்,mhal'i dhe'rnaav,mhaLi dhErnAv,mhal̤i dhĕrnāv,mɦəɭɪ d̪ʰeɾn̪ɑːʋ,fishing rod,தூண்டில்,Profession,words
ꢦꢸꢬꢸꢱ꣄,पुरुस्,புருஸ்,purus,purus,purus,puɾus̪,,,Profession,words
ꢒꢸꢗ꣄ꢗꢥ꣄,कुच्चन्,குச்சன்,kuchchan,kuccan,kuccan,kut͡ʃt͡ʃən̪,,,Profession,words
ꢪꣀꢪꢲꢶ ꢲꣁꢮ꣄ꢞꢶꢠꢶ,मैमहि हा॑व्डिणि,மைமஹி ஹொவ்டி3ணி,maimahi ho'vd'ini,maimahi hOvDiNi,maimahi hŏvḍiṇi,məɪməɦɪ ɦoʋɖɪɳɪ,bee keeping,தேனி வளர்ப்பு,Profession,words
ꢱꢷꢮ꣄,सीव,ஸீவ்,seev,sIv,sīv,s̪iːʋ,stitch,தையல்போடு,Profession,words
ꢱꢶꢪ꣄ꢦꢶ,सिम्प,ஸிம்பி,simpi,simpi,simpi,s̪ɪmpɪ,tailor,தையல்காரன்,Profession,words
ꢱꢸꢪ꣄ꢦꢶꢥꢶ,सिम्पिनि,ஸிம்பினி,sumpini,sumpini,sumpini,s̪umpɪn̪ɪ,tailor,தையல்காரி,Profession,words
ꢱꢶꢮ꣄ꢥꢶ ꢫꢥ꣄ꢡꢸꢬ꣄,सिव्नि यन्तुर,ஸிவ்னியந்துர்,sivni yantur,sivni yantur,sivni yantur,s̪ɪʋn̪ɪ jən̪t̪uɾ,sewing machine,தையல்பொறி,Profession,words
ꢆꢣ꣄ꢫꣂꢔ꣄,उद्योग,உத்3யோக்3,udyog,udyog,udyog,ud̪joːg,Profession/ labour,தொழில்,Profession,words
ꢆꢣ꣄ꢫꣂꢔꢶ,उद्योगि,உத்3யோகி3,udyogi,udyogi,udyogi,ud̪joːgɪ,Profession/ labour,தொழில்,Profession,words
ꢭꢵꢥꢸꢮꢵꢥ꣄,लानुवान्,லானுவான்,laanuvaan,lAnuvAn,lānuvān,lɑːn̪uʋɑːn̪,gardener,தோட்டக்காரன்,Profession,words
ꢭꢵꢥ꣄,लान,லான்,laan,lAn,lān,lɑːn̪,garden,தோட்டம்,Profession,words
ꢏꢞ꣄ꢞꢾ,आ॑ड्ड॑,ஒட்3டெ3,o'd'd'e',ODDE,ŏḍḍĕ,oɖɖe,scavenger,தோட்டி,Profession,words
ꢱꢸꢣ꣄ꢤꢶ ꢒꢾꢬ꣄ꢥꢵꢬ꣄,सुद्धि क॑र्नार,ஸுத்3தி4 கெர்னார்,suddhi ke'rnaar,suddhi kErnAr,suddhi kĕrnār,s̪ud̪d̪ʰɪ keɾn̪ɑːɾ,scavenger,தோட்டி,Profession,words
ꢣꣂꢠꢶ,दोणि,தோ3ணி,doni,doNi,doṇi,d̪oːɳɪ,ferry,தோணி,Profession,words
ꢒꢾꢰꢥ꣄,क॑षण्,கெஷண்,ke'shan,kESan,kĕṣan,keʂən̪,leather,தோல்,Profession,words
ꢱꣁꢥ꣄ꢥꢵꢮꢠꢶꢒ꣄,सा॑न्नावणिक,ஸொன்னாவணிக்,so'nnaavanik,sOnnAvaNik,sŏnnāvaṇik,s̪on̪n̪ɑːʋəɳɪk,jeweler,நகைவியாபாரி,Profession,words
ꢱ꣄ꢢ꣄ꢬꢶꢒꢾꢬꢥ꣄ ꢆꢦꢒꢬꢠꣁ,स्थरिकेरन उपकरणा॑,ஸ்த்2ரிகெரன் உபகரணொ,sthrike'ran upakarano',sthrikEran upakaraNO,sthrikĕran upakaraṇŏ,s̪t̪ʰɾɪkeɾən̪ upəkəɾəɳo,anchor,நங்கூரம்,Profession,words
ꢗꢭ꣄ꢡꢒꢬꢥ꣄ꢮꢵꢥ꣄,चल्तकरन्वान्,சல்தகரன்வான்,chaltakaranvaan,caltakaranvAn,caltakaranvān,t͡ʃəlt̪əkəɾən̪ʋɑːn̪,conductor,நடத்துநர்,Profession,words
ꢕꢭ꣄ꢥꢶ,घल्नि,க4ல்னி,ghalni,ghalni,ghalni,gʰəln̪ɪ,planting crops,நடவு,Profession,words
ꢥꢵꢗ꣄ꢮꢵꢥ꣄,नाच्वान्,நாச்வான்,naachvaan,nAcvAn,nācvān,n̪ɑːt͡ʃʋɑːn̪,dancer,நடனக்காரன்,Profession,words
ꢥꢜꢥꢵꢳꢶ,नटनाळि,நடனாளி,nat'anaal'i,naTanALi,naṭanāl̤i,n̪əʈən̪ɑːɭɪ,dancer,நடனக்காரி,Profession,words
ꢥꢗ꣄ꢮꣁ,नच्वा॑,நச்வொ,nachvo',nacvO,nacvŏ,n̪ət͡ʃʋo,actor,நடிகன்,Profession,words
ꢥꢜꢶ,नटि,நடி,nat'i,naTi,naṭi,n̪əʈɪ,actor,நடிகன்,Profession,words
ꢥꢗ꣄ꢮꢶ,न्च्वि,நச்வி,nachvi,nacvi,nacvi,n̪ət͡ʃʋɪ,actress,நடிகை,Profession,words
ꢥꢜꢶꢒꣁ,नटिका॑,நடிகொ,nat'iko',naTikO,naṭikŏ,n̪əʈɪko,actress,நடிகை,Profession,words
ꢩꢵꢮꢥꣁ,भावना॑,பா4வனொ,bhaavano',bhAvanO,bhāvanŏ,bʰɑːʋən̪o,action,நடிப்பு,Profession,words
ꢥꢬ꣄ꢡ꣄ꢡꢒꣁ,नर्त्तका॑,நர்தகொ,narttako',narttakO,narttakŏ,n̪əɾt̪t̪əko,dancer,நர்த்தகன் / நாட்டியகாரன்,Profession,words
ꢥꢬ꣄ꢡ꣄ꢡꢒꢶ,नर्त्तकि,நர்தகி,narttaki,narttaki,narttaki,n̪əɾt̪t̪əkɪ,dancer,நர்த்தகி/ நாட்டியகாரி,Profession,words
ꢥꢮꢗꢵꢬ꣄,नवचार,நவசார்,navachaar,navacAr,navacār,n̪əʋət͡ʃɑːɾ,ammonia,நவச்சாரம்,Profession,words
ꢥꢜ꣄ꢒꢪ꣄ꢒꢾꢬꢶ,न्ट्कम्केरि,நட்கம்கெரி,nat'kamke'ri,naTkamkEri,naṭkamkĕri,n̪əʈkəmkeɾɪ,drama actor,நாடகக்காரன்,Profession,words
ꢥꢜ꣄ꢒꢪ꣄ ꢂꢳꢶ,नट्कमु अळि,நட்கமுஅளி,nat'kam al'i,naTkam aLi,naṭkam al̤i,n̪əʈkəm əɭɪ,drama actress,நாடகக்காரி,Profession,words
ꢥꢮ꣄ꢒꣁ,नका॑,நவ்கொ,navko',navkO,navkŏ,n̪əʋko,Barge/yacht,நாவாய்,Profession,words
ꢱꢱ꣄ꢫꢬꣁꢲꢥ ꢬꢾꢪ꣄,सस्यरोहन रेम,ஸஸ்யரோஹன ரேம்,sasyaro'hana re'm,sasyarOhana rEm,sasyarŏhana rĕm,s̪əs̪jəɾoɦən̪ə ɾem,plantnursery,நாற்றங்கால்,Profession,words
ꢥꢶꢬ꣄ꢮꢵꢲꢶ,निर्वाहि,நிர்வாஹி,nirvaahi,nirvAhi,nirvāhi,n̪ɪɾʋɑːɦɪ,administrator,நிர்வாகி,Profession,words
ꢓꣁꢳ꣄꣄ꢗꢾ,खा॑ळ्च॑,கொ2ள்செ,kho'l'che',khOLcE,khŏl̤cĕ,kʰoɭt͡ʃe,coal,நிலக்கரி,Profession,words
ꢦꢵꢱꢥꣁ,पासना॑,பாஸனொ,paasano',pAsanO,pāsanŏ,pɑːs̪ən̪o,irrigation,நீர்ப்பாசனம்,Profession,words
ꢦꢥꢶ ꢱꢶꢛ꣄ꢗꢥꣁ,पनि सिञ्चना॑,பனி ஸிஞ்சனொ,pani sinchano',pani siJcanO,pani siñcanŏ,pən̪ɪ s̪ɪɲt͡ʃən̪o,irrigation,நீர்ப்பாசனம்,Profession,words
ꢆꢱ꣄ꢦꢸꢮꢵꢮ꣄,उस्पुवाव,உஸ்புவாவ்,uspuvaav,uspuvAv,uspuvāv,us̪puʋɑːʋ,pump,நீரேற்றி,Profession,words
ꢫꣁꢒ꣄ ꢩꢥ꣄ꢣꢥꣁ,योक भन्दना॑,யோக் ப4ந்த3னொ,yo'k bhandano',yOk bhandanO,yŏk bhandanŏ,jok bʰən̪d̪ən̪o,yoke,நுகத்தடி,Profession,words
ꢥꢔꣁ,नगा॑,நகொ3,nago',nagO,nagŏ,n̪əgo,yoke,நுகத்தடி,Profession,words
ꢡꢵꢒ꣄,ताक्,தாக்,taak,tAk,tāk,t̪ɑːk,thread,நூல்,Profession,words
ꢣꣁꢬꢶ,दा॑रि,தொ3ரி,do'ri,dOri,dŏri,d̪oɾɪ,thread,நூல்,Profession,words
ꢒꢣꢸꢥꢵꢬ꣄,क्दुनार,கது3னார்,kadunaar,kadunAr,kadunār,kəd̪un̪ɑːɾ,spinner,நூற்பவர்,Profession,words
ꢒꢣꢱ꣄ꢡꢾ,कदस्ते,கத3ஸ்தே,kadaste',kadastE,kadastĕ,kəd̪əs̪t̪e,spinning,நூற்பு,Profession,words
ꢮꢶꢥ꣄ꢒꢬ꣄,विन्कर,வின்கர்,vinkar,vinkar,vinkar,ʋɪn̪kəɾ,weaver,நெசவாளி,Profession,words
ꢮꢶꢥꢱ꣄ꢡꢾ,विनते,வினஸ்தே,vinaste',vinastE,vinastĕ,ʋɪn̪əs̪t̪e,weaving,நெசவு,Profession,words
ꢆꢒ꣄ꢒꢶꢱꣁꢠ꣄ꢠꢶ,तुक्किसा॑ण्णि,துக்கிஸொண்ணி,ukkiso'nni,ukkisONNi,ukkisŏṇṇi,ukkɪs̪oɳɳɪ,lever,நெம்புகோல்,Profession,words
ꢆꢡ꣄ꢡꣂꢭꢒꣁ,उत्तोलका॑,உத்தோலகொ,uttolako',uttolakO,uttolakŏ,ut̪t̪oːləko,lever,நெம்புகோல்,Profession,words
ꢦꣁꢜ꣄ꢜꢾꢜ꣄,पा॑ट्ट॑ट,பொட்டெட்,po't't'e't',pOTTET,pŏṭṭĕṭ,poʈʈeʈ,workshop,பட்டறை / பணிமனை,Profession,words
ꢒꢵꢪꢸ ꢱ꣄ꢢꢭ꣄,कामु स्थल,காமு ஸ்த2ல்,kaamu sthal,kAmu sthal,kāmu sthal,kɑːmu s̪t̪ʰəl,workshop,பட்டறை / பணிமனை,Profession,words
ꢒꢵꢪꢸ ꢢꢵꢪ꣄,कामु थाम,காமு தா2ம்,kaamu thaam,kAmu thAm,kāmu thām,kɑːmu t̪ʰɑːm,workshop,பட்டறை / பணிமனை,Profession,words
ꢦꢛBꢗꢭ꣄,पञ्चल्,பஞ்சல்,panyaBchal,paJaBcal,pañaBcal,pəɲəBt͡ʃəl,boat,படகு,Profession,words
ꢙꢷꢮꢵꢯ꣄ꢪꣁ,जीवाश्मा॑,ஜீவாஶ்மொ,jeevaashmo',jIvAzmO,jīvāśmŏ,d͡ʒiːʋɑːʃmo,fossil,படிமம்,Profession,words
ꢱꢶꢭꢵꢤꢵꢡꢸ,सिलाधात,ஸிலா தா4து,silaadhaatu,silAdhAtu,silādhātu,s̪ɪlɑːd̪ʰɑːt̪u,fossil,படிமம்,Profession,words
ꢦꢡ꣄ꢬꢸ,पत्रु,பத்ரு,patru,patru,patru,pət̪ɾu,form,படிவம்,Profession,words
ꢱꢵꢭꣁ,साला॑,ஸாலொ,saalo',sAlO,sālŏ,s̪ɑːlo,farm,பண்ணை,Profession,words
ꢒꢵꢪ꣄,काम्,காம்,kaam,kAm,kām,kɑːm,work,பணி,Profession,words
ꢒꢵꢪ꣄ꢢꢵꢪ꣄,काम्थाम्,காம்தா2ம்,kaamthaam,kAmthAm,kāmthām,kɑːmt̪ʰɑːm,,,Profession,words
ꢱꢪ꣄ꢦꢵꢡꢒꣁ,स्म्पातका॑,ஸம்பாதகொ,sampaatako',sampAtakO,sampātakŏ,s̪əmpɑːt̪əko,editor,பதிப்பாசிரியர்,Profession,words
ꢥꣃꢒꣁ,नौका॑,நௌகொ,nauko',naukO,naukŏ,n̪əuko,coracle,பரிசல்,Profession,words
ꢥꢸꢡꢸ,रुतु,ருது,nutu,nutu,nutu,n̪ut̪u,season,பருவம்,Profession,words
ꢣꢵꢡ꣄ ꢗꢾꢒ꣄ꢒꢸꢬ꣄,दातु च॑क्कुर्,தா3து செக்குர்,daat che'kkur,dAt cEkkur,dāt cĕkkur,d̪ɑːt̪ t͡ʃekkuɾ,gear,பல்சக்கரம்,Profession,words
ꢦꣁꢭ꣄ꢒꣁ,पोल्का॑,பொல்கொ,po'lko',pOlkO,pŏlkŏ,polko,wooden plank,பலகை,Profession,words
ꢦꢭ꣄ꢒꣁ,पल्का॑,பல்கொ,palko',palkO,palkŏ,pəlko,wooden plank,பலகை,Profession,words
ꢩꢵꢬ꣄ ꢡꢸꢒ꣄ꢒꢸꢥꢵꢮ꣄,भार्तुक्कुनाव,பா4ர்துக்குனாவ்,bhaar tukkunaav,bhAr tukkunAv,bhār tukkunāv,bʰɑːɾ t̪ukkun̪ɑːʋ,crane,பளுதூக்கி,Profession,words
ꢂꢲꢶꢡꢸꢠ꣄ꢞꢶꢒꣁ,अहितुण्डिका॑,அஹிதுண்டி3கொ,ahitund'iko',ahituNDikO,ahituṇḍikŏ,əɦɪt̪uɳɖɪko,snake charmer,பாம்பாட்டி,Profession,words
ꢱꢵꢦꢸꢮꢱꢒꣁ,सापुवसका॑,ஸாபுவஸகொ,saapuvasako',sApuvasakO,sāpuvasakŏ,s̪ɑːpuʋəs̪əko,snake charmer,பாம்பாட்டி,Profession,words
ꢥꢮ꣄ ꢪꢵꢬ꣄ꢔ ꢗꢵꢭꢥ,नव मार्ग चालन,நவ் மார்க3 சாலன,nav maarga chaalana,nav mArga cAlana,nav mārga cālana,n̪əʋ mɑːɾgə t͡ʃɑːlən̪ə,mast,பாய்மரம்,Profession,words
ꢥꢮ꣄ ꢥꢶꢫꢥ꣄ꢡ꣄ꢬꢠ ꢦꢜꣁ,नव्नियन्त्रण पटा॑,நவ்நியந்த்ரண படொ,nav niyantrana pat'o',nav niyantraNa paTO,nav niyantraṇa paṭŏ,n̪əʋ n̪ɪjən̪t̪ɾəɳə pəʈo,mast,பாய்மரம்,Profession,words
ꢣꢵꢬ꣄,दार,தா3ர்,daar,dAr,dār,d̪ɑːɾ,ship,கப்பல்,Profession,words
ꢥꣃꢒꣁ,नौका॑,நெளகொ,nauko',naukO,naukŏ,n̪əuko,boat,படகு,Profession,words
ꢦꢖ꣄ꢗꢭ꣄,पञ्चल्,பஞ்சல்,pangchal,paGcal,paṅcal,pəŋt͡ʃəl,coracle,பரிசல்,Profession,words
ꢮꢡ꣄ꢡꢾ,वत्त॑,வத்தெ,vatte',vattE,vattĕ,ʋət̪t̪e,coracle,பரிசல்,Profession,words
ꢔꣁꢠꢪ꣄,गा॑णम्,கொ3ணம்,go'nam,gONam,gŏṇam,goɳəm,petticoat,பாவாடை,Profession,words
ꢦꢭꣁ,पला॑,பலொ,palo',palO,palŏ,pəlo,halfsaree,தாவணி,Profession,words
ꢌꢪꢸ ꢮꢱ꣄ꢡꢬ꣄,हेमु वस्तर,ஹேமு வஸ்தர்,e'mu vastar,Emu vastar,ĕmu vastar,emu ʋəs̪t̪əɾ,bra,கச்சு,Profession,words
ꢌꢪꢸ ꢨꢥ꣄ꢤꢶꢒꣁ,हेमु बन्धिका॑,ஹேமு ப3ந்தி4கொ,e'mu bandhiko',Emu bandhikO,ĕmu bandhikŏ,emu bən̪d̪ʰɪko,bra,கச்சு,Profession,words
ꢭꢖBꢔꣂꢜ꣄,लङ्गोट्,லங்கோ3ட்,langaBgot',laGaBgoT,laṅaBgoṭ,ləŋəBgoːʈ,loin,கோமணம்,Profession,words
ꢒꢰ꣄ꢜꢶ ꢨꣁꢜ꣄ꢜꣁ,कष्टि बा॑ट्टा॑,கஷ்டி பொ3ட்டொ,kasht'i bo't't'o',kaSTi bOTTO,kaṣṭi bŏṭṭŏ,kəʂʈɪ boʈʈo,loin,கோமணம்,Profession,words
ꢲꢿꢪꢸꢮꢱ꣄ꢡꢬ꣄,हेमुवस्तर्,ஹேமுவஸ்தர்,hemuvastar,hemuvastar,hemuvastar,ɦeːmuʋəs̪t̪əɾ,banian,பனியன்,Profession,words
ꢓꢥꢵꢮ꣄,कनाव,க2னாவ்,khanaav,khanAv,khanāv,kʰən̪ɑːʋ,crowbar,பாரைக்கோல்,Profession,words
ꢔꢾꢜ꣄ꢨꢵꢬꣁ,ग॑ट्बारा॑,கெ3ட்பா3ரொ,ge't'baaro',gETbArO,gĕṭbārŏ,geʈbɑːɾo,crowbar,பாரைக்கோல்,Profession,words
ꢣꢹꢡ꣄ꢒꢾꢬꣁ,दूतक॑रा॑,தூ3த்கெரொ,dootke'ro',dUtkErO,dūtkĕrŏ,d̪uːt̪keɾo,milkman,பால்காரன்,Profession,words
ꢣꢹꢡ꣄ꢒꢾꢬꢶꢥ꣄,दूत्क॑रिन्,தூ3த்கெரின்,dootke'rin,dUtkErin,dūtkĕrin,d̪uːt̪keɾɪn̪,milkmaid,பால்காரி,Profession,words
ꢡꢥꢶ,तनि,தனி,tani,tani,tani,t̪ən̪ɪ,warp,பாவு,Profession,words
ꢔꢸꢪ꣄ꢦꢶꢥꢶ,गुम्प्नि,கு3ம்பினி,gumpini,gumpini,gumpini,gumpɪn̪ɪ,knitting,பின்னல்,Profession,words
ꢮꢾꢥꢶ,व॑नि,வெனி,ve'ni,vEni,vĕni,ʋen̪ɪ,knitting,பின்னல்,Profession,words
ꢪꢶꢜ꣄ꢜꣁ,मिट्टा॑,மிட்டொ,mit't'o',miTTO,miṭṭŏ,mɪʈʈo,pedestal,பீடம்,Profession,words
ꢧꢷꢝꢪ꣄,फीठम्,பீட2ம்,pheet'ham,phITham,phīṭham,pʰiːʈʰəm,pedestal,பீடம்,Profession,words
ꢦꢶꢦꢵꢫ꣄,पिपाय,பிபாய்,pipaay,pipAy,pipāy,pɪpɑːj,barrel,பீப்பாய்,Profession,words
ꢧꢹꢭ꣄ꢒꢾꢬꢶꢥ꣄,फुल्क॑रिन,பூ2ல்கெரின்,phoolke'rin,phUlkErin,phūlkĕrin,pʰuːlkeɾɪn̪,florist,பூக்காரி,Profession,words
ꢲꢨ꣄ꢨꢸ ꢥꢵꢱꢶꢥꢶ,हब्बु नास्नि,ஹப்3பு3 நாஸினி,habbu naasini,habbu nAsini,habbu nāsini,ɦəbbu n̪ɑːs̪ɪn̪ɪ,pesticide,பூச்சிக்கொல்லி,Profession,words
ꢒ꣄ꢬꢸꢪꢶ ꢥꢵꢱꢶꢥꢶ,क्रुमि नासिनि,க்ருமி நாஸினி,krumi naasini,krumi nAsini,krumi nāsini,kɾumɪ n̪ɑːs̪ɪn̪ɪ,pesticide,பூச்சிக்கொல்லி,Profession,words
ꢦꢸꢜ꣄ꢜꢭꢸ ꢒꢸꢞꣁ,पुट्टलु कुडा॑,புட்டலு குடொ3,put't'alu kud'o',puTTalu kuDO,puṭṭalu kuḍŏ,puʈʈəlu kuɖo,water sprayer,பூவாளி,Profession,words
ꢱꣁꢥꢵꢬ꣄,सा॑नार,ஸொனார்,so'naar,sOnAr,sŏnār,s̪on̪ɑːɾ,goldsmith,பொற்கோல்லன்,Profession,words
ꢱꢪꢱꢥꢶ,समसनि,ஸமஸனி,samasani,samasani,samasani,s̪əməs̪ən̪ɪ,carpenter`s square,மட்டம்,Profession,words
ꢥꢴꢶꢥꢵꢮ꣄ ꢒꢾꢬꢵꢮ꣄,न्हिनाव क॑राव,நி:னாவ் கெராவ்,nhinaav ke'raav,nhinAv kErAv,nhināv kĕrāv,n̪ɦɪn̪ɑːʋ keɾɑːʋ,Leveler/smoothener,இழைப்புளி,Profession,words
ꢪꢥ꣄ꢡꢶꢮꢵꢡꢶ,मन्तिरवाति,மந்திரவாதி,mantivaati,mantivAti,mantivāti,mən̪t̪ɪʋɑːt̪ɪ,magician,மந்திரவாதி,Profession,words
ꢮꣁꢫ꣄ꢣꢶꢥ꣄,वा॑य्दिन्,வொய்தி3ன்,vo'ydin,vOydin,vŏydin,ʋojd̪ɪn̪,folk doctor,மருத்துவச்சி,Profession,words
ꢮꣁꢫ꣄ꢣꢸ,वा॑य्दु,வொய்து3,vo'ydu,vOydu,vŏydu,ʋojd̪u,folk doctor,மருத்துவன்,Profession,words
ꢨꢮ꣄ꢭꢪ꣄,बव्लम्,ப3வ்லம்,bavlam,bavlam,bavlam,bəʋləm,soapstone,மாக்கல்,Profession,words
ꢂꢣ꣄ꢣꢶ ꢩꢵꢬ꣄,अद्दिभार्,அத்3தி3பா4ர்,addi bhaar,addi bhAr,addi bhār,əd̪d̪ɪ bʰɑːɾ,overweight,மிகைப்பளு,Profession,words
ꢂꢣ꣄ꢣꢶ ꢨꢶꢱ꣄ꢱꣁ,अद्दिबिस्सा॑,அத்3தி3பி3ஸ்ஸொ,addi bisso',addi bissO,addi bissŏ,əd̪d̪ɪ bɪs̪s̪o,overspeed,மிகைவேகம்,Profession,words
ꢦꢾꢭꢶ ꢨꢶꢱ꣄ꢱꣁ,भ॑ळिबिस्सा॑,பெ4ளிபி3ஸ்ஸொ,pe'li bisso',pEli bissO,pĕli bissŏ,pelɪ bɪs̪s̪o,overspeed,மிகைவேகம்,Profession,words
ꢡꢾꢭ꣄ꢥꢶ,त॑ल्नि,தெல்னி,te'lni,tElni,tĕlni,t̪eln̪ɪ,float,மிதவை,Profession,words
ꢮꢶꢣ꣄ꢫꢸꢡ꣄ ꢔꣀꢞꢶ,विद्युत गैडि,வித்3யுத்கை3டி3,vidyut gaid'i,vidyut gaiDi,vidyut gaiḍi,ʋɪd̪jut̪ gəɪɖɪ,battery,மின்கலம்,Profession,words
ꢪꢴꢭꢶꢒꢾꢬꣁ,म्हळीक॑रा॑,ம:ளிகெரொ,mhalike'ro',mhalikErO,mhalikĕrŏ,mɦəlɪkeɾo,fish seller,மீன்காரன்,Profession,words
ꢪꢴꢭꢶꢮꢵꢥ꣄,म्हलिवान,ம:ளிவான்,mhalivaan,mhalivAn,mhalivān,mɦəlɪʋɑːn̪,fish seller,மீன்காரன்,Profession,words
ꢪꢴꢭꢶꢒꢾꢬꢶꢥ꣄,म्हळिक॑रिन,ம:ளிகெரின்,mhalike'rin,mhalikErin,mhalikĕrin,mɦəlɪkeɾɪn̪,fish seller,மீன்காரி,Profession,words
ꢪꢴꢭꢶꢮꢡꢶ,म्हळिवति,ம:ளிவதி,mhalivati,mhalivati,mhalivati,mɦəlɪʋət̪ɪ,fish seller,மீன்காரி,Profession,words
ꢗꢶꢔꢸꢬ꣄,चिकुर,சிகுர்,chigur,cigur,cigur,t͡ʃɪguɾ,sprout,முளை,Profession,words
ꢂꢖ꣄ꢒꢸꢬ꣄,अङ्कुर,அங்குர்,ankur,aGkur,aṅkur,əŋkuɾ,sprout,முளை,Profession,words
ꢂꢖ꣄ꢔꢸꢬꣁ,अङ्कुरा॑,அங்குரொ,anguro',aGgurO,aṅgurŏ,əŋguɾo,sprout,முளை,Profession,words
ꢨꢶꢔꢶꢖ꣄ꢗꢸꢥꢵꢮ꣄,बिगिञ्चुनाव,பி3கி3ஞ்சுனாவ்,bigingchunaav,bigiGcunAv,bigiṅcunāv,bɪgɪŋt͡ʃun̪ɑːʋ,spanner,முறுக்கி,Profession,words
ꢥꢶꢬ꣄ꢮꢵꢲꢶ,निर्वाहि,நிர்வாஹி,nirvaahi,nirvAhi,nirvāhi,n̪ɪɾʋɑːɦɪ,manager,மேலாளர்,Profession,words
ꢒꢵꢪ꣄ ꢓꢜ꣄ꢥꢵꢬ꣄,काम खट्नार,காம் க2ட்னார்,kaam khat'naar,kAm khaTnAr,kām khaṭnār,kɑːm kʰəʈn̪ɑːɾ,manager,மேலாளர்,Profession,words
ꢤꣁꢠ꣄ꢞꣁ ꢒꢾꢬꢶ,धा॑ण्डा॑क॑रि,தொ4ண்டொ3கெரி,dho'nd'o' ke'ri,dhONDO kEri,dhŏṇḍŏ kĕri,d̪ʰoɳɖo keɾɪ,drummer,மேளக்காரன்,Profession,words
ꢡꢥꢵ ꢬꢾꢞꣁ,तना र॑डा॑,தனா ரெ:டொ3,tanaa re'd'o',tanA rEDO,tanā rĕḍŏ,t̪ən̪ɑː ɾeɖo,spinning wheel,ராட்டை,Profession,words
ꢬꢾꢞꣁ,र॑डा॑ चर्का र॑डा॑,ரெ:டொ3,re'd'o',rEDO,rĕḍŏ,ɾeɖo,spinning wheel,ராட்டை,Profession,words
ꢗꢬ꣄ꢒꢵ ꢬꢾꢞꣁ,र॑डा॑ चर्का र॑डा॑,சர்கா ரெ:டொ3,charkaa re'd'o',carkA rEDO,carkā rĕḍŏ,t͡ʃəɾkɑː ɾeɖo,spinning wheel,ராட்டை,Profession,words
ꢦꣁꢬꢜꢶꢥ꣄,पा॑रटिन,பொரடின்,po'rat'in,pOraTin,pŏraṭin,poɾəʈɪn̪,Washer woman,வண்ணாத்தி,Profession,words
ꢦꣁꢭ꣄ꢜꢶꢥ꣄,पा॑ल्टिन,பொள்டின்,po'lt'in,pOlTin,pŏlṭin,polʈɪn̪,Washer woman,வண்ணாத்தி,Profession,words
ꢒꣁꢬꢜ꣄,का॑रट,கொரட்,ko'rat',kOraT,kŏraṭ,koɾəʈ,Cutting plier/wrench,குறடு,Profession,words
ꢧꢶꢬꢸꢞꢵꢮ꣄,फिरुडाव,பி2ருடா3வ்,phirud'aav,phiruDAv,phiruḍāv,pʰɪɾuɖɑːʋ,screw driver,திருப்புளி,Profession,words
ꢪꢸꢬꣁ,मुरा॑,முரொ,muro',murO,murŏ,muɾo,hammer,சுத்தியல்,Profession,words
ꢓꢿꢥꢸ,खेनु,கே2னு,khenu,khenu,khenu,kʰeːn̪u,,குறகு,Profession,words
ꢓꣂꢥꢸ,खोनु,கோ2னு,khonu,khonu,khonu,kʰoːn̪u,,குறகு,Profession,words
ꢦꣁꢬꢜ꣄,पा॑रट,பொரட்,po'rat',pOraT,pŏraṭ,poɾəʈ,washerman,வண்ணான்,Profession,words
ꢦꣁꢳ꣄꣄ꢜꣁ,पा॑ळ्टा॑,பொள்டொ,po'l't'o',pOLTO,pŏl̤ṭŏ,poɭʈo,washerman,வண்ணான்,Profession,words
ꢨꢶꢫꢵꢬ꣄,भियार,பி4யார்,biyaar,biyAr,biyār,bɪjɑːɾ,business,வணிகம்,Profession,words
ꢨꢶꢫꢵꢬ꣄ꢗꢵꢬ꣄,भियार्सार,பி4யார்ஸார்,biyaarchaar,biyArcAr,biyārcār,bɪjɑːɾt͡ʃɑːɾ,business,வணிகம்,Profession,words
ꢮꢠꢷ,वणि,வணி,vanee,vaNI,vaṇī,ʋəɳiː,businessman,வணிகன்,Profession,words
ꢮꢠꢶꢒ꣄,वणिक,வணிக்,vanik,vaNik,vaṇik,ʋəɳɪk,businessman,வணிகன்,Profession,words
ꢦꢾꢫ꣄ꢬ꣄,पेय्र्,பெய்ர்,pe'yr,pEyr,pĕyr,pejɾ,field,வயல்,Profession,words
ꢒꢾꢡ꣄,केत्,கே2த்,ke't,kEt,kĕt,ket̪,field,வயல்,Profession,words
ꢙꢵꢭ꣄,जाल्,ஜால்,jaal,jAl,jāl,d͡ʒɑːl,net,வலை,Profession,words
ꢏꢭꣁ,आ॑ला॑,ஒலொ,o'lo',OlO,ŏlŏ,olo,net,வலை,Profession,words
ꢮꢵꢜ꣄ꢣꢾꢓ꣄ꢒꢜ꣄ꢥꢵꢬ꣄,वाट द॑खट्नार,வாட்தெ2க2ட்னார்,vaat'de'khkat'naar,vATdEkhkaTnAr,vāṭdĕkhkaṭnār,ʋɑːʈd̪ekʰkəʈn̪ɑːɾ,guide,வழிகாட்டி,Profession,words
ꢪꢵꢬ꣄ꢔꢣꢬ꣄ꢱꢒ꣄,मार्गदर्सक,மார்க3த3ர்ஸக்,maargadarsak,mArgadarsak,mārgadarsak,mɑːɾgəd̪əɾs̪ək,guide,வழிகாட்டி,Profession,words
ꢗꢾꢒ꣄ꢒꢸꢬ꣄,च॑क्कुर,செக்குர்,che'kkur,cEkkur,cĕkkur,t͡ʃekkuɾ,loop,வளையம்,Profession,words
ꢘꢾꢡ꣄,छेत,சே2த்,chhe't,chEt,chĕt,t͡ʃʰet̪,sword,வாள்,Profession,words
ꢨꢷ,बी,பீ3,bee,bI,bī,biː,seed,வித்து,Profession,words
ꢨꢷꢙ꣄,बीज,பீ3ஜ்,beej,bIj,bīj,biːd͡ʒ,seed,வித்து,Profession,words
ꢅꢪꢸ,ईमु,ஈமு,eemu,Imu,īmu,iːmu,seed,விதை,Profession,words
ꢨꢷꢡ꣄ꢡꢸ,वित्तु,வித்து,beettu,bIttu,bīttu,biːt̪t̪u,seed,விதை,Profession,words
ꢨꢷꢒ꣄ꢕꢭ꣄ꢥꢶ,बीक्घल्नि,பீ3க்க4ல்னி,beekghalni,bIkghalni,bīkghalni,biːkgʰəln̪ɪ,sowing,விதைப்பு,Profession,words
ꢩꢶꢫꢵꢬ꣄,भियार,பி4யார்,bhiyaar,bhiyAr,bhiyār,bʰɪjɑːɾ,business,வியாபாரம்,Profession,words
ꢩꢶꢫꢵꢬ꣄ꢱꢵꢬ꣄,भियार्सार्,பி4யார்ஸார்,bhiyaarsaar,bhiyArsAr,bhiyārsār,bʰɪjɑːɾs̪ɑːɾ,business,வியாபாரம்,Profession,words
ꢮꢠꢶ,वणि,வணி,vani,vaNi,vaṇi,ʋəɳɪ,businessman,வியாபாரி,Profession,words
ꢙꢸꢥ꣄ꢥꢡ꣄ꢮꢵꢥ꣄,जुन्नत्वान,ஜுன்னத்வான்,junnatvaan,junnatvAn,junnatvān,d͡ʒun̪n̪ət̪ʋɑːn̪,farmer,விவசாயி,Profession,words
ꢥꢖ꣄ꢔꢸꢥꢬ꣄,नङ्गुनर,நங்கு3னர்,nangunar,naGgunar,naṅgunar,n̪əŋgun̪əɾ,farmer,விவசாயி,Profession,words
ꢦꢷꢒ꣄,पीक,பீக்,peek,pIk,pīk,piːk,yield,விளைச்சல்,Profession,words
ꢦꢶꢒ꣄ꢒꢶꢥꢶ,पिक्किनि,பிக்கினி,pikkini,pikkini,pikkini,pɪkkɪn̪ɪ,yield,விளைச்சல்,Profession,words
ꢦꢶꢒ꣄ꢒꢾꢫꣁ,पिक्क॑या॑,பிக்கெயொ,pikke'yo',pikkEyO,pikkĕyŏ,pɪkkejo,yield,விளைச்சல்,Profession,words
ꢦ꣄ꢬꢒꢜ꣄ꢥꢵꢬ꣄,प्रकट्नार,ப்ரகட்னார்,prakat'naar,prakaTnAr,prakaṭnār,pɾəkəʈn̪ɑːɾ,publisher,வெளியிடுபவர்,Profession,words
ꢦ꣄ꢬꢱꢸꢬꣁ ꢒꢾꢬ꣄ꢥꢵꢬ꣄,प्रसुरा॑ क॑र्नार,ப்ரஸுரொ கெர்னார்,prasuro' ke'rnaar,prasurO kErnAr,prasurŏ kĕrnār,pɾəs̪uɾo keɾn̪ɑːɾ,publisher,வெளியிடுபவர்,Profession,words
ꢩꢬꢵꢜ꣄ ꢱꣁꢞ꣄ꢠꢵꢬ꣄,भराट सा॑ड्णार,ப4ராட் ஸொட்3ணார்,bharaat' so'd'naar,bharAT sODNAr,bharāṭ sŏḍṇār,bʰəɾɑːʈ s̪oɖɳɑːɾ,publisher,வெளியிடுபவர்,Profession,words
ꢃꢓꢾꢜ꣄,आखेट,ஆகே2ட்,aakhe't',AkhET,ākhĕṭ,ɑːkʰeʈ,hunting,வேட்டை,Profession,words
ꢪꢺꢔꢫꣁ,मृगया॑,ம்ருக3யொ,mri'gayo',mRgayO,mṛgayŏ,mɾɨgəjo,hunting,வேட்டை,Profession,words
ꢮꢿꢜꣁ ꢓꢳ꣄ꢥꢶ,वेटा॑ खळ्नि,வேடொ க2ள்னி,vet'o' khal'ni,veTO khaLni,veṭŏ khal̤ni,ʋeːʈo kʰəɭn̪ɪ,hunting,வேட்டை,Profession,words
ꢃꢓꢾꢜꢸꢮꢵꢥ꣄,आखेटुवान,ஆகே2டுவான்,aakhe't'uvaan,AkhETuvAn,ākhĕṭuvān,ɑːkʰeʈuʋɑːn̪,hunter,வேட்டைக்காரன் / வேடன்,Profession,words
ꢮꢿꢜꣁ ꢓꢳ꣄꣄ꢥꢵꢬ꣄,वेटा॑ खळ्नार,வேடொ க2ள்னார்,vet'o' khal'naar,veTO khaLnAr,veṭŏ khal̤nār,ʋeːʈo kʰəɭn̪ɑːɾ,hunter,வேட்டைக்காரன் / வேடன்,Profession,words
ꢒꢵꢪ꣄,काम्,காம்,kaam,kAm,kām,kɑːm,Work,வேலை,Profession,words
ꢒꢵꢪ꣄ ꢒꢾꢬ꣄ꢡ꣄ꢡꣁ,काम क॑र्ता॑,காம் கெர்த்தொ,kaam ke'rtto',kAm kErttO,kām kĕrttŏ,kɑːm keɾt̪t̪o,Servant,வேலைகாரன்,Profession,words
ꢒꢵꢪ꣄ ꢒꢾꢬ꣄ꢡ꣄ꢡꢶꢥ꣄,काम क॑र्तिन,காம் கெர்த்தின்,kaam ke'rttin,kAm kErttin,kām kĕrttin,kɑːm keɾt̪t̪ɪn̪,Servant,வேலைகாரி,Profession,words
ꢮꣁꢫ꣄ꢡꢸ,वा॑य्तु,வொய்து,vo'ytu,vOytu,vŏytu,ʋojt̪u,Folk doctor,வைத்தியர்,Profession,words
ꢙꣂꢱꢸꢜꢸ,जोसुटु,ஜோஸுடு3,josut'u,josuTu,josuṭu,d͡ʒoːs̪uʈu,astrologer,ஜோதிடம்,Profession,words
ꢗꢶꢜ꣄ꢜꢶꢣꢶꢮꣁ,चिट्टिदिवा॑,சிட்டிதி3வொ,chit't'idivo',ciTTidivO,ciṭṭidivŏ,t͡ʃɪʈʈɪd̪ɪʋo,small earthen lamp,அகல் விளக்கு,Festivals,words
ꢡꢶꢥ꣄ꢥꢳ꣄꣄,तिन्नाळ,தின்னாள்,tinnal',tinnaL,tinnal̤,t̪ɪn̪n̪əɭ,festival,உற்சவம்,Festivals,words
ꢒꣀꢖ꣄ꢒꢬ꣄ꢫꢣꢵꢥ꣄,कैङकर्यदान्,கைங்கர்ய தா3ன்,kainkaryadaan,kaiGkaryadAn,kaiṅkaryadān,kəɪŋkəɾjəd̪ɑːn̪,village temple festival,கொடை,Festivals,words
ꢱꢸꢣꢵꢥ꣄,सुदान्,ஸுதா3ன்,sudaan,sudAn,sudān,s̪ud̪ɑːn̪,village temple festival,கொடை,Festivals,words
ꢗꣁꢒ꣄ꢣꢵꢥ꣄,चोक्दान्,சொக்தா3ன்,cho'kdaan,cOkdAn,cŏkdān,t͡ʃokd̪ɑːn̪,village temple festival,கொடை,Festivals,words
ꢣꢶꢮꢭꢶ,दिवलि,தி3வளி,divali,divali,divali,d̪ɪʋəlɪ,diwali,தீபாவளி,Festivals,words
ꢡꣁꢬꢠ꣄,तोरण्,தொரண்,to'ran,tOraN,tŏraṇ,t̪oɾəɳ,arches with leaves,தோரணம்,Festivals,words
ꢏꢔꢡ꣄,ओगत्,ஒக3த்,o'gat,Ogat,ŏgat,ogət̪,religious fasting,நோன்பு,Festivals,words
ꢮꢶꢯꢾꢰ꣄,विशेष्,விஸேஷ்,vishe'sh,vizES,viśĕṣ,ʋɪʃeʂ,festival,பண்டிகை,Festivals,words
ꢦꣁꢖ꣄ꢒꢭ꣄ ꢱꢾꢥ꣄ꢥꢸ,पोङकल् स॑न्नु,பொங்கல் ஸென்னு,po'nkal se'nnu,pOGkal sEnnu,pŏṅkal sĕnnu,poŋkəl s̪en̪n̪u,a harvest festival,பொங்கல்,Festivals,words
ꢪꢒꢬ ꢱꢖ꣄ꢒ꣄ꢬꢵꢥ꣄ꢡꢶ,मकर सङ्क्रान्ति,மகர ஸங்க்ராந்தி,makara sankraanti,makara saGkrAnti,makara saṅkrānti,məkəɾə s̪əŋkɾɑːn̪t̪ɪ,a harvest festival,பொங்கல்,Festivals,words
ꢂꢖ꣄ꢔꢪ꣄,अङगम्,அங்க3ம்,angam,aGgam,aṅgam,əŋgəm,organ,அங்கம்,Body-Parts,words
ꢨꢵꢣꢪ꣄,पादम्,பாத3ம்,baadam,bAdam,bādam,bɑːd̪əm,sole,அடி,Body-Parts,words
ꢲꢶꢬꢶꢞꢶ,हिरिडि,ஹிரிடி3,hirid'i,hiriDi,hiriḍi,ɦɪɾɪɖɪ,palate,அண்ணம்,Body-Parts,words
ꢦꣁꢒ꣄ꢒꢭ꣄,पा॑क्कल्,பொக்கல்,po'kkal,pOkkal,pŏkkal,pokkəl,hip,அரை,Body-Parts,words
ꢣꣀꢬ ꢲꢵꢡ꣄,दैरहात,தை3ரஹாத்,daira haat,daira hAt,daira hāt,d̪əɪɾə ɦɑːt̪,left hand,இடக்கை,Body-Parts,words
ꢣꢒꢸꢥ ꢲꢵꢡꢶ,दकुनहात,த3குனஹாத்,dakuna haati,dakuna hAti,dakuna hāti,d̪əkun̪ə ɦɑːt̪ɪ,left hand,இடக்கை,Body-Parts,words
ꢒꢿꢜ꣄,केट्,கேட்,ket',keT,keṭ,keːʈ,waist,இடுப்பு,Body-Parts,words
ꢔꢸꢠ꣄ꢞꣁ,गुण्ड॑,கு3ண்டெ3,gund'o',guNDO,guṇḍŏ,guɳɖo,heart,இதயம்,Body-Parts,words
ꢬꣁꢦ꣄ꢦꣁ,रा॑प्पा॑,ரொப்பொ,ro'ppo',rOppO,rŏppŏ,ɾoppo,eyelash,இமை,Body-Parts,words
ꢬꢾꢔꢡ꣄,र॑गत्,ரெக3த்,re'gat,rEgat,rĕgat,ɾegət̪,blood,இரத்தம்,Body-Parts,words
ꢲ꣄ꢬꢸꢣꢫꢸ,ह्रुदयु,ஹ்ருத3யு,hrudayu,hrudayu,hrudayu,ɦɾud̪əju,heart,இருதயம்,Body-Parts,words
ꢔꢸꢠ꣄ꢞꢾ,गुण्ड॑,கு3ண்டெ3,gund'e',guNDE,guṇḍĕ,guɳɖe,heart,இருதயம்,Body-Parts,words
ꢡꢶꢳ꣄꣄ꢙꢶ,तिळ्जि,தி2ள்ஜி,til'ji,tiLji,til̤ji,t̪ɪɭd͡ʒɪ,liver,ஈரல்,Body-Parts,words
ꢲ꣄ꢬꢸꢞꢶ,ह्रुडि,ஹ்ருடி3,hrud'i,hruDi,hruḍi,ɦɾuɖɪ,gum,ஈறு,Body-Parts,words
ꢡꢳꢸ,तळु,தளு,tal'u,taLu,tal̤u,t̪əɭu,crown,உச்சி,Body-Parts,words
ꢃꢖ꣄ꢒꢸ,आङकु,ஆங்கு3,aanku,AGku,āṅku,ɑːŋku,body,உடம்பு,Body-Parts,words
ꢱꢾꢬꢶꢬ꣄,सेरिर,ஶெரிர்,se'rir,sErir,sĕrir,s̪eɾɪɾ,body,உடம்பு,Body-Parts,words
ꢡꢥꢸ,तनु,தனு,tanu,tanu,tanu,t̪ən̪u,body,உடம்பு,Body-Parts,words
ꢃꢖ꣄ꢔꢸ,आङगु,ஆங்கு3,aangu,AGgu,āṅgu,ɑːŋgu,body,உடம்பு,Body-Parts,words
ꢲꢸꢜ꣄ꢜꣁ,हुट्टा॑,ஹுட்டொ,hut't'o',huTTO,huṭṭŏ,ɦuʈʈo,saliva,உமிழ்நீர்,Body-Parts,words
ꢙꢷꢬ꣄ꢠꢸ ꢣ꣄ꢬꢮ꣄ꢫꢸ,जीर्णु द्रव्यु,ஜீர்ணு த்3ரவ்யு,jeernu dravyu,jIrNu dravyu,jīrṇu dravyu,d͡ʒiːɾɳu d̪ɾəʋju,saliva,உமிழ்நீர்,Body-Parts,words
ꢦꢵꢣꢪ꣄,पादम्,பாத3ம்,paadam,pAdam,pādam,pɑːd̪əm,sole of the foot,உள்ளங்கால்,Body-Parts,words
ꢡꢳꢦꢵꢄ~,तळपाइ~,தளபாஇ~,tal'apaai~,taLapAi~,tal̤apāi~,t̪əɭəpɑːɪ~,sole of the foot,உள்ளங்கால்,Body-Parts,words
ꢡꢳꢲꢵꢡ꣄,तळहात्,தளஹாத்,tal'ahaat,taLahAt,tal̤ahāt,t̪əɭəɦɑːt̪,palm,உள்ளங்கை,Body-Parts,words
ꢲꢹꢜ꣄ꢜꣁ,हुट्टा॑,ஹுட்டொ,hoot't'o',hUTTO,hūṭṭŏ,ɦuːʈʈo,spit,எச்சில்,Body-Parts,words
ꢲꢜ꣄ꢒꣁ,हट्का॑,ஹட்கொ,hat'ko',haTkO,haṭkŏ,ɦəʈko,bone,எலும்பு,Body-Parts,words
ꢲꢜ꣄ꢒꢵ ꢔꢹꢞ꣄,हट्कागूड्,ஹட்காகூ3ட்3,hat'kaa good',haTkA gUD,haṭkā gūḍ,ɦəʈkɑː guːɖ,skeleton,எலும்புக்கூடு,Body-Parts,words
ꢣꣁꢳꣁ,दा॑ळा॑,தொ3ளொ,do'l'o',dOLO,dŏl̤ŏ,d̪oɭo,eye,கண்,Body-Parts,words
ꢣꣁꢳꢵꢪ꣄ ꢦꢥꢶ,दा॑ळाम्पनि,தொ3ளாம்பனி,do'l'aam pani,dOLAm pani,dŏl̤ām pani,d̪oɭɑːm pən̪ɪ,tears,கண்ணீர்,Body-Parts,words
ꢦꢦꣁ,पपा॑,பபொ,papo',papO,papŏ,pəpo,pupil of the eye,கண்மணி,Body-Parts,words
ꢔꢸꢞ꣄ꢔꢵꢭ꣄,गुड्गाल्,கு3ட்3கா3ல்,gud'gaal,guDgAl,guḍgāl,guɖgɑːl,ankle,கணுக்கால்,Body-Parts,words
ꢦꢭ꣄ꢜꢶ,पल्टि,கு3ட்3கா3ல்,palt'i,palTi,palṭi,pəlʈɪ,ankle,கணுக்கால்,Body-Parts,words
ꢔꢾꢳꣁ,ग॑ळा॑,கெ3ளொ,ge'l'o',gELO,gĕl̤ŏ,geɭo,neck,கழுத்து,Body-Parts,words
ꢒꢥꢱꢸꢭ꣄,कनसुल्,கனஸுல்,kanasul,kanasul,kanasul,kən̪əs̪ul,cheek,கன்னம்,Body-Parts,words
ꢔꢮ꣄ꢭꣁ,गव्ला॑,க3வ்லொ,gavlo',gavlO,gavlŏ,gəʋlo,cheek,கன்னம்,Body-Parts,words
ꢔꢦꢸꢭꣁ,गपुला॑,க3புலொ,gapulo',gapulO,gapulŏ,gəpulo,cheek,கன்னம்,Body-Parts,words
ꢔꢵꢭꢸ,गालु,கா3லு,gaalu,gAlu,gālu,gɑːlu,cheek,உள்கன்னம்,Body-Parts,words
ꢒꢵꢥ꣄,कान्,கான்,kaan,kAn,kān,kɑːn̪,ear,காது,Body-Parts,words
ꢦꢵꢄ~,पाइ~,பாஇ~,paai~,pAi~,pāi~,pɑːɪ~,leg,கால்,Body-Parts,words
ꢒꢺꢡꢵ,कृता,க்ருதா3,kri'taa,kRtA,kṛtā,kɾɨt̪ɑː,whiskers,கிருதா,Body-Parts,words
ꢓꢭꢸ ꢏꢣꢞ꣄,खलु आ॑दड्,கா2லுஒத3ட்3,khalu o'dad',khalu OdaD,khalu ŏdaḍ,kʰəlu od̪əɖ,lower lip,கீழுதடு,Body-Parts,words
ꢂꢥ꣄ꢡ꣄ꢬꣁ,अन्त्रा॑,அந்த்ரொ,antro',antrO,antrŏ,ən̪t̪ɾo,intestine,குடல்,Body-Parts,words
ꢱꣁꢪꢵꢥ꣄,सा॑मान्,ஸொமான்,so'maan,sOmAn,sŏmān,s̪omɑːn̪,intestine,குடல்,Body-Parts,words
ꢔꢠ꣄ꢜ꣄ꢬꢶ,गण्ट्रि,க3ண்ட்ரி,gant'ri,gaNTri,gaṇṭri,gəɳʈɾɪ,buttocks,குண்டி,Body-Parts,words
ꢙꢸꢜ꣄ꢜꢶ,जुट्टि,ஜுட்டி,jut't'i,juTTi,juṭṭi,d͡ʒuʈʈɪ,tuft,குடுமி,Body-Parts,words
ꢦꢳ꣄꣄ꢜꢶ,पळ्टि,பள்டி,pal't'i,paLTi,pal̤ṭi,pəɭʈɪ,heel,குதிகால்,Body-Parts,words
ꢕꢞꢶ,घडि,க4டி3,ghad'i,ghaDi,ghaḍi,gʰəɖɪ,adam,குரல்வளை,Body-Parts,words
ꢡꢶꢳ꣄ꢙꢶ,तिळ्जि,திள்ஜி,til'ji,tiLji,til̤ji,t̪ɪɭd͡ʒɪ,,"சுவரொட்டி, கல்லீரல்",Body-Parts,words
ꢨꣁꢪ꣄ꢨꢶ,बा॑म्बि,பொ3ம்பி3,bo'mbi,bOmbi,bŏmbi,bombɪ,Navel,தொப்புள்,Body-Parts,words
ꢥꢵꢩꢶ,नाभि,நாபி4,naabhi,nAbhi,nābhi,n̪ɑːbʰɪ,Navel,தொப்புள்,Body-Parts,words
ꢓꢿꢱ꣄,खेस्,கே2ஸ்,khes,khes,khes,kʰeːs̪,long hair on head of woman,கூந்தல்,Body-Parts,words
ꢲꢵꢡ꣄,हात्,ஹாத்,haat,hAt,hāt,ɦɑːt̪,hand,கை,Body-Parts,words
ꢒꣁꢠ꣄ꢞꢾ,का॑ण्ड॑,கொண்டெ3,ko'nd'e',kONDE,kŏṇḍĕ,koɳɖe,hair-do of woman,கொண்டை,Body-Parts,words
ꢓꣁꢨꣁ,खा॑बा॑,கொ2பொ3,kho'bo',khObO,khŏbŏ,kʰobo,hair-do of woman,கொண்டை,Body-Parts,words
ꢙꢾꢜꣁ,जा॑डा॑,ஜொ2டொ3,je't'o',jETO,jĕṭŏ,d͡ʒeʈo,matted hair,சடை,Body-Parts,words
ꢮꢾꢥꢶ,व॑नि,வெனி,ve'ni,vEni,vĕni,ʋen̪ɪ,plaited hair,சடை,Body-Parts,words
ꢒꢾꢠ꣄ꢜꣁ,क॑ण्डा॑,கெண்டொ,ke'nt'o',kENTO,kĕṇṭŏ,keɳʈo,muscle,சதை,Body-Parts,words
ꢥꢴꢥ꣄ꢥ ꢂꢥ꣄ꢡꢬꣁ,न्हन्नअन्तरा॑,ந:ன் ந அந்த்ரொ,nhanna antaro',nhanna antarO,nhanna antarŏ,n̪ɦən̪n̪ə ən̪t̪əɾo,small intestine,சிறுகுடல்,Body-Parts,words
ꢪꢹꢡ,मूत्,மூத்,moota,mUta,mūta,muːt̪ə,urine,சிறுநீர்,Body-Parts,words
꣄ ꢮꢠ꣄ꢠꢶ,वण्णि,வண்ணி,vanni,vaNNi,vaṇṇi,ʋəɳɳɪ,urine,சிறுநீர்,Body-Parts,words
ꢒꢶꢳꢖ꣄ꢔꢳꢶꢶ,किळङगिळि,கிளங்கி3ளி,kil'angal'ii,kiLaGgaLii,kil̤aṅgal̤ii,kɪɭəŋgəɭɪɪ,little finger,சிறுவிரல்,Body-Parts,words
ꢣꢬ꣄ꢙꢥꢶ ꢂꢖ꣄ꢔꢶꢳꢶ,दर्जनि अङगिळि,தர்ஜனிஅங்கி3ளி,darjani angil'i,darjani aGgiLi,darjani aṅgil̤i,d̪əɾd͡ʒən̪ɪ əŋgɪɭɪ,Index finger,சுட்டுவிரல்,Body-Parts,words
ꢔꢸꢬ꣄ꢣꢸ ꢂꢖ꣄ꢔꢶꢳꢶ,गुर्तु अङगिळि,கு3ர்துஅங்கி3ளி,gurdu angil'i,gurdu aGgiLi,gurdu aṅgil̤i,guɾd̪u əŋgɪɭɪ,Index finger,சுட்டுவிரல்,Body-Parts,words
ꢣꣁꢱ꣄ꢒꣁ,दा॑स्का॑,தொ3ஸ்கொ,do'sko',dOskO,dŏskŏ,d̪os̪ko,head,தலை,Body-Parts,words
ꢒꢦꢵꢭ꣄,कपाल,கபால்,kapaal,kapAl,kapāl,kəpɑːl,skull,தலையோடு,Body-Parts,words
ꢗꢶꢥ꣄ꢲꢸ,सिनहु,சின்ஹு,chinhu,cinhu,cinhu,t͡ʃɪn̪ɦu,scar,தழும்பு,Body-Parts,words
ꢂꢞꣁ,अडा॑,அடொ3,ad'o',aDO,aḍŏ,əɖo,vagina,பெண்குறி,Body-Parts,words
ꢔꢸꢳ꣄ꢳꢸ,गुळ्ळु,கு3ள்ளு,gul'l'u,guLLu,gul̤l̤u,guɭɭu,penis,ஆண்குறி,Body-Parts,words
ꢔꣁꢡꣁ,गा॑ता॑,கொ4தொ,go'to',gOtO,gŏtŏ,got̪o,penis,ஆண்குறி,Body-Parts,words
ꢮꢶꢥ꣄ꢡꢸꢭ꣄,विन्तुल्,விந்துல்,vintul,vintul,vintul,ʋɪn̪t̪ul,penis,ஆண்குறி,Body-Parts,words
ꢦꢶꢙꢵꢮꢸ,पिजावु,பிஜாவு,pijaavu,pijAvu,pijāvu,pɪd͡ʒɑːʋu,penis,ஆண்குறி,Body-Parts,words
ꢣꢵꢞꢶ,दाडि,தா3டி3,daad'i,dADi,dāḍi,d̪ɑːɖɪ,beard,தாடி,Body-Parts,words
ꢗꢷꢦꢸ,चिपु,சீபு,cheepu,cIpu,cīpu,t͡ʃiːpu,jaw,தாடை,Body-Parts,words
ꢱꢬꢷꢬ꣄,शरीर्,ஶரீர்,sareer,sarIr,sarīr,s̪əɾiːɾ,body,உடம்பு,Body-Parts,words
ꢪꢞꢶ,मडि,மடி3,mad'i,maDi,maḍi,məɖɪ,thigh,தொடை,Body-Parts,words
ꢂꢖ꣄ꢔꢪ꣄,अङगम्,அங்க3ம்,angam,aGgam,aṅgam,əŋgəm,thigh,தொடை,Body-Parts,words
ꢕꢞꢶ,घडि,க4டி3,ghad'i,ghaDi,ghaḍi,gʰəɖɪ,throat,தொண்டை,Body-Parts,words
ꢨꣁꢙ꣄ꢙꢾ,बा॑ज्ज॑,பொ3ஜ்ஜெ,bo'jje',bOjjE,bŏjjĕ,bod͡ʒd͡ʒe,big belly,தொந்தி,Body-Parts,words
ꢨꣁꢪ꣄ꢨꢶ,बा॑म्बि,பொ3ம்பி3,bo'mbi,bOmbi,bŏmbi,bombɪ,,,Body-Parts,words
ꢒꢾꢱꢥ꣄,क॑सन्,கெஸன்,ke'san,kEsan,kĕsan,kes̪ən̪,skin,தோல்,Body-Parts,words
ꢒꢾꢠ꣄ꢞꣁ,क॑ण्डा॑,கெண்டொ3,ke'nd'o',kENDO,kĕṇḍŏ,keɳɖo,skin,தோல்,Body-Parts,words
ꢓꢵꢥ꣄ꢣꢸ,खान्दु,கா2ந்து3,khaandu,khAndu,khāndu,kʰɑːn̪d̪u,shoulder,தோள்,Body-Parts,words
ꢬꢾꢜ꣄ꢜꢾ,र॑ट्ट॑,ரெட்டெ,re't't'e',rETTE,rĕṭṭĕ,ɾeʈʈe,shoulder blade,தோள்பட்டை,Body-Parts,words
ꢥꢾꢒ꣄ꢒꢸ,न॑क्कु,நெக்கு,ne'kku,nEkku,nĕkku,n̪ekku,nail,நகம்,Body-Parts,words
ꢥꢾꢬꢪ꣄,न॑रम्,நெரம்,ne'ram,nEram,nĕram,n̪eɾəm,nerve,நரம்பு,Body-Parts,words
ꢙꢷꢦ꣄,जीप्,ஜீப்,jeep,jIp,jīp,d͡ʒiːp,tongue,நாக்கு,Body-Parts,words
ꢬꢾꢔꢡ꣄ꢤꢸꢖ꣄ꢒꢭ꣄,रेगत्धुङ्कल,ரெக3த்து4ங்கல்,re'gatdhunkal,rEgatdhuGkal,rĕgatdhuṅkal,ɾegət̪d̪ʰuŋkəl,pulse,நாடி,Body-Parts,words
ꢥꢵꢞꢶ,नाडि,நாடி3,naad'i,nADi,nāḍi,n̪ɑːɖɪ,pulse,நாடி,Body-Parts,words
ꢒꢮ꣄ꢭꣁ,कव्ला॑,கவ்லொ,kavlo',kavlO,kavlŏ,kəʋlo,chin,கன்னம்,Body-Parts,words
ꢮꢥꢶ,वनि,வனி,vani,vani,vani,ʋən̪ɪ,complexion,நிறம்,Body-Parts,words
ꢒꣁꢮ꣄ꢱꣁ,का॑व्सा॑,கொ2வ்ஸொ,ko'vso',kOvsO,kŏvsŏ,koʋs̪o,lungs,நுரையீரல்,Body-Parts,words
ꢲꢿꢪ꣄,हेम्,ஹேம்,hem,hem,hem,ɦeːm,chest,நெஞ்சு,Body-Parts,words
ꢒꢦꢵꢳ꣄,कपाळ,கபா3ள்,kapaal',kapAL,kapāl̤,kəpɑːɭ,forehead,நெற்றி,Body-Parts,words
ꢣꢵꢡ꣄,दात्,தா3த்,daat,dAt,dāt,d̪ɑːt̪,tooth,பல்,Body-Parts,words
ꢦꢔꢸꢭ꣄,पगुल्,பகு3ல்,pagul,pagul,pagul,pəgul,foot,பாதம்,Body-Parts,words
ꢦꢨꢶꢥꢶ,पबिनि,பபி3நி,pabini,pabini,pabini,pəbɪn̪ɪ,eyebrow,புருவம்,Body-Parts,words
ꢦꢮ꣄ꢥꢶ,पव्नि,பவ்நி,pavni,pavni,pavni,pəʋn̪ɪ,eyebrow,புருவம்,Body-Parts,words
ꢂꢥ꣄ꢡꢶꢬꣁ,अन्तिरा॑,அந்த்ரொ,antiro',antirO,antirŏ,ən̪t̪ɪɾo,large intestine,பெருங்குடல்,Body-Parts,words
ꢲꢔꢸꢠ꣄ꢜꣁ,हगुण्टा॑,ஹகு3ண்டொ3,hagunt'o',haguNTO,haguṇṭŏ,ɦəguɳʈo,thumb,பெருவிரல்,Body-Parts,words
ꢔꢨꢵꢳ꣄,गबाळ्,க3பா3ள்,gabaal',gabAL,gabāl̤,gəbɑːɭ,temple,பொட்டு,Body-Parts,words
ꢪꢞꢶ,मडि,மடி3,mad'i,maDi,maḍi,məɖɪ,lap,மடி,Body-Parts,words
ꢂꢖ꣄ꢔꢪ꣄,अङगम्,அங்க3ம்,angam,aGgam,aṅgam,əŋgəm,lap,மடி,Body-Parts,words
ꢡꣁꢱ꣄ꢒꣁ,ता॑स्का॑,தொஸ்கொ,to'sko',tOskO,tŏskŏ,t̪os̪ko,,,Body-Parts,words
ꢪꣁꢠ꣄ꢞꢾ,मा॑ण्ड॑,மொண்டெ3,mo'nd'e',mONDE,mŏṇḍĕ,moɳɖe,,,Body-Parts,words
ꢪꣁꢠ꣄ꢜꢾ ꢔꢹꢞ꣄,मा॑ण्ड॑ गूड्,மொண் டெ3 கூட்3,mo'nt'e' good',mONTE gUD,mŏṇṭĕ gūḍ,moɳʈe guːɖ,,,Body-Parts,words
ꢒꢖ꣄ꢒꢸꢬꣁ,कङकुरा॑,கங்கு3ரொ,kankuro',kaGkurO,kaṅkurŏ,kəŋkuɾo,wrist,மணிக்கட்டு,Body-Parts,words
ꢪꣁꢗ꣄ꢗꣁ,मा॑च्चा॑,மொச்சொ,mo'chcho',mOccO,mŏccŏ,mot͡ʃt͡ʃo,mole,மரு,Body-Parts,words
ꢓꢿꢯ꣄,खेश्,கே2ஶ்,khesh,khez,kheś,kʰeːʃ,hair,மயிர்,Body-Parts,words
ꢪꢙ꣄ꢙꣁ,मज्जा॑,மஜ்ஜொ,majjo',majjO,majjŏ,məd͡ʒd͡ʒo,marrow,மஜ்ஜை,Body-Parts,words
ꢪꢸꢱꢶꢥ꣄,मुसिन्,முஸின்,musin,musin,musin,mus̪ɪn̪,moustache,மீசை,Body-Parts,words
ꢪꢸꢱꢸꢖ꣄ꢔꢸ,मुसुङगु,முஸுங்கு3,musungu,musuGgu,musuṅgu,mus̪uŋgu,moustache,மீசை,Body-Parts,words
ꢡꣂꢠ꣄,दोण्,தோண்,ton,toN,toṇ,t̪oːɳ,face,முகம்,Body-Parts,words
ꢪꢹꢜ꣄,मुट्,மூட்,moot',mUT,mūṭ,muːʈ,fist,முட்டி,Body-Parts,words
ꢔꢸꢜ꣄ꢒꣁ,गुट्का॑,கு3ட்3கொ3,gut'ko',guTkO,guṭkŏ,guʈko,knee cap,முட்டு,Body-Parts,words
ꢪꢸꢠ꣄ꢞꣁ,मुण्डा॑,முண்டொ3,mund'o',muNDO,muṇḍŏ,muɳɖo,trunk,முண்டம்,Body-Parts,words
ꢦꢵꢜ꣄,पाट्,பாட்,paat',pAT,pāṭ,pɑːʈ,back,முதுகு,Body-Parts,words
ꢦꢵꢜꢸꢲꢜ꣄ꢒꣁ,पाटु हट्का॑,பாடு3ஹட்கொ,paat'uhat'ko',pATuhaTkO,pāṭuhaṭkŏ,pɑːʈuɦəʈko,backbone,முதுகெலும்பு,Body-Parts,words
ꢣꢸꢣ꣄ꢡꢸ,दुद्तु,து3த்3து,dudtu,dudtu,dudtu,d̪ud̪t̪u,breast,முலை,Body-Parts,words
ꢣꢹꢡ꣄ ꢲꣁꢮꢶ,दूत हा॑वि,தூ3த்ஹொவி,doot ho'vi,dUt hOvi,dūt hŏvi,d̪uːt̪ ɦoʋɪ,breast,முலை,Body-Parts,words
ꢔꢸꢜ꣄ꢒꣁ,गुटको,கு3ட்3கொ3,gut'ko',guTkO,guṭkŏ,guʈko,knee,முழங்கால்,Body-Parts,words
ꢗꢾꢪ꣄ꢪꢬ꣄ ꢲꢵꢡ꣄,चेम्मर्हात्,ஸொம்மருஹாத்,che'mmar haat,cEmmar hAt,cĕmmar hāt,t͡ʃemməɾ ɦɑːt̪,elbow,முழங்கை,Body-Parts,words
ꢓꣁꢨꣁ,खोबो,கொ2வொ,kho'bo',khObO,khŏbŏ,kʰobo,elbow,முழங்கை,Body-Parts,words
ꢥꢵꢒ꣄,नाक्,நாக்,naak,nAk,nāk,n̪ɑːk,nose,மூக்கு,Body-Parts,words
ꢥꢵꢔꢸꢦꢸꢜ꣄ꢜꣁ,नागुपुट्टा॑,நாகு3புட்டொ,naaguput't'o',nAgupuTTO,nāgupuṭṭŏ,n̪ɑːgupuʈʈo,nostril,மூக்கு ஓட்டை,Body-Parts,words
ꢩꢥ꣄ꢣꢶ,भन्दि,ப4ந்தி3,bhandi,bhandi,bhandi,bʰən̪d̪ɪ,joint,மூட்டு,Body-Parts,words
ꢪꢾꢣꢸꢞ꣄,म॑दुड,மெது3ட்3,me'dud',mEduD,mĕduḍ,med̪uɖ,brain,மூளை,Body-Parts,words
ꢪꢱ꣄ꢡꢶꢱ꣄ꢒꣁ,मस्तिस्का॑,மஸ்திஸ்கொ,mastisko',mastiskO,mastiskŏ,məs̪t̪ɪs̪ko,brain,மூளை,Body-Parts,words
ꢩꢶꢣꢸꢜ꣄,भिदुट,பி4து3ட்,bhidut',bhiduT,bhiduṭ,bʰɪd̪uʈ,brain,மூளை,Body-Parts,words
ꢆꢛ꣄ꢗꢵ ꢏꢡꢜ꣄,उञ्चा हा॑ट,உஞ்சாஹோட்,unchaa o'tat',uJcA OtaT,uñcā ŏtaṭ,uɲt͡ʃɑː ot̪əʈ,upper lip,மேலுதடு,Body-Parts,words
ꢪꣁꢜ꣄ꢜꢾ,मा॑ट्ट॑,மொட்டெ,mo't't'e',mOTTE,mŏṭṭĕ,moʈʈe,shaven head,மொட்டைத்தலை,Body-Parts,words
ꢪꣁꢳꢶ,मा॑ळि,மொளி,mo'l'i,mOLi,mŏl̤i,moɭɪ,elbow,முழங்கை,Body-Parts,words
ꢪꢸꢡ꣄ꢣꢶ ꢂꢖ꣄ꢒꢶꢳꢶ,मुत्दि अङकिळि,முத்3தி3அங்கி3ளி,mutdi ankil'i,mutdi aGkiLi,mutdi aṅkil̤i,mut̪d̪ɪ əŋkɪɭɪ,ring finger,மோதிரவிரல்,Body-Parts,words
ꢗꢷꢦꢸ,चीपु,சீபு,cheepu,cIpu,cīpu,t͡ʃiːpu,chin,மேவாய்,Body-Parts,words
ꢩꢵꢖ꣄ꢔꢸ,भाङगु,பா4ங்கு3,bhaangu,bhAGgu,bhāṅgu,bʰɑːŋgu,Split line of hair,வகிடு,Body-Parts,words
ꢔꢸꢪ꣄ꢦꢶꢥꢶ,गुम्पिनि,கு3ம்பினி,gumpini,gumpini,gumpini,gumpɪn̪ɪ,parting of hair,வகுப்பு,Body-Parts,words
ꢦꣂꢜ꣄,पोट्,போட்,pot',poT,poṭ,poːʈ,stomach,வயிறு,Body-Parts,words
ꢙꣀꢥ ꢲꢵꢡ꣄,जैनहात्,ஜைனஹாத்,jaina haat,jaina hAt,jaina hāt,d͡ʒəɪn̪ə ɦɑːt̪,right hand,வலக்கை,Body-Parts,words
ꢙꢾꢬꢸꢥ ꢲꢵꢡ꣄,जगुनहात्,ஜகு3னஹாத்,je'runa haat,jEruna hAt,jĕruna hāt,d͡ʒeɾun̪ə ɦɑːt̪,right hand,வலக்கை,Body-Parts,words
ꢡꣂꢠ꣄,तोण्,தோண்,ton,toN,toṇ,t̪oːɳ,mouth,வாய்,Body-Parts,words
ꢱꢾꢒꣁ,स॑का॑,ஸெகொ,se'ko',sEkO,sĕkŏ,s̪eko,sweat,வியர்வை,Body-Parts,words
ꢂꢖ꣄ꢒꢶꢳꢶ,अङकिळि,அங்கி3ளி,ankil'i,aGkiLi,aṅkil̤i,əŋkɪɭɪ,finger,விரல்,Body-Parts,words
ꢦꣁꢒ꣄ꢒꣁ,पा॑क्का॑,பொக்கொ,po'kko',pOkkO,pŏkkŏ,pokko,sides of the chest,விலா,Body-Parts,words
ꢦꣁꢒ꣄ꢒꣁ ꢲꢜ꣄ꢒꣁ,पा॑क्का हट्का॑,பொக்கா ஹட்கொ,po'kko' hat'ko',pOkkO haTkO,pŏkkŏ haṭkŏ,pokko ɦəʈko,ribs,விலா எலும்பு,Body-Parts,words
ꢂꢠ꣄ꢗꢸ ꢮꢔꢡꢶ,अण्चुव गति,அண்சுவ க3தி,anchu vagati,aNcu vagati,aṇcu vagati,əɳt͡ʃu ʋəgət̪ɪ,suppression,அடக்குமுறை,Law-and-Order,words
ꢂꢥ꣄ꢫꢵꢮ꣄,अन्याव,அந்யாவ்,anyaav,anyAv,anyāv,ən̪jɑːʋ,injustice,அநியாயம்,Law-and-Order,words
ꢂꢒ꣄ꢬꢪꣁ,अक्रमा॑,அக்ரமொ,akramo',akramO,akramŏ,əkɾəmo,injustice,அநியாயம்,Law-and-Order,words
ꢂꢞꢡ꣄,अडात,அடா3த்,ad'at,aDat,aḍat,əɖət̪,injustice,அநியாயம்,Law-and-Order,words
ꢂꢞꢵꢡ꣄,अडात,அடா3த்,ad'aat,aDAt,aḍāt,əɖɑːt̪,injustice,அநீதி,Law-and-Order,words
ꢃꢥꢷꢞꢶ,अनीदि,அநீதி3,aaneed'i,AnIDi,ānīḍi,ɑːn̪iːɖɪ,injustice,அநீதி,Law-and-Order,words
ꢂꢦꢬꢵꢤ꣄,अपराध,அப்ராத்4,aparaadh,aparAdh,aparādh,əpəɾɑːd̪ʰ,fine,அபராதம்,Law-and-Order,words
ꢂꢪꢭ꣄,अमल्,அமல்,amal,amal,amal,əməl,"in force, implement",அமல்,Law-and-Order,words
ꢦꢬꢶꢦꢵꢭꢥꣁ,परिपालना॑,பரிபாலனொ,paripaalano',paripAlanO,paripālanŏ,pəɾɪpɑːlən̪o,"in force, implement",அமல்,Law-and-Order,words
ꢬꢾꢗ꣄ꢗꢒꢹꢡ꣄,र॑च्चकूत,ரெச்சகூத்,re'chchakoot,rEccakUt,rĕccakūt,ɾet͡ʃt͡ʃəkuːt̪,pandemonium,அமளி,Law-and-Order,words
ꢂꢬꢵꢙꢒꢡꣁ,अराजकता॑,அராஜகதொ,araajakato',arAjakatO,arājakatŏ,əɾɑːd͡ʒəkət̪o,pandemonium,அமளி,Law-and-Order,words
ꢂꢭꢲꣁ,कलहा॑,கலஹொ,alaho',alahO,alahŏ,ələɦo,pandemonium,அமளி,Law-and-Order,words
ꢃꢙ꣄ꢛꣁ,आझञो,ஆஜ்ஞொ,aajnyo',AjJO,ājñŏ,ɑːd͡ʒɲo,order,ஆணை/ உத்தரவு/கட்டளை,Law-and-Order,words
ꢆꢡ꣄ꢡꢬ꣄,उत्तर,உத்தர்,uttar,uttar,uttar,ut̪t̪əɾ,order,ஆணை/ உத்தரவு/கட்டளை,Law-and-Order,words
ꢃꢙ꣄ꢛꢵꢒꢵꢬ꣄,आजञाकार,ஆஜ்ஞாகார்,aajnyaakaar,AjJAkAr,ājñākār,ɑːd͡ʒɲɑːkɑːɾ,commissioner,ஆணையர்,Law-and-Order,words
ꢂꢤꢵꢬ꣄,अधार्,அதா4ர்,adhaar,adhAr,adhār,əd̪ʰɑːɾ,evidence,ஆதாரம்,Law-and-Order,words
ꢬꢸꢙꢸ,रुजु,ருஜு,ruju,ruju,ruju,ɾud͡ʒu,evidence,ஆதாரம்,Law-and-Order,words
ꢱꣂꢤꢥꣁ ꢒꢾꢬ꣄ꢥꢵꢬ꣄,सोधना॑ क॑र्नार,ஸோத4னொ கெர்னார்,sodhano' ke'rnaar,sodhanO kErnAr,sodhanŏ kĕrnār,s̪oːd̪ʰən̪o keɾn̪ɑːɾ,inspector,ஆய்வாளர்,Law-and-Order,words
ꢱꣁꢤꢸꢥꢵꢬ꣄,सोधुनार,ஸோது4னார்,so'dhunaar,sOdhunAr,sŏdhunār,s̪od̪ʰun̪ɑːɾ,inspector,ஆய்வாளர்,Law-and-Order,words
ꢂꢫ꣄ꢣꢸꢦꢳꣁ,अय्दुपळा॑,அய்து3பளொ,aydupal'o',aydupaLO,aydupal̤ŏ,əjd̪upəɭo,armed force,ஆயுதப்படை,Law-and-Order,words
ꢱꢾꢥ,सेन,ஸேன,se'na,sEna,sĕna,s̪en̪ə,armed force,ஆயுதப்படை,Law-and-Order,words
ꢃꢫꢸꢱ꣄ꢣꢾꢠ꣄ꢞꢥꣁ,आयुद॑ण्ड्ना॑,ஆயுஸ்தெ3ண்ட3னொ,aayusde'nd'ano',AyusdENDanO,āyusdĕṇḍanŏ,ɑːjus̪d̪eɳɖən̪o,life imprisonment,ஆயுள் தண்டனை,Law-and-Order,words
ꢃꢬ꣄ꢩꢵꢜꣁ,अर्भाटा॑,ஆர்பா4டொ,aarbhaat'o',ArbhATO,ārbhāṭŏ,ɑːɾbʰɑːʈo,uproar,ஆர்ப்பாட்டம்,Law-and-Order,words
ꢬꢾꢗ꣄ꢗꢵ ꢬꢾꢗ꣄ꢗꣁ,र॑च्चा॑र॑च्चा॑,ரெச்சாரெச்சொ,re'chchaa re'chcho',rEccA rEccO,rĕccā rĕccŏ,ɾet͡ʃt͡ʃɑː ɾet͡ʃt͡ʃo,uproar,ஆர்ப்பாட்டம்,Law-and-Order,words
ꢦꢡ꣄ꢬꣁ,पत्रा॑,பத்ரொ,patro',patrO,patrŏ,pət̪ɾo,record,ஆவணம்,Law-and-Order,words
ꢣꢱ꣄ꢡꢵꢮꢾꢙ꣄,दस्तावेज,த3ஸ்தாவேஜ்,dastaave'j,dastAvEj,dastāvĕj,d̪əs̪t̪ɑːʋed͡ʒ,record,ஆவணம்,Law-and-Order,words
ꢩꢵꢬꢡ ꢣꢠ꣄ꢞꢥꢵ ꢱꢵꢱꢥꣁ,भारत दण्डना सासना॑,பா4ரத த3ண்ட3னா ஸாஸனொ,bhaarata dand'anaa saasano',bhArata daNDanA sAsanO,bhārata daṇḍanā sāsanŏ,bʰɑːɾət̪ə d̪əɳɖən̪ɑː s̪ɑːs̪ən̪o,Indian Penal Code,இந்தியக் குற்றவியல் சட்டம்,Law-and-Order,words
ꢱꢖ꣄ꢒꢪ꣄,सङकम्,ஸங்க3ம்,sankam,saGkam,saṅkam,s̪əŋkəm,movement,இயக்கம்,Law-and-Order,words
ꢱꢪ꣄ꢱ꣄ꢡꢵꢥ꣄,सम्स्तान्,ஸம்ஸ்தான்,samstaan,samstAn,samstān,s̪əms̪t̪ɑːn̪,movement,இயக்கம்,Law-and-Order,words
ꢒꢸꢭꢥꢵꢱ꣄,कुलनास्,குலநாஸ்,kulanaas,kulanAs,kulanās,kulən̪ɑːs̪,genocide,இனப்படுகொலை,Law-and-Order,words
ꢆꢗ꣄ꢗ ꢥ꣄ꢫꢵꢫꢵꢭꢫꣁ,उच्च न्यायालया॑,உச்ச ந்யாயாலயொ,uchcha nyaayaalayo',ucca nyAyAlayO,ucca nyāyālayŏ,ut͡ʃt͡ʃə n̪jɑːjɑːləjo,Supreme Court,உச்சநீதிமன்றம்,Law-and-Order,words
ꢆꢦꢮꢵꢱ꣄,उपवास,உபவாஸ்,upavaas,upavAs,upavās,upəʋɑːs̪,hunger strike,உண்ணாவிரதம்,Law-and-Order,words
ꢆꢡ꣄ꢡꢵ,उत्तर्,உத்தா,uttaa,uttA,uttā,ut̪t̪ɑː,,,Law-and-Order,words
ꢆꢛ꣄ꢗꢵ ꢥ꣄ꢫꢵꢫꢵꢭꢫꣁ,उञ्चा न्यायालया॑,உஞ்சா ந்யாயாலயொ,unchaa nyaayaalayo',uJcA nyAyAlayO,uñcā nyāyālayŏ,uɲt͡ʃɑː n̪jɑːjɑːləjo,High Court,உயர்நீதிமன்றம்,Law-and-Order,words
ꢄꢗ꣄ꢗꢵ ꢦꢡ꣄ꢬꢸ,इच्चा पत्रु,இச்சா பத்ரு,ichchaa patru,iccA patru,iccā patru,ɪt͡ʃt͡ʃɑː pət̪ɾu,will,உயில்,Law-and-Order,words
ꢂꢥꢸꢪꢡꢶꢨꢶꢭ꣄ꢭꣁ,अनुमतिबिल्ला॑,அனுமதி பி3ல்லொ,anumatibillo',anumatibillO,anumatibillŏ,ən̪umət̪ɪbɪllo,licence,உரிமம்,Law-and-Order,words
ꢨꢵꢣ꣄ꢫꢡꣁ,बाद्यता॑,பா3த்3யதொ,baadyato',bAdyatO,bādyatŏ,bɑːd̪jət̪o,licence,உரிமம்,Law-and-Order,words
ꢨꢵꢣ꣄ꢫꢡꣁ,बाद्यता॑,பா3த்3யதொ,baadyato',bAdyatO,bādyatŏ,bɑːd̪jət̪o,right,உரிமை,Law-and-Order,words
ꢂꢤꢶꢒꢵꢬ꣄,अधिकार,அதி4கார்,adhikaar,adhikAr,adhikār,əd̪ʰɪkɑːɾ,right,உரிமை,Law-and-Order,words
ꢗꢵꢬꢠꣁ,चारणा॑,சாரணொ,chaarano',cAraNO,cāraṇŏ,t͡ʃɑːɾəɳo,spy,உளவாளி/ ஒற்றன்,Law-and-Order,words
ꢕꢹꢜꢗꢵꢬꢶ,घूटचारि,கூ4டசாரி,ghoot'achaari,ghUTacAri,ghūṭacāri,gʰuːʈət͡ʃɑːɾɪ,spy,உளவாளி/ ஒற்றன்,Law-and-Order,words
ꢒꢬ꣄ꢡꢮ꣄,कर्तव,கர்தவ்,kartav,kartav,kartav,kəɾt̪əʋ,duty,கடமை,Law-and-Order,words
ꢒꢬ꣄ꢡꢮ꣄ꢫꣁ,कर्तव्या॑,கர்தவ்யொ,kartavyo',kartavyO,kartavyŏ,kəɾt̪əʋjo,duty,கடமை,Law-and-Order,words
ꢒꢵꢬꢵꢒꢵꢬ꣄,काराकार,காராகார்,kaaraakaar,kArAkAr,kārākār,kɑːɾɑːkɑːɾ,rigorous imprisonment,கடுஞ்சிறை,Law-and-Order,words
ꢒꢵꢬꢵꢕꢾꢬ꣄,काराघेर,காரா கே4ர்,kaaraaghe'r,kArAghEr,kārāghĕr,kɑːɾɑːgʰeɾ,rigorous imprisonment,கடுஞ்சிறை,Law-and-Order,words
ꢓꢾꢞꢶꢥꢸ ꢒꢵꢬꢵꢒꢵꢬ꣄,ख॑डिनु काराकार,கெ2டி3னு காராகார்,khe'd'inu kaaraakaar,khEDinu kArAkAr,khĕḍinu kārākār,kʰeɖɪn̪u kɑːɾɑːkɑːɾ,rigorous imprisonment,கடுஞ்சிறை,Law-and-Order,words
ꢕꢾꢥꢪ꣄,घ॑नम्,கெ4னம்,ghe'nam,ghEnam,ghĕnam,gʰen̪əm,dignity,கண்ணியம்,Law-and-Order,words
ꢣꣁꢳꢵꢪ꣄ ꢤꢹꢪ꣄,दा॑ळाम्धूम्,தொ3ளாதூ4ம்,do'l'aam dhoom,dOLAm dhUm,dŏl̤ām dhūm,d̪oɭɑːm d̪ʰuːm,tear gas,கண்ணீர்ப்புகை,Law-and-Order,words
ꢒꢮꢵꢜ꣄ ꢚꢔꢶꢥꢶ,कवाट झगिनि,கவாட் ஜ2கி3னி,kavaat' jhagini,kavAT jhagini,kavāṭ jhagini,kəʋɑːʈ d͡ʒʰəgɪn̪ɪ,lock out,கதவடைப்பு,Law-and-Order,words
ꢨꢥ꣄ꢣ꣄,बन्द,ப3ந்த்3,band,band,band,bən̪d̪,lock out,கதவடைப்பு,Law-and-Order,words
ꢬꣃꢳꢶ,रौळि,ரௌளி,raul'i,rauLi,raul̤i,ɾəuɭɪ,mutiny,கலகம்,Law-and-Order,words
ꢒꢭꢔꢪ꣄,कलगम्,கலக3ம்,kalagam,kalagam,kalagam,kələgəm,mutiny,கலகம்,Law-and-Order,words
ꢔꢭꢵꢜ꣄ꢜꢵ,कलाट्टा,க3லாட்டா,galaat't'aa,galATTA,galāṭṭā,gəlɑːʈʈɑː,disturbance,கலாட்டா,Law-and-Order,words
ꢔꢵꢪ꣄ ꢥꢶꢱꢨ꣄ꢣꢸ ꢱꢵꢱꢥꣁ,गाम् निसब्दु सासना॑,கா3ம்நிஸப்3து3ஸாஸனொ,gaam nisabdu saasano',gAm nisabdu sAsanO,gām nisabdu sāsanŏ,gɑːm n̪ɪs̪əbd̪u s̪ɑːs̪ən̪o,curfew,ஊரடங்குச் சட்டம்,Law-and-Order,words
ꢪꣁꢱꢒꢵꢬ꣄,मोसकार,மோஸகார்,mo'sakaar,mOsakAr,mŏsakār,mos̪əkɑːɾ,cheater,எத்தன்,Law-and-Order,words
ꢲꣁꢖ꣄ꢔꢞ꣄ꢠꢵꢬ꣄,हा॑ङ्गडणार,ஹொங்க3ட்3ணார்,ho'ngad'naar,hOGgaDNAr,hŏṅgaḍṇār,ɦoŋgəɖɳɑːɾ,cheater,எத்தன்,Law-and-Order,words
ꢮꢶꢦꢒ꣄ꢰꢸꢮꢵꢥ꣄,विपक्षुवान,விபக்ஷுவான்,vipakshuvaan,vipakSuvAn,vipakṣuvān,ʋɪpəkʂuʋɑːn̪,opposition cadre,எதிர்க்கட்சிக்காரன்,Law-and-Order,words
ꢡꣂꢒꢸꢦꢒ꣄ꢰꢸꢮꢵꢥ꣄,तोकुपक्षुवान,தோகு பக்ஷுவான்,tokupakshuvaan,tokupakSuvAn,tokupakṣuvān,t̪oːkupəkʂuʋɑːn̪,opposition cadre,எதிர்க்கட்சிக்காரன்,Law-and-Order,words
ꢭꢸꢒ꣄ꢙꢵꢥꢶ,लुक्जानि,லுக்ஜானி,lukjaani,lukjAni,lukjāni,lukd͡ʒɑːn̪ɪ,spy,ஒற்றன்,Law-and-Order,words
ꢗꢵꢬ꣄,चार्,சார்,chaar,cAr,cār,t͡ʃɑːɾ,spy,ஒற்றன்,Law-and-Order,words
ꢒꢜ꣄ꢗꢶꢒꢾꢬꣁ,कट्चिक॑रा॑,கட்சிகெரொ,kat'chike'ro',kaTcikErO,kaṭcikĕrŏ,kəʈt͡ʃɪkeɾo,client,கட்சிக்காரன்,Law-and-Order,words
ꢦꢒ꣄ꢯꢸꢮꢵꢥ꣄,पक्षुवान,பக்ஷுவான்,pakshuvaan,pakzuvAn,pakśuvān,pəkʃuʋɑːn̪,client,கட்சிக்காரன்,Law-and-Order,words
ꢗꢾꢡ꣄ꢡꢬ꣄,च॑त्तर्,செத்தர்,che'ttar,cEttar,cĕttar,t͡ʃet̪t̪əɾ,order,கட்டளை,Law-and-Order,words
ꢥꢿꢪꣁ,नेमा॑,நேமொ,nemo',nemO,nemŏ,n̪eːmo,discipline,கட்டுப்பாடு,Law-and-Order,words
ꢱ꣄ꣁꢞ꣄ꢞꢶ,चा॑ड्डि,சொட்3டி3,s_o'd'd'i,s_ODDi,s_ŏḍḍi,s̪_oɖɖɪ,thief,கள்ளி,Law-and-Order,words
ꢢꢠꢵ ꢱ꣄ꢢꢭ ꢬꢒ꣄ꢰꢶꢥꢶ,थणा स्थल रक्षिनि,த2ணா ஸ்த2ல ரக்ஷினி,thanaa sthala rakshini,thaNA sthala rakSini,thaṇā sthala rakṣini,t̪ʰəɳɑː s̪t̪ʰələ ɾəkʂɪn̪ɪ,police custody,காவல் நிலைய கண்காணிப்பு,Law-and-Order,words
ꢢꢠꢵ ꢬꢒ꣄ꢰꢶꢥꢶ,थणारक्षिनि,த2ணா ரக்ஷினி,thanaa rakshini,thaNA rakSini,thaṇā rakṣini,t̪ʰəɳɑː ɾəkʂɪn̪ɪ,police custody,காவல் நிலைய கண்காணிப்பு,Law-and-Order,words
ꢢꢠꢵ ꢮꢶꢩꢵꢔ꣄,थणा विभाग,த2ணா விபா4க்3,thanaa vibhaag,thaNA vibhAg,thaṇā vibhāg,t̪ʰəɳɑː ʋɪbʰɑːg,police department,காவல் துறை,Law-and-Order,words
ꢢꢠꢵ ꢱ꣄ꢢꢭ꣄,थणा स्थल्,த2ணா ஸ்த2ல்,thanaa sthal,thaNA sthal,thaṇā sthal,t̪ʰəɳɑː s̪t̪ʰəl,police station,காவல் நிலையம்,Law-and-Order,words
ꢒꢾꢭ꣄ꢭꢭ꣄,ख॑ल्लल्,கெ2ல்லல்,ke'llal,kEllal,kĕllal,kelləl,"mocking, teasing",கிண்டல்,Law-and-Order,words
ꢬꣃꢞꢶ,रौडि,ரௌடி3,raud'i,rauDi,rauḍi,ɾəuɖɪ,goonda,குண்டன்,Law-and-Order,words
ꢒꢸꢠ꣄ꢞꢸ,कुण्डु,கு3ண்டு3,kund'u,kuNDu,kuṇḍu,kuɳɖu,bomb,குண்டு,Law-and-Order,words
ꢕꣁꢞꢵ ꢱꣀꢥ꣄ꢫꢸ,घा॑डा सैन्यु,கொ4டா3ஸைன்யு,gho'd'aa sainyu,ghODA sainyu,ghŏḍā sainyu,gʰoɖɑː s̪əɪn̪ju,mounted police,குதிரைப்படை,Law-and-Order,words
ꢒꢸꢪ꣄ꢦꢸ,कुम्पु,கு3ம்பு,kumpu,kumpu,kumpu,kumpu,crowd,கும்பல்,Law-and-Order,words
ꢭꢸꢪ꣄ꢦ꣄ꢳꣁ,लुम्प्ळा॑,லும்ப்ளொ,lumpl'o',lumpLO,lumpl̤ŏ,lumpɭo,confusion,குழப்பம்,Law-and-Order,words
ꢂꢦꢬꢵꢤ꣄,अपराध,அபராத்4,aparaadh,aparAdh,aparādh,əpəɾɑːd̪ʰ,crime,குற்றம்,Law-and-Order,words
ꢂꢦꢬꢵꢕꢶ,अपराधि,அபராதி4,aparaaghi,aparAghi,aparāghi,əpəɾɑːgʰɪ,"culprit, the accused",குற்றவாளி,Law-and-Order,words
ꢂꢮ꣄ꢞꢵ ꢮꢶꢗꢵꢬꢠꣁ,अव्डा विचारणा॑,அவ்டா3 விசாரணொ,avd'aa vichaarano',avDA vicAraNO,avḍā vicāraṇŏ,əʋɖɑː ʋɪt͡ʃɑːɾəɳo,cross question,குறுக்கு விசாரணை,Law-and-Order,words
ꢒꣀꢣꢶ,कैदि,கைதி3,kaidi,kaidi,kaidi,kəɪd̪ɪ,prisoner,கைதி,Law-and-Order,words
ꢨꢥ꣄ꢣꢶ,बन्दि,ப3ந்தி3,bandi,bandi,bandi,bən̪d̪ɪ,prisoner,கைதி,Law-and-Order,words
ꢒꢵꢬꢵ ꢔꢸꢦ꣄ꢡꣁ,कारा गुप्ता॑,காராகு3ப்தொ,kaaraa gupto',kArA guptO,kārā guptŏ,kɑːɾɑː gupt̪o,prisoner,கைதி,Law-and-Order,words
ꢒꣀꢣꢸ,कैदु,கைது3,kaidu,kaidu,kaidu,kəɪd̪u,arrest,கைது,Law-and-Order,words
ꢨꢥ꣄ꢣꢶꢒꢾꢬ꣄ꢥꢶ,बन्दिक॑र्नि,ப3ந்தி3கெர்னி,bandike'rni,bandikErni,bandikĕrni,bən̪d̪ɪkeɾn̪ɪ,arrest,கைது,Law-and-Order,words
ꢒꢾꢭ꣄ꢭꢭ꣄ꢒꣁ,केल्लल्का॑,கெல்லல்கொ,ke'llalko',kEllalkO,kĕllalkŏ,kelləlko,"Mocking,trasing",கேலி,Law-and-Order,words
ꢪꣁꢬꢜꢱ꣄꣄ꢡꢾ,मा॑रटस्ते,மொரட3ஸ்தே,mo'rat'aste',mOraTastE,mŏraṭastĕ,moɾəʈəs̪t̪e,murder,கொலை,Law-and-Order,words
ꢪꣁꢬꢞ꣄ꢠꢵꢬ꣄,मा॑रड्णार,மொரட்3ணார்,mo'rad'naar,mOraDNAr,mŏraḍṇār,moɾəɖɳɑːɾ,murderer,கொலைகாரன்/ கொலையாளி,Law-and-Order,words
ꢲꢥ꣄ꢡꣁ,हन्ता॑,ஹந்தொ,hanto',hantO,hantŏ,ɦən̪t̪o,murderer,கொலைகாரன்/ கொலையாளி,Law-and-Order,words
ꢕꢵꢡꢶ,घाति,கா4தி,ghaati,ghAti,ghāti,gʰɑːt̪ɪ,murderer,கொலைகாரன்/ கொலையாளி,Law-and-Order,words
ꢒꢦꢜꢸ ꢓꢶꢛ꣄ꢗꢶꢥꢶ,कपटु खिञ्चिनि,கபடு கி2ஞ்சினி,kapat'u khinchini,kapaTu khiJcini,kapaṭu khiñcini,kəpəʈu kʰɪɲt͡ʃɪn̪ɪ,decoity,கொள்ளை,Law-and-Order,words
ꢒꢦꢜꢸ ꢓꢶꢛ꣄ꢗꢸꢥꢵꢬ꣄,कपटु खिञ्चुनार,கபடு கி2ஞ்சுனார்,kapat'u khinchunaar,kapaTu khiJcunAr,kapaṭu khiñcunār,kəpəʈu kʰɪɲt͡ʃun̪ɑːɾ,decoit,கொள்ளைக்காரன்,Law-and-Order,words
ꢒꢸꢪ꣄ꢦꢸ,कुम्पु,கு3ம்பு,kumpu,kumpu,kumpu,kumpu,group,கோஷ்டி,Law-and-Order,words
ꢱꢵꢱꢥ ꢱꢖ꣄ꢒꢳꢥꣁ,सासन सङ्कळ्ना॑,ஸாஸன ஸங்களனொ,saasana sankal'ano',sAsana saGkaLanO,sāsana saṅkal̤anŏ,s̪ɑːs̪ən̪ə s̪əŋkəɭən̪o,code,சட்டத்தொகுப்பு,Law-and-Order,words
ꢱꢵꢱꢥ ꢱꢖ꣄ꢒꢭꢥꣁ,सासन सङ्कलना॑,ஸாஸன ஸங்கலனொ,saasana sankalano',sAsana saGkalanO,sāsana saṅkalanŏ,s̪ɑːs̪ən̪ə s̪əŋkələn̪o,code,சட்டத்தொகுப்பு,Law-and-Order,words
ꢱꢵꢱꢥꣁ,सासना॑,ஸாஸனொ,saasano',sAsanO,sāsanŏ,s̪ɑːs̪ən̪o,law,சட்டம்,Law-and-Order,words
ꢩꣁꢔꢸꢪꢵ,भा॑गुमान,பொ4கு3மான்,bho'gumaa,bhOgumA,bhŏgumā,bʰogumɑː,prize,சன்மானம்,Law-and-Order,words
ꢱꢵꢒ꣄ꢰꢶ,साक्षि,ஸாக்ஷி,saakshi,sAkSi,sākṣi,s̪ɑːkʂɪ,witness,சாட்சி,Law-and-Order,words
ꢦꢒ꣄ꢰꢸ,पक्षु,பக்ஷு,pakshu,pakSu,pakṣu,pəkʂu,favour,சாதகம்,Law-and-Order,words
ꢱꢵꢣꢒꣁ,सादका॑,ஸாத3கொ,saadako',sAdakO,sādakŏ,s̪ɑːd̪əko,favour,சாதகம்,Law-and-Order,words
ꢱꢵꢭꢵ ꢮꢶꢤꢶꢥ꣄,साला विधिन,ஸாலா விதி4ன்,saalaa vidhin,sAlA vidhin,sālā vidhin,s̪ɑːlɑː ʋɪd̪ʰɪn̪,traffic rules,சாலை விதிகள்,Law-and-Order,words
ꢦꢶꢱ꣄ꢒꢭ꣄,पिस्कल,பிஸ்கல்,piskal,piskal,piskal,pɪs̪kəl,problem,சிக்கல்,Law-and-Order,words
ꢦꢸꢱ꣄ꢒꣁ,बुस्का॑,பு3ஸ்கொ,pusko',puskO,puskŏ,pus̪ko,problem,சிக்கல்,Law-and-Order,words
ꢗꢶꢡ꣄ꢬ ꢮꢤꣁ,चित्रवधो,சித்ரவதொ4,chitra vadho',citra vadhO,citra vadhŏ,t͡ʃɪt̪ɾə ʋəd̪ʰo,torture,சித்திரவதை,Law-and-Order,words
ꢒꢵꢬꢵꢕꢾꢬ꣄,काराघेर,காரா கே4ர்,kaaraaghe'r,kArAghEr,kārāghĕr,kɑːɾɑːgʰeɾ,"jail, prison",சிறை,Law-and-Order,words
ꢱꣂꢱꢥꣁ,सोसना॑,ஸோஸனொ,sosano',sosanO,sosanŏ,s̪oːs̪ən̪o,exploitation,சுரண்டல்,Law-and-Order,words
ꢒꢸꢥꢸꢔꢶꢥꢶ,कुनुगिनि,குநுகி3னி,kunugini,kunugini,kunugini,kun̪ugɪn̪ɪ,exploitation,சுரண்டல்,Law-and-Order,words
ꢮꢶꢭꢹꢝ꣄,विलूठ,விலூட்2,viloot'h,vilUTh,vilūṭh,ʋɪluːʈʰ,plunder,சூறையாடல்,Law-and-Order,words
ꢲꢥꢶꢪꢵꢬ꣄,हनिमार,ஹனிமார்,hanimaar,hanimAr,hanimār,ɦən̪ɪmɑːɾ,plunder,சூறையாடல்,Law-and-Order,words
ꢮꢶꢭꢸꢝꢥꣁ,विलुठना॑,விலுட2னொ,vilut'hano',viluThanO,viluṭhanŏ,ʋɪluʈʰən̪o,plunder,சூறையாடல்,Law-and-Order,words
ꢃꢱ꣄ꢡꢶ,आस्ति,ஆஸ்தி,aasti,Asti,āsti,ɑːs̪t̪ɪ,property,சொத்து,Law-and-Order,words
ꢱꣁꢡ꣄ꢡꢸ,सा॑त्तु,ஸொத்து,so'ttu,sOttu,sŏttu,s̪ot̪t̪u,property,சொத்து,Law-and-Order,words
ꢡꢾꢒꢸꢬꢵꢭ꣄,त॑कुराल्,தெகு3ரால்,te'kuraal,tEkurAl,tĕkurāl,t̪ekuɾɑːl,dispute,தகராறு,Law-and-Order,words
ꢢꢥꢵꢭ ꣄ꢭꣀꢞꢵ ꢲꢥ꣄ꢥꢶ,थणा ललैडा हन्नि,த2னால் லைடா3 ஹன்னி,thanaala laid'aa hanni,thanAla laiDA hanni,thanāla laiḍā hanni,t̪ʰən̪ɑːlə ləɪɖɑː ɦən̪n̪ɪ,lathi charge,தடியடி,Law-and-Order,words
ꢲꢶꢨ꣄ꢨꢵꢞꢸ ꢃꢙꢛꣁ,हिब्बाडु आजञो,ஹிப்3பா3டு3 ஆஜ்ஞொ,hibbaad'u aajanyo',hibbADu AjaJO,hibbāḍu ājañŏ,ɦɪbbɑːɖu ɑːd͡ʒəɲo,"prevention order, stay order",தடையுத்தரவு,Law-and-Order,words
ꢥꢶꢬꣂꢤ꣄ ꢃꢙ꣄ꢛꢸ,निरोध आजञो,நிரோத்4 ஆஜ்ஞொ,nirodh aajnyu,nirodh AjJu,nirodh ājñu,n̪ɪɾoːd̪ʰ ɑːd͡ʒɲu,"prevention order, stay order",தடையுத்தரவு,Law-and-Order,words
ꢣꢾꢠ꣄ꢞꢥꣁ,द॑ण्डना॑,தெ3ண்ட3னொ,de'nd'ano',dENDanO,dĕṇḍanŏ,d̪eɳɖən̪o,punish-ment,தண்டனை,Law-and-Order,words
ꢲꣂꢬ꣄,होर्,ஹோர்,hor,hor,hor,ɦoːɾ,side,தரப்பு,Law-and-Order,words
ꢱ꣄ꢮꢫ ꢬꢒ꣄ꢰꢠꣁ,स्वय रक्षणा॑,ஸ்வய ரக்ஷணொ,svaya rakshano',svaya rakSaNO,svaya rakṣaṇŏ,s̪ʋəjə ɾəkʂəɳo,self-defence,தற்காப்பு,Law-and-Order,words
ꢗꣁꢬ꣄,चो्र,சோர்,cho'r,cOr,cŏr,t͡ʃoɾ,theft,திருட்டு,Law-and-Order,words
ꢡꢷꢬ꣄ꢦꢸ,तीर्पु,தீர்பு,teerpu,tIrpu,tīrpu,t̪iːɾpu,judgement,தீர்ப்பு,Law-and-Order,words
ꢠꢶꢬ꣄ꢠꢫꣁ,निर्णया॑,நிர்ணயொ,nirnayo',NirNayO,ṇirṇayŏ,ɳɪɾɳəjo,judgement,தீர்ப்பு,Law-and-Order,words
ꢄꢔ꣄ꢬꢮꢵꢡꢶ,उग्रवाति,உக்3ரவாதி3,igravaati,igravAti,igravāti,ɪgɾəʋɑːt̪ɪ,extremist,தீவிரவாதி,Law-and-Order,words
ꢭꢸꢒ꣄ ꢙꢥ꣄ꢥꢬ꣄,लुक्जन्नर,லுக் ஜன்னார்,luk jannar,luk jannar,luk jannar,luk d͡ʒən̪n̪əɾ,detective,துப்பறிபவர்,Law-and-Order,words
ꢱꢹꢗꢥꣁ,सूचना॑,ஸூசனொ,soochano',sUcanO,sūcanŏ,s̪uːt͡ʃən̪o,clue,துப்பு,Law-and-Order,words
ꢜꢸꢦ꣄ꢦꢸ,तुप्पु,துப்பு,t'uppu,Tuppu,ṭuppu,ʈuppu,clue,துப்பு,Law-and-Order,words
ꢣꣂꢬꢸ ꢣꢠ꣄ꢞꢵꢥꣁ,दोरु दण्डना॑,தோ3ரு த3ண்ட3னொ,doru dand'aano',doru daNDAnO,doru daṇḍānŏ,d̪oːɾu d̪əɳɖɑːn̪o,hanging punishment,தூக்குத்தண்டனை,Law-and-Order,words
ꢲꣁꢬꢸꢒ꣄ꢬꢶꢫꣁ,होरुक्रिया॑,ஹோரு க்ரியொ,ho'rukriyo',hOrukriyO,hŏrukriyŏ,ɦoɾukɾɪjo,action,நடவடிக்கை,Law-and-Order,words
ꢱꢹꢗꢵꢭ꣄,सूचाल,ஸுசால்,soochaal,sUcAl,sūcāl,s̪uːt͡ʃɑːl,good conduct,நன்னடத்தை,Law-and-Order,words
ꢗꣁꢒ꣄ ꢗꢭ꣄ꢥꢶ,चा॑क चल्नि,சொக் சல்னி,cho'k chalni,cOk calni,cŏk calni,t͡ʃok t͡ʃəln̪ɪ,good conduct,நன்னடத்தை,Law-and-Order,words
ꢱꢡ꣄ ꢗꢭ꣄ꢥꢶ,सत चल्नि,ஸத் சல்னி,sat chalni,sat calni,sat calni,s̪ət̪ t͡ʃəln̪ɪ,good conduct,நன்னடத்தை,Law-and-Order,words
ꢥꢶꢫꢵꢮ꣄,नियाव्,நியாவ்,niyaav,niyAv,niyāv,n̪ɪjɑːʋ,justice,நீதி,Law-and-Order,words
ꢥꢶꢫꢵꢫꢱ꣄ꢢꢭꣁ,नियायस्थला॑,நியாயஸ்த2லொ,niyaayasthalo',niyAyasthalO,niyāyasthalŏ,n̪ɪjɑːjəs̪t̪ʰəlo,court,நீதிமன்றம்,Law-and-Order,words
ꢮꢶꢬꣂꢣ,विरोद,விரோத்4,viroda,viroda,viroda,ʋɪɾoːd̪ə,enmity,பகை,Law-and-Order,words
ꢩꣁꢔꢸꢪꢵꢥ꣄,भा॑गुमान,பொ4கு3மான்,bho'gumaan,bhOgumAn,bhŏgumān,bʰogumɑːn̪,prize,பரிசு,Law-and-Order,words
ꢦ꣄ꢬꢡꢶꢒꢹꢭ꣄,प्रतिकूल,ப்ரதிகூல்,pratikool,pratikUl,pratikūl,pɾət̪ɪkuːl,adverse effect,பாதகம்,Law-and-Order,words
ꢬꢒ꣄ꢯꢥꣁ,रक्षणा॑,ரக்ஷணொ,rakshano',rakzanO,rakśanŏ,ɾəkʃən̪o,"protection, defence",பாதுகாப்பு,Law-and-Order,words
ꢦꢶꢬꢡꢶꢮꢵꢣꢶ,पिरतिवादि,பிரதிவாதி3,pirativaadi,pirativAdi,pirativādi,pɪɾət̪ɪʋɑːd̪ɪ,defendent,பிரதிவாதி,Law-and-Order,words
ꢱꢡ꣄ꢫꢦ꣄ꢬꢪꢵꢠ꣄,सत्य प्रमाण्,ஸத்ய ப்ரமாண்,satyapramaan,satyapramAN,satyapramāṇ,s̪ət̪jəpɾəmɑːɳ,oath,பிரமாணம்,Law-and-Order,words
ꢦꢶꢬꢪꢵꢠ꣄,पिरमाण्,பிரமாண்,piramaan,piramAN,piramāṇ,pɪɾəmɑːɳ,oath,பிரமாணம்,Law-and-Order,words
ꢒꢸꢠ꣄ꢜꢸ,कुण्टु,குண்டு,kunt'u,kuNTu,kuṇṭu,kuɳʈu,error,பிழை,Law-and-Order,words
ꢒꢭꢲ ꢱ꣄ꢢꢶꢡꢶ,कलह स्थिति,கலஹ ஸ்தி2தி,kalaha sthiti,kalaha sthiti,kalaha sthiti,kələɦə s̪t̪ʰɪt̪ɪ,"agitation, struggle",போராட்டம்,Law-and-Order,words
ꢥꢒꢭ꣄,नकल,நகல்,nakal,nakal,nakal,n̪əkəl,duplicate,போலி,Law-and-Order,words
ꢪꣁꢬꢥꢸ ꢣꢠ꣄ꢞꢠꣁ,मा॑रनु दण्डणो,மொரனு த3ண்ட3ணொ,mo'ranu dand'ano',mOranu daNDaNO,mŏranu daṇḍaṇŏ,moɾən̪u d̪əɳɖəɳo,death sentence,மரணதண்டனை,Law-and-Order,words
ꢦꣀꢭ ꢏꢫ꣄ꢣꢦꢥ꣄,फैल आ॑य्दपन,பை2ல ஒய்த3பன்,paila o'ydapan,paila Oydapan,paila ŏydapan,pəɪlə ojd̪əpən̪,first aid,முதலுதவி,Law-and-Order,words
ꢪꣁꢬꢜꢸ,मा॑रटु,மொரடு3,mo'rat'u,mOraTu,mŏraṭu,moɾəʈu,rowdy,முரடன்,Law-and-Order,words
ꢤꢶꢒ꣄ꢒꢶꢥꢶ,धिक्किनि,தி4க்கினி,dhikkini,dhikkini,dhikkini,d̪ʰɪkkɪn̪ɪ,clash,மோதல்,Law-and-Order,words
ꢮꢵꢣꢸꢒꢾꢬ꣄ꢥꢵꢬ꣄,वादु क॑र्नार,வாது3 கெர்னார்,vaaduke'rnaar,vAdukErnAr,vādukĕrnār,ʋɑːd̪ukeɾn̪ɑːɾ,advocate,வக்கீல் /வழக்குரைஞர்,Law-and-Order,words
ꢮꢵꢣꢸꢥꢵꢬ꣄,वादुनार,வாது3னார்,vaadunaar,vAdunAr,vādunār,ʋɑːd̪un̪ɑːɾ,advocate,வக்கீல் /வழக்குரைஞர்,Law-and-Order,words
ꢣꢵꢮꣁ,दावा॑,தா3வொ,daavo',dAvO,dāvŏ,d̪ɑːʋo,case,வழக்கு,Law-and-Order,words
ꢮꢣꢶꢔ꣄ꢛꢵꢥꢶ,विदिगञानि,விதி3க்3ஞானி,vadignjaani,vadigJAni,vadigñāni,ʋəd̪ɪgɲɑːn̪ɪ,advocate,வழக்கறிஞர்,Law-and-Order,words
ꢮꢒ꣄ꢒꢷꢭ꣄,वक्कील,வக்கீல்,vakkeel,vakkIl,vakkīl,ʋəkkiːl,advocate,வழக்கறிஞர்,Law-and-Order,words
ꢆꢔ꣄ꢬ ꢒ꣄ꢬꢶꢫꣁ,उग्र क्रिया॑,உக்3ர க்ரியொ,ugra kriyo',ugra kriyO,ugra kriyŏ,ugɾə kɾɪjo,violence,வன்முறை,Law-and-Order,words
ꢣꣂꢠꢸ ꢮꢵꢒ꣄,दा॑णु वाक,தோணு வாக்,donu vaak,doNu vAk,doṇu vāk,d̪oːɳu ʋɑːk,statement,வாக்குமூலம்,Law-and-Order,words
ꢃꢣꢵꢬꢸ ꢮꢵꢗꢸ,आदारुवाचु,ஆதா3ரு வாசு,aadaaru vaachu,AdAru vAcu,ādāru vācu,ɑːd̪ɑːɾu ʋɑːt͡ʃu,statement,வாக்குமூலம்,Law-and-Order,words
ꢮꢵꢣꢶ,वादि,வாதி3,vaadi,vAdi,vādi,ʋɑːd̪ɪ,plaintiff,வாதி,Law-and-Order,words
ꢧꢶꢬ꣄ꢮ ꢓꢳ꣄ꢳꢱ꣄ꢡꢾ,फिरिवि खल्लस्ते,பி2ர்வி கள்ளஸ்தே,phirva khal'l'aste',phirva khaLLastE,phirva khal̤l̤astĕ,pʰɪɾʋə kʰəɭɭəs̪t̪e,withdrawal,வாபஸ்,Law-and-Order,words
ꢮꢵꢦꢱ꣄ ꢓꢳ꣄ꢳꢱ꣄ꢡꢾ,वापस खल्लस्ते,வாபஸ் க2ள்ளஸ்தே,vaapas khal'l'aste',vApas khaLLastE,vāpas khal̤l̤astĕ,ʋɑːpəs̪ kʰəɭɭəs̪t̪e,withdrawal,வாபஸ்,Law-and-Order,words
ꢒꣀꢣꢸ ꢦꢡ꣄ꢬꣁ,कैदु पत्रा॑,கைது3 பத்ரொ,kaidu patro',kaidu patrO,kaidu patrŏ,kəɪd̪u pət̪ɾo,warrant,வாரண்டு,Law-and-Order,words
ꢮꢶꢗꢵꢬꢠꣁ,विचारणा॑,விசாரணொ,vichaarano',vicAraNO,vicāraṇŏ,ʋɪt͡ʃɑːɾəɳo,enquiry,விசாரணை / விசாரிப்பு,Law-and-Order,words
ꢩꢬꢵꢜ ꣄ꢱꣁꢞ꣄ꢥꢶ,भराट् सा॑ड्नि,ப4ராட்ஸொட்3னி,bharaat'a so'd'ni,bharATa sODni,bharāṭa sŏḍni,bʰəɾɑːʈə s̪oɖn̪ɪ,release,விடுதலை,Law-and-Order,words
ꢥꢶꢫꢪꣁ,नियमा॑,நியமொ,niyamo',niyamO,niyamŏ,n̪ɪjəmo,rule,விதி,Law-and-Order,words
ꢨꢥ꣄ꢤ꣄,बन्ध,ப3ந்த்4,bandh,bandh,bandh,bən̪d̪ʰ,strike,வேலைநிறுத்தம்,Law-and-Order,words
ꢙꢪꢷꢥ꣄,जमीन,ஜமீன்,jameen,jamIn,jamīn,d͡ʒəmiːn̪,bail,ஜாமீன்,Law-and-Order,words
ꢣꢭ꣄ꢭꣁ,दल्ला॑,த3ல்லொ,dallo',dallO,dallŏ,d̪əllo,male,ஆண்,Age-and-Growth-Stages,words
ꢙꢾꢥꣁ,ज॑ना॑,ஜெனொ,je'no',jEnO,jĕnŏ,d͡ʒen̪o,person,ஆள்,Age-and-Growth-Stages,words
ꢙꢮ꣄ꢠꣁ,जव्णा॑\ना॑ जव्णपन्,ஜவ்ணொ,javno',javNO,javṇŏ,d͡ʒəʋɳo,Youth/ youth stage,இளமை/ இளமைப் பருவம்,Age-and-Growth-Stages,words
ꢥꣁ,यौवना॑,னொ,no',nO,nŏ,n̪o,Youth/ youth stage,இளமை/ இளமைப் பருவம்,Age-and-Growth-Stages,words
ꢙꢮ꣄ꢠꢦꢥ꣄,यौवना॑,ஜவ்ணபன்,javnapan,javNapan,javṇapan,d͡ʒəʋɳəpən̪,Youth/ youth stage,இளமை/ இளமைப் பருவம்,Age-and-Growth-Stages,words
ꢫꣃꢮꢥꣁ,यौवना॑,யௌவனொ,yauvano',yauvanO,yauvanŏ,jəuʋən̪o,Youth/ youth stage,இளமை/ இளமைப் பருவம்,Age-and-Growth-Stages,words
ꢙꢮ꣄ꢠꣁ,जव्णा॑,ஜவ்ணொ,javno',javNO,javṇŏ,d͡ʒəʋɳo,young man,இளைஞன்,Age-and-Growth-Stages,words
ꢙꢮ꣄ꢠꢶ,जव्णि,ஜவ்ணி,javni,javNi,javṇi,d͡ʒəʋɳɪ,Younger woman,இளையவள்,Age-and-Growth-Stages,words
ꢥꢴꢥ꣄ꢥꣁ,न्हन्ना॑,ந:ன்னொ,nhanno',nhannO,nhannŏ,n̪ɦən̪n̪o,Younger man,இளையவன்,Age-and-Growth-Stages,words
ꢕꢾꢬ꣄ꢮꢵꢬ꣄,घ॑र्वार,கெ4ர்வார்,ghe'rvaar,ghErvAr,ghĕrvār,gʰeɾʋɑːɾ,pregnancy,கர்ப்பம்,Age-and-Growth-Stages,words
ꢕꢾꢮ꣄ꢬꢵꢬ꣄,घेव्रार,கெ4வ்ரார்,ghe'vraar,ghEvrAr,ghĕvrār,gʰeʋɾɑːɾ,pregnancy,கர்ப்பம்,Age-and-Growth-Stages,words
ꢕꢾꢬ꣄ꢮꢬꢶꢥ꣄,घघ॑र्वरिन,கெ4ர்வரின்,ghe'rvarin,ghErvarin,ghĕrvarin,gʰeɾʋəɾɪn̪,pregnant woman,கர்ப்பிணி,Age-and-Growth-Stages,words
ꢕꢾꢮ꣄ꢬꢬꢶꢥ꣄,घ॑व्ररिन्,கெ4வ்ரரின்,ghe'vrarin,ghEvrarin,ghĕvrarin,gʰeʋɾəɾɪn̪,pregnant woman,கர்ப்பிணி,Age-and-Growth-Stages,words
ꢒꢥ꣄ꢫꣁ,कन्या॑,கன்யொ,kanyo',kanyO,kanyŏ,kən̪jo,virgin­,கன்னி,Age-and-Growth-Stages,words
ꢣꣁꢮ꣄ꢬꣁ,दा॑व्रा॑,தொ3வ்ரொ,do'vro',dOvrO,dŏvrŏ,d̪oʋɾo,old man,கிழவன்,Age-and-Growth-Stages,words
ꢣꣁꢮ꣄ꢬꢶ,दा॑व्रि,தொ3வ்ரி,do'vri,dOvri,dŏvri,d̪oʋɾɪ,old woman,கிழவி,Age-and-Growth-Stages,words
ꢦꢶꢭ꣄ꢭꣁ,पिल्ला॑,பில்லொ,pillo',pillO,pillŏ,pɪllo,young one of birds,குஞ்சு,Age-and-Growth-Stages,words
ꢦꢶꢭ꣄ꢭꣁ,पिल्ला॑,பில்லொ,pillo',pillO,pillŏ,pɪllo,young one of animals,குட்டி,Age-and-Growth-Stages,words
ꢒꢸꢪꢵꢬꣁ,कुमारा॑,குமரொ,kumaaro',kumArO,kumārŏ,kumɑːɾo,unmarried young man,குமரன்,Age-and-Growth-Stages,words
ꢒꢸꢪꢵꢬꢶ,कुमारि,குமரி,kumaari,kumAri,kumāri,kumɑːɾɪ,unmarried young girl,குமரி,Age-and-Growth-Stages,words
ꢥꢴꢸꢒ꣄ꢬꢸ,न्हुक्रु,நு:க்ரு,nhukru,nhukru,nhukru,n̪ɦukɾu,child,குழந்தை,Age-and-Growth-Stages,words
ꢥꢴꢸꢬꢸꢦꢥ꣄,न्हुरुपन्,நு:ருபன்,nhurupan,nhurupan,nhurupan,n̪ɦuɾupən̪,childhood,குழந்தைப் பருவம்,Age-and-Growth-Stages,words
ꢨꢵꢭ꣄ꢫꢦꢥ꣄,बाल्यपन्,பா3ல்யபன்,baalyapan,bAlyapan,bālyapan,bɑːljəpən̪,childhood,குழந்தைப் பருவம்,Age-and-Growth-Stages,words
ꢨꢵꢭ꣄ꢫꢪ꣄,बाल्यम्,பா3ல்யம்,baalyam,bAlyam,bālyam,bɑːljəm,childhood,குழந்தைப் பருவம்,Age-and-Growth-Stages,words
ꢥꢴꢥ꣄ꢥꢶ,न्हन्नि,ந:ன்னி,nhanni,nhanni,nhanni,n̪ɦən̪n̪ɪ,child­,குழவி,Age-and-Growth-Stages,words
ꢥꢴꢥ꣄ꢥꢶ,न्हन्नि,ந:ன்னி,nhanni,nhanni,nhanni,n̪ɦən̪n̪ɪ,girl,சிறுமி,Age-and-Growth-Stages,words
ꢥꢴꢥ꣄ꢥꣁ,न्हन्नो,ந:ன்னொ,nhanno',nhannO,nhannŏ,n̪ɦən̪n̪o,boy,சிறுவன்,Age-and-Growth-Stages,words
ꢦ꣄ꢬꢵꢫꢪ꣄,प्रायम,ப்ராயம்,praayam,prAyam,prāyam,pɾɑːjəm,stage,பருவம்,Age-and-Growth-Stages,words
ꢨꢵꢭꢦ꣄ꢬꢵꢫꢪ꣄,बलप्रायम,பா3லப்ராயம்,baalapraayam,bAlaprAyam,bālaprāyam,bɑːləpɾɑːjəm,young stage,பால பருவம்,Age-and-Growth-Stages,words
ꢨꢵꢳꢸꢥ꣄,बळुन,பா3ளுன்,baal'un,bALun,bāl̤un,bɑːɭun̪,young children,பாலர்,Age-and-Growth-Stages,words
ꢏꢬ꣄ꢱꢸ,आ॑र्सु,ஒர்ஸு,o'rsu,Orsu,ŏrsu,oɾs̪u,"age, stage",பிராயம்,Age-and-Growth-Stages,words
ꢏꢱ꣄ꢱꢸ,आ॑स्सु,ஒஸ்ஸு,o'ssu,Ossu,ŏssu,os̪s̪u,"age, stage",பிராயம்,Age-and-Growth-Stages,words
ꢨꢾꢜ꣄ꢒꢶ,ब॑ट्कि,பெ3ட்கி,be't'ki,bETki,bĕṭki,beʈkɪ,girl,பெண்,Age-and-Growth-Stages,words
ꢂꢳꢶꢶ,अळि,அளி,al'ii,aLii,al̤ii,əɭɪɪ,girl,பெண்,Age-and-Growth-Stages,words
ꢨꢾꢜ꣄ꢒꣁ,ब॑ट्का॑,பெ3ட்கொ,be't'ko',bETkO,bĕṭkŏ,beʈko,boy,பையன்,Age-and-Growth-Stages,words
ꢪꢾꢥꢶꢒ꣄ \ ꢣꢭ꣄ꢭꢒ꣄ꢒꣁ,म॑निक \ दल्लक्का॑,மெனிக்,me'nik \ dallakko',mEnik \ dallakkO,mĕnik \ dallakkŏ,men̪ɪk \ d̪əlləkko,man,மனிதன்,Age-and-Growth-Stages,words
ꢂꢪ꣄ꢪꢒ꣄ꢒꣁ,अम्मक्का॑,அம்மக்கொ,ammakko',ammakkO,ammakkŏ,əmməkko,woman,மனுஷி,Age-and-Growth-Stages,words
ꢪꢵꢥꢸꢰꢪ꣄,मानुषम,மானுஷம்,maanusham,mAnuSam,mānuṣam,mɑːn̪uʂəm,human,மானுடம்,Age-and-Growth-Stages,words
ꢏꢭ꣄ꢞꢶꢥ꣄,आ॑ल्डिन,ஒள்டி3ன்,o'ld'in,OlDin,ŏlḍin,olɖɪn̪,old woman,முதியவள்,Age-and-Growth-Stages,words
ꢏꢭ꣄ꢞꣁ,आ॑ल्डो,ஒள்டொ3,o'ld'o',OlDO,ŏlḍŏ,olɖo,old man,முதியவன்,Age-and-Growth-Stages,words
ꢣꢸꢒ꣄ꢬꣁ,दुक्रा॑,து3க்ரொ,dukro',dukrO,dukrŏ,d̪ukɾo,old age,"முதுமை,மூப்பு",Age-and-Growth-Stages,words
ꢫꢸꢮꢡꢶ,युवति,யுவதி,yuvati,yuvati,yuvati,juʋət̪ɪ,young unmarried girl,யுவதி,Age-and-Growth-Stages,words
ꢫꢸꢮꣁ,युवा॑,யுவொ,yuvo',yuvO,yuvŏ,juʋo,young man,யுவன்,Age-and-Growth-Stages,words
ꢫꢸꢮꢥ꣄,युवन,யுவன்,yuvan,yuvan,yuvan,juʋən̪,young man,யுவன்,Age-and-Growth-Stages,words
ꢙꢮ꣄ꢥꢠꢦꢥ꣄,जव्णपन,ஜவ்ணபன்,javnanapan,javnaNapan,javnaṇapan,d͡ʒəʋn̪əɳəpən̪,youth,யெளவனம்,Age-and-Growth-Stages,words
ꢫꣃꢮꢥꢪ꣄,यौवनम,யௌவனம்,yauvanam,yauvanam,yauvanam,jəuʋən̪əm,youth,யெளவனம்,Age-and-Growth-Stages,words
ꢏꢬ꣄ꢱꢸ,आ॑र्सु,ஒர்ஸு,o'rsu,Orsu,ŏrsu,oɾs̪u,age,வயது,Age-and-Growth-Stages,words
ꢙꢮ꣄ꢠꢦ꣄ꢦꢥ꣄,ज्व्णपन,ஜவ்ணபன்,javnappan,javNappan,javṇappan,d͡ʒəʋɳəppən̪,youth stage,வாலிபப் பருவம்,Age-and-Growth-Stages,words
ꢙꢮ꣄ꢠꢡ꣄ꢮꢪ꣄,जव्णत्वम,ஜவ்ணத்வம்,javnatvam,javNatvam,javṇatvam,d͡ʒəʋɳət̪ʋəm,youth,வாலிபம்,Age-and-Growth-Stages,words
ꢧꣀꢭ ꢦ꣄ꢬꢣꢬ꣄ꢰꢥꣁ,फैल प्रदर्षना॑,பை2ல ப்ரத3ர்ஷனொ,phaila pradarshano',phaila pradarSanO,phaila pradarṣanŏ,pʰəɪlə pɾəd̪əɾʂən̪o,debut / maiden performance,அரங்கேற்றம்,Music,words
ꢲꢬꢶꢓꢾꢡꣁ,हरिख॑ता॑,ஹரிகெ2தொ,harikhe'to',harikhEtO,harikhĕtŏ,ɦəɾɪkʰet̪o,religious discourse with narration,அரிகதை,Music,words
ꢦꢸꢬꢵꢡꢥꢮꢱ꣄ꢡꢸ ꢦ꣄ꢬꢣꢬ꣄ꢰꢶꢥꢶ,पुरातन वस्तु प्रदर्षिनि,புராதன வஸ்து ப்ரத3ர்ஷினி,puraatanavastu pradarshini,purAtanavastu pradarSini,purātanavastu pradarṣini,puɾɑːt̪ən̪əʋəs̪t̪u pɾəd̪əɾʂɪn̪ɪ,museum,அரும்பொருட்காட்சியகம்,Music,words
ꢥꢵꢗꢸ,नाचु,நாசு,naachu,nAcu,nācu,n̪ɑːt͡ʃu,dance,ஆட்டம்,Music,words
ꢥꢜꢥꢪ꣄,नटनम,நடனம்,nat'anam,naTanam,naṭanam,n̪əʈən̪əm,dance,ஆட்டம்,Music,words
ꢱꢖ꣄ꢔꢷꢡ꣄,सङगीत्,ஸங்கீ3த்,sangeet,saGgIt,saṅgīt,s̪əŋgiːt̪,music,இசை,Music,words
ꢱꢖ꣄ꢔꢷꢡꢸ ꢮꣀꢩꢮ꣄,सङगीतु वैभव,ஸங்கீ3துவைப4வ்,sangeetu vaibhav,saGgItu vaibhav,saṅgītu vaibhav,s̪əŋgiːt̪u ʋəɪbʰəʋ,musical concert,இசைநிகழ்ச்சி,Music,words
ꢱꢶꢖ꣄ꢒꢵꢬ꣄ꢭꢶꢥꢶ,सिङकार्लिनि,ஸிங்க3ர்லினி,sinkaarlini,siGkArlini,siṅkārlini,s̪ɪŋkɑːɾlɪn̪ɪ,make up,ஒப்பனை,Music,words
ꢍꢒꢵꢖ꣄ꢒꢶ ꢥꢜ꣄ꢒꢪ꣄,एकाङ्कि नट्कम,ஏகாங்கி நட்கம்,ekaanki nat'kam,ekAGki naTkam,ekāṅki naṭkam,eːkɑːŋkɪ n̪əʈkəm,one act play,ஓரங்கநாடகம்,Music,words
ꢱꢨ꣄ꢣꢸ ꢦ꣄ꢬꢒꢵꢱꢸ ꢣꢬ꣄ꢰꢥꣁ,सब्दुप्रकाषु दर्षना॑,ஸப்3து3 ப்ரகாஷு த3ர்ஷனொ,sabdu prakaasu darshano',sabdu prakAsu darSanO,sabdu prakāsu darṣanŏ,s̪əbd̪u pɾəkɑːs̪u d̪əɾʂən̪o,music and light programme,ஒலி ஒளிக்காட்சி,Music,words
ꢱꢨ꣄ꢣꢸꢔꢸꢠ꣄ꢮꢶ,सब्दु गुण्वि,ஸப்3து3கு3ண்வி,sabdugunvi,sabduguNvi,sabduguṇvi,s̪əbd̪uguɳʋɪ,loudspeaker,ஒலிப்பெருக்கி,Music,words
ꢗꢶꢡ꣄ꢬꢸ,चित्रु,சித்ரு,chitru,citru,citru,t͡ʃɪt̪ɾu,painting,ஓவியம்,Music,words
ꢱꢖ꣄ꢔꢷꢡ ꢮꣀꢩꢮ꣄,सङ्गीत वैभव,ஸங்கீ3த வைப4வ்,sangeeta vaibhav,saGgIta vaibhav,saṅgīta vaibhav,s̪əŋgiːt̪ə ʋəɪbʰəʋ,concert,கச்சேரி,Music,words
ꢒꢷꢡꢸꢱ꣄ꢬꢸꢡꢶ,गीतुस्रुति,கீ3துஸ்ருதி,keetusruti,kItusruti,kītusruti,kiːt̪us̪ɾut̪ɪ,pitch,கட்டை,Music,words
ꢔꢮ꣄ꢥꢶꢱ꣄ꢢꢵꢥ꣄,गव्निस थान,க3வ்னி ஸ்தா2ன்,gavnisthaan,gavnisthAn,gavnisthān,gəʋn̪ɪs̪t̪ʰɑːn̪,pitch,கட்டை,Music,words
ꢱ꣄ꢡꢵꢥꢦ꣄ꢬꢫꢡ꣄ꢥꣁ,स्तानप्रयत्ना॑,ஸ்தானப்ரயத்னொ,staanaprayatno',stAnaprayatnO,stānaprayatnŏ,s̪t̪ɑːn̪əpɾəjət̪n̪o,pitch,கட்டை,Music,words
ꢪꣂꢜꢶ ꢮꢶꢡ꣄ꢡꢾ,मोटिवित्त॑,மோடி3வித்தெ,mot'i vitte',moTi vittE,moṭi vittĕ,moːʈɪ ʋɪt̪t̪e,magic,கண்கட்டு வித்தை,Music,words
ꢒꢭꢵ,कला,கலொ,kalaa,kalA,kalā,kəlɑː,art,கலை,Music,words
ꢒꢭꢵꢒꢵꢬ꣄,कलाकार्,கலாகார்,kalaakaar,kalAkAr,kalākār,kəlɑːkɑːɾ,artiste,கலைஞன்,Music,words
ꢒꢵꢒ꣄ꢰꢶ,काक्षि,காக்ஷி,kaakshi,kAkSi,kākṣi,kɑːkʂɪ,scene,காட்சி,Music,words
ꢔ꣄ꢬꢵꢪꢶꢫ ꢥꢵꢗꢸ,ग्रामिय नाचु,க்3ராமிய நாசு,graamiya naachu,grAmiya nAcu,grāmiya nācu,gɾɑːmɪjə n̪ɑːt͡ʃu,a folk dance,கிராமிய நடனம்,Music,words
ꢙꢾꢡꣁꢪꢶꢳꢶ ꢓꢳꢥ꣄ꢥꢵꢗꢸ,जेतोमिळि खळन्नाचु,ஜெதொமிளி க2ளந்நாசு,je'to'mil'i khal'annaachu,jEtOmiLi khaLannAcu,jĕtŏmil̤i khal̤annācu,d͡ʒet̪omɪɭɪ kʰəɭən̪n̪ɑːt͡ʃu,a group dance,கும்மி,Music,words
ꢪꢭ꣄ꢭꢫꢸꢣ꣄ꢣꢸ,मल्लयुद्दु,மல்லயுத்3து3,mallayuddu,mallayuddu,mallayuddu,məlləjud̪d̪u,wrestling,குஸ்தி,Music,words
ꢥꢵꢗꢸ,नाचु,நாசு,naachu,nAcu,nācu,n̪ɑːt͡ʃu,a folk dance,கூத்து,Music,words
ꢥꢵꢗꢸ ꢓꣁꢜ꣄ꢜꣁ,नाचुखा॑ट्टा॑,நாசுகொ2ட்டொ,naachu kho't't'o',nAcu khOTTO,nācu khŏṭṭŏ,n̪ɑːt͡ʃu kʰoʈʈo,theatre,கொட்டகை,Music,words
ꢗꢶꢡ꣄ꢬ ꢮꢷꢠꢾ,चित्रवीणा॑,சித்ரவீணொ,chitra veene',citra vINE,citra vīṇĕ,t͡ʃɪt̪ɾə ʋiːɳe,a musical instrument,கோட்டுவாத்தியம்,Music,words
ꢮꢶꢤꢹꢰꢒ꣄,विधूषक्,விதூ4ஷக்,vidhooshak,vidhUSak,vidhūṣak,ʋɪd̪ʰuːʂək,clown,கோமாளி,Music,words
ꢒꣁꢭꢸ ꢓꢵꢭ꣄,कोलु खाल्,கோலுகா2ள்,ko'lu khaal,kOlu khAl,kŏlu khāl,kolu kʰɑːl,a native dance with sticks,கோலாட்டம்,Music,words
ꢱꢸꢕꢞꢶ,सुघडि,ஸுக4டி3,sughad'i,sughaDi,sughaḍi,s̪ugʰəɖɪ,"sound quality, tone",சாரீரம்,Music,words
ꢕꢞꢶ ꢆꢜꢵꢮ꣄,घडि उटाव,க4டி3 உடாவ்,ghad'i ut'aav,ghaDi uTAv,ghaḍi uṭāv,gʰəɖɪ uʈɑːʋ,"sound quality, tone",சாரீரம்,Music,words
ꢗꢶꢡ꣄ꢬꢸ,चित्रु,சித்ரு,chitru,citru,citru,t͡ʃɪt̪ɾu,,,Music,words
ꢗꢾꢠ꣄ꢜꢾ,च॑ण्ट॑,செண்டெ,che'nt'e',cENTE,cĕṇṭĕ,t͡ʃeɳʈe,a drum,செண்டை,Music,words
ꢡꢫꢵꢬ꣄ ꢒꢾꢬ꣄ꢥꢵꢬ꣄,तयार क॑र्नार,தயார் கெர்னார்,tayaar ke'rnaar,tayAr kErnAr,tayār kĕrnār,t̪əjɑːɾ keɾn̪ɑːɾ,producer,தயாரிப்பாளர்,Music,words
ꢡꢫꢵꢬ꣄ꢒꢾꢬ꣄ꢥꢶ,तयार्क॑र्नि,தயார்கெர்னி,tayaarke'rni,tayArkErni,tayārkĕrni,t̪əjɑːɾkeɾn̪ɪ,production,தயாரிப்பு,Music,words
ꢱ꣄ꢮꢩꢵꢰꢥ꣄ ꢍꢒꢵꢥ꣄ꢡꢸ ꢮꢗꢸ,स्वभाषण्,ஸ்வபா4ஷண்,svabhaashan ekaantu vachu,svabhASan ekAntu vacu,svabhāṣan ekāntu vacu,s̪ʋəbʰɑːʂən̪ eːkɑːn̪t̪u ʋət͡ʃu,"monologue, soliloquy",தனிமொழி,Music,words
ꢦꢞꢸꢣꣁ,पडुदा॑,படு3தொ3,pad'udo',paDudO,paḍudŏ,pəɖud̪o,screen,திரை,Music,words
ꢡꢶꢬꢱ꣄ꢒꢾꢬ꣄ꢥꢵꢮ꣄,तिरस्क॑र्नाव,திரஸ்கெர்னாவ்,tiraske'rnaav,tiraskErnAv,tiraskĕrnāv,t̪ɪɾəs̪keɾn̪ɑːʋ,screen,திரை,Music,words
ꢡꢾꢬꢵ ꢭꣁꢱ꣄,त॑रा लोस,தெரா லோஸ்,te'raa lo's,tErA lOs,tĕrā lŏs,t̪eɾɑː los̪,cinema,திரைப்படம்,Music,words
ꢥꢵꢗꢸ ꢓꣁꢜ꣄ꢜꣁ,नाचु खा॑ट्टा॑,நாசு கொ2ட்டொ,naachu kho't't'o',nAcu khOTTO,nācu khŏṭṭŏ,n̪ɑːt͡ʃu kʰoʈʈo,cinema theatre,திரையரங்கம்/ திரையரங்கு,Music,words
ꢲꢵꢱ꣄ꢫꢪ꣄,हास्यम,ஹாஸ்யம்,haasyam,hAsyam,hāsyam,ɦɑːs̪jəm,humour,நகைச்சுவை,Music,words
ꢥꢜ꣄ꢭꣁ,नाचु,நாசு,nat'lo',naTlO,naṭlŏ,n̪əʈlo,dance,நடனம்,Music,words
ꢥꢜ꣄ꢮꣁ,नट्वा॑,நட்வொ,nat'vo',naTvO,naṭvŏ,n̪əʈʋo,actor,நடிகன்,Music,words
ꢥꢜꣁ,नटा॑,நடொ,nat'o',naTO,naṭŏ,n̪əʈo,actor,நடிகன்,Music,words
ꢥꢜ꣄ꢮꢶ,नट्वि,நட்வி,nat'vi,naTvi,naṭvi,n̪əʈʋɪ,actress,நடிகை,Music,words
ꢥꢜꢶ,नटि,நடி,nat'i,naTi,naṭi,n̪əʈɪ,actress,நடிகை,Music,words
ꢥꢗꢶꢥꢶ,नचिनि,நசினி,nachini,nacini,nacini,n̪ət͡ʃɪn̪ɪ,acting,நடிப்பு,Music,words
ꢓꢳ꣄꣄ꢥꢶ ꢥꢵꢗꢸ,खळ्नि नाचु,க2ள்னி நாசு,khal'ni naachu,khaLni nAcu,khal̤ni nācu,kʰəɭn̪ɪ n̪ɑːt͡ʃu,dance drama,நாட்டியநாடகம்,Music,words
ꢥꢗꢥ ꣄ꢥꢵꢗꢸ,नचन्नाचु,நசன்நாசு,nachana naachu,nacana nAcu,nacana nācu,n̪ət͡ʃən̪ə n̪ɑːt͡ʃu,dance,நாட்டியம்,Music,words
ꢥꢜꢥ ꢥꢵꢗꢸ,नटन नाचु,நடன நாசு,nat'ana naachu,naTana nAcu,naṭana nācu,n̪əʈən̪ə n̪ɑːt͡ʃu,dance,நாட்டியம்,Music,words
ꢥꢵꢣꢸ,नादु,நாது3,naadu,nAdu,nādu,n̪ɑːd̪u,harmony,நாதம்,Music,words
ꢥꢱꢸꢬꢵꢭ꣄,नसुराल्,நஸுரால்,nasuraal,nasurAl,nasurāl,n̪əs̪uɾɑːl,a pipe musical instrument,நாதஸ்வரம் / நாயனம்,Music,words
ꢥꢷꢞꢵ ꢭꣂꢱ꣄,नीडा लोस,நீடா3லோஸ்,need'aa los,nIDA los,nīḍā los,n̪iːɖɑː loːs̪,photograph,நிழற்படம்,Music,words
ꢭꢭꢶꢡ ꢒꢭꣁ,ललित कला॑,லலிதகலொ,lalita kalo',lalita kalO,lalita kalŏ,ləlɪt̪ə kəlo,fine arts,நுண்கலை,Music,words
ꢮꢶꢮꢵꢣꢸ ꢱꢣꢱ꣄,विवादु सदस्,விவாது3ஸத3ஸ்,vivaadu sadas,vivAdu sadas,vivādu sadas,ʋɪʋɑːd̪u s̪əd̪əs̪,debate,பட்டிமன்றம்,Music,words
ꢩꢬꢡ ꢥꢵꢜ꣄ꢫꣁ,भरत नाट्या॑,ப4ரதநாட்யொ,bharata naat'yo',bharata nATyO,bharata nāṭyŏ,bʰəɾət̪ə n̪ɑːʈjo,bharatnatyam,பரத நாட்டியம்,Music,words
ꢪꢸꢭ꣄ꢭꢮꢶ,मुल्लवि,முல்லவி,mullavi,mullavi,mullavi,mulləʋɪ,the first stanza of a musical composition,பல்லவி,Music,words
ꢩꢮ꣄ꢣꢸꢭ꣄,भव्दुल्,ப4வ்து3ல்,bhavdul,bhavdul,bhavdul,bʰəʋd̪ul,musician,பாகவதர்,Music,words
ꢔꢷꢜ꣄,गीत्,கீ3த்,geet',gIT,gīṭ,giːʈ,song,பாட்டு,Music,words
ꢔꢮ꣄ꢥ ꢶꢮꣀꢩꢮ꣄,गव्नि वैभव,க3வ்னி வைப4வ்,gavna ivaibhav,gavna ivaibhav,gavna ivaibhav,gəʋn̪ə ɪʋəɪbʰəʋ,vocal concert,பாட்டுக் கச்சேரி,Music,words
ꢔꢷꢡꢸ ꢮꣀꢩꢮ꣄,गीतु वैफैव्,கீ3து வைப4வ்,geetu vaibhav,gItu vaibhav,gītu vaibhav,giːt̪u ʋəɪbʰəʋ,vocal concert,பாட்டுக் கச்சேரி,Music,words
ꢔꢮ꣄ꢥꢵꢬ꣄,गव्नार्,க3வ்னார்,gavnaar,gavnAr,gavnār,gəʋn̪ɑːɾ,singer,பாடகன்,Music,words
ꢔꢷꢡꢶ,गीति,கீ3த்,geeti,gIti,gīti,giːt̪ɪ,song,பாடல்,Music,words
ꢱꢥꢵꢬ꣄,सनार्,ஸனார்,sanaar,sanAr,sanār,s̪ən̪ɑːɾ,spectator,பார்வையாளர்,Music,words
ꢮꢫꢭꢶꢥ꣄,वयलिन्,வயலின்,vayalin,vayalin,vayalin,ʋəjəlɪn̪,fiddle,பிடில்,Music,words
ꢥꢷꢞꢵ ꢭꣂꢱ,नीडा लोस,நீடா3லோஸ்,need'aa losa,nIDA losa,nīḍā losa,n̪iːɖɑː loːs̪ə,photograph,புகைப்படம்,Music,words
ꢮꢿꢠꢸ,वेणु,வேணு,venu,veNu,veṇu,ʋeːɳu,flute,புல்லாங்குழல்,Music,words
ꢮꢱ꣄ꢡꢸ ꢦ꣄ꢬꢡꢬ꣄ꢰꢶꢠꢷ,वस्तु प्रतर्षिणि,வஸ்துப்ரதர்ஷிணி,vastu pratarshinee,vastu pratarSiNI,vastu pratarṣiṇī,ʋəs̪t̪u pɾət̪əɾʂɪɳiː,exhibition,பொருட்காட்சி,Music,words
ꢒꢵꢭꢒ꣄ꢰꢿꢦꢸ,कालक्षेपु,காலக்ஷேபு,kaalakshepu,kAlakSepu,kālakṣepu,kɑːləkʂeːpu,pastime,பொழுதுபோக்கு,Music,words
ꢣꢶꢥ꣄ꢥꢸ ꢔꢪ꣄ꢞꢶꢥꢶ,दिन्नु गम्डिनि,தி3ன்னு க3ம்டி3னி,dinnu gamd'ini,dinnu gamDini,dinnu gamḍini,d̪ɪn̪n̪u gəmɖɪn̪ɪ,pastime,பொழுதுபோக்கு,Music,words
ꢣꣂꢠ꣄ꢞꣁ,धोण्डा॑,தொ4ண்டொ3,dond'o',doNDO,doṇḍŏ,d̪oːɳɖo,a musical-rhythm instrument,மத்தளம்,Music,words
ꢪꢭ꣄ꢫꢸꢣ꣄ꢣꢸ,मल्युद्दु,மல்யுத்3து3,malyuddu,malyuddu,malyuddu,məljud̪d̪u,,,Music,words
ꢪꢾꢣ꣄ꢣꢳ꣄,मेद्दळ,மெத்3த3ள்,me'ddal',mEddaL,mĕddal̤,med̪d̪əɭ,a musical instrument,மிருதங்கம்,Music,words
ꢥꢔꢬꣁ,नगरा॑,நக3ரொ,nagaro',nagarO,nagarŏ,n̪əgəɾo,drum,முரசு,Music,words
ꢭꢕꢸ ꢱꢖ꣄ꢔꢷꢡ꣄,लघु सङ्गीत,லகு4ஸங்கீ3த்,laghu sangeet,laghu saGgIt,laghu saṅgīt,ləgʰu s̪əŋgiːt̪,light music,மெல்லிசை,Music,words
ꢪꢛ꣄ꢗ꣄,मञ्च्,மஞ்சு,manch,maJc,mañc,məɲt͡ʃ,stage,மேடை,Music,words
ꢗꢾꢥ꣄ꢣꢸꢬ꣄ ꢬꢴꢾꢜꣁ,चेन्दुर् र्ह॑टा॑,செந்து3ர் ரெ:டொ3,che'ndur rhe't'o',cEndur rhETO,cĕndur rhĕṭŏ,t͡ʃen̪d̪uɾ ɾɦeʈo,giant wheel,ரங்கராட்டினம்,Music,words
ꢬꢱꢶꢒꣁ,रसिका॑,ரஸிகொ,rasiko',rasikO,rasikŏ,ɾəs̪ɪko,fan,ரசிகன்,Music,words
ꢬꢵꢔ꣄,राग,ராக்3,raag,rAg,rāg,ɾɑːg,tune,ராகம்,Music,words
ꢮꢗꢥ꣄,वचन्,வசன்,vachan,vacan,vacan,ʋət͡ʃən̪,dialogue,வசனம்,Music,words
ꢨꢠꢵꢭꢸ ꢮꢾꢞꢶꢒ꣄,बणालु व॑डिक,ப3ணாலு வெடி3க்,banaalu ve'd'ik,baNAlu vEDik,baṇālu vĕḍik,bəɳɑːlu ʋeɖɪk,pyrotechnics/fire display,வாணவேடிக்கை,Music,words
ꢮꢮ꣄ꢙꢶꢥꢶ ꢮꢵꢣ꣄ꢫꣁ,वव्जिनि वाद्या॑,வவ்ஜினி வாத்3யொ,vavjini vaadyo',vavjini vAdyO,vavjini vādyŏ,ʋəʋd͡ʒɪn̪ɪ ʋɑːd̪jo,instrumental music,வாத்திய இசை,Music,words
ꢂꢒꢵꢱꢸ ꢤ꣄꣄ꢮꢥꢶ,अकासु ध्वनि,அகாஸு த்4வநி,akaasu dhvani,akAsu dhvani,akāsu dhvani,əkɑːs̪u d̪ʰʋən̪ɪ,radio,வானொலிப்பெட்டி,Music,words
ꢮꢶꢡ꣄ꢡꢾ,वित्त॑,வித்தெ,vitte',vittE,vittĕ,ʋɪt̪t̪e,magic,வித்தை,Music,words
ꢱꢾꢥ꣄ꢡꢸ,स॑न्तु,ஸெந்து,se'ntu,sEntu,sĕntu,s̪en̪t̪u,,,Music,words
ꢮꢷꢠꢾ,वीणा॑,வீணொ,veene',vINE,vīṇĕ,ʋiːɳe,veena,வீணை,Music,words
ꢮꢾꢞꢶꢒ꣄,व॑डिक्,வெடி3க்,ve'd'ik,vEDik,vĕḍik,ʋeɖɪk,entertainment,வேடிக்கை,Music,words
ꢓꢿꢳ꣄꣄,खेळ,கே2ள்,khel',kheL,khel̤,kʰeːɭ,entertainment,வேடிக்கை,Music,words
ꢓꢾꢭ꣄ꢭꢭ꣄,खेल्लल,கெ2ல்லல்,khe'llal,khEllal,khĕllal,kʰelləl,entertainment,வேடிக்கை,Music,words
ꢱ꣄ꢮꢬꣁ,स्वरा॑,ஸ்வரொ,svaro',svarO,svarŏ,s̪ʋəɾo,voice,ஸ்வரம்,Music,words
ꢆꢦ꣄ꢨꢸवꣁ,उम्बुळा॑,உம்பு3ளொ,upbuवo',upbuवO,upbuवŏ,upbuवo,fig,அத்திப்பழம்,Fruits,words
ꢧꣁꢥ꣄ꢥꢶꢱꢸ ꢦꣁ꣄ꢳ꣄ꢳꣁ,फ॑न्निसुपा॑ळ्ळा॑,பொ2ன்னிஸுபொள்ளொ,pho'nnisu po'l'l'o',phOnnisu pOLLO,phŏnnisu pŏl̤l̤ŏ,pʰon̪n̪ɪs̪u poɭɭo,a kind of small jack fruit,அயினிச் சக்கை,Fruits,words
ꢚꢵꢞꢸꢦꣁꢳ꣄ꢳꣁ,झाडुपा॑ळ्ळा॑,ஜா2டு3பொள்ளொ,jhaad'upo'l'l'o',jhADupOLLO,jhāḍupŏl̤l̤ŏ,d͡ʒʰɑːɖupoɭɭo,pineapple,அன்னாசி,Fruits,words
ꢃꢦ꣄ꢦꢳ꣄,आप्पिळ,ஆப்பிள்,aappal',AppaL,āppal̤,ɑːppəɭ,apple,ஆப்பிள்,Fruits,words
ꢃꢬꢛ꣄ꢙꢶ,आरञ्जि,ஆரஞ்ஜி,aaranji,AraJji,ārañji,ɑːɾəɲd͡ʒɪ,orange,ஆரஞ்சு,Fruits,words
ꢨꣂꢬꢸ ꢦꣁꢳ꣄ꢳꣁ,बा॑रुपा॑ळ्ळा॑,போ3ருபொள்ளொ,boru po'l'l'o',boru pOLLO,boru pŏl̤l̤ŏ,boːɾu poɭɭo,Indian cherry,இலந்தைப் பழம்,Fruits,words
ꢦꢾꢬ꣄ꢗ꣄ꢗꢪ꣄ꢦꣁꢳ꣄ꢳꣁ,प॑र्च्चर्पा॑ळ्ळा॑,பெச்சம் பொள்ளொ,pe'rchchampo'l'l'o',pErccampOLLO,pĕrccampŏl̤l̤ŏ,peɾt͡ʃt͡ʃəmpoɭɭo,date fruit,ஈச்சம் பழம்,Fruits,words
ꢒꢫ꣄ꢭꣁ,कय्ला॑,கய்லொ,kaylo',kaylO,kaylŏ,kəjlo,unriped fruit,காய்,Fruits,words
ꢗꢶꢦ꣄ꢦꣁ,चिप्पा॑,சிப்பொ,chippo',cippO,cippŏ,t͡ʃɪppo,coconut shell,கொட்டங்கச்சி,Fruits,words
ꢒꣁꢜ꣄ꢜꢾ,का॑ट्ट॑,கொட்டெ,ko't't'e',kOTTE,kŏṭṭĕ,koʈʈe,nut,கொட்டை,Fruits,words
ꢗꢦ꣄ꢦꣂꢜ꣄ꢜꢵ,चप्प्पा॑ट्टा,சப்போட்டா,chappot't'aa,cappoTTA,cappoṭṭā,t͡ʃəppoːʈʈɑː,sapota,சப்போட்டா,Fruits,words
ꢱꢷꢡꢵ ꢦꣁꢳ꣄ꢳꣁ,सीतापा॑ळ्ळा॑,ஸீதாபொள்ளொ,seetaa po'l'l'o',sItA pOLLO,sītā pŏl̤l̤ŏ,s̪iːt̪ɑː poɭɭo,sita fruit,சீதாப் பழம்,Fruits,words
ꢒꢷꢡ꣄,कीत,கீத்,keet,kIt,kīt,kiːt̪,petal of the cluster fruit,சுளை,Fruits,words
ꢡꢒ꣄ꢒꢵꢳꢶ,तक्काळि,தக்காளி,takkaal'i,takkALi,takkāl̤i,t̪əkkɑːɭɪ,tomato,தக்காளி,Fruits,words
ꢣꢬ꣄ꢨꢹꢱ꣄,दर्बूस्,த3ர்பூ3ஸ்,darboos,darbUs,darbūs,d̪əɾbuːs̪,water melon,தர்பூசணி,Fruits,words
ꢡꢶꢬꢵꢒ꣄ꢰꣁ,तिराक्ष,தி3ராக்ஷொ,tiraaksho',tirAkSO,tirākṣŏ,t̪ɪɾɑːkʂo,grapes,திராட்சை,Fruits,words
ꢡꣁꢮ꣄ꢞꣁ,ता॑व्टा॑,தொவ்டொ,to'vd'o',tOvDO,tŏvḍŏ,t̪oʋɖo,skin of the fruit,தோல்,Fruits,words
ꢣꣁꢬꢶ,दा॑रि,தொ3ரி,do'ri,dOri,dŏri,d̪oɾɪ,fibre,நார்,Fruits,words
ꢥꢵꢬꣁ,नारा॑,நாரொ,naaro',nArO,nārŏ,n̪ɑːɾo,fibre,நார்,Fruits,words
ꢮꢷꢜ꣄,वीट्,வீட்,veet',vIT,vīṭ,ʋiːʈ,a variety of fibre lime,நார்த்தங்காய்,Fruits,words
ꢙꢾꢪ꣄ꢨꢸ ꢦꣁꢳ꣄ꢳꣁ,ज॑म्बुपा॑ळ्ळा॑,ஜெம்பு3பொள்ளொ,je'mbu po'l'l'o',jEmbu pOLLO,jĕmbu pŏl̤l̤ŏ,d͡ʒembu poɭɭo,black berry,நாவல் பழம்,Fruits,words
ꢱꢸꢒ꣄ꢒꢾꢥꢬꢳ꣄,सुक्क॑ नरळ,ஸுக்கெநரள்,sukke'naral',sukkEnaraL,sukkĕnaral̤,s̪ukken̪əɾəɭ,fully ripped coconut or any fruit,நெற்று,Fruits,words
ꢥꢿꢥ꣄ꢣꢶꢬꢪ꣄ ꢒꢾꢳꣁ,नेन्दिरम्क॑ळा॑,நேந்தி3ரம் கெளொ,nendiram ke'l'o',nendiram kELO,nendiram kĕl̤ŏ,n̪eːn̪d̪ɪɾəm keɭo,banana,நேந்திரம் பழம்,Fruits,words
ꢦꢦ꣄ꢦꢵꢳꢶ,पप्पाळि,பப்பாளி,pappaal'i,pappALi,pappāl̤i,pəppɑːɭɪ,papaya,பப்பாளி,Fruits,words
ꢡꢵꢞꢶ ꢦꣁꢳ꣄ꢳꣁ,ताडिपोळ्ळा॑,தாடி3பொள்ளொ,taad'i po'l'l'o',tADi pOLLO,tāḍi pŏl̤l̤ŏ,t̪ɑːɖɪ poɭɭo,palmyra palm fruit,பனம்பழம்,Fruits,words
ꢦꢶꢥ꣄ꢣ ꢦꣁꢪ꣄ꢨꢸꢳ ꢦꣁꢳ꣄ꢳꣁ,पिन्द पा॑म्बुळ पाळ्ळा॑,பிந்த3பொம்பு3ள பொள்ளொ,pinda po'mbul'a po'l'l'o',pinda pOmbuLa pOLLO,pinda pŏmbul̤a pŏl̤l̤ŏ,pɪn̪d̪ə pombuɭə poɭɭo,tender fruit,பிஞ்சு,Fruits,words
ꢩꢿꢬꢶꢒꢫ꣄ꢭꣁ,भेरिकय्लो,பே4ரிகய்லொ,bherikaylo',bherikaylO,bherikaylŏ,bʰeːɾɪkəjlo,a kind of pear-wood apple,பேரிக்காய்,Fruits,words
ꢒꢗ꣄ꢗꢪ꣄ꢨꣁ,कच्चम्बा॑,கச்சம்பொ3,kachchambo',kaccambO,kaccambŏ,kət͡ʃt͡ʃəmbo,raw mango,மாங்காய்,Fruits,words
ꢣꢜꢶꢪ꣄ꢦꣁꢳ꣄ꢳꣁ,दटिम्पा॑ळ्ळा॑,த3டி3ம்பொள்ளொ,dat'impo'l'l'o',daTimpOLLO,daṭimpŏl̤l̤ŏ,d̪əʈɪmpoɭɭo,pomegranate,மாதுளை,Fruits,words
ꢒꢗ꣄ꢗꢪ꣄ꢨꢵ ꢨꣁꢳ꣄ꢳꣁ,कच्चम्बा पा॑ळ्ळा॑,கச்சம்பா3பொ3ள்ளொ,kachchambaa bo'l'l'o',kaccambA bOLLO,kaccambā bŏl̤l̤ŏ,kət͡ʃt͡ʃəmbɑː boɭɭo,mango fruit,மாம்பழம்,Fruits,words
ꢪꢸꢥ꣄ꢡꢶꢬꢶ,मुन्तिरि,முந்திரி,muntiri,muntiri,muntiri,mun̪t̪ɪɾɪ,cashew,முந்திரி,Fruits,words
ꢪꢸꢥ꣄ꢡꢶꢬꢶꢒ꣄ ꢒꣁꢜ꣄ꢜꢾ,मुन्तिरि का॑ट्ट॑,முந்திரிக்கொட்டெ,muntirik ko't't'e',muntirik kOTTE,muntirik kŏṭṭĕ,mun̪t̪ɪɾɪk koʈʈe,cashew nut,முந்திரிக் கொட்டை,Fruits,words
ꢒꢾꢳꣁ,क॑ळा॑,கெளொ,ke'l'o',kELO,kĕl̤ŏ,keɭo,banana fruit,வாழைப்பழம்,Fruits,words
ꢮꢳ꣄ꢒꢵ ꢦꣁꢳ꣄ꢳꣁ,वळ्का पा॑ळ्ळा॑,வள்காபொள்ளொ,val'kaa po'l'l'o',vaLkA pOLLO,val̤kā pŏl̤l̤ŏ,ʋəɭkɑː poɭɭo,cucumber fruit,வெள்ளரிப்பழம்,Fruits,words
ꢂꢨ꣄ꢨꢸꢥꢵ,अब्बुना,அப்3பு3னா,abbunaa,abbunA,abbunā,əbbun̪ɑː,will not get,கிடைக்காது,Defective-Verbs,words
ꢙꢸꢠ꣄ꢠꢵ,जुण्णा,ஜுண்ணா,junnaa,juNNA,juṇṇā,d͡ʒuɳɳɑː,will not get,கிடைக்காது,Defective-Verbs,words
ꢂꢨ꣄ꢨꢫ꣄,अब्बय्,அப்3ப3ய்,abbay,abbay,abbay,əbbəj,will get,கிடைக்கும்,Defective-Verbs,words
ꢙꢸꢞꣀ,जुडै,ஜுடை3,jud'ai,juDai,juḍai,d͡ʒuɖəɪ,will get,கிடைக்கும்,Defective-Verbs,words
ꢥꢴꢷ,न्ही,நீ:,nhee,nhI,nhī,n̪ɦiː,will not be available,கிடையாது,Defective-Verbs,words
ꢒꢳꢵꢥꢵ,कळाना,களானா,kal'aanaa,kaLAnA,kal̤ānā,kəɭɑːn̪ɑː,do not know,தெரியாது,Defective-Verbs,words
ꢒꢳꢵꢫ꣄,कळाय्,களாய்,kal'aay,kaLAy,kal̤āy,kəɭɑːj,know,தெரியும்,Defective-Verbs,words
ꢏꢦ꣄ꢦꢵꢥꢵ,आ॑प्पाना,ஒப்பானா,o'ppaanaa,OppAnA,ŏppānā,oppɑːn̪ɑː,do not like,பிடிக்காது,Defective-Verbs,words
ꢏꢦ꣄ꢦꢵꢫ꣄,आ॑प्पाय्,ஒப்பாய்,o'ppaay,OppAy,ŏppāy,oppɑːj,like,பிடிக்கும்,Defective-Verbs,words
ꢮꢶꢮꢬ꣄ꢦꣁꢠ꣄ꢠꢵ,विव र्पा॑ण्णा,விவர் பொண்ணா,vivarpo'nnaa,vivarpONNA,vivarpŏṇṇā,ʋɪʋəɾpoɳɳɑː,do not understand,புரியாது,Defective-Verbs,words
ꢮꢶꢮꢬ꣄ꢦꣁꢞꢫ꣄,विव र्पा॑डय,விவர் பொட3ய்,vivarpo'd'ay,vivarpODay,vivarpŏḍay,ʋɪʋəɾpoɖəj,understand,புரியும்,Defective-Verbs,words
ꢧꢸꢬ꣄ꢥꢵ,फुर्ना,பு2ர்னா,phurnaa,phurnA,phurnā,pʰuɾn̪ɑː,not enough,போதாது,Defective-Verbs,words
ꢧꢸꢬꢫ꣄,फुरय्,பு2ரய்,phuray,phuray,phuray,pʰuɾəj,enough,போதும்,Defective-Verbs,words
ꢪꢸꢱꢸꢥꢵ,मुसुना,முஸூனா,musunaa,musunA,musunā,mus̪un̪ɑː,not possible,முடியாது,Defective-Verbs,words
ꢯꢾꢒ꣄ꢒꢸꢥꢵ,श॑क्कुना,ஶெக்குனா,she'kkunaa,zEkkunA,śĕkkunā,ʃekkun̪ɑː,not possible,முடியாது,Defective-Verbs,words
ꢪꢸꢱꢫ꣄,मुसय्,முஸய்,musay,musay,musay,mus̪əj,possible,முடியும்,Defective-Verbs,words
ꢯꢾꢒ꣄ꢒꢫ꣄,श॑क्कय,ஶெக்கய்,she'kkay,zEkkay,śĕkkay,ʃekkəj,possible,முடியும்,Defective-Verbs,words
ꢥꣁꢒ꣄ꢒꣁ,ना॑क्का॑,நொக்கொ,no'kko',nOkkO,nŏkkŏ,n̪okko,do not want,வேண்டாம்,Defective-Verbs,words
ꢦꢙꢾꢥꢴꢷ,पज॑ न्ही,பஜெ நீ:,paje'nhee,pajEnhI,pajĕnhī,pəd͡ʒen̪ɦiː,do not want,வேண்டாம்,Defective-Verbs,words
ꢦꢙꢾ,पज॑,பஜெ,paje',pajE,pajĕ,pəd͡ʒe,want,வேண்டும்,Defective-Verbs,words
ꢚꢸꢭ꣄,झुल्,ஜு2ல்,jhul,jhul,jhul,d͡ʒʰul,leech,அட்டை,Creatures-and-Insects,words
ꢗꢶꢔ꣄ꢭꣁ,चिग्ला॑,சிக்3லொ,chiglo',ciglO,ciglŏ,t͡ʃɪglo,squirrel,அணில்,Creatures-and-Insects,words
ꢱꢪ꣄ꢗꢳꢶ,सम्चळि,ஸம்சளி,samchal'i,samcaLi,samcal̤i,s̪əmt͡ʃəɭɪ,lacerta interpunctula lizard,அரணை,Creatures-and-Insects,words
ꢱꢱꢬ꣄ꢦꢵꢛ꣄ꢚꢸꢭ꣄,ससर्पाञझुल्,ஸஸர்பாஞ் ஜு2ல்,sasarpaanjhul,sasarpAJjhul,sasarpāñjhul,s̪əs̪əɾpɑːɲd͡ʒʰul,centipede,ஆயிரங்கால் அட்டை,Creatures-and-Insects,words
ꢔꣁꢬꢸ ꢒꢵꢥꢸꢪ꣄ ꢒꢶꢞꣁ,गा॑रुकनुमकिडा॑,கொ3ருகானும்கிடொ3,go'ru kaanum kid'o',gOru kAnum kiDO,gŏru kānum kiḍŏ,goɾu kɑːn̪um kɪɖo,round worm,இரைப்பூச்சி,Creatures-and-Insects,words
ꢆꢱꢸ ꢆꢱꢵꢭꢾ,उसुउसाल॑,உஸுஉஸாலெ,usu usaale',usu usAlE,usu usālĕ,us̪u us̪ɑːle,winged white ant,ஈசல்,Creatures-and-Insects,words
ꢚꢸꢬꢸ,झुरु,ஜு2ரு,jhuru,jhuru,jhuru,d͡ʒʰuɾu,"lick, dog flea",உண்ணி,Creatures-and-Insects,words
ꢪꢸꢖ꣄ꢔꢶ,मुङगि,முங்கி3,mungi,muGgi,muṅgi,muŋgɪ,ant,எறும்பு,Creatures-and-Insects,words
ꢲꢸꢥ꣄ꢣꢶꢬ꣄,हुन्दिर,ஹுந்தி3ர்,hundir,hundir,hundir,ɦun̪d̪ɪɾ,rat,எலி,Creatures-and-Insects,words
ꢱꢬꢳ꣄,सरळ,ஸரள்,saral',saraL,saral̤,s̪əɾəɭ,"chameleon, garden lizard",ஓணான்,Creatures-and-Insects,words
ꢗꢵꢜꣁ,साटा॑,சாடொ,chaat'o',cATO,cāṭŏ,t͡ʃɑːʈo,black ant,கட்டெறும்பு,Creatures-and-Insects,words
ꢔꢥ꣄ꢤꣁꢭꢶ,गन्धा॑लि,க3ந்தொ4லி,gandho'li,gandhOli,gandhŏli,gən̪d̪ʰolɪ,wasp,கடந்தை,Creatures-and-Insects,words
ꢔꢾꢥ꣄ꢤꢭ꣄,ग॑न्धल,கெ3ந்த4ல்,ge'ndhal,gEndhal,gĕndhal,gen̪d̪ʰəl,wasp,கடந்தை,Creatures-and-Insects,words
ꢒꢖ꣄ꢒꢶꢞꣁ,किङकिडा॑,கங்கிடொ3,kankid'o',kaGkiDO,kaṅkiḍŏ,kəŋkɪɖo,caterpillar,கம்பளிப்பூச்சி,Creatures-and-Insects,words
ꢨꢥ꣄ꢣꣁ,बन्दा॑,ப3ந்தொ3,bando',bandO,bandŏ,bən̪d̪o,cockroach,கரப்பான்பூச்சி,Creatures-and-Insects,words
ꢲꢸꢡꢶ,हुति,ஹுதி,huti,huti,huti,ɦut̪ɪ,white ant,கரையான்,Creatures-and-Insects,words
ꢒꢺꢪꢶ,कृमि,க்ருமி,kri'mi,kRmi,kṛmi,kɾɨmɪ,germ,கிருமி,Creatures-and-Insects,words
ꢥꢸꢔꢸꢭ꣄,नुकुल्,நுகுல்,nugul,nugul,nugul,n̪ugul,mongoose,கீரி,Creatures-and-Insects,words
ꢥꢒꢸꢭ꣄,नकुल्,நகுல்,nakul,nakul,nakul,n̪əkul,mongoose,கீரி,Creatures-and-Insects,words
ꢱꢾꢛ꣄ꢙꢶꢮ꣄,स॑ञजिव्,ஸெஞ்ஜிவ்,se'njiv,sEJjiv,sĕñjiv,s̪eɲd͡ʒɪʋ,wasp,குளவி,Creatures-and-Insects,words
ꢦꢶꢱꢸꢳꣁ,पिसुळा॑,பிஸுளொ,pisul'o',pisuLO,pisul̤ŏ,pɪs̪uɭo,mosquito,கொசு,Creatures-and-Insects,words
ꢪꣃꢞꢶ,मौडि,மௌடி3,maud'i,mauDi,mauḍi,məuɖɪ,spider,சிலந்தி,Creatures-and-Insects,words
ꢭꢴꣁꢮ꣄ꢮ ꢪꢸꢖ꣄ꢒꢶ,ल्हा॑व्व मुङकि,லொ:வ்வ முங்கி,lho'vva munki,lhOvva muGki,lhŏvva muṅki,lɦoʋʋə muŋkɪ,small red ant,சிற்றெறும்பு,Creatures-and-Insects,words
ꢆꢥ꣄ꢣꢶꢬ꣄,हुन्दिर्,ஹுந்தி3ர்,undir,undir,undir,un̪d̪ɪɾ,mouse,சுண்டெலி,Creatures-and-Insects,words
ꢒꢸꢜ꣄ꢒꢶ,कुट्कि,குட்கி,kut'ki,kuTki,kuṭki,kuʈkɪ,flea,செள்ளு,Creatures-and-Insects,words
ꢱꢸꢠ꣄ꢞꢶ,सुण्डि,ஸுண்டி3,sund'i,suNDi,suṇḍi,s̪uɳɖɪ,dragon fly,தட்டான்,Creatures-and-Insects,words
ꢩꢾꢬ꣄ꢒꢳꢶ,भ॑र्कळि,பெ4ர்களி,bhe'rkal'i,bhErkaLi,bhĕrkal̤i,bʰeɾkəɭɪ,frog,தவளை,Creatures-and-Insects,words
ꢩꢿꢭꢶ,भेलि,பே4லி,bheli,bheli,bheli,bʰeːlɪ,toad,தேரை,Creatures-and-Insects,words
ꢮꢶꢛ꣄ꢗꢸ,विञचु,விஞ்சு,vinchu,viJcu,viñcu,ʋɪɲt͡ʃu,scorpion,தேள்,Creatures-and-Insects,words
ꢪꣀꢪꢴꢔꢶ,मैम्हगि,மைம:கி3,maimhagi,maimhagi,maimhagi,məɪmɦəgɪ,honey bee,தேனீ,Creatures-and-Insects,words
ꢔꢶꢱ꣄ꢳꣁ,गिस्ळा॑,கி3ஸ்ளொ,gisl'o',gisLO,gisl̤ŏ,gɪs̪ɭo,snail,நத்தை,Creatures-and-Insects,words
ꢔꣁꢬꢪ꣄ꢪꣁ,गा॑रम्मा॑,கொ3ரம்மொ,go'rammo',gOrammO,gŏrammŏ,goɾəmmo,butterfly,"பட்டம்பூச்சி, வண்ணத்துப் பூச்சி",Creatures-and-Insects,words
ꢒꣃꢱ꣄ꢒꢶꢞꣁ,कौस्किडा॑,கௌஸ்கிடொ3,kauskid'o',kauskiDO,kauskiḍŏ,kəus̪kɪɖo,silkworm,பட்டுப்புழு,Creatures-and-Insects,words
ꢦꢵꢭꣁ,पाला॑,பாலொ,paalo',pAlO,pālŏ,pɑːlo,house lizard,பல்லி,Creatures-and-Insects,words
ꢱꢵꢦ꣄,साप्,ஸாப்,saap,sAp,sāp,s̪ɑːp,snake,பாம்பு,Creatures-and-Insects,words
ꢂꢥ꣄ꢣꢸ,अन्दु,அந்து3,andu,andu,andu,ən̪d̪u,silver fish,புத்தகப்புழு,Creatures-and-Insects,words
ꢒꢶꢞꣁ,किडा॑,கிடொ3,kid'o',kiDO,kiḍŏ,kɪɖo,worm,புழு,Creatures-and-Insects,words
ꢑꢳꢶ,औळि,ஒளளி,aul'i,auLi,aul̤i,əuɭɪ,ant hill,புற்று,Creatures-and-Insects,words
ꢂꢨ꣄ꢨꢸ,हब्बु,ஹப்3பு3,abbu,abbu,abbu,əbbu,small insect,பூச்சி,Creatures-and-Insects,words
ꢔꣂꢪ꣄ꢨꢾ,गोम्ब॑,கோ3ம்பெ3,gombe',gombE,gombĕ,goːmbe,centipede,பூரான்,Creatures-and-Insects,words
ꢙꢹꢪ꣄,जूम,ஜூம்,joom,jUm,jūm,d͡ʒuːm,louse,பேன்,Creatures-and-Insects,words
ꢱꢶꢣ꣄ꢣꢜ꣄,सिद्दट्,ஸித்3த3ட்,siddat',siddaT,siddaṭ,s̪ɪd̪d̪əʈ,earthworm,மண்புழு,Creatures-and-Insects,words
ꢙꢶꢙ꣄ꢙꢶꢭ꣄,जिज्जिल,ஜிஜ்ஜில்,jijjil,jijjil,jijjil,d͡ʒɪd͡ʒd͡ʒɪl,glow worm,மின்மினிப்பூச்சி,Creatures-and-Insects,words
ꢤꢾꢔꢸꢥꣁ,ध॑गुना॑,தெ4கு3நொ,dhe'guno',dhEgunO,dhĕgunŏ,d̪ʰegun̪o,bug,மூட்டை,Creatures-and-Insects,words
ꢦꢶꢖ꣄ꢔꢸ ꢪꢸꢖ꣄ꢔꢶ,पिङगु मुङगि,பிங்கு3 முங்கி3,pingu mungi,piGgu muGgi,piṅgu muṅgi,pɪŋgu muŋgɪ,"big red ant,",மொசறு,Creatures-and-Insects,words
ꢃꢳꢶ,आळि,ஆளி,aal'i,ALi,āl̤i,ɑːɭɪ,beetle,வண்டு,Creatures-and-Insects,words
ꢢꣂꢳ꣄,थौळ,தோ2ள்,thol',thoL,thol̤,t̪ʰoːɭ,grass hopper,விட்டில்,Creatures-and-Insects,words
ꢔꣁꢭ꣄ꢭꣁꢬ꣄,गा॑ल्ला॑र,கொ3ல்லொர்,go'llo'r,gOllOr,gŏllŏr,golloɾ,locust,வெட்டுக்கிளி,Creatures-and-Insects,words
ꢣꣁꢨ꣄ꢨꢶ,दा॑ब्बि,தொ3ப்3பி3,do'bbi,dObbi,dŏbbi,d̪obbɪ,keepwide,அகட்டு,Simple-Verbs,words
ꢙꢵ,जा,ஜா,jaa,jA,jā,d͡ʒɑː,go away,அகல்,Simple-Verbs,words
ꢒꢹꢔ꣄,कूग,கூக்3,koog,kUg,kūg,kuːg,cock,அகவு,Simple-Verbs,words
ꢲꢿꢜ꣄,हेट्,ஹேட்,het',heT,heṭ,ɦeːʈ,"remove, separate",அகற்று,Simple-Verbs,words
ꢂꢖ꣄ꢔꢶꢒꢵꢬ꣄,अङ꣄किकार्,அங்கி3கார்,angikaar,aGgikAr,aṅgikār,əŋgɪkɑːɾ,recognize,அங்கீகரி,Simple-Verbs,words
ꢲꢭ꣄ꢭꢵꢜ꣄,हल्लाट्,ஹல்லாட்,hallaat',hallAT,hallāṭ,ɦəllɑːʈ,to move,அசை,Simple-Verbs,words
ꢆꢜ꣄ꢔꢵꢜ꣄,उट्गाट्,உட்3கா3ட்,ut'gaat',uTgAT,uṭgāṭ,uʈgɑːʈ,subdue,அடக்கு,Simple-Verbs,words
ꢆꢜ꣄ꢔꢶ,उट्गि,உட்3கி3,ut'gi,uTgi,uṭgi,uʈgɪ,to be subdued,அடங்கு,Simple-Verbs,words
ꢲꢵꢥ꣄,हान्,ஹான்,haan,hAn,hān,ɦɑːn̪,beat,அடி,Simple-Verbs,words
ꢭꢥ꣄ꢣꢶ,लन्दि,லந்தி3,landi,landi,landi,lən̪d̪ɪ,approach,அடு,Simple-Verbs,words
ꢱꢾꢥ꣄ꢡꢶ,स॑न्ति,ஸெந்தி,se'nti,sEnti,sĕnti,s̪en̪t̪ɪ,arrange,அடுக்கு,Simple-Verbs,words
ꢙꢷ ꢗꢿꢬ꣄,जी चेर्,ஜீசேர்,jee cher,jI cer,jī cer,d͡ʒiː t͡ʃeːɾ,To reach,அடை,Simple-Verbs,words
ꢚꢵꢔꢶ,झागि,ஜா2கி3,jhaagi,jhAgi,jhāgi,d͡ʒʰɑːgɪ,close,அடை,Simple-Verbs,words
ꢆꢛBꢗꣁ ꢱꢵ,उञ꣄चा॑ सा,உஞ்சொ ஸா,unyaBcho' saa,uJaBcO sA,uñaBcŏ sā,uɲəBt͡ʃo s̪ɑː,see up,அண்ணார்,Simple-Verbs,words
ꢕꢭ꣄ꢭꢾ,घल्ले,க4ல்லே,ghalle',ghallE,ghallĕ,gʰəlle,wear,அணி,Simple-Verbs,words
ꢧꢶꢬ꣄ꢭꢾ,फिर्ले,பி2ர்லே,phirle',phirlE,phirlĕ,pʰɪɾle,wear,அணி,Simple-Verbs,words
ꢪꢴꢮ꣄ꢭꢫꢶ ꢙꢵ,म्हव्लयि जा,ம:வ்லயி ஜா,mhavlayi jaa,mhavlayi jA,mhavlayi jā,mɦəʋləjɪ d͡ʒɑː,be extinguished,அணை,Simple-Verbs,words
ꢪꢴꣃꢭꢶ,म्हौलि,மௌ:லி,mhauli,mhauli,mhauli,mɦəulɪ,extinguish,அணை,Simple-Verbs,words
ꢒꢨꢶꢭ꣄ꢭꢾ,कबिल्ले,கபி3ல்லே,kabille',kabillE,kabillĕ,kəbɪlle,embrace,அணை,Simple-Verbs,words
ꢭꢾꢔꢸꢡ꣄ꢡ ꢙꢵ,ल॑गुत्त जा,லெகு3த்த ஜா,le'gutta jaa,lEgutta jA,lĕgutta jā,legut̪t̪ə d͡ʒɑː,approach,அணுகு,Simple-Verbs,words
ꢦꢬ꣄ꢮꢒꢿꢬ꣄,पर्वकेर,பர்வகேர்,parvaker,parvaker,parvaker,pəɾʋəkeːɾ,rebuke,அதட்டு,Simple-Verbs,words
ꢮꢿꢥ꣄ ꢒꢿꢬ꣄,वेनकेर,வேன்கேர்,ven ker,ven ker,ven ker,ʋeːn̪ keːɾ,increase,அதிகரி,Simple-Verbs,words
ꢃꢗ꣄ꢗꢬ꣄ꢫꢸꢦꣂꢜ꣄,आच्चयुपोट्,ஆஶ்சர்யுபோட்,aachcharyupot',AccaryupoT,āccaryupoṭ,ɑːt͡ʃt͡ʃəɾjupoːʈ,wonder,அதிசயி,Simple-Verbs,words
ꢂꢣꢶꢬ꣄,अदिर,அதி3ர்,adir,adir,adir,əd̪ɪɾ,tremble,அதிர்,Simple-Verbs,words
ꢂꢦ꣄ꢦꢶꢭꢾ,अप्पिले,அப்பிலே,appile',appilE,appilĕ,əppɪle,apply like a paste,அப்பு,Simple-Verbs,words
ꢚꢾꢜ꣄ꢦꢶꢭꢾ,झेट्पिले,ஜெ2ட்பிலே,jhe't'pile',jhETpilE,jhĕṭpilĕ,d͡ʒʰeʈpɪle,steal,அபகரி,Simple-Verbs,words
ꢱꣃꢔꢭ ꢒꢿꢬ꣄,सैगनकेर,ஸைக3னகேர்,saugala ker,saugala ker,saugala ker,s̪əugələ keːɾ,gesticulate,அபிநயி,Simple-Verbs,words
ꢨꢷꢱ꣄,बीस्,பீ3ஸ்,bees,bIs,bīs,biːs̪,sit,அமர்,Simple-Verbs,words
ꢨꢹꢜ꣄,बूट,பூ3ட்,boot',bUT,būṭ,buːʈ,be immersed,அமிழ்,Simple-Verbs,words
ꢨꢸꢣꢵꢜ꣄,बुडाट्,பு3டா3ட்,budaat',budAT,budāṭ,bud̪ɑːʈ,immerse,அமிழ்த்து,Simple-Verbs,words
ꢂꢪ꣄ꢒꢶ,अम्कि,அம்கி,amki,amki,amki,əmkɪ,press,அமுக்கு,Simple-Verbs,words
ꢂꢪ꣄ꢒꢫꢶ ꢬꢴꢵ,अम्कयिर्ह,அம்கயிரா:,amkayi rhaa,amkayi rhA,amkayi rhā,əmkəjɪ ɾɦɑː,be pressed,அமுங்கு,Simple-Verbs,words
ꢱꢾꢥ꣄ꢡꢶ ꢢꣂꢮ꣄,स॑न्तिथोव्,ஸெந்திதோ2வ்,se'nti thov,sEnti thov,sĕnti thov,s̪en̪t̪ɪ t̪ʰoːʋ,be arranged,அமை,Simple-Verbs,words
ꢱꢾꢥ꣄ꢡꢫꢶꢬꢴꢵ,स॑न्तयिर्ह,ஸெந்தயிரா:,se'ntayirhaa,sEntayirhA,sĕntayirhā,s̪en̪t̪əjɪɾɦɑː,arranged,அமை,Simple-Verbs,words
ꢲꢹꢖ꣄ꢔꢶꢤꢹꢭ꣄,हुङगिधूल्,ஹுங்கி3தூ4ள்,hoongidhool,hUGgidhUl,hūṅgidhūl,ɦuːŋgɪd̪ʰuːl,become drowsy,அயர்,Simple-Verbs,words
ꢓꢮ꣄ꢙꢸꢭꢾ,खव्जुले,க2வ்ஜுலே,khavjule',khavjulE,khavjulĕ,kʰəʋd͡ʒule,"itch, sieve",அரி,Simple-Verbs,words
ꢤꢵꢒ꣄ꢕꢵꢭ꣄,धाक्घाल,தா4க்கா4ல்,dhaakghaal,dhAkghAl,dhākghāl,d̪ʰɑːkgʰɑːl,frighten,அரட்டு,Simple-Verbs,words
ꢨꢾꢣꢸꢬꢶ ꢦꣂꢜ꣄,ब॑दुरिपोट्,பெ3து3ரிபோட்,be'duri pot',bEduri poT,bĕduri poṭ,bed̪uɾɪ poːʈ,to be much afraid,அரள்,Simple-Verbs,words
ꢣꢸꢒ꣄ꢒꢸꢦꣁꢞ꣄ꢳꢾ,दुक्कुपोड्ळ॑,து3க்குபொட்3ளே,dukkupo'd'l'e',dukkupODLE,dukkupŏḍl̤ĕ,d̪ukkupoɖɭe,lament,அரற்று,Simple-Verbs,words
ꢦ꣄ꢬꢵꢬ꣄ꢡꢥꣁꢒꢾꢬ꣄,प्रार्तना॑केर,ப்ரார்தனொகேர்,praartano'ke'r,prArtanOkEr,prārtanŏkĕr,pɾɑːɾt̪ən̪okeɾ,pray,அர்ச்சி,Simple-Verbs,words
ꢦꢿ,पे,பே,pe,pe,pe,peː,drink,அருந்து,Simple-Verbs,words
ꢧꢸꢭꢫꢶꢬꢴꢵ,फुलयिर्हा,பு2லயிரா:,phulayirhaa,phulayirhA,phulayirhā,pʰuləjɪɾɦɑː,blossom,அரும்பு,Simple-Verbs,words
ꢂꢫ꣄ꢫꢬꢮ꣄ ꢦꣁꢜ꣄,अय्यरव पोट,அய்யரவ் போட்,ayyarav po't',ayyarav pOT,ayyarav pŏṭ,əjjəɾəʋ poʈ,be disgusted with,அருவரு,Simple-Verbs,words
ꢒ꣄ꢬꢸꢦꣁ ꢒꢾꢬ꣄,क्रुपा॑ केर,க்ருபொ கேர்,krupo' ke'r,krupO kEr,krupŏ kĕr,kɾupo keɾ,bestow favour,அருள்,Simple-Verbs,words
ꢡꢾꢱꢫꢶ ꢦꣂꢜ꣄,त॑सयि पोट,தெஸயி போட்,te'sayi pot',tEsayi poT,tĕsayi poṭ,t̪es̪əjɪ poːʈ,be crushed,அரை,Simple-Verbs,words
ꢭꢸꢨ꣄ꢨꢶ,लुब्बि,லுப்3பி3,lubbi,lubbi,lubbi,lubbɪ,grind,அரை,Simple-Verbs,words
ꢂꢭꢖ꣄ꢒꢵꢬ꣄ ꢒꢿꢬ꣄,अलङकार्केर्,அலங்கார்கேர்,alankaar ker,alaGkAr ker,alaṅkār ker,ələŋkɑːɾ keːɾ,beautify /decorate,அலங்கரி,Simple-Verbs,words
ꢲꢭ꣄ꢭꢵꢜ꣄,हल्लाट्,ஹல்லாட்,hallaat',hallAT,hallāṭ,ɦəllɑːʈ,move,அலங்கு,Simple-Verbs,words
ꢂꢭ꣄ꢗꢶ,अल्चि,அல்சி,alchi,alci,alci,əlt͡ʃɪ,rinse,அலசு,Simple-Verbs,words
ꢯ꣄꣄ꢭꢵꢕꢠꢒꢾꢬ꣄ꢭꢿ,श्लाघणक॑र्ले,ஶ்லாக4ணகெர்லே,shlaaghanake'rle,zlAghaNakErle,ślāghaṇakĕrle,ʃlɑːgʰəɳəkeɾleː,boast,அலட்டு,Simple-Verbs,words
ꢤꢹꢮ꣄,धूव्,தூ4வ்,dhoov,dhUv,dhūv,d̪ʰuːʋ,wash,அலம்பு,Simple-Verbs,words
ꢩꢮꢵꢜ꣄ꢡꢵꢫ꣄,भवाट्ताय,ப4வாட்தாய்,bhavaat'taay,bhavATtAy,bhavāṭtāy,bʰəʋɑːʈt̪ɑːj,scream,அலறு,Simple-Verbs,words
ꢭꣂꢭ꣄ ꢦꣂꢜ꣄,लोल्पोट्,லோல்போட்,lol pot',lol poT,lol poṭ,loːl poːʈ,wander,அலை,Simple-Verbs,words
ꢭꣂꢭ꣄ ꢦꣁꢞꢜ꣄,लोल पा॑डाट,லோல் பொடா3ட்,lol po'd'at',lol pODaT,lol pŏḍaṭ,loːl poɖəʈ,make to wander,அலை/ அலைக்கழி,Simple-Verbs,words
ꢱꢶꢬꢳ꣄꣄ꢙꢵꢜ꣄,सिरळ्जाट,ஸிரள்ஜாட்,siral'jaat',siraLjAT,siral̤jāṭ,s̪ɪɾəɭd͡ʒɑːʈ,make to wander,அலை/ அலைக்கழி,Simple-Verbs,words
ꢥꢯꢶꢶꢥꢪ꣄ ꢲꣁ,नशिनम हो,நஶினம்ஹோ,nashiinam ho',naziinam hO,naśiinam hŏ,n̪əʃɪɪn̪əm ɦo,be destroyed,அழி,Simple-Verbs,words
ꢥꢵꢯꢥꣁ ꢲꣁ,नाशनो हो,நாஶனொ ஹோ,naashano' ho',nAzanO hO,nāśanŏ hŏ,n̪ɑːʃən̪o ɦo,be destroyed,அழி,Simple-Verbs,words
ꢥꢯꢶꢶꢥꢪ꣄ ꢒꢿꢬ꣄,नशिनम केर्,நஶினம்கேர்,nashiinam ker,naziinam ker,naśiinam ker,n̪əʃɪɪn̪əm keːɾ,destroy,அழி,Simple-Verbs,words
ꢱꢶꢙ꣄ꢮꢶ,सिज्वि,ஸிஜ்வி,sijvi,sijvi,sijvi,s̪ɪd͡ʒʋɪ,boil,அவி,Simple-Verbs,words
ꢱꢶꢮ꣄ꢙꢶ,सिव्जि,ஸிவ்ஜி,sivji,sivji,sivji,s̪ɪʋd͡ʒɪ,boil,அவி,Simple-Verbs,words
ꢱꣁꢮ꣄ꢞꢶ,सा॑व्डि,ஸொவ்டி3,so'vd'i,sOvDi,sŏvḍi,s̪oʋɖɪ,loosen,அவிழ்,Simple-Verbs,words
ꢬꣂꢜ꣄,रोट्,ரோட்,rot',roT,roṭ,ɾoːʈ,"cry, weap",அழு,Simple-Verbs,words
ꢪꢸꢬ꣄ꢔꢶ,मुर्गि,முர்கி3,murgi,murgi,murgi,muɾgɪ,decay,அழுகு,Simple-Verbs,words
ꢪꢸꢬ꣄ꢔꢫꢶꢙꢵ,मुर्गयिजा,முர்க3யிஜா,murgayijaa,murgayijA,murgayijā,muɾgəjɪd͡ʒɑː,decay,அழுகு,Simple-Verbs,words
ꢂꢪ꣄ꢒꢫꢶꢙꢵ,अम्कयिजा,அம்கயிஜா,amkayijaa,amkayijA,amkayijā,əmkəjɪd͡ʒɑː,be pressed,அழுந்து,Simple-Verbs,words
ꢨꣂꢮ꣄,बोव्,போ3வ்,bov,bov,bov,boːʋ,call,அழை,Simple-Verbs,words
ꢮꢵꢬ꣄,वार्,வார்,vaar,vAr,vār,ʋɑːɾ,take handful,அள்ளு,Simple-Verbs,words
ꢪꣂꢮ꣄,मोव्,மோவ்,mov,mov,mov,moːʋ,measure,அள,Simple-Verbs,words
ꢪꣁꢮ꣄ꢙꢶ,मा॑व्जि,மொவ்ஜி,mo'vji,mOvji,mŏvji,moʋd͡ʒɪ,measure,அள,Simple-Verbs,words
ꢣꢿ,दे,தே3,de,de,de,d̪eː,give,அளி,Simple-Verbs,words
ꢒꢮ꣄ꢭꢶ,कव्लि,கவ்லி,kavli,kavli,kavli,kəʋlɪ,meddle,அளை,Simple-Verbs,words
ꢒꢳꣀꢭꢾ,कळैले,களைலே,kal'aile',kaLailE,kal̤ailĕ,kəɭəɪle,know,அறி,Simple-Verbs,words
ꢒꢜꢫꢶꢙꢵ,कटयि जा,கடயி ஜா,kat'ayijaa,kaTayijA,kaṭayijā,kəʈəjɪd͡ʒɑː,be cut,அறு,Simple-Verbs,words
ꢒꢵꢜ꣄,काट्,காட்,kaat',kAT,kāṭ,kɑːʈ,cut,அறு,Simple-Verbs,words
ꢕꢵꢪ꣄ ꢡꢵꢫ꣄,घाम्ताय्,கா4ம்தாய்,ghaam taay,ghAm tAy,ghām tāy,gʰɑːm t̪ɑːj,beat strongly,அறை,Simple-Verbs,words
ꢤꢵꢥꢸꢒ꣄ꢙꢵ,धानुक्जा,தா4னுக்ஜா,dhaanukjaa,dhAnukjA,dhānukjā,d̪ʰɑːn̪ukd͡ʒɑː,follow,அனுசரி,Simple-Verbs,words
ꢂꢥꢸꢱꢬꢶ,अनुसरि,அனுஸரி,anusari,anusari,anusari,ən̪us̪əɾɪ,follow,அனுசரி,Simple-Verbs,words
ꢤꢜ꣄ꢞꢾ,धट्डे,த4ட்டே3,dhat'd'e',dhaTDE,dhaṭḍĕ,d̪ʰəʈɖe,send,அனுப்பு,Simple-Verbs,words
ꢂꢥꢸꢨꢮꢶꢛ꣄ꢗꢶ,अनुबविञ्चि,அனுப3விஞ்சி,anubavinchi,anubaviJci,anubaviñci,ən̪ubəʋɪɲt͡ʃɪ,experience,அனுபவி,Simple-Verbs,words
ꢦꣁꢥ꣄ꢣꢶ,पा॑न्दि,பொந்தி3,po'ndi,pOndi,pŏndi,pon̪d̪ɪ,experience,அனுபவி,Simple-Verbs,words
ꢂꢥꢸꢪꢡꢶ,अनुमति,அனுமதி,anumati,anumati,anumati,ən̪umət̪ɪ,permit,அனுமதி,Simple-Verbs,words
ꢇꢲꢪ꣄ ꢒꢿꢬ꣄,ऊहम केर,ஊஹம் கேர்,ooham ker,Uham ker,ūham ker,uːɦəm keːɾ,guess,அனுமானி,Simple-Verbs,words
ꢃꢒ꣄ꢬꢪꣁ ꢒꢿꢬ꣄,आक्रमा॑ केर,ஆக்ரமொ கேர்,aakramo' ker,AkramO ker,ākramŏ ker,ɑːkɾəmo keːɾ,aggress,ஆக்கிரமி,Simple-Verbs,words
ꢲꣁꢮꢵꢜ꣄,होवाट,ஹொவாட்,ho'vaat',hOvAT,hŏvāṭ,ɦoʋɑːʈ,make,ஆக்கு,Simple-Verbs,words
ꢲꣂ,हो,ஹோ,ho,ho,ho,ɦoː,become,ஆகு,Simple-Verbs,words
ꢃꢯꢶꢬ꣄ꢮꢵꢡ꣄ ꢒꢿꢬ꣄,आशिर्वात्केर्,ஆஶிர்வாத் கேர்,aashirvaat ker,AzirvAt ker,āśirvāt ker,ɑːʃɪɾʋɑːt̪ keːɾ,bless,ஆசீர்வதி,Simple-Verbs,words
ꢃꢒ꣄ꢰꢿꢿꢦꢠꣁ ꢒꢿꢬ꣄,आक्षएपणा॑केर्,ஆக்க்ஷேபணொகேர்,aaksheepano' ker,AkSeepaNO ker,ākṣeepaṇŏ ker,ɑːkʂeːeːpəɳo keːɾ,object,ஆட்சேபி,Simple-Verbs,words
ꢲꢶꢥ꣄ꢣꢵꢳ꣄,हिन्दाळ्,ஹிந்தா3ள்,hindaal',hindAL,hindāl̤,ɦɪn̪d̪ɑːɭ,swing,ஆட்டு,Simple-Verbs,words
ꢥꢵꢗ꣄,नाच्,நாச்,naach,nAc,nāc,n̪ɑːt͡ʃ,"dance, swing",ஆடு,Simple-Verbs,words
ꢓꢵꢭ꣄,खाळ्,கா2ள்,khaal,khAl,khāl,kʰɑːl,"dance, swing",ஆடு,Simple-Verbs,words
ꢃꢣꢬꣁ ꢒꢿꢬ꣄,आदरा॑ केर,ஆத3ரொ கேர்,aadaro' ker,AdarO ker,ādarŏ ker,ɑːd̪əɾo keːɾ,support,ஆதரி,Simple-Verbs,words
ꢂꢣ꣄ꢣꢶꢥꢶ ꢣꢿ,अद्दिनि दे,அத்3தி3னி தே3,addini de,addini de,addini de,əd̪d̪ɪn̪ɪ d̪eː,support,ஆதரி,Simple-Verbs,words
ꢏꢦ꣄ꢦꢶꢭꢿ,आ॑प्पिले,ஒப்பிலே,o'ppile,Oppile,ŏppile,oppɪleː,accept,ஆமோதி,Simple-Verbs,words
ꢂꢬꢸꢪ꣄ꢦꢪ꣄ꢒꢾꢬ꣄,हरुम्बम्केर,ஹரும்ப3ம்கேர்,arumpamke'r,arumpamkEr,arumpamkĕr,əɾumpəmkeɾ,begin,ஆரம்பி,Simple-Verbs,words
ꢬꢾꢗ꣄ꢗꣁꢡꢵꢫ꣄,रेच्चा॑ताय,ரெச்சொதாய்,re'chcho'taay,rEccOtAy,rĕccŏtāy,ɾet͡ʃt͡ʃot̪ɑːj,make noise,ஆரவாரி,Simple-Verbs,words
ꢣꢷꢬ꣄ꢡ꣄ꢡꢸꢨꢸꢞꢜ꣄,तीर्त्तुबुडाट,தீர்த்துபு3டா3ட்,deerttubud'at',dIrttubuDaT,dīrttubuḍaṭ,d̪iːɾt̪t̪ubuɖəʈ,give holy bath,ஆராட்டு,Simple-Verbs,words
ꢦꢬꢶꢯꣂꢤꢥꣁ ꢒꢿꢬ꣄,परिशोधना॑ केर,பரிஶோத4னொ கேர்,parishodhano' ker,parizodhanO ker,pariśodhanŏ ker,pəɾɪʃoːd̪ʰən̪o keːɾ,research,ஆராய்,Simple-Verbs,words
ꢱꢾꢗ꣄ꢗꢶꢭꢿ,स॑र्च्चिले,ஸெர்சிலே,se'chchile,sEccile,sĕccile,s̪et͡ʃt͡ʃɪleː,think,ஆலோசி,Simple-Verbs,words
ꢨꢹꢞ꣄,बूड्,பூ3ட்3,bood',bUD,būḍ,buːɖ,immerse,ஆழ்,Simple-Verbs,words
ꢨꢸꢞ꣄ꢮꢶ,बुड्वि,பு3ட்3வி,bud'vi,buDvi,buḍvi,buɖʋɪ,immerse,ஆழ்த்து,Simple-Verbs,words
ꢱꣀꢱꢶ,सौसि,ஸௌஸி,saisi,saisi,saisi,s̪əɪs̪ɪ,rule,ஆள்,Simple-Verbs,words
ꢥꢶꢮꢵꢜ꣄,निवाट्,நிவாட்,nivaat',nivAT,nivāṭ,n̪ɪʋɑːʈ,cool,ஆற்று,Simple-Verbs,words
ꢥꢶꢮꢳ꣄ꢳꢾ,निवळ्ळ॑,நிவள்ளெ,nival'l'e',nivaLLE,nival̤l̤ĕ,n̪ɪʋəɭɭe,be cooled,ஆறு,Simple-Verbs,words
ꢤꢸꢮꢿꢰ꣄ ꢒꢿꢬ꣄,धुवेष्केर्,து4வேஷ்கேர்,dhuvesh ker,dhuveS ker,dhuveṣ ker,d̪ʰuʋeːʂ keːɾ,despise,இகழ்,Simple-Verbs,words
ꢗꢾꢬꢶ ꢙꢵ,च॑रिजा,செரிஜா,che'ri jaa,cEri jA,cĕri jā,t͡ʃeɾɪ d͡ʒɑː,agree,இசை,Simple-Verbs,words
ꢱꢸꢡꢶ ꢡꢵꢫ꣄,सुति ताय,ஸுதி தாய்,suti taay,suti tAy,suti tāy,s̪ut̪ɪ t̪ɑːj,tune,இசை,Simple-Verbs,words
ꢢꢾꢜ꣄ꢒꢶ ꢦꣁꢜ꣄,थ॑ट्कि पोट,தெ2ட்கி போட்,the't'ki po't',thETki pOT,thĕṭki pŏṭ,t̪ʰeʈkɪ poʈ,stumble,இடறு,Simple-Verbs,words
ꢦꢸꢜ꣄ꢜꢶ ꢦꣁꢜ꣄,फुट्टि पोट,பு2ட்டி போட்,put't'i po't',puTTi pOT,puṭṭi pŏṭ,puʈʈɪ poʈ,be demolished,இடி,Simple-Verbs,words
ꢧꣁꢞꢶꢡꢵꢫ꣄,फा॑डिताय,பொ2டி3தாய்,pho'd'itaay,phODitAy,phŏḍitāy,pʰoɖɪt̪ɑːj,demolish,இடி,Simple-Verbs,words
ꢢꣂꢮ꣄,थोव्,தோ2வ்,thov,thov,thov,t̪ʰoːʋ,"put, wear",இடு,Simple-Verbs,words
ꢕꢳ꣄ꢳꢿ,घळ्ळे,க4ள்ளே,ghal'l'e,ghaLLe,ghal̤l̤e,gʰəɭɭeː,"put, wear",இடு,Simple-Verbs,words
ꢥꢾꢱ꣄ꢒꢶꢭꢶ ꢙꢵ,न॑स्किलिजा,நெஸ்கிலிஜா,ne'skili jaa,nEskili jA,nĕskili jā,n̪es̪kɪlɪ d͡ʒɑː,sqeeze,இடுக்கு,Simple-Verbs,words
ꢐꢬ꣄ꢦꢸꢒꢾꢬ꣄ꢭꢿ,ओर्पुकेर्ले,ஓர்புகெர்லே,orpuke'rle,orpukErle,orpukĕrle,oːɾpukeɾleː,accept,இணங்கு,Simple-Verbs,words
ꢗꢿꢬ꣄,चेर्,சேர்,cher,cer,cer,t͡ʃeːɾ,be joined,இணை,Simple-Verbs,words
ꢗꢾꢬ꣄ꢗ꣄ꢗꢶ,चेर्च्चि,செர்சி,che'rchchi,cErcci,cĕrcci,t͡ʃeɾt͡ʃt͡ʃɪ,join,இணை,Simple-Verbs,words
ꢪꢶꢱ꣄ꢒꢶ,मिस्कि,மிஸ்கி,miski,miski,miski,mɪs̪kɪ,closing eyes for a second,இமை,Simple-Verbs,words
ꢒꢵꢪ꣄ ꢒꢾꢬꢵꢜ꣄,काम्क॑राट्,காம்கெராட்,kaam ke'raat',kAm kErAT,kām kĕrāṭ,kɑːm keɾɑːʈ,"direct, operate",இயக்கு,Simple-Verbs,words
ꢤꢪꢵꢜ꣄,धमाट्,த4மாட்,dhamaat',dhamAT,dhamāṭ,d̪ʰəmɑːʈ,"direct, operate",இயக்கு,Simple-Verbs,words
ꢒꢵꢪ꣄ ꢒꢿꢬ꣄,काम्केर्,காம்கேர்,kaam ker,kAm ker,kām ker,kɑːm keːɾ,"be moved, be operated",இயங்கு,Simple-Verbs,words
ꢤꢵꢪ꣄,धाम्,தா4ம்,dhaam,dhAm,dhām,d̪ʰɑːm,"be moved, be operated",இயங்கு,Simple-Verbs,words
ꢱꢖ꣄ꢔꢶ,सङगि,ஸங்கி3,sangi,saGgi,saṅgi,s̪əŋgɪ,tell,இயம்பு,Simple-Verbs,words
ꢪꢹꢱ꣄,मूस,மூஸ்,moos,mUs,mūs,muːs̪,can,இயல்,Simple-Verbs,words
ꢆꢬꢸꢮ꣄ ꢒꢿꢬ꣄,उरुव्केर्,உருவ்கேர்,uruv ker,uruv ker,uruv ker,uɾuʋ keːɾ,compose,இயற்று,Simple-Verbs,words
ꢐꢬ꣄ꢦ꣄ꢦꢸ ꢒꢾꢬ꣄ꢭꢾ,ओर्प्पुकेर्ले,ஓர்புகெர்லே,orppu ke'rle',orppu kErlE,orppu kĕrlĕ,oːɾppu keɾle,agree,இயை,Simple-Verbs,words
ꢩꢷꢔ꣄ ꢪꢵꢫ꣄,भीग् माय्,பீ4க்மாய்,bheeg maay,bhIg mAy,bhīg māy,bʰiːg mɑːj,beg,இர,Simple-Verbs,words
ꢣꢫꣁ ꢒꢿꢬ꣄,दया॑केर्,த3யொகேர்,dayo' ker,dayO ker,dayŏ ker,d̪əjo keːɾ,show mercy,இரங்கு,Simple-Verbs,words
ꢱꣁꢪ꣄ꢦꢸ ꢦꣁꢥ꣄ꢣꢶ,सा॑म्पुपा॑न्दि,ஸொம்புபொந்தி3,so'mpu po'ndi,sOmpu pOndi,sŏmpu pŏndi,s̪ompu pon̪d̪ɪ,enjoy,இரசி,Simple-Verbs,words
ꢒꢨꢵꢜ꣄,कबाट,கபா3ட்,kabaat',kabAT,kabāṭ,kəbɑːʈ,"to protect, save",இரட்சி,Simple-Verbs,words
ꢬꢒ꣄ꢰꢠꣁꢒꢿꢬ꣄,रक्षणा॑केर,ரக்ஷணொ கேர்,rakshano'ker,rakSaNOker,rakṣaṇŏker,ɾəkʂəɳokeːɾ,"to protect, save",இரட்சி,Simple-Verbs,words
ꢣꢷꢮꢜꣁ ꢒꢿꢬ꣄,दीवटा॑ केर,தீ3வடொ கேர்,deevat'o' ker,dIvaTO ker,dīvaṭŏ ker,d̪iːʋəʈo keːɾ,double,இரட்டி,Simple-Verbs,words
ꢬꢴꢵ,र्हा,ரா:,rhaa,rhA,rhā,ɾɦɑː,be,இரு,Simple-Verbs,words
ꢲꢥ꣄ꢣꢵꢬ꣄ ꢦꣂꢜ꣄,हन्दार्पोट्,ஹந்தா3ர்போட்,handaar pot',handAr poT,handār poṭ,ɦən̪d̪ɑːɾ poːʈ,be dark,இருட்டு,Simple-Verbs,words
ꢬꢴꢮꢵꢜ꣄,र्हवाट्,ர:வாட்,rhavaat',rhavAT,rhavāṭ,ɾɦəʋɑːʈ,make sit,இருத்து,Simple-Verbs,words
ꢕꣁꢮ꣄ꢭꢶ,खा॑व्लि,கொ2வ்லி,gho'vli,ghOvli,ghŏvli,gʰoʋlɪ,cough,இருமு,Simple-Verbs,words
ꢲꢥ꣄ꢣꢵꢬ꣄ꢒꢥ ꢶꢬꢴꢵ,हन्दार्कनि र्हा,ஹந்தா3ர்கனி ரா:,handaarkana irhaa,handArkana irhA,handārkana irhā,ɦən̪d̪ɑːɾkən̪ə ɪɾɦɑː,be dark,இருள்,Simple-Verbs,words
ꢬꢵꢒ꣄ ꢂꢮꢳ꣄ꢳꢾ,राक अवळ्ळे,ராக்அவள்ளே,raak aval'l'e',rAk avaLLE,rāk aval̤l̤ĕ,ɾɑːk əʋəɭɭe,get angry,இரை,Simple-Verbs,words
ꢬꢵꢒ꣄ ꢂꢠ꣄ꢭꢿ,राक अण्ले,ராக் அண்லே,raak anle,rAk aNle,rāk aṇle,ɾɑːk əɳleː,get angry,இரை,Simple-Verbs,words
ꢲꢾꢪ꣄ꢦꢶ,ह॑म्पि,ஹெம்பி,he'mpi,hEmpi,hĕmpi,ɦempɪ,breath hard,இரை,Simple-Verbs,words
ꢬꢴꢵ,र्हा,ரா:,rhaa,rhA,rhā,ɾɦɑː,to be,இலங்கு,Simple-Verbs,words
ꢙꢮꢳ꣄ꢳꢾ,जवळ्ळे,ஜவள்ளே,javal'l'e',javaLLE,javal̤l̤ĕ,d͡ʒəʋəɭɭe,lose,இழ,Simple-Verbs,words
ꢲꢸꢡ꣄ꢡꢶꢬ꣄,हुत्तिर,ஹுத்திர்,huttir,huttir,huttir,ɦut̪t̪ɪɾ,get down,இழி,Simple-Verbs,words
ꢆꢜ꣄ꢗꢶ,उट्चि,உட்சி,ut'chi,uTci,uṭci,uʈt͡ʃɪ,pull,இழு,Simple-Verbs,words
ꢓꢶꢛ꣄ꢗꢶ,खिञ्चि,கி2ஞ்சி,khinchi,khiJci,khiñci,kʰɪɲt͡ʃɪ,pull,இழு,Simple-Verbs,words
ꢤꢶꢭ꣄ꢭ ꢬꢴꢵ,धिल्ल र्हा,தி4ல்லரா:,dhilla rhaa,dhilla rhA,dhilla rhā,d̪ʰɪllə ɾɦɑː,be loose,இழுகு,Simple-Verbs,words
ꢒꣁꢪ꣄ꢨꢸꢭꢵꢩꢵꢮ꣄ ꢱꢾꢬ ꢬꢴꢵ,का॑म्बुलाभाव स॑र र्हा,கொம்பு3ளாபா4வ் ஸெர ரா:,ko'mbulaabhaav se'ra rhaa,kOmbulAbhAv sEra rhA,kŏmbulābhāv sĕra rhā,kombulɑːbʰɑːʋ s̪eɾə ɾɦɑː,have tender feeling,இழை,Simple-Verbs,words
ꢡꢵꢡ꣄ꢒꢿꢬ꣄,तात्केर,தாத்கேர்,taatker,tAtker,tātker,t̪ɑːt̪keːɾ,to spin,இழை,Simple-Verbs,words
ꢦꢳ꣄꣄ꢜꣁꢒꢿꢬ꣄,पळ्टा॑केर,பள்டொகேர்,pal't'o'ker,paLTOker,pal̤ṭŏker,pəɭʈokeːɾ,melt,இளக்கு,Simple-Verbs,words
ꢦꢳ꣄ꢜꣁꢲꣂ,पळ्टा॑हो,பள்டொஹோ,pal't'o'ho,paLTOho,pal̤ṭŏho,pəɭʈoɦoː,melt,இளகு,Simple-Verbs,words
ꢣꢵꢡ꣄ꢣꢾꢒ꣄ꢒꢵꢜ꣄,दात्द॑क्काट,தா3த்தெ3க்காட்,daatde'kkaat',dAtdEkkAT,dātdĕkkāṭ,d̪ɑːt̪d̪ekkɑːʈ,grin,இளி,Simple-Verbs,words
ꢏꢜ꣄ꢗꢶ,आ॑ट्चि,ஒட்சி,o't'chi,OTci,ŏṭci,oʈt͡ʃɪ,filter,இறு,Simple-Verbs,words
ꢄꢬ꣄ꢒ꣄ꢒꢶ,इर्क्कि,இர்க்கி,irkki,irkki,irkki,ɪɾkkɪ,tighten,இறுக்கு,Simple-Verbs,words
ꢕꢾꢞꢶ ꢦꣂꢜ꣄,घ॑डिपोट्,கெ4டி3போட்,ghe'd'i pot',ghEDi poT,ghĕḍi poṭ,gʰeɖɪ poːʈ,become hard,இறுகு,Simple-Verbs,words
ꢒꢾꢬꢸꢮ꣄ ꢦꣂꢜ꣄,क॑रुव्पोट्,கெ3ருவ்போட்,ke'ruv pot',kEruv poT,kĕruv poṭ,keɾuʋ poːʈ,be proud of,இறுமா,Simple-Verbs,words
ꢪꣂꢬ꣄,मोर्,மோர்,mor,mor,mor,moːɾ,die,இற,Simple-Verbs,words
ꢲꢹꢡ꣄ꢡꢸꢬꢵꢜ꣄,हुत्तुराट्,ஹுத்துராட்,hootturaat',hUtturAT,hūtturāṭ,ɦuːt̪t̪uɾɑːʈ,get down,இறக்கு,Simple-Verbs,words
ꢲꢹꢡ꣄ꢡꢶꢬ꣄,हुत्तिर्,ஹுத்திர்,hoottir,hUttir,hūttir,ɦuːt̪t̪ɪɾ,decend,இறங்கு,Simple-Verbs,words
ꢦꢾꢬ꣄ꢦ꣄ꢦꢶ,प॑र्प्पि,பெர்ப்பி,pe'rppi,pErppi,pĕrppi,peɾppɪ,spread,இறை,Simple-Verbs,words
ꢱꢾꢥ꣄ꢡꢶ,स॑न्ति,செந்தி3,se'nti,sEnti,sĕnti,s̪en̪t̪ɪ,draw water,இறை,Simple-Verbs,words
ꢒꢾꢛ꣄ꢙꢶ,क॑ञ्जि,கெஞ்ஜி,ke'nji,kEJji,kĕñji,keɲd͡ʒɪ,beg,இறஞ்சு,Simple-Verbs,words
ꢔꢸꢳ꣄ꢳꢾ ꢬꢴꢵ,गुळ्ळ॑ र्हा,கு3ள்ளெ ரா:,gul'l'e' rhaa,guLLE rhA,gul̤l̤ĕ rhā,guɭɭe ɾɦɑː,be sweet,இனி,Simple-Verbs,words
ꢙꣁꢞꢸꢛ꣄ꢗꢶ,जा॑डुञ्चि,ஜொடு3ஞ்சி,jo'd'unchi,jODuJci,jŏḍuñci,d͡ʒoɖuɲt͡ʃɪ,get,ஈட்டு,Simple-Verbs,words
ꢙꢿꢥ꣄,जेन्,ஜேன்,jen,jen,jen,d͡ʒeːn̪,give birth,ஈன்,Simple-Verbs,words
ꢱꢹꢓꢪ꣄ꢦꣁꢥ꣄ꢣꢶ,सुखम्पा॑न्दि,ஸூக2ம்பொந்தி3,sookhampo'ndi,sUkhampOndi,sūkhampŏndi,s̪uːkʰəmpon̪d̪ɪ,enjoy,உக,Simple-Verbs,words
ꢬꣂꢜ꣄,रोट,ரோட்,rot',roT,roṭ,ɾoːʈ,shed,உகு,Simple-Verbs,words
ꢣꣁꢳꢵꢪ꣄ ꢦꢥꢶ ꢱꣂꢜ꣄,दा॑ळाम्पनि सोट,தொ3ளாம் பனி ஸோட்,do'l'aam pani sot',dOLAm pani soT,dŏl̤ām pani soṭ,d̪oɭɑːm pən̪ɪ s̪oːʈ,shed,உகு,Simple-Verbs,words
ꢆꢗ꣄ꢗꢵꢬꢠꣁ ꢒꢿꢬ꣄,उच्चारणा॑केर,உச்சாரணொகேர்,uchchaarano' ker,uccAraNO ker,uccāraṇŏ ker,ut͡ʃt͡ʃɑːɾəɳo keːɾ,pronounce,உச்சரி,Simple-Verbs,words
ꢲꢸꢞꢵꢜ꣄,हुडाट,ஹுடா3ட்,hud'aat',huDAT,huḍāṭ,ɦuɖɑːʈ,wake up,உசுப்பு,Simple-Verbs,words
ꢄꢮꢬ꣄ ꢦꢸꢱꢶꢭꢾ,इवर्पुसिले,இவர்புஸிலே,ivar pusile',ivar pusilE,ivar pusilĕ,ɪʋəɾ pus̪ɪle,enquire,உசாவு,Simple-Verbs,words
ꢕꢭ꣄ꢭꢾ,घल्ल॑,க4ல்லே,ghalle',ghallE,ghallĕ,gʰəlle,dress up,உடு/ உடுத்து,Simple-Verbs,words
ꢧꢶꢭ꣄ꢭꢾ,फिर्ल॑,பி2ர்லே,phille',phillE,phillĕ,pʰɪlle,dress up,உடு/ உடுத்து,Simple-Verbs,words
ꢧꢸꢜ꣄ꢜꢶ ꢙꢵ,फुट्टि जा,பு2ட்டி ஜா,phut't'i jaa,phuTTi jA,phuṭṭi jā,pʰuʈʈɪ d͡ʒɑː,be broken,உடை,Simple-Verbs,words
ꢧꣂꢜ꣄,फोट्,போ2ட்,phot',phoT,phoṭ,pʰoːʈ,break,உடை,Simple-Verbs,words
ꢓꢵ,खा,கா2,khaa,khA,khā,kʰɑː,eat,உண்,Simple-Verbs,words
ꢆꢬꢸꢮ꣄ ꢒꢿꢬ꣄,उरुव्केर्,உருவ்கேர்,uruv ker,uruv ker,uruv ker,uɾuʋ keːɾ,make,உண்டாக்கு,Simple-Verbs,words
ꢆꢡ꣄ꢦꢡ꣄ꢡꢶ ꢒꢿꢬ꣄,उत्पत्तिकेर,உத்பத்திகேர்,utpatti ker,utpatti ker,utpatti ker,ut̪pət̪t̪ɪ keːɾ,make,உண்டாக்கு,Simple-Verbs,words
ꢱꢹꢒ꣄ꢒꢵꢜ꣄,सुक्काट्,ஸுக்காட்,sookkaat',sUkkAT,sūkkāṭ,s̪uːkkɑːʈ,dry,உலர்,Simple-Verbs,words
ꢱꢹꢒ꣄ꢒꢶ ꢙꢵ,सुक्कि जा,ஸுக்கிஜா,sookki jaa,sUkki jA,sūkki jā,s̪uːkkɪ d͡ʒɑː,dry,உலர்,Simple-Verbs,words
ꢆꢥ꣄ꢳꢾ,उन्ळे,உன்ளே,unl'e',unLE,unl̤ĕ,un̪ɭe,feel,உணர்,Simple-Verbs,words
ꢙꢥ꣄ꢭꢾ,जन्ले,ஜன்லே,janle',janlE,janlĕ,d͡ʒən̪le,feel,உணர்,Simple-Verbs,words
ꢆꢥ꣄ꢥꢵꢜ꣄,उन्नाट,உன்னாட்,unnaat',unnAT,unnāṭ,un̪n̪ɑːʈ,make to feel,உணர்,Simple-Verbs,words
ꢙꢥꢵꢜ꣄,जनाट,ஜனாட்,janaat',janAT,janāṭ,d͡ʒən̪ɑːʈ,make to feel,உணர்,Simple-Verbs,words
ꢤ꣄ꢫꢾꢫꢸ,ध्येयु,த்4யேயு,dhye'yu,dhyEyu,dhyĕyu,d̪ʰjeju,"decide, aim",உத்தேசி,Simple-Verbs,words
ꢭꢒ꣄ꢰ꣄ꢫꢸ,लक्ष्यु,லக்ஷ்யு,lakshyu,lakSyu,lakṣyu,ləkʂju,"decide, aim",உத்தேசி,Simple-Verbs,words
ꢱꢲꢵꢮ꣄ꢒꢿꢬ꣄,सहाव्केर,ஸஹாவ்கேர்,sahaavker,sahAvker,sahāvker,s̪əɦɑːʋkeːɾ,help,உதவு,Simple-Verbs,words
ꢮꢶꢭꢶꢛ꣄ꢗꢶ,विलिञ्चि,விலிஞ்சி,vilinchi,viliJci,viliñci,ʋɪlɪɲt͡ʃɪ,shake off,உதறு,Simple-Verbs,words
ꢆꢛ꣄ꢗꣁ ꢃꢮ꣄,उञ्चा॑ आव्,உஞ்சொ ஆவ்,uncho' aav,uJcO Av,uñcŏ āv,uɲt͡ʃo ɑːʋ,rise,உதி,Simple-Verbs,words
ꢭꢵꢭ꣄,लाल्,லால்,laal,lAl,lāl,lɑːl,shed off,உதிர்,Simple-Verbs,words
ꢭꢵꢡ꣄,लात्,லாத்,laat,lAt,lāt,lɑːt̪,kick,உதை,Simple-Verbs,words
ꢣꣁꢨ꣄ꢨꢶ,दोब्बि,தொ3ப்3பி3,do'bbi,dObbi,dŏbbi,d̪obbɪ,push,உந்து,Simple-Verbs,words
ꢧꢸꢔ꣄ꢔꢶ,फुग्गि,பு2க்3கி3,phuggi,phuggi,phuggi,pʰuggɪ,swollen,உப்பு,Simple-Verbs,words
ꢧꣁꢮ꣄ꢠꢦꢥ꣄ꢒꢿꢬ꣄,फा॑व्णपन्केर,பொ2வ்ணபன்கேர்,pho'vnapanker,phOvNapanker,phŏvṇapanker,pʰoʋɳəpən̪keːɾ,treat,உபசரி,Simple-Verbs,words
ꢨꢸꢣ꣄ꢣꢶ ꢱꢖ꣄ꢔꢶ,बुद्दिसङ्गि,பு3த்3தி3ஸங்கி3,buddi sangi,buddi saGgi,buddi saṅgi,bud̪d̪ɪ s̪əŋgɪ,advise,உபதேசி,Simple-Verbs,words
ꢮꢮ꣄ꢬꢶ,व्व्रि,வவ்ரி,vavri,vavri,vavri,ʋəʋɾɪ,use,உபயோகி,Simple-Verbs,words
ꢆꢨꢫꣂꢒ꣄ ꢒꢿꢬ꣄,उब्योक्केर्,உப3யோக்கேர்,ubayok ker,ubayok ker,ubayok ker,ubəjoːk keːɾ,use,உபயோகி,Simple-Verbs,words
ꢤꢹꢮ꣄,थूव्,தூ2வ்,dhoov,dhUv,dhūv,d̪ʰuːʋ,spit,உமிழ்,Simple-Verbs,words
ꢆꢛ꣄ꢗꣁ ꢡꢸꢒ꣄ꢒꢶ,उञ्चा॑ तुक्कि,உஞ்சொதுக்கி,uncho' tukki,uJcO tukki,uñcŏ tukki,uɲt͡ʃo t̪ukkɪ,lift,உயர்த்து,Simple-Verbs,words
ꢔꢿꢱ꣄,गेस्,கே3ஸ்,ges,ges,ges,geːs̪,rub,உரசு,Simple-Verbs,words
ꢱꣁꢭꢫꢾ,सा॑लय॑,ஸொலயெ,so'laye',sOlayE,sŏlayĕ,s̪oləje,be peel,உரி,Simple-Verbs,words
ꢱꣂꢭ꣄,सोल्,ஸோல்,sol,sol,sol,s̪oːl,peel,உரி,Simple-Verbs,words
ꢒꢾꢬ꣄ꢖ꣄ꢔꢵꢜ꣄,क॑रङगाट,கெருங்கா3ட்,ke'rngaat',kErGgAT,kĕrṅgāṭ,keɾŋgɑːʈ,melt,உருக்கு,Simple-Verbs,words
ꢒꢾꢬꢸꢬ꣄ꢔꢾꢫ,क॑रुङक्ग॑य,கெருங்க்கெ3ய,ke'rurge'ya,kErurgEya,kĕrurgĕya,keɾuɾgejə,melt,உருகு,Simple-Verbs,words
ꢤꢸꢳꢵꢜ꣄,धुळाट्,து4ளாட்,dhul'aat',dhuLAT,dhul̤āṭ,d̪ʰuɭɑːʈ,roll,உருட்டு,Simple-Verbs,words
ꢬꢹꢦ꣄ ꢒꢾꢬ꣄ꢭꢾ,रूक॑र्ले,ரூப்கெர்லே,roop ke'rle',rUp kErlE,rūp kĕrlĕ,ɾuːp keɾle,figurate,உருவகி,Simple-Verbs,words
ꢣꢹꢱ꣄,दूस्,தூ3ஸ்,doos,dUs,dūs,d̪uːs̪,take out,உருவு,Simple-Verbs,words
ꢤꢹꢭ꣄,धूल्,தூ4ள்,dhool,dhUl,dhūl,d̪ʰuːl,roll,உருள்,Simple-Verbs,words
ꢔꢾꢱꢫꢫꣁ,ग॑सयया॑,கெ3ஸயயொ,ge'sayayo',gEsayayO,gĕsayayŏ,ges̪əjəjo,be rubbed,உரை,Simple-Verbs,words
ꢮꢣꢫꣁ,वदया॑,வத3யொ,vadayo',vadayO,vadayŏ,ʋəd̪əjo,tell,உரை,Simple-Verbs,words
ꢱꢹꢒ꣄ꢒꢶ,चुक्कि,சுக்கி,sookki,sUkki,sūkki,s̪uːkkɪ,dry,உலர்,Simple-Verbs,words
ꢱꢹꢒ꣄ꢒꢵꢜ꣄,सुक्काट,சுக்காட்,sookkaat',sUkkAT,sūkkāṭ,s̪uːkkɑːʈ,Dry up,உலர்த்து,Simple-Verbs,words
ꢆꢭꢵꢱ꣄ ꢒꢿꢬ꣄,उलास्केर्,உலாஸ்கேர்,ulaas ker,ulAs ker,ulās ker,ulɑːs̪ keːɾ,wander,உலவு,Simple-Verbs,words
ꢲꢸꢭ꣄ꢦ꣄ꢦꢶ,हुल्प्पि,ஹுல்ப்பி,hulppi,hulppi,hulppi,ɦulppɪ,shake,உலுக்கு,Simple-Verbs,words
ꢲꢷꢭ꣄ꢦ꣄ꢦꢫꢶ ꢬꢴꢵ,हील्प्पयि र्हा,ஹுல்ப்பயிரா:,heelppayi rhaa,hIlppayi rhA,hīlppayi rhā,ɦiːlppəjɪ ɾɦɑː,be shaken,உலுங்கு,Simple-Verbs,words
ꢆꢭꢫꢶ ꢬꢴꢵ,उलयि र्हा,உலயிரா:,ulayi rhaa,ulayi rhA,ulayi rhā,uləjɪ ɾɦɑː,be disordered,உலை,Simple-Verbs,words
ꢆꢭꢫꢶ ꢙꢮꢵꢜ꣄,उलयिजवाट्,உலயிஜவாட்,ulayi javaat',ulayi javAT,ulayi javāṭ,uləjɪ d͡ʒəʋɑːʈ,disorder,உலை,Simple-Verbs,words
ꢱꣁꢪ꣄ꢦꢸ,सा॑म्पु,ஸொம்பு,so'mpu,sOmpu,sŏmpu,s̪ompu,enjoy,உவ,Simple-Verbs,words
ꢱꢵꢥ꣄ꢡꢶ,शान्ति,ஶாந்தி,saanti,sAnti,sānti,s̪ɑːn̪t̪ɪ,enjoy,உவ,Simple-Verbs,words
ꢡꣂꢡ꣄ ꢱꢵ,तोत्सा,தோத் ஸா,tot saa,tot sA,tot sā,t̪oːt̪ s̪ɑː,compare,உவமி,Simple-Verbs,words
ꢪꢷꢜ꣄ꢒꢥ꣄ ꢱꢿ,मीट्कन्से,மீட்கன் ஸே,meet'kan se,mITkan se,mīṭkan se,miːʈkən̪ s̪eː,be salt tasty,உவர்,Simple-Verbs,words
ꢂꢞ꣄ꢞꢪ꣄ ꢦꣂꢜ꣄,अड्डम्पोट्,அட்3ட3ம் போட்,ad'd'am pot',aDDam poT,aḍḍam poṭ,əɖɖəm poːʈ,meddle,உழப்பு,Simple-Verbs,words
ꢭꣂꢭ꣄ ꢦꣂꢜ꣄,लोल्पोट्,லோல்போட்,lol pot',lol poT,lol poṭ,loːl poːʈ,suffer,உழல்,Simple-Verbs,words
ꢙꢸꢥ꣄ꢥꢶ,जुन्नि,ஜுன்னி,junni,junni,junni,d͡ʒun̪n̪ɪ,plough,உழு,Simple-Verbs,words
ꢦꢵꢜ꣄ ꢦꣂꢜ꣄,पाट्पोट्,பாட்போட்,paat' pot',pAT poT,pāṭ poṭ,pɑːʈ poːʈ,work hard,உழை,Simple-Verbs,words
ꢂꢥꢬ꣄ꢡ꣄ꢡ ꢮꢵꢡ꣄ ꢒꢿꢬ꣄,अनर्त्तवात्केर्,அனர்த்தவாத்கேர்,anartta vaat ker,anartta vAt ker,anartta vāt ker,ən̪əɾt̪t̪ə ʋɑːt̪ keːɾ,babble,உளறு,Simple-Verbs,words
ꢒ꣄ꢰꢷꢠ꣄ ꢲꣁꢫꢶ ꢙꢵ,क्षईण् हा॑यि जा,க்ஷீண் ஹொயி ஜா,ksheen ho'yi jaa,kSIN hOyi jA,kṣīṇ hŏyi jā,kʂiːɳ ɦojɪ d͡ʒɑː,be destroyed like a log,உளு,Simple-Verbs,words
ꢄꢥ꣄ꢒꢫꢶ ꢙꢵ,इन्कयि जा,இன்கயி ஜா,inkayi jaa,inkayi jA,inkayi jā,ɪn̪kəjɪ d͡ʒɑː,sprain,உளுக்கு,Simple-Verbs,words
ꢣꢸꢒ꣄ꢒꢸ ꢦꣁꢥ꣄ꢣꢶ,दुक्कुपा॑न्दि,து3க்குபொந்தி3,dukku po'ndi,dukku pOndi,dukku pŏndi,d̪ukku pon̪d̪ɪ,worry,உளை,Simple-Verbs,words
ꢥꢶꢛ꣄ꢙꢶ,निञ्जि,நிஞ்ஜி,ninji,niJji,niñji,n̪ɪɲd͡ʒɪ,sleep,உறங்கு,Simple-Verbs,words
ꢚꢸꢬ꣄,झूर्,ஜு2ர்,jhur,jhur,jhur,d͡ʒʰuɾ,suck,உறிஞ்சு,Simple-Verbs,words
ꢗꢸꢠ꣄ꢜꢶ,चुण्टि,சுண்டி,chunt'i,cuNTi,cuṇṭi,t͡ʃuɳʈɪ,pinch,உறுத்து,Simple-Verbs,words
ꢔꢾꢬ꣄ꢙꢥꣁ ꢒꢿꢬ꣄,ग॑र्जना॑ केर्,கெ3ர்ஜனொ கேர்,ge'rjano' ker,gErjanO ker,gĕrjanŏ ker,geɾd͡ʒən̪o keːɾ,roar,உறுமு,Simple-Verbs,words
ꢕꢾꢞꢶ ꢨꣂꢜ꣄,घ॑डिपोट्,கெ4டி3போட்,ghe'd'i bot',ghEDi boT,ghĕḍi boṭ,gʰeɖɪ boːʈ,freeze,உறை,Simple-Verbs,words
ꢪꣁꢥ꣄ꢥꢸꢪ꣄ ꢲꢶꢨ꣄ꢨꢶ,मा॑न्नुम्हिब्बि,மொன்னும்ஹிப்3பி3,mo'nnum hibbi,mOnnum hibbi,mŏnnum hibbi,mon̪n̪um ɦɪbbɪ,get fixed in the mind,உறை,Simple-Verbs,words
ꢲꢞ꣄ꢮꢶ,हड्वि,ஹட்வி,had'vi,haDvi,haḍvi,ɦəɖʋɪ,think,உன்னு,Simple-Verbs,words
ꢤꣀꢬ꣄ꢫꢪ꣄ ꢣꢿ,धैर्यम्दे,தை4ர்யம்தே3,dhairyam de,dhairyam de,dhairyam de,d̪ʰəɪɾjəm d̪eː,encourage,ஊக்கு,Simple-Verbs,words
ꢓꢮꢵꢜ꣄,खवाट्,க2வாட்,khavaat',khavAT,khavāṭ,kʰəʋɑːʈ,feed,ஊட்டு,Simple-Verbs,words
ꢥꢴꢥ꣄ ꢚꢾꢔꢸꢜꣁ,न्हन्झ॑गुटा॑,ந:ன் ஜெ2கு3டொ3,nhan jhe'gut'o',nhan jhEguTO,nhan jhĕguṭŏ,n̪ɦən̪ d͡ʒʰeguʈo,have petty quarrel,ஊடு,Simple-Verbs,words
ꢧꢹꢮ꣄,फूव्,பூ2வ்,phoov,phUv,phūv,pʰuːʋ,blow,ஊது,Simple-Verbs,words
ꢚꢶꢬ꣄ꢒꢶ,झिर्कि,ஜி2ர்கி,jhirki,jhirki,jhirki,d͡ʒʰɪɾkɪ,crawl,ஊர்,Simple-Verbs,words
ꢱꣂꢜ꣄,सोट्,ஸோட்,sot',soT,soṭ,s̪oːʈ,pour,ஊற்று,Simple-Verbs,words
ꢆꢡ꣄ꢙꢭ꣄ ꢲꣂ,उत्जल हो,உத்ஜல் ஹோ,utjal ho,utjal ho,utjal ho,ut̪d͡ʒəl ɦoː,spring,ஊறு,Simple-Verbs,words
ꢔꢵꢜ꣄,गाट,கா3ட்,gaat',gAT,gāṭ,gɑːʈ,plant,ஊன்று,Simple-Verbs,words
ꢦꣂꢜ꣄ꢦꢣꢵꢳ꣄꣄ꢒꢾꢬ꣄ꢭꢿ,पोट्पदाळ्क॑रल॑,போட்பதா3ள்கெர்லே,pot'padaal'ke'rle,poTpadALkErle,poṭpadāl̤kĕrle,poːʈpəd̪ɑːɭkeɾleː,to pull stomach in,எக்கு,Simple-Verbs,words
ꢪꢶꢡꢪꢶꢛ꣄ꢗꢶ ꢙꢵ,मितमिञ्चि जा,மிதமிஞ்சி ஜா,mitaminchi jaa,mitamiJci jA,mitamiñci jā,mɪt̪əmɪɲt͡ʃɪ d͡ʒɑː,over go,எகிறு,Simple-Verbs,words
ꢙꢵꢔ꣄ꢬꢡꢶ ꢒꢿꢬ꣄,जाग्रति केर,ஜாக்3ரதி கேர்,jaagrati ker,jAgrati ker,jāgrati ker,d͡ʒɑːgɾət̪ɪ keːɾ,caution,எச்சரி,Simple-Verbs,words
ꢂꢥ꣄ꢣꢶ,अन्दि,அந்தி3,andi,andi,andi,ən̪d̪ɪ,reach,எட்டு,Simple-Verbs,words
ꢭꢥ꣄ꢣꢶ,लन्दि,லந்தி3,landi,landi,landi,lən̪d̪ɪ,reach,எட்டு,Simple-Verbs,words
ꢙꢾꢫ꣄ ꢗꢿꢬ꣄,जेय चेर,ஜெய் சேர்,je'y cher,jEy cer,jĕy cer,d͡ʒej t͡ʃeːɾ,reach,எட்டு,Simple-Verbs,words
ꢓꢳ꣄ꢭꢾ,खळ्ल॑,க2ள்லே,khal'le',khaLlE,khal̤lĕ,kʰəɭle,take,எடு,Simple-Verbs,words
ꢓꢵꢜ꣄,खाट,கா2ட்,khaat',khAT,khāṭ,kʰɑːʈ,take,எடு,Simple-Verbs,words
ꢪꣁꢮ꣄ꢙꢶ,मोव्जि,மொவ்ஜி,mo'vji,mOvji,mŏvji,moʋd͡ʒɪ,count,எண்ணு,Simple-Verbs,words
ꢪꣂꢮ꣄,मोव्,மோவ்,mov,mov,mov,moːʋ,count,எண்ணு,Simple-Verbs,words
ꢫꢡ꣄ꢡꢥ꣄ ꢒꢿꢬ꣄,यत्तन्केर्,யத்தன்கேர்,yattan ker,yattan ker,yattan ker,jət̪t̪ən̪ keːɾ,try,எத்தனி,Simple-Verbs,words
ꢡꢶꢬꢔ꣄ ꢲꢶꢨ꣄ꢨꢶ,तिरग् हिब्बि,திரக்3 ஹிப்3பி3,tirag hibbi,tirag hibbi,tirag hibbi,t̪ɪɾəg ɦɪbbɪ,oppose,எதிர்,Simple-Verbs,words
ꢆꢱꢶꢭ꣄,उसिल्,உஸிள்,usil,usil,usil,us̪ɪl,jump,எம்பு,Simple-Verbs,words
ꢨꢵꢠ꣄ ꢱꣂꢜ꣄,बाण्सोट्,பா3ண்ஸோட்,baan sot',bAN soT,bāṇ soṭ,bɑːɳ s̪oːʈ,shoot,எய்,Simple-Verbs,words
ꢙꢾꢳꢶ ꢙꢵ,ज॑ळिजा,ஜெளிஜா,je'l'i jaa,jELi jA,jĕl̤i jā,d͡ʒeɭɪ d͡ʒɑː,be burnt,எரி,Simple-Verbs,words
ꢙꢵꢳ꣄,जाळ्,ஜாள்,jaal',jAL,jāl̤,d͡ʒɑːɭ,burn,எரி,Simple-Verbs,words
ꢲꢹꢜ꣄,हूट्,ஹூட்,hoot',hUT,hūṭ,ɦuːʈ,get up,எழு,Simple-Verbs,words
ꢭꢶꢒ꣄ꢒꢶ,लिक्कि,லிக்கி,likki,likki,likki,lɪkkɪ,write,எழுது,Simple-Verbs,words
ꢭꢶꢓꢶ,लिखि,லிகி2,likhi,likhi,likhi,lɪkʰɪ,write,எழுது,Simple-Verbs,words
ꢔꢾꢭ꣄ꢭꢭ꣄ ꢒꢿꢬ꣄,ग॑ल्लल्केर्,கெ3ல்லல்கேர்,ge'llal ker,gEllal ker,gĕllal ker,gelləl keːɾ,ridicule,எள்ளு,Simple-Verbs,words
ꢮꢶꢱꢶꢬ꣄,विसिर्,விஸிர்,visir,visir,visir,ʋɪs̪ɪɾ,throw,எறி,Simple-Verbs,words
ꢙꢵ,जा,ஜா,jaa,jA,jā,d͡ʒɑː,go,ஏகு,Simple-Verbs,words
ꢲꢾꢡꣁ ꢦꣂꢜ꣄,ह॑ता॑ पोट,ஹெதொ போட்,he'to' pot',hEtO poT,hĕtŏ poṭ,ɦet̪o poːʈ,long for,ஏங்கு,Simple-Verbs,words
ꢔꢵꢳ꣄꣄ꢞꢾ,गाळ्डे,கா3ள்டே3,gaal'd'e',gALDE,gāl̤ḍĕ,gɑːɭɖe,scold,ஏசு,Simple-Verbs,words
ꢤꢾꢬ꣄ꢭꢿ,धेर्ले,தெ4ர்லே,dhe'rle,dhErle,dhĕrle,d̪ʰeɾleː,hold in hand,ஏந்து,Simple-Verbs,words
ꢌꢗ꣄ꢗꢵꢜ꣄,एच्चाट,எச்சாட்,e'chchaat',EccAT,ĕccāṭ,et͡ʃt͡ʃɑːʈ,cheat,ஏமாற்று,Simple-Verbs,words
ꢲꢸꢖ꣄ꢔꢵꢜ꣄,हूङ्गाट,ஹுங்கா3ட்,hungaat',huGgAT,huṅgāṭ,ɦuŋgɑːʈ,cheat,ஏமாற்று,Simple-Verbs,words
ꢌꢗ꣄ꢗꢜ꣄ꢥꢶ ꢦꣂꢜ꣄,एच्चट्निपोट,எச்சட்னிபோட்,e'chchat'ni pot',EccaTni poT,ĕccaṭni poṭ,et͡ʃt͡ʃəʈn̪ɪ poːʈ,be cheated,ஏமாறு,Simple-Verbs,words
ꢲꢸꢖ꣄ꢔꢫꢶ ꢙꢵ,हुङ्गयिजा,ஹுங்க3யி ஜா,hungayi jaa,huGgayi jA,huṅgayi jā,ɦuŋgəjɪ d͡ʒɑː,be cheated,ஏமாறு,Simple-Verbs,words
ꢤꢞ꣄ꢞꢾ,धड्डे,த4ட்3டே3,dhad'd'e',dhaDDE,dhaḍḍĕ,d̪ʰəɖɖe,launch,ஏவு,Simple-Verbs,words
ꢦ꣄ꢬꢒ꣄ꢰꢿꢦꢠꣁ ꢒꢿꢬ꣄,प्रक्षेपणो केर,ப்ரக்ஷேபணொ கேர்,prakshepano' ker,prakSepaNO ker,prakṣepaṇŏ ker,pɾəkʂeːpəɳo keːɾ,launch,ஏவு,Simple-Verbs,words
ꢲꣁꢮꢥ꣄ ꢬꢴꢵ,होवन र्हा,ஹொவன் ரா:,ho'van rhaa,hOvan rhA,hŏvan rhā,ɦoʋən̪ ɾɦɑː,happen,ஏற்படு,Simple-Verbs,words
ꢲꢶꢖ꣄ꢔꢵꢜ꣄,हिङगाट्,ஹிங்கா3ட்,hingaat',hiGgAT,hiṅgāṭ,ɦɪŋgɑːʈ,hoist,ஏற்று,Simple-Verbs,words
ꢲꢶꢖ꣄ꢔꢶ,हिङगि,ஹிங்கி3,hingi,hiGgi,hiṅgi,ɦɪŋgɪ,"climb, get into",ஏறு,Simple-Verbs,words
ꢣꣁꢮ꣄ꢱꢶ,द॑व्सि,தெ3வ்ஸி,do'vsi,dOvsi,dŏvsi,d̪oʋs̪ɪ,stick,ஒட்டு,Simple-Verbs,words
ꢪꢸꢜ꣄ꢜꢶꢬꢴꢵ,मुट्टि र्हा,முட்டிரா:,mut't'irhaa,muTTirhA,muṭṭirhā,muʈʈɪɾɦɑː,break,ஒடி,Simple-Verbs,words
ꢪꢸꢞ꣄ꢙꢵ,मुड्जा,முட்3ஜா,mud'jaa,muDjA,muḍjā,muɖd͡ʒɑː,break,ஒடி,Simple-Verbs,words
ꢪꣂꢞ꣄,मोड,மோட்3,mod',moD,moḍ,moːɖ,break,ஒடி,Simple-Verbs,words
ꢆꢣ꣄ꢔꢵꢜ꣄,उड्गाट,உட்3கா3ட்,udgaat',udgAT,udgāṭ,ud̪gɑːʈ,control,ஒடுக்கு,Simple-Verbs,words
ꢆꢣ꣄ꢔꢶ,उड्गि,உட்3கி3,udgi,udgi,udgi,ud̪gɪ,be controlled,ஒடுங்கு,Simple-Verbs,words
ꢃꢱ꣄ꢬꢫꢶꢭꢶ ꢬꢴꢵ,आस्रयिलि र्हा,ஆஶ்ரயிலி ரா:,aasrayili rhaa,Asrayili rhA,āsrayili rhā,ɑːs̪ɾəjɪlɪ ɾɦɑː,take shelter,ஒண்டு,Simple-Verbs,words
ꢮꢜ ꢒꢿꢬ꣄,वट केर,வட கேர்,vat'a ker,vaTa ker,vaṭa ker,ʋəʈə keːɾ,allot,ஒதுக்கு,Simple-Verbs,words
ꢐꢬ꣄ꢡꣁ ꢬꢴꢵ,ओर्ता॑ र्हा,ஓர்தொரா:,orto' rhaa,ortO rhA,ortŏ rhā,oːɾt̪o ɾɦɑː,take shelter,ஒதுங்கு,Simple-Verbs,words
ꢥꢷꢞꢪ꣄ ꢬꢴꢵ,नीडाम् र्हा,நீடா3ம் ரா:,need'am rhaa,nIDam rhA,nīḍam rhā,n̪iːɖəm ɾɦɑː,take shelter,ஒதுங்கு,Simple-Verbs,words
ꢦꢵꢬꢵꢫꢠꣁ ꢒꢿꢬ꣄,पारायणा॑ केर,பாராயணொ கேர்,paaraayano' ker,pArAyaNO ker,pārāyaṇŏ ker,pɑːɾɑːjəɳo keːɾ,recite,ஒப்பி,Simple-Verbs,words
ꢧꢶꢬꢶꢧꢶꢬꢶ ꢪꢿꢥ꣄,फिरिफिरि मेन,பி2ரிபி2ரி மேன்,phiriphiri men,phiriphiri men,phiriphiri men,pʰɪɾɪpʰɪɾɪ meːn̪,recite,ஒப்பி,Simple-Verbs,words
ꢏꢦ꣄ꢦꢶꢭꢾ,आ॑प्पिले,ஒப்பிலே,o'ppile',OppilE,ŏppilĕ,oppɪle,agree,ஒப்பு,Simple-Verbs,words
ꢐꢒ꣄ꢦꣁꢒꢸꢬ꣄ ꢥꢶꢛ꣄ꢗꢶ,ओक्पोकुर निञ्चि,ஓக்போகுர் நிஞ்சி,okpo'kur ninchi,okpOkur niJci,okpŏkur niñci,oːkpokuɾ n̪ɪɲt͡ʃɪ,lie down on one side,ஒருக்கணி/ ஒருக்களி,Simple-Verbs,words
ꢱꢨ꣄ꢣꢸ ꢒꢾꢬ꣄,सब्दु केर,ஸப்3து3 கேர்,sabdu ke'r,sabdu kEr,sabdu kĕr,s̪əbd̪u keɾ,sound,ஒலி,Simple-Verbs,words
ꢤ꣄ꢮꢪ꣄ꢱꢸ ꢲꣂ,ध्वम्सु हो,த்4வம்ஸு ஹோ,dhvamsu ho,dhvamsu ho,dhvamsu ho,d̪ʰʋəms̪u ɦoː,be destroyed,ஒழி,Simple-Verbs,words
ꢤ꣄ꢮꢪ꣄ꢱꢸ ꢒꢿꢬ꣄,ध्वम्सु केर्,த்4வம்ஸு கேர்,dhvamsu ker,dhvamsu ker,dhvamsu ker,d̪ʰʋəms̪u keːɾ,destroy,ஒழி,Simple-Verbs,words
ꢔꢾꢳꢶꢶ ꢙꢮꢵꢜ꣄,गेळि जवाट्,கெ3ளி ஜவாட்,ge'l'ii javaat',gELii javAT,gĕl̤ii javāṭ,geɭɪɪ d͡ʒəʋɑːʈ,ooze out,ஒழுக்கு,Simple-Verbs,words
ꢔꢾꢳꢶꢶ ꢙꢵ,गेळि जा,கெ3ளிஜா,ge'l'ii jaa,gELii jA,gĕl̤ii jā,geɭɪɪ d͡ʒɑː,leak,ஒழுகு,Simple-Verbs,words
ꢭꢶꢒ꣄ꢒꢶꢭꢾ,लुक्किले,லுக்கிலே,likkile',likkilE,likkilĕ,lɪkkɪle,hide,ஒளி,Simple-Verbs,words
ꢙꣁꢭꢶꢛ꣄ꢗꢶ,जा॑लिञ्चि,ஜொலிஞ்சி,jo'linchi,jOliJci,jŏliñci,d͡ʒolɪɲt͡ʃɪ,"glitter, shine",ஒளிர்,Simple-Verbs,words
ꢣꢾꢠ꣄ꢞꢥꣁ ꢡꢿ,द॑ण्डना॑ ते,தெ3ண்ட3னொதே,de'nd'ano' te,dENDanO te,dĕṇḍanŏ te,d̪eɳɖən̪o t̪eː,punish,ஒறு,Simple-Verbs,words
ꢗꢾꢬ꣄ꢗꢶ,च॑र्चि,செர்சி,che'rchi,cErci,cĕrci,t͡ʃeɾt͡ʃɪ,join,ஒன்று,Simple-Verbs,words
ꢏꢔꢬꢶ ꢒꢿꢬ꣄,आ॑गरि केर्,ஒக3ரிகேர்,o'gari ker,Ogari ker,ŏgari ker,ogəɾɪ keːɾ,vomit,ஓங்கரி,Simple-Verbs,words
ꢗꢾꢣꢵꢮ꣄ ꢲꣂ,च॑डाव्हो,செடா3வ்ஹோ,che'daav ho,cEdAv ho,cĕdāv ho,t͡ʃed̪ɑːʋ ɦoː,raise,ஓங்கு,Simple-Verbs,words
ꢣꣁꢮ꣄ꢞꢶ,दा॑व्डि,தொ3வ்டி3,do'vd'i,dOvDi,dŏvḍi,d̪oʋɖɪ,drive,ஓட்டு,Simple-Verbs,words
ꢤꢵꢪ꣄,धाम्,தா4ம்,dhaam,dhAm,dhām,d̪ʰɑːm,run,ஓடு,Simple-Verbs,words
ꢆꢗ꣄ꢗꢵꢜꢠꣁ ꢒꢿꢬ꣄,उच्चाटणा॑ केर्,உச்சாடணொகேர்,uchchaat'ano' ker,uccATaNO ker,uccāṭaṇŏ ker,ut͡ʃt͡ʃɑːʈəɳo keːɾ,read,ஓது,Simple-Verbs,words
ꢗꢾꢮ꣄ꢣꢶ,च॑व्दि,செவ்தி3,che'vdi,cEvdi,cĕvdi,t͡ʃeʋd̪ɪ,read,ஓது,Simple-Verbs,words
ꢦꢵꢭꢥꣁ ꢒꢿꢬ꣄,पालना॑ केर्,பாலனொகேர்,paalano' ker,pAlanO ker,pālanŏ ker,pɑːlən̪o keːɾ,protect,ஓம்பு,Simple-Verbs,words
ꢱꢶꢥꢫꢶ ꢙꢵ,सिनयि जा,ஸினயி ஜா,sinayi jaa,sinayi jA,sinayi jā,s̪ɪn̪əjɪ d͡ʒɑː,tired,ஓய்,Simple-Verbs,words
ꢯꢷꢥ꣄,शीन,ஶீன்,sheen,zIn,śīn,ʃiːn̪,tired,ஓய்,Simple-Verbs,words
ꢲꢮ꣄ꢡꢥ꣄ ꢒꢾꢬ꣄ꢭꢾ,हव्टन् क॑र्ले,ஹவ்டன்கெர்லே,havtan ke'rle',havtan kErlE,havtan kĕrlĕ,ɦəʋt̪ən̪ keɾle,"think, recall",ஓர்,Simple-Verbs,words
ꢲꢮ꣄ꢜꢶ,हव्टि,ஹவ்டி,havt'i,havTi,havṭi,ɦəʋʈɪ,recall,ஓர்மி,Simple-Verbs,words
ꢲꢜ꣄ꢮꢶ,हट्वि,ஹட்வி,hat'vi,haTvi,haṭvi,ɦəʈʋɪ,recall,ஓர்மி,Simple-Verbs,words
ꢒꣁꢔꢸꢭꢵꢔ꣄,का॑डुलाग,கொடு3லாக்3,ko'gulaag,kOgulAg,kŏgulāg,kogulɑːg,taste,கச,Simple-Verbs,words
ꢦꢷꢳ꣄,पीळ्,பீள்,peel',pIL,pīl̤,piːɭ,squeeze,கசக்கு,Simple-Verbs,words
ꢱꢾꢔ ꢒꢿꢬ꣄,स॑ग केर्,ஸெக3 கேர்,se'ga ker,sEga ker,sĕga ker,s̪egə keːɾ,be sultry,கசகச,Simple-Verbs,words
ꢱꢸꢬꢸ ꢦꣂꢜ꣄,सुरु पोट्,ஸுரு போட்,suru pot',suru poT,suru poṭ,s̪uɾu poːʈ,squeeze,கசங்கு,Simple-Verbs,words
ꢔꢿꢳ꣄,गेळ्,கே3ள்,gel',geL,gel̤,geːɭ,leak,கசி,Simple-Verbs,words
ꢩꢥ꣄ꢣꢶ,भन्दि,ப4ந்தி3,bhandi,bhandi,bhandi,bʰən̪d̪ɪ,"bind, tie",கட்டு,Simple-Verbs,words
ꢣꢵꢜ꣄,दाट्,தா3ட்,daat',dAT,dāṭ,d̪ɑːʈ,cross,கட,Simple-Verbs,words
ꢤꢶꢭ꣄ꢭꣁ ꢲꣂ,धिल्ला॑ हो,தி4ல்லொ ஹோ,dhillo' ho,dhillO ho,dhillŏ ho,d̪ʰɪllo ɦoː,become loose,கடகட,Simple-Verbs,words
ꢗꣁꢞ꣄ꢞꢦꣁꢞꢶ ꢙꢮꢵꢜ꣄,चा॑ड्ड पा॑डि जवाट,சொட்3ட3 பொடி3 ஜவாட்,cho'd'd'apo'd'i javaat',cODDapODi javAT,cŏḍḍapŏḍi javāṭ,t͡ʃoɖɖəpoɖɪ d͡ʒəʋɑːʈ,smuggle,கடத்து,Simple-Verbs,words
ꢦꢬ꣄ꢮꢡ꣄ ꢒꢿꢬ꣄,पर्वत केर,பர்வத் கேர்,parvat ker,parvat ker,parvat ker,pəɾʋət̪ keːɾ,scold,கடி,Simple-Verbs,words
ꢗꢵꢮ꣄,चाव्,சாவ்,chaav,cAv,cāv,t͡ʃɑːʋ,bite,கடி,Simple-Verbs,words
ꢨꢶꢱ꣄ꢱꣁ ꢙꢵ,बिस्सो जा,பி3ஸ்ஸொ ஜா,bisso' jaa,bissO jA,bissŏ jā,bɪs̪s̪o d͡ʒɑː,go fast,கடுகு,Simple-Verbs,words
ꢔꢸꢱꢹꢳ,गुसुळ,கு3ஸுள்,gusool'a,gusULa,gusūl̤a,gus̪uːɭə,churn,கடை,Simple-Verbs,words
ꢥꢶꢬꢷꢒ꣄ꢰꢠꣁ ꢒꢿꢬ꣄,निरीक्षणा॑ केर,நிரீக்ஷணொ கேர்,nireekshano' ker,nirIkSaNO ker,nirīkṣaṇŏ ker,n̪ɪɾiːkʂəɳo keːɾ,supervise,கண்காணி,Simple-Verbs,words
ꢂꢮꢥ꣄ꢗꢵꢭ꣄ ꢱꢖ꣄ꢔꢶ,अवन्चाल सङ्गि,அவன்சால் ஸங்கி3,avanchaal sangi,avancAl saGgi,avancāl saṅgi,əʋən̪t͡ʃɑːl s̪əŋgɪ,predict,கணி,Simple-Verbs,words
ꢒꢾꢡ꣄ꢬꢶꢒ꣄ꢒꢾ ꢲꣁꢬ꣄ ꢒꢵꢜ꣄,केत्रिक्के होर्काट,கெத்ரிக்கெ ஹோர் காட்,ke'trikke' ho'r kaat',kEtrikkE hOr kAT,kĕtrikkĕ hŏr kāṭ,ket̪ɾɪkke ɦoɾ kɑːʈ,cut by scissors,கத்தரி,Simple-Verbs,words
ꢬꢾꢗ꣄ꢗꣁ ꢡꢵꢫ꣄ ꢩꢮꢵꢜ꣄ ꢡꢵꢫ꣄,र॑च्चा॑ ताय भवाट ताय,ரெச்சொ தாய் ப4வாட் தாய்,re'chcho' taay bhavaat' taay,rEccO tAy bhavAT tAy,rĕccŏ tāy bhavāṭ tāy,ɾet͡ʃt͡ʃo t̪ɑːj bʰəʋɑːʈ t̪ɑːj,shout,கத்து,Simple-Verbs,words
ꢕꢾꢞꢶꢨꣁꢮ꣄,घ॑डि बोव,கெ4டி3 போ3வ்,ghe'd'ibo'v,ghEDibOv,ghĕḍibŏv,gʰeɖɪboʋ,shout,கத்து,Simple-Verbs,words
ꢒꢸꢖBꢔꢶ ꢬꣂꢜ꣄,कुङ्गिरोट्,குங்கி3ரோட்,kungaBgi rot',kuGaBgi roT,kuṅaBgi roṭ,kuŋəBgɪ ɾoːʈ,weep,கதறு,Simple-Verbs,words
ꢓꢾꢥꢶ ꢔꢵꢮ꣄,ख॑नि गाव्,கெ2னி கா3வ்,khe'ni gaav,khEni gAv,khĕni gāv,kʰen̪ɪ gɑːʋ,tell,கதை,Simple-Verbs,words
ꢮꢱ꣄ꢥꣁ ꢣꢾ,वस्नो दे,வஸ்னொ தே3,vasno' de',vasnO dE,vasnŏ dĕ,ʋəs̪n̪o d̪e,be fragrant,கமழ்,Simple-Verbs,words
ꢒꢾꢬ ꢒꢾꢬ ꢒꢿꢬ꣄,क॑रक॑र केर्,கெரகெர கேர்,ke'ra ke'ra ker,kEra kEra ker,kĕra kĕra ker,keɾə keɾə keːɾ,get irritation in throat,கமறு,Simple-Verbs,words
ꢚꢵꢫ꣄,झाय्,ஜா2ய்,jhaay,jhAy,jhāy,d͡ʒʰɑːj,"steal, hide",கர,Simple-Verbs,words
ꢪꢷꢜ꣄ꢒꢥꢶ ꢭꢵꢔ꣄,मीट्कनि लाग,மீட்கனி லாக்3,meet'kani laag,mITkani lAg,mīṭkani lāg,miːʈkən̪ɪ lɑːg,be salty,கரி,Simple-Verbs,words
ꢒꢳꣁ ꢲꣁꢱ꣄ꢡꢶꢱꣁ ꢙꢵꢭ꣄,कळा॑ होस्तिसा॑ जाल,களொ ஹோஸ்திஸொ ஜாள்,kal'o' ho'stiso' jaal,kaLO hOstisO jAl,kal̤ŏ hŏstisŏ jāl,kəɭo ɦos̪t̪ɪs̪o d͡ʒɑːl,burn black,கருக்கு,Simple-Verbs,words
ꢂꢨꢶꢦ꣄ꢬꢵꢫ꣄ ꢦꣁꢜ꣄,अबिप्राय पोट,அபி3ப்ராய் போட்,abipraay po't',abiprAy pOT,abiprāy pŏṭ,əbɪpɾɑːj poʈ,opine,கருது,Simple-Verbs,words
ꢕꢸꢭꢫꢶ ꢙꢵ,घुलयि जा,கு4லயி ஜா,ghulayi jaa,ghulayi jA,ghulayi jā,gʰuləjɪ d͡ʒɑː,be dissolved,கரை,Simple-Verbs,words
ꢒꢾꢬꢶꢖ꣄ꢔꢶ ꢙꢵ,क॑रिङ्गि जा,கெரிங்கி3 ஜா,ke'ringi jaa,kEriGgi jA,kĕriṅgi jā,keɾɪŋgɪ d͡ʒɑː,be dissolved,கரை,Simple-Verbs,words
ꢕꢸꢭꢵꢜ꣄,घुलाट,கு4லாட்,ghulaat',ghulAT,ghulāṭ,gʰulɑːʈ,dissolve,கரை,Simple-Verbs,words
ꢒꢾꢬꢸꢖ꣄ꢔꢵꢜ꣄,क॑रुङ्गाट,கெருங்கா3ட்,ke'rungaat',kEruGgAT,kĕruṅgāṭ,keɾuŋgɑːʈ,dissolve,கரை,Simple-Verbs,words
ꢱꢶꢒ꣄ꢒꢶ,सिक्कि,ஸிக்கி,sikki,sikki,sikki,s̪ɪkkɪ,learn,கல்,Simple-Verbs,words
ꢒꢮ꣄ꢭꢶ,कव्लि,கவ்லி,kavli,kavli,kavli,kəʋlɪ,"mix, stir",கலக்கு,Simple-Verbs,words
ꢪꢶꢱ꣄ꢬꢠꣁ ꢒꢿꢬ꣄,मिस्रणा॑ केर,மிஶ்ரணொ கேர்,misrano' ker,misraNO ker,misraṇŏ ker,mɪs̪ɾəɳo keːɾ,"mix, stir",கலக்கு,Simple-Verbs,words
ꢱꢾꢣ꣄ꢣꢸ ꢡꢵꢫ꣄,स॑द्दु ताय,ஸெத்3து3 தாய்,se'ddu taay,sEddu tAy,sĕddu tāy,s̪ed̪d̪u t̪ɑːj,be noisy,கலகல,Simple-Verbs,words
ꢒꢮ꣄ꢭꢫꢶꢬꢴꢵ,कव्लयि र्हा,கவ்லயிரா:,kavlayirhaa,kavlayirhA,kavlayirhā,kəʋləjɪɾɦɑː,"be mixed, be stirred",கலங்கு,Simple-Verbs,words
ꢂꢯ꣄ꢬꢿꢠꢶꢲꣁ,अश्रेणी हो,அஶ்ரேணி ஹோ,ashreniho',azreNihO,aśreṇihŏ,əʃɾeːɳɪɦo,be shuffled,கலை,Simple-Verbs,words
ꢂꢯ꣄꣄ꢬꢿꢠꢶ ꢒꢿꢬ꣄,अश्रेणि केर,அஶ்ரேணி கேர்,ashreni ker,azreNi ker,aśreṇi ker,əʃɾeːɳɪ keːɾ,shuffle,கலை,Simple-Verbs,words
ꢃꢒꢬ꣄ꢰꢶ,आकर्षि,ஆகர்ஷி,aakarshi,AkarSi,ākarṣi,ɑːkəɾʂɪ,attract,கவர்,Simple-Verbs,words
ꢩꣁꢬꢶꢙꢵ,भा॑रि जा,பொ4ரி ஜா,bho'rijaa,bhOrijA,bhŏrijā,bʰoɾɪd͡ʒɑː,"overflow, cover",கவி,Simple-Verbs,words
ꢡꢾꢭ꣄ꢒꢫꢶ ꢙꢵ,त॑ल्कयि जा,தெல்கயி ஜா,te'lkayi jaa,tElkayi jA,tĕlkayi jā,t̪elkəjɪ d͡ʒɑː,"overflow, cover",கவி,Simple-Verbs,words
ꢲꢸꢞꣁ ꢡꢶꢞꣁ ꢕꢭꢫꢶ ꢙꢵ,हुडा॑तिडा॑ घलयि जा,ஹுடொ3திடொ3 க4லயி ஜா,hud'o' tid'o' ghalayi jaa,huDO tiDO ghalayi jA,huḍŏ tiḍŏ ghalayi jā,ɦuɖo t̪ɪɖo gʰələjɪ d͡ʒɑː,get upside down,கவிழ்,Simple-Verbs,words
ꢤꢶꢭ꣄ꢭꣁꢦꣁꢜ꣄,धिल्ला॑ पोट,தி4ல்லொபோட்,dhillo'po't',dhillOpOT,dhillŏpŏṭ,d̪ʰɪllopoʈ,be loose,கழல்,Simple-Verbs,words
ꢲꢿꢜ꣄,हेट्,ஹேட்,het',heT,heṭ,ɦeːʈ,remove,கழற்று,Simple-Verbs,words
ꢲꢾꢞꢶ ꢡꢵꢫ꣄,ह॑डिताय्,ஹெடி3தாய்,he'd'i taay,hEDi tAy,hĕḍi tāy,ɦeɖɪ t̪ɑːj,remove,கழற்று,Simple-Verbs,words
ꢣꢶꢥ꣄ꢥꢸ ꢙꢮꢵꢜ꣄,दिन्नु जवाट्,தி3ன்னு ஜவாட்,dinnu javaat',dinnu javAT,dinnu javāṭ,d̪ɪn̪n̪u d͡ʒəʋɑːʈ,be spent,கழி,Simple-Verbs,words
ꢩꢷꢜ꣄,भीट्,பீ4ட்,bheet',bhIT,bhīṭ,bʰiːʈ,subtract,கழி,Simple-Verbs,words
ꢱꣁꢮ꣄ꢞꢶ,सा॑व्डि,ஸொவ்டி3,so'vd'i,sOvDi,sŏvḍi,s̪oʋɖɪ,undress,களை,Simple-Verbs,words
ꢱꢷꢥ꣄ꢦꣁꢥ꣄ꢣꢶ,सीन्पा॑न्दि,ஶீன்பொந்தி3,seenpo'ndi,sInpOndi,sīnpŏndi,s̪iːn̪pon̪d̪ɪ,be tired,களை,Simple-Verbs,words
ꢱꢶꢒ꣄ꢒꢵꢜ꣄,सिक्काट्,ஸிக்காட்,sikkaat',sikkAT,sikkāṭ,s̪ɪkkɑːʈ,teach,கற்பி,Simple-Verbs,words
ꢣꢹꢡ꣄ ꢦꢷꢳ꣄,दूत्पीळ्,தூ3த் பீள்,doot peel',dUt pIL,dūt pīl̤,d̪uːt̪ piːɭ,to milk,கற,Simple-Verbs,words
ꢗꢸꢜ꣄ꢜꢸ ꢧꢷꢬ꣄ꢮꢶ,चुट्टु फीर्वि,சுட்டுபி2ர்வி,chut't'u pheervi,cuTTu phIrvi,cuṭṭu phīrvi,t͡ʃuʈʈu pʰiːɾʋɪ,rotate,கறக்கு,Simple-Verbs,words
ꢗꢸꢜ꣄ꢜꢸ ꢧꢷꢬ꣄,चुट्टुफीर्,சுட்டுபீ2ர்,chut't'u pheer,cuTTu phIr,cuṭṭu phīr,t͡ʃuʈʈu pʰiːɾ,go round,கறங்கு,Simple-Verbs,words
ꢱꢵꢦꢥꣁ ꢣꢿ,सापना॑ दे,ஸாபனொ தே3,saapano' de,sApanO de,sāpanŏ de,s̪ɑːpən̪o d̪eː,frown,கறுவு,Simple-Verbs,words
ꢦꣁꢳ꣄ꢳꣁ ꢲꣂ,पोळ्ळा॑हो,பொள்ளொ ஹோ,po'l'l'o' ho,pOLLO ho,pŏl̤l̤ŏ ho,poɭɭo ɦoː,ripen,கனி,Simple-Verbs,words
ꢒꢨꢵꢜ꣄,कबाट्,கபா3ட்,kabaat',kabAT,kabāṭ,kəbɑːʈ,protect,கா,Simple-Verbs,words
ꢣꢾꢒ꣄ꢒꢵꢜ꣄,द॑क्काट्,தெ3க்காட்,de'kkaat',dEkkAT,dĕkkāṭ,d̪ekkɑːʈ,show,காட்டு,Simple-Verbs,words
ꢦꢶꢬꢿꢮ꣄ ꢒꢿꢬ꣄,पिरेव केर्,ப்ரேவ்கேர்,pirev ker,pirev ker,pirev ker,pɪɾeːʋ keːɾ,love,காதலி,Simple-Verbs,words
ꢱꢸꢒ꣄ꢒꢶ ꢙꢵ,सुक्कि जा,ஸுக்கிஜா,sukki jaa,sukki jA,sukki jā,s̪ukkɪ d͡ʒɑː,"dry, boil",காய்,Simple-Verbs,words
ꢡꢦ꣄ꢦꢶ ꢙꢵ,तप्पि जा,தப்பி ஜா,tappi jaa,tappi jA,tappi jā,t̪əppɪ d͡ʒɑː,"dry, boil",காய்,Simple-Verbs,words
ꢒꢫ꣄ꢭꣁ ꢣꢾ,कय्ला॑ दे,கய்லொ தே3,kaylo' de',kaylO dE,kaylŏ dĕ,kəjlo d̪e,give fruit,காய்,Simple-Verbs,words
ꢡꢦꢵꢜ꣄,तपाट,தபாட்,tapaat',tapAT,tapāṭ,t̪əpɑːʈ,boil,காய்ச்சு,Simple-Verbs,words
ꢂꢨ꣄ꢨꢳ꣄ꢳꢿ,अब्बळ्ळे,அப்3ப3ள்ளே,abbal'l'e,abbaLLe,abbal̤l̤e,əbbəɭɭeː,get,கிட்டு,Simple-Verbs,words
ꢦꣁꢞ꣄ ꢬꢴꢵ,पा॑ड् र्हा,பொட்3 ரா:,po'd' rhaa,pOD rhA,pŏḍ rhā,poɖ ɾɦɑː,lying there,கிட,Simple-Verbs,words
ꢥꢶꢖ꣄ꢙꢵꢜ꣄,निञ्जाट्,நிஞ்ஜாட்,ningjaat',niGjAT,niṅjāṭ,n̪ɪŋd͡ʒɑːʈ,make lie down,கிடத்து,Simple-Verbs,words
ꢓꢶꢠ꣄ꢓꢶꢠꢵꢜ꣄ ꢒꢪ꣄ꢦꢥꣁ ꢒꢿꢬ꣄,खिण्खिणट्,கி2ண்கிணாட்,khinkhinaat' kampano' ker,khiNkhiNAT kampanO ker,khiṇkhiṇāṭ kampanŏ ker,kʰɪɳkʰɪɳɑːʈ kəmpən̪o keːɾ,tremble,கிடுகிடு,Simple-Verbs,words
ꢂꢨ꣄ꢨꢱ꣄ꢡꢶꢱꣁ ꢬꢴꢵ,अब्बस्तिसा॑ र्हा,அப்3ப3ஸ்திஸொ ரா:,abbastiso' rhaa,abbastisO rhA,abbastisŏ rhā,əbbəs̪t̪ɪs̪o ɾɦɑː,available,கிடை,Simple-Verbs,words
ꢒꢮ꣄ꢭꢶ,कव्लि,கவ்லி,kavli,kavli,kavli,kəʋlɪ,stir,கிண்டு,Simple-Verbs,words
ꢥꣁꢠ꣄ꢜꢶꢭꢶꢗꢵꢭ꣄,ना॑ण्टिलिचाल्,நொண்டி3லிசால்,no'nt'ilichaal,nONTilicAl,nŏṇṭilicāl,n̪oɳʈɪlɪt͡ʃɑːl,limp,கிந்து,Simple-Verbs,words
ꢚꢹꢬ꣄ ꢆꢜ꣄ꢗꢶꢭꢾ,झूर्,ஜூ2ர்,jhoor ut'chile',jhUr uTcilE,jhūr uṭcilĕ,d͡ʒʰuːɾ uʈt͡ʃɪle,absorb,கிரகி,Simple-Verbs,words
ꢔ꣄ꢬꢲꢥꣁ ꢒꢿꢬ꣄,उट्चिले,உட்சிலே,grahano' ker,grahanO ker,grahanŏ ker,gɾəɦən̪o keːɾ,absorb,கிரகி,Simple-Verbs,words
ꢩꢜ꣄ꢜꢶ ꢙꢵ,फट्टि जा,ப2ட்டி ஜா,bhat't'i jaa,bhaTTi jA,bhaṭṭi jā,bʰəʈʈɪ d͡ʒɑː,be tore off,கிழி,Simple-Verbs,words
ꢩꢵꢜ꣄,फाट्,பா2ட்,bhaat',bhAT,bhāṭ,bʰɑːʈ,tear off,கிழி,Simple-Verbs,words
ꢥꢶꢔꢶꢳꢵꢜ꣄,निगिळाट्,நிகி3ளாட்,nigil'aat',nigiLAT,nigil̤āṭ,n̪ɪgɪɭɑːʈ,start,கிளப்பு,Simple-Verbs,words
ꢥꢶꢔꢳ꣄,निगिळ,நிகி3ள்,nigal',nigaL,nigal̤,n̪ɪgəɭ,start,கிளம்பு,Simple-Verbs,words
ꢒꢮ꣄ꢭꢶꢱꣂꢜ꣄,कव्लिसोट्,கவ்லிஸோட்,kavlisot',kavlisoT,kavlisoṭ,kəʋlɪs̪oːʈ,"poke, dig up",கிளறு,Simple-Verbs,words
ꢯꢵꢓꣁ ꢱꣂꢜ꣄,शाखा॑ सोट,ஶாகொ2 ஸோட்,shaakho' sot',zAkhO soT,śākhŏ soṭ,ʃɑːkʰo s̪oːʈ,branch out,கிளை,Simple-Verbs,words
ꢣꣁꢱ꣄ꢒꣁ ꢗꢸꢜ꣄ꢜꢸ ꢧꢷꢬ꣄,दा॑स्का॑ चुट्टु फीर,தொ3ஸ்கொசுட்டு பீ2ர்,do'sko' chut't'u pheer,dOskO cuTTu phIr,dŏskŏ cuṭṭu phīr,d̪os̪ko t͡ʃuʈʈu pʰiːɾ,feel giddiness,கிறங்கு,Simple-Verbs,words
ꢕꢶꢬ꣄ꢒꢶ,घिर्कि,கி4ர்கி,ghirki,ghirki,ghirki,gʰɪɾkɪ,scribble,கிறுக்கு,Simple-Verbs,words
ꢒꣁꢮ꣄ꢬꢶ,कोव्रि,கொவ்ரி,ko'vri,kOvri,kŏvri,koʋɾɪ,tear,கீறு,Simple-Verbs,words
ꢱꢾꢣ꣄ꢣꢸ ꢱꢨꣁ ꢒꢿꢬ꣄,सेद्दु बा॑ केर,ஸெத்3து3 ஸபொ3 கேர்,se'ddu sabo' ker,sEddu sabO ker,sĕddu sabŏ ker,s̪ed̪d̪u s̪əbo keːɾ,act like rattle,குடுகுடு,Simple-Verbs,words
ꢕꢸꢮꣁ ꢒꢿꢬ꣄,घुवा॑ केर,கூ4வொ கேர்,ghuvo' ker,ghuvO ker,ghuvŏ ker,gʰuʋo keːɾ,carve out,குடை,Simple-Verbs,words
ꢮ꣄ꢫꢮꢱ꣄ꢢꣁ ꢥꢴꢷꢡ꣄ꢡꢶꢱꣁ ꢒꢿꢬ꣄,व्यवस्थो न्हीत्तिसा॑ केर,வ்யவஸ்தொ2 நீ:த்திஸொ கேர்,vyavastho' nheettiso' ker,vyavasthO nhIttisO ker,vyavasthŏ nhīttisŏ ker,ʋjəʋəs̪t̪ʰo n̪ɦiːt̪t̪ɪs̪o keːɾ,make disorder,குணக்கு,Simple-Verbs,words
ꢮ꣄ꢫꢮꢱ꣄ꢢꣁ ꢥꢴꢷꢡ꣄ꢡꢶꢱꣁ ꢲꣁ,व्यवस्थो न्हीत्तिसा॑ हो,வ்யவஸ்தொ2 நீ:த்திஸொ ஹோ,vyavastho' nheettiso' ho',vyavasthO nhIttisO hO,vyavasthŏ nhīttisŏ hŏ,ʋjəʋəs̪t̪ʰo n̪ɦiːt̪t̪ɪs̪o ɦo,be disordered,குணங்கு,Simple-Verbs,words
ꢃꢒꢬ꣄ꢰꢥꣁ ꢒꢿꢬ꣄,आकर्षना॑ केर,ஆகர்ஷனொ கேர்,aakarshano' ker,AkarSanO ker,ākarṣanŏ ker,ɑːkəɾʂən̪o keːɾ,speak/act to attract,குணட்டு,Simple-Verbs,words
ꢔꢸꢱꢸꢔꢸꢱꢸ ꢒꢿꢬ꣄,गुसुगुसु केर,கு3ஸுகு3ஸு கேர்,gusugusu ker,gusugusu ker,gusugusu ker,gus̪ugus̪u keːɾ,murmur,குணுகுணு,Simple-Verbs,words
ꢔꢸꢣ꣄ꢣꢶ,गुद्दि,கு3த்3தி3,guddi,guddi,guddi,gud̪d̪ɪ,"fist, pinch",குத்து,Simple-Verbs,words
ꢗꢮꢶ ꢒꢵ,चवि खा,சவி கா2,chavi kaa,cavi kA,cavi kā,t͡ʃəʋɪ kɑː,chew,குதம்பு,Simple-Verbs,words
ꢤꢸꢖ꣄ꢒꢶ,धुङ्कि,து4ங்கி,dhunki,dhuGki,dhuṅki,d̪ʰuŋkɪ,jump,குதி,Simple-Verbs,words
ꢒꢸꢰꢵꢭ꣄ ꢒꢿꢬ꣄,कुषाल्केर्,குஷால்கேர்,kushaal ker,kuSAl ker,kuṣāl ker,kuʂɑːl keːɾ,enjoy,குதூகலி,Simple-Verbs,words
ꢲꢳ꣄ꢳꢸ ꢔꢸꢣ꣄ꢣꢶ,हळ्ळु गुद्दि,ஹள்ளுகு3த்3தி3,hal'l'u guddi,haLLu guddi,hal̤l̤u guddi,ɦəɭɭu gud̪d̪ɪ,pound gently,கும்மு,Simple-Verbs,words
ꢏꢔꢬꢶ ꢒꢿꢬ꣄,आ॑गरि केर्,ஒக3ரிகேர்,o'gari ker,Ogari ker,ŏgari ker,ogəɾɪ keːɾ,feel vomiting,குமட்டு,Simple-Verbs,words
ꢔꣂꢦꢸꢬ꣄ ꢒꢾꢬꢱ꣄ꢡꢾ,गा॑पुर्केरस्ते,கொ3பு3ர்கெரஸ்தே,gopur ke'raste',gopur kErastE,gopur kĕrastĕ,goːpuɾ keɾəs̪t̪e,pile up,குமி,Simple-Verbs,words
ꢔꢸꢣ꣄ꢣꢶ,गुद्दि,கு3த்3தி3,guddi,guddi,guddi,gud̪d̪ɪ,beat with fist,குத்து,Simple-Verbs,words
ꢪꣁꢥ꣄ꢥꢸꢪ꣄ ꢲꢸꢳꣁ ꢦꢾꢮ꣄ꢞꢫ ꢶꢬꢴꢵ,मा॑न्नुम्हुळा॑ पेव्डयि र्हा,மொன்னும்ஹுளொபெவ்ட3யி ரா:,mo'nnum hul'o' pe'vd'aya irhaa,mOnnum huLO pEvDaya irhA,mŏnnum hul̤ŏ pĕvḍaya irhā,mon̪n̪um ɦuɭo peʋɖəjə ɪɾɦɑː,Spurt out,குமுறு,Simple-Verbs,words
ꢭꢸꢪ꣄ꢦ꣄ꢶꢭꢿ,लुम्पिले,லும்பிலே,lump_ile,lump_ile,lump_ile,lump_ɪleː,be confused,குமை,Simple-Verbs,words
ꢭꢸꢪ꣄ꢦꢵꢜ꣄,लुम्पाट,லும்பாட்,lumpaat',lumpAT,lumpāṭ,lumpɑːʈ,to confuse,குமை,Simple-Verbs,words
ꢧꢸꢭꢵꢧꢸꢭꢶꢣꢾꢒ꣄ꢒꢵꢜ꣄,फुलाफुलि द॑क्काट,பு2லாபு2லிதெ3க்காட்,phulaaphulide'kkaat',phulAphulidEkkAT,phulāphulidĕkkāṭ,pʰulɑːpʰulɪd̪ekkɑːʈ,show pimples,குரு,Simple-Verbs,words
ꢱꣁꢥ꣄ꢡꣁꢰ꣄ ꢦꣁꢥ꣄ꢣꢶ,सा॑न्तोष्पा॑न्दि,ஸொந்தோஷ் பொந்தி3,so'nto'sh po'ndi,sOntOS pOndi,sŏntŏṣ pŏndi,s̪on̪t̪oʂ pon̪d̪ɪ,rejoice,குலாவு,Simple-Verbs,words
ꢒꢸꢣꢹꢲꢭ꣄ ꢦꣁꢥ꣄ꢣꢶ,कुतूहल्पा॑न्दि,குதூஹல்பொந்தி3,kudoohal po'ndi,kudUhal pOndi,kudūhal pŏndi,kud̪uːɦəl pon̪d̪ɪ,rejoice,குலாவு,Simple-Verbs,words
ꢂꢭ꣄ꢮꢵꢜ꣄,हल्वाट,ஹல்வாட்,alvaat',alvAT,alvāṭ,əlʋɑːʈ,shake,குலுக்கு,Simple-Verbs,words
ꢂꢭ꣄ꢭꢶ,हल्लि,ஹல்லி,alli,alli,alli,əllɪ,shake,குலுங்கு,Simple-Verbs,words
ꢱꢪ꣄ꢪꢶꢯ꣄ꢬꢠꣁ ꢲꣁꢫ꣄ꢬꢴꢵ,सम्मिश्रणा॑ हा॑य र्हा,ஸம்மிஶ்ரணொ ஹொய் ரா:,sammishrano' ho'yrhaa,sammizraNO hOyrhA,sammiśraṇŏ hŏyrhā,s̪əmmɪʃɾəɳo ɦojɾɦɑː,Be shuffled,குலை,Simple-Verbs,words
ꢪꢸꢭ꣄ꢭ ꢧꢭ꣄ꢭꣁ ꢲꣁꢫ꣄ ꢬꢴꢵ,मुल्लफल्ला॑ हा॑य र्हा,முல்லப2ல்லொ ஹொய் ரா:,mulla phallo' ho'y rhaa,mulla phallO hOy rhA,mulla phallŏ hŏy rhā,mullə pʰəllo ɦoj ɾɦɑː,Be shuffled,குலை,Simple-Verbs,words
ꢒꢮ꣄ꢭꢫꢶ ꢬꢴꢵ,कव्लयि र्हा,கவ்லயி ரா:,kavlayi rhaa,kavlayi rhA,kavlayi rhā,kəʋləjɪ ɾɦɑː,Be shuffled,குலை,Simple-Verbs,words
ꢪꢶꢱ꣄ꢬꢠꣁ ꢒꢿꢬ꣄,मिश्रणा॑ केर,மிஶ்ரணொ கேர்,misrano' ker,misraNO ker,misraṇŏ ker,mɪs̪ɾəɳo keːɾ,Shuffle up,குலை,Simple-Verbs,words
ꢪꢸꢭ꣄ꢭ ꢧꢭ꣄ꢭꣁ ꢒꢿꢬ꣄,मुल्ल फल्ला॑ केर,முல்ல ப2ல்லொ கேர்,mulla phallo' ker,mulla phallO ker,mulla phallŏ ker,mullə pʰəllo keːɾ,Shuffle up,குலை,Simple-Verbs,words
ꢒꢮ꣄ꢭꢶ ꢡꢵꢫ꣄,कव्लि ताय,கவ்லி தாய்,kavli taay,kavli tAy,kavli tāy,kəʋlɪ t̪ɑːj,Shuffle up,குலை,Simple-Verbs,words
ꢒꢸꢥꢪꢶꢖ꣄ꢗꢶꢫꢶ ꢬꢴꢵ,कुमिञ्चियि र्हा,குமிஞ்சயி ரா:,kunamingchiyi rhaa,kunamiGciyi rhA,kunamiṅciyi rhā,kun̪əmɪŋt͡ʃɪjɪ ɾɦɑː,be heaped up,குவி,Simple-Verbs,words
ꢒꢸꢪꢶꢖ꣄ꢗꢶ ꢢꣁꢮ꣄,कुमिञ्चि थोव्,குமிஞ்சிதோ2வ்,kumingchi tho'v,kumiGci thOv,kumiṅci thŏv,kumɪŋt͡ʃɪ t̪ʰoʋ,heap up,குவி,Simple-Verbs,words
ꢭꢸꢪ꣄ꢦꢶ,लुम्पि,லும்பி,lumpi,lumpi,lumpi,lumpɪ,confuse,குழப்பு,Simple-Verbs,words
ꢭꢸꢪ꣄ꢦꢫꢶ ꢬꢴꢵ,लुम्पयि र्हा,லும்பயி ரா:,lumpayi rhaa,lumpayi rhA,lumpayi rhā,lumpəjɪ ɾɦɑː,Be confused,குழம்பு,Simple-Verbs,words
ꢔꣁꢳꢔꣁꢳꢫꢶ ꢮꢡ꣄ꢡꣁ ꢒꢾꢬ꣄,गोळगोळयि वत्ता॑ केर,கொ3ளகொ3ளயி வத்தொ கேர்,go'l'ago'l'ayi vatto' ke'r,gOLagOLayi vattO kEr,gŏl̤agŏl̤ayi vattŏ kĕr,goɭəgoɭəjɪ ʋət̪t̪o keɾ,Babble,குழறு,Simple-Verbs,words
ꢦꣁꢭ꣄ꢭꢪ꣄ ꢦꣂꢜ꣄,पोल्लम्पोट्,பொல்லம்போட்,po'llam pot',pOllam poT,pŏllam poṭ,polləm poːʈ,become hole,குழி,Simple-Verbs,words
ꢦꣁꢭ꣄ꢭꢪ꣄ ꢒꢾꢬ꣄,पा॑ल्लम्केर्,பொல்லம்கேர்,po'llam ke'r,pOllam kEr,pŏllam kĕr,polləm keɾ,dig,குழி,Simple-Verbs,words
ꢦꣁꢭ꣄ꢭꢪ꣄ ꢒꣁꢮ꣄ꢬꢶ,पा॑ल्लम का॑व्रि,பொல்லம் கொவ்ரி,po'llam ko'vri,pOllam kOvri,pŏllam kŏvri,polləm koʋɾɪ,dig,குழி,Simple-Verbs,words
ꢙꢾꢡ ꢗꢿꢬ꣄,ज॑तचेर्,ஜெதசேர்,je'ta cher,jEta cer,jĕta cer,d͡ʒet̪ə t͡ʃeːɾ,assemble,குழுமு,Simple-Verbs,words
ꢒꢮ꣄ꢭꢫꢶ ꢬꢴꢵ,कव्लयि र्हा,கவ்லயிரா:,kavlayi rhaa,kavlayi rhA,kavlayi rhā,kəʋləjɪ ɾɦɑː,mix,குழை,Simple-Verbs,words
ꢒꢮ꣄ꢭꢶ,कव्लि,கவ்லி,kavli,kavli,kavli,kəʋlɪ,mix,குழை,Simple-Verbs,words
ꢱ꣄ꢥꢵꢥ꣄ ꢒꢿꢬ꣄,स्नान्केर्,ஸ்நான்கேர்,snaan ker,snAn ker,snān ker,s̪n̪ɑːn̪ keːɾ,take bath,குளி,Simple-Verbs,words
ꢃꢖ꣄ꢔꢸ ꢤꢹꢮ꣄,आङ्गुधूव,ஆங்கு3தூ4வ்,aangu dhoov,AGgu dhUv,āṅgu dhūv,ɑːŋgu d̪ʰuːʋ,take bath,குளி,Simple-Verbs,words
ꢱꢶꢳ꣄ꢳꢦꣂꢜ꣄,सिळ्ळपोट,ஸிள்ளபோட்,sil'l'apot',siLLapoT,sil̤l̤apoṭ,s̪ɪɭɭəpoːʈ,become cold,குளிர்,Simple-Verbs,words
ꢔꢸꢣ꣄ꢣꢶ,गुद्दि,தேஸ்,guddi,guddi,guddi,gud̪d̪ɪ,Pound/thrash,குற்று,Simple-Verbs,words
ꢒꢸꢬ꣄ꢗꢶꢭꢾ,कुर्चिले,குர்சிலே,kurchile',kurcilE,kurcilĕ,kuɾt͡ʃɪle,"mark, note",குறி,Simple-Verbs,words
ꢥꢴꢥ꣄ꢥ ꢒꢿꢬ꣄,न्हन्ना॑केर,ந:ன்னொகேர்,nhanna ker,nhanna ker,nhanna ker,n̪ɦən̪n̪ə keːɾ,Shorten/lessen,குறுக்கு,Simple-Verbs,words
ꢆꢥ꣄ꢥꣁ ꢒꢿꢬ꣄,उन्ना॑ केर,உன்னொ கேர்,unno' ker,unnO ker,unnŏ ker,un̪n̪o keːɾ,Shorten/lessen,குறுக்கு,Simple-Verbs,words
ꢥꢴꢥ꣄ꢥꢲꣁ,न्हन्न॑हो,ந:ன்னொஹோ,nhannaho',nhannahO,nhannahŏ,n̪ɦən̪n̪əɦo,become small,குறுகு,Simple-Verbs,words
ꢪꣁꢥ꣄ꢥꢸꢪ꣄ꢒꢸꢱ꣄ꢒꢫꢶ ꢬꢴꢵ,मा॑न्नुम्कुस्कयि र्हा,மொன்னும்குஸ்கயி ரா:,mo'nnumkuskayi rhaa,mOnnumkuskayi rhA,mŏnnumkuskayi rhā,mon̪n̪umkus̪kəjɪ ɾɦɑː,pricked by conscience,குறுகுறு,Simple-Verbs,words
ꢆꢥ꣄ꢥꣁ ꢲꣁꢫ꣄ꢬꢴꢵ,उन्ना॑ हा॑य र्हा,உன்னொ ஹொய் ரா:,unno' ho'yrhaa,unnO hOyrhA,unnŏ hŏyrhā,un̪n̪o ɦojɾɦɑː,decrease,குறை,Simple-Verbs,words
ꢆꢥ꣄ꢥꣁ ꢒꢿꢬ꣄,उन्ना॑केर्,உன்னொகேர்,unno' ker,unnO ker,unnŏ ker,un̪n̪o keːɾ,decrease,குறை,Simple-Verbs,words
ꢏꢖ꣄ꢔꢶ,आ॑ङ्गि,ஒங்கி3,o'ngi,OGgi,ŏṅgi,oŋgɪ,bend,குனி,Simple-Verbs,words
ꢏꢖ꣄ꢔꢵꢜ꣄,आ॑ङ्गाट्,ஒங்கா3ட்,o'ngaat',OGgAT,ŏṅgāṭ,oŋgɑːʈ,bend,குனிய வை,Simple-Verbs,words
ꢭꢵꢙ꣄,लाज,லாஜ்,laaj,lAj,lāj,lɑːd͡ʒ,feel shame,கூசு,Simple-Verbs,words
ꢭꢵꢱ꣄,लास,லாஸ்,laas,lAs,lās,lɑːs̪,feel shame,கூசு,Simple-Verbs,words
ꢭꢙ꣄ꢙꣁ ꢦꣁꢥ꣄ꢣꢶ,लज्जा॑ पा॑न्दि,லஜ்ஜொ பொந்தி3,lajjo' po'ndi,lajjO pOndi,lajjŏ pŏndi,ləd͡ʒd͡ʒo pon̪d̪ɪ,feel shame,கூசு,Simple-Verbs,words
ꢗꢾꢬ꣄ꢗꢶ,चेर्चि,செர்சி,che'rchi,cErci,cĕrci,t͡ʃeɾt͡ʃɪ,add,கூட்டு,Simple-Verbs,words
ꢗꢾꢬ꣄ꢭꢿ,चेर्ले,செர்லே,che'rle,cErle,cĕrle,t͡ʃeɾleː,"join, increase",கூடு,Simple-Verbs,words
ꢲꢵꢡ꣄ ꢙꢾꢡ ꢗꢾꢬ꣄ꢗ꣄ꢗꢶ,हात्ज॑त च॑र्च्चि,ஹாத்ஜெதசெர்சி,haat je'ta che'rchchi,hAt jEta cErcci,hāt jĕta cĕrcci,ɦɑːt̪ d͡ʒet̪ə t͡ʃeɾt͡ʃt͡ʃɪ,fold hands,கூப்பு,Simple-Verbs,words
ꢬꢾꢗ꣄ꢗ ꢡꢵꢫ꣄,र॑च्चताय्,ரெச்சொதாய்,re'chcha taay,rEcca tAy,rĕcca tāy,ɾet͡ʃt͡ʃə t̪ɑːj,shout,கூவு,Simple-Verbs,words
ꢪꢿꢠ꣄,मेन,மேன்,men,meN,meṇ,meːɳ,say,கூறு,Simple-Verbs,words
ꢱꢖ꣄ꢔꢶ,सङ्गि,ஸங்கி3,sangi,saGgi,saṅgi,s̪əŋgɪ,say,கூறு,Simple-Verbs,words
ꢏꢖ꣄ꢒꢶ,आ॑ङ्गि,ஒங்கி3,o'nki,OGki,ŏṅki,oŋkɪ,bend,கூனு,Simple-Verbs,words
ꢱ꣄ꢮꢦ꣄ꢬꢡꢵꢦ꣄ ꢒꢾꢬ꣄ꢭꢿ,स्वप्रताप क॑र्ले,ஸ்வப்ரதாப் கெர்லே,svaprataap ke'rle,svapratAp kErle,svapratāp kĕrle,s̪ʋəpɾət̪ɑːp keɾleː,Boast/brag,கொக்கரி,Simple-Verbs,words
ꢒꢾꢖ꣄ꢙꢶ,क॑ञ्जि,கெஞ்ஜி,ke'ngji,kEGji,kĕṅji,keŋd͡ʒɪ,plead for favour,கெஞ்சு,Simple-Verbs,words
ꢪꢔꢶꢭꢾ,मगिले,மகி3லே,magile',magilE,magilĕ,məgɪle,plead for favour,கெஞ்சு,Simple-Verbs,words
ꢥꢵꢯ꣄,नाश,நாஶ்,naash,nAz,nāś,n̪ɑːʃ,spoil,கெடு,Simple-Verbs,words
ꢥꢯꢥꣁ ꢲꣂ,नाशना॑ हो,நாஶனொஹோ,nashano' ho,nazanO ho,naśanŏ ho,n̪əʃən̪o ɦoː,be spoiled,கெடு,Simple-Verbs,words
ꢙꢾꢔꢸꢖ꣄ꢗꢶ,जेगिञ्चि,ஜெகி3ஞ்சி,je'gungchi,jEguGci,jĕguṅci,d͡ʒeguŋt͡ʃɪ,win,கெல்லு,Simple-Verbs,words
ꢙꢷꢔ꣄,जीग,ஜீக்3,jeeg,jIg,jīg,d͡ʒiːg,win,கெல்லு,Simple-Verbs,words
ꢨꢸꢱ꣄ꢒꢸꢜ꣄ꢜꢶ ꢬꣂꢜ꣄,बुस्कुट्टि रोट्,பு3ஸ்குட்டிரோட்,buskut't'i rot',buskuTTi roT,buskuṭṭi roṭ,bus̪kuʈʈɪ ɾoːʈ,sob,கேவு,Simple-Verbs,words
ꢎꢒꢶ,ऐकि,ஐகி,aiki,aiki,aiki,əɪkɪ,hear,கேள்,Simple-Verbs,words
ꢂꢪ꣄ꢨꢜ꣄ ꢬꢴꢵ,अम्बट र्हा,அம்ப3ட் ரா:,ambat' rhaa,ambaT rhA,ambaṭ rhā,əmbəʈ ɾɦɑː,be sour,கை,Simple-Verbs,words
ꢲꣁ,हो,ஹோ,ho',hO,hŏ,ɦo,be sour,கை,Simple-Verbs,words
ꢔꢸꢜ꣄ꢜꢸꢡꢵꢫ꣄,कुट्टुताय,குட்டுதாய்,gut't'utaay,guTTutAy,guṭṭutāy,guʈʈut̪ɑːj,beat,கொட்டு,Simple-Verbs,words
ꢜꢖ꣄ꢒꢥꣁ ꢒꢿꢬ꣄,टङ्कना॑ केर,டங்கனொ கேர்,t'ankano' ker,TaGkanO ker,ṭaṅkanŏ ker,ʈəŋkən̪o keːɾ,carve,கொத்து,Simple-Verbs,words
ꢒꣁꢡ꣄ꢡꢶ,का॑त्ति,கொத்தி,ko'tti,kOtti,kŏtti,kot̪t̪ɪ,carve,கொத்து,Simple-Verbs,words
ꢡꢦꢫꢶ ꢙꢵ,तपयि जा,தபயி ஜா,tapayi jaa,tapayi jA,tapayi jā,t̪əpəjɪ d͡ʒɑː,boil up,கொதி,Simple-Verbs,words
ꢲꢸꢨ꣄ꢨꢶ,हुब्बि,ஹுப்3பி3,hubbi,hubbi,hubbi,ɦubbɪ,"swell up, boil up",கொந்தளி,Simple-Verbs,words
ꢱꢸꢙ꣄ꢙꢶ,सुज्जि,ஸுஜ்ஜி,sujji,sujji,sujji,s̪ud͡ʒd͡ʒɪ,"swell up, boil up",கொந்தளி,Simple-Verbs,words
ꢡꣂꢠꢸꢪ꣄ ꢔꣁꢳꣁ ꢒꢿꢬ꣄,तोणुम गोळा॑ केर,தோணும் கொ3ளொ கேர்,tonum go'l'o' ker,toNum gOLO ker,toṇum gŏl̤ŏ ker,t̪oːɳum goɭo keːɾ,gargle,கொப்பளி,Simple-Verbs,words
ꢡꣂꢠ꣄ ꢔꣁꢳꣁ ꢒꢿꢬ꣄,तोण गोळा॑ केर,தோண் கொ3ளொ கேர்,ton go'l'o' ker,toN gOLO ker,toṇ gŏl̤ŏ ker,t̪oːɳ goɭo keːɾ,gargle,கொப்பளி,Simple-Verbs,words
ꢡꣂꢜ꣄,तोट्,தோட்,tot',toT,toṭ,t̪oːʈ,pluck,கொய்,Simple-Verbs,words
ꢪꢵꢬ꣄,मार्,மார்,maar,mAr,mār,mɑːɾ,kill,கொல்,Simple-Verbs,words
ꢪꣁꢬꢵꢜ꣄,मा॑राट्,மொராட்,mo'raat',mOrAT,mŏrāṭ,moɾɑːʈ,kill,கொல்,Simple-Verbs,words
ꢧꢖ꣄ꢔꢶꢜ꣄,फङ्गिट्,ப2ங்கி3ட்,phangit',phaGgiT,phaṅgiṭ,pʰəŋgɪʈ,winnow,கொழி/களை,Simple-Verbs,words
ꢪꢥ꣄ꢣꣁ ꢗꢿꢜ꣄,मन्दा॑चेट्,மந்தொ3சேட்,mando' chet',mandO ceT,mandŏ ceṭ,mən̪d̪o t͡ʃeːʈ,become fat,கொழு,Simple-Verbs,words
ꢢꣁꢮ꣄ꢭꢾ,था॑व्ले,தொ2வ்லே,tho'vle',thOvlE,thŏvlĕ,t̪ʰoʋle,have,கொள்,Simple-Verbs,words
ꢩꣁꢬ꣄ꢮꢶ,भा॑र्वि,பொ4ர்வி,bho'rvi,bhOrvi,bhŏrvi,bʰoɾʋɪ,lit fire,கொளுத்து,Simple-Verbs,words
ꢭꢔꢵꢜ꣄,लगाट,லகா3ட்,lagaat',lagAT,lagāṭ,ləgɑːʈ,lit fire,கொளுத்து,Simple-Verbs,words
ꢗꢵꢮ꣄,चाव्,சாவ்,chaav,cAv,cāv,t͡ʃɑːʋ,munch,கொறி,Simple-Verbs,words
ꢗꢾꢮ꣄ꢛ꣄ꢗꢶ,च॑वञ्चि,செவ்ஞ்சி,che'vnchi,cEvJci,cĕvñci,t͡ʃeʋɲt͡ʃɪ,munch,கொறி,Simple-Verbs,words
ꢏꢬ꣄ꢦꢶ,आ॑र्पि,ஒர்பி,o'rpi,Orpi,ŏrpi,oɾpɪ,comb head,கோது,Simple-Verbs,words
ꢬꢵꢒ꣄ ꢂꢥ꣄ꢭꢾ,राक अन्ले,ராக்அன்லே,raak anle',rAk anlE,rāk anlĕ,ɾɑːk ən̪le,get angry,கோபி,Simple-Verbs,words
ꢨꣁꢪ꣄,पोम्,போம்,bo'm,bOm,bŏm,bom,string,கோர்,Simple-Verbs,words
ꢪꢔꢶꢭꢿ,मगिले,மகி3லே,magile,magile,magile,məgɪleː,request,கோரு,Simple-Verbs,words
ꢪꢾꢥ꣄ꢭꢿ,म॑न्ले,மென்லே,me'nle,mEnle,mĕnle,men̪leː,request,கோரு,Simple-Verbs,words
ꢒ꣄ꢰꢪꣁ ꢒꢾꢬ꣄ꢭꢿ,क्षमा॑ क॑र्ले,க்ஷமொ கெர்லே,kshamo' ke'rle,kSamO kErle,kṣamŏ kĕrle,kʂəmo keɾleː,tolerate,சகி,Simple-Verbs,words
ꢗꢶꢜꢸꢗꢶꢞꢵꢜ꣄,चिटुचिडट्,சிடு3சிடா3ட்,chit'uchid'aat',ciTuciDAT,ciṭuciḍāṭ,t͡ʃɪʈut͡ʃɪɖɑːʈ,make crackling sound,சடசட,Simple-Verbs,words
ꢯꢶꢡꢶꢭꢶ ꢙꢵ,शितिलि जा,ஶிதிலி ஜா,shitili jaa,zitili jA,śitili jā,ʃɪt̪ɪlɪ d͡ʒɑː,crush/deform,சிதை,Simple-Verbs,words
ꢗꢾꢣꢶꢭꢶꢙꢵ,चेदिलि जा,செதி3லி ஜா,che'dilijaa,cEdilijA,cĕdilijā,t͡ʃed̪ɪlɪd͡ʒɑː,crush/deform,சிதை,Simple-Verbs,words
ꢣ꣄ꢒ꣄ꢒꢶ,द॑क्कि,தெ3க்கி,dkki,dkki,dkki,d̪kkɪ,meet,சந்தி,Simple-Verbs,words
ꢪꢷꢭ꣄,मील,மீள்,meel,mIl,mīl,miːl,meet,சந்தி,Simple-Verbs,words
ꢱꢾꢥ꣄ꢣꢿꢮ꣄ꢦꣂꢜ꣄,स॑न्देव्पोट,ஸெந்தே3வ்போட்,se'ndevpot',sEndevpoT,sĕndevpoṭ,s̪en̪d̪eːʋpoːʈ,doubt,சந்தேகி,Simple-Verbs,words
ꢗꢵꢜ꣄,चाट,சாட்,chaat',cAT,cāṭ,t͡ʃɑːʈ,Lick/suckle,சப்பு,Simple-Verbs,words
ꢚꢹꢬ꣄,झूर,ஜூ2ர்,jhoor,jhUr,jhūr,d͡ʒʰuːɾ,Lick/suckle,சப்பு,Simple-Verbs,words
ꢱꢨꢶꢖ꣄ꢗꢶ,सबिञ्चि,ஸபி3ஞ்சி,sabingchi,sabiGci,sabiṅci,s̪əbɪŋt͡ʃɪ,curse,சபி,Simple-Verbs,words
ꢗꢵꢭ꣄,चाल,சால்,chaal,cAl,cāl,t͡ʃɑːl,happen,சம்பவி,Simple-Verbs,words
ꢙꣁꢞꢸꢖ꣄ꢗꢶ,जा॑डुञ्चि,ஜொடு3ஞ்சி,jo'd'ungchi,jODuGci,jŏḍuṅci,d͡ʒoɖuŋt͡ʃɪ,earn,சம்பாதி,Simple-Verbs,words
ꢣꢷ ꢗꢾꢬ꣄ꢗꢶ,दी चेर्चि,தீ3 செர்சி,dee che'rchi,dI cErci,dī cĕrci,d̪iː t͡ʃeɾt͡ʃɪ,Submit/send in,சமர்ப்பி,Simple-Verbs,words
ꢤꢞ꣄ꢞꢿ,धड्डे,த4ட்3டே3,dhad'd'e,dhaDDe,dhaḍḍe,d̪ʰəɖɖeː,Submit/send in,சமர்ப்பி,Simple-Verbs,words
ꢥꢶꢬ꣄ꢮꢵꢲ꣄ ꢒꢿꢬ꣄,निर्वाह केर,நிர்வாஹ் கேர்,nirvaah ker,nirvAh ker,nirvāh ker,n̪ɪɾʋɑːɦ keːɾ,manage,சமாளி,Simple-Verbs,words
ꢱꢛ꣄ꢗꢵꢭꢥꣁ ꢒꢿꢬ꣄,सञ्चालना॑ केर,ஸஞ்சாலனொ கேர்,sanchaalano' ker,saJcAlanO ker,sañcālanŏ ker,s̪əɲt͡ʃɑːlən̪o keːɾ,manage,சமாளி,Simple-Verbs,words
ꢭꢾꢔꢸꢡ꣄ꢡꣁ ꢙꢵ,ल॑गुत्ता॑जा,லெகு3த்தொஜா,le'gutto' jaa,lEguttO jA,lĕguttŏ jā,legut̪t̪o d͡ʒɑː,go near,சமீபி,Simple-Verbs,words
ꢭꢥ꣄ꢣꢶ,लन्दि,லந்தி3,landi,landi,landi,lən̪d̪ɪ,go near,சமீபி,Simple-Verbs,words
ꢗꢵꢭ꣄ꢲꣁ,चाल्हो,சால்ஹோ,chaalho',cAlhO,cālhŏ,t͡ʃɑːlɦo,Become mature,சமை,Simple-Verbs,words
ꢬꢸꢡꢸꢲꣁ,रुतुहो,ருது ஹோ,rutuho',rutuhO,rutuhŏ,ɾut̪uɦo,Become mature,சமை,Simple-Verbs,words
ꢲꢥ꣄ꢣꢶ,हन्दि,ஹந்தி3,handi,handi,handi,ɦən̪d̪ɪ,cook,சமை,Simple-Verbs,words
ꢏꢠ꣄ꢜ꣄ꢫꢦꣁꢔꢸꢪ꣄ ꢏꢖ꣄ꢔꢶ,आ॑ण्ट्यपोगुम आ॑ङ्गि,ஒண்ட்யபோகு3ம் ஒங்கி3,o'nt'yapo'gum o'ngi,ONTyapOgum OGgi,ŏṇṭyapŏgum ŏṅgi,oɳʈjəpogum oŋgɪ,tilt/slant,சரி,Simple-Verbs,words
ꢏꢠ꣄ꢜ꣄ꢫꢦꣂꢔꢸꢪ꣄ ꢏꢖ꣄ꢔꢵꢜ꣄,आ॑ण्ट्यपोगुम् आ॑ङ्गाट्,ஒண்ட்யபோகு3ம் ஒங்கா3ட்,o'nt'yapogum o'ngaat',ONTyapogum OGgAT,ŏṇṭyapogum ŏṅgāṭ,oɳʈjəpoːgum oŋgɑːʈ,tiltslant,சரி,Simple-Verbs,words
ꢚꢶꢬ꣄ꢒꢶ,झिर्कि,ஜி2ர்கி,jhirki,jhirki,jhirki,d͡ʒʰɪɾkɪ,slip,சருக்கு,Simple-Verbs,words
ꢒꣁꢛ꣄ꢗꢶꢥ ꢶꢮꢗꢥ꣄ ꢒꢿꢬ꣄,का॑ञ्चिनि वचन्केर,கொஞ்சினி வசன் கேர்,ko'nchina ivachan ker,kOJcina ivacan ker,kŏñcina ivacan ker,koɲt͡ʃɪn̪ə ɪʋət͡ʃən̪ keːɾ,talk amorously,சல்லாபி,Simple-Verbs,words
ꢱꢭ꣄ꢭꢵꢦꢸ ꢮꢗꢥ꣄ ꢒꢿꢬ꣄,सल्लापु वचन केर,ஸல்லாபு வசன் கேர்,sallaapu vachan ker,sallApu vacan ker,sallāpu vacan ker,s̪əllɑːpu ʋət͡ʃən̪ keːɾ,talk amorously,சல்லாபி,Simple-Verbs,words
ꢱꢶꢥꢫꢶ ꢙꢵ,शिनयि जा,ஶினயி ஜா,sinayi jaa,sinayi jA,sinayi jā,s̪ɪn̪əjɪ d͡ʒɑː,be tired,சலி,Simple-Verbs,words
ꢚꢶꢬ꣄ꢒꢶ ꢦꣂꢜ꣄,झिर्कि पोट,ஜி2ர்கி போட்,jhirki pot',jhirki poT,jhirki poṭ,d͡ʒʰɪɾkɪ poːʈ,slip,சறுக்கு,Simple-Verbs,words
ꢗꢸꢒ꣄ꢱꢖ꣄ꢔꢶ,चूक्सङ्गि,சூக்ஸங்கி3,chuksangi,cuksaGgi,cuksaṅgi,t͡ʃuks̪əŋgɪ,charge with/accuse,சாட்டு,Simple-Verbs,words
ꢣꣂꢰ ꢃꢬꣂꢦꢠꣁ,दोष आरोपणा॑,தோ3ஷ ஆரோபணொ,dosha aaropano',doSa AropaNO,doṣa āropaṇŏ,d̪oːʂə ɑːɾoːpəɳo,charge with/accuse,சாட்டு,Simple-Verbs,words
ꢚꢵꢫ꣄,झाय्,ஜா2ய்,jhaay,jhAy,jhāy,d͡ʒʰɑːj,close,சாத்து,Simple-Verbs,words
ꢱ꣄ꢢꢶꢬꣁ ꢒꢿꢬ꣄,स्थिरा॑ केर,ஸ்தி2ரொகேர்,sthiro' ker,sthirO ker,sthirŏ ker,s̪t̪ʰɪɾo keːɾ,establish,சாதி,Simple-Verbs,words
ꢦꣂꢒ꣄ ꢏꢖBꢔꢶ,पोक्ओङ्गि,போக்ஒங்கி3,pok o'ngaBgi,pok OGaBgi,pok ŏṅaBgi,poːk oŋəBgɪ,incline,சாய்,Simple-Verbs,words
ꢦꣂꢒ꣄ ꢏꢖBꢔꢵꢜ꣄,पोक्आ॑ङ्गाट्,போக்ஒங்கா3ட்,pok o'ngaBgaat',pok OGaBgAT,pok ŏṅaBgāṭ,poːk oŋəBgɑːʈ,incline,சாய்,Simple-Verbs,words
ꢥꣁꢪ꣄ꢪꢶꢭꢶ ꢬꢴꢵ,ना॑म्मिलि र्हा,நொம்மிலிரா:,no'mmili rhaa,nOmmili rhA,nŏmmili rhā,n̪ommɪlɪ ɾɦɑː,depend on,சார்,Simple-Verbs,words
ꢏꢬ꣄ꢔꢵꢜ꣄,आ॑र्गाट्,ஒர்கா3ட்,o'rgaat',OrgAT,ŏrgāṭ,oɾgɑːʈ,cause to lean,சார்த்து,Simple-Verbs,words
ꢒꢳꢵꢜ꣄,कळाट,களாட்,kal'aat',kaLAT,kal̤āṭ,kəɭɑːʈ,announce,சாற்று,Simple-Verbs,words
ꢦ꣄ꢬꢒꢜꢥꣁ ꢒꢿꢬ꣄,प्रकटना॑ केर,ப்ரகடனொ கேர்,prakat'ano' ker,prakaTanO ker,prakaṭanŏ ker,pɾəkəʈən̪o keːɾ,announce,சாற்று,Simple-Verbs,words
ꢱꢪ꣄ꢜꢶꢥꢶ ꢦꣂꢜ꣄,सम्टिनि पोट,ஸம்டினி போட்,samt'ini pot',samTini poT,samṭini poṭ,s̪əmʈɪn̪ɪ poːʈ,be caught,சிக்கு,Simple-Verbs,words
ꢱꢪ꣄ꢜꢶ,सम्टि,ஸம்டி,samt'i,samTi,samṭi,s̪əmʈɪ,be caught,சிக்கு,Simple-Verbs,words
ꢬꢵꢒ꣄ ꢣꢾꢒ꣄ꢒꢵꢜ꣄,राक्द॑क्काट्,ராக்தெ3க்காட்,raak de'kkaat',rAk dEkkAT,rāk dĕkkāṭ,ɾɑːk d̪ekkɑːʈ,frown in anger,சிடு,Simple-Verbs,words
ꢪꣁꢠ꣄ꢔꢵꢜ꣄,मा॑ण्गाट्,மொண்கா3ட்,mo'ngaat',mONgAT,mŏṇgāṭ,moɳgɑːʈ,cause to moan,சிணுக்கு,Simple-Verbs,words
ꢲꢵꢮꢩꢵꢮ꣄ ꢒꢿꢬ꣄,हावभाव केर,ஹாவபா4வ் கேர்,haavabhaav ker,hAvabhAv ker,hāvabhāv ker,ɦɑːʋəbʰɑːʋ keːɾ,cause to moan,சிணுக்கு,Simple-Verbs,words
ꢪꣁꢠ꣄ꢔꢶ,मा॑ण्गि,மொண்கி3,mo'ngi,mONgi,mŏṇgi,moɳgɪ,"whine, moan",சிணுங்கு,Simple-Verbs,words
ꢬꢹꢦ꣄ꢒꢾꢬ꣄,रूप्केर,ரூப்கேர்,roopke'r,rUpkEr,rūpkĕr,ɾuːpkeɾ,picturise,சித்திரி,Simple-Verbs,words
ꢗꢶꢡ꣄ꢡꢬ꣄ ꢒꢿꢬ꣄,चित्तर केर,சித்தர் கேர்,chittar ker,cittar ker,cittar ker,t͡ʃɪt̪t̪əɾ keːɾ,picturise,சித்திரி,Simple-Verbs,words
ꢂꢨ꣄ꢨꢞ꣄ꢭꢿ ꢂꢨꢞ꣄ꢭꢿ,अब्बड्ले अबड्ले,அப்3ப3ட்3லே அப3ட்3லே,abbad'le abad'le,abbaDle abaDle,abbaḍle abaḍle,əbbəɖleː əbəɖleː,"occur, got",சித்தி,Simple-Verbs,words
ꢗꢾꢣꢸꢬ꣄,च॑दुर,செது3ர்,che'dur,cEdur,cĕdur,t͡ʃed̪uɾ,scatter,சிதறு,Simple-Verbs,words
ꢮꢶꢒꢷꢬ꣄ꢠꢸ ꢲꣁꢫ꣄ ꢙꢵ,विकीर्णु हा॑य्जा,விகீர்ணு ஹொய் ஜா,vikeernu ho'y jaa,vikIrNu hOy jA,vikīrṇu hŏy jā,ʋɪkiːɾɳu ɦoj d͡ʒɑː,scatter,சிதறு,Simple-Verbs,words
ꢗꢾꢣꢸꢬꢵꢜ꣄,च॑दुराट,செது3ராட்,che'duraat',cEdurAT,cĕdurāṭ,t͡ʃed̪uɾɑːʈ,scatter,சிதற வை,Simple-Verbs,words
ꢮꢶꢒꢷꢬ꣄ꢠꢸ ꢒꢾꢬ꣄,विकीर्णु केर,விகீர்ணு கேர்,vikeernu ke'r,vikIrNu kEr,vikīrṇu kĕr,ʋɪkiːɾɳu keɾ,scatter,சிதற வை,Simple-Verbs,words
ꢥꢾꢱ꣄ꢒꢶ,न॑स्कि,நெஸ்கி,ne'ski,nEski,nĕski,n̪es̪kɪ,crush,சிதை,Simple-Verbs,words
ꢫꣂꢱꢥꣁ ꢒꢿꢬ꣄,योसना॑ केर्,யோசனொகேர்,yosano' ker,yosanO ker,yosanŏ ker,joːs̪ən̪o keːɾ,think,சிந்தி,Simple-Verbs,words
ꢭꢸꢗ꣄ꢗꢵꢜ꣄,लुच्चाट्,லுச்சாட்,luchchaat',luccAT,luccāṭ,lut͡ʃt͡ʃɑːʈ,shed,சிந்து,Simple-Verbs,words
ꢪꢶꢱ꣄ꢒꢶ,मिस्कि,மிஸ்கி,miski,miski,miski,mɪs̪kɪ,winkle,சிமிட்டு,Simple-Verbs,words
ꢗꢶꢬꢵꢫ꣄ꢥꢶ ꢦꣂꢜ꣄,चिरय्निपोट्,சிரய்னிபோட்,chiraayni pot',cirAyni poT,cirāyni poṭ,t͡ʃɪɾɑːjn̪ɪ poːʈ,be scratched,சிராய்,Simple-Verbs,words
ꢲꢵꢱ꣄,हास,ஹாஸ்,haas,hAs,hās,ɦɑːs̪,laugh,சிரி,Simple-Verbs,words
ꢱꣁꢮ꣄ꢬꢪ꣄ ꢒꢾꢬ꣄,सा॑व्रम्केर्,ஸொவ்ரம்கேர்,so'vram ke'r,sOvram kEr,sŏvram kĕr,s̪oʋɾəm keɾ,shave,சிரை,Simple-Verbs,words
ꢬꣂꢪꢵꢛ꣄ꢗꣁ ꢲꣁꢫ꣄ꢭꢿ,रोमाञ्चा॑ हा॑य्ले,ரோமாஞ்சொ ஹொய்லே,romaancho' ho'yle,romAJcO hOyle,romāñcŏ hŏyle,ɾoːmɑːɲt͡ʃo ɦojleː,bristle up the hair/get the goosebumps,சிலிர்,Simple-Verbs,words
ꢡꣁꢠꣁ ꢡꣁꢠꣁ ꢒꢿꢬ꣄,तोणो तोणो केर,தொணொ தொணொ கேர்,to'no' to'no' ker,tONO tONO ker,tŏṇŏ tŏṇŏ ker,t̪oɳo t̪oɳo keːɾ,talk without restraint,சிலுப்பு,Simple-Verbs,words
ꢭꢴꣁꢮꣁ ꢦꣂꢜ꣄,ल्हा॑वा॑ पोट्,லொ:வொபோட்,lho'vo' pot',lhOvO poT,lhŏvŏ poṭ,lɦoʋo poːʈ,become red,சிவ,Simple-Verbs,words
ꢥꢴꢥ꣄ꢥ ꢲꣂ,न्हन्न हो,ந:ன்னொஹோ,nhanna ho,nhanna ho,nhanna ho,n̪ɦən̪n̪ə ɦoː,become small,சிறு,Simple-Verbs,words
ꢬꢵꢒ꣄ ꢂꢮꢵꢜ꣄,राक अवाट,ராக் அவாட்,raak avaat',rAk avAT,rāk avāṭ,ɾɑːk əʋɑːʈ,Provoke,சீண்டு,Simple-Verbs,words
ꢆꢱ꣄ꢦꢶ ꢱꣂꢜ꣄,उस्पि सोट,உஸ்பி ஸோட்,uspi sot',uspi soT,uspi soṭ,us̪pɪ s̪oːʈ,Provoke,சீண்டு,Simple-Verbs,words
ꢔꢮ꣄ꢖ꣄ꢗꢶ,गवञ्चि,க3வ்ஞ்சி,gavngchi,gavGci,gavṅci,gəʋŋt͡ʃɪ,care,சீந்து,Simple-Verbs,words
ꢙꢷꢬ꣄ꢠꢸꢒꢿꢬ꣄,जीर्णुकेर,ஜீர்ணுகேர்,jeernuker,jIrNuker,jīrṇuker,d͡ʒiːɾɳukeːɾ,digest,சீரணி,Simple-Verbs,words
ꢪꣁꢥꣁ ꢒꢿꢬ꣄,मा॑ना॑ केर्,மொனொ கேர்,mo'no' ker,mOnO ker,mŏnŏ ker,mon̪o keːɾ,sharpen,சீவு,Simple-Verbs,words
ꢬꢵꢒ꣄ ꢂꢮꢞꢳꢿ,राक अवडळे,ராக்அவட்3ளே,raak avad'al'e,rAk avaDaLe,rāk avaḍal̤e,ɾɑːk əʋəɖəɭeː,Hiss/get angry,சீறு,Simple-Verbs,words
ꢔꢸꢬ꣄ꢡꢸ ꢒꢳꢵꢜ꣄,गुर्तु कळाट,கு3ர்து களாட்,gurtu kal'aat',gurtu kaLAT,gurtu kal̤āṭ,guɾt̪u kəɭɑːʈ,point out,சுட்டு,Simple-Verbs,words
ꢩꢸꢛ꣄ꢙꢶ,भुञ्जि,பு4ஞ்ஜி,bhunji,bhuJji,bhuñji,bʰuɲd͡ʒɪ,"roast, shoot",சுடு,Simple-Verbs,words
ꢭꢵꢮ꣄,लाव,லாவ்,laav,lAv,lāv,lɑːʋ,"roast, shoot",சுடு,Simple-Verbs,words
ꢪꢶꢜ꣄ꢜꢶ,मिट्टि,மிட்டி,mit't'i,miTTi,miṭṭi,mɪʈʈɪ,flipping,சுண்டு,Simple-Verbs,words
ꢦꢱ꣄ꢡꣁꢒ꣄ꢒꢶ,पस्ता॑क्कि,பஸ்தொக்கி,pasto'kki,pastOkki,pastŏkki,pəs̪t̪okkɪ,hesitate,சுணக்கு,Simple-Verbs,words
ꢯꢸꢣ꣄ꢣꢶ ꢒꢿꢬ꣄,शुद्दि केर्,ஶுத்3தி4கேர்,shuddi ker,zuddi ker,śuddi ker,ʃud̪d̪ɪ keːɾ,purify,சுத்திகரி,Simple-Verbs,words
ꢡꢸꢒ꣄ꢒꢶ,तुक्कि,துக்கி,tukki,tukki,tukki,t̪ukkɪ,carry,சும,Simple-Verbs,words
ꢮꢵꢮ꣄,वाव,வாவ்,vaav,vAv,vāv,ʋɑːʋ,carry,சும,Simple-Verbs,words
ꢡꢸꢒ꣄ꢒꢵꢜ꣄,तुक्काट,துக்காட்,tukkaat',tukkAT,tukkāṭ,t̪ukkɑːʈ,make carry,சுமத்து,Simple-Verbs,words
ꢒꣁꢮ꣄ꢬꢶ,का॑व्रि,கொவ்ரி,ko'vri,kOvri,kŏvri,koʋɾɪ,scrape,சுரண்டு,Simple-Verbs,words
ꢒꢸꢖ꣄ꢒꢶ,कुङ्कि,குங்கி,kunki,kuGki,kuṅki,kuŋkɪ,"shrink, shorten",சுருக்கு,Simple-Verbs,words
ꢂꢒ꣄ꢒꢸꢬꣁꢒꢿꢬ꣄,अक्कुरा॑ केर्,அக்குரொகேர்,akkuro'ker,akkurOker,akkurŏker,əkkuɾokeːɾ,"shrink, shorten",சுருக்கு,Simple-Verbs,words
ꢒꢸꢖ꣄ꢔꢫꢶ ꢙꢵ,कुङ्गयि जा,குங்க3யி ஜா,kungayi jaa,kuGgayi jA,kuṅgayi jā,kuŋgəjɪ d͡ʒɑː,"shrink, shorten",சுருங்கு,Simple-Verbs,words
ꢂꢒ꣄ꢒꢸꢬꣁ ꢲꣁ,अक्कुरा॑ हो,அக்குரொ ஹோ,akkuro' ho',akkurO hO,akkurŏ hŏ,əkkuɾo ɦo,"shrink, shorten",சுருங்கு,Simple-Verbs,words
ꢂꢮ꣄ꢱꢬ꣄ ꢦꣁꢜ꣄,अव्सर पोट,அவ்ஸர் போட்,avsar po't',avsar pOT,avsar pŏṭ,əʋs̪əɾ poʈ,Hasten/hurry up,சுருசுரு,Simple-Verbs,words
ꢔꢸꢮ꣄ꢠꢶ,गुव्णि,கு3வ்ணி,guvni,guvNi,guvṇi,guʋɳɪ,roll,சுருட்டு,Simple-Verbs,words
ꢔꣁꢳꣁ ꢒꢿꢬ꣄,गा॑ळा॑ केर,கொ3ளொ கேர்,go'l'o' ker,gOLO ker,gŏl̤ŏ ker,goɭo keːɾ,roll,சுருட்டு,Simple-Verbs,words
ꢔꢸꢠ꣄ꢮꢫꢶ ꢬꢴꢵ,गुण्वयि र्हा,கு3ண்வயிரா:,gunvayi rhaa,guNvayi rhA,guṇvayi rhā,guɳʋəjɪ ɾɦɑː,roll,சுருள்டு,Simple-Verbs,words
ꢔꣁꢳꣁ ꢲꣁꢫ ꣄ꢬꢴꢵ,गा॑ळा॑ हा॑य र्हा,கொ3ளொ ஹொய் ரா:,go'l'o' ho'ya rhaa,gOLO hOya rhA,gŏl̤ŏ hŏya rhā,goɭo ɦojə ɾɦɑː,roll,சுருள்டு,Simple-Verbs,words
ꢯ꣄꣄ꢮꢵꢱꣁ ꢒꢿꢬ꣄,श्वासा॑ केर,ஶ்வாஸொகேர்,shvaaso' ker,zvAsO ker,śvāsŏ ker,ʃʋɑːs̪o keːɾ,breathe,சுவாசி,Simple-Verbs,words
ꢬꢸꢗ꣄ꢗꢶ ꢱꢵ,रुच्चि सा,ருச்சிஸா,ruchchi saa,rucci sA,rucci sā,ɾut͡ʃt͡ʃɪ s̪ɑː,taste,சுவை,Simple-Verbs,words
ꢧꢷꢬ꣄,फीर्,பீ2ர்,pheer,phIr,phīr,pʰiːɾ,rotate,சுழல்,Simple-Verbs,words
ꢧꢶꢬ꣄ꢮꢶꢶ,फिव्रि,பி2ர்வி,phirvii,phirvii,phirvii,pʰɪɾʋɪɪ,rotate,சுழற்று,Simple-Verbs,words
ꢧꢶꢬꢵꢜ꣄,फिराट,பி2ராட்,phiraat',phirAT,phirāṭ,pʰɪɾɑːʈ,rotate,சுழற்று,Simple-Verbs,words
ꢅꢠ꣄ꢒꢶ,इण्कि,இண்கி,eenki,INki,īṇki,iːɳkɪ,sprain,சுளுக்கு,Simple-Verbs,words
ꢲꢶꢠ꣄ꢞꢶ,हिण्डि,ஹிண்டி3,hind'i,hiNDi,hiṇḍi,ɦɪɳɖɪ,"wander, rotate",சுற்று,Simple-Verbs,words
ꢗꢸꢜ꣄ꢜꢸ ꢧꢷꢬ꣄,चुट्टुफीर्,சுட்டுபீ2ர்,chut't'u pheer,cuTTu phIr,cuṭṭu phīr,t͡ʃuʈʈu pʰiːɾ,"wander, rotate",சுற்று,Simple-Verbs,words
ꢒꣁꢮ꣄ꢬꢶ,का॑व्रि,கொவ்ரி,ko'vri,kOvri,kŏvri,koʋɾɪ,scratch,சுறண்டு,Simple-Verbs,words
ꢒ꣄ꢬꢷꢜꢶ ꢕꢵꢭ꣄,क्रीटि घाल,க்ரீடிகா4ல்,kreet'i ghaal,krITi ghAl,krīṭi ghāl,kɾiːʈɪ gʰɑːl,crown,சூட்டு,Simple-Verbs,words
ꢕꢵꢭ꣄,घाल्,கா4ல்,ghaal,ghAl,ghāl,gʰɑːl,put,சூடு,Simple-Verbs,words
ꢗꢾꢮꢸꢛ꣄ꢗꢶ,च॑वुञ्चि,செவுஞ்சி,che'vunchi,cEvuJci,cĕvuñci,t͡ʃeʋuɲt͡ʃɪ,suck,சூப்பு,Simple-Verbs,words
ꢥꢴꢵꢥ꣄ ꢲꣁ,न्हान्हा॑,நா:ன்ஹோ,nhaan ho',nhAn hO,nhān hŏ,n̪ɦɑːn̪ ɦo,become thin,சூம்பு,Simple-Verbs,words
ꢗꢸꢜ꣄ꢜꢸꢬ꣄ ꢬꢴꢵ,चुट्टुर् र्हा,சுட்டுர்ரா:,chut't'ur rhaa,cuTTur rhA,cuṭṭur rhā,t͡ʃuʈʈuɾ ɾɦɑː,surround,சூழ்,Simple-Verbs,words
ꢗꢾꢒ꣄ꢒꢶ,च॑क्कि,செக்கி,che'kki,cEkki,cĕkki,t͡ʃekkɪ,chop,செத்து,Simple-Verbs,words
ꢟꢖ꣄ꢒꢶ,ढङ्कि,ட2ங்கி,d'hanki,DhaGki,ḍhaṅki,ɖʰəŋkɪ,carve,செதுக்கு,Simple-Verbs,words
ꢥꢵꢪ ꢙꢦꣁ ꢒꢿꢬ꣄,नाम जपा॑ केर,நாம ஜபொ கேர்,naama japo' ker,nAma japO ker,nāma japŏ ker,n̪ɑːmə d͡ʒəpo keːɾ,pray,செபி,Simple-Verbs,words
ꢦ꣄ꢬꢵꢬ꣄ꢢꢥꣁ ꢒꢿꢬ꣄,प्रार्थना॑ केर,ப்ரார்த2னொ கேர்,praarthano' ker,prArthanO ker,prārthanŏ ker,pɾɑːɾt̪ʰən̪o keːɾ,pray,செபி,Simple-Verbs,words
ꢙꢷꢬ꣄ꢠꢸꢲꣁ,जीर्णुहो,ஜீர்ணுஹோ,jeernuho',jIrNuhO,jīrṇuhŏ,d͡ʒiːɾɳuɦo,digest,செமி,Simple-Verbs,words
ꢒꢿꢬ꣄,केर्,கேர்,ker,ker,ker,keːɾ,do,செய்,Simple-Verbs,words
ꢙꢶꢬ꣄ꢪꢵꢥ꣄ ꢲꣂ,जिर्मान्हो,ஜிர்மான்ஹோ,jirmaan ho,jirmAn ho,jirmān ho,d͡ʒɪɾmɑːn̪ ɦoː,digest,செரி,Simple-Verbs,words
ꢡꢸꢬꢵꢜ꣄,तुराट्,துராட்,turaat',turAT,turāṭ,t̪uɾɑːʈ,insert,செருகு,Simple-Verbs,words
ꢕꢞꢶ ꢒꣁꢮ꣄ꢬꢶ,घडि का॑व्रि,க4டி3 கொவ்ரி,ghad'i ko'vri,ghaDi kOvri,ghaḍi kŏvri,gʰəɖɪ koʋɾɪ,calling attention by clearing throat,செருமு,Simple-Verbs,words
ꢙꢮꢵꢜ꣄,जवाट,ஜவாட்,javaat',javAT,javāṭ,d͡ʒəʋɑːʈ,drive,செலுத்து,Simple-Verbs,words
ꢤꢪꢵꢜ꣄,धमाट,த4மாட்,dhamaat',dhamAT,dhamāṭ,d̪ʰəmɑːʈ,drive,செலுத்து,Simple-Verbs,words
ꢗꢸꢨꢶꢜ꣄ꢗꢸ ꢦꣁꢥ꣄ꢣꢶ,चुबिट्चुपा॓न्दि,சுபி3ட்சுபொந்தி3,chubit'chu po'ndi,cubiTcu pOndi,cubiṭcu pŏndi,t͡ʃubɪʈt͡ʃu pon̪d̪ɪ,prosper,செழி,Simple-Verbs,words
ꢗꢾꢬ꣄ꢗꢶ,च॑र्चि,செர்சி,che'rchi,cErci,cĕrci,t͡ʃeɾt͡ʃɪ,collect,கேகரி,Simple-Verbs,words
ꢆꢬꢵꢮ꣄ ꢒꢿꢬ꣄,उराव्केर्,உராவ்கேர்,uraav ker,urAv ker,urāv ker,uɾɑːʋ keːɾ,save,சேமி,Simple-Verbs,words
ꢙꢷꢗꢿꢬ꣄,जीचेर्,ஜீசேர்,jeecher,jIcer,jīcer,d͡ʒiːt͡ʃeːɾ,"join, reach",சேர்,Simple-Verbs,words
ꢗꢾꢬ꣄ꢗꢶ,च॑र्चि,செர்சி,che'rchi,cErci,cĕrci,t͡ʃeɾt͡ʃɪ,"join, attach",சேர்,Simple-Verbs,words
ꢦꢵꢄꢪ꣄ꢦꣁꢜ꣄,पाइम्पोट,பாஇ~ம்போட்,paaimpo't',pAimpOT,pāimpŏṭ,pɑːɪmpoʈ,worship,சேவி,Simple-Verbs,words
ꢪꢾꢖ꣄ꢔꢶ,म॑ङ्गि,மெங்கி3,me'ngi,mEGgi,mĕṅgi,meŋgɪ,be attracted,சொக்கு,Simple-Verbs,words
ꢨꣁꢜ꣄ꢜꢸ ꢦꣂꢜ꣄,बा॑ट्टुपोट्,பொ3ட்டுபோட்,bo't't'u pot',bOTTu poT,bŏṭṭu poṭ,boʈʈu poːʈ,drop,சொட்டு,Simple-Verbs,words
ꢗꢶꢞꢸꢒ꣄ꢒꢸ ꢡꢵꢫ꣄,चिडुक्कु ताय्,சிடு3க்குதாய்,chid'ukku taay,ciDukku tAy,ciḍukku tāy,t͡ʃɪɖukku t̪ɑːj,crack the finger,சொடக்கு,Simple-Verbs,words
ꢧꢸꢭꢸ ꢦꣁꢮ꣄ꢱ꣄ꢦꣂꢜ꣄,फूलुपा॑व्स्पोट,பூ2லு பொவ்ஸ்போட்,phulu po'vspot',phulu pOvspoT,phulu pŏvspoṭ,pʰulu poʋs̪poːʈ,rain down,சொரி,Simple-Verbs,words
ꢡꢸꢬꢵꢜ꣄,तुराट्,துராட்,turaat',turAT,turāṭ,t̪uɾɑːʈ,put in/insert,சொருகு,Simple-Verbs,words
ꢡꢾꢜ꣄ꢜꢸ ꢪꢸꢜ꣄ꢜꢶ,त॑ट्टुमुट्टि,தெட்டுமுட்டி,te't't'u mut't'i,tETTu muTTi,tĕṭṭu muṭṭi,t̪eʈʈu muʈʈɪ,be deranged,தடுமாறு,Simple-Verbs,words
ꢡꢾꢠ꣄ꢞꢥꣁ ꢣꢿ,त॑ण्डना॓ दे,தெ3ண்ட3னொதே3,te'nd'ano' de,tENDanO de,tĕṇḍanŏ de,t̪eɳɖən̪o d̪eː,punish,தண்டி,Simple-Verbs,words
ꢂꢠ꣄ꢗꢫꢶ ꢬꢴꢵ,अण्चयि र्हा,அண்சயி ரா:,anchayi rhaa,aNcayi rhA,aṇcayi rhā,əɳt͡ʃəjɪ ɾɦɑː,reduce,தணி,Simple-Verbs,words
ꢂꢠ꣄ꢗꢶ,अण्चि,அண்சி,anchi,aNci,aṇci,əɳt͡ʃɪ,reduce,தணி,Simple-Verbs,words
ꢡꢾꢡ꣄ꢡꢳꢶꢛ꣄ꢗꢶ,त॑त्तळिञ्चि,தெத்தளிஞ்சி,te'ttal'inchi,tEttaLiJci,tĕttal̤iñci,t̪et̪t̪əɭɪɲt͡ʃɪ,struggle for life,தத்தளி,Simple-Verbs,words
ꢡꢾꢭ꣄ꢒꢶ,त॑ल्कि,தெல்கி,te'lki,tElki,tĕlki,t̪elkɪ,overflow,ததும்பு,Simple-Verbs,words
ꢡꣁꢨꢸꢛ꣄ꢗꢵꢜ꣄,ता॑बुञ्चाट,தொபு3ஞ்சாட்,to'bunchaat',tObuJcAT,tŏbuñcāṭ,t̪obuɲt͡ʃɑːʈ,Make one escape,தப்பி,Simple-Verbs,words
ꢡꣁꢨꢸꢛ꣄ꢗꢶ,ता॑बिञ्चि,தொபி3ஞ்சி,to'bunchi,tObuJci,tŏbuñci,t̪obuɲt͡ʃɪ,escape,தப்பு,Simple-Verbs,words
ꢦꢥ꣄ꢪꢭ꣄ꢒꢾ ꢦꣂꢜ꣄,पन्मल्क॑ पोट,பன்மல்கெ போட்,panmalke' pot',panmalkE poT,panmalkĕ poṭ,pən̪məlke poːʈ,hesitate,தயங்கு,Simple-Verbs,words
ꢣꢬ꣄ꢰꢠꣁ ꢒꢿꢬ꣄,दर्षणा॑ केर,த3ர்ஷணொகேர்,darshano' ker,darSaNO ker,darṣaṇŏ ker,d̪əɾʂəɳo keːɾ,see,தரிசி,Simple-Verbs,words
ꢮꢶꢮꢵꢡ꣄ ꢒꢿꢬ꣄,विवात्केर्,விவாத்3கேர்,vivaat ker,vivAt ker,vivāt ker,ʋɪʋɑːt̪ keːɾ,argue,தருக்கி,Simple-Verbs,words
ꢨꣁꢮꢥ꣄ ꢤꢜ꣄ꢞꢾ,बोवन्धट्डे,பொ3வன்த4ட்டே3,bo'van dhat'd'e',bOvan dhaTDE,bŏvan dhaṭḍĕ,boʋən̪ d̪ʰəʈɖe,fetch,தருவி,Simple-Verbs,words
ꢕꣁꢠꢖ꣄ꢒꣁꢠꢵꢫ꣄ ꢒꢿꢬ꣄,घोणङ्कोणाय् केर,கொ4ணங்கொணாய்கேர்,gho'nanko'naay ker,ghONaGkONAy ker,ghŏṇaṅkŏṇāy ker,gʰoɳəŋkoɳɑːj keːɾ,crawl,தவழ்,Simple-Verbs,words
ꢏꢞ꣄ꢙꢵ,आ॑ड्जा,ஒட்3ஜா,o'd'jaa,ODjA,ŏḍjā,oɖd͡ʒɑː,fail,தவறு,Simple-Verbs,words
ꢂꢭ꣄ꢭꢵꢜ꣄,अल्लाट्,அல்லாட்,allaat',allAT,allāṭ,əllɑːʈ,be distressed,தவி,Simple-Verbs,words
ꢥꢴꢷꢡ꣄ꢡꣁ ꢲꣁꢮꢵꢜ꣄,न्हीत्ता॑ हा॑वाट,நீ:த்தொஹொவாட்,nheetto' ho'vaat',nhIttO hOvAT,nhīttŏ hŏvāṭ,n̪ɦiːt̪t̪o ɦoʋɑːʈ,avoid,தவிர்,Simple-Verbs,words
ꢔꣁꢳ ꢔꣁꢳꢵꢜ꣄,गा॑ळ्गा॓ळाट्,கொ3ளகொ3ளாட்,go'l'a go'l'aat',gOLa gOLAT,gŏl̤a gŏl̤āṭ,goɭə goɭɑːʈ,"stammer from joy, love, etc.",தழுதழு,Simple-Verbs,words
ꢙꣁꢭꢶꢛ꣄ꢗꢶ,जा॑लिञ्चि,ஜொலிஞ்சி,jo'linchi,jOliJci,jŏliñci,d͡ʒolɪɲt͡ʃɪ,"dazzle, glitter",சொலி,Simple-Verbs,words
ꢓꢮ꣄ꢙꢶ,खव्जि,க2வ்ஜி,khavji,khavji,khavji,kʰəʋd͡ʒɪ,scratch,சொறி,Simple-Verbs,words
ꢦꢬꢷꢒ꣄ꢰꣁ ꢒꢿꢬ꣄,परीक्षो केर्,பரீக்ஷொகேர்,pareeksho' ker,parIkSO ker,parīkṣŏ ker,pəɾiːkʂo keːɾ,test,சோதி,Simple-Verbs,words
ꢗꣁꢒ꣄ꢒꢜ꣄ ꢲꣁ,चा॓क्कट हो,சொக்கட் ஹோ,cho'kkat' ho',cOkkaT hO,cŏkkaṭ hŏ,t͡ʃokkəʈ ɦo,be good,சோபி,Simple-Verbs,words
ꢯꢷꢥ꣄ ꢭꢒꢫ꣄ꢭꢾ,शीन्लकय्ले,ஶீன்லக3ய்லே,sheen lakayle',zIn lakaylE,śīn lakaylĕ,ʃiːn̪ ləkəjle,become tired,சோர்,Simple-Verbs,words
ꢧꢸꢜ꣄ꢜꢶ ꢦꣂꢜ꣄,फुट्टि पोट,பு2ட்டி போட்,phut't'i pot',phuTTi poT,phuṭṭi poṭ,pʰuʈʈɪ poːʈ,collapse,தகர்,Simple-Verbs,words
ꢤ꣄ꢮꢪ꣄ꢯꢸ ꢲꣂ,धवम्शु हो,த்4வம்ஶு ஹோ,dhvamshu ho,dhvamzu ho,dhvamśu ho,d̪ʰʋəmʃu ɦoː,collapse,தகர்,Simple-Verbs,words
ꢩꣁꢞꢶꢡꢵꢫ꣄,फा॑डिताय्,பொ2டி3தாய்,bho'd'itaay,bhODitAy,bhŏḍitāy,bʰoɖɪt̪ɑːj,demolish,தகர்,Simple-Verbs,words
ꢩꣁꢔ ꢩꣁꢔꢫꢶ ꢬꢴꢵ,भा॑ग भा॑गयि र्हा,பொ4க3பொ4க3யி ரா:,bho'ga bho'gayi rhaa,bhOga bhOgayi rhA,bhŏga bhŏgayi rhā,bʰogə bʰogəjɪ ɾɦɑː,sizzle,தகி,Simple-Verbs,words
ꢡꢦꢫꢶ ꢬꢴꢵ,तपयि र्हा,தபயி ரா:,tapayi rhaa,tapayi rhA,tapayi rhā,t̪əpəjɪ ɾɦɑː,sizzle,தகி,Simple-Verbs,words
ꢬꢴꢷꢭꢿ,र्हीले,ரீ:லே,rheele,rhIle,rhīle,ɾɦiːleː,stay,தங்கு,Simple-Verbs,words
ꢬꢴꢾꢫ꣄ꢭꢿ,र्ह॑य्ले,ரெ:ய்லே,rhe'yle,rhEyle,rhĕyle,ɾɦejleː,stay,தங்கு,Simple-Verbs,words
ꢬꢴꢵ,र्हा,ரா:,rhaa,rhA,rhā,ɾɦɑː,stay,தங்கு,Simple-Verbs,words
ꢡꢾꢜ꣄ꢜꢶ,त॑ट्टि,தெட்டி,te't't'i,tETTi,tĕṭṭi,t̪eʈʈɪ,knock,தட்டு,Simple-Verbs,words
ꢭꢵꢮ꣄,लाव्,லாவ்,laav,lAv,lāv,lɑːʋ,smear,தடவு,Simple-Verbs,words
ꢧꢸꢔ꣄ꢔꢶ,फुग्गि,பு2க்3கி3,phuggi,phuggi,phuggi,pʰuggɪ,swell,தடி,Simple-Verbs,words
ꢂꢮ꣄ꢞꣂꢦꣁꢜ꣄,अव्डा॑ पोट हिब्बाट,அவ்டொ3போட்,avd'opo't',avDopOT,avḍopŏṭ,əʋɖoːpoʈ,obstruct,தடு,Simple-Verbs,words
ꢲꢶꢨ꣄ꢨꢵꢞ꣄,अव्डा॑ पोट हिब्बाट,ஹிப்3பா3ட்3,hibbaad',hibbAD,hibbāḍ,ɦɪbbɑːɖ,obstruct,தடு,Simple-Verbs,words
ꢡꢾꢭ꣄ꢒꢫꢶ ꢙꢵ,त॑ल्कयि जा,தெல்கயி ஜா,te'lkayi jaa,tElkayi jA,tĕlkayi jā,t̪elkəjɪ d͡ʒɑː,overflow,தளும்பு,Simple-Verbs,words
ꢒꢨꢶꢭꢿ,कबिले,கபி3லே,kabile,kabile,kabile,kəbɪleː,embrace,தழுவு,Simple-Verbs,words
ꢃꢭꢶꢖ꣄ꢔꢥꣁ ꢒꢿꢬ꣄,आलिङ्गना॑ केर,ஆலிங்க3னொ கேர்,aalingano' ker,AliGganO ker,āliṅganŏ ker,ɑːlɪŋgən̪o keːɾ,embrace,தழுவு,Simple-Verbs,words
ꢦꣁꢜꢭꢶ ꢩꢥ꣄ꢣꢶꢭꢿ,पा॑टलि भन्दिले,பொடலி ப4ந்தி3லே,po't'ali bhandile,pOTali bhandile,pŏṭali bhandile,poʈəlɪ bʰən̪d̪ɪleː,embrace,தழுவு,Simple-Verbs,words
ꢗꢸꢨꢶꢜ꣄ꢗꢸꢒꢥ꣄ ꢬꢴꢵ,चुबिट्चुकन् र्हा,சுபி3ட்சுகன் ரா:,chubit'chukan rhaa,cubiTcukan rhA,cubiṭcukan rhā,t͡ʃubɪʈt͡ʃukən̪ ɾɦɑː,flourish,தழை,Simple-Verbs,words
ꢙꣁꢭꢶꢛ꣄ꢗꢶ,जा॑लिञ्चि,ஜொலிஞ்சி,jo'linchi,jOliJci,jŏliñci,d͡ʒolɪɲt͡ʃɪ,shine,தளதள,Simple-Verbs,words
ꢤꢶꢭ꣄ꢭꣁ ꢦꣂꢜ꣄,धिल्ला॓ पोट्,தி4ல்லொபோட்,dhillo' pot',dhillO poT,dhillŏ poṭ,d̪ʰɪllo poːʈ,get loose,தளர்,Simple-Verbs,words
ꢤꢶꢭ꣄ꢭꣁ ꢒꢿꢬ꣄,धिल्ला॓ केर्,தி4ல்லொகேர்,dhillo' ker,dhillO ker,dhillŏ ker,d̪ʰɪllo keːɾ,loosen,தளர்த்து,Simple-Verbs,words
ꢗꢶꢒꢸꢥ꣄,चिकुर,சிகுர்,chikun,cikun,cikun,t͡ʃɪkun̪,sprout out,தளிர்,Simple-Verbs,words
ꢪꢸꢒꢸꢬ꣄,मुकुर्,முகுர்,mukur,mukur,mukur,mukuɾ,sprout out,தளிர்,Simple-Verbs,words
ꢂꢖ꣄ꢒꢸꢬ꣄,अङ्कुर,அங்குர்,ankur,aGkur,aṅkur,əŋkuɾ,sprout out,தளிர்,Simple-Verbs,words
ꢗꢾꢒ꣄ꢒꢶ,च॑क्कि,செக்கி,che'kki,cEkki,cĕkki,t͡ʃekkɪ,cut,தறி,Simple-Verbs,words
ꢏꢠ꣄ꢜꢶꢒꢥ꣄ ꢬꢴꢵ,आ॑ण्टिकन र्हा,ஒண்டிகன்ரா:,o'nt'ikan rhaa,ONTikan rhA,ŏṇṭikan rhā,oɳʈɪkən̪ ɾɦɑː,be alone,தனி,Simple-Verbs,words
ꢲꢵꢥ꣄,हान्,ஹான்,haan,hAn,hān,ɦɑːn̪,attack,தாக்கு,Simple-Verbs,words
ꢕꢵꢪ꣄ ꢡꢵꢫ꣄,घाम्ताय,கா4ம்தாய்,ghaam taay,ghAm tAy,ghām tāy,gʰɑːm t̪ɑːj,attack,தாக்கு,Simple-Verbs,words
ꢃꢒ꣄ꢬꢪꢥꣁ ꢒꢿꢬ꣄,आक्रमना॑ केर,ஆக்ரமனொ கேர்,aakramano' ker,AkramanO ker,ākramanŏ ker,ɑːkɾəmən̪o keːɾ,attack,தாக்கு,Simple-Verbs,words
ꢱꢮꢥ꣄ꢒꢾꢬ꣄ꢭꢿ,सवन्क॑र्ले,ஸவன்கெர்லே,savanke'rle,savankErle,savankĕrle,s̪əʋən̪keɾleː,bear,தாங்கு,Simple-Verbs,words
ꢮꢲꢶꢭꢾ,वहिले,வஹிலே,vahile',vahilE,vahilĕ,ʋəɦɪle,bear,தாங்கு,Simple-Verbs,words
ꢬꢴꢒ꣄ꢒꢶ,र्हक्कि,ர:க்கி,rhakki,rhakki,rhakki,ɾɦəkkɪ,Wait,தாமசி,Simple-Verbs,words
ꢡꢪꢱ꣄ꢒꢿꢬ꣄,तमस्केर,தமஸ் கேர்,tamasker,tamasker,tamasker,t̪əməs̪keːɾ,Wait,தாமசி,Simple-Verbs,words
ꢱ꣄ꢢꢶꢬꣁ ꢒꢿꢬ꣄,स्थिरा॓ केर,ஸ்தி2ரொ கேர்,sthiro' ker,sthirO ker,sthirŏ ker,s̪t̪ʰɪɾo keːɾ,Wait,தாமசி,Simple-Verbs,words
ꢡꢪꢱ꣄ꢒꢿꢬ꣄,तमस्केर,தமஸ் கேர்,tamasker,tamasker,tamasker,t̪əməs̪keːɾ,delay,தாமதி,Simple-Verbs,words
ꢆꢭ꣄ꢭꢖ꣄ꢔꢶ,उल्लङ्गि,உல்லங்கி3,ullangi,ullaGgi,ullaṅgi,ulləŋgɪ,leap,தாவு,Simple-Verbs,words
ꢚꢵꢖ꣄ꢔꢶ,झाङ्गि,ஜா2ங்கி3,jhaangi,jhAGgi,jhāṅgi,d͡ʒʰɑːŋgɪ,leap,தாவு,Simple-Verbs,words
ꢓꢵꢭ꣄ꢙꢵ,खाल्जा,கா2ல் ஜா,khaaljaa,khAljA,khāljā,kʰɑːld͡ʒɑː,become low,தாழ்,Simple-Verbs,words
ꢓꢵꢭ꣄ꢒꢿꢬ꣄,खाल्केर्,கா2ல்கேர்,khaalker,khAlker,khālker,kʰɑːlkeːɾ,lower,தாழ்த்து,Simple-Verbs,words
ꢧꣁꢠ꣄ꢠꢶ ꢣꢾ,फा॑ण्णि दे,பொ2ண்ணி தே3,pho'nni de',phONNi dE,phŏṇṇi dĕ,pʰoɳɳɪ d̪e,seasoning,தாளி,Simple-Verbs,words
ꢡꢶꢒ꣄ꢒꢶ ꢮꢡ꣄ꢡꣁ ꢒꢿꢬ꣄,तिक्कि वत्ता॑ केर,திக்கி வத்தொ கேர்,tikki vatto' ker,tikki vattO ker,tikki vattŏ ker,t̪ɪkkɪ ʋət̪t̪o keːɾ,stammer,திக்கு,Simple-Verbs,words
ꢓ꣄ꢫꢵꢣꢶ ꢦꣁꢥ꣄ꢣꢶ,ख्यादि पा॑न्दि,க்2யாதி3 பொந்தி3,khyaadi po'ndi,khyAdi pOndi,khyādi pŏndi,kʰjɑːd̪ɪ pon̪d̪ɪ,to become famous,திகழ்,Simple-Verbs,words
ꢒꢷꢬ꣄ꢡꢶ ꢦꣁꢥ꣄ꢣꢶ,कीर्ति पा॑न्दि,கீர்தி பொந்தி3,keerti po'ndi,kIrti pOndi,kīrti pŏndi,kiːɾt̪ɪ pon̪d̪ɪ,to become famous,திகழ்,Simple-Verbs,words
ꢨꢾꢣꢶꢬ꣄,ब॑दिर,பெ3தி3ர்,be'dir,bEdir,bĕdir,bed̪ɪɾ,stun,திகை,Simple-Verbs,words
ꢔꢵꢭ꣄ꢞꢾ,गाल्डे,கா3ள்டே3,gaald'e',gAlDE,gālḍĕ,gɑːlɖe,scold,திட்டு,Simple-Verbs,words
ꢨꢾꢣꢶꢬ꣄,ब॑दिर,பெ3தி3ர்,be'dir,bEdir,bĕdir,bed̪ɪɾ,Be astonished,திடுக்கிடு,Simple-Verbs,words
ꢂꢭ ꣄ꢦꣁꢥ꣄ꢣꢶ,अल पा॑न्दि,அல்பொந்தி3,ala po'ndi,ala pOndi,ala pŏndi,ələ pon̪d̪ɪ,Be at a loss,திண்டாடு,Simple-Verbs,words
ꢲꢸꢨ꣄ꢨꢱ꣄,हुब्बस,ஹுப்3ப3ஸ்,hubbas,hubbas,hubbas,ɦubbəs̪,be choked,திணறு,Simple-Verbs,words
ꢡꢶꢠ꣄ꢗꢶ,तिण्चि,திண்சி,tinchi,tiNci,tiṇci,t̪ɪɳt͡ʃɪ,stuff,திணி,Simple-Verbs,words
ꢩꣁꢬ꣄ꢮꢶ,भा॑र्वि,பொ4ர்வி,bho'rvi,bhOrvi,bhŏrvi,bʰoɾʋɪ,stuff,திணி,Simple-Verbs,words
ꢔꢸꢳ꣄ꢳꢾ ꢲꢵꣂ,गुळ्ळ॑ हो,கு3ள்ளெ ஹோ,gul'l'e' haao,guLLE hAo,gul̤l̤ĕ hāo,guɭɭe ɦɑːoː,be sweet,தித்தி,Simple-Verbs,words
ꢧꢶꢬ꣄ꢮꢶ,फिव्रि,பி2ர்வி,phirvi,phirvi,phirvi,pʰɪɾʋɪ,turn,திருப்பு,Simple-Verbs,words
ꢧꢶꢬ꣄,फीर,பீ2ர்,phir,phir,phir,pʰɪɾ,turn,திரும்பு,Simple-Verbs,words
ꢤ꣄ꢫꢥ꣄ ꢒꢿꢬ꣄꣄,ध्यान्केर्,த்4யான் கேர்,dhyan ker,dhyan ker,dhyan ker,d̪ʰjən̪ keːɾ,meditate,தியானி,Simple-Verbs,words
ꢐꢒ꣄ ꢒꢿꢬ꣄,आ॑क केर,ஓக் கேர்,ok ker,ok ker,ok ker,oːk keːɾ,collect,திரட்டு,Simple-Verbs,words
ꢙꢾꢡꣁ ꢒꢿꢬ꣄,ज॑ता॑ केर,ஜெதொ கேர்,je'to' ker,jEtO ker,jĕtŏ ker,d͡ʒet̪o keːɾ,collect,திரட்டு,Simple-Verbs,words
ꢔꢸꢪ꣄ꢦꢶ,गुम्पि,கு3ம்பி,gumpi,gumpi,gumpi,gumpɪ,collect,திரட்டு,Simple-Verbs,words
ꢦꢷꢳ꣄,पीळ्,பீள்,peel',pIL,pīl̤,piːɭ,twist,திரி,Simple-Verbs,words
ꢱꢾꢬ꣄ꢒꣁ ꢒꢿꢬ꣄,सेर्का॑ केर,ஸெர்கொ கேர்,se'rko' ker,sErkO ker,sĕrkŏ ker,s̪eɾko keːɾ,correct,திருத்து,Simple-Verbs,words
ꢱꢾꢬ꣄ꢒꣁ ꢲꣂ,सेर्का॑ हो,ஸெர்கொ ஹோ,se'rko' ho,sErkO ho,sĕrkŏ ho,s̪eɾko ɦoː,correct,திருந்து,Simple-Verbs,words
ꢱꣁꢪ꣄ꢦꢶ,सा॑म्पि,ஸொம்பி,so'mpi,sOmpi,sŏmpi,s̪ompɪ,to become very happy,திளை,Simple-Verbs,words
ꢱꢥ꣄ꢡꢸꢰ꣄ꢜꢶ,सन्तुष्टि,ஸந்துஷ்டி,santusht'i,santuSTi,santuṣṭi,s̪ən̪t̪uʂʈɪ,to become very happy,திளை,Simple-Verbs,words
ꢲꢸꢔꢸꢞ꣄,हुगुड,ஹுகு3ட்3,hugud',huguD,huguḍ,ɦuguɖ,open,திற,Simple-Verbs,words
ꢓꢵ,खा,கா2,khaa,khA,khā,kʰɑː,eat tiffin,தின்,Simple-Verbs,words
ꢗꢶꢡ꣄ꢬꢸ ꢒꢿꢬ꣄,चित्रु केर,சித்ரு கேர்,chitru ker,citru ker,citru ker,t͡ʃɪt̪ɾu keːɾ,"paint, sharpen",தீட்டு,Simple-Verbs,words
ꢤꢿꢬ꣄,धेर्,தே4ர்,dher,dher,dher,d̪ʰeːɾ,touch,தீண்டு,Simple-Verbs,words
ꢙꢭꢵꢜ꣄,जलाट,ஜளாட்,jalaat',jalAT,jalāṭ,d͡ʒəlɑːʈ,burn,தீய,Simple-Verbs,words
ꢡꢶꢬꢫꢶ ꢙꢵ,तिरयि जा,திரயி ஜா,tirayi jaa,tirayi jA,tirayi jā,t̪ɪɾəjɪ d͡ʒɑː,finish,தீர்,Simple-Verbs,words
ꢡꢶꢬ꣄ꢗꢶ,तिर्चि,திர்சி,tirchi,tirci,tirci,t̪ɪɾt͡ʃɪ,finish,தீர்,Simple-Verbs,words
ꢡꢶꢬ꣄ꢪꢵꢥ꣄ ꢒꢾꢬ꣄,तिर्मान्केर्,திர்மான்கேர்,tirmaan ke'r,tirmAn kEr,tirmān kĕr,t̪ɪɾmɑːn̪ keɾ,decide,தீர்மானி,Simple-Verbs,words
ꢪꢾꢬ꣄ꢦꢸꢭ꣄ ꢒꢿꢬ꣄,म॑र्पुल केर,மெர்புல் கேர்,me'rpul ker,mErpul ker,mĕrpul ker,meɾpul keːɾ,polish,தீற்று,Simple-Verbs,words
ꢥꢶꢛ꣄ꢗꢶ,निञ्जि,நிஞ்ஜி,ninchi,niJci,niñci,n̪ɪɲt͡ʃɪ,sleep,துஞ்சு,Simple-Verbs,words
ꢲꣁꢖ꣄ꢔꢸ ꢂꢮꢞ꣄ꢳꢿ,होङ्गु अवड्ळ॑,ஹோங்கு3 அவட்3ளே,ho'ngu avad'l'e,hOGgu avaDLe,hŏṅgu avaḍl̤e,ɦoŋgu əʋəɖɭeː,sleep,துஞ்சு,Simple-Verbs,words
ꢲꢬꢸꢪ꣄ꢨꢪ꣄ꢒꢾꢬ꣄,हरुम्बम्केर्,ஹரும்ப3ம்கேர்,harumbamke'r,harumbamkEr,harumbamkĕr,ɦəɾumbəmkeɾ,begin,துடக்கு,Simple-Verbs,words
ꢲꢬꢸꢪ꣄ꢨꢪ꣄ ꢲꣂ,हरुम्बम्हो,ஹரும்ப3ம்ஹோ,harumbam ho,harumbam ho,harumbam ho,ɦəɾumbəm ɦoː,begin,துடங்கு,Simple-Verbs,words
ꢔꢸꢠ꣄ꢞꢾ ꢲꢭ꣄ꢭꢶ,गुण्डे हल्लि,கு3ண்டெ3 ஹல்லி,gund'e' halli,guNDE halli,guṇḍĕ halli,guɳɖe ɦəllɪ,beat,துடி,Simple-Verbs,words
ꢦꣁꢱ꣄,पोस्,போஸ்,po's,pOs,pŏs,pos̪,wipe,துடை,Simple-Verbs,words
ꢒꢸꢜ꣄ꢒꣁ ꢒꢾꢬ꣄,कुट्का॑केर्,குட்கொகேர்,kut'ko' ke'r,kuTkO kEr,kuṭkŏ kĕr,kuʈko keɾ,make pieces,துண்டி,Simple-Verbs,words
ꢤꣀꢬ꣄ꢫꢸ ꢦꣁꢥ꣄ꢣꢶ,धैर्युपा॑न्दि,தை4ர்யு பொந்தி3,dhairyu po'ndi,dhairyu pOndi,dhairyu pŏndi,d̪ʰəɪɾju pon̪d̪ɪ,Dare/ make bold,துணி,Simple-Verbs,words
ꢥꢹꢮ꣄,नूव,நூவ்,noov,nUv,nūv,n̪uːʋ,praise,துதி,Simple-Verbs,words
ꢯ꣄꣄ꢭꢵꢕꢠꣁ ꢒꢿꢬ꣄,श्लाघणा॑ केर,ஶ்லாக4ணொ கேர்,shlaaghano' ker,zlAghaNO ker,ślāghaṇŏ ker,ʃlɑːgʰəɳo keːɾ,praise,துதி,Simple-Verbs,words
ꢢꢹꢮ꣄,थूव्,தூ2வ்,thoov,thUv,thūv,t̪ʰuːʋ,spit,துப்பு,Simple-Verbs,words
ꢱꢶꢔꢶꢬ꣄,सिगिर्,ஸிகி3ர்,sigir,sigir,sigir,s̪ɪgɪɾ,sneeze,தும்மு,Simple-Verbs,words
ꢡꢾꢬ꣄ꢪꢶ,त॑र्मि,தெர்மி,te'rmi,tErmi,tĕrmi,t̪eɾmɪ,chase,துரத்து,Simple-Verbs,words
ꢤꢪꢵꢜ꣄,धमाट,த4மாட்,dhamaat',dhamAT,dhamāṭ,d̪ʰəmɑːʈ,chase,துரத்து,Simple-Verbs,words
ꢩꢬꢵꢜ꣄ ꢂꢮꢵꢜ꣄,भराट अवाट,ப4ராட் அவாட்,bharaat' avaat',bharAT avAT,bharāṭ avāṭ,bʰəɾɑːʈ əʋɑːʈ,Show forth,துருத்து,Simple-Verbs,words
ꢡꢸꢬ꣄ꢒꢶ,तुर्कि,துர்கி,turki,turki,turki,t̪uɾkɪ,scrape,துருவு,Simple-Verbs,words
ꢪꢛ꣄ꢙꢶ,मञ्जि,மஞ்ஜி,manji,maJji,mañji,məɲd͡ʒɪ,make shine,துலக்கு,Simple-Verbs,words
ꢯꣂꢩꢠꣁꢲꣁ,शोभणा॑ हा॑,ஶோப4ணொ ஹோ,shobhano'ho',zobhaNOhO,śobhaṇŏhŏ,ʃoːbʰəɳoɦo,be shining,துலங்கு,Simple-Verbs,words
ꢔꢸꢛ꣄ꢙꢶ,गुञ्जि,கு3ஞ்ஜி,gunji,guJji,guñji,guɲd͡ʒɪ,wash,துவை,Simple-Verbs,words
ꢡꢾꢮ꣄ꢞꢶ,त॑व्डि,தெவ்டி3,te'vd'i,tEvDi,tĕvḍi,t̪eʋɖɪ,search with hand,துழாவு,Simple-Verbs,words
ꢗꢶꢔꢸꢬ꣄ꢱꣂꢜ꣄,चिगुर्सोट,சிகுர் ஸோட்,chigursot',cigursoT,cigursoṭ,t͡ʃɪguɾs̪oːʈ,sprout out,துளிர்,Simple-Verbs,words
ꢦꢸꢜ꣄ꢜꣁ ꢒꢿꢬ꣄,पुट्टा॑ केर,புட்டொ கேர்,put't'o' ker,puTTO ker,puṭṭŏ ker,puʈʈo keːɾ,Pierce,துளை,Simple-Verbs,words
ꢱꣁꢞ꣄ꢞꢶ ꢙꢵ,सा॑ड्डि जा,ஸொட்3டி3ஜா,so'd'd'i jaa,sODDi jA,sŏḍḍi jā,s̪oɖɖɪ d͡ʒɑː,leave behind,துற,Simple-Verbs,words
ꢗꢾꢞ꣄ꢮꢶ,च॑ड्वि,செட்3வி,che'd'vi,cEDvi,cĕḍvi,t͡ʃeɖʋɪ,kindle,தூண்டு,Simple-Verbs,words
ꢦꣁꢱ꣄,पोस्,போஸ்,po's,pOs,pŏs,pos̪,clear,தூர்,Simple-Verbs,words
ꢗꢶꢭꢶꢛ꣄ꢗꢶ,चिलिञ्चि,சிலிஞ்சி,chilinchi,ciliJci,ciliñci,t͡ʃɪlɪɲt͡ʃɪ,spray,தூவு,Simple-Verbs,words
ꢗꢶꢖ꣄ꢒꢸꢭ꣄ ꢦꣂꢜ꣄,चिङ्कुल् पोट,சிங்குல் போட்,chinkul pot',ciGkul poT,ciṅkul poṭ,t͡ʃɪŋkul poːʈ,drizzle,தூறு,Simple-Verbs,words
ꢫꢵꢗꢠꣁ ꢒꢿꢬ꣄,याचणा॑ केर,யாசணொ கேர்,yaachano' ker,yAcaNO ker,yācaṇŏ ker,jɑːt͡ʃəɳo keːɾ,beg,தெண்டு,Simple-Verbs,words
ꢙꢥ꣄ꢭꢿ,जन्ल॑,ஜன்லே,janle,janle,janle,d͡ʒən̪leː,Know,தெரி,Simple-Verbs,words
ꢒꢳꢵꢜ꣄,कळाट्,களாட்,kal'aat',kaLAT,kal̤āṭ,kəɭɑːʈ,convey,தெரிவி,Simple-Verbs,words
ꢡꢵꢠ꣄ꢲꢵꢥ꣄,ता॑णहान,தோண்ஹான்,taanhaan,tANhAn,tāṇhān,t̪ɑːɳɦɑːn̪,be saturated,தெவிட்டு,Simple-Verbs,words
ꢡꢾꢭꢶꢮ꣄ ꢲꣂ,त॑लिव्हो,தெளிவ்ஹோ,te'liv ho,tEliv ho,tĕliv ho,t̪elɪʋ ɦoː,"sift, be clear",தெள்ளு,Simple-Verbs,words
ꢗꢶꢭꢶꢛ꣄ꢗꢾ,चिलिञ्चि,சிலிஞ்சி,chilinche',ciliJcE,ciliñcĕ,t͡ʃɪlɪɲt͡ʃe,spray,தெளி,Simple-Verbs,words
ꢯꢶꢔꢶꢬ꣄,शिगिर,ஶிகி3ர்,shigir,zigir,śigir,ʃɪgɪɾ,spray,தெளி,Simple-Verbs,words
ꢗꢾꢣꢶꢬꢶ,च॑दिरि,செதி3ரி,che'diri,cEdiri,cĕdiri,t͡ʃed̪ɪɾɪ,splash,தெறி,Simple-Verbs,words
ꢲꢶꢨ꣄ꢨꢵꢜ꣄,हिब्बाट्,ஹிப்3பா3ட்,hibbaat',hibbAT,hibbāṭ,ɦɪbbɑːʈ,stagnate,தேக்கு,Simple-Verbs,words
ꢲꢶꢨ꣄ꢨꢶ,हिब्बि,ஹிப்3பி3,hibbi,hibbi,hibbi,ɦɪbbɪ,stagnate,தேங்கு,Simple-Verbs,words
ꢮꢾꢒ꣄ꢒꢶ,व॑क्कि,வெக்கி,ve'kki,vEkki,vĕkki,ʋekkɪ,search,தேடு,Simple-Verbs,words
ꢪꢹꢔꢶ,मूगि,மூகி3,moogi,mUgi,mūgi,muːgɪ,search,தேடு,Simple-Verbs,words
ꢒꢸꢖ꣄ꢒꢶ,कुङ्कि,குங்கி3,kunki,kuGki,kuṅki,kuŋkɪ,sob,தேம்பு,Simple-Verbs,words
ꢣꢶꢙꢫꢶꢙꢵ,दिजयि जा,தி3ஜயி ஜா,dijayijaa,dijayijA,dijayijā,d̪ɪd͡ʒəjɪd͡ʒɑː,wear off,தேய்,Simple-Verbs,words
ꢔꢿꢱ꣄,गेस्,கே3ஸ்,ges,ges,ges,geːs̪,"rub, iron",தேய்,Simple-Verbs,words
ꢣꣀꢬ꣄ꢫꢸ ꢣꢾ,दैर्यु दे,தை3ர்யு தே3,dairyu de',dairyu dE,dairyu dĕ,d̪əɪɾju d̪e,console,தேற்று,Simple-Verbs,words
ꢙꢾꢡꣁ ꢗꢾꢬ꣄ꢗꢶ,ज॑ता॑ चेर्चि,ஜெதொ செர்சி,je'to' che'rchi,jEtO cErci,jĕtŏ cĕrci,d͡ʒet̪o t͡ʃeɾt͡ʃɪ,collect,தொகு,Simple-Verbs,words
ꢙꢾꢡꣁꢪꢳꢵꢞ꣄,ज॑ता॑ मिळाड,ஜெதொ மிளாட்3,je'to'mal'aad',jEtOmaLAD,jĕtŏmal̤āḍ,d͡ʒet̪oməɭɑːɖ,collect,தொகு,Simple-Verbs,words
ꢭꣁꢪ꣄ꢨꢶ,ला॑म्बि,லொம்பி3,lo'mbi,lOmbi,lŏmbi,lombɪ,hang,தொங்கு,Simple-Verbs,words
ꢡꣂꢬ꣄,तोर,தோர்,tor,tor,tor,t̪oːɾ,follow,தொடர்,Simple-Verbs,words
ꢲꢵꢜ꣄,हाट,ஹாட்,haat',hAT,hāṭ,ɦɑːʈ,touch,தொடு,Simple-Verbs,words
ꢂꢞ꣄ꢞꢪ꣄ꢮꢡ꣄ꢡꣁ ꢒꢿꢬ꣄,अड्डम्वत्ता॑ केर,அட்3ட3ம்வத்தொகேர்,ad'd'amvatto' ker,aDDamvattO ker,aḍḍamvattŏ ker,əɖɖəmʋət̪t̪o keːɾ,disturb by talking,தொணதொண,Simple-Verbs,words
ꢢꢾꢭ꣄ꢭꢶ ꢭꣁꢪ꣄ꢨꢶ,ध॑ल्लिला॑म्बि,தெ4ல்லிலொம்பி3,the'lli lo'mbi,thElli lOmbi,thĕlli lŏmbi,t̪ʰellɪ lombɪ,hang on,தொத்து,Simple-Verbs,words
ꢤꢶꢭ꣄ꢭꣁ ꢱꣁꢜ꣄,धिल्ला॑ सोट्,தி4ல்லொ ஸோட்,dhillo' so't',dhillO sOT,dhillŏ sŏṭ,d̪ʰɪllo s̪oʈ,"be supple, become slack",தொய்,Simple-Verbs,words
ꢱꣂꢭ꣄,सोल,ஸோல்,sol,sol,sol,s̪oːl,peel off,தொலி,Simple-Verbs,words
ꢔꢪ꣄ꢞꢫꢶ ꢙꢵ,गम्डयि जा,க3ம்ட3யி ஜா,gamd'ayi jaa,gamDayi jA,gamḍayi jā,gəmɖəjɪ d͡ʒɑː,be lost,தொலை,Simple-Verbs,words
ꢦꢾꢬꢪ꣄ꢨꢪ꣄ ꢲꣁꢫ꣄ ꢙꢵ,प॑रम्बम हा॑य्जा,பெரம்ப3ம் ஹொய் ஜா,pe'rambam ho'y jaa,pErambam hOy jA,pĕrambam hŏy jā,peɾəmbəm ɦoj d͡ʒɑː,be lost,தொலை,Simple-Verbs,words
ꢔꢪ꣄ꢞꢵꢜ꣄,गम्डाट,க3ம்டா3ட்,gamd'aat',gamDAT,gamḍāṭ,gəmɖɑːʈ,lose,தொலை,Simple-Verbs,words
ꢥꢵꢪ꣄,नाम,நாம்,naam,nAm,nām,n̪ɑːm,pray,தொழு,Simple-Verbs,words
ꢭꢔꢶꢤꢾꢬ꣄,लगिधेर,லகி3தே4ர்,lagidhe'r,lagidhEr,lagidhĕr,ləgɪd̪ʰeɾ,infect,தொற்று,Simple-Verbs,words
ꢤꢾꢬꢶꢭꢵꢔꢶ,ध॑रि लागि,தெ4ரி லாகி3,dhe'rilaagi,dhErilAgi,dhĕrilāgi,d̪ʰeɾɪlɑːgɪ,infect,தொற்று,Simple-Verbs,words
ꢱꢨ꣄ꢣꢸꢒꢿꢬ꣄,सब्दु केर,ஸப்3து3கேர்,sabduker,sabduker,sabduker,s̪əbd̪ukeːɾ,sound,தொனி,Simple-Verbs,words
ꢏꢭ꣄ꢭꣁ ꢒꢿꢬ꣄,आ॑ल्ला॑ केर,ஒல்லொ கேர்,o'llo' ker,OllO ker,ŏllŏ ker,ollo keːɾ,make wet,தோய்,Simple-Verbs,words
ꢨꢶꢙ꣄ꢮꢵꢞ꣄,बिज्वाड,பி3ஜ்வாட்3,bijvaad',bijvAD,bijvāḍ,bɪd͡ʒʋɑːɖ,make wet,தோய்,Simple-Verbs,words
ꢏꢞꢶ ꢙꢵ,आ॑डि जा,ஒடி3 ஜா,o'd'i jaa,ODi jA,ŏḍi jā,oɖɪ d͡ʒɑː,Fail,தோல்,Simple-Verbs,words
ꢱꢵꢪꢸꢬ꣄ ꢃꢮ꣄,सामुर आव,ஸாமுர் ஆவ்,saamur aav,sAmur Av,sāmur āv,s̪ɑːmuɾ ɑːʋ,"appear, seem",தோன்று,Simple-Verbs,words
ꢭꢵꢔ꣄,लाग,லாக்3,laag,lAg,lāg,lɑːg,"appear, seem",தோன்று,Simple-Verbs,words
ꢗꢵꢜ꣄,चाट्,சாட்,chaat',cAT,cāṭ,t͡ʃɑːʈ,lick,நக்கு,Simple-Verbs,words
ꢏꢡ꣄ꢡꢵꢜ꣄,आ॑त्ताट्,ஒத்தாட்,o'ttaat',OttAT,ŏttāṭ,ot̪t̪ɑːʈ,move,நகட்டு,Simple-Verbs,words
ꢲꢭ꣄ꢭꢶ,हल्लि,ஹல்லி,halli,halli,halli,ɦəllɪ,move,நகர்,Simple-Verbs,words
ꢲꢭ꣄ꢭꢫꢶ ꢙꢵ,हल्लयि जा,ஹல்லயி ஜா,hallayi jaa,hallayi jA,hallayi jā,ɦəlləjɪ d͡ʒɑː,move,நகர்,Simple-Verbs,words
ꢲꢭ꣄ꢭꢵꢞ꣄,हल्लाड,ஹல்லாட்3,hallaad',hallAD,hallāḍ,ɦəllɑːɖ,move,நகர்த்து,Simple-Verbs,words
ꢲꢷꢥ꣄ ꢲꣁꢫ꣄ꢙꢵ,हीन हा॑य जा,ஹீன் ஹொய் ஜா,heen ho'yjaa,hIn hOyjA,hīn hŏyjā,ɦiːn̪ ɦojd͡ʒɑː,be destroyed,நசி,Simple-Verbs,words
ꢲꢷꢥ꣄ ꢒꢿꢬ꣄,हीन केर,ஹீன் கேர்,heen ker,hIn ker,hīn ker,ɦiːn̪ keːɾ,destroy,நசி,Simple-Verbs,words
ꢩꢶꢬꢸꢜ꣄,भिरुट,பி4ருட்,bhirut',bhiruT,bhiruṭ,bʰɪɾuʈ,crush,நசுக்கு,Simple-Verbs,words
ꢥꢾꢱ꣄ꢒꢫꢶ ꢙꢵ,न॑स्कयि जा,நெஸ்கயி ஜா,ne'skayi jaa,nEskayi jA,nĕskayi jā,n̪es̪kəjɪ d͡ʒɑː,be crushed,நசுங்கு,Simple-Verbs,words
ꢩꢶꢬꢸꢞꢫꢶ ꢙꢵ,भिरुडयि जा,பி4ருட3யி ஜா,bhirud'ayi jaa,bhiruDayi jA,bhiruḍayi jā,bʰɪɾuɖəjɪ d͡ʒɑː,be crushed,நசுங்கு,Simple-Verbs,words
ꢱꣁꢣꢱꣁꢣꢫꢶ ꢙꢵ,सा॑दसा॑दयि जा,ஸொத3ஸொத3யி ஜா,so'daso'dayi jaa,sOdasOdayi jA,sŏdasŏdayi jā,s̪od̪əs̪od̪əjɪ d͡ʒɑː,lose crispness,நசுநசு,Simple-Verbs,words
ꢗꢵꢭ꣄,चाल्,சால்,chaal,cAl,cāl,t͡ʃɑːl,walk,நட,Simple-Verbs,words
ꢗꢵꢭ꣄,चाल,சால்,chaal,cAl,cāl,t͡ʃɑːl,Happen,நட,Simple-Verbs,words
ꢗꢭꢵꢜ꣄,चलाट्,சலாட்,chalaat',calAT,calāṭ,t͡ʃəlɑːʈ,conduct,நடத்து,Simple-Verbs,words
ꢂꢩꢶꢥꢫꣁ ꢒꢿꢬ꣄,अभिनया॑ केर,அபி4நயொ கேர்,abhinayo' ker,abhinayO ker,abhinayŏ ker,əbʰɪn̪əjo keːɾ,act,நடி,Simple-Verbs,words
ꢕꢵꢭ꣄,घाल,கா4ல்,ghaal,ghAl,ghāl,gʰɑːl,plant,நடு,Simple-Verbs,words
ꢏꢠ꣄ꢒꢶ,आ॑ण्कि,ஒண்கி,o'nki,ONki,ŏṇki,oɳkɪ,shiver,நடுங்கு,Simple-Verbs,words
ꢥꣁꢪ꣄ꢪꢶ,ना॑म्मि,நொம்மி,no'mmi,nOmmi,nŏmmi,n̪ommɪ,believe,நம்பு,Simple-Verbs,words
ꢩꢶꢠ꣄ꢞꢶ,भिण्डि,பி4ண்டி3,bhind'i,bhiNDi,bhiṇḍi,bʰɪɳɖɪ,believe,நம்பு,Simple-Verbs,words
ꢥꢵꢪ꣄,नाम,நாம்,naam,nAm,nām,n̪ɑːm,greet,நமஸ்கரி,Simple-Verbs,words
ꢓꢵꢭ꣄,खास्,கா2ஸ்,khaal,khAl,khāl,kʰɑːl,itch,நமை,Simple-Verbs,words
ꢧꢠ꣄ꢜꣁ ꢲꣁꢫ꣄ꢙꢵ,भण्टो हा॑य्जा,ப2ண்டொ ஹொய் ஜா,phant'o' ho'yjaa,phaNTO hOyjA,phaṇṭŏ hŏyjā,pʰəɳʈo ɦojd͡ʒɑː,become grey,நரை,Simple-Verbs,words
ꢗꢶꢒ꣄ꢒꢫꢶ ꢙꢵ,चिक्कयि जा,சிக்கயி ஜா,chikkayi jaa,cikkayi jA,cikkayi jā,t͡ʃɪkkəjɪ d͡ʒɑː,be weak,நலி,Simple-Verbs,words
ꢚꢶꢬ꣄ꢒꢫꢶ ꢙꢵ,झिर्कयि जा,ஜி2ர்கயி ஜா,jhirkayi jaa,jhirkayi jA,jhirkayi jā,d͡ʒʰɪɾkəjɪ d͡ʒɑː,slip,நழுவு,Simple-Verbs,words
ꢨꢶꢙ꣄ꢮꢫꢶꢙꢵ,बिज्वयि जा,பி3ஜ்வயி ஜா,bijvayijaa,bijvayijA,bijvayijā,bɪd͡ʒʋəjɪd͡ʒɑː,wet,நனை,Simple-Verbs,words
ꢨꢶꢙ꣄ꢮꢶ,बिज्वि,பி3ஜ்வி,bijvi,bijvi,bijvi,bɪd͡ʒʋɪ,wet,நனை,Simple-Verbs,words
ꢔꢵꢜ꣄,गाट्,கா3ட்,gaat',gAT,gāṭ,gɑːʈ,fix,நாட்டு,Simple-Verbs,words
ꢦ꣄ꢬꢿꢮ꣄ ꢦꣂꢜ꣄,प्रेव पोट,ப்ரேவ் போட்,prev pot',prev poT,prev poṭ,pɾeːʋ poːʈ,like,நாடு,Simple-Verbs,words
ꢭꢵꢙ꣄ ꢦꣁꢥ꣄ꢣꢶ,लाज पा॑न्दि,லாஜ் பொந்தி3,laaj po'ndi,lAj pOndi,lāj pŏndi,lɑːd͡ʒ pon̪d̪ɪ,feel shy,நாணு,Simple-Verbs,words
ꢕꢠꢵꢜ꣄,घणाट,க4ணாட்,ghanaat',ghaNAT,ghaṇāṭ,gʰəɳɑːʈ,stink,நாற்று/ நாற வை,Simple-Verbs,words
ꢕꢠꢫꢶ ꢙꢵ,घणयि जा,க4ணயி ஜா,ghanayi jaa,ghaNayi jA,ghaṇayi jā,gʰəɳəjɪ d͡ʒɑː,stink,நாறு,Simple-Verbs,words
ꢥꢶꢯ꣄ꢒꢠꣁ ꢒꢿꢬ꣄,निश्कणा॑ केर,நிஶ்கணொ கேர்,nishkano' ker,nizkaNO ker,niśkaṇŏ ker,n̪ɪʃkəɳo keːɾ,"decide, get engaged",நிச்சயி,Simple-Verbs,words
ꢱ꣄ꢢ꣄ꢬꣁ ꢦꣁꢥ꣄ꢣꢶ ꢒꢿꢬ꣄,स्थ्रा॑ पा॑न्दि केर,ஸ்த்2ரொ பொந்தி3 கேர்,sthro' po'ndi ker,sthrO pOndi ker,sthrŏ pŏndi ker,s̪t̪ʰɾo pon̪d̪ɪ keːɾ,be poised,நிதானி,Simple-Verbs,words
ꢔꢵꢳ꣄ꢞꢿ,गाळ्डे,கா3ள்டே3,gaal'd'e,gALDe,gāl̤ḍe,gɑːɭɖeː,abuse,நிந்தி,Simple-Verbs,words
ꢲꢶꢨ꣄ꢨꢵꢜ꣄,हिब्बाट्,ஹிப்3பா3ட்,hibbaat',hibbAT,hibbāṭ,ɦɪbbɑːʈ,stop,நிப்பாட்டு,Simple-Verbs,words
ꢗꢶꢪ꣄ꢜꢶ,चिम्टि,சிம்டி,chimt'i,cimTi,cimṭi,t͡ʃɪmʈɪ,pinch,நிமிட்டு,Simple-Verbs,words
ꢥꢶꢡ꣄ꢡꣁ ꢬꢴꢵ,नित्ता॑ र्हा,நித்தொரா:,nitto' rhaa,nittO rhA,nittŏ rhā,n̪ɪt̪t̪o ɾɦɑː,become erect,நிமிர்,Simple-Verbs,words
ꢥꢶꢡ꣄ꢡꣁꢒꢿꢬ꣄,नित्ता॑ केर,நித்தொகேர்,nitto'ker,nittOker,nittŏker,n̪ɪt̪t̪okeːɾ,make erect,நிமிர்த்து,Simple-Verbs,words
ꢥ꣄ꢫꢪꢥꣁ ꢒꢿꢬ꣄,न्यमना॑ केर,ந்யமனொ கேர்,nyamano' ker,nyamanO ker,nyamanŏ ker,n̪jəmən̪o keːɾ,appoint,நியமி,Simple-Verbs,words
ꢥꢶꢬ꣄ꢠꢫꣁ ꢒꢿꢬ꣄,निर्णयो केर,நிர்ணயொ கேர்,nirnayo' ker,nirNayO ker,nirṇayŏ ker,n̪ɪɾɳəjo keːɾ,determine,நிர்ணயி,Simple-Verbs,words
ꢥꢶꢬ꣄ꢮꢵꢲ꣄ ꢒꢿꢬ꣄,निर्वाह केर,நிர்வாஹ் கேர்,nirvaah ker,nirvAh ker,nirvāh ker,n̪ɪɾʋɑːɦ keːɾ,administer,நிர்வகி,Simple-Verbs,words
ꢮꢶꢜ꣄ꢜꢫꢶ ꢙꢵ,विट्टयि जा,விட்டயி ஜா,vit't'ayi jaa,viTTayi jA,viṭṭayi jā,ʋɪʈʈəjɪ d͡ʒɑː,become stale,நீர்,Simple-Verbs,words
ꢦꣁꢱ ꢦꣁꢱꢫꢶ ꢙꢵ,पा॑स पा॑सयि जा,பொஸ பொஸயி ஜா,po'sa po'sayi jaa,pOsa pOsayi jA,pŏsa pŏsayi jā,pos̪ə pos̪əjɪ d͡ʒɑː,become stale,நீர்,Simple-Verbs,words
ꢡꢾꢮ꣄ꢞꢶ,त॑व्डि,தெவ்டி3,te'vd'i,tEvDi,tĕvḍi,t̪eʋɖɪ,stroke,நீவு,Simple-Verbs,words
ꢭꢵꢪ꣄ꢒꢥꢶ ꢬꢴꢵ,लाम्कनि र्हा,லாம்கனி ரா:,laamkani rhaa,lAmkani rhA,lāmkani rhā,lɑːmkən̪ɪ ɾɦɑː,lengthen,நீள்,Simple-Verbs,words
ꢙꢳꢷꢬꢵꢒ꣄ ꢒꢿꢬ꣄,जळिराक केर,ஜளிராக் கேர்,jal'eeraak ker,jaLIrAk ker,jal̤īrāk ker,d͡ʒəɭiːɾɑːk keːɾ,Turn into ash,நீற்று,Simple-Verbs,words
ꢬꢵꢒ꣄ ꢲꣁꢫ꣄ ꢙꢵ,राक हा॑य जा,ராக் ஹொய் ஜா,raak ho'y jaa,rAk hOy jA,rāk hŏy jā,ɾɑːk ɦoj d͡ʒɑː,become ash,நீறு,Simple-Verbs,words
ꢲꢸꢖ꣄ꢔꢶ ꢱꢵ,हुङ्गि सा,ஹுங்கி3 ஸா,hungi saa,huGgi sA,huṅgi sā,ɦuŋgɪ s̪ɑː,"smell, enjoy",நுகர்,Simple-Verbs,words
ꢂꢥꢸꢩꢮ꣄ ꢒꢿꢬ꣄,अनुभव केर,அநுப4வ் கேர்,anubhav ker,anubhav ker,anubhav ker,ən̪ubʰəʋ keːɾ,"smell, enjoy",நுகர்,Simple-Verbs,words
ꢂꢥꢸꢩꢮꢶ,अनुभवि,அனுப4வி,anubhavi,anubhavi,anubhavi,ən̪ubʰəʋɪ,"smell, enjoy",நுகர்,Simple-Verbs,words
ꢩꢸꢬ꣄ꢒꣁꢒꢿꢬ꣄,भुर्का॑ केर,பு4ர்கொ கேர்,bhurko'ker,bhurkOker,bhurkŏker,bʰuɾkokeːɾ,powder,நுணுக்கு,Simple-Verbs,words
ꢱꢹꢒ꣄ꢯꢪꣁꢒꢥꢶ ꢬꢴꢵ,सूक्षमा॑कनि र्हा,ஸூக்ஷ்மொகனி ரா:,sookshamo'kani rhaa,sUkzamOkani rhA,sūkśamŏkani rhā,s̪uːkʃəmokən̪ɪ ɾɦɑː,be minute,நுணுகு,Simple-Verbs,words
ꢩꢸꢬ꣄ꢒꣁ ꢲꣁꢫ꣄ꢙꢵ,भुर्का॑ हा॑य्जा,பு4ர்கொ ஹொய் ஜா,bhurko' ho'yjaa,bhurkO hOyjA,bhurkŏ hŏyjā,bʰuɾko ɦojd͡ʒɑː,be powdered,நுணுங்கு,Simple-Verbs,words
ꢨꢸꢱꢸꢪ꣄ ꢨꢸꢬꢸꢞꣁ ꢲꣂ,बुसुम बुरुडो हो,பு3ஸும் பு3ருடொ3 ஹோ,busum burud'o' ho,busum buruDO ho,busum buruḍŏ ho,bus̪um buɾuɖo ɦoː,bubble,நுரை,Simple-Verbs,words
ꢡꢹꢬ꣄,तूर,தூர்,toor,tUr,tūr,t̪uːɾ,enter,நுழை,Simple-Verbs,words
ꢨ꣄ꢬꢮꢿꢯ꣄꣄ ꢒꢿꢬ꣄,प्रवेश केर,ப்ரவேஶ் கேர்,bravesh ker,bravez ker,braveś ker,bɾəʋeːʃ keːɾ,enter,நுழை,Simple-Verbs,words
ꢡꢸꢬꢵꢜ꣄,तुराट,துராட்,turaat',turAT,turāṭ,t̪uɾɑːʈ,enter,நுழை,Simple-Verbs,words
ꢦ꣄ꢬꢮꢿꢯ꣄ ꢒꢾꢬꢵꢜ꣄,प्रवेश्क॑राट,ப்ரவேஶ் கெராட்,pravesh ke'raat',pravez kErAT,praveś kĕrāṭ,pɾəʋeːʃ keɾɑːʈ,enter,நுழை,Simple-Verbs,words
ꢒꢵꢡ꣄,कात,காத்,kaat,kAt,kāt,kɑːt̪,Spin,நூல்,Simple-Verbs,words
ꢡꢮꢫꢶ ꢮꢔꢸꢠ꣄ꢜꣁ ꢲꣂ,तवयि वगुण्टा॑ हो,தவயி வகு3ண்டொ ஹோ,tavayi vagunt'o' ho,tavayi vaguNTO ho,tavayi vaguṇṭŏ ho,t̪əʋəjɪ ʋəguɳʈo ɦoː,become flexible,நெகிழ்,Simple-Verbs,words
ꢮꢷꢥ꣄,वीन्,வீன்,veen,vIn,vīn,ʋiːn̪,weave,நெய்,Simple-Verbs,words
ꢡꢾꢮ꣄ꢞꢶ,त॑व्डि,தெவ்டி3,te'vd'i,tEvDi,tĕvḍi,t̪eʋɖɪ,grope,நெரடு,Simple-Verbs,words
ꢦꢶꢱ꣄ꢒꢫꢶ ꢙꢵ,पिस्कयि जा,பிஸ்கயி ஜா,piskayi jaa,piskayi jA,piskayi jā,pɪs̪kəjɪ d͡ʒɑː,be strangled,நெரி,Simple-Verbs,words
ꢦꢶꢱ꣄ꢒꢶ,पिस्कि,பிஸ்கி,piski,piski,piski,pɪs̪kɪ,squeeze,நெருக்கு,Simple-Verbs,words
ꢩꣁꢬ꣄ꢮꢵꢜ꣄,भोर्वाट,பொ4ர்வாட்,bho'rvaat',bhOrvAT,bhŏrvāṭ,bʰoɾʋɑːʈ,fill up,நிரப்பு,Simple-Verbs,words
ꢩꣁꢬ꣄ꢮꢫꢶ ꢬꢴꢵ,भा॑र्वयि र्हा,பொ4ர்வயி ரா:,bho'rvayi rhaa,bhOrvayi rhA,bhŏrvayi rhā,bʰoɾʋəjɪ ɾɦɑː,fill up,நிரம்பு,Simple-Verbs,words
ꢣꣁꢨ꣄ꢨꢶ,दा॑ब्बि,தொ3ப்3பி3,do'bbi,dObbi,dŏbbi,d̪obbɪ,reject,நிராகரி,Simple-Verbs,words
ꢥꢶꢬꢵꢒꢿꢬ꣄,निराकेर,நிராகேர்,niraaker,nirAker,nirāker,n̪ɪɾɑːkeːɾ,reject,நிராகரி,Simple-Verbs,words
ꢥꢶꢬꢵꢒꢬꢠꣁ ꢒꢿꢬ꣄,निराकरणा॑ केर,நிராகரணொ கேர்,niraakarano' ker,nirAkaraNO ker,nirākaraṇŏ ker,n̪ɪɾɑːkəɾəɳo keːɾ,reject,நிராகரி,Simple-Verbs,words
ꢬꢸꢙꢸꢒꢿꢬ꣄,रुजुकेर,ருஜு கேர்,rujuker,rujuker,rujuker,ɾud͡ʒukeːɾ,prove,நிரூபி,Simple-Verbs,words
ꢲꢶꢨ꣄ꢨꢶ,हिब्बि,ஹிப்3பி3,hibbi,hibbi,hibbi,ɦɪbbɪ,Stop/halt,நில்,Simple-Verbs,words
ꢬꢴꢵ:,र्हा,ரா:,rhaa:,rhA:,rhā:,ɾɦɑː:,prevail,நிலவு,Simple-Verbs,words
ꢱ꣄ꢡꢵꢦꢥꣁ ꢲꣁꢫ꣄ ꢬꢴꢵ,स्तापना॑ हा॑य र्हा,ஸ்தாபனொ ஹொய் ரா:,staapano' ho'y rhaa,stApanO hOy rhA,stāpanŏ hŏy rhā,s̪t̪ɑːpən̪o ɦoj ɾɦɑː,be established,நிலை,Simple-Verbs,words
ꢥ꣄ꢬꢹꢦꢠꣁ ꢲꣁꢫ꣄ ꢬꢴꢵ,न्रूपणो हा॑य्रा,ந்ரூபணொ ஹொய் ரா:,nroopano' ho'y rhaa,nrUpaNO hOy rhA,nrūpaṇŏ hŏy rhā,n̪ɾuːpəɳo ɦoj ɾɦɑː,be established,நிலை,Simple-Verbs,words
ꢲꢜ꣄ꢮꢶ,हट्वि,ஹட்வி,hat'vi,haTvi,haṭvi,ɦəʈʋɪ,think,நினை,Simple-Verbs,words
ꢪꣁꢬꢶ ꢙꢵ,मा॑रि जा,மொரி ஜா,mo'ri jaa,mOri jA,mŏri jā,moɾɪ d͡ʒɑː,leave,நீ,Simple-Verbs,words
ꢲꢶꢜ꣄ꢜꢫꢶ ꢙꢵ,हिट्टयि जा,ஹிட்டயி ஜா,hit't'ayi jaa,hiTTayi jA,hiṭṭayi jā,ɦɪʈʈəjɪ d͡ʒɑː,remove,நீங்கு,Simple-Verbs,words
ꢅꢣꣁꢓꢵꢳ꣄,ईदा॑ खाळ,ஈதொ3கா2ள்,eedo'khaal',IdOkhAL,īdŏkhāl̤,iːd̪okʰɑːɭ,swim,நீந்து,Simple-Verbs,words
ꢆꢞ꣄ꢗꢶ,उड्चि,உட்சி,ud'chi,uDci,uḍci,uɖt͡ʃɪ,stretch,நீட்டு,Simple-Verbs,words
ꢭꢪ꣄ꢨꢸꢒꢾꢬ꣄,लम्बुकेर्,லம்பு3கேர்,lambuke'r,lambukEr,lambukĕr,ləmbukeɾ,stretch,நீட்டு,Simple-Verbs,words
ꢦ꣄ꢬꢿꢮ꣄ ꢒꢿꢬ꣄,प्रेव केर,ப்ரேவ் கேர்,prev ker,prev ker,prev ker,pɾeːʋ keːɾ,love,நேசி,Simple-Verbs,words
ꢲꣂ,हो,ஹோ,ho,ho,ho,ɦoː,happen,நேர்,Simple-Verbs,words
ꢙꢷꢬ꣄ꢠꢸ ꢲꣁꢫ꣄ꢙꢵ,जीर्णु हा॑य्जा,ஜீர்ணு ஹொய் ஜா,jeernu ho'yjaa,jIrNu hOyjA,jīrṇu hŏyjā,d͡ʒiːɾɳu ɦojd͡ʒɑː,Wear out,நை,Simple-Verbs,words
ꢄꢡ꣄ꢡꢶ ꢙꢵ,इत्ति जा,இத்தி ஜா,itti jaa,itti jA,itti jā,ɪt̪t̪ɪ d͡ʒɑː,Wear out,நை,Simple-Verbs,words
ꢮꢔꢶꢠ꣄ꢞꢶꢭꢶ ꢗꢵꢭ꣄,वगिण्टिलि चाल,வகி3ண்டிலி சால்,vagind'ili chaal,vagiNDili cAl,vagiṇḍili cāl,ʋəgɪɳɖɪlɪ t͡ʃɑːl,limp,நொண்டு,Simple-Verbs,words
ꢔꢸꢣ꣄ꢣꢶ ꢧꣁꢜ꣄,गुद्दि फोट,கு3த்3தி3 போ2ட்,guddi pho't',guddi phOT,guddi phŏṭ,gud̪d̪ɪ pʰoʈ,smash,நொறுக்கு,Simple-Verbs,words
ꢲꢥꢶ ꢧꣁꢜ꣄,हनि फोट,ஹனி போ2ட்,hani pho't',hani phOT,hani phŏṭ,ɦən̪ɪ pʰoʈ,smash,நொறுக்கு,Simple-Verbs,words
ꢩꢸꢬ꣄ꢒꣁ ꢲꣂ,भुर्को हो,பு4ர்கொ ஹோ,bhurko' ho,bhurkO ho,bhurkŏ ho,bʰuɾko ɦoː,be smashed,நொறுங்கு,Simple-Verbs,words
ꢣꢸꢮ꣄ꢥꣁ ꢭꢵꢔ꣄,दुव्ना॑ लाग,து3வ்னொ லாக்3,duvno' laag,duvnO lAg,duvnŏ lāg,d̪uʋn̪o lɑːg,pain,நோ,Simple-Verbs,words
ꢱꢵ,सा,ஸா,saa,sA,sā,s̪ɑː,look,நோக்கு,Simple-Verbs,words
ꢒꣁꢮ꣄ꢬꢶ,का॑व्रि,கொவ்ரி,ko'vri,kOvri,kŏvri,koʋɾɪ,dig,நோண்டு,Simple-Verbs,words
ꢡꢦꢱ꣄ꢒꢾꢬ꣄,तपस्केर्,தபஸ்கேர்,tapaske'r,tapaskEr,tapaskĕr,t̪əpəs̪keɾ,do penance,நோன்,Simple-Verbs,words
ꢨꢲꢶꢱ꣄ꢒꢵꢬ꣄ ꢒꢿꢬ꣄,बहिस्कार केर,ப3ஹிஸ்கார் கேர்,bahiskaar ker,bahiskAr ker,bahiskār ker,bəɦɪs̪kɑːɾ keːɾ,Cast out,பகிஷ்கரி,Simple-Verbs,words
ꢩꢵꢔ꣄ꢒꢿꢬ꣄,भाग्केर,பா4க்3கேர்,bhaagker,bhAgker,bhāgker,bʰɑːgkeːɾ,parse,பகு,Simple-Verbs,words
ꢮꢶꢬꣁꢤ꣄ꢒꢿꢬ꣄,विरोध्केर,விரோத்4 கேர்,viro'dhker,virOdhker,virŏdhker,ʋɪɾod̪ʰkeːɾ,antoganize,பகை,Simple-Verbs,words
ꢦ꣄ꢬꢿꢮꢸꢬ꣄ ꢮꢶꢣꢶ ꢪꣂꢱ꣄ ꢒꢿꢬ꣄,प्रेवुर वदि मोस केर,ப்ரேவுர் வதி3 மோஸ் கேர்,prevur vidi mos ker,prevur vidi mos ker,prevur vidi mos ker,pɾeːʋuɾ ʋɪd̪ɪ moːs̪ keːɾ,deceiving with sweet words,பசப்பு,Simple-Verbs,words
ꢪꢫꢵꢭ꣄ꢒꢥꢶ ꢪꣂꢱ꣄ ꢒꢿꢬ꣄,मयाल कनि मोस केर,மயால்கனி மோஸ் கேர்,mayaalkani mos ker,mayAlkani mos ker,mayālkani mos ker,məjɑːlkən̪ɪ moːs̪ keːɾ,deceiving with sweet words,பசப்பு,Simple-Verbs,words
ꢪꢫꢵꢭ꣄ ꢒꢾꢬꢶ ꢪꣂꢱ꣄ ꢒꢿꢬ꣄,मयाल केरि मोस केर,மயால் கெரி மோஸ் கேர்,mayaal ke'ri mos ker,mayAl kEri mos ker,mayāl kĕri mos ker,məjɑːl keɾɪ moːs̪ keːɾ,deceiving with sweet words,பசப்பு,Simple-Verbs,words
ꢩꢹꢒ꣄ꢭꢔꢫꢶ ꢬꢴꢵ,भूक्लगयि र्हा,பூ4க்லக3யி ரா:,bhooklagayi rhaa,bhUklagayi rhA,bhūklagayi rhā,bʰuːkləgəjɪ ɾɦɑː,feel hungry,பசி,Simple-Verbs,words
ꢤꢪꢵꢤꢵꢪꢸꢬ꣄ ꢬꢴꢵ,धमाधामुर र्हा,த4மாதா4முர் ரா:,dhamaadhaamur rhaa,dhamAdhAmur rhA,dhamādhāmur rhā,d̪ʰəmɑːd̪ʰɑːmuɾ ɾɦɑː,flutter,படபட,Simple-Verbs,words
ꢦꢾꢬ꣄ꢦꢫꢶ ꢬꢴꢵ,प॑र्पयि र्हा,பெர்பயி ரா:,pe'rpayi rhaa,pErpayi rhA,pĕrpayi rhā,peɾpəjɪ ɾɦɑː,spread,படர்,Simple-Verbs,words
ꢥꢶꢭ꣄ꢗꢫꢶꢬꢴꢵ,निल्चयि र्हा,நிள்சயி ரா:,nilchayirhaa,nilcayirhA,nilcayirhā,n̪ɪlt͡ʃəjɪɾɦɑː,settle down,படி,Simple-Verbs,words
ꢗꢾꢮ꣄ꢣꢶ,च॑व्दि,செவ்தி3,che'vdi,cEvdi,cĕvdi,t͡ʃeʋd̪ɪ,"study, read",படி,Simple-Verbs,words
ꢥꢶꢛ꣄ꢙꢶ,निञ्जि,நிஞ்ஜி,ninji,niJji,niñji,n̪ɪɲd͡ʒɪ,lie down,படு,Simple-Verbs,words
ꢯꢫꢥꣁ ꢒꢿꢬ꣄,शयना॑केर,ஶயனொ கேர்,shayano' ker,zayanO ker,śayanŏ ker,ʃəjən̪o keːɾ,lie down,படு,Simple-Verbs,words
ꢕꢵꢭ꣄,घाल्,கா4ல்,ghaal,ghAl,ghāl,gʰɑːl,offer,படை,Simple-Verbs,words
ꢒꢾꢬ꣄,केर्,கேர்,ke'r,kEr,kĕr,keɾ,do,பண்ணு,Simple-Verbs,words
ꢃꢙ꣄ꢛꣁ ꢣꢿ,आज्ना॑ दे,ஆஜ்ஞொ தே3,aajnyo' de,AjJO de,ājñŏ de,ɑːd͡ʒɲo d̪eː,order,பணி,Simple-Verbs,words
ꢃꢙ꣄ꢛꣁ ꢦꢵꢭꢥꣁ ꢒꢿꢬ꣄,आज्ना॑ पालना॑ केर,ஆஜ்ஞொ பாலனொ கேர்,aajnyo' paalano' ker,AjJO pAlanO ker,ājñŏ pālanŏ ker,ɑːd͡ʒɲo pɑːlən̪o keːɾ,Obey,பணி,Simple-Verbs,words
ꢃꢙ꣄ꢛꣁ ꢤꢵꢥꢸ ꢗꢵꢭ꣄,आज्ना॑ धानु चाल,ஆஜ்ஞொ தா4னு சால்,aajnyo' dhaanu chaal,AjJO dhAnu cAl,ājñŏ dhānu cāl,ɑːd͡ʒɲo d̪ʰɑːn̪u t͡ʃɑːl,Obey,பணி,Simple-Verbs,words
ꢨꢾꢣꢸꢬ꣄,ब॑दुर्,பெ3து3ர்,be'dur,bEdur,bĕdur,bed̪uɾ,tremble,பதறு,Simple-Verbs,words
ꢥꢶꢪ꣄ꢦꢫꢶ ꢙꢵ,निम्पयि जा,நிம்பயி ஜா,nimpayi jaa,nimpayi jA,nimpayi jā,n̪ɪmpəjɪ d͡ʒɑː,record,பதி,Simple-Verbs,words
ꢦꢛ꣄ꢙꢷꢒꢬꢠꣁ ꢲꣂ,पञ्जीकरणा॑ हो,பஞ்ஜீகரணொ ஹோ,panjeekarano' ho,paJjIkaraNO ho,pañjīkaraṇŏ ho,pəɲd͡ʒiːkəɾəɳo ɦoː,record,பதி,Simple-Verbs,words
ꢥꢶꢪ꣄ꢦꢶ,निम्पि,நிம்பி,nimpi,nimpi,nimpi,n̪ɪmpɪ,"record, imprint",பதி,Simple-Verbs,words
ꢦꢛ꣄ꢙꢷꢒꢬꢠꣁ ꢒꢿꢬ꣄,पञ्जीकरणा॑ केर,பஞ்ஜீகரணொ கேர்,panjeekarano' ker,paJjIkaraNO ker,pañjīkaraṇŏ ker,pəɲd͡ʒiːkəɾəɳo keːɾ,"record, imprint",பதி,Simple-Verbs,words
ꢭꢸꢒ꣄ꢒꢵꢜ꣄,लुक्काट्,லுக்காட்,lukkaat',lukkAT,lukkāṭ,lukkɑːʈ,Hoard,பதுக்கு,Simple-Verbs,words
ꢭꢸꢒ꣄ꢒꢶꢭꢶ ꢬꢴꢵ,लुक्किलि र्हा,லுக்கிலி ரா:,lukkili rhaa,lukkili rhA,lukkili rhā,lukkɪlɪ ɾɦɑː,Hide,பதுங்கு,Simple-Verbs,words
ꢂꢭ꣄ꢭꢵꢜ꣄,अल्लाट,அல்லாட்,allaat',allAT,allāṭ,əllɑːʈ,Get agitated,பதை,Simple-Verbs,words
ꢦꢱ꣄ꢒꢜ꣄ ꢓꢵꢜ꣄,पस्कट खाट,பஸ்கட் கா2ட்,paskat' khaat',paskaT khAT,paskaṭ khāṭ,pəs̪kəʈ kʰɑːʈ,Talk hesitantly,பம்மு,Simple-Verbs,words
ꢤꢒ꣄ꢒꢶ ꢬꢴꢵ,धक्कि र्हा,த4க்கி ரா:,dhakki rhaa,dhakki rhA,dhakki rhā,d̪ʰəkkɪ ɾɦɑː,Fear/ be afraid,பய,Simple-Verbs,words
ꢗꢾꢮ꣄ꢣꢶ,च॑व्दि,செவ்தி3,che'vdi,cEvdi,cĕvdi,t͡ʃeʋd̪ɪ,learn,பயில்,Simple-Verbs,words
ꢅꢔ꣄,ईग,ஈக்3,eeg,Ig,īg,iːg,learn,பயில்,Simple-Verbs,words
ꢗꢾꢮ꣄ꢣꢵꢜ꣄,च॑व्दाट,செவ்தா3ட்,che'vdaat',cEvdAT,cĕvdāṭ,t͡ʃeʋd̪ɑːʈ,teach,பயிற்று,Simple-Verbs,words
ꢄꢔꢵꢜ꣄,इगाट,இகா3ட்,igaat',igAT,igāṭ,ɪgɑːʈ,teach,பயிற்று,Simple-Verbs,words
ꢂꢭ꣄ꢭꢵꢞꢸꢪ꣄ ꢬꢴꢵ,अल्लाडुम र्हा,அல்லாடு3ம் ரா:,allaad'um rhaa,allADum rhA,allāḍum rhā,əllɑːɖum ɾɦɑː,be in a hurry,பரபர,Simple-Verbs,words
ꢦꢵꢭꢥꣁ ꢒꢿꢬ꣄,पालना॓ केर,பாலனொ கேர்,paalano' ker,pAlanO ker,pālanŏ ker,pɑːlən̪o keːɾ,support and nourish,பராமரி,Simple-Verbs,words
ꢆꢒ꣄ꢒꢶ,उक्कि,உக்கி,ukki,ukki,ukki,ukkɪ,Seize / snatch,பறி,Simple-Verbs,words
ꢚꢾꢭ꣄ꢦꢶ,झेल्पि,ஜெ2ல்பி,jhe'lpi,jhElpi,jhĕlpi,d͡ʒʰelpɪ,Seize / snatch,பறி,Simple-Verbs,words
ꢱꣂꢤꢥꣁ ꢒꢿꢬ꣄,सा॑धना॑ केर,ஸோத4னொகேர்,sodhano' ker,sodhanO ker,sodhanŏ ker,s̪oːd̪ʰən̪o keːɾ,"test, examine",பரிசோதி,Simple-Verbs,words
ꢂꢭ꣄ꢭꢵꢜ꣄,अल्लाट्,அல்லாட்,allaat',allAT,allāṭ,əllɑːʈ,Be agitated,பரிதவி,Simple-Verbs,words
ꢦꢬꢶꢦꢵꢭꢥꣁ ꢒꢿꢬ꣄,परिपालना॑ केर,பரிபாலனொ கேர்,paripaalano' ker,paripAlanO ker,paripālanŏ ker,pəɾɪpɑːlən̪o keːɾ,rule,பரிபாலி,Simple-Verbs,words
ꢮꢱ꣄ꢥꣁ ꢣꢿꢱ꣄ꢡꢶ ꢱꣁ ꢲꣁ,वस्ना॑देस्तिसा॑ हा॑,வஸ்னொ தே3ஸ்திஸொ ஹொ,vasno' desti so' ho',vasnO desti sO hO,vasnŏ desti sŏ hŏ,ʋəs̪n̪o d̪eːs̪t̪ɪ s̪o ɦo,be fragrant,பரிமளி,Simple-Verbs,words
ꢲꣁꢞ꣄ꢮꢶ,हा॑ड्वि,ஹொட்3வி,ho'd'vi,hODvi,hŏḍvi,ɦoɖʋɪ,serve,பரிமாறு,Simple-Verbs,words
ꢣꢾꢳ꣄꣄ꢒꣁ ꢦꣂꢜ꣄,द॑ळ्का॑ पोट,தெ3ள்கொபோட்,de'l'ko' pot',dELkO poT,dĕl̤kŏ poṭ,d̪eɭko poːʈ,become stout,பரு,Simple-Verbs,words
ꢨꢿ,पे,பே,be,be,be,beː,drink,பருகு,Simple-Verbs,words
ꢗꢾꢜ꣄ꢮꢫꢶ ꢬꢴꢵ,च॑ट्वयि र्हा,செட்வயி ரா:,che't'vayi rhaa,cETvayi rhA,cĕṭvayi rhā,t͡ʃeʈʋəjɪ ɾɦɑː,Increase,பல்கு,Simple-Verbs,words
ꢮꢿꢥ꣄ ꢲꣂ ꢚꢸꢒ꣄ꢒꢸ ꢲꣂ,वेन हो,வேன் ஹோ,ven ho jhukku ho,ven ho jhukku ho,ven ho jhukku ho,ʋeːn̪ ɦoː d͡ʒʰukku ɦoː,Increase,பல்கு,Simple-Verbs,words
ꢦꢭꢶꢛ꣄ꢗꢶ,फलिञ्चि,ப2லிஞ்சி,palinchi,paliJci,paliñci,pəlɪɲt͡ʃɪ,produce result,பலி,Simple-Verbs,words
ꢮꢜ꣄ꢒꢾ ꢒꢿꢬ꣄,वट्क॑ केर्,வட்கெகேர்,vat'ke' ker,vaTkE ker,vaṭkĕ ker,ʋəʈke keːɾ,tame,பழக்கு,Simple-Verbs,words
ꢦꣁꢳ꣄ꢔꢶ,पा॑ळ्गि,பொள்கி3,po'l'gi,pOLgi,pŏl̤gi,poɭgɪ,mix with,பழகு,Simple-Verbs,words
ꢦꣁꢬꣁ ꢕꢵꢭ꣄,पा॑रा॑ घाल,பொரொ கா4ல்,po'ro' ghaal,pOrO ghAl,pŏrŏ ghāl,poɾo gʰɑːl,Blame,பழி,Simple-Verbs,words
ꢗꢹꢒ꣄ ꢱꢖ꣄ꢔꢶ,चूक सङ्गि,சூக் ஸங்கி3,chook sangi,cUk saGgi,cūk saṅgi,t͡ʃuːk s̪əŋgɪ,Blame,பழி,Simple-Verbs,words
ꢚꣂꢭꢶꢛ꣄ꢗꢶ,झा॑लिञ्चि,ஜொ2லிஞ்சி,jholinchi,jholiJci,jholiñci,d͡ʒʰoːlɪɲt͡ʃɪ,glitter,பளபள,Simple-Verbs,words
ꢤꢾꢬ꣄꣄ꢭꢾ,ध॑र्ल॑,தெ4ர்லே,dhe'rle',dhErlE,dhĕrlĕ,d̪ʰeɾle,hold,பற்று,Simple-Verbs,words
ꢲꢸꢞ꣄,हूड्,ஹூட்3,hud',huD,huḍ,ɦuɖ,fly,பற,Simple-Verbs,words
ꢦ꣄ꢬꢒꢜꢥꣁ ꢒꢿꢬ꣄,प्रकटना॑ केर,ப்ரகடனொ கேர்,prakat'ano' ker,prakaTanO ker,prakaṭanŏ ker,pɾəkəʈən̪o keːɾ,proclaim,பறை,Simple-Verbs,words
ꢦꢥꢶ ꢨꢶꢥ꣄ꢣꢸꢥ꣄ ꢪꢶꢳꢫꢶ ꢬꢴꢵ,पनि बिन्दुन मिळयि र्हा,பனி பி3ந்து3ன் மிளயி ரா:,pani bindun mil'ayi rhaa,pani bindun miLayi rhA,pani bindun mil̤ayi rhā,pən̪ɪ bɪn̪d̪un̪ mɪɭəjɪ ɾɦɑː,"collect dew, filled with tears",பனி,Simple-Verbs,words
ꢣꣁꢭꢵꢪ꣄ꢦꢥꢶ ꢲꢶꢨ꣄ꢨꢶ ꢬꢴꢵ,दोलाम पनि हिब्बि र्हा,தொ3ளாம்பனி ஹிப்3பி3 ரா:,do'laampani hibbi rhaa,dOlAmpani hibbi rhA,dŏlāmpani hibbi rhā,d̪olɑːmpən̪ɪ ɦɪbbɪ ɾɦɑː,"collect dew, filled with tears",பனி,Simple-Verbs,words
ꢔꢵꢮ꣄,गाव,கா3வ்,gaav,gAv,gāv,gɑːʋ,sing,பாடு,Simple-Verbs,words
ꢨꢵꢤꣁ ꢒꢿꢬ꣄,बाधा॑ केर,பா3தொ4 கேர்,baadho' ker,bAdhO ker,bādhŏ ker,bɑːd̪ʰo keːɾ,Affect,பாதி,Simple-Verbs,words
ꢨꢵꢤꣁ ꢦꣁꢥ꣄ꢣꢵꢜ꣄,बाधा॑ पा॑न्दाट,பா3தொ4 பொந்தா3ட்,baadho' po'ndaat',bAdhO pOndAT,bādhŏ pŏndāṭ,bɑːd̪ʰo pon̪d̪ɑːʈ,Affect,பாதி,Simple-Verbs,words
ꢬꢒ꣄ꢰꢠꣁ ꢒꢿꢬ꣄,ꢬरक्षणा॑ केर,ரக்ஷணொ கேர்,rakshano' ker,rakSaNO ker,rakṣaṇŏ ker,ɾəkʂəɳo keːɾ,protect,பாதுகா,Simple-Verbs,words
ꢬꢒ꣄ꢰꢶ,रक्षि,ரக்ஷி,rakshi,rakSi,rakṣi,ɾəkʂɪ,protect,பாதுகா,Simple-Verbs,words
ꢦ꣄ꢬꢮꢲꢶ,प्रवहि,ப்ரவஹி,pravahi,pravahi,pravahi,pɾəʋəɦɪ,Flood/run in spate,பாய்,Simple-Verbs,words
ꢦꢵꢱꢥꣁ ꢒꢿꢬ꣄,पासना॑ केर,பாஸனொ கேர்,paasano' ker,pAsanO ker,pāsanŏ ker,pɑːs̪ən̪o keːɾ,Irrigate/flush,பாய்ச்சு,Simple-Verbs,words
ꢱꢵ,सा,ஸா,saa,sA,sā,s̪ɑː,See/look,பார்,Simple-Verbs,words
ꢕꢾꢥꢪ꣄ ꢒꢿꢬ꣄,घेनम केर,கெ4னம் கேர்,ghe'nam ker,ghEnam ker,ghĕnam ker,gʰen̪əm keːɾ,Praise/honour,பாராட்டு,Simple-Verbs,words
ꢕꣃꢬ꣄ꢡꣁ ꢒꢿꢬ꣄,गौर्तो केर,கௌ3ர்தொ கேர்,ghaurto' ker,ghaurtO ker,ghaurtŏ ker,gʰəuɾt̪o keːɾ,Praise/honour,பாராட்டு,Simple-Verbs,words
ꢯ꣄ꢭꢵꢕꢥꣁ ꢒꢿꢬ꣄,श्लाघना॑ केर,ஶ்லாக4னொ கேர்,shlaaghano' ker,zlAghanO ker,ślāghanŏ ker,ʃlɑːgʰən̪o keːɾ,Praise/honour,பாராட்டு,Simple-Verbs,words
ꢆꢦꢫꣂꢒ꣄ ꢒꢿꢬ꣄,उपयोक केर,உபயோக் கேர்,upayok ker,upayok ker,upayok ker,upəjoːk keːɾ,use,பாவி,Simple-Verbs,words
ꢥꢹꢔ꣄,नूग,நூக்3,noog,nUg,nūg,n̪uːg,use,பாவி,Simple-Verbs,words
ꢕꢵꢭ꣄,घाल्,கா4ல்,ghaal,ghAl,ghāl,gʰɑːl,sow,பாவு,Simple-Verbs,words
ꢪꢥ꣄ꢡꢸꢱꢾꢬ ꢬꢴꢵ,मन्तुस॑र र्हा,மந்துஸெர ரா:,mantuse'ra rhaa,mantusEra rhA,mantusĕra rhā,mən̪t̪us̪eɾə ɾɦɑː,Have flaw,பிசகு,Simple-Verbs,words
ꢗꢶꢔꢸꢜ꣄ꢜꢒꢥꢶ ꢬꢴꢵ,चिगुट्टकनि र्हा,சிகு3ட்டகனி ரா:,chigut't'akani rhaa,ciguTTakani rhA,ciguṭṭakani rhā,t͡ʃɪguʈʈəkən̪ɪ ɾɦɑː,be sticky,பிசுபிசு,Simple-Verbs,words
ꢒꢸꢱꢶꢬ꣄,कुसिर,குஸிர்,kusir,kusir,kusir,kus̪ɪɾ,"squeeze, knead",பிசை,Simple-Verbs,words
ꢤꢾꢬ꣄,ध॑र,தே4ர்,dhe'r,dhEr,dhĕr,d̪ʰeɾ,catch,பிடி,Simple-Verbs,words
ꢆꢒ꣄ꢒꢶ,उक्कि,உக்கி,ukki,ukki,ukki,ukkɪ,snatch,பிடுங்கு,Simple-Verbs,words
ꢪꣁꢥ꣄ꢥꢸꢩꢿꢡ꣄ ꢲꣂ,मा॑न्नुभेत हो,மொன்னுபே4த் ஹோ,mo'nnubhet ho,mOnnubhet ho,mŏnnubhet ho,mon̪n̪ubʰeːt̪ ɦoː,Dissent/tussle,பிணக்கு,Simple-Verbs,words
ꢪꢶꢭꢶ ꢬꢴꢵ,मिलि र्हा,மிளி ரா:,mili rhaa,mili rhA,mili rhā,mɪlɪ ɾɦɑː,Entangle/,பிணி,Simple-Verbs,words
ꢒꢸꢜ꣄ꢒꢵꢥ꣄ ꢗꢾꢬꢶ ꢬꢴꢵ,कुट्कान च॑रि र्हा,குட்கான் செரி ரா:,kut'kaan che'ri rhaa,kuTkAn cEri rhA,kuṭkān cĕri rhā,kuʈkɑːn̪ t͡ʃeɾɪ ɾɦɑː,Entangle/,பிணி,Simple-Verbs,words
ꢒꢸꢜ꣄ꢒꢵꢥ꣄ ꢱꢥ꣄ꢤꢫꢶ ꢬꢴꢵ,कुट्कान सन्धयि र्हा,குட்கான் ஸந்த4யி ரா:,kut'kaan sandhayi rhaa,kuTkAn sandhayi rhA,kuṭkān sandhayi rhā,kuʈkɑːn̪ s̪ən̪d̪ʰəjɪ ɾɦɑː,Entangle/,பிணி,Simple-Verbs,words
ꢒꢸꢜ꣄ꢒꢵꢥ꣄ ꢗꢾꢬ꣄ꢗꢶ,कुट्कान च॑र्चि,குட்கான் செர்சி,kut'kaan che'rchi,kuTkAn cErci,kuṭkān cĕrci,kuʈkɑːn̪ t͡ʃeɾt͡ʃɪ,join,பிணை,Simple-Verbs,words
ꢒꢸꢜ꣄ꢒꢵꢥ꣄ ꢱꢥ꣄ꢤꢶ,कुट्कान सन्धि,குட்கான் ஸந்தி4,kut'kaan sandhi,kuTkAn sandhi,kuṭkān sandhi,kuʈkɑːn̪ s̪ən̪d̪ʰɪ,join,பிணை,Simple-Verbs,words
ꢔꣁꢳ ꢔꣁꢳꢫꢶ ꢬꢴꢵ,गा॑ळ्गा॑ळयि र्हा,கொ3ளகொ3ளயி ரா:,go'l'a go'l'ayi rhaa,gOLa gOLayi rhA,gŏl̤a gŏl̤ayi rhā,goɭə goɭəjɪ ɾɦɑː,babble /prate,பிதற்று,Simple-Verbs,words
ꢦꢶꢱ꣄ꢒꢶ,पिस्कि,பிஸ்கி,piski,piski,piski,pɪs̪kɪ,Press out,பிதுக்கு,Simple-Verbs,words
ꢦꢶꢱ꣄ꢒꢫꢶ ꢙꢵ,पिस्कयि जा,பிஸ்கயி ஜா,piskayi jaa,piskayi jA,piskayi jā,pɪs̪kəjɪ d͡ʒɑː,be pressed out,பிதுங்கு,Simple-Verbs,words
ꢦꢱ꣄ꢒꢜ꣄ ꢦꣂꢜ꣄,पस्कट पोट,பஸ்கட் போட்,paskat' pot',paskaT poT,paskaṭ poṭ,pəs̪kəʈ poːʈ,stay behind,பிந்து,Simple-Verbs,words
ꢧꢜ꣄ꢜꢶ ꢬꢴꢵ,फट्टि र्हा,ப2ட்டி ரா:,phat't'i rhaa,phaTTi rhA,phaṭṭi rhā,pʰəʈʈɪ ɾɦɑː,be torn,பிய்,Simple-Verbs,words
ꢧꢵꢜ꣄ꢜ,फाट्,பா2ட்,phaat't'a,phATTa,phāṭṭa,pʰɑːʈʈə,tear,பிய்,Simple-Verbs,words
ꢚꣁꢭꢶꢛ꣄ꢗꢶ,झा॑लिञ्चि,ஜொ2லிஞ்சி,jho'linchi,jhOliJci,jhŏliñci,d͡ʒʰolɪɲt͡ʃɪ,shine,பிரகாசி,Simple-Verbs,words
ꢙꢿꢥ꣄,जेन्,ஜேன்,jen,jen,jen,d͡ʒeːn̪,deliver,பிரசவி,Simple-Verbs,words
ꢦ꣄ꢬꢡꢶꢦ꣄ꢬꢒꢵꢯ꣄ ꢒꢿꢬ꣄,प्रतिप्ररकाश केर,ப்ரதிப்ரகாஶ் கேர்,pratiprakaash ker,pratiprakAz ker,pratiprakāś ker,pɾət̪ɪpɾəkɑːʃ keːɾ,reflect,பிரதிபலி,Simple-Verbs,words
ꢃꢯ꣄꣄ꢗꢬ꣄ꢫꢸ ꢲꣂ,आश्चर्यु हो,ஆஶ்சர்யு ஹோ,aashcharyu ho,Azcaryu ho,āścaryu ho,ɑːʃt͡ʃəɾju ɦoː,Wonder,பிரமி,Simple-Verbs,words
ꢆꢦꢫꣁꢔ꣄ ꢒꢿꢬ꣄,उपयोक केर,உபயோக் கேர்,upayo'g ker,upayOg ker,upayŏg ker,upəjog keːɾ,use,பிரயோகி,Simple-Verbs,words
ꢦ꣄ꢬꢮꢿꢯ꣄ ꢒꢿꢬ꣄,प्रवेश केर,ப்ரவேஶ் கேர்,pravesh ker,pravez ker,praveś ker,pɾəʋeːʃ keːɾ,enter,பிரவேசி,Simple-Verbs,words
ꢮꢜꣁ ꢲꣁꢫ꣄ꢬꢴꢵ,वटा॑ हा॑य र्हा,வடொ ஹொய் ரா:,vat'o' ho'yrhaa,vaTO hOyrhA,vaṭŏ hŏyrhā,ʋəʈo ɦojɾɦɑː,be separated,பிரி,Simple-Verbs,words
ꢮꢜꣁ ꢲꣂ,वटो हो,வடொ ஹோ,vat'o' ho,vaTO ho,vaṭŏ ho,ʋəʈo ɦoː,be separated,பிரி,Simple-Verbs,words
ꢮꢜꣁ ꢒꢿꢬ꣄,वटा॑ केर,வடொ கேர்,vat'o' ker,vaTO ker,vaṭŏ ker,ʋəʈo keːɾ,separate,பிரி,Simple-Verbs,words
ꢩꢵꢔ꣄ ꢒꢿꢬ꣄,भाग केर,பா4க்3 கேர்,bhaag ker,bhAg ker,bhāg ker,bʰɑːg keːɾ,separate,பிரி,Simple-Verbs,words
ꢦ꣄ꢬꢾꢬꢥꣁ ꢒꢿꢬ꣄,प्रेरना॑ केर,ப்ரேரனொ கேர்,pre'rano' ker,prEranO ker,prĕranŏ ker,pɾeɾən̪o keːɾ,propose,பிரேரி,Simple-Verbs,words
ꢦꢶꢳ꣄,पिळ्,பீள்,pil',piL,pil̤,pɪɭ,squeeze,பிழி,Simple-Verbs,words
ꢙꢶꢮ꣄ꢭꢶ ꢬꢴꢵ,जिव्लि र्हा,ஜிவ்லி ரா:,jivli rhaa,jivli rhA,jivli rhā,d͡ʒɪʋlɪ ɾɦɑː,survive,பிழை,Simple-Verbs,words
ꢧꢵꢜ꣄ ꢒꢿꢬ꣄,फाट केर,பா2ட் கேர்,phaat' ker,phAT ker,phāṭ ker,pʰɑːʈ keːɾ,split,பிள,Simple-Verbs,words
ꢕꢶꢶꢪ꣄ꢒꢵꢬ꣄ ꢒꢿꢬ꣄,घिम्कार केर,கி4ம்கார் கேர்,ghiimkaar ker,ghiimkAr ker,ghiimkār ker,gʰɪɪmkɑːɾ keːɾ,trumpet,பிளிறு,Simple-Verbs,words
ꢇꢙ꣄,ऊज,ஊஜ்,ooj,Uj,ūj,uːd͡ʒ,take birth,பிற,Simple-Verbs,words
ꢱꢸꢜ꣄ꢜꢶ ꢙꢵ,सुट्टि जा,ஸுட்டி ஜா,sut't'i jaa,suTTi jA,suṭṭi jā,s̪uʈʈɪ d͡ʒɑː,slip,பிறழ்,Simple-Verbs,words
ꢱꢸꢫꢦ꣄ꢬꢩꢵꢮ꣄ ꢔꢵꢮ꣄,सुयप्रभाव गाव,ஸுயப்ரபா4வ் கா3வ்,suyaprabhaav gaav,suyaprabhAv gAv,suyaprabhāv gāv,s̪ujəpɾəbʰɑːʋ gɑːʋ,praise self,பீத்து,Simple-Verbs,words
ꢙꣁꢪꢵꢜ꣄,जा॑माट्,ஜெமாட்,jo'maat',jOmAT,jŏmāṭ,d͡ʒomɑːʈ,feed,புகட்டு,Simple-Verbs,words
ꢪꢾꢬ꣄ꢗꢶ,म॑र्चि,மெர்சி,me'rchi,mErci,mĕrci,meɾt͡ʃɪ,praise,புகழ்,Simple-Verbs,words
ꢤꢹꢬ꣄,तूर्,தூர்,dhoor,dhUr,dhūr,d̪ʰuːɾ,enter,புகு,Simple-Verbs,words
ꢡꢸꢬꢵꢜ꣄,तुराट्,துராட்,turaat',turAT,turāṭ,t̪uɾɑːʈ,thrust,புகுத்து,Simple-Verbs,words
ꢤꢸꢪꢫꢶ ꢬꢴꢵ,धुमयि र्हा,து4மயி ரா:,dhumayi rhaa,dhumayi rhA,dhumayi rhā,d̪ʰuməjɪ ɾɦɑː,smoke,புகை,Simple-Verbs,words
ꢤꢸꢪꢵꢜ꣄,धुमाट,து4மாட்,dhumaat',dhumAT,dhumāṭ,d̪ʰumɑːʈ,smoke,புகை,Simple-Verbs,words
ꢡꢾꢱꢶ ꢧꣁꢜ꣄,त॑सि फा॑ट,தெஸி போ2ட்,te'si pho't',tEsi phOT,tĕsi phŏṭ,t̪es̪ɪ pʰoʈ,Thrash,புடை,Simple-Verbs,words
ꢬꢾꢔꢶꢞꢶ ꢧꣁꢜ꣄,र॑गिडि फा॑ट,ரெகி3டி3 போ2ட்,re'gid'i pho't',rEgiDi phOT,rĕgiḍi phŏṭ,ɾegɪɖɪ pʰoʈ,Thrash,புடை,Simple-Verbs,words
ꢧꢸꢔ꣄ꢔꢶ ꢬꢴꢵ,फुग्गि र्हा,பு2க்3கி3 ரா:,phuggi rhaa,phuggi rhA,phuggi rhā,pʰuggɪ ɾɦɑː,swell,புடை,Simple-Verbs,words
ꢦꢸꢥꢬꢸꢣ꣄ ꢤꢵꢬꢥꣁ ꢒꢿꢬ꣄,पुनरुद्धारणा॑ केर,புனருத்3தா4ரணொ கேர்,punarud dhaarano' ker,punarud dhAranO ker,punarud dhāranŏ ker,pun̪əɾud̪ d̪ʰɑːɾən̪o keːɾ,renovate,புதுப்பி,Simple-Verbs,words
ꢥꣁꢮꣁ ꢒꢿꢬ꣄,ना॑वा॑ केर,நொவொ கேர்,no'vo' ker,nOvO ker,nŏvŏ ker,n̪oʋo keːɾ,renovate,புதுப்பி,Simple-Verbs,words
ꢔꢞꢫꢶ ꢬꢴꢵ,गडयि र्हा,க3ட3யி ரா:,gad'ayi rhaa,gaDayi rhA,gaḍayi rhā,gəɖəjɪ ɾɦɑː,be buried,புதை,Simple-Verbs,words
ꢔꢞ꣄,गड्,கா3ட்3,gad',gaD,gaḍ,gəɖ,bury,புதை,Simple-Verbs,words
ꢤꢹꢳ꣄,धूळ्,தூ4ள்,dhool',dhUL,dhūl̤,d̪ʰuːɭ,roll,புரள்,Simple-Verbs,words
ꢂꢥ꣄ꢣꢞ꣄ꢳꢿ,अन्दड्ळे,அந்த3ட்3ளே,andad'l'e,andaDLe,andaḍl̤e,ən̪d̪əɖɭeː,Understand,புரி,Simple-Verbs,words
ꢙꢥ꣄ꢭꢿ,जन्ले,ஜன்லே,janle,janle,janle,d͡ʒən̪leː,Understand,புரி,Simple-Verbs,words
ꢒꢳꢫꢶꢭꢿ,कळयिले,களயிலே,kal'ayile,kaLayile,kal̤ayile,kəɭəjɪleː,Understand,புரி,Simple-Verbs,words
ꢗꢹꢒ꣄ ꢪꢾꢥ꣄ꢭꢶ ꢬꣂꢜ꣄,चूक म॑न्लि रोट,சூக் மென்லி ரோட்,chook me'nli rot',cUk mEnli roT,cūk mĕnli roṭ,t͡ʃuːk men̪lɪ ɾoːʈ,rave/complain,புலம்பு,Simple-Verbs,words
ꢧꣀꢭꢶꢧꢵꢬ꣄ ꢲꣂ,फैलिफार हो,பை2லிபா2ர் ஹோ,phailiphaar ho,phailiphAr ho,phailiphār ho,pʰəɪlɪpʰɑːɾ ɦoː,dawn,புலர்,Simple-Verbs,words
ꢱꣁꢭꢧꢵꢬ꣄ ꢲꣂ,सा॑लफार हो,ஸொளபா2ர் ஹோ,so'laphaar ho,sOlaphAr ho,sŏlaphār ho,s̪oləpʰɑːɾ ɦoː,dawn,புலர்,Simple-Verbs,words
ꢮꢮ꣄ꢬꢶꢥꢶꢪ꣄ ꢬꢴꢵ,वव्रिनिम र्हा,வவ்ரினிம் ரா:,vavrinim rhaa,vavrinim rhA,vavrinim rhā,ʋəʋɾɪn̪ɪm ɾɦɑː,be in use,புழங்கு,Simple-Verbs,words
ꢦꢬꢶꢫꣂꢔꢸꢪ꣄ ꢬꢴꢵ,प्रयोगुम र्हा,ப்ரயோகு3ம் ரா:,pariyogum rhaa,pariyogum rhA,pariyogum rhā,pəɾɪjoːgum ɾɦɑː,be in use,புழங்கு,Simple-Verbs,words
ꢪꢷꢔꢸꢪ꣄ ꢬꢴꢵ,नूगुम रा,நூகு3ம் ரா:,meegum rhaa,mIgum rhA,mīgum rhā,miːgum ɾɦɑː,be in use,புழங்கு,Simple-Verbs,words
ꢬꢦ꣄ꢡꢵꢪ꣄ ꢬꢴꢵ,रप्ताम र्हा,ரப்தாம் ரா:,raptaam rhaa,raptAm rhA,raptām rhā,ɾəpt̪ɑːm ɾɦɑː,be in use,புழங்கு,Simple-Verbs,words
ꢪꢸꢬ꣄ꢔꢫꢶ ꢬꢴꢵ,मुर्गयि र्हा,முர்க3யி ரா:,murgayi rhaa,murgayi rhA,murgayi rhā,muɾgəjɪ ɾɦɑː,be rotten,புழு,Simple-Verbs,words
ꢱꢾꢔꣁ ꢒꢿꢬ꣄,स॑गा॑ केर,ஸெகொ3 கேர்,se'go' ker,sEgO ker,sĕgŏ ker,s̪ego keːɾ,be sultry,புழுங்கு,Simple-Verbs,words
ꢮꢶꢙ꣄ꢙꢵꢜ꣄,विज्जाट,விஜ்ஜாட்,vijjaat',vijjAT,vijjāṭ,ʋɪd͡ʒd͡ʒɑːʈ,"sour taste, ferment",புளி,Simple-Verbs,words
ꢗꣁꢞ꣄ꢞꣁꢮꢡ꣄ꢡꣁ ꢒꢿꢬ꣄,चा॑ड्डा॑वत्ता॑ केर,சொட்3டொ3வத்தொகேர்,cho'd'd'o'vatto' ker,cODDOvattO ker,cŏḍḍŏvattŏ ker,t͡ʃoɖɖoʋət̪t̪o keːɾ,lie,புளுகு,Simple-Verbs,words
ꢡꢶꢬꢱ꣄ꢒꢵꢬ꣄ ꢒꢿꢬ꣄,ꢡꢶतिरस्कार केर,திரஸ்கார் கேர்,tiraskaar ker,tiraskAr ker,tiraskār ker,t̪ɪɾəs̪kɑːɾ keːɾ,ignore,புறக்கணி,Simple-Verbs,words
ꢥꢶꢔꢶꢭ꣄,निगिल्,நிகி3ள்,nigil,nigil,nigil,n̪ɪgɪl,start,புறப்படு,Simple-Verbs,words
ꢧꢹꢭ꣄,फूल,பூ2ல்,phool,phUl,phūl,pʰuːl,Blossom,பூ,Simple-Verbs,words
ꢭꢵꢮ꣄,लाव,லாவ்,laav,lAv,lāv,lɑːʋ,Apply/ smear,பூசு,Simple-Verbs,words
ꢨꢷꢕꢵꢭ꣄,बीघाल्,பீ3கா4ல்,beeghaal,bIghAl,bīghāl,biːgʰɑːl,lock,பூட்டு,Simple-Verbs,words
ꢱꣁꢪ꣄ꢦꢸꢦꣁꢥ꣄ꢣꢶ,सा॑म्पुपा॑न्दि,ஸொம்புபொந்தி3,so'mpupo'ndi,sOmpupOndi,sŏmpupŏndi,s̪ompupon̪d̪ɪ,feel elated,பூரி,Simple-Verbs,words
ꢣꢾꢳ꣄꣄ꢒ ꢒꣂꢜ꣄,द॑ळ्कपोट,தெ3ள்கபோட்,de'l'ka kot',dELka koT,dĕl̤ka koṭ,d̪eɭkə koːʈ,become stout,பெரு,Simple-Verbs,words
ꢔꢸꢠꢵꢞ꣄,गुणाड,கு3ணாட்3,gunaad',guNAD,guṇāḍ,guɳɑːɖ,"multiply, increase,",பெருக்கு,Simple-Verbs,words
ꢮꢿꢥ꣄ ꢒꢿꢬ꣄,वेन केर,வேன் கேர்,ven ker,ven ker,ven ker,ʋeːn̪ keːɾ,"multiply, increase,",பெருக்கு,Simple-Verbs,words
ꢮꢾꢥ ꢲꣂ,वेन्हो,வேன் ஹோ,ve'na ho,vEna ho,vĕna ho,ʋen̪ə ɦoː,increase,பெருகு,Simple-Verbs,words
ꢦꣁꢮ꣄ꢱ꣄ ꢦꣂꢜ꣄,पा॑व्स्पोट,பொவ்ஸ் போட்,po'vs pot',pOvs poT,pŏvs poṭ,poʋs̪ poːʈ,rain,பெய்,Simple-Verbs,words
ꢢꢵꢪ꣄ ꢪꢬ꣄ꢗꢶꢭꢾ,थाम मर्चिले,தா2ம் மர்சிலே,thaam marchile',thAm marcilE,thām marcilĕ,t̪ʰɑːm məɾt͡ʃɪle,change place,பெயர்,Simple-Verbs,words
ꢂꢥꢸꢮꢵꢣ꣄ꢒꢿꢬ꣄,अनुवाद्केर,அனுவாத்3கேர்,anuvaadker,anuvAdker,anuvādker,ən̪uʋɑːd̪keːɾ,translate,பெயர்,Simple-Verbs,words
ꢩꢵꢰꢵꢥ꣄ꢡꢬ꣄ ꢒꢿꢬ꣄,भाषान्तर केर,பா4ஷாந்தர் கேர்,bhaashaantar ker,bhASAntar ker,bhāṣāntar ker,bʰɑːʂɑːn̪t̪əɾ keːɾ,translate,பெயர்,Simple-Verbs,words
ꢡꢬ꣄ꢙꢪꣁ ꢒꢿꢬ꣄,तर्जमा॑ केर,தர்ஜமொ கேர்,tarjamo' ker,tarjamO ker,tarjamŏ ker,t̪əɾd͡ʒəmo keːɾ,translate,பெயர்,Simple-Verbs,words
ꢥꢶꢳꢸꢮ꣄ ꢡꣁꢦ꣄ꢦꢶ,नेळुव्ता॑प्पि,நெளுவ் தொப்பி,nil'uv to'ppi,niLuv tOppi,nil̤uv tŏppi,n̪ɪɭuʋ t̪oppɪ,Be deranged,பேதலி,Simple-Verbs,words
ꢲꢔ꣄ꢔꢶ,हग्गि,ஹக்3கி3,haggi,haggi,haggi,ɦəggɪ,pass stool,பேள்,Simple-Verbs,words
ꢧꢸꢔ꣄ꢔꢶ,फुग्गि,பு2க்3கி3,phuggi,phuggi,phuggi,pʰuggɪ,blister,பொக்குளி,Simple-Verbs,words
ꢲꢸꢨ꣄ꢨꢶ,हुब्बि,ஹுப்3பி3,hubbi,hubbi,hubbi,ɦubbɪ,Boil over,பொங்கு,Simple-Verbs,words
ꢗꢸꢠ꣄ꢞꢵꢞ꣄,चुण्डाड्,சுண்டா3ட்3,chund'aad',cuNDAD,cuṇḍāḍ,t͡ʃuɳɖɑːɖ,scorch,பொசுக்கு,Simple-Verbs,words
ꢙꢭꢫꢶ ꢙꢵ,जलयि जा,ஜளயி ஜா,jalayi jaa,jalayi jA,jalayi jā,d͡ʒələjɪ d͡ʒɑː,be scorched,பொசுங்கு,Simple-Verbs,words
ꢩꢸꢬ꣄ꢒꣁ ꢲꣁꢫ ꣄ꢙꢵ,भुर्का॑ हा॑य जा,பு4ர்கொ ஹொய் ஜா,bhurko' ho'ya jaa,bhurkO hOya jA,bhurkŏ hŏya jā,bʰuɾko ɦojə d͡ʒɑː,be powdered,பொடி,Simple-Verbs,words
ꢩꢸꢬ꣄ꢒꣁ ꢒꢿꢬ꣄,भुर्का॑ केर,பு4ர்கொகேர்,bhurko' ker,bhurkO ker,bhurkŏ ker,bʰuɾko keːɾ,powder,பொடி,Simple-Verbs,words
ꢚꢵꢫ꣄,झाय,ஜா2ய்,jhaay,jhAy,jhāy,d͡ʒʰɑːj,cover,பொத்து,Simple-Verbs,words
ꢗꢭ꣄ꢥꢵꢡꣁ ꢬꢴꢵ,चल्नाता॑ र्हा,சல்னாதொ ரா:,chalnaato' rhaa,calnAtO rhA,calnātŏ rhā,t͡ʃəln̪ɑːt̪o ɾɦɑː,not happen/ fail,பொய்,Simple-Verbs,words
ꢩꢸꢛ꣄ꢙꢫꢶ ꢬꢴꢵ,भुञ्जयि र्हा,பு4ஞ்ஜயி ரா:,bhunjayi rhaa,bhuJjayi rhA,bhuñjayi rhā,bʰuɲd͡ʒəjɪ ɾɦɑː,be fried,பொரி,Simple-Verbs,words
ꢩꢸꢛ꣄ꢙꢶ,भुञ्जि,பு4ஞ்ஜி,bhunji,bhuJji,bhuñji,bʰuɲd͡ʒɪ,fry,பொரி,Simple-Verbs,words
ꢮꢡ꣄ꢡꢵ ꢚꢔꢜ꣄,वत्ता झगट,வத்தா ஜ2க3ட்,vattaa jhagat',vattA jhagaT,vattā jhagaṭ,ʋət̪t̪ɑː d͡ʒʰəgəʈ,quarrel,பொரு,Simple-Verbs,words
ꢗꢾꢬ꣄ꢗꢶ,च॑र्चि,செர்சி,che'rchi,cErci,cĕrci,t͡ʃeɾt͡ʃɪ,fix,பொருத்து,Simple-Verbs,words
ꢪꢶꢳ꣄꣄ꢮꢶ,मिळ्वि,மிள்வி,mil'vi,miLvi,mil̤vi,mɪɭʋɪ,fix,பொருத்து,Simple-Verbs,words
ꢪꢶꢳꢵꢜ꣄,मिळाट,மிளாட்,mil'aat',miLAT,mil̤āṭ,mɪɭɑːʈ,fix,பொருத்து,Simple-Verbs,words
ꢗꢾꢬꢶ ꢬꢴꢵ,च॑रि र्हा,செரி ரா:,che'ri rhaa,cEri rhA,cĕri rhā,t͡ʃeɾɪ ɾɦɑː,be fixed,பொருந்து,Simple-Verbs,words
ꢪꢶꢭꢶ ꢬꢴꢵ,मिलि र्हा,மிளி ரா:,mili rhaa,mili rhA,mili rhā,mɪlɪ ɾɦɑː,be fixed,பொருந்து,Simple-Verbs,words
ꢒꢸꢖ꣄ꢔꢶ,कुङ्गि,குங்கி3,kungi,kuGgi,kuṅgi,kuŋgɪ,Groan/ sob,பொருமு,Simple-Verbs,words
ꢦꣁꢮ꣄ꢱ꣄ ꢭꢸꢗ꣄ꢗꢶ,पा॑स् लुच्चि,பொவ்ஸ் லுச்சி,po'vs luchchi,pOvs lucci,pŏvs lucci,poʋs̪ lut͡ʃt͡ʃɪ,rain heavily,பொழி,Simple-Verbs,words
ꢱꢪꢸꢭꢿ,समुले,ஸமுலே,samule,samule,samule,s̪əmuleː,tolerate,பொறு,Simple-Verbs,words
ꢮꢾꢒ꣄ꢒꢶ,व॑क्कि,வெக்கி,ve'kki,vEkki,vĕkki,ʋekkɪ,pick up,பொறுக்கு,Simple-Verbs,words
ꢆꢦꢣꢿꢰ꣄ ꢒꢿꢬ꣄,उपदेष्केर्,உபதே3ஷ்கேர்,upadesh ker,upadeS ker,upadeṣ ker,upəd̪eːʂ keːɾ,advise,போதி,Simple-Verbs,words
ꢪꢸꢬ꣄ꢔ ꢶꢙꢵ,मुर्गि जा,முர்கி3ஜா,murga ijaa,murga ijA,murga ijā,muɾgə ɪd͡ʒɑː,decompose,மக்கு,Simple-Verbs,words
ꢪꢔ꣄ꢔꢸꢥꣁ ꢦꣂꢜ꣄,मग्गुना॑ पोट्,மக்3கு3னொபோட்,magguno' pot',maggunO poT,maggunŏ poṭ,məggun̪o poːʈ,Fade away,மங்கு,Simple-Verbs,words
ꢪꢸꢬ꣄ꢔꢶ,मुर्गि,முர்கி3,murgi,murgi,murgi,muɾgɪ,decompose,மட்கு,Simple-Verbs,words
ꢪꣁꢠ꣄ꢗꢶ,मा॑ण्चि,மொண்சி,mo'nchi,mONci,mŏṇci,moɳt͡ʃɪ,fold,மடக்கு,Simple-Verbs,words
ꢪꣁꢠ꣄ꢗꢫꢶ ꢬꢴꢵ,मा॑ण्च्यि र्हा,மொண்சயி ரா:,mo'nchayi rhaa,mONcayi rhA,mŏṇcayi rhā,moɳt͡ʃəjɪ ɾɦɑː,be folded,மடங்கு,Simple-Verbs,words
ꢲꣁꢬꢵꢜ꣄ ꢒꢾꢬ꣄ꢭꢾ,हा॑राट् क॑र्ले,ஹொராட்கெர்லே,ho'raat' ke'rle',hOrAT kErlE,hŏrāṭ kĕrlĕ,ɦoɾɑːʈ keɾle,marry,மண,Simple-Verbs,words
ꢮꢱꢸꢥꢫꢶ ꢬꢴꢵ,वसुनयि र्हा,வஸுனயி ரா:,vasunayi rhaa,vasunayi rhA,vasunayi rhā,ʋəs̪un̪əjɪ ɾɦɑː,smell,மண,Simple-Verbs,words
ꢲꢸꢖ꣄ꢔꢶ ꢱꢵ,हुङ्गि ꢱꢵसा,ஹுங்கி3ஸா,hungi saa,huGgi sA,huṅgi sā,ɦuŋgɪ s̪ɑː,smell,மணத்து,Simple-Verbs,words
ꢪꣁꢬ꣄ꢔꢶꢫꢵꢡ꣄ ꢣꢿ,मा॑र्गियात्दे,மொர்கி3யாத் தே3,mo'rgiyaat de,mOrgiyAt de,mŏrgiyāt de,moɾgɪjɑːt̪ d̪eː,respect,மதி,Simple-Verbs,words
ꢡꢶꢪꢸꢬ꣄ ꢤꢿꢬ꣄,तिमुर् धेर,திமுர் தே4ர்,timur dher,timur dher,timur dher,t̪ɪmuɾ d̪ʰeːɾ,go numb,மர,Simple-Verbs,words
ꢂꢬ꣄ꢢꢪꣂꢲ꣄ ꢦꣁꢥ꣄ꢣꢶ,अर्थमोह पा॑न्दि,அர்த2மோஹ் பொந்தி3,arthamoh po'ndi,arthamoh pOndi,arthamoh pŏndi,əɾt̪ʰəmoːɦ pon̪d̪ɪ,Be deceived / be hazy,மருட்டு,Simple-Verbs,words
ꢲꢸꢣꢥ ꢥꢶꢛ꣄ꢙꢶ,हुदना॑ निञ्जि,ஹுத3ன நிஞ்ஜி,hudana ninji,hudana niJji,hudana niñji,ɦud̪ən̪ə n̪ɪɲd͡ʒɪ,lie looking up,மல்லார்,Simple-Verbs,words
ꢱꣁꢖ꣄ꢔ ꢦꣂꢜ꣄,सा॑ङ्ग पोट्,ஸொங்க3போட்,so'nga pot',sOGga poT,sŏṅga poṭ,s̪oŋgə poːʈ,become cheap,மலி,Simple-Verbs,words
ꢃꢯ꣄ꢗꢬ꣄ꢫꢸ ꢦꣂꢜ꣄,आश्चर्युपोट्,ஆஶ்சர்யுபோட்,aashcharyu pot',Azcaryu poT,āścaryu poṭ,ɑːʃt͡ʃəɾju poːʈ,Be stunned / be amazed,மலை,Simple-Verbs,words
ꢱꣁꢮ꣄ꢬꢪ꣄ ꢒꢿꢬ꣄,सा॑व्रम्केर,ஸொவ்ரம்கேர்,so'vram ker,sOvram ker,sŏvram ker,s̪oʋɾəm keːɾ,shave,மழி,Simple-Verbs,words
ꢪꣁꢥꣁ ꢙꢮꢵꢜ꣄,माअ॑ना॑ जवाट,மொனொ ஜவாட்,mo'no' javaat',mOnO javAT,mŏnŏ javāṭ,mon̪o d͡ʒəʋɑːʈ,blunt,மழுக்கு,Simple-Verbs,words
ꢪꣁꢥꣁ ꢥꢴꢷꢡ꣄ꢡ ꢬꢴꢵ,मा॑ना॑ न्हीत्त र्हा,மொனொ நீ:த்த ரா:,mo'no' nheetta rhaa,mOnO nhItta rhA,mŏnŏ nhītta rhā,mon̪o n̪ɦiːt̪t̪ə ɾɦɑː,be blunt,மழுங்கு,Simple-Verbs,words
ꢮꢡ꣄ꢡꣁ ꢣꢸꢳ꣄꣄ꢒꢶ,वत्ता॑ दुळ्कि,வத்தொ து3ள்கி,vatto' dul'ki,vattO duLki,vattŏ dul̤ki,ʋət̪t̪o d̪uɭkɪ,deceive,மழுப்பு,Simple-Verbs,words
ꢮꢶꢱ꣄ꢬꢳ꣄ꢳꢿ,विस्रळ्ळे,விஸ்ரள்ளே,visral'l'e,visraLLe,visral̤l̤e,ʋɪs̪ɾəɭɭeː,Forget,மற,Simple-Verbs,words
ꢂꢮꢞ ꢦꣁꢜ꣄,अव्ड पोट्,அவ்ட3போட்,avad'a po't',avaDa pOT,avaḍa pŏṭ,əʋəɖə poʈ,obstruct,மறி,Simple-Verbs,words
ꢃꢜ꣄ꢰꢿꢦꢠꣁ ꢒꢾꢬ꣄,आट्षेपणा॑ केर्,ஆட்ஷேபணொகேர்,aat'shepano' ke'r,ATSepaNO kEr,āṭṣepaṇŏ kĕr,ɑːʈʂeːpəɳo keɾ,deny,மறு,Simple-Verbs,words
ꢔꢪ꣄ꢞꢫꢶ ꢙꢵ,ग्म्डयि जा,க3ம்ட3யி ஜா,gamd'ayi jaa,gamDayi jA,gamḍayi jā,gəmɖəjɪ d͡ʒɑː,Disappear,மறை,Simple-Verbs,words
ꢚꢒꢶꢭꢾ,झकिल॑,ஜ2கிலே,jhakile',jhakilE,jhakilĕ,d͡ʒʰəkɪle,hide,மறை,Simple-Verbs,words
ꢒ꣄ꢰꢪꣁ ꢒꢿꢬ꣄,क्षमा॑ केर,க்ஷமொகேர்,kshamo' ker,kSamO ker,kṣamŏ ker,kʂəmo keːɾ,forgive,மன்னி,Simple-Verbs,words
ꢱꢪ꣄ꢜꢵꢜ꣄,सम्टाट्,ஸம்டாட்,samt'aat',samTAT,samṭāṭ,s̪əmʈɑːʈ,hook,மாட்டு,Simple-Verbs,words
ꢪꣂꢬ꣄,मोर्,மோர்,mor,mor,mor,moːɾ,Die,மாய்/ மாள்,Simple-Verbs,words
ꢪꣁꢬꢵꢜ꣄,मा॑राट्,மொராட்,mo'raat',mOrAT,mŏrāṭ,moɾɑːʈ,Kill,மாய்,Simple-Verbs,words
ꢪꢾꢬꢸꢒ꣄ ꢣꢿ,म॑रुक दे,மெருக்தே3,me'ruk de,mEruk de,mĕruk de,meɾuk d̪eː,polish,மினுக்கு,Simple-Verbs,words
ꢙꣁꢭꢶ ꢙꣁꢭꢶꢛ꣄ꢗꢶ,जा॑लि जा॑लिञ्चि,ஜொலி ஜொலிஞ்சி,jo'li jo'linchi,jOli jOliJci,jŏli jŏliñci,d͡ʒolɪ d͡ʒolɪɲt͡ʃɪ,Twinkle,மினுமினு,Simple-Verbs,words
ꢪꢶꢜ꣄ꢜꢶ,मिट्टि,மிட்டி,mit't'i,miTTi,miṭṭi,mɪʈʈɪ,"tune, take back",மீட்டு,Simple-Verbs,words
ꢧꢶꢮ꣄ꢬꢶꢓꢵꢜ꣄,फिव्रिखाट्,பி2ர்விகா2ட்,phivrikhaat',phivrikhAT,phivrikhāṭ,pʰɪʋɾɪkʰɑːʈ,"tune, take back",மீட்டு,Simple-Verbs,words
ꢧꢶꢮ꣄ꢬꢶ ꢓꢵꢜ꣄,फिव्रिखाट्,பி2ர்விகா2ட்,phivri khaat',phivri khAT,phivri khāṭ,pʰɪʋɾɪ kʰɑːʈ,Reverse/ get back,மீள்,Simple-Verbs,words
ꢂꢣ꣄ꢣꢸ ꢡꣁꢦ꣄ꢦꢶ,अद्दुता॑प्पि,அத்3து3தொப்பி,addu to'ppi,addu tOppi,addu tŏppi,əd̪d̪u t̪oppɪ,cross the limit,மீறு,Simple-Verbs,words
ꢱꢷꢪꣁ ꢆꢭ꣄ꢭꢖ꣄ꢕꢶ,सीमा॑ उल्लङ्घि,ஸீமொ உல்லங்கி4,seemo' ullanghi,sImO ullaGghi,sīmŏ ullaṅghi,s̪iːmo ulləŋgʰɪ,cross the limit,மீறு,Simple-Verbs,words
ꢨꢹꢜ꣄,बूट्,பூ3ட்,boot',bUT,būṭ,buːʈ,dip/groan,முக்கு,Simple-Verbs,words
ꢨꢸꢞꢜ꣄,बुडाट्,பு3டா3ட்,bud'at',buDaT,buḍaṭ,buɖəʈ,dip/groan,முக்கு,Simple-Verbs,words
ꢱꢸꢥ꣄ꢣꢸꢬꢸꢪ꣄ꢨꢹꢜ꣄,सुन्दुरुम बूट,ஸுந்து3ரும்பூ3ட்,sundurumboot',sundurumbUT,sundurumbūṭ,s̪un̪d̪uɾumbuːʈ,Immerseto take pearl,முக்குளி,Simple-Verbs,words
ꢪꣁꢡꢶ ꢲꢿꢜ꣄,मा॑ति हेट,மொதி ஹேட்,mo'ti het',mOti heT,mŏti heṭ,mot̪ɪ ɦeːʈ,Immerseto take pearl,முக்குளி,Simple-Verbs,words
ꢨꢹꢜ꣄,बूट,பூ3ட்,boot',bUT,būṭ,buːʈ,"drown, sink",முங்கு,Simple-Verbs,words
ꢤꢶꢒ꣄ꢒꢶ,धिक्कि,தி4க்கி,dhikki,dhikki,dhikki,d̪ʰɪkkɪ,butt,முட்டு,Simple-Verbs,words
ꢦꣁꢱꢮꢵꢫꢸꢪ꣄ꢦꣂꢜ꣄,पोसवायुम्पोट,பொஸவாயும்போட்,po'savaayumpot',pOsavAyumpoT,pŏsavāyumpoṭ,pos̪əʋɑːjumpoːʈ,be paralysed,முடங்கு,Simple-Verbs,words
ꢪꢸꢱꢞꢳꢿ,मुसड्ळे,முஸட்3ளே,musad'al'e,musaDaLe,musaḍal̤e,mus̪əɖəɭeː,end,முடி,Simple-Verbs,words
ꢪꢸꢱꢵꢜ꣄,मुसाट्,முஸாட்,musaat',musAT,musāṭ,mus̪ɑːʈ,complete,முடி,Simple-Verbs,words
ꢧꢶꢮ꣄ꢬꢶ ꢲꢶꢖ꣄ꢔꢵꢜ꣄,फिव्रि हिङ्गाट्,பி2ர்வி ஹிங்கா3ட்,phivri hingaat',phivri hiGgAT,phivri hiṅgāṭ,pʰɪʋɾɪ ɦɪŋgɑːʈ,wind up,முடுக்கு,Simple-Verbs,words
ꢥꣁꢠ꣄ꢔꢶ,ना॑ण्गि,நொண்கி3,no'ngi,nONgi,nŏṇgi,n̪oɳgɪ,murmur,முணுமுணு,Simple-Verbs,words
ꢗꢸꢪ꣄ꢨꢥꣁ ꢣꢿ,चुम्बना॑ दे,சும்ப3னொ தே3,chumbano' de,cumbanO de,cumbanŏ de,t͡ʃumbən̪o d̪eː,kiss,முத்து,Simple-Verbs,words
ꢗꢸꢪ꣄ꢨꢳꣁ ꢣꢿ,चुम्ब्ळा॑ दे,சும்ப்3ளொ தே3,chumbal'o' de,cumbaLO de,cumbal̤ŏ de,t͡ʃumbəɭo d̪eː,kiss,முத்து,Simple-Verbs,words
ꢦꢶꢒ꣄ꢒꢶ,पिक्कि,பிக்கி,pikki,pikki,pikki,pɪkkɪ,ripen,முதிர்,Simple-Verbs,words
ꢱꣁꢪ꣄ꢪꢬ꣄ꢗꢿꢜ꣄,स्म्मर्चेट,ஸொம்மர்சேட்,so'mmarchet',sOmmarceT,sŏmmarceṭ,s̪omməɾt͡ʃeːʈ,overtake,முந்து,Simple-Verbs,words
ꢏꢱ꣄ꢪ꣄ꢪꢬ꣄ ꢙꢵ,सोम्मर जा,ஸொம்மர் ஜா,o'smmar jaa,Osmmar jA,ŏsmmar jā,os̪mməɾ d͡ʒɑː,overtake,முந்து,Simple-Verbs,words
ꢌꢡ꣄ꢡꢥ꣄ ꢒꢿꢬ꣄,एत्तन केर,எத்தன் கேர்,e'ttan ker,Ettan ker,ĕttan ker,et̪t̪ən̪ keːɾ,try,முயல்,Simple-Verbs,words
ꢦ꣄ꢬꢫꢡ꣄ꢥꣁ ꢒꢿꢬ꣄,प्रयत्ना॑ केर,ப்ரயத்னொ கேர்,prayatno' ker,prayatnO ker,prayatnŏ ker,pɾəjət̪n̪o keːɾ,try,முயல்,Simple-Verbs,words
ꢩꢾꢡ꣄ ꢒꢿꢬ꣄,भेत्केर,பே4த் கேர்,bhe't ker,bhEt ker,bhĕt ker,bʰet̪ keːɾ,contradict,முரண்,Simple-Verbs,words
ꢕꣂꢰꢶꢛꢗꢶ꣄,धोषिञ्चि,கோ4ஷிஞ்சி,ghoshinyachi,ghoSiJaci,ghoṣiñaci,gʰoːʂɪɲət͡ʃɪ,Resound,முழக்கு,Simple-Verbs,words
ꢕꣂꢰꢪ꣄ ꢡꢵꢫ꣄,घोषम्ताय्,கோ4ஷம்தாய்,ghosham taay,ghoSam tAy,ghoṣam tāy,gʰoːʂəm t̪ɑːj,shout,முழங்கு,Simple-Verbs,words
ꢪꢸꢒ꣄ꢒꢸꢭꢶꢛꢗꢸ꣄,मुक्कुलिञ्चि,முக்குளிஞ்சி,mukkulinyachu,mukkuliJacu,mukkuliñac_ŭ,mukkulɪɲət͡ʃu,blink,முழி,Simple-Verbs,words
ꢪꢶꢖ꣄ꢒꢶ,मिङ्गि,மிங்கி3,minki,miGki,miṅki,mɪŋkɪ,swallow,முழுங்கு,Simple-Verbs,words
ꢗꢸꢔꢸꢬ꣄ ꢱꣂꢜ꣄,चुगुर् सोट,சிகுர் ஸோட்,chugur sot',cugur soT,cugur soṭ,t͡ʃuguɾ s̪oːʈ,"germinate, sprout",முளை,Simple-Verbs,words
ꢪꢸꢣꢸꢬꢾ ꢲꣂ,मुदुर॑ हो,முது3ர் ஹோ,mudure' ho,mudurE ho,mudurĕ ho,mud̪uɾe ɦoː,be fully grown,முற்று,Simple-Verbs,words
ꢪꣁꢜꢳꢿ,मा॑ट्ळे,மொட்3ளே,mo't'al'e,mOTaLe,mŏṭal̤e,moʈəɭeː,break,முறி,Simple-Verbs,words
ꢪꢸꢞꢫꢶ ꢦꣂꢜ꣄,मुडयि पोट,முட3யி போட்,mud'ayi pot',muDayi poT,muḍayi poṭ,muɖəjɪ poːʈ,break,முறி,Simple-Verbs,words
ꢪꣂꢜ꣄,मोट्,மோட்3,mot',moT,moṭ,moːʈ,break,முறி,Simple-Verbs,words
ꢦꢶꢨꢶꢛꢗꢶ꣄,बिगिञ्चि,பி3கி3ஞ்சி,pibinyachi,pibiJaci,pibiñaci,pɪbɪɲət͡ʃɪ,tighten,முறுக்கு,Simple-Verbs,words
ꢪꢸꢒꢸꢭ꣄ꢒꢥꢶ ꢲꢵꢱ꣄,मुकुल्कनि हास,முகுல்கனி ஹாஸ்,mukulkani haas,mukulkani hAs,mukulkani hās,mukulkən̪ɪ ɦɑːs̪,smile,முறுவலி,Simple-Verbs,words
ꢪꢸꢒꢶꢭꢶ ꢲꢵꢱ꣄,मुकिलि हास,முகிலி ஹாஸ்,mukili haas,mukili hAs,mukili hās,mukɪlɪ ɦɑːs̪,smile,முறுவலி,Simple-Verbs,words
ꢒꣁꢪ꣄ꢨ꣄ꢳꣁꢒꢥꢶ ꢲꢵꢱ꣄,का॑म्बळा॑कनि हास,கொம்ப்3ளொகனி ஹாஸ்,ko'mbl'o'kani haas,kOmbLOkani hAs,kŏmbl̤ŏkani hās,kombɭokən̪ɪ ɦɑːs̪,smile,முறுவலி,Simple-Verbs,words
ꢓꢹꢬ꣄ꢒꢥꢶ ꢱꢵ,खूर्कनि सा,கூ2ர்கனி ஸா,khoorkani saa,khUrkani sA,khūrkani sā,kʰuːɾkən̪ɪ s̪ɑː,stare,முறை,Simple-Verbs,words
ꢦꢾꢞ꣄ꢮꢶ,प॑ड्व,பெட்3வி,pe'd'vi,pEDvi,pĕḍvi,peɖʋɪ,light,மூட்டு,Simple-Verbs,words
ꢚꢵꢫ꣄,झाय्,ஜா2ய்,jhaay,jhAy,jhāy,d͡ʒʰɑːj,"cover, close",மூடு,Simple-Verbs,words
ꢪꢹꢱꢭ꣄ ꢭꢔꢶꢦꣂꢜ꣄,मूसळ् लगि पोट,மூஸள் லகி3 போட்,moosal lagipot',mUsal lagipoT,mūsal lagipoṭ,muːs̪əl ləgɪpoːʈ,faint,மூர்ச்சி,Simple-Verbs,words
ꢨꢹꢜ꣄,बूट,பூ3ட்,boot',bUT,būṭ,buːʈ,"sink, drown",மூழ்கு,Simple-Verbs,words
ꢲꢬꢸꢪ꣄ꢨꢪ꣄ ꢒꢿꢬ꣄,हरुम्बम्केर्,ஹரும்ப3ம்கேர்,harumbam ker,harumbam ker,harumbam ker,ɦəɾumbəm keːɾ,start,மூள்,Simple-Verbs,words
ꢱꢮ꣄ꢬꢶ꣄,सव्रि,ஸவ்ரி,savri,savri,savri,s̪əʋɾɪ,wiping,மெழுகு,Simple-Verbs,words
ꢗꣁꢮ꣄ꢬꢶ,चा॑व्रि,சொர்வி,cho'vri,cOvri,cŏvri,t͡ʃoʋɾɪ,graze,மேய்,Simple-Verbs,words
ꢂꢱ꣄ꢒꢶꢦꣁꢒꢸꢪ꣄ ꢆꢭꢵꢱ꣄ ꢒꢿꢬ꣄,अस्कि पोकुम उलास केर,அஸ்கி போகும் உலாஸ் கேர்,askipo'kum ulaas ker,askipOkum ulAs ker,askipŏkum ulās ker,əs̪kɪpokum ulɑːs̪ keːɾ,Move around,மேவு,Simple-Verbs,words
ꢔꢸꢣ꣄ꢣꢶ,गुद्दि,கு3த்3தி3,guddi,guddi,guddi,gud̪d̪ɪ,beat,மொத்து,Simple-Verbs,words
ꢙꢾꢡꣁꢪꢷꢳ꣄,ज॑ता॑मीळ,ஜெதொமீள்,je'to'meel',jEtOmIL,jĕtŏmīl̤,d͡ʒet̪omiːɭ,"crowd, swarm",மொய்,Simple-Verbs,words
ꢪꢶꢛ꣄ꢗꢶ,मिञ्चि,மிஞ்சி,minchi,miJci,miñci,mɪɲt͡ʃɪ,Take out water,மொள்,Simple-Verbs,words
ꢤꢶꢒ꣄ꢒꢶ,धिक्कि,தி4க்கி,dhikki,dhikki,dhikki,d̪ʰɪkkɪ,dash,மோது,Simple-Verbs,words
ꢩꢥ꣄ꢣꢶ,भन्दि,ப4ந்தி3,bhandi,bhandi,bhandi,bʰən̪d̪ɪ,compose,யா,Simple-Verbs,words
ꢬꢵꢗ꣄,राच,ராச்,raach,rAc,rāc,ɾɑːt͡ʃ,compose,யா,Simple-Verbs,words
ꢩꢷꢔ꣄ꢪꢵꢫ꣄,भीग्माय्,பீ4க்3மாய்,bheegmaay,bhIgmAy,bhīgmāy,bʰiːgmɑːj,beg,யாசி,Simple-Verbs,words
ꢂꢥꢸꢪꢵꢥ꣄ ꢒꢿꢬ꣄,अनुमान्केर्,அனுமான் கேர்,anumaan ker,anumAn ker,anumān ker,ən̪umɑːn̪ keːɾ,guess,யூகி,Simple-Verbs,words
ꢇꢲꢥꣁ ꢒꢿꢬ꣄,ऊहना॑ केर,ஊஹனொ கேர்,oohano' ker,UhanO ker,ūhanŏ ker,uːɦən̪o keːɾ,guess,யூகி,Simple-Verbs,words
ꢗꢶꢥ꣄ꢡꣁꢒꢿꢬ꣄,चिन्ता॑ केर,சிந்தொகேர்,chinto'ker,cintOker,cintŏker,t͡ʃɪn̪t̪okeːɾ,think,யோசி,Simple-Verbs,words
ꢬꢱꢶꢛ꣄ꢗꢶ,रसिञ्चि,ரஸிஞ்சி,rasinchi,rasiJci,rasiñci,ɾəs̪ɪɲt͡ʃɪ,enjoy,ரசி,Simple-Verbs,words
ꢬꢱꢥꣁ ꢒꢿꢬ꣄,रसना॑ केर,ரஸனொ கேர்,rasano' ker,rasanO ker,rasanŏ ker,ɾəs̪ən̪o keːɾ,enjoy,ரசி,Simple-Verbs,words
ꢭꢔꢶꢶꢛ꣄ꢗꢶ,लगिञ्चि,லகி3ஞ்சி,lagiinchi,lagiiJci,lagiiñci,ləgɪɪɲt͡ʃɪ,involve,லயி,Simple-Verbs,words
ꢮꢒꢸꢠ꣄ꢜ ꢨꢸꢣ꣄ꢤꢶ,वकुण्ट बुद्धि,வகு3ண்டபு3த்3தி4,vakunt'a buddhi,vakuNTa buddhi,vakuṇṭa buddhi,ʋəkuɳʈə bud̪d̪ʰɪ,be crooked,வக்கரி,Simple-Verbs,words
ꢦꢣꢮꢶ ꢓꢳ꣄ꢳꢿ,पदवि खळ्ळे,பத3வி க2ள்ளே,padavi khal'l'e,padavi khaLLe,padavi khal̤l̤e,pəd̪əʋɪ kʰəɭɭeː,Assume,வகி,Simple-Verbs,words
ꢩꢵꢖ꣄ꢔꢸ ꢒꢿꢬ꣄,भाङ्गु केर,பா4ங்கு3 கேர்,bhaangu ker,bhAGgu ker,bhāṅgu ker,bʰɑːŋgu keːɾ,Divide,வகிர்,Simple-Verbs,words
ꢮꢜꣁ ꢒꢿꢬ꣄,वटा॑ केर्,வடொ கேர்,vat'o' ker,vaTO ker,vaṭŏ ker,ʋəʈo keːɾ,Divide,வகு,Simple-Verbs,words
ꢡꢿꢳ꣄,तेळ्,தேள்,tel',teL,tel̤,t̪eːɭ,Stir in a pan,வதக்கு,Simple-Verbs,words
ꢩꢸꢛ꣄ꢗꢳ꣄ꢳꢿ,भुञ्चळ्ळे,பு4ஞ்ஜள்ளெ,bhunchal'l'e,bhuJcaLLe,bhuñcal̤l̤e,bʰuɲt͡ʃəɭɭeː,be roasted,வதங்கு,Simple-Verbs,words
ꢮꢵꢱ꣄ ꢒꢿꢬ꣄,वास्केर,வாஸ் கேர்,vaas ker,vAs ker,vās ker,ʋɑːs̪ keːɾ,live,வசி,Simple-Verbs,words
ꢏꢜ꣄ꢗꢫꢶ ꢙꢵ,आ॑ट्चयि जा,ஒட்சயி ஜா,o't'chayi jaa,OTcayi jA,ŏṭcayi jā,oʈt͡ʃəjɪ d͡ʒɑː,be strained,வடி,Simple-Verbs,words
ꢏꢜ꣄ꢗꢶ,आ॑ट्चि,ஒட்சி,o't'chi,OTci,ŏṭci,oʈt͡ʃɪ,strain,வடி,Simple-Verbs,words
ꢗꢶꢡ꣄ꢬꢮꢤꣁ ꢒꢿꢬ꣄,चित्रवधा॑ केर,சித்ரவதொ4 கேர்,chitravadho' ker,citravadhO ker,citravadhŏ ker,t͡ʃɪt̪ɾəʋəd̪ʰo keːɾ,torment,வதை,Simple-Verbs,words
ꢱꢸꢒ꣄ꢒꢶ ꢙꢵ,सुक्कि जा,ஸுக்கி ஜா,sukki jaa,sukki jA,sukki jā,s̪ukkɪ d͡ʒɑː,Go dry,வரள்,Simple-Verbs,words
ꢮꢾꢒ꣄ꢒꢶ ꢲꢿꢜ꣄,व॑क्कि हेट्,வெக்கிஹேட்,ve'kki het',vEkki heT,vĕkki heṭ,ʋekkɪ ɦeːʈ,select,வரி,Simple-Verbs,words
ꢥꢴꢶꢶꢥꢵꢞ꣄,न्हिनाड्,நி:னாட்3,nhiinaad',nhiinAD,nhiināḍ,n̪ɦɪɪn̪ɑːɖ,rub with hand,வருடு,Simple-Verbs,words
ꢮꢬ꣄ꢠꢥꣁ ꢒꢿꢬ꣄,वर्णना॑ केर,வர்ணனொகேர்,varnano' ker,varNanO ker,varṇanŏ ker,ʋəɾɳən̪o keːɾ,describe,வர்ணி,Simple-Verbs,words
ꢒꢾꢰ꣄ꢜꢪ꣄ꢒꢿꢬ꣄,क॑ष्टम्केर,கெஷ்டம்கேர்,ke'sht'amker,kESTamker,kĕṣṭamker,keʂʈəmkeːɾ,to give trouble,வருத்து,Simple-Verbs,words
ꢮꢶꢗꢵꢬ꣄ ꢦꣂꢜ꣄,विचार्पोट्,விசார் போட்,vichaar pot',vicAr poT,vicār poṭ,ʋɪt͡ʃɑːɾ poːʈ,Experience suffering,வருந்து,Simple-Verbs,words
ꢓꢳ꣄ꢳꢶ ꢂꢮꢵꢜ꣄,खळ्ळि अवाट,க2ள்ளி அவாட்,khal'l'i avaat',khaLLi avAT,khal̤l̤i avāṭ,kʰəɭɭɪ əʋɑːʈ,fetch,வருவி,Simple-Verbs,words
ꢗꢶꢡ꣄ꢬꢸ ꢭꢶꢓꢶ,चित्रु लिखि,சித்ரு லிகி2,chitru likhi,citru likhi,citru likhi,t͡ʃɪt̪ɾu lɪkʰɪ,draw,வரை,Simple-Verbs,words
ꢣꢸꢮ꣄ꢥꣁ ꢦꣁꢥ꣄ꢣꢶ,दुव्ना॑ पा॑न्दि,து3வ்னொ பொந்தி3,duvno' po'ndi,duvnO pOndi,duvnŏ pŏndi,d̪uʋn̪o pon̪d̪ɪ,Pain,வலி,Simple-Verbs,words
ꢣꢿ,दे,தே3,de,de,de,d̪eː,Offer,வழங்கு,Simple-Verbs,words
ꢚꢸꢒ꣄ꢒꢸ ꢣꢾ,झुक्कु दे,ஜு2க்கு தே3,jhukku de',jhukku dE,jhukku dĕ,d͡ʒʰukku d̪e,Offer,வழங்கு,Simple-Verbs,words
ꢲꣂꢞ꣄,होड्,ஹோட்3,hod',hoD,hoḍ,ɦoːɖ,grow,வளர்,Simple-Verbs,words
ꢲꣂꢞꢵꢜ꣄,होडाट,ஹொடா3ட்,hod'aat',hoDAT,hoḍāṭ,ɦoːɖɑːʈ,"bring up, grow",வளர்,Simple-Verbs,words
ꢬꢹꢦ꣄ ꢒꢿꢬ꣄,रूप केर,ரூப் கேர்,roop ker,rUp ker,rūp ker,ɾuːp keːɾ,make,வனை,Simple-Verbs,words
ꢓꢵꢞ꣄,खाड्,கா2ட்3,khaad',khAD,khāḍ,kʰɑːɖ,buy,வாங்கு,Simple-Verbs,words
ꢱꢥ꣄ꢣꢬ꣄ꢩꢸ ꢂꢨ꣄ꢨꢞ꣄ꢳꢿ,सन्दर्भु अब्बड्ळे,ஸந்த3ர்பு4அப்3ப3ட்3ளே,sandarbhu abbad'l'e,sandarbhu abbaDLe,sandarbhu abbaḍl̤e,s̪ən̪d̪əɾbʰu əbbəɖɭeː,Get opportunity,வாய்,Simple-Verbs,words
ꢬꢹꢦ꣄ ꢒꢵꢬ꣄,रूप्कार्,ரூப்கார்,roop kaar,rUp kAr,rūp kār,ɾuːp kɑːɾ,mould,வார்,Simple-Verbs,words
ꢬꢹꢦ꣄ ꢒꢿꢬ꣄,रूप केर,ரூப் கேர்,roop ker,rUp ker,rūp ker,ɾuːp keːɾ,mould,வார்,Simple-Verbs,words
ꢙꢷꢮ꣄,जीव्,ஜீவ்,jeev,jIv,jīv,d͡ʒiːʋ,live,வாழ்,Simple-Verbs,words
ꢥꢥ꣄ꢣꢶ,नन्दि,நந்தி3,nandi,nandi,nandi,n̪ən̪d̪ɪ,bless,வாழ்த்து,Simple-Verbs,words
ꢙꢶꢮꢵꢜ꣄,जिवाट्,ஜிவாட்,jivaat',jivAT,jivāṭ,d͡ʒɪʋɑːʈ,Make/ let live,வாழ்வி,Simple-Verbs,words
ꢱꣂꢞ꣄,सोड्,ஸோட்3,sod',soD,soḍ,s̪oːɖ,leave,விடு,Simple-Verbs,words
ꢧꢞꢶꢛ꣄ꢗꢶ,फडिञ्चि,ப2டி3ஞ்சி,phad'inchi,phaDiJci,phaḍiñci,pʰəɖɪɲt͡ʃɪ,nose become big due to anger,விடை,Simple-Verbs,words
ꢃꢙ꣄ꢛꣁ ꢣꢿ,आजञो दे,ஆஜ்ஞொ தே3,aajnyo' de,AjJO de,ājñŏ de,ɑːd͡ʒɲo d̪eː,command,விதி,Simple-Verbs,words
ꢨꢸꢱ꣄ꢒꢶꢜ꣄ꢜꢶ,बुस्किट्टि,பு3ஸ்கிட்டி,buskit't'i,buskiTTi,buskiṭṭi,bus̪kɪʈʈɪ,sob,விம்மு,Simple-Verbs,words
ꢃꢯ꣄ꢗꢬ꣄ꢫꢸ ꢦꣂꢜ꣄,आश्चर्यु पोट्,ஆஶ்சர்யுபோட்,aashcharyu pot',Azcaryu poT,āścaryu poṭ,ɑːʃt͡ʃəɾju poːʈ,wonder,விய,Simple-Verbs,words
ꢱꢾꢔꣁꢮꢹꢬ꣄,स॑गा॑वूर्,ஸெகொ3வூர்,se'go'voor,sEgOvUr,sĕgŏvūr,s̪egoʋuːɾ,sweat,வியர்,Simple-Verbs,words
ꢣꣁꢮ꣄ꢜꢶ,दा॑व्टि,தொ3வ்டி3,do'vt'i,dOvTi,dŏvṭi,d̪oʋʈɪ,drive away,விரட்டு,Simple-Verbs,words
ꢧꢹꢭ꣄,फूल,பூ2ல்,phool,phUl,phūl,pʰuːl,blossom,விரி,Simple-Verbs,words
ꢣꢹꢬ꣄ ꢲꣂ,दूर हो,தூ3ர் ஹோ,door ho,dUr ho,dūr ho,d̪uːɾ ɦoː,go away,விலகு,Simple-Verbs,words
ꢮꢶꢮꢬ꣄ ꢒꢾꢬ꣄,विवर केर,விவர் கேர்,vivar ke'r,vivar kEr,vivar kĕr,ʋɪʋəɾ keɾ,explain,விவரி,Simple-Verbs,words
ꢮꢶꢮꢵꢣ꣄,विवाद्,விவாத்3,vivaad,vivAd,vivād,ʋɪʋɑːd̪,argue,விவாதி,Simple-Verbs,words
ꢙꢵꢔ꣄ꢬꢡꣁ ꢲꣂ,जाग्रता॑ हो,ஜாக்3ரதொ ஹோ,jaagrato' ho,jAgratO ho,jāgratŏ ho,d͡ʒɑːgɾət̪o ɦoː,Become aware,விழி,Simple-Verbs,words
ꢦꣂꢞ꣄,पोड्,போட்3,pod',poD,poḍ,poːɖ,fall,விழு,Simple-Verbs,words
ꢲꢵꢥ꣄ ꢲꢵꢥ,हाण हान,ஹான் ஹான் மெனி ஹான்,haan haana,hAn hAna,hān hāna,ɦɑːn̪ ɦɑːn̪ə,lash,விளாசு,Simple-Verbs,words
꣄ ꢪꢾꢥꢶ ꢲꢵꢥ꣄,म॑नि हान,ஹான் ஹான் மெனி ஹான்,me'ni haan,mEni hAn,mĕni hān,men̪ɪ ɦɑːn̪,lash,விளாசு,Simple-Verbs,words
ꢦꢶꢒ꣄ꢒꢵꢞ꣄,पिक्काड्,பிக்காட்3,pikkaad',pikkAD,pikkāḍ,pɪkkɑːɖ,cause to grow,விளைவி,Simple-Verbs,words
ꢱꢾꢠꢪ꣄,स॑णम्,ஸெணம்,se'nam,sENam,sĕṇam,s̪eɳəm,be hasten,விறுவிறு,Simple-Verbs,words
ꢪꢸꢣꢸꢬꢵꢜ꣄,मुद्राट,முது3ராட்,muduraat',mudurAT,mudurāṭ,mud̪uɾɑːʈ,Harden,விறை,Simple-Verbs,words
ꢦꢹꢱ꣄,पूस,பூஸ்,poos,pUs,pūs,puːs̪,Question/query,வினவு,Simple-Verbs,words
ꢮꢶꢗꢵꢥꣁ ꢒꢿꢬ꣄,विचाना॑ केर,விசானொ கேர்,vichaano' ker,vicAnO ker,vicānŏ ker,ʋɪt͡ʃɑːn̪o keːɾ,Question/query,வினவு,Simple-Verbs,words
ꢩꢮꢵꢜ꣄ ꢡꢵꢫ꣄,भवाट ताय,ப4வாட் தாய்,bhavaat' taay,bhavAT tAy,bhavāṭ tāy,bʰəʋɑːʈ t̪ɑːj,scream,வீரிடு,Simple-Verbs,words
ꢬꢹꢱ꣄,रूस्,ரூஸ்,roos,rUs,rūs,ɾuːs̪,show angry,வெடுவெடு,Simple-Verbs,words
ꢨꢵꢣꣁ ꢦꣂꢜ꣄,बादा॑ पोट,பா3தொ3போட்,baado' pot',bAdO poT,bādŏ poṭ,bɑːd̪o poːʈ,Feel agony,வெதும்பு,Simple-Verbs,words
ꢤꢒ꣄ꢒꢶ,धक्कि,த4க்கி,dhakki,dhakki,dhakki,d̪ʰəkkɪ,Feel scared,வெருள்,Simple-Verbs,words
ꢤꢵꢒꢸꢪ꣄ ꢏꢠ꣄ꢒꢶ,धाकुम् आ॑ण्कि,தா4கும் ஒண்கி,dhaakum o'nki,dhAkum ONki,dhākum ŏṇki,d̪ʰɑːkum oɳkɪ,shiver out of fear,வெலவெல,Simple-Verbs,words
ꢬꣂꢱ꣄,रोस,ரோஸ்,ros,ros,ros,ɾoːs̪,hate,வெறு,Simple-Verbs,words
ꢣ꣄ꢮꢿꢯ꣄ ꣄ꢒꢿꢬ꣄,द्वेवेश्केर,த்3வேஶ்கேர்,dvesh ker,dvez ker,dveś ker,d̪ʋeːʃ keːɾ,hate,வெறு,Simple-Verbs,words
ꢪꢔꢶꢭꢾ,मगिल॑,மகி3லே,magile',magilE,magilĕ,məgɪle,request,வேண்டு,Simple-Verbs,words
ꢥꢾꢬ꣄ꢦ꣄ꢦꢶ,न॑र्प्पि,நெர்ப்பி,ne'rppi,nErppi,nĕrppi,n̪eɾppɪ,wrap,வேய்,Simple-Verbs,words
ꢱꢾꢔꣁ ꢒꢿꢬ꣄,स॑गा॑ केर,ஸெகொ3கேர்,se'go' ker,sEgO ker,sĕgŏ ker,s̪ego keːɾ,sweat,வேர்,Simple-Verbs,words
ꢤꣂꢮ꣄,थोव,தோ2வ்,dhov,dhov,dhov,d̪ʰoːʋ,"place, keep",வை,Simple-Verbs,words
ꢲꣁꢞꢵꢬ꣄,हा॑डार्,ஹொடா3ர்,ho'd'aar,hODAr,hŏḍār,ɦoɖɑːɾ,quadrangle inside the house,அங்கணம்,House-Parts,words
ꢕꣁꢪ꣄ꢪꣁ,घा॑म्मा॑,கொ4ம்மொ,gho'mmo',ghOmmO,ghŏmmŏ,gʰommo,room,அறை,House-Parts,words
ꢂꢬꣁ,अरा॑,அரொ,aro',arO,arŏ,əɾo,room,அறை,House-Parts,words
ꢡꢮ꣄ꢬꢪ꣄,तव्रम,தவ்ரம்,tavram,tavram,tavram,t̪əʋɾəm,room,அறை,House-Parts,words
ꢕꢿꢬ꣄,घेर्,கே4ர்,gher,gher,gher,gʰeːɾ,house,இல்லம்,House-Parts,words
ꢓꢥꢶꢡꢮ꣄ꢬꢪ꣄,खनि तव्रम,க2னி தவ்ரம்,khanitavram,khanitavram,khanitavram,kʰən̪ɪt̪əʋɾəm,dining hall,உணவறை,House-Parts,words
ꢲꢥ꣄ꢣꢮꢸ ꢡꢮ꣄ꢬꢪ꣄,हन्दवु तव्रम,ஹந்த3வு தவ்ரம்,handavu tavram,handavu tavram,handavu tavram,ɦən̪d̪əʋu t̪əʋɾəm,dining hall,உணவறை,House-Parts,words
ꢆꢛ꣄ꢗꢳꣁ,उञ्चळा॑,உஞ்சலொ,unchal'o',uJcaLO,uñcal̤ŏ,uɲt͡ʃəɭo,swing,ஊஞ்சல்,House-Parts,words
ꢲꢶꢥ꣄ꢣꢳꢶ,हिन्दळि,ஹிந்த3ளி,hindal'i,hindaLi,hindal̤i,ɦɪn̪d̪əɭɪ,swing,ஊஞ்சல்,House-Parts,words
ꢓꢮ꣄ꢬꢵ ꢕꢿꢬ꣄,खव्राघेर्,க2வ்ராகே4ர்,khavraa gher,khavrA gher,khavrā gher,kʰəʋɾɑː gʰeːɾ,tiled house,ஓட்டுவீடு,House-Parts,words
ꢓꢮ꣄ꢬꣁ,खव्रो,க2வ்ரொ,khavro',khavrO,khavrŏ,kʰəʋɾo,tile,ஓடு,House-Parts,words
ꢐꢞꣁ,आ॑डा॑,ஓடொ3,od'o',oDO,oḍŏ,oːɖo,gutter,ஓடை,House-Parts,words
ꢦꢬꢸꢠ꣄ꢜꢵ ꢕꢿꢬ꣄,परुण्टाघेर्,பருண்டா3கே4ர்,parunt'aa gher,paruNTA gher,paruṇṭā gher,pəɾuɳʈɑː gʰeːɾ,thatched house,ஓலைவீடு,House-Parts,words
ꢩꢮꢥ꣄,भवन्,ப4வன்,bhavan,bhavan,bhavan,bʰəʋən̪,Plot/ house,கட்டிடம்,House-Parts,words
ꢒꢮꢵꢜ꣄,कवाट्,கவாட்,kavaat',kavAT,kavāṭ,kəʋɑːʈ,door,கதவு,House-Parts,words
ꢬꢴꢾꢜꣁ,र॑डा॑,ரெ:டொ3,rhe't'o',rhETO,rhĕṭŏ,ɾɦeʈo,pulley,கப்பி,House-Parts,words
ꢗꢶꢞꢵꢫ ꣄ꢣꢾꢫ꣄ꢞꣁ,चिडाय्देय्डो,சிடா3ய்தெ3ய்டொ3,chid'aaya de'yd'o',ciDAya dEyDO,ciḍāya dĕyḍŏ,t͡ʃɪɖɑːjə d̪ejɖo,black stone,கருங்கல்,House-Parts,words
ꢒꢳꢵ ꢣꢾꢔꢸꢞꣁ,कळादेगुडो,களாதெ3கு3டொ3,kal'aa de'gud'o',kaLA dEguDO,kal̤ā dĕguḍŏ,kəɭɑː d̪eguɖo,black stone,கருங்கல்,House-Parts,words
ꢪꢳꣁ,मळा॑,மளொ,mal'o',maLO,mal̤ŏ,məɭo,latrine,கழிப்பறை,House-Parts,words
ꢲꢷꢬ꣄,हीर्,ஹீர்,heer,hIr,hīr,ɦiːɾ,well,கிணறு,House-Parts,words
ꢒꢸꢜ꣄ꢱꢾ,कुट्स॑,கு3ட்3ஸெ,kut'se',kuTsE,kuṭsĕ,kuʈs̪e,hut,குடிசை,House-Parts,words
ꢒꣁꢳꢵꢫ꣄,का॑ळाय,கொளாய்,ko'l'aay,kOLAy,kŏl̤āy,koɭɑːj,tap,குழாய்,House-Parts,words
ꢥꢳꢶꢒꣁ,नळिका॑,நளிகொ,nal'iko',naLikO,nal̤ikŏ,n̪əɭɪko,tap,குழாய்,House-Parts,words
ꢱ꣄ꢥꢵꢥꢸ ꢕꢿꢬ꣄,स्नानु घेर,ஸ்நானு கே4ர்,snaanu gher,snAnu gher,snānu gher,s̪n̪ɑːn̪u gʰeːɾ,bathroom,குளியலறை,House-Parts,words
ꢓꣁꢜ꣄ꢜꣁ,खा॑ट्टा॑,கொ2ட்டொ,kho't't'o',khOTTO,khŏṭṭŏ,kʰoʈʈo,hall,கூடம்,House-Parts,words
ꢨꣁꢜ꣄ꢜꢵ ꢪꣃꢞꣁ,बा॑ट्टा मौडा॑,பொ3ட்டாமௌடொ3,bo't't'aa maud'o',bOTTA mauDO,bŏṭṭā mauḍŏ,boʈʈɑː məuɖo,tent,கூடாரம்,House-Parts,words
ꢪꢴꢸꢔꢸꢜ꣄,म्हुगुट,மு:கு3ட்,mhugut',mhuguT,mhuguṭ,mɦuguʈ,roof,கூரை,House-Parts,words
ꢒꢮꢵꢞꢸ ꢤꢵꢠ꣄,कवाडु धाण,கவாடு3தா4ண்,kavaad'u dhaan,kavADu dhAN,kavāḍu dhāṇ,kəʋɑːɖu d̪ʰɑːɳ,door handle,கைப்பிடி,House-Parts,words
ꢪꢸꢔ꣄ꢔꢸ,मुग्गु,முக்3கு3,muggu,muggu,muggu,muggu,ornamental drawing with rice or stone powder,கோலம்,House-Parts,words
ꢲꢥ꣄ꢡꢮꢸ ꢡꢮ꣄ꢬꢪ꣄,ह्न्तवु तव्रम्,ஹந்த3வு தவ்ரம்,hantavu tavram,hantavu tavram,hantavu tavram,ɦən̪t̪əʋu t̪əʋɾəm,kitchen,சமையலறை,House-Parts,words
ꢮꢶꢜꢶ ꢱꢳꢵꢒ꣄,विडि सळाक्,விடி3ஸளாக்,vit'i sal'aak,viTi saLAk,viṭi sal̤āk,ʋɪʈɪ s̪əɭɑːk,window bar,சன்னல் கம்பி,House-Parts,words
ꢡꢹꢪ꣄ꢦꣁ,तूम्पा॑,தூம்பொ,toompo',tUmpO,tūmpŏ,t̪uːmpo,gutter,சாக்கடை,House-Parts,words
ꢙꢾꢖ꣄ꢙꢵꢬ꣄,जेञ्जार,ஜெஞ்ஜார்,je'ngjaar,jEGjAr,jĕṅjār,d͡ʒeŋd͡ʒɑːɾ,gutter,சாக்கடை,House-Parts,words
ꢬꢾꢖ꣄ꢒꢸ,र॑ङकु,ரெங்கு,re'nku,rEGku,rĕṅku,ɾeŋku,"paint, dye",சாயம்,House-Parts,words
ꢦꢷꢔꢵꢡ꣄,पीगात्,பீ3கா3த்,peegaat,pIgAt,pīgāt,piːgɑːt̪,key,சாவி,House-Parts,words
ꢮꢶꢜꢶ,विटि,விடி3,vit'i,viTi,viṭi,ʋɪʈɪ,window,சாளரம்,House-Parts,words
ꢮꢶꢜ꣄ꢒꢾ,विट्क॑,விட்3கெ3,vit'ke',viTkE,viṭkĕ,ʋɪʈke,brick,செங்கல்,House-Parts,words
ꢮꢶꢞ꣄ꢔꢶꢥꢾ,विड्गिन॑,விட்3கி3னெ,vid'gine',viDginE,viḍginĕ,ʋɪɖgɪn̪e,brick,செங்கல்,House-Parts,words
ꢡꢳꢪ꣄,तळम्,த3ளம்,tal'am,taLam,tal̤am,t̪əɭəm,floor,தரை,House-Parts,words
ꢩꣁꢄ,भोइ,பொ4இ~,bho'i,bhOi,bhŏi,bʰoɪ,floor,தரை,House-Parts,words
ꢡꢳꢪ꣄,तळम्,த3ளம்,tal'am,taLam,tal̤am,t̪əɭəm,"flat, floor",தளம்,House-Parts,words
ꢲꣁꢳ꣄ꢜꣁ,हा॑ळ्टा॑,ஹொள்டொ,ho'l't'o',hOLTO,hŏl̤ṭŏ,ɦoɭʈo,verandah,திண்ணை,House-Parts,words
ꢦꢜꢸꢡꣁ,पटुता॑,படு3தொ,pat'uto',paTutO,paṭutŏ,pəʈut̪o,curtain,திரைச்சீலை,House-Parts,words
ꢓꢵꢪ꣄ꢨꢸ,खाम्बु,கா2ம்பு3,khaambu,khAmbu,khāmbu,kʰɑːmbu,pillar,தூண்,House-Parts,words
ꢔꣂꢱꢵꢭꣁ,गो शाला॑,கோ3 ஶாலொ,gosaalo',gosAlO,gosālŏ,goːs̪ɑːlo,cowshed,தொழுவு,House-Parts,words
ꢔꢵꢫ꣄ꢔꣁꢬꢸꢥꢸꢓꣁꢜ꣄ꢜꣁ,गाय्गा॑रुनु खा॑ट्टा॑,கா3ய்கொ3ருனு கொ2ட்டொ,gaaygo'runukho't't'o',gAygOrunukhOTTO,gāygŏrunukhŏṭṭŏ,gɑːjgoɾun̪ukʰoʈʈo,cowshed,தொழுவு,House-Parts,words
ꢥꢥ꣄ꢡꢮꢥꢸ,नन्तवनु,நந்தவனு,nantavanu,nantavanu,nantavanu,n̪ən̪t̪əʋən̪u,garden,தோட்டம்,House-Parts,words
ꢡꣁꢬꢠ꣄,ता॑रण्,தொரண்,to'ran,tOraN,tŏraṇ,t̪oɾəɳ,door decoration with mango leaves,தோரணம்,House-Parts,words
ꢡꢵꢪ꣄,ताम्,தா2ம்,taam,tAm,tām,t̪ɑːm,land,நிலம்,House-Parts,words
ꢮꢶꢣ꣄ꢣꢾ,विद्द॑,வித்3தெ3,vidde',viddE,viddĕ,ʋɪd̪d̪e,storey,மாடி,House-Parts,words
ꢪꢴꢞꢶ,म्हडि,ம:டி3,mhad'i,mhaDi,mhaḍi,mɦəɖɪ,storey,மாடி,House-Parts,words
ꢦꢥꢶ ꢥꢶꢮꢶ,पनि निवि,பனி நிவி,pani nivi,pani nivi,pani nivi,pən̪ɪ n̪ɪʋɪ,water tank,நீர்த்தொட்டி,House-Parts,words
ꢦꢥꢶꢡꣁꢜ꣄ꢜꢶ,पनिता॑ट्टि,பனிதொட்டி,panito't't'i,panitOTTi,panitŏṭṭi,pən̪ɪt̪oʈʈɪ,water tank,நீர்த்தொட்டி,House-Parts,words
ꢡꢬꢸꢪ꣄ ꢦꢸꢬꣁ,तरुम्पुरा॑,த3ரும்பு3ரொ,tarum puro',tarum purO,tarum purŏ,t̪əɾum puɾo,door frame,நிலைப்படி,House-Parts,words
ꢱꣂꢦꢵꢠ꣄,सोपाण,ஸோபாண்,sopaan,sopAN,sopāṇ,s̪oːpɑːɳ,step,படி,House-Parts,words
,सोपाण,ஸோபாண்,,,,,step,படி,House-Parts,words
ꢪꢾꢬ꣄ꢒꢠꢶ,म॑र्कणि,மெர்கணி,me'rkani,mErkaNi,mĕrkaṇi,meɾkəɳɪ,Sit out,பால்கனி,House-Parts,words
ꢪꢾꢜ꣄ꢒꢥꢶ,म॑ट्कनि,மெட்கனி,me't'kani,mETkani,mĕṭkani,meʈkən̪ɪ,"steps, staircase",படிக்கட்டு,House-Parts,words
ꢥꢶꢛ꣄ꢙꢬꢶꢫꢡꢮ꣄ꢬꢪ꣄,निञ्जरिय तव्रम,நிஞ்ஜரிய தவ்ரம்,ninjariyatavram,niJjariyatavram,niñjariyatavram,n̪ɪɲd͡ʒəɾɪjət̪əʋɾəm,bedroom,படுக்கையறை,House-Parts,words
ꢱꢫꢥ ꢡꢮ꣄ꢬꢪ꣄,सयन तव्रम,ஸயன தவ்ரம்,sayana tavram,sayana tavram,sayana tavram,s̪əjən̪ə t̪əʋɾəm,bedroom,படுக்கையறை,House-Parts,words
ꢪꣃꢮ꣄ꢞꣁ,मौडा॑,மௌடொ3,mauvd'o',mauvDO,mauvḍŏ,məuʋɖo,pandal,பந்தல்,House-Parts,words
ꢦꢭꢶꢖ꣄ꢔꢶ ꢣꢾꢫ꣄ꢞꣂ,पलिङगि द॑य्डा॑,பளிங்கி3 தெ3ய்டொ3,palingi de'yd'o,paliGgi dEyDo,paliṅgi dĕyḍo,pəlɪŋgɪ d̪ejɖoː,marble stone,பளிங்குக்கல்,House-Parts,words
ꢤꢹꢪꢸ ꢕꢹꢞ꣄,धूमु घूड,தூ4மு கூ4ட்3,dhoomu ghood',dhUmu ghUD,dhūmu ghūḍ,d̪ʰuːmu gʰuːɖ,chimney,புகைக்கூண்டு,House-Parts,words
ꢤꢹꢪ꣄ꢙꢮꢞ꣄ꢥꢶ,धूम्जवड्नि,தூ4ம் ஜவட்3னி,dhoomjavad'ni,dhUmjavaDni,dhūmjavaḍni,d̪ʰuːmd͡ʒəʋəɖn̪ɪ,chimney,புகைபோக்கி,House-Parts,words
ꢦꢱ꣄ꢒꢜ꣄ ꢲꣁꢜꢵꢬ꣄,पस्कट हा॑टार्,பஸ்கட் ஹொடார்,paskat' ho't'aar,paskaT hOTAr,paskaṭ hŏṭār,pəs̪kəʈ ɦoʈɑːɾ,backyard,புறக்கடை,House-Parts,words
ꢦꢹꢙꢵ ꢂꢬꣁ,पूजा अरो,புஜாஅரொ,poojaa aro',pUjA arO,pūjā arŏ,puːd͡ʒɑː əɾo,prayer room,பூசையறை,House-Parts,words
ꢨꢷꢒ꣄,बीक्,பீ3க்,beek,bIk,bīk,biːk,lock,பூட்டு,House-Parts,words
ꢗꢸꢜ꣄ꢜꢸ ꢦꢷꢡ꣄,चुट्टु पीत्,சுட்டு பீ4த்,chut't'u peet,cuTTu pIt,cuṭṭu pīt,t͡ʃuʈʈu piːt̪,compound wall,மதில்,House-Parts,words
ꢕꢿꢬꢸ ꢢꢵꢪ꣄,घेरु थाम्,கே4ரு தா2ம்,gheru thaam,gheru thAm,gheru thām,gʰeːɾu t̪ʰɑːm,"plot, house",மனை,House-Parts,words
ꢦꢷꢞꢸ ꢪꢸꢔ꣄ꢔꢸ,पीडु मुग्गु,பீடு3முக்3கு3,peed'u muggu,pIDu muggu,pīḍu muggu,piːɖu muggu,ornamental drawing with rice flour,மாக்கோலம்,House-Parts,words
ꢕꣁꢮ꣄ꢭꣁ,घा॑व्ला॑,கொ4வ்லொ,gho'vlo',ghOvlO,ghŏvlŏ,gʰoʋlo,a cell for keep-ing the lamp on the wall,மாடம்,House-Parts,words
ꢮꢶꢣ꣄ꢣꢾ,विद्द॑,வித்3தெ3,vidde',viddE,viddĕ,ʋɪd̪d̪e,upstairs,மாடி,House-Parts,words
ꢬꢮꢸꢳ꣄꣄,रवुळ,ரவுள்,ravul',ravuL,ravul̤,ɾəʋuɭ,"big house, bungalow",மாளிகை,House-Parts,words
ꢲꣁꢜꢵꢬ꣄,हा॑टार्,ஹொடா3ர்,ho't'aar,hOTAr,hŏṭār,ɦoʈɑːɾ,courtyard,முற்றம்,House-Parts,words
ꢩꣁꢖ꣄ꢔ꣄ꢸ,भा॑ङग,பொ4ங்கு3,bho'ng_u,bhOGg_u,bhŏṅg_u,bʰoŋg_u,bamboo,மூங்கில்,House-Parts,words
ꢪꢸꢭꣁ,मूला॑,மூலொ,mulo',mulO,mulŏ,mulo,corner,மூலை,House-Parts,words
ꢆꢪ꣄ꢨ꣄ꢬꣁ,उम्ब्रा॑,உம்ப்3ரொ,umbro',umbrO,umbrŏ,umbɾo,corner,மூலை,House-Parts,words
ꢬꢾꢖ꣄ꢔꢸ,र॑ङगु,ரெங்கு3,re'ngu,rEGgu,rĕṅgu,ɾeŋgu,"colour, paint",வண்ணம்,House-Parts,words
ꢱ꣄ꢮꢵꢔꢡ ꢂꢬꣁ,स्वागत अरा॑,ஸ்வாக3தஅரொ,svaagata aro',svAgata arO,svāgata arŏ,s̪ʋɑːgət̪ə əɾo,drawing room,வரவேற்பறை,House-Parts,words
ꢨꢜ꣄ꢒꢾ,बट्के,ப3ட்கெ,bat'ke',baTkE,baṭkĕ,bəʈke,rent,வாடகை,House-Parts,words
ꢨꢜ꣄ꢒꢾ ꢕꢿꢬ꣄,बट्के घेर्,ப3ட்கெகே4ர்,bat'ke' gher,baTkE gher,baṭkĕ gher,bəʈke gʰeːɾ,rented house,வாடகைவீடு,House-Parts,words
ꢣꢵꢬ꣄,दार,தா3ர்,daar,dAr,dār,d̪ɑːɾ,"threshold, gate",வாசல்,House-Parts,words
ꢤꢜꣁ,धडो,த4டொ,dhat'o',dhaTO,dhaṭŏ,d̪ʰəʈo,"threshold, gate",வாயில்,House-Parts,words
ꢦꢖ꣄ꢓꣁ,पङखो,பங்கொ2,pankho',paGkhO,paṅkhŏ,pəŋkʰo,fan,விசிறி,House-Parts,words
ꢮꢶꢙꢥꣁ,विजना॑,விஜனொ,vijano',vijanO,vijanŏ,ʋɪd͡ʒən̪o,fan,விசிறி,House-Parts,words
ꢣꢶꢮꣁ,दिवा॑,தி3வொ,divo',divO,divŏ,d̪ɪʋo,"light, lamp",விளக்கு,House-Parts,words
ꢃꢮꢬꢠꣂ,आवरणा॑,ஆவரணொ,aavarano,AvaraNo,āvaraṇo,ɑːʋəɾəɳoː,fence,வேலி,House-Parts,words
ꢪꢷ,मी,மீ,mee,mI,mī,miː,I,நான்,Pronouns,words
ꢂꢪꢶ,अमि,அமி,ami,ami,ami,əmɪ,we,நாம்,Pronouns,words
ꢡꢹ,तू,தூ,too,tU,tū,t̪uː,you,நீ,Pronouns,words
ꢡꢸꢪꢶ,तुमि,துமி,tumi,tumi,tumi,t̪umɪ,you,நீர்,Pronouns,words
ꢌꢥꣁ,ए॑ना॑,எனொ,e'no',EnO,ĕnŏ,en̪o,he,இவன்,Pronouns,words
ꢄꢥꣁ,इना॑,இனொ,ino',inO,inŏ,ɪn̪o,she,இவள்,Pronouns,words
ꢌꢥꢸ,एनु,எனு,e'nu,Enu,ĕnu,en̪u,he,இவர்,Pronouns,words
ꢌꢥꢸ,एनु,எனு,e'nu,Enu,ĕnu,en̪u,they,இவர்கள்,Pronouns,words
ꢌꢭ꣄ꢫꣁ,एल्या॑,எல்யொ,e'lyo',ElyO,ĕlyŏ,eljo,it,இது,Pronouns,words
ꢌꢭ꣄ꢫꢾ,एल्ये,எல்யெ,e'lye',ElyE,ĕlyĕ,elje,they,இவை,Pronouns,words
ꢡꢾꢥꣁ,त॑ना॑,தெனொ,te'no',tEnO,tĕnŏ,t̪en̪o,he,அவன்,Pronouns,words
ꢡꢶꢥꣁ,तिना॑,தினொ,tino',tinO,tinŏ,t̪ɪn̪o,she,அவள்,Pronouns,words
ꢡ꣄ꢫꣁ,त्या॑,த்யொ,tyo',tyO,tyŏ,t̪jo,it,அது,Pronouns,words
ꢡ꣄ꢫꢾ,त्य॑,த்யெ,tye',tyE,tyĕ,t̪je,they,அவை,Pronouns,words
ꢂꢦꢸꢭ꣄,अपुल,அபுல்,apul,apul,apul,əpul,reflexive,தான்,Pronouns,words
ꢂꢦ꣄ꢭꢵꢥ꣄,अप्लान्,அப்லான்,aplaan,aplAn,aplān,əplɑːn̪,reflexive,தாம்,Pronouns,words
ꢡꢸꢪꢶ,तुमि,துமி,tumi,tumi,tumi,t̪umɪ,reflexive you,தாங்கள்,Pronouns,words
ꢒꣂꢥ꣄,कोन्,கோன்,kon,kon,kon,koːn̪,he,எவன்,Pronouns,words
ꢒꣂꢥ꣄,कोन्,கோன்,kon,kon,kon,koːn̪,she,எவள்,Pronouns,words
ꢒꣂꢥ꣄ꢒꣂꢥ꣄,कोन् कोन्,கோன்கோன்,konkon,konkon,konkon,koːn̪koːn̪,they,எவர்கள்,Pronouns,words
ꢒꣂꢥꢾ,कोन॑,கோனெ,kone',konE,konĕ,koːn̪e,which,எது,Pronouns,words
ꢒꣂꢥ꣄ꢫꢾ,कोन्य॑,கோன்யெ,konye',konyE,konyĕ,koːn̪je,which,எது,Pronouns,words
ꢒꣂꢥ꣄ꢫꣁ,कोन्या॑,கோன்யொ,konyo',konyO,konyŏ,koːn̪jo,which,எவை,Pronouns,words
ꢒꣂꢥ꣄,कोन्,கோன்,kon,kon,kon,koːn̪,who,யார்,Pronouns,words
ꢗꢸꢳ꣄ꢳꣁ,चुळ्ळा॑,சுல்லொ,chul'l'o',cuLLO,cul̤l̤ŏ,t͡ʃuɭɭo,stove,அடுப்பு,House-Articles,words
ꢡꢜꣁ,तटो,தடொ,tat'o',taTO,taṭŏ,t̪əʈo,peg,ஆப்பு,House-Articles,words
ꢄꢜ꣄ꢒꢶ,इट्कि,இட்கி,it'ki,iTki,iṭki,ɪʈkɪ,forceps,இடுக்கி,House-Articles,words
ꢮꢶꢜ꣄ꢒꢶ,विट्कि,விட்கி,vit'ki,viTki,viṭki,ʋɪʈkɪ,forceps,இடுக்கி,House-Articles,words
ꢭꢴꣁꢔꢠꢸꢦꢾꢜꢶ,ल्हा॑गणुप॑टि,லொ:க3ணுபெடி,lho'ganupe't'i,lhOgaNupETi,lhŏgaṇupĕṭi,lɦogəɳupeʈɪ,iron self,இரும்புப் பெட்டி,House-Articles,words
ꢱꢸꢬꢸꢔ꣄,सुरुग,ஸுருக்3,surug,surug,surug,s̪uɾug,drawer of a table,இழுப்பறை,House-Articles,words
ꢔꢾꢱꢶꢥ ꢶꢦꢾꢜꢶ,ग॑सिनि प॑टि,கெ3ஸினிபெடி,ge'sina ipe't'i,gEsina ipETi,gĕsina ipĕṭi,ges̪ɪn̪ə ɪpeʈɪ,iron box,இஸ்திரிப்பெட்டி,House-Articles,words
ꢱꢜꣁ,सटा॑,ஸடொ,sat'o',saTO,saṭŏ,s̪əʈo,ladder,ஏணி,House-Articles,words
ꢱ꣄ꢬꢿꢠꢶ,स्रेणि,ஸ்ரேணி,sreni,sreNi,sreṇi,s̪ɾeːɳɪ,ladder,ஏணி,House-Articles,words
ꢗꢶꢡ꣄ꢡꢸꢬ꣄,चित्तुर,சித்துர்,chittur,cittur,cittur,t͡ʃɪt̪t̪uɾ,painting,ஓவியம்,House-Articles,words
ꢪꢛ꣄ꢗꢸ,मञ्चु,மஞ்சு,manchu,maJcu,mañcu,məɲt͡ʃu,cot,கட்டில்,House-Articles,words
ꢪꣁꢛ꣄ꢗꣁ,मा॑ञ्चा॑,மொஞ்சொ,mo'ncho',mOJcO,mŏñcŏ,moɲt͡ʃo,cot,கட்டில்,House-Articles,words
ꢕꢾꢜꢶꢔꢳꣁ,घ॑टिगळा॑,கெ4டி3க3ளொ,ghe't'igal'o',ghETigaLO,ghĕṭigal̤ŏ,gʰeʈɪgəɭo,wrist watch,கடிகாரம்,House-Articles,words
ꢣꢮ꣄ꢠꣁ,दव्णा॑,த3வ்ணொ,davno',davNO,davṇŏ,d̪əʋɳo,mirror,கண்ணாடி,House-Articles,words
ꢂꢣ꣄ꢣꢪ꣄,अद्दम,அத்3த3ம்,addam,addam,addam,əd̪d̪əm,mirror,கண்ணாடி,House-Articles,words
ꢘꢸꢬꢶ,छुरि,சு2ரி,chhuri,churi,churi,t͡ʃʰuɾɪ,knife,கத்தி,House-Articles,words
ꢒꢾꢡ꣄ꢡꢶꢬꢶꢒꢾ,क॑त्तिरिक॑,கெத்திரிகெ,ke'ttirike',kEttirikE,kĕttirikĕ,ket̪t̪ɪɾɪke,scissors,கத்திரி / கத்திரிக்கோல்,House-Articles,words
ꢒꢪ꣄ꢨ꣄ꢭꣁ,कम्ब्ळा॑,கம்ப்3ளொ,kamblo',kamblO,kamblŏ,kəmblo,wollen blanket,கம்பளிப் போர்வை,House-Articles,words
ꢧꢖ꣄ꢔꢸꢬꣁ,फङ्गुरा॑,ப2ங்கு3ரொ,phanguro',phaGgurO,phaṅgurŏ,pʰəŋguɾo,wollen blanket,கம்பளிப் போர்வை,House-Articles,words
ꢇꢬ꣄ꢠꢸꢧꢖ꣄ꢔꢸꢬꣁ,ऊरणु फङ्गुरा॑,ஊர்ணு ப2ங்கு3ரொ,oornuphanguro',UrNuphaGgurO,ūrṇuphaṅgurŏ,uːɾɳupʰəŋguɾo,wollen blanket,கம்பளிப் போர்வை,House-Articles,words
ꢓꢜ꣄ꢜꢶ,खट्टि,க2ட்டி,khat't'i,khaTTi,khaṭṭi,kʰəʈʈɪ,stick,கம்பு,House-Articles,words
ꢦꢵꢄ~ ꢦꣁꢱꢸꢥꢵꢮ꣄,पाइ~ पा॑सुनाव,பாஇ~பொஸுனாவ்,paai~ po'sunaav,pAi~ pOsunAv,pāi~ pŏsunāv,pɑːɪ~ pos̪un̪ɑːʋ,doormat,கால்மிதி,House-Articles,words
ꢦꣃꢱꢸꢭ꣄,पौसुल्,பௌஸுல்,pausul,pausul,pausul,pəus̪ul,footwear,காலணி,House-Articles,words
ꢔꢸꢖ꣄ꢔꢸꢪꢸ ꢩꣁꢬꢠꢶ,गुङ्गुमु भा॑रणि,குங்கு3மு பொ4ரணி,gungumu bho'rani,guGgumu bhOraNi,guṅgumu bhŏraṇi,guŋgumu bʰoɾəɳɪ,kumkum box,குங்குமச் சிமிழ்,House-Articles,words
ꢱꢣꢶ,सदि,ஸதி3,sadi,sadi,sadi,s̪əd̪ɪ,umbrella,குடை,House-Articles,words
ꢘꢡ꣄ꢬꢶ,छत्रि,ச2 த்ரி,chhatri,chatri,chatri,t͡ʃʰət̪ɾɪ,umbrella,குடை,House-Articles,words
ꢔꢾꢭ꣄ꢭꣁ,ग॑ल्ला॑,கெ3ல்லொ,ge'llo',gEllO,gĕllŏ,gello,vessel for storing grains,குதிர்,House-Articles,words
ꢔꢸꢡ꣄ꢡꢶ,गुत्ति,கு3த்தி,gutti,gutti,gutti,gut̪t̪ɪ,bottle,குப்பி,House-Articles,words
ꢔꢸꢦ꣄ꢦꣁ,कुप्पा॑,குப்பொ,guppo',guppO,guppŏ,guppo,trash,குப்பை,House-Articles,words
ꢲꢷꢞꢸꢮꢱ꣄ꢡꢸꢥ꣄,हीडुवस्तुन,ஹீடு3வஸ்துன்,heed'uvastun,hIDuvastun,hīḍuvastun,ɦiːɖuʋəs̪t̪un̪,trash,குப்பை,House-Articles,words
ꢔꢾꢭ꣄ꢭꣁ,ग॑ल्ला॑,கெல்லொ,ge'llo',gEllO,gĕllŏ,gello,Earthen vessel for storing grains,குலுக்கை,House-Articles,words
ꢒꣂꢮꢶ,कोवि,கோவி,kovi,kovi,kovi,koːʋɪ,pipe,குழல்,House-Articles,words
ꢧꢸꢥ꣄ꢥꢳꢶ,फुन्नळि,பு2ன்னளி,phunnal'i,phunnaLi,phunnal̤i,pʰun̪n̪əɭɪ,pipe,குழல்,House-Articles,words
ꢥꢳꢶ,नळि,நளி,nal'i,naLi,nal̤i,n̪əɭɪ,tap,குழாய்,House-Articles,words
ꢲꢵꢡꢸ ꢓꣁꢳ꣄ꢜꢶ,हातु खा॑ळ्टि,ஹாதுகொ2ள்டி,haatu kho'l't'i,hAtu khOLTi,hātu khŏl̤ṭi,ɦɑːt̪u kʰoɭʈɪ,handbag,கைப்பை,House-Articles,words
ꢦꢶꢱꢸꢳꢵ ꢏꢭꣁ,पिचुळा आ॑लो,பிஸுளா ஒலொ,pisul'aa o'lo',pisuLA OlO,pisul̤ā ŏlŏ,pɪs̪uɭɑː olo,mosquito net,கொசுவலை,House-Articles,words
ꢱꢶꢬ꣄ꢒꢠ꣄,सिर्कण,ஸிர்கண்,sirkan,sirkaN,sirkaṇ,s̪ɪɾkəɳ,sandal,சந்தனம்,House-Articles,words
ꢯ꣄꣄ꢬꢷꢔꢥ꣄ꢤꢸ,श्रीगन्धु,ஸ்ரீக3ந்து4,shreegandhu,zrIgandhu,śrīgandhu,ʃɾiːgən̪d̪ʰu,sandal,சந்தனம்,House-Articles,words
ꢙꢾꢖ꣄ꢔꢳꢪ꣄,ज॑ङ्गळम,ஜெங்க3ளம்,je'ngal'am,jEGgaLam,jĕṅgal̤am,d͡ʒeŋgəɭəm,carpet,சமுக்காளம்,House-Articles,words
ꢬꢵꢒ꣄,राक्,ராக்,raak,rAk,rāk,ɾɑːk,ash,சாம்பல்,House-Articles,words
ꢮꢱ꣄ꢡꢸꢥ꣄꣄,वस्तुन,வஸ்துன்,vastun,vastun,vastun,ʋəs̪t̪un̪,things,சாமான்கள்/பொருட்கள்,House-Articles,words
ꢙꢪꢵꢥꢸꢥ꣄,जमानुन,ஜமானுன்,jamaanun,jamAnun,jamānun,d͡ʒəmɑːn̪un̪,things,சாமான்கள்/பொருட்கள்,House-Articles,words
ꢨꢶꢔꢵꢡ꣄,बिगात,பி3கா3த்,bigaat,bigAt,bigāt,bɪgɑːt̪,key,சாவி,House-Articles,words
ꢧꣁꢥ꣄ꢥꢶ,फोन्नि,பொ2ன்னி,pho'nni,phOnni,phŏnni,pʰon̪n̪ɪ,comb,சீப்பு,House-Articles,words
ꢩꢷꢡꢸ ꢕꢾꢞꢶꢔꢳꣁ,भीतु घेडिगळा॑,பீ4துகெ4டி3க3ளொ,bheetu ghe'd'igal'o',bhItu ghEDigaLO,bhītu ghĕḍigal̤ŏ,bʰiːt̪u gʰeɖɪgəɭo,wall clock,சுவர்க் கடிகாரம்,House-Articles,words
ꢨꣁꢖ꣄ꢔꢸ ꢡꢜ꣄ꢜꢶ,बा॑ङ्गु तट्टि,பொ3ங்கு3 தட்டி,bo'ngu tat't'i,bOGgu taTTi,bŏṅgu taṭṭi,boŋgu t̪əʈʈɪ,bamboo screen,தட்டி,House-Articles,words
ꢭꣀꢞꣁ,लैडा॑,லைடொ3,laid'o',laiDO,laiḍŏ,ləɪɖo,stick,தடி,House-Articles,words
ꢨꢠꢵꢭ꣄ ꢭꢔꢸꢞꣁ,बणाल्लगुडा॑,ப3ணால் லகு3டொ3,banaal lagud'o',baNAl laguDO,baṇāl laguḍŏ,bəɳɑːl ləguɖo,big stick,தடிக்கம்பு,House-Articles,words
ꢲꢡ꣄ꢬꢥ꣄,हत्रन,ஹத்ரன்,hatran,hatran,hatran,ɦət̪ɾən̪,carpet,தரைவிரிப்பு,House-Articles,words
ꢡꢾꢭ꣄ꢒꢜ꣄,तेल्कट,தெல்கட்,te'lkat',tElkaT,tĕlkaṭ,t̪elkəʈ,pillow,தலையணை,House-Articles,words
ꢲꢸꢪ꣄ꢬꣁ,हुम्रा॑,ஹும்ரொ,humro',humrO,humrŏ,ɦumɾo,pillow,தலையணை,House-Articles,words
ꢣꢶꢠ꣄ꢞꢸ,दिण्डु,தி3ண்டு3,dind'u,diNDu,diṇḍu,d̪ɪɳɖu,pillow,தலையணை,House-Articles,words
ꢪꣁꢭ꣄ꢜꢶ,मा॑ल्टि,மொள்டி,mo'lt'i,mOlTi,mŏlṭi,molʈɪ,pillow,தலையணை,House-Articles,words
ꢮꢵꢡ꣄,वात,வாத்,vaat,vAt,vāt,ʋɑːt̪,wick,திரி,House-Articles,words
ꢣꢶꢮꣁ,दिवा॑,தி3வொ,divo',divO,divŏ,d̪ɪʋo,lamp,தீபம்,House-Articles,words
ꢭꣁꢪ꣄ꢨꢥ꣄ ꢣꢶꢮꣁ,ला॑म्बन्दिवा॑,லொம்ப3ன் தி3வொ,lo'mban divo',lOmban divO,lŏmban divŏ,lombən̪ d̪ɪʋo,hanging lamp,தொங்குவிளக்கு,House-Articles,words
ꢦꢭ꣄ꢭꣁ,पल्ला॑,பல்லொ,pallo',pallO,pallŏ,pəllo,cradle,தூளி/ தொட்டில்,House-Articles,words
ꢦꢳ꣄ꢳꣁ,पळ्ळा॑,பள்ளொ,pal'l'o',paLLO,pal̤l̤ŏ,pəɭɭo,cradle,தூளி/ தொட்டில்,House-Articles,words
ꢒꢾꢱꢶꢥꢶ ꢦꢾꢜꢶ,केसिनि प॑टि,கெசினி பெடி,ke'sini pe't'i,kEsini pETi,kĕsini pĕṭi,kes̪ɪn̪ɪ peʈɪ,Iron box,தேய்ப்புப் பெட்டி,House-Articles,words
ꢥꢶꢮꢶ,निवि,நிவி,nivi,nivi,nivi,n̪ɪʋɪ,tank,தொட்டி,House-Articles,words
ꢡꣁꢜ꣄ꢜꢶ,तोट्टि,தொட்டி,to't't'i,tOTTi,tŏṭṭi,t̪oʈʈɪ,tank,தொட்டி,House-Articles,words
ꢬꢹꢦꢣꢬ꣄ꢯꢶꢥꢶ,रूप दर्शिनि,ரூப த3ர்ஷினி,roopadarshini,rUpadarzini,rūpadarśini,ɾuːpəd̪əɾʃɪn̪ɪ,television,தொலைக்காட்சிப் பெட்டி,House-Articles,words
ꢣꢹꢬ꣄ ꢮꢣꢶꢥꢶ,दूर्वदिनि,தூ3ர் வதி3னி,door vadini,dUr vadini,dūr vadini,d̪uːɾ ʋəd̪ɪn̪ɪ,telephone,தொலைபேசி,House-Articles,words
ꢒꢾꢰꢠ꣄ ꢓꣁꢳ꣄꣄ꢜꢶ,क॑षण खा॑ळ्टि,கெஷண் கொ2ள்டி,ke'shan kho'l't'i,kESaN khOLTi,kĕṣaṇ khŏl̤ṭi,keʂəɳ kʰoɭʈɪ,leather bag,தோல் பை,House-Articles,words
ꢓꢵꢥꢣꢸ ꢓꣁꢳ꣄꣄꣄ꢜꢶ,खा॑ळ्टि,கா2ந்து3கொ2ள்டி,khaanadu kho'l't'i,khAnadu khOLTi,khānadu khŏl̤ṭi,kʰɑːn̪əd̪u kʰoɭʈɪ,shoulder bag,தோள் பை,House-Articles,words
ꢣꢶꢥ꣄ꢥꢸ ꢣꢾꢒ꣄ꢒꢜ꣄ꢥꢶ,दिन्नु द॑क्कट्नि,தி3ன்னுதெ3க்கட்னி,dinnu de'kkat'ni,dinnu dEkkaTni,dinnu dĕkkaṭni,d̪ɪn̪n̪u d̪ekkəʈn̪ɪ,calender,நாள்காட்டி,House-Articles,words
ꢣꢶꢥꢗꢬ꣄ꢫꣁ,दिनचर्या॑,தி3னசர்யொ,dinacharyo',dinacaryO,dinacaryŏ,d̪ɪn̪ət͡ʃəɾjo,calender,நாள்காட்டி,House-Articles,words
ꢗꢵꢬ꣄ꢦꢵꢄ~ ꢡꢶꢮꢶ,चार्पाइ~ तिवि,சார்பாஇ~திவி,chaarpaai~ tivi,cArpAi~ tivi,cārpāi~ tivi,t͡ʃɑːɾpɑːɪ~ t̪ɪʋɪ,chair,நாற்காலி,House-Articles,words
ꢒꢸꢬ꣄ꢱꢶ,कुर्सि,குர்ஸி,kursi,kursi,kursi,kuɾs̪ɪ,chair,நாற்காலி,House-Articles,words
ꢒꣂꢥ꣄ꢡꢸ,कोन्तु,கோ3ந்து,kontu,kontu,kontu,koːn̪t̪u,gum,பசை,House-Articles,words
ꢣꢶꢞ꣄ꢞꢸ,दिड्डु,தி3ட்3டு3,did'd'u,diDDu,diḍḍu,d̪ɪɖɖu,gum,பசை,House-Articles,words
ꢮꢭ꣄ꢭꢶꢬ꣄,वज्जिर,வஜ்ஜிர்,vallir,vallir,vallir,ʋəllɪɾ,gum,பசை,House-Articles,words
ꢗꢶꢡ꣄ꢡꢸꢬ꣄,चित्तुर,சித்துர்,chittur,cittur,cittur,t͡ʃɪt̪t̪uɾ,picture,படம்,House-Articles,words
ꢭꣂꢱ꣄,लोस,லோஸ்,los,los,los,loːs̪,picture,படம்,House-Articles,words
ꢱꢫꢥꢶ,सयनि,ஸயனி,sayani,sayani,sayani,s̪əjən̪ɪ,bed,படுக்கை,House-Articles,words
ꢱꢫꢥꢸ ꢲꢡ꣄ꢬꢥ꣄,सयनु हत्रन,ஸயனு ஹத்ரன்,sayanu hatran,sayanu hatran,sayanu hatran,s̪əjən̪u ɦət̪ɾən̪,bed sheet,படுக்கை விரிப்பு,House-Articles,words
ꢒꢸꢡꢸꢬ꣄,कुतुर्,குதுர்,kutur,kutur,kutur,kut̪uɾ,Wooden vessel for storing grains,பத்தாயம்,House-Articles,words
ꢣꢵꢡꢸ ꢨꢸꢬꢸꢱ꣄,दातुबुरुस,தா3து பு3ருஸ்,daatu burus,dAtu burus,dātu burus,d̪ɑːt̪u buɾus̪,tooth brush,பல்விளக்கி,House-Articles,words
ꢣꢵꢡꢸ ꢪꢛ꣄ꢙꢥ꣄,दातुमञ्जन,தா3து மஞ்ஜன்,daatu manjan,dAtu maJjan,dātu mañjan,d̪ɑːt̪u məɲd͡ʒən̪,tooth brush,பல்விளக்கி,House-Articles,words
ꢞꢵꢡꢸ ꢔꢾꢱꢶꢥꢶ,दातु ग॑सिनि,தா3து கெ3ஸினி,d'aatu ge'sini,DAtu gEsini,ḍātu gĕsini,ɖɑːt̪u ges̪ɪn̪ɪ,tooth brush,பல்விளக்கி,House-Articles,words
ꢣꢵꢡꢸꢭꢿꢲꢶ,दातुलेहि,தா3து லேஹி,daatulehi,dAtulehi,dātulehi,d̪ɑːt̪uleːɦɪ,tooth paste,பற்பசை,House-Articles,words
ꢣꢵꢡꢸ ꢩꢸꢬ꣄ꢒꣁ,दातु भुर्का॑,தா3து பு4ர்கொ,daatu bhurko',dAtu bhurkO,dātu bhurkŏ,d̪ɑːt̪u bʰuɾko,tooth powder,பற்பொடி,House-Articles,words
ꢌꢣꢸꢥꢪ꣄,ए॑दुनम,எது3னம்,e'dunam,Edunam,ĕdunam,ed̪un̪əm,vessels,பாத்திரம்,House-Articles,words
ꢦꢵꢡ꣄ꢬꣁ,पात्रा॑,பாத்ரொ,paatro',pAtrO,pātrŏ,pɑːt̪ɾo,vessels,பாத்திரம்,House-Articles,words
ꢗꢦꣂ,चपा॑,சபொ,chapo,capo,capo,t͡ʃəpoː,mat,பாய்,House-Articles,words
ꢔꢾꢜ꣄ꢦꢵꢬꣁ,ग॑ट्पारा॑,கெ3ட்பாரொ,ge't'paaro',gETpArO,gĕṭpārŏ,geʈpɑːɾo,crow bar,கடப்பாறை,House-Articles,words
ꢓꢥꢵꢮ꣄,खनाव,க2னாவ்,khanaav,khanAv,khanāv,kʰən̪ɑːʋ,crow bar,கடப்பாறை,House-Articles,words
ꢤꢹꢪ꣄ ꢭꣂꢱ꣄,धूम्लोस,தூ4ம் லோஸ்,dhoom los,dhUm los,dhūm los,d̪ʰuːm loːs̪,photo,புகைப்படம்,House-Articles,words
ꢥꢷꢞꢵ ꢭꣂꢱ꣄,नीडा लोस,நீடா3லோஸ்,need'aa los,nIDA los,nīḍā los,n̪iːɖɑː loːs̪,photo,புகைப்படம்,House-Articles,words
ꢩꢵꢮ ꢗꢶꢡ꣄ꢡꢸꢬ꣄,भावचित्तुर,பா4வசித்துர்,bhaava chittur,bhAva cittur,bhāva cittur,bʰɑːʋə t͡ʃɪt̪t̪uɾ,photo,புகைப்படம்,House-Articles,words
ꢥꢵꢳꣁ,नाळा॑,நாளொ,naal'o',nALO,nāl̤ŏ,n̪ɑːɭo,funnel,புனல்,House-Articles,words
ꢧꢹꢭꢸ ꢥꢶꢮꢶ,फूलु निवि,பூ2லு நிவி,phoolu nivi,phUlu nivi,phūlu nivi,pʰuːlu n̪ɪʋɪ,flower pot,பூச்சட்டி / பூத்தொட்டி,House-Articles,words
ꢦꢾꢜꢶ,प॑टि,பெடி,pe't'i,pETi,pĕṭi,peʈɪ,box,பெட்டி,House-Articles,words
ꢦꢶꢳ꣄ꢜꢶ,पिळ्टि,பிள்டி,pil't'i,piLTi,pil̤ṭi,pɪɭʈɪ,toy,பொம்மை,House-Articles,words
ꢧꢖ꣄ꢔꢸꢬꣁ,फङ्गुरा॑,ப2ங்கு3ரொ,phanguro',phaGgurO,phaṅgurŏ,pʰəŋguɾo,blanket,போர்வை,House-Articles,words
ꢧꢖ꣄ꢔꢸꢬꢶ,फङ्गुरि,ப2ங்கு3ரி,phanguri,phaGguri,phaṅguri,pʰəŋguɾɪ,blanket,போர்வை,House-Articles,words
ꢕꢾꢜꢶ,घ॑टि,கெ4டி3,ghe't'i,ghETi,ghĕṭi,gʰeʈɪ,time,மணி,House-Articles,words
ꢦꢵꢫ꣄ꢥ꣄ ꢦꣁꢱꢶꢭ꣄ꢥꢶ,पाय्न प॑सिल्नि,பாய்ன் பொஸில்னி,paayn po'silni,pAyn pOsilni,pāyn pŏsilni,pɑːjn̪ pos̪ɪln̪ɪ,mat,மிதியடி,House-Articles,words
ꢮꢶꢣ꣄ꢫꢸꢡ꣄ꢮꢶꢙꢥꣁ,विद्युत्विजनो,வித்3யுத்விஜனொ,vidyutvijano',vidyutvijanO,vidyutvijanŏ,ʋɪd̪jut̪ʋɪd͡ʒən̪o,electric fan,மின்விசிறி,House-Articles,words
ꢮꢶꢣ꣄ꢫꢸꢮꢶꢡ꣄ ꢣꢶꢮꣁ,विद्युत्दिवा॑,வித்3யுத் தி3வொ,vidyuvit divo',vidyuvit divO,vidyuvit divŏ,ʋɪd̪juʋɪt̪ d̪ɪʋo,electric lamp,மின் விளக்கு,House-Articles,words
ꢢꢷꢥ꣄ꢦꢵꢄ~ ꢡꢶꢮꢶ,थीन्पाइ~ तिवि,தீ2ன்பாஇ~திவி,theenpaai~ tivi,thInpAi~ tivi,thīnpāi~ tivi,t̪ʰiːn̪pɑːɪ~ t̪ɪʋɪ,three legged stool,முக்காலி,House-Articles,words
ꢪꢾꢣꢸꢳꣁ,मेदुळा॑,மெது3ளொ,me'dul'o',mEduLO,mĕdul̤ŏ,med̪uɭo,mattress,மெத்தை,House-Articles,words
ꢪꢾꢫꢶꢥꢸ ꢮꢵꢡ꣄,म॑यिनु वात,மெயினுவாத்,me'yinu vaat,mEyinu vAt,mĕyinu vāt,mejɪn̪u ʋɑːt̪,candle,மெழுகுவர்த்தி,House-Articles,words
ꢪꣂꢪ꣄ ꢮꢵꢡ꣄,मोम्वात,மோம் வாத்,mom vaat,mom vAt,mom vāt,moːm ʋɑːt̪,candle,மெழுகுவர்த்தி,House-Articles,words
ꢪꢿꢙꣁ,मेजा॑,மேஜொ,mejo',mejO,mejŏ,meːd͡ʒo,table,மேசை,House-Articles,words
ꢮꢵꢬ꣄,वार्,வார்,vaar,vAr,vār,ʋɑːɾ,Broom stick,"வாரியல், விளக்கமாறு",House-Articles,words
ꢚꢠ꣄ꢠꢶ,झण्णि,ஜ2ண்ணி,jhanni,jhaNNi,jhaṇṇi,d͡ʒʰəɳɳɪ,Broom stick,"வாரியல், விளக்கமாறு",House-Articles,words
ꢒꢸꢞꣁ,कुडा॑,குடொ3,kud'o',kuDO,kuḍŏ,kuɖo,bucket,வாளி,House-Articles,words
ꢔꢮ꣄ꢥꢶ ꢦꢾꢜꢶ ꢂꢒꢵꢱ꣄ ꢤꣁꢥꢶ ꢦꢾꢜꢶ,गव्नि प॑टि,க3வ்னி பெடி,gavni pe't'i akaas dho'ni pe't'i,gavni pETi akAs dhOni pETi,gavni pĕṭi akās dhŏni pĕṭi,gəʋn̪ɪ peʈɪ əkɑːs̪ d̪ʰon̪ɪ peʈɪ,radio,வானொலிப் பெட்டி,House-Articles,words
ꢡꢶꢮꣁ,तिवा॑,தி3வொ,tivo',tivO,tivŏ,t̪ɪʋo,lamp,விளக்கு,House-Articles,words
ꢚꢠ꣄ꢠꢶ,झण्णि,ஜ2ண்ணி,jhanni,jhaNNi,jhaṇṇi,d͡ʒʰəɳɳɪ,broomstick,விளக்குமாறு,House-Articles,words
ꢙꢾꢡꣁ,ज॑ता॑,ஜெதொ,je'to',jEtO,jĕtŏ,d͡ʒet̪o,"group, team",அணி,Games,words
ꢔꢸꢪ꣄ꢦꢸ,गुम्पु,கு3ம்பு,gumpu,gumpu,gumpu,gumpu,"group, team",அணி,Games,words
ꢓꢵꢳ꣄,खाळ,கா2ள்,khaal',khAL,khāl̤,kʰɑːɭ,"play, game",ஆட்டம்,Games,words
ꢓꢾꢳ꣄,खेळ,கே2ள்,khe'l',khEL,khĕl̤,kʰeɭ,"play, game",ஆட்டம்,Games,words
ꢨꢾꢠ꣄ꢜꢸ ꢮꢵꢕ꣄ ꢓꢭ꣄ꢥꢶ,ब॑ण्टु वाघ् खळ्नि,பெ4ண்டு வாக்4 க2ள்னி,be'nt'u vaagh khalni,bENTu vAgh khalni,bĕṇṭu vāgh khalni,beɳʈu ʋɑːgʰ kʰəln̪ɪ,goat and tiger game,ஆடுபுலி ஆட்டம்,Games,words
ꢩꢭ ꢮꢶꢱꢶꢬ꣄ꢥꢶ,भल विसिर्नि,ப4ல விஸிர்னி,bhala visirni,bhala visirni,bhala visirni,bʰələ ʋɪs̪ɪɾn̪ɪ,javelin throw,ஈட்டி எறிதல்,Games,words
ꢣꢿꢲꢵꢦ꣄ꢧꢶꢫꢵꢱ꣄,देहाभ्यास्,தே3ஹாப்4யாஸ்,dehaapphiyaas,dehApphiyAs,dehāpphiyās,d̪eːɦɑːppʰɪjɑːs̪,exercise,உடற்பயிற்சி,Games,words
ꢇꢛ꣄ꢗꢭꢶ,ऊञ्चलि,ஊஞ்சலி,oonchali,UJcali,ūñcali,uːɲt͡ʃəlɪ,swing,ஊஞ்சல்,Games,words
ꢲꢷꢥ꣄ꢡꢳꣁ,हिन्तळा॑,ஹிந்த3ளொ,heental'o',hIntaLO,hīntal̤ŏ,ɦiːn̪t̪əɭo,swing,ஊஞ்சல்,Games,words
ꢦ꣄ꢬꢡꢶꢮꢵꢥ꣄,प्रतिवान्,ப்ரதிவான்,prativaan,prativAn,prativān,pɾət̪ɪʋɑːn̪,opponent,எதிராளி,Games,words
ꢤꢪ꣄ꢥꢶꢓꢾꢭ꣄,धम्निखेल्,த4ம்னிகே2ள்,dhamnikhe'l,dhamnikhEl,dhamnikhĕl,d̪ʰəmn̪ɪkʰel,running race,ஓட்டப்பந்தயம்,Games,words
ꢤꢪ꣄ꢤꢾꢬꢥ꣄ ꢓꢵꢳ꣄꣄,धाम्ध॑रन्खाळ,தா4ம்தெ4ரன்கா2ள்,dhamdhe'ran khaal',dhamdhEran khAL,dhamdhĕran khāl̤,d̪ʰəmd̪ʰeɾən̪ kʰɑːɭ,I spy game,ஓடிப்பிடித்தாடுதல்,Games,words
ꢡꢾꢬꢡ꣄ꢡꢾꢓꢵꢳ꣄,तेरत्तेखाल्,தெரத்தெகா2ள்,te'ratte'khaal',tErattEkhAL,tĕrattĕkhāl̤,t̪eɾət̪t̪ekʰɑːɭ,I spy game,ஓடிப்பிடித்தாடுதல்,Games,words
ꢒꢜ꣄ꢗꢶ,कट्चि,கட்சி,kat'chi,kaTci,kaṭci,kəʈt͡ʃɪ,"party, side",கட்சி,Games,words
ꢒꢦꢞꢶ,कपडि,கபடி3,kapad'i,kapaDi,kapaḍi,kəpəɖɪ,kabadi,கபடி,Games,words
ꢦꢵꢄ~ ꢔꣁꢳꣁ,पाइ~गा॑ळा॑,பாஇ~கொ3ளொ,paai~ go'l'o',pAi~ gOLO,pāi~ gŏl̤ŏ,pɑːɪ~ goɭo,football,கால்பந்து,Games,words
ꢒꢶꢜ꣄ꢜꢶꢦꢸꢳ꣄꣄,किट्टिपुळ,கிட்டிபுள்,kit't'ipul',kiTTipuL,kiṭṭipul̤,kɪʈʈɪpuɭ,a native game with one small and another long stick,கிட்டிப்புள்,Games,words
ꢓꢜ꣄ꢜꢶ ꢓꢵꢳ꣄,खट्टिखाळ,க2ட்டி கா2ள்,khat't'i khaal',khaTTi khAL,khaṭṭi khāl̤,kʰəʈʈɪ kʰɑːɭ,a native game with one small and another long stick,கிட்டிப்புள்,Games,words
ꢦꢵꢠ꣄ꢞꢶ ꢓꢵꢳ꣄,पाण्डि खाल्,பாண்டி கா2ள்,paand'i khaal',pANDi khAL,pāṇḍi khāl̤,pɑːɳɖɪ kʰɑːɭ,A native group game,கிளித்தட்டு,Games,words
ꢬꢮꢵꢒ꣄ ꢓꢵꢳ꣄꣄,रवा खाळ,ரவாகா2ள்,ravaak khaal',ravAk khAL,ravāk khāl̤,ɾəʋɑːk kʰɑːɭ,a play with marbles,குண்டாட்டம்,Games,words
ꢩꢙ꣄ꢙꢶ,भज्जि,ப4ஜ்ஜி,bhajji,bhajji,bhajji,bʰəd͡ʒd͡ʒɪ,green leaf,கீரை,Games,words
ꢧꣁꢳ꣄꣄ꢜꢾ ꢩꢙ꣄ꢙꢶ,पा॑ळ्ट॑ भज्जि,பொ2ள்டெ ப4ஜ்ஜி,pho'l't'e' bhajji,phOLTE bhajji,phŏl̤ṭĕ bhajji,pʰoɭʈe bʰəd͡ʒd͡ʒɪ,Boiled green,அவித்தகீரை,Games,words
ꢒꢞꢭꢾ,कडल॑,கட3லெ,kad'ale',kaDalE,kaḍalĕ,kəɖəle,Ground nut,கடலை,Games,words
ꢱꢶꢮ꣄ꢙꢾ ꢒꢞꢭꢾ,सिव्ज॑कडल॑,ஸிவ்ஜெகட3லெ,sivje' kad'ale',sivjE kaDalE,sivjĕ kaḍalĕ,s̪ɪʋd͡ʒe kəɖəle,Boiled ground,அவித்தகடலை,Games,words
ꢔꣁꢳ ꢩꢵꢬ꣄ ꢮꢶꢱꢶꢬ꣄ꢥꢶ,गा॑ळ भार्विसिर्नि,கொ3ளபா4ர்விஸிர்னி,go'l'a bhaar visirni,gOLa bhAr visirni,gŏl̤a bhār visirni,goɭə bʰɑːɾ ʋɪs̪ɪɾn̪ɪ,shot put,குண்டு எறிதல்,Games,words
ꢔꢸꢠ꣄ꢜꢸ ꢮꢶꢱꢶꢬ꣄ꢥꢶ,गुण्डु विसिर्नि,கு3ண்டு3 விஸிர்னி,gunt'u visirni,guNTu visirni,guṇṭu visirni,guɳʈu ʋɪs̪ɪɾn̪ɪ,shot put,குண்டு எறிதல்,Games,words
ꢔꢸꢣ꣄ꢣꢶꢥꢶ ꢚꢾꢞꣁ,गुद्दिनि झ॑डा॑,கு3த்3தி3னி ஜெ2டொ3,guddini jhe'd'o',guddini jhEDO,guddini jhĕḍŏ,gud̪d̪ɪn̪ɪ d͡ʒʰeɖo,boxing,குத்துச் சண்டை,Games,words
ꢔꢸꢣ꣄ꢣꢵ ꢚꢾꢞꣁ,गुद्दा झ॑डा॑,கு3த்3தா3 ஜெ2டொ3,guddaa jhe'd'o',guddA jhEDO,guddā jhĕḍŏ,gud̪d̪ɑː d͡ʒʰeɖo,boxing,குத்துச் சண்டை,Games,words
ꢒꢸꢱ꣄ꢡꢶ,कुस्ति,கு3ஸ்தி,kusti,kusti,kusti,kus̪t̪ɪ,wrestling,குஸ்தி,Games,words
ꢒꢦ꣄ꢦꢸ,कप्पु,கப்பு,kappu,kappu,kappu,kəppu,cup,கோப்பை,Games,words
ꢨꢳꢶꢖ꣄ꢔꢶ,बळिङगि,ப3ளிங்கி3,bal'ingi,baLiGgi,bal̤iṅgi,bəɭɪŋgɪ,marble,கோலி,Games,words
ꢒꢨꢞꢶ,कबडि,கப3டி3,kabad'i,kabaDi,kabaḍi,kəbəɖɪ,kabadi,சடுகுடு,Games,words
ꢗꢣꢸꢬꢖ꣄ꢒꢪ꣄,चदुरङकम्,சது3ரங்க3ம்,chadurankam,caduraGkam,caduraṅkam,t͡ʃəd̪uɾəŋkəm,chess,சதுரங்கம்,Games,words
ꢗꢷꢞꢸꢓꢵꢳ꣄,चीडुखाळ,சீடு3கா2ள்,cheed'ukhaal',cIDukhAL,cīḍukhāl̤,t͡ʃiːɖukʰɑːɭ,playing cards,சீட்டாட்டம்,Games,words
ꢗꢷꢜ꣄,चीट्,சீட்,cheet',cIT,cīṭ,t͡ʃiːʈ,cards,சீட்டு,Games,words
ꢭꢮ꣄ꢥꢶꢱ꣄ ꢦꢬ꣄ꢤꢥ꣄,लव्निस्पर्धन्,லவ்னி ஸ்பர்த4ன்,lavnis pardhan,lavnis pardhan,lavnis pardhan,ləʋn̪ɪs̪ pəɾd̪ʰən̪,shooting competition,சுடுதல் போட்டி,Games,words
ꢔꣁꢳꢶ,गा॑ळी,கொ3ளி,go'l'i,gOLi,gŏl̤i,goɭɪ,round,சுற்று,Games,words
ꢒꣁꢮ꣄ꢜꢵ ꢓꢵꢳ꣄,कोव्टाखाळ,கொவ்டா3 கா2ள்,ko'vt'aa khaal',kOvTA khAL,kŏvṭā khāl̤,koʋʈɑː kʰɑːɭ,a native play like chess,தாயம்,Games,words
ꢏꢜ꣄ꢥꢶ,ओट्नि,ஒட்னி,o't'ni,OTni,ŏṭni,oʈn̪ɪ,failure,தோல்வி,Games,words
ꢦꢬꢵꢙꢾꢫꣁ,पराजेयो,பராஜெயொ,paraaje'yo',parAjEyO,parājĕyŏ,pəɾɑːd͡ʒejo,failure,தோல்வி,Games,words
ꢡꢬ꣄ꢥꢶ,तर्नि,தர்னி,tarni,tarni,tarni,t̪əɾn̪ɪ,swimming,நீச்சல்,Games,words
ꢅꢡꣁ,ईया॑,ஈதொ,eeto',ItO,ītŏ,iːt̪o,swimming,நீச்சல்,Games,words
ꢮꢾꢣꢸꢬꢸ ꢮꢬ꣄ꢠꢥꣁ,व॑दुरु वर्णना॑,வெது3ரு வர்ணனொ,ve'duru varnano',vEduru varNanO,vĕduru varṇanŏ,ʋed̪uɾu ʋəɾɳən̪o,Live commentary,நேர்முக வர்ணனை,Games,words
ꢦ꣄ꢬꢡ꣄ꢫꢒꢰ ꢮꢬ꣄ꢠꢥꣁ,प्रत्यक्ष वर्णना॑,ப்ரத்யக்ஷ வர்ணனொ,pratyakasha varnano',pratyakaSa varNanO,pratyakaṣa varṇanŏ,pɾət̪jəkəʂə ʋəɾɳən̪o,Live commentary,நேர்முக வர்ணனை,Games,words
ꢡꢡ꣄ꢒꢵꢭꢸ ꢮꢬ꣄ꢠꢥꣁ,तत्कालु वर्णना॑,தத்காலு வர்ணனொ,tatkaalu varnano',tatkAlu varNanO,tatkālu varṇanŏ,t̪ət̪kɑːlu ʋəɾɳən̪o,Live commentary,நேர்முக வர்ணனை,Games,words
ꢮꢺꢡꢸ,वृतु,வ்ருது,vri'tu,vRtu,vṛtu,ʋɾɨt̪u,title,பட்டம்,Games,words
ꢦꣁꢜ꣄ꢜꢪ꣄,पा॑ट्टम्,பொட்டம்,po't't'am,pOTTam,pŏṭṭam,poʈʈəm,kite,பட்டம்,Games,words
ꢥꣃꢒꢵꢱ꣄ꢦꢬ꣄ꢤꢥꣁ,नौका स्पर्धना॑,நெளகா ஸ்பர்த4னொ,naukaaspardhano',naukAspardhanO,naukāspardhanŏ,n̪əukɑːs̪pəɾd̪ʰən̪o,boating/sailing competition,படகுப் போட்டி,Games,words
ꢥꣃꢒꢵ ꢦꣁꢥ꣄ꢡꢶ,नौका पा॑न्ति,நௌகா பொந்தி,naukaa po'nti,naukA pOnti,naukā pŏnti,n̪əukɑː pon̪t̪ɪ,boating/sailing competition,படகுப் போட்டி,Games,words
ꢦꢥ꣄ꢡꢸ,पन्दु,பந்து3,pantu,pantu,pantu,pən̪t̪u,ball,பந்து,Games,words
ꢔꣁꢳꣁ,का॑ळा॑,கொ3ளொ,go'l'o',gOLO,gŏl̤ŏ,goɭo,ball,பந்து,Games,words
ꢩꣁꢖ꣄ꢒꢸꢬꣁ,भा॑ङकुरा॑,பொ4ங்கு3ரொ,bho'nkuro',bhOGkurO,bhŏṅkurŏ,bʰoŋkuɾo,top,பம்பரம்,Games,words
ꣁꢦꢭ꣄ꢭꢵꢖ꣄ꢒꢸꢳꢶ,पल्लाङकुळि,பல்லாங்குழி,o'pallaankul'i,OpallAGkuLi,ŏpallāṅkul̤i,opəllɑːŋkuɭɪ,a native game,பல்லாங்குழி,Games,words
ꢱꢖ꣄ꢓ꣄ꢫꢵꢥ꣄,सङख्यान,ஸங்க்2யான்,sankhyaan,saGkhyAn,saṅkhyān,s̪əŋkʰjɑːn̪,points,புள்ளிகள்,Games,words
ꢧꢹꢭꢸ ꢔꣁꢳꣁ,फुलु गा॑ळा॑,பூ2லுகொ3ளொ,phoolu go'l'o',phUlu gOLO,phūlu gŏl̤ŏ,pʰuːlu goɭo,badminton,பூப்பந்து,Games,words
ꢧꢹꢭꢸ ꢦꢥ꣄ꢣꢸ,फुलु पन्दु,பூ2லு பந்து3,phoolu pandu,phUlu pandu,phūlu pandu,pʰuːlu pən̪d̪u,badminton,பூப்பந்து,Games,words
ꢱ꣄ꢦꢬ꣄ꢤꢵ ꢡꣁꢬꢠ꣄,स्पर्धा ता॑रण,ஸ்பர்தா4 தொரண்,spardhaa to'ran,spardhA tOraN,spardhā tŏraṇ,s̪pəɾd̪ʰɑː t̪oɾəɳ,play series,போட்டித் தொடர்,Games,words
ꢓꢿꢳꢸ ꢬꢾꢪ꣄,खेळु रेम्,கே2ளு ரேம்,khel'u re'm,kheLu rEm,khel̤u rĕm,kʰeːɭu ɾem,stadium,விளையாட்டரங்கம்,Games,words
ꢓꢿꢳ꣄,खेळ,கே2ள்,khel',kheL,khel̤,kʰeːɭ,play,விளையாட்டு,Games,words
ꢓꢿꢳꢸꢮꢥ꣄,खेळुवन,கே2ளுவான்,khel'uvan,kheLuvan,khel̤uvan,kʰeːɭuʋən̪,sportsman,வீரர்,Games,words
ꢢꢷꢬ꣄,थीर,தீ4ர்,theer,thIr,thīr,t̪ʰiːɾ,sportsman,வீரர்,Games,words
ꢓꢿꢳꢸꢮꢡꢶ,खेळुवति,கே2ளுவதி,khel'uvati,kheLuvati,khel̤uvati,kʰeːɭuʋət̪ɪ,sportswoman,வீராங்கனை,Games,words
ꢓꢿꢳ꣄ꢳꢶꢶ,खेळळि,கே2ளளி,khel'l'ii,kheLLii,khel̤l̤ii,kʰeːɭɭɪɪ,sportswoman,வீராங்கனை,Games,words
ꢙꢷꢒ꣄,जीक्,ஜீக்,jeek,jIk,jīk,d͡ʒiːk,victory,வெற்றி,Games,words
ꢙꢾꢫꢪ꣄,ज॑यम,ஜெயம்,je'yam,jEyam,jĕyam,d͡ʒejəm,victory,வெற்றி,Games,words
ꢆꢦꢡ꣄ꢫꢒꣁ,उपत्यका॑,உபத்யகொ,upatyako',upatyakO,upatyakŏ,upət̪jəko,foot-hill,அடிவாரம்,Earth-and-Related-Words,words
ꢱꢥ꣄ꢤꢶ,सन्धि,ஸந்தி4,sandhi,sandhi,sandhi,s̪ən̪d̪ʰɪ,horizon,அடிவானம்,Earth-and-Related-Words,words
ꢱꢾꢡꢸ,सेदु,ஸேது,se'tu,sEtu,sĕtu,s̪et̪u,dam,அணை,Earth-and-Related-Words,words
ꢂꢳ,अळ,அள,al'a,aLa,al̤a,əɭə,dam,அணைக்கட்டு,Earth-and-Related-Words,words
ꢚꢬꢶ,झरि,ஜ2ரி,jhari,jhari,jhari,d͡ʒʰəɾɪ,water falls,அருவி,Earth-and-Related-Words,words
ꢱꢸꢥ꣄ꢣꢸꢬ꣄,सुन्दुर्,ஸுந்து3ர்,sundur,sundur,sundur,s̪un̪d̪uɾ,sea,ஆழி,Earth-and-Related-Words,words
ꢥꢾꢣ꣄ꢣꢶ,न॑द्दि,நெத்3தி3,ne'ddi,nEddi,nĕddi,n̪ed̪d̪ɪ,river,ஆறு,Earth-and-Related-Words,words
ꢪꣁꢱ꣄ꢫꢵꢥ꣄,मा॑स्यान्,மொஸ்யான்,mo'syaan,mOsyAn,mŏsyān,mos̪jɑːn̪,burial ground,இடுகாடு,Earth-and-Related-Words,words
ꢆꢥ꣄ꢣꢬ꣄,हन्दार्,ஹந்தா3ர்,undar,undar,undar,un̪d̪əɾ,darkness,இருட்டு,Earth-and-Related-Words,words
ꢂꢥ꣄ꢣꢬ꣄,हन्दार्,ஹந்தா3ர்,andar,andar,andar,ən̪d̪əɾ,darkness,இருள்,Earth-and-Related-Words,words
ꢒꢱꢸ,कसु,கஸு,kasu,kasu,kasu,kəs̪u,water spring,ஊற்று,Earth-and-Related-Words,words
ꢲꢸꢳꢵꢔ꣄ꢔꢶꢬꢶ,हुळाग्गिरि,ஹுளாக்3கி3ரி,hul'aaggiri,huLAggiri,hul̤āggiri,ɦuɭɑːggɪɾɪ,volcano,ஏரிமலை,Earth-and-Related-Words,words
ꢡꢳꣁ,तळा॑,தளொ,tal'o',taLO,tal̤ŏ,t̪əɭo,lake,ஏரி,Earth-and-Related-Words,words
ꢱꢾꢣ꣄ꢣꢸ,स॑द्दु,ஸெத்3து3,se'ddu,sEddu,sĕddu,s̪ed̪d̪u,sound,ஒலி,Earth-and-Related-Words,words
ꢲꢸꢙꢵꢳ꣄,हुजाळ,ஹுஜாள்,hujaal',hujAL,hujāl̤,ɦud͡ʒɑːɭ,light,ஒளி,Earth-and-Related-Words,words
ꢦꣁꢥ꣄ꢣꣁ,बा॑न्दा॑,பொ3ந்தொ3,po'ndo',pOndO,pŏndŏ,pon̪d̪o,hole,ஓட்டை,Earth-and-Related-Words,words
ꢨꣁꢥ꣄ꢣꢸꢬ꣄,सुन्दुर्,ஸுந்து3ர்,bo'ndur,bOndur,bŏndur,bon̪d̪uɾ,sea,கடல்,Earth-and-Related-Words,words
ꢆꢥ꣄ꢣꢸꢬꢸꢡꢷꢬꢸ,सुन्दुरुतीरु,ஸுந்து3ருதீரு,unduruteeru,undurutIru,undurutīru,un̪d̪uɾut̪iːɾu,sea shore,கடற்கரை,Earth-and-Related-Words,words
ꢓꢠ꣄ꢞꢪ꣄,खण्डम्,க2ண்ட3ம்,khand'am,khaNDam,khaṇḍam,kʰəɳɖəm,continent,கண்டம்,Earth-and-Related-Words,words
ꢗꢶꢞꢵꢫ꣄ꢣꢾꢞꢸꢜꣁ,चिडाय द॑गुटा॑,சிடா3ய்தெ3கு3டொ,chid'aayde'd'ut'o',ciDAydEDuTO,ciḍāydĕḍuṭŏ,t͡ʃɪɖɑːjd̪eɖuʈo,granite,கருங்கல்,Earth-and-Related-Words,words
ꢒꢭꢣꢾꢔꢸꢜꣁ,कलद॑गुटा॑,களதெ3கு3டொ,kalade'gut'o',kaladEguTO,kaladĕguṭŏ,kələd̪eguʈo,granite,கருங்கல்,Earth-and-Related-Words,words
ꢡꢷꢬꢸ,तीरु,தீரு,teeru,tIru,tīru,t̪iːɾu,"land, bank",கரை,Earth-and-Related-Words,words
ꢗꢶꢞꢪꢡ꣄ꢡꢶ,चिडमत्ति,சிட3மத்தி,chid'amatti,ciDamatti,ciḍamatti,t͡ʃɪɖəmət̪t̪ɪ,clay,களிமண்,Earth-and-Related-Words,words
ꢗꢶꢔꢸꢜ꣄ꢜꢪ꣄ꢡꢡꢶ,चिगुट्टमत्ति,சிகு3ட்டமத்தி,chigut't'amtati,ciguTTamtati,ciguṭṭamtati,t͡ʃɪguʈʈəmt̪ət̪ɪ,clay,களிமண்,Earth-and-Related-Words,words
ꢣꢵꢬꢸ,दारु,தா3ரு,daaru,dAru,dāru,d̪ɑːɾu,ore,கனிமம்,Earth-and-Related-Words,words
ꢬꢵꢠ꣄,राण्,ராண்,raan,rAN,rāṇ,ɾɑːɳ,forest,காடு,Earth-and-Related-Words,words
ꢮꢥꢪ꣄,वनम्,வனம்,vanam,vanam,vanam,ʋən̪əm,forest,காடு,Earth-and-Related-Words,words
ꢪꢷꢜꢸ ꢡꢳꣁ,मीटु तळा॑,மீடு தளொ,meet'u tal'o',mITu taLO,mīṭu tal̤ŏ,miːʈu t̪əɭo,back-water,காயல்,Earth-and-Related-Words,words
ꢒꣃꢭꣁ,कौला॑,கௌலொ,kaulo',kaulO,kaulŏ,kəulo,canal,கால்வாய்,Earth-and-Related-Words,words
ꢮꢬꣁ,वरा॑,வரொ,varo',varO,varŏ,ʋəɾo,air,காற்று,Earth-and-Related-Words,words
ꢪꢬꢶꢥ꣄,मरिन्,மரின்,marin,marin,marin,məɾɪn̪,,கானல் நீர்கானல்,Earth-and-Related-Words,words
ꢦꢥ꣄ꢪꢬꢶꢥ꣄,पन्मरिन्,பன்மரின்,panmarin,panmarin,panmarin,pən̪məɾɪn̪,,கானல் நீர்கானல்,Earth-and-Related-Words,words
ꢕꢸꢦꣁ,घुपा॑,கு4பொ,ghupo',ghupO,ghupŏ,gʰupo,cave,குகை,Earth-and-Related-Words,words
ꢱꣁꢬꣁ,स॑रा॑,ஸொரொ,so'ro',sOrO,sŏrŏ,s̪oɾo,pond,குட்டை,Earth-and-Related-Words,words
ꢱꢸꢥ꣄ꢣꢸꢬꢸꢒꢸꢒ꣄ꢰꢶꢱꢸꢥ꣄ꢡꢸꢬꢲꢷꢦꢸ,सुन्दुरु कुक्षि,ஸுந்து3ரு குக்ஷி,sundurukukshisunturaheepu,sundurukukSisunturahIpu,sundurukukṣisunturahīpu,s̪un̪d̪uɾukukʂɪs̪un̪t̪uɾəɦiːpu,gulf,குடா,Earth-and-Related-Words,words
ꢨꢸꢱꢸꢪ꣄ꢨꢸꢞ꣄ꢞꣁ,बुसुम्बुड्डा॑,பு3ஸும்பு3ட்3டொ3,busumbud'd'o',busumbuDDO,busumbuḍḍŏ,bus̪umbuɖɖo,bubble,குமிழி,Earth-and-Related-Words,words
ꢓꣃꢬꢶ,खौरि,கௌ2ரி,khauri,khauri,khauri,kʰəuɾɪ,"pond, tank, pool",குளம்,Earth-and-Related-Words,words
ꢕꢷꢬ꣄,धीर्,கீ4ர்,gheer,ghIr,ghīr,gʰiːɾ,pit,குழி,Earth-and-Related-Words,words
ꢥꢶꢥ꣄ꢥꣁ,निन्ना॑,நிந்னொ,ninno',ninnO,ninnŏ,n̪ɪn̪n̪o,pit,குழி,Earth-and-Related-Words,words
ꢔꢶꢬꢶ ꢬꢵꢠ꣄,गिरि राण्,கி3ரி ராண்,giri raan,giri rAN,giri rāṇ,gɪɾɪ ɾɑːɳ,mountain and its surrounding,குறிஞ்சி,Earth-and-Related-Words,words
ꢣꣁꢖ꣄ꢔꢬ꣄,दा॑ङगर्,தொ3ங்க3ர்,do'ngar,dOGgar,dŏṅgar,d̪oŋgəɾ,hill,குன்று,Earth-and-Related-Words,words
ꢒꢒꢸꢣ,ककुद,ககுத3,kakuda,kakuda,kakuda,kəkud̪ə,peak,கொடுமுடி,Earth-and-Related-Words,words
ꢱꢖ꣄ꢔꢪꢪ꣄,सङगमम्,ஸங்க3மம்,sangamam,saGgamam,saṅgamam,s̪əŋgəməm,confluence,சங்கமம்,Earth-and-Related-Words,words
ꢡꢭꢵꢡꢵꢪ꣄,तलाताम्,தளாதாம்,talaataam,talAtAm,talātām,t̪əlɑːt̪ɑːm,marshy land,சதுப்பு நிலம்,Earth-and-Related-Words,words
ꢱꢥ꣄ꢣ꣄ꢫꢵ,सन्द्या,ஸந்த்3யா,sandyaa,sandyA,sandyā,s̪ən̪d̪jɑː,junction,சந்திப்பு,Earth-and-Related-Words,words
ꢱꢾꢥ꣄ꢡꢸ,स॑न्दु,ஸெந்து,se'ntu,sEntu,sĕntu,s̪en̪t̪u,lane,சந்து,Earth-and-Related-Words,words
ꢪꢲꢵꢱꢵꢔꢬꢪ꣄,महासागरम्,மஹாஸாக3ரம்,mahaasaagaram,mahAsAgaram,mahāsāgaram,məɦɑːs̪ɑːgəɾəm,ocean,சமுத்திரம்,Earth-and-Related-Words,words
ꢗꢶꢞꢵꢫ꣄,चिडाय्,சிடா3ய்,chid'aay,ciDAy,ciḍāy,t͡ʃɪɖɑːj,gravel,சரல்,Earth-and-Related-Words,words
ꢗꢶꢞꢫ꣄ꢣꢾꢫ꣄ꢞꣁ,चिडाय् द॑य्डा॑,சிடா3ய்தெ3ய்டொ3,chid'ayde'yd'o',ciDaydEyDO,ciḍaydĕyḍŏ,t͡ʃɪɖəjd̪ejɖo,gravel stone,சல்லி,Earth-and-Related-Words,words
ꢮꢵꢜ꣄,वाट्,வாட்,vaat',vAT,vāṭ,ʋɑːʈ,road,சாலை,Earth-and-Related-Words,words
ꢬꢾꢱ꣄ꢡ,र॑स्त,ரெஸ்த,re'sta,rEsta,rĕsta,ɾes̪t̪ə,road,சாலை,Earth-and-Related-Words,words
ꢡꣂꢱ꣄,तोस्,தோஸ்,tos,tos,tos,t̪oːs̪,peak,சிகரம்,Earth-and-Related-Words,words
ꢪꣁꢱ꣄ꢫꢵꢥ꣄,मा॑स्यान्,மொஸ்யான்,mo'syaan,mOsyAn,mŏsyān,mos̪jɑːn̪,burning ground,சுடுகாடு,Earth-and-Related-Words,words
ꢤꢮꢵꢮꢵꢜ꣄,धवावाट्,த4வாவாட்,dhavaavaat',dhavAvAT,dhavāvāṭ,d̪ʰəʋɑːʋɑːʈ,sub-way/tunnel,சுரங்கப்பாதை,Earth-and-Related-Words,words
ꢕꢸꢮ꣄ꢮꣁ,घुव्वा॑,கு4வ்வொ,ghuvvo',ghuvvO,ghuvvŏ,gʰuʋʋo,tunnel/mine,சுரங்கம்,Earth-and-Related-Words,words
ꢃꢮꢬ꣄ꢡꢸ,आवर्तु,ஆவர்து,aavartu,Avartu,āvartu,ɑːʋəɾt̪u,whirlpool,சுழல்,Earth-and-Related-Words,words
ꢃꢮꢬ꣄ꢡꢸꢮꢬꣁ,आवर्दु वरा॑,ஆவர்து வரொ,aavartuvaro',AvartuvarO,āvartuvarŏ,ɑːʋəɾt̪uʋəɾo,whirlwind,சுழற்காற்று,Earth-and-Related-Words,words
ꢱꢸꢬꢶꢮꢬꣁ,सुरिवरा॑,ஸுரிவரொ,surivaro',surivarO,surivarŏ,s̪uɾɪʋəɾo,storm,சூறாவளி,Earth-and-Related-Words,words
ꢬꢪꢡ꣄ꢡꢶ,रमत्ति,ரமத்தி,ramatti,ramatti,ramatti,ɾəmət̪t̪ɪ,red soil,செம்மண்,Earth-and-Related-Words,words
ꢦꣁꢜ꣄ꢒ꣄ꢫꢵꢜ꣄,पा॑ट्क्याट्,பொட்க்யாட்,po't'kyaat',pOTkyAT,pŏṭkyāṭ,poʈkjɑːʈ,slum,சேரி,Earth-and-Related-Words,words
ꢗꢒ꣄ꢒꢶꢭ꣄,सक्किल्,சக்கில்,chakkil,cakkil,cakkil,t͡ʃəkkɪl,mud,சேறு,Earth-and-Related-Words,words
ꢪꢵꢬ꣄ꢔꢪ꣄,मार्गम्,மார்க3ம்,maargam,mArgam,mārgam,mɑːɾgəm,path,தடம்,Earth-and-Related-Words,words
ꢧꢹꢭꢸꢡꢳꣁ,फूलुतळा॑,பூ2லுதளொ,phoolutal'o',phUlutaLO,phūlutal̤ŏ,pʰuːlut̪əɭo,tank,தடாகம்,Earth-and-Related-Words,words
ꢦꢷꢒ꣄ ꢥꢴꢷꢡ꣄ꢡ ꣄ꢢꢵꢪ꣄,पीक् न्हीत्त थाम्,பீக் நீ:த்த தா2ம்,peek nheetta thaam,pIk nhItta thAm,pīk nhītta thām,piːk n̪ɦiːt̪t̪ə t̪ʰɑːm,barren land,தரிசுநிலம்,Earth-and-Related-Words,words
ꢡꢭꢪ꣄,तलम्,தலம்,talam,talam,talam,t̪ələm,floor,தளம்,Earth-and-Related-Words,words
ꢩꢸꢡꢭꢪ꣄,भूतलम्,பூ4தலம்,bhutalam,bhutalam,bhutalam,bʰut̪ələm,floor,தளம்,Earth-and-Related-Words,words
ꢤꢵꢡꢸꢮꢱ꣄ꢡꢸ,धतुवस्तु,தா4துவஸ்து,dhaatuvastu,dhAtuvastu,dhātuvastu,d̪ʰɑːt̪uʋəs̪t̪u,mineral,தாதுப்பொருள்,Earth-and-Related-Words,words
ꢆꢳꢵ ꢔꣁꢳꣁ,हुळा गा॑ळा॑,ஹுளா கொ3ளொ,ul'aa go'l'o',uLA gOLO,ul̤ā gŏl̤ŏ,uɭɑː goɭo,lava,தீப்பிழம்பு,Earth-and-Related-Words,words
ꢣꢷꢦ ꢔꢬ꣄ꢦꢸ,दीप गर्पु,தீ3ப க3ர்பு,deepa garpu,dIpa garpu,dīpa garpu,d̪iːpə gəɾpu,penisula,தீபகற்பம்,Earth-and-Related-Words,words
ꢣꢶꢮꢸ,दीवु,தீ3வு,divu,divu,divu,d̪ɪʋu,island,தீவு,Earth-and-Related-Words,words
ꢡꢵꢬꢸ ꢱ꣄ꢡꢭ꣄,तारु स्थल्,தாரு ஸ்த2ல்,taaru stal,tAru stal,tāru stal,t̪ɑːɾu s̪t̪əl,har bour,துறைமுகம்,Earth-and-Related-Words,words
ꢤꢹꢳꢶ,धूळि,தூ4ளி,dhool'i,dhULi,dhūl̤i,d̪ʰuːɭɪ,dust,தூசி,Earth-and-Related-Words,words
ꢙꢾꢙ꣄ꢙꢸ,जेज्जु,ஜெஜ்ஜு,je'jju,jEjju,jĕjju,d͡ʒed͡ʒd͡ʒu,dust,தூசி,Earth-and-Related-Words,words
ꢮꢷꢡ꣄,वीत्,வீத்,veet,vIt,vīt,ʋiːt̪,street,தெரு,Earth-and-Related-Words,words
ꢦꢳꣁ,पळा॑,பளொ,pal'o',paLO,pal̤ŏ,pəɭo,street,தெரு,Earth-and-Related-Words,words
ꢣꢶꢒꢥ꣄ꢡꢸ,दिकन्तु,தி3கந்து,dikantu,dikantu,dikantu,d̪ɪkən̪t̪u,hori zon,தொடுவானம் /அடிவானம்,Earth-and-Related-Words,words
ꢩꢸꢛ꣄~,भुञ्~,பு4இ~,bhunj~,bhuJ~,bhuñ~,bʰuɲ~,land,நிலம்,Earth-and-Related-Words,words
ꢗꣀꢭꣁ,चैला॑,சைலொ,chailo',cailO,cailŏ,t͡ʃəɪlo,shade,நிழல்,Earth-and-Related-Words,words
ꢥꢷꢞꣁ,नीडा॑,நீடொ3,need'o',nIDO,nīḍŏ,n̪iːɖo,shade,நிழல்,Earth-and-Related-Words,words
ꢦꢥꢶ,पनि,பனி,pani,pani,pani,pən̪ɪ,water,நீர்,Earth-and-Related-Words,words
ꢂꢮ꣄ꢬꢶ,अव्रि,அவ்ரி,avri,avri,avri,əʋɾɪ,whirlpool,நீர்ச்சுழி,Earth-and-Related-Words,words
ꢑꢬꢶ,औरि,ஒளரி,auri,auri,auri,əuɾɪ,whirlpool,நீர்ச்சுழி,Earth-and-Related-Words,words
ꢦꢥ꣄ꢬꢾꢪ꣄,पन्रेम्,பன்ரேம்,panre'm,panrEm,panrĕm,pən̪ɾem,reservoir,நீர்த்தேக்கம்,Earth-and-Related-Words,words
ꢦꢥꢶ ꢱ꣄ꢢꢶꢡꢶ,पनि स्थिति,பனி ஸ்தி2தி,pani sthiti,pani sthiti,pani sthiti,pən̪ɪ s̪t̪ʰɪt̪ɪ,water level,நீர்மட்டம்,Earth-and-Related-Words,words
ꢚꢬꢶ,झरि,ஜ2ரி,jhari,jhari,jhari,d͡ʒʰəɾɪ,water fall,நீர்வீழ்ச்சி /அருவி,Earth-and-Related-Words,words
ꢒꢱꢸ,कसु,கஸு,kasu,kasu,kasu,kəs̪u,fountain,நீரூற்று,Earth-and-Related-Words,words
ꢦꢥ ꣄ꢤꢵꢪ꣄,पन्धाम्,பன் தா4ம்,pana dhaam,pana dhAm,pana dhām,pən̪ə d̪ʰɑːm,water current,நீரோட்டம்,Earth-and-Related-Words,words
ꢦꢷꢥ꣄,फीन्,பீ2ன்,peen,pIn,pīn,piːn̪,foam,நுரை,Earth-and-Related-Words,words
ꢂꢨ꣄ꢬꢥꢶ ꢤꢬꢶꢬ꣄,अब्रनि धरिर्,அப்3ரனி த4ரிர்,abrani dharir,abrani dharir,abrani dharir,əbɾən̪ɪ d̪ʰəɾɪɾ,sea and its surrounding,நெய்தல்,Earth-and-Related-Words,words
ꢪꢲꢵ ꢕꢷꢬ꣄,महा घीर्,மஹாகீ4ர்,mahaa gheer,mahA ghIr,mahā ghīr,məɦɑː gʰiːɾ,va lley,பள்ளத்தாக்கு,Earth-and-Related-Words,words
ꢦꢣꢵꢳ꣄,प्दाळ्,பதா3ள்,padaal',padAL,padāl̤,pəd̪ɑːɭ,lower world,பாதாளம்,Earth-and-Related-Words,words
ꢱꢿꢡꢸ,सेदु,ஸேது,setu,setu,setu,s̪eːt̪u,bridge,பாலம்,Earth-and-Related-Words,words
ꢮꢭꢸ ꢬꢵꢠ꣄,वळु राण्,வளு ராண்,valu raan,valu rAN,valu rāṇ,ʋəlu ɾɑːɳ,desert,பாலைவனம்/பாலை,Earth-and-Related-Words,words
ꢮꢭꢸ ꢮꢥ,वळु वन,வளு வன,valu vana,valu vana,valu vana,ʋəlu ʋən̪ə,desert,பாலைவனம்/பாலை,Earth-and-Related-Words,words
ꢦꢵꢬꣁ,पारा॑,பாரொ,paaro',pArO,pārŏ,pɑːɾo,rock,பாறை,Earth-and-Related-Words,words
ꢆꢜꢵꢮ꣄,उटाव्,உடாவ்,ut'aav,uTAv,uṭāv,uʈɑːʋ,light/bright ness,பிரகாசம்,Earth-and-Related-Words,words
ꢦ꣄ꢬꢒꢵꢰ꣄,प्रकाष्,ப்ரகாஷ்,prakaash,prakAS,prakāṣ,pɾəkɑːʂ,light/bright ness,பிரகாசம்,Earth-and-Related-Words,words
ꢱꢪꢱ꣄ꢢꢭ꣄,समस्थल,ஸமஸ்த2ல்,samasthal,samasthal,samasthal,s̪əməs̪t̪ʰəl,plateau,பீடபூமி,Earth-and-Related-Words,words
ꢚꢸꢛ꣄ꢙꢸ,झुञ्जु,ஜ2ஞ்ஜு,jhunju,jhuJju,jhuñju,d͡ʒʰuɲd͡ʒu,cyclone,புயல்,Earth-and-Related-Words,words
ꢩꢸꢛ꣄,भुञ्,பு4இ~,bhunj,bhuJ,bhuñ,bʰuɲ,earth,புவி,Earth-and-Related-Words,words
ꢩꢸꢄ~ ꢓꢶꢠꣀꢥꢶ,भुइ~ खिणैनि,பு4இ~கி2ணைனி,bhui~ khinaini,bhui~ khiNaini,bhui~ khiṇaini,bʰuɪ~ kʰɪɳəɪn̪ɪ,earthquake,பூகம்பம்,Earth-and-Related-Words,words
ꢩꢸꢒꢪ꣄ꢦꢸ,भुकम्पु,பு4கம்பு,bhukampu,bhukampu,bhukampu,bʰukəmpu,earthquake,பூகம்பம்,Earth-and-Related-Words,words
ꢪꢃꢱꢸꢥ꣄ꢣꢸꢬ꣄,महासुन्दुर्,மஹாஸுந்து3ர்,maaasundur,maAsundur,maāsundur,məɑːs̪un̪d̪uɾ,ocean,பெருங்கடல்,Earth-and-Related-Words,words
ꢪꢴꣁꢜ꣄ ꢚꢬꢶ,म्हा॑ट्झरि,மொ:ட் ஜ2ரி,mho't' jhari,mhOT jhari,mhŏṭ jhari,mɦoʈ d͡ʒʰəɾɪ,cataract,பேரருவி,Earth-and-Related-Words,words
ꢩꢸꢬ꣄ꢒꣁ,भुर्का॑,பு4ர்கொ,bhurko',bhurkO,bhurkŏ,bʰuɾko,powder,பொடி,Earth-and-Related-Words,words
ꢗꢹꢬ꣄ꢠꢸ,चूरणु,சூர்ணு,choornu,cUrNu,cūrṇu,t͡ʃuːɾɳu,powder,பொடி,Earth-and-Related-Words,words
ꢲꢶꢬꣁ,हिरा॑,ஹிரொ,hiro',hirO,hirŏ,ɦɪɾo,pond/tank,பொய்கை,Earth-and-Related-Words,words
ꢣꢪꢬ꣄ ꢡꢳꣁ,दमर्तळा॑,த3மர் தளொ,damar tal'o',damar taLO,damar tal̤ŏ,d̪əməɾ t̪əɭo,pond/tank,பொய்கை,Earth-and-Related-Words,words
ꢱꢢꢶꢡꢶ,सथिति,ஸ்தி2தி,sathiti,sathiti,sathiti,s̪ət̪ʰɪt̪ɪ,level,மட்டம்,Earth-and-Related-Words,words
ꢪꢡ꣄ꢡꢶ,मत्ति,மத்தி,matti,matti,matti,mət̪t̪ɪ,soil,மண்,Earth-and-Related-Words,words
ꢮꢳꢸ,वळु,வளு,val'u,vaLu,val̤u,ʋəɭu,sand,மணல்,Earth-and-Related-Words,words
ꢮꢳꢸꢡꢶꢦ꣄ꢦꣁ,वळुतिप्पा॑,வளுதிப்பொ,val'utippo',vaLutippO,val̤utippŏ,ʋəɭut̪ɪppo,shoal,மணல் திட்டு,Earth-and-Related-Words,words
ꢮꢳꢸꢪꢶꢜ꣄ꢜꣁ,वळुमिट्टा॑,வளுமிட்டொ,val'umit't'o',vaLumiTTO,val̤umiṭṭŏ,ʋəɭumɪʈʈo,sand hill,மணல் தேரி,Earth-and-Related-Words,words
ꢪꣁꢯ꣄꣄ꢫꢵꢥ꣄,मा॑श्यान्,மொஶன்,mo'shyaan,mOzyAn,mŏśyān,moʃjɑːn̪,burning/ burial ground,மயானம்,Earth-and-Related-Words,words
ꢦꢷꢒꢸꢤꢬꢶꢬ꣄,पीकुधरिर्,பீகுத4ரிர்,peekudharir,pIkudharir,pīkudharir,piːkud̪ʰəɾɪɾ,paddy field and its surrounding,மருதம்,Earth-and-Related-Words,words
ꢣꣁꢖ꣄ꢔꢬ꣄,दा॑ङगर्,தொ3ங்க3ர்,do'ngar,dOGgar,dŏṅgar,d̪oŋgəɾ,mountain,மலை,Earth-and-Related-Words,words
ꢔꢶꢬꢶ,गिरि,கி3ரி,giri,giri,giri,gɪɾɪ,mountain,மலை,Earth-and-Related-Words,words
ꢔꢶꢬꢶꢚꢶꢬ꣄ꢮꢵꢜ꣄,गिरि झिर्काव्,கி3ரிஜி2ர்காவ்,girijhirvaat',girijhirvAT,girijhirvāṭ,gɪɾɪd͡ʒʰɪɾʋɑːʈ,mountain slope,மலைச்சரிவு,Earth-and-Related-Words,words
ꢡꣁꢖ꣄ꢔꢬ ꣄ꢮꢵꢜ꣄,दा॑ङगर्वाट्,தொ3ங்க3ர் வாட்,to'ngara vaat',tOGgara vAT,tŏṅgara vāṭ,t̪oŋgəɾə ʋɑːʈ,foot hill,மலைச்சாரல்,Earth-and-Related-Words,words
ꢡꣁꢖ꣄ꢒꢬ꣄ꢡꣁꢬꢠ꣄,दा॑ङकर्तोरण्,தொ3ங்கர் தொரண்,to'nkarto'ran,tOGkartOraN,tŏṅkartŏraṇ,t̪oŋkəɾt̪oɾəɳ,mountain range,மலைத்தொடர்ச்சி,Earth-and-Related-Words,words
ꢗꢦꢭ꣄,चपल्,சபல்,chapal,capal,capal,t͡ʃəpəl,lightning,மின்னல்,Earth-and-Related-Words,words
ꢥꢴꢵꢥ꣄ꢮꢷꢡ꣄,न्हान्वीत्,நா:ன்வீத்,nhaanveet,nhAnvIt,nhānvīt,n̪ɦɑːn̪ʋiːt̪,lane,முடுக்கு,Earth-and-Related-Words,words
ꢮꢥꢵꢥ꣄ꢡꢶꢬ,वनान्तिर,வனாந்தர்,vanaantira,vanAntira,vanāntira,ʋən̪ɑːn̪t̪ɪɾə,forest and surrounding,முல்லை,Earth-and-Related-Words,words
ꢪꣁꢥꣁ,मा॑ना॑,மொனொ,mo'no',mOnO,mŏnŏ,mon̪o,cape,முனை,Earth-and-Related-Words,words
ꢮꢬꣁ,वरा॑,வரொ,varo',varO,varŏ,ʋəɾo,"air, wind",வளி,Earth-and-Related-Words,words
ꢂꢓꢵꢣꣁ,अखादा॑,அகா2தொ3,akhaado',akhAdO,akhādŏ,əkʰɑːd̪o,"gulf, bay",வளைகுடா,Earth-and-Related-Words,words
ꢮꢵꢜ꣄,वाट्,வாட்,vaat',vAT,vāṭ,ʋɑːʈ,"way, path",வழி,Earth-and-Related-Words,words
ꢮꢾꢭ꣄ꢮꣁ,वेल्वो,வெல்வொ,ve'lvo',vElvO,vĕlvŏ,ʋelʋo,flood,வெள்ளம்,Earth-and-Related-Words,words
ꢦ꣄ꢬꢮꢵꢲ,प्रवाह,ப்ரவாஹ்,pravaaha,pravAha,pravāha,pɾəʋɑːɦə,flood,வெள்ளம்,Earth-and-Related-Words,words
ꢦꢥ꣄ꢰꢥ꣄ꢣꢶ,पन्सन्दि,பன்ஸந்தி3,panshandi,panSandi,panṣandi,pən̪ʂən̪d̪ɪ,strait,ஜலசந்தி,Earth-and-Related-Words,words
ꢂꢒ꣄ꢒꢬꣁꢓꢳ꣄ꢳꢿ,अक्करा॑ खळ्ळे,அக்கரொ க2ள்ளே,akkaro'khal'l'e,akkarOkhaLLe,akkarŏkhal̤l̤e,əkkəɾokʰəɭɭeː,get interested,அக்கறைகொள்,Compound-Verbs,words
ꢂꢨ꣄ꢨꢶꢥꢶ ꢦꣂꢜ꣄,अब्बिनि पोट,அப்3பி3னிபோட்,abbini pot',abbini poT,abbini poṭ,əbbɪn̪ɪ poːʈ,be caught,அகப்படு,Compound-Verbs,words
ꢤꢒ꣄ꢒꢶ ꢬꢴꢵ,धक्कि र्हा,த4க்கி ரா:,dhakki rhaa,dhakki rhA,dhakki rhā,d̪ʰəkkɪ ɾɦɑː,be afraid of,அச்சப்படு,Compound-Verbs,words
ꢤꢒ꣄ꢒꢵꢜ꣄,दक्काट,த4க்காட்,dhakkaat',dhakkAT,dhakkāṭ,d̪ʰəkkɑːʈ,horrify,அச்சமூட்டு,Compound-Verbs,words
ꢂꢗ꣄ꢗꢸ ꢡꢵꢫ꣄,अच्चु ताय,அச்சு தாய்,achchu taay,accu tAy,accu tāy,ət͡ʃt͡ʃu t̪ɑːj,print,அச்சிடு,Compound-Verbs,words
ꢪꢸꢣ꣄ꢬꢶꢠꢶ ꢒꢾꢬ꣄,मुद्रणि केर,முத்3ரிணி கேர்,mudrini ke'r,mudriNi kEr,mudriṇi kĕr,mud̪ɾɪɳɪ keɾ,print,அச்சிடு,Compound-Verbs,words
ꢤꢵꢒ꣄ ꢕꢵꢭ꣄,दाघ घाल,தா4க் கா4ல்,dhaak ghaal,dhAk ghAl,dhāk ghāl,d̪ʰɑːk gʰɑːl,terrify,அச்சுறுத்து,Compound-Verbs,words
ꢔꢵꢭꢸꢪ꣄ ꢢꣁꢮ꣄ꢭꢶ ꢭꢸꢨ꣄ꢨꢶ,गालुम थोव्लि लुब्बि,கா3லும் தொ2வ்லி லுப்3பி3,gaalum tho'vli lubbi,gAlum thOvli lubbi,gālum thŏvli lubbi,gɑːlum t̪ʰoʋlɪ lubbɪ,Ruminate/chew,அசைபோடு,Compound-Verbs,words
ꢆꢞ꣄ꢔꢞꢶ ꢢꣁꢮ꣄,उड्गडि तोव,உட்3க3டி3 தோ2வ்,ud'gad'i tho'v,uDgaDi thOv,uḍgaḍi thŏv,uɖgəɖɪ t̪ʰoʋ,Quell/ control,அடக்கிவை,Compound-Verbs,words
ꢕꢵꢪ꣄ ꢭꢔꢳ꣄ꢳꢿ,घाम् लगळ्ळे,கா4ம் லக3ள்ளே,ghaam lagal'l'e,ghAm lagaLLe,ghām lagal̤l̤e,gʰɑːm ləgəɭɭeː,get wounded,அடிபடு,Compound-Verbs,words
ꢓꢵꢭ꣄ ꢦꣂꢜ꣄,खाल्पोट्,கா2ல்போட்,khaal pot',khAl poT,khāl poṭ,kʰɑːl poːʈ,become subordinate,அடிபணி,Compound-Verbs,words
ꢨꢥ꣄ꢣꢶ ꢒꢿꢬ꣄,बन्दि केर,ப3ந்தி3கேர்,bandi ker,bandi ker,bandi ker,bən̪d̪ɪ keːɾ,enslave,அடிமைப்படுத்து,Compound-Verbs,words
ꢣꢵꢱ꣄ ꢒꢿꢬ꣄,दास्केर,தா3ஸ் கேர்,daas ker,dAs ker,dās ker,d̪ɑːs̪ keːɾ,enslave,அடிமைப்படுத்து,Compound-Verbs,words
ꢲꢬꢸꢪ꣄ꢨꢪ꣄ ꢒꢿꢬ꣄,हरुम्बम केर,ஹரும்ப3ம்கேர்,harumbam ker,harumbam ker,harumbam ker,ɦəɾumbəm keːɾ,set foot,அடிவை,Compound-Verbs,words
ꢦꢔꢸꢭ꣄ ꢢꣁꢮ꣄,पगुल थोव,பகு3ல் தோ2வ்,pagul tho'v,pagul thOv,pagul thŏv,pəgul t̪ʰoʋ,set foot,அடிவை,Compound-Verbs,words
ꢙꢾꢡꣁꢒꢥꢶ ꢃꢮ꣄,जेता॑कनि आव,ஜெதொகனிஆவ்,je'to'kani aav,jEtOkani Av,jĕtŏkani āv,d͡ʒet̪okən̪ɪ ɑːʋ,come ina group,அணிதிரள்,Compound-Verbs,words
ꢂꢡ꣄ꢒ꣄ꢫꢵꢬ ꣄ꢣꢿ,अत्क्यार्दे,அத்க்யார் தே3,atkyaara de,atkyAra de,atkyāra de,ət̪kjɑːɾə d̪eː,empower,அதிகாரம் அளி,Compound-Verbs,words
ꢨꢾꢣꢶꢬꢶ ꢦꣂꢜ꣄,ब॑दिरि पोट,பெ3தி3ரி போட்,be'diri pot',bEdiri poT,bĕdiri poṭ,bed̪ɪɾɪ poːʈ,shock,அதிர்ச்சியடை,Compound-Verbs,words
ꢨꢾꢣꢸꢬ꣄ ꢦꣁꢞꢵꢜ꣄,ब॑दुर पा॑डाट,பெ3து3ர்பொடா3ட்,be'dur po'd'aat',bEdur pODAT,bĕdur pŏḍāṭ,bed̪uɾ poɖɑːʈ,perplex,அதிர்ச்சியூட்டு,Compound-Verbs,words
ꢱꢪꢵꢤꢵꢥ꣄ ꢒꢿꢬ꣄,समधान केर,ஸமாதா4ன்கேர்,samaadhaan ker,samAdhAn ker,samādhān ker,s̪əmɑːd̪ʰɑːn̪ keːɾ,"pacify, give solace",அமைதிப்படுத்து,Compound-Verbs,words
ꢯꢵꢥ꣄ꢡꢶ ꢒꢿꢬ꣄,शान्ति केर,ஶாந்தி கேர்,shaanti ker,zAnti ker,śānti ker,ʃɑːn̪t̪ɪ keːɾ,"pacify, give solace",அமைதிப்படுத்து,Compound-Verbs,words
ꢱꢪꢵꢤꢵꢥ꣄ ꢲꣁ,समाधान हो,ஸமாதா4ன் ஹோ,samaadhaan ho',samAdhAn hO,samādhān hŏ,s̪əmɑːd̪ʰɑːn̪ ɦo,be pacified,அமைதியடை,Compound-Verbs,words
ꢂꢬ꣄ꢦꢠꣁ ꢒꢾꢬ꣄,अर्पणा॑ केर,அர்பணொ கேர்,arpano' ke'r,arpaNO kEr,arpaṇŏ kĕr,əɾpəɳo keɾ,dedicate,அர்ப்பணி,Compound-Verbs,words
ꢙꢭ꣄ꢦꢥꣁ ꢒꢿꢬ꣄,जल्पना॑ केर,ஜல்பனொ கேர்,jalpano' ker,jalpanO ker,jalpanŏ ker,d͡ʒəlpən̪o keːɾ,Chat leisurely,அரட்டையடி,Compound-Verbs,words
ꢮꢶꢬ꣄ꢢꢵ ꢮꢡ꣄ꢡꣁ ꢒꢿꢬ꣄,विर्था वत्ता॑ केर,விர்தா2 வத்தொ கேர்,virthaa vatto' ker,virthA vattO ker,virthā vattŏ ker,ʋɪɾt̪ʰɑː ʋət̪t̪o keːɾ,Chat leisurely,அரட்டையடி,Compound-Verbs,words
ꢒꢾꢰ꣄ꢜꢪ꣄ꢦꢵꢜ꣄ꢦꣁꢜ꣄,केष्टम्पाट्पोट,கெஷ்டம் பாட்போட்,ke'sht'ampaat'po't',kESTampATpOT,kĕṣṭampāṭpŏṭ,keʂʈəmpɑːʈpoʈ,work hard,அரும்பாடுபடு,Compound-Verbs,words
ꢮꢾꢥ꣄ ꢒꢾꢰ꣄ꢜꢪ꣄ ꢦꣂꢜ꣄,वेन केष्टम्पोट,வேன் கெஷ்டம் போட்,ve'n ke'sht'am pot',vEn kESTam poT,vĕn kĕṣṭam poṭ,ʋen̪ keʂʈəm poːʈ,To labour intensely,அல்லாடு,Compound-Verbs,words
ꢱꢶꢖ꣄ꢔꢵꢬ꣄ ꢒꢿꢬ꣄,सिङ्गार् ꢒꢾꢬ꣄केर,ஸிங்கா3ர் கேர்,singaar ker,siGgAr ker,siṅgār ker,s̪ɪŋgɑːɾ keːɾ,decorate,அலங்காரம்செய்,Compound-Verbs,words
ꢂꢭꢖ꣄ꢒꢵꢬ꣄ ꢒꢿꢬ꣄,अलङ्कार केर,அலங்கார் கேர்,alankaar ker,alaGkAr ker,alaṅkār ker,ələŋkɑːɾ keːɾ,decorate,அலங்காரம்செய்,Compound-Verbs,words
ꢂꢮ꣄ꢱꢬ꣄ꢒꢿꢬ꣄,अव्सर केर,அவ்ஸர்கேர்,avsarker,avsarker,avsarker,əʋs̪əɾkeːɾ,hasten,அவசரப்படுத்து,Compound-Verbs,words
ꢂꢮ꣄ꢱꢬ꣄ꢦꣂꢜ꣄,अव्सर्पोट,அவ்ஸர்போட்,avsarpot',avsarpoT,avsarpoṭ,əʋs̪əɾpoːʈ,hasten,அவசரப்படு,Compound-Verbs,words
ꢂꢮ꣄ꢤꢶ ꢦꣂꢜ꣄,अव्धि पोट,அவ்தி4 போட்,avdhi pot',avdhi poT,avdhi poṭ,əʋd̪ʰɪ poːʈ,Undergo agony,அவதிப்படு,Compound-Verbs,words
ꢥꢶꢪꢥ꣄ꢡ꣄ꢬꢠꣁ ꢒꢿꢬ꣄,निमन्त्रणा॑ केर,நிமந்த்ரணொ கேர்,nimantrano' ker,nimantraNO ker,nimantraṇŏ ker,n̪ɪmən̪t̪ɾəɳo keːɾ,invite,அழைப்புவிடு,Compound-Verbs,words
ꢨꣁꢮꢥ꣄ ꢤꢞ꣄ꢞꢿ,बोवन धड्डे,பொ3வன் த4ட்3டே3,bo'van dhad'd'e,bOvan dhaDDe,bŏvan dhaḍḍe,boʋən̪ d̪ʰəɖɖeː,invite,அழைப்புவிடு,Compound-Verbs,words
ꢦꢬꢶꢗꢫꣁ ꢒꢿꢬ꣄,परिचया॑ केर,பரிசயொகேர்,parichayo' ker,paricayO ker,paricayŏ ker,pəɾɪt͡ʃəjo keːɾ,introduce,அறிமுகப்படுத்து,Compound-Verbs,words
ꢱꢶꢒ꣄ꢒꢞꢶ ꢣꢾ,सिक्कडि दे,ஸிக்கடி3 தே3,sikkad'i de',sikkaDi dE,sikkaḍi dĕ,s̪ɪkkəɖɪ d̪e,Impart knowledge,அறிவுபுகட்டு,Compound-Verbs,words
ꢛꢵꢥ꣄ ꢣꢾ,ञान दे,ஞான் தே3,nyaan de',JAn dE,ñān dĕ,ɲɑːn̪ d̪e,Impart knowledge,அறிவுபுகட்டு,Compound-Verbs,words
ꢦꢶꢒ꣄ꢒꢶꢥꢶ ꢒꢵꢜ꣄,प्क्किनि काट,பிக்கினி காட்,pikkini kaat',pikkini kAT,pikkini kāṭ,pɪkkɪn̪ɪ kɑːʈ,harvest,அறுவடைசெய்,Compound-Verbs,words
ꢦꢷꢒ꣄ ꢒꢵꢜ꣄,पीक काट,பீக் காட்,peek kaat',pIk kAT,pīk kāṭ,piːk kɑːʈ,harvest,அறுவடைசெய்,Compound-Verbs,words
ꢂꢥ꣄ꢫꣁ ꢲꣂ,अन्या॑ हो,அன்யொஹோ,anyo' ho,anyO ho,anyŏ ho,ən̪jo ɦoː,Get alienated,அன்னியமாகு,Compound-Verbs,words
ꢂꢣꢶꢱꢪ꣄ ꢦꣂꢜ꣄,अदिसम्पोट्,அதி3ஸம்போட்,adisam pot',adisam poT,adisam poṭ,əd̪ɪs̪əm poːʈ,wonder,ஆச்சரியப்படு,Compound-Verbs,words
ꢃꢯ꣄꣄ꢗꢬ꣄ꢫꢸ ꢦꣁꢞꢵꢜ꣄,आश्चर्यु पा॑डाट,ஆஶ்சர்யு பொடா3ட்,aashcharyu po'd'aat',Azcaryu pODAT,āścaryu pŏḍāṭ,ɑːʃt͡ʃəɾju poɖɑːʈ,amaze,ஆச்சரியப்படுத்து,Compound-Verbs,words
ꢃꢱ꣄ꢡ ꢦꣂꢜ꣄,आस्त पोट्,ஆஸ்தபோட்,aasta pot',Asta poT,āsta poṭ,ɑːs̪t̪ə poːʈ,desire,ஆசைப்படு,Compound-Verbs,words
ꢂꢦꢸꢭ꣄ ꢒꢾꢬ꣄ꢭꢾ,अपुल क॑र्ले,அபுல் கெர்லே,apul ke'rle',apul kErlE,apul kĕrlĕ,əpul keɾle,Take possession/ make one’s own,ஆட்கொள்,Compound-Verbs,words
ꢂꢦꢸꢭ꣄ꢒꢥꢶ ꢮꢲꢶꢭꢿ,अपुल्कनि वहिले,அபுல்கனி வஹிலே,apulkani vahile,apulkani vahile,apulkani vahile,əpulkən̪ɪ ʋəɦɪleː,Take possession/ make one’s own,ஆட்கொள்,Compound-Verbs,words
ꢂꢦ꣄ꢭꢵꢥ꣄ ꢒꢾꢬ꣄ꢭꢿ,अप्लान क॑र्ले,அப்லான் கெர்லே,aplaan ke'rle,aplAn kErle,aplān kĕrle,əplɑːn̪ keɾleː,Take possession/ make one’s own,ஆட்கொள்,Compound-Verbs,words
ꢱ꣄ꢢꢶꢬꢪ꣄ ꢥꢴꢷꢡ꣄ꢡꣁ ꢬꢴ ꢵ,स्तिरम न्हीत्ता॑ र्हा,ஸ்தி2ரம் நீ:த்தொ ரா:,sthiram nheetto' rha aa,sthiram nhIttO rha A,sthiram nhīttŏ rha ā,s̪t̪ʰɪɾəm n̪ɦiːt̪t̪o ɾɦə ɑː,be shaken,ஆட்டம்காண்,Compound-Verbs,words
ꢲꢭ꣄ꢭꢥ꣄ ꢥꢶꢔꢶꢭ꣄,हल्लन निगिल,ஹல்லன் நிகி3ள்,hallan nigil,hallan nigil,hallan nigil,ɦəllən̪ n̪ɪgɪl,be shaken,ஆட்டம்காண்,Compound-Verbs,words
ꢆꢣ꣄ꢣꢬ꣄ ꢣꢾ,उत्तर्दे,உத்தர் தே3,uddar de',uddar dE,uddar dĕ,ud̪d̪əɾ d̪e,order,ஆணை பிறப்பி,Compound-Verbs,words
ꢬꢵꢒ꣄ ꢂꢥ꣄꣄ꢭꢾ,राक् अन्ले,ராக் அன்லே,raak anle',rAk anlE,rāk anlĕ,ɾɑːk ən̪le,get angry,ஆத்திரப்படு,Compound-Verbs,words
ꢬꢵꢒ꣄ ꢂꢮꢵꢜ꣄,राक् अवाट्,ராக்அவாட்,raak avaat',rAk avAT,rāk avāṭ,ɾɑːk əʋɑːʈ,incense,ஆத்திரமூட்டு,Compound-Verbs,words
ꢃꢣꢬꣁ ꢣꢿ,आदरा॑ दे,ஆத3ரொ தே3,aadaro' de,AdarO de,ādarŏ de,ɑːd̪əɾo d̪eː,"support, patronize",ஆதரவளி,Compound-Verbs,words
ꢡꢾꢫꢵꢬ꣄ ꢒꢾꢬ꣄ꢭꢿ,त॑यार क॑र्ले,தெயார் கெர்லே,te'yaar ke'rle,tEyAr kErle,tĕyār kĕrle,t̪ejɑːɾ keɾleː,get ready,ஆயத்தமாகு,Compound-Verbs,words
ꢆꢡ꣄ꢒꢸꢬꣂꢯꣁ ꢒꢿꢬ꣄,उत्कुरोशा॑केर,உத்குரோஶொ கேர்,utkurosho' ker,utkurozO ker,utkurośŏ ker,ut̪kuɾoːʃo keːɾ,clamour,ஆர்ப்பரி,Compound-Verbs,words
ꢬꢾꢗ꣄ꢗꢵ ꢬꢾꢗ꣄ꢗꣁ ꢡꢵꢫ꣄,र॑च्चा॑ र॑च्चो ताय,ரெச்சா ரெச்சொ தாய்,re'chchaa re'chcho' taay,rEccA rEccO tAy,rĕccā rĕccŏ tāy,ɾet͡ʃt͡ʃɑː ɾet͡ʃt͡ʃo t̪ɑːj,clamour,ஆர்ப்பரி,Compound-Verbs,words
ꢙꣁꢱ꣄ꢫꢪ꣄ ꢱꢖ꣄ꢔꢶ,जोस्यम सङ्गि,ஜோஸ்யம் ஸங்கி3,jo'syam sangi,jOsyam saGgi,jŏsyam saṅgi,d͡ʒos̪jəm s̪əŋgɪ,predict,ஆரூடம்கூறு,Compound-Verbs,words
ꢧꢸꢭ꣄ꢭꢵꢪ꣄ ꢱꢖꢔꢶ,फुल्लाम सङ्गि,பு2ல்லாம் ஸங்கி3,phullaam sangagi,phullAm saGagi,phullām saṅagi,pʰullɑːm s̪əŋəgɪ,predict,ஆரூடம்கூறு,Compound-Verbs,words
ꢃꢭꣂꢗꢥꣁ ꢱꢖ꣄ꢔꢶ,आलोचना॑ सङ्गि,ஆலோசனொஸங்கி3,aalochano' sangi,AlocanO saGgi,ālocanŏ saṅgi,ɑːloːt͡ʃən̪o s̪əŋgɪ,Advise/ counsel,ஆலோசனைகூறு,Compound-Verbs,words
ꢤꢾꢫ꣄ꢬꢶꢫꢪ꣄ ꢱꢖ꣄ꢔꢶ,धेय्रियम सङ्गि,தெ4ய்ரியம்ஸங்கி3,dhe'yriyam sangi,dhEyriyam saGgi,dhĕyriyam saṅgi,d̪ʰejɾɪjəm s̪əŋgɪ,console,ஆறுதலளி,Compound-Verbs,words
ꢯꢵꢥ꣄ꢡꢶ ꢣꢾ,शान्ति दे,ஶாந்தி தே3,shaanti de',zAnti dE,śānti dĕ,ʃɑːn̪t̪ɪ d̪e,console,ஆறுதலளி,Compound-Verbs,words
ꢱꢵꢥ꣄ꢡ꣄ꢮꢥꣁ ꢒꢿꢬ꣄,सान्त्वना॑ केर,ஸாந்த்வனொ கேர்,saantvano' ker,sAntvanO ker,sāntvanŏ ker,s̪ɑːn̪t̪ʋən̪o keːɾ,console,ஆறுதலளி,Compound-Verbs,words
ꢱꢪ꣄ꢪꢡ꣄ ꢣꢿ,सम्मत् दे,ஸம்மத் தே3,sammat de,sammat de,sammat de,s̪əmmət̪ d̪eː,allow,இசைவுகொடு,Compound-Verbs,words
ꢢꢵꢪ꣄ꢡꢔꢶ ꢢꣁꢮ꣄,थाम्तगि थोव,தா2ம்தகி3 தோ2வ்,thaamtagi tho'v,thAmtagi thOv,thāmtagi thŏv,t̪ʰɑːmt̪əgɪ t̪ʰoʋ,allocate,இடமொதுக்கு,Compound-Verbs,words
ꢢꢵꢪ꣄ ꢣꢿ,थाम्दे,தா2ம்தே3,thaam de,thAm de,thām de,t̪ʰɑːm d̪eː,give place,இடம்கொடு,Compound-Verbs,words
ꢢꢵꢪ꣄ ꢪꢬ꣄ꢗꢶ ꢙꢵ,थाम्मर्चि जा,தா2ம்மர்சி ஜா,thaam marchi jaa,thAm marci jA,thām marci jā,t̪ʰɑːm məɾt͡ʃɪ d͡ʒɑː,Migrate/ dislocate,இடம்பெயர்,Compound-Verbs,words
ꢢꢵꢪ꣄ ꢪꢬ꣄ꢗꢶ ꢢꣁꢮ꣄,थाम मर्चि थोव,தா2ம் மர்சி தோ2வ்,thaam marchi tho'v,thAm marci thOv,thām marci thŏv,t̪ʰɑːm məɾt͡ʃɪ t̪ʰoʋ,Migrate/ dislocate,இடம்பெயர்,Compound-Verbs,words
ꢢꢵꢪ꣄ꢪꢬ꣄ꢗꢶ,थाम्मर्चि,தா2ம்மர்சி,thaammarchi,thAmmarci,thāmmarci,t̪ʰɑːmməɾt͡ʃɪ,shift,இடமாற்று,Compound-Verbs,words
ꢒꢾꢰ꣄ꢜꢪ꣄ ꢂꢞ꣄ꢞꢪ꣄ ꢂꢮꢵꢜ꣄,केष्टम अड्डम अवाट,கெஷ்டம் அட்3ட3ம் அவாட்,ke'sht'am ad'd'am avaat',kESTam aDDam avAT,kĕṣṭam aḍḍam avāṭ,keʂʈəm əɖɖəm əʋɑːʈ,Create obstacle,இடருண்டாக்கு,Compound-Verbs,words
ꢥꢾꢱ꣄ꢒꢶꢥꢶ ꢦꣁꢜ꣄,न्स्किनि पोट,நெஸ்கினி போட்,ne'skini po't',nEskini pOT,nĕskini pŏṭ,n̪es̪kɪn̪ɪ poʈ,be crushed,இடிபடு,Compound-Verbs,words
ꢂꢞ꣄ꢞꢪ꣄ ꢦꣂꢜ꣄,अड्डम पोट,அட்3ட3ம் போட்,ad'd'am pot',aDDam poT,aḍḍam poṭ,əɖɖəm poːʈ,obstruct,இடைமறி,Compound-Verbs,words
ꢂꢮ꣄ꢞꣁꢦꣂꢜ꣄,अव्डो पोट,அவ்டொ3போட்,avd'o'pot',avDOpoT,avḍŏpoṭ,əʋɖopoːʈ,interfere,இடையிடு,Compound-Verbs,words
ꢡꣁꢥ꣄ꢣꢬꢮ꣄ ꢒꢿꢬ꣄,त्न्दरव्केर,தொந்த3ரவ் கேர்,to'ndarav ker,tOndarav ker,tŏndarav ker,t̪on̪d̪əɾəʋ keːɾ,disturb,இடையூறுசெய்,Compound-Verbs,words
ꢏꢦ꣄ꢦꢱ꣄ꢡꢶꢱꣁ ꢒꢿꢬ꣄,आ॑प्पतिसा॑ केर,ஒப்பஸ்திஸொ கேர்,o'ppastiso' ker,OppastisO ker,ŏppastisŏ ker,oppəs̪t̪ɪs̪o keːɾ,Make one accept/ yield,இணங்கவை,Compound-Verbs,words
ꢂꢥꢸꢡꢵꢦ꣄ ꢒꢭꢵꢜ꣄,अनुताप्कलाट्,அனுதாப் களாட்,anutaap kalaat',anutAp kalAT,anutāp kalāṭ,ən̪ut̪ɑːp kəlɑːʈ,condole,இரங்கல் தெரிவி,Compound-Verbs,words
ꢪꢴꢮ꣄ꢭꢶ ꢡꢵꢫ꣄,म्हव्लि ताय,ம:வ்லி தாய்,mhavli taay,mhavli tAy,mhavli tāy,mɦəʋlɪ t̪ɑːj,"black out, hide",இருட்டடிப்பு செய்,Compound-Verbs,words
ꢲꢥ꣄ꢢꢵꢬ꣄ ꢒꢿꢬ꣄,हन्दार्केर्,ஹந்தா3ர்கேர்,hanthaar ker,hanthAr ker,hanthār ker,ɦən̪t̪ʰɑːɾ keːɾ,darken,இருட்டாக்கு,Compound-Verbs,words
ꢩꢮꢵꢜ꣄ ꢡꢵꢫ꣄,भवाट्ताय्,ப4வாட்தாய்,bhavaat' taay,bhavAT tAy,bhavāṭ tāy,bʰəʋɑːʈ t̪ɑːj,shout,இரைச்சலிடு,Compound-Verbs,words
ꢱꢖ꣄ꢓ꣄ꢫꣁꢣꢿ,सङ्ख्या॑दे,ஸங்க்2யொதே3,sankhyo'de,saGkhyOde,saṅkhyŏde,s̪əŋkʰjod̪eː,to number,இலக்கமிடு,Compound-Verbs,words
ꢆꢥ꣄ꢥꣁ ꢒꢿꢬ꣄,उन्ना॑ केर्,உன்னொகேர்,unno' ker,unnO ker,unnŏ ker,un̪n̪o keːɾ,degrade,இழிவுபடுத்து,Compound-Verbs,words
ꢦꣁꢜ꣄ꢜꢳ ꢶꢩꢥ꣄ꢣꢶꢭꢿ,पा॑ट्टळि भन्दिले,பொட்டளி ப4ந்தி3லே,po't't'al'a ibhandile,pOTTaLa ibhandile,pŏṭṭal̤a ibhandile,poʈʈəɭə ɪbʰən̪d̪ɪleː,hug,இறுகத்தழுவு,Compound-Verbs,words
ꢦꣁꢞꢭꢶ ꢩꢥ꣄ꢣꢶꢭꢿ,पा॑डलि भन्दिले,பொட3லி ப4ந்தி3லே,po'd'ali bhandile,pODali bhandile,pŏḍali bhandile,poɖəlɪ bʰən̪d̪ɪleː,hug,இறுகத்தழுவு,Compound-Verbs,words
ꢣꢿꢮꢸ ꢦꢣꢪ꣄ ꢪꢷꢭ꣄,देवु पदम मील,தே3வு பத3ம் மீள்,devu padam meel,devu padam mIl,devu padam mīl,d̪eːʋu pəd̪əm miːl,Attain to the Lord’sfeet,இறைவனடி சேர்,Compound-Verbs,words
ꢔꢸꢬ꣄ꢡꢸ ꢒꢳꣀꢭꢿ,गुर्तु कळैले,கு3ர்து களைலே,gurtu kal'aile,gurtu kaLaile,gurtu kal̤aile,guɾt̪u kəɭəɪleː,identity,இனம் காண்,Compound-Verbs,words
ꢱꢪꢪꣁ ꢲꣁꢫ꣄ꢭꢿ,सममा॑ हा॑य्ले,ஸமமொ ஹொய்லே அபே4த் ஜவட்3ளே,samamo' ho'yle,samamO hOyle,samamŏ hŏyle,s̪əməmo ɦojleː,become equal,ஈடாகு,Compound-Verbs,words
ꢂꢩꢿꢡ꣄ ꢙꢮꢞ꣄ꢳꢿ,अभेत जवड्ळे,ஸமமொ ஹொய்லே அபே4த் ஜவட்3ளே,abhet javad'l'e,abhet javaDLe,abhet javaḍl̤e,əbʰeːt̪ d͡ʒəʋəɖɭeː,become equal,ஈடாகு,Compound-Verbs,words
ꢦ꣄ꢬꢡꢶꢦꢹꢬ꣄ꢡꢶ ꢒꢿꢬ꣄,प्रतिपूर्ति केर,ப்ரதிபூர்தி கேர்,pratipoorti ker,pratipUrti ker,pratipūrti ker,pɾət̪ɪpuːɾt̪ɪ keːɾ,compensate,ஈடுசெய்,Compound-Verbs,words
ꢆꢥ꣄ꢥꢦꢥ꣄ ꢱꢾꢬ꣄ꢒꣁ ꢒꢿꢬ꣄,उन्नपन स॑र्का॑ केर,உன்னபன் ஸெர்கொ கேர்,unnapan se'rko' ker,unnapan sErkO ker,unnapan sĕrkŏ ker,un̪n̪əpən̪ s̪eɾko keːɾ,compensate,ஈடுசெய்,Compound-Verbs,words
ꢭꢔꢶꢛ꣄ꢗꢶ ꢬꢴꢵ,लगिञ्चि र्हा,லகி3ஞ்சி ரா:,laginchi rhaa,lagiJci rhA,lagiñci rhā,ləgɪɲt͡ʃɪ ɾɦɑː,involve,ஈடுபடு,Compound-Verbs,words
ꢭꢔꢶꢛ꣄ꢗꢞꢶ ꢬꢴꢵ,ल्गिञ्चडि र्हा,லகி3ஞ்சடி3 ரா:,laginchad'i rhaa,lagiJcaDi rhA,lagiñcaḍi rhā,ləgɪɲt͡ʃəɖɪ ɾɦɑː,engage,ஈடுபடுத்து,Compound-Verbs,words
ꢱꢶꢣ꣄ꢤꢶ ꢲꣂ,सिद्धि हो,ஸித்3தி4 ஹோ,siddhi ho,siddhi ho,siddhi ho,s̪ɪd̪d̪ʰɪ ɦoː,fulfil,ஈடேறு,Compound-Verbs,words
ꢒꢾꢭꢵꢪ꣄ ꢭꢵꢮ꣄,क॑लाम्लाव,கெலாம்லாவ்,ke'laam laav,kElAm lAv,kĕlām lāv,kelɑːm lɑːʋ,coating the inner part of the vessel with lead,ஈயம்பூசு,Compound-Verbs,words
ꢩꣁꢙꢥꣁ ꢒꢾꢬ꣄ꢭꢿ,भोजना॑ क॑र्ले,போ4ஜனொகெர்லே,bho'jano' ke'rle,bhOjanO kErle,bhŏjanŏ kĕrle,bʰod͡ʒən̪o keɾleː,"take in, eat",உட்கொள்,Compound-Verbs,words
ꢩꢶꢡ꣄ꢡꢬ꣄ ꢢꣂꢮ꣄,भित्तर थोव,பி4த்தர் தோ2வ்,bhittar thov,bhittar thov,bhittar thov,bʰɪt̪t̪əɾ t̪ʰoːʋ,"insert, inject",உட்செலுத்து,Compound-Verbs,words
ꢲꣁꢔꢡ꣄ ꢲꢶꢖ꣄ꢔꢵꢜ꣄,होगत हिङ्गाट,ஹொக3த் ஹிங்கா3ட்,ho'gat hingaat',hOgat hiGgAT,hŏgat hiṅgāṭ,ɦogət̪ ɦɪŋgɑːʈ,"insert, inject",உட்செலுத்து,Compound-Verbs,words
ꢱꢪ꣄ꢪꢡ꣄ ꢦꣁꢥ꣄ꢣꢶ,स्म्मत पा॑न्दि,ஸம்மத் பொந்தி3,sammat po'ndi,sammat pOndi,sammat pŏndi,s̪əmmət̪ pon̪d̪ɪ,agree,உட்படு,Compound-Verbs,words
ꢩꢶꢡ꣄ꢡꢬ꣄ ꢡꢹꢬ꣄,भित्तर तूर,பி4த்தர் தூர்,bhittar toor,bhittar tUr,bhittar tūr,bʰɪt̪t̪əɾ t̪uːɾ,penetrate,உட்புகு,Compound-Verbs,words
ꢱꢲꢪꢡꢶ ꢲꣁꢫ꣄ꢭꢿ,सहमति हा॑य्ले आ॑जनाक आ॑जना॑ आ॑प्पिले,ஸஹமதி ஹொய் லே,sahamati ho'yle,sahamati hOyle,sahamati hŏyle,s̪əɦəmət̪ɪ ɦojleː,make an agreement,உடன்படிக்கை செய்,Compound-Verbs,words
ꢏꢙꢥꢵꢒ꣄ ꢏꢙꢥꣁ ꢏꢦ꣄ꢦꢶꢭꢿ,सहमति हा॑य्ले आ॑जनाक आ॑जना॑ आ॑प्पिले,ஒஜனாக் ஒஜனொ ஒப்பிலே,o'janaak o'jano' o'ppile,OjanAk OjanO Oppile,ŏjanāk ŏjanŏ ŏppile,od͡ʒən̪ɑːk od͡ʒən̪o oppɪleː,make an agreement,உடன்படிக்கை செய்,Compound-Verbs,words
ꢨꣁꢜ꣄ꢜꣁ ꢲꢾꢜ꣄,बा॑ट्टा॑ हेट,பொ3ட்டொ ஹேட்,bo't't'o' he't',bOTTO hET,bŏṭṭŏ hĕṭ,boʈʈo ɦeʈ,undress,உடைகளை,Compound-Verbs,words
ꢨꣁꢜ꣄ꢜꣁ ꢱꣁꢮ꣄ꢞꢶ,बा॑ट्टा॑ सा॑व्डि,பொ3ட்டொ ஸொவ்டி3,bo't't'o' so'vd'i,bOTTO sOvDi,bŏṭṭŏ sŏvḍi,boʈʈo s̪oʋɖɪ,undress,உடைகளை,Compound-Verbs,words
ꢆꢬ꣄ꢦꢡ꣄ꢡꢶ ꢒꢿꢬ꣄,उत्पत्ति केर्,உத்பத்தி கேர்,urpatti ker,urpatti ker,urpatti ker,uɾpət̪t̪ɪ keːɾ,"make, create",உண்டுபண்ணு,Compound-Verbs,words
ꢩꢵꢡ꣄ ꢕꢵꢭ꣄,भात घाल,பா4த் கா4ல்,bhaat ghaal,bhAt ghAl,bhāt ghāl,bʰɑːt̪ gʰɑːl,feed,உணவளி,Compound-Verbs,words
ꢦ꣄ꢬꢫꣂꢙꢥꣁ ꢦꣁꢜ꣄,प्रयोजना॑ पोट,ப்ரயோஜனொ போட்,prayojano' po't',prayojanO pOT,prayojanŏ pŏṭ,pɾəjoːd͡ʒən̪o poʈ,be useful,உபயோகப்படு,Compound-Verbs,words
ꢆꢦꢫꣂꢒ꣄ ꢲꣂ,उपयोकहो,உபயோக் ஹோ,upayok ho,upayok ho,upayok ho,upəjoːk ɦoː,be useful,உபயோகப்படு,Compound-Verbs,words
ꢥꢸꢔꢵꢱ꣄ꢡꢶꢱꣁ ꢬꢴꢵ,नुगास्तिसा॑ र्हा,நுகா3ஸ்திஸொ ரா:,nugaastiso' rhaa,nugAstisO rhA,nugāstisŏ rhā,n̪ugɑːs̪t̪ɪs̪o ɾɦɑː,be useful,உபயோகப்படு,Compound-Verbs,words
ꢙꢷꢮ꣄ ꢱꣂꢜ꣄,जीव्सोट,ஜீவ்ஸோட்,jeev sot',jIv soT,jīv soṭ,d͡ʒiːʋ s̪oːʈ,Lay down life,உயிர்விடு,Compound-Verbs,words
ꢙꢷꢮ꣄ꢣꢾ,जीव्दे,ஜீவ் தே3,jeevde',jIvdE,jīvdĕ,d͡ʒiːʋd̪e,animate,உயிரூட்டு,Compound-Verbs,words
ꢙꢷꢮ꣄ ꢕꢵꢭ꣄,जीव घाल,ஜீவ் கா4ல்,jeev ghaal,jIv ghAl,jīv ghāl,d͡ʒiːʋ gʰɑːl,animate,உயிரூட்டு,Compound-Verbs,words
ꢨꣁꢭꢪ꣄ꢒꢿꢬ꣄,बा॑लम्केर,பொ3லம்கேர்,bo'lamker,bOlamker,bŏlamker,boləmkeːɾ,strengthen,உரமூட்டு,Compound-Verbs,words
ꢨꢵꢤ꣄ꢫꢡꣁ ꢪꢔꢶꢭꢾ,बाध्यता॑ मगिले,பா3த்4யதொ மகி3லே,baadhyato' magile',bAdhyatO magilE,bādhyatŏ magilĕ,bɑːd̪ʰjət̪o məgɪle,to claim right,உரிமைகொண்டாடு,Compound-Verbs,words
ꢬꢹꢦ꣄ ꢕꢵꢭ꣄,रूप घाल,ரூப் கா4ல்,roop ghaal,rUp ghAl,rūp ghāl,ɾuːp gʰɑːl,give shape,உருகொடு,Compound-Verbs,words
ꢪꢥꣁꢥꣁ ꢒꢾꢬ꣄ꢭꢾ,मनना॑ केर्ले,மனனொ கெர்லே,mano'no' ke'rle',manOnO kErlE,manŏnŏ kĕrlĕ,mən̪on̪o keɾle,memorize,உருப்போடு,Compound-Verbs,words
ꢬꢸꢦ꣄ ꢪꢬ꣄ꢗꢶꢭꢿ,रूप मर्चिले,ரூப் மர்சிலே,rup marchile,rup marcile,rup marcile,ɾup məɾt͡ʃɪleː,change form,உருமாறு,Compound-Verbs,words
ꢱꢪ꣄ꢩꢵꢰꢠꣁ ꢒꢿꢬ꣄,सम्भाषणा॑ केर,ஸம்பா4ஷணொகேர்,sambhaashano' ker,sambhASaNO ker,sambhāṣaṇŏ ker,s̪əmbʰɑːʂəɳo keːɾ,converse,உரையாடு,Compound-Verbs,words
ꢭꣂꢦꢸꢭꣁ ꢬꢵꢱ꣄ꢡꢶꢱꣁ ꢒꢿꢬ꣄,लोपुला॑ रास्तिसा॑ केर,லோபுலொ ரா:ஸ்திஸொ கேர்,lopulo' raastiso' ker,lopulO rAstisO ker,lopulŏ rāstisŏ ker,loːpulo ɾɑːs̪t̪ɪs̪o keːɾ,include,உள்ளடக்கு,Compound-Verbs,words
ꢭꣂꢦꢸꢭꣁ ꢢꣁꢮ꣄ꢭꢿ,लोपुला॑ धा॑व्ले,லோபுலொ தொ2வ்லே,lopulo' tho'vle,lopulO thOvle,lopulŏ thŏvle,loːpulo t̪ʰoʋleː,include,உள்ளடக்கு,Compound-Verbs,words
ꢆꢡ꣄ꢱꢵꢲ꣄ ꢦꣁꢥ꣄ꢣꢶ,उत्साह पा॑न्दि,உத்ஸாஹ் பொந்தி3,utsaah po'ndi,utsAh pOndi,utsāh pŏndi,ut̪s̪ɑːɦ pon̪d̪ɪ,Get enthusiasm,உற்சாகமடை,Compound-Verbs,words
ꢔꢪ꣄ꢗꢶ ꢎꢒꢶ,गम्चि ऐकि,க3ம்சிஐகி,gamchi aiki,gamci aiki,gamci aiki,gəmt͡ʃɪ əɪkɪ,Listen attentively,உற்றுக்கேள்,Compound-Verbs,words
ꢓꢸꢬ꣄ꢒꢥꢶ ꢱꢵ,खुर्कनि सा,கூ2ர்கனி ஸா,khurkani saa,khurkani sA,khurkani sā,kʰuɾkən̪ɪ s̪ɑː,gaze,உற்றுப்பார்,Compound-Verbs,words
ꢏꢙꢥꢵꢒ꣄ ꢏꢙꢥꣁ ꢦ꣄ꢬꢵꢪꣁꢒꢥꢶ ꢗꢭ꣄ꢭꢾ,आ॑जनाक आ॑जना॑ प्रामा॑कनि चल्ले,ஒஜனாக் ஒஜனொ ப்ராமொகனி சல்லே,o'janaak o'jano' praamo'kani challe',OjanAk OjanO prAmOkani callE,ŏjanāk ŏjanŏ prāmŏkani callĕ,od͡ʒən̪ɑːk od͡ʒən̪o pɾɑːmokən̪ɪ t͡ʃəlle,Interact affectionately,உறவாடு,Compound-Verbs,words
ꢥꢶꢱꢰ꣄꣄꣄ꢒꢠꣁ ꢒꢿꢬ꣄,निष्कणा॑ केर,நிஷ்கணொ கேர்,nisashkano' ker,nisaSkaNO ker,nisaṣkaṇŏ ker,n̪ɪs̪əʂkəɳo keːɾ,confirm,உறுதி செய் / உறுதிப்படுத்து,Compound-Verbs,words
ꢦ꣄ꢬꢪꢵꢠ꣄ꢓꢳ꣄ꢳꢿ,प्रमाण्खळ्ळे,ப்ரமாண்க2ள்ளே,pramaankhal'l'e,pramANkhaLLe,pramāṇkhal̤l̤e,pɾəmɑːɳkʰəɭɭeː,take oath,உறுதிபூண்,Compound-Verbs,words
ꢆꢡ꣄ꢱꢵꢲ꣄ꢒꢿꢬ꣄,उत्साह्केर,உத்ஸாஹ்கேர்,utsaahker,utsAhker,utsāhker,ut̪s̪ɑːɦkeːɾ,encourage,ஊக்கமளி,Compound-Verbs,words
ꢆꢛ꣄ꢙꢭꣁ ꢓꢵꢳ,उञ्जला॑ खाळ्,உஞ்ஜலொ கா2ள்,unjalo' khaal'a,uJjalO khALa,uñjalŏ khāl̤a,uɲd͡ʒəlo kʰɑːɭə,Oscillate/ swing,ஊசலாடு,Compound-Verbs,words
ꢗꣁꢞ꣄ꢞꣁ ꢦꣁꢞꢶꢩꢶꢡ꣄ꢡꢬ꣄ ꢢꢹꢬ꣄,चा॑ड्ड पा॑डिभित्तर तूर,சொட்3ட3 பொடி3பி4த்தர் தூர்,cho'd'd'o' po'd'ibhittar thoor,cODDO pODibhittar thUr,cŏḍḍŏ pŏḍibhittar thūr,t͡ʃoɖɖo poɖɪbʰɪt̪t̪əɾ t̪ʰuːɾ,Infiltrate,ஊடுருவு,Compound-Verbs,words
ꢓꣁꢭꢵ ꢩꢮꢵꢜ꣄ ꢡꢵꢫ꣄,खा॑ला भवाट ताय,கொ2லா ப4வாட் தாய்,kho'laa bhavaat' taay,khOlA bhavAT tAy,khŏlā bhavāṭ tāy,kʰolɑː bʰəʋɑːʈ t̪ɑːj,Howl/whistle,ஊளையிடு,Compound-Verbs,words
ꢧꢸꢮ꣄ꢥꢶ ꢬꢾꢗ꣄ꢗꣁ ꢒꢿꢬ꣄,फव्नि र॑च्चा॑ केर,பு2வ்னி ரெச்சொ கேர்,phuvni re'chcho' ker,phuvni rEccO ker,phuvni rĕccŏ ker,pʰuʋn̪ɪ ɾet͡ʃt͡ʃo keːɾ,Howl/whistle,ஊளையிடு,Compound-Verbs,words
ꢩꣁꢫ꣄ꢱꢸ ꢬꢾꢗ꣄ꢗꣁ ꢡꢵꢫ꣄,भा॑य्सु र॑च्चा॑ ताय,பெ4ய்ஸு ரெச்சொ தாய்,bho'ysu re'chcho' taay,bhOysu rEccO tAy,bhŏysu rĕccŏ tāy,bʰojs̪u ɾet͡ʃt͡ʃo t̪ɑːj,bellow,எக்காளமிடு,Compound-Verbs,words
ꢲꢜ꣄ꢮꢶ ꢱꢵ,हट्वि सा,ஹட்வி ஸா,hat'vi saa,haTvi sA,haṭvi sā,ɦəʈʋɪ s̪ɑː,think,எண்ணமிடு,Compound-Verbs,words
ꢦ꣄ꢬꢡꢶꢤꣁꢥꢶꢒꢿꢬ꣄,प्रतिधा॑नि केर,ப்ரதிதொ4னி கேர்,pratidho'niker,pratidhOniker,pratidhŏniker,pɾət̪ɪd̪ʰon̪ɪkeːɾ,echo,எதிரொலி,Compound-Verbs,words
ꢮꢾꢣꢸꢬ꣄ ꢦꣁꢜ꣄,व॑दुर्पोट,வெது3ர்போட்,ve'dur po't',vEdur pOT,vĕdur pŏṭ,ʋed̪uɾ poʈ,Encounter/meet,எதிர்ப்படு,Compound-Verbs,words
ꢱꢵꢪꢸꢬ꣄ ꢃꢮ꣄,सामुर आव,ஸாமுர் ஆவ்,saamur aav,sAmur Av,sāmur āv,s̪ɑːmuɾ ɑːʋ,Encounter/meet,எதிர்ப்படு,Compound-Verbs,words
ꢮꢾꢣꢸꢬ꣄ ꢣꢾꢒ꣄ꢒꢶ,वेदुर द॑क्कि,வெது3ர் தெ3க்கி,ve'dur de'kki,vEdur dEkki,vĕdur dĕkki,ʋed̪uɾ d̪ekkɪ,Encounter/meet,எதிர்ப்படு,Compound-Verbs,words
ꢦ꣄ꢬꢡꢷꢒ꣄ꢯꣁ ꢒꢿꢬ꣄,प्रतीक्षो केर,ப்ரதீக்ஷொ கேர்,prateeksho' ker,pratIkzO ker,pratīkśŏ ker,pɾət̪iːkʃo keːɾ,Expect,எதிர்பார்,Compound-Verbs,words
ꢌꢣꢸꢬ ꣄ꢱꢵ,एदुर्सा,எது3ர் ஸா,e'dura saa,Edura sA,ĕdura sā,ed̪uɾə s̪ɑː,Expect,எதிர்பார்,Compound-Verbs,words
ꢬꢵꢒ꣄ ꢂꢮꢵꢜ꣄,राक अवाट,ராக் அவாட்,raak avaat',rAk avAT,rāk avāṭ,ɾɑːk əʋɑːʈ,irritate,எரிச்சலூட்டு,Compound-Verbs,words
ꢱꢷꢪꣁ ꢣꢵꢜ꣄,सीमा॑ दाट,ஸீமொ தா3ட்,seemo' daat',sImO dAT,sīmŏ dāṭ,s̪iːmo d̪ɑːʈ,exceed,எல்லைகட,Compound-Verbs,words
ꢆꢣ꣄ꢮꢿꢒ꣄ ꢒꢾꢬ꣄,उद्वेग केर,உத்3வேக்3 கேர்,udvek ke'r,udvek kEr,udvek kĕr,ud̪ʋeːk keɾ,Inspire/ motivate,எழுச்சியூட்டு,Compound-Verbs,words
ꢆꢣ꣄ꢮꢿꢔ꣄ ꢂꢮꢵꢜ꣄,उद्वेग अवाट,உத்3வேக்3 அவாட்,udveg avaat',udveg avAT,udveg avāṭ,ud̪ʋeːg əʋɑːʈ,Inspire/ motivate,எழுச்சியூட்டு,Compound-Verbs,words
ꢆꢦꢲꢵꢱ꣄ ꢒꢿꢬ꣄,उपहास केर,உபஹாஸ் கேர்,upahaas ker,upahAs ker,upahās ker,upəɦɑːs̪ keːɾ,Mock /ridicule,எள்ளிநகையாடு,Compound-Verbs,words
ꢣꢾꢔꢵꢬ꣄ꢣꢿ,द॑गार्दे,தெ3கா3ர்தே3,de'gaarde,dEgArde,dĕgārde,d̪egɑːɾd̪eː,belch,ஏப்பமிடு,Compound-Verbs,words
ꢌꢭꢪ꣄ ꢱꣂꢜ꣄,एलम्सा॑ट्,எலம்ஸோட்,e'lam sot',Elam soT,ĕlam soṭ,eləm s̪oːʈ,auction,ஏலம்விடு,Compound-Verbs,words
ꢦ꣄ꢬꢨꢥ꣄ꢡꢸ ꢒꢿꢬ꣄,प्रबन्तु केर,ப்ரப3ந்து கேர்,prabantu ker,prabantu ker,prabantu ker,pɾəbən̪t̪u keːɾ,arrange,ஏற்பாடு செய்,Compound-Verbs,words
ꢦꢹꢬ꣄ꢮꢩꢶꢥꢫꣁ ꢒꢿꢬ꣄,पूर्वाभिनया॑ केर,பூர்வாபி4னயொ கேர்,poorvabhinayo' ker,pUrvabhinayO ker,pūrvabhinayŏ ker,puːɾʋəbʰɪn̪əjo keːɾ,rehearse,ஒத்திகை நடத்து,Compound-Verbs,words
ꢱꣁꢪ꣄ꢪꢬ꣄ ꢣꣁꢨ꣄ꢨꢶꢢꣁꢮ꣄,सा॑म्मर दा॑ब्बिथोव,ஸொம்மர் தொ3ப்3பி3 தோ2வ்,so'mmar do'bbitho'v,sOmmar dObbithOv,sŏmmar dŏbbithŏv,s̪omməɾ d̪obbɪt̪ʰoʋ,Postpone/ procrastinate,ஒத்திப்போடு,Compound-Verbs,words
ꢣꣁꢨ꣄ꢨꢶꢢꣂꢮ꣄,दा॑ब्बिथोव,தொ3ப்3பி3தோ2வ்,do'bbithov,dObbithov,dŏbbithov,d̪obbɪt̪ʰoːʋ,adjourn,ஒத்திவை,Compound-Verbs,words
ꢱꢲꢫꣂꢒ꣄ ꢒꢿꢬ꣄,सहयोक केर,ஸஹயோக் கேர்,sahayok ker,sahayok ker,sahayok ker,s̪əɦəjoːk keːɾ,cooperate,ஒத்துழை,Compound-Verbs,words
ꢡꢶꢬꢯ꣄꣄ ꢒꢵꢬ,तिरश्कार,திரஶ் கார்,tirash kaara,tiraz kAra,tiraś kāra,t̪ɪɾəʃ kɑːɾə,overrule,ஒதுக்கித்தள்ளு,Compound-Verbs,words
꣄ꢒꢿꢬ꣄,केर,கேர்,ker,ker,ker,keːɾ,overrule,ஒதுக்கித்தள்ளு,Compound-Verbs,words
ꢲꢾꢞꢶ ꢡꣂꢮ꣄,ह॑डिदोव्,ஹெடி3தோவ்,he'd'i tov,hEDi tov,hĕḍi tov,ɦeɖɪ t̪oːʋ,reserve,ஒதுக்கிவை,Compound-Verbs,words
ꢮꢱꣁ ꢣꢾ,वसा॑ दे,வஸொ தே3,vaso' de',vasO dE,vasŏ dĕ,ʋəs̪o d̪e,Submit/handover,ஒப்படை,Compound-Verbs,words
ꢲꢵꢡꢸ ꢂꢒ꣄ꢰꢬ꣄ꢡꢵꢫ꣄,हातु अक्षर्ताय,ஹாது அக்ஷர்தாய்,haatu akshartaay,hAtu akSartAy,hātu akṣartāy,ɦɑːt̪u əkʂəɾt̪ɑːj,sign,ஒப்பமிடு,Compound-Verbs,words
ꢱꢶꢖ꣄ꢔꢵꢬ꣄ ꢒꢾꢬ꣄ꢭꢿ,सिङ्गार केर्ले,ஸிங்கா3ர் கெர்லே,singaar ke'rle,siGgAr kErle,siṅgār kĕrle,s̪ɪŋgɑːɾ keɾleː,do make up,ஒப்பனை செய்,Compound-Verbs,words
ꢡꣂꢡ ꣄ꢱꢵ,तोत्सा,தோத்ஸா,tota saa,tota sA,tota sā,t̪oːt̪ə s̪ɑː,compare,ஒப்பிடு,Compound-Verbs,words
ꢂꢥꢸꢪꢡꢶ ꢣꢿ,अनुमति दे,அனுமதி தே3,anumati de,anumati de,anumati de,ən̪umət̪ɪ d̪eː,consent,ஒப்புதலளி,Compound-Verbs,words
ꢱꢪ꣄ꢫꣂꢙꢥꣁ ꢒꢿꢬ꣄,सम्योजना॑ केर,ஸம்யோஜனொ கேர்,samyojano' ker,samyojanO ker,samyojanŏ ker,s̪əmjoːd͡ʒən̪o keːɾ,co-ordinate,ஒருங்கிணை,Compound-Verbs,words
ꢤ꣄ꢫꢵꢥ꣄ ꢫꣂꢒ꣄ ꢒꢿꢬ꣄,ध्यान योक केर,த்4யான் யோக் கேர்,dhyaan yok ker,dhyAn yok ker,dhyān yok ker,d̪ʰjɑːn̪ joːk keːɾ,concentrate,ஒருமுனைப்படுத்து,Compound-Verbs,words
ꢬꢹꢦ꣄ ꢥꢾꢬ꣄ꢦꢶ,रूप न॑र्पि,ரூப்நெர்பி,roop ne'rpi,rUp nErpi,rūp nĕrpi,ɾuːp n̪eɾpɪ,telecast,ஒளிபரப்பு,Compound-Verbs,words
ꢙꢾꢡꣁ ꢗꢾꢬ꣄,ज॑ता॑ चेर,ஜெதொ சேர்,je'to' che'r,jEtO cEr,jĕtŏ cĕr,d͡ʒet̪o t͡ʃeɾ,unite,ஒன்றுகூடு,Compound-Verbs,words
ꢙꢾꢡꣁ ꢗꢾꢬ꣄ꢗꢶ,ज॑ता॑ च॑र्चि,ஜெதொ செர்சி,je'to' che'rchi,jEtO cErci,jĕtŏ cĕrci,d͡ʒet̪o t͡ʃeɾt͡ʃɪ,"unite, assemble",ஒன்றுசேர்,Compound-Verbs,words
ꢤꢪꢶ ꢙꢵ,धमि जा,த4மி ஜா,dhami jaa,dhami jA,dhami jā,d̪ʰəmɪ d͡ʒɑː,elope,ஒடிப்போ,Compound-Verbs,words
ꢥꢶꢮ꣄ꢬꢸꢡꢶ ꢲꣂ,निव्रुति हो,நிவ்ருதி ஹோ,nivruti ho,nivruti ho,nivruti ho,n̪ɪʋɾut̪ɪ ɦoː,retire,ஒய்வுபெறு,Compound-Verbs,words
ꢗꢶꢡ꣄ꢬꢸ ꢭꢶꢓꢶ,चित्रु लिखि,சித்ரு லிகி2,chitru likhi,citru likhi,citru likhi,t͡ʃɪt̪ɾu lɪkʰɪ,paint,ஒவியம்தீட்டு,Compound-Verbs,words
ꢡꢶꢬ꣄ꢪꢵꢥ꣄ ꢒꢾꢬ꣄ꢭꢿ,तिर्मान क॑र्ले,திர்மான் கெர்லே,tirmaan ke'rle,tirmAn kErle,tirmān kĕrle,t̪ɪɾmɑːn̪ keɾleː,make up mind,கங்கணங்கட்டு,Compound-Verbs,words
ꢒꢿꢜ ꣄ꢩꢥ꣄ꢣꢶꢭꢿ,केट् भन्दिले,கேட் ப4ந்தி3லே,ket'a bhandile,keTa bhandile,keṭa bhandile,keːʈə bʰən̪d̪ɪleː,begirdle,கச்சைகட்டு,Compound-Verbs,words
ꢱꢸꢭ꣄ꢒꣁ ꢩꢥ꣄ꢣꢶ,सुल्का॑ भन्दि,ஸுல்கொ ப4ந்தி3,sulko' bhandi,sulkO bhandi,sulkŏ bhandi,s̪ulko bʰən̪d̪ɪ,remit fee,கட்டணங்கட்டு,Compound-Verbs,words
ꢃꢙ꣄ꢛꣁ ꢣꢿ,आजञो दे,ஆஜ்ஞொ தே3,aajnyo' de,AjJO de,ājñŏ de,ɑːd͡ʒɲo d̪eː,to issue an order,கட்டளைபிறப்பி,Compound-Verbs,words
ꢃꢙ꣄ꢛꣁꢣꢿ ꢡꢵꢫ꣄,आजञो ताय,ஆஜ்ஞொதாய்,aajnyo'de taay,AjJOde tAy,ājñŏde tāy,ɑːd͡ʒɲod̪eː t̪ɑːj,command,கட்டளையிடு,Compound-Verbs,words
ꢨꢭꢮꢥ꣄ꢡꢸ ꢒꢿꢬ꣄,बलवन्तु केर्,ப3ல்வந்து கேர்,balavantu ker,balavantu ker,balavantu ker,bələʋən̪t̪u keːɾ,compel,கட்டாயப்படுத்து,Compound-Verbs,words
ꢂꢤꢶꢒꢵꢬꢸꢪ꣄ ꢬꢴꢵ,अधिकारुम र्हा,அதி4காரும் ரா:,adhikaarum rhaa,adhikArum rhA,adhikārum rhā,əd̪ʰɪkɑːɾum ɾɦɑː,be under control,கட்டுக்கடங்கு,Compound-Verbs,words
ꢥꢶꢫꢥ꣄ꢡ꣄ꢬꢠꣁꢒꢿꢬ꣄,नियन्त्रणा॑केर,நியந்த்ரணொகேர்,niyantrano'ker,niyantraNOker,niyantraṇŏker,n̪ɪjən̪t̪ɾəɳokeːɾ,control,கட்டுப்படுத்து,Compound-Verbs,words
ꢒꢾꢜ꣄ꢜꢸ ꢡꢵꢫ꣄,केट्टु ताय,கெட்டுதாய்,ke't't'u taay,kETTu tAy,kĕṭṭu tāy,keʈʈu t̪ɑːj,bandage,கட்டுப்போடு,Compound-Verbs,words
ꢲꢾꢳ꣄ꢳꢶꢶ ꢙꢵ,ह॑ळ्ळि जा,ஹெள்ளி ஜா,he'l'l'ii jaa,hELLii jA,hĕl̤l̤ii jā,ɦeɭɭɪɪ d͡ʒɑː,kidnap,கடத்திச்செல்,Compound-Verbs,words
ꢒꢬ꣄ꢡꢮ꣄ ꢒꢿꢬ꣄,कर्तव केर,கர்தவ் கேர்,kartav ker,kartav ker,kartav ker,kəɾt̪əʋ keːɾ,do the duty,கடமையாற்று,Compound-Verbs,words
ꢬꢷꢠ꣄ ꢦꣂꢜ꣄,रीण पोट,ரீண் போட்,reen pot',rIN poT,rīṇ poṭ,ɾiːɳ poːʈ,Get indebted,கடன்படு,Compound-Verbs,words
ꢬꢷꢠ꣄ ꢓꢵꢜ꣄,रीण खाट,ரீண்கா2ட்,reen khaat',rIN khAT,rīṇ khāṭ,ɾiːɳ kʰɑːʈ,borrow,கடன்வாங்கு,Compound-Verbs,words
ꢓꢾꢜꢶꢥ꣄ ꢒꢿꢬ꣄,खेटिन्केर्,கெ2டின் கேர்,khe't'in ker,khETin ker,khĕṭin ker,kʰeʈɪn̪ keːɾ,harden,கடினமாக்கு,Compound-Verbs,words
ꢂꢥꢸꢱꢬꢶꢭꢾ,अनुसरिले,அனுஸரிலே,anusarile',anusarilE,anusarilĕ,ən̪us̪əɾɪle,follow,கடைபிடி,Compound-Verbs,words
ꢡꣁꢬꢶ ꢙꢵ,ता॑रि जा,தொரி ஜா,to'ri jaa,tOri jA,tŏri jā,t̪oɾɪ d͡ʒɑː,follow,கடைபிடி,Compound-Verbs,words
ꢔꢪ꣄ꢗꢶ ꢱꢾꢫ꣄ꢭꢿ,गम्चि स॑य्ले,க3ம்சி ஸெய்லே,gamchi se'yle,gamci sEyle,gamci sĕyle,gəmt͡ʃɪ s̪ejleː,Watch/ superintend,கண்காணி,Compound-Verbs,words
ꢣꣁꢳꣁ ꢪꢶꢱ꣄ꢒꢶ,दा॑ळा॑ मिस्कि,தொ3ளொ மிஸ்கி,do'l'o' miski,dOLO miski,dŏl̤ŏ miski,d̪oɭo mɪs̪kɪ,wink,கண்சிமிட்டு,Compound-Verbs,words
ꢓꢠ꣄ꢞꢠꣁ ꢒꢿꢬ꣄,खण्डणा॑ केर्,க2ண்ட3ணொ கேர்,khand'ano' ker,khaNDaNO ker,khaṇḍaṇŏ ker,kʰəɳɖəɳo keːɾ,condemn,கண்டனம் செய்,Compound-Verbs,words
ꢣꢾꢒ꣄ꢒꢶ ꢤꢿꢬ꣄,द॑क्कि धेर्,தெ3க்கிதே4ர்,de'kki dher,dEkki dher,dĕkki dher,d̪ekkɪ d̪ʰeːɾ,"discover, invent",கண்டுபிடி,Compound-Verbs,words
ꢣꣁꢳꢵꢪ꣄ꢦꢥꢶ ꢓꢵꢜ꣄,दा॑ळाम्पनि खाट,தொ3ளாம்பனி கா2ட்,do'l'aampani khaat',dOLAmpani khAT,dŏl̤āmpani khāṭ,d̪oɭɑːmpən̪ɪ kʰɑːʈ,shed tears,கண்ணீர்சொரி,Compound-Verbs,words
ꢣꣁꢳꣁꢲꣁꢬ꣄ ꢱꢾꢫ꣄ꢭꢿ,दा॑ळा॑होर स॑य्ले,தொ3ளொஹோர் ஸெய்லே,do'l'o'ho'r se'yle,dOLOhOr sEyle,dŏl̤ŏhŏr sĕyle,d̪oɭoɦoɾ s̪ejleː,see,கண்ணுறு,Compound-Verbs,words
ꢭꢴꢾꢒ꣄ꢒꣁ ꢒꢿꢬ꣄,ल्ह॑क्को केर,லெ:க்கொ கேர்,lhe'kko' ker,lhEkkO ker,lhĕkkŏ ker,lɦekko keːɾ,"enumerate, to account",கணக்கிடு,Compound-Verbs,words
ꢒꢵꢪ꣄ ꢲꢶꢨ꣄ꢨꢵꢜ꣄,काम हिब्बाट,காம் ஹிப்3பா3ட்,kaam hibbaat',kAm hibbAT,kām hibbāṭ,kɑːm ɦɪbbɑːʈ,lock-out,கதவடை,Compound-Verbs,words
ꢒꢾꢬꢥ꣄ ꢒꢭꢥꢵꢡꣁ ꢬꢴꢵ,क॑रन कलनाता॑ र्हा,கெரன் களனாதொ ரா:,ke'ran kalanaato' rhaa,kEran kalanAtO rhA,kĕran kalanātŏ rhā,keɾən̪ kələn̪ɑːt̪o ɾɦɑː,Be at a loss,கதிகலங்கு,Compound-Verbs,words
ꢕꢾꢬ꣄ꢮꢵꢬ꣄ ꢬꢴꢵ,घ॑र्वार् र्हा,கெ4ர்வார் ரா:,ghe'rvaar rhaa,ghErvAr rhA,ghĕrvār rhā,gʰeɾʋɑːɾ ɾɦɑː,conceive,கர்ப்பம்தரி,Compound-Verbs,words
ꢔꢬ꣄ꢩꢸ ꢙꢵꢮꢵꢜ꣄,गर्भु जवाट,க3ர்பு4 ஜவாட்,garbhu jaavaat',garbhu jAvAT,garbhu jāvāṭ,gəɾbʰu d͡ʒɑːʋɑːʈ,abort,கருச்சிதைவு செய்,Compound-Verbs,words
ꢂꢩꢶꢦ꣄ꢬꢵꢫꢪ꣄ ꢱꢖ꣄ꢔꢶ,अभिप्रायम्सङ्गि,அபி4ப்ராய்ஸங்கி3,abhipraayam sangi,abhiprAyam saGgi,abhiprāyam saṅgi,əbʰɪpɾɑːjəm s̪əŋgɪ,opine,கருத்துரை,Compound-Verbs,words
ꢒꢾꢜ꣄ꢜꢣꢞꢱ꣄ꢡꢶ ꢱꣁ ꢙꢵ,क॑ट्टदडास्ति सा॑ जा,கெட்டத3டா3ஸ்திஸொ ஜா,ke't't'adad'asti so' jaa,kETTadaDasti sO jA,kĕṭṭadaḍasti sŏ jā,keʈʈəd̪əɖəs̪t̪ɪ s̪o d͡ʒɑː,find no bound,கரைபுரள்,Compound-Verbs,words
ꢩ꣄ꢬꢪꣁ ꢲꣂ,भ्रमो हो,ப்4ரமொ ஹோ,bhramo' ho,bhramO ho,bhramŏ ho,bʰɾəmo ɦoː,Be confounded/ be confused,கலக்கமடை,Compound-Verbs,words
ꢒꢭꢲꣁꢒꢿꢬ꣄,कलहा॑ केर,கலஹொ கேர்,kalaho'ker,kalahOker,kalahŏker,kələɦokeːɾ,"riot, rebel",கலகம் செய்,Compound-Verbs,words
ꢂꢬꢵꢙꢒꢡꣁ ꢒꢿꢬ꣄,अराजकता॑ केर,அராஜகதொ கேர்,araajakato' ker,arAjakatO ker,arājakatŏ ker,əɾɑːd͡ʒəkət̪o keːɾ,"riot, rebel",கலகம் செய்,Compound-Verbs,words
ꢒꢭꢲꣁ ꢒꢾꢬꢵꢜ꣄,कलहा॑ क॑राट,கலஹொ கெராட்,kalaho' ke'raat',kalahO kErAT,kalahŏ kĕrāṭ,kələɦo keɾɑːʈ,Plunge into riot,கலவரப்படுத்து,Compound-Verbs,words
ꢪꣁꢥ꣄ꢥꢸ ꢒꢮ꣄ꢭꢫꢶ ꢬꢴꢵ,मोन्नु कव्लयि र्हा,மொன்னு கவ்லயி ரா:,mo'nnu kavlayi rhaa,mOnnu kavlayi rhA,mŏnnu kavlayi rhā,mon̪n̪u kəʋləjɪ ɾɦɑː,Get agitated,கலவரமடை,Compound-Verbs,words
ꢒꢾꢳ꣄ꢳꢸ ꢏꢜ꣄ꢗꢶ,क॑ळ्ळु आ॑ट्चि,கெள்ளு ஒட்சி,ke'l'l'u o't'chi,kELLu OTci,kĕl̤l̤u ŏṭci,keɭɭu oʈt͡ʃɪ,brew,கள்ளிறக்கு,Compound-Verbs,words
ꢒꢭ꣄ꢦꢥꣁ ꢒꢾꢬ꣄,कल्पना॑ केर,கல்பனொகேர்,kalpano' ke'r,kalpanO kEr,kalpanŏ kĕr,kəlpən̪o keɾ,imagine,கற்பனை செய்,Compound-Verbs,words
ꢥꢿꢪꣁ ꢥꢵꢯ꣄꣄,न॑मा॑ नाश,நேமொ நாஶ்,nemo' naash,nemO nAz,nemŏ nāś,n̪eːmo n̪ɑːʃ,Corrupt/ stain,கறைப்படுத்து,Compound-Verbs,words
ꢒꢵꢜ꣄ ꢦꣁꢞꢜ꣄,काट पा॑डाट,காட் பொடா3ட்,kaat' po'd'at',kAT pODaT,kāṭ pŏḍaṭ,kɑːʈ poɖəʈ,Corrupt/ stain,கறைப்படுத்து,Compound-Verbs,words
ꢱꣁꢦ꣄ꢥꣁ ꢣꢾꢒ꣄ꢒꢶ,सा॑प्ना॑ देक्कि,ஸொப்னொ தெ3க்கி,so'pno' de'kki,sOpnO dEkki,sŏpnŏ dĕkki,s̪opn̪o d̪ekkɪ,dream,கனவுகாண்,Compound-Verbs,words
ꢣꢬ꣄ꢯꢥꣁ ꢣꢿ,दर्शना॑ दे,த3ர்ஶனொ தே3,darshano' de,darzanO de,darśanŏ de,d̪əɾʃən̪o d̪eː,appear,காட்சியளி,Compound-Verbs,words
ꢣꢾꢒ꣄ꢒꢞꢶ ꢣꢿ,त॑क्कडि दे,தெ3க்கடி3தே3,de'kkad'i de,dEkkaDi de,dĕkkaḍi de,d̪ekkəɖɪ d̪eː,betray,காட்டிக்கொடு,Compound-Verbs,words
ꢪꣂꢱ꣄ ꢒꢿꢬ꣄,मोस केर,மோஸ் கேர்,mos ker,mos ker,mos ker,moːs̪ keːɾ,betray,காட்டிக்கொடு,Compound-Verbs,words
ꢣꢸꢬꣂꢲ꣄ ꢒꢿꢬ꣄,दुरोह केर,து3ரோஹ் கேர்,duroh ker,duroh ker,duroh ker,d̪uɾoːɦ keːɾ,betray,காட்டிக்கொடு,Compound-Verbs,words
ꢬꢒ꣄ꢒꢶ ꢬꢴꢵ,र:क्कि र्हा,ர:க்கி ரா:,rakki rhaa,rakki rhA,rakki rhā,ɾəkkɪ ɾɦɑː,wait,காத்திரு,Compound-Verbs,words
ꢦ꣄ꢬꢿꢮ꣄ ꢦꣁꢜ꣄,प्रेव पोट,ப்ரேவ்போட்,prev po't',prev pOT,prev pŏṭ,pɾeːʋ poʈ,Fall in love,காதல்கொள்,Compound-Verbs,words
ꢒꢵꢥꢸꢪ꣄ ꢦꣂꢜ꣄,कानुम पोट,கானும் போட்,kaanum pot',kAnum poT,kānum poṭ,kɑːn̪um poːʈ,hear,காதில்விழு,Compound-Verbs,words
ꢒꢵꢥ꣄ ꢲꣂꢬ꣄ ꢎꢒꢶ,कान होर ऐकि,கான் ஹோர் ஐகி,kaan hor aiki,kAn hor aiki,kān hor aiki,kɑːn̪ ɦoːɾ əɪkɪ,listen,காதுகொடு,Compound-Verbs,words
ꢕꢵꢪ꣄ ꢦꣂꢜ꣄,घाम्पोट,கா4ம் போட்,ghaam pot',ghAm poT,ghām poṭ,gʰɑːm poːʈ,get wounded,காயம்படு,Compound-Verbs,words
ꢕꢵꢪ꣄ ꢦꣁꢞꢜ꣄,घाम्पा॑डाट,கா4ம் பொடா3ட்,ghaam po'd'at',ghAm pODaT,ghām pŏḍaṭ,gʰɑːm poɖəʈ,wound,காயப்படுத்து,Compound-Verbs,words
ꢒꢵꢭ꣄ ꢲꣁ,काल हो,கால் ஹோ,kaal ho',kAl hO,kāl hŏ,kɑːl ɦo,expire,காலமாகு,Compound-Verbs,words
ꢣꢾꢮ꣄ꢒꢫꢶ ꢙꢵ,द॑व्कयि जा,தெ3வ்கயி ஜா,de'vkayi jaa,dEvkayi jA,dĕvkayi jā,d̪eʋkəjɪ d͡ʒɑː,expire,காலமாகு,Compound-Verbs,words
ꢒꢵꢨꢥ꣄ꢣꢸ ꢒꢿꢬ꣄,काबन्दु केर,காப3ந்து3 கேர்,kaabandu ker,kAbandu ker,kābandu ker,kɑːbən̪d̪u keːɾ,guard,காவல்செய்,Compound-Verbs,words
ꢩꢷꢡꢶꢒꢿꢬ꣄,भीतिकेर,பீ4திகேர்,bheetiker,bhItiker,bhītiker,bʰiːt̪ɪkeːɾ,scare,கிலியூட்டு,Compound-Verbs,words
ꢤꢵꢒ꣄ ꢂꢮꢵꢜ꣄,धाक अवाट,தா4க் அவாட்,dhaak avaat',dhAk avAT,dhāk avāṭ,d̪ʰɑːk əʋɑːʈ,scare,கிலியூட்டு,Compound-Verbs,words
ꢱꢛ꣄ꢗꢭꢥꣁ ꢲꣂ,सञ꣄चलना॑ हो,ஸஞ்சலனொ ஹோ,sanchalano' ho,saJcalanO ho,sañcalanŏ ho,s̪əɲt͡ʃələn̪o ɦoː,get stimulated,கிளர்ச்சியடை,Compound-Verbs,words
ꢱꢛ꣄ꢗꢭꢥꣁ ꢒꢿꢬ꣄,सञ꣄चलना॑ केर,ஸஞ்சலனொ கேர்,sanchalano' ker,saJcalanO ker,sañcalanŏ ker,s̪əɲt͡ʃələn̪o keːɾ,stimulate,கிளர்ச்சியூட்டு,Compound-Verbs,words
ꢃꢙ꣄ꢛꣁ ꢦꢵꢭꢥꣁ ꢒꢿꢬ꣄,आजञो पालना॑ केर,ஆஜ்ஞொ பாலனொ கேர்,aajnyo' paalano' ker,AjJO pAlanO ker,ājñŏ pālanŏ ker,ɑːd͡ʒɲo pɑːlən̪o keːɾ,obey,கீழ்ப்படி,Compound-Verbs,words
ꢃꢙ꣄ꢛꣁꢤꢵꢥꢸ ꢗꢵꢭ꣄,आजञोधानु चाल,ஆஜ்ஞொதா4னு சால்,aajnyo'dhaanu chaal,AjJOdhAnu cAl,ājñŏdhānu cāl,ɑːd͡ʒɲod̪ʰɑːn̪u t͡ʃɑːl,obey,கீழ்ப்படி,Compound-Verbs,words
ꢂꢤꢶꢒꢵꢬ꣄ ꢤꢵꢥꢸ ꢗꢭ꣄ꢭꢾ,अधिकार धानु चल्ले,அதி4கார் தா4னு சல்லே,adhikaar dhaanu challe',adhikAr dhAnu callE,adhikār dhānu callĕ,əd̪ʰɪkɑːɾ d̪ʰɑːn̪u t͡ʃəlle,obey,கீழ்ப்படி,Compound-Verbs,words
ꢓꢵꢭ꣄ ꢬꢴꢮꢵꢜ꣄,खाल्र् र्हवाट,கா2ல் ர:வாட்,khaal rhavaat',khAl rhavAT,khāl rhavāṭ,kʰɑːl ɾɦəʋɑːʈ,Subjugate,கீழ்ப்படுத்து,Compound-Verbs,words
ꢪꣁꢥ꣄ꢥꢸꢪ꣄ ꢨꢷꢱ꣄,मा॑न्नुम बीस,மொன்னும் பீ3ஸ்,mo'nnum bees,mOnnum bIs,mŏnnum bīs,mon̪n̪um biːs̪,Inhabit,குடிகொள்,Compound-Verbs,words
ꢒꢵꢦ꣄ ꢬꢴꢮꢵꢜ꣄,काप र्हवाट,காப் ர:வாட்,kaap rhavaat',kAp rhavAT,kāp rhavāṭ,kɑːp ɾɦəʋɑːʈ,Form a settlement,குடியமர்த்து,Compound-Verbs,words
ꢮꢵꢱꢱ꣄ꢢꢭꣁ ꢥꢶꢬ꣄ꢠꢫꣁ ꢒꢿꢬ꣄,वासस्थला॑ निर्णया॑ केर,வாஸஸ்த2லொ நிர்ணயொ கேர்,vaasasthalo' nirnayo' ker,vAsasthalO nirNayO ker,vāsasthalŏ nirṇayŏ ker,ʋɑːs̪əs̪t̪ʰəlo n̪ɪɾɳəjo keːɾ,Form a settlement,குடியமர்த்து,Compound-Verbs,words
ꢮꢵꢱ꣄ꢒꢿꢬ꣄,वास्केर,வாஸ்கேர்,vaasker,vAsker,vāsker,ʋɑːs̪keːɾ,inhabit,குடியிரு,Compound-Verbs,words
ꢮꢵꢱ꣄ ꢒꢾꢬꢵꢜ꣄,वास क॑राट,வாஸ் கெராட்,vaas ke'raat',vAs kErAT,vās kĕrāṭ,ʋɑːs̪ keɾɑːʈ,populate,குடியேற்று,Compound-Verbs,words
ꢮꢵꢱ꣄ ꢲꣁ,वास हो,வாஸ் ஹோ,vaas ho',vAs hO,vās hŏ,ʋɑːs̪ ɦo,migrate,குடியேறு,Compound-Verbs,words
ꢒꢵꢦ꣄ ꢙꢵ,काप जा,காப் ஜா,kaap jaa,kAp jA,kāp jā,kɑːp d͡ʒɑː,migrate,குடியேறு,Compound-Verbs,words
ꢨꢬꣁ ꢒꢿꢬ꣄,बरा॑ केर,ப3ரொ கேர்,baro' ker,barO ker,barŏ ker,bəɾo keːɾ,heal,குணப்படுத்து,Compound-Verbs,words
ꢦꢵꢄ ꢱꢦꣂꢜ꣄,पाइ~ पोट,பாஇ~போட்,paai sapot',pAi sapoT,pāi sapoṭ,pɑːɪ s̪əpoːʈ,worship,கும்பிடு,Compound-Verbs,words
ꢭꢸꢪ꣄ꢦ꣄ꢭꣁ ꢲꣁ,लुम्प्ला॑ हो,லும்ப்லொஹோ,lumplo' ho',lumplO hO,lumplŏ hŏ,lumplo ɦo,be confused,குழப்பமடை,Compound-Verbs,words
ꢭꢸꢪ꣄ꢦ꣄ꢭꣁꢒꢿꢬ꣄,लुम्प्ला॑केर,லும்ப்லொ கேர்,lumplo'ker,lumplOker,lumplŏker,lumplokeːɾ,"embarrass, confuse",குழப்பமூட்டு,Compound-Verbs,words
ꢦꣁꢭ꣄ꢭꢪ꣄ ꢒꣁꢮ꣄ꢬꢶ,पा॑ल्लम्का॑व्रि,பொல்லம்கொவ்ரி,po'llam ko'vri,pOllam kOvri,pŏllam kŏvri,polləm koʋɾɪ,defraud,குழிபறி,Compound-Verbs,words
ꢲꢹꢥ꣄ꢭꢔꢳ꣄ꢳꢿ,हून्लगळ्ळे,ஹூன்லக3ள்ளே,hoonlagal'l'e,hUnlagaLLe,hūnlagal̤l̤e,ɦuːn̪ləgəɭɭeː,bask,குளிர்காய்,Compound-Verbs,words
ꢲꢷꢪ꣄ ꢙꢮꢞ꣄ꢳꢿ,हीम जव्ड्ळे,ஹீம் ஜவட்3ளே,heem javad'l'e,hIm javaDLe,hīm javaḍl̤e,ɦiːm d͡ʒəʋəɖɭeː,bask,குளிர்காய்,Compound-Verbs,words
ꢗꢹꢒ꣄ ꢱꢖ꣄ꢔꢶ,चूक सङ्गि,சூக் ஸங்கி3,chook sangi,cUk saGgi,cūk saṅgi,t͡ʃuːk s̪əŋgɪ,accuse,குற்றம்கூறு,Compound-Verbs,words
ꢗꢹꢒ꣄ ꢒꢿꢬ꣄,चूक केर,சூக் கேர்,chook ker,cUk ker,cūk ker,t͡ʃuːk keːɾ,do a mistake,குற்றம்புரி,Compound-Verbs,words
ꢦꣁꢱ꣄ꢪꢾ ꢱꢖ꣄ꢔꢶ,पा॑स्म॑ सङ्गि,பொஸ்மெ ஸங்கி3,po'sme' sangi,pOsmE saGgi,pŏsmĕ saṅgi,pos̪me s̪əŋgɪ,foretell,குறிசொல்,Compound-Verbs,words
ꢲꢾꢞꢶ ꢱꢖ꣄ꢔꢶ,ह॑डि सङ्गि,ஹெடி3ஸங்கி3,he'd'i sangi,hEDi saGgi,hĕḍi saṅgi,ɦeɖɪ s̪əŋgɪ,"denote, mention",குறிப்பிடு,Compound-Verbs,words
ꢗꢶꢥ꣄ꢲꢸ ꢕꢵꢭ꣄,चिनहु घाल,சின்ஹு கா4ல்,chinhu ghaal,cinhu ghAl,cinhu ghāl,t͡ʃɪn̪ɦu gʰɑːl,mark,குறியிடு,Compound-Verbs,words
ꢭꢾꢒ꣄ꢒꢸ ꢢꣂꢮ꣄,ल॑क्कु थोव,லெக்கு தோ2வ்,le'kku thov,lEkku thov,lĕkku thov,lekku t̪ʰoːʋ,aim at,குறிவை,Compound-Verbs,words
ꢤ꣄ꢫꢿꢫꢸ ꢢꣁꢮ꣄ꢭꢿ,ध्येयु था॑व्ले,த்4யேயு தொ2வ்லே,dhyeyu tho'vle,dhyeyu thOvle,dhyeyu thŏvle,d̪ʰjeːju t̪ʰoʋleː,aim at,குறிவை,Compound-Verbs,words
ꢭꢵꢙ꣄ꢭꢔꢳ꣄ꢳꢿ,लाज्ल गळ्ळे,லாஜ்ல க3ள்ளே,laajlagal'l'e,lAjlagaLLe,lājlagal̤l̤e,lɑːd͡ʒləgəɭɭeː,feel shy,கூச்சப்படு,Compound-Verbs,words
ꢬꢾꢗ꣄ꢗꣁ ꢪꢵꢜ꣄,र॑च्चा॑ माट,ரெச்சொமாட்,re'chcho' maat',rEccO mAT,rĕccŏ māṭ,ɾet͡ʃt͡ʃo mɑːʈ,shout,கூச்சலிடு,Compound-Verbs,words
ꢪꢸꢔꢵꢪ꣄ ꢡꢵꢫ꣄,मुगाम्ताय्,முகா3ம்தாய்,mugaam taay,mugAm tAy,mugām tāy,mugɑːm t̪ɑːj,camp,கூடாரமடி,Compound-Verbs,words
ꢮꢿꢥ꣄ꢒꢿꢬ꣄,वेन्केर्,வேன் கேர்,venker,venker,venker,ʋeːn̪keːɾ,enhance,கூடுதலாக்கு,Compound-Verbs,words
ꢬꢸꢣ꣄ꢬꢡꢵꢠ꣄ꢜꢮ꣄ ꢓꢵꢳ꣄,रुद्रताण्टव खाळ,ருத்3ரதாண்ட3வ் கா2ள்,rudrataant'av khaal',rudratANTav khAL,rudratāṇṭav khāl̤,ɾud̪ɾət̪ɑːɳʈəʋ kʰɑːɭ,dance in anger,கூத்தாடு,Compound-Verbs,words
ꢗꢹꢔ꣄ ꢕꢵꢭ꣄,कूग घाल,கூக்3கா4ல்,choog ghaal,cUg ghAl,cūg ghāl,t͡ʃuːg gʰɑːl,shout,கூப்பாடுபோடு,Compound-Verbs,words
ꢒꢾꢛ꣄ꢙꢶꢪꢵꢫ꣄,क॑ञ्जिमाय्,கெஞ்ஜிமாய்,ke'njimaay,kEJjimAy,kĕñjimāy,keɲd͡ʒɪmɑːj,entreat,கெஞ்சிக்கேள்,Compound-Verbs,words
ꢓꢾꢭ꣄ꢭꢭ꣄ꢒꢿꢬ꣄,ख॑ल्लल्केर्,கெ2ல்லல்கேர்,khe'llalker,khEllalker,khĕllalker,kʰelləlkeːɾ,jest,கேலி செய்,Compound-Verbs,words
ꢂꢮ꣄ꢪꢵꢥ꣄ ꢦꣂꢜ꣄,अव्मान्पोट्,அவ்மான்போட்,avmaan pot',avmAn poT,avmān poṭ,əʋmɑːn̪ poːʈ,be mocked,கேவலப்படு,Compound-Verbs,words
ꢎꢒꢶꢥ ꢶꢦꣂꢜ꣄,ऐकिनि पोट्,ஐகினி போட்,aikina ipot',aikina ipoT,aikina ipoṭ,əɪkɪn̪ə ɪpoːʈ,have heard of,கேள்விப்படு,Compound-Verbs,words
ꢲꢵꢡꢸꢪ꣄ ꢓꢳ꣄ꢳꢾ,हातुम्खळ्ळे,ஹாதும் க2ள்ளே,haatum khal'l'e',hAtum khaLLE,hātum khal̤l̤ĕ,ɦɑːt̪um kʰəɭɭe,take in hand,கைக்கொள்,Compound-Verbs,words
ꢲꢵꢡ꣄ ꢲꢭ꣄ꢮꢶ,हात हल्वि,ஹாத் ஹல்வி,haat halvi,hAt halvi,hāt halvi,ɦɑːt̪ ɦəlʋɪ,shake hand,கைக்குலுக்கு,Compound-Verbs,words
ꢣꢷꢲꢵꢡ꣄ ꢗꢾꢬ꣄ꢗꢶꢭꢶ ꢂꢛ꣄ꢙꢭꢶ ꢒꢿꢬ꣄,दीहात च॑र्चिलि अञ्जलि केर,தீ3ஹாத்செர்சிலி அஞ்ஜலி கேர்,deehaat che'rchili anjali ker,dIhAt cErcili aJjali ker,dīhāt cĕrcili añjali ker,d̪iːɦɑːt̪ t͡ʃeɾt͡ʃɪlɪ əɲd͡ʒəlɪ keːɾ,greet,கைகுவி,Compound-Verbs,words
ꢱꢶꢣ꣄ꢤꢶ ꢲꣂ,सिद्धि हो,ஸித்3தி4 ஹோ,siddhi ho,siddhi ho,siddhi ho,s̪ɪd̪d̪ʰɪ ɦoː,to be fulfilled,கைகூடு,Compound-Verbs,words
ꢲꢵꢡ꣄ ꢡꢾꢜ꣄ꢜꢶ,हात्त॑ट्टि,ஹாத்தெட்டி,haat te't't'i,hAt tETTi,hāt tĕṭṭi,ɦɑːt̪ t̪eʈʈɪ,clap,கைகொட்டு,Compound-Verbs,words
ꢒꣀꢣꢸꢒꢾꢬ꣄,कैदुकेर,கைது3கேர்,kaiduke'r,kaidukEr,kaidukĕr,kəɪd̪ukeɾ,arrest,கைது செய்,Compound-Verbs,words
ꢨꢥ꣄ꢣꢶ ꢒꢿꢬ꣄,बन्दिकेर,ப3ந்தி3 கேர்,bandi ker,bandi ker,bandi ker,bən̪d̪ɪ keːɾ,arrest,கைது செய்,Compound-Verbs,words
ꢦꢵꢠꢶꢔ꣄ꢬꢲꢥꣁ ꢒꢾꢬ꣄ꢭꢿ,पाणिगरहना॑ क॑र्ले,பாணிக்3ரஹனொ கெர்லே,paanigrahano' ke'rle,pANigrahanO kErle,pāṇigrahanŏ kĕrle,pɑːɳɪgɾəɦən̪o keɾleː,marry,கைப்பற்று,Compound-Verbs,words
ꢲꣁꢬꢵꢜ꣄ ꢒꢾꢬ꣄ꢭꢿ,हा॑राट क॑र्ले,ஹொராட் கெர்லே,ho'raat' ke'rle,hOrAT kErle,hŏrāṭ kĕrle,ɦoɾɑːʈ keɾleː,marry,கைப்பற்று,Compound-Verbs,words
ꢲꢵꢡ꣄ ꢢꣂꢮ꣄,हात्थोव्,ஹாத்தோ2வ்,haat thov,hAt thov,hāt thov,ɦɑːt̪ t̪ʰoːʋ,misappropriate,கையாடு,Compound-Verbs,words
ꢗꢭ꣄ꢡꣁ ꢒꢿꢬ꣄,चल्त्ता॑ केर,சல்தொ கேர்,chalto' ker,caltO ker,caltŏ ker,t͡ʃəlt̪o keːɾ,handle,கையாள்,Compound-Verbs,words
ꢱꣁꢞ꣄ꢞꢶ ꢙꢵ,सा॑ड्डिजा,ஸொட்3டி3ஜா,so'd'd'i jaa,sODDi jA,sŏḍḍi jā,s̪oɖɖɪ d͡ʒɑː,leave,கைவிடு,Compound-Verbs,words
ꢤꣁꢪ꣄ꢨꢸꢭꢵꢫ꣄ ꢡꢿ,धा॑म्बुलाय्द॑,தொ4ம்பு3ளாய்தே3,dho'mbulaay te,dhOmbulAy te,dhŏmbulāy te,d̪ʰombulɑːj t̪eː,yawn,கொட்டாவிவிடு,Compound-Verbs,words
ꢣꢸꢬꢵꢗꢬꢠꣁ ꢒꢿꢬ꣄,दुराचरणा॑ केर,து3ராசரணொ கேர்,duraacharano' ker,durAcaraNO ker,durācaraṇŏ ker,d̪uɾɑːt͡ʃəɾəɳo keːɾ,ill treat,கொடுமைப்படுத்து,Compound-Verbs,words
ꢲꢶꢪ꣄ꢱꣁ ꢒꢿꢬ꣄,हिम्सा॑ केर,ஹிம்ஸொ கேர்,himso' ker,himsO ker,himsŏ ker,ɦɪms̪o keːɾ,ill treat,கொடுமைப்படுத்து,Compound-Verbs,words
ꢬꢾꢔꢡ꣄ ꢓꢾꢞ꣄,र॑गत खेड,ரெக3த்கே2ட்3,re'gat khe'd',rEgat khED,rĕgat khĕḍ,ɾegət̪ kʰeɖ,boil,கொதிப்புறு,Compound-Verbs,words
ꢙꢷꢮ꣄ ꢣꢹꢱ꣄,जिव्दूस्,ஜீவ் தூ3ஸ்,jeev doos,jIv dUs,jīv dūs,d͡ʒiːʋ d̪uːs̪,murder,கொலை செய்,Compound-Verbs,words
ꢭꢹꢜ꣄ꢪꢵꢬ꣄ ꢒꢿꢬ꣄,लूट्मार केर,லூட்மார் கேர்,loot'maar ker,lUTmAr ker,lūṭmār ker,luːʈmɑːɾ keːɾ,Rob/ plunder,கொள்ளையடி,Compound-Verbs,words
ꢱꢹꢜ꣄ ꢲꢵꢥ꣄,सूट हान,ஸூட் ஹான்,soot' haan,sUT hAn,sūṭ hān,s̪uːʈ ɦɑːn̪,Rob/ plunder,கொள்ளையடி,Compound-Verbs,words
ꢕꢾꢥꢪ꣄ ꢦꣁꢥ꣄ꢣꢶ,घ॑नम पा॑न्दि,கெ4னம் பொந்தி3,ghe'nam po'ndi,ghEnam pOndi,ghĕnam pŏndi,gʰen̪əm pon̪d̪ɪ,have prestige,கௌரவம்கொள்,Compound-Verbs,words
ꢱꢜ꣄ꢜꢪ꣄ ꢡꢵ,सट्टाम्ताय्,ஸட்டம்தாய்,sat't'am taa,saTTam tA,saṭṭam tā,s̪əʈʈəm t̪ɑː,enframe,சட்டம்போடு,Compound-Verbs,words
ꢚꢾꢞꣁ ꢪꢭ꣄ꢭꢿ,झ॑डा॑ मल्ले,ஜெ2டொ3 மல்லே,jhe'd'o' malle,jhEDO malle,jhĕḍŏ malle,d͡ʒʰeɖo məlleː,quarrel,சண்டையிடு,Compound-Verbs,words
ꢔꢹꢟꣁ ꢒꢿꢬ꣄,गूढा॑ केर्,கூ3டொ4 கேர்,good'ho' ker,gUDhO ker,gūḍhŏ ker,guːɖʰo keːɾ,Plot against,சதி செய்,Compound-Verbs,words
ꢱꢡꢶ ꢒꢿꢬ꣄,सति केर,ஸதி கேர்,sati ker,sati ker,sati ker,s̪ət̪ɪ keːɾ,Plot against,சதி செய்,Compound-Verbs,words
ꢱꣁꢥ꣄ꢡꣂꢰ꣄ ꢦꣂꢜ꣄,सोन्तोष पा॑ट,ஸொந்தோஷ் போட்,so'ntosh pot',sOntoS poT,sŏntoṣ poṭ,s̪on̪t̪oːʂ poːʈ,enjoy,சந்தோஷப்படு,Compound-Verbs,words
ꢱꢪꣁ ꢒꢿꢬ꣄,समा॑ केर,ஸமொகேர்,samo' ker,samO ker,samŏ ker,s̪əmo keːɾ,equalize,சமமாக்கு,Compound-Verbs,words
ꢱꢪꢤꢵꢥ꣄ ꢒꢿꢬ꣄,समधान केर,ஸமதா4ன் கேர்,samadhaan ker,samadhAn ker,samadhān ker,s̪əməd̪ʰɑːn̪ keːɾ,compromise,சமாதானப்படுத்து,Compound-Verbs,words
ꢱꢬꢠꢵꢔꢣꢶꢦꣁꢥ꣄ꢣꢶ,सरणागतिपा॑न्दि,ஸரணாக3திபொந்தி3,saranaagadipo'ndi,saraNAgadipOndi,saraṇāgadipŏndi,s̪əɾəɳɑːgəd̪ɪpon̪d̪ɪ,surrender,சரணடை,Compound-Verbs,words
ꢭꢾꢒ꣄ꢒ ꢱꣁꢬ꣄ꢒ꣄ꢒꣁ ꢒꢿꢬ꣄,ल्ह॑क्कस॑र्क्का॑ केर्,லெ:க்கஸெர்கொ கேர்,le'kka so'rkko' ker,lEkka sOrkkO ker,lĕkka sŏrkkŏ ker,lekkə s̪oɾkko keːɾ,tally,சரிக்கட்டு,Compound-Verbs,words
ꢱꢾꢬ꣄ꢒ꣄ꢒ ꢒꢿꢬ꣄,स॑र्क्क केर्,ஸெர்ககேர்,se'rkka ker,sErkka ker,sĕrkka ker,s̪eɾkkə keːɾ,make correction,சரிப்படுத்து,Compound-Verbs,words
ꢗꢾꢭ꣄ꢮꣁ ꢒꢿꢬ꣄,च॑ल्वा॑ केर्,செல்வொகேர்,che'lvo' ker,cElvO ker,cĕlvŏ ker,t͡ʃelʋo keːɾ,wash,சலவை செய்,Compound-Verbs,words
ꢪꣁꢬ꣄ꢔ꣄ꢫꢵꢡ꣄ ꢒꢳꢵꢜ꣄,मोर्ग्यात कळाट,மொர்க்3யாத் களாட்,mo'rgyaat kal'aat',mOrgyAt kaLAT,mŏrgyāt kal̤āṭ,moɾgjɑːt̪ kəɭɑːʈ,Greet/ salute,சலாமிடு,Compound-Verbs,words
ꢱꢾꢭ꣄ꢒꢾ ꢣꢾꢒ꣄ꢒꢵꢜ꣄,स॑ल्क॑ देक्काट्,ஸெல்கெ தெ3க்காட்,se'lke' de'kkaat',sElkE dEkkAT,sĕlkĕ dĕkkāṭ,s̪elke d̪ekkɑːʈ,give concession,சலுகைகாட்டு,Compound-Verbs,words
ꢦꢾꢫꢶꢬ꣄ ꢙꢸꢥ꣄ꢥꢶ,प॑यिर जुन्नि,பெயிர் ஜுன்னி,pe'yir junni,pEyir junni,pĕyir junni,pejɪɾ d͡ʒun̪n̪ɪ,to cultivate,சாகுபடி செய்,Compound-Verbs,words
ꢦ꣄ꢬꢪꢵꢠ ꣄ꢣꢾ,प्रमाण्दे,ப்ரமாண்தே3,pramaana de',pramANa dE,pramāṇa dĕ,pɾəmɑːɳə d̪e,certify,சான்றளி,Compound-Verbs,words
ꢦ꣄ꢬꢪꢵꢠ꣄ ꢒꢿꢬ꣄,प्रमाण केर,ப்ரமாண் கேர்,pramaan ker,pramAN ker,pramāṇ ker,pɾəmɑːɳ keːɾ,certify,சான்றளி,Compound-Verbs,words
ꢨꢸꢱ꣄ꢒꣁ ꢒꢿꢬ꣄,बुस्का॑ केर्,பு3ஸ்கொகேர்,busko' ker,buskO ker,buskŏ ker,bus̪ko keːɾ,entangle,சிக்கலாக்கு,Compound-Verbs,words
ꢱꢪ꣄ꢜꢵꢜ꣄,सम्टाट्,ஸம்டாட்,samt'aat',samTAT,samṭāṭ,s̪əmʈɑːʈ,embrangle,சிக்கவை,Compound-Verbs,words
ꢱꢾꢜ꣄ꢜꢸꢒꢥ꣄ ꢬꢴꢵ,स॑ट्टुकन र्हा:,ஸொட்டுகன் ரா:,se't't'ukan rhaa,sETTukan rhA,sĕṭṭukan rhā,s̪eʈʈukən̪ ɾɦɑː,economize,சிக்கனைமாயிரு,Compound-Verbs,words
ꢮꢿꢥ꣄ ꢱꢶꢳ꣄ꢳ ꢦꣂꢜ꣄,वेन्सिळ्ळ पोट्,வேன்ஸிள்ளபோட்,ven sil'l'a pot',ven siLLa poT,ven sil̤l̤a poṭ,ʋeːn̪ s̪ɪɭɭə poːʈ,be chill,சில்லிடு,Compound-Verbs,words
ꢓ꣄ꢫꢵꢡꢶ ꢦꣁꢥ꣄ꢣꢶ,ख्याति पा॑न्दि,க்2யாதிபொந்தி3,khyaati po'ndi,khyAti pOndi,khyāti pŏndi,kʰjɑːt̪ɪ pon̪d̪ɪ,get fame,சிறப்புறு,Compound-Verbs,words
ꢪꢸꢡ꣄ꢡꢶ,मुत्ति,முத்தி,mutti,mutti,mutti,mut̪t̪ɪ,pass urine,சிறுநீர்கழி,Compound-Verbs,words
ꢂꢭꢖ꣄ꢔꣂꢭꢪ꣄ ꢒꢿꢬ꣄,अलङ्गोलम केर,அலங்கோ3லம் கேர்,alangolam ker,alaGgolam ker,alaṅgolam ker,ələŋgoːləm keːɾ,disorder,சீர்குலை,Compound-Verbs,words
ꢔꢸꢠ꣄ꢠꢸ ꢥꢴꢷꢡ꣄ꢡꣁ ꢬꢵ,गुण्णु न्हीत्तो रा,கு3ண்ணு நீ:த்தொ ரா:,gunnu nheetto' raa,guNNu nhIttO rA,guṇṇu nhīttŏ rā,guɳɳu n̪ɦiːt̪t̪o ɾɑː,degenerate,சீர்கெடு,Compound-Verbs,words
ꢱꢹꢤꢵꢬ꣄ ꢒꢾꢬ꣄,सुधार्केर्,ஸுதா4ர்கேர்,soodhaar ke'r,sUdhAr kEr,sūdhār kĕr,s̪uːd̪ʰɑːɾ keɾ,reform,சீர்திருத்து,Compound-Verbs,words
ꢥꢶꢫꢪꣁ ꢥꢵꢯ꣄,नियमा॑ नाश,நியமொ நாஶ்,niyamo' naash,niyamO nAz,niyamŏ nāś,n̪ɪjəmo n̪ɑːʃ,Make disorder / degenerate,சீரழி,Compound-Verbs,words
ꢪꢶꢜ꣄ꢜꢶ ꢱꣂꢜ꣄,मिट्टिसोट्,மிட்டிஸோட்,mit't'i sot',miTTi soT,miṭṭi soṭ,mɪʈʈɪ s̪oːʈ,flip,சுண்டிவிடு,Compound-Verbs,words
ꢗꢸꢜ꣄ꢜꢸ ꢡꢒꢶ ꢤꢿꢬ꣄,चुट्टु तकि धेर्,சுட்டு தகி3 தே4ர்,chut't'u taki dher,cuTTu taki dher,cuṭṭu taki dher,t͡ʃuʈʈu t̪əkɪ d̪ʰeːɾ,Besiege,சுற்றிவளை,Compound-Verbs,words
ꢲꢸꢥ꣄ꢥ ꢒꢿꢬ꣄,हुन्न केर्,ஹுன்னொகேர்,hunna ker,hunna ker,hunna ker,ɦun̪n̪ə keːɾ,Heatup,சூடாக்கு,Compound-Verbs,words
ꢲꢸꢥ꣄ꢥ ꢲꣁ,हुन्नहो,ஹுன்னொ ஹோ,hunna ho',hunna hO,hunna hŏ,ɦun̪n̪ə ɦo,become hot,சூடேறு,Compound-Verbs,words
ꢲꢸꢦꢵꢮ꣄ꢒꢿꢬ꣄,हुपाव्केर,ஹுபாவ்கேர்,hupaavker,hupAvker,hupāvker,ɦupɑːʋkeːɾ,intrigue,சூழ்ச்சி செய்,Compound-Verbs,words
ꢱꢞ꣄ꢫꢥ꣄ꢡ꣄ꢬꢸ ꢒꢿꢬ꣄,सड्यन्त्रु केर,ஸட்3யந்த்ரு கேர்,sad'yantru ker,saDyantru ker,saḍyantru ker,s̪əɖjən̪t̪ɾu keːɾ,intrigue,சூழ்ச்சி செய்,Compound-Verbs,words
ꢱꢹꢬꢾ ꢡꢵꢫ꣄,सुरेताय्,ஸூரெதாய்,soore' taay,sUrE tAy,sūrĕ tāy,s̪uːɾe t̪ɑːj,forage,சூறையாடு,Compound-Verbs,words
ꢪꢬꢵꢪꢡ꣄ꢡꢸ ꢒꢿꢬ꣄,मरामत्तु केर,மராமத்துகேர்,maraamattu ker,marAmattu ker,marāmattu ker,məɾɑːmət̪t̪u keːɾ,repair,செப்பமிடு,Compound-Verbs,words
ꢥꢮꢷꢒꢬꢠꣁ ꢒꢿꢬ꣄,नवीकरणा॑ केर,நவீகரணொ கேர்,naveekarano' ker,navIkaraNO ker,navīkaraṇŏ ker,n̪əʋiːkəɾəɳo keːɾ,repair,செப்பமிடு,Compound-Verbs,words
ꢱꢾꢬ꣄ꢒ ꢒꢿꢬ꣄,स॑र्क केर,ஸெர்க கேர்,se'rka ker,sErka ker,sĕrka ker,s̪eɾkə keːɾ,mend,செப்பனிடு,Compound-Verbs,words
ꢒꢵꢪꢸꢪ꣄ ꢲꢸꢡ꣄ꢡꢶꢬ꣄,कामुम हुत्तिर,காமும் ஹுத்திர்,kaamum huttir,kAmum huttir,kāmum huttir,kɑːmum ɦut̪t̪ɪɾ,act,செயல்படு,Compound-Verbs,words
ꢒꢵꢪꢸꢪ꣄ ꢭꢵꢔ꣄,कामुम लाग,காமும் லாக்3,kaamum laag,kAmum lAg,kāmum lāg,kɑːmum lɑːg,act,செயல்படு,Compound-Verbs,words
ꢮꢵꢣꢪꢸꢪ꣄ ꢦꣁꢞꢜ꣄,वादमुम पा॑डट,வாத3மும் பொடா3ட்,vaadamum po'd'at',vAdamum pODaT,vādamum pŏḍaṭ,ʋɑːd̪əmum poɖəʈ,paralyse,செயலறச்செய்,Compound-Verbs,words
ꢗꢭ꣄ꢡ ꢒꢿꢬ꣄,चल्त केर्,சல்தகேர்,chalta ker,calta ker,calta ker,t͡ʃəlt̪ə keːɾ,implement,செயற்படுத்து,Compound-Verbs,words
ꢦ꣄ꢬꢩꢵꢮ꣄ ꢥꢴꢷꢡ꣄ꢡ ꢲꣁ,प्रभाव न्हीत्त हो,ப்ரபா4வ் நீ:த்த ஹோ,prabhaav nheetta ho',prabhAv nhItta hO,prabhāv nhītta hŏ,pɾəbʰɑːʋ n̪ɦiːt̪t̪ə ɦo,lose influence,செல்வாக்கு இழ,Compound-Verbs,words
ꢦ꣄ꢬꢩꢵꢮ꣄ ꢙꢮꢞ꣄ꢳꢾ,प्रभाव जवळे,ப்ரபா4வ் ஜவட்3ளே,prabhaav javad'l'e',prabhAv javaDLE,prabhāv javaḍl̤ĕ,pɾəbʰɑːʋ d͡ʒəʋəɖɭe,lose influence,செல்வாக்கு இழ,Compound-Verbs,words
ꢱꣀꢒꢥꣁ ꢒꢿꢬ꣄,सैकना॑ केर,ஸைகனொ கேர்,saikano' ker,saikanO ker,saikanŏ ker,s̪əɪkən̪o keːɾ,give signal,சைசகைக் காட்டு,Compound-Verbs,words
ꢩꢵꢰꢠꣁ ꢒꢿꢬ꣄,भाषणा॑ केर,பா4ஷணொகேர்,bhaashano' ker,bhASaNO ker,bhāṣaṇŏ ker,bʰɑːʂəɳo keːɾ,give talk/lecture,சொற்பொழிவாற்று,Compound-Verbs,words
ꢱꣂꢤꢥꣁ ꢒꢿꢬ꣄,सोधना॑ केर,ஸோத4னொகேர்,sodhano' ker,sodhanO ker,sodhanŏ ker,s̪oːd̪ʰən̪o keːɾ,test,சோதனை செய்,Compound-Verbs,words
ꢭꣂꢭ꣄ ꢦꣁꢞꢶ ꢲꢶꢠ꣄ꢞꢶ,लोल्पा॑डि हिण्डि,லோல் பொடி3 ஹிண்டி3,lol po'd'i hind'i,lol pODi hiNDi,lol pŏḍi hiṇḍi,loːl poɖɪ ɦɪɳɖɪ,loiter,சோம்பித்திரி,Compound-Verbs,words
ꢯꢷꢥ꣄ ꢦꣁꢥ꣄ꢣꢶ,शीन पा॑न्दि,ஶீன் பொந்தி3,sheen po'ndi,zIn pOndi,śīn pŏndi,ʃiːn̪ pon̪d̪ɪ,get tired,சோர்வடை,Compound-Verbs,words
ꢒꢬ꣄ꢡꢮ꣄ ꢱꣂꢜ꣄,कर्तव सोट,கர்தவ் ஸோட்,kartav sot',kartav soT,kartav soṭ,kəɾt̪əʋ s̪oːʈ,shirk,தட்டிக்கழி,Compound-Verbs,words
ꢱꢪꢣꢭꢪ꣄ ꢒꢿꢬ꣄,समदलम केर,ஸமத3ளம் கேர்,samadalam ker,samadalam ker,samadalam ker,s̪əməd̪ələm keːɾ,flatten,தட்டையாக்கு,Compound-Verbs,words
ꢡꢾꢜ꣄ꢜꢸ ꢒꢶꢜ꣄ꢜꢶ ꢙꢵ,तेट्टु किट्टि जा,தெட்டுகிட்டி ஜா,te't't'u kit't'i jaa,tETTu kiTTi jA,tĕṭṭu kiṭṭi jā,t̪eʈʈu kɪʈʈɪ d͡ʒɑː,falter,தடுமாறு,Compound-Verbs,words
ꢥꢶꢬꣂꢤ꣄ ꢒꢿꢬ꣄,निरोध केर,நிரோத்4 கேர்,nirodh ker,nirodh ker,nirodh ker,n̪ɪɾoːd̪ʰ keːɾ,impede,தடை செய்,Compound-Verbs,words
ꢣꢠ꣄ꢜꢥꣁ ꢒꢿꢬ꣄,दण्टना॑ केर,த3ண்டனொ கேர்,dant'ano' ker,daNTanO ker,daṇṭanŏ ker,d̪əɳʈən̪o keːɾ,punish,தண்டனைவிதி,Compound-Verbs,words
ꢭꢴꢾꢒ꣄ꢒꣁ ꢱꢾꢬ꣄ꢒꣁ ꢱꢵ,ल्ह॑क्का॑ स॑र्का॑ सा,லெ:க்கொ ஸெர்கொ ஸா,lhe'kko' se'rko' saa,lhEkkO sErkO sA,lhĕkkŏ sĕrkŏ sā,lɦekko s̪eɾko s̪ɑː,audit,தணிக்கை செய்,Compound-Verbs,words
ꢡꣁꢪ꣄ꢗꢶ ꢙꢵꢱ꣄ꢡꢶꢱꣁ ꢒꢿꢬ꣄,ता॑म्चि जास्तिसा॑ केर,தொம்சி ஜாஸ்திஸொ கேர்,to'mchi jaastiso' ker,tOmci jAstisO ker,tŏmci jāstisŏ ker,t̪omt͡ʃɪ d͡ʒɑːs̪t̪ɪs̪o keːɾ,Let escape,தப்பவிடு,Compound-Verbs,words
ꢡꣁꢪ꣄ꢗꢶ ꢙꢵ,ता॑म्चि जा,தொம்சி ஜா,to'mchi jaa,tOmci jA,tŏmci jā,t̪omt͡ʃɪ d͡ʒɑː,escape,தப்பிச்செல்,Compound-Verbs,words
ꢦꢱ꣄ꢡꣁꢒ꣄ꢒꢶ ꢲꢶꢨ꣄ꢨꢶ,पस्ता॑क्कि हिब्बि,பஸ்தொக்கி ஹிப்3பி3,pasto'kki hibbi,pastOkki hibbi,pastŏkki hibbi,pəs̪t̪okkɪ ɦɪbbɪ,linger,தயங்கிநில்,Compound-Verbs,words
ꢱ꣄ꢡꢬꣁ ꢥꢶꢬ꣄ꢠꢫꣁ ꢒꢿꢬ꣄,स्तरा॑ निर्णया॑ केर,ஸ்தரொ நிர்ணயொ கேர்,staro' nirnayo' ker,starO nirNayO ker,starŏ nirṇayŏ ker,s̪t̪əɾo n̪ɪɾɳəjo keːɾ,standardise,தரப்படுத்து,Compound-Verbs,words
ꢭꢸꢒ꣄ꢒꢶ ꢬꢴꢵ,लुक्कि र्हा,லுக்கி ரா:,lukki rhaa,lukki rhA,lukki rhā,lukkɪ ɾɦɑː,abscond,தலைமறைவாகு,Compound-Verbs,words
ꢂꢔ꣄ꢬꢵꢱꢥꣁ ꢓꢳ꣄ꢳꢿ,अग्रासना॑ खळ्ळे,அக்3ராஸனொ க2ள்ளே,agraasano' khal'l'e,agrAsanO khaLLe,agrāsanŏ khal̤l̤e,əgɾɑːs̪ən̪o kʰəɭɭeː,preside,தலைமைதாங்கு,Compound-Verbs,words
ꢂꢔ꣄ꢬꢦꢥ꣄ ꢮꢮꢶꢭꢿ,अग्रपन वविले,அக்3ரபன் வவிலே,agrapan vavile,agrapan vavile,agrapan vavile,əgɾəpən̪ ʋəʋɪleː,preside,தலைமைவகி,Compound-Verbs,words
ꢣꣁꢱ꣄ꢒꣁ ꢲꢭ꣄ꢮꢶ,दा॑स्का॑ हल्वि,தொ3ஸ்கொ ஹல்வி,do'sko' halvi,dOskO halvi,dŏskŏ halvi,d̪os̪ko ɦəlʋɪ,nod,தலையசை,Compound-Verbs,words
ꢣꣁꢱ꣄ꢒꣁ ꢣꢿ,दा॑स्का॑ दे,தொ3ஸ்கொ தே3,do'sko' de,dOskO de,dŏskŏ de,d̪os̪ko d̪eː,interfere,தலையீடு,Compound-Verbs,words
ꢣꣁꢱ꣄ꢒꣁ ꢥꢪ꣄ꢭꢿ,दा॑स्का॑ नम्ले,தொ3ஸ்கொநம்லே,do'sko' namle,dOskO namle,dŏskŏ namle,d̪os̪ko n̪əmleː,bow head,தலைவணங்கு,Compound-Verbs,words
ꢒꢸꢠ꣄ꢜꢸ ꢒꢿꢬ꣄,कुण्टु केर्,குண்டுகேர்,kunt'u ker,kuNTu ker,kuṇṭu ker,kuɳʈu keːɾ,do mistake,தவறிழை,Compound-Verbs,words
ꢣꣁꢨ꣄ꢦꢶ ꢢꣂꢮ꣄,दोब्बि थोव,தொ3ப்3பி3தோ2வ்,do'bpi thov,dObpi thov,dŏbpi thov,d̪obpɪ t̪ʰoːʋ,postpone,தள்ளிவை,Compound-Verbs,words
ꢦꢾꢡ꣄ꢡꢾ ꢒꢿꢬ꣄,पेत्ते केर,பெத்தெ கேர்,pe'tte' ker,pEttE ker,pĕttĕ ker,pet̪t̪e keːɾ,alienate,தனிப்படுத்து,Compound-Verbs,words
ꢱ꣄ꢬꢪꣁ ꢱꢾꢒꢶꢭꢿ,स्रमा॑ स॑किले,ஸ்ரமொ ஸெகிலே,sramo' se'kile,sramO sEkile,sramŏ sĕkile,s̪ɾəmo s̪ekɪleː,manage,தாக்குப்பிடி,Compound-Verbs,words
ꢓꢷꢳ꣄ ꢡꢵꢫ꣄,खीळय्,கீ2ள்தாய்,kheel' taay,khIL tAy,khīl̤ tāy,kʰiːɭ t̪ɑːj,close,தாழிடு,Compound-Verbs,words
ꢲꢸꢨ꣄ꢨꢱ꣄ ꢦꣂꢜ꣄,हुब्बस पोट,ஹுப்3ப3ஸ் போட்,hubbas pot',hubbas poT,hubbas poṭ,ɦubbəs̪ poːʈ,suffocate,திக்குமுக்காடு,Compound-Verbs,words
ꢨꢾꢣꢶꢬ꣄ꢦꣂꢜ꣄,बेदिर्पोट,பெ3தி3ர்போட்,be'dirpot',bEdirpoT,bĕdirpoṭ,bed̪ɪɾpoːʈ,Be astonished,திகிலடை,Compound-Verbs,words
ꢃꢯ꣄꣄ꢗꢬ꣄ꢫꢸ ꢦꣂꢜ꣄,आश्चर्यु पोट,ஆஶ்சர்யு போட்,aashcharyu pot',Azcaryu poT,āścaryu poṭ,ɑːʃt͡ʃəɾju poːʈ,stun,திகைப்புறு,Compound-Verbs,words
ꢫꣂꢙꢥꣁ ꢒꢿꢬ꣄,योजना॑ केर,யோஜனொ கேர்,yojano' ker,yojanO ker,yojanŏ ker,joːd͡ʒən̪o keːɾ,plan,திட்டம்தீட்டு,Compound-Verbs,words
ꢱꢪꢬ꣄ꢡꢮꢵꢥ꣄ ꢲꣂ,समर्तवान हो,ஸமர்தவான் ஹோ,samartavaan ho,samartavAn ho,samartavān ho,s̪əməɾt̪əʋɑːn̪ ɦoː,have skill,திறன்படை,Compound-Verbs,words
ꢅꢥ꣄ ꢒꢿꢬ꣄,हीन केर,ஹீன் கேர்,een ker,In ker,īn ker,iːn̪ keːɾ,do harm,தீங்கிழை,Compound-Verbs,words
ꢥꢶꢬ꣄ꢠꢫꣁ ꢒꢿꢬ꣄,निर्णया॑ केर,நிர்ணயொகேர்,nirnayo' ker,nirNayO ker,nirṇayŏ ker,n̪ɪɾɳəjo keːɾ,give judgement,தீர்ப்பளி,Compound-Verbs,words
ꢪꢸꢞꢶꢮ꣄ ꢣꢾꢒ꣄ꢒꢶ,मुडिव द॑क्कि,முடி3வ் தெ3க்கி,mud'iv de'kki,muDiv dEkki,muḍiv dĕkki,muɖɪʋ d̪ekkɪ,find a solution,தீர்வுகாண்,Compound-Verbs,words
ꢱꢪꢵꢤꢵꢥ꣄ ꢒꢿꢬ꣄,समाधान केर,ஸமாதா4ன் கேர்,samaadhaan ker,samAdhAn ker,samādhān ker,s̪əmɑːd̪ʰɑːn̪ keːɾ,find a solution,தீர்வுகாண்,Compound-Verbs,words
ꢏꢡ꣄ꢡꢵꢱ꣄ ꢒꢿꢬ꣄,आ॑त्तास्केर,ஒத்தாஸ்கேர்,o'ttaas ker,OttAs ker,ŏttās ker,ot̪t̪ɑːs̪ keːɾ,help,துணைபுரி,Compound-Verbs,words
ꢨꢶꢱ꣄ꢱꣁ ꢲꣁꢮꢵꢜ꣄,बिस्सा॑ हा॑वाट,பி3ஸ்ஸொ ஹொவாட்,bisso' ho'vaat',bissO hOvAT,bissŏ hŏvāṭ,bɪs̪s̪o ɦoʋɑːʈ,hasten,துரிதப்படுத்து,Compound-Verbs,words
ꢡꢸꢬꢸ ꢤꢿꢬ꣄,तुरु धेर्,துருதே4ர்,turu dher,turu dher,turu dher,t̪uɾu d̪ʰeːɾ,rust,துருப்பிடி,Compound-Verbs,words
ꢦꢸꢜ꣄ꢜꣁ ꢡꢵꢫ꣄,पुट्टा॑ताय्,புட்டொதாய்,put't'o' taay,puTTO tAy,puṭṭŏ tāy,puʈʈo t̪ɑːj,perforate,துளையிடு,Compound-Verbs,words
ꢓꢾꢰ꣄ꢜꢪ꣄ ꢦꣂꢜ꣄,खेष्टम्पोट्,கெஷ்டம்போட்,khe'sht'am pot',khESTam poT,khĕṣṭam poṭ,kʰeʂʈəm poːʈ,suffer,துன்பப்படு,Compound-Verbs,words
ꢗꢾꢞ꣄ꢮꢶ ꢱꣂꢜ꣄,च॑ड्वि सोट,செட்3வி ஸோட்,che'd'vi sot',cEDvi soT,cĕḍvi soṭ,t͡ʃeɖʋɪ s̪oːʈ,"encourage, instigate",தூண்டிவிடு,Compound-Verbs,words
ꢩꢸꢬ꣄ꢒꣁ ꢒꢿꢬ꣄,भुर्का॑ केर,பு4ர்கொ கேர்,bhurko' ker,bhurkO ker,bhurkŏ ker,bʰuɾko keːɾ,make powder,தூளாக்கு,Compound-Verbs,words
ꢗꢹꢬ꣄ꢠꢸ ꢒꢿꢬ꣄,चूर्णु केर,சூர்ணு கேர்,choornu ker,cUrNu ker,cūrṇu ker,t͡ʃuːɾɳu keːɾ,make powder,தூளாக்கு,Compound-Verbs,words
ꢮꢾꢒ꣄ꢒꢶ ꢲꢿꢜ꣄,वेक्किहेट्,வெக்கிஹேட்,ve'kki het',vEkki heT,vĕkki heṭ,ʋekkɪ ɦeːʈ,select the best,தெரிந்தெடு,Compound-Verbs,words
ꢱꢥ꣄ꢣꢾꢯ꣄ ꢭꢿ ꢙꢵ,सन्देश ले जा,லே ஜா,sande'sh le jaa,sandEz le jA,sandĕś le jā,s̪ən̪d̪eʃ leː d͡ʒɑː,convey,தெரியப்படுத்து,Compound-Verbs,words
ꢱꢾꢥ꣄ꢣꢿꢮ꣄ ꢥꢴꢷꢡ꣄ꢡꣁ ꢬꢴꢵ,स॑न्देव न्हीत्ता॑ र्हा,ஸெந்தே3வ் நீ:த்தொ ரா:,se'ndev nheetto' rhaa,sEndev nhIttO rhA,sĕndev nhīttŏ rhā,s̪en̪d̪eːʋ n̪ɦiːt̪t̪o ɾɦɑː,be clear,தெளிவடை,Compound-Verbs,words
ꢱꢾꢥ꣄ꢣꢿꢮ꣄ ꢙꢮꢵꢜ꣄,स॑न्देव जवाट,ஸெந்தே3வ் ஜவாட்,se'ndev javaat',sEndev javAT,sĕndev javāṭ,s̪en̪d̪eːʋ d͡ʒəʋɑːʈ,make clear,தெளிவுப்படுத்து,Compound-Verbs,words
ꢣꢾꢒ꣄ꢒꢶꢥꢶ ꢦꣂꢜ꣄,द॑क्किनि पोट,தெ3க்கினி போட்,de'kkini pot',dEkkini poT,dĕkkini poṭ,d̪ekkɪn̪ɪ poːʈ,appear,தென்படு,Compound-Verbs,words
ꢦꢙꢾ ꢲꣂ,पज॑ हो,பஜெஹோ,paje' ho,pajE ho,pajĕ ho,pəd͡ʒe ɦoː,"require, need",தேவைப்படு,Compound-Verbs,words
ꢲꢬꢸꢪ꣄ꢨꢪ꣄ ꢒꢾꢬꢶ ꢢꣁꢮ꣄,हरुम्बम्क॑रि थोव,ஹரும்ப3ம்கெரிதோ2வ்,harumbam ke'ri tho'v,harumbam kEri thOv,harumbam kĕri thŏv,ɦəɾumbəm keɾɪ t̪ʰoʋ,begin,தொடங்கிவை,Compound-Verbs,words
ꢱꢪ꣄ꢦꢬ꣄ꢒꢸ ꢒꢿꢬ꣄,सम्पर्कु केर,ஸம்பர்கு கேர்,samparku ker,samparku ker,samparku ker,s̪əmpəɾku keːɾ,correspond,தொடர்புகொள்,Compound-Verbs,words
ꢱꢥ꣄ꢤꢶꢪ꣄ ꢢꣁꢮ꣄ꢭꢿ,सन्धिम था॑व्ले,ஸந்தி4ம் தொ2வ்லே,sandhim tho'vle,sandhim thOvle,sandhim thŏvle,s̪ən̪d̪ʰɪm t̪ʰoʋleː,correspond,தொடர்புகொள்,Compound-Verbs,words
ꢱꢿꢮꣁ ꢒꢿꢬ꣄,सेवा॑ केर्,ஸேவொகேர்,sevo' ker,sevO ker,sevŏ ker,s̪eːʋo keːɾ,serve,தொண்டாற்று,Compound-Verbs,words
ꢲꢶꢪ꣄ꢱꣁꢒꢿꢬ꣄,हिम्सा॑ केर्,ஹிம்ஸொ கேர்,himso'ker,himsOker,himsŏker,ɦɪms̪okeːɾ,disturb,தொந்தாவு செய்,Compound-Verbs,words
ꢥꢵꢯꢥꣁ ꢒꢿꢬ꣄,नाशना॑ केर,நாஶனொ கேர்,naashano' ker,nAzanO ker,nāśanŏ ker,n̪ɑːʃən̪o keːɾ,destroy,தொலைத்துக்கட்டு,Compound-Verbs,words
ꢏꢞ ꢶꢙꢵ,आ॑डि जा,ஒடி3 ஜா,o'd'a ijaa,ODa ijA,ŏḍa ijā,oɖə ɪd͡ʒɑː,fail,தோல்வியடை,Compound-Verbs,words
ꢏꢞꢞꢶ ꢙꢮꢵꢜ꣄,आ॑डडि जवाट,ஒட3டி3 ஜவாட்,o'd'ad'i javaat',ODaDi javAT,ŏḍaḍi javāṭ,oɖəɖɪ d͡ʒəʋɑːʈ,defeat,தோற்கடி,Compound-Verbs,words
ꢲꣂꢬꢸ ꢲꣂꢬ꣄ ꢲꢶꢪ꣄ꢗꣁ ꢒꢿꢬ꣄,होरु होर् हिम्सा॑ केर्,ஹோருஹோர்ஹிம்ஸொகேர்,horu hor himcho' ker,horu hor himcO ker,horu hor himcŏ ker,ɦoːɾu ɦoːɾ ɦɪmt͡ʃo keːɾ,annoy,நச்சரி,Compound-Verbs,words
ꢮꢶꢒ꣄ꢒꢸ ꢕꢵꢭ꣄,विक्कु घाल्,விக்கு கா4ல்,vikku ghaal,vikku ghAl,vikku ghāl,ʋɪkku gʰɑːl,empoison,நஞ்சிடு,Compound-Verbs,words
ꢱꢶꢖ꣄ꢒꢡꢶ ꢒꢾꢬ꣄ꢭꢾ,सिङ्कति केर्ले,ஸிங்க3தி கெர்லே,sinkati ke'rle',siGkati kErlE,siṅkati kĕrlĕ,s̪ɪŋkət̪ɪ keɾle,Make friends,நட்புகொள்,Compound-Verbs,words
ꢲꢶꢠ꣄ꢞꢶ ꢧꢶꢬꢶꢭꢿꢡ꣄ ꢬꢴꢵ,हिण्टि फिरिलेत् र्हा,ஹிண்டி3 பி2ரிலேத் ரா:,hind'i phirilet rhaa,hiNDi phirilet rhA,hiṇḍi phirilet rhā,ɦɪɳɖɪ pʰɪɾɪleːt̪ ɾɦɑː,wander,நடமாடு,Compound-Verbs,words
ꢗꢭ꣄ꢡ ꢲꣂ,चल्त हो,சல்த ஹோ,chalta ho,calta ho,calta ho,t͡ʃəlt̪ə ɦoː,occur,நடைபெறு,Compound-Verbs,words
ꢗꢵꢭ꣄,चाल,சால்,chaal,cAl,cāl,t͡ʃɑːl,Walk triumphantly,நடைபோடு,Compound-Verbs,words
ꢥꣁꢪ꣄ꢒꢾ ꢦꣁꢞꢵꢜ꣄,ना॑म्क॑ पा॑डाट्,நொம்கெபொடா3ட்,no'mke' po'd'aat',nOmkE pODAT,nŏmkĕ pŏḍāṭ,n̪omke poɖɑːʈ,make believe,நம்பிக்கையூட்டு,Compound-Verbs,words
ꢥꣁꢪ꣄ꢒꢾ ꢣꢿ,ना॑म्क॑ दे,நொம்கெ தே3,no'mke' de,nOmkE de,nŏmkĕ de,n̪omke d̪eː,Give hope,நம்பிக்கையளி,Compound-Verbs,words
ꢥꣁꢪ꣄ꢒꢾ ꢢꣂꢮ꣄,ना॑म्क॑ थोव,நொம்கெ தோ2வ்,no'mke' thov,nOmkE thov,nŏmkĕ thov,n̪omke t̪ʰoːʋ,Place trust,நம்பிக்கைவை,Compound-Verbs,words
ꢱ꣄ꢮꢵꢔꢡ꣄ ꢒꢿꢬ꣄,स्वागत केर,ஸ்வாக3த் கேர்,svaagat ker,svAgat ker,svāgat ker,s̪ʋɑːgət̪ keːɾ,welcome,நல்வரவு கூறு,Compound-Verbs,words
ꢤꢥ꣄ꢥꢸ ꢱꢖ꣄ꢒꢶ,धन्नु सङ्कि,த4ன்னு ஸங்கி3,dhannu sanki,dhannu saGki,dhannu saṅki,d̪ʰən̪n̪u s̪əŋkɪ,give thanks,நன்றிசொல்,Compound-Verbs,words
ꢔꢮꢸꢥ꣄ ꢣꢿ,गवुन दे,க3வுன் தே3,gavun de,gavun de,gavun de,gəʋun̪ d̪eː,Give attention,நாட்டம்செலுத்து,Compound-Verbs,words
ꢥꢬ꣄ꢡꢥꣁ ꢒꢿꢬ꣄,नर्तना॑ केर,நர்தனொ கேர்,nartano' ker,nartanO ker,nartanŏ ker,n̪əɾt̪ən̪o keːɾ,dance,நாட்டியமாடு,Compound-Verbs,words
ꢔꢵꢪ꣄ ꢱꣁꢜꢶꢤꢞ꣄ꢞꢾ,गाम् सा॑टि धड्डे,கா3ம்ஸொடி த4ட்3டெ3,gaam so't'idhad'd'e',gAm sOTidhaDDE,gām sŏṭidhaḍḍĕ,gɑːm s̪oʈɪd̪ʰəɖɖe,exile,நாடுகடத்து,Compound-Verbs,words
ꢤ꣄ꢮꢪ꣄ꢱꢸ ꢒꢿꢬ꣄,ध्वम्सु केर,த்4வம்ஸு கேர்,dhvamsu ker,dhvamsu ker,dhvamsu ker,d̪ʰʋəms̪u keːɾ,annihilate,நிர்மூலமாக்கு,Compound-Verbs,words
ꢲꢜ꣄ꢮꢥ꣄ ꢒꢾꢬ꣄ꢭꢿ,हट्वन क॑र्ले,ஹட்வன்கெர்லே,hat'van ke'rle,haTvan kErle,haṭvan kĕrle,ɦəʈʋən̪ keɾleː,recollect,நினைவுகூர்,Compound-Verbs,words
ꢲꢜ꣄ꢮꢥ꣄ ꢒꢿꢬ꣄,हट्वन्केर्,ஹட்வன் கேர்,hat'van ker,haTvan ker,haṭvan ker,ɦəʈʋən̪ keːɾ,remind,நினைவுபடுத்து,Compound-Verbs,words
ꢗꢭ꣄ꢡ ꢲꣂ,चल्त हो,சல்தஹோ,chalta ho,calta ho,calta ho,t͡ʃəlt̪ə ɦoː,happen,நேரிடு,Compound-Verbs,words
ꢔꢪ꣄ꢗꢶ ꢱꢵ,गम्चि सा,க3ம்சி ஸா,gamchi saa,gamci sA,gamci sā,gəmt͡ʃɪ s̪ɑː,look,நோட்டமிடு,Compound-Verbs,words
ꢬꣂꢔꢸꢪ꣄ ꢦꣂꢜ꣄,रोगुम पोट,ரோகு3ம் போட்,rogum pot',rogum poT,rogum poṭ,ɾoːgum poːʈ,Fall sick,நோய்வாய்ப்படு,Compound-Verbs,words
ꢏꢔꢡ꣄ꢬꢵ,आ॑गत्रा:,ஒக3த்ரா:,o'gatraa,OgatrA,ŏgatrā,ogət̪ɾɑː,fast,நோன்பிரு,Compound-Verbs,words
ꢮꢜꣁ ꢓꢳ꣄ꢳꢾ,वटा॑ खळ्ळे,வடொக2ள்ளே,vat'o' khal'l'e',vaTO khaLLE,vaṭŏ khal̤l̤ĕ,ʋəʈo kʰəɭɭe,participate,பங்குகொள்,Compound-Verbs,words
ꢩꢹꢒ꣄ ꢂꢠ꣄ꢗꢶꢭꢿ,भुक अण्चिले,பூ4க்அண்சிலே,bhook anchile,bhUk aNcile,bhūk aṇcile,bʰuːk əɳt͡ʃɪleː,eat,பசியாறு,Compound-Verbs,words
ꢙꢦ꣄ꢡꣁ ꢒꢿꢬ꣄,जप्ता॑ केर,ஜப்தொ கேர்,japto' ker,japtO ker,japtŏ ker,d͡ʒəpt̪o keːɾ,list,பட்டியலிடு,Compound-Verbs,words
ꢃꢒ꣄ꢬꢪꢠꣁ ꢒꢿꢬ꣄,आक्रमणा॑ केर,ஆக்ரமணொ கேர்,aakramano' ker,AkramaNO ker,ākramaṇŏ ker,ɑːkɾəməɳo keːɾ,invade,படையெடு,Compound-Verbs,words
ꢒꢬ꣄ꢡꢮ꣄ ꢗꢭ꣄ꢡꣁ ꢒꢿꢬ꣄,कर्तव चल्ता॑ केर,கர்தவ் சல்தொ கேர்,kartav chalto' ker,kartav caltO ker,kartav caltŏ ker,kəɾt̪əʋ t͡ʃəlt̪o keːɾ,Perform duty,பணியாற்று,Compound-Verbs,words
ꢦꢣꢮꢶꢡꣁꢒꢥ꣄ ꢲꢸꢡ꣄ꢬꢵꢜ꣄,पदविता॑कन हुत्राट,பத3விதொகன் ஹுத்ராட்,padavito'kan hutraat',padavitOkan hutrAT,padavitŏkan hutrāṭ,pəd̪əʋɪt̪okən̪ ɦut̪ɾɑːʈ,dismiss,பதவிநீக்கம் செய்,Compound-Verbs,words
ꢦꢣꢮꢶꢱꣁꢞꢶ ꢲꢸꢡ꣄ꢡꢶꢬ꣄,पदविसा॑डिहुत्तिर,பத3விஸொடி3ஹுத்திர்,padaviso'd'i huttir,padavisODi huttir,padavisŏḍi huttir,pəd̪əʋɪs̪oɖɪ ɦut̪t̪ɪɾ,resign,பதவி விலகு,Compound-Verbs,words
ꢩꢬ꣄ꢡꢶ ꢒꢿꢬ꣄,भर्ति केर,ப4ர்தி கேர்,bharti ker,bharti ker,bharti ker,bʰəɾt̪ɪ keːɾ,reply,பதிலளி,Compound-Verbs,words
ꢙꢾꢮꢵꢨ꣄ ꢣꢿ,ज॑वाप दे,ஜெவாப் தே3,je'vaab de,jEvAb de,jĕvāb de,d͡ʒeʋɑːb d̪eː,reply,பதிலளி,Compound-Verbs,words
ꢩꢬ꣄ꢡꢶ ꢒꢿꢬ꣄,भर्ति केर,ப4ர்திகேர்,bharti ker,bharti ker,bharti ker,bʰəɾt̪ɪ keːɾ,substitute,பதிலீடு செய்,Compound-Verbs,words
ꢗꣁꢞ꣄ꢞꢒꢥꢶ ꢱꢪ꣄ꢗꢫꣁ ꢒꢿꢬ꣄,चा॑ड्डकनि सम्चया॑ केर,சொட்3ட3கனி ஸம்சயொ கேர்,cho'd'd'akani samchayo' ker,cODDakani samcayO ker,cŏḍḍakani samcayŏ ker,t͡ʃoɖɖəkən̪ɪ s̪əmt͡ʃəjo keːɾ,hoard,பதுக்கிவை,Compound-Verbs,words
ꢦꣁꢠꢾ ꢩꢥ꣄ꢣꢶ,पा॑ण॑ भन्दि,பொணெப4ந்தி3,po'ne' bhandi,pONE bhandi,pŏṇĕ bhandi,poɳe bʰən̪d̪ɪ,bet,பந்தயம் கட்டு,Compound-Verbs,words
ꢦꢶꢬ꣄ꢙꢥꢪ ꣄ꢦꣂꢜ꣄,पिर्जनम्पोट,பிர்ஜனம்போட்,pirjanama pot',pirjanama poT,pirjanama poṭ,pɪɾd͡ʒən̪əmə poːʈ,be of use,பயன்படு,Compound-Verbs,words
ꢦꢾꢫꢶꢬ꣄ ꢔꢵꢭ꣄,प॑यिर घाल,பெயிர் கா4ல்,pe'yir gaal,pEyir gAl,pĕyir gāl,pejɪɾ gɑːl,cultivate,பயிர் செய்,Compound-Verbs,words
ꢤꢪꢵꢤꢵꢪ꣄ ꢦꣁꢥ꣄ꢣꢶ,धमाधाम पा॑न्दि,த4மாதா4ம் பொந்தி3,dhamaadhaam po'ndi,dhamAdhAm pOndi,dhamādhām pŏndi,d̪ʰəmɑːd̪ʰɑːm pon̪d̪ɪ,hurry,பரபரப்படை,Compound-Verbs,words
ꢦꢬꢶ ꢲꢵꢬ꣄ ꢮꢾꢒ꣄ꢒꢶ,परिहार व॑क्कि,பரிஹார்வெக்கி,pari haar ve'kki,pari hAr vEkki,pari hār vĕkki,pəɾɪ ɦɑːɾ ʋekkɪ,redeem,பரிகாரம்தேடு,Compound-Verbs,words
ꢙꢿꢪ꣄ ꢣꢿ,जेम दे,ஜேம் தே3,jem de,jem de,jem de,d͡ʒeːm d̪eː,give award,பரிசளி,Compound-Verbs,words
ꢦꢵꢬꢶꢡꣂꢱ꣄ ꢣꢿ,पारितोस दे,பாரிதோஸ் தே3,paaritos de,pAritos de,pāritos de,pɑːɾɪt̪oːs̪ d̪eː,give award,பரிசளி,Compound-Verbs,words
ꢩꣁꢔꢸꢪꢵꢥ꣄ ꢣꢾ,भा॑गुमान दे,பொ4கு3மான் தே3,bho'gumaan de',bhOgumAn dE,bhŏgumān dĕ,bʰogumɑːn̪ d̪e,give award,பரிசளி,Compound-Verbs,words
ꢦꢬꢶꢯꢷꢭꢥꣁ ꢒꢿꢬ꣄,परिशीलना॑ केर्,பரிஶீலனொகேர்,parisheelano' ker,parizIlanO ker,pariśīlanŏ ker,pəɾɪʃiːlən̪o keːɾ,scrutinize,பரிசீலனை செய்,Compound-Verbs,words
ꢦꢬꢶꢡꢵꢦ꣄ ꢦꣂꢜ꣄,परिताप पोट,பரிதாப் போட்,paritaap pot',paritAp poT,paritāp poṭ,pəɾɪt̪ɑːp poːʈ,show sympathy,பரிவுகாட்டு,Compound-Verbs,words
ꢨꣁꢭꢶ ꢣꢿ,बा॑लि दे,பொ3லிதே3,bo'li de,bOli de,bŏli de,bolɪ d̪eː,Kill as a sacrifice,பலிகொடு,Compound-Verbs,words
ꢓꢠ꣄ꢞꢠꣁ ꢒꢿꢬ꣄,खण्डणा॑ केर,க2ண்ட3ணொ கேர்,khand'ano' ker,khaNDaNO ker,khaṇḍaṇŏ ker,kʰəɳɖəɳo keːɾ,censure,பழித்துக்காட்டு,Compound-Verbs,words
ꢨꣁꢭꢶ ꢓꢵꢜ꣄,बा॑लि खाट,பொ3லி கா2ட்,bo'li khaat',bOli khAT,bŏli khāṭ,bolɪ kʰɑːʈ,take revenge,பழிவாங்கு,Compound-Verbs,words
ꢦ꣄ꢬꢡꢶ ꢲꢶꢪ꣄ꢱꣁ ꢒꢿꢬ꣄,प्रति हिम्सा॑ केर,ப்ரதி ஹிம்ஸொ கேர்,prati himso' ker,prati himsO ker,prati himsŏ ker,pɾət̪ɪ ɦɪms̪o keːɾ,take revenge,பழிவாங்கு,Compound-Verbs,words
ꢒꣁꢳꢵꢬ꣄ ꢒꢿꢬ꣄,का॑ळार केर,கொளார் கேர்,ko'l'aar ker,kOLAr ker,kŏl̤ār ker,koɭɑːɾ keːɾ,impair,பழுதாக்கு,Compound-Verbs,words
ꢒꢪ꣄ꢞꢥ꣄ ꢣꢿ,कम्डन दे,கம்ட3ன் தே3,kamd'an de,kamDan de,kamḍan de,kəmɖən̪ d̪eː,Give away/ go without,பறிகொடு,Compound-Verbs,words
ꢆꢒ꣄ꢒꢶꢭꢶ ꢙꢵ,उक्किलि जा,உக்கிலிஜா,ukkili jaa,ukkili jA,ukkili jā,ukkɪlɪ d͡ʒɑː,snatch,பறிமுதல் செய்,Compound-Verbs,words
ꢮꢔꣁ ꢒꢿꢬ꣄,वĩĩगा॑ केर्,வகொ3கேர்,vago' ker,vagO ker,vagŏ ker,ʋəgo keːɾ,classify,பாகுபடுத்து,Compound-Verbs,words
ꢨꢵꢮꢭꣁ ꢒꢿꢬ꣄,बावला॑ केर,பா3வலொ கேர்,baavalo' ker,bAvalO ker,bāvalŏ ker,bɑːʋəlo keːɾ,"feign, pretend",பாசாங்கு செய்,Compound-Verbs,words
ꢒꢮꢶꢡꣁ ꢒꢿꢬ꣄,कविता॑ केर,கவிதொகேர்,kavito' ker,kavitO ker,kavitŏ ker,kəʋɪt̪o keːɾ,compose,பாட்டுக்கட்டு,Compound-Verbs,words
ꢔꢷꢡ꣄ ꢭꢶꢓꢶ,गीत्लखि,கீ3த் லிகி2,geet likhi,gIt likhi,gīt likhi,giːt̪ lɪkʰɪ,compose,பாட்டுக்கட்டு,Compound-Verbs,words
ꢱ꣄ꢮꢬꢵꢥ꣄ ꢡꢵꢫ꣄,स्वरान ताय,ஸ்வரான் தாய்,svaraan taay,svarAn tAy,svarān tāy,s̪ʋəɾɑːn̪ t̪ɑːj,compose,பாட்டுக்கட்டு,Compound-Verbs,words
ꢦꢵꢝꣁ ꢱꢶꢒ꣄ꢒꢵꢜ꣄,पाठो सिक्काट,பாடொ2 ஸிக்காட்,paat'ho' sikkaat',pAThO sikkAT,pāṭhŏ sikkāṭ,pɑːʈʰo s̪ɪkkɑːʈ,teach lesson,பாடம்கற்பி,Compound-Verbs,words
ꢦ꣄ꢬꢗꢵꢬ꣄ ꢒꢿꢬ꣄,प्रचार केर,ப்ரசார் கேர்,prachaar ker,pracAr ker,pracār ker,pɾət͡ʃɑːɾ keːɾ,propagate,பிரச்சாரம் செய்,Compound-Verbs,words
ꢂꢥꢸꢨꢥ꣄ꢤꢸ ꢗꢾꢬ꣄ꢗꢶ,अनुबन्धु च॑र्चि,அனுப3ந்து4 செர்சி,anubandhu che'rchi,anubandhu cErci,anubandhu cĕrci,ən̪ubən̪d̪ʰu t͡ʃeɾt͡ʃɪ,annex,பின்னிணை,Compound-Verbs,words
ꢨꢷꢞꢠꣁ ꢲꣂ,पीडणा॑ हो,பீட3ணொ ஹோ,beed'ano' ho,bIDaNO ho,bīḍaṇŏ ho,biːɖəɳo ɦoː,be affected,பீடிக்கபடு,Compound-Verbs,words
ꢤꢵꢒ꣄ ꢭꢔꢞ꣄ꢳꢿ,धाक लगड्ळे,தா4க் லக3ட்3ளே,dhaak lagad'l'e,dhAk lagaDLe,dhāk lagaḍl̤e,d̪ʰɑːk ləgəɖɭeː,Be desperate,பீதியுறு,Compound-Verbs,words
ꢒꢷꢬ꣄ꢡꢶ ꢦꣁꢥ꣄ꢣꢶ,कीर्ति पा॑न्दि,கீர்தி பொந்தி3,keerti po'ndi,kIrti pOndi,kīrti pŏndi,kiːɾt̪ɪ pon̪d̪ɪ,become famous,புகழடை,Compound-Verbs,words
ꢪꣁꢥ꣄ꢥꢸ ꢣꢸꢮ꣄ꢥꣁ ꢒꢿꢬ꣄,मा॑न्नु दुव्ना॑ केर,மொன்னு து3வ்னொ கேர்,mo'nnu duvno' ker,mOnnu duvnO ker,mŏnnu duvnŏ ker,mon̪n̪u d̪uʋn̪o keːɾ,wound,புண்படுத்து,Compound-Verbs,words
ꢦꢱ꣄ꢒꢜꢸꢪ꣄ ꢮꢡ꣄ꢡ ꢒꢿꢬ꣄,पस्कटुम्वत्त केर्,பஸ்கடும் வத்தொ கேர்,paskat'um vatta ker,paskaTum vatta ker,paskaṭum vatta ker,pəs̪kəʈum ʋət̪t̪ə keːɾ,backbite,புறங்கூறு,Compound-Verbs,words
ꢥꢴꢥ ꣄ꢲꢱꣁ ꢒꢿꢬ꣄,न्हन् हसा॑ केर,ந:ன் ஹஸொ கேர்,nhana haso' ker,nhana hasO ker,nhana hasŏ ker,n̪ɦən̪ə ɦəs̪o keːɾ,smile,புன்னகை செய்,Compound-Verbs,words
ꢕꢾꢥꢪ꣄ꢒꢥꢶ ꢲꢜ꣄ꢮꢶꢭꢿ,घेनम्कनि हट्विले,கெ4னம்கனி ஹட்விலே,ghe'namkani hat'vile,ghEnamkani haTvile,ghĕnamkani haṭvile,gʰen̪əmkən̪ɪ ɦəʈʋɪleː,be proud of,பெருமிதம்கொள்,Compound-Verbs,words
ꢪꢴꣁꢜ ꢲꢸꢨ꣄ꢨꢱ꣄ ꢣꢿ,म्हा॑ट हुब्बस्दे,மொ:ட ஹுப்3ப3ஸ் தே3,mho't'a hubbas de,mhOTa hubbas de,mhŏṭa hubbas de,mɦoʈə ɦubbəs̪ d̪eː,sigh,பெரூமூச்சுவிடு,Compound-Verbs,words
ꢪꣂꢭ꣄ꢲꢥꢶ ꢮꢡ꣄ꢡꣁ ꢒꢿꢬ꣄,मोल्हनि वत्ता॑ केर,மோல்ஹனி வத்தொ கேர்,molhani vatto' ker,molhani vattO ker,molhani vattŏ ker,moːlɦən̪ɪ ʋət̪t̪o keːɾ,bargain,பேரம்பேசு,Compound-Verbs,words
ꢦꢶꢱꣁ ꢤꢾꢬꢵꢜ꣄,पिसा॑ धेराट,பிஸொ தெ4ராட்,piso' dhe'raat',pisO dhErAT,pisŏ dhĕrāṭ,pɪs̪o d̪ʰeɾɑːʈ,madden,பைத்தியமாக்கு,Compound-Verbs,words
ꢗꣁꢞ꣄ꢞ ꢮꢡ꣄ꢡꣁ ꢒꢿꢬ꣄,चा॑ड्ड वत्ता॑ केर्,சொட்3ட3வத்தொகேர்,cho'd'd'a vatto' ker,cODDa vattO ker,cŏḍḍa vattŏ ker,t͡ʃoɖɖə ʋət̪t̪o keːɾ,bluff,பொய்பேசு,Compound-Verbs,words
ꢏꢬꢤꢵꢥ꣄ꢒꢥꢶ ꢭꢔꢳ꣄ꢳꢿ,प्रधान्कनि लगळ्ळे,ப்ரதா4ன்கனி லக3ள்ளே,o'radhaankani lagal'l'e,OradhAnkani lagaLLe,ŏradhānkani lagal̤l̤e,oɾəd̪ʰɑːn̪kən̪ɪ ləgəɭɭeː,consider,பொருட்படுத்து,Compound-Verbs,words
ꢨꣂꢣꣂ ꢲꢶꢖ꣄ꢔꢵꢜ꣄,बोदा॑ हिङ्गाट,போ3தொ3 ஹிங்கா3ட்,bodo hingaat',bodo hiGgAT,bodo hiṅgāṭ,boːd̪oː ɦɪŋgɑːʈ,intoxicate,போதையூட்டு,Compound-Verbs,words
ꢔꢸꢞ꣄ꢒ ꢡꣀꢭꢶ ꢨꢷꢱ꣄,गुड्क तैलि बीस्,கு3ட்3க தைலிபீ3ஸ்,gud'ka taili bees,guDka taili bIs,guḍka taili bīs,guɖkə t̪əɪlɪ biːs̪,kneel,மண்டியிடு,Compound-Verbs,words
ꢔꢸꢠ꣄ꢠꢸ ꢥꢶꢬ꣄ꢤꢵꢬꢠꣁ ꢒꢿꢬ꣄,गुण्णु निर्धारणा॑ केर,கு3ண்ணு நிர்தா4ரணொ கேர்,gunnu nirdhaarano' ker,guNNu nirdhAraNO ker,guṇṇu nirdhāraṇŏ ker,guɳɳu n̪ɪɾd̪ʰɑːɾəɳo keːɾ,"assess, evaluate",மதிப்பிடு,Compound-Verbs,words
ꢩꢬ꣄ꢡꢶꢒꢿꢬ꣄,भर्ति केर,ப4ர்திகேர்,bhartiker,bhartiker,bhartiker,bʰəɾt̪ɪkeːɾ,respond,மறுமொழிகூறு,Compound-Verbs,words
ꢙꢾꢮꢵꢦ꣄ ꢒꢿꢬ꣄,ज॑वाप केर,ஜெவாப் கேர்,je'vaap ker,jEvAp ker,jĕvāp ker,d͡ʒeʋɑːp keːɾ,respond,மறுமொழிகூறு,Compound-Verbs,words
ꢲꢵꢬ꣄ ꢕꢵꢭ꣄,हार्घाल,ஹார் கா4ல்,haar ghaal,hAr ghAl,hār ghāl,ɦɑːɾ gʰɑːl,put garland,மாலைபோடு,Compound-Verbs,words
ꢪꢸꢞꢶꢮ꣄ ꢲꣂ,मुडिव्हो,முடி3வ் ஹோ,mud'iv ho,muDiv ho,muḍiv ho,muɖɪʋ ɦoː,be over,முடிவடை,Compound-Verbs,words
ꢤꢥ꣄ꢢꣁꢮ꣄,दन्थोव,த4ன் தோ2வ்,dhantho'v,dhanthOv,dhanthŏv,d̪ʰən̪t̪ʰoʋ,invest,முதலிடு,Compound-Verbs,words
ꢣꣁꢮ꣄ꢬꣁ ꢦꣂꢜ꣄,दा॑व्रा॑ पोट,தொ3வ்ரொபோட்,do'vro' pot',dOvrO poT,dŏvrŏ poṭ,d̪oʋɾo poːʈ,become old,முதுமையடை,Compound-Verbs,words
ꢱꣁꢪ꣄ꢪꢬ꣄ ꢮꢵꢜ꣄ ꢣꢾꢒ꣄ꢒꢵꢜ꣄,सा॑ममर् वाट् द॑क्काट्,ஸொம்மர் வாட் தெ3க்காட்,so'mmar vaat' de'kkaat',sOmmar vAT dEkkAT,sŏmmar vāṭ dĕkkāṭ,s̪omməɾ ʋɑːʈ d̪ekkɑːʈ,lead,முன்செல்,Compound-Verbs,words
ꢪꢶꢛ꣄ꢗꢸꢬ꣄ ꢲꢶꢖ꣄ꢔꢵꢜ꣄,मञ्चुर हिङ्गाट,மஞ்சுர் ஹிங்கா3ட்,minchur hingaat',miJcur hiGgAT,miñcur hiṅgāṭ,mɪɲt͡ʃuɾ ɦɪŋgɑːʈ,to perform first time on the stage,மேடையேற்று,Compound-Verbs,words
ꢪꢶꢜ꣄ꢜꢬ꣄ ꢲꢶꢖ꣄ꢔꢵꢜ꣄,मिट्टर हिङ्गाट,மிட்டர் ஹிங்கா3ட்,mit't'ar hingaat',miTTar hiGgAT,miṭṭar hiṅgāṭ,mɪʈʈəɾ ɦɪŋgɑːʈ,to perform first time on the stage,மேடையேற்று,Compound-Verbs,words
ꢮꢵꢜ꣄ ꢣꢾꢒ꣄ꢒꢵꢜ꣄,वाट्द॑क्काट्,வாட் தெ3க்காட்,vaat' de'kkaat',vAT dEkkAT,vāṭ dĕkkāṭ,ʋɑːʈ d̪ekkɑːʈ,guide,வழிகாட்டு,Compound-Verbs,words
ꢱꣁꢪ꣄ꢪꢬ꣄ ꢙꢵ,सा॑म्मर् जा,ஸொம்மர் ஜா,so'mmar jaa,sOmmar jA,sŏmmar jā,s̪omməɾ d͡ʒɑː,lead,வழிநடத்து,Compound-Verbs,words
ꢦꢸꢙꢾ ꢒꢿꢬ꣄,पुज॑ केर्,புஜெகேர்,puje' ker,pujE ker,pujĕ ker,pud͡ʒe keːɾ,worship,வழிபடு,Compound-Verbs,words
ꢮꢵꢜ꣄ ꢱꣂꢜ꣄,वाट्सोट्,வாட்ஸோட்,vaat' sot',vAT soT,vāṭ soṭ,ʋɑːʈ s̪oːʈ,give way,வழிவிடு,Compound-Verbs,words
ꢧꢭ꣄ꢭꣁ ꢃꢣꢸꢬ꣄ꢮꣁ ꢣꢿ,फल्ला॑ आदुरवा॑ दे,ப2ல்லொஆது3ரவொ தே3,phallo' aadurvo' de,phallO AdurvO de,phallŏ ādurvŏ de,pʰəllo ɑːd̪uɾʋo d̪eː,second,வழிமொழி,Compound-Verbs,words
ꢂꢥꢸꢱꢬꢶ ꢱꢖ꣄ꢔꢶ,अनुसरि सङ्गि,அனுஸரி ஸங்கி3,anusari sangi,anusari saGgi,anusari saṅgi,ən̪us̪əɾɪ s̪əŋgɪ,second,வழிமொழி,Compound-Verbs,words
ꢃ ꢒꢿꢬ꣄,आ केर,ஆ கேர்,aa ker,A ker,ā ker,ɑː keːɾ,gape,வாய்பிள,Compound-Verbs,words
ꢡꣂꢠ꣄ ꢦꢾꢱꢵꢮ꣄ꢒꢥꢶ ꢲꢹꢜ꣄,ता॑ण प॑साव्कनि हूट,தோண் பெஸாவ்கனி ஹூட்,ton pe'saavkani hoot',toN pEsAvkani hUT,toṇ pĕsāvkani hūṭ,t̪oːɳ pes̪ɑːʋkən̪ɪ ɦuːʈ,gape,வாய்பிள,Compound-Verbs,words
ꢲꢵꢜ꣄ ꢱꣂꢜ꣄,हाट सा॑ट,ஹாத் ஸோட்,haat' sot',hAT soT,hāṭ soṭ,ɦɑːʈ s̪oːʈ,forsake,விட்டுவிடு,Compound-Verbs,words
ꢙꢾꢮꢵꢦ꣄ ꢣꢾ,ज॑वाप दे,ஜெவாப் தே3,je'vaap de',jEvAp dE,jĕvāp dĕ,d͡ʒeʋɑːp d̪e,give answer,விடையளி,Compound-Verbs,words
ꢮꢶꢱꢵꢭꣁ ꢒꢿꢬ꣄,विसाला॑ केर,விஸாலொகேர்,visaalo' ker,visAlO ker,visālŏ ker,ʋɪs̪ɑːlo keːɾ,expand,விரிவுபடுத்து,Compound-Verbs,words
ꢙꢾꢪꢥ꣄ ꢩꢵꢭ꣄,ज॑मन्घाल्,ஜெமன்கா4ல்,je'man bhaal,jEman bhAl,jĕman bhāl,d͡ʒemən̪ bʰɑːl,Arrange feast,விருந்தளி,Compound-Verbs,words
ꢮꢾꢔ꣄ ꢒꢾꢬ꣄,वेग केर,வேக்3 கேர்,ve'g ke'r,vEg kEr,vĕg kĕr,ʋeg keɾ,quicken,விரைவுபடுத்து,Compound-Verbs,words
ꢂꢭꢔ꣄ꢔ ꢢꣂꢮ꣄,अलग्ग थोव,அலக்3க3 தோ2வ்,alagga thov,alagga thov,alagga thov,ələggə t̪ʰoːʋ,exempt,விலக்களி,Compound-Verbs,words
ꢙꢵꢔ꣄ꢬꢡꣁꢦꣁꢞꢜ꣄,जाग्रता॑ पा॑डट,ஜாக்3ரதொ பொடா3ட்,jaagrato'po'd'at',jAgratOpODaT,jāgratŏpŏḍaṭ,d͡ʒɑːgɾət̪opoɖəʈ,awaken,விழிப்பூட்டு,Compound-Verbs,words
ꢦ꣄ꢬꢱꢸꢬ꣄ ꢲꣂ,प्रसुर्हो,ப்ரஸுர் ஹோ,prasur ho,prasur ho,prasur ho,pɾəs̪uɾ ɦoː,be published,வெளியாகு,Compound-Verbs,words
ꢦ꣄ꢬꢱꢸꢬ꣄ ꢒꢿꢬ꣄,प्रसुर्केर,ப்ரஸுர் கேர்,prasur ker,prasur ker,prasur ker,pɾəs̪uɾ keːɾ,"disclose, publish",வெளியிடு,Compound-Verbs,words
ꢩꢬꢵꢜ꣄ ꢣꣁꢨ꣄ꢨꢶ,भराट दा॑ब्बि,ப4ராட் தொ3ப்3பி3,bharaat' do'bbi,bharAT dObbi,bharāṭ dŏbbi,bʰəɾɑːʈ d̪obbɪ,expel,வெளியேற்று,Compound-Verbs,words
ꢲꢹꢡ꣄ꢡꢶꢬ꣄ ꢩꢬꢵꢜ꣄,हूत्तिर्भराट्,ஹுத்திர் ப4ராட்,hoottir bharaat',hUttir bharAT,hūttir bharāṭ,ɦuːt̪t̪ɪɾ bʰəɾɑːʈ,go out,வெளியேறு,Compound-Verbs,words
ꢙꢷꢔ꣄ ꢦꣁꢥ꣄ꢣꢶ,जूग पा॑न्दि,ஜீக்3 பொந்தி3,jeeg po'ndi,jIg pOndi,jīg pŏndi,d͡ʒiːg pon̪d̪ɪ,overcome,வெற்றிகொள்,Compound-Verbs,words
ꢃꢮꢿꢯ꣄ ꢦꣁꢞꢵꢜ꣄,आवेश्पा॑डाट्,ஆவேஶ் பொடா3ட்,aavesh po'd'aat',Avez pODAT,āveś pŏḍāṭ,ɑːʋeːʃ poɖɑːʈ,madden,வெறியூட்டு,Compound-Verbs,words
ꢣ꣄ꢮꢾꢯ꣄ꢕꢵꢭ꣄,द्वेश्घाल,த்3வேஶ் கா4ல்,dve'shghaal,dvEzghAl,dvĕśghāl,d̪ʋeʃgʰɑːl,displease,வெறுப்பூட்டு,Compound-Verbs,words
ꢮꢿꢜꢵ ꢓꢵꢳ꣄,वेटखाळ,வேடகா2ள்,vet'aa khaal',veTA khAL,veṭā khāl̤,ʋeːʈɑː kʰɑːɭ,hunt,வேட்டையாடு,Compound-Verbs,words
ꢩꢾꢡ꣄ ꢲꣂ,भेतहो,பே4த்ஹோ,bhe't ho,bhEt ho,bhĕt ho,bʰet̪ ɦoː,differ,வேறுபடு,Compound-Verbs,words
ꢩꢾꢡ꣄ ꢲꣁꢮꢵꢜ꣄,भेत हा॑वाट,பே4த் ஹொவாட்,bhe't ho'vaat',bhEt hOvAT,bhĕt hŏvāṭ,bʰet̪ ɦoʋɑːʈ,separate,வேறுபடுத்து,Compound-Verbs,words
ꢒꢹꢬ꣄ꢪꣁ,कुर्मा॑,கூர்மொ,koormo',kUrmO,kūrmŏ,kuːɾmo,tortoise,ஆமை,Water-Animals,words
ꢒꢱ꣄ꢦꣁ,कस्पा॑,கஸ்பொ,kaspo',kaspO,kaspŏ,kəs̪po,tortoise,ஆமை,Water-Animals,words
ꢡꢪ꣄ꢨꢭ꣄ꢗꢶꢦ꣄ꢦꣁ,तम्बल्चिप्पा॑,தம்ப3ள்சிப்பொ,tambalchippo',tambalcippO,tambalcippŏ,t̪əmbəlt͡ʃɪppo,tortoise,ஆமை,Water-Animals,words
ꢓꢾꢱꢸꢭꣁ,खेसुला॑,கெ2ஸூலொ,khe'sulo',khEsulO,khĕsulŏ,kʰes̪ulo,prawn,இறால்,Water-Animals,words
ꢒꢾꢜ꣄ꢜꢸ ꢱꢵꢦ꣄,क॑ट्टु साप्,கெட்டு ஸாப்,ke't't'u saap,kETTu sAp,kĕṭṭu sāp,keʈʈu s̪ɑːp,viper,கட்டுவிரியன்,Water-Animals,words
ꢱꢪꢸꢣ꣄ꢬꢸ ꢒꢱ꣄ꢦꣁ,समुद्रु कस्पा॑,ஸமுத்3ருகஸ்பொ,samudru kaspo',samudru kaspO,samudru kaspŏ,s̪əmud̪ɾu kəs̪po,turtle,கடலாமை,Water-Animals,words
ꢱꢵꢬ ꢱꢵꢦ꣄,सार साप्,ஸாரஸாப்,saara saap,sAra sAp,sāra sāp,s̪ɑːɾə s̪ɑːp,a kind of land snake,சாரைப்பாம்பு,Water-Animals,words
ꢔꢶꢭ꣄ꢒꢵꢫ꣄ꢱꢵꢦ꣄,गिल्काय्साप,கி3ல்காய்ஸாப்,gilkaaysaap,gilkAysAp,gilkāysāp,gɪlkɑːjs̪ɑːp,rattle snake,கிலுப்பைப் பாம்பு,Water-Animals,words
ꢒꣁꢪ꣄ꢨꢬꢶ ꢱꢵꢦ꣄,का॑म्बरि साप्,கொம்ப3ரிஸாப்,ko'mbari saap,kOmbari sAp,kŏmbari sāp,kombəɾɪ s̪ɑːp,Akind of poisonous snake,கொம்பேறிமூர்க்கன்,Water-Animals,words
ꢱꢷꢦ꣄,सीप्,ஸீப்,seep,sIp,sīp,s̪iːp,Oyster/shell fish,சிப்பி,Water-Animals,words
ꢩꢹꢒ꣄ ꢱꢾꢥ꣄ꢡꢵ ꢪꢴꢳꢶꢶ,भूक सेन्ता म्हळि,பூ4க் ஸெந்தா ம:ளி,bhook se'ntaa mhal'ii,bhUk sEntA mhaLii,bhūk sĕntā mhal̤ii,bʰuːk s̪en̪t̪ɑː mɦəɭɪɪ,shark,சுறா,Water-Animals,words
ꢦꣂꢜꢸ ꢙꢵꢭꢸ ꢪꢴꢳꢶ,पोटु जालु म्हळि,போடு ஜாளு ம:ளி,pot'u jaalu mhal'i,poTu jAlu mhaLi,poṭu jālu mhal̤i,poːʈu d͡ʒɑːlu mɦəɭɪ,shark,சுறா,Water-Animals,words
ꢦꢥꢶꢪ꣄ꢱꢵꢦ꣄,पनिम्साप्,பனிம் ஸாப்,panimsaap,panimsAp,panimsāp,pən̪ɪms̪ɑːp,water snake,தண்ணீர்ப் பாம்பு,Water-Animals,words
ꢒꢶꢞꢵ ꢱ꣄ꢢꢶꢡꢶ ꢩꢾꢬ꣄ꢒꢶꢭꢶ,किडा स्थिति भ॑र्कलि,கிடா3 ஸ்தி2தி பெ4ர்களி,kid'aa sthiti bhe'rkili,kiDA sthiti bhErkili,kiḍā sthiti bhĕrkili,kɪɖɑː s̪t̪ʰɪt̪ɪ bʰeɾkɪlɪ,Tadpole /larva,தலைப்பிரட்டை/ புழு நிலை தவளை,Water-Animals,words
ꢨꢾꢱ꣄ꢒꢳꢶ,ब॑स्कळि,பெ3ஸ்களி,be'skal'i,bEskaLi,bĕskal̤i,bes̪kəɭɪ,frog,தவளை,Water-Animals,words
ꢡꢶꢪꢶꢖ꣄ꢔꢭ꣄,तिमिङ्गल,திமிங்க3ல்,timingal,timiGgal,timiṅgal,t̪ɪmɪŋgəl,whale,திமிங்கலம்,Water-Animals,words
ꢡꢶꢪꢶꢮꢵꢱꢶ,तिमिवासि,திமிவாஸி,timivaasi,timivAsi,timivāsi,t̪ɪmɪʋɑːs̪ɪ,whale,திமிங்கலம்,Water-Animals,words
ꢮꢶꢒ꣄ꢒꢸ ꢣꢵꢡ꣄,विक्कु दात्,விக்கு தா3த்,vikku daat,vikku dAt,vikku dāt,ʋɪkku d̪ɑːt̪,poisonous fang of snake,நச்சுப் பல்,Water-Animals,words
ꢮꢶꢒ꣄ꢔꢸ,विक्गु,விக்கு3,vikgu,vikgu,vikgu,ʋɪkgu,poison,நஞ்சு,Water-Animals,words
ꢒꢶꢬ꣄ꢮꢶꢭ꣄,किर्विल्,கிர்வில்,kirvil,kirvil,kirvil,kɪɾʋɪl,crab,நண்டு,Water-Animals,words
ꢔꢶꢰ꣄꣄ꢭꣂ,गिष्ला॑,கி3ஷ்லொ,gishlo,giSlo,giṣlo,gɪʂloː,snail,நத்தை,Water-Animals,words
ꢥꢥ꣄ꢱꢵꢦ꣄,नन्साप,நன்ஸாப்,nansaap,nansAp,nansāp,n̪ən̪s̪ɑːp,cobra,நாகப்பாம்பு,Water-Animals,words
ꢱꣁꢒ꣄ꢒꢜ꣄ ꢱꢵꢦ꣄,चोक्कट साप,சொக்கட் ஸாப்,so'kkat' saap,sOkkaT sAp,sŏkkaṭ sāp,s̪okkəʈ s̪ɑːp,cobra,நாகப்பாம்பு,Water-Animals,words
ꢦꢥꢶꢪ꣄ ꢱꢸꢥꣁ,पनिम सुना॑,பனிம் ஸுனொ,panim suno',panim sunO,panim sunŏ,pən̪ɪm s̪un̪o,beaver,நீர்நாய்,Water-Animals,words
ꢦꢥꢶꢪ ꣄ꢎꢱ꣄ꢡꢸ,पनिम ऐस्तु,பனிம்ஐஸ்து,panima aistu,panima aistu,panima aistu,pən̪ɪmə əɪs̪t̪u,hippopotamus,நீர்யானை,Water-Animals,words
ꢥꢶꢳ ꢱꢵꢦ꣄,निळ साप्,நிளஸாப்,nil'a saap,niLa sAp,nil̤a sāp,n̪ɪɭə s̪ɑːp,green snake,பச்சைப் பாம்பு,Water-Animals,words
ꢦꣁꢞ꣄ꢔꢾ,पा॑ड्का॑,பொட்3கெ3,po'd'ge',pODgE,pŏḍgĕ,poɖge,hood of a snake,படம்,Water-Animals,words
ꢡꣁꢖ꣄ꢔꢬꢸ ꢱꢵꢦ꣄,दा॑ङ्गरु साप,தொ3ங்க3ருஸாப்,to'ngaru saap,tOGgaru sAp,tŏṅgaru sāp,t̪oŋgəɾu s̪ɑːp,python,மலைப்பாம்பு,Water-Animals,words
ꢪꢴꢳꢶ,म्हळि,ம:ளி,mhal'i,mhaLi,mhal̤i,mɦəɭɪ,fish,மீன்,Water-Animals,words
ꢥꢒ꣄ꢬꢸ,नक्रु,நக்ரு,nakru,nakru,nakru,n̪əkɾu,crocodile,முதலை,Water-Animals,words
ꢮꢶꢒ꣄ꢒꢸ,विक्कु,விக்கு,vikku,vikku,vikku,ʋɪkku,poison,விஷம்,Water-Animals,words
ꢦꢵꢰꢵꢠꣁ,पाषाना॑,பாஷாணொ,paashaano',pASANO,pāṣāṇŏ,pɑːʂɑːɳo,poison,விஷம்,Water-Animals,words
ꢔꢵꢫ꣄,गाय्,கா3ய்,gaay,gAy,gāy,gɑːj,cow,ஆ,Animals,words
ꢩꢾꢠ꣄ꢞꢸ,भ॑ण्डु,பெ4ண்டு3,bhe'nd'u,bhENDu,bhĕṇḍu,bʰeɳɖu,lamb,ஆடு,Animals,words
ꢔꢵꢫ꣄ ꢔꣁꢬꢸꢥ꣄,गाय घा॑रुन्,கா3ய்கொ3ருன்,gaay go'run,gAy gOrun,gāy gŏrun,gɑːj goɾun̪,cattle,ஆடுமாடு,Animals,words
ꢦꣁꢡꢸꢭꣁ,पा॑दुला॑,பொ3து3லொ,po'tulo',pOtulO,pŏtulŏ,pot̪ulo,bull,எருது,Animals,words
ꢩꢾꢫ꣄ꢱ꣄,भ॑य्स्,பெ4ய்ஸ்,bhe'ys,bhEys,bhĕys,bʰejs̪,she-buffalo,எருமை,Animals,words
ꢩꢾꢫ꣄ꢱꢸ꣄ ꢦꣁꢡꢸꢭꣁ,भ॑य्सुबा॑दुला॑,பெ4ய்ஸுபொ3து3லொ,bhe'ysu po'tulo',bhEysu pOtulO,bhĕys_ŭ pŏtulŏ,bʰejs̪u pot̪ulo,he-buffalo,எருமைக் கடா,Animals,words
ꢪꢸꢫꢶ. ꢭꣁꢭ꣄ꢦꢣꢾ,मुयि,முயி,muyi. lo'lpade',muyi. lOlpadE,muyi. lŏlpadĕ,mujɪ. lolpəd̪e,camel,ஒட்டகம்,Animals,words
ꢦꣁꢡꢸꢭꣁ,बा॑दुला॑,பொ3து3லொ,po'tulo',pOtulO,pŏtulŏ,pot̪ulo,ram,கடா,Animals,words
ꢕꢾꢣꢞ꣄,घ॑दड,கெ4த3ட்3,ghe'dad',ghEdaD,ghĕdaḍ,gʰed̪əɖ,donkey,கழுதை,Animals,words
ꢣꢸꢞꣁ,दुडा॑,து3டொ3,dud'o',duDO,duḍŏ,d̪uɖo,calf,கன்று,Animals,words
ꢮꢵꢱꢬ꣄,वासर,வாஸர்,vaasar,vAsar,vāsar,ʋɑːs̪əɾ,calf,கன்று,Animals,words
ꢔꣁꢖ꣄ꢔꢸ,गा॑ङगु,கொ3ங்கு3,go'ngu,gOGgu,gŏṅgu,goŋgu,cattle,மந்தை,Animals,words
ꢔꣁꢬꢸ,गा॑रु,கொ3ரு,go'ru,gOru,gŏru,goɾu,ox,காளை,Animals,words
ꢕꣁꢞꣁ,घा॑डा॑,கொ4டொ3,gho'd'o',ghODO,ghŏḍŏ,gʰoɖo,horse,குதிரை,Animals,words
ꢒꢷꢱ꣄,कीस्,கீஸ்,kees,kIs,kīs,kiːs̪,monkey,குரங்கு,Animals,words
ꢦꣁꢭꢥ꣄ꢔꢸ,पा॑लङ्गु,பொலங்கு3,po'langu,pOlangu,pŏlangu,polən̪gu,monkey,குரங்கு,Animals,words
ꢮꢥ꣄ꢕꢪꢶ,वन्धमि,வந்த4மி,vanghami,vanghami,vanghami,ʋən̪gʰəmɪ,monkey,குரங்கு,Animals,words
ꢩꢾꢠ꣄ꢞꢸ,भ॑ण्डु,பெ4ண்டு3,bhe'nd'u,bhENDu,bhĕṇḍu,bʰeɳɖu,sheep,குறி / செம்மறி ஆடு,Animals,words
ꢪꢴꢾꢞꢶꢩꢾꢠ꣄ꢞꢸ,न्ह॑डिभ॑ण्डु,மெ:டி3பெ4ண்டு3,mhe'd'ibhe'nd'u,mhEDibhENDu,mhĕḍibhĕṇḍu,mɦeɖɪbʰeɳɖu,sheep,குறி / செம்மறி ஆடு,Animals,words
ꢕꢾꢣꢞꢕꣁꢞꣁ꣄,घ॑दड्घा॑डा॑,கெ4த3ட்3கொ4டொ3,ghe'dad'agho'd'o',ghEdaDaghODO,ghĕdaḍaghŏḍŏ,gʰed̪əɖəgʰoɖo,mule,கோவேறிக் கழுதை,Animals,words
ꢱꢸꢥꣁ,सना॑,ஸுனொ,suno',sunO,sunŏ,s̪un̪o,dog,நாய்,Animals,words
ꢦꣀꢭ꣄ ꢱꢸꢥꣁ,बैल्शुना॑,பை3ல்ஸுனொ,pail suno',pail sunO,pail sunŏ,pəɪl s̪un̪o,bitch,பட்டி,Animals,words
ꢣꢸꢒ꣄ꢒꢬ꣄,दुक्कर,து3க்கர்,dukkar,dukkar,dukkar,d̪ukkəɾ,pig,பன்றி,Animals,words
ꢪꢛ꣄ꢙꢶꢬꢶ,मञजिरि,மஞ்ஜிரி,manjiri,maJjiri,mañjiri,məɲd͡ʒɪɾɪ,cat,பூனை,Animals,words
ꢔꣁꢬꢸ,गा॑रु,கொ3ரு,go'ru,gOru,gŏru,goɾu,bull,மாடு,Animals,words
ꢲꢬꢶꢥ꣄,हरिन्,ஹரின்,harin,harin,harin,ɦəɾɪn̪,deer,மான்,Animals,words
ꢪꢺꢔꣁ,मृगा॑,ம்ருகொ3,mri'go',mRgO,mṛgŏ,mɾɨgo,animal,மிருகம்,Animals,words
ꢪꢹꢔꢸ,मूगु,மூகு3,moogu,mUgu,mūgu,muːgu,animal,மிருகம்,Animals,words
ꢯꢯꣁ,शशा॑,ஸஸொ,shasho',zazO,śaśŏ,ʃəʃo,rabbit,முயல்,Animals,words
ꢓꢸꢥ꣄ꢣꢾꢭ꣄,खुन्द॑ल्,கு2ந்தெ3ல்,khunde'l,khundEl,khundĕl,kʰun̪d̪el,rabbit,முயல்,Animals,words
ꢦꢵꢭꢥ ꢪꢹꢔꢸ,पालन मूगु,பாலனமூகு3,paalana moogu,pAlana mUgu,pālana mūgu,pɑːlən̪ə muːgu,domestic animal,வீட்டு விலங்கு,Animals,words
ꢒꣁꢗ꣄ꢗꢶ ꢱꢸꢥꣁ,का॑च्चि सुना॑,கொச்சி ஸுனொ,ko'chchi suno',kOcci sunO,kŏcci sunŏ,kot͡ʃt͡ʃɪ s̪un̪o,hound,வேட்டை நாய்,Animals,words
ꢓꢿꢜꢸꢱꢸꢥꣁ,खेटु सुना॑,கே2டு ஸுனொ,khet'usuno',kheTusunO,kheṭusunŏ,kʰeːʈus̪un̪o,hound,வேட்டை நாய்,Animals,words
ꢗꢶꢡ꣄ꢬꢪꢸꢫꢶ,चित्रमुयि,சித்ரமுயி,chitramuyi,citramuyi,citramuyi,t͡ʃɪt̪ɾəmujɪ,giraffe,ஒட்டகச் சிவிங்கி,Animals,words
ꢆꢒꣁ,उका॑,உகொ,uko',ukO,ukŏ,uko,wolf,ஓநாய்,Animals,words
ꢮꢺꢒꣁ꣄,वृका॑,வ்ருகொ,vri'ko',vRkO,vṛkŏ,ʋɾɨko,wolf,ஓநாய்,Animals,words
ꢔꢖ꣄ꢔꢵꢬꢸ,गङगारु,க3ங்கா3ரு,gangaaru,gaGgAru,gaṅgāru,gəŋgɑːɾu,kangaroo,கங்காரு,Animals,words
ꢗꢶꢡ꣄ꢬꢮꢵꢔ꣄,चित्रवाग्,சித்ரவாக்4,chitravaag,citravAg,citravāg,t͡ʃɪt̪ɾəʋɑːg,leopard,கடுவாய்,Animals,words
ꢩꢭ꣄ꢭꢸ,भल्लु,ப4ல்லு,bhallu,bhallu,bhallu,bʰəllu,bear,கரடி,Animals,words
ꢕꢾꢣꢞ꣄ꢮꢵꢔ꣄,घ॑दड्वाग्,கெ4த3ட்3வாக்4,ghe'dad'vaag,ghEdaDvAg,ghĕdaḍvāg,gʰed̪əɖʋɑːg,hyaena,கழுதைப் புலி,Animals,words
ꢮꢥꢪꢛ꣄ꢙꢶꢬꢶ,वनमञजिरि,வனமஞ்ஜிரி,vanamanjiri,vanamaJjiri,vanamañjiri,ʋən̪əməɲd͡ʒɪɾɪ,wild cat,காட்டுப் பூனை,Animals,words
ꢮꢥꢪꢹꢔꢸ,वनमूगु,வனமூகு3,vanamoogu,vanamUgu,vanamūgu,ʋən̪əmuːgu,wild animal,காட்டு விலங்கு,Animals,words
ꢬꢵꢠꢸ ꢩꢾꢫ꣄ꢱ꣄,राणु भ॑य्स्,ராண் பெ4ய்ஸ்,raanu bhe'ys,rANu bhEys,rāṇu bhĕys,ɾɑːɳu bʰejs̪,bison,காட்டெருமை,Animals,words
ꢥꢥꢡꢸꢬ꣄꣄ ꢓꣁꢭꣁ,तन्तुर्का॑ला॑,தந்துர் கொ2லொ,nanatur kho'lo',nanatur khOlO,nanatur khŏlŏ,n̪ən̪ət̪uɾ kʰolo,jackal,குள்ள நரி,Animals,words
ꢄꢱ꣄ꢪ꣄ꢪꣁ,सिम्मा॑,ஸிம்மொ,ismmo',ismmO,ismmŏ,ɪs̪mmo,lion,சிங்கம்,Animals,words
ꢱꢶꢪ꣄ꢲꢸ,शिम्हु,ஸிம்ஹு,simhu,simhu,simhu,s̪ɪmɦu,lion,சிங்கம்,Animals,words
ꢡꢬꢒ꣄ꢰꢹ,तरक्षु,தரக்ஷு,tarakshoo,tarakSU,tarakṣū,t̪əɾəkʂuː,leopard,சிறுத்தை,Animals,words
ꢓꣁꢭꣁ,खा॑ला॑,கொ2லொ,kho'lo',khOlO,khŏlŏ,kʰolo,fox,நரி,Animals,words
ꢮꢵꢔ꣄,वाग्,வாக்3,vaag,vAg,vāg,ʋɑːg,tiger,புலி,Animals,words
ꢪꢾꢥꢶꢒꢸ ꢒꢷꢱ꣄,म॑निकु कीस्,மெனிகு கீஸ்,me'niku kees,mEniku kIs,mĕniku kīs,men̪ɪku kiːs̪,gorilla,மனிதக் குரங்கு,Animals,words
ꢓꢞꢵ ꢣꢸꢒ꣄ꢒꢬ꣄,खडा दुक्कर,க2டா3 து3க்கர்,khad'aa dukkar,khaDA dukkar,khaḍā dukkar,kʰəɖɑː d̪ukkəɾ,porcupine,முள்ளம் பன்றி,Animals,words
ꢲꣀꢱ꣄ꢡꢸ,हैस्तु,ஹைஸ்து,haistu,haistu,haistu,ɦəɪs̪t̪u,elephant,யானை,Animals,words
ꢎꢱ꣄ꢡꢸ,ऐस्तु,ஐஸ்து,aistu,aistu,aistu,əɪs̪t̪u,elephant,யானை,Animals,words
ꢔꢶꢡꢵ ꢕꣁꢞꣁ,गिता घा॑डा॑,கி3தாகொ4டொ3,gitaa gho'd'o',gitA ghODO,gitā ghŏḍŏ,gɪt̪ɑː gʰoɖo,zebra,வரிக்குதிரை,Animals,words
ꢪꢵꢪ꣄ꢱꢸ,माम्सु,மாம்ஸு,maamsu,mAmsu,māmsu,mɑːms̪u,flesh of cattle,இறைச்சி,Animals,words
ꢓꣁꢮ꣄ꢱ꣄,खा॑व्स,கொ2வ்ஸ்,kho'vs,khOvs,khŏvs,kʰoʋs̪,flesh of cattle,இறைச்சி,Animals,words
ꢨꣁꢱꢸꢭꣁ,बा॑सुला॑,பொ3ஸுலொ,bo'sulo',bOsulO,bŏsulŏ,bos̪ulo,flesh of cattle,இறைச்சி,Animals,words
ꢯꢾꢬꢶꢬ꣄,श॑रिर,ஶெரீர்,she'rir,zErir,śĕrir,ʃeɾɪɾ,body,உடல் / மெய்,Animals,words
ꢒꢪ꣄ꢨ꣄ꢭꣁ,कम्बला॑,கம்ப்3ளொ,kamblo',kamblO,kamblŏ,kəmblo,wool,கம்பளிமுடி,Animals,words
ꢤꢸꢮꢥ꣄,धुवन्,து4வன்,dhuvan,dhuvan,dhuvan,d̪ʰuʋən̪,rice water given to cattle,கழுநீர்,Animals,words
ꢤꢸꢮꢥꢸ ꢦꢥꢶ,धुवनु पनि,து4வனு பனி,dhuvanu pani,dhuvanu pani,dhuvanu pani,d̪ʰuʋən̪u pən̪ɪ,rice water given to cattle,கழுநீர்,Animals,words
ꢓꢸꢬꢶ,खुरि,கு2ரி,khuri,khuri,khuri,kʰuɾɪ,hoof,குளம்பு,Animals,words
ꢓꣁꢬ꣄,खोर,கோ2ர்,kho'r,khOr,khŏr,kʰoɾ,hoof,குளம்பு,Animals,words
ꢱꢶꢖ꣄ꢔꢸ,सिङगु,ஸிங்கு3,singu,siGgu,siṅgu,s̪ɪŋgu,horn,கொம்பு,Animals,words
ꢯꢾꢠ꣄,शेण्,ஶேன்,she'n,zEN,śĕṇ,ʃeɳ,cowdung,சாணம்,Animals,words
ꢱꣁꢠ꣄ꢜꢶ,सा॑ण्टि,ஸொண்டி,so'nt'i,sONTi,sŏṇṭi,s̪oɳʈɪ,Trunk of an elephant,துதிக்கை / தும்பிக்கை,Animals,words
ꢮꢶꢒ꣄ꢒꢸ ꢣꢵꢣ꣄,विक्कु दात्,விக்கு தா3த்,vikku daad,vikku dAd,vikku dād,ʋɪkku d̪ɑːd̪,Fang of snake,நச்சுப்பல் விஷப்பல்,Animals,words
ꢮꢶꢒ꣄ꢒꢸꢣꢵꢡ꣄,विक्कुदात्,விக்குதா3த்,vikkudaat,vikkudAt,vikkudāt,ʋɪkkud̪ɑːt̪,fang,விஷப்பல்,Animals,words
ꢱꢾꢬ꣄ꢒꢶ,स॑र्कि,ஸெர்கி,se'rki,sErki,sĕrki,s̪eɾkɪ,cotton seed as cattle feed,பருத்திக் கொட்டை,Animals,words
ꢪꢵꢥ꣄ꢣꢸꢓꢿꢱ꣄,मान्दु खेस,மாந்து3கே2ஸ்,maandukhes,mAndukhes,māndukhes,mɑːn̪d̪ukʰeːs̪,mane,பிடரி மயிர்,Animals,words
ꢦꢾꢠ꣄,पेण्,பேண்,pe'n,pEN,pĕṇ,peɳ,oil cake,பிண்ணாக்கு,Animals,words
ꢇꢤꣁ,ऊदा॑,ஊதொ3,oodho',UdhO,ūdhŏ,uːd̪ʰo,udder of cattle,மடி,Animals,words
ꢦꣁꢡꢸꢮ꣄,पा॑दुव्,பொது3வ்,po'tuv,pOtuv,pŏtuv,pot̪uʋ,udder of cattle,மடி,Animals,words
ꢓꢿꢱ꣄,खेस्,கே2ஸ்,khes,khes,khes,kʰeːs̪,hair,மயிர்,Animals,words
ꢬꣂꢪ꣄,रोम,ரோம்,rom,rom,rom,ɾoːm,hair,மயிர்,Animals,words
ꢡꢥꣁ,तनु,தனொ,tano',tanO,tanŏ,t̪ən̪o,,,Animals,words
ꢭꣁꢞ꣄ꢞꢶ,ला॑ड्डि,லொட்3டி3,lo'd'd'i,lODDi,lŏḍḍi,loɖɖɪ,animal refuse,லத்தி,Animals,words
ꢭꢵꢫꢪ꣄,लायम्,லாயம்,laayam,lAyam,lāyam,lɑːjəm,stable,லாயம்,Animals,words
ꢦꢹꢱ꣄,पूस्,பூஸ்,poos,pUs,pūs,puːs̪,tail,வால்,Animals,words
ꢦꢸꢱꢶꢞꢶ,पुसिडि,புஸிடி3,pusid'i,pusiDi,pusiḍi,pus̪ɪɖɪ,tail,வால்,Animals,words
ꢔꣁꢮꢡ꣄,गा॑वत्,கொ3வத்,go'vat,gOvat,gŏvat,goʋət̪,hay given as fodder to animals,வைக்கோல்,Animals,words
ꢬꢵꢠꢸ ꢒꣃꢭꣁ,रानुकौला॑,ராணுகௌளொ,raanu kaulo',rANu kaulO,rāṇu kaulŏ,ɾɑːɳu kəulo,raven,அண்டங்காக்கா,Birds,words
ꢗꢛ꣄ꢗꢸ,चञचु,சஞ்சு,chanchu,caJcu,cañcu,t͡ʃəɲt͡ʃu,beak,அலகு,Birds,words
ꢪꢸꢱ꣄ꢒꢶꢳꢶ,मुस्किळि,முஸ்கிளி,muskil'i,muskiLi,muskil̤i,mus̪kɪɭɪ,beak,அலகு,Birds,words
ꢂꢪ꣄ꢱꣁ,हम्सा॑,ஹம்ஸொ,amso',amsO,amsŏ,əms̪o,swan,அன்னம்,Birds,words
ꢕꢸꢔꢸ,घुगु,கூ4கு3,ghugu,ghugu,ghugu,gʰugu,owl,ஆந்தை,Birds,words
ꢆꢭꢸ,उलु,உலு,ulu,ulu,ulu,ulu,owl,ஆந்தை,Birds,words
ꢦꢶꢖ꣄ꢔꢸ,पिङ्गु,பிங்கு,pingu,piGgu,piṅgu,pɪŋgu,feather,இறகு,Birds,words
ꢦꢷꢦ꣄,पीप्,பீப்,peep,pIp,pīp,piːp,feather,இறகு,Birds,words
ꢦꢒ꣄ꢰꢶ ꢔꢹ,पक्षि गू,பக்ஷி கூ3,pakshi goo,pakSi gU,pakṣi gū,pəkʂɪ guː,bird’sdropping,எச்சம்,Birds,words
ꢬꢙꢒꣃꢭꣁ,रजकौला॑,ரஜகௌளொ,rajakaulo',rajakaulO,rajakaulŏ,ɾəd͡ʒəkəulo,king crow,கரிச்சான்,Birds,words
ꢔꣃꢬꢶ,गौरि,கௌ3ரி,gauri,gauri,gauri,gəuɾɪ,partidge,கவுதாரி,Birds,words
ꢣꢶꢰ꣄ꢳꣁ,दिष्ळा॑,தி3ஷ்ளொ,dishl'o',diSLO,diṣl̤ŏ,d̪ɪʂɭo,eagle,கழுகு,Birds,words
ꢒꣃꢭꣁ,कौला॑,கௌளொ,kaulo',kaulO,kaulŏ,kəulo,crow,காக்கா,Birds,words
ꢬꢪꣁ,रमा॑,ரமொ,ramo',ramO,ramŏ,ɾəmo,parrot,கிளி / தத்தை,Birds,words
ꢒꣁꢒꢶꢭ꣄,का॑किल्,கொகில்,ko'kil,kOkil,kŏkil,kokɪl,cuckoo,குயில்,Birds,words
ꢗꢶꢞꢶ,चिडि,சிடி3,chid'i,ciDi,ciḍi,t͡ʃɪɖɪ,sparrow,குருவி,Birds,words
ꢤꢔꣁ,धगा॑,கூ2கொ3,dhago',dhagO,dhagŏ,d̪ʰəgo,owl,கூகை/ஆந்தை,Birds,words
ꢦꢛ꣄ꢙꢶꢬꢶ꣄,पन्जिरि,பஞ்ஜிரி,panjiri,paJjiri,pañjiri,pəɲd͡ʒɪɾɪ,nest,கூடு,Birds,words
ꢥꢷꢞꣁ,नीडा॑,நீடொ3,need'o',nIDO,nīḍŏ,n̪iːɖo,nest,கூடு,Birds,words
ꢮꢔꣁ,वगा॑,வகொ3,vago',vagO,vagŏ,ʋəgo,crane,கொக்கு,Birds,words
ꢄꢭꢶ,हिलि,ஹிளி,ili,ili,ili,ɪlɪ,crest of cock,கொண்டை,Birds,words
ꢘꢸꢭꢶ,छुलि,சு2ளி,chhuli,chuli,chuli,t͡ʃʰulɪ,crest of cock,கொண்டை,Birds,words
ꢒꢸꢒꢸꢞꢶ,कुकुडि,குகுடி3,kukud'i,kukuDi,kukuḍi,kukuɖɪ,hen,கோழி,Birds,words
ꢒꢸꢞꢶ,कुडि,குடி3,kud'i,kuDi,kuḍi,kuɖɪ,hen,கோழி,Birds,words
ꢒꢸꢒꢸꢞꢶꢦꢶꢭ꣄ꢭꣁ,कुकुडिपिल्ला॑,குகுடி3பில்லொ,kukud'ipillo',kukuDipillO,kukuḍipillŏ,kukuɖɪpɪllo,chicken,கோழிக் குஞ்சு,Birds,words
ꢦꢶꢖ꣄ꢒꢸꢞꣁ,पिङकुडा॑,பிங்குடொ3,pinkud'o',piGkuDO,piṅkuḍŏ,pɪŋkuɖo,wing,சிறகு /இறக்கை,Birds,words
ꢒꢸꢒꢸꢞꣁ,कुकुडा॑,குகுடொ3,kukud'o',kukuDO,kukuḍŏ,kukuɖo,cock,சேவல்,Birds,words
ꢒꢸꢞꣁ,कुडा॑,குடொ3,kud'o',kuDO,kuḍŏ,kuɖo,cock,சேவல்,Birds,words
ꢃꢞꢶ,आडि,ஆடி3,aad'i,ADi,āḍi,ɑːɖɪ,duck,வாத்து,Birds,words
ꢨꢣꢸꢭꣁ,बदुला॑,ப3து3லொ,badulo',badulO,badulŏ,bəd̪ulo,duck,வாத்து,Birds,words
ꢮꢶꢱ꣄ꢡꢮ꣄ ꢒꢸꢞꢶ,विस्तव्कुडि,விஸ்தவ்குடி3,vistav kud'i,vistav kuDi,vistav kuḍi,ʋɪs̪t̪əʋ kuɖɪ,ostrich,தீக்கோழி,Birds,words
ꢦꢶꢛ꣄ꢘꢾ,पिञछे,பிஞ்செ2,pinchhe',piJchE,piñchĕ,pɪɲt͡ʃʰe,Plume of peacock,தோகை,Birds,words
ꢪꢸꢡꢭꣁ,मुतला॑,முதளொ,mutalo',mutalO,mutalŏ,mut̪əlo,Plume of peacock,தோகை,Birds,words
ꢦꢖ꣄ꢓꢸ,पङ्खु,பங்கு2,pankhu,paGkhu,paṅkhu,pəŋkʰu,Plume of peacock,தோகை,Birds,words
ꢒꢸꢒ꣄ꢒꢸꢬꣁ,कुक्कुरा॑,குக்குரொ,kukkuro',kukkurO,kukkurŏ,kukkuɾo,crane,நாரை,Birds,words
ꢕꢵꢬꢸ,घारु,கா4ரு,ghaaru,ghAru,ghāru,gʰɑːɾu,kite,பருந்து,Birds,words
ꢦꢒ꣄ꢰꢶ,पक्षि,பக்ஷி,pakshi,pakSi,pakṣi,pəkʂɪ,bird,பறவை,Birds,words
ꢒꣃꢣꢸ,कौदु,கௌது3,kaudu,kaudu,kaudu,kəud̪u,pigeon,புறா,Birds,words
ꢒꣁꢒ꣄ꢒꢸꢬ꣄ꢒꣀꢭꣁ,का॑क्कुर्कैला॑,கொக்குர்கைலொ,ko'kkurkailo',kOkkurkailO,kŏkkurkailŏ,kokkuɾkəɪlo,pigeon,புறா,Birds,words
ꢨꣀꢭ꣄ ꢒꢸꢞꢶ,बैल् कुडि,கபை3ல் குடி,bail kud'i,bail kuDi,bail kuḍi,bəɪl kuɖɪ,hen,பெட்டைக் கோழி,Birds,words
ꢪꢴꣂꢬꢶ,म्होरि,மோ:ரீ,mhori,mhori,mhori,mɦoːɾɪ,pea-hen,பெண்மயில்,Birds,words
ꢪꢴꣂꢬ꣄,म्होर्,மோ:ர்,mhor,mhor,mhor,mɦoːɾ,pea-cock,மயில்,Birds,words
ꢪꢴꣂꢬꢸ ꢦꢷꢒ꣄,म्होरुपीक्,மோ:ருபீக்,mhoru peek,mhoru pIk,mhoru pīk,mɦoːɾu piːk,peacock-feather,மயிலிறகு / மயிற்பீலி,Birds,words
ꢪꢴꣂꢬꢸ ꢦꢶꢖ꣄ꢒꢸ,म्होरुपिङकु,மோ:ரு பிங்கு,mhoru pinku,mhoru piGku,mhoru piṅku,mɦoːɾu pɪŋku,,,Birds,words
ꢙꢵꢞꢸ꣄ ꢜꢖ꣄ꢒꢸ ꢦꢒ꣄ꢰꢶ,जाडु टङकु पक्षि,ஜா2டு3 டங்கு பக்ஷி,jaad'u t'anku pakshi,jADu TaGku pakSi,jāḍ_ŭ ṭaṅku pakṣi,d͡ʒɑːɖu ʈəŋku pəkʂɪ,wood-pecker,மரங்கொத்தி,Birds,words
ꢪꢴꢳꢶ ꢜ꣄ꢖꢒꢸꢥꢵꢬ꣄,म्हळिटङकुनार,ம:ளி டங்குனார்,mhal'i t'ngakunaar,mhaLi TGakunAr,mhal̤i ṭṅakunār,mɦəɭɪ ʈŋəkun̪ɑːɾ,king fisher,மீன்கொத்தி,Birds,words
ꢂꢠ꣄ꢞꣁ,अण्डा॑,அண்டொ3,and'o',aNDO,aṇḍŏ,əɳɖo,egg,முட்டை,Birds,words
ꢱꢬꢶꢒꣁ,सरिका॑,ஸரிகோ,sariko',sarikO,sarikŏ,s̪əɾɪko,myna,மைனா,Birds,words
ꢡꢬꢱ꣄ꢮꢶꢥ꣄,तरस्विन्,தரஸ்வின்,tarasvin,tarasvin,tarasvin,t̪əɾəs̪ʋɪn̪,falcon,வல்லூறு,Birds,words
ꢃꢞꢶ,आडि,ஆடி,aad'i,ADi,āḍi,ɑːɖɪ,,,Birds,words
ꢡꢬ꣄ꢦꢒ꣄ꢰꢶ,तर्पक्षि,தர்பஷி,tarpakshi,tarpakSi,tarpakṣi,t̪əɾpəkʂɪ,turkey hen,வான்கோழி,Birds,words
ꢩꢵꢬꢙꢶ,भारजि,பா4ரஜி,bhaaraji,bhAraji,bhāraji,bʰɑːɾəd͡ʒɪ,skylark,வானம்பாடி,Birds,words
ꢏꢔꢸꢭ꣄,आ॑गुल,ஒகு3ல்,o'gul,Ogul,ŏgul,ogul,bat,வெளவால்,Birds,words
ꢲꢣ꣄ꢣꢸ,हद्दु,ஹத்3து3,haddu,haddu,haddu,ɦəd̪d̪u,half,அரை,Numerals,words
ꢂꢬ꣄ꢒ꣄ꢫꢵꢭ꣄,अर्क्याल,அர்க்யால்,arkyaal,arkyAl,arkyāl,əɾkjɑːl,one eight,அரைக்கால்,Numerals,words
ꢂꢖ꣄ꢒꢾ,अङ्का॑,அங்கொ,anke',aGkE,aṅkĕ,əŋke,"digit, number",இலக்கம்,Numerals,words
ꢱꣂꢮꢸ,सा॑वु,ஸொவு,sovu,sovu,sovu,s̪oːʋu,quarter,கால்,Numerals,words
ꢒꢳꣁ,कळा॑,களொ,kal'o',kaLO,kal̤ŏ,kəɭo,1/16 of a measure,மாகாணி,Numerals,words
ꢮꢷꢱꢪꢞ꣄ꢜꣁ,वीसमड्डा॑,விஸமட்3டொ3,veesamad't'o',vIsamaDTO,vīsamaḍṭŏ,ʋiːs̪əməɖʈo,1/16 of a measure,மாகாணி,Numerals,words
ꢡꢶꢮ,तिव,திவ,tiva,tiva,tiva,t̪ɪʋə,three-fourth,முக்கால்,Numerals,words
ꢱꢶꢭꢶ,सिलि,ஸிலி,sili,sili,sili,s̪ɪlɪ,1/32 of a measure,முண்டாணி,Numerals,words
ꢱꢣ꣄ꢣꢸꢮꢶꢱꢪ꣄,सद्दुविसम्,ஸத்3து3விஸம்,sadduvisam,sadduvisam,sadduvisam,s̪əd̪d̪uʋɪs̪əm,1/32 of a measure,முண்டாணி,Numerals,words
ꢱꢸꢥ꣄ꢫ,सून्य,ஸுந்ய,sunya,sunya,sunya,s̪un̪jə,zero,பாழ்,Numerals,words
ꢱꢸꢥ꣄ꢥꢸ,सुन्नु,ஸுந்நு,sunnu,sunnu,sunnu,s̪un̪n̪u,zero,பூஜியம்,Numerals,words
ꢫꣂꢔ꣄,योग्,யோக்3,yog,yog,yog,joːg,one,ஒன்று,Numerals,words
ꢣꢷ,दी,தீ3,dee,dI,dī,d̪iː,two,இரண்டு,Numerals,words
ꢣꢷꢥꢸ,दीनु,தீ3நு,deenu,dInu,dīnu,d̪iːn̪u,three,மூன்று,Numerals,words
ꢗꢵꢬꢸ,चारु,சாரு,chaaru,cAru,cāru,t͡ʃɑːɾu,four,நான்கு,Numerals,words
ꢦꢵꢛ꣄ꢗ꣄,पाञ्च्,பாஞ்ச்,paanch,pAJc,pāñc,pɑːɲt͡ʃ,five,ஐந்து,Numerals,words
ꢱꣂ,सो,ஸோ,so,so,so,s̪oː,six,ஆறு,Numerals,words
ꢱꢵꢢ꣄,साथ्,ஸாத்2,saath,sAth,sāth,s̪ɑːt̪ʰ,seven,ஏழு,Numerals,words
ꢃꢝ꣄,आठ्,ஆட்2,aat'h,ATh,āṭh,ɑːʈʰ,eight,எட்டு,Numerals,words
ꢥꣁꢮ꣄,ना॑व्,நொவ்,no'v,nOv,nŏv,n̪oʋ,nine,ஒன்பது,Numerals,words
ꢣꢾꢱ꣄,द॑स्,தெ3ஸ்,de's,dEs,dĕs,d̪es̪,ten,பத்து,Numerals,words
ꢮꢶꢒ꣄ꢫꢵꢬ꣄,विक्यार्,விக்யார்,vikyaar,vikyAr,vikyār,ʋɪkjɑːɾ,eleven,பதினொன்று,Numerals,words
ꢨꢵꢬ꣄,बार्,பா3ர்,baar,bAr,bār,bɑːɾ,twelve,பன்னிரண்டு,Numerals,words
ꢡꢿꢬ꣄,तेर्,தேர்,ter,ter,ter,t̪eːɾ,thirteen,பதிமூன்று,Numerals,words
ꢗꣁꢮꢣ꣄,चा॑व्द्,சொவ்த்3,cho'vad,cOvad,cŏvad,t͡ʃoʋəd̪,fourteen,பதினான்கு,Numerals,words
ꢧꢥ꣄ꢣꢬ꣄,फ्न्दर्,ப2ந்த3ர்,phandar,phandar,phandar,pʰən̪d̪əɾ,fifteen,பதினைந்து,Numerals,words
ꢱꣁꢮꢳ꣄,सा॑वळ,ஸொவள்,so'val',sOvaL,sŏval̤,s̪oʋəɭ,sixteen,பதினாறு,Numerals,words
ꢱꢡ꣄ꢡꢬ꣄,सत्तर्,ஸத்தர்,sattar,sattar,sattar,s̪ət̪t̪əɾ,seventeen,பதினேழு,Numerals,words
ꢂꢝꢵꢬ꣄,अठार्,அடா2ர்,at'haar,aThAr,aṭhār,əʈʰɑːɾ,eighteen,பதினெட்டு,Numerals,words
ꢏꢒ꣄ꢥꢷꢱ꣄,आ॑क्नीस्,ஒக்நீஸ்,o'knees,OknIs,ŏknīs,okn̪iːs̪,nineteen,பத்தொன்பது,Numerals,words
ꢮꢷꢱ꣄,वीस्,வீஸ்,vees,vIs,vīs,ʋiːs̪,twenty,இருபது,Numerals,words
ꢡꢷꢱ꣄,तीस्,தீஸ்,tees,tIs,tīs,t̪iːs̪,thirty,முப்பது,Numerals,words
ꢣꢷꢒꢳꢡꢷꢱ꣄,दीकळतीस्,தீ3களதீஸ்,deekal'atees,dIkaLatIs,dīkal̤atīs,d̪iːkəɭət̪iːs̪,thirty two,முப்பத்திரண்டு,Numerals,words
ꢗꢳꢶꢱ꣄,चळिस्,சளிஸ்,chal'is,caLis,cal̤is,t͡ʃəɭɪs̪,forty,நாற்பது,Numerals,words
ꢢꢷꢥ꣄ꢒꢳ ꢗꢳꢶꢱ꣄,थिन्कळ चळिस्,தீ2ந்களசளிஸ்,theenkal'a chal'is,thInkaLa caLis,thīnkal̤a cal̤is,t̪ʰiːn̪kəɭə t͡ʃəɭɪs̪,forty three,நாற்பத்துமூன்று,Numerals,words
ꢦꣁꢥ꣄ꢥꢵꢱ꣄,पा॑न्नास्,பொந்நாஸ்,po'nnaas,pOnnAs,pŏnnās,pon̪n̪ɑːs̪,fifty,ஐம்பது,Numerals,words
ꢗꢵꢬ꣄ꢒꢳ ꢦꣁꢥ꣄ꢥꢵꢱ꣄,चार्कळ पा॑न्नास्,சார்கள பொந்நாஸ்,chaarkal'a po'nnaas,cArkaLa pOnnAs,cārkal̤a pŏnnās,t͡ʃɑːɾkəɭə pon̪n̪ɑːs̪,fifty four,ஐம்பத்து நான்கு,Numerals,words
ꢱꢵꢜ꣄,साट्,ஸாட்,saat',sAT,sāṭ,s̪ɑːʈ,sixty,அறுபது,Numerals,words
ꢦꢵꢛ꣄ꢗꢳ ꢱꢵꢜ꣄,पाञ्सळसाट्,பாஞ்சளஸாட்,paanchal'a saat',pAJcaLa sAT,pāñcal̤a sāṭ,pɑːɲt͡ʃəɭə s̪ɑːʈ,sixty five,அறுபத்தைந்து,Numerals,words
ꢱꢷꢬ꣄,सीर्,ஸீர்,seer,sIr,sīr,s̪iːɾ,seventy,எழுபது,Numerals,words
ꢱꣂꢒꢳ ꢱꢷꢬ꣄,सोकळसीर्,ஸோகளஸீர்,sokal'a seer,sokaLa sIr,sokal̤a sīr,s̪oːkəɭə s̪iːɾ,seventy six,எழுபத்தாறு,Numerals,words
ꢂꢱꢶ,असि,அஸி,asi,asi,asi,əs̪ɪ,eighty,எண்பது,Numerals,words
ꢱꢵꢡ꣄ꢒꢳ ꢂꢱꢶ,सात्कळअसि,ஸாத்களஅஸி,saatkal'a asi,sAtkaLa asi,sātkal̤a asi,s̪ɑːt̪kəɭə əs̪ɪ,eighty seven,எண்பத்தேழு,Numerals,words
ꢥꢮꢡ꣄,नवत्,நவத்,navat,navat,navat,n̪əʋət̪,ninety,தொண்ணூறு,Numerals,words
ꢃꢜ꣄ꢒꢳ ꢥꢮꢡ꣄,आट्कळ नवत्,ஆட்களநவத்,aat'kal'a navat,ATkaLa navat,āṭkal̤a navat,ɑːʈkəɭə n̪əʋət̪,ninety eight,தொண்ணூற்றொட்டு,Numerals,words
ꢥꣁꢮ꣄ꢮꢳ ꢥꢮꢡ꣄,नोव्वअ नवत्,நொவ்வளநவத்,no'vval'a navat,nOvvaLa navat,nŏvval̤a navat,n̪oʋʋəɭə n̪əʋət̪,ninety nine,தொண்ணூற்றொன்பது,Numerals,words
ꢱꣂꢮꢸ,सोवु,ஸோவு,sovu,sovu,sovu,s̪oːʋu,hundred,நூறு,Numerals,words
ꢫꣂꢒꢭ ꢱꣂꢮꢸ,योकळसोवु,யோகளஸோவு,yokala sovu,yokala sovu,yokala sovu,joːkələ s̪oːʋu,hundred and one,நூற்று ஒன்று,Numerals,words
ꢣꢷꢒꢳ ꢱꣂꢮꢸ,दीकलसोवु,தீ3களஸோவு,deekal'a sovu,dIkaLa sovu,dīkal̤a sovu,d̪iːkəɭə s̪oːʋu,hundred and two,நூற்று இரண்டு,Numerals,words
ꢣꢷꢱꣂꢮꢸ,दीसोवु,தீ3ஸோவு,deesovu,dIsovu,dīsovu,d̪iːs̪oːʋu,two hundred,இருநூறு,Numerals,words
ꢢꢷꢥ꣄ꢱꣂꢮꢸ,थीन्सोवु,தீ2ந்ஸோவு,theensovu,thInsovu,thīnsovu,t̪ʰiːn̪s̪oːʋu,three hundred,முந்நூறு,Numerals,words
ꢗꢵꢬ꣄ꢱꣂꢮꢸ,चार्सोवु,சார்ஸோவு,chaarsovu,cArsovu,cārsovu,t͡ʃɑːɾs̪oːʋu,four hundred,நானூறு,Numerals,words
ꢦꢵꢛ꣄ꢗ꣄ ꢱꣂꢮꢸ,पाञ्सोवु,பாஞ்சு; ஸோவு,paanch sovu,pAJc sovu,pāñc sovu,pɑːɲt͡ʃ s̪oːʋu,five hundred,ஐநூறு,Numerals,words
ꢱꣂ ꢱꣂꢮꢸ,सोसोवु,ஸோஸோவு,so sovu,so sovu,so sovu,s̪oː s̪oːʋu,six hundred,அறுநூறு,Numerals,words
ꢱꢵꢡ꣄ ꢱꣂꢮꢸ,सात्सोवु,ஸாத்ஸோவு,saat sovu,sAt sovu,sāt sovu,s̪ɑːt̪ s̪oːʋu,seven hundred,எழுநூறு,Numerals,words
ꢃꢝ꣄ꢱꣂꢮꢸ,आठ्सोवु,ஆட்2ஸோவு,aat'hsovu,AThsovu,āṭhsovu,ɑːʈʰs̪oːʋu,eight hundred,எண்ணூறு,Numerals,words
ꢥꣁꢮ꣄ ꢱꣂꢮꢸ,ना॑वसोवु,நொவ்ஸோவு,no'v sovu,nOv sovu,nŏv sovu,n̪oʋ s̪oːʋu,nine hundred,தொள்ளாயிரம்,Numerals,words
ꢥꣁꢭ꣄ꢒꢳ ꢥꣁꢮ꣄ꢱꣂꢮꢸ,ना॑ल्कळ नोव्सोवु,நொல்களநொவ்ஸோவு,no'lkal'a no'vsovu,nOlkaLa nOvsovu,nŏlkal̤a nŏvsovu,n̪olkəɭə n̪oʋs̪oːʋu,nine hundred and nine,தொள்ளாயிரத்து ஒன்பது,Numerals,words
ꢱꢱꢬꢸ,ससरु,ஸஸரு,sasaru,sasaru,sasaru,s̪əs̪əɾu,thousand,ஆயிரம்,Numerals,words
ꢣꢷꢒꢳ ꢱꢱꢬꢸ,दीकळ ससरु,தீ3களஸஸரு,deekal'a sasaru,dIkaLa sasaru,dīkal̤a sasaru,d̪iːkəɭə s̪əs̪əɾu,thousand and two,ஆயிரத்து இரண்டு,Numerals,words
ꢮꢷꢱ꣄ꢒꢳ ꢱꢱꢬꢸ,विस्कळ ससरु,வீஸ்களஸஸரு,veeskal'a sasaru,vIskaLa sasaru,vīskal̤a sasaru,ʋiːs̪kəɭə s̪əs̪əɾu,thousand and twenty,ஆயிரத்து இருபது,Numerals,words
ꢣꢷꢱꢵꢬ꣄,दीसार्,தீ3ஸார்,deesaar,dIsAr,dīsār,d̪iːs̪ɑːɾ,two thousand,இரண்டாயிரம்,Numerals,words
ꢢꢶꢥ꣄ꢱꢵꢬ꣄,थिनसार्,தி2ந்ஸார்,thinsaar,thinsAr,thinsār,t̪ʰɪn̪s̪ɑːɾ,three thousand,மூவாயிரம்,Numerals,words
ꢗꢵꢬ꣄ ꢱꢵꢬ꣄,चार्सार्,சார்ஸார்,chaar saar,cAr sAr,cār sār,t͡ʃɑːɾ s̪ɑːɾ,four thousand,நாலாயிரம்,Numerals,words
ꢦꢵꢛ꣄ꢗ꣄ ꢱꢱꢬ꣄,पाञच्सार्,பாஞ்ச்ஸஸர்,paanch sasar,pAJc sasar,pāñc sasar,pɑːɲt͡ʃ s̪əs̪əɾ,five thousand,ஐயாயிரம்,Numerals,words
ꢱꣂ ꢱꢵꢱꢬ꣄,सो ससर्,ஸோஸஸர்,so saasar,so sAsar,so sāsar,s̪oː s̪ɑːs̪əɾ,six thousand,ஆறாயிரம்,Numerals,words
ꢱꢵꢡ꣄ ꢱꢱꢬ꣄,साट्ससर्,ஸாத்ஸஸர்,saat sasar,sAt sasar,sāt sasar,s̪ɑːt̪ s̪əs̪əɾ,seven thousand,ஏழாயிரம்,Numerals,words
ꢃꢜ꣄ ꢱꢱꢬ꣄,आट्ससर्,ஆட்ஸஸர்,aat' sasar,AT sasar,āṭ sasar,ɑːʈ s̪əs̪əɾ,eight thousand,எட்டாயிரம்,Numerals,words
ꢥꣁꢮ꣄ ꢱꢱꢬ꣄,ना॑व्ससर्,நொவ்ஸஸர்,no'v sasar,nOv sasar,nŏv sasar,n̪oʋ s̪əs̪əɾ,nine thousand,ஒன்பதாயிரம்,Numerals,words
ꢣꢾꢱ꣄ ꢱꢱꢬ꣄,द॑स्ससर्,தெ3ஸ்ஸஸர்,de's sasar,dEs sasar,dĕs sasar,d̪es̪ s̪əs̪əɾ,ten thousand,பத்தாயிரம்,Numerals,words
ꢭꢾꢒ꣄ꢒꢸ,ल॑क्कु,லெக்கு,le'kku,lEkku,lĕkku,lekku,one lakh,இலட்சம்,Numerals,words
ꢱꣁꢮꢸ ꢱꢱꢬꢸ,सा॑वु ससरु,ஸொவுஸஸரு,so'vu sasaru,sOvu sasaru,sŏvu sasaru,s̪oʋu s̪əs̪əɾu,one lakh,நூறாயிரம்,Numerals,words
ꢒꣂꢜꢶ,कोटि,கோடி,kot'i,koTi,koṭi,koːʈɪ,crore,கோடி,Numerals,words
ꢏꢠ꣄ꢜꢾ,आ॑ण्ट॑,ஒண்டெ,o'nt'e',ONTE,ŏṇṭĕ,oɳʈe,adjective form of one comes before consonant beginning nouns,ஒரு,Numerals,words
ꢏꢠ꣄ꢜꢾ,आ॑ण्ट॑,ஒண்டெ,o'nt'e',ONTE,ŏṇṭĕ,oɳʈe,adjective form of one comes before vowel beginning nouns,ஓர்,Numerals,words
ꢧꣀꢭꣁ,फैला॑,பை2லொ,phailo',phailO,phailŏ,pʰəɪlo,first,முதலாவது,Numerals,words
ꢧꣀꢭꢵꢪ꣄,फैलाम्,பை2லாம்,phailaam,phailAm,phailām,pʰəɪlɑːm,first,முதலாம்,Numerals,words
ꢣꢶꢮ꣄ꢮꣁ,दिव्वा॑,தி3வ்வொ,divvo',divvO,divvŏ,d̪ɪʋʋo,second,இரண்டாம்,Numerals,words
ꢣꢶꢮꢫꣁ,दिवया॑,தி3வயொ,divayo',divayO,divayŏ,d̪ɪʋəjo,second,இரண்டாவது,Numerals,words
ꢢꢶꢥ꣄ꢱꢵ,थिन्सा,தி2ந்ஸா,thinsaa,thinsA,thinsā,t̪ʰɪn̪s̪ɑː,third,மூன்றாம்,Numerals,words
ꢣꢶꢥ꣄ꢮꢫꣁ,दिन्वया॑,தி3ந்வயொ,dinvayo',dinvayO,dinvayŏ,d̪ɪn̪ʋəjo,third,மூன்றாவது,Numerals,words
ꢗꢬ꣄ꢭꣁ,चर्ला॑,சர்லொ,charlo',carlO,carlŏ,t͡ʃəɾlo,fourth,நான்காம்,Numerals,words
ꢗꢬ꣄ꢮꢫꣁ,चर्वया॑,சர்வயொ,charvayo',carvayO,carvayŏ,t͡ʃəɾʋəjo,fourth,நான்காவது,Numerals,words
ꢦꢮ꣄ꢛ꣄ꢗꣁ,पवञ्चो,பவ்ஞ்சொ,pavncho',pavJcO,pavñcŏ,pəʋɲt͡ʃo,fifth,ஐந்தாம்,Numerals,words
ꢦꢮ꣄ꢛ꣄ꢗꣁꢫꣁ,पवञ्चा॑या॑,பவ்ஞ்சொயொ,pavncho'yo',pavJcOyO,pavñcŏyŏ,pəʋɲt͡ʃojo,fifth,ஐந்தாவது,Numerals,words
ꢱꣁꢮ꣄ꢮꣁ,सा॑व्वा॑,ஸொவ்வொ,so'vvo',sOvvO,sŏvvŏ,s̪oʋʋo,sixth,ஆறாம்,Numerals,words
ꢱꣁꢮ꣄ꢮꢫꣁ,सा॑व्वया॑,ஸொவ்வயொ,so'vvayo',sOvvayO,sŏvvayŏ,s̪oʋʋəjo,sixth,ஆறாவது,Numerals,words
ꢱꢡ꣄ꢭꣁ,सत्ला॑,ஸத்லொ,satlo',satlO,satlŏ,s̪ət̪lo,seventh,ஏழாம்,Numerals,words
ꢱꢡ꣄ꢮꢫꣁ,सत्वया॑,ஸத்வயொ,satvayo',satvayO,satvayŏ,s̪ət̪ʋəjo,seventh,ஏழாவது,Numerals,words
ꢂꢜ꣄ꢮ,अट्व,அட்வ,at'va,aTva,aṭva,əʈʋə,eighth,எட்டாம்,Numerals,words
ꢂꢜ꣄ꢮꢫꣁ,अट्वया॑,அட்வயொ,at'vayo',aTvayO,aṭvayŏ,əʈʋəjo,eighth,எட்டாவது,Numerals,words
ꢥꣁꢮ꣄ꢮ,ना॑व्व,நொவ்வ,no'vva,nOvva,nŏvva,n̪oʋʋə,nineth,ஒன்பதாம்,Numerals,words
ꢥꣁꢮ꣄ꢮꢫꣁ,ना॑व्वया॑,நொவ்வயொ,no'vvayo',nOvvayO,nŏvvayŏ,n̪oʋʋəjo,nineth,ஒன்பதாவது,Numerals,words
ꢣꢾꢱ꣄,द॑स,தெஸ்,de's,dEs,dĕs,d̪es̪,tenth,பத்தாம்,Numerals,words
ꢣꢾꢱ꣄ꢮꢫꣁ,द॑स्वया॑,தெ3ஸ்வயொ,de'svayo',dEsvayO,dĕsvayŏ,d̪es̪ʋəjo,tenth,பத்தாவது,Numerals,words
ꢤꢬ꣄ꢪ ꢦꢸꢱ꣄ꢡꢮ꣄,धर्म पुस्तव,த4ர்ம புஸ்தவ்,dharma pustav,dharma pustav,dharma pustav,d̪ʰəɾmə pus̪t̪əʋ,moral literature,அறநூல்,Literature,words
ꢤꢬ꣄ꢪꣁ,धर्मा॑,த4ர்மொ,dharmo',dharmO,dharmŏ,d̪ʰəɾmo,moral,அறம்,Literature,words
ꢱꢸꢮꢡ꣄ꢡꢵꢥ꣄,सुवत्तान,ஸுவத்தான்,suvattaan,suvattAn,suvattān,s̪uʋət̪t̪ɑːn̪,moral sayings,அறவுரைகள்,Literature,words
ꢥꢷꢡꢶ ꢆꢒ꣄ꢡꢶꢥ꣄,नीति उक्तिन,நீதி உக்தின்,neeti uktin,nIti uktin,nīti uktin,n̪iːt̪ɪ ukt̪ɪn̪,moral sayings,அறவுரைகள்,Literature,words
ꢗꣁꢒ꣄ ꢮꢵꢗꢸꢥ꣄,चा॑क्वाचुन,சொக்வாசுன்,cho'k vaachun,cOk vAcun,cŏk vācun,t͡ʃok ʋɑːt͡ʃun̪,moral sayings,அறவுரைகள்,Literature,words
ꢤꢾꢬꢸꢪꢸ ꢮꢡ꣄ꢡꢵꢥ꣄,ध॑रुमु वत्तान,தெ4ருமு வத்தான்,dhe'rumu vattaan,dhErumu vattAn,dhĕrumu vattān,d̪ʰeɾumu ʋət̪t̪ɑːn̪,moral sayings,அறவுரைகள்,Literature,words
ꢲꢶꢡ ꢮꢵꢗꢸꢥ꣄,हित वाचुन,ஹித வாசுன்,hita vaachun,hita vAcun,hita vācun,ɦɪt̪ə ʋɑːt͡ʃun̪,moral sayings,அறவுரைகள்,Literature,words
ꢄꢡꢶꢲꢵꢱ꣄,इतिहास,இதிஹாஸ்,itihaas,itihAs,itihās,ɪt̪ɪɦɑːs̪,epic,இதிகாசம்,Literature,words
ꢱꢛ꣄ꢗꢭꢥꣁ,सञ्चलना॑,ஸஞ்சலனொ,sanchalano',saJcalanO,sañcalanŏ,s̪əɲt͡ʃələn̪o,movement,இயக்கம்,Literature,words
ꢱꢵꢲꢶꢡ꣄ꢫꢱꢵꢱ꣄ꢡꢬ꣄,साहिय सास्तर,ஸாஹித்ய ஸாஸ்தர்,saahityasaastar,sAhityasAstar,sāhityasāstar,s̪ɑːɦɪt̪jəs̪ɑːs̪t̪əɾ,literary theory,இலக்கியக் கொள்கை,Literature,words
ꢂꢭꢖ꣄ꢒꢵꢬꢸ ꢱꢵꢱ꣄ꢡꢬ꣄,अलङ्कारु सास्तर,அலங்காரு ஸாஸ்தர்,alankaaru saastar,alaGkAru sAstar,alaṅkāru sāstar,ələŋkɑːɾu s̪ɑːs̪t̪əɾ,literary theory,இலக்கியக் கொள்கை,Literature,words
ꢱꢵꢲꢶꢡ꣄ꢫꢸ,साहित्यु,ஸாஹித்யு,saahityu,sAhityu,sāhityu,s̪ɑːɦɪt̪ju,literature,இலக்கியம்,Literature,words
ꢦ꣄ꢬꢾꢪꣁ,प्रेमा॑,ப்ரேமொ,pre'mo',prEmO,prĕmŏ,pɾemo,love,இன்பம்,Literature,words
ꢱꢾꢬ ꢤꢪꢶꢥꢶ,स॑र धमिनि,ஸெரத4மினி,se'ra dhamini,sEra dhamini,sĕra dhamini,s̪eɾə d̪ʰəmɪn̪ɪ,elopement,உடன் போக்கு,Literature,words
ꢱꢲ ꢦꢭꢵꢫꢥꣁ,सह पलायना॑,ஸஹபலாயனொ,saha palaayano',saha palAyanO,saha palāyanŏ,s̪əɦə pəlɑːjən̪o,elopement,உடன் போக்கு,Literature,words
ꢱꢲ ꢔꢪꢥꣁ,सह गमना॑,ஸஹக3மனொ,saha gamano',saha gamanO,saha gamanŏ,s̪əɦə gəmən̪o,elopement,உடன் போக்கு,Literature,words
ꢮ꣄ꢫꢵꢓ꣄ꢫꢵꢥ꣄,व्याख्यान,வ்யாக்2யான்,vyaakhyaan,vyAkhyAn,vyākhyān,ʋjɑːkʰjɑːn̪,commentary,உரை,Literature,words
ꢮꢗꢥ ꢱꣀꢭꢶ,वचन सैलि,வசன ஸைலி,vachana saili,vacana saili,vacana saili,ʋət͡ʃən̪ə s̪əɪlɪ,prose style,உரை நடை,Literature,words
ꢔꢣ꣄ꢫꣁ,गद्या॑,க3த்3யொ,gadyo',gadyO,gadyŏ,gəd̪jo,prose style,உரை நடை,Literature,words
ꢡꢵꢞꢶꢦꢵꢥꢸꢥ꣄,ताडिपानुन,தாடி3பானுன்,taad'ipaanun,tADipAnun,tāḍipānun,t̪ɑːɖɪpɑːn̪un̪,palm leaf manuscript,ஏடுகள்,Literature,words
ꢮꢶꢫꢵꢱ꣄,वियास,வியாஸ்,viyaas,viyAs,viyās,ʋɪjɑːs̪,essay,கட்டுரை,Literature,words
ꢣꢾꢮꢸ ꢱ꣄ꢡꢶꢡꢶ,देवु स्तिति,தே3வுஸ்துதி,de'vu stiti,dEvu stiti,dĕvu stiti,d̪eʋu s̪t̪ɪt̪ɪ,invocation,கடவுள் வாழ்த்து,Literature,words
ꢱꢶꢣ꣄ꢣꢵꢥ꣄ꢤꢸ ꢱꢣꢱ꣄,सिद्दान्धु सदस,ஸித்3தா3ந்து4 ஸத3ஸ்,siddaandhu sadas,siddAndhu sadas,siddāndhu sadas,s̪ɪd̪d̪ɑːn̪d̪ʰu s̪əd̪əs̪,seminar,கருத்தரங்கம்,Literature,words
ꢒꢮꢶꢡꣁ,कवितो,கவிதொ,kavito',kavitO,kavitŏ,kəʋɪt̪o,poem,கவிதை,Literature,words
ꢗꢖ꣄ꢔꢪ꣄,चङगम्,ஸங்க3ம்,changam,caGgam,caṅgam,t͡ʃəŋgəm,academy,கழகம்,Literature,words
ꢪꢠ꣄ꢞꢭ꣄,मण्डल,மண்ட3ல்,mand'al,maNDal,maṇḍal,məɳɖəl,academy,கழகம்,Literature,words
ꢦ꣄ꢬꢾꢮꢸ ꢙꢶꢮ꣄ꢥꢪ꣄,प्रेवु जिव्नम,ப்ரேவு ஜிவ்னம்,pre'vu jivnam,prEvu jivnam,prĕvu jivnam,pɾeʋu d͡ʒɪʋn̪əm,love life,களவு வாழ்க்கை,Literature,words
ꢤꢾꢬꢸꢪꢸ ꢙꢶꢮ꣄ꢥꢪ꣄,धेरुमु जिव्नम,தெ4ருமு ஜிவ்னம்,dhe'rumu jivnam,dhErumu jivnam,dhĕrumu jivnam,d̪ʰeɾumu d͡ʒɪʋn̪əm,chaste life,கற்பு வாழ்க்கை,Literature,words
ꢂꢤ꣄ꢫꢵꢫꢸ,अध्यायु,அத்4யாயு,adhyaayu,adhyAyu,adhyāyu,əd̪ʰjɑːju,section,காதை,Literature,words
ꢱꢬ꣄ꢔꢸ,सर्गु,ஸர்கு3,sargu,sargu,sargu,s̪əɾgu,section,காதை,Literature,words
ꢪꢲꢵꢒꢵꢮ꣄ꢫꢸ,महाकाव्यु,மஹாகாவ்யு,mahaakaavyu,mahAkAvyu,mahākāvyu,məɦɑːkɑːʋju,epic,காப்பியம்,Literature,words
ꢦꢶꢬꢵꢪꣁ,पिरामा॑,பிராமொ,piraamo',pirAmO,pirāmŏ,pɪɾɑːmo,love,காமம்,Literature,words
ꢄꢗ꣄ꢗꣁ,इच्चा॑,இச்சொ,ichcho',iccO,iccŏ,ɪt͡ʃt͡ʃo,love,காமம்,Literature,words
ꢃꢱ꣄ꢡꣁ,आस्ता॑,ஆஸ்தொ,aasto',AstO,āstŏ,ɑːs̪t̪o,love,காமம்,Literature,words
ꢦꢬꢷꢡꢶ,पिरीति,பிரீதி,pareeti,parIti,parīti,pəɾiːt̪ɪ,love,காமம்,Literature,words
ꢒꢵꢪꣁ,कामा॑,காமொ,kaamo',kAmO,kāmŏ,kɑːmo,love,காமம்,Literature,words
ꢦꣁꢮꢱꢸ ꢒꢵꢭ꣄,पा॑व्सु काल,பொவ்ஸு கால்,po'vasu kaal,pOvasu kAl,pŏvasu kāl,poʋəs̪u kɑːl,rainy season,கார்காலம்,Literature,words
ꢍꢱꢸ ꢮꢵꢜ꣄,एसुवाट्,ஏஸு வாட்,esu vaat',esu vAT,esu vāṭ,eːs̪u ʋɑːʈ,Christianity,கிருஸ்த்துவம்,Literature,words
ꢥꢵꢫꢒꢶ,नायकि,நாயகி,naayaki,nAyaki,nāyaki,n̪ɑːjəkɪ,heroine,கிழத்தி,Literature,words
ꢥꢵꢫꢒꣁ,नायका॑,நாயகொ,naayako',nAyakO,nāyakŏ,n̪ɑːjəko,"leader, hero",கிழவன்,Literature,words
ꢱꢶꢱꢸꢱꢵꢄꢡ꣄ꢫꢸ,सिसुसाहित्यु,ஸிஸுஸாஹித்யு,sisusaaityu,sisusAityu,sisusāityu,s̪ɪs̪us̪ɑːɪt̪ju,children literature,குழந்தை இலக்கியம்,Literature,words
ꢦꣁꢱ꣄ꢪꢾ,पा॑स्म॑,பொஸ்மெ,po'sme',pOsmE,pŏsmĕ,pos̪me,foretelling,குறி,Literature,words
ꢲꢾꢱ꣄ꢫꢪ꣄,हेस्यम,ஹேஸ்யம்,he'syam,hEsyam,hĕsyam,ɦes̪jəm,foretelling,குறி,Literature,words
ꢥꢵꢗꢸꢮꢵꢥ꣄,नाचुवान,நாசுவான்,naachuvaan,nAcuvAn,nācuvān,n̪ɑːt͡ʃuʋɑːn̪,dancers,கூத்தர்,Literature,words
ꢱꢶꢳ꣄ꢳꢵ ꢒꢵꢭ꣄,सिळ्ळा काल,ஸிள்ளாகால்,sil'l'aa kaal,siLLA kAl,sil̤l̤ā kāl,s̪ɪɭɭɑː kɑːl,winter season,கூதிர்காலம்,Literature,words
ꢲꢶꢪꢳꣁ,हिमळा॑,ஹிமளொ,himal'o',himaLO,himal̤ŏ,ɦɪməɭo,winter season,கூதிர்காலம்,Literature,words
ꢲꢶꢪꢸꢱꢸ ꢒꢵꢭ꣄,हिमुसु काल,ஹிமுஸுகால்,himusu kaal,himusu kAl,himusu kāl,ɦɪmus̪u kɑːl,winter season,கூதிர்காலம்,Literature,words
ꢣꢵꢥ꣄,दान,தா3ன்,daan,dAn,dān,d̪ɑːn̪,philantrophy,கொடை,Literature,words
ꢱꢪꢱ꣄ꢢꢵꢥ꣄,समस्थान्,ஸம்ஸ்தா2ன்,samasthaan,samasthAn,samasthān,s̪əməs̪t̪ʰɑːn̪,academy,சங்கம்,Literature,words
ꢱꢪ꣄ꢒ꣄ꢯꢾꢦ꣄,सम्क्षेप,ஸம்க்ஷேப்,samkshe'p,samkzEp,samkśĕp,s̪əmkʃep,summary,சுருக்கம்,Literature,words
ꢡꢵꢣꢶ,ताडि,தாடி3,taadi,tAdi,tādi,t̪ɑːd̪ɪ,palm leaf manuscript,ஓலை சுவடி,Literature,words
ꢡꢵꢜꢶ - ꢦꢵꢥꢸ ꢭꢶꢓꢾꢫꣁ,ताटि - पानुम् लिख॑या॑,தாடி - பானும் லிகெ2யொ,taat'i - paanu likhe'yo',tATi - pAnu likhEyO,tāṭi - pānu likhĕyŏ,t̪ɑːʈɪ - pɑːn̪u lɪkʰejo,palm leaf manuscript,ஓலை சுவடி,Literature,words
ꢦꢣ꣄ꢫꣁ,पद्या॑,பத்3யொ,padyo',padyO,padyŏ,pəd̪jo,poetry,செய்யுள்,Literature,words
ꢒꢮꢶꢡꢵ ꢬꢷꢡꢶ,कविता रीति,கவிதா ரீதி,kavitaa reeti,kavitA rIti,kavitā rīti,kəʋɪt̪ɑː ɾiːt̪ɪ,poetry style,செய்யுள் நடை,Literature,words
ꢯꣀꢮꣁ,शैवा॑,ஸைவொ,shaivo',zaivO,śaivŏ,ʃəɪʋo,saivism,சைவம்,Literature,words
ꢯꢶꢮ ꢪꢵꢬ꣄ꢔꢸ,शिवमार्गु,ஶிவமார்கு3,shiva maargu,ziva mArgu,śiva mārgu,ʃɪʋə mɑːɾgu,saivism,சைவம்,Literature,words
ꢮꢡ꣄ꢡꢵ ꢂꢬ꣄ꢢꢸ,वत्ता अर्थु,வத்தாஅர்து2,vattaa arthu,vattA arthu,vattā arthu,ʋət̪t̪ɑː əɾt̪ʰu,word meaning,சொற்பொருள்,Literature,words
ꢦ꣄ꢬꢱꢖ꣄ꢔꢸ,प्रसङ्गु,ப்ரஸங்கு3,prasangu,prasaGgu,prasaṅgu,pɾəs̪əŋgu,speech,சொற்பொழிவு,Literature,words
ꢩꢵꢰꢠꣁ,भाषणा॑,பா4ஷணொ,bhaashano',bhASaNO,bhāṣaṇŏ,bʰɑːʂəɳo,speech,சொற்பொழிவு,Literature,words
ꢥꢵꢫꢒꢥ꣄,नायकन,நாயகன்,naayakan,nAyakan,nāyakan,n̪ɑːjəkən̪,hero,தலைவன்,Literature,words
ꢗꢭꢥ꣄ꢒꢵꢭ꣄,चलन्काल,சலன்கால்,chalankaal,calankAl,calankāl,t͡ʃələn̪kɑːl,modern period,தற்காலம்,Literature,words
ꢗꢭ꣄ꢡꢒꢵꢭ꣄,चल्तकाल,சல்தகால்,chaltakaal,caltakAl,caltakāl,t͡ʃəlt̪əkɑːl,modern period,தற்காலம்,Literature,words
ꢱ꣄ꢮ ꢗꢬꢶꢡ꣄ꢬꢸ,स्व चरित्रु,ஸ்வ சரித்ரு,sva charitru,sva caritru,sva caritru,s̪ʋə t͡ʃəɾɪt̪ɾu,autobiography,தன்வரலாறு,Literature,words
ꢂꢭꢔ꣄ ꢔꢷꢡꢸꢥ꣄,अलग गीतुन,அலக்3 கீ3துன்,alag geetun,alag gItun,alag gītun,ələg giːt̪un̪,collection of various poems,தனிப்பாடல்கள்,Literature,words
ꢕꢾꢬꢸ ꢤꢾꢬꢸꢪ꣄,घेरु ध॑रुम,கே4ரு தெ4ரும்,ghe'ru dhe'rum,ghEru dhErum,ghĕru dhĕrum,gʰeɾu d̪ʰeɾum,conduct,திணை,Literature,words
ꢣꣂꢰ ꢔꢸꢠ ꢮꢶꢪꢬ꣄ꢱꢠꣁ,दोष गुण विमर्सणा॑,தோ3ஷ கு3ண விமர்ஸணொ,dosha guna vimarsano',doSa guNa vimarsaNO,doṣa guṇa vimarsaṇŏ,d̪oːʂə guɳə ʋɪməɾs̪əɳo,criticism,திறனாய்வு,Literature,words
ꢱꢥ꣄ꢫꢵꢱꢸ ꢂꢗꢵꢬ꣄,सन्यासु अचार,ஸன்யாஸு அசார்,sanyaasu achaar,sanyAsu acAr,sanyāsu acār,s̪ən̪jɑːs̪u ət͡ʃɑːɾ,ascetic life,துறவறம்,Literature,words
ꢣꢾꢒ꣄ꢯꢸꢠꢸ ꢮꢬꣁ,द॑क्षुणु वरा॑,தெ3க்ஷுணு வரொ,de'kshunu varo',dEkzuNu varO,dĕkśuṇu varŏ,d̪ekʃuɳu ʋəɾo,wind from south,தென்றல்,Literature,words
ꢪꢥ꣄ꢣ ꢪꢵꢬꢸꢣꣁ,मन्द मारुदा॑,மந்த3 மாருதொ3,manda maarudo',manda mArudO,manda mārudŏ,mən̪d̪ə mɑːɾud̪o,wind from south,தென்றல்,Literature,words
ꢱꢖ꣄ꢒꢭꢥꢒꢬ꣄ꢡꣁ,सङ्कलनकर्ता॑,ஸங்கலனகர்தொ,sankalanakarto',saGkalanakartO,saṅkalanakartŏ,s̪əŋkələn̪əkəɾt̪o,compiler/editor,தொகுப்பாளர்,Literature,words
ꢮ꣄ꢫꢵꢱ꣄,व्यास,வ்யாஸ்,vyaas,vyAs,vyās,ʋjɑːs̪,compiler/editor,தொகுப்பாளர்,Literature,words
ꢙꢾꢡꣁ ꢗꢾꢬ꣄ꢗꢸꢥꢵꢬ꣄,ज॑ता॑ च॑र्चुनार,ஜெதொ செர்சுனார்,je'to' che'rchunaar,jEtO cErcunAr,jĕtŏ cĕrcunār,d͡ʒet̪o t͡ʃeɾt͡ʃun̪ɑːɾ,compiler/editor,தொகுப்பாளர்,Literature,words
ꢱꢪ꣄ꢦꢵꢢꢒꣁ,सम्पातका॑,ஸம்பாதகொ,sampaathako',sampAthakO,sampāthakŏ,s̪əmpɑːt̪ʰəko,compiler/editor,தொகுப்பாளர்,Literature,words
ꢮꢬ꣄ꢠꢶ,वर्णि,வர்ணி,varni,varNi,varṇi,ʋəɾɳɪ,collection,தொகை,Literature,words
ꢥꢵꢫꢥ꣄ꢪꢵꢬ꣄,नायन्मार्,நாயன்மார்,naayanmaar,nAyanmAr,nāyanmār,n̪ɑːjən̪mɑːɾ,saiva saints,நாயன்மார்,Literature,words
ꢥꢶꢔꢠ꣄ꢜꢸ,निगण्टु,நிக3ண்டு,nigant'u,nigaNTu,nigaṇṭu,n̪ɪgəɳʈu,dictionary,நிகண்டு,Literature,words
ꢤꢾꢬ꣄ꢪꢸ ꢓꢾꢥꢶ,ध॑र्मु ख॑नि,தெ4ர்மு கெ2னி,dhe'rmu khe'ni,dhErmu khEni,dhĕrmu khĕni,d̪ʰeɾmu kʰen̪ɪ,moral story,நீதிக்கதை,Literature,words
ꢥꢷꢡꢶ ꢱꢵꢲꢶꢡ꣄ꢫꢸ,नीति साहित्यु,நீதி ஸாஹித்யு,neeti saahityu,nIti sAhityu,nīti sāhityu,n̪iːt̪ɪ s̪ɑːɦɪt̪ju,moral literature,நீதிஇலக்கியம்,Literature,words
ꢗꢡꢵꢨ꣄ꢣꢶꢶ,सताब्दि,ஸதாப்3தி3,chataabdii,catAbdii,catābdii,t͡ʃət̪ɑːbd̪ɪɪ,century,நூற்றாண்டு,Literature,words
ꢩꢒ꣄ꢡꢶ ꢪꢵꢬ꣄ꢔꢸ,भक्ति मार्गु,ப4க்தி மார்கு3,bhakti maargu,bhakti mArgu,bhakti mārgu,bʰəkt̪ɪ mɑːɾgu,devotional path,பக்தி நெறி,Literature,words
ꢩꢵꢔꢸ,भागु,பா4கு3,bhaagu,bhAgu,bhāgu,bʰɑːgu,classification,பகுப்பு,Literature,words
ꢮꢡ꣄ꢡꢵꢥꢸ꣄ ꢂꢬ꣄ꢢꢸ,वत्ता अर्थु,வத்தானு அர்து2,vattaanu arthu,vattAnu arthu,vattān_ŭ arthu,ʋət̪t̪ɑːn̪u əɾt̪ʰu,meaning of words,பதவுரை,Literature,words
ꢒꢮꢶꢡꣁ,कविता॑,கவிதொ,kavito',kavitO,kavitŏ,kəʋɪt̪o,poetry,பதிகம்,Literature,words
ꢦꢬꢪꢵꢡ꣄ꢪꣁ,परमात्मा॑,பரமாத்மொ,paramaatmo',paramAtmO,paramātmŏ,pəɾəmɑːt̪mo,God,பரம்பொருள்,Literature,words
ꢒꢮꢶꢡꣁ,कविता॑,கவிதொ,kavito',kavitO,kavitŏ,kəʋɪt̪o,poetry/song,பா / பாட்டு /பாடல்,Literature,words
ꢔꢷꢜ꣄,गीत,கீ3த்,geet',gIT,gīṭ,giːʈ,poetry/song,பா / பாட்டு /பாடல்,Literature,words
ꢩꢮ꣄ꢡꢸꢭ꣄,भव्तुल,ப4வ்துல்,bhavtul,bhavtul,bhavtul,bʰəʋt̪ul,singer,பாகவதர்,Literature,words
ꢧꣀꢭꢮꢵꢗꢸ,फैलवाचु,பை2லவாசு,phailavaachu,phailavAcu,phailavācu,pʰəɪləʋɑːt͡ʃu,preface,பாயிரம்,Literature,words
ꢦ꣄ꢬꢾꢮꢾꢱꢸ ꢮꢵꢗꢸ,प्रेवेसु वाचु,ப்ரேவேஸு வாசு,pre've'su vaachu,prEvEsu vAcu,prĕvĕsu vācu,pɾeʋes̪u ʋɑːt͡ʃu,preface,பாயிரம்,Literature,words
ꢦꢷꢝꢶꢒꣁ,पीठिका॑,பீடி2கொ,peet'hiko',pIThikO,pīṭhikŏ,piːʈʰɪko,preface,பாயிரம்,Literature,words
ꢮꢳꢸ ꢬꢵꢠ꣄,वळुराण,வளுராண்,val'u raan,vaLu rAN,val̤u rāṇ,ʋəɭu ɾɑːɳ,desert and its surrounding,பாலை,Literature,words
ꢂꢭꢔ꣄ꢔꣁ,अलग्गो,அலக்3கொ3,alaggo',alaggO,alaggŏ,ələggo,separation,பிரிவு,Literature,words
ꢮꢾꢔꢸꢳꣁ,वेगुळा॑,வெகுளொ,ve'gul'o',vEguLO,vĕgul̤ŏ,ʋeguɭo,separation,பிரிவு,Literature,words
ꢙꢥꢥꣁ,जनना॑,ஜனனொ,janano',jananO,jananŏ,d͡ʒən̪ən̪o,birth,பிறவி,Literature,words
ꢙꢾꢥ꣄ꢪꢸ ꢧꣁꢳ꣄,ज॑न्मु फोळ्,ஜென்மு போ2ள்,je'nmu pho'l',jEnmu phOL,jĕnmu phŏl̤,d͡ʒen̪mu pʰoɭ,meaning of birth,பிறவிப் பயன்,Literature,words
ꢥꣁꢮꣁ ꢒꢮꢶꢡꣁ,ना॑वा॑ कविता॑,நொவொ கவிதொ,no'vo' kavito',nOvO kavitO,nŏvŏ kavitŏ,n̪oʋo kəʋɪt̪o,modern poetry,புதுக்கவிதை,Literature,words
ꢥꢮꢷꢥ ꢒꢮꢶꢡꣁ,नवीन कविता॑,நவீன கவிதொ,naveena kavito',navIna kavitO,navīna kavitŏ,n̪əʋiːn̪ə kəʋɪt̪o,modern poetry,புதுக்கவிதை,Literature,words
ꢥꢹꢡꢥ ꢒꢮꢶꢡꣁ,नूतन कविता॑,நூதன கவிதொ,nootana kavito',nUtana kavitO,nūtana kavitŏ,n̪uːt̪ən̪ə kəʋɪt̪o,modern poetry,புதுக்கவிதை,Literature,words
ꢕꢥꢮꢵꢥ꣄,घनवान,க4னவான்,ghanavaan,ghanavAn,ghanavān,gʰən̪əʋɑːn̪,patron,புரவலன்,Literature,words
ꢦꣁꢰꢒꣁ,पोषका॑,போஷகொ,po'shako',pOSakO,pŏṣakŏ,poʂəko,patron,புரவலன்,Literature,words
ꢦꢸꢬꢵꢠꢸ,पुराणु,புராணு,puraanu,purANu,purāṇu,puɾɑːɳu,mythology,புராணம்,Literature,words
ꢱꢹꢬꢶ,सूरि,ஸூரி,soori,sUri,sūri,s̪uːɾɪ,poet,புலவர்,Literature,words
ꢥꢾꢪ ꢱꣁꢞꢶꢥꢶ,नेम सा॑डिनि,நேம ஸொடி3னி,ne'ma so'd'ini,nEma sODini,nĕma sŏḍini,n̪emə s̪oɖɪn̪ɪ,incongruence,புறநடை,Literature,words
ꢒꣃꢒꢶꢒ꣄,लैकिक्,லௌகிக்,kaukik,kaukik,kaukik,kəukɪk,worldly life,புறம்,Literature,words
ꢂꢪ꣄ꢪꢵꢥ꣄,अम्मान्,அம்மான்,ammaan,ammAn,ammān,əmmɑːn̪,woman,பெண்டிர்,Literature,words
ꢱꢥ꣄ꢣꣁꢰ꣄,सन्देष्,ஸந்தே3ஷ்,sando'sh,sandOS,sandŏṣ,s̪ən̪d̪oʂ,theme,பொருள்,Literature,words
ꢘꢥ꣄ꢣꢱ꣄,छन्दस,ச2ந்த3ஸ்,chhandas,chandas,chandas,t͡ʃʰən̪d̪əs̪,"prosody, meaning, etc.",பொருள்,Literature,words
ꢂꢬ꣄ꢢꢸ,अर्थु,அர்து2,arthu,arthu,arthu,əɾt̪ʰu,"prosody, meaning, etc.",பொருள்,Literature,words
ꢩꢵꢮꢬ꣄ꢢꢸ,भावार्थु,பா4வார்து2,bhaavarthu,bhAvarthu,bhāvarthu,bʰɑːʋəɾt̪ʰu,paraphrase,பொழிப்புரை,Literature,words
ꢪꢴꣁꢞꢪ꣄,म्हा॑डम्,மொ:ட3ம்,mho'd'am,mhODam,mhŏḍam,mɦoɖəm,mutt,மடங்கள்,Literature,words
ꢦꢵꢬꢪ꣄ꢦꢬ꣄ꢫꣁ,पारम्परया॑,பாரம்பர்யொ,paaramparyo',pAramparyO,pāramparyŏ,pɑːɾəmpəɾjo,tradition,மரபு,Literature,words
ꢦꢷꢔꢸ ꢤꢬꢷꢬ꣄,पीगु धारीर,பீகுத4ரீர்,peegu dhareer,pIgu dharIr,pīgu dharīr,piːgu d̪ʰəɾiːɾ,paddy field and its surrounding,மருதம்,Literature,words
ꢱꢪ꣄ꢱ꣄ꢡꢵꢥ꣄,सम्स्तान,ஸம்ஸ்தான்,samstaan,samstAn,samstān,s̪əms̪t̪ɑːn̪,association,மன்றம்,Literature,words
ꢡꢸꢞ꣄ꢫꢵꢥꢸ ꢪꢵꢬ꣄ꢔꢸ,तुड्यानु मार्गु,துட்3யானு மார்கு3,tud'yaanu maargu,tuDyAnu mArgu,tuḍyānu mārgu,t̪uɖjɑːn̪u mɑːɾgu,Islam,முகமதியம்,Literature,words
ꢂꢮꢡꢵꢬꢶꢒꣁ,अवतारिका॑,அவதாரிகொ,avataariko',avatArikO,avatārikŏ,əʋət̪ɑːɾɪko,preface,முகவுரை,Literature,words
ꢡꢷꢥ꣄ꢡꢪꢶꢳꢸ ꢱꢵꢲꢶꢡ꣄ꢫꣁ,थीन्तमिळु साहित्या॑,தீ2ன்தமிளு ஸாஹித்யொ,teentamil'u saahityo',tIntamiLu sAhityO,tīntamil̤u sāhityŏ,t̪iːn̪t̪əmɪɭu s̪ɑːɦɪt̪jo,"Tamil prose, Tamil music, and Tamil drama",முத்தமிழ்,Literature,words
ꢪꢹꢭ ꢦꢸꢱ꣄ꢡꢮ꣄,मूल पुस्तव,மூல புஸ்தவ்,moola pustav,mUla pustav,mūla pustav,muːlə pus̪t̪əʋ,original book,முதல்நூல்,Literature,words
ꢂꢜꢸ ꢦꢸꢱ꣄ꢡꢮ꣄,अटुपुस्तव,அடுபுஸ்தவ்,at'u pustav,aTu pustav,aṭu pustav,əʈu pus̪t̪əʋ,original book,முதல்நூல்,Literature,words
ꢮꢥꢵꢥ꣄ꢡꢬꢸ ꢤꢬꢷꢬ꣄,वनान्तरु धरीर,வனாந்தரு த4ரீர்,vanaantaru dhareer,vanAntaru dharIr,vanāntaru dharīr,ʋən̪ɑːn̪t̪əɾu d̪ʰəɾiːɾ,forest and its surrounding,முல்லை,Literature,words
ꢪꢸꢥꢶ,मुनि,முனி,muni,muni,muni,mun̪ɪ,saint,முனிவன்,Literature,words
ꢔꢥꢤꢥꢮꢵꢥ꣄,गनधनवान्,க3னத4னவான்,ganadhanavaan,ganadhanavAn,ganadhanavān,gən̪əd̪ʰən̪əʋɑːn̪,philanthropist,வள்ளல்,Literature,words
ꢆꢡ꣄ꢡꢬꢸ ꢮꢬꣁ,उत्तरु वरा॑,உத்தரு வரொ,uttaru varo',uttaru varO,uttaru varŏ,ut̪t̪əɾu ʋəɾo,wind from north,வாடை,Literature,words
ꢲꢶꢪꢮꢬꣁ,हिमवरा॑,ஹிமவரொ,himavaro',himavarO,himavarŏ,ɦɪməʋəɾo,wind from north,வாடை,Literature,words
ꢧꢾꢮ꣄ꢭꢥꢦꢥ꣄,फेव्नपन्,பொ2வ்னபன்,phe'vlanapan,phEvlanapan,phĕvlanapan,pʰeʋlən̪əpən̪,hospitality,விருந்தோம்பல்,Literature,words
ꢮꣀꢒꢸꢠ꣄ꢜꢸ,वैकुण्टु,வைகுண்டு,vaikunt'u,vaikuNTu,vaikuṇṭu,ʋəɪkuɳʈu,heaven,வீடு,Literature,words
ꢦꢬꢪ꣄ꢤꢵꢪ꣄,परम्धाम,பரம்தா4ம்,paramdhaam,paramdhAm,paramdhām,pəɾəmd̪ʰɑːm,heaven,வீடு,Literature,words
ꢮꣀꢰ꣄ꢠꢮ ꢪꢵꢬ꣄ꢔꢸ,वैष्णव मार्गु,வைஷ்ணவ மார்கு3,vaishnava maargu,vaiSNava mArgu,vaiṣṇava mārgu,ʋəɪʂɳəʋə mɑːɾgu,Vaisnava cult,வைணவம்,Literature,words
ꢂꢯꢬꢷꢬꢶ,अशरीरि,அஶரீரி,ashareeri,azarIri,aśarīri,əʃəɾiːɾɪ,celestial voice/ oracle,அசரீரி,Religious-Institutions,words
ꢣꢵꢱꢸꢥ꣄,दासुन,தா3ஸுன்,daasun,dAsun,dāsun,d̪ɑːs̪un̪,disciples,அடியார்,Religious-Institutions,words
ꢂꢩꢶꢰꢿꢒ꣄,अभिषेक्,அபி4ஷேக்,abhishek,abhiSek,abhiṣek,əbʰɪʂeːk,"bathing the holy idol with milk, honey, fruit, etc.",அபிஷேகம்,Religious-Institutions,words
ꢂꢬ꣄ꢗꢥꣁ,अर्चना॑,அர்சனொ,archano',arcanO,arcanŏ,əɾt͡ʃən̪o,Worship with chanting,அர்ச்சனை,Religious-Institutions,words
ꢒꢺꢦꣁ,कृपा॑,க்ருபொ,kri'po',kRpO,kṛpŏ,kɾɨpo,grace,அருள்,Religious-Institutions,words
ꢂꢮ꣄ꢡꢵꢬ꣄,अव्तार्,அவ்தார்,avtaar,avtAr,avtār,əʋt̪ɑːɾ,incarnation,அவதாரம்,Religious-Institutions,words
ꢃꢱꢶꢰ꣄,आसिष्,ஆஸிஷ்,aasish,AsiS,āsiṣ,ɑːs̪ɪʂ,blessing,அனுக்கிரகம்/ஆசிர்வாதம்,Religious-Institutions,words
ꢃꢱꢷꢬ꣄ꢮꢵꢡ꣄,आसीर्वात्,ஆஸீர்வாத்,aaseervaat,AsIrvAt,āsīrvāt,ɑːs̪iːɾʋɑːt̪,blessing,அனுக்கிரகம்/ஆசிர்வாதம்,Religious-Institutions,words
ꢃꢱ꣄ꢬꢪꣁ,आस्रमा॑,ஆஸ்ரமொ,aasramo',AsramO,āsramŏ,ɑːs̪ɾəmo,"hermitage, monastery",ஆசிரமம்,Religious-Institutions,words
ꢣꢿꢮ꣄,देव्,தே3வ்,dev,dev,dev,d̪eːʋ,God,ஆண்டவன்,Religious-Institutions,words
ꢩꢔꢮꢵꢥ꣄,भगवान्,ப4க3வான்,bhagavaan,bhagavAn,bhagavān,bʰəgəʋɑːn̪,God,ஆண்டவன்,Religious-Institutions,words
ꢃꢬꢵꢤꢥꣁ,आराधना॑,ஆராத4னொ,aaraadhano',ArAdhanO,ārādhanŏ,ɑːɾɑːd̪ʰən̪o,worship,ஆராதனை,Religious-Institutions,words
ꢣꢮ꣄ꢬꣁ,दब्रा॑,த4வ்ரொ,davro',davrO,davrŏ,d̪əʋɾo,temple,ஆலயம்,Religious-Institutions,words
ꢪꢥ꣄ꢣꢶꢬ꣄,मन्दिर,மந்தி3ர்,mandir,mandir,mandir,mən̪d̪ɪɾ,temple,ஆலயம்,Religious-Institutions,words
ꢃꢡ꣄ꢪꣁ,आत्मा॑,ஆத்மொ,aatmo',AtmO,ātmŏ,ɑːt̪mo,soul,ஆன்மா,Religious-Institutions,words
ꢩꢒ꣄ꢡꢶ ꢪꢵꢬ꣄ꢔꢸ,भक्ति मार्गु,ப4க்தி மார்கு3,bhakti maargu,bhakti mArgu,bhakti mārgu,bʰəkt̪ɪ mɑːɾgu,sprituality,ஆன்மீகம்,Religious-Institutions,words
ꢃꢱ꣄ꢡꢶꢒ꣄,आस्तिक,ஆஸ்திக்,aastik,Astik,āstik,ɑːs̪t̪ɪk,theism,ஆஸ்திகம்,Religious-Institutions,words
ꢡꢸꢞꢶꢫꢵꢥꢸ ꢪꢵꢬ꣄ꢔꢸ,तुडियानु मार्गु,துடி3யானு மார்கு3,tud'iyaanu maargu,tuDiyAnu mArgu,tuḍiyānu mārgu,t̪uɖɪjɑːn̪u mɑːɾgu,Islam,இசுலாம்,Religious-Institutions,words
ꢲꢶꢥ꣄ꢣꢸ,हिन्दु,ஹிந்து3,hindu,hindu,hindu,ɦɪn̪d̪u,Hindu,இந்து,Religious-Institutions,words
ꢣꢿꢮꢸ ꢩꢒ꣄ꢡꢶ,देवु भक्ति,தே3வுப4க்தி,devu bhakti,devu bhakti,devu bhakti,d̪eːʋu bʰəkt̪ɪ,devotion,இறையுணர்வு,Religious-Institutions,words
ꢣꢾꢮ꣄,देव्,தே3வ்,de'v,dEv,dĕv,d̪eʋ,God,இறைவன்,Religious-Institutions,words
ꢅꢯꣁ,ईशा॑,ஈஶொ,eesho',IzO,īśŏ,iːʃo,God Shiva,ஈசுவரன்,Religious-Institutions,words
ꢅꢯ꣄ꢦꢸꢬꢸ,ईश्पुरु,ஈஶ்புரு,eeshpuru,Izpuru,īśpuru,iːʃpuɾu,God Shiva,ஈசுவரன்,Religious-Institutions,words
ꢲꢸꢠ꣄ꢞꢶ,हुण्डि,ஹுண்டி3,hund'i,huNDi,huṇḍi,ɦuɳɖɪ,hundi,உண்டி / உண்டியல்,Religious-Institutions,words
ꢱꣂꢩꢵ ꢫꢵꢡ꣄ꢬꣁ,सोभा यात्रा॑,ஸோபா4 யாத்ரொ,sobhaa yaatro',sobhA yAtrO,sobhā yātrŏ,s̪oːbʰɑː jɑːt̪ɾo,procession of the deity,ஊர்வலம்,Religious-Institutions,words
ꢬꢒ꣄ꢰꢸꢥꢵꢬ꣄,रक्षुनार,ரக்ஷுனார்,rakshunaar,rakSunAr,rakṣunār,ɾəkʂun̪ɑːɾ,saviour,கர்த்தர்,Religious-Institutions,words
ꢔꢬ꣄ꢩ ꢔ꣄ꢒꢺꢲꢪ꣄,गर्भ गृहम्,க3ர்ப4க்3ருஹம்,garbha gkri'ham,garbha gkRham,garbha gkṛham,gəɾbʰə gkɾɨɦəm,sanctum sanctorum,கர்ப்பக்கிரகம்,Religious-Institutions,words
ꢱꢪꢵꢤꢶ,समाधि,ஸமாதி4,samaadhi,samAdhi,samādhi,s̪əmɑːd̪ʰɪ,graveyard,கல்லறை,Religious-Institutions,words
ꢒꢬ꣄ꢦꢸꢬ꣄,कर्पूर,கர்பூர்,karpur,karpur,karpur,kəɾpuɾ,camphor,கற்பூரம்,Religious-Institutions,words
ꢂꢡ꣄ꢡꢶꢪ꣄ꢨꢸꢬ꣄,अत्तिम्बुर,அத்திம்பு3ர்,attimbur,attimbur,attimbur,ət̪t̪ɪmbuɾ,camphor,கற்பூரம்,Religious-Institutions,words
ꢒꢾꢥ꣄ꢫꢵꢱ꣄ꢡꢶꢬꢷ,क॑न्या स्तिरी,கென்யாஸ்திரீ,ke'nyaastiree,kEnyAstirI,kĕnyāstirī,ken̪jɑːs̪t̪ɪɾiː,nun,கன்னியாஸ்திரி,Religious-Institutions,words
ꢒꢵꢠꢶꢒ꣄ꢒꢿ,काणिक्क॑,காணிக்கெ,kaanikke,kANikke,kāṇikke,kɑːɳɪkkeː,cash/ material offerings to God,காணிக்கை,Religious-Institutions,words
ꢒꢵꢮꢶꢮꢱ꣄ꢡꢬ꣄,काविवस्तर्,காவிவஸ்தர்,kaavivastar,kAvivastar,kāvivastar,kɑːʋɪʋəs̪t̪əɾ,saffron dress,காவியுடை,Religious-Institutions,words
ꢒꢶꢬꢸꢱ꣄ꢡꢸ ꢪꢵꢬ꣄ꢔꢸ,किरुस्तु मार्गु,கிருஸ்து மார்கு3,kirustu maargu,kirustu mArgu,kirustu mārgu,kɪɾus̪t̪u mɑːɾgu,Christianity,கிறித்துவம்,Religious-Institutions,words
ꢒꢷꢬ꣄ꢡ꣄ꢡꢥꢵꢥ꣄,कीर्त्तनान्,கீர்தனான்,keerttanaan,kIrttanAn,kīrttanān,kiːɾt̪t̪ən̪ɑːn̪,hymns,கீர்த்தனைகள்,Religious-Institutions,words
ꢒꢸꢭꢣꢿꢮ꣄,कुलदेव्,குலதே3வ்,kuladev,kuladev,kuladev,kuləd̪eːʋ,family God,குடும்ப தெய்வம்,Religious-Institutions,words
ꢣꢸꢮꣁ,दुवा॑,தி3வொ,duvo',duvO,duvŏ,d̪uʋo,a kind of pedestsl lamp,குத்துவிளக்கு,Religious-Institutions,words
ꢔꢸꢬꢸ,गुरु,கு3ரு,guru,guru,guru,guɾu,religious teacher,குரு,Religious-Institutions,words
ꢤ꣄ꢮꢙ ꢱ꣄ꢢꢪ꣄ꢨꢸ,ध्वज स्थम्बु,த்4வஜஸ்த2ம்பு3,dhvaja sthambu,dhvaja sthambu,dhvaja sthambu,d̪ʰʋəd͡ʒə s̪t̪ʰəmbu,flagpost,கொடிமரம்,Religious-Institutions,words
ꢣꢵꢥ꣄,दान,தா3ன்,daan,dAn,dān,d̪ɑːn̪,donation,கொடை,Religious-Institutions,words
ꢤꢮ꣄ꢬꣁ,धव्रा॑,த4வ்ரொ,dhavro',dhavrO,dhavrŏ,d̪ʰəʋɾo,temple,கோயில்,Religious-Institutions,words
ꢯꢒ꣄ꢡꢶ,शक्ति,ஶக்தி,shakti,zakti,śakti,ʃəkt̪ɪ,Goddess,சக்தி,Religious-Institutions,words
ꢱꢶꢬ꣄ꢒꢥ꣄,सिर्कन,ஸிர்கன்,sirkan,sirkan,sirkan,s̪ɪɾkən̪,sandal paste,சந்தனம்,Religious-Institutions,words
ꢯ꣄꣄ꢬꢶꢔꢥ꣄ꢤꢸ,श्रिगन्धु,ஸ்ரீக3ந்து4,shrigandhu,zrigandhu,śrigandhu,ʃɾɪgən̪d̪ʰu,sandal paste,சந்தனம்,Religious-Institutions,words
ꢱꢥ꣄ꢫꢵꢱ꣄,सन्यास्,ஸந்யாஸ்,sanyaas,sanyAs,sanyās,s̪ən̪jɑːs̪,asceticism,சந்நியாசம்,Religious-Institutions,words
ꢱꢥ꣄ꢫꢵꢱꢶ,सन्यासि,ஸந்யாஸி,sanyaasi,sanyAsi,sanyāsi,s̪ən̪jɑːs̪ɪ,ascetic,சந்நியாசி,Religious-Institutions,words
ꢱꢥ꣄ꢫꢵꢱꢶꢥꢶ,सन्यासिनि,ஸந்யாஸினி,sanyaasini,sanyAsini,sanyāsini,s̪ən̪jɑːs̪ɪn̪ɪ,ascetic,சந்தியாசினி,Religious-Institutions,words
ꢱꢪꢠ ꢪꢵꢬ꣄ꢔꢸ,समण मार्गु,ஸமண மார்கு3,samana maargu,samaNa mArgu,samaṇa mārgu,s̪əməɳə mɑːɾgu,Jainism,சமணம்,Religious-Institutions,words
ꢮꢵꢜ꣄,वाट्,வாட்,vaat',vAT,vāṭ,ʋɑːʈ,religion,சமயம்,Religious-Institutions,words
ꢤꢾꢬꢸꢪ꣄,धेरुम,தெ4ரும்,dhe'rum,dhErum,dhĕrum,d̪ʰeɾum,religion,சமயம்,Religious-Institutions,words
ꢤꢬ꣄ꢪꢸ,धर्मु,த4ர்மு,dharmu,dharmu,dharmu,d̪ʰəɾmu,religion,சமயம்,Religious-Institutions,words
ꢱꢵꢣꢸ,सादु,ஸாது4,saadu,sAdu,sādu,s̪ɑːd̪u,saint,சாது,Religious-Institutions,words
ꢱꢵꢨꢥꣁ,साबना॑,ஸாப3னொ,saabano',sAbanO,sābanŏ,s̪ɑːbən̪o,curse,சாபம்,Religious-Institutions,words
ꢂꢩꢶꢱꢵꢦ꣄,अभिसाप्,அபி4ஸாப்,abhisaap,abhisAp,abhisāp,əbʰɪs̪ɑːp,curse,சாபம்,Religious-Institutions,words
ꢱꢶꢡ꣄ꢡꢬ꣄,सित्तर्,சித்தர்,sittar,sittar,sittar,s̪ɪt̪t̪əɾ,saiva saint,சித்தர்,Religious-Institutions,words
ꢱꢶꢭꢸꢮꣁ,सिलुवा॑,ஸிலுவொ,siluvo',siluvO,siluvŏ,s̪ɪluʋo,cross,சிலுவை,Religious-Institutions,words
ꢱꢶꢭꣁ,सिला॑,ஸிலொ,silo',silO,silŏ,s̪ɪlo,statue,சிலை,Religious-Institutions,words
ꢱꢶꢭ꣄ꢨꣁ,सिल्पा॑,ஸில்பொ,silbo',silbO,silbŏ,s̪ɪlbo,statue,சிலை,Religious-Institutions,words
ꢯꢶꢶꢮꣁ,शिवा॑,ஶிவொ,shiivo',ziivO,śiivŏ,ʃɪɪʋo,Lord Shiva,சிவம்,Religious-Institutions,words
ꢅꢯ꣄ꢦꢸꢬꢸ,ईश्पुरु,ஈஶ்புரு,eeshpuru,Izpuru,īśpuru,iːʃpuɾu,Lord Shiva,சிவம்,Religious-Institutions,words
ꢥꢴꢥ꣄ ꢣꢿꢮ꣄,न्हनदेव्,ந:ன்தே3வ்,nhan dev,nhan dev,nhan dev,n̪ɦən̪ d̪eːʋ,local deity,சிறுதெய்வம்,Religious-Institutions,words
ꢔꢵꢪꢸ ꢣꢿꢮ꣄,गमुदेव्,கா3முதே3வ்,gaamu dev,gAmu dev,gāmu dev,gɑːmu d̪eːʋ,local deity,சிறுதெய்வம்,Religious-Institutions,words
ꢱꢶꢰ꣄ꢫꢵꢥ꣄,सिष्यान,ஸிஷ்யான்,sishyaan,siSyAn,siṣyān,s̪ɪʂjɑːn̪,followers,சீடர்,Religious-Institutions,words
ꢪꣁꢱ꣄ꢫꢵꢥ꣄,मा॑स्यान,மொஸ்யான்,mo'syaan,mOsyAn,mŏsyān,mos̪jɑːn̪,crematorium,சுடுகாடு,Religious-Institutions,words
ꢬꢸꢣ꣄ꢬꢦꢹꢪꢶ,रुग्रपूमि,ருத்3ரபூமி,rudrapoomi,rudrapUmi,rudrapūmi,ɾud̪ɾəpuːmɪ,crematorium,சுடுகாடு,Religious-Institutions,words
ꢱꢸꢮꢡ꣄ꢡꢵꢥ꣄,सुवत्तान,ஸுவத்தான்,suvattaan,suvattAn,suvattān,s̪uʋət̪t̪ɑːn̪,gospels,சுவிசேஷங்கள்,Religious-Institutions,words
ꢱꢸꢱꢥ꣄ꢣꢾꢱꢸꢥ꣄,सुसन्देसुन,ஸுஸந்தே3ஸுன்,susande'sun,susandEsun,susandĕsun,s̪us̪ən̪d̪es̪un̪,gospels,சுவிசேஷங்கள்,Religious-Institutions,words
ꢱꣀꢮꢪ꣄,सैवम्,ஸைவம்,saivam,saivam,saivam,s̪əɪʋəm,Saivism,சைவம்,Religious-Institutions,words
ꢱ꣄ꢮꢬ꣄ꢔꢸ,सवर्गु,ஸ்வர்கு3,svargu,svargu,svargu,s̪ʋəɾgu,heaven,சொர்க்கம்,Religious-Institutions,words
ꢛꢵꢥ ꢱ꣄ꢥꢵꢥ꣄,ञान स्नान्,ஞானஸ்நான்,nyaana snaan,JAna snAn,ñāna snān,ɲɑːn̪ə s̪n̪ɑːn̪,baptism,ஞானஸ்நானம்,Religious-Institutions,words
ꢡꢦꢱ꣄,तपस्,தபஸ்,tapas,tapas,tapas,t̪əpəs̪,penance,தபசு,Religious-Institutions,words
ꢦꣁꢳ꣄ꢳꢶ ꢮꢵꢱꢭ꣄,पोळ्ळिवासल,பொள்ளி வாஸல்,po'l'l'i vaasal,pOLLi vAsal,pŏl̤l̤i vāsal,poɭɭɪ ʋɑːs̪əl,darga,தர்க்கா,Religious-Institutions,words
ꢤꢬ꣄ꢪꢒꢬ꣄ꢡꣁ,धर्मकर्ता॑,த4ர்மகர்தொ,dharmakarto',dharmakartO,dharmakartŏ,d̪ʰəɾməkəɾt̪o,trustee,தருமகர்த்தா,Religious-Institutions,words
ꢥ꣄ꢫꢵꢱꢶ,न्यासि,ந்யாஸி,nyaasi,nyAsi,nyāsi,n̪jɑːs̪ɪ,trustee,தருமகர்த்தா,Religious-Institutions,words
ꢤ꣄ꢫꢵꢥ꣄,ध्यान्,த்4யான்,dhyaan,dhyAn,dhyān,d̪ʰjɑːn̪,meditation,தியானம்,Religious-Institutions,words
ꢱꢸꢦ꣄ꢬꢩꢵꢡꢸꢪ꣄ ꢣꢾꢮꢸꢒ꣄ ꢲꢸꢞꢞ꣄ꢥꢶ,सुप्रभातुम देवुक हुडड्नि,ஸுப்ரபா4தும் தே3வுக் ஹுட3ட்3னி,suprabhaatum de'vuk hud'ad'ni,suprabhAtum dEvuk huDaDni,suprabhātum dĕvuk huḍaḍni,s̪upɾəbʰɑːt̪um d̪eʋuk ɦuɖəɖn̪ɪ,ceremony to awaken God,திருப்பள்ளி எழுச்சி,Religious-Institutions,words
ꢯ꣄꣄ꢬꢷ ꢦꢵꢣꢪ꣄,श्रि पादम्,ஸ்ரீபாத3ம்,shree paadam,zrI pAdam,śrī pādam,ʃɾiː pɑːd̪əm,sacred feet,திருவடி,Religious-Institutions,words
ꢱꢪꢵꢬꢵꢤꢥꣁ,समाराधना॑,ஸமாராத4னொ,samaaraadhano',samArAdhanO,samārādhanŏ,s̪əmɑːɾɑːd̪ʰən̪o,Holy feast,திருவிருந்து,Religious-Institutions,words
ꢣꢱꢭ꣄,दसल,த3ஸல்,dasal,dasal,dasal,d̪əs̪əl,Holy feast,திருவிருந்து,Religious-Institutions,words
ꢤꢮ꣄ꢬꢵ ꢆꢡ꣄ꢱꢮꢸ,धव्रा उत्सवु,த4வ்ரா உத்ஸவு,dhavraa utsavu,dhavrA utsavu,dhavrā utsavu,d̪ʰəʋɾɑː ut̪s̪əʋu,temple festival,திருவிழா,Religious-Institutions,words
ꢣꢷꢦꢵꢬꢵꢡꢥꣁ,दीपारातनो,தீ3பராத4னொ,deepaaraatano',dIpArAtanO,dīpārātanŏ,d̪iːpɑːɾɑːt̪ən̪o,worship with lamp,தீபாராதனை,Religious-Institutions,words
ꢣꢷꢬ꣄ꢔꢣꢬ꣄ꢱꢶ,दीर्गदर्सि,தீ3ர்க4த3ர்ஸி,deergadarsi,dIrgadarsi,dīrgadarsi,d̪iːɾgəd̪əɾs̪ɪ,prophet,தீர்க்கதரிசி,Religious-Institutions,words
ꢡꢷꢬ꣄ꢢꢸ,दीर्थु,தீர்து2,teerthu,tIrthu,tīrthu,t̪iːɾt̪ʰu,holy water,தீர்த்தம்,Religious-Institutions,words
ꢦ꣄ꢬꢱꢵꢣ꣄,प्रसाद,ப்ரஸாத்3,prasaad,prasAd,prasād,pɾəs̪ɑːd̪,Food offering,நைவேத்தியம்,Religious-Institutions,words
ꢅꢯꣁ,ईशो जीव बन्धम,ஈஶொ,eesho',IzO,īśŏ,iːʃo,"God, man, bondage","பதி, பசு, பாசம்",Religious-Institutions,words
ꢙꢷꢮ꣄,ईशो जीव बन्धम,ஜீவ்,jeev,jIv,jīv,d͡ʒiːʋ,"God, man, bondage","பதி, பசு, பாசம்",Religious-Institutions,words
ꢨꢥ꣄ꢤꢪ꣄,ईशो जीव बन्धम,ப3ந்த4ம்,bandham,bandham,bandham,bən̪d̪ʰəm,"God, man, bondage","பதி, பசு, பாசம்",Religious-Institutions,words
ꢦꢬꢪꢵꢡ꣄ꢪꣁ,परमात्मा॑,பரமாத்மொ,paramaatmo',paramAtmO,paramātmŏ,pəɾəmɑːt̪mo,Over soul,பரம்பொருள்,Religious-Institutions,words
ꢪꢾꢞꢵꢡ꣄ꢪꣁ,मेडात्मा॑,மேடா3த்மொ,me'd'aatmo',mEDAtmO,mĕḍātmŏ,meɖɑːt̪mo,Over soul,பரம்பொருள்,Religious-Institutions,words
ꢦꢸꢠ꣄ꢫꢵꢡ꣄ꢪꣁ,पुण्यात्मा॑,புண்யாத்மொ,punyaatmo',puNyAtmO,puṇyātmŏ,puɳjɑːt̪mo,holy spirit,பரிசுத்த ஆவி,Religious-Institutions,words
ꢣꢠ꣄ꢞꢶ,दण्डि,த3ண்டி3,dand'i,daNDi,daṇḍi,d̪əɳɖɪ,palanquin,பல்லக்கு,Religious-Institutions,words
ꢨꣁꢭꢶ,बा॑लि,பொ3லி,bo'li,bOli,bŏli,bolɪ,religious sacrifice,பலி,Religious-Institutions,words
ꢨꣁꢭꢶꢦꢷꢟ꣄,बा॑लिबीठ,பொ3லிபீட்2,bo'lipeed'h,bOlipIDh,bŏlipīḍh,bolɪpiːɖʰ,place for sacrifice/ altar,பலிபீடம்,Religious-Institutions,words
ꢦꣁꢳ꣄ꢳꢶ,पोळ्ळि,பொள்ளி,po'l'l'i,pOLLi,pŏl̤l̤i,poɭɭɪ,mosque,பள்ளி,Religious-Institutions,words
ꢦꢵꢦ꣄,पाप्,பாப்,paap,pAp,pāp,pɑːp,sin,பாபம்,Religious-Institutions,words
ꢦꢵꢦꢶ,पापि,பாபி,paapi,pApi,pāpi,pɑːpɪ,sinner,பாவி,Religious-Institutions,words
ꢦ꣄ꢬꢒꢵꢬ꣄,प्रकार,ப்ரகார்,prakaar,prakAr,prakār,pɾəkɑːɾ,corridor of a temple,பிரகாரம்,Religious-Institutions,words
ꢦ꣄ꢬꢗꢵꢬꢒ꣄,प्रचारक,ப்ரசாரக்,prachaarak,pracArak,pracārak,pɾət͡ʃɑːɾək,Catechist/ evangelist,பிரசங்கி /பிரசாரம் செய்பவர்,Religious-Institutions,words
ꢦ꣄ꢬꢵꢡ꣄ꢡꢥꣁ,प्रात्तना॑,ப்ராத்தனொ,praattano',prAttanO,prāttanŏ,pɾɑːt̪t̪ən̪o,prayer,பிரார்த்தனை,Religious-Institutions,words
ꢆꢙ꣄ꢮꢵꢮ꣄,उज्वाव,உஜ்வாவ்,ujvaav,ujvAv,ujvāv,ud͡ʒʋɑːʋ,birth,பிறவி,Religious-Institutions,words
ꢃꢱꢥꣁ,आसना॑,ஆஸனொ,aasano',AsanO,āsanŏ,ɑːs̪ən̪o,"altar, seat",பீடம்,Religious-Institutions,words
ꢦꢸꢠ꣄ꢠꢸ,पुण्णु,புண்ணு,punnu,puNNu,puṇṇu,puɳɳu,results of virtuous deeds,புண்ணியம்,Religious-Institutions,words
ꢦꢸꢙꢬꢶ,पुजरि,புஜரி,pujari,pujari,pujari,pud͡ʒəɾɪ,temple priest,பூசாரி,Religious-Institutions,words
ꢦꢸꢙꣁ,पुजा॑,புஜொ,pujo',pujO,pujŏ,pud͡ʒo,worship,பூசை,Religious-Institutions,words
ꢨꢶꢱꢨ꣄,बिसब्,பி3ஸப்3,bisab,bisab,bisab,bɪs̪əb,Bishop,பேராயர்,Religious-Institutions,words
ꢪꢲꢵꢬꢱꢥꣁ,महारसना॑,மஹாரஸனொ,mahaarasano',mahArasanO,mahārasanŏ,məɦɑːɾəs̪ən̪o,bliss,பேரின்பம்,Religious-Institutions,words
ꢱꢶꢒ꣄ꢒꢞ꣄ꢠꢵꢬ꣄,सिक्कड्णार,ஸிக்கட்3ணார்,sikkad'naar,sikkaDNAr,sikkaḍṇār,s̪ɪkkəɖɳɑːɾ,pastor,போதகர்,Religious-Institutions,words
ꢨꢸꢣ꣄ꢤ ꢪꢵꢬ꣄ꢔꢸ,बुद्ध मार्गु,பு3த்3த4 மார்கு3,buddha maargu,buddha mArgu,buddha mārgu,bud̪d̪ʰə mɑːɾgu,Budhism,பெளத்தம்,Religious-Institutions,words
ꢪꢲꢵꢥ꣄,महान्,மஹான்,mahaan,mahAn,mahān,məɦɑːn̪,great person,மகான்,Religious-Institutions,words
ꢪꢝ,मठ,மட்2,mat'ha,maTha,maṭha,məʈʰə,monastery,மடம்,Religious-Institutions,words
ꢪꢴꣁꢞꢪ꣄,म्हा॑डम,மொ:ட3ம்,mho'd'am,mhODam,mhŏḍam,mɦoɖəm,monastery,மடம்,Religious-Institutions,words
ꢕꢾꢠ꣄ꢜꣁ,घ॑ण्टा॑,கெ4ண்டொ,ghe'nt'o',ghENTO,ghĕṇṭŏ,gʰeɳʈo,bell,மணி,Religious-Institutions,words
ꢪꣁꢥ꣄ꢡꢸꢬ꣄,मा॑न्तुर,மொந்துர்,mo'ntur,mOntur,mŏntur,mon̪t̪uɾ,sacred words,மந்திரம்,Religious-Institutions,words
ꢣꢷ ꢒ꣄ꢰꣁ ꢓꢳ꣄ꢳꢥ꣄ ꢮꢾꢳ꣄꣄ ꢔꢸꢬꢸ ꢱꢖ꣄ꢔꢱ꣄ꢡꢾ ꢪꣁꢥ꣄ꢡꢸꢬ꣄,दीक्षो खळ्ळन वेळ गुरु सङ्गस्त॑ मा॑न्तु,தீ3 க்ஷொக2ள்ளன் வேள் கு3ரு ஸங்க3ஸ்தெ மொந்துர்,dee ksho' khal'l'an ve'l' guru sangaste' mo'ntur,dI kSO khaLLan vEL guru saGgastE mOntur,dī kṣŏ khal̤l̤an vĕl̤ guru saṅgastĕ mŏntur,d̪iː kʂo kʰəɭɭən̪ ʋeɭ guɾu s̪əŋgəs̪t̪e mon̪t̪uɾ,sacred words,மந்திரம்,Religious-Institutions,words
ꢮꢿꢣ꣄,वेद्,வேத்3,ved,ved,ved,ʋeːd̪,veda,மறை,Religious-Institutions,words
ꢪꢥꢱꢵꢒ꣄ꢰꢶ,मनसाक्षि,மனஸாக்ஷி,manasaakshi,manasAkSi,manasākṣi,mən̪əs̪ɑːkʂɪ,conscience,மனசாட்சி,Religious-Institutions,words
ꢣ꣄ꢬꢵꢮꢶꢞ ꢔ꣄ꢬꢵꢪ꣄ꢫ ꢣꢾꢮ꣄ꢡꣁ,द्राविड ग्राम्य देव्ता॑,த்3ராவிட3 க்3ராம்ய தே3வ்தொ,draavid'a graamya de'vto',drAviDa grAmya dEvtO,drāviḍa grāmya dĕvtŏ,d̪ɾɑːʋɪɖə gɾɑːmjə d̪eʋt̪o,a Dravidian folk deity,மாடன்,Religious-Institutions,words
ꢪꢾꢬꢶ ꢕꢾꢬ꣄,मेरि घेर,மேரி கே4ர்,me'ri ghe'r,mEri ghEr,mĕri ghĕr,meɾɪ gʰeɾ,church,மாதாகோயில்,Religious-Institutions,words
ꢪꢵꢬꢶꢫꢪ꣄ꢪꣁ,मारियम्मा॑,மாரியம்மொ,maariyammo',mAriyammO,māriyammŏ,mɑːɾɪjəmmo,a Dravidian folk deity,மாரியம்மன்,Religious-Institutions,words
ꢱꢵꢪꢶꢫꢵꢬꢸꢥ꣄,सामियारुन्,ஸாமியாருன்,saamiyaarun,sAmiyArun,sāmiyārun,s̪ɑːmɪjɑːɾun̪,saints,மெய்யடியார்,Religious-Institutions,words
ꢪꣂꢒ꣄ꢯꢶ,मोक्षि,மோக்ஷி,mokshi,mokzi,mokśi,moːkʃɪ,salvation,மோட்சம்,Religious-Institutions,words
ꢪꢸꢒ꣄ꢡꢶ,मुक्ति,முக்தி,mukti,mukti,mukti,mukt̪ɪ,salvation,மோட்சம்,Religious-Institutions,words
ꢬꢾꢡ꣄ꢡꢸ,र॑त्तु,ரெத்து,re'ttu,rEttu,rĕttu,ɾet̪t̪u,chariot,ரதம்,Religious-Institutions,words
ꢥꢪꢱ꣄ꢒꢵꢬ꣄,नमस्कार्,நமஸ்கார்,namaskaar,namaskAr,namaskār,n̪əməs̪kɑːɾ,greeting,வணக்கம்,Religious-Institutions,words
ꢥꢪꢥꣁ,नमना॑,நமனொ,namano',namanO,namanŏ,n̪əmən̪o,worship,வழிபாடு,Religious-Institutions,words
ꢥꣂꢪ꣄,नोम,நோம்,nom,nom,nom,n̪oːm,worship,வழிபாடு,Religious-Institutions,words
ꢮꢶꢔ꣄ꢬꢲꢪ꣄,विग्रहम्,விக்3ரஹம்,vigraham,vigraham,vigraham,ʋɪgɾəɦəm,idol,விக்ரகம்,Religious-Institutions,words
ꢦꢵꢦꢮꢶꢪꣂꢗꢥꣁ,पापविमोचना॑,பாபவிமோசனொ,paapavimochano',pApavimocanO,pāpavimocanŏ,pɑːpəʋɪmoːt͡ʃən̪o,expiation,விமோசனம்,Religious-Institutions,words
ꢮꣁꢔꢡ꣄,वा॑गत्,வொக3த்,vo'gat,vOgat,vŏgat,ʋogət̪,"fast, vow",விரதம்,Religious-Institutions,words
ꢮꢿꢣ꣄,वेद,வேத்3,ved,ved,ved,ʋeːd̪,Veda,வேதம்,Religious-Institutions,words
ꢮꣀꢰ꣄ꢠꢮꢪ꣄,वैष्णवम,வைஷ்ணவம்,vaishnavam,vaiSNavam,vaiṣṇavam,ʋəɪʂɳəʋəm,Vaishnavism,வைணவம்,Religious-Institutions,words
ꢙꢾꢦꢪ꣄,ज॑पम्,ஜெபம்,je'pam,jEpam,jĕpam,d͡ʒepəm,prayer,ஜபம்,Religious-Institutions,words
ꢙꢾꢦꢪ꣄,ज॑पम्,ஜெபம்,je'pam,jEpam,jĕpam,d͡ʒepəm,Christian,ஜெபம்,Religious-Institutions,words
ꢙꢾꢭꢸꢪ꣄,ज॑लुम्,ஜெலும்,je'lum,jElum,jĕlum,d͡ʒelum,birth,ஜென்மம்,Religious-Institutions,words
ꢲꢵꢙꢶ,हाजि,ஹாஜி,haaji,hAji,hāji,ɦɑːd͡ʒɪ,Muslim pilgrimage who has visited Mecca,ஹாஜி,Religious-Institutions,words
ꢲꢙ꣄ꢙꢸ ꢫꢵꢡ꣄ꢬꣁ ꢒꢾꢬꢾꢱ꣄ꢡꢾꢥꣁ,हज्जु यात्रा॑ क॑र॑स्त॑ना॑,ஹஜ்ஜு யாத்ரொ கெரெஸ்தெனொ,hajju yaatro' ke're'ste'no',hajju yAtrO kErEstEnO,hajju yātrŏ kĕrĕstĕnŏ,ɦəd͡ʒd͡ʒu jɑːt̪ɾo keɾes̪t̪en̪o,Muslim pilgrimage who has visited Mecca,ஹாஜி,Religious-Institutions,words
ꢂꢞ꣄ꢔꢾꢭ꣄,अड्ग॑ल,அட்3கெ3ல்,ad'ge'l,aDgEl,aḍgĕl,əɖgel,cholker,அட்டியல்,Dress-and-Ornaments,words
ꢒꢾꢣꢸꢬꣁ,क॑दुरा॑,கெது3ரொ,ke'duro',kEdurO,kĕdurŏ,ked̪uɾo,"hip ornament a close neck ornament,",அரைஞாண்,Dress-and-Ornaments,words
ꢮꢱ꣄ꢡꢬ꣄,वस्तर्,வஸ்தர்,vastar,vastar,vastar,ʋəs̪t̪əɾ,dress,ஆடை,Dress-and-Ornaments,words
ꢩꢹꢰꢸ,भूसू,பூ4ஷு,bhooshu,bhUSu,bhūṣu,bʰuːʂu,ornament,ஆபரணம்,Dress-and-Ornaments,words
ꢱꣁꢪ꣄ꢪꢸ,सा॑म्मु,ஸொம்மு,so'mmu,sOmmu,sŏmmu,s̪ommu,ornament,ஆபரணம்,Dress-and-Ornaments,words
ꢗꣁꢮ꣄ꢭꢶ,चा॑व्लि,சொவ்ளி,cho'vli,cOvli,cŏvli,t͡ʃoʋlɪ,blouse,இரவிக்கை,Dress-and-Ornaments,words
ꢧꢾꢭꢸ,फेलु,பே2லு,phe'lu,phElu,phĕlu,pʰelu,shirt,உடுப்பு,Dress-and-Ornaments,words
ꢩꣁꢠ꣄ꢠꢪ꣄,भा॑ण्ण्म,பொ4ண்ணம்,bho'nnam,bhONNam,bhŏṇṇam,bʰoɳɳəm,ornament,உருப்படி,Dress-and-Ornaments,words
ꢂꢥ꣄ꢡꢬ꣄ꢮꢵꢱ꣄,अन्तर्वास्,அந்தர்வாஸ்,antarvaas,antarvAs,antarvās,ən̪t̪əɾʋɑːs̪,inner garment,உள்ளாடை,Dress-and-Ornaments,words
ꢏꢞ꣄ꢞꢶꢫꢠꢪ꣄,आ॑ड्डियणम्,ஒட்3டி3யணம்,o'd'd'iyanam,ODDiyaNam,ŏḍḍiyaṇam,oɖɖɪjəɳəm,waist ornament,ஒட்டியாணம்,Dress-and-Ornaments,words
ꢂꢞꢸꢗꣁꢮ꣄ꢭꢶ,अडुचा॑व्लि,அடு3சொவ்ளி,ad'ucho'vli,aDucOvli,aḍucŏvli,əɖut͡ʃoʋlɪ,bra,கச்சை,Dress-and-Ornaments,words
ꢣꣁꢠꣁ,दा॑णा॑,தொ3ணொ,do'no',dONO,dŏṇŏ,d̪oɳo,spectacles /mirror,கண்ணாடி,Dress-and-Ornaments,words
ꢘꢵꢱ꣄ꢪꣁ,छास्मा॑,சா2ஸ்மொ,chhaasmo',chAsmO,chāsmŏ,t͡ʃʰɑːs̪mo,spectacles /mirror,கண்ணாடி,Dress-and-Ornaments,words
ꢓꢵꢡꢶ,खाति,கா2தி,khaati,khAti,khāti,kʰɑːt̪ɪ,khadi,கதர்,Dress-and-Ornaments,words
ꢡꣃꢠꢞ꣄,तौणट,தௌணட்,taunad',tauNaD,tauṇaḍ,t̪əuɳəɖ,ear studs,கம்மல்,Dress-and-Ornaments,words
ꢡꢮ꣄ꢠꢣ꣄,तव्णड्,தவ்ணட்3,tavnad,tavNad,tavṇad,t̪əʋɳəd̪,ear ring,காதோலை,Dress-and-Ornaments,words
ꢒꢾꢖ꣄ꢔꢠ꣄,क॑ङगण्,கெங்க3ண்,ke'ngan,kEGgaN,kĕṅgaṇ,keŋgəɳ,broad bangle,காப்பு,Dress-and-Ornaments,words
ꢦꢵꢛ꣄ ꢂꢖ꣄ꢔꢬꣁ,पाञ अङगरा॑,பாஞ்அங்க3ரொ,paanj angaro',pAJ aGgarO,pāñ aṅgarŏ,pɑːɲ əŋgəɾo,pants,காற்சட்டை,Dress-and-Ornaments,words
ꢒꢸꢖ꣄ꢔꢸꢪ꣄,कुङगुम्,குங்கு3ம்,kungum,kuGgum,kuṅgum,kuŋgum,kumkum,குங்குமம்,Dress-and-Ornaments,words
ꢱꢡꢶ,सति,ஸதி,sati,sati,sati,s̪ət̪ɪ,umbrella,குடை,Dress-and-Ornaments,words
ꢦꣁꢖ꣄ꢔꢸꢳꣁ,पा॑ङगुळा॑,பொங்கு3ளொ,po'ngul'o',pOGguLO,pŏṅgul̤ŏ,poŋguɭo,ear ornament,குண்டலம்,Dress-and-Ornaments,words
ꢦꣀꢞꢶ,पैडि,பைடி3,paid'i,paiDi,paiḍi,pəɪɖɪ,cap,குல்லாய்,Dress-and-Ornaments,words
ꢭꢴꣂꢖ꣄ꢔꢸ,ल्हा॑ङगु,லோ:ங்கு3,lhongu,lhoGgu,lhoṅgu,lɦoːŋgu,ruby,கெம்பு,Dress-and-Ornaments,words
ꢲꢵꢡꢸꢪꢔꢵ ꢨꣁꢜ꣄ꢞꣁ,हादुमगा बा॑ट्डा॑,ஹாதுமகா3 பொ3ட்டொ3,haatumagaa bo't'd'o',hAtumagA bOTDO,hātumagā bŏṭḍŏ,ɦɑːt̪uməgɑː boʈɖo,handloom cloth,கைத்தறித்துணி,Dress-and-Ornaments,words
ꢒꢸꢛ꣄ꢙꢪ꣄,कुञजम्,குஞ்ஜம்,kunjam,kuJjam,kuñjam,kuɲd͡ʒəm,sari pleats,கொசுவம்,Dress-and-Ornaments,words
ꢒꢾꢣꢸꢬꣁ,क॑दुरा॑,கெது3ரொ,ke'duro',kEdurO,kĕdurŏ,ked̪uɾo,waist ornament,கொடி,Dress-and-Ornaments,words
ꢗꣀꢪ꣄ꢨꢜ꣄ꢜꢾ,चैम्बट्ट॑,சைம்ப3ட்டெ,chaimbat't'e',caimbaTTE,caimbaṭṭĕ,t͡ʃəɪmbəʈʈe,anklet,கொலுசு,Dress-and-Ornaments,words
ꢔꣁꢬ꣄ꢱꢸꢭ꣄,गा॑र्सुल,கொ3ர்ஸுல்,go'rsul,gOrsul,gŏrsul,goɾs̪ul,anklet,கொலுசு,Dress-and-Ornaments,words
ꢒꢰ꣄ꢜꢶꢨꣁꢜ꣄ꢜꣁ,कस्टि बा॑ट्टा॑,கஷ்டி பொ3ட்டொ,kasht'ibo't't'o',kaSTibOTTO,kaṣṭibŏṭṭŏ,kəʂʈɪboʈʈo,loin cloth,கோமணம்,Dress-and-Ornaments,words
ꢔꣁꢪꢾꢣꢒꢪ꣄,गा॑मेदकम,கோ3மேத3கம்,go'me'dakam,gOmEdakam,gŏmĕdakam,gomed̪əkəm,sardonyx,கோமேதகம்,Dress-and-Ornaments,words
ꢂꢖ꣄ꢔ꣄ꢬꣁ,अङगरो,அங்க3ரொ,angro',aGgrO,aṅgrŏ,əŋgɾo,shirt,சட்டை,Dress-and-Ornaments,words
ꢂꢖ꣄ꢔ꣄ꢬꢵ,अङगरा,அங்க்3ரா,angraa,aGgrA,aṅgrā,əŋgɾɑː,shirt pocket,சட்டைப்பை,Dress-and-Ornaments,words
ꢓꣃꢭ꣄ꢜꢶ,खा॑ल्टि,கொ2ள்டி,khault'i,khaulTi,khaulṭi,kʰəulʈɪ,shirt pocket,சட்டைப்பை,Dress-and-Ornaments,words
ꢬꢖ꣄ꢔꢵꢮ꣄,रङगाव्,ரங்கா3வ்,rangaav,raGgAv,raṅgāv,ɾəŋgɑːʋ,shawl,சால்வை,Dress-and-Ornaments,words
ꢣꣁꢠ꣄ꢞꣁ,द॑ण्डा॑,தெ3ண்டொ3,do'nd'o',dONDO,dŏṇḍŏ,d̪oɳɖo,neck chain,சிந்தாமணி,Dress-and-Ornaments,words
ꢨꢶꢥ꣄ꢣꢸꢭꣁ,बिङदुला॑,பி3ந்து3லொ,bindulo',bindulO,bindulŏ,bɪn̪d̪ulo,anklet,சிலம்பு,Dress-and-Ornaments,words
ꢭꣁꢭꢵꢒ꣄,लोलाक,லோலாக்,lo'laak,lOlAk,lŏlāk,lolɑːk,locket,சுட்டி,Dress-and-Ornaments,words
ꢪꣁꢛ꣄ꢗꢥꢶ,मा॑ञचनि,மொஞ்சனி,mo'nchani,mOJcani,mŏñcani,moɲt͡ʃən̪ɪ,sari pleats,சுருக்கு,Dress-and-Ornaments,words
ꢗꢸꢗ꣄ꢗꢸꢪ꣄,चुच्चुम्,சுச்சும்,chuchchum,cuccum,cuccum,t͡ʃut͡ʃt͡ʃum,kumkum/ sindur,செந்தூரம்,Dress-and-Ornaments,words
ꢦꣃꢱꢸꢭ꣄,पौसुल,பௌஸுல்,pausul,pausul,pausul,pəus̪ul,slippers,செருப்பு,Dress-and-Ornaments,words
ꢗꢾꢦꢶꢥꢶ,च॑पिनि,செபினி,che'pini,cEpini,cĕpini,t͡ʃepɪn̪ɪ,slippers,செருப்பு,Dress-and-Ornaments,words
ꢱꣁꢳꣁ,सौळा॑,ஸெளளொ,so'l'o',sOLO,sŏl̤ŏ,s̪oɭo,sari,சேலை,Dress-and-Ornaments,words
ꢗꣁꢮ꣄ꢳꢶ,चोव्ळि,சொவ்ளி,cho'vl'i,cOvLi,cŏvl̤i,t͡ʃoʋɭɪ,blouse,சோளி,Dress-and-Ornaments,words
ꢔꣁꢬ꣄ꢱꢸꢭ꣄,गा॑र्सुल्,கொ3ர்ஸுல்,go'rsul,gOrsul,gŏrsul,goɾs̪ul,anklet for babies,தண்டை,Dress-and-Ornaments,words
ꢣꢥ꣄ꢡꢸ,दन्दु,த3ந்து,dantu,dantu,dantu,d̪ən̪t̪u,ivory,தந்தம்,Dress-and-Ornaments,words
ꢆꢰ꣄ꢠꢶꢰꣁ,उष्णिषा॑,உஷ்ணிஷொ,ushnisho',uSNiSO,uṣṇiṣŏ,uʂɳɪʂo,turban,தலைக்கட்டு,Dress-and-Ornaments,words
ꢗꢾꢪ꣄ꢨꢜ꣄ꢜꢾ,च॑म्बट्टे,செம்ப3ட்டெ,che'mbat't'e',cEmbaTTE,cĕmbaṭṭĕ,t͡ʃembəʈʈe,anklet for babies,தளை,Dress-and-Ornaments,words
ꢚꢭ꣄ꢚꢭ꣄,झल्झल्,ஜ2ல்ஜ2ல்,jhaljhal,jhaljhal,jhaljhal,d͡ʒʰəld͡ʒʰəl,anklet for babies,தளை,Dress-and-Ornaments,words
ꢦꢭꣁ,पला॑,பலொ,palo',palO,palŏ,pəlo,half sari,தாவணி,Dress-and-Ornaments,words
ꢑꢡꣁ,औता॑,ஒளதொ,auto',autO,autŏ,əut̪o,"mark with kumkum, sandal, etc.",திலகம்,Dress-and-Ornaments,words
ꢒꢸꢜ꣄ꢒꣁ,कुट्का॑,குட்கொ,kut'ko',kuTkO,kuṭkŏ,kuʈko,towel,துண்டு,Dress-and-Ornaments,words
ꢨꣁꢜ꣄ꢜꣁ,बा॑ट्टा॑,பொ3ட்டொ,bo't't'o',bOTTO,bŏṭṭŏ,boʈʈo,cloth,துணி,Dress-and-Ornaments,words
ꢒꢱ꣄ꢥꢶ,कस्नि,கஸ்நி,kasni,kasni,kasni,kəs̪n̪ɪ,towel,துவர்த்து,Dress-and-Ornaments,words
ꢦꢔꢶꢞꢶ,पगिडि,பகி3டி3,pagid'i,pagiDi,pagiḍi,pəgɪɖɪ,hat,தொப்பி,Dress-and-Ornaments,words
ꢡꣃꢠꢜ꣄,तौणट,தௌணட்,taunat',tauNaT,tauṇaṭ,t̪əuɳəʈ,big ear stud,தோடு,Dress-and-Ornaments,words
ꢩꢹꢰꢠ,भूषण,பூ4ஷண,bhooshana,bhUSaNa,bhūṣaṇa,bʰuːʂəɳə,ornament,நகை,Dress-and-Ornaments,words
ꢥꢶꢭꢣꢾꢫ꣄ꢞ,निलद॑य्ड,நிலதெ3ய்ட3,nilade'yd'a,niladEyDa,niladĕyḍa,n̪ɪləd̪ejɖə,saphire,நீலக்கல்,Dress-and-Ornaments,words
ꢦꢶꢪ꣄ꢨꢭꢪ꣄,पिम्बलम,பிம்ப3ளம்,pimbalam,pimbalam,pimbalam,pɪmbələm,forehead ornament,நெற்றிச்சுட்டி,Dress-and-Ornaments,words
ꢒꣃꢱ꣄,कौस,கௌஸ்,kaus,kaus,kaus,kəus̪,silk,பட்டு,Dress-and-Ornaments,words
ꢒꣁꢮ꣄ꢯ꣄,का॑व्श्,கொவ்ஶ்,ko'vsh,kOvz,kŏvś,koʋʃ,silk,பட்டு,Dress-and-Ornaments,words
ꢪꢬꢔꢡꢪ꣄,मरगतम्,மரக3தம்,maragatam,maragatam,maragatam,məɾəgət̪əm,emerald,பச்சைக்கல்,Dress-and-Ornaments,words
ꢦꣁꢪ꣄ꢳꣁ,पा॑म्ळा॑,பொம்ளொ,po'ml'o',pOmLO,pŏml̤ŏ,pomɭo,coral,பவளம்,Dress-and-Ornaments,words
ꢭꣁꢪ꣄ꢨꢞꢪ꣄,ला॑म्बडम,லொம்ப3ட3ம்,lo'mbad'am,lOmbaDam,lŏmbaḍam,lombəɖəm,ear ornament,பாம்படம்,Dress-and-Ornaments,words
ꢔꣁꢠꢪ꣄,गा॑ण्म्,கொ3ணம்,go'nam,gONam,gŏṇam,goɳəm,skirt,பாவாடை,Dress-and-Ornaments,words
ꢨꢶꢭꢵꢒ꣄,बिलाक्,பி3லாக்,bilaak,bilAk,bilāk,bɪlɑːk,nose drops,புல்லாக்கு,Dress-and-Ornaments,words
ꢦꢸꢰ꣄ꢦꢬꢵꢔꢪ꣄,पुश्परागम्,புஷ்பராக3ம்,pushparaagam,puSparAgam,puṣparāgam,puʂpəɾɑːgəm,topaz,புஷ்பராகம்,Dress-and-Ornaments,words
ꢨꣀꢙꢪꢵ,बैजमा,பை3ஜமா,baijamaa,baijamA,baijamā,bəɪd͡ʒəmɑː,pyjamas,பைஜாமா,Dress-and-Ornaments,words
ꢦꣃꢒꢳ꣄,पौकळ,பௌகள்,paukal',paukaL,paukal̤,pəukəɭ,wooden slippers,மரச்செருப்பு,Dress-and-Ornaments,words
ꢪꢵꢠꢶꢒ꣄ꢒꢪ꣄,माणिक्कम्,மாணிக்கம்,maanikkam,mANikkam,māṇikkam,mɑːɳɪkkəm,carbuncle,மாணிக்கம்,Dress-and-Ornaments,words
ꢃꢬꢪ꣄,हारम्,ஹாரம்,aaram,Aram,āram,ɑːɾəm,garland,மாலை,Dress-and-Ornaments,words
ꢪꢵꢭꢾ,माल॑,மாலெ,maale',mAlE,mālĕ,mɑːle,garland,மாலை,Dress-and-Ornaments,words
ꢮꢶꢛ꣄ꢗꢸ,विञचु,விஞ்சு,vinchu,viJcu,viñcu,ʋɪɲt͡ʃu,toe ring,மிஞ்சி,Dress-and-Ornaments,words
ꢦꢵꢛꢶꢪꢸꢣ꣄ꢣꢶ,पाञिमुद्दि,பாஞிமுத்3தி3,paanyimuddi,pAJimuddi,pāñimuddi,pɑːɲɪmud̪d̪ɪ,toe ring,மிஞ்சி,Dress-and-Ornaments,words
ꢤꣁꢮꢡ꣄,धा॑वत्,தொ4வத்,dho'vat,dhOvat,dhŏvat,d̪ʰoʋət̪,dhoti,முண்டு,Dress-and-Ornaments,words
ꢪꣁꢡꢶ,मा॑ति,மொதி,mo'ti,mOti,mŏti,mot̪ɪ,pearl,முத்து,Dress-and-Ornaments,words
ꢪꢸꢒ꣄ꢬꣁ,मुक्रा॑,முக்ரொ,mukro',mukrO,mukrŏ,mukɾo,spectacles,மூக்குக் கண்ணாடி,Dress-and-Ornaments,words
ꢘꢵꢱ꣄ꢪꣁ,छास्मा॑,சா2ஸ்மொ,chhaasmo',chAsmO,chāsmŏ,t͡ʃʰɑːs̪mo,spectacles,மூக்குக் கண்ணாடி,Dress-and-Ornaments,words
ꢪꢸꢒ꣄ꢒꢸꢬ꣄,मुक्कुर्,முக்குர்,mukkur,mukkur,mukkur,mukkuɾ,nose stud,மூக்குத்தி,Dress-and-Ornaments,words
ꢪꢸꢣ꣄ꢣꢶ,मुद्दि,முத்3தி3,muddi,muddi,muddi,mud̪d̪ɪ,ring,மோதிரம்,Dress-and-Ornaments,words
ꢭꣁꢭꢵꢒ꣄,ला॑लाक्,லொலாக்,lo'laak,lOlAk,lŏlāk,lolɑːk,ear ornament,லோலக்கு,Dress-and-Ornaments,words
ꢒꣀꢥ,कैन,கைந,kaina,kaina,kaina,kəɪn̪ə,bangle,வளை,Dress-and-Ornaments,words
ꢒꣀꢥꣁ,कैना॑,கைநொ,kaino',kainO,kainŏ,kəɪn̪o,bangle,வளையல்,Dress-and-Ornaments,words
ꢂꢬꢶꢡ꣄ꢯꢪ꣄,हरितशम्,ஹரித்ஶம்,aritsham,aritzam,aritśam,əɾɪt̪ʃəm,turquoise,வைடூரியம்,Dress-and-Ornaments,words
ꢚꢸꢖ꣄ꢒꢭ꣄,झुङकल्,ஜு2ங்கல்,jhunkal,jhuGkal,jhuṅkal,d͡ʒʰuŋkəl,ear drops,ஜிமிக்கி,Dress-and-Ornaments,words
ꢂꢖ꣄ꢔꢶꢞꢶ,अङगिडि,அங்கி3டி3,angid'i,aGgiDi,aṅgiḍi,əŋgɪɖɪ,"shop, market",அங்காடி,Trade,words
ꢂꢖ꣄ꢔꢷꢒꢵꢬ꣄,अङगीकार्,அங்கீ3கார்,angeekaar,aGgIkAr,aṅgīkār,əŋgiːkɑːɾ,approval,அங்கீகாரம்,Trade,words
ꢒꢸꢣꢵꢖ꣄ꢔꢶꢞꢶ,कुदाङकिडि,குதா3ங்கி3டி3,kudaangid'i,kudAGgiDi,kudāṅgiḍi,kud̪ɑːŋgɪɖɪ,pawn broker,அடகுக்கடை,Trade,words
ꢱꢲꢫꣁꢔ꣄,सहयोग,ஸஹயோக்3,sahayo'g,sahayOg,sahayŏg,s̪əɦəjog,support,ஆதரவு,Trade,words
ꢃꢣꢵꢮ꣄,आदाव्,ஆதா3வ்,aadaav,AdAv,ādāv,ɑːd̪ɑːʋ,profit,ஆதாயம்,Trade,words
ꢌꢥ꣄ꢡꢸꢬ꣄,ए॑न्तुर्,எந்துர்,e'ntur,Entur,ĕntur,en̪t̪uɾ,machine,இயந்திரம்,Trade,words
ꢲꢹꢣꢵꢬ,हूदार,ஹூதா3ர்,hoodaara,hUdAra,hūdāra,ɦuːd̪ɑːɾə,borrowal,இரவல்,Trade,words
ꢬꢴꢥꢶ,र्हनि,ர:னி,rhani,rhani,rhani,ɾɦən̪ɪ,stock,இருப்பு,Trade,words
ꢔꣁꢱ꣄,गोस,கோ3ஸ்,go's,gOs,gŏs,gos̪,free,இலவசம் / இனாம்,Trade,words
ꢥꢶꢱ꣄ꢱꢸꢭ꣄ꢒꣁ,निस्सुल्का॑,நிஸ்ஸுல்கொ,nissulko',nissulkO,nissulkŏ,n̪ɪs̪s̪ulko,free,இலவசம் / இனாம்,Trade,words
ꢲꢸꢡ꣄ꢬꢵꢮ꣄,हुत्राव,ஹுத்ராவ்,hutraav,hutrAv,hutrāv,ɦut̪ɾɑːʋ,import,இறக்குமதி,Trade,words
ꢕꢸꢪ꣄ꢦꢸ,घुम्पु,கு3ம்பு,ghumpu,ghumpu,ghumpu,gʰumpu,variety,இனம்,Trade,words
ꢔꣂꢱ꣄,गोस्,கோ3ஸ்,gos,gos,gos,goːs̪,free,இனாம்,Trade,words
ꢆꢡ꣄ꢬꢮꢵꢣ꣄,उत्रवाद्,உத்ரவாத்3,utravaad,utravAd,utravād,ut̪ɾəʋɑːd̪,guarantee,உத்தரவாதம்,Trade,words
ꢨꢵꢣ꣄ꢫꢮꢵꢥ꣄,बाद्यवान्,பா3த்3யவான்,baadyavaan,bAdyavAn,bādyavān,bɑːd̪jəʋɑːn̪,owner,உரிமையாளர்,Trade,words
ꢱꢹꢮꢵꢥ꣄ꢣꢵꢬ꣄,सुवान्दार्,ஸுவாந்தா3ர்,soovaandaar,sUvAndAr,sūvāndār,s̪uːʋɑːn̪d̪ɑːɾ,owner,உரிமையாளர்,Trade,words
ꢂꢥ꣄ꢡꢬ꣄ꢒꢬꣁ,स्दलीयकरा॑,ஸ்த2லீயகரொ,antarkaro',antarkarO,antarkarŏ,ən̪t̪əɾkəɾo,local tax,உள்ளூர்வரி,Trade,words
ꢱꢷꢭ꣄ꢒꢪ꣄,सुल्का॑,ஸுல்கொ,seelkam,sIlkam,sīlkam,s̪iːlkəm,local tax,உள்ளூர்வரி,Trade,words
ꢱꢵꢮꢤꢵꢥ꣄,सावधान,ஸாவதா4ன்,saavadhaan,sAvadhAn,sāvadhān,s̪ɑːʋəd̪ʰɑːn̪,warning,எச்சரிக்கை,Trade,words
ꢌꢭꢪ꣄,एलम्,எலம்,e'lam,Elam,ĕlam,eləm,auction,ஏலம்,Trade,words
ꢥꢷꢭꢵꢪ꣄,नीलाम,நீலாம்,neelaam,nIlAm,nīlām,n̪iːlɑːm,auction,ஏலம்,Trade,words
ꢬꢷꢠ꣄,रीण्,ரீண்,reen,rIN,rīṇ,ɾiːɳ,"debt, loan",கடன்,Trade,words
ꢂꢖ꣄ꢔꢶꢞꢶ,अङगिडि,அங்கி3டி3,angid'i,aGgiDi,aṅgiḍi,əŋgɪɖɪ,shop,கடை,Trade,words
ꢂꢖ꣄ꢔꢶꢞꢶ ꢒꢾꢬꣁ,अङगिडिक॑रा॑,அங்கி3டி3கெரொ,angid'i ke'ro',aGgiDi kErO,aṅgiḍi kĕrŏ,əŋgɪɖɪ keɾo,shop keeper,கடைக்காரன்,Trade,words
ꢒꢮ꣄ꢭꢶꢥꢶ,कव्लिनि,கவ்லினி,kavlini,kavlini,kavlini,kəʋlɪn̪ɪ,mixture,கலவை,Trade,words
ꢪꢶꢱ꣄ꢬꢥꣁ,मिस्रना॑,மிஸ்ரனொ,misrano',misranO,misranŏ,mɪs̪ɾən̪o,mixture,கலவை,Trade,words
ꢣꣁꢨ꣄ꢨꢶꢥꢶ,दोब्बिनि,தொ3ப்3பி3னி,do'bbini,dObbini,dŏbbini,d̪obbɪn̪ɪ,discount,கழிவு,Trade,words
ꢩꢶꢞ꣄ꢥꢶ,भिड्नि,பி4ட்3னி,bhid'ni,bhiDni,bhiḍni,bʰɪɖn̪ɪ,discount,கழிவு,Trade,words
ꢦꢸꢛ꣄ꢙꣁ,पुन्जा॑ कपिनि,புஞ்ஜொ,punjo',puJjO,puñjŏ,puɲd͡ʒo,discount,கழிவு,Trade,words
ꢒꢦꢶꢥꢶ,पुन्जा॑ कपिनि,கபினி,kapini,kapini,kapini,kəpɪn̪ɪ,discount,கழிவு,Trade,words
ꢏꢠ꣄ꢜ꣄ꢫꣁꢱ꣄ꢪꣁꢭ꣄,आ॑ण्ट्या॑स्मोल,ஒண்ட்யொஸ்மோல்,o'nt'yo'smo'l,ONTyOsmOl,ŏṇṭyŏsmŏl,oɳʈjos̪mol,fixed price,கறார்,Trade,words
ꢓꢾꢬꢵꢬꢸꢪꣁꢭ꣄,ख॑रारुमोल,கெ2ராருமோல்,khe'raarumo'l,khErArumOl,khĕrārumŏl,kʰeɾɑːɾumol,fixed price,கறார்,Trade,words
ꢒꢵꢱ꣄,कास्,காஸ்,kaas,kAs,kās,kɑːs̪,money,காசு,Trade,words
ꢲꢥ꣄ꢥꢮ꣄,हन्नव्,ஹன்னவ்,hannav,hannav,hannav,ɦən̪n̪əʋ,money,காசு,Trade,words
ꢲꢥ꣄ꢥ꣄ꢮꢸꢦꢡ꣄ꢬꢸ,हन्नवुपत्रु,ஹன்னவுபத்ரு,hannvupatru,hannvupatru,hannvupatru,ɦən̪n̪ʋupət̪ɾu,cheque,காசோலை,Trade,words
ꢨꢷꢪꣁ,बीमा॑,பீ3மொ,beemo',bImO,bīmŏ,biːmo,guarantee,காப்புறுதி,Trade,words
ꢙꢷꢮꢥꢬꢒ꣄ꢰꣁ,जीवनरक्ष्,ஜீவன ரக்ஷொ,jeevanaraksho',jIvanarakSO,jīvanarakṣŏ,d͡ʒiːʋən̪əɾəkʂo,guarantee,காப்புறுதி,Trade,words
ꢒꢵꢭꢵꢮꢤꢶ,कालावदि,காலாவதி4,kaalaavadhi,kAlAvadhi,kālāvadhi,kɑːlɑːʋəd̪ʰɪ,expiry,காலாவதி,Trade,words
ꢮꢿꢳꢸ ꢱꢪꢵꢦ꣄ꢡꢶ,वेळु समाप्ति,வேளு ஸமாப்தி,vel'u samaapti,veLu samApti,vel̤u samāpti,ʋeːɭu s̪əmɑːpt̪ɪ,expiry,காலாவதி,Trade,words
ꢪꢸꢱꢥ꣄ ꢒꢵꢭ꣄,मुसन्काल,முஸன் கால்,musan kaal,musan kAl,musan kāl,mus̪ən̪ kɑːl,expiry,காலாவதி,Trade,words
ꢔꢶꢜ꣄ꢜꢖ꣄ꢔꢶ,दिट्टङगि,கி3ட்டங்கி3,git't'angi,giTTaGgi,giṭṭaṅgi,gɪʈʈəŋgɪ,godown,கிடங்கு,Trade,words
ꢒꢸꢜꢶꢭꢸ ꢆꢣ꣄ꢫꣂꢔ꣄,क्टिलु उद्योग,குடிலு உத்3யோக்3,kut'ilu udyog,kuTilu udyog,kuṭilu udyog,kuʈɪlu ud̪joːg,cottage industry,குடிசைத் தொழில்,Trade,words
ꢪꢶꢭꢥ꣄ꢮꢞ꣄ꢞꢶ,मिलन्वड्डि,மிளன்வட்3டி3,milanvad'd'i,milanvaDDi,milanvaḍḍi,mɪlən̪ʋəɖɖɪ,compound interest,கூட்டு வட்டி,Trade,words
ꢮꢬ꣄ꢤꢥꢮ꣄ꢬꢸꢣ꣄ꢤꢶ,वधनव्रुद्धि,வர்த4னவ்ருத்3தி4,vardhanavruddhi,vardhanavruddhi,vardhanavruddhi,ʋəɾd̪ʰən̪əʋɾud̪d̪ʰɪ,compound interest,கூட்டு வட்டி,Trade,words
ꢱꢲꢫꣂꢔꢸ ꢱꢖ꣄ꢕꢸ,सहयोगु सङ्घु,ஸஹயோகு3 ஸங்கு4,sahayogu sanghu,sahayogu saGghu,sahayogu saṅghu,s̪əɦəjoːgu s̪əŋgʰu,co-operative society,கூட்டுறவுச் சங்கம்,Trade,words
ꢲꢵꢡꢸ ꢦꣁꢡꢶ,हतु पा॑ति,ஹாது பொதி,haatu po'ti,hAtu pOti,hātu pŏti,ɦɑːt̪u pot̪ɪ,handbook,கையேடு,Trade,words
ꢣꢾꢥꢶꢓꢜ꣄ꢠꢶ,देनिखट्णि,தெ3னிக2ட்3ணி,de'nikhat'ni,dEnikhaTNi,dĕnikhaṭṇi,d̪en̪ɪkʰəʈɳɪ,transaction,கொடுக்கல் வாங்கல்,Trade,words
ꢱꣁꢖ꣄ꢔꢵꢪꣂꢭ꣄,सा॑ङगामोल्,ஸொங்கா3மோல்,so'ngaamol,sOGgAmol,sŏṅgāmol,s̪oŋgɑːmoːl,fair price,சகாயவிலை,Trade,words
ꢥ꣄ꢫꢵꢮꢸꢪꣁꢭ꣄,न्यावु मोल,ந்யாவு மோல்,nyaavumo'l,nyAvumOl,nyāvumŏl,n̪jɑːʋumol,fair price,சகாயவிலை,Trade,words
ꢦ꣄ꢬꢡꢶ ꢯꣁꢡ꣄,प्रति शोत,ப்ரதிஶோத்,prati sho't,prati zOt,prati śŏt,pɾət̪ɪ ʃot̪,percentage,சதவீதம்,Trade,words
ꢦ꣄ꢬꢡꢶ ꢱꣁꢮꢸ,प्रति सोवु,ப்ரதிஸோவு,prati so'vu,prati sOvu,prati sŏvu,pɾət̪ɪ s̪oʋu,percentage,சதவீதம்,Trade,words
ꢮꢶꢒ꣄ꢒꢥ ꣄ꢢꢵꢪ꣄,विक्कन थाम,விக்கன்தா2ம்,vikkana thaam,vikkana thAm,vikkana thām,ʋɪkkən̪ə t̪ʰɑːm,market,சந்தை,Trade,words
ꢱꢪꢵꢥ꣄,समान,ஸமான்,samaan,samAn,samān,s̪əmɑːn̪,goods,சரக்கு,Trade,words
ꢱꢲꢵꢮ꣄,सहाव,ஸஹாவ்,sahaav,sahAv,sahāv,s̪əɦɑːʋ,concession,சலுகை,Trade,words
ꢱꢵꢤꢥ꣄,साधन,ஸாத4ன்,saadhan,sAdhan,sādhan,s̪ɑːd̪ʰən̪,equipment,சாதனம்,Trade,words
ꢪꢶꢡꢮꢿꢱꢸꢦꢥ꣄,मित वेसुपन,மித வேஸுபன்,mitavesupan,mitavesupan,mitavesupan,mɪt̪əʋeːs̪upən̪,thrift,சிக்கனம்,Trade,words
ꢥꢴꢥ꣄ꢒꢵꢱꢸꢥ꣄,न्हन्कासुन,ந:ன்காஸுன்,nhankaasun,nhankAsun,nhankāsun,n̪ɦən̪kɑːs̪un̪,Small change,சில்லறை,Trade,words
ꢗꢶꢭ꣄ꢭꢬꢸ ꢩ꣄ꢫꢵꢬ꣄,चिल्लरु भ्यार,சில்லரு ப்4யார்,chillaru bhyaar,cillaru bhyAr,cillaru bhyār,t͡ʃɪlləɾu bʰjɑːɾ,retail sale,சில்லறை வியாபாரம்,Trade,words
ꢥꢴꢥ꣄ ꢦꢬꢶꢪꢵꢠꢸ ꢩ꣄ꢫꢵꢬ꣄,न्हन परिमाणु भ्यार,ந:ன் பரிமாணு ப்4யார்,nhan parimaanu bhyaar,nhan parimANu bhyAr,nhan parimāṇu bhyār,n̪ɦən̪ pəɾɪmɑːɳu bʰjɑːɾ,retail sale,சில்லறை வியாபாரம்,Trade,words
ꢮꢶꢯꢿꢰꢸ ꢱꢵꢡ꣄,विशेषु सात,விஸேஷு ஸாத்,visheshu saat,vizeSu sAt,viśeṣu sāt,ʋɪʃeːʂu s̪ɑːt̪,super market,சிறப்பங்காடி,Trade,words
ꢪꢾꢜ꣄ ꢱꢵꢡ꣄,मेट्सात,மேட்ஸாத்,me't' saat,mET sAt,mĕṭ sāt,meʈ s̪ɑːt̪,super market,சிறப்பங்காடி,Trade,words
ꢮꢶꢯꢿꢰꢸ ꢂꢪ꣄ꢱꢸ,विशेषु अम्सु,விஸேஷு அம்ஸு,visheshu amsu,vizeSu amsu,viśeṣu amsu,ʋɪʃeːʂu əms̪u,special feature,சிறப்பம்சம்,Trade,words
ꢥꢴꢥ꣄ꢦꢬꢶꢪꢵꢠꢸ ꢱꢛ꣄ꢗꢫꣁ,न्हन्परमाणु सञ्चया॑,ந:ன்பரிமாணு ஸஞ்சயொ,nhanparimaanu sanchayo',nhanparimANu saJcayO,nhanparimāṇu sañcayŏ,n̪ɦən̪pəɾɪmɑːɳu s̪əɲt͡ʃəjo,small savings,சிறுசேமிப்பு,Trade,words
ꢥꢴꢥ꣄ ꢆꢬꢵꢮ꣄,न्हनुराव,ந:ன் உராவ்,nhan uraav,nhan urAv,nhan urāv,n̪ɦən̪ uɾɑːʋ,small savings,சிறுசேமிப்பு,Trade,words
ꢥꢴꢥ꣄ ꢆꢣ꣄ꢫꣁꢔ꣄,न्हन उद्योग,ந:ன் உத்3யோக்3,nhan udyo'g,nhan udyOg,nhan udyŏg,n̪ɦən̪ ud̪jog,small scale industry,சிறுதொழில்,Trade,words
ꢔꢸꢬ꣄ꢡꢸ,गुर्तु,கு3ர்து,gurtu,gurtu,gurtu,guɾt̪u,symbol,சின்னம்,Trade,words
ꢗꢷꢜꢸ ꢒꢪ꣄ꢦꢾꢥꢶ,चीटु कम्प॑नि,சீடுகம்பெனி,cheet'u kampe'ni,cITu kampEni,cīṭu kampĕni,t͡ʃiːʈu kəmpen̪ɪ,chit fund company.,சீட்டு நிறுவனம்,Trade,words
ꢗꢷꢜꢸ ꢱ꣄ꢡꢵꢦꢥꣁ,चीटु स्तापना॑,சீடு ஸ்தாபனோ,cheet'u staapano',cITu stApanO,cīṭu stāpanŏ,t͡ʃiːʈu s̪t̪ɑːpən̪o,chit fund company.,சீட்டு நிறுவனம்,Trade,words
ꢒꢬꢥ꣄ꢒ꣄ꢬꢪꣁ,करन्क्रमा॑,கரன்க்ரமொ,karankramo',karankramO,karankramŏ,kəɾən̪kɾəmo,procedure,செய்முறை,Trade,words
ꢮꢾꢱꢸꢥ꣄,वेसून,வேஸுன்,ve'sun,vEsun,vĕsun,ʋes̪un̪,expenditure,செலவினம்,Trade,words
ꢮꢿꢱ꣄,वेस्,வேஸ்,ves,ves,ves,ʋeːs̪,expenditure,செலவு,Trade,words
ꢭꢴꢾꢓꢵ ꢱꣁꢤꢥꣁ,ल्ह॑खा सोधना॑,லெ:கா2ஸோத4னொ,lhe'khaa so'dhano',lhEkhA sOdhanO,lhĕkhā sŏdhanŏ,lɦekʰɑː s̪od̪ʰən̪o,audit,தணிக்கை,Trade,words
ꢆꢡ꣄ꢦꢡ꣄ꢡꢶꢒꢾꢬ꣄ꢥꢵꢬ꣄ ꢡꢾꢫꢵꢬ꣄ꢒꢾꢬ꣄ꢥꢵꢬ꣄,उत्पत्ति क॑र्नार,உத்பத்திகெர்னார்,utpattike'rnaar te'yaarke'rnaar,utpattikErnAr tEyArkErnAr,utpattikĕrnār tĕyārkĕrnār,ut̪pət̪t̪ɪkeɾn̪ɑːɾ t̪ejɑːɾkeɾn̪ɑːɾ,producer,தயாரிப்பாளர்,Trade,words
ꢆꢡ꣄ꢦꢡ꣄ꢡꢶ,उत्पत्ति,உத்பத்தி,utpatti,utpatti,utpatti,ut̪pət̪t̪ɪ,production,தயாரிப்பு,Trade,words
ꢒꢬ꣄ꢪꢣꢾꢥꢶ,क्रमदेनि,க்ரமதெ3னி,karmade'ni,karmadEni,karmadĕni,kəɾməd̪en̪ɪ,instalment,தவணை,Trade,words
ꢆꢣ꣄ꢫꣂꢔꢸ ꢕꢥꣁ,उद्योगु घना॑,உத்3யோகு3 க4னொ,udyogu ghano',udyogu ghanO,udyogu ghanŏ,ud̪joːgu gʰən̪o,factory,தொழிலகம்/ தொழிற் சாலை,Trade,words
ꢒꢵꢪ꣄ ꢒꢬ꣄ꢡꢵꢥ꣄,काम्कर्तान्,காம்கர்தான்,kaam kartaan,kAm kartAn,kām kartān,kɑːm kəɾt̪ɑːn̪,labourers,தொழிலாளர்,Trade,words
ꢒꢵꢪ꣄ ꢒꢬ꣄ꢡ꣄ꢡꣁ,काम्कर्ता॑,காம்கர்தொ,kaam kartto',kAm karttO,kām karttŏ,kɑːm kəɾt̪t̪o,labourer,தொழிலாளி,Trade,words
ꢒꢵꢪ꣄ ꢒꢬ꣄ꢡꢵꢥꢸ ꢱꢖ꣄ꢔꢸ,काम्कर्तानु सङगु,காம்கர்தானுஸங்கு3,kaam kartaanu sangu,kAm kartAnu saGgu,kām kartānu saṅgu,kɑːm kəɾt̪ɑːn̪u s̪əŋgu,labour union,தொழிற் சங்கம்,Trade,words
ꢒꢵꢗꢮꢵꢥꢵ,काचवाना,காசகானா,kaachavaanaa,kAcavAnA,kācavānā,kɑːt͡ʃəʋɑːn̪ɑː,factory,தொழிற் சாலை,Trade,words
ꢥꣁꢰ꣄ꢜꢶ,न॑ष्टि,நெஷ்டி,no'sht'i,nOSTi,nŏṣṭi,n̪oʂʈɪ,loss,நஷ்டம்,Trade,words
ꢒꢵꢱꢸ ꢨꢶꢭ꣄ꢭꣁ,कासु बिल्ला॑,காஸு பி3ல்லொ,kaasu billo',kAsu billO,kāsu billŏ,kɑːs̪u bɪllo,coin,நாணயம்,Trade,words
ꢥꢶꢒꢬ ꢭꢵꢩ꣄,निकर लाभ्,நிகரலாப்4,nikara laabh,nikara lAbh,nikara lābh,n̪ɪkəɾə lɑːbʰ,net profit,நிகரலாபம்,Trade,words
ꢲꢠ꣄ꢠꢮ꣄,हण्णव्,ஹன்னவ்,hannav,haNNav,haṇṇav,ɦəɳɳəʋ,finance,நிதி,Trade,words
ꢥꢶꢤꢶ,निधि,நிதி4,nidhi,nidhi,nidhi,n̪ɪd̪ʰɪ,finance,நிதி,Trade,words
ꢥꢶꢤꢶ ꢏꢬ꣄ꢱꢸ,निद्गि आ॑र्सु,நிதி4ஒர்ஸு,nidhi o'rsu,nidhi Orsu,nidhi ŏrsu,n̪ɪd̪ʰɪ oɾs̪u,financial year,நிதியாண்டு,Trade,words
ꢥꢶꢬ꣄ꢮꢵꢲꢸ ꢒꢵꢬ꣄ꢫꢵꢭꢫꣁ,निर्वाहु कार्यालया॑,நிர்வாஹு கார்யாலயொ,nirvaahu kaaryaalayo',nirvAhu kAryAlayO,nirvāhu kāryālayŏ,n̪ɪɾʋɑːɦu kɑːɾjɑːləjo,administrative office,நிர்வாக அலுவலகம்,Trade,words
ꢓꢞꢱ꣄ꢡꢾꢥꢸ,खटस्त॑नु,க2ட3ஸ்தெனு,khad'aste'nu,khaDastEnu,khaḍastĕnu,kʰəɖəs̪t̪en̪u,consumers,நுகர்வோர்,Trade,words
ꢮꢮ꣄ꢬꢸꢥꢵꢬ꣄,वव्रुनार,வவ்ருனார்,vavrunaar,vavrunAr,vavrunār,ʋəʋɾun̪ɑːɾ,consumers,நுகர்வோர்,Trade,words
ꢥꢸꢔꢸꢥꢵꢬ꣄,नुगुनार,நுகு3னார்,nugunaar,nugunAr,nugunār,n̪ugun̪ɑːɾ,consumers,நுகர்வோர்,Trade,words
ꢩꢵꢔꢱ꣄ꢢꢬ꣄,भागस्थर,பா4க3ஸ்த2ர்,bhaagasthar,bhAgasthar,bhāgasthar,bʰɑːgəs̪t̪ʰəɾ,share holder,பங்காளர்கள்,Trade,words
ꢩꢵꢔ꣄,भाग,பா4க்3,bhaag,bhAg,bhāg,bʰɑːg,share,பங்கு,Trade,words
ꢗꢹꢗꢶ ꢦꢡ꣄ꢬꢸ,सूचिपत्रु,ஸூசிபத்ரு,choochi patru,cUci patru,cūci patru,t͡ʃuːt͡ʃɪ pət̪ɾu,list,பட்டியல்,Trade,words
ꢔꢶꢞ꣄ꢞꢖ꣄ꢔꢶ,गिड्डङ्गि,கி3ட்3ட3ங்கி3,gid'd'angi,giDDaGgi,giḍḍaṅgi,gɪɖɖəŋgɪ,store house,பண்டகசாலை,Trade,words
ꢙꢪꢵꢥꢸꢥ꣄,जमानुन,ஜமானுன்,jamaanun,jamAnun,jamānun,d͡ʒəmɑːn̪un̪,goods,பண்டங்கள்,Trade,words
ꢒꢸꢡꣁ,कुता॑,குதொ,kuto',kutO,kutŏ,kut̪o,pawn,பணயம்,Trade,words
ꢦꢡ꣄ꢡꢶꢬꢪ꣄,पत्तिरम,பத்திரம்,pattiram,pattiram,pattiram,pət̪t̪ɪɾəm,"bond paper, stamp paper",பத்திரம்,Trade,words
ꢦꢡ꣄ꢡꢶꢬꢪꢸ ꢒꢵꢬ꣄ꢫꢭꢫꣁ,पत्तिरमु कार्यलया॑,பத்திரமு கார்யலயொ,pattiramu kaaryalayo',pattiramu kAryalayO,pattiramu kāryalayŏ,pət̪t̪ɪɾəmu kɑːɾjələjo,register office,பதிவு அலுவலகம்,Trade,words
ꢗꢶꢱ꣄ꢭꣁ,चिस्ला॑,சிஸ்லொ,chislo',cislO,cislŏ,t͡ʃɪs̪lo,provision,பலசரக்கு,Trade,words
ꢗꢵꢱ꣄ꢭꢵ ꢂꢖ꣄ꢔꢶꢞꢶ,चिस्ला अङगिडि,சிஸ்லாஅங்கி3டி3,chaaslaa angid'i,cAslA aGgiDi,cāslā aṅgiḍi,t͡ʃɑːs̪lɑː əŋgɪɖɪ,provision shop,பலசரக்குக் கடை,Trade,words
ꢒꢵꢨꢥ꣄ꢣꢸ,काबन्दु,காப3ந்து3,kaabandu,kAbandu,kābandu,kɑːbən̪d̪u,protection,பாதுகாப்பு,Trade,words
ꢩꣁꢠ꣄ꢠꢪꢸꢥ꣄,भोण्णमुन,பொ4ண்ணமுன்,bho'nnamun,bhONNamun,bhŏṇṇamun,bʰoɳɳəmun̪,goods,பொருட்கள்,Trade,words
ꢮꢱ꣄ꢡꢸꢥ꣄,वस्तुन,வஸ்துன்,vastun,vastun,vastun,ʋəs̪t̪un̪,goods,பொருட்கள்,Trade,words
ꢥꢶꢤꢶꢱꢲꢵꢮ꣄,निधिसहाव,நிதி4ஸஹாவ்,nidhisahaav,nidhisahAv,nidhisahāv,n̪ɪd̪ʰɪs̪əɦɑːʋ,financial aid,பொருளுதவி,Trade,words
ꢔꢸꢠ꣄ꢠꢸꢲꢷꢥꢸꢮꢱ꣄ꢡꢸꢥ꣄,गुण्णुहीनुवस्तुन,கு3ண்ணுஹீனுவஸ்துன்,gunnuheenuvastun,guNNuhInuvastun,guṇṇuhīnuvastun,guɳɳuɦiːn̪uʋəs̪t̪un̪,duplicate product,போலிச்சரக்கு,Trade,words
ꢱꣁꢖ꣄ꢒꣁ,सा॑ङ्गा॑,ஸொங்கொ3,so'nko',sOGkO,sŏṅkŏ,s̪oŋko,cheap,மலிவு,Trade,words
ꢂꢭ꣄ꢦ,अल्प,அல்ப,alpa,alpa,alpa,əlpə,cheap,மலிவு,Trade,words
ꢩꢬ꣄ꢡꢶꢪꣁ,भर्तिमा॑,ப4ர்திமொ,bhartimo',bhartimO,bhartimŏ,bʰəɾt̪ɪmo,sample,மாதிரி,Trade,words
ꢯꢿꢰ꣄,शेष्,ஶேஷ்,shesh,zeS,śeṣ,ʃeːʂ,balance,மிச்சம் / மீதி,Trade,words
ꢩꢬ꣄ꢡꢶ ꢪꢾꢥꢶꢒ꣄,भर्ति म॑निक,ப4ர்திமெனிக்,bharti me'nik,bharti mEnik,bharti mĕnik,bʰəɾt̪ɪ men̪ɪk,agent,முகவர்,Trade,words
ꢩꢬ꣄ꢡꢶꢮꢵꢥ꣄,भर्तिवान,ப4ர்திவான்,bhartivaan,bhartivAn,bhartivān,bʰəɾt̪ɪʋɑːn̪,agent,முகவர்,Trade,words
ꢂꢤꢶꢦꢡꢶ,अधिपति,அதி4பதி,adhipati,adhipati,adhipati,əd̪ʰɪpət̪ɪ,"owner, capitalist",முதலாளி,Trade,words
ꢥꢶꢮꢿꢰꢠꣁ,निवेषणा॑,நிவேஷணொ,niveshano',niveSaNO,niveṣaṇŏ,n̪ɪʋeːʂəɳo,Investment/ capital,முதலீடு/ மூலதனம்,Trade,words
ꢪꢹꢭꢸꢤꢥ꣄,मूलुधन,மூலுத4ன்,mooludhan,mUludhan,mūludhan,muːlud̪ʰən̪,Investment/ capital,முதலீடு/ மூலதனம்,Trade,words
ꢃꢲꢡ꣄,आहत,ஆஹத்,aahat,Ahat,āhat,ɑːɦət̪,total,மொத்தம்,Trade,words
ꢂꢱ꣄ꢒꣁ,अस्का॑,அஸ்கொ,asko',askO,askŏ,əs̪ko,total,மொத்தம்,Trade,words
ꢃꢲꢡ꣄ꢩ꣄ꢫꢵꢬ꣄,आहत्भ्यार,ஆஹத்ப்4யார்,aahatbhyaar,AhatbhyAr,āhatbhyār,ɑːɦət̪bʰjɑːɾ,wholesale,மொத்த வியாபாரம்,Trade,words
ꢦ꣄ꢬꢵꢦ꣄ꢡꢶꢦꢡ꣄ꢬꢸ,प्राप्तिपत्रु,ப்ராப்திபத்ரு,praaptipatru,prAptipatru,prāptipatru,pɾɑːpt̪ɪpət̪ɾu,receipt,ரசீது,Trade,words
ꢦꢵꢮꢡꢶ,पावति,பாவதி,paavati,pAvati,pāvati,pɑːʋət̪ɪ,receipt,ரசீது,Trade,words
ꢬꢸꢦꢵꢫ꣄,रुपाय्,ருபாய்,rupaay,rupAy,rupāy,ɾupɑːj,rupee,ரூபாய்,Trade,words
ꢬꣁꢒ꣄ꢒꢪ꣄,रा॑क्कम्,ரொக்கம்,ro'kkam,rOkkam,rŏkkam,ɾokkəm,in cash,ரொக்கம்,Trade,words
ꢪꢸꢭ꣄ꢧꢭꢵꢨ꣄,मुल्फलाब्,முல்ப2லாப்3,mulphalaab,mulphalAb,mulphalāb,mulpʰəlɑːb,interest,வட்டி,Trade,words
ꢩ꣄ꢫꢵꢬ꣄,भ्यार,ப்4யார்,bhyaar,bhyAr,bhyār,bʰjɑːɾ,"trade, business",வணிகம்,Trade,words
ꢩ꣄ꢫꢵꢬ꣄ꢱꢵꢬ꣄,भ्यार्सार,ப்4யார்ஸார்,bhyaarsaar,bhyArsAr,bhyārsār,bʰjɑːɾs̪ɑːɾ,"trade, business",வணிகம்,Trade,words
ꢮꢠꢶꢙ꣄,वणिज,வணிஜ்,vanij,vaNij,vaṇij,ʋəɳɪd͡ʒ,merchant,வணிகர்,Trade,words
ꢮꢠꢶꢒ꣄,वणिक,வணிக்,vanik,vaNik,vaṇik,ʋəɳɪk,merchant,வணிகர்,Trade,words
ꢮꢠꢾ,वणे,வணெ,vane',vaNE,vaṇĕ,ʋəɳe,merchant,வணிகர்,Trade,words
ꢩ꣄ꢫꢵꢬꢸꢗꢶꢥ꣄ꢲꢸ,भ्यारु चिन्हु,ப்4யாருசின்ஹு,bhyaaruchinhu,bhyArucinhu,bhyārucinhu,bʰjɑːɾut͡ʃɪn̪ɦu,trade mark,வர்த்தகச் சின்னம்,Trade,words
ꢩ꣄ꢫꢵꢬꢸ ꢪꢸꢣ꣄ꢬꣁ,भ्यारु मुद्रा॑,ப4யாரு முத்3ரொ,bhyaaru mudro',bhyAru mudrO,bhyāru mudrŏ,bʰjɑːɾu mud̪ɾo,trade mark,வர்த்தகச் சின்னம்,Trade,words
ꢮ꣄ꢫꢵꢬ꣄,भ्यार्,ப்4யார்,vyaar,vyAr,vyār,ʋjɑːɾ,trade,வர்த்தகம்,Trade,words
ꢥꢶꢤꢶꢡꢔꢶꢥꢶ,निधि तगिनि,நிதி4 தகி3னி,nidhitagini,nidhitagini,nidhitagini,n̪ɪd̪ʰɪt̪əgɪn̪ɪ,credit,வரவு,Trade,words
ꢥꢶꢤꢶꢂꢮ꣄ꢥꢶ,निधि अव्नि,நிதி4அவ்னி,nidhiavni,nidhiavni,nidhiavni,n̪ɪd̪ʰɪəʋn̪ɪ,credit,வரவு,Trade,words
ꢙꣁꢞꢸꢪ꣄ꢦꢸꢭ꣄,जा॑डुम्पुल,ஜொடு3ம்புல்,jo'd'umpul,jODumpul,jŏḍumpul,d͡ʒoɖumpul,income,வருமானம்,Trade,words
ꢱꢪ꣄ꢨꢵꢣꢥꣁ,सम्पादना॑,ஸம்பாத3னொ,sambaadano',sambAdanO,sambādanŏ,s̪əmbɑːd̪ən̪o,income,வருமானம்,Trade,words
ꢓꢞꢾꢪꣁꢭ꣄,कड॑मोल,க2டெ3மோல்,khad'e'mo'l,khaDEmOl,khaḍĕmŏl,kʰəɖemol,purchase price,வாங்கிய விலை,Trade,words
ꢪꣁꢭ꣄,मोल्,மோல்,mo'l,mOl,mŏl,mol,"price, cost",விலை,Trade,words
ꢮꢶꢮꢬ꣄,विवर्,விவர்,vivar,vivar,vivar,ʋɪʋəɾ,detail,விவரம்,Trade,words
ꢦ꣄ꢬꢡꢶ ꢱꣂꢡꢸ,प्रति सोतु,ப்ரதி ஶோது,prati sotu,prati sotu,prati sotu,pɾət̪ɪ s̪oːt̪u,percentage,விழுக்காடு,Trade,words
ꢦ꣄ꢬꢡꢶ ꢱꣂꢮꢸ,प्रति सोवु,ப்ரதி ஶோவு,prati sovu,prati sovu,prati sovu,pɾət̪ɪ s̪oːʋu,percentage,விழுக்காடு,Trade,words
ꢦ꣄ꢬꢒꢵꢱꢠꣁ,प्रकासणा॑,ப்ரகாஸணொ,prakaasano',prakAsaNO,prakāsaṇŏ,pɾəkɑːs̪əɳo,advertisement,விளம்பரம்,Trade,words
ꢮꢶꢒ꣄ꢬꢫꣁ,विक्रया॑,விக்ரயொ,vikrayo',vikrayO,vikrayŏ,ʋɪkɾəjo,sale,விற்பனை,Trade,words
ꢮꢶꢒ꣄ꢒꢶꢥꢶ,विक्किनि,விக்கினி,vikkini,vikkini,vikkini,ʋɪkkɪn̪ɪ,sale,விற்பனை,Trade,words
ꢮꢶꢒ꣄ꢒꢥ꣄ꢪꣂꢭ꣄,विक्कन्मोल,விக்கன்மோல்,vikkanmol,vikkanmol,vikkanmol,ʋɪkkən̪moːl,sale price,விற்றவிலை,Trade,words
ꢮꢶꢥꢶꢫꣁꢔ꣄,विनियोग्,வினியோக்3,viniyo'g,viniyOg,viniyŏg,ʋɪn̪ɪjog,distribution,வினியோகம்,Trade,words
ꢮꢶꢥꢶꢫꣂꢔ꣄ꢒꢾꢬ꣄ꢥꢵꢬꢸꢥ꣄,व्नियोग्क॑र्नारुन,வினியோக்3கெர்னாருன்,viniyogke'rnaarun,viniyogkErnArun,viniyogkĕrnārun,ʋɪn̪ɪjoːgkeɾn̪ɑːɾun̪,distributors,வினியோகிப்போர்,Trade,words
ꢩꢔ ꣄ꢦꢹꢡꢶꢬ꣄,भग तूतिर्,ப4க்3 தூதிர்,bhaga pootir,bhaga pUtir,bhaga pūtir,bʰəgə puːt̪ɪɾ,ratio,வீதம்,Trade,words
ꢥꢶꢬ꣄ꢤꢵꢬꢶꢡꢒꢵꢭꢶꢒꢫꣁꢙꢥꣁ,निर्दारित कालिक योजना॑,நிர்தா4ரித காலிக யோஜனொ,nirdhaaritakaalikayo'jano',nirdhAritakAlikayOjanO,nirdhāritakālikayŏjanŏ,n̪ɪɾd̪ʰɑːɾɪt̪əkɑːlɪkəjod͡ʒən̪o,fixed deposit plan,வைப்பு நிதித்திட்டம்,Trade,words
ꢱ꣄ꢢꢶꢬ ꢥꢶꢤꢶ ꢢꣁꢮ꣄ꢥꢶ ꢫꣂꢙꢥꣁ,स्थिर निधि था॑व्नि योजना॑,ஸ்தி2ர நிதி4 தொ2வ்னி யோஜனொ,sthira nidhi tho'vni yojano',sthira nidhi thOvni yojanO,sthira nidhi thŏvni yojanŏ,s̪t̪ʰɪɾə n̪ɪd̪ʰɪ t̪ʰoʋn̪ɪ joːd͡ʒən̪o,fixed deposit plan,வைப்பு நிதித்திட்டம்,Trade,words
ꢂꢖ꣄ꢔꢮꢶꢒꢵꢬꢸꢥ꣄,अङ्गविकारुन,அங்க3 விகாருன்,angavikaarun,aGgavikArun,aṅgavikārun,əŋgəʋɪkɑːɾun̪,physical deformity,அங்கஹீனம் / உடல் ஊனம்,Physique,words
ꢯꢵꢬꢷꢬꢶꢒ ꢮꢶꢒꢵꢬꢸꢥ꣄,सारीरिक विकारुन,ஶாரீரிக விகாருன்,shaareerika vikaarun,zArIrika vikArun,śārīrika vikārun,ʃɑːɾiːɾɪkə ʋɪkɑːɾun̪,physical deformity,அங்கஹீனம் / உடல் ஊனம்,Physique,words
ꢂꢖ꣄ꢔꢲꢷꢥꢸ,अङ्गहीनु,அங்க3ஹினு,angaheenu,aGgahInu,aṅgahīnu,əŋgəɦiːn̪u,,,Physique,words
ꢯꢵꢬꢷꢬꢶꢒ,शारीरिक,ஷாரீரிக,shaareerika,zArIrika,śārīrika,ʃɑːɾiːɾɪkə,,,Physique,words
ꢂꢰ꣄ꢒꢡꢡ,अष्कतत,அஷகதத,ashkatata,aSkatata,aṣkatata,əʂkət̪ət̪ə,,,Physique,words
ꢂꢖ꣄ꢔꢲꢷꢥꢸꢥ꣄,अङ्गहीनुन्,அங்க3ஹீனுன்,angaheenun,aGgahInun,aṅgahīnun,əŋgəɦiːn̪un̪,physically handicapped,உடல் ஊனமுற்றோர்,Physique,words
ꢥꢹꢥꢯꢬꢷꢬꢶ,नूनुशरीरि,நூனஶரீரி,noonashareeri,nUnazarIri,nūnaśarīri,n̪uːn̪əʃəɾiːɾɪ,physically handicapped,உடல் ஊனமுற்றோர்,Physique,words
ꢪꢹꢒꣁ,मूका॑,மூகொ,mooko',mUkO,mūkŏ,muːko,dumb,ஊமை / ஊமையன்,Physique,words
ꢪꢹꢓꣁ,मूखा॑,மூகொ2,mookho',mUkhO,mūkhŏ,muːkʰo,dumb,ஊமை / ஊமையன்,Physique,words
ꢪꢹꢒꢶ,मूकि,மூகி,mooki,mUki,mūki,muːkɪ,dumb,ஊமைச்சி,Physique,words
ꢏꢬꣁꢣꣁꢭꣁꢮꢵꢥ꣄,ओरोदोलोवान,ஒரொதொ3ளொவான்,o'ro'do'lo'vaan,OrOdOlOvAn,ŏrŏdŏlŏvān,oɾod̪oloʋɑːn̪,squint eyed man,ஓரக் கண்ணன்,Physique,words
ꢏꢬꣁꢣꣁꢭꢶꢮꢵꢥ꣄,ओरोदोलिवान,ஒரொதொ3ளிவான்,o'ro'do'livaan,OrOdOlivAn,ŏrŏdŏlivān,oɾod̪olɪʋɑːn̪,squint eyed man,ஓரக் கண்ணன்,Physique,words
ꢏꢬꣁꢣꣁꢭꢶ,ओरोदोलि,ஒரொதொ3ளி,o'ro'do'li,OrOdOli,ŏrŏdŏli,oɾod̪olɪ,squint eyed woman,ஓரக் கண்ணி,Physique,words
ꢫꣁꢒ꣄ ꢣꣁꢭꢮꢵꢥ꣄,योकदोलवान,யோகதொ3வாம்,yo'k do'lavaan,yOk dOlavAn,yŏk dŏlavān,jok d̪oləʋɑːn̪,,,Physique,words
ꢗꢾꢮꢸꢜ꣄,च॑वुट्,செவுட்3,che'vut',cEvuT,cĕvuṭ,t͡ʃeʋuʈ,deaf persons,காதுகேளாதோர்,Physique,words
ꢌꢞꣁ,ए॑डा॑,எடொ3,e'd'o',EDO,ĕḍŏ,eɖo,deaf persons,காதுகேளாதோர்,Physique,words
ꢂꢒ꣄ꢒꢸꢬꣁ,अक्कुरा॑,அக்குரொ,akkuro',akkurO,akkurŏ,əkkuɾo,"dwarf, short",குட்டை,Physique,words
ꢒꢸꢳ꣄ꢳꣁ,कुळ्ळा॑,குள்ளொ,kul'l'o',kuLLO,kul̤l̤ŏ,kuɭɭo,"dwarf, short",குட்டை,Physique,words
ꢒꢸꢳ꣄ꢳ꣄ꢶ,कुळ्ळि,குள்ளி,kul'l'_i,kuLL_i,kul̤l̤_i,kuɭɭ_ɪ,short woman,குட்டைச்சி,Physique,words
ꢂꢒ꣄ꢒꢸꢬꢷ,अक्कुरी,அக்குரீ,akkuree,akkurI,akkurī,əkkuɾiː,short woman,குட்டைச்சி,Physique,words
ꢂꢥ꣄ꢣꢒꣁ,अन्दका॑,அந்த3கொ,andako',andakO,andakŏ,ən̪d̪əko,blind man,குருடன்/ விழியிழந்தோர்,Physique,words
ꢔꢸꢜ꣄ꢞꢾ,गुट्ड॑,கு3ட்டெ3,gut'd'e',guTDE,guṭḍĕ,guʈɖe,blind man,குருடன்/ விழியிழந்தோர்,Physique,words
ꢔꢸꢞ꣄ꢞꢶ,गुड्डि,கு3ட்3டி3,gud'd'i,guDDi,guḍḍi,guɖɖɪ,blind woman,குருடி,Physique,words
ꢂꢥ꣄ꢣꣁ,अन्दा॑,அந்தொ3,ando',andO,andŏ,ən̪d̪o,blindness,குருடு,Physique,words
ꢮꢵꢪꢥꢦꢥ꣄,वामनपन,வாமனபன்,vaamanapan,vAmanapan,vāmanapan,ʋɑːmən̪əpən̪,"shortness, dwarfness",குள்ளம்,Physique,words
ꢒꢸꢳ꣄ꢳꢦꢥ꣄,कुळ्ळपन,குள்ளபன்,kul'l'apan,kuLLapan,kul̤l̤apan,kuɭɭəpən̪,"shortness, dwarfness",குள்ளம்,Physique,words
ꢒꢸꢳ꣄ꢳꣁ,कुळ्ळा॑,குள்ளொ,kul'l'o',kuLLO,kul̤l̤ŏ,kuɭɭo,dwarf,குள்ளன்,Physique,words
ꢮꢵꢪꢥꣁ,वामना॑,வாமனொ,vaamano',vAmanO,vāmanŏ,ʋɑːmən̪o,dwarf,குள்ளன்,Physique,words
ꢒꢸꢳ꣄ꢳꢶ,कुळ्ळि,குள்ளி,kul'l'i,kuLLi,kul̤l̤i,kuɭɭɪ,dwarf,குள்ளி,Physique,words
ꢒꢹꢥ꣄,कून,கூன்,koon,kUn,kūn,kuːn̪,hunch back,கூன்,Physique,words
ꢮꢔꢸꢠ꣄ꢜꣁꢣꣂꢠ꣄,वगुण्टा॑तोण,வகு3ண்டொதோண்,vagunt'o'don,vaguNTOdoN,vaguṇṭŏdoṇ,ʋəguɳʈod̪oːɳ,abnormal mouth shapped,கோணவாய்,Physique,words
ꢮꣀꢠ꣄ꢜꢡꣂꢠ꣄,वैण्टतोण,வைண்டதோண்,vaint'aton,vaiNTatoN,vaiṇṭatoṇ,ʋəɪɳʈət̪oːɳ,abnormal mouth shapped,கோணவாய்,Physique,words
ꢌꢞꣁ,ए॑डा॑,எடொ3,e'd'o',EDO,ĕḍŏ,eɖo,deaf,செவிடன்,Physique,words
ꢗꢾꢮ꣄ꢞꢶ,च॑व्डि,செவ்டி3,che'vd'i,cEvDi,cĕvḍi,t͡ʃeʋɖɪ,deaf,செவிடி,Physique,words
ꢗꢾꢮꢸꢜ꣄,च॑वुट,செவுட்3,che'vut',cEvuT,cĕvuṭ,t͡ʃeʋuʈ,deafness,செவிடு,Physique,words
ꢡꢡ꣄ꢡꢸꢮꣁ,तुत्तुवा॑,துத்துவொ,tattuvo',tattuvO,tattuvŏ,t̪ət̪t̪uʋo,stammering,திக்குவாய்,Physique,words
ꢡꢡ꣄ꢡꢸꢮꢵꢥ꣄,तुत्तुवान,துத்துவான்,tattuvaan,tattuvAn,tattuvān,t̪ət̪t̪uʋɑːn̪,stammerer,திக்குவாயன்,Physique,words
ꢪꣁꢠ꣄ꢞꢶ,मा॑ण्डि,மொண்டி3,mo'nd'i,mONDi,mŏṇḍi,moɳɖɪ,lame person,நொண்டி,Physique,words
ꢔꣁꢞ꣄ꢞꣁ,गा॑ड्डा॑,கொ3ட்3டொ3,go'd'd'o',gODDO,gŏḍḍŏ,goɖɖo,barren man,மலடன்,Physique,words
ꢔꣁꢞ꣄ꢞꢸ,गा॑ड्डु,கொ3ட்3டு3,go'd'd'u,gODDu,gŏḍḍu,goɖɖu,barren woman,மலடி,Physique,words
ꢪꣁꢞꢪ꣄,मा॑डम,மொட3ம்,mo'd'am,mODam,mŏḍam,moɖəm,limping,முடம்,Physique,words
ꢪꣁꢠ꣄ꢞꢶ,मा॑ण्डि,மொண்டி3,mo'nd'i,mONDi,mŏṇḍi,moɳɖɪ,lame,முடவன்,Physique,words
ꢥꢵꢒ꣄ ꢒꢜꢫꢾꢱ꣄ꢡꢾꢥꣁ,नाक् कटय॑स्त॑ना॑,நாக் கடயெஸ்தெனொ,naak kat'aye'ste'no',nAk kaTayEstEnO,nāk kaṭayĕstĕnŏ,n̪ɑːk kəʈəjes̪t̪en̪o,cut nose,மூக்கரையன்,Physique,words
ꢪꣁꢞ꣄ꢞꢾ,मा॑ट्ट॑,மொட்டெ,mo'd'd'e',mODDE,mŏḍḍĕ,moɖɖe,tonsured head,மொட்டை,Physique,words
ꢪꢸꢠ꣄ꢞꣁ,मुण्डा॑,முண்டொ3,mund'o',muNDO,muṇḍŏ,muɳɖo,tonsured woman/ widow,மொட்டைச்சி,Physique,words
ꢨꣁꢞꢒ꣄,बा॑डक,பொ3ட3க்,bo'd'ak,bODak,bŏḍak,boɖək,tonsured woman/ widow,மொட்டைச்சி,Physique,words
ꢪꣁꢜ꣄ꢜꢾ,मा॑ट्ट॑,மொட்டெ,mo't't'e',mOTTE,mŏṭṭĕ,moʈʈe,tonsuredman,மொட்டையன்,Physique,words
ꢡꢭꢹꢦꣁꢜ꣄ꢜꢭꢸꢮꢵꢥ꣄,तलूपोट्टलुवान,தளுபொட்டலுவான்,taloopo't't'aluvaan,talUpOTTaluvAn,talūpŏṭṭaluvān,t̪əluːpoʈʈəluʋɑːn̪,bald man,வழுக்கையன்,Physique,words
ꢕꢾꢬꢸꢮ꣄ꢒꢥꢶ,घ॑रुव्कनि,கெ4ருவ்கனி,ghe'ruvkani,ghEruvkani,ghĕruvkani,gʰeɾuʋkən̪ɪ,proudly,அகங்காரமாக,Adverbs,words
ꢮꢶꢭꢵꢱ꣄ꢒꢥꢶ,विलास्कनि,விலாஸ்கனி,vilaaskani,vilAskani,vilāskani,ʋɪlɑːs̪kən̪ɪ,broadly,அகலமாக,Adverbs,words
ꢂꢭꢱꣁꢒꢥꢶ,अलसा॑कनि,அலஸொகனி,alaso'kani,alasOkani,alasŏkani,ələs̪okən̪ɪ,slackly,அசட்டையாக,Adverbs,words
ꢮꢶꢒꢵꢬ꣄ꢒꢥꢶ,विकार्कनि,விகார்கனி,vikaarkani,vikArkani,vikārkani,ʋɪkɑːɾkən̪ɪ,ugly,அசிங்கமாக,Adverbs,words
ꢂꢜꢵꢠ꣄ꢒꢒꢥ꣄,अटाण्ककन्,அடஅண்ககன்,at'aankakan,aTANkakan,aṭāṇkakan,əʈɑːɳkəkən̪,obediently,அடக்க ஒடுக்கமாக,Adverbs,words
ꢩꢮ꣄ꢫꢖ꣄ꢒꢥ꣄,भव्यङ्कन्,ப4வ்யங்கன்,bhavyankan,bhavyaGkan,bhavyaṅkan,bʰəʋjəŋkən̪,obediently,அடக்கமாக,Adverbs,words
ꢧꢶꢬꢶꢧꢶꢬꢶ,फिरिफिरि,பி2ரிபி2ரி,phiriphiri,phiriphiri,phiriphiri,pʰɪɾɪpʰɪɾɪ,"frequently, often",அடிக்கடி,Adverbs,words
ꢡꢾꢬ꣄ꢱꢸ,त॑र्सु,தெர்ஸு,te'rsu,tErsu,tĕrsu,t̪eɾs̪u,"frequently, often",அடிக்கடி,Adverbs,words
ꢭꢾꢔꢸꢡꣁ,ल॑गुता॑,லெகு3தொ,le'guto',lEgutO,lĕgutŏ,legut̪o,next,அடுத்ததாக,Adverbs,words
ꢧꢬꢡꢸ,फरतु,ப2ராது,pharatu,pharatu,pharatu,pʰəɾət̪u,next,அடுத்ததாக,Adverbs,words
ꢧꢬꣁ ꢧꢳ꣄ꢗꣁ,फरा॑,ப2ரொ,pharo' phal'cho',pharO phaLcO,pharŏ phal̤cŏ,pʰəɾo pʰəɭt͡ʃo,next,அடுத்ததாக,Adverbs,words
ꢲꣁꢭ꣄ꢭꣁ,फळ्चा॑,ப2ள்சொ,ho'llo',hOllO,hŏllŏ,ɦollo,next,அடுத்ததாக,Adverbs,words
ꢧꢭ꣄ꢗꣁ,फल्चा॑,ப2ல்சொ,phalcho',phalcO,phalcŏ,pʰəlt͡ʃo,next,அடுத்து,Adverbs,words
ꢡꢶꢫꢾꢢꢵꢥꢸꢒ꣄,तिय॑धानुक्,த்யெதா4னு,tiye'thaanuk,tiyEthAnuk,tiyĕthānuk,t̪ɪjet̪ʰɑːn̪uk,accordingly,அதன்படி,Adverbs,words
ꢡꢶꢫꢾ ꢧꢭ꣄ꢗꣁ,तिय॑फल्चा॑,த்யெப2ல்சொ,tiye' phalcho',tiyE phalcO,tiyĕ phalcŏ,t̪ɪje pʰəlt͡ʃo,after that,அதன் பின்,Adverbs,words
ꢭꢾꢥ꣄ꢡꣁ,ल॑न्ता॑,லெந்தொ,le'nto',lEntO,lĕntŏ,len̪t̪o,so,அதனால்,Adverbs,words
ꢡꢾꢭ꣄ꢫꢒꢲꢵꢭ꣄,त॑ल्यकहाल्,தெல்யகஹால்,te'lyakahaal,tElyakahAl,tĕlyakahāl,t̪eljəkəɦɑːl,thereupon,அதன்விளைவாக,Adverbs,words
ꢂꢬ꣄ꢢꢵꢡ꣄,अर्थात,அர்தா2த்,arthaat,arthAt,arthāt,əɾt̪ʰɑːt̪,That is,அதாவது,Adverbs,words
ꢂꢡꢶꢬ꣄ꢰ꣄ꢜꢸꢒꢥꢶ,अतिर्ष्टुकनि,அதி3ர்ஷ்டுகனி,atirsht'ukani,atirSTukani,atirṣṭukani,ət̪ɪɾʂʈukən̪ɪ,luckily,அதிர்ஷ்டவசமாக,Adverbs,words
ꢥꢶꢫꢵꢮ꣄ ꢥꢴꢷꢡꣁ,नियाव न्हीता॑,ந்யாவ் நீ:தொ,niyaav nheeto',niyAv nhItO,niyāv nhītŏ,n̪ɪjɑːʋ n̪ɦiːt̪o,Unjustly,அநியாயமாக,Adverbs,words
ꢬꢪꢵ ꢬꢪꢶ,रमारमि,ரமாரமி,ramaa rami,ramA rami,ramā rami,ɾəmɑː ɾəmɪ,approximately,அநேகமாக,Adverbs,words
ꢆꢥ꣄ꢥ ꢆꢦꢶꢬ꣄ꢒꢥꢶ,उन्न उपिर्कनि,உன்ன உபிர்கனி,unna upirkani,unna upirkani,unna upirkani,un̪n̪ə upɪɾkən̪ɪ,approximately,அநேகமாக,Adverbs,words
ꢡꣂꢬꢫꢪ꣄ꢒꢥꢶ,तोरायम्कनि,தோராயம்கனி,torayamkani,torayamkani,torayamkani,t̪oːɾəjəmkən̪ɪ,approximately,அநேகமாக,Adverbs,words
ꢡꢾꢒ ꢧꢭ꣄ꢗꣁ,त॑कफल्चा॑,தெகப2ல்சொ,te'ka phalcho',tEka phalcO,tĕka phalcŏ,t̪ekə pʰəlt͡ʃo,"off, away",அப்பால்,Adverbs,words
ꢣꢸꢣꢹꢬ꣄,दुदूर,து3தூ3ர்,dudoor,dudUr,dudūr,d̪ud̪uːɾ,"off, away",அப்பால்,Adverbs,words
ꢲꢾꢡꢵꢬ꣄ꢡ꣄ꢡꢸꢒꢥ꣄,ह॑तार्त्तुकन्,ஹெதா3ர்துகன்,he'taarttukan,hEtArttukan,hĕtārttukan,ɦet̪ɑːɾt̪t̪ukən̪,innocently,அப்பாவித்தனமாக,Adverbs,words
ꢡꢶꢫꢾ ꢦꢭ꣄ꢗꣁ,तिय॑पल्चा॑,த்யெபல்சொ,tiye' palcho',tiyE palcO,tiyĕ palcŏ,t̪ɪje pəlt͡ʃo,after that,அப்புறம்,Adverbs,words
ꢡꢿ ꢮꢿꢳ꣄,देवेळ त्यवेळ,தேவேள்,te vel',te veL,te vel̤,t̪eː ʋeːɭ,that time,அப்போது,Adverbs,words
ꢡ꣄ꢫꢮꢿꢳ꣄,देवेळ त्यवेळ,த்யவேள்,tyavel',tyaveL,tyavel̤,t̪jəʋeːɭ,that time,அப்போது,Adverbs,words
ꢂꢥ꣄ꢫꢵꢮ꣄ꢒꢥꢶ,अन्याव्कनि,அந்யாவ்கனி,anyaavkani,anyAvkani,anyāvkani,ən̪jɑːʋkən̪ɪ,unfairly,அபாண்டமாக,Adverbs,words
ꢂꢦꢹꢬ꣄ꢦꢸꢒꢥ꣄,अपूर्वुकन्,அபூர்வுகனி,apoorpukan,apUrpukan,apūrpukan,əpuːɾpukən̪,rarely,அபூர்வமாக,Adverbs,words
ꢤꢵꢪ꣄ ꢤꢹꢪ꣄ꢒꢥ꣄,धाम्धूम्कन्,தா4ம்தூ4ம்கன்,dhaam dhoomkan,dhAm dhUmkan,dhām dhūmkan,d̪ʰɑːm d̪ʰuːmkən̪,with pomp and show,அமர்க்களமாக,Adverbs,words
ꢯꢵꢥ꣄ꢡꢶꢒꢥ꣄,शान्तिकन्,ஶாந்திகன்,shaantikan,zAntikan,śāntikan,ʃɑːn̪t̪ɪkən̪,"calmly, quietly, patiently",அமைதியாக,Adverbs,words
ꢭꢾꢔꢸꢡ꣄ꢡ,ल॑गुत्त,லெகு3த்த,le'gutta,lEgutta,lĕgutta,legut̪t̪ə,near,அருகில் /அருகே,Adverbs,words
ꢡꣁ,ता॑,தொ,to',tO,tŏ,t̪o,near,அருகில் /அருகே,Adverbs,words
ꢗꣁꢒ꣄ꢒꢜ꣄ꢒꢥ꣄,चा॑क्कट्कन्,சொக்கட்கன்,cho'kkat'kan,cOkkaTkan,cŏkkaṭkan,t͡ʃokkəʈkən̪,nicely,அருமையாக,Adverbs,words
ꢒꢶꢖ꣄ꢒꢶꢬ꣄ꢥꢶ,किन्किर्नि,கிங்கிர்கனி,kinkirni,kiGkirni,kiṅkirni,kɪŋkɪɾn̪ɪ,awkwardly,அருவருப்பாக,Adverbs,words
ꢲꢣ꣄ꢣꢵꢪꢸꢣ꣄ꢣꢸ,हद्दामुद्दु म्हद्दिम,ஹத்3தா3முத்3து3,haddaamuddu,haddAmuddu,haddāmuddu,ɦəd̪d̪ɑːmud̪d̪u,Interim/in the middle,அரைகுறையாக,Adverbs,words
ꢪꢴꢣ꣄ꢣꢶꢪ꣄,हद्दामुद्दु म्हद्दिम,ம:த்3தி3ம்,mhaddim,mhaddim,mhaddim,mɦəd̪d̪ɪm,Interim/in the middle,அரைகுறையாக,Adverbs,words
ꢂꢱꢶꢖ꣄ꢒꢪ꣄ꢒꢥ꣄,असिङ्कम्कन्,அஸிங்க3ம்கன்,asinkamkan,asiGkamkan,asiṅkamkan,əs̪ɪŋkəmkən̪,gracelessly,அலங்கோலமாக,Adverbs,words
ꢂꢭꢞ꣄ꢱꢶꢫꢪ꣄ꢒꢥ꣄,अलड्सियम्कन्,அலட்3ஸியம்கன்,alad'siyamkan,alaDsiyamkan,alaḍsiyamkan,ələɖs̪ɪjəmkən̪,carelessly,அலட்சியமாக,Adverbs,words
ꢡꢶꢒ꣄ꢒꢾ,तिक्क॑,தித்கெ,tikke',tikkE,tikkĕ,t̪ɪkke,that much,அவ்வளவு,Adverbs,words
ꢡꢶꢱꣁ,तिसा॑,திஸொ,tiso',tisO,tisŏ,t̪ɪs̪o,that way,அவ்வாறு,Adverbs,words
ꢡꢶꢱꢥꢶ,तिसनि,திஸனி,tisani,tisani,tisani,t̪ɪs̪ən̪ɪ,in that manner,அவ்விதம்,Adverbs,words
ꢂꢮ꣄ꢱꢬ꣄ꢒꢥ꣄,अव्सर्कन्,அவ்ஸர்கன்,avsarkan,avsarkan,avsarkan,əʋs̪əɾkən̪,"urgently, hastily",அவசரமாக,Adverbs,words
ꢱꢶꢖ꣄ꢒꢵꢬ꣄ꢒꢥ꣄,सिङ्कार्कन्,ஸிங்கா3ர்கன்,sinkaarkan,siGkArkan,siṅkārkan,s̪ɪŋkɑːɾkən̪,"fairly, beautifully",அழகாக,Adverbs,words
ꢙꢞꢒꢥ꣄,जडकन्,ஜட3கன்,jad'akan,jaDakan,jaḍakan,d͡ʒəɖəkən̪,emphatically,அழுத்தமாக,Adverbs,words
ꢤꢶꢣꢮ꣄ꢒꢥ꣄,धिडव्कन,தி4ட3வ்கன்,dhidavkan,dhidavkan,dhidavkan,d̪ʰɪd̪əʋkən̪,emphatically,அழுத்தமாக,Adverbs,words
ꢣꢾꢛ꣄ꢗꢸꢒꢥ꣄,द॑न्चुकन,தெ3ஞ்சுகன்,de'nchukan,dEJcukan,dĕñcukan,d̪eɲt͡ʃukən̪,emphatically,அழுத்தமாக,Adverbs,words
ꢦꢶꢬꢿꢒꢥ꣄,पिरेव्कन्,ப்ரேவ்கன்,pirekan,pirekan,pirekan,pɪɾeːkən̪,affectionately,அன்பாக,Adverbs,words
ꢲꢵꢭꢶꢪ꣄,हालिम्,ஹாலிம்,haalim,hAlim,hālim,ɦɑːlɪm,therefore,ஆகையால்,Adverbs,words
ꢔꢾꢬꢸꢮ꣄ꢒꢥ꣄,ग॑रुवकन्,கெ3ருவ்கன்,ge'ruvkan,gEruvkan,gĕruvkan,geɾuʋkən̪,arrogantly,ஆங்காரமாக,Adverbs,words
ꢃꢯ꣄ꢗꢬ꣄ꢫꢸꢒꢥ꣄,आश्चर्युकन्,ஆஶ்சர்யுகன்,aashcharyukan,Azcaryukan,āścaryukan,ɑːʃt͡ʃəɾjukən̪,surprisingly,ஆச்சரியமாக,Adverbs,words
ꢃꢱ꣄ꢡꢒꢥ꣄,आस्तकन्,ஆஸ்தகன்,aastakan,Astakan,āstakan,ɑːs̪t̪əkən̪,fondly,ஆசையாக,Adverbs,words
ꢪꣂꢙꢒꢥꢶ,मोजकनि,மோஜகனி,mojakani,mojakani,mojakani,moːd͡ʒəkən̪ɪ,pompously,ஆடம்பரமாக,Adverbs,words
ꢏꢬ꣄ꢱꣁꢬ꣄ꢱꢸꢒꢥꢶ,आ॑र्सा॑र्सुकनि,ஒர்ஸொர்ஸுகனி,o'rso'rsukani,OrsOrsukani,ŏrsŏrsukani,oɾs̪oɾs̪ukən̪ɪ,annually,ஆண்டுதோறும்,Adverbs,words
ꢣꢷꢬ꣄ꢕꢸꢒꢥꢶ,दीर्घुकनि,தீ3ர்கு4கனி,deerghukani,dIrghukani,dīrghukani,d̪iːɾgʰukən̪ɪ,emphatically,ஆணித்தரமாக,Adverbs,words
ꢃꢣꢬꢮ꣄ꢒꢥꢶ,आदरव्कनि,ஆத3ரவ்கனி,aadaravkani,Adaravkani,ādaravkani,ɑːd̪əɾəʋkən̪ɪ,supportively,ஆதரவாக,Adverbs,words
ꢆꢡ꣄ꢱꢵꢲ꣄ꢒꢥꢶ,उत्सह्कनि,உத்ஸாஹ்கனி,utsaahkani,utsAhkani,utsāhkani,ut̪s̪ɑːɦkən̪ɪ,interestedly,ஆர்வமாக,Adverbs,words
ꢱꢸꢱ꣄ꢡꢶꢒꢥꢶ,सुस्तिकनि,ஸுஸ்திகனி,sustikani,sustikani,sustikani,s̪us̪t̪ɪkən̪ɪ,healthily,ஆரோக்கியமாக,Adverbs,words
ꢂꢖ꣄ꢓꢹꢬ꣄ꢒꢥꢶ,अङ्खूरकनि,அங்கூ2ர்கனி,ankhoorkani,aGkhUrkani,aṅkhūrkani,əŋkʰuːɾkən̪ɪ,slap dash,ஆவேசமாக,Adverbs,words
ꢭꣂꢡ꣄ꢒꢥꢶ,लोत्कनि,லோத்கனி,lotkani,lotkani,lotkani,loːt̪kən̪ɪ,deeply,ஆழமாக,Adverbs,words
ꢗꢪꢤꢵꢥ꣄ꢒꢥꢶ,समधान्कनि,ஸமதா4ன்கனி,chamadhaankani,camadhAnkani,camadhānkani,t͡ʃəməd̪ʰɑːn̪kən̪ɪ,consolingly,ஆறுதலாக,Adverbs,words
ꢡꣀꢬꢦꣂꢒ꣄,तैरपोक्,தை3ரபோக்,tairapok,tairapok,tairapok,t̪əɪɾəpoːk,left,இடது பக்கமாக,Adverbs,words
ꢪꢴꢣ꣄ꢣꢶꢪꢴꢣ꣄ꢣꢶꢪ꣄,म्हद्दिम्हद्दिम्,ம:த்3தி3ம:த்3தி3ம்,mhaddimhaddim,mhaddimhaddim,mhaddimhaddim,mɦəd̪d̪ɪmɦəd̪d̪ɪm,now and then,இடையிடையே,Adverbs,words
ꢂꢞ꣄ꢜꢪ꣄ꢒꢥꢶ ꢂꢮ꣄ꢞꢒꢥꢶ,अड्टम्कनि अव्डकनि,அட்3ட3ம்கனி,ad't'amkani avd'akani,aDTamkani avDakani,aḍṭamkani avḍakani,əɖʈəmkən̪ɪ əʋɖəkən̪ɪ,as interference,இடையூறாக,Adverbs,words
ꢱꢪ꣄ꢪꢡ꣄ꢒꢥꢶ,सम्मत्कनि,ஸம்மத்கனி,sammatkani,sammatkani,sammatkani,s̪əmmət̪kən̪ɪ,"agreeably, acceptably",இணக்கமாக,Adverbs,words
ꢗꢾꢬꢶꢒꢥꢶ,च॑रिकनि,செரிகனி,che'rikani,cErikani,cĕrikani,t͡ʃeɾɪkən̪ɪ,jointly,இணையாக,Adverbs,words
ꢄꢱꢒꢥ꣄ ꢌꢭ꣄ꢫꢒꢲꢵꢭ꣄,इसकन ए॑ल्यकहाल,இஸகன்,isakan e'lyakahaal,isakan ElyakahAl,isakan ĕlyakahāl,ɪs̪əkən̪ eljəkəɦɑːl,hereby,இதன் மூலமாக/இதனால்,Adverbs,words
ꢫꢿꢭꢾꢥ꣄ꢡꢸ,येल॑न्तु,யேலெந்து,yele'ntu,yelEntu,yelĕntu,jeːlen̪t̪u,Heretofore,இதுவரை,Adverbs,words
ꢂꢡ꣄ꢡꣁ,अत्ता॑,அத்தொ,atto',attO,attŏ,ət̪t̪o,now,இப்பொழுது/ இப்போது,Adverbs,words
ꢦ꣄ꢬꢒ꣄ꢬꢸꢡꢶꢒꢥꢶ,प्रक्रुतिकनि,ப்ரக்ருதிகனி,prakrutikani,prakrutikani,prakrutikani,pɾəkɾut̪ɪkən̪ɪ,naturally,இயற்கையாக,Adverbs,words
ꢱ꣄ꢮꢩꢵꢮ꣄ꢒꢥꢶ,स्वभाव्कनि,ஸ்வபா4வ்கனி,svabhaavkani,svabhAvkani,svabhāvkani,s̪ʋəbʰɑːʋkən̪ɪ,naturally,இயல்பாக,Adverbs,words
ꢡꢫꢒꢥꢶ,तयकनि,தயகனி,tayakani,tayakani,tayakani,t̪əjəkən̪ɪ,grace fully,இரக்கமாக,Adverbs,words
ꢬꢲꢱ꣄ꢫꢸꢪ꣄ꢒꢥꢶ,रहस्युकनि,ரஹஸ்யுகனி,rahasyumkani,rahasyumkani,rahasyumkani,ɾəɦəs̪jumkən̪ɪ,secretly,இரகசியமாக,Adverbs,words
ꢣꢶꢮꢫꢾ,दिवया॑,தி3வயொ,divaye',divayE,divayĕ,d̪ɪʋəje,secondly,இரண்டாவதாக,Adverbs,words
ꢣꢷꢮꣂꢜ꣄,दीवोट,தீ3வோட்,deevot',dIvoT,dīvoṭ,d̪iːʋoːʈ,two times,இருமடங்காக,Adverbs,words
ꢔꣂꢱ꣄ ꢥꢶꢯ꣄ꢯꢸꢭ꣄ꢒꢸꢒꢥꢶ,गोस् निश्शुल्कुकनि,கோ3ஸ்,gos nishshulkukani,gos nizzulkukani,gos niśśulkukani,goːs̪ n̪ɪʃʃulkukən̪ɪ,freely,இலவசமாக,Adverbs,words
ꢲꢭ꣄ꢒꢒꢥꢶ,हल्ककनि,ஹல்ககனி,halkakani,halkakani,halkakani,ɦəlkəkən̪ɪ,lightly,இலேசாக,Adverbs,words
ꢲꢮ꣄ꢭꢒꢥꢶ꣄,हव्लकनि,ஹவ்லகனி,havlakani,havlakani,havlakani,ɦəʋləkən̪ɪ,lightly,இலேசாக,Adverbs,words
ꢄꢒ꣄ꢒ,इत्क,இத்க,ikka,ikka,ikka,ɪkkə,this much,இவ்வளவு,Adverbs,words
ꢄꢱꣁ,इसा॑,இஸொ,iso',isO,isŏ,ɪs̪o,in this way,இவ்வாறாக,Adverbs,words
ꢄꢱꢥꢶ,इसनि,இஸனி,isani,isani,isani,ɪs̪ən̪ɪ,in this way,இவ்வாறாக,Adverbs,words
ꢲꢸꢡ꣄ꢡꢸꢬꢱ꣄ꢡꢶꢱꣁ,हुत्तुरस्तिसा॑,ஹுத்துரஸ்திஸொ,hutturastiso',hutturastisO,hutturastisŏ,ɦut̪t̪uɾəs̪t̪ɪs̪o,downwardly,இறக்கமாக,Adverbs,words
ꢲꣂꢜ꣄ꢒꢥꢶ,होट्कनि,ஹோட்கனி,hot'kani,hoTkani,hoṭkani,ɦoːʈkən̪ɪ,tightly,இறுக்கமாக/இறுக்கம்,Adverbs,words
ꢲꣁꢜ꣄,होट,ஹோட்,ho't',hOT,hŏṭ,ɦoʈ,tightly,இறுக்கமாக/இறுக்கம்,Adverbs,words
ꢔꢸꢳ꣄ꢳꢾꢒꢥꢶ,गुळ्ळ॑कनि,கு3ள்ளெகனி,gul'l'e'kani,guLLEkani,gul̤l̤ĕkani,guɭɭekən̪ɪ,sweetly,இனிமையாக,Adverbs,words
ꢔꢸꢳ꣄ꢳꢾ,गुळ्ळ॑,கு3ள்ளெ,gul'l'e',guLLE,gul̤l̤ĕ,guɭɭe,sweetly,இனிமையாக,Adverbs,words
ꢂꢖ꣄ꢔꢸꢥ꣄,अङ्गुन्,அங்கு3ன்,angun,aGgun,aṅgun,əŋgun̪,moreover/still,இன்னும்,Adverbs,words
ꢗꢾꢬ꣄ꢒꢵ ꢗꢾꢬ꣄ꢒꣁ,स॑र्कास॑र्का॑,ஸெர்காஸெர்கொ,che'rkaa che'rko',cErkA cErkO,cĕrkā cĕrkŏ,t͡ʃeɾkɑː t͡ʃeɾko,equally,ஈடாக,Adverbs,words
ꢩꢶꢡ꣄ꢡꢬ꣄,भित्तर्,பி4த்தர்,bhittar,bhittar,bhittar,bʰɪt̪t̪əɾ,from inside,உட்பக்கமாக,Adverbs,words
ꢩꢶꢡ꣄ꢡꢬꢸꢡꣁꢒꢥ꣄,भित्तरुता॑कन,பி4த்தருதொகன்,bhittaruto'kan,bhittarutOkan,bhittarutŏkan,bʰɪt̪t̪əɾut̪okən̪,inwardly,உட்புறத்திலிருந்து,Adverbs,words
ꢡꢾꢥ꣄ꢥꢮꢾꢖ꣄ꢔꢸꢪ꣄,त॑न्नवेङ्गुम्,தென்னவேங்கு3ம்,te'nnave'ngum,tEnnavEGgum,tĕnnavĕṅgum,t̪en̪n̪əʋeŋgum,immediately,உடனடியாக,Adverbs,words
ꢡꢡ꣄ꢒ꣄ꢰꢠꢪ꣄,तत्क्षणम्,தத்க்ஷணம்,tatkshanam,tatkSaNam,tatkṣaṇam,t̪ət̪kʂəɳəm,at once/ immediately,உடனடியாக,Adverbs,words
ꢍꢮꢿꢳ꣄,एवेळ,ஏவேள்,evel',eveL,evel̤,eːʋeːɭ,at once/ immediately,உடனடியாக,Adverbs,words
ꢥꢶꢙꢪ꣄ꢒꢥꢶ ꢱꢾꢡ꣄ꢡꢸꢒꢥꢶ ꢬꢴꢡ꣄ꢡꢤꢵꢥꢸ,निजम्कनि स॑त्तुकनि र्हत्तधानु,நிஜம்கனி,nijamkani se'ttukani rhattadhaanu,nijamkani sEttukani rhattadhAnu,nijamkani sĕttukani rhattadhānu,n̪ɪd͡ʒəmkən̪ɪ s̪et̪t̪ukən̪ɪ ɾɦət̪t̪əd̪ʰɑːn̪u,"truely, honestly",உண்மையாக,Adverbs,words
ꢩꢮ ꢮꢱꢒꢥꢶ ꢩꢵꢮ ꢦꢹꢬ꣄ꢠꢒꢥꢶ,भाव वसकनि भाव पूर्णकनि,பா4வ வஶகனி,bhava vasakani bhaava poornakani,bhava vasakani bhAva pUrNakani,bhava vasakani bhāva pūrṇakani,bʰəʋə ʋəs̪əkən̪ɪ bʰɑːʋə puːɾɳəkən̪ɪ,emotionally,உணர்ச்சிவசகமாக,Adverbs,words
ꢆꢖ꣄ꢗ,उञ्च,உஞ்ச,ungcha,uGca,uṅca,uŋt͡ʃə,tall,உயரமாக,Adverbs,words
ꢆꢖ꣄ꢗꢒꢥꢶ,उञ्चकनि,உஞ்சகனி,ungchakani,uGcakani,uṅcakani,uŋt͡ʃəkən̪ɪ,tall,உயரமாக,Adverbs,words
ꢆꢥ꣄ꢥꢡꢸꢒꢥꢶ,उन्नतुकनि,உன்னதுகனி,unnatukani,unnatukani,unnatukani,un̪n̪ət̪ukən̪ɪ,highly,உயர்வாக,Adverbs,words
ꢕꢾꢜ꣄ꢜꢶ,घ॑ट्टि,கெ4ட்டி,ghe't't'i,ghETTi,ghĕṭṭi,gʰeʈʈɪ,aloud,உரக்க,Adverbs,words
ꢒꢬꢸꢠꢱꢾꢬꣁ,करुणस॑र॓,கருணஸெரொ,karunase'ro',karuNasErO,karuṇasĕrŏ,kəɾuɳəs̪eɾo,pathetically,உருக்கமாக,Adverbs,words
ꢂꢜꢸꢒ꣄ꢒꢥꢶ,अडुक्कनि,அடு3கனி,at'ukkani,aTukkani,aṭukkani,əʈukkən̪ɪ,inside,உள்ளாக,Adverbs,words
ꢩꢶꢡ꣄ꢡꢬ꣄ꢒꢥꢶ,भित्तर्कनि,பி4த்தர்கனி,bhittarkani,bhittarkani,bhittarkani,bʰɪt̪t̪əɾkən̪ɪ,inside,உள்ளாக,Adverbs,words
ꢩꢶꢱ꣄ꢡꢬ꣄,भिस्तर्,பி4த்தர்,bhistar,bhistar,bhistar,bʰɪs̪t̪əɾ,inside,உள்ளே,Adverbs,words
ꢒꢸꢱ꣄ꢒꢶꢥꢶꢒꢥꢶ,कुस्किनिकनि,குஸ்கினிகனி,kuskinikani,kuskinikani,kuskinikani,kus̪kɪn̪ɪkən̪ɪ,pinching,உறுத்தலாக,Adverbs,words
ꢤꢶꢞꢮ꣄ꢒꢥꢶ,धिडव्कनि,தி4ட3வ்கனி,dhid'avkani,dhiDavkani,dhiḍavkani,d̪ʰɪɖəʋkən̪ɪ,strongly,உறுதியாக,Adverbs,words
ꢯ꣄ꢬꢿꢱ꣄ꢲ꣄ꢝꢸꢒꢥꢶ ꢪꢿꢜꢸꢒꢥꢶ,शिरेष्ठुकनि मेटुकनि,ஶ்ரேஷ்டு2கனி,shresht'hukani met'ukani,zreshThukani meTukani,śreshṭhukani meṭukani,ʃɾeːs̪ɦʈʰukən̪ɪ meːʈukən̪ɪ,magnificently,உன்னதமாக,Adverbs,words
ꢙꢵꢔ꣄ꢬꢡꢒꢥꢶ,जाग्रतकनि,ஜாக்3ரதகனி,jaagratakani,jAgratakani,jāgratakani,d͡ʒɑːgɾət̪əkən̪ɪ,carefully,உன்னிப்பாக,Adverbs,words
ꢪꢵꢤ꣄ꢫꢪꢒꢥꢶ,माध्यमकनि,மாத்4யமகனி,maadhyamakani,mAdhyamakani,mādhyamakani,mɑːd̪ʰjəməkən̪ɪ,through,ஊடாக,Adverbs,words
ꢞꢪ꣄ꢨꢷꢔꢒꢥꢶ,डम्पीगकनि,டா3ம்பீ3க3கனி,d'ambeegakani,DambIgakani,ḍambīgakani,ɖəmbiːgəkən̪ɪ,slavishly,ஊதாரித்தனமாக,Adverbs,words
ꢙꢵꢒ꣄ꢬꢡꣁ ꢙꢵꢒ꣄ꢬꢡꢒꢥꢶ,जाक्रता॑ जाक्रतकनि,ஜாக்ரதொ,jaakrato' jaakratakani,jAkratO jAkratakani,jākratŏ jākratakani,d͡ʒɑːkɾət̪o d͡ʒɑːkɾət̪əkən̪ɪ,cautious,எச்சரிக்கையாக,Adverbs,words
ꢱꢵꢮ꣄ꢤꢵꢥ꣄ꢒꢥꢶ,साव्धान्कनि,ஸாவ்தா4ன்கனி,saavdhaankani,sAvdhAnkani,sāvdhānkani,s̪ɑːʋd̪ʰɑːn̪kən̪ɪ,warning,எச்சரிப்பாக,Adverbs,words
ꢮꢾꢡꢸꢬ꣄ꢱꢵꢥꢵꢡ꣄ꢡꢒ꣄,व॑तुर्सानात्तक्,வெது3ர்ஸானாத்த,ve'tursaanaattak,vEtursAnAttak,vĕtursānāttak,ʋet̪uɾs̪ɑːn̪ɑːt̪t̪ək,unexpectedly,எதிர்பாரதா விதமாக,Adverbs,words
ꢡꢶꢬꢔ꣄ꢒꢥꢶ,तिरग्कनि,திரக்3கனி,tiragkani,tiragkani,tiragkani,t̪ɪɾəgkən̪ɪ,conversely,எதிர்மாறாக,Adverbs,words
ꢡꢶꢬꢔ꣄,दिरग्,திரக்3,tirag,tirag,tirag,t̪ɪɾəg,adversely,எதிராக,Adverbs,words
ꢱꢵꢥꢸꢬ꣄,सामुर,ஸாமுர்,saanur,sAnur,sānur,s̪ɑːn̪uɾ,opposite,எதிரே,Adverbs,words
ꢒꢶꢱꢒꢷ,किसकी,கிஸகீ,kisakee,kisakI,kisakī,kɪs̪əkiː,somehow,எப்படியோ,Adverbs,words
ꢒꣂꢥꢒꢷ,कोनकी,கோனகீ,konakee,konakI,konakī,koːn̪əkiː,somehow,எப்படியோ,Adverbs,words
ꢓꣁꢨ꣄ꢨꢶꢪ꣄,खा॑ब्बिम्,கொ2ப்3பி3ம்,kho'bbim,khObbim,khŏbbim,kʰobbɪm,"for ever, always, every day",எப்பொழுதும் / என்றும்,Adverbs,words
ꢱꢣꢵ,सदा,ஸதா3,sadaa,sadA,sadā,s̪əd̪ɑː,"for ever, always, every day",எப்பொழுதும் / என்றும்,Adverbs,words
ꢙꢵꢳ꣄꣄ꢒꢥꢶ,जाळ्कनि,ஜாள்கனி,jaal'kani,jALkani,jāl̤kani,d͡ʒɑːɭkən̪ɪ,irritatingly,எரிச்சலாக,Adverbs,words
ꢭꢴꢾꢕꢸꢮ꣄ꢒꢥꢶ,ल्ह॑घुव्कनि,லெ:கு4வ்கனி,lhe'ghuvkani,lhEghuvkani,lhĕghuvkani,lɦegʰuʋkən̪ɪ,"lightly, easily",எளிதாக,Adverbs,words
ꢱꢵꢤꢵꢬꢠ꣄ꢒꢥꢶ,साधारणकनि,ஸாதா4ரணகனி,saadhaarankani,sAdhAraNkani,sādhāraṇkani,s̪ɑːd̪ʰɑːɾəɳkən̪ɪ,simply,எளிமையாக,Adverbs,words
ꢓꣁꢨ꣄ꢨꣁ,खा॑ब्बा॑,கொ2ப்3பொ3,kho'bbo',khObbO,khŏbbŏ,kʰobbo,When?,என்று,Adverbs,words
ꢓꣁꢨ꣄ꢨꢵꢒ꣄,खा॑ब्बाक,கொ2ப்3பா3க்,kho'bbaak,khObbAk,khŏbbāk,kʰobbɑːk,When?,என்று,Adverbs,words
ꢲꣁꢫꢾꢡ꣄ꢥꢪꢾꢳ꣄ꢳꢶ ꢲꣁꢫꢾꢡꢶꢥ꣄,हा॑य॑त्म॑ळ्ळि हा॑य॑तिन,ஹொயெத்மெள்ளி,ho'ye'tname'l'l'i ho'ye'tin,hOyEtnamELLi hOyEtin,hŏyĕtnamĕl̤l̤i hŏyĕtin,ɦojet̪n̪əmeɭɭɪ ɦojet̪ɪn̪,nevertheless,எனினும்,Adverbs,words
ꢔꣁꢨ꣄ꢨꢶꢪ꣄,खा॑ब्बिम्,கொ2ப்3பி3ம்,go'bbim,gObbim,gŏbbim,gobbɪm,forever,என்றென்றைக்கும்,Adverbs,words
ꢱꢣꢵ,सदा,ஸதா3,sadaa,sadA,sadā,s̪əd̪ɑː,forever,என்றென்றைக்கும்,Adverbs,words
ꢚꢸꢒ꣄ꢒꢸ,झुक्कु,ஜு2க்கு,jhukku,jhukku,jhukku,d͡ʒʰukku,enormously,ஏராளமாக,Adverbs,words
ꢮꢿꢥ꣄ꢒꢥꢶ ꢂꢦꢬꢶꢪꢶꢡ꣄ꢒꢥꢶ,वेन्कनि अपरिमित्कनि,வேன்கனி,venkani aparimitkani,venkani aparimitkani,venkani aparimitkani,ʋeːn̪kən̪ɪ əpəɾɪmɪt̪kən̪ɪ,enormously,ஏராளமாக,Adverbs,words
ꢧꣀꢭꣂꢱ꣄,फैलोस,பை2லோஸ்,phailos,phailos,phailos,pʰəɪloːs̪,already,ஏற்கனவே,Adverbs,words
ꢪꢸꢭ꣄ꢭꣂꢱ꣄,मुल्लोस्,முல்லோஸ்,mullos,mullos,mullos,mulloːs̪,already,ஏற்கனவே,Adverbs,words
ꢬꢪꢵꢬꢪꢶ ꢆꢥ꣄ꢥ ꢆꢦꢶꢬ꣄ꢒꢥꢶ,रमारमि उन्न उपिर्कनि,ரமாரமி,ramaarami unna upirkani,ramArami unna upirkani,ramārami unna upirkani,ɾəmɑːɾəmɪ un̪n̪ə upɪɾkən̪ɪ,almost,எறக்குறைய,Adverbs,words
ꢱꢾꢥ꣄ꢡꢿꢮ꣄ꢒꢥꢶꢱꣁꢪ꣄ꢱꢒꢥꢶ,स॑न्तेव्कनि सा॑म्सकनि,ஸெந்தே3வ்கனி,se'ntevkaniso'msakani,sEntevkanisOmsakani,sĕntevkanisŏmsakani,s̪en̪t̪eːʋkən̪ɪs̪oms̪əkən̪ɪ,doubtfully,ஐயமாக,Adverbs,words
ꢂꢭꢔ꣄ꢔ,अलग्ग,அலக்3க3,alagga,alagga,alagga,ələggə,aside,ஒதுக்குப்புறமாக,Adverbs,words
ꢱꢵꢪꢡꢶ,सामति,ஸாமதி3,saamati,sAmati,sāmati,s̪ɑːmət̪ɪ,comparatively,ஒப்பாக,Adverbs,words
ꢏꢒ꣄ꢒꢮꢿꢭꢸꢪ꣄,आ॑क्कवेलुम्,ஒக்கவேளும்,o'kkavelum,Okkavelum,ŏkkavelum,okkəʋeːlum,sometimes,ஒருக்கால்,Adverbs,words
ꢓꣁꢨ꣄ꢨꢶꢪ꣄ꢥꢴꢷ,खा॑ब्बिम्न्हि,கொ2ப்3பி3ம்நீ:,kho'bbimnhee,khObbimnhI,khŏbbimnhī,kʰobbɪmn̪ɦiː,never,ஒருக்காலும்,Adverbs,words
ꢏꢒ꣄ꢒꢥꢶ,ओक्कनि,ஓக்கனி,o'kkani,Okkani,ŏkkani,okkən̪ɪ,together,ஒருசேர,Adverbs,words
ꢏꢒꢮꢿꢭ꣄,आ॑कवेल्,ஒகவேள்,o'kavel,Okavel,ŏkavel,okəʋeːl,perhaps,ஒரு வேளை,Adverbs,words
ꢒꢶꢱꢒꢶ,किसकि,கிஸகீ,kisaki,kisaki,kisaki,kɪs̪əkɪ,however/somehow,ஒருவழியாக,Adverbs,words
ꢐꢒ꣄ꢒꢥ꣄,ओक्कन्,ஓக்கன்,okkan,okkan,okkan,oːkkən̪,outright,ஒரேயடியாக,Adverbs,words
ꢂꢭꢔ꣄ꢔ ꢂꢭꢔ꣄ꢔꢒꢥꢶꢐꢒꣂꢒ꣄ꢙꢥꢒꢥꢶ,अलग्गअलग्गकनिओकोक्जनकनि,அலக்3க3அலக்3க3கனி,alagga alaggakaniokokjanakani,alagga alaggakaniokokjanakani,alagga alaggakaniokokjanakani,ələggə ələggəkən̪ɪoːkoːkd͡ʒən̪əkən̪ɪ,individually,ஒவ்வொருவராக,Adverbs,words
ꢐꢒꣂꢒ꣄ꢒꢥꢶꢐꢒꣂꢒ꣄ꢫꢒꢥꢶ,ओकोक्कनि,ஓகோக்கனி,okokkaniokokyakani,okokkaniokokyakani,okokkaniokokyakani,oːkoːkkən̪ɪoːkoːkjəkən̪ɪ,individually,ஒவ்வொன்றாக,Adverbs,words
ꢒꢶꢬꢪꢖ꣄ꢒꢥ꣄,किरमङ्कन्,க்ரமகனி,kiramankan,kiramaGkan,kiramaṅkan,kɪɾəməŋkən̪,"systematically, smoothly",ஒழுங்காக,Adverbs,words
ꢒꢶꢬꢪꢪ꣄,किरमम्,க்ரமகனி,kiramam,kiramam,kiramam,kɪɾəməm,serially,ஒன்றன்பின் ஒன்றாக,Adverbs,words
ꢮꢶꢱ꣄ꢬꢵꢥ꣄ꢡꢶꢒꢥ꣄,विस्रान्तिकन्,விஶ்ராந்திகனி,visraantikan,visrAntikan,visrāntikan,ʋɪs̪ɾɑːn̪t̪ɪkən̪,leisurely,ஒய்வாக,Adverbs,words
ꢐꢬ꣄ꢡꢒꢥ꣄,ओर्तकन्,ஓர்தகனி,ortakan,ortakan,ortakan,oːɾt̪əkən̪,along side,ஒரமாக,Adverbs,words
ꢒꣁꢜꢸꢒ꣄ꢒꢥ꣄,का॑टुक्कन्,கொடுக்கன்,ko't'ukkan,kOTukkan,kŏṭukkan,koʈukkən̪,bitterly,கசப்பாக,Adverbs,words
ꢡꢶꢗ꣄ꢗꢥ꣄ꢒꢥꢶ,तिच्चन्कनि,திச்சகனி,tichchankani,ticcankani,ticcankani,t̪ɪt͡ʃt͡ʃən̪kən̪ɪ,bitterly,கசப்பாக,Adverbs,words
ꢭꣂꢩꢶꢒꢥ꣄,लोभिकन्,லோபி4கனி,lobhikan,lobhikan,lobhikan,loːbʰɪkən̪,miserly,கஞ்சத்தனமாக,Adverbs,words
ꢥꢶꢯ꣄꣄ꢗꢫꢸꢒꢥꢶ,निश्चयुकनि,நிஶ்சயுகனி,nishchayukani,nizcayukani,niścayukani,n̪ɪʃt͡ʃəjukən̪ɪ,surely,கட்டாயமாக,Adverbs,words
ꢕꢾꢜ꣄ꢜꢶ,घ॑ट्टि,கெ4ட்டி,ghe't't'i,ghETTi,ghĕṭṭi,gʰeʈʈɪ,thickly,கட்டியாக,Adverbs,words
ꢕꢾꢜ꣄ꢜꢶꢒꢥꢶ,घ॑ट्टिकनि,கெ4ட்டிகனி,ghe't't'ikani,ghETTikani,ghĕṭṭikani,gʰeʈʈɪkən̪ɪ,thickly,கட்டியாக,Adverbs,words
ꢤꢶꢬꢸꢞꢔꢵꢡ꣄ꢬꢸꢒꢥꢶ,धिरुडगात्रुकनि,த்4ருட3கா3த்ருகனி,dhirud'agaatrukani,dhiruDagAtrukani,dhiruḍagātrukani,d̪ʰɪɾuɖəgɑːt̪ɾukən̪ɪ,fittingly,கட்டுறுதியாக,Adverbs,words
ꢱꢥꢶꢪ꣄,सनिम्,ஸனிம்,sanim,sanim,sanim,s̪ən̪ɪm,visually,கட்புலனாக,Adverbs,words
ꢓꢾꢜꢶꢥ꣄,ख॑टिन,கெ2டின்,khe't'in,khETin,khĕṭin,kʰeʈɪn̪,hardly,கடினமாக,Adverbs,words
ꢓꢾꢜꢶꢥ꣄ꢒꢥꢶ,ख॑टिन्कनि,கெ2டின்கனி,khe't'inkani,khETinkani,khĕṭinkani,kʰeʈɪn̪kən̪ɪ,hardly,கடினமாக,Adverbs,words
ꢱꢾꢡ꣄ꢭꢒꢥꢶ,स॑त्लकनि,ஸெத்லகனி,se'tlakani,sEtlakani,sĕtlakani,s̪et̪ləkən̪ɪ,"finally, lastly",கடைசியாக,Adverbs,words
ꢂꢥ꣄ꢡꢶꢪꢒꢥꢶ,अन्तिमकनि,அந்திமகனி,antimakani,antimakani,antimakani,ən̪t̪ɪməkən̪ɪ,"finally, lastly",கடைசியாக,Adverbs,words
ꢓꢠ꣄ꢞꢶꢦ꣄ꢒꢥꢶ,खण्डिप्कनि,க2ண்டி3ப்கனி,khand'ipkani,khaNDipkani,khaṇḍipkani,kʰəɳɖɪpkən̪ɪ,"strictly, definitely",கண்டிப்பாக,Adverbs,words
ꢣꣁꢳꣁ ꢚꢫ꣄ꢭꢶ,दा॑ळा॑झय्लि,தொ3ளொஜ2ய்லி,do'l'o' jhayli,dOLO jhayli,dŏl̤ŏ jhayli,d̪oɭo d͡ʒʰəjlɪ,bluntly/blindly,கண்மூடித்தனமாக,Adverbs,words
ꢔꢵꢪ꣄ꢨꢷꢬ꣄ꢒꢥꢶ,गाम्बीर्कनि,க3ம்பீ3ர்கனி,gaambeerkani,gAmbIrkani,gāmbīrkani,gɑːmbiːɾkən̪ɪ,majestically,கம்பீரமாக,Adverbs,words
ꢔꢾꢬꢸꢮ꣄,ग॑रुव्,கெ3ருவ்கனி,ge'ruv,gEruv,gĕruv,geɾuʋ,proudly,கர்வமாக,Adverbs,words
ꢒꢾꢬꢸꢮ꣄ꢒꢥꢶ,ग॑रुव्कनि,கெருவ்கனி,ke'ruvkani,kEruvkani,kĕruvkani,keɾuʋkən̪ɪ,roughly,கரகரப்பாக,Adverbs,words
ꢒꢵꢳ,काळ,காள,kaal'a,kALa,kāl̤a,kɑːɭə,black,கருமையாக,Adverbs,words
ꢮꢾꢞꢶꢒ꣄ꢒꢥꢶ,व॑डिक्कनि,வெடி3க்கனி,ve'd'ikkani,vEDikkani,vĕḍikkani,ʋeɖɪkkən̪ɪ,jovially,கலகலப்பாக,Adverbs,words
ꢃꢒꢬ꣄ꢰꢠꢒꢥꢶ,आकर्षणकनि,ஆகர்ஷணகனி,aakarshanakani,AkarSaNakani,ākarṣaṇakani,ɑːkəɾʂəɳəkən̪ɪ,attractively,கவர்ச்சியாக,Adverbs,words
ꢮꢶꢗꢵꢬ꣄ꢒꢥꢶ,विचार्कनि,விசார்கனி,vichaarkani,vicArkani,vicārkani,ʋɪt͡ʃɑːɾkən̪ɪ,sorrowfully,கவலையாக,Adverbs,words
ꢂꢙꢵꢒ꣄ꢬꢡꢒꢥꢶ,अजाक्रतकनि,அஜாக்ரதகனி,ajaakratakani,ajAkratakani,ajākratakani,əd͡ʒɑːkɾət̪əkən̪ɪ,carelessly,கவனக்குறைவாக,Adverbs,words
ꢙꢵꢒ꣄ꢬꢡꢒꢥꢶ,जाक्रतकनि,ஜாக்ரதகனி,jaakratakani,jAkratakani,jākratakani,d͡ʒɑːkɾət̪əkən̪ɪ,carefully,கவனமாக,Adverbs,words
ꢩꢵꢬ꣄ꢒꢥꢶ,भार्कनि,பா4ர்கனி,bhaarkani,bhArkani,bhārkani,bʰɑːɾkən̪ɪ,heavily,கனமாக,Adverbs,words
ꢔꢿꢭꢶꢒꢥꢶ ꢥꢒ꣄ꢒꢭ꣄ꢒꢥꢶ,गेलिकन् नक्कल्कनि,கே3ள்கனி,gelikani nakkalkani,gelikani nakkalkani,gelikani nakkalkani,geːlɪkən̪ɪ n̪əkkəlkən̪ɪ,mockingly,கிண்டலாக,Adverbs,words
ꢓꢵꢭ꣄,खाल्,கா2ல்,khaal,khAl,khāl,kʰɑːl,"below, beneath",கீழே,Adverbs,words
ꢂꢞꢸꢒ꣄,अडुक्,அடு3க்,ad'uk,aDuk,aḍuk,əɖuk,"below, beneath",கீழே,Adverbs,words
ꢱꣂꢥ꣄ꢡꣂꢰ꣄ꢒꢥ꣄,सा॑न्तोष्कनि,ஸொந்தோஷ்கனி,sontoshkan,sontoSkan,sontoṣkan,s̪oːn̪t̪oːʂkən̪,jolly,குதூலகமாக,Adverbs,words
ꢔꢸꢪ꣄ꢦꢸꢒꢥꢶ,गुम्पुकनि,கு3ம்புகனி,gumpukani,gumpukani,gumpukani,gumpukən̪ɪ,as group,கும்பலாக,Adverbs,words
ꢱꢖ꣄ꢗꢭꢒꢥꢶ,सन्चलकनि,சஞ்சலகனி,sangchalakani,saGcalakani,saṅcalakani,s̪əŋt͡ʃələkən̪ɪ,confusedly,குழப்பமாக,Adverbs,words
ꢱ꣄ꢭꢭꢒꢥꢶ,सिल्लकनि,ஸிள்ளகனி,slalakani,slalakani,slalakani,s̪lələkən̪ɪ,cold,குளுமையாக,Adverbs,words
ꢮꢶꢱꢿꢰ꣄ꢒꢥꢶ,विसेष्कनि,விஸேஷ்கனி,viseshkani,viseSkani,viseṣkani,ʋɪs̪eːʂkən̪ɪ,specifically,குறிப்பாக,Adverbs,words
ꢂꢞ꣄ꢞꢪ꣄ ꢂꢞ꣄ꢞꢪ꣄ꢒꢥꢶ,अड्डम् अड्डम्कनि,அட்3ட3ம்,ad'd'am ad'd'amkani,aDDam aDDamkani,aḍḍam aḍḍamkani,əɖɖəm əɖɖəmkən̪ɪ,crosswise,குறுக்காக,Adverbs,words
ꢂꢞ꣄ꢞꢪ꣄ ꢣꢶꢞ꣄ꢞꢪ꣄ꢒꢥꢶ,अड्डम्दिड्डम्कनि,அட்3டம்தி3ட்3ட3ம்கனி,ad'd'am did'd'amkani,aDDam diDDamkani,aḍḍam diḍḍamkani,əɖɖəm d̪ɪɖɖəmkən̪ɪ,criss-cross,குறுக்குமறுக்காக,Adverbs,words
ꢂꢞ꣄ꢞꢪ꣄,अड्डम्,அட்3ட3ம்,ad'd'am,aDDam,aḍḍam,əɖɖəm,crosswise,குறுக்கே,Adverbs,words
ꢂꢒ꣄ꢬꢒꢥꢶ,अक्कुरकनि,அக்ரகனி,akrakani,akrakani,akrakani,əkɾəkən̪ɪ,narrow,குறுகலாக,Adverbs,words
ꢱꢿꢰ꣄ꢜꢒꢥꢶ,सेष्टकनि,ஸேஷ்டகனி,sesht'akani,seSTakani,seṣṭakani,s̪eːʂʈəkən̪ɪ,naughtily,குறும்பாக,Adverbs,words
ꢮꢶꢰꢪꢖ꣄ꢒꢥꢶ,विषमङ्कनि,விஷமகனி,vishamankani,viSamaGkani,viṣamaṅkani,ʋɪʂəməŋkən̪ɪ,naughtily,குறும்பாக,Adverbs,words
ꢆꢥ꣄ꢥꢒꢥꢶꢭꢿꢱ꣄ꢒꢥꢶꢏꢳ꣄ꢜꢒꢥꢶ,उन्नकन् लेस्कनिआ॑ळ्टकनि,உன்னகனி,unnakanileskanio'l't'akani,unnakanileskaniOLTakani,unnakanileskaniŏl̤ṭakani,un̪n̪əkən̪ɪleːs̪kən̪ɪoɭʈəkən̪ɪ,"little, less",குறைவாக,Adverbs,words
ꢗꢾꢬꢶ,च॑रि,செரி,che'ri,cEri,cĕri,t͡ʃeɾɪ,jointly,கூட்டாக,Adverbs,words
ꢮꢿꢥ꣄ꢒꢥ꣄ꢆꢦꢬꢶꢒꢥꢶꢲꣁꢭ꣄ꢭꢒꢥꢶ,वेन्कन्उपरिकनिहा॑ल्लकनि,வேன்கன்,venkanuparikaniho'llakani,venkanuparikanihOllakani,venkanuparikanihŏllakani,ʋeːn̪kən̪upəɾɪkən̪ɪɦolləkən̪ɪ,additionally,கூடுதலாக,Adverbs,words
ꢓꢹꢬ꣄ꢒꢥꢶ,खूर्कनि,கூ2ர்கனி,khoorkani,khUrkani,khūrkani,kʰuːɾkən̪ɪ,sharply,கூராக,Adverbs,words
ꢓꢿꢭ꣄ꢒꢥꢶ,खेल्कनि,கே2ள்கனி,khelkani,khelkani,khelkani,kʰeːlkən̪ɪ,sportively,கேலியாக,Adverbs,words
ꢥꢷꢗꢒꢥꢶ,नीचकनि,நீசகனி,neechakani,nIcakani,nīcakani,n̪iːt͡ʃəkən̪ɪ,disgustingly,கேவலமாக,Adverbs,words
ꢒꢸꢬꢹꢬ꣄ꢒꢥꢶ,कुरूर्कनि,க்ரூர்கனி,kuroorkani,kurUrkani,kurūrkani,kuɾuːɾkən̪ɪ,Brutally/cruely,கொடுமையாக/கொடூரமாக,Adverbs,words
ꢮꢒꢸꢠ꣄ꢜ ꢮꢒꢸꢠ꣄ꢜ꣄ꢒꢥꢶ,वकुण्ट वकुण्टकनि,வகுண்ட,vakunt'a vakunt'kani,vakuNTa vakuNTkani,vakuṇṭa vakuṇṭkani,ʋəkuɳʈə ʋəkuɳʈkən̪ɪ,skew,கோணலாக,Adverbs,words
ꢬꢵꢒ꣄ꢒꢥꢶ,राक्कनि,ராக்கனி,raakkani,rAkkani,rākkani,ɾɑːkkən̪ɪ,angrily,கோபமாக,Adverbs,words
ꢱꢲꢙꢪ꣄ꢒꢥꢶ,सहजम्कनि,ஸஹஜம்கனி,sahajamkani,sahajamkani,sahajamkani,s̪əɦəd͡ʒəmkən̪ɪ,naturally,சகஜமாக,Adverbs,words
ꢱꢖ꣄ꢒꢜꢪ꣄ꢒꢥꢶ,सङ्कटम्कनि,ஸங்கட்கனி,sankat'amkani,saGkaTamkani,saṅkaṭamkani,s̪əŋkəʈəmkən̪ɪ,sorrowfully,சங்கடமாக,Adverbs,words
ꢬꢾꢗ꣄ꢗꢒꢥꢶ ꢱꢾꢡ꣄ꢣꢸꢒꢥꢶꢩꢮꢜ꣄ꢒꢥꢶ,र॑च्चकनि स॑द्दुकनि भवाट्कनि,ரெச்சகனி,re'chchakani se'tdukanibhavat'kani,rEccakani sEtdukanibhavaTkani,rĕccakani sĕtdukanibhavaṭkani,ɾet͡ʃt͡ʃəkən̪ɪ s̪et̪d̪ukən̪ɪbʰəʋəʈkən̪ɪ,aloud,சத்தமாக,Adverbs,words
ꢱꢪ꣄ꢦ꣄ꢬꢣꢵꢫꢪ꣄ꢒꢥꢶ ꢬꢹꢟꢶꢒꢥꢶꢮ꣄ꢫꢵꢮꢲꢵꢬꢶꢒ꣄ꢒꢥꢶ,सम्प्रयम्कनि रूढिकनि व्यवहारिक्कनि,ஸம்ப்ரதா3ய்கனி,sampradaayamkani rood'hikanivyaavahaarikkani,sampradAyamkani rUDhikanivyAvahArikkani,sampradāyamkani rūḍhikanivyāvahārikkani,s̪əmpɾəd̪ɑːjəmkən̪ɪ ɾuːɖʰɪkən̪ɪʋjɑːʋəɦɑːɾɪkkən̪ɪ,customarily,சம்பிரதாயமாக,Adverbs,words
ꢱꢪꢪ꣄ꢒꢥꢶ,समम्कनि,ஸமொகனி,samamkani,samamkani,samamkani,s̪əməmkən̪ɪ,equally,சம அளவாக,Adverbs,words
ꢱꢾꢬ꣄ꢒꢒꢥꢶ,स॑र्ककनि,ஸெர்ககனி,se'rkakani,sErkakani,sĕrkakani,s̪eɾkəkən̪ɪ,equally,சரிசமமாக,Adverbs,words
ꢩꢾꢭꢶ,भ॑लि,துல்யகனி,bhe'li,bhEli,bhĕli,bʰelɪ,"accurately, exactly, rightly, properly, duly",சரியாக,Adverbs,words
ꢗꢾꢬ꣄ꢒꢒꢥꢶ,स॑र्ककनि,ஸெர்ககனி,che'rkakani,cErkakani,cĕrkakani,t͡ʃeɾkəkən̪ɪ,"accurately, exactly, rightly, properly, duly",சரியாக,Adverbs,words
ꢮꢶꢬꢱꢡꢒꢥꢶ,विरसतकनि,விரஸதகனி,virasatakani,virasatakani,virasatakani,ʋɪɾəs̪ət̪əkən̪ɪ,boredom,சலிப்பாக,Adverbs,words
ꢙꢵꢞꢪꢵꢞ꣄ꢒꢥꢶ,जाडमाडकनि,ஜாட3மாட3கனி,jaad'amaad'kani,jADamADkani,jāḍamāḍkani,d͡ʒɑːɖəmɑːɖkən̪ɪ,For sadie,சாடையாக,Adverbs,words
ꢱꢪꢬ꣄꣄ꢡꢸꢒꢥꢶ,समर्तुकनि,ஸமர்துகனி,samartukani,samartukani,samartukani,s̪əməɾt̪ukən̪ɪ,deftly,சாமர்த்தியமாக,Adverbs,words
ꢙꢶꢬ꣄ꢒꢶ,जिर्कि,ஜி2ர்கி,jirki,jirki,jirki,d͡ʒɪɾkɪ,slanting,சாய்வாக,Adverbs,words
ꢏꢖ꣄ꢔꢶ,आ॑न्गि,ஒங்கி3,o'ngi,OGgi,ŏṅgi,oŋgɪ,slanting,சாய்வாக,Adverbs,words
ꢱꢵꢒ꣄ꢰꢶꢒꢥꢶ,साक्षिकनि,ஸாக்ஷிகனி,saakshikani,sAkSikani,sākṣikani,s̪ɑːkʂɪkən̪ɪ,evidently,சான்றாக,Adverbs,words
ꢆꢥ꣄ꢥꢮꢿꢱ꣄ꢒꢥꢶ,उन्नवेस्कनि,உன்னவேஸ்கனி,unnaveskani,unnaveskani,unnaveskani,un̪n̪əʋeːs̪kən̪ɪ,thriftly,சிக்கனமாக,Adverbs,words
ꢗꢶꢞꢸꢗꢶꢞꢸꢒꢥꢶ,चिडुचिडुकनि,சிடு3சிடு3கனி,chid'uchid'ukani,ciDuciDukani,ciḍuciḍukani,t͡ʃɪɖut͡ʃɪɖukən̪ɪ,frowningly,சிடுசிடுப்பாக,Adverbs,words
ꢢꢾꢮ꣄ꢜꢒꢕꢾꢞꢶ,थ॑व्ट्घ॑डि,தெ2வ்டகெ4டி3,the'vt'akaghe'd'i,thEvTakaghEDi,thĕvṭakaghĕḍi,t̪ʰeʋʈəkəgʰeɖɪ,sometimes,சிலநேரம்,Adverbs,words
ꢢꢾꢮ꣄ꢜꢮꢿꢳ꣄,थ॑व्टवेळ,தெ2வ்டவேள்,the'vt'avel',thEvTaveL,thĕvṭavel̤,t̪ʰeʋʈəʋeːɭ,some times,சில வேளை,Adverbs,words
ꢮꢶꢯꢿꢰ꣄ꢒꢥꢶ,विशेष्कनि,விஶேஷ்கனி,visheshkani,vizeSkani,viśeṣkani,ʋɪʃeːʂkən̪ɪ,"exellently, especially",சிறப்பாக,Adverbs,words
ꢥꢴꢥ꣄ꢥꢒꢥꢶ,न्हन्नकनि,ந:ன்னகனி,nhannakani,nhannakani,nhannakani,n̪ɦən̪n̪əkən̪ɪ,little,சிறிதாக,Adverbs,words
ꢬꢮ꣄ꢬꢮꢒꢥꢶ ꢬꢸꢮ꣄ꢮꢬꢸꢮ꣄ꢮꢒꢥꢶ,रवरवकनि रुव्वरुव्वकनि,ரவரவகனி,ravravakani ruvvaruvvakani,ravravakani ruvvaruvvakani,ravravakani ruvvaruvvakani,ɾəʋɾəʋəkən̪ɪ ɾuʋʋəɾuʋʋəkən̪ɪ,piecemeal,சிறிதுசிறிதாக,Adverbs,words
ꢭꢵꢕꢮ꣄ꢒꢥꢶ ꢱꢸꢓꢪ꣄ꢒꢥꢶ ꢱꢸꢓꢸꢒꢥꢶ,लाघव्कनि सुखम्कनि सुखुकनि,லாக4வ்கனி,laaghavkani sukhamkani sukhukani,lAghavkani sukhamkani sukhukani,lāghavkani sukhamkani sukhukani,lɑːgʰəʋkən̪ɪ s̪ukʰəmkən̪ɪ s̪ukʰukən̪ɪ,comfortably,சுகமாக,Adverbs,words
ꢱꢸꢞ꣄ꢤꢶꢒꢥꢶ,सुद्धिकनि,ஸுத்3தி4கனி,sud'dhikani,suDdhikani,suḍdhikani,s̪uɖd̪ʰɪkən̪ɪ,cleanly/clearly,சுத்தமாக,Adverbs,words
ꢱ꣄ꢮꢡꢥ꣄ꢡ꣄ꢬꢸꢒꢥꢶ,स्वतन्त्रुकनि,ஸ்வதந்த்ருகனி,svatantrukani,svatantrukani,svatantrukani,s̪ʋət̪ən̪t̪ɾukən̪ɪ,independently,சுதந்திரமாக,Adverbs,words
ꢔꣂꢱ꣄,गोस,கோ3ஸ்,gos,gos,gos,goːs̪,simply,சும்மா,Adverbs,words
ꢬꢪꢵꢬꢪꢶ,रमारमि,ரமாரமி,ramaarami,ramArami,ramārami,ɾəmɑːɾəmɪ,nearly,சுமார்,Adverbs,words
ꢦꢬ꣄ꢮꢥꢴꢶꢡ꣄ꢡꣁ,पर्वन्हित्ता॑,பர்வநீ:த்தொ,parvanhitto',parvanhittO,parvanhittŏ,pəɾʋən̪ɦɪt̪t̪o,tolerably,சுமாராக,Adverbs,words
ꢱꢪ꣄ꢒ꣄ꢰꢾꢦ꣄ꢒꢥꢶ,सम्क्षेप्कनि,ஸம்க்ஷேப்கனி,samkshe'pkani,samkSEpkani,samkṣĕpkani,s̪əmkʂepkən̪ɪ,briefly,சுருக்கமாக,Adverbs,words
ꢭꢴꢾꢕꢸꢮ꣄ꢒꢥꢶ,ल्हेघुव्कनि,லெ:கு4வ்கனி,lhe'ghuvkani,lhEghuvkani,lhĕghuvkani,lɦegʰuʋkən̪ɪ,easily,சுலபமாக,Adverbs,words
ꢬꢱꢥꣁꢒ,रसना॑क,ரஸனொக,rasano'ka,rasanOka,rasanŏka,ɾəs̪ən̪okə,interestingly,சுவாரசியமாக,Adverbs,words
ꢬꢸꢗ꣄ꢗꢶꢒꢥꢶ,रुच्चिकनि,ருச்சிகனி,ruchchikani,ruccikani,ruccikani,ɾut͡ʃt͡ʃɪkən̪ɪ,tastefully,சுவையாக,Adverbs,words
ꢗꢸꢜ꣄ꢜꢸꢪꢸꢜ꣄ꢜꢸꢒꢥꢶ,चुट्टुमुट्टुकनि,சுட்டுமுட்டுகனி,chut't'umut't'ukani,cuTTumuTTukani,cuṭṭumuṭṭukani,t͡ʃuʈʈumuʈʈukən̪ɪ,around,சுற்றுமுற்றும்,Adverbs,words
ꢚꢸꢜ꣄ꢜꢶꢒꢥꢶ,झुट्टिकनि,ஜூட்டிகனி,jhut't'ikani,jhuTTikani,jhuṭṭikani,d͡ʒʰuʈʈɪkən̪ɪ,actively,சுறுசுறுப்பாக,Adverbs,words
ꢲꢸꢥ꣄ꢥꢒꢥꢶ,हुन्नकनि,ஹுன்னகனி,hunnakani,hunnakani,hunnakani,ɦun̪n̪əkən̪ɪ,hot,சூடாக,Adverbs,words
ꢗꢸꢣ꣄ꢤꢶꢒꢥꢶ ꢗꣁꢒ꣄ꢒꢜ꣄ꢒꢥꢶ,चुद्धिकनि चा॑क्कट्कनि,ஸுத்3தி4கனி,chuddhikani cho'kkat'kani,cuddhikani cOkkaTkani,cuddhikani cŏkkaṭkani,t͡ʃud̪d̪ʰɪkən̪ɪ t͡ʃokkəʈkən̪ɪ,finely,செம்மையாக,Adverbs,words
ꢂꢦ꣄ꢬꢒ꣄ꢬꢸꢡꢶꢒꢥꢶ ꢒ꣄ꢬꢸꢡꢶꢪꢒꢥꢶ,अप्रकिरुति क्रुतिमकनि,அப்ரக்ருதிகனி,aprakrutikani krutimakani,aprakrutikani krutimakani,aprakrutikani krutimakani,əpɾəkɾut̪ɪkən̪ɪ kɾut̪ɪməkən̪ɪ,artificially,செயற்கையாக,Adverbs,words
ꢣꢾꢛ꣄ꢗꢸꢒꢥꢶ ꢙꢵꢞꢒꢥꢶ,द॑ञ्चुकनि जाडकनि,தெ3ஞ்சுகனி,de'nchukani jaad'akani,dEJcukani jADakani,dĕñcukani jāḍakani,d̪eɲt͡ʃukən̪ɪ d͡ʒɑːɖəkən̪ɪ,richly,செறிவாக,Adverbs,words
ꢂꢭꢱꢒꢥꢶ,अलसकनि,அலஸகனி,alasakani,alasakani,alasakani,ələs̪əkən̪ɪ,lazily,சோம்பேறித்தனமாக,Adverbs,words
ꢯꢷꢥ꣄ꢒꢥꢶ,शीन्कनि,ஶீன்கனி,sheenkani,zInkani,śīnkani,ʃiːn̪kən̪ɪ,slackly,சோர்வாக,Adverbs,words
ꢱꣃꢬꢶꢫꢪ꣄ꢒꢥꢶ,सौरियम्कनि,ஸௌரியம்கனி,sauriyamkani,sauriyamkani,sauriyamkani,s̪əuɾɪjəmkən̪ɪ,conveniently,சௌகரியமாக,Adverbs,words
ꢦꢵꢡ꣄ꢬꢡꢒꢥꢶ,पात्रतकनि,பாத்ரதகனி,paatratakani,pAtratakani,pātratakani,pɑːt̪ɾət̪əkən̪ɪ,eligible,தகுதியாக,Adverbs,words
ꢂꢪ꣄ꢒꢫꢒꢥꢶ ꢱꢪꢣꢳꢒꢥꢶ,अम्कयकनि समदळकनि,அம்கயகனி,amkayakani samadal'akani,amkayakani samadaLakani,amkayakani samadal̤akani,əmkəjəkən̪ɪ s̪əməd̪əɭəkən̪ɪ,flat,தட்டையாக,Adverbs,words
ꢂꢮ꣄ꢞꢒ ꢂꢞ꣄ꢞꢶꢒꢥꢶ,अव्डक अड्डिकनि,அவ்ட3க,avd'aka ad'd'ikani,avDaka aDDikani,avḍaka aḍḍikani,əʋɖəkə əɖɖɪkən̪ɪ,as obstruction,தடையாக,Adverbs,words
ꢂꢠ꣄ꢗꢶꢭꢶ,अण्चिलि,அண்சிலி,anchili,aNcili,aṇcili,əɳt͡ʃɪlɪ,soothingly,தணிவாக,Adverbs,words
ꢂꢥꢸꢒꢹꢭ꣄ꢒ,अनुकूल्क,அனுகூல்க,anukoolka,anukUlka,anukūlka,ən̪ukuːlkə,favourably,தயவாக,Adverbs,words
ꢡꢫꢵꢬ꣄ꢒꢥꢶ,तयार्कनि,தயார்கனி,tayaarkani,tayArkani,tayārkani,t̪əjɑːɾkən̪ɪ,readily,தயாராக,Adverbs,words
ꢣꣁꢱ꣄ꢒꢓꢵꢭ꣄,दा॑स्कखाल्,தொ3ஸ்ககா2ல்,do'skakhaal,dOskakhAl,dŏskakhāl,d̪os̪kəkʰɑːl,upside down,தலைகீழாக,Adverbs,words
ꢭꢸꢒ꣄ꢒꢶꢭꢶ,लुक्किलि,லுக்கிலி,lukkili,lukkili,lukkili,lukkɪlɪ,Hidingly/abscondingly,தலைமறைவாக,Adverbs,words
ꢗꢹꢒ꣄ꢒꢥꢶ,चूक्कनि,சூக்கனி,chookkani,cUkkani,cūkkani,t͡ʃuːkkən̪ɪ,wrongly,தவறாக,Adverbs,words
ꢪꢥ꣄ꢡꢸꢒꢥꢶ,मन्तुकनि,மந்துகனி,mantukani,mantukani,mantukani,mən̪t̪ukən̪ɪ,by mistake,தவறுதலாக,Adverbs,words
ꢤꢶꢭ꣄ꢭꢱꣁꢜ꣄ꢭꢶ ꢤꢶꢭ꣄ꢭꢒꢥꢶ,धिल्लसा॑ट्लि धिल्लकनि,தி4ல்லஸொட்லி,dhillaso't'li dhillakani,dhillasOTli dhillakani,dhillasŏṭli dhillakani,d̪ʰɪlləs̪oʈlɪ d̪ʰɪlləkən̪ɪ,slackly,தளர்வாக,Adverbs,words
ꢂꢡ꣄ꢡꢵꢒ꣄,अत्ताक्,அத்தாக்,attaak,attAk,attāk,ət̪t̪ɑːk,temporarily,தற்காலிகமாக,Adverbs,words
ꢂꢡ꣄ꢡꢵꢒ꣄ ꢒꣁꢡ꣄ꢡꢶ,अत्ताक्का॑त्ति,அத்தாக் கொத்3தி3,attaak ko'tti,attAk kOtti,attāk kŏtti,ət̪t̪ɑːk kot̪t̪ɪ,temporarily,தற்காலிகமாக,Adverbs,words
ꢡꢡ꣄ꢒꢵꢭ꣄ꢒꢥꢶ,तत्कालकनि,தத்கால்கனி,tatkaalkani,tatkAlkani,tatkālkani,t̪ət̪kɑːlkən̪ɪ,temporarily,தற்காலிகமாக,Adverbs,words
ꢲꢾꢡꢵꢬ꣄ꢡꢸꢒꢥꢶ,ह॑तार्तुकनि,ஹெடார்துகனி,he'taartukani,hEtArtukani,hĕtārtukani,ɦet̪ɑːɾt̪ukən̪ɪ,accidentally,தற்செயலாக,Adverbs,words
ꢂꢒꢱ꣄ꢪꢵꢡ꣄ꢒꢥꢶ,अकस्मात्कनि,அகஸ்மாத்கனி,akasmaatkani,akasmAtkani,akasmātkani,əkəs̪mɑːt̪kən̪ɪ,accidentally,தற்செயலாக,Adverbs,words
ꢦꢾꢣ꣄ꢣꢾꢒ,प॑द्द॑क,பெத்3தெ3க,pe'dde'ka,pEddEka,pĕddĕka,ped̪d̪ekə,alone,தன்னந்தனியாக,Adverbs,words
ꢍꢒꢵꢥ꣄ꢡꢸꢒꣁ,एगान्तुका॑,ஏகாந்துகொ,ekaantuko',ekAntukO,ekāntukŏ,eːkɑːn̪t̪uko,alone,தன்னந்தனியாக,Adverbs,words
ꢡꢾꢔꢵꢪ꣄ꢡꢾꢥꣁ,त॑गाम्त॑ना॑,தெகா3ம்தெனொ,te'gaamte'no',tEgAmtEnO,tĕgāmtĕnŏ,t̪egɑːmt̪en̪o,inwardly,தனக்குள்ளாக,Adverbs,words
ꢔꢸꢠ꣄ꢤꢵꢥꢸꢒ꣄,गुण्धानुक्,கு3ண்தா4னுக்,gundhaanuk,guNdhAnuk,guṇdhānuk,guɳd̪ʰɑːn̪uk,characteristically,தனித்தன்மையாக,Adverbs,words
ꢂꢭꢔ꣄ꢔꢭꢔ꣄ꢔ,अलग्गलग्ग,அலக்3க3லக்3க3,alaggalagga,alaggalagga,alaggalagga,ələggələggə,separately,தனித்தனியாக,Adverbs,words
ꢍꢒꢵꢥ꣄ꢡꢸꢒꢥ꣄,एकान्तुकन्,ஏகாந்துகன்,ekaantukan,ekAntukan,ekāntukan,eːkɑːn̪t̪ukən̪,solitarily,தனிமையாக,Adverbs,words
ꢡꢪꢱ꣄ꢒ,तमस्क,தமஸ்க,tamaska,tamaska,tamaska,t̪əməs̪kə,"being late, delay",தாமதமாக,Adverbs,words
ꢤꢾꢬꢳꢪ꣄ꢒ,ध॑रळम्क,தெ4ரளம்க,dhe'ral'amka,dhEraLamka,dhĕral̤amka,d̪ʰeɾəɭəmkə,richly,தாராளமாக,Adverbs,words
ꢩꢮ꣄ꢫꢪ꣄ꢒ,भव्यम्क,ப4வ்யம்க,bhavyamka,bhavyamka,bhavyamka,bʰəʋjəmkə,obediently,தாழ்மையாக,Adverbs,words
ꢓꢵꢭ꣄ꢒ,खाल्क,கா2ல்க,khaalka,khAlka,khālka,kʰɑːlkə,low,தாழ்வாக,Adverbs,words
ꢂꢨ꣄ꢨꢾꢨ꣄ꢨꢾꢤꢵꢥꢸꢒ꣄,अब्ब॑ब्ब॑धानुक्,அப்3பெ3ப்3பெ3தா4னுக்,abbe'bbe'dhaanuk,abbEbbEdhAnuk,abbĕbbĕdhānuk,əbbebbed̪ʰɑːn̪uk,Oftentimes/helter skelter,தாறுமாறாக,Adverbs,words
ꢡ꣄ꢫꢿꢒꢵꢥꢶ,त्येकानि,த்யேகனி,tyekaani,tyekAni,tyekāni,t̪jeːkɑːn̪ɪ,automatically,தானாக,Adverbs,words
ꢔꢸꢪ꣄ꢦꢸꢒꢥꢶ,गुम्पुकनि,கு3ம்புகனி,gumpukani,gumpukani,gumpukani,gumpukən̪ɪ,enmasse,திரளாக,Adverbs,words
ꢗꣁꢞ꣄ꢞꢦ꣄ꢦꢥ꣄ꢒꢥꢶ,च॓ड्डप्पन्कनि,சொட்3ட3பன்கனி,cho'd'd'appankani,cODDappankani,cŏḍḍappankani,t͡ʃoɖɖəppən̪kən̪ɪ,stealthily,திருட்டுத்தனமாக,Adverbs,words
ꢡꢶꢬꢸꢦ꣄ꢡꢶꢒꢥꢶ,तिरुप्तिकनि,த்ருப்திகனி,tiruptikani,tiruptikani,tiruptikani,t̪ɪɾupt̪ɪkən̪ɪ,satisfactorily,திருப்தியாக,Adverbs,words
ꢧꢶꢬꢶ,फिरि,பி2ரி,phiri,phiri,phiri,pʰɪɾɪ,again,திரும்பவும்,Adverbs,words
ꢱꢪꢬ꣄ꢡꢸꢒꢥꢶ,समर्युकनि,ஸமர்துகனி,samartukani,samartukani,samartukani,s̪əməɾt̪ukən̪ɪ,efficiently,திறமையாக,Adverbs,words
ꢥꢶꢗ꣄ꢗꢸ,निच्चु,நிச்சு,nichchu,niccu,niccu,n̪ɪt͡ʃt͡ʃu,daily,தினந்தோறும்,Adverbs,words
ꢱ꣄ꢡꢶꢬꢪ꣄ꢒꢾꢬꢾ,स्तिरम्क॑र॑,நிர்தா4ரணகனி,stiramke're',stiramkErE,stiramkĕrĕ,s̪t̪ɪɾəmkeɾe,decidedly,தீர்மானமாக,Adverbs,words
ꢓꢸꢞꢾꢩꢙ꣄ꢙꢶꢒ,खुड॑भज्जिक,கு2டெ3ப4ஜ்ஜிக,khud'e'bhajjika,khuDEbhajjika,khuḍĕbhajjika,kʰuɖebʰəd͡ʒd͡ʒɪkə,meanly,துச்சமாக,Adverbs,words
ꢒꢸꢜ꣄ꢒ ꢒꢸꢜ꣄ꢒꢒꢥꢶ,कुट्कि कुट्क॓कनि,குட்க குட்ககனி,kut'ka kut'kakani,kuTka kuTkakani,kuṭka kuṭkakani,kuʈkə kuʈkəkən̪ɪ,piecemeal,துண்டுதுண்டாக,Adverbs,words
ꢤꣀꢬ꣄ꢫꢸꢱꢾꢥ꣄ꢡꣁ,धैर्युस॑न्ता॑,தை4ர்யுஸெந்தொ,dhairyuse'nto',dhairyusEntO,dhairyusĕntŏ,d̪ʰəɪɾjus̪en̪t̪o,cavelrierly,துணிகரமாக,Adverbs,words
ꢱꢸꢣ꣄ꢣꢶꢒꢥꢶ,सुद्दिकनि,ஸுத்3தி3கனி,suddikani,suddikani,suddikani,s̪ud̪d̪ɪkən̪ɪ,clearly,துப்புரவாக,Adverbs,words
ꢣꢸꢬ꣄ ꢣꢶꢰ꣄ꢜꢸ꣄ꢒꢥꢶ,दुर्दिष्टुकनि,து3ரதி3ஷ்டுகனி,dur disht'ukani,dur diSTukani,dur diṣṭ_ŭkani,d̪uɾ d̪ɪʂʈukən̪ɪ,unluckily,துரதிருஷ்ட்வசமாக,Adverbs,words
ꢱꢸꢣ꣄ꢣꢶꢒꢥꢶ,सुद्दिकनि,ஸுத்3தி4கனி,suddikani,suddikani,suddikani,s̪ud̪d̪ɪkən̪ɪ,"purely, neatly",தூய்மையாக,Adverbs,words
ꢒꢭꢵꢥꢵꢡ꣄ꢡꣁ,कलानात्ता॑,களனாத்தொ,kalaanaatto',kalAnAttO,kalānāttŏ,kəlɑːn̪ɑːt̪t̪o,unknowingly,தெரியாத்தனமாக,Adverbs,words
ꢡꢾꢭꢶꢮ꣄ꢒꢥꢶ ꢱ꣄ꢦꢰ꣄ꢜꢸꢒꢥꢶ,त॑लिव्कनि स्पष्टुकनि,தெளிவ்கனி,te'livkani spasht'ukani,tElivkani spaSTukani,tĕlivkani spaṣṭukani,t̪elɪʋkən̪ɪ s̪pəʂʈukən̪ɪ,clearly,தெளிவாக,Adverbs,words
ꢦꢙꢾ ꢒꣁꢣ꣄ꢣꢶ,पज॑का॑द्दि,பஜெ கொத்3தி3,paje' ko'ddi,pajE kOddi,pajĕ kŏddi,pəd͡ʒe kod̪d̪ɪ,As needed,தேவையாக,Adverbs,words
ꢤꣀꢬ꣄ꢫꢸꢒꢥꢶ,धैर्युकनि,தை4ர்யுகனி,dhairyukani,dhairyukani,dhairyukani,d̪ʰəɪɾjukən̪ɪ,boldly,தைரியமாக,Adverbs,words
ꢡꣁꢬꢠ꣄ꢒ,ता॑रण्क,தொரண்க,to'ranka,tOraNka,tŏraṇka,t̪oɾəɳkə,successively,தொடர்ச்சியாக,Adverbs,words
ꢡꢾꢔ ꢢꢾꢬꢶ ꢡꢾꢭ꣄ꢫꢾꢒ ꢤꢾꢬꢶ,त॑गध॑रि त॑ल्य॑क ध॑रि,தெகதெ4ரி,te'ga the'ri te'lye'ka dhe'ri,tEga thEri tElyEka dhEri,tĕga thĕri tĕlyĕka dhĕri,t̪egə t̪ʰeɾɪ t̪eljekə d̪ʰeɾɪ,in connection with,தொடர்பாக,Adverbs,words
ꢆꢜ꣄ꢗꢫ꣄ꢭꢶ,उट्चय्लि,உட்சய்லி,ut'chayli,uTcayli,uṭcayli,uʈt͡ʃəjlɪ,slackly,தொய்வாக,Adverbs,words
ꢣꢸꢣꢹꢬꢸꢪ꣄,दुदूरुम्,து3தூ3ரும்,dudoorum,dudUrum,dudūrum,d̪ud̪uːɾum,distantly,தொலைவாக,Adverbs,words
ꢂꢥ꣄ꢣꢵꢱ꣄,अन्दास्,அந்தா3ஸ்,andaas,andAs,andās,ən̪d̪ɑːs̪,approximately,தோராயமாக,Adverbs,words
ꢪꢴꢣ꣄ꢤꢶꢪꢪ꣄,म्हद्धिमम्,ம:த்3தி4மம்,mhaddhimam,mhaddhimam,mhaddhimam,mɦəd̪d̪ʰɪməm,tolerably,நடுத்தரமாக,Adverbs,words
ꢪꢴꢚꢵꢬ꣄,म्हझार्,ம:ஜார்,mhajhaar,mhajhAr,mhajhār,mɦəd͡ʒʰɑːɾ,"middle, at the centre",நடுவில் / நடுவே,Adverbs,words
ꢩꢶꢠ꣄ꢞꢶꢭꢶꢒꢶꢥ꣄,भिण्डिलिकिन्,பி4ண்டி3லிகின்,bhind'ilikin,bhiNDilikin,bhiṇḍilikin,bʰɪɳɖɪlɪkɪn̪,hopefully,நம்பிக்கையாக,Adverbs,words
ꢥꣁꢪ꣄ꢒꢾꢒꢥ꣄,ना॑म्क॑कन्,நொம்கெகன்,no'mke'kan,nOmkEkan,nŏmkĕkan,n̪omkekən̪,hopefully,நம்பிக்கையாக,Adverbs,words
ꢩꢮ꣄ꢫꢪ꣄ꢒ,भव्यम्क,ப4வ்யம்க,bhavyamka,bhavyamka,bhavyamka,bʰəʋjəmkə,civilly,நயமாக,Adverbs,words
ꢗꣁꢒ꣄ꢒꢜ꣄ꢮꢿꢳ꣄꣄ꢒꢥ꣄,चा॑क्कट्वेळ्कन्,சொக்கட்வேள்கன்,cho'kkat'vel'kan,cOkkaTveLkan,cŏkkaṭvel̤kan,t͡ʃokkəʈʋeːɭkən̪,fortunately,நல்லகாலமாக,Adverbs,words
ꢱꢮ꣄ꢬꢶꢫꢪ꣄ꢒꢥꢶ,सव्रियम्कनि,ஸவ்ரியம்கனி,savriyamkani,savriyamkani,savriyamkani,s̪əʋɾɪjəmkən̪ɪ,well,நலமாக,Adverbs,words
ꢂꢤꢶꢥꢵꢔꢬꢷꢒ꣄ꢒꢥꢶ,अधिनागरीक्कनि,அதி4நாக3ரீக்கனி,adhinaagareekkani,adhinAgarIkkani,adhināgarīkkani,əd̪ʰɪn̪ɑːgəɾiːkkən̪ɪ,refinedly,நவநாகரிமாக,Adverbs,words
ꢩꣁꢔꢸꢪꢵꢥ꣄ꢒꢥꢶ,भा॑गुमान्कनि,பொ4கு3மான்கனி,bho'gumaankani,bhOgumAnkani,bhŏgumānkani,bʰogumɑːn̪kən̪ɪ,"intervivos, as gift",நன்கொடையாக,Adverbs,words
ꢗꣁꢒ꣄ꢒꢞ꣄ꢤꢵꢥꢸ,चा॑क्कड्धानु,சொக்கட்3தா4னு,cho'kkad'dhaanu,cOkkaDdhAnu,cŏkkaḍdhānu,t͡ʃokkəɖd̪ʰɑːn̪u,well,நன்றாக,Adverbs,words
ꢱꢡ꣄ꢩꢵꢮ꣄ꢒ,सत्भाव्क,ஸத்பா4வ்க,satbhaavka,satbhAvka,satbhāvka,s̪ət̪bʰɑːʋkə,sincerely,நாணயமாக,Adverbs,words
ꢱꢶꢡ꣄ꢬꢪ꣄ꢒ ꢥꢶꢯ꣄ꢗꢫꢸꢒꢥꢶ,स्तिरम्क निश्चयुकनि,ஸ்தி2ரம்க,sitramka nishchayukani,sitramka nizcayukani,sitramka niścayukani,s̪ɪt̪ɾəmkə n̪ɪʃt͡ʃəjukən̪ɪ,surely,நிச்சயமாக,Adverbs,words
ꢯꢵꢥ꣄ꢡꢶꢒ,शान्तिक,ஶாந்திக,shaantika,zAntika,śāntika,ʃɑːn̪t̪ɪkə,peacefully,நிம்மதியாக,Adverbs,words
ꢱ꣄ꢡꢶꢬꢪ꣄ꢒ ꢥꢶꢬꢥ꣄ꢡꢬ꣄ꢒꢥꢶ ꢓꣁꢨ꣄ꢨꢶꢪ꣄,स्तिरम्क निरन्तर्कनि खा॑ब्बिम,ஸ்தி2ரம்க,stiramka nirantarkani kho'bbim,stiramka nirantarkani khObbim,stiramka nirantarkani khŏbbim,s̪t̪ɪɾəmkə n̪ɪɾən̪t̪əɾkən̪ɪ kʰobbɪm,permanently,நிரந்தரமாக,Adverbs,words
ꢱ꣄ꢡꢶꢬꢪ꣄ꢒ,स्तिरम्क,ஸ்தி2ரம்க,stiramka,stiramka,stiramka,s̪t̪ɪɾəmkə,fixedly,நிலையாக,Adverbs,words
ꢚꢸꢒ꣄ꢒꢸ,झूक्कु,ஜு2க்கு,jhukku,jhukku,jhukku,d͡ʒʰukku,much,நிறைய,Adverbs,words
ꢡꢶꢬꢸꢦ꣄ꢡꢶꢒ,तिरुप्तिक,த்ருப்திக,tiruptika,tiruptika,tiruptika,t̪ɪɾupt̪ɪkə,satisfactorily,நிறைவாக,Adverbs,words
ꢲꢜ꣄ꢮꢥ꣄ꢒ,हट्वन्क,ஹட்வன்க,hat'vanka,haTvanka,haṭvanka,ɦəʈʋən̪kə,in memoriam,நினைவாக,Adverbs,words
ꢙꢡꣁ,जता॑,ஜதொ,jato',jatO,jatŏ,d͡ʒət̪o,"apart, except",நீங்கலாக,Adverbs,words
ꢭꢪ꣄ꢨꢸꢬꢸꢪ꣄,लम्बुरुम्,லம்பு3ரும்,lamburum,lamburum,lamburum,ləmbuɾum,for a long period,நீண்டகாலமாக,Adverbs,words
ꢭꢪ꣄ꢨꢸꢒ,लम्बुक,லம்பு3க,lambuka,lambuka,lambuka,ləmbukə,long,நீளமாக,Adverbs,words
ꢱꢹꢜ꣄ꢒ꣄ꢰꢸꢪꢒ,सूक्षउमक सूक्षउमा॑,ஸூக்ஷுமக,soot'kshumaka,sUTkSumaka,sūṭkṣumaka,s̪uːʈkʂuməkə,"minutely, accurately",நுட்பமாக / நுண்ணியதாக,Adverbs,words
ꢱꢸꢒ꣄ꢰꢸꢪꣁ,सूक्षउमक सूक्षउमा॑,ஸூக்ஷுமக,sukshumo',sukSumO,sukṣumŏ,s̪ukʂumo,"minutely, accurately",நுட்பமாக / நுண்ணியதாக,Adverbs,words
ꢭꢪ꣄ꢨꢸ,लम्बु,லம்பு3,lambu,lambu,lambu,ləmbu,along,நெடுக,Adverbs,words
ꢚꢸꢒ꣄ꢒꢸꢕꢾꢞꢶ,झुकुघ॑डि,ஜு2க்குகெ4டி3,jhukkughe'd'i,jhukkughEDi,jhukkughĕḍi,d͡ʒʰukkugʰeɖɪ,for a long time,நெடுநேரமாக,Adverbs,words
ꢭꢾꢔꢸꢡ꣄ꢡꢒꢥꢶ,ल॑गुत्तकनि,லெகு3த்தகனி,le'guttakani,lEguttakani,lĕguttakani,legut̪t̪əkən̪ɪ,"closely, thickly",நெருக்கமாக,Adverbs,words
ꢗꣁꢒ꣄ꢒꢜ꣄ꢒꢥꢶ,चा॑क्कट्कनि,சொக்கட்கனி,cho'kkat'kani,cOkkaTkani,cŏkkaṭkani,t͡ʃokkəʈkən̪ɪ,well,நேர்த்தியாக,Adverbs,words
ꢡꣁꢠꢵꢡꣂꢠ꣄,ता॑णातोण्,தொணாதோண்,to'naaton,tONAtoN,tŏṇātoṇ,t̪oɳɑːt̪oːɳ,directly,நேரடியாக,Adverbs,words
ꢱꢾꢙ꣄ꢙ,स॑ज्ज,ஸெஜ்ஜ,se'jja,sEjja,sĕjja,s̪ed͡ʒd͡ʒə,near,பக்கத்தில்,Adverbs,words
ꢭꢾꢔꢸꢡ꣄ꢡꣁ,ल॑गुत्ता॑,லெகு3த்தொ,le'gutto',lEguttO,lĕguttŏ,legut̪t̪o,near,பக்கத்தில்,Adverbs,words
ꢱꢾꢙ꣄ꢙꢒꢥꢶ,स॑ज्जकनि,ஸெஜ்ஜகனி,se'jjakani,sEjjakani,sĕjjakani,s̪ed͡ʒd͡ʒəkən̪ɪ,nearby,பக்கமாக,Adverbs,words
ꢮꢜꣁꢒꢥꢶ,वटा॑कनि,வடொகனி,vat'o'kani,vaTOkani,vaṭŏkani,ʋəʈokən̪ɪ,partially,பகுதியாக,Adverbs,words
ꢲꣁꢬꢸꢲꣁꢬꢸ,होरुहोरु,ஹோருஹோரு,ho'ruho'ru,hOruhOru,hŏruhŏru,ɦoɾuɦoɾu,gradually,படிப்படியாக,Adverbs,words
ꢂꢠ꣄ꢒꢒ,अण्कक,அண்கக,ankaka,aNkaka,aṇkaka,əɳkəkə,politely,பணிவாக,Adverbs,words
ꢩꣁꢣ꣄ꢬꢪ꣄ꢒꢥꢶ,भा॑द्रम्कनि,பொ4த்3ரம்கனி,bho'dramkani,bhOdramkani,bhŏdramkani,bʰod̪ɾəmkən̪ɪ,securely,பத்திரமாக,Adverbs,words
ꢲꢭ꣄ꢭꢸꢒ,हल्लुक,ஹள்ளுக,halluka,halluka,halluka,ɦəllukə,softly,பதமாக,Adverbs,words
ꢦꣁꢣꢪ꣄ꢒ,पा॑दम्क,பொத3ம்க,po'damka,pOdamka,pŏdamka,pod̪əmkə,softly,பதமாக,Adverbs,words
ꢃꢭ꣄ꢭꢜ꣄ꢒꢥꢶ,अल्ललनि,அல்லட்கனி,aallat'kani,AllaTkani,āllaṭkani,ɑːlləʈkən̪ɪ,slap-bang,பதற்றமாக,Adverbs,words
ꢨꣁꢣꢸꢭꢸꢒ꣄,बा॑दुलुक्,பொ3து3லுக்,bo'duluk,bOduluk,bŏduluk,bod̪uluk,instead of,பதிலாக,Adverbs,words
ꢤꢵꢒ꣄ꢱꢾꢥ꣄ꢡꣁ,धाक्स॑न्ता॑,தா4க்ஸெந்தொ,dhaakse'nto',dhAksEntO,dhāksĕntŏ,d̪ʰɑːks̪en̪t̪o,terribly,பயங்கரமாக,Adverbs,words
ꢤꢵꢒ꣄ꢒꢥꢶ,धक्कनि,தா4க்கனி,dhaakkani,dhAkkani,dhākkani,d̪ʰɑːkkən̪ɪ,terribly,பயங்கரமாக,Adverbs,words
ꢡꢾꢭ꣄ꢫꢒꢲꢵꢭ꣄ ꢡꢾꢭ꣄ꢫꢒꢭꢾꢥ꣄ꢡꢸ,त॑ल्यकहाल् त॑ल्यकहाल्,தெல்யகஹால்,te'lyakahaal te'lyakale'ntu,tElyakahAl tElyakalEntu,tĕlyakahāl tĕlyakalĕntu,t̪eljəkəɦɑːl t̪eljəkəlen̪t̪u,as a result,பயனாக,Adverbs,words
ꢆꢦꢫꣁꢔ꣄ꢒꢥ꣄ ꢦ꣄ꢬꢫꣂꢙꢥꢒꢥꢶ,उपयोग्कनि प्रयोजनकनि,உபயோக்3கனி,upayo'gkan prayojanakani,upayOgkan prayojanakani,upayŏgkan prayojanakani,upəjogkən̪ pɾəjoːd͡ʒən̪əkən̪ɪ,usefully,பயனுடையதாக,Adverbs,words
ꢦꢾꢬ꣄ꢦꢫꢶ,प॑र्पयि,பெர்பயி,pe'rpayi,pErpayi,pĕrpayi,peɾpəjɪ,generally,பரவலாக,Adverbs,words
ꢦꢬꢶꢲꢵꢱ꣄ꢒꢥꢶ,परिहास्कनि,பரிஹாஸ்கனி,parihaaskani,parihAskani,parihāskani,pəɾɪɦɑːs̪kən̪ɪ,mockingly,பரிகாசமாக,Adverbs,words
ꢦꢬꢶꢡꢵꢦ꣄ꢒꢥꢶ,परिताप्कनि,பரிதாப்கனி,paritaapkani,paritApkani,paritāpkani,pəɾɪt̪ɑːpkən̪ɪ,unbearable,பரிதாபமாக,Adverbs,words
ꢨꢭ꣄ꢮꢥ꣄ꢣꢸꢒꢥꢶ,बल्वन्दुकनि,ப3ல்வந்து3கனி,balvandukani,balvandukani,balvandukani,bəlʋən̪d̪ukən̪ɪ,forcibly,பலவந்தமாக,Adverbs,words
ꢨꢭꢲꢷꢥ꣄ꢒꢥꢶ꣄,बलहीन्कनि,ப3லஹீன்கனி,balaheenkani,balahInkani,balahīnkani,bələɦiːn̪kən̪ɪ,weak,பலவீனமாக,Adverbs,words
ꢨꣁꢭꢶꢒꢥꢶ,बा॑लिकनि,பொ3லிகனி,bo'likani,bOlikani,bŏlikani,bolɪkən̪ɪ,as a sacrifice,பலியாக,Adverbs,words
ꢪꢾꢥꢶꢒꢸꢦꢥ꣄ ꢥꢴꢷꢡ꣄ꢡꣁ,म॑निकुपन न्हीत्ता॑,மெனிகுபன் நீ:த்தொ,me'nikupan nheetto',mEnikupan nhIttO,mĕnikupan nhīttŏ,men̪ɪkupən̪ n̪ɦiːt̪t̪o,confoundedly,பழிகேடாக,Adverbs,words
ꢪꢾꢬ꣄ꢱꢶꢭꢶ,म॑र्सिलि,மெர்ஸிலி,me'rsili,mErsili,mĕrsili,meɾs̪ɪlɪ,shiningly,பளபளப்பாக,Adverbs,words
ꢦ꣄ꢬꢡꢶꢒꢹꢭ꣄ꢒꢥꢶ,प्रतिकूल्कनि,ப்ரதிகூல்கனி,pratikoolkani,pratikUlkani,pratikūlkani,pɾət̪ɪkuːlkən̪ɪ,"affectedly, ill",பாதகமாக,Adverbs,words
ꢲꢣ꣄ꢣꢾꢒꢥꢶ,हद्द॑कनि,ஹத்3தெ3கனி,hadde'kani,haddEkani,haddĕkani,ɦəd̪d̪ekən̪ɪ,half,பாதியாக,Adverbs,words
ꢦꢵꢮ꣄ꢒꢥ,पाव्कनि पाप्कनि,பாவ்கனி,paavkana,pAvkana,pāvkana,pɑːʋkən̪ə,sinfully,பாவமாக,Adverbs,words
ꢶ ꢦꢵꢦ꣄ꢒꢥꢶ,पाव्कनि पाप्कनि,பாப்கனி,i paapkani,i pApkani,i pāpkani,ɪ pɑːpkən̪ɪ,sinfully,பாவமாக,Adverbs,words
ꢦ꣄ꢬꢿꢮ꣄ꢒꢥꢶ,प्रेव्कनि,ப்ரேவ்கனி,prevkani,prevkani,prevkani,pɾeːʋkən̪ɪ,with love,பிரியமாக,Adverbs,words
ꢧꢭ꣄ꢭꣁ,फल्ला॑,ப2ல்லொ,phallo',phallO,phallŏ,pʰəllo,"after, behind",பின்,Adverbs,words
ꢦꢱ꣄ꢒꢜ꣄,पस्कट्,பஸ்கட்,paskat',paskaT,paskaṭ,pəs̪kəʈ,"after, behind",பின்,Adverbs,words
ꢦꢱ꣄ꢒꢜ꣄,पस्कट्,பஸ்கட்,paskat',paskaT,paskaṭ,pəs̪kəʈ,"Behind, after","பின்புறம், பின்னால்",Adverbs,words
ꢦꢱ꣄ꢒꢜ꣄ꢒꢥꢶ,पस्कट्कनि,பஸ்கட்கனி,paskat'kani,paskaTkani,paskaṭkani,pəs̪kəʈkən̪ɪ,aback,பின்புறமாக,Adverbs,words
ꢂꢣꢶꢥꣁꢮ,अदिना॑व,அதி3நொவ,adino'va,adinOva,adinŏva,əd̪ɪn̪oʋə,brand new,புத்தம்புதிதாக,Adverbs,words
ꢥꣁꢮꢥꣁꢮꢒꢥꢶ,ना॑वना॑वकनि,நொவநொவெகனி,no'vano'vakani,nOvanOvakani,nŏvanŏvakani,n̪oʋən̪oʋəkən̪ɪ,brand new,புத்தம்புதிதாக,Adverbs,words
ꢱꢪꢬ꣄ꢡꢸꢒꢥꢶ,समर्तुकनि,ஸமர்துகனி,samartukani,samartukani,samartukani,s̪əməɾt̪ukən̪ɪ,cleverly,புத்திசாலித்தனமாக,Adverbs,words
ꢮꢶꢮꢬ꣄ꢒꢥꢶ,विवर्कनि,விவர்கனி,vivarkani,vivarkani,vivarkani,ʋɪʋəɾkən̪ɪ,cleverly,புத்திசாலித்தனமாக,Adverbs,words
ꢥꣁꢮꢫꣁ,नोवकनि. नोवयकनि,நொவகனி,no'vayo',nOvayO,nŏvayŏ,n̪oʋəjo,"anew, afresh",புதிதாக,Adverbs,words
ꢥꣁꢮꢫꢒꢥꢶ,नोवकनि. नोवयकनि,நொவயகனி,no'vayakani,nOvayakani,nŏvayakani,n̪oʋəjəkən̪ɪ,"anew, afresh",புதிதாக,Adverbs,words
ꢚꢥ꣄ꢙꢹꢒꢥꢶ,झन्जुकनि,ஜ2ந்ஜுகனி,jhanyookani,jhanjUkani,jhanjūkani,d͡ʒʰən̪d͡ʒuːkən̪ɪ,stormily,புயலாக,Adverbs,words
ꢂꢪ꣄ꢨꢜ꣄ꢒꢥꢶ,अम्बट्कनि,அம்ப3ட்கனி,ambat'kani,ambaTkani,ambaṭkani,əmbəʈkən̪ɪ,sourly,புளிப்பாக,Adverbs,words
ꢡ꣄ꢫꢾꢙꢡꣁ,त्येजता॑,த்யேஜதொ,tye'jato',tyEjatO,tyĕjatŏ,t̪jed͡ʒət̪o,apart from,புறம்பாக,Adverbs,words
ꢦꢸꢥꢶꢣꢸꢲꣁꢫꢾ,पुनिदुहा॑य॑,புனிது3ஹொயெ,puniduho'ye',puniduhOyE,puniduhŏyĕ,pun̪ɪd̪uɦoje,holily,புனிதமாக,Adverbs,words
ꢪꢴꣁꢜ꣄ꢜꢒꢥꢶ,म्हा॑ट्टकन्,மொ:ட்டகனி,mho't't'akani,mhOTTakani,mhŏṭṭakani,mɦoʈʈəkən̪ɪ,"Largely, mostly","பெரிதாக, பெரிதும்",Adverbs,words
ꢚꢸꢒꢸꢔ,झुकुग,ஜுகுக3,jhukuga,jhukuga,jhukuga,d͡ʒʰukugə,"mostly, almost",பெரும்பாலும்,Adverbs,words
ꢕꢾꢥꢪ꣄ꢒꢥꢶ,घ॑नम्कनि,கெ4னம்கனி,ghe'namkani,ghEnamkani,ghĕnamkani,gʰen̪əmkən̪ɪ,proudly,பெருமையாக,Adverbs,words
ꢲꢭ꣄ꢭꢸꢒꢥꢶ,हल्लुकनि,ஹள்ளுகனி,hallukani,hallukani,hallukani,ɦəllukən̪ɪ,slowly,பையப்பைய,Adverbs,words
ꢱꢵꢤꢵꢬꢠ꣄ꢒꢥꢶ,साधारण्कनि,ஸாதா4ரணகனி,saadhaarankani,sAdhAraNkani,sādhāraṇkani,s̪ɑːd̪ʰɑːɾəɳkən̪ɪ,generally,பொதுப்படையாக,Adverbs,words
ꢪꢶꢡ꣄ꢡꢸꢒꢥꢶ,मित्तुकनि,மித்துகனி,mittukani,mittukani,mittukani,mɪt̪t̪ukən̪ɪ,untruely,பொய்யாக,Adverbs,words
ꢥꢶꢪꢶꢡ꣄ꢡꢸ,निमित्तु,நிமித்து,nimittu,nimittu,nimittu,n̪ɪmɪt̪t̪u,Apropos/ for the purpose of,பொருட்டாக,Adverbs,words
ꢒꢸꢬ꣄ꢗꢶ,कुर्चि,குர்சி,kurchi,kurci,kurci,kuɾt͡ʃɪ,Apropos/ for the purpose of,பொருட்டாக,Adverbs,words
ꢡꢒꢾꢤꢵꢥꢸ,तक॑धानु,தகெதா4னு,take'dhaanu,takEdhAnu,takĕdhānu,t̪əked̪ʰɑːn̪u,suitably,பொருத்தமாக,Adverbs,words
ꢧꢸꢬꢱ꣄ꢡꢶꢱꣁ,फुरस्तिसा॑,பு2ரஸ்திஸொ,phurastiso',phurastisO,phurastisŏ,pʰuɾəs̪t̪ɪs̪o,adequately,போதுமானதாக,Adverbs,words
ꢥꢒꢭꢶꢒꢥꢶ,नकलिकनी,நகலிகனி,nakalikani,nakalikani,nakalikani,n̪əkəlɪkən̪ɪ,falsely,போலியாக,Adverbs,words
ꢱꣁꢥ꣄ꢡꣂꢰ꣄ꢒꢥꢶ,सा॑न्तोष्कनि,ஸொந்தோஷ்கனி,so'ntoshkani,sOntoSkani,sŏntoṣkani,s̪on̪t̪oːʂkən̪ɪ,happily,மகிழ்ச்சியாக,Adverbs,words
ꢪꢔ꣄ꢔꢸꢥꢒꢥꢶ,मग्गुनकनि,மக்3கு3னகனி,maggunakani,maggunakani,maggunakani,məggun̪əkən̪ɪ,dimly,மங்கலாக,Adverbs,words
ꢪꢹꢬ꣄ꢓꢸꢒꢥꢶ. ꢪꢴꢸꢜꢒꢥꢶ,मूर्खुकनि,மூர்கு2கனி,moorkhukani. mhut'akani,mUrkhukani. mhuTakani,mūrkhukani. mhuṭakani,muːɾkʰukən̪ɪ. mɦuʈəkən̪ɪ,foolishly,மசணையாக / மடத்தனமாக,Adverbs,words
ꢪꢵꢡ꣄ꢬ,मात्र,மாத்ரம்,maatra,mAtra,mātra,mɑːt̪ɾə,"alone, only",மட்டும்,Adverbs,words
ꢒꣁꢣ꣄ꢣꢶ,का॑द्दि,கொத்3தி3,ko'ddi,kOddi,kŏddi,kod̪d̪ɪ,"alone, only",மட்டும்,Adverbs,words
ꢪꢥ꣄ꢣꢪ꣄ꢒꢥ꣄,मन्दम्कनि,மந்த3ம்கனி,mandamkan,mandamkan,mandamkan,mən̪d̪əmkən̪,feebly,மந்தமாக,Adverbs,words
ꢦ꣄ꢬꢒꢵꢰ꣄ꢥꢴꢷꢡ꣄ꢡꣁ,प्रकाष्न्हीत्ता॑,ப்ரகாஷ் நீ:த்தொ,prakaashnheetto',prakASnhIttO,prakāṣnhīttŏ,pɾəkɑːʂn̪ɦiːt̪t̪o,feebly,மந்தமாக,Adverbs,words
ꢦ꣄ꢬꢒꢵꢰ꣄ꢮꢶꢥꢵ,प्रकाष्विना.,ப்ரகாஷ் வினா,prakaashvinaa,prakASvinA,prakāṣvinā,pɾəkɑːʂʋɪn̪ɑː,feebly,மந்தமாக,Adverbs,words
ꢱꣁꢖ꣄ꢔꢒꢥꢶ,सा॑ङ꣄गकनि,ஸொங்க3கனி,so'ngakani,sOGgakani,sŏṅgakani,s̪oŋgəkən̪ɪ,cheaply,மலிவாக,Adverbs,words
ꢪꣂꢭ꣄ ꢆꢥ꣄ꢥꢒꢥꢶ,मा॑ल उन्नकनि,மோல் உன்னகனி,mol unnakani,mol unnakani,mol unnakani,moːl un̪n̪əkən̪ɪ,cheaply,மலிவாக,Adverbs,words
ꢙꢡꣁ,जता॑,ஜதொ,jato',jatO,jatŏ,d͡ʒət̪o,besides,மற்றபடி,Adverbs,words
ꢮꢶꢱ꣄ꢬꢳ꣄ꢳꢶꢶꢒꢶꢥ꣄,विस्रळ्ळिकिन्,விஸுரள்லிகின்,visral'l'iikin,visraLLiikin,visral̤l̤iikin,ʋɪs̪ɾəɭɭɪɪkɪn̪,absent mindedly,மறதியாக,Adverbs,words
ꢭꢸꢒ꣄ꢒꢶꢭꢶ,लुक्किलि,லுக்கிலி,lukkili,lukkili,lukkili,lukkɪlɪ,indirectly,மறைமுகமாக,Adverbs,words
ꢚꢒꢶꢭꢶ,झकिलि,ஜ2கிலி,jhakili,jhakili,jhakili,d͡ʒʰəkɪlɪ,secretly,மறைவாக,Adverbs,words
ꢪꣁꢥ꣄ꢥꢸꢙꢥꢶ,मा॑न्नुजनि,மொன்னுஜனி,mo'nnujani,mOnnujani,mŏnnujani,mon̪n̪ud͡ʒən̪ɪ,knowingly,மனப்பூர்வமாக,Adverbs,words
ꢩꣁꢬꢾꢪꣁꢥ꣄ꢥꢸ,भा॑र॑मा॑न्नु,பொ4ரெமொன்னு,bho're'mo'nnu,bhOrEmOnnu,bhŏrĕmŏnnu,bʰoɾemon̪n̪u,heartfully,மனமார,Adverbs,words
ꢪꢴꢞꢜꢪꢴꢞꢵꢒ꣄,म्हडम्हडाक्,ம:ட3ம:டா3க்,mhad'at'amhad'aak,mhaDaTamhaDAk,mhaḍaṭamhaḍāk,mɦəɖəʈəmɦəɖɑːk,monthly,மாதந்தோறும்,Adverbs,words
ꢪꢱꢹꢣꢶ,मसूदि,மஸூதி3,masoodi,masUdi,masūdi,məs̪uːd̪ɪ,monthly,மாதந்தோறும்,Adverbs,words
ꢩꢬ꣄ꢡꢶꢒ꣄,भर्तिक,ப4ர்திக,bhartik,bhartik,bhartik,bʰəɾt̪ɪk,instead of,மாற்றாக,Adverbs,words
ꢮꢶꢬꣂꢤ꣄꣄ꢒꢥꢶ,विरोध्कनि,விரோத்4கனி,virodhkani,virodhkani,virodhkani,ʋɪɾoːd̪ʰkən̪ɪ,"adversely, contrarily",மாறாக,Adverbs,words
ꢆꢦꢶꢬ꣄ꢒꢥꢶ,उपिर्कनि,உபிர்கனி,upirkani,upirkani,upirkani,upɪɾkən̪ɪ,immensely,மிகுதியாக,Adverbs,words
ꢡꢷ ꢙꢡꣁ,ती जता॑,தீ ஜதொ,tee jato',tI jatO,tī jatŏ,t̪iː d͡ʒət̪o,in extra,மிகையாக,Adverbs,words
ꢤꢒ꣄ꢒꢞꢶ,धक्कडि,த4க்கடி3,dhakkad'i,dhakkaDi,dhakkaḍi,d̪ʰəkkəɖɪ,threateningly,மிரட்டலாக,Adverbs,words
ꢲꣁꢭ꣄ꢭꣁ,हा॑ल्ला॑,ஹொல்லொ,ho'llo',hOllO,hŏllŏ,ɦollo,over,மீது,Adverbs,words
ꢪꢸꢕ꣄ꢫꢪ꣄ꢒꢥꢶ,मुख्यम्कनि,முக்2யகனி,mughyamkani,mughyamkani,mughyamkani,mugʰjəmkən̪ɪ,"essentially, importantly",முக்கியமாக,Adverbs,words
ꢂꢥ꣄ꢡꢸꢒꢥꢶ,अन्तुकनि,அந்துகனி,antukani,antukani,antukani,ən̪t̪ukən̪ɪ,finally,முடிவாக,Adverbs,words
ꢱꢾꢡ꣄ꢭꣁ,स॑त्तुला॑,ஸெத்லொ,se'tlo',sEtlO,sĕtlŏ,s̪et̪lo,finally,முடிவாக,Adverbs,words
ꢧꣀꢭꢮꢔꢥꢶ,फैलवगनि,பை2லவக3கனி,phailavagani,phailavagani,phailavagani,pʰəɪləʋəgən̪ɪ,"first rate, superbly",முதல்தரமாக,Adverbs,words
ꢪꢸꢭ꣄ꢭꣁ ꢪꢸꢭ꣄ꢭꣁ,मुल्ला॑मुल्ला॑,முல்லொமுல்லொ,mullo' mullo',mullO mullO,mullŏ mullŏ,mullo mullo,for first time,முதல் முறையாக,Adverbs,words
ꢧꣀꢭꢒꢥꢶ,फैलकनि,பை2லகனி,phailakani,phailakani,phailakani,pʰəɪləkən̪ɪ,firstly,முதலாவதாக,Adverbs,words
ꢦ꣄ꢬꢵꢬꢪ꣄ꢨꢒꢥꢶ,प्रारम्बकनि,ப்ராரம்ப3கனி,praarambakani,prArambakani,prārambakani,pɾɑːɾəmbəkən̪ɪ,initially,முதன்மையாக,Adverbs,words
ꢦꢾꢳꢶꢩꢶꢱ꣄ꢱꢒꢥꢶ,भ॑ळ्भिस्सकनि,பெ4ள்பி4ஸ்ஸகனி,pe'l'ibhissakani,pELibhissakani,pĕl̤ibhissakani,peɭɪbʰɪs̪s̪əkən̪ɪ,actively,மும்முரமாக,Adverbs,words
ꢪꢹꢓꢸꢒꢸꢒꢥꢶ,मूर्खुकनि,மூர்கு2கனி,mookhukukani,mUkhukukani,mūkhukukani,muːkʰukukən̪ɪ,"brutally, roughly",முரட்டுத்தனமாக,Adverbs,words
ꢮꢶꢦꢬꢷꢡ꣄ꢒꢥꢶ ꢮ꣄ꢬꢸꢣ꣄ꢤꢸꢒꢥꢶ ꢦ꣄ꢬꢫꢶꢒꢹꢭ꣄ꢒꢥꢶ,विपरीत्कनि,விபரீத்கனி,vipareetkani vruddhukani prayikoolkani,viparItkani vruddhukani prayikUlkani,viparītkani vruddhukani prayikūlkani,ʋɪpəɾiːt̪kən̪ɪ ʋɾud̪d̪ʰukən̪ɪ pɾəjɪkuːlkən̪ɪ,contrary to,முரண்பாடாக,Adverbs,words
ꢂꢱ꣄ꢒꢵꢒꢸꢱ꣄,अस्काकुस्,அஸ்காகுஸ்,askaakus,askAkus,askākus,əs̪kɑːkus̪,"wholly, completely",முழுக்கமுழுக்க,Adverbs,words
ꢂꢱ꣄ꢒꢒꢥ꣄,अस्ककन्,அஸ்ககன்,askakan,askakan,askakan,əs̪kəkən̪,totally,முழுதும்,Adverbs,words
ꢂꢱ꣄ꢒꢒꢥ꣄,अस्ककन्,அஸ்ககன்,askakan,askakan,askakan,əs̪kəkən̪,entirely,முழுமையாக,Adverbs,words
ꢂꢱ꣄ꢒꢒꢥ꣄,अस्ककन्,அஸ்ககன்,askakan,askakan,askakan,əs̪kəkən̪,"in toto, outright",முற்றும்,Adverbs,words
ꢥꢿꢪꢸꢤꢵꢥꢸ,नेमुधानु,நேமுதா4னு,nemudhaanu,nemudhAnu,nemudhānu,n̪eːmud̪ʰɑːn̪u,systematically,முறையாக,Adverbs,words
ꢒꢶꢬꢪꢒꢥꢶ,किरमकनि,க்ரமகனி,kiramakani,kiramakani,kiramakani,kɪɾəməkən̪ɪ,respectively,முறையே,Adverbs,words
ꢱꢵꢪꢸꢬ꣄,सामुर,ஸாமுர்,saamur,sAmur,sāmur,s̪ɑːmuɾ,"before, in front",முன் / முன்பாக,Adverbs,words
ꢪꢸꢣꢸꢭ꣄,मुदुल्,முது3ல்,mudul,mudul,mudul,mud̪ul,beforehand,முன்பு,Adverbs,words
ꢪꢸꢭ꣄ꢭꣁ,मुल्ला॑,முல்லொ,mullo',mullO,mullŏ,mullo,"before, in front",முன்னதாக,Adverbs,words
ꢱꢸꢥ꣄ꢫꢵꢱ꣄,सुन्यास,ஸுன்யாஸ்,sunyaas,sunyAs,sunyās,s̪un̪jɑːs̪,"before, in front",முன்னதாக,Adverbs,words
ꢪꢸꢥ꣄ꢣꢞꢶ,मुन्दडि,முந்த3டி3,mundad'i,mundaDi,mundaḍi,mun̪d̪əɖɪ,before,முன்னால்,Adverbs,words
ꢦꢹꢬ꣄ꢮꢡꢫꢬ꣄ꢒꢥꢶ,पूर्वतयार्कनि,பூர்வ தயார்கனி,poorvatayarkani,pUrvatayarkani,pūrvatayarkani,puːɾʋət̪əjəɾkən̪ɪ,In advance,முன்னேற்பாடாக,Adverbs,words
ꢡꢿ ꢮꢜ꣄ꢒꢥ,ते वाट्कनि,தே வாட்கனி,te vat'kana,te vaTkana,te vaṭkana,t̪eː ʋəʈkən̪ə,through,மூலமாக,Adverbs,words
ꢶ ꢡꣁꢒꢥ꣄,ता॑कन्,தொகன்,i to'kan,i tOkan,i tŏkan,ɪ t̪okən̪,through,மூலமாக,Adverbs,words
ꢂꢯꢶꢡꢣ꣄ꢤꢒꢥꢶ ꢂꢱꢪꢥ꣄ꢡꢸꢒꢥꢶ,अशिरद्धकनि असमन्तुकनि,அஶிரத்3த4கனி,ashitaddhakani asamantukani,azitaddhakani asamantukani,aśitaddhakani asamantukani,əʃɪt̪əd̪d̪ʰəkən̪ɪ əs̪əmən̪t̪ukən̪ɪ,slacknessly,மெத்தனமாக,Adverbs,words
ꢲꢳ꣄ꢳꢸ,हळ्ळु,ஹள்ளு,hal'l'u,haLLu,hal̤l̤u,ɦəɭɭu,slowly,மெதுவாக,Adverbs,words
ꢲꢳꢸꢲꢳꢸꢒꢥꢶ,जळुहळुकनि,ஹளுஹளுகனி,hal'uhal'ukani,haLuhaLukani,hal̤uhal̤ukani,ɦəɭuɦəɭukən̪ɪ,slowly,மெதுவாக,Adverbs,words
ꢬꢴꢡ꣄ꢡꢤꢵꢥꢸ,र्हत्तधानु,ர:த்ததா4னு,rhattadhaanu,rhattadhAnu,rhattadhānu,ɾɦət̪t̪əd̪ʰɑːn̪u,Indeed really,மெய்யாக,Adverbs,words
ꢲꢳ꣄ꢳꢸ,हळ्ळु,ஹள்ளு,hal'l'u,haLLu,hal̤l̤u,ɦəɭɭu,"slowly, low",மெல்ல,Adverbs,words
ꢥꢴꢥ꣄ꢓꢥꢶ꣄,न्हन्नखनि,நா:ன்க2னி,nhankhani,nhankhani,nhankhani,n̪ɦən̪kʰən̪ɪ,thinly,மெல்லியதாக,Adverbs,words
ꢒꣁꢪ꣄ꢨꢸꢭꢒ,का॑म्बुलक,கொம்பு3ளக,ko'mbulaka,kOmbulaka,kŏmbulaka,kombuləkə,softly,மென்மையாக,Adverbs,words
ꢪꢶꢜ꣄ꢜꢵꢦꣁꢭ꣄ꢭꢪ꣄ꢒꢥꢶ,मिट्टापा॑ल्लम्कनि,மிட்டாபொல்லம்கனி,mit't'aapo'llamkani,miTTApOllamkani,miṭṭāpŏllamkani,mɪʈʈɑːpolləmkən̪ɪ,unevenly,மேடுபள்ளமாக,Adverbs,words
ꢲꣁꢭ꣄ꢭ ꢲꣁꢭ꣄ꢭꢒ ꢦ꣄ꢬꢡ꣄ꢫꢒ꣄ꢰ꣄ꢒꢥꢶ ꢮ꣄ꢫꢒ꣄ꢫꢬꢡꢒꢥꢶ,हा॑ल्लहा॑ल्लक प्रत्यक्षकनि व्यक्तकनि,ஹொல்லஹொல்லக ப்ரத்யக்ஷகனி,ho'lla ho'llaka pratyakshkani vyakyaratakani,hOlla hOllaka pratyakSkani vyakyaratakani,hŏlla hŏllaka pratyakṣkani vyakyaratakani,ɦollə ɦolləkə pɾət̪jəkʂkən̪ɪ ʋjəkjəɾət̪əkən̪ɪ,apparently,மேலீடாக,Adverbs,words
ꢂꢖ꣄ꢔꢸꢥ꣄,अङ्गुन्,அங்கு3ன்,angun,aGgun,aṅgun,əŋgun̪,Besides/and/as well,மேலும்,Adverbs,words
ꢡꢢꢵ,तथा,ததா2,tathaa,tathA,tathā,t̪ət̪ʰɑː,Besides/and/as well,மேலும்,Adverbs,words
ꢆꢛ꣄ꢗꣁ,उञ्चा॑,உஞ்சொ,uncho',uJcO,uñcŏ,uɲt͡ʃo,"above, on",மேல்,Adverbs,words
ꢲꣂꢬ,होर,ஹோர்,hora,hora,hora,ɦoːɾə,"above, on",மேல்,Adverbs,words
꣄ ꢲꣁꢭ꣄ꢭꣁ,हा॑ल्ला॑,ஹொல்லொ,ho'llo',hOllO,hŏllŏ,ɦollo,"above, on",மேல்,Adverbs,words
ꢪꢿꢜ꣄ꢒꢥꢶ,मेट्कनि,மேட்கனி,met'kani,meTkani,meṭkani,meːʈkən̪ɪ,greatly,மேன்மையாக,Adverbs,words
ꢯ꣄ꢬꢿꢰ꣄ꢝꢸꢒꢥꢶ,श्रेष्ठुकनि,ஶ்ரேஷ்டு2 கனி,shresht'hukani,zreSThukani,śreṣṭhukani,ʃɾeːʂʈʰukən̪ɪ,greatly,மேன்மையாக,Adverbs,words
ꢆꢥ꣄ꢥꢡꢒꢥꢶ,उन्नतकनि,,unnatakani,unnatakani,unnatakani,un̪n̪ət̪əkən̪ɪ,greatly,மேன்மையாக,Adverbs,words
ꢂꢱ꣄ꢒꢒꢥꢶ,अस्कक. पूराकनि,அஸ்ககனி,askakani,askakani,askakani,əs̪kəkən̪ɪ,totally,மொத்தமாக,Adverbs,words
ꢦꢹꢬꢵꢒꢥꢶ,पूर्णुकनि,பூராகனி,pooraakani,pUrAkani,pūrākani,puːɾɑːkən̪ɪ,totally,மொத்தமாக,Adverbs,words
ꢦꢹꢬ꣄ꢠꢸꢒꢥꢶ,पूर्णुकनि,பூர்ணுகனி,poornukani,pUrNukani,pūrṇukani,puːɾɳukən̪ɪ,totally,மொத்தமாக,Adverbs,words
ꢪꣂꢱ꣄ꢒꢥꢶ,मोस्कनि,மோஸ்கனி,moskani,moskani,moskani,moːs̪kən̪ɪ,badly,மோசமாக,Adverbs,words
ꢱꣁꢔꢸꢱ꣄ꢒꢥꢶ ꢮꢱꢫꢶꢒꢥꢶ,सा॑गुस्कनि वसतिकनि,ஸொகு3ஸ்கனி,so'guskani vasayikani,sOguskani vasayikani,sŏguskani vasayikani,s̪ogus̪kən̪ɪ ʋəs̪əjɪkən̪ɪ,"comfortably, conveniently",வசதியாக,Adverbs,words
ꢮꢥ꣄ꢗꢥꢒꢥꢶ,वन्चनक तब्तुर्कनि,வஞ்சனகனி,vanchanakani,vancanakani,vancanakani,ʋən̪t͡ʃən̪əkən̪ɪ,cunningly,வஞ்சகமாக,Adverbs,words
ꢡꢥ꣄ꢡꢸꢬ꣄ꢒꢥꢶ,वन्चनक तब्तुर्कनि,தந்துர்கனி,tanturkani,tanturkani,tanturkani,t̪ən̪t̪uɾkən̪ɪ,cunningly,வஞ்சகமாக,Adverbs,words
ꢮꢡꢸꢭ꣄ꢒꢥꢶ,वतुल्कनि,வதுல்கனி,vatulkani,vatulkani,vatulkani,ʋət̪ulkən̪ɪ,roundly,வட்டமாக,Adverbs,words
ꢒ꣄ꢬꢪꢒꢥꢶ,क्रमकनि,க்ரமகனி,kramakani,kramakani,kramakani,kɾəməkən̪ɪ,in a row,வரிசையாக,Adverbs,words
ꢮꢶꢗꢵꢬ꣄ꢒ,विचार्क,விசார்க,vichaarka,vicArka,vicārka,ʋɪt͡ʃɑːɾkə,regrettably,வருத்தமாக,Adverbs,words
ꢮꢾꢒꢸꢭ꣄ꢒ,व॑कुल्क,வெகுல்க,ve'kulka,vEkulka,vĕkulka,ʋekulkə,regrettably,வருத்தமாக,Adverbs,words
ꢚꣀꢥ ꢦꣂꢒ꣄ꢒꢥꢶ ꢙꣀꢥ ꢦꣂꢒ꣄,जैनपोक जैनपोक्कनि,ஜைனபோக் ஜைனபோக்கனி,jhaina pokkani jaina pok,jhaina pokkani jaina pok,jhaina pokkani jaina pok,d͡ʒʰəɪn̪ə poːkkən̪ɪ d͡ʒəɪn̪ə poːk,right side,வலதுபக்கமாக,Adverbs,words
ꢡꢶꢫꣁꢒꢥ꣄,तिया॑कन्,த்யொகன்,tiyo'kan,tiyOkan,tiyŏkan,t̪ɪjokən̪,spontaneously,வலிய,Adverbs,words
ꢦꣁꢭꢷꢪ꣄ꢒꢥ꣄,बा॑लीम्कन्,பொ3லீம்கன்,po'leemkan,pOlImkan,pŏlīmkan,poliːmkən̪,strongly,வலுவாக,Adverbs,words
ꢧꢶꢬ꣄ꢭꢶ,फिर्लि,பி2ர்லி,phirli,phirli,phirli,pʰɪɾlɪ,curvedly,வளைவாக,Adverbs,words
ꢮꢜ꣄ꢒꢾꢒꢥꢶ ꢬꢦ꣄ꢡꢒꢥꢶ,वट्क॑कनि रप्तकनि,வட்கெகனி,vat'ke'kani raptakani,vaTkEkani raptakani,vaṭkĕkani raptakani,ʋəʈkekən̪ɪ ɾəpt̪əkən̪ɪ,usually,வழக்கமாக,Adverbs,words
ꢥꢴꢶꢥꢵꢮꢸꢒꢥꢶ,न्हिनावुकनि,நி:னாவ்கனி,nhinaavukani,nhinAvukani,nhināvukani,n̪ɦɪn̪ɑːʋukən̪ɪ,slipperly,வழவழப்பாக,Adverbs,words
ꢱꢸꢒ꣄ꢒꢾꢫꢒꢥꢶ ꢱꢸꢒ꣄ꢒꢾꢒꢥꢶ,सुक्क॑यकनि सक्क॑कनि,ஸுக்கெயகனி,sukke'yakani sukke'kani,sukkEyakani sukkEkani,sukkĕyakani sukkĕkani,s̪ukkejəkən̪ɪ s̪ukkekən̪ɪ,Dryly / by drought,வறட்சியாக,Adverbs,words
ꢒꢸꢬꢹꢬ꣄ꢒꢥꢶ,कुरूरकन्,க்ரூர்கன்,kuroorkani,kurUrkani,kurūrkani,kuɾuːɾkən̪ɪ,violently,வன்மையாக,Adverbs,words
ꢱꣁꣁꢜ꣄ꢠꢵꢡ꣄ꢡꢒ꣄,सा॑ट्णात्तक्,ஸொட்3ணாதொ,so'o't'naattak,sOOTNAttak,sŏŏṭṇāttak,s̪ooʈɳɑːt̪t̪ək,persistently,விடாப்பிடியாக,Adverbs,words
ꢮꢶꢣꢪ꣄ꢮꢶꢣꢪ꣄ꢒꢥꢶ ꢨꢲꢸꢮꢶꢣꢒꢥ꣄,विदम्विदम्कनि बहुविदम्क्न,வித3ம்வித3ம்கனி,vidamvidamkani bahuvidakan,vidamvidamkani bahuvidakan,vidamvidamkani bahuvidakan,ʋɪd̪əmʋɪd̪əmkən̪ɪ bəɦuʋɪd̪əkən̪,different types,விதம்விதமாக,Adverbs,words
ꢞꢵꢪ꣄ꢨꢷꢒꢪ꣄ꢒꢥꢶ,डाम्बीकम्कनि,ஆட3ம்ப3ரக,d'aambeekamkani,DAmbIkamkani,ḍāmbīkamkani,ɖɑːmbiːkəmkən̪ɪ,pompously,விமரிசையாக,Adverbs,words
ꢮꢶꢱ꣄ꢡꢵꢬꢒꢥꢶ,विस्तारकनि,விஸ்தார்கனி,vistaarakani,vistArakani,vistārakani,ʋɪs̪t̪ɑːɾəkən̪ɪ,elaborately,விரிவாக,Adverbs,words
ꢨꢶꢱ꣄ꢱꢒ,बिस्सक,பி3ஸ்ஸக,bissaka,bissaka,bissaka,bɪs̪s̪əkə,"fast, rapidly",விரைவாக,Adverbs,words
ꢄꢮꢬ꣄ꢒꢥꢶ ꢮꢶꢮꢬ꣄ꢒꢥꢶ,इवर्कनि विवर्कनि,இவர்கனி,ivarkani vivarkani,ivarkani vivarkani,ivarkani vivarkani,ɪʋəɾkən̪ɪ ʋɪʋəɾkən̪ɪ,in detail,விவரமாக,Adverbs,words
ꢡꢾꢒꢲꢵꢭ꣄ ꢡꢾꢭ꣄ꢫꢒꢲꢵꢭ꣄,त॑कहालु त॑ल्यकहाल,தெகஹால்,te'kahaal te'lyakahaal,tEkahAl tElyakahAl,tĕkahāl tĕlyakahāl,t̪ekəɦɑːl t̪eljəkəɦɑːl,hence,விளைவாக,Adverbs,words
ꢮꢶꢫꢬ꣄ꢤꢒꢥꢶ,वियर्धकनि,வியர்த4கனி,viyardhakani,viyardhakani,viyardhakani,ʋɪjəɾd̪ʰəkən̪ɪ,"wastely, vainly",வீணாக,Adverbs,words
ꢓꢿꢭ꣄ꢒꢥꢶ,खेल्कनि,கே2ள்கனி,khelkani,khelkani,khelkani,kʰeːlkən̪ɪ,vauntingly,வீம்பாக,Adverbs,words
ꢦꢬꢵꢒ꣄ꢬꢪꢒꢥꢶ,पराक्रमकनि,பராக்ரமகனி,paraakramakani,parAkramakani,parākramakani,pəɾɑːkɾəməkən̪ɪ,valiantly,வீரதீரமாக,Adverbs,words
ꢤꣀꢬ꣄ꢫꢸꢒꢥꢶ,धैर्युकनि,தை4ர்யுகனி,dhairyukani,dhairyukani,dhairyukani,d̪ʰəɪɾjukən̪ɪ,bravely,வீரமாக,Adverbs,words
ꢨꢥ꣄ꢣꢵꢒꢥꢶ ꢃꢡ꣄ꢪꢯ꣄ꢭꢵꢕꢒꢥꢶ,बन्दाकनि आत्मश्लाघ्नकनि,ப3ந்தா3கனி,bandaakani aatmashlaaghakani,bandAkani AtmazlAghakani,bandākani ātmaślāghakani,bən̪d̪ɑːkən̪ɪ ɑːt̪məʃlɑːgʰəkən̪ɪ,Self praising,வீராப்பாக,Adverbs,words
ꢂꢮꢪꢵꢥ꣄ꢒ,अवमान्क,அவமான்க,avamaanka,avamAnka,avamānka,əʋəmɑːn̪kə,shamelessly,வெட்கக்கோடாக,Adverbs,words
ꢂꢭꢔ꣄ꢔ ꢂꢭꢔ꣄ꢔ ꢣꢸꢱ꣄ꢬ ꢱꢸꢱ꣄ꢬꢫꢒꢥꢶ,अलग्ग अलग्ग दुस्र तुस्रयकनि,அலக்3க3 அலக்3க3,alagga alagga dusra susrayakani,alagga alagga dusra susrayakani,alagga alagga dusra susrayakani,ələggə ələggə d̪us̪ɾə s̪us̪ɾəjəkən̪ɪ,separately,வெவ்வேறாக,Adverbs,words
ꢲꢸꢙꢵꢭ꣄ꢒꢥꢶ,हुजाल्कनि,ஹுஜாள்கனி,hujaalkani,hujAlkani,hujālkani,ɦud͡ʒɑːlkən̪ɪ,brightly,வெளிச்சமாக,Adverbs,words
ꢪꣁꢥ꣄ꢥꢸ ꢙꢥ꣄ꢡꣁ,मा॑न्नु जन्ता॑,மொன்னு ஜந்தொ,mo'nnu janto',mOnnu jantO,mŏnnu jantŏ,mon̪n̪u d͡ʒən̪t̪o,openly,வெளிப்படையாக,Adverbs,words
ꢩꢬꢵꢜ꣄,भराट्,ப4ராட்,bharaat',bharAT,bharāṭ,bʰəɾɑːʈ,"out, away",வெளியே,Adverbs,words
ꢙꢷꢔꢶꢭꢶ,जीगिलि,ஜிகி3லி,jeegili,jIgili,jīgili,d͡ʒiːgɪlɪ,successfully,வெற்றிக்கரமாக,Adverbs,words
ꢓꢭꢶꢒꢥꢶ ꢬꢶꢒ꣄ꢡꢒꢥꢶ,खलिकनि रिक्तकनि,க2லிகனி,khalikani riktakani,khalikani riktakani,khalikani riktakani,kʰəlɪkən̪ɪ ɾɪkt̪əkən̪ɪ,barely,வெறுமையாக,Adverbs,words
ꢨꢶꢱ꣄ꢱꣁ,बिस्सा॑,பி3ஸ்ஸொ,bisso',bissO,bissŏ,bɪs̪s̪o,quickly,வேகமாக,Adverbs,words
ꢮꢾꢞꢶꢒ꣄ꢒꢥ꣄,व॑डिक्कन्,வெடி3க்கனி,ve'd'ikkan,vEDikkan,vĕḍikkan,ʋeɖɪkkən̪,funnily,வேடிக்கையாக,Adverbs,words
ꢂꢭꢔ꣄ꢔ,अलग्ग,அலக்3க3,alagga,alagga,alagga,ələggə,aloof,வேறாக,Adverbs,words
ꢡꢸꢱ꣄ꢬꢤꢵꢥꢸ,तुस्रधानु,துஸ்ரதா4னு,tusradhaanu,tusradhAnu,tusradhānu,t̪us̪ɾəd̪ʰɑːn̪u,otherwise,வேறுவகையாக,Adverbs,words
ꢮꢾꢒꢸꢭꢮꢾꢒꢸꢭꢒꢥꢶ,व॑कुलव॑कुलकनि,வெகுளவெகுளகனி,ve'kulave'kulakani,vEkulavEkulakani,vĕkulavĕkulakani,ʋekuləʋekuləkən̪ɪ,differently,வேறுவேறாக,Adverbs,words
ꢮꣀꢬꢵꢔꢫꢸꢒꢥꢶ꣄,वैराग्युकनि,வைராக்3யுகனி,vairaagayukani,vairAgayukani,vairāgayukani,ʋəɪɾɑːgəjukən̪ɪ,stubbornly,வைராக்கியமாக,Adverbs,words
ꢂꢮ꣄ꢒꣁ,हव्का॑,ஹவ்கொ,avko',avkO,avkŏ,əʋko,laddle,அகப்பை,Kitchen,words
ꢩꢮ꣄ꢥꢱ꣄,भव्नस्,ப4வ்னஸ்,bhavnas,bhavnas,bhavnas,bʰəʋn̪əs̪,kitchen,அடுக்களை,Kitchen,words
ꢩꢮ꣄ꢥꢱ꣄,भव्नस्,ப4வ்னஸ்,bhavnas,bhavnas,bhavnas,bʰəʋn̪əs̪,hearth,அடுப்பங்கரை,Kitchen,words
ꢗꢸꢭ꣄ꢭꣁ,चुल्ला॑,சுல்லொ,chullo',cullO,cullŏ,t͡ʃullo,oven,அடுப்பு,Kitchen,words
ꢚꢫ꣄ꢥꣁ,झय्ना॑,ஜ2ய்னொ,jhayno',jhaynO,jhaynŏ,d͡ʒʰəjn̪o,lid,அடைப்பு,Kitchen,words
ꢂꢠ꣄ꢞꣁ,हण्डा॑,ஹண்டொ3,and'o',aNDO,aṇḍŏ,əɳɖo,big copper vessel for storing water,அண்டா,Kitchen,words
ꢂꢦ꣄ꢦꢸꢞꢵꢭꢸ ꢣꢾꢫ꣄ꢞꣁ,अप्पुडालु द॑य्डा॑,அப்புடா3லு தெ3ய்டொ3,appud'aalu de'yd'o',appuDAlu dEyDO,appuḍālu dĕyḍŏ,əppuɖɑːlu d̪ejɖo,a stone or wooden plank to prepare papad,அப்பளக் கல்,Kitchen,words
ꢂꢦ꣄ꢦꢸꢞꢵꢭꢸ ꢒꢾꢜ꣄ꢜꢾ,अप्पुडालु क॑ट्ट॑,அப்புடா3லு கெட்டெ,appud'aalu ke't't'e',appuDAlu kETTE,appuḍālu kĕṭṭĕ,əppuɖɑːlu keʈʈe,a rolar to prepare papad,அப்பளக் குழவி,Kitchen,words
ꢦꢜꣁ,पटा॑,படொ,pat'o',paTO,paṭŏ,pəʈo,crushing stone,அம்மி,Kitchen,words
ꢮꢳꢶ,विळि,விளி,val'i,vaLi,val̤i,ʋəɭɪ,a vertical knife to cut vegetables,அரிவாள் மணை,Kitchen,words
ꢲꣁꢔꢭ꣄,होगल्,ஹொக3ள்,ho'gal,hOgal,hŏgal,ɦogəl,grinding stone,ஆட்டுக்கல்,Kitchen,words
ꢧꢭꢵꢬꢸ ꢲꢠ꣄ꢞꣁ,फलारु हण्डा॑,ப2லாரு ஹண்டொ3,phalaaru hand'o',phalAru haNDO,phalāru haṇḍŏ,pʰəlɑːɾu ɦəɳɖo,a vessal toprepare idli,"இட்டலிக் குட்டுவம், கொப்பறை",Kitchen,words
ꢧꢭꢵꢬꢸ ꢡꢾꢜ꣄ꢜꣁ,फलारु त॑ट्टा॑,ப2லாருதெட்டொ,phalaaru te't't'o',phalAru tETTO,phalāru tĕṭṭŏ,pʰəlɑːɾu t̪eʈʈo,a plate like vessal to prepare idli,இட்டலித் தட்டு,Kitchen,words
ꢭꢴꣁꢒꢠꢸ ꢦꣁꢳꣁ,ल्हा॑गणु पा॑ळा॑,லொ:க3ணு பொளொ,lho'kanu po'l'o',lhOkaNu pOLO,lhŏkaṇu pŏl̤ŏ,lɦokəɳu poɭo,iron laddle,இரும்புக் கரண்டி,Kitchen,words
ꢭꢴꣁꢒꢠꢸ ꢪꢸꢱꢳ꣄,ल्हा॑गणुमुसळ्,லொ:க3ணுமுஸள்,lho'kanu musal',lhOkaNu musaL,lhŏkaṇu musal̤,lɦokəɳu mus̪əɭ,iron pestle,இரும்புலக்கை,Kitchen,words
ꢪꢸꢗꢭ꣄,मुचल्,முஸள்,muchal,mucal,mucal,mut͡ʃəl,pestle,உலக்கை,Kitchen,words
ꢱꢶꢒꣁ,सिका॑,ஸிகொ,siko',sikO,sikŏ,s̪ɪko,pot hanger,உறி,Kitchen,words
ꢮꢶꢱ꣄ꢡꢮ꣄,विस्तव्,விஸ்தவ்,vistav,vistav,vistav,ʋɪs̪t̪əʋ,cinder,கங்கு,Kitchen,words
ꢦꣁꢳꣁ,पा॑ळा॑,பொளொ,po'l'o',pOLO,pŏl̤ŏ,poɭo,Sieve laddle,கண் அகப்பை,Kitchen,words
ꢦꢸꢜ꣄ꢜꢭ꣄ꢭꢸ ꢲꢮ꣄ꢒꣁ,पुट्टल्लु हव्का॑,புட்டலு ஹவ்கொ,put't'allu havko',puTTallu havkO,puṭṭallu havkŏ,puʈʈəllu ɦəʋko,sieve laddle,கண்ணுக்கரண்டி,Kitchen,words
ꢂꢥꢭ꣄,अनल्,அனல்,anal,anal,anal,ən̪əl,cinder,கணல்,Kitchen,words
ꢦꣁꢳꢶ,पा॑ळि,பொளி,po'l'i,pOLi,pŏl̤i,poɭɪ,spoon,கரண்டி,Kitchen,words
ꢓꣁꢳ꣄꣄ꢗꢾ,खा॑ळ्च॑,கொ2ள்செ,kho'l'che',khOLcE,khŏl̤cĕ,kʰoɭt͡ʃe,soot,கரி,Kitchen,words
ꢡꣁꢮ꣄ꢭꢶ,ता॑व्लि,தொவ்லி,to'vli,tOvli,tŏvli,t̪oʋlɪ,earthern pot,கலம்,Kitchen,words
ꢣꢾꢔꢸꢞꢵ ꢲꢠ꣄ꢞꢶ,द॑गुडा हण्डि,தெ3கு3டா3 ஹண்டி3,de'gud'aa hand'i,dEguDA haNDi,dĕguḍā haṇḍi,d̪eguɖɑː ɦəɳɖɪ,stone pot,கற்சட்டி,Kitchen,words
ꢒꣀꢭꢒꢾꢱꢸꢬꢸ ꢓꣁꢮ꣄ꢞꢶ,कैलक॑सुरु खोव्डि,கைலகெஸுரு கொ2வ்டி3,kailake'suru kho'vd'i,kailakEsuru khOvDi,kailakĕsuru khŏvḍi,kəɪləkes̪uɾu kʰoʋɖɪ,vegetable basket,காய்கறித் தட்டு,Kitchen,words
ꢦꢶꢖ꣄ꢔꢠꢶ,पिङगणि,பிங்க3ணி,pingani,piGgaNi,piṅgaṇi,pɪŋgəɳɪ,a bowl,கிண்ணம்,Kitchen,words
ꢡꢪ꣄ꢨꢸꢬꢪꢸ ꢩꣁꢥ꣄ꢥꣁ,तम्बुरमु भा॑न्ना॑,தம்பு3ரமு பொ4ன்னொ,tamburamu bho'nno',tamburamu bhOnnO,tamburamu bhŏnnŏ,t̪əmbuɾəmu bʰon̪n̪o,a copper vessal for storing water,தாமிர பானை,Kitchen,words
ꢓꣁꢭ꣄ꢗꢵꢗꢸꢭ꣄ꢭꣁ,खोल्चा चुल्ला॑,கொ2ள்சாசுல்லொ,kho'lchaachullo',khOlcAcullO,khŏlcācullŏ,kʰolt͡ʃɑːt͡ʃullo,side oven,கொடியடுப்பு,Kitchen,words
ꢒꣁꢜ꣄ꢦꣀ ꢗꢸꢭ꣄ꢭꣁ,का॑ट्पै चुल्ला॑,கொட்பை சுல்லொ,ko't'pai chullo',kOTpai cullO,kŏṭpai cullŏ,koʈpəɪ t͡ʃullo,side oven,கொடியடுப்பு,Kitchen,words
ꢒꣀꢔꢶ,गैटि,கை3டி3,kaigi,kaigi,kaigi,kəɪgɪ,a vessel,சட்டி,Kitchen,words
ꢤꢶꢞ ꢲꢵꢡ꣄,धिडा हात,தி4டா3ஹாத்,dhid'a haat,dhiDa hAt,dhiḍa hāt,d̪ʰɪɖə ɦɑːt̪,dosai laddle,தோசைக்கரண்டி,Kitchen,words
ꢣꢾꢱꢾ,द॑स॑,தெ3ஸெ,de'se',dEsE,dĕsĕ,d̪es̪e,a metal vessel,சருவம்,Kitchen,words
ꢙꢾꢭ꣄ꢭꢜ꣄,ज॑ल्लट्,ஜெல்லட்,je'llat',jEllaT,jĕllaṭ,d͡ʒelləʈ,sieve,சல்லடை,Kitchen,words
ꢥꢭꢾꢬ꣄ ꢗꢶꢦ꣄ꢦꣁ,नळ॑र्चिप्पा॑,நளெர் சிப்பொ,nale'r chippo',nalEr cippO,nalĕr cippŏ,n̪əleɾ t͡ʃɪppo,Coconut shell,சிரட்டை,Kitchen,words
ꢗꢶꢦ꣄ꢦꣁ ꢲꢮ꣄ꢒꣁ,चिप्पा हव्का॑,சிப்பா ஹவ்கொ,chippo' havko',cippO havkO,cippŏ havkŏ,t͡ʃɪppo ɦəʋko,a laddle made of coconut shell,சிரட்டையகப்பை,Kitchen,words
ꢩꢸꢛ꣄ꢙꢸꢥꢵ ꢲꢠ꣄ꢞꢶ,भुञ्जुना हण्डि,பு4ஞ்ஜுனாஹண்டி3,bhunjunaa hand'i,bhuJjunA haNDi,bhuñjunā haṇḍi,bʰuɲd͡ʒun̪ɑː ɦəɳɖɪ,frying pan,சீனிச்சட்டி,Kitchen,words
ꢱꢸꢞꣁ,सुडा॑,ஸுடொ3,sud'o',suDO,suḍŏ,s̪uɖo,"winnow,",சுளகு /முறம்,Kitchen,words
ꢱꢸꢦ꣄ꢞꣁ,सुप्डा॑,ஸுப்டொ3,supd'o',supDO,supḍŏ,s̪upɖo,"winnow,",சுளகு /முறம்,Kitchen,words
ꢩꢖ꣄ꢔꢸꢞꢮ꣄,फङ्गुडाव,ப2ங்கு3டா3வ்,bhangud'av,bhaGguDav,bhaṅguḍav,bʰəŋguɖəʋ,"winnow,",சுளகு /முறம்,Kitchen,words
ꢜꢦ꣄ꢦꣁ,टप्पा॑,ட3ப்பொ,t'appo',TappO,ṭappŏ,ʈəppo,"tin,",டப்பா,Kitchen,words
ꢡꢾꢜ꣄ꢜꣁ,त॑ट्टा॑,தெட்டொ,te't't'o',tETTO,tĕṭṭŏ,t̪eʈʈo,plate,தட்டம் / தட்டு,Kitchen,words
ꢲꢬ꣄ꢮꢶ,हर्वि,ஹர்வி,harvi,harvi,harvi,ɦəɾʋɪ,plate,தட்டம் / தட்டு,Kitchen,words
ꢒꣁꢜꢸꢪ꣄,का॑टुम्,கொடு3ம்,ko't'um,kOTum,kŏṭum,koʈum,,,Kitchen,words
ꢗꢒꢶ,चकि,சகி,chaki,caki,caki,t͡ʃəkɪ,dry grinder,திரிகைக் கல்,Kitchen,words
ꢲꢸꢳꣁ,हुळा॑,ஹுளொ,hul'o',huLO,hul̤ŏ,ɦuɭo,fire,தீ,Kitchen,words
ꢮꢶꢱ꣄ꢡꢮ꣄,विस्तव,விஸ்தவ்,vistav,vistav,vistav,ʋɪs̪t̪əʋ,fire,தீ,Kitchen,words
ꢮꢶꢖ꣄ꢒꢳ꣄,विङ्कळ,விங்கள்,vinkal',viGkaL,viṅkal̤,ʋɪŋkəɭ,fire,தீ,Kitchen,words
ꢡꢶꢮꢵꢦꢾꢜꢶ,तिवाप॑टि,தி3வாபெடி,tivaape't'i,tivApETi,tivāpĕṭi,t̪ɪʋɑːpeʈɪ,match box,தீப்பெட்டி,Kitchen,words
ꢗꢸꢳꢸꢥ꣄ꢣꢸ,चुळुन्दु,சுளுந்து3,chul'undu,cuLundu,cul̤undu,t͡ʃuɭun̪d̪u,spark of fire,தீப்பொறி,Kitchen,words
ꢪꣁꢡ꣄ꢡꢸ,मा॑त्तु,மொத்து,mo'ttu,mOttu,mŏttu,mot̪t̪u,wooden pestle for stiring,மத்து,Kitchen,words
ꢥꢬꢳꢸ ꢡꢸꢬ꣄ꢒꣁ,नरळु तुर्का॑,நரளுதுர்கொ,naral'u turko',naraLu turkO,naral̤u turkŏ,n̪əɾəɭu t̪uɾko,coconut grater,தேங்காய்த் துருவி,Kitchen,words
ꢤꢶꢞꢵ ꢲꢠ꣄ꢞꢶ,धिडा हण्डि,தி4டா3ஹண்டி3,dhid'aa hand'i,dhiDA haNDi,dhiḍā haṇḍi,d̪ʰɪɖɑː ɦəɳɖɪ,pan to make dosa,தோசைக்கல்,Kitchen,words
ꢦꢥꢶ ꢮꢵꢦ꣄,पनिवाप्,பனிவாப்,pani vaap,pani vAp,pani vāp,pən̪ɪ ʋɑːp,"steam,",நீராவி,Kitchen,words
ꢒꢸꢳꢶ ꢲꢠ꣄ꢞꢶ,कुळि हण्डि,குளி ஹண்டி3,kul'i hand'i,kuLi haNDi,kul̤i haṇḍi,kuɭɪ ɦəɳɖɪ,an iron pan to prepare a tiffin,பணியாரச் சட்டி,Kitchen,words
ꢩꣁꢬꢠꢶ,भा॑रणि,பொ4ரணி,bho'rani,bhOraNi,bhŏraṇi,bʰoɾəɳɪ,jar,பரணி,Kitchen,words
ꢦꣁꢳꢳꢵ ꢧꢸꢜ꣄ꢒꢶ,पा॑ळ्ळा फुट्कि,பொள்ளாபு2ட்கி,po'l'al'aa phut'ki,pOLaLA phuTki,pŏl̤al̤ā phuṭki,poɭəɭɑː pʰuʈkɪ,fruit basket,பழக்கூடை,Kitchen,words
ꢦꢵꢡ꣄ꢬꣁ,पात्रा॑,பாத்ரொ,paatro',pAtrO,pātrŏ,pɑːt̪ɾo,vessel,பாத்திரம்,Kitchen,words
ꢤꢹꢪ꣄,धूम्,தூ4ம்,dhoom,dhUm,dhūm,d̪ʰuːm,smoke,புகை,Kitchen,words
ꢭꢪ꣄ꢨꢸ ꢦꢸꢜ꣄ꢜꢶ,लम्बु पुट्टु,லம்பு3 புட்டு,lambu put't'i,lambu puTTi,lambu puṭṭi,ləmbu puʈʈɪ,vessel for making puttu,புட்டுக்குழல்,Kitchen,words
ꢘꢸꢬꢶ,छुरि,சு2ரி,chhuri,churi,churi,t͡ʃʰuɾɪ,pen knife,பேனாக் கத்தி,Kitchen,words
ꢔꢸꢱꢸꢭꢡ꣄ꢡꢾ ꢪꣁꢡ꣄ꢡꢸ,गुसुलत्त॑ मा॑त्तु,கு3சுலத்தெ மொத்து,gusulatte' mo'ttu,gusulattE mOttu,gusulattĕ mŏttu,gus̪ulət̪t̪e mot̪t̪u,Churning rod,மத்து,Kitchen,words
ꢒꢾꢜ꣄ꢜꢾ ꢦꢵꢡ꣄ꢬꣁ,क॑ट्ट॑ पात्रा॑,கெட்டெ பாத்ரொ,ke't't'e' paatro',kETTE pAtrO,kĕṭṭĕ pātrŏ,keʈʈe pɑːt̪ɾo,wooden vessel,மரவை,Kitchen,words
ꢡꢾꢥ꣄ꢡꢸꢭꢵ ꢦꢶꢳ꣄ꢥꢵꢮ꣄,त॑न्तुला पिळ्नाव्,தெந்துலா பிள்னாவ்,te'ntulaa pil'naav,tEntulA piLnAv,tĕntulā pil̤nāv,t̪en̪t̪ulɑː pɪɭn̪ɑːʋ,a vessel for preparing murukku,முறுக்கு உழக்கு,Kitchen,words
ꢙꢒꢸꢥꣁ,जकुना॑,ஜகுனொ,jakuno',jakunO,jakunŏ,d͡ʒəkun̪o,lid,மூடி,Kitchen,words
ꢦꢾꢭꣁ,पा॑ला॑,பெலொ,pe'lo',pElO,pĕlŏ,pelo,tumbler,டம்ளர்,Kitchen,words
ꢨꣂꢥꢶ,बोनि,போ3னி,boni,boni,boni,boːn̪ɪ,tumbler,டம்ளர்,Kitchen,words
ꢙꢾꢭ꣄ꢭꢜ꣄,ज॑ल्लट,ஜெல்லட்,je'llat',jEllaT,jĕllaṭ,d͡ʒelləʈ,strainer,வடிகட்டி,Kitchen,words
ꢩꢸꢛ꣄ꢗꢸꢥꢵ ꢲꢠ꣄ꢜꢶ,भुञ्चुनाहण्टि,பு4ஞ்ஜுனாஹண்டி3,bhunchunaa hant'i,bhuJcunA haNTi,bhuñcunā haṇṭi,bʰuɲt͡ʃun̪ɑː ɦəɳʈɪ,frying pan,வடைச்சட்டி,Kitchen,words
ꢮꢵꢬ꣄ꢦꢸꢠ꣄ꢜꢶ,वार्पुण्टि,வார் புண்டி3,vaarpunt'i,vArpuNTi,vārpuṇṭi,ʋɑːɾpuɳʈɪ,A big vessel,வார்ப்பு,Kitchen,words
ꢭꣀꢒꢸꢜꣁ,लैकुटा॑,லைகுடொ,laikut'o',laikuTO,laikuṭŏ,ləɪkuʈo,firewood,விறகு,Kitchen,words
ꢗꢾꢒ꣄ꢒꢠꢶ,च॑क्कणि,செக்கணி,che'kkani,cEkkaNi,cĕkkaṇi,t͡ʃekkəɳɪ,a big knife,வெட்டுக் கத்தி,Kitchen,words
ꢒꢗꢵ ꢦꢵꢡ꣄ꢬꣁ,कसापात्रा॑,கஸாபாத்ரொ,kachaa paatro',kacA pAtrO,kacā pātrŏ,kət͡ʃɑː pɑːt̪ɾo,a bronze vessal,வெண்கல பாத்திரம்,Kitchen,words
ꢮꢶꢭꢵꢱ꣄,विलास्,விலாஸ்,vilaas,vilAs,vilās,ʋɪlɑːs̪,width,அகலம்,Sizes-and-Shapes,words
ꢬꢸꢥ꣄ꢣꢶ,रुन्दि,ருந்தி3,rundi,rundi,rundi,ɾun̪d̪ɪ,width,அகலம்,Sizes-and-Shapes,words
ꢃꢒꢵꢬ꣄,आकार्,ஆகார்,aakaar,AkAr,ākār,ɑːkɑːɾ,size/ structure,அமைப்பு,Sizes-and-Shapes,words
ꢲꢡ꣄ꢡꢸ ꢮꢬ꣄ꢡꢸꢭꣁ,हत्तुवर्दुला॑,ஹத்துவர்துலொ,hattu vartulo',hattu vartulO,hattu vartulŏ,ɦət̪t̪u ʋəɾt̪ulo,hemisphere,அரைவட்டம்,Sizes-and-Shapes,words
ꢱꢪꢵꢥ꣄ꢡꢬꢸ ꢬꢾꢓꢵꢥ꣄,समान्तरु रेखान,ஸமாந்தரு ரேகா2ன்,samaantaru re'khaan,samAntaru rEkhAn,samāntaru rĕkhān,s̪əmɑːn̪t̪əɾu ɾekʰɑːn̪,parallel lines,இணைக்கோடுகள்,Sizes-and-Shapes,words
ꢆꢖ꣄ꢗꣁ,उञ्चा॑,உஞ்சொ,ungcho',uGcO,uṅcŏ,uŋt͡ʃo,height,உயரம்,Sizes-and-Shapes,words
ꢔꣁꢳ꣄,गोळ,கோ3ள்,go'l',gOL,gŏl̤,goɭ,"globe, round",உருண்டை,Sizes-and-Shapes,words
ꢤꢸꢬꢸꢳ꣄,धुरुळ,து4ருள்,dhurul',dhuruL,dhurul̤,d̪ʰuɾuɭ,cylinder,உருளை,Sizes-and-Shapes,words
ꢩꢵꢬ꣄,भार्,பா4ர்,bhaar,bhAr,bhār,bʰɑːɾ,weight,எடை,Sizes-and-Shapes,words
ꢩꣁꢬꢠ,भा॑रण,பொ4ரண்,bho'rana,bhOraNa,bhŏraṇa,bʰoɾəɳə,volume,கன அளவு,Sizes-and-Shapes,words
ꢕꢥꢵꢒꢵꢬ꣄,घनाकार,க4னாகார்,ghanaakaar,ghanAkAr,ghanākār,gʰən̪ɑːkɑːɾ,cube,கன சதுரம்,Sizes-and-Shapes,words
ꢦꢵꢄ~ ꢦꢬꢶꢤꢶ,पाइ~ परिधि,பாஇ~ பரிதி4,paai~ paridhi,pAi~ paridhi,pāi~ paridhi,pɑːɪ~ pəɾɪd̪ʰɪ,Quadrant,கால்வட்டம்,Sizes-and-Shapes,words
ꢒꢸꢳ꣄ꢳꣁ,कुळ्ळा॑,குள்ளொ,kul'l'o',kuLLO,kul̤l̤ŏ,kuɭɭo,short,குட்டை,Sizes-and-Shapes,words
ꢒꢬ꣄ꢠꣁ,कर्णा॑,கர்ணொ,karno',karNO,karṇŏ,kəɾɳo,diameter,குறுக்களவு,Sizes-and-Shapes,words
ꢯꢖ꣄ꢒꢸ,शङ्कु,ஶங்கு,shanku,zaGku,śaṅku,ʃəŋku,cone,கூம்பு,Sizes-and-Shapes,words
ꢔꣂꢭ꣄,गोल,கோ3ள்,gol,gol,gol,goːl,sphere,கோளம்,Sizes-and-Shapes,words
ꢗꢡꢸꢬ꣄,चतुर,சதுர்,chatur,catur,catur,t͡ʃət̪uɾ,square,சதுரம்,Sizes-and-Shapes,words
ꢗꢪꢗꢡꢸꢬ꣄,चमचतुर,ஸமசதுர்,chamachatur,camacatur,camacatur,t͡ʃəmət͡ʃət̪uɾ,cube,சமசதுரம்,Sizes-and-Shapes,words
ꢡꢶꢬ꣄ꢫꢒ꣄ ꢃꢒꢵꢬ꣄,तिर्यक आकार,திர்யக் ஆகார்,tiryak aakaar,tiryak AkAr,tiryak ākār,t̪ɪɾjək ɑːkɑːɾ,slant,சாய்வு,Sizes-and-Shapes,words
ꢃꢫꢡ ꢃꢒꢵꢬ꣄,आयत आकार,ஆயத ஆகார்,aayata aakaar,Ayata AkAr,āyata ākār,ɑːjət̪ə ɑːkɑːɾ,rectangle,செவ்வகம்,Sizes-and-Shapes,words
ꢭꢾꢪ꣄ꢨꣁ,लम्बा॑,லம்பொ3,le'mbo',lEmbO,lĕmbŏ,lembo,length,நீளம்,Sizes-and-Shapes,words
ꢭꢵꢪ꣄,लाम,லாம்,laam,lAm,lām,lɑːm,length,நீளம்,Sizes-and-Shapes,words
ꢒꢺꢬꢸꢔ ꢗꢵꢫꢡ꣄,कृग चायत,க்ருகசாயத்,kri'ruga chaayat,kRruga cAyat,kṛruga cāyat,kɾɨɾugə t͡ʃɑːjət̪,prism,பட்டகம்,Sizes-and-Shapes,words
ꢦꢶꢬꢶꢪꢵꢠ꣄,पिरिमाण्,பரிமாண்,pirimaan,pirimAN,pirimāṇ,pɪɾɪmɑːɳ,dimension,பரிமாணம்,Sizes-and-Shapes,words
ꢣꢾꢳ꣄,देळ,தே3ள்,de'l',dEL,dĕl̤,d̪eɭ,stoutness,பருமன்,Sizes-and-Shapes,words
ꢢꢷꢥ꣄ꢒꣂꢥꢸꢭ꣄ꢡ꣄ꢬꢶꢒꣂꢠ꣄,थीन्कोनुल्त्रिकोण,தீ2ன்கோணுல்,theenkonultrikon,thInkonultrikoN,thīnkonultrikoṇ,t̪ʰiːn̪koːn̪ult̪ɾɪkoːɳ,triangle,முக்கோணம்,Sizes-and-Shapes,words
ꢂꢠ꣄ꢜꢵꢒꢵꢬ꣄,अण्टाकार्,அண்டாகார்,ant'aakaar,aNTAkAr,aṇṭākār,əɳʈɑːkɑːɾ,oval shape,முட்டைவடிவம்,Sizes-and-Shapes,words
ꢃꢒꢵꢬ꣄,आकार्,ரூப்,aakaar,AkAr,ākār,ɑːkɑːɾ,shape,வடிவம்,Sizes-and-Shapes,words
