example_sentence_sourashtra,example_sentence_english,example_sentence_tamil
ருச்சின் ஸோயொ ஸே,There are six flavors,ஆறு சுவைகள் உள்ளன
பு4க்லாகு ருச்சி பாகுன் களானா,One who is hungry does not know taste,பசியோடு இருப்பவருக்கு சுவை தெரியாது
கி4ராஸு பொள்ளா வேன் ருச்சி ஹொயெ பொள்ளா,Pineapple is a very tasty fruit,அன்னாசிப்பழம் மிகவும் சுவையான பழம்
சீஸு ருச்சி அம்ப3டு3,The taste of tamarind is sour,புளியின் சுவை புளிப்பு
ஹப்பளு ருச்சி கஸ்னி ஹோஸு,The taste of Arica nut is astringent,கொட்டைப்பாக்கின் சுவை துவர்ப்பு ஆகும்
சிஞ்ஜிரி பு4ர்கா ருச்சி புஷ்ளொ ஹோஸு,The taste of tamarind seed powder is also astringent,புளியங்கொட்டை பொடியின் சுவை துவர்ப்பு ஆகும்
ஹக்3கு3னொ ப3ரொ கெரத்திஸா ஶக்தி ஒகு3ர் ருச்சிக் ஸேத்தெ,The astringent taste has the power to correct diarrhea,வயிற்றுப் போக்கை சரி செய்யும் ஆற்றல் துவர்ப்புச் சுவைக்கு உண்டு
பொ2ன்னிஸு பொள்ளா ருச்சி கு3ள்ளெ ஹோஸு,The taste of jackfruit is sweet,பலாப்பழத்தின் சுவை இனிப்பு ஆகும்
பொ3ந்தெ3ம் கெ2ருட் ருச்சி வேன் ஸே,Plantain Stem are rich in salty taste,வாழைத் தண்டில் உவர்ப்புச் சுவை மிகுதியாக உள்ளது
கல்லா ருச்சி கொடு3கன் ர்ஹாயி,The taste of bitter gourd is bitter,பாகற்காயின் சுவை கசப்பாக இருக்கும்
வேன் திக்கெ அந்த்ராம் க2ஜ்ஜு அவத்தக் ஹேது ஹோயி,Excess pungent is the cause of intestinal ulcers,அதிகப்படியான காரம் குடல் புண்கள் தோன்ற காரணம் ஆகும்
மிர்க்கய்லொகின் அல்லொ கா2ர்கன் ஸே,Chili and ginger have a spicy taste,மிளகாய் மற்றும் இஞ்சி காரமான சுவை கொண்டது
எல்லீரும் பனி கொம்மன் ருச்சிகன் ர்ஹாயி,The tender coconut has a mild unfermented taste,இளநீரின் சுவை இளஞ்சுவையாக இருக்கும்
லொனி நஜ்ஜியெத் கெனர் வஸுனொ அவயி,Rancid is the odor of spoiled butter,வெண்ணெய் கெட்டுப் போனால் காரல் வாசனை வரும்
கெட்டு பிள்சார் திச்சன் ஹொதெ3ஸ்,The Indian lentle soup was tasteless,பருப்பு ரசம் சுவையற்று இருந்தது
"ஒடு3வம் 5, 7, 9 ந்ஹீஜியெத் 11 ஒர்ஸும் கெரஸுன்","Upanayanam is done at the age of 5, 7, 9 or 11 years","உபநயனம் 5, 7, 9 அல்லது 11 வயதில் செய்யப்படுகிறது"
"ப4வள்னு, க்ஷத்ரியர்னு அங்கு3 வைஸ்யர்னு ஜெஞ்ஜெம் க4ல்லஸுன்","Jenjam is worn by Brahmins, Kshatriyas and Vaisya","பிராமணர்கள், க்ஷத்திரியர்கள் மற்றும் வைசியர்கள் பூணூல் அணிவார்கள்"
ஸௌணால் தி3 ஜெஞ்ஜெம் மர்ச்சிலி வேது3ன் அப்4யாஸ் கெர்னொ,"On Avani Avittam, Jenjem should be renewed and Veda should be practiced",ஆவணி அவிட்டம் அன்று பூணூல் புதுப்பித்து வேதம் பயில வேண்டும்
தெனொ தொரெ ப்ராமொபெ3ட்கியா?,Is she your girlfriend?,அவள் உன் காதலியா?
தெனொ அபுல் ப்ராமொபெ3ட்3காக் ஹொராட்3 கெர்லிஸ்,She married her lover boy,அவள் தன் காதலனை மணந்தாள்
தெனொ மொரெ ப்ரேமி,She is my lover,அவள் என் காதலி
தெ2வ்டெ3தெனு ஜர்கெம் பான் ஸானாத்தக் ஹொராட்3 கெர்லஸுன்,Some people get married without looking at horoscopes,சிலர் ஜாதகம் பார்க்காமல் திருமணம் செய்து கொள்கின்றனர்
பெ3ட்கா பெ3ட்கி பான் செர்ச்சி ஸா,Match horoscopes of boy and girl,பையன் மற்றும் பெண்ணின் ஜாதகங்களைப் பொருத்தவும்
பான் செர்ர்ஹியெத் ஹொராட்3 கெர்லுவாய்,"If the horoscopes are compatible, they can marry",ஜாதகம் பொருத்தமாக இருந்தால் திருமணம் செய்து கொள்ளலாம்
எல்லெ தீ3 பானுன் செர்னி ந்ஹீனாத்தெயொ,Both these horoscopes are incompatible,இந்த இரண்டு ஜாதகங்களும் பொருத்தமற்றவை
எல்லெ தீ3 பானுன் செரய்,Both these horoscopes are compatible,இந்த இரண்டு ஜாதகங்களும் பொருந்தும்
எல்லெ தீ3 பானுன் செர்னா,These two horoscopes are incompatible,"இந்த இரண்டு ஜாதகங்களும் பொருந்தாது,"
எல்லெ செரத்திஸா பானுன்,These are compatible horoscopes,இவை பொருந்தக்கூடிய ஜாதகங்கள்
எல்லெ செர்னாத்திஸா பானுன்,These are incompatible horoscopes,இவை பொருந்தாத ஜாதகங்கள்
கொனக்கி தெல்லெ பெ3ட்காக் பெ3ட்கி நிகு3 கெர்த்தியா,Somehow they finalised the girl for the boy,எப்படியோ அந்த பையனுக்கு பெண்ணை முடிவு செய்துவிட்டார்கள்
கெ4ட்டிவிடொ3 ப2ராது ஹொராடு3க் உன்னொபொட3யொ 6 ம்ஹடொ3 ஹோயி,Marriage takes at least 6 months after engagement,நிச்சயதார்த்தத்திற்குப் பிறகு திருமணத்திற்கு குறைந்தது 6 மாதங்கள் ஆகும்
தெனு மொரெ கெ4ட்டிகெரெ நொவ்ரொ,He is my fiance,அவர் என் வருங்கால கணவர்
தெனு அபுல் கெ4ட்டிகெரெ நொவ்ரிக் ஒண்டெ முத்3தி3க் ஜேம் தி3யாஸி,He gifted his fiance a ring,அவர் தனது வருங்கால மனைவிக்கு ஒரு மோதிரத்தை பரிசளித்தார்
அமி தெங்கொ3 ஸெரொ தெ3வ்லய் கெர்ல்ரியொ,We have matrimonial relations with them,நாங்கள் அவர்களுடன் திருமண சம்பந்தம் செய்துள்ளோம்
பெ3ட்க கெரான் தே3ஸ்ஹன்னவ்கன் ரூ 51 தி3யாஸி,They gave Rs 51 as Token Betrothel from the boy side,பையன் தரப்பில் ஒப்பு தாம்புலமாக ரூ.51 கொடுத்தார்கள்
தெ3வுகாஸ் தெந்து3ஸ் அபுல் கொ4ம்மா தே3வ்தானுக் பாய்ஞ்பொட3ஸுன்,They worship their household deities on the eve of marriage,திருமணத்திற்கு முந்தைய நாள் தங்கள் வீட்டு தேவதைகளை வழிபடுகிறார்கள்
பெரண்ட3மு பாஞ்ஜு ஸுமங்க3லினுக் புஜொ கெரனு,In Sumangali prayer five Sumangalis are worshiped,சுமங்கலி பிரார்த்தனையில் ஐந்து சுமங்கலிகளுக்கு பூஜை செய்வார்கள்
ஸௌராஷ்டிரர்னு ஹொராடு3ம் பௌ4லாஸ் ஸங்க3னு,Saurashtras tell about lineage in marriage,சௌராஷ்டிரர்கள் திருமணத்தில் பரம்பரை பற்றி சொல்வார்கள்
ஹொராடு3க் மஹால் வெக்கத்தெ ம்ஹொட்டொ காம்கன் ஸே,Finding a wedding hall is a big task,கல்யாணத்திற்கு மண்டபம் தேடுவது பெரிய வேலையாக இருக்கிறது
ஹொராடு3 மொண்ட3வும் பாய்ஞ் தொ2வத்த முஸுனாத்த தூ3ருக் மூகொ3,The wedding hall was so crowded that it was impossible to set foot,திருமண மண்டபத்தில் கால் வைக்க முடியாத அளவுக்கு கூட்டம்
எல்லெ ஹொராடு3 மொண்ட3வும் 500 தெனுன் பி3ஸத்தக் முஸை,This wedding hall can seat 500 people,இந்த திருமண மண்டபத்தில் 500 பேர் அமர முடியும்
மௌடொ3க் பொ3து3லு ஷாமியானா அவ்டி3யொ,Shamiyana has replaced coconut leaf awning,பந்தலுக்கு பதிலாக ஷாமியானா வந்துவிட்டது
மௌடா3ம் தொரண் லொம்ப3 ஸொட3ஸுன்,They hang the Leaf Hanging on the awning,பந்தலில் தோரணத்தை தொங்கவிடுகிறார்கள்
மௌடா3க் பொ3ங்கு3 கா2ம்பு3 ப்ரயோக்3 கெரஸுன்,They use Bamboo pillars for awnings,பந்தலுக்கு மூங்கில் கம்புகளை பயன்படுத்துகிறார்கள்
மாய்பா3புன் அபுல் ஒஸ்துனுக் பத்திரிக்கெ தொ2வி பொ3வஸுன்,Parents invite their relatives with invitation,பெற்றோர்கள் தங்கள் உறவினர்களை அழைப்பிதழுடன் அழைக்கிறார்கள்
நொவ்ரொ நொவ்ரி கெ3லாம் பொ3ட்டு ப4ந்த3ராஸ்,Groom ties the holy thread around the bride's neck,மணமகன் மணமகளின் கழுத்தில் தாலி கட்டுகிறார்
நொவ்ரி கொ3ண்ட்யாவ்ஹால் ஹாத் ஸிங்க3ல்ரிஸ்,The bride has adorned her hand with henna,மணமகள் மருதாணியால் கையை அலங்கரித்துள்ளாள்
நஸ்தியானுக் சொக்கட் கௌ3ஞ்சுலுவொ,Take good care of the groom's friends,மணமகனின் நண்பர்களை நன்றாக கவனித்துக் கொள்ளுங்கள்
அட்பின் நொவ்ரிக் ஸிங்க3ர்லேத் ஹொத்3யாஸ்,The bride's friends were decorating the bride,மணமகளின் தோழிகள் மணமகளை அலங்கரித்துக்கொண்டிருந்தனர்
தொ3ரிம்பொ3ட்டு ஹொராட்3 ஹொயாத்தெகா3 லெக்ஷன்,The sacred thread is a symbol of marriage,தாலி திருமணம் ஆனதற்கான அடையாளமாகும்
ஹொராட்3 ஹொயெ பெ3ய்லன் பாய்ஞிம் மிஞ்ஜி க4ல்லன்,Married women wear rings on their feet,திருமணமான பெண்கள் காலில் மோதிரம் அணிவார்கள்
ஸுப4 காமுனுக் தொ4ண்டொ3 தெட்டஸுன்,Drums are played for auspicious activities,சுப காரியங்களுக்கு மேளம் அடிக்கப்படுகிறது
நஸுரால் பு2வத்தெ ஜு2க்குகன் த3ல்லானூஸ்,Nathswaram is mostly played by men,நாதஸ்வரம் வாசிப்பது பெரும்பாலும் ஆண்கள்தான்
ப4ஜன் கெரத்தெனு கி4ங்கம் தெட்டஸுன்,Those who perform bhajans play Cymbols,பஜனை செய்பவர்கள் ஜால்ரா இசைக்கின்றனர்
ஹொராட்3 மெனரியொ 1000 ஒர்ஸு பீகு,Marriage is a 1000 year crop,திருமணம் என்பது 1000 வருட பயிர்
லெய்னு ஸௌளொ ஒண்டெ லெக்கு ருவாயிக் மெல்லொ அப்3ப3யி,Wedding sarees are available for lakh rupees too,திருமணப் புடவைகள் ஒரு லட்சம் ரூபாய்க்கு கூட கிடைக்கும்
லெகினு தெந்து3ஸ் அஸ்கி ஊகுனுக் மிளுவாயி,We can meet all the relatives on the day of marriage,திருமணத்தன்று அனைத்து உறவினர்களையும் சந்திக்கலாம்
அஸ்கிதெனு ஹொராட்3ஹொயெ த3ம்பதினுக் ஆஶிர்வாத்3 கெரராஸி,All bless the married couple,அனைவரும் திருமணமான தம்பதிகளை ஆசீர்வதிக்கிறார்கள்
ப3து3லாம் தூப் ஸொடி3 ஹோம் கெரஸுன்,Sacrifice is performed by pouring ghee in Oma Kund,ஓம குண்டத்தில் நெய் ஊற்றி ஹோமம் நடத்தப்படுகிறது
வர்த்து நொவ்ரா நொவ்ரினு கொஞ்சுதொ ஜவட3ஸு,Nalangu relieves the shyness of the Groom and bride,நலங்கு மணமகன் மணமகளின் வெட்கத்தை போக்குகிறது
உத்தர பா4ரது ஹொராடு3 ப4வனிம் நொவ்ரொ கொ4டொ3 ஹொல்லொ அவயி,"In North Indian wedding processions, the groom arrives on horseback","வட இந்திய திருமண ஊர்வலத்தில், மாப்பிள்ளை குதிரையில் வருவார்"
தே3வு சுட்டும் ஐஸ்துகின் முயி முது3ல்லொ அவயி,Elephant and camel come first in Deity procession,சாமி ஊர்வலத்தில் யானையும் ஒட்டகமும் முதலில் வரும்
நொவ்வொ த3ம்பதின் ஒராத் சுட்டும் ஸொவ்ரானுக் மிளஸுன்,"The newlyweds meet relatives on a ""One night procession""",புதுமணத் தம்பதிகள் ஓரிரவு ஊர்வலத்தில் உறவினர்களைச் சந்திக்கிறார்கள்
மியாரொ ந்ஹாத்தொ கொன்னி ஹொராட்3 சல்னா,"No marriage takes place without ""Marriage presents""",சீர்வரிசை இல்லாமல் எந்த திருமணமும் நடக்காது
ஒண்டெ ம்ஹூர்த்து 90 நிமுஷ் லெந்து ர்ஹாயி,One auspicious time will be up to 90 minutes,ஒரு முஹூர்த்த நேரம் 90 நிமிடங்கள் வரை இருக்கும்
மொரெ பெ3ய் ஹொல்ல வாரும் ர்ஹவென் அவன்,My sister will be staying as a guest next week,என் அக்கா அடுத்த வாரம் விருந்தினராக தங்குவார்
தெ2வ்டெ3 பொ2வ்னான் கொ2ப்3பி3ம் சூக் ஸங்க3ன்,Some guests always complain,சில விருந்தினர்கள் எப்போதும் குறை சொல்வார்கள்
ஜு2க்கு ஸௌராஷ்டிரர்னு ஹொராடு3 தீ3தி3 ஜெமன் ஸெந்தொ மட3ஸுன்,Most Sourashtrians celebrate the wedding with a two-day feast,பெரும்பாலான சௌராஷ்டிரர்கள் திருமணத்தை இரண்டு நாள் விருந்துகளுடன் கொண்டாடுகிறார்கள்
ஜொமனு பிள்சார் சொக்கட் ருசிகன் ர்ஹாயி,The feast Rasam will be very tasty,விருந்து ரசம் மிகவும் சுவையாக இருக்கும்
ருசிகன் ர்ஹியெத் தெல்லெ ஒண்டெ உஜ்ஜெமனூஸி,"If delicious, it is a grand feast","சுவையாக இருந்தால், அது ஒரு சிறந்த விருந்து"
து3ர்ப3ள்னுன் ஸிஜ்ஜெமன் கெரஸுன்,Poor people eat leftovers,ஏழைகள் எஞ்சியதை சாப்பிடுகிறார்கள்
ஶிஞ்ஜெமன் கெரத்தெ முது3ல்லா சா2ளி போ2ளு,Eating leftovers is the result of previous birth karma,எஞ்சியதை உண்பது முற்பிறவியின் பலன்
ஜு2க்கு பொ2வ்னான் கென்னல்கன் ஹன்னவ் தே3ஸுன்,Most guests give money as a wedding gift,பெரும்பாலான விருந்தினர்கள் திருமண பரிசாக பணம் கொடுக்கிறார்கள்
அமி ஶிக்3ரம்கன் ருப்பா தெட்டொ தி3யாஸ்,We gave a silver plate as a marriage gift,நாங்கள் சீர் பாத்திரமாக வெள்ளி தட்டு கொடுத்தோம்
விடொ3 ஸெரொ ஜேம் தே3த்தெ வட்கெ ஹொய்யொ,A gift with the Vido has become routine,தாம்பூலத்துடன் பரிசு வழங்குவது வாடிக்கையாகிவிட்டது
சதுர்விடொ3 மெனத்தெ மொர்க்3யாத் தெ3க்கடத்தெயொ,Chaturvidho is a show of respect,தாம்பூலம் என்பது மரியாதையைக் காட்டுவதாகும்
ஹொராடு3 ப2லார்கன் தெந்துலொகின் மைஸுர்பாக் தே3ஸுன்,Murukku and Mysorepak are given as part of marriage gift,"திருமண சீராக முறுக்கும், மைசூர்பாகும் கொடுப்பார்கள்"
ஸம்போ4க3ம் மெனரியொ ஜித்ரவும் ஒண்டெ பா4கு3,Intercourse is a part of life,உடலுறவு என்பது வாழ்க்கையின் ஒரு பகுதி
மைது2னம் தெ4ரி கொங்கிஜொவள் வத்தொ கெரஹோனா,Should never talk to anyone about intercourse,உடலுறவு பற்றி யாரிடமும் பேசக்கூடாது
மிள்னி தெ4ரி ஹுட3ப்பன்கொ வத்தொ கெரஹோனா,Intercourse should not be spoken openly,உறவை வெளிப்படையாக பேசக்கூடாது
தெ2வ்டெ3 கெ4ர்பினுக் மொஸ்கொ லக3யி,Some expectant mothers get morning sickness,சில கர்ப்பிணி தாய்மார்களுக்கு மசக்கை வரும்
பெ3ய்லனுன் ரமாரமி 40 வாருன் கெ4வ்ரார் ர்ஹானு,Women are pregnant for almost 40 weeks,பெண்கள் கிட்டத்தட்ட 40 வாரங்கள் கர்ப்பம் இருப்பார்கள்
கெ4வ்ரரின் ஶிபாரிஸு கெரெ ஸொம்மர் வேன் பா4ர் பொட3ஹோனா,Pregnant women should not gain more weight than recommended,கர்ப்பிணிப் பெண்கள் பரிந்துரைக்கப்பட்டதை விட அதிகம் எடை போடக்கூடாது
கெ4ர்பினுக் அஸ்கிதெனு மொர்க்3யாத்கன் சல்த கெரராஸ்,Everyone treats a pregnant woman with respect,கர்ப்பிணிப் பெண்ணை அனைவரும் மரியாதையுடன் நடத்துகிறார்கள்
பல்லினி பா3தொ3 பல்லினிக் ஒண்டேஸ் களாய்,Only pregnant women know the pain of a pregnant woman,கர்ப்பிணிப் பெண்ணின் வலி கர்ப்பிணிகளுக்கு மட்டுமே தெரியும்
க3ர்பி4ணீ வேன் ஸீஸொரி சலஸு,A pregnant woman walks very carefully,கர்ப்பிணிப் பெண் மிகவும் கவனமாக நடக்கிறாள்
தெனொ பஞ்ச்வா ம்ஹடா3ம் வெஸனி கெரிஸி,She fulfilled her vow of prayer in the 5th month of pregnancy,கர்ப்பத்தின் 5 வது மாதத்தில் அவள் தனது நேர்த்திக்கடனை நிறைவேற்றினார்
ஸாத் ம்ஹடொ3 முஸல்லி கே4ர் பொ3ல்லி அவ்யாஸி,"After the baby shower, they brought her home",வளைகாப்பு முடிந்து தாய் வீட்டிற்கு அழைத்து வந்தனர்
ஸாத் ம்ஹடா3 விஶேஷும் கெ4ர்பினுக் கைனொ பி2ரட3னு,"In baby shower function, bangles are worn on pregnant women",வளைகாப்பு நிகழ்ச்சியில் கர்ப்பிணிப் பெண்ணுக்கு வளையல் அணிவிப்பார்கள்
ஸாத் ம்ஹடா3 விஶேஷும் ஹொவ்டி3 பொ4வ்ரனு,Godh bharai is done at baby shower function,வளைகாப்பு நிகழ்ச்சியில் மடி நிரப்புவார்கள்
தொ4வ்லா ஜொமன் சொக்கட்3 விஶேஷ்கன் சலெஸி,The pudding party went very well,கொழுக்கட்டை விருந்து மிக சிறப்பாக நடந்தது
கால் தெகொ3 ஸுகோ2ம்கன் ஜர்க்யம் ஹொய்யொ,She gave birth yesterday,நேற்று அவளுக்கு சுகப்பிரசவம் ஆனது
ப3ள்டின் அபுல் க2வ்னமு நிகொகன் ர்ஹனொ,Postnatal mother should be careful with her diet,பிரசவத்த தாய் தனது உணவில் கவனமாக இருக்க வேண்டும்
ஜு2கு3 பில்லல்னுக் ஸுதி3 தொ2வ்லரியொ வட்கெ ர்ஹாயி,Many children have a habit of Thumb-sucking,நிறைய குழந்தைகளுக்கு கை சூப்பும் பழக்கம் இருக்கும்
ஸெட்டி விஶேஷும் அஸ்கி ஒஸ்துன் அவ்யாஸி,All relatives attended the naming ceremony,பெயர் சூட்டும் விழாவில் அனைத்து உறவினர்களும் வந்தனர்
ந்ஹுரு பள்ளாம் நிஞ்ஜிரஸ்,The baby is sleeping in the cloth cradle,குழந்தை தூளியில் தூங்குகிறது
பள்ளாக் ஹிந்த3லெத் பில்லொ நிஞ்ஜுல்ட3யி,If we rock the cradle the baby falls asleep,தூளியை ஆட்டினால் குழந்தை தூங்கிவிடும்
துங்கொ3 லாலி க3வத்தக் களாய்யா?,Do you know how to sing a lullaby?,உங்களுக்கு தாலாட்டுப் பாடத் தெரியுமா?
"நொவத்து ம்ஹடா3ம், பில்லல்னு கொ4ணாம் கொ4ணி க2ளஸு",Babies crawl in the ninth month,ஒன்பதாவது மாதத்தில் குழந்தைகள் தவழும்
பில்லாக் ஒண்டெ ஒர்ஸு ஹோத்த வேள் ஜொவள் ஹெட்3யாஸி,The child's head was shaved when it was one year old,குழந்தைக்கு ஒரு வருடம் ஆனபோது முடியிறக்கப்பட்டது
பில்லாக் மமா மடி3ம் பி3ஸடி3 கான் மிந்த3னு,The child is made to sit on the uncle's lap and the ear is pierced,குழந்தையை தாய் மாமா மடியில் உட்கார வைத்து காது குத்துவார்கள்
ஸேல் கெர்னாத்த பில்லல்னு ஸேயா?,Is there a child who has not done mischief?,குறும்பு செய்யாத குழந்தை உண்டா?
ஹிந்தொ3 தெங்கா3 பஞ்ச்வா ஹொராடு3 ஒர்ஸு தி3ன்னு,Today is his 5th wedding anniversary,இன்று அவரது 5வது திருமண ஆண்டுவிழா
தெனு பெத்தெ ஜிவராஸி,They live as a separate family,அவர்கள் தனிக் குடும்பமாக வாழ்கிறார்கள்
தெனு அபுல் மாய்பா3புக் ஸாட்டு ஹொராட்3 கெர்யாஸி,They performed their parents' sixtieth wedding,அவர்கள் தங்கள் பெற்றோருக்கு அறுபதாம் கல்யாணத்தை நடத்தினார்கள்
தெனு அஶீதி ஹொராட்3 கெர்லியாஸி,They celebrated their 80th wedding anniversary,அவர்கள் எண்பதாம் கல்யாணம் செய்து கொண்டாடினர்
ந்ஹன்ன மல்லினி ஹொராட்3 துட்டினி லெந்து ஜேட3ஸு,Small quarrel leads to divorce,சிறிய சண்டை விவாகரத்து வரை சென்றுவிடுகிறது
பெ3ய்லன் முர்க்3யம் கே2ஸுக் வெணி ஸெரொ ப4ந்து3லஸுன்,Women wear the wig hair with braids,பெண்கள் சவுரி முடியை ஜடையுடன் பின்னுவார்கள்
வெணி கொனாம் குச்சு ப4ந்து3லனு,A tassel is tied at the end of the braid,பின்னலின் முனையில் குஞ்சம் கட்டிக்கொள்வார்கள்
எல்லெ சித்ரு மொரெ செர்ச்சினிம் பூ4ஷனொ,This painting is the jewel of my collection,இந்த ஓவியம் என் சேகரிப்பின் நகை
மென்க்யான் ஸொம்முனுக் மெனி ஜு2க்கு ஹன்னவ் வேஸ் கெரராஸ்,People spend lot of money on jewels,மக்கள் நகைகளுக்காக நிறைய பணம் செலவழிக்கிறார்கள்
பூ4ஸுன் கௌதுக் வேன் கெரஸு,Jewelry adds beauty,நகைகள் அழகை கூட்டுகிறது
பெ3ய்லன் ஆப4ரணொ க4ல்லிகின் விஶேஷுக் அவனு,Women come to the function wearing jewelry,பெண்கள் நகை அணிந்து விழாவுக்கு வருவார்கள்
தொ3ஸ்காம் பஸ்கட் ஜெட்3பு3ளொ தொ2வன்,The jedbulo is placed at the back of the head,தலையின் பின்புறத்தில் ஜடை வில்லை வைப்பார்கள்
தொரன் பா4ங்கு3 ஹொல்லொ தகன்,Thoran is an ornament placed on the hair parting,ராக்கொடி மாட்டல் வகிட்டின் மேல் போடப்படும் நகை ஆகும்
ஸுரிது பி3ந்து3 தொ3ஸ்காக் ஜைனொ பொகட் தொ2வன்,Sun jewel is placed on the right side of the head,சூரிய பிறை நகையை தலையின் வலது பக்கம் வைப்பார்கள்
செந்தா3மு பி3ந்து3 தொ3ஸ்காக் தை3ரொ பொகட் தொ2வன்,A crescent moon necklace is placed on the left side of the head,சந்திர பிறை நகையை தலையின் இடது பக்கம் வைப்பார்கள்
கபா3ல்டு3 ம்ஹத்3தி3 தொ2வரியொ பி3ந்தி3 ஹிந்து3 தெ4ருமு லெக்ஷன்,Bindi placed in the center of the forehead is a symbol of Hinduism,நெற்றியின் மையத்தில் வைக்கப்படும் பொட்டு இந்து மதத்தின் சின்னம்
பிம்ப3ளம் மெனரியொ கபா3ல்டு3ர் லொம்ப3ரியொ ஸொம்மு,Pimbalam is a jewel that hangs on the forehead,நெத்திச்சுட்டி என்பது நெற்றியில் தொங்கும் நகை
மிர்கான் மெனரியொ கானும் ஸொவ்ண்டல்லரியொ ஸொம்மு,Mirkan is a jewelry worn over the ears,காது மாட்டல் என்பது காதுகளில் மாட்டிக்கொள்ளும் நகை
அஸ்கி பெ3ய்ல்மெனின் தவ்னட் க4ல்லனு,All girls wear earrings,அனைத்து பெண்களும் காதணிகளை அணிவார்கள்
தர்மட்3 ஜு2கு3 ரூபுனும் அப்3ப3ரஸி,Earrings are available in various designs,பல்வேறு வடிவமைப்புகளில் காதணிகள் கிடைக்கின்றன
"தவ்னடு ஸொரெ தெ3ள்கொ ர்ஹியெத், தெல்லெ தய்லத்த வேள் து3க்காயி","If the shaft of the stud is too big, it will be painful to wear it","கம்மல் தண்டு பெரியதாக இருந்தால், அதை அணியும் போது வலி ஏற்படும்"
பி3ல்லொ தவ்னடுக் கெ4ட்டி தெ3ல்லஸு,The washer holds the earring tightly,வாஷர் காதணியை இறுக்கமாகப் பிடிக்கிறது
தவ்னட் தி4ல்லொ பொட்னாத்தக் ர்ஹாத்தொ திர்க்கணி நுக3ஸு,Screw is used to keep the earrings from loosening,காதணிகள் தளர்ந்துவிடாமல் இருக்க திருகாணி பயன்படுத்தப்படுகிறது
பில்லல்னு கானும் ஸாலு குந்த3ளம் க4லனு,A small earrings is worn in the child's ear,குழந்தையின் காதில் சிறிய கம்மலை அணிவிப்பார்கள்
ஒந்துனுன் குந்த3ளம் க4ல்லனு,Women wear Kundalam in ther ear,பெண்கள் கம்மல் அணிவார்கள்
த3ல்லமெனின் கானும் பொங்கு3ளொ தய்லனு,Men wear Pongulo in the ear,ஆண்கள் காதில் கடுக்கன் அணிவார்கள்
ஜு2ங்கள் ஸ்த்ரீனு ஸிங்க்3யார் வேன் கெரயி,Fancy earrings enhance the beauty of women,ஜிமிக்கிகள் பெண்களின் அழகை அதிகரிக்கும்
அளின் ஜைனொ நாகு3ம் வஜ்ஜிரு நாகுதளொ க4ல்லனு,Women wear a diamond nose ring on the right nose,பெண்கள் வலது மூக்கில் வைர மூக்குத்தி அணிவார்கள்
முக்குர் ஒண்டெ கலமு நாவ்பொட3யொகன் ஹொதெ3ஸ்,Triangular nosering was popular once,முக்கோண மூக்குத்தி ஒரு காலத்தில் பிரபலமாக இருந்தது
பி3ல்லாக்கு க4ல்லத்தெ ஹிந்தா3 ரீதி,Wearing nose pendant is style these days,மூக்கணி அணிவது இன்றைய பாணி
ஒர்ஸுஹொயெ பெ3ய்ல்மெனின் தீ3 நாகு3ம் பே3ஸ்திரி க4ல்லி ர்ஹானு,Older women wear Baesthiri on both noses,வயதான பெண்கள் இரு மூக்கிலும் பேசரி அணிந்திருப்பார்கள்
கெ3ஜ்ஜெல் மெனரியொ கெ3லா ஸெர்மான் ர்ஹாத்திஸா ஆபரணொ,A necklace is an ornament around the neck,அட்டிகை என்பது கழுத்தை ஒட்டி இருக்கும் ஆபரணம்
ஹொராடு3 விஶேஷுக் ஜு2கு3 பெ3ய்ல்மெனின் அட்3க்3யல் க4ல்லனு,Many women wear necklace for wedding ceremony,திருமண விழாவிற்கு பல பெண்கள் அட்டிகை அணிவார்கள்
த3ல்லமெனின் மெல்லொ ஸொர்ணு தெ3ண்டொ3 க4ல்லனு,Men also wear gold chains,ஆண்களும் தங்கச் சங்கிலிகளை அணிவார்கள்
ஸரட்3 தொ2வெ தெ3ண்டொ3 ஜு2க்கு நாவ் பொட3யொ,The chain with red stone is very popular,சிவப்பு கல் கொண்ட சங்கிலி மிகவும் பிரபலமானது
ஹாரம் தெ3ண்டொ3 ஸொம்மர் லம்பொ3கின் பா4ர்கன் ர்ஹாயி,A golden garland is longer and heavier than chain,தங்கமாலை சங்கிலியை விட நீளமாக மற்றும் கனமாக இருக்கும்
வங்கி3 மெனரியொ கொ2பா3க் உஞ்சொ க4ல்லத்திஸா ஸொம்மு,Vangi is a jewelery worn by women above the elbow,கொந்திக்காய் என்பது முழங்கைக்கு மேல் பெண்கள் அணியும் நகை
நமுத்து மெனரியொ கொ2பா3க் க2ல்லொ க4ல்லத்திஸா ஸொம்மு,Namuththu is a jewelery worn by women above the elbow,நமுத்து என்பது முழங்கைக்கு கீழே பெண்கள் அணியும் ஒரு வகை நகை
பிஸ்னி கைனான் ல்ஹெகூ3வரும் பு2ட்டை,Plastic bangles break easily,பிளாஸ்டிக் வளையல்கள் எளிதில் உடையும்
கெங்க3ண் தை3ரொ கங்க்3ராம் ப4ந்த3னு,The bracelet is tied on the right wrist,கைக் காப்பை வலது கை மணிக்கட்டில் கட்டுவார்கள்
பில்லல்னு தெ3ஸ்ஸு ஒர்ஸு லெந்து கெது3ரொ க4ல்லஸுனு,Children wear a girdle till the age of ten,குழந்தைகள் பத்து வயது வரை அரைஞாண்கயிறு அணிவார்கள்
க3ஹதிரின் பெ3ட்கி பில்லல்னுக் கெது3ராம் பொமி க4லனு,Heart shaped amulet is stringed in the girdle for girl babies,அருமுடி பெண் குழந்தைகளுக்கு அரைஞான் கயிற்றில் கோர்த்து கட்டுவார்கள்
தெனு கெ3லாம் லெச்செ க4ல்லி ஸே,He wears a talisman around his neck,அவர் கழுத்தில் தாயத்து அணிந்திருக்கிறார்
தெ2வ்டெ3தெனு பஞ்சூ அங்கி3ளிம் முத்3தி3 க4ல்லஸுன்,Some wear rings on all five fingers,சிலர் ஐந்து விரல்களிலும் மோதிரங்களை அணிவார்கள்
தெனு அபுல் பெ4ய்னுக் ஒண்டெ மொதி3 மாலாக் தி3யாஸி,He gave his younger sister a pearl necklace,அவர் தனது தங்கைக்கு ஒரு முத்து மாலையை கொடுத்தார்
கங்க்3ராம் கெங்க3ண் ஸோன் பாயிம் பி3ந்து3ளொ ப4ந்த3னு,Ankle-strings are tied to the feet like wrist-string on the wrists,மணிக்கட்டில் கைக் காப்பு போல் காலில் கால் காப்பு கட்டுவார்கள்
நஸத்தெனுன் அபுல் பாயிம் த4கி3ரி க4ல்லனு,Dancers wear musical anklet on their feet,நடனக் கலைஞர்கள் தங்கள் காலில் சலங்கை அணிவார்கள்
அந்தெ3ல் மெனரியொ பெ3ய்லன் பாயிம் க4ல்லத்திஸானுகெ,Andel is worn by women on their feet,சிலம்பு என்பது பெண்கள் காலில் அணிவது
கொ3ஸுலும் பி4த்தர் ரெத்தனு தெ3ய்டா3ன் ர்ஹாயி,There will be gemstones inside the gosul,சிலம்பின் உள்ளே ரத்தினக் கற்கள் இருக்கும்
செய்ம்பட்டெக் ஸொர்ணும் மெல்லொ கெரஸுனு,The clasp is made in gold also,கொலுசை தங்கத்திலும் செய்வார்கள்
அத்3த3ம் அபுலானுக் ஸீலத்தக் ஒர்க3ஸு,Mirror is used for looking at oneself,கண்ணாடி தன்னைப் பார்க்கப் பயன்படுகிறது
பொ3ண்டி3ம் பஸ்கட் ஸாத்தக் தோ3பு3 நுக3ஸு,Mirror is used in car to view the rear side,காரில் பின்புறம் பார்க்க கண்ணாடி பயன்படுகிறது
நவீன தௌ3ணான் ருப்பொ ந்ஹீஜியெத் ஜெல்மினும் கெரஸுனு,Modern mirrors are made of silver or aluminum,நவீன கண்ணாடிகள் வெள்ளி அல்லது அலுமினியத்தில் செய்கிறார்கள்
40 ஒர்ஸு த3டெ3 ஜு3கு3தெனு தொ3ளா அத்3த3ம் க4ல்லஸுன்,Most people over 40 wear specs,40 வயதுக்கு மேற்பட்ட பெரும்பாலானோர் மூக்குக் கண்ணாடி அணிகிறார்கள்
அத்தொ பில்லல்னு மெல்லொ ச2ஸ்மொ க4ல்லராஸ்,Even children are wearing specs these days,இப்போது குழந்தைகள் கூட மூக்குக் கண்ணாடி அணிகிறார்கள்
ஜவ்ணான் ஒண்டெ ந்ஹன்ன பொ2ன்னிக் கொ2ள்டிம் தொ2வ்லி ஸே,Youths keep a small comb in the pocket,இளைஞர்கள் ஒரு சிறிய சீப்பை பாக்கெட்டில் வைத்திருக்கிறார்கள்
தொ3ஸ்காம் ஜூ2ம் ஜவடத்தக் பொ2ன்னொ ப்ரயோக்3 கெருவாயி,RobiComb can be used to remove lice in the head,தலையில் பேன்களைக் அகற்ற ஈர்க்கொல்லியைப் பயன்படுத்தலாம்
ஒல்லொ கே2ஸுக் ஸுக்கட3த்தக் சாத் நுக3ஸு,Scratching rod is used to dry wet hair,ஈரமான முடியை உலர்த்துவதற்கு ஈர்க்கம்பி பயன்படுகிறது
ஹொராட்3ஹொயெ அளின் பா4ங்கு3ம் பொ3ட்டு லவ்லனு,Married women apply Sindoor on the hair parting,திருமணமான பெண்கள் வகிடில் திலகம் இடுவார்கள்
நொவ்ராக் அவ்தொ லவொ,Apply turmeric tilak to the groom,மாப்பிள்ளைக்கு மஞ்சள் திலகம் இடவும்
த3ந்தும் கெரெ பொ4ரணி மோல் வேன் ர்ஹாயி,The vermilion box made of ivory is more expensive,தந்தத்தால் செய்யப்பட்ட குங்குமச்சிமிழ் விலை அதிகம் இருக்கும்
ஸம்ஸுடொ3 ஜு2கு3 ஆகாரும் அப்3ப3ஸு,Ornament boxes are available in various shapes,அலங்காரப் பெட்டிகள் பல்வேறு வடிவங்களில் கிடைக்கின்றன
ஸம்ஸுலாபெடிம் உன்னபொட3யொ 15 கௌதுக வஸ்துன் தொ2வாயி,At least 15 beauty products can be placed in the Ornament box,அலங்காரப் பெட்டியில் குறைந்தது 15 அழகு சாதனப் பொருட்களை வைக்கலாம்
தொ3ளாக் ஸிங்க்3யார் கெரத்தக் கஜல் நுக3ஸு,Eyeliner is used to beautify the eyes,கண்களை அழகுபடுத்த கண்மை பயன்படுகிறது
மொன்னிம் ஜு2கு3 ஹாதுகலா வஸ்துன் கெரத்தக் முஸையி,Many crafts can be made with beads,மணிகளால் பல கைவினைப்பொருட்கள் செய்ய முடியும்
நொவ்ரி கௌது 4 ர்ஹீ 5 கெ4ண்டயன் லக3யி,Bridal makeup takes 4 to 5 hours,மணப்பெண் ஒப்பனை 4 முதல் 5 மணி நேரம் ஆகும்
ஜு2கு3 கௌதுக வஸ்துன் ஹுத்ராடு3 கெர வஸ்துன்,A lot of cosmetics are imported,நிறைய அழகுசாதனப் பொருட்கள் இறக்குமதி செய்யப்பட்டவை
மொரெ ஸெராடி3 கோன் அவரியொ?,Who are coming with me?,என்னுடன் யார் வருகிறார்கள்?
மீ பெ3ஸ்தார்தி3 அவரியொ,I'm coming on Thursday,நான் வியாழக்கிழமை வருகிறேன்
மீ துரெ வத்3தி3,I'm your teacher,நான் உங்கள் ஆசிரியர்
தூ அவரியொயா?,Are you coming?,நீ வருகிறாயா?
அமி சென்னையும் ஜிவரியொ,We live in Chennai,நாங்கள் சென்னையில் வசிக்கிறோம்
துமி கோட் ஜிவரியொ?,Where do you live?,நீங்கள் எங்கே வசிக்கிறீர்கள்?
எனொ மொரெ ந்ஹன் ப4ய்,He is my younger brother,இவன் என் இளைய சகோதரன்
தெனொ சொவ்து3ம் கெ4டி3கெத்தான்,He is smarter in the study,அவன் படிப்பில் கெட்டிக்காரன்
தென்தெனு தெங்கொ3 தெங்கொ3 வாடும் ஜியாஸ்,Everyone went on their own way,அவரவர் அவரவர் வழியில் சென்றனர்
எனு கோட் காம் கெரரியொ?,Where is he working?,இவர் எங்கே வேலை செய்கிறார்?
தெனு விரதி ப2ராது கோ3ஸ் ஸே,He is idle after retirement,அவர் பணி ஓய்வுக்குப் பிறகு சும்மா இருக்கிறார்
அஸ்கிதெனு ஸொந்தோஷ்கன் ஸே,Everyone is happy,எல்லோரும் மகிழ்ச்சியாக இருக்கிறார்கள்
காய் கெர்னொ மெனி கொன்னிதெனு ஸங்க்3யானி,No one told us what to do,என்ன செய்வது என்று யாரும் சொல்லவில்லை
கோன்தி பை2லொ ஹர்ம்ப3ம் கெர்னொ,Someone should start first,யாராவது முதலில் தொடங்க வேண்டும்
ஒக்கொக்கொ ஒர்ஸும் ஹுன்னொ வேன் ஹோரஸ்,Every year it gets hotter,ஒவ்வொரு ஆண்டும் வெப்பம் அதிகமாகிறது
ஸவ ஜீவுனுக் ஜிவத்தக் தீ4னு ஸேத்தெ,All living beings have the right to live,அனைத்து உயிரினங்களுக்கும் வாழ உரிமை உண்டு
அஸ்கி பரீக்ஷானுக் தொ3ப்3பி3 தொ2வ்தியா,All exams were postponed,அனைத்து தேர்வுகளையும் ஒத்திவைத்தனர்
தெல்லெ பூரா தூ மென ஹோனா !!,You should not say all that !!,அதை எல்லாம் நீ சொல்லக்கூடாது !!
கெ3ருவ் அஸ்கியொ நஸினம் கெர்த்தை,Arrogance will destroy everything,ஆணவம் அனைத்தையும் அழித்துவிடும்
இக்கூயொ கோட் ர்ஹீ அவெயொ ?,Where did all this come from?,இவையெல்லாம் எங்கிருந்து வந்தது ?
தெல்லெ அஸ்கொ நஜ்ஜிரஸ்,It was altogether spoiled,அது முழுவதும் கெட்டுவிட்டது
பூராக் பிஸத்தனம் ஹொயெ காம் மெனெத் எல்லேஸிஸ்,This is what absolutely crazy work means,முற்றிலும் பைத்தியக்கார வேலை என்றால் இதுதான்
ஏட் கொன்னி சோட் ந்ஹீ !,Nothing is good here !,இங்கே எதுவும் நன்றாக இல்லை !
தேகு ஜா2டு3க் கொஞி மத்தின் கா2னி,Teak wood is not eaten by any soil,தேக்கு மரத்தை எந்த மண்ணும் உண்பதில்லை
தெகொ3ஜொவள் கொன்னி ந்ஹீ,He had none,அவனிடம் எதுவும் இல்லை
"கொன்னி ந்ஹா, அஸ்கி ஸெர்க்கொ ஸேயா மெனி ஸாரியோ","Nothing, I am just checking everything is fine","ஒன்றுமில்லை, எல்லாம் சரியாக இருக்கிறதா என்று பார்க்கிறேன்"
து3ஸ காய்தி வாட் ஸேயா?,Is there any other way?,வேறு ஏதாவது வழி இருக்கிறதா?
து3ஸுரெ ராஜ்யமு மென்க்யான் மெல்லொ செரரியொ,People from other states are also joining,பிற மாநில மக்களும் இணைகின்றனர்
து3ஸ்ரொ காய் பஜெ?,What else is needed?,வேறென்ன வேண்டும்?
மீ பொருங்கி3டி3ம் ஸேத்தெ,I am in Paramakudi,நான் பரமக்குடியில் இருக்கிறேன்
ஜு2கு3 வனினுன் ஸே,There are lot of colors,நிறைய வண்ணங்கள் உள்ளன
தெகொ3ஜொவள் ஒண்டெ செடா3வ் ஹொயெ பொ3ண்டி3 ஸே,He has a superior car,அவரிடம் ஒரு உயர்ந்த கார் உள்ளது
மொரெஜொவல் ந்ஹீ. தெகொ3ஜொவள் மெல்லொ ந்ஹீ,I do not have it. She doesn’t have that either,என்னிடம் இல்லை. அவளிடம் கூட இல்லை
தேட் காய் ந்ஹீ?,What is not there?,அங்கு என்ன இல்லை?
ஹிந்தொ3 பொள்டம் ந்ஹீ,No school today,இன்று பாடசாலை இல்லை
மீ தெனொ ந்ஹா,I am not him,நான் அவன் இல்லை
துமி ந்ஹிநாத்தொ காம் சல் ர்ஹானா,The work would not have happened without you,நீங்கள் இல்லாமல் வேலை நடந்திருக்காது
அமி ஸில்லொ வரா பெடி ந்ஹாத்தக் கெஷ்டம் பொட்டியா,We suffered without air conditioning,நாங்கள் குளிரூட்டி இல்லாமல் அவதிப்பட்டோம்
நம்ரதொ வினா ஈகு3 ஹால் காய் பிர்ஜனம்?,What is the use of education without humility?,பணிவு இல்லாமல் கல்வியால் என்ன பயன்?
நெத்3தி3 பூராக் ஸுக்கி ஹொதெ3ஸ்,The river was completely dry,ஆறு முற்றிலும் வறண்டு இருந்தது
கொ2ப்3பி3ம் ஸொந்தோஷ்கன் ர்ஹா,Always be happy,எப்பொழுதும் மகிழ்ச்சியாக இரு
கோ3 பி3ஸி ர்ஹாத்தெ சொக்கட் ந்ஹா,Being idle is not good,சும்மா இருப்பது நல்லதல்ல
"ஹாய், தெல்லெ தேட் ர்ஹாய்","Yes, it will be there","ஆம், அது அங்கே இருக்கும்"
ஹொல்ல வாரும் மீ அமெரிக்காம் ர்ஹவு,I will be in the US next week,அடுத்த வாரம் நான் அமெரிக்காவில் இருப்பேன்
தெனு கிரிக்கெட் ஸிலேத் ர்ஹான்,They will be watching cricket,அவர்கள் கிரிக்கெட் பார்த்துக் கொண்டிருப்பார்கள்
அமி துங்கொ3 ஆத3ரொகன் ர்ஹவெ,We will be supporting you,நாங்கள் உங்களுக்கு ஆதரவாக இருப்போம்
துங்கொ3 எல்லெ களயி ர்ஹவாய்,You may be aware of this,நீங்கள் இதை அறிந்திருக்கலாம்
தெல்லெ அங்கி3டி3ம் பா4த் சோட் ர்ஹானா,The food at that shop may not be good,அந்த கடையில் சாப்பாடு நன்றாக இருக்காது
மொரெஹால் ஜு2கு3தி3 ஏட் ர்ஹவானா,I can not be here for long,என்னால் ரொம்ப நாள் இங்கே இருக்க முடியாது
தெகொ3ஹால் அபுல் பெ3டா3க் ஸொட்3டி3 ர்ஹாத்தக் முஸுனா,She cannot be away from her son,அவளால் தன் மகனை விட்டு விலகி இருக்க முடியாது
மீ ஏட் ர்ஹாத்தக் ஜு2கு3 காரணான் ஸே,I have reasons to be here,நான் இங்கு இருப்பதற்கு காரணங்கள் உள்ளன
தெனு ஸிங்க3ய்த்கன் ர்ஹாத்தொ யத்னு கெரராஸ்,He is trying to be friend,அவர் நண்பராக இருக்க முயற்சிக்கிறார்
தெல்லெ தேடுஸ் ர்ஹாந்தொ3,Let it be there,அது அங்கேயே இருக்கட்டும்
மீ ஆங்கு3 து4வ்லேத் ர்ஹதொ தூ3ர்வதி3னி ஹனெஸி,The phone rang while I am taking bath,நான் குளித்துக்கொண்டு இருக்கும் போது தொலைபேசி அடித்தது
"ஹோந்தோ3, ஸியென்","Okey, Let us see","ஆகட்டும், பார்க்கலாம்"
இஸனி ஹோய் மெனி கோன் ஹவ்டி3 ஸியாஸ்?,Who thought it is going to happen like this?,இப்படி ஆகும் என்று யார் நினைத்தார்கள்?
திஸனி சல ஹோனா,It should not happen like that,அது போல் நடக்கக் கூடாது
தொகொ3 கொல்லெ ஒப்பாரஸ்?,Which one you like?,உனக்கு எது பிடித்துள்ளது?
துங்கொ3 எல்லெ ஒப்பாரஸ்யா?,Do you like this?,உங்களுக்கு இது பிடிக்கிறதா?
தொகொ3 தெல்லெ ஒப்பாரஸ்யா?,Do you like that?,உனக்கு அது பிடிக்கிறதா?
தெனு மொரெ ப4ய்,He is my brother,அவர் என் சகோதரன்
தொரெ நாவ் காயொ?,What is your name?,உன் பெயர் என்ன?
தெனொ தொரொ ஸொகன் ஸே,He looks like you,அவன் உன்னைப் போலவே இருக்கிறான்
அவ்ரெ கே4ர் அவொ,Come to our house,எங்கள் வீட்டிற்கு வாருங்கள்
துரெ போ3 பொ3வராஸ்,Your father is calling,உங்கள் தந்தை அழைக்கிறார்
பா4ரத் அம்ரெ தே3ஶு,Our country is India,இந்தியா நமது நாடு
ஔரொ கொல்லெ?,Which is our?,எது நம்முடையது?
தெனு அபுல் பொ3ண்டிக் விக்யாஸ்,He sold his own car,அவர் தன் சொந்த காரை விற்றார்
அமி அபுல் தே3ஶுக் ப்ராமொ கெர்னொ,We must love our country,நாம் நம் நாட்டை நேசிக்க வேண்டும்
தெனு அபுலான் கா3முக் நிகி3ள்டியா,They left for their town,அவர்கள் தங்கள் ஊருக்குப் புறப்பட்டனர்
தெனு ஆஸ்திக் அபுலானும் விக்கராஸ்,They sell the properties among themselves,அவர்கள் சொத்துக்களை தங்களுக்குள் விற்கிறார்கள்
துமி கொங்கொ3 ஸாத்தக் ஜாரியொ?,Whom are you going to see?,நீங்கள் யாரை பார்க்கப்போகிறீர்கள்?
மொகொ3 எல்லெ ஒண்டெ ஸமாசார்,This is news to me,இது எனக்கு ஒரு செய்தி
தொகொ3 காய் பஜெ மெனெத்தெ பை2லாம் ஸங்கி3,Tell me first what you want,உனக்கு என்ன வேண்டும் என்பதை முதலில் சொல்லு
அவ்ரெ மமொ அவ்ங்கொ3 ஜேமு தி3யாஸ்,Our uncle gave us a gift,எங்கள் மாமா எங்களுக்கு பரிசு கொடுத்தார்
எல்லெ துங்கொ3 கோன் ஸங்கெ3யொ?,Who told you this?,இதை உங்களுக்கு யார் சொன்னது?
எகொ3 இஸனி ஹோய் மெனி கொங்கொ3க் களாய்,Who knew this would happen to her,இவளுக்கு இப்படி நடக்கும் என்று யாருக்குத் தெரியும்
தெல்லெ தெகொ3 சல்ர்ஹியெத் களய் ர்ஹாய்,It would have made sense if it had happened to him,அது அவனுக்கு நடந்திருந்தால் புரிந்திருக்கும்
துமி எங்கொ3 லிக்யாஸ்யா?,Did you write to them?,நீங்கள் இவர்களுக்கு எழுதினீர்களா?
துமி மிளரியொ தெங்கொ3 நமஸ்கார் மெல்லுவொ,Say hello to those you meet,நீங்கள் சந்திப்பவர்களுக்கு வணக்கம் சொல்லுங்கள்
ஒண்டெதெங்கொ3 ஹிதௌ ஸங்க3த்தே ஸுல்ப்3யமு,It is easy to give advice to someone,ஒருவருக்கு அறிவுரை கூறுவது எளிது
மொரெ போ3 அஸ்கிதெங்கொ3 களயாத்தெனு,My father is known to everyone,என் அப்பா அனைவருக்கும் தெரிந்தவர்
துமி கோன் மெனி கொங்கிகு களாரனி,Nobody knows who you are,நீங்கள் யாரென்று யாருக்கும் தெரியவில்லை
கொல்லெகொ3 அமி நாவ் க4ல்னொ ஹோரியொ?,Which one should we name?,எந்த ஒன்றுக்கு நாம் பெயரிட வேண்டும்?
எல்லெகொ3 தெ3ஸ்ஸு லெக்கு ருபாய் வேன்,Ten lakhs rupees is more for this one,இதற்கு பத்து லட்சம் ரூபாய் அதிகம்
தெல்லெகொ3 தெனொ ஒப்பிள்யனி,He did not agree to that one,அதற்கு அவன் சம்மதிக்கவில்லை
தெகொ3வுச்சி மீ தெல்லெ ப்ராமோ பொட3ரியொ,I love it for that,அதற்காக நான் அதை விரும்புகிறேன்
துமி கொங்கொ3 தெ4ரி விசார் பொட3ரியொ?,Whom you are worried about?,நீங்கள் யாரைப் பற்றி கவலைப்படுகிறீர்கள்?
மொகொ3 தெ4ரி மீ ஸங்க3 ஹோனா,I should not say about myself,என்னைப் பற்றி நான் சொல்லக் கூடாது
தொரெ ப4ய் தொகொ3 தெ4ரி புஸெஸ்,Your brother asked about you,உன் தம்பி உன்னைப் பற்றிக் கேட்டான்
அவ்ங்கொ3 தெ4ரி மெல்லொ லிக்கராஸ்,They also write about us,நம்மைப் பற்றியும் எழுதுகிறார்கள்
துங்கொ3 தெ4ரி அய்கினி பொட்3ராஸ்,We have heard about you,உங்களைப் பற்றி கேள்விப்பட்டிருக்கிறோம்
எகொ3 தெ4ரி விசார் பொட்3னகொ3,Don't worry about her,அவளைப் பற்றி கவலைப்படாதே
தெகொ3 தெ4ரி புஸி களள்ளெ,Inquire about him,அவனைப் பற்றி விசாரிக்கவும்
எங்கொ3 தெ4ரி ஒண்டெ புஸ்தவ் லிக்குவொ,Write a book about him,இவரைப் பற்றி ஒரு புத்தகம் எழுதுங்கள்
தெங்கொ3 தெ4ரி காய்தி களயத் ஸங்கு3வொ,Tell me if you know anything about him,அவரை பற்றி ஏதாவது தெரிந்தால் சொல்லுங்கள்
ஒண்டெதெங்கொ3 தெ4ரி களானாத்தக் கொன்னி மென ஹோனா,Do not say anything without knowing about someone,ஒருவரைப் பற்றித் தெரியாமல் எதையும் சொல்லக் கூடாது
தெனு அஸ்கிதெங்கொ3 தெ4ரி வத்தொ கெரராஸ்,He talks about everyone,அவர் அனைவரைப்பற்றி பேசுகிறார்
துமி கொல்லெகொ3 தெ4ரி விசார் பொட3ரியொ?,What are you worried about?,நீங்கள் எதைப் பற்றி கவலைப்படுகிறீர்கள்?
மீ பை2லோஸ் எல்லெகொ3 தெ4ரி யோஜனொ கெரெஸ்,I have already thought about this,நான் ஏற்கனவே இதைப் பற்றி யோசித்தேன்
தெல்லெகொ3 தெ4ரி மொகொ3 கொன்னி களானா,I have no idea about that,அதைப் பற்றி எனக்கு எதுவும் தெரியாது
எல்லெ புஸ்தவ் கொங்க3யொ?,Whose book is this?,இது யாருடைய புத்தகம்?
எல்லெ தி3ய்யொ மொரயொ,Both of these are mine,இவை இரண்டும் என்னுடையவை
எல்லெ தௌ3ணொ தொரயொயா?,Is this glass yours?,இந்த கண்ணாடி உன்னுடையதா?
எல்லெ கே4ர் அவ்ரயொ,This house is ours,இந்த வீடு எங்களுடையது
எல்லெ தி2னூ சொக்காயின் துரயொ,All three shirts are yours,அந்த மூன்று சட்டைகளும் உங்களுடையது
எல்லெ ஸௌக்3ஞ எக3யொ,This note is hers,இந்தக் குறிப்பு இவளுடையது
தெல்லெ அலாஸ்கன் ஸுனான தெக3யொ,Those Alaskan dogs are his,அந்த அலாஸ்கன் நாய்கள் அவனுடையவை
எல்லெ ஹொராடு3 மஹால் எங்கொ3யொ,This wedding hall is theirs,இந்த திருமண மண்டபம் இவர்களுடையது
தெல்லெ கச்சம்பா3 ஜா2டு3ன் தெங்கொ3யொ,Those mango trees are theirs,அந்த மா மரங்கள் அவர்களுடையது
எல்லெ ஹொடா3ர் அஸ்கிதெங்கொ3யொ,This yard is everyone's,இந்த முற்றம் எல்லோருடையது
எல்லெ தா3ண் கொல்லெகொ3யொ?,Whose handle is this?,இந்த கைப்பிடி எதனுடையது?
தெல்லெ ஜை2னா தெட்டொ எல்லெகொ3யொ,That lid belongs to this,அந்த மூடி இதனுடையது
எல்லெ பி3யாத் தெல்லெகொ3யொ,This key belongs to that,இந்த சாவி அதனுடையது
எல்லெ கொங்கொ3ஹால் கெரத்தக் முஸை?,By whom can this be done?,இதை யாரால் செய்ய முடியும்?
"ந்ஹா, தெல்லெ மொரெஹால் ந்ஹா","No, it was not by me","இல்லை, அது என்னால் அல்ல"
தொரெஹால் தெல்லெ முஸட3த்தக் முஸுனா,It can not be finished by you,உன்னால் அதை முடிக்க முடியாது
அவ்ரெஹால் முஸை மெனி அமி ஸங்க்3யாஸ்,We told it can be done by us,எங்களால் முடியும் என்று நாங்கள் சொன்னோம்
துரெஹால் தெனு அவ்யானி,He did not come because of you,உங்களால் அவர் வரவில்லை
தெல்லெ எகொ3ஹால் மெனானா,It can not be told by him,அதை இவனால் சொல்ல முடியாது
தெகொ3ஹால் அஸ்கிதெனு ஸொந்து ஹொத்3யாஸ்,Everyone was happy because of her,அவளால் எல்லோரும் மகிழ்ச்சியாக இருந்தனர்
தெல்லெ எங்கொ3ஹால் கெரத்த முஸி ர்ஹானா,It could not have been done by them,அதை அவர்களால் செய்திருக்க முடியாது
தெங்கொ3ஹால் கொன்னி த4க்கட்3னி ந்ஹீ,There is no threat because of them,அவர்களால் எந்த அச்சுறுத்தலும் இல்லை
தெல்லெ அஸ்கிதெங்க3ஹால் ஒப்பிள்னி பொடெ3ஸ்,It was accepted by all,அது அனைவராலும் ஏற்றுக்கொள்ளப்பட்டது
எல்லெ கொல்லெகொ3ஹால் ஶுத்3த4ம் கெரெயொ?,By which you cleaned this?,இதை எதன் மூலம் சுத்தம் செய்தீர்கள்?
எல்லெகொ3ஹால் தெனொ தேட் ர்ஹீ ஜேடி3,She went away because of this,இதனால் அவள் அங்கிருந்து சென்றுவிட்டாள்
தெல்லெகொ3ஹால் அமி நெஷ்டி பொட்3யாஸ்,We suffered loss because of it,அதனால் நாங்கள் நஷ்டம் அடைந்தோம்
தெல்லெ தேகன் த4மன் நிகி3லெஸ்,It started running by itself,அது தானே இயங்க ஆரம்பித்தது
தெகொ3 காய் பஜெ?,What does she want?,அவளுக்கு என்ன வேண்டும்?
தெல்லெ காயொ மெனி ஸங்கு3வொ,Tell me what it is,அது என்னவென்று சொல்லுங்கள்
தெனொ ககொ3 அவெயொ களாய்யா?,You know why he has come?,அவன் எதற்காக வந்தான் தெரியுமா?
எல்யொ அவ்ரெ கரொ,This is our gift,இது எங்கள் பரிசு
தொகொ3 இஸனி கோன் ஸிக்கடி3 தி3யெயொ?,Who taught you like this?,உனக்கு யார் இப்படிக் கற்றுக் கொடுத்தது?
அமி திஸனி கெருவாய்,We can do like that,நாம் அப்படி செய்யலாம்
எல்லெ ஸாத4னாக் கிஸனி வவ்ஜத்தெ?,How to play this instrument?,இந்த கருவியை எப்படி வாசிப்பது?
அஸொகி வத்தொ கெரன்ஹோனா,Should not talk like that,அப்படியெல்லாம் பேசக்கூடாது
கொ2ப்3ப3தி3 இஸொ சலய்யா?,Will it ever happen like this?,எப்போதாவது இப்படி நடக்குமா?
திஸொ கோன் மெனெயொ?,Who told like that?,அப்படி யார் சொன்னது?
மீ கிஸொ கே4ர் அவெஸ் மெனி களாரனி,I do not know how I reached home,நான் எப்படி வீட்டுக்கு வந்தேன் என்று தெரியவில்லை
எல்லெ கோனொ காம் கெரரஸ் மெனி இவர் கெருவொ,Explain how it works,இது எவ்வாறு செயல்படுகிறது என்பதை விளக்குங்கள்
இக்கொ மந்து பி2ஜ்ஜாய்,This much manure is enough,இவ்வளவு உரம் போதும்
தெல்லெகொ3 திக்கொ பஜெஹோனா,It does not need that much,அதற்கு அவ்வளவு தேவைப்படாது
எல்லெ கிக்கொ?,How much is it?,இது எவ்வளவு?
இத்கவ் மீட் பி2ஜ்ஜாய்,This much salt is enough,இந்த அளவு உப்பு போதும்
மொரெஹால் தித்கவ் தே3த்தக் முஸுனா,I can not give that much,என்னால் அவ்வளவு கொடுக்க முடியாது
கித்கவ் தெனு அவன் ஜாரியொ?,How many persons are going to come?,எத்தனை பேர் வரப் போகிறார்கள்?
இத்கயெ பொள்ளான் கோன் கா2ட் மெனெயொ?,Who asked to buy this many fruit?,இத்தனை பழங்களை யார் வாங்கச் சொன்னார்கள்?
தித்கயெ தெனு கோட் ஜியாஸ்?,Where did that many people go?,அத்தனை பேர் எங்கே போனார்கள்?
தெல்லெ கித்கயெ ர்ஹாய் மெனி ஸங்கு3வொ,Tell me how many it will be,அது எத்தனை இருக்கும் என்று சொல்லுங்கள்
எல்லெட் பொவ்ஸ் பொட3ரஸ்,It is raining here,இங்கு மழை பெய்கிறது
தெல்லெட் பு4ய்ஞ் காய் மோல்?,How much is the land price there?,அங்கு நிலத்தின் விலை எவ்வளவு?
மேட்ஹொயெ கெட்3ஸனு கொ2ள்டி கொல்லெட் அப்3ப3ய்?,Where to get the best leather bag?,சிறந்த தோல் பை எங்கே கிடைக்கும்?
ஏட் ஹூன் வேன் ஸே,It's too hot here,இங்கே வெயில் அதிகமாக இருக்கிறது
தேட் எலா மோல் உன்னொ,Cardamom price is low there,அங்கே ஏலக்காய் விலை குறைவு
பி3யாத் கோட் தொ2வெயொ மெனி ஹவ்ட3ன் ந்ஹீ,I do not remember where I put the keys,சாவியை எங்கே வைத்தேன் என்று ஞாபகம் இல்லை
கோட்தேட் மோதி3 மெனத்தேஸ் வத்தொ,Modi is the talk everywhere,எங்கெங்கும் மோடி என்பதே பேச்சு
ஸுனொ கொட்டி தெ3க்கிணி பொடெ3னி,The dog was nowhere to be seen,நாய் எங்கும் தென்படவில்லை
இக்கெ தரொ ஹொயெ காப்பி கொட்டிம் அப்3பு3னா,Nowhere you will get such a good quality coffee,இவ்வளவு தரமான காபி எங்கும் கிடைக்காது
தெனு கோட்டி ஜீ ர்ஹவாய்,He may have gone somewhere,அவர் எங்காவது போயிருக்கலாம்
து3ஸுரொ கோட் அப்3ப3ய்?,Where else to get it?,வேறு எங்கு கிடைக்கும்?
தெல்லெ அங்கி3டி3 ஜதொ து3ஸுர கொட்டி அப்3பு3னா,Nowhere else you get it other than that Store,அந்த கடையைத் தவிர வேறு எங்கும் கிடைக்காது
து3ஸுரொ கோட்தி3 யத்னு கேர்,Try somewhere else,வேறு எங்காவது முயற்சிக்கவும்
அஸ்கிதேட் ஒண்டே மோலுஸ்,The price is the same everywhere,எல்லா இடங்களிலும் ஒரே விலைதான்
தெத்தேட் த2ணைதுன் ஹிப்3பி3 ஹொத்3யாஸி,Police were standing sporadic,ஆங்காங்கே போலீசார் நின்று கொண்டிருந்தனர்
நெத்3தி3க் எங்கு3ட் பொகட் ஹரளிகன் ஸே,This side of the river is green,ஆற்றின் இந்தப் பக்கம் பசுமையாக இருக்கிறது
தெங்கு3ட் பொகட் கோன் ஜிவன்?,Who will live on that side?,அந்தப் பக்கம் யார் வாழ்வார்கள்?
கௌ2னஸ் கொங்கு3ட் பொகட்?,Which side is east?,கிழக்கு எந்தப் பக்கம்?
எமாம் ஹண்டி3க் தீ2ன் தி3 பி3ஜ்ஜன் தொ2வொ,Soak the pan in this for three days,இதில் கடாயை மூன்று நாட்கள் ஊற வைக்கவும்
தெமாம் காய் ஸேத்தெ,What is it in that?,அதில் என்ன இருக்கிறது?
கொமாம் லாப் வேன் ஸே?,Which is more profitable?,எதில் லாபம் அதிகம் உள்ளது?
தெனு கய்கி மெனராஸ்,He is saying something,அவர் ஏதோ சொல்கிறார்
தெனொ கய்கி ஒண்டெ ஸங்க3த்தக் யதுலரஸ்,He is trying to tell something,அவன் ஏதோ ஒன்றை சொல்ல முயல்கிறான்
கய்தி ர்ஹியெத் ஸங்கு3வொ,Tell me if any,ஏதேனும் இருந்தால் சொல்லுங்கள்
கய்தி ஒண்டெ மெல்லேத் ர்ஹானகொ3,Don’t keep saying something,ஏதாவது ஒன்றை சொல்லிக் கொண்டிருக்காதே
கொ2ப்3பி3ம் காய்தி சொவ்தி3லேத் ர்ஹான்,Always reads something,எப்போதும் எதையாவது படித்துக் கொண்டிருப்பார்
தெகொ3ஜொவள் காய்தி ஒண்டெ ஸங்கி3 வெது3ர் கெர்லெ,Deal with telling him something,அவனிடம் ஏதாவது ஒன்றை சொல்லி சமாளி
மொரெ பில்லாக் கோனதி3 தெல்லெ ஹுரிம் செர்ச்சி ஸொடு3வொ,Get my child enrolled in that school somehow,என் பிள்ளையை எப்படியாவது அந்தப் பள்ளியில் சேர்த்து விடுங்கள்
தெனொ கொனக்கி பரீக்ஷாம் லங்கி3தி3,Somehow she passed the exam,அவள் எப்படியோ தேர்வில் தேர்ச்சி பெற்றாள்
"தூ காய்பயெத் ஸங்கி3, மீ ஐகத்திஸொ ந்ஹீ","Say whatever you want, I'm not listening","நீ என்ன வேண்டுமானாலும் சொல், நான் கேட்பதாக இல்லை"
கோட் பயெத் ஜா,Go anywhere,எங்கு வேண்டுமானாலும் செல்
துமி கோன ந்ஹா ஜவாய்,You can go however you want,நீங்கள் எப்படி வேண்டுமானாலும் போகலாம்
கோன் பயெத் துக்குவாய்,Anyone can lift,யார் வேண்டுமானாலும் தூக்கலாம்
கோன்தி3 காய்தி மெனந்தொ3,Let someone say something,யாராவது ஏதாவது சொல்லட்டும்
கொங்கொ3 பயெத் பொ3வொ,Call whomever,யாரை வேண்டுமானாலும் அழையுங்கள்
துமி கொல்லெ பயெத் க2ல்லுவொ,Take whichever you want,நீங்கள் எதை வேண்டுமானாலும் எடுத்துக் கொள்ளுங்கள்
மீ கொ2ப்3பொ3 ந்ஹா ஜவு,I will go whenever I want,நான் எப்போது வேண்டுமானாலும் செல்வேன்
தெல்லெ கொங்கொதி3க் விக்குவொ,Sell ​​it to someone,அதை யாருக்காவது விற்கவும்
எல்லெ கொக்கொதி3 பிர்ஜனம் பொடு3வாய்,This may be useful for something,இது எதற்காவது பயனுள்ளதாக இருக்கலாம்
ப4ராட் ர்ஹீ கொன்கீ பொ3வராஸ்,Someone is calling from outside,வெளியில் இருந்து யாரோ அழைக்கிறார்கள்
கொட்கீ மிர்க்கைலொ பு4ஞ்ஜராஸ்,Somewhere they are roasting chili,எங்கேயோ மிளகாய் வறுக்கிறார்கள்
ஜ2ஞ்ஜு லெந்தொ அஸ்கி ஹுடா3ன் ரத்3து3 ஹொய்யொ,All flights were canceled due to heavy rain,கனமழை காரணமாக அனைத்து விமானங்களும் ரத்து செய்யப்பட்டன
ஜ2ஞ்ஜு லெங்கொ3 அஸ்கி ஹுரினுன் ஜ2ய்தியா,All schools were closed due to heavy rain,கனமழை காரணமாக அனைத்து பள்ளிகளும் மூடப்பட்டன
தெ2வ்டொ3 ஜா2டு3ன் ஒர்ஸுக் தீ3 வால் பானுன் லலஸு,Some trees shed their leaves twice a year,சில மரங்கள் வருடத்திற்கு இரண்டு முறை இலைகளை உதிர்கின்றன
தெ2வ்டெ3 பொள்ளான் பி3ஸ்ஸொ ஹொட3யி,Some fruits grow fast,சில பழங்கள் வேகமாக வளரும்
மீ எல்லெ துரெ குர்சி க2ட3யொ,I bought this for you,நான் இதை உங்களுக்காக வாங்கினேன்
ஸுனொகின் மஞ்ஜிரினுக் ஹொவ்ட3ராஸ்,He raises dogs and cats,நாய் மற்றும் பூனைகளை வளர்க்கிறார்
மொகொ3 பஜெ ஹோரியொ எல்லெ மெல்லொ ந்ஹா,I want nor this,எனக்கு வேண்டியது இதுவுமல்ல
மொகொ3 தெகொ3 ஒப்பாய் மெகி தெகொ3 ஸுனாக் ஒப்பானா,I like him but do not like his dog,எனக்கு அவனை பிடிக்கும் ஆனால் அவனுடைய நாயை பிடிக்கவில்லை
து4வாரி ந்ஹீஜியெத் வீள்டாக் அவன்,Will come in the afternoon or evening,மதியம் அல்லது மாலையில் வருவார்
துமி அங்கு3 ஜீரியொ ந்ஹீயா?,Have not you gone yet?,நீங்கள் இன்னும் செல்லவில்லையா?
"அவ்ரெ ஜொவள் ஜு2க்கு கெ4டி ஸே. ஹாலி, காய் அவ்ஸர்?","We have plenty of time. So, why hurry?","எங்களிடம் நிறைய நேரம் இருக்கிறது. எனவே, ஏன் அவசரம்?"
மீ அவ்னா மெனி கோன் மெனெயொ?,Who said that I would not come?,நான் வரமாட்டேன் என்று யார் சொன்னது?
ஸொங்கொ3 மெந்தி க2டெ3த் ஹன்னவ் வித்தாக் ஹோய்,Buying because it is cheap is a waste of money,மலிவு என்பதால் வாங்குவது பண விரயம் ஆகும்
தீ3 தெமாம் ஒண்டெ காம் கெரய்,Either of the two will work,இரண்டில் ஏதேனும் ஒன்று வேலை செய்யும்
தி3ய்யொ சொக்கட் கீது3ன் ந்ஹா,Neither of them are good songs,இரண்டுமே நல்ல பாடல்கள் இல்லை
ஹந்தா3ர்கன் ஹொதெ3ஸ். ஹொயெத் மொரெஹால் ஸாத்தக் முஸெஸ்,It was dark but I could see,இருட்டாக இருந்தது ஆனால் என்னால் பார்க்க முடிந்தது
துங்கொ3 ஒப்பாரஸ் மெனெத் க2டெ3ன்,"Let us buy it, if you like it",உங்களுக்கு பிடித்திருக்கிறது என்றால் வாங்குவோம்
தெனு ஹிந்தொ3 ஒண்டெதி3 ஒண்டெ அவ்காஸும் ஸேத்தெ,He is on vacation for only one day today,அவர் இன்று ஒரு நாள் மட்டும் விடுமுறையில் இருக்கிறார்
நிஸ்தொ வத்தொ ஹால் காய் பிர்ஜனம்?,What is the use of mere talk?,வெறும் பேச்சால் என்ன பயன்?
தெனு ர்ஹியெத் ஒண்டேஸ் ஸங்கு3வொ,Tell me only if he is present,அவர் இருந்தால் மட்டும் சொல்லுங்கள்
மொகொ3 ஒண்டேஸ் களாய்,Only I know,எனக்கு மட்டுமே தெரியும்
தீ3 தி3ன்னுன் மாத்ரமூஸ் அவ்காஸ் தி3ன்னு,Holidays for only two days,இரண்டு நாட்கள் மட்டுமே விடுமுறை
எல்லெ கொ3ளி தீ2ன் தி3ன்னுக் கெத்3தி3,This pill is for three days only,இந்த மாத்திரை மூன்று தினங்களுக்கு மட்டுமே
துமி துரெ கொத்3தி3 ஸீலுவொ,You look after yourself only,நீங்கள் உங்களை மட்டும் பார்த்துக் கொள்ளுங்கள்
தொரெ ஸெங்கா3டி3 கோன் அவரியொ?,Who is coming with you?,உன்னுடன் யார் வருகிறார்கள்?
தெனு மொரெ ஸெங்கொ3 பொள்க3ராஸ்,He is getting along with me,அவர் என்னுடன் பழகுகிறார்
தெனு மொரெ ஸெங்கொ3 உஜ்யாத்தெனு,He was born with me,அவர் என்னுடன் பிறந்தவர்
தெகொ3 ஸெர்மாட் கோன் ஸேத்தெ?,Who is with her?,அவளுடன் யார் இருக்கிறார்கள்?
தெனொ மெல்லொ தொரெ ஸெராட் ஸேத்தெயா?,Is he with you too?,அவனும் உன்னுடன் இருக்கிறானா?
தெனு மொரெ ஸெரொ வத்தொ கெரரியொ ந்ஹீ,He is not talking with me,அவர் என்னுடன் பேசுவதில்லை
தெங்கொ3 போ3 மெல்லொ அவ்ங்கொ பொ3வ்யாஸ்,His father also called us,அவருடைய தந்தையும் எங்களை அழைத்தார்
எல்லெ தெங்கொ3 பெ3ய்லுக் மெள்ளி களானா,Even his wife did not know this,இது அவரது மனைவிக்கு கூட தெரியாது
கா3யினுக் மெளாதுகு கோ2ருன் ஸே,Cows also have hoof,பசுக்களுக்கும் குளம்புகள் உண்டு
தெனு மெளொ காம் ஸொட்3டி3யா,He also quit his job,அவரும் வேலையை விட்டுவிட்டார்
ப்ராமொ மென்தொ கொன்னி வெது3ர் ஸனாத்தொ து3ஸுரெ தெங்கொ3 ஸஹாவ் கெரத்தெ,Love means helping others without any expectation,அன்பு என்பது எந்தவித எதிர்பார்ப்பும் இல்லாமல் பிறருக்கு உதவுவது
தெங்கொ3 ஆதா4ர்கெரின் கொன்னி ந்ஹீ. ஹொயெத் மெல்லொ தெனு ஜெவுஞ்சிதியா,There was no supporters to him. Still he won,அவருக்கு ஆதரவாளர்கள் யாரும் இல்லை. ஆனாலும் அவர் வெற்றி பெற்றார்
மூகொ3 வேன் ர்ஹியெத் மெல்லொ சுரும் க2டத்தக் முஸெஸ்,"Though the crowd was high, I was able to buy quickly",கூட்டம் அதிகமாக இருந்தாலும் சீக்கிரம் வாங்க முடிந்தது
எத்மெள்ளி துமி மொரெஜொவள் ஸங்கி3 ர்ஹனொ,But still you should have told me,ஆனாலும் நீங்கள் என்னிடம் சொல்லியிருக்க வேண்டும்
துங்கொ3 பஜெமெனெ வேங்கு3 தெல்லெ அப்3பு3னா,You can't get it as soon as you want it,நீங்கள் விரும்பிய உடனே அதைப் பெற முடியாது
திக்காம் கோட் ஜியெயொ?,Where did you go by then?,அதற்குள் எங்கு சென்றாய்?
"தெல்லெ பனி பே ஹோனா. ககொ3 மெனெத், தெல்லெ விக்கு",Do not drink that water because it is poisonous,"அந்தத் தண்ணீரைக் குடிக்கக் கூடாது, ஏனென்றால் அது விஷம்"
பு2ரொ ஹொயெ ஹன்னவ் ஸேத்தெ ஹால் தா3ன் கெரராஸ்,He donates because he has enough money,போதிய பணம் இருப்பதால் தானம் செய்கிறார்
தெகொ3ஹால் தெனு சுரும் ஜியாஸ்,So he went quickly,அதனால் அவர் சீக்கிரம் சென்றார்
தெக ஹால் அமி அவ்ங்கொ ரக்ஷுல்னொ,We should protect ourselves with it,அதைக் கொண்டு நாம் நம்மைப் பாதுகாத்துக் கொள்ள வேண்டும்
தெனு அபுல் பெ4ய்ன் ஹால் பரீக்ஷொ லிக்யாஸ்,He took the exam because of his sister,அவர் தனது சகோதரியால் தேர்வெழுதினார்
தெனு மொரெ கே4ர் லொகு3த்து வஸராஸ்,He lives near my house,அவர் என் வீட்டிற்கு அருகில் வசிக்கிறார்
ஸுந்து3ரு ஸொவடு நரளு ஜா2டு3ன் ஜு2க்கு ஹொட3யி,Coconut trees grow abundantly near the sea,கடலுக்கு அருகில் தென்னை மரங்கள் அதிகமாக வளரும்
"ரூடி4 அனுஸார், தெனு வேட் பி3ல்லி ஹொத்3யாஸ்","According to tradion, he was wearing Dhoti","பாரம்பரியத்தின் படி, அவர் வேட்டி அணிந்திருந்தார்"
மீ தொகொ3 நொம்மி ந்ஹீ,I do not depend on you,நான் உன்னை சார்ந்து இல்லை
உத்பத்திக் தயெ தா4னுக் மோல் மர்ச்சாயி,Price vary depending on the production,உற்பத்தியைப் பொறுத்து விலை மாறுபடும்
ஸுனொ ஸங்கெ3 தா4னுக் கெரரஸ்,The dog does as it is told,நாய் சொன்னபடி செய்கிறது
"அம்ப3ட், கெ2ருட், ஒகு3ர், கொடு3, கு3ல்லெ, திக்கெ ஹோனுக் ருசின் ஸோயோ","Tastes are six viz., Sour, Salty, Astringent, Bitter, Sweet, Pungent","புளிப்பு, உப்பு, துவர்ப்பு, கசப்பு, இனிப்பு, காரம் என சுவைகள் ஆறு"
தொரொ ஸொகன் மீ கொங்கி3க் ஸீரனி,I have never seen anyone like you,உன்னைப்போல் நான் யாரையும் பார்த்ததில்லை
தெங்கொ3 பொண்டி3 தொ3வ்ட3த்தக் ஒப்பாய். தெல்லே தா4னுக் தெங்கொ3 சலத்தக் ஒப்பாய்,"He likes to drive a car. Likewise, he likes to walk","அவருக்கு கார் ஓட்ட பிடிக்கும். அதேபோல், அவருக்கு நடக்க பிடிக்கும்"
"ஜா2ட்3 ஹோர்செடி3 ஹொட்3தொ, ஹொட்3தொ ஜு2க்கு ஸைலொ தி3யெஸ்",The tree gave a lot of shade as it grow and grow further,"மரம் மேற்கொண்டு வளர, வளர நிறைய நிழல் கொடுத்தது"
ஹொல்லொ காய் கெரத்திஸொ யோஜனொ கெர்ராஸ்?,What are you planning to do further?,மேலும் என்ன செய்ய திட்டமிட்டுள்ளீர்கள்?
பனி ஜுக்3கு3 ஸேத்தேட் நரள் ஜா2ட்3 ஹொட3யி,Coconut trees grow where there is plenty of water,தண்ணீர் அதிகம் உள்ள இடத்தில் தென்னை மரங்கள் வளரும்
தெனு வேன் மக3ராஸ்,He is asking a lot,அவர் நிறைய கேட்கிறார்
ஹூனு ஹால் ஜு2கு3 தெனு தா4ம் தெ4ர்த்தியா,Many ran away because of the heat,வெயிலின் காரணமாக பல பேர் ஓட்டம் பிடித்தனர்
ஜு2க்கு மூகு3ன் ராணும் ஜிவஸு,Most animals live in the wild,பெரும்பாலான விலங்குகள் காடுகளில் வாழ்கின்றன
"ஹித்3தி3 ந்ஹன்ன கொ2ட்டாக் ரூ 10,000 ஜு2கு3வேன்","Rs 10,000 is too much for such a small room","இவ்வளவு சிறிய அறைக்கு ரூ.10,000 மிக அதிகம்"
ஏட் பொ3ண்டி3 தரொ வேன்ஜு2க்கு மெனி லக3ரஸ்,I think car fares are too much here,இங்கு கார் கட்டணம் மிக அதிகம் என்று நினைக்கிறேன்
ஜு2க்குகன் ஒள்டு3ன் ஹூனுஹால் பா3தொ3 பொட3ராஸ்,Mostly the elderly suffer from hot sun,பெரும்பாலும் வயதானவர்கள் வெயிலால் பாதிக்கப்படுகின்றனர்
எல்லெ கே4ர் ப4ந்தி3 ரமாரமி 50 ஒர்ஸுன் ர்ஹாய்,It will be approximately 50 years since the house was built,இந்த வீடு கட்டி ஏறக்குறைய 50 வருடங்கள் இருக்கும்
மொகொ3 ஹோரு ஹோரு மெனட்னகொ3,Do not make me tell again and again,என்னை மீண்டும் மீண்டும் சொல்ல வைக்காதே
ஸம்பா3ரும் மீட் ரொவ்வொ உன்னொஉபி3ர் ர்ஹவாய்,The salt in the sambar may be a llittle more or less,சாம்பாரில் உப்பு கொஞ்சம் கூடக்குறைய இருக்கலாம்.
ஒண்டேஸ்கொ சொட்3டொ3 வத்தொ கெர்னாங்கொ3,Do not lie at once,ஒரேயடியாக பொய் சொல்லாதீர்கள்
துமி தீ3தெனு செரி பி3ஸுவொ,You two sit together,நீங்கள் இருவரும் ஒன்றாக உட்காருங்கள்
தெனொ ஸதா3கலம் தெங்கோ3ஸ் ஹவ்டி3லேத் ஸே,She is thinking of him forever,அவள் என்றென்றும் அவரையே நினைத்துக் கொண்டு இருக்கிறாள்
கூ4ஸுன் ஒண்டொண்டெ காய் ம்ஹொடொ3 ஸே !,How big are each of the bandicoot rats!,பெருச்சாளிகள் ஒவ்வொன்றும் என்ன பெரிதாக இருக்கிறது !
ஒண்டால் தோன் தெ3க்கட்டி ஜா,Show your face once and go,ஒருமுறை முகத்தை காட்டிவிட்டு செல்
வாரும் ஒண்டால் தி3 ந்ஹவன் க4ல்லெ,Take an oil bath at least once a week,வாரம் ஒரு முறையாவது எண்ணெய் தேய்த்துக் குளி
மீ ஒண்ட்டால் மெல்லொ ஹுடா3னும் ஜீரனி,I have never been on a plane before,நான் ஒருபோதும் விமானத்தில் சென்றதில்லை
தெனொ ஒவேளும் சொட்3டொ3 வத்தொ கெர்னா,She will never lie,அவள் ஒருபோதும் பொய் சொல்ல மாட்டாள்
மொரெ ஐங்கே4ர்போ3 வாட்கன் மொகொ3 ஸமாசார் அப்3பெ3ஸ்,I got the message through my grandfather,என் தாத்தா மூலம் எனக்கு செய்தி கிடைத்தது
தெனு அதீத கரென் ஹெட்3லேத் அவராஸ்,He is taking extreme measures,அவர் தீவிர நடவடிக்கைகளை எடுத்து வருகிறார்
வத்3தி3 பரம ஸொந்தோஷ் பொட்3யாஸி,The teacher was extremely happy,ஆசிரியர் மிகவும் மகிழ்ச்சியடைந்தார்
திஸனி அஸ்கி ஹோத்தக் முஸுனா,It can not happen like that,அப்படியெல்லாம் நடக்க முடியாது
மாய் ஸதா3 அபுல் பில்லல்னுக் தெ4ரி விசார் பொட3ஸு,Mother is always worried about her children,தாய் எப்போதும் தன் குழந்தைகளைப் பற்றி கவலைப்படுகிறாள்
தெனு அபுல் ஶில்மொ தொகன் அப்3பெ3 ஹன்னவும் கே4ர் ப4ந்த்3யாஸி,He built the house with the money he got from his labor,அவர் தன் உழைப்பில் இருந்து கிடைத்த பணத்தில் வீடு கட்டினார்
மீ 2009 ம் ர்ஹீ அமெரிக்காம் ஸேத்தெ,I have been in the United States since 2009,நான் 2009 முதல் அமெரிக்காவில் இருக்கிறேன்
பொ3ண்டி3 க2டெ3 வேள் ர்ஹீ ஹிம்ஸோஸ்,It's been a nuisance since I bought the vehicle,வாகனம் வாங்கியதில் இருந்தே தொல்லை தான்
தீ3தி3 தோன் ர்ஹீ ஸுனொ கை2ரனி,The dog has not eaten for two days,இரண்டு நாட்களாக நாய் சாப்பிடவில்லை
அம்பா3க் ஸா லெந்து பில்லொ ரொட்3லேத் ஹொதெ3ஸி,The kid was crying till he saw his mother,அம்மாவை பார்க்கும் வரை குழந்தை அழுது கொண்டிருந்தது
த3ரி எவெள் லெந்து அவ்ரினி,The maid has not shown up until now,வேலைக்காரி இது வரை வரவில்லை
எல்லெ பெய்னொ 3 கெ4ண்ட4யன் லொவ்லாம் ர்ஹாய்,The trip will be within 3 hours,இந்த பயணம் 3 மணி நேரத்திற்குள் இருக்கும்
வேள் ஜதொ ஜதொ தப்பினி ஹிங்கி3லேத் அவெஸி,The temperature kept rising as time went on,நேரம் செல்ல செல்ல வெப்பநிலை உயர்ந்து கொண்டே வந்தது
அவ்தொ அவ்தொ தீ3 செக்குர் பொ3ண்டி3 தொ3வ்ட3த்தக் தா4க் கெரரஸ்,"Of late, it is scary to drive a two-wheeler",வர வர இரு சக்கர வாகனம் ஓட்ட பயமாக இருக்கிறது
"அவ்ராம் அமி மல்லியெத், ப4ராடு3 தெனு பி4த்தர் அவ்ட3ன்","If we fight ourselves, outsiders will infiltrate",நமக்குள் சண்டையிட்டால் வெளியாட்கள் உள்ளே புகுந்து விடுவார்கள்
துமி தெங்கொ3 ரொவ்வாம் ரொவ்வொ கெரத்தக் ஸொட்3னொ,You have to let them do to some extent,நீங்கள் அவர்களை ஓரளவுக்கு செய்ய விட வேண்டும்
தெனு ரொவ்வொ ரொவ்வொ கெரி ரீண் ஸர்த்தியா,He paid off the debt little by little,அவர் கொஞ்சம் கொஞ்சமாக கடனை அடைத்தார்
தெனு ஒளொ ஒர்ஸு ஹொயாத்தெனு,He is a little old,அவர் கொஞ்சம் வயதானவர்
தெனொ மொகொ3 கெரெ ஹிம்ஸொ ஒளொதிளொயா?,Is the harassment he gave me a little bit?,அவன் எனக்குக் கொடுத்த தொல்லை கொஞ்சநஞ்சமா?
ஒளோகு பனி ஸொட்3னொ,Pour a little water,கொஞ்சமாக தண்ணீர் ஊற்றவும்
மொகொ3 ரோம்கொ ஹிந்தி3 சொவ்த3த்தக் களாய்,I can read Hindi a little,எனக்கு ஓரளவு ஹிந்தி படிக்கத் தெரியும்
தோத் பொடெ3த் கே4ர் அவொ,Come home if you get the chance,வாய்ப்பு கிடைத்தால் வீட்டுக்கு வாருங்கள்
ஒகவேள் தெனொ ஸானா ஜியெத்?,In case he does not see?,ஒரு வேளை அவர் பார்க்கவில்லை என்றால்?
மொகொ3 முது3ல்லோஸ் களாய்,I know it already,எனக்கு ஏற்கனவே தெரியும்
காம் ந்ஹீத்தெகொ3 ஹொராட் கிங்கெ?,How marriage for an unemployed?,வேலை இல்லாதவனுக்கு திருமணம் ஏது?
"தொப்பிதொரி வம்னி அவெத், எல்லெ கொ3ளிக் க2வொ","In case you have vomiting, take this pill","ஒரு வேளை வாந்தி வந்தால், இந்த மாத்திரையை சாப்பிடுங்கள்"
உன்னொ பொட3யொ தீ2ன் தி3ன்னு லக3ய்,It will take minimum three days,குறைந்தபட்சம் மூன்று நாட்கள் ஆகும்
"பா4ஞ்சன், காய் ஒண்டெ புஸினி !!!","Wow, what a question !!!","ஆஹா, என்ன ஒரு கேள்வி!!!"
ஹித்3தி3 ந்ஹன்ன கொ4ம்மொ துமி கோனக் ஜிவராஸ்?,How do you live in such a small house?,இவ்வளவு சிறிய வீட்டில் நீங்கள் எப்படி வசிக்கிறீர்கள்?
"இஸ்னொ அல்லொ செர்ச்செத், குருமா ருசிகன் ர்ஹாய்",Add a little ginger to make the Kuruma tasty,சிறிது இஞ்சி சேர்த்தால் குருமா சுவையாக இருக்கும்
கோ3ஸ் தீளுக்கொ ரெங்கு3 பு4ர்கொ தாய்,Just add very little color powder,சும்மா சிறிதளவு சாயப்பொடி போடு
துமி அவஸ்யம் அவ்ரெ கே4ர் அவ்னொ,You must come to our house,நீங்கள் கட்டாயம் எங்கள் வீட்டிற்கு வர வேண்டும்
வாத3ளொ அவரியொஹால் அத்3யாவஸ்யம் ஹொயெ வஸ்துன் க2டி3 தொ3வ்லுவொ,Buy essentials as the storm comes,புயல் வருவதால் இன்றியமையாத பொருட்களை வாங்கவும்
அஸ்கி அனாவஸ்யம் ஹொயெ வஸ்துனுன் விஸ்தவொ,Throw all unnecessary items,அனைத்து தேவையற்ற பொருட்களையும் தூக்கி எறியவும்
தெனு த4னவான். அத2வா வேன் ஸாதா4ரணம் ஹொயாத்தெனு,"He is rich. However, he is very simple","அவர் பணக்காரர். எனினும், அவர் மிகவும் எளிமையானவர்"
பொள்ளான் அத்3தி3கு அப்3ப3ரஸ்,Fruits are available in abundance,பழங்கள் ஏராளமாக கிடைக்கிறது
மீ ஏடா2ம் ஹொடெ3யொ,I grew up in this place,நான் இந்த இடத்தில் வளர்ந்தேன்
தை3வத்தொகின் யத்னு செர்னாத்தக் கை ஹோனா,Nothing happens without the addition of luck and effort,அதிர்ஷ்டமும் முயற்சியும் இல்லாமல் எதுவும் நடக்காது
கொகொலெந்தொ அங்குன் உன்னொ பொட3யொ?,Why are the scores low?,மதிப்பெண்கள் ஏன் குறைந்தது?
மீ அங்கு3 கோன்ல்3ங்கு3 ஜனொ ஹோரியொ?,How far should I go still?,நான் இன்னும் எதுவரை செல்ல வேண்டும்?
தெகலெந்த மீ கா2ன் ஜாரியொ ந்ஹீ,Until then I am not going to eat,அதுவரை நான் சாப்பிடப் போவதில்லை
தெனொ அஸ்கிதெங்கொ3 ஜொவள் ஜீலி அவுஸ் மெனி மென்தி நிகி3ளி ஜீஸ்,She said bye to all and left,அவள் எல்லோரிடமும் விடைபெற்றுச் சென்றாள்
அமி த4வ்ராக் ஜியென்,Let us go to temple,நாம் கோயிலுக்குப் போவோம்
அமி சல்சித்ராக் ஜியென்யா?,Shall we go to the movies?,நாம் படத்திற்கு போகலாமா?
த்யெ ஒய்து3 கோனு?,Who is that doctor?,யார் அந்த மருத்துவர்?
ப2ல விசார் பொட3 ஹோனா,Should not worry later,பிறகு கவலைப்படக் கூடாது
ஸெட்டி பி4ள்ளொகன் சலெஸ்,The naming ceremony went great,பெயர் சூட்டும் விழா சிறப்பாக நடந்தது
ஸெட்டிக் பொ4வெ ஒஸ்துன் அவி ஹொத்3யாஸ்,Many relatives came to the naming ceremony,பெயர் சூட்டும் விழாவிற்கு அநேக உறவினர்கள் வந்திருந்தனர்
தெங்கொ3 வினேக கொங்கி ஹால் தெல்லெ கெரத்தக் முஸுனா,"Except him, no one can do that",அவரைத் தவிர யாராலும் அதைச் செய்ய முடியாது
தெல்லெ அங்கி3டி3ம் பூ2ல் ஜத அஸ்கி அப்3ப3ய்,You get everything except flower in that shop,அந்தக் கடையில் பூவைத் தவிர அனைத்தும் கிடைக்கும்
அம்பொ3 ஜதொ து3ஸுரெ கொங்கிஹால் ஸீலத்தக் முஸுனா,No one can take care of it except mom,அம்மாவைத் தவிர வேறு யாராலும் பார்த்துக்கொள்ள முடியாது
பல்லினி ஹிம்ஸொ கெ4ர்பின் உரேகதி கொங்க3க் களாய்?,Who knows about labor pains except pregnant women?,பிரசவ வலி பற்றி கர்ப்பிணிகளை தவிர யாருக்கு தெரியும்?
தெங்கொ3 ராஸி ஒண்டேஸ் ஹொயெத்மெள்ளி நெட்சத்ருன் வெகுளொ,"Although the zodiac is the same, the stars are different for them",அவர்களுக்கு ராசி ஒன்றுதான் என்றாலும் நட்சத்திரங்கள் வேறு
தெனு கொ2ப்3பி3ம் ஸன் ஹொயெ காராணாக் தா3ன் தே3ராஸ்,He always donates for a noble cause,அவர் எப்போதும் உன்னத நோக்கத்திற்காக தானம் செய்கிறார்
ஒர்ஸு ஹொயெ மாய்பா3புக் ஸீலத்தெனோஸ் ஸு புத்ருனு,Those who care for aging parents are the best sons,வயதான பெற்றோரைப் பராமரிப்பவர்கள் சிறந்த மகன்கள்
மொரெ ஸாம்மு ஹொதெ3 அங்கி3டி3 ஹுலொ லய்டி3யொ,The shop in front of me caught fire,எனக்கு எதிரே இருந்த கடை தீப்பிடித்தது
ரொகி3 நாடி3 ஸுடம் ஸே,The patient's pulse is steady,நோயாளியின் துடிப்பு சீராக உள்ளது
தெனு ஸுஹாஸ்கன் அஸ்யாஸி,He smiled softly,அவர் மந்தகாசமாக சிரித்தார்
த3ல்லொ பெ3ய்லுக் ஊடொ3 அமி ஜா ஹோனா,We should not interfere between husband and wife,கணவன் மனைவி இடையே நாம் தலையிடக் கூடாது
மொரெ அட்3ட3ம் ஹிப்3பி3 ர்ஹானகொ3,Do not stand across from me,எனக்கு குறுக்கே நிற்காதே
கெ2னி ஸங்க3த்தவேள் அட்3ட3மட்3ட3ம் ரொடி3ஸி,She cried intermittently while narrating the story,கதை சொல்லும் போது இடையிடையே அழுதாள்
மது3ராக் ம்ஹத்3தி3 அம்மா த4வ்ரொ ஸே,The Meenakshi Amman Temple is located in the center of Madurai,மதுரையின் மையத்தில் மீனாட்சி அம்மன் கோவில் உள்ளது
தொப்பலுக் ம்ஹஜார் ஹிரனு த3மர் ஸே,In the center of the pond is the golden lotus,தெப்பக்குளத்தின் மையத்தில் தங்க தாமரை உள்ளது
"ஜஜ்ஜா, பி2ஜ்ஜாய் தொரெ ஸெரொ","Go, go, enough with you","போ, போ, போதும் உன்னுடன்"
மொகொ3 ஒப்பயத் ஒண்டேஸ் கெரு,I will only do it if I like it,எனக்கு பிடித்தால் மட்டுமே செய்வேன்
மொகொ3 ஒப்பானாத்த ஹால் மீ கெர்னா,I won't do it because I don't like it,எனக்கு பிடிக்காததால் செய்ய மாட்டேன்
"ஹோ, கோனக் ஸே?","Hi, how are you?","ஹாய், எப்படி இருக்கிறீர்கள்?"
"அஹோ பில்லல்னுவோ, கோட் ஜாரியொ?","Hey kids, where are heading to?","ஹே குழந்தைகளே, எங்கு செல்கிறீர்கள்?"
வரொகின் வாத3ளொ ஹால் வராமான் நிச்சு மர்ச்சாஸு,The weather changes daily due to winds and storms,காற்று மற்றும் புயல் காரணமாக நாள்தோறும் வானிலை மாறுகிறது
ஹிந்தொ3 ஹூன் வேன் ஸே,Today the sun is high,இன்று வெயில் அதிகமாக உள்ளது
ஹூந்ஹளத் ஆங்கு3க் விட்டமின் டி3 தே3ஸு,Evening sunlight provides vitamin D to the body,மஞ்சள் வெயில் உடலுக்கு வைட்டமின் டி அளிக்கிறது
களொ மேக்4 பொவ்ஸ் அனஸு,The black cloud brings rain,கருமேகம் மழையை கொண்டுவருகிறது
பொவ்ஸுக் முது3ல்லொ சிணுக் பொடெ3ஸ்,Lightly drizzled before rain,மழைக்கு முன் லேசாக தூறல் விழுந்தது
லேஸ்கன் சிங்குல் லலரஸ்,It is drizzling slightly,லேசாக தூறல் பெய்கிறது
ஸொளொபா2ர் ர்ஹீ ஸீக3ள் தய்லேத் ஸே,It has been drizzling since morning,காலையில் இருந்து தூறல் பெய்து வருகிறது
பொவ்ஸ் ஸுட்டுனாத்தக் பொட்3லேத் ஸே,It is constantly raining,தொடர்ந்து மழை பெய்து வருகிறது
அவ்ரெ வீது3ம் பொவ்ஸு பனி ஹிப்3பி3ரெஸ்,Rainwater is stagnant in our street,எங்கள் தெருவில் மழைநீர் தேங்கி நிற்கிறது
ஜ2ஞ்ஜு ஹால் மென்க்யான் வேன் கெஷ்டம் பொட்லேத் ஸே,People are suffering due to torrential rain,பேய்மழையால் மக்கள் மிகவும் கஷ்டப்படுகின்றனர்
விடி3கவாட் ஜா2ய். ஒஸாட் ஹனரஸ்,Close the window panes. Rain water splashes,ஜன்னல் கதவை மூடு. மழை நீர் தெறிக்கிறது
பொள்டொ ஹொல்லொ கர்கொ பொடெ3ஸி,Hail pounded on the roof,கூரை மீது ஆலங்கட்டி மழை பொழிந்தது
பொ3லொம்ஹொயெ வரொ ஹனெ ஹால் ஜு2கு3 ஜா2டு3ன் மூள் ஸெரொ உக்கயி பொள்டி3யொ,A lot of trees were uprooted due to strong winds,பலமான காற்று வீசியதால் ஏராளமான மரங்கள் வேரோடு சாய்ந்தன
த3க்ஷண் பொகட் ர்ஹீ ஸில்லொ வரொ ஹனரஸ்,The breeze is blowing from the south,தெற்கிலிருந்து தென்றல் வீசுகிறது
உத்தர் பொகட் ர்ஹீ வௌல் ஹனரஸ்,Cold winds blow from the north,வடக்கிலிருந்து வாடைக் காற்று வீசுகிறது
சித்திரை ம்ஹடா3ம் ஹேன் ஹனயி,Hot air blows during the month of Chittirai,சித்திரை மாதத்தில் அனல் காற்று வீசும்
வாத3ளொ தெ3ட்டு பொவ்ஸ் க2ல்லி அவஸு,The storm is bringing heavy rain,புயல் பலத்த மழையைக் கொண்டுவருகிறது
"சக்ரவாத3ளாம் பெ4ண்டு, கா3யின் மெல்லொ ஹுட3ரஸி",Sheep and cows also fly in the hurricane,"சூறாவளியில் ஆடு, மாடுகளும் பறக்கின்றன"
கம்ப3ள் சொக்காய் ஹீமும் ர்ஹீ ஆங்கு3க் கப3ட3யி,Sweaters protect the body from the cold,கம்பளி சட்டைகள் குளிரில் இருந்து உடலைப் பாதுகாக்கும்
ஒர்ஸுஒர்ஸு ஹிமுஸ் வேன் ஹொய்லேத் ஜாரஸ்,The cold is getting worse year by year,வருடாவருடம் குளிர் அதிகமாகிக் கொண்டே போகிறது
ஸில்லா தே3ஶும் இரளா கலமு ஒஸு பொட3ஸு,Snowfall occurs in colder countries during the winter,குளிர் நாடுகளில் பனிக்காலத்தில் பனிப்பொழிவு ஏற்படுகிறது
ஶேலு ந்ஹாத்தக் ஓஸும் ஜானாங்கோ3,Do not go in the snow without a sweater,கம்பளி சட்டை இல்லாமல் பனியில் செல்ல வேண்டாம்
த4னுர் ம்ஹடா3ம் மொஞ்சு வேன் ர்ஹாயி,The fog will be high in the month of Margazhi,மார்கழி மாதத்தில் மூடுபனி அதிகமாக இருக்கும்
ஹிமுஸுகலமு நலர்தேல் கெ4டி3 பொள்ட்3யி,Coconut oil freezes in winter,குளிர்காலத்தில் தேங்காய் எண்ணெய் உறைந்துவிடும்
ஸில்லாகா3மும் ஹிமுஸுகலமு பனி ஹின்னொகன் ஹொய்யாயி,In colder countries the water turns to ice in winter,குளிர்நாடுகளில் குளிர்காலத்தில் தண்ணீர் பனிக்கட்டியாக மாறும்
பனி கெ3ட்3டொ3 க2யெத் க4டி3ம் க2ஜ்ஜு அவயி,Eating ice can cause throat sore,பனிக்கட்டி சாப்பிட்டால் தொண்டையில் புண் வரும்
பிடு3 பொடெ3த் ஜா2ட்3 ஹுலொ லயி ஜெலி ஜேட3யி,"When struck by lightning, the tree will catches fire and burn",மின்னல் தாக்கினால் மரம் தீப்பற்றி எரிந்து விடும்
மேகு3ன் விஜிலிக் ப4ராட்த4ட்3டெ3ரியொஹால் சப3ல் உரு ஹோஸு,Lightning is caused by clouds discharging electricity,மேகங்கள் மின்சாரத்தை வெளியேற்றுவதால் மின்னல் ஏற்படுகிறது
பொவ்ஸுகலமு கெ3ர்ஜனொ ஐகாயி,The thunderclap can be heard during the rainy season,மழைக்காலத்தில் இடி இடிக்கும் சத்தம் கேட்கும்
ர்ஹியெவாகுர் இரன் தி3யெஸி,Suddenly there was thunder,திடீரென இடி இடித்தது
பவி ஸெத்3து3 கான் செவுட் ஜாரஸ்,The sound of thunder pierce the ear,இடிச் சத்தம் காதைப் பிளக்கிறது
பொவ்ஸ் ஸுட்டெ பராது இந்த்3ரத4னுஷ் தெ3க்காயி,The rainbow will appear after the rain stops,மழை நின்ற பிறகு வானவில் தோன்றும்
பொ3ட்டானுக் ரெங்கு3 ஹிங்க3ட3ஸுன்,The fabrics are dyed,துணிகள் சாயமிடப்படுகின்றன
ரெங்கு3 பு4ர்கொ ஜு2கு3 வனிம் அப்3ப3ஸு,Dye powders are available in a lot of coloros,சாயப் பொடிகள் பல வண்ணங்களில் கிடைக்கின்றன
ல்ஹொவா வனி தொ3ளொ உக்கயி,The red color is eye-catching,சிவப்பு நிறம் கண்ணைக் கவரும்
ஸதி3 ஜு2க்குகன் களொ வனிம் ர்ஹாயி,The umbrella is mostly black color,குடை பெரும்பாலும் கருப்பு நிறத்தில் இருக்கும்
பெ4ய்ஸ் காளொ ர்ஹாயி,The buffalo will be black,எருமை கருப்பாக இருக்கும்
நரெளு ஜா2டு3னும் களவனி ரேஸுனுக் ஸவாயி,Black colored scars can be seen on the coconut trees,தென்னை மரங்களில் கறுப்பு நிற வடுக்களை காணலாம்
தூ3த் ஹுஜால் ர்ஹாயி,The milk is white,பால் வெண்மையாக இருக்கும்
ரெக3த் ல்ஹொவொ ர்ஹாயி,The blood will be red,ரத்தம் சிவப்பாக இருக்கும்
த3மர்பூ2ல் ஹல்கொ ல்ஹொவொ வனிம் ர்ஹாயி,The lotus flower is pink,தாமரைப்பூ இளஞ்சிவப்பு நிறத்தில் இருக்கும்
தெ2வ்டெ3 பொ2ருங்கினுக் தொ3ளொ நிளொ ர்ஹாயி,Some whites have blue eyes,சில வெள்ளையர்களுக்கு நீல நிற கண்கள் இருக்கும்
அகாஸ் ஜு2க்குகன் உதொ3கின் ஶுத்3த3ம்கன் ஹொதெ3ஸி,The sky was mostly blue and clear,வானம் பெரும்பாலும் நீலமாகவும் சுத்தமாகவும் இருந்தது
சுண்டெ லெக்கு கெண்டொ3 களொநிளொ பொள்டி3யொ,The color of the skin at the pinched spot turned dark blue,கிள்ளிய இடத்தில் தோல் நிறம் கருநீலமாக மாறியது
லிம்பு3 ஹள்டு3னொ ர்ஹாயி,Lemon will be yellow,எலுமிச்சை மஞ்சள் நிறத்தில் இருக்கும்
ஹரளின் வேன் பொள்ஸொ ர்ஹாயி,The grass is very green,புல் மிகவும் பச்சை நிறமாக இருக்கும்
அஸ்கி ப4ஜ்ஜின் பொல்ஸா வனிம் ர்ஹாயி,All greens are green color,அனைத்து கீரைகளும் பச்சை நிறத்தில் இருக்கும்
பொ2ருங்கி3ன் கோ3ரொ ர்ஹானு,British are whites,ஆங்கிலேயர்கள் வெள்ளையாக இருப்பார்கள்
பா4ரதும் ஜு2க்குதெனு சமல்கன் ஸே,Most people in India are brown,இந்தியாவில் பெரும்பாலான மக்கள் மாநிறத்தில் உள்ளனர்
பொவ்ஸு மேகு4 ராகு வனிம் ஸே,The rain clouds are gray,மழை மேகங்கள் சாம்பல் நிறத்தில் உள்ளன
கள்ஜமுன் கிட்ளகன் மர்ச்சய்யொ,The papers have turned light brown,காகிதங்கள் பழுப்பு நிறமாக மாறிவிட்டன
சார்பாய்ஞினுகு லாக் வனி ஹன்யாஸி,The chairs were painted lacquer,நாற்காலிகள் அரக்கு நிறத்தால் வர்ணம் பூசப்பட்டன
ஸுரிது பூ2லு ஸொன்னா வனிம் ஸே,Sunflower is golden in color,சூரியகாந்தி தங்க நிறத்தில் உள்ளது
ஹுதி3னு ருப்பா வனிம் ஸே,Silverfish are silver in color,அந்துப்பூச்சிகள் வெள்ளி நிறத்தில் உள்ளன
ப2ண்டொ2 மெனரியொ கெண்டா3 ரோ3கு3,Albino is a skin disease,பாண்டு என்பது தோல் நோய்
வேன் ஹூனும் சுட்டு பி2ரெத்தெனு களொ து4ண்டி ஹொய்யானு,People who roam in hot sun become overly black,கடும் வெயிலில் சுற்றித் திரிபவர்கள் அதிக கருப்பாக மாறுவார்கள்
உஜ்ஜினிம் அஸ்கி ந்ஹுருன் ஒண்டேஸி,"All children are the same by birth, but different by nurture","பிறப்பால் எல்லாக் குழந்தைகளும் ஒன்றுதான், ஆனால் வளர்ப்பால் வேறு"
பொள்டமு செச்சத்தக் உஜ்வாவு ப்ரமாண்பத்ரொ அவஸ்யமு,Birth certificate is required for school admission,பள்ளி சேர்க்கைக்கு பிறப்புச் சான்றிதழ் அவசியம்
ஒண்டொண்டொ கொ4ம்மானும் 6 ர்ஹீ 9 ந்ஹுருன் ஹொதெ3கலம் ஜேடி3யொ,Gone are the days when every family had 6 to 9 children,ஒவ்வொரு குடும்பத்திலும் 6 முதல் 9 குழந்தைகள் இருந்த காலம் போய்விட்டது
பா3ளுன் ஜித்ரவுக் அர்து2ஸேத்திஸொ மர்ச்சஸுன்,Children make life meaningful,குழந்தைகள் வாழ்க்கையை அர்த்தமுள்ளதாக மாற்றுகிறார்கள்
ந்ஹுருபா3ள்னு ஸேத்தெ கே4ர் பொ4ரெஸொகன் ர்ஹாய்,A house with children will seem full,"குழந்தைகள் இருக்கும் வீடு, நிறைந்தது போல் இருக்கும்"
பில்லல்னுக் ஹொவ்ட3த்தெ வேன் கெஷ்டமு,Raising children is very difficult,குழந்தைகளை வளர்ப்பது மிகவும் கடினம்
ஹாதும் பில்லொ ஹோங்கு3க் ரொட்3லேத் ஹொதெ3ஸ்,The infant was crying for a sleep,கைக்குழந்தை தூக்கத்திற்காக அழுது கொண்டிருந்தது
தெங்கொ3 6 ம்ஹடா3 மாய் ஸேத்தெ,She has 6 month old baby girl,அவருக்கு 6 மாத பெண் குழந்தை உள்ளது
தெங்கொ3 தீ3 ப3வுன் ஸேத்தெ,He has two boy babies,அவருக்கு இரண்டு ஆண் குழந்தைகள் உள்ளனர்
"நொவத்து ம்ஹடா3ம், பில்லல்னு கொ4ணங்கொ4ணாய் க2ளஸுனு",Babies crawl in the ninth month,ஒன்பதாவது மாதத்தில் குழந்தைகள் தவழும்
தெனொ அபுல் பா3லாக் ஒண்டெ பிள்டி க2டி3ஸ்,She bought a toy for her child,அவள் தன் குழந்தைக்கு ஒரு பொம்மை வாங்கினாள்
எல்லெ பா3ல்யமுக் ஹவ்ட3ன் கெரரஸ்,It reminds me of childhood,இது குழந்தைப் பருவத்தை நினைவூட்டுகிறது
அவ்ரெ பா3ல்யகால் ஐங்கே4ருமுஸ் ஜியெஸ்,Our childhood was spent at grandmother's house,எங்கள் குழந்தைப் பருவம் பாட்டி வீட்டிலேயே கழிந்தது
எல்லெ பெ3ட்3கொ கோன் மெனி களாரஸ்யா?,Guess who this boy is?,இந்த சிறுவன் யார் என தெரிகிறதா?
எல்லெ பெ3ட்3கின் க4ல்லத்தெ செவ்னி,It is a sandal worn by girls,இது சிறுமிகள் அணியும் செருப்பு
ந்ஹன்னப்பனும் அமி க2ள்னாத்த கா2ளுன் ந்ஹீ,There are no games we didn't play as kids,சிறுவயதில் நாங்கள் விளையாடாத விளையாட்டுகள் இல்லை
ஜாணும் சொக்கட் தொ3டு3ஞ்ஜாயி,You can earn well in your youth,இளமையில் நன்றாக சம்பாதிக்கலாம்
ஜாணாக் வித்தாக் கெரஹோனா,Should not waste your youth,இளமையை வீணடிக்கக் கூடாது
யௌவனாக் ஹவ்டி3 கெ3ருவ் பொட3 ஹோனா,Do not be arrogant of your youth,இளமையை நினைத்து கர்வப்படக்கூடாது
தெனு வேன் ஜவ்ணொகன் தெ3க்காராஸ்,He looks very young,அவர் மிகவும் இளமையாகத் தெரிகிறார்
தீ3 செக்குர் பொ3ண்டி3 பன்துன் ஜவ்ணானுக் ஹொயெயொ,Two-wheeler racing is for youngsters,இரு சக்கர வாகனப் பந்தயம் இளைஞர்களுக்கானது
ரங்கோ3லி பன்தும் ஜு2கு3 ஜவ்ணின் பா4க்3 க2ல்லியாஸ்,Young women participated in the Rangoli competition,ரங்கோலி போட்டியில் இளம்பெண்கள் கலந்து கொண்டனர்
ஜாண பெ3ட்3கான் ஜவாப்தா3ரிகன் சல்லராஸி,Young people behave responsibly,இளைஞர்கள் பொறுப்பாக நடந்து கொள்கிறார்கள்
ஜு2கு3 ஜாண பெ3ட்3கின் ஜி2க்3னிகன் பி4யார்ஸார் சல்த கெரராஸி,Many young women are running business successfully,பல இளம் பெண்கள் வெற்றிகரமாக வியாபாரத்தை நடத்துகின்றனர்
ஜாணலின் காம்கின் கே4ர் தி3ய்யொ சொக்கட் நிர்வாஹ் கெரராஸி,Young women manage both work and family very well,இளம் பெண்கள் வேலை மற்றும் குடும்பம் இரண்டையும் நன்றாக நிர்வகிக்கிறார்கள்
பெ3ட்3கின் ந்ஹன்னஒர்ஸுமுஸ் புலராஸ்,Girls attain puberty at a young age,சிறுமிகள் இளம் வயதிலேயே பூப்படைகிறார்கள்
சால் அவெ பெ3ட்3கி ஒண்டிகன் சுட்டு பி2ரஹோனா,Puberty girl should not roam alone,பருவமடைந்த பெண் தனியாக சுற்றுவது கூடாது
அண்ட்டு வேளும் ஶுப4 காமுன் கெரஹோனா,Should not do good things the period of defilement,தீட்டின் போது நல்ல காரியங்களை செய்யக்கூடாது
ந்ஹன்னஹொடா3ன் கெரரியொ மன்துனுக் ம்ஹொடொ3 கெரஹோனா,Should not exaggerate the mistakes that teenagers make,விடலைகள் செய்யும் தவறுகளை பெரிதுபடுத்தக்கூடாது
கௌமரான் கலமுக் தயெ தா4னுக் மர்ச்சாராஸ்,Teenagers change with the times,பதின்வயதினர் காலத்திற்கு ஏற்ப மாறுகிறார்கள்
அத்தா கௌமரின் கொஞ்சுதொ பொட3ரானி,Today's teenage girls are not shy,இப்போதைய பதின்மவயது பெண்கள் வெட்கப்படுவதில்லை
கௌமரப்பனும் பில்லல்னுன் ஸங்கெ3யொ ஐகுனான்,"In teenage, children don't listen",பதின்மவயதில் குழந்தைகள் சொல்வதை கேட்கமாட்டார்கள்
அஸ்கிதெமாம் வேன் தி4ல்லொயொ கௌமாராம் தா3ரித்3ரம்,Worst of all is poverty in boyhood,எல்லாவற்றிலும் மிக மோசமானது சிறுவயதில் வறுமை
தெனொ ந்ஹன்ன பில்லொ ஸொகன் ரொடெ3ஸ்,He cried like a little child,அவன் சிறு குழந்தை போல் அழுதான்
பில்லொகன் ர்ஹியெத் மெல்லொ ம்ஹொடொ3 மெனி ஸொகன் வத்தொ கெரய்,"Even though he is a child, he talks like an adult",குழந்தையாக இருந்தாலும் பெரியவன் போல் பேசுவான்
பெ3ட்3கின் 12 ஒர்ஸுமூஸ் ம்ஹொடொ3 மெனி ஹொய்யாராஸ்,Girls attain age at the age of 12,சிறுமிகள் 12 வயதிலேயே பெரியவளாகிறார்கள்
பை3லுனுக் ரொட3ட3ன் ஹோனா,Should not make women to cry,பெண்களை அழ வைக்கக் கூடாது
காமுக் ஜாரியொ பெ3ய்ல்மெனினு பாட் வேன் கெஷ்டமு,The position of working women is very difficult,வேலைக்கு செல்லும் பெண்களின் நிலை மிகவும் கடினமானது
த3ல்லொ பா3தொ3 கெரத் ஒந்துனுக் கப3ட3த்தக் நியமுன் ஸே,There are laws to protect women if a husband is abusive.,கணவன் கொடுமை செய்தால் பெண்களைப் பாதுகாக்க சட்டங்கள் உள்ளன
வொந்துன் விஶேஷு தி3ன்னும் நொவ்வொ ஸௌலொ பி2ல்லனு,Women wear new sarees for special days,பெண்கள் விசேஷ நாட்களில் புதிய புடவைகளை அணிவார்கள்
ஜர்க்கெம் மெனரியொ அளினுக் தி3வ்வா ஜித்ரவ்,Childbirth is a second life for women,பிரசவம் என்பது பெண்களுக்கு இரண்டாவது வாழ்க்கை
வரலக்ஷ்மி ஒக3துக் ஹொராட்3ஹொயெ ஸ்த்ரீன் மட3ஸுன்,Varalakshmi Vratham is celebrated by married women,வரலக்ஷ்மி விரதத்தை திருமணமான பெண்கள் கொண்டாடுகிறார்கள்
தெனொ மொரட்3 ஹொயெ அம்மக்கொ,She is a very rude woman,அவள் மிகவும் முரட்டுத்தனமான பெண்
பர அங்க3னாக் ஆஸ்தொ பொட3ஹோனா,Should not like others wife,பிறர் மனைவியை விரும்பக் கூடாது
த3ல்லொ மெனி கொ2ப்3பி3ம் தீ4ரம்கன் ர்ஹனொ,A man should always be brave,ஆண் எப்போதும் தைரியமாக இருக்க வேண்டும்
பெ3ய்ல்மெனியா தெனொ? த3ல்லனாச்சி,Is she a woman? Rogue woman,பெண்ணா அவள்? முரட்டுப்பெண்
வார்தி4க்யாம் ஆங்கு3 பா4ர் ஹொய்யாஸு,In old age the body becomes burdened,முதுமையில் உடல் சுமையாகிறது
ஒயெஸுக் தயெ தா4னுக் பொ3ட்டொ பி2ல்லுனொ,Dress appropriately for your age,வயதுக்கு ஏற்றது போல் உடை அணிய வேண்டும்
ஒள்டு3னு ஆலோசனாக் ஐகத்தெ கொ2ப்3பி3ம் ப3ரொ,It is always better to listen to the advice of elders,பெரியவர்களின் அறிவுரைகளைக் கேட்பது எப்போதும் நல்லது
து3க்பொ மெனரியொ ஒண்டெ ஶாபனொ,Old age is a curse,முதுமை என்பது ஒரு சாபம்
தொ3வ்ரப்பனும் ரோக்3 ந்ஹாத்தக் ஜிவத்தெனு தீ3 தொ2வ்யாத்தெனு,Lucky is he who lives in old age without disease,முதுமையில் நோயின்றி வாழ்பவர் கொடுத்து வைத்தவர்
"அம்மானு, துமி கா2த்தெயொ ஸங்கி3திரியொயா?","Madam, have you ordered the food?","அம்மணி, நீங்கள் உணவை சொல்லிவிட்டீர்களா?"
தெனு ஒண்டெ ஐயான் ஸொகன் சல்லியாஸ்,He behaved like a gentleman,அவர் ஒரு ஜென்டில்மேன் போல் நடந்து கொண்டார்
ஐயானு வாட் ஸொடு3வொ,"Sir, give way","ஐயா, வழி விடுங்கள்"
தெனொ அபுல் ஒள்ட்3யானுக் பாய்ஞ் பொடி3ஸ்,She has worshipped her ancestor,அவள் தன் முன்னோர்களை வழிபட்டாள்
ம்ஹொட்டான் தெங்கொ3 அனுப4வமுக் ஆலோசனொகன் ஸங்க்3யாஸ்,The ancestors spoke of their experience as advice,முன்னோர்கள் தங்கள் அனுபவத்தை அறிவுரையாக சொன்னார்கள்
அவ்ரெ பா3க் தௌ4ராம் ம்ஹொட்டப்பன் அப்3பெ3ஸி,Our father was honored in the temple,எங்கள் தந்தைக்கு கோவிலில் கௌரவம் கிடைத்தது
தெனு விதே3ஶும் உஜ்யாத்தெனு,He was born abroad,அவர் வெளிநாட்டில் பிறந்தவர்
ஹிந்தொ3 மொரெ பெ3டி3க் உஜ்ஜெதி3ன்னு,Today is my daughter's birthday,இன்று என் மகளின் பிறந்தநாள்
ஜிவ்னி கொ2ப்3பி3ம் தி2ரன் ஹொயெயொ ந்ஹா,Life is not always permanent,வாழ்க்கை எப்போதும் நிரந்தரமானது அல்ல
ஜித்ரவும் ஒண்டால் தி3 கஸிக் ஜீலி அவ்னொ,Should visit Varanasi at least once in lifetime,வாழ்நாளில் ஒருமுறையாவது வாரணாசிக்கு சென்றுவர வேண்டும்
ஜிவ்ணமுக் காய் கெரரியொ?,What do you do for a living?,வாழ்வாதாரத்திற்கு என்ன செய்கிறீர்கள்?
ரோக்3 அவெ குடி3னுக் ஜிவ்த3ஜீவ் ஜள்தியா,Diseased chickens were burned alive,நோய்வாய்ப்பட்ட கோழிகளை உயிருடன் எரித்தனர்
த்4ருவொ ப்ராந்தும் ஜிவி ர்ஹாத்தெ ல்ஹெகூ3 ந்ஹா,Survival in the polar region is not easy,துருவப் பகுதியில் உயிர்வாழ்வது எளிதானது அல்ல
அத்தொ மெனிகுனு ஆயு ரமாரமி 65 ஒர்ஸுனு,At present human life span is about 65 years,தற்போது மனிதனின் ஆயுட்காலம் சுமார் 65 ஆண்டுகள்
ஸாத் ஜெலும் ஹெடெ3த்மெள்ளி எல்லெ பாப் ஹிட்டுனா,"Even if one takes seven births, this sin will not be removed",ஏழு ஜன்மம் எடுத்தாலும் இந்தப் பாவம் நீங்காது
அஸ்கி சா2ளினும் மெனிகு சா2ளீஸ் மேடு,Human birth is the best of all births,எல்லா பிறவிகளிலும் மனித பிறவியே சிறந்தது
சொக்கட் ஜித்ரவ் மெனரியொ பு2ள்ளா ஜித்ரவு போ2ளு,A good life is the result of a previous life,நல்ல வாழ்க்கை என்பது முந்தைய வாழ்க்கையின் விளைவு
பு2ள்ளா ஜெலுமு கெரும் ஒவேளும் ஸுட்டனி,The karma of the previous birth never goes away,முற்பிறவியின் கர்மம் ஒருபோதும் விலகுவதில்லை
அநாதி3 மொடா3க் அந்திம கார்யம் கெரத்தெ பவித்ரம் ஹொயெயொ,Cremation of an orphan's body is sacred,அனாதையின் சடலத்தை தகனம் செய்வது புனிதமானது
ரோக்3கெரி மொரண்ஜிவன் பொடி3 ஸே,The patient is in critical condition,நோயாளி ஆபத்தான நிலையில் உள்ளார்
மொரன் மெனெத் அஸ்கிதெங்கொ3 தா4குஸ்,Death is feared by all,மரணம் என்றால் அனைவருக்கும் பயம்
தெங்கொ3 போ3 ஹிந்தொ3 பரம்பொந்தி3யாஸ்,His father passed away today,அவரது தந்தை இன்று காலமானார்
மொரெ ஒஸ்து பரம்பொந்த3யொ மொரனு ஸமாசாரும் ர்ஹீ களள்யஸ்,I learned about my relative's death through an obituary,எனது உறவினர் இறந்ததை இரங்கல் செய்தி மூலம் அறிந்தேன்
தெங்க3 பா3 வெளு ஸொந்தொ3 தொ2வ்ல்ராஸ்,His father's funeral will be held tomorrow,அவரது தந்தையின் இறுதிச்சடங்கு நாளை நடைபெறுகிறது
ஸொந்தொ3 மொரெ ஐங்கெ3ரம்பா3க் ஒத்3தெ3ஸொ,Tomorrow is my grandmother's first death anniversay,நாளை என் பாட்டியின் முதலாம் ஆண்டு திவசம்
வர்த3ஸாக் ப3ந்து4னுக் பொ3வ்யாஸி,We invited relatives for the first death anniversary,முதலாம் ஆண்டு திவசதிற்கு உறவினர்களை அழைத்தோம்
ஒர்ஸு ஒர்ஸு திதி தெ3னொ,Death anniversary should be performed every year,ஒவ்வொரு வருடமும் திவசம் செய்ய வேண்டும்
ஆத்மாக் லயம் ஜுண்ணா,Soul has no death,ஆத்மாவுக்கு மரணம் இல்லை
கலியுகொ3 முஸெத்திக்காம் அஸ்கி நாஸ்தி ஹொய்யாய்,"When the Kaliyuga ends, everything will perish",கலியுகம் முடிந்ததும் அனைத்தும் அழிந்துவிடும்
ஸனாதன தெ4ரும் கொ2ப்3பி3ம் நஸினி ஹோனா,Sanatana dharma will never doom,சனாதன தர்மம் எப்போதும் அழியாது
அகா3ர் ருசிகன் ஒண்டெ ந்ஹா ஹொக3த்கன் மெல்லொ ர்ஹனொ,Food should not only be delicious but also medicinal,சாப்பாடு சுவையாக மட்டுமல்ல மருந்தாகவும் இருக்க வேண்டும்
பில்லன்னுக் தே3ரியொ கௌ2ணம் போஷணொகன் ர்ஹனொ,Food given to children should be nutritious,குழந்தைகளுக்கு கொடுக்கப்படும் உணவு சத்தானதாக இருக்க வேண்டும்
ஹுரிக் ஜாரியொ பில்லல்னுன் நாஸ்தொ கெரனின்,School going children do not eat breakfast,பள்ளி செல்லும் குழந்தைகள் காலை உணவை சாப்பிடுவதில்லை
து4வாரி பா4த் கா2த்தக் கோட் ஜியென்?,Where to go for lunch?,மதிய உணவிற்கு எங்கு செல்லலாம்?
வீள்டாக் ஸ்தான்பான் கெர்த்தி நிகு3ளுவாய்,You can leave in the evening after taking tiffin,மாலையில் சிற்றுண்டியை முடித்துவிட்டு கிளம்பலாம்
ராஜ்ஜெமனுக் அவ்ரெ கே4ர் அவ்டு3வொ,Come to our house for dinner,இரவு உணவிற்கு எங்கள் வீட்டிற்கு வந்துவிடுங்கள்
பூ4கும் ஹாத் பாய்ஞ் ஒண்ட்கரஸ்,Hands and feet tremble with hunger,பசியால் கை கால் நடுங்குகிறது
போடுஞ்ஜாள் அவெ ப2ரொ கா2த்தெ ப3ரொ,It is better to eat after feeling hungry,பசி எடுத்த பிறகு சாப்பிடுவது நல்லது
வாரும் ஒண்டால் பு4க்கொ ர்ஹாத்தெ சொக்கடு3,It is good to starve one day a week,வாரத்தில் ஒரு நாள் பட்டினி கிடப்பது நல்லது
பு4க்லாக் ருசி களானா,A hungry person does not know taste,பசித்தவனுக்கு சுவை தெரியாது
கய்லொகெஸுர் ஸொம்மர் பொ4ஸுலொ க2னார் வேன் ஹொய்யா,Meat eaters have become more than vegetables,காய்கறிகளை விட மாமிசம் சாப்பிடுபவர்கள் அதிகமாகி விட்டனர்
அஸ்கியொ கா2த்தெங்கொ3 ஸர்வ ப4க்ஷக் மெனன்,Those who eat everything are called omnivores,அனைத்தையும் உண்ணுபவர்களை அனைத்துண்ணி என்பர்
தெ2வ்டெ3 ப4ஜ்ஜிக2னாருன் அண்டொ3 கா2ஸுன்,Some vegetarians eat eggs,சில சைவ உணவு உண்பவர்கள் முட்டை சாப்பிடுவார்கள்
தெ2வ்டெ3 பொ4ஸுலொக2னாருன் து3க்கரு சைனொ கா2னின்,Some non vegetarians do not eat pork,சில அசைவ உணவு உண்பவர்கள் பன்றி இறைச்சியை உண்பதில்லை
தீ2ன் பூட் பா4துக் இக்கொ கெஷ்டம் பொட்3ன ஹோஸ்,How much have to suffer for three meals,மூன்று வேளை உணவுக்கு எவ்வளுவு கஷ்டப்பட வேண்டியுள்ளது
தௌ4ராம் பொங்க3ல் ம்ஹொட்டொ கா4ஸ்கன் தே3ஸுன்,Pongal is served in a big ball in the temple,கோவிலில் பொங்கலை பெரிய உருண்டையாக கொடுப்பார்கள்
தீளு உண்டா3க் அஸ்கி ஒர்ஸு கெரின் க2வாயி,People of all ages can eat sesame balls,எள்ளு உருண்டையை அனத்து வயதினரும் சாப்பிடலாம்
பொ3ர்க்குலு உண்டா3க் பில்லல்னுன் ப்ராமொ பொடி3 கா2ஸுன்,Children love to eat fried balls,பொரி உருண்டையை குழந்தைகள் விரும்பி சாப்பிடுவார்கள்
அங்கு3 ரொவ்வொ பா4த் தாய்,Put some more rice,இன்னும் கொஞ்சம் சோறு போடு
அத்தொ அஸ்கி கோன் ஸில்லபா4த் கா2ராஸ்?,Who eats stale meal these days?,இப்போதெல்லாம் யார் பழையசோறு சாப்பிடுகிறார்கள்?
ஆங்கு3 ஹுன்னொ ஸுட்டலெங்கு3 கென்னி பேஸ் ஒண்டேஸ்,Only rice porridge until the fever subsides,காய்ச்சல் விடும்வரை நொய்க்கஞ்சி மட்டும் தான்
பெ3ய்லனுக் கேடு பொ3லமுக் உடி3து3 ஸுகு3ட் தே3னு,"For women, they give dal pudding to strengthen their hips",பெண்களுக்கு இடுப்பு பலத்திற்கு உளுந்து களி கொடுப்பார்கள்
ஆடி3 ம்ஹடா3ம் மாரியம்மா தௌ4ராம் அம்பி3ல் தே3ஸுன்,"In the month of Aadi, they serve gruel in the Mariamman temple",ஆடி மாதம் மாரியம்மன் கோவிலில் கூழ் ஊற்றுவார்கள்
ஸோகும் பனி மெல்லொ அம்ருத் ஸொகன் லக3யி,Even water seems like elixir in thirst,தாகத்தில் தண்ணீர் கூட அமுதம் போல் தெரியும்
பு4க்லாக் ஸுக்கெ ரொட்டி மெல்லொ ரும்பி,Even dry bread is elixir for the hungry,பசித்தவனுக்கு காய்ந்த ரொட்டியும் அமுதம்
ஸெவாக்கய்லா ஸம்பா4ர் ருசிகன் ஸே,Drumstick sambar is delicious,முருங்கைக்காய் சாம்பார் ருசியாக உள்ளது
அவ்ண்டி தீ3தி3 ஹொயெத் மெள்ளி நஜ்ஜானி,The tamarind gravy does not spoil even for two days,புளிக்குழம்பு இரண்டு நாளானாலும் கெடுவதில்லை
அம்டி ககொ3 கொடு3 லக3ரியோ?,Why does tamarind gravy taste bitter?,புளிக்குழம்பு ஏன் கசப்பாக இருக்கிறது?
கொ3ஜ்ஜு ஸெர்க்க தப்பிரனி. தாடொ3 ஸே !,The tamarind gravy is not boiled properly. It is watery!,புளிக்குழம்பு சரியாக கொதிக்கவில்லை. தண்ணீராக இருக்கிறது !
கொள்கர்யா? வஸுனொ துக்கரஸ் !,Chilli gravy? Smells good!,காரக்குழம்பா? வாசனை நன்றாக வருகிறது !
மிரி கொள்கர் வேன் ஸொட்3லியெத் போட் து3க்காய்,Pouring too much pepper broth will cause stomach ache,மிளகு குழம்பு அதிகம் ஊற்றினால் வயிறு வலிக்கும்
லொஸனு கொள்கர் போட்பு2கி3க் சொக்கடு3,Garlic gravy is good for flatulence,பூண்டு குழம்பு வாய்வுக்கு நல்லது
ஜு2கு3 தெனு ஐதார்தி3 சைனா அவ்ண்டி கெரஸுனு,Many people make mutton gravy on Sunday,நிறைய பேர் ஞாயிறன்று கறிக்குழம்பு செய்கிறார்கள்
ப4ஜ்ஜி சாரு ருசி கொம்மன்கன் ர்ஹாயி,Spinach gravy tastes unfermented,கீரைக் குழம்பு இளஞ்சுவையில் இருக்கும்
தெ4ய்ஞ் அவ்ண்டிம் பி3ஜ்ஜெ வடொ3 ருசிகன் ர்ஹாயி,Donut soaked in whey gravy is delicious,மோர்க்குழம்பில் ஊறிய வடை சுவையாக இருக்கும்
தெ4ஞி அம்டி ரொவ்வொ கெ4டி3ம் கெர்த்துவாய்,Whey gravy can be made in little time,மோர்க்குழம்பை சிறிது நேரத்தில் செய்துவிடலாம்
ஒதெனுன் திம்டிக் போ3னிம் சொட்3லி பேஸுன்,Some people pour Indian soup into a tumbler and drink it,சிலர் ரசத்தை குவளையில் ஊற்றி குடிக்கிறார்கள்
ஜெமனு பிள்சார் பெ4ளி ருசிகன் ர்ஹாயி,Indian soup is very delicious in wedding feast,திருமண விருந்தில் ரசம் மிகச் சுவையாக இருக்கும்
சீஸ் அம்டி ஜீர்ணுக் ஸஹாவ் கெரயி,Indian soup helps in digestion,ரசம் செரிமானத்திற்கு உதவும்
ஒதெனுன் கெட்டு பிள்சார் ஒண்டேஸ் ஸொட்3லன்,Some people take only lentle Indian Soup,சிலர் பருப்பு ரசம் மட்டுமே ஊற்றிக்கொள்வார்கள்
ஜு2கு3தெங்கொ3 தெ4ய்ஞ் அம்ப3ட்கன் ர்ஹியெதி3ஸ் ஒப்பாய்,Many people like yogurt only if it is fermented,பலருக்கு தயிர் புளித்திருந்தால் தான் பிடிக்கும்
தெ4ஞி அம்ப3ட்கன் ர்ஹியெத் மீட் செர்ச்சுல்னொ,Add salt if curd is sour,தயிர் புளிப்பாக இருந்தால் உப்பு சேர்க்கவேண்டும்
தின்னாள் வேள் தெ4ய்ஞ் பனி மௌடொ3 தக3ஸுன்,During the festival they put up buttermilk bunting,திருவிழாவின் போது மோர் பந்தல் போடுவார்கள்
ஹூனுகலமு தெ4ஞி பனி பேத்தெ சொக்கடு3,It is good to drink buttermilk in summer,வெயில்காலத்தில் மோர் குடிப்பது நல்லது
தாகு வேன் பியெத் ஹக்3கு3னொ ஹொய்யாய்,Drinking too much buttermilk can cause diarrhoea,மோர் அதிகம் குடித்தால் வயிற்றுப்போக்கு ஏற்படும்
தூ3த் சொக்கட் அடாத்திஸொ தப்படி3 கெ2ரஸ் கெரஸுன்,Cottage cheese is made by boiling milk thoroughly until it coagulates,பால் நன்றாக சுண்டும்படி கொதிக்க வைத்து பாலாடை செய்கிறார்கள்
தெ4ய்ஞிக் கு3ஸிலி லொனி ஹெட3ஸுனு,Butter is extracted by churning the curd,தயிரைக் கடைந்து வெண்ணெய் எடுப்பார்கள்
சோட் தூப் இக்கெதி3 ஹொயெத் மெல்லொ நஜ்ஜானா,Ghee does not go bad no matter how long it lasts,நெய் எவ்வளவு நாள் ஆனாலும் கெடாது
"துங்கொ3 கய்லொகெஸுர் க2வ்னம்தி3, ரெஸ்ஸுதி3 காய்தி3 பஜெயா?",Would you like some salad or soup ?,உங்களுக்கு காய்கறி உணவு அல்லது சாறு ஏதாவது வேண்டுமா?
ஹிந்தொ3 அவ்ரெ கொ4ம்மொ பொட்கு3லா குட்கிரி,"Today, we have bottle gourd curry at home",இன்று எங்கள் வீட்டில் புடலங்காய் கூட்டு
துங்கொ3 க3வுரு பொள்டினி ஒப்பாய்யா?,Do you like carrot fries?,உங்களுக்கு காரட் பொரியல் பிடிக்குமா?
தெள்னியொ க2யெத் பா4ர் தக3யி,"Eating something deep fried in oil, will gain weight",எண்ணெயில் பொரித்ததை சாப்பிட்டால் எடை போடும்
பொ2ன்னிஞ்சென்னாக் ஹுலாம் பு4ஞ்ஜனு,Corn is roasted on fire,சோளத்தை நெருப்பில் வறுப்பார்கள்
கென்னுனுக் அம்ப3ட் கெரி பா4த் ஸெரொ கா2ஸுனு,Grains are cooked as curry masala and eaten with food,தானியங்களை கறியாக சமைத்து உணவுடன் சாப்பிடுகிறார்கள்
கச்சென்னா அம்ப3ட் ரொவ்வொ கெ4டி3ம் ஸெஜ்ஜாய்,The chickpea curry runs out in no time,கொண்டைக்கடலை கறி சிறிது நேரத்தில் தீர்ந்துவிடும்
வாரும் ஒண்டெதி3 கென்னு அம்ப3ட் கெர்னொ,One day in a week should make Lima beans curry,வாரத்தில் ஒரு நாள் மொச்சைப் பயறு கறி செய்யவேண்டும்
ஜெமனும் ராஜ்மா அம்ப3ட் ஹொவ்ட்3யாஸி,Kidney bean curry was served at the feast,விருந்தில் சிவப்பு காராமணி கறி பரிமாறினார்கள்
"பு3ள்ளா அம்ப3ட் பை4ரி, சப்பாத்தி ஸெரொ மெல்லொ க2வாயி",Potato curry can be eaten with poori and chapati,"உருளைக்கிழங்கு கறியை பூரி, சப்பாத்தியுடனும் சாப்பிடலாம்"
அம்ப3ட் பா4துக் சொவ்ளா பொள்டினி தொ2வனு,Red cowpea fries is served with tamarind rice,புளியோதரையுடன் தட்டாம் பயறு பொரியல் வைப்பார்கள்
உத்தர் பா4ரதும் சப்பாத்தி ஸெரொ தா3ல் ஒத்திலி கா2ஸுன்,"In North India, chapatis are eaten with lentil curry",வட இந்தியாவில் சப்பாத்தியை பருப்பு கூட்டு தொட்டு சாப்பிடுவார்கள்
தா3ல் பனிகின் தூப் ஸொட்3லி பா4த் கா2ஸுனு,People eat rice with lentil stew and ghee,பருப்பு மற்றும் நெய்யுடன் சாதம் சாப்பிடுவார்கள்
கொள்கர் ஸெரொ சென்னா தா3ல் செரி ஜாஸு,Roasted gram curry with Chilli gravy goes well,காரக்குழம்புடன் பொட்டுக்கடலை துவையல் நன்றாக இருக்கும்
அம்பு3லாக் சொக்கட் லுப்3பி3கின் லுப்3பி3ன் கெரஸுன்,Gooseberry paste made by mashing Gooseberry well,நெல்லிக்காயை நன்றாக மசித்து நெல்லிக்காய் மசியல் செய்கிறார்கள்
பிள்சாரு பா4த் ஸெரொ லிப்3பி3ன் ருசிகொ ர்ஹாஸு,Gooseberry paste is delicious with rasam rice,ரசம் சாதத்துடன் நெல்லிக்காய் மசியல் சுவையாக இருக்கும்
"ப2லார், தி4டொ3 ஸெராடி3 லொஷ்டொ தொ2வ்லி கா2ஸுனு",People take mint curry with idli and dosa,"இட்லி, தோசையுடன் புதினா துவையலை வைத்து சாப்பிடுகிறார்கள்"
தெ4ய்ஞ் பா4த் ஸெரொ காய் கெ3ஸி பயெத் தொ2வ்லுவாய்,You can have any pickle with curd rice,தயிர் சாதத்துடன் எந்த ஊறுகாயையும் வைத்துக்கொள்ளலாம்
பு4டி3த் மெனத் தெல்லெ வங்கி3 பு4டி3தூஸ்,Mash means it is mashed brinjal only,மசியல் என்றால் அது கத்தரிக்காய் மசியல் தான்
ஜெமனும் பொங்க3ல் ஸெரொ வங்கி4 பு4டி3த் தொ2வஸுனு,"In the feast, mashed brinjal is served with Pongal",விருந்தில் பொங்கலுடன் கத்தரிக்காய் மசியல் வைப்பார்கள்
ப4ஜ்ஜி க4டி3னி ந்ஹன்ன பில்லல்னுக் சொக்கடு3,Churned spinach is good for small children,கீரை கடையல் சிறு குழந்தைகளுக்கு நல்லது
ஹந்த3த்தக் முது3ல்லொ பூ2லுகோ3பி3க் ஸிஜ்வத்தெ ப3ரொ,It is better to boil cauliflower before cooking,சமைப்பதற்கு முன் காலிஃபிளவரை வேகவைப்பது நல்லது
பொ2ன்னி தெ3னிம் ஜு2கு3 ஹிதௌவுன் ஸே,Seasoning has many benefits,தாளிப்பதில் நிறைய நன்மைகள் உள்ளன
ல்ஹொவொ மிர்க்கைலா கூ2ர் வேன் ஸே,The red chilli is smelling very pungent,சிவப்பு மிளகாயின் நெடி அதிகமாக இருக்கிறது
பா4து3 ஒடி3 கெர்ன மெனெத் காம் லம்பொ3 உட்சயி,Making fried rice ball prolongs the work,அரிசி வடகம் செய்யவேண்டும் என்றால் வேலையை நீட்டி இழுக்கும்
பில்லல்னுக் அப்புடா3ல் ஜு2க்கு ஒப்பாயி,Children like papad very much,குழந்தைகளுக்கு அப்பளம் மிகவும் பிடிக்கும்
பொ4ஸுலாக் வர்ஜத்தெ ப3ரொ,It is better to avoid meat,மாமிசத்தை தவிர்ப்பது நல்லது
புரட்டாஸி ம்ஹடா3ம் கோன் சைனொ கா2ன்?,Who eats meat in Puratasi month?,புரட்டாசி மாதத்தில் யார் கறி சாப்பிடுவார்கள்?
கென்டக்கி பு4ஞ்ஜெ குடி3 சைனொ நாவ் பொடெ3யொ,Kentucky fried chicken is popular,கென்டக்கி வறுத்த கோழி இறைச்சி பிரபலமானது
தெகொ3 பெ4ண்டு3 சைனொ ஜு2க்கு ஒப்பாயி,He likes to eat mutton which was seasoned with garlic,அவனுக்கு ஆட்டிறைச்சியை மிகவும் பிடிக்கும்
கொ3ரு சைனொ க2யி தூ தெ3ள்கொ பொள்டி3ரஸ்,You have gained weight by eating beef,மாட்டுக்கறி சாப்பிட்டு நீ குண்டாகி விட்டாய்
தெ2வ்டெ3 தெ4ருமு து3க்கரு சைனொ அஸுத்3த4ம் மெனி மென்லஸுனு,"In some religions, pork is considered impure","சில மதங்களில், பன்றி இறைச்சி தூய்மையற்றதாக கருதப்படுகிறது"
பா4ரதும் ஹரிணு சைனொ கா2த்தெ அபராத்4 ஹோஸு,Eating venison is a crime in India,இந்தியாவில் மான் கறி சாப்பிடுவது குற்றம் ஆகும்
து3க்கரு சைனாம் மெயம் வேன் ஸே,Pork is high in fat,பன்றி இறைச்சியில் அதிக கொழுப்பு உள்ளது
குளித் க2யெத் மந்தொ3 உன்னொ பொட3யி,Eating horse gram reduces fat,கொள்ளு சாப்பிட்டால் கொழுப்பு குறையும்
குடி3 ஒண்டெ தி3ன்னுக் ஒண்டெ அண்டொ3 தக3யி,A hen lays one egg per day,கோழி ஒரு நாளுக்கு ஒரு முட்டை இடும்
கொட்3டி3 ஜு2கு3 தி3ன்னு நஜ்ஜனாத்தக் ர்ஹாஸு,Dried fish will last longer,கருவாடு நீண்ட நாட்கள் கெடாமல் இருக்கும்
ஸுக்கட் ப்ராமொபொடி3 க2னார் ஜு2கு3 தெனு ஸே,There are many people who like to eat dry mutton,உப்புக்கண்டத்தை விரும்பி சாப்பிடுபவர்கள் நிறைய பேர் உண்டு
சைலத்தக் ந்ஹாத்தக் கா2த்த முஸய்யா?,Can you eat without side dish?,தொட்டுக்கொள்ள இல்லாமல் சாப்பிட முடியுமா?
அங்கி3டி3ம் க2ட3ரியொ பீடும் அம்ப3ட் வேன் ர்ஹாஸ்,Store-bought batter is highly leavened,கடையில் வாங்கும் மாவில் அதிக புளிப்பு உள்ளது
தெ2வ்டெ3 தெனு நாஸ்தாக் அப்பம் கா2ஸுன்,Some eat jaggery dosa for breakfast,சிலர் காலை உணவிற்கு ஆப்பம் சாப்பிடுகிறார்கள்
லொனி அப்பம் ஹுன்னொ ஹுன்னொகன் க2னொ,Buttered jaggery dosa should be eaten hot,வெண்ணை ஆப்பத்தை சுடச்சுட சாப்பிடவேண்டும்
கொம்மன் பீடும் ஹந்தெ3 தி4டொ3 ருசி ர்ஹானா,Dosa made in unleavened batter is not tasty,புளிக்காத மாவில் வார்த்த தோசை சுவையாக இருக்காது
கோ4ம தந்து3 தி4டொ3 நிவயத் சோட் ர்ஹானா,Wheat dosa is not good when cold,கோதுமை தோசை ஆறினால் நன்றாக இருக்காது
கொன்னி பில்லல்னுக் ப2லார் ஒப்பானி,No child likes Idli,எந்த குழந்தைக்கும் இட்லி பிடிப்பதில்லை
ஆங்கு3ஹுன்னாக் விள்டியோஸ் மேட்ஹொயெ அகா3ரு,Idli is the best food for fever,காய்ச்சலுக்கு இட்டிலியே சிறந்த உணவு
ரொவ்வொ தமஸ் பொடி3 ஜியெத் அங்கி3டி3ம் விள்டொ3டு3ம் அப்3ப3னி,"If we go a little late, we will no get idli in the shop",சற்று தாமதமாக சென்றால் கடையில் இட்லி கிடைப்பதில்லை
தீ2ன் பூட் ஜெமனும் உக்குடு3ம் ந்ஹாத்தக் ர்ஹானா,A three-course feast cannot be without idlis,மூன்று வேளை விருந்தில் இட்லி இல்லாமல் இருக்காது
தொ2வ்லி ப2லார் ஒண்டொண்டெ தி4டொ3 ஸேரு ர்ஹாய்,Each clay pot Idli will be about the size of Dosa,சட்டி இட்லி ஒன்றொன்றும் தோசை அளவுக்கு இருக்கும்
தி4டொ3 ஸெரொ பு4ர்கொகின் தேல் ருசிகன் ர்ஹாயி,Powder and oil with dosa is also delicious,தோசையுடன் பொடியும் எண்ணையும் சுவையாக இருக்கும்
பொ3ந்தெ3க் சொக்கட் பு4ர்க்கொகன் காட்,Finely chop the banana stem,வாழைத்தண்டை நன்கு பொடியாக நறுக்கவும்
முத்3தா3 பொங்க3ல் க2னாத்தெனு கோன்தி ஸேயா?,Is there anyone who have not eaten Pongal?,பொங்கல் சாப்பிடாதவர்கள் யாராவது உண்டா?
தூப் பொங்க3ல் வேன் க2யெத் ஹோங்கு3 அவய்,"If you eat a lot of Ghee Pongal, you will feel sleepy",நெய் பொங்கல் அதிகம் சாப்பிட்டால் தூக்கம் வரும்
"கேஸரி, உப்மாவ் தி3ய்யொ கென்னிம் கெரயொ",Both Kesari and Uppuma were made in semolina,"கேசரி, உப்புமா இரண்டுமே ரவையில் செய்யப்பட்டவை"
தீ3தி3 ஹொயெத் மெல்லொ அம்ப3ட் பா4த் விட்டானா,Tamarind rice does not spoil even for two days,இரண்டு நாளானாலும் புளியோதரை ஊசிப் போகாது
அம்ப3ட் பா4த் ஸேரு லிம்பு3 பொங்க3லுக் காம் ஹொட்3னா,Lemon rice requires less work than tamarind rice,புளியோதரை அளவுக்கு எலுமிச்சம் சாதத்திற்கு வேலை வளராது
தக்காளி பொங்க3ல் கெர்ராஸி ! காய் விஶேஷ் ?,You have made tomato rice! What's special?,தக்காளி சாதம் செய்திருக்கிறீர்கள் ! என்ன விசேஷம் ?
கு3ள்ளு பொங்க3ல் நிவயெத்திக்காம் து3ஸுரொ ருசி தே3ஸு,It is a different taste when the sweet Pongal is cooled,சர்க்கரை பொங்கல் ஆறியதும் வேறு சுவை தருகிறது
ஸெக்கரு பொங்க3லும் கு3ள்ளுக் பொ3து3லு ஸெக்கர் தக3ஸுனு,"In Sugar Pongal, Sugar is added instead of jaggery",சர்க்கரை பொங்கலில் வெல்லத்திற்கு பதிலாக சீனி போடுவார்கள்
தௌ4ரா பொங்க3ல் அவ்ரெதெங்கா3 விஶேஷுயொ,Temple pongal is a specialty of Sourashtrians,கோவில் பொங்கல் சௌராஷ்டிரர்களின் சிறப்பு
தெ4ய்ஞ் பா4துக் ரொவ்வொ மிரி அவ்ண்டி ஸொடு3யா?,Shall I add little pepper gravy to curd rice?,தயிர் சாதத்திற்கு கொஞ்சம் மிளகு குழம்பு ஊற்றவா?
பை4ரி வேன் க2யெத் க4டி3ம் தெலய்,Eating too much Poori can cause oily throat,பூரி அதிகம் சாப்பிட்டால் தொண்டையில் மிதக்கும்
சப்பாத்தி சொக்கட் மெத்தன்கன் அவ்ரஸ்,The chapati has come out nice and crispy,"சப்பாத்தி நன்றாக, மிருதுவாக வந்துள்ளது"
அத்தொ கோட்தேட் திக்கெ பரோட்டா அப்3ப3ரஸ்,Chilli Parotta is now available everywhere,இப்போது எங்கெங்கும் சில்லி பரோட்டா கிடைக்கிறது
பி3ரியாணி பா3ஸ்மதி தந்து3ம் ஹந்த3ஸுனு,Biryani is cooked in basmati rice,பிரியாணி பாஸ்மதி அரிசியில் சமைக்கிறார்கள்
பௌ4ளா ரைதொ மெது3டு3க் சொக்கடு3,Zucchini tart is good for the brain,சுரைக்காய் பச்சடி மூளைக்கு நல்லது
பி3ரியாணி ஸெரொ குருமாகின் தெ4ய்ஞ் கந்தொ3 ஹொவ்ட3ஸுனு,Biriyani is served with Kurma and onion salad,பிரியாணியுடன் குருமாவையும் தயிர் பச்சடியையும் பரிமாறுகிறார்கள்
"எளொ, லொம்பூ2ல், லவங்கொ3 எல்லெகா3க் மஸாலா மெனன்","Cardamom, cloves and cinnamon are called spices","ஏலக்காய், கிராம்பு, லவங்கம் ஆகியவற்றை மசாலா என்பார்கள்"
குருமாம் மஸாலா தகி3 நலர் வடி3 ஸொட3ஸுன்,Spices and coconut paste are added to Kuruma,குருமாவில் மசாலா போட்டு தேங்காயை அரைத்து விடுவார்கள்
பீட் கொட்3டொ3 ஸே. ரொவ்வொ பனி செர்ச்சி,The dough is thick. Add some water,மாவு கெட்டியாக உள்ளது சிறிது தண்ணிர் சேர்
கென்னி பேஸ் பள்டொ ர்ஹாயி,Rice porridge will be semi solid,நொய்க்கஞ்சி அரை திடமாக இருக்கும்
காப்பி ககொ3 இஸொ தாடொ3 ஸேத்தெ?,Why is coffee so watery?,காபி ஏன் இப்படி தண்ணீராக இருக்கிறது?
ஹிங்கு3 வேன் கெ4ட்டி ஸே,Asafoetida is very solid,பெருங்காயம் மிக கட்டியாக இருக்கிறது
காப்பி பு4ர்கொ கெ4டி3 பொள்ளிட்3ரஸ்,The coffee powder has hardened,காபித்தூள் கெட்டியாகி விட்டது
துமி காய் தூ3த் வவ்ரரியொ?,What milk do you use?,நீங்கள் என்ன பால் பயன்படுத்துகிறீர்கள்?
ஹுன்னொ தூ3த் நிவாத்தவேள் தெகொ3 ஹொல்லொ ஸாய் ப4ந்தா3ஸு,Skin forms on hot milk when it cools,சூடான பால் குளிரும் போது அதன் மீது ஏடு உருவாகிறது
உத்தர் பா4ரதும் சாய் பெனார் வேனு,North India has a large number of tea drinkers,வட இந்தியாவில் தேநீர் குடிப்பவர்கள் அதிகம்
நுரு ஸெரொ காப்பி பியெத் ருச்சிகன் லக3ஸு,Drinking coffee with foam is delicious,நுரையுடன் காபி குடித்தால் சுவையாக இருக்கும்
கு3ள்ளு காப்பி அத்தொ அஸ்கி தேட் அப்3ப3ரஸ்,Palm jaggery coffee is now available everywhere,கருப்பட்டி காபி இப்போது எல்லா இடங்களிலும் கிடைக்கிறது
பொஷ்ஷெக் ஸொண்டி காப்பி ஜு2க்கு சொக்கடு3,Dried ginger coffee is very good for cold,ஜலதோஷத்திற்கு சுக்கு காபி மிகவும் நல்லது
மிடா2ய் ஒப்பனாத்த பில்லல்னு ஸேயா?,Got kids who don't like candy?,மிட்டாய் பிடிக்காத குழந்தைகள் உண்டா?
"பேஸு மிடா2ய் ஜுகு3 ஆகாரும்கின், வனிம் அப்3ப3ஸு",Jelly candy is available in various shapes and colors,ஜெல்லி மிட்டாய் பல்வேறு வடிவங்களிலும் வண்ணங்களிலும் கிடைக்கிறது
பெ3ங்கா3லு கு3ள்ளெயொ வேன் நாவ் பொடெ3யொ,Bengali sweets are very popular,பெங்காலி இனிப்புகள் மிகவும் பிரபலமானவை
"தி3வளி வேள், ஜு3கு3 தெனு கொ4ம்மொ கு3ள்ளெயொ, திக்கெயொ கெரஸுனு","During Diwali, many people prepare sweets and savouries at home",தீபாவளியின் போது பலர் வீட்டில் இனிப்புகள் மற்றும் கார வகைகளை தயார் செய்வார்கள்
தெ3ளெ பீடும் கெரெ நெக்3கு3ன் போடுக் சோட் ந்ஹா,Snacks made from Gram flour are not good for the stomach,கடலை மாவில் செய்த பலகாரங்கள் வயிற்றுக்கு நல்லதல்ல
ப4ஜ்ஜி மெனெத் தெல்லெ கச்செகெளா ப4ஜ்ஜிஸீ,Bajji means banana fritters only,பஜ்ஜி என்றால் அது வாழைக்காய் பஜ்ஜி தான்
எல்லெ கேளுபூ2ல் வடொ3. க2யி ஸவொ !!,This is banana blossom vada. Taste it !!,இது வாழைப்பூ வடை. சாப்பிட்டு பாருங்கள் !!
குத்தலம் மெனெத் ஆம்ப3டொ3கின் சாய் ஹவ்ட3ன் அவஸ்,Courtalam brings to mind masala vada and tea,குற்றாலம் என்றால் மசால் வடையும் தேநீரும் நினைவுக்கு வருகிறது
பெ3ங்க3ளூரும் மீடு3 வடொ3 ம்ஹொட்டொ ர்ஹாயி,Medu vada is big in Bangalore,பெங்களூரில் மெதுவடை பெரிதாக இருக்கும்
பொருங்கிடி3 கு3ள்ளு வடொ3 பெ4ளி ருசிகன் ஸே,Paramakkudi jaggery donut is very tasty,பரமக்குடி வெல்ல வடை மிக சுவையாக இருக்கிறது
"கு3ள்ளெயொ, திக்கெயொ மெனி தீ3 ப்ரகார் ஸுகு3ண்டா3ன் ஸே","There are two types of steamed rice balls, sweet and savory","இனிப்பு, காரம் என இரண்டு வகை போண்டாக்கள் உண்டு"
பொவ்ஸுவேள் ஹுன்னொகன் பகோடா3 க2யெத் ஶோப4னொகன் ர்ஹாய்,Eating hot pakora during rain will be superb,மழையின் போது சூடாக பக்கோடா சாப்பிட்டால் அருமையாக இருக்கும்
ஹிந்தா3 நாஸ்தொ ரொட்டிகின் பொள்ளா கெ3ஸி,Today's breakfast is bread and jam,இன்றைய காலை உணவு பிரட் மற்றும் ஜாம்
பைடி3 ரொட்டிக் லொனிகின் பொள்ளா கெ3ஸி ஸெரொ கா2ஸுன்,Bun is eaten with butter and jam,பன்னை வெண்ணெய் மற்றும் ஜாம் உடன் சாப்பிடுகிறார்கள்
"பொள்ளானுக் வடி3, தப்படி3, கெ4டி3 பொட3டி பொள்ளா கெ3ஸி கெரஸுன்","Fruit jam is made by grinding, boiling and thickening the fruits","பழங்களை அரைத்து, வேகவைத்து, கெட்டியாக்கி பழ ஊறல் செய்கிறார்கள்"
கச்சென்னா பீட் ஸொம்மர் தந்து3 பீடு3ம் கெரெ சைலி ப3ரொ,Murukku made with rice flour is better than gram flour,கடலை மாவை விட அரிசி மாவில் செய்த முறுக்கு நல்லது
ஹொராடு3 ப2லார் தெந்து3லொ ம்ஹொட்டொ ர்ஹாயி,Marriage gift Murukku will be big,கல்யாண சீர் முறுக்கு பெரியதாக இருக்கும்
தெந்து3லொகின் புரி அவ்ரெ நெக்3கு3னு,Murukku and Adhirasam are Sourashtrian's snacks,முறுக்கும் அதிரசமும் சௌராஷ்டிரர்களின் தின்பண்டங்கள்
விநாயிக் கந்து3லொ அர்பணொ கெரஸுன்,Rice dumplings are offered to Lord Ganesha,விநாயகப் பெருமானுக்கு கொழுக்கட்டை படைப்பார்கள்
தொ4வ்ளாக் கஸ்தந்து3 பீடும் கெரி தூ3து3ம் பி3ஜ்ஜட3னு,Milk dumpling is made in raw rice and soaked in milk,பால் கொழுக்கட்டையை பச்சரியில் செய்து பாலில் ஊறவைப்பார்கள்
பொ2ன்னிந்தொ4வ்ளொ கொ2வ்லாக் சொக்கடு3,Cumin rice dumpling is good for cough,சீரக கொழுக்கட்டை இருமலுக்கு நல்லது
ஸெவி பி3ஜ்ஜெ தூ3து3 பேஸ் கு3ள்ளெகன் ருசிகன் ர்ஹாயி,Dumpling roll soaked milk porridge is sweet and delicious,"கொழுக்கட்டை ஊறிய பால் கஞ்சி இனிப்பாக, சுவையாக இருக்கும்"
நிளமு பெ3ளா பஸெம் தடொ3வொன்னு ர்ஹாயி,Green gram rice pudding is watery,பச்சைப்பயறு பாயாசம் தண்ணீராக இருக்கும்
கோழிக்கோடு3 ஹல்வா வேன் ப்ரஸித்3தி4 ஹொயெயொ,The Kozhikode Halwa is very popular,கோழிக்கோடு அல்வா மிகவும் பிரபலமானது
தி3வளி நெக்3கு3ன் ஜீர்ணு ஹோத்தக் கெஷாவ் பெனொ,Drink potion to digest Diwali snacks,தீபாவளி பலகாரங்கள் செரிக்க கசாயம் குடிக்கவேண்டும்
ஶிம்பு3 பீடும் கெரெ பேஸ் பில்லல்னுக் சொக்கடு3,Porridge made from grain flour is good for children,தானிய மாவில் செய்த கஞ்சி குழந்தைகளுக்கு நல்லது
மலையாளின் வெளெபேஸும் மீட் தகி3லி பேஸூன்,Malayalis drink rice porridge with salt,மலையாளிகள் வடிகஞ்சியில் உப்பு போட்டு குடிப்பார்கள்
து4வனு பனி கா3ய்கொ3ருனுக் தே3ஸுன்,Rice rinsed water is fed to cattles,கழனித் தண்ணீர் கால்நடைகளுக்கு கொடுப்பார்கள்
அத்தொ கொடு3க் பெனார் ஸேயா?,Are there any spicy gruel drinkers now?,இப்போது காரகஞ்சி குடிப்பவர்கள் உண்டா?
பொள்ளாம் ர்ஹீ முற்கெ3 வஸுனொ அவரஸ்,A rotten smell comes from the fruit,பழத்திலிருந்து அழுகிய வாசனை வருகிறது
பொள்ளானுக் முட3த்தக் ஸொட்3னகொ3 !,Do not let the fruits rot !,பழங்களை அழுக விடாதே !
ஹூனுகலமு தூ3த் ப4ராட் தொவெத் முட்3ஜாயி,Milk gets spoiled if left outside in summer,வெயில்காலத்தில் பாலை வெளியில் வைத்தால் திரிந்துவிடும்
விட்டய பா4த் ஸுனொ மெல்லொ கா2னா,Even the dog will not eat the rotten rice,ஊசிப்போன சாதத்தை நாய் கூட சாப்பிடாது
நஜ்ஜெ பு4ர்கொ தகெத் அவ்ண்டி கொடு3 லக3ய்,"If you use spoiled powder, the broth will taste bitter",கெட்டுப்போன பொடி போட்டால் குழம்பு கசக்கும்
ஸெக்கர் ரோக்3 கெரின் பொள்ளா ரெஸ்ஸு பே ஹோனா,Diabetics should not drink fruit juice,சர்க்கரை நோயாளிகள் பழச்சாறு குடிக்கக் கூடாது
ஸெவாக்கய்லாக் சர்பாஞ்சு குட்கொகன் காட்,Cut the drumstick into four to five pieces,முருங்கைக்காயை நான்கைந்து துண்டுகளாக நறுக்கவும்
நலாபனி சொக்கட் ருசிகன் ஸே,Tap water tastes good,குழாய் நீர் நல்ல சுவையாக உள்ளது
கண்ணா கா2ன்பான்ஶாலாம் ராஜ்ஜெமன் ருசிகன் ர்ஹாயி,The dinner at Kannan restaurant is delicious,கண்ணன் உணவகத்தில் இரவு உணவு சுவையாக இருக்கும்
எல்லெ வஸனுஶாலாம் 500 பொ2வ்னான் வஸன் கெருவாய்,This hotel can accommodate 500 guests,இந்த தங்கும் விடுதில் 500 விருந்தினர்கள் தங்கலாம்
நெட்ஷத்ரு வஸனுஶாலாம் கொனேவெள காப்பி அப்3ப3யி,Coffee is available anytime at Star Hotel,நட்சத்திர ஓட்டலில் எந்நேரமும் காபி கிடைக்கும்
அம்ப3ட் பொட்3னா தாடி3 பனி போடு3க் சொக்கட் மெனன்,Unfermented toddy is said to be good for the stomach,புளிக்காத கள் வயிற்றுக்கு நல்லது என்பார்கள்
கெள்ளு விக்கத்தெ ஏட் ப3ந்தி3 கெர்திரியொ,Selling toddy is prohibited here,இங்கு கள் விற்பது இங்கு தடை செய்யப்பட்டுள்ளது
ஸெரொ பேத்தெ நஜ்ஜெ வட்கெ,Drinking arrack is a bad habit,சாராயம் குடிப்பது கெட்ட பழக்கம்
ஸெரா பனி களஜ்ஜிக் பா3தொ3 கெரய்,Alcohol affects the liver,மதுபானம் கல்லீரலை பாதிக்கும்
அத்தொ அஸ்கி பெ3ய்லனுக் மெனி பெத்தே பெனிஶாலொ ஸே,Nowadays there is a separate bar for women,இப்போதெல்லாம் பெண்களுக்கென தனி மதுக்கூடம் உள்ளது
பனி தய்லி பொ3ண்டி3 தொ3வ்ட3த்தெ விபத் ஹொயெயொ,Drunk driving is dangerous,குடித்துவிட்டு வண்டி ஓட்டுவது அபாயமானது
பெனிக் பொள்கி3ள்டி3யத் ஸொட3ன் முஸுனா,"Once you get used to drinking alcohol, you can't quit",மது அருந்த பழகிவிட்டால் விட முடியாது
பனி தய்லியெத் மொதொ3 அவயி,Drinking alcohol causes intoxication,மது அருந்தினால் போதை ஏறும்
கு3ள்ளெ பனிக் ஸில்லொகன் பெனொ,Soft drinks should be drunk cold,குளிர்பானங்களை குளிர்ச்சியாக குடிக்க வேண்டும்
தோனும் காய் நொம்மரியோ?,What are you chewing in mouth?,வாயில் என்ன மெல்லுகிறீர்கள் ?
ஹலது பு4ர்கொ நஜ்ஜனாத்தொ ஸீலுனொ,Turmeric powder should be preserved,மஞ்சள் தூள் கெடாது பாதுகாக்கப்பட வேண்டும்
கலம்ஹொயெ சீடிகாம் ப்ரயாண் கெரானா,You cannot travel on an expired ticket,காலாவதியான சீட்டில் பயணம் செய்ய முடியாது
க2ட3த்தக் முது3ல்லாம் கலம்ஹோன்ஜாரியொ தி3னாங்குக் ஸெர்க்கொ ஸனொ,Check the expiry date before buying,வாங்குவதற்கு முன் காலாவதி தேதியை சரிபார்க்கவும்
கா2ன்பான்ஶாலாம் ப2லார் பொட்ணம் ப4ந்தி3 தே3ராஸ்,"At the hotel, they pack the idli",ஹோட்டலில் இட்லியை பொட்டலம் கட்டி தருகிறார்கள்
ஜு2க்கு ப2லார் க2யெஹால் தெனு தெத்துளிஞ்ஜாஸி,He staggered because he ate too much Idli,அதிகமாக இட்லி சாப்பிட்டதால் அவர் தள்ளாடினார்
மகா3 காமுக் ஆத3ரொ தெ3னொ,We should support handloom work,கைத்தறி தொழிலை ஆதரிக்க வேண்டும்
ஸௌராஷ்டிரர்னு வினெத்தெமாம் நாவ் பொட்3யாத்தெனு,Sourashtrians are popular for weaving,சௌராஷ்டிரர்கள் நெசவுக்குப் பிரபலமானவர்கள்
பஸுடு3 ஸௌலொ வினஸ்தக் கௌஶல் பஜெ,Silk saree weaving requires skill,பட்டுப் புடவை நெய்வதற்கு திறமை தேவை
ரெங்க3த்தக் முது3ல்லாம் தாகுக் உஸுனொ,"Before dyeing, the yarn should be bleached","சாயமிடுவதற்கு முன், நூலை வெளுக்க வேண்டும்"
தாகுன் தீ3 ப்ரகார் ஹோஸு - ஒண்டெ லம்பு3 தாக் அங்கொ3ண்டெ3 அட்3ட3ம் தாக்,The yarn is of two type - Lengthwise yarn is called Warp and crosswise yarn is called Weft,நூலிழை இரண்டு வகைப்படும் - ஒன்று நீட்டு பாவு நூல் மற்றது குறுக்காக ஓடும் ஊடை நூல்
ஒண்டெ தாத் மெனரியொ 54 கெ3ஜுன் ர்ஹாயி,One warp is made of 54 yards,ஒரு பாவு என்பது 54 கஜம் கொண்டது
பொ3ட்டொ வினத்தக் பஜெ ஹோரியொ லம்பு3 தாகுக் பக3ட் மெனன்,The long yarn required for weaving fabric is called warp,துணி நெசவிற்குப் பயன்படும் நீளமான இழை பாவுநூல் எனப்படும்
பக3ட் எரஸ்தக் ம்ஹொட்டொ தா2ம் பஜெ,A large space is needed for stretching the warp,பாவு நீட்ட பெரிய இடம் தேவை
பொன்னி கெரிகின் தாகுக் ஶுத்3த3ம் கெரனு,The yarn is cleaned by stretching the warp,பாவு நீட்டி நூலை சுத்தம் செய்வார்கள்
தாகு ர்ஹுந்தி3 பொகட் உட்சி தெ4ர்லத்தக் பெ3ந்து ஸட்டம் நுக3ஸு,The cross beam is used to stretch the yarn widthwise,பாவு நூலை அகலவாக்கில் இறுக்கி பிடிக்க பாவு கட்டை பயன்படுகிறது
ஶுத்3த3ம் கெரெ தாகுக் ரோலும் கு3வ்னஸுன்,The cleaned yarn is rolled on the warp beam,சுத்தம் செய்த பாவு நூலை பாவு கட்டையில் சுற்றுவார்கள்
வினெ ஸவ்லாக் தூரும் கு3வ்னஸுன்,The woven saree is rolled on cloth beam,நெய்த சேலையை பாவு உருளையில் சுற்றுவார்கள்
தூர் பி2வ்ரத்தக் பொ2லொ நுக3ஸு,The cloth beam is rotated using ratchet and wheel,பாவு உருளையை சுழற்றுவதற்கு திருகி பயன்படும்
நெலிம் பி4த்தர் ரித்திகெண்டா3க் தொ2வனு,Wooden bobbin is placed inside the Shuttle,நாடாவின் உள்ளே ஊடை குழலை வைப்பார்கள்
நெலிம் தீ3 பொகட் கெலின் ர்ஹாயி,There will be two wooden rollers on both the side of the shuttle,நாடாவின் இரண்டு பக்கமும் நாடா உருளை இருக்கும்
ரித்திகெண்டா3ம் அட்3ட3ம் தாக் பொ4வ்ரனு,Weft yarn is wound on the wooden bobbin,ஊடை நூலை ஊடை குழலில் சுற்றுவார்கள்
வினெத்தெ வேள் பக3டுக் ஹோட்கன் உட்சி தெ4ர்லத்தக் கம்டி3 வள்டி நுக3ஸு,The flat wooden bar helps to hold the yarn tightly while weaving,"நெய்யும் போது, பாவுநூலை இறுக்கமாக பிடித்திருக்க பட்டைக்கோல் உதவுகிறது"
நெலிக் அட்3ட3ம் த4மட3த்தக் மகொ3 உட்சனு,Batten handle is pulled to run the Shuttle across the warp,குறுக்குசால் ஓட்ட தறியின் கைப்பிடியை இழுப்பார்கள்
விங்கர் மகா3 மிட்டாம் பி3ஸி வினனு,The weaver sits on the weaver's seat and weaves,நெய்பவர் நெசவாளார்-இருக்கையில் அமர்ந்து நெய்வார்
ஸவ்லாம் பஜெஹொயெ சித்ரு அவட3த்தக் ஜக்கார்ட்3 பெடி ஒர்க3ஸு,Jacquard box is used to create required design in the Saree,சேலையில் விரும்பிய வடிவை வரவைக்க ஜக்கார்ட்3 பெட்டி பயன்படுகிறது
பொத்திம் அட்3ட3ம் தாகுக் கு3வ்னி தொ2வனு,The weft yarn is wound on the cone shaped hand tool,பெரூட்டத்தில் ஊடை நூலை சுற்றி வைப்பார்கள்
ரித்திகெண்டா3ம் பொ4வ்ரத்தக் முது3ல்லாம் பொத3ராம் தாக் கு3வ்னனு,Weft yarn is wound on the wooden tool before feeding the bobbin,ஊடை குழலில் சுற்றுவதற்கு முன்னால் மரக்காலில் நூலை சுற்றுவார்கள்
ரித்திகெண்டா3ம் தாக் பொ4வ்ரத்தக் ர்ஹெடொ3 நுக3ஸு,The hand wheel is used to wind the weft yarn on the wooden bobbin,ஊடை குழலில் நூல் சுற்ற கை ராட்டை பயன்படும்
பஞ்சுலொ உஞ்சொ க2ல்லொ அவ்ங்கி ஸவ்லொ வினனு,The treadles are pressed up and down to weave the saree,தறியின் மிதிபலகைகளை மேலும் கீழும் அமுக்கி சேலை நெய்வார்
விங்கர் தனொ தயிகின் பொ3ட்டொ வினஸுன்,The weaver pedals the treadles and weave the fabric,நெசவாளார் மிதிபலகைகளை மிதித்து துணி நெய்வார்கள்
அட்3ட3ம் தாக் த4மெத்திக்காம் தெல்லெகொ3 லம்பு3 தாக் ஸெரொ நெட்டனு,"Once the waft yarn is run, it will be shedded with warp yarn",ஊடை நூல் ஓடியதும் அதை பாவு நூலுடன் இழுத்து அடிப்பார்கள்
லம்பு3 தாகுன் ஒண்ட்யாக் ஒண்டெ ஸெர்க்கஹொயெ தூ3ரும் தொ2வத்தக் பொ2ன்னி ஒர்க3ஸு,Reed keeps the warp yarn at equal distance to each other,பாவு நூல்கள் ஒன்றுக்கொன்று சம தூரத்தில் இருக்க கீறுகம்பி உதவுகிறது
நெலி பக3டுக் அவ்டா3ம் த4மயி,Loom wood shuttle runs across the warp,நாடா பாவுநூலுக்கு குறுக்கே ஓடும்
முற்கெ3 பொள்ளானும் கிடா3ன் உத்பத்தி ஹோஸு,Worms form on rotten fruit,அழுகிய பழங்களில் புழுக்கள் உருவாகும்
ஸித்3த3டுக் ஜுன்னாருக் ஸிங்க3ய்த் மெனன்,The earthworm is called the farmer's friend,மண்புழு விவசாயிகளின் நண்பன் என்று அழைக்கப்படுகிறது
"களயெ அஸ்கி ஜீவுனும், ஹத்3தெ3 ஹொல்லொ ஹாபு3னு",Insects make up more than half of all known organisms,அறியப்பட்ட அனைத்து உயிரினங்களிலும் பூச்சிகள் பாதிக்கும் மேற்பட்டவை
ஹப்3பு3னுக் ஸோ பாய்ஞினு ஸே,Insects have six legs,பூச்சிகளுக்கு ஆறு கால்கள் உள்ளன
மிங்கி3ன் அபுல் ஆங்கு3 பா4ர் ஸொம்மர் 10-50 கு3ண் பா4ர் துக்கயி,Ants carry 10-50 times their own body weight,எறும்புகள் தங்கள் உடல் எடையை விட 10-50 மடங்கு எடையை சுமக்கும்
முங்கி3னு வேன் ஸக்ரியொ ஹொயெயொ,The ants are very active,எறும்புகள் மிகவும் சுறுசுறுப்பானவை
களொ மிங்கி3 சவ்னா,Tiny Black ant does not bite,பிள்ளையார் எறும்பு கடிக்காது
ல்ஹொவொ மிங்கி3 சவஸு,The fire ant bites,சிற்றெறும்பு கடிக்கும்
மிங்கி3 ப4க்ஷகுக் தா3து3ன் ஜுண்ணா,Anteaters have no teeth,எறும்புண்ணிக்கு பற்கள் இல்லை
மிங்கி3ன் மத்தி ஹால் அம்தி2லொ ப4ந்த3ஸு,Ants build anthills with the soil,எறும்புகள் மண்ணைக் கொண்டு எறும்புப் புற்றுகளை கட்டும்
மிங்கி3ன்கின் ஹுதி3ன் வள்மீகுக் ப4ந்த3யி,Ants and termites build anthills,"எறும்பும், கரையானும் எறும்புப் புற்றைக் கட்டும்"
சாடொ ஸமூஹ ஹப்3பு3னு. தெல்லெ ஸெந்தொவஸஸும் ஜிவஸு,Ants are social insects; they live in colonies,எறும்புகள் சமூகப் பூச்சிகள்; அவை காலனிகளில் வாழ்கின்றன
ஜு2க்கு ம்ஹகி3னு ரமாரமி 21 தி3ன்னுன் ஜிவஸு,Most flies live an average of 21 days,பெரும்பாலான ஈக்கள் சராசரியாக 21 நாட்கள் வாழ்கின்றன
பெ3ய்லு பிஸ்ளொ ஒண்டேஸ் சவயி,Only female mosquitoes bite,பெண் கொசுக்கள் மட்டுமே கடிக்கும்
ப3ந்தொ3 தொ3ஸ்கொ ந்ஹாத்தக் ஒண்டே வார் லெந்து ஜிவயி,A cockroach can live for up to one week without its head,கரப்பான் பூச்சி தலை இல்லாமல் ஒரு வாரம் வரை உயிர் வாழும்
ஸொக்களுக் அபுல் போடுர் கான் ஸே,Grasshoppers have ears on their bellies,வெட்டுக்கிளிகள் தங்கள் வயிற்றில் காதுகளைக் கொண்டுள்ளன
ஸுண்டி3ன் பனி பி4த்தர் 2 ஒர்ஸு லெந்து ஜிவஸு,Dragonflies live as long as 2 years underwater,தட்டான்கள் தண்ணீருக்கு அடியில் 2 ஆண்டுகள் வரை வாழ்கின்றன
ஜு2ருள் தீ3 பகு3ல் லெந்து லங்க3யி,Crickets can leap as far as two feet,சுவர்க்கோழி இரண்டு அடி தூரம் வரை தாவும்
ஜு2க்கு கெ4ந்த3லுன் ஒண்டெ ஒர்ஸு லெந்துஸ் ஜிவஸு,Most beetles only live for a year,பெரும்பாலான வண்டுகள் ஒரு வருடம் மட்டுமே வாழ்கின்றன
மௌடி3னுக் ஆட் பாய்ஞின் ஸே,Spiders have 8 legs,சிலந்திகளுக்கு 8 கால்கள் உள்ளன
முறி பொ3ட்டா வஸுனொ தெ4ய்னாக் உட்சஸு,The smell of dirty laundry attracts bedbugs,அழுக்குத்துணி வாசனை மூட்டைப்பூச்சிகளை ஈர்க்கிறது
ஜூ2ல் 6 ம்ஹடொ3 அகா3ர் ந்ஹாத்தக் ஜிவத்தக் முஸயி,The leech can live without food for 6 months,அட்டை 6 மாதங்கள் உணவில்லாமல் வாழ முடியும்
ஜு2ளுக் தெ3ஸ்ஸு தொ3ளான் ஸே,Leech has 10 eyes,அட்டைக்கு 10 கண்கள் உள்ளன
கங்கிடொ3 ஸெவ்கா பான் கா2யி,The caterpillar eats drumstick leaves,கம்பளிப்பூச்சி முருங்கை இலைகளை உண்ணும்
கைனங்கிடா3க் 1000 பாய்ஞின் ஜுண்ணா,"Millipedes Do Not Have 1,000 Legs","மரவட்டைகளுக்கு 1,000 கால்கள் இல்லை"
"பெ3ய்லு ஜிஜ்ஜில் 1 - 2 தி3ன்னுகின், த3ல்லா ஜிஜ்ஜில் 3 - 5 தி3ன்னுன் ஜிவயி",Female fireflies live 1 - 2 days and male fireflies 3 - 5 days,"பெண் மின்மினிப்பூச்சி 1 - 2 நாளும், ஆண் மின்மினிப்பூச்சி 3 - 5 நாளும் வாழும்"
கொ3வ்ரம்மொ அபுல் பாய்ஞினுக் ருசி களள்ளத்தக் நுக3ஸு,Butterflies use their feet to taste,வண்ணாத்துப்பூச்சிகள் தங்கள் கால்களை சுவைக்க பயன்படுத்துகின்றன
பூ2லுபதங்கொ3 பூ2லு மையும் ஜிவஸு,The butterfly lives on the nectar of the flower,பட்டாம்பூச்சி பூவின் தேனில் வாழ்கிறது
கோ3ம்பெ3க் விக்கு ஸே,Centipedes are venomous,பூரான் விஷத்தன்மை கொண்டவை
விஞ்சு ஹந்தா3ரும் ஜுலயி,Scorpions glow in the dark,இருளில் தேள் ஒளிரும்
மண்ட3ப்பொ சார் ர்ஹீ பாஞ்சு போ3ட் லம்பொ3 ர்ஹாயி,Giant forest scorpions are between four to five inches in length,நட்டுவாக்கிளி நான்கு முதல் ஐந்து அங்குல நீளம் இருக்கும்
ஒண்டெகா3 தொ3ஸ்காம் ஜூ2ம் 30 தி3ன்னு லெந்து ஜிவயி,Lice can live up to 30 days on a person's head,ஒரு நபரின் தலையில் பேன் 30 நாட்கள் வரை வாழும்
ஜூ2மு அண்டா3க் ரீக் மெனி மெனனு,The lice eggs are called nits,பேன் முட்டைகளை ஈரு என்பார்கள்
ஹுதி3னுக் ப்ராமஹொயெ அகா3ர் வஜ்ரதி3ட்3டு3,The favourite food of silverfish is the glue,அந்துப் பூச்சிகளுக்கு பிடித்த உணவு பசை
மை ம்ஹகி2ன் பூ2லுமது4ம் ர்ஹீ மை கெரஸு,Bees make honey from nectar,தேனீக்கள் பூந்தேனிலிருந்து தேன் தயாரிக்கின்றன
"தேனெ 80% ஸெக்கர்கின், 20% பனி ஹால் ஹொயெயொ",Honey is made of 80% sugars and 20% water,தேன் 80% சர்க்கரை மற்றும் 20% தண்ணீரால் ஆனது
மையும் 300 தி3னுஸுன் ஹொல்லொ ஸே,There are more than 300 varieties of honey,தேனில் 300 க்கும் மேற்பட்ட வகைகள் உள்ளன
மை ம்ஹகி2னுக் 5 தொ3ளான் ஸே,Bees have 5 eyes,தேனீக்களுக்கு 5 கண்கள் உள்ளன
விஜிலி ந்ஹாத்தக் அவ்ரெஹால் ஜிவத்தக் முஸுனா,We cannot live without electricity,மின்சாரம் இல்லாமல் நம்மால் வாழ முடியாது
சிடு3கானுக் பில்லல்னு அந்த3த்திஸொ க2ல்லொகன் தொ2வொ ஹோனா,The switches should not be placed low enough for children to reach,சொடுக்கிகளை குழந்தைகள் எட்டும் அளவுக்கு தாழ்வாக வைக்கக்கூடாது
கு3ண்டு3 தி3வொ ஜெலத்தெ வேள் ஹுன்னொ ப4ராட் ஸொட3யி,Incandescent light bulb emits heat when burning,குண்டு விளக்கு எரியும் போது சூட்டை வெளியிடும்
நல்லி தி3வொ தொ3ளாக் ஸில்லொகன் ர்ஹாயி,Tube light is cool to the eye,குழல் விளக்கு கண்ணுக்கு குளிர்ச்சியாக இருக்கும்
எல்இடி3 தி3வொ உன்னொ விஜிலிம் ஜு2க்கு ஹுஜால் தே3ஸு,LED lights provide more light with less power,எல்இடி விளக்குகள் குறைந்த மின்சாரத்தில் அதிக வெளிச்சத்தை வழங்குகின்றன
எல்இடி3 தி3வான் உடாவ்கன் ஜெலரஸி,LED lights are very bright,எல்இடி விளக்குகள் மிக பிரகாசமாக எரிகின்றன
"ப4ராட் ஹந்தா3ர்கன் ஸே, ஹாதுதி3வொ க2ல்லி ஜவொ","It is dark outside, take the torch with you","வெளியே இருட்டாக இருக்கிறது, டார்ச்சை எடுத்துச் செல்லுங்கள்"
விஜிலி ந்ஹாத்தெவேள் குடி3யண்டா3 தி3வொ பிர்ஜனம்கன் ர்ஹாஸு,Egg lamp will be useful during power outage,மின் தடையின் போது சிம்னி விளக்கு பயனுள்ளதாக இருக்கும்
பொ3லோம் வராம் மெல்லொ கன்டீன் ம்ஹொவ்லானா,The lantern does not go out even in strong winds,பலத்த காற்றில் கூட கண்ணாடி கூட்டு விளக்கு அணையாது
ஹிந்தொ3 மெல்லொ ஜு2கு கொ4ம்மானும் க2ந்தெ3ம் தி3வொ ஸே,"Even today, many homes still have hurricane lamp",இன்றும் பல வீடுகளில் அரிக்கேன் விளக்கு உள்ளது
அந்தெ3ம் தி3வொ நிள்ச்சி ஜெலை,The sand lamp burns steadily,விளக்கெண்ணெய் விளக்கு நிலைத்து எரியும்
நெட்ஷத்ரு வஸனுஶாலாம் தொரணு தி3வாக் ஸவாயி,Chandelier can be seen in Star Hotels,நட்சத்திர ஓட்டல்களில் சரவிளக்கைப் பார்க்கலாம்
தே3வு சுட்டும் து4ம்டிக் க2ல்லி ஜாஸுனு,They carry torches in God's procession,கடவுள் ஊர்வலத்தில் தீப்பந்தம் ஏந்திச் செல்கின்றனர்
முந்த3டி3 காலும் ரவுளும் லகு3டா3த2ந்தி3லி ப்ரயோக்3 கெர்யாஸி,In ancient times wooden torches were used in palace,பழங்காலத்தில் அரண்மனையில் மர தீப்பந்தம் பயன்படுத்தினார்கள்
கெம்பி3 மத்தாவ் ஜெலட3த்தக் மெயின் வாதூஸ் மேடு,Candles are best to lit the sparkler fire crackers,கம்பி மத்தாப்பு கொளுத்துவதற்கு மெழுகுவர்த்தியே சிறந்தது
தாளு பானு விஜனொ மது3ரெம் வேன் நாவ் பொட3யொ,Palm leaf hand fan is very popular in Madurai,பனை ஓலை கை விசிறி மதுரையில் மிகவும் பிரபலம்
ஹூனுகலமு விஜிலி விஜனொ த4மிலேத்கன் ர்ஹாய்,During summer the Ceiling Fan keeps running,கோடை காலத்தில் மின்விசிறி ஓடியபடியே இருக்கும்
மேஜொ விஜனாம் ர்ஹீ வரொ ஸில்லொகன் அவஸு,The air from the table fan is cool,மேஜை விசிறியில் இருந்து காற்று குளிர்ச்சியாக வருகிறது
ஹொராடு3 மஹாலும் பீடொ2 விஜனாக் ஸவாய்,Pedestal fans can be found in the wedding hall,திருமண மண்டபத்தில் பீட மின்விசிறியைக் காணலாம்
ஹிந்தொ3 அஸ்கி கொ4ம்மானும் தூ3ர்தெ3க்கண்ணி ஸே,"Today, every home has a Television",இன்று அனைத்து வீட்டிலும் தொலைக்காட்சி உள்ளது
தூ3ர்தெ3க்கண்ணி தெராக் பொஸுவொ,Wipe the TV screen,தொலைக்காட்சி திரையைத் துடைக்கவும்
தெனொ தெரா பொ3ட்டாம் ர்ஹீ ப4ராட் தொங்கி3 ஸியெஸ்,He peeked out from the curtains,அவன் திரைச்சீலையில் இருந்து வெளியே எட்டிப்பார்த்தான்
பில்லல்னு தூ3ருநியந்த்ரொ ஹால் சித்ருனுக் மர்ச்சிலேத் ர்ஹான்,Kids keep changing channels with the remote control,குழந்தைகள் தூர இயக்கியால் சேனல்களை மாற்றிக்கொண்டே இருப்பார்கள்
ஹாதுவதி3னி அவெ ப2ராது தூ3ர்வதி3னி வவ்ரினி உன்னொ பொள்டி3யொ,"After the arrival of the mobile phone, the use of telephones decreased",கைபேசி வந்த பிறகு தொலைபேசி பயன்பாடு குறைந்துவிட்டது
பில்லல்னு ஜொவள் மெல்லொ ஹாதுவதி3னி ஸே,Even children have cell phones,சிறியவர்களிடம் கூட கைபேசி உள்ளது
ஸில்லா பெடிம் பனி கெ3ட்3டொ3 உத்பத்தி கெருவாயி,Ice can be made in the refrigerator,குளிர்சாதன பெட்டியில் பனிக்கட்டி தயாரிக்கலாம்
ஹூனுகலமு ஸில்ல வரா பெடி ந்ஹாத்தக் ர்ஹவானா,Can't live without air conditioner in summer,கோடையில் குளிரூட்டி இல்லாமல் இருக்க முடியாது
விஜிலி இஸ்திரிக் கெ4டி3ம் ப்ரயோக்3 கெரத்தக் முஸை,Electric clothes iron can be used immediately,மின்சார சலவைப் பெட்டியை உடனடியாக பயன்படுத்த முடியும்
தேகு ஜா2டு3னும் கெரெ பொல்காவஸ்துனுன் மோல் வேனு,Furniture made of teak wood is expensive,தேக்கு மரத்தால் செய்யப்பட்ட மரச்சாமான்கள் விலை அதிகம்
தெனு சார்பாய்ஞிம் ஹிப்3பி3 ர்ஹீ தி3வொ பொ4வ்ர்யாஸ்,He stood on the stool and lit the lamp,அவர் நாற்காலியில் நின்று விளக்கை ஏற்றினார்
ஒள்டு3ன் குர்ஸினும் விஶ்ராந்திகன் பி3ஸி ஸே,Elderly people are sitting leisurely in chairs,வயதானவர்கள் நாற்காலிகளில் ஓய்வாக அமர்ந்திருக்கிறார்கள்
பீடொ2 ஹொல்லொ ஒர்கு3னாங்கொ3,Do not lean on the table,மேஜை மீது சாயாதீர்கள்
க2யி ஹொட்டி ஜெமரியொ பீடா2க் பொஸி தொ2வொ,Wipe the dining table after eating,சாப்பிட்ட பிறகு சாப்பாட்டு மேசையை துடைத்து வைக்கவும்
நெவ்டா3ம் ஒண்டெ திவி ஸே,There is a long bench in the corridor,நடைபாதையில் ஒரு நீண்ட இருக்கை உள்ளது
இக்லான் ப3து3லாம் பி3ஸி ஸே,Students are sitting on the bench,மாணவர்கள் பலகையில் அமர்ந்திருக்கிறார்கள்
கய்லொகெஸுர் கொ2ள்டி கோஸெ?,Where is the vegetable bag?,காய்கறி பை எங்கே?
பிஸ்னி கொ2ள்டிக் பி2ரிவவ்ரத்தெ கெஷ்டமு,Plastic bags are difficult to recycle,பிளாஸ்டிக் பைகளை மறுசுழற்சி செய்வது கடினம்
ஸுனொ கெச்செந்தி3 ஹொல்லொ பி3ஸி ஸே,Dog is sitting on the gunny bag,நாய் கோணிப்பை மீது அமர்ந்துள்ளது
செகு3லொ ஹெடி3 கொ2ள்டாம் தவொ,Put the chopped firewood in the sack,விறகு சிராயை எடுத்து சாக்குப்பையில் போடுங்கள்
பெடிம் ஹன்னவ் லிக்கடி3 தொ2வ்னு,They hide money in the box,பெட்டியில் பணத்தை ஒளித்து வைப்பார்கள்
பில்லல்னு கோஷ்டும் லிக்குள்ளராஸ்,The children hide in the wooden bureau,குழந்தைகள் மர பீரோவில் ஒளிந்து கொள்கிறார்கள்
கோஷ்டும் உன்னபொட3யொ தீ3 ஸுருன் ர்ஹாய்,A wooden bureau has at least two drawers,மர பீரோவில் குறைந்தது இரண்டு இழுப்பறைகள் இருக்கும்
பிர்ஜனம் ந்ஹாத்த வஸ்துனுக் பொராம் தய்தன்,Useless items are put away in bureau drawers,பயனற்ற பொருட்களை பீரோ இழுப்பறைகளில் போட்டுவிடுவார்கள்
பில்லல்னு ஹிந்து3ளாம் க2ளத்தக் ப்ராமொ பொட3ராஸ்,Children love to play on the swing,குழந்தைகள் ஊஞ்சலில் விளையாட விரும்புகிறார்கள்
ஸேணினுக் ஜு2க்குகன் பொ3ங்கு3ம் கெரனு,Ladders are mostly made of bamboo,ஏணிகளை பெரும்பாலும் மூங்கிலால் செய்வார்கள்
அத்தொ ஜெலுமினும் கெரெ மொன்ட்சத்திஸா ஸடொ அப்3ப3ரஸி,"Foldable Ladders, made of Aluminium, are available now",அலுமினியத்தால் செய்யப்பட்ட மடிக்கக்கூடிய ஏணிகள் இப்போது கிடைக்கின்றன
அள்டாம் ஹிங்க3த்தக் அள்டாஸடொ பிர்ஜனம் பொட3ஸு,A loft ladder is used to climb upstairs,பரணில் ஏறுவதற்கு பரண் ஏணி பயன்படுத்தப்படுகிறது
ஹாதுவதி3னிம் ஹெட3ரியொ லோஸுன் பெ4ளி ஸிங்க்3யார் ஸே,The photos taken on mobile phones are awesome,கைப்பேசியில் எடுக்கப்பபடும் புகைப்படங்கள் அருமையாக இருக்கின்றன
ஸதி3ன் ஜு2க்குகன் களொ வனிம் ர்ஹாயி,Umbrellas are mostly black,குடைகள் பெரும்பாலும் கருப்பு நிறத்தில் இருக்கும்
கா3ய்கொ3ருன் பேத்தக் து4வனு பனி நிவிம் ஸொட3னு,The rice washed water is poured into a wooden trough for the cattle to drink,கால்நடைகள் குடிக்க கழனி தண்ணீரை மர தொட்டியில் ஊற்றுவார்கள்
ப3ள்ளாம் ஸேத்தெ ஒல்லொ பொ3ட்டானுக் ஸுக்கடு3வொ,Dry the wet clothes in the bucket,வாளியில் உள்ள ஈரமான துணிகளை உலர்த்தவும்
ஹந்தா3ரும் அவ்ரெஹால் ஸாத்தக் முஸுனா,We cannot see in the dark,இருட்டில் நம்மால் பார்க்க முடியாது
நார்வே தே3ஶும் ஸோ ம்ஹடா3னுக் ஹுஜால் ர்ஹானா,There will be no light in Norway for six months,நார்வேயில் ஆறு மாதங்களுக்கு வெளிச்சம் இருக்காது
ஸுரிது நேகு3க் ஸமான் கொன்னி ந்ஹீ,Nothing equals sunlight,சூரிய ஒளிக்கு சமமாக எதுவும் இல்லை
ஞானின் தே3வுக் ஜோதி ரூபும் ஸாராஸ்,The sages see God in the form of light,ஞானிகள் இறைவனை ஒளி வடிவில் காண்கிறார்கள்
"க3தி3 மெந்தொ ஸால், தந்து3 செர்ச்சி தொ2வரியொ பொ4ன்னொ",Granary pot is a pot for storing paddy and rice,"குதிர் என்பது நெல், அரிசி சேமித்துவைக்கும் பானை"
பொர்க்யாடு3ம் கெ3ல்லாம் தந்து3 தயி தொ2வஸுனு,"In the village, rice is put in the granary pots","கிராமத்தில், குதிரில் அரிசியை போட்டு வைப்பார்கள்"
எல்லெ பூ4தத்3த3ம் அவ்ரெ ஐங்கே4ர்பா3யோ,This magnifying glass belonged to my grandfather,இந்த பூதக்கண்ணாடி என் தாத்தாவுடையது
லக்ஷ்மணொ ராமுடு3 பவ்க3ள் தொ2வி ராஜ்ஜலஸி,Lakshman ruled the kingdom with the footwear of Rama,லக்ஷ்மணன் இராமனின் பாதுகைகளுடன் ராஜ்யத்தை ஆண்டான்
ஹூனுகலமு செவ்னி ந்ஹாத்தக் சலத்த முஸுனா,Can't walk without sandals in summer,கோடையில் செருப்பு இல்லாமல் நடக்க முடியாது
யந்த்ரஶாலாம் ஸேத்தெ அஸ்கிதெனு பாய்ஞ்ஹொவி தய்லி ஸே,Everyone in the factory wear shoes,தொழிற்சாலையில் உள்ள அனைவரும் காலணிகள் அணிந்துள்ளனர்
ஜு2க்கு ரஜான் பெ4ள்பீ4டு ஸெரொ ஜிவ்யாஸி,Most of the kings lived in affluence,பெரும்பாலான மன்னர்கள் செல்வச் செழிப்புடன் வாழ்ந்தனர்
ஆட் தீ3ஸுன் ஸே,There are eight directions,எட்டு திசைகள் உள்ளன
தி3க்குனுக் தெ3க்கி தெ4ரத்தக் காந்தொ நுக3ஸு,The magnet is used to find directions,திசைகளை கண்டறிய காந்தம் உபயோகப்படுகிறது
ஸுரித் கௌ2னஸும் நிகு3லயி,The sun will rise in the east,சூரியன் கிழக்கில் உதிக்கும்
ஸுரித் ஹொஸ்தாம் ஜ2கா3யி,The sun sets in the west,சூரியன் மேற்கில் மறையும்
ஹிமகி3ரி பா4ரதுக் உத்தரும் ஸே,The Himalayas are located in the north of India,இமயமலை இந்தியாவின் வடக்கே உள்ளது
கன்யாகுமரி தெ3க்ஷண் பொகட் ஸே,Kanyakumari is in the south,கன்னியாகுமரி தெற்கில் உள்ளது
அக்3னிமூலோஸி ஹந்த3வ் தௌரமுக் செர்க்க ஹொயெ தா2மு,Southeast is the perfect place for a kitchen,தென்கிழக்குதான் சமையலறைக்கு சரியான இடம்
நைருத்யா பொவ்ஸுகலம் ஜூன் ம்ஹடா3ம் ஹர்ம்ப3ம் ஹோயி,Southwest monsoon starts in Jun,தென்மேற்கு பருவமழை ஜூன் மாதம் தொடங்கும்
புஜா ஹொவ்ரிக் ஈஶான்யொ தி3க்கும் தொ2வ்னொ,The prayer room should be placed in a north-easterly direction,பூஜை அறையை வடகிழக்கு திசையில் வைக்க வேண்டும்
வாயு மூலாம் மலொ ப4ந்து3னொ,The toilet should be built in the northwest,வடமேற்கில் கழிவறை கட்ட வேண்டும்
ராமுடு3 ஜிவெ கலம் திரேதா யுக3ம்,The period during which Rama lived was the Thiretha Yuga,ராமர் வாழ்ந்த காலம் திரேதா யுகம்
பா3ல்ய காலும் சொவ்து3னொ,Should study in adolescence period,இளமைப் பருவத்தில் படிக்க வேண்டும்
மீ தொகொ3 ஜு2கு3 காலு தொகன் ஸீரனி,I haven't seen you in ages,நான் உன்னை பல ஆண்டுகளாக பார்த்ததில்லை
மென்க்யான் து3க்வாளு காளும் பு3ள்ளான் க2யாஸி,During the famine period people ate tubers,பஞ்ச காலத்தில் மக்கள் கிழங்குகளை உண்டார்கள்
வார்தி4க்யொ த3ஶாம் விஶ்ராந்திகன் ர்ஹனொ,Should rest during old aged period,வயதான காலத்தில் ஓய்வாக இருக்க வேண்டும்
காலாந்த்ரமு அஸ்கி மர்ச்சாஸு,"Over a period of time, everything changes","காலப்போக்கில், எல்லாம் மாறுகிறது"
பா4ரதும் ஸோ ர்ருதுன் ஸே,There are six seasons in India,இந்தியாவில் ஆறு பருவங்கள் உள்ளன
ஹூநுகலமு பக்ஷினுக் பனி தே3த்தெ சொக்கடு3,It is good to water the birds in summer,கோடையில் பறவைகளுக்கு தண்ணீர் கொடுப்பது நல்லது
பொவ்ஸுகலமு முது3ல்லாமுஸ் பீகு க4ல்தஸுன்,The seed is sown before the rainy season,மழைக் காலத்திற்கு முன்பே விதை விதைக்கிறார்கள்
ஹிமுஸுகலமு ஸில்லொ வரொ ஹனயி,Cold winds blow in the pre-winter seasons,குளிர்காலத்தில் குளிர்ந்த காற்று வீசும்
மொஞ்சுகலமு ஒள்டு3ன் பா3தொ3 பொட3ஸுன்,The elderly suffer in the winter,பனிக்காலத்தில் வயதானவர்கள் அவதிப்படுகின்றனர்
வரளாம் பூ2லுன் பி3ஸ்ஸொ ஹொடி3 பு2லஸு,In Spring flowers grow faster and bloom,வசந்த காலத்தில் பூக்கள் வேகமாக வளர்ந்து பூக்கும்
வளுராணும் ஹுனளாம் ஹூன் வேன் ர்ஹாயி,Summers are hotter in the desert,பாலைவனத்தில் கோடை வெப்பம் அதிகமாக இருக்கும்
பொஸளாம் பிடு3 பொட3ஸு,Lightning flashes in the rainy season,மழைக்காலத்தில் மின்னல் மின்னுகிறது
பொஸ்லா கலமு பெ3ஸ்களினுக் ஸவாயி,Frogs can be seen during the rainy season,மழைக்காலத்தில் தவளைகளைக் காணலாம்
ஶிரளாம் ஜா2டு3ன் பான் லலத்தக் ஹர்ம்ப3ம் கெரஸு,"In autumn, the trees begin to shed their leaves","இலையுதிர் காலத்தில், மரங்கள் இலைகளை உதிர்க்கத் தொடங்குகின்றன"
இரளா கலமு ஸில்லா தே3ஶும் ஒஸு பொட3ஸு,Snowfall occurs in colder countries during the winter,பனிக்காலத்தில் குளிர் நாடுகளில் பனிப்பொழிவு ஏற்படுகிறது
பக்ஷின் அகாஸும் ஹுட3ரஸி,Birds fly in the sky,பறவைகள் வானத்தில் பறக்கின்றன
ஹூடு3ன் ஹுட3ரஸி,The birds are flying,பறவைகள் பறக்கின்றன
ஹுட்3ஜனின் அபுல் பிங்கு ஹால் ஹுட3ரஸி,Birds fly by its wings,பறவைகள் அதன் இறக்கைகளால் பறக்கின்றன
கௌளொகின் பிள்டொ ஸதா மல்லஸு,The crow and quill alwyas fight,காகமும் குயிலும் எப்போதும் சண்டை போடுகின்றன
குடி3 அண்டொ3 தக3யி,The hen lays eggs,கோழி முட்டையிடும்
வீள்டொ அஸ்கி குடி3னுன் அபுல் கூ4டு3க் ஜாஸு,"In the evening, all hen goes to their coop","மாலையில், அனைத்து கோழிகளும் தங்கள் கூட்டிற்குச் செல்கின்றன"
குடா3க் ஜு2க்குகன் பொள்டொ ஹொல்லொ ஸவாயி,The rooster can mostly be seen on the roof,சேவலை பெரும்பாலும் கூரையின் மேல் பார்க்க முடியும்
குகுடா3 ஹிலி ல்ஹொவொ வனிம் ர்ஹாயி,The rooster comb is red,சேவல் கொண்டை சிவப்பு நிறத்தில் இருக்கும்
மாய் குடி3 அபுல் குடி3பில்லானுக் வேன் ரக்ஷணொ கெரஸு,Mother hens are very protective of their chicks,தாய் கோழிகள் தங்கள் குஞ்சுகளை மிகவும் பாதுகாக்கின்றன
ஸாரங்கொ3 ஹுட3த்தக் முஸுனா,The turkey cannot fly,வான்கோழி பறக்க முடியாது
அத்தொ அஸ்கி சிடி3னுக் ஸாத்தெ து3ஸ்தல் ஹொய்யொ,Nowadays it is rare to see sparrows,இப்போதெல்லாம் சிட்டுக்குருவிகள் பார்ப்பதே அபூர்வமாகிவிட்டது
அமி கெரெ வத்தொ ரமொ பி2ரி கெரஸு,The parrot repeats what we spoke,நாம் பேசியதை கிளி திருப்பிப் பேசுகிறது
கொக்குர்கய்லொ தௌ4ரா கொ3புரும் ஜிவஸு,Pigeons live in the temple towers,புறாக்கள் கோவில் கோபுரங்களில் வசிக்கின்றன
கௌது3 ப4ராடு-நிளா கிரணுக் ஸாத்தக் முஸயி,The pigeon can see ultraviolet rays,புறா புற ஊதா கதிர்களையும் பார்க்க முடியும்
பொரைலொ ஶாந்தித்வமுக் ப்ரதீகொ ஹோஸு,The white dove is a symbol of peace,வெள்ளை புறா அமைதியின் சின்னம்
கொகில் அப்லானுக் நீடொ3 ப4ந்து3லனி,The quill does not make a nest of its own,குயில் தனக்கென கூடு கட்டுவதில்லை
பிள்டொ கௌளா நீடா3ம் அண்ட3 தக3யி,The quill lays its eggs in the crow's nest,குயில் காகத்தின் கூட்டில் முட்டையிடும்
ம்ஹோர் பிஞ்செ2 விலாஸ் கெரி நசஸு,The peacock spreads its struts and dances,மயில் தோகை விரித்து ஆடுகிறது
உலுன் ஸ்ரேஷ்டு2 ஹொயெ ராது கிராதுனு,Owls are excellent nocturnal predators,ஆந்தைகள் சிறந்த இரவு நேர வேட்டையாடுபவர்கள்
ம்ஹொட்டொ தொ3ளொ ஸேத்தெங்கொ உட்3டு3ளு தொ3ளொ மெனஸுன்,People with big eyes are called owl eyes,பெரிய கண்களை உடையவர்கள் ஆந்தை கண்கள் என்று அழைக்கப்படுகிறார்கள்
கூ4கு3 ஹால் தி3ஸ்லாம் ஸாத்தக் முஸுனா,The owl can't see during the daytime,ஆந்தையால் பகலில் பார்க்க முடியாது
ஒகு3ல் சொராக் தெ4ரத்த்தக் ஐய்கனா-ஸெத்3து3க் உபயோக்3 கெரஸு,Bats use ultrasound to navigate and catch prey,ஒகு3ல் சொராக் தெ4ரத்த்தக் ஐய்கனா-ஸெத்3து3க் உபயோக்3 கெரஸு
ஆடி3ன் அபுல் பில்லானுக் மேட் ஹொயெ ரக்ஷகு,Drakes are excellent protectors for their chicks,ஆண் வாத்துகள் தங்கள் குஞ்சுகளுக்கு சிறந்த பாதுகாவலர்கள்
ப3து3லா க4டி3 ஸெத்3து3 வேன் கெ4ட்டி ர்ஹாயி,The duck's voice will be more louder,பெண் வாத்தின் குரல் மிக சத்தமாக இருக்கும்
ப3கா3ன் ஹுஜால் வனிம் ஸே,The cranes are white,கொக்குகள் வெள்ளை நிறத்தில் உள்ளன
குக்ராக் லம்பு3 பாய்ஞ் ர்ஹாயி,Storks have long legs,நாரைகளுக்கு நீண்ட கால்கள் இருக்கும்
ஹம்ஸொ ஸாத்தக் பெ4ளி ஸிங்கா3ர் ர்ஹாயி,The Swan is is so beautiful to look at,அன்னப்பறவை பார்க்க மிக அழகாக இருக்கும்
லுவி பூ4ய்ஞ் ஹொல்லொ நீடொ3 ப4ந்த3யி,Quail build nests in the ground,காடைகள் தரையில் கூடு கட்டும்
"கௌ3ரி குடி3 ஸொகன், ஹுட3த்தக் அவ்னா","Grey Francolin is like Hen, can not fly","கௌதாரி கோழியைப் போன்று, பறக்க வராது"
பா4ரஜி கிலுபி3லாட் ஸெத்3து3 கீ3த் க3வரியொ ஸொகன் ர்ஹாயி,The chirping sound of Skylark will be like singing a song,வானம்பாடியின் கீச்சிடும் சத்தம் ஒரு பாடலைப் பாடுவது போல் இருக்கும்
தி3ஷ்ளான் அகா3ருக் மொரெ மூகு3னு உராவுக் கா2ஸு,Vultures eat the remains of dead animals for food,கழுகுகள் உணவுக்காக இறந்த விலங்குகளின் எச்சங்களை உண்கின்றன
கெ3ருடு3 ஸ்ரீமந் நாராயணனுகு வாஹனொ ஹோஸு,Garuda is Lord Sriman Narayanan's vehicle,கருடன் ஸ்ரீமந் நாராயணனின் வாகனம்
கவ்ளகா4ருக் மெனிகுன் ஸொம்மர் 4-5 வாள் மோனொ ஸனி ஸே,Eagle has 4-5 times sharper eyesight than humans,கழுகு மனிதர்களை விட 4-5 மடங்கு கூர்மையான பார்வை கொண்டது
கா4ரு கவ்ள்கா4ரு ஸொம்மர் ந்ஹன்ன ர்ஹாயி,Kites are smaller than Eagale,பருந்து கழுகை விட சிறியதாக இருக்கும்
"ஶினி 36,000 பௌல் உஞ்சொ லெந்து ஹுட3யி","Griffon vulture can fly upto a height of 36,000 feet","வல்லூறு 36,000 அடி உயரம் வரை பறக்கும்"
பி4ரி பிங்கு 2.7 - 3.2 மீட்டர் லெந்து ர்ஹாயி,Condor bird has a wingspan of 2.7 to 3.2 meter,அண்டபேரண்டப் பறவையின் இறக்கைகள் 2.7 முதல் 3.2 மீட்டர் வரை இருக்கும்
வங்குடொ3 மெனரியொ ந்ஹன்ன ப3து3லொ ஸொகன் ர்ஹாயி,Eurasian teal is like a small duck,கிளுவை என்பது சிறிய வாத்து போல இருக்கும்
முஷ்ளி பனிம் ஜிவத்திஸானு ஹூடு3 ஜாது,Sandpiper is a species of aquatic bird,உள்ளான் ஒரு நீர் வாழ் பறவை இனம்
அஸ்கி பக்ஷினுக் பாய்ஞ் அங்கி3லிக் ஸெத்லாம் சுங்கு3ல் ஸே,All birds have claws at the end of the toes,அனைத்து பறவைகளுக்கும் கால்விரல்களின் முடிவில் நகங்கள் உள்ளன
கொகிலுக் பஞ்ஜிரி ப4ந்த3ன் களானா,Quill does not know how to build a nest,குயிலுக்கு கூடு கட்ட தெரியாது
கௌளொ க2ட்டினு ஹால் கூ4ட் ப4ந்த3ஸு,The crow builds a nest with sticks,காகம் குச்சிகளைக் கொண்டு கூடு கட்டுகிறது
தெ2வ்டெ3 ஹூடு3ன் பூ4ய்ஞிம் நீடொ3 ப4ந்த3ஸு,Some birds build nests in the ground,சில பறவைகள் நிலத்தில் கூடு கட்டும்
ஸில்லா பரிஸ்தி2திம் ஹூடு3னுக் ஹுன்னொகன் தொ2வ்லத்தக் ரெக்கென் ஒர்க3ஸு,Feathers help to keep the birds warm in cold conditions,குளிர்ந்த சூழ்நிலையில் பறவைகளை சூடாக வைத்திருக்க இறகுகள் உதவுகின்றன
பக்ஷின் பிங்கு விலாஸ் கெரி ஹுட3ரஸி,Birds spread their wings and fly,பறவைகள் சிறகு விரித்து பறக்கின்றன
அஸ்கி ஹூடு3னுக் தீ3 பொகா3ன் ஸே,All birds have two wings,அனைத்து பறவைகளுக்கும் இரண்டு இறக்கைகள் உள்ளன
"ம்ஹோர், குகுடொ3 மெனி ஜு2கு பக்ஷினுக் தொ3ஸ்கர் ஹிலி ஸே","Many birds, such as the peacock, the rooster have crest on their heads","மயில், சேவல் என பல பறவைகளுக்கு தலையில் கொண்டை உள்ளது"
த3ல்லா ம்ஹோருனுக் ஸிங்கா3ர் முதளொ ஸே,Male peacocks have beautiful plumage,ஆண் மயில்கள் அழகான இறகுகளைக் கொண்டுள்ளன
ரமா முஸ்கிளி வித்துனுக் பொ2டத்தக் வகு3ண்டொ3கன் ர்ஹாயி,The beak of the parrot is bent to break the seeds,கிளியின் அலகு விதைகளை உடைக்க வளைந்திருக்கும்
சிடி3னுக் பஷ்ஜிரிம் ஜ2யி தொ2வஸுன்,Sparrows are kept closed in cage,சிட்டுக்குருவியைப் கூண்டில் அடைத்து வைப்பார்கள்
poorana ghiraaN dustalkan hosu,Total eclipse occurs rarely,முழு கிரகணம் அரிதாகவே நிகழ்கிறது
,Children need to be taught how to deal with difficult times,கடினமான காலங்களை எப்படி எதிர்கொள்வது என்பதை குழந்தைகளுக்கு கற்றுக்கொடுக்க வேண்டும்
"பாரிஸும் ஒண்டெ ஒர்ஸு ப2ராது, தெனு பி2ரஞ்சு பா4ஷாம் ஸஹஜம் ஹொய்யா",After a year in France she was fluent in French,"பிரான்சில் ஒரு வருடம் கழித்து, அவர் பிரெஞ்சு மொழியில் சரளமாக இருந்தார்"
தெனு ஜெர்மனி ஸஹஜம்கன் வத்தொ கெரராஸ்,He speaks German fluently,அவர் சரளமாக ஜெர்மன் பேசுகிறார்
அத்தொ கெ4ண்டொ இக்கொ?,What time is it now?,இப்பொழுது நேரம் என்ன?
தக்ஷணம் நிகி3ளி கே4ர் ஆவ்,Leave immediately and come home,உடனே கிளம்பி வீட்டுக்கு வா
மொரெ ஹால் எவேர் கே4ரு ப3ட்கெ ப4ந்த3த்தக் முஸுனா,I cannot pay the rent immediately,என்னால் உடனடியாக வாடகையை செலுத்த முடியாது
கெ4டி3ம் கொ2ட்டொ க2லி கெருவொ,Vacate the room instantly,உடனடியாக அறையை காலி செய்யுங்கள்
தூ ஜியெ ப2ள்சொ தெனொ அவெஸ்,He came after you left,நீ போன பிறகு அவன் வந்தான்
ப2ல்லாது அஸ்கி தெனு மொண்ட3வ் ஸொடி3 ஜியாஸ்,Then everyone left the hall,பின்னர் அனைவரும் மண்டபத்தை விட்டு வெளியேறினர்
நரெளு ஜா2ட் 3 ர்ஹீ 8 ஒர்ஸு ப2ல்லொ போ2ள் தே3யி,A coconut tree bears fruit after 3 to 8 years,தென்னை மரம் 3 முதல் 8 ஆண்டுகளுக்குப் பிறகு பலனைத் தரும்
க2யெ ப2ராது ஹோங்கு3 அவயி,Sleep comes after taking food,சாப்பிட்ட பிறகு தூக்கம் வரும்
மீ தொகொ3 ப2ள்சாது பொ3வுஸ்,I'll call you later,நான் உன்னை பிறகு அழைக்கிறேன்
தெக3 ப2ள்சாது தெங்கொ3 கொன்னிதெனு நொம்ப்3யானி,Thereafter no one trusted him,அதன் பிறகு யாரும் அவரை நம்பவில்லை
10 ஒர்ஸு ஹொல்லாது3 தெங்கொ3 ஸாரியொ,Seeing him after 10 years,10 வருடங்களுக்குப் பிறகு அவரைப் பார்க்கிறேன்
தெக3 ஹொல்லாது3 கொன்னி தெனு நிஞ்ஜானி,No one slept after that,அதற்கடுத்து யாரும் தூங்கவில்லை
அத்தெங்கு3டு3 மொரெ வத்தோஸ் ஐகுனொ,"From now on, should listen only to me",இனிமேல் என்பேச்சை தான் கேட்கவேண்டும்
அதப2ர து3ஷ்ட ஸவஸுக் ஸொடு3வொ,Leave bad friendships after this,அதன் பிறகு கெட்ட நட்பை விட்டு விடுங்கள்
6 ம்ஹடொ3 ஹொயெத்தகர் பில்லல்னுக் கெ4டி3 அகா3ர் தெ3னொ,Babies should be given solid food after 6 months of age,6 மாதங்கள் ஆனபிறகு குழந்தைகளுக்கு திட உணவை கொடுக்க வேண்டும்
ஸுனொ ஒள்டோக் ஒள்டோக் உஸ்கெஸி,The dog barked now and then,நாய் அவ்வப்போது குரைத்தது
தெ2ப்3பொ3 மீ ஸங்கெ3யொ கொன்னிதெனு அய்க்யானி,No one listened what I said then,அப்போது நான் சொன்னதை யாரும் கேட்கவில்லை
ஸுட்டுனாத்தக் அப்4யாஸ் கெர்னொ. தெ2ப்2போ3ஸி ஜெவுஞ்சத்தக் முஸை,Keep practicing. Only then can you win,தொடர்ந்து பயிற்சி செய்ய வேண்டும். அப்போதுதான் வெற்றி பெற முடியும்
கொ2ப்3பொ3 பி2வ்ரி தே3ன் மெனி ஸங்கு3வொ,Tell me when you will return it,எப்போது திருப்பித் தருவீர்கள் என்று சொல்லுங்கள்
தெனு கொ2ப்3பி3ம் சுரும் அவன்,He always comes early,அவர் எப்போதும் சீக்கிரம் வருவார்
ஜித்ரவ் லம்பு3ரும் இஸோஸ் ஜானா,Life will not always go like this,வாழ்க்கை எப்போதும் இப்படியே போகாது
வளுராணும் ஸதா3கலம் வேன் ஹுன்னொ ர்ஹாய்,It is always very hot in the desert,பாலைவனத்தில் எப்பொழுதும் அதிக வெப்பம் இருக்கும்
சிரபுஞ்சிம் கொனேவெள பொவ்ஸ் பொட3ஸ்,It rains anytime in Cherrapunji,சிரபுஞ்சியில் எந்த நேரத்திலும் மழை பெய்கிறது
ரீன் தெத்தெவேள் ஹெட்டுனொ,The loan should be repaid from time to time,கடனை அவ்வப்போது அடைத்து விடவேண்டும்
ஹிஸ்லான் கொ3ப்3ப3 தெ2ப்3ப3 ரீன் மவன்,Servants always ask for credit,வேலைக்காரர்கள் எப்போதும் கடன் கேட்பார்கள்
அவ்ரெ மமொ கொ2ப்3ப3தி3 ஒண்டால் சல்சித்ரு ஸான்,My uncle occasionally watches movies,என் மாமா எப்போதாவது ஒரு முறை திரைப்படம் பார்ப்பார்
முது3ல்லாம் அமி தி3ல்லிம் ஜிவெயொ,Earlier we lived in Delhi,முன்பு நாங்கள் டெல்லியில் வாழ்ந்தோம்
தீ3 கெ4ண்டொ தொகன் ர்ஹக்கிலேத் ஸேத்தெ,I am waiting for 2 hours,2 மணி நேரமாக காத்திருக்கிறேன்
கெ4டி ர்ஹியெத் வத்தொ கெரென்,"If you have time, we can talk",நேரம் இருந்தால் பேசலாம்
ஒண்டெ தி3 மெனரியொ 60 கெ4டி3னுன் செரயொ,A day consists of 60 gheDi,ஒரு நாள் என்பது 60 நாழிகைகளைக் கொண்டது
கெ4ண்டொ அத்தொ 2 கா4ட் 15 நிமிஷுன்,Now the time is 2 hours 15 minutes,இப்போது நேரம் 2 மணி 15 நிமிடங்கள்
ஸாதுன் தெ3ஸ் கா4முக் தொரன் கு3ஷ்டி நிகு3ளயி,The train leaves at seven ten,ஏழு பத்து மணிக்கு ரயில் புறப்படும்
ஸாத் கா4ம் தெ3ஸ்ஸு நிமிஷுக் ஊபொ3ண்டி3 நிகு3ளயி,The train will leave at seven hours ten minutes,ஏழு மணி பத்து நிமிடங்களுக்கு ரயில் புறப்படும்
வராமான் நிமுடு நிமிட் மர்ச்சய்லேத் ஹொதெ3ஸி,The weather was changing minute by minute,வானிலை நிமிடத்திற்கு நிமிடம் மாறிக்கொண்டே இருந்தது
எல்லெகொ3 தெ2வ்டெ3 சிடு3குனூஸ் ஹோயி,It only takes a few seconds,இதற்கு சில வினாடிகள் மட்டுமே ஆகும்
ஜு2கு3 கொ4ம்மானும் கெ4டி3தளொ 15 நிமிஷுன் பி3ஸ்ஸொ தொ2வஸுன்,Clocks in most homes are set 15 minutes faster,பெரும்பாலான வீடுகளில் கடிகாரங்கள் 15 நிமிடங்கள் வேகமாக வைக்கப்படுகின்றன
அணு கெ4டி3யளோ வேன் ஸெர்க்கொகன் கெ4ண்டொ தெ3க்கட3ஸு,An atomic clock shows time very accurately,அணுக் கடிகாரம் மிகத் துல்லியமாக நேரத்தை காட்டுகிறது
பை2லா ஹாது கெ4டி3யளொ 1868 - ம் தெ3க்கி தெ3ர்யாஸி,The first wrist watch was invented in 1868,முதல் கைக்கடிகாரம் 1868 இல் கண்டுபிடிக்கப்பட்டது
களொ மஞ்ஜிரிக் ஸாத்தெ தி4ல்லொ ஸெகு3ன் மெனி ஜு2கு3 தெனு மெனஸுன்,Many people say that seeing a black cat is a bad omen,கருப்பு பூனையைப் பார்ப்பது கெட்ட சகுனம் என பலர் சொல்வார்கள்
ஶுப4 வேள் ஸீகின் ராக்கெட் ஸொட3ஸுனு,They launch a rocket at an auspicious time,சுப நேரத்தில் ராக்கெட்டை ஏவுகிறார்கள்
வேக் சொக்கட் ர்ஹியெத் ஹவ்டெ3யொ சலயி,"If the timing is good, what is thought will happen",நேரம் நன்றாக இருந்தால் நினைத்தது நடக்கும்
தூ ஏட் ர்ஹாத்த வேள் மொரெ சொக்காய் ஸிவி ஹொட்டெ,Sew my shirt while you're here,நீ இங்கே இருக்கும்போது என் சட்டையை தைத்துவிடு
ஸர்கார் தி3யெ வேளுமிதி ஸொந்தொ3 ஸெரொ முஸரஸ்,The deadline given by the government ends tomorrow,அரசு அளித்த காலக்கெடு நாளையுடன் முடிவடைகிறது
இர்கடு3 வேள் ஸஹாவ் கெரத்தெனோஸ் மித்ரு,A friend is one who helps in difficult times,இக்கட்டான சமயங்களில் உதவுபவனே நண்பன்
ஸொளொபா2ரும் சுரும் ஹுட3த்தெ சொக்கட் வட்கெ,Getting up early in the morning is a good habit,காலையில் சீக்கரம் எழுவது நல்ல பழக்கம்
ஆட் பா2ருன் மிளின் ஒண்டெ தி3ன்னு ஹோஸு,Eight phaarun (3 Hours) add up to one day,எட்டு ஜாமங்கள் சேர்ந்தால் ஒரு நாள் ஆகும்
காம் ஸெணம் முஜ்ஜொ,The work is over quickly,வேலை சீக்கிரத்தில் முடிந்து விட்டது
துமி ஶுனாஸ் அவ்டி3யா,You have arrived early,நீங்கள் சீக்கிரமே வந்து விட்டீர்கள்
துமி ககொ3 அவ்ஸர் பொட3ரியொ?,Why are you in such a hurry?,நீங்கள் ஏன் அவசரப்படுகிறீர்கள்?
ஸவ்கா3ஸ் அப்3பெ3த் கே4ர் அவொ,Come home when you are free,ஓய்வு கிடைத்தால் வீட்டுக்கு வாருங்கள்
தெனொ ஸவ்கா3ஸ்கன் காம் கெரை,He works slowly,அவன் மெதுவாக வேலை செய்வான்
புஸினி புஸத்தக் அவ்காஶ் ந்ஹீ !,No opportunity to ask questions !,கேள்விகள் கேட்க வாய்ப்பு இல்லை !
மீ ஹிந்தொ3 அவ்காஸ் க2ல்ரெஸ்,I have take leave today,நான் இன்று விடுப்பு எடுத்துள்ளேன்
ஒண்டெ ஒர்ஸும் 9 அவ்காஸ் தி3ன்னுன் ஸே,There are 9 holidays in a year,ஒரு வருடத்தில் 9 விடுமுறைகள் உள்ளன
தெ2வ்டெ3வேள் தோன் ஜ2ய்லி ர்ஹாத்தெ ப3ரொ,Sometimes it's better to keep the mouth shut,சில நேரங்களில் வாயை மூடிக்கொண்டு இருப்பது நல்லது
வேளாவேளாக் ஹொகத் கா2த்தெ அவஸ்யமு,It is necessary to take medicines at regular intervals,வேளாவேளைக்கு மருந்து சாப்பிடுவது அவசியம்
ஸொளொபா2ர் ந்ஹீ வீள்டாக் அவ்னொ. இஸனி இரோடு வேளும் தூ அவெத் காய் கெரத்தெ?,Should come in morning or evening. What to do if you come at a time like this?,காலை அல்லது மாலையில் வரவேண்டும். இப்படி இரண்டுங்கெட்ட வேளையில் நீ வந்தால் என்ன செய்ய?
அத்தொ காய் சலரஸ் மெனெத்தெ வர்தமானுகாலு ஸங்க3ஸு,The present tense tells what is happening now,இப்போது என்ன நடக்கிறது என்பதை நிகழ்காலம் சொல்கிறது
சலெயொ ஸங்க3த்தெ பூ4தகாலு,Telling what happened is past tense,நடந்ததை சொல்வது இறந்தகாலம்
சலன் ஜாரியொ ஸங்க3த்தெ ப4விஷ்யகாலு,Telling what is going to happen is future tense,நடக்கப் போவதை சொல்வது எதிர்காலம்
மீ ஜவு மெனெத்தெ ஔதகாலு,I will go is a future tense,நான் செல்வேன் என்பது எதிர்காலம்
ஶ்ரேஷ்ட2 அவ்தொகாலுக்குரிச்சி மீ பாய்ஞ்பொட்3லரஸ்,I pray for a better future,சிறந்த எதிர்காலத்திற்காக நான் பிரார்த்தனை செய்கிறேன்
ப4விஷ்யம் சொக்கட் ர்ஹாந்தொ3,May the future be good,எதிர்காலம் நன்றாக இருக்கட்டும்
ஹத்3து3ராதும் மொகொ3 பொ3வ்னகொ3,Don't call me at midnight,நள்ளிரவில் என்னை அழைக்காதே
ஸொளொ ஸொளொபா2ரும் கோட் ஜீ ர்ஹாத்தொ முஸை?,Where could have gone in the early morning?,அதிகாலையில் எங்கே போயிருக்க முடியும்?
தெனொ தளு ர்ஹீ தளபாய்ஞ் லெந்து ப2ங்கி3லி நிஞ்ஜி ஹொதெ3ஸ்,He was lying covered from head to toe,அவன் உச்சி முதல் பாதம் வரை மூடிக்கொண்டு படுத்திருந்தான்
தெ3க்ஷண் பொகட் தொ3ஸ்கொ தொ2வ்லி நின்ஜ ஹோனா,Should not sleep with head facing south,தெற்கில் தலை வைத்து தூங்கக் கூடாது
"ஆட் வீது3 ஆங்கு3க், ஸிரஸூஸ் பிரதா4ன்","For a body of 8 span length, the head is important",எண் ஜாண் உடம்புக்கு தலையே முக்கியம்
ஹொடெ3 மெனிகு மெது3டு 1.5 கிலோ பா4ர் ர்ஹாயி,The brain of an adult human weighs 1.5 kilograms,வளர்ந்த மனிதனின் மூளை 1.5 கிலோகிராம் எடை இருக்கும்
"18 ஒர்ஸும், மெனிகு கு3து3ட்3 ஹொட3த்தெ ஹிப்3பி3 ர்ஹவள்ட3ஸு","At the age of 18, the human brain stops developing","18 வயதில், மனிதனின் மூளை வளர்வதை நிறுத்திக் கொள்கிறது"
மெனிகு மெந்து3 ஸதா3 காம் கெர்லேத் ர்ஹாயி,The human brain is always working,மனித மூளை எப்போதும் இயங்கிக் கொண்டிருக்கிறது
40 ஒஸ்ஸு ப2ராது கே2ஸ் ஹுஜால் பொ3ட3ன் நிகு3ளஸு,Hair starts graying after age 40,40 வயதிற்கு மேல் முடி நரைக்க தொடங்குகிறது
நீக்3ரோனுக் கே2ஸ் அல்கொகன் ஸே,Negroes have curly hair,நீக்ரோக்கள் முடி சுருள் முடியாக இருக்கிறது
முது3ல்லாம் த3ல்லான் ஸிகொ தொ2வ்லி ஹொத்3யாஸி,Earlier men used to have tuft hair,முன்பெல்லாம் ஆண்கள் குடுமி வைத்திருந்தார்கள்
தெ2வ்டெ3 ஐயானுன் ஜுட்டி தொ2வ்ல்ராஸ்,Some pandits have tuft hair,சில புரோகிதர்கள் குடுமி வைத்துள்ளார்கள்
மீனாக்ஷி அம்மொ கொ2பொ தொ2வ்ல்ராஸி,Goddess Meenakshi Amman has bun hairstyle,மீனாட்சி அம்மன் கொண்டை வைத்துள்ளார்
ஸுண்டு3லுக் லீமு தேல் லவாயி,Neem oil can be applied for dandruff,பொடுகுக்கு வேப்ப எண்ணெய் தடவலாம்
எல்லெ பெ3ட்3கிக் வெணி லம்பொ3 ஸே,This girl has a long braid,இந்த பெண்ணுக்கு நீண்ட பின்னல் உள்ளது
மாய் அபுல் பெ3டி3க் வெணி கு3ம்பி3லேத் ஸே,The mother is braiding her daughter,தாய் தன் மகளுக்கு ஜடை பின்னிக்கொண்டிருக்கிறாள்
நொவ்ரி லம்பு3 பூ2லு ஜெடொ3 தய்லி ஸே,The bride wears a long flower braid,மணமகள் நீண்ட மலர் ஜடையுடன் இருக்கிறார்
ஸனித3னி கெர்னா ஜியெத் தொ3ஸ்கா கே2ஸ் ஜொ2டொ3 பொள்ட3யி,"If not taken care of, the hair will become matted hair",பராமரிக்காவிட்டால் தலைமுடி ஜடாமுடி ஆகிவிடும்
ஒர்ஸுஹொயெ கலமு ஹுஜாலுகே2ஸ் ஸிங்க்3யார் ர்ஹாய்,Gray hair looks beautiful in old age,வயதான காலத்தில் நரை முடி அழகாக இருக்கும்
தளுபொட்டல் ஒண்டெ வம்ஶிகொ ரோகு3,Baldness is a hereditary disease,வழுக்கை ஒரு பரம்பரை நோய்
பில்லா தோன் கு3ண்டு3கன் ஸே,The baby has a round face,குழந்தையின் முகம் வட்டமாக உள்ளது
தெ2வ்டெ3தெனு ஹூனுகலமு பொ3ட3க் தய்லனு,Some people shave their heads in summer,சிலர் கோடையில் தலையை மொட்டை அடிப்பார்கள்
தெ2வ்டெ3 பெ3ட்3கினுக் பா4ங்கு3 ஒப்பானி,Some girls don't like hair parting,சில சிறுமிகளுக்கு வகிடை பிடிப்பதில்லை
நொவ்வொ தோனுக் ஸீதி பில்லொ ரொட3ரஸ்,Baby cries seeing new faces,புதிய முகங்களைப் பார்த்து குழந்தை அழுகிறது
ஸுரிது ஹுஜால் பொடெ3த் வத3ன் களொ பொட3ய்,Sunlight turns the face black,சூரிய ஒளி பட்டால் முகம் கருப்பாக மாறும்
பொ3ட்டு ந்ஹாத்த கபா3ல் ஹபா3லு,A freckle-free forehead is a dirty forehead,பொட்டு இல்லாத நெற்றி பாழ் நெற்றி
பொட்டுல் து3ன்னாக் மொன்னு பா4ர்கின் உத்ஜம் மெல்லொ காரணொ,Stress and tension are also the reason for temple pain,கன்னப் பொறி வலிக்கு மன அழுத்தமும் பதற்றமும் கூட காரணம்
தெனொ ஆஶ்சர்யமு பௌனிக் உஞ்சொ துக்கிஸி,She raised an eyebrow in surprise,அவள் ஆச்சரியத்தில் புருவத்தை உயர்த்தினாள்
தெ2வ்டெ3தெனு தீ3 பபினிக் பெத்தெபெத்தெகன் ஹல்லட3ன்,Some people move both eyebrows separately,சிலர் இரண்டு புருவங்களையும் தனித்தனியாக அசைப்பார்கள்
தெக3 ஹுப்3பு3 த4னு ஸொகன் ஹொத்3யெஸி,Her eyebrow was like a bow,அவள் புருவம் ஒரு வில் போல இருந்தது
ஹுஜால் வேன் ர்ஹியெத் ப3பிலி குங்க3ஸு,"If there is too much light, the iris contracts","அதிக வெளிச்சம் இருந்தால், கருவிழி சுருங்குகிறது"
சொவ்து3னாத்தெனு தொ3ளொ ர்ஹீ மெள்ளி அந்து3ன்,Uneducated people are blind even though they have eyes,படிக்காதவர்கள் கண் இருந்தும் குருடர்கள்
தெனொ தொ3ளா அண்டொ3 ம்ஹொடொ3 கெரி த4க்கடி3ஸி,She widened her eyeball and frightened,அவள் கண்மணியை விரித்து பயமுறுத்தினாள்
ஒரொதொ3ளாக் ப3ரொ கெரத்தக் முஸயி,Squint eyes can be cured,மாறுகண்ணை சரி செய்ய முடியும்
ச2ஸ்மொ தி3ஷ்டிக் செர்க்க கெரத்தக் ஒர்க3யி,Spectacles can help correct eye sight,மூக்குக் கண்ணாடி பார்வையை சரிசெய்ய உதவும்
பில்லாக் கிஸுர் லய்னாத்தக் ஸீலுனொ,Care should be taken to prevent the infant from evil eye,குழந்தையை கண் திருஷ்டி படாமல் பார்த்துக்கொள்ள வேண்டும்
தொ3ளா அத்3த3ம் ந்ஹாத்தக் அஸ்கி ஸௌரயி தெ3க்காரஸ்,"Without spectacles, everything looks blurred","கண்ணாடி இல்லாமல், எல்லாம் மங்கலாகத் தெரிகிறது"
ஹோங்கு3 ந்ஹாத்தெஹால் மிஸினி பு2க்3கி3 ஹொதெ3ஸ்,Eyelids had swollen due to lack of sleep,தூக்கமின்மையால் கண் இமைகள் வீங்கியிருந்தன
ரொப்பொ ரோம்கொ ஹுடொ3 தொ2வ்லி நிஞ்ஜி ஹொதெ3ஸ்,He was sleeping with his eyelids slightly open,கண் இமைகள் லேசாகத் திறந்து தூங்கிக் கொண்டிருந்தான்
தெ2வ்ட்3தெங்கொ3 ரொப்பா கே2ஸ் லம்பொ3 ர்ஹாயி,Some people have long eyelashes,சிலருக்கு இமைமுடிகள் நீளமாக இருக்கும்
துரெ ந்ஹுருக் க3ல்பொ கெண்டொ3கெளொகன் ஸே,Your baby has chubby cheeks,உங்கள் குழந்தைக்கு கன்னம் கொழுகொழு என உள்ளன
கஷ்மீரு பில்லல்னுக் க3வ்லொ ல்ஹொவ்வொ ர்ஹாயி,Kashmiri baby have red cheeks,காஷ்மீரி குழந்தைகளுக்கு கன்னங்கள் சிவப்பாக இருக்கும்
க3புலொ கெண்டொ3கெளொகன் ர்ஹியெத் சுண்டுனொ மெனி லக3யி,"It tempts to pinch, if the cheeks are chubby",கன்னம் கொழுகொழு என இருந்தால் கிள்ளத் தூண்டுகிறது
ந்ஹுரு கா3லுக் ப்ராமொகன் தெ4ரிஸி,She touched baby's cheek gingerly,குழந்தையின் கன்னத்தை அன்புடன் தொட்டாள்
பில்லொ கெண்டொ3கெளொகன் ஸிங்க்3யார் ஸே,The baby is fleshy and beautiful,குழந்தை கொழுகொழுவென அழகாக இருக்கிறது
"ஸங்கெ3 வத்தொ ஐகுனா ஜியெத், கனஸுல் பு4ஞ்சுது","If you don't listen, I will slap you on the cheek",சொல்பேச்சை கேட்காவிட்டல் கன்னத்தில் ஓங்கி அறைவேன்
கானும் காய் தய்லி ஸேத்தெ?,What are you wearing in your ears?,காதில் என்ன அணிந்து கொண்டிருக்கிறாய்?
நாக் மோனொ ஸெத்தெங்கொ3 ராக் வேன் அவய் மெனன்,People with sharp noses are said to get more angry,மூக்கு கூர்மையாக இருப்பவர்களுக்கு அதிக கோபம் வரும் என்பார்கள்
தெனு ஸ்வாஸொ கெரத்தக் வேன் கெஷ்டம் பொட3ராஸ்,He is struggling to breathe,அவர் மூச்சு விட மிகவும் கஷ்டப்படுகிறார்
தெ2வ்டெ3 தெங்கொ3 தோண் கு3ல்லெ கெரெத்திக்காம் காப்பி பஜெ,Some people need coffee after rinsing their mouth,சிலருக்கு வாய் கொப்புளித்ததும் காப்பி வேண்டும்
ஸொடெ3 தூ3த் ஸொகி3க் ஜாத்த லொவ்லாம் தெனொ மொஜ்ஜொ,He was dead before the milk reached the back of his mouth,ஊற்றிய பால் கடைவாய்க்கு செல்வதற்குள் அவன் இறந்து விட்டான்
கா2ல் பொடெ3த்தெமாம் கா3லும் கா4ம் லகி3டி3யொ,He suffered a jaw injury due to a fall,கீழே விழுந்ததில் தாடையில் காயம் ஏற்பட்டது
ராகு3ம் தெனொ சீபுக் ரெட்டெர் தி4க்கட்டி ஜீஸ்,She slammed her chin on her shoulder in anger,கோபத்தில் அவள் முகவாயை தோள்பட்டையில் இடித்து விட்டு சென்றாள்
"ஹ்ருடி3 பொ3லம்கன் ந்ஹீஜியெத், தாத்3 ஹிட்டி பொள்ட3ய்","If the gums lose strength, the tooth fall out",ஈறுகள் வலிமையாக இல்லையெனில் பல் விழுந்துவிடும்
தேலுயொ க2யெத் தளு சிவுட்டொ லக3ய்,"If you eat oily food, your palate will be sticky",எண்ணெய் உணவுகளை சாப்பிட்டால் அண்ணம் பிசுபிசுப்பாகும்
ஜீபு கொனொகின் கெக3ர் ருசிக் தெ3க்கி தெ4ரயி,The tip and edges of the tongue detect taste,நாக்கின் நுனி மற்றும் விளிம்புகள் சுவையைக் கண்டறியும்
ஸமஸ்தொ தா2முனும் ஹுட்டொ து2வொ ஹோனா,Should not spit in public places,பொது இடங்களில் எச்சில் துப்பக்கூடாது
ப2ல்திவார் ஹுட3த்திக்காம் தா3த் மஞ்ஜுனொ,Brush your teeth when you wake up in the morning,காலை எழுந்ததும் பல் தேய்க்க வேண்டும்
பக்கலு தா3த் ந்ஹன்ன ஒர்ஸும் ஹொட்3னா,Molars do not develop at a young age,கடைவாய்ப்பல் சிறு வயதில் வளராது
கெ3ளாம் மாலொ தகி3 தெங்கொ3 அபி4வாத3னொ கெர்யாஸி,They welcomed him with garland around his neck,கழுத்தில் மாலை அணிவித்து அவரை வரவேற்றனர்
பில்லா மான் அங்கு3 நிள்ச்சிரனி,The baby's neck is not yet stable,குழந்தையின் கழுத்து இன்னும் நிலையாக வில்லை
பில்லா பொ3ஞ்சும் பொஸுவொ,Wipe the baby's scruff of the neck,குழந்தையின் பிடரியில் துடைக்கவும்
கே4ரு பா4ர் தெகொ3 கா2ந்து3ர் பொள்டி3யொ,The burden of home fell on his shoulders,வீட்டுச் சுமை அவன் தோள்களில் விழுந்தது
ரெட்டெ ஹவ்லத்தெ சொக்கட் சால்சலன் ந்ஹா,Shrugging shoulder is not good manners,தோள்பட்டையை குலுக்குதல் நல்ல நடத்தை அல்ல
ஸில்லொ பனி பியெத் க4டி3ம் க2ஜ்ஜு அவய்,Drinking cold water can cause sore throat,குளிர்ந்த தண்ணீரை குடித்தால் தொண்டையில் புண் ஏற்படும்
அம்பா3 க4டி3 ஸெத்3து3 அய்கிதி பில்லொ பி2ரி ஸியெஸ்,The child turned around after hearing the mother's voice,தாயின் குரல் கேட்டு குழந்தை திரும்பி பார்த்தது
ஒஜனானு க4டி3 ஸெத்3து3 பெ4தா3ள்கன் ர்ஹாஸு,Some people's voices are clumsy,சிலரின் குரல் விகாரமாக இருக்கிறது
க3வீனுன் கு4ட்காக் சொக்கட் கௌ3ஞ்சுலராஸ்,Singers take good care of the larynx,பாடகர்கள் குரல்வளையை நன்றாக கவனித்துக்கொள்கிறார்கள்
ஸோகுஹால் ஹோடுன் ஸுக்கியொ,Lips parched with thirst,தாகத்தால் உதடுகள் காய்ந்தன
தெ2வ்டெ3 த3ல்லானுக் முஸ்குளிம் ஒண்டெ முஸுங்கு3 ர்ஹானா,Some men have no mustache only on the philtrum,சில ஆண்களுக்கு மேலுதட்டில் மட்டும் மீசை இருக்காது
ப2ந்த3ர் ஒர்ஸும் முஸின் ஹொட3த்தக் ஹர்ம்ப3ம் ஹோஸு,Mustache start growing at the age of fifteen,பதினைந்து வயதில் மீசை வளர ஆரம்பிக்கும்
பொ2ருங்கி3ன் முஸுங்கு3 ஸொவ்ரம் கெள்ட3ஸுன்,Foreigners shave their moustaches,வெளிநாட்டினர் மீசையை மழித்து விடுகின்றனர்
பௌ4து3ல்னு தா3டி3 தொ2வ்ல்ராஸி,Ascetics have beards,துறவிகள் தாடி வைத்திருக்கிறார்கள்
மொங்கு3ளார்தி ஸொவ்ரம் கெர்லஹோனா மெனன்,It is said that hair should not be cut on Tuesdays,செவ்வாய் கிழமைகளில் முடியை வெட்டக்கூடாது என்பார்கள்
ஸ்நான் கெரெ ப2ராது கா2த்தெ சொக்கட் வட்கெ,Eating after bathing is a good habit,குளித்த பின் சாப்பிடுவது நல்ல பழக்கம்
ஆங்கு3 தெ3ள்கொ பொடெ3த் ரோக்3 அவயி,Fatty body causes disease,உடல் குண்டானால் நோய் உண்டாகும்
தனு மொன்னுக் தய தா4னுக் சல்லுனொ,The body should behave according to the mind,உடல் மனதுக்கு ஏற்ப நடந்து கொள்ள வேண்டும்
ஶரீர்கின் மொன்னுக் ஶுத்3த4ம்கன் தொ2வ்லுனொ,Is there anyone who does not desire the body?,உடலையும் மனதையும் சுத்தமாக வைத்திருக்க வேண்டும்
தெகொ3 த4மினி கி3ரிடு3 ஸொகன் ந்ஹான் ஆங்கு3,He has a lean body like a runner,அவனுக்கு ஓட்டப்பந்தய வீரன் போல மெலிந்த உடல்
தே3ஹப்4யாஸ் ஶரீருக் பொ3லம் தே3யி,Exercise strengthens the body,உடற்பயிற்சி உடலுக்கு வலு தரும்
கொன்னி காம்கெர்த்தானுக் ஆலஸ்யொ ர்ஹாஹோனா,No worker should have laziness,எந்த வேலைக்காரருக்கும் சோம்பல் இருக்கக்கூடாது
ஜு2கு3 தெனு ஸொளொபா2ர் ஹுட3த்திக்காம் பிளொ தே3னு,Most people pandiculate once they wake up in the morning,பெரும்பாலோர் காலையில் எழுந்ததும் சோம்பல் முறிப்பார்கள்
ஜீவ் ஜியெ ப2ராத் ரொடி3 காய் பிர்ஜனம்?,What is the use of crying after death?,உயிர் போன பின் அழுது என்ன பிரயோஜனம்?
பி2ரி பி2ரி ஹனெஹால் கெண்டொ3 பி4ருஸ் பொள்டி3யொ,Repeated beatings numbed the skin,மீண்டும் மீண்டும் அடித்ததால் தோல் மரத்துப் போனது
வங்கி3 வேன் க2யெத் கெர்ப்பான் அவய்,"If you eat a lot of brinjal, you will get skin itching",கத்தரிக்காய் அதிகம் சாப்பிட்டால் தோல் அரிப்பு வரும்
காகும் கு3லுகு3லாய்ங் கெரெத் பில்லொ அஸயி,The child laughs if we tickle its armpit,அக்குளில் கிச்சு கிச்சு மூட்டினால் குழந்தை சிரிக்கும்
ஹாத் துக்கி பாய்ஞ் பொடு3வொ,Raise your hand and bow,கையை உயர்த்தி வணங்குங்கள்
கொ2வொஹால் பொ3வத்தெ நஜ்ஜெ வட்கெ,Calling with the elbow is a bad habit,முழங்கையால் அழைப்பது ஒரு கெட்ட பழக்கம்
பை3ல்வான் கொ2பொ3ஹால் நலர் பொ2ட3ராஸி,The strong man breaks the coconut with his elbow,பயில்வான் முழங்கையால் தேங்காய் உடைக்கிறார்
தெனொ அபுல் நாவ் கோஷ்டும் பொள்ஸொ குஸ்கி ஹொதெ3ஸ்,He had his name tattooed on his forearm,அவன் தன் பெயரை முன்னங்கையில் பச்சை குத்தி இருந்தான்
ஸர்தா3ர்ஜீன் கங்க்3ராம் கெங்க3ண் க4ல்லி ர்ஹானு,Sardarjis wear bracelets on their wrists,சர்தார்ஜிகள் மணிக்கட்டில் காப்பு அணிந்திருப்பார்கள்
தளொஹாதும் ஸேத்தெயொ ஸாத்தக் பூ4தத்3த3ம் பஜெயா?,Need a magnifying glass to see what's in the palm ?,உள்ளங்கையில் இருப்பதை பார்க்க பூதக்கண்ணாடி தேவையா?
பனி செந்தெ3த்தெமாம் ஹாத் பெள்ளொ பெள்ளொகன் பா2ட் தீ3ரஸ்,The palm has deep cuts due to water drawing,தண்ணீர் இறைத்ததில் கை பாளம் பாளமாக வெடித்துள்ளது
பலடி பா2டு3க் ஸுக்கெ கெண்டொ3 காரணொ ஹோஸு,Dry skin causes cracked heels,குதிகால் வெடிப்புக்கு வறண்ட சருமம் காரணமாகிறது
ராகு3ம் தெனொ மேஜொஹோர் மூட்ஹால் ஹனெஸி,He pounded his fist on the table in anger,கோபத்தில் மேசையில் முஷ்டியால் அடித்தான்
அங்கு3 தீ3 மூட் போ4ர் மீட் தாய்,Add two more fistful of salt,இன்னும் இரண்டு கைப்பிடி நிறைய உப்பு போடு
சூளும் தீர்து க2ல்லி பீலுவோ,Scoop up a handful of holy water and drink,குவித்தகையில் தீர்த்தத்தை எடுத்து அருந்தவும்
அவரியொ தெங்கொ3 அஞ்ஜிலி கெரி பொ3வொ,Greet visitors with praying hands,வருபவர்களை கைகூப்பி அழைக்கவும்
துரெ ஹாதும் ரேகோ3ஸ் தெ3க்காணி?,No palm lines on your hands?,உங்கள் கைகளில் ரேகையே இல்லையே?
பஞ்சூ அங்கி3ளின் ஒண்டேஸ்கன் ஸேயா?,Are all five fingers the same?,ஐந்து விரல்களும் ஒன்றாக இருக்கிறதா?
தெ2வ்டெ3 பில்லல்னுக் ஹகுண்டொ3 சொவுஞ்ஜரியொ வட்கெ ர்ஹாயி,Some children have a habit of thumb sucking,சில குழந்தைகளுக்கு கட்டை விரல் சூப்பும் பழக்கம் இருக்கும்
தெனொ ஹோடுர் தர்ஜினி தொ2வி வத்தொ கெர்னொகொ3 மெனிஸ்,She put her index finger on her lip and said don't talk,அவள் உதட்டில் ஆள்காட்டி விரலை வைத்து பேசாதே என்றாள்
ஒய்து3 ம்ஹத்3தி3 அங்கி3ளிஹால் பில்லா பாய்ஞ் மிட்யாஸ்,The doctor rapped the child's leg with his middle finger,வைத்தியர் நடுவிரலால் குழந்தையின் காலை சுண்டினார்
த3ல்லானுக் ஸாமான்யொகன் தர்ஜினி ஸொம்மர் முத்3தி3 அங்கி3ளி லம்பொ3 ர்ஹாய்,Men usually have a longer ring finger than the index finger,ஆண்களுக்கு பொதுவாக ஆள்காட்டி விரலை விட மோதிர விரல் நீளமாக இருக்கும்
பில்லொ அபுல் பா3 கிள்ளங்கி3ளிக் தெ3ர்லிகின் சலெஸ்,The child held his father's little finger and walked,குழந்தை தன் தந்தையின் சுண்டு விரலைப் பிடித்துக் கொண்டு நடந்தது
கொ3ண்ட்3யாவ் ஆங்கு3க் ஸில்லொ கெரயி,Henna cools the body,மருதாணி உடலை குளிர்ச்சி செய்யும்
ஒண்டெ போ3ட் மெல்லொ ஹல்லுனொகொ3!,Don't move an inch!,ஒரு அங்குலம் கூட நகராதே!
"ஒண்டெகா3 உஞ்சொ, தெங்கொ3 ஹாதுக் ஆட் வீது3 ர்ஹாயி",One's height is eight spans of his hand,"ஒருவரின் உயரம், அவரின் கைக்கு எட்டு சாண் இருக்கும்"
ஹாத் பாய்ஞ் சொக்கட் மொஸி து4வ்தி ஆவ்,Come after washing your hands and feet thoroughly,கை காலை நன்றாக தேய்த்து கழுவிவிட்டு வா
தை3ரொ ஹாதுர் ருவாய் தே3 ஹோனா,Don't give money with left hand,இடது கையால் பணம் கொடுக்கக்கூடாது
ஜைனொ ஹாதுர் பா4த் க2னொ,Eat with right hand,வலது கையால் உண்ண வேண்டும்
நெக்குக் கா4ம் லகெ3த் து3ன்னொ ஜீவ் ஜாய்,A hit on the fingernail can be a killing pain,நகத்தில் அடி பட்டால் வலி உயிர் போகும்
நெக்கு ரெந்து3ம் முரி செரத்தேஸ் கொ3ருசுட்டுக் காரணொ,Nail paronychia is caused by dirt adjacent to the nail,நகக்கண்ணில் அழுக்கு சேருவது தான் நகசுத்திக்கு காரணம்
நெரமுன் ரெக3த் க2ல்லி ஜாரியொ ரெக3து நல்லினு,Veins are blood vessels that carry blood,நரம்புகள் இரத்தத்தை எடுத்துச் செல்லும் இரத்த குழாய்கள்
தெங்க3 ஹேம்கின் மொன்னு விலாஸ்கன் ஸே,He is broad-chested and broad-minded,"அவர் பரந்த மார்பும், மனப்பான்மையும் கொண்டவர்"
தெனு வாம்பு3 பூராக் ஸிர்க்கண் லவ்லி ஹொத்3யாஸி,He had sandalwood all over his chest,அவர் மார்பு முழுவதும் சந்தனம் பூசி இருந்தார்
பா4ட் தய்னகொ3 ! கு3ண்டெ3 து3க்கான் ஜாஸ் !!,Don't shout ! Chest going to hurt !!,கத்தாதே ! நெஞ்சு வலிக்கப்போகிறது !!
சொவ்து3னா ஜியெத் ஒத்3தி3 மொளிர் ஹனன்,"If you don't read, the teacher will hit you on the knuckles",படிக்கவில்லை என்றால் ஆசிரியர் விரல் மூட்டில் அடிப்பார்
ஸதா3 சிடு3க்கு தக3த்தெ ஹாதுக் சோட் ந்ஹா,Knuckle-cracking all the time is not good for hand,எப்போதும் சொடக்கு போடுவது கைக்கு நல்லதல்ல
கேடு3ம் பொ3ல்லெ மெனி பில்லொ ரொடெ3ஸ்,The baby cried asking to be held on the hip,இடுப்பில் வைத்துக்கொள்ளுமாறு குழந்தை அழுதது
கா2னாத்தக் போட்கின் பாட் தெ3ஸி ஹொதெ3ஸ்,Stomach and back were stuck without eating,சாப்பிடாமல் வயிறும் முதுகும் ஒட்டி இருந்தது
போட் மெனி ஒண்டெ ஸேனா ! கோ3 பி3ஸத்தக் முஸய்யா?,There is a stomach! Can you just sit down?,வயிறு என்று ஒன்று இருக்கிறதே ! சும்மா உட்கார முடியுமா?
பு4க்கொ போடு3ம் கு3ள்ளெயொ கா2த்தெ சோட் ந்ஹா,Eating sweets in empty stomach is not good,வெறும் வயிற்றில் இனிப்புகளை சாப்பிடுவது நல்லதல்ல
தூ4ம்பான் வள்டி பு2வெத் கொவ்ஸாம் கர்கரோக்3 அவயி,Cigarette smoking will cause lung cancer,சிகரெட் பிடித்தால் நுரையீரல் புற்றுநோய் வரும்
"களஜ்ஜி ரெக3த் ஸுத்3த4ம் கெரி, ஜீர்ணுக் ஸஹாவ் கெரஸு",The liver purifies the blood and aids in digestion,கல்லீரல் இரத்தத்தை சுத்திகரித்து செரிமானத்திற்கு உதவுகிறது
பொள்டொ க2வ்னமுக் ஜீர்ணு கெரி போஷணாக் ஆங்கு3 பூராக் த4ட்3டே3ஸு,The stomach digests food and transports nutrients throughout the body,இரைப்பை உணவை செரித்து ஊட்டச்சத்துக்களை உடல் முழுவதும் அனுப்புகிறது
கா3யினுக் சார் சொரா கொ2ள்டின் ஸே,A cow has four stomachs,மாட்டிற்கு நான்கு இரைப்பைகள் உண்டு
பெய்த்து ஜீர்ணுக் ஸஹாவ் கெரஸு,Bile helps with digestion,பித்தம் செரிமானத்திற்கு உதவுகிறது
பெய்த்து பனி கிட்ளொ பொள்ஸா வனிம் ர்ஹாயி,Bile water is brownish green in color,பித்தநீர் பழுப்புடன் பச்சை நிறத்தில் இருக்கும்
பெய்த்து மெனரியொ பெய்த்து கொ2ள்டிம் செர்ச்சி தொ2வரியொ ஒண்டெ த்3ரவொ,Bile is a fluid stored in the gallbladder,பித்தம் என்பது பித்தப்பையில் சேமிக்கப்படும் ஒரு திரவம்
அய்து3சிகித்ஸொ கெரி தெள்ஜிக் ஹெடு3வாயி,Gallbladder can be removed by operation,அறுவை சிகிச்சை மூலம் பித்தப்பையை அகற்றலாம்
மூது3 கொ2ள்டிம் தெ3ய்டொ3 ர்ஹியெத் து3ன்னொ ஜீவ் ஜேட3ய்,A stone in the bladder can cause killing pain,சிறுநீர்ப்பையில் கல் இருந்தால் வலி உயிர் போகும்
"ந்ஹன்ன அந்த்ரொ, ரமாரமி 20 பவுல் லம்பு3 ர்ஹாயி",The small intestine is about 20 feet long,சிறுகுடல் சுமார் 20 அடி நீளம் இருக்கும்
கென்னு க2யெத் போட்பு2கி3 ஹிம்ஸொ அவயி,Eating beans can cause flatulence,மொச்சைப்பயறு சாப்பிட்டால் வாயுத்தொல்லை ஏற்படும்
பில்லல்னுக் ஜீர்ணு ஹோத்தக் ஹிங்கு3 பனி தெ3வாயி,Asafoetida water can be given to children for digestion,குழந்தைகளுக்கு ஜீரணம் ஆக பெருங்காய தண்ணீர் கொடுக்கலாம்
போட் து3ன்னாக் காரணொ அஜீர்ணுகன் ர்ஹவாய்,Indigestion may be the cause of stomach pain,வயிற்று வலிக்கு காரணம் அஜீரணமாக இருக்கலாம்
போடு3ம் ஸேத்தெ பில்லாக் க2வ்னம் பொ4ம்பி3 நாள் வாட் அப்3ப3ஸு,The baby in the womb receives food through the umbilical cord,வயிற்றில் இருக்கும் குழந்தைக்கு உணவு தொப்புள் கொடி மூலம் கிடைக்கிறது
கா2த்தெயொ காய் உன்னொ கெரெத் மெல்லி பொ3ஜ்ஜெ உன்னொ பொட3ரனி,"No matter how much I cut down on food, the belly didn't go down",சாப்பாட்டை எவ்வளவு குறைத்தாலும் தொப்பை குறையவில்லை
விநாயிக் ம்ஹொட்டொ லாம்த்4ரி ஸே,Ganesha has a big belly,விநாயகருக்கு பெரிய தொப்பை உள்ளது
ஆங்கு3 ககொ3 இஸொ ஹட்3காபொலொகன் ஸேத்தெ?,Why is the body so skeletal?,உடல் ஏன் இப்படி எலும்புக்கூடாக இருக்கிறது?
பில்லாக் மடி3ம் பி3ஸல்லி கெ2னி ஸங்கு3வொ,Sit the child on the lap and tell the story,குழந்தையை மடியில் உட்கார வைத்து கதை சொல்லுங்கள்
ஈஸ்புரு அங்கு ஹோர் முருக3ன் பி3ஸி ஸே,Murugan is sitting on Lord Shiva's lap,சிவபெருமான் மடி மீது முருகன் அமர்ந்துள்ளார்
தொ3ங்க3ர் ஹிங்கெ3ஹால் ஊரு து3க்காரஸ்,Thigh hurts from climbing a hill,மலை ஏறியதால் தொடை வலிக்கிறது
முயிக்3 கெ3ளொகின் பாஞின் லம்பு3 ஸே,The camel's head and legs are long,ஒட்டகத்தின் தலையும் கால்களும் நீளமாக உள்ளன
ஹாத் பாய்ஞ் தொ2வ்லி கோ3 ர்ஹானாயா?,Can't you sit idly by with your hands and legs?,கையை காலை வைத்துக் கொண்டு சும்மா இருக்க மாட்டாயா?
சலெதீ3ஸ் கு3ட்3கொ3 து3க்காரஸ்,Knee hurts even when walking,நடந்தாலே முழங்கால் வலிக்கிறது
கூ4ட் க4ல்லி கோ3 பி3ஸி ர்ஹியெத் காய் லாப்?,What is the point of sitting idle hugging knees?,முழங்கால்களைக் கட்டிக்கொண்டு சும்மா உட்கார்ந்திருந்தால் என்ன பயன்?
பாய்ஞ் ஜி2ர்க்கெத்தெமாம் ஜாங்கு இன்ட்கில்லிரெஸ்,A sprained ankle resulted from a slip of the foot,கால் வழுக்கியதால் கணுக்கால் சுளுக்கு ஏற்பட்டது
தெனொ பொங்கு3 பொ3ஞ்சும் லக3த்திஸொ த4மெஸி,He ran so fast that his hind leg touched his neck,அவன் பின்னங்கால்கள் பிடரியில் பட ஓடினான்
தெனொ பலடிக் பி2வ்ரிலிகின் சலிஸி,She turned on her heel and walked away,அவள் குதிகாலைத் திருப்பிக் கொண்டு நடந்தாள்
கெ4த3டு3னுக் கு3ட்3க்3யால் ஸேயா?,Do donkeys have heels?,கழுதைகளுக்கு குதிகால் உள்ளதா?
ராமுடு3 பலல் லகெ3த்தேட் அஸ்கி புனி ஹொய்யொ,"Wherever Rama's feet touched, it became sacred",ராமரின் பாதம் பட்ட இடமெல்லாம் புனிதமானது
ர்ஹத்த வத்தோஸீ ஸம்பத்துக் முது3ல்லா ஸோபானொ,Truth is the first step of wealth,உண்மையே செல்வத்தின் முதல் படி
பா4ரத்வாஸினு ரமாரமிகன் 5 1/2 பவுல் உஞ்சொ ஸே,Indians are on average 5 1/2 feet tall,இந்தியர்கள் சராசரியாக 5 1/2 அடி உயரம் இருக்கிறார்கள்
பகு3லுக் பாஞ்சுவால் தே3 தே3 மெனி மகி3லேத் ஸே,He keeps asking to give five times per step,அடிக்கு ஐந்து தடவை தா தா என கேட்டுக்கொண்டே இருக்கிறான்
த்ருப்தி பொந்து3னாத்தேஸ் ஹோர் அவத்தக் முது3ல்லா பொகு3ல்,Not being satisfied is the first step to progress,திருப்தி அடையாமல் இருப்பது தான் முன்னேற்றத்திற்கான முதல் படி
மொஞ்சுகலமு தளபாய்ஞ் ஸில்லொ லக3ஸு,Soles get cold in winter,பனிக்காலத்தில் உள்ளங்கால்கள் குளிர்கின்றன
தெனு பாய்ஞ் லொட்3கயி க2ல்லொ பொள்டி3யா,He stumbled and fell down,அவர் கால் தடுமாறி கீழே விழுந்தார்
தளபாய்ஞிம் கு3லுகு3லாய்ங் கெரத் அஸொ அவயி,Tickling the sole causes laugh,உள்ளங்காலில் கிச்சு கிச்சு மூட்டினால் சிரிப்பு வரும்
நொவ்ரா க3வ்லாம் ஒண்டெ லம்பு3 ரேஸு ஸே,The groom has a long scar on his cheek,மணமகன் கன்னத்தில் ஒரு நீண்ட தழும்பு இருக்கிறது
பெ3ட்3கொ சொக்கட் தா4ஷ்டிகன் ஸே,The boy is pretty strong,பையன் நல்ல வலிமையாக இருக்கிறான்
பொள்ளொ கய்லானும் முக்யம்ஹொயெ போஷணான் ஸே,Fruits and vegetables have important nutrients,"பழம், காய்கறிகளில் முக்கியமான ஊட்டச்சத்துக்கள் உள்ளன"
கொ4ம்மா பா4த் ஆங்கு3க் புஷ்டி தே3ஸு,Home cooked food gives nourishment to the body,வீட்டுச்சாப்பாடு உடலுக்கு ஊட்டத்தை அளிக்கிறது
பனி பி3ஸ்ஸொ பியெஹால் தெங்கொ3 உஸுர் ஹிங்கி3ல்டி3யொ,"As he drank the water hastily, it went down the wrong pipe",தண்ணீரை அவசரமாக குடித்ததால் அவருக்கு புரையேறியது
ஹல்லு பே !! ந்ஹீஜியெத் உஸுர் ஜேட3ய் !!,"Drink slowly !! Otherwise, it will go down the wrong pipe !!",மெதுவாக குடி !! இல்லையென்றால் புரையேறும் !!
பொவ்ஸும் பிஜ்ஜெஹால் பொஷ்ஷே லய்டி3யொ,Got a cold from getting wet in the rain,மழையில் நனைந்ததால் சளி பிடித்தது
இக்க பனி பியெத் மெல்லொ ஸோக் திரரனி,"No matter how much water I drank, my thirst was not quenched",எவ்வளவு தண்ணீர் குடித்தாலும் தாகம் தீரவில்லை
கொ2வ்லி கொ2வ்லி க4டி3 ஜெலரஸ்,Throat burns from coughing,"இருமி, இருமி தொண்டை எரிகிறது"
பொ4ன்னொ பு2ட்டெ கொ2வ்லாக் அல்லா ரெஸ்ஸு ஸெரொ மை கவ்லி பெவாய்,Drink ginger juice mixed with honey for dry cough,வறட்டு இருமலுக்கு இஞ்சி சாறுடன் தேன் கலந்து குடிக்கலாம்
ஸிகு3ரத்தவேள் ஹேம் ஹிப்3பி3 ர்ஹீ த4மஸு,The heart stops beating when you sneeze,தும்மும் போது இதயம் நின்று ஒடுகிறது
ஸ்யிகினி ஹிப்3பு3னாத்தக் அவ்லேத் ஸே,The sneezing keeps coming,தும்மல் நிற்காமல் வந்து கொண்டே இருக்கிறது
தெ3ட3க்கெரி பெ3து3ரடெ3த் இஸ்கி ஹிப்3பி3 ர்ஹீட3ய்,A sudden shock will stop the hiccups,திடீரென அதிர்ச்சி கொடுத்தால் விக்கல் நின்று விடும்
தெனு கெ4ட்டி தெ3கா3ர் தி3யாஸ்,He belched loudly,அவர் சத்தமாக ஏப்பம் விட்டார்
அம்ப3ட் தெ3கார் பு3த்3ரா கா4ன் க4னாயி,Sulfur burp will smell like sewer,புளித்த ஏப்பம் சாக்கடை நாற்றம் நாரும்
அஜீர்ணுஹால் தூ4மு தெ3கார் அவயி,Indigestion causes sour belching,அஜீரணத்தினால் புளிப்பு ஏப்பம் வரும்
தொ4ம்ப்3ளாய் ஹோங்கு3 ஸெரொ அவஸ்,Yawning comes with sleepiness,கொட்டாவி தூக்கத்துடன் வருகிறது
ஒண்டெகொ3 ஜொம்பீளை அவெத் அஸ்கி தெங்கொ3 அவய்,"If one person yawns, everyone will",ஒருவருக்கு கொட்டாவி வந்தால் அனைவருக்கும் வரும்
கு3ள்ளெயொ வேன் க2யத் கிங்கிர் லக3ய்,Eating lot of sweets will cause sugar hangover,இனிப்பு அதிகம் சாப்பிட்டால் திகட்டல் ஏற்படும்
பெய்னாவேள் தெ2வ்டெ3தெங்கொ3 ஒக3ரி அவய்,Some people get nauseous during travel,பயணத்தின் போது சிலருக்கு குமட்டல் ஏற்படும்
வேன் க2யெத் வம்னி அவ்னாத்தக் காய் கெரய்?,"If you eat too much, what can you do without vomiting?","அதிகமாக சாப்பிட்டால், வாந்தி வராமல் என்ன செய்யும்?"
பில்லொ து3ள்கிதியொ !!,The baby spit up !!,குழந்தை வாயில் எடுத்துவிட்டத் !!
தொரெ கொ4ர்கு3ல் ஸெத்3து3ம் ஹோங்கு3 ஜேடியொ,I lost sleep because of your snoring sound,உன் குறட்டை சத்தத்தில் தூக்கம் போய்விட்டது
"ரெட்டெ ஹட்3காக் ""ஸிங்க்3யார் ஹட்3கொ"" மெனிமெல்லொ மெனன்",The collarbone is also referred to as “beauty bone”,"தோள்பட்டை எலும்பு ""அழகு எலும்பு"" என்றும் குறிப்பிடப்படுகிறது."
ஊரு கங்க்3ளொ மெனிகு ஆங்கு3ம் ஸேத்தெ லம்ப3 ஹட்3கொ,The femur is the longest bone in the human body,தொடை எலும்பு மனித உடலில் இருக்கும் நீளமான எலும்பு
ஹொடெ3 மெனிகுனு ஆங்கு3ம் 5 லிட்டர் ரெக3து3 த4மினி ஸே,Human adults have 5 liters of circulating blood,வளர்ந்த மனிதர்களுக்கு 5 லிட்டர் இரத்த ஓட்டம் உள்ளது
ஸெகொ3 கெரரஸ்! விஜனொ தாய்,Sweating! Put the fan on.,வியர்க்கிறது! விசிறியை போடு.
கெ3ஜி ஸெகொ3ஹால் அவஸு,Prickly heat is caused by sweat,வேர்க்குரு வியர்வையால் ஏற்படுகிறது
ஸெக்கர் ரோக்3 கெரினுக் க2ஜ்ஜு ஸவ்கா3ஸ்கன் ஸுக்கயி,Sore healing is delayed in diabetic patients,நீரிழிவு நோயாளிகளுக்கு புண் தாமதமாக குணமாகும்
தொ3ளாம் கா2ஸ் அவெத் தொ3ளொ வேன் மொளொ ஹோனா,"If the eye itches, do not rub the eye too much",கண்ணில் அரிப்பு வந்தால் கண்ணை அதிகம் கசக்கக் கூடாது
க2ஜ்ஜு ஸுக்குனா ஜியெத் பீப் அவயி,"If the wound does not heal, pus will form",புண் ஆறவில்லை எனில் சீழ் வரும்
பாய்ஞ் இன்ட்கெத்தெமாம் ஸுஸ் தொ2வ்தி3யொ,It swelled due to sprain in the leg,காலில் சுளுக்கியதால் வீக்கம் வைத்துவிட்டது
தொ3ளா சுட்டுர் ஸேத்தெ ஸுஜ்ஜினி தீ3 தி3ன்னும் உன்னொ பொட்3னொ,The swelling around the eye should subside in a two days,கண்ணைச் சுற்றியுள்ள வீக்கம் இரண்டு நாட்களில் குறைய வேண்டும்
பு2ப்3னிக் ஜிரா பனி பெவாய்,You can drink cumin seeds for bloating,உப்பசத்திற்கு சீரகத்தண்ணி குடிக்கலாம்
தெனொ மெது3டு3 கெ3ட்3டொ3ஹால் மொஜ்ஜி,She died of a brain tumor,அவள் மூளைக் கட்டியால் இறந்தாள்
ஜு2கு3 தூ3ர் சலெஹால் பாயிம் பு3ருடொ3 அவ்3டி3யொ,Got blister on foot due to long distance walking,நீண்ட தூரம் நடந்ததால் காலில் கொப்புளம் வந்தது
மூர் லகெ3த்தெமாம் தொ3ஸ்காம் கொ4ம்பி3லி ஹொய்யொ,Hammer blow caused a bump on the head,சுத்தியல் பட்டதால் தலையில் புடைப்பு ஏற்பட்டது
ஹப்3பு3 சவெ ஹால் ஆங்கு3 பூராக் கெ3ண்டு3 கெ3ண்டு3 ஹொய்யொ,The insect bite caused skin swelling all over the body,பூச்சிக்கடியால் உடலெங்கும் தடிப்பு ஏற்பட்டது
பிஸுலொ சவெத் தெ4ளிம் பொட3ய்,Mosquito bites can cause swelling,கொசு கடித்தால் வீக்கம் உண்டாகும்
வள்டிஹால் ஹனெத்தெமாம் ப3வு பாடுர் வோள் பொள்டி3யொ,The boy got a scar on his back from being hit with a bamboo,மூங்கிலால் அடித்ததில் சிறுவனின் முதுகில் தழும்பு ஏற்பட்டது
தோனும் ஜெல்லு அவரியொ களானாத்தக் நிஞ்ஜிரஸ்,He sleeps without realizing that his mouth is drooling,வாயில் எச்சில் வருவது தெரியாமல் தூங்குகிறான்
தெனொ கு3ள்ளெயொ ஸியெத்திக்காம் ஸ்யினி ஸொடெ3ஸி,He drooled when he saw the dessert,அவன் இனிப்பை பார்த்ததும் ஜொள்ளு விட்டான்
மத்திம் க2ளெத் தொ3ளாம் சிவ்டொ அவயி,Playing in the dirt can cause eye rheum,மண்ணில் விளையாடினால் கண்ணில் பீளை வரும்
தோன் மொஸி து4வத்தவேள் தூ3வுக் பொஸி தூ4வ்,"While washing the face, wash the sleep crust well",முகம் கழுவும் போது பீளையை தேய்த்து கழுவு
ஆங்கு3 து4வ்தி கான் பொஸுல்னா ஜியெத் கானும் பிஞ்ஜு அவயி,"If you don't clean your ears after taking a bath, you will get wax in your ears",குளித்துவிட்டு காதை சுத்தம் செய்யாவிட்டால் காதில் குரும்பி வரும்
கானு மெயினுக் கபு3ஸு ஹால் ஹெட்3னொ,Ear wax should be removed with a cotton swab,காது குரும்பியை பஞ்சினால் எடுக்க வேண்டும்
தூ4ம்பான் தய்லியெத் தா3து3ம் கீட் ப4ந்தா3ய்,Chewing tobacco can stain teeth,புகையிலையை மென்றால் பற்களில் கறை ஏற்படும்
ஜாண ஒர்ஸும் தோனும் பொ2லி அவஸு,Pimples appear on the face at a young age,இளம் வயதில் முகத்தில் பரு வருகிறது
பு2லாபு2லி ஆங்கு3ர் கோட் பயெத் அவாய்,White Bumps can appear on any part of the body,பாலுண்ணி உடலின் எந்த பகுதியிலும் தோன்றலாம்
"மொன்ட்சிலி பி3ஸி ஹொதெ3ஹால், பாய்ஞ் திமுர் தெ4ஜ்ஜொ !!",Legs went numb as I was sitting folded up !!,"மடக்கிக் கொண்டு அமர்ந்திருந்ததால், கால்கள் மரத்துப் போயின !!"
தெகொ3 ஜைனொ பாய்ஞ் வச்சம்கன் ஸே,He has a crippled right leg,அவனுக்கு வலது கால் ஊனமாக உள்ளது
ஸோபானாம் ர்ஹீ பொடெ3ஹால் பாய்ஞ் இன்ட்கிள்டி3யொ,He sprained his leg after falling down the stairs,மாடிப்படியில் இருந்து தவறி விழுந்ததால் கால் சுளுக்கு ஏற்பட்டது
பனிம் பு3டெ3த் ஹுப்3ப3ஸ் பொடா3ய்,Immersion in water can cause suffocation,தண்ணீரில் மூழ்கினால் மூச்சுத்திணறல் ஏற்படும்
சார் கெ4ண்டாக் ஹுடெ3 ப2ராது ஹோங்கு3 அவெனி,"After waking up at four o'clock, I couldn't sleep",நான்கு மணிக்கு எழுந்தபின் தூக்கம் வரவில்லை
தெ2வ்டெ3தெனு நீஞ்ஜும் வத்த கெரஸுன்,Some people talk in their sleep,சிலர் தூக்கத்தில் பேசுவார்கள்
ஹத்3து3 ஸைனிம் தெங்கொ3 கொன்கீ ஹுட3ட்டியா,Someone woke him up half asleep,அரை தூக்கத்தில் அவரை யாரோ எழுப்பி விட்டனர்
ஸொவ்னாம் ஸாப் அவெத் மெல்லொ தா4க் கெரஸ்,A snake in a dream is also scary,கனவில் பாம்பு வந்தால் கூட பயமாக இருக்கிறது
ஸொவ்னொ தெ3க்கெயொ பி2ஜ்ஜாய்! ர்ஹப்னாக் ஆவ் !!,Enough dreaming ! Come to reality !!,கனவு கண்டது போதும்! நிஜத்துக்கு வா!!
அத்தொ தொ3ளாம்பனி க2டி3 காய் பிர்ஜனம்?,What is the use of tears now?,இப்போது கண்ணீர் விட்டு என்ன பயன்?
முது3ல்லொ அஸ்கி ராக்கின் மீட் கவ்லி மஞ்ஜன் பு4ர்கொகன் வவ்ரன்,Earlier they used ash and salt as tooth powder,முன்பெல்லாம் சாம்பலையும் உப்பையும் கலந்து பற்பொடியாகப் பயன்படுத்துவார்கள்
தா3த் அம்பு3லனிக் மெனி மஞ்ஜன் கெ3ஸி அப்3ப3ரஸ்,Toothpaste is available for sensitive teeth,பல் கூச்சத்திற்கு என்று பற்பசை கிடைக்கிறது
ஒண்டெ மஞ்ஜன் க2ட்டி தீ2ன் ம்ஹடொ3 லெந்துஸ் வவ்ருனொ,A toothbrush should only be used for three months,ஒரு பற்குச்சியை மூன்று மாதம் தான் பயன்படுத்த வேண்டும்
ஆங்கு3 து4வ்தி கா2த்தெ சொக்கட் வட்கெ,It is a good habit to eat after taking a bath,குளித்த பின் சாப்பிடுவது நல்ல பழக்கம்
ஒஜனானுன் ராதி3ம் நெத்3தி3 கெரஸுன்,Some people bathe at night,சிலர் இரவில் குளிப்பார்கள்
ஹூனு கலமு நிச்சு பு3ட3த்தெ ப3ரொ3,It is good to take a daily head bath during summer,வெயில் காலத்தில் தினமும் தலைக்கு குளிப்பது நல்லது
வாரும் ஒண்டால் தி3 ந்ஹவன் க4ல்லத்தெ ப3ரொ3,It is good to have an oil bath at least once a week,வாரம் ஒரு முறையாவது எண்ணெய் தேய்த்துக் குளிப்பது நல்லது
தெனொ ககொ3 இஸொ ஒண்ட்கரியொ?,Why is he shivering like this?,அவன் ஏன் இப்படி நடுங்குகிறான்?
க2ருடா3க் பொ3து3லு நிளமு பெ3ளா பீட் தய்லி ஆங்கு3 து4வாய்,"Instead of soap, you can take a bath using green gram powder",சவுக்காரத்திற்கு பதிலாக பயத்தம் மாவை போட்டு குளிக்கலாம்
தேலு சிகு3ட்டொ ஜாத்தக் க்ஷருடொ3 தகி ஹாத் து4வொ,Wash hands with soap to remove stickiness,எண்ணெய் பிசுபிசுப்பு போக சவுக்காரம் போட்டு கை கழுவுங்கள்
பொ3ட்டாக் தக3ரியொ க2ருடா3ம் நுரு அவனி,Detergent soap does not foam,துணிக்கு போடும் சவுக்காரத்தில் நுரை வருவதில்லை
மீடு3 பனிம் க2ருடா3ம் போ2ஸு அவ்னா,Soap does not foam in salt water,உப்புத்தண்ணீரில் சவுக்காரத்தில் நுரை வராது
நெத்3தி3ம் பனி பி2னு ஸெரொ த4மரஸி,The water in the river flows with foam,ஆற்றில் தண்ணீர் நுரையுடன் ஓடுகிறது
ஜு2கு3 ருஸ்யகெரின் அபுல் ஆங்கு3ம் பொள்ஸொ குஸ்கில்ராஸி,Many Russians have tattoos on their bodies,பல ரஷ்யர்கள் தங்கள் உடலில் பச்சை குத்தியுள்ளனர்
பஞ்சூ இந்த்3ரிய்முக் அண்சத்தெனூஸ் ஞானி,A wise man is one who subdues the five senses,ஐந்து புலன்களை அடக்குபவரே ஞானி
ஸுரத் ந்ஹாத்தெனு ஜட3முக் ஸமான்,A person without anger equals an insensible person,ரோஷம் இல்லாதவர் உணர்வற்றவனுக்கு சமம்
தேகு ஜா2டு3 பொல்கானுக் ஹுதி3ன் தெ4ர்னா,Termites do not eat teak wood,தேக்கு மரப் பலகையை கரையான் அரிக்காது
அம்மொ நிகி3ளாத்தெங்கொ3 லீமு ஜா2டு3 பானும் நிஞ்ஜட3ன்,People with measles are put to bed with neem leaves,அம்மை நோய் உள்ளவர்களை வேப்ப இலையில் படுக்க வைப்பார்கள்
நீமு ஜா2டு3 வரொ ஆங்கு3க் சொக்கடு3,The air of the neem tree is good for the body,வேப்ப மரத்தின் காற்று உடலுக்கு நல்லது
ஜா2டு3னுக் ரஜொ பிம்பள் ஜா2டு3,Peepal Tree is the king of trees,மரங்களின் அரசன் அரசமரம்
ஒடா3 ஜா2ட்3 ஶீன் ஶமுல்லத்தக் சொக்கட் ஸைலு தே3யி,The banyan tree gives good shade to relax,ஆலமரம் இளைப்பாற நல்ல நிழல் தரும்
அஸோக ஜா2டு3 பொவ்ஸ் வேன் பொட3ரியொ ராணும் ஹொட3யி,Ashoka tree grows in rainfed forests,அசோக மரம் மழை அதிகம் உள்ள காடுகளில் வளரும்
கச்சம்பா3 ஜா2டு3 விடி3 கவாட் கெரத்தக் நுக3ஸு,Mango tree is used to make window door,மாமரம் ஜன்னல் கதவு செய்ய பயன்படும்
"தூது3 ஜா2டு3 பானு, பூ2லு, கய்லொ மெனி அஸ்கி ஹொக3து கு3ண்ணு ஸேத்திஸானுகெ","The leaves, flowers and pods of the Portia tree are all medicinal","பூவரசம் மரத்தின் இலைகள், பூக்கள், காய்கள் அனைத்தும் மருத்துவ குணம் உள்ளவை"
ரெத்து சாத் கெரத்தக் சீஸு ஜா2ட்3 நுக3ஸு,Tamarind tree is used to make the axle of the chariot,தேரின் அச்சு செய்ய புளியமரம் பயன்படும்
சந்தி3 ஜா2ட்3 சார் ஒர்ஸு ப2ரொ சொக்கட் போ2ள் தே3யி,Silk cotton tree gives good results after four years,இலவம் பஞ்சு மரம் நான்கு ஆண்டுகளுக்கு பிறகு நல்ல பலன் கிடைக்கும்
நலர் ஜா2ட்3 ரமா ரமி 70 ஒர்ஸுன் ஜிவஸு,The coconut tree lives for about 70 years,தென்னை மரம் சுமார் 70 ஆண்டுகள் வாழ்கிறது
"நரெளு ஜா2டு3, 50 - 80 பௌல் லென்து உன்சொ ஹொயினு ஹொட3ஸு",The coconut tree grows to a height of 50 - 80 feet,தென்னை மரம் 50 - 80 அடி உயரம் வரை வளர்கிறது
கேளு ஜா2டு3 அஸ்கி பொ4ணமு உபயோக்3 ஹோஸு,All parts of the banana tree are used,வாழை மரத்தின் அனைத்து பாகங்களும் பயன்படுகின்றன
வரொ பொ3லோம்கன் ஹனெதி3 ஸெவ்கா ஜா2ட்3 முட்டி பொள்ட3யி,The drumstick tree breaks when the wind blows hard,காற்று பலமாக வீசும்போது முருங்கை மரம் முறிந்து விடும்
ஜு2கு3 தௌ4ரானும் ஸொமி ஜா2டு3 ஸ்த2ல வ்ருக்ஷம்கன் ஸெ,The Jammi is the tree of worship in many temples,பல ஆலயங்களில் ஸ்தல விருட்சமாக வன்னி மரம் இருக்கிறது
கானு ஜா2டு3 நௌகொ ப4ந்த3த்தக் நுக3ஸு,Beautyleaf tree is used to build the boat,புன்னை மரம் படகு கட்ட பயன்படும்
பீ3லு ஜா2ட்3 ஜு2க்குகன் ஈஸ்புரு தௌ4ராம் ராஸு,The Bael tree is mostly found in Eeswaran temples,வில்வமரம் பெரும்பாலும் ஈஸ்வரன் கோயில்களில் உள்ளது
பு4லோகுர் 65% ஸிர்க்கணு ஜா2டு3னு பா4ரதும் பிக்கஸு,65% of the world's sandalwood is grown in India,உலகில் 65% சந்தன மரங்கள் இந்தியாவில் விளைகின்றன
வேணு கொ3வது வம்ஶமு செரெ ஒண்டெ ஜா2டு3,Bamboo is a tree belonging to the genus Grass,மூங்கில் புல் வகையைச் சேர்ந்த ஒரு மரம் ஆகும்
தாடி3 ஜா2டு3 மொள்கொ ஸொடி3 வீஸ் ஒர்ஸுனு ப2ராதூஸ் போ2ள் தே3யி,The palm tree bears fruit twenty years after germination,பனைமரம் முளை விட்ட பிறகு இருபது வருடங்கள் கழித்து பலன் தரும்
தாளு ஜா2டு3 30 - 40 பவுல் உஞ்சொ ஹொட3யி,The palm tree grows to a height of 30 - 40 feet,பனைமரம் 30 - 40 அடி உயரம் வளரும்
துஞ்ஜு ரமாரமி 120 ஒர்ஸுன் லெங்கு ஜிவயி,The palm tree can live up to 120 years on average,பனைமரம் சராசரியாக 120 வருடங்கள் வரை வாழும்
க2ஸ்லா ஜா2டு3ன் வளுராணும் ஹொட3த்திஸானுகெ,Date palm trees can grow in deserts,பேரீச்சை மரங்கள் பாலைவனங்களில் வளரக்கூடியவை
க2ஸுளு சொக்கட் லாப் தே3த்திஸானுகெ,Date palm trees are very profitable,பேரீச்சை மரங்கள் நல்ல லாபம் தரக்கூடியவை
ஸ்ரீ தாளு ஜா2டு3ம் கய்லொ லய்னா,The male date palm does not bear fruit,ஆண் பனைமரத்தில் காய் காய்க்காது
ஹிந்தாளு ஜா2டு3 ஜித்ரவும் ஒண்ட்டே ஒண்ட்டாலுஸ் பு2லயி,Talipot palm blooms only once in a lifetime,கூந்தப்பனை வாழ்நாளில் ஒரே ஒருமுறைதான் பூக்கும்
பு4ஸ்லா ஜா2டு3 பெச்சம் பொள்ளொ களொ ர்ஹாயி,The fruit of the mountain date palm tree is black,சிறு ஈச்ச மரத்து பேரீச்சம் பழம் கருப்பாக இருக்கும்
ஹப்பளு ஜா2ட்3 தொ3ங்க3ரும் க4லத்திஸா பீகு ஹோஸு,Arecanut tree is a hill garden crop,பாக்கு மரம் ஒரு மலைத்தோட்டப் பயிர் ஆகும்
ஹுப்பளு ஜா2டு3 பொஞ்சிஸ் ஒர்ஸுனுக் போ2ள் தே3யி,Arecanut tree will bear fruit for twenty-five years,பாக்கு மரம் இருபத்தைந்து வருடங்களுக்கு பலன் தரும்
ஜுங்கெ ஜா2டு3 நரள் ம்ஹத்3தி3 தரொகன் ர்ஹாயி,The coconut of the aged tree is medium,முதிர்ந்த மரத்தின் தேங்காய் நடுத்தரமாக இருக்கும்
ஹீடு3 ஜியே ஜா2டு3 கொக்கிக் பிர்ஜனம் பொட்3னா,The dried up tree is useful for nothing,பட்டுப்போன மரம் எதற்கும் பயன்படாது
ஜெல்மின் ஒண்டெ ஹவ்லொஹொயெ வஸ்து,Aluminum is a lighter material,அலுமினியம் ஒரு இலகுவான பொருள்
ஹிரான் வேன்மோலுயொ,Diamonds are precious,வைரங்கள் விலைமதிப்பற்றவை
லோவுனுக் ஜு2கு ப்ரகார்கன் வடொ கெருவாயி,Metals can be divided into several types,உலோகங்களை பல வகைகளாகப் பிரிக்கலாம்
தா4துன் நொவ்வொகெரத்தக் முஸுனா ஸம்பத்துன்,Minerals are non renewable resources,கனிமங்கள் புதுப்பிக்க முடியாத வளங்கள்
ஸொர்ணு மோலு ஸதா3 ஹிங்கி3லேத் ர்ஹாயி,The price of gold will always be rising,தங்கத்தின் விலை எப்போதும் உயர்ந்து கொண்டே இருக்கும்
ஹிரண்யாக் கொ2ப்3பி3ம் மோல் ர்ஹாயி,The price of gold will always be rising,தங்கத்திற்கு எப்போதும் மதிப்பு உண்டு
கெஸார் காஞ்சனாக் கெ3ஸிகின் மோல் தவஸுன்,The goldsmith assays gold by rubbing,பொற்கொல்லர் தங்கத்தை தேய்த்து மதிப்பிடுகிறார்
அப்புரஞ்ஜி வேன் ம்ருது3 ஹொயெயொ,Pure gold is very soft,தூய தங்கம் மிகவும் மென்மையானது
ஹிரன் ஸெரொ தம்பெ3 செர்ச்சி ஸொம்முன் கெரனு,Pure gold is mixed with copper to make jewelry,தூய தங்கம் செம்பு கலந்து நகைகள் செய்வார்கள்
லெச்சேக் ருப்பாம் கெரனு,The talisman will be made of silver,தாயத்தை வெள்ளியில் செய்வார்கள்
கெஸ்துல் லேஸும் சிலும் தெ4ர்னா,Bronze does not rust easily,வெண்கலம் எளிதில் துருப்பிடிக்காது
கஸ்தீல் தம்பெ3கின் தெகரம் ஹால் ஹொயெயொ,The bronze is made of copper and tin,வெண்கலம் செம்பு மற்றும் தகரத்தால் ஆனது
கஸெ பொ4ன்னாம் பொங்க3ல் கெரனு,Pongal is cooked in a bronze pot,வெண்கலப் பாத்திரத்தில் பொங்கல் செய்வார்கள்
புஜா வஸ்துனுன் ஜுக்குகன் லீதும் கெரெயொ,Pooja objects are mostly made of brass,பூஜை பொருட்கள் பெரும்பாலும் பித்தளையால் செய்யப்பட்டவை
தம்பெ3 செர்ச்சுனாத்தக் ஸொம்முன் கெரானா,Jewelry cannot be made without the addition of copper,செம்பு சேர்க்காமல் நகைகள் செய்ய முடியாது
கொ4ம்மானும் ப்ரயோக்3 கெரரியொ விஜிலி தாரு தம்பு3ரம் ஹால் ஹொயெயொ,Electrical wires used in homes are made of copper,வீடுகளில் பயன்படுத்தப்படும் மின் கம்பிகள் தாமிரத்தால் செய்யப்பட்டவை
ஜெல்மின் தெட்டொ வேன் ஹவ்லொ ர்ஹாய்,Aluminum plates are much lighter,அலுமினிய தட்டுகள் மிகவும் இலகுவானவை
தௌவுக் லுங்க்டொ3 ஹால் செக்கத்தக் முஸயி,The tin can be cut with scissors,தகரத்தை கத்தரிக்கோலால் வெட்ட முடியும்
ஜெல்மின்கின் பொட்டொ ல்ஹொகண்-ந்ஹாத்த லோவுனு,Aluminum and tin are non-ferrous metals,அலுமினியம் மற்றும் தகரம் இரும்பு அல்லாத உலோகங்கள்
பொள்டொ தக3த்தக் தெகரம் பிர்ஜனம்கன் ர்ஹாயி,Tin is useful in roofing,கூரை வேய தகரம் பயனுள்ளதாக இருக்கும்
புல்னொ ப4ந்த3த்தக் தெக3ட் ஜு2க்கு வவ்ரஸுனு,Metal plates are used a lot to build bridges,பாலம் கட்ட தகடை அதிகம் பயன்படுத்துகிறார்கள்
ல்ஹொகண் கெ4ட்டி ர்ஹியெத் மெல்லி பு2ட்டத்திஸானுகெ,Iron is brittle though hard,இரும்பு கடினமாக இருந்தாலும் உடையக்கூடியது
ஸில்லொ வராம் ப4ராட் தொ2வெத் லோவுனும் சிலும் தெ4ரயி,Rust will appear on the metal if left outside in wet air,ஈரமான காற்றில் வெளியே விட்டால் உலோகத்தில் துரு தோன்றும்
ஹந்த3வ் தௌரம் எத்னமுனுக் கெரத்தக் குந்த்3ரொ நுக3ஸு,Porcelain is used to make kitchen utensils,சமையலறை பாத்திரங்கள் தயாரிக்க பீங்கான் பயன்படுகிறது
ஹபாளுக் மத்திம் ர்ஹீ கெரராஸ்,Glass is made from sand,கண்ணாடியை மணலில் இருந்து தயாரிக்கிறார்கள்
முக்ராக் வனி மர்ச்சத்தக் தா4துன் செர்ச்சஸுன்,Minerals are added to change the color of the glass,கண்ணாடியின் நிறத்தை மாற்ற கனிமங்கள் சேர்க்கிறார்கள்
ஸிஷொ 100% பி2ரி ப்ரயோக்3 கெரத்திஸானுகெ,Glass bottles are 100% recyclable,கண்ணாடி குப்பிகள் 100% மறுசுழற்சி செய்யக்கூடியவை
கு3த்திம் அம்ப3ட் ஸொடி3 தொ2வாய்,The acid can be stored in glass bottles,கண்ணாடி பாட்டில்களில் அமிலத்தை ஊற்றி வைக்கலாம்
சீனுன் 2100 ஒர்ஸுனுன் முது3ல்லொ கள்ஜமுக் தெ3க்கி தெ4ராஸி,The Chinese invented paper 2100 years ago,சீனர்கள் 2100 ஆண்டுகளுக்கு முன்பு காகிதத்தைக் கண்டுபிடித்தனர்
சிலும் ஜாத்தக் மீடு கள்ஜம் ப்ரயோக்3 பொட3ஸு,Sandpaper is used to remove the rust,துருவை அகற்ற உப்புக்காகிதம் பயன்படுகிறது
பிஸ்னி வஸ்துன் பூ4ய்ஞ் ஸுபீகுக் நஸஸு,Plastic materials spoil the fertility of the earth,நெகிழி பொருட்கள் பூமியின் வளத்தை கெடுக்கின்றன
பொ3ங்கு3 தாகும் ர்ஹீ பொ3ட்டொ கெரத்தக் முஸையி,The dress can be made from bamboo fiber,மூங்கில் நாரிலிருந்து உடை தயாரிக்க முடியும்
வள்டிம் ர்ஹீ முரளி கெருவாயி,Bamboo flutes can be made from bamboo stems,மூங்கில் கோவியிலிருந்து புல்லாங்குழல் செய்யலாம்
வாடி3 ப4ந்த3த்தக் பொ3ங்கு3பொட்டொ நுக3ஸு,Split bamboo sticks are used to build fences,வேலி கட்ட மூங்கில் குச்சிகள் பயன்படுகின்றன
பெ3த்தெம் லைடா3க் அய்து3கன் ப்ரயோக்3 கெருவாயி,A baton may be used as a weapon,உருட்டுகட்டையை ஆயுதமாக பயன்படுத்தப்படலாம்
தேகு ஜா2டு3 ஸொம்மர் கு2டா பொல்கா வஸ்துன் வேன் ஸொங்கொ3யொ,Plywood furnitures are much cheaper than teak,தேக்கை விட ஆலங்குப் பலகை மரச்சாமான்கள் மிகவும் மலிவானவை
பு4ய்ஞ் ஒண்டெ ம்ஹொட்டொ காந்தொகன் காம் கெரஸு,The earth acts as a giant magnet,பூமி ஒரு மாபெரும் காந்தமாக செயல்படுகிறது
பொ3ண்ால் தயார் கெரத்தக் கெ4ந்த்யாவ் நுக3ஸு,Sulfur is used to make crackers,பட்டாசு தயாரிக்க கந்தகம் பயன்படுகிறது
ஹிரான் நிஸ்தொ கொ2ள்க்யா பு4ர்க்கொஹால் ஹொயெயொ,Diamonds are made of only carbon,வைரங்கள் கரிபொருளால் மட்டுமே ஆனவை
ஶிலா க2ட்டி கெரத்தக் ஶிலா க2ட்டி பு4ர்கொ ஒர்க3ஸு,Graphite is used to make pencils,பென்சில் தயாரிக்க கிராஃபைட் பயன்படுகிறது
ஸிம்ஹாக் ராக் அவெத் ருக3யி,The lion will roar when it gets angry,சிங்கத்திற்கு கோபம் வந்தால் கர்ஜிக்கும்
களானாத்தெங்கொ3 ஸியெத் ஸுனொ உஸ்கஸு,The dog barks at the strangers,அந்நியர்களைப் பார்த்து நாய் குரைக்கிறது
மஞ்ஜிரி ஹுடெ3த்திக்காம் மியாவ் கெரி மெவ்கஸு,The cat meows when it wakes up,பூனை எழுந்தவுடன் மியாவ் என்று கத்துகிறது
ப2ல்திவாரும் குடொ3 குகஸு,The rooster crows at dawn,விடியற்காலையில் சேவல் கூவும்
பெ4ண்டு3 பூ4க் கெரத் மெமஸு,The goat bleats when it is hungry,ஆடு பசித்தால் கத்துகிறது
பெ4ய்ஸு பொ4மினி கொ4ர்கு3ல் ஸெத்3து3 ஸொகன் ஸே,The buffalo bellows are like snoring sound,எருமை எக்காளம் குறட்டை சத்தம் போல் உள்ளது
து3தூ3ர் கொ4டொ3 ஹெஷரியொ ஸெத்3து3 அய்கயஸ்,"In the distance, the horse neighing sound was heard",தூரத்தில் குதிரை கனைக்கும் சத்தம் கேட்டது
கெ4த3ட் ர்ஹியெவாகுர் கெ4ங்க3ஸி,The donkey suddenly brayed,கழுதை திடீரென்று கத்தியது
உகொ அப்லானும் வதி3னி கெர்லத்தக் க3ரஸு,Wolf yells to communicate among themselves,ஓநாய் தங்களுக்குள் தொடர்பு கொள்ள ஊளையிடுறுகிறது
கொ2லொ ராதும் ஹுகஸு,The fox howls at night,நரி இரவில் ஊளையிடும்
து3க்கர் தெல்லெ ஸேத்தெ தா2ம் து3ஸுரெதெங்கொ3 களட3த்தக் க2னஸு,The pig grunts to let others know where they are,பன்றி தான் இருக்கும் இடத்தை மற்றவர்களுக்கு தெரியப்படுத்த உறுமும்
உத்ஸாஹ்கன் ர்ஹாத்தவேள் கீஸுன் (கோதின்) சிங்க3ஸு,Monkies squeak when excited,உற்சாகமாக இருக்கும்போது குரங்குகள் அலப்பும்
சிடி3ன்கின் ஹுந்தி3ருன் கிலுபி3லயி,Sparrows and Rats squeak,சிட்டுக்குருவிகள் மற்றும் எலிகள் கீச்சிடும்
குடி3 4 ர்ஹீ 6 பகு3ல் லெந்து ஹுபஸு,The hens can jump 4 to 6 feet,கோழி 4 முதல் 6 அடி வரை குதிக்கும்
கொ3ருன் அப்லானும் கொஸுலஸு,Cows gore among themselves,பசுக்கள் தங்களுக்குள் முட்டிக் கொள்கின்றன
ஸிம்ஹொ அபுல் சொராக் கு2ண்டி தெ4ரஸு,The lion grasps its prey,சிங்கம் அதன் இரையை கவ்விப் பிடிக்கிறது
பில்லல்னு வீது3ம் க2ளராஸ்,Children play in the street,குழந்தைகள் தெருவில் விளையாடுகிறார்கள்
ஒய்து3 கே4ர் வீது3 முக்கும் ஸேத்தெ,Dr. House is at the street corner,டாக்டர் வீடு தெரு முனையில் உள்ளது
அவ்ரெ கே4ர் வேன் அக்ரொ ஸெந்து3ம் ஸேத்தெ,Our house is in a very narrow alley,எங்கள் வீடு மிகவும் குறுகிய சந்தில் உள்ளது
அவ்ரெ கே4ர் தீ2ன்வா அவ்டா3 ஸெந்து3ம் ஸேத்தெ,Our house is in the third cross street,எங்கள் வீடு மூன்றாம் குறுக்குத் தெருவில் உள்ளது
துரெ கே4ரு விலாஸ் மொகொ3 விஜிலியணு லேகு2ம் த4ட்3டு3வொ,Send me your house address in Email,உங்கள் வீட்டு முகவரியை எனக்கு மின்னஞ்சலில் அனுப்பவும்
எல்லெ மொரெ பெ4ய்னு கே4ர்,This is my sister's house,இது என் சகோதரியின் வீடு
கெ4ராவர்துனுக் ப4ராடு3ம் வத்தொகெர ஹோனா,Household things should not be talked about outside,வீட்டு விஷயங்களை வெளியில் பேசக்கூடாது
மூலஸ்தானொ பொ3லம்கன் ந்ஹீஜியெத் கே4ர் பு2ட்டிபொள்ட3யி,"If the foundation is not strong, the house will collapse","அடித்தளம் வலுவாக இல்லாவிட்டால், வீடு இடிந்து விழும்"
மொரெ போ3 எல்லெ கே4ருக் அடு3த3ளொ தயாஸி,My father laid the foundation for this house,என் தந்தை இந்த வீட்டிற்கு கடைக்கால் போட்டார்
பொ3ண்டி ஹிப்3பி3 ர்ஹவட3த்தக் அடு3கே4ர் ஒர்க3ஸு,Basement is used to park the car,காரை நிறுத்துவதற்கு அடித்தளம் பயன்படுகிறது
மொரெ ஸொஸுராக் சொக்கட் கே4ர்தா3ருன் ஸே,My father-in-law owns good house property,என் மாமனாருக்கு நல்ல வீடுவாசல் உள்ளது
ப4வனம்னுக் பொ2ட3த்தக் பு3ல்டோ3ஸர் உபயோக்3 ஹோஸு,Bulldozer is used to demolish buildings,கட்டிடங்களை இடிக்க புல்டோசர் பயன்படுகிறது
பொர்க்யாடு3ம் வித்3தெ3னு கே4ருனுக் ஸவானா,We can not see apartments in villages,கிராமங்களில் அடுக்குமாடி கட்டிடங்களை பார்க்க முடியாது
ஸெந்தொவஸஸும் ஜிவத்தெனு வேன் பொ4த்3ரம்கன் ஸே,Colony dwellers are more secure,குடியிருப்பில் வசிப்பவர்கள் அதிக பாதுகாப்பாக இருக்கிறார்கள்
கௌ2னஸ்கி ஹொஸ்தொகி அபுல்கே4ருஸ் மேட்,"East or West, home is best",கிழக்காயினும் மேற்காயினும் சொந்தவீடு தான் சிறந்தது
தெங்கொ3 கொ4ம்மொ ஸுனான் ஸே,They have dogs in the house,அவர்கள் வீட்டில் நாய்கள் உள்ளன
அவ்ரெ ஸெஜ்ஜென் ஜு2க்கு மித்ருப்பன் ஸெரொ ஸே,Our neighbours are very friendly,எங்கள் பக்கத்து வீட்டுக்காரர்கள் மிகவும் நட்பாக இருக்கிறார்கள்
கே4ரு கே4ரு தா3ர்,Every house has a door step,வீட்டுக்கு வீடு வாசல்படி
தெனு த4டாம் ஹிப்3பி3லி மீ பி4த்தர் அவாய்யா மெனி புஸ்யாஸ்,He stood in the doorway and asked if I could come in,அவர் வாசலில் நின்று நான் உள்ளே வரலாமா என்று கேட்டார்
அவ்ரெ கே4ரு ஹும்ப்3ரொ தேகு ஜா2டு3 ஹால் ஹொயெயொ,The threshold of our house was made of teak wood,எங்கள் வீட்டின் வாசல் தேக்கு மரத்தால் ஆனது
தா3ருகவாட்3 பூட் தகெ3ஸ்யா?,Did you lock the gate?,வாசல் கதவை பூட்டினாயா?
ஸொளொபா2ரும் ஸொடு3முஞ்ஜொ கெரத்தெ அவ்ரெ வட்கெ,It is our custom to sweep the front yard in the morning,காலையில் வாசல் பெருக்குதல் நமது வழக்கம்
பெ3ய்லன் முக்3கு3 தக3த்தெமாம் வேன் உத்ஸாஹ் தெ3க்கட3ன்,Women will be more interested in putting kolam,பெண்கள் கோலம் போடுவதில் அதிக ஆர்வம் காட்டுவார்கள்
ஒள்டு3ன் ஹொள்டர் பி3ஸி தி3ன்னு ஜவட3ராஸ்,The elderly spend time sitting on the veranda,முதியவர்கள் திண்ணையில் அமர்ந்து பொழுது கழிக்கிறார்கள்
ஹொல்லொஹொள்டொ கே4ரு அத்தொ து3ஸ்தலு,House with upper porch are rare these days,மேல் தாழ்வாரத்துடன் கூடிய வீடு இன்று அரிது
விஸந்து3லொ த3ம்புரொ பி3ஸ ஹோனா மெனன்,They say not to sit in the doorway at dusk,அந்தி சாயும் நேரத்தில் வீட்டு வாசலில் உட்காரக் கூடாது என்பார்கள்
த3ரும்பு3ரொ ஹிப்3பி3ர்ஹீ தெ4ரும் கெரஹோனா,Do not stand in the doorway and donate,வீட்டு வாசலில் நின்று அன்னதானம் செய்யக்கூடாது
த4னின் தேகு ஜா2டு3ஹால் நெலுக் கெரஸுன்,The rich make threshold doors out of teak wood,பணக்காரர்கள் தேக்கு மரத்தால் நிலைக்கதவுகளை செய்கிறார்கள்
தா3ருமிட்டொ தொக்குனொகொ3 மெனி தெங்கொ3 போ3 மென்யாஸ்,His father told him not to step on the doorstep,வாசல்படி மிதிக்காதே என்று அவனுடைய அப்பா சொன்னார்
தா3ருக்கின் கொ2ட்டா ம்ஹத்3தி3ம் ஸேத்தெ அக்ரொ வாடுக் பா2வு மெனன்,The narrow passage between the entrance and the living room is called phaavu,நுழைவாயிலுக்கும் அறைக்கும் இடையில் குறுகிய பாதையை ரேழி என்பார்கள்
அக்ரொபா2வும் தீ3 செக்குர் பொ3ண்டி3க் தொ2வி ஹொத்3யாஸ்,Bicycle had been kept in the phaavu,ரேழியில் மிதி வண்டி வைக்கப்பட்டு இருந்தது
நெவ்டா3ம் திவிக் தயி ஹொத்3யாஸ்,There was a long bench placed in the corridor,நடைபாதையில் ஒரு நீண்ட இருக்கை போடப்பட்டிருந்தது
தெனு ப4ராடு3 நெவ்டா3ம் பி3ஸி காப்பி பியாஸி,They sat on the veranda and drank coffee,அவர்கள் வராண்டாவில் அமர்ந்து காபி குடித்தார்கள்
கொ2ட்டாம் ஒஸ்துன் வத்தொ கெர்லேத் ஹொத்3யாஸ்,Relatives were chatting in the hall,பெரியஅறையில் உறவினர்கள் பேசிக் கொண்டிருந்தனர்
எல்லெ ஹுரிம் 62 கஸென் ஸே,The school has 62 rooms,இப்பள்ளியில் 62 அறைகள் உள்ளன
ஹும்ப்4ராம் நேதானு லோஸுனுக் ஸொவ்ண்டடி3 ஹொத்3யாஸ்,Photos of the leaders were hung in the room,அறையில் தலைவர்களின் புகைப்படங்கள் மாட்டியிருந்தார்கள்
ஹுஜால் ந்ஹீனாத்தெ ஹால் தௌரம் ஹந்தா3ர் ஹொதெ3ஸ்,The room was dark due to lack of light,வெளிச்சம் இல்லாததால் அறை இருட்டாக இருந்தது
இத்கெ ஹொவ்ரிந் ர்ஹியெத் மெல்லொ பு2ரரனி,"Many rooms are there, not enough though",பல அறைகள் இருந்தும் போதுமானதாக இல்லை
பு2ட்டெ முட்டெ ஸமானுன் அஸ்கி ந்ஹென்னஹொவ்ரிம் ஹொதெ3ஸ்,"All broken, useless materials were in the small room",ஓட்டை உடைசல் பொருட்கள் அனைத்தும் சிறிய அறையில் இருந்தன
புஜாஹொவ்ரிக் சொக்கட் ஸிங்க3ரி ஹொத்3யாஸ்,The prayer room was well decorated,பூஜை அறையை நன்றாக அலங்கரித்திருந்தார்கள்
தூ4ம்கின் தேலு காட் ஹால் ஹந்த3வ் தௌரம் காலொ ஹொதெ3ஸ்,The kitchen was black due to smoke and oil stains,புகை மற்றும் எண்ணெய் கறை காரணமாக சமையலறை கருப்பாக இருந்தது
ஜெமரியொ தௌரம் ஹந்த3வ் தௌரமுக் லொகு3த்தொ ர்ஹனொ,The dining room should be close to the kitchen,சாப்பாட்டு அறை சமையலறைக்கு அருகில் இருக்க வேண்டும்
ஸ்னானுகொ2ட்டாம் ஹுன்னபனி அவரனி,There was no hot water in the bathroom,குளியலறையில் வெந்நீர் வரவில்லை
ஶயனுகொ2ட்டாம் ஸில்லொ வரா பெடி ஸேத்தெ,The bedroom has air conditioner,படுக்கையறையில் குளிரூட்டி உள்ளது
போ3 வஸனுகொ2ட்டாம் ஸமாசார்பத்ரொ சொவ்தி3லேத் ர்ஹான்,Dad will be reading the newspaper in the living room,அப்பா அறையில் செய்தித்தாள் படித்துக் கொண்டிருப்பார்
காமிர வாட் பொவ்ஸுபனி பி4த்தர் அவரஸ்,Rainwater is coming in through the window,ஜன்னல் வழியாக மழைநீர் உள்ளே வருகிறது
விடி3ம் தாளு விஜனொ குஸ்கி ஹொத்3யாஸ்,There was a palm fan plugin in the window,ஜன்னலில் பனை விசிறி சொருகி இருந்தது
ம்ஹொடொ3விடி3 பூ4ய்ஞ் த3ளா கொ2ட்டாக் ஆத3ர்ஶொ ஹொயெயொ,French windows are ideal for ground floor rooms,பெரிய சாளரங்கள் தரை தள அறைகளுக்கு ஏற்றது
ஹொடா3ரும் பொவ்ஸ் பொடி3 பொஷானும் செது3ரரஸ்,It rains in the courtyard and splashes on the sidewalk,முற்றத்தில் மழை பெய்து நடைக்கூடத்தில் தெறிக்கிறது
ஐனாம் பொ3ட்டான் ஸுக்கரஸ்,The clothes are drying in the courtyard,முற்றத்தில் துணிகள் உலர்கின்றன
ஒளெனும் ர்ஹீ பொவ்ஸு பனி ஹொடா3ரும் லுச்சாரஸ்,Rainwater pours into the courtyard from the roof canal,கூரை கால்வாயிலிருந்து முற்றத்தில் மழைநீர் கொட்டுகிறது
பா3ஞ்ஜி ஹால் பி4த்தர்ஹொடார் ஜி2ர்க்காரஸ்,The inner courtyard is slippery due to fungus,பூஞ்சை காரணமாக உள் முற்றம் சறுக்குகிறது
மலொ வாயு மூலாம் ப4ந்து3னொ,The toilet should be built in the northwest corner,கழிப்பறையை வடமேற்கு மூலையில் கட்ட வேண்டும்
தூம்பா3ம் பு3த்3து3ரா பனி ஜாரஸ்,Sewage goes into the sewer,கழிவு நீரோடையில் கழிவுநீர் செல்கிறது
ஸ்னானுகொ2ட்டொம் ர்ஹீ முறி பனி ரேணிஸும் ஜாரஸ்,Dirty water from the bathroom goes into the sewer,குளியலறையில் இருந்து அழுக்கு நீர் கழிவு நீரோடையில் செல்கிறது
பு3த்3து3ரா பனி ஜெள்ஜாரும் ர்ஹீ கவ்லாம் ஜாரஸ்,Sewage goes to canal through drainage,கழிவுநீர் வடிகால் வழியாக கால்வாயில் செல்கிறது
பொவ்ஸு கலமு கவ்லொ பொ4ரி த4மஸு,"During the rainy season, the water in the canal overflows",மழைக் காலங்களில் கால்வாயில் தண்ணீர் பெருக்கெடுத்து ஓடுகிறது
பீ4த் உன்னொ பொட3யொ 9 போ3ட் தெ3ள்கொ ர்ஹனொ,The wall should be at least 9 inches thick,சுவர் குறைந்தது 9 அங்குல தடிமனாக இருக்க வேண்டும்
பி4த்தி பொ3லோம்கன் ர்ஹனொ,The foundation of the wall should be strong,சுவரின் அடித்தளம் வலுவாக இருக்க வேண்டும்
கவாட்3 ஹூட். தூ4ம் ப4ராட் ஜாந்தொ,Open the door. Let the smoke out,கதவை திற. புகை வெளியேறட்டும்
கவாடு3கீ2ல் கெ4ட்டி சௌல்ரஸ்,The door latch is holding very tight,கதவு தாழ்ப்பாள் மிகவும் இறுக்கமாகப் பிடித்திருக்கிறது
கொன்கீ கவாடு3 கி4ணிங்கா3ட் ஹனராஸ்,Someone rings the doorbell,யாரோ கதவு மணியை அடிக்கிறார்கள்
கொ2ப்3பி3ம் கீ2ள் தகி3 ர்ஹாத்தெ ப3ரொ,It is always good to put the latch on,எப்போதும் தாழ்ப்பாள் போடுவது நல்லது
தி3ண்டு3க்கல் பீ3க் வேன் ப்ரஸித்3தி4 ஹொயெயொ,Dindigul lock is very popular,திண்டுக்கல் பூட்டு மிகவும் பிரபலமானது
பூட் தயெ ப2ராது பீ3க் பொ4த்3ரம் தொ2வ்லெ,Secure the key after locking the door,பூட்டிய பிறகு சாவியைப் பாதுகாப்பாக வைத்திரு
நெட்ஷத்ரு வஸனுஶாலாம் விஜிலியணு பி3காத் வவ்ரஸுன்,Electronic keys are used in star hotels,நட்சத்திர ஓட்டல்களில் மின்னணு சாவி பயன்படுத்துகிறார்கள்
பொ3ண்டி3 பி3யாத் கோட் ஸே?,Where is the car key?,கார் சாவி எங்கே இருக்கிறது?
பீ3 தி3யெ பிள்டி ஸொகன் வத்தொ கெரராஸ்,He speaks like a toy driven by a key,சாவி கொடு பொம்மை போல் பேசுகிறார்
அவ்ரெ ஐங்கே4ரம்பொ3 ஸவ்லாம் கில்னாஶேர்பணி குஸ்கில்ர்ஹான்,My grandmother use to have key-bunch inserted in her sari,என் பாட்டி புடவையில் சாவி கொத்து செருகியிருப்பார்
குடொ3 கே4ருபொட்ளொ ஹொல்லொ ஹிப்3பி3 ஸே,The rooster stands on the roof of the house,சேவல் வீட்டின் கூரையில் நிற்கிறது
அம்பொ3 கொ4வ்லாம் தி3வொ பொ4வ்ரிஸ்,Mom lit the lamp in the wall gable,அம்மா சுவர் மாடத்தில் விளக்கு ஏற்றினாள்
சிட3மத்திம் ர்ஹீ க2பி3ரி கெரராஸ்,They make tiles from clay,களிமண்ணிலிருந்து ஓடுகள் செய்கிறார்கள்
படன் பொகட் க2புரா கே4ர் து3ஸ்தலு,Tile houses are rare in urban areas,நகர்ப்புறங்களில் ஓடு வீடுகள் அரிது
ஜ2ன்னிக் ஸாமான்யொகன் உம்ப்3ராம் தொ2வன்,The broom is usually placed in the corner,விளக்குமாறு பொதுவாக மூலையில் வைப்பார்கள்
பொள்டான் செரரியொ தேட் உம்ப்3ராக2புரொ தக3ஸுன்,Corner tiles are laid at the junction of the roof,கூரைகள் இணையும் இடத்தில் மூலை ஓடுகள் போடப்படுகிறது
ப3ளிங்கு3 ஹீபு மொஞ்சு கலமு ஸில்லொ ர்ஹாயி,Marble floors are cool in winter,பளிங்கு தரைகள் குளிர்காலத்தில் குளிர்ச்சியாக இருக்கும்
"தெல்லெ கலமு, ஸெனி ஹால் பூ4ய்ஞ் ஸௌரன்","In those days, the floor was coated with wet dung",அந்தக் காலத்தில் ஈரச் சாணத்தைக் கொண்டு தரையைப் பூசுவார்கள்
லைடா3 பொள்டாம் ர்ஹீ விஞ்சு லலரஸ்,The scorpion falls from the wooden roof,மரக் கூரையிலிருந்து தேள் விழுகிறது
வரொ பொ3லோம்கன் ஹனத்தெமாம் லோவு புள்டொ ஹுடி3 ஜேடி3யொ,The metal roof was blown away by the strong wind,காற்று பலமாக வீசியதில் உலோக கூரை பறந்து சென்றது
லொனிக் ஸிகாம் லொம்பொ3 ஸொட்3ராஸ்,The butter is hung in the hanging pot,வெண்ணெயை உறியில் தொங்கவிட்டுள்ளார்கள்
தொரணு தி3வொ உன்சொபீ4தும் ர்ஹீ லொம்ப3ரஸ்,The chandeliers hang from the ceiling,சரவிளக்குகள் கூரையிலிருந்து தொங்குகின்றன
அக3ஸுடி வாட் அவரியொ ஸுரிது கிரணு ஹுஜால் தே3ஸு,Sunlight coming through the roof glass illuminates,கூரை கண்ணாடி வழியாக வரும் சூரிய ஒளி வெளிச்சம் தருகிறது
அகாஸ்விடி3ம் பொவ்ஸ் பொட3ரியொ ஸாத்தக் சொக்கட் ஸே,It's nice to see rain falling on the roof glass,கூரை கண்ணாடியில் மழை பொழிவதைப் பார்க்க நன்றாக இருக்கிறது
கே4ரு நித்தொகா2ம்பு3ன் தேகு ஜா2டு3ம் கெரயொ,The pillars of the house are made of teak wood,வீட்டின் தூண்கள் தேக்கு மரத்தால் செய்யப்பட்டது
சிடி3ன் முகுடும் நீடொ3 ப4ந்த3ய்,Sparrows build nests on roof ridges,சிட்டுக்குருவிகள் உத்தரத்தில் கூடு கட்டும்
ஸவ்னான் வேன் உன்சொ ர்ஹா ஹோனா,Stairs should not be too high,படிக்கட்டுகள் மிக உயரமாக இருக்கக்கூடாது
மெர்க்கணினு ஸங்க்யொ ஒண்டெபளொகன் ர்ஹாத்தெ சொக்கடு3,It is good that the number of stairs is odd,படிக்கட்டுகளின் எண்ணிக்கை ஒற்றைப்படையாக இருப்பது நல்லது
மொரெ கே4ர் தீ3 வித்3தெ3 கே4ர்,My house is a two storey house,என் வீடு இரண்டு மாடி வீடு
ஹுனளாம் அமி ஹுடொ3 வித்3தெ3ம் நிஞ்ஜுவெ,In summer we sleep on the terrace,கோடையில் நாங்கள் மொட்டை மாடியில் தூங்குவோம்
ஸுனொ வித்3தெ3 நெவ்டா3ம் ர்ஹீ தொங்கி3 ஸாரஸ்,The dog peeks out from the balcony,நாய் மாடி முகப்பிலிருந்து எட்டி பார்க்கிறது
ஹாதுபீ4தும் ஒர்கு3னாங்கொ3,Do not lean against the parapet wall,கைப்பிடிச் சுவரில் சாயாதீர்கள்
ஜுன்னொ பொ3க்3கு3ன் அஸ்கி அள்டாம் தொ2வொ,Keep all old books on the loft,பழைய புத்தகங்கள் அனைத்தையும் பரணில் வைக்கவும்
கெட்டுலும் நிஞ்ஜெத் மொகொ3 ஹோங்கு3 அவ்னா,I can not sleep if I sleep in cot,கட்டிலில் தூங்கினால் எனக்கு தூக்கம் வராது
தொ3ரி மொஞ்செம் நிஞ்ஜத்தக் மொகொ3 ஜுக்கு ஒப்பாய்,I love sleeping on a rope cot,கயிற்றுக் கட்டிலில் தூங்குவது எனக்கு மிகவும் பிடிக்கும்
ஹூனுகலமு லோவு க3வ்டி3ம் நிஞ்ஜத்தக் முஸுனா,Can't sleep in a metal cot in the summer,கோடை காலத்தில் உலோகக் கட்டிலில் தூங்க முடியாது
தொரன் கு3ஷ்டிம் ஸௌதின் ஸுத்3த4ம்கன் ந்ஹீ,The beds on the train were not clean,ரயிலில் படுக்கைகள் சுத்தமாக இல்லை
வாருவார் ஜெங்களமுக் கு4ஞ்ஜுவொ,Wash the bed sheets every weekly,வாராவாரம் படுக்கை விரிப்புகளை துவைக்கவும்
பொ3ர்யொ வினா ஸில்லொ பூ4ய்ஞிர் நிஞ்ஜுனாங்கொ3,Do not sleep on a cold floor without a mat,பாய் இல்லாமல் குளிர்ந்த தரையில் தூங்க வேண்டாம்
பிஸ்னி சபொ3 திக்கெ ம்ருது3லொகன் ந்ஹீ,The plastic mat is not so soft,பிளாஸ்டிக் பாய் அவ்வளவு மென்மையாக இல்லை
தெ2வ்டெ3தெனு தி3ஸின் தெள்கட் தொ2வ்லி நிஞ்ஜஸுன்,Some people sleep with two or three pillows,சிலர் இரண்டு மூன்று தலையணைகளை வைத்து தூங்குவார்கள்
ஹுப்3ரா ஒரொ கோட் ஸே?,Where is the pillow cover?,தலையணை உறை எங்கே?
தெள்கடு சௌனொ ஜு2க்கு ஸிங்க்3யார் ஸே,The pillow cover is so cute,தலையணை கவர் மிகவும் அழகாக இருக்கிறது
தெள்கடு ஒரொ ஜெங்களம் ஸெரொ அவஸு,The pillow cover comes with a bedsheet,தலையணை உறை படுக்கை விரிப்புடன் வருகிறது
நிஞ்ஜன் வேள் பாயினுக் ம்ஹத்3தி3 கௌ3டி3னுக் தொ2வ்லுவாய்,Bolster pillows can be placed between the legs while sleeping,தூங்கும் போது கால்களுக்கு இடையில் திண்டுகளை வைத்துக்கொள்ளலாம்
ப4ரம்ஹொயெ ரெட்டு ஹிமுஸுகலமு பிர்ஜனம் பொட3யி,Heavy blankets are useful in winter,கனமான போர்வைகள் குளிர்காலத்தில் பயனுள்ளதாக இருக்கும்
சென்னை ஸொகன் தா2முக் கம்பு3ளொ பஜென் ந்ஹீ,Places like Chennai do not need woolen blankets,சென்னை போன்ற இடங்களுக்கு கம்பளி போர்வைகள் தேவையில்லை
து4ளாதூ3ளி உம்ப்3ராம் லொம்ப3ரஸ்,The cobweb hangs in the corner,ஒட்டடை மூலையில் தொங்குகிறது
தூ4ளிக் ஜ2ன்னி ஹால் ஸுத்3த4ம் கெருவாயி,The cobweb can be cleaned with a broom,ஒட்டடையை விளக்குமாறு கொண்டு சுத்தம் செய்யலாம்
ரெஸ்தொஸொவடு கே4ரும் ஜெஜ்ஜு வேன் ர்ஹாயி,There will be lot of dust in the roadside house,சாலையோர வீட்டில் தூசி அதிகமாக இருக்கும்
பொவ்ஸு கலமு பொள்டாம் பனி ஒலஸு,"During the rainy season, water seeps on the roof",மழைக் காலங்களில் மேற்கூரையில் தண்ணீர் ஒழுகுகிறது
ஒளெனும் ர்ஹீ பொட3ரியொ பனிக் தெ4ரி தொ2வொ,Catch water falling from the roof canal,கூரை கால்வாயிலிருந்து விழும் தண்ணீரை பிடிக்கவும்
அக்3னிநெட்ஷத்ரு கலமு கே4ர்காவ் ஜா ஹோனா,Should not move to a new home during the fiery summer,அக்னிநட்சத்திர காலத்தில் கிரகப்பிரவேசம் செய்யக்கூடாது
கெ4ர்கெரி ஸொம்மர் ஹன்னவ்கன் 10 ம்ஹடா4 ப3ட்3கே மக3ராஸ்,The landlord asks for 10 months the rent in advance,வீட்டு உரிமையாளர் முன்பணமாக 10 மாத வாடகை கேட்கிறார்
அமி ஏட் நொவ்வொகன் காவ் அவ்ரியொ,We are the new tenants here,நாங்கள் இங்கு புதிதாக குடி வந்துள்ளோம்
எல்லெ கே4ரு கெ4ர்கெரி விதே3ஶும் ஜிவராஸ்,The owner of this house lives abroad,இந்த வீட்டின் வீட்டுக்காரர் வெளிநாட்டில் வசிக்கிறார்
காவ்கெரின் அபுலானும் மல்லராஸ்,The tenants are fighting among themselves,வாடகைக்காரர்கள் தங்களுக்குள் சண்டையிடுகிறார்கள்
தெனு அவ்ரெ வீது3ம் வஸத்தெனு,He is a resident of our street,அவர் எங்கள் வீட்டுத் தெருவில் வசிப்பவர்
அத்தொ அஸ்கி கோன் கே4ருக் சுன்னொ ஹனராஸ்?,Nowadays who whitewashes the house with lime?,இப்போதெல்லாம் யார் வீட்டிற்கு சுண்ணாம்பு பூசுகிறார்கள்?
பொங்க3லுவேள் மென்க்யான் அபுல் கே4ருக் சுன்னொ ஹனஸுன்,"During Pongal, people whitewash their houses",பொங்கலின் போது மக்கள் தங்கள் வீட்டிற்கு வெள்ளையடிப்பார்கள்
சிட3மத்திம் ர்ஹீ விட்3கெ3 கெரராஸ்,They make bricks out of clay,களிமண்ணிலிருந்து செங்கற்கள் செய்கிறார்கள்
கே4ர் ப4ந்த3த்தெமாம் விட்கிண் முக்யம்ஹொயெயொ,Bricks are important in building a house,வீடு கட்டுவதில் செங்கல் முக்கியமானது
"ஹீபுவிட்3கெ3, ஒண்டெ விட்3கெ3 மோவுகு ஹத்3து3 வடொ ர்ஹாயி",The floor brick is about half the size of a brick,"தரை செங்கல், ஒரு செங்கலின் பாதி அளவு இருக்கும்"
ம்ஹொட்டொ கே4ருனும் லானுக் ஸவாய்,You can find lawns in large houses,பெரிய வீடுகளில் புல்வெளிகளைக் காணலாம்
பொள்டா ஜீன் அத்தொ ப்ரஸித்3தி4கன் ஸே,Roof garden is popular now,கூரை தோட்டம் இப்போது பிரபலமாக உள்ளது
தொ3ரட்டி கச்சம்பொ3 தொட3த்தக் ஒர்க3ஸு,The fruit picker is used to pluck mangoes,தொரட்டி மாம்பழங்களைப் பறிக்கப் பயன்படுகிறது
வாடி3 ஒண்டெ கே4ரு மிதினுக் பரிபா4ஷித் கெர்ஸு,The fence defines the boundaries of a house,வேலி ஒரு வீட்டின் எல்லைகளை வரையறுக்கிறது
தட்டி கவாட்3 கா3ய்கொ3ருனுக் ஜ2யி தொ2வத்தக் ஒர்க3ஸு,The Palm leaf fence is used to lock the cattle,தடுக்கு கதவு கால்நடைகளை அடைத்து வைக்க பயன்படுகிறது
ப4ந்தி3னி காமுக் காம்கெர்த்தான் அப்3ப3த்தெ கெஷ்டம்கன் ஸே,It is difficult to get workers for construction work,கட்டுமான பணிகளுக்கு தொழிலாளர்கள் கிடைப்பது சிரமமாக உள்ளது
500 பவுல் ஹீர் கொவ்ரெத் மெல்லொ பனி ந்ஹீ,There is no water even after digging a well at 500 feet,500 அடிக்கு கிணறு தோண்டினாலும் தண்ணீர் இல்லை
கி4ராஹீரு மென்தொ 180 பௌல் ஹொல்லொ கீ4ர் ஸேத்தெ ஹீர்,Deep well is a well with a depth of more than 180 feet,ஆழ்துளை கிணறு என்பது 180 அடிக்கு மேல் ஆழம் கொண்ட கிணறு
ஹீருனகொ மத்தி பு2ட்டி பொட3த்தெ ஹிப்பி3 ர்ஹவாட3ஸு,The casing of the well prevents the soil from breaking and falling,கிணற்றின் உறை மண் உடைந்து விழுவதைத் தடுக்கிறது
ஒண்டெ ஹீரும் உன்னொ பொட3யொ 10 ர்ஹீ 12 ஒரான் ர்ஹாயி,There will be at least 10 to 12 casing in a well,ஒரு கிணற்றில் குறைந்தது 10 முதல் 12 உறைகள் இருக்கும்
ஹீரும் ர்ஹீ பனி செந்த3த்தக் ர்ஹெடொ3 நுக3ஸு,The well pulley is used to draw water from the well,கிணற்றில் இருந்து தண்ணீர் இறைக்க சகடை பயன்படுகிறது
ஹீரும் பொட்3 ப3ள்ளாக் ஹெட3த்தக் பத3ர்கிளி நுக3ஸு,A multi-pointed hook is used to pick the bucket that has fallen into the well,கிணற்றில் விழுந்த வாளியை எடுக்க பாதாள கரண்டி பயன்படுகிறது
களாய்யா? பதா3ல்குடி3 ப3ட்க்யாக் அப்3ப3ய்,The multi-pointed hook use to be available for rent,தெரியுமா? பாதாள கரண்டி வாடகைக்கு கிடைக்கும்
ஸிரங்கு3ம் அவ்ரெதெங்கா3 ஸெத்தர் ஸேத்தெ,There is a Sourashtra inn available in Srirangam,ஸ்ரீரங்கத்தில் சௌராஷ்டிரா சத்திரம் உள்ளது
கெ2டின் ஹூனுகலமு குடி ஹுலொ லகி3 ஜெலஸு,The cottage catches fire in the harsh summer,கடுமையான கோடையில் குடிசை தீப்பிடித்து எரிகிறது
ர்ருஷினு கலமு பருண்டா3 கே4ர் ஒண்டேஸ் ஹொதெ3ஸ்,In the time of the sage there was only the cottage house,முனிவர் காலத்தில் குடிசை வீடு மட்டுமே இருந்தது
பு2ட்3கொ கே4ரு தக்ஷணம் க2லி கெர்னொ,The dilapidated house should be vacated immediately,பாழடைந்த வீட்டை உடனடியாக காலி செய்ய வேண்டும்
இவத்தெ ஒண்டெ சொக்கட் ரூணி,Reading is a good habit,வாசிப்பது ஒரு நல்ல பழக்கம்
கெ4த3டு3க் ஹுட3ட3த்தெ தொ3ங்க3ருக் உச்லத்தெ ஸொகன்,Getting the donkey up is like pulling a mountain,கழுதையை எழுப்புவது மலையை இழுப்பது போன்றது
"ஸில்லொ-பனி உணத்தெ, ஆங்கு3 து3ன்னொ உன்னொ கெரயி",Cold-water immersion will reduce body pain,"குளிர்-நீர் ஆழ்த்துதல், உடல் வலியை குறைக்கும்"
ஒஞ்சத்தெ ஒண்டெ பாபு கரெ,Cheating is a sin,ஏமாற்றுதல் ஒரு பாவச்செயல்
ஒவன் கெ4த3ட்3 கெரன் ஒண்டே காம் பா4ர் ஒவத்தெ,The only job the mule do is carrying the load,கோவேறு கழுதை செய்யும் ஒரே வேலை பொதி சுமத்தல்
ஹீர் க2னத்தெ க2ண்டி3 கொவ்ரத்தெ ஸொகன் ஸுலப்3யம் ந்ஹா,Digging a well is not as easy as digging a pit,கிணறு தோண்டுவது என்பது குழி தோண்டுவது போன்று எளிதானது அல்ல
ஜரிம் ஆங்கு3 து4வெ ப2ராது ஆங்கு3 கம்ப்லஸு,The body trembles after bathing in the waterfall,அருவியில் குளித்த பின் உடல் நடுங்குகிறது
சவி க2னாத்தக் கி3லத்தெ சொக்கட் ந்ஹா,It is not good to swallow without chewing,மென்று தின்னாமல் முழுங்குவது நல்லதல்ல
பூ4கும் போட் குங்க3த்தெ ஸஹஜமு,Stomach contraction due to hunger is natural,பசியில் வயிறு சுருங்குதல் இயற்கையானது
பீக் க4லத்தக் முது3ல்லாம் கே2துக் குஷத்தெ சொக்கடு,It is better to plow the field before sowing,விதைப்பதற்கு முன் வயலை உழுவது நல்லது
பெ3ய்லனுக் ஸிங்க்3யார் போட் தங்கத்தெ,Stomach shrinking is beauty for women,பெண்டிற்கழகு உண்டி சுருங்குதல்
மொரெ பெ3டா3க் லம்பொ3 தரத்தெமாம் த3ஸ்து அப்3பெ3ஸி,My son won a prize in long jump,என் மகன் நீளம் தாண்டுதலில் பரிசு பெற்றான்
ஹரிண் உஸுலத்தெமாம் தெகொ3 பாய்ஞ் முட்டியொ,The leg was broken when the deer jumped,மான் துள்ளிக்குதித்ததில் கால் முறிந்தது
சொராக் ஸீ ஜிங்க3த்தெமாம் வாகு3 ஸமர்து2,The tiger is very good at jumping towards prey,இரையை நோக்கி பாய்வதில் புலி மிகவும் திறமையானது
பனிம் திரத்தெ மேட் ஹொயெ தே3ஹப்4யாஸு,Swimming in the water is the best exercise,தண்ணீரில் நீந்துவது சிறந்த உடற்பயிற்சி
த3யாளுப்பன் மெந்தொ கெஷ்டம் பொட3ரியொ தெங்கொ3 திவுலத்தெ,Mercy is the saving of the afflicted,கருணை என்பது கஷ்டப்படுபவரை காப்பாற்றுதல்
கா2ளும் நத்தெ நதி3னின் ஜொவள் து3ர்லத்தெ தெங்கொ3 ஸொந்தோஷ் தே3யி,Losing a game to grandchildren makes them happy,பேரக்குழந்தைகளிடம் விளையாட்டில் தோற்பது அவர்களுக்கு மகிழ்ச்சியைத் தரும்
க2யெ ப2ராது எத்னமுன் து4வத்தெ ஶினாத்திஸா காம்,Washing dishes after eating is a tiring activity,சாப்பிட்ட பிறகு பாத்திரங்களைக் கழுவுவது சோர்வான செயல்
பொ3ட்டொ ஸுக்கொ தக3த்தக் முது3ல்லொ தி3வ்வாள் து4ன்வத்தெ ப3ரொ,It is better to shake off twice before putting the cloth to dry,துணியை உலரப்போடுவதற்கு முன்பு இரண்டு முறை உதறுவது நல்லது
தே3வுக் பாய்ஞ் பொட்3லியெத் அஸ்கி கெஷ்டம் துவஸு,All grievances are redressed by worshiping God,இறைவனை வணங்கினால் எல்லா குறைகளைகளும் தீருகிறது
மொரெ க4டி3ம் கய்கி தெலெ ஸொகன் லக3ரஸ்,I am feeling like there is something floating in my throat,என் தொண்டையில் ஏதோ மிதப்பது போல் உணர்கிறேன்
ஸாபுனுக் தெ4ரத்தெ ஆபத்3 ஹொயெ காமு,Catching snakes is a dangerous task,பாம்புகளை பிடிப்பது ஆபத்தான பணி
தெனொ அபுல் காமுக் தொமஸு,He is liking his job,அவன் தனது வேலையை விரும்புகிறான்
கவாட் ஹல்லுகன் தௌ2கத்தெ ஒண்டெகா3 கு3ண்ணுக் களட3ஸு,Gently knocking on the door shows a person's character,கதவை மெதுவாக தட்டுவது ஒரு நபரின் தன்மையை காட்டுகிறது
ஒண்டெகொ3 ஓர்த்தொ நுத3த்தெ ஹுர்படொ3ஹொயெ போ2ள் கெரயி,Pushing someone into a corner can have a negative effect,ஒருவரை ஒரு மூலையில் தள்ளுவது எதிர்மறையான விளைவை ஏற்படுத்தும்
தே3வுக் நுவத்தெ மொன்னுக் ஶாந்தி தே3யி,Praising the Lord brings peace of mind,இறைவனைப் புகழுதல் மனதிற்கு அமைதி கொடுக்கும்
பூ2லுன் பு2லத்தெ கோன்தி ஸாத்தக் முஸைய்யா?,Can anyone see the flowers blooming?,பூக்கள் பூப்பதை யாராவது பார்க்க முடியுமா?
மிர்க்கைலொ பு4ஞ்ஜத்தெ கடி2ன்ஹொயெ காம்,Frying chili is a tough job,மிளகாய் வறுப்பது கடினமான வேலை
ஹூனுகலமு பனிம் புல்லத்தெ குஷிஹொயெ அனுப4வமு,Floating in the water in summer is a pleasant experience,கோடையில் தண்ணீரில் மிதப்பது ஒரு இனிமையான அனுபவம்
ஸெர்க்கஹொயெ புஸினி புஸத்தெ ஸுலப்3யம் ந்ஹா,Asking the right question is not task,சரியான கேள்வியைக் கேட்பது எளிதல்ல
கெருமுக் பொந்து3லத்தேஸ் தெல்லெ திரட3த்தக் மேட் ஹொயெ வாட்,Enduring Karma is the best way to solve it,கர்மாவை சகித்துக்கொள்வதே அதை தீர்க்க சிறந்த வழி
பன்தும் பொந்துலத்தெ மெந்தொ ஜிகி3னி ஒடி3னிக் ஐதொகன் ர்ஹாத்தெ,Competing in a race means being ready for victory or defeat,பந்தயத்தில் போட்டியிடுவது என்பது வெற்றி தோல்விக்கு தயாராக இருப்பது
தே3வுக் முகு3லத்தெ துங்கொ3 கொ2ப்3பி3ம் ஹாத் ஸொட்3னா,Seeking God will never let you down,கடவுளைத் தேடுவது உங்களை ஒருபோதும் கை விடாது
வேன் முத3த்தெ ந்ஹீஜியெத் ரொட3த்தெ - தி3ய்யொ சொக்கட் ந்ஹா,Too much crying or rejoicing - both are not good,மிக அதிகமாக அழுவது அல்லது மகிழ்வது - இரண்டும் நல்லதல்ல
கோ3 பி3ஸி ர்ஹாத்தக் யதுலத்தெ மொடா3க் ஸமான்,Trying to be idle is tantamount to corpse,சும்மா இருக்க முயற்சிப்பது பிணத்திற்கு சமம்
வாத3ளா வேள் ஜா2டு3 கா2ல் லிங்கத்தெ ஆபத்3 ஹொயெயொ,It is dangerous taking shelter under a tree during a storm,புயலின் போது மரத்தடியில் ஒதுங்குவது ஆபத்தானது
மத்திம் லுண்டத்தெ பில்லல்னுக் கௌத்கன் ஸே,Rolling in the dirt is fun for the baby,மண்ணில் உருளுவது குழந்தைக்கு வேடிக்கையாக உள்ளது
ஹாகும் ஜெஜ்ஜு லொட3த்தெ சொக்கட் தேஹப்4யாஸ்,Cleaning up trash in the garden is good physical exercise,தோட்டத்தில் குப்பைகளை சுத்தம் செய்வது நல்ல உடற்பயிற்சி
நொவ்வொ த3ம்பதின் அலக்3கொ3 வஸத்தே ப3ரொ,Newlyweds are better off living alone,புதுமணத் தம்பதிகள் தனியாக வாழ்வது நல்லது
துரெ யோஜனான் மொரெ தெமாம் ர்ஹீ விங்கத்தெ நொவ்வொ ந்ஹா,Your thoughts differing from mine is not new,உங்கள் எண்ணங்கள் என்னுடையதில் இருந்து வேறுபடுவது புதிதல்ல
தாளு விஜனொ ஹால் வௌரத்தெ ஒண்டெ கலம்,It's been a long time since fanning with a palm fan,பனை விசிறியால் வீசியது ஒரு காலம்
கிஸான் தே3ஶுக் மெல்லொ ரணமு ஜிக3த்தெ முக்யமு,Winning the war is important for any country,எந்தவொரு நாட்டிற்கும் போரில் வெற்றி பெறுவது முக்கியமானது
வித்3யாவிக் லெக்ஷன் ஸபா4ம் ஜுலத்தெ,The identify of the Educated is shining before the learned,கற்றவர்க்கு அடையாளம் சபையில் பிரகாசித்தல்
ஸ்வயஸுக2முக் ஒண்டெகொ3 ஸ்துதி கெரத்தெ தி4ல்லொஹொயெயொ,Praising someone for selfishness is disgraceful,சுயநலத்திற்காக ஒருவரைப் புகழ்வது இழிவானது
பெ4டெ3க் லெக்ஷனு ஸ்ரமொ க2ள்ளத்தெ,Working hard is the hallmark of servant,கடின உழைப்பே வேலைக்காரனின் அடையாளம்
அய்து3னுக் ஸான் தெ4ரத்தெ ஹிந்தொ3 லெந்து ஸே,Sharpening of weapons remains to this day,ஆயுதங்களைக் கூர்மைப்படுத்துவது இன்றுவரை உள்ளது
ஸிங்குலத்தெ மெந்தொ ஒஜாதி மொன்னு ரோகு3,Doubting is a kind of mental disease,சந்தேகப்படுவது என்பது ஒரு வகை மனநோய்
ஜந்துநஸினிக் ஸிஞ்ஜத்தெஹால் பீகுன் ரக்ஷண் ஹோஸு,Crops are protected by spraying pesticides,பூச்சிக்கொல்லிகளை தெளிப்பதால் பயிர்கள் பாதுகாக்கப்படுகின்றன
கெஷ்டம் பொட3த்தவேள் தே3வுக் ஸிடத்தெ சொக்கட் ப2லன் தே3யி,Worshiping God in times of trouble will bring good results,கஷ்டகாலத்தில் கடவுளை வழிபடுதல் நல்ல பலனைத்தரும்
அபுல் ப்ரபா4வ் மெந்தொ அவ்ங்கோஸ் அமி ஸில்கு3லத்தெ,Bragging is the act of praising oneself,தற்பெருமை என்பது தன்னைத்தானே புகழுவது
அவ்ரெ தெ4ருமு பொ3லம் அஸ்கியொ ஸொமத்தெ,The strength of our Dharma is tolerating all,நமது தர்மத்தின் பலம் அனைத்தையும் பொறுத்துக் கொள்வதுதான்
து3ஸுரெதெங்கொ3 ஸொம்மத்தெ மொரெ பா3 ம்ஹொட்டொ பொ3லம்,Forgiving others is my father's great strength,மற்றவர்களை மன்னிப்பது என் தந்தையின் பெரிய பலம்
ரஜாக் ஶில்க3த்தெ ஜேமுக் வெது3ர் ஸீ ஒண்டேஸ்,Praising the king is only in anticipation of the gift,அரசனைப் புகழ்வது பரிசை எதிர்பார்த்து மட்டுமே
பரமபத கவாட்3 ஹுக்3ட3த்தெ வைகுண்ட ஏகாதஸி தெந்து3ஸ் சலஸு,The opening of the Paramatman Gate will take place on Vaikunda Ekadasi,பரமபத வாசல் திறப்பது வைகுண்ட ஏகாதசி அன்று நடக்கும்
ரஸஶாலாம் ஜு2கு3 உபகரணானுக் ஸவாயி,We can see many apparatus in the laboratory,ஆய்வகத்தில் பல கருவிகளை நாம் பார்க்கலாம்
ஸங்க3ணகொ ஒண்டெ ஶக்திஹொயெ ஸாத4னொ,Computer is a powerful tool,கணினி ஒரு சக்திவாய்ந்த கருவி
மோனொ சாகு ஒண்டெ ஆபத்3ஹொயெ அய்து3,Sharp knife is a dangerous weapon,கூர்மையான கத்தி ஒரு ஆபத்தான ஆயுதம்
முந்த3டி3 கலமு த4னுகின் பா3ணு முக்ய அஸ்த்ரொகன் ஹொதெ3ஸ்,In ancient times the bow and arrow were the main weapons,பழங்காலத்தில் வில்லும் அம்பும் முக்கிய ஆயுதங்களாக இருந்தன
பீ4தும் கீல் ஹனத்தக் மூர் பஜெ,A hammer is needed to hit the nail on the wall,சுவற்றில் ஆணி அடிக்க சுத்தியல் தேவை
தீ3 பொல்கானுக் கீலு ஹனி ஒண்டேஸ்கன் செர்ச்சுவாயி,Two planks can be joined by nailing them together,இரண்டு பலகைகளை ஆணி அடித்து ஒன்றாக இணைக்கலாம்
த3ந்தினி ஒண்டெ வஸ்துக் தெ4ரி உட்சத்தக் நுக3ஸு,The pincer is used to pullout an object,குறடு ஒரு பொருளைப் பிடித்து இழுக்க பயன்படுகிறது
கீல் உக்கத்தக் நிப்3ரொ நுக3ஸு,The pliers is used to pull the nail,ஆணி பிடுங்க குறடு பயன்படுத்தப்படுகிறது
நஹொகின் அர்க3லிக் தி4ல்லொ கெரத்தக் பி3க்3ரொ நுக3ஸு,Spanners is used to loosen the nut and bolt,நட்டு மற்றும் போல்ட்டை தளர்த்த திருகி பயன்படுத்தப்படுகிறது
க2னடி க2ண்டி3 கொவ்ரத்தக் ஒர்க3யி,A crowbar is used to dig pit,கடப்பாரை குழி தோண்டுவதற்கு பயன்படும்
பு4ய்ஞ் கொவ்ரரியொ க2ந்துடொ லம்பொ3 ர்ஹாயி,The crowbar to dig the earth is long,பூமியை தோண்டும் கடப்பாரை நீளமாக இருக்கும்
லைடா3க் ஆகார் தே3த்தக் பி4ந்தி நுக3ஸு,Chisel is used for shaping wood,மரத்தை வடிவமைக்க உளி பயன்படுத்தப்படுகிறது
டங்க்னார் தெ3ய்டா3க் ஆகார் தே3த்தக் டங்கு ப்ரயோக்3 கெரராஸ்,The sculptor uses a chisel to shape the stone,சிற்பி கல்லை வடிவமைக்க உளி பயன்படுத்துகிறார்
தெனொ ஹனடி ஹால் பனி கெ3ட்3டொ3 பொ2ட3ரஸ்,He breaks the ice with a mallet,அவன் மரச்சுத்தியால் பனிக்கட்டியை உடைக்கிறான்
ஹொடை3து தாஸு ஹால் பொள்காக் சிவெஸி,The carpenter leveled the plank with a hand planer,தச்சர் ஒரு இழைப்புளி மூலம் பலகையை இழைத்தார்
ரஜா கலமு லாவ் க2ல்லி மல்லியாஸி,During the reign of King they fought with swords,அரசர் காலத்தில் வாள் ஏந்திப் போரிட்டனர்
கத்கொ ஹால் ஹரிணுக் கடனு,Weeds are removed with sickle,அரிவாளால் களை எடுப்பார்கள்
பர்ஶுராம் அய்து3 பர்ஶு,Parasuraman's weapon was an ax,பரசுராமனின் ஆயுதம் கோடாரி
தந்து3 பீடு சகி ஹொகலும் தயி லுப்3ப3ஸுன்,Rice batter is ground in the grinding machine,அரிசி மாவை இயந்திர உரலில் போட்டு அரைப்பார்கள்
நெலுன் மெனிகு காமு ஸல்லிஸ் கெரஸு,Machines make human work easier,மனிதர்களின் வேலையை இயந்திரங்கள் எளிதாக்குகின்றன
கபு3ஸுக் நெலுமு தொ2வி க4ந்த்ரொ கி4ந்த3னு,The cotton is pressed in the bale machine and packed,பஞ்சை இயந்திரத்தில் வைத்து அழுத்தி மூட்டை கட்டுவார்கள்
பொ3ட்டொ ஸிவத்தக் ர்ஹெடொ3 நுக3ஸு,A sewing machine is used to sew clothes,ஆடைகளை தைக்க தையல் இயந்திரம் பயன்படும்
மால் தி4ல்லொ ர்ஹியெத் ர்ஹெடா3 செக்குர் ஜி2ர்க்கயி,If the strap is loose the wheel of the sewing machine will slip,பட்டை தளர்வாக இருந்தால் தையல் இயந்திரத்தின் சக்கரம் வழுக்கும்
டங்க்னார் ஹாதும் டங்கு ஸொகன் ஸிம்பி3 ஹாதும் ஸேத்தெ லுங்க்டொ3,Scissors in the hands of the tailor is like a chisel in the hand of the sculptor,சிற்பியின் கையில் உளி போல் தையல்காரரின் கையில் உள்ள கத்தரிக்கோல்
பொ3ட்டொ குட்கொ கெரத்தக் லுங்க்ளொ நுக3ஸு,Scissors are used to cut the cloth,துணியை வெட்ட கத்தரிக்கோல் பயன்படுகிறது
கெத்திரிக்கெ ஹால் நெக்கு மெல்லொ குட்கொ கெருவாயி,Scissors can also cut the nail,கத்தரிக்கோலால் நகத்தை கூட வெட்ட முடியும்
ஸிவிம் தொ3ரி பொமொத்தக் தொ3ளா ஸனி சொக்கட் ர்ஹனொ,Eye sight should be good for threading a needle,ஊசியில் நூல் கோர்க்க கண் பார்வை நன்றாக இருக்கவேண்டும்
தொ3ரி செண்டு3ன் பொ4வெ வனினும் அப்3ப3ஸு,Thread bundles are available in a lot of colors,நூல்கண்டுகள் நிறைய வண்ணங்களில் கிடைக்கின்றன
கெச்சந்தி3கு த3பன் ஸிவிஹால் ஸிவஸுனு,Sacks are sewn with sack sewing needle,சாக்குப்பையை கோணி ஊசியால் தைப்பார்கள்
நங்கு3னாருன் ஹல்லொ ஹால் கே2துக் நங்க3னு,Farmers plow the field with plows,விவசாயிகள் கலப்பையால் வயலை உழுவார்கள்
நங்கு3னாருன் கொ3ருக் ஏடி3கோலாம் ஸம்டடி3கின் கே2துக் ஜுன்னஸுன்,Farmers lock the oxen in the plow and plow the field,விவசாயிகள் ஏரில் எருகளை பூட்டி வயலை உழுவார்கள்
கூப3ராக் அவ்ங்கி தெ4ரி உட்சத்தவேள் அடு3க்கு ஸேத்தெ மத்தி ஹொல்லொ அவஸு,The soil below comes up when the plow is pressed and pulled,ஏர்க்காலை அழுத்திப் பிடித்து இழுக்கும் போது கீழே உள்ள மண் மேலே வருகிறது
கொ3ருனுக் நுகா3ம் ஸொவ்ண்டடி3 கொ3ரு பொ3ண்டி3 தொ3வ்ட2னு,The bullock catrs are driven by locking the oxen under the yoke,மாடுகளை நுகத்தடியில் மாட்டி மாட்டுவண்டியை ஓட்டுவார்கள்
ஹுலொ ம்ஹௌஜனாத்தக் ர்ஹாத்தக் ப4ஸ்து ஹால் வர ஹனன்,The air is blown through the bellows to keep the fire burning,நெருப்பு அணையாமல் இருக்க துருத்தியால் காற்றடிப்பார்கள்
கொ3ரு பி3ஸ்ஸொ த4மத்தக் சாடொ ஹால் ஹனனு,The cow is beaten with a whip to make it run faster,மாடு வேகமாக ஓடுவதற்கு சாட்டையால் அடிப்பார்கள்
சாகுக் ஸானும் கெ3ஸிகின் மொனொ கெரனு,The knife is rubbed on the grindstone and sharpened,கத்தியை சாணைக்கல்லில் தேய்த்து கூராக்குவார்கள்
பொ3லம் ந்ஹாத்தெனொ ஹிக்மத் கெரிகின் ஜெவுஞ்சஸு,He who has no strength wins by trickery,பலம் இல்லாதவன் தந்திரம் செய்து வெல்கிறான்
தெனொ ஹுபா3வி,He is cunning,அவன் தந்திரமானவன்
தூ4ர்தொ ஜொவள் ர்ஹீ து3தூ3ர் ர்ஹனொ,Stay away from the cunning person,தந்திரமான நபரிடமிருந்து விலகி இருங்கள்
இஸனி அடா3த் கோன் கெரத்தக் முஸை?,Who could be capable of such atrocity?,இப்படிப்பட்ட அடாவடியை யாரால் செய்ய முடியும்?
தெனு வேன் திமுர் தெ4ர்யாத்தெனு,He is very arrogant,அவர் மிகவும் திமிர் பிடித்தவர்
கெ3ருவ் அஸ்கியொ நஸினம் கெர்த்தை,Arrogance will destroy everything,ஆணவம் எல்லாவற்றையும் அழித்துவிடும்
த4ன மௌஜாக் மொர்க்3யாத் அப்3பு3னா,There is no respect for money arrogance,பணத் திமிருக்கு மரியாதை கிடைக்காது
த4ன மௌஜடு3 மித்ருப்பனுக் நஸ்தை,The arrogance of wealth spoils friendships,செல்வத்தின் ஆணவம் நட்பைக் கெடுக்கும்
ஹங்க்ருதி தெ4ரெ பெ4டெ3 கொ2ப்3பி3ம் காம் கெர்னா,The servant with Haughtiness will never work,அகந்தை கொண்ட வேலைக்காரன் ஒருபோதும் வேலை செய்ய மாட்டான்
அபுல் ப்ரபா4வ் மெனரியொ பிஸானுன் க2வ்னம்,Vanity is the food of fools,தற்பெருமை என்பது முட்டாள்களின் உணவு
அபுல் நுதி அமீஸ் மெல்ல ஹோனா,We should not talk about our pride ourselves,நம் பெருமையை நாமே சொல்லிக் கொள்ளக்கூடாது
ஹாதுவதி3னி ம்ஹொட்டொ ஸங்கடங்கன் மர்ச்சய்யொ,Mobile phone has become a distruption,கைபேசி பெரும் இடையூறாக மாறிவிட்டது
ம்ஹொட்டொ ஸ்தா2பனான் கா2ல் பொட3த்தக் உதாஸீனமூஸ் காரணொ,Negligence is the reason for the collapse of big companies,பெரிய நிறுவனங்களின் வீழ்ச்சிக்கு அலட்சியமே காரணம்
பராக் கெர்னாத்தக் ர்ஹியெத் ஈகு3 நஜ்ஜாயி,Education will be ruined if not cared for,அக்கறை இல்லாமல் இருந்தால் கல்வி கெட்டுவிடும்
ஸந்தே3க் மெனரியொ ஒண்டெ ரோகு3,Suspicion is a disease,சந்தேகம் என்பது ஒரு நோய்
ஸெந்தே3வ் பொடெ3த்தெகொ3 நிம்மள் ர்ஹானா,The suspect will have no peace,சந்தேகப்படுபவனுக்கு நிம்மதி இருக்காது
தெ2வ்டெ3 தெனு ஸதா2 தெல்பிலேத் ர்ஹானு,Some will always tease,சிலர் எப்போதும் கிண்டல் செய்வார்கள்
ஒள்டு3னுக் கெள்சினி கெரன் ஹோனா,We should not tease the elderly,வயதானவர்களை நாம் கிண்டல் செய்யக்கூடாது
ரூபு கெள்சினி கெரஹோனா,Should not do body shaming,உருவ கேலி செய்யக்கூடாது
பா3 கா3ள் அய்கன் ஸெக்குனா,Can't hear Dad's reprimands,அப்பாவின் திட்டுகளை கேட்க முடியாது
ஶாந்திகன் ர்ஹாத்தெங்கொ3 போ3ல்கா3ள் ர்ஹானா,Those who are quiet will have no blasphemy,அமைதியாக இருப்பவர்களுக்கு நிந்தனை இருக்காது
ஹீனவாக் வம்ஶமுக் நஸ்தயி,Blasphemy will destroy the clan,நிந்தனை குலத்தை அழித்துவிடும்
தி4ல்லொஹொயெ சால்சலன் ஹால் தெனொ துருங்கா3க் ஜியெஸி,He went to jail for despicable behavior,இழிவான நடத்தைக்காக அவன் சிறைக்கு சென்றான்
பில்லல்னு கொ2ப3ட் ந்ஹீத்தெனுன்,Children are not deceitful,குழந்தைகள் வஞ்சகம் இல்லாதவர்கள்
கொ2ப்3பி3ம் கண்டிகின் ஜிவத்தக் முஸுனா,You can never live cheating,எப்போதும் ஏமாற்றி வாழ முடியாது
ஶகுனி ஒன்ச்லாக் நாவ் பொடெ3த்தெனு,Shakuni is notorious for deception,சகுனி வஞ்சகத்திற்கு பெயர் பெற்றவர்
அமி கொங்கினாக் வஞ்சனொ கெரன் ஹோனா,We should not cheat anyone,நாம் யாரையும் ஏமாற்றக் கூடாது
எச்சட3த்தெ நியம் அனுஸார் பொரொ ஹோயி,Cheating is a crime under the law,ஏமாற்றுவது சட்டப்படி குற்றம்
வீர் ஆரோக்3யமுக்கின் பா4க்3கி3க் நஸ்தயி,Hostility can ruin health and wealth,விரோதம் உடல் நலத்தையும் செல்வத்தையும் கெடுத்துவிடும்
த3தொ3 பை4னும் நிஷ்டுல் ஸே,There is a dispute between the brothers,சகோதரர்களுக்குள் தகராறு உள்ளது
தூ ஏட் தெகு3ரால் கெரத்தக் அவெயொயா?,Did you come here to argue?,நீ இங்கு வாதம் பண்ண வந்தாயா?
"மல்லினிக் ஜா ஹோனா, அவெ மல்லினிக் ஸொடொ3 ஹோனா","Don't go to fight, don't leave the fight","சண்டைக்கு போகக்கூடாது, வந்த சண்டையை விடக்கூடாது"
ஶுனாக்கின் மஞ்ஜிரிக் ஶத்ருப்பன் ஸே,Dog and cat have enmity,நாய்க்கும் பூனைக்கும் பகை உண்டு
பா3ப் ராகு3ம் பெடா3க் கனஸுல் பு4ஞ்யாஸி,The father slapped his son in anger,தந்தை கோபத்தில் மகனை அறைந்தார்
வத்4யொ கெரத்தெ பஞ்சமஹா பாவுனும் ஒண்டெ,Murder is one of the five major sins,கொலை செய்வது ஐம்பெரும் பாவங்களில் ஒன்று
ராஜிவ் கா3ந்தி4க் ஹனிமர்த்தியா,Rajiv Gandhi was assassinated,ராஜீவ் காந்தி படுகொலை செய்யப்பட்டார்
ஆத்மவத்4யொ கெர்லத்தெகா3 ஆத்மொ ஶாந்தி ஹோனா,The soul of the person who commits suicide will not attain peace,தற்கொலை செய்து கொள்பவரின் ஆன்மா சாந்தி அடையாது
பரு ஜீவுனுக் மரத்தெ பாவ்,Killing other lives is a sin,பிற உயிர்களை கொல்லுதல் பாவம்
ராணு மூகு3ன் பூ4குக் து3ஸுரெ ஜீவுனுக் மொரட3த்தெ பாப் மெனானா,It is not a sin for wild animals to kill other animals for hunger,வன விலங்குகள் பசிக்காக மற்ற விலங்குகளைக் கொல்வதை பாவம் என்று சொல்ல முடியாது
ப4ராடு3ம் மொரட்3கன் சல்னகொ3,Don't be rude outside,வெளியில் முரட்டுத்தனமாக நடந்து கொள்ளாதே
த4க்கிலே கொ2ப்3பி3ம் மர்மரிலேத் ர்ஹாயி,Coward always murmurs,கோழை எப்போதும் முணுமுணுத்துக் கொண்டேயிருப்பான்
பி2ரி பி2ரி கெரத்தெ க்லிஸேகன் ர்ஹாயி,Repeating can be boring,திரும்பத் திரும்பச் செய்வது சலிப்பாக இருக்கும்
பில்லல்னு ஹடம் தெ4ரி ரொட3னு,Children will fuss and cry,குழந்தைகள் வம்பு செய்து அழுவார்கள்
தெனொ அபுல் நிஸ்கனாம் தெ4ர்ணிகன் ஸே,He is stubborn in his decision,அவன் தன் முடிவில் பிடிவாதமாக இருக்கிறான்
ஈர்ஷொ ஸேத்தெகொ3 நீஞ்ஜு அவ்னா,He who is jealous will not fall asleep,பொறாமை கொண்டவனுக்கு தூக்கம் வராது
கௌரி மொன்னு மொச்சர் ஹால் பொ4ரி ர்ஹாயி,The minds of the wicked are filled with envy,துன்மார்க்கரின் மனம் பொறாமையால் நிறைந்திருக்கும்
அஸூயொ ஒண்டெங்கா3 பா4க்3கி3க் தி3ஜட3யி,Envy wears out one's wealth,பொறாமை ஒருவரின் செல்வத்தைக் குறைக்கும்
து3ஸுரெதெங்கொ3 ஸீகின் பொட்ஜாள் பொட3ஹோனா,Should not be jealous of others,அடுத்தவர்களை பார்த்து பொறாமைப் படக்கூடாது
தெ2வ்டெ3தெனு பொட்ஜளி பொடி3 மொரஸுன்,Some die of jealousy,சிலர் பொறாமையால் இறக்கின்றனர்
து3ஸுரெதெங்கா3 ஹொடி3னி ஸீகின் ஹுப்ளொ பொட3ஹோனா,Should not be jealous of the other's growth,அடுத்தவரின் வளர்ச்சியைக் கண்டு பொறாமை கொள்ளக்கூடாது
ராக் மொத3ம்கன் மர்ச்சய்ய ஹோனா,Anger should not turn into mania,கோபம் வெறியாக மாறக்கூடாது
மொகொ3 கோ3ஸ் ஹிம்ஸொ கெர்னகொ3. தெனொ அபுல் மாயிக் ஹிம்ஸொ கெரரஸ்,Do not bother me often. He is harming his mother,என்னை அடிக்கடி தொந்தரவு செய்யாதே. அவன் தன் தாய்க்கு தீங்கு செய்கிறான்
ஜனிஅவ்னி ஸெரொ ம்ஹொட்டொ உத்3த3ம்கன் ஸே,It is a major trouble with the traffic,போக்குவரத்துடன் பெரும் தொந்தரவாக உள்ளது
அஸ்கிதெகொ3 தொரணும் ஹிப்3ப3த்தெ ஒண்ட்டெ உபத்3ரவொ,Standing in queue for everything is a nuisance,எல்லாவற்றிற்கும் வரிசையில் நிற்பது ஒரு தொல்லை
கோன் இஸனி ஹனி து3க்கடெ3யொ?,Who hit and hurt like this?,யார் இப்படி அடித்து காயப்படுத்தியது?
தூ மொரெ பா4வனாக் பா3தொ3 கெரரஸ்,You are hurting my feelings,நீ என் உணர்வுகளை புண்படுத்துகிறாய்
கெ3ருவ் ஸேத்தெகொ3 த4னம் முஜுன் தே3யி,Wealth gives bad qualities to the arrogant person,கர்வமுள்ளவனுக்கு செல்வம் கெட்ட குணங்களைத் தரும்
தி3ன்னு தெ3க்கட்ணின் பு4லோக் பூராக் ஒண்டே தா4னுக் வௌரினி பொட3ரஸ்,Calendars are used uniformly around the world,நாட்காட்டிகள் உலகம் முழுவதும் ஒரே மாதிரியாகப் பயன்படுத்தப்படுகின்றன
ஸொளொபா2ரும் சலத்தெ ஆங்கு3 ஆரோக்3யமுக் சொக்கடு3,Walking in the morning is good for health,காலையில் நடைபயிற்சி செய்வது உடல் நலத்திற்கு நல்லது
து4வாரி நிஞ்ஜத்தெ ஆங்கு3 ஆரோக்3யமுக் சொக்கட் ந்ஹா,Sleeping in the afternoon is not good for health,மதியம் தூங்குவது உடல் நலத்திற்கு நல்லதல்ல
ஹூனு கலமு தீ3ஸு வேள் வேன் ர்ஹாயி,Daylight hours are longer in summer,கோடையில் பகல் நேரம் அதிகமாக இருக்கும்
விஸந்து3லொ தி3வொ பொ4வ்ரி பாய்ஞ்பொட்3னொ,"At dusk, light a lamp and pray",அந்தி சாயும் போது விளக்கேற்றி பிரார்த்தனை செய்ய வேண்டும்
பிள்ளல்னு வீள்டாக் சொவ்து3னொ,Children should study in the evening,குழந்தைகள் மாலையில் படிக்க வேண்டும்
ராதும் தமஸ் பொடி3 கா2 ஹோனா,Do not eat late at night,இரவில் தாமதமாக சாப்பிடக்கூடாது
நிஸ்லாம் ஜு2க்கு ஜீவுனுன் நிஞ்ஜஸு,Most living beings sleep at night,இரவுப்பொழுதில் பெரும்பாலான ஜீவ ராசிகள் உறங்கும்
ஹிந்தா3 தி3னாங்கு காயொ?,What is today's date?,இன்றைய தேதி என்ன?
பொ3ண்டி3ம் பு4லோகுக் சுட்டு பி2ரி அவத்தக் ரமாரமி 20 தி3ன்னுன் லக3யி,It takes about 20 days to get around the world by car,காரில் உலகை சுற்றி வர சுமார் 20 நாட்கள் ஆகும்
தி3ன்னுவார் தி3ன்னு ஸொளொபா2ர் ஹுடி3 ஆங்கு3 து4வொ,Get up early on an auspicious day and take a bath,நன்னாளில் அதிகாலையில் எழுந்து குளிக்கவும்
அமி நிச்சு ஸமாசார்பத்ரொ சொவ்து3னொ,We should read news paper daily,நாம் தினமும் செய்தித்தாள் படிக்க வேண்டும்
ஹிந்தொ3 விளுக்கு விஜிலி ர்ஹானா,There will be no electricity all day today,இன்று நாள் முழுவதும் மின்சாரம் இருக்காது
விளந்து பொவ்ஸ் பொட்3லேத் ஹொதெ3ஸ்,It had been raining throughout the day,நாள் முழுவதும் மழை பெய்து கொண்டிருந்தது
ஒண்டெ வார் மெனரியொ ஸாத் தி3ன்னுன் மிளயொ,A week means 7 days,ஒரு வாரம் என்பது 7 நாட்களைக் கொண்டது
வாருவார் ஸில்லா பெடிக் ஸுத்3த4ம் கெர்னொ,Clean the refrigerator weekly,வாரந்தோறும் குளிர்சாதன பெட்டியை சுத்தம் செய்ய வேண்டும்
ஸொமாருக் செந்தா3மு நாவு ஹால் பொ3வராஸ்,Monday is named after the Moon,திங்கட்கிழமை சந்திரனின் பெயரால் அழைக்கப்படுகிறது
த3க்ஷிண பா4ரதும் மொங்க்3ளார் ஒண்டெ சோட் தி3ன்னு ந்ஹா,"In South India, Tuesday is not an auspicious day",தென்னிந்தியாவில் செவ்வாய் ஒரு நல்ல நாள் அல்ல
பு3த்4யவார் வித்3யா ஹர்ம்ப3ம் கெரத்தக் விஶேஷ் ஹொயெ தி3ன்னு,Wednesday is a great day to start education,புதன் கல்வியைத் தொடங்க சிறந்த நாள்
ஸாய் பா3பா3 ப4க்துனுக் பெ3ஸ்தார் விஶேஷ் ஹொயெ தி3ன்னு,Thursday is a special day for Sai Baba devotees,சாய் பாபா பக்தர்களுக்கு வியாழக்கிழமை சிறப்பான நாள்
ஜு2கு3 தெனு ஶுக்ரார்தி3 ஒக3த் ர்ஹாஸுன்,Many fast on Fridays,பலர் வெள்ளிக்கிழமைகளில் விரதம் இருப்பார்கள்
ஶென்வ்யார்தி3 ந்ஹவன் க4ல்லத்தெ சொக்கடு3,It is good to take oilbath on Saturday,சனிக்கிழமை எண்ணெய் தேய்த்துக் குளிப்பது நல்லது
ஐதார்தி3 அஸ்கி தேட் அவ்காஸ் தி3ன்னு,Sunday is a holiday everywhere,ஞாயிற்றுக்கிழமை எல்லா இடங்களிலும் விடுமுறை நாள்
கால் தெ4ரி விசார் பொடொ3 ஹோனா,Do not worry about yesterday,நேற்றைப் பற்றி கவலைப்பட வேண்டாம்
ஹிந்தொ3 மீ உஜெ தி3ன்னு,Today is my birthday,இன்று நான் பிறந்த நாள்
ஸொந்தொ3 காய் சலன் ஜாரியொ மெனி கொன்னி தெங்கொ3 களானா,No one knows what is going to happen tomorrow,நாளை என்ன நடக்கப் போகிறது என்பது யாருக்கும் தெரியாது
ஸொந்த்3ரொ மெனெத்தெ நொம்க்கெ ஸீ,Tomorrow is only a hope,நாளை என்பது ஒரு நம்பிக்கை மட்டுமே
பொரம் மொரெ த3தொ3 அவனு,My brother will come day after tomorrow,நாளை மறுநாள் என் அண்ணன் வருவார்
தெரம் ர்ஹீ பொள்டமுன் ஹுட3ராஸ்,Schools open 4th day from today,நாளை மறுநாளுக்கு மறுநாள் முதல் பள்ளிகள் திறக்கின்றன
தெத்தெரம் மீ கா3முக் ஜாரியொ,"5th day from today, I am going to town",இன்றைக்கு 5 வது நாள் நான் ஊருக்கு போகிறேன்
கால் ர்ஹீ தெக3 தெத்தெரம் லெந்து ஸாத் தி3ன்னுன் ஹோஸு,There are a total of seven days from yesterday to the 6th day today,நேற்றிலிருந்து இன்றைக்கு 6 வது நாள் வரை மொத்தம் ஏழு நாட்கள் ஆகும்
பு2ள்ளந்தி3 கெரெ குட்கிரி விட்டய்யொ,The curry made on the previous day was spoiled,முந்தைய நாள் செய்த கூட்டு கெட்டுப்போனது
ஹொராடு3க் முல்லந்தி3 தி3ன்னுகு தெ3வ்கா3ஸ் மெனன்,The day previous to wedding is called as Devgas,திருமணத்திற்கு முந்தைய நாள் தெவ்காஸ் என்று அழைக்கப்படுகிறது
பொவ்2ஸ் பொடெ3 து3ஸுரந்தி3 கொட்டி விஜிலி ந்ஹீ,The next day after the rain there was no electricity anywhere,மழை பெய்த மறுநாள் எங்கும் மின்சாரம் இல்லை
ப2ல்லந்தி3 தெனொ சுரும் கே4ர் ஜியெஸி,The other day he went home early,மற்றொரு நாள் அவன் சீக்கிரம் வீட்டுக்குப் போனான்
24 கெ4டி மிளின் ஒதி3 ஹோஸு,24 hours make a day,24 மணி நேரம் சேர்ந்து ஒரு நாள் ஆகிறது
பு4ய்ஞ் அபுலானுக் சுட்டு பி2ர்லத்தக் ஒண்டெதி3 லக3யி,It takes for the earth to revolve around itself,பூமி தன்னைத் தானே சுற்றிக்கொள்ள ஒரு நாள் ஆகும்
அத்தொ அஸ்கி ஹொராட் ஒண்டெதி3ம் முஜ்ஜாரஸ்,Nowadays marriage ends in a day,இப்போதெல்லாம் திருமணம் ஒரு நாளில் முடிந்துவிடுகிறது
தெனு கா3மு அவி தி3ஸின் ம்ஹடொ3 ஹொய் ர்ஹாய்,It may have been two or three months since he came to town,அவர் ஊருக்கு வந்து இரண்டு மூன்று மாதங்கள் ஆகியிருக்கலாம்
தி3ஸிந்தி3 ஆங்கு3 ஹுன்னொ ர்ஹாயி,"There will be fever for two, three days","இரண்டு, மூன்று நாட்களுக்கு காய்ச்சல் இருக்கும்"
மீ தொகொ3 ஸீ சர்பாஞ்ஜு ஒர்ஸுன் ர்ஹாய்யா?,Will it be four or five years since I saw you?,நான் உன்னை பார்த்து நான்கைந்து வருடங்கள் இருக்குமா?
அங்கு3 சர்பான்தி3க் பொவ்ஸ் பொடை3,It will rain for another four to five days,இன்னும் நான்கைந்து நாட்களுக்கு மழை பெய்யும்
ஜு2கு3 காலு முது3ல்லொ ஹொராட் பான்தி3 சலெஸ்,The wedding was celeberated for five days long time ago,நீண்ட காலத்திற்கு முன்பு திருமணம் ஐந்து நாட்கள் நடந்தது
பான்தி3ம் த4னகே4ரும் ர்ஹீ ரீண் அப்3பி3டி3யொ,I got a loan from the bank in five days,ஐந்து நாட்களில் வங்கியில் கடன் கிடைத்துவிட்டது
தெ3ஸ்தி தெந்து3ஸ் கெரரியொ காம் வேன் விஶேஷ் மெனி ஹிந்து3 ஶாஸ்தர் ஸங்க3ரஸ்,Hindu scriptures state that the thing to be done on the tenth day is very important,பத்தாவது நாள் செய்யப்படும் காரியம் மிக முக்கியமானது என்று இந்து சாஸ்திரம் சொல்கிறது
வியார்தி3 லெந்து தௌ4ராக் ஜா ஹோனா,Should not go to the temple for eleven days,பதினோரு நாட்கள் வரை கோயிலுக்கு போகக் கூடாது
பா3ர்தி3 தெந்து3ஸ் ந்ஹவன் க4ல்லியெ ப2ராது அண்டு ஹிட்டயி,The defilement ends after taking oil bath on the twelfth day,பன்னிரண்டாம் நாள் அன்று எண்ணெய் தேய்த்து குளித்த பிறகு தீட்டு நீங்கும்
ஏகாத3ஸி தெந்து3ஸ் ஒக3த் ர்ஹாத்தெ சொக்கடு3,Fasting on the day of Ekadashi is good,ஏகாதசி அன்று விரதம் இருப்பது நல்லது
ஒண்டெ ஒர்ஸும் பா3ர் ம்ஹடா3ன் ஸே,There are 12 months in a year,ஒரு வருடத்தில் 12 மாதங்கள் உள்ளன
மஸரவ் தெந்து3ஸ் மென்க்யான் தௌ4ராக் ஜாராஸ்,People go to the temple on the first day of the month,மாதப்பிறப்பு அன்று மக்கள் கோயிலுக்குச் செல்கிறார்கள்
அமாஸ் தெந்து3ஸ் பித்ருனுக் தர்பண் தே3னு,Tarpanam will be given to the Pitrus on the new moon,அமாவசை அன்று பித்ருகளுக்கு தர்ப்பணம் கொடுப்பார்கள்
புண்ணிம் தெந்து3ஸ் மென்க்யான் தொ3ங்க3ர் சுட்டு ஜாஸுன்,"On the full moon people ""walk around the hill""",பௌர்ணமி அன்று மக்கள் கிரிவலம் செல்கின்றனர்
பட்3வொ சோட் தி3ன்னு ந்ஹா,The day next to full moon is not an auspicious day,பாட்டிமை நல்ல நாள் அல்ல
பவ்டொ3 தெந்து3ஸ் கொன்னி சோட் காமுன் கெர ஹோனா,No auspicious thing is done on the day after the new moon,பாட்டிமை அன்று எந்த நல்ல காரியமும் செய்யப்படுவதில்லை
பிரபா4வதிம் ஹர்ம்ப3ம் ஹொயி ஸாட் ஒர்ஸுன் ஸே,There are sixty years starting from Prabhavathi,பிரபாவதி தொடங்கி அறுபது வருடங்கள் உள்ளன
சிரபுஞ்ஜிம் ஒர்ஸுதிஸு பொவ்ஸ் பொட3யி,Cherrapunji receives rainfall throughout the year,சிரபுஞ்ஜியில் ஆண்டு முழுவதும் மழை பெய்யும்
சித்திரை 1 க் தமிழ் ஒர்ஸு மஸவரவ்கன் மட3ராஸி,Chittirai 1st is celeberated as Tamil new year,சித்திரை 1ம் தேதி தமிழ் வருடப்பிறப்பாக கொண்டாடப்படுகிறது
ஜனவரி 1 க் பொ2ருங்கி நொவ்வொ ஒர்ஸுகன் மட3ராஸி,January 1st is celeberated as English new year,ஜனவரி 1ஆம் தேதி ஆங்கிலப் புத்தாண்டாகக் கொண்டாடப்படுகிறது
கே3காலு அனுப4வமுக் ஹவ்ட3ன் ஜவள்ள ஹோனா,Past experience should not be forgotten,கடந்தகால அனுபவத்தை மறக்கக் கூடாது
கே3வால் ஸொகன் என்வால் மெல்லொ ஹவ்ட3ன் ஜானா,Like last time this time will not be forgotten,சென்ற முறை போல் இந்த முறையும் மறக்காது
என்வால் கோன் தே3ஶுக் ஜியென் மெனி ஸங்கி3,Tell me which country to go to this time,இம்முறை எந்த நாட்டிற்கு போகலாம் என்று சொல்
ஹொல்லொவால் சுரும் ஜனொ,Next time should go soon,அடுத்த முறை சீக்கிரம் போக வேண்டும்
கே3வொர்ஸு லண்ட3னும் ஹொத்3யாஸ்,We were in London last year,கடந்த வருடம் லண்டனில் இருந்தோம்
ஹொல்லொவொர்ஸு மஹாவித்3யாலயா சொவ்து3 முஸட3ரிஸ்,She is finishing college next year,அடுத்த வருடம் கல்லூரி படிப்பை முடிக்கிறாள்
ஸுரிது பரிவாரும் புளூட்டோ ஜதொ ஆட் கி4ரால்னுன் ஸே,The Solar System has Eight Planets excluding pluto,சூரிய குடும்பத்தில் புளூட்டோவைத் தவிர எட்டு கோள்கள் உள்ளன
"செந்தா3ம் பூ4ய்ஞிர் ர்ஹீ 385,000 கி.மீ தூ3ரும் ஸே","The Moon is at about a distance of 385,000 km from the Earth","சந்திரன் பூமியில் இருந்து சுமார் 385,000 கி.மீ தொலைவில் உள்ளது"
கி3ல் ஹுஜால் தே3ஸு,The moon gives light,சந்திரன் ஒளி தருகிறது
சாந்து3 ஹுஜால் ஸில்லொ ர்ஹாஸு,The light of the moon is cool,நிலவின் ஒளி குளிர்ச்சியானது
செந்தொ3 ஹுஜாலும் ராஜ்ஜெமன் க2யென்,Let's have a dinner in moonlight,நிலவொளியில் இரவு உணவு சாப்பிடுவோம்
ஸுரிது ம்ஹத்3தி3 ஹுன்னொ ரமாரமி 50 லெக்கு டி3கி3ரி செல்சியஸ் ஹோஸு,Sun's core temperatures is about 5 million degrees C,சூரியனின் மைய வெப்பநிலை சுமார் 50 லட்சம் டிகிரி செல்சியஸ் ஆகும்
கிரண் நேர்கி3தாம் ஒண்ட்டேஸ் ஸார்வொ கெரஸு,The ray of light travels in straight line only,ஒளிக்கதிர் நேர்கோட்டில் மட்டுமே பயணிக்கிறது
ப4ராடு நிளா கிரண் மெனிகு கெண்டா3க் ஹீன் கெரயி,UV light can damage the human skin,புற ஊதா ஒளி மனித தோலை சேதப்படுத்தும்
பி4த்தரு ல்ஹொவா கிரணுன் தூ3ருநியந்த்ராம் உபயோக்3 பொட3ஸு,Infrared rays are used in remote controls,அகச்சிவப்பு கதிர்கள் தூர இயக்கிகளில் பயன்படுத்தப்படுகின்றன
"ஸுரிது கிரண் ஸுரித் ர்ஹீ பூ4ய்ஞ்யிக் அவி செரத்தக் ரமாரமி 8 நிமுஷ், 20 சிடு3க் லக3யி",Sunlight takes an average of 8 minutes and 20 seconds to reach from Sun to the earth,சூரிய ஒளியானது சூரியனிலிருந்து பூமியை அடைய சராசரியாக 8 நிமிடங்கள் மற்றும் 20 வினாடிகள் ஆகும்
ஸொளொபா2ரு ஸுரிது ஹுஜால் ஆங்கு3 ஆரோக்3யமுக் சொக்கடு3,Morning sunlight is good for health,காலை சூரிய வெளிச்சம் உடல் நலத்திற்கு நல்லது
தெ2வ்டெ3வேள் அகாஸும் ஸுரிது சுட்டூர் ஒண்டெ பரிளிக் ஸவாயி,Sometimes we can see a halo around the sun in the sky,சில நேரங்களில் வானத்தில் சூரியனைச் சுற்றி ஒரு ஒளிவட்டத்தைக் காணலாம்
ஸுரித் தீ3ஸும் உத்3கி3ரஸு,The Sun shines during day time,சூரியன் பகலில் பிரகாசிக்கிறது
ஜர்க்யம் பானும் லெக்3கு3னு முக்யம்ஹொயெயொ,"In the horoscope, Ascendant is important",ஜாதகத்தில் லக்னம் முக்கியமானது
ஸுரிது பூ4ய்ஞ்யிக் லொகு3த்தொ ஸேத்தெ நெட்ஷத்ரு,The Sun is the closest star to Earth,சூரியன் பூமிக்கு மிக அருகில் உள்ள நட்சத்திரம்
அஸ்வினிம் ஹர்ம்ப3ம் ஹொயி பூ4ய்ஞ் சுட்டூர் 27 நக்ஷத்ருன் ஸே,"Starting from Aswini, there are 27 stars around earth",அஸ்வினியில் தொடங்கி பூமியைச் சுற்றி 27 நட்சத்திரங்கள் உள்ளன
வூடுனுக் ராதும் ஒண்ட்டேஸ் ஸாத்தக் முஸையி,The stars can only be seen at night,நட்சத்திரங்களை இரவில் மட்டுமே பார்க்க முடியும்
சுக்கான் ஜுல்னா,Stars don't twinkle,நட்சத்திரங்கள் மின்னுவதில்லை
பா2ருசுக்கொ அவ்ரெ ஸுரித் ஸொம்மர் 50 கு3ண் ம்ஹொடொ3யொ,Polar star is around 50 times bigger than our sun,துருவநட்சத்திரம் நமது சூரியனை விட 50 மடங்கு பெரியது
ஒண்டொண்டெ தே3ட் ஒர்ஸுனுக் ஒண்டெவால் ஒண்டெ பூரண கி4ராண் தெ4ரஸு,"Every one and a half years, one total eclipse happens",ஒவ்வொரு ஒன்றரை வருடங்களுக்கும் ஒரு முழு கிரகணம் ஏற்படுகிறது
மெனிக் ராகு3ம் அபுல் ர்ஹத்த ஸ்வரூப் தெ3க்கட3ஸு,Man shows his true nature in anger,மனிதன் கோபத்தில் தன் உண்மையான இயல்பை காட்டுகிறான்
மெனிக் மெல்லொ ஸ்ருஷ்டிம் ஒண்டெ பா4கு3 ஹோஸு,Humans are also a part of nature,மனிதர்களும் இயற்கையின் ஒரு பகுதியே ஆவர்
நைஸர்கி3க பொ3லம் மெனரியொ கி4ரால்னுக் ஸேத்தெ நிஸெர்க3 பொ3லமு,Naisargika strength is the natural strength of the planets,நைசர்கிக பலம் என்பது கிரகங்களின் இயற்கை பலம்
"2001 ம் கு3ஜராதும் பூ4ஜ் பூ4கம்பாம் 20,800 தெனு மொஜ்ஜா","20,800 people died in the Bhuj earthquake in Gujarat in 2001","2001-ல் குஜராத்தில் பூஜ் பூகம்பத்தில் 20,800 பேர் இறந்தனர்"
"அகாஶு கெ3ங்கொ3 மெந்தொ நெட்சத்ருனு, ஜெஜ்ஜுனு, வாயுனு செரெ மஹா செர்னி","The Milky Way is a huge collection of stars, dust and gas","பால்வீதி என்பது நட்சத்திரங்கள், தூசி மற்றும் வாயு ஆகியவற்றின் மிகப்பெரிய தொகுப்பாகும்"
விஶ்வமு ஜு2கு3 அகாஶு கெ3ங்கா3ன் ஸே,There are many galaxies in the universe,பிரபஞ்சத்தில் பல விண்மீன் திரள்கள் உள்ளன
ரோக்3 ந்ஹாத்த ஜித்ரவுஸ் ம்ஹொட்டொ ஸம்பத்து,A disease-free life is great wealth,நோயற்ற வாழ்வே பெரிய செல்வம்
ரோக்3கெரி அகா3ரும் திக்கெ செர்ச்ச ஹோனா,Do not add chilli to the patient's diet,நோயாளியின் உணவில் காரத்தைச் சேர்க்கக் கூடாது
மீ ஸௌர்யம்கன் ஸே,I am fine,நான் நலமாக இருக்கிறேன்
பா3 ஆங்கு3 ஸௌர்யம் கோனக் ஸே?,How is Dad's health?,அப்பாவின் உடல் நலம் எப்படி உள்ளது?
ஸௌர்யம் உன்னொஹால் தெனு கலம் ஹொய்யா,He passed away due to ill health,உடல்நலக்குறைவு காரணமாக அவர் காலமானார்
தெனு ரொவ்வொதி3 தொகன் ஸௌர்யம் ந்ஹாத்தக் ஸே,He has been unwell for some time,அவர் சில காலமாக உடல்நலம் சரியில்லாமல் இருக்கிறார்
தெனு ஸோ ம்ஹடொ3 தொகன் கர்கரோக்3 சிகித்ஸாம் ஸேத்தெ,He has been on cancer treatment for the past six months,அவர் கடந்த ஆறு மாதங்களாக புற்றுநோய் சிகிச்சையில் உள்ளார்
தெங்கொ3 கு3ண்டென் து3ன்னொ அவி அய்து3சிகித்ஸொ கெர்னொ பொள்டி3யொ,He had a heart attack and had to undergo surgery,அவருக்கு மாரடைப்பு ஏற்பட்டு அறுவை சிகிச்சை செய்ய வேண்டியதாயிற்று
ரூபு சிகித்ஸொ வாட் தெனொ நாகு ரூபுக் மர்ச்சிலிஸ்,She changed the shape of her nose with plastic surgery,நெகிழி அறுவை சிகிச்சை மூலம் தன் மூக்கின் வடிவத்தை மாற்றினாள்
"பத்2யம் மெந்தொ ரோக்3கெரின் க2ன ஹோரியொ, கா2 ஹோனா அகா3ரு",Diet means the foods that patients can and should not eat,பத்தியம் என்பது நோயாளிகள் சாப்பிடக்கூடிய மற்றும் சாப்பிடக்கூடாத உணவுகள்
அவ்ரெ ஸம்ஸ்க்ருதிம் அகாருஸ் ஹொகத்கன் ஸே,Food itself is medicine in our culture,நம்முடைய கலாசாரத்தில் உணவே மருந்தாக உள்ளது
எல்லெ கொ3ளி பா4த் க2யெ ப2ராது க2னொ,This pill should be taken after food,இந்த மாத்திரை சாப்பாடு சாப்பிட்ட பின் எடுக்க வேண்டும்
வேன் காம் ஆங்கு3 து3னொ கெரயி,Excessive work can cause physical pain,அதிக வேலை உடல் வலியை ஏற்படுத்தும்
தொகொ3 மெனி அவத்தவேள் காய் து3க்கனி து3க்காஸ்?,"How does it ache, when it comes to you?",உனக்கென்று வரும்போது என்ன வலி வலிக்கிறது?
தொஸ்கா து3க்னொ பூரா தி3ன்னுக் நஸடை3,Headache spoils the whole day,தலைவலி முழு நாளையும் கெடுக்கும்
தா3த் து3வுனாக் தக்ஷணம் சிகித்ஸொ க2ல்லுனொ,You should take treatment for Toothache immediately,பல்வலிக்கு உடனடியாக சிகிச்சை எடுக்க வேண்டும்
போட் து3ன்னொ ஹால் மீ அவ்காஸும் ஸேத்தெ,I am on leave due to abdominal pain,வயிற்று வலி காரணமாக நான் விடுமுறையில் இருக்கிறேன்
பொள்ளாம்போ3 போடு உஷ்ணுக் வேன் கெரயி,Mango increases stomach heat,மாம்பழம் வயிற்றுச் சூட்டை அதிகரிக்கும்
தெ4ய்ஞ்பனி ஊஷ்டுக் உன்ன கெரயி,Buttermilk reduces stomach heat,மோர் வயிற்றுச் சூட்டை குறைக்கும்
பொ2ன்னிஸு பொள்ளொ ஜு2க்கு க2யெத் போட்து3ன்னொ அவயி,Eating too much Jackfruit can cause stomach pain,பலாப்பழத்தை அதிகம் சாப்பிட்டால் வயிற்று வலி ஏற்படும்
ஒஜனானுனுக் காபி பியெத் போட் முரடா3யி,"For some people, coffee upsets their stomach",சிலருக்கு காபி குடித்தால் வயிற்றை கலக்கும்
திக்கெ வேன் க2யெதி3 ஹக்3கு3னொ ஹோயி,Eating too much spicy can cause diarrhoea,காரம் அதிகம் சாப்பிட்டால் வயிற்றுப்போக்கு உண்டாகும்
மல ப4ந்தி3னி ஸேத்தெனு பனி ஜு2க்கு பெனொ,Constipated people should drink plenty of water,மலச்சிக்கல் உள்ளவர்கள் நிறைய தண்ணீர் குடிக்க வேண்டும்
வேன் ஸில்லொஹால் கான் து3ன்னொ அவயி,Excessive cold can cause ear pain,அதிகப்படியான குளிரால் காது வலி வரும்
கெ4ட்டியொ காய்தி சவெதி3 தா3த் து3ன்னொ அவயி,Biting a hard one can cause toothache,கடினமான ஒன்றைக் கடித்தால் பல்வலி ஏற்படலாம்
அம்பு3லொ க2யெத் தா3த் அம்பு3லாயி,Eating gooseberry can cause tooth sensitivity,நெல்லிக்காய் சாப்பிட்டால் பல் கூச்சம் ஏற்படும்
வேன் ஹூனும் ஹிண்டெ3த் தொ3ஸ்கொ து3ன்னொ அவயி,Wandering in the hot sun can cause headache,கடும் வெயிலில் அலைந்தால் தலைவலியை உண்டாக்கும்
கு3ண்டெ3க் ஜாரியொ ரெக3த் ர்ஹியெவாகுர் ஹிப்3பி3 ர்ஹாத்தவேள் கு3ண்டெ3ன் து3ன்னொ அவஸு,A heart attack happens when blood flow to the heart suddenly becomes blocked,இதயத்திற்கு செல்லும் இரத்த ஓட்டம் திடீரென தடைபடும்போது மாரடைப்பு ஏற்படுகிறது
ஸெக்கர் ரோக்3கெரின் நிச்சு 2 கி.மீ சலத்தெ ப3ரொ,Diabetic patients should walk 2 km daily,சர்க்கரை நோயாளிகள் தினமும் 2 கி.மீ நடப்பது நல்லது
உஞ்சா ரெக3து அவ்ங்கினி ஸேத்தெனு ஸுட்டுனாத்தக் தே3ஹப்4யாஸ் கெர்னொ,People with high blood pressure should exercise regularly,உயர் இரத்த அழுத்தம் உள்ளவர்கள் தொடர்ந்து உடற்பயிற்சி செய்ய வேண்டும்
கு3ட்3கா3ன் து3ன்னொ ஸேத்தெனு க2ல்லொ பி3ஸஹோனா,People with knee pain should not sit on the floor,முழங்கால் வலி உள்ளவர்கள் தரையில் உட்காரக்கூடாது
ராதும் மொஞ்சும் சுட்டு பி2ரெத் தாப் அவயி,Walking in the snow at night causes fever,இரவில் பனியில் சுற்றினால் காய்ச்சல் வரும்
ஆங்கு3 ஹுன்னொ ர்ஹாத்தவேள் ஸில்லொகன் கொன்னி பே ஹோனா,Do not drink anything cold when you have a fever,காய்ச்சல் இருக்கும்போது குளிர்ச்சியாக எதையும் குடிக்கக்கூடாது
ஹெம்பினி ஸேத்தெனு ஜெஜ்ஜும் ர்ஹீ து3தூ3ர் ர்ஹனொ,People with asthma should stay away from dust,மூச்சுத்திணறல் உள்ளவர்கள் தூசியிலிருந்து விலகி இருக்க வேண்டும்
பை2லொ ரொகி3 நாடி3க் ஸவொ,Look at the patient's pulse first,முதலில் நோயாளியின் துடிப்பைப் பாருங்கள்
ம்ஹொடொ3 ரோகு3க் ப3ரொ கெரத்தக் முஸையி,Leprosy can be cured,தொழுநோயை குணப்படுத்த முடியும்
கர்கரோகு3க் ஹர்ம்ப3 ஸ்தரும் ப3ரொ கெரத்தக் முஸையி,Cancer can be cured at an early stage,புற்றுநோயை ஆரம்ப நிலையிலேயே குணப்படுத்த முடியும்
விட்டமின்ஸுனு ஆங்கு3க் க்ஷயமு ர்ஹீ கப3ட3ஸு,Vitamins protect the body from decay,வைட்டமின்கள் உடலை சிதைவிலிருந்து பாதுகாக்கின்றன
க்ஷயரோக்3 கொவ்ஸாக் ஹீன் கெரஸு,Tuberculosis affects the lungs,காசநோய் நுரையீரலை பாதிக்கிறது
கெண்டா3ம் மெலனின் உன்னொ பொடெ3த் ப2ண்டொ3ரோக்3 அவயி,"When the melanin in the skin decreases, Vitiligo occurs",தோலில் மெலனின் குறைந்தால் வெண்குஷ்டம் வரும்
தோன் ப2ண்டொ3 ஹனெத் தெல்லெ ரெகது3 க்ஷயம்கன் ர்ஹவாயி,"If the face is pale, it may be anemia","முகம் வெளிறியிருந்தால், அது இரத்த சோகையாக இருக்கலாம்"
தா3து3 க்ஷயம் ஸேத்தெனு ஸில்லகன் கொன்னி பே ஹோனா,People with tooth decay should not drink anything cold,பல் சொத்தை உள்ளவர்கள் குளிர்ச்சியாக எதையும் குடிக்கக்கூடாது
பி4யாரும் நெஷ்டி அவெஹால் தெனு ஹோங்கு3ந்ஹினாத்தக் கெஷ்டம் பொ3ட3ராஸ்,He is suffering from insomnia due to loss of business,வியாபாரத்தில் நஷ்டம் ஏற்பட்டதால் அவர் தூக்கமின்றி தவித்து வருகிறார்
போடுர் அய்து3சிகித்ஸொ கெரெ ப2ராது தெனு பூ4க்மர்னி ஹால் பா3தொ3 பொ3ட3ராஸ்,He suffers from anorexia after abdominal surgery,வயிற்று அறுவை சிகிச்சைக்குப் பிறகு அவர் பசியின்மையால் அவதிப்படுகிறார்
கோ2ட் ஒண்டெ தெ4ர்னி ரோகு3,Leprosy is an infectious disease,தொழுநோய் ஒரு தொற்று நோய்
பொஸுவாய் ஜு2க்குகன் ஆங்கு3ம் ஒண்டெ பொகடு ஹீன் கெரஸு,Stroke mostly affects one side of the body,பக்கவாதம் பெரும்பாலும் உடலின் ஒரு பக்கத்தை பாதிக்கிறது
தெ3ள்கொ ஆங்கு3 கு3ட்3கா3ன் து3ன்னொ தே3யி,Obesity can cause knee pain,உடல் பருமன் முழங்கால் வலியை ஏற்படுத்தும்
கமால் களஜ்ஜி ந்ஹீ ஜியெத் தெள்ஜிக் ஹீன் கெரஸு,Jaundice affects the liver or gallbladder,மஞ்சள் காமாலை கல்லீரல் அல்லது பித்தப்பையை பாதிக்கிறது
பொன்னங்கி3 ஜு2க்குகன் பில்லல்னுக் அவயி,Mumps mostly affects children,பொன்னுக்கு வீங்கி பெரும்பாலும் குழந்தைகளுக்கு வரும்
கொ4ம்மொ ஒண்டெ பில்லாக் அம்மொ நிகி3ளெதி3 அங்கொ3ண்டெ பில்லாக் மெல்லொ அவயி,"If one child gets chickenpox at home, another child will get it",வீட்டில் ஒரு குழந்தைக்கு சின்னம்மை வந்தால் இன்னொரு குழந்தைக்கும் வரும்
ம்ஹொடொ3 அம்மா ரோக்3 ம்ஹௌஜட்டிரியொ,Smallpox has been eradicated,பெரியம்மை நோய் ஒழிக்கப்பட்டது
தெட்டு ஹூநுகலமு நிகு3ளஸு,Rashes occur during the summer,வேனல் கட்டி கோடை காலத்தில் ஏற்படும்
கஞ்ஜொ வராம் ர்ஹுந்த3ஸு,Measles spreads through the air,தட்டம்மை காற்றில் பரவுகிறது
தெ2வ்டெ3 தெனு ரெக3த் ஸியெத் மூஸொ லயி பொட3ன்,Some people will faint when they see blood,சிலர் ரத்தத்தை பார்த்தால் மயங்கி விழுவார்கள்
பெ3து3ராத்திஸா ஸமாசார் அய்கெத் மூஸல் அவய்,Fainting comes when you hear shocking news,அதிர்ச்சியான செய்தியைக் கேட்டால் மயக்கம் வரும்
ம்ஹளின் பிகுடொ3 ஹால் ஸுவாஸம் கெரஸு,Fish breathe through the gills,மீன்கள் செதில்கள் மூலம் சுவாசிக்கும்
ம்ஹளி தோனு வாட் பனி க2ள்ளி பிங்குடொ3 வாட் ப4ராட் ஸொட3ஸு,The fish takes water from its mouth and expels it through the gills,மீன் தன் வாயிலிருந்து தண்ணீரை எடுத்து செவுள்கள் வழியாக வெளியேற்றுகிறது
கா3யிக் பூஸ் லம்பு3 ர்ஹாயி,The tail of the cow is long,மாட்டிற்கு வால் நீளமாக இருக்கும்
பெ4ண்டுக் புஸிடி3 அக்ரொ ர்ஹாயி,The tail of the goat is short,ஆடுக்கு வால் குட்டையாக இருக்கும்
ஐஸ்து பொ3லம் ஸொண்டிம் ஸே,The strength of the elephant is in the trunk,யானையின் பலம் தும்பிக்கையில் உள்ளது
த3ல்லா ஐஸ்துக் ஒண்ட்டேஸ் த3ந்து ர்ஹாயி,Only male elephants have tusk,ஆண் யானைகளுக்கு மட்டுமே தந்தம் இருக்கும்
தூ3துகா3யினுக் கா3யிகோ3ஷ்டும் ஹொவ்ட3ஸுன்,Dairy cows are reared in cowsheds,கறவை மாடுகளை மாட்டுத் தொழுவத்தில் வளர்ப்பார்கள்
கொ4டா3ன் கோ3ஷ்டும் ஸே,The horses are in the stable,குதிரைகள் தொழுவத்தில் உள்ளன
கே2து ஹுந்தி3ர்னுன் பொ3ந்தொ3 க2னி தெமாம் ஜிவஸு,Field rats dig a hole and live in it,வயல் எலிகள் வளை தோண்டி அதில் வாழும்
ஹுந்தி3ரு லொடா3க் ஹந்த3வ் தௌரமு ஸவாய்,Rat poop can be seen in the kitchen,எலிப்புழுக்கையை சமையலறையில் காணலாம்
பெ4ண்டு லொடி3 களொ ர்ஹாயி,The Goat-droppings will be black,ஆட்டுப்புழுக்கை கருப்பாக இருக்கும்
ஹிமுஸுகலமு லோகர் பிர்ஜனம்கன் ர்ஹாயி,Wool is useful in winter,குளிர்காலத்தில் கம்பளி பயனுள்ளதாக இருக்கும்
ஐஸ்து லொத்3தி3 ஶ்ரேஷ்டு2 ஹொயெ மஸ்து ஹோஸு,Elephant dung makes for excellent compost,யானைச்சாணம் சிறந்த உரமாகிறது
கா3ய் ஸேனும் ர்ஹீ கோப3ர் வாயு அப்3ப3ஸு,Cobar Gas is obtained from cow dung,கோபர் வாயு பசுவின் சாணத்தில் இருந்து பெறப்படுகிறது
கொ4டொ3கின் கெ4த3டு ஒண்டெ க2ரி ஜீவுனுன்,Horse and donkey are single-hoofed animals,குதிரையும் கழுதையும் ஒற்றைக் குளம்பு விலங்குகள்
கொ4டா கு2ரிம் நால் ஹனஸுன்,Horseshoes are nailed to the hoof,குதிரைக்குளம்பில் லாடம் அடிக்கப்படுகிறது
கொ3ருகின் முயி தீ3 கோ2ரு ஜீவுனுன்,Cattle and camels are double hoofed animals,மாடும் ஒட்டகமும் இரட்டைக் குளம்பு விலங்குகள்
கா3ய் ஸொகன் முயிக் மெல்லொ ப2ங்கி3ள கோ2ரு ஸே,The camel has a closed hoof just like the cow,பசுவைப் போலவே ஒட்டகத்திற்கும் மூடிய குளம்பு இருக்கும்
கோ2ரு தி3ஜனாத்தக் ர்ஹாத்தக் நால் ஹனஸுன்,Horseshoe is nailed to avoid wearing of hoof,குளம்பு தேயாமல் இருக்க லாடம் அடிப்பார்கள்
வஜ்ரதி3ட்3டு3 தெ3வ்ஸத்தக் நுக3ஸு,The glue is used for gluing,வச்சிரம் ஒட்டுவதற்கு பயன்படும்
ஶுந்தெ3 கெட்3ஸனும் ர்ஹீ கொ2ள்டி கெரஸுன்,The bag is made from tanned leather,பதனிடப்பட்ட தோலிலிருந்து பை தயாரிக்கப்படுகிறது
"பெ4ய்ஸு ஶிங்கு3ம் ர்ஹீ போனி, பொளி ஆதி3ன் கெரஸுன்",Tumbler and spoon are made from buffalo's horn,"எருமைக்கொம்பிலிருந்து குவளை, கரண்டி ஆகிவற்றை செய்கிறார்கள்"
கே4ர் ஸிங்க3ரத்தக் பீ4தும் ஹரிணு ஶிங்கொ3 ஸொவுண்ட3ட3ஸுன்,Deer horns are mounted on the walls to decorate the house,வீட்டை அலங்கரிக்க சுவர்களில் மான் கொம்புகள் மாட்டுவார்கள்
ஹரிணு ஶிங்க3டொ3 ஒர்ஸுஒர்ஸுக் ஹிட்டிபொடி3 நொவ்வொகன் லக3யி,Deer antlers fall off every year and germinate anew,"மானின் கொம்புகள், ஆண்டுதோறும் விழுந்து புதிதாக முளைக்கும்"
கொ3ருஸிங்டொ3 கௌதுக வஸ்துனுன் கெரத்தக் ஒர்க3ஸு,Cow horn is useful in making decorative items,மாட்டுக் கொம்பு அலங்காரப்பொருட்கள் செய்ய பயன்படும்
கொ3ருகொம்முக் ரெங்கு3 ஹனி ஸிங்க3ருஸுன்,The cow horns are decorated by painting,மாட்டு கொம்பிற்கு வண்ணம் பூசி அலங்கரிக்கின்றனர்
கா3யினுக் அண்சத்தக் த3மொ தக3ஸுன்,The Snout rope are put on to control the cows,மாடுகளை கட்டுப்படுத்த மூக்கணாங்கயிறு போடுகிறார்கள்
பெ4ய்ஸுத3மொ நாகும் தக3ஸுன்,The Snout rope is put on the nostrils,மூக்கணாங்கயிற்றை மூக்கில் போடுகிறார்கள்
பெ3ஸ்களி ஸாபுக் சொரொ ஹோஸு,The frog preys on the snake,தவளை பாம்புக்கு இரையாகிறது
வாகு3 வேட க2ளத்தெமாம் பெ4ளி ஸமர்து2,The tiger is very good at hunting,புலி வேட்டையாடுவதில் மிகவும் திறமையானது
கா3யின் ஸவ்கா3ஸ்கன் லுமஸு,Cows chew the cud leisurely,பசுக்கள் நிதானமாக அசை போடுகின்றன
ஐஸ்து ஒண்டெ பானு ப4க்ஷக்,The elephant is a herbivore,யானை ஒரு தாவர உண்ணி
"வாகு3, ஸிம்ஹொ அஸ்கி பொ4ஸுலா ப4க்ஷகுன்",Tigers and lions are carnivores,"புலி, சிங்கம் ஆகியவை மாமிச உண்ணிகள்"
பாலொ ஒண்டெ ஹப்3பு3 ப4க்ஷக்,The lizard is an insectivore,பல்லி ஒரு பூச்சி உண்ணி
கௌளொ ஒண்டெ ஸர்வ ப4க்ஷக்,The crow is an omnivore,காக்கை ஒரு அனைத்துண்ணி
ஒக்கொக்கொ ஒர்ஸும் தெ2வ்டெ3 கா3ய்கொ3ருனுக் நெஷ்டி பொட3ரஸ்,I lose some cattle every year,ஒவ்வொரு ஆண்டும் சில கால்நடைகளை இழக்கிறேன்
கொ3ல்லர் கொங்கு பஸ்கட் ஜிலேத் ஸே,The milkman is going behind the cow herd,பால்காரர் பசுக்கூட்டத்திற்கு பின்னால் சென்றுகொண்டிருக்கிறார்
பெ4ண்டு3 மந்தா3க் உகொ தெர்மிலி ஜாரஸி,The wolf is chasing the flock of sheep,ஓநாய் ஆட்டு மந்தையைத் துரத்துகிறது
கொ4டா3 ஸவாரிக் ஹேரு பஜெ பொட3ஸு,Horseback riding requires a saddle,குதிரை சவாரிக்கு சேணம் தேவை
கொ4டா3 தொ3ஸ்கொ பிவ்ரத்தக் பௌஸுல் நுக3ஸு,The bridle is used to turn the horse's head,குதிரையின் தலையைத் திருப்புவதற்கு கடிவாளம் பயன்படுகிறது
முயி அபுல் கக்3டாம் மெயம் செர்ச்சி தொவஸு,The camel stores fat in the hump,ஒட்டகம் தன் திமிலில் கொழுப்பை சேர்த்து வைக்கிறது
கா3ய் ஊடா3ம் சார் கொனொ ர்ஹாயி,Cow udder will have four nipples,பசுவின் மடியில் நான்கு காம்புகள் இருக்கும்
கா3ய் ஊதா4க் பிவ்லிகின் தூ3த் ஹெட3ஸுன்,The cow's udder is squeezed to get the milk,பசுவின் மடியை பிழிந்து பால் கறக்கிறார்கள்
கொ3ந்து3ரு ஒண்டெ ஶ்ரேஷ்டு2 ஹொயெ ஜந்துநஸினி ஹோஸு,Cow Urine is an excellent disinfectant,கோமியம் ஒரு சிறந்த கிருமிநாசினி ஆகும்
ஹெம்பினிக் கொ3ரஜ்ஜனொ ஒண்டெ சொக்கட் ஹொகது,Calculus bovis is a good medicine for asthma,ஆஸ்துமாவிற்கு கோரோசனை ஒரு நல்ல மருந்து
சிடி3னுக் தெ4ரத்தக் பிசுலொ உபயோக்3 ஹோஸு,The trap is used to catch the sparrow,சிட்டுக்குருவியைப் பிடிக்க பொறி பயன்படுகிறது
ஹுதி3ன் ப4ந்தெ3 ஔளிம் ஸாப் ஜிவஸு,The snake lives in the termites mound,கரையான் கட்டிய புற்றில் பாம்பு வசிக்கும்
கா4ம்லய தா2முக் ஜந்துநஸினி ஹால் பொஸுனொ,The injured area should be washed with disinfectant,காயம்பட்ட பகுதியை கிருமிநாசினி கொண்டு கழுவ வேண்டும்
நொவ் ப்ரகார்னு ரெத்தனு தெ3ய்டா3ன் ஸே,There are nine types of gemstones,ஒன்பது வகையான ரத்தினக் கற்கள் உள்ளன
ஹிரானுக் காரட் லெக்ஷனும் மொவனு,Diamonds are measured in units of carat,வைரங்களை காரட் அலகுகளில் அளப்பார்கள்
தேகு ஜா2டு3 வஜ்ஜிர் ஸோன் தா4ஷ்டி ஹொயெயொ,Teak wood is as strong as diamond,தேக்கு மரம் வைரத்தைப் போல வலிமையானது
லஸண்யொ மஞ்ஜிரி தொ3ளொ ஸோன் ர்ஹாயி,Chrysoberyl resembles cat's eye,வைடூரியம் பூனையின் கண்ணை ஒத்திருக்கும்
ஜீவுனும் ர்ஹீ அவரியொ ஒண்ட்டே ரெத்தன் மொதி,Pearls are the only gemstone to come from a living creature,உயிரினத்திலிருந்து வரும் ஒரே ரத்தினம் முத்து
பொம்ளாக் முத்3தி3 ஸெரொ செர்ச்சி க4ல்லனு,The coral is worn with the ring,பவளத்தை மோதிரத்தில் கோர்த்து அணிவார்கள்
கோ3மேதொ3 த4னிமா வித்து ஸொகன் ர்ஹாயி,Garnet resembles pomegranate seeds,கோமேதகம் மாதுளை விதைகளை ஒத்திருக்கும்
லேஸர் கிரணுக் உரு கெரத்தக் ல்ஹொவொ ரெத்தன் நுக3ஸு,Ruby is used to create laser beams,லேசர் கதிர்களை உருவாக்க ரூபி பயன்படுத்தப்படுகிறது
நிள்ச்சி ர்ஹாத்தெமாம் ஹிராக் ப2ராது நீல் ரெத்தனுன் ஸே,Sapphires are next to diamonds in durability,நீடித்திருப்பதில் வைரங்களுக்கு அடுத்தபடியாக நீலமணிகள் உள்ளன
பன்னொ ஹிரொ ஸொம்மர் ஹவ்ளொயொ,Emerald is lighter than diamond,மரகதம் வைரத்தை விட இலகுவானது
புஷ்கராஜு பு4லோக் பூராக் கொவ்ரி ஹெட3ஸுன்,Topaz is mined all over the world,புஷ்பராகம் உலகம் முழுவதும் தோண்டி எடுக்கிறார்கள்
"வரொ, பனி வினா கொன்னி ஜீவுன் ஜிவத்தக் முஸுனா",No living being can survive without air and water,"காற்று, தண்ணீர் இல்லாமல் எந்த உயிரினமும் வாழ முடியாது"
திமிங்கி3லம் வேன் ம்ஹொட்டொ தூ3த்தெ3னி ஜந்து,The whale is the largest mammal,திமிங்கிலம் மிகப்பெரிய பாலூட்டி
பெ3ஸ்களி ஒண்டெ பு4ய்ஞ்பனி ஜீவு,The frog is an amphibian animal,தவளை ஒரு நிலநீர் உயிரினம்
ஸரபடணார் ஜீவுன் ஸில்லொ ரெக3துயொ,Reptiles are cold-blooded,ஊர்வன குளிர் இரத்தம் கொண்டவை
ஐஸ்து பொ3லீம் ஹொயெ ம்ருகொ3,The elephant is the strongest animal,யானை வலிமையான விலங்கு
ம்ருகொ3ஸாலாம் அஸ்கி வித4 ம்ருக3ம்னுக் ஸவாய்,You can see all the animals at the zoo,மிருகக்காட்சிசாலையில் அனைத்து விலங்குகளையும் பார்க்கலாம்
ப3ந்தொ3 காய் தா4னு ஜந்து கீ?,What kind of creature is the cockroach?,கரப்பான் பூச்சி என்ன வகையான உயிரினமோ?
கா3ய் கொ2ப்3பி3ம் ஶிஷ்டஜந்து,The cow is always a polite animal,பசு எப்போதும் சாதுவான பிராணி
வாக்3 ஒண்டெ து3ஷ்ட ஜந்து,The tiger is a wicked animal,புலி ஒரு பொல்லாத பிராணி
"மூகு3னும் கா3மு மூகு3, ராணு மூகு3 மெனி தீ3 ம்ஹொட்டொ வகொ3 ஸே",There are two major types of animals: the domestic animal and the wild animal,"விலங்குகளில் வீட்டு விலங்கு, காட்டு விலங்கு என இரண்டு பெரிய வகை உள்ளது"
"கொ4டொ3, பெ4ண்டு3, கொ3ரு அஸ்கி கா3மு மூகு3ன்","Horses, sheep, and cows are domestic animals","குதிரை, ஆடு, மாடு ஆகியவை வீட்டு விலங்குகள்"
"ராண் பெ4ய்ஸ், வாக்3, ஸிம்ஹொ அஸ்கி ராணு மூகு3ன்","Wildebeest, tiger and lion are wild animals","காட்டெருமை, புலி, சிங்கம் ஆகியவை காட்டு விலங்குகள்"
கா3ய் ஒண்டெ ஸாது4 மூகு3,The cow is a polite animal,பசு ஒரு சாதுவான விலங்கு
உடு3த்தொ பாடுர் தீ2ன் கி3தொ ர்ஹாயி,The squirrel has three stripes on its back,அணிலின் முதுகில் மூன்று கோடுகள் இருக்கும்
சிக்3லொ கொ2ப்3பி3ம் ஜா2டு3னும் ஜிவஸு,The squirrel always lives in the tree,அணில் எப்போதும் மரத்தில் வாழும்
ஹுந்தி3ர் ஸதா3 கலம் அபுலுக் ஶுத்3த4ம் கெர்லேத் ர்ஹாஸு,The rat is always cleaning itself,எலி எப்போதும் தன்னை சுத்தப்படுத்திக் கொண்டே இருக்கும்
ஸுனொ கூ4ஸுக் ஸியெத் தெர்மஸு,The dog chases when it sees a bandicoot rat,நாய் பெருச்சாளியைக் கண்டால் விரட்டுகிறது
சுஞ்சு விநாய் வாஹனொ மெனி மெனன்,Shrew is known as vehicle of Ganesha,மூஞ்சூரு விநாயகரின் வாகனம் என்பார்கள்
மஞ்ஜிரிக் தூ3த் ஒப்பாயி,The cat loves milk,பூனைக்கு பால் பிடிக்கும்
பு3ஸ்குல் கின் ஸுனொ ஸதா3 மல்லஸுனு,Male cat and dog are always fighting,கடுவன் பூனையும் நாயும் எப்போதும் சண்டையிடுகின்றன
ஸுனொ ஒண்டெ விஶ்வாஶ்ஹொயெ மூகு3,The dog is a loyal animal,நாய் ஒரு விசுவாசமான விலங்கு
பெ4ண்டு3 பானுக் கா2ஸு,Sheep eats leaves,ஆடுகள் இலைகளை உண்ணும்
ம்ஹெடி3 பெ4ண்டு3 அவ்ங்கொ லோகர் தே3ஸு,Sheep gives us wool,செம்மறியாடு நமக்கு கம்பளி கொடுக்கிறது
ஶெலி பெ4ண்டு3 தூ3த் ஆங்கு3க் புஷ்டி கெரஸு,Goat's milk nourishes the body,வெள்ளாட்டின் பால் உடலுக்கு ஊட்டமளிக்கிறது
கா3ய் தூ3த் போஷணொ தே3ஸு,Cow's milk provides nutrition,பசுவின் பால் ஊட்டச்சத்தை அளிக்கிறது
கோ3 தூ3த் ஆங்கு3க் தா4ஷ்டி தே3ஸு,Cow's milk gives strength to the body,பசுவின் பால் உடலுக்கு வலிமை கொடுக்கிறது
கொ3ரு ஶிங்க3டா3ம் ர்ஹீ கௌதுக வஸ்துனுன் கெரஸுன்,Decorative items are made from bull's horn,மாட்டுக்கொம்பிலிருந்து அலங்கார பொருட்கள் செய்வார்கள்
ர்ருஷபொ4 பாடுர் ம்ஹொட்டொ கக்3டொ3 ர்ஹாயி,The bull has a big hump on its back,காளையின் முதுகில் பெரிய திமில் இருக்கும்
பெ4ய்ஸு தூ3த் ஆங்கு3க் தா4ஷ்டி தே3ஸு,Buffalo milk gives strength to the body,எருமைப்பால் உடலுக்கு வலிமை தரும்
பொதுலொ ஜுன்னத்த காமுக் நுக3ஸு,Buffalo is used for plowing work.,எருமை உழவு வேலைக்கு பயன்படுகிறது
வாகு3னுக் ராண் பெ4ய்ஸ் ப்ரதா4ன்ஹொயெ சொரொ,Bison are the main prey for tigers,புலிகளுக்குக் காட்டெருமைகள் முக்கிய இரை
கா3ய் து3டொ3 தக3த்தக் த3ல்லா கொ3ரு ஹொவ்ட3ஸுன்,Uncastrated bull is bred for breeding cows,பசு கன்று ஈனுவதற்கு பொலிகாளையை வளர்க்கிறார்கள்
ஹல்லொ கொ3ரு கே2துக் ஜுன்னத்தக் நுக3ஸு,The ox is used to plow the field,வயலை உழுவதற்கு எருது பயன்படுகிறது
மாய் க4டி3 ஸெத்3து3 அய்கெதிக்காம் து3டொ3 த4மி அவய்,The calf will come running when it hears its mother's voice,தாயின் குரல் கேட்டதும் கன்று ஓடி வரும்
வாஸரு அபுல் மாய் ஸெந்தொ ஜாரஸி,The calf goes with its mother,கன்று தன் தாயுடன் செல்கிறது
கெ4த3ட் ஒண்ட்டேலெக்கு ஹல்லுனாத்தக் ஹிப்3பி3 ர்ஹாய்,The donkey stands still in one place,கழுதை ஒரே இடத்தில் அசையாமல் நிற்கும்
ஒவன் கெ4த3ட் பா4ர் துக்கத்தக் ஒர்க3ஸு,The mule is used to carry the load,கோவேறு கழுதை பொதி சுமக்க பயன்படும்
கொ4டொ3 ஒண்டெ மஹாப்ரதாப்ஹொயெ ம்ருகொ3,The horse is a majestic animal,குதிரை ஒரு கம்பீரமான விலங்கு
"அஸ்வக்ரது மெனதி, அஸ்வொ தொ2வி கெரரியொ யாகு3",Ashwamedha Yagya is a yagna performed with a horse,அசுவமேத யாகம் என்பது குதிரையை வைத்து செய்யும் யாகம்
கி3தா3கொ4டொ3க் பூஸ் அக்ரொ ர்ஹாயி,The zebra's tail is short,வரிக்குதிரைக்கு வால் குட்டையாக இருக்கும்
நகுலுக் ஸாபு ஸெரொ ஶத்ருப்பன் ஸே,The mongoose has enemity with the snake,கீரிக்கு பாம்புடன் பகை உள்ளது
குந்தெ3லு பில்லா கான் லம்பு3 ர்ஹாயி,The rabbit's ear is long,முயலின் காது நீளமாக இருக்கும்
ஸஸொ சார் ர்ஹீ தெ3ஸ்ஸு ஒர்ஸு லெந்து ஜிவஸு,The rabbit lives for four to ten years,முயல் நான்கு முதல் பத்து ஆண்டுகள் வரை வாழ்கிறது
து3க்கர் பு3த்3ராம் ஜிவத்திஸா ஜந்து,Pig is an animal that lives in the mud,பன்றி சேற்றில் வாழும் விலங்கு
ஷலாக்3 து3க்கர் க2டா ஹால் ஶத்ருனுக் தெர்மயி,Porcupine chases the enemy with thorns,முள்ளம்பன்றி முள்ளால் எதிரியை விரட்டும்
கெலான் கீஸானுக் மிடா2ய் ஸொகன்,Bananas are like candy for monkeys,வாழைப்பழங்கள் குரங்குகளுக்கு மிட்டாய் போன்றவை
ராம ஸேது வானரான் ப4ந்தெ3யொ மெனி மெனன்,The Ram Bridge is said to have been built by monkeys,ராமர் பாலம் குரங்குகள் கட்டியது என்று சொல்வார்கள்
கோதொ ஜா2டு3 ஜா2டு3க் லங்க3ஸு,The monkey jumps from tree to tree,குரங்கு மரத்துக்கு மரம் தாவுகிறது
கோதி போடுக் தெகொ3 பில்லொ கெ4ட்டி தெ4ர்லி ர்ஹாஸு,The cub is holding the monkey's stomach tightly,குரங்கின் வயிற்றை அதன் குட்டி இறுக்கமாக பிடித்துக்கொண்டிருக்கும்
பூஸ் ந்ஹீத்தெ கீஸு ஆப்பிரிக்கா க2ண்ட3மு ர்ஹீ அவெ மூகு3,The ape is an animal from the African continent,வாலில்லாக்குரங்கு ஆப்பிரிக்கா கண்டத்திலிருந்து வந்த விலங்கு
ஏணுனுக் ம்ஹொட்டொ ஶிங்க3டா3ன் ர்ஹாஸு,Reindeers have large horns,கலைமான்களுக்கு பெரிய கொம்புகள் இருக்கும்
ஹரிணு ஶிங்கு3ம் ர்ஹீ அய்து3ன் மெல்லொ கெரஸுன்,They even make weapons out of deer antlers,மான் கொம்பிலிருந்து ஆயுதம் கூட செய்கிறார்கள்
ஹரிணிக் ஶிங்கு3 ஜுண்ணா,The female deer has no horns,பெண் மானுக்கு கொம்பு கிடையாது
கொ2லொ ஒண்டெ தூ4ர்த ஜந்து,The fox is a cunning animal,நரி ஒரு தந்திரமான விலங்கு
உகாக் ப்ராமஹொயெ சொரொ ஸஸொ,The wolf's favorite prey is the rabbit,ஓநாய்க்கு விருப்பமான இரை முயல்
அங்கூ3ஷாக் ப்ரதா4ன் ஹொயெ ஆஹார் ஹுந்தி3ரு,Weasel's main food is rat,மரநாயின் முக்கிய உணவு எலி ஆகும்
நகுலொ கா4ருக் சொரொ ஹோஸு,Weasels are preyed upon hawks,வீசல்கள் பருந்துகளுக்கு இரையாகின்றன
உத்3ரொ ஸாத்தக் நகுல் ஸோன் தெ3க்காஸு,The Otter looks like a Mongoose,நீர்நாய் பார்ப்பதற்கு கீரிப்பிள்ளை போல் இருக்கும்
பனி நகுலான் பனிம் சொராக் தெர்மஸு,Otters chase prey in the water,நீர்நாய்கள் தண்ணீரில் இரையைத் துரத்துகின்றன
பனி ஐஸ்து பனிம் ஜி2ர்க்கிலின் ஜாய் ஜதொ திரன் களானா,Hippos can only move through water but does not know swimming,நீர்யானைகள் தண்ணீரில் நகர்ந்து செல்லுமே தவிர நீந்தத் தெரியாது
ஸிம்ஹொ பா3ர் பௌல் உஞ்சொ உஸுலயி,The lion will jump to a height of twelve feet,சிங்கம் பன்னிரண்டு அடி உயரத்துக்கு குதிக்கும்
ஸிம்ஹு கொ2ப்3பி3ம் ஜெதொகனீஸ் அவயி,The lion always comes in herds,சிங்கம் எப்போதும் கூட்டமாகவே வரும்
பனி ஸிம்ஹொ நௌகாத் ஸோன் பாய்ஞ் ஹால் ல்ஹெகு3கன் திரஸு,The sea lion swims easily with paddle-like legs,கடல் சிங்கம் துடுப்பு போன்ற கால்களால் எளிதாக நீந்தும்
ஜலஉயாக்3ரான் ஸில்ல பனிம் ஜிவத்தக் தெ3ள்கொ கெண்டொ3 ஸே,Sea lions have thick skin to live in cold water,கடல் சிங்கங்கள் குளிர்ந்த நீரில் வாழ தடிமனான தோல் கொண்டவை
"வாகு3 25 பவுல் லம்பொ3 ஜிங்க3யி, 16 பௌல் உஞ்சொ உஸுலயி",Tiger can leap 25 feet and jump upto 16 feet vertically,"புலி 25 அடி தூரம் பாயும், 16 அடி உயரம் எகிறும்"
பு4லோகும் வேன் பி3ஸ்ஸொ த4மரியொ ம்ருகொ3 சித்ருவாகு3,The fastest running animal in the world is the Cheetah,உலகிலேயே மிக வேகமாக ஓடும் விலங்கு சிறுத்தை
பி3ப3ட்யொ ஜா2டு3 ஹொல்லொ ல்ஹெகூ3வர் ஹிங்க3யி,The leopard can climb with ease on a tree,சிறுத்தைப்புலி மரத்தில் எளிதாக ஏறும்
ஹள்டு3னொ வாக்3 அபுல் சொராக் பொ3லம்ஹொயெ சவ்னிஹால் மொரட3ஸு,Jaguar kills its prey with a powerful bite,ஜாகுவார் அதன் இரையை ஒரு சக்திவாய்ந்த கடியால் கொன்றுவிடுகிறது
தொ3ங்க3ரு ஸிம்ஹொ உத்தர அமெரிக்காம் ஜிவரியொ ம்ஹொட்டொ மஞ்ஜிரி,Puma is a large wild cat that lives in the North America,பூமா வட அமெரிக்காவில் வாழும் பெரிய காட்டுப் பூனை
பி3ப3ள்ய வாக்3 ஜு2க்குகன் சமல் ந்ஹீஜியெத் களொகன் ர்ஹாஸு,Panthers are mostly brown or black in color,சிறுத்தைகள் பெரும்பாலும் பழுப்பு அல்லது கருப்பு நிறத்தில் இருக்கும்
களொ வாகு3 கெண்டொ3 களொ பஸுடு ஹால் ஜ2யெ ஸொகன் ர்ஹாயி,The skin of the black panther looks like it was wrapped in black silk cloth,கருஞ்சிறுத்தையின் தோல் கருப்பு பட்டு துணியால் போர்த்தியது போல் இருக்கும்
பெ4ருண்டொ3 அபுல் சொரா ஹட்3கொ மெள்ளி க2யி ஜீர்ணு கெரஸு,The hyena also eats and digests the bones of its prey,கழுதைப்புலி தனது இரையின் எலும்புகளையும் சாப்பிட்டு ஜீரணிக்கின்றது
தா4குரங்கா3க் ஆஸ்திரேலியாம் ஒண்ட்டேஸ் ஸவாய்,The kangaroo can only be found in Australia,கங்காருவை ஆஸ்திரேலியாவில் மட்டுமே காணலாம்
பா4லு மைகு ப்ராமொ பொட3ஸு,Bears do love honey,கரடிகள் தேனை விரும்புகின்றன
களொ ப4ல்லொ உத்தர அமெரிக்காம் ஒண்டேஸ் தெ3க்கிணி பொட3ஸு,Black bears are only found in North America,கருப்பு கரடிகள் வட அமெரிக்காவில் மட்டுமே காணப்படுகின்றன
கெ4ட்டி ஸெத்3து3கு வெல்கெட்டு த4க்கயி,The bear is afraid of loud noises,கரடி உரத்த சத்தங்களுக்கு பயப்படும்
த்4ருவொ ப4ல்லு ஆங்கு3 போ4ர் ஹுஜால் கே2ஸ் ர்ஹாயி,The polar bear has white hair all over its body,பனிக்கரடியின் உடலெங்கும் வெண்மையான முடி இருக்கும்
சீனு ப4ல்லு ஜு2க்குகன் பொ3ங்கு3க் க2யி ஜிவஸூ,The panda bear mostly lives only on bamboo,பாண்டாகரடி பெரும்பாலும் மூங்கிலை மட்டுமே உண்டு வாழும்
கோலா ப4ல்லு தா4குரங்கா3 ஜாதும் செரெ மூகு3,The koala bear belongs to the kangaroo species,கோலா கரடி கங்காரு இனத்தைச் சேர்ந்தது
க3ண்டொ3 ஒண்டெ பானு ப4க்ஷக்,The rhinoceros is a herbivore,காண்டாமிருகம் ஒரு தாவர உண்ணி
க3ண்டா3 மூகு3க் தொ3ளா ஸனி உன்னொ,Rhinoceros have poor vision,காண்டாமிருகங்களுக்கு கண் பார்வை குறைவு
பொ4லி வளுராணும் ஜிவரியொ மூகு3,The camel is a desert animal,ஒட்டகம் பாலைவனத்தில் வாழும் மிருகம்
முயிக் திரன் களானா,The camel does not know swimming,ஒட்டகத்திற்கு நீச்சல் தெரியாது
தே3வ் சுட்டும் லோல்படெ3கின் ஐஸ்து அவயி,The camel and the elephant come in the lord procession,சாமி ஊர்வலத்தில் ஒட்டகமும் யானையும் வரும்
முயிக் காந்தாரு தாரு மெனி மெனன்,A camel called a desert ship,ஒட்டகத்தை பாலைவனக் கப்பல் என்று கூறுவார்கள்
உக்3லி மெனரியொ ராதும் சொரொ வெக்கத்திஸா ந்ஹன்ன மூகு3,Slender loris is a nocturnal predator,தேவாங்கு என்பது இரவில் இரை தேடும் ஒரு சிறு விலங்காகும்.
கொ3தி3 அபுல் பொ3லீம்ஹொயெ கா3லு ஹால் கெ4ட்டி தெ4ர்லஸு,Monitor lizard grips tightly with its strong jaws,உடும்பு அதன் வலுவான தாடைகளால் இறுக்கமாகப் பிடிக்கிறது
அஸ்கி மூகுனும் கு3ட்3வல் தெ4ர்னி வேன் பொ3லம் ஹொயெயொ,Iguana grip is strongest in all animals,அனைத்து விலங்குகளிலும் உடும்பு பிடி வலிமையானது
தோண்டொ3 ஒண்டெ ஹப்3பு3 ப4க்ஷகு,Garden Lizard is an insectivorous,ஓணான் ஒரு பூச்சி உண்ணி
ஸரளுக் தொ3ஸ்கொ ர்ஹீ பூஸ் லெந்து ஒண்டெ முகுட் ஸே,The garden lizard has a ridge from head to tail,ஓணானுக்கு தலை முதல் வால் வரை ஒரு மேடு உள்ளது
ஸரடொ அபுல் வனிக் பரிஸ்தி2திக் தயெ தா4னுக் மர்ச்சயி,The chameleon changes its color depending on the situation,பச்சோந்தி தன் நிறத்தை சூழ்நிலைக்கேற்ப மாற்றும்
ஸம்ஸலி பூஸ் ல்ஹொவ்வொகொ ர்ஹாயி,The skink tail is red,அரணை வால் சிவப்பாக இருக்கும்
பாலொ ஹால் முகுடும் தொ3ஸ்கொகா2ல் கன் சலத்தக் முஸயி,The lizard can walk upside down in the ceiling,பல்லி கூரையில் தலைகீழாக நடக்க முடியும்
ம்ஹளின் பனிம் ஜிவத்திஸானு ஜீவுன்,Fish are aquatic organisms,மீன்கள் நீர்வாழ் உயிரினங்கள்
பனிங்கைலொ பனிம் ஸேத்தெ ப்ராணவாயுக் ஸுவாஸம் கெரின் ஜிவஸு,Fish live by inhaling the oxygen in the water,மீன்கள் தண்ணீரில் உள்ள ஆக்ஸிஜனை சுவாசித்து வாழ்கின்றன
நிளொ திமிங்கி3லமு ஜீபும் 50 ஜனுன் பி3ஸத்தக் முஸயி,The tongue of the blue whale can seat up to 50 people,நீலத் திமிங்கலத்தின் நாக்கில் 50 பேர் அமர முடியும்
ஜு2க்கு கிர்விலுன் பொகடும் சலிகின் திரஸு,Most crabs walk sideways and swim,பெரும்பாலான நண்டுகள் பக்கவாட்டில் நடந்து நீந்துகின்றன
பெ3ஸ்களி தெகா3 லம்பு3 பஸ்கடு பாய்ஞ்ஹால் உஸுலஸு,The frog jumps with its long hind legs,தவளை அதன் நீண்ட பின்னங்கால்களால் குதிக்கிறது
ப4ர்களி ஸாபுக் சொரொ ஹோஸு,The frog preys on the snake,தவளை பாம்புக்கு இரையாகிறது
பெ3ஸ்களிஸிஸு பெ3ஸ்களிகன் மர்ச்சாத்தக் 14 வாருன் லக3யி,Tadpoles take about 14 weeks to transform into tiny frogs,தலைப்பிரட்டை சிறிய தவளைகளாக மாற சுமார் 14 வாரங்கள் ஆகும்
பே4ளின் பாராம் பி4த்தர் ஜிவஸு,Toads live in rocks,தேரைகள் பாறைகளுக்குள் வாழ்கின்றன
கிஷ்ளொ அபுலுக் ரக்ஷுலத்தக் சிப்பாம் பி4த்தர் ஆங்கு3க் உட்சுலஸு,The snail pulls the body into their shell to protect itself,நத்தை தன்னைப் பாதுகாத்துக் கொள்ள உடலைத் தங்கள் ஓட்டுக்குள் இழுக்கிறது
தம்ப3ல்சிப்போ பூ4ய்ஞ்ஹோர் ஜிவஸு,Tortoise lives on land,ஆமை நிலத்தில் வாழும்
கஸ்வொ பனிம் ஜிவஸு,Turtles live in water,கடலாமை தண்ணீரில் வாழும்
கஸ்பொ 150 ஒர்ஸுனு லெந்து ஜிவஸு,Turtles can live up to 150 years.,கடல் ஆமைகள் 150 ஆண்டுகள் வரை வாழும்.
நக்ருனுஹால் ஜீப் ப4ராட் லம்பொ3 கெரன் முஸுனா,Crocodiles cannot stick their tongue out,முதலைகளால் நாக்கை வெளியே நீட்டிக்க முடியாது
தெ2வ்டெ3 ஸாபுனுக் விக்கு ஜுண்ணா,Some snakes have no venom,சில பாம்புகளுக்கு விஷம் கிடையாது
நம்ஸாபு விக்கு ஐஸ்துக் மொரட3த்த தூ3ருக் பொ3லம் ஹொயெயொ,The venom of the cobra is strong enough to kill an elephant,நாகப்பாம்பின் விஷம் யானையைக் கொல்லும் அளவுக்கு வலிமையானது
தொ3ங்க3ரு ஸாப் அபுல் சொராக் நெஸ்கி மொரடி3 கா2ஸு,The boa strangles its prey and eats,மலைப்பாம்பு தன் இரையை நெரித்துக் கொன்று உண்ணும்
கி3ர்பன்னாகு3ன் வீஸ் பௌல் லம்பு3 ர்ஹாஸு,Pythons are about twenty feet long,மலைப்பாம்புகள் இருபது அடி நீளம் கொண்டவை
க3ட்ஸுஸாபுக் விக்கு ஜுண்ணா,The python has no venom,மலைப்பாம்புக்கு விஷம் கிடையாது
பாய்ஞ் ந்ஹீத்தெஹால் ஸாபுன் நெ-ள-நெ-ளாஸு,Snakes crawl because they have no legs,கால்கள் இல்லாததால் பாம்புகள் ஊர்ந்து செல்கின்றன
ஹுடொ3 வித்3தெ3ம் கய்லொகெஸுர் ஹாகு தவாய்,You can plant a vegetable garden on the terrace,மொட்டை மாடியில் காய்கறி தோட்டம் போடலாம்
ஸம்பா4ர் மெனெத் சர்பாஞ்ஜு போ2டுன் ர்ஹனொ,Sambar should have four or five vegetables,சாம்பார் என்றால் நாலைந்து காய்கறிகள் இருக்கவேண்டும்
தி3வளி தெந்து3ஸ் அஸ்கிதெனு நொவ்வொ பொ3ட்டொ பி2ல்லனு,Everyone wears new clothes on Diwali,தீபாவளியன்று அனைவரும் புதிய ஆடைகளை அணிவார்கள்
ஸௌஷ்ணி ப்4யாரும் சொக்கட் லாப் அப்3ப3யி,Make a good profit in the clothing business,ஆடை வியாபாரத்தில் நல்ல லாபம் கிடைக்கும்
பஸுடு3 லுக்டா3ன் மோல் வேனு,Silk dresses are expensive,பட்டு ஆடைகள் விலை அதிகம்
மென்க்யான் ஜு2கு ப்ரகாரு பே2லுன் பி2ல்லஸுன்,People wear different types of clothes,மக்கள் பல்வேறு வகையான துணிகளை அணிவார்கள்
த3மரு நாலும் ர்ஹீ பே2லுன் உத்பத்தி ஹோஸு,Fabrics are made from lotus fiber,தாமரை நாரிலிருந்து துணிகள் தயாரிக்கப்படுகின்றன
சந்தி3 தாகும் கெரெ பே2லுன் ஸொங்கொ3யொ,Fabrics made of cotton fibers are cheap,பருத்தி இழைகளால் செய்யப்பட்ட துணிகள் மலிவானவை
த3மரு நாலும் கெரெ பே2லுன் மோல் வேனு,Fabrics made of lotus fiber are expensive,தாமரை நாரால் செய்யப்பட்ட துணிகள் விலை அதிகம்
கைலா பொ3ட்டான் ஹூநு கலமுக் உத்தமு,Cotton fabrics are best for summer,கோடை காலத்திற்கு பருத்தி துணிகள் சிறந்தது
சந்தி3 தாது2ம் ர்ஹீ ஜு2கு ப்ரகாரு பே2லுன் உத்பத்தி ஹோஸு,Different types of fabrics are made from cotton yarn,பருத்தி நூலில் இருந்து பல்வேறு வகையான துணிகள் தயாரிக்கப்படுகின்றன
வேடுன் சார் ந்ஹீஜியெத் ஆட் ஹாதும் அப்3ப3யி,Dhotis are available in four or eight yards,வேஷ்டிகள் நாலு அல்லது எட்டு முழத்தில் கிடைக்கும்
த3ல்லான் கஷ்டொ பி2ல்லஸுன்,Men wear panchakasam,ஆண்கள் பஞ்சகச்சம் அணிவார்கள்
ஜு2கு3 தெங்கொ3 அங்க3வஸ்த்ரொ தைலத்தெ ரூடி4 ஸே,Many people have a habit of wearing over clothes,பலருக்கு மேல் துணி அணியும் பழக்கம் உள்ளது
பில்லல்னு செல்லட3ம் பி2ல்லனு,The boys wear trousers,சிறுவர்கள் கால்சட்டை அணிவார்கள்
முறி பொ3ட்டானுக் செல்வாக் தக3ஸுன்,Dirty clothes are put in the laundry,அழுக்கு துணிகளை சலவைக்கு போடுகிறார்கள்
சொக்காய் ஹுன்னொ ஸில்லாம் ர்ஹீ கப3ட3ஸு,The shirt protects from heat and cold,சட்டை வெப்பம் மற்றும் குளிரிலிருந்து பாதுகாக்கிறது
ஜுக்கு சொக்காயினும் பாஞ்சு பித்தான் ர்ஹாயி,Most shirts have five buttons,பெரும்பாலான சட்டைகளில் ஐந்து பொத்தான்கள் இருக்கும்
மொஞ்சுகலமு ஶேலு ஜு2க்கு பிர்ஜனம் பொட3ஸு,Sweaters are useful in winter,குளிர்காலத்தில் கம்பளிச் சட்டை மிகவும் பயனுள்ளதாக இருக்கிறது
சென்னை ஸொகன் ஹுன்ன கா3முக் கம்ப3லு சொக்காய் தெ4ரி அவ்னா,The sweater is not suitable for hot places like Chennai,சென்னை போன்ற வெப்பமான இடங்களுக்கு கம்பளிச் சட்டை பொருந்தாது
ஸௌலான் 8 ந்ஹீஜியெத் 9 கெ3ஜும் அவஸு,Sarees come in 6 and 9 yards,புடவைகள் 6 மற்றும் 9 கெஜங்களில் வருகின்றன
நவ்மொ அம்பு3லொ ந்ஹீத்தெனு பில்லரியொ ஸௌலொ,Navmo is a sari worn by widow,நார்மடி என்பது விதவைகள் அணியும் புடவை
ஸௌலாம் 4 ர்ஹீ 5 குத்சல்னு ஸிங்கா3ர் ர்ஹாயி,4 to 5 pleats on the sari will look beautiful,புடவையில் 4 முதல் 5 மடிப்புகள் அழகாக இருக்கும்
"ஹொராடு3 கௌஸுலொ ரூ 2,000 ர்ஹீ அப்3ப3ரஸி","Wedding silk sarees are available from Rs. 2,000","திருமண பட்டுப் புடவைகள் ரூ. 2,000 முதல் கிடைக்கின்றன"
அத்தொ அஸ்கி கொன்னி பெ3ட்கின் ந்ஹன்ஸுலொ பி2ல்லரானி,None of the women these days wear half sarees,இன்றைய காலத்தில் எந்த பெண்களும் தாவணி அணிவதில்லை
கிடா3னு தொகன் கௌஸொ உத்பத்தி ஹோஸு,Silk is made from silkworms,பட்டுப்புழுக்களில் இருந்து பட்டு தயாரிக்கப்படுகிறது
கொவ்ஸா உத்பத்திம் ரமாரமி 90% மல்பெ3ரி கொவ்ஸொ ஹோஸு,About 90% of silk production is mulberry silk,பட்டு உற்பத்தியில் சுமார் 90% மல்பெரி பட்டு ஆகும்
கஞ்சிகின் கஸி பஷுதுக் நாவ் பொட3யொ,Kanchi and Banaras are famous for silk,காஞ்சி மற்றும் காசி பட்டுக்கு பிரபலமானது
ஸூரத்கின் கஞ்சி கெண்டா3 ஸவ்லாக் நாவ் பொட3யொ,Surat and Kanji are popular for sari with silk lace,சூரத் மற்றும் காஞ்சி ஆகியவை ஜரிகை புடவைக்கு பிரபலமானவை
ஸௌராஷ்டிரர்னு ஜுன்ன பஸுடு3 ஸௌலொ வினத்தெமாம் நாவ் பொடா3த்தெனு,Sourashtrians are popular for weaving pure silks,சௌராஷ்டிரர்கள் தூய பட்டு நெசவு செய்வதில் பிரபலமானவர்கள்
ஶால்வொ ஸிங்க்கா3ருக் க4ல்லஸுனு,The shawl is worn for beauty,சால்வை அழகுக்காக அணியப்படுகிறது
கானும் ஸில்லொ வரொ ஜானாத்தக் ஶாது3 கப3ட3ஸு,The muffler protects cold air from entering the ear,காதுக்குள் குளிர்ந்த காற்று செல்லாமல் கழுத்துப்பட்டை பாதுகாக்கிறது
போஞ்சோ மெந்த மெக்ஸிகோம் க4ல்லரியொ லம்பு3 ஷாலு,Poncho is a long shawl worn in Mexico,போஞ்சோ என்பது மெக்சிகோவில் அணியும் நீண்ட சால்வை
உத்தரு பா4ரதுவாஸின் மொஞ்சுகலமு ராங்க3வ் தய்லனு,North Indians wear shawls in winter,வட இந்தியர்கள் குளிர்காலத்தில் சால்வை அணிவார்கள்
பா4ரத் பூராகு 6 கெ3ஜு ஸௌலானுஸ் பி2ல்லஸுனு,People all over India wear 6 yards sarees,இந்தியா முழுவதும் 6 கெஜம் புடவைகளையே உடுத்துகிறார்கள்
கௌஸுலா கெக3ர்கின் பொத3ர் ஒண்ட்டே வனிம் ர்ஹாயி,The border and pallu of a silk saree are in single color,பட்டுப் புடவையின் கரை மற்றும் முந்தானை ஒற்றை நிறத்தில் இருக்கும்
ஸௌலா ர்ஹுந்தி3 47 ர்ஹீ 50 போ3ட் லெந்து ர்ஹாயி,The width of the saree is 47 to 50 inches,சேலையின் அகலம் 47 முதல் 50 அங்குலம் வரை இருக்கும்
"தெ3ய்டா3 காம் ஸெர சொவ்ளி ஸிவத்தக் ரூ. 5,000 லெந்து வேஸ் ஹோஸு","It costs Rs 5,000 to sew a blouse with stonework","கல் வேலை கொண்ட ரவிக்கை தைக்க ரூ.5,000 வரை செலவாகும்"
"கொ3வ்ணம் 6, 7 ந்ஹீஜியெத் 8 பா4கு3னும் அவஸு","Inner parts come in 6, 7 or 8 parts","பாவாடைகள் 6, 7 அல்லது 8 பகுதிகளாக வருகின்றன"
கொ3வ்ணமுக் உட்சி ப4ந்த3த்தக் நாடொ3 நுக3ஸு,The strap is used to tighten the skirt,பாவாடையை இழுத்துக்கட்ட நாடா பயன்படுகிறது
பொர்க்யாடு3ம் நங்க்3னாருன் அங்கு3ன் கஷ்டிபொ3ட்டொ பி2ல்லராஸி,Farmers in the villages still wear loin cloth,கிராமங்களில் விவசாயிகள் இன்றும் கோவணம் கட்டுகிறார்கள்
குட்கான் ஹந்த3வ் தௌரமும் மொஸுரா பொ3ட்டொகன் ப்ரயோக்3 ஹோஸு,Saree pieces are used as kitchen towel,சேலைத் துண்டுகள் சமையலறை கைப்பிடி துணியாக பயன்படுகின்றன
து3ர்ப3ளுன் ப2ட்கொ ஸௌலொ மெல்லொ பி2ல்லஸுன்,Poor women even wear torn sarees,ஏழைப் பெண்கள் கிழிந்த சேலையைக் கூட அணிவார்கள்
த4வ்ரொ ந்ஹாத்த கா3மு ஜிவன் ஹோனா,Don't live in a town without a temple,கோவில் இல்லாத ஊரில் குடியிருக்க வேண்டாம்
த4வ்ரா கொ3புரும் கௌது3ன் ஜிவஸு,Pigeons live in the temple tower,கோவில் கோபுரத்தில் புறாக்கள் வாழ்கிறது
விஸேஶு தி3ன்னும் தே3வ் த3ர்ஶனொ அப்3ப3த்தக் வேள் ஹோஸு,"On special days, it takes time to get the darshan of God",விசேஷ நாட்களில் கடவுள் தரிசனம் கிடைக்க நேரமாகிறது
ப4க3வான் மெனிகு ரூபும் அவன் மெனென்,It is said God will come in human form,கடவுள் மனித உருவத்தில் வருவார் என்பார்கள்
மது3ரெம் மீனாக்ஷி அம்மொ நாவ் பொடெ3 தே3வ்,Meenakshi Amman is a famous deity in Madurai,மதுரையில் மீனாக்ஷி அம்மன் பெயர் பெற்ற கடவுள்
சிவராத்ரி தெந்து3ஸ் ஐயா தௌ3ராம் ராத் பூராக் புஜெ சலஸு,"On Shivratri, all-night puja is performed in the Shiva temple",சிவராத்திரி அன்று சிவன் கோவிலில் இரவு முழுவதும் பூஜை நடக்கிறது
மது3ரெ அம்மா தௌ4ரொ ப்ரஸித்3தி4 ஹொயெ தௌ4ரொ,Madurai Meenakshi Amman Temple is a famous temple,மதுரை மீனாக்ஷி அம்மன் கோவில் பெயர் பெற்ற கோவில்
ஆடி3 ம்ஹடா3ம் மன்மெ தௌ4ராம் மூகொ3 வேன் ர்ஹாய்,Mari Amman Temple is crowded during the month of Adi,ஆடி மாதத்தில் மாரியம்மன் கோயிலில் கூட்டம் அதிகமாக இருக்கும்
ராமுடு3 பை4 லக்ஷமணன் ஆதி3ஸேஷனு அவ்தாரு,Rama's younger brother Lakshmana is an incarnation of Adisesha,ராமரின் தம்பி லக்ஷ்மணன் ஆதிசேஷனின் அவதாரம்
கீஷ்டு து3வாபர யுக3மு ஜிவ்யாஸி,Lord Krishna lived in Dvapara Yuga,கிருஷ்ணர் துவாபர யுகத்தில் வாழ்ந்தார்
கீஷ்ணு உஜெ கா3ம் உத்தரப்ரதே3ஶும் ஸேத்தெ மது2ரா,Krishna was born in Mathura in Uttar Pradesh,கிருஷ்ணர் உத்தரபிரதேசத்தில் உள்ள மதுராவில் பிறந்தார்
ஈஸ்புருக் தீ2ன் தொ3ளொ ஸேத்தெ ஹால் த்ரிஸனி மெனி மெனன்,Lord Shiva is called Mukkannan because he has three eyes,சிவபெருமானுக்கு மூன்று கண்கள் இருப்பதால் முக்கண்ணன் என்று அழைக்கப்படுகிறார்
சண்டி3கேஶ்வர் ஈஸ்புரு த4வ்ராம் ஒண்டேஸ் ர்ஹானு,Chandikeshuvar is present only in Lord Shiva temple,சண்டிகேசுவரர் சிவபெருமான் கோவிலில் மட்டுமே இருப்பார்
பி3ரம்மாக் மெனி அலக்3க3கன் தௌ4ரான் ந்ஹீ,There is no separate temple for Lord Bramma,பிரம்மனுக்கென்று தனியாக கோவில் கிடையாது
பெருமாளுக் ஹள்கெஸாம் மெனி மெல்லொ மெனன்,Perumal is also known as Alagarswamy,பெருமாளை அழகர்சாமி என்றும் சொல்வார்கள்
ஹள்கெதௌ4ரா தொங்க3ரும் நூபுர கங்கொ3 மெனெத்தெ தீர்து2 ஸே,There is a holy water called Nupura Ganga on Alagharkoil Hill,அழகர்கோவில் மலையில் நூபுர கங்கை எனும் தீர்த்தம் உள்ளது
சின்னமலெ மன்னெனு ஸோ விஶேஷு கே4ருனும் ஒண்டெ,Tiruparankunram is one of the Arupada houses of Murugan,திருப்பரங்குன்றம் முருகனின் அறுபடை வீடுகளில் ஒன்று
விஷ்ணு ஸஹஸ்ர நாமம் மெனெத் விஷ்ணுகா3 ஸஸர் நாவுனு,Vishnu Sahasra Naamam means thousand names of Lord Vishnu,விஷ்ணு சஹஸ்ர நாமம் என்றால் விஷ்ணுவின் ஆயிரம் நாமங்கள்
மஹாலக்ஷ்மி த3மர் பூ2லும் பி3ஸி ர்ஹாஸு,Mahalakshmi sits on a lotus flower,மஹாலக்ஷ்மி தாமரைப்பூவில் அமர்ந்திருப்பாள்
"பார்வதி அம்மாக் மீனாக்ஷி, காமாக்ஷி, விசாலாக்ஷி மெனி ஜு2கு3 நாவுனுன் ஸே","Goddess Parvati has many names like Meenakshi, Kamakshi, Visalakshi","பார்வதி தேவிக்கு மீனாட்சி, காமாட்சி, விசாலாட்சி என்று பல பெயர்கள் உண்டு"
"பா4ரதி ஹாதும் ஸேத்தெ வீணாக் ""கச்சபி"" மெனி நாவு","The Veena in Saraswati's hand is called ""kachchapi""","சரஸ்வதியின் கையில் இருக்கும் வீணைக்கு ""கச்சபி"" என்று பெயர்"
"விநாயிக் ஸித்3தி4, பு3த்3தி4 மெனி தீ3 தே3வின் ஸேத்தெ",Lord Ganesh has two goddesses Siddhi and Buddhi,"பிள்ளையாருக்கு சித்தி, புத்தி என்று இரண்டு தேவிகள் உள்ளனர்"
விநாய் ஜு2கு3 ராஜ்யமுனும் 10 தி3ன்னு மட3ஸுன்,Vinayaka Chaturthi is celebrated for 10 days in many states,விநாயக சதுர்த்தி பல மாநிலங்களில் 10 நாட்கள் கொண்டாடப்படுகிறது
மன்னெனு வாஹனொ ம்ஹோரு,Lord Muruga's vehicle is peacock,முருகப்பெருமானின் வாகனம் மயில்
கெர்ப்பண் பொர்க்யாடு3க் ரக்ஷண கெரரியொ தே3வு,Karuppasamy is the guardian deity of the village,கருப்பசாமி கிராமத்தை காக்கும் தெய்வம்
இந்த்3ரு தை3வலோகுக் ரஜொ,Indra is the king of the divine world,இந்திரன் தேவலோகத்தின் அரசர்
ஹன்மந்து ஈஸ்புரு அவ்தாரு,Hanuman is an incarnation of Lord Shiva,அனுமன் சிவபெருமானின் அவதாரம்
மெனிக்கன் ர்ஹீ தே3வ்கன் ஹொயாத்தெங்கொ3 தே3வதான் மெனனு,Devas are those who have become gods from humans,மனிதனாக இருந்து கடவுளாக மாறியவர்களை தேவர்கள் என்பார்கள்
என்வால் திருப்பதிம் சொக்கட் த3ர்ஶனொ அப்3பெ3ஸ்,This time I got good darshan in Tirupati,இம்முறை திருப்பதியில் நல்ல தரிசனம் கிடைத்தது
நொவ் கி4ரால்னும் கேது மோக்ஷம் தே3ரியொ கி4ராலு,"Among the nine planets, Ketu is the planet of salvation",ஒன்பது கிரகங்களில் கேது முக்தி தரும் கிரகம்
தை3வலோகுக் கு3ரு ப்3ரஹஸ்பதி,Brahaspati is the Guru of Devaloka,தேவலோகத்தின் குரு பிரகஸ்பதி
புன்னு கெரெ ஆத்மொ ஸ்வர்கு3க் ஜாயி,A blessed soul will go to heaven,புண்ணியம் செய்த ஆத்மா சொர்க்கதிற்கு செல்லும்
பாபுக் தொ3டு3ஞ்ஜெ ஆத்மாக் ஹினல் அப்3ப3யி,A soul that has earned sin will get hell,பாவத்தை சம்பாத்தித்த ஆத்மாவிற்கு நரகம் கிடைக்கும்
க்ரது மென்தொ அர்பணொ கெரத்தெ மெனி அர்து2,Yagya means dedication,யாகம் என்றால் அர்ப்பணித்தல் என்று பொருள்
தே3ஶு மென்க்யான் ஸௌர்யம்கன் ர்ஹாத்தக் இஜ்யொ கெரஸுன்,Yagya is performed for the welfare of people in the country,நாட்டில் மக்கள் நலமா இருக்க யாகம் செய்கிறார்கள்
கொ4ம்மா மென்க்யான் ஸௌர்யம்கன் ர்ஹாத்தக் ஹோம் கெரஸுன்,Homam is performed for the welfare of people in the home,வீட்டில் உள்ளவர்கள் நலமாக இருக்க ஹோமம் செய்கிறார்கள்
அஸ்வக்ரது யாகு3ம் கொ4டா3க் ப3லி தே3னு,A horse is sacrificed in the Ashwamedha Yagya,அஸ்வமேத யாகத்தில் குதிரையை பலி கொடுப்பார்கள்
ப4க்தி காம் அர்பணொ ஸெரொ கெர்னொ,Devotional work should be done with dedication,பக்தி பணியை அர்ப்பணிப்புடன் செய்ய வேண்டும்
பா3ப் ந்ஹீத்தெனுன் அமாஸுக் தர்பணொ கெர்னொ,Those who do not have a father should do tarpanam on the new moon,தந்தை இல்லாதவர்கள் அமாவாசைக்கு தர்ப்பணம் செய்யவேண்டும்
வேது3ன் விஶ்வமுக் கா2ம்பு3கன் ஸே,Vedas are the pillars of the universe,வேதங்கள் பிரபஞ்சத்திற்கு தூண்களாக இருக்கின்றன
த3க்ஷிணாயன காலும் ஒண்ட்டேஸ் வேது3ன் அத்4யயனொ கெர்னொ மெனி ஶாஸ்தர் ஸேத்தெ,"According to Shastra, one should study the Vedas only during the Dakshinayana period",தக்ஷிணாயன காலத்தில் மட்டுமே வேதங்களை படிக்கவேண்டும் என சாஸ்திரம் உள்ளது
ஶாஸ்தர் மெனெத் நியம் ந்ஹீஜியெத் புஸ்தவ் மெனி அர்து2,Shastra means rules or book,சாஸ்திரம் என்றால் விதிகள் அல்லது புத்தகம் என்று பொருள்
நிஷ்டா2ன் தா4னுக் சல்னார் ரொவ்வொ தெனூஸி,Very few follow the rules of Dharma,தர்ம விதிகளின் படி நடப்பவர்கள் மிகச் சிலரே
தௌ4ரொ ஒண்டெ பவித்ரம் ஹொயெ தா2மு,A temple is a sacred place,கோவில் ஒரு புனிதமான இடம்
ரமேஸுரு தௌ4ராம் பி4த்தர் 22 புன்ய தீர்துனுன் ஸே,There are 22 holy theerthas inside the Rameswaram temple,​ராமேஸ்வரம் கோவிலுக்குள் 22 புண்ய தீர்த்தங்கள் உள்ளன
பு3ண்ணி மென்தொ புன்ய தீர்துனும் பு3ட3த்தெ,Holy bathing is bathing in holy water,புனித நீராடல் என்பது புண்ணிய தீர்த்தத்தில் குளிப்பது
மொன்னு ஶுத்3தி4 கெரத்தக் தௌ4ராக் ஜீ பாய்ஞ்பொடு3வாய்,You can visit the temple to purify your mind,மனதை சுத்தப்படுத்த கோவிலுக்கு சென்று கும்பிடலாம்
ஹலது பனி சிலுஞ்சி கே4ர் புனி கெரனு,The house is sanctified by sprinkling turmeric water,மஞ்சள் நீர் தெளித்து வீட்டை புனிதப்படுதுவார்கள்
கெரெ காமு போ2ளு தொ2விகினூஸ் பாப்-புன்னு நிர்ணயொ ஹோஸு,It is only by the effect of action that sin-pious is determined,செய்த வேலையின் விளைவை வைத்தே பாவ-புண்ணியம் தீர்மானிக்கப்படுகிறது
வேன் ஆஸ்தொ பொட3த்தேஸ் பாபுக் காரணொ,The cause of sin is excessive desire,பாவத்திற்கு காரணம் அதிகப்படியான ஆசை
மொன்னு ஜனி பாதகு கெரத் கொன்னி ஜெலுமு தெல்லெ ஸுட்டுனா,"If you do sin knowingly, it will not leave you in any birth",மனதறிந்து பாவம் செய்தால் எந்த பிறவியிலும் அது விடாது
ஹன்மந்து ராம ப4க்துடு3,Hanuman is a devotee of Rama,ஹனுமான் ராம பக்தர்
மொந்துரும் மீ கா3யத்ரி மொந்துர்கன் ஸே - கீஷ்டு ப4க3வான்,In mantras I am Gayatri Mantra - Lord Krishna,"மந்திரங்களில் நான் காயத்ரி மந்திரமாக இருக்கின்றேன் - பகவான் கிருஷ்ணர்,"
நமஸ்கெரத்தெ மென்தொ ஹங்க்ருதிக் ஸொட3த்தெ,Prostration means letting go of ego,தாள்பணிதல் என்றால் அகங்காரத்தை விடுதல்
தே3வுக் பாய்ஞ்பொட3த்தெ ஸிக்கடி3 தீ3 அவத்திஸாயொ ந்ஹா,Worshiping God does not come from teaching,கடவுளை வணங்குவது சொல்லிக்கொடுத்து வருவதல்ல
தே3வுக் வந்தி3தி காமுன் ஹர்ம்ப3ம் கெரத்தெ ப3ரொ,It is good to start work after worshiping God,கடவுளை வழிபட்டு வேலையை ஆரம்பிப்பது நலம்
தே3வு நாவுக் ஸதா3 ஜப்னாருக் பாப் அவ்னா,Sin never comes to those who chants God's name always,கடவுளின் பெயரை எப்போதும் உச்சரிப்பவர்களுக்கு பாவம் வராது
தௌ4ரா கொ3புரும் ஜு2கு3 வித4 புதளானுக் ஸவாய்,Many types of idols can be seen in the temple tower,கோவில் கோபுரத்தில் பல வகையான சிலைகளை பார்க்கலாம்
மூர்திக் ஹாத் தெ4ரி பாய்ஞ்பொட3 ஹோனா,Should not worship the idol by touching it with hands,சிலையை கையால் தொட்டு வணங்கக்கூடாது
பிரார்த2னொ கொ2ப்3பி3ம் வித்தாக் ஜானா,A prayer is never in vain,பிரார்த்தனை ஒருபோதும் வீண் போகாது
ஜு2கு3 தெனு கு3ண்டு3 தய்லிகின் கொர்க்கெல் தே3ஸுன்,Many pay vow of offerings by tonsuring,பலர் மொட்டையடித்துக் கொண்டு நேர்த்திக்கடனை செலுத்துகிறார்கள்
திருப்பதிம் ஜு2கு3 தெனு பன்ட3பன்டா3ல் து4ளஸுனு,Many people do Angapradakshina in Tirupati,திருப்பதியில் நிறையபேர் அங்கப்ரதக்ஷிணம் செய்கிறார்கள்
ஆசார் மென்தொ தெ4ரும் சுட்டுநாத்தக் ர்ஹாத்தெ,Etiquette means not letting go of dharma,ஆசாரம் என்பது தர்மத்தை விடாது இருப்பது
ம்ஹடா3ம் தீ2ன்தி3 ஒக3த் ர்ஹாத்தெ ஆங்கு3 ஆரோக்3யமுக் சொக்கடு3,Fasting for three days in a month is good for health,மாதத்தில் மூன்று நாட்கள் விரதம் இருப்பது உடல் ஆரோக்யத்துக்கு நல்லது
வரலட்சுமி நோம் பூரா பூராக் அம்மானுக் ஹொயெயொ,Varalakshmi fast is strictly for women,வரலட்சுமி நோன்பு முழுக்க முழுக்க பெண்களுக்கானது
ஏகாத3ஸிக் ஜு2கு3 தெனு உபவாஸ் ர்ஹானு,Many fast on Ekadasi,ஏகாதசியில் பலர் விரதம் இருப்பார்கள்
தெ2வ்டெ3தெனு தொ2ள்சி பனி ஒண்டே பீகின் உத3ந்து ர்ஹாஸுனு,Some fast by drinking only Tulsi water,சிலர் துளசி நீரை மட்டும் குடித்து விரதம் இருக்கிறார்கள்
த்4யான் மொன்னுக் ஶாந்தி தே3ஸு,Meditation brings peace to the mind,தியானம் மனதிற்கு அமைதியை தருகிறது
தா3ந்தி கெர்லின் த்4யானும் பி3ஸத்தேஸ் நிஷ்டொ,Nishta is to suppress the senses and sit in meditation,புலன்களை அடக்கிக்கொண்டு தியானத்தில் அமர்வதே நிஷ்டை
தப3ஸ் கெரத்தக் ஏகாந்து அவஸ்யம் பஜெ,Solitude is mandatory for penance,தவம் செய்ய தனிமை கட்டாயம் வேண்டும்
தொபஸ் மென்தொ மொன்னும் கொன்னி ஹவ்டு3னாத்தக் ர்ஹாத்தெ,Penance is not thinking about anything in the mind,தவம் என்பது மனதில் எதையும் நினைக்காதிருப்பது
முன்னாருக் கொன்னி பாதகு அவ்னா,No sin befalls one who is silent,மௌனமாய் இருப்பவருக்கு எந்த பாவமும் வராது
புஜெ கெரத்தவேள் கி4ணிங்கா3ட் ஹவ்லஸுனு,They ring bells while performing puja,பூஜை செய்யும் போது மணி அடிப்பார்கள்
கெ3னங்க்கா4ட் ஸெத்3து3 ஐகெத் து3ர்தே3வதான் த4மி ஜேட3னு,"On hearing the bell sound, demons will run away",மணியோசை கேட்டால் துர்தேவதைகள் ஓடிவிடுவார்கள்
ஜு2கு3 தெ4ருமுனும் ஸம்ப்3ரானி க2ட்டி தொ2விகின் தே3வுக் பாய்ஞ்பொடஸுன்,In many religions people pray God with incense,பல மதங்களில் ஊதுவத்தியை வைத்து கடவுளை வணங்குகிறார்கள்
ஶுக்ரார்தி3 ஸொம்பு3ரானி பொ4வ்ரி பாய்ஞ்பொடஸுனு,"On Fridays, people pray God by lighting Benzoin",வெள்ளிகிழமைகளில் சாம்பிராணி ஏற்றி பூஜை செய்வார்கள்
ஸம்பு3ரானி வஸுனாம் கே4ருஸ் த4வ்ரொ ஸொகன் ஹொய்யாஸு,The house becomes like a temple in the smell of benzoin,சாம்பிராணி வாசனையில் வீடே கோவில் போல் ஆகிவிடுகிறது
அத்திம்பு3ர் வஸுனொ மொன்னும் சொக்கட் ஹவ்ட3ன் துக்கி ஸொட3யி,The smell of camphor induces good thoughts in the mind,கற்பூர வாசனை மனதில் நல்ல எண்ணத்தை தூண்டும்
ஹெம்பினிக் அத்திபூர் ஒண்டெ சொக்கட் ஹொகது,Camphor is a good remedy for asthma,மூச்சிரைப்புக்கு கற்பூரம் ஒரு நல்ல மருந்து
மாரியம்மாக் கொர்க்கெல் தே3த்தக் ஹாதும் ஹொஸ்னி க2ல்லி ஜானு,They will carry a Fire-pot in their hand to pay vow of offerings to Mariamman,மாரியம்மனுக்கு நேர்த்திக்கடன் செலுத்த கையில் தீச்சட்டி எடுத்துச் செல்வார்கள்
வீள் ஹொயெத் தி3வொ பொ4வ்ருனொ,Light should be lit in the evening,மாலையில் விளக்கு ஏற்ற வேண்டும்
தே3வுக் கெரரியொ ஸொவள் உபசாருனும் தி3வா து4வத்தி தெ3க்கட3த்தெ ஒண்டெ,Deepa aarti is one of the sixteen types of services offered to God,கடவுளுக்கு செய்யும் பதினாறு வகை உபசாரங்களில் தீப ஆரத்தி காட்டுதல் ஒன்று
புஜாக் லீதுதி3வொ பொ4வ்ரத்தெ அவ்ரெ ரூடி4,It is our custom to light brass lamps for puja,பூஜைக்கு பித்தளை விளக்குகள் ஏற்றுவது நம் வழக்கம்
சீஸ் தயி மஞ்ஜெத் தி3வாதளொ உடாவ் ஹோஸு,"If rubbed with tamarind, the oil Lamp becomes bright",புளியால் தேய்த்தால் குத்துவிளக்கு பளிச் என ஆகிறது
ம்ஹொட்டொ வைப4வமுக் த2ந்தி3லி தி3வொ பொ4வ்ரிகின் ஹர்ம்ப4ம் கெரஸுனு,The grand ceremony begins with the lighting of standing brass lamp,பெரிய விழாவை குத்துவிளக்கு ஏற்றி ஆரம்பிக்கிறார்கள்
வாத் மொலிஸொடி3 தி3வொ பொ4வ்ரெத்தெ ப3ரொ,It is better to squeeze the wick and light the lamp,திரியை கசக்கிவிட்டு விளக்கேற்றுவது நல்லது
தொ3ரிம் கெரெ தி3வாவாது நிள்ச்சி ஜெலஸு,Lamp wick made of thread burns steadily,நூலில் செய்த விளக்குத்திரி சீராக எரியும்
தி3வொ பொ4வ்ரத்தக் தி3வாபெடி ஒண்டே ப்ரயோக்3 கெரஸுன்,Only matchbox is used to light the lamp,விளக்கேற்ற தீப்பெட்டி மட்டுமே பயன்படுத்துகிறார்கள்
1826 ம் ஜான் வாக்கர் மெனெத்தெனொ விஸ்தவுபெடிக் தெ3க்கிதெ4ர்யாஸி,"In 1826, John Walker invented the matchbox",1826 ல் ஜான் வாக்கர் என்பவர் தீப்பெட்டியை கண்டுபிடித்தார்
தி3வாக2ட்டி ஒல்லொ பொடெ3த் ஹூனும் ஸுக்கடு3வாய்,If the match gets wet it can be dried in the sun,தீக்குச்சி ஈரமானால் வெயிலில் உலர்த்தலாம்
ம்ஹொட்டானுக் பய்ஞ்தொ பொட3த்தெ சொக்கட் மொர்க்3யாத்,It is good respect to prostrate at the feet of elders,பெரியவர்களின் காலில் விழுந்து வணங்குவது நல்ல மரியாதை
ஈஸ்புரு தௌ4ராம் பி3கி3த் ப்ரஸாத்கன் தே3ஸுன்,Vibhuti is offered as prasadam in Shiva temple,சிவன் கோவிலில் விபூதியை பிரசாதமாக தருகிறார்கள்
அம்மா தௌ4ராம் குங்கு3ம் ப்ரஸாத்கன் தே3ஸுன்,Vermilion is offered as prasadam in Amman temple,அம்மன் கோவிலில் குங்குமத்தை பிரசாதமாக தருகிறார்கள்
விஷ்ணுக் பாய்ஞ்பொட3த்தெனு கபா3ல்டு3ர் சுச்சும் லவ்லஸுன்,Worshipers of Lord Vishnu put Namam in their forehead,விஷ்ணுவை வழிபடுபவர்கள் நெற்றியில் நாமம் இட்டுக்கொள்வார்கள்
ஸிர்க்கண் ஆங்கு3க் ஸில்லொ கெரயி,Sandalwood is cooling to the body,சந்தனம் உடலுக்கு குளிர்ச்சியை தரும்
"ஸௌராஷ்டிரர்னு தய்லரியொ நாம் ""U"" ஸொகன் ர்ஹாயி","The Namam that Sourashtrian put will be in ""U"" shape","ஸௌராஷ்டிரர்கள் இட்டுக்கொள்ளும் நாமம் ""U"" போல இருக்கும்"
நாமுகெ3ட்3டொ3 தொ3ளா கெ3ட்3டா3க் பரொ கெரயி,White clay chalk cures eye tumor,நாமக்கட்டி கண்கட்டியை குணப்படுத்தும்
"நாமுபுட்கிம் நாமுகெ3ட்3டொ3, குங்கு3ம், சுச்சும் க2ட்டி ர்ஹாயி","The trident box will have clay chalk, vermilion and a small stick","நாம பெட்டியில் நாமக்கட்டி, குங்குமம், நாமக்குச்சி இருக்கும்"
ஸெந்தெ3 மென்தொ ஸுரிதுக் நுவத்தெ ஸம்ஸ்கார்,Santhyavandanam is a ritual of worshiping the Sun,சந்த்யாவந்தனம் என்றால் சூரியனைப் போற்றும் சடங்கு
தொ3ர்பொ3 அஸ்கி பாபுக் ஜவட3த்திஸானுகெ,Holy grass can cure all sins,தர்பை புல் அனைத்து பாவங்களையும் போக்கக்கூடியது
நிச்சு ஸொளாபா2ர்கின் விள்டாக் புஜெ கெரத்தெ சொக்கடு3,It is good to do pooja every morning and evening,தினமும் காலையிலும் மாலையிலும் பூஜை செய்வது நல்லது
புஜொ கெரெ பூ2லுக் தொளாம் ஒத்துலுவொ,Bow the puja flower with eyes,பூஜை செய்த பூவை கண்ணில் ஒற்றிக் கொள்ளுங்கள்
ஹன்மந்துக் தொ2ள்சி மாலொ க4லி பாய்ஞ்பொட3னு,Anjaneya will be worshiped by garlanding Tulsi,ஆஞ்சநேயருக்கு துளசி மாலை போட்டு வணங்குவார்கள்
மஹாலக்ஷ்மி வஸஸ் கெரரியொ தா2ம் த3மர் பூ2லு,Mahalakshmi's abode is the lotus flower,மகாலட்சுமி வாசம் செய்யும் இடம் தாமரை பூ ஆகும்
பூரி ஜெக3ந்நாத் உத்ஸவும் தீ2ன் ரெத்துனுக் உட்சிலி அவனு,Three chariots are pulled during the Puri Jagannath festival,பூரி ஜெகநாதர் திருவிழாவில் மூன்று தேர்களை இழுத்து வருவார்கள்
தெ2வ்டெ3 ப4க்துடு3ன் அபுல் பா4ருக் ஸமான் ஹொயெ வஸ்துனுக் கரொகன் தே3ஸுன்,Some devotees make offerings of items equal to their own weight,சில பக்தர்கள் தங்கள் எடைக்கு சமமான பொருட்களை காணிக்கையாக செலுத்துகிறார்கள்
ப4கவத் கீ3தாம் யோக்3 700 ஶுலோகுனுன் ஸே,There are a total of 700 hymns in the Bhagavad Gita,பகவத் கீதையில் மொத்தம் 700 சுலோகங்கள் உள்ளன
கர்க்கெலு ம்ஹாடா3ம் அவரியொ ஸொமார்தி3ம் தா3ரும் தி3வொ பொ4வ்ரனு,"On Mondays in the month of Karthika, they put lamps at the door",கார்த்திகை மாதத்தில் வரும் திங்கட்கிழமைகளில் வீட்டு வாசலில் தீபம் ஏற்றுவார்கள்
கர்க்கெலு ம்ஹாடா3ம் அவரியொ கர்க்கெல் நெட்சத்ரு தி3ன்னுக் ம்ஹொடொ3 கர்க்கெல் மெனன்,Karthika star day in the month of Karthika is called Big Karthika,கார்த்திகை மாதத்தில் வரும் கார்த்திகை நட்சத்திர நாளை பெரிய கார்த்திகை என்பர்
ம்ஹொடொ3 கர்க்கெல் தெந்து3ஸ் கத்திபு3த்தில் ஜெலட3டுனு,Palm frond will be burnt on Big Karthikai,பெரிய கார்த்திகை அன்று சொக்கப்பனை எரிப்பார்கள்
த4னினுக் ஒர்ஸுதிஸு தின்னாளுஸ்,A year-round festival for the rich,பணக்காரர்களுக்கு ஆண்டு முழுவதும் திருவிழா
நொவ்ராது உத்ஸவ் ஸொந்தொ3 ஹர்ம்ப3ம் ஹோரஸ்,Navratri festival starts tomorrow,நவராத்திரி திருவிழா நாளை தொடங்குகிறது
மொராத்தெங்கொ3 தெங்கொ3தெங்கொ3 வட்கெ தா4னுக் ஸம்ஸ்கார் கெரன்,The dead will be ritualized according to their custom,இறந்தவர்களுக்கு அவரவர் வழக்கப்படி சடங்கு செய்யப்படும்
தெ2வ்டெ3 தெனு அபுல் கொ4ம்மொ அம்மா புட்3கி தொ2வ்லி ர்ஹானு,Some people keep devotional basket in their house,சிலர் தங்கள் வீட்டில் அம்மா கூடை வைத்திருப்பார்கள்
ரஜொ மெனெத்தெனு ந்ஹன்னொ ராஜ்யமுக் ராஜ்ஜலாத்தெனு,Kings were those who ruled a small kingdom,அரசர்கள் ஒரு சிறிய அரசை ஆண்டவர்கள்
ஜா2ன்ஸி ரணி லக்ஷ்மி பா3ய் பா4ரதும் மேட் ஹொயெ ரணி,Jhansi Rani Lakshmi Bai is the great queen of India,ஜான்சி ராணி லட்சுமி பாய் இந்தியாவின் தலைசிறந்த ராணி
ந்ஹன்ரஜொ மெனெத்தெனொ ரஜா பெ3டொ3,A prince is the son of a king,இளவரசன் என்பவர் ஒரு அரசனின் மகன்
ந்ஹன்ரணி மெனெத்தெனொ ரஜா பெ3டி3,The princess is the daughter of a king,இளவரசி என்பவர் ஒரு அரசனின் மகள்
ஸம்ராட் மெனெத்தெனொ ரஜானுக் ரஜொ,The emperor is the king of kings,பேரரசர் என்பவர் அரசர்களின் அரசர்
ரஜொ தொ3ஸ்காம் முகுட் க4ல்லி ர்ஹாயி,The king wears a crown on his head,அரசர் தலையில் கிரீடம் அணிந்திருப்பார்
ரஜா கிரிடாக் ரெத்தனு தெ3ய்டா3ம் ஸிங்க3ர் ர்ஹானு,The king's crown is adorned with gemstones,அரசரின் கிரீடம் ரத்தினக் கற்களால் அலங்கரிக்கப்பட்டிருக்கும்
முந்த3டி3 கலமு ரஜொ அபுல் பளொ ஸெரொ அவி து3ஸுர தே3ஶுனுக் ஜெவுஞ்சயி,In ancient times the king would come with his troops and conquer other nations,பழங்காலத்தில் அரசன் தன் படைகளுடன் வந்து மற்ற நாடுகளை வெல்வான்
ரஜான் ரௌளும் ஜிவ்யாஸ்,Kings lived in palaces,அரசர்கள் அரண்மனைகளில் வாழ்ந்தனர்
ஶத்ருனுன்ஜொவள் ர்ஹீ அபுலானுக் கப3ட்3லத்தக் ரஜொ து3ருகு3 ப4ந்த்3யெஸி,The king built forts to protect himself from enemies,எதிரிகளிடமிருந்து தன்னைக் காத்துக் கொள்ள அரசன் கோட்டைகளைக் கட்டினான்
கொ4டொ3 ஒண்டெ மஹாப்ரதாப் ஹொயெ மூகு3,The horse is a majestic animal,குதிரை ஒரு கம்பீரமான விலங்கு
ரஜான் அபுல் ரவுளும் கோஸுன் தொ2வ்லி ஹொத்3யாஸி,The kings kept treasures inside their palaces,அரசர்கள் தங்கள் அரண்மனைகளுக்குள் பொக்கிஷங்களை வைத்திருந்தனர்
கே2யி தேலு வஸுனொ ஸிர்க்கணு வஸுனொ ஸொகன் ர்ஹாயி,Agarwood oil smells like sandalwood,அகில் எண்ணெய் வாசனை சந்தன வாசனை போலிருக்கும்
ரெத்து சாத் தேகு ஜா2டு3ம் ர்ஹீ கெரஸுன்,The axle of the chariot is made of teak wood,தேரின் அச்சு தேக்கு மரத்தால் செய்யப்படுகிறது
ஜனக ரஜொ தொ2வ்லி ஹொதெ3யொ ஸிவ த4னு,The Janaka king had Shiva Bow,ஜனக மன்னன் வைத்திருந்தது சிவ தனு
அர்ஜுன் தொ2வ்லி ஹொதெ3 த4னுஷு நாவ் கா3ன்டி3வொ,The name of the bow possessed by Arjuna was Gandiva,அர்ஜுனன் வைத்திருந்த வில்லின் பெயர் காண்டீபம்
ஸ்ரீ ராமுடு3 பா3ண் ஸொட3த்தெமாம் ஶ்ரேஷ்டு2 ஹொயாத்தெனு,Shri Ram is good at shooting arrows,ஸ்ரீ ராமர் அம்பு எய்வதில் சிறந்தவர்
ப3ணொ ஸொட3த்தெ ஒலிம்பிக்கும் ஒண்டெ கா2ளு,Archery is one of the Olympic Games,வில்வித்தை ஒலிம்பிக் விளையாட்டுகளில் ஒன்றாகும்
பீலு தா3ண் லய்டொ3 ஹால்கின் கொனொ ல்ஹொகணு ஹால்கின் ஹொயெயொ,The shaft of the arrow is made of wood and the tip is of iron,"அம்பின் தண்டு மரத்தாலும், முனை இரும்பாலும் ஆனது"
யுத்3து3 வேள் நுத்3து3னு மொன்னு தெ4ய்ர்யம் தே3த்தக் பே4ரி உபயோ3க்3 கெர்யாஸி,War-drums were also used to raise morale of the soldiers during the fight,சண்டையின் போது வீரர்களின் மன உறுதியை உயர்த்த யுத்த பேரிகை பயன்படுத்தப்பட்டன
நுத்3து3ன் அபுல் தே3ஶுக்குர்சி மொரத்தக் மெல்லொ ஐதொகன் ஸே,Soldiers are ready to die for their country,ராணுவ வீரர்கள் தங்கள் நாட்டுக்காக இறக்கவும் தயாராக உள்ளனர்
பளாக் ஸனித3னி கெரத்தக் வேன் ஹன்னவ் வேஸ் ஹோஸு,It costs a lot of money to maintain the army,ராணுவத்தை பராமரிக்க ஏராளமான பணம் செலவாகும்
த3ஸரத ரஜொ மேட்ஹொயெ ரெத்து தொ3வ்டு3னாரும் ஒண்டெனு,King Dasaratha was one of the best charioteer,தசரத மன்னன் சிறந்த தேரோட்டிகளில் ஒருவன்
"ரஜொஜொவள் ரெத்து, ஐஸ்து, கொ4டொ3, பத்தி மெனி சார் பளான் ஹொத்3யெஸி","The king had four armies, namely Chariot, Elephant, Horse and Infantry","அரசனிடம் தேர், யானை, குதிரை, காலாள் என நான்கு படைகள் இருந்தன"
அஸ்கி பளானும் பத்திபளொ ஸீ ம்ஹொட்டயொ,The infantry is the largest of all the forces,அனைத்துப் படைகளிலும் காலாட்படை மிகப் பெரியது
ரஜா பளாக் சல்தொ கெரத்தெனொ ஸேனி,The commander is the one who leads the king's army,மன்னனின் படையை வழிநடத்துபவன் தளபதி
தெனொ கொ4டா3க் க2லின் ஹால் தெ4ரெஸி,He held his horse by the bridle,அவன் குதிரையை கடிவாளத்தால் பிடித்தான்
கொ4டா3க் ஒப்பய தி3க்கும் பி2வ்ரத்தக் பொக்3கு3 நுக3ஸு,The rein is used to turn the horse in desired direction,குதிரையை விரும்பிய திசையில் திருப்ப கடிவாளம் பயன்படுத்தப்படுகிறது
நொவ்வொ ராஜ்ஜும் அஸ்கி சொக்கட் ஸே,All is well with the new regime,புதிய ஆட்சியில் எல்லாம் நன்றாக இருக்கிறது
அவ்ரெ தே3ஶு ராஜதா4னி நொவ்வொ தி3ல்லி,New Delhi is the capital of our country,நமது நாட்டின் தலைநகரம் புது தில்லி
தெனொ ராஜ்ஜிம் காம் ஸாரிஸ்,She works in government,அவள் அரசாங்கத்தில் வேலை செய்கிறாள்
பா4ரது ராஜ்யமுனுக் அபுல்ராஜ் ஸே,Indian states have autonomy,இந்திய மாநிலங்களுக்கு சுயாட்சி உண்டு
ஒண்டெ தே3ஶுக் ஸௌகத்தெ ஸுல்ப்3யம் ஹொயெ காம் ந்ஹா,Ruling a country is not an easy task,ஒரு நாட்டை ஆள்வது எளிதான காரியம் அல்ல
மீ உஜ்வாவ் ஹால் பா4ரது பௌரொ,I am an indian citizen by birth,நான் பிறப்பால் இந்திய குடிமகன்
பௌரானுக் கொ3வத்தேஸ் ரஜா கர்தவ்யம்,It is the duty of the king to protect his citizens,குடிமக்களைப் பாதுகாப்பதே அரசனின் கடமை
ரஜாக் ரக்ஷணொ கெரத்தக் ரக்ஷுணார் ஹொத்3யாஸி,There were guards to protect the king,அரசனைப் பாதுகாக்க காவலர்கள் இருந்தனர்
யுத்3து3ம் ஒடெ3 ரஜொ ஜெவுஞ்செ ரஜாக் கரொ தி3யெஸி,The king who lost the war paid tribute to the victorious emperor,போரில் தோற்ற மன்னன் வெற்றி பெற்ற மன்னனுக்குக் கப்பம் செலுத்தினான்
பெ4டெ3ன் ஸமரி ஹால் ரஜாக் வவ்ரனு,The servants fanned the king using a fly-whisks,வேலைக்காரர்கள் சாமரத்தால் ராஜாவை விசிறுவார்கள்
ஸம்ராட் அபுல் பொ3லம் தெ3க்கட3த்தக் அஸ்வக்ரது யாக்3 கெரனு,The emperor will perform the Ashwamedha Yajna to show his strength,சக்கரவர்த்தி தனது வலிமையை காட்ட அஸ்வமேத யாகம் செய்வார்
ஜ2த3டு3ம் ஜிக3த்தக் ரஜா த்4ருதி முக்யமு,The courage of the king is important to win the war,போரில் வெற்றி பெற மன்னனின் தைரியம் முக்கியம்
ஜ2த3டு3ம் ஜிக3த்தெனொ ஸங்கெ3யோஸ் நைதொ,Justice is what the winner of the war says,போரில் வென்றவர் சொல்வது தான் நீதி
ரணும் ஜு2கு3 நுத்3து3ன் மொர்யாஸ்,Many soldiers lost their lives on the war,போரில் பல வீரர்கள் உயிரிழந்தனர்
பெய்னொ ஆங்கு3க்கின் மொன்னுக் ஶ்ரமொபரிஹார் கெரஸு,Journey refreshes body and mind,பயணம் உடலுக்கும் மனதுக்கும் புத்துணர்ச்சி அளிக்கிறது
கஸிக் யாத்ரா ஜாத்தக் ஜு2கு3தெங்கொ3 ஆஸ்தொ ஸே,Many have a desire to go on a pilgrimage to Kashi,காசிக்கு யாத்திரை போக பலருக்கு ஆசை உள்ளது
தெனு வளுராணும் வாட் ஸார்வொ கெர்யாஸி,They went on a long journey across the desert,அவர்கள் பாலைவனத்தில் தொலைதூரம் பயணித்தார்கள்
தெ2வ்டெ3 பணைதுன் ஒர்ஸுதிஸூ பெய்னொ கெரஸுன்,Some traders travel throughout the year,சில வணிகர்கள் ஆண்டு முழுவதும் பயணம் செய்கிறார்கள்
முயி ஹொல்லொ பெய்னொ கெரத்தெ கௌதுகன் ர்ஹாயி,Traveling on a camel can be a lot of fun,ஒட்டகத்தில் பயணம் செய்வது மிகவும் வேடிக்கையாக இருக்கும்
ரோட்டர்டா3மு ஸ்பிளாஷ் மெனெத்தெ ம்ஹொடொ3பொ3ண்டி3 பனிம் கா2ல் ஸவாரி கெரஸு,The Splash Bus in Rotterdam rides underwater,ரோட்டர்டாமில் ஸ்பிளாஷ் எனும் பேருந்து நீருக்கடியில் சவாரி செய்கிறது
"வாடு3 பெய்னொகன் தெந்துலொ, லட்3டு3, புரினுக் க2ல்லி ஜாஸுன்","They carry Murukku, Laddu, Athirasam as traveling snacks","பயண சிற்றுண்டிகளாக முறுக்கு, லட்டு, அதிரசங்களை எடுத்துச் செல்கின்றனர்"
எச்சட3த்தெங்கொ3 ஜொவள் பாந்துன் ஜாக்3ரதொகன் ர்ஹனொ,Travelers should be beware of cheaters,ஏமாற்றுபவர்களிடம் பயணிகள் கவனமாக இருக்க வேண்டும்
மென்க்யான் ஒர்ஸுதிஸூ பர்யடன் ஜாஸுனு,People keep touring througout the year,மக்கள் ஆண்டு முழுவதும் சுற்றுப்பயணம் செய்கிறார்கள்
மஹாப3லிபுரமு ஜு2கு3 விதே3ஶு பர்யடானுக் ஸவாயி,A large number of foreign tourists can be found in Mahabalipuram,மகாபலிபுரத்தில் ஏராளமான வெளிநாட்டு சுற்றுலாப் பயணிகளைக் காணலாம்
ஸீதாதே3விக் மிளத்தக் ஹன்மந்து ஸுந்து3ருக் லங்கி3 ஜியாஸி,Hanuman crossed the ocean to meet Sita Devi,சீதாதேவியை சந்திக்க அனுமான் கடலை கடந்து சென்றார்
ஒண்டெ ராது ப்ரயாணுக் பெய்னாபெடி பு2ரொ,A suitcase is enough for an overnight trip,ஒரு இரவு பயணத்திற்கு சூட்கேஸ் போதுமானது
பெய்னா வேள் ஜமானுன் உன்னொகன் தொ2வ்லுவொ,Keep luggage to a minimum while travelling,பயணத்தின் போது சாமான்களை குறைவாக வைத்திருங்கள்
ஹன்னவ் மொள்டி கோஸெ?,Where is the money bundle?,பண மூட்டை எங்கே?
பி2ல்லியெ பொ3ட்டானுக் ஒண்டெ மொள்டாம் ப4ந்தி3 தொ2வொ,Pack the used clothes in a bundle,உடுத்திய துணிகளை ஒரு மூட்டையில் கட்டி வைக்கவும்
பூ3ரு ஹால் க4ந்த்ரொ ப4ந்து3வொ,Tie the bundle with palm leaf rope,பனை ஓலைக் கயிற்றால் மூட்டையைக் கட்டவும்
"ப4ந்தி3னி ந்ஹன்னகன் ர்ஹியெத், க2ல்லி ஜாத்தெ ஸுல்ப்3யமு","The smaller the packing, the easier it is to carry","மூட்டை சிறியதாக இருந்தால், எடுத்துச் செல்வது எளிது"
அகாஸும் மெல்லொ வாடுன் ஸே,Even in the sky there are paths,வானத்தில் கூட பாதைகள் உள்ளன
"ரெஸ்தொ செரத்தேட், வாட்தெ3க்கட்னிக் ஸவாய்",Signpost can be found at the road junction,"சாலை சந்திப்பில், வழிகாட்டி பலகையை காணலாம்"
வாட்ஸராவும் சலத்தக் தா2ம் ந்ஹீ,There is no place to walk on the pavement,நடைபாதையில் நடக்க இடமில்லை
ரெஸ்தாக் ஸீஸொரி த3டுனொ,Should cross the road safely,சாலையை பாதுகாப்பாக கடக்க வேண்டும்
ஒண்டெ ல்ஹொகணு ரெஸ்தொ 42 பௌல் (13 மீ) ர்ஹாயி,The length of one rail will be 42 feet (13 m),ஒரு தண்டவாளம் 42 அடி (13 மீ) இருக்கும்
"பா4ரதும் 65,000 கி.மீ ஊபொ3ண்டி3 வாட் ஸே","India has 65,000 km of railway track","இந்தியாவில் 65,000 கி.மீ இருப்புப்பாதை உள்ளது"
பா4ரது ரெஸ்தா வாடு பு4லோகும் தி3வ்வா ம்ஹொட்டொ ரெஸ்தா வாடு,Indian Roadways is the second-largest roadways in the world,இந்திய சாலைவழி உலகின் இரண்டாவது பெரிய சாலைவழி ஆகும்
ராஷ்ட்ரீயகின் ராஜ்ய மஹாரெஸ்தானுன் பா4ரது ஒண்டொண்டெ மூலாக் செர்ச்சரஸி,National and state highways connect every corner of India,தேசிய மற்றும் மாநில நெடுஞ்சாலைகள் இந்தியாவின் ஒவ்வொரு மூலையையும் இணைக்கின்றன
பா4ரதும் வாயுமார்கொ3 1911 ஹர்ம்ப3ம் ஹொயெஸி,Airways in India started in 1911,இந்தியாவில் வான்வழி 1911 இல் தொடங்கியது
கொ3ரு கு3ஷ்டிம் பொள்ளள்னுக் க2ல்லி அவராஸ்,They bring fruits in bullock carts,மாட்டு வண்டியில் பழங்களை கொண்டு வருகிறார்கள்
"வேன் பா4ர் ஹிங்க4டெத், ஸகட3ம் உட்சத்தெ கெஷ்டமு",Heavy load makes it difficult to pull the cart,"அதிக சுமை ஏற்றினால், வண்டியை இழுப்பது கடினம்"
அத்தொ பொ3ண்டி3ன் விஜுலாம் த4மரஸி,Nowadays cars run on electricity,தற்போது கார்கள் மின்சாரத்தில் இயங்குகின்றன
விஜுலா தீ3 செக்குர் பொ3ண்டி3 ஹிந்தொ ஸாமான்யொ ஹொய்யொ,Electric two-wheelers have become common today,மின்சார இரு சக்கர வாகனங்கள் இன்று சர்வசாதாரணமாகி விட்டன
தீ3 செக்குர் பொ3ண்டி3 தொ3வ்ட3த்தக் முது3ல்லாம் பஞ்சலொ ஸிக்குலத்தெ ப3ரொ,Better to learn bicycle first before riding two wheelers,இரு சக்கர வாகனம் ஓட்டும் முன் சைக்கிள் கற்றுக்கொள்வது நல்லது
யந்த்ரு பஞ்சலொ தொ3வ்ட3த்தவேள் தொ3ஸ்கா த்ராணொ தய்லுனொ,A helmet should be worn while driving a motorcycle,உந்துருளி ஓட்டும் போது தலைக்கவசம் போட வேண்டும்
தொ3ஸ்கா த்ராணொ ஜீவுக் கப3ட3யி,Helmets save lives,தலைக்கவசம் உயிரைக் காப்பாற்றும்
தீ2ன் செக்குர் பொ3ண்டி3க் த்யெத4மினி மெனி பொ3வராஸ்,A three-wheeler is called an auto,மூன்று சக்கர வாகனம் ஆட்டோ என்று அழைக்கிறார்கள்
தொ3வ்டு3னார் ந்ஹாத்தெ த்யெத4மினி பொ3ண்டி3ன் அவன் நிகி3ள்டி3யொ,Driverless autonomous vehicles are on the way,ஓட்டுனர் இல்லாத தானியங்கி வண்டிகள் வரத்தொடங்கி விட்டன
ஜு2க்கு ம்ஹொடொ3 பொ3ண்டி3னுக் ஸர்க்கார் த4மட3ஸு,Most of the buses are run by the government,பெரும்பாலான பேருந்துகளை அரசு இயக்குகிறது
அவ்ரெ கே4ர் பொ3ண்டி3 ஸ்த2லாக் லொகு3த்தொ ஸேத்தெ,Our house is near the bus stand,எங்கள் வீடு பேருந்து நிலையம் அருகில் உள்ளது
ந்ஹன்னொ ஜெதொ பெய்னொ கெரத்தக் வாஹனோஸ் மேடு,Vans are best for small group travel,சிறிய குழு பயணிக்க வேன்கள் சிறந்தவை
ப4ரீ ஜமானுனுக் சிஸ்லா பொ3ண்டி3ம் க2ல்லி ஜாஸுன்,Heavy goods are transported by trucks,கனரக சரக்குகளை லாரிகளில் கொண்டு செல்கிறார்கள்
ராதும் மோலு பொ3ண்டி3 ப3ட்கெ வேன் கெர்த்தராஸ்,They increase the taxi fare at night,இரவில் டாக்ஸி கட்டணத்தை உயர்த்திவிடுகிறார்கள்
ப4விஷ்யமு விஜுலா பொ3ண்டி3ன் ஒண்டேஸ் த4மயி,"In the future, only electric cars will run",எதிர்காலத்தில் மின்சார கார் மட்டுமே இயங்கும்
ஊபொ3ண்டி3ன் கொ2ள்ச்யா யந்த்ரும் த4மெயொ ஒண்டெ கலம்,There was a time when trains ran on coal engines,இரயில் வண்டிகள் கரி இயந்திரத்தில் ஓடியது ஒரு காலம்
"ரஷ்யாம் 9,250 கிமீ த4மரியொ டிரான்ஸ்-ஸைபீ3ரியனூஸ் பு4லோகும் லம்பொ3 தொரனு கு3ஷ்டி பெய்னொ","Russia's Trans-Siberian is the world's longest train journey, running 9,250 km","9,250 கிமீ ஓடும் ரஷ்யாவின் டிரான்ஸ்-சைபீரியன் தான் உலகின் நீண்ட இரயில் பயணம்"
ஊபொ3ண்டி3 ஸ்த2லொ ஏட் ர்ஹீ 5 கி.மீ தூ3ரும் ஸேத்தெ,The railway station is 5 km from here,தொடர்வண்டி நிலையம் இங்கிருந்து 5 கி.மீ தொலைவில் உள்ளது
நெத்3தி3 த3டத்தக் புல்னி ஒர்க3யி,Coracle helps to cross the river,ஆற்றைக் கடக்க பரிசல் உதவும்
சகி வத்தென் வேன் பி3ஸ்ஸொ ஜாஸு,Motorboats go very fast,இயந்திர படகுகள் மிக வேகமாக செல்கின்றன
ஹாதுஹால் த4மட3ரியொ நௌகொ ஹல்லு ஜாஸு,Manually operated boats run slower,கைமுறையாக இயக்கப்படும் படகுகள் மெதுவாக இயங்கும்
நௌகாதுன் நெத்3தி3ம் நௌகொ சலட3த்தக் ஒர்க3ஸு,Oars help to steer a boat in a river,துடுப்புகள் ஆற்றில் படகு ஓட்ட உதவுகின்றன
கூபொ முக்யம்கன் வராஹால் த4மஸு,A sailboat is powered mainly by wind,பாய்மரப் படகு முக்கியமாக காற்றினால் இயக்கப்படுகிறது
ஒண்டெ ம்ஹொட்டொ ஸுந்து4ருக் த3ட3த்தக் கொப்பல்ஹால் ஒண்டேஸ் முஸயி,A large ocean can only be crossed by a ship,ஒரு பெரிய கடலைக் கடக்க கப்பலால் மட்டுமே முடியும்
தாரும் ப்ரயாண் கெரத்தெவேள் பூ4ய்ஞ்க் ஜு2கு3 தி3ன்னுக் ஸவானா,Land cannot be seen for several days while sail on a ship,கப்பலில் பயணம் செய்யும் போது நிலத்தை பல நாட்கள் பார்க்க முடியாது
"தெ2வ்டெ3தெனு ஹுடா3ன் நிகு3ளத்தவேள்கின், கா2ல் ஹுத்துரத்தவேள் த4க்கஸுன்",Some people are afraid during take off and landing of an airplane,"சிலர் விமானம் புறப்படும் போதும், கீழே இறங்கும் போதும் பயப்படுவார்கள்"
A380 விமானமு 525 தெனு பி3ஸத்தக் முஸயி,The A380 can seat 525 people,A380 விமானத்தில் 525 பேர் அமர முடியும்
ஹுடா3னு ஸ்த2லொ கொ2ப்3பி3ம் மூகொ3 ஸே,The airport is always crowded,விமான நிலையத்தில் எப்போதும் கூட்டம் உள்ளது
செக்குர் அபுல் சாதுக் சுட்டுபி2ரி அவஸு,The wheel is revolving about its axis,சக்கரம் அதன் அச்சை சுற்றி வருகிறது
செக்குருக் சுட்டுபி2ரட3த்தக் தெகொ3 கா2ல் பனி ஜாரஸி,Water passes under it to rotate the wheel,சக்கரத்தை சுழற்றுவதற்கு நீர் அதன் கீழ் செல்கிறது
சீடிகொ ந்ஹாத்தக் ப்ரயாண் கெரத்தெ பொரொ ஹோயி,It is an offense to travel without ticket,டிக்கெட் இல்லாமல் பயணம் செய்வது குற்றமாகும்
பை2லா ஒர்கு3 ஊபொ3ண்டி3 தரெ ஹுடா3னு தரெக் ஸமான்கன் ர்ஹாயி,First class train fares are almost the same as air fares,முதல் வகுப்பு ரயில் கட்டணங்கள் விமானக் கட்டணத்திற்கு சம்மாக இருக்கும்
முது3ல்லாமுஸ் க2டெ3த் ஹுடா3னு சாச்சி ஸொங்கொ3 அப்3ப3யி,Airfare is cheaper if purchased in advance,முன்கூட்டியே வாங்கினால் விமானக் கட்டணம் மலிவாக கிடைக்கும்
தெ2வ்டெ3 லெக்கு துரிதொ ஜாத்தக் தீ3 செக்குர் பொ3ண்டி3 மேடு,A two wheeler is best for getting to some places quickly,சில இடங்களுக்கு விரைவாகச் செல்ல இரு சக்கர வாகனம் சிறந்தது
பிஸத்தனம்கன் பொ3ண்டி3 தொ3வ்ட3த்தெ அபகா4துக் வாட் கெரயி,Crazy driving can lead to accident,பைத்தியமாக வாகனம் ஓட்டுவது விபத்துக்கு வழிவகுக்கும்
ஜு2கு அபகா4துன் தொ3வ்டு3னாரு அஜாக்3ரதொ ஹால் சலஸு,Most of the accidents are caused by the carelessness of the driver,பெரும்பாலான விபத்துக்கள் ஓட்டுநரின் கவனக்குறைவால் ஏற்படுகின்றன
பொ3ண்டி3 தொ3வ்டத்தவேள் ஸீஸொரி தொ3வ்டு3னொ,Drive watchfully while driving,வாகனம் ஓட்டும்போது பார்த்து ஓட்ட வேண்டும்
மது3ரெம் ர்ஹீ தி3ல்லி இக்கெ தூ3ர்?,How far is Delhi from Madurai?,மதுரையிலிருந்து டெல்லி எவ்வளவு தொலைவு?
து3தூ3ரு ப்ரயாணுக் ஹுடா3ன் மேடு,Air travel is best for long distance travel,தொலைதூர பயணத்திற்கு விமானம் சிறந்தது
பி3ரிட்டனும் அங்கு3 தெ3ய்டா3ம் மொவ்ஜராஸ்,In Britain they still measure in miles,பிரிட்டனில் இன்னும் மைலில் அளக்கிறார்கள்
பாஞ்சு மைல் ஆட் கிலோமீட்டருக் ஸமொ,Five miles equals eight kilometers,ஐந்து மைல்கள் எட்டு கிலோமீட்டருக்கு சமம்
ஸொளொபா2ர் 6 கெ4ண்டொ ர்ஹீ 10 கெ4ண்டொ லெந்து ஜனிஅவ்னி வேன் ர்ஹாஸு,Traffic is heaviest between 6 am and 10 am,காலை 6 மணி முதல் 10 மணி வரை போக்குவரத்து அதிகமாக இருக்கிறது
பராக3ணாக் ப2ராது அண்டு3 பீ3க்கன் ஹோஸு,Ovule develops into seed after pollination,மகரந்தச் சேர்க்கைக்குப் பிறகு சூல் விதையாக உருவாகிறது
சூளுநாளு கொனாம் பூ2ல் பு2லஸு,The flower blooms at the end of the stalk,சூல் தண்டின் முனையில் பூ பூக்கிறது
த3ல்லா பூ2ல் ஜீவணுக் ப4ராட் ஸொட3ஸு,Male flowers release pollen,ஆண் பூக்கள் மகரந்தத்தை வெளியிடுகின்றன
மை ம்ஹகி2 பராக3ணாக் ஸஹாவ் கெரஸு,Honey bees help in pollination,தேனீக்கள் மகரந்தச் சேர்க்கைக்கு உதவுகின்றன
வள்கா பிந்தொ3 ருசிகன் ர்ஹாயி,Tender cucumber is very tasty,வெள்ளரிகாய் பிஞ்சு சுவையாக இருக்கும்
நாய்ப்பான் வேன் கொம்ப்3ளொ ஸே,Betel leaves are very tender,வெற்றிலை மிகவும் இளசாக உள்ளது
இம்ப்3ளொ அங்கு3 கய்லொகன் ஸே,The guava fruit is still unripe,கொய்யாப்பழம் இன்னும் காயாக உள்ளது
கச்செ மிர்க்கைலொ திக்கெ வேன் ர்ஹாயி,Green chillies are very spicy,பச்சை மிளகாய் காரம் அதிகம் இருக்கும்
பிக்கெ பொள்ளள்னு கு3ல்லெகன் ர்ஹாயி,Ripe fruits are sweet,பழுத்த பழங்கள் இனிப்பாக இருக்கும்
ஹுனளாம் ஜு2கு3 பொள்ளான் அப்3ப3யி,A lot of fruits are available in summer,கோடையில் நிறைய பழங்கள் கிடைக்கும்
ஒஜனான் பொள்ளாம்பா3 தொவ்டா3க் கா2ஸுன்,Some eat mango peel,சிலர் மாம்பழத்தோலை சாப்பிடுவார்கள்
எல்லிர் ஆங்கு3 ஹுன்னாக் க2ட3யி,Tender Coconut reduces stomach heat,இளநீர் உடல் சூட்டை குறைக்கும்
கௌனல் ஸோக் அண்சயி,Green tender coconut quenches thirst,பச்சை இளநீர் தாகத்தை தணிக்கும்
ஸௌனல் ஆங்கு3க் சொக்கடு3,Mature tender coconut is better for the body,சிவப்பு இளநீர் உடலுக்கு மிகவும் நல்லது
நரெள் ஹட்கானுக் பொ3லம் கெரயி,Coconut strengthens bones,தேங்காய் எலும்புகளை பலப்படுத்தும்
கெளொ தெ3ள்கொ பொட3த்தக் ஸஹாவ் கெரஸு,Banana helps in weight gain,வாழைப்பழம் எடை அதிகரிக்க உதவுகிறது
கச்சம்பொ3 வேன் க2யெத் போட் து3க்காயி,Eating too much mango will cause stomach ache,மாங்காய் அதிகம் சாப்பிட்டால் வயிறு வலிக்கும்
பொள்ளாம்பொ3 பா4ரது ராஷ்ட்ரீயொ பொள்ளொ,Mango is the national fruit of India,மாம்பழம் இந்தியாவின் தேசிய பழம்
பெ3ஸம் கொ2ப்3பி3ம் கு3ள்ளெகன் ர்ஹாயி,The fleshy part of the fruit is always sweet,பழத்தின் சதைப்பகுதி எப்போதும் இனிப்பாக இருக்கும்
பிள்ளல்னுக் கச்சம்பா3 கீத் ஒப்பாயி,Kids like mango slice,குழந்தைகளுக்கு மாம்பழத் துண்டு பிடிக்கும்
மை ருசி பொ2ன்னிஸு பொள்ளா விஶேஷணொ,Honey flavor is the specialty of jackfruit,தேன் சுவை பலாப்பழத்தின் சிறப்பு
கிச்2சி2ர் விட்டமின் - சி தே3ஸு,An orange provides vitamin C,ஒரு ஆரஞ்சு வைட்டமின் சி அளிக்கிறது
தி3ராக்ஷென் கு3சொ கு3சொகன் ஹொட3யி,Grapes grow in bunches,திராட்சைகள் கொத்து கொத்தாக வளரும்
த3க்கு ரெஸ்ஸு மொதொ3 தே3யி,Grape juice is intoxicating,திராட்சை ரசம் போதை தரும்
ஸீதல்பொள்ளொ ஜீர்ணுக் பி4ள்ளொ கெரஸு,Sugar-apple improves digestion,சீதாப்பழம் செரிமானத்தை மேம்படுத்துகிறது
த4னிம் பொள்ளொ ரெகது3 கி3ண்ணிக் வேன் கெரஸு,Pomegranate increases blood count,மாதுளை இரத்த எண்ணிக்கையை அதிகரிக்கிறது
த3ளிம் பொள்ளொ ரெகது3க்ஷயமுக் சொக்கடு3,Pomegranate is good for anemia,மாதுளை இரத்த சோகைக்கு நல்லது
த3ணிங்கைலா பி3ஜ்ஜட் கை2ராஸ்யா?,Have you eaten Pomegranate Pickles?,மாதுளங்காய் ஊறுகாய் சாப்பிட்டதுண்டா?
சி2க்கொ கெண்டா3க் புஷ்டி கெரஸு,Sapodilla nourishes the skin,சப்போட்டா சருமத்திற்கு ஊட்டமளிக்கிறது
கி4ராஸு பொள்ளொ கு3ண்டெ3ன் து3ன்னொ அவ்னாத்தக் கப3ட3ஸு,Pineapple protects against heart attacks,அன்னாசிப்பழம் மாரடைப்பு வராமல் பாதுகாக்கிறது
ஜா2டு3 பொள்ளா ருசி அம்ப3ட் கு3ள்ளெகன் ர்ஹாயி,The taste of pineapple is sour and sweet,அன்னாசிப்பழத்தின் சுவை புளிப்பு இனிப்பாக இருக்கும்
நிச்சு ஒண்ட ல்ஹொவொ பொள்ளொ க2யெத் ஒய்து3க் து3தூ3ர் தொ2வாய்,An apple a day can keep the doctor away,ஒரு நாளைக்கு ஒரு ஆப்பிள் சாப்பிட்டால் மருத்துவரைத் தள்ளி வைக்கலாம்
"கொய்யாபொள்ளாம் ல்ஹொவொ, ஹுஜால் மெனி தீ3 ப்ரகார்னு ஸே","There are two varieties of guava fruit, red and white","கொய்யாப் பழத்தில் சிவப்பு, வெள்ளை என இரண்டு வகைகள் உள்ளன"
இம்ப்3ளொ மல ப4ந்தி3னிக் திர்ச்சயி,Guava helps relieve constipation,கொய்யாப்பழம் மலச்சிக்கலைத் தீர்க்கும்
ஒர்ஸும் தீ3 ம்ஹடொ3 ஒண்டேஸ் பியரி பொள்ளொ அப்3ப3யி,Pears are available only two months of the year,வருடத்தில் இரண்டு மாதங்கள் மட்டுமே பேரிக்காய் கிடைக்கும்
போ4ரு பொள்ளொ ஆங்கு3க் ஸில்லொ கெரயி,Jujube cools the body,இலந்தைப்பழம் உடலை குளிர்ச்சியாக்கும்
ஜெம்பு3 பொள்ளொ களொநிளா வனிம் ர்ஹாயி,The Blackberry is dark blue in color,நாவற்பழம் கருநீல நிறமுடையதாக இருக்கும்
லிமுஸு பொள்ளொ க2யெத் தோன் வஸுஞ்சயி,Mouth stinks if you eat madras thorn,கொடுக்காப்புளி சாப்பிட்டால் வாய் துர்நாற்றம் அடிக்கும்
லிம்பு3 பி3ஜ்ஜட் அஸ்கி கொ4ம்மானும் ர்ஹாயி,Lemon pickle is available in every home,எலுமிச்சை ஊறுகாய் எல்லா வீட்டிலும் இருக்கும்
வினாயிக் கொவுட்டு பொள்ளொ தொ2வி மட3னு,Vinayaka Chaturthi is celebrated with wood-apple,விநாயக சதுர்த்தியை விளாம்பழம் வைத்து கொண்டாடுவார்கள்
ஸும்புடு3 பொள்ளொ நீமு பொள்ளொ ஸொகன் ர்ஹாயி,Assyrian plum looks like neem fruit,மூக்குசளி பழம் பார்ப்பதற்கு வேப்பம் பழம் போல் இருக்கும்
கோ2ஜாம் பனி போஷணொ ஜு2க்கு ஸே,Watermelon has a very high water content,தர்பூசணியில் நீர்ச்சத்து மிக அதிகம் உள்ளது
உம்ப்3ளொ ஆங்கு3க் புஷ்டி கெரஸு,Figs nourish the body,அத்திப்பழம் உடலுக்கு ஊட்டமளிக்கிறது
உம்ப3னொ கு3ண்டெ3க் பொ3லம் கெரயி,Figs strengthen the heart,அத்திப்பழம் இதயத்தை பலப்படுத்தும்
பீ4ஸு தா3து3 க்ஷயமு ர்ஹீ கப3ட3ஸு,Black dates protect teeth against decay,சிற்றீச்சம்பழம் பல் சிதைவிலிருந்து பாதுகாக்கிறது
பெச்சம் பொள்ளாம் ல்ஹொணு போஷணொ ஸே,Date fruit is rich in iron,பேரிச்சம் பழத்தில் இரும்புச்சத்து அதிகம்
அரபு3 தே3ஶும் க2ஸ்லொ ஜு2க்கு பிக்கஸு,Dates are widely grown in Arab countries,அரபு நாடுகளில் பேரிச்சம்பழம் அதிகம் விளைகிறது
கீ2ஸ் க2யிகின் ஓக3த் முஸட3த்தெ ப3ரொ,It is good to end the fast by eating dates,பேரீச்சம்பழம் சாப்பிட்டு விரதத்தை முடிப்பது நல்லது
கீ4ஸுக் மைம் பி3ஜ்ஜடி3 க2வாயி,Dates can be soaked in honey and eaten,பேரீச்சம்பழத்தை தேனில் ஊறவைத்து சாப்பிடலாம்
க2ஜ்ஜுரும் ர்ஹீ ஹல்வா கெருவாயி,Halva can be made from dates,பேரிச்சம் பழத்தில் அல்வா செய்யலாம்
போடு3க் ஸில்லொ கெரத்தெமாம் துங்க ஸிரேஶ்டு,Tender Palmyra fruit is the best in cooling the stomach,வயிற்றுக்கு குளிர்ச்சி தருவதில் நுங்கு சிறந்தது
தும்ப2ல் தாக் தாக்கன் ர்ஹாயி,Palmyra fruit is highly fibrous,பனம்பழம் நார் நாராக இருக்கும்
தாடி3 கெளங்குகுக் ஸுவ்ஜிகின் கா2னு,Palmyra tuber is boiled and eaten,பனங்கிழங்கை வேகவைத்து சாப்பிடுவார்கள்
தாடி3 பு3ள்ளொ க2யெத் போட்பு2கி3 ஹிம்ஸொ அவயி,Eating palmyra tuber can cause flatulence,பனங்கிழங்கு சாப்பிட்டால் வாயுத்தொல்லை ஏற்படும்
