source,target
akaraati,dictionary
nikant'u,dictionary
kosh,dictionary
adhyaay,chapter
videshu bhaasho',foreign language
raajaneeti,politics
raajaneeti saastru,political science
raajaneeti nyaan,political science
kaaryaalayo',office
sadusht'am,clue
se'guna,clue
soosano',clue
vignjaan,science
vaddi,teacher
o'ddi,teacher
o'rsuparishe',annual examination
vaarshika pariksho',annual examination
o'rsuvaibhav,annual function
samsodhano',research
samsodhanasaalo',research laboratory
samsodhanaapo'ti,thesis
samsodhanaa,research scholar
vyaktibhaav,personality
svabhaav,personality
samattu,skill
nipunatvo',skill
sankeeta kansaalo',music college
prakri'ti,nature
vyaakarano',grammar
saahityo',literature
gdyo',prose
sambhaashano',conversation
likhlo',"pen, pencil"
tare',fee
vyaaso',essay
le'khu,letter
lhe'kho',"arithmetic, account"
heesu,"arithmetic, account"
ganiit,mathematics
khe'ni,story
khe'to',story
abhipraayu sadas,seminar
kalaa saalo',college
eegu vidyo' che'duv,education
kavi,poet
kavito',"song, poem"
igad'aste,teaching
che'vdini,learning
sikkini,learning
kal'jam,paper
kaavyo',epic
soochano',notes
soochanaapo'ti,notebook
aiki likhini,dictation
pusni,question
pusaav,question
haatashar,"handwriting, signature"
haatupo'ti,handbook
neetiniyamo',policy
siddhaantu,theory
chitru,picture
losu,picture
chittar,picture
yochano',thought
nankhe'ni,short story
laikaasukal'je'm,newspaper
samaachaarupatro',newspaper
gavno',poetry
padyam,poetry
slok,poetry
vatto',word
ko'sh,lexicon
sabda bhand'aar,lexicon
so'dhano',test
pareeksho',test
mantu,mistake
chook,mistake
kunt'u,mistake
maay bhaasho',mother tongue
maatrubhaasho',mother tongue
kalje'm,paper
naipunya,skill
vimarsano',criticism
gunadosha vichaar,criticism
vibhaag,department
pareeshe',examination
pareeshaa thaam,examination centre
aarambha huri,primary school
vattaa to'ran,sentence
chaalchalan,behaviour
chalni,behaviour
nat'ano',dance
naachu,drama
lo'kkhe'ni,folk tale
lokgeet,folk song
desigeet,folk song
po'ti,book
pustav,book
pustiko',book
po'tiggher,library
bhand'aarugher,library
varnamaalo',alphabet
lakshyo',aim
dhye'yu,aim
po'k,page
put'o',page
snaatako',graduate
upaadhi,degree
chqtuv ko't't'o' vaachakasaalo',reading room/library
che'duv,studies
eeg,studies
pharam,form
rasini,creative work
sanchiko',magazine
je'vaap,answer
abhyaas,learning
jem,prize
paaritosiko',prize
pariso'dhano',experiment
parksho',examinations
sarvakalaasaalo',university
huri,school
junnavaachu,proverb
praavaachu,proverb
geet,song
paat'havivarano',syllabus
paat'hapustav,textbook
paat'h,lesson
po'ro',error
mantu,error
laamkhe'ni,novel
no'vvakavito',"modern poetry, free verse"
puraano',mythology
mhaa o'ddi,professor
liklo',pen
vishayu,subject
yantruvidyo',engineering
yantru vignjaan,engineering
po'nti,competition
spardho',competition
o'ydapan,treatment
ho'gat,medicine
nhurunu huri,nursery school
vidyaarti,student
vidyaarttini,student
phailavargu,first class
pradhaano'ddi,principal
phailashreni,first rank
mai,ink
bhaasho',language
bhaashaa reeti,language style
bhaashaa marchini,translation
anuvaad,translation
bhaasaantar,translation
tarjamo',translation
bhaashaavignjaan,linguistics
varku,classroom
charitru,history
shabdu ha,word
vagnjaan,science
vagnjaani,scientist
sho'd'ni,leave
shod'u,leave
so'd'vaar,holiday
javaab,answer
vivaat,debate
prashno',question
pusini,question
prashna patro',question paper
ko'mmaa abhyaas,home work
je'lmin,aluminium
lho'gan,iron
ke'stul,lead
lohu,metal
panchalohu,"an alloy of iron, gold, silver, brass and copper"
addam,glass
hapaan,glass
davno',glass
mukro',glass
gaantam,magnet
tambe',copper
tamburam,copper
tal,tin
te'kat',tin
so'nno',gold
so'rnu,gold
apranji,gold
tuttanaag,zinc
naag,zinc
leetu,brass
kaso',bronze
ruppo',silver
kot',where
kitka,how many
kitkayo',how manieth
kon,how manieth
kiso',how
konak,how
kisaayo',what type of
kisaaye',what type of
kho'bbo',when
kiso',what way
ko'n dinnu,which day
kaay,what
kaayo',what
kone',what
konye',what
angeekaar,recognition
achchu,axis
t'anku,axis
patravaahini,post
patravaahako',postman
patravaaho',postman
lekhuvaan,postman
patravaaha kaaryaalayo',post office
kosht'u,"table, schedule"
ud'gad'ni,oppression
damano',oppression
kudo',pawn
kudo',mortgage
khaaldal' khaalde'l'am,basement
aadhaaru baatyato',fundamental right
srenichaal,parade
atkayaar,"power, authority"
atkyaari,officer
mantri kaaryaalayo',ministry
mantri,minister
amaatyo',minister
mantrisabo',cabinet
shaanti,peace
sanghat'iko',organizer
sanchalanakaaro',organizer
vides,foreign country
bharal'ates,foreign country
rajo',king
raat',king
bhoopo',king
bhoopati,king
rani,queen
raat'al'i,queen
samsthaapano',constitution
samvidhaa,constitution
raajaneetivaan,politician
sarkaar,government
raajaangu,government
raajbhavan,government house
ravul',palace
praasaado',palace
ekak,unit
ikaay,unit
laat',wave
kaaryaalaya bhasho',official language
atkaari,officer
avsaru saasano',emergency rule
aapatkaalu saasano',emergency rule
avsarsthiti,emergency
bo'vnighaat',calling bell
parimaan,size
prakat'ano',report
aavedano',report
vishayakal'ad'ni,report
prakad'naar,announcer
prakad'ano'ke'rnaar,announcer
vishayu kal'ad'naar,announcer
soochano',"notice, announcement"
soochanaa po'lko',notice board
anumat,permission
anumat soochi,permit
anubhav,experi ence
kabjo',encroachment
aakramano',encroachment
saasano',rule
sausaste',rule
sausini,rule
raajya bhasho',administrative language
aajnye',order
niyogo',commission
aayog,commission
niyogi,commissioner
aayoki,commissioner
adlan,support
adni,support
laab,profit
adaav,profit
prabhutvo',domination
arkyaar,domination
aadhipatyo',domination
utpaadanasulko',excise duty
sulko',tax
karo',tax
aayusdand'ano',life imprisonment
utsaah,zeal
kavtuko',zeal
aalosano',suggestion
abhipraayu,suggestion
likhe'pattar,record/document
lekha pramaano',record/document
saasanapaksho',ruling party
raajpaal,governor
raajpaalano',governance
o'ppilini,"consent, accord"
sammat,"consent, accord"
kabandusarkaar,interim government
antarnishe'dh,interim stay
mhaddimu hibbad'ni,interim stay
de'rkali,"middle man, broker"
mhadyavarti,"middle man, broker"
avd'akaalu chunaav,mid-term pole
mhaddim hibbad'ni,suspension/interruption
avalambno',suspension/interruption
tatkaalu hibbad'ni,suspension/interruption
e'ngini,accordance
anuroopato',accordance
saha mantiri,minister for state
se'rchanbhaasho',link language
sandi bhaasho',link language
samyukta sangho',federation
sanjike',issue
bhaaratanirvaahusevo',Indian Admini strative Service
bhaarata aparaadhu saasano',Indian Penal Code-IPC
aandol,movement
kaaryaalaya sangamo',directorate
nirvaahi,director
nirdesak,director
adhyaksho',director
adyaay,chapter
charkaa,charkha
uraavso'raav,"stock, balance"
lakshayo',target
mudro',"stamp, seal"
vibhaaka,department
yuvaraat',prince
yuvaraani,princess
yuvaraajnyi,princess
hutturaav,import
hutturaat',import
prati pho'l',compensation
ungjamiti,ceiling
ul'l'u,abetment
sahachaar,"agreement, treaty, pact"
sandhi,"agreement, treaty, pact"
paraspara sammando',co - relation
paraspara o'stapan,co - relation
aahaaru vibhaag,food department
khani vibhaag,food department
uttaravaad,guarantee
aakkudo',order
sahakaar,aid
sahaav,aid
upa mantiri,assistant minister
upa doota nivaas,consulate
vetano',stipend
upir,surplus
ven,surplus
addi,surplus
atirikta,surplus
ichchaa pattar,will
anuknjaa putro',licence
baadyo',right
bad'yavaan,"owner, proprietor"
junatvaan,farmer
kheti,farmer
graha vibhaag,home department
vishaya suchiko',content
antar raajji,local ad ministration
niveshyo',input
utpad,production
utpaadano',production
dhid'avaak,oath
angasthu,member
so'mbul'o',"salary, emo luments"
ve'tano',"salary, emo luments"
vaahano',vehicle
jaanvaas,procession
sobhaayaatro',procession
o'raat,procession
chut't'u,procession
giraamyo',rural
gaamanchan,curfew
sanchaaru nashedhano',curfew
panangchaayat raajji,panchayat
pangchaayatagher,panchayat union
brasht'aachaar,corruption
malinaachaar,corruption
sevo',service
sevako',servant
sevo' ke'rnaar,servant
sankhyaapo'lko',number plate
vibhakshu,opposition party
toksani,expectation
prateeksho',expectation
pratidhvani,echo
pratichaayaa,reflection
prati bimbu,reflection
ekaadhipati,autocrat
svechchaachaari,autocrat
e'lge',border
addu,border
seemo',border
seemaa te'guraal,border dispute
addu te'guraal,border dispute
lipiko',clerk
gumasto',clerk
che'duvu nyaan,literacy
lekhanasaamagri,stationary
lekhavastu,stationary
e'jamaan,master
mo'dral'i,master
svechchaachaar,autocracy
ekaadhipati,autocrat/ dictator
sarvaatikaari,autocrat/ dictator
anukramo',arrangement
sveekaar,acceptance
angeekaar,acceptance
o'ppilni,acceptance
ungcha khaal,fluctuation
hingaav,export
niryaat,export
hingaat',export
aikya raasht'ra samstaan,United Nations Organisation
aikya agrani,United Front
do'ppaa tho'vni,adjournment
sahakaar,co-operation
sahayog,co-operation
vibhaajano',allotment
paravaso' ke'rni,handover
o'ppanda soochano',tender
o'ppandam,contract
haatu akshar,signature
sveekarni,acknowledge ment
praapti sangini,acknowledge ment
letani,surrender
aikya bhaavano',integration
niyamo',regulation
dho'nine'rpini,broad casting
dho'ni prasaar,broad casting
roopu ne'rpini,telecasting
roopu prasaar,telecasting
lugjaani,spy
guptachaari,spy
gupto',spy
gud'aachaari,spy
kudvo',mortgage
changam,union
vaak,vote
matadaan,vote
vaagdaan,vote
vaak baatyo',franchise
visraanti,retiring
virati,retiring
kakshi,party
sulkam,fare
daro',fare
mol,fare
ke't't'o',bundle
niyamo',con trol
jala seno',naval force
reen,debt
reenubhaar,liabilities
se'vkan,peon
gavunji gavunjunaar,supervision
nireeshano',supervision
lhe'kakait,accountant
lhe'kko' he'd'ni,enumeration
ganano',enumeration
ganini,computer
heesunel,computer
lhe'kkani,computer
bandhu,"bandh, lock-out"
abhipraaya,"opinion, idea"
ooho',assumption
oohano',assumption
lhe'kkaav,calculator
po'kkisham,treasury
vittakosh,treasury
vidyaa mantri,education minister
vidyaa vibhaag,education department
misrano',adulteration
mista jaat,"cross-breed, hybrid"
udaaseen,negligence
upe'ksho',negligence
sabho',association
samsthaan,association
bhid'ni,discount
dhaatu,ore
khajaano',treasury
hannavu patatr,cheque
rashanakarni,insulation
rashana bharti,insurance
musini,termina tion
po'lisnireeksako',police inspector
thaanaa nirikshako',police inspector
rhakkait,watchman
rhakkuvaan,watchman
thaanaavibhaak,police department
thanaytu,policeman
kid'd'anki,godown
nhanapo'rse',hamlet
nhangaam,hamlet
nhan po't'kyaat',hamlet
gana tantru,"republic, democracy"
gana raajyu,"republic, democracy"
prajaa prabhutvo',"republic, democracy"
janaatipati,president of the country
prajaa baatyu,citizenship
naagarikato',citizenship
kut'umba nirot,family planning
kut'umba kshema vibhaag,family welfare department
o'tti,lease
gumsto',clerk
gumpu,group
aparaadh,accusation
chhukghalni,accusation
aparaadh,"default, fault"
chinhun,signs
gurtun,signs
sintusankhyo',index number
sinhu,"index, code"
gurtu,"index, code"
unna po'd'e'yo',minimum
unna pakshu,minimum
paksha aikyato',front
moogo',crowd
gumpumil'ni,crowd
mil'ni,crowd
magini,demand
khelu kriyo',entertainment
manoranjan,entertainment
haatu mago',handloom
bhandi,prisoner
tush prayog,misappropriation
reenubandi,bonded labour
dho'j,flag
dho'ja sthambu,flag post
lakshyu,policy
dhyeyu,policy
vibhaag,division
durug,fort
niyamo',policy
siddaantu,policy
kon,angle
ko'no',angle
drusht'ikon,angle
po'mat',file
makini,"demand, requisition"
ko'ri,"demand, requisition"
vargu,group
gosht'i,group
chakravartti,emperor
bhai-bhe'ynanupan,brotherhood
sangam,association
sangho',association
sat't'asabho',legisla tive assembly
vidhaan saudho',legisla tive assembly
vidhaanu saudho',legisla tive assembly
vidhaan sabho',legisla tive assembly
saasanamarchini,amendment
saasana tidtuval'ii,amendment
saasana soodhaar,amendment
saasano',"act, law"
vidhaan,"act, law"
sat't'asbho',le gislative assembly
satyaagraho',"satyagraha, protest"
se'ttar,choultry
sati,conspiracy
sabhaanaayako',assembly speaker
so'mpul'aa che't'ni,pay raise
so'mbul'o',salary
pagaar,salary
samaanupan,equality
saamaadaan,peace
samudaay,society
samoohu,society
sarvaadhikaar,dictatorship
sarvaadhikaari,dictator
ramaarami,average
se'lke',concession
sahaavu,concession
saadhano',achievement
upalabdhi,achievement
labinchini,achievement
samsyo',problem
prasno',problem
unnaves,"economy, thrift"
so't't'u,"economy, thrift"
vikaar,decay
nasinam,decay
sitil,decay
subarchi,recommendation
simhaasano',throne
simhoo aasano',throne
alpa sankhayo',minority
nhanna daavo',petty case
kaaraagra_u,"jail, prison"
je'yil,"jail, prison"
mudro',symbol
chinhu,symbol
vaakkucheet',ballot
sukarni,reformation
sudhaar,reformation
samaroopa vastar,uniform
sulkam,excise duty
sulko',excise duty
sutandaru,freedom
dushprayo'k,exploitation
sankshe'pu,abridgement
bheetur de'vsini,wall-poster
chut't'ur kal'ad'ni,circular
paripattar,circular
maraamattu,repair
sudharano',repair
chamskarano',repair
soochana vibhaag,information department
samaachchaaru vibhaag,information department
sachivaalayo',secretariate
kaaryadarsi,secretary
brabhaav,influence
vesun,items of expenditure
vesa,expenditure
de't't'u,intensity
kshati,damage
setaaram,spoilage
uraava,savings
senaadhipati,army chief
saykano',signal
samijnyu,signal
so'ttu,assets
vivaat,dispute
te'guraal,dispute
yogyato',"qualification, eligibility"
laagito',"qualification, eligibility"
t'ankanakarto',typist
maargu,route
aad'd'amun,obstacles
ad'd'in,obstacles
baadhaan,obstacles
dand'ano',"fine, penalty"
dand'ano',punishment
se'rkarani,audit
le'khko',audit
lhe'kkaa nireekshano',audit
lhe'kkaa sodhano',audit
te'raku hannav,brokerage
pakashavaanun,parties
sreni,"grade, standard"
unnati,"grade, standard"
virtaa bhunyi,wasteland
nista bhui~,wasteland
dal'apal'o',land army
dal'a se'no',land army
pada seno',land army
raajadhaani,capital city
agraasanupan,leadership
agraasano',leadership
agraasanaadhipati,"leader, president"
ribe't',"discount, rebate"
do'pbide'ni,"discount, rebate"
unna ke'rni,"discount, rebate"
upakarano',equipment
svaya ad'hikaar,autonomy
svachalni,automation
o'nt'iyaal',individual
o'nt'avyakti,individual
maar,attack
maatru bhaasho',mother tongue
yojanaa aayog,planning commission
yojano',plan
tinchini,imposition
adhiropano',imposition
divaal,insolvent
dhivaan,diwan
ugravaati,extremist
tirmaan,resolution
nirnayo',resolution
teervo',duty
uparaasht'rapati,vice-president
upavithi,by-law
nirmalikarano',sanitation
suddhi paalano',sanitation
taaru re'm,harbour
naavure'm,harbour
navkaa rem,harbour
dutanivaas,embassy
dooto',messenger
parisuddhi,cleanliness
nil'chini,stagnation
de'sabhakto',patriot
desabhakti,patriotism
raasht'ru,nation
de'su,nation
raasht'rajhand'aav,National Flag
raasht'ragaanam,National Anthem
de'sugeet,National Anthem
raasht'rabhaasho',National Language
chunaav,election
nirvaachan,election
paje'nto',need
nirvaachanu bhaag,constituency
sankalanako',compiler
vyaasikarto',compiler
sankalano',compilation
vyaas,compilation
ro'kkam,amount
dhanaraashi,amount
se'vkan,volunteer
doora likhni,telegram
kaaryo',labour
kaam,labour
kaaryavaan,labourer
kaamke'rto',labourer
kaaryastho',labourer
kaamu po't't'e't',industrial estate
kaaryaghano',industrial estate
udde's,approximation
saameepyato',approximation
unna upir,approximation
singait,comrade
se'ngati,comrade
sahavaasi,comrade
se'ngavi,comrade
nagarasabho',municipality
graama sangho',municipality
nagara paaliko',municipality
chaalchalan,movement
kriyaakramo',action
madhya sarkaar,Central Government
ulaasuvaat',pavement
chalanvaat',pavement
ne'sht'i nivaarano',compensation
naagreeg,civilization
samskruti,civilization
dinnu so'mbul'o',daily wage
graamyajaat,local race
sthaleeyajaat,local race
raasht'ra jhand'av,National Flag
de'su jhand'aav,National Flag
raasht'rageet',National Anthem
de'sugeet',National Anthem
raasht'ra bhakti,patriotism
de'subhakti,patriotism
naagareekato',citizenship / nationality
de'siyato',citizenship / nationality
lok sabho',parliament
raasht'ru,country
de's,country
kaarya chaalano',event
vaibhav,event
kaaryakramo',"agenda, programme"
hannavu,fund
nighi,fund
niti vibhaaga,finance department
nipandano',condition
nirvaah,administration
kramo',series/sequence
nirupano',proof
pramaan,proof
rooju,proof
sreni,range
thaamu karo',land tax
sthaapano',institute
yokyato',merit
neetipati,judge
niyaayaadhipati,judge
neetisthal,court
upayogu vastun,consumer`s goods
nugan vastun,consumer`s goods
upayoga,consumption
nugini,consumption
turni,entry
pre'vsh,entry
irkat',crisis
sangat',crisis
vago' pari sodano',analysis
sahayo'g,contribution
vat'o',share
dugaal'u hannav,dearness allowance
dugaal'u bharto',dearness allowance
dugaal',famine
seno',army
pal'o',army
bil,bill
raseetu,bill
jaapito',list
japto',list
sambhavano',allowance
hani,"attack, aggression"
jhe'd'aa aydu,arms
senaa dal'avaad'un,arms
senaapati,army chief
dalakarto',army chief
denaa dal',regiment
padaarthun,commodity
bho'nnamun,commodity
kalaachaar,culture
samskruti,culture
udyog,profession
kaam he'd'ni,dismissal
kama marchini,transfer
kaamu jesht'apan,seniority
kaaryaavaan,employees
padavi,"position, job"
padavi hutraav,demotion
padavi hingaav,promotion
padavikhal'l'ini,sworn in
padavi kaala,tenure
jhat'thi,editor
o'ddi,editor
nimpini,edition
samskarano',edition
nimpini baadhyato',copy right
bharti,substitute
bo'dul,substitute
panchiko',registration
nirdeso',registration
panchiko' pattar,register
se'ttar,travellers bungalow
bho'gunaar,beneficiary
sikshaa maadyo',medium of education
paripaalano',maintenance
pariseelano',consideration
suparchi,recommendation
parivartano',exchange
nidhi unno',"shortage, deficit"
phuro' phurnaaste',"shortage, deficit"
parru,debit
jani,debit
apaharano',seize
pani sinchaav,irrigation
rakshano',defence
loksabho',parliament
doot utpaadanasaalo',dairy
chunaavu prachaar,election campaign
jameena,surety
bharti,bail
pradhaan mantiri,prime minister
bo'dul vaati,representative
pratesu,territory
prabhu,lord
prajo',citizen
vibhaaga,cell
anubandhu,appendix
paskat'vargu samoohu,backward class people
paskat' po'd'e' samoohu,backward class people
janmaandaramu,birth rate
paskad'usamoohu,back ward
pukaar,complaint
abhiyoga,complaint
no'vvakarano',renewal
no'vvake'rni,renewal
kraanti,revolution
vadanti,rumour
vichaarano',investigation
anvesano',investigation
sarkaaru thaam,government land
vistaar,amplifier
vilaas,amplifier
bahu sankhyato',majority
adhikato',maximum
upir,maximum
raajaadhirajo',emperor
mhaaraat',emperor
saamraat',emperor
chakravarti,emperor
laamraajyu,empire
saamraajyu,empire
mahaa sabho',general body
nagarapaaliko',municipality
le'd'jar,ledger
vyakti lhe'kkaa pustav,ledger
pe'ret',ledger
saadhaaranasabho',public meeting
saarvajanik sabho',public meeting
saarvajanik vibhaag,public sector
lo'ka vibhaag,public sector
loka granthaalayo',public library
saadhaarana viraam,public holiday
aarthika sthiti,economy
kaaryabhaar,incharge
jani,trend
pravarti,trend
spardhan,competition
yuddhu,war
aarbhaat'o',agitation
aarbhaat'o' ke'rnaar,fighter
yo'ddhu,fighter
jana sankhyo',population
madhyasarkaar,Central Government
kendra sarkaar,Central Government
aakalano',"estimate, assessment"
moolya nirdhaarano',value
parisraama sulko',honorarium
sambhaavano',honorarium
madhu niro'dhano',prohibition
sachivo',minister
nhaame'nni,denial
punarphulano',renaissance
punar jeevano',rehabilitation
raat'a,king
piraarthanaa patru,application
ko'ri patru,application
mahaa nagarapaaliko',corporation
sammelano',conferance
raajya sarkaar,state government
praantu,state
saamraat'a,emperor
saamyavaad,Marxism
jillo',district
maanyam,grant
punar praapti,recovery
kavni,balance
uraav,balance
ko'v daayo',balance
ses,balance
pratinit'i,agent
saamraat'u paalano',monarchy
mudro',"seal, stamp"
mooludhan,capital
mukya mantiri,chief minister
mooladhanavaan,capitalists
dhanavaanupan,capitalism
punar vichaara praartano',appeal
praakprati,advance copy
poorvaanumaan,forecast
phaila baatyato',priority
abhiviruddhi,progress
moolavastu,raw material
aangarakshako',body guard
mit't'o',stage
manchu,stage
vediko',stage
abhivruddhi,development
met'inu vidhaan sabho',legislative council
uncha adhikaari,superior officer
nirvaah,management
niyantro',management
prabandhako',manager
me't'u nivaahi,manager
uchcha ajnyaakaar,high command
uddharano',quotation
ulle'hano',quotation
avataarano',quotation
avataarita vaakyu,quotation
tade'va,ditto
anuvaadako',translator
tarjamo' ke'rnaar,translator
jhe'd'o',war
maar,war
raani,queen
palo',army
raaja durohi,traitor
raajaya sabho',upper house of the Parliament
me't'u sabho',upper house of the Parliament
rajinamo',resignation
raasht'rapati,president of the country
maamool,bribe
le'ncham,bribe
lo'k sabho',parliament
vittako'sh,bank
hannavu sankrahano',collection
vasul,collection
taalookaa,taluk
daasildaar,tahsildar
piraantyu,region
piraantiya bhaasho',regional language
bhiyaar,trade
vaanijyo',trade
bhiyaaru vitta ko'sh,commercial bank
vanika vitta ko'sh,commercial bank
bhiyaaru sulko',commercial tax
vanika sulko',commercial tax
kimvadanti,rumour
janasruti,rumour
bhyaar,trade
avni,credit
toran,rank
kramo',rank
sreni,rank
sulkanirnayu,taxation
uchlaav,income
jo'd'umbul,income
uchlaavu sulko',income tax
uchlaavu karo',income tax
raajya aadaayu,revenue
nyantrano',restrictions
pratibandhu,restrictions
vago'to'go',restrictions
vitta lekhu,draft
praak le'khano',draft
nipuno',expert
jaina phirni,clockwise turn
pradakshano',clockwise turn
vakkeel,lawyer
rood'hi,usage
maarkadarsi,guide
vaat' de'kkad'naar,guide
ke'ranvaat',process
tugaal',drought
daridrato',poverty
de'ld'iripan,poverty
ugrapan,violence
vaak de'naar,voter
matadaato',voter
vot',vote
vaaku patru,ballot paper
bat'ke',house rent
vaati,plaintiff
vaarsu,heir
utraadhikaari,heir
samiti,board/ corporation
anupaat,ratio
uvichaarano',enquiry
svaatantru,independence
so'd'ni,leave
so'd'vaar,leave
sod'i,holiday
vipattu,accident
vaayuse'no',air force
phaad',crack
billo',badge
mo'lu japto',price index
mo'lu at't'avano',price index
vivaad,"discussion, debate"
vaagvivaad,"discussion, debate"
utsav,function
vaibhav,function
pratishat,percent
pratisho'tu,percent
vijnyaapano',advertisement
prakaarashano',advertisement
vikkini karo',sales tax
daro',rate
abhe'kshako',candidate
abhe'kshu,candidature
kaam hibbat'ni,strike
krushi,agriculture
vinyaas,fixed deposit
lo'ka tantru,democracy
prajaa tantru,democracy
jana tantru,democracy
janaadipati,president
o'nno',beans
allo',ginger
dhurul'u mool',potato
vangi,brinjal
kailake'sur,vegetable
bhajji,greens
mo'l'kal',ama ranthus
dhe'yal'o',ama ranthus
kaarat',carrot
jinnavre',cluster beans
dhaniyo',coriander leaves
se'kkarke'l'angu,sweet potato
kho'vl'o',ash gourd
bho'vl'o',bottle gourd
suran,yam
sepamool',colocasia
takkaali,tomato
cho'vl'o',cow pea
ambl'o',goose berry
kachche' mirikkailo',green chilly
pat't'aani,pea
po'skaay,pumpkin
kallo',bitter gourd
vadunaa bhajji,mint
po't'gulo',snake gourd
kaaliphil'avar,cauliflower
khe'vlo',pum pkin
lo'san,garlic
kaulake'sur,vegetable
che'kkar kil'angu,tapioca
aalval'ik kil'ankuv,tapioca
kachchambo',mango
mut't'aikos,cabbage
se'vkaa kailo',drumstick
mul'o',raddish
kachche'ke'l'o',unripe plantain
bhe'nd'ikailo',lady`s finger
agastir,lady`s finger
valko',cucumber
amaas,new moon
varaa kaal,autumn
sabdu,sound
prakaash,light
vaataavaran,weather
vel',season
kaal,season
himus,chill/coldness
himl'o',winter season
himusoo kaal,winter season
hoonukaal,summer season
greeshma kaal,summer season
hoonno',heat
sil'l'o',cold
sheetal',cold
seetoshno',climate/weather
mukul varo',southwind/ breeze
rutu,season
rutu po'vs,monsoon
himuskaal,winter
humal'o',winter
punnim,full moon
poornimo',full moon
vasanta kaal,spring season
vasanta rutu,spring season
o'staa varo',northwind
hunno',heat
hoonu kaal,summer season
greeshma rutu,summer season
ammo',chickenpox
khavjaav,itching
khaas,itching
chinahu,sign
phat'ini,operation
ajeernu,indigestion
saukyam,health
aspattiri,hospital
aasu bhadri,hospital
kho'vlo',cough
savriyam,health
ke'nt'aapeel,sprain
inkini,sprain
bhurubhuraal,itching
paruke'rni,reaction
jaal',burning
hat'ko' mud'ini,fracture
ho'naaste',allergy
che'rnaaste',allergy
dhe'rnaaste',allergy
vami,vomitting
o'gari,vomitting
vaandi,vomitting
re'gat ge'l'ni,bleeding
do'l'aa duvno',pink-eye
ge'ral',phlegm
garbhu haani,abortion
garbhu niro'd,contraception
lavan ho'gat,ointment
seen,fatigue
hat'ko tijayni,tuberculosis
kaanu duvno',ear ache
kamaal,jaundice
aangu hunno',fever
taap,fever
paai~ aani,corns
kri'mi naasini,anti septic
piso',lunacy
antraamu khajju,ulcer
vaami,nausea
o'gari,nausea
go'l'i,"tablet, pill"
peep,puss
po't'se',cold
sikitso',treatment
khajju,scabies
de'vi,small pox
malapravaaham,dysentery
peepu ge'd'd'o',abscess
se'vakee,nurse
susruso' ke'rnaar,nurse
khaaspo't't'u,scabies
khaaskhajju,scabies
phugni,"hives, swelling"
jaakrata sivi ho'kat,preventive injections
jaakrata ho'kat,vaccine
do'skaa duvno',headache
sigir,sneezing
sigur,sneezing
seek,sneezing
sivni,suture
te'yl,medicated oil
ro'g pe'rpini,infection
dhe'lni vyaadhi,contagious disease
ke'nd'aa rok,skin disease
se'kkaru ko'l'aar,diabetes
viyaadisthu,patient
rogi,patient
rog grasti,patient
duvno',pain
parsa vaayu,paralysis
paarsva vaayu,paralysis
kit'aachut't'u,ring worm
khaas,eczema
mo'd'me',pimple
mo'nme',pimple
daadu duvno',tooth-ache
daadu po'llam,tooth cavity
pe'yttu,bile
jarke'm,delivery
jarke'muduvno',labour pain
pallini duvno',labour pain
prasava ve'dano',labour pain
upabhaadho',side effect
ubaadhako',side effect
upaadho',side effect
phalchaa baadho',side effect
khajju,"sore, wound"
piso',"lunacy, madness"
chunt'ul,dandruff
leek,"Perlice, louse"
mo'skal,morning sickness
me'nkini,"drowsiness, fainting"
vaidyam,treatment
vadya shaalo',hospital
mala bandham,constipation
mo'nnu ko'l'aar,"lunacy, hysteria"
go'l'i,tablet
bharaat' pisatte',menstruation
door rhani,menstruation
hemu duvno',chest pain
gunt'e'm ghaam,heart attack
phailo' o'ytappan,first-aid
mud'ni,fracture
gud'kaam duvno',arthritis
moolamu ko'l'aar,piles
re'gat veg,blood pressure
ro'madu bisso',blood pressure
re'gatu heen,anaemia
lekiyam,health tonic
valiv,fits
mo'l'ii duvno',rheumatism
mulamuk ko'l'aar,piles
vamni,vomitting
tonookhajju,sore mouth
vaayoo,flatulence
iski,hic-cough
soot,"Swelling, boil"
burud'o',"Swelling, boil"
phugni,"Swelling, boil"
baado',pain
hira,orange
nattal,blood red
ko'mbal'avani,light colour
ko'mbal'a po'lso',light green
je'mbl'a,violet
kal'o',dark
nil'o',dark blue
ghe'd'i po'lso',dark green
kal'a,black
kaasht'u,saffron
ramaa po'lso',parrot green
sirkkan,sandal/ cream
dhoomvani,ash colour
lho'vvo',red
vani,colour
shyaamo',blue
nila,blue
po'lso',green
al'd'uno',yellow
ujaal',white
apase'gun,ill omen
amankalu,inauspicious
mangala hin,inauspicious
bo'vni patriko',invitation card
svaagata patriko',invitation card
nimantrana patriko',invitation card
bo'vni,invitation
achaar,custom
deevano',blessing
aasirvaad,blessing
upavaas,fasting
o'gat,fasting
go'ru dhe'rni,bull fight
do'l'aa disht'i,evil eye
dri'sht'i,evil eye
do'la po'd'aste',evil eye
ho'raat',marriage
vivaaho',marriage
paani gri'hano',marriage
jo'val',ear boring ceremony
kaan vi,ear boring ceremony
ma intini,ear boring ceremony
mhoortu khaampu sthaapano',planting a small branch of a banyan tree to grow as a symbol of marriage
kula vo'ghalaste',the oral sound made during important occasions
jhand'av hingad'ni,flag hoisting ceremony of a temple
muggu,floor decoration with rice or stone powder
se'gun,omen
samskaar,ceremony
sirkkanu ambil,sandal paste
preduk gad'ni,burial
pre't tho'van sthaan,mortuary
pre'dupo'llam,the pit where the burial is done
pre'du garto',the pit where the burial is done
pre'dupe'd'i,coffin
bho'rani,a small container
sindam,ceremony for the pregnant woman
sigram,money and new vessels given to the bridegroom on festival days by his parents in law
po'lo',A cup like container
nyaanasnaan,baptism
dahano',funeral
takshno',offering to the elders
tampati,couple
le'chche',talisman
do'rim bo't't'u,an ornament worn by women signifying that they are married and their husband is alive
maangalyu,an ornament worn by women signifying that they are married and their husband is alive
bo't't'u bhandi,Tying of tali
ho'raat'u sigram,wedding gift
ho'raat'u bho'gumaani,wedding gift
ho'raat'u mandap,building where marriage ceremonies are conducted
tinnaal',festival/function
supa vaibhav,festival/function
se'nnu,festival
vaibhav,festival
tinnaal',festival
re'ttuse'nnu,car festival of a temple
bhind'ini,"faith, belief"
no'mke',"faith, belief"
svaagato',welcome
tut'yaanu ho'raat',Muslim marriage
ghe't't'ivid'o',betrothel ceremony
des,betrothel ceremony
banaal,crackers
po't't'aas,crackers
samskri'ti,culture
mavd'o',pandal
paati,a row of people sitting/standing
pankti,a row of people sitting/standing
bho'gumaan,gift
bo'li,sacrifice
rojaa phoolupani,rose water
panneer khumbaav,rose water container to spray
paad'o',bamboo stretcher to carry a corpse
doota hunno' ke'raste',the milk boiling ceremony in house warming
doot tavaste',the milk boiling ceremony in house warming
pind'u,the lump of food offered to the dead
uje'divas,birth day
uje' dinnu,birth day
phoolu muggu,floor decoration with flowers
gri'ha praves,the house warming ceremony
puro'hit,priest
pure't,priest
pujari,priest
chaalu vise'sh,the celebration on attaintment of puberty by girls
be't'ki saaste',seeing the girl to fix for the marriage
naamagarano',naming ceremony
se't't'i,naming ceremony
ho'raat'umavd'o',marriage pandal
no'vri,bride
no'vro',bridegroom
ho'raat'u haara,marriage garland
ho'raat'u peet'ham,marriage platform
paddadi,tradition
vatke',tradition
punarje'nmu,re-birth
peed'umuggu,floor decoration with rice floor
haarphirighallini,exchanging garlands in marriage
maalo' machchulaste',exchanging garlands in marriage
paai~ muddi,silver rings put to the second toe of a bride
vinchu bo't't'u,silver rings put to the second toe of a bride
ke'nnal,offering money to the bride/bridegroom by relatives and friends
muddimarchulaste',exchange of rings during marriage or prior to it
mhoortu,the auspicious time
le'gin,the auspicious time
mhud'abind'ini,superstition
svaagad,reception
kaino' phirad'ni,bangle wearing ceremony of pregnant woman
tandu taini,putting rice to the mouth of the dead
nandini,"blessing, greeting"
jo'man,feast
vaibhav,"ceremony, function, festival"
go'ru ud'ganni,Bull fight
jar,horoscope
tke'm paan,horoscope
ad'umool',tap root
rek,petal
dal'o',petal
paan,leaf
paanune'ram,leaf venation
ge'nuk,node
layd'o',stick
lagud'o',stick
nhan jhat'ki,sapling
po'l'l'o',fruit
pal'l'o',fruit
kaambu,flower stalk
taan,flower stalk
kaylo',unripe fruit
ge'jjanaa jhaat',mushroom
shaago',branch
bhajji,"greens, pot herbs"
ko'mbul'o' paan,tender leaf
po'ske',bush
gul'mo',bush
vittu,nut
beek,nut
jhal'l'o',creeper
vel,creeper
ko'mmo',Branch
se'kkar ke'l'angu,sweet potato
gon,jute
taatumool',fibrous root
che'tto',twig
jhat'ki,plant
bo'nde,plantain stem
khat't'i,"stalk, stem"
mukulu paan,tender leaf
chikur,tender leaf
ankur,tender leaf
tho'l'chi,basil plant
chaaypaan,tea leaf
t'ee paan,tea leaf
may,honey
madhu,honey
te'ne',honey
de'jjanaajhaat',mushroom
satijaad',mushroom
naat,seedling
peejaankur,seedling
dhoompaan,stalk
saal'u pe'yir,paddy plant
saal'u upajaav,paddy plant
pe'yir pant'o',paddy plant
upajaav,crop
baanji,moss
pindo',tender fruit
be'ttam val't'i,cane
po'dar,bush
po'ske',grass
haral'i,scutch grass
phul,flower
phuli jhat'ki,flower plant
aal'vani ke'l'angu,tapioca
khat'o',thorn
mo'lko',sprout
ankro',sprout
bo'ngu,bamboo
mugul,bud
mool'uke'l',plantain root
kel'u jhaad',plantain
vittu,seed
beek,seed
mool,root
umbl'aa jhaat',fig tree
pimpal jhaat',pipal tree
od'a jhaat',banyan tree
musund'ijhaat',rosewood
jhanni,broom
limbu,lemon
parund'o',coconut leaf
pikke' ve'nnu,ear of crops
happalujhaat',arecanut tree
virtaavu po'ske',weed
ke'rpaavu paan,curry leaf
saakho',branch
imbul'o',guava
raanu ul'aa phool,cassia fistula
naral'u naar,fibre of coconut
makaranta kho'lt'i,reproductive parts of a flower
layd'o',log of wood
dhe'yl'o',stalk
naral'u jhaaaat',coconut tree
tekku jhaat',teak wood
do'vd'o',"skin,"
valkalo',bark
pat't'e',bark
je'mpu jhaat',blackberry tree
ambul'aa jhaat',gooseberry tree
pappaal'ii jhaat',papaya tree
po'nnisu jhaat',jackfruit tree
taad'i jhaat',palmyra tree
happal'u jhaat',arecanut
kaanu jhaat',beech
tamaala jhaat',beech
cheesu jhaat',Tamarindtree
baanji,fungus
khaslo',date palm
jhaat'u re'ntu,hollow in a tree
ghuvvo',hollow in a tree
jhaat',tree
kachchambaa jhaat',mango tree
mundiri jhaat',cashewnut tree
se'vkaa jhaat',drumstick tree
bo'ngu jhaat',bamboo tree
leemu jhaat',neem tree
le'guttaa dinnu,next day
hadduraat,mid-night
te'ndus,that day
o'rsu,year
raat,night
raadi,night
hindo',today
konya dinnu,which day
kaalu,"period, time"
vel',"period, time"
phalti phaar,morning
so'l'a iphaar,morning
phaila phaar,morning
dinnu,"day, week"
vaar,"day, week"
sagabtu,saka/era
vel',time
veel' ve'l'u,evening
veel' se'ndulo',evening
mhad'o',month
dinnu,date
dinaanku,date
dees,day
so'ndo',tomorrow
po'ram,day after tomorrow
nimush,minute
sovu o'rsu,century
sataabdi,century
ghe'd'i,time
kaal,yesterday
dees,daytime
dhuphaari,"Afternoon, noon"
at't'aas,"Afternoon, noon"
ghe'd'i,hour
ve'l',hour
nimus,minute
so'ndo',next day
dusurandi,next day
dusrandi,next day
mhat'o',month
veel't'o',evening
po'ram,day before yesterday
phailadees,forenoon
vaar,week
phaltiphaar,dawn
phailaphaar,dawn
so'd'aka ghe'd'i,second
yukam,"era, age"
aytvaar,sunday
so'mvaar,monday
mangal'vaar,tuesday
budhavaar,wednesday
bruhastavaar,thursday
sukravaar,friday
se'nivaar,saturday
adimadhuram,licorice
tandu,rice
erand'o',castor
lo'mphool,cloves
meet',salt
unko',husk of paddy
duso',husk of paddy
dhool'mool',potato
kando',onion
ud'it,blackgram
tel,oil
teel',gingili
e'lo',cardamom
o'mo',bishop`s weed
gasagasaal,poppy seed
che'nno',Bengal gram
mhuri,mustard
lavanga pat't'ai,cinnamon
khe'nd'u,Sugar crystal
iksuge'd'd'o',Sugar crystal
kul'it,horsegram
kaapibhurko',coffee powder
hingu,asafoetida
kismis,Drygrapes
kunkumphul,saffron
ke'sari,saffron
aaravalli bhurko',arrowroot powder
rhagi,ragi
kesaribhurko',saffron powder
kachche'nno',Bengal gram
dhaniyaa,coriander
ko'ttamalli,coriander
sukke' nare'l,copra
gho'mu,wheat
ghoma tandu,wheat
se'kkar,sugar
nil'am,green gram
sigaaybhurko',soapnut powder
jiro',cummin seeds
che'kkar ke'l'anku,sweet potato
so'nt'i,dry ginger
yod'a meet',caustic soda
jho'l'l'o',maize
ko'nd'o',bran
dhorube'l'o',arahar daal
dhor,arahar pod
narul'u te'l,coconut oil
t'ee,tea
cho'kat'te'l,gingili oil
bho'ii che'nno',ground nut
kad'ale',ground nut
saal,paddy
pat't'aani,peas
be'l'o',daal
sislo',provisions
appal',arecanut
nilamu be'l'o',green gram
baadaam,almond
baarli,barley
dhumpaan,tobacco
hud'a tandu,boiled rice
chees,tamarind
mho'd'a jiro',aniseed
hal'at,turmeric
digaram,kerosine
peet',flour
miri,pepper
kaaju,cashew nut
ke'nnu,bean gram
rave',suji
so'jji,suji
poosu miri,tail pepper
chayli,Sidedish
mitti,fenugreek
gul'l'u,Jaggary
gud'l'u,Jaggary
kad'ale',groundnut
jaati kaylo',nutmeg
dhumburaast'u,galangal
khajur,dates
khaslo',dates
dayro',left side
dayra,left side
khaunas,east
dikku,direction
diso',direction
de'kshan,south
de'kshakhaunas,south-east
de'ksho'sto',south-west
uttar,north
utkhaunas,north-east
ut_ho'sto',north-west
jayno',right side
jayna,right side
astamano',Sun setting
akaash ge'ngo',milkyway
akaas,sky
vaap,steam
pavi,thunder
pid'u,thunder
handaar,darkness
ge'vi,darkness
udayam,rise
suritu nikilni,rise
jaal'uchukko',shooting star
agachaal aydu,rocket
prakshe'pano',rocket
ghiraan,eclipse
go'l',planet
kiran,"rays, beam"
ketu,uranus
chandra ghraan,lunar eclipse
chaandu ghraan,lunar eclipse
che'ndaamu ghraan,lunar eclipse
che'ndaam,Moon
chaandu,Moon
sni,Saturn
se'ni,Saturn
sukkur,Venus
sul'ivaro,whirlwind
soorya ghraan,solar eclipse
suritu mand'al,solar system
soorya mand'al,solar system
surit,Sun
bhaanu,Sun
upabraho',satellite
mangal' graho',Mars
surita,Sun
saragraho',satellite
chinuk,drizzling
chinkul,drizzling
maarut,breeze
chukko',star
no'vgirahaan,the nine planets
che'ndaamu hoojaal,moonlight
chandriko',moonlight
chandra prabho',moonlight
kaumudi,moonlight
che'ntaam,moon
chaandu,moon
indu,moon
chandrayaan,lunar module
rutuvaro',seasonal wind
rutupo'vs,monsoon
mo'ngchu,mist
himaa ge'd'd'o',snow
himaa bindu,dew drops
osu bindu,dew drops
budho',Mercury
budho' graho',Mercury
sul'i varo',storm
bhoo aakarshana shakti,gravitational force
matti varo',sand storm
po'vs,rain
astamaan,setting
vidyut,lightning
megh,cloud
mo'bbu,fog
raahu,Neptune
varo',air/wind
poosu chukko',comet
akaash,sky
habaal',sky
akaasu vankat',rainbow
akaasu dhanus,rainbow
indra dhanus,rainbow
viyo'man,space
sunya akaas,space
sukkur,morning star
guru,Jupiter
hoon,sunlight
sukkur,star
hujaal,light
pindaa,"young, tender"
nhanna,young
kul'l'e',sweet
che'rkkaho'ye',appropriate
khali,empty
akkuraa,short
neecha,bad
ruvva,"a little, a few"
the'vd'a,"a little, a few"
ruvva,a little
bhe'licho'kkat',very good
cho'kkat',good
jukku,many
bhe'li nhanna,minute
lamba,"long, tall"
uncha,"long, tall"
jhukkukaala,"tall things, long"
jhukku,many
junna,"old, ancient"
no'vo',new
mho't't'o',big
phura,enough
phuraho'ye',enough
bhe'li,very
ven,very
bo'limu,strong
ane'ka,"very, a lot of"
nista,only
ve'kl',different
la,different
pe'saav,breadth
runti,breadth
bot',inch
ad'i,foot
mopu,measurement
mopu khat't'i,scale
aro',radius
nimno',depth
lo't,depth
at'no',1/8 of a standard measurment
hatdad'd'o',half measure
kaalad'd'o',1/4 of a measure
sovu,1/4 of a measure
bhaarmovu,measurement of weighing
jok,weight
mo'vjanmovu,measurement of counting
upakarano',instrument
ganamopu,cubic measurement
bhaar,heavyness
ge'jju,yard
avd'a movu,cross-section measurement
chatrul movu,square measurement
jaan,six inches or little more covering the tip of the stretched thumb to the tip of the stretched little finger
chimt'o',a pinch
pariti,perimeter
kunvaya movu,perimeter
tulo',balance
naraaji,balance
kut'ko',piece
bindu,drop
to'lo',a weight of 10 grams
naal'i,approximately little more than half litre
bhaar movu,Measurement of weight
laam movi,linear measurement
mooro',length
ad'd'o',a little more than 2 litres
vat'o',portion
ad'd'o',approximately 1 litre
ne'rpe'movu,area
palam,a measurement of weight
adde',half
mood,a handfull
mood'bhor,a handfull
marakkaal,a measure of approximately 5 to 8 litres
mooro',one arm length
meet't'ar,meter
minchi mo'vu,a measuere of capacity
mo'l'amuval't'i,measuring rod
mooraa kavnd'i,measuring rod
mo'l'am,half an arm`s length
haat,half an arm`s length
avd'aamo'vu,diameter
vyaas,diameter
visi,two pounds
taapsani,ther mometer
taapmaani,ther mometer
se'rko',perfect
jod'i,pair
adenkappaa,expression of wonder
ammaad'i,expression of wonder
ava ambaa,expression of wonder
te'lyaka haal,so
haalim,so
tet'saa,look there
iso'yaa,is it so?
isome'ne'ti,if it is so
haa,expression of pain
appaat'i,expression of wonder
ammaat'ee,expression of pain
ammaat'i,expression of pain
nhaa,no
haay,a response
haay,yes
ho'ye'ti,but
me'gi,but
e'lye'ka haal,hereby
et'saa,look here
elaa,look here
khal'al'e,take this
dher,take this
khal'l'uvo',take this
dhe'ro',take this
dhe'ruvo',take this
angun,yet
atte'ngut',hereafter
atapharo',hereafter
angun,still
ush,expression of caution
haay haay,yes
kaay,response to a call
te'lyaka le'nta,hence
ey,term to call attention
re',term to call attention
rey,term to call attention
aiyo,expression of sorrow
o,expression of wonder
haay,expression of approval
hondak,expression of approval
hoy,term to call attention
chheechchhee,expression of contempt
vaa,address term for inferior faminine
avaa,address term for inferior faminine
rey,address term for inferior masculine
thuttoo,expression of contempt
paap,expression of sympathy
oohooi~,no
phivri,again and again
te'ka pharaat,moreover
angun,moreover
haiyaa,expression of joy
chaitro',April-May
vaisaak,May-June
josht'o',June-July
aashaad'o',July-August
sraavano',August-September
bhaadrapado',September-October
aasveejo',October-November
kaartiko',November-December
maargaseerso',December-January
pushyo',January-February
maagho',February-March
phaalguni,March-April
ge'ruva,proudness
vichaar,lamenting
he'd'd'e',booby
asingama,ugly
vinayo',"modesty, obedience"
bhajaarin,termagant
lavnd'i,termagant
bhaajaaripan,termagancy
daas,slave
daasi,slave
daasappan,slavery
adhikaar,power
aachcharyo',surprise
atirupti,dissatisfaction
adusht'u,luck
andastu,status
de'vubaap,simpleton
tammaad'i,simpleton
apraani,simpleton
anarthuvatto',absurdity
mitanvatto',absurdity
mudro',sign
abhimaan,"Regard,love"
seen,tiredness
kri'rupo',grace
alankaar,"beautification, decoration"
udaaseen,indifference
bhavaat',screaming
hind'aste,wandering
avisvaas,disbelief
kal'angu,disgrace
sundaro',handsome man
sundari,beautiful woman
sungaar,beauty
naas,destruction
nasaat,destruction
nasinam,destruction
bo'vni patriko',invitation
aachcharyu,wonder
vidvaan,scholar
pand'it,scholar
parichay,introduction
aknjaan,ignorance
nyaani,wise person
ajnyaani,ignorant
ajnyaan,ignorance
nyaan,knowledge
pireva,affection
aadaro',support
anumati,permission
hat'van,opinion
aakramano',aggression
aachcharyu,surprise
ichcho',desire
aasto',desire
aat'shepano',protest
aadharo',support
aadhikyo',"impact, influence"
kutoohal,"curiosity, interest"
harumbam,beginning
re'chchakoot,uproar
aarogyu,health
samartu,"strength, skill, ability"
bo'lim,"strength, skill, ability"
aannandu,"merriment, enjoyment"
khel'uvatto',mockery
ichchho',desire
o'ppaste,acceptance
svabhaav,nature
karuno',"pity, kindness"
ruchchi,taste
re'chcho',noise
ghe'ru dhe'rum,family life
lakshyavaadi,man of principle
ne'sht'i,loss
he't't'e' haso',laughter
ge'ruv,arrogance
so'mpu,pleasure
gulle',sweetness
o'ppaye'yo',"desire, liking"
nijjam,truth
se'ttu,truth
lagini,feeling
bhaavano',feeling
sahaav,help
upakaar,help
upakaari,helper
siramo',hardwork
utsaah,enthusiasm
neenju,sleep
hongu,sleep
anumaan,guessing
roos,petty quarrel between husband and wife
oodaari,prodigal
pho'vnapan,hospitality
gamchini,hospitality
ke'sht'am,trouble
uddam,trouble
khe'rut',saltish taste
siraddhaa kaamke'rto',hardworker
geli,chuckling
jaagrati,warning
hat'van,thought
chintano',thought
ve'durnchini,"opposition, resistance"
jaal',irritation
tikke',hot taste
sri'nkaar,beauty
lhe'guv,easiness
chulab,easiness
saujanyam,simplicity
so'vle',longing
ve'kul,longing
gaal,scolding
hungaad',dupe
hungad'ni,duping
e'd'chat'ni,duping
hunkat'atte',duping
hungad',disappointment
e't'chad'ni,cheating
tayaar,arrangement
se'ndev,doubt
o't'kam,narrowness
me'rchan,foppishness
me'rchulan naari,foppish girl
yo'kto',unity
vishraanti,"rest, retirement"
nivri'ti,"rest, retirement"
nivri'ti ve'tano',pension
samaroop,uniformity
se'rka rhaste',perfection
se'rka rhani,perfection
ko't'uk,bitter taste
lobhu,"miserliness, stinginess"
lo'bhi,miser
anusaasano',discipline
kartav,indebtedness
karttavyam,indebtedness
khe'd'in,hard
kad'oos,"harshness, hardness"
kand'ip,Strictness /chide
kat'hor,Strictness /chide
gavrav,"decency, dignity"
aasaadabhooti,hypocrite
ko'pat'e',cheater
kamabeer,majestic bearing
kri'po',"grace, mercy"
aakarshano',attraction
dhyaan,"attention, care"
gamchini,"attention, care"
avadhaan,"attention, care"
cho'd'd'apan,falsehood
cho'd'd'apan,theft
chor,theft
cho'd'd'o',thief
chor,thief
cho'd'd'i,thief
kalmaso',stain
malino',stain
sheen,tiredness
dayo',"pity, mercy"
baadho',"difficulty, suffering"
milechcho',barbarian
vanacharo',barbarian
pre'm,love
pre'v,love
priyatamo',lover
pre'miko',lover
priyo',lover
kaamam,lust
ge'li,"ridicule, mockery"
upahaas,"ridicule, mockery"
kusumbu ke'raste'no',mischievous man
kusumbu,mischief
che'sht'o',mischief
se'raabi,drunkard
pani bo'nd'i,drunkard
kunnu,character
kudoohal,"merry, happiness"
so'ntosh,"merry, happiness"
sil'l'o',chillness
apraadhubhaav,guilty consciousness
chooku bhaav,guilty consciousness
laaj,shyness
laasu,shyness
lajjo',shyness
praarthano',Pleading/ entreating
pre'vkan me'llini,Pleading/ entreating
le'njam,bribe
utko'ch,bribe
pre'vumadini,Fondtalk/cooing
ninaavu vatto',Fondtalk/cooing
mayaalu vatto',Fondtalk/cooing
taap,boil
khe't',boil
chood'_hanaste',decoity
vidooshako',"clown, buffoon"
vidooshakapan,buffoonery
raak,anger
dhakkile',coward
dhaak_upan,cowardice
ghe'nam,prestige
gavrto',prestige
bo'lim,strength
shakti,strength
sahano',tolerance
po'ndulni,tolerance
bhaybhe'yne'nu bhaavano',brotherhood
baadho',sorrow
vaadu vatto',petty quarrel
nanjhe'd'o',petty quarrel
jhe'd'o',quarrel
jhe'd'ait,quarrelsome man
jhe'd'aitin,quarrelsome woman
duryo'chano',conspiracy
sad'yantru,conspiracy
sandarbhavaadi,opportunist
se'nde'v,doubt
sammat,acceptance
sahamati,acceptance
raaji,compromise
o'rpu,compromise
saras,tact
kaarya kushalato',tact
visi,boredom
virasato',boredom
saadhyu,possibility
saadhu,calm person
shaantu,quietness
prachchano',Tangle/mess
busko',Tangle/mess
pilo',Tangle/mess
chinta,thought
hasini,laughter
singatipan,friendship
se'ngadipan,friendship
singati,friend
se'ngait,friend
isht'ut',friend
sinkagaar,beauty
svabhaav,"nature, character"
bhaara,burden
savayakaurav,self-respect
so'rano',sensitivity
sparsha che'tano',sensitivity
tvaritu bhaav,Briskness/ smartness
ve'gu ke'rni,Briskness/ smartness
samartu,Briskness/ smartness
sootu,gambling
karmo',deed
kaam,deed
ge'ruv,proudness
mee bhaav,proudness
ahankaar,proudness
mamato',proudness
jhukkuves ke'rnaar,spendthrift
oodaari,spendthrift
alaso',lazy fellow
asamandam,lazy fellow
mandam,laziness
aalasyo',laziness
saundaryo',beauty
hat'vanu shakti,memory power
hat'van,memory
te't't'u mut't'ayini,glitch
shil'l'apan,coolness
tanturupan,cleverness
tamaash,humour
pasto'kkini,hesitation
sankoch,hesitation
dayo',kindness
darshano',Holy vision
do'sko' o'ngini,Humiliation
ge'ruvu bhangu,Humiliation
vishraanti,relaxing
viraamo',relaxing
parishramo',relaxing
shramaparihaar,relaxing
suyagaurav,self-prestige
alaggunnu,individuality
vyaktitvo',individuality
pruthakbhaav,individuality
visheshugunnu,individuality
o'nt'ipan,loneliness
alagga rhani,loneliness
ve'gulapan,loneliness
sok,thirst
daampatyajivnam,Conjugal life
satipati jivnama,Conjugal life
udaaragunnu,generocity
de'nchu,firmness
chorupan,stealing
se'rkakarni,correction
tidduvali,correction
sudhaar,correction
tirupti,"contentment, satisfaction"
tyaag,relinquishing/ sacrifice/ martyrdom
tyaagi,Relinquisher/ martyr
samarthu,"ability, skill"
aashaktu,"ability, skill"
samarthupan,"ability, skill"
naas,evil
nasaatu,evil
niranayo',judgement
dheeru,brave person
dhe'yryavaan,brave person
teevro',"severity, extremity"
teevravaadi,extremist
dukhu,sorrow
mo'nnudhe'yryam,Courage/daring
durad'isht'u,bad luck/misfortune
durok,Treason/treachery
o'gur,astringency
sanyaasu dhe'rum,saintly life
sanyaasi,saint
onku,sleep
suddhi,cleanliness
mudirammo',a woman above 39 years
spasht'u,clarity
dhairyasaali,brave person
dhe'yryam,courage
praarambhu,beginning
sambandhu,"relation, contact"
samparku,"relation, contact"
vyaktu,manifestation
sangatipan,friendship
o'nkini,shivering
no'mmini,belief
no'mke',belief
phant'akhe's,grey hair
sugantu,fragrance
bhalo',Benefit
cho'kphalun,Benefit
dhannu,gratitude
dhannu heenupan,ingratitude
gaama phirnaar,vagabond
paribhrami,vagabond
de'shachaari,vagabond
avmaan,disgrace
rujupan,Honesty
nittapan,Honesty
ghaan,foul smell/stink
durgandhu,foul smell/stink
samo',equality
samapan,equality
samato',equality
seeso'vri rhaaste',poise
thiramkani rhaaste',poise
gaal',scolding
nindano',scolding
thuvni,scolding
samarthuvaan,expert
niraasho',disappointment
sthiti,condition
smarana shakti,memory power
moorchchho' lage' ste'no',Unconsciousperson
smarano',memory
anayo'nyu,intimacy
pakvo',Ripeness/maturity
pikkini,Ripeness/maturity
mo'jo',pomp
me'rchini,pomp
bandaa,pomp
virodh,enmity
paritaap,Pity/sympathy
phalchaataap,Pity/sympathy
anutaav,Pity/sympathy
bhook,hunger
se'limbu,prosperity
se'lipam,prosperity
sukkini,drought
che'duv,education
vidyo',education
kruti,creation
utpaadano',creation
roopke'rni,creation
srusht'i,creation
gunnun,character
gunnunu saar,character sketch
patni,Chastewoman
dhamaadhaam,Haste/tension
dhaak,fear
no'vate'ko' saatto' dhakkini,Fear of unfamiliar persons
abhyaas,exercise
saadhu,Harmless person
paalano' krni,maintenance
parihaar,expiation
praayashchittu ke'raste',expiation
parihaas,sarcasm
parisuddhi,purity
paritaap,sympathy
balahin,weakness
balshaali,strong person
pavitru,holiness
rapto',Habit/custom
po'raakpo'ro',revenge
pratishodh,revenge
prakaash,shining
me'rpul,shining
jo'linchini,shining
nuvini,praise
me'chchini,praise
shlaaghano',praise
bheeka,begging
ghe'd'ivaad,"stubbornness, obstinacy"
duraagraho',"stubbornness, obstinacy"
piratiphola,reward
maayo',illusion
paskat' rhani,backward
bheeti,fear
nuvini,praising
gubugupaaste,friction
buddhi,intelligence
utsaa,refreshness
ge'naat,treasure
ambat',sour taste
pavitru,sanctity
kanyaa,girl upto 12 years
keerti,glory
ve'dur vadini,interview
bheta,difference
mithan,False
no'vapan,Freshness
asooyo',"greed, jealousy"
javaabdaar,responsibility
sahanato',patience
gund'o',rowdy
gund'apan,rowdism
mahimo',greatness
maahaatmo',great soul
mahaan,greatman
mo'mpu,"enjoyment, pleasure"
so'ntu,"enjoyment, pleasure"
yuvati,girl upto 16 years of age
mhud'apan,foolishness
mhud'o',fool
vasuno',fragrance
ghe'nam,respect
me'ngini,Drowsiness
mhud'o',blockhead
mo'rgyaat,respect
phulaste',Blooming/blossom
visur,forgetfulness
ve'kul,confusion
mo'nnu kavlini,confusion
mo'nnu shaanti,peace of mind
baadho',grievance
trupti,fulfilment
paripoornu,fulfilment
manobhaav,Feeling/ attitude
marchini,change
o'rivartano',change
avamaan,disgrace
maan,prestige
gaurav,prestige
ge'ttu,Ostentation/
ko'mbal'apan,Softness/tenderness
tirmaan,decision
paripakvato',maturity
yattan,Attempt/effort
prayattan,Attempt/effort
nhanhaso',smile
mukulhaso',smile
unnati,development
ho'ravni,development
andhavishvaas,blind belief/ superstition
do'vrapan,old age
moorkhapan,rudeness
moorkhu,cruel person
nijavatto',truth
satya vaak,truth
jo'linchini,shine
mrudupan,softness
me'duvupan,softness
mho't't'apan,Greatness/ superiority
met'pan,Greatness/ superiority
shresht'hapan,Greatness/ superiority
moh,infatuation
moh,Cheating/gulling
maun,silence
avaak,silence
yathaarthavaadi,realist
yo'chano',thought
ruchi,taste
vanchano',betrayal
vanchano' ke'rnaar,Betrayer
varnano',description
he'to',grief
vad'jani,fading
graahako',customer
graahi,customer
tonum dho'vl'o',keeping mum
nishabdu,keeping mum
vikaar,ugliness
kuroop,ugliness
vishvaas,faith
vashvaasi,faithful person
aashcharyoo,wonder
virahataap,pangs of separation
phaat',crack
birudu,title
o'ppayini,liking
chatru,enmity
vivaad,argument
rapto',custom
paropakaari,philanthropist
ho'd'ini,growth
dukaal,drought
dukaal',drought
te'rke',awareness
prajnyo',awareness
bissapan,quickness
bisso',quickness
dhairyu,bravery
dhairyavaan,brave man
dhairya stiri,brave woman
bo'd'ni,falling
jaal,irritation
hunnapan,hotness
hunno',hotness
geeg,Success/victory
ugrato',fanaticism
dve'sh,hatred
veg,speed
shok,thirst
koot,fun
khe'l',fun
bhed,difference
vairaagyu,obstinacy
akshar,syllable
akshaantar,coda
visheshano' guni,attribute
taalu sabdu,palatal sounds
harid'i sabdu,palatal sounds
roopavarni,figure of speech
alankaar,figure of speech
roopu nirmaan,structure
bhangi bhaashan,indirect speeeh
parosha bhaashan,indirect speeeh
ardha bindu,colon
aroopa naav,abstract noun
napumsaka lingu,Non-humanneuter
al'l'ingu,Non-humanneuter
shabda avni,derivatives
pumsakaling,masculine gender
dalling,masculine gender
aatmeeyavibhakti,possessive case
so'vve' vibhakta,possessive case
purusa,person
satva vibhakti,locative case
mal'ni sabdu,particle
jo'd'i,pair
prakri'ti,feature
ghaam vatto' desi vatto',native word
todu che'rni,agreement
divna isankhyo',dual number
diva vibhakti,accusative case
divni,dual
vyaakarana bhaakan,grammatical categories
vyaa karana lingagu,grammatical gender
vyaakaran,grammar
vyaakarana sampradaay,grammatical tradition
vyaakarana saasano',grammatical rule
jiye' kaal,past tense
ge kaal,past tense
uchchaaran,pronunciation
jhirkini,glide
o'dat',lip
hot',lip
atisaayotti,hyperbole
ativarnano',hyperbole
poojya pahu vachan,honorific plural
met'u bahu vachan,honorific plural
svaraakshar ajunakshar,vowel
sajeevi,animate
vibhakti chinhun vibhatakti varnakun,markers
bhaasyo',commentary
upamo',simile
anta nirmaan,internal structure
mhaddi tho'vni,infix
ooham,assumption
sankhyo',number
avankaal,future tense
vyatireka sabdu,antonym
vyatirek,negative
ashar,script
lipi,script
karto',subject
aajnyaa,imperative
che'ribandhi,affix
e'kavachan,singular
svaro',"phone, sound"
dhvani,"phone, sound"
uchchaat'anam,pronunciation
reenu vatto',loan word
bharal'a vatto',loan word
khal'l'an vatto',borrowing
kalu,tense
svalpa viraama,comma
nhan ghe'd'i,comma
guri,sign/mark
chinhu,sign/mark
taal'u,rhythm
layo',rhythm
sandhi,sandhi
samsargu,inflectional increment
guri,article
sootru,"formula, rule"
bhaava bhaasho',gesture/sign language
shabdu,word
shabda vyaakarano',morphology
phail purusu,first person
akarmaka kriyo',intransitive verb
sakarmaka kriyo',intransitive
saadhaarana vaakyo',simple sentence
bhaashana vatto',dialectal word
gumpunaav,mass noun
mantu vatto',corrupt word
upa kriyo',auxilliary verb
ve'kkini,selection
samyuktu,compound
ukti vaakyam,phrase
vattaa to'ran,phrase
nirantara kaal,continuous tense
vaakya prakarano',syntax
karmu naav,gerund
reeti,style
charva vibhakti,dative case
chalta kaal,present tense
viraamu chinhu,punctuation marks
laamsvaro',long vowel
aksharaan,alphabet
pratibhaasan,direct speech
dhoor purusu,third person
vaakvihaar,ideogram
kriyaapad,predicate
bahoo vachan,plural
geet,verse
lingu,gender
sakarmaka kriyo',transitive verb
anubandhu,suffix
poorna viraam,fullstop
ho'llaa nirmaan,surface structure
stree lingu,feminine gender
al'l'ingu,feminine gender
sarva naav,pronoun
prati naav,pronoun
visheshan,adjective
saadhaaranalingu,common gender
saadhaarana sabdu,common noun
arthu,meaning
vakrokti,ambiguity
samtehaarthu,ambiguity
sampiradaayu,tradition
rood'hi,tradition
vyakta vatto',allomorph
vyakta svaro',allophone
ardha bindhu,semicolon
musunaa kriyo',incomplete verb
padam,clause
adikaranam,clause
nissande'ha kriyo',finite verb
poorna kriyo',finite verb
ve'durpurusu,second person
divapurushu,second person
agra bantu,prefix
naaku se'ddu,nasal sound
hakaara shabdu,aspiration
svaasam,aspiration
mahaa praanam,aspiration
halun,consonant
he'd'i sankini,quotation
chhantas,prosody
vaakya bhaag,clause
vidhi,rule
prasno',question
prasna guri,question mark
kriyaapadu,verb
kriyaavise'shan,adverb
avyayo',adverb
vibhakti,case
bo'laadhid'o',a kind of pane cake with daals
at'ai,a kind of pane cake with daals
puri,a sweet made out of rice flour
appud'aal,papad
at'kul,flattened rice
kayyaan te'l'ni,a mixed vegetable preparation
ahaar,food
appam,a dosa like preparation made out of rice flour
bhalaar,idly
vil't'iyo',idly
ukkut'um,idly
it'iyaappam,noodles made out of rice flour
ghat'avnal,tender coconut
savnal,tender coconut
chaino',meat
bo'sulo',meat
maamsu,meat
kho'vs,meat
khani,food
khavnam,food
upmaav,upma
kachchambhaa ambat',A kind of mango curry
bijjat',pickle
lo'sht'o',pickle
teelu unt'o',a sweet made of till
ke'nnipe's,rice gruel
go'bbure'ssu,sugarcane juice
ko'd'd'i,dry fish
ke'l'l'u,toddy
sugud',semi-solid preparation with rice or ragi flour
chailatte',"side dish, curry"
chano',flesh or meat
be'nd'uchano',mutton
bo'sulo',mutton
kud'ichano',chicken
dukkaruchano',pork
ko'ruchaino',beef
amt'i,a curry with thick gravy
go'jju,a curry with thick gravy
kut'kiri,a kind of side dish
ambat',a kind of side dish
ambil,a watery preparation with rice or ragi flour
kesari,a sweet prepared with suji
kandulo',an eatable with rice and coconut
mando',fat
chat'ni,chutney
takkaal'i chat'ni,tomato chutney
naral' chat'ni,coconut chutney
putinaa chat'ni,mint chutney
malli chat'ni,coriander chutney
sukkat',dry mutton
chappaatti,chapatti
bhaat,cooked rice
bhaat,meals
annu,meals
sambaar,liquid curry with vegetables
se'ro',arrack
re'ssu,juice
nhankhani,Tiffin
kachche'nno',"an eatable prepared normally with Bengal gram, peas"
sukunt'o',a sweet
limbu bhaat,lemon bath
che'tti bhaat,parcel bath
po'nnin cho'nno' bhaat,Jowar bath
limpubhaat,lemon rice
dhid'ho',dosa
jho'l'l'aa bhaat,jowar bath
dhe'i~,curd
cho'ro',cattle feed
lo'st'o',chutney
teel' lo'sht'o',till chutney
teel'a daal',till chutney
kul'iit daal',horsegram chutney
naral' daal',coconut chutney
be'l'aadaal',bengal gram chutney
putinaa daal',potina chutney
naral' doot,coconut milk
mai,honey
tene',honey
te'ntulo',"sweet prepared out of rice flour, jiggery fried in oil"
t'ee paan,tea leaves
dhid'o',"Dosa, A pan cake with rice and black gram powder"
toop,ghee
ho'llaa khani,snacks
pakkot'o',"an eatable prepared with Bengal gram powder, onion etc."
po'l'l'aa re'ssu,fruit juice
sil'l'a bhaat,previous day
ko'd'uk,previous day
bhajji,bajji
paav,syrup or jelly
pasam,"liquid sweet made out of rice, daal, milk and jaggery"
doot,"milk,"
dootbhed'aa paalko'vaa,sweet made of milk
saay,cream
pit't'u,an eatable made out of rice flour and coconut
bo'sulaa bhaat,biriyani
seesu avnd'i,a curry with tamarind juice added
da_i~ rayto',a curry with curds
ampat' bhaat,cooked rice with tamarind
poonti,a sweet
po'nkal,cooked rice with green gram daal
gul'l'e' po'ngl,sweet poŋgal
muddaa po'ngl,Poŋgal with green gram daal and ghee
ke'ral,rice-fried
gul'l'e' pe'raal,sweet rice fried
kaylo' ke'sur,fried vegetable /meat
po'l't'ini,fried vegetable /meat
po'l't'e' chano',fried vegetable /meat
pont'aa,bonda
bol'i,a sweet
markaylaa burko',red chilly powder
mhal'i amt'i,fish curry
ant'aa amt'i,egg curry
and'aa dhid'o',egg dosa
chayli,an eatable with rice and gram flour
te'ntulo',an eatable with rice and gram flour
achchu te'ntulo',murukku prepared by machine
haatu te'ntulo',murukku prepared by hand
anujnyo',licence
anumatiptru,licence
dhamad'naar,driver
do'vt'unaar,driver
o'nt'ya po'guvaat',one way traffic
gaay bo'nd'i,bullockcart
nauko',ship
gho'daa bo'nd'i,Horse cart
bhaar tukakunaar,porter
bho'nnam,goods
samaan,laggage
maargu,road
re'sto',road
yaatraa cheet',ticket
bhaar bo'nd'i,lorry
maakrum,route
dand'avaalam,rails
chalni mit't'o',platform
nauko' hibbanre'm,harbour
to'ran gusht'i,train
panchali,boat
panchal,boat
laat'kit'ki,anchor
chalad'naar,conductor
but'an nau,submarine
nitta vaat',direct route
naav,boat
yaatro',journey
yaatrikun,passengers
yaatro',Journey
yaatrin,Passenger
raiyil bo'nt'i,train
raiyil bo'nd'i,railway station
hippan thaam,railway station
bas,bus
bas sthal,bus stand
avni jani,transport
go'rubo'nt'i,bullock cart
panyaBchulaa bo'nt'i,cycle
vidyutto'ran gusht'i,electric train
yaatraa,journey
bo'nt'i,vehicle
bo'nd'i,vehicle
akaash gusht'i,aeroplane
akaasu yaan,aeroplane
ghoot'u bo'nt'i,covered cart
akaashgush.t'i rem,aerodrome
akaashgusht'i saarati,pilot
veku gusht'i,express bus
be'y,elder sister
dado',elder brother
bhavi,elder brother’s wife
bhavo',brother in law
phui~,aunty
ammo',father’s mother
bo,father
baap,father
ambo',mother
ajji,mother`s mother
ajji ambo',grand mother`s mother
kaam ke'rttin,Care taker
se'nto'jin,brothers and sisters
baibe'yne'n,brothers and sisters
bandhuje'naan,relatives
ostun,relatives
bandupan,relationship
o'stu,relationship
de'vrani jhe'd'anin,Co-sisters
dallo',husband
pati,husband
bharto',husband
ambulo',husband
pillo',child
baal'u,child
nhuru,child
baa ajjo',great grand father
baa ajji,great grand mother
po'n natini,grandson`s daughter
po'nnatte',grandson`s son
de'var,husband
ne'nantu,wife`s younger sister
nendu,wife`s younger sister
so'vat,co-wife
se'rgut',co-brother
sad'gut',co-brother
se'nko' uje'ste'no',brother
bhai,brother
se'nko' uje'stino',sister
bhe'yn,sister
ve'sinti,relatives by marriage
ve'sintin,relatives by marriage
nhannabo,father’s younger brother
kako',father’s younger brother
mausi,"mother`s younger sister, stepmother"
nhannambo,"mother`s younger sister, stepmother"
bhe'yn,younger sister
baiy,elder brother
be't'o',son
ayyo,grandfather
ammo',mother
ajjo',great grand father
tallo,husband
anker bo',grandfather
ankerambo',mother`s mother
be'yl,wife
bail,wife
bhaari,wife
bhaariyo',wife
sati,wife
mho't't'a bo,father`s elder brother
mo't't'am bo,mother
maaybaap,parents
ambo' bo,parents
natini,grand daughter
natte',grand son
be't'i,daughter
sal'o',brother - in - law
bho'vnt'i,daughter in law
jo'mai,son in law
be'yl,sister
mamo',uncle
so'suro',father in law
mami,aunt
sasu,mother in law
anguso',iron rod of mahout
mudranasaalo',printing press
nimpini,printing
mudrano',printing
nimpinivaan,printer
mudrano' ke'rnaar,printer
patravaahako',post man
patravaaho',post man
le'khuvaan,post man
vaalvu,valve
jhagi hugud'aav,valve
varid'o',barber
vayad'e',barber
ninaav ke'rnaav,file
katko',sickle
kakko',sickle
phasal kat'aste',harvest
ho'd'ayt,carpenter
aani,nail
it'ki,tongs
gavri,shepherd
go'llarin,shepherd
go'vli,shepherd
gavru,shepherd
go'vlo',shepherd
samyojako',co-ordinator
aasano',seat
peet'ham,seat
nivaarano',compensation
taat,fibre
taak,fibre
urvaro',fertilizer
uro',fertilizer
dhuld'o',cylinder
toor,cylinder
kasavt'i,touch stone
go'sunaavu de'yd'o',touch stone
chullo',fire place
junatnaar,farmer
nangunaar,farmer
karshnaar,farmer
krushi,farmer
t'anku,chisel
sivi,needle
phunal'i,blow pipe
thetu sattu,manure
sen,manure
kat'i de'vsini,grafting
mil'ad'ni,grafting
singarlini,make up
dho'ni panjeekarano',sound recording
dho'ni dhe'rni,sound recording
roopu panjeekarano',photography
roopu dhe'rni,photography
do'vd'unaar,driver
saaradhi,driver
doni,boat
navko',boat
ke't't'o',bale
ke't't'e' panchal,catamaran
ke't't'e' roop ke'rni,shaping of wood
gamji,supervise
gamchunaar,supervisor
sood' hanaste',thrashing grains
dhe'ndyaav,sulpher
naavi,ship
taar,ship
rhe'd'o',pulley
upakarano',tools
naguno',plough
halo',plough
paatro',container
sood'u thaam,thrashing floor
ghanamiti,volume
kaylake'suru ke'ri,vegetable vendor
se'pini,chappal
pavkal,chappal
pavsul,chappal
daarvaan,watchman
chavkeedaar,watchman
polees,policeman
kavalke'ro',policeman
thanait,policeman
vid'gyaa ushl'o',kiln
chunnaa ushl'o',kiln
joonatvaan,farmer
khumbaar,potter
ko'rat',plier
put'ki,basket
pat'i,basket
kooli,"coolie, wage"
koolike'ri,coolie
haatukaam,handicraft
sahaayako',helper
sigud'o',helper
haatu o'ro',gloves
haatu kaam,handicraft
ko'lki,hook
samt'aav,hook
ravulu bheet,rampart
lavri,mason
khed',boiler
parasu,axe
che'kkar,wheel
se'nkal',chain
samooha sevo',social work
handav ke'ro',cook
handav ke'rin,cook
chaat'o',whip
saan,shar pening stone
saamano',"tongs, pincer"
re'ngu,dye
vid'i,window
silpu,sculpture
t'hanknaar,sculptor
silpi,sculptor
silpakaar,sculptor
phirvat',rudder
chunno',lime
suttiyal,hammer
moor,hammer
bhaartukkunaar,porter
ushlo',kiln
pe'nghano',oil press
che'nt'e' vaatyam,drum
mhal'aytu,fisherman
mhal'_ivaan,fisherman
mhal'iike'ri,fisherman
se'kkuluvaan,cobbler
kaaryatarsi,secretary
josyam,astrology
sosi,astrologer
te'gad',sheet/
so'naaru,goldsmith
kasaar,goldsmith
leguvaan,Postman
tapaalke'ro',Postman
te'rkal'i,broker
te'rak,brokerage
dho'nd'o',drum
do'bban gusht'i,trolley
mago',loom
kuskankhat't'i,spur
dikku de'kkad'aav,compass
dikku darsini,compass
dikku soochani,compass
bhikungchunaav,screw driver
navkaa dand'u,oar
navdand'u,oar
po'snaav,duster
phuvno',blower
phuvnaav,blower
put't'aa heer,borewell
put't'o' tagaste',drilling
tukkan e'ntura,crane
dookkudor,execution rope
tookku mit't'o',gallows
mhal'i dhe'rnaav,fishing rod
maimahi ho'vd'ini,bee keeping
seev,stitch
simpi,tailor
sumpini,tailor
sivni yantur,sewing machine
udyog,Profession/ labour
udyogi,Profession/ labour
laanuvaan,gardener
laan,garden
o'd'd'e',scavenger
suddhi ke'rnaar,scavenger
doni,ferry
ke'shan,leather
so'nnaavanik,jeweler
sthrike'ran upakarano',anchor
chaltakaranvaan,conductor
ghalni,planting crops
naachvaan,dancer
nat'anaal'i,dancer
nachvo',actor
nat'i,actor
nachvi,actress
nat'iko',actress
bhaavano',action
narttako',dancer
narttaki,dancer
navachaar,ammonia
nat'kamke'ri,drama actor
nat'kam al'i,drama actress
navko',Barge/yacht
sasyaro'hana re'm,plantnursery
nirvaahi,administrator
kho'l'che',coal
paasano',irrigation
pani sinchano',irrigation
uspuvaav,pump
yo'k bhandano',yoke
nago',yoke
taak,thread
do'ri,thread
kadunaar,spinner
kadaste',spinning
vinkar,weaver
vinaste',weaving
ukkiso'nni,lever
uttolako',lever
po't't'e't',workshop
kaamu sthal,workshop
kaamu thaam,workshop
panyaBchal,boat
jeevaashmo',fossil
silaadhaatu,fossil
patru,form
saalo',farm
kaam,work
sampaatako',editor
nauko',coracle
nutu,season
daat che'kkur,gear
po'lko',wooden plank
palko',wooden plank
bhaar tukkunaav,crane
ahitund'iko',snake charmer
saapuvasako',snake charmer
nav maarga chaalana,mast
nav niyantrana pat'o',mast
daar,ship
nauko',boat
pangchal,coracle
vatte',coracle
go'nam,petticoat
palo',halfsaree
e'mu vastar,bra
e'mu bandhiko',bra
langaBgot',loin
kasht'i bo't't'o',loin
hemuvastar,banian
khanaav,crowbar
ge't'baaro',crowbar
dootke'ro',milkman
dootke'rin,milkmaid
tani,warp
gumpini,knitting
ve'ni,knitting
mit't'o',pedestal
pheet'ham,pedestal
pipaay,barrel
phoolke'rin,florist
habbu naasini,pesticide
krumi naasini,pesticide
put't'alu kud'o',water sprayer
so'naar,goldsmith
samasani,carpenter`s square
nhinaav ke'raav,Leveler/smoothener
mantivaati,magician
vo'ydin,folk doctor
vo'ydu,folk doctor
bavlam,soapstone
addi bhaar,overweight
addi bisso',overspeed
pe'li bisso',overspeed
te'lni,float
vidyut gaid'i,battery
mhalike'ro',fish seller
mhalivaan,fish seller
mhalike'rin,fish seller
mhalivati,fish seller
chigur,sprout
ankur,sprout
anguro',sprout
bigingchunaav,spanner
nirvaahi,manager
kaam khat'naar,manager
dho'nd'o' ke'ri,drummer
tanaa re'd'o',spinning wheel
re'd'o',spinning wheel
charkaa re'd'o',spinning wheel
po'rat'in,Washer woman
po'lt'in,Washer woman
ko'rat',Cutting plier/wrench
phirud'aav,screw driver
muro',hammer
po'rat',washerman
po'l't'o',washerman
biyaar,business
biyaarchaar,business
vanee,businessman
vanik,businessman
pe'yr,field
ke't,field
jaal,net
o'lo',net
vaat'de'khkat'naar,guide
maargadarsak,guide
che'kkur,loop
chhe't,sword
bee,seed
beej,seed
eemu,seed
beettu,seed
beekghalni,sowing
bhiyaar,business
bhiyaarsaar,business
vani,businessman
junnatvaan,farmer
nangunar,farmer
peek,yield
pikkini,yield
pikke'yo',yield
prakat'naar,publisher
prasuro' ke'rnaar,publisher
bharaat' so'd'naar,publisher
aakhe't',hunting
mri'gayo',hunting
vet'o' khal'ni,hunting
aakhe't'uvaan,hunter
vet'o' khal'naar,hunter
kaam,Work
kaam ke'rtto',Servant
kaam ke'rttin,Servant
vo'ytu,Folk doctor
josut'u,astrologer
chit't'idivo',small earthen lamp
tinnal',festival
kainkaryadaan,village temple festival
sudaan,village temple festival
cho'kdaan,village temple festival
divali,diwali
to'ran,arches with leaves
o'gat,religious fasting
vishe'sh,festival
po'nkal se'nnu,a harvest festival
makara sankraanti,a harvest festival
angam,organ
baadam,sole
hirid'i,palate
po'kkal,hip
daira haat,left hand
dakuna haati,left hand
ket',waist
gund'o',heart
ro'ppo',eyelash
re'gat,blood
hrudayu,heart
gund'e',heart
til'ji,liver
hrud'i,gum
tal'u,crown
aanku,body
se'rir,body
tanu,body
aangu,body
hut't'o',saliva
jeernu dravyu,saliva
paadam,sole of the foot
tal'apaai~,sole of the foot
tal'ahaat,palm
hoot't'o',spit
hat'ko',bone
hat'kaa good',skeleton
do'l'o',eye
do'l'aam pani,tears
papo',pupil of the eye
gud'gaal,ankle
palt'i,ankle
ge'l'o',neck
kanasul,cheek
gavlo',cheek
gapulo',cheek
gaalu,cheek
kaan,ear
paai~,leg
kri'taa,whiskers
khalu o'dad',lower lip
antro',intestine
so'maan,intestine
gant'ri,buttocks
jut't'i,tuft
pal't'i,heel
ghad'i,adam
bo'mbi,Navel
naabhi,Navel
khes,long hair on head of woman
haat,hand
ko'nd'e',hair-do of woman
kho'bo',hair-do of woman
je't'o',matted hair
ve'ni,plaited hair
ke'nt'o',muscle
nhanna antaro',small intestine
moota,urine
vanni,urine
kil'angal'ii,little finger
darjani angil'i,Index finger
gurdu angil'i,Index finger
do'sko',head
kapaal,skull
chinhu,scar
ad'o',vagina
gul'l'u,penis
go'to',penis
vintul,penis
pijaavu,penis
daad'i,beard
cheepu,jaw
sareer,body
mad'i,thigh
angam,thigh
ghad'i,throat
bo'jje',big belly
ke'san,skin
ke'nd'o',skin
khaandu,shoulder
re't't'e',shoulder blade
ne'kku,nail
ne'ram,nerve
jeep,tongue
re'gatdhunkal,pulse
naad'i,pulse
kavlo',chin
vani,complexion
ko'vso',lungs
hem,chest
kapaal',forehead
daat,tooth
pagul,foot
pabini,eyebrow
pavni,eyebrow
antiro',large intestine
hagunt'o',thumb
gabaal',temple
mad'i,lap
angam,lap
kankuro',wrist
mo'chcho',mole
khesh,hair
majjo',marrow
musin,moustache
musungu,moustache
ton,face
moot',fist
gut'ko',knee cap
mund'o',trunk
paat',back
paat'uhat'ko',backbone
dudtu,breast
doot ho'vi,breast
gut'ko',knee
che'mmar haat,elbow
kho'bo',elbow
naak,nose
naaguput't'o',nostril
bhandi,joint
me'dud',brain
mastisko',brain
bhidut',brain
unchaa o'tat',upper lip
mo't't'e',shaven head
mo'l'i,elbow
mutdi ankil'i,ring finger
cheepu,chin
bhaangu,Split line of hair
gumpini,parting of hair
pot',stomach
jaina haat,right hand
je'runa haat,right hand
ton,mouth
se'ko',sweat
ankil'i,finger
po'kko',sides of the chest
po'kko' hat'ko',ribs
anchu vagati,suppression
anyaav,injustice
akramo',injustice
ad'at,injustice
ad'aat,injustice
aaneed'i,injustice
aparaadh,fine
amal,"in force, implement"
paripaalano',"in force, implement"
re'chchakoot,pandemonium
araajakato',pandemonium
alaho',pandemonium
aajnyo',order
uttar,order
aajnyaakaar,commissioner
adhaar,evidence
ruju,evidence
sodhano' ke'rnaar,inspector
so'dhunaar,inspector
aydupal'o',armed force
se'na,armed force
aayusde'nd'ano',life imprisonment
aarbhaat'o',uproar
re'chchaa re'chcho',uproar
patro',record
dastaave'j,record
bhaarata dand'anaa saasano',Indian Penal Code
sankam,movement
samstaan,movement
kulanaas,genocide
uchcha nyaayaalayo',Supreme Court
upavaas,hunger strike
unchaa nyaayaalayo',High Court
ichchaa patru,will
anumatibillo',licence
baadyato',licence
baadyato',right
adhikaar,right
chaarano',spy
ghoot'achaari,spy
kartav,duty
kartavyo',duty
kaaraakaar,rigorous imprisonment
kaaraaghe'r,rigorous imprisonment
khe'd'inu kaaraakaar,rigorous imprisonment
ghe'nam,dignity
do'l'aam dhoom,tear gas
kavaat' jhagini,lock out
band,lock out
raul'i,mutiny
kalagam,mutiny
galaat't'aa,disturbance
gaam nisabdu saasano',curfew
mo'sakaar,cheater
ho'ngad'naar,cheater
vipakshuvaan,opposition cadre
tokupakshuvaan,opposition cadre
lukjaani,spy
chaar,spy
kat'chike'ro',client
pakshuvaan,client
che'ttar,order
nemo',discipline
s_o'd'd'i,thief
thanaa sthala rakshini,police custody
thanaa rakshini,police custody
thanaa vibhaag,police department
thanaa sthal,police station
ke'llal,"mocking, teasing"
raud'i,goonda
kund'u,bomb
gho'd'aa sainyu,mounted police
kumpu,crowd
lumpl'o',confusion
aparaadh,crime
aparaaghi,"culprit, the accused"
avd'aa vichaarano',cross question
kaidi,prisoner
bandi,prisoner
kaaraa gupto',prisoner
kaidu,arrest
bandike'rni,arrest
ke'llalko',"Mocking,trasing"
mo'rat'aste',murder
mo'rad'naar,murderer
hanto',murderer
ghaati,murderer
kapat'u khinchini,decoity
kapat'u khinchunaar,decoit
kumpu,group
saasana sankal'ano',code
saasana sankalano',code
saasano',law
bho'gumaa,prize
saakshi,witness
pakshu,favour
saadako',favour
saalaa vidhin,traffic rules
piskal,problem
pusko',problem
chitra vadho',torture
kaaraaghe'r,"jail, prison"
sosano',exploitation
kunugini,exploitation
viloot'h,plunder
hanimaar,plunder
vilut'hano',plunder
aasti,property
so'ttu,property
te'kuraal,dispute
thanaala laid'aa hanni,lathi charge
hibbaad'u aajanyo',"prevention order, stay order"
nirodh aajnyu,"prevention order, stay order"
de'nd'ano',punish-ment
hor,side
svaya rakshano',self-defence
cho'r,theft
teerpu,judgement
nirnayo',judgement
igravaati,extremist
luk jannar,detective
soochano',clue
t'uppu,clue
doru dand'aano',hanging punishment
ho'rukriyo',action
soochaal,good conduct
cho'k chalni,good conduct
sat chalni,good conduct
niyaav,justice
niyaayasthalo',court
viroda,enmity
bho'gumaan,prize
pratikool,adverse effect
rakshano',"protection, defence"
pirativaadi,defendent
satyapramaan,oath
piramaan,oath
kunt'u,error
kalaha sthiti,"agitation, struggle"
nakal,duplicate
mo'ranu dand'ano',death sentence
paila o'ydapan,first aid
mo'rat'u,rowdy
dhikkini,clash
vaaduke'rnaar,advocate
vaadunaar,advocate
daavo',case
vadignjaani,advocate
vakkeel,advocate
ugra kriyo',violence
donu vaak,statement
aadaaru vaachu,statement
vaadi,plaintiff
phirva khal'l'aste',withdrawal
vaapas khal'l'aste',withdrawal
kaidu patro',warrant
vichaarano',enquiry
bharaat'a so'd'ni,release
niyamo',rule
bandh,strike
jameen,bail
dallo',male
je'no',person
javno',Youth/ youth stage
no',Youth/ youth stage
javnapan,Youth/ youth stage
yauvano',Youth/ youth stage
javno',young man
javni,Younger woman
nhanno',Younger man
ghe'rvaar,pregnancy
ghe'vraar,pregnancy
ghe'rvarin,pregnant woman
ghe'vrarin,pregnant woman
kanyo',virgin­
do'vro',old man
do'vri,old woman
pillo',young one of birds
pillo',young one of animals
kumaaro',unmarried young man
kumaari,unmarried young girl
nhukru,child
nhurupan,childhood
baalyapan,childhood
baalyam,childhood
nhanni,child­
nhanni,girl
nhanno',boy
praayam,stage
baalapraayam,young stage
baal'un,young children
o'rsu,"age, stage"
o'ssu,"age, stage"
be't'ki,girl
al'ii,girl
be't'ko',boy
me'nik \ dallakko',man
ammakko',woman
maanusham,human
o'ld'in,old woman
o'ld'o',old man
dukro',old age
yuvati,young unmarried girl
yuvo',young man
yuvan,young man
javnanapan,youth
yauvanam,youth
o'rsu,age
javnappan,youth stage
javnatvam,youth
phaila pradarshano',debut / maiden performance
harikhe'to',religious discourse with narration
puraatanavastu pradarshini,museum
naachu,dance
nat'anam,dance
sangeet,music
sangeetu vaibhav,musical concert
sinkaarlini,make up
ekaanki nat'kam,one act play
sabdu prakaasu darshano',music and light programme
sabdugunvi,loudspeaker
chitru,painting
sangeeta vaibhav,concert
keetusruti,pitch
gavnisthaan,pitch
staanaprayatno',pitch
mot'i vitte',magic
kalaa,art
kalaakaar,artiste
kaakshi,scene
graamiya naachu,a folk dance
je'to'mil'i khal'annaachu,a group dance
mallayuddu,wrestling
naachu,a folk dance
naachu kho't't'o',theatre
chitra veene',a musical instrument
vidhooshak,clown
ko'lu khaal,a native dance with sticks
sughad'i,"sound quality, tone"
ghad'i ut'aav,"sound quality, tone"
che'nt'e',a drum
tayaar ke'rnaar,producer
tayaarke'rni,production
svabhaashan ekaantu vachu,"monologue, soliloquy"
pad'udo',screen
tiraske'rnaav,screen
te'raa lo's,cinema
naachu kho't't'o',cinema theatre
haasyam,humour
nat'lo',dance
nat'vo',actor
nat'o',actor
nat'vi,actress
nat'i,actress
nachini,acting
khal'ni naachu,dance drama
nachana naachu,dance
nat'ana naachu,dance
naadu,harmony
nasuraal,a pipe musical instrument
need'aa los,photograph
lalita kalo',fine arts
vivaadu sadas,debate
bharata naat'yo',bharatnatyam
mullavi,the first stanza of a musical composition
bhavdul,musician
geet',song
gavna ivaibhav,vocal concert
geetu vaibhav,vocal concert
gavnaar,singer
geeti,song
sanaar,spectator
vayalin,fiddle
need'aa losa,photograph
venu,flute
vastu pratarshinee,exhibition
kaalakshepu,pastime
dinnu gamd'ini,pastime
dond'o',a musical-rhythm instrument
me'ddal',a musical instrument
nagaro',drum
laghu sangeet,light music
manch,stage
che'ndur rhe't'o',giant wheel
rasiko',fan
raag,tune
vachan,dialogue
banaalu ve'd'ik,pyrotechnics/fire display
vavjini vaadyo',instrumental music
akaasu dhvani,radio
vitte',magic
veene',veena
ve'd'ik,entertainment
khel',entertainment
khe'llal,entertainment
svaro',voice
upbuवo',fig
pho'nnisu po'l'l'o',a kind of small jack fruit
jhaad'upo'l'l'o',pineapple
aappal',apple
aaranji,orange
boru po'l'l'o',Indian cherry
pe'rchchampo'l'l'o',date fruit
kaylo',unriped fruit
chippo',coconut shell
ko't't'e',nut
chappot't'aa,sapota
seetaa po'l'l'o',sita fruit
keet,petal of the cluster fruit
takkaal'i,tomato
darboos,water melon
tiraaksho',grapes
to'vd'o',skin of the fruit
do'ri,fibre
naaro',fibre
veet',a variety of fibre lime
je'mbu po'l'l'o',black berry
sukke'naral',fully ripped coconut or any fruit
nendiram ke'l'o',banana
pappaal'i,papaya
taad'i po'l'l'o',palmyra palm fruit
pinda po'mbul'a po'l'l'o',tender fruit
bherikaylo',a kind of pear-wood apple
kachchambo',raw mango
dat'impo'l'l'o',pomegranate
kachchambaa bo'l'l'o',mango fruit
muntiri,cashew
muntirik ko't't'e',cashew nut
ke'l'o',banana fruit
val'kaa po'l'l'o',cucumber fruit
abbunaa,will not get
junnaa,will not get
abbay,will get
jud'ai,will get
nhee,will not be available
kal'aanaa,do not know
kal'aay,know
o'ppaanaa,do not like
o'ppaay,like
vivarpo'nnaa,do not understand
vivarpo'd'ay,understand
phurnaa,not enough
phuray,enough
musunaa,not possible
she'kkunaa,not possible
musay,possible
she'kkay,possible
no'kko',do not want
paje'nhee,do not want
paje',want
jhul,leech
chiglo',squirrel
samchal'i,lacerta interpunctula lizard
sasarpaanjhul,centipede
go'ru kaanum kid'o',round worm
usu usaale',winged white ant
jhuru,"lick, dog flea"
mungi,ant
hundir,rat
saral',"chameleon, garden lizard"
chaat'o',black ant
gandho'li,wasp
ge'ndhal,wasp
kankid'o',caterpillar
bando',cockroach
huti,white ant
kri'mi,germ
nugul,mongoose
nakul,mongoose
se'njiv,wasp
pisul'o',mosquito
maud'i,spider
lho'vva munki,small red ant
undir,mouse
kut'ki,flea
sund'i,dragon fly
bhe'rkal'i,frog
bheli,toad
vinchu,scorpion
maimhagi,honey bee
gisl'o',snail
go'rammo',butterfly
kauskid'o',silkworm
paalo',house lizard
saap,snake
andu,silver fish
kid'o',worm
aul'i,ant hill
abbu,small insect
gombe',centipede
joom,louse
siddat',earthworm
jijjil,glow worm
dhe'guno',bug
pingu mungi,"big red ant,"
aal'i,beetle
thol',grass hopper
go'llo'r,locust
do'bbi,keepwide
jaa,go away
koog,cock
het',"remove, separate"
angikaar,recognize
hallaat',to move
ut'gaat',subdue
ut'gi,to be subdued
haan,beat
landi,approach
se'nti,arrange
jee cher,To reach
jhaagi,close
unyaBcho' saa,see up
ghalle',wear
phirle',wear
mhavlayi jaa,be extinguished
mhauli,extinguish
kabille',embrace
le'gutta jaa,approach
parvaker,rebuke
ven ker,increase
aachcharyupot',wonder
adir,tremble
appile',apply like a paste
jhe't'pile',steal
saugala ker,gesticulate
bees,sit
boot',be immersed
budaat',immerse
amki,press
amkayi rhaa,be pressed
se'nti thov,be arranged
se'ntayirhaa,arranged
hoongidhool,become drowsy
khavjule',"itch, sieve"
dhaakghaal,frighten
be'duri pot',to be much afraid
dukkupo'd'l'e',lament
praartano'ke'r,pray
pe,drink
phulayirhaa,blossom
ayyarav po't',be disgusted with
krupo' ke'r,bestow favour
te'sayi pot',be crushed
lubbi,grind
alankaar ker,beautify /decorate
hallaat',move
alchi,rinse
shlaaghanake'rle,boast
dhoov,wash
bhavaat'taay,scream
lol pot',wander
lol po'd'at',make to wander
siral'jaat',make to wander
nashiinam ho',be destroyed
naashano' ho',be destroyed
nashiinam ker,destroy
sijvi,boil
sivji,boil
so'vd'i,loosen
rot',"cry, weap"
murgi,decay
murgayijaa,decay
amkayijaa,be pressed
bov,call
vaar,take handful
mov,measure
mo'vji,measure
de,give
kavli,meddle
kal'aile',know
kat'ayijaa,be cut
kaat',cut
ghaam taay,beat strongly
dhaanukjaa,follow
anusari,follow
dhat'd'e',send
anubavinchi,experience
po'ndi,experience
anumati,permit
ooham ker,guess
aakramo' ker,aggress
ho'vaat',make
ho,become
aashirvaat ker,bless
aaksheepano' ker,object
hindaal',swing
naach,"dance, swing"
khaal,"dance, swing"
aadaro' ker,support
addini de,support
o'ppile,accept
arumpamke'r,begin
re'chcho'taay,make noise
deerttubud'at',give holy bath
parishodhano' ker,research
se'chchile,think
bood',immerse
bud'vi,immerse
saisi,rule
nivaat',cool
nival'l'e',be cooled
dhuvesh ker,despise
che'ri jaa,agree
suti taay,tune
the't'ki po't',stumble
put't'i po't',be demolished
pho'd'itaay,demolish
thov,"put, wear"
ghal'l'e,"put, wear"
ne'skili jaa,sqeeze
orpuke'rle,accept
cher,be joined
che'rchchi,join
miski,closing eyes for a second
kaam ke'raat',"direct, operate"
dhamaat',"direct, operate"
kaam ker,"be moved, be operated"
dhaam,"be moved, be operated"
sangi,tell
moos,can
uruv ker,compose
orppu ke'rle',agree
bheeg maay,beg
dayo' ker,show mercy
so'mpu po'ndi,enjoy
kabaat',"to protect, save"
rakshano'ker,"to protect, save"
deevat'o' ker,double
rhaa,be
handaar pot',be dark
rhavaat',make sit
gho'vli,cough
handaarkana irhaa,be dark
raak aval'l'e',get angry
raak anle,get angry
he'mpi,breath hard
rhaa,to be
javal'l'e',lose
huttir,get down
ut'chi,pull
khinchi,pull
dhilla rhaa,be loose
ko'mbulaabhaav se'ra rhaa,have tender feeling
taatker,to spin
pal't'o'ker,melt
pal't'o'ho,melt
daatde'kkaat',grin
o't'chi,filter
irkki,tighten
ghe'd'i pot',become hard
ke'ruv pot',be proud of
mor,die
hootturaat',get down
hoottir,decend
pe'rppi,spread
se'nti,draw water
ke'nji,beg
gul'l'e' rhaa,be sweet
jo'd'unchi,get
jen,give birth
sookhampo'ndi,enjoy
rot',shed
do'l'aam pani sot',shed
uchchaarano' ker,pronounce
hud'aat',wake up
ivar pusile',enquire
ghalle',dress up
phille',dress up
phut't'i jaa,be broken
phot',break
khaa,eat
uruv ker,make
utpatti ker,make
sookkaat',dry
sookki jaa,dry
unl'e',feel
janle',feel
unnaat',make to feel
janaat',make to feel
dhye'yu,"decide, aim"
lakshyu,"decide, aim"
sahaavker,help
vilinchi,shake off
uncho' aav,rise
laal,shed off
laat,kick
do'bbi,push
phuggi,swollen
pho'vnapanker,treat
buddi sangi,advise
vavri,use
ubayok ker,use
dhoov,spit
uncho' tukki,lift
ges,rub
so'laye',be peel
sol,peel
ke'rngaat',melt
ke'rurge'ya,melt
dhul'aat',roll
roop ke'rle',figurate
doos,take out
dhool,roll
ge'sayayo',be rubbed
vadayo',tell
sookki,dry
sookkaat',Dry up
ulaas ker,wander
hulppi,shake
heelppayi rhaa,be shaken
ulayi rhaa,be disordered
ulayi javaat',disorder
so'mpu,enjoy
saanti,enjoy
tot saa,compare
meet'kan se,be salt tasty
ad'd'am pot',meddle
lol pot',suffer
junni,plough
paat' pot',work hard
anartta vaat ker,babble
ksheen ho'yi jaa,be destroyed like a log
inkayi jaa,sprain
dukku po'ndi,worry
ninji,sleep
jhur,suck
chunt'i,pinch
ge'rjano' ker,roar
ghe'd'i bot',freeze
mo'nnum hibbi,get fixed in the mind
had'vi,think
dhairyam de,encourage
khavaat',feed
nhan jhe'gut'o',have petty quarrel
phoov,blow
jhirki,crawl
sot',pour
utjal ho,spring
gaat',plant
pot'padaal'ke'rle,to pull stomach in
mitaminchi jaa,over go
jaagrati ker,caution
andi,reach
landi,reach
je'y cher,reach
khal'le',take
khaat',take
mo'vji,count
mov,count
yattan ker,try
tirag hibbi,oppose
usil,jump
baan sot',shoot
je'l'i jaa,be burnt
jaal',burn
hoot',get up
likki,write
likhi,write
ge'llal ker,ridicule
visir,throw
jaa,go
he'to' pot',long for
gaal'd'e',scold
dhe'rle,hold in hand
e'chchaat',cheat
hungaat',cheat
e'chchat'ni pot',be cheated
hungayi jaa,be cheated
dhad'd'e',launch
prakshepano' ker,launch
ho'van rhaa,happen
hingaat',hoist
hingi,"climb, get into"
do'vsi,stick
mut't'irhaa,break
mud'jaa,break
mod',break
udgaat',control
udgi,be controlled
aasrayili rhaa,take shelter
vat'a ker,allot
orto' rhaa,take shelter
need'am rhaa,take shelter
paaraayano' ker,recite
phiriphiri men,recite
o'ppile',agree
okpo'kur ninchi,lie down on one side
sabdu ke'r,sound
dhvamsu ho,be destroyed
dhvamsu ker,destroy
ge'l'ii javaat',ooze out
ge'l'ii jaa,leak
likkile',hide
jo'linchi,"glitter, shine"
de'nd'ano' te,punish
che'rchi,join
o'gari ker,vomit
che'daav ho,raise
do'vd'i,drive
dhaam,run
uchchaat'ano' ker,read
che'vdi,read
paalano' ker,protect
sinayi jaa,tired
sheen,tired
havtan ke'rle',"think, recall"
havt'i,recall
hat'vi,recall
ko'gulaag,taste
peel',squeeze
se'ga ker,be sultry
suru pot',squeeze
gel',leak
bhandi,"bind, tie"
daat',cross
dhillo' ho,become loose
cho'd'd'apo'd'i javaat',smuggle
parvat ker,scold
chaav,bite
bisso' jaa,go fast
gusool'a,churn
nireekshano' ker,supervise
avanchaal sangi,predict
ke'trikke' ho'r kaat',cut by scissors
re'chcho' taay bhavaat' taay,shout
ghe'd'ibo'v,shout
kungaBgi rot',weep
khe'ni gaav,tell
vasno' de',be fragrant
ke'ra ke'ra ker,get irritation in throat
jhaay,"steal, hide"
meet'kani laag,be salty
kal'o' ho'stiso' jaal,burn black
abipraay po't',opine
ghulayi jaa,be dissolved
ke'ringi jaa,be dissolved
ghulaat',dissolve
ke'rungaat',dissolve
sikki,learn
kavli,"mix, stir"
misrano' ker,"mix, stir"
se'ddu taay,be noisy
kavlayirhaa,"be mixed, be stirred"
ashreniho',be shuffled
ashreni ker,shuffle
aakarshi,attract
bho'rijaa,"overflow, cover"
te'lkayi jaa,"overflow, cover"
hud'o' tid'o' ghalayi jaa,get upside down
dhillo'po't',be loose
het',remove
he'd'i taay,remove
dinnu javaat',be spent
bheet',subtract
so'vd'i,undress
seenpo'ndi,be tired
sikkaat',teach
doot peel',to milk
chut't'u pheervi,rotate
chut't'u pheer,go round
saapano' de,frown
po'l'l'o' ho,ripen
kabaat',protect
de'kkaat',show
pirev ker,love
sukki jaa,"dry, boil"
tappi jaa,"dry, boil"
kaylo' de',give fruit
tapaat',boil
abbal'l'e,get
po'd' rhaa,lying there
ningjaat',make lie down
khinkhinaat' kampano' ker,tremble
abbastiso' rhaa,available
kavli,stir
no'nt'ilichaal,limp
jhoor ut'chile',absorb
grahano' ker,absorb
bhat't'i jaa,be tore off
bhaat',tear off
nigil'aat',start
nigal',start
kavlisot',"poke, dig up"
shaakho' sot',branch out
do'sko' chut't'u pheer,feel giddiness
ghirki,scribble
ko'vri,tear
se'ddu sabo' ker,act like rattle
ghuvo' ker,carve out
vyavastho' nheettiso' ker,make disorder
vyavastho' nheettiso' ho',be disordered
aakarshano' ker,speak/act to attract
gusugusu ker,murmur
guddi,"fist, pinch"
chavi kaa,chew
dhunki,jump
kushaal ker,enjoy
hal'l'u guddi,pound gently
o'gari ker,feel vomiting
gopur ke'raste',pile up
guddi,beat with fist
mo'nnum hul'o' pe'vd'aya irhaa,Spurt out
lump_ile,be confused
lumpaat',to confuse
phulaaphulide'kkaat',show pimples
so'nto'sh po'ndi,rejoice
kudoohal po'ndi,rejoice
alvaat',shake
alli,shake
sammishrano' ho'yrhaa,Be shuffled
mulla phallo' ho'y rhaa,Be shuffled
kavlayi rhaa,Be shuffled
misrano' ker,Shuffle up
mulla phallo' ker,Shuffle up
kavli taay,Shuffle up
kunamingchiyi rhaa,be heaped up
kumingchi tho'v,heap up
lumpi,confuse
lumpayi rhaa,Be confused
go'l'ago'l'ayi vatto' ke'r,Babble
po'llam pot',become hole
po'llam ke'r,dig
po'llam ko'vri,dig
je'ta cher,assemble
kavlayi rhaa,mix
kavli,mix
snaan ker,take bath
aangu dhoov,take bath
sil'l'apot',become cold
guddi,Pound/thrash
kurchile',"mark, note"
nhanna ker,Shorten/lessen
unno' ker,Shorten/lessen
nhannaho',become small
mo'nnumkuskayi rhaa,pricked by conscience
unno' ho'yrhaa,decrease
unno' ker,decrease
o'ngi,bend
o'ngaat',bend
laaj,feel shame
laas,feel shame
lajjo' po'ndi,feel shame
che'rchi,add
che'rle,"join, increase"
haat je'ta che'rchchi,fold hands
re'chcha taay,shout
men,say
sangi,say
o'nki,bend
svaprataap ke'rle,Boast/brag
ke'ngji,plead for favour
magile',plead for favour
naash,spoil
nashano' ho,be spoiled
je'gungchi,win
jeeg,win
buskut't'i rot',sob
aiki,hear
ambat' rhaa,be sour
ho',be sour
gut't'utaay,beat
t'ankano' ker,carve
ko'tti,carve
tapayi jaa,boil up
hubbi,"swell up, boil up"
sujji,"swell up, boil up"
tonum go'l'o' ker,gargle
ton go'l'o' ker,gargle
tot',pluck
maar,kill
mo'raat',kill
phangit',winnow
mando' chet',become fat
tho'vle',have
bho'rvi,lit fire
lagaat',lit fire
chaav,munch
che'vnchi,munch
o'rpi,comb head
raak anle',get angry
bo'm,string
magile,request
me'nle,request
kshamo' ke'rle,tolerate
chit'uchid'aat',make crackling sound
shitili jaa,crush/deform
che'dilijaa,crush/deform
dkki,meet
meel,meet
se'ndevpot',doubt
chaat',Lick/suckle
jhoor,Lick/suckle
sabingchi,curse
chaal,happen
jo'd'ungchi,earn
dee che'rchi,Submit/send in
dhad'd'e,Submit/send in
nirvaah ker,manage
sanchaalano' ker,manage
le'gutto' jaa,go near
landi,go near
chaalho',Become mature
rutuho',Become mature
handi,cook
o'nt'yapo'gum o'ngi,tilt/slant
o'nt'yapogum o'ngaat',tiltslant
jhirki,slip
ko'nchina ivachan ker,talk amorously
sallaapu vachan ker,talk amorously
sinayi jaa,be tired
jhirki pot',slip
chuksangi,charge with/accuse
dosha aaropano',charge with/accuse
jhaay,close
sthiro' ker,establish
pok o'ngaBgi,incline
pok o'ngaBgaat',incline
no'mmili rhaa,depend on
o'rgaat',cause to lean
kal'aat',announce
prakat'ano' ker,announce
samt'ini pot',be caught
samt'i,be caught
raak de'kkaat',frown in anger
mo'ngaat',cause to moan
haavabhaav ker,cause to moan
mo'ngi,"whine, moan"
roopke'r,picturise
chittar ker,picturise
abbad'le abad'le,"occur, got"
che'dur,scatter
vikeernu ho'y jaa,scatter
che'duraat',scatter
vikeernu ke'r,scatter
ne'ski,crush
yosano' ker,think
luchchaat',shed
miski,winkle
chiraayni pot',be scratched
haas,laugh
so'vram ke'r,shave
romaancho' ho'yle,bristle up the hair/get the goosebumps
to'no' to'no' ker,talk without restraint
lho'vo' pot',become red
nhanna ho,become small
raak avaat',Provoke
uspi sot',Provoke
gavngchi,care
jeernuker,digest
mo'no' ker,sharpen
raak avad'al'e,Hiss/get angry
gurtu kal'aat',point out
bhunji,"roast, shoot"
laav,"roast, shoot"
mit't'i,flipping
pasto'kki,hesitate
shuddi ker,purify
tukki,carry
vaav,carry
tukkaat',make carry
ko'vri,scrape
kunki,"shrink, shorten"
akkuro'ker,"shrink, shorten"
kungayi jaa,"shrink, shorten"
akkuro' ho',"shrink, shorten"
avsar po't',Hasten/hurry up
guvni,roll
go'l'o' ker,roll
gunvayi rhaa,roll
go'l'o' ho'ya rhaa,roll
shvaaso' ker,breathe
ruchchi saa,taste
pheer,rotate
phirvii,rotate
phiraat',rotate
eenki,sprain
hind'i,"wander, rotate"
chut't'u pheer,"wander, rotate"
ko'vri,scratch
kreet'i ghaal,crown
ghaal,put
che'vunchi,suck
nhaan ho',become thin
chut't'ur rhaa,surround
che'kki,chop
d'hanki,carve
naama japo' ker,pray
praarthano' ker,pray
jeernuho',digest
ker,do
jirmaan ho,digest
turaat',insert
ghad'i ko'vri,calling attention by clearing throat
javaat',drive
dhamaat',drive
chubit'chu po'ndi,prosper
che'rchi,collect
uraav ker,save
jeecher,"join, reach"
che'rchi,"join, attach"
paaimpo't',worship
me'ngi,be attracted
bo't't'u pot',drop
chid'ukku taay,crack the finger
phulu po'vspot',rain down
turaat',put in/insert
te't't'u mut't'i,be deranged
te'nd'ano' de,punish
anchayi rhaa,reduce
anchi,reduce
te'ttal'inchi,struggle for life
te'lki,overflow
to'bunchaat',Make one escape
to'bunchi,escape
panmalke' pot',hesitate
darshano' ker,see
vivaat ker,argue
bo'van dhat'd'e',fetch
gho'nanko'naay ker,crawl
o'd'jaa,fail
allaat',be distressed
nheetto' ho'vaat',avoid
go'l'a go'l'aat',"stammer from joy, love, etc."
jo'linchi,"dazzle, glitter"
khavji,scratch
pareeksho' ker,test
cho'kkat' ho',be good
sheen lakayle',become tired
phut't'i pot',collapse
dhvamshu ho,collapse
bho'd'itaay,demolish
bho'ga bho'gayi rhaa,sizzle
tapayi rhaa,sizzle
rheele,stay
rhe'yle,stay
rhaa,stay
te't't'i,knock
laav,smear
phuggi,swell
avd'opo't',obstruct
hibbaad',obstruct
te'lkayi jaa,overflow
kabile,embrace
aalingano' ker,embrace
po't'ali bhandile,embrace
chubit'chukan rhaa,flourish
jo'linchi,shine
dhillo' pot',get loose
dhillo' ker,loosen
chikun,sprout out
mukur,sprout out
ankur,sprout out
che'kki,cut
o'nt'ikan rhaa,be alone
haan,attack
ghaam taay,attack
aakramano' ker,attack
savanke'rle,bear
vahile',bear
rhakki,Wait
tamasker,Wait
sthiro' ker,Wait
tamasker,delay
ullangi,leap
jhaangi,leap
khaaljaa,become low
khaalker,lower
pho'nni de',seasoning
tikki vatto' ker,stammer
khyaadi po'ndi,to become famous
keerti po'ndi,to become famous
be'dir,stun
gaald'e',scold
be'dir,Be astonished
ala po'ndi,Be at a loss
hubbas,be choked
tinchi,stuff
bho'rvi,stuff
gul'l'e' haao,be sweet
phirvi,turn
phir,turn
dhyan ker,meditate
ok ker,collect
je'to' ker,collect
gumpi,collect
peel',twist
se'rko' ker,correct
se'rko' ho,correct
so'mpi,to become very happy
santusht'i,to become very happy
hugud',open
khaa,eat tiffin
chitru ker,"paint, sharpen"
dher,touch
jalaat',burn
tirayi jaa,finish
tirchi,finish
tirmaan ke'r,decide
me'rpul ker,polish
ninchi,sleep
ho'ngu avad'l'e,sleep
harumbamke'r,begin
harumbam ho,begin
gund'e' halli,beat
po's,wipe
kut'ko' ke'r,make pieces
dhairyu po'ndi,Dare/ make bold
noov,praise
shlaaghano' ker,praise
thoov,spit
sigir,sneeze
te'rmi,chase
dhamaat',chase
bharaat' avaat',Show forth
turki,scrape
manji,make shine
shobhano'ho',be shining
gunji,wash
te'vd'i,search with hand
chigursot',sprout out
put't'o' ker,Pierce
so'd'd'i jaa,leave behind
che'd'vi,kindle
po's,clear
chilinchi,spray
chinkul pot',drizzle
yaachano' ker,beg
janle,Know
kal'aat',convey
taanhaan,be saturated
te'liv ho,"sift, be clear"
chilinche',spray
shigir,spray
che'diri,splash
hibbaat',stagnate
hibbi,stagnate
ve'kki,search
moogi,search
kunki,sob
dijayijaa,wear off
ges,"rub, iron"
dairyu de',console
je'to' che'rchi,collect
je'to'mal'aad',collect
lo'mbi,hang
tor,follow
haat',touch
ad'd'amvatto' ker,disturb by talking
the'lli lo'mbi,hang on
dhillo' so't',"be supple, become slack"
sol,peel off
gamd'ayi jaa,be lost
pe'rambam ho'y jaa,be lost
gamd'aat',lose
naam,pray
lagidhe'r,infect
dhe'rilaagi,infect
sabduker,sound
o'llo' ker,make wet
bijvaad',make wet
o'd'i jaa,Fail
saamur aav,"appear, seem"
laag,"appear, seem"
chaat',lick
o'ttaat',move
halli,move
hallayi jaa,move
hallaad',move
heen ho'yjaa,be destroyed
heen ker,destroy
bhirut',crush
ne'skayi jaa,be crushed
bhirud'ayi jaa,be crushed
so'daso'dayi jaa,lose crispness
chaal,walk
chaal,Happen
chalaat',conduct
abhinayo' ker,act
ghaal,plant
o'nki,shiver
no'mmi,believe
bhind'i,believe
naam,greet
khaal,itch
phant'o' ho'yjaa,become grey
chikkayi jaa,be weak
jhirkayi jaa,slip
bijvayijaa,wet
bijvi,wet
gaat',fix
prev pot',like
laaj po'ndi,feel shy
ghanaat',stink
ghanayi jaa,stink
nishkano' ker,"decide, get engaged"
sthro' po'ndi ker,be poised
gaal'd'e,abuse
hibbaat',stop
chimt'i,pinch
nitto' rhaa,become erect
nitto'ker,make erect
nyamano' ker,appoint
nirnayo' ker,determine
nirvaah ker,administer
vit't'ayi jaa,become stale
po'sa po'sayi jaa,become stale
te'vd'i,stroke
laamkani rhaa,lengthen
jal'eeraak ker,Turn into ash
raak ho'y jaa,become ash
hungi saa,"smell, enjoy"
anubhav ker,"smell, enjoy"
anubhavi,"smell, enjoy"
bhurko'ker,powder
sookshamo'kani rhaa,be minute
bhurko' ho'yjaa,be powdered
busum burud'o' ho,bubble
toor,enter
bravesh ker,enter
turaat',enter
pravesh ke'raat',enter
kaat,Spin
tavayi vagunt'o' ho,become flexible
veen,weave
te'vd'i,grope
piskayi jaa,be strangled
piski,squeeze
bho'rvaat',fill up
bho'rvayi rhaa,fill up
do'bbi,reject
niraaker,reject
niraakarano' ker,reject
rujuker,prove
hibbi,Stop/halt
rhaa:,prevail
staapano' ho'y rhaa,be established
nroopano' ho'y rhaa,be established
hat'vi,think
mo'ri jaa,leave
hit't'ayi jaa,remove
eedo'khaal',swim
ud'chi,stretch
lambuke'r,stretch
prev ker,love
ho,happen
jeernu ho'yjaa,Wear out
itti jaa,Wear out
vagind'ili chaal,limp
guddi pho't',smash
hani pho't',smash
bhurko' ho,be smashed
duvno' laag,pain
saa,look
ko'vri,dig
tapaske'r,do penance
bahiskaar ker,Cast out
bhaagker,parse
viro'dhker,antoganize
prevur vidi mos ker,deceiving with sweet words
mayaalkani mos ker,deceiving with sweet words
mayaal ke'ri mos ker,deceiving with sweet words
bhooklagayi rhaa,feel hungry
dhamaadhaamur rhaa,flutter
pe'rpayi rhaa,spread
nilchayirhaa,settle down
che'vdi,"study, read"
ninji,lie down
shayano' ker,lie down
ghaal,offer
ke'r,do
aajnyo' de,order
aajnyo' paalano' ker,Obey
aajnyo' dhaanu chaal,Obey
be'dur,tremble
nimpayi jaa,record
panjeekarano' ho,record
nimpi,"record, imprint"
panjeekarano' ker,"record, imprint"
lukkaat',Hoard
lukkili rhaa,Hide
allaat',Get agitated
paskat' khaat',Talk hesitantly
dhakki rhaa,Fear/ be afraid
che'vdi,learn
eeg,learn
che'vdaat',teach
igaat',teach
allaad'um rhaa,be in a hurry
paalano' ker,support and nourish
ukki,Seize / snatch
jhe'lpi,Seize / snatch
sodhano' ker,"test, examine"
allaat',Be agitated
paripaalano' ker,rule
vasno' desti so' ho',be fragrant
ho'd'vi,serve
de'l'ko' pot',become stout
be,drink
che't'vayi rhaa,Increase
ven ho jhukku ho,Increase
palinchi,produce result
vat'ke' ker,tame
po'l'gi,mix with
po'ro' ghaal,Blame
chook sangi,Blame
jholinchi,glitter
dhe'rle',hold
hud',fly
prakat'ano' ker,proclaim
pani bindun mil'ayi rhaa,"collect dew, filled with tears"
do'laampani hibbi rhaa,"collect dew, filled with tears"
gaav,sing
baadho' ker,Affect
baadho' po'ndaat',Affect
rakshano' ker,protect
rakshi,protect
pravahi,Flood/run in spate
paasano' ker,Irrigate/flush
saa,See/look
ghe'nam ker,Praise/honour
ghaurto' ker,Praise/honour
shlaaghano' ker,Praise/honour
upayok ker,use
noog,use
ghaal,sow
mantuse'ra rhaa,Have flaw
chigut't'akani rhaa,be sticky
kusir,"squeeze, knead"
dhe'r,catch
ukki,snatch
mo'nnubhet ho,Dissent/tussle
mili rhaa,Entangle/
kut'kaan che'ri rhaa,Entangle/
kut'kaan sandhayi rhaa,Entangle/
kut'kaan che'rchi,join
kut'kaan sandhi,join
go'l'a go'l'ayi rhaa,babble /prate
piski,Press out
piskayi jaa,be pressed out
paskat' pot',stay behind
phat't'i rhaa,be torn
phaat't'a,tear
jho'linchi,shine
jen,deliver
pratiprakaash ker,reflect
aashcharyu ho,Wonder
upayo'g ker,use
pravesh ker,enter
vat'o' ho'yrhaa,be separated
vat'o' ho,be separated
vat'o' ker,separate
bhaag ker,separate
pre'rano' ker,propose
pil',squeeze
jivli rhaa,survive
phaat' ker,split
ghiimkaar ker,trumpet
ooj,take birth
sut't'i jaa,slip
suyaprabhaav gaav,praise self
jo'maat',feed
me'rchi,praise
dhoor,enter
turaat',thrust
dhumayi rhaa,smoke
dhumaat',smoke
te'si pho't',Thrash
re'gid'i pho't',Thrash
phuggi rhaa,swell
punarud dhaarano' ker,renovate
no'vo' ker,renovate
gad'ayi rhaa,be buried
gad',bury
dhool',roll
andad'l'e,Understand
janle,Understand
kal'ayile,Understand
chook me'nli rot',rave/complain
phailiphaar ho,dawn
so'laphaar ho,dawn
vavrinim rhaa,be in use
pariyogum rhaa,be in use
meegum rhaa,be in use
raptaam rhaa,be in use
murgayi rhaa,be rotten
se'go' ker,be sultry
vijjaat',"sour taste, ferment"
cho'd'd'o'vatto' ker,lie
tiraskaar ker,ignore
nigil,start
phool,Blossom
laav,Apply/ smear
beeghaal,lock
so'mpupo'ndi,feel elated
de'l'ka kot',become stout
gunaad',"multiply, increase,"
ven ker,"multiply, increase,"
ve'na ho,increase
po'vs pot',rain
thaam marchile',change place
anuvaadker,translate
bhaashaantar ker,translate
tarjamo' ker,translate
nil'uv to'ppi,Be deranged
haggi,pass stool
phuggi,blister
hubbi,Boil over
chund'aad',scorch
jalayi jaa,be scorched
bhurko' ho'ya jaa,be powdered
bhurko' ker,powder
jhaay,cover
chalnaato' rhaa,not happen/ fail
bhunjayi rhaa,be fried
bhunji,fry
vattaa jhagat',quarrel
che'rchi,fix
mil'vi,fix
mil'aat',fix
che'ri rhaa,be fixed
mili rhaa,be fixed
kungi,Groan/ sob
po'vs luchchi,rain heavily
samule,tolerate
ve'kki,pick up
upadesh ker,advise
murga ijaa,decompose
magguno' pot',Fade away
murgi,decompose
mo'nchi,fold
mo'nchayi rhaa,be folded
ho'raat' ke'rle',marry
vasunayi rhaa,smell
hungi saa,smell
mo'rgiyaat de,respect
timur dher,go numb
arthamoh po'ndi,Be deceived / be hazy
hudana ninji,lie looking up
so'nga pot',become cheap
aashcharyu pot',Be stunned / be amazed
so'vram ker,shave
mo'no' javaat',blunt
mo'no' nheetta rhaa,be blunt
vatto' dul'ki,deceive
visral'l'e,Forget
avad'a po't',obstruct
aat'shepano' ke'r,deny
gamd'ayi jaa,Disappear
jhakile',hide
kshamo' ker,forgive
samt'aat',hook
mor,Die
mo'raat',Kill
me'ruk de,polish
jo'li jo'linchi,Twinkle
mit't'i,"tune, take back"
phivrikhaat',"tune, take back"
phivri khaat',Reverse/ get back
addu to'ppi,cross the limit
seemo' ullanghi,cross the limit
boot',dip/groan
bud'at',dip/groan
sundurumboot',Immerseto take pearl
mo'ti het',Immerseto take pearl
boot',"drown, sink"
dhikki,butt
po'savaayumpot',be paralysed
musad'al'e,end
musaat',complete
phivri hingaat',wind up
no'ngi,murmur
chumbano' de,kiss
chumbal'o' de,kiss
pikki,ripen
so'mmarchet',overtake
o'smmar jaa,overtake
e'ttan ker,try
prayatno' ker,try
bhe't ker,contradict
ghoshinyachi,Resound
ghosham taay,shout
mukkulinyachu,blink
minki,swallow
chugur sot',"germinate, sprout"
mudure' ho,be fully grown
mo't'al'e,break
mud'ayi pot',break
mot',break
pibinyachi,tighten
mukulkani haas,smile
mukili haas,smile
ko'mbl'o'kani haas,smile
khoorkani saa,stare
pe'd'vi,light
jhaay,"cover, close"
moosal lagipot',faint
boot',"sink, drown"
harumbam ker,start
savri,wiping
cho'vri,graze
askipo'kum ulaas ker,Move around
guddi,beat
je'to'meel',"crowd, swarm"
minchi,Take out water
dhikki,dash
bhandi,compose
raach,compose
bheegmaay,beg
anumaan ker,guess
oohano' ker,guess
chinto'ker,think
rasinchi,enjoy
rasano' ker,enjoy
lagiinchi,involve
vakunt'a buddhi,be crooked
padavi khal'l'e,Assume
bhaangu ker,Divide
vat'o' ker,Divide
tel',Stir in a pan
bhunchal'l'e,be roasted
vaas ker,live
o't'chayi jaa,be strained
o't'chi,strain
chitravadho' ker,torment
sukki jaa,Go dry
ve'kki het',select
nhiinaad',rub with hand
varnano' ker,describe
ke'sht'amker,to give trouble
vichaar pot',Experience suffering
khal'l'i avaat',fetch
chitru likhi,draw
duvno' po'ndi,Pain
de,Offer
jhukku de',Offer
hod',grow
hod'aat',"bring up, grow"
roop ker,make
khaad',buy
sandarbhu abbad'l'e,Get opportunity
roop kaar,mould
roop ker,mould
jeev,live
nandi,bless
jivaat',Make/ let live
sod',leave
phad'inchi,nose become big due to anger
aajnyo' de,command
buskit't'i,sob
aashcharyu pot',wonder
se'go'voor,sweat
do'vt'i,drive away
phool,blossom
door ho,go away
vivar ke'r,explain
vivaad,argue
jaagrato' ho,Become aware
pod',fall
haan haana,lash
me'ni haan,lash
pikkaad',cause to grow
se'nam,be hasten
muduraat',Harden
poos,Question/query
vichaano' ker,Question/query
bhavaat' taay,scream
roos,show angry
baado' pot',Feel agony
dhakki,Feel scared
dhaakum o'nki,shiver out of fear
ros,hate
dvesh ker,hate
magile',request
ne'rppi,wrap
se'go' ker,sweat
dhov,"place, keep"
ho'd'aar,quadrangle inside the house
gho'mmo',room
aro',room
tavram,room
gher,house
khanitavram,dining hall
handavu tavram,dining hall
unchal'o',swing
hindal'i,swing
khavraa gher,tiled house
khavro',tile
od'o',gutter
parunt'aa gher,thatched house
bhavan,Plot/ house
kavaat',door
rhe't'o',pulley
chid'aaya de'yd'o',black stone
kal'aa de'gud'o',black stone
mal'o',latrine
heer,well
kut'se',hut
ko'l'aay,tap
nal'iko',tap
snaanu gher,bathroom
kho't't'o',hall
bo't't'aa maud'o',tent
mhugut',roof
kavaad'u dhaan,door handle
muggu,ornamental drawing with rice or stone powder
hantavu tavram,kitchen
vit'i sal'aak,window bar
toompo',gutter
je'ngjaar,gutter
re'nku,"paint, dye"
peegaat,key
vit'i,window
vit'ke',brick
vid'gine',brick
tal'am,floor
bho'i,floor
tal'am,"flat, floor"
ho'l't'o',verandah
pat'uto',curtain
khaambu,pillar
gosaalo',cowshed
gaaygo'runukho't't'o',cowshed
nantavanu,garden
to'ran,door decoration with mango leaves
taam,land
vidde',storey
mhad'i,storey
pani nivi,water tank
panito't't'i,water tank
tarum puro',door frame
sopaan,step
me'rkani,Sit out
me't'kani,"steps, staircase"
ninjariyatavram,bedroom
sayana tavram,bedroom
mauvd'o',pandal
palingi de'yd'o,marble stone
dhoomu ghood',chimney
dhoomjavad'ni,chimney
paskat' ho't'aar,backyard
poojaa aro',prayer room
beek,lock
chut't'u peet,compound wall
gheru thaam,"plot, house"
peed'u muggu,ornamental drawing with rice flour
gho'vlo',a cell for keep-ing the lamp on the wall
vidde',upstairs
ravul',"big house, bungalow"
ho't'aar,courtyard
bho'ng_u,bamboo
mulo',corner
umbro',corner
re'ngu,"colour, paint"
svaagata aro',drawing room
bat'ke',rent
bat'ke' gher,rented house
daar,"threshold, gate"
dhat'o',"threshold, gate"
pankho',fan
vijano',fan
divo',"light, lamp"
aavarano,fence
mee,I
ami,we
too,you
tumi,you
e'no',he
ino',she
e'nu,he
e'nu,they
e'lyo',it
e'lye',they
te'no',he
tino',she
tyo',it
tye',they
apul,reflexive
aplaan,reflexive
tumi,reflexive you
kon,he
kon,she
konkon,they
kone',which
konye',which
konyo',which
kon,who
chul'l'o',stove
tat'o',peg
it'ki,forceps
vit'ki,forceps
lho'ganupe't'i,iron self
surug,drawer of a table
ge'sina ipe't'i,iron box
sat'o',ladder
sreni,ladder
chittur,painting
manchu,cot
mo'ncho',cot
ghe't'igal'o',wrist watch
davno',mirror
addam,mirror
chhuri,knife
ke'ttirike',scissors
kamblo',wollen blanket
phanguro',wollen blanket
oornuphanguro',wollen blanket
khat't'i,stick
paai~ po'sunaav,doormat
pausul,footwear
gungumu bho'rani,kumkum box
sadi,umbrella
chhatri,umbrella
ge'llo',vessel for storing grains
gutti,bottle
guppo',trash
heed'uvastun,trash
ge'llo',Earthen vessel for storing grains
kovi,pipe
phunnal'i,pipe
nal'i,tap
haatu kho'l't'i,handbag
pisul'aa o'lo',mosquito net
sirkan,sandal
shreegandhu,sandal
je'ngal'am,carpet
raak,ash
vastun,things
jamaanun,things
bigaat,key
pho'nni,comb
bheetu ghe'd'igal'o',wall clock
bo'ngu tat't'i,bamboo screen
laid'o',stick
banaal lagud'o',big stick
hatran,carpet
te'lkat',pillow
humro',pillow
dind'u,pillow
mo'lt'i,pillow
vaat,wick
divo',lamp
lo'mban divo',hanging lamp
pallo',cradle
pal'l'o',cradle
ke'sini pe't'i,Iron box
nivi,tank
to't't'i,tank
roopadarshini,television
door vadini,telephone
ke'shan kho'l't'i,leather bag
khaanadu kho'l't'i,shoulder bag
dinnu de'kkat'ni,calender
dinacharyo',calender
chaarpaai~ tivi,chair
kursi,chair
kontu,gum
did'd'u,gum
vallir,gum
chittur,picture
los,picture
sayani,bed
sayanu hatran,bed sheet
kutur,Wooden vessel for storing grains
daatu burus,tooth brush
daatu manjan,tooth brush
d'aatu ge'sini,tooth brush
daatulehi,tooth paste
daatu bhurko',tooth powder
e'dunam,vessels
paatro',vessels
chapo,mat
ge't'paaro',crow bar
khanaav,crow bar
dhoom los,photo
need'aa los,photo
bhaava chittur,photo
naal'o',funnel
phoolu nivi,flower pot
pe't'i,box
pil't'i,toy
phanguro',blanket
phanguri,blanket
ghe't'i,time
paayn po'silni,mat
vidyutvijano',electric fan
vidyuvit divo',electric lamp
theenpaai~ tivi,three legged stool
me'dul'o',mattress
me'yinu vaat,candle
mom vaat,candle
mejo',table
vaar,Broom stick
jhanni,Broom stick
kud'o',bucket
gavni pe't'i akaas dho'ni pe't'i,radio
tivo',lamp
jhanni,broomstick
je'to',"group, team"
gumpu,"group, team"
khaal',"play, game"
khe'l',"play, game"
be'nt'u vaagh khalni,goat and tiger game
bhala visirni,javelin throw
dehaapphiyaas,exercise
oonchali,swing
heental'o',swing
prativaan,opponent
dhamnikhe'l,running race
dhamdhe'ran khaal',I spy game
te'ratte'khaal',I spy game
kat'chi,"party, side"
kapad'i,kabadi
paai~ go'l'o',football
kit't'ipul',a native game with one small and another long stick
khat't'i khaal',a native game with one small and another long stick
paand'i khaal',A native group game
ravaak khaal',a play with marbles
bhajji,green leaf
pho'l't'e' bhajji,Boiled green
kad'ale',Ground nut
sivje' kad'ale',Boiled ground
go'l'a bhaar visirni,shot put
gunt'u visirni,shot put
guddini jhe'd'o',boxing
guddaa jhe'd'o',boxing
kusti,wrestling
kappu,cup
bal'ingi,marble
kabad'i,kabadi
chadurankam,chess
cheed'ukhaal',playing cards
cheet',cards
lavnis pardhan,shooting competition
go'l'i,round
ko'vt'aa khaal',a native play like chess
o't'ni,failure
paraaje'yo',failure
tarni,swimming
eeto',swimming
ve'duru varnano',Live commentary
pratyakasha varnano',Live commentary
tatkaalu varnano',Live commentary
vri'tu,title
po't't'am,kite
naukaaspardhano',boating/sailing competition
naukaa po'nti,boating/sailing competition
pantu,ball
go'l'o',ball
bho'nkuro',top
o'pallaankul'i,a native game
sankhyaan,points
phoolu go'l'o',badminton
phoolu pandu,badminton
spardhaa to'ran,play series
khel'u re'm,stadium
khel',play
khel'uvan,sportsman
theer,sportsman
khel'uvati,sportswoman
khel'l'ii,sportswoman
jeek,victory
je'yam,victory
upatyako',foot-hill
sandhi,horizon
se'tu,dam
al'a,dam
jhari,water falls
sundur,sea
ne'ddi,river
mo'syaan,burial ground
undar,darkness
andar,darkness
kasu,water spring
hul'aaggiri,volcano
tal'o',lake
se'ddu,sound
hujaal',light
po'ndo',hole
bo'ndur,sea
unduruteeru,sea shore
khand'am,continent
chid'aayde'd'ut'o',granite
kalade'gut'o',granite
teeru,"land, bank"
chid'amatti,clay
chigut't'amtati,clay
daaru,ore
raan,forest
vanam,forest
meet'u tal'o',back-water
kaulo',canal
varo',air
ghupo',cave
so'ro',pond
sundurukukshisunturaheepu,gulf
busumbud'd'o',bubble
khauri,"pond, tank, pool"
gheer,pit
ninno',pit
giri raan,mountain and its surrounding
do'ngar,hill
kakuda,peak
sangamam,confluence
talaataam,marshy land
sandyaa,junction
se'ntu,lane
mahaasaagaram,ocean
chid'aay,gravel
chid'ayde'yd'o',gravel stone
vaat',road
re'sta,road
tos,peak
mo'syaan,burning ground
dhavaavaat',sub-way/tunnel
ghuvvo',tunnel/mine
aavartu,whirlpool
aavartuvaro',whirlwind
surivaro',storm
ramatti,red soil
po't'kyaat',slum
chakkil,mud
maargam,path
phoolutal'o',tank
peek nheetta thaam,barren land
talam,floor
bhutalam,floor
dhaatuvastu,mineral
ul'aa go'l'o',lava
deepa garpu,penisula
divu,island
taaru stal,har bour
dhool'i,dust
je'jju,dust
veet,street
pal'o',street
dikantu,hori zon
bhunj~,land
chailo',shade
need'o',shade
pani,water
avri,whirlpool
auri,whirlpool
panre'm,reservoir
pani sthiti,water level
jhari,water fall
kasu,fountain
pana dhaam,water current
peen,foam
abrani dharir,sea and its surrounding
mahaa gheer,va lley
padaal',lower world
setu,bridge
valu raan,desert
valu vana,desert
paaro',rock
ut'aav,light/bright ness
prakaash,light/bright ness
samasthal,plateau
jhunju,cyclone
bhunj,earth
bhui~ khinaini,earthquake
bhukampu,earthquake
maaasundur,ocean
mho't' jhari,cataract
bhurko',powder
choornu,powder
hiro',pond/tank
damar tal'o',pond/tank
sathiti,level
matti,soil
val'u,sand
val'utippo',shoal
val'umit't'o',sand hill
mo'shyaan,burning/ burial ground
peekudharir,paddy field and its surrounding
do'ngar,mountain
giri,mountain
girijhirvaat',mountain slope
to'ngara vaat',foot hill
to'nkarto'ran,mountain range
chapal,lightning
nhaanveet,lane
vanaantira,forest and surrounding
mo'no',cape
varo',"air, wind"
akhaado',"gulf, bay"
vaat',"way, path"
ve'lvo',flood
pravaaha,flood
panshandi,strait
akkaro'khal'l'e,get interested
abbini pot',be caught
dhakki rhaa,be afraid of
dhakkaat',horrify
achchu taay,print
mudrini ke'r,print
dhaak ghaal,terrify
gaalum tho'vli lubbi,Ruminate/chew
ud'gad'i tho'v,Quell/ control
ghaam lagal'l'e,get wounded
khaal pot',become subordinate
bandi ker,enslave
daas ker,enslave
harumbam ker,set foot
pagul tho'v,set foot
je'to'kani aav,come ina group
atkyaara de,empower
be'diri pot',shock
be'dur po'd'aat',perplex
samaadhaan ker,"pacify, give solace"
shaanti ker,"pacify, give solace"
samaadhaan ho',be pacified
arpano' ke'r,dedicate
jalpano' ker,Chat leisurely
virthaa vatto' ker,Chat leisurely
ke'sht'ampaat'po't',work hard
ve'n ke'sht'am pot',To labour intensely
singaar ker,decorate
alankaar ker,decorate
avsarker,hasten
avsarpot',hasten
avdhi pot',Undergo agony
nimantrano' ker,invite
bo'van dhad'd'e,invite
parichayo' ker,introduce
sikkad'i de',Impart knowledge
nyaan de',Impart knowledge
pikkini kaat',harvest
peek kaat',harvest
anyo' ho,Get alienated
adisam pot',wonder
aashcharyu po'd'aat',amaze
aasta pot',desire
apul ke'rle',Take possession/ make one’s own
apulkani vahile,Take possession/ make one’s own
aplaan ke'rle,Take possession/ make one’s own
sthiram nheetto' rha aa,be shaken
hallan nigil,be shaken
uddar de',order
raak avaat',incense
aadaro' de,"support, patronize"
te'yaar ke'rle,get ready
utkurosho' ker,clamour
re'chchaa re'chcho' taay,clamour
jo'syam sangi,predict
phullaam sangagi,predict
aalochano' sangi,Advise/ counsel
dhe'yriyam sangi,console
shaanti de',console
saantvano' ker,console
sammat de,allow
thaamtagi tho'v,allocate
thaam de,give place
thaam marchi jaa,Migrate/ dislocate
thaam marchi tho'v,Migrate/ dislocate
thaammarchi,shift
ke'sht'am ad'd'am avaat',Create obstacle
ne'skini po't',be crushed
ad'd'am pot',obstruct
avd'o'pot',interfere
to'ndarav ker,disturb
o'ppastiso' ker,Make one accept/ yield
anutaap kalaat',condole
mhavli taay,"black out, hide"
hanthaar ker,darken
bhavaat' taay,shout
sankhyo'de,to number
unno' ker,degrade
po't't'al'a ibhandile,hug
po'd'ali bhandile,hug
devu padam meel,Attain to the Lord’sfeet
gurtu kal'aile,identity
samamo' ho'yle,become equal
abhet javad'l'e,become equal
pratipoorti ker,compensate
unnapan se'rko' ker,compensate
laginchi rhaa,involve
laginchad'i rhaa,engage
siddhi ho,fulfil
ke'laam laav,coating the inner part of the vessel with lead
bho'jano' ke'rle,"take in, eat"
bhittar thov,"insert, inject"
ho'gat hingaat',"insert, inject"
sammat po'ndi,agree
bhittar toor,penetrate
sahamati ho'yle,make an agreement
o'janaak o'jano' o'ppile,make an agreement
bo't't'o' he't',undress
bo't't'o' so'vd'i,undress
urpatti ker,"make, create"
bhaat ghaal,feed
prayojano' po't',be useful
upayok ho,be useful
nugaastiso' rhaa,be useful
jeev sot',Lay down life
jeevde',animate
jeev ghaal,animate
bo'lamker,strengthen
baadhyato' magile',to claim right
roop ghaal,give shape
mano'no' ke'rle',memorize
rup marchile,change form
sambhaashano' ker,converse
lopulo' raastiso' ker,include
lopulo' tho'vle,include
utsaah po'ndi,Get enthusiasm
gamchi aiki,Listen attentively
khurkani saa,gaze
o'janaak o'jano' praamo'kani challe',Interact affectionately
nisashkano' ker,confirm
pramaankhal'l'e,take oath
utsaahker,encourage
unjalo' khaal'a,Oscillate/ swing
cho'd'd'o' po'd'ibhittar thoor,Infiltrate
kho'laa bhavaat' taay,Howl/whistle
phuvni re'chcho' ker,Howl/whistle
bho'ysu re'chcho' taay,bellow
hat'vi saa,think
pratidho'niker,echo
ve'dur po't',Encounter/meet
saamur aav,Encounter/meet
ve'dur de'kki,Encounter/meet
prateeksho' ker,Expect
e'dura saa,Expect
raak avaat',irritate
seemo' daat',exceed
udvek ke'r,Inspire/ motivate
udveg avaat',Inspire/ motivate
upahaas ker,Mock /ridicule
de'gaarde,belch
e'lam sot',auction
prabantu ker,arrange
poorvabhinayo' ker,rehearse
so'mmar do'bbitho'v,Postpone/ procrastinate
do'bbithov,adjourn
sahayok ker,cooperate
tirash kaara,overrule
ker,overrule
he'd'i tov,reserve
vaso' de',Submit/handover
haatu akshartaay,sign
singaar ke'rle,do make up
tota saa,compare
anumati de,consent
samyojano' ker,co-ordinate
dhyaan yok ker,concentrate
roop ne'rpi,telecast
je'to' che'r,unite
je'to' che'rchi,"unite, assemble"
dhami jaa,elope
nivruti ho,retire
chitru likhi,paint
tirmaan ke'rle,make up mind
ket'a bhandile,begirdle
sulko' bhandi,remit fee
aajnyo' de,to issue an order
aajnyo'de taay,command
balavantu ker,compel
adhikaarum rhaa,be under control
niyantrano'ker,control
ke't't'u taay,bandage
he'l'l'ii jaa,kidnap
kartav ker,do the duty
reen pot',Get indebted
reen khaat',borrow
khe't'in ker,harden
anusarile',follow
to'ri jaa,follow
gamchi se'yle,Watch/ superintend
do'l'o' miski,wink
khand'ano' ker,condemn
de'kki dher,"discover, invent"
do'l'aampani khaat',shed tears
do'l'o'ho'r se'yle,see
lhe'kko' ker,"enumerate, to account"
kaam hibbaat',lock-out
ke'ran kalanaato' rhaa,Be at a loss
ghe'rvaar rhaa,conceive
garbhu jaavaat',abort
abhipraayam sangi,opine
ke't't'adad'asti so' jaa,find no bound
bhramo' ho,Be confounded/ be confused
kalaho'ker,"riot, rebel"
araajakato' ker,"riot, rebel"
kalaho' ke'raat',Plunge into riot
mo'nnu kavlayi rhaa,Get agitated
ke'l'l'u o't'chi,brew
kalpano' ke'r,imagine
nemo' naash,Corrupt/ stain
kaat' po'd'at',Corrupt/ stain
so'pno' de'kki,dream
darshano' de,appear
de'kkad'i de,betray
mos ker,betray
duroh ker,betray
rakki rhaa,wait
prev po't',Fall in love
kaanum pot',hear
kaan hor aiki,listen
ghaam pot',get wounded
ghaam po'd'at',wound
kaal ho',expire
de'vkayi jaa,expire
kaabandu ker,guard
bheetiker,scare
dhaak avaat',scare
sanchalano' ho,get stimulated
sanchalano' ker,stimulate
aajnyo' paalano' ker,obey
aajnyo'dhaanu chaal,obey
adhikaar dhaanu challe',obey
khaal rhavaat',Subjugate
mo'nnum bees,Inhabit
kaap rhavaat',Form a settlement
vaasasthalo' nirnayo' ker,Form a settlement
vaasker,inhabit
vaas ke'raat',populate
vaas ho',migrate
kaap jaa,migrate
baro' ker,heal
paai sapot',worship
lumplo' ho',be confused
lumplo'ker,"embarrass, confuse"
po'llam ko'vri,defraud
hoonlagal'l'e,bask
heem javad'l'e,bask
chook sangi,accuse
chook ker,do a mistake
po'sme' sangi,foretell
he'd'i sangi,"denote, mention"
chinhu ghaal,mark
le'kku thov,aim at
dhyeyu tho'vle,aim at
laajlagal'l'e,feel shy
re'chcho' maat',shout
mugaam taay,camp
venker,enhance
rudrataant'av khaal',dance in anger
choog ghaal,shout
ke'njimaay,entreat
khe'llalker,jest
avmaan pot',be mocked
aikina ipot',have heard of
haatum khal'l'e',take in hand
haat halvi,shake hand
deehaat che'rchili anjali ker,greet
siddhi ho,to be fulfilled
haat te't't'i,clap
kaiduke'r,arrest
bandi ker,arrest
paanigrahano' ke'rle,marry
ho'raat' ke'rle,marry
haat thov,misappropriate
chalto' ker,handle
so'd'd'i jaa,leave
dho'mbulaay te,yawn
duraacharano' ker,ill treat
himso' ker,ill treat
re'gat khe'd',boil
jeev doos,murder
loot'maar ker,Rob/ plunder
soot' haan,Rob/ plunder
ghe'nam po'ndi,have prestige
sat't'am taa,enframe
jhe'd'o' malle,quarrel
good'ho' ker,Plot against
sati ker,Plot against
so'ntosh pot',enjoy
samo' ker,equalize
samadhaan ker,compromise
saranaagadipo'ndi,surrender
le'kka so'rkko' ker,tally
se'rkka ker,make correction
che'lvo' ker,wash
mo'rgyaat kal'aat',Greet/ salute
se'lke' de'kkaat',give concession
pe'yir junni,to cultivate
pramaana de',certify
pramaan ker,certify
busko' ker,entangle
samt'aat',embrangle
se't't'ukan rhaa,economize
ven sil'l'a pot',be chill
khyaati po'ndi,get fame
mutti,pass urine
alangolam ker,disorder
gunnu nheetto' raa,degenerate
soodhaar ke'r,reform
niyamo' naash,Make disorder / degenerate
mit't'i sot',flip
chut't'u taki dher,Besiege
hunna ker,Heatup
hunna ho',become hot
hupaavker,intrigue
sad'yantru ker,intrigue
soore' taay,forage
maraamattu ker,repair
naveekarano' ker,repair
se'rka ker,mend
kaamum huttir,act
kaamum laag,act
vaadamum po'd'at',paralyse
chalta ker,implement
prabhaav nheetta ho',lose influence
prabhaav javad'l'e',lose influence
saikano' ker,give signal
bhaashano' ker,give talk/lecture
sodhano' ker,test
lol po'd'i hind'i,loiter
sheen po'ndi,get tired
kartav sot',shirk
samadalam ker,flatten
te't't'u kit't'i jaa,falter
nirodh ker,impede
dant'ano' ker,punish
lhe'kko' se'rko' saa,audit
to'mchi jaastiso' ker,Let escape
to'mchi jaa,escape
pasto'kki hibbi,linger
staro' nirnayo' ker,standardise
lukki rhaa,abscond
agraasano' khal'l'e,preside
agrapan vavile,preside
do'sko' halvi,nod
do'sko' de,interfere
do'sko' namle,bow head
kunt'u ker,do mistake
do'bpi thov,postpone
pe'tte' ker,alienate
sramo' se'kile,manage
kheel' taay,close
hubbas pot',suffocate
be'dirpot',Be astonished
aashcharyu pot',stun
yojano' ker,plan
samartavaan ho,have skill
een ker,do harm
nirnayo' ker,give judgement
mud'iv de'kki,find a solution
samaadhaan ker,find a solution
o'ttaas ker,help
bisso' ho'vaat',hasten
turu dher,rust
put't'o' taay,perforate
khe'sht'am pot',suffer
che'd'vi sot',"encourage, instigate"
bhurko' ker,make powder
choornu ker,make powder
ve'kki het',select the best
sande'sh le jaa,convey
se'ndev nheetto' rhaa,be clear
se'ndev javaat',make clear
de'kkini pot',appear
paje' ho,"require, need"
harumbam ke'ri tho'v,begin
samparku ker,correspond
sandhim tho'vle,correspond
sevo' ker,serve
himso'ker,disturb
naashano' ker,destroy
o'd'a ijaa,fail
o'd'ad'i javaat',defeat
horu hor himcho' ker,annoy
vikku ghaal,empoison
sinkati ke'rle',Make friends
hind'i phirilet rhaa,wander
chalta ho,occur
chaal,Walk triumphantly
no'mke' po'd'aat',make believe
no'mke' de,Give hope
no'mke' thov,Place trust
svaagat ker,welcome
dhannu sanki,give thanks
gavun de,Give attention
nartano' ker,dance
gaam so't'idhad'd'e',exile
dhvamsu ker,annihilate
hat'van ke'rle,recollect
hat'van ker,remind
chalta ho,happen
gamchi saa,look
rogum pot',Fall sick
o'gatraa,fast
vat'o' khal'l'e',participate
bhook anchile,eat
japto' ker,list
aakramano' ker,invade
kartav chalto' ker,Perform duty
padavito'kan hutraat',dismiss
padaviso'd'i huttir,resign
bharti ker,reply
je'vaab de,reply
bharti ker,substitute
cho'd'd'akani samchayo' ker,hoard
po'ne' bhandi,bet
pirjanama pot',be of use
pe'yir gaal,cultivate
dhamaadhaam po'ndi,hurry
pari haar ve'kki,redeem
jem de,give award
paaritos de,give award
bho'gumaan de',give award
parisheelano' ker,scrutinize
paritaap pot',show sympathy
bo'li de,Kill as a sacrifice
khand'ano' ker,censure
bo'li khaat',take revenge
prati himso' ker,take revenge
ko'l'aar ker,impair
kamd'an de,Give away/ go without
ukkili jaa,snatch
vago' ker,classify
baavalo' ker,"feign, pretend"
kavito' ker,compose
geet likhi,compose
svaraan taay,compose
paat'ho' sikkaat',teach lesson
prachaar ker,propagate
anubandhu che'rchi,annex
beed'ano' ho,be affected
dhaak lagad'l'e,Be desperate
keerti po'ndi,become famous
mo'nnu duvno' ker,wound
paskat'um vatta ker,backbite
nhana haso' ker,smile
ghe'namkani hat'vile,be proud of
mho't'a hubbas de,sigh
molhani vatto' ker,bargain
piso' dhe'raat',madden
cho'd'd'a vatto' ker,bluff
o'radhaankani lagal'l'e,consider
bodo hingaat',intoxicate
gud'ka taili bees,kneel
gunnu nirdhaarano' ker,"assess, evaluate"
bhartiker,respond
je'vaap ker,respond
haar ghaal,put garland
mud'iv ho,be over
dhantho'v,invest
do'vro' pot',become old
so'mmar vaat' de'kkaat',lead
minchur hingaat',to perform first time on the stage
mit't'ar hingaat',to perform first time on the stage
vaat' de'kkaat',guide
so'mmar jaa,lead
puje' ker,worship
vaat' sot',give way
phallo' aadurvo' de,second
anusari sangi,second
aa ker,gape
ton pe'saavkani hoot',gape
haat' sot',forsake
je'vaap de',give answer
visaalo' ker,expand
je'man bhaal,Arrange feast
ve'g ke'r,quicken
alagga thov,exempt
jaagrato'po'd'at',awaken
prasur ho,be published
prasur ker,"disclose, publish"
bharaat' do'bbi,expel
hoottir bharaat',go out
jeeg po'ndi,overcome
aavesh po'd'aat',madden
dve'shghaal,displease
vet'aa khaal',hunt
bhe't ho,differ
bhe't ho'vaat',separate
koormo',tortoise
kaspo',tortoise
tambalchippo',tortoise
khe'sulo',prawn
ke't't'u saap,viper
samudru kaspo',turtle
saara saap,a kind of land snake
gilkaaysaap,rattle snake
ko'mbari saap,Akind of poisonous snake
seep,Oyster/shell fish
bhook se'ntaa mhal'ii,shark
pot'u jaalu mhal'i,shark
panimsaap,water snake
kid'aa sthiti bhe'rkili,Tadpole /larva
be'skal'i,frog
timingal,whale
timivaasi,whale
vikku daat,poisonous fang of snake
vikgu,poison
kirvil,crab
gishlo,snail
nansaap,cobra
so'kkat' saap,cobra
panim suno',beaver
panima aistu,hippopotamus
nil'a saap,green snake
po'd'ge',hood of a snake
to'ngaru saap,python
mhal'i,fish
nakru,crocodile
vikku,poison
paashaano',poison
gaay,cow
bhe'nd'u,lamb
gaay go'run,cattle
po'tulo',bull
bhe'ys,she-buffalo
bhe'ysu po'tulo',he-buffalo
muyi. lo'lpade',camel
po'tulo',ram
ghe'dad',donkey
dud'o',calf
vaasar,calf
go'ngu,cattle
go'ru,ox
gho'd'o',horse
kees,monkey
po'langu,monkey
vanghami,monkey
bhe'nd'u,sheep
mhe'd'ibhe'nd'u,sheep
ghe'dad'agho'd'o',mule
suno',dog
pail suno',bitch
dukkar,pig
manjiri,cat
go'ru,bull
harin,deer
mri'go',animal
moogu,animal
shasho',rabbit
khunde'l,rabbit
paalana moogu,domestic animal
ko'chchi suno',hound
khet'usuno',hound
chitramuyi,giraffe
uko',wolf
vri'ko',wolf
gangaaru,kangaroo
chitravaag,leopard
bhallu,bear
ghe'dad'vaag,hyaena
vanamanjiri,wild cat
vanamoogu,wild animal
raanu bhe'ys,bison
nanatur kho'lo',jackal
ismmo',lion
simhu,lion
tarakshoo,leopard
kho'lo',fox
vaag,tiger
me'niku kees,gorilla
khad'aa dukkar,porcupine
haistu,elephant
aistu,elephant
gitaa gho'd'o',zebra
maamsu,flesh of cattle
kho'vs,flesh of cattle
bo'sulo',flesh of cattle
she'rir,body
kamblo',wool
dhuvan,rice water given to cattle
dhuvanu pani,rice water given to cattle
khuri,hoof
kho'r,hoof
singu,horn
she'n,cowdung
so'nt'i,Trunk of an elephant
vikku daad,Fang of snake
vikkudaat,fang
se'rki,cotton seed as cattle feed
maandukhes,mane
pe'n,oil cake
oodho',udder of cattle
po'tuv,udder of cattle
khes,hair
rom,hair
lo'd'd'i,animal refuse
laayam,stable
poos,tail
pusid'i,tail
go'vat,hay given as fodder to animals
raanu kaulo',raven
chanchu,beak
muskil'i,beak
amso',swan
ghugu,owl
ulu,owl
pingu,feather
peep,feather
pakshi goo,bird’sdropping
rajakaulo',king crow
gauri,partidge
dishl'o',eagle
kaulo',crow
ramo',parrot
ko'kil,cuckoo
chid'i,sparrow
dhago',owl
panjiri,nest
need'o',nest
vago',crane
ili,crest of cock
chhuli,crest of cock
kukud'i,hen
kud'i,hen
kukud'ipillo',chicken
pinkud'o',wing
kukud'o',cock
kud'o',cock
aad'i,duck
badulo',duck
vistav kud'i,ostrich
pinchhe',Plume of peacock
mutalo',Plume of peacock
pankhu,Plume of peacock
kukkuro',crane
ghaaru,kite
pakshi,bird
kaudu,pigeon
ko'kkurkailo',pigeon
bail kud'i,hen
mhori,pea-hen
mhor,pea-cock
mhoru peek,peacock-feather
jaad'u t'anku pakshi,wood-pecker
mhal'i t'ngakunaar,king fisher
and'o',egg
sariko',myna
tarasvin,falcon
tarpakshi,turkey hen
bhaaraji,skylark
o'gul,bat
haddu,half
arkyaal,one eight
anke',"digit, number"
sovu,quarter
kal'o',1/16 of a measure
veesamad't'o',1/16 of a measure
tiva,three-fourth
sili,1/32 of a measure
sadduvisam,1/32 of a measure
sunya,zero
sunnu,zero
yog,one
dee,two
deenu,three
chaaru,four
paanch,five
so,six
saath,seven
aat'h,eight
no'v,nine
de's,ten
vikyaar,eleven
baar,twelve
ter,thirteen
cho'vad,fourteen
phandar,fifteen
so'val',sixteen
sattar,seventeen
at'haar,eighteen
o'knees,nineteen
vees,twenty
tees,thirty
deekal'atees,thirty two
chal'is,forty
theenkal'a chal'is,forty three
po'nnaas,fifty
chaarkal'a po'nnaas,fifty four
saat',sixty
paanchal'a saat',sixty five
seer,seventy
sokal'a seer,seventy six
asi,eighty
saatkal'a asi,eighty seven
navat,ninety
aat'kal'a navat,ninety eight
no'vval'a navat,ninety nine
sovu,hundred
yokala sovu,hundred and one
deekal'a sovu,hundred and two
deesovu,two hundred
theensovu,three hundred
chaarsovu,four hundred
paanch sovu,five hundred
so sovu,six hundred
saat sovu,seven hundred
aat'hsovu,eight hundred
no'v sovu,nine hundred
no'lkal'a no'vsovu,nine hundred and nine
sasaru,thousand
deekal'a sasaru,thousand and two
veeskal'a sasaru,thousand and twenty
deesaar,two thousand
thinsaar,three thousand
chaar saar,four thousand
paanch sasar,five thousand
so saasar,six thousand
saat sasar,seven thousand
aat' sasar,eight thousand
no'v sasar,nine thousand
de's sasar,ten thousand
le'kku,one lakh
so'vu sasaru,one lakh
kot'i,crore
o'nt'e',adjective form of one comes before consonant beginning nouns
o'nt'e',adjective form of one comes before vowel beginning nouns
phailo',first
phailaam,first
divvo',second
divayo',second
thinsaa,third
dinvayo',third
charlo',fourth
charvayo',fourth
pavncho',fifth
pavncho'yo',fifth
so'vvo',sixth
so'vvayo',sixth
satlo',seventh
satvayo',seventh
at'va,eighth
at'vayo',eighth
no'vva,nineth
no'vvayo',nineth
de's,tenth
de'svayo',tenth
dharma pustav,moral literature
dharmo',moral
suvattaan,moral sayings
neeti uktin,moral sayings
cho'k vaachun,moral sayings
dhe'rumu vattaan,moral sayings
hita vaachun,moral sayings
itihaas,epic
sanchalano',movement
saahityasaastar,literary theory
alankaaru saastar,literary theory
saahityu,literature
pre'mo',love
se'ra dhamini,elopement
saha palaayano',elopement
saha gamano',elopement
vyaakhyaan,commentary
vachana saili,prose style
gadyo',prose style
taad'ipaanun,palm leaf manuscript
viyaas,essay
de'vu stiti,invocation
siddaandhu sadas,seminar
kavito',poem
changam,academy
mand'al,academy
pre'vu jivnam,love life
dhe'rumu jivnam,chaste life
adhyaayu,section
sargu,section
mahaakaavyu,epic
piraamo',love
ichcho',love
aasto',love
pareeti,love
kaamo',love
po'vasu kaal,rainy season
esu vaat',Christianity
naayaki,heroine
naayako',"leader, hero"
sisusaaityu,children literature
po'sme',foretelling
he'syam,foretelling
naachuvaan,dancers
sil'l'aa kaal,winter season
himal'o',winter season
himusu kaal,winter season
daan,philantrophy
samasthaan,academy
samkshe'p,summary
taadi,palm leaf manuscript
taat'i - paanu likhe'yo',palm leaf manuscript
padyo',poetry
kavitaa reeti,poetry style
shaivo',saivism
shiva maargu,saivism
vattaa arthu,word meaning
prasangu,speech
bhaashano',speech
naayakan,hero
chalankaal,modern period
chaltakaal,modern period
sva charitru,autobiography
alag geetun,collection of various poems
ghe'ru dhe'rum,conduct
dosha guna vimarsano',criticism
sanyaasu achaar,ascetic life
de'kshunu varo',wind from south
manda maarudo',wind from south
sankalanakarto',compiler/editor
vyaas,compiler/editor
je'to' che'rchunaar,compiler/editor
sampaathako',compiler/editor
varni,collection
naayanmaar,saiva saints
nigant'u,dictionary
dhe'rmu khe'ni,moral story
neeti saahityu,moral literature
chataabdii,century
bhakti maargu,devotional path
bhaagu,classification
vattaanu arthu,meaning of words
kavito',poetry
paramaatmo',God
kavito',poetry/song
geet',poetry/song
bhavtul,singer
phailavaachu,preface
pre've'su vaachu,preface
peet'hiko',preface
val'u raan,desert and its surrounding
alaggo',separation
ve'gul'o',separation
janano',birth
je'nmu pho'l',meaning of birth
no'vo' kavito',modern poetry
naveena kavito',modern poetry
nootana kavito',modern poetry
ghanavaan,patron
po'shako',patron
puraanu,mythology
soori,poet
ne'ma so'd'ini,incongruence
kaukik,worldly life
ammaan,woman
sando'sh,theme
chhandas,"prosody, meaning, etc."
arthu,"prosody, meaning, etc."
bhaavarthu,paraphrase
mho'd'am,mutt
paaramparyo',tradition
peegu dhareer,paddy field and its surrounding
samstaan,association
tud'yaanu maargu,Islam
avataariko',preface
teentamil'u saahityo',"Tamil prose, Tamil music, and Tamil drama"
moola pustav,original book
at'u pustav,original book
vanaantaru dhareer,forest and its surrounding
muni,saint
ganadhanavaan,philanthropist
uttaru varo',wind from north
himavaro',wind from north
phe'vlanapan,hospitality
vaikunt'u,heaven
paramdhaam,heaven
vaishnava maargu,Vaisnava cult
ashareeri,celestial voice/ oracle
daasun,disciples
abhishek,"bathing the holy idol with milk, honey, fruit, etc."
archano',Worship with chanting
kri'po',grace
avtaar,incarnation
aasish,blessing
aaseervaat,blessing
aasramo',"hermitage, monastery"
dev,God
bhagavaan,God
aaraadhano',worship
davro',temple
mandir,temple
aatmo',soul
bhakti maargu,sprituality
aastik,theism
tud'iyaanu maargu,Islam
hindu,Hindu
devu bhakti,devotion
de'v,God
eesho',God Shiva
eeshpuru,God Shiva
hund'i,hundi
sobhaa yaatro',procession of the deity
rakshunaar,saviour
garbha gkri'ham,sanctum sanctorum
samaadhi,graveyard
karpur,camphor
attimbur,camphor
ke'nyaastiree,nun
kaanikke,cash/ material offerings to God
kaavivastar,saffron dress
kirustu maargu,Christianity
keerttanaan,hymns
kuladev,family God
duvo',a kind of pedestsl lamp
guru,religious teacher
dhvaja sthambu,flagpost
daan,donation
dhavro',temple
shakti,Goddess
sirkan,sandal paste
shrigandhu,sandal paste
sanyaas,asceticism
sanyaasi,ascetic
sanyaasini,ascetic
samana maargu,Jainism
vaat',religion
dhe'rum,religion
dharmu,religion
saadu,saint
saabano',curse
abhisaap,curse
sittar,saiva saint
siluvo',cross
silo',statue
silbo',statue
shiivo',Lord Shiva
eeshpuru,Lord Shiva
nhan dev,local deity
gaamu dev,local deity
sishyaan,followers
mo'syaan,crematorium
rudrapoomi,crematorium
suvattaan,gospels
susande'sun,gospels
saivam,Saivism
svargu,heaven
nyaana snaan,baptism
tapas,penance
po'l'l'i vaasal,darga
dharmakarto',trustee
nyaasi,trustee
dhyaan,meditation
suprabhaatum de'vuk hud'ad'ni,ceremony to awaken God
shree paadam,sacred feet
samaaraadhano',Holy feast
dasal,Holy feast
dhavraa utsavu,temple festival
deepaaraatano',worship with lamp
deergadarsi,prophet
teerthu,holy water
prasaad,Food offering
eesho',"God, man, bondage"
jeev,"God, man, bondage"
bandham,"God, man, bondage"
paramaatmo',Over soul
me'd'aatmo',Over soul
punyaatmo',holy spirit
dand'i,palanquin
bo'li,religious sacrifice
bo'lipeed'h,place for sacrifice/ altar
po'l'l'i,mosque
paap,sin
paapi,sinner
prakaar,corridor of a temple
prachaarak,Catechist/ evangelist
praattano',prayer
ujvaav,birth
aasano',"altar, seat"
punnu,results of virtuous deeds
pujari,temple priest
pujo',worship
bisab,Bishop
mahaarasano',bliss
sikkad'naar,pastor
buddha maargu,Budhism
mahaan,great person
mat'ha,monastery
mho'd'am,monastery
ghe'nt'o',bell
mo'ntur,sacred words
dee ksho' khal'l'an ve'l' guru sangaste' mo'ntur,sacred words
ved,veda
manasaakshi,conscience
draavid'a graamya de'vto',a Dravidian folk deity
me'ri ghe'r,church
maariyammo',a Dravidian folk deity
saamiyaarun,saints
mokshi,salvation
mukti,salvation
re'ttu,chariot
namaskaar,greeting
namano',worship
nom,worship
vigraham,idol
paapavimochano',expiation
vo'gat,"fast, vow"
ved,Veda
vaishnavam,Vaishnavism
je'pam,prayer
je'pam,Christian
je'lum,birth
haaji,Muslim pilgrimage who has visited Mecca
hajju yaatro' ke're'ste'no',Muslim pilgrimage who has visited Mecca
ad'ge'l,cholker
ke'duro',"hip ornament a close neck ornament,"
vastar,dress
bhooshu,ornament
so'mmu,ornament
cho'vli,blouse
phe'lu,shirt
bho'nnam,ornament
antarvaas,inner garment
o'd'd'iyanam,waist ornament
ad'ucho'vli,bra
do'no',spectacles /mirror
chhaasmo',spectacles /mirror
khaati,khadi
taunad',ear studs
tavnad,ear ring
ke'ngan,broad bangle
paanj angaro',pants
kungum,kumkum
sati,umbrella
po'ngul'o',ear ornament
paid'i,cap
lhongu,ruby
haatumagaa bo't'd'o',handloom cloth
kunjam,sari pleats
ke'duro',waist ornament
chaimbat't'e',anklet
go'rsul,anklet
kasht'ibo't't'o',loin cloth
go'me'dakam,sardonyx
angro',shirt
angraa,shirt pocket
khault'i,shirt pocket
rangaav,shawl
do'nd'o',neck chain
bindulo',anklet
lo'laak,locket
mo'nchani,sari pleats
chuchchum,kumkum/ sindur
pausul,slippers
che'pini,slippers
so'l'o',sari
cho'vl'i,blouse
go'rsul,anklet for babies
dantu,ivory
ushnisho',turban
che'mbat't'e',anklet for babies
jhaljhal,anklet for babies
palo',half sari
auto',"mark with kumkum, sandal, etc."
kut'ko',towel
bo't't'o',cloth
kasni,towel
pagid'i,hat
taunat',big ear stud
bhooshana,ornament
nilade'yd'a,saphire
pimbalam,forehead ornament
kaus,silk
ko'vsh,silk
maragatam,emerald
po'ml'o',coral
lo'mbad'am,ear ornament
go'nam,skirt
bilaak,nose drops
pushparaagam,topaz
baijamaa,pyjamas
paukal',wooden slippers
maanikkam,carbuncle
aaram,garland
maale',garland
vinchu,toe ring
paanyimuddi,toe ring
dho'vat,dhoti
mo'ti,pearl
mukro',spectacles
chhaasmo',spectacles
mukkur,nose stud
muddi,ring
lo'laak,ear ornament
kaina,bangle
kaino',bangle
aritsham,turquoise
jhunkal,ear drops
angid'i,"shop, market"
angeekaar,approval
kudaangid'i,pawn broker
sahayo'g,support
aadaav,profit
e'ntur,machine
hoodaara,borrowal
rhani,stock
go's,free
nissulko',free
hutraav,import
ghumpu,variety
gos,free
utravaad,guarantee
baadyavaan,owner
soovaandaar,owner
antarkaro',local tax
seelkam,local tax
saavadhaan,warning
e'lam,auction
neelaam,auction
reen,"debt, loan"
angid'i,shop
angid'i ke'ro',shop keeper
kavlini,mixture
misrano',mixture
do'bbini,discount
punjo',discount
kapini,discount
o'nt'yo'smo'l,fixed price
khe'raarumo'l,fixed price
kaas,money
hannav,money
hannvupatru,cheque
beemo',guarantee
jeevanaraksho',guarantee
kaalaavadhi,expiry
vel'u samaapti,expiry
musan kaal,expiry
git't'angi,godown
kut'ilu udyog,cottage industry
milanvad'd'i,compound interest
vardhanavruddhi,compound interest
sahayogu sanghu,co-operative society
haatu po'ti,handbook
de'nikhat'ni,transaction
so'ngaamol,fair price
nyaavumo'l,fair price
prati sho't,percentage
prati so'vu,percentage
vikkana thaam,market
samaan,goods
sahaav,concession
saadhan,equipment
mitavesupan,thrift
nhankaasun,Small change
chillaru bhyaar,retail sale
nhan parimaanu bhyaar,retail sale
visheshu saat,super market
me't' saat,super market
visheshu amsu,special feature
nhanparimaanu sanchayo',small savings
nhan uraav,small savings
nhan udyo'g,small scale industry
gurtu,symbol
cheet'u kampe'ni,chit fund company.
cheet'u staapano',chit fund company.
karankramo',procedure
ve'sun,expenditure
ves,expenditure
lhe'khaa so'dhano',audit
utpattike'rnaar te'yaarke'rnaar,producer
utpatti,production
karmade'ni,instalment
udyogu ghano',factory
kaam kartaan,labourers
kaam kartto',labourer
kaam kartaanu sangu,labour union
kaachavaanaa,factory
no'sht'i,loss
kaasu billo',coin
nikara laabh,net profit
hannav,finance
nidhi,finance
nidhi o'rsu,financial year
nirvaahu kaaryaalayo',administrative office
khad'aste'nu,consumers
vavrunaar,consumers
nugunaar,consumers
bhaagasthar,share holder
bhaag,share
choochi patru,list
gid'd'angi,store house
jamaanun,goods
kuto',pawn
pattiram,"bond paper, stamp paper"
pattiramu kaaryalayo',register office
chislo',provision
chaaslaa angid'i,provision shop
kaabandu,protection
bho'nnamun,goods
vastun,goods
nidhisahaav,financial aid
gunnuheenuvastun,duplicate product
so'nko',cheap
alpa,cheap
bhartimo',sample
shesh,balance
bharti me'nik,agent
bhartivaan,agent
adhipati,"owner, capitalist"
niveshano',Investment/ capital
mooludhan,Investment/ capital
aahat,total
asko',total
aahatbhyaar,wholesale
praaptipatru,receipt
paavati,receipt
rupaay,rupee
ro'kkam,in cash
mulphalaab,interest
bhyaar,"trade, business"
bhyaarsaar,"trade, business"
vanij,merchant
vanik,merchant
vane',merchant
bhyaaruchinhu,trade mark
bhyaaru mudro',trade mark
vyaar,trade
nidhitagini,credit
nidhiavni,credit
jo'd'umpul,income
sambaadano',income
khad'e'mo'l,purchase price
mo'l,"price, cost"
vivar,detail
prati sotu,percentage
prati sovu,percentage
prakaasano',advertisement
vikrayo',sale
vikkini,sale
vikkanmol,sale price
viniyo'g,distribution
viniyogke'rnaarun,distributors
bhaga pootir,ratio
nirdhaaritakaalikayo'jano',fixed deposit plan
sthira nidhi tho'vni yojano',fixed deposit plan
angavikaarun,physical deformity
shaareerika vikaarun,physical deformity
angaheenun,physically handicapped
noonashareeri,physically handicapped
mooko',dumb
mookho',dumb
mooki,dumb
o'ro'do'lo'vaan,squint eyed man
o'ro'do'livaan,squint eyed man
o'ro'do'li,squint eyed woman
che'vut',deaf persons
e'd'o',deaf persons
akkuro',"dwarf, short"
kul'l'o',"dwarf, short"
kul'l'_i,short woman
akkuree,short woman
andako',blind man
gut'd'e',blind man
gud'd'i,blind woman
ando',blindness
vaamanapan,"shortness, dwarfness"
kul'l'apan,"shortness, dwarfness"
kul'l'o',dwarf
vaamano',dwarf
kul'l'i,dwarf
koon,hunch back
vagunt'o'don,abnormal mouth shapped
vaint'aton,abnormal mouth shapped
e'd'o',deaf
che'vd'i,deaf
che'vut',deafness
tattuvo',stammering
tattuvaan,stammerer
mo'nd'i,lame person
go'd'd'o',barren man
go'd'd'u,barren woman
mo'd'am,limping
mo'nd'i,lame
naak kat'aye'ste'no',cut nose
mo'd'd'e',tonsured head
mund'o',tonsured woman/ widow
bo'd'ak,tonsured woman/ widow
mo't't'e',tonsuredman
taloopo't't'aluvaan,bald man
ghe'ruvkani,proudly
vilaaskani,broadly
alaso'kani,slackly
vikaarkani,ugly
at'aankakan,obediently
bhavyankan,obediently
phiriphiri,"frequently, often"
te'rsu,"frequently, often"
le'guto',next
pharatu,next
pharo' phal'cho',next
ho'llo',next
phalcho',next
tiye'thaanuk,accordingly
tiye' phalcho',after that
le'nto',so
te'lyakahaal,thereupon
arthaat,That is
atirsht'ukani,luckily
niyaav nheeto',Unjustly
ramaa rami,approximately
unna upirkani,approximately
torayamkani,approximately
te'ka phalcho',"off, away"
dudoor,"off, away"
he'taarttukan,innocently
tiye' palcho',after that
te vel',that time
tyavel',that time
anyaavkani,unfairly
apoorpukan,rarely
dhaam dhoomkan,with pomp and show
shaantikan,"calmly, quietly, patiently"
le'gutta,near
to',near
cho'kkat'kan,nicely
kinkirni,awkwardly
haddaamuddu,Interim/in the middle
mhaddim,Interim/in the middle
asinkamkan,gracelessly
alad'siyamkan,carelessly
tikke',that much
tiso',that way
tisani,in that manner
avsarkan,"urgently, hastily"
sinkaarkan,"fairly, beautifully"
jad'akan,emphatically
dhidavkan,emphatically
de'nchukan,emphatically
pirekan,affectionately
haalim,therefore
ge'ruvkan,arrogantly
aashcharyukan,surprisingly
aastakan,fondly
mojakani,pompously
o'rso'rsukani,annually
deerghukani,emphatically
aadaravkani,supportively
utsaahkani,interestedly
sustikani,healthily
ankhoorkani,slap dash
lotkani,deeply
chamadhaankani,consolingly
tairapok,left
mhaddimhaddim,now and then
ad't'amkani avd'akani,as interference
sammatkani,"agreeably, acceptably"
che'rikani,jointly
isakan e'lyakahaal,hereby
yele'ntu,Heretofore
atto',now
prakrutikani,naturally
svabhaavkani,naturally
tayakani,grace fully
rahasyumkani,secretly
divaye',secondly
deevot',two times
gos nishshulkukani,freely
halkakani,lightly
havlakani,lightly
ikka,this much
iso',in this way
isani,in this way
hutturastiso',downwardly
hot'kani,tightly
ho't',tightly
gul'l'e'kani,sweetly
gul'l'e',sweetly
angun,moreover/still
che'rkaa che'rko',equally
bhittar,from inside
bhittaruto'kan,inwardly
te'nnave'ngum,immediately
tatkshanam,at once/ immediately
evel',at once/ immediately
nijamkani se'ttukani rhattadhaanu,"truely, honestly"
bhava vasakani bhaava poornakani,emotionally
ungcha,tall
ungchakani,tall
unnatukani,highly
ghe't't'i,aloud
karunase'ro',pathetically
at'ukkani,inside
bhittarkani,inside
bhistar,inside
kuskinikani,pinching
dhid'avkani,strongly
shresht'hukani met'ukani,magnificently
jaagratakani,carefully
maadhyamakani,through
d'ambeegakani,slavishly
jaakrato' jaakratakani,cautious
saavdhaankani,warning
ve'tursaanaattak,unexpectedly
tiragkani,conversely
tirag,adversely
saanur,opposite
kisakee,somehow
konakee,somehow
kho'bbim,"for ever, always, every day"
sadaa,"for ever, always, every day"
jaal'kani,irritatingly
lhe'ghuvkani,"lightly, easily"
saadhaarankani,simply
kho'bbo',When?
kho'bbaak,When?
ho'ye'tname'l'l'i ho'ye'tin,nevertheless
go'bbim,forever
sadaa,forever
jhukku,enormously
venkani aparimitkani,enormously
phailos,already
mullos,already
ramaarami unna upirkani,almost
se'ntevkaniso'msakani,doubtfully
alagga,aside
saamati,comparatively
o'kkavelum,sometimes
kho'bbimnhee,never
o'kkani,together
o'kavel,perhaps
kisaki,however/somehow
okkan,outright
alagga alaggakaniokokjanakani,individually
okokkaniokokyakani,individually
kiramankan,"systematically, smoothly"
kiramam,serially
visraantikan,leisurely
ortakan,along side
ko't'ukkan,bitterly
tichchankani,bitterly
lobhikan,miserly
nishchayukani,surely
ghe't't'i,thickly
ghe't't'ikani,thickly
dhirud'agaatrukani,fittingly
sanim,visually
khe't'in,hardly
khe't'inkani,hardly
se'tlakani,"finally, lastly"
antimakani,"finally, lastly"
khand'ipkani,"strictly, definitely"
do'l'o' jhayli,bluntly/blindly
gaambeerkani,majestically
ge'ruv,proudly
ke'ruvkani,roughly
kaal'a,black
ve'd'ikkani,jovially
aakarshanakani,attractively
vichaarkani,sorrowfully
ajaakratakani,carelessly
jaakratakani,carefully
bhaarkani,heavily
gelikani nakkalkani,mockingly
khaal,"below, beneath"
ad'uk,"below, beneath"
sontoshkan,jolly
gumpukani,as group
sangchalakani,confusedly
slalakani,cold
viseshkani,specifically
ad'd'am ad'd'amkani,crosswise
ad'd'am did'd'amkani,criss-cross
ad'd'am,crosswise
akrakani,narrow
sesht'akani,naughtily
vishamankani,naughtily
unnakanileskanio'l't'akani,"little, less"
che'ri,jointly
venkanuparikaniho'llakani,additionally
khoorkani,sharply
khelkani,sportively
neechakani,disgustingly
kuroorkani,Brutally/cruely
vakunt'a vakunt'kani,skew
raakkani,angrily
sahajamkani,naturally
sankat'amkani,sorrowfully
re'chchakani se'tdukanibhavat'kani,aloud
sampradaayamkani rood'hikanivyaavahaarikkani,customarily
samamkani,equally
se'rkakani,equally
bhe'li,"accurately, exactly, rightly, properly, duly"
che'rkakani,"accurately, exactly, rightly, properly, duly"
virasatakani,boredom
jaad'amaad'kani,For sadie
samartukani,deftly
jirki,slanting
o'ngi,slanting
saakshikani,evidently
unnaveskani,thriftly
chid'uchid'ukani,frowningly
the'vt'akaghe'd'i,sometimes
the'vt'avel',some times
visheshkani,"exellently, especially"
nhannakani,little
ravravakani ruvvaruvvakani,piecemeal
laaghavkani sukhamkani sukhukani,comfortably
sud'dhikani,cleanly/clearly
svatantrukani,independently
gos,simply
ramaarami,nearly
parvanhitto',tolerably
samkshe'pkani,briefly
lhe'ghuvkani,easily
rasano'ka,interestingly
ruchchikani,tastefully
chut't'umut't'ukani,around
jhut't'ikani,actively
hunnakani,hot
chuddhikani cho'kkat'kani,finely
aprakrutikani krutimakani,artificially
de'nchukani jaad'akani,richly
alasakani,lazily
sheenkani,slackly
sauriyamkani,conveniently
paatratakani,eligible
amkayakani samadal'akani,flat
avd'aka ad'd'ikani,as obstruction
anchili,soothingly
anukoolka,favourably
tayaarkani,readily
do'skakhaal,upside down
lukkili,Hidingly/abscondingly
chookkani,wrongly
mantukani,by mistake
dhillaso't'li dhillakani,slackly
attaak,temporarily
attaak ko'tti,temporarily
tatkaalkani,temporarily
he'taartukani,accidentally
akasmaatkani,accidentally
pe'dde'ka,alone
ekaantuko',alone
te'gaamte'no',inwardly
gundhaanuk,characteristically
alaggalagga,separately
ekaantukan,solitarily
tamaska,"being late, delay"
dhe'ral'amka,richly
bhavyamka,obediently
khaalka,low
abbe'bbe'dhaanuk,Oftentimes/helter skelter
tyekaani,automatically
gumpukani,enmasse
cho'd'd'appankani,stealthily
tiruptikani,satisfactorily
phiri,again
samartukani,efficiently
nichchu,daily
stiramke're',decidedly
khud'e'bhajjika,meanly
kut'ka kut'kakani,piecemeal
dhairyuse'nto',cavelrierly
suddikani,clearly
dur disht'ukani,unluckily
suddikani,"purely, neatly"
kalaanaatto',unknowingly
te'livkani spasht'ukani,clearly
paje' ko'ddi,As needed
dhairyukani,boldly
to'ranka,successively
te'ga the'ri te'lye'ka dhe'ri,in connection with
ut'chayli,slackly
dudoorum,distantly
andaas,approximately
mhaddhimam,tolerably
mhajhaar,"middle, at the centre"
bhind'ilikin,hopefully
no'mke'kan,hopefully
bhavyamka,civilly
cho'kkat'vel'kan,fortunately
savriyamkani,well
adhinaagareekkani,refinedly
bho'gumaankani,"intervivos, as gift"
cho'kkad'dhaanu,well
satbhaavka,sincerely
sitramka nishchayukani,surely
shaantika,peacefully
stiramka nirantarkani kho'bbim,permanently
stiramka,fixedly
jhukku,much
tiruptika,satisfactorily
hat'vanka,in memoriam
jato',"apart, except"
lamburum,for a long period
lambuka,long
soot'kshumaka,"minutely, accurately"
sukshumo',"minutely, accurately"
lambu,along
jhukkughe'd'i,for a long time
le'guttakani,"closely, thickly"
cho'kkat'kani,well
to'naaton,directly
se'jja,near
le'gutto',near
se'jjakani,nearby
vat'o'kani,partially
ho'ruho'ru,gradually
ankaka,politely
bho'dramkani,securely
halluka,softly
po'damka,softly
aallat'kani,slap-bang
bo'duluk,instead of
dhaakse'nto',terribly
dhaakkani,terribly
te'lyakahaal te'lyakale'ntu,as a result
upayo'gkan prayojanakani,usefully
pe'rpayi,generally
parihaaskani,mockingly
paritaapkani,unbearable
balvandukani,forcibly
balaheenkani,weak
bo'likani,as a sacrifice
me'nikupan nheetto',confoundedly
me'rsili,shiningly
pratikoolkani,"affectedly, ill"
hadde'kani,half
paavkana,sinfully
i paapkani,sinfully
prevkani,with love
phallo',"after, behind"
paskat',"after, behind"
paskat',"Behind, after"
paskat'kani,aback
adino'va,brand new
no'vano'vakani,brand new
samartukani,cleverly
vivarkani,cleverly
no'vayo',"anew, afresh"
no'vayakani,"anew, afresh"
jhanyookani,stormily
ambat'kani,sourly
tye'jato',apart from
puniduho'ye',holily
mho't't'akani,"Largely, mostly"
jhukuga,"mostly, almost"
ghe'namkani,proudly
hallukani,slowly
saadhaarankani,generally
mittukani,untruely
nimittu,Apropos/ for the purpose of
kurchi,Apropos/ for the purpose of
take'dhaanu,suitably
phurastiso',adequately
nakalikani,falsely
so'ntoshkani,happily
maggunakani,dimly
moorkhukani. mhut'akani,foolishly
maatra,"alone, only"
ko'ddi,"alone, only"
mandamkan,feebly
prakaashnheetto',feebly
prakaashvinaa,feebly
so'ngakani,cheaply
mol unnakani,cheaply
jato',besides
visral'l'iikin,absent mindedly
lukkili,indirectly
jhakili,secretly
mo'nnujani,knowingly
bho're'mo'nnu,heartfully
mhad'at'amhad'aak,monthly
masoodi,monthly
bhartik,instead of
virodhkani,"adversely, contrarily"
upirkani,immensely
tee jato',in extra
dhakkad'i,threateningly
ho'llo',over
mughyamkani,"essentially, importantly"
antukani,finally
se'tlo',finally
phailavagani,"first rate, superbly"
mullo' mullo',for first time
phailakani,firstly
praarambakani,initially
pe'l'ibhissakani,actively
mookhukukani,"brutally, roughly"
vipareetkani vruddhukani prayikoolkani,contrary to
askaakus,"wholly, completely"
askakan,totally
askakan,entirely
askakan,"in toto, outright"
nemudhaanu,systematically
kiramakani,respectively
saamur,"before, in front"
mudul,beforehand
mullo',"before, in front"
sunyaas,"before, in front"
mundad'i,before
poorvatayarkani,In advance
te vat'kana,through
i to'kan,through
ashitaddhakani asamantukani,slacknessly
hal'l'u,slowly
hal'uhal'ukani,slowly
rhattadhaanu,Indeed really
hal'l'u,"slowly, low"
nhankhani,thinly
ko'mbulaka,softly
mit't'aapo'llamkani,unevenly
ho'lla ho'llaka pratyakshkani vyakyaratakani,apparently
angun,Besides/and/as well
tathaa,Besides/and/as well
uncho',"above, on"
hora,"above, on"
ho'llo',"above, on"
met'kani,greatly
shresht'hukani,greatly
unnatakani,greatly
askakani,totally
pooraakani,totally
poornukani,totally
moskani,badly
so'guskani vasayikani,"comfortably, conveniently"
vanchanakani,cunningly
tanturkani,cunningly
vatulkani,roundly
kramakani,in a row
vichaarka,regrettably
ve'kulka,regrettably
jhaina pokkani jaina pok,right side
tiyo'kan,spontaneously
po'leemkan,strongly
phirli,curvedly
vat'ke'kani raptakani,usually
nhinaavukani,slipperly
sukke'yakani sukke'kani,Dryly / by drought
kuroorkani,violently
so'o't'naattak,persistently
vidamvidamkani bahuvidakan,different types
d'aambeekamkani,pompously
vistaarakani,elaborately
bissaka,"fast, rapidly"
ivarkani vivarkani,in detail
te'kahaal te'lyakahaal,hence
viyardhakani,"wastely, vainly"
khelkani,vauntingly
paraakramakani,valiantly
dhairyukani,bravely
bandaakani aatmashlaaghakani,Self praising
avamaanka,shamelessly
alagga alagga dusra susrayakani,separately
hujaalkani,brightly
mo'nnu janto',openly
bharaat',"out, away"
jeegili,successfully
khalikani riktakani,barely
bisso',quickly
ve'd'ikkan,funnily
alagga,aloof
tusradhaanu,otherwise
ve'kulave'kulakani,differently
vairaagayukani,stubbornly
avko',laddle
bhavnas,kitchen
bhavnas,hearth
chullo',oven
jhayno',lid
and'o',big copper vessel for storing water
appud'aalu de'yd'o',a stone or wooden plank to prepare papad
appud'aalu ke't't'e',a rolar to prepare papad
pat'o',crushing stone
val'i,a vertical knife to cut vegetables
ho'gal,grinding stone
phalaaru hand'o',a vessal toprepare idli
phalaaru te't't'o',a plate like vessal to prepare idli
lho'kanu po'l'o',iron laddle
lho'kanu musal',iron pestle
muchal,pestle
siko',pot hanger
vistav,cinder
po'l'o',Sieve laddle
put't'allu havko',sieve laddle
anal,cinder
po'l'i,spoon
kho'l'che',soot
to'vli,earthern pot
de'gud'aa hand'i,stone pot
kailake'suru kho'vd'i,vegetable basket
pingani,a bowl
tamburamu bho'nno',a copper vessal for storing water
kho'lchaachullo',side oven
ko't'pai chullo',side oven
kaigi,a vessel
dhid'a haat,dosai laddle
de'se',a metal vessel
je'llat',sieve
nale'r chippo',Coconut shell
chippo' havko',a laddle made of coconut shell
bhunjunaa hand'i,frying pan
sud'o',"winnow,"
supd'o',"winnow,"
bhangud'av,"winnow,"
t'appo',"tin,"
te't't'o',plate
harvi,plate
chaki,dry grinder
hul'o',fire
vistav,fire
vinkal',fire
tivaape't'i,match box
chul'undu,spark of fire
mo'ttu,wooden pestle for stiring
naral'u turko',coconut grater
dhid'aa hand'i,pan to make dosa
pani vaap,"steam,"
kul'i hand'i,an iron pan to prepare a tiffin
bho'rani,jar
po'l'al'aa phut'ki,fruit basket
paatro',vessel
dhoom,smoke
lambu put't'i,vessel for making puttu
chhuri,pen knife
gusulatte' mo'ttu,Churning rod
ke't't'e' paatro',wooden vessel
te'ntulaa pil'naav,a vessel for preparing murukku
jakuno',lid
pe'lo',tumbler
boni,tumbler
je'llat',strainer
bhunchunaa hant'i,frying pan
vaarpunt'i,A big vessel
laikut'o',firewood
che'kkani,a big knife
kachaa paatro',a bronze vessal
vilaas,width
rundi,width
aakaar,size/ structure
hattu vartulo',hemisphere
samaantaru re'khaan,parallel lines
ungcho',height
go'l',"globe, round"
dhurul',cylinder
bhaar,weight
bho'rana,volume
ghanaakaar,cube
paai~ paridhi,Quadrant
kul'l'o',short
karno',diameter
shanku,cone
gol,sphere
chatur,square
chamachatur,cube
tiryak aakaar,slant
aayata aakaar,rectangle
le'mbo',length
laam,length
kri'ruga chaayat,prism
pirimaan,dimension
de'l',stoutness
theenkonultrikon,triangle
ant'aakaar,oval shape
aakaar,shape
rucci,Taste
rucci paakun,Taste
rucci hoye,"Tasty, Delecious"
ambaT,"Sour, Leaven"
kasni,Astringent
pushLo,Astringent
ogur,Astringent
guLLe,Sweet
kheruT,Salt
koDu,Bitter
tikke,Pungent
khaar,"Pungent, Spicy"
komman,Taste of unfermented curd
kenar,Rancid
ticcan,Tasteless
baddu,Grocery
anggiDi,"Shop, Store"
pontu,"Shop, Store"
bhaNDaar,"Store, Godown"
paNo,Commodity
paNaayi,"Market, Bazaar"
haTo,"Market, Bazaar"
haaTi,"Market, Bazaar"
saat,"Market, Bazaar"
vipaNi,Market street
dOvu,"Big market, Mall, Store"
dheTo / dheDo,"Scale, Balance, Weighing Machine"
naraci / naraaji,"Scale, Balance, Weighing Machine"
jOk,"Scale, Balance, Weighing Machine"
haLvo,Light (in weight)
cislo / chislo,Grocery
rastu,Materials
tastun,Goods
lindu,Account
saaL,Paddy
tandu,Rice
kastandu,Raw Rice
huTotandu,Boiled Rice
hustandu,Boiled rice
nibbari,Rye Grain
saabudaano,Sago
kenni,Rice Granule
peraal,Puffed rice
lasni,Puffed rice
borkkul,Puffed rice
aTkul,Flattened Rice
cipTo,Flattened Rice
koNDo,Bran
unggo,Husk
duso,Husk
ghOma tandu,Wheat
ghOmu,Wheat
phOmu,Semolina
ssevyo,Vermicelli
phonninjcenno,"Maise, Maize, Corn"
jhoLLo,Millet
rhaki,Finger millet
daal,Lentil
beLo,Lentils
cenno,"Pulses such as Chickpeas, Peas, Beans"
kennun,"Grains, Cereals"
ssimbu,"Grains, Cereals"
sasyo,"Grains, Cereals"
thOru beLo,Red Gram
uDit,Black gram (with skin)
uDidu beLo,Black Gram
niLamu beLo,Green Gram
ssilam,"Moong gram, Moong dal"
kaccennaa beLo,Bengal Gram
dhOru,Bengal gram
vaTaaNi,Pea
cenno,Fried Gram
hujaal kaccenno,Chickpeas
kaLo kaccenno,Black Chickpeas
bhuynjcenno,"Groundnut, Ground Nut, Peanut"
kennu,White Lima Beans
covLo,"Red cowpea, Black-eyed pea"
deLi / deLe peeT,Gram flour
kaccennaa peeT,Gram flour
tEl,Oil
cOTtEl,Gingerly Oil
kaDalatEl,Groundnut Oil
narelutoop,Coconut oil
nalartEl,Coconut Oil
andem,Castor Oil
keshan,Oil cake
pEN,Oil cake
ghano,Oil Expeller
peNghano,Oil Expeller
meeT,Salt
cees,Tamarind
sekkar,Sugar
suro,White candy sugar
guLLu,"Coconut palm sugar, Jaggery"
accu guLLu,Boxed Jaggery
taaDi guLLu,Palm Jaggery
hinggu,Asafoetida
jiro,Cumin
mhoDojiro,Fennel
eeru,Fennel
phumpu,Anise
mitti,Fenugreek
teek,Red chilli
tikno,Red chilli
teeL,Black sesame
pheeL,White sesame seed
kuLit,Horse gram
mhuri,Mustard
miri,Pepper
halat,Turmeric
dhaayi,Coriander seed
dhane,Coriander seed
cinggLo,Cashew nut
kismis,Raisin
eLo,Cardamom
lomphool,Clove
lavanggo,Cinnamon
sigaay,Shikakai Acacia
sserki,Cotton seed
gulugunjji,Rosary Pea
soNTi / somTi,Dried Ginger
pimpaL,Long pepper
jeshTimatu,Licorice
raasnu,Lesser Galangal
dumbaraashTu,Greater Galangal
hegaN,"Calamus, Sweet flag"
akraar,Akarkara Root
paaThassaalo,School
huri,School
indu,School
poLTam,School
hoLTaa huri,Veranda School
baalahuri,Play / Pre Nursery School
pillalnu huri,Kindergarten / Nursery School
harmba star huri,Elementary / Primary School
madya star huri,High School
unjcaa star huri,Higher Secondary School
tantranjaan vidyaalayo,Polytechnique
mahaa vidyaalayo,College
abhiyaantrik vidyaalayo,Engineering College
kalaa & vinjaan vidyaalayo,Arts & Science College
sarvakalaa vidyaalayo,University
vissva vidyaalayo,University
pustakassaalo,Library
vaacakassaalo,Library
ssikshako,Teacher
oddi,Teacher
vaddi,Teacher
upaadhyaayo,Male teacher
upaadhyaayi,Female teacher
mahaa oddi,Professor
ssikshaNo,Tuition
ssikkaDni,"Teaching, Instruction"
alaggo ssikkaDni,Tuition
ssigDo,"Learner, Student"
iklo,Student
ssikaar,Student
maaNav,Student
suTaboTTo,Uniform
oNTTE dhaanu,Uniform
avaaru,Hostel
eegu,"Education, Study"
igatte,"Learning, Reading"
igattenu,"Learner, Reader"
eevi,Study
iklo,"Learner, Student"
covdunaarun,Students
vidyo,Education
ceaavdu,"Education, Study"
covdudhere,Educational
njaan,Knowledge
hoDvini,Development
orgu,"Class, Grade"
vargu,"Class, Grade"
vargu singgayt,"Classmate, Class mate"
paThan,Lesson
gadyo,Prose
padyam,Poetry
kavito,Poem
paThini,Reading
arttu,Meaning
arthu,Means
arttunhaatta,Meaningless
kuNTu,Error
montu,Error
mittama,With Error
tiritam,"Correction, Debugging"
pusaav / pusni,Question
javaab / javni,Answer
ongku,Number
likkini,Letter
akshar,Letter
juDi,Word
vatto,Word
pangti,Line
puTo,Page
oso,Page
pustaku,Book
bogku,Book
poti,"Book, Booklet"
paaThakramo,Syllabus
grantu,"Book, Article"
peeThiko,"Preface, Preamble"
soociko,Index
vishaya soociko,Index
vishayam,Topic
sseershak,"Title, Heading, Header"
adhyaayam,Chapter
racano keratte,Composing
lEkhu,Letter
vattaa bhandini,Composition
aksharsanggi,Spell
vattaaksharnu,Spelling
nirastu,Pronounced hurriedly
ssilaa polko,Slate
ssilaa khaTTi,Slate Pencil
koTni,Slate-pencil
baulam,"Slate rock, Slate pencil"
sai,Ink
sainiTi,Ink bottle
liklaaNi,Iron Stylus
suri,Iron Stylus
taaLu paan,Palm leaf (used for writing)
dincari,Notebook
saugnja,Note
liklo,Pen
peyno,Pen
cagaraal,Signature
haatakshar,Signature
bettam,"Cane, Rattan"
dumaD,"Exercise, Training, Practice"
abhyaas,"Exercise, Training, Practice"
kerisani,"Practical, Recipe"
kerisani varNano,Practical description
ghErabhyaas,Homework
ssEk,Class work
manano,Memorization
manana keratte,Memorising
pantu,Competition
mantu,Competition
puraskaar,Award
mampu,Stipend
pareeksho,Examination
ottaDi thovni,"Postpone, Debarment"
dobbi thovni,"Postpone, Debarment"
langgatte,"Pass, Cross"
pramaaNpatro,Certificate
jEmu,"Gift, Reward, Prize"
dastu,Fee
vidyaavi,Educated
giriDi,"Game, Sports, Play"
khEL,"Game, Sports, Play"
sootram,Formula
caalu,History
caritam,History
caritru,History
ssastra vidyo,"Study of Arms, Weapons and Tools"
ssaastra vidyo,Study of Science
saahityo,Literature
rasaayano,Chemicals
rasassaalo,Laboratory
kalo,"Art, Arts"
vinjaan,Science
gaNita ssaastro,"Maths, Mathematics"
bhautika ssaastro,Physics
rasaayana ssaastro,Chemistry
vanaspatinu ssaastro,Botony
moogunu ssaastro,Zoology
jeevunu ssaastro,Biology
vivarunu ssaastro,Informatics
jeevu vivarunu ssaastro,Bioinformatics
oDuvam,Sacred thread wearing function
jenjjem,Sacred thread
sauNaal,Sacred thread Renewal Day
praamobeDki,"Girlfriend, Lovergirl, Lover girl"
praamobeDko,"Boyfriend, Loverboy, Lover boy"
prEmi,"Lover, Darling, Loverboy, Lovergirl"
"jarkem paan, paan","Horoscope, Birth Chart"
"cercci saa, cercci savo",Match
cerni,"Match, Compatible"
cerni nhinaa,"Mismatch, Incompatible"
ceray,"Will match, Compatible, Applicable"
cernaa,"Will not match, Mismatch, Incompatible, Not applicable"
cerattisaa,"Compatible, Applicable, Apt"
cernaattisaa,"Incompatible, Not applicable"
nigu,"Finalize, Confirm"
gheTTiviDo,"Betrothal, Engagement"
gheTTikere novro,"Fiance, Fiancé"
gheTTikere novri,"Fiancee, Fiancée"
devlay,Matrimonial relationship
dEshannav,Token Betrothal
devukaas,"Day before marriage, Eve of marriage"
peraNDam,Sumangali Puja
bhaulaas,Lineage briefing
mahaal,"Hall, Auditorium"
moNDav,"Hall, Auditorium"
horaaDu moNDav,"Wedding hall, Marriage hall"
mauDo,Coconut leaf awning
toraN,Leaf Hanging
khaambu,"Pillar, Post"
pattirikke,Invitation
novro,"Groom, Bridegroom"
novri,Bride
nastiyaan,Bridegroom's friend
aTpi,Bride's Friend
dorimboTTu,"Holy Thread, Mangal Sutra"
paaynj minjji,Toe ring worn by married women
dhoNDo,Drums
nasuraal,"Indian Wind Instrument, Nagaswaram, Nathaswaram"
ghingkam,Cymbal
horaaD,"Marriage, Wedding"
leyn,"Marriage, Wedding"
lekin,"Marriage, Wedding"
aassirvaad,Blessings
badulo,Pit dug out in the ground for keeping sacrificial fire
varttu,Marriage ritual game - Coconut rolling
bhavani,Procession
cuTTu,Procession
oraat cuTTu,New wed couple's one night procession
miyaaro,"Presents to a married girl, Method"
muhoorttu,Auspicious Time
rhaven,Staying as a guest
phovno,Guest
jeman,"Feast, Party"
joman,"Feast, Party"
ujjeman,Grand Feast
sijjeman,Eating leftover
ssinjjeman,Eating leftover food
kennal,Marriage contribution (Cash)
ssigram,Marriage gift (Utensil)
viDo,"Paan, Betal leaf rolled with areca nuts, distributed at marriage function"
caturviTeaa,"Betel, areca nuts distributed at marriage function"
phalaar,Sweets and Snacks offered after marriage
sambhOgam,Sexual intercourse
maithunam,Sexual intercourse
miLni,Sexual intercourse
mosko,Morning sickness
ghevraar,Pregnancy
ghevrarin,"Pregnant lady, Pregnant woman"
gherpin,"Pregnant lady, Pregnant woman"
pallini,"Pregnant lady, Pregnant woman"
garbhiNee,"Pregnant lady, Pregnant woman"
vesani,Fullfilling Vow at the 5th month of Pregnancy
saat mhaDo,Baby Shower
kaino phiraDNi,Baby shower
hovTi bhovratte,Baby Shower / Godh Bharai
dhovlaa joman,5 day feast given by in-laws after baby shower
jarkyam,"Delivery, Giving birth"
baLTin,Postnatal Mother
sudi thovlatte,Thumb-sucking
seTTi,Naming ceremony
paLLo,Cloth cradle
hindalatte,Rock the cradle
laali,Lullaby
ghoNaam ghoNi,Baby crawling
jovaL heDatte,A ritual in which baby's hair near ear is offered to God
kaan mindatte,Ear piercing
sEl,Mischief
vorsu dinnu,Anniversary
pette,"Nuclear family, Seperate family"
saaTTu horaaD,Wedding on 60th birthday
asseeti horaaD,Wedding on 80th birthday
horaaD tuTTini,Divorce
jhaaDunu bhaagun,Tree parts
bhoNam,Part
vittu,Seed
eemu,Seed
bee,Seed
beeg,Seed
kaccambaa beek,Mango seed
"cinciri, cinjjiri",Tamarind Seed
happaL,"Betel Nut, Arecanut"
taaLu beeju,Palmyra seed
dallanggu,Male palmyra seed
serki,Cotton seed
keLi,Bud
moLko,Bud
cigur,Bud
mooL,Root
oDaavuDal,Prop or Aerial roots of Banyan Tree
khaal jhaaDu,Tree bottom
dET,"Stem, Stalk"
toNmo,"Stem, Stalk"
olo,Tender twig / shoot
keLin,Blossom
phool,Flower
pulatte,Blooming
visinjjini,"Flowering, Blossoming"
keLaaphool,Ylang-ylang
kinsuphool,Screwpine
mOthuphool,Screw Pine
kEdu,Screw Pine
khumbaapool,Leucas Aspera-Flower
sompe,Champak flower
vallari,Bouquet
guco,"Bouquet, Bunch"
rEk,Petal
neramu,Vein
paan,Leaf
leempaan,Neem leaf
neem paan,Neem leaf
kurttupaan,Palm leaf
taaLu paan,Palm leaf
ssaakhu,"Branch, Bough, Bark"
saago,"Branch, Bough, Bark"
kommo,Branch
rundatte,Branch spread
jhaaDu poTTo,Bark
ssipu,Tree trunk
khOs,Stump
gheer,Deep
moos,Bottom
tOs,Top
cupTo,Cotton
"kapus, kabus",Cotton
candi,Silk Cotton
busko,Waste yarn
buso,Shell
kElu tOmu,Banana Bunch
nareLu tOmu,Coconut flower
moTTo,"Coconut bat, Petiole"
phEpu,"Coconut bat, Petiole"
phEvu,Coconut flower spathe
khuri,Coconut shell
vaalu,Coconut husk
kaunal pani,Tender Coconut water
nareLu phEpu,Coconut husk
nareLbeLo,Coconut Fruit
nareLu kOru,Coconut seedling
nareLu ghOlu,Bunch of coconuts
mOku,Coconut sapling
dhEku,Coconut seedling
dhaaru,Coconut bud
kaaNDu,"Rachis, Stem of a leaf"
paruDo,Coconut fronds
paruNDo,Woven coconut leaves
paraNDo,Dried Coconut Leaf
chEvu,Woven coconut leaves
boor,Palm leaf rope
gOn,Coir
tEmu,Coconut sap
ssekke,Waste fibre
phippi,Dust particles
vruddi,Growing up
aLo,Garden plot
khaTo,Thorn
polko,"Wood, Board"
dhumTo,"Wood, Staff, Stick"
keTTe,Stick
jiDDu,Resin
lairas,Germinated
ssiratte,Shedding
lalatte,Shedding
juNan nikulai,Starts bearing fruit
kailo lainaa,Will not yield fruit
neeDo,Shadow
chailo,Shadow
murgyam khEs,Wig made of human hair
kuccu,"Tassel, A decorative item like a cloth ball"
bhoosho,"Jewel, Jewelry"
sommu,"Jewel, Jewelry"
bhoosun,"Ornament, Jewelry"
aabharaNo,"Ornament, Jewelry"
jeDbuLo,Bridal Hair Jewelry
toran,Hair Brooch Clip
suritu bindu,Sun shaped hair jewel
cendaamu bindu,Moon crescent shaped hair jewel
bindi,Beauty mark
pimbaLam,Forehead Jewel
mirkaan,Side Ear chain
tavnaT,"Ear Stud, Earring"
tarmaD,"Ear Stud, Earring"
sore,Stud's stem
billo,Washer
tirkkaNi,Stud's screw
saalu kundaLam,Ear Stud worn by Kids
kundaLam,Ear Stud worn by Women
pongguLo,Ear Stud worn by Men
jhungkaL,Fancy Ear drops
naakutaLo,Nose Stud
mukkur,Old fashioned Nose Stud
billaakku,Nose Pendant
bEstiri,Nose Stud
gejjel,Necklace
aDgyal,Necklace
deNDo,Chain
saraD,Chain with red stone
haaram,Golden garland
vanggi,Gold upper armband
namuttu,Gold lower armband
kaino,Bangles
kenggaN,"Wrist String, Bracelet"
keduro,Waist Thread
gahatirin,Hip ornament for Girl child
lecce,Talisman
muddi,Ring
modi,Pearl
binduLo,"Ankle String, Bracelet"
dhagiri,Musical Anklet
andel,Anklet
gosul,Anklet
ceympaTTe,Anklet
minjji,Toe ring worn by married women
addam,Mirror
dObu,Mirror
dauNo,Mirror
doLaa addam,"Specs, Spectacles"
chasmo,"Specs, Spectacles"
phonni,Comb
phonno,Robi Comb
caat,Scratching rod
boTTu,"Bindi, Sindoor, Kumkum"
avto,Turmeric tilak
bhoraNi,"Small round box, Casket"
samsuDo,"Ornament Box, Cosmetic case"
samsulaapeTi,"Ornament Box, Cosmetic case"
kajal,"Eye Liner, Eyeliner"
monni,Bead
kautu,"Decoration, Make up"
kautuka vastu,"Decorative Items, Make up Items, Cosmetics"
kOn,Who
mee,Me
too,You
ami,We
tumi,You
eno,"He, She"
teno,"He, She"
tentenu,Everyone
enu,"He, They"
tenu,"He, They"
askitenu,Everyone
konnitenu,"No one, Nobody"
kOnti,Someone
okkokko,Every
sava,All
aski,"All, Everything"
pooraa,"All, Everything"
askiyo,Everything
ikkooyo,All this
asko,"Absolutely, Altogether, Totally, Completely, Entirely"
pooraak,"Absolutely, Altogether, Totally, Completely, Entirely"
konni,"Nobody, Nothing"
konji,"Nobody, Nothing"
konni nhee,"None, Nothing"
konni nhaa,"None, Nothing"
dusa,Any other
dusure,"Other, Else, Some other"
dusro,"Other, Else, Some other"
sEtte,Am
sE,Are
sE,"Is, Has, Have"
nhee,"Do not have, Does not have, Has no, Have no"
nhee,"Am not, Is not, Was not, Were not"
nhee,"No, Nope"
"nhaa, nhaanaa",Not
nhinaatto,Without
"nhaatto, nhaattak",Without
vinaa,Without
hodes,"Was, Had"
rhaa,Be
rhaatte,Being
rhaay,(it) Will be
rhavu,(I) Will be
rhaan,(They) Will be
rhave,(We) Will be
rhavaay,May be
rhaanaa,"May not be, Will not be"
rhavaanaa,Can not be
rhaattak musunaa,Can not be
rhaattak,To be
rhaatto,To be
rhaando,Let it be
rhato,While being
hOndo,"So be it, Ok, Okey, Okay"
hOy,"Will happen, Going to happen, Would happen"
hOnaa,"Should not, Will not"
kolle,Which
elle,"This, These"
telle,"It, That, Those"
more,My
tore,Your
toro,Your
avre,Our
ture,Your
amre,Our
auro,Our
"apul, apulyo",Own
apul,"His / Her, One's own, Own"
apulaan,"Their, Their own"
aplaanum,"By itself, Within itself / themselves"
konggo(k),"To Who(m), Whom"
mogo,Me
togo,To you
avnggo,Us
tunggo,To you
ego,"To him, To her, Him, Her"
tego,"To him, To her, Him, Her"
enggo,To them
tenggo,To those
oNTetenggo,To someone
askitenggo,To everyone
kongkiku,"Nobody, To Nobody"
kollego,Which one
ellego,For this one
tellego,For that one
tegovucci,For that
konggo dheri,About whom
mogo dheri,About me
togo dheri,About you
avnggo dheri,About us
tunggo dheri,About you
ego dheri,About him / her
tego dheri,About him / her
enggo dheri,About them
tenggo dheri,About those
oNTetenggo dheri,About someone
askitenggo dheri,About everyone
kollego dheri,About what
ellego dheri,About this
tellego dheri,About that
konggayo,Whose
morayo,Mine
torayo,Yours
avrayo,Ours
turayo,Yours
egayo,"His, Hers"
tegayo,"His, Hers"
enggoyo,Theirs
tenggoyo,Theirs
askitenggoyo,Everybody's
kollegoyo,Whose
ellegoyo,Its
tellagoyo,Its
konggohaal,"By Whom, Because of whom"
morehaal,"By Me, Because of me"
torehaal,"By you, Because of you"
avrehaal,"By Us, Because of us"
turehaal,"By you, Because of you"
egohaal,"By Him / Her, Because of Him / Her"
tegohaal,"By Him / Her, Because of Him / Her"
enggohaal,"By Them, Because of them"
tenggohaal,"By Them, Because of them"
askitenggahaal,"By Everyone / All, Because of Everyone / All"
kollegohaal,"By Which, Because of which"
ellegohaal,"By This, Because of this"
tellegohaal,"By That, Because of that"
tEkan,By itself
kaay,What
kaayO,What
kago,Why
elyo,This one
isani,Like this
tisani,Like that
kisani,How
aso,Like that
iso,"Like this, Thus"
tiso,Like that
kiso,How
"kOno, kOnak",How
ikko,This much
tikko,That much
kikko,How much
itkav / ikkav,This much / So much
titkav / tikkav,That much / More
kitkav / kikkav,How much
itkaye / ikkaye,"This many, So much"
titkaye / tikkaye,That many
kitkaye / kikkaye,How many
elleT,Here
telleT,There
kolleT,Where
ET,Here
tET,There
kOT,Where
kOTtET,Everywhere
koTTi,"Nowhere, Anywhere"
koTTim,"Nowhere, Anywhere"
"kOTTi, kOTdi","Somewhere, Elsewhere"
dusuro kOT,Where else
dusura koTTi,Nowhere else
dusuro kOTdi,"Somewhere else, Elsewhere"
askitET,Everywhere
tettET,"Sporadic, Here and there"
engguT,That side
tengguT,This side
kongguT,Which side
emaam,In this
temaam,In that
komaam,In Which
kayki,Something
kayki oNTe,Something
kayti,"Something, Anything, Any"
kayti oNTe,Something
kaayti,"Something, Anything, Any"
"kaayti oNTe, kOne oNTe","Something, Anything"
kOnadi,"By any means, Anyways, Somehow"
konakki,Somehow
"kaay payet, kaay nhaa","Whatever, Anything"
"kOT payet, kOT nhaa","Wherever, Anywhere"
kOna nhaa,However
"kOn payet, kOn nhaa","Anyone, Anybody, Whomever, Whoever"
kOndi,"Someone, Somebody, Anyone"
"konggo payet, konggo nhaa","Whomever, Whoever"
"kolle payet, kOne payet","Whichever, Anything"
"khobbo payet, khobbo nhaa","Whenever, Anytime"
kongkodi,"Somebody, Someone, To Someone, For Somebody"
kokkodi,"To Something, For Something"
konkee,Someone
koTkee,Somewhere
lento,Due to
lenggo,Due to
thevDo,Some
thevDe,"Some, Few"
kurci,For
kin,And
elle mello nhaa,Nor
meki,But
nheejiyet,Or
anggu,"Yet, Still"
haali,So
meni,"So, That"
"menti, mentin","That, For, Just because"
dee temaam oNTe,Either
diyyo,Neither
hoyat,"If, But"
menet,If
oNTe,"One, Only"
nisto,"Only, Just, Mere"
hoyet / rhiyet oNTe,Only if
"oNTEs, see",Only
maatram,Only
keddi,Only
koddi,Only
senggaaDi,"With, By"
senggo,Along
ssento,With
sermaaT,With
seraaT,With
sero,With
mello,"Also, Even, Too"
meLLi,"Also, Even, Too"
meLaatuku,"Also, Even, Too"
meLo,"Also, Even, Too"
mento,means
hoyet mello,"Even though, Although, Still"
rhiyet mello,Though
etmeLLi,But still
vEnggu,"Right away, Straight away, As Soon as, Immediately"
tikkaam,"By then, Straight away, Immediately"
kago menet,Because
sEtte haal,Because
tegohaal,"Therefore, So"
teka haal,With it
haal,"By, Because of"
logutto,Near
sovaTu,Near
anusaar,According to
nommi,Depend
taye dhaanuk,Depending on
dhaanuk,"Like that, As per, Accordingly"
hOnuk,"As, That, Viz., That is"
sOn,Like that
telle dhaanuk,"Similarly, Likewise"
hOrceDi,"Further, Above"
hollo,"Further, Besides, Additional, Extra"
juggu,Plenty
vEn,"Much, A lot"
jhugu,"Many, Much, More"
jhukku,"Most, A lot"
jhuguvEn,Too much
vEnjhukku,Too much
jhukkukan,Mostly
ramaarami,"Almost, Approximately, Average"
hOru hOru,"Again and Again, Often, Frequent"
unneaaubir,"More or less, Plus or minus"
oNTEsko,"Together, At once"
ceri,"Together, Along with"
sadaakalam,Forever
"oNToNTe, oNToNTo","Every, Each one"
oNTaal,"One time, Once"
oNTaal di,At least once
oNTTaal mello,Never
ovELum,Never
vaaTkan,Through
ateetam,"Extreme, Intensive"
parama,Extremely
hOttak,"To happen, To take place"
dheri,"About, Regarding"
tokan,From
rhee,"From, Since"
vEL rhee,Since
tOn rhee,For
lentu,"To, Till, Until, Upto"
eveL lentu,"Until, Yet, Still"
lovlaam,Within
jato jato,Went on
avto avto,"Lately, Of late, Recently"
avraam ami,"Among us, Within us"
rovvaam rovvo,"At least, To some extent"
rovvo rovvo,Little by little
oLo,Little
oLotiLo,A little
oLOku,A little
rOmko,"Somewhat, A little"
tOt poDet,If get a chance
okavEL,"In Case, Suppose"
mudullOs,"Already, In advance"
kingke,How can
toppitori,"By chance, In case"
unno poDayo,"Minimum, At least"
bhaanjcan,Exclamatory word
hiddi,"Very small, Minute, Little bit"
isno,"Very small, Tiny, Little"
teeLukko,"Much little than sesame, Very little, Tiny"
avasyam,"Must, Necessary"
adyaavasyam,Essential
anaavasyam,"Unwanted, Unnecessary"
athavaa,However
addiku,Abundantly
EThaam,At / In this place
kai,Nothing
kokolento,Why
kOnlenggu,How long?
tekalenta,"Till then, Until then"
"siyen, avus",Bye
jiyen,Let's go
jiyenyaa ?,Shall we go ?
tye,That
phala,Later
bhiLLo,"Better, Great"
bhove,"Many, Numinous"
vinEka,"Apart, Apart from, Except, Excluding, Other than"
jata,"Apart, Apart from, Except, Excluding, Other than"
jato,"Apart, Apart from, Except, Excluding, Other than"
urEkati,"Apart, Apart from, Except, Excluding, Other than"
vekuLo,Different
san,"Noble, Topnotch, Excellent"
su,"Nice, Fine, Good, Best, Beauty"
saammu,In front
suTam,"Consistent, Steady"
suhaas,"Slowness, Soft"
uuDo,Between
aDDam,"Across, Interference, Hurdle"
aDDamaDDam,Intermittantly
mhaddi,Centre
mhajaar,Center
jajjaa,Go go
keru,"Will do, Will"
kernaa,"Won't, Wont, Will not, Will not do"
hO,Hi
ahO,Hey
varaamaan,Weather
hoon,Sunny
hoonhaLat,Evening sunlight
mEgh,Cloud
ciNuk,Drizzle
cingkul,Drizzle
seegal,Drizzle
povs,Rain
povsu pani,Rain water
jhanjju,"Torrential rain, Heavy rain, Thunderstorm, Thunder storm"
osaaT,Splashing of rainwater
karko,Hailstone
varo,"Air, Wind"
sillo varo,Breeze
vaul,Cold Breeze
hEn,Hot air
vaadaLo,Storm
cakravaadaLo,"Cyclone, Hurricane"
heem,Cool
himus,Cold
osu,Snow
Osu,Snow
monjcu,"Mist, Fog"
gheDi poDatte,Freeze
hinno,Ice
pani geDDo,Ice
piDu,Lightning
cabal,Lightning
gerjano,Thunderclap
iran,Thunder
pavi,Thunder
indradhanush,Rainbow
vyaakaraN,Grammar
vyaakaraNa vaacin,Grammatical words
naamavaaci,Noun
kriyaavaacin,Verbs
vibhakti varNagun,Case makers
sabdu,Word
naagun,Nasal Word
upaakshar,Sub letter
meeLaakshar,Conjuncts
haarun,"nha, mha, rha, lha"
daatun,"cam, cham, jam, jham"
saanduru,One word Conjuncts
lipi,Script
uccaaraNo,Pronunciation
samyukta,Conjunct
samyukta lipi,Conjunct letter
aasu,Vowel
ajunu,Vowel
alunu,Consonant
halunu,Consonant
opunu,Consonant + 'a'
tanunu,Combinational letter
samaksha,Superior class of being
parOksha,Inferior class of being
badnavaaci,Pronoun
guNavaaci,Adjective
kriyaavaaci,Verb
pukravaaci,Adverb
nikravaaci,Conjunction
dheeTavaaci,Interjection
vissEshaNa,Special
vissEshya,Substantive
linggu,Gender
dallinggu,Masculine
aLLinggu,Feminine
napumsalinggu,Othar than Masculine and Feminine
vacanu,Noun Number
Ekavacanu,Singluar Noun
bahuvacanu,Plural Noun
purushu,Person
uttama purushu,First person
madyama purushu,Second person
tattama purushu,Third person
vibhakti,Case
varNagun,"Makers, Elements"
kaalu,Tense
caltakaalu,Present Tense
gEkaalu,Past Tense
autakaalu,Future Tense
bhaavakkriyo,Affirmative Verb
vyatirEkakriyo,Negative Verb
pratyaahaara,Abbrevation
sangnjaarthaani,Technical Names
"divvo vibhakti - ku, ko, dheri","2nd case maker - ku, ko, dheri"
"theenvo vibhakti - haali, sara, saro, sero, senggo, sento, sOru","3rd case maker - haali, sara, saro, sero, sengo, sento, sOru"
"carvo vibhakti - ku, ko, vanno","4th case maker - ku, ko, vanno"
"panjcvo vibhakti - toko, tokan, rheenu, lenggo, lento, sommaru","5th case maker - toko, tokan, rheenu, lengo, lento, sommaru"
"sovo vibhakti - ke, ro","6th case maker - ke, ro"
"satvo vibhakti - mu, ru, jOLu, jovo, khaalu, lekto, unjco, bhittaru, hOru","7th case maker - mu, ru, jOLu, jovo, khaalu, lekto, unjco, bhittaru, hOru"
"aTvo vibhakti - hE, hO, O, raa, rE, vaa","8th case maker - hE, hO, O, raa, rE, vaa"
udaaharaNo,Example
sanaanggu - khaa,One letter word - khaa
didaanggu - ami,Two letter word - ami
tikraanggu - uTaav,Three letter word - uTaav
catraanggu - taLahaat,Four letter word - taLahaat
pangkraanggun - anusaraNo,Five letter word - anusaraNo
ssasaanggun - hindalatte,Six letter word - hindalatte
sakkaanggun - paaynjpoDatte,Seven letter word - paaynjpoDatte
renggu,Dye
renggu bhurko,Dye powder
vani,"Color, Colour"
kaLo,Black
kaaLo,Black
kaLavani,Black colour
hujaal,White
lhovo,Red
halko lhovo,Pink
niLo,Blue
udo,Sky blue
kaLoniLo,"Indigo, Blueblack, Dark blue"
haLDuno,Yellow
poLso,Green
polso / haveDo,Green
goro,White (Skin)
camal,Brown (Skin)
raak,"Grey color, Gray color, Ash"
kiTLa,Light brown
laak,Lacquer
sonnaa vani,Gold color
ruppaa vani,Silver color
phaNTho,Albino
kaLo dhuNTi,Overly Black
ujjini,Birth
ujvaavu,Birth
nhuru,"Baby, Child, Kid"
baaLu,"Baby, Child, Kid"
nhurubaaL,"Baby, Child, Kid, Kith and Kin"
pillo,"Baby, Child, Kid"
haatum pillo,Infant
maay,Girl Baby
bavu,Boy Baby
ghoNangghoNaay,Baby crawling
baalo,"Baby, Child, Kid"
baalyam,Childhood
baalyakaal,Childhood
beDko,Boy
beDki,Girl
nhannappan,"Young age, As a kid"
jaaNu,Youth
jaaNo,Youth
"yauvano, yauvanam",Youth
javNo,Young
javNo,"Youth, Youngster, Young Boy"
javNi,Young Girl
jaaNa beDko,"Lad, Young Man, Young people"
jaaNa beDki,"Lass, Young Woman"
jaaNali,"Young lady, Young woman"
pulatte,Puberty
caal,Puberty
aNTTu,"Uncleanness, Defilement"
nhannahoDo,Teenager
kaumaro,Teenager
kaumari,"Teenage Girl, Virgin"
kaumarappan,Teenage
kaumaara,"Teenage, Boyhood"
nhanna pillo,"Little child, Baby"
mhoDo meni,Adult
mhoDo meni hOtte,"Attaining age, Puberty"
bail,"Woman, Lady, Female"
beylmeni,"Woman, Lady, Female"
ontu,"Woman, Lady, Female"
vontu,"Woman, Lady, Female"
"aLi, ali","Woman, Lady, Female"
stree,"Woman, Lady, Female"
ammakkO,"Woman, Lady, Female"
anggano,Woman
dallo meni,"Man, Male"
dallanaacci,"Rogue woman, Manly woman"
vaardhikyo,Old age
oyes,Age
oLDu,"Aged, Elder, Senior"
vorsu hoyaattenu,"Elderly, Aged people"
vorsu hoye,Aged
dukpo,"Old Age, Aging, Ageing, Senility"
dovrappan,"Old Age, Aging, Ageing, Senility"
ammaan,Madam
aiyaan,Gentleman
aiyaanu,Sir
oLDyaan,"Ancestor, Ancestors, Ancestral"
mhoTTaan,"Ancestor, Ancestors, Elderly, Ancestral"
mhoTTappan,"Honor, Respect"
ujyaattenu,Born
ujjedinnu,Birthday
jivni,Life
jitrav,Life
jivNam,"Livelihood, Living"
jivdajeev,Alive
jivi rhaatte,Survival
aayu,Lifespan
jelum,"Life, Congenital, Birth"
chaaLi,"Life, Congenital, Birth"
phuLLo,Previous Life
kerum,Karma
moDo,Corpse
moraNjivan,"Serious condtion, Critical condition"
moran,Death
parampondiyaas,Passed away
moranu samaacaar,Obituary
veLu,Funeral
oddeso,First death anniversary
vardaso,First death anniversary
titi,Death anniversary
layam,"Extinction, Death, Perish, Destroy, Doom"
naasti,"Extinction, Death, Perish, Destroy, Doom"
nasini,"Extinction, Death, Perish, Destroy, Doom"
agaar,Food
khauNam,Food
naasto,Breakfast
dhuvaari bhaat,Lunch
staanpaan,Tiffin
raajjeman,"Supper, Dinner"
bhook,Hunger
pOTunjjaaL,Hunger
bhukko,"Being hungry, Starvation"
bhuklo,Hungry person
khanaar,An eater
bhakshak,An eater
bhajjikhanaar,"Vegetarian, Veg"
bhosulokhanaar,"Non vegetarian, Non veg"
pooT,One time meal
ghaas,A big rice ball
uNDo,"Ball, Orb"
borkkulu uNDo,Puffed rice ball
bhaat,Cooked rice
sillabhaat,"A meal of leftover rice soaked in water at night, Stale meal"
kenni pEs,Rice Porridge
suguT,Pudding
ambil,"Gruel, Pulp, Mush"
amrut,"Nectar, Elixir"
rumpi,"Nectar, Elixir"
sambaar,"Spicy gravy, stew, broth"
avNTi,"Tamarind gravy, stew, broth"
amTi,"Tamarind gravy, stew, broth"
gojju,"Tamarind gravy, stew, broth"
koLkar,"Chilli Gravy, stew, broth"
miri koLkar,"Pepper Gravy, stew, broth"
losanu koLkar,"Garlic Gravy, stew, broth"
cainaa avNTi,"Mutton gravy, stew, broth"
bhajji caar,"Spinach gravy, Green Stew, broth"
dheynj avNTi,"Whey gravy, stew, broth"
dhenji amTi,"Whey gravy, stew, broth"
timTi,Indian Soup
piLcaar,Indian Soup
cees amTi,Indian soup
keTTu piLcaar,Lentle Indian Soup
dheynj,"Curd, Yogurt"
dhenji,"Curd, Yogurt"
dheynj pani,Butter milk
dhenji pani,Butter milk
taaku,Butter milk
kheras,Cottage cheese
loni,Butter
toop,"Clarified butter, Ghee"
kaylokesur khavnam,Salad
kuTkiri,Bottle gourd Curry
poLTini,Fries
teLni,Deep frying
bhunjjini,Roasting
ambaT,Curry masala
kaccennaa ambaT,Chickpea curry
kennu ambaT,Lima bean curry
raajmaa ambaT,Kidney bean curry
"buLLaa ambaT, keLanggu ambaT",Potato curry
covLaa poLTini,Red cowpea fries
daal,Lentil curry
daal pani,Lentil stew
cennaa daal,Roasted gram split curry
lubbin,Gooseberry paste
libbin,Gooseberry paste
loshTo,Mint curry
gesi,Pickle
bhuDit,Mash
vanggi bhuDit,"Mashed brinjal, Mashed Eggplant"
ghaDini,"Churning Spinach etc.,"
"sijvette, sivjatte",Boiling
phonni dEtte,"Seasoning, Garnishing"
khoor,Pungent smell
oDi,"Fried rice ball, Rice vadakam"
appuDaal,Papad
bhosulo,"Meat, Non-veg"
caino,"Meat, Non-veg"
kuDi caino,Chicken meat
bheNDu caino,Mutton
goru caino,Beaf
dukkaru caino,Pork
hariNu caino,Venison
meyam,Fat
mando,Fat
aNDo,Egg
koDDi,Dried fish
sukkaT,"Dry mutton, Jerky"
"cakulatte, cailatte",Side dish
peeT,Batter
appam,Jaggery dosa
loni appam,Buttered jaggery dosa
dhiDo,"Dosa, Rice Pancake"
ghOma tandu dhiDo,"Wheat dosa, Wheat rice Pancake"
phalaar,"Idli, Idly, Rice Cake"
viLTiyo,"Idli, Idly, Rice Cake"
viLDoDum,"Idli, Idly, Rice Cake"
ukkuDum,"Idli, Idly, Rice Cake"
thovli phalaar,"Clay pot Idli, Idly, Rice cake"
bhurko,Powder
bhurkko,"Into small pieces, Chopping finely, Mincing"
muddaa ponggal,Rice cooked with lentils
toop ponggal,Ghee Pongal
"kEsari, upmaav","Kesar bath, Uppuma"
ambaT bhaat,Tamarind Rice
limbu ponggal,Lemon Rice
takkaaLi ponggal,Tomato rice
guLLu ponggal,Sweet Pongal
sekkaru ponggal,Sugar Pongal
dhauraa ponggal,Temple Pongal
dheynj bhaat,Curd Rice
bhairi,"Deep Fried Bread, Poori"
cappaatti,Chapati
"parOTTaa, burOTTaa, paraattaa","Parota, Parotta, Paratha"
biriyaaNi,"Biriyani, Briyani"
raito,Salad
dheynj kando,Onion Salad
masaalaa,Spice
kurumaa,"Kuruma, Kurma, Korma, Qorma"
koDDo,"Thick, Concentrated"
paLTo,"Semi solid, Diluted, Watery"
taaDo,Watery
gheTTi,"Solid, Hard, Thick, Concentrated"
gheDi poDatte,"Solidify, Harden"
doot,Milk
saay,Creamy layer of milk
caay,Tea
kaappi,Coffee
guLLu kaappi,Palm jaggery coffee
soNTi kaappi,Dried ginger coffee
miThaay,Candy
pEsu miThaay / miTTaay,Jelly candy
guLLeyo,Sweet
tikkeyo,Savouries
neggun,Snacks
bhajji,Banana Fritters (Bajji)
vaDo,"donut, doughnut"
aambaDo,"Spicy donut, doughnut"
meeDu vaDo,"Flour donut, doughnut"
guLLu vaDo,"Jaggery donut, doughnut"
suguNDo,Steamed rice flour balls
pakODaa,Pakora
roTTi,Bread
paiDi roTTi,Bun
"poLLaa gesi, poLLaa bijjaT",Jam
caili,Twisted crunchy Snack
tendulo,Crunchy snack
puri,"Sweet donut, Adhirasam"
kandulo,Rice dumplings
dhovLo,Milk Dumplings
phonnindhovLo,Cumin rice dumplings
sevi,Dumpling Roll
pasem,Rice Pudding
halvo,Halva
keshaav,Potion
pEs,"Porridge, Gruel, Pulp, Mush"
veLepEs,"Boiled rice water, Rice Porridge"
dhuvan,"Rice rinsed water, Rice washed water"
koDuk,Spicy Gruel
murge,"Rotten, Decomposed"
muDatte,"Rot, Decompose"
muDini (doot),"Spoilage (milk), Decomposition"
viTTaya,"Spoilt, Rotten, Stale"
najje,"Spoilt, Rotten, Stale"
ressu,"Juice, Soup"
kuTko,Piece
nalaapani,Tap Water
khaanpaanssaalo,"Restaurant, Hotel"
vasanussaalo,"Lodge, Hostel"
neTshatru vasanussaalo,Star Hotel
taaDi pani,Toddy
keLLu,Toddy
sero,"Arrack, Liquor, Drinks, Alcohol, Spirit"
seraa pani,"Hot drinks, Drinks, Arrack, Liquor, Alcohol, Spirit"
penissaalo,Bar
pani taylatte,Boozing
peni,Boozing
modo,Intoxication
guLLe pani,"Soft drinks, Beverage"
nommatte,Chewing
najjanaatto seele,Preserve
kalamhoni,Expire
kalamhOnjaariyo,Expiry
poTNam,"Parcel, Pack"
tettuLinjjatte,Stagger
mago,Handloom
vinatte,Weaving
vinaste,Weaving
usuno,Bleaching
taak,Yarn
taat,Warp - (consists nine 6 yard sarees)
pagaT,Warp
pagaT eraste,Streching the warp
ponni keratte,Streching the warp
bentu saTTam,Cross beam
rOl,Warp beam
toor,Cloth Beam
pholo,Ratchet Wheel
davni,Woven Saree of 6 yards
neli,Loom Wood Shuttle
keli,Shuttle Roller
rittikeNDo,Loom Wood Bobbin
oyk vaLTi,Round wooden bar
kamDi vaLTi,Flat wooden bar
mago,Batten Handle
magaa miTTo,Weaver's seat
jakkaarD peTi,Jacquard box
potti,A cone shaped hand tool to wind yarn for Handloom
podarO,A bamboo reel for winding off weft yarn
rheDo,Hand Spinning Wheel
panjculo,Treadles of Loom
tano tavattE,Pedalling the Treadles
neTTatte,Shedding weft with warp
phonni,Reed or Metallic Comb
avDaam,Across
kiDo,Worm
siddaT,Earthworm
haabu,Insect
habbu,Insect
minggi,Ant
munggi,Ant
kaLo minggi,Tiny Black Ant
lhovo minggi,Fire Ant
minggi bhakshak,Anteater
amthilo,Anthill
vaLmeek,Anthill
caaTo,Black Garden Ant
mhagi,House Fly
pisLo,Mosquito
bando,"Cockroach, Roach"
sokkaL,"Grasshopper, Locust"
suNDi,Dragonfly
jhuruL,Cricket
ghendal,Beetle
mauDi,Cellar Spider
dheyno,Bedbug
jhool,Leech
jhuLu,Leech
kangkiDo,Caterpillar
kainangkiDo,Millipede
jijjil,"Glowworm, Firefly"
govrammo,Butterfly
phoolupatanggo,Clouded yellow butterfly
gOmbe,Centipede
vinjcu,Scorpion
maNDappo,Giant forest scorpions
jhoom,"Lice, Louse"
reek,Nits (Lice egg)
hudi,"Silverfish, Moth, Termite"
phoolumadhu,Nectar
tEne,Honey
mai,Honey
mai mhakhi,"Bee, Bees, Honey Bee"
bhoo,"Earth, Land"
bhoonj,"Earth, Land"
bhunji,"Earth, Land"
bhooynj,"Earth, Land"
bhoot,"Earth, Land"
prithvi,"Earth, Land"
pani,Water
aapu,Water
dravo,"Fluid, Liquid, Orgasm"
akaass,Sky
habaal,Sky
kshitija,Horizon
hadaaL,Boom
hulo,Fire
jaaL,Fire
vaayu,Gas
varapOkkan,Airy
praaNavaayu,Oxygen
heepu,Ground
boyal,"Barren Land, Ground"
goDDu bhooynj,Barren Land
vandhyo bhooynj,Barren Land
utto,Mound
aaLi,Pit
gaDsu,"Rough, Uneven"
raaN,Forest
vaLu raaN,Desert
kaantaaru,Desert
dhruv,Pole
dhruvo,Polar
dekshaNu dhruv,South Pole
uttaru dhruv,North Pole
marin,Mirage
saagar,Ocean
sundur,Sea
sondur,Sea
laaT,Wave
sunduru keTTo,Beach
sonduru sovaTu,Coastal area
neddi,River
khauri,Pond
soro,Pond
hiro,Pond
taTo,"Reservoir, Pond, Pool, Tank, Puddle"
toppal,"Tank, Pond"
taLo,Lake
haDo,Deep pool in river
ninno,Deep
nimno,Depth
lOt,Deep
keTTo,"Bank, Shoreline"
neddi keTTo,River Bank
teer,River Bank
taLaateer,Lake Bank
vevlo,Flood
srOv,Flood
jhaar,Flood
avri,"Vortex, Whirlpool"
celmo,Spring
kasu,"Fountain, Springs"
uuTo,Spring
uray,Ooze
pulno,Bridge
laanggu,Bridge
sEtu,Bridge
donggar,"Hill, Mountain"
shailam,"Hill, Mountain"
citrakOrT,"Hill, Mountain"
giri,"Hill, Mountain"
postu,"Top, Vertex, Summit"
ssinggu,Cliff
donggaru ssinggu,Cliff or Summit of a hill
ghOru donggar,Steep Hill
jari,"Waterfall, Falls"
praantu,Region
ushNo praantu,Tropical Region
ollo praantu,Wet Region
sukke praantu,Dry Region
jagat,World
lOku,World
bhulOk,World
bhoolOk,World
aksharEk,Lattitude
dheerggarEk,Longitude
khaaNDu,Continent
upakhaaNDu,Subcontinent
dveep,Peninsula
deevu,Island
dibba,Island
raashTram,Nation
raashTreeyo,National
sarvadEssu,International
dEss,Country
vidEss,"Foreign country, Abroad"
hostaanu dEss,Western country
tEssaantar,Migration
raajyam,"State, Kingdom"
jillaa,District
gaam,"Town, City"
paTan,"Town, City"
thaam,"Place, Location, Station"
sthalo,"Place, Location, Station"
ssaalo,"A large place, Campus"
gamulogaam,Outstation
porkyaaT,Village
oTccani,Drain
cEku,Dirt
cEkpani,Dirty water
nEkpani,Clean water
khaNDi,Pit
aaLi,"Groove, Pit"
ghoovo,"Cave, Den"
biNug,"Cave, Den"
suranggo,Tunnel
paaro,Rock
guNDo,Pebble
deguDO,"Rock, Stone"
deyDo,Stone
baLinggudeyDo,Marble
ciDaayteyDo,Blue Metal
ssangkhu,Conch
vaLu,Sand
matti,Soil
ramatti,Red Sand
karam,Red Sand
ciDamatti,Clay
cikuDamatti,Clay
vaLumatti,Alluvial soil
supeeku,"Fertile, Fertility"
pangku,Mud
cekkuL,Mud
budduro,Mud
budduraa pani,Sewage
vijili,Electricity
ciDuko,Switch
guNDu divo,Incandescent light bulb
nalli divo,Tube light bulb
LED divo,LED light bulb
uTaav,Bright
haatudivo,Torch light
kuDiyaNDaa divo,Oil lamp / Egg lamp
kanTeen,Lantern
khandem divo,Hurricane Lamp
andem divo,Sand lamp
"toraNu divo, jhumpar",Chandelier
dhumTi,Fire Torch
laguDaathandili,Wooden Fire Torch
meyin vaat,Candle
vijano,Hand Fan
vijili vijano,"Electric Fan, Ceiling Fan"
mEjo vijano,Table Fan
peeTho vijano,Pedestal Fan
doordekkaNNi,Television
tero,Screen
teraa boTTo,Curtain
dooruniyantro,Remote control
doorvadini,"Phone, Telephone"
haatuvadini,"Cell Phone, Mobile Phone"
sillaa peTi,"Refrigerator, Fridge"
silla varaa peTi,Air conditioner
istiri,Clothes Iron
polkaavastun,Furnitures
caarpaaynj,Stool
kursi,Chair
"peeTho, mEjo",Table
jemariyo peeTho,Dining table
tivi,Long Bench
badulo,Long Bench
khoLTi,"Bag, Carry Bag"
pisni khoLTi,Plastic bag
keccendi,"Gunny bag, Sack"
khoLTo,"Gunny bag, Sack"
peTi,Box
kOshTu,Wooden bureau
suru,Bottom Drawer of a Bureau
poro,Bottom Drawer of a Bureau
hinduLo,Swing
sENi,Ladder
saTo,Ladder
aLTaasaTo,"Attic ladder, Loft ladder"
lOs,"Picture, Photo, Image"
sadi,Umbrella
nivi,"Trough, Tank, Tub"
baLLo,Bucket
handaar,Dark
hujaal,Light
nEgu,Light
jOti,Light
gadi,Granary pot
gellO,Earthen pot for storing grains
bhootaddam,Magnifying glass
pavgaL,"Ancient form of footwear, Wooden footwear"
cevni,"Slipper, Footwear"
paaynjhovi,"Slipper, Shoe"
akro,Short
lambo,Long
akro,Narrow
vilaas,Broad
anTko,"Compact, Wrap, Fold, Handy"
dhaaTo,"Wide, Wide open"
aDukku,Underneath
hollo,Above
avai,Will come
aunaa,Will not come
aav,Come
jhaa,Go
unjco,"Above, Up"
khallo,"Below, Beneath"
unjcco,"Tall, Height"
tuccho,Short
unno,Less
vEn,More
morni,Death
oNTevaal,One Time
jhuguvaal,Many Times
ollo,Wet
sukke,Dry
kaLaay,"Know, Aware"
kaLaanaa,"Do not know, Unaware"
ghaan,Stink
vasuno,"Smell, Fragrant, Fragrance, Aroma"
giTTai,Affordable
giTTunaa,Unaffordable
geDabuDa,"Rough, Uneven"
nhinaav,"Soft, Smooth"
cikkaya,Lean
deLko,Stout
curum,Soon
tamas,Late
cerccile,Include
dobbile,Exclude
cerccikin,Including
dobbikin,Excluding
cokkaT,"Well, Fine, Good"
najje,Bad
coDDovatto,Lie
rhattavatto,True
thaLko,Thick
nhaan,Thin
dudoor,Far
logutto,"Near, Beside"
dairo,Left
jaino,Right
nhaa,"No, Nope"
haay,Yes
"nheette, nhaatte",Not
sEtte,Is
nEro,Straight
vaguNDo,Skewness
nokko,Don't want
pajE,Want
novvo,"New, Novel, Fresh, Original"
junno,Old
paskaT,Back
sommar,Front
paskallo,Backside
sommallo,Frontside
bhaar,Weight
havlo,Light
phijjaay,Enough
phunnaa,Insufficient
bisso,Fast
haLLu,Slow
bhittar,In
bharaaT,"Out, Outside"
bhittaru,Internal
bharaaTu,External
bheLbheeTu,"Affluent, Extreme wealth"
daaridram,Poverty
pollam,Pit
miTTo,Mound
mhaggo,"Costly, Expensive"
songgo,Cheap
mhoTTo,"Elder, Big, Great, Senior"
nhanno,"Younger, Small, Little"
mhovlini,Off
"bhovrini, tagini",On
mhaujaay,Will be extinct
mhaujaanaa,Will be extant
mit,"False, Lie"
vaastav,"True, Fact"
muddo,Mushy
mudur,Undercooked
muses,Done
museni,Not done
mOs keratte,Cheating
mOs jaatte,Being cheated
rovvo,"Little, Bit"
jhukku,Lot
vedur siye,Expected
vedur sanaa,Unexpected
sillo,Cold
hunno,Hot
sukhinjjini,Enjoying luxury
pondini,Experiencing difficulties
suTTai,"Will get rid of, Will stop"
suTTunaa,"Will not get rid of, Will not stop"
serkko,Right
mantu,Wrong
seray,Valid
sennaa,Invalid
havDan,"Memory, Remembrance"
nisur,Forgetfulness
hiTTai,Will get loose
hiTTunaa,Will not get loose
huDo,Flat on stomach
nitto,Flat on back
hollo,Over
khallo,Under
hEaaD,Tight
dhillo,Loose
handav,Cooking
handapu kaam,Cooking work
cullo,"Stove, Oven"
laiDaa cullo,Wood Stove
khoLcyaa cullo,"Charcoal oven, Coke oven"
koTpai cullo,Mud oven which receives heat indirectly
bhaunes,Stove platform with coal and wood oven
digaram cullo,Kerosene Stove
varaa cullo,Pump Stove
vaayu cullo,Gas Stove
vijili cullo,Electric Stove
tukkisoDan cullo,Induction Stove
seni,"Dry Cow dung, Argol"
raak,Ash
basmo,Ash
khoLce,"Charcoal, Coke"
digaram,Kerosene
laiDo,Firewood
laguDo,Firewood
laguDaabharo,Wood bundle
cegulo,Chopped Firewood
segiDi,Fire
alto,Fire
kuLTo,"Burning Coke, Ember"
vistev,"Burning Coke, Ember"
vinggaL,"Burning Coke, Ember"
pET lavatte,Igniting Stove
phuNali,Blower
dhoom,"Smoke, Fume"
ghombuLo,Warm
hadan,Fermented water prepared with starch and rice washed water
hadan thovatte,Boiling the water to cook rice
khET,Hot boiling point of cooked rice
kheDini,Boiling point
tappini,Boiling
vaap,"Vapour, Steam"
tavni,Melting
tavai jaay,Melt away
cuNDaNi,Boiling hot
jelajelani,Bubbling hot
hubbini,"Boiling, Overflowing, Effervescence"
nivno,Coir Rope Trivet
puDki,Palm leaf Basket
"hokaL, hogaL","Mortar, Grinding Stone"
dhumTaahokaLu,Wooden mortar
caki hokaL,Grinder
orgulO,Pounder
lublo,Pounder
lubburkaylo,Pounder
rheguDo,Hand Mill
paTo,Metate
deguDaapaTo,Metate
caki paTo,Mixie
paTaa deyDo,Metate's pestle
musal,Pestle
solo,Measuring Cup
aDDo,Full Measure
suDo,Winnowing basket
subDo,Winnowing basket
sulo,Winnowing basket
mottu,Dal Churner
gusiLi,Curd Churner
cees ambaT,Tamarind Rice Mix
ceesu poLTo,Squeezed Tamarind
nalli,Tap
jhanni,"Broomstick, Besom"
poolu jhanni,Grass Broom
nalaru jhanni,Coconut Palm Broom
jhanni khaTTi,"Broom stick, Rib of a palm leaf"
sekkalu khaTTi,Dry can stick
kuppo,"Garbage, Trash, Waste, Junk"
Dabbo,Bin
"ciguTTo, civuTTo","Viscous, Sticky"
muri boTTo,Kitchen Towel
mosuraa boTTo,Kitchen Towel
menik,"Man, Human, Person"
janu,Person
naro,Male
menkyaan,People
oNTiyaaL,"Bachelor, Single Person"
anaadi,Orphan
ssrimaan,"Mister, Mr"
kaumari,Miss
kaLayattenu,"Known person, Familiar"
kaLaanaattenu,Stranger
paLkaar,Sourashtrian
sudi,"Wise, Scholar, Shrewd"
sudhi,"Wise, Scholar, Shrewd"
oLTyaan,"Wise, Scholar, Shrewd"
guru,Preceptor
ssishyo,Disciple
satkuli,Born into a good clan
sadaacaari,Saint
peLadul,"Ascetic, Saint"
rushi,Sage
yOgi,Yogi
hOto,Sacrificer
mauni,Sage
praajnjo,Sage
jnjaani,Sage
njaani,Sage
sudaagami,Recipient of salvation
aastiko,Theist
naastiko,Atheist
nitlo,Judge
vitlo,Counselor
niboos,Truth speaking man
satyavaadi,Honest
mati,Knowledge
heDDE,Stupid
phuTkO tOn,"Blabbermouth, Gossiper"
gheDiketto,"Intelligent, Clever, Smart, Dexterous, Cute"
gheDikettaan,"Intelligent, Clever, Smart, Dexterous, Cute"
buddhimaan,"Intelligent, Clever, Smart, Dexterous, Cute"
roopavati,Pretty Woman
roopi,Handsome
manmathu,Cupid
tiruvaali,Mischievous
keaavreaa,"Hooligan, Rowdy"
kauri,"Giant, Poor, Crooked, Wicked"
kauriNi,Wicked woman
mhooDo,"Fool, Idiot, Stupid, Unwise, Dull"
moorkhu,"Fool, Idiot, Stupid, Unwise, Dull"
mogi,"Fool, Idiot, Stupid, Unwise, Dull"
visnaaru,"One who forgets, Absent minded"
niraamayo,Untainted
guNi,Good-natured
daatruppan,Generosity
dharmishThi,Righteous
gari,"Best person, The best"
uttama,"Best person, The best"
soori,"Learnt person, Educated"
vidyaavi,"Learnt person, Educated"
ssaastri,Well-versed in Shastras
phanggulnaar,Friendly person
priyavaadee,Kindly speaking person
vaagmi,Eloquent
mursunaar,Foresighted
jagnaar,One who is vigilant
alpuDu,"Mean minded, Narrow-minded"
onjclo,"Deceiver, Cheater"
vanjcako,"Deceiver, Cheater"
khobaTu vesham,Disguise
maujaDu,Arrogant fellow
maujo,Arrogant fellow
dhanavantu,"Rich person, Wealthy"
dhani,"Rich person, Wealthy"
prabhu,"Lord, Aristocrat"
saukhyaavi,Who lives comfortably
bhaagyavantu,Blessed person
khauNulo,Enjoyer
durbaL,Poor
nirdhani,Poor
deLDri,"Sluggard, Lazy, Poor"
theLri dheretteno,Destitute person
degulpaadi,Good for nothing person
daaridru,Poor
hiDo,"Giant, Monster, Poor"
loobdu,"Miser, Stingy"
lObhi,"Miser, Stingy"
"bheegu, bheek, bheem","Begging, Alms"
bhigare,Beggar
bhiyare,Beggar
bheem makatteno,Beggar
mitru,"Friend, Buddy, Mate, Companian"
mitruppan,Friendship
singgayt,"Boy Friend, Friend, Buddy, Mate, Companian"
singgati,Girl Friend
tigulo,Enemy
vairi,Enemy
ssatru,Enemy
paraakramo,"Valor, Guts, Prowess, Heroism"
paraakramassaali,"Valorous, Brave man"
dheer,"Valorous, Brave man"
dheeram,"Braveness, Courageous, Boldness, Bold, Bravery"
savshiNi,"Braveness, Courageous, Boldness, Bold, Bravery"
dheerappan,"Braveness, Courageous, Boldness, Bold, Bravery"
dhruti,"Braveness, Courageous, Boldness, Bold, Bravery"
dhiTau,"Braveness, Courageous, Boldness, Bold, Bravery"
dheyriyam,"Braveness, Courageous, Boldness, Bold, Bravery"
dhakkile,"Timid, Coward, Afraid"
dhilla,"Harmful, Worst, Wicked, Poor"
dur,"Bad, Wicked, Ill"
ssinnu,"Bad, Wicked, Ill"
paataki,Sinner
hubhaavi,Innocent / Naive
parastri,Other's wife
kaamee,Womenizer
stree lOlu,Womenizer
vidhuro,Widower
muNDo,Widow
raDvi,Widow
raaDo,Widow
goDTu,"Infertile woman, Barren woman"
vandhyo,"Infertile woman, Barren woman"
vandi,"Infertile woman, Barren woman"
poNDugo,Eunuch
napumso,Eunuch
mukuLo,Dumb
cevuT,Male Deaf
cevDin,Female Deaf
oDDi,Blind
andu,Blind
guDDe,Male Blind
guTDi,Female Blind
kekuDo,Squint eyed person
orakku,Squint eyed person
giDDo,"Dwarf, Midget"
moNDi,Handicap
noNDi,Lame
pangku,Lame
lovle,Lean Man
lovlin,Lean Lady
bhotto,Fat Man
bhotti,Fat Lady
kooso,Lean
piso,"Male Lunatic, Insane, Mad, Mental, Psycho"
pisi,"Female Lunatic, Insane, Mad, Mental, Psycho"
pisoveLu,"Insane, Lunatic, Mad, Mental, Psycho"
haddupuddhi,"Insane, Lunatic, Mad, Mental, Psycho"
"pisattanam hoye, piso ghalaya",Crazy
moogO,Crowd
gumpu,Mob
jedo,"Crowd, Group"
itarun,Others
kaarako,Causal
ojano,"A person, One person"
OkOkun,Each other
ejamaan,Owner
kingkareaa,Slave
dEssabhakto,Patriot
svayasEvako,Volunteer
drOhi,"Traitor, Betrayer"
pakshavantu,Biased person
pisna,"Slanderer, Talking behind someone's back"
tuNTavatto,Gossip
aparaadhi,Accused
niraparaadhi,Innocent
sathaacaari,One who goes by order
toppunaaru,Breacher
lunTunaaru,Breacher
hinTunaaru,Breacher
khobhree,Dead person
emuD,"Yama, Deity of death"
bhoot,"Troll, Ghost, Demon"
gamaitun,The villagers
annatturO,Who speak other language
donggargaamkeri,One who speaks Malayalam
telunggo,One who speaks Telugu
phorungki,"A foreigner, especially a British or a white person"
vane,Vanniar
saNaar,Nadar
bhauNo,Male Brahmin
bhauNi,Female Brahmin
aiDe,"Stranger, Non-brahmin"
movro,Male Knight
aiyyO,"Purohit, Priest"
movrin,Female Knight
oDDe,Male Scavenger
oDDin,Female Scavenger
dhurge,Arunthathiyar
mharge,SC Male
mhargin,SC Female
turgo,Muslim
tuDyaan,Muslim
tuDe,Male Muslim
tuDin,Female Muslim
ayDe,Male who speaks Tamil
ayDin,Female who speaks Tamil
kholaabaatkero,Male Wanderer
kholaabaatkerin,Female Wanderer
vanaspati,Plant
haaku,"Grove, Garden"
jheenu,Garden
govat,Hay
govatu peDo,Haystack
poske,Grass
nausu,Grass
truNo,"Grass, Reed"
ghaas,Dried grass
haraLi,Green grass
haraLi paan,Scutch grass
darbo,Reed
hogatu paan,Herb
kobbu,Sugarcane
piskalu kobbu,Red Stained Sugarcane
kalpavruksho,The tree that grants any boon
jhaaD,Tree
jhaTki,Shrubs
vEl,Creeper
gulmo,Bush
sunaasati,Mushroom
gumaaru,"Cactus, Aloe vera, Aloevera, Alovera"
antyaal,Castor
indraani kailo,Colocynth
tuDaa jaTki,"Devil's trumpet, Jimsonweeds"
kuppiyaapaan,Indian Copperleaf
kennar,Oleander
keratini,Myrobalan
gennEri,"Orange Ginger, Hidden-Lilies"
nerguDu,Chaste tree
pisa thoLci,"American Basil, Lemon basil"
layet vaTni,"Touch me not, Shame Plant"
luskin jhaTki,Milkweeds
jili,"Algae, Fungus, Moss"
nallu,Vetiver
peeku,Crop
coraa peeku,Fodder crop
khEtu,Field
naagaTicaalu,Furrow irrigation
rauNi,Waterlifting device
saTo,Waterlifting device
mastu,"Manure, Compost, Fertilizer"
baanjji,"Algae, Fungus, Moss"
dees,Direction
dikku,Direction
khaunas,East
hosto,West
uttar,North
dekshaN,South
agni,South East
nairuti,South West
eessaanyo,North East
vaayu,North West
kalam,Period
kaalu,Period
kaalu,Ages
kaaL,Period
dassaa,Period
kaalaantram,Over a period of time
rrutu,Season
hoonukalam,Summer
povsukalam,"Monsoon, Rainy season"
himusukalam,"Pre Winter, Cool Season"
monjcukalam,Winter
varaLo,Spring
hunaLo,Summer
posaLo,"Monsoon, Rainy season"
poslo,"Monsoon, Rainy season"
ssiraLo,Autumn
himaLo,Pre Winter / Cool Season
iraLo,Winter
pakshi,Bird
hooDu,Bird
huDjani,Bird
kauLo,"Crow, Raven"
kuDi,Hen
kukiDi,Hen
kuDo,"Rooster, Cock, Chicken"
kukuDo,"Rooster, Cock, Chicken"
kuDipillo,"Chicken, Chicks"
saaranggo,Turkey
ciDi,Sparrow
ramo,Parrot
kokkurkaylo,"Pigeon, Dove"
kaudu,"Pigeon, Dove"
porailo,Dove
kokil,"Quill, Cuckoo"
piLTo,"Quill, Cuckoo"
mhOr,Peacock
ulu,Owl
uDDuL,Owl
ghoogu,Owl
ogul,Bat
aaDi,"Male Duck, Male Goose, Drake"
badul,"Duck, Female Goose"
bago,Crane
kukro,"Stork, Pelican"
hamso,Swan
luvi,Quail
gauri,"Chukar Partridge, Grey Francolin, Chicken Bird"
bhaaraji,Skylark
dishLo,Vulture
geruD,"Falcon, Garuda"
kavLaghaar,Eagle
ghaaru,"Hawk, Kite"
ssini,Griffon vulture
bhiri,Condor
vangkuDo,Eurasian teal
mushLi,"Sandpiper, Curlew"
cunggul,"Claw, Talon"
panjjiri,Nest
ghooT,Nest
neeDo,Nest
rekke,Feather
pingku,"Wing, Wingspan"
pogo,"Wing, Wingspan"
hili,Crest of a bird
pinjche,"Peacock's Tail, Feather"
mutaLo,"Peacock's Tail, Plumage"
muskiLi,Beak
pashjiri,Cage
aggaboggayi,Jumpy
agasmaat,By chance
aDgyaLam,Identification mark
aTag,Obstacle
aDaat,Atrocity
adhikaraNo,"Section, Category"
aturshTu,Luck
antu,"Final, End"
antum,At the end
abbay,Will get
abbaras,Available
abbiDiyo,"Obtained, Found, Received, Got it"
abbes,"Obtained, Found, Received, Got it"
abni,"Availability, Getting, Receiving"
abhaya,Non dangerous
aparimito,Unlimited
apsaras,Celestial Nymph
apaayakara,Dangerous
abhimaan,Pride
apulkare,Initiative
ayitar,In person
arccatte,"Honouring, Praising"
arE,Hey
alaggo,"Alone, Separate"
alaadi,Separately
anyaav,"Unjust, Unfair"
anubhav,Experience
anusaraNo,Following
asattisaa,Funny
asini,Comedy
asokeri,Just like that
assuddam,Unclean
aadaro,Support
aapad,"Difficulty, Distress, Danger"
aalOcano,Advice
aavarttano,Frequency
aavo,Worldly matters
aasti,Property
aasano,Seat
aahav,Challenge
ityaadi,Etcetera
ivar,"Details, Explanation, Description"
ivar,"Message, Information"
ivar tovar,Common sense
eeksar,Along with
uclaav,Means
uTccaauTccini,Uncertain
uNTo,Curl
utpatti,Production
unnati,"Improvement, Progress, Advancement"
upacaaraNo,Treatment
upadEss,Advise
upahaar,Gift
uute,"Waste, In Vain"
uuLe,Whistle
aikanaa-seddu,Ultrasound
aikini,Hearing
aito,Ready
oDaa jhaaD tinnaaL,Sourashtrians Festival
oNTapOkum,Oneside
oNTimpul,"In Private, Alone"
oNTEsokan,"Alike, Similar, Same as"
oNTEsokan rhaa,Resemble
oNTEsokan rhaatte,"Resemblence, Similarity"
ottaDi,Become Dry
oppiLni,"Recognition, Acceptance, Confession"
oydussaalo,Hospital
orgai,Be useful
orai,Wealth
oro,Skewness
orotiro,ZigZag
olo,Net
ojaati,a type of
OTu,"Secret, Confidential"
OTunum,"Side by Side, Juxtapose"
OrttO,In the corner
Orppu,Compromise
Oro,Sideways
Osama,Many a time
audaaryo,Generosity
khaTTi,Stick
khyaati,Well known
khali,Empty
gati,"Condtion, State"
kaThin,"Hard, Tough, Drastic"
kaThin hoye,Tough
karo,Gift
kshaamam,Scarcity
kshEmu,Comfort
gaaT,Knot
ghaam,"Beat, Blow, Injury"
kaaT,Stain
kaanti,Shining
kaamukramo,"Agenda, Program, Event"
kaaraNo,"Reason, Cause"
kaalDu,Quarter Rupee
kaas,Rupee
gido,Scratch
girkkatte,"Scrawling, Scribbling"
gilEsu,Disconnects
geet,Song
khudaa,"Hypothecate, Pawn, Pledge, Mortgage"
khudi,Partner in game
khubaay,Glare
guDDu,"Secret, Confidential"
guNDaLi,Coil
guNNu,"Character, Attribute, Quality"
gude,Walking stick
guruttu,Identification
guruttu kaLaDariyo,Introductory
guruttu kaLaDni,Introduction
guruttu kaLaLLatte,"Recognition, Authentication"
guLLo,Ball
kugno,Close
kuran,Poetry
kooTak,Puzzle
koot,Shout or Bawl
kheTin,Harsh
kheto,Story
kheni,Story
genjjaav,Hashish
geDi,Cart
gelay,Seep
genaat,Treasure
gheTTi,Loudly
gheDi,Loud
gheDi bovattE,Reprimanding
ghenam,"Pride, Dignity"
kervaana,Can not do
kerunggini,"Dissolve. Dissolution, Melt"
kerunggai,"Dissolve, Melt"
keshTam hoye,Hard
gEgu,Around
kEr,Care
khobbim hoye,"Regular, Usual"
govNDayyo,"Lost, Missing, Misplaced"
govNDayi jaatte,To get lost
ghoram phivratte,Distraction
kovDo,Cowrie Shell
kono,Edge
gOgO,Incessantly
gOgOtee,Just
gOs,"Idle, Free, Just, Often"
gauNi,Mucial Concert
kaut,Fun
kaussal,"Skill, Talent, Ability"
caDaav,Best
caturpaashaa,Four Language
camatkaar,Dexterity
calcitraa guvni,Film roll
calcitro,"Film, Movie"
"calta kEr, sonnogo","Continue, Keep on, Sustain"
calay,Happen
callini,"In Touch, Behaving"
calni,Behavior
chaappo,"Print, Stamp"
caari,Spy
chiran,Lantern
cittur,"Art, Painting, Portrait"
cillam,Bank
cungkili,Escaping
cuTToor,Around
cuTTo,"Cigar, Cheroot"
cuNDaay,Hot
cuNDin tagatte,Burn with hot iron
curuk,"Fast, Quickly"
coo,"Mistake, Fault, Error"
cook,"Complaint, Fault"
ceDni,Advancement
ceDaav,"Advanced, Superior"
ceduratte,"Scatter, Splash"
cenduraDo,Mini Ferris wheel
"cerijaatte, anusarinjjaatte","Conform, Hormon, Solidarity"
cevDi,Dissuade
cokaD,"Fine, Good"
cokaD sani,Maintenance
cOD sE,Is good
caulni,Holding tight
Tangkini,Inscription
"DEro, mhoDo pallo",Tent
damaru,Lotus
dani,Palanquin
dastu,Gift
dasal,Free lunch offered on the Saturdays of Tamil month Purattasi
dhamaa dhaamu,"Hurry, Hastel, Hurry Burry"
dhamaa dhaamuru,"Hurriedly, Hastily, Hurry Burrily"
dhamini,Flow
dhvani,Audio
dhan,Wealth
dhanagadi,Bank
dhanaghEr,Bank
dhanavaar,Bank
taddu,"Strong, Staunch"
tadi,System
tadi,"System, Context"
traaNi,"Capacity, Efficiency"
"taro, guNavatto",Quality
daaN,"Staff, Handle"
daan,"Donation, Giving alms"
dhaanuk,As per
"taar, kembi",Wire
taasu,"Chance, Occasion, Moment"
taasum,Opposite
thiran,Permanent
dikkul,Inattention
didatte,Giving back
dirni,"Dissolve. Dissolution, Melt"
divya,"Splendorous, Fantastic, Wonderful"
divaLi,Diwali / Deepawali / Deepavali Festival
dinus,Variety
dijani,"Wear and Tear, Depreciation"
tiguccar,"By itself, Automatically"
tivuccar,"By itself, Automatically"
theerappan,Stability
dee thovetteno,Lucky
dheenu,"Right, Freedom"
dugvaaL,Famine
dugaaL,Famine
duDako,Split
durgun,Spoling
dustar,Rare
dustal,Rare
dustalkan,"Hardly, Rarely"
dushkrutin,Evil deed
dushkare,"Bad deed, Bad activity"
dushTa,"Bad, Wicked"
dhuDDulatte,Confirmation
tungkan,Measure of money
tuDan,"Change, Retail"
turni,Entry
turunggavaas,Imprisonment
turunggo,"Prison, Jail"
turun,Hastily
dhoom,Smoke
dhoom phuvatte,Smoking
dhoompaan vaLTi,Cigarette
dhoorto,Cunning
theTki,stumble
theTkini,Stuck
dekkaNaa,Invisible
dekkaNaa jaa,"Disappear, Vanish"
dekkaNaatto hoyyo,"Disappeared, Vanished"
dekkaaNi,Missing
deTTu,Dense
deNDu,Useless
deLko,"Thick, Thickness"
dheramburaal,"Hurlyburly, Chaotic, Disorderly"
dherni poDatte,Be caught
tersi,"Continue, Keep on, Sustain"
tersu,Continuously
daivattan,Luck
dori,Thread
doskokhaal,Upside down
tokkul,Contempt
tobbaatobbini,Hustle bustle
toppatte,"Miss, Breach, Violate"
toraN,"Line, Queue, Series"
torap,Clue
thODthODun,Little by Little
dOr,Rope
dOvu,"Shop, Godown"
tOku,Opposite
tOn dEtte,"Dealing, Coping, Facing"
dauNO,Mirror
nangku,"Hope, Trust"
naTkam,Drama
naTi,Actress
naTo,Actor
naraku,Hell
nasaat,Loss
nasinam,Ruin
nasinam hoye,Dilapidated
nhaan tero,Film
naac,Cinema
naav poDe,Popular
naavu,Name
naanaaprakaar,"Many kinds, Various types, Variety"
naastu,Destruction
nikku,Mark
nityappan,Permanent
nirNayam,Determination
nirbandham kEr,"Force, Insist, Urge"
niraakaraNo,Abrogation
nivri,Share
nivEsh,Investment
nivEshuphOL,Return on Investment
niLcci,"Steady, Durable"
nijjam,Fact
niskano,Decision
neeti,Justice
neebu,Wooden water bucket
neevi,Wooden bucket
nees,Guru blasphemy
nugatte,Use
nugai,Will be useful
nuti,Fame
noonam,Determination
neshTi,Loss
neshTi poDe,Lost
nEku,"Purity, Clean"
nErvedur,Quite the opposite
nErum,In person
nomkke,"Confidence, Belief, Trust, Hope"
nommini,"Confidence, Belief, Trust, Hope"
nOgu,Action
phali,"Result, Benefit"
phaLLayo,Next one
bandi,Prisoner
babili,Doll
bara,"Good, Better, Well"
baro,"Good, Better, Well"
baro hOy,Will heal
bajaar,"Market, Bazaar"
baspam,"Ash, Microfined medicine, Drug"
bhandinippan,Structural
bharti,Instead
bharam hoye,Heavy
bhari,Big
bharo,Load
bhavaaT,"Noise, Shouting"
pakvam,Maturation
paTTi,List
paTi,Cotton yarn
padaaL,Underworld
praknjo,"Wise, Concisious"
prakaar,Type
pradhaan,"Main, Primary"
pradhaankan,"Mainly, Primarily"
pratijnjo,"Vow, Promise"
pratijnjopatro,"Bond paper, Promissory"
prateeko,Symbol
prayatna poDatte,Trying
prayOjun,Useful
parvo nhee,"Nevermind, It's okay"
prasiddhi,Trending
prassno,"Problem, Issue"
prahEl,Riddle
praak,Front
paraakramo,"Valor, Valour, Prowess, Daring"
praapti,"Luck, Act of obtaining"
praal,More than
parigho,Trench
pariNaam,Evolution
paripaalano,Fostering
paristhiti,Situation
parissOdhano,"Testing, Experiment"
parishEcano,Sprinkling
parun,Others
palatte,Administering
palanam,Administration
pavrat,"Rebuke, Condemnation"
paLo heDatte,Invasion
paje menE vEnggu,Upon asking
pajentayakaam,Arrangement
pajente,"Needful, Requisite"
pajehOriyo,Need
paskaT jaatte,"Follow, Chase, Pursue"
paso,Splinter
phaaT,Crack
bhaaggi,Wealth
bhaagyam,Luck
bhaagyavaan,Lucky
bhaagu,"Part, Episode"
bhaaT,Uproar
bhaar,Responsibility
bhaaru,"Weight, Burden"
bhaavano,Meaning
bhaashaa vallari,Bouquet of Language
bhaasho,Language
paamssu,Pension
phiri,"Again, Repeat, Return"
phirihuDattisaayo,Resilient
phirihuDan guNNu,Resilience
bigus,Pressure
bisso,Speed
bhiDaattisaa,Acceptable
bhiTaattiso,Deserve to be friendly
bhiDauttiso,Believable
bhiNDini,"Belief, Trust, Hope"
bhirus,"Tight, Numb"
pirjanam,"Benefit, Use"
piLTi,"Doll, Toy, Puppet, Stooge"
pisataya,"Stupid, Nonsense"
phuDko tuDko,Miscellaneous
phuTkO,"Hole, Torn"
phurattiko,For the rest
phurnaa,Not enough
phuro,Enough
phuro hoyyo,Bored
phuro hOttisaa,Boring
phulaaphuli,White Wart
phuvaNi,"Whistle, Bugle"
phuLLayo,Previous one
phuLLo,"Before, Previous"
buddhi,"Wisdom, Intelligence, Wit"
buvDatte,Dipping
pukhaar,Complaint
puTTo,Hole
pusni,Question
poorNo,Full
poorti,Complete
bheLLi,"Very much, Highly, Sorely"
bheLi,"More, Highly, Very"
bheLi srEshThu,"Awesome, Elegant, Exquisite, Finest, Grand, Magnificent"
peTmaaT,Sitting Cross legged
pette,"Alone, Separate"
perumbO,Drat
pessaav,"Broad, Wide, Width"
bhEt,Difference
phailaati,Etcetera
bai,Debit
paiDi,Cap
paisal,Solution
boNaal,"Fire Cracker, Crackers"
bodul,"Instead, Substitue"
bolam,"Strength, Force, Power"
bolam hoye,"Strong, Forceful, Powerful"
bolim,"Strength, Force"
bhongguro,Top
bhodram,"Careful,Safety"
bhodram hoye,Safe
bhodramkan,"Carefully, Safely"
bhom,Conch
bhoys,"Opulence, Status"
bhove,Many
pokku,"Hull, Husk"
pokaT,"Side, Sideways"
pokLo,Near by
ponjci,Village Council
poTTaas,Fire Cracker
poTTET,Workshop
poraak saatte,Watching passively
poLgini,Socializing
phOkur,"Side, Towards"
phOru,Table
phOlu,"Fruit, Benefit, Result, Effect"
phOL,"Fruit, Benefit, Result, Effect"
bOdhano,Advice
mando,"Dull, Blunt"
mrudulo,"Soft, Gentle, Polite"
mallaamallini,"Hustle bustle, Chaos"
maLee,Dirty
"mahatvam, gurutvam",Importance
mheddi taro,Medium
mhoDo,Capital
mhoddi,Middle
mhojaar,Middle
maaybhaasho,"Mother tongue, Mother-tongue"
maargu,"Way, Path"
miti,"Limit, Border, Boundary"
miLTa,Added up
miLatte,Departure
miLnaatto,Without joining
miLni,"Meeting, Union"
miLaamEL,"Meeting, Union"
miLai,Will get
mugatte,Search
mukyam,Important
mudro,"Stamp, Impression, Seal"
mudullo,"First, Firstly, Advance"
muraLi,Flute
muri,Dirt
muri aTTu,Overly Dirt
muri hoye,Dirty
mujjo,Done
mujun,Bad deeds
musai,"Possible, May"
moosi,Edge
mettan,"Soft, Crisp"
menikyattan,Effort
meaasi,Soot
mET,"Best, Excellent"
mETun,Elite
maitri,Friendship
mokkuLo,Delightfully
mogin,"Ignorant, Idiot, Nincompoop"
moduraLi,"Employer, Boss"
moraN sEru,"Numerous, Plenty, Ample"
moraNu patro,Will
moraLi,Rich
morumu,"Secret, Supense"
mono,Sharp
mossaan,Cemetry
mOl,"Price, Cost, Value"
mOvu,Size
mOs,Humbug
mOhattisaa,"Sexy, Glamour"
yattan,"Attempt, Try"
yashTi,"Stick, Rod"
yud,War
yOjano,"Plan, Project"
raddu keratte,Cancellation
raptaa vattaan,Colloquial
rroop,"Figure, Image, Design"
ral,Capital
rhatta,"Real, True"
rhavaarani,Could not be
rhavo,Stay
rhiye onnu,All of a Sudden
rhiyevaakur,Suddenly
ringgaDatte,Beating again and again
ritti,Waste
reeN,Debt
reeti,"Manner, Fashion, Style"
rutan,"True, Truth"
rundi,"Spread, Widely"
rujim,In person
ruju,"Fact, Truth"
rooT hanatte,Plunder
rooDhi,"Habit, Practice, Tradition"
rooTu,Robbery
rooNi,Habit
roop,"Form, Feature"
roopu,Beauty
recce,Noise
rendu,Gap
rEy,Hey
rai,Wealth
rokDo,"Cash, Sum, Amount"
rosam,Irate
lagaras,"Seems, Feel"
lagai,"Will take, Seems"
langgar,Anchor
laDai,"Fight, Battle"
lambu,Long
lavkaas,"Matter, Detail, News"
lhekko,"Account, Calculation"
lhegu,Easy
lhegoovar,"With ease, Easily"
laap,"Profit, Benefit"
laalityo,Elegance
laani,"Better, It's Okay"
luNTi,"Violation, Breach"
lekku,"Particular Place, Destination"
lekshan,"Unit, Identity"
lenggu,"Till, Until, Up to"
lentu,"Till, Until, Up to"
loDatte,To come inside
loTkini,Stumble
lombi,Tired
lombu,Long
loLvaatte,Stumbling
lOL poDatte,"Running from pillar to post, Wandering"
laukaas,Matter
vakra,Crooked
vago,"Type, Kinds"
vaTke,"Custom, Routine, Used to"
vaDini,"Wilt, Wither"
vaTo,"Part, Share, Role"
vaNi,Business
vattaapuDki,Dictionary
vattaapeTi,Dictionary
vattaan,Words
vatteaa,"Speech, Conversation, Chat"
vattobOl,"Chat, Speaking term, Dialogue"
vadini,Communication
vare,Business
vastu,"Article, object, item, Goods"
vahu,Dump
vaaku,Word
vaaL,"Number of times, Times"
vaasgoLo,Cloth Ball
vikku,Poison
vingkini,Change
vidham,"Kind, Type, Category, Class"
vitteaa / virtteaa,"Waste, Unnecessary"
vittaa vatteaa,Gossip
vidhi,Rule
vipat,Dangerous
virtaak,"Waste, In Vain, Unnecessary"
virati,Retirement
vivariNi,Details
vijaneaa,Fan
vistaar,Broad
visraatte,Forgetting
visvaas,Faith
vissraanti,"Rest, Relaxation"
vissvaas,Belief
vissEsh,"Special, Function"
vekkinidekkini,Interview
vekuLa,Different
veDik,Fun
vedur,In front of
vedur kerlatte,"Deal with, Cope with, Face"
vedur seddu,Echo
veLgini,Separation
vEy,Let it be
vEs,Expense
jhaNDaavu,Flag
jagaram,"Awake, Alert, Vigilant"
jangk,"Way, Path"
javaap,Answer
janattako,To know
janlatte,Understanding
janlunaatte,Ignorance
jani,Trend
jaa phijjaay,Get lost
jaagrato,"Careful, Beware"
jaati,Variety
jaaraa,Go
jaal,"Net, Web"
jaaL,"Burn, Irritation"
jiyes,Gone
jeeliavus,"Goodbye, Farewell"
juTnaa,Won't get
juDai,Will get
juNNa,"No, ain't"
julan,Shining
jheDo,Fight
jherppaay,Seep
jedo,"Team, Group"
jedomiLan,Alliance
jEm,Gift
joDi,"Pair, Couples"
sakriyo,"Agile, Active"
sakala,All
sanggeet,Music
sat,"True, Truth, Good"
sadas,"Council, Assembly"
satkare,"Good deed, Good activity"
staanyo,Since
sthiti,"Condition, State"
stiram,"Confirmation, Assurance"
"stiram kEr, dhuDDi",Confirm
sabdaartun,Meaning
sabhaa,"Assembly, Forum, Gathering"
samTai,Will be available
sampattu,"Prosperity, Wealth, Resource"
sampoorNo,Complete
samrakshaNo,"Protection, Preservation"
samarthu,"Able, Skilled, Talented"
samrppaNo,Dedication
samruddhi,Prosperous
samskruti,Culture
samasto,"Common, General, Public"
samasyo,"Problem, Issue"
samaacaar,"News, Message, Information"
samaacaarpatro,Newspaper
samaaj,Society
samiti,"Association, Committee"
sara,"With, Along with"
sarateno,"Mate, Colleague"
saraav,"Balance, Remainder, Remaining, Remnant"
sree,Wealth
sruti,Pitch
sallis,Easy
savaNi,Video
svatantro,Independence
svayasukham,Selfishness
savas,"Companionship, Friendship"
svaak,Wealth
sanmaargu,Right path
sanne,Common
sanaatano,"Permanent, Forever"
sani,"Glance, View, Vision, Look"
sasyo,"Benefit, Result"
sahajam,Natural
sahajam,"Fluent, Effortless"
sahajamkan,"Fluently, Effortlessly"
sahaavu,Help
saakkako,"To see, To look"
saangk,Source
saadhano,"Means, Instrument, Tool"
saadhaaraNam,"Simple, Normal, Ordinary"
saadhu,"Meek, Peaceful, Bland"
saamati,Proverb
saamaanyo,"Common, Usual, Normal, Simple, Ordinary"
saamaanyo njaan,General Knowledge
saaramsso,"Essence, Gist, Abstract"
singgyaar,"Beauty, Beautiful, Cute"
singgyaarhoye,"Handsome, Lovely, Loviest, Cutie"
siri,"Wealth, Prosperity"
silmo,"Labor, Labour"
silin,With difficulty
sinnaatto,Without tiring
seem,"Limit, Border, Boundary"
suTTunaatto,Incessant
suthdha,"Clean, Pure, Neat"
suddham hoye,"Pure, Divine, Spotless, Virgin"
suru,Wringle
sulbyam,"Simple, Easy"
soocano,Suggestion
soocano,"Information, List"
sooT,Burn with hot iron
senggal,Chain
senggu,Company
seddu,"Noise, Sound"
settu,Promise
setlo,"End, Last"
serkkas,"Ok, Okay, Okey"
serkko,Correct
serccatte,Solving
sermaan,Equivalent
sevkan,Best person
sejje,Neighbourhood
sEtte nhaa,"No, Not"
sEvo,Service
sailu,Shadow
sailo,Shadow
sokan,"Alike, Model, Type, Similar"
sombuLO,Salary
sommaravni,"Growth, Development"
solpam,"Simple, Easy"
sovNTini,Be captured
sovro,Relative
saukatu,Administration
sauryam,Well
sauraashTraa,Sourashtra
ssakti,"Energy, Power, Force, Vigor, Vigour"
ssambu,Teachings
ssamulan,Mitigation
ssrEshThu,"Best, Excellent"
ssaanti,Remedy
ssaapana,Curse
ssaasvato,"Continuous, Permanent, Eternal, eternity"
ssipaarisu,Recommendation
ssibiro,Camp
ssillo,Cold
sseel,Discipline
sseen,Tiredness
ssuddham,"Clean, Pure, Neat"
ssekkaanaa,Not able to
ssekkunaa,Cannot
ssengkaL,"Handcuff, Chain"
sseNam,"Quick, Quickly"
ssenta,With
ssevvaT,Near by
ssObhano,"Nice, Super"
ssauryo,Braveness
hak,"Right, Claim"
hangkaar,"Rage, Tantrum, Anger"
haddaDTu,1/32 of a Rupee
haddu,Half
hadam,No means
hatdaamutdu,Half-done
harmbam,Beginning
halko,Lightweight
halu,"Slow, Slowly"
havDanu vastu,Souvenir
haLLu,"Slow, Slowly"
hannav,Money
hannau,Money
hinggaaDu,Export
hiNDini,Wandering
"hitav, hitau","Benefit, Good advice, Goodness"
hinTatte,"Breach, Violate"
heen,"Evil, Damage"
heenu,"Absent, Deficiency"
huDo,Belly down
huDodiDo,Upside down
hutraaDu,Import
hudaar,Loan
hurpaDo,Flip / Reverse Side
hedaarttu,"Incidental, Casual"
hemmal,Haughtiness
hEtu,"Reason, Route, Motivation"
hoTi,Lap
hoDini,"Growth, Development"
hODaa hOT,"Scarcity, Insufficient"
hOr avni,Progress
hOntaya,"Needful, Requisite"
atto,"Now, Currently"
takshaNam,"Immediately, Instantly, In no time"
evEr,"Immediately, Instantly, In no time"
gheDim,"Immediately, Instantly, In no time, By the time"
phaLco,After
phallaatu,Then
phallo,Later
pharaatu,After
phaLcaatu,Later
tega phaLcaatu,Thereafter
hollaadu,"Next, Afterwards, Afterward"
tega hollaadu,After that
attengguDu,"Hereafter, From now on"
ataphara,After this
hoyettakar,After
oLTOk oLTOk,Now and then
thebbo,Then
thebbOsi,Only then
khobbo,When
khobbim,"Always, Usually"
lamburum,Always
sadaakalam,Always
konEveLa,"All the time, Any time"
tettevEL,From time to time
gobba thebba,"At anytime, Always"
khobbadi,"Occasionally, Sometime, Ever, Once a while"
mudullaam,"Earlier, Previously, Early times"
gheNTo,Time
gheDi,"Time, Moment, While"
oNTe gheDi,24 Minutes
ghaaT,"Hour, O' clock"
ghaam,"Hour, O' clock"
nimush,Minute
nimiT,Minute
ciDuk,Second
gheDitaLo,Clock / Watch
gheDiyaLo,Clock
haatu gheDiyaLo,"Wristwatch, Watch"
segun,Omen
ssubha,Auspicious
vEk,"Time, While"
vEL,"Time, While"
vELumiti,"Deadline, Time limit, Timeline"
irkaDu vEL,"Hard Times, Difficult times"
phaar,Time
phaaru,A period of 3 Hours
seNam,"Soon, quickly"
ssunaas,Early
avsar,Hurry
savgaas,"Leisure, Free, Rest, Delay"
savgaaskan,Slowly
avkaass,Opportunity
avkaas,Leave
avkaas dinnu,Holiday
thevDe vEL,Sometimes
vELaavELaak,"Timely, At regular intervals"
irOT,Untimely
vartamaanakaalu,Present Tense
bhootakaalu,Past Tense
bhavishyakaalu,Future Tense
"autakaalu, avto kaalu",Future Tense
"autakaal, avto kaal",Future
bhavishyam,Future
hadduraat,Midnight
soLo soLophaar,Early Morning
taLu,"Crown of Scalp, Top, Vetex"
dosko,Head
siras,Head
meduT,Brain
guduD,Brain
mendu,Brain
khEs,Hair
alko,Curly hair
siko,Ponytail / Mohawk
juTTi,"Ponytail, Mohawk, Tuft"
khopo,Bun Hairstyle
suNDul,Dandruff
veNi,Braid or Plait Hair
veNi gumpatte,Braiding Hair
jeDo,Decorated Braid / Plait
jhoDo,"Matted hair, Clotted Hair"
hujaalukhEs,Gray Hair
taLupoTTal,Bald
guNDu,"Tonsure, Round, Circular"
boDak,Tonsure
bhaanggu,Hair parting
tOn,Face
vadan,Face
kabaal,Forehead
poTTul,Temple
pauni,Eyebrow
papini,Eyebrow
hubbu / hoo,Eyebrow
bapili,"Pupil, Iris"
doLo,"Eye, Eyes"
doLaa aNDo,Eye ball
orodoLo,Squint Eye
dishTi,"Eye sight, Eye vision"
kisur,Evil eye
"saurini, savrini",Blur
misini,Eyelid
roppo,Eyelid
roppaa khEs,Eyelash
galpo,Cheek
gavlo,Cheek
gapulo,Cheek
gaalu,Cheek
keNDokeLeaa,"Chubby, Meaty"
kanasul,"Gill, Cheek"
kaan,Ear
naak,Nose
svaaso,Breath
tON,Mouth
sogi,Back of mouth
gaalu,Jaw
ceepu,Chin
hruDi,Gums
taLu,Hard palate of the mouth
jeep,Tongue
huTTo,Saliva
daat,Teeth
pakkalu daat,Molar teeth
geLo,Neck
maan,Back neck
bonjcu,"Scruff of his neck, Mane"
khaandu,Shoulders
reTTe,Shoulder
ghaDi,Throat
ghaDi seddu,Voice
bhedaaL,Clumsy
ghuTko,"Larynx, Pharynx, Trachea"
hOT,Lip
muskuLi,Philtrum
musin,"Moustache, Mustache"
musunggu,"Moustache, Mustache"
daaDi,Beard
sovram,Haircutting / Shaving
snaan,Bath
aanggu,Body
tanu,Body
ssareer,Body
nhaan,"Lean, Skinny, Thin"
dEhabhyaas,Exercise
aalasyo,"Sloth, Lazy, Laziness"
piLo dEttE,Pandiculation
jeev,Life
keNDo,"Skin, Muscle"
kerppaan,Skin itching
kaak,Armpit
haat,Hand
khovo,Elbow
khobo,Elbow
kOshTu,Forearm
kanggro,Wrist
taLohaat,Palm
peLLO,Crump or deep cut in Palm
phaaD,Crack
mooT,Fist
mooT bhOr,"Fistful, Palmful"
cooL,Hand scooping
anjjili,Praying hands
rEgo,Palm Line
anggiLi,Finger
hakuNDo,Thumb
tarjini,Index finger
mhaddi anggiLi,Middle Finger
muddi anggiLi,Ring Finger
kiLLanggiLi,Little Finger
goNDyaav,Hennah
bOT,Inch (Width of index finger)
veedu,Span (Distance between Tip of thumb to Tip of little finger)
haat,Cubit
dairo haat,Left hand
jaino haat,Right hand
nekku,Fingernail
gorucuTTu,Paronychia
neram,Vein
hEm,Chest
vaambu,Chest
guNDe,"Heart, Chest"
moLi,Knuckle
ciDukku,Knuckle cracking
kET,"Hip, Waist"
paaT,Back
pOT,"Belly, Stomach"
bhukko pOT,Empty stomach
kovso,Lungs
kaLajji,Liver
poLTo,Stomach
coraa khoLTi,Stomach
peyttu,Bile
peyttu pani,Bile Water
peyttu khoLTi,Gallbladder
teLji,Gallbladder
moodu khoLTi,Bladder
antro,Intestine
pOTphugi,Flatulence
jeerNu,Digestion
ajeerNu,Indigestion
bhombi,Naval
bojje,"Tummy, Belly"
laamdhri,"Tummy, Belly"
haDkaapolo,"Skeleton, Sketch"
maDi,Lap
angku,Lap
uuru,Thigh
paanji,Leg
paaynj,Leg
guDgo,Knee
ghooT ghallatte,Hugging Knees
jaangku,Ankle
ponggu,Hindfoot
palaTi,Heel
guDgyaal,Heel
palal,Foot
sOpaan,"Step, Footstep"
"pavul, paul","Feet, Step, Footstep"
pagul,"Feet, Step, Footstep"
pogul,"Feet, Step, Footstep"
taLapaaynj,Sole
loDkaatte,"Stumble, Loose foot"
gulugulaayng,"Tickling, Tickle"
rEsu,Scar
dhaashTi,Strength
"pOshaNo, pOshak","Nutrition, Nutrient"
pushTi,Nourishment
usur hinggilDiyo,Going down the wrong pipe
usur jaariyeaa,Going down the wrong pipe
poshshE,Common Cold
sOk,Thirsty
khovlo,Cough
bhonno phuTTe khovlo,Dry cough
sigirni,Sneeze
syikini,Sneeze
iski,Hiccups
degaar,"Burb, Belch"
ambaT dekaar,"Sulfur burp, Sour burp, Sour Belch"
dhoomu degaar,"Sulfur burp, Sour burp, Sour Belch"
dhombLaay,Yawn
jompeeLai,Yawn
kingkir,"Sugar hangover, Nausea"
ogari,Nausea
vamni,Vomit
duLkini,Spitting up
ghorgul,Snoring
haDko,Bone
kanggLo,Bone
regat,Blood
sego,Sweat
geji,Prickly heat
khajju,Sore
khaas,Itch
peep,Pus
soos,Swell
sujjini,Swelling
phubni,Bloat
geDDo,"Tumor, Nugget"
buruDo,Blister
ghombili,Bump
geNDu,Swelling
dheLim,Inflammation caused by mosquito and insect bites
vOL poDatte,The scar caused by the rash on the back
jellu,Drool
syini,Drool
civTo,"Eye rheum, Eye gound, Eye gunk, Sleep crust"
doovu,"Eye rheum, Eye gound, Eye gunk, Sleep crust"
pinjju,"Ear rheum, Ear wax"
meyin,"Ear rheum, Ear wax"
keeT,Stain on teeth
pholi,Pimple
phulaaphuli,"White Bumps, Skin Tags"
timur,Numbness
vaccam,"Handicap, Crippled"
inTkini,Sprain
hubbas,"Suffocation, Out of breath, Flounder"
hOnggu,Sleep
neenjju,Sleep
saini,Sleep
sovno,Dream
rhapno,"Consciousness, Reality"
doLaampani,Tears
manjjan bhurkO,Tooth Powder
manjjan gesi,Tooth paste
manjjan khaTTi,Tooth Brush
aanggu dhuvatte,Bathing
neddi keratte,Bathing
buDatte,Head bathing
nhavan ghallatte,Oil bathing
oNTkini,"Shiver, Tremble, Quiver"
kharuDo,Soap
ksharuDo,Soap
nuru,Foam
phOsu,Foam
phinu,Foam
poLso kuskatte,Tattoo
indriyam,Sense
jaDam,Senseless
tEku,Teak
leemu jhaaD,Neem Tree
neemu jhaaD,Neem Tree
pimpaL jhaaD,Peepal Tree
oDaa jhaaD,Banyan Tree
asOka jhaaDu,"Ashoka Tree, Saraca indica"
kaccambaa jhaaDu,Mango tree
toodu,Portia tree
ceesu jhaaD,Tamarind tree
candi jhaaD,"Silk Cotton tree, Kapok tree"
nalar jhaaD,Coconut tree
nareLu jhaaDu,Coconut tree
kELu jhaaD,Banana Tree
sevkaa jhaaD,Drumstick Tree
somi jhaaD,Jammi Tree
kaanu jhaaD,"Alexandrian Laurel Tree, Beautyleaf Tree"
beelu jhaaD,Bael Tree
sirkkaNu jhaaD,Sandalwood Tree
vENu jhaaD,Bamboo Tree
taaDi jhaaD,Palm Tree
taaLu jhaaDu,Palmyra tree
tunjju,Palmyra tree
khaslaa jhaaDu,Date palm tree
khasuLu,Date palm tree
sree taaLu jhaaD,Male palmyra tree
hintaaLu jhaaD,Talipot palm
bhuslaa jhaaD,Black or Mountain date palm
happaLu jhaaD,Arecanut tree
huppaLu jhaaD,Arecanut tree
jungke jhaaD,Aged tree
heeDu jiyE jhaaD,Dried up tree
bhaavano,"Emotion, Feeling, Attitude, Sentiment"
bhaavanodhere,Emotional
cittu,Mind
cijjitu,Conquering the mind
monnu,Mind
monnudhere,"Mental, Psycho"
bhittaru monnu,Conscience
nimmaL,Peace of mind
lEtan,Thinking
gavan,Thought
haTvan,"Memory, Remembrance, Thought"
havDan,"Memory, Remembrance, Thought"
havDaras,"Suppose, Think"
"saant, ssaanti","Peace, Calm, Serenity, Quiet"
Orp,Patience
allaTni,"Impatient, Jumpy, Restless"
tusni,"Joy, Pleasure, Happy, Delight, Happiness"
kushi,"Joy, Pleasure, Happy, Delight, Happiness"
santOs,"Joy, Pleasure, Happy, Delight, Happiness"
utsaah,"Jolly, Excitement, Exuberant"
sompu,"Joy, Pleasure, Happy, Delight, Happiness"
sondOsh,"Joy, Pleasure, Happy, Delight, Happiness"
sontu,"Happy, Pleasure, Exultation, Merriment"
sontOshkan,Happily
tushatte,Being happy
phulan,State of delight
phulas,"Ecstasy, Highly delighted, Heavenly"
"vEn sontOsh hoye, svargu dhere",Heavenly
sukham,Comfort
duhkhu poDatte,"Feeling sorry, Regret"
vicaar poDatte,"Feeling sorry, Regret"
vicaar,"Anxiety, Worry, Sad"
cinto,"Worry, Sad, Concern"
vekul,"Worry, Anxiety"
viyaakool,"Worry, Anxiety"
paritaap,Pity
passcaataap,"Repentance, Sympathy"
bhaar,"Pain, Suffering"
monnu bhaar,Stress
soot,"Longing, Nostalgic"
duvno,"Pain, Ache"
baado,"Pain, Suffering, Grief, Sorrow, Worry"
vEdano,"Pain, Suffering, Grief, Sorrow, Worry"
duk,"Grief, Mourning"
duku,"Grief, Mourning"
paaT,"Harassment, Difficulty, Situation"
raag,"Anger, Temper"
raag hoye,Angry
kupni,Anger
uggur,"Extreme anger, Ferocious"
matcha rhaal,"Hostility, Animosity, Anger"
vangkhaLLi,Angrily
surat,"Irate, Susceptiblity"
roos,Fake Anger
utjam,Tension
dhaak,"Fear, Awe, Afraid"
dhaakdheraL,"Fear, Awe, Afraid"
bhayabhakti,"Awe, Reverence"
bedurni,"Astonish, Stun, Surprise, Awe"
bhramo,Confusion
lumpLo,Confusion
lumpLo hoye,Confused
aasscaryam,Surprise
moNam,"Honour, Respect"
maan,"Honour, Respect"
apulmaan,"Self-respect, Prestige"
aumaan,"Insult, Disrespect, Dishonour"
hinam,"Shame, Humiliation"
laaj,"Shy, Shyness, Bashful"
lajjo,"Shy, Shyness, Bashful, Embarrass"
lajjini,"Shy, Shyness, Bashful, Embarrass"
konjcudo,"Shy, Shyness, Bashful"
prEv,"Love, Affection"
pirEv,Favorite
oppaya,Favorite
prEvhoye,"Dear, Darling, Sweetheart, Cutie"
praamO,"Love, Affection"
prEmo,"Love, Affection"
himat,Comfort
laalu,"Affection, Fondness, Compassionate love"
ishk,Love
muhni,Lust
laasu,Lust
layinjcini,Passion
muddu,Kiss
bucci,Kiss
tatvajno,Philosophy
kutoohalo,Interest
singgaar,Beautiful
ssinggaaru,Beautiful
bheLi singgyaar,"Awesome, Elegant, Exquisite, Finest, Grand, Magnificent"
andus,Beauty
aakarshak,"Charm, Attractive"
haso,"Laughter, Smile"
haasiyam,"Comedy, Humor"
roDni,Cry
aasto,"Desire, Longing"
aassa,"Desire, Longing"
loop,"Greed, Inordinate desire"
niraasso,Without desire
trupti,Satisfaction
ishNi,"Desire, Like, Wish"
ishTam,"Will, Like, Wish"
rosini,"Hate, Aversion, Hatred"
"rOs, rosatte","Hate, Hatred, Dislike"
dvEsh,"Hate, Hatred, Dislike"
oppaay,Like
oppaanaa,Dislike
oppaaras,"Liking it, Like it"
keshTam,Difficulty
keshTamhoye,Difficult
uddEss,Purpose
niko,Careful
ghoram,Focus
tumro,Attention
gaunjjini,"Caring, Care"
yukti,Idea
uuhano,Idea
mursu,Foresight
abipraayam,Opinion
Ekaantu,"Lone, Loneliness, Privacy"
vekuLo,"Lone, Solitude"
visivaashTo,Irritation
vevunjcini,Fuming
klissatte,"Irritating, Annoying"
huDunjji poDatte,bursting with irritation
visi poDatte,Burst with irritation
vissi nhaatto,Tirelessly
gOssi,Tirelessly
tindunaatto,Without frowning
sekkaanaa,Unbearable
sekkunaatta,Intolerable
prEraNo,Inspiration
panmanTkE,Hesitation
malcini,Hesitation
manOranjjan,Entertainment
dinnujani,Entertainment
garan,"Glory, Fame"
gaariru,Proudly in the world
gaari hOru,Proudly in the world
ajnjaan,Ignorance
daanti,"Controlling the senses, Self-restraint"
menigu dakshaN,Humanity
vastu,Material
vEnmOluyo,Precious
lOvu,Metal
dhaatu,Minerals
sorNu,Gold
hiraNya,Gold
kaanjcano,Gold
appuranjji,Pure gold
hiran,Pure gold
ruppo,Silver
kestul,Lead
kasteel,Bronze
kaso,Bronze
leet,Brass
tambe,Copper
tamburam,Copper
jelmin,Aluminium
tau,Tin
poTTo,Tin
tekaram,Tin
tegaT,Metal Plate
lhokaN,Iron
cilum,Rust
kundro,Porcelain
hapaaL,Glass
mukro,Glass
sisho,Bottle
gutti,Bottle
kaLjam,Paper
meeTu kaLjam,"Emery sheet, Sandpaper"
"pisni, muddaD",Plastic
bonggu,Bamboo
vaLTi,Bamboo stems
bonggupoTTo,Split Bamboo stick
bettem laiDo,"Baton, Wood log"
khuTo,Plywood
kaanto,Magnet
ghentyaav,"Sulphur, Brim stone, Brimstone"
khoLcyaa bhurko,Carbon
ssilaa khaTTi bhurko,Graphite
rugatte,(Lion) Roaring
uskatte,(Dog) Barking
mevkatte,(Cat) Meowing
kukatte,(Rooster) Crowing
mematte,(Goat) Bleating
bhomatte,"(Buffalo) Bellowing, Grunting, Snorting"
heshatte,"(Horse) Neighing, Whinning"
ghenggatte,(Ass) Braying
garatte,(Wolf) Yelling
hukatte,(Fox) Howling
khanatte,(Pig) Grunting
cinggatte,"(Monkey) Squealing, Whooping, Screeching, Screaming, Chatteingr, Howling"
kilubilaaT,"(Sparrow, Rat) Chirping, Squeaking"
hupatte,(Hen) Jumping
kosatte,(Cow) Goring
khuNTatte,(Lion) Grasping
veet,Street
mukku,Street Corner
sendu,"Lane, Alley"
avDo,Cross
vilaas,Address
ghEr,House
gheraavartu,Household matters
moolastaano,"Foundation, Base"
aDudaLo,"Foundation, Base"
aDughEr,Basement
ghErdaar,House property
bhavanam,Building
viddenu ghEr,Apartment
sentovasas,Colony
apulghEr,Home
ghommo,"Inside the house, In the house"
sejja,Neighbor
daar,"Threshold, Door step"
dhaTo,"Threshold, Doorway"
humbro,"Threshold, Doorway"
daarukavaaD,Gate
soDumunjjo,Sweeping the front yard
muggu,"Vintage Line, Kolam"
hoLTo,"Village style Veranda, Porch"
hollohoLTo,Upper Porch
dampuro,"Threshold, Position"
darumburo,Threshold
nelu,Threshold door
daarumiTTo,Doorstep
phaavu,Narrow passage between the entrance and the living room
akrophaavu,Narrow passage between the entrance and the living room
nevDo,"Corridor, Hallway"
bharaaDu nevDo,Veranda
khoTTo,Hall
kase,Room
humbhro,Room
tauram,Room
hovri,Room
nhennahovri,Small room
pujaahovri,Prayer room
handav tauram,Kitchen
jemariyo tauram,Dining room
snaanukhoTTo,Bathroom
ssayanukhoTTo,Bedroom
vasanukhoTTo,Livingroom
kaamira,Window
viDi,Window
viDikavaaT,Window panes
mhoDoviDi,French window
poshaan,"Corridor, Eave, Sidewalk"
aino,Courtyard
hoDaar,Courtyard
bhittarhoTaaru,Inner courtyard
malo,Toilet
toombo,"Gutter, Drainage"
rENis,"Gutter, Drainage"
jeLjaar,"Gutter, Drainage"
kavlo,"Sewage, Drainage, Canal"
bheet,Wall
bhitti,Foundation of wall
kavaaD,Door
kavaaDukheelu,Door latch
kavaaDu ghiNinggaaT,"Doorbell, Calling bell"
kheeL,"Door Lock, Latch"
beek,Lock
pooT,Lock
bikaat,Key
biyaat,Key
bee,Key
kilnaassErpaNi,Key bunch
ghErupoTLo,House Roof
ghovlo,"Dovecote, A Gable in the wall"
khabiri,Roof Tiles
khapuro,"Roof Tile, Shell"
umbro,Corner
umbraakhapuro,Corner Tiles
heepu,Floor
sauratte,"To spread, To coat"
poLTo,Roof
puLTo,Roof
siko,Hanging butter pot
uncobheetu,Ceiling
agasuTi,Roof glass
akaasviDi,Roof glass
nittokhaambu,Vertical Pillar
mukuT,"Ridge, Roof ridge, Crest"
savno,"Stairs, Staircase"
merkkaNi,"Stairs, Staircase"
vidde,Storey
huDo vidde,Terrace
vidde nevDo,Balcony
haatubheetu,Parapet
aLTo,"Loft, Attic"
keTTul,Cot
monjce,Cot
gavDi,Bed
sauti,Bed
jengkaLam,Bedsheet
boryo,Mat
cabo,Mat
teLkaT,Pillow
hubro,Pillow
cauno,(Pillow) Cover
oro,(Pillow) Cover
gauDi,"Mattress, Bolster pillow"
reTTu,Blanket
kambuLo,Wool Blanket
dhuLaadooLi,Cobweb
dhooLi,Cobweb
jejju,"Dust, Garbage, Trash, Waste"
olatte,"Leaking, Seeping"
oLen,Rain water gutter
ghErkaav,"Housewarming, House warming, Moving to a new house"
baDkE,Rent
kaav,Tenancy
gherkeri,"House owner, Landlord"
kaavkeri,Tenant
vaasu,Resident
cunneaa,Lime
cunneaa hanatte,Whitewash with Lime
viDge,Brick
viTkiN,Brick
heepuviDge,Floor Brick
laan,Garden
jeen,Garden
doraTTi,Fruit Picker
vaaDi,Fence
taTTi,Palm leaf fence
bhandini kaam,Construction work
heer,Well
ghiraaheeru,Deep Well
heerunako,"Well Ring, Well casing"
oro,"Well Ring, Well casing"
rheDo,Pulley of Well
padarkiLi,Multi-pointed hook
padaalkuDi,Multi-pointed hook
settar,"Inn, Choultry, Free resting place"
kuTi,"Hut, Cottage, Shed"
paruNDaa ghEr,Cottage house
phuDko,Dilapidated
ivatte,Reading
uclatte,Pulling
uNatte,"Immersing, Plunging"
onjcatte,"Cheating, Deceiving"
ovatte,Carrying the load
khanatte,Digging
kamplatte,"Shivering, Trembling, Quivering"
gilatte,"Swallowing, Gulping"
kunggatte,"Shrinking, Contracting"
kushatte,Ploughing
tangkatte,"Shrinking, Contracting"
taratte,Jumping
usulatte,Jumping
jinggatte,"Leap, Long jump"
tiratte,Swimming
tivulatte,"Saving, Protecting"
durlatte,"Losing, Getting defeat"
dhuvatte,Washing
dhunvatte,Shaking off
tuvatte,Grievance Redressing
telatte,Floating
dheratte,Catching
tomatte,Liking
thaukatte,Knocking
nudatte,Pushing
nuvatte,"Praising, Appreciating, Admiring"
phulatte,Blossoming
bhunjjatte,"Frying, Roasting"
pullatte,Floating
pusatte,Asking
pondulatte,"Suffering, Enduring"
pontulatte,Competing
mugulatte,"Searching, Seeking"
mudatte,"Rejoicing, Cheering"
yatulatte,Trying
lingkatte,"Beaching, Running aground, Sheltering"
luNTatte,Rolling over
loDatte,"Sweeping, Cleaning up trash"
vasatte,Living
vingkatte,Differing
vauratte,"Blowing, Fanning"
jigatte,"Winning, Conquering"
julatte,Shining
stuti kerattE,"Praising, Appreciating"
sramo khaLLatte,Working hard
saan dheratte,"Polishing, Sharpening"
singkulatte,"Doubting, Suspicion"
sinjjatte,Spraying
siTatte,Worshipping
silgulatte,"Praising, Appreciating"
somatte,Tolerating
sommatte,Forgiving
ssilgatte,"Praising, Appreciating"
hugDatte,Opening
tooLiko,(Painting) Brush
sommar hannav,"Advance, Advance payment, Down payment"
phaLcaa phOL,"Aftermath, Consequence"
thaam dE,Allow
anumati dE,Allow
sarvo ssaktimaan,Almighty
ghOshano kEr,Announce
ghOshano,Announcement
nigiLni,"Ascent, Rise"
arkyaar deni,Authorization
varji,Avoid
varjini,Avoidance
varjatte,Avoiding
kaLaNi,Awareness
janlini,Awareness
khudaa rokDo,Bail
bandi,"Ban, Prohibit"
krooro,"Barbaric, Brutal, Cruel, Wild"
drOh kEr,Betray
drOh keratte,Betrayal
doorsani,Binaculars
naagungkuppo,"Booger, Dried Mucus from nose"
lanjco,"Bribe, Pay-off, Kickback"
lOsuyantru,Camera
moraNu daNDo,"Capital punishment, Death penalty"
bhittar hinggaDni,Charge
serkka saa,Check
mukhya phovno,Chief guest
calcitrussaalo,Cinema Theater
paridhi,"Circumference, Periphery"
uccasthiti,"Climax, Culmination, Apex"
hollaa cokkaay,Coat
cerni,"Collection, Conjunction"
cerccini,"Collection, Connection, Annexture"
"kaavjani, kaavjani kEr","Colonize, Immigration, Immigrate"
saamaanyokan,"Commonly, Usually, Normally, Simply"
saantvano,"Consolation, Solace"
"lagini, desini","Contact, In touch"
arkyaar kerni,Controlling
movjini,"Count, Measurement"
handav peeTho,"Countertop, Worktop"
saujanyam,Courtesy
"haatukalaa, haatukalaa vastun",Craft
khanipenin,Cuisine
sahaavupolko,Dashboard
paribhaashit kEr,Define
varNano,Description
bOlcaal,Dialect
karmishTho,"Diligent, Perseverance"
karmishThokan,Diligently
parimaaN,Dimension
bharaaT dhaDDini,Discharge
paramaanando,Ecstasy
ssramo nhaatto,Effortless
cuTToor sthiti,"Environment, Surroundings"
"mOl tagini, mOl tagatte","Evaluation, Appraise"
oNToNTe vaaL,"Every time, Each Time, Each and Every Time"
asaadhaaraNam hoye,Exceptional
bharaaT kaLaaT,Express
tOnu bhaavano,Expression
pradarssano,"Fair, Exhibition"
sunduru paLo,Fleet
boNDinu jedo,Fleet
khELu praamo kEr,Flirt
khaTaa poLi,Fork
khobaTnhaatto,Frank
mitruppanhoye,Friendly
geDDo bhandaye,Frozen
gushTi gOshTu,Garage
ghoramkan saa,"Gaze, Gazing, Stare, Staring"
krutanjo,"Gratitude, Grateful"
karko povs,Hail
naayako,Hero
likkini khaaL,Hide and Seek
donggaru vasasthalo,Hill station
aadarsso,"Ideal, Perfect"
prabhaav,"Impact, Influence"
monnum poDaaT,Impress
prOtsano,Incentive
svatantro dinnu,Independence day
samstho,Institute
samsthaapano,"Institution, Organization"
abhiraksho,Insurance
veDee hoye,Interesting
"malli, cantiriko",Jasmine
nEto,Leader
nEtruppan,Leadership
sanjcito,Link
seddu guNNi,Loudspeaker
sukhaanuppan hoye,Luxurious
sukhaanuppan,Luxury
montur,Magic
motturunjjatteno,Magician
haatukerni,Manually
vipaNi kerni,Marketing
mushTi maithunam,Masturbate
maatro,"Measure, Quantity"
"paaraa, paadaressu","Mercury (Metal), Mercury Planet"
aNusani,Microsope
vilaap,"Moan, Wail, Lamentation"
monnusthiti,"Mood, Mindset"
svadEssi,Native
gaamkeri,Native
mooL dEss,"Native Country, Own Country"
paasso,Noose
maithunaanando,Orgasm
bhori luccaatte,Overflow
bhori dhamatte,Overflow
bobLi poLLo,Papaya
rokDo deni,"Payout, Payment"
hannav bhandini,"Payout, Payment"
ssikhar,"Peak, Summit"
nallikeri,Plumber
calnitadi,Practical
sommar soocano,Precaution
sammaan,"Prize, Reward"
pratiphOL,"Prize, Reward"
unjco kerni,Promote
samasto menkyaan,Public
daNDo,"Punishment, Penalty, Fine"
takshaNa pusini,Quiz
argho,Rate
phirivavratte,"Recycle, Reuse"
duhkhu tiraTni,Relief
apulraajya dinnu,Republic day
"javaap sanggunaar, javaapdaari",Responsible
phirisani,Review
caki menik,Robot
jatu,Rubber
tyaag,Sacrifice
svaarthi,Selfish
teevro,Serious
teevrokan,Seriously
teevrappan,Seriousness
vastun khaDatte,Shopping
taDi jaa,"Skip, Pass on"
kerunggaT,Solution
doLo ukkattisaa,"Spectacular, Eye-catching"
sanggini,Statement
door rhaa,Stay away
oNTTE boTTaam sive cokkaay cellaDam,Suit
ceDaav orgu,"Superior Class, Classy"
cuTToor sEtte,Surrounding
gEgur,Surrounding
akaassusani,Telescope
naTkamussaalo,"Theater, Theatre"
vilaapu geet,"Threnody, Lament"
spaTiko hoye,Transparent
balTi haan,Tumble
julaan,Twins
Ekam hoye,Unique
serkkahoye,"Valid, Exact, Right, Accurate"
mooLyo,"Value, Worth"
vattaa bhaNDaar,Vocabulary
ghaam poDni,Vulnerability
ghaam poDattiso,Vulnerable
aapadsoocano,"Warning, Caution"
monturu vidyo,Witchcraft
udyOk,Profession
udyOkkeri,Industrialist
bhiyaar,Business
bhiyaarsaar,Business
bhiyaarsaarkeri,Businessman
silmo,"Labor, Work"
ssramo,"Labor, Work"
aarjjano,"Labor, Work"
kaam,"Work, Job"
kaamhOr,"Busy, Occupied, On the job"
kartav,Duty
kare,Duty
kare,"Activity, Deed"
karneeku,"To action, To work"
padavi,"Post, Position"
karag,Busy
nanggunaar,Farmer
junnaar,Farmer
arkyaari,Officer
oydu,Doctor
granta karttaa,Author
gushunaar,Publisher
thaNaitu,Police
banroot,Police
rakshako,"Guard, Guardian, Warden, Protector"
vakkeel,Lawyer
purEtu,Priest
purOhito,Priest
nipuNeaa,"Expert, Master"
majoomdaar,Record Keeper
lipikaar,Record Clerk
lhekhkayt,Accountant
denikhaTni,"Dealings, Exchange"
lindu,"Dealings, Exchange"
lindunaar,Accountant
simbi,Tailor
sumpi,Tailor
citrakaar,"Painter, Artist"
gauni,Singing
gavnaar,Singer
gaveenu,Singer
kavi,Poet
nacini,Dance
vaujini,Playing musical instrument
handaitu,Cook
khaTTiko,Butcher
kotto,Mason
lauri,Mason
khumbaar,Potter
gollar,"Dairyman, Milkman"
gollar,Cowherd
gavru,Cowherd
gauLo,Cowherd
govLo,Cowherd
covratteno,Shepherd
Tangknaar,Stonemason
sonaaru,Goldsmith
kesaar,Goldsmith
khadi,Black Smith
vingkar,Weaver
hoDait,Carpenter
ghenggan,"Oil Merchant, Oil Trader"
paNait,"Dealer, Trader"
pulindu,"Merchant, Trader"
lindaitu,"Merchant, Trader"
radan,"Lender, Loaner"
rinaitu,Debtor
siguDo,Apprentice
geDe nasatteno,Folk dancer
buDubuDaan,Soothsayer / Pellet drummer
buTubuTuvaan,Soothsayer
kiraatu,"Hunter, Predator"
loobdu,"Hunter, Predator"
poraT,Laundry Man
poLTin,Laundry Woman
usunaar,Bleaching Man
vaiDE,Male Barber
vaiDin,Female Barber
coDDo,Male Thief
coDDi,Female Thief
cungguDo,Friend of the thief
sinnaLi,"Prostitute, Whore"
ssinaaLi,"Prostitute, Whore"
bhodirin,"Prostitute, Whore"
bheDe,"Coolie, Servant, Labour, Labor, Worker"
karaNiko,"Coolie, Servant, Labour, Labor, Worker"
hislo,"Coolie, Servant, Labour, Labor, Worker"
kaamkertto,"Coolie, Servant, Labour, Labor, Worker"
dari,"Servant maid, Maid, Female worker"
sahaavi,"Aide, Helper"
sarkaar,Government
kaaryasaalo,Office
rEm,Department
gaNyun,Respected person
agraasanam,Presidentship
saciv,Minister
amaatyo,Minister
mukhya,"Chief, Principal, Main, Major"
mantri,Minister
mukhyamantri,Chief minister
pradhaanmantri,Prime minister
karakaT,Spokesperson
kaaryadarisi,Secretary
bhimaan,Involvement
duT,"Income, Earnings"
duDu,Earning
duDatte,Earning
doDunjjini,"Income, Earnings"
uclaav,"Income, Earnings"
sramo,"Income, Difficulty"
kisti,Land tax
gampnaar,Tax collector
vasul kernaar,Collector
karaar,"Agreement, Deal"
ssarat,Condition
khaaL,"Game, Sports, Play"
khaLatteno,Player
kheLaaDu,Sportsman
giriDu,Sportsman
khELu pooynj,"Playground, Stadium"
poyal,Ground
pantu maidaan,Race course
pantu,"Competition, Contest, Race, Match"
dhamini giriDu,"Athlete, Sprinter, Runner"
dhamini pantu,Running race
unjco taratte,High jump
lambo taratte,Long jump
ssool visirni,Javelin throw
cekkur visirni,Discus throw
tirni pantu,Swimming Competion
mallayuddho,Wrestling
mushTiyuddho,Boxsing
ceNDu,Ball
paaynjceNDu,Football
haatuceNDu,Volleyball
puDkiceNDu,Basketball
puDkiceNDu maidaan,Basketball court
paaynjceNDu maidaan,Football court
phooluceNDu,Ball Badminton
pinjcheceNDu,Shuttlecock
moTToceNDu,Cricket
moTTo,Cricket Bat
moTToceNDu maidaan,Cricket Ground
bhooynjkhaTTi,Stump
caturanggo,Chess
caturanggo paTTo,Chess board
kristu paiDi,Bishop
ssippaay,Pawn
ghoDaa ssippaay,Knight
vakuNTo laiDo,Hockey
laiDoceNDu,Baseball
ceeDu khaaL,Card game
olaaceNDu,Tennis
mEjoceNDu,Table tennis
miTTini khaaL,Carrom
miTTini polko,Carrom Board
kalo kailo,Black coin
hujaal kailo,White coin
raNi kailo,"Red coin, Queen coin"
miTTi kailo,Striker
polkaa khoLTi,Carrom board pocket
hinno jhirkkini,Skating
keLi jhirkkini,Roller Skating
kabaDi,Kabadi
dhami dhami,Kho kho
paramapatam,Snakes and Ladders
caarpado,Ludo
phaaso,Dice
kovDo,Cowry Shell
dhana bhandini,Betting
paNo,Bet
soodu khaaL,Playing Cards
sasni,Adventure
jeyam,"Success, Victory, Win, Triump, Godspeed"
jeeg,"Success, Victory, Win, Triump, Godspeed"
jigni,"Success, Victory, Win, Triump, Godspeed"
jevunjjini,"Win, Winning, Conquer, Conquest"
jevunjcatte,"Win, Winning, Conquer, Conquest"
jevunjcatteno,Winner
oTni,"Failure , Defeat, Beat , Lost"
oDatte,"Lose, Defeated, Beat"
oDatteno,Loser
divvastaano,Runner up
haat sOT / soDuvo,Abandon
anusaraNo kEr / keruvo,Abide
"giraginjci, giraginjcuvo",Absorb
"jhur, jhuruvo",Absorb
dushprayOg kEr / keruvo,Abuse
"oppiLe, oppuLuvo","Accept, Confess"
senggo jaa / javo,Accompany
saadhyakeri dekkaaT / dekkaDuvo,Achieve
"meeL, miLuvo",Add
anusaraNo kEr / keruvo,Adhere
"desille, desulluvo",Adhere
serkka kEr / keruvo,Adjust
"cET, ceDuvo",Advance
"oppiLe, oppuLuvo","Agree, Confess"
"huttir, hutturuvo",Alight
"haLci, haLcuvo",Analyze
"laav, lavo",Apply
vinjnjaapaneaa kEr / keruvo,Apply
daavo kEr / keruvo,Argue
"sendi, senduvo",Arrange
pajentaya kaam kEr / keruvo,Arrange
avi cEr / ceruvo,Arrive
"maay, mago",Ask
"poos, pusuvo",Ask
"orgi, orguvo",Askew
beduraaT / beduraDuvo,Astonish
"devsi, devsuvo",Attach
"tircci, tirccuvo",Bargain
"uski, uskuvo",Bark
"rhaa, rhavo",Be
"haan, hanuvo","Beat, Attack"
"ssinggaar, ssinggaruvo",Beautify
"bheek maay, bheek mago",Beg
"jEn, jenuvo",Beget
harmpam kEr / keruvo,Begin
"calle, calluvo",Behave
"caltakerle, caltakerluvo",Behave
"nommi, nommuvo",Believe
vakuNTo kEr / keruvo,Bend
"livvi, livvuvo",Bend backwardly
"caav, cavo",Bite
cook sanggi / sangguvo,Blame
"miski, miskuvo",Blink
"phooli, phuluvo",Blossom
"phoov, phuvo",Blow
"tappaaT, tappaDuvo",Boil
"sijjhaaT, sijjaDuvo",Boil it
sivji / sivjuvo,Boil it
puTTo mhoDo kEr / keruvo,Bore
"ushil, ushuluvo",Bounce
"gumpi, gumpuvo",Braid
"mOT, moDuvo",Break
"phOD, phoDuvo","Break, Demolish, Perish"
suvaasam kEr / keruvo,Breathe
"aan, ano, anuvo",Bring
"lEt aan, lEt anuvo",Bring
"manjji, manjjuvo",Brush
"sovNTaaT, sovNDaDuvo",Buckle
"bhandi, bhanduvo",Build
"phuggi, phugguvo",Bulge
"dhikki, dhikkuvo",Bump
"jEL, jeLuvo",Burn
degaar dE / devo,Burp
huDunjji pOT / poDuvo,Burst with irritation
"visi pOT, visi poDuvo",Burst with irritation
"gaaT, gaDuvo",Bury
"khaaT, khaDuvo",Buy
"jeeli aav, jeeli avo",Bye-Bye
lhekko taay / tavo,"Calculate, Estimate"
"bOv, bovo","Call, Invite"
musai,"Can, Could"
raddu kEr / keruvo,Cancel
musunaa,"Cannot, Can not, Can't, Couldn't, Could not"
tevDi dE / devo,"Caress, Stroke gently"
"khalli jaa, khalli javo",Carry
pillaak bolle / bolluvo,Carry
"Tangki, Tangkuvo",Carve
"tEr, dheruvo",Catch
hipbi rhavaaT / rhavaDuvo,Cease
"maaT, maDuvo",Celebrate
"marcci, marccuvo","Change, Replace, Switch on"
"termi, termuvo",Chase
"eccaaT, eccaDuvo",Cheat
"comci, comcuvo",Chew
"coov, cuvo",Chew
"covunjci, covunjcuvo",Chew
"cekki, cekkuvo",Chop
"gusil, gusuluvo",Churn (curd)
"ghaaT, ghaDuvo",Churn (dhal)
suddham kEr / keruvo,Clean
"hinggi, hingguvo",Climb
"jhaay, jhavo",Close
"aTaaT, aTaDuvo",Coagulate
tosko orppi / orppuvo,Comb
"aav, avo",Come
harmpam kEr / keruvo,Commence
"jOv, jovo",Compare
soDi dhEr / dheruvo,Compromise
"yOg kEr, yOg keruvo",Concentrate
calto kEr / keruvo,Conduct
"jevunjci, jevunjcuvo",Conquer
"miLvi, miLvuvo",Consolidate
"seraaT, seraDuvo",Consume
vaTo dE / devo,Contribute
"aNci, aNcuvo",Control
"handi, handuvo",Cook
"nivaaT, nivaDuvo",Cool
"khovli, khovluvo",Cough
"movji, movjuvo","Count, Measure"
"jhaay, jhavo",Cover
"dhikki, dhikkuvo",Crash
ghoNangghoNaay khaaL / khaLuvo,Crawl
srushTi kEr / keruvo,Create
"dhaaro ghaal, dhaaro ghaluvo",Cremate
"langgi, langguvo",Cross over
"daaT, daDuvo",Cross over
"piski, piskuvo",Crush
"neski, neskuvo",Crush
"rOT, roDuvo",Cry
peeku ghaal / ghaluvo,Cultivate
"kaaT, kaDuvo",Cut
"naas, nasuvo",Dance
"eccaaT, eccaDuvo",Deceive
niskaNo kEr / keruvo,Decide
murugan taay / tavo,Decompose
dobbi thOv / thovo,Defer
"naas, nasuvo",Delete
aasto pOT / poDuvo,Desire
rOs / rosuvo,Despise
"naas, nasuvo","Destroy, Demolish, Perish"
"mOr, moruvo",Die
"khaan, khanuvo",Dig
"kovri, keaavruvo",Dig
"booT, buDuvo",Dip (Head)
"buvDi, buvDuvo",Dip
"colli, colluvo",Disperse
"loon, lunuvo",Dissipate
cevDi sOT / soDuvo,Dissuade
"nivri, nivruvo",Distribute equally
himsa kEr / keruvo,Disturb
"kEr, keruvo",Do
"maaT, maDuvo",Do
daan dE / devo,Donate
"mhovli, mhovluvo",Douse
"oTci, oTcuvo",Drain
"nitraaD, nitraDuvo",Drain water
"geer, giruvo",Draw
muggu taay / tavo,Draw Kolam
pani cendi / cenduvo,Draw water
"bijji, bijjuvo",Drench
"phille, philluvo",Dress
puTTo taay / tavo,Drill
"pE, pevo",Drink
"dovDi, dovDuvo",Drive
khaal taay / tavo,Drop
"sukkaaT, sukkaDuvo",Drop
hunggi dhooL / dhuLuvo,Drowse
"doDunjji, doDunjjuvo",Earn
"juDDi, juDDuvo",Earn
"khaa, khavo",Eat
"jEm, jemuvo",Eat
vistaarkan sanggi / sangguvo,Elaborate
harmbam kEr / keruvo,Embark
utsaah kEr / keruvo,"Encourage, Motivate"
"aakraminjci, aakraminjcuvo",Encroach
"pondi, ponduvo",Endure
"segunjcile, segunjculuvo",Endure
"sukkuLinjji, sukkuLinjjuvo",Enjoy
mhoDo kEr / keruvo,Enlarge
"toor, turuvo",Enter
"naas, nasuvo",Erase
"tovunjci, tovunjcuvo",Escape
"pradis, pradisuvo",Establish
"sthaapinjci, sthaapinjcuvo",Establish
"gaNinjci, gaNinjcuvo",Estimate
abhyaas kEr / keruvo,Exercise
"vedursaa, vedursavo",Expect
"ceDvi, ceDvo",Export
hinggaaDu kEr / keruvo,Export
lamba kEr / keruvo,Extend
"mhovli, mhovluvo",Extinguish
"pOD, poDuvo",Fall
"vavri, vavruvo",Fan
"bhandi, bhanduvo",Fasten
khavnam dE / devo,Feed
"khavaaT, kavaDuvo",Feed
"malle, malluvo",Fight
"bhorvi, bhoruvo",Fill
"bhovri, bhovruvo",Fill
"ruppi, ruppuvo",Fill
"oTci, oTcuvo",Filter
"vEL, veLuvo","Filter, Strain"
dekki dEr / dheruvo,"Find, Discover"
"musaaT, musaDuvo",Finish
serkka kEr / keruvo,Fix
"pool, puluvo",Float
"hooD, huDuvo",Fly
"ghiDille, ghiDulluvo",Fold
"monTci, monTcuvo",Fold
anusaraNo kEr / keruvo,Follow
havDan javaLLe / javaLLuvo,Forget
"visraDle, visraDluvo",Forget
"dhakkaaT, dhakkaDuvo","Frighten, Scare, Terrify, Horrify"
"bhunjji, bhunjjuvo",Fry
"induvi, induvo",Fry
"poLTi, poLTuvo",Fry
angkro phuTTi,Germinate
"khalle, khalluvo",Get
praapta kEr / keruvo,"Get, Acquire, Receive, Obtain"
"hooD, huDuvo",Get up
"dE, devo","Give, Pay"
"jhirkki, jhirkkuvo",Glide
cavi kuTko kEr / keruvo,Gnaw
"jaa, javo",Go
"kOs, kosuvo",Gore
"dhEr, dheruvo",Grab
anudaan kEr / keruvo,Grant
abhivaadan kEr / keruvo,Greet
namaskaar kEr / keruvo,Greet
vicaar pOT / poDuvo,Grieve
daat dekkaDi aas / asuvo,Grin
"lubbi, lubbuvo","Grind, Mill"
"vaaT, vaDuvo","Grind, Mill"
"loski, loskuvo",Grind (in mouth)
tevDi saa / savo,Grope
"hOT, hoDuvo",Grow
"hovDi, hovDuvo","Grow, Develop"
anumaan kEr / keruvo,Guess
dee vaTa kEr / keruvo,Halve
"haajjaal, haajjaluvo",Handle
"sovNTaaT, sovNDaDuvo",Hang
lomban sOT / soDuvo,Hang it
"lombi, lombuvo",Hang on
heen kEr / keruvo,Harm
peeku kaaT / kaDuvo,Harvest
"rOs, rosuvo",Hate
"nhavle, nhavluvo",Head bath
aiki / aikuvo,Hear
hunno kEr / keruvo,"Heat it, Toast it"
sahaav kEr / keruvo,Help
"malci, malcuvo",Hesitate
"likkaaT, likkaDuvo","Hide, Conceal"
"likkille, likkulluvo",Hide
baTkyaak khaaT / khaDuvo,Hire
"haan, hanuvo",Hit
unco hinggaaT / hinggaTuvo,Hoist
"dherlo, dherluvo",Hold
nhannago dhunggi / dhungguvo,Hop
"kabille, kabuluvo","Hug, Embrace"
"kaaN, kaNuvo",Hull
kiraat haan / hanuvo,Hunt
"allaaT, allaDuvo",Hurry
"jelaaT, jelaDuvo",Ignite
pET laav / lavo,Ignite
alakshyam kEr / keruvo,Ignore
divo bhovri / bhovruvo,Illuminate
udaaharaN dee ivar kEr / keruvo,Illustrate
kalpano kEr / keruvo,Imagine
sokan caal / caluvo,Imitate
pradaan kEr / keruvo,Impart
amlaat kEr / keruvo,Implement
hutraaDu kEr / keruvo,Import
"tivunjci, tivunjcuvo",Impose
dhyaan uTci / uTcuvo,"Impress, Attract"
bhiLLo kEr / keruvo,Improve
huDi thOv / thovo,Inaugurate
"kaLaaT, kaLaDuvo","Inform, Convey"
suvaasam kEr / keruvo,Inhale
novvo kEr / keruvo,Innovate
"turaaT, turaDuvo",Insert
nirbandham kEr / keruvo,Insist
parissOdhano kEr / keruvo,"Inspect, Explore"
staapitam kEr / keruvo,Install
apamaan kEr / keruvo,Insult
aDDam pOT / poDuvo,Interfere
seemo daDi toor / turuvo,Invade
"kheDi avaaT, kheDi avaDuvo",Irritate
"khavji, gajuvo",Itch
tuNTavatto kEr / keruvo,jabber
aapaddum hutraaT / hutraDuvo,jeopardize
khEl vatto kEr / keruvo,jest
"oNTki, oNTkuvo",jitter
"havli, havluvo",Joggle
"hulpi, hulpuvo",Joggle
"cEr, ceruvo",Join
"cercci, cerccuvo","Join, Annex, Connect"
haasyamuk sanggi / sangguvo,joke
"dhungki, dhungguvo",Jump
nyaav kEr / keruvo,Justify
logutto logutto thOv / thovo,Juxtapose
"thovle, thovluvo","Keep it, Have it"
"laat, laduvo",Kick
"apaharan kEr, keruvo",Kidnap
"maar, maruvo",Kill
"moraaT, moraDuvo",Kill
bucci dE / devo,Kiss
"kusir, kusuruvo",Knead
guDkyaal taay / tavo,Kneel
panggi bees / bisuvo,Kneel
"veen, vinuvo",Knit
"teTTi, teTTuvo",Knock
"kaLaLLe, kaLaLLuvo",Know
"aas, asuvo",Laugh
"ghaal, ghaluvo",Lay
"taay, tavo",Lay
kET lambo kEr / keruvo,Lay down
"geLaaT, geLaDuvo",Leak
"oLaaT, oLaDuvo",Leak
"orgi, orguvo",Lean
paskaT orgi / orguvo,Lean back
bharaaT onggi / ongguvo,Lean out
"sikki, sikkuvo",Learn
"nigiL, niguLuvo",Leave
sOT / soDuvo telle,Leave it
"sOT, soDuvo","Let go, Give up"
jaan sOT / soDuvo,Let it go
dhillo sOT / soTuvo,Let loose
sovDi sOT / soDuvo,Let loose
"caaT, caDuvo",Lick
coDDo vatto kEr / keruvo,Lie
"orgi, orguvo",Lie back
"ninjji, ninjjuvo",Lie down
paaT khaal taay / tavo,Lie down
"tukki, tukkuvo",Lift
"vaav, vavo",Lift up
pillaak bolle / bolluvo,Lift the baby
divo bhovri / bhovruvo,Light it
pirEv pOT / poDuvo,Like
"ayki, aykuvo",Listen
"gaunjci, gaunjcuvo",Listen
"jaaL, jaLuvo",Lit
"jeev, jivo",Live
"beek ghaal, beek ghaluvo",Lock
"saa, savo",Look
"ssaa, ssavo",Look
"OT, oDuvo",Lose out
piraamo pOT / poDuvo,Love
mhoDo kEr / keruvo,Magnify
sanidani kEr / keruvo,Maintain
uru kEr / keruvo,Make
"hovaaT, hovaDuvo",Make
nirvaah kEr / keruvo,Manage
"haajjaal, haajjaluvo",Manipulate
utpatti kEr / keruvo,Manufacture
"naas, nasuvo",Mar
nikku lagaaT / lagaDuvo,Mark
horaaT kerle / kerluvo,Marry
cuvri sOT / cuvri soDuvo,Massage
"jOv, jovo",Measure
"mOv, movo",Measure
"ponjci kEr, keruvo",Mediate
"dekki, dekkuvo",Meet
"meeL, miLuvo",Meet
"vijji, vijjuvo",Melt
mananam kEr / keruvo,"Memorize, Memorise"
oNTEs kEr / keruvo,Merge
"govnDaaT, govnDaDuvo",Mislay
thovdi havDan javaLLe / javaLLuvo,Mislay
dhernaatto sOT / soDuvo,Miss
"kavli, kavluvo",Mix
"lolpi, lolpuvo",Mix (excessively)
"kalvi, kalvuvo",Mix
"marcci, marccuvo",Modify
"halli, halluvo",Move
"ottaaT, ottaDuvo","Move, Move aside"
"otti, ottuvo","Move, Move away"
(coDDaak) dhEr / dheruvo,Nab
paaT kovri / kovruvo,Nag
ivar kEr / keruvo,Narrate
suntur peyno jaa / javo,Navigate
udaaseenam kEr / keruvo,Neglect
vattobOl kEr / keruvo,Negotiate
khuDi khaa / khavo,Nibble
"khooT, khuDuvo",Nip
"naavmEn, naavmenuvo",Nominate
saugnja hET / heDuvo,Note
"gavunjci, gavunjcuvo",Notice
"kaLaaT, kaLaDuvo","Notify, Convey"
pushTi kEr / keruvo,Nourish
"enDgi, enDguvo",Obey
gavunjci saa / savo,Observe
aDDam kEr / keruvo,Obstruct
"rooN, ruNuvo",Obstruct
praapta kEr / keruvo,Obtain
thaam bhovri / bhovruvo,Occupy
monnu keshTam kEr / keruvo,Offend
nivEdan kEr / keruvo,Offer
"soDDe, soDDuvo",Omit
"hooT, huDuvo",Open
calto kEr / keruvo,Operate
"vedurnjci, vedurnjcuvo",Oppose
aanjo dE / devo,Order
kaamdhaam kEr / keruvo,Organize
vEnkan kEr / keruvo,Overact
daDi aav / avo,Overcome
visiri haan / hanuvo,Overthrow
"onggaaT, onggaDuvo",Overturn
"ghindi, ghinduvo",Pack
vani laav / lavo,Paint
"uDgaaT, uDgaDuvo",Paralyze
vaahano oNTetET hibbi rhavaaT / rhavaDuvo,Park
"aTki, aTkuvo",Partly Close
"langgi, langguvo",Pass
"devsi, devsuvo",Paste
puTTaa vaaT saa / savo,Peek
"tonggisaa, tonggisavo",Peek
sOl / soluvo,Peel
"kuski, kuskuvo","Pierce, Insert"
"mindi, minduvo",Pierce
"cuNTi, cuNTuvo",Pinch
"thOv, thovo",Place
"gumpi, gumpuvo",Plait
"khaaL, khaLuvo",Play
"vavji, vavjuvo",Play
krupo kEr / keruvo,Please
sontOsh kEr / keruvo,Please
"jun, junuvo",Plough
"nanggi, nangguvo",Plough
"kiraT, kiraDuvo",Plough
"tOT, toDuvo","Pluck, Pick"
"ukki, ukkuvo","Pluck, Pick"
"uvvi, uvvuvo",Pluck
"ghaal, ghaluvo",Post
"taay, tavo",Post
"lucci, luccuvo",Pour
bhurko kEr / keruvo,"Powder, Crush"
"kaaN, kaNuvo","Powder, Crush"
dumaaD / dumaDuvo,Practice
"noov, nuvo","Praise, Greet, Compliment, Appreciate"
piraarthano kEr / keruvo,Pray
"avngki, avngkuvo",Press
"nimpi, nimpuvo",Print
"kabaaD, kabaDuvo",Protect
"prasur, prasuruvo",Publish
"uTci, uTcuvo",Pull
"khinjci, khinjcuvo",Pull
"doos, tusuvo",Pull out
"havLi, havLuvo",Pump
"uspi, uspuvo",Pump
"guddi, gutduvo",Punch
"dobbi, dobbuvo",Push
"ghaal, ghaluvo",Put
"taay, tavo",Put
khaal taay / tavo,Put down
pavDar laav / lavo,Put powder
"kheel taay, kheel tavo",Put the latch
"mOv, movo",Quantify
alaggo kEr / keruvo,Quarantine
jheDo malle / malluvo,Quarrel
"dobbi thOv, thovo",Quash
"ssamulle, ssamulluvo",Quench
"poos, pusuvo",Query
vekkili jaa / javo,Quest
pusini poos / pusuvo,Question
bisso kEr / keruvo,Quicken
soDDi jaa / javo,Quit
"oNTki, oNTkuvo",Quiver
"hingkaaT, hingkaDuvo",Raise
"miTTi, miTTuvo",Rap
"andi, anduvo",Reach
"jee cEr, jee ceruvo",Reach
"covdi, ceaavduvo",Read
"igi, iguvo",Read
"janle, janluvo","Realize, Realise"
gaay ceaavri / covruvo,Rear cattle
"havTan kEr, havTan keruvo",Recall
havDan thovle / thovluvo,Remember
"hET, heDuvo",Remove
"sovDi, sovDuvo",Remove
phiri termi / termuvo,Repel
javaap dE / devo,Reply
"kabaaT, kabaDuvo",Rescue
vasan kEr / keruvo,Reside
sseen ssamulle / ssamulluvo,"Rest, Relax"
"haLci, haLccuvo",Rinse
"pikkaaT, pikkaDuvo",Ripen
"cET, ceDuvo",Rise
"hooT, huDuvo",Rise
nigiL,Rise
"hiNDi, hiNDuvo",Roam
"bhunjji, bhunjjuvo",Roast
"dhooL, duLuvo",Roll
"guvni, guvnuvo",Roll
goLi kEr / keruvo,Roll it like a ball
cuTTu phiraaT / phiraDuvo,Rotate
goLo kEr / keruvo,Round
"gEs, gesuvo",Rub
"hool, huluvo",Rub
"mOs, mosuvo",Rub
"reguDi, reguDuvo",Rub hard
"dhaam, dhamuvo",Run
marmari / marmaruvo,Rustle
"cercci, cerccuvo",Save
"kabaaT, kabaDuvo",Save
"sanggi, sangguvo",Say
"ceduraaT, ceduraDuvo",Scatter
"gaaLTe, kaaLDuvo",Scold
"poski, poskuvo",Scorch
"orpi, orppuvo",Scrape
"boski, boskuvo",Scratch
"khavji, khavjuvo",Scratch
"muvri, muvruvo",Screw
"phivri, phivruvo",screw
gesikin dhoov / dhuvo,Scrub
"hukil, hukiluvo",Scrub
"hool, huluvo",Scrub
"vekki, vekkuvo",Search
"moog, muguvO",Search
"dekki, dekkuvo",See
"saa, savo",See
"lindi, linduvo",Sell
"vikki, vikkuvo",Sell
"dhaDDe, dhaDDuvo",Send
alaggo kEr / keruvo,Separate
"hovDi, hovDuvo",Serve
"tiraaT, tiraDuvo",Settle
"kaaT, kaDuvo",Sever
"kuTko kEr, keruvo",Sever
"seev, sivo",Sew
"havLi, havLuvo","Shake, Pump"
"hulpi, hulpuvo",Shake
"vilinjci, vilinjcuvo",Shake out
(juTTi dheri) ghummi / ghummuvo,Shake violently (by holding the tuft)
"phOD, phoDuvo","Shatter, Demolish, Perish"
"udgir, udgiruvo",Shine
"jool, juluvo",Shine
"oNTki, oNTkuvo",Shiver
hatte lagaaT / lagaDuvo,(give) Shock
"pedir, peduruvo",(be) Shocked
"vindi, vinduvo",Shoot
"laav, lavo",Shoot
"geeD, giDuvo",Shorten
bhaaT taay / tavo,Shout
"katti, kattuvo",Shout
recce taay / tavo,Shout
"dekkaaT, dekkaDuvo",Show
"jhaay, jhavo",Shut
heDDe aso aas / asuvo,Simper
"gaav, gavo",Sing
"jhoor, jhuruvo",Sip
"bees, bisuvo",Sit
cekki taay / tavo,Slash
"ceev, civo",Slash
"ninjji, ninjjuvo",Sleep
"jhirkki, jhirkkuvo",Slide
"jhirkki, jhirkkuvo",Slip
hani phOT / poDuvo,Smash
"laav, lavo",Smear
"savri, savruvo",Smear
hunggi saa / savo,Smell
"aas, asuvo",Smile
"tOT, toDuvo",Snatch
"ukki, ukkuvo",Snatch
"sigir, siguruvo",Sneeze
"bijjaaT, bijjaDuvo",Soak
buskiTTi rOT / roDuvo,Sob
"poLgi, poLguvo",Socialize
"aTaaT, aTaDuvo",Solidify
"tiraaT, tiraDuvo",Solve
peeku ghaal / ghaluvo,Sow
vatto kEr / keruvo,Speak
"saar, saruvo",Spend
"collaaT, collaDuvo",Spill
cuTTu phiraaT / phiraDuvo,Spin
"mOL, moLuvo",Spin
taak khaaT / khaDuvo,Spin
"thoov, thuvo",Spit
"duLki, duLkuvo",Spit up
"ceduraaT, ceduraDuvo",Splash
phaaD kEr / keruvo,Split
"vistarinjci, vistarinjcuvo",Spread
"cilinjci, cilinjcuvo",Sprinkle
"sinjci, sinjcuvo",Sprinkle
"theLci, theLcuvo",Sprinkle
soDumunjjo kEr / keruvo,Sprinkle the front yard
"tEs, tesuvo",Squash
"pivli, pivluvo",Squeeze
"peeL, piLuvo",Squeeze
"kuski, kuskuvo",Stab
caaku haal khoobi / khubuvo,Stab
"aTki, aTkuvo",Stack
hibbi rhaa / rhavo,Stand
"hooT, huDuvo",Stand
harmpam kEr / keruvo,Start
"maaT, maDuvo",Start
"nigiL, niguLuvo",Start
ulki pOT / poDuvo,Startle
vasan kEr / keruvo,Stay
"otti, ottuvo",Stay aside
otti hibbi rhaa,Stay away
"cOr, coruvo",Steal
"suvji, suvjuvo",Steam
"dEs, desuvo",Stick
"(vinjcu sokan) tonjci, tonjcuvo",Sting
"onggi, ongguvo",Stoop
hipbi rhavaaT / rhavaDuvo,"Stop, Prevent"
"nitraaT, nitraDuvo",Strain
gelo piski / piskuvo,Strangle
"andi, anduvo",Stretch out
tivunjci thOv / thovo,Stuff it
"beduraaT, beduraDuvo",Stun
"uDghaaT, uDgaDuvo",Subdue
"engi, enguvo",Submit
samarppit kEr / keruvo,Submit it
"jhoor, jhuruvo",Suck
keshTam pOT / poDuvo,Suffer
beduraaT / beduraDuvo,"Surprise, Amaze"
"niLcci, niLccuvo",Survive
"geel, giluvo",Swallow
"minggi, mingguvo",Swallow
kuppo vaar / varuvo,Sweep
vaar / varuvo,Sweep
"dhuNDi, dhuNDuvo",Swim
"teer, tiruvo",Swim
"eeto khaaL, eeto kaLuvo",Swim
"hindaal, hindaluvo",Swing
cuTTu phiraaT / phiraDuvo,Swirl
"hET, heDuvo","Take, Pick"
"khalle, khalluvo","Take, Pick"
"lejjaa, lejjavo",Take away
"gaunjcile, gaunjculuvo",Take care
vatteaa kEr / keruvo,Talk
"ssundi, ssunduvo",Tan
"miTTi, miTTuvo",Tap
"ruci saa, ruci savo",Taste
"sikkaaT, sikkaDuvo",Teach
"phaaD, phaDuvo",Tear
"mEn, menuvo",Tell
"sanggi, sangguvo",Tell
havDi saa / savo,Think
yOjano kEr / keruvo,Think
"pOm, pomuvo",Thread (a needle)
"vees, visuruvo",Throw
"bhandi, bhanduvo",Tie
"bigunjci, bigunjcuvo",Tighten
hOD kEr / keruvo,Tighten
Orppu kerle / kerluvo,Tolerate
"segunjcile, segunjculuvo",Tolerate
"dhEr, dheruvo",Touch
"dumaaT, dumaDuvo",Train
"ssikkaaT, ssikkaDuvo",Train
"teaakki, tokkuvo",Trample
upacaar kEr / keruvo,Treat
"ettan kEr, ettan keruvo",Try
"phivri, phivruvo",Turn
"pheer, phiruvo",Turn around
"mhovli, mhovluvo","Turn off, Switch off"
"mersi, mersuvo","Twinkle, Glitter"
"muvri, muvruvo",Twist
peeL ghaal / ghaluvo,Twist
"uuL, uLuvo",Twist
bharaaT avaaT / avaDuvo,Uncover
unnokeri gaNinjci / gaNinjcuvo,Underestimate
jani pOT / poDuvo,Undergo
ivar kerle / kerluvo,Understand
ivar poDaLLe / poDaLLuvo,Understand
khalli kEr / keruvo,Undertake
"sovDi, sovDuvo",Undress
"hooT, huDuvo",Unfold
dori sovDi sOT / soDuvo,Unleash
ghantro sovDi / sovDuvo,Unpack
"sovDi, sovDuvo",Untie
"sovDi, sovDuvo",Unwrap
novvo kEr / keruvo,Update
bhiLLo kEr / keruvo,Upgrade
aadaro dE / tevo,Uphold
ivar hinggaaT / hinggaDuvo,Upload
mooL sero ukki / ukkuvo,Uproot
"allaaT, allaDuvo",Urge
upayOg kEr / keruvo,Use
"upayugi, upayuguvo",Use
"vauri, vauvruvo",Use
upayOg kEr / keruvo,Utilize
veturnjsivi thOv / thovo,Vaccinate
serkko saa / savo,Validate
serkko saa / savo,Verify
"saa, savo",View
"daaT, daDuvo",Violate
"luNDi, luNDuvo",Violate
pravEss kEr / keruvo,Visit
vijayam kEr / keruvo,Visit
kalpano keri saa / savo,Visualize
ogari kEr / keruvo,Vomit
vamni kEr / keruvo,Vomit
"OTu taay, OTu tavo",Vote
"rhakki, rhakkuvo",Wait
"rhaa, rhavo",Wait
"nOs, nosuvo",Wait
"jaay, javo",Wake
"caal, caluvo",Walk
"hiNDi, hiNDuvo",Wander
ishTam pOT / poDuvo,Want
"dhoov, dhuvo",Wash
"manjji, manjjuvo",Wash
"mOs, mosuvo",Wash
"ghunjji, ghunjjuvo",Wash (Clothes)
"ningki, ningkuvo",Wash clothes
gavunjci saa / savo,Watch
"ghalle, ghalluvo",Wear
"phille, philluvo",Wear
"dijaaT, dijaDuvo,",Wear it away
"veen, vinuvo",Weave
"rOT, roDuvo",Weep
"bhaar taay, bhaar tavo",Weigh
jOg / joguvo,Weigh
"poLLipOT, poLLipoDuvo",Welter
ollo kEr / keruvo,Wet
"bivji, bivjuvo",Wet
"phanggiT, phanggiDuvo",Winnow
"pOs, posuvo",Wipe
aasto pOT / poDuvo,Wish
"paaynjpOT, paaynjpoDuvo",Worship
"phanggille, phanggulluvo",Wrap up
"muvri, muvruvo",Wring
"likki, likkuvo",Write
dhombLaay dE / devo,Yawn
soDi dhEr / dheruvo,Yield
upakaraNo,Apparatus
saadhano,"Device, Tool"
"aidu, aydu",Weapon
astram,Weapon
moor,Hammer
keel,Nail
dantini,"Pincer, Pliers"
nibro,"Pincer, Pliers"
bigro,Spanner
khanaTi,Crowbar
khantuTo,Crowbar
bhinti,Chisel
Tangku,Stone cutter chisel
hanaTi,Mallet
thaasu,Hand Planer
laavu,Sword
katko,Sickle
parssu,Axe
caki,"Machine, Mill"
nElu,Machine
nelum,Cotton Bale pressing machine
rheDo,Sewing Machine
maal,Pulley Belt
lungkDo,Scissors
lungkLo,Scissors
kettirikke,Scissors
sivi,Needle
dori ceNDu,Thread bundle
dapan sivi,Sack sewing needle
hallo,Plough
EDikOla,Plough
koobaro,Plough
nugo,Yoke (part of bullock cart)
bhastu,Bellows
caaTo,Whip
saanu,Grinding stone
hikmat,Trick
hubaav,"Cunning, Trick"
dhoorto,"Cunning, Trick"
aDaat,"Injustice, Atrocity"
timur,"Arrogance, Hauteur"
geruv,"Arrogance, Hauteur"
maujo,"Arrogance, Hauteur"
maujaD,"Arrogance, Hauteur"
hangkruti,"Haughtiness, Ego"
apul prabhaav,"Conceit, Vanity, Vainglory, Brag, Self-praise"
apul nuti,"Conceit, Vanity, Vainglory, Brag, Self-praise"
sangkaT,Disruption
utaaseenam,"Negligence, Indifference"
paraak,Not caring
sandEk,"Doubt, Suspicion"
sendEv,"Doubt, Suspicion"
telpi,"Mock, Tease"
keLcini,"Mock, Tease"
roopu keLcini,"Mock, Tease, Body shaming"
gaaL,"Scold, Reprimand, Blasphemy"
bOlgaaL,"Scold, Reprimand, Blasphemy"
heenavaak,"Slander, Blasphemy"
dhillohoye,"Despicable, Disgusting, Filthy"
khobaT,"Deceit, Deception, Cheating, Fraud"
kaNTu,"Deceit, Deception, Cheating, Fraud"
onclo,"Deceit, Deception, Cheating, Fraud"
vanjcano,"Deceit, Deception, Cheating, Fraud"
eccaDatte,"Deceit, Deception, Cheating, Fraud"
veer,"Malice, Hostility"
nishTul,Dispute
teguraal,"Dispute, Argue, Argument"
mallini,"Fight, Verbal fight"
ssatruppan,Enemity
kanasul bhunjjatte,Slap
vadhyo,Murder
hanimarni,Assassination
aatmavadhyo,Suicide
maratte,"Kill, Killing"
moraDatte,"Kill, Killing"
moraD,Rudeness
marmaratte,Murmuring
klisE,"Bored, Boredom"
haTam,"Fuss, Stubborn, Obstinacy"
dherNi,"Fuss, Stubborn, Obstinacy"
eersho,"Envy, Jealousy"
moccar,"Envy, Jealousy"
asooyo,"Envy, Jealousy"
poTjaaL,"Envy, Jealousy"
poTjaLi,Jealousy
hupLo,"Envy, Jealousy"
modam,Mania
himso,"Harm, Violence, Bother, Trouble, Nuisance"
uddam,"Trouble, Nuisance"
upadravo,"Trouble, Nuisance"
dukkaaT,Hurt
baado kEr,"Hurt, Torture"
mujun,Bad qualities
dinnu dekkaTNi,Calendar
soLophaar,"Morning, Dawn"
phaltivaar,"Morning, Dawn"
dhuvaar,Afternoon
dees,"Daytime, Daylight hours"
dislo,"Daytime, Daylight hours"
visandulo,Dusk
veeLTo,Evening
raat,Night
nislo,Night time
dinaangku,Date
dinnu,Day
dinnuvaar dinnu,Auspicious day
niccu,"Daily, Everyday"
viLukku,"Whole day, All day"
viLantu,Throughout the day
vaar,Week
vaaruvaar,Weekly
somaar,Monday
monggLaar,Tuesday
budhyavaar,Wednesday
bestaar,Thursday
ssukraar,Friday
ssenvyaar,Saturday
aitaar,Sunday
kaal,Yesterday
hindo,Today
sondo,Tomorrow
sondro,Tomorrow
poram,Day after tomorrow
teram,4th day from today
tetteram,5th day from today
tega tetteram,6th day from today
phuLLandi,Previous day
mullandi,Previous Day
dusurandi,Next day
phallandi,Another day
odi,One day
oNTedi,One day
oNTedim,Within a day
disin,Two or three
disindi,Two three days
carpaanjju,Four or five
carpaandi,Four or five days
paandi,Five days
paandim,Within five days
desti,"Ten days, 10th day"
viyaardi,"11 days, 11th day"
baardi,"12 days, 12th day"
tendus,On that day
mhaDo,Month
masarav,First day of the month
amaas,New Moon
puNNim,Full Moon
paDvo,Next day after Full/New Moon
pavDo,Next day after Full/New Moon
orsu,Year
orsutisu,Through out the year
orsu masarav,New Year
novvo orsu,New Year
gE,"Last, Previous, Past"
gEvaal,Last time
"envaal, ellevaal",This time
hollovaal,Next time
gEvorsu,Last Year
hollovorsu,Next Year
ghiraal,Planet
cendaam,Moon
gil,Moon
caandu,Moon
cendo hujaal,Moonlight
kiraN,"Ray, Ray of light"
bharaaTu niLaa kiraN,Ultraviolet rays
bhittaru lhovaa kiraN,Infrared rays
suritu kiraN,Sunlight
suritu hujaal,Sunlight
pariLi,Halo
udgiratte,Shining
leggunu,Ascendant
neTshatru,Star
nakshatru,Star
vooTu,Star
cukko,Star
phaarucukko,Polar star
ghiraaN,Eclipse
svaroop,"Nature, True Nature"
srushTi,Nature
niserg,Nature
bhookampo,Earthquake
akaassu genggo,"Galaxy, Milky Way"
vissvo,Universe
rOg,Disease
rOgkeri,Patient
aarOgyam,"Health, Hygiene"
sauryam,"Fine, Good, Well"
aanggu sauryam,Health
sauryam unno,"Ill health, Not well, Unwell"
sauryam nhaattak,"Sick, Ill, Not well, Unwell"
cikitso,Treatment
ayducikitso,"Surgery, Operation"
roopu cikitso,Plastic surgery
pathyam,"Diet, Diet Regimen"
hokat,"Medicine, Drug"
goLi,"Tablet, Pill"
duno,"Pain, Ache"
dukkani,"Pain, Ache"
dukno,"Pain, Ache"
duvuno,"Pain, Ache"
dunno,"Pain, Ache"
ushNu,Heat
uushTu,Burning Stomach
pOTdunno,Stomachache
pOT muraDani,Stomach upset
hagguno,"Diarrhoea, Loose motion"
mala bhandini,Constipation
kaan dunno,Ear pain
daat dunno,Toothache
daat ambulani,Tooth sensitivity
dosko dunno,Headache
kuNDen dunneaa,Heart attack
sekkaru rOg,Diabetes
regatu avngkini,"Blood pressure, BP, Bloodpressure"
guDgaan dunno,Knee pain
taap,Fever
aanggu hunno,Fever
hempini,"Wheezing, Panting, Asthma"
naaDi,Pulse
mhoDo rOg,Leprosy
"ubirmaamsu, karkarOg",Cancer
kshayam,"Decay, Destruction, Insufficient"
kshayarOg,Tuberculosis
phaNDorOg,Vitiligo
rekadu kshayam,Anaemia
daadu kshayam,Tooth decay
hOnggu nhinaa,"Insomnia, Inability to sleep"
bhookmarni,"Anorexia, Lack of appetite"
khOT,"Leprosy, Leper"
posuvaay,Stroke
deLko aanggu,Obesity
kamaal,Jaundice
ponnanggi,Mumps
ammo,Chickenpox
mhoDo ammo,Smallpox
teTTu,Rashes
kanjjo,Measles
mooso,"Faint, Unconscious"
moosal,"Faint, Unconscious"
pikuDo,"Fish Gill, Scales"
pingkuDo,"Fish Gill, Scales"
poos,Tail
pussiDi,Tail
soNTi,Trunk
dantu,"Tusk, Ivory"
gaayigOshTu,"Cow barn, Cowshed, Cattle shed"
gOshTu,Stable
bondo,Rat burrow
loDo,"Faecal matter of rat, Rat poop"
loDi,Goat-droppings
lOkar,Wool
loddi,Elephant Dung
sEn,Cow Dung
khari,Hoof
khuri,Hoof
khOru,Hoof
phanggiLa khOru,Closed hoof
naal,Horseshoe
vajradiDDu,"Glue, Gum"
keDsan,Leather
ssinggu,Horn
ssinggo,Horn
ssinggaDo,Horn
gorusingDo,Bull horn
gorukommu,Bull horn
damo,Snout rope
bheysudamo,Snout rope
coro,"Prey, Feed, Fodder"
vETa khaLatte,"Hunting, Predation"
lumatte,"Cud Chewing, Rumination"
paanu bhakshak,Herbivore
bhosulaa bhakshak,Carnivore
habbu bhakshak,Insectivore
sarva bhakshak,Omnivore
gaaygorun,"Cattle, Livestock"
kongku,Cow herd
mando,"Herd, Flock"
hEru,Saddle
pausul,Bridle
kagDo,Hump
uuDo,Udder
uudho,Udder
gonduru,Cow Urine
gorajjana,Calculus bovis
piculo,Trap
auLi,Termite Mound
jantunasini,Disinfectant
rettanu deyDaan,Gemstones
hiro,Diamond
vajjir,Diamond
lasaNyo,"Chrysoberyl, Cat's eye"
moti,Pearl
pomLo,Coral
gOmEdo,Garnet
lhovo rettan,Ruby (Red gem)
neel rettan,Sapphire (Blue gem)
panno,"Jade, Emerald (Green gem)"
pushkaraaj,Topaz (Yellow gem)
naito,Justice
naitaasabho,Court
khaalu naitaasabho,Lower Court
unjcaa naitaasabho,"High court, Highcourt"
sarvOcco,"Supreme, Apex"
sarvOcco naitaasabho,Supreme court
daNDo arkyaari,Magistrate
vakeel,Lawyer
niyam,"Law, Rule, Convention"
niyaav,"Just, Fair, Sentence, Judgement, Vedict"
daaveaa,"Argument, Debate, Case, Litigation"
poro,Crime
dOshi,Guilty
dOshipan,"Guilt, Crime, Offence"
"saakshidaar, siyetteno",Witness
saakshyam,Testimony
aadhaar,"Testimony, Base, Basis, Evidence, Proof"
nirNayo,"Verdict, Judgment, Settlement, Sentence"
jeevun,"Living being, Organism"
dootdeni jeevun,Mammal
bhuynjpani jeevun,Amphibian
sarapaTaNaar jeevun,Reptile
mrugo,Animal
mrugosaalo,Zoo
jantu,Creature
ssishTajantu,Polite animal
dushTajantu,Wicked animal
moogu,Animal
gaamu moogu,Domestic animal
raaNu moogu,Wild animal
saadhu moogu,Polite animal
uDutto,Squirrel
ciglo,Squirrel
hundir,Rat
ghoos,Bandicoot
cunjcu,Shrew
manjjiri,Cat
buskul,Male cat
suno,Dog
bheNDu,Goat
mheDi bheNDu,Sheep
sseli bheNDu,Goat
gaay,Cow
gO,Cow
goru,Bull
rrushabho,Bull
bheys,Buffalo
potulo,He buffalo
raaN bheys,"Bison, Wild buffalo"
dallaa goru,Uncastrated Bull
hallo goru,Ox
duDo,Calf
vaasaru,Calf
ghedaT,"Ass, Donkey"
ovan ghedaT,Mule
ghoDo,Horse
asvo,Horse
gidaaghoDo,Zebra
nakul,Mongoose
kundelu pillo,"Hare, Rabbit"
saso,"Hare, Rabbit"
dukkar,"Pig, Swine, Boar"
shalaag dukkar,"Porcupine, Hedgehog"
keeso,Monkey
vaanaro,Monkey
kOtO,Male Monkey
kOti,Female Monkey
poos nheette kees,Ape
ENu,Reindeer
hariN,Deer
hariNi,Female deer
kholo,"Fox, Jackal"
uko,Wolf
anggoosho,Weasel
nakulo,Weasel
udro,Otter
pani nakulo,Otter
aistu,Elephant
pani aistu,Hippopotamus
simho,Lion
simhu,Lion
pani simho,Sea lion
jalauyaagro,Sea lion
vaag,Tiger
citruvaag,Cheetah
bibaTyo,Leopard
haLDuno vaag,Jaguar
donggaru simho,Puma
bibaLya vaag,Panther
kaLo vaag,Black Panther
bheruNDo,Hyena
dhaakuranggo,Kangaroo
bhaalu,Bear
bhallo,Bear
velkeTTu,Bear
dhruvo bhallu,Polar Bear
ceenu bhallu,Giant Panda
kOlaa bhallu,Koala Bear
gaNDo,Rhinoceros
gaNDaa moogu,Rhinoceros
bholi,Camel
muyi,Camel
lOlpaDe,Camel
kaantaaru taaru (muyi),Desert ship (Camel)
ugli,"Sloth, Lemur, Slender loris"
godi,"Varanus, Monitor Lizard, Iguana"
guDval,"Varanus, Monitor Lizard, Iguana"
tONDo,Garden Lizard
saraL,Garden Lizard
saraTo,Chameleon
samsali,Skink
paalo,Lizard
mhaLi,Fish
paningkailo,Fish
timinggilam,Whale
kirvil,Crab
beskaLi,Frog
bharkaLi,Frog
beskaLisisu,Tadpole
bhELi,Toad
kishLo,Snail
tambalcippO,Tortoise
kasvo,"Turtle, Tortoise"
kaspo,"Turtle, Tortoise"
nakru,Crocodile
saap,Snake
namsaapu,Cobra
donggaru saap,"Boa, Python, Anaconda"
girpannaag,"Boa, Python, Anaconda"
gaTsusaap,"Boa, Python, Anaconda"
ne La ne Laa tte,"Crawling, Slithering"
kaylokesur,Vegetables
phOT,Vegetables
agastir,"Okra, Lady finger, Lady's finger"
aNDokOs,Cabbage
ambaT bhajji,"Sorrel Leaves, Sour Spinach"
ambulo,Gooseberry
ambuno,Star gooseberry
allo,Ginger
avsaa bhajji,Hummingbird Tree Leaves
asturu,"Okra, Lady finger, Lady's finger"
aalu,Sweet Potato
uskailo,Turkey Berry
omaapaan,Ajwain Leaf
onno,Broad beans
gavuru,Carrot
kaccikeLo,Green plantain
kaccekennu,Field Bean
kaccemirkkailo,Green Chilli
kaDmel,Veld grape
kaTkal,"Emptier grain, Husk"
kando,Shallot
kapini bhajji,Black Nightshade
karku,Coconut shell
kallo,Bitter gourd
kavni bhajji,Black Nightshade
kannukailo,Field Bean
gaajar,Carrot
guNDujikraa paan,Coriander
gulbuLLo,Sweet Potato
geDDaa suran,Yam
kenarlu minjci,Kaffir Lime
kerpaav,Curry Leaf
keLanggu,Tuber
kELupaan,Banana Leaf
kELuphool,Banana Blossom
khovLo,Green Pumpkin
goggurkoLLaa paan,Oregano
koDu veeT,Bitter citron
komburaa bhajji,Amaranth Greens
kombuLo,Tender
koLunjji,Kaffir Lime
cippo,Coconut Shell
daraL bhajji,Malabar Spinach
dhuLbuLLo,Potato
tuDaa paan,"Jimsonweeds, Datura leaf"
dhoompaan,Tobacco
dheguLo,Amaranthus viridis
dhetuDaa paan,"Jimsonweeds, Datura leaf"
dheylaa bhajji,Chinese Spinach
dETu,"Stem, Stalk"
thoLci,Basil / Tulsi
doNko,Ridge Gourd
dollo,Yellow-fruit nightshade
toTme,"Stem, Chilli Stalk"
toNme,"Stem, Chilli Stalk"
toLLo,Ivy gourd
tonmo,"Stem, Chilli Stalk"
nagalpaan,Betal Leaf
naraLu cippo,Coconut shell
nalar,Coconut
naayppaan,Betal leaf
nerguDu paan,Chaste Tree
bhajji,"Greens, Spinach"
panggara paan,Indian Coral
pan doNko,Sponge Gourd
paslaa bhajji,Malabar Spinach
paalak bhajji,Palak Spinach
paanugObi,Cabbage
buDungkailo,"budungkailo, budunkailo"
budno,Mint leaf
buLLo,Tuber
bhundili,Yellow-fruit nightshade
bhurkko bhajji,Tropical Amaranth
phoolugObi,Cauliflower
belaa bhajji,Purslane
bheNDukailo,"Okra, Lady finger, Lady's finger"
bhaikailo,Drumstick
phormOD,Pumpkin
phonnisukailo,Jackfruit seed
bonde,Plantain Stem
boblo,Bottle gourd
poTgulo,Snake Gourd
poskaay,Yellow Pumpkin
bhauLo,"Bottle gourd, Zucchini"
magaapaan,False daisy
maskailo,Oak Galls
mhoDo kando,Onion
mhoDoveeT,Wild Lemon
mitti bhajji,Fenugreek Leaves
mirkkailo,Chilli
mummushTi paan,Solanum
muLco,Radish
muLo,Radish
munusti paan,Mukia Maderaspatana
meDguLo,Premna serratifolia
moLkaa bhajji,Amaranthus viridis
moLko,Sprout
raslo,Vegetables
lhovo kailo,Tomato
lhovo mirkkailo,Red Chilli
limbu,Lemon
losan,Garlic
vanggi,Egg Plant
vadunaabhajji,Mint
vaLko,Cucumber
vannosenggu,Broad Beans
veeT,Citron
jinnavrE,Cluster Bean
suran,Yam
sekkaru buLLo,Sweet Potato
sekke,Bagasse
sevgaabhajji,Drumstick Leaf
sevaakkailo,Drumstick
sEmbu,Colocasia
sorNu bhajji,Dwarf copper leaf
hundirukkaanu bhajji,Water Shamrock
caal,"Behavior, Conduct, Manners, Etiquette"
caalcalan,"Behavior, Conduct, Manners, Etiquette"
lOkcaal,"Good Manners, Conduct"
namaskaar,"Hi, Hello"
abhivaadano,"Welcome, Welcoming, Reception"
dhanyavaat,"Thanks, Thank you"
dhannu,"Thanks, Thank you"
mindin mellatte,"Saying ""Thanks"", Thank you"
keerti,Fame
yasso,Fame
nantini,"Greeting, Congrats"
nandinun,"Wishes, Greetings"
nandinun,"Congrats, Congratulations"
aasin,Congratulations
nuti,Pride
deevano,Blessing
bhalaa,Good luck
phaltiphaar namaskaar,Good morning
soLaphaar namaskaar,Good morning
dhuvaar namaskaar,Good afternoon
veeL namaskaar,Good evening
raat namaskaar,Good night
subha raat,Good night
kshamo,"Apology, Forgiveness"
savan,"Apology, Forgiveness"
maap keruvO,"Sorry, Excuse, Pardon, Forgive"
maap maay,Apologize
hagur,Impatient
acaar,"Discipline, Conduct"
nampro,Discipline
bhavyur,"Modesty, Humility"
namro,"Modesty, Humility"
camatkaar,"Modesty, Humility"
nami,"Submissively, Modesty"
namrato,"Humble, Modesty, Humility, Submissive"
kharaal,"Strict, Stringency"
vinjnjaapano,"Request, Advertisement"
praarthano,Request
upakaar,Help
upahaar,Help
menle,"Plead, Consider"
menlatte,"Pleading, To consider"
dayo,"Compassion, Kindness, Mercy, Sympathy"
dayaaLuppan,"Compassion, Kindness, Mercy, Sympathy"
daakshan,"Compassion, Kindness, Mercy, Sympathy"
dakshaN,"Compassion, Kindness, Mercy, Sympathy"
preeti,"Love, Kindness"
kengku,Grace
morgyaat,"Respect, Courtesy"
maryaado,"Respect, Courtesy"
upacaar,"Courtesy, Treatment"
nangku,"Honesty, Sincerity"
nangkattisaa,"Honest, Sincere"
dherum,"Charity, Dharma, Righteousness, Honesty, Sincerity"
bhavyam,"Polite, Dignity, Decency"
"bhavyam hoye, bhavyamkan","Politeful, Dignified, Decent"
segunjjuno,Endure
ahimso,Non violent
mey,So
haay,"Yes, Yeah, Yup"
vEy,"Okey, Okay"
vego,"Okey, Okay"
svabhaavu,"Natural, Temperament, Natural character"
chaaLi,Natural qualities
saarun,"Good qualities, Good deeds"
ruspo,Behaving reasonably
settu,Truth
settu vatto,Real talk
rhatta vatto,Real talk
niboos,Real talk
boTTo,"Cloth, Dress"
saushNi,"Cloth, Dress"
lukDo,"Cloth, Dress"
phEl,Fabric
naal,"Fibre, Cord"
taak,Strand
valkal,Fabrics made from Lotus fibre
kailo,Cotton fabrics
taath,"Thread, Yarn"
vET,Dhoti
kashTo,Traditional way of wearing Dhoti
anggavastro,"Towel, Upper cloth of men"
cellaDam,"Pant, Trouser"
celvo,Laundry
cokkaay,Shirt
pittaan,Button
ssElu,Sweater
kambalu cokkaay,Sweater
saulo,Saree
navmo,Saree worn by widow
kutco,Pleats in Saree
kausulo,Silk Saree
nhansulo,Half Saree
kauso,Silk
kovso,Silk
pasuT,Silk
pashut,Silk
keNDo,Lace
junna pasuT,Pure Silk
ssaalvo,Shawl
ssaadu,Muffler
shaal,Shawl
raanggav,Shawl
geju,Yard
podar,Saree Border
rhundi,Breadth
covLi,Blouse
govNam,Inner Skirt
naaDo,Strap
kashTiboTTo,Loin Cloth
kuTko,Part of Saree
phaTko,Rip
etnam,"Utensil, Cooking Vessel"
yenam,"Utensil, Cooking Vessel"
dese,Pot
bhonno,Big Pot
kegar,Rim of Pot
khovDi,"Cooking Utensil, Bowel"
thovLo,Eating Bowel
pinggaNi,Bowl
gaiDi,Small Pot
gagiTi,Small pot
tElu gagiDi,Small oil pot
sirkkaNu khumbo,Sandalwood paste bowl
peysutovli,Starch water vessel
pEsu khovDi,Starch water vessel
navno,Water Pot
koDum,Water Pot
haNTeaa,Handa
pani haNDo,Water storing handa
kaanu haNDo,Water handa with ring
haNDi,Frying Pan
phonni haNDi,Seasoning Pan
thammaaNDi,Bowl
daalu haNDi,Clay pot
dhiDaa haNDi,Griddle
hurpi,Spatula
dhiDaa haat,Spatula
khurpi,Iron Spatula
phalaaru haNDo,Idli Cooker
havko,Ladle
puTTalu havko,Sieve Ladle
jaarni,Sieve Ladle
poLi,Spoon
polo,Scoop
phoLo,Fry Laddle
paler,Baby feeding spoon
bOni,"Tumbler, Cup"
pelo,"Tumbler, Cup"
uugu,Plate
thaLo,Plate
kasaathaLo,Bronze Plate
teTTo,Plate
ponggalu teTTo,Pongal Plate
jhainaa teTTo,"Halwa Plate, Side dish plate"
jhaki,"Cover plate, Lid"
saraav,"Cover plate, Lid"
harvee,"Cover plate, Lid"
puTTalu teTTo,Colander
puTTalu khovDi,Colander
caalni,Sieve
jellaT,Sieve
piDubOni,Kitchenware
tambe,Water Pitcher
soNTi tambe,Water pot with spout
munghkraapeTi,Spice box
oTcatteyo,"Filter, Strainer"
booT,Bottom
bhunto,"Burnt food, Burnt pan"
viLi,Traditional vegetable cutter
ghoDaa polko,Small Bench
caat,Culinary Rod
caaku,Knife
khaTTikaa caaku,Butcher's knife
daaN,Handle
iTki,Kitchen Tong
"dhavro, dhauro",Temple
gopur,Tower
dEv,God
ammo,Goddess
aiyaa dhauro,Shiva Temple
ammaa dhauro,Meenakshi Temple
manme dhauro,Mariamman Temple
avtaar,"Avatar, Incarnation"
keeshTu,Lord Krishna
keeshNu,Lord Krishna
trisani,Lord Shiva
eespuru,Lord Shiva
birammo,Lord Bramma
haLkesaam,"Alagarswamy, Perumal"
haLkedhauro,Alagar Temple
cinnamale,Thiruppankundram
"vishNu, mahaavishNu","Lord Vishnu, Great Vishnu"
"lakshmi, mahaalakshmi",Goddess Lakshmi
paarvati,Goddess Parvathi
bhaarati,Goddess Saraswathi
vinaay,Lord Ganesh
vinaay,Celebration of arrival of Lord Ganesh from Kailash Parvath
"mannen, murukan",Lord Murugan
kerppaN,Guardian Deity
indru,"Indra, King of Gods"
hanmantu,"Hanuman, Anjaneya"
dEvataan,Demigod
darssano,Darshan
mOksham,Salvation
daivalOku,World of the Gods
svargu,"Heaven, Paradise"
hinal,Hell
kratu,"Yajna, Yagya"
ijyo,"Yajna, Yagya"
hOm,Sacrifice
bali,"Gift, Victim, Hierophant, Sacrifice"
arpaNo,"Dedication, Commitment"
tarpaNo keratte,Satisfying
vEdun,Vedas
adhyayano,Reading Vedas
ssaastar,Sastra
nishThaa,Dharma rules
pavitram,"Holy, Sacred, Solemn"
teertu,"Sacred water, Holy water"
buNNi,Holy bathing
ssuddhi,Cleansing
puni,"Purifying, Sanctification"
punnu,"Pious, Blessings, Dharma"
paap,Sin
paataku,Sin
bhaktuDu,Devotee
montru,Mantras
namaskeratte,"Prostration, Bow down"
paaynjpoDatte,"Worshipping, Praying"
vandatte,"Worshipping, Praying"
japnaar,One who chants Mantra
putaLo,"Statue, Idol"
moorti,"Statue, Idol"
piraarthano,Prayer
korkkel,Vow of offerings
panDa panDaal,Rolling of devotees on the ground to fulfill virat
acaar,Etiquette
ogat,Fasting
nOm,Fasting
upavaas,Fasting
udantu,Fasting
dhyaan,Meditation
nishTo,Meditation
tabas,Penance
topas,Penance
munnaar,One who keep the vow of silence
ghiNinggaaT,Om Bell
genangkghaaT,Om Bell
sambraani khaTTi,Incense stick
somburaani,Benzoin
sambraani,Benzoin
attimbur,Camphor
attipoor,Camphor
hosni,"Firepan, Fire-pot"
divo,Lamp
dhuvatti,Multi wick oil lamp
leetudivo,Brass lamp
divaataLo,Prayer / Oil Lamp
thandili divo,Standing brass lamp
vaat,Oil lamp wick
divaavaatu,Oil lamp wick
divaapeTi,Match box
vistevupeTi,Match box
divaakhaTTi,Match stick
paynjto,Hindu Prostration
bigit,Sacred Ash
kunggum,Vermilion
cuccum,Vermillon
sirkkaN,Sandalwood
naam,Trident Mark on the Forehead
naamukeDDo,White Clay Chalk
naamupuTki,Trident Box
sende,Salutation to Time of Junction
dorbo,Holy Grass
pujo,Act of worship
ottulatte,Touching softly
maalo,Garland
damar phool,Lotus
rettu,Car
karo,Offertory
ssulOk,"Verse, Hymns"
karkkel,Karthikai Star
mhoDo karkkel,Grand Karthikai Festival
kattibuttil,"Thiruvannamalai Deepam, Palm frond burning"
tinnaaL,Festival
"utsav, vaibhav",Festival
samskaar,Ritual
ammaa puDki,A devotional palm leaf basket containing divine ingredients like saffron and turmeric
jayanti,"Birthday, Birth day"
keeshTu jayanti,Birthday of Lord Krishna
gOkulaashTami,Birthday of Lord Krishna
raama navami,Birthday of Lord Rama
hanmantu jayanti,Birthday of Lord Hanuman
rajo,King
raNi,Queen
nhanrajo,Prince
nhanraNi,Princess
samraaT,Emperor
mukuT,"Crown, Crest"
kiriTo,"Crown, Crest"
rajaa paLo,King's Troop
"rauL, ravuL","Palace, Castle"
durugu,"Fort, Fortress"
mahaaprataap,Majestic
kOsu,Treasure trove
khEyi,Agarwood
caat,"Axle, Axis"
dhanu,Bow
dhanush,Bow
baaN,Arrow
baNo,Arrow
peel,Arrow
bhEri,War drum
nuddu,"Soldier, Warrior"
paLo,"Army, Troop, Military, Force"
rettu,Charriot
patti,"Pedestrian, Infantry man, Foot soldier"
pattipaLo,Infantry
sEni,Commander
khalin,Bridle
poggu,Rein
raaj,Regime
raajadhaani,Capital
"raajji, sarkkaar",Government
apulraaj,"Autonomy, Republic"
saukatte,"Governance, Ruling"
"pauro, pavro","Citizen, Subjects"
govatte,Protecting
rakshaNo,Protection
karo,"Offertory, Tribute, Tax"
samari,"Fly whisk, Chawar"
asvakratu,A horse sacrifice ritual to prove the imperial sovereignty of a King
jigattako,"To win, To conquer"
jhadaD,War
raN,War
peyno,Journey
yaatro,Pilgrimage
vaaT saarvo,Long journey
"prayaaN, yaatro",Travel
pijatte,Traveling
savaari,Ride
vaaDu peyno,Travel snacks
"paantu, yaatri",Traveler
paryaTan,"Tour, Excursion"
paryaTo,Tourist
langgi jaatte,To cross
peynaapeTi,Suitcase
peynaa jamaan,"Luggage, Baggage"
moLTi,Bundle
moLTo,Bundle
ghantro,Bundle
bhandini,"Packing, Parcel, Package"
vaaT,"Path, Track, Way"
vaaTdekkaTni,Signpost
vaaTsaraav,"Pavement, Pathway"
resto,Road
lhokaNu resto,Rail
uuboNDi vaaT,"Railways, Railway track"
resto vaaT,Roadways
mahaaresto,Highways
vaayumaargo,Airways
gushTi,Cart
sakaDam,Cart
boNDi,"Vehicle, Car"
dee cekkur boNDi,Bicycle
panjcalo,Bicycle
yantru panjcalo,"Motor cycle, Bike"
doskaa traaNeaa,Helmet
tyedhamini,Auto
tyedhamini boNDi,Automatic vehicle
mhoDo boNDi,Bus
boNDi sthalo,"Bus Stand, Bus Station"
vaahano,Van
cislaa boNDi,"Lorry, Truck, Wagon"
"mOlu boNDi, baTke boNTi","Taxi, Cab, Rented vehicle"
vijulaa boNDi,Electric Car
uuboNDi,Train
toran gushTi,Train
uuboNDi sthalo,Railway Station
pulni,"Coracle, Catamaran, Raft"
vatte,Boat
nauko,Boat
naukaat,"Oar, Paddle"
koopo,Sailboat
koppal,Ship
taaru,Ship
huDaan,"Flight, Aeroplane, Airplane"
vimaano,"Flight, Aeroplane, Airplane"
huDaanu sthalo,Airport
caat,Axis
cekkur,Wheel
ceeTiko,Ticket
tare,"Fee, Charges, Payment"
caacci,Travel charge
turito,"Quickly, Fast"
apaghaat,Accident
"poNDi dovDattenu, dovDunaar, calta kernaar","Chauffeur, Driver"
seesori,"Safely, Watchful"
door,"Far, Distance"
dudoor,"Long, Distant, Long distance"
deyDo (door),Mile
mail,Mile
janiavni,"Transport, Traffic"
ostu,Relation
sondam,Kinship
bandhu,"Kin, Relative"
baandhavu,"Kin, Relative"
uuku,"Kin, Relative"
sovro,"Kin, Relative"
tadi,Relationship
ambO,"Mother, Mom, Mummy"
bO,"Father, Dad, Daddy"
maay,"Mother, Mom, Mummy"
baap,"Father, Dad, Daddy"
maaybaap,Parents
jenitteno,Birth mother
jenaattenu,Parents
amblo,Husband
dallo,Husband
bail,Wife
beyl,Wife
daaraa,Wife
ghEraLi,Housewife
saraavaLi,"Husband or Wife, Spouse, Life partner, Companian"
sovet,"Co wife, Concubine"
beDo,Son
poro,Son
vatlo,Son
sunu,Son
beDi,Daughter
pheylaT,Eldest sibiling
mhoDotenu,Elder sibiling
mhajhaalyo,Middle sibiling
nhannatenu,Younger sibiling
santOji,Co-born
"daa, dadaa","Bro, Brother"
dado,Elder Brother
bhavi,"Sister-in-law, Elder Brothers wife"
nhan bhay,Younger brother
bhay,Younger brother
bhojai,"Sister-in-law, Younger brother's wife"
bey,Elder Sister
bhavo,"Brother-in-law, Elder Sister's husband"
nhan bheyn,Younger sister
bheyn,Younger Sister
bheynambuleaa,"Brother-in-law, Younger Sister's husband"
nhannabO,"Uncle, Father's Younger Brother"
nhannambO,"Aunty, Father's Younger Brother's wife"
kakaa,"Uncle, Father's Younger Brother"
kaki,"Aunty, Father's Younger Brother's wife"
mhoTTabO,"Uncle, Father's Elder Brother"
mhoTTambO,"Aunty, Father's Elder Brother's wife"
phooynj,"Aunt, Aunty, Father's sister"
phuvo (phooynj ambulo),Father's sister' husband
mameaa,"Uncle, Mother's brother"
mami,"Uncle, Mother's brother' wife"
mauso,"Uncle, Mother's Sister's husband"
mausi,"Aunty, Mother's Sister"
nhannabaa beDo,Cousin
nhannabaa beDi,Cousin
mhoTTabaa beDo,Cousin
mhoTTabaa beDi,Cousin
phooynj beTeaa,Cousin
phooynj beDi,Cousin
mamaa beTeaa,Cousin
mamaa beDi,Cousin
mausi beTeaa,Cousin
mausi beDi,Cousin
devar,"Brother-in-law, Husband's younger brother"
tevraNi,"Co-Sister, Husband's younger brother's wife"
jET,"Brother-in-law, Husband's elder brother"
jheDani,"Co-Sister, Husband's elder brother's wife"
saLo,"Brother-in-law, Wife's brother"
saLi,"Sister-in-law, Wife's sister"
sorguT,"Co-Brother, Wife's sister's husband"
neyndu,"Sister-in-law, Husband's younger sister"
nenantu,"Sister-in-law, Husband's younger sister"
jeThani,"Sister-in-law, Husband's elder sister"
dovrO,Old man
dovri,Old woman
ainu,Grandmaternal
aingghEr,Grandmother's house
ajjaangghEr,Grandmother house
mhoTTo ajjaangghEr,Mother's grandmother house
doyrabO,Grandfather (Paternal)
doyrambO,Grandmother (Paternal)
ajjabO,Grandfather (Maternal)
ajjambO,Grandmother (Maternal)
ajjo,Grandfather (Maternal)
ajji,Grandmother (Maternal)
aingghErambO,"Grandmother, Grandma"
aingghErbO,"Grandfather, Grandad"
ammo,"Grandmother, Grandma"
aiyyo,"Grandfather, Grandad"
vesindin,Parent-in-law
sasu,Mother-in-law
sosurO,Father-in-Law
jomai,Son-in-law
bhovNDi,Daughter-in-law
natte,Grand Son
natini,Grand Daughter
ponnatte,Grand Grand Son
ponnatini,Grand Grand Daughter
parivaar,Family
samsaaru,Family
dampati,"Husband and Wife, Couple"
posuno,Adoption
diyadi,"Cousin, Cognate"
sejjepojje,Neighbour
jaat,Caste
gOtru,Origin / Lineage Name
"kulo, jaat",Race
thOr,Generation
paramparo,"Heritage, Legacy"
"vanggus, vamsso",Ancestry
vamssiko,"Hereditary, Genetic"
vamssikaaNu,Gene
vamssikaasti,"Inheritance, Legacy"
vaaris,Heir
lagan desan,Allowing to get closer
aNDunu,Ovules
cooLunaaLu,Ovule stalk
jeevaNu,Pollen
paraagaNo,Pollination
pindo,Tender fruit
kombLo,Tender leaf
kaylO,Unripe
kacce,Green or Unripe
pikke,Ripe
poLLo,Fruit
tovDo,Peel
ellir,Tender Coconut
kaunal,Green tender coconut
saunal,Mature tender coconut
nareL,Coconut
keLo,"Banana, Ripe Plantain"
kaccambo,Mango
poLLaambo,Ripe Mango
besamu,Fleshy part of the fruit
keet,Slice of a fruit
phonnisu poLLo,Jackfruit
kichchir,Orange
diraakshe,Grape
dakku,Grape
seetalpoLLo,"Custard Apple, Sugar-apple"
dhanim poLLo,Pomegranate
daLim poLLo,Pomegranate
daNingkailo,Unripe Pomegranate
chikko,"Sapodilla, Chikoo fruit"
ghiraasu poLLo,Pineapple
jhaaDu poLLo,Pineapple
lhovo poLLo,Apple
koyyaapoLLo,Guaua
imbLo,Guaua
piyari poLLo,Pear
bhOru poLLo,"Jujube, Red date"
jembu poLLo,Blackberry
limusu poLLo,Madras Thorn
limbu poLLO,Lemon
kovuTTu poLLo,Wood-apple
sumpuDu poLLo,"Assyrian plum, Cordia myxa"
khOjaa,Watermelon
umbLo,Fig
"um, umbano",Fig
bheesu,Black dates
peccam poLLo,"Date fruit, Dates"
"khasulaa poLLo, khaslo","Date fruit, Dates"
khees,"Date fruit, Dates"
ghees,"Date fruit, Dates"
khajjur,"Date fruit, Dates"
tungka,"Tender Palmyra fruit, Ice apple"
tumphal,Palmyra fruit
taaDi keLangku,Palmyra tuber
taaDi buLLo,Palmyra tuber
