source,target
ꢂꢒꢬꢵꢡꢶ,அகரமுதலி / அகராதி
ꢥꢶꢒꢠ꣄ꢜꢸ,அகரமுதலி / அகராதி
ꢒꣂꢰ꣄,அகரமுதலி / அகராதி
ꢂꢤ꣄ꢫꢵꢫ꣄,அத்தியாயம்
ꢮꢶꢣꢿꢯꢸ ꢩꢵꢰꣁ,அயல்மொழி
ꢬꢵꢙꢥꢷꢡꢶ,அரசியல்
ꢬꢵꢙꢥꢷꢡꢶ ꢱꢵꢱ꣄ꢡ꣄ꢬꢸ,அரசியலியல்
ꢬꢵꢙꢥꢷꢡꢶ ꢛꢵꢥ꣄,அரசியலியல்
ꢒꢵꢬ꣄ꢫꢵꢭꢫꣁ,அலுவலகம்
ꢱꢣꢸꢰ꣄ꢜꢪ꣄,அறிகுறி
ꢱꢾꢔꢸꢠ,அறிகுறி
꣄ ꢱꢹꢱꢥꣁ,அறிகுறி
ꢮꢶꢔ꣄ꢛꢵꢥ꣄,அறிவியல்
ꢮꢣ꣄ꢣꢶ,ஆசிரியர்
ꢏꢣ꣄ꢣꢶ,ஆசிரியர்
ꢏꢬ꣄ꢱꢸꢦꢬꢶꢰꢾ,ஆண்டுத் தேர்வு
ꢮꢵꢬ꣄ꢯꢶꢒ ꢦꢬꢶꢒ꣄ꢰꣁ,ஆண்டுத் தேர்வு
ꢏꢬ꣄ꢱꢸꢮꣀꢩꢮ꣄,ஆண்டு விழா
ꢱꢪ꣄ꢱꣂꢤꢥꣁ,ஆய்வு
ꢱꢪ꣄ꢱꣂꢤꢥꢱꢵꢭꣁ,ஆய்வுக் கூடம்
ꢱꢪ꣄ꢱꣂꢤꢥꢵꢦꣁꢡꢶ,ஆய்வுநூல்
ꢱꢪ꣄ꢱꣂꢤꢥꢵ,ஆய்வு மாணவர்
ꢮ꣄ꢫꢒ꣄ꢡꢶꢩꢵꢮ꣄,ஆளுமை
ꢱ꣄ꢮꢩꢵꢮ꣄,ஆளுமை
ꢱꢪꢡ꣄ꢡꢸ,ஆற்றல்/ திறன்
ꢥꢶꢦꢸꢠꢡ꣄ꢮꣁ,ஆற்றல்/ திறன்
ꢱꢖ꣄ꢒꢷꢡ ꢒꢠ꣄ꢱꢵꢭꣁ,இசைக்கல்லூரி
ꢦ꣄ꢬꢒꢺꢡꢶ,இயற்கை
ꢮ꣄ꢫꢵꢒꢬꢠꣁ,இலக்கணம்
ꢱꢵꢲꢶꢡ꣄ꢫꣁ,இலக்கியம்
ꢔ꣄ꢣ꣄ꢫꣁ,உரைநடை
ꢱꢪ꣄ꢩꢵꢰꢠꣁ,உரையாடல்
ꢭꢶꢓ꣄꣄ꢭꣁ,எழுதுகோல்
ꢡꢬꢾ,கட்டணம்
ꢮ꣄ꢫꢵꢱꣁ,கட்டுரை
ꢭꢾꢓꢸ,கடிதம்
ꢭꢴꢾꢓꣁ,கணக்கு
ꢲꢷꢱꢸ,கணக்கு
ꢔꢠꢶꢶꢡ꣄,கணிதம்
ꢓꢾꢥꢶ,கதை
ꢓꢾꢡꣁ,கதை
ꢂꢩꢶꢦ꣄ꢬꢵꢫꢸ ꢱꢣꢱ꣄,கருத்தரங்கு
ꢒꢭꢵ ꢱꢵꢭꣁ,கல்லூரி
ꢅꢔꢸ ꢮꢶꢣ꣄ꢫꣁ ꢗꢾꢣꢸꢮ꣄,கல்வி
ꢒꢮꢶ,கவி / கவிஞன்
ꢒꢮꢶꢡꣁ,கவிதை
ꢄꢔꢞꢱ꣄ꢡꢿ,கற்பித்தல்
ꢗꢾꢮ꣄ꢣꢶꢥꢶ,கற்றல்
ꢱꢶꢒ꣄ꢒꢶꢥꢶ,கற்றல்
ꢒꢳ꣄꣄ꢙꢪ꣄,காகிதம்
ꢒꢵꢮ꣄ꢫꣁ,காப்பியம் / காவியம்
ꢱꢹꢗꢥꣁ,குறிப்பு
ꢱꢹꢗꢥꢵꢦꣁꢡꢶ,குறிப்பேடு
ꢎꢒꢶ ꢭꢶꢓꢶꢥꢶ,கேட்டெழுதுதல்
ꢦꢸꢱ꣄ꢥꢶ,கேள்வி
ꢦꢸꢱꢵꢮ꣄,கேள்வி
ꢲꢵꢡꢰꢬ꣄,கையெழுத்து / கையொப்பம்
ꢲꢵꢡꢸꢦꣁꢡꢶ,கையேடு
ꢥꢷꢡꢶꢥꢶꢫꢪꣁ,கொள்கை
ꢱꢶꢣ꣄ꢤꢵꢥ꣄ꢡꢸ,கோட்பாடு
ꢗꢶꢡ꣄ꢬꢸ,சித்திரம்
ꢭꣂꢱꢸ,சித்திரம்
ꢗꢶꢡ꣄ꢡꢬ꣄,சித்திரம்
ꢫꣂꢗꢥꣁ,சிந்தனை
ꢥꢥ꣄ꢓꢾꢥꢶ,சிறுகதை
ꢭꣀꢒꢵꢱꢸꢒꢳ꣄ꢙꢾꢪ꣄,செய்தித்தாள்
ꢱꢪꢵꢗꢵꢬꢸꢦꢡ꣄ꢬꣁ,செய்தித்தாள்
ꢔꢮ꣄ꢥꣁ,செய்யுள்
ꢦꢣ꣄ꢫꢪ꣄,செய்யுள்
ꢱ꣄ꢭꣂꢒ꣄,செய்யுள்
ꢮꢡ꣄ꢡꣁ,சொல்
ꢒꣁꢰ꣄,சொற்களஞ்சியம்
ꢱꢨ꣄ꢣ ꢩꢠ꣄ꢞꢵꢬ꣄,சொற்களஞ்சியம்
ꢱꣁꢤꢥꣁ,சோதனை
ꢦꢬꢷꢒ꣄ꢰꣁ,சோதனை
ꢪꢥ꣄ꢡꢸ,தவறு
ꢗꢹꢒ꣄,தவறு
ꢒꢸꢠ꣄ꢜꢸ,தவறு
ꢪꢵꢫ꣄ ꢩꢵꢰꣁ,தாய்மொழி
ꢪꢵꢡ꣄ꢬꢸꢩꢵꢰꣁ,தாய்மொழி
ꢒꢭ꣄ꢙꢾꢪ꣄,தாள்
ꢥꣀꢦꢸꢠ꣄ꢫ,திறன்
ꢮꢶꢪꢬ꣄ꢱꢥꣁ,திறனாய்வு
ꢔꢸꢠꢣꣂꢰ ꢮꢶꢗꢵꢬ꣄,திறனாய்வு
ꢮꢶꢩꢵꢔ꣄,துறை
ꢦꢬꢷꢰꢾ,தேர்வு
ꢦꢬꢷꢰꢵ ꢢꢵꢪ꣄,தேர்வுமையம்
ꢃꢬꢪ꣄ꢩ ꢲꢸꢬꢶ,தொடக்கப்பள்ளி
ꢮꢡ꣄ꢡꢵ ꢡꣁꢬꢠ꣄,தொடரன்
ꢗꢵꢭ꣄ꢗꢭꢥ꣄,நடத்தை
ꢗꢭ꣄ꢥꢶ,நடத்தை
ꢥꢜꢥꣁ,நடனம்
ꢥꢵꢗꢸ,நாடகம்
ꢭꣁꢒ꣄ꢓꢾꢥꢶ,நாடோடிக் கதை
ꢭꣂꢒ꣄ꢔꢷꢡ꣄,நாடோடிப் பாடல்
ꢣꢿꢱꢶꢔꢷꢡ꣄,நாடோடிப் பாடல்
ꢦꣁꢡꢶ,நூல்
ꢦꢸꢱ꣄ꢡꢮ꣄,நூல்
ꢦꢸꢱ꣄ꢡꢶꢒꣁ,நூல்
ꢦꣁꢡꢶꢔ꣄ꢕꢿꢬ꣄,நூலகம்
ꢩꢠ꣄ꢞꢵꢬꢸꢕꢿꢬ꣄,நூலகம்
ꢮꢬ꣄ꢠꢪꢵꢭꣁ,நெடுங்கணக்கு
ꢭꢒ꣄ꢰ꣄꣄ꢫꣁ,நோக்கம்
ꢤ꣄ꢫꢾꢫꢸ,நோக்கம்
ꢦꣁꢒ꣄,பக்கம்
ꢦꢸꢜꣁ,பக்கம்
ꢱ꣄ꢥꢵꢡꢒꣁ,பட்டதாரி
ꢆꢦꢵꢤꢶ,பட்டம்
ꢗ꣄qꢡꢸꢮ꣄ ꢒꣁꢜ꣄ꢜꣁ ꢮꢵꢗꢒꢱꢵꢭꣁ,படிப்பகம் /நூலகம்
ꢗꢾꢣꢸꢮ꣄,படிப்பு
ꢅꢔ꣄,படிப்பு
ꢧꢬꢪ꣄,படிவம்
ꢬꢱꢶꢥꢶ,படைப்பு
ꢱꢛ꣄ꢗꢶꢒꣁ,பத்திரிகை
ꢙꢾꢮꢵꢦ꣄,பதில்
ꢂꢩ꣄ꢫꢵꢱ꣄,பயில்தல்
ꢙꢿꢪ꣄,பரிசு
ꢦꢵꢬꢶꢡꣂꢱꢶꢒꣁ,பரிசு
ꢦꢬꢶꢱꣁꢤꢥꣁ,பரிசோதனை
ꢦꢬ꣄ꢒ꣄ꢰꣁ,பரிட்சை
ꢱꢬ꣄ꢮꢒꢭꢵꢱꢵꢭꣁ,பல்கலைக் கழகம்
ꢲꢸꢬꢶ,பள்ளி / பள்ளிக்கூடம்
ꢙꢸꢥ꣄ꢥꢮꢵꢗꢸ,பழமொழி
ꢦ꣄ꢬꢵꢮꢵꢗꢸ,பழமொழி
ꢔꢷꢡ꣄,பாட்டு
ꢦꢵꢝꢮꢶꢮꢬꢠꣁ,பாடத்திட்டம்
ꢦꢵꢝꢦꢸꢱ꣄ꢡꢮ꣄,பாடப்புத்தகம்
ꢦꢵꢝ꣄,பாடம்
ꢦꣁꢬꣁ,பிழை
ꢪꢥ꣄ꢡꢸ,பிழை
ꢭꢵꢪ꣄ꢓꢾꢥꢶ,புதினம்
ꢥꣁꢮ꣄ꢮꢒꢮꢶꢡꣁ,புதுக்கவிதை
ꢦꢸꢬꢵꢠꣁ,புராணம்
ꢪꢴꢵ ꢏꢣ꣄ꢣꢶ,பேராசிரியர்
ꢭꢶꢒ꣄ꢭꣁ,பேனா
ꢮꢶꢰꢫꢸ,பொருள்
ꢫꢥ꣄ꢡ꣄ꢬꢸꢮꢶꢣ꣄ꢫꣁ,பொறியியல்
ꢫꢥ꣄ꢡ꣄ꢬꢸ ꢮꢶꢔ꣄ꢛꢵꢥ꣄,பொறியியல்
ꢦꣁꢥ꣄ꢡꢶ,போட்டி
ꢱ꣄ꢦꢬ꣄ꢤꣁ,போட்டி
ꢏꢫ꣄ꢣꢦꢥ꣄,மருத்துவம்
ꢲꣁꢔꢡ꣄,மருந்து
ꢥꢴꢸꢬꢸꢥꢸ ꢲꢸꢬꢶ,மழலைப்பள்ளி
ꢮꢶꢣ꣄ꢫꢵꢬ꣄ꢡꢶ,மாணவன்
ꢮꢶꢣ꣄ꢫꢵꢬ꣄ꢡ꣄ꢡꢶꢥꢶ,மாணவி
ꢧꣀꢭꢮꢬ꣄ꢔꢸ,முதல் வகுப்பு
ꢦ꣄ꢬꢤꢵꢥꣁꢣ꣄ꢣꢶ,முதல்வர்
ꢧꣀꢭꢯ꣄꣄ꢬꢿꢥꢶ,முதலிடம்
ꢪꣀ,மை
ꢩꢵꢰꣁ,மொழி
ꢩꢵꢰꢵ ꢬꢷꢡꢶ,மொழிநடை
ꢩꢵꢰꢵ ꢪꢬ꣄ꢗꢶꢥꢶ,மொழிபெயர்ப்பு
ꢂꢥꢸꢮꢵꢣ꣄,மொழிபெயர்ப்பு
ꢩꢵꢱꢵꢥ꣄ꢡꢬ꣄,மொழிபெயர்ப்பு
ꢡꢬ꣄ꢙꢪꣁ,மொழிபெயர்ப்பு
ꢩꢵꢰꢵꢮꢶꢔ꣄ꢛꢵꢥ꣄,மொழியியல்
ꢮꢬ꣄ꢒꢸ,வகுப்பு
ꢗꢬꢶꢡ꣄ꢬꢸ,வரலாறு
ꢯꢨ꣄ꢣꢸ ꢴ,வார்த்தை
ꢮꢔ꣄ꢛꢵꢥ꣄,விஞ்ஞானம்
ꢮꢔ꣄ꢛꢵꢥꢶ,விஞ்ஞானி
ꢯꣁꢞ꣄ꢠꢶ,விடுப்பு
ꢯꣂꢞꢸ,விடுப்பு
ꢱꣁꢞ꣄ꢮꢵꢬ꣄,விடுமுறை
ꢙꢮꢵꢨ꣄,விடை
ꢮꢶꢮꢵꢡ꣄,விவாதம்
ꢦ꣄ꢬꢰ꣄ꢥꣁ,வினா
ꢦꢸꢱꢶꢥꢶ,வினா
ꢦ꣄ꢬꢰ꣄ꢥ ꢦꢡ꣄ꢬꣁ,வினாத்தாள்
ꢒꣁꢪ꣄ꢪꢵ ꢂꢩ꣄ꢫꢵꢱ꣄,வீட்டுப்பாடம்
ꢙꢾꢭ꣄ꢪꢶꢥ꣄,அலுமினியம்
ꢭꢴꣁꢔꢠ꣄,இரும்பு / உருக்கு
ꢒꢾꢱ꣄ꢡꢸꢭ꣄,"ஈயம், காரீயம்"
ꢭꣂꢲꢸ,உலோகம்
ꢦꢛ꣄ꢗꢭꣂꢲꢸ,ஐம்பொன் பஞ்சலோகம்
ꢂꢣ꣄ꢣꢪ꣄,கண்ணாடி
ꢲꢦꢵꢥ꣄,கண்ணாடி
ꢣꢮ꣄ꢥꣁ,கண்ணாடி
ꢪꢸꢒ꣄ꢬꣁ,கண்ணாடி
ꢔꢵꢥ꣄ꢡꢪ꣄,காந்தம்
ꢡꢪ꣄ꢨꢾ,செம்பு
ꢡꢪ꣄ꢨꢸꢬꢪ꣄,செம்பு
ꢡꢭ꣄,தகரம்
ꢡꢾꢒꢜ꣄,தகரம்
ꢱꣁꢥ꣄ꢥꣁ,தங்கம்
ꢱꣁꢬ꣄ꢠꢸ,தங்கம்
ꢂꢦ꣄ꢬꢛ꣄ꢙꢶ,தங்கம்
ꢡꢸꢡ꣄ꢡꢥꢵꢔ꣄,துத்தநாகம்
ꢥꢵꢔ꣄,நாகம்
ꢭꢷꢡꢸ,பித்தளை
ꢒꢱꣁ,வெண்கலம்
ꢬꢸꢦ꣄ꢦꣁ,வெள்ளி
ꢒꣂꢜ꣄,எங்கே
ꢒꢶꢡ꣄ꢒ,எத்தனை
ꢒꢶꢡ꣄ꢒꢫꣁ,எத்தனையாவது
ꢒꣂꢥ꣄,எத்தனையாவது
ꢒꢶꢱꣁ,எப்படி
ꢒꣂꢥꢒ꣄,எப்படி
ꢒꢶꢱꢵꢫꣁ,எப்படிப்பட்ட
ꢒꢶꢱꢵꢫꢾ,எப்படிப்பட்ட
ꢓꣁꢨ꣄ꢨꣁ,எப்போது
ꢒꢶꢱꣁ,எவ்வாறு
ꢒꣁꢥ꣄ ꢣꢶꢥ꣄ꢥꢸ,என்று
ꢒꢵꢫ꣄,என்ன
ꢒꢵꢫꣁ,என்ன
ꢒꣂꢥꢾ,எந்த
ꢒꣂꢥ꣄ꢫꢾ,எந்த
ꢂꢖ꣄ꢔꢷꢒꢵꢬ꣄,அங்கீகாரம்
ꢂꢗ꣄ꢗꢸ,அச்சு
ꢜꢖ꣄ꢒꢸ,அச்சு
ꢦꢡ꣄ꢬꢮꢵꢲꢶꢥꢶ,அஞ்சல்
ꢦꢡ꣄ꢬꢮꢵꢲꢒꣁ,அஞ்சல்காரர்
ꢦꢡ꣄ꢬꢮꢵꢲꣁ,அஞ்சல்காரர்
ꢭꢿꢓꢸꢮꢵꢥ꣄,அஞ்சல்காரர்
ꢦꢡ꣄ꢬꢮꢵꢲ ꢒꢵꢬ꣄ꢫꢵꢭꢫꣁ,அஞ்சலகம்
ꢒꣂꢰ꣄ꢜꢸ,அட்டவணை
ꢆꢞ꣄ꢔꢞ꣄ꢠꢶ,அடக்குமுறை
ꢣꢪꢥꣁ,அடக்குமுறை
ꢒꢸꢣꣁ,அடகு
ꢒꢸꢣꣁ,அடமானம்
ꢓꢵꢭ꣄ꢣꢳ꣄ ꢓꢵꢭ꣄ꢣꢾꢳꢪ꣄,அடித்தளம்
ꢃꢤꢵꢬꢸ ꢨꢵꢡ꣄ꢫꢡꣁ,அடிப்படையுரிமை
ꢱ꣄ꢬꢿꢠꢶꢗꢵꢭ꣄,அணிவகுப்பு
ꢂꢡ꣄ꢒꢫꢵꢬ꣄,அதிகாரம்
ꢂꢡ꣄ꢒ꣄ꢫꢵꢬꢶ,அதிகாரி
ꢪꢥ꣄ꢡ꣄ꢬꢶ ꢒꢵꢬ꣄ꢫꢵꢭꢫꣁ,அமைச்சகம்
ꢪꢥ꣄ꢡ꣄ꢬꢶ,அமைச்சர்
ꢂꢪꢵꢡ꣄ꢫꣁ,அமைச்சர்
ꢪꢥ꣄ꢡ꣄ꢬꢶꢱꢨꣁ,அமைச்சரவை
ꢯꢵꢥ꣄ꢡꢶ,அமைதி
ꢱꢖ꣄ꢕꢜꢶꢒꣁ,அமைப்பாளர்
ꢱꢛ꣄ꢗꢭꢥꢒꢵꢬꣁ,அமைப்பாளர்
ꢮꢶꢣꢿꢱ꣄,அயல்நாடு
ꢩꢬꢳꢡꢿꢱ꣄,அயல்நாடு
ꢬꢙꣁ,அரசன்
ꢬꢵꢜ꣄,அரசன்
ꢩꢹꢦꣁ,அரசன்
ꢩꢹꢦꢡꢶ,அரசன்
ꢬꢠꢶ,அரசி
ꢬꢵꢜꢳꢶ,அரசி
ꢱꢪ꣄ꢱ꣄ꢢꢵꢦꢥꣁ,அரசியல் சட்டம்
ꢱꢪ꣄ꢮꢶꢤꢵ,அரசியல் சட்டம்
ꢬꢵꢙꢥꢷꢡꢶꢮꢵꢥ꣄,அரசியல்வாதி
ꢱꢬ꣄ꢒꢵꢬ꣄,அரசு
ꢬꢵꢙꢵꢖ꣄ꢔꢸ,அரசு
ꢬꢵꢙ꣄ꢩꢮꢥ꣄,அரசமாளிகை
ꢬꢮꢸꢳ꣄,அரண்மனை
ꢦ꣄ꢬꢵꢱꢵꢣꣁ,அரண்மனை
ꢍꢒꢒ꣄,அலகு
ꢄꢒꢵꢫ꣄,அலகு
ꢭꢵꢜ꣄,அலை
ꢒꢵꢬ꣄ꢫꢵꢭꢫ ꢩꢰꣁ,அலுவலகமொழி
ꢂꢡ꣄ꢒꢵꢬꢶ,அதிகாரி
ꢂꢮ꣄ꢱꢬꢸ ꢱꢵꢱꢥꣁ,அவசரச்சட்டம்
ꢃꢦꢡ꣄ꢒꢵꢭꢸ ꢱꢵꢱꢥꣁ,அவசரச்சட்டம்
ꢂꢮ꣄ꢱꢬ꣄ꢱ꣄ꢢꢶꢡꢶ,அவசரநிலை
ꢨꣁꢮ꣄ꢥꢶꢕꢵꢜ꣄,அழைப்புமணி
ꢦꢬꢶꢪꢵꢠ꣄,பரிமாணம்
ꢦ꣄ꢬꢒꢜꢥꣁ,அறிக்கை
ꢃꢮꢿꢣꢥꣁ,அறிக்கை
ꢮꢶꢰꢫꢒꢳꢞ꣄ꢠꢶ,அறிக்கை
ꢦ꣄ꢬꢒꢞ꣄ꢠꢵꢬ꣄,அறிவிப்பாளர்
ꢦ꣄ꢬꢒꢞꢠꣁꢒꢾꢬ꣄ꢥꢵꢬ꣄,அறிவிப்பாளர்
ꢮꢶꢰꢫꢸ ꢒꢳꢞ꣄ꢥꢵꢬ꣄,அறிவிப்பாளர்
ꢱꢹꢗꢥꣁ,அறிவிப்பு
ꢱꢹꢗꢥꢵ ꢦꣁꢭ꣄ꢒꣁ,அறிவிப்புப் பலகை
ꢂꢥꢸꢪꢡ꣄,அனுமதி
ꢂꢥꢸꢪꢡ꣄ ꢱꢹꢗꢶ,அனுமதிச் சீட்டு
ꢂꢥꢸꢩꢮ꣄,அனுபவம்
ꢒꢨ꣄ꢙꣁ,ஆக்கிரமிப்பு
ꢃꢒ꣄ꢬꢪꢠꣁ,ஆக்கிரமிப்பு
ꢱꢵꢱꢥꣁ,ஆட்சி
ꢱꣃꢱꢱ꣄ꢡꢾ,ஆட்சி
ꢱꣃꢱꢶꢥꢶ,ஆட்சி
ꢬꢵꢙ꣄ꢫ ꢩꢰꣁ,ஆட்சிமொழி
ꢃꢙ꣄ꢛꢾ,ஆணை
ꢥꢶꢫꣂꢔꣁ,ஆணையம்
ꢃꢫꣂꢔ꣄,ஆணையம்
ꢥꢶꢫꣂꢔꢶ,ஆணையர்
ꢃꢫꣂꢒꢶ,ஆணையர்
ꢂꢣ꣄ꢭꢥ꣄,ஆதரவு
ꢂꢣ꣄ꢥꢶ,ஆதரவு
ꢭꢵꢨ꣄,ஆதாயம்
ꢂꢣꢵꢮ꣄,ஆதாயம்
ꢦ꣄ꢬꢩꢸꢡ꣄ꢮꣁ,ஆதிக்கம்
ꢂꢬ꣄ꢒ꣄ꢫꢵꢬ꣄,ஆதிக்கம்
ꢃꢤꢶꢦꢡ꣄ꢫꣁ,ஆதிக்கம்
ꢆꢡ꣄ꢦꢵꢣꢥꢱꢸꢭ꣄ꢒꣁ,ஆயத்தீர்வை
ꢱꢸꢭ꣄ꢒꣁ,ஆயம்
ꢒꢬꣁ,ஆயம்
ꢃꢫꢸꢱ꣄ꢣꢠ꣄ꢞꢥꣁ,ஆயுள் தண்டனை
ꢆꢡ꣄ꢱꢵꢲ꣄,ஆர்வம்
ꢒꢮ꣄ꢡꢸꢒꣁ,ஆர்வம்
ꢃꢭꣂꢱꢥꣁ,ஆலோசனை
ꢂꢩꢶꢦ꣄ꢬꢵꢫꢸ,ஆலோசனை
ꢭꢶꢓꢾꢦꢡ꣄ꢡꢬ꣄,ஆவணம்
ꢭꢿꢓ ꢦ꣄ꢬꢪꢵꢠꣁ,ஆவணம்
ꢱꢵꢱꢥꢦꢒ꣄ꢰꣁ,ஆளுங்கட்சி
ꢬꢵꢙ꣄ꢦꢵꢭ꣄,ஆளுநர்
ꢬꢵꢙ꣄ꢦꢵꢭꢥꣁ,ஆளுமை
ꢏꢦ꣄ꢦꢶꢭꢶꢥꢶ,இசைவு
ꢱꢪ꣄ꢪꢡ꣄,இசைவு
ꢒꢨꢥ꣄ꢣꢸꢱꢬ꣄ꢒꢵꢬ꣄,இடைக்கால அரசு
ꢂꢥ꣄ꢡꢬ꣄ꢥꢶꢰꢾꢤ꣄,இடைக்காலத் தடை
ꢪꢴꢣ꣄ꢣꢶꢪꢸ ꢲꢶꢨ꣄ꢨꢞ꣄ꢠꢶ,இடைக்காலத் தடை
ꢣꢾꢬ꣄ꢒꢭꢶ,இடைத்தரகர்
ꢪꢴꢣ꣄ꢫꢮꢬ꣄ꢡꢶ,இடைத்தரகர்
ꢂꢮ꣄ꢞꢒꢵꢭꢸ ꢗꢸꢥꢵꢮ꣄,இடைத்தேர்தல்
ꢪꢴꢣ꣄ꢣꢶꢪ꣄ ꢲꢶꢨ꣄ꢨꢞ꣄ꢠꢶ,இடைநிறுத்தம்
ꢂꢮꢭꢪ꣄ꢨ꣄ꢥꣁ,இடைநிறுத்தம்
ꢡꢡ꣄ꢒꢵꢭꢸ ꢲꢶꢨ꣄ꢨꢞ꣄ꢠꢶ,இடைநிறுத்தம்
ꢌꢠ꣄ꢔꢶꢥꢶ,இணக்கம்
ꢂꢥꢸꢬꢹꢦꢡꣁ,இணக்கம்
ꢱꢲ ꢪꢥ꣄ꢡꢶꢬꢶ,இணையமைச்சர்
ꢱꢾꢬ꣄ꢗꢥ꣄ꢩꢵꢰꣁ,இணைப்புமொழி
ꢱꢥ꣄ꢣꢶ ꢩꢵꢰꣁ,இணைப்புமொழி
ꢱꢪ꣄ꢫꢸꢒ꣄ꢡ ꢱꢖ꣄ꢕꣁ,இணையம்
ꢱꢛ꣄ꢙꢶꢒꢾ,இதழ்
ꢩꢵꢬꢡꢥꢶꢬ꣄ꢮꢵꢲꢸꢱꢿꢮꣁ,இந்திய ஆட்சிப்பணி
ꢩꢵꢬꢡ ꢂꢦꢬꢵꢤꢸ ꢱꢵꢱꢥꣁ,இந்தியக் குற்றவியல் சட்டம்
ꢃꢥ꣄ꢣꣂꢭ꣄,இயக்கம்
ꢒꢵꢬ꣄ꢫꢵꢭꢫ ꢱꢖ꣄ꢔꢪꣁ,இயக்ககம்
ꢥꢶꢬ꣄ꢮꢵꢲꢶ,இயக்குநர்
ꢥꢶꢬ꣄ꢣꢿꢱꢒ꣄,இயக்குநர்
ꢂꢤ꣄ꢫꢒ꣄ꢰꣁ,இயக்குநர்
ꢂꢣ꣄ꢫꢵꢫ꣄,இயல்
ꢗꢬ꣄ꢒꢵ,இராட்டை
ꢆꢬꢵꢮ꣄ꢱꣁꢬꢵꢮ꣄,இருப்பு
ꢭꢒ꣄ꢰꢫꣁ,இலக்கு
ꢪꢸꢣ꣄ꢬꣁ,இலச்சினை
ꢮꢶꢩꢵꢒ,இலாகா
ꢫꢸꢮꢬꢵꢜ꣄,இளவரசன்
ꢫꢸꢮꢬꢵꢠꢶ,இளவரசி
ꢫꢸꢮꢬꢵꢙ꣄ꢛꢶ,இளவரசி
ꢲꢸꢡ꣄ꢡꢸꢬꢵꢮ꣄,இறக்குமதி
ꢲꢸꢡ꣄ꢡꢸꢬꢵꢜ꣄,இறக்குமதி
ꢦ꣄ꢬꢡꢶ ꢧꣁꢳ꣄꣄,ஈடு
ꢆꢖ꣄ꢙꢪꢶꢡꢶ,உச்சவரம்பு
ꢆꢳ꣄ꢳꢸ,உடந்தை
ꢱꢲꢗꢵꢬ꣄,உடன்படிக்கை
ꢱꢥ꣄ꢤꢶ,உடன்படிக்கை
ꢦꢬꢱ꣄ꢦꢬ ꢱꢪ꣄ꢪꢥ꣄ꢣꣁ,உடனுறவு
ꢦꢬꢱ꣄ꢦꢬ ꢏꢱ꣄ꢡꢦꢥ꣄,உடனுறவு
ꢃꢲꢵꢬꢸ ꢮꢶꢩꢵꢔ꣄,உணவுத்துறை
ꢓꢥꢶ ꢮꢶꢩꢵꢔ꣄,உணவுத்துறை
ꢆꢡ꣄ꢡꢬꢮꢵꢣ꣄,உத்தரவாதம்
ꢃꢒ꣄ꢒꢸꢣꣁ,உத்தரவு
ꢱꢲꢒꢵꢬ꣄,உதவி
ꢱꢲꢵꢮ꣄,உதவி
ꢆꢦ ꢪꢥ꣄ꢡꢶꢬꢶ,உதவி அமைச்சர்
ꢆꢦ ꢣꢹꢡ ꢥꢶꢮꢵꢱ꣄,உதவித்தூதரகம்
ꢮꢿꢡꢥꣁ,உதவிப்பணம்
ꢆꢦꢶꢬ꣄,உபரி
ꢮꢿꢥ꣄,உபரி
ꢂꢣ꣄ꢣꢶ,உபரி
ꢂꢡꢶꢬꢶꢒ꣄ꢡ,உபரி
ꢄꢗ꣄ꢗꢵ ꢦꢡ꣄ꢡꢬ꣄,உயில்
ꢂꢥꢸꢒ꣄ꢛꢵ ꢦꢸꢡ꣄ꢬꣁ,உரிமம்
ꢨꢵꢣ꣄ꢫꣁ,உரிமை
ꢨꢞ꣄ꢫꢮꢵꢥ꣄,உரிமையாளர்
ꢙꢸꢥꢡ꣄ꢮꢵꢥ꣄,உழவர்
ꢓꢿꢡꢶ,உழவர்
ꢔ꣄ꢬꢲ ꢮꢶꢩꢵꢔ꣄,உள்துறை
ꢮꢶꢰꢫ ꢱꢸꢗꢶꢒꣁ,உள்ளடக்கம்
ꢂꢥ꣄ꢡꢬ꣄ ꢬꢵꢙ꣄ꢙꢶ,உள்ளாட்சி
ꢥꢶꢮꢿꢰ꣄ꢫꣁ,உள்ளீடு
ꢆꢡ꣄ꢦꢣ꣄,உற்பத்தி
ꢆꢡ꣄ꢦꢵꢣꢥꣁ,உற்பத்தி
ꢤꢶꢞꢮꢵꢒ꣄,உறுதிமொழி
ꢂꢖ꣄ꢔꢱ꣄ꢢꢸ,உறுப்பினர்
ꢱꣁꢪ꣄ꢨꢸꢳꣁ,ஊதியம்
ꢮꢾꢡꢥꣁ,ஊதியம்
ꢮꢵꢲꢥꣁ,ஊர்தி
ꢙꢵꢥ꣄ꢮꢵꢱ꣄,ஊர்வலம்
ꢱꣂꢩꢵꢫꢵꢡ꣄ꢬꣁ,ஊர்வலம்
ꢏꢬꢵꢡ꣄,ஊர்வலம்
ꢗꢸꢜ꣄ꢜꢸ,ஊர்வலம்
ꢔꢶꢬꢵꢪ꣄ꢫꣁ,ஊரகம்
ꢔꢵꢪꢠ꣄ꢗꢥ꣄,ஊரடங்கு
ꢱꢛ꣄ꢗꢵꢬꢸ ꢥꢰꢿꢤꢥꣁ,ஊரடங்கு
ꢦꢠꢖ꣄ꢗꢵꢫꢡ꣄ ꢬꢵꢙ꣄ꢙꢶ,ஊராட்சி
ꢦꢖ꣄ꢗꢵꢫꢡꢕꢿꢬ꣄,ஊராட்சி ஒன்றியம்
ꢨ꣄ꢬꢰ꣄ꢜꢵꢗꢵꢬ꣄,ஊழல்
ꢪꢭꢶꢥꢵꢗꢵꢬ꣄,ஊழல்
ꢱꢿꢮꣁ,ஊழியம்
ꢱꢿꢮꢒꣁ,ஊழியர்
ꢱꢿꢮꣁ ꢒꢾꢬ꣄ꢥꢵꢬ꣄,ஊழியர்
ꢱꢖ꣄ꢓ꣄ꢫꢵꢦꣁꢭ꣄ꢒꣁ,எண்பலகை
ꢮꢶꢩꢒ꣄ꢰꢸ,எதிர்க்கட்சி
ꢡꣂꢒ꣄ꢱꢥꢶ,எதிர்பார்ப்பு
ꢦ꣄ꢬꢡꢷꢒ꣄ꢰꣁ,எதிர்பார்ப்பு
ꢦ꣄ꢬꢡꢶꢤ꣄ꢮꢥꢶ,எதிரொலி
ꢦ꣄ꢬꢡꢶꢗꢵꢫꢵ,எதிரொளி
ꢦ꣄ꢬꢡꢶ ꢨꢶꢪ꣄ꢨꢸ,எதிரொளி
ꢍꢒꢵꢤꢶꢦꢡꢶ,எதேச்சாதிகாரி
ꢱ꣄ꢮꢿꢗ꣄ꢗꢵꢗꢵꢬꢶ,எதேச்சாதிகாரி
ꢌꢭ꣄ꢔꢾ,எல்லை
ꢂꢣ꣄ꢣꢸ,எல்லை
ꢱꢷꢪꣁ,எல்லை
ꢱꢷꢪꢵ ꢡꢾꢔꢸꢬꢵꢭ꣄,எல்லைத்தகராறு
ꢂꢣ꣄ꢣꢸ ꢡꢾꢔꢸꢬꢵꢭ꣄,எல்லைத்தகராறு
ꢭꢶꢦꢶꢒꣁ,எழுத்தர்
ꢔꢸꢪꢱ꣄ꢡꣁ,எழுத்தர்
ꢗꢾꢣꢸꢮꢸ ꢛꢵꢥ꣄,எழுத்தறிவு
ꢭꢿꢓꢥꢱꢵꢪꢔ꣄ꢬꢶ,எழுதுபொருள்
ꢭꢿꢓꢮꢱ꣄ꢡꢸ,எழுதுபொருள்
ꢌꢙꢪꢵꢥ꣄,எஜமான்
ꢪꣁꢣ꣄ꢬꢳꢶ,எஜமான்
ꢱ꣄ꢮꢿꢗ꣄ꢗꢵꢗꢵꢬ꣄,ஏகாதிபத்தியம்
ꢍꢒꢵꢤꢶꢦꢡꢶ,ஏகாதிபதி / சர்வாதிகாரி
ꢱꢬ꣄ꢮꢵꢡꢶꢒꢵꢬꢶ,ஏகாதிபதி / சர்வாதிகாரி
ꢂꢥꢸꢒ꣄ꢬꢪꣁ,ஏற்பாடு
ꢱ꣄ꢮꢷꢒꢵꢬ꣄,ஏற்பு/ஒப்புதல்
ꢂꢖ꣄ꢔꢷꢒꢵꢬ꣄,ஏற்பு/ஒப்புதல்
ꢏꢦ꣄ꢦꢶꢭ꣄ꢥꢶ,ஏற்பு/ஒப்புதல்
ꢆꢖ꣄ꢗ ꢓꢵꢭ꣄,ஏற்ற இறக்கம்
ꢲꢶꢖ꣄ꢔꢵꢮ꣄,ஏற்றுமதி
ꢥꢶꢬ꣄ꢫꢵꢡ꣄,ஏற்றுமதி
ꢲꢶꢖ꣄ꢔꢵꢜ꣄,ஏற்றுமதி
ꢎꢒ꣄ꢫ ꢬꢵꢰ꣄ꢜ꣄ꢬ ꢱꢪ꣄ꢱ꣄ꢡꢵꢥ꣄,ஐக்கிய நாடுகள் சபை
ꢎꢒ꣄ꢫ ꢂꢔ꣄ꢬꢠꢶ,ஐக்கிய முன்னணி
ꢣꣁꢦ꣄ꢦꢵ ꢢꣁꢮ꣄ꢥꢶ,ஒத்திவைப்பு
ꢱꢲꢒꢵꢬ꣄,ஒத்துழைப்பு
ꢱꢲꢫꣂꢔ꣄,ஒத்துழைப்பு
ꢮꢶꢩꢵꢙꢥꣁ,ஒதுக்கீடு
ꢦꢬꢮꢱꣁ ꢒꢾꢬ꣄ꢥꢶ,ஒப்படைப்பு
ꢏꢦ꣄ꢦꢥ꣄ꢣ ꢱꢹꢗꢥꣁ,ஒப்பந்தப்புள்ளி
ꢏꢦ꣄ꢦꢥ꣄ꢣꢪ꣄,ஒப்பந்தம்
ꢲꢵꢡꢸ ꢂꢒ꣄ꢰꢬ꣄,ஒப்பு
ꢱ꣄ꢮꢷꢒꢬ꣄ꢥꢶ,ஒப்புகை
ꢦ꣄ꢬꢵꢦ꣄ꢡꢶ ꢱꢖ꣄ꢔꢶꢥꢶ,ஒப்புகை
ꢭꢿꢡꢥꢶ,ஒப்புவிப்பு
ꢎꢒ꣄ꢫ ꢩꢵꢮꢥꣁ,ஒருமைப்பாடு
ꢥꢶꢫꢪꣁ,ஒழுங்குமுறை
ꢤꣁꢥꢶꢥꢾꢬ꣄ꢦꢶꢥꢶ,ஒலிபரப்பு
ꢤꣁꢥꢶ ꢦ꣄ꢬꢱꢵꢬ꣄,ஒலிபரப்பு
ꢬꢹꢦꢸ ꢥꢾꢬ꣄ꢦꢶꢥꢶ,ஒளிபரப்பு
ꢬꢹꢦꢸ ꢦ꣄ꢬꢱꢵꢬ꣄,ஒளிபரப்பு
ꢭꢸꢔ꣄ꢙꢵꢥꢶ,ஒற்றன்
ꢔꢸꢦ꣄ꢡꢗꢵꢬꢶ,ஒற்றன்
ꢔꢸꢦ꣄ꢡꣁ,ஒற்றன்
ꢔꢸꢞꢵꢗꢵꢬꢶ,ஒற்றன்
ꢒꢸꢣ꣄ꢮꣁ,ஒற்றி
ꢗꢖ꣄ꢔꢪ꣄,ஒன்றியம்
ꢮꢵꢒ꣄,ஓட்டு
ꢪꢡꢣꢵꢥ꣄,ஓட்டு
ꢮꢵꢔ꣄ꢣꢵꢥ꣄,ஓட்டு
ꢮꢵꢒ꣄ ꢨꢵꢡ꣄ꢫꣁ,ஓட்டுரிமை
ꢮꢶꢱ꣄ꢬꢵꢥ꣄ꢡꢶ,ஓய்வூ பெறுதல்
ꢮꢶꢬꢡꢶ,ஓய்வூ பெறுதல்
ꢒꢒ꣄ꢰꢶ,கட்சி
ꢱꢸꢭ꣄ꢒꢪ꣄,கட்டணம்
ꢣꢬꣁ,கட்டணம்
ꢪꣂꢭ꣄,கட்டணம்
ꢒꢾꢜ꣄ꢜꣁ,கட்டு
ꢥꢶꢫꢪꣁ,கட்டுப்பாடு
ꢙꢭ ꢱꢿꢥꣁ,கடற்படை
ꢬꢷꢠ꣄,கடன்
ꢬꢷꢠꢸꢩꢵꢬ꣄,கடன் பொறுப்பு
ꢱꢾꢮ꣄ꢒꢥ꣄,கடைநிலை ஊழியர்
ꢔꢮꢸꢛ꣄ꢙꢶ ꢔꢮꢸꢛ꣄ꢙꢸꢥꢵꢬ꣄,கண்காணிப்பு
ꢥꢶꢬꢷꢰꢠꣁ,கண்காணிப்பு
ꢭꢴꢾꢒꢒꣀꢡ꣄,கணக்கர்
ꢭꢴꢾꢒ꣄ꢒꣁ ꢲꢾꢞ꣄ꢠꢶ,கணக்கெடுப்பு
ꢔꢠꢥꣁ,கணக்கெடுப்பு
ꢔꢠꢶꢠꢶ,கணினி
ꢲꢷꢱꢸꢥꢿꢭ꣄,கணினி
ꢭꢴꢾꢒ꣄ꢒꢥꢶ,கணினி
ꢨꢥ꣄ꢤꢸ,கதவடைப்பு
ꢂꢩꢶꢦ꣄ꢬꢵꢫ,கருத்து
ꢇꢲꣁ,கருதுகோள்
ꢇꢲꢥꣁ,கருதுகோள்
ꢭꢴꢾꢒ꣄ꢒꢵꢮ꣄,கணிப்பான்
ꢦꣁꢒ꣄ꢒꢶꢰꢪ꣄,கருவூலம்
ꢮꢶꢡ꣄ꢡꢒꣂꢰ꣄,கருவூலம்
ꢮꢶꢣ꣄ꢫꢵ ꢪꢥ꣄ꢡ꣄ꢬꢶ,கல்வி அமைச்சர்
ꢮꢶꢣ꣄ꢫꢵ ꢮꢶꢩꢵꢔ꣄,கல்வித்துறை
ꢪꢶꢱ꣄ꢬꢠꣁ,கலப்படம்
ꢪꢶꢱ꣄ꢡ ꢙꢵꢡ꣄,கலப்பினம்
ꢆꢣꢵꢱꢷꢥ꣄,கவனக் குறைவு
ꢆꢦꢾꢒ꣄ꢰꣁ,கவனக் குறைவு
ꢱꢩꣁ,கழகம்
ꢱꢪ꣄ꢱ꣄ꢢꢵꢥ꣄,கழகம்
ꢩꢶꢞ꣄ꢠꢶ,கழிவு
ꢤꢵꢡꢸ,கனிமம்
ꢓꢙꢵꢥꣁ,கஜானா
ꢲꢥ꣄ꢥꢮꢸ ꢦꢡꢡ꣄ꢬ꣄,காசோலை
ꢬꢰꢠꢒꢬ꣄ꢥꢶ,காப்பிடுதல்
ꢬꢰꢠ ꢩꢬ꣄ꢡꢶ,காப்பீடு
ꢪꢸꢱꢶꢥꢶ,காலாவதி
ꢦꣁꢭꢶꢱ꣄ꢥꢶꢬꢷꢒ꣄ꢱꢒꣁ,காவல் ஆய்வாளர்
ꢢꢵꢠꢵ ꢥꢶꢬꢶꢒ꣄ꢰꢒꣁ,காவல் ஆய்வாளர்
ꢬꢴꢒ꣄ꢒꣀꢡ꣄,காவல்காரன்
ꢬꢴꢒ꣄ꢒꢸꢮꢵꢥ꣄,காவல்காரன்
ꢢꢵꢠꢵꢮꢶꢩꢵꢒ꣄,காவல் துறை
ꢢꢠꢫ꣄ꢡꢸ,காவலர்
ꢒꢶꢞ꣄ꢞꢖ꣄ꢒꢶ,கிடங்கு
ꢥꢴꢥꢦꣁꢬ꣄ꢱꢾ,குக்கிராமம்
ꢥꢴꢥ꣄ꢔꢵꢪ꣄,குக்கிராமம்
ꢥꢴꢥ꣄ ꢦꣁꢜ꣄ꢒ꣄ꢫꢵꢜ꣄,குக்கிராமம்
ꢔꢠ ꢡꢥ꣄ꢡ꣄ꢬꢸ,குடியரசு
ꢔꢠ ꢬꢵꢙ꣄ꢫꢸ,குடியரசு
ꢦ꣄ꢬꢙꢵ ꢦ꣄ꢬꢩꢸꢡ꣄ꢮꣁ,குடியரசு
ꢙꢥꢵꢡꢶꢦꢡꢶ,குடியரசுத் தலைவர்
ꢦ꣄ꢬꢙꢵ ꢨꢵꢡ꣄ꢫꢸ,குடியுரிமை
ꢥꢵꢔꢬꢶꢒꢡꣁ,குடியுரிமை
ꢒꢸꢜꢸꢪ꣄ꢨ ꢥꢶꢬꣂꢡ꣄,குடும்பக் கட்டுப்பாடு
ꢒꢸꢜꢸꢪ꣄ꢨ ꢒ꣄ꢰꢿꢪ ꢮꢶꢩꢵꢔ꣄,குடும்ப நலத்துறை
ꢏꢡ꣄ꢡꢶ,குத்தகை
ꢔꢸꢪ꣄ꢱ꣄ꢡꣁ,குமாஸ்தா
ꢔꢸꢪ꣄ꢦꢸ,குழு
ꢂꢦꢬꢵꢤ꣄,குற்றச்சாட்டு
ꢘꢸꢒ꣄ꢕꢭ꣄ꢥꢶ,குற்றச்சாட்டு
ꢂꢦꢬꢵꢤ꣄,குற்றம்
ꢗꢶꢥ꣄ꢲꢸꢥ꣄,குறிகள்
ꢔꢸꢬ꣄ꢡꢸꢥ꣄,குறிகள்
ꢱꢶꢥ꣄ꢡꢸꢱꢖ꣄ꢓ꣄ꢫꣁ,குறியீட்டெண்
ꢱꢶꢥ꣄ꢲꢸ,குறியீடு
ꢔꢸꢬ꣄ꢡꢸ,குறியீடு
ꢆꢥ꣄ꢥ ꢦꣁꢞꢾꢫꣁ,குறைந்தபட்சம்
ꢆꢥ꣄ꢥ ꢦꢒ꣄ꢯꢸ,குறைந்தபட்சம்
ꢦꢒ꣄ꢯ ꢎꢒ꣄ꢫꢡꣁ,கூட்டணி
ꢪꢹꢔꣁ,கூட்டம்
ꢔꢸꢪ꣄ꢦꢸꢪꢶꢳ꣄ꢥꢶ,கூட்டம்
ꢪꢶꢳ꣄꣄ꢠꢶ,கூட்டம்
ꢪꢔꢶꢥꢶ,கேட்பு
ꢓꢿꢭꢸ ꢒ꣄ꢬꢶꢫꣁ,கேளிக்கை
ꢪꢥꣂꢬꢛ꣄ꢙꢥ꣄,கேளிக்கை
ꢲꢵꢡꢸ ꣄ꢪꢔꣁ,கைத்தறி
ꢩꢥ꣄ꢣꢶ,கைதி
ꢡꢸꢰ꣄ ꢦ꣄ꢬꢫꣂꢔ꣄,கையாடல்
ꢬꢷꢠꢸꢨꢥ꣄ꢣꢶ,கொத்தடிமை
ꢤꣁꢙ꣄,கொடி
ꢤꣁꢙ ꢱ꣄ꢢꢪ꣄ꢨꢸ,கொடிமரம்
ꢭꢒ꣄ꢰ꣄ꢫꢸ,கொள்கை
ꢤ꣄ꢫꢿꢫꢸ,கொள்கை
ꢮꢶꢩꢵꢔ꣄,கோட்டம்
ꢣꢸꢬꢸꢔ꣄,கோட்டை
ꢥꢶꢫꢪꣁ,கோட்பாடு
ꢱꢶꢣ꣄ꢣꢵꢥ꣄ꢡꢸ,கோட்பாடு
ꢒꣂꢠ꣄,கோணம்
ꢒꣁꢥꣁ,கோணம்
ꢣ꣄ꢬꢸꢰ꣄ꢜꢶꢒꣂꢠ꣄,கோணம்
ꢦꣁꢪꢜ꣄,கோப்பு
ꢪꢒꢶꢥꢶ,கோரிக்கை
ꢒꣁꢬꢶ,கோரிக்கை
ꢮꢬ꣄ꢔꢸ,கோஷ்டி
ꢔꣂꢰ꣄ꢜꢶ,கோஷ்டி
ꢗꢒ꣄ꢬꢮꢬ꣄ꢡ꣄ꢡꢶ,சக்கரவர்த்தி
ꢩꣀ-ꢩꢾꢫ꣄ꢥꢥꢸꢦꢥ꣄,சகோதரத்துவம்
ꢱꢖ꣄ꢔꢪ꣄,சங்கம்
ꢱꢖ꣄ꢕꣁ,சங்கம்
ꢱꢜ꣄ꢜꢱꢩꣁ,சட்டசபை
ꢮꢶꢤꢵꢥ꣄ ꢱꣃꢤꣁ,சட்டசபை
ꢮꢶꢤꢵꢥꢸ ꢱꣃꢤꣁ,சட்டசபை
ꢮꢶꢤꢵꢥ꣄ ꢱꢩꣁ,சட்டசபை
ꢱꢵꢱꢥꢪꢬ꣄ꢗꢶꢥꢶ,சட்டத்திருத்தம்
ꢱꢵꢱꢥ ꢡꢶꢣ꣄ꢡꢸꢮꢳꢶꢶ,சட்டத்திருத்தம்
ꢱꢵꢱꢥ ꢱꢹꢤꢵꢬ꣄,சட்டத்திருத்தம்
ꢱꢵꢱꢥꣁ,சட்டம்
ꢮꢶꢤꢵꢥ꣄,சட்டம்
ꢱꢜ꣄ꢜꢱ꣄ꢩꣁ,சட்டமன்றம்
ꢱꢡ꣄ꢫꢵꢔ꣄ꢬꢲꣁ,சத்தியாக்கிரகம்
ꢱꢾꢡ꣄ꢡꢬ꣄,சத்திரம்
ꢱꢡꢶ,சதி
ꢱꢩꢵꢥꢵꢫꢒꣁ,சபாநாயகர்
ꢱꣁꢪ꣄ꢦꢸꢳꢵ ꢗꢾꢜ꣄ꢥꢶ,சம்பள உயர்வு
ꢱꣁꢪ꣄ꢨꢸꢳꣁ,சம்பளம்
ꢦꢔꢵꢬ꣄,சம்பளம்
ꢱꢪꢵꢥꢸꢦꢥ꣄,சமத்துவம்
ꢱꢵꢪꢵꢣꢵꢥ꣄,சமாதானம்
ꢱꢪꢸꢣꢵꢫ꣄,சமுதாயம் / சமூகம்
ꢱꢪꢹꢲꢸ,சமுதாயம் / சமூகம்
ꢱꢬ꣄ꢮꢵꢤꢶꢒꢵꢬ꣄,சர்வாதிகாரம்
ꢱꢬ꣄ꢮꢵꢤꢶꢒꢵꢬꢶ,சர்வாதிகாரி
ꢬꢪꢵꢬꢪꢶ,சராசரி
ꢱꢾꢭ꣄ꢒꢾ,சலுகை
ꢱꢲꢵꢮꢸ,சலுகை
ꢱꢵꢤꢥꣁ,சாதனை
ꢆꢦꢭꢨ꣄ꢤꢶ,சாதனை
ꢭꢨꢶꢛ꣄ꢗꢶꢥꢶ,சாதனை
ꢱꢪ꣄ꢱ꣄ꢫꣁ,சிக்கல்
ꢦ꣄ꢬꢱ꣄ꢥꣁ,சிக்கல்
ꢆꢥ꣄ꢥꢮꢿꢱ꣄,சிக்கனம்
ꢱꣁꢜ꣄ꢜꢸ,சிக்கனம்
ꢮꢶꢒꢵꢬ꣄,சிதைவு
ꢥꢱꢶꢥꢪ꣄,சிதைவு
ꢱꢶꢡꢶꢭ꣄,சிதைவு
ꢱꢸꢨꢬ꣄ꢗꢶ,சிபாரிசு
ꢱꢶꢪ꣄ꢲꢵꢱꢥꣁ,சிம்மாசனம்
ꢱꢶꢪ꣄ꢲꢹ ꢃꢱꢥꣁ,சிம்மாசனம்
ꢂꢭ꣄ꢦ ꢱꢖ꣄ꢓꢫꣁ,சிறுபான்மை
ꢥꢴꢥ꣄ꢥ ꢣꢵꢮꣁ,சிறுவழக்கு
ꢒꢵꢬꢵꢔ꣄ꢬꢆ,சிறை
ꢙꢾꢫꢶꢭ꣄,சிறை
ꢪꢸꢣ꣄ꢬꣁ,சின்னம்
ꢗꢶꢥ꣄ꢲꢸ,சின்னம்
ꢮꢵꢒ꣄ꢒꢸꢗꢷꢜ꣄,வாக்குசீட்டு
ꢱꢸꢒꢬ꣄ꢠꢶ,சீர்திருத்தம்
ꢱꢸꢤꢵꢬ꣄,சீர்திருத்தம்
ꢱꢪꢬꢹꢦ ꢮꢱ꣄ꢡꢬ꣄,சீருடை
ꢱꢸꢭ꣄ꢒꢪ꣄,சுங்கவரி
ꢱꢸꢭ꣄ꢒꣁ,சுங்கவரி
ꢱꢸꢡꢥ꣄ꢣꢬꢸ,சுதந்திரம்
ꢣꢸꢰ꣄ꢦ꣄ꢬꢫꣁꢒ꣄,சுரண்டல்
ꢱꢖ꣄ꢒ꣄ꢯꢾꢦꢸ,சுருக்கம்
ꢩꢷꢡꢸꢬ꣄ ꢣꢾꢮ꣄ꢱꢶꢥꢶ,சுவரொட்டி
ꢗꢸꢜ꣄ꢜꢸꢬ꣄ ꢒꢳꢞ꣄ꢠꢶ,சுற்றிக்கை
ꢦꢬꢶꢦꢡ꣄ꢡꢬ꣄,சுற்றிக்கை
ꢪꢬꢵꢪꢡ꣄ꢡꢸ,செப்பனிடுதல்
ꢱꢸꢤꢬꢠꣁ,செப்பனிடுதல்
ꢗꢪ꣄ꢱ꣄ꢒꢬꢠꣁ,செப்பனிடுதல்
ꢱꢹꢗꢥ ꢮꢶꢩꢵꢔ꣄,செய்தித்துறை
ꢱꢪꢵꢗ꣄ꢗꢵꢬꢸ ꢮꢶꢩꢵꢔ꣄,செய்தித்துறை
ꢱꢗꢶꢮꢵꢭꢫꣁ,செயலகம்
ꢒꢵꢬ꣄ꢫꢣꢬ꣄ꢱꢶ,செயலர்
ꢨ꣄ꢬꢩꢵꢮ꣄,செல்வாக்கு
ꢮꢿꢱꢸꢥ꣄,செலவினம்
ꢮꢿꢱ,செலவு
ꢣꢾꢜ꣄ꢜꢸ,செறிவு
ꢒ꣄ꢯꢡꢶ,சேதம்
ꢱꢿꢡꢵꢬꢪ꣄,சேதாரம்
ꢆꢬꢵꢮ,சேமிப்பு
ꢱꢿꢥꢵꢤꢶꢦꢡꢶ,சேனாதிபதி
ꢱꢫ꣄ꢒꢥꣁ,சைகை
ꢱꢪꢶꢙ꣄ꢛꢸ,சைகை
ꢱꣁꢡ꣄ꢡꢸ,சொத்து
ꢮꢶꢮꢵꢡ꣄,தகராறு
ꢡꢾꢔꢸꢬꢵꢭ꣄,தகராறு
ꢫꣂꢔ꣄ꢫꢡꣁ,தகுதி
ꢭꢵꢔꢶꢡꣁ,தகுதி
ꢜꢖ꣄ꢒꢠꢒꢬ꣄ꢡꣁ,தட்டெழுத்தர்
ꢪꢵꢬ꣄ꢔꢸ,தடம்
ꢃꢞ꣄ꢞꢪꢸꢥ꣄,தடைகள்
ꢂꢞ꣄ꢞꢶꢥ꣄,தடைகள்
ꢨꢵꢤꢵꢥ꣄,தடைகள்
ꢣꢠ꣄ꢞꢠꣁ,தண்டம்
ꢣꢠ꣄ꢞꢠꣁ,தண்டனை
ꢱꢾꢬ꣄ꢒꢬꢥꢶ,தணிக்கை
ꢭꢾꢓ꣄ꢒꣁ,தணிக்கை
ꢭꢴꢾꢒ꣄ꢒꢵ ꢥꢶꢬꢷꢒ꣄ꢰꢠꣁ,தணிக்கை
ꢭꢴꢾꢒ꣄ꢒꢵ ꢱꣂꢤꢥꣁ,தணிக்கை
ꢡꢾꢬꢒꢸ ꢲꢥ꣄ꢥꢮ꣄,தரகு
ꢦꢒꢰꢮꢵꢥꢸꢥ꣄,தரப்பினர்
ꢱ꣄ꢬꢿꢠꢶ,தரம்
ꢆꢥ꣄ꢥꢡꢶ,தரம்
ꢮꢶꢬ꣄ꢡꢵ ꢩꢸꢛꢶ,தரிசு நிலம்
ꢥꢶꢱ꣄ꢡ ꢩꢸꢄ~,தரிசு நிலம்
ꢣꢳꢦꢳꣁ,தரைப்படை
ꢣꢳ ꢱꢾꢥꣁ,தரைப்படை
ꢦꢣ ꢱꢿꢥꣁ,தரைப்படை
ꢬꢵꢙꢤꢵꢥꢶ,தலைநகரம்
ꢂꢔ꣄ꢬꢵꢱꢥꢸꢦꢥ꣄,தலைமை
ꢂꢔ꣄ꢬꢵꢱꢥꣁ,தலைமை
ꢂꢔ꣄ꢬꢵꢱꢥꢵꢤꢶꢦꢡꢶ,தலைவர்
ꢬꢶꢨꢾꢜ꣄,தள்ளுபடி
ꢣꣁꢦ꣄ꢨꢶꢣꢾꢥꢶ,தள்ளுபடி
ꢆꢥ꣄ꢥ ꢒꢾꢬ꣄ꢥꢶ,தள்ளுபடி
ꢆꢦꢒꢬꢠꣁ,தளவாடம்
ꢱ꣄ꢮꢫ ꢂꢟꢶꢒꢵꢬ꣄,தன்னாட்சி
ꢱ꣄ꢮꢗꢭ꣄ꢥꢶ,தன்னியக்கம்
ꢏꢠ꣄ꢜꢶꢫꢵꢳ꣄,தனிநபர்
ꢏꢠ꣄ꢜꢮ꣄ꢫꢒ꣄ꢡꢶ,தனிநபர்
ꢪꢵꢬ꣄,தாக்குதல்
ꢪꢵꢡ꣄ꢬꢸ ꢩꢵꢰꣁ,தாய்மொழி
ꢫꣂꢙꢥꢵ ꢃꢫꣂꢔ꣄,திட்டக்குழு
ꢫꣂꢙꢥꣁ,திட்டம்
ꢡꢶꢠ꣄ꢗꢶꢥꢶ,திணிப்பு
ꢂꢤꢶꢬꣂꢦꢠꣁ,திணிப்பு
ꢣꢶꢮꢵꢭ꣄,திவால்
ꢤꢶꢮꢵꢥ꣄,திவான்
ꢆꢔ꣄ꢬꢮꢵꢡꢶ,தீவிரவாதி
ꢡꢶꢬ꣄ꢪꢵꢥ꣄,தீர்மானம்
ꢥꢶꢬ꣄ꢠꢫꣁ,தீர்மானம்
ꢡꢷꢬ꣄ꢮꣁ,தீர்வை
ꢆꢦꢬꢵꢰ꣄ꢜ꣄ꢬꢦꢡꢶ,துணைராஷ்ட்ரபதி
ꢆꢦꢮꢶꢢꢶ,துணைவிதி
ꢥꢶꢬ꣄ꢪꢭꢶꢒꢬꢠꣁ,துப்புரவு
ꢱꢸꢣ꣄ꢤꢶ ꢦꢵꢭꢥꣁ,துப்புரவு
ꢡꢵꢬꢸ ꢬꢾꢪ꣄,துறைமுகம்
ꢥꢵꢮꢸꢬꢾꢪ꣄,துறைமுகம்
ꢥꢮ꣄ꢒꢵ ꢬꢿꢪ꣄,துறைமுகம்
ꢣꢸꢡꢥꢶꢮꢵꢱ꣄,தூதரகம்
ꢣꢹꢡꣁ,தூதுவன்
ꢦꢬꢶꢱꢸꢣ꣄ꢤꢶ,தூய்மை
ꢥꢶꢳ꣄꣄ꢗꢶꢥꢶ,தேக்கம்
ꢣꢾꢱꢩꢒ꣄ꢡꣁ,தேசபக்தர்
ꢣꢿꢱꢩꢒ꣄ꢡꢶ,தேசபக்தி
ꢬꢵꢰ꣄ꢜ꣄ꢬꢸ,தேசம்
ꢣꢾꢱꢸ,தேசம்
ꢬꢵꢰ꣄ꢜ꣄ꢬꢚꢠ꣄ꢞꢵꢮ꣄,தேசியக்கொடி
ꢬꢵꢰ꣄ꢜ꣄ꢬꢔꢵꢥꢪ꣄,தேசியகீதம்
ꢣꢾꢱꢸꢔꢷꢡ꣄,தேசியகீதம்
ꢬꢵꢰ꣄ꢜ꣄ꢬꢩꢵꢰꣁ,தேசியமொழி
ꢗꢸꢥꢵꢮ꣄,தேர்தல்
ꢥꢶꢬ꣄ꢮꢵꢗꢥ꣄,தேர்தல்
ꢦꢙꢾꢥ꣄ꢡꣁ,தேவை
ꢥꢶꢬ꣄ꢮꢵꢗꢥꢸ ꢩꢵꢔ꣄,தொகுதி
ꢱꢖ꣄ꢒꢭꢥꢒꣁ,தொகுப்பாளர்
ꢮ꣄ꢫꢵꢱꢶꢒꢬ꣄ꢡꣁ,தொகுப்பாளர்
ꢱꢖ꣄ꢒꢭꢥꣁ,தொகுப்பு
ꢮ꣄ꢫꢵꢱ꣄,தொகுப்பு
ꢬꣁꢒ꣄ꢒꢪ꣄,தொகை
ꢤꢥꢬꢵꢯꢶ,தொகை
ꢱꢾꢮ꣄ꢒꢥ꣄,தொண்டர்
ꢣꢹꢬ ꣄ꢭꢶꢓ꣄ꢥꢶ,தொலைவரி
ꢒꢵꢬ꣄ꢫꣁ,தொழில்
ꢒꢵꢪ꣄,தொழில்
ꢒꢵꢬ꣄ꢫꢮꢵꢥ꣄,தொழிலாளி
ꢒꢵꢪ꣄ꢒꢾꢬ꣄ꢡꣁ,தொழிலாளி
ꢒꢵꢬ꣄ꢫꢱ꣄ꢢꣁ,தொழிலாளி
ꢒꢵꢪꢸ ꢦꣁꢜ꣄ꢜꢾꢜ꣄,தொழிற்பேட்டை
ꢒꢵꢬ꣄ꢫꢕꢥꣁ,தொழிற்பேட்டை
ꢆꢣ꣄ꢣꢾꢱ꣄,தோராயம்
ꢱꢵꢪꢷꢦ꣄ꢫꢡꣁ,தோராயம்
ꢆꢥ꣄ꢥ ꢆꢦꢶꢬ꣄,தோராயம்
ꢱꢶꢖ꣄ꢔꣀꢡ꣄,தோழர்
ꢱꢾꢖ꣄ꢔꢡꢶ,தோழர்
ꢱꢲꢮꢵꢱꢶ,தோழர்
ꢱꢾꢖ꣄ꢔꢮꢶ,தோழர்
ꢥꢔꢬꢱꢩꣁ,நகரசபை
ꢔ꣄ꢬꢵꢪ ꢱꢖ꣄ꢕꣁ,நகரசபை
ꢥꢔꢬ ꢦꢵꢭꢶꢒꣁ,நகரசபை
ꢗꢵꢭ꣄ꢗꢭꢥ꣄,நடமாட்டம்
ꢒ꣄ꢬꢶꢫꢵꢒ꣄ꢬꢪꣁ,நடவடிக்கை
ꢪꢤ꣄ꢫ ꢱꢬ꣄ꢒꢵꢬ꣄,நடுவணரசு
ꢆꢭꢵꢱꢸꢮꢵꢜ꣄,நடைபாதை
ꢗꢭꢥ꣄ꢮꢵꢜ꣄,நடைபாதை
ꢥꢾꢰ꣄ꢜꢶ ꢥꢶꢮꢵꢬꢠꣁ,நஷ்ட ஈடு
ꢥꢵꢔ꣄ꢬꢷꢔ꣄,நாகரீகம்
ꢱꢪ꣄ꢱ꣄ꢒ꣄ꢬꢸꢡꢶ,நாகரீகம்
ꢣꢶꢥ꣄ꢥꢸ ꢱꣁꢪ꣄ꢨꢸꢳꣁ,நாட்கூலி
ꢔ꣄ꢬꢵꢪ꣄ꢫꢙꢵꢡ꣄,நாட்டினம்
ꢱ꣄ꢢꢭꢷꢫꢙꢵꢡ꣄,நாட்டினம்
ꢬꢵꢰ꣄ꢜ꣄ꢬ ꢚꢠ꣄ꢞꢮ꣄,நாட்டுக்கொடி
ꢣꢾꢱꢸ ꢚꢠ꣄ꢞꢵꢮ꣄,நாட்டுக்கொடி
ꢬꢵꢰ꣄ꢜ꣄ꢬꢔꢷꢜ꣄,நாட்டுப்பண்
ꢣꢾꢱꢸꢔꢷꢜ꣄,நாட்டுப்பண்
ꢬꢵꢰ꣄ꢜ꣄ꢬ ꢩꢒ꣄ꢡꢶ,நாட்டுப்பற்று
ꢣꢾꢱꢸꢩꢒ꣄ꢡꢶ,நாட்டுப்பற்று
ꢥꢵꢔꢬꢷꢒꢡꣁ,நாட்டுரிமை
ꢣꢾꢱꢶꢫꢡꣁ,நாட்டுரிமை
ꢭꣂꢒ꣄ ꢱꢩꣁ,நாடாளுமன்றம்
ꢬꢵꢰ꣄ꢜ꣄ꢬꢸ,நாடு
ꢣꢾꢱ꣄,நாடு
ꢒꢵꢬ꣄ꢫ ꢗꢵꢭꢥꣁ,நிகழ்ச்சி
ꢮꣀꢩꢮ꣄,நிகழ்ச்சி
ꢒꢵꢬ꣄ꢫꢒ꣄ꢬꢪꣁ,நிகழ்ச்சிநிரல்
ꢲꢥ꣄ꢥꢮꢸ,நிதி
ꢥꢶꢕꢶ,நிதி
ꢥꢶꢡꢶ ꢮꢶꢩꢵꢔ,நிதித்துறை
ꢥꢶꢦꢥ꣄ꢣꢥꣁ,நிபந்தனை
ꢥꢶꢬ꣄ꢮꢵꢲ꣄,நிர்வாகம்
ꢒ꣄ꢬꢪꣁ,நிரல்
ꢥꢶꢬꢸꢦꢠꣁ,நிருபணம்
ꢦ꣄ꢬꢪꢵꢠ꣄,நிருபணம்
ꢬꢹꢙꢸ,நிருபணம்
ꢱ꣄ꢬꢿꢠꢶ,நிரை
ꢢꢵꢪꢸ ꢒꢬꣁ,நிலவரி
ꢱ꣄ꢢꢵꢦꢥꣁ,நிறுவனம்
ꢫꣂꢒ꣄ꢫꢡꣁ,நிறை
ꢥꢷꢡꢶꢦꢡꢶ,நீதிபதி
ꢥꢶꢫꢵꢫꢵꢤꢶꢦꢡꢶ,நீதிபதி
ꢥꢷꢡꢶꢱ꣄ꢢꢭ꣄,நீதிமன்றம்
ꢆꢦꢫꣂꢔꢸ ꢮꢱ꣄ꢡꢸꢥ꣄,நுகர்பொருள்கள்
ꢥꢸꢔꢥ꣄ ꢮꢱ꣄ꢡꢸꢥ꣄,நுகர்பொருள்கள்
ꢆꢦꢫꣂꢔ,நுகர்வு
ꢥꢸꢔꢶꢥꢶ,நுகர்வு
ꢡꢸꢬ꣄ꢥꢶ,நுழைவு
ꢦ꣄ꢬꢾꢮ꣄ꢯ꣄,நுழைவு
ꢄꢬ꣄ꢒꢜ꣄,நெருக்கடி
ꢱꢖ꣄ꢔꢜ꣄,நெருக்கடி
ꢮꢔꣁ ꢦꢬꢶ ꢱꣂꢣꢥꣁ,பகுப்பாய்வு
ꢱꢲꢫꣁꢔ꣄,பங்களிப்பு
ꢮꢜꣁ,பங்கு
ꢣꢸꢔꢵꢳꢸ ꢲꢥ꣄ꢥꢮ꣄,பஞ்சப்படி
ꢣꢸꢔꢵꢳꢸ ꢩꢬ꣄ꢡꣁ,பஞ்சப்படி
ꢣꢸꢔꢵꢳ꣄꣄,பஞ்சம்
ꢱꢿꢥꣁ,பட்டாளம் / படை
ꢦꢳꣁ,பட்டாளம் / படை
ꢨꢶꢭ꣄,பட்டி
ꢬꢱꢷꢡꢸ,பட்டி
ꢙꢵꢦꢶꢡꣁ,பட்டியல்
ꢙꢦ꣄ꢡꣁ,பட்டியல்
ꢱꢪ꣄ꢩꢮꢥꣁ,படி
ꢲꢥꢶ,படை எடுப்பு
ꢚꢾꢞꢵ ꢂꢫ꣄ꢣꢸ,படைக்கலம்
ꢱꢿꢥꢵ ꢣꢳꢮꢵꢞꢸꢥ꣄,படைக்கலம்
ꢱꢿꢥꢵꢦꢡꢶ,படைத்தளபதி
ꢣꢭꢒꢬ꣄ꢡꣁ,படைத்தளபதி
ꢣꢿꢥꢵ ꢣꢳ꣄,படைப்பிரிவு
ꢦꢣꢵꢬ꣄ꢢꢸꢥ꣄,பண்டங்கள்
ꢩꣁꢠ꣄ꢠꢪꢸꢥ꣄,பண்டங்கள்
ꢒꢭꢵꢗꢵꢬ꣄,பண்பாடு
ꢱꢪ꣄ꢱ꣄ꢒ꣄ꢬꢸꢡꢶ,பண்பாடு
ꢆꢣ꣄ꢫꣂꢔ꣄,பணி
ꢒꢵꢪ꣄ ꢲꢾꢞ꣄ꢠꢶ,பணி நீக்கம்
ꢒꢪ ꣄ꢪꢬ꣄ꢗꢶꢥꢶ,பணி மாற்றம்
ꢒꢵꢪꢸ ꢙꢿꢰ꣄ꢜꢦꢥ꣄,பணி மூப்பு
ꢒꢵꢬ꣄ꢫꢵꢮꢵꢥ꣄,பணியாளர்
ꢦꢣꢮꢶ,பதவி
ꢦꢣꢮꢶ ꢲꢸꢡ꣄ꢬꢵꢮ꣄,பதவி இறக்கம்
ꢦꢣꢮꢶ ꢲꢶꢖ꣄ꢔꢵꢮ꣄,பதவி உயர்வு
ꢦꢣꢮꢶꢓꢳ꣄ꢳꢶꢥꢶ,பதவி ஏற்பு
ꢦꢣꢮꢶ ꢒꢵꢭ,பதவிக்காலம்
ꢚꢜ꣄ꢢꢶ,பதிப்பாசிரியர்
ꢏꢣ꣄ꢣꢶ,பதிப்பாசிரியர்
ꢥꢶꢪ꣄ꢦꢶꢥꢶ,பதிப்பு
ꢱꢪ꣄ꢱ꣄ꢒꢬꢠꣁ,பதிப்பு
ꢥꢶꢪ꣄ꢦꢶꢥꢶ ꢨꢵꢤ꣄ꢫꢡꣁ,பதிப்புரிமை
ꢩꢬ꣄ꢡꢶ,பதிலாள்
ꢨꣁꢣꢸꢭ꣄,பதிலாள்
ꢦꢛ꣄ꢗꢶꢒꣁ,பதிவு
ꢥꢶꢬ꣄ꢣꢿꢱꣁ,பதிவு
ꢦꢛ꣄ꢗꢶꢒꣁ ꢦꢡ꣄ꢡꢬ꣄,பதிவேடு
ꢱꢾꢡ꣄ꢡꢬ꣄,பயணிகள் விடுதி
ꢩꣁꢔꢸꢥꢵꢬ꣄,பயனாளி
ꢱꢶꢒ꣄ꢰꢵ ꢪꢵꢣ꣄ꢫꣁ,பயிற்றுமொழி
ꢦꢬꢶꢦꢵꢭꢥꣁ,பராமரிப்பு
ꢦꢬꢶꢱꢷꢭꢥꣁ,பரிசீலனை
ꢱꢸꢦꢬ꣄ꢗꢶ,பரிந்துரை
ꢦꢬꢶꢮꢬ꣄ꢡꢥꣁ,பரிமாற்றம்
ꢥꢶꢤꢶ ꢆꢥ꣄ꢥꣁ,பற்றாக்குறை
ꢧꢸꢬꣁ ꢧꢸꢬ꣄ꢥꢵꢱ꣄ꢡꢾ,பற்றாக்குறை
ꢦꢬ꣄ꢬꢸ,பற்று
ꢙꢥꢶ,பற்று
ꢂꢦꢲꢬꢠꣁ,பறிமுதல்
ꢦꢥꢶ ꢱꢶꢛ꣄ꢗꢵꢮ꣄,நீர்பாசனம்
ꢬꢒ꣄ꢰꢥꣁ,பாதுகாப்பு
ꢭꣂꢒ꣄ꢱꢩꣁ,பாராளுமன்றம்
ꢣꢹꢡ꣄ ꢆꢡ꣄ꢦꢵꢣꢥꢱꢵꢭꣁ,பால்பண்ணை
ꢗꢸꢥꢵꢮꢸ ꢦ꣄ꢬꢗꢵꢬ꣄,தேர்தல் பிரசாரம்
ꢙꢪꢷꢥ,பிணை
ꢩꢬ꣄ꢡꢶ,பிணையம்
ꢦ꣄ꢬꢤꢵꢥ꣄ ꢪꢥ꣄ꢡꢶꢬꢶ,பிரதம அமைச்சர்
ꢨꣁꢣꢸꢭ꣄ ꢮꢵꢡꢶ,பிரதிநிதி
ꢦ꣄ꢬꢡꢿꢱꢸ,பிரதேசம்
ꢦ꣄ꢬꢩꢸ,பிரபு
ꢦ꣄ꢬꢙꣁ,பிரஜை
ꢮꢶꢩꢵꢔ,பிரிவு
ꢂꢥꢸꢨꢥ꣄ꢤꢸ,பிற்சேர்க்கை
ꢦꢱ꣄ꢒꢜ꣄ꢮꢬ꣄ꢔꢸ ꢱꢪꢹꢲꢸ,பிற்பட்ட வகுப்பினர்
ꢦꢱ꣄ꢒꢜ꣄ ꢦꣁꢞꢾ ꢱꢪꢹꢲꢸ,பிற்பட்ட வகுப்பினர்
ꢙꢥ꣄ꢪꢵꢥ꣄ꢣꢬꢪꢸ,பிறப்பு வீதம்
ꢦꢱ꣄ꢒꢞꢸꢱꢪꢹꢲꢸ,பின்தங்கிய
ꢦꢸꢒꢵꢬ꣄,புகார்
ꢂꢩꢶꢫꣂꢔ,புகார்
ꢥꣁꢮ꣄ꢮꢒꢬꢠꣁ,புதுப்பித்தல்
ꢥꣁꢮ꣄ꢮꢒꢾꢬ꣄ꢥꢶ,புதுப்பித்தல்
ꢒ꣄ꢬꢵꢥ꣄ꢡꢶ,புரட்சி
ꢮꢣꢥ꣄ꢡꢶ,புரளி
ꢮꢶꢗꢵꢬꢠꣁ,புலனாய்வு
ꢂꢥ꣄ꢮꢿꢱꢥꣁ,புலனாய்வு
ꢱꢬ꣄ꢒꢵꢬꢸ ꢢꢵꢪ꣄,புறம்போக்கு
ꢮꢶꢱ꣄ꢡꢵꢬ꣄,பெருக்கி
ꢮꢶꢭꢵꢱ꣄,பெருக்கி
ꢨꢲꢸ ꢱꢖ꣄ꢓ꣄ꢫꢡꣁ,பெரும்பான்மை
ꢂꢤꢶꢒꢡꣁ,பெருமம்
ꢆꢦꢶꢬ꣄,பெருமம்
ꢬꢵꢙꢵꢤꢶꢬꢙꣁ,பேரரசர்
ꢪꢴꢵꢬꢵꢜ꣄,பேரரசர்
ꢱꢵꢪ꣄ꢬꢵꢜ꣄,பேரரசர்
ꢗꢒ꣄ꢬꢮꢬ꣄ꢡꢶ,பேரரசர்
ꢭꢵꢪ꣄ꢬꢵꢙ꣄ꢫꢸ,பேரரசு
ꢱꢵꢪ꣄ꢬꢵꢙ꣄ꢫꢸ,பேரரசு
ꢪꢲꢵ ꢱꢩꣁ,பேரவை
ꢥꢔꢬꢦꢵꢭꢶꢒꣁ,பேரூராட்சி
ꢭꢾꢞ꣄ꢙꢬ꣄,பேரேடு
ꢮ꣄ꢫꢒ꣄ꢡꢶ ꢭꢴꢾꢒ꣄ꢒꢵ ꢦꢸꢱ꣄ꢡꢮ꣄,பேரேடு
ꢦꢾꢬꢿꢜ꣄,பேரேடு
ꢱꢵꢤꢵꢬꢥꢱꢩꣁ,பொதுக்கூட்டம்
ꢱꢵꢬ꣄ꢮꢙꢥꢶꢒ꣄ ꢱꢩꣁ,பொதுக்கூட்டம்
ꢱꢵꢬ꣄ꢮꢙꢥꢶꢒ꣄ ꢮꢶꢩꢵꢔ꣄,பொதுத்துறை
ꢭꣁꢒ ꢮꢶꢩꢵꢔ꣄,பொதுத்துறை
ꢭꣂꢒ ꢔ꣄ꢬꢥ꣄ꢢꢵꢭꢫꣁ,பொதுநூலகம்
ꢱꢵꢤꢵꢬꢠ ꢮꢶꢬꢵꢪ꣄,பொதுவிடுமுறை
ꢃꢬ꣄ꢢꢶꢒ ꢱ꣄ꢢꢶꢡꢶ,பொருளாதாரம்
ꢒꢵꢬ꣄ꢫꢩꢵꢬ꣄,பொறுப்பு
ꢙꢥꢶ,போக்கு
ꢦ꣄ꢬꢮꢬ꣄ꢡꢶ,போக்கு
ꢱ꣄ꢦꢬ꣄ꢤꢥ꣄,போட்டி
ꢫꢸꢣ꣄ꢤꢸ,போர்
ꢃꢬ꣄ꢩꢵꢜꣁ,போராட்டம்
ꢃꢬ꣄ꢩꢵꢜꣁ ꢒꢾꢬ꣄ꢥꢵꢬ꣄,போராளி
ꢫꣁꢣ꣄ꢤꢸ,போராளி
ꢙꢥ ꢱꢖ꣄ꢓ꣄ꢫꣁ,மக்கள் தொகை
ꢪꢤ꣄ꢫꢱꢬ꣄ꢒꢵꢬ꣄,மத்திய அரசு
ꢒꢿꢥ꣄ꢣ꣄ꢬ ꢱꢬ꣄ꢒꢵꢬ꣄,மத்திய அரசு
ꢃꢒꢭꢥꣁ,மதிப்பீடு
ꢪꢹꢭ꣄ꢫ ꢥꢶꢬ꣄ꢤꢵꢬꢠꣁ,மதிப்பு
ꢦꢬꢶꢱ꣄ꢬꢵꢪ ꢱꢸꢭ꣄ꢒꣁ,மதிப்பூதியம்
ꢱꢪ꣄ꢩꢵꢮꢥꣁ,மதிப்பூதியம்
ꢪꢤꢸ ꢥꢶꢬꣁꢤꢥꣁ,மதுவிலக்கு
ꢱꢗꢶꢮꣁ,மந்திரி
ꢥꢴꢵꢪꢾꢥ꣄ꢥꢶ,மறுப்பு
ꢦꢸꢥꢬ꣄ꢧꢸꢭꢥꣁ,மறுமலர்ச்சி
ꢦꢸꢥꢬ꣄ ꢙꢷꢮꢥꣁ,மறுவாழ்வு
ꢬꢵꢜ,மன்னன்
ꢦꢶꢬꢵꢬ꣄ꢢꢥꢵ ꢦꢡ꣄ꢬꢸ,மனு
ꢒꣁꢬꢶ ꢦꢡ꣄ꢬꢸ,மனு
ꢪꢲꢵ ꢥꢔꢬꢦꢵꢭꢶꢒꣁ,மாநகராட்சி
ꢱꢪ꣄ꢪꢿꢭꢥꣁ,மாநாடு
ꢬꢵꢙ꣄ꢫ ꢱꢬ꣄ꢒꢵꢬ꣄,மாநில அரசு
ꢦ꣄ꢬꢵꢥ꣄ꢡꢸ,மாநிலம்
ꢱꢵꢪ꣄ꢬꢵꢜ,மாமன்னர்
ꢱꢵꢪ꣄ꢫꢮꢵꢣ꣄,மார்க்சீயம்
ꢙꢶꢭ꣄ꢭꣁ,மாவட்டம்
ꢪꢵꢥ꣄ꢫꢪ꣄,மானியம்
ꢦꢸꢥꢬ꣄ ꢦ꣄ꢬꢵꢦ꣄ꢡꢶ,மீட்பு
ꢒꢮ꣄ꢥꢶ,மீதி
ꢆꢬꢵꢮ꣄,மீதி
ꢒꣁꢮ꣄ ꢣꢵꢫꣁ,மீதி
ꢱꢿꢱ꣄,மீதி
ꢦ꣄ꢬꢡꢶꢥꢶꢜꢶ,முகவர்
ꢱꢵꢪ꣄ꢬꢵꢜꢸ ꢦꢵꢭꢥꣁ,முடியரசு
ꢪꢸꢣ꣄ꢬꣁ,முத்திரை
ꢪꢹꢭꢸꢤꢥ꣄,முதல்
ꢪꢸꢒ꣄ꢫ ꢪꢥ꣄ꢡꢶꢬꢶ,முதலமைச்சர்
ꢪꢹꢭꢤꢥꢮꢵꢥ꣄,முதலாளி
ꢤꢥꢮꢵꢥꢸꢦꢥ꣄,முதலாளித்துவம்
ꢦꢸꢥꢬ꣄ ꢮꢶꢗꢵꢬ ꢦ꣄ꢬꢵꢬ꣄ꢡꢥꣁ,மேல்முறையீடு
ꢦ꣄ꢬꢵꢒ꣄ꢦ꣄ꢬꢡꢶ,முன்படி
ꢦꢹꢬ꣄ꢮꢵꢥꢸꢪꢵꢥ꣄,முன்னறிவிப்பு
ꢧꣀꢭ ꢨꢵꢡ꣄ꢫꢡꣁ,முன்னுரிமை
ꢂꢩꢶꢮꢶꢬꢸꢣ꣄ꢤꢶ,முன்னேற்றம்
ꢪꢹꢭꢮꢱ꣄ꢡꢸ,மூலப்பொருள்
ꢃꢖ꣄ꢔꢬꢒ꣄ꢯꢒꣁ,மெய்க்காப்பாளர்
ꢪꢶꢜ꣄ꢜꣁ,மேடை
ꢪꢛ꣄ꢗꢸ,மேடை
ꢮꢿꢣꢶꢒꣁ,மேடை
ꢂꢩꢶꢮ꣄ꢬꢸꢣ꣄ꢤꢶ,மேம்பாடு
ꢪꢿꢜꢶꢥꢸ ꢮꢶꢤꢵꢥ꣄ ꢱꢩꣁ,மேல்சபை
ꢆꢛ꣄ꢗ ꢂꢤꢶꢒꢵꢬꢶ,மேலதிகாரி
ꢥꢶꢬ꣄ꢮꢵꢲ꣄,மேலாண்மை
ꢥꢶꢫꢥ꣄ꢡ꣄ꢬꣁ,மேலாண்மை
ꢦ꣄ꢬꢨꢥ꣄ꢤꢒꣁ,மேலாளர்
ꢪꢾꢜꢸ ꢥꢶꢮꢵꢲꢶ,மேலாளர்
ꢆꢗ꣄ꢗ ꢂꢙ꣄ꢛꢵꢒꢵꢬ꣄,மேலிடம்
ꢆꢣ꣄ꢤꢬꢠꣁ,மேற்கோள்
ꢆꢭ꣄ꢭꢾꢲꢥꣁ,மேற்கோள்
ꢂꢮꢡꢵꢬꢠꣁ,மேற்கோள்
ꢂꢮꢡꢵꢬꢶꢡ ꢮꢵꢒ꣄ꢫꢸ,மேற்கோள்
ꢡꢣꢾꢮ,மேற்படி
ꢪꢤ꣄꣄ꢫ ꢱꢬ꣄ꢒꢵꢬ꣄,மைய அரசு
ꢂꢥꢸꢮꢵꢣꢒꣁ,மொழிபெயர்ப்பாளர்
ꢡꢬ꣄ꢙꢪꣁ ꢒꢾꢬ꣄ꢥꢵꢬ꣄,மொழிபெயர்ப்பாளர்
ꢚꢾꢞꣁ,யுத்தம்
ꢪꢵꢬ꣄,யுத்தம்
ꢬꢵꢠꢶ,ராணி
ꢦꢭꣁ,ராணுவம்
ꢬꢵꢙ ꢣꢸꢬꣂꢲꢶ,ராஜதுரோகி
ꢬꢵꢙꢫ ꢱꢩꣁ,ராஜ்யசபை
ꢪꢾꢜꢸ ꢱꢩꣁ,ராஜ்யசபை
ꢬꢙꢶꢥꢪꣁ,ராஜினாமா
ꢬꢵꢰ꣄ꢜ꣄ꢬꢦꢡꢶ,ராஷ்டிரபதி
ꢪꢵꢪꢹꢭ꣄,லஞ்சம்
ꢭꢾꢛ꣄ꢗꢪ꣄,லஞ்சம்
ꢭꣁꢒ꣄ ꢱꢩꣁ,லோக்சபை
ꢮꢶꢡ꣄ꢡꢒꣁꢰ꣄,வங்கி
ꢲꢥ꣄ꢥꢮꢸ ꢱꢖ꣄ꢒ꣄ꢬꢲꢥꣁ,வசூல்
ꢮꢱꢸꢭ꣄,வசூல்
ꢡꢵꢭꢹꢒꢵ,வட்டம்
ꢣꢵꢱꢶꢭ꣄ꢣꢵꢬ꣄,வட்டாட்சியர்
ꢦꢶꢬꢵꢥ꣄ꢡ꣄ꢫꢸ,வட்டாரம்
ꢦꢶꢬꢵꢥ꣄ꢡꢶꢫ ꢩꢵꢰꣁ,வட்டாரமொழி
ꢩꢶꢫꢵꢬ꣄,வணிகம்
ꢮꢵꢠꢶꢙ꣄ꢫꣁ,வணிகம்
ꢩꢶꢫꢵꢬꢸ ꢮꢶꢡ꣄ꢡ ꢒꣁꢰ꣄,வணிகவங்கி
ꢮꢠꢶꢒ ꢮꢶꢡ꣄ꢡ ꢒꣁꢰ꣄,வணிகவங்கி
ꢩꢶꢫꢵꢬꢸ ꢱꢸꢭ꣄ꢒꣁ,வணிகவரி
ꢮꢠꢶꢒ ꢱꢸꢭ꣄ꢒꣁ,வணிகவரி
ꢒꢶꢪ꣄ꢮꢣꢥ꣄ꢡꢶ,வதந்தி
ꢙꢥꢱ꣄ꢬꢸꢡꢶ,வதந்தி
ꢩ꣄ꢫꢵꢬ꣄,வர்த்தகம்
ꢂꢮ꣄ꢥꢶ,வரவு
ꢡꣂꢬꢠ꣄,வரிசை
ꢒ꣄ꢬꢪꣁ,வரிசை
ꢱ꣄ꢬꢿꢠꢶ,வரிசை
ꢱꢸꢭ꣄ꢒꢥꢶꢬ꣄ꢠꢫꢸ,வரிவிதிப்பு
ꢆꢗ꣄ꢭꢵꢮ꣄,வருமானம்
ꢙꣁꢞꢸꢪ꣄ꢨꢸꢭ꣄,வருமானம்
ꢆꢗ꣄ꢭꢵꢮꢸ ꢱꢸꢭ꣄ꢒꣁ,வருமான வரி
ꢆꢗ꣄ꢭꢵꢮꢸ ꢒꢬꣁ,வருமான வரி
ꢬꢵꢙ꣄ꢫ ꢃꢣꢵꢫꢸ,வருவாய்
ꢥ꣄ꢫꢥ꣄ꢡ꣄ꢬꢠꣁ,வரையறை
ꢦ꣄ꢬꢡꢶꢨꢥ꣄ꢤꢸ,வரையறை
ꢮꢔꣁꢡꣁꢔꣁ,வரையறை
ꢮꢶꢡ꣄ꢡ ꢭꢿꢓꢸ,வரைவோலை/ வரைவு
ꢦ꣄ꢬꢵꢒ꣄ ꢭꢾꢓꢥꣁ,வரைவோலை/ வரைவு
ꢥꢶꢦꢸꢠꣁ,வல்லுநர்
ꢙꣀꢥ ꢧꢶꢬ꣄ꢥꢶ,வலஞ்சுழி
ꢦ꣄ꢬꢣꢒ꣄ꢰꢥꣁ,வலஞ்சுழி
ꢮꢒ꣄ꢒꢷꢭ꣄,வழக்கறிஞர்
ꢬꢹꢟꢶ,வழக்காறு
ꢪꢵꢬ꣄ꢒꢣꢬ꣄ꢱꢶ,வழிகாட்டி
ꢮꢵꢜ꣄ ꢣꢾꢒ꣄ꢒꢞ꣄ꢠꢵꢬ꣄,வழிகாட்டி
ꢒꢾꢬꢥ꣄ꢮꢵꢜ꣄,வழிமுறை
ꢡꢸꢔꢵꢳ꣄,வறட்சி
ꢣꢬꢶꢣ꣄ꢬꢡꣁ,வறுமை
ꢣꢾꢭ꣄ꢞꢶꢬꢶꢦꢥ꣄,வறுமை
ꢆꢔ꣄ꢬꢦꢥ꣄,வன்முறை
ꢮꢵꢒ꣄ ꢣꢾꢥꢵꢬ꣄,வாக்காளர்
ꢪꢡꢣꢵꢡꣁ,வாக்காளர்
ꢮꣂꢜ꣄,வாக்கு
ꢮꢵꢒꢸ ꢦꢡ꣄ꢬꢸ,வாக்குச்சீட்டு
ꢨꢜ꣄ꢒꢾ,வாடகை
ꢮꢵꢡꢶ,வாதி
ꢮꢵꢬ꣄ꢱꢸ,வாரிசு
ꢆꢡ꣄ꢬꢵꢤꢶꢒꢵꢬꢶ,வாரிசு
ꢱꢪꢶꢡꢶ,வாரியம்
ꢂꢥꢸꢦꢵꢡ꣄,விகிதம்
ꢸꢮꢶꢗꢵꢬꢠꣁ,விசாரணை
ꢱ꣄ꢮꢵꢡꢥ꣄ꢡ꣄ꢬꢸ,விடுதலை
ꢱꣁꢞ꣄ꢥꢶ,விடுப்பு
ꢱꣁꢞ꣄ꢮꢵꢬ꣄,விடுப்பு
ꢱꣂꢞꢶ,விடுமுறை
ꢮꢶꢦꢡ꣄ꢡꢸ,விபத்து
ꢮꢵꢫꢸꢱꢾꢥꣁ,விமானப்படை
ꢧꢵꢞ꣄,விரிசல்
ꢨꢶꢭ꣄ꢭꣁ,வில்லை
ꢪꣁꢭꢸ ꢙꢦ꣄ꢡꣁ,விலைபட்டியல்
ꢪꣁꢭꢸ ꢂꢜ꣄ꢜꢮꢥꣁ,விலைபட்டியல்
ꢮꢶꢮꢵꢣ꣄,விவாதம் `
ꢮꢵꢔ꣄ꢮꢶꢮꢵꢣ꣄,விவாதம் `
ꢆꢡ꣄ꢱꢮ꣄,விழா
ꢮꣀꢩꢮ꣄,விழா
ꢦ꣄ꢬꢡꢶꢯꢡ꣄,விழுக்காடு
ꢦ꣄ꢬꢡꢶꢯꣁꢡꢸ,விழுக்காடு
ꢮꢶꢙ꣄ꢛꢵꢦꢥꣁ,விளம்பரம்
ꢦ꣄ꢬꢒꢵꢬꢰꢥꣁ,விளம்பரம்
ꢮꢶꢒ꣄ꢒꢶꢥꢶ ꢒꢬꣁ,விற்பனை வரி
ꢣꢬꣁ,விகிதம்
ꢂꢩꢾꢒ꣄ꢯꢒꣁ,வேட்பாளர்
ꢂꢩꢾꢒ꣄ꢰꢸ,வேட்பு
ꢒꢵꢪ꣄ ꢲꢶꢨ꣄ꢨꢜ꣄ꢠꢶ,வேலை நிறுத்தம்
ꢒ꣄ꢬꢸꢰꢶ,வேளாண்மை
ꢮꢶꢥ꣄ꢫꢵꢱ꣄,வைப்புத்தொகை
ꢭꣁꢒ ꢡꢥ꣄ꢡ꣄ꢬꢸ,ஜனநாயகம்
ꢦ꣄ꢬꢙꢵ ꢡꢥ꣄ꢡ꣄ꢬꢸ,ஜனநாயகம்
ꢙꢥ ꢡꢥ꣄ꢡ꣄ꢬꢸ,ஜனநாயகம்
ꢙꢥꢵꢣꢶꢦꢡꢶ,ஜனாதிபதி
ꢏꢥ꣄ꢥꣁ,அவரைக்காய்
ꢂꢭ꣄ꢭꣁ,இஞ்சி
ꢤꢸꢬꢸꢳꢸ ꢪꢹꢳ꣄,உருளைக்கிழங்கு
ꢮꢖ꣄ꢔꢶ,கத்திரிக்காய்
ꢒꣀꢭꢒꢾꢱꢸꢬ꣄,காய்கறி
ꢩꢙ꣄ꢙꢶ,கீரை
ꢪꣁꢳ꣄꣄ꢒꢳ꣄꣄,கீரைத்தண்டு
ꢤꢾꢫꢳꣁ,கீரைத்தண்டு
ꢒꢵꢬꢜ꣄,கேரட்
ꢙꢶꢥ꣄ꢥꢮ꣄ꢬꢾ,கொத்தவரைக்காய்
ꢤꢥꢶꢫꣁ,கொத்துமல்லிக் கீரை
ꢱꢾꢒ꣄ꢒꢬ꣄ꢒꢾꢳꢖ꣄ꢔꢸ,சக்கரைவள்ளிக் கிழக்கு
ꢓꣁꢮ꣄ꢳꣁ,சாம்பல் பூசணி
ꢩꣁꢮ꣄ꢳꣁ,சுரைக்காய்
ꢱꢸꢬꢠ꣄,சேனை
ꢱꢿꢦꢪꢹꢳ꣄,சேம்பு
ꢡꢒ꣄ꢒꢵꢭꢶ,தக்காளி
ꢗꣁꢮ꣄ꢳꣁ,தட்டைப்பயிறு
ꢂꢪ꣄ꢨ꣄ꢳꣁ,நெல்லிக்காய்
ꢒꢗ꣄ꢗꢾ ꢪꢶꢬꢶꢒ꣄ꢒꣀꢭꣁ,பச்சைமிளகாய்
ꢦꢜ꣄ꢜꢵꢠꢶ,பட்டாணி
ꢦꣁꢱ꣄ꢒꢵꢫ꣄,பறங்கிக்காய்
ꢒꢭ꣄ꢭꣁ,பாகற்காய்
ꢮꢣꢸꢥꢵ ꢩꢙ꣄ꢙꢶ,புதினா
ꢦꣁꢜ꣄ꢔꢸꢭꣁ,புடலங்காய்
ꢒꢵꢭꢶꢧꢶꢳꢮꢬ꣄,பூக்கோசு
ꢓꢾꢮ꣄ꢭꣁ,பூசனிக்காய்
ꢭꣁꢱꢥ꣄,பூண்டு
ꢒꣃꢭꢒꢾꢱꢸꢬ꣄,மரக்கறி
ꢗꢾꢒ꣄ꢒꢬ꣄ ꢒꢶꢳꢖ꣄ꢔꢸ,மரச்சீனிக் கிழங்கு
ꢃꢭ꣄ꢮꢳꢶꢒ꣄ ꢒꢶꢳꢖ꣄ꢒꢸꢮ꣄,மரவள்ளிக் கிழங்கு
ꢒꢗ꣄ꢗꢪ꣄ꢨꣁ,மாங்காய்
ꢪꢸꢜ꣄ꢜꣀꢒꣂꢱ꣄,முட்டைகோஸ்
ꢱꢾꢮ꣄ꢒꢵ ꢒꣀꢭꣁ,முருங்கைக்காய்
ꢪꢸꢳꣁ,முள்ளங்கி
ꢒꢗ꣄ꢗꢾꢒꢾꢳꣁ,வாழைக்காய்
ꢩꢾꢠ꣄ꢞꢶꢒꣀꢭꣁ,வெண்டைக்காய்
ꢂꢔꢱ꣄ꢡꢶꢬ꣄,வெண்டைக்காய்
ꢮꢭ꣄ꢒꣁ,வெள்ளரிக்காய்
ꢂꢪꢵꢱ꣄,அமாவாசை
ꢮꢬꢵ ꢒꢵꢭ꣄,இலையுதிர்காலம்
ꢱꢨ꣄ꢣꢸ,ஒலி
ꢦ꣄ꢬꢒꢵꢰ꣄,ஒளி
ꢮꢵꢡꢵꢮꢬꢥ꣄,காலநிலை
ꢮꢿꢳ꣄꣄,காலம்
ꢒꢵꢭ꣄,காலம்
ꢲꢶꢪꢸꢱ꣄,குளிர்
ꢲꢶꢪ꣄ꢳꣁ,குளிர்காலம்
ꢲꢶꢪꢸꢱꢹ ꢒꢵꢭ꣄,குளிர்காலம்
ꢲꢹꢥꢸꢒꢵꢭ꣄,கோடை காலம்
ꢔ꣄ꢬꢷꢰ꣄ꢪ ꢒꢵꢭ꣄,கோடை காலம்
ꢲꢹꢥ꣄ꢥꣁ,சூடு
ꢱꢶꢳ꣄ꢳꣁ,தட்பம்
ꢯꢷꢡꢳ꣄,தட்பம்
ꢱꢷꢡꣂꢰ꣄ꢠꣁ,தட்பவெப்ப நிலை
ꢪꢸꢒꢸꢭ꣄ ꢮꢬꣁ,தென்றல்
ꢬꢸꢡꢸ,பருவம்
ꢬꢸꢡꢸ ꢦꣁꢮ꣄ꢱ꣄,பருவ மழை
ꢲꢶꢪꢸꢱ꣄ꢒꢵꢭ꣄,பனிக்காலம்
ꢲꢸꢪꢳꣁ,பனிக்காலம்
ꢦꢸꢠ꣄ꢠꢶꢪ꣄,பெளர்ணமி
ꢦꢹꢬ꣄ꢠꢶꢪꣁ,பெளர்ணமி
ꢮꢱꢥ꣄ꢡ ꢒꢵꢭ꣄,வசந்த காலம்
ꢮꢱꢥ꣄ꢡ ꢬꢸꢡꢸ,வசந்த காலம்
ꢏꢱ꣄ꢡꢵ ꢮꢬꣁ,வாடை
ꢲꢸꢥ꣄ꢥꣁ,வெப்பம்
ꢲꢹꢥꢸ ꢒꢵꢭ꣄,வேனிற்காலம்
ꢔ꣄ꢬꢷꢰ꣄ꢪ ꢬꢸꢡꢸ,வேனிற்காலம்
ꢂꢪ꣄ꢪꣁ,அம்மை
ꢓꢮ꣄ꢙꢵꢮ꣄,அரிப்பு
ꢓꢵꢱ꣄,அரிப்பு
ꢗꢶꢥꢲꢸ,அறிகுறி
ꢧꢜꢶꢥꢶ,அறுவை
ꢂꢙꢷꢬ꣄ꢥꢸ,அஜீரணம்
ꢱꣃꢒ꣄ꢫꢪ꣄,ஆரோக்கியம்
ꢂꢱ꣄ꢦꢡ꣄ꢡꢶꢬꢶ,ஆஸ்பத்திரி
ꢃꢱꢸ ꢩꢣ꣄ꢬꢶ,ஆஸ்பத்திரி
ꢓꣁꢮ꣄ꢭꣁ,இருமல்
ꢱꢮ꣄ꢬꢶꢫꢪ꣄,உடல் நலம்
ꢒꢾꢠ꣄ꢜꢵꢦꢷꢭ꣄,சுளுக்கு
ꢄꢥ꣄ꢒꢶꢥꢶ,சுளுக்கு
ꢩꢸꢬꢸꢩꢸꢬꢵꢭ꣄,ஊரல்
ꢦꢬꢸꢒꢾꢬ꣄ꢥꢶ,எதிர்விளைவு
ꢙꢵꢳ꣄,எரிச்சல்
ꢲꢜ꣄ꢒꣁ ꢪꢸꢞꢶꢥꢶ,எலும்பு முறிவு
ꢲꣁꢥꢵꢱ꣄ꢡꢾ,ஒவ்வாமை
ꢗꢾꢬ꣄ꢥꢵꢱ꣄ꢡꢾ,ஒவ்வாமை
ꢤꢾꢬ꣄ꢥꢵꢱ꣄ꢡꢾ,ஒவ்வாமை
ꢮꢪꢶ,கக்கல்
ꢏꢔꢬꢶ,கக்கல்
ꢮꢵꢥ꣄ꢣꢶ,கக்கல்
ꢬꢾꢔꢡ꣄ ꢔꢾꢳ꣄꣄ꢥꢶ,ரத்தகசிவு
ꢣꣁꢳꢵ ꢣꢸꢮ꣄ꢥꣁ,கண்வலி
ꢔꢾꢬꢳ꣄,கபம்
ꢔꢬ꣄ꢩꢸ ꢲꢵꢥꢶ,கருச்சிதைப்பு
ꢔꢬ꣄ꢩꢸ ꢥꢶꢬꣁꢣ꣄,கருத்தடை
ꢭꢮꢥ꣄ ꢲꣁꢔꢡ꣄,களிம்பு
ꢱꢷꢥ꣄,களைப்பு
ꢲꢜ꣄ꢒꣂ ꢡꢶꢙꢫ꣄ꢥꢶ,காசநோய்
ꢒꢵꢥꢸ꣄ ꢣꢸꢮ꣄ꢥꣁ,காதுவலி
ꢒꢪꢵꢭ꣄,காமாலை
ꢃꢖ꣄ꢔꢸ ꢲꢸꢥ꣄ꢥꣁ,காய்ச்சல்
ꢡꢵꢦ꣄,காய்ச்சல்
ꢦꢵꢄ~ ꢃꢠꢶ,காலாணி
ꢒꢺꢪꢶ ꢥꢵꢱꢶꢥꢶ,கிருமிநாசினி
ꢦꢶꢱꣁ,கிறுக்கு
ꢂꢥ꣄ꢡ꣄ꢬꢵꢪꢸ ꢓꢙ꣄ꢙꢸ,குடற்புண்
ꢮꢵꢪꢶ,குமட்டல்
ꢏꢔꢬꢶ,குமட்டல்
ꢔꣁꢳꢶ,குளிகை
ꢦꢷꢦ꣄,"சலம், சீழ்"
ꢦꣁꢜ꣄ꢱꢾ,சளி
ꢱꢶꢒꢶꢡ꣄ꢱꣁ,சிகிச்சை
ꢓꢙ꣄ꢙꢸ,சிரங்கு
ꢣꢾꢮꢶ,சின்னம்மை
ꢪꢭꢦ꣄ꢬꢮꢵꢲꢪ꣄,சீதபேதி
ꢦꢷꢦꢸ ꢔꢾꢞ꣄ꢞꣁ,சீழ்க்கட்டி
ꢄꢠ꣄ꢒꢶꢥꢶ,சுளுக்கு
ꢱꢾꢮꢒꢷ,செவிலி
ꢱꢸꢱ꣄ꢬꢸꢱꣁ ꢒꢾꢬ꣄ꢥꢵꢬ꣄,செவிலி
ꢓꢵꢱ꣄ꢦꣁꢜ꣄ꢜꢸ,சொறி
ꢓꢵꢱ꣄ꢓꢙ꣄ꢙꢸ,சொறி சிரங்கு
ꢧꢸꢔ꣄ꢥꢶ,தடிப்பு
ꢙꢵꢒ꣄ꢬꢡ ꢱꢶꢮꢶ ꢲꣁꢒꢡ꣄,தடுப்பு ஊசி
ꢙꢵꢒ꣄ꢬꢡ ꢲꣁꢒꢡ꣄,தடுப்பு மருந்து
ꢣꣁꢱ꣄ꢒꢵ ꢣꢸꢮ꣄ꢥꣁ,தலைவலி
ꢱꢶꢔꢶꢬ꣄,தும்மல்
ꢱꢶꢔꢸꢬ꣄,தும்மல்
ꢱꢷꢒ꣄,தும்மல்
ꢱꢶꢮ꣄ꢥꢶ,தையல்
ꢡꢾꢫ꣄ꢭ꣄,தைலம்
ꢬꣁꢔ꣄ ꢦꢾꢬ꣄ꢦꢶꢥꢶ,தொற்று
ꢤꢾꢭ꣄ꢥꢶ ꢮ꣄ꢫꢵꢤꢶ,தொற்று நோய்
ꢒꢾꢠ꣄ꢞꢵ ꢬꣂꢒ꣄,தோல் நோய்
ꢱꢾꢒ꣄ꢒꢬꢸ ꢒꣁꢳꢵꢬ꣄,நீரிழிவு
ꢮꢶꢫꢵꢣꢶꢱ꣄ꢢꢸ,நோயாளி
ꢬꣂꢔꢶ,நோயாளி
ꢬꣂꢔ꣄ ꢔ꣄ꢬꢱ꣄ꢡꢶ,நோயாளி
ꢣꢸꢮ꣄ꢥꣁ,நோவு
ꢦꢬ꣄ꢱ ꢮꢵꢫꢸ,பக்கவாதம்
ꢦꢵꢬ꣄ꢱ꣄ꢮ ꢮꢵꢫꢸ,பக்கவாதம்
ꢒꢶꢜꢵꢗꢸꢜ꣄ꢜꢸ,படர்தாமரை
ꢓꢵꢱ꣄,படை
ꢪꣁꢞ꣄ꢪꢾ,பரு
ꢪꣁꢠ꣄ꢪꢾ,பரு
ꢣꢵꢣꢸ ꢣꢸꢮ꣄ꢥꣁ,பல்வலி
ꢣꢵꢣꢸ ꢦꣁꢭ꣄ꢭꢪ꣄,பற்குழி
ꢦꢾꢫ꣄ꢡ꣄ꢡꢸ,பித்தம்
ꢙꢬ꣄ꢒꢾꢪ꣄,பிரசவம்
ꢙꢬ꣄ꢒꢾꢪꢸꢣꢸꢮ꣄ꢥꣁ,பிரசவவலி
ꢦꢭ꣄ꢭꢶꢥꢶ ꢣꢸꢮ꣄ꢥꣁ,பிரசவவலி
ꢦ꣄ꢬꢱꢮ ꢮꢾꢣꢥꣁ,பிரசவவலி
ꢆꢦꢩꢵꢤꣁ,பின்விளைவு
ꢆꢨꢵꢤꢒꣁ,பின்விளைவு
ꢆꢦꢵꢤꣁ,பின்விளைவு
ꢧꢭ꣄ꢗꢵ ꢨꢵꢤꣁ,பின்விளைவு
ꢓꢙ꣄ꢙꢸ,புண்
ꢦꢶꢱꣁ,பைத்தியம்
ꢗꢸꢠ꣄ꢜꢸꢭ꣄,பொடுகு
ꢭꢷꢒ꣄,பேன்முட்டை
ꢪꣁꢱ꣄ꢒꢭ꣄,மசக்கை
ꢪꢾꢖ꣄ꢒꢶꢥꢶ,மயக்கம்
ꢮꣀꢣ꣄ꢫꢪ꣄,மருத்துவம்
ꢮꢣ꣄ꢫ ꢯꢵꢭꣁ,மருத்துவமனை
ꢪꢭ ꢨꢥ꣄ꢤꢪ꣄,மலச்சிக்கல்
ꢪꣁꢥ꣄ꢥꢸ ꢒꣁꢳꢵꢬ꣄,மனநோய்
ꢔꣁꢳꢶ,மாத்திரை
ꢩꢬꢵꢜ꣄ ꢦꢶꢱꢡ꣄ꢡꢾ,மாதவிடாய்
ꢣꢹꢬ꣄ ꢬꢴꢥꢶ,மாதவிடாய்
ꢲꢿꢪꢸ ꢣꢸꢮ꣄ꢥꣁ,மார்புவலி
ꢔꢸꢠ꣄ꢜꢾꢪ꣄ ꢕꢵꢪ꣄,மாரடைப்பு
ꢧꣀꢭꣁ ꢏꢫ꣄ꢡꢦ꣄ꢦꢥ꣄,முதலுதவி
ꢪꢸꢞ꣄꣄ꢥꢶ,முறிவு
ꢔꢸꢞ꣄꣄ꢒꢵꢪ꣄ ꢣꢸꢮ꣄ꢥꣁ,மூட்டுவலி
ꢪꢹꢭꢪꢸ ꢒꣁꢳꢵꢬ꣄,மூலநோய்
ꢬꢾꢔꢡ꣄ ꢮꢿꢔ꣄,ரத்த அழுத்தம்
ꢬꣁꢪꢣꢸ ꢨꢶꢱ꣄ꢱꣁ,ரத்த அழுத்தம்
ꢬꢾꢔꢡꢸ ꢲꢷꢥ꣄,ரத்தச் சோகை
ꢭꢿꢒꢶꢫꢪ꣄,லேகியம்
ꢮꢭꢶꢮ꣄,வலிப்பு
ꢪꣁꢳꢶꢶ ꢣꢸꢮ꣄ꢥꣁ,மூட்டுவலி
ꢪꢸꢭꢪꢸꢒ꣄ ꢒꣁꢳꢵꢬ꣄,மூலனோய்
ꢮꢪ꣄ꢥꢶ,வாந்தி
ꢡꣂꢠꢹꢓꢙ꣄ꢙꢸ,வாய்ப்புண்
ꢮꢵꢫꢹ,வாய்வு
ꢄꢱ꣄ꢒꢶ,விக்கல்
ꢱꢹꢡ꣄,வீக்கம்
ꢨꢸꢬꢸꢞꣁ,வீக்கம்
ꢧꢸꢔ꣄ꢥꢶ,வீக்கம்
ꢨꢵꢣꣁ,வேதனை
ꢲꢶꢬ,ஆரஞ்சு
ꢥꢡ꣄ꢡꢭ꣄,இரத்தச்சிவப்பு
ꢒꣁꢪ꣄ꢨꢳꢮꢥꢶ,இளநிறம்
ꢒꣁꢪ꣄ꢨꢳ ꢦꣁꢭ꣄ꢱꣁ,இளம் பச்சை
ꢙꢾꢪ꣄ꢨ꣄ꢳ,ஊதா
ꢒꢳꣁ,கருநிறம்
ꢥꢶꢳꣁ,கருநீலம்
ꢕꢾꢞꢶ ꢦꣁꢭ꣄ꢱꣁ,கரும்பச்சை
ꢒꢳ,கறுப்பு
ꢒꢵꢰ꣄ꢜꢸ,காவி
ꢬꢪꢵ ꢦꣁꢭ꣄ꢱꣁ,கிளிப்பச்சை
ꢱꢶꢬ꣄ꢒ꣄ꢒꢥ꣄,சந்தணம்
ꢤꢹꢪ꣄ꢮꢥꢶ,சாம்பல்
ꢭꢴꣁꢮ꣄ꢮꣁ,சிவப்பு
ꢮꢥꢶ,நிறம் / வண்ணம்
ꢯ꣄꣄ꢫꢵꢪꣁ,நீலம்
ꢥꢶꢭ,நீலம்
ꢦꣁꢭ꣄ꢱꣁ,பச்சை
ꢂꢳ꣄ꢞꢸꢥꣁ,மஞ்சள்
ꢆꢙꢵꢳ꣄,வெள்ளை
ꢂꢦꢱꢾꢔꢸꢥ꣄,அபசகுனம்
ꢂꢪꢖ꣄ꢒꢭꢸ,அமங்கலம்
ꢪꢖ꣄ꢔꢭ ꢲꢶꢥ꣄,அமங்கலம்
ꢨꣁꢮ꣄ꢥꢶ ꢦꢡ꣄ꢬꢶꢒꣁ,அழைப்பிதழ்
ꢱ꣄ꢮꢵꢔꢡ ꢦꢡ꣄ꢬꢶꢒꣁ,அழைப்பிதழ்
ꢥꢶꢪꢥ꣄ꢡ꣄ꢬꢥ ꢦꢡ꣄ꢬꢶꢒꣁ,அழைப்பிதழ்
ꢨꣁꢮ꣄ꢥꢶ,அழைப்பு
ꢂꢗꢵꢬ꣄,ஆசாரம்
ꢣꢷꢮꢥꣁ,ஆசீர்வாதம்
ꢃꢱꢶꢬ꣄ꢮꢵꢣ꣄,ஆசீர்வாதம்
ꢆꢦꢮꢵꢱ꣄,உபவாசம்
ꢏꢔꢡ꣄,உபவாசம்
ꢔꣁꢬꢸ ꢤꢾꢬ꣄ꢥꢶ,ஏறுதழுவல்
ꢣꣁꢳꢵ ꢣꢶꢰ꣄ꢜꢶ,கண்ணேறு
ꢣꢺꢰ꣄ꢜꢶ,கண்ணேறு
ꢣꣁꢭ ꢦꣁꢞꢱ꣄ꢡꢾ,கண்ணேறு
ꢲꣁꢬꢵꢜ꣄,கல்யாணம்/திருமணம்
ꢮꢶꢮꢵꢲꣁ,கல்யாணம்/திருமணம்
ꢦꢵꢠꢶ ꢔꢺꢲꢠꣁ,கல்யாணம்/திருமணம்
ꢙꣁꢮꢳ꣄꣄,காதணிவிழா
ꢒꢵꢥ꣄ ꢮꢶ,காதணிவிழா
ꢪ ꢶꢥ꣄ꢡꢶꢥꢶ,காதணிவிழா
ꢪꢴꢹꢬ꣄ꢡꢸ ꢓꢵꢪ꣄ꢦꢸ ꢱ꣄ꢢꢵꢦꢥꣁ,கால்நடுதல்
ꢒꢸꢭ ꢮꣁꢕꢭꢱ꣄ꢡꢾ,குரவையிடுதல்
ꢚꢠ꣄ꢞꢮ꣄ ꢲꢶꢖ꣄ꢔꢞ꣄ꢠꢶ,கொடி யேற்றுதல்
ꢪꢸꢔ꣄ꢔꢸ,கோலம்
ꢱꢾꢔꢸꢥ꣄,சகுனம்
ꢱꢪ꣄ꢱ꣄ꢒꢵꢬ꣄,சடங்கு
ꢱꢶꢬ꣄ꢒ꣄ꢒꢠꢸ ꢂꢪ꣄ꢨꢶꢭ꣄,சந்தனக் குழம்பு
ꢦ꣄ꢬꢿꢣꢸꢒ꣄ ꢔꢞ꣄ꢠꢶ,சவ அடக்கம்
ꢦ꣄ꢬꢾꢡ꣄ ꢢꣁꢮꢥ꣄ ꢱ꣄ꢢꢵꢥ꣄,சவக்கிடங்கு
ꢦ꣄ꢬꢾꢣꢸꢦꣁꢭ꣄ꢭꢪ꣄,சவக்குழி
ꢦ꣄ꢬꢾꢣꢸ ꢔꢬ꣄ꢡꣁ,சவக்குழி
ꢦ꣄ꢬꢾꢣꢸꢦꢾꢞꢶ,சவப்பெட்டி
ꢩꣁꢬꢠꢶ,சிமிழ்
ꢱꢶꢥ꣄ꢣꢪ꣄,சீமந்தம்
ꢱꢶꢔ꣄ꢬꢪ꣄,சீர்
ꢦꣁꢭꣁ,சொப்பு
ꢛꢵꢥꢱ꣄ꢥꢵꢥ꣄,ஞானஸ்நானம்
ꢣꢲꢥꣁ,தகனம்
ꢡꢒ꣄ꢰ꣄ꢠꣁ,தட்சிணை
ꢡꢪ꣄ꢦꢡꢶ,தம்பதி
ꢭꢾꢗ꣄ꢗꢾ,தாயத்து
ꢣꣁꢬꢶꢪ꣄ ꢨꣁꢜ꣄ꢜꢸ,தாலி
ꢪꢵꢖ꣄ꢔꢭ꣄ꢫꢸ,தாலி
ꢨꣁꢜ꣄ꢜꢸ ꢩꢥ꣄ꢣꢶ,தாலி கட்டு
ꢲꣁꢬꢵꢜꢸ ꢱꢶꢔ꣄ꢬꢪ꣄,திருமண அன்பளிப்பு/பரிசு
ꢲꣁꢬꢵꢜꢸ ꢩꣁꢔꢸꢪꢵꢥꢶ,திருமண அன்பளிப்பு/பரிசு
ꢲꣁꢬꢵꢜꢸ ꢪꢠ꣄ꢣꢦ꣄,திருமண மண்டபம்
ꢡꢶꢥ꣄ꢥꢵꢳ꣄꣄,திருநாள்
ꢱꢸꢦ ꢮꣀꢩꢮ꣄,திருநாள்
ꢱꢾꢥ꣄ꢥꢸ,திருவிழா
ꢮꣀꢩꢮ꣄,திருவிழா
ꢡꢶꢥ꣄ꢥꢵꢳ꣄,திருவிழா
ꢬꢾꢡ꣄ꢡꢸꢱꢾꢥ꣄ꢥꢸ,தேர்த்திருவிழா
ꢩꢶꢠ꣄ꢞꢶꢥꢶ,நம்பிக்கை
ꢥꣁꢪ꣄ꢒꢾ,நம்பிக்கை
ꢱ꣄ꢮꢵꢔꢡꣁ,நல்வரவு
ꢡꢸꢜ꣄ꢫꢵꢥꢸ ꢲꣁꢬꢵꢜ꣄,நிக்கா
ꢕꢾꢜ꣄ꢜꢶꢮꢶꢞꣁ,நிச்சயத்தாம்பூலம்
ꢣꢿꢱ꣄,நிச்சயதார்த்தம்
ꢨꢠꢵꢭ꣄,பட்டாசு
ꢦꣁꢜ꣄ꢜꢵꢱ꣄,பட்டாசு
ꢱꢪ꣄ꢱ꣄ꢒꢺꢡꢶ,பண்பாடு
ꢪꢮ꣄ꢞꣁ,பந்தல்
ꢦꢵꢡꢶ,பந்தி
ꢦꢖ꣄ꢒ꣄ꢡꢶ,பந்தி
ꢩꣁꢔꢸꢪꢵꢥ꣄,பரிசு
ꢨꣁꢭꢶ,பலி
ꢬꣂꢙꢵ ꢧꢹꢭꢸꢦꢥꢶ,பன்னீர்
ꢦꢥ꣄ꢥꢷꢬ꣄ ꢓꢸꢪ꣄ꢨꢵꢮ꣄,பன்னீர்க்கும்பா
ꢦꢵꢞꣁ,பாடை
ꢣꢹꢡ ꣄ꢲꢸꢥ꣄ꢥꣁ ꢒꢾꢬꢱ꣄ꢡꢾ,பால்காய்ச்சுதல்
ꢣꢹꢡ꣄ ꢡꢮꢱ꣄ꢡꢾ,பால்காய்ச்சுதல்
ꢦꢶꢠ꣄ꢞꢸ,பிண்டம்
ꢆꢙꢾꢣꢶꢮꢱ꣄,பிறந்தநாள்
ꢆꢙꢾ ꢣꢶꢥ꣄ꢥꢸ,பிறந்தநாள்
ꢧꢹꢭꢸ ꢪꢸꢔ꣄ꢔꢸ,பூக்கோலம்
ꢔꢺꢲ ꢦ꣄ꢬꢮꢿꢱ꣄,புதுமனைப் புகுவிழா
ꢦꢸꢬꣁꢲꢶꢡ꣄,புரோகிதன்
ꢦꢸꢬꢾꢡ꣄,புரோகிதன்
ꢦꢸꢙꢬꢶ,பூசாரி
ꢗꢵꢭꢸ ꢮꢶꢱꢾꢯ꣄,பூப்புநீராட்டுவிழா
ꢨꢾꢜ꣄ꢒꢶ ꢱꢵꢱ꣄ꢡꢾ,பெண்பார்த்தல்
ꢥꢵꢪꢔꢬꢠꣁ,பெயர்சூட்டுதல்
ꢱꢾꢜ꣄ꢜꢶ,பெயர்சூட்டுதல்
ꢲꣁꢬꢵꢜꢸꢪꢮ꣄ꢞꣁ,மணப்பந்தல்
ꢥꣁꢮ꣄ꢬꢶ,மணமகள்
ꢥꣁꢮ꣄ꢬꣁ,மணமகன்/ மாப்பிள்ளை/ வரன்
ꢲꣁꢬꢵꢜꢸ ꢲꢵꢬ,மணமாலை
ꢲꣁꢬꢵꢜꢸ ꢦꢷꢝꢪ꣄,மணமேடை
ꢦꢣ꣄ꢣꢣꢶ,மரபு
ꢮꢡ꣄ꢒꢾ,மரபு
ꢦꢸꢥꢬ꣄ꢙꢾꢥ꣄ꢪꢸ,மறுபிறவி
ꢦꢷꢞꢸꢪꢸꢔ꣄ꢔꢸ,மாக்கோலம்
ꢲꢵꢬ꣄ꢧꢶꢬꢶꢕꢭ꣄ꢭꢶꢥꢶ,மாலைமாற்றல்
ꢪꢵꢭꣁ ꢪꢗ꣄ꢗꢸꢭꢱ꣄ꢡꢾ,மாலைமாற்றல்
ꢦꢵꢄ~ ꢪꢸꢣ꣄ꢣꢶ,மிஞ்சி
ꢮꢶꢛ꣄ꢗꢸ ꢨꣁꢜ꣄ꢜꢸ,மிஞ்சி
ꢒꢾꢥ꣄ꢥꢭ꣄,மொய்
ꢪꢸꢣ꣄ꢣꢶꢪꢬ꣄ꢗꢸꢭꢱ꣄ꢡꢾ,மோதிரம் மாற்றல்
ꢪꢴꢹꢬ꣄ꢡꢸ,முகூர்த்தம்
ꢭꢾꢔꢶꢥ꣄,முகூர்த்தம்
ꢪꢴꢸꢞꢨꢶꢠ꣄ꢞꢶꢥꢶ,மூட நம்பிக்கை
ꢱ꣄ꢮꢵꢔꢣ꣄,வரவேற்பு
ꢒꣀꢥꣁ ꢧꢶꢬꢞ꣄ꢥꢶ,வளைகாப்பு
ꢡꢥ꣄ꢣꢸ ꢡꣀꢥꢶ,வாய்க்கரிசி
ꢥꢥ꣄ꢣꢶꢥꢶ,வாழ்த்து
ꢙꣁꢪꢥ꣄,விருந்து
ꢔꣁꢬꢸ ꢆꢞ꣄ꢔꢠ꣄ꢠꢶ,ஜல்லிக்கட்டு
ꢙꢬ꣄,ஜாதகம்
ꢡ꣄ꢒꢾꢪ꣄ ꢦꢵꢥ꣄,ஜாதகம்
ꢂꢞꢸꢪꢹꢳ꣄,ஆணிவேர்
ꢬꢿꢒ꣄,பூவிதழ்
ꢣꢳꣁ,பூவிதழ்
ꢦꢵꢥ꣄,இலை
ꢦꢵꢥꢸꢥꢾꢬꢪ꣄,இலை நரம்பு
ꢔꢾꢠꢸꢒ꣄,கணு
ꢭꢫ꣄ꢞꣁ,கம்பு
ꢭꢔꢸꢞꣁ,கம்பு
ꢥꢴꢥ꣄ ꢚꢜ꣄ꢒꢶ,கன்று
ꢦꣁꢳ꣄ꢳꣁ,கனி
ꢦꢳ꣄ꢳꣁ,கனி
ꢒꢵꢪ꣄ꢨꢸ,காம்பு
ꢡꢵꢠ꣄,காம்பு
ꢒꢫ꣄ꢭꣁ,காய்
ꢔꢾꢙ꣄ꢙꢥꢵ ꢚꢵꢜ꣄,காளான்
ꢯꢵꢔꣁ,கிளை/ கொம்பு
ꢒꣁꢪ꣄ꢨꢸꢳꣁ ꢦꢵꢥ꣄,குருத்து
ꢦꣁꢱ꣄ꢒꢾ,குற்றுச்செடி
ꢔꢸꢳ꣄꣄ꢪꣁ,குற்றுச்செடி
ꢮꢶꢡ꣄ꢡꢸ,கொட்டை
ꢨꢷꢒ꣄,கொட்டை
ꢚꢳ꣄ꢳꣁ,கொடி
ꢮꢿꢭ꣄,கொடி
ꢒꣁꢪ꣄ꢪꣁ,கிளை
ꢱꢾꢒ꣄ꢒꢬ꣄ ꢒꢾꢳꢖ꣄ꢔꢸ,சர்க்கரைவள்ளி
ꢔꣂꢠ꣄꣄,சணல்
ꢔꣂꢥ꣄,சணல்
ꢡꢵꢡꢸꢪꢹꢳ꣄,சல்லிவேர்
ꢗꢾꢡ꣄ꢡꣁ,சுள்ளி
ꢚꢜ꣄ꢒꢶ,செடி
ꢨꣁꢥ꣄ꢣꢿ,வாழைத்தண்டு
ꢓꢜ꣄ꢜꢶ,தண்டு
ꢪꢸꢒꢸꢭꢸ ꢦꢵꢥ꣄,தளிர்
ꢗꢶꢒꢸꢬ꣄,தளிர்
ꢂꢖ꣄ꢒꢸꢬ꣄,தளிர்
ꢢꣁꢳ꣄꣄ꢗꢶ,துளசி
ꢗꢵꢫ꣄ꢦꢵꢥ꣄,தேயிலை
ꢜꢷ ꢦꢵꢥ꣄,தேயிலை
ꢪꢫ꣄,தேன்
ꢪꢤꢸ,தேன்
ꢡꢾꢥꢾ,தேன்
ꢣꢾꢙ꣄ꢙꢥꢵꢚꢵꢜ꣄,நாய்க்குடை
ꢱꢡꢶꢙꢵꢞ꣄,நாய்க்குடை
ꢥꢵꢡ꣄,நாற்று
ꢦꢷꢙꢵꢖ꣄ꢒꢸꢬ꣄,நாற்று
ꢤꢹꢪ꣄ꢦꢵꢥ꣄,புகையிலை
ꢱꢵꢳꢸ ꢦꢾꢫꢶꢬ꣄,நெற்பயிர்
ꢱꢵꢳꢸ ꢆꢦꢙꢵꢮ꣄,நெற்பயிர்
ꢦꢾꢫꢶꢬ꣄ ꢦꢠ꣄ꢜꣁ,நெற்பயிர்
ꢆꢦꢙꢵꢮ꣄,பயிர்
ꢨꢵꢛ꣄ꢙꢶ,பாசி
ꢦꢶꢥ꣄ꢣꣁ,பிஞ்சு
ꢨꢾꢡ꣄ꢡꢪ꣄ ꢮꢳ꣄ꢜꢶ,பிரம்பு
ꢦꣁꢣꢬ꣄,புதர்
ꢦꣁꢱ꣄ꢒꢾ,புல்
ꢲꢬꢳꢶ,அருகம்புல்
ꢧꢸꢭ꣄,பூ
ꢧꢸꢭꢶ ꢚꢜ꣄ꢒꢶ,பூச்செடி
ꢃꢳ꣄ꢮꢥꢶ ꢒꢾꢳꢖ꣄ꢔꢸ,மரச்சீனி/ மரவள்ளி
ꢓꢜꣁ,முள்
ꢪꣁꢭ꣄ꢒꣁ,முளை
ꢂꢖ꣄ꢒ꣄ꢬꣁ,முளை
ꢨꣁꢖ꣄ꢔꢸ,மூங்கில்
ꢪꢸꢔꢸꢭ꣄,மொட்டு
ꢪꢹꢳꢸꢒꢾꢳ꣄,அடிவாழை
ꢒꢿꢳꢸ ꢚꢵꢞ꣄,வாழை மரம்
ꢮꢶꢡ꣄ꢡꢸ,வித்து
ꢨꢷꢒ꣄,விதை
ꢪꢹꢭ꣄,வேர்
ꢆꢪ꣄ꢨ꣄ꢳꢵ ꢚꢵꢜ꣄,அத்தி மரம்
ꢦꢶꢪ꣄ꢦꢭ꣄ ꢚꢵꢜ꣄,அரச மரம்
ꢐꢞ ꢚꢵꢜ꣄,ஆல்
ꢪꢸꢱꢸꢠ꣄ꢞꢶꢚꢵꢜ꣄,நெட்டி
ꢚꢥ꣄ꢥꢶ,ஈச்சமார்
ꢚꢠ꣄ꢠꢶ,ஈச்சமார்
ꢭꢶꢪ꣄ꢨꢸ,எலுமிச்சை
ꢦꢬꢸꢠ꣄ꢞꣁ,ஓலை
ꢦꢶꢒ꣄ꢒꢾ ꢮꢾꢥ꣄ꢥꢸ,கதிர்
ꢲꢦ꣄ꢦꢭꢸꢚꢵꢜ꣄,கமுகு
ꢮꢶꢬ꣄ꢡꢵꢮꢸ ꢦꣁꢱ꣄ꢒꢾ,களை
ꢒꢾꢬ꣄ꢦꢵꢮꢸ ꢦꢵꢥ꣄,கறிவேப்பிலை
ꢱꢵꢓꣁ,கிளை/ கொம்பு
ꢄꢪ꣄ꢨꢸꢳꣁ,கொய்யா
ꢬꢵꢠꢸ ꢆꢳꢵ ꢧꢹꢭ꣄,கொன்றை
ꢥꢬꢳꢸ ꢥꢵꢬ꣄,தேங்காய் நார்
ꢪꢒꢬꢥ꣄ꢡ ꢓꣁꢭ꣄ꢜꢶ,சூல்முடி
ꢭꢫ꣄ꢞꣁ,தடி
ꢤꢾꢫ꣄ꢳꣁ,தண்டு
ꢥꢬꢳꢸ ꢚꢵꢃꢜ꣄,தெங்கு/தென்னை மரம்
ꢡꢿꢒ꣄ꢒꢸ ꢚꢵꢜ꣄,தேக்கு மரம்
ꢣꣁꢮ꣄ꢞꣁ,தொலி
ꢮꢭ꣄ꢒꢭꣁ,தோடு
ꢦꢜ꣄ꢜꢾ,தோடு
ꢙꢾꢪ꣄ꢦꢸ ꢚꢵꢜ꣄,நாவல் மரம்
ꢂꢪ꣄ꢨꢸꢳꢵ ꢚꢵꢜ꣄,நெல்லி மரம்
ꢦꢦ꣄ꢦꢵꢳꢶꢶ ꢚꢵꢜ꣄,பப்பாளி மரம்
ꢦꣁꢥ꣄ꢥꢶꢱꢸ ꢚꢵꢜ꣄,பலா மரம்
ꢡꢵꢞꢶ ꢚꢵꢜ꣄,பனை மரம்
ꢲꢦ꣄ꢦꢳꢸ ꢚꢵꢜ꣄,பாக்கு
ꢒꢵꢥꢸ ꢚꢵꢜ꣄,புங்கை மரம்
ꢡꢪꢵꢭ ꢚꢵꢜ꣄,புங்கை மரம்
ꢗꢷꢱꢸ꣄ ꢚꢵꢜ꣄,புளிய மரம்
ꢨꢵꢛ꣄ꢙꢶ,பூஞ்சானம்
ꢓꢱ꣄ꢭꣁ,பேரீச்சை
ꢚꢵꢜꢸ ꢬꢾꢥ꣄ꢡꢸ,மரப்பொந்து
ꢕꢸꢮ꣄ꢮꣁ,மரப்பொந்து
ꢚꢵꢜ꣄,மரம்
ꢒꢗ꣄ꢗꢪ꣄ꢨꢵ ꢚꢵꢜ꣄,மாமரம்
ꢪꢸꢥ꣄ꢣꢶꢬꢶ ꢚꢵꢜ꣄,முந்திரி
ꢱꢾꢮ꣄ꢒꢵ ꢚꢵꢜ꣄,முருங்கை
ꢨꣁꢖ꣄ꢔꢸ ꢚꢵꢜ꣄,மூங்கில்
ꢭꢷꢪꢸ ꢚꢵꢜ꣄,வேம்பு
ꢭꢾꢔꢸꢡ꣄ꢡꢵ ꢣꢶꢥ꣄ꢥꢸ,அடுத்த நாள்
ꢲꢣ꣄ꢣꢸꢬꢵꢡ꣄,அர்த்த ராத்திரி
ꢡꢾꢥ꣄ꢣꢸꢱ꣄,அன்று
ꢏꢬ꣄ꢱꢸ,ஆண்டு
ꢬꢵꢡ꣄,இரவு
ꢬꢵꢣꢶ,இரவு
ꢲꢶꢥ꣄ꢣꣁ,இன்று
ꢒꣂꢥ꣄ꢫ ꢣꢶꢥ꣄ꢥꢸ,என்று
ꢒꢵꢭꢸ,காலம்
ꢮꢿꢳ꣄,காலம்
ꢧꢭ꣄ꢡꢶ ꢧꢵꢬ꣄,காலை
ꢱꣁꢳ ꢶꢧꢵꢬ꣄,காலை
ꢧꣀꢭ ꢧꢵꢬ꣄,காலை
ꢣꢶꢥ꣄ꢥꢸ,கிழமை
ꢮꢵꢬ꣄,கிழமை
ꢱꢔꢨ꣄꣄ꢡꢸ,சகாப்தம்
ꢮꢿꢳ꣄,சமயம்
ꢮꢷꢳ꣄ ꢮꢾꢳꢸ,சாயங்காலம்
ꢮꢷꢳ꣄ ꢱꢾꢥ꣄ꢣꢸꢭꣁ,சாயங்காலம்
ꢪꢴꢞꣁ,திங்கள்
ꢣꢶꢥ꣄ꢥꢸ,தேதி
ꢣꢶꢥꢵꢖ꣄ꢒꢸ,தேதி
ꢣꢷꢱ꣄,நாள்
ꢱꣁꢥ꣄ꢣꣁ,நாளை
ꢦꣁꢬꢪ꣄,நாளை மறுநாள்
ꢥꢶꢪꢸꢰ꣄,நிமிடம்
ꢱꣂꢮꢸ ꢏꢬ꣄ꢱꢸ,நூற்றாண்டு
ꢱꢡꢵꢨ꣄ꢣꢶ,நூற்றாண்டு
ꢕꢾꢞꢶ,நேரம்
ꢮꢿꢳ꣄꣄,நேரம்
ꢒꢵꢭ꣄,நேற்று
ꢣꢷꢱ꣄,பகல்
ꢤꢸꢧꢵꢬꢶ,"பிற்பகல், மத்தியானம்"
ꢂꢜ꣄ꢜꢵꢱ꣄,"பிற்பகல், மத்தியானம்"
ꢕꢾꢞꢶ,மணி
ꢮꢾꢳ꣄꣄,மணி
ꢥꢶꢪꢸꢱ꣄,மணித்துளி
ꢱꣁꢥ꣄ꢣꣁ,மறுநாள்
ꢣꢸꢱꢸꢬꢥ꣄ꢣꢶ,மறுநாள்
ꢣꢸꢱ꣄ꢬꢥ꣄ꢣꢶ,மறுநாள்
ꢪꢴꢜꣁ,மாதம்
ꢮꢷꢳ꣄ꢜꣁ,மாலை
ꢦꣁꢬꢪ꣄,முந்தாநாள்
ꢧꣀꢭꢣꢷꢱ꣄,முற்பகல்
ꢮꢵꢬ꣄,வாரம்
ꢧꢭ꣄ꢡꢶꢧꢵꢬ꣄,விடிகாலை
ꢧꣀꢭꢧꢵꢬ꣄,விடிகாலை
ꢱꣁꢞꢒ ꣄ꢕꢾꢞꢶ,வினாடி
ꢫꢸꢒꢪ꣄,யுகம்
ꢂꢫ꣄ꢡ꣄ꢮꢵꢬ꣄,ஞாயிற்றுக் கிழமை
ꢱꣁꢪ꣄ꢮꢵꢬ꣄,திங்கள் கிழமை
ꢪꢖ꣄ꢔꢳ꣄ꢮꢵꢬ꣄,செவ்வாய்க் கிழமை
ꢨꢸꢤꢮꢵꢬ꣄,புதன் கிழமை
ꢨ꣄ꢬꢸꢲꢱ꣄ꢡꢮꢵꢬ꣄,வியாழக் கிழமை
ꢱꢸꢒ꣄ꢬꢮꢵꢬ꣄,வெள்ளிக் கிழமை
ꢱꢾꢥꢶꢮꢵꢬ꣄,சனிக் கிழமை
ꢂꢣꢶꢪꢤꢸꢬꢪ꣄,அதிமதுரம்
ꢡꢥ꣄ꢣꢸ,அரிசி
ꢍꢬꢠ꣄ꢞꣁ,ஆமணக்கு
ꢭꣁꢪ꣄ꢧꢹꢭ꣄,இலவங்கம்
ꢪꢷꢜ꣄,உப்பு
ꢆꢖ꣄ꢒꣁ,உமி
ꢣꢸꢱꣁ,உமி
ꢤꢹꢳ꣄꣄ꢪꢹꢳ꣄꣄,உருளைக் கிழங்கு
ꢒꢥ꣄ꢣꣁ,உள்ளி
ꢆꢞꢶꢡ꣄,உளுந்து
ꢡꢿꢭ꣄,எண்ணெய்
ꢡꢷꢳ꣄꣄,எள்ளு
ꢌꢭꣁ,ஏலம்
ꢏꢪꣁ,ஓமம்
ꢔꢱꢔꢱꢵꢭ꣄,கசகசா
ꢗꢾꢥ꣄ꢥꣁ,பொரிக்கடலை
ꢪꢴꢸꢬꢶ,கடுகு
ꢭꢮꢖ꣄ꢔ ꢦꢜ꣄ꢜꣀ,கருவாப்பட்டை
ꢓꢾꢠ꣄ꢞꢸ,கல்கண்டு
ꢄꢒ꣄ꢱꢸꢔꢾꢞ꣄ꢞꣁ,கல்கண்டு
ꢒꢸꢳꢶꢡ꣄,"காணம், கொள்ளு"
ꢒꢵꢦꢶꢩꢸꢬ꣄ꢒꣁ,காப்பிப்பொடி
ꢲꢶꢖ꣄ꢔꢸ,பெருங்காயம்
ꢒꢶꢱ꣄ꢪꢶꢱ꣄,கிஸ்மிஸ்
ꢒꢸꢖ꣄ꢒꢸꢪ꣄ꢧꢸꢭ꣄,குங்குமப்பூ
ꢒꢾꢱꢬꢶ,குங்குமப்பூ
ꢃꢬꢮꢭ꣄ꢭꢶ ꢩꢸꢬ꣄ꢒꣁ,கூழுமாவு
ꢬꢴꢔꢶ,கேழ்வரகு
ꢒꢿꢱꢬꢶꢩꢸꢬ꣄ꢒꣁ,கேசரி
ꢒꢗ꣄ꢗꢾꢥ꣄ꢥꣁ,கொண்டைக் கடலை
ꢤꢥꢶꢫꢵ,கொத்துமல்லி
ꢒꣁꢡ꣄ꢡꢪꢭ꣄ꢭꢶ,கொத்துமல்லி
ꢱꢸꢒ꣄ꢒꢾ ꢥꢬꢾꢭ꣄,கொப்பரைக் தேங்காய்
ꢕꣁꢪꢸ,கோதுமை
ꢕꣂꢪ ꢡꢥ꣄ꢣꢸ,கோதுமை
ꢱꢾꢒ꣄ꢒꢬ꣄,சர்க்கரை
ꢥꢶꢳꢪ꣄,சிறுபயிறு
ꢱꢶꢔꢵꢫ꣄ꢩꢸꢬ꣄ꢒꣁ,சிகைக் காய்ப்பொடி
ꢙꢶꢬꣁ,சீரகம்
ꢗꢾꢒ꣄ꢒꢬ꣄ ꢒꢾꢳꢖ꣄ꢒꢸ,சீனிக் கிழங்கு
ꢱꣁꢠ꣄ꢜꢶ,சுக்கு
ꢫꣂꢞ ꢪꢷꢜ꣄,சோடா உப்பு
ꢚꣁꢳ꣄ꢳꣁ,சோளம்
ꢒꣁꢠ꣄ꢞꣁ,தவிடு
ꢤꣂꢬꢸꢨꢾꢳꣁ,துவரம் பருப்பு
ꢤꣂꢬ꣄,துவரை
ꢥꢬꢸꢳꢸ ꢡꢾꢭ꣄,தேங்காய் எண்ணெய்
ꢜꢷ,தேயிலை
ꢗꣁꢒꢜ꣄ꢡꢾꢭ꣄,நல்லெண்ணெய்
ꢩꣁꢄꢄ ꢗꢾꢥ꣄ꢥꣁ,நிலக்கடலை
ꢒꢞꢭꢾ,நிலக்கடலை
ꢱꢵꢭ꣄,நெல்
ꢨꢾꢳꣁ,பருப்பு
ꢱꢶꢱ꣄ꢭꣁ,பலசரக்கு
ꢂꢦ꣄ꢦꢳ꣄,பாக்கு
ꢥꢶꢭꢪꢸ꣄ ꢨꢾꢳꣁ,பாசிப்பயிறு
ꢨꢵꢣꢵꢪ꣄,பாதாம் பருப்பு
ꢨꢵꢬ꣄ꢭꢶ,பார்லி
ꢤꢸꢪ꣄ꢦꢵꢥ꣄,புகையிலை
ꢲꢸꢞ ꢡꢥ꣄ꢣꢸ,புழுங்கல் அரிசி
ꢗꢷꢱ꣄,புளி
ꢪꢴꣁꢞ ꢙꢶꢬꣁ,பெருஞ்சீரகம்
ꢲꢳꢡ꣄,மஞ்சள்
ꢣꢶꢔꢬꢪ꣄,மண்ணெண்ணெய்
ꢦꢷꢜ꣄,மாவு
ꢪꢶꢬꢶ,மிளகு
ꢒꢵꢙꢸ,முந்திரிப் பருப்பு
ꢒꢾꢥ꣄ꢥꢸ,மொச்சைப் பயிறு
ꢬꢮꢾ,ரவை
ꢱꣁꢙ꣄ꢙꢶ,ரவை
ꢦꢹꢱꢸ ꢪꢶꢬꢶ,வால்மிளகு
ꢗꢫ꣄ꢭꢶ,வெஞ்சனம்
ꢪꢶꢡ꣄ꢡꢶ,வெந்தயம்
ꢔꢸꢳ꣄ꢳꢸ,வெல்லம்
ꢔꢸꢞ꣄ꢳꢸ,வெல்லம்
ꢒꢞꢭꢾ,வேர்க்கடலை
ꢙꢵꢡꢶ ꢒꢫ꣄ꢭꣁ,ஜாதிக்காய்
ꢤꢸꢪ꣄ꢨꢸꢬꢵꢱ꣄ꢜꢸ,சித்தரத்தை
ꢓꢙꢸꢬ꣄,பேரிச்சம்பழம்
ꢓꢱ꣄ꢭꣁ,பேரிச்சம்பழம்
ꢣꢫ꣄ꢬꣁ,இடது
ꢣꢫ꣄ꢬ,இடம்
ꢓꣃꢥꢱ꣄,கிழக்கு
ꢣꢶꢒ꣄ꢒꢸ,திக்கு
ꢣꢶꢱꣁ,திசை
ꢣꢾꢒ꣄ꢰꢠ꣄,தெற்கு
ꢣꢾꢒ꣄ꢰꢓꣃꢥꢱ꣄,தென்கிழக்க
ꢣꢾꢒ꣄ꢰꣁꢱ꣄ꢡꣁ,தென்மேற்கு
ꢆꢡ꣄ꢡꢬ꣄,வடக்கு
ꢆꢡ꣄ꢓꣃꢥꢱ꣄,வடகிழக்கு
ꢆꢡ꣄ꢲꣁꢱ꣄ꢡꣁ,வடமேற்கு
ꢙꢫ꣄ꢥꣁ,வலது
ꢙꢫ꣄ꢥ,வலம்
ꢂꢱ꣄ꢡꢪꢥꣁ,அஸ்தமனம்
ꢂꢒꢵꢯ꣄ ꢔꢾꢖ꣄ꢔꣁ,ஆகாயகங்கை
ꢂꢒꢵꢱ꣄,ஆகாயம்
ꢮꢵꢦ꣄,ஆவி
ꢦꢮꢶ,இடி
ꢦꢶꢞꢸ,இடி
ꢲꢥ꣄ꢣꢵꢬ꣄,இருட்டு
ꢔꢾꢮꢶ,இருட்டு
ꢆꢣꢫꢪ꣄,உதயம்
ꢱꢸꢬꢶꢡꢸ ꢥꢶꢒꢶꢭ꣄ꢥꢶ,உதயம்
ꢙꢵꢳꢸꢗꢸꢒ꣄ꢒꣁ,எரி நட்சத்திரம்
ꢂꢔꢗꢵꢭ꣄ ꢂꢫ꣄ꢣꢸ,ஏவுகணை
ꢦ꣄ꢬꢒ꣄ꢰꢾꢦꢥꣁ,ஏவுகணை
ꢕꢶꢬꢵꢠ꣄,கிரகணம்
ꢔꣁꢳ꣄꣄,கிரகம்
ꢒꢶꢬꢠ꣄,கிரணம்
ꢒꢿꢡꢸ,கேது
ꢗꢥ꣄ꢣ꣄ꢬ ꢕ꣄ꢬꢵꢠ꣄,சந்திர கிரகணம்
ꢗꢵꢥ꣄ꢣꢸ ꢕ꣄ꢬꢵꢠ꣄,சந்திர கிரகணம்
ꢗꢾꢥ꣄ꢣꢵꢪꢸ ꢕ꣄ꢬꢵꢠ꣄,சந்திர கிரகணம்
ꢗꢾꢥ꣄ꢣꢵꢪ꣄,சந்திரன்
ꢗꢵꢥ꣄ꢣꢸ,சந்திரன்
ꢱ꣄ꢥꢶ,சனி
ꢱꢾꢥꢶ,சனி
ꢱꢸꢒ꣄ꢒꢸꢬ꣄,சுக்கிரன்
ꢱꢸꢳꢶꢮꢬꣂ,சுழற்காற்று
ꢱꢹꢬ꣄ꢫ ꢕ꣄ꢬꢵꢠ꣄,சூரிய கிரகணம்
ꢱꢸꢬꢶꢡꢸ ꢪꢠ꣄ꢞꢭ꣄,சூரிய மண்டலம்
ꢱꢹꢬ꣄ꢫ ꢪꢠ꣄ꢞꢭ꣄,சூரிய மண்டலம்
ꢱꢸꢬꢶꢡ꣄,சூரியன்
ꢩꢵꢥꢸ,சூரியன்
ꢆꢦꢨ꣄ꢬꢲꣁ,செயற்கைக்கோள்
ꢪꢖ꣄ꢔꢳ꣄ ꢔ꣄ꢬꢲꣁ,செவ்வாய்
ꢱꢸꢬꢶꢡ,ஞாயிறு
ꢱꢬꢔ꣄ꢬꢲꣁ,துணைக்கிரகம்
ꢗꢶꢥꢸꢒ꣄,தூறல்
ꢗꢶꢖ꣄ꢒꢸꢭ꣄,தூறல்
ꢪꢵꢬꢸꢡ꣄,தென்றல்
ꢗꢸꢒ꣄ꢒꣁ,நட்சத்திரம்
ꢥꣁꢮ꣄ꢔꢶꢬꢲꢵꢥ꣄,நவக்கிரகம்
ꢗꢾꢥ꣄ꢣꢵꢪꢸ ꢲꢹꢙꢵꢭ꣄,நிலவு
ꢗꢥ꣄ꢣ꣄ꢬꢶꢒꣁ,நிலவு
ꢗꢥ꣄ꢣ꣄ꢬ ꢦ꣄ꢬꢩꣁ,நிலவு
ꢒꣃꢪꢸꢣꢶ,நிலவு
ꢗꢾꢥ꣄ꢡꢵꢪ꣄,நிலா
ꢗꢵꢥ꣄ꢣꢸ,நிலா
ꢄꢥ꣄ꢣꢸ,நிலா
ꢗꢥ꣄ꢣ꣄ꢬꢫꢵꢥ꣄,நிலாவூர்தி
ꢬꢸꢡꢸꢮꢬꣁ,பருவக்காற்று
ꢬꢸꢡꢸꢦꣁꢮ꣄ꢱ꣄,பருவ மழை
ꢪꣁꢖ꣄ꢗꢸ,பனி
ꢲꢶꢪꢵ ꢔꢾꢞ꣄ꢞꣁ,பனிக்கட்டி
ꢲꢶꢪꢵ ꢨꢶꢥ꣄ꢣꢸ,பனித்துளி
ꢐꢱꢸ ꢨꢶꢥ꣄ꢣꢸ,பனித்துளி
ꢨꢸꢤꣁ,புதன்
ꢨꢸꢤꣁ ꢔ꣄ꢬꢲꣁ,புதன்
ꢱꢸꢳꢶ ꢮꢬꣁ,புயல்
ꢩꢹ ꢃꢒꢬ꣄ꢰꢠ ꢯꢒ꣄ꢡꢶ,புவி ஈர்ப்புச்சக்தி
ꢪꢡ꣄ꢡꢶ ꢮꢬꣁ,மணல்காற்று
ꢦꣁꢮ꣄ꢱ꣄,மழை
ꢂꢱ꣄ꢡꢪꢵꢥ꣄,மறைவு
ꢮꢶꢣ꣄ꢫꢸꢡ꣄,மின்னல்
ꢪꢿꢕ꣄꣄,முகில்
ꢪꣁꢨ꣄ꢨꢸ,மோடம்
ꢬꢵꢲꢸ,ராகு
ꢮꢬꣁ,வளி
ꢦꢹꢱꢸ ꢗꢸꢒ꣄ꢒꣁ,வால் நட்சத்திரம்
ꢂꢒꢵꢰ꣄,வானம்
ꢲꢨꢵꢳ꣄,வானம்
ꢂꢒꢵꢱꢸ ꢮꢖ꣄ꢒꢜ꣄,வானவில்
ꢂꢒꢵꢱꢸ ꢤꢥꢸꢱ꣄,வானவில்
ꢄꢥ꣄ꢣ꣄ꢬ ꢤꢥꢸꢱ꣄,வானவில்
ꢮꢶꢫꣁꢪꢥ꣄,வானவெளி
ꢱꢸꢥ꣄ꢫ ꢂꢒꢵꢱ꣄,வானவெளி
ꢱꢸꢒ꣄ꢒꢸꢬ꣄,விடி வெள்ளி
ꢔꢸꢬꢸ,வியாழன்
ꢲꢹꢥ꣄,வெயில்
ꢱꢸꢒ꣄ꢒꢸꢬ꣄,வெள்ளி
ꢲꢸꢙꢵꢭ꣄,வெளிச்சம்
ꢦꢶꢥ꣄ꢣꢵ,இளம்
ꢥꢴꢥ꣄ꢥ,இளைய
ꢒꢸꢳ꣄ꢳꢾ,இனிய
ꢗꢾꢬ꣄ꢒ꣄ꢒꢲꣁꢫꢾ,ஏற்ற
ꢓꢭꢶ,காலி
ꢂꢒ꣄ꢒꢸꢬꢵ,குறுகிய
ꢥꢷꢗ,கெட்ட
ꢬꢸꢮ꣄ꢮ,கொஞ்சம் / சில
ꢢꢾꢮ꣄ꢞ,கொஞ்சம் / சில
ꢬꢸꢮ꣄ꢮ,சிறிது
ꢩꢾꢭꢶꢗꣁꢒ꣄ꢒꢜ꣄,சீரிய
ꢗꣁꢒ꣄ꢒꢜ꣄,நல்ல
ꢙꢸꢒ꣄ꢒꢸ,நிறைய
ꢩꢾꢭꢶ ꢥꢴꢥ꣄ꢥ,நுண்ணிய
ꢭꢪ꣄ꢨ,நெடிய
ꢆꢛ꣄ꢗ,நெடிய
ꢚꢸꢒ꣄ꢒꢸꢒꢵꢭ,நெடும்
ꢚꢸꢒ꣄ꢒꢸ,பல
ꢙꢸꢥ꣄ꢥ,பழைய
ꢥꣁꢮꣁ,புதிய / புது
ꢪꢴꣁꢜ꣄ꢜꣁ,பெரிய
ꢧꢸꢬ,போதிய
ꢧꢸꢬꢲꣁꢫꢾ,போதிய
ꢩꢾꢭꢶ,மிக்க/மிக
ꢮꢿꢥ꣄,மிக்க/மிக
ꢨꣁꢭꢶꢪꢸ,வலிய
ꢂꢥꢾꢒ,வெகு
ꢥꢶꢱ꣄ꢡ,வெறும்
ꢮꢾꢒ꣄ꢳ꣄,வேறு
ꢭ,வேறு
ꢦꢾꢱꢵꢮ꣄꣄,அகலம்
ꢬꢸꢥ꣄ꢡꢶ,அகலம்
ꢨꣂꢜ꣄,அங்குலம்
ꢂꢞꢶ,அடி
ꢪꣂꢦꢸ,அளவு
ꢪꣂꢦꢸ ꢓꢜ꣄ꢜꢶ,அளவு கோல்
ꢂꢬꣁ,ஆரம்
ꢥꢶꢪ꣄ꢥꣁ,ஆழம்
ꢭꣁꢡ꣄,ஆழம்
ꢂꢜ꣄ꢥꣁ,ஆழாக்கு
ꢲꢡ꣄ꢣꢞ꣄ꢞꣁ,உரி
ꢒꢵꢭꢞ꣄ꢞꣁ,உழக்கு
ꢱꣂꢮꢸ,உழக்கு
ꢩꢵꢬ꣄ꢪꣂꢮꢸ,நிறுத்தல் அளவை
ꢙꣂꢒ꣄,எடை
ꢪꣁꢮ꣄ꢙꢥ꣄ꢪꣂꢮꢸ,எண்ணல் அளவை
ꢆꢦꢒꢬꢠꣁ,கருவி
ꢔꢥꢪꣂꢦꢸ,கன அளவு
ꢩꢵꢬ꣄,கனம்
ꢔꢾꢙ꣄ꢙꢸ,கஜம்
ꢂꢮ꣄ꢞ ꢪꣂꢮꢸ,குறுக்களவு
ꢗꢡ꣄ꢬꢸꢭ꣄ ꢪꣂꢮꢸ,சதுர அளவு
ꢙꢵꢠ꣄,சாண்
ꢗꢶꢪ꣄ꢜꣁ,சிட்டிகை
ꢦꢬꢶꢡꢶ,சுற்றளவு
ꢒꢸꢠ꣄ꢮꢫ ꢪꣂꢮꢸ,சுற்றளவு
ꢡꢸꢭꣁ,தராசு
ꢥꢬꢵꢙꢶ,தராசு
ꢒꢸꢜ꣄ꢒꣁ,துண்டு
ꢨꢶꢥ꣄ꢣꢸ,துளி
ꢡꣁꢭꣁ,தோலா
ꢥꢵꢳꢶ,நாழி
ꢩꢵꢬ꣄ ꢪꣂꢮꢸ,நிறுத்தல் அளவை
ꢭꢵꢪ꣄ ꢪꣂꢮꢶ,நீட்டல் அளவை
ꢪꢹꢬꣁ,நீளம்
ꢂꢞ꣄ꢞꣁ,"பக்கா,"
ꢮꢜꣁ,பகுதி
ꢂꢞ꣄ꢞꣁ,படி
ꢥꢾꢬ꣄ꢦꢾꢪꣂꢮꢸ,பரப்பளவு
ꢦꢭꢪ꣄,பலம்
ꢂꢣ꣄ꢣꢾ,பாதி
ꢪꢹꢣ꣄,பிடி
ꢪꢹꢞ꣄ꢩꣂꢬ꣄,பிடி
ꢪꢬꢒ꣄ꢒꢵꢭ꣄,மரக்கால்
ꢪꢹꢬꣁ,மாறு
ꢪꢷꢜ꣄ꢜꢬ꣄,மீட்டர்
ꢪꢶꢛ꣄ꢗꢶ ꢪꣁꢮꢸ,முகத்தல் அளவை
ꢪꣁꢳꢪꢸꢮꢳ꣄꣄ꢜꢶ,முழக் கோல்
ꢪꢹꢬꢵ ꢒꢮ꣄ꢠ꣄ꢞꢶ,முழக் கோல்
ꢪꣁꢳꢪ꣄,முழம்
ꢲꢵꢡ꣄,முழம்
ꢂꢮ꣄ꢞꢵꢪꣁꢮꢸ,விட்டம்
ꢮ꣄ꢫꢵꢱ꣄,விட்டம்
ꢮꢶꢱꢶ,வீசை
ꢡꢵꢦ꣄ꢱꢥꢶ,வெப்பமானி
ꢡꢵꢦ꣄ꢪꢵꢥꢶ,வெப்பமானி
ꢱꢾꢬ꣄ꢒꣁ,கச்சிதமாக
ꢙꣂꢞꢶ,ஜோடி
ꢂꢣꢿꢖ꣄ꢒꢦ꣄ꢦꢵ,அடடா
ꢂꢪ꣄ꢪꢵꢞꢶ,அடடா
ꢂꢮ ꢂꢪ꣄ꢨꢵ,அடடா
ꢡꢾꢭ꣄ꢫꢒ ꢲꢵꢭ꣄,அதனால்
ꢲꢵꢭꢶꢪ꣄,அதனால்
ꢡꢿꢜ꣄ꢱꢵ,அதோ
ꢄꢱꣁꢫꢵ,அப்படியா?
ꢄꢱꣂꢪꢾꢥꢾꢡꢶ,அப்படியென்றால்
ꢲꢵ,அப்பா
ꢂꢦ꣄ꢦꢵꢜꢶ,அப்பாடி
ꢂꢪ꣄ꢪꢵꢜꢷ,அப்பாடீ
ꢂꢪ꣄ꢪꢵꢜꢶ,அம்மா
ꢥꢴꢵ,அல்ல
ꢲꢵꢫ꣄,ஆங்
ꢲꢵꢫ꣄,ஆமாம்
ꢲꣁꢫꢾꢡꢶ,ஆனால்
ꢪꢾꢔꢶ,ஆனால்
ꢌꢭ꣄ꢫꢾꢒ ꢲꢵꢭ꣄,இதனால்
ꢍꢜ꣄ꢱꢵ,இதோ
ꢍꢭꢵ,இதோ
ꢓꢳꢳꢿ,இந்தா
ꢤꢿꢬ꣄,இந்தா
ꢓꢳ꣄ꢳꢸꢮꣁ,இந்தாருங்கள்
ꢤꢾꢬꣁ,இந்தாருங்கள்
ꢤꢾꢬꢸꢮꣁ,இந்தாருங்கள்
ꢂꢖ꣄ꢔꢸꢥ꣄,இன்னும்
ꢂꢡ꣄ꢡꢾꢖ꣄ꢔꢸꢜ꣄,இனி
ꢂꢡꢧꢬꣁ,இனி
ꢂꢖ꣄ꢔꢸꢥ꣄,இனியும்
ꢆꢰ꣄,இஷ்
ꢲꢵꢫ꣄ ꢲꢵꢫ꣄,உம் உம்
ꢡꢾꢭ꣄ꢫꢒ ꢭꢾꢥ꣄ꢡ,எனவே
ꢍꢫ꣄,ஏய்
ꢬꢾ,ஏய்
ꢬꢿꢫ꣄,ஏய்
ꢎꢫꣂ,ஐயோ
ꢐ,ஓ
ꢲꢵꢫ꣄,ஓகோ
ꢲꣂꢥ꣄ꢣꢒ꣄,ஓகோ
ꢲꣂꢫ꣄,ஓய்
ꢘꢷꢗ꣄ꢘꢷ,சீச்சீ
ꢮꢵ,டி
ꢂꢮꢵ,டி
ꢬꢿꢫ꣄,டேய்
ꢢꢸꢡ꣄ꢡꢹ,தூ
ꢦꢵꢦ꣄,பாவம்
ꢇꢲꢹꢄ~,ம்ஹூம்
ꢧꢶꢮ꣄ꢬꢶ,மேல்மேலும்
ꢡꢾꢒ ꢧꢬꢵꢡ꣄,மேலும்
ꢂꢖ꣄ꢔꢸꢥ꣄,மேலும்
ꢲꣀꢫꢵ,ஹையா
ꢗꣀꢡ꣄ꢬꣁ,சித்திரை
ꢮꣀꢱꢵꢒ꣄,வைகாசி
ꢙꣂꢰ꣄ꢜꣁ,ஆனி
ꢃꢰꢵꢞꣁ,ஆடி
ꢱ꣄ꢬꢵꢮꢠꣁ,ஆவணி
ꢩꢵꢣ꣄ꢬꢦꢣꣁ,புரட்டாசி
ꢃꢱ꣄ꢮꢷꢙꣁ,ஐப்பசி
ꢒꢵꢬ꣄ꢡꢶꢒꣁ,கார்த்திகை
ꢪꢵꢬ꣄ꢔꢱꢷꢬ꣄ꢱꣁ,மார்கழி
ꢦꢸꢰ꣄ꢫꣁ,தை
ꢪꢵꢕꣁ,மாசி
ꢧꢵꢭ꣄ꢔꢸꢥꢶ,பங்குனி
ꢔꢾꢬꢸꢮ,அகங்காரம்
ꢮꢶꢗꢵꢬ꣄,அங்கலாய்ப்பு
ꢲꢾꢞ꣄ꢞꢾ,அசடு
ꢂꢱꢶꢖ꣄ꢔꢪ,அசிங்கம்
ꢮꢶꢥꢫꣁ,அடக்கம்
ꢩꢙꢵꢬꢶꢥ꣄,அடங்காப்பிடாரி
ꢭꢮ꣄ꢠ꣄ꢞꢶ,அடங்காப்பிடாரி
ꢩꢵꢙꢵꢬꢶꢦꢥ꣄,அடங்காப்பிடாரித்தனம்
ꢣꢵꢱ꣄,அடிமை
ꢣꢵꢱꢶ,அடிமை
ꢣꢵꢱꢦ꣄ꢦꢥ꣄,அடிமைத்தனம்
ꢂꢤꢶꢒꢵꢬ꣄,அதிகாரம்
ꢃꢗ꣄ꢗꢬ꣄ꢫꣁ,அதிசயம்
ꢂꢡꢶꢬꢸꢦ꣄ꢡꢶ,அதிருப்தி
ꢂꢣꢸꢰ꣄ꢜꢸ,அதிர்ஷ்டம்
ꢂꢥ꣄ꢣꢱ꣄ꢡꢸ,அந்தஸ்து
ꢣꢾꢮꢸꢨꢵꢦ꣄,அப்பாவி
ꢡꢪ꣄ꢪꢵꢞꢶ,அப்பாவி
ꢂꢦ꣄ꢬꢵꢠꢶ,அப்பாவி
ꢂꢥꢬ꣄ꢢꢸꢮꢡ꣄ꢡꣁ,அபத்தம்
ꢪꢶꢡꢥ꣄ꢮꢡ꣄ꢡꣁ,அபத்தம்
ꢪꢸꢣ꣄ꢬꣁ,அபிநயம்
ꢂꢩꢶꢪꢵꢥ꣄,அபிமானம்
ꢱꢷꢥ꣄,அயர்வு/ அயர்ச்சி
ꢒꢺꢬꢸꢦꣁ,அருள்
ꢂꢭꢖ꣄ꢒꢵꢬ꣄,அலங்காரம்
ꢆꢣꢵꢱꢷꢥ꣄,அலட்சியம்
ꢩꢮꢵꢜ꣄,அலறல்
ꢲꢶꢠ꣄ꢞꢱ꣄ꢡꢿ,அலைச்சல்
ꢂꢮꢶꢱ꣄ꢮꢵꢱ꣄,அவநம்பிக்கை
ꢒꢳꢖ꣄ꢔꢸ,அவமானம்
ꢱꢸꢥ꣄ꢣꢬꣁ,அழகன்
ꢱꢸꢥ꣄ꢣꢬꢶ,அழகி
ꢱꢸꢖ꣄ꢔꢵꢬ꣄,அழகு
ꢥꢵꢱ꣄,அழிவு
ꢥꢱꢵꢡ꣄,அழிவு
ꢥꢱꢶꢥꢪ꣄,அழிவு
ꢃꢗ꣄ꢗꢬ꣄ꢫꢸ,அற்புதம்
ꢮꢶꢣ꣄ꢮꢵꢥ꣄,அறிஞர்
ꢦꢠ꣄ꢞꢶꢡ꣄,அறிஞர்
ꢦꢬꢶꢗꢫ꣄,அறிமுகம்
ꢂꢒ꣄ꢛꢵꢥ꣄,அறியாமை
ꢛꢵꢥꢶ,அறிவாளி
ꢂꢙ꣄ꢛꢵꢥꢶ,அறிவிலி
ꢂꢙ꣄꣄ꢛꢵꢥ꣄,அறிவின்மை
ꢛꢵꢥ꣄,அறிவு
ꢦꢶꢬꢿꢮ,அன்பு
ꢃꢣꢬꣁ,அனுசரணை
ꢂꢥꢸꢪꢡꢶ,அனுமதி
ꢲꢜ꣄ꢮꢥ꣄,அனுமானம்
ꢃꢗ꣄ꢗꢬ꣄ꢫꢸ,ஆச்சரியம்
ꢄꢗ꣄ꢗꣁ,ஆசை
ꢃꢱ꣄ꢡꣁ,ஆசை
ꢃꢜ꣄ꢰꢿꢦꢠꣁ,ஆட்சேபனை
ꢃꢤꢬꣁ,ஆதரவு
ꢃꢤꢶꢒ꣄ꢫꣁ,ஆதிக்கம்
ꢒꢸꢡꢹꢲꢭ꣄,ஆர்வம்
ꢲꢬꢸꢪ꣄ꢨꢪ꣄,ஆரம்பம்
ꢬꢾꢗ꣄ꢗꢒꢹꢡ꣄,ஆரவாரம்
ꢃꢬꣂꢔ꣄ꢫꢸ,ஆரோக்கியம்
ꢱꢪꢬ꣄ꢡꢸ,ஆற்றல்
ꢨꣁꢭꢶꢪ꣄,ஆற்றல்
ꢃꢥ꣄ꢥꢥ꣄ꢣꢸ,ஆனந்தம்
ꢓꢿꢳꢸꢮꢡ꣄ꢡꣁ,இகழ்ச்சி
ꢄꢗ꣄ꢘꣁ,இச்சை
ꢏꢦ꣄ꢦꢱ꣄ꢡꢿ,இணக்கம்
ꢱ꣄ꢮꢩꢵꢮ꣄,இயல்பு
ꢒꢬꢸꢠꣁ,இரக்கம்
ꢬꢸꢗ꣄ꢗꢶ,இரசனை
ꢬꢾꢗ꣄ꢗꣁ,இரைச்சல்
ꢕꢾꢬꢸ ꢤꢾꢬꢸꢪ꣄,இல்லறம்
ꢭꢒ꣄ꢰ꣄ꢫꢮꢵꢣꢶ,இலட்சியவாதி
ꢥꢾꢰ꣄ꢜꢶ,இழப்பு
ꢲꢾꢜ꣄ꢜꢾ ꢲꢱꣁ,இளிப்பு
ꢔꢾꢬꢸꢮ꣄,இறுமாப்பு
ꢱꣁꢪ꣄ꢦꢸ,இன்பம்
ꢔꢸꢭ꣄ꢭꢾ,இனிப்பு
ꢏꢦ꣄ꢦꢫꢾꢫꣁ,இஷ்டம்
ꢥꢶꢙ꣄ꢙꢪ꣄,உண்மை
ꢱꢾꢡ꣄ꢡꢸ,உண்மை
ꢭꢔꢶꢥꢶ,உணர்ச்சி/உணர்வு
ꢩꢵꢮꢥꣁ,உணர்ச்சி/உணர்வு
ꢱꢲꢵꢮ꣄,உதவி/ உபகாரம்
ꢆꢦꢒꢵꢬ꣄,உதவி/ உபகாரம்
ꢆꢦꢒꢵꢬꢶ,உபகாரி
ꢱꢶꢬꢪꣁ,உழைப்பு
ꢆꢡ꣄ꢱꢵꢲ꣄,உற்சாகம்
ꢥꢷꢛ꣄ꢙꢸ,உறக்கம்
ꢲꣂꢖ꣄ꢔꢸ,உறக்கம்
ꢂꢥꢸꢪꢵꢥ꣄,ஊகம்
ꢬꢹꢱ꣄,ஊடல்
ꢇꢣꢵꢬꢶ,ஊதாரி
ꢧꣁꢮ꣄ꢥꢦꢥ꣄,உபசரிப்பு
ꢔꢪ꣄ꢗꢶꢥꢶ,உபசரிப்பு
ꢒꢾꢰ꣄ꢜꢪ꣄,உபத்திரவம்
ꢆꢣ꣄ꢣꢪ꣄,உபத்திரவம்
ꢓꢾꢬꢸꢜ꣄,உவர்ப்பு
ꢱꢶꢬꢣ꣄ꢤꢵ ꢒꢵꢪ꣄ꢒꢾꢬ꣄ꢡꣁ,உழைப்பாளி
ꢔꢿꢭꢶ,எக்களிப்பு
ꢙꢵꢔ꣄ꢬꢡꢶ,எச்சரிக்கை
ꢲꢜ꣄ꢮꢥ꣄,எண்ணம்
꣄ꢗꢶꢥ꣄ꢡꢥꣁ,எண்ணம்
ꢮꢾꢣꢸꢬ꣄ꢛ꣄ꢗꢶꢥꢶ,எதிர்ப்பு
꣄ꢮꢾꢣꢸꢬ꣄ꢛ꣄ꢗꢶꢥꢶ,எதிர்ப்பு
ꢡꢶꢒ꣄ꢒꢾ,எரிப்பு
ꢱꢺꢖ꣄ꢒꢵꢬ꣄,எழில்
ꢭꢴꢾꢔꢸꢮ꣄,எளிது
ꢗꢸꢭꢨ꣄,எளிது
ꢱꣃꢙꢥ꣄ꢫꢪ꣄,எளிமை
ꢱꣁꢮ꣄ꢭꢾ,ஏக்கம்
ꢮꢾꢒꢸꢭ꣄,ஏக்கம்
ꢔꢵꢭ꣄,ஏச்சு
ꢲꢸꢖ꣄ꢔꢵꢞ꣄,ஏமாற்று
ꢲꢸꢖ꣄ꢔꢞ꣄ꢠꢶ,ஏமாற்றுதல்
ꢌꢞ꣄ꢗꢜ꣄ꢠꢶ,ஏமாற்றுதல்
ꢲꢸꢖ꣄ꢒꢜꢡ꣄ꢡꢾ,ஏமாற்றுதல்
ꢲꢸꢖ꣄ꢔꢞ꣄,ஏமாற்றம்
ꢌꢜ꣄ꢗꢞ꣄ꢠꢶ,ஏய்ப்பு
ꢡꢫꢵꢬ꣄,ஏற்பாடு
ꢱꢾꢥ꣄ꢣꢿꢮ꣄,ஐயம்
ꢏꢜ꣄ꢒꢪ꣄,ஒடுக்கம்
ꢪꢾꢬ꣄ꢗꢥ꣄,ஒய்யாரம்
ꢪꢾꢬ꣄ꢗꢸꢭꢥ꣄ ꢥꢵꢬꢶ,ஒய்யாரி
ꢫꣁꢒ꣄ꢡꣁ,ஒற்றுமை
ꢮꢶꢰ꣄ꢬꢵꢥ꣄ꢡꢶ,ஓய்வு
ꢥꢶꢮꢺꢡꢶ,ஓய்வு
ꢥꢶꢮꢺꢡꢶ ꢮꢾꢡꢥꣁ,ஓய்வூதியம்
ꢱꢪꢬꢹꢦ꣄,ஓர்மை
ꢱꢾꢬ꣄ꢒ ꢬꢴꢱ꣄ꢡꢾ,கச்சிதம்
ꢱꢾꢬ꣄ꢒ ꢬꢴꢠꢶ,கச்சிதம்
ꢒꣁꢜꢸꢒ꣄,கசப்பு
ꢭꣂꢩꢸ,கஞ்சத்தனம்
ꢭꣁꢩꢶ,கஞ்சன்
ꢂꢥꢸꢱꢵꢱꢥꣁ,கட்டுப்பாடு
ꢒꢬ꣄ꢡꢮ꣄,கடப்பாடு / கடமை
ꢒꢬ꣄ꢡ꣄ꢡꢮ꣄ꢫꢪ꣄,கடப்பாடு / கடமை
ꢓꢾꢞꢶꢥ꣄,கடினம்
ꢒꢞꢹꢱ꣄,கடுமை
ꢒꢠ꣄ꢞꢶꢦ꣄,கண்டிப்பு
ꢒꢝꣂꢬ꣄,கண்டிப்பு
ꢔꢮ꣄ꢬꢮ꣄,கண்ணியம்
ꢃꢱꢵꢣꢩꢹꢡꢶ,கபடதாரி
ꢒꣁꢦꢜꢾ,கபடன்
ꢒꢪꢨꢷꢬ꣄,கம்பீரம்
ꢒꢺꢦꣁ,கருணை
ꢃꢒꢬ꣄ꢰꢠꣁ,கவர்ச்சி
ꢤ꣄ꢫꢵꢥ꣄,கவனம் / கவனிப்பு
ꢔꢪ꣄ꢗꢶꢥꢶ,கவனம் / கவனிப்பு
ꢂꢮꢤꢵꢥ꣄,கவனம் / கவனிப்பு
ꢗꣁꢞ꣄ꢞꢦꢥ꣄,கள்ளத்தனம்
ꢗꣁꢞ꣄ꢞꢦꢥ꣄,கள்ளம்
ꢗꣂꢬ꣄,கள்ளம்
ꢗꣁꢞ꣄ꢞꣁ,கள்ளன்
ꢗꣂꢬ꣄,கள்ளன்
ꢗꣁꢞ꣄ꢞꢶ,கள்ளி
ꢒꢭ꣄ꢪꢱꣁ,களங்கம்
ꢪꢭꢶꢥꣁ,களங்கம்
ꢯꢷꢥ꣄,களைப்பு
ꢣꢫꣁ,கனிவு
ꢨꢵꢤꣁ,கஷ்டம்
ꢪꢶꢭꢿꢗ꣄ꢗꣁ,காட்டுமிராண்டி
ꢮꢥꢗꢬꣁ,காட்டுமிராண்டி
ꢦ꣄ꢬꢾꢪ꣄,காதல்
ꢦ꣄ꢬꢾꢮ꣄,காதல்
ꢦ꣄ꢬꢶꢫꢡꢪꣁ,காதலன்
ꢦ꣄ꢬꢾꢪꢶꢒꣁ,காதலி
ꢦ꣄ꢬꢶꢫꣁ,காதலி
ꢒꢵꢪꢪ꣄,காமம்
ꢔꢾꢭꢶ,கிண்டல்
ꢆꢦꢲꢵꢱ꣄,கிண்டல்
ꢒꢸꢱꢸꢪ꣄ꢨꢸ ꢒꢾꢬꢱ꣄ꢡꢾꢥꣁ,குசும்பன்
ꢒꢸꢱꢸꢪ꣄ꢨꢸ,குசும்பு
ꢗꢾꢰ꣄ꢜꣁ,குசும்பு
ꢱꢾꢬꢵꢨꢶ,குடிகாரன்
ꢦꢥꢶ ꢨꣁꢠ꣄ꢞꢶ,குடிகாரன்
ꢒꢸꢠ꣄ꢠꢸ,குணம்
ꢒꢸꢣꢹꢲꢭ꣄,குதூகலம்
ꢱꣁꢥ꣄ꢡꣂꢰ꣄,குதூகலம்
ꢱꢶꢳ꣄ꢳꣁ,குளிர்ச்சி
ꢂꢦ꣄ꢬꢵꢤꢸꢩꢵꢮ꣄,குற்றவுணர்வு
ꢗꢹꢒꢸ ꢩꢵꢮ꣄,குற்றவுணர்வு
ꢭꢵꢙ꣄,கூச்சம்
ꢭꢵꢱꢸ,கூச்சம்
ꢭꢙ꣄ꢙꣁ,கூச்சம்
ꢦ꣄ꢬꢵꢬ꣄ꢢꢥꣁ,கெஞ்சல்
ꢦ꣄ꢬꢾꢮ꣄ꢒꢥ꣄ ꢪꢾꢭ꣄ꢭꢶꢥꢶ,கெஞ்சல்
ꢭꢾꢛ꣄ꢙꢪ꣄,கையூட்டு
ꢆꢡ꣄ꢒꣁꢗ꣄,கையூட்டு
ꢦ꣄ꢬꢾꢮꢸꢪꢣꢶꢥꢶ,கொஞ்சல்
ꢥꢶꢥꢵꢮꢸ ꢮꢡ꣄ꢡꣁ,கொஞ்சல்
ꢪꢫꢵꢭꢸ ꢮꢡ꣄ꢡꣁ,கொஞ்சல்
ꢡꢵꢦ꣄,கொதி
ꢓꢾꢜ꣄,கொதி
ꢗꢹꢞ꣄ꢲꢥꢱ꣄ꢡꢾ,கொள்ளை
ꢮꢶꢣꢹꢰꢒꣁ,கோமாளி
ꢮꢶꢣꢹꢰꢒꢦꢥ꣄,கோமாளித்தனம்
ꢬꢵꢒ꣄,கோபம்
ꢤꢒ꣄ꢒꢶꢭꢾ,கோழை
ꢤꢵꢒ꣄ꢸꢦꢥ꣄,கோழைத்தனம்
ꢕꢾꢥꢪ꣄,கெளரவம்
ꢔꢮ꣄ꢬ꣄ꢡꣁ,கெளரவம்
ꢨꣁꢭꢶꢪ꣄,சக்தி
ꢯꢒ꣄ꢡꢶ,சக்தி
ꢱꢲꢥꣁ,சகிப்பு / சகிப்புத்தன்மை
ꢦꣁꢥ꣄ꢣꢸꢭ꣄ꢥꢶ,சகிப்பு / சகிப்புத்தன்மை
ꢩꢫ꣄ꢩꢾꢫ꣄ꢥꢾꢥꢸ ꢩꢵꢮꢥꣁ,சகோரத்துவம்
ꢨꢵꢤꣁ,சங்கடம்
ꢮꢵꢣꢸ ꢮꢡ꣄ꢡꣁ,சச்சரவு
ꢥꢥ꣄ꢚꢾꢞꣁ,சச்சரவு
ꢚꢾꢞꣁ,சண்டை
ꢚꢾꢞꣀꢡ꣄,சண்டைக்காரன்
ꢚꢾꢞꣀꢡꢶꢥ꣄,சண்டைக்காரி
ꢣꢸꢬ꣄ꢫꣁꢗꢥꣁ,சதி
ꢱꢞ꣄ꢫꢥ꣄ꢡ꣄ꢬꢸ,சதி
ꢱꢥ꣄ꢣꢬ꣄ꢩꢮꢵꢣꢶ,சந்தர்ப்பவாதி
ꢱꢾꢥ꣄ꢣꢾꢮ꣄,சந்தேகம்
ꢱꢪ꣄ꢪꢡ꣄,சம்மதம்
ꢱꢲꢪꢡꢶ,சம்மதம்
ꢬꢵꢙꢶ,சமரசம்
ꢏꢬ꣄ꢦꢸ,சமரசம்
ꢱꢬꢱ꣄,சரசம்
ꢒꢵꢬ꣄ꢫ ꢒꢸꢰꢭꢡꣁ,சரசம்
ꢮꢶꢱꢶ,சலிப்பு
ꢮꢶꢬꢱꢡꣁ,சலிப்பு
ꢱꢵꢤ꣄ꢫꢸ,சாத்தியம்
ꢱꢵꢤꢸ,சாது
ꢯꢵꢥ꣄ꢡꢸ,சாந்தம்
ꢦ꣄ꢬꢗ꣄ꢗꢥꣁ,சிக்கல்
ꢨꢸꢱ꣄ꢒꣁ,சிக்கல்
ꢦꢶꢭꣁ,சிக்கல்
ꢗꢶꢥ꣄ꢡꢥꣁ,சிந்தனை
ꢗꢶꢥ꣄ꢡ,சிந்தை
ꢲꢱꢶꢥꢶ,சிரிப்பு
ꢱꢶꢖ꣄ꢔꢡꢶꢦꢥ꣄,சினேகம்
ꢱꢾꢖ꣄ꢔꢣꢶꢦꢥ꣄,சினேகம்
ꢱꢶꢖ꣄ꢔꢡꢶ,சினேகிதன்
ꢱꢾꢖ꣄ꢔꣀꢡ꣄,சினேகிதன்
ꢄꢰ꣄ꢜꢸꢜ꣄,சினேகிதன்
ꢱꢶꢖ꣄ꢒꢔꢵꢬ꣄,சுந்தரம்
ꢱ꣄ꢮꢩꢵꢮ꣄,சுபாவம்
ꢩꢵꢬ,சுமை
ꢱꢮꢫꢒꣃꢬꢮ꣄,சுயமரியாதை
ꢱꣁꢬꢠꣁ,சுரணை
ꢱ꣄ꢦꢬ꣄ꢯ ꢗꢾꢡꢥꣁ,சுரணை
ꢡ꣄ꢮꢬꢶꢡꢸ ꢩꢵꢮ꣄,சுறுசுறுப்பு / சமர்து
ꢮꢾꢔꢸ ꢒꢾꢬ꣄ꢥꢶ,சுறுசுறுப்பு / சமர்து
ꢱꢪꢬ꣄ꢡꢸ,சுறுசுறுப்பு / சமர்து
ꢱꢹꢡꢸ,சூது
ꢒꢬ꣄ꢪꣁ,செயல்
ꢒꢵꢪ꣄,செயல்
ꢔꢾꢬꢸꢮ꣄,செருக்கு
ꢪꢷ ꢩꢵꢮ꣄,செருக்கு
ꢂꢲꢖ꣄ꢒꢵꢬ꣄,செருக்கு
ꢪꢪꢡꣁ,செருக்கு
ꢚꢸꢒ꣄ꢒꢸꢮꢿꢱ꣄ ꢒꢾꢬ꣄ꢥꢵꢬ꣄,செலவாளி
ꢇꢣꢵꢬꢶ,செலவாளி
ꢂꢭꢱꣁ,சோம்பேறி
ꢂꢱꢪꢥ꣄ꢣꢪ꣄,சோம்பேறி
ꢪꢥ꣄ꢣꢪ꣄,சோம்பேறித்தனம்
ꢃꢭꢱ꣄ꢫꣁ,சோம்பேறித்தனம்
ꢱꣃꢥ꣄ꢣꢬ꣄ꢫꣁ,செளந்தரியம்
ꢲꢜ꣄ꢮꢥꢸ ꢯꢒ꣄ꢡꢶ,ஞாபகச்சக்தி
ꢲꢜ꣄ꢮꢥ꣄,ஞாபகம்
ꢡꢾꢜ꣄ꢜꢸ ꢪꢸꢜ꣄ꢜꢫꢶꢥꢶ,தடுமாற்றம்
ꢯꢶꢳ꣄ꢳꢦꢥ꣄,தண்மை
ꢡꢥ꣄ꢡꢸꢬꢸꢦꢥ꣄,தந்திரம்
ꢡꢪꢵꢰ꣄,தமாஷ்
ꢦꢱ꣄ꢡꣁꢒ꣄ꢒꢶꢥꢶ,தயக்கம்
ꢱꢖ꣄ꢒꣂꢗ꣄,தயக்கம்
ꢣꢫꣁ,தயவு
ꢣꢬ꣄ꢯꢥꣁ,தரிசனம்
ꢣꣁꢱ꣄ꢒꣁ ꢏꢖ꣄ꢔꢶꢥꢶ,தலைகுனிவு
ꢔꢾꢬꢸꢮꢸ ꢩꢖ꣄ꢔꢸ,தலைகுனிவு
ꢮꢶꢯ꣄꣄ꢬꢵꢥ꣄ꢡꢶ,தளர்ச்சி
ꢮꢶꢬꢵꢪꣁ,தளர்ச்சி
ꢦꢬꢶꢯ꣄꣄ꢬꢪꣁ,தளர்ச்சி
ꢯ꣄꣄ꢬꢪꢦꢬꢶꢲꢵꢬ꣄,தளர்ச்சி
ꢱꢸꢫꢔꣃꢬꢮ꣄,தன்மானம்
ꢂꢭꢔ꣄ꢔꢸꢠ꣄ꢠꢸ,தனித்துவம்
ꢮ꣄ꢫꢒ꣄ꢡꢶꢡ꣄ꢮꣁ,தனித்துவம்
ꢦ꣄ꢬꢸꢢꢒ꣄ꢩꢵꢮ꣄,தனித்துவம்
ꢮꢶꢯꢿꢰꢸꢔꢸꢠ꣄ꢠꢸ,தனித்துவம்
ꢏꢠ꣄ꢜꢶꢦꢥ꣄,தனிமை
ꢂꢭꢔ꣄ꢔ ꢬꢴꢥꢶ,தனிமை
ꢮꢾꢔꢸꢭꢦꢥ꣄,தனிமை
ꢱꣂꢒ꣄,தாகம்
ꢣꢵꢪ꣄ꢦꢡ꣄ꢫꢙꢶꢮ꣄ꢥꢪ꣄,தாம்பத்தியம்
ꢱꢡꢶꢦꢡꢶ ꢙꢶꢮ꣄ꢥꢪ,தாம்பத்தியம்
ꢆꢣꢵꢬꢔꢸꢠ꣄ꢠꢸ,தாராள மனப்பான்மை
ꢣꢾꢛ꣄ꢗꢸ,திடம்
ꢗꣂꢬꢸꢦꢥ꣄,திருட்டுத்தனம்
ꢱꢾꢬ꣄ꢒꢒꢬ꣄ꢥꢶ,திருத்தம்
ꢡꢶꢣ꣄ꢣꢸꢮꢭꢶ,திருத்தம்
ꢱꢸꢤꢵꢬ꣄,திருத்தம்
ꢡꢶꢬꢸꢦ꣄ꢡꢶ,திருப்தி
ꢡ꣄ꢫꢵꢔ꣄,தியாகம்
ꢡ꣄ꢫꢵꢔꢶ,தியாகி
ꢱꢪꢬ꣄ꢢꢸ,திறமை
ꢃꢯꢒ꣄ꢡꢸ,திறமை
ꢱꢪꢬ꣄ꢢꢸꢦꢥ꣄,திறன்
ꢥꢵꢱ꣄,தீமை
ꢥꢱꢵꢡꢸ,தீமை
ꢥꢶꢬꢠꢫꣁ,தீர்ப்பு
ꢤꢷꢬꢸ,தீரன்
ꢤꢾꢫ꣄ꢬ꣄ꢫꢮꢵꢥ꣄,தீரன்
ꢡꢷꢮ꣄ꢬꣁ,தீவிரம்
ꢡꢷꢮ꣄ꢬꢮꢵꢣꢶ,தீவிரவாதி
ꢣꢸꢓꢸ,துக்கம்
ꢪꣁꢥ꣄ꢥꢸꢤꢾꢫ꣄ꢬ꣄ꢫꢪ꣄,துணிவு
ꢣꢸꢬꢞꢶꢰ꣄ꢜꢸ,துரதிருஷ்டம்
ꢣꢸꢬꣂꢒ꣄,துரோகம்
ꢏꢔꢸꢬ꣄,துவர்ப்பு
ꢱꢥ꣄ꢫꢵꢱꢸ ꢤꢾꢬꢸꢪ꣄,துறவறம்
ꢱꢥ꣄ꢫꢵꢱꢶ,துறவி
ꢐꢖ꣄ꢒꢸ,தூக்கம்
ꢱꢸꢣ꣄ꢤꢶ,தூய்மை
ꢪꢸꢣꢶꢬꢪ꣄ꢪꣁ,தெரிவை
ꢱ꣄ꢦꢰ꣄ꢜꢸ,தெளிவு
ꢤꣀꢬ꣄ꢫꢱꢵꢭꢶ,தைரியசாலி
ꢤꢾꢫ꣄ꢬ꣄ꢫꢪ꣄,தைரியம்
ꢦ꣄ꢬꢵꢬꢪ꣄ꢩꢸ,தொடக்கம்
ꢱꢪ꣄ꢨꢥ꣄ꢤꢸ,தொடர்பு
ꢱꢪ꣄ꢦꢬ꣄ꢒꢸ,தொடர்பு
ꢮ꣄ꢫꢒ꣄ꢡꢸ,தோற்றம்
ꢱꢖ꣄ꢔꢡꢶꢦꢥ꣄,நட்பு
ꢏꢠ꣄ꢒꢶꢥꢶ,நடுக்கம்
ꢥꣁꢪ꣄ꢪꢶꢥꢶ,நம்பிக்கை
ꢧꢠ꣄ꢜꢓꢾꢱ꣄,நரை
ꢱꢸꢔꢥ꣄ꢡꢸ,நறுமணம்
ꢩꢭꣁ,நன்மை
ꢗꣁꢒ꣄ꢧꢭꢸꢥ꣄,நன்மை
ꢤꢥ꣄ꢥꢸ,நன்றி
ꢤꢥ꣄ꢥꢸ ꢲꢷꢥꢸꢦꢥ꣄,நன்றி கெட்டதனம்
ꢔꢵꢪ ꣄ꢧꢶꢬ꣄ꢥꢵꢬ꣄,நாடோடி
ꢦꢬꢶꢩ꣄ꢬꢪꢶ,நாடோடி
ꢣꢾꢯꢗꢵꢬꢶ,நாடோடி
ꢂꢮ꣄ꢪꢵꢥ꣄,அவமதிப்பு
ꢬꢸꢙꢸꢦꢥ꣄,நாணயம்
ꢥꢶꢡ꣄ꢡꢦꢥ꣄,நாணயம்
ꢕꢵꢥ꣄,நாற்றம்
ꢣꢸꢬ꣄ꢔꢥ꣄ꢤꢸ,நாற்றம்
ꢱꢪꣁ,நிகர்
ꢱꢪꢦꢥ꣄,நிகர்
ꢱꢪꢡꣁ,நிகர்
ꢱꢷꢱꣁꢮ꣄ꢬꢶ ꢬꢴꢵꢱ꣄ꢡꢾ,நிதானம்
ꢢꢶꢬꢪ꣄ꢒꢥꢶ ꢬꢴꢵꢱ꣄ꢡꢾ,நிதானம்
ꢔꢵꢳ꣄꣄,நிந்தனை
ꢥꢶꢥ꣄ꢣꢥꣁ,நிந்தனை
ꢢꢸꢮ꣄ꢥꢶ,நிந்தனை
ꢱꢪꢬ꣄ꢢꢸꢮꢵꢥ꣄,நிபுணன்
ꢥꢶꢬꢵꢯꣁ,நிராசை
ꢱ꣄ꢢꢶꢡꢶ,நிலைமை
ꢱ꣄ꢪꢬꢠ ꢯꢒ꣄ꢡꢶ,நினைவாற்றல்
ꢪꢹꢬ꣄ꢗ꣄ꢘꣁ ꢭꢔꢾ ꢱ꣄ꢡꢾꢥꣁ,நினைவிலி
ꢱ꣄ꢪꢬꢠꣁ,நினைவு
ꢂꢥꢫꣁꢥ꣄ꢫꢸ,நெருக்கம்
ꢦꢒ꣄ꢮꣁ,பக்குவம்
ꢦꢶꢒ꣄ꢒꢶꢥꢶ,பக்குவம்
ꢪꣁꢙꣁ,பகட்டு
ꢪꢾꢬ꣄ꢗꢶꢥꢶ,பகட்டு
ꢨꢥ꣄ꢣꢵ,பகட்டு
ꢮꢶꢬꣂꢤ꣄,பகை
ꢦꢬꢶꢡꢵꢦ꣄,பச்சாதாபம்
ꢧꢭ꣄ꢗꢵꢡꢵꢦ꣄,பச்சாதாபம்
ꢂꢥꢸꢡꢵꢮ꣄,பச்சாதாபம்
ꢩꢹꢒ꣄,பசி
ꢱꢾꢭꢶꢪ꣄ꢨꢸ,பசுமை
ꢱꢾꢭꢶꢦꢪ꣄,பசுமை
ꢱꢸꢒ꣄ꢒꢶꢥꢶ,பஞ்சம்
ꢮꢶꢣ꣄ꢫꣁ,படிப்பு
ꢒ꣄ꢬꢸꢡꢶ,படைப்பு
ꢆꢡ꣄ꢦꢵꢣꢥꣁ,படைப்பு
ꢬꢹꢦ꣄ꢒꢾꢬ꣄ꢥꢶ,படைப்பு
ꢱ꣄ꢬꢸꢰ꣄ꢜꢶ,படைப்பு
ꢔꢸꢠ꣄ꢠꢸꢥ꣄,பண்பு
ꢔꢸꢠ꣄ꢠꢸꢥꢸ ꢱꢵꢬ꣄,பண்பு நலன்
ꢦꢡ꣄ꢥꢶ,பத்தினி
ꢤꢪꢵꢤꢵꢪ꣄,பதட்டம்
ꢤꢵꢒ꣄,பயம்
ꢥꣁꢮꢡꢾꢒꣁ ꢱꢵꢡ꣄ꢡꣁ ꢤꢒ꣄ꢒꢶꢥꢶ,பயிர்ப்பு
ꢂꢩ꣄ꢫꢵꢱ꣄,பயிற்சி
ꢦꢵꢭꢥꣁ ꢒ꣄ꢬ꣄ꢥꢶ,பராமரிப்பு
ꢦꢬꢶꢲꢵꢬ꣄,பரிகாரம்
ꢦ꣄ꢬꢵꢫꢯ꣄ꢗꢶꢡ꣄ꢡꢸ ꢒꢾꢬꢱ꣄ꢡꢾ,பரிகாரம்
ꢦꢬꢶꢲꢵꢱ꣄,பரிகாசம்
ꢦꢬꢶꢱꢸꢣ꣄ꢤꢶ,பரிசுத்தம்
ꢦꢬꢶꢡꢵꢦ꣄,பரிதாபம்
ꢨꢭꢲꢶꢥ꣄,பலகீனம்
ꢨꢭ꣄ꢯꢵꢭꢶ,பலசாலி
ꢦꢮꢶꢡ꣄ꢬꢸ,பவித்திரம்
ꢬꢦ꣄ꢡꣁ,பழக்கம்
ꢦꣁꢬꢵꢒ꣄ꢦꣁꢬꣁ,பழிக்குப்பழி
ꢦ꣄ꢬꢡꢶꢯꣂꢤ꣄,பழிக்குப்பழி
ꢦ꣄ꢬꢒꢵꢰ꣄,பளபளப்பு
ꢪꢾꢬ꣄ꢦꢸꢭ꣄,பளபளப்பு
ꢙꣁꢭꢶꢛ꣄ꢗꢶꢥꢶ,பளபளப்பு
ꢥꢸꢮꢶꢥꢶ,பாராட்டு
ꢪꢾꢗ꣄ꢗꢶꢥꢶ,பாராட்டு
ꢯ꣄ꢭꢵꢕꢥꣁ,பாராட்டு
ꢩꢷꢒ,பிச்சை
ꢕꢾꢞꢶꢮꢵꢣ꣄,பிடிவாதம்
ꢣꢸꢬꢵꢔ꣄ꢬꢲꣁ,பிடிவாதம்
ꢦꢶꢬꢡꢶꢧꣂꢭ,பிரதிபலன்
ꢪꢵꢫꣁ,பிரமை
ꢦꢱ꣄ꢒꢜ꣄ ꢬꢴꢥꢶ,பின்தங்கல்
ꢩꢷꢡꢶ,பீதி
ꢥꢸꢮꢶꢥꢶ,புகழ்ச்சி
ꢔꢸꢨꢸꢔꢸꢦꢵꢱ꣄ꢡꢿ,புகைச்சல்
ꢨꢸꢣ꣄ꢤꢶ,புத்தி
ꢆꢡ꣄ꢱꢵ,புத்துணர்ச்சி
ꢔꢾꢠꢵꢡ꣄,புதையல்
ꢂꢪ꣄ꢨꢜ꣄,புளிப்பு
ꢦꢮꢶꢡ꣄ꢬꢸ,புனிதம்
ꢒꢥ꣄ꢫꢵ,பெதும்பை
ꢒꢷꢬ꣄ꢡꢶ,பெருமை
ꢮꢾꢣꢸꢬ꣄ ꢮꢣꢶꢥꢶ,பேட்டி
ꢩꢿꢡ,பேதம்
ꢪꢶꢢꢥ꣄,பொய்
ꢥꣁꢮꢦꢥ꣄,பொலிவு
ꢂꢱꢹꢫꣁ,பொறாமை
ꢙꢮꢵꢨ꣄ꢣꢵꢬ꣄,பொறுப்பு
ꢱꢲꢥꢡꣁ,பொறுமை
ꢔꢸꢠ꣄ꢞꣁ,போக்கிரி
ꢔꢸꢠ꣄ꢞꢦꢥ꣄,போக்கிரித்தனம்
ꢪꢲꢶꢪꣁ,மகத்துவம்
ꢪꢵꢲꢵꢡ꣄ꢪꣁ,மகாத்மா
ꢪꢲꢵꢥ꣄,மகான்
ꢪꣁꢪ꣄ꢦꢸ,மகிழ்ச்சி
ꢱꣁꢥ꣄ꢡꢸ,மகிழ்ச்சி
ꢫꢸꢮꢡꢶ,மங்கை
ꢪꢴꢸꢞꢦꢥ꣄,மடத்தனம்
ꢪꢴꢸꢞꣁ,மடையன்
ꢮꢱꢸꢥꣁ,மணம்
ꢕꢾꢥꢪ꣄,மதிப்பு
ꢪꢾꢖ꣄ꢔꢶꢥꢶ,மயக்கம்
ꢪꢴꢸꢞꣁ,மரமண்டையன்
ꢪꣁꢬ꣄ꢔ꣄ꢫꢵꢡ꣄,மரியாதை
ꢧꢸꢭꢱ꣄ꢡꢾ,மலர்ச்சி
ꢮꢶꢱꢸꢬ꣄,மறதி
ꢮꢾꢒꢸꢭ꣄,மனக்கலக்கம்
ꢪꣁꢥ꣄ꢥꢸ ꢒꢮ꣄ꢭꢶꢥꢶ,மனக்கலக்கம்
ꢪꣁꢥ꣄ꢥꢸ ꢯꢵꢥ꣄ꢡꢶ,மனச்சமாதானம்/மனச்சாந்தி
ꢨꢵꢤꣁ,மனத்தாங்கல்
ꢡ꣄ꢬꢸꢦ꣄ꢡꢶ,மனநிறைவு
ꢦꢬꢶꢦꢹꢬ꣄ꢠꢸ,மனநிறைவு
ꢪꢥꣂꢩꢵꢮ꣄,மனோபாவம்
ꢪꢬ꣄ꢗꢶꢥꢶ,மாற்றம்
ꢏꢬꢶꢮꢬ꣄ꢡꢥꣁ,மாற்றம்
ꢂꢮꢪꢵꢥ꣄,மானக்கேடு
ꢪꢵꢥ꣄,மானம்
ꢔꣃꢬꢮ꣄,மானம்
ꢔꢾꢡ꣄ꢡꢸ,மிடுக்கு
ꢒꣁꢪ꣄ꢨꢳꢦꢥ꣄,மிருது
ꢡꢶꢬ꣄ꢪꢵꢥ꣄,முடிவு
ꢦꢬꢶꢦꢒ꣄ꢮꢡꣁ,முதிர்ச்சி
ꢫꢡ꣄ꢡꢥ꣄,முயற்சி
ꢦ꣄ꢬꢫꢡ꣄ꢡꢥ꣄,முயற்சி
ꢥꢴꢥ꣄ꢲꢱꣁ,முறுவல்
ꢪꢸꢒꢸꢭ꣄ꢲꢱꣁ,முறுவல்
ꢆꢥ꣄ꢥꢡꢶ,முன்னேற்றம்
ꢲꣁꢬꢮ꣄ꢥꢶ,முன்னேற்றம்
ꢂꢥ꣄ꢤꢮꢶꢯ꣄꣄ꢮꢵꢱ꣄,மூடநம்பிக்கை
ꢣꣁꢮ꣄ꢬꢦꢥ꣄,மூப்பு
ꢪꢹꢬ꣄ꢓꢦꢥ꣄,மூர்க்கத்தனம்
ꢪꢹꢬ꣄ꢓꢸ,மூர்க்கன்
ꢥꢶꢙꢮꢡ꣄ꢡꣁ,மெய்
ꢱꢡ꣄ꢫ ꢮꢵꢒ꣄,மெய்
ꢙꣁꢭꢶꢛ꣄ꢗꢶꢥꢶ,மெருகு
ꢪ꣄ꢬꢸꢣꢸꢦꢥ꣄,மென்மை
ꢪꢾꢣꢸꢮꢸꢦꢥ꣄,மென்மை
ꢪꢴꣁꢜ꣄ꢜꢦꢥ꣄,மேன்மை
ꢪꢿꢜ꣄ꢦꢥ꣄,மேன்மை
ꢯ꣄ꢬꢿꢰ꣄ꢝꢦꢥ꣄,மேன்மை
ꢪꣂꢲ꣄,மோகம்
ꢪꣂꢲ꣄,மோசம்
ꢪꣃꢥ꣄,மௌனம்
ꢂꢮꢵꢒ꣄,மௌனம்
ꢫꢢꢵꢬ꣄ꢢꢮꢵꢣꢶ,யதார்த்தவாதி
ꢫꣁꢗꢥꣁ,யோசனை
ꢬꢸꢗꢶ,ருசி
ꢮꢛ꣄ꢗꢥꣁ,வஞ்சகம்
ꢮꢛ꣄ꢗꢥꣁ ꢒꢾꢬ꣄ꢥꢵꢬ꣄,வஞ்சகன்
ꢮꢬ꣄ꢠꢥꣁ,வருணனை
ꢲꢾꢡꣁ,வருத்தம்
ꢮꢞ꣄ꢙꢥꢶ,வாட்டம்
ꢔ꣄ꢬꢵꢲꢒꣁ,வாடிக்கையாளர்
ꢔ꣄ꢬꢵꢲꢶ,வாடிக்கையாளர்
ꢡꣂꢠꢸꢪ꣄ ꢤꣁꢮ꣄ꢳꣁ,வாய்மூடித்தனம்
ꢥꢶꢯꢨ꣄ꢣꢸ,வாய்மூடித்தனம்
ꢮꢶꢒꢵꢬ꣄,விகாரம்
ꢒꢸꢬꢹꢦ꣄,விகாரம்
ꢮꢶꢯ꣄꣄ꢮꢵꢱ꣄,விசுவாசம்
ꢮꢯ꣄꣄ꢮꢵꢱꢶ,விசுவாசி
ꢃꢯ꣄꣄꣄ꢗꢬ꣄ꢫꢹ,வியப்பு
ꢮꢶꢬꢲꢡꢵꢦ꣄,விரகம்
ꢧꢵꢜ꣄,விரிசல்
ꢨꢶꢬꢸꢣꢸ,விருது
ꢏꢦ꣄ꢦꢫꢶꢥꢶ,விருப்பு
ꢗꢡ꣄ꢬꢸ,விரோதம்
ꢮꢶꢮꢵꢣ꣄,விவாதம்
ꢬꢦ꣄ꢡꣁ,வழக்கம்
ꢦꢬꣂꢦꢒꢵꢬꢶ,வள்ளல்
ꢲꣁꢞꢶꢥꢶ,வளர்ச்சி
ꢣꢸꢒꢵꢭ꣄,வறட்சி
ꢣꢸꢒꢵꢳ꣄꣄,வறட்சி
ꢡꢾꢬ꣄ꢒꢾ,விழிப்புணர்ச்சி
ꢦ꣄ꢬꢙ꣄ꢛꣁ,விழிப்புணர்ச்சி
ꢨꢶꢱ꣄ꢱꢦꢥ꣄,விறுவிறுப்பு
ꢨꢶꢱ꣄ꢱꣁ,விறுவிறுப்பு
ꢤꣀꢬ꣄ꢫꢸ,வீரம்
ꢤꣀꢬ꣄ꢫꢮꢵꢥ꣄,வீரன்
ꢤꣀꢬ꣄ꢫ ꢱ꣄ꢡꢶꢬꢶ,வீராங்கனை
ꢨꣁꢞ꣄ꢠꢶ,வீழ்ச்சி
ꢙꢵꢭ꣄,வெடுவெடுப்பு
ꢲꢸꢥ꣄ꢥꢦꢥ꣄,வெம்மை
ꢲꢸꢥ꣄ꢥꣁ,வெம்மை
ꢔꢷꢔ꣄,வெற்றி
ꢆꢔ꣄ꢬꢡꣁ,வெறி
ꢣ꣄ꢮꢾꢯ꣄,வெறுப்பு
ꢮꢿꢔ꣄,வேகம்
ꢯꣂꢒ꣄,வேட்கை
ꢒꢹꢡ꣄,வேடிக்கை
ꢓꢾꢳ꣄,வேடிக்கை
ꢩꢿꢣ꣄,வேற்றுமை
ꢮꣀꢬꢵꢔ꣄ꢫꢸ,வைராக்கியம்
ꢂꢒ꣄ꢰꢬ꣄,அசை
ꢂꢒ꣄ꢰꢵꢥ꣄ꢡꢬ꣄,அசையீறு
ꢮꢶꢯꢿꢰꢠꣁ ꢔꢸꢠꢶ,அடை
ꢡꢵꢭꢸ ꢱꢨ꣄ꢣꢸ,அண்ண ஒலி
ꢲꢬꢶꢞꢶ ꢱꢨ꣄ꢣꢸ,அண்ண ஒலி
ꢬꢹꢦꢮꢬ꣄ꢠꢶ,அணி
ꢂꢭꢖ꣄ꢒꢵꢬ꣄,அணி
ꢬꢹꢦꢸ ꢥꢶꢬ꣄ꢪꢵꢥ꣄,அமைப்பு
ꢩꢖ꣄ꢔꢶ ꢩꢵꢰꢥ꣄,அயற் கூற்று
ꢦꢬꣂꢰ ꢩꢵꢰꢠ꣄,அயற் கூற்று
ꢂꢬ꣄ꢤ ꢨꢶꢥ꣄ꢣꢸ,அரைப்புள்ளி
ꢂꢬꢹꢦ ꢥꢵꢮ꣄,அருவப்பெயர்
ꢥꢦꢸꢪ꣄ꢱꢒ ꢭꢶꢖ꣄ꢔꢸ,அஃறிணை
ꢂꢳ꣄ꢳꢶꢖ꣄ꢔꢸ,அஃறிணை
ꢯꢨ꣄ꢣ ꢂꢮ꣄ꢥꢶ,ஆக்கங்கள்
ꢦꢸꢪ꣄ꢱꢒꢭꢶꢖ꣄,ஆண்பால்
ꢣꢭ꣄ꢭꢶꢖ꣄ꢔ꣄,ஆண்பால்
ꢃꢡ꣄ꢪꢷꢫꢮꢶꢩꢒ꣄ꢡꢶ,ஆறாம்வேற்றுமை
ꢱꣁꢮ꣄ꢮꢾ ꢮꢶꢩꢒ꣄ꢡ,ஆறாம்வேற்றுமை
ꢦꢸꢬꢸꢱ,இடம்
ꢱꢡ꣄ꢮ ꢮꢶꢩꢒ꣄ꢡꢶ,இடவேற்றுமை
ꢪꢳ꣄ꢥꢶ ꢱꢨ꣄ꢣꢸ,இடைச்சொல்
ꢙꣁꢞꢶ,இணை
ꢦ꣄ꢬꢒꢺꢡꢶ,இயல்பு
ꢕꢵꢪ꣄ ꢮꢡ꣄ꢡꣁ ꢣꢿꢱꢶ ꢮꢡ꣄ꢡꣁ,இயற்சொல்
ꢡꣂꢣꢸ ꢗꢾꢬ꣄ꢥꢶ,இயைபு
ꢣꢶꢮ꣄ꢥ ꢶꢱꢖ꣄ꢓ꣄꣄ꢫꣁ,இரட்டை எண்
ꢣꢶꢮ ꢮꢶꢩꢒ꣄ꢡꢶ,இரண்டாம் வேற்றுமை
ꢣꢶꢮ꣄ꢥꢶ,இருமை
ꢮ꣄ꢫꢵꢒꢬꢠ ꢩꢵꢒꢥ꣄꣄,இலக்கணக் கூறுகள்
ꢮ꣄ꢫꢵ ꢒꢬꢠ ꢭꢶꢖꢔꢸ,இலக்கணப் பால்
ꢮ꣄ꢫꢵꢒꢬꢠ꣄,இலக்கணம்
ꢮ꣄ꢫꢵꢒꢬꢠ ꢱꢪ꣄ꢦ꣄ꢬꢣꢵꢫ꣄,இலக்கண மரபு
ꢮ꣄ꢫꢵꢒꢬꢠ ꢱꢵꢱꢥꣁ,இலக்கண விதி
ꢙꢶꢫꢾ ꢒꢵꢭ꣄,இறந்த காலம்
ꢔꢿ ꢒꢵꢭ꣄,இறந்த காலம்
ꢆꢗ꣄ꢗꢵꢬꢠ꣄,உச்சரிப்பு
ꢚꢶꢬ꣄ꢒꢶꢥꢶ,உடம்படுமெய்
ꢏꢣꢜ꣄,உதடு
ꢲꣂꢜ꣄,உதடு
ꢂꢡꢶꢱꢵꢫꣂꢡ꣄ꢡꢶ,உயர்வு நவிற்சி
ꢂꢡꢶꢮꢬ꣄ꢠꢥꣁ,உயர்வு நவிற்சி
ꢦꢹꢙ꣄ꢫ ꢦꢲꢸ ꢮꢗꢥ꣄,உயர்வுப் பன்மை
ꢪꢿꢜꢸ ꢨꢲꢸ ꢮꢗꢥ꣄,உயர்வுப் பன்மை
ꢱ꣄ꢮꢬꢵꢒ꣄ꢰꢬ꣄ ꢂꢙꢸꢥꢒ꣄ꢰꢬ꣄,உயிர் எழுத்து
ꢱꢙꢷꢮꢶ,உயிருடையன
ꢮꢶꢩꢒ꣄ꢡꢶ ꢗꢶꢥ꣄ꢲꢸꢥ꣄ ꢮꢶꢩꢡꢒ꣄ꢡꢶ ꢮꢬ꣄ꢠꢒꢸꢥ꣄,உருபுகள்
ꢩꢵꢱ꣄ꢫꣁ,உரை
ꢆꢦꢪꣁ,உவமை
ꢂꢥ꣄ꢡ ꢥꢶꢬ꣄ꢪꢵꢥ꣄,உள்ளமைப்பு
ꢪꢴꢣ꣄ꢣꢶ ꢢꣁꢮ꣄ꢥꢶ,உள்ளொட்டு
ꢇꢲꢪ꣄,ஊகம்
ꢱꢖ꣄ꢓ꣄ꢫꣁ,எண்
ꢂꢮꢥ꣄ꢒꢵꢭ꣄,எதிர்காலம்
ꢮ꣄ꢫꢡꢶꢬꢿꢒ ꢱꢨ꣄ꢣꢸ,எதிர்ச்சொல்
ꢮ꣄ꢫꢡꢶꢬꢿꢒ꣄,எதிர்மறை
ꢂꢰꢬ꣄,எழுத்து
ꢭꢶꢦꢶ,எழுத்து
ꢒꢬ꣄ꢡꣁ,எழுவாய்
ꢃꢙ꣄ꢛꢵ,ஏவல்
ꢗꢾꢬꢶꢨꢥ꣄ꢤꢶ,ஒட்டு
ꢌꢒꢮꢗꢥ꣄,ஒருமை
ꢱ꣄ꢮꢬꣁ,ஒலி
ꢤ꣄ꢮꢥꢶ,ஒலி
ꢆꢗ꣄ꢗꢵꢜꢥꢪ꣄,ஒலிப்பு
ꢬꢷꢠꢸ ꢮꢡ꣄ꢡꣁ,கடன் சொல்
ꢩꢬꢳ ꢮꢡ꣄ꢡꣁ,கடன் சொல்
ꢓꢳ꣄ꢳꢥ꣄ ꢮꢡ꣄ꢡꣁ,கடன் வாங்கல்
ꢒꢭꢸ,காலம்
ꢱ꣄ꢮꢭ꣄ꢦ ꢮꢶꢬꢵꢪ,காற்புள்ளி
ꢥꢴꢥ꣄ ꢕꢾꢞꢶ,காற்புள்ளி
ꢔꢸꢬꢶ,குறியீடு
ꢗꢶꢥ꣄ꢲꢸ,குறியீடு
ꢡꢵꢳꢸ,சந்தம்
ꢭꢫꣁ,சந்தம்
ꢱꢥ꣄ꢤꢶ,சந்தி
ꢱꢪ꣄ꢱꢬ꣄ꢔꢸ,சாரியை
ꢔꢸꢬꢶ,சுட்டு
ꢱꢹꢡ꣄ꢬꢸ,சூத்திரம்
ꢩꢵꢮ ꢩꢵꢰꣁ,சைகை மொழி
ꢯꢨ꣄ꢣꢸ,சொல்
ꢯꢨ꣄ꢣ ꢮ꣄ꢫꢵꢒꢬꢠꣁ,சொல்லிலக்கணம்
ꢧꣀꢭ꣄ ꢦꢸꢬꢸꢱꢸ,தன்மையிடம்
ꢂꢒꢬ꣄ꢪꢒ ꢒ꣄ꢬꢶꢫꣁ,குன்றியவினை
ꢱꢒꢬ꣄ꢪꢒ ꢒ꣄ꢬꢶꢫꣁ,குன்றாவினை
ꢱꢵꢤꢵꢬꢠ ꢮꢵꢒ꣄ꢫꣁ,தனிவாக்கியம்
ꢩꢵꢰꢠ ꢮꢡ꣄ꢡꣁ,திசைச் சொல்
ꢔꢸꢪ꣄ꢦꢸꢥꢵꢮ꣄,திரள் பெயர்
ꢪꢥ꣄ꢡꢸ ꢮꢡ꣄ꢡꣁ,திரி சொல்
ꢆꢦ ꢒ꣄ꢬꢶꢫꣁ,துணை வினை
ꢮꢾꢒ꣄ꢒꢶꢥꢶ,தெரிவு
ꢱꢪ꣄ꢫꢸꢒ꣄ꢡꢸ,தொகை
ꢆꢒ꣄ꢡꢶ ꢮꢵꢒ꣄ꢫꢪ꣄,தொடர்
ꢮꢡ꣄ꢡꢵ ꢡꣁꢬꢠ꣄,தொடர்
ꢥꢶꢬꢥ꣄ꢡꢬ ꢒꢵꢭ꣄,தொடர்காலம்
ꢮꢵꢒ꣄ꢫ ꢦ꣄ꢬꢒꢬꢠꣁ,தொடரியல்
ꢒꢬ꣄ꢪꢸ ꢥꢵꢮ꣄,தொழிற்பெயர்
ꢬꢷꢡꢶ,நடை
ꢗꢬ꣄ꢮ ꢮꢶꢩꢒ꣄ꢡꢶ,நான்காம் வேற்றுமை
ꢗꢭ꣄ꢡ ꢒꢵꢭ꣄,நிகழ்காலம்
ꢮꢶꢬꢵꢪꢸ ꢗꢶꢥ꣄ꢲꢸ,நிறுத்தக் குறிகள்
ꢭꢵꢪ꣄ꢱ꣄ꢮꢬꣁ,நெடில் உயிர்
ꢂꢒ꣄ꢰꢬꢵꢥ꣄,நெடுங்கணக்கு
ꢦ꣄ꢬꢡꢶꢩꢵꢱꢥ꣄,நேர்க்கூற்று
ꢤꢹꢬ꣄ ꢦꢸꢬꢸꢱꢸ,படர்க்கை இடம்
ꢮꢵꢒ꣄ꢮꢶꢲꢵꢬ꣄,படவெழுத்து
ꢒ꣄ꢬꢶꢫꢵꢦꢣ꣄,பயனிலை
ꢨꢲꢹ ꢮꢗꢥ꣄,பன்மை
ꢔꢷꢡ꣄,பா
ꢭꢶꢖ꣄ꢔꢸ,பால்
ꢱꢒꢬ꣄ꢪꢒ ꢒ꣄ꢬꢶꢫꣁ,குன்றா வினை
ꢂꢥꢸꢨꢥ꣄ꢤꢸ,பின்னொட்டு
ꢦꢹꢬ꣄ꢠ ꢮꢶꢬꢵꢪ꣄,புள்ளி
ꢲꣁꢭ꣄ꢭꢵ ꢥꢶꢬ꣄ꢪꢵꢥ꣄,புற அமைப்பு
ꢱ꣄ꢡ꣄ꢬꢷ ꢭꢶꢖ꣄ꢔꢸ,பெண்பால்
ꢂꢳ꣄ꢳꢶꢖ꣄ꢔꢸ,பெண்பால்
ꢱꢬ꣄ꢮ ꢥꢵꢮ꣄,பெயர்ப்பதிலி
ꢦ꣄ꢬꢡꢶ ꢥꢵꢮ꣄,பெயர்ப்பதிலி
ꢮꢶꢯꢿꢰꢠ꣄,பெயரடை
ꢱꢵꢤꢵꢬꢠꢭꢶꢖ꣄ꢔꢸ,பொதுப்பால்
ꢱꢵꢤꢵꢬꢠ ꢱꢨ꣄ꢣꢸ,பொதுப்பெயர்
ꢂꢬ꣄ꢢꢸ,பொருள்
ꢮꢒ꣄ꢬꣂꢒ꣄ꢡꢶ,மயக்கம்
ꢱꢪ꣄ꢡꢿꢲꢵꢬ꣄ꢢꢸ,மயக்கம்
ꢱꢪ꣄ꢦꢶꢬꢣꢵꢫꢸ,மரபு
ꢬꢹꢟꢶ,மரபு
ꢮ꣄ꢫꢒ꣄ꢡ ꢮꢡ꣄ꢡꣁ,மாற்றுருபு
ꢮ꣄ꢫꢒ꣄ꢡ ꢱ꣄ꢮꢬꣁ,மாற்றொலி
ꢂꢬ꣄ꢤ ꢨꢶꢥ꣄ꢤꢸ,முக்காற்புள்ளி
ꢪꢸꢱꢸꢥꢵ ꢒ꣄ꢬꢶꢫꣁ,முற்றாவினை
ꢦꢣꢪ꣄,முற்றுத்தொடர்
ꢂꢣꢶꢒꢬꢠꢪ꣄,முற்றுத்தொடர்
ꢥꢶꢱ꣄ꢱꢥ꣄ꢣꢾꢲ ꢒ꣄ꢬꢶꢫꣁ,முற்றுவினை
ꢦꢹꢬ꣄ꢠ ꢒ꣄ꢬꢶꢫꣁ,முற்றுவினை
ꢮꢾꢣꢸꢬ꣄ꢦꢸꢬꢸꢱꢸ,முன்னிலை
ꢣꢶꢮꢦꢸꢬꢸꢰꢸ,முன்னிலை
ꢂꢔ꣄ꢬ ꢨꢥ꣄ꢡꢸ,முன்னொட்டு
ꢥꢵꢒꢸ ꢱꢾꢣ꣄ꢣꢸ,மூக்கொலி
ꢲꢒꢵꢬ ꢯꢨ꣄ꢣꢸ,மூச்சு
ꢱ꣄ꢮꢵꢱꢪ꣄,மூச்சு
ꢪꢲꢵ ꢦ꣄ꢬꢵꢠꢪ꣄,மூச்சு
ꢲꢭꢸꢥ꣄,மெய்
ꢲꢾꢞꢶ ꢱꢖ꣄ꢒꢶꢥꢶ,மேற்கோள்
ꢘꢥ꣄ꢡꢱ꣄,யாப்பியல்
ꢮꢵꢒ꣄ꢫ ꢩꢵꢔ꣄,வாக்யாங்கம்
ꢮꢶꢤꢶ,விதி
ꢦ꣄ꢬꢱ꣄ꢠꣁ,வினா
ꢦ꣄ꢬꢱ꣄ꢠ ꢔꢸꢬꢶ,வினாக்குறி
ꢒ꣄ꢬꢶꢫꢵꢦꢣꢸ,வினைச்சொல்
ꢒ꣄ꢬꢶꢫꢵꢮꢶꢱꢾꢰꢠ꣄,வினையடை
ꢂꢮ꣄ꢫꢫꣁ,வினையடை
ꢮꢶꢩꢒ꣄ꢡꢶ,வேற்றுமை
ꢨꣁꢭꢵꢤꢶꢞꣁ,அடை
ꢂꢜꣀ,அடை
ꢦꢸꢬꢶ,அதிரசம்
ꢂꢦ꣄ꢦꢸꢞꢵꢭ꣄,அப்பளம்
ꢂꢜ꣄ꢒꢸꢭ꣄,அவல்
ꢒꢫ꣄ꢫꢵꢥ꣄ ꢡꢾꢳ꣄ꢥꢶ,அவியல்
ꢂꢲꢵꢬ꣄,ஆகாரம்
ꢂꢦ꣄ꢦꢪ꣄,ஆப்பம்
ꢩꢭꢵꢬ꣄,இட்டிலி
ꢮꢶꢳ꣄꣄ꢜꢶꢫꣁ,இட்டிலி
ꢆꢒ꣄ꢒꢸꢜꢸꢪ꣄,இட்டிலி
ꢄꢜꢶꢫꢵꢦ꣄ꢦꢪ꣄,இடியாப்பம்
ꢕꢜꢮ꣄ꢥꢭ꣄,"செவ்விளநீர், பச்சை இளநீர்"
ꢱꢮ꣄ꢥꢭ꣄,"செவ்விளநீர், பச்சை இளநீர்"
ꢗꣀꢥꣁ,"இறைச்சி, மாமிசம்"
ꢨꣁꢱꢸꢭꣁ,"இறைச்சி, மாமிசம்"
ꢪꢵꢪ꣄ꢱꢸ,"இறைச்சி, மாமிசம்"
ꢓꣁꢮ꣄ꢱ꣄,"இறைச்சி, மாமிசம்"
ꢓꢥꢶ,உணவு
ꢓꢮ꣄ꢥꢪ꣄,உணவு
ꢆꢦ꣄ꢪꢵꢮ꣄,உப்புமா
ꢒꢗ꣄ꢗꢪ꣄ꢩꢵ ꢂꢪ꣄ꢨꢜ꣄,உப்பிலோடு
ꢨꢶꢙ꣄ꢙꢜ꣄,ஊறுகாய்
ꢭꣁꢰ꣄ꢜꣁ,ஊறுகாய்
ꢡꢷꢭꢸ ꢆꢠ꣄ꢜꣁ,எள்ளுருண்டை
ꢒꢾꢥ꣄ꢥꢶꢦꢾꢱ꣄,கஞ்சி
ꢔꣁꢨ꣄ꢨꢸꢬꢾꢱ꣄ꢱꢸ,கரும்புச்சாறு
ꢒꣁꢞ꣄ꢞꢶ,கருவாடு
ꢒꢾꢳ꣄ꢳꢸ,கள்
ꢱꢸꢔꢸꢞ꣄,களி
ꢗꣀꢭꢡ꣄ꢡꢾ,வெஞ்சனம்
ꢗꢥꣁ,கறி
ꢨꢾꢠ꣄ꢞꢸꢗꢥꣁ,ஆட்டுக் கறி
ꢨꣁꢱꢸꢭꣁ,ஆட்டுக் கறி
ꢒꢸꢞꢶꢗꢥꣁ,கோழிக் கறி
ꢣꢸꢒ꣄ꢒꢬꢸꢗꢥꣁ,பன்றிக் கறி
ꢒꣁꢬꢸꢗꣀꢥꣁ,மாட்டுக் கறி
ꢂꢪ꣄ꢜꢶ,குழம்பு
ꢔꣁꢙ꣄ꢙꢸ,குழம்பு
ꢒꢸꢜ꣄ꢒꢶꢬꢶ,கூட்டு
ꢂꢪ꣄ꢨꢜ꣄,கூட்டு
ꢂꢪ꣄ꢨꢶꢭ꣄,கூழ்
ꢒꢿꢱꢬꢶ,கேசரி
ꢒꢥ꣄ꢣꢸꢭꣁ,கொழுக்கட்டை
ꢪꢥ꣄ꢣꣁ,கொழுப்பு
ꢗꢜ꣄ꢥꢶ,சட்டினி
ꢡꢒ꣄ꢒꢵꢳꢶ ꢗꢜ꣄ꢥꢶ,தக்காளிச் சட்டினி
ꢥꢬꢳ꣄꣄ ꢗꢜ꣄ꢥꢶ,தேங்காய்ச் சட்டினி
ꢦꢸꢡꢶꢥꢵ ꢗꢜ꣄ꢥꢶ,புதினாச் சட்டினி
ꢪꢭ꣄ꢭꢶ ꢗꢜ꣄ꢥꢶ,மல்லிச் சட்டினி
ꢱꢸꢒ꣄ꢒꢜ꣄,உப்புக்கண்டம்
ꢗꢦ꣄ꢦꢵꢡ꣄ꢡꢶ,சப்பாத்தி
ꢩꢵꢡ꣄,சாதம்
ꢩꢵꢡ꣄,சாப்பாடு
ꢂꢥ꣄ꢥꢸ,சாப்பாடு
ꢱꢪ꣄ꢨꢵꢬ꣄,சாம்பார்
ꢱꢾꢬꣁ,சாராயம்
ꢬꢾꢱ꣄ꢱꢸ,சாறு
ꢥꢴꢥ꣄ꢓꢥꢶ,சிற்றுண்டி
ꢒꢗ꣄ꢗꢾꢥ꣄ꢥꣁ,சுண்டல்
ꢱꢸꢒꢸꢠ꣄ꢜꣁ,சுழியன் /ஸீயம்
ꢭꢶꢪ꣄ꢨꢸ ꢩꢵꢡ꣄,எலுமிச்சம் சோறு
ꢗꢾꢡ꣄ꢡꢶ ꢩꢵꢡ꣄,கட்டுச் சோறு
ꢦꣁꢥ꣄ꢥꢶꢥ꣄ ꢗꣁꢥ꣄ꢥꣁ ꢩꢵꢡ꣄,சோள்ச் சோறு
ꢭꢶꢪ꣄ꢦꢸꢩꢵꢡ꣄,எலுமிச்சைசாதம்
ꢤꢶꢟꣁ,தோசை
ꢚꣁꢳ꣄ꢳꢵ ꢩꢵꢡ꣄,சோளச் சோறு
ꢤꢾꢄ~,தயிர்
ꢗꣁꢬꣁ,தீனி
ꢭꣁꢱ꣄ꢜꣁ,துவையல்
ꢡꢷ꣄ꢳ꣄ ꢭꣁꢰ꣄ꢜꣁ,எள்ளுத் துவையல்
ꢡꢷꢳ ꣄꣄ꢣꢵꢳ꣄,எள்ளுத் துவையல்
ꢒꢸꢳꢶꢶꢡ꣄ ꢣꢵꢳ꣄,காணத் துவையல்
ꢥꢬꢳ꣄꣄ ꢣꢵꢳ꣄,தேங்காய்த் துவையல்
ꢨꢾꢳꢵꢣꢵꢳ꣄,பருப்புத் துவையல்
ꢦꢸꢡꢶꢥꢵ ꢣꢵꢳ꣄,புதினாத் துவையல்
ꢥꢬꢳ꣄꣄ ꢣꢹꢡ꣄,தேங்காய்ப்பால்
ꢪꣀ,தேன்
ꢡꢿꢥꢾ,தேன்
ꢡꢾꢥ꣄ꢡꢸꢭꣁ,தேன்குழல்
ꢤꢶꢞꣁ,தோசை
ꢡꢹꢦ꣄,நெய்
ꢲꣁꢭ꣄ꢭꢵ ꢓꢥꢶ,நொறுக்குத்தீனி
ꢦꢒ꣄ꢒꣂꢜꣁ,பக்கோடா
ꢦꣁꢳ꣄ꢳꢵ ꢬꢾꢱ꣄ꢱꢸ,பழச்சாறு
ꢱꢶꢳ꣄ꢳ ꢩꢵꢡ꣄,பழையமுது
ꢒꣁꢞꢸꢒ꣄,பழங்கஞ்சி
ꢩꢙ꣄ꢙꢶ,பஜ்ஜி
ꢦꢵꢮ꣄,பாகு
ꢦꢱꢪ꣄,பாயசம்
ꢣꢹꢡ꣄,பால்
ꢣꢹꢡ꣄ꢩꢿꢞꢵ ꢦꢵꢭ꣄ꢒꣁꢮꢵ,பால்கோவா
ꢱꢵꢫ꣄,பாலாடை
ꢦꢶꢜ꣄ꢜꢸ,புட்டு
ꢨꣁꢱꢸꢭꢵ ꢩꢵꢡ꣄,புலவு
ꢱꢷꢱꢸ ꢂꢮ꣄ꢠ꣄ꢞꢶ,புளிக் குழம்பு
ꢣꢄ~ ꢬꢫ꣄ꢡꣁ,பச்சடி
ꢂꢪ꣄ꢦꢜ꣄ ꢩꢵꢡ꣄,புளியோதரை
ꢦꢹꢥ꣄ꢡꢶ,பூந்தி
ꢦꣁꢖ꣄ꢒꢭ꣄,பொங்கல்
ꢔꢸꢳ꣄ꢳꢾ ꢦꣁꢖ꣄ꢔ꣄ꢭ꣄,சர்க்கரைப் பொங்கல்
ꢪꢸꢣ꣄ꢣꢵ ꢦꣁꢖ꣄ꢔ꣄ꢭ꣄,வெண் பொங்கல்
ꢒꢾꢬꢭ꣄,பொரி
ꢔꢸꢳ꣄ꢳꢾ ꢦꢾꢬꢵꢭ꣄,இனிப்புபொரி
ꢒꢫ꣄ꢭꣁ ꢒꢾꢱꢸꢬ꣄,பொரியல்
ꢦꣁꢳ꣄꣄ꢜꢶꢥꢶ,பொரியல்
ꢦꣁꢳ꣄꣄ꢜꢾ ꢗꢥꣁ,பொரியல்
ꢦꣂꢠ꣄ꢜꢵ,போண்டா
ꢨꣂꢳꢶ,போளி
ꢪꢬ꣄ꢒꢫ꣄ꢭꢵ ꢨꢸꢬ꣄ꢒꣁ,மிளகாய்ப்பொடி
ꢪꢴꢳꢶ ꢂꢪ꣄ꢜꢶ,மீன்கறி
ꢂꢠ꣄ꢜꢵ ꢂꢪ꣄ꢜꢶ,முட்டைக்கறி
ꢂꢠ꣄ꢞꢵ ꢤꢶꢞꣁ,முட்டைத் தோசை
ꢗꢫ꣄ꢭꢶ,முறுக்கு
ꢡꢾꢥ꣄ꢡꢸꢭꣁ,முறுக்கு
ꢂꢗ꣄ꢗꢸ ꢡꢾꢥ꣄ꢡꢸꢭꣁ,அச்சு முறுக்கு
ꢲꢵꢡꢸ ꢡꢾꢥ꣄ꢡꢸꢭꣁ,கை முறுக்கு
ꢂꢥꢸꢙ꣄ꢛꣁ,உரிமம்
ꢂꢥꢸꢪꢡꢶꢦ꣄ꢡ꣄ꢬꢸ,உரிமம்
ꢤꢪꢞ꣄ꢠꢵꢬ꣄,ஓட்டுநர்
ꢣꣁꢮ꣄ꢜꢸꢥꢵꢬ꣄,ஓட்டுநர்
ꢏꢠ꣄ꢜ꣄ꢫ ꢦꣁꢔꢸꢮꢵꢜ꣄,ஒரு வழிப்பாதை
ꢔꢵꢫ꣄ ꢨꣁꢠ꣄ꢞꢶ,மாட்டு வண்டி
ꢥꣃꢒꣁ,கப்பல்
ꢕꣁꢣꢵ ꢨꣁꢠ꣄ꢞꢶ,குதிரைவண்டி / ஜட்கா
ꢩꢵꢬ꣄ ꢡꢸꢒꢒꢸ꣄ꢥꢵꢬ꣄,கூலி
ꢩꣁꢠ꣄ꢠꢪ꣄,சரக்கு
ꢱꢪꢵꢥ꣄,சாமானம்
ꢪꢵꢬ꣄ꢔꢸ,சாலை / தடம்
ꢬꢾꢱ꣄ꢡꣁ,சாலை / தடம்
ꢫꢵꢡ꣄ꢬꢵ ꢗꢷꢜ꣄,சீட்டு
ꢩꢵꢬ꣄ ꢨꣁꢠ꣄ꢞꢶ,சுமையுந்து
ꢪꢵꢒ꣄ꢬꢸꢪ꣄,தடம்
ꢣꢠ꣄ꢞꢮꢵꢭꢪ꣄,தண்டவாளம்
ꢗꢭ꣄ꢥꢶ ꢪꢶꢜ꣄ꢜꣁ,தளம்
ꢥꣃꢒꣁ ꢲꢶꢨ꣄ꢨꢥ꣄ꢬꢾꢪ꣄,துறைமுகம்
ꢡꣁꢬꢠ꣄ ꢔꢸꢰ꣄ꢜꢶ,தொடர்வண்டி
ꢦꢥ꣄ꢗꢭꢶ,தோணி
ꢦꢥ꣄ꢗꢭ꣄,தோணி
ꢭꢵꢜ꣄ꢒꢶꢜ꣄ꢒꢶ,நங்கூரம்
ꢗꢭꢞ꣄ꢥꢵꢬ꣄,நடத்துநர்
ꢨꢸꢜꢥ꣄ ꢥꣃ,நீர்மூழ்கிக் கப்பல்
ꢥꢶꢡ꣄ꢡ ꢮꢵꢜ꣄,நேர்வழி
ꢥꢵꢮ꣄,படகு
ꢫꢵꢡ꣄ꢬꣁ,பயணம்
ꢫꢵꢡ꣄ꢬꢶꢒꢸꢥ꣄,பயணிகள்
ꢫꢵꢡ꣄ꢬꣁ,பிரயாணம்
ꢫꢵꢡ꣄ꢬꢶꢥ꣄,பிரயாணிகள்
ꢬꣀꢫꢶꢭ꣄ ꢨꣁꢠ꣄ꢜꢶ,புகை வண்டி
ꢬꣀꢫꢶꢭ꣄ ꢨꣁꢠ꣄ꢞꢶ,புகைவண்டி நிலையம்
ꢲꢶꢦ꣄ꢦꢥ꣄꣄ ꢢꢵꢪ꣄,புகைவண்டி நிலையம்
ꢨꢱ꣄,பேருந்து
ꢨꢱ꣄ ꢱ꣄ꢢꢭ꣄,பேருந்து நிலையம்
ꢂꢮ꣄ꢥꢶ ꢙꢥꢶ,போக்குவரத்து
ꢔꣁꢬꢸꢨꣁꢠ꣄ꢜꢶ,மாட்டுவண்டி
ꢦꢛBꢗꢸꢭꢵ ꢨꣁꢠ꣄ꢜꢶ,மிதிவண்டி
ꢮꢶꢣ꣄ꢫꢸꢡ꣄ꢡꣁꢬꢠ꣄ ꢔꢸꢰ꣄ꢜꢶ,மின்சாரவண்டி
ꢫꢵꢡ꣄ꢬꢵ,யாத்திரை
ꢨꣁꢠ꣄ꢜꢶ,வண்டி
ꢨꣁꢠ꣄ꢞꢶ,வாகனம்
ꢂꢒꢵꢰ꣄ ꢔꢸꢰ꣄ꢜꢶ,விமானம்
ꢂꢒꢵꢱꢸ ꢫꢵꢥ꣄,விமானம்
ꢕꢹꢜꢸ ꢨꣁꢠ꣄ꢜꢶ,வில்வண்டி
ꢂꢒꢵꢰ꣄ꢔꢸꢰ꣄꣎ꢜꢶ ꢬꢿꢪ꣄,விமானநிலையம்
ꢂꢒꢵꢰ꣄ꢔꢸꢰ꣄ꢜꢶ ꢱꢵꢬꢡꢶ,விமானி
ꢮꢿꢒꢸ ꢔꢸꢰ꣄ꢜꢶ,விரைவு வண்டி
ꢨꢾꢫ꣄,அக்கா
ꢣꢣꣁ,அண்ணன்
ꢩꢮꢶ,அண்ணி
ꢩꢮꣁ,அத்தான்
ꢧꢸꢄ~,அத்தை
ꢂꢪ꣄ꢪꣁ,அப்பத்தா
ꢨꣂ,அப்பா / தந்தை தகப்பன்
ꢨꢵꢦ꣄,அப்பா / தந்தை தகப்பன்
ꢂꢪ꣄ꢨꣁ,அம்மா /அன்னை
ꢂꢙ꣄ꢙꢶ,அம்மாச்சி / ஆச்சி
ꢂꢙ꣄ꢙꢶ ꢂꢪ꣄ꢨꣁ,ஆத்தா
ꢒꢵꢪ꣄ ꢒꢾꢬ꣄ꢡ꣄ꢡꢶꢥ꣄,ஆயா
ꢱꢾꢥ꣄ꢡꣁꢙꢶꢥ꣄,உடன் பிறப்புகள்
ꢨꣀꢨꢾꢫ꣄ꢥꢾꢥ꣄,உடன் பிறப்புகள்
ꢨꢥ꣄ꢤꢸꢙꢾꢥꢵꢥ꣄,"உறவினர், சொந்தங்கள்"
ꢐꢱ꣄ꢡꢸꢥ꣄,"உறவினர், சொந்தங்கள்"
ꢨꢥ꣄ꢣꢸꢦꢥ꣄,"உறவு, சொந்தம்"
ꢏꢱ꣄ꢡꢸ,"உறவு, சொந்தம்"
ꢣꢾꢮ꣄ꢬꢥꢶ ꢚꢾꢞꢥꢶꢥ꣄,ஓரகத்தி
ꢣꢭ꣄ꢭꣁ,"கணவன், புருஷன்"
ꢦꢡꢶ,"கணவன், புருஷன்"
ꢩꢬ꣄ꢡꣁ,"கணவன், புருஷன்"
ꢂꢪ꣄ꢨꢸꢭꣁ,"கணவன், புருஷன்"
ꢦꢶꢭ꣄ꢭꣁ,குழந்தை
ꢨꢵꢳꢸ,குழந்தை
ꢥꢴꢸꢬꢸ,குழந்தை
ꢨꢵ ꢂꢙ꣄ꢙꣁ,கொள்ளுத்தாத்தா
ꢨꢵ ꢂꢙ꣄ꢙꢶ,கொள்ளுப்பாட்டி
ꢦꣁꢥ꣄ ꢥꢡꢶꢥꢶ,கொள்ளுப்பேத்தி
ꢦꣁꢥ꣄ꢥꢡ꣄ꢡꢾ,கொள்ளுப்பேரன்
ꢣꢾꢮꢬ꣄,கொழுந்தன்
ꢥꢾꢥꢥ꣄ꢡꢸ,கொழுந்தி
ꢥꢿꢥ꣄ꢣꢸ,கொழுந்தி
ꢱꣁꢮꢡ꣄,சக்களத்தி
ꢱꢾꢬ꣄ꢔꢸꢜ꣄,சகலப்பாடி
ꢱꢞ꣄ꢔꢸꢜ꣄,சகலப்பாடி
ꢱꢾꢖ꣄ꢒꣁ ꢆꢙꢾꢱ꣄ꢡꢾꢥꣁ,சகோதரன்
ꢩꣀ,சகோதரன்
ꢱꢾꢖ꣄ꢒꣁ ꢆꢙꢾꢱ꣄ꢡꢶꢥꣁ,சகோதரி
ꢩꢾꢫ꣄ꢥ꣄,சகோதரி
ꢮꢾꢱꢶꢥ꣄ꢡꢶ,சம்பந்திகள்
ꢮꢾꢱꢶꢥ꣄ꢡꢶꢥ꣄,சம்பந்திகள்
ꢥꢴꢥ꣄ꢥꢨꣂ,சித்தப்பா
ꢒꢒꣁ,சித்தப்பா
ꢪꣃꢱꢶ,சித்தி
ꢥꢴꢥ꣄ꢥꢪ꣄ꢨꣂ,சின்னம்மா
ꢩꢾꢫ꣄ꢥ꣄,தங்கை
ꢨꣀꢫ꣄,தமயன்
ꢨꢾꢜꣁ,தனயன்
ꢂꢫ꣄ꢫꣂ,தாத்தா/ பாட்டன்
ꢂꢪ꣄ꢪꣁ,தாய்
ꢂꢙ꣄ꢙꣁ,கொள்ளுத்தாத்தா
ꢡꢭ꣄ꢭꣂ,கணவன்
ꢂꢖ꣄ꢒꢿꢬ꣄ ꢨꣁ,தாத்தா/ பாட்டன்
ꢂꢖ꣄ꢒꢿꢬꢪ꣄ꢨꣁ꣄,அம்மாச்சி / ஆச்சி
ꢨꢾꢫ꣄ꢭ꣄,பெண்டாட்டி
ꢨꣀꢭ꣄,பெண்டாட்டி
ꢩꢵꢬꢶ,பெண்டாட்டி
ꢩꢵꢬꢶꢫꣁ,பெண்டாட்டி
ꢱꢡꢶ,பெண்டாட்டி
ꢪꢴꣁꢜ꣄ꢜ ꢨꣂ,பெரியப்பா
ꢪꣁꢜ꣄ꢜꢪ꣄ ꢨꣂ,பெரியம்மா
ꢪꢵꢫ꣄ꢨꢵꢦ꣄,பெற்றோர்
ꢂꢪ꣄ꢨꣁ ꢨꣂ,பெற்றோர்
ꢥꢡꢶꢥꢶ,பேத்தி
ꢥꢡ꣄ꢡꢾ,பேரன்
ꢨꢾꢜꢶ,மகள்
ꢱꢳꣁ,மச்சான்
ꢩꣁꢮ꣄ꢠ꣄ꢜꢶ,மருமகள்
ꢙꣁꢪꣀ,மருமகன்
ꢨꢾꢫ꣄ꢭ꣄,தங்கை
ꢪꢪꣁ,மாமன்
ꢱꣁꢱꢸꢬꣁ,மாமனார்
ꢪꢪꢶ,மாமி
ꢱꢱꢸ,மாமியார்
ꢂꢖ꣄ꢔꢸꢱꣁ,அங்குசம்
ꢪꢸꢣ꣄ꢬꢠꢱꢵꢭꣁ,அச்சகம்
ꢥꢶꢪ꣄ꢦꢶꢥꢶ,அச்சடிப்பு
ꢪꢸꢣ꣄ꢬꢠꣁ,அச்சடிப்பு
ꢥꢶꢪ꣄ꢦꢶꢥꢶꢮꢵꢥ꣄,அச்சிடுபவர்
ꢪꢸꢣ꣄ꢬꢠꣁ ꢒꢾꢬ꣄ꢥꢵꢬ꣄,அச்சிடுபவர்
ꢭꢾꢓꢸꢮꢵꢥ꣄,அஞ்சல்காரர்
ꢮꢵꢭ꣄ꢮꢸ,அடைப்பிதழ்/வால்வு
ꢚꢔꢶ ꢲꢸꢔꢸꢞꢵꢮ꣄,அடைப்பிதழ்/வால்வு
ꢮꢬꢶꢞꣁ,அம்பட்டன்
ꢮꢫꢞꢾ,அம்பட்டன்
ꢥꢶꢥꢵꢮ꣄ ꢒꢾꢬ꣄ꢥꢵꢮ꣄,அரம்
ꢒꢡ꣄ꢒꣁ,அரிவாள்
ꢒꢒ꣄ꢒꣁ,அரிவாள்
ꢧꢱꢭ꣄ ꢒꢜꢱ꣄ꢡꢾ,அறுவடை
ꢲꣁꢞꢫ꣄ꢡ꣄,ஆசாரி / தச்சன்
ꢃꢠꢶ,ஆணி
ꢄꢜ꣄ꢒꢶ,இடுக்கி
ꢔꢮ꣄ꢬꢶ,இடைச்சி
ꢔꣁꢭ꣄ꢭꢬꢶꢥ꣄,இடைச்சி
ꢔꣁꢮ꣄ꢭꢶ,இடைச்சி
ꢔꢮ꣄ꢬꢸ,இடையன்
ꢔꣁꢮ꣄ꢭꣁ,இடையன்
ꢱꢪ꣄ꢫꣂꢙꢒꣁ,இணைப்பாளர்
ꢃꢱꢥꣁ,இருக்கை
ꢦꢷꢝꢪ꣄,இருக்கை
ꢥꢶꢮꢵꢬꢠꣁ,இழப்பீடு
ꢡꢵꢡ꣄,இழை
ꢡꢵꢒ꣄,இழை
ꢆꢬ꣄ꢮꢬꣁ,உரம்
ꢆꢬꣁ,உரம்
ꢤꢸꢭ꣄ꢞꣁ,உருளை
ꢡꢹꢬ꣄,உருளை
ꢒꢱꢮ꣄ꢜꢶ,உரைகல்
ꢔꣁꢱꢸꢥꢵꢮꢸ ꢣꢾꢫ꣄ꢞꣁ,உரைகல்
ꢗꢸꢭ꣄ꢭꣁ,உலை
ꢙꢸꢥꢡ꣄ꢥꢵꢬ꣄,உழவன்
ꢥꢖ꣄ꢔꢸꢥꢵꢬ꣄,உழவன்
ꢒꢬ꣄ꢰ꣄ꢠꢵꢬ꣄,உழவன்
ꢒ꣄ꢬꢸꢰꢶ,உழவன்
ꢜꢖ꣄ꢒꢸ,உளி
ꢱꢶꢮꢶ,ஊசி
ꢧꢸꢥꢳꢶ,ஊதுகுழல்
ꢢꢿꢡꢸ ꢱꢡ꣄ꢡꢸ,எரு
ꢱꢿꢥ꣄,எரு
ꢒꢜꢶ ꢣꢾꢮ꣄ꢱꢶꢥꢶ,ஒட்டுமுறை
ꢪꢶꢳꢞ꣄ꢠꢶ,ஒட்டுமுறை
ꢱꢶꢖ꣄ꢔꢬ꣄ꢭꢶꢥꢶ,ஒப்பனை
ꢤꣁꢥꢶ ꢦꢛ꣄ꢙꢷꢒꢬꢠꣁ,ஒலிப்பதிவு
ꢤꣁꢥꢶ ꢤꢾꢬ꣄ꢥꢶ,ஒலிப்பதிவு
ꢬꢹꢦꢸ ꢦꢛ꣄ꢙꢷꢒꢬꢠꣁ,ஒளிப்பதிவு
ꢬꢹꢦꢸ ꢤꢾꢬ꣄ꢥꢶ,ஒளிப்பதிவு
ꢣꣁꢮ꣄ꢞꢸꢥꢵꢬ꣄,ஓட்டுநர்
ꢱꢵꢬꢤꢶ,ஓட்டுநர்
ꢣꣂꢠꢶ,ஓடம்
ꢥꢮ꣄ꢒꣁ,ஓடம்
ꢒꢾꢜ꣄ꢜꢾ ꢦꢛ꣄ꢗꢭ꣄,கட்டுமரம்
ꢒꢾꢜ꣄ꢜꢾ ꢬꢹꢦ꣄ ꢒꢾꢬ꣄ꢥꢶ,கடைசல்
ꢔꢪ꣄ꢙꢶ,கண்காணி
ꢔꢪ꣄ꢗꢸꢥꢵꢬ꣄,கண்காணிப்பாளர்
ꢱꢹꢞ꣄ ꢲꢥꢱ꣄ꢡꢾ,கதிரடித்தல்
ꢤꢾꢥ꣄ꢣ꣄ꢫꢵꢮ꣄,கந்தகம்
ꢥꢵꢮꢶ,கப்பல்
ꢡꢵꢬ꣄,கப்பல்
ꢬꢴꢾꢞꣁ,கப்பி
ꢥꢔꢸꢥꣁ,கலப்பை
ꢲꢭꣁ,கலப்பை
ꢦꢵꢡ꣄ꢬꣁ,கலம்
ꢱꢹꢞꢸ ꢢꢵꢪ꣄,கதிரடிக்கும் களம்
ꢕꢥꢪꢶꢡꢶ,கன அளவு
ꢒꢫ꣄ꢭꢒꢾꢱꢸꢬꢸ ꢒꢾꢬꢶ,காய்கறிக்காரி
ꢱꢾꢦꢶꢥꢶ,காலணி
ꢦꢮ꣄ꢒꢭ꣄,காலணி
ꢦꢮ꣄ꢱꢸꢭ꣄,காலணி
ꢣꢵꢬ꣄ꢮꢵꢥ꣄,காவல்காரன்
ꢗꢮ꣄ꢒꢷꢣꢵꢬ꣄,காவல்காரன்
ꢦꣂꢭꢷꢱ꣄,காவலாளி
ꢒꢮꢭ꣄ꢒꢾꢬꣁ,காவலாளி
ꢢꢠꣀꢡ꣄,காவலாளி
ꢮꢶꢞ꣄ꢔ꣄ꢫꢵ ꢆꢰ꣄ꢳꣁ,காளவாய் /சூளை
ꢗꢸꢥ꣄ꢥꢵ ꢆꢰ꣄ꢳꣁ,காளவாய் /சூளை
ꢙꢹꢠꢡ꣄ꢮꢵꢥ꣄,குடியானவன்
ꢓꢸꢪ꣄ꢨꢵꢬ꣄,குயவன்
ꢒꣁꢬꢜ꣄,குறடு
ꢦꢸꢜ꣄ꢒꢶ,கூடை
ꢦꢜꢶ,கூடை
ꢒꢹꢭꢶ,கூலி
ꢒꢹꢭꢶꢒꢾꢬꢶ,கூலிக்காரர்
ꢲꢵꢡꢸꢒꢵꢪ꣄,கைத்தொழில்
ꢱꢲꢵꢫꢒꣁ,கையாள்
ꢱꢶꢔꢸꢞꣁ,கையாள்
ꢲꢵꢡꢸ ꢏꢬꣁ,கையுறை
ꢲꢵꢡꢸ ꢒꢵꢪ꣄,கைவினை
ꢒꣁꢭ꣄ꢒꢶ,கொக்கி
ꢱꢪ꣄ꢜꢵꢮ꣄,கொக்கி
ꢬꢮꢸꢭꢸ ꢩꢷꢡ꣄,கொத்தளம்
ꢭꢮ꣄ꢬꢶ,கொத்தனார்
ꢓꢿꢞ꣄,கொதிகலன்
ꢦꢬꢱꢸ,கோடரி
ꢗꢾꢒ꣄ꢒꢬ꣄,சக்கரம்
ꢱꢾꢖ꣄ꢒꢳ꣄,சங்கிலி
ꢱꢪꢹꢲ ꢱꢿꢮꣁ,சமூகப்பணி
ꢲꢥ꣄ꢣꢮ꣄ ꢒꢾꢬꣁ,சமையல்காரன்
ꢲꢥ꣄ꢣꢮ꣄ ꢒꢾꢬꢶꢥ꣄,சமையல்காரி
ꢗꢵꢜꣁ,சாட்டை
ꢱꢵꢠ꣄,சாணைக்கல்
ꢱꢵꢪꢠꣁ,சாமணம்
ꢬꢾꢖ꣄ꢔꢸ,சாயம்
ꢮꢶꢞꢶ,சாளரம்
ꢱꢶꢭ꣄ꢦꢸ,சிற்பம்
ꢝꢖ꣄ꢒ꣄ꢥꢵꢬ꣄,சிற்பி
ꢱꢶꢭ꣄ꢦꢶ,சிற்பி
ꢱꢶꢭ꣄ꢦꢒꢵꢬ꣄,சிற்பி
ꢧꢶꢬ꣄ꢮꢜ꣄,சுக்கான்
ꢗꢸꢥ꣄ꢥꣁ,சுண்ணாம்பு
ꢱꢸꢡ꣄ꢡꢶꢫꢭ꣄,சுத்தியில்
ꢪꢹꢬ꣄,சுத்தியில்
ꢩꢵꢬ꣄ꢡꢸꢒ꣄ꢒꢸꢥꢵꢬ꣄,சுமையாள்
ꢆꢰ꣄ꢭꣁ,சூளை
ꢦꢾꢠ꣄ꢕꢠꣁ,செக்கு
ꢗꢾꢠ꣄ꢜꢾ ꢮꢵꢡ꣄ꢫꢪ꣄,செண்டை
ꢪꢴꢳꢫ꣄ꢡꢸ,செம்படவன்
ꢪꢴꢳ꣄ꢶꢮꢵꢥ꣄,செம்படவன்
ꢪꢴꢳꢶꢶꢒꢾꢬꢶ,செம்படவன்
ꢱꢾꢒ꣄ꢒꢸꢭꢸꢮꢵꢥ꣄,சக்கிலியன்
ꢒꢵꢬ꣄ꢫꢡꢬ꣄ꢱꢶ,செயலாளர்
ꢙꣂꢱ꣄ꢫꢪ꣄,சோதிடம்
ꢱꣂꢱꢶ,சோதிடன்
ꢡꢾꢔꢞ꣄,தகடு
ꢱꣁꢥꢵꢬꢸ,தட்டான்
ꢒꢱꢵꢬ꣄,தட்டான்
ꢭꢿꢔꢸꢮꢵꢥ꣄,தபால்காரன்
ꢡꢦꢵꢭ꣄ꢒꢾꢬꣁ,தபால்காரன்
ꢡꢾꢬ꣄ꢒꢳꢶ,தரகன்
ꢡꢾꢬꢒ꣄,தரகு
ꢤꣁꢠ꣄ꢞꣁ,தவில்
ꢣꣁꢨ꣄ꢨꢥ꣄ ꢔꢸꢰ꣄ꢜꢶ,தள்ளுவண்டி
ꢪꢔꣁ,தறி
ꢒꢸꢱ꣄ꢒꢥ꣄ꢓꢜ꣄ꢜꢶ,தார்க்குச்சி
ꢣꢶꢒ꣄ꢒꢸ ꢣꢾꢒ꣄ꢒꢞꢵꢮ꣄,திசைக்காட்டும் கருவி
ꢣꢶꢒ꣄ꢒꢸ ꢣꢬ꣄ꢱꢶꢥꢶ,திசைக்காட்டும் கருவி
ꢣꢶꢒ꣄ꢒꢸ ꢱꢹꢗꢥꢶ,திசைக்காட்டும் கருவி
ꢩꢶꢒꢸꢖ꣄ꢗꢸꢥꢵꢮ꣄,திருப்புளி
ꢥꢮ꣄ꢒꢵ ꢣꢠ꣄ꢞꢸ,துடுப்பு
ꢥꢮ꣄ꢣꢠ꣄ꢞꢸ,துடுப்பு
ꢦꣁꢱ꣄ꢥꢵꢮ꣄,துடைப்பான்
ꢧꢸꢮ꣄ꢥꣁ,துருத்தி
ꢧꢸꢮ꣄ꢥꢵꢮ꣄,துருத்தி
ꢦꢸꢜ꣄ꢜꢵ ꢲꢷꢬ꣄,துளைக்கிணறு
ꢦꢸꢜ꣄ꢜꣁ ꢡꢔꢱ꣄ꢡꢾ,துளையிடுதல்
ꢡꢸꢒ꣄ꢒꢥ꣄ ꢌꢥ꣄ꢡꢸꢬ,தூக்கி
ꢣꢹꢒ꣄ꢒꢸꢣꣂꢬ꣄,தூக்குக்கயிறு
ꢡꢹꢒ꣄ꢒꢸ ꢪꢶꢜ꣄ꢜꣁ,தூக்குமேடை
ꢪꢴꢳꢶ ꢤꢾꢬ꣄ꢥꢵꢮ꣄,தூண்டில்
ꢪꣀꢪꢲꢶ ꢲꣁꢮ꣄ꢞꢶꢠꢶ,தேனி வளர்ப்பு
ꢱꢷꢮ꣄,தையல்போடு
ꢱꢶꢪ꣄ꢦꢶ,தையல்காரன்
ꢱꢸꢪ꣄ꢦꢶꢥꢶ,தையல்காரி
ꢱꢶꢮ꣄ꢥꢶ ꢫꢥ꣄ꢡꢸꢬ꣄,தையல்பொறி
ꢆꢣ꣄ꢫꣂꢔ꣄,தொழில்
ꢆꢣ꣄ꢫꣂꢔꢶ,தொழில்
ꢭꢵꢥꢸꢮꢵꢥ꣄,தோட்டக்காரன்
ꢭꢵꢥ꣄,தோட்டம்
ꢏꢞ꣄ꢞꢾ,தோட்டி
ꢱꢸꢣ꣄ꢤꢶ ꢒꢾꢬ꣄ꢥꢵꢬ꣄,தோட்டி
ꢣꣂꢠꢶ,தோணி
ꢒꢾꢰꢥ꣄,தோல்
ꢱꣁꢥ꣄ꢥꢵꢮꢠꢶꢒ꣄,நகைவியாபாரி
ꢱ꣄ꢢ꣄ꢬꢶꢒꢾꢬꢥ꣄ ꢆꢦꢒꢬꢠꣁ,நங்கூரம்
ꢗꢭ꣄ꢡꢒꢬꢥ꣄ꢮꢵꢥ꣄,நடத்துநர்
ꢕꢭ꣄ꢥꢶ,நடவு
ꢥꢵꢗ꣄ꢮꢵꢥ꣄,நடனக்காரன்
ꢥꢜꢥꢵꢳꢶ,நடனக்காரி
ꢥꢗ꣄ꢮꣁ,நடிகன்
ꢥꢜꢶ,நடிகன்
ꢥꢗ꣄ꢮꢶ,நடிகை
ꢥꢜꢶꢒꣁ,நடிகை
ꢩꢵꢮꢥꣁ,நடிப்பு
ꢥꢬ꣄ꢡ꣄ꢡꢒꣁ,நர்த்தகன் / நாட்டியகாரன்
ꢥꢬ꣄ꢡ꣄ꢡꢒꢶ,நர்த்தகி/ நாட்டியகாரி
ꢥꢮꢗꢵꢬ꣄,நவச்சாரம்
ꢥꢜ꣄ꢒꢪ꣄ꢒꢾꢬꢶ,நாடகக்காரன்
ꢥꢜ꣄ꢒꢪ꣄ ꢂꢳꢶ,நாடகக்காரி
ꢥꢮ꣄ꢒꣁ,நாவாய்
ꢱꢱ꣄ꢫꢬꣁꢲꢥ ꢬꢾꢪ꣄,நாற்றங்கால்
ꢥꢶꢬ꣄ꢮꢵꢲꢶ,நிர்வாகி
ꢓꣁꢳ꣄꣄ꢗꢾ,நிலக்கரி
ꢦꢵꢱꢥꣁ,நீர்ப்பாசனம்
ꢦꢥꢶ ꢱꢶꢛ꣄ꢗꢥꣁ,நீர்ப்பாசனம்
ꢆꢱ꣄ꢦꢸꢮꢵꢮ꣄,நீரேற்றி
ꢫꣁꢒ꣄ ꢩꢥ꣄ꢣꢥꣁ,நுகத்தடி
ꢥꢔꣁ,நுகத்தடி
ꢡꢵꢒ꣄,நூல்
ꢣꣁꢬꢶ,நூல்
ꢒꢣꢸꢥꢵꢬ꣄,நூற்பவர்
ꢒꢣꢱ꣄ꢡꢾ,நூற்பு
ꢮꢶꢥ꣄ꢒꢬ꣄,நெசவாளி
ꢮꢶꢥꢱ꣄ꢡꢾ,நெசவு
ꢆꢒ꣄ꢒꢶꢱꣁꢠ꣄ꢠꢶ,நெம்புகோல்
ꢆꢡ꣄ꢡꣂꢭꢒꣁ,நெம்புகோல்
ꢦꣁꢜ꣄ꢜꢾꢜ꣄,பட்டறை / பணிமனை
ꢒꢵꢪꢸ ꢱ꣄ꢢꢭ꣄,பட்டறை / பணிமனை
ꢒꢵꢪꢸ ꢢꢵꢪ꣄,பட்டறை / பணிமனை
ꢦꢛBꢗꢭ꣄,படகு
ꢙꢷꢮꢵꢯ꣄ꢪꣁ,படிமம்
ꢱꢶꢭꢵꢤꢵꢡꢸ,படிமம்
ꢦꢡ꣄ꢬꢸ,படிவம்
ꢱꢵꢭꣁ,பண்ணை
ꢒꢵꢪ꣄,பணி
ꢱꢪ꣄ꢦꢵꢡꢒꣁ,பதிப்பாசிரியர்
ꢥꣃꢒꣁ,பரிசல்
ꢥꢸꢡꢸ,பருவம்
ꢣꢵꢡ꣄ ꢗꢾꢒ꣄ꢒꢸꢬ꣄,பல்சக்கரம்
ꢦꣁꢭ꣄ꢒꣁ,பலகை
ꢦꢭ꣄ꢒꣁ,பலகை
ꢩꢵꢬ꣄ ꢡꢸꢒ꣄ꢒꢸꢥꢵꢮ꣄,பளுதூக்கி
ꢂꢲꢶꢡꢸꢠ꣄ꢞꢶꢒꣁ,பாம்பாட்டி
ꢱꢵꢦꢸꢮꢱꢒꣁ,பாம்பாட்டி
ꢥꢮ꣄ ꢪꢵꢬ꣄ꢔ ꢗꢵꢭꢥ,பாய்மரம்
ꢥꢮ꣄ ꢥꢶꢫꢥ꣄ꢡ꣄ꢬꢠ ꢦꢜꣁ,பாய்மரம்
ꢣꢵꢬ꣄,கப்பல்
ꢥꣃꢒꣁ,படகு
ꢦꢖ꣄ꢗꢭ꣄,பரிசல்
ꢮꢡ꣄ꢡꢾ,பரிசல்
ꢔꣁꢠꢪ꣄,பாவாடை
ꢦꢭꣁ,தாவணி
ꢌꢪꢸ ꢮꢱ꣄ꢡꢬ꣄,கச்சு
ꢌꢪꢸ ꢨꢥ꣄ꢤꢶꢒꣁ,கச்சு
ꢭꢖBꢔꣂꢜ꣄,கோமணம்
ꢒꢰ꣄ꢜꢶ ꢨꣁꢜ꣄ꢜꣁ,கோமணம்
ꢲꢿꢪꢸꢮꢱ꣄ꢡꢬ꣄,பனியன்
ꢓꢥꢵꢮ꣄,பாரைக்கோல்
ꢔꢾꢜ꣄ꢨꢵꢬꣁ,பாரைக்கோல்
ꢣꢹꢡ꣄ꢒꢾꢬꣁ,பால்காரன்
ꢣꢹꢡ꣄ꢒꢾꢬꢶꢥ꣄,பால்காரி
ꢡꢥꢶ,பாவு
ꢔꢸꢪ꣄ꢦꢶꢥꢶ,பின்னல்
ꢮꢾꢥꢶ,பின்னல்
ꢪꢶꢜ꣄ꢜꣁ,பீடம்
ꢧꢷꢝꢪ꣄,பீடம்
ꢦꢶꢦꢵꢫ꣄,பீப்பாய்
ꢧꢹꢭ꣄ꢒꢾꢬꢶꢥ꣄,பூக்காரி
ꢲꢨ꣄ꢨꢸ ꢥꢵꢱꢶꢥꢶ,பூச்சிக்கொல்லி
ꢒ꣄ꢬꢸꢪꢶ ꢥꢵꢱꢶꢥꢶ,பூச்சிக்கொல்லி
ꢦꢸꢜ꣄ꢜꢭꢸ ꢒꢸꢞꣁ,பூவாளி
ꢱꣁꢥꢵꢬ꣄,பொற்கோல்லன்
ꢱꢪꢱꢥꢶ,மட்டம்
ꢥꢴꢶꢥꢵꢮ꣄ ꢒꢾꢬꢵꢮ꣄,இழைப்புளி
ꢪꢥ꣄ꢡꢶꢮꢵꢡꢶ,மந்திரவாதி
ꢮꣁꢫ꣄ꢣꢶꢥ꣄,மருத்துவச்சி
ꢮꣁꢫ꣄ꢣꢸ,மருத்துவன்
ꢨꢮ꣄ꢭꢪ꣄,மாக்கல்
ꢂꢣ꣄ꢣꢶ ꢩꢵꢬ꣄,மிகைப்பளு
ꢂꢣ꣄ꢣꢶ ꢨꢶꢱ꣄ꢱꣁ,மிகைவேகம்
ꢦꢾꢭꢶ ꢨꢶꢱ꣄ꢱꣁ,மிகைவேகம்
ꢡꢾꢭ꣄ꢥꢶ,மிதவை
ꢮꢶꢣ꣄ꢫꢸꢡ꣄ ꢔꣀꢞꢶ,மின்கலம்
ꢪꢴꢭꢶꢒꢾꢬꣁ,மீன்காரன்
ꢪꢴꢭꢶꢮꢵꢥ꣄,மீன்காரன்
ꢪꢴꢭꢶꢒꢾꢬꢶꢥ꣄,மீன்காரி
ꢪꢴꢭꢶꢮꢡꢶ,மீன்காரி
ꢗꢶꢔꢸꢬ꣄,முளை
ꢂꢖ꣄ꢒꢸꢬ꣄,முளை
ꢂꢖ꣄ꢔꢸꢬꣁ,முளை
ꢨꢶꢔꢶꢖ꣄ꢗꢸꢥꢵꢮ꣄,முறுக்கி
ꢥꢶꢬ꣄ꢮꢵꢲꢶ,மேலாளர்
ꢒꢵꢪ꣄ ꢓꢜ꣄ꢥꢵꢬ꣄,மேலாளர்
ꢤꣁꢠ꣄ꢞꣁ ꢒꢾꢬꢶ,மேளக்காரன்
ꢡꢥꢵ ꢬꢾꢞꣁ,ராட்டை
ꢬꢾꢞꣁ,ராட்டை
ꢗꢬ꣄ꢒꢵ ꢬꢾꢞꣁ,ராட்டை
ꢦꣁꢬꢜꢶꢥ꣄,வண்ணாத்தி
ꢦꣁꢭ꣄ꢜꢶꢥ꣄,வண்ணாத்தி
ꢧꢶꢬꢸꢞꢵꢮ꣄,திருப்புளி
ꢪꢸꢬꣁ,சுத்தியல்
ꢦꣁꢬꢜ꣄,வண்ணான்
ꢦꣁꢳ꣄꣄ꢜꣁ,வண்ணான்
ꢨꢶꢫꢵꢬ꣄,வணிகம்
ꢨꢶꢫꢵꢬ꣄ꢗꢵꢬ꣄,வணிகம்
ꢮꢠꢷ,வணிகன்
ꢮꢠꢶꢒ꣄,வணிகன்
ꢦꢾꢫ꣄ꢬ꣄,வயல்
ꢒꢾꢡ꣄,வயல்
ꢙꢵꢭ꣄,வலை
ꢏꢭꣁ,வலை
ꢮꢵꢜ꣄ꢣꢾꢓ꣄ꢒꢜ꣄ꢥꢵꢬ꣄,வழிகாட்டி
ꢪꢵꢬ꣄ꢔꢣꢬ꣄ꢱꢒ꣄,வழிகாட்டி
ꢗꢾꢒ꣄ꢒꢸꢬ꣄,வளையம்
ꢘꢾꢡ꣄,வாள்
ꢨꢷ,வித்து
ꢨꢷꢙ꣄,வித்து
ꢅꢪꢸ,விதை
ꢨꢷꢡ꣄ꢡꢸ,விதை
ꢨꢷꢒ꣄ꢕꢭ꣄ꢥꢶ,விதைப்பு
ꢩꢶꢫꢵꢬ꣄,வியாபாரம்
ꢩꢶꢫꢵꢬ꣄ꢱꢵꢬ꣄,வியாபாரம்
ꢮꢠꢶ,வியாபாரி
ꢙꢸꢥ꣄ꢥꢡ꣄ꢮꢵꢥ꣄,விவசாயி
ꢥꢖ꣄ꢔꢸꢥꢬ꣄,விவசாயி
ꢦꢷꢒ꣄,விளைச்சல்
ꢦꢶꢒ꣄ꢒꢶꢥꢶ,விளைச்சல்
ꢦꢶꢒ꣄ꢒꢾꢫꣁ,விளைச்சல்
ꢦ꣄ꢬꢒꢜ꣄ꢥꢵꢬ꣄,வெளியிடுபவர்
ꢦ꣄ꢬꢱꢸꢬꣁ ꢒꢾꢬ꣄ꢥꢵꢬ꣄,வெளியிடுபவர்
ꢩꢬꢵꢜ꣄ ꢱꣁꢞ꣄ꢠꢵꢬ꣄,வெளியிடுபவர்
ꢃꢓꢾꢜ꣄,வேட்டை
ꢪꢺꢔꢫꣁ,வேட்டை
ꢮꢿꢜꣁ ꢓꢳ꣄ꢥꢶ,வேட்டை
ꢃꢓꢾꢜꢸꢮꢵꢥ꣄,வேட்டைக்காரன் / வேடன்
ꢮꢿꢜꣁ ꢓꢳ꣄꣄ꢥꢵꢬ꣄,வேட்டைக்காரன் / வேடன்
ꢒꢵꢪ꣄,வேலை
ꢒꢵꢪ꣄ ꢒꢾꢬ꣄ꢡ꣄ꢡꣁ,வேலைகாரன்
ꢒꢵꢪ꣄ ꢒꢾꢬ꣄ꢡ꣄ꢡꢶꢥ꣄,வேலைகாரி
ꢮꣁꢫ꣄ꢡꢸ,வைத்தியர்
ꢙꣂꢱꢸꢜꢸ,ஜோதிடம்
ꢗꢶꢜ꣄ꢜꢶꢣꢶꢮꣁ,அகல் விளக்கு
ꢡꢶꢥ꣄ꢥꢳ꣄꣄,உற்சவம்
ꢒꣀꢖ꣄ꢒꢬ꣄ꢫꢣꢵꢥ꣄,கொடை
ꢱꢸꢣꢵꢥ꣄,கொடை
ꢗꣁꢒ꣄ꢣꢵꢥ꣄,கொடை
ꢣꢶꢮꢭꢶ,தீபாவளி
ꢡꣁꢬꢠ꣄,தோரணம்
ꢏꢔꢡ꣄,நோன்பு
ꢮꢶꢯꢾꢰ꣄,பண்டிகை
ꢦꣁꢖ꣄ꢒꢭ꣄ ꢱꢾꢥ꣄ꢥꢸ,பொங்கல்
ꢪꢒꢬ ꢱꢖ꣄ꢒ꣄ꢬꢵꢥ꣄ꢡꢶ,பொங்கல்
ꢂꢖ꣄ꢔꢪ꣄,அங்கம்
ꢨꢵꢣꢪ꣄,அடி
ꢲꢶꢬꢶꢞꢶ,அண்ணம்
ꢦꣁꢒ꣄ꢒꢭ꣄,அரை
ꢣꣀꢬ ꢲꢵꢡ꣄,இடக்கை
ꢣꢒꢸꢥ ꢲꢵꢡꢶ,இடக்கை
ꢒꢿꢜ꣄,இடுப்பு
ꢔꢸꢠ꣄ꢞꣁ,இதயம்
ꢬꣁꢦ꣄ꢦꣁ,இமை
ꢬꢾꢔꢡ꣄,இரத்தம்
ꢲ꣄ꢬꢸꢣꢫꢸ,இருதயம்
ꢔꢸꢠ꣄ꢞꢾ,இருதயம்
ꢡꢶꢳ꣄꣄ꢙꢶ,ஈரல்
ꢲ꣄ꢬꢸꢞꢶ,ஈறு
ꢡꢳꢸ,உச்சி
ꢃꢖ꣄ꢒꢸ,உடம்பு
ꢱꢾꢬꢶꢬ꣄,உடம்பு
ꢡꢥꢸ,உடம்பு
ꢃꢖ꣄ꢔꢸ,உடம்பு
ꢲꢸꢜ꣄ꢜꣁ,உமிழ்நீர்
ꢙꢷꢬ꣄ꢠꢸ ꢣ꣄ꢬꢮ꣄ꢫꢸ,உமிழ்நீர்
ꢦꢵꢣꢪ꣄,உள்ளங்கால்
ꢡꢳꢦꢵꢄ~,உள்ளங்கால்
ꢡꢳꢲꢵꢡ꣄,உள்ளங்கை
ꢲꢹꢜ꣄ꢜꣁ,எச்சில்
ꢲꢜ꣄ꢒꣁ,எலும்பு
ꢲꢜ꣄ꢒꢵ ꢔꢹꢞ꣄,எலும்புக்கூடு
ꢣꣁꢳꣁ,கண்
ꢣꣁꢳꢵꢪ꣄ ꢦꢥꢶ,கண்ணீர்
ꢦꢦꣁ,கண்மணி
ꢔꢸꢞ꣄ꢔꢵꢭ꣄,கணுக்கால்
ꢦꢭ꣄ꢜꢶ,கணுக்கால்
ꢔꢾꢳꣁ,கழுத்து
ꢒꢥꢱꢸꢭ꣄,கன்னம்
ꢔꢮ꣄ꢭꣁ,கன்னம்
ꢔꢦꢸꢭꣁ,கன்னம்
ꢔꢵꢭꢸ,உள்கன்னம்
ꢒꢵꢥ꣄,காது
ꢦꢵꢄ~,கால்
ꢒꢺꢡꢵ,கிருதா
ꢓꢭꢸ ꢏꢣꢞ꣄,கீழுதடு
ꢂꢥ꣄ꢡ꣄ꢬꣁ,குடல்
ꢱꣁꢪꢵꢥ꣄,குடல்
ꢔꢠ꣄ꢜ꣄ꢬꢶ,குண்டி
ꢙꢸꢜ꣄ꢜꢶ,குடுமி
ꢦꢳ꣄꣄ꢜꢶ,குதிகால்
ꢕꢞꢶ,குரல்வளை
ꢨꣁꢪ꣄ꢨꢶ,தொப்புள்
ꢥꢵꢩꢶ,தொப்புள்
ꢓꢿꢱ꣄,கூந்தல்
ꢲꢵꢡ꣄,கை
ꢒꣁꢠ꣄ꢞꢾ,கொண்டை
ꢓꣁꢨꣁ,கொண்டை
ꢙꢾꢜꣁ,சடை
ꢮꢾꢥꢶ,சடை
ꢒꢾꢠ꣄ꢜꣁ,சதை
ꢥꢴꢥ꣄ꢥ ꢂꢥ꣄ꢡꢬꣁ,சிறுகுடல்
ꢪꢹꢡ,சிறுநீர்
꣄ ꢮꢠ꣄ꢠꢶ,சிறுநீர்
ꢒꢶꢳꢖ꣄ꢔꢳꢶꢶ,சிறுவிரல்
ꢣꢬ꣄ꢙꢥꢶ ꢂꢖ꣄ꢔꢶꢳꢶ,சுட்டுவிரல்
ꢔꢸꢬ꣄ꢣꢸ ꢂꢖ꣄ꢔꢶꢳꢶ,சுட்டுவிரல்
ꢣꣁꢱ꣄ꢒꣁ,தலை
ꢒꢦꢵꢭ꣄,தலையோடு
ꢗꢶꢥ꣄ꢲꢸ,தழும்பு
ꢂꢞꣁ,பெண்குறி
ꢔꢸꢳ꣄ꢳꢸ,ஆண்குறி
ꢔꣁꢡꣁ,ஆண்குறி
ꢮꢶꢥ꣄ꢡꢸꢭ꣄,ஆண்குறி
ꢦꢶꢙꢵꢮꢸ,ஆண்குறி
ꢣꢵꢞꢶ,தாடி
ꢗꢷꢦꢸ,தாடை
ꢱꢬꢷꢬ꣄,உடம்பு
ꢪꢞꢶ,தொடை
ꢂꢖ꣄ꢔꢪ꣄,தொடை
ꢕꢞꢶ,தொண்டை
ꢨꣁꢙ꣄ꢙꢾ,தொந்தி
ꢒꢾꢱꢥ꣄,தோல்
ꢒꢾꢠ꣄ꢞꣁ,தோல்
ꢓꢵꢥ꣄ꢣꢸ,தோள்
ꢬꢾꢜ꣄ꢜꢾ,தோள்பட்டை
ꢥꢾꢒ꣄ꢒꢸ,நகம்
ꢥꢾꢬꢪ꣄,நரம்பு
ꢙꢷꢦ꣄,நாக்கு
ꢬꢾꢔꢡ꣄ꢤꢸꢖ꣄ꢒꢭ꣄,நாடி
ꢥꢵꢞꢶ,நாடி
ꢒꢮ꣄ꢭꣁ,கன்னம்
ꢮꢥꢶ,நிறம்
ꢒꣁꢮ꣄ꢱꣁ,நுரையீரல்
ꢲꢿꢪ꣄,நெஞ்சு
ꢒꢦꢵꢳ꣄,நெற்றி
ꢣꢵꢡ꣄,பல்
ꢦꢔꢸꢭ꣄,பாதம்
ꢦꢨꢶꢥꢶ,புருவம்
ꢦꢮ꣄ꢥꢶ,புருவம்
ꢂꢥ꣄ꢡꢶꢬꣁ,பெருங்குடல்
ꢲꢔꢸꢠ꣄ꢜꣁ,பெருவிரல்
ꢔꢨꢵꢳ꣄,பொட்டு
ꢪꢞꢶ,மடி
ꢂꢖ꣄ꢔꢪ꣄,மடி
ꢒꢖ꣄ꢒꢸꢬꣁ,மணிக்கட்டு
ꢪꣁꢗ꣄ꢗꣁ,மரு
ꢓꢿꢯ꣄,மயிர்
ꢪꢙ꣄ꢙꣁ,மஜ்ஜை
ꢪꢸꢱꢶꢥ꣄,மீசை
ꢪꢸꢱꢸꢖ꣄ꢔꢸ,மீசை
ꢡꣂꢠ꣄,முகம்
ꢪꢹꢜ꣄,முட்டி
ꢔꢸꢜ꣄ꢒꣁ,முட்டு
ꢪꢸꢠ꣄ꢞꣁ,முண்டம்
ꢦꢵꢜ꣄,முதுகு
ꢦꢵꢜꢸꢲꢜ꣄ꢒꣁ,முதுகெலும்பு
ꢣꢸꢣ꣄ꢡꢸ,முலை
ꢣꢹꢡ꣄ ꢲꣁꢮꢶ,முலை
ꢔꢸꢜ꣄ꢒꣁ,முழங்கால்
ꢗꢾꢪ꣄ꢪꢬ꣄ ꢲꢵꢡ꣄,முழங்கை
ꢓꣁꢨꣁ,முழங்கை
ꢥꢵꢒ꣄,மூக்கு
ꢥꢵꢔꢸꢦꢸꢜ꣄ꢜꣁ,மூக்கு ஓட்டை
ꢩꢥ꣄ꢣꢶ,மூட்டு
ꢪꢾꢣꢸꢞ꣄,மூளை
ꢪꢱ꣄ꢡꢶꢱ꣄ꢒꣁ,மூளை
ꢩꢶꢣꢸꢜ꣄,மூளை
ꢆꢛ꣄ꢗꢵ ꢏꢡꢜ꣄,மேலுதடு
ꢪꣁꢜ꣄ꢜꢾ,மொட்டைத்தலை
ꢪꣁꢳꢶ,முழங்கை
ꢪꢸꢡ꣄ꢣꢶ ꢂꢖ꣄ꢒꢶꢳꢶ,மோதிரவிரல்
ꢗꢷꢦꢸ,மேவாய்
ꢩꢵꢖ꣄ꢔꢸ,வகிடு
ꢔꢸꢪ꣄ꢦꢶꢥꢶ,வகுப்பு
ꢦꣂꢜ꣄,வயிறு
ꢙꣀꢥ ꢲꢵꢡ꣄,வலக்கை
ꢙꢾꢬꢸꢥ ꢲꢵꢡ꣄,வலக்கை
ꢡꣂꢠ꣄,வாய்
ꢱꢾꢒꣁ,வியர்வை
ꢂꢖ꣄ꢒꢶꢳꢶ,விரல்
ꢦꣁꢒ꣄ꢒꣁ,விலா
ꢦꣁꢒ꣄ꢒꣁ ꢲꢜ꣄ꢒꣁ,விலா எலும்பு
ꢂꢠ꣄ꢗꢸ ꢮꢔꢡꢶ,அடக்குமுறை
ꢂꢥ꣄ꢫꢵꢮ꣄,அநியாயம்
ꢂꢒ꣄ꢬꢪꣁ,அநியாயம்
ꢂꢞꢡ꣄,அநியாயம்
ꢂꢞꢵꢡ꣄,அநீதி
ꢃꢥꢷꢞꢶ,அநீதி
ꢂꢦꢬꢵꢤ꣄,அபராதம்
ꢂꢪꢭ꣄,அமல்
ꢦꢬꢶꢦꢵꢭꢥꣁ,அமல்
ꢬꢾꢗ꣄ꢗꢒꢹꢡ꣄,அமளி
ꢂꢬꢵꢙꢒꢡꣁ,அமளி
ꢂꢭꢲꣁ,அமளி
ꢃꢙ꣄ꢛꣁ,ஆணை/ உத்தரவு/கட்டளை
ꢆꢡ꣄ꢡꢬ꣄,ஆணை/ உத்தரவு/கட்டளை
ꢃꢙ꣄ꢛꢵꢒꢵꢬ꣄,ஆணையர்
ꢂꢤꢵꢬ꣄,ஆதாரம்
ꢬꢸꢙꢸ,ஆதாரம்
ꢱꣂꢤꢥꣁ ꢒꢾꢬ꣄ꢥꢵꢬ꣄,ஆய்வாளர்
ꢱꣁꢤꢸꢥꢵꢬ꣄,ஆய்வாளர்
ꢂꢫ꣄ꢣꢸꢦꢳꣁ,ஆயுதப்படை
ꢱꢾꢥ,ஆயுதப்படை
ꢃꢫꢸꢱ꣄ꢣꢾꢠ꣄ꢞꢥꣁ,ஆயுள் தண்டனை
ꢃꢬ꣄ꢩꢵꢜꣁ,ஆர்ப்பாட்டம்
ꢬꢾꢗ꣄ꢗꢵ ꢬꢾꢗ꣄ꢗꣁ,ஆர்ப்பாட்டம்
ꢦꢡ꣄ꢬꣁ,ஆவணம்
ꢣꢱ꣄ꢡꢵꢮꢾꢙ꣄,ஆவணம்
ꢩꢵꢬꢡ ꢣꢠ꣄ꢞꢥꢵ ꢱꢵꢱꢥꣁ,இந்தியக் குற்றவியல் சட்டம்
ꢱꢖ꣄ꢒꢪ꣄,இயக்கம்
ꢱꢪ꣄ꢱ꣄ꢡꢵꢥ꣄,இயக்கம்
ꢒꢸꢭꢥꢵꢱ꣄,இனப்படுகொலை
ꢆꢗ꣄ꢗ ꢥ꣄ꢫꢵꢫꢵꢭꢫꣁ,உச்சநீதிமன்றம்
ꢆꢦꢮꢵꢱ꣄,உண்ணாவிரதம்
ꢆꢛ꣄ꢗꢵ ꢥ꣄ꢫꢵꢫꢵꢭꢫꣁ,உயர்நீதிமன்றம்
ꢄꢗ꣄ꢗꢵ ꢦꢡ꣄ꢬꢸ,உயில்
ꢂꢥꢸꢪꢡꢶꢨꢶꢭ꣄ꢭꣁ,உரிமம்
ꢨꢵꢣ꣄ꢫꢡꣁ,உரிமம்
ꢨꢵꢣ꣄ꢫꢡꣁ,உரிமை
ꢂꢤꢶꢒꢵꢬ꣄,உரிமை
ꢗꢵꢬꢠꣁ,உளவாளி/ ஒற்றன்
ꢕꢹꢜꢗꢵꢬꢶ,உளவாளி/ ஒற்றன்
ꢒꢬ꣄ꢡꢮ꣄,கடமை
ꢒꢬ꣄ꢡꢮ꣄ꢫꣁ,கடமை
ꢒꢵꢬꢵꢒꢵꢬ꣄,கடுஞ்சிறை
ꢒꢵꢬꢵꢕꢾꢬ꣄,கடுஞ்சிறை
ꢓꢾꢞꢶꢥꢸ ꢒꢵꢬꢵꢒꢵꢬ꣄,கடுஞ்சிறை
ꢕꢾꢥꢪ꣄,கண்ணியம்
ꢣꣁꢳꢵꢪ꣄ ꢤꢹꢪ꣄,கண்ணீர்ப்புகை
ꢒꢮꢵꢜ꣄ ꢚꢔꢶꢥꢶ,கதவடைப்பு
ꢨꢥ꣄ꢣ꣄,கதவடைப்பு
ꢬꣃꢳꢶ,கலகம்
ꢒꢭꢔꢪ꣄,கலகம்
ꢔꢭꢵꢜ꣄ꢜꢵ,கலாட்டா
ꢔꢵꢪ꣄ ꢥꢶꢱꢨ꣄ꢣꢸ ꢱꢵꢱꢥꣁ,ஊரடங்குச் சட்டம்
ꢪꣁꢱꢒꢵꢬ꣄,எத்தன்
ꢲꣁꢖ꣄ꢔꢞ꣄ꢠꢵꢬ꣄,எத்தன்
ꢮꢶꢦꢒ꣄ꢰꢸꢮꢵꢥ꣄,எதிர்க்கட்சிக்காரன்
ꢡꣂꢒꢸꢦꢒ꣄ꢰꢸꢮꢵꢥ꣄,எதிர்க்கட்சிக்காரன்
ꢭꢸꢒ꣄ꢙꢵꢥꢶ,ஒற்றன்
ꢗꢵꢬ꣄,ஒற்றன்
ꢒꢜ꣄ꢗꢶꢒꢾꢬꣁ,கட்சிக்காரன்
ꢦꢒ꣄ꢯꢸꢮꢵꢥ꣄,கட்சிக்காரன்
ꢗꢾꢡ꣄ꢡꢬ꣄,கட்டளை
ꢥꢿꢪꣁ,கட்டுப்பாடு
ꢱ꣄ꣁꢞ꣄ꢞꢶ,கள்ளி
ꢢꢠꢵ ꢱ꣄ꢢꢭ ꢬꢒ꣄ꢰꢶꢥꢶ,காவல் நிலைய கண்காணிப்பு
ꢢꢠꢵ ꢬꢒ꣄ꢰꢶꢥꢶ,காவல் நிலைய கண்காணிப்பு
ꢢꢠꢵ ꢮꢶꢩꢵꢔ꣄,காவல் துறை
ꢢꢠꢵ ꢱ꣄ꢢꢭ꣄,காவல் நிலையம்
ꢒꢾꢭ꣄ꢭꢭ꣄,கிண்டல்
ꢬꣃꢞꢶ,குண்டன்
ꢒꢸꢠ꣄ꢞꢸ,குண்டு
ꢕꣁꢞꢵ ꢱꣀꢥ꣄ꢫꢸ,குதிரைப்படை
ꢒꢸꢪ꣄ꢦꢸ,கும்பல்
ꢭꢸꢪ꣄ꢦ꣄ꢳꣁ,குழப்பம்
ꢂꢦꢬꢵꢕꢶ,குற்றவாளி
ꢂꢮ꣄ꢞꢵ ꢮꢶꢗꢵꢬꢠꣁ,குறுக்கு விசாரணை
ꢒꣀꢣꢶ,கைதி
ꢨꢥ꣄ꢣꢶ,கைதி
ꢒꢵꢬꢵ ꢔꢸꢦ꣄ꢡꣁ,கைதி
ꢒꣀꢣꢸ,கைது
ꢨꢥ꣄ꢣꢶꢒꢾꢬ꣄ꢥꢶ,கைது
ꢒꢾꢭ꣄ꢭꢭ꣄ꢒꣁ,கேலி
ꢪꣁꢬꢜꢱ꣄꣄ꢡꢾ,கொலை
ꢪꣁꢬꢞ꣄ꢠꢵꢬ꣄,கொலைகாரன்/ கொலையாளி
ꢲꢥ꣄ꢡꣁ,கொலைகாரன்/ கொலையாளி
ꢕꢵꢡꢶ,கொலைகாரன்/ கொலையாளி
ꢒꢦꢜꢸ ꢓꢶꢛ꣄ꢗꢶꢥꢶ,கொள்ளை
ꢒꢦꢜꢸ ꢓꢶꢛ꣄ꢗꢸꢥꢵꢬ꣄,கொள்ளைக்காரன்
ꢒꢸꢪ꣄ꢦꢸ,கோஷ்டி
ꢱꢵꢱꢥ ꢱꢖ꣄ꢒꢳꢥꣁ,சட்டத்தொகுப்பு
ꢱꢵꢱꢥ ꢱꢖ꣄ꢒꢭꢥꣁ,சட்டத்தொகுப்பு
ꢩꣁꢔꢸꢪꢵ,சன்மானம்
ꢱꢵꢒ꣄ꢰꢶ,சாட்சி
ꢦꢒ꣄ꢰꢸ,சாதகம்
ꢱꢵꢣꢒꣁ,சாதகம்
ꢱꢵꢭꢵ ꢮꢶꢤꢶꢥ꣄,சாலை விதிகள்
ꢦꢶꢱ꣄ꢒꢭ꣄,சிக்கல்
ꢦꢸꢱ꣄ꢒꣁ,சிக்கல்
ꢗꢶꢡ꣄ꢬ ꢮꢤꣁ,சித்திரவதை
ꢒꢵꢬꢵꢕꢾꢬ꣄,சிறை
ꢱꣂꢱꢥꣁ,சுரண்டல்
ꢒꢸꢥꢸꢔꢶꢥꢶ,சுரண்டல்
ꢮꢶꢭꢹꢝ꣄,சூறையாடல்
ꢲꢥꢶꢪꢵꢬ꣄,சூறையாடல்
ꢮꢶꢭꢸꢝꢥꣁ,சூறையாடல்
ꢃꢱ꣄ꢡꢶ,சொத்து
ꢡꢾꢒꢸꢬꢵꢭ꣄,தகராறு
ꢢꢥꢵꢭ ꣄ꢭꣀꢞꢵ ꢲꢥ꣄ꢥꢶ,தடியடி
ꢲꢶꢨ꣄ꢨꢵꢞꢸ ꢃꢙꢛꣁ,தடையுத்தரவு
ꢥꢶꢬꣂꢤ꣄ ꢃꢙ꣄ꢛꢸ,தடையுத்தரவு
ꢣꢾꢠ꣄ꢞꢥꣁ,தண்டனை
ꢲꣂꢬ꣄,தரப்பு
ꢱ꣄ꢮꢫ ꢬꢒ꣄ꢰꢠꣁ,தற்காப்பு
ꢗꣁꢬ꣄,திருட்டு
ꢡꢷꢬ꣄ꢦꢸ,தீர்ப்பு
ꢠꢶꢬ꣄ꢠꢫꣁ,தீர்ப்பு
ꢄꢔ꣄ꢬꢮꢵꢡꢶ,தீவிரவாதி
ꢭꢸꢒ꣄ ꢙꢥ꣄ꢥꢬ꣄,துப்பறிபவர்
ꢱꢹꢗꢥꣁ,துப்பு
ꢜꢸꢦ꣄ꢦꢸ,துப்பு
ꢣꣂꢬꢸ ꢣꢠ꣄ꢞꢵꢥꣁ,தூக்குத்தண்டனை
ꢲꣁꢬꢸꢒ꣄ꢬꢶꢫꣁ,நடவடிக்கை
ꢱꢹꢗꢵꢭ꣄,நன்னடத்தை
ꢗꣁꢒ꣄ ꢗꢭ꣄ꢥꢶ,நன்னடத்தை
ꢱꢡ꣄ ꢗꢭ꣄ꢥꢶ,நன்னடத்தை
ꢥꢶꢫꢵꢮ꣄,நீதி
ꢥꢶꢫꢵꢫꢱ꣄ꢢꢭꣁ,நீதிமன்றம்
ꢮꢶꢬꣂꢣ,பகை
ꢦ꣄ꢬꢡꢶꢒꢹꢭ꣄,பாதகம்
ꢬꢒ꣄ꢯꢥꣁ,பாதுகாப்பு
ꢦꢶꢬꢡꢶꢮꢵꢣꢶ,பிரதிவாதி
ꢱꢡ꣄ꢫꢦ꣄ꢬꢪꢵꢠ꣄,பிரமாணம்
ꢦꢶꢬꢪꢵꢠ꣄,பிரமாணம்
ꢒꢸꢠ꣄ꢜꢸ,பிழை
ꢒꢭꢲ ꢱ꣄ꢢꢶꢡꢶ,போராட்டம்
ꢥꢒꢭ꣄,போலி
ꢪꣁꢬꢥꢸ ꢣꢠ꣄ꢞꢠꣁ,மரணதண்டனை
ꢦꣀꢭ ꢏꢫ꣄ꢣꢦꢥ꣄,முதலுதவி
ꢪꣁꢬꢜꢸ,முரடன்
ꢤꢶꢒ꣄ꢒꢶꢥꢶ,மோதல்
ꢮꢵꢣꢸꢒꢾꢬ꣄ꢥꢵꢬ꣄,வக்கீல் /வழக்குரைஞர்
ꢮꢵꢣꢸꢥꢵꢬ꣄,வக்கீல் /வழக்குரைஞர்
ꢣꢵꢮꣁ,வழக்கு
ꢮꢣꢶꢔ꣄ꢛꢵꢥꢶ,வழக்கறிஞர்
ꢆꢔ꣄ꢬ ꢒ꣄ꢬꢶꢫꣁ,வன்முறை
ꢣꣂꢠꢸ ꢮꢵꢒ꣄,வாக்குமூலம்
ꢃꢣꢵꢬꢸ ꢮꢵꢗꢸ,வாக்குமூலம்
ꢮꢵꢣꢶ,வாதி
ꢧꢶꢬ꣄ꢮ ꢓꢳ꣄ꢳꢱ꣄ꢡꢾ,வாபஸ்
ꢮꢵꢦꢱ꣄ ꢓꢳ꣄ꢳꢱ꣄ꢡꢾ,வாபஸ்
ꢒꣀꢣꢸ ꢦꢡ꣄ꢬꣁ,வாரண்டு
ꢮꢶꢗꢵꢬꢠꣁ,விசாரணை / விசாரிப்பு
ꢩꢬꢵꢜ ꣄ꢱꣁꢞ꣄ꢥꢶ,விடுதலை
ꢥꢶꢫꢪꣁ,விதி
ꢨꢥ꣄ꢤ꣄,வேலைநிறுத்தம்
ꢙꢪꢷꢥ꣄,ஜாமீன்
ꢣꢭ꣄ꢭꣁ,ஆண்
ꢙꢾꢥꣁ,ஆள்
ꢙꢮ꣄ꢠꣁ,இளமை/ இளமைப் பருவம்
ꢥꣁ,இளமை/ இளமைப் பருவம்
ꢙꢮ꣄ꢠꢦꢥ꣄,இளமை/ இளமைப் பருவம்
ꢫꣃꢮꢥꣁ,இளமை/ இளமைப் பருவம்
ꢙꢮ꣄ꢠꣁ,இளைஞன்
ꢙꢮ꣄ꢠꢶ,இளையவள்
ꢥꢴꢥ꣄ꢥꣁ,இளையவன்
ꢕꢾꢬ꣄ꢮꢵꢬ꣄,கர்ப்பம்
ꢕꢾꢮ꣄ꢬꢵꢬ꣄,கர்ப்பம்
ꢕꢾꢬ꣄ꢮꢬꢶꢥ꣄,கர்ப்பிணி
ꢕꢾꢮ꣄ꢬꢬꢶꢥ꣄,கர்ப்பிணி
ꢒꢥ꣄ꢫꣁ,கன்னி
ꢣꣁꢮ꣄ꢬꣁ,கிழவன்
ꢣꣁꢮ꣄ꢬꢶ,கிழவி
ꢦꢶꢭ꣄ꢭꣁ,குஞ்சு
ꢦꢶꢭ꣄ꢭꣁ,குட்டி
ꢒꢸꢪꢵꢬꣁ,குமரன்
ꢒꢸꢪꢵꢬꢶ,குமரி
ꢥꢴꢸꢒ꣄ꢬꢸ,குழந்தை
ꢥꢴꢸꢬꢸꢦꢥ꣄,குழந்தைப் பருவம்
ꢨꢵꢭ꣄ꢫꢦꢥ꣄,குழந்தைப் பருவம்
ꢨꢵꢭ꣄ꢫꢪ꣄,குழந்தைப் பருவம்
ꢥꢴꢥ꣄ꢥꢶ,குழவி
ꢥꢴꢥ꣄ꢥꢶ,சிறுமி
ꢥꢴꢥ꣄ꢥꣁ,சிறுவன்
ꢦ꣄ꢬꢵꢫꢪ꣄,பருவம்
ꢨꢵꢭꢦ꣄ꢬꢵꢫꢪ꣄,பால பருவம்
ꢨꢵꢳꢸꢥ꣄,பாலர்
ꢏꢬ꣄ꢱꢸ,பிராயம்
ꢏꢱ꣄ꢱꢸ,பிராயம்
ꢨꢾꢜ꣄ꢒꢶ,பெண்
ꢂꢳꢶꢶ,பெண்
ꢨꢾꢜ꣄ꢒꣁ,பையன்
ꢪꢾꢥꢶꢒ꣄ \ ꢣꢭ꣄ꢭꢒ꣄ꢒꣁ,மனிதன்
ꢂꢪ꣄ꢪꢒ꣄ꢒꣁ,மனுஷி
ꢪꢵꢥꢸꢰꢪ꣄,மானுடம்
ꢏꢭ꣄ꢞꢶꢥ꣄,முதியவள்
ꢏꢭ꣄ꢞꣁ,முதியவன்
ꢣꢸꢒ꣄ꢬꣁ,"முதுமை,மூப்பு"
ꢫꢸꢮꢡꢶ,யுவதி
ꢫꢸꢮꣁ,யுவன்
ꢫꢸꢮꢥ꣄,யுவன்
ꢙꢮ꣄ꢥꢠꢦꢥ꣄,யெளவனம்
ꢫꣃꢮꢥꢪ꣄,யெளவனம்
ꢏꢬ꣄ꢱꢸ,வயது
ꢙꢮ꣄ꢠꢦ꣄ꢦꢥ꣄,வாலிபப் பருவம்
ꢙꢮ꣄ꢠꢡ꣄ꢮꢪ꣄,வாலிபம்
ꢧꣀꢭ ꢦ꣄ꢬꢣꢬ꣄ꢰꢥꣁ,அரங்கேற்றம்
ꢲꢬꢶꢓꢾꢡꣁ,அரிகதை
ꢦꢸꢬꢵꢡꢥꢮꢱ꣄ꢡꢸ ꢦ꣄ꢬꢣꢬ꣄ꢰꢶꢥꢶ,அரும்பொருட்காட்சியகம்
ꢥꢵꢗꢸ,ஆட்டம்
ꢥꢜꢥꢪ꣄,ஆட்டம்
ꢱꢖ꣄ꢔꢷꢡ꣄,இசை
ꢱꢖ꣄ꢔꢷꢡꢸ ꢮꣀꢩꢮ꣄,இசைநிகழ்ச்சி
ꢱꢶꢖ꣄ꢒꢵꢬ꣄ꢭꢶꢥꢶ,ஒப்பனை
ꢍꢒꢵꢖ꣄ꢒꢶ ꢥꢜ꣄ꢒꢪ꣄,ஓரங்கநாடகம்
ꢱꢨ꣄ꢣꢸ ꢦ꣄ꢬꢒꢵꢱꢸ ꢣꢬ꣄ꢰꢥꣁ,ஒலி ஒளிக்காட்சி
ꢱꢨ꣄ꢣꢸꢔꢸꢠ꣄ꢮꢶ,ஒலிப்பெருக்கி
ꢗꢶꢡ꣄ꢬꢸ,ஓவியம்
ꢱꢖ꣄ꢔꢷꢡ ꢮꣀꢩꢮ꣄,கச்சேரி
ꢒꢷꢡꢸꢱ꣄ꢬꢸꢡꢶ,கட்டை
ꢔꢮ꣄ꢥꢶꢱ꣄ꢢꢵꢥ꣄,கட்டை
ꢱ꣄ꢡꢵꢥꢦ꣄ꢬꢫꢡ꣄ꢥꣁ,கட்டை
ꢪꣂꢜꢶ ꢮꢶꢡ꣄ꢡꢾ,கண்கட்டு வித்தை
ꢒꢭꢵ,கலை
ꢒꢭꢵꢒꢵꢬ꣄,கலைஞன்
ꢒꢵꢒ꣄ꢰꢶ,காட்சி
ꢔ꣄ꢬꢵꢪꢶꢫ ꢥꢵꢗꢸ,கிராமிய நடனம்
ꢙꢾꢡꣁꢪꢶꢳꢶ ꢓꢳꢥ꣄ꢥꢵꢗꢸ,கும்மி
ꢪꢭ꣄ꢭꢫꢸꢣ꣄ꢣꢸ,குஸ்தி
ꢥꢵꢗꢸ,கூத்து
ꢥꢵꢗꢸ ꢓꣁꢜ꣄ꢜꣁ,கொட்டகை
ꢗꢶꢡ꣄ꢬ ꢮꢷꢠꢾ,கோட்டுவாத்தியம்
ꢮꢶꢤꢹꢰꢒ꣄,கோமாளி
ꢒꣁꢭꢸ ꢓꢵꢭ꣄,கோலாட்டம்
ꢱꢸꢕꢞꢶ,சாரீரம்
ꢕꢞꢶ ꢆꢜꢵꢮ꣄,சாரீரம்
ꢗꢾꢠ꣄ꢜꢾ,செண்டை
ꢡꢫꢵꢬ꣄ ꢒꢾꢬ꣄ꢥꢵꢬ꣄,தயாரிப்பாளர்
ꢡꢫꢵꢬ꣄ꢒꢾꢬ꣄ꢥꢶ,தயாரிப்பு
ꢱ꣄ꢮꢩꢵꢰꢥ꣄ ꢍꢒꢵꢥ꣄ꢡꢸ ꢮꢗꢸ,தனிமொழி
ꢦꢞꢸꢣꣁ,திரை
ꢡꢶꢬꢱ꣄ꢒꢾꢬ꣄ꢥꢵꢮ꣄,திரை
ꢡꢾꢬꢵ ꢭꣁꢱ꣄,திரைப்படம்
ꢥꢵꢗꢸ ꢓꣁꢜ꣄ꢜꣁ,திரையரங்கம்/ திரையரங்கு
ꢲꢵꢱ꣄ꢫꢪ꣄,நகைச்சுவை
ꢥꢜ꣄ꢭꣁ,நடனம்
ꢥꢜ꣄ꢮꣁ,நடிகன்
ꢥꢜꣁ,நடிகன்
ꢥꢜ꣄ꢮꢶ,நடிகை
ꢥꢜꢶ,நடிகை
ꢥꢗꢶꢥꢶ,நடிப்பு
ꢓꢳ꣄꣄ꢥꢶ ꢥꢵꢗꢸ,நாட்டியநாடகம்
ꢥꢗꢥ ꣄ꢥꢵꢗꢸ,நாட்டியம்
ꢥꢜꢥ ꢥꢵꢗꢸ,நாட்டியம்
ꢥꢵꢣꢸ,நாதம்
ꢥꢱꢸꢬꢵꢭ꣄,நாதஸ்வரம் / நாயனம்
ꢥꢷꢞꢵ ꢭꣂꢱ꣄,நிழற்படம்
ꢭꢭꢶꢡ ꢒꢭꣁ,நுண்கலை
ꢮꢶꢮꢵꢣꢸ ꢱꢣꢱ꣄,பட்டிமன்றம்
ꢩꢬꢡ ꢥꢵꢜ꣄ꢫꣁ,பரத நாட்டியம்
ꢪꢸꢭ꣄ꢭꢮꢶ,பல்லவி
ꢩꢮ꣄ꢣꢸꢭ꣄,பாகவதர்
ꢔꢷꢜ꣄,பாட்டு
ꢔꢮ꣄ꢥ ꢶꢮꣀꢩꢮ꣄,பாட்டுக் கச்சேரி
ꢔꢷꢡꢸ ꢮꣀꢩꢮ꣄,பாட்டுக் கச்சேரி
ꢔꢮ꣄ꢥꢵꢬ꣄,பாடகன்
ꢔꢷꢡꢶ,பாடல்
ꢱꢥꢵꢬ꣄,பார்வையாளர்
ꢮꢫꢭꢶꢥ꣄,பிடில்
ꢥꢷꢞꢵ ꢭꣂꢱ,புகைப்படம்
ꢮꢿꢠꢸ,புல்லாங்குழல்
ꢮꢱ꣄ꢡꢸ ꢦ꣄ꢬꢡꢬ꣄ꢰꢶꢠꢷ,பொருட்காட்சி
ꢒꢵꢭꢒ꣄ꢰꢿꢦꢸ,பொழுதுபோக்கு
ꢣꢶꢥ꣄ꢥꢸ ꢔꢪ꣄ꢞꢶꢥꢶ,பொழுதுபோக்கு
ꢣꣂꢠ꣄ꢞꣁ,மத்தளம்
ꢪꢾꢣ꣄ꢣꢳ꣄,மிருதங்கம்
ꢥꢔꢬꣁ,முரசு
ꢭꢕꢸ ꢱꢖ꣄ꢔꢷꢡ꣄,மெல்லிசை
ꢪꢛ꣄ꢗ꣄,மேடை
ꢗꢾꢥ꣄ꢣꢸꢬ꣄ ꢬꢴꢾꢜꣁ,ரங்கராட்டினம்
ꢬꢱꢶꢒꣁ,ரசிகன்
ꢬꢵꢔ꣄,ராகம்
ꢮꢗꢥ꣄,வசனம்
ꢨꢠꢵꢭꢸ ꢮꢾꢞꢶꢒ꣄,வாணவேடிக்கை
ꢮꢮ꣄ꢙꢶꢥꢶ ꢮꢵꢣ꣄ꢫꣁ,வாத்திய இசை
ꢂꢒꢵꢱꢸ ꢤ꣄꣄ꢮꢥꢶ,வானொலிப்பெட்டி
ꢮꢶꢡ꣄ꢡꢾ,வித்தை
ꢮꢷꢠꢾ,வீணை
ꢮꢾꢞꢶꢒ꣄,வேடிக்கை
ꢓꢿꢳ꣄꣄,வேடிக்கை
ꢓꢾꢭ꣄ꢭꢭ꣄,வேடிக்கை
ꢱ꣄ꢮꢬꣁ,ஸ்வரம்
ꢆꢦ꣄ꢨꢸवꣁ,அத்திப்பழம்
ꢧꣁꢥ꣄ꢥꢶꢱꢸ ꢦꣁ꣄ꢳ꣄ꢳꣁ,அயினிச் சக்கை
ꢚꢵꢞꢸꢦꣁꢳ꣄ꢳꣁ,அன்னாசி
ꢃꢦ꣄ꢦꢳ꣄,ஆப்பிள்
ꢃꢬꢛ꣄ꢙꢶ,ஆரஞ்சு
ꢨꣂꢬꢸ ꢦꣁꢳ꣄ꢳꣁ,இலந்தைப் பழம்
ꢦꢾꢬ꣄ꢗ꣄ꢗꢪ꣄ꢦꣁꢳ꣄ꢳꣁ,ஈச்சம் பழம்
ꢗꢶꢦ꣄ꢦꣁ,கொட்டங்கச்சி
ꢒꣁꢜ꣄ꢜꢾ,கொட்டை
ꢗꢦ꣄ꢦꣂꢜ꣄ꢜꢵ,சப்போட்டா
ꢱꢷꢡꢵ ꢦꣁꢳ꣄ꢳꣁ,சீதாப் பழம்
ꢒꢷꢡ꣄,சுளை
ꢡꢒ꣄ꢒꢵꢳꢶ,தக்காளி
ꢣꢬ꣄ꢨꢹꢱ꣄,தர்பூசணி
ꢡꢶꢬꢵꢒ꣄ꢰꣁ,திராட்சை
ꢡꣁꢮ꣄ꢞꣁ,தோல்
ꢣꣁꢬꢶ,நார்
ꢥꢵꢬꣁ,நார்
ꢮꢷꢜ꣄,நார்த்தங்காய்
ꢙꢾꢪ꣄ꢨꢸ ꢦꣁꢳ꣄ꢳꣁ,நாவல் பழம்
ꢱꢸꢒ꣄ꢒꢾꢥꢬꢳ꣄,நெற்று
ꢥꢿꢥ꣄ꢣꢶꢬꢪ꣄ ꢒꢾꢳꣁ,நேந்திரம் பழம்
ꢦꢦ꣄ꢦꢵꢳꢶ,பப்பாளி
ꢡꢵꢞꢶ ꢦꣁꢳ꣄ꢳꣁ,பனம்பழம்
ꢦꢶꢥ꣄ꢣ ꢦꣁꢪ꣄ꢨꢸꢳ ꢦꣁꢳ꣄ꢳꣁ,பிஞ்சு
ꢩꢿꢬꢶꢒꢫ꣄ꢭꣁ,பேரிக்காய்
ꢣꢜꢶꢪ꣄ꢦꣁꢳ꣄ꢳꣁ,மாதுளை
ꢒꢗ꣄ꢗꢪ꣄ꢨꢵ ꢨꣁꢳ꣄ꢳꣁ,மாம்பழம்
ꢪꢸꢥ꣄ꢡꢶꢬꢶ,முந்திரி
ꢪꢸꢥ꣄ꢡꢶꢬꢶꢒ꣄ ꢒꣁꢜ꣄ꢜꢾ,முந்திரிக் கொட்டை
ꢒꢾꢳꣁ,வாழைப்பழம்
ꢮꢳ꣄ꢒꢵ ꢦꣁꢳ꣄ꢳꣁ,வெள்ளரிப்பழம்
ꢂꢨ꣄ꢨꢸꢥꢵ,கிடைக்காது
ꢙꢸꢠ꣄ꢠꢵ,கிடைக்காது
ꢂꢨ꣄ꢨꢫ꣄,கிடைக்கும்
ꢙꢸꢞꣀ,கிடைக்கும்
ꢥꢴꢷ,கிடையாது
ꢒꢳꢵꢥꢵ,தெரியாது
ꢒꢳꢵꢫ꣄,தெரியும்
ꢏꢦ꣄ꢦꢵꢥꢵ,பிடிக்காது
ꢏꢦ꣄ꢦꢵꢫ꣄,பிடிக்கும்
ꢮꢶꢮꢬ꣄ꢦꣁꢠ꣄ꢠꢵ,புரியாது
ꢮꢶꢮꢬ꣄ꢦꣁꢞꢫ꣄,புரியும்
ꢧꢸꢬ꣄ꢥꢵ,போதாது
ꢧꢸꢬꢫ꣄,போதும்
ꢪꢸꢱꢸꢥꢵ,முடியாது
ꢯꢾꢒ꣄ꢒꢸꢥꢵ,முடியாது
ꢪꢸꢱꢫ꣄,முடியும்
ꢯꢾꢒ꣄ꢒꢫ꣄,முடியும்
ꢥꣁꢒ꣄ꢒꣁ,வேண்டாம்
ꢦꢙꢾꢥꢴꢷ,வேண்டாம்
ꢦꢙꢾ,வேண்டும்
ꢚꢸꢭ꣄,அட்டை
ꢗꢶꢔ꣄ꢭꣁ,அணில்
ꢱꢪ꣄ꢗꢳꢶ,அரணை
ꢱꢱꢬ꣄ꢦꢵꢛ꣄ꢚꢸꢭ꣄,ஆயிரங்கால் அட்டை
ꢔꣁꢬꢸ ꢒꢵꢥꢸꢪ꣄ ꢒꢶꢞꣁ,இரைப்பூச்சி
ꢆꢱꢸ ꢆꢱꢵꢭꢾ,ஈசல்
ꢚꢸꢬꢸ,உண்ணி
ꢪꢸꢖ꣄ꢔꢶ,எறும்பு
ꢲꢸꢥ꣄ꢣꢶꢬ꣄,எலி
ꢱꢬꢳ꣄,ஓணான்
ꢗꢵꢜꣁ,கட்டெறும்பு
ꢔꢥ꣄ꢤꣁꢭꢶ,கடந்தை
ꢔꢾꢥ꣄ꢤꢭ꣄,கடந்தை
ꢒꢖ꣄ꢒꢶꢞꣁ,கம்பளிப்பூச்சி
ꢨꢥ꣄ꢣꣁ,கரப்பான்பூச்சி
ꢲꢸꢡꢶ,கரையான்
ꢒꢺꢪꢶ,கிருமி
ꢥꢸꢔꢸꢭ꣄,கீரி
ꢥꢒꢸꢭ꣄,கீரி
ꢱꢾꢛ꣄ꢙꢶꢮ꣄,குளவி
ꢦꢶꢱꢸꢳꣁ,கொசு
ꢪꣃꢞꢶ,சிலந்தி
ꢭꢴꣁꢮ꣄ꢮ ꢪꢸꢖ꣄ꢒꢶ,சிற்றெறும்பு
ꢆꢥ꣄ꢣꢶꢬ꣄,சுண்டெலி
ꢒꢸꢜ꣄ꢒꢶ,செள்ளு
ꢱꢸꢠ꣄ꢞꢶ,தட்டான்
ꢩꢾꢬ꣄ꢒꢳꢶ,தவளை
ꢩꢿꢭꢶ,தேரை
ꢮꢶꢛ꣄ꢗꢸ,தேள்
ꢪꣀꢪꢴꢔꢶ,தேனீ
ꢔꢶꢱ꣄ꢳꣁ,நத்தை
ꢔꣁꢬꢪ꣄ꢪꣁ,"பட்டம்பூச்சி, வண்ணத்துப் பூச்சி"
ꢒꣃꢱ꣄ꢒꢶꢞꣁ,பட்டுப்புழு
ꢦꢵꢭꣁ,பல்லி
ꢱꢵꢦ꣄,பாம்பு
ꢂꢥ꣄ꢣꢸ,புத்தகப்புழு
ꢒꢶꢞꣁ,புழு
ꢑꢳꢶ,புற்று
ꢂꢨ꣄ꢨꢸ,பூச்சி
ꢔꣂꢪ꣄ꢨꢾ,பூரான்
ꢙꢹꢪ꣄,பேன்
ꢱꢶꢣ꣄ꢣꢜ꣄,மண்புழு
ꢙꢶꢙ꣄ꢙꢶꢭ꣄,மின்மினிப்பூச்சி
ꢤꢾꢔꢸꢥꣁ,மூட்டை
ꢦꢶꢖ꣄ꢔꢸ ꢪꢸꢖ꣄ꢔꢶ,மொசறு
ꢃꢳꢶ,வண்டு
ꢢꣂꢳ꣄,விட்டில்
ꢔꣁꢭ꣄ꢭꣁꢬ꣄,வெட்டுக்கிளி
ꢣꣁꢨ꣄ꢨꢶ,அகட்டு
ꢙꢵ,அகல்
ꢒꢹꢔ꣄,அகவு
ꢲꢿꢜ꣄,அகற்று
ꢂꢖ꣄ꢔꢶꢒꢵꢬ꣄,அங்கீகரி
ꢲꢭ꣄ꢭꢵꢜ꣄,அசை
ꢆꢜ꣄ꢔꢵꢜ꣄,அடக்கு
ꢆꢜ꣄ꢔꢶ,அடங்கு
ꢲꢵꢥ꣄,அடி
ꢭꢥ꣄ꢣꢶ,அடு
ꢱꢾꢥ꣄ꢡꢶ,அடுக்கு
ꢙꢷ ꢗꢿꢬ꣄,அடை
ꢚꢵꢔꢶ,அடை
ꢆꢛBꢗꣁ ꢱꢵ,அண்ணார்
ꢕꢭ꣄ꢭꢾ,அணி
ꢧꢶꢬ꣄ꢭꢾ,அணி
ꢪꢴꢮ꣄ꢭꢫꢶ ꢙꢵ,அணை
ꢪꢴꣃꢭꢶ,அணை
ꢒꢨꢶꢭ꣄ꢭꢾ,அணை
ꢭꢾꢔꢸꢡ꣄ꢡ ꢙꢵ,அணுகு
ꢦꢬ꣄ꢮꢒꢿꢬ꣄,அதட்டு
ꢮꢿꢥ꣄ ꢒꢿꢬ꣄,அதிகரி
ꢃꢗ꣄ꢗꢬ꣄ꢫꢸꢦꣂꢜ꣄,அதிசயி
ꢂꢣꢶꢬ꣄,அதிர்
ꢂꢦ꣄ꢦꢶꢭꢾ,அப்பு
ꢚꢾꢜ꣄ꢦꢶꢭꢾ,அபகரி
ꢱꣃꢔꢭ ꢒꢿꢬ꣄,அபிநயி
ꢨꢷꢱ꣄,அமர்
ꢨꢹꢜ꣄,அமிழ்
ꢨꢸꢣꢵꢜ꣄,அமிழ்த்து
ꢂꢪ꣄ꢒꢶ,அமுக்கு
ꢂꢪ꣄ꢒꢫꢶ ꢬꢴꢵ,அமுங்கு
ꢱꢾꢥ꣄ꢡꢶ ꢢꣂꢮ꣄,அமை
ꢱꢾꢥ꣄ꢡꢫꢶꢬꢴꢵ,அமை
ꢲꢹꢖ꣄ꢔꢶꢤꢹꢭ꣄,அயர்
ꢓꢮ꣄ꢙꢸꢭꢾ,அரி
ꢤꢵꢒ꣄ꢕꢵꢭ꣄,அரட்டு
ꢨꢾꢣꢸꢬꢶ ꢦꣂꢜ꣄,அரள்
ꢣꢸꢒ꣄ꢒꢸꢦꣁꢞ꣄ꢳꢾ,அரற்று
ꢦ꣄ꢬꢵꢬ꣄ꢡꢥꣁꢒꢾꢬ꣄,அர்ச்சி
ꢦꢿ,அருந்து
ꢧꢸꢭꢫꢶꢬꢴꢵ,அரும்பு
ꢂꢫ꣄ꢫꢬꢮ꣄ ꢦꣁꢜ꣄,அருவரு
ꢒ꣄ꢬꢸꢦꣁ ꢒꢾꢬ꣄,அருள்
ꢡꢾꢱꢫꢶ ꢦꣂꢜ꣄,அரை
ꢭꢸꢨ꣄ꢨꢶ,அரை
ꢂꢭꢖ꣄ꢒꢵꢬ꣄ ꢒꢿꢬ꣄,அலங்கரி
ꢲꢭ꣄ꢭꢵꢜ꣄,அலங்கு
ꢂꢭ꣄ꢗꢶ,அலசு
ꢯ꣄꣄ꢭꢵꢕꢠꢒꢾꢬ꣄ꢭꢿ,அலட்டு
ꢤꢹꢮ꣄,அலம்பு
ꢩꢮꢵꢜ꣄ꢡꢵꢫ꣄,அலறு
ꢭꣂꢭ꣄ ꢦꣂꢜ꣄,அலை
ꢭꣂꢭ꣄ ꢦꣁꢞꢜ꣄,அலை/ அலைக்கழி
ꢱꢶꢬꢳ꣄꣄ꢙꢵꢜ꣄,அலை/ அலைக்கழி
ꢥꢯꢶꢶꢥꢪ꣄ ꢲꣁ,அழி
ꢥꢵꢯꢥꣁ ꢲꣁ,அழி
ꢥꢯꢶꢶꢥꢪ꣄ ꢒꢿꢬ꣄,அழி
ꢱꢶꢙ꣄ꢮꢶ,அவி
ꢱꢶꢮ꣄ꢙꢶ,அவி
ꢱꣁꢮ꣄ꢞꢶ,அவிழ்
ꢬꣂꢜ꣄,அழு
ꢪꢸꢬ꣄ꢔꢶ,அழுகு
ꢪꢸꢬ꣄ꢔꢫꢶꢙꢵ,அழுகு
ꢂꢪ꣄ꢒꢫꢶꢙꢵ,அழுந்து
ꢨꣂꢮ꣄,அழை
ꢮꢵꢬ꣄,அள்ளு
ꢪꣂꢮ꣄,அள
ꢪꣁꢮ꣄ꢙꢶ,அள
ꢣꢿ,அளி
ꢒꢮ꣄ꢭꢶ,அளை
ꢒꢳꣀꢭꢾ,அறி
ꢒꢜꢫꢶꢙꢵ,அறு
ꢒꢵꢜ꣄,அறு
ꢕꢵꢪ꣄ ꢡꢵꢫ꣄,அறை
ꢤꢵꢥꢸꢒ꣄ꢙꢵ,அனுசரி
ꢂꢥꢸꢱꢬꢶ,அனுசரி
ꢤꢜ꣄ꢞꢾ,அனுப்பு
ꢂꢥꢸꢨꢮꢶꢛ꣄ꢗꢶ,அனுபவி
ꢦꣁꢥ꣄ꢣꢶ,அனுபவி
ꢇꢲꢪ꣄ ꢒꢿꢬ꣄,அனுமானி
ꢃꢒ꣄ꢬꢪꣁ ꢒꢿꢬ꣄,ஆக்கிரமி
ꢲꣁꢮꢵꢜ꣄,ஆக்கு
ꢲꣂ,ஆகு
ꢃꢯꢶꢬ꣄ꢮꢵꢡ꣄ ꢒꢿꢬ꣄,ஆசீர்வதி
ꢃꢒ꣄ꢰꢿꢿꢦꢠꣁ ꢒꢿꢬ꣄,ஆட்சேபி
ꢲꢶꢥ꣄ꢣꢵꢳ꣄,ஆட்டு
ꢥꢵꢗ꣄,ஆடு
ꢓꢵꢭ꣄,ஆடு
ꢃꢣꢬꣁ ꢒꢿꢬ꣄,ஆதரி
ꢂꢣ꣄ꢣꢶꢥꢶ ꢣꢿ,ஆதரி
ꢏꢦ꣄ꢦꢶꢭꢿ,ஆமோதி
ꢂꢬꢸꢪ꣄ꢦꢪ꣄ꢒꢾꢬ꣄,ஆரம்பி
ꢬꢾꢗ꣄ꢗꣁꢡꢵꢫ꣄,ஆரவாரி
ꢣꢷꢬ꣄ꢡ꣄ꢡꢸꢨꢸꢞꢜ꣄,ஆராட்டு
ꢦꢬꢶꢯꣂꢤꢥꣁ ꢒꢿꢬ꣄,ஆராய்
ꢱꢾꢗ꣄ꢗꢶꢭꢿ,ஆலோசி
ꢨꢹꢞ꣄,ஆழ்
ꢨꢸꢞ꣄ꢮꢶ,ஆழ்த்து
ꢱꣀꢱꢶ,ஆள்
ꢥꢶꢮꢵꢜ꣄,ஆற்று
ꢥꢶꢮꢳ꣄ꢳꢾ,ஆறு
ꢤꢸꢮꢿꢰ꣄ ꢒꢿꢬ꣄,இகழ்
ꢗꢾꢬꢶ ꢙꢵ,இசை
ꢱꢸꢡꢶ ꢡꢵꢫ꣄,இசை
ꢢꢾꢜ꣄ꢒꢶ ꢦꣁꢜ꣄,இடறு
ꢦꢸꢜ꣄ꢜꢶ ꢦꣁꢜ꣄,இடி
ꢧꣁꢞꢶꢡꢵꢫ꣄,இடி
ꢢꣂꢮ꣄,இடு
ꢕꢳ꣄ꢳꢿ,இடு
ꢥꢾꢱ꣄ꢒꢶꢭꢶ ꢙꢵ,இடுக்கு
ꢐꢬ꣄ꢦꢸꢒꢾꢬ꣄ꢭꢿ,இணங்கு
ꢗꢿꢬ꣄,இணை
ꢗꢾꢬ꣄ꢗ꣄ꢗꢶ,இணை
ꢪꢶꢱ꣄ꢒꢶ,இமை
ꢒꢵꢪ꣄ ꢒꢾꢬꢵꢜ꣄,இயக்கு
ꢤꢪꢵꢜ꣄,இயக்கு
ꢒꢵꢪ꣄ ꢒꢿꢬ꣄,இயங்கு
ꢤꢵꢪ꣄,இயங்கு
ꢱꢖ꣄ꢔꢶ,இயம்பு
ꢪꢹꢱ꣄,இயல்
ꢆꢬꢸꢮ꣄ ꢒꢿꢬ꣄,இயற்று
ꢐꢬ꣄ꢦ꣄ꢦꢸ ꢒꢾꢬ꣄ꢭꢾ,இயை
ꢩꢷꢔ꣄ ꢪꢵꢫ꣄,இர
ꢣꢫꣁ ꢒꢿꢬ꣄,இரங்கு
ꢱꣁꢪ꣄ꢦꢸ ꢦꣁꢥ꣄ꢣꢶ,இரசி
ꢒꢨꢵꢜ꣄,இரட்சி
ꢬꢒ꣄ꢰꢠꣁꢒꢿꢬ꣄,இரட்சி
ꢣꢷꢮꢜꣁ ꢒꢿꢬ꣄,இரட்டி
ꢬꢴꢵ,இரு
ꢲꢥ꣄ꢣꢵꢬ꣄ ꢦꣂꢜ꣄,இருட்டு
ꢬꢴꢮꢵꢜ꣄,இருத்து
ꢕꣁꢮ꣄ꢭꢶ,இருமு
ꢲꢥ꣄ꢣꢵꢬ꣄ꢒꢥ ꢶꢬꢴꢵ,இருள்
ꢬꢵꢒ꣄ ꢂꢮꢳ꣄ꢳꢾ,இரை
ꢬꢵꢒ꣄ ꢂꢠ꣄ꢭꢿ,இரை
ꢲꢾꢪ꣄ꢦꢶ,இரை
ꢬꢴꢵ,இலங்கு
ꢙꢮꢳ꣄ꢳꢾ,இழ
ꢲꢸꢡ꣄ꢡꢶꢬ꣄,இழி
ꢆꢜ꣄ꢗꢶ,இழு
ꢓꢶꢛ꣄ꢗꢶ,இழு
ꢤꢶꢭ꣄ꢭ ꢬꢴꢵ,இழுகு
ꢒꣁꢪ꣄ꢨꢸꢭꢵꢩꢵꢮ꣄ ꢱꢾꢬ ꢬꢴꢵ,இழை
ꢡꢵꢡ꣄ꢒꢿꢬ꣄,இழை
ꢦꢳ꣄꣄ꢜꣁꢒꢿꢬ꣄,இளக்கு
ꢦꢳ꣄ꢜꣁꢲꣂ,இளகு
ꢣꢵꢡ꣄ꢣꢾꢒ꣄ꢒꢵꢜ꣄,இளி
ꢏꢜ꣄ꢗꢶ,இறு
ꢄꢬ꣄ꢒ꣄ꢒꢶ,இறுக்கு
ꢕꢾꢞꢶ ꢦꣂꢜ꣄,இறுகு
ꢒꢾꢬꢸꢮ꣄ ꢦꣂꢜ꣄,இறுமா
ꢪꣂꢬ꣄,இற
ꢲꢹꢡ꣄ꢡꢸꢬꢵꢜ꣄,இறக்கு
ꢲꢹꢡ꣄ꢡꢶꢬ꣄,இறங்கு
ꢦꢾꢬ꣄ꢦ꣄ꢦꢶ,இறை
ꢱꢾꢥ꣄ꢡꢶ,இறை
ꢒꢾꢛ꣄ꢙꢶ,இறஞ்சு
ꢔꢸꢳ꣄ꢳꢾ ꢬꢴꢵ,இனி
ꢙꣁꢞꢸꢛ꣄ꢗꢶ,ஈட்டு
ꢙꢿꢥ꣄,ஈன்
ꢱꢹꢓꢪ꣄ꢦꣁꢥ꣄ꢣꢶ,உக
ꢬꣂꢜ꣄,உகு
ꢣꣁꢳꢵꢪ꣄ ꢦꢥꢶ ꢱꣂꢜ꣄,உகு
ꢆꢗ꣄ꢗꢵꢬꢠꣁ ꢒꢿꢬ꣄,உச்சரி
ꢲꢸꢞꢵꢜ꣄,உசுப்பு
ꢄꢮꢬ꣄ ꢦꢸꢱꢶꢭꢾ,உசாவு
ꢕꢭ꣄ꢭꢾ,உடு/ உடுத்து
ꢧꢶꢭ꣄ꢭꢾ,உடு/ உடுத்து
ꢧꢸꢜ꣄ꢜꢶ ꢙꢵ,உடை
ꢧꣂꢜ꣄,உடை
ꢓꢵ,உண்
ꢆꢬꢸꢮ꣄ ꢒꢿꢬ꣄,உண்டாக்கு
ꢆꢡ꣄ꢦꢡ꣄ꢡꢶ ꢒꢿꢬ꣄,உண்டாக்கு
ꢱꢹꢒ꣄ꢒꢵꢜ꣄,உலர்
ꢱꢹꢒ꣄ꢒꢶ ꢙꢵ,உலர்
ꢆꢥ꣄ꢳꢾ,உணர்
ꢙꢥ꣄ꢭꢾ,உணர்
ꢆꢥ꣄ꢥꢵꢜ꣄,உணர்
ꢙꢥꢵꢜ꣄,உணர்
ꢤ꣄ꢫꢾꢫꢸ,உத்தேசி
ꢭꢒ꣄ꢰ꣄ꢫꢸ,உத்தேசி
ꢱꢲꢵꢮ꣄ꢒꢿꢬ꣄,உதவு
ꢮꢶꢭꢶꢛ꣄ꢗꢶ,உதறு
ꢆꢛ꣄ꢗꣁ ꢃꢮ꣄,உதி
ꢭꢵꢭ꣄,உதிர்
ꢭꢵꢡ꣄,உதை
ꢣꣁꢨ꣄ꢨꢶ,உந்து
ꢧꢸꢔ꣄ꢔꢶ,உப்பு
ꢧꣁꢮ꣄ꢠꢦꢥ꣄ꢒꢿꢬ꣄,உபசரி
ꢨꢸꢣ꣄ꢣꢶ ꢱꢖ꣄ꢔꢶ,உபதேசி
ꢮꢮ꣄ꢬꢶ,உபயோகி
ꢆꢨꢫꣂꢒ꣄ ꢒꢿꢬ꣄,உபயோகி
ꢤꢹꢮ꣄,உமிழ்
ꢆꢛ꣄ꢗꣁ ꢡꢸꢒ꣄ꢒꢶ,உயர்த்து
ꢔꢿꢱ꣄,உரசு
ꢱꣁꢭꢫꢾ,உரி
ꢱꣂꢭ꣄,உரி
ꢒꢾꢬ꣄ꢖ꣄ꢔꢵꢜ꣄,உருக்கு
ꢒꢾꢬꢸꢬ꣄ꢔꢾꢫ,உருகு
ꢤꢸꢳꢵꢜ꣄,உருட்டு
ꢬꢹꢦ꣄ ꢒꢾꢬ꣄ꢭꢾ,உருவகி
ꢣꢹꢱ꣄,உருவு
ꢤꢹꢭ꣄,உருள்
ꢔꢾꢱꢫꢫꣁ,உரை
ꢮꢣꢫꣁ,உரை
ꢱꢹꢒ꣄ꢒꢶ,உலர்
ꢱꢹꢒ꣄ꢒꢵꢜ꣄,உலர்த்து
ꢆꢭꢵꢱ꣄ ꢒꢿꢬ꣄,உலவு
ꢲꢸꢭ꣄ꢦ꣄ꢦꢶ,உலுக்கு
ꢲꢷꢭ꣄ꢦ꣄ꢦꢫꢶ ꢬꢴꢵ,உலுங்கு
ꢆꢭꢫꢶ ꢬꢴꢵ,உலை
ꢆꢭꢫꢶ ꢙꢮꢵꢜ꣄,உலை
ꢱꣁꢪ꣄ꢦꢸ,உவ
ꢱꢵꢥ꣄ꢡꢶ,உவ
ꢡꣂꢡ꣄ ꢱꢵ,உவமி
ꢪꢷꢜ꣄ꢒꢥ꣄ ꢱꢿ,உவர்
ꢂꢞ꣄ꢞꢪ꣄ ꢦꣂꢜ꣄,உழப்பு
ꢭꣂꢭ꣄ ꢦꣂꢜ꣄,உழல்
ꢙꢸꢥ꣄ꢥꢶ,உழு
ꢦꢵꢜ꣄ ꢦꣂꢜ꣄,உழை
ꢂꢥꢬ꣄ꢡ꣄ꢡ ꢮꢵꢡ꣄ ꢒꢿꢬ꣄,உளறு
ꢒ꣄ꢰꢷꢠ꣄ ꢲꣁꢫꢶ ꢙꢵ,உளு
ꢄꢥ꣄ꢒꢫꢶ ꢙꢵ,உளுக்கு
ꢣꢸꢒ꣄ꢒꢸ ꢦꣁꢥ꣄ꢣꢶ,உளை
ꢥꢶꢛ꣄ꢙꢶ,உறங்கு
ꢚꢸꢬ꣄,உறிஞ்சு
ꢗꢸꢠ꣄ꢜꢶ,உறுத்து
ꢔꢾꢬ꣄ꢙꢥꣁ ꢒꢿꢬ꣄,உறுமு
ꢕꢾꢞꢶ ꢨꣂꢜ꣄,உறை
ꢪꣁꢥ꣄ꢥꢸꢪ꣄ ꢲꢶꢨ꣄ꢨꢶ,உறை
ꢲꢞ꣄ꢮꢶ,உன்னு
ꢤꣀꢬ꣄ꢫꢪ꣄ ꢣꢿ,ஊக்கு
ꢓꢮꢵꢜ꣄,ஊட்டு
ꢥꢴꢥ꣄ ꢚꢾꢔꢸꢜꣁ,ஊடு
ꢧꢹꢮ꣄,ஊது
ꢚꢶꢬ꣄ꢒꢶ,ஊர்
ꢱꣂꢜ꣄,ஊற்று
ꢆꢡ꣄ꢙꢭ꣄ ꢲꣂ,ஊறு
ꢔꢵꢜ꣄,ஊன்று
ꢦꣂꢜ꣄ꢦꢣꢵꢳ꣄꣄ꢒꢾꢬ꣄ꢭꢿ,எக்கு
ꢪꢶꢡꢪꢶꢛ꣄ꢗꢶ ꢙꢵ,எகிறு
ꢙꢵꢔ꣄ꢬꢡꢶ ꢒꢿꢬ꣄,எச்சரி
ꢂꢥ꣄ꢣꢶ,எட்டு
ꢭꢥ꣄ꢣꢶ,எட்டு
ꢙꢾꢫ꣄ ꢗꢿꢬ꣄,எட்டு
ꢓꢳ꣄ꢭꢾ,எடு
ꢓꢵꢜ꣄,எடு
ꢪꣁꢮ꣄ꢙꢶ,எண்ணு
ꢪꣂꢮ꣄,எண்ணு
ꢫꢡ꣄ꢡꢥ꣄ ꢒꢿꢬ꣄,எத்தனி
ꢡꢶꢬꢔ꣄ ꢲꢶꢨ꣄ꢨꢶ,எதிர்
ꢆꢱꢶꢭ꣄,எம்பு
ꢨꢵꢠ꣄ ꢱꣂꢜ꣄,எய்
ꢙꢾꢳꢶ ꢙꢵ,எரி
ꢙꢵꢳ꣄,எரி
ꢲꢹꢜ꣄,எழு
ꢭꢶꢒ꣄ꢒꢶ,எழுது
ꢭꢶꢓꢶ,எழுது
ꢔꢾꢭ꣄ꢭꢭ꣄ ꢒꢿꢬ꣄,எள்ளு
ꢮꢶꢱꢶꢬ꣄,எறி
ꢙꢵ,ஏகு
ꢲꢾꢡꣁ ꢦꣂꢜ꣄,ஏங்கு
ꢔꢵꢳ꣄꣄ꢞꢾ,ஏசு
ꢤꢾꢬ꣄ꢭꢿ,ஏந்து
ꢌꢗ꣄ꢗꢵꢜ꣄,ஏமாற்று
ꢲꢸꢖ꣄ꢔꢵꢜ꣄,ஏமாற்று
ꢌꢗ꣄ꢗꢜ꣄ꢥꢶ ꢦꣂꢜ꣄,ஏமாறு
ꢲꢸꢖ꣄ꢔꢫꢶ ꢙꢵ,ஏமாறு
ꢤꢞ꣄ꢞꢾ,ஏவு
ꢦ꣄ꢬꢒ꣄ꢰꢿꢦꢠꣁ ꢒꢿꢬ꣄,ஏவு
ꢲꣁꢮꢥ꣄ ꢬꢴꢵ,ஏற்படு
ꢲꢶꢖ꣄ꢔꢵꢜ꣄,ஏற்று
ꢲꢶꢖ꣄ꢔꢶ,ஏறு
ꢣꣁꢮ꣄ꢱꢶ,ஒட்டு
ꢪꢸꢜ꣄ꢜꢶꢬꢴꢵ,ஒடி
ꢪꢸꢞ꣄ꢙꢵ,ஒடி
ꢪꣂꢞ꣄,ஒடி
ꢆꢣ꣄ꢔꢵꢜ꣄,ஒடுக்கு
ꢆꢣ꣄ꢔꢶ,ஒடுங்கு
ꢃꢱ꣄ꢬꢫꢶꢭꢶ ꢬꢴꢵ,ஒண்டு
ꢮꢜ ꢒꢿꢬ꣄,ஒதுக்கு
ꢐꢬ꣄ꢡꣁ ꢬꢴꢵ,ஒதுங்கு
ꢥꢷꢞꢪ꣄ ꢬꢴꢵ,ஒதுங்கு
ꢦꢵꢬꢵꢫꢠꣁ ꢒꢿꢬ꣄,ஒப்பி
ꢧꢶꢬꢶꢧꢶꢬꢶ ꢪꢿꢥ꣄,ஒப்பி
ꢏꢦ꣄ꢦꢶꢭꢾ,ஒப்பு
ꢐꢒ꣄ꢦꣁꢒꢸꢬ꣄ ꢥꢶꢛ꣄ꢗꢶ,ஒருக்கணி/ ஒருக்களி
ꢱꢨ꣄ꢣꢸ ꢒꢾꢬ꣄,ஒலி
ꢤ꣄ꢮꢪ꣄ꢱꢸ ꢲꣂ,ஒழி
ꢤ꣄ꢮꢪ꣄ꢱꢸ ꢒꢿꢬ꣄,ஒழி
ꢔꢾꢳꢶꢶ ꢙꢮꢵꢜ꣄,ஒழுக்கு
ꢔꢾꢳꢶꢶ ꢙꢵ,ஒழுகு
ꢭꢶꢒ꣄ꢒꢶꢭꢾ,ஒளி
ꢙꣁꢭꢶꢛ꣄ꢗꢶ,ஒளிர்
ꢣꢾꢠ꣄ꢞꢥꣁ ꢡꢿ,ஒறு
ꢗꢾꢬ꣄ꢗꢶ,ஒன்று
ꢏꢔꢬꢶ ꢒꢿꢬ꣄,ஓங்கரி
ꢗꢾꢣꢵꢮ꣄ ꢲꣂ,ஓங்கு
ꢣꣁꢮ꣄ꢞꢶ,ஓட்டு
ꢤꢵꢪ꣄,ஓடு
ꢆꢗ꣄ꢗꢵꢜꢠꣁ ꢒꢿꢬ꣄,ஓது
ꢗꢾꢮ꣄ꢣꢶ,ஓது
ꢦꢵꢭꢥꣁ ꢒꢿꢬ꣄,ஓம்பு
ꢱꢶꢥꢫꢶ ꢙꢵ,ஓய்
ꢯꢷꢥ꣄,ஓய்
ꢲꢮ꣄ꢡꢥ꣄ ꢒꢾꢬ꣄ꢭꢾ,ஓர்
ꢲꢮ꣄ꢜꢶ,ஓர்மி
ꢲꢜ꣄ꢮꢶ,ஓர்மி
ꢒꣁꢔꢸꢭꢵꢔ꣄,கச
ꢦꢷꢳ꣄,கசக்கு
ꢱꢾꢔ ꢒꢿꢬ꣄,கசகச
ꢱꢸꢬꢸ ꢦꣂꢜ꣄,கசங்கு
ꢔꢿꢳ꣄,கசி
ꢩꢥ꣄ꢣꢶ,கட்டு
ꢣꢵꢜ꣄,கட
ꢤꢶꢭ꣄ꢭꣁ ꢲꣂ,கடகட
ꢗꣁꢞ꣄ꢞꢦꣁꢞꢶ ꢙꢮꢵꢜ꣄,கடத்து
ꢦꢬ꣄ꢮꢡ꣄ ꢒꢿꢬ꣄,கடி
ꢗꢵꢮ꣄,கடி
ꢨꢶꢱ꣄ꢱꣁ ꢙꢵ,கடுகு
ꢔꢸꢱꢹꢳ,கடை
ꢥꢶꢬꢷꢒ꣄ꢰꢠꣁ ꢒꢿꢬ꣄,கண்காணி
ꢂꢮꢥ꣄ꢗꢵꢭ꣄ ꢱꢖ꣄ꢔꢶ,கணி
ꢒꢾꢡ꣄ꢬꢶꢒ꣄ꢒꢾ ꢲꣁꢬ꣄ ꢒꢵꢜ꣄,கத்தரி
ꢬꢾꢗ꣄ꢗꣁ ꢡꢵꢫ꣄ ꢩꢮꢵꢜ꣄ ꢡꢵꢫ꣄,கத்து
ꢕꢾꢞꢶꢨꣁꢮ꣄,கத்து
ꢒꢸꢖBꢔꢶ ꢬꣂꢜ꣄,கதறு
ꢓꢾꢥꢶ ꢔꢵꢮ꣄,கதை
ꢮꢱ꣄ꢥꣁ ꢣꢾ,கமழ்
ꢒꢾꢬ ꢒꢾꢬ ꢒꢿꢬ꣄,கமறு
ꢚꢵꢫ꣄,கர
ꢪꢷꢜ꣄ꢒꢥꢶ ꢭꢵꢔ꣄,கரி
ꢒꢳꣁ ꢲꣁꢱ꣄ꢡꢶꢱꣁ ꢙꢵꢭ꣄,கருக்கு
ꢂꢨꢶꢦ꣄ꢬꢵꢫ꣄ ꢦꣁꢜ꣄,கருது
ꢕꢸꢭꢫꢶ ꢙꢵ,கரை
ꢒꢾꢬꢶꢖ꣄ꢔꢶ ꢙꢵ,கரை
ꢕꢸꢭꢵꢜ꣄,கரை
ꢒꢾꢬꢸꢖ꣄ꢔꢵꢜ꣄,கரை
ꢱꢶꢒ꣄ꢒꢶ,கல்
ꢒꢮ꣄ꢭꢶ,கலக்கு
ꢪꢶꢱ꣄ꢬꢠꣁ ꢒꢿꢬ꣄,கலக்கு
ꢱꢾꢣ꣄ꢣꢸ ꢡꢵꢫ꣄,கலகல
ꢒꢮ꣄ꢭꢫꢶꢬꢴꢵ,கலங்கு
ꢂꢯ꣄ꢬꢿꢠꢶꢲꣁ,கலை
ꢂꢯ꣄꣄ꢬꢿꢠꢶ ꢒꢿꢬ꣄,கலை
ꢃꢒꢬ꣄ꢰꢶ,கவர்
ꢩꣁꢬꢶꢙꢵ,கவி
ꢡꢾꢭ꣄ꢒꢫꢶ ꢙꢵ,கவி
ꢲꢸꢞꣁ ꢡꢶꢞꣁ ꢕꢭꢫꢶ ꢙꢵ,கவிழ்
ꢤꢶꢭ꣄ꢭꣁꢦꣁꢜ꣄,கழல்
ꢲꢿꢜ꣄,கழற்று
ꢲꢾꢞꢶ ꢡꢵꢫ꣄,கழற்று
ꢣꢶꢥ꣄ꢥꢸ ꢙꢮꢵꢜ꣄,கழி
ꢩꢷꢜ꣄,கழி
ꢱꣁꢮ꣄ꢞꢶ,களை
ꢱꢷꢥ꣄ꢦꣁꢥ꣄ꢣꢶ,களை
ꢱꢶꢒ꣄ꢒꢵꢜ꣄,கற்பி
ꢣꢹꢡ꣄ ꢦꢷꢳ꣄,கற
ꢗꢸꢜ꣄ꢜꢸ ꢧꢷꢬ꣄ꢮꢶ,கறக்கு
ꢗꢸꢜ꣄ꢜꢸ ꢧꢷꢬ꣄,கறங்கு
ꢱꢵꢦꢥꣁ ꢣꢿ,கறுவு
ꢦꣁꢳ꣄ꢳꣁ ꢲꣂ,கனி
ꢒꢨꢵꢜ꣄,கா
ꢣꢾꢒ꣄ꢒꢵꢜ꣄,காட்டு
ꢦꢶꢬꢿꢮ꣄ ꢒꢿꢬ꣄,காதலி
ꢱꢸꢒ꣄ꢒꢶ ꢙꢵ,காய்
ꢡꢦ꣄ꢦꢶ ꢙꢵ,காய்
ꢒꢫ꣄ꢭꣁ ꢣꢾ,காய்
ꢡꢦꢵꢜ꣄,காய்ச்சு
ꢂꢨ꣄ꢨꢳ꣄ꢳꢿ,கிட்டு
ꢦꣁꢞ꣄ ꢬꢴꢵ,கிட
ꢥꢶꢖ꣄ꢙꢵꢜ꣄,கிடத்து
ꢓꢶꢠ꣄ꢓꢶꢠꢵꢜ꣄ ꢒꢪ꣄ꢦꢥꣁ ꢒꢿꢬ꣄,கிடுகிடு
ꢂꢨ꣄ꢨꢱ꣄ꢡꢶꢱꣁ ꢬꢴꢵ,கிடை
ꢒꢮ꣄ꢭꢶ,கிண்டு
ꢥꣁꢠ꣄ꢜꢶꢭꢶꢗꢵꢭ꣄,கிந்து
ꢚꢹꢬ꣄ ꢆꢜ꣄ꢗꢶꢭꢾ,கிரகி
ꢔ꣄ꢬꢲꢥꣁ ꢒꢿꢬ꣄,கிரகி
ꢩꢜ꣄ꢜꢶ ꢙꢵ,கிழி
ꢩꢵꢜ꣄,கிழி
ꢥꢶꢔꢶꢳꢵꢜ꣄,கிளப்பு
ꢥꢶꢔꢳ꣄,கிளம்பு
ꢒꢮ꣄ꢭꢶꢱꣂꢜ꣄,கிளறு
ꢯꢵꢓꣁ ꢱꣂꢜ꣄,கிளை
ꢣꣁꢱ꣄ꢒꣁ ꢗꢸꢜ꣄ꢜꢸ ꢧꢷꢬ꣄,கிறங்கு
ꢕꢶꢬ꣄ꢒꢶ,கிறுக்கு
ꢒꣁꢮ꣄ꢬꢶ,கீறு
ꢱꢾꢣ꣄ꢣꢸ ꢱꢨꣁ ꢒꢿꢬ꣄,குடுகுடு
ꢕꢸꢮꣁ ꢒꢿꢬ꣄,குடை
ꢮ꣄ꢫꢮꢱ꣄ꢢꣁ ꢥꢴꢷꢡ꣄ꢡꢶꢱꣁ ꢒꢿꢬ꣄,குணக்கு
ꢮ꣄ꢫꢮꢱ꣄ꢢꣁ ꢥꢴꢷꢡ꣄ꢡꢶꢱꣁ ꢲꣁ,குணங்கு
ꢃꢒꢬ꣄ꢰꢥꣁ ꢒꢿꢬ꣄,குணட்டு
ꢔꢸꢱꢸꢔꢸꢱꢸ ꢒꢿꢬ꣄,குணுகுணு
ꢔꢸꢣ꣄ꢣꢶ,குத்து
ꢗꢮꢶ ꢒꢵ,குதம்பு
ꢤꢸꢖ꣄ꢒꢶ,குதி
ꢒꢸꢰꢵꢭ꣄ ꢒꢿꢬ꣄,குதூகலி
ꢲꢳ꣄ꢳꢸ ꢔꢸꢣ꣄ꢣꢶ,கும்மு
ꢏꢔꢬꢶ ꢒꢿꢬ꣄,குமட்டு
ꢔꣂꢦꢸꢬ꣄ ꢒꢾꢬꢱ꣄ꢡꢾ,குமி
ꢪꣁꢥ꣄ꢥꢸꢪ꣄ ꢲꢸꢳꣁ ꢦꢾꢮ꣄ꢞꢫ ꢶꢬꢴꢵ,குமுறு
ꢭꢸꢪ꣄ꢦ꣄ꢶꢭꢿ,குமை
ꢭꢸꢪ꣄ꢦꢵꢜ꣄,குமை
ꢧꢸꢭꢵꢧꢸꢭꢶꢣꢾꢒ꣄ꢒꢵꢜ꣄,குரு
ꢱꣁꢥ꣄ꢡꣁꢰ꣄ ꢦꣁꢥ꣄ꢣꢶ,குலாவு
ꢒꢸꢣꢹꢲꢭ꣄ ꢦꣁꢥ꣄ꢣꢶ,குலாவு
ꢂꢭ꣄ꢮꢵꢜ꣄,குலுக்கு
ꢂꢭ꣄ꢭꢶ,குலுங்கு
ꢱꢪ꣄ꢪꢶꢯ꣄ꢬꢠꣁ ꢲꣁꢫ꣄ꢬꢴꢵ,குலை
ꢪꢸꢭ꣄ꢭ ꢧꢭ꣄ꢭꣁ ꢲꣁꢫ꣄ ꢬꢴꢵ,குலை
ꢒꢮ꣄ꢭꢫꢶ ꢬꢴꢵ,குலை
ꢪꢶꢱ꣄ꢬꢠꣁ ꢒꢿꢬ꣄,குலை
ꢪꢸꢭ꣄ꢭ ꢧꢭ꣄ꢭꣁ ꢒꢿꢬ꣄,குலை
ꢒꢮ꣄ꢭꢶ ꢡꢵꢫ꣄,குலை
ꢒꢸꢥꢪꢶꢖ꣄ꢗꢶꢫꢶ ꢬꢴꢵ,குவி
ꢒꢸꢪꢶꢖ꣄ꢗꢶ ꢢꣁꢮ꣄,குவி
ꢭꢸꢪ꣄ꢦꢶ,குழப்பு
ꢭꢸꢪ꣄ꢦꢫꢶ ꢬꢴꢵ,குழம்பு
ꢔꣁꢳꢔꣁꢳꢫꢶ ꢮꢡ꣄ꢡꣁ ꢒꢾꢬ꣄,குழறு
ꢦꣁꢭ꣄ꢭꢪ꣄ ꢦꣂꢜ꣄,குழி
ꢦꣁꢭ꣄ꢭꢪ꣄ ꢒꢾꢬ꣄,குழி
ꢦꣁꢭ꣄ꢭꢪ꣄ ꢒꣁꢮ꣄ꢬꢶ,குழி
ꢙꢾꢡ ꢗꢿꢬ꣄,குழுமு
ꢒꢮ꣄ꢭꢫꢶ ꢬꢴꢵ,குழை
ꢒꢮ꣄ꢭꢶ,குழை
ꢱ꣄ꢥꢵꢥ꣄ ꢒꢿꢬ꣄,குளி
ꢃꢖ꣄ꢔꢸ ꢤꢹꢮ꣄,குளி
ꢱꢶꢳ꣄ꢳꢦꣂꢜ꣄,குளிர்
ꢔꢸꢣ꣄ꢣꢶ,குற்று
ꢒꢸꢬ꣄ꢗꢶꢭꢾ,குறி
ꢥꢴꢥ꣄ꢥ ꢒꢿꢬ꣄,குறுக்கு
ꢆꢥ꣄ꢥꣁ ꢒꢿꢬ꣄,குறுக்கு
ꢥꢴꢥ꣄ꢥꢲꣁ,குறுகு
ꢪꣁꢥ꣄ꢥꢸꢪ꣄ꢒꢸꢱ꣄ꢒꢫꢶ ꢬꢴꢵ,குறுகுறு
ꢆꢥ꣄ꢥꣁ ꢲꣁꢫ꣄ꢬꢴꢵ,குறை
ꢆꢥ꣄ꢥꣁ ꢒꢿꢬ꣄,குறை
ꢏꢖ꣄ꢔꢶ,குனி
ꢏꢖ꣄ꢔꢵꢜ꣄,குனிய வை
ꢭꢵꢙ꣄,கூசு
ꢭꢵꢱ꣄,கூசு
ꢭꢙ꣄ꢙꣁ ꢦꣁꢥ꣄ꢣꢶ,கூசு
ꢗꢾꢬ꣄ꢗꢶ,கூட்டு
ꢗꢾꢬ꣄ꢭꢿ,கூடு
ꢲꢵꢡ꣄ ꢙꢾꢡ ꢗꢾꢬ꣄ꢗ꣄ꢗꢶ,கூப்பு
ꢬꢾꢗ꣄ꢗ ꢡꢵꢫ꣄,கூவு
ꢪꢿꢠ꣄,கூறு
ꢱꢖ꣄ꢔꢶ,கூறு
ꢏꢖ꣄ꢒꢶ,கூனு
ꢱ꣄ꢮꢦ꣄ꢬꢡꢵꢦ꣄ ꢒꢾꢬ꣄ꢭꢿ,கொக்கரி
ꢒꢾꢖ꣄ꢙꢶ,கெஞ்சு
ꢪꢔꢶꢭꢾ,கெஞ்சு
ꢥꢵꢯ꣄,கெடு
ꢥꢯꢥꣁ ꢲꣂ,கெடு
ꢙꢾꢔꢸꢖ꣄ꢗꢶ,கெல்லு
ꢙꢷꢔ꣄,கெல்லு
ꢨꢸꢱ꣄ꢒꢸꢜ꣄ꢜꢶ ꢬꣂꢜ꣄,கேவு
ꢎꢒꢶ,கேள்
ꢂꢪ꣄ꢨꢜ꣄ ꢬꢴꢵ,கை
ꢲꣁ,கை
ꢔꢸꢜ꣄ꢜꢸꢡꢵꢫ꣄,கொட்டு
ꢜꢖ꣄ꢒꢥꣁ ꢒꢿꢬ꣄,கொத்து
ꢒꣁꢡ꣄ꢡꢶ,கொத்து
ꢡꢦꢫꢶ ꢙꢵ,கொதி
ꢲꢸꢨ꣄ꢨꢶ,கொந்தளி
ꢱꢸꢙ꣄ꢙꢶ,கொந்தளி
ꢡꣂꢠꢸꢪ꣄ ꢔꣁꢳꣁ ꢒꢿꢬ꣄,கொப்பளி
ꢡꣂꢠ꣄ ꢔꣁꢳꣁ ꢒꢿꢬ꣄,கொப்பளி
ꢡꣂꢜ꣄,கொய்
ꢪꢵꢬ꣄,கொல்
ꢪꣁꢬꢵꢜ꣄,கொல்
ꢧꢖ꣄ꢔꢶꢜ꣄,கொழி/களை
ꢪꢥ꣄ꢣꣁ ꢗꢿꢜ꣄,கொழு
ꢢꣁꢮ꣄ꢭꢾ,கொள்
ꢩꣁꢬ꣄ꢮꢶ,கொளுத்து
ꢭꢔꢵꢜ꣄,கொளுத்து
ꢗꢵꢮ꣄,கொறி
ꢗꢾꢮ꣄ꢛ꣄ꢗꢶ,கொறி
ꢏꢬ꣄ꢦꢶ,கோது
ꢬꢵꢒ꣄ ꢂꢥ꣄ꢭꢾ,கோபி
ꢨꣁꢪ꣄,கோர்
ꢪꢔꢶꢭꢿ,கோரு
ꢪꢾꢥ꣄ꢭꢿ,கோரு
ꢒ꣄ꢰꢪꣁ ꢒꢾꢬ꣄ꢭꢿ,சகி
ꢗꢶꢜꢸꢗꢶꢞꢵꢜ꣄,சடசட
ꢯꢶꢡꢶꢭꢶ ꢙꢵ,சிதை
ꢗꢾꢣꢶꢭꢶꢙꢵ,சிதை
ꢣ꣄ꢒ꣄ꢒꢶ,சந்தி
ꢪꢷꢭ꣄,சந்தி
ꢱꢾꢥ꣄ꢣꢿꢮ꣄ꢦꣂꢜ꣄,சந்தேகி
ꢗꢵꢜ꣄,சப்பு
ꢚꢹꢬ꣄,சப்பு
ꢱꢨꢶꢖ꣄ꢗꢶ,சபி
ꢗꢵꢭ꣄,சம்பவி
ꢙꣁꢞꢸꢖ꣄ꢗꢶ,சம்பாதி
ꢣꢷ ꢗꢾꢬ꣄ꢗꢶ,சமர்ப்பி
ꢤꢞ꣄ꢞꢿ,சமர்ப்பி
ꢥꢶꢬ꣄ꢮꢵꢲ꣄ ꢒꢿꢬ꣄,சமாளி
ꢱꢛ꣄ꢗꢵꢭꢥꣁ ꢒꢿꢬ꣄,சமாளி
ꢭꢾꢔꢸꢡ꣄ꢡꣁ ꢙꢵ,சமீபி
ꢭꢥ꣄ꢣꢶ,சமீபி
ꢗꢵꢭ꣄ꢲꣁ,சமை
ꢬꢸꢡꢸꢲꣁ,சமை
ꢲꢥ꣄ꢣꢶ,சமை
ꢏꢠ꣄ꢜ꣄ꢫꢦꣁꢔꢸꢪ꣄ ꢏꢖ꣄ꢔꢶ,சரி
ꢏꢠ꣄ꢜ꣄ꢫꢦꣂꢔꢸꢪ꣄ ꢏꢖ꣄ꢔꢵꢜ꣄,சரி
ꢚꢶꢬ꣄ꢒꢶ,சருக்கு
ꢒꣁꢛ꣄ꢗꢶꢥ ꢶꢮꢗꢥ꣄ ꢒꢿꢬ꣄,சல்லாபி
ꢱꢭ꣄ꢭꢵꢦꢸ ꢮꢗꢥ꣄ ꢒꢿꢬ꣄,சல்லாபி
ꢱꢶꢥꢫꢶ ꢙꢵ,சலி
ꢚꢶꢬ꣄ꢒꢶ ꢦꣂꢜ꣄,சறுக்கு
ꢗꢸꢒ꣄ꢱꢖ꣄ꢔꢶ,சாட்டு
ꢣꣂꢰ ꢃꢬꣂꢦꢠꣁ,சாட்டு
ꢚꢵꢫ꣄,சாத்து
ꢱ꣄ꢢꢶꢬꣁ ꢒꢿꢬ꣄,சாதி
ꢦꣂꢒ꣄ ꢏꢖBꢔꢶ,சாய்
ꢦꣂꢒ꣄ ꢏꢖBꢔꢵꢜ꣄,சாய்
ꢥꣁꢪ꣄ꢪꢶꢭꢶ ꢬꢴꢵ,சார்
ꢏꢬ꣄ꢔꢵꢜ꣄,சார்த்து
ꢒꢳꢵꢜ꣄,சாற்று
ꢦ꣄ꢬꢒꢜꢥꣁ ꢒꢿꢬ꣄,சாற்று
ꢱꢪ꣄ꢜꢶꢥꢶ ꢦꣂꢜ꣄,சிக்கு
ꢱꢪ꣄ꢜꢶ,சிக்கு
ꢬꢵꢒ꣄ ꢣꢾꢒ꣄ꢒꢵꢜ꣄,சிடு
ꢪꣁꢠ꣄ꢔꢵꢜ꣄,சிணுக்கு
ꢲꢵꢮꢩꢵꢮ꣄ ꢒꢿꢬ꣄,சிணுக்கு
ꢪꣁꢠ꣄ꢔꢶ,சிணுங்கு
ꢬꢹꢦ꣄ꢒꢾꢬ꣄,சித்திரி
ꢗꢶꢡ꣄ꢡꢬ꣄ ꢒꢿꢬ꣄,சித்திரி
ꢂꢨ꣄ꢨꢞ꣄ꢭꢿ ꢂꢨꢞ꣄ꢭꢿ,சித்தி
ꢗꢾꢣꢸꢬ꣄,சிதறு
ꢮꢶꢒꢷꢬ꣄ꢠꢸ ꢲꣁꢫ꣄ ꢙꢵ,சிதறு
ꢗꢾꢣꢸꢬꢵꢜ꣄,சிதற வை
ꢮꢶꢒꢷꢬ꣄ꢠꢸ ꢒꢾꢬ꣄,சிதற வை
ꢥꢾꢱ꣄ꢒꢶ,சிதை
ꢫꣂꢱꢥꣁ ꢒꢿꢬ꣄,சிந்தி
ꢭꢸꢗ꣄ꢗꢵꢜ꣄,சிந்து
ꢪꢶꢱ꣄ꢒꢶ,சிமிட்டு
ꢗꢶꢬꢵꢫ꣄ꢥꢶ ꢦꣂꢜ꣄,சிராய்
ꢲꢵꢱ꣄,சிரி
ꢱꣁꢮ꣄ꢬꢪ꣄ ꢒꢾꢬ꣄,சிரை
ꢬꣂꢪꢵꢛ꣄ꢗꣁ ꢲꣁꢫ꣄ꢭꢿ,சிலிர்
ꢡꣁꢠꣁ ꢡꣁꢠꣁ ꢒꢿꢬ꣄,சிலுப்பு
ꢭꢴꣁꢮꣁ ꢦꣂꢜ꣄,சிவ
ꢥꢴꢥ꣄ꢥ ꢲꣂ,சிறு
ꢬꢵꢒ꣄ ꢂꢮꢵꢜ꣄,சீண்டு
ꢆꢱ꣄ꢦꢶ ꢱꣂꢜ꣄,சீண்டு
ꢔꢮ꣄ꢖ꣄ꢗꢶ,சீந்து
ꢙꢷꢬ꣄ꢠꢸꢒꢿꢬ꣄,சீரணி
ꢪꣁꢥꣁ ꢒꢿꢬ꣄,சீவு
ꢬꢵꢒ꣄ ꢂꢮꢞꢳꢿ,சீறு
ꢔꢸꢬ꣄ꢡꢸ ꢒꢳꢵꢜ꣄,சுட்டு
ꢩꢸꢛ꣄ꢙꢶ,சுடு
ꢭꢵꢮ꣄,சுடு
ꢪꢶꢜ꣄ꢜꢶ,சுண்டு
ꢦꢱ꣄ꢡꣁꢒ꣄ꢒꢶ,சுணக்கு
ꢯꢸꢣ꣄ꢣꢶ ꢒꢿꢬ꣄,சுத்திகரி
ꢡꢸꢒ꣄ꢒꢶ,சும
ꢮꢵꢮ꣄,சும
ꢡꢸꢒ꣄ꢒꢵꢜ꣄,சுமத்து
ꢒꣁꢮ꣄ꢬꢶ,சுரண்டு
ꢒꢸꢖ꣄ꢒꢶ,சுருக்கு
ꢂꢒ꣄ꢒꢸꢬꣁꢒꢿꢬ꣄,சுருக்கு
ꢒꢸꢖ꣄ꢔꢫꢶ ꢙꢵ,சுருங்கு
ꢂꢒ꣄ꢒꢸꢬꣁ ꢲꣁ,சுருங்கு
ꢂꢮ꣄ꢱꢬ꣄ ꢦꣁꢜ꣄,சுருசுரு
ꢔꢸꢮ꣄ꢠꢶ,சுருட்டு
ꢔꣁꢳꣁ ꢒꢿꢬ꣄,சுருட்டு
ꢔꢸꢠ꣄ꢮꢫꢶ ꢬꢴꢵ,சுருள்டு
ꢔꣁꢳꣁ ꢲꣁꢫ ꣄ꢬꢴꢵ,சுருள்டு
ꢯ꣄꣄ꢮꢵꢱꣁ ꢒꢿꢬ꣄,சுவாசி
ꢬꢸꢗ꣄ꢗꢶ ꢱꢵ,சுவை
ꢧꢷꢬ꣄,சுழல்
ꢧꢶꢬ꣄ꢮꢶꢶ,சுழற்று
ꢧꢶꢬꢵꢜ꣄,சுழற்று
ꢅꢠ꣄ꢒꢶ,சுளுக்கு
ꢲꢶꢠ꣄ꢞꢶ,சுற்று
ꢗꢸꢜ꣄ꢜꢸ ꢧꢷꢬ꣄,சுற்று
ꢒꣁꢮ꣄ꢬꢶ,சுறண்டு
ꢒ꣄ꢬꢷꢜꢶ ꢕꢵꢭ꣄,சூட்டு
ꢕꢵꢭ꣄,சூடு
ꢗꢾꢮꢸꢛ꣄ꢗꢶ,சூப்பு
ꢥꢴꢵꢥ꣄ ꢲꣁ,சூம்பு
ꢗꢸꢜ꣄ꢜꢸꢬ꣄ ꢬꢴꢵ,சூழ்
ꢗꢾꢒ꣄ꢒꢶ,செத்து
ꢟꢖ꣄ꢒꢶ,செதுக்கு
ꢥꢵꢪ ꢙꢦꣁ ꢒꢿꢬ꣄,செபி
ꢦ꣄ꢬꢵꢬ꣄ꢢꢥꣁ ꢒꢿꢬ꣄,செபி
ꢙꢷꢬ꣄ꢠꢸꢲꣁ,செமி
ꢒꢿꢬ꣄,செய்
ꢙꢶꢬ꣄ꢪꢵꢥ꣄ ꢲꣂ,செரி
ꢡꢸꢬꢵꢜ꣄,செருகு
ꢕꢞꢶ ꢒꣁꢮ꣄ꢬꢶ,செருமு
ꢙꢮꢵꢜ꣄,செலுத்து
ꢤꢪꢵꢜ꣄,செலுத்து
ꢗꢸꢨꢶꢜ꣄ꢗꢸ ꢦꣁꢥ꣄ꢣꢶ,செழி
ꢗꢾꢬ꣄ꢗꢶ,கேகரி
ꢆꢬꢵꢮ꣄ ꢒꢿꢬ꣄,சேமி
ꢙꢷꢗꢿꢬ꣄,சேர்
ꢗꢾꢬ꣄ꢗꢶ,சேர்
ꢦꢵꢄꢪ꣄ꢦꣁꢜ꣄,சேவி
ꢪꢾꢖ꣄ꢔꢶ,சொக்கு
ꢨꣁꢜ꣄ꢜꢸ ꢦꣂꢜ꣄,சொட்டு
ꢗꢶꢞꢸꢒ꣄ꢒꢸ ꢡꢵꢫ꣄,சொடக்கு
ꢧꢸꢭꢸ ꢦꣁꢮ꣄ꢱ꣄ꢦꣂꢜ꣄,சொரி
ꢡꢸꢬꢵꢜ꣄,சொருகு
ꢡꢾꢜ꣄ꢜꢸ ꢪꢸꢜ꣄ꢜꢶ,தடுமாறு
ꢡꢾꢠ꣄ꢞꢥꣁ ꢣꢿ,தண்டி
ꢂꢠ꣄ꢗꢫꢶ ꢬꢴꢵ,தணி
ꢂꢠ꣄ꢗꢶ,தணி
ꢡꢾꢡ꣄ꢡꢳꢶꢛ꣄ꢗꢶ,தத்தளி
ꢡꢾꢭ꣄ꢒꢶ,ததும்பு
ꢡꣁꢨꢸꢛ꣄ꢗꢵꢜ꣄,தப்பி
ꢡꣁꢨꢸꢛ꣄ꢗꢶ,தப்பு
ꢦꢥ꣄ꢪꢭ꣄ꢒꢾ ꢦꣂꢜ꣄,தயங்கு
ꢣꢬ꣄ꢰꢠꣁ ꢒꢿꢬ꣄,தரிசி
ꢮꢶꢮꢵꢡ꣄ ꢒꢿꢬ꣄,தருக்கி
ꢨꣁꢮꢥ꣄ ꢤꢜ꣄ꢞꢾ,தருவி
ꢕꣁꢠꢖ꣄ꢒꣁꢠꢵꢫ꣄ ꢒꢿꢬ꣄,தவழ்
ꢏꢞ꣄ꢙꢵ,தவறு
ꢂꢭ꣄ꢭꢵꢜ꣄,தவி
ꢥꢴꢷꢡ꣄ꢡꣁ ꢲꣁꢮꢵꢜ꣄,தவிர்
ꢔꣁꢳ ꢔꣁꢳꢵꢜ꣄,தழுதழு
ꢙꣁꢭꢶꢛ꣄ꢗꢶ,சொலி
ꢓꢮ꣄ꢙꢶ,சொறி
ꢦꢬꢷꢒ꣄ꢰꣁ ꢒꢿꢬ꣄,சோதி
ꢗꣁꢒ꣄ꢒꢜ꣄ ꢲꣁ,சோபி
ꢯꢷꢥ꣄ ꢭꢒꢫ꣄ꢭꢾ,சோர்
ꢧꢸꢜ꣄ꢜꢶ ꢦꣂꢜ꣄,தகர்
ꢤ꣄ꢮꢪ꣄ꢯꢸ ꢲꣂ,தகர்
ꢩꣁꢞꢶꢡꢵꢫ꣄,தகர்
ꢩꣁꢔ ꢩꣁꢔꢫꢶ ꢬꢴꢵ,தகி
ꢡꢦꢫꢶ ꢬꢴꢵ,தகி
ꢬꢴꢷꢭꢿ,தங்கு
ꢬꢴꢾꢫ꣄ꢭꢿ,தங்கு
ꢬꢴꢵ,தங்கு
ꢡꢾꢜ꣄ꢜꢶ,தட்டு
ꢭꢵꢮ꣄,தடவு
ꢧꢸꢔ꣄ꢔꢶ,தடி
ꢂꢮ꣄ꢞꣂꢦꣁꢜ꣄,தடு
ꢲꢶꢨ꣄ꢨꢵꢞ꣄,தடு
ꢡꢾꢭ꣄ꢒꢫꢶ ꢙꢵ,தளும்பு
ꢒꢨꢶꢭꢿ,தழுவு
ꢃꢭꢶꢖ꣄ꢔꢥꣁ ꢒꢿꢬ꣄,தழுவு
ꢦꣁꢜꢭꢶ ꢩꢥ꣄ꢣꢶꢭꢿ,தழுவு
ꢗꢸꢨꢶꢜ꣄ꢗꢸꢒꢥ꣄ ꢬꢴꢵ,தழை
ꢙꣁꢭꢶꢛ꣄ꢗꢶ,தளதள
ꢤꢶꢭ꣄ꢭꣁ ꢦꣂꢜ꣄,தளர்
ꢤꢶꢭ꣄ꢭꣁ ꢒꢿꢬ꣄,தளர்த்து
ꢗꢶꢒꢸꢥ꣄,தளிர்
ꢪꢸꢒꢸꢬ꣄,தளிர்
ꢗꢾꢒ꣄ꢒꢶ,தறி
ꢏꢠ꣄ꢜꢶꢒꢥ꣄ ꢬꢴꢵ,தனி
ꢲꢵꢥ꣄,தாக்கு
ꢕꢵꢪ꣄ ꢡꢵꢫ꣄,தாக்கு
ꢃꢒ꣄ꢬꢪꢥꣁ ꢒꢿꢬ꣄,தாக்கு
ꢱꢮꢥ꣄ꢒꢾꢬ꣄ꢭꢿ,தாங்கு
ꢮꢲꢶꢭꢾ,தாங்கு
ꢬꢴꢒ꣄ꢒꢶ,தாமசி
ꢡꢪꢱ꣄ꢒꢿꢬ꣄,தாமசி
ꢱ꣄ꢢꢶꢬꣁ ꢒꢿꢬ꣄,தாமசி
ꢡꢪꢱ꣄ꢒꢿꢬ꣄,தாமதி
ꢆꢭ꣄ꢭꢖ꣄ꢔꢶ,தாவு
ꢚꢵꢖ꣄ꢔꢶ,தாவு
ꢓꢵꢭ꣄ꢙꢵ,தாழ்
ꢓꢵꢭ꣄ꢒꢿꢬ꣄,தாழ்த்து
ꢧꣁꢠ꣄ꢠꢶ ꢣꢾ,தாளி
ꢡꢶꢒ꣄ꢒꢶ ꢮꢡ꣄ꢡꣁ ꢒꢿꢬ꣄,திக்கு
ꢓ꣄ꢫꢵꢣꢶ ꢦꣁꢥ꣄ꢣꢶ,திகழ்
ꢒꢷꢬ꣄ꢡꢶ ꢦꣁꢥ꣄ꢣꢶ,திகழ்
ꢨꢾꢣꢶꢬ꣄,திகை
ꢔꢵꢭ꣄ꢞꢾ,திட்டு
ꢨꢾꢣꢶꢬ꣄,திடுக்கிடு
ꢂꢭ ꣄ꢦꣁꢥ꣄ꢣꢶ,திண்டாடு
ꢲꢸꢨ꣄ꢨꢱ꣄,திணறு
ꢡꢶꢠ꣄ꢗꢶ,திணி
ꢩꣁꢬ꣄ꢮꢶ,திணி
ꢔꢸꢳ꣄ꢳꢾ ꢲꢵꣂ,தித்தி
ꢧꢶꢬ꣄ꢮꢶ,திருப்பு
ꢧꢶꢬ꣄,திரும்பு
ꢤ꣄ꢫꢥ꣄ ꢒꢿꢬ꣄꣄,தியானி
ꢐꢒ꣄ ꢒꢿꢬ꣄,திரட்டு
ꢙꢾꢡꣁ ꢒꢿꢬ꣄,திரட்டு
ꢔꢸꢪ꣄ꢦꢶ,திரட்டு
ꢦꢷꢳ꣄,திரி
ꢱꢾꢬ꣄ꢒꣁ ꢒꢿꢬ꣄,திருத்து
ꢱꢾꢬ꣄ꢒꣁ ꢲꣂ,திருந்து
ꢱꣁꢪ꣄ꢦꢶ,திளை
ꢱꢥ꣄ꢡꢸꢰ꣄ꢜꢶ,திளை
ꢲꢸꢔꢸꢞ꣄,திற
ꢓꢵ,தின்
ꢗꢶꢡ꣄ꢬꢸ ꢒꢿꢬ꣄,தீட்டு
ꢤꢿꢬ꣄,தீண்டு
ꢙꢭꢵꢜ꣄,தீய
ꢡꢶꢬꢫꢶ ꢙꢵ,தீர்
ꢡꢶꢬ꣄ꢗꢶ,தீர்
ꢡꢶꢬ꣄ꢪꢵꢥ꣄ ꢒꢾꢬ꣄,தீர்மானி
ꢪꢾꢬ꣄ꢦꢸꢭ꣄ ꢒꢿꢬ꣄,தீற்று
ꢥꢶꢛ꣄ꢗꢶ,துஞ்சு
ꢲꣁꢖ꣄ꢔꢸ ꢂꢮꢞ꣄ꢳꢿ,துஞ்சு
ꢲꢬꢸꢪ꣄ꢨꢪ꣄ꢒꢾꢬ꣄,துடக்கு
ꢲꢬꢸꢪ꣄ꢨꢪ꣄ ꢲꣂ,துடங்கு
ꢔꢸꢠ꣄ꢞꢾ ꢲꢭ꣄ꢭꢶ,துடி
ꢦꣁꢱ꣄,துடை
ꢒꢸꢜ꣄ꢒꣁ ꢒꢾꢬ꣄,துண்டி
ꢤꣀꢬ꣄ꢫꢸ ꢦꣁꢥ꣄ꢣꢶ,துணி
ꢥꢹꢮ꣄,துதி
ꢯ꣄꣄ꢭꢵꢕꢠꣁ ꢒꢿꢬ꣄,துதி
ꢢꢹꢮ꣄,துப்பு
ꢱꢶꢔꢶꢬ꣄,தும்மு
ꢡꢾꢬ꣄ꢪꢶ,துரத்து
ꢤꢪꢵꢜ꣄,துரத்து
ꢩꢬꢵꢜ꣄ ꢂꢮꢵꢜ꣄,துருத்து
ꢡꢸꢬ꣄ꢒꢶ,துருவு
ꢪꢛ꣄ꢙꢶ,துலக்கு
ꢯꣂꢩꢠꣁꢲꣁ,துலங்கு
ꢔꢸꢛ꣄ꢙꢶ,துவை
ꢡꢾꢮ꣄ꢞꢶ,துழாவு
ꢗꢶꢔꢸꢬ꣄ꢱꣂꢜ꣄,துளிர்
ꢦꢸꢜ꣄ꢜꣁ ꢒꢿꢬ꣄,துளை
ꢱꣁꢞ꣄ꢞꢶ ꢙꢵ,துற
ꢗꢾꢞ꣄ꢮꢶ,தூண்டு
ꢦꣁꢱ꣄,தூர்
ꢗꢶꢭꢶꢛ꣄ꢗꢶ,தூவு
ꢗꢶꢖ꣄ꢒꢸꢭ꣄ ꢦꣂꢜ꣄,தூறு
ꢫꢵꢗꢠꣁ ꢒꢿꢬ꣄,தெண்டு
ꢙꢥ꣄ꢭꢿ,தெரி
ꢒꢳꢵꢜ꣄,தெரிவி
ꢡꢵꢠ꣄ꢲꢵꢥ꣄,தெவிட்டு
ꢡꢾꢭꢶꢮ꣄ ꢲꣂ,தெள்ளு
ꢗꢶꢭꢶꢛ꣄ꢗꢾ,தெளி
ꢯꢶꢔꢶꢬ꣄,தெளி
ꢗꢾꢣꢶꢬꢶ,தெறி
ꢲꢶꢨ꣄ꢨꢵꢜ꣄,தேக்கு
ꢲꢶꢨ꣄ꢨꢶ,தேங்கு
ꢮꢾꢒ꣄ꢒꢶ,தேடு
ꢪꢹꢔꢶ,தேடு
ꢒꢸꢖ꣄ꢒꢶ,தேம்பு
ꢣꢶꢙꢫꢶꢙꢵ,தேய்
ꢔꢿꢱ꣄,தேய்
ꢣꣀꢬ꣄ꢫꢸ ꢣꢾ,தேற்று
ꢙꢾꢡꣁ ꢗꢾꢬ꣄ꢗꢶ,தொகு
ꢙꢾꢡꣁꢪꢳꢵꢞ꣄,தொகு
ꢭꣁꢪ꣄ꢨꢶ,தொங்கு
ꢡꣂꢬ꣄,தொடர்
ꢲꢵꢜ꣄,தொடு
ꢂꢞ꣄ꢞꢪ꣄ꢮꢡ꣄ꢡꣁ ꢒꢿꢬ꣄,தொணதொண
ꢢꢾꢭ꣄ꢭꢶ ꢭꣁꢪ꣄ꢨꢶ,தொத்து
ꢤꢶꢭ꣄ꢭꣁ ꢱꣁꢜ꣄,தொய்
ꢱꣂꢭ꣄,தொலி
ꢔꢪ꣄ꢞꢫꢶ ꢙꢵ,தொலை
ꢦꢾꢬꢪ꣄ꢨꢪ꣄ ꢲꣁꢫ꣄ ꢙꢵ,தொலை
ꢔꢪ꣄ꢞꢵꢜ꣄,தொலை
ꢥꢵꢪ꣄,தொழு
ꢭꢔꢶꢤꢾꢬ꣄,தொற்று
ꢤꢾꢬꢶꢭꢵꢔꢶ,தொற்று
ꢱꢨ꣄ꢣꢸꢒꢿꢬ꣄,தொனி
ꢏꢭ꣄ꢭꣁ ꢒꢿꢬ꣄,தோய்
ꢨꢶꢙ꣄ꢮꢵꢞ꣄,தோய்
ꢏꢞꢶ ꢙꢵ,தோல்
ꢱꢵꢪꢸꢬ꣄ ꢃꢮ꣄,தோன்று
ꢭꢵꢔ꣄,தோன்று
ꢗꢵꢜ꣄,நக்கு
ꢏꢡ꣄ꢡꢵꢜ꣄,நகட்டு
ꢲꢭ꣄ꢭꢶ,நகர்
ꢲꢭ꣄ꢭꢫꢶ ꢙꢵ,நகர்
ꢲꢭ꣄ꢭꢵꢞ꣄,நகர்த்து
ꢲꢷꢥ꣄ ꢲꣁꢫ꣄ꢙꢵ,நசி
ꢲꢷꢥ꣄ ꢒꢿꢬ꣄,நசி
ꢩꢶꢬꢸꢜ꣄,நசுக்கு
ꢥꢾꢱ꣄ꢒꢫꢶ ꢙꢵ,நசுங்கு
ꢩꢶꢬꢸꢞꢫꢶ ꢙꢵ,நசுங்கு
ꢱꣁꢣꢱꣁꢣꢫꢶ ꢙꢵ,நசுநசு
ꢗꢵꢭ꣄,நட
ꢗꢭꢵꢜ꣄,நடத்து
ꢂꢩꢶꢥꢫꣁ ꢒꢿꢬ꣄,நடி
ꢕꢵꢭ꣄,நடு
ꢏꢠ꣄ꢒꢶ,நடுங்கு
ꢥꣁꢪ꣄ꢪꢶ,நம்பு
ꢩꢶꢠ꣄ꢞꢶ,நம்பு
ꢥꢵꢪ꣄,நமஸ்கரி
ꢓꢵꢭ꣄,நமை
ꢧꢠ꣄ꢜꣁ ꢲꣁꢫ꣄ꢙꢵ,நரை
ꢗꢶꢒ꣄ꢒꢫꢶ ꢙꢵ,நலி
ꢚꢶꢬ꣄ꢒꢫꢶ ꢙꢵ,நழுவு
ꢨꢶꢙ꣄ꢮꢫꢶꢙꢵ,நனை
ꢨꢶꢙ꣄ꢮꢶ,நனை
ꢔꢵꢜ꣄,நாட்டு
ꢦ꣄ꢬꢿꢮ꣄ ꢦꣂꢜ꣄,நாடு
ꢭꢵꢙ꣄ ꢦꣁꢥ꣄ꢣꢶ,நாணு
ꢕꢠꢵꢜ꣄,நாற்று/ நாற வை
ꢕꢠꢫꢶ ꢙꢵ,நாறு
ꢥꢶꢯ꣄ꢒꢠꣁ ꢒꢿꢬ꣄,நிச்சயி
ꢱ꣄ꢢ꣄ꢬꣁ ꢦꣁꢥ꣄ꢣꢶ ꢒꢿꢬ꣄,நிதானி
ꢔꢵꢳ꣄ꢞꢿ,நிந்தி
ꢲꢶꢨ꣄ꢨꢵꢜ꣄,நிப்பாட்டு
ꢗꢶꢪ꣄ꢜꢶ,நிமிட்டு
ꢥꢶꢡ꣄ꢡꣁ ꢬꢴꢵ,நிமிர்
ꢥꢶꢡ꣄ꢡꣁꢒꢿꢬ꣄,நிமிர்த்து
ꢥ꣄ꢫꢪꢥꣁ ꢒꢿꢬ꣄,நியமி
ꢥꢶꢬ꣄ꢠꢫꣁ ꢒꢿꢬ꣄,நிர்ணயி
ꢥꢶꢬ꣄ꢮꢵꢲ꣄ ꢒꢿꢬ꣄,நிர்வகி
ꢮꢶꢜ꣄ꢜꢫꢶ ꢙꢵ,நீர்
ꢦꣁꢱ ꢦꣁꢱꢫꢶ ꢙꢵ,நீர்
ꢡꢾꢮ꣄ꢞꢶ,நீவு
ꢭꢵꢪ꣄ꢒꢥꢶ ꢬꢴꢵ,நீள்
ꢙꢳꢷꢬꢵꢒ꣄ ꢒꢿꢬ꣄,நீற்று
ꢬꢵꢒ꣄ ꢲꣁꢫ꣄ ꢙꢵ,நீறு
ꢲꢸꢖ꣄ꢔꢶ ꢱꢵ,நுகர்
ꢂꢥꢸꢩꢮ꣄ ꢒꢿꢬ꣄,நுகர்
ꢂꢥꢸꢩꢮꢶ,நுகர்
ꢩꢸꢬ꣄ꢒꣁꢒꢿꢬ꣄,நுணுக்கு
ꢱꢹꢒ꣄ꢯꢪꣁꢒꢥꢶ ꢬꢴꢵ,நுணுகு
ꢩꢸꢬ꣄ꢒꣁ ꢲꣁꢫ꣄ꢙꢵ,நுணுங்கு
ꢨꢸꢱꢸꢪ꣄ ꢨꢸꢬꢸꢞꣁ ꢲꣂ,நுரை
ꢡꢹꢬ꣄,நுழை
ꢨ꣄ꢬꢮꢿꢯ꣄꣄ ꢒꢿꢬ꣄,நுழை
ꢡꢸꢬꢵꢜ꣄,நுழை
ꢦ꣄ꢬꢮꢿꢯ꣄ ꢒꢾꢬꢵꢜ꣄,நுழை
ꢒꢵꢡ꣄,நூல்
ꢡꢮꢫꢶ ꢮꢔꢸꢠ꣄ꢜꣁ ꢲꣂ,நெகிழ்
ꢮꢷꢥ꣄,நெய்
ꢡꢾꢮ꣄ꢞꢶ,நெரடு
ꢦꢶꢱ꣄ꢒꢫꢶ ꢙꢵ,நெரி
ꢦꢶꢱ꣄ꢒꢶ,நெருக்கு
ꢩꣁꢬ꣄ꢮꢵꢜ꣄,நிரப்பு
ꢩꣁꢬ꣄ꢮꢫꢶ ꢬꢴꢵ,நிரம்பு
ꢣꣁꢨ꣄ꢨꢶ,நிராகரி
ꢥꢶꢬꢵꢒꢿꢬ꣄,நிராகரி
ꢥꢶꢬꢵꢒꢬꢠꣁ ꢒꢿꢬ꣄,நிராகரி
ꢬꢸꢙꢸꢒꢿꢬ꣄,நிரூபி
ꢲꢶꢨ꣄ꢨꢶ,நில்
ꢬꢴꢵ:,நிலவு
ꢱ꣄ꢡꢵꢦꢥꣁ ꢲꣁꢫ꣄ ꢬꢴꢵ,நிலை
ꢥ꣄ꢬꢹꢦꢠꣁ ꢲꣁꢫ꣄ ꢬꢴꢵ,நிலை
ꢲꢜ꣄ꢮꢶ,நினை
ꢪꣁꢬꢶ ꢙꢵ,நீ
ꢲꢶꢜ꣄ꢜꢫꢶ ꢙꢵ,நீங்கு
ꢅꢣꣁꢓꢵꢳ꣄,நீந்து
ꢆꢞ꣄ꢗꢶ,நீட்டு
ꢭꢪ꣄ꢨꢸꢒꢾꢬ꣄,நீட்டு
ꢦ꣄ꢬꢿꢮ꣄ ꢒꢿꢬ꣄,நேசி
ꢲꣂ,நேர்
ꢙꢷꢬ꣄ꢠꢸ ꢲꣁꢫ꣄ꢙꢵ,நை
ꢄꢡ꣄ꢡꢶ ꢙꢵ,நை
ꢮꢔꢶꢠ꣄ꢞꢶꢭꢶ ꢗꢵꢭ꣄,நொண்டு
ꢔꢸꢣ꣄ꢣꢶ ꢧꣁꢜ꣄,நொறுக்கு
ꢲꢥꢶ ꢧꣁꢜ꣄,நொறுக்கு
ꢩꢸꢬ꣄ꢒꣁ ꢲꣂ,நொறுங்கு
ꢣꢸꢮ꣄ꢥꣁ ꢭꢵꢔ꣄,நோ
ꢱꢵ,நோக்கு
ꢒꣁꢮ꣄ꢬꢶ,நோண்டு
ꢡꢦꢱ꣄ꢒꢾꢬ꣄,நோன்
ꢨꢲꢶꢱ꣄ꢒꢵꢬ꣄ ꢒꢿꢬ꣄,பகிஷ்கரி
ꢩꢵꢔ꣄ꢒꢿꢬ꣄,பகு
ꢮꢶꢬꣁꢤ꣄ꢒꢿꢬ꣄,பகை
ꢦ꣄ꢬꢿꢮꢸꢬ꣄ ꢮꢶꢣꢶ ꢪꣂꢱ꣄ ꢒꢿꢬ꣄,பசப்பு
ꢪꢫꢵꢭ꣄ꢒꢥꢶ ꢪꣂꢱ꣄ ꢒꢿꢬ꣄,பசப்பு
ꢪꢫꢵꢭ꣄ ꢒꢾꢬꢶ ꢪꣂꢱ꣄ ꢒꢿꢬ꣄,பசப்பு
ꢩꢹꢒ꣄ꢭꢔꢫꢶ ꢬꢴꢵ,பசி
ꢤꢪꢵꢤꢵꢪꢸꢬ꣄ ꢬꢴꢵ,படபட
ꢦꢾꢬ꣄ꢦꢫꢶ ꢬꢴꢵ,படர்
ꢥꢶꢭ꣄ꢗꢫꢶꢬꢴꢵ,படி
ꢗꢾꢮ꣄ꢣꢶ,படி
ꢥꢶꢛ꣄ꢙꢶ,படு
ꢯꢫꢥꣁ ꢒꢿꢬ꣄,படு
ꢕꢵꢭ꣄,படை
ꢒꢾꢬ꣄,பண்ணு
ꢃꢙ꣄ꢛꣁ ꢣꢿ,பணி
ꢃꢙ꣄ꢛꣁ ꢦꢵꢭꢥꣁ ꢒꢿꢬ꣄,பணி
ꢃꢙ꣄ꢛꣁ ꢤꢵꢥꢸ ꢗꢵꢭ꣄,பணி
ꢨꢾꢣꢸꢬ꣄,பதறு
ꢥꢶꢪ꣄ꢦꢫꢶ ꢙꢵ,பதி
ꢦꢛ꣄ꢙꢷꢒꢬꢠꣁ ꢲꣂ,பதி
ꢥꢶꢪ꣄ꢦꢶ,பதி
ꢦꢛ꣄ꢙꢷꢒꢬꢠꣁ ꢒꢿꢬ꣄,பதி
ꢭꢸꢒ꣄ꢒꢵꢜ꣄,பதுக்கு
ꢭꢸꢒ꣄ꢒꢶꢭꢶ ꢬꢴꢵ,பதுங்கு
ꢂꢭ꣄ꢭꢵꢜ꣄,பதை
ꢦꢱ꣄ꢒꢜ꣄ ꢓꢵꢜ꣄,பம்மு
ꢤꢒ꣄ꢒꢶ ꢬꢴꢵ,பய
ꢗꢾꢮ꣄ꢣꢶ,பயில்
ꢅꢔ꣄,பயில்
ꢗꢾꢮ꣄ꢣꢵꢜ꣄,பயிற்று
ꢄꢔꢵꢜ꣄,பயிற்று
ꢂꢭ꣄ꢭꢵꢞꢸꢪ꣄ ꢬꢴꢵ,பரபர
ꢦꢵꢭꢥꣁ ꢒꢿꢬ꣄,பராமரி
ꢆꢒ꣄ꢒꢶ,பறி
ꢚꢾꢭ꣄ꢦꢶ,பறி
ꢱꣂꢤꢥꣁ ꢒꢿꢬ꣄,பரிசோதி
ꢂꢭ꣄ꢭꢵꢜ꣄,பரிதவி
ꢦꢬꢶꢦꢵꢭꢥꣁ ꢒꢿꢬ꣄,பரிபாலி
ꢮꢱ꣄ꢥꣁ ꢣꢿꢱ꣄ꢡꢶ ꢱꣁ ꢲꣁ,பரிமளி
ꢲꣁꢞ꣄ꢮꢶ,பரிமாறு
ꢣꢾꢳ꣄꣄ꢒꣁ ꢦꣂꢜ꣄,பரு
ꢨꢿ,பருகு
ꢗꢾꢜ꣄ꢮꢫꢶ ꢬꢴꢵ,பல்கு
ꢮꢿꢥ꣄ ꢲꣂ ꢚꢸꢒ꣄ꢒꢸ ꢲꣂ,பல்கு
ꢦꢭꢶꢛ꣄ꢗꢶ,பலி
ꢮꢜ꣄ꢒꢾ ꢒꢿꢬ꣄,பழக்கு
ꢦꣁꢳ꣄ꢔꢶ,பழகு
ꢦꣁꢬꣁ ꢕꢵꢭ꣄,பழி
ꢗꢹꢒ꣄ ꢱꢖ꣄ꢔꢶ,பழி
ꢚꣂꢭꢶꢛ꣄ꢗꢶ,பளபள
ꢤꢾꢬ꣄꣄ꢭꢾ,பற்று
ꢲꢸꢞ꣄,பற
ꢦ꣄ꢬꢒꢜꢥꣁ ꢒꢿꢬ꣄,பறை
ꢦꢥꢶ ꢨꢶꢥ꣄ꢣꢸꢥ꣄ ꢪꢶꢳꢫꢶ ꢬꢴꢵ,பனி
ꢣꣁꢭꢵꢪ꣄ꢦꢥꢶ ꢲꢶꢨ꣄ꢨꢶ ꢬꢴꢵ,பனி
ꢔꢵꢮ꣄,பாடு
ꢨꢵꢤꣁ ꢒꢿꢬ꣄,பாதி
ꢨꢵꢤꣁ ꢦꣁꢥ꣄ꢣꢵꢜ꣄,பாதி
ꢬꢒ꣄ꢰꢠꣁ ꢒꢿꢬ꣄,பாதுகா
ꢬꢒ꣄ꢰꢶ,பாதுகா
ꢦ꣄ꢬꢮꢲꢶ,பாய்
ꢦꢵꢱꢥꣁ ꢒꢿꢬ꣄,பாய்ச்சு
ꢱꢵ,பார்
ꢕꢾꢥꢪ꣄ ꢒꢿꢬ꣄,பாராட்டு
ꢕꣃꢬ꣄ꢡꣁ ꢒꢿꢬ꣄,பாராட்டு
ꢯ꣄ꢭꢵꢕꢥꣁ ꢒꢿꢬ꣄,பாராட்டு
ꢆꢦꢫꣂꢒ꣄ ꢒꢿꢬ꣄,பாவி
ꢥꢹꢔ꣄,பாவி
ꢕꢵꢭ꣄,பாவு
ꢪꢥ꣄ꢡꢸꢱꢾꢬ ꢬꢴꢵ,பிசகு
ꢗꢶꢔꢸꢜ꣄ꢜꢒꢥꢶ ꢬꢴꢵ,பிசுபிசு
ꢒꢸꢱꢶꢬ꣄,பிசை
ꢤꢾꢬ꣄,பிடி
ꢆꢒ꣄ꢒꢶ,பிடுங்கு
ꢪꣁꢥ꣄ꢥꢸꢩꢿꢡ꣄ ꢲꣂ,பிணக்கு
ꢪꢶꢭꢶ ꢬꢴꢵ,பிணி
ꢒꢸꢜ꣄ꢒꢵꢥ꣄ ꢗꢾꢬꢶ ꢬꢴꢵ,பிணி
ꢒꢸꢜ꣄ꢒꢵꢥ꣄ ꢱꢥ꣄ꢤꢫꢶ ꢬꢴꢵ,பிணி
ꢒꢸꢜ꣄ꢒꢵꢥ꣄ ꢗꢾꢬ꣄ꢗꢶ,பிணை
ꢒꢸꢜ꣄ꢒꢵꢥ꣄ ꢱꢥ꣄ꢤꢶ,பிணை
ꢔꣁꢳ ꢔꣁꢳꢫꢶ ꢬꢴꢵ,பிதற்று
ꢦꢶꢱ꣄ꢒꢶ,பிதுக்கு
ꢦꢶꢱ꣄ꢒꢫꢶ ꢙꢵ,பிதுங்கு
ꢦꢱ꣄ꢒꢜ꣄ ꢦꣂꢜ꣄,பிந்து
ꢧꢜ꣄ꢜꢶ ꢬꢴꢵ,பிய்
ꢧꢵꢜ꣄ꢜ,பிய்
ꢚꣁꢭꢶꢛ꣄ꢗꢶ,பிரகாசி
ꢙꢿꢥ꣄,பிரசவி
ꢦ꣄ꢬꢡꢶꢦ꣄ꢬꢒꢵꢯ꣄ ꢒꢿꢬ꣄,பிரதிபலி
ꢃꢯ꣄꣄ꢗꢬ꣄ꢫꢸ ꢲꣂ,பிரமி
ꢆꢦꢫꣁꢔ꣄ ꢒꢿꢬ꣄,பிரயோகி
ꢦ꣄ꢬꢮꢿꢯ꣄ ꢒꢿꢬ꣄,பிரவேசி
ꢮꢜꣁ ꢲꣁꢫ꣄ꢬꢴꢵ,பிரி
ꢮꢜꣁ ꢲꣂ,பிரி
ꢮꢜꣁ ꢒꢿꢬ꣄,பிரி
ꢩꢵꢔ꣄ ꢒꢿꢬ꣄,பிரி
ꢦ꣄ꢬꢾꢬꢥꣁ ꢒꢿꢬ꣄,பிரேரி
ꢦꢶꢳ꣄,பிழி
ꢙꢶꢮ꣄ꢭꢶ ꢬꢴꢵ,பிழை
ꢧꢵꢜ꣄ ꢒꢿꢬ꣄,பிள
ꢕꢶꢶꢪ꣄ꢒꢵꢬ꣄ ꢒꢿꢬ꣄,பிளிறு
ꢇꢙ꣄,பிற
ꢱꢸꢜ꣄ꢜꢶ ꢙꢵ,பிறழ்
ꢱꢸꢫꢦ꣄ꢬꢩꢵꢮ꣄ ꢔꢵꢮ꣄,பீத்து
ꢙꣁꢪꢵꢜ꣄,புகட்டு
ꢪꢾꢬ꣄ꢗꢶ,புகழ்
ꢤꢹꢬ꣄,புகு
ꢡꢸꢬꢵꢜ꣄,புகுத்து
ꢤꢸꢪꢫꢶ ꢬꢴꢵ,புகை
ꢤꢸꢪꢵꢜ꣄,புகை
ꢡꢾꢱꢶ ꢧꣁꢜ꣄,புடை
ꢬꢾꢔꢶꢞꢶ ꢧꣁꢜ꣄,புடை
ꢧꢸꢔ꣄ꢔꢶ ꢬꢴꢵ,புடை
ꢦꢸꢥꢬꢸꢣ꣄ ꢤꢵꢬꢥꣁ ꢒꢿꢬ꣄,புதுப்பி
ꢥꣁꢮꣁ ꢒꢿꢬ꣄,புதுப்பி
ꢔꢞꢫꢶ ꢬꢴꢵ,புதை
ꢔꢞ꣄,புதை
ꢤꢹꢳ꣄,புரள்
ꢂꢥ꣄ꢣꢞ꣄ꢳꢿ,புரி
ꢙꢥ꣄ꢭꢿ,புரி
ꢒꢳꢫꢶꢭꢿ,புரி
ꢗꢹꢒ꣄ ꢪꢾꢥ꣄ꢭꢶ ꢬꣂꢜ꣄,புலம்பு
ꢧꣀꢭꢶꢧꢵꢬ꣄ ꢲꣂ,புலர்
ꢱꣁꢭꢧꢵꢬ꣄ ꢲꣂ,புலர்
ꢮꢮ꣄ꢬꢶꢥꢶꢪ꣄ ꢬꢴꢵ,புழங்கு
ꢦꢬꢶꢫꣂꢔꢸꢪ꣄ ꢬꢴꢵ,புழங்கு
ꢪꢷꢔꢸꢪ꣄ ꢬꢴꢵ,புழங்கு
ꢬꢦ꣄ꢡꢵꢪ꣄ ꢬꢴꢵ,புழங்கு
ꢪꢸꢬ꣄ꢔꢫꢶ ꢬꢴꢵ,புழு
ꢱꢾꢔꣁ ꢒꢿꢬ꣄,புழுங்கு
ꢮꢶꢙ꣄ꢙꢵꢜ꣄,புளி
ꢗꣁꢞ꣄ꢞꣁꢮꢡ꣄ꢡꣁ ꢒꢿꢬ꣄,புளுகு
ꢡꢶꢬꢱ꣄ꢒꢵꢬ꣄ ꢒꢿꢬ꣄,புறக்கணி
ꢥꢶꢔꢶꢭ꣄,புறப்படு
ꢧꢹꢭ꣄,பூ
ꢭꢵꢮ꣄,பூசு
ꢨꢷꢕꢵꢭ꣄,பூட்டு
ꢱꣁꢪ꣄ꢦꢸꢦꣁꢥ꣄ꢣꢶ,பூரி
ꢣꢾꢳ꣄꣄ꢒ ꢒꣂꢜ꣄,பெரு
ꢔꢸꢠꢵꢞ꣄,பெருக்கு
ꢮꢿꢥ꣄ ꢒꢿꢬ꣄,பெருக்கு
ꢮꢾꢥ ꢲꣂ,பெருகு
ꢦꣁꢮ꣄ꢱ꣄ ꢦꣂꢜ꣄,பெய்
ꢢꢵꢪ꣄ ꢪꢬ꣄ꢗꢶꢭꢾ,பெயர்
ꢂꢥꢸꢮꢵꢣ꣄ꢒꢿꢬ꣄,பெயர்
ꢩꢵꢰꢵꢥ꣄ꢡꢬ꣄ ꢒꢿꢬ꣄,பெயர்
ꢡꢬ꣄ꢙꢪꣁ ꢒꢿꢬ꣄,பெயர்
ꢥꢶꢳꢸꢮ꣄ ꢡꣁꢦ꣄ꢦꢶ,பேதலி
ꢲꢔ꣄ꢔꢶ,பேள்
ꢧꢸꢔ꣄ꢔꢶ,பொக்குளி
ꢲꢸꢨ꣄ꢨꢶ,பொங்கு
ꢗꢸꢠ꣄ꢞꢵꢞ꣄,பொசுக்கு
ꢙꢭꢫꢶ ꢙꢵ,பொசுங்கு
ꢩꢸꢬ꣄ꢒꣁ ꢲꣁꢫ ꣄ꢙꢵ,பொடி
ꢩꢸꢬ꣄ꢒꣁ ꢒꢿꢬ꣄,பொடி
ꢚꢵꢫ꣄,பொத்து
ꢗꢭ꣄ꢥꢵꢡꣁ ꢬꢴꢵ,பொய்
ꢩꢸꢛ꣄ꢙꢫꢶ ꢬꢴꢵ,பொரி
ꢩꢸꢛ꣄ꢙꢶ,பொரி
ꢮꢡ꣄ꢡꢵ ꢚꢔꢜ꣄,பொரு
ꢗꢾꢬ꣄ꢗꢶ,பொருத்து
ꢪꢶꢳ꣄꣄ꢮꢶ,பொருத்து
ꢪꢶꢳꢵꢜ꣄,பொருத்து
ꢗꢾꢬꢶ ꢬꢴꢵ,பொருந்து
ꢪꢶꢭꢶ ꢬꢴꢵ,பொருந்து
ꢒꢸꢖ꣄ꢔꢶ,பொருமு
ꢦꣁꢮ꣄ꢱ꣄ ꢭꢸꢗ꣄ꢗꢶ,பொழி
ꢱꢪꢸꢭꢿ,பொறு
ꢮꢾꢒ꣄ꢒꢶ,பொறுக்கு
ꢆꢦꢣꢿꢰ꣄ ꢒꢿꢬ꣄,போதி
ꢪꢸꢬ꣄ꢔ ꢶꢙꢵ,மக்கு
ꢪꢔ꣄ꢔꢸꢥꣁ ꢦꣂꢜ꣄,மங்கு
ꢪꢸꢬ꣄ꢔꢶ,மட்கு
ꢪꣁꢠ꣄ꢗꢶ,மடக்கு
ꢪꣁꢠ꣄ꢗꢫꢶ ꢬꢴꢵ,மடங்கு
ꢲꣁꢬꢵꢜ꣄ ꢒꢾꢬ꣄ꢭꢾ,மண
ꢮꢱꢸꢥꢫꢶ ꢬꢴꢵ,மண
ꢲꢸꢖ꣄ꢔꢶ ꢱꢵ,மணத்து
ꢪꣁꢬ꣄ꢔꢶꢫꢵꢡ꣄ ꢣꢿ,மதி
ꢡꢶꢪꢸꢬ꣄ ꢤꢿꢬ꣄,மர
ꢂꢬ꣄ꢢꢪꣂꢲ꣄ ꢦꣁꢥ꣄ꢣꢶ,மருட்டு
ꢲꢸꢣꢥ ꢥꢶꢛ꣄ꢙꢶ,மல்லார்
ꢱꣁꢖ꣄ꢔ ꢦꣂꢜ꣄,மலி
ꢃꢯ꣄ꢗꢬ꣄ꢫꢸ ꢦꣂꢜ꣄,மலை
ꢱꣁꢮ꣄ꢬꢪ꣄ ꢒꢿꢬ꣄,மழி
ꢪꣁꢥꣁ ꢙꢮꢵꢜ꣄,மழுக்கு
ꢪꣁꢥꣁ ꢥꢴꢷꢡ꣄ꢡ ꢬꢴꢵ,மழுங்கு
ꢮꢡ꣄ꢡꣁ ꢣꢸꢳ꣄꣄ꢒꢶ,மழுப்பு
ꢮꢶꢱ꣄ꢬꢳ꣄ꢳꢿ,மற
ꢂꢮꢞ ꢦꣁꢜ꣄,மறி
ꢃꢜ꣄ꢰꢿꢦꢠꣁ ꢒꢾꢬ꣄,மறு
ꢔꢪ꣄ꢞꢫꢶ ꢙꢵ,மறை
ꢚꢒꢶꢭꢾ,மறை
ꢒ꣄ꢰꢪꣁ ꢒꢿꢬ꣄,மன்னி
ꢱꢪ꣄ꢜꢵꢜ꣄,மாட்டு
ꢪꣂꢬ꣄,மாய்/ மாள்
ꢪꣁꢬꢵꢜ꣄,மாய்
ꢪꢾꢬꢸꢒ꣄ ꢣꢿ,மினுக்கு
ꢙꣁꢭꢶ ꢙꣁꢭꢶꢛ꣄ꢗꢶ,மினுமினு
ꢪꢶꢜ꣄ꢜꢶ,மீட்டு
ꢧꢶꢮ꣄ꢬꢶꢓꢵꢜ꣄,மீட்டு
ꢧꢶꢮ꣄ꢬꢶ ꢓꢵꢜ꣄,மீள்
ꢂꢣ꣄ꢣꢸ ꢡꣁꢦ꣄ꢦꢶ,மீறு
ꢱꢷꢪꣁ ꢆꢭ꣄ꢭꢖ꣄ꢕꢶ,மீறு
ꢨꢹꢜ꣄,முக்கு
ꢨꢸꢞꢜ꣄,முக்கு
ꢱꢸꢥ꣄ꢣꢸꢬꢸꢪ꣄ꢨꢹꢜ꣄,முக்குளி
ꢪꣁꢡꢶ ꢲꢿꢜ꣄,முக்குளி
ꢨꢹꢜ꣄,முங்கு
ꢤꢶꢒ꣄ꢒꢶ,முட்டு
ꢦꣁꢱꢮꢵꢫꢸꢪ꣄ꢦꣂꢜ꣄,முடங்கு
ꢪꢸꢱꢞꢳꢿ,முடி
ꢪꢸꢱꢵꢜ꣄,முடி
ꢧꢶꢮ꣄ꢬꢶ ꢲꢶꢖ꣄ꢔꢵꢜ꣄,முடுக்கு
ꢥꣁꢠ꣄ꢔꢶ,முணுமுணு
ꢗꢸꢪ꣄ꢨꢥꣁ ꢣꢿ,முத்து
ꢗꢸꢪ꣄ꢨꢳꣁ ꢣꢿ,முத்து
ꢦꢶꢒ꣄ꢒꢶ,முதிர்
ꢱꣁꢪ꣄ꢪꢬ꣄ꢗꢿꢜ꣄,முந்து
ꢏꢱ꣄ꢪ꣄ꢪꢬ꣄ ꢙꢵ,முந்து
ꢌꢡ꣄ꢡꢥ꣄ ꢒꢿꢬ꣄,முயல்
ꢦ꣄ꢬꢫꢡ꣄ꢥꣁ ꢒꢿꢬ꣄,முயல்
ꢩꢾꢡ꣄ ꢒꢿꢬ꣄,முரண்
ꢕꣂꢰꢶꢛꢗꢶ꣄,முழக்கு
ꢕꣂꢰꢪ꣄ ꢡꢵꢫ꣄,முழங்கு
ꢪꢸꢒ꣄ꢒꢸꢭꢶꢛꢗꢸ꣄,முழி
ꢪꢶꢖ꣄ꢒꢶ,முழுங்கு
ꢗꢸꢔꢸꢬ꣄ ꢱꣂꢜ꣄,முளை
ꢪꢸꢣꢸꢬꢾ ꢲꣂ,முற்று
ꢪꣁꢜꢳꢿ,முறி
ꢪꢸꢞꢫꢶ ꢦꣂꢜ꣄,முறி
ꢪꣂꢜ꣄,முறி
ꢦꢶꢨꢶꢛꢗꢶ꣄,முறுக்கு
ꢪꢸꢒꢸꢭ꣄ꢒꢥꢶ ꢲꢵꢱ꣄,முறுவலி
ꢪꢸꢒꢶꢭꢶ ꢲꢵꢱ꣄,முறுவலி
ꢒꣁꢪ꣄ꢨ꣄ꢳꣁꢒꢥꢶ ꢲꢵꢱ꣄,முறுவலி
ꢓꢹꢬ꣄ꢒꢥꢶ ꢱꢵ,முறை
ꢦꢾꢞ꣄ꢮꢶ,மூட்டு
ꢚꢵꢫ꣄,மூடு
ꢪꢹꢱꢭ꣄ ꢭꢔꢶꢦꣂꢜ꣄,மூர்ச்சி
ꢨꢹꢜ꣄,மூழ்கு
ꢲꢬꢸꢪ꣄ꢨꢪ꣄ ꢒꢿꢬ꣄,மூள்
ꢱꢮ꣄ꢬꢶ꣄,மெழுகு
ꢗꣁꢮ꣄ꢬꢶ,மேய்
ꢂꢱ꣄ꢒꢶꢦꣁꢒꢸꢪ꣄ ꢆꢭꢵꢱ꣄ ꢒꢿꢬ꣄,மேவு
ꢔꢸꢣ꣄ꢣꢶ,மொத்து
ꢙꢾꢡꣁꢪꢷꢳ꣄,மொய்
ꢪꢶꢛ꣄ꢗꢶ,மொள்
ꢤꢶꢒ꣄ꢒꢶ,மோது
ꢩꢥ꣄ꢣꢶ,யா
ꢬꢵꢗ꣄,யா
ꢩꢷꢔ꣄ꢪꢵꢫ꣄,யாசி
ꢂꢥꢸꢪꢵꢥ꣄ ꢒꢿꢬ꣄,யூகி
ꢇꢲꢥꣁ ꢒꢿꢬ꣄,யூகி
ꢗꢶꢥ꣄ꢡꣁꢒꢿꢬ꣄,யோசி
ꢬꢱꢶꢛ꣄ꢗꢶ,ரசி
ꢬꢱꢥꣁ ꢒꢿꢬ꣄,ரசி
ꢭꢔꢶꢶꢛ꣄ꢗꢶ,லயி
ꢮꢒꢸꢠ꣄ꢜ ꢨꢸꢣ꣄ꢤꢶ,வக்கரி
ꢦꢣꢮꢶ ꢓꢳ꣄ꢳꢿ,வகி
ꢩꢵꢖ꣄ꢔꢸ ꢒꢿꢬ꣄,வகிர்
ꢮꢜꣁ ꢒꢿꢬ꣄,வகு
ꢡꢿꢳ꣄,வதக்கு
ꢩꢸꢛ꣄ꢗꢳ꣄ꢳꢿ,வதங்கு
ꢮꢵꢱ꣄ ꢒꢿꢬ꣄,வசி
ꢏꢜ꣄ꢗꢫꢶ ꢙꢵ,வடி
ꢏꢜ꣄ꢗꢶ,வடி
ꢗꢶꢡ꣄ꢬꢮꢤꣁ ꢒꢿꢬ꣄,வதை
ꢱꢸꢒ꣄ꢒꢶ ꢙꢵ,வரள்
ꢮꢾꢒ꣄ꢒꢶ ꢲꢿꢜ꣄,வரி
ꢥꢴꢶꢶꢥꢵꢞ꣄,வருடு
ꢮꢬ꣄ꢠꢥꣁ ꢒꢿꢬ꣄,வர்ணி
ꢒꢾꢰ꣄ꢜꢪ꣄ꢒꢿꢬ꣄,வருத்து
ꢮꢶꢗꢵꢬ꣄ ꢦꣂꢜ꣄,வருந்து
ꢓꢳ꣄ꢳꢶ ꢂꢮꢵꢜ꣄,வருவி
ꢗꢶꢡ꣄ꢬꢸ ꢭꢶꢓꢶ,வரை
ꢣꢸꢮ꣄ꢥꣁ ꢦꣁꢥ꣄ꢣꢶ,வலி
ꢣꢿ,வழங்கு
ꢚꢸꢒ꣄ꢒꢸ ꢣꢾ,வழங்கு
ꢲꣂꢞ꣄,வளர்
ꢲꣂꢞꢵꢜ꣄,வளர்
ꢬꢹꢦ꣄ ꢒꢿꢬ꣄,வனை
ꢓꢵꢞ꣄,வாங்கு
ꢱꢥ꣄ꢣꢬ꣄ꢩꢸ ꢂꢨ꣄ꢨꢞ꣄ꢳꢿ,வாய்
ꢬꢹꢦ꣄ ꢒꢵꢬ꣄,வார்
ꢬꢹꢦ꣄ ꢒꢿꢬ꣄,வார்
ꢙꢷꢮ꣄,வாழ்
ꢥꢥ꣄ꢣꢶ,வாழ்த்து
ꢙꢶꢮꢵꢜ꣄,வாழ்வி
ꢱꣂꢞ꣄,விடு
ꢧꢞꢶꢛ꣄ꢗꢶ,விடை
ꢃꢙ꣄ꢛꣁ ꢣꢿ,விதி
ꢨꢸꢱ꣄ꢒꢶꢜ꣄ꢜꢶ,விம்மு
ꢃꢯ꣄ꢗꢬ꣄ꢫꢸ ꢦꣂꢜ꣄,விய
ꢱꢾꢔꣁꢮꢹꢬ꣄,வியர்
ꢣꣁꢮ꣄ꢜꢶ,விரட்டு
ꢧꢹꢭ꣄,விரி
ꢣꢹꢬ꣄ ꢲꣂ,விலகு
ꢮꢶꢮꢬ꣄ ꢒꢾꢬ꣄,விவரி
ꢮꢶꢮꢵꢣ꣄,விவாதி
ꢙꢵꢔ꣄ꢬꢡꣁ ꢲꣂ,விழி
ꢦꣂꢞ꣄,விழு
ꢲꢵꢥ꣄ ꢲꢵꢥ,விளாசு
꣄ ꢪꢾꢥꢶ ꢲꢵꢥ꣄,விளாசு
ꢦꢶꢒ꣄ꢒꢵꢞ꣄,விளைவி
ꢱꢾꢠꢪ꣄,விறுவிறு
ꢪꢸꢣꢸꢬꢵꢜ꣄,விறை
ꢦꢹꢱ꣄,வினவு
ꢮꢶꢗꢵꢥꣁ ꢒꢿꢬ꣄,வினவு
ꢩꢮꢵꢜ꣄ ꢡꢵꢫ꣄,வீரிடு
ꢬꢹꢱ꣄,வெடுவெடு
ꢨꢵꢣꣁ ꢦꣂꢜ꣄,வெதும்பு
ꢤꢒ꣄ꢒꢶ,வெருள்
ꢤꢵꢒꢸꢪ꣄ ꢏꢠ꣄ꢒꢶ,வெலவெல
ꢬꣂꢱ꣄,வெறு
ꢣ꣄ꢮꢿꢯ꣄ ꣄ꢒꢿꢬ꣄,வெறு
ꢪꢔꢶꢭꢾ,வேண்டு
ꢥꢾꢬ꣄ꢦ꣄ꢦꢶ,வேய்
ꢱꢾꢔꣁ ꢒꢿꢬ꣄,வேர்
ꢤꣂꢮ꣄,வை
ꢲꣁꢞꢵꢬ꣄,அங்கணம்
ꢕꣁꢪ꣄ꢪꣁ,அறை
ꢂꢬꣁ,அறை
ꢡꢮ꣄ꢬꢪ꣄,அறை
ꢕꢿꢬ꣄,இல்லம்
ꢓꢥꢶꢡꢮ꣄ꢬꢪ꣄,உணவறை
ꢲꢥ꣄ꢣꢮꢸ ꢡꢮ꣄ꢬꢪ꣄,உணவறை
ꢆꢛ꣄ꢗꢳꣁ,ஊஞ்சல்
ꢲꢶꢥ꣄ꢣꢳꢶ,ஊஞ்சல்
ꢓꢮ꣄ꢬꢵ ꢕꢿꢬ꣄,ஓட்டுவீடு
ꢓꢮ꣄ꢬꣁ,ஓடு
ꢐꢞꣁ,ஓடை
ꢦꢬꢸꢠ꣄ꢜꢵ ꢕꢿꢬ꣄,ஓலைவீடு
ꢩꢮꢥ꣄,கட்டிடம்
ꢒꢮꢵꢜ꣄,கதவு
ꢬꢴꢾꢜꣁ,கப்பி
ꢗꢶꢞꢵꢫ ꣄ꢣꢾꢫ꣄ꢞꣁ,கருங்கல்
ꢒꢳꢵ ꢣꢾꢔꢸꢞꣁ,கருங்கல்
ꢪꢳꣁ,கழிப்பறை
ꢲꢷꢬ꣄,கிணறு
ꢒꢸꢜ꣄ꢱꢾ,குடிசை
ꢒꣁꢳꢵꢫ꣄,குழாய்
ꢥꢳꢶꢒꣁ,குழாய்
ꢱ꣄ꢥꢵꢥꢸ ꢕꢿꢬ꣄,குளியலறை
ꢓꣁꢜ꣄ꢜꣁ,கூடம்
ꢨꣁꢜ꣄ꢜꢵ ꢪꣃꢞꣁ,கூடாரம்
ꢪꢴꢸꢔꢸꢜ꣄,கூரை
ꢒꢮꢵꢞꢸ ꢤꢵꢠ꣄,கைப்பிடி
ꢲꢥ꣄ꢡꢮꢸ ꢡꢮ꣄ꢬꢪ꣄,சமையலறை
ꢮꢶꢜꢶ ꢱꢳꢵꢒ꣄,சன்னல் கம்பி
ꢡꢹꢪ꣄ꢦꣁ,சாக்கடை
ꢙꢾꢖ꣄ꢙꢵꢬ꣄,சாக்கடை
ꢬꢾꢖ꣄ꢒꢸ,சாயம்
ꢦꢷꢔꢵꢡ꣄,சாவி
ꢮꢶꢜꢶ,சாளரம்
ꢮꢶꢜ꣄ꢒꢾ,செங்கல்
ꢮꢶꢞ꣄ꢔꢶꢥꢾ,செங்கல்
ꢡꢳꢪ꣄,தரை
ꢩꣁꢄ,தரை
ꢡꢳꢪ꣄,தளம்
ꢲꣁꢳ꣄ꢜꣁ,திண்ணை
ꢦꢜꢸꢡꣁ,திரைச்சீலை
ꢓꢵꢪ꣄ꢨꢸ,தூண்
ꢔꣂꢱꢵꢭꣁ,தொழுவு
ꢔꢵꢫ꣄ꢔꣁꢬꢸꢥꢸꢓꣁꢜ꣄ꢜꣁ,தொழுவு
ꢥꢥ꣄ꢡꢮꢥꢸ,தோட்டம்
ꢡꢵꢪ꣄,நிலம்
ꢮꢶꢣ꣄ꢣꢾ,மாடி
ꢪꢴꢞꢶ,மாடி
ꢦꢥꢶ ꢥꢶꢮꢶ,நீர்த்தொட்டி
ꢦꢥꢶꢡꣁꢜ꣄ꢜꢶ,நீர்த்தொட்டி
ꢡꢬꢸꢪ꣄ ꢦꢸꢬꣁ,நிலைப்படி
ꢱꣂꢦꢵꢠ꣄,படி
ꢪꢾꢬ꣄ꢒꢠꢶ,பால்கனி
ꢪꢾꢜ꣄ꢒꢥꢶ,படிக்கட்டு
ꢥꢶꢛ꣄ꢙꢬꢶꢫꢡꢮ꣄ꢬꢪ꣄,படுக்கையறை
ꢱꢫꢥ ꢡꢮ꣄ꢬꢪ꣄,படுக்கையறை
ꢪꣃꢮ꣄ꢞꣁ,பந்தல்
ꢦꢭꢶꢖ꣄ꢔꢶ ꢣꢾꢫ꣄ꢞꣂ,பளிங்குக்கல்
ꢤꢹꢪꢸ ꢕꢹꢞ꣄,புகைக்கூண்டு
ꢤꢹꢪ꣄ꢙꢮꢞ꣄ꢥꢶ,புகைபோக்கி
ꢦꢱ꣄ꢒꢜ꣄ ꢲꣁꢜꢵꢬ꣄,புறக்கடை
ꢦꢹꢙꢵ ꢂꢬꣁ,பூசையறை
ꢨꢷꢒ꣄,பூட்டு
ꢗꢸꢜ꣄ꢜꢸ ꢦꢷꢡ꣄,மதில்
ꢕꢿꢬꢸ ꢢꢵꢪ꣄,மனை
ꢦꢷꢞꢸ ꢪꢸꢔ꣄ꢔꢸ,மாக்கோலம்
ꢕꣁꢮ꣄ꢭꣁ,மாடம்
ꢬꢮꢸꢳ꣄꣄,மாளிகை
ꢲꣁꢜꢵꢬ꣄,முற்றம்
ꢩꣁꢖ꣄ꢔ꣄ꢸ,மூங்கில்
ꢪꢸꢭꣁ,மூலை
ꢆꢪ꣄ꢨ꣄ꢬꣁ,மூலை
ꢬꢾꢖ꣄ꢔꢸ,வண்ணம்
ꢱ꣄ꢮꢵꢔꢡ ꢂꢬꣁ,வரவேற்பறை
ꢨꢜ꣄ꢒꢾ ꢕꢿꢬ꣄,வாடகைவீடு
ꢣꢵꢬ꣄,வாசல்
ꢤꢜꣁ,வாயில்
ꢦꢖ꣄ꢓꣁ,விசிறி
ꢮꢶꢙꢥꣁ,விசிறி
ꢣꢶꢮꣁ,விளக்கு
ꢃꢮꢬꢠꣂ,வேலி
ꢪꢷ,நான்
ꢂꢪꢶ,நாம்
ꢡꢹ,நீ
ꢡꢸꢪꢶ,நீர்
ꢌꢥꣁ,இவன்
ꢄꢥꣁ,இவள்
ꢌꢥꢸ,இவர்
ꢌꢥꢸ,இவர்கள்
ꢌꢭ꣄ꢫꣁ,இது
ꢌꢭ꣄ꢫꢾ,இவை
ꢡꢾꢥꣁ,அவன்
ꢡꢶꢥꣁ,அவள்
ꢡ꣄ꢫꣁ,அது
ꢡ꣄ꢫꢾ,அவை
ꢂꢦꢸꢭ꣄,தான்
ꢂꢦ꣄ꢭꢵꢥ꣄,தாம்
ꢡꢸꢪꢶ,தாங்கள்
ꢒꣂꢥ꣄,எவன்
ꢒꣂꢥ꣄,எவள்
ꢒꣂꢥ꣄ꢒꣂꢥ꣄,எவர்கள்
ꢒꣂꢥꢾ,எது
ꢒꣂꢥ꣄ꢫꢾ,எது
ꢒꣂꢥ꣄ꢫꣁ,எவை
ꢒꣂꢥ꣄,யார்
ꢗꢸꢳ꣄ꢳꣁ,அடுப்பு
ꢡꢜꣁ,ஆப்பு
ꢮꢶꢜ꣄ꢒꢶ,இடுக்கி
ꢭꢴꣁꢔꢠꢸꢦꢾꢜꢶ,இரும்புப் பெட்டி
ꢱꢸꢬꢸꢔ꣄,இழுப்பறை
ꢔꢾꢱꢶꢥ ꢶꢦꢾꢜꢶ,இஸ்திரிப்பெட்டி
ꢱꢜꣁ,ஏணி
ꢱ꣄ꢬꢿꢠꢶ,ஏணி
ꢗꢶꢡ꣄ꢡꢸꢬ꣄,ஓவியம்
ꢪꢛ꣄ꢗꢸ,கட்டில்
ꢪꣁꢛ꣄ꢗꣁ,கட்டில்
ꢕꢾꢜꢶꢔꢳꣁ,கடிகாரம்
ꢣꢮ꣄ꢠꣁ,கண்ணாடி
ꢘꢸꢬꢶ,கத்தி
ꢒꢾꢡ꣄ꢡꢶꢬꢶꢒꢾ,கத்திரி / கத்திரிக்கோல்
ꢒꢪ꣄ꢨ꣄ꢭꣁ,கம்பளிப் போர்வை
ꢧꢖ꣄ꢔꢸꢬꣁ,கம்பளிப் போர்வை
ꢇꢬ꣄ꢠꢸꢧꢖ꣄ꢔꢸꢬꣁ,கம்பளிப் போர்வை
ꢓꢜ꣄ꢜꢶ,கம்பு
ꢦꢵꢄ~ ꢦꣁꢱꢸꢥꢵꢮ꣄,கால்மிதி
ꢦꣃꢱꢸꢭ꣄,காலணி
ꢔꢸꢖ꣄ꢔꢸꢪꢸ ꢩꣁꢬꢠꢶ,குங்குமச் சிமிழ்
ꢱꢣꢶ,குடை
ꢘꢡ꣄ꢬꢶ,குடை
ꢔꢾꢭ꣄ꢭꣁ,குதிர்
ꢔꢸꢡ꣄ꢡꢶ,குப்பி
ꢔꢸꢦ꣄ꢦꣁ,குப்பை
ꢲꢷꢞꢸꢮꢱ꣄ꢡꢸꢥ꣄,குப்பை
ꢔꢾꢭ꣄ꢭꣁ,குலுக்கை
ꢒꣂꢮꢶ,குழல்
ꢧꢸꢥ꣄ꢥꢳꢶ,குழல்
ꢥꢳꢶ,குழாய்
ꢲꢵꢡꢸ ꢓꣁꢳ꣄ꢜꢶ,கைப்பை
ꢦꢶꢱꢸꢳꢵ ꢏꢭꣁ,கொசுவலை
ꢱꢶꢬ꣄ꢒꢠ꣄,சந்தனம்
ꢯ꣄꣄ꢬꢷꢔꢥ꣄ꢤꢸ,சந்தனம்
ꢙꢾꢖ꣄ꢔꢳꢪ꣄,சமுக்காளம்
ꢬꢵꢒ꣄,சாம்பல்
ꢮꢱ꣄ꢡꢸꢥ꣄꣄,சாமான்கள்/பொருட்கள்
ꢙꢪꢵꢥꢸꢥ꣄,சாமான்கள்/பொருட்கள்
ꢨꢶꢔꢵꢡ꣄,சாவி
ꢧꣁꢥ꣄ꢥꢶ,சீப்பு
ꢩꢷꢡꢸ ꢕꢾꢞꢶꢔꢳꣁ,சுவர்க் கடிகாரம்
ꢨꣁꢖ꣄ꢔꢸ ꢡꢜ꣄ꢜꢶ,தட்டி
ꢭꣀꢞꣁ,தடி
ꢨꢠꢵꢭ꣄ ꢭꢔꢸꢞꣁ,தடிக்கம்பு
ꢲꢡ꣄ꢬꢥ꣄,தரைவிரிப்பு
ꢡꢾꢭ꣄ꢒꢜ꣄,தலையணை
ꢲꢸꢪ꣄ꢬꣁ,தலையணை
ꢣꢶꢠ꣄ꢞꢸ,தலையணை
ꢪꣁꢭ꣄ꢜꢶ,தலையணை
ꢮꢵꢡ꣄,திரி
ꢣꢶꢮꣁ,தீபம்
ꢭꣁꢪ꣄ꢨꢥ꣄ ꢣꢶꢮꣁ,தொங்குவிளக்கு
ꢦꢭ꣄ꢭꣁ,தூளி/ தொட்டில்
ꢦꢳ꣄ꢳꣁ,தூளி/ தொட்டில்
ꢒꢾꢱꢶꢥꢶ ꢦꢾꢜꢶ,தேய்ப்புப் பெட்டி
ꢥꢶꢮꢶ,தொட்டி
ꢡꣁꢜ꣄ꢜꢶ,தொட்டி
ꢬꢹꢦꢣꢬ꣄ꢯꢶꢥꢶ,தொலைக்காட்சிப் பெட்டி
ꢣꢹꢬ꣄ ꢮꢣꢶꢥꢶ,தொலைபேசி
ꢒꢾꢰꢠ꣄ ꢓꣁꢳ꣄꣄ꢜꢶ,தோல் பை
ꢓꢵꢥꢣꢸ ꢓꣁꢳ꣄꣄꣄ꢜꢶ,தோள் பை
ꢣꢶꢥ꣄ꢥꢸ ꢣꢾꢒ꣄ꢒꢜ꣄ꢥꢶ,நாள்காட்டி
ꢣꢶꢥꢗꢬ꣄ꢫꣁ,நாள்காட்டி
ꢗꢵꢬ꣄ꢦꢵꢄ~ ꢡꢶꢮꢶ,நாற்காலி
ꢒꢸꢬ꣄ꢱꢶ,நாற்காலி
ꢒꣂꢥ꣄ꢡꢸ,பசை
ꢣꢶꢞ꣄ꢞꢸ,பசை
ꢮꢭ꣄ꢭꢶꢬ꣄,பசை
ꢗꢶꢡ꣄ꢡꢸꢬ꣄,படம்
ꢭꣂꢱ꣄,படம்
ꢱꢫꢥꢶ,படுக்கை
ꢱꢫꢥꢸ ꢲꢡ꣄ꢬꢥ꣄,படுக்கை விரிப்பு
ꢒꢸꢡꢸꢬ꣄,பத்தாயம்
ꢣꢵꢡꢸ ꢨꢸꢬꢸꢱ꣄,பல்விளக்கி
ꢣꢵꢡꢸ ꢪꢛ꣄ꢙꢥ꣄,பல்விளக்கி
ꢞꢵꢡꢸ ꢔꢾꢱꢶꢥꢶ,பல்விளக்கி
ꢣꢵꢡꢸꢭꢿꢲꢶ,பற்பசை
ꢣꢵꢡꢸ ꢩꢸꢬ꣄ꢒꣁ,பற்பொடி
ꢌꢣꢸꢥꢪ꣄,பாத்திரம்
ꢦꢵꢡ꣄ꢬꣁ,பாத்திரம்
ꢗꢦꣂ,பாய்
ꢔꢾꢜ꣄ꢦꢵꢬꣁ,கடப்பாறை
ꢓꢥꢵꢮ꣄,கடப்பாறை
ꢤꢹꢪ꣄ ꢭꣂꢱ꣄,புகைப்படம்
ꢥꢷꢞꢵ ꢭꣂꢱ꣄,புகைப்படம்
ꢩꢵꢮ ꢗꢶꢡ꣄ꢡꢸꢬ꣄,புகைப்படம்
ꢥꢵꢳꣁ,புனல்
ꢧꢹꢭꢸ ꢥꢶꢮꢶ,பூச்சட்டி / பூத்தொட்டி
ꢦꢾꢜꢶ,பெட்டி
ꢦꢶꢳ꣄ꢜꢶ,பொம்மை
ꢧꢖ꣄ꢔꢸꢬꣁ,போர்வை
ꢧꢖ꣄ꢔꢸꢬꢶ,போர்வை
ꢕꢾꢜꢶ,மணி
ꢦꢵꢫ꣄ꢥ꣄ ꢦꣁꢱꢶꢭ꣄ꢥꢶ,மிதியடி
ꢮꢶꢣ꣄ꢫꢸꢡ꣄ꢮꢶꢙꢥꣁ,மின்விசிறி
ꢮꢶꢣ꣄ꢫꢸꢮꢶꢡ꣄ ꢣꢶꢮꣁ,மின் விளக்கு
ꢢꢷꢥ꣄ꢦꢵꢄ~ ꢡꢶꢮꢶ,முக்காலி
ꢪꢾꢣꢸꢳꣁ,மெத்தை
ꢪꢾꢫꢶꢥꢸ ꢮꢵꢡ꣄,மெழுகுவர்த்தி
ꢪꣂꢪ꣄ ꢮꢵꢡ꣄,மெழுகுவர்த்தி
ꢪꢿꢙꣁ,மேசை
ꢮꢵꢬ꣄,"வாரியல், விளக்கமாறு"
ꢚꢠ꣄ꢠꢶ,"வாரியல், விளக்கமாறு"
ꢒꢸꢞꣁ,வாளி
ꢔꢮ꣄ꢥꢶ ꢦꢾꢜꢶ ꢂꢒꢵꢱ꣄ ꢤꣁꢥꢶ ꢦꢾꢜꢶ,வானொலிப் பெட்டி
ꢡꢶꢮꣁ,விளக்கு
ꢚꢠ꣄ꢠꢶ,விளக்குமாறு
ꢙꢾꢡꣁ,அணி
ꢔꢸꢪ꣄ꢦꢸ,அணி
ꢓꢵꢳ꣄,ஆட்டம்
ꢓꢾꢳ꣄,ஆட்டம்
ꢨꢾꢠ꣄ꢜꢸ ꢮꢵꢕ꣄ ꢓꢭ꣄ꢥꢶ,ஆடுபுலி ஆட்டம்
ꢩꢭ ꢮꢶꢱꢶꢬ꣄ꢥꢶ,ஈட்டி எறிதல்
ꢣꢿꢲꢵꢦ꣄ꢧꢶꢫꢵꢱ꣄,உடற்பயிற்சி
ꢇꢛ꣄ꢗꢭꢶ,ஊஞ்சல்
ꢲꢷꢥ꣄ꢡꢳꣁ,ஊஞ்சல்
ꢦ꣄ꢬꢡꢶꢮꢵꢥ꣄,எதிராளி
ꢤꢪ꣄ꢥꢶꢓꢾꢭ꣄,ஓட்டப்பந்தயம்
ꢤꢪ꣄ꢤꢾꢬꢥ꣄ ꢓꢵꢳ꣄꣄,ஓடிப்பிடித்தாடுதல்
ꢡꢾꢬꢡ꣄ꢡꢾꢓꢵꢳ꣄,ஓடிப்பிடித்தாடுதல்
ꢒꢜ꣄ꢗꢶ,கட்சி
ꢒꢦꢞꢶ,கபடி
ꢦꢵꢄ~ ꢔꣁꢳꣁ,கால்பந்து
ꢒꢶꢜ꣄ꢜꢶꢦꢸꢳ꣄꣄,கிட்டிப்புள்
ꢓꢜ꣄ꢜꢶ ꢓꢵꢳ꣄,கிட்டிப்புள்
ꢦꢵꢠ꣄ꢞꢶ ꢓꢵꢳ꣄,கிளித்தட்டு
ꢬꢮꢵꢒ꣄ ꢓꢵꢳ꣄꣄,குண்டாட்டம்
ꢧꣁꢳ꣄꣄ꢜꢾ ꢩꢙ꣄ꢙꢶ,அவித்தகீரை
ꢒꢞꢭꢾ,கடலை
ꢱꢶꢮ꣄ꢙꢾ ꢒꢞꢭꢾ,அவித்தகடலை
ꢔꣁꢳ ꢩꢵꢬ꣄ ꢮꢶꢱꢶꢬ꣄ꢥꢶ,குண்டு எறிதல்
ꢔꢸꢠ꣄ꢜꢸ ꢮꢶꢱꢶꢬ꣄ꢥꢶ,குண்டு எறிதல்
ꢔꢸꢣ꣄ꢣꢶꢥꢶ ꢚꢾꢞꣁ,குத்துச் சண்டை
ꢔꢸꢣ꣄ꢣꢵ ꢚꢾꢞꣁ,குத்துச் சண்டை
ꢒꢸꢱ꣄ꢡꢶ,குஸ்தி
ꢒꢦ꣄ꢦꢸ,கோப்பை
ꢨꢳꢶꢖ꣄ꢔꢶ,கோலி
ꢒꢨꢞꢶ,சடுகுடு
ꢗꢣꢸꢬꢖ꣄ꢒꢪ꣄,சதுரங்கம்
ꢗꢷꢞꢸꢓꢵꢳ꣄,சீட்டாட்டம்
ꢗꢷꢜ꣄,சீட்டு
ꢭꢮ꣄ꢥꢶꢱ꣄ ꢦꢬ꣄ꢤꢥ꣄,சுடுதல் போட்டி
ꢔꣁꢳꢶ,சுற்று
ꢒꣁꢮ꣄ꢜꢵ ꢓꢵꢳ꣄,தாயம்
ꢏꢜ꣄ꢥꢶ,தோல்வி
ꢦꢬꢵꢙꢾꢫꣁ,தோல்வி
ꢡꢬ꣄ꢥꢶ,நீச்சல்
ꢅꢡꣁ,நீச்சல்
ꢮꢾꢣꢸꢬꢸ ꢮꢬ꣄ꢠꢥꣁ,நேர்முக வர்ணனை
ꢦ꣄ꢬꢡ꣄ꢫꢒꢰ ꢮꢬ꣄ꢠꢥꣁ,நேர்முக வர்ணனை
ꢡꢡ꣄ꢒꢵꢭꢸ ꢮꢬ꣄ꢠꢥꣁ,நேர்முக வர்ணனை
ꢮꢺꢡꢸ,பட்டம்
ꢦꣁꢜ꣄ꢜꢪ꣄,பட்டம்
ꢥꣃꢒꢵꢱ꣄ꢦꢬ꣄ꢤꢥꣁ,படகுப் போட்டி
ꢥꣃꢒꢵ ꢦꣁꢥ꣄ꢡꢶ,படகுப் போட்டி
ꢦꢥ꣄ꢡꢸ,பந்து
ꢔꣁꢳꣁ,பந்து
ꢩꣁꢖ꣄ꢒꢸꢬꣁ,பம்பரம்
ꣁꢦꢭ꣄ꢭꢵꢖ꣄ꢒꢸꢳꢶ,பல்லாங்குழி
ꢱꢖ꣄ꢓ꣄ꢫꢵꢥ꣄,புள்ளிகள்
ꢧꢹꢭꢸ ꢔꣁꢳꣁ,பூப்பந்து
ꢧꢹꢭꢸ ꢦꢥ꣄ꢣꢸ,பூப்பந்து
ꢱ꣄ꢦꢬ꣄ꢤꢵ ꢡꣁꢬꢠ꣄,போட்டித் தொடர்
ꢓꢿꢳꢸ ꢬꢾꢪ꣄,விளையாட்டரங்கம்
ꢓꢿꢳ꣄,விளையாட்டு
ꢓꢿꢳꢸꢮꢥ꣄,வீரர்
ꢢꢷꢬ꣄,வீரர்
ꢓꢿꢳꢸꢮꢡꢶ,வீராங்கனை
ꢓꢿꢳ꣄ꢳꢶꢶ,வீராங்கனை
ꢙꢷꢒ꣄,வெற்றி
ꢙꢾꢫꢪ꣄,வெற்றி
ꢆꢦꢡ꣄ꢫꢒꣁ,அடிவாரம்
ꢱꢥ꣄ꢤꢶ,அடிவானம்
ꢱꢾꢡꢸ,அணை
ꢂꢳ,அணைக்கட்டு
ꢚꢬꢶ,அருவி
ꢱꢸꢥ꣄ꢣꢸꢬ꣄,ஆழி
ꢥꢾꢣ꣄ꢣꢶ,ஆறு
ꢪꣁꢱ꣄ꢫꢵꢥ꣄,இடுகாடு
ꢆꢥ꣄ꢣꢬ꣄,இருட்டு
ꢂꢥ꣄ꢣꢬ꣄,இருள்
ꢒꢱꢸ,ஊற்று
ꢲꢸꢳꢵꢔ꣄ꢔꢶꢬꢶ,ஏரிமலை
ꢡꢳꣁ,ஏரி
ꢱꢾꢣ꣄ꢣꢸ,ஒலி
ꢲꢸꢙꢵꢳ꣄,ஒளி
ꢦꣁꢥ꣄ꢣꣁ,ஓட்டை
ꢨꣁꢥ꣄ꢣꢸꢬ꣄,கடல்
ꢆꢥ꣄ꢣꢸꢬꢸꢡꢷꢬꢸ,கடற்கரை
ꢓꢠ꣄ꢞꢪ꣄,கண்டம்
ꢗꢶꢞꢵꢫ꣄ꢣꢾꢞꢸꢜꣁ,கருங்கல்
ꢒꢭꢣꢾꢔꢸꢜꣁ,கருங்கல்
ꢡꢷꢬꢸ,கரை
ꢗꢶꢞꢪꢡ꣄ꢡꢶ,களிமண்
ꢗꢶꢔꢸꢜ꣄ꢜꢪ꣄ꢡꢡꢶ,களிமண்
ꢣꢵꢬꢸ,கனிமம்
ꢬꢵꢠ꣄,காடு
ꢮꢥꢪ꣄,காடு
ꢪꢷꢜꢸ ꢡꢳꣁ,காயல்
ꢒꣃꢭꣁ,கால்வாய்
ꢮꢬꣁ,காற்று
ꢕꢸꢦꣁ,குகை
ꢱꣁꢬꣁ,குட்டை
ꢱꢸꢥ꣄ꢣꢸꢬꢸꢒꢸꢒ꣄ꢰꢶꢱꢸꢥ꣄ꢡꢸꢬꢲꢷꢦꢸ,குடா
ꢨꢸꢱꢸꢪ꣄ꢨꢸꢞ꣄ꢞꣁ,குமிழி
ꢓꣃꢬꢶ,குளம்
ꢕꢷꢬ꣄,குழி
ꢥꢶꢥ꣄ꢥꣁ,குழி
ꢔꢶꢬꢶ ꢬꢵꢠ꣄,குறிஞ்சி
ꢣꣁꢖ꣄ꢔꢬ꣄,குன்று
ꢒꢒꢸꢣ,கொடுமுடி
ꢱꢖ꣄ꢔꢪꢪ꣄,சங்கமம்
ꢡꢭꢵꢡꢵꢪ꣄,சதுப்பு நிலம்
ꢱꢥ꣄ꢣ꣄ꢫꢵ,சந்திப்பு
ꢱꢾꢥ꣄ꢡꢸ,சந்து
ꢪꢲꢵꢱꢵꢔꢬꢪ꣄,சமுத்திரம்
ꢗꢶꢞꢵꢫ꣄,சரல்
ꢗꢶꢞꢫ꣄ꢣꢾꢫ꣄ꢞꣁ,சல்லி
ꢮꢵꢜ꣄,சாலை
ꢬꢾꢱ꣄ꢡ,சாலை
ꢡꣂꢱ꣄,சிகரம்
ꢪꣁꢱ꣄ꢫꢵꢥ꣄,சுடுகாடு
ꢤꢮꢵꢮꢵꢜ꣄,சுரங்கப்பாதை
ꢕꢸꢮ꣄ꢮꣁ,சுரங்கம்
ꢃꢮꢬ꣄ꢡꢸ,சுழல்
ꢃꢮꢬ꣄ꢡꢸꢮꢬꣁ,சுழற்காற்று
ꢱꢸꢬꢶꢮꢬꣁ,சூறாவளி
ꢬꢪꢡ꣄ꢡꢶ,செம்மண்
ꢦꣁꢜ꣄ꢒ꣄ꢫꢵꢜ꣄,சேரி
ꢗꢒ꣄ꢒꢶꢭ꣄,சேறு
ꢪꢵꢬ꣄ꢔꢪ꣄,தடம்
ꢧꢹꢭꢸꢡꢳꣁ,தடாகம்
ꢦꢷꢒ꣄ ꢥꢴꢷꢡ꣄ꢡ ꣄ꢢꢵꢪ꣄,தரிசுநிலம்
ꢡꢭꢪ꣄,தளம்
ꢩꢸꢡꢭꢪ꣄,தளம்
ꢤꢵꢡꢸꢮꢱ꣄ꢡꢸ,தாதுப்பொருள்
ꢆꢳꢵ ꢔꣁꢳꣁ,தீப்பிழம்பு
ꢣꢷꢦ ꢔꢬ꣄ꢦꢸ,தீபகற்பம்
ꢣꢶꢮꢸ,தீவு
ꢡꢵꢬꢸ ꢱ꣄ꢡꢭ꣄,துறைமுகம்
ꢤꢹꢳꢶ,தூசி
ꢙꢾꢙ꣄ꢙꢸ,தூசி
ꢮꢷꢡ꣄,தெரு
ꢦꢳꣁ,தெரு
ꢣꢶꢒꢥ꣄ꢡꢸ,தொடுவானம் /அடிவானம்
ꢩꢸꢛ꣄~,நிலம்
ꢗꣀꢭꣁ,நிழல்
ꢥꢷꢞꣁ,நிழல்
ꢦꢥꢶ,நீர்
ꢂꢮ꣄ꢬꢶ,நீர்ச்சுழி
ꢑꢬꢶ,நீர்ச்சுழி
ꢦꢥ꣄ꢬꢾꢪ꣄,நீர்த்தேக்கம்
ꢦꢥꢶ ꢱ꣄ꢢꢶꢡꢶ,நீர்மட்டம்
ꢚꢬꢶ,நீர்வீழ்ச்சி /அருவி
ꢒꢱꢸ,நீரூற்று
ꢦꢥ ꣄ꢤꢵꢪ꣄,நீரோட்டம்
ꢦꢷꢥ꣄,நுரை
ꢂꢨ꣄ꢬꢥꢶ ꢤꢬꢶꢬ꣄,நெய்தல்
ꢪꢲꢵ ꢕꢷꢬ꣄,பள்ளத்தாக்கு
ꢦꢣꢵꢳ꣄,பாதாளம்
ꢱꢿꢡꢸ,பாலம்
ꢮꢭꢸ ꢬꢵꢠ꣄,பாலைவனம்/பாலை
ꢮꢭꢸ ꢮꢥ,பாலைவனம்/பாலை
ꢦꢵꢬꣁ,பாறை
ꢆꢜꢵꢮ꣄,பிரகாசம்
ꢦ꣄ꢬꢒꢵꢰ꣄,பிரகாசம்
ꢱꢪꢱ꣄ꢢꢭ꣄,பீடபூமி
ꢚꢸꢛ꣄ꢙꢸ,புயல்
ꢩꢸꢛ꣄,புவி
ꢩꢸꢄ~ ꢓꢶꢠꣀꢥꢶ,பூகம்பம்
ꢩꢸꢒꢪ꣄ꢦꢸ,பூகம்பம்
ꢪꢃꢱꢸꢥ꣄ꢣꢸꢬ꣄,பெருங்கடல்
ꢪꢴꣁꢜ꣄ ꢚꢬꢶ,பேரருவி
ꢩꢸꢬ꣄ꢒꣁ,பொடி
ꢗꢹꢬ꣄ꢠꢸ,பொடி
ꢲꢶꢬꣁ,பொய்கை
ꢣꢪꢬ꣄ ꢡꢳꣁ,பொய்கை
ꢱꢢꢶꢡꢶ,மட்டம்
ꢪꢡ꣄ꢡꢶ,மண்
ꢮꢳꢸ,மணல்
ꢮꢳꢸꢡꢶꢦ꣄ꢦꣁ,மணல் திட்டு
ꢮꢳꢸꢪꢶꢜ꣄ꢜꣁ,மணல் தேரி
ꢪꣁꢯ꣄꣄ꢫꢵꢥ꣄,மயானம்
ꢦꢷꢒꢸꢤꢬꢶꢬ꣄,மருதம்
ꢣꣁꢖ꣄ꢔꢬ꣄,மலை
ꢔꢶꢬꢶ,மலை
ꢔꢶꢬꢶꢚꢶꢬ꣄ꢮꢵꢜ꣄,மலைச்சரிவு
ꢡꣁꢖ꣄ꢔꢬ ꣄ꢮꢵꢜ꣄,மலைச்சாரல்
ꢡꣁꢖ꣄ꢒꢬ꣄ꢡꣁꢬꢠ꣄,மலைத்தொடர்ச்சி
ꢗꢦꢭ꣄,மின்னல்
ꢥꢴꢵꢥ꣄ꢮꢷꢡ꣄,முடுக்கு
ꢮꢥꢵꢥ꣄ꢡꢶꢬ,முல்லை
ꢪꣁꢥꣁ,முனை
ꢂꢓꢵꢣꣁ,வளைகுடா
ꢮꢵꢜ꣄,வழி
ꢮꢾꢭ꣄ꢮꣁ,வெள்ளம்
ꢦ꣄ꢬꢮꢵꢲ,வெள்ளம்
ꢦꢥ꣄ꢰꢥ꣄ꢣꢶ,ஜலசந்தி
ꢂꢒ꣄ꢒꢬꣁꢓꢳ꣄ꢳꢿ,அக்கறைகொள்
ꢂꢨ꣄ꢨꢶꢥꢶ ꢦꣂꢜ꣄,அகப்படு
ꢤꢒ꣄ꢒꢶ ꢬꢴꢵ,அச்சப்படு
ꢤꢒ꣄ꢒꢵꢜ꣄,அச்சமூட்டு
ꢂꢗ꣄ꢗꢸ ꢡꢵꢫ꣄,அச்சிடு
ꢪꢸꢣ꣄ꢬꢶꢠꢶ ꢒꢾꢬ꣄,அச்சிடு
ꢤꢵꢒ꣄ ꢕꢵꢭ꣄,அச்சுறுத்து
ꢔꢵꢭꢸꢪ꣄ ꢢꣁꢮ꣄ꢭꢶ ꢭꢸꢨ꣄ꢨꢶ,அசைபோடு
ꢆꢞ꣄ꢔꢞꢶ ꢢꣁꢮ꣄,அடக்கிவை
ꢕꢵꢪ꣄ ꢭꢔꢳ꣄ꢳꢿ,அடிபடு
ꢓꢵꢭ꣄ ꢦꣂꢜ꣄,அடிபணி
ꢨꢥ꣄ꢣꢶ ꢒꢿꢬ꣄,அடிமைப்படுத்து
ꢣꢵꢱ꣄ ꢒꢿꢬ꣄,அடிமைப்படுத்து
ꢲꢬꢸꢪ꣄ꢨꢪ꣄ ꢒꢿꢬ꣄,அடிவை
ꢦꢔꢸꢭ꣄ ꢢꣁꢮ꣄,அடிவை
ꢙꢾꢡꣁꢒꢥꢶ ꢃꢮ꣄,அணிதிரள்
ꢂꢡ꣄ꢒ꣄ꢫꢵꢬ ꣄ꢣꢿ,அதிகாரம் அளி
ꢨꢾꢣꢶꢬꢶ ꢦꣂꢜ꣄,அதிர்ச்சியடை
ꢨꢾꢣꢸꢬ꣄ ꢦꣁꢞꢵꢜ꣄,அதிர்ச்சியூட்டு
ꢱꢪꢵꢤꢵꢥ꣄ ꢒꢿꢬ꣄,அமைதிப்படுத்து
ꢯꢵꢥ꣄ꢡꢶ ꢒꢿꢬ꣄,அமைதிப்படுத்து
ꢱꢪꢵꢤꢵꢥ꣄ ꢲꣁ,அமைதியடை
ꢂꢬ꣄ꢦꢠꣁ ꢒꢾꢬ꣄,அர்ப்பணி
ꢙꢭ꣄ꢦꢥꣁ ꢒꢿꢬ꣄,அரட்டையடி
ꢮꢶꢬ꣄ꢢꢵ ꢮꢡ꣄ꢡꣁ ꢒꢿꢬ꣄,அரட்டையடி
ꢒꢾꢰ꣄ꢜꢪ꣄ꢦꢵꢜ꣄ꢦꣁꢜ꣄,அரும்பாடுபடு
ꢮꢾꢥ꣄ ꢒꢾꢰ꣄ꢜꢪ꣄ ꢦꣂꢜ꣄,அல்லாடு
ꢱꢶꢖ꣄ꢔꢵꢬ꣄ ꢒꢿꢬ꣄,அலங்காரம்செய்
ꢂꢭꢖ꣄ꢒꢵꢬ꣄ ꢒꢿꢬ꣄,அலங்காரம்செய்
ꢂꢮ꣄ꢱꢬ꣄ꢒꢿꢬ꣄,அவசரப்படுத்து
ꢂꢮ꣄ꢱꢬ꣄ꢦꣂꢜ꣄,அவசரப்படு
ꢂꢮ꣄ꢤꢶ ꢦꣂꢜ꣄,அவதிப்படு
ꢥꢶꢪꢥ꣄ꢡ꣄ꢬꢠꣁ ꢒꢿꢬ꣄,அழைப்புவிடு
ꢨꣁꢮꢥ꣄ ꢤꢞ꣄ꢞꢿ,அழைப்புவிடு
ꢦꢬꢶꢗꢫꣁ ꢒꢿꢬ꣄,அறிமுகப்படுத்து
ꢱꢶꢒ꣄ꢒꢞꢶ ꢣꢾ,அறிவுபுகட்டு
ꢛꢵꢥ꣄ ꢣꢾ,அறிவுபுகட்டு
ꢦꢶꢒ꣄ꢒꢶꢥꢶ ꢒꢵꢜ꣄,அறுவடைசெய்
ꢦꢷꢒ꣄ ꢒꢵꢜ꣄,அறுவடைசெய்
ꢂꢥ꣄ꢫꣁ ꢲꣂ,அன்னியமாகு
ꢂꢣꢶꢱꢪ꣄ ꢦꣂꢜ꣄,ஆச்சரியப்படு
ꢃꢯ꣄꣄ꢗꢬ꣄ꢫꢸ ꢦꣁꢞꢵꢜ꣄,ஆச்சரியப்படுத்து
ꢃꢱ꣄ꢡ ꢦꣂꢜ꣄,ஆசைப்படு
ꢂꢦꢸꢭ꣄ ꢒꢾꢬ꣄ꢭꢾ,ஆட்கொள்
ꢂꢦꢸꢭ꣄ꢒꢥꢶ ꢮꢲꢶꢭꢿ,ஆட்கொள்
ꢂꢦ꣄ꢭꢵꢥ꣄ ꢒꢾꢬ꣄ꢭꢿ,ஆட்கொள்
ꢱ꣄ꢢꢶꢬꢪ꣄ ꢥꢴꢷꢡ꣄ꢡꣁ ꢬꢴ ꢵ,ஆட்டம்காண்
ꢲꢭ꣄ꢭꢥ꣄ ꢥꢶꢔꢶꢭ꣄,ஆட்டம்காண்
ꢆꢣ꣄ꢣꢬ꣄ ꢣꢾ,ஆணை பிறப்பி
ꢬꢵꢒ꣄ ꢂꢥ꣄꣄ꢭꢾ,ஆத்திரப்படு
ꢬꢵꢒ꣄ ꢂꢮꢵꢜ꣄,ஆத்திரமூட்டு
ꢃꢣꢬꣁ ꢣꢿ,ஆதரவளி
ꢡꢾꢫꢵꢬ꣄ ꢒꢾꢬ꣄ꢭꢿ,ஆயத்தமாகு
ꢆꢡ꣄ꢒꢸꢬꣂꢯꣁ ꢒꢿꢬ꣄,ஆர்ப்பரி
ꢬꢾꢗ꣄ꢗꢵ ꢬꢾꢗ꣄ꢗꣁ ꢡꢵꢫ꣄,ஆர்ப்பரி
ꢙꣁꢱ꣄ꢫꢪ꣄ ꢱꢖ꣄ꢔꢶ,ஆரூடம்கூறு
ꢧꢸꢭ꣄ꢭꢵꢪ꣄ ꢱꢖꢔꢶ,ஆரூடம்கூறு
ꢃꢭꣂꢗꢥꣁ ꢱꢖ꣄ꢔꢶ,ஆலோசனைகூறு
ꢤꢾꢫ꣄ꢬꢶꢫꢪ꣄ ꢱꢖ꣄ꢔꢶ,ஆறுதலளி
ꢯꢵꢥ꣄ꢡꢶ ꢣꢾ,ஆறுதலளி
ꢱꢵꢥ꣄ꢡ꣄ꢮꢥꣁ ꢒꢿꢬ꣄,ஆறுதலளி
ꢱꢪ꣄ꢪꢡ꣄ ꢣꢿ,இசைவுகொடு
ꢢꢵꢪ꣄ꢡꢔꢶ ꢢꣁꢮ꣄,இடமொதுக்கு
ꢢꢵꢪ꣄ ꢣꢿ,இடம்கொடு
ꢢꢵꢪ꣄ ꢪꢬ꣄ꢗꢶ ꢙꢵ,இடம்பெயர்
ꢢꢵꢪ꣄ ꢪꢬ꣄ꢗꢶ ꢢꣁꢮ꣄,இடம்பெயர்
ꢢꢵꢪ꣄ꢪꢬ꣄ꢗꢶ,இடமாற்று
ꢒꢾꢰ꣄ꢜꢪ꣄ ꢂꢞ꣄ꢞꢪ꣄ ꢂꢮꢵꢜ꣄,இடருண்டாக்கு
ꢥꢾꢱ꣄ꢒꢶꢥꢶ ꢦꣁꢜ꣄,இடிபடு
ꢂꢞ꣄ꢞꢪ꣄ ꢦꣂꢜ꣄,இடைமறி
ꢂꢮ꣄ꢞꣁꢦꣂꢜ꣄,இடையிடு
ꢡꣁꢥ꣄ꢣꢬꢮ꣄ ꢒꢿꢬ꣄,இடையூறுசெய்
ꢏꢦ꣄ꢦꢱ꣄ꢡꢶꢱꣁ ꢒꢿꢬ꣄,இணங்கவை
ꢂꢥꢸꢡꢵꢦ꣄ ꢒꢭꢵꢜ꣄,இரங்கல் தெரிவி
ꢪꢴꢮ꣄ꢭꢶ ꢡꢵꢫ꣄,இருட்டடிப்பு செய்
ꢲꢥ꣄ꢢꢵꢬ꣄ ꢒꢿꢬ꣄,இருட்டாக்கு
ꢩꢮꢵꢜ꣄ ꢡꢵꢫ꣄,இரைச்சலிடு
ꢱꢖ꣄ꢓ꣄ꢫꣁꢣꢿ,இலக்கமிடு
ꢆꢥ꣄ꢥꣁ ꢒꢿꢬ꣄,இழிவுபடுத்து
ꢦꣁꢜ꣄ꢜꢳ ꢶꢩꢥ꣄ꢣꢶꢭꢿ,இறுகத்தழுவு
ꢦꣁꢞꢭꢶ ꢩꢥ꣄ꢣꢶꢭꢿ,இறுகத்தழுவு
ꢣꢿꢮꢸ ꢦꢣꢪ꣄ ꢪꢷꢭ꣄,இறைவனடி சேர்
ꢔꢸꢬ꣄ꢡꢸ ꢒꢳꣀꢭꢿ,இனம் காண்
ꢱꢪꢪꣁ ꢲꣁꢫ꣄ꢭꢿ,ஈடாகு
ꢂꢩꢿꢡ꣄ ꢙꢮꢞ꣄ꢳꢿ,ஈடாகு
ꢦ꣄ꢬꢡꢶꢦꢹꢬ꣄ꢡꢶ ꢒꢿꢬ꣄,ஈடுசெய்
ꢆꢥ꣄ꢥꢦꢥ꣄ ꢱꢾꢬ꣄ꢒꣁ ꢒꢿꢬ꣄,ஈடுசெய்
ꢭꢔꢶꢛ꣄ꢗꢶ ꢬꢴꢵ,ஈடுபடு
ꢭꢔꢶꢛ꣄ꢗꢞꢶ ꢬꢴꢵ,ஈடுபடுத்து
ꢱꢶꢣ꣄ꢤꢶ ꢲꣂ,ஈடேறு
ꢒꢾꢭꢵꢪ꣄ ꢭꢵꢮ꣄,ஈயம்பூசு
ꢩꣁꢙꢥꣁ ꢒꢾꢬ꣄ꢭꢿ,உட்கொள்
ꢩꢶꢡ꣄ꢡꢬ꣄ ꢢꣂꢮ꣄,உட்செலுத்து
ꢲꣁꢔꢡ꣄ ꢲꢶꢖ꣄ꢔꢵꢜ꣄,உட்செலுத்து
ꢱꢪ꣄ꢪꢡ꣄ ꢦꣁꢥ꣄ꢣꢶ,உட்படு
ꢩꢶꢡ꣄ꢡꢬ꣄ ꢡꢹꢬ꣄,உட்புகு
ꢱꢲꢪꢡꢶ ꢲꣁꢫ꣄ꢭꢿ,உடன்படிக்கை செய்
ꢏꢙꢥꢵꢒ꣄ ꢏꢙꢥꣁ ꢏꢦ꣄ꢦꢶꢭꢿ,உடன்படிக்கை செய்
ꢨꣁꢜ꣄ꢜꣁ ꢲꢾꢜ꣄,உடைகளை
ꢨꣁꢜ꣄ꢜꣁ ꢱꣁꢮ꣄ꢞꢶ,உடைகளை
ꢆꢬ꣄ꢦꢡ꣄ꢡꢶ ꢒꢿꢬ꣄,உண்டுபண்ணு
ꢩꢵꢡ꣄ ꢕꢵꢭ꣄,உணவளி
ꢦ꣄ꢬꢫꣂꢙꢥꣁ ꢦꣁꢜ꣄,உபயோகப்படு
ꢆꢦꢫꣂꢒ꣄ ꢲꣂ,உபயோகப்படு
ꢥꢸꢔꢵꢱ꣄ꢡꢶꢱꣁ ꢬꢴꢵ,உபயோகப்படு
ꢙꢷꢮ꣄ ꢱꣂꢜ꣄,உயிர்விடு
ꢙꢷꢮ꣄ꢣꢾ,உயிரூட்டு
ꢙꢷꢮ꣄ ꢕꢵꢭ꣄,உயிரூட்டு
ꢨꣁꢭꢪ꣄ꢒꢿꢬ꣄,உரமூட்டு
ꢨꢵꢤ꣄ꢫꢡꣁ ꢪꢔꢶꢭꢾ,உரிமைகொண்டாடு
ꢬꢹꢦ꣄ ꢕꢵꢭ꣄,உருகொடு
ꢪꢥꣁꢥꣁ ꢒꢾꢬ꣄ꢭꢾ,உருப்போடு
ꢬꢸꢦ꣄ ꢪꢬ꣄ꢗꢶꢭꢿ,உருமாறு
ꢱꢪ꣄ꢩꢵꢰꢠꣁ ꢒꢿꢬ꣄,உரையாடு
ꢭꣂꢦꢸꢭꣁ ꢬꢵꢱ꣄ꢡꢶꢱꣁ ꢒꢿꢬ꣄,உள்ளடக்கு
ꢭꣂꢦꢸꢭꣁ ꢢꣁꢮ꣄ꢭꢿ,உள்ளடக்கு
ꢆꢡ꣄ꢱꢵꢲ꣄ ꢦꣁꢥ꣄ꢣꢶ,உற்சாகமடை
ꢔꢪ꣄ꢗꢶ ꢎꢒꢶ,உற்றுக்கேள்
ꢓꢸꢬ꣄ꢒꢥꢶ ꢱꢵ,உற்றுப்பார்
ꢏꢙꢥꢵꢒ꣄ ꢏꢙꢥꣁ ꢦ꣄ꢬꢵꢪꣁꢒꢥꢶ ꢗꢭ꣄ꢭꢾ,உறவாடு
ꢥꢶꢱꢰ꣄꣄꣄ꢒꢠꣁ ꢒꢿꢬ꣄,உறுதி செய் / உறுதிப்படுத்து
ꢦ꣄ꢬꢪꢵꢠ꣄ꢓꢳ꣄ꢳꢿ,உறுதிபூண்
ꢆꢡ꣄ꢱꢵꢲ꣄ꢒꢿꢬ꣄,ஊக்கமளி
ꢆꢛ꣄ꢙꢭꣁ ꢓꢵꢳ,ஊசலாடு
ꢗꣁꢞ꣄ꢞꣁ ꢦꣁꢞꢶꢩꢶꢡ꣄ꢡꢬ꣄ ꢢꢹꢬ꣄,ஊடுருவு
ꢓꣁꢭꢵ ꢩꢮꢵꢜ꣄ ꢡꢵꢫ꣄,ஊளையிடு
ꢧꢸꢮ꣄ꢥꢶ ꢬꢾꢗ꣄ꢗꣁ ꢒꢿꢬ꣄,ஊளையிடு
ꢩꣁꢫ꣄ꢱꢸ ꢬꢾꢗ꣄ꢗꣁ ꢡꢵꢫ꣄,எக்காளமிடு
ꢲꢜ꣄ꢮꢶ ꢱꢵ,எண்ணமிடு
ꢦ꣄ꢬꢡꢶꢤꣁꢥꢶꢒꢿꢬ꣄,எதிரொலி
ꢮꢾꢣꢸꢬ꣄ ꢦꣁꢜ꣄,எதிர்ப்படு
ꢱꢵꢪꢸꢬ꣄ ꢃꢮ꣄,எதிர்ப்படு
ꢮꢾꢣꢸꢬ꣄ ꢣꢾꢒ꣄ꢒꢶ,எதிர்ப்படு
ꢦ꣄ꢬꢡꢷꢒ꣄ꢯꣁ ꢒꢿꢬ꣄,எதிர்பார்
ꢌꢣꢸꢬ ꣄ꢱꢵ,எதிர்பார்
ꢬꢵꢒ꣄ ꢂꢮꢵꢜ꣄,எரிச்சலூட்டு
ꢱꢷꢪꣁ ꢣꢵꢜ꣄,எல்லைகட
ꢆꢣ꣄ꢮꢿꢒ꣄ ꢒꢾꢬ꣄,எழுச்சியூட்டு
ꢆꢣ꣄ꢮꢿꢔ꣄ ꢂꢮꢵꢜ꣄,எழுச்சியூட்டு
ꢆꢦꢲꢵꢱ꣄ ꢒꢿꢬ꣄,எள்ளிநகையாடு
ꢣꢾꢔꢵꢬ꣄ꢣꢿ,ஏப்பமிடு
ꢌꢭꢪ꣄ ꢱꣂꢜ꣄,ஏலம்விடு
ꢦ꣄ꢬꢨꢥ꣄ꢡꢸ ꢒꢿꢬ꣄,ஏற்பாடு செய்
ꢦꢹꢬ꣄ꢮꢩꢶꢥꢫꣁ ꢒꢿꢬ꣄,ஒத்திகை நடத்து
ꢱꣁꢪ꣄ꢪꢬ꣄ ꢣꣁꢨ꣄ꢨꢶꢢꣁꢮ꣄,ஒத்திப்போடு
ꢣꣁꢨ꣄ꢨꢶꢢꣂꢮ꣄,ஒத்திவை
ꢱꢲꢫꣂꢒ꣄ ꢒꢿꢬ꣄,ஒத்துழை
ꢡꢶꢬꢯ꣄꣄ ꢒꢵꢬ,ஒதுக்கித்தள்ளு
꣄ꢒꢿꢬ꣄,ஒதுக்கித்தள்ளு
ꢲꢾꢞꢶ ꢡꣂꢮ꣄,ஒதுக்கிவை
ꢮꢱꣁ ꢣꢾ,ஒப்படை
ꢲꢵꢡꢸ ꢂꢒ꣄ꢰꢬ꣄ꢡꢵꢫ꣄,ஒப்பமிடு
ꢱꢶꢖ꣄ꢔꢵꢬ꣄ ꢒꢾꢬ꣄ꢭꢿ,ஒப்பனை செய்
ꢡꣂꢡ ꣄ꢱꢵ,ஒப்பிடு
ꢂꢥꢸꢪꢡꢶ ꢣꢿ,ஒப்புதலளி
ꢱꢪ꣄ꢫꣂꢙꢥꣁ ꢒꢿꢬ꣄,ஒருங்கிணை
ꢤ꣄ꢫꢵꢥ꣄ ꢫꣂꢒ꣄ ꢒꢿꢬ꣄,ஒருமுனைப்படுத்து
ꢬꢹꢦ꣄ ꢥꢾꢬ꣄ꢦꢶ,ஒளிபரப்பு
ꢙꢾꢡꣁ ꢗꢾꢬ꣄,ஒன்றுகூடு
ꢙꢾꢡꣁ ꢗꢾꢬ꣄ꢗꢶ,ஒன்றுசேர்
ꢤꢪꢶ ꢙꢵ,ஒடிப்போ
ꢥꢶꢮ꣄ꢬꢸꢡꢶ ꢲꣂ,ஒய்வுபெறு
ꢗꢶꢡ꣄ꢬꢸ ꢭꢶꢓꢶ,ஒவியம்தீட்டு
ꢡꢶꢬ꣄ꢪꢵꢥ꣄ ꢒꢾꢬ꣄ꢭꢿ,கங்கணங்கட்டு
ꢒꢿꢜ ꣄ꢩꢥ꣄ꢣꢶꢭꢿ,கச்சைகட்டு
ꢱꢸꢭ꣄ꢒꣁ ꢩꢥ꣄ꢣꢶ,கட்டணங்கட்டு
ꢃꢙ꣄ꢛꣁ ꢣꢿ,கட்டளைபிறப்பி
ꢃꢙ꣄ꢛꣁꢣꢿ ꢡꢵꢫ꣄,கட்டளையிடு
ꢨꢭꢮꢥ꣄ꢡꢸ ꢒꢿꢬ꣄,கட்டாயப்படுத்து
ꢂꢤꢶꢒꢵꢬꢸꢪ꣄ ꢬꢴꢵ,கட்டுக்கடங்கு
ꢥꢶꢫꢥ꣄ꢡ꣄ꢬꢠꣁꢒꢿꢬ꣄,கட்டுப்படுத்து
ꢒꢾꢜ꣄ꢜꢸ ꢡꢵꢫ꣄,கட்டுப்போடு
ꢲꢾꢳ꣄ꢳꢶꢶ ꢙꢵ,கடத்திச்செல்
ꢒꢬ꣄ꢡꢮ꣄ ꢒꢿꢬ꣄,கடமையாற்று
ꢬꢷꢠ꣄ ꢦꣂꢜ꣄,கடன்படு
ꢬꢷꢠ꣄ ꢓꢵꢜ꣄,கடன்வாங்கு
ꢓꢾꢜꢶꢥ꣄ ꢒꢿꢬ꣄,கடினமாக்கு
ꢂꢥꢸꢱꢬꢶꢭꢾ,கடைபிடி
ꢡꣁꢬꢶ ꢙꢵ,கடைபிடி
ꢔꢪ꣄ꢗꢶ ꢱꢾꢫ꣄ꢭꢿ,கண்காணி
ꢣꣁꢳꣁ ꢪꢶꢱ꣄ꢒꢶ,கண்சிமிட்டு
ꢓꢠ꣄ꢞꢠꣁ ꢒꢿꢬ꣄,கண்டனம் செய்
ꢣꢾꢒ꣄ꢒꢶ ꢤꢿꢬ꣄,கண்டுபிடி
ꢣꣁꢳꢵꢪ꣄ꢦꢥꢶ ꢓꢵꢜ꣄,கண்ணீர்சொரி
ꢣꣁꢳꣁꢲꣁꢬ꣄ ꢱꢾꢫ꣄ꢭꢿ,கண்ணுறு
ꢭꢴꢾꢒ꣄ꢒꣁ ꢒꢿꢬ꣄,கணக்கிடு
ꢒꢵꢪ꣄ ꢲꢶꢨ꣄ꢨꢵꢜ꣄,கதவடை
ꢒꢾꢬꢥ꣄ ꢒꢭꢥꢵꢡꣁ ꢬꢴꢵ,கதிகலங்கு
ꢕꢾꢬ꣄ꢮꢵꢬ꣄ ꢬꢴꢵ,கர்ப்பம்தரி
ꢔꢬ꣄ꢩꢸ ꢙꢵꢮꢵꢜ꣄,கருச்சிதைவு செய்
ꢂꢩꢶꢦ꣄ꢬꢵꢫꢪ꣄ ꢱꢖ꣄ꢔꢶ,கருத்துரை
ꢒꢾꢜ꣄ꢜꢣꢞꢱ꣄ꢡꢶ ꢱꣁ ꢙꢵ,கரைபுரள்
ꢩ꣄ꢬꢪꣁ ꢲꣂ,கலக்கமடை
ꢒꢭꢲꣁꢒꢿꢬ꣄,கலகம் செய்
ꢂꢬꢵꢙꢒꢡꣁ ꢒꢿꢬ꣄,கலகம் செய்
ꢒꢭꢲꣁ ꢒꢾꢬꢵꢜ꣄,கலவரப்படுத்து
ꢪꣁꢥ꣄ꢥꢸ ꢒꢮ꣄ꢭꢫꢶ ꢬꢴꢵ,கலவரமடை
ꢒꢾꢳ꣄ꢳꢸ ꢏꢜ꣄ꢗꢶ,கள்ளிறக்கு
ꢒꢭ꣄ꢦꢥꣁ ꢒꢾꢬ꣄,கற்பனை செய்
ꢥꢿꢪꣁ ꢥꢵꢯ꣄꣄,கறைப்படுத்து
ꢒꢵꢜ꣄ ꢦꣁꢞꢜ꣄,கறைப்படுத்து
ꢱꣁꢦ꣄ꢥꣁ ꢣꢾꢒ꣄ꢒꢶ,கனவுகாண்
ꢣꢬ꣄ꢯꢥꣁ ꢣꢿ,காட்சியளி
ꢣꢾꢒ꣄ꢒꢞꢶ ꢣꢿ,காட்டிக்கொடு
ꢪꣂꢱ꣄ ꢒꢿꢬ꣄,காட்டிக்கொடு
ꢣꢸꢬꣂꢲ꣄ ꢒꢿꢬ꣄,காட்டிக்கொடு
ꢬꢒ꣄ꢒꢶ ꢬꢴꢵ,காத்திரு
ꢦ꣄ꢬꢿꢮ꣄ ꢦꣁꢜ꣄,காதல்கொள்
ꢒꢵꢥꢸꢪ꣄ ꢦꣂꢜ꣄,காதில்விழு
ꢒꢵꢥ꣄ ꢲꣂꢬ꣄ ꢎꢒꢶ,காதுகொடு
ꢕꢵꢪ꣄ ꢦꣂꢜ꣄,காயம்படு
ꢕꢵꢪ꣄ ꢦꣁꢞꢜ꣄,காயப்படுத்து
ꢒꢵꢭ꣄ ꢲꣁ,காலமாகு
ꢣꢾꢮ꣄ꢒꢫꢶ ꢙꢵ,காலமாகு
ꢒꢵꢨꢥ꣄ꢣꢸ ꢒꢿꢬ꣄,காவல்செய்
ꢩꢷꢡꢶꢒꢿꢬ꣄,கிலியூட்டு
ꢤꢵꢒ꣄ ꢂꢮꢵꢜ꣄,கிலியூட்டு
ꢱꢛ꣄ꢗꢭꢥꣁ ꢲꣂ,கிளர்ச்சியடை
ꢱꢛ꣄ꢗꢭꢥꣁ ꢒꢿꢬ꣄,கிளர்ச்சியூட்டு
ꢃꢙ꣄ꢛꣁ ꢦꢵꢭꢥꣁ ꢒꢿꢬ꣄,கீழ்ப்படி
ꢃꢙ꣄ꢛꣁꢤꢵꢥꢸ ꢗꢵꢭ꣄,கீழ்ப்படி
ꢂꢤꢶꢒꢵꢬ꣄ ꢤꢵꢥꢸ ꢗꢭ꣄ꢭꢾ,கீழ்ப்படி
ꢓꢵꢭ꣄ ꢬꢴꢮꢵꢜ꣄,கீழ்ப்படுத்து
ꢪꣁꢥ꣄ꢥꢸꢪ꣄ ꢨꢷꢱ꣄,குடிகொள்
ꢒꢵꢦ꣄ ꢬꢴꢮꢵꢜ꣄,குடியமர்த்து
ꢮꢵꢱꢱ꣄ꢢꢭꣁ ꢥꢶꢬ꣄ꢠꢫꣁ ꢒꢿꢬ꣄,குடியமர்த்து
ꢮꢵꢱ꣄ꢒꢿꢬ꣄,குடியிரு
ꢮꢵꢱ꣄ ꢒꢾꢬꢵꢜ꣄,குடியேற்று
ꢮꢵꢱ꣄ ꢲꣁ,குடியேறு
ꢒꢵꢦ꣄ ꢙꢵ,குடியேறு
ꢨꢬꣁ ꢒꢿꢬ꣄,குணப்படுத்து
ꢦꢵꢄ ꢱꢦꣂꢜ꣄,கும்பிடு
ꢭꢸꢪ꣄ꢦ꣄ꢭꣁ ꢲꣁ,குழப்பமடை
ꢭꢸꢪ꣄ꢦ꣄ꢭꣁꢒꢿꢬ꣄,குழப்பமூட்டு
ꢦꣁꢭ꣄ꢭꢪ꣄ ꢒꣁꢮ꣄ꢬꢶ,குழிபறி
ꢲꢹꢥ꣄ꢭꢔꢳ꣄ꢳꢿ,குளிர்காய்
ꢲꢷꢪ꣄ ꢙꢮꢞ꣄ꢳꢿ,குளிர்காய்
ꢗꢹꢒ꣄ ꢱꢖ꣄ꢔꢶ,குற்றம்கூறு
ꢗꢹꢒ꣄ ꢒꢿꢬ꣄,குற்றம்புரி
ꢦꣁꢱ꣄ꢪꢾ ꢱꢖ꣄ꢔꢶ,குறிசொல்
ꢲꢾꢞꢶ ꢱꢖ꣄ꢔꢶ,குறிப்பிடு
ꢗꢶꢥ꣄ꢲꢸ ꢕꢵꢭ꣄,குறியிடு
ꢭꢾꢒ꣄ꢒꢸ ꢢꣂꢮ꣄,குறிவை
ꢤ꣄ꢫꢿꢫꢸ ꢢꣁꢮ꣄ꢭꢿ,குறிவை
ꢭꢵꢙ꣄ꢭꢔꢳ꣄ꢳꢿ,கூச்சப்படு
ꢬꢾꢗ꣄ꢗꣁ ꢪꢵꢜ꣄,கூச்சலிடு
ꢪꢸꢔꢵꢪ꣄ ꢡꢵꢫ꣄,கூடாரமடி
ꢮꢿꢥ꣄ꢒꢿꢬ꣄,கூடுதலாக்கு
ꢬꢸꢣ꣄ꢬꢡꢵꢠ꣄ꢜꢮ꣄ ꢓꢵꢳ꣄,கூத்தாடு
ꢗꢹꢔ꣄ ꢕꢵꢭ꣄,கூப்பாடுபோடு
ꢒꢾꢛ꣄ꢙꢶꢪꢵꢫ꣄,கெஞ்சிக்கேள்
ꢓꢾꢭ꣄ꢭꢭ꣄ꢒꢿꢬ꣄,கேலி செய்
ꢂꢮ꣄ꢪꢵꢥ꣄ ꢦꣂꢜ꣄,கேவலப்படு
ꢎꢒꢶꢥ ꢶꢦꣂꢜ꣄,கேள்விப்படு
ꢲꢵꢡꢸꢪ꣄ ꢓꢳ꣄ꢳꢾ,கைக்கொள்
ꢲꢵꢡ꣄ ꢲꢭ꣄ꢮꢶ,கைக்குலுக்கு
ꢣꢷꢲꢵꢡ꣄ ꢗꢾꢬ꣄ꢗꢶꢭꢶ ꢂꢛ꣄ꢙꢭꢶ ꢒꢿꢬ꣄,கைகுவி
ꢱꢶꢣ꣄ꢤꢶ ꢲꣂ,கைகூடு
ꢲꢵꢡ꣄ ꢡꢾꢜ꣄ꢜꢶ,கைகொட்டு
ꢒꣀꢣꢸꢒꢾꢬ꣄,கைது செய்
ꢨꢥ꣄ꢣꢶ ꢒꢿꢬ꣄,கைது செய்
ꢦꢵꢠꢶꢔ꣄ꢬꢲꢥꣁ ꢒꢾꢬ꣄ꢭꢿ,கைப்பற்று
ꢲꣁꢬꢵꢜ꣄ ꢒꢾꢬ꣄ꢭꢿ,கைப்பற்று
ꢲꢵꢡ꣄ ꢢꣂꢮ꣄,கையாடு
ꢗꢭ꣄ꢡꣁ ꢒꢿꢬ꣄,கையாள்
ꢱꣁꢞ꣄ꢞꢶ ꢙꢵ,கைவிடு
ꢤꣁꢪ꣄ꢨꢸꢭꢵꢫ꣄ ꢡꢿ,கொட்டாவிவிடு
ꢣꢸꢬꢵꢗꢬꢠꣁ ꢒꢿꢬ꣄,கொடுமைப்படுத்து
ꢲꢶꢪ꣄ꢱꣁ ꢒꢿꢬ꣄,கொடுமைப்படுத்து
ꢬꢾꢔꢡ꣄ ꢓꢾꢞ꣄,கொதிப்புறு
ꢙꢷꢮ꣄ ꢣꢹꢱ꣄,கொலை செய்
ꢭꢹꢜ꣄ꢪꢵꢬ꣄ ꢒꢿꢬ꣄,கொள்ளையடி
ꢱꢹꢜ꣄ ꢲꢵꢥ꣄,கொள்ளையடி
ꢕꢾꢥꢪ꣄ ꢦꣁꢥ꣄ꢣꢶ,கௌரவம்கொள்
ꢱꢜ꣄ꢜꢪ꣄ ꢡꢵ,சட்டம்போடு
ꢚꢾꢞꣁ ꢪꢭ꣄ꢭꢿ,சண்டையிடு
ꢔꢹꢟꣁ ꢒꢿꢬ꣄,சதி செய்
ꢱꢡꢶ ꢒꢿꢬ꣄,சதி செய்
ꢱꣁꢥ꣄ꢡꣂꢰ꣄ ꢦꣂꢜ꣄,சந்தோஷப்படு
ꢱꢪꣁ ꢒꢿꢬ꣄,சமமாக்கு
ꢱꢪꢤꢵꢥ꣄ ꢒꢿꢬ꣄,சமாதானப்படுத்து
ꢱꢬꢠꢵꢔꢣꢶꢦꣁꢥ꣄ꢣꢶ,சரணடை
ꢭꢾꢒ꣄ꢒ ꢱꣁꢬ꣄ꢒ꣄ꢒꣁ ꢒꢿꢬ꣄,சரிக்கட்டு
ꢱꢾꢬ꣄ꢒ꣄ꢒ ꢒꢿꢬ꣄,சரிப்படுத்து
ꢗꢾꢭ꣄ꢮꣁ ꢒꢿꢬ꣄,சலவை செய்
ꢪꣁꢬ꣄ꢔ꣄ꢫꢵꢡ꣄ ꢒꢳꢵꢜ꣄,சலாமிடு
ꢱꢾꢭ꣄ꢒꢾ ꢣꢾꢒ꣄ꢒꢵꢜ꣄,சலுகைகாட்டு
ꢦꢾꢫꢶꢬ꣄ ꢙꢸꢥ꣄ꢥꢶ,சாகுபடி செய்
ꢦ꣄ꢬꢪꢵꢠ ꣄ꢣꢾ,சான்றளி
ꢦ꣄ꢬꢪꢵꢠ꣄ ꢒꢿꢬ꣄,சான்றளி
ꢨꢸꢱ꣄ꢒꣁ ꢒꢿꢬ꣄,சிக்கலாக்கு
ꢱꢪ꣄ꢜꢵꢜ꣄,சிக்கவை
ꢱꢾꢜ꣄ꢜꢸꢒꢥ꣄ ꢬꢴꢵ,சிக்கனைமாயிரு
ꢮꢿꢥ꣄ ꢱꢶꢳ꣄ꢳ ꢦꣂꢜ꣄,சில்லிடு
ꢓ꣄ꢫꢵꢡꢶ ꢦꣁꢥ꣄ꢣꢶ,சிறப்புறு
ꢪꢸꢡ꣄ꢡꢶ,சிறுநீர்கழி
ꢂꢭꢖ꣄ꢔꣂꢭꢪ꣄ ꢒꢿꢬ꣄,சீர்குலை
ꢔꢸꢠ꣄ꢠꢸ ꢥꢴꢷꢡ꣄ꢡꣁ ꢬꢵ,சீர்கெடு
ꢱꢹꢤꢵꢬ꣄ ꢒꢾꢬ꣄,சீர்திருத்து
ꢥꢶꢫꢪꣁ ꢥꢵꢯ꣄,சீரழி
ꢪꢶꢜ꣄ꢜꢶ ꢱꣂꢜ꣄,சுண்டிவிடு
ꢗꢸꢜ꣄ꢜꢸ ꢡꢒꢶ ꢤꢿꢬ꣄,சுற்றிவளை
ꢲꢸꢥ꣄ꢥ ꢒꢿꢬ꣄,சூடாக்கு
ꢲꢸꢥ꣄ꢥ ꢲꣁ,சூடேறு
ꢲꢸꢦꢵꢮ꣄ꢒꢿꢬ꣄,சூழ்ச்சி செய்
ꢱꢞ꣄ꢫꢥ꣄ꢡ꣄ꢬꢸ ꢒꢿꢬ꣄,சூழ்ச்சி செய்
ꢱꢹꢬꢾ ꢡꢵꢫ꣄,சூறையாடு
ꢪꢬꢵꢪꢡ꣄ꢡꢸ ꢒꢿꢬ꣄,செப்பமிடு
ꢥꢮꢷꢒꢬꢠꣁ ꢒꢿꢬ꣄,செப்பமிடு
ꢱꢾꢬ꣄ꢒ ꢒꢿꢬ꣄,செப்பனிடு
ꢒꢵꢪꢸꢪ꣄ ꢲꢸꢡ꣄ꢡꢶꢬ꣄,செயல்படு
ꢒꢵꢪꢸꢪ꣄ ꢭꢵꢔ꣄,செயல்படு
ꢮꢵꢣꢪꢸꢪ꣄ ꢦꣁꢞꢜ꣄,செயலறச்செய்
ꢗꢭ꣄ꢡ ꢒꢿꢬ꣄,செயற்படுத்து
ꢦ꣄ꢬꢩꢵꢮ꣄ ꢥꢴꢷꢡ꣄ꢡ ꢲꣁ,செல்வாக்கு இழ
ꢦ꣄ꢬꢩꢵꢮ꣄ ꢙꢮꢞ꣄ꢳꢾ,செல்வாக்கு இழ
ꢱꣀꢒꢥꣁ ꢒꢿꢬ꣄,சைசகைக் காட்டு
ꢩꢵꢰꢠꣁ ꢒꢿꢬ꣄,சொற்பொழிவாற்று
ꢱꣂꢤꢥꣁ ꢒꢿꢬ꣄,சோதனை செய்
ꢭꣂꢭ꣄ ꢦꣁꢞꢶ ꢲꢶꢠ꣄ꢞꢶ,சோம்பித்திரி
ꢯꢷꢥ꣄ ꢦꣁꢥ꣄ꢣꢶ,சோர்வடை
ꢒꢬ꣄ꢡꢮ꣄ ꢱꣂꢜ꣄,தட்டிக்கழி
ꢱꢪꢣꢭꢪ꣄ ꢒꢿꢬ꣄,தட்டையாக்கு
ꢡꢾꢜ꣄ꢜꢸ ꢒꢶꢜ꣄ꢜꢶ ꢙꢵ,தடுமாறு
ꢥꢶꢬꣂꢤ꣄ ꢒꢿꢬ꣄,தடை செய்
ꢣꢠ꣄ꢜꢥꣁ ꢒꢿꢬ꣄,தண்டனைவிதி
ꢭꢴꢾꢒ꣄ꢒꣁ ꢱꢾꢬ꣄ꢒꣁ ꢱꢵ,தணிக்கை செய்
ꢡꣁꢪ꣄ꢗꢶ ꢙꢵꢱ꣄ꢡꢶꢱꣁ ꢒꢿꢬ꣄,தப்பவிடு
ꢡꣁꢪ꣄ꢗꢶ ꢙꢵ,தப்பிச்செல்
ꢦꢱ꣄ꢡꣁꢒ꣄ꢒꢶ ꢲꢶꢨ꣄ꢨꢶ,தயங்கிநில்
ꢱ꣄ꢡꢬꣁ ꢥꢶꢬ꣄ꢠꢫꣁ ꢒꢿꢬ꣄,தரப்படுத்து
ꢭꢸꢒ꣄ꢒꢶ ꢬꢴꢵ,தலைமறைவாகு
ꢂꢔ꣄ꢬꢵꢱꢥꣁ ꢓꢳ꣄ꢳꢿ,தலைமைதாங்கு
ꢂꢔ꣄ꢬꢦꢥ꣄ ꢮꢮꢶꢭꢿ,தலைமைவகி
ꢣꣁꢱ꣄ꢒꣁ ꢲꢭ꣄ꢮꢶ,தலையசை
ꢣꣁꢱ꣄ꢒꣁ ꢣꢿ,தலையீடு
ꢣꣁꢱ꣄ꢒꣁ ꢥꢪ꣄ꢭꢿ,தலைவணங்கு
ꢒꢸꢠ꣄ꢜꢸ ꢒꢿꢬ꣄,தவறிழை
ꢣꣁꢨ꣄ꢦꢶ ꢢꣂꢮ꣄,தள்ளிவை
ꢦꢾꢡ꣄ꢡꢾ ꢒꢿꢬ꣄,தனிப்படுத்து
ꢱ꣄ꢬꢪꣁ ꢱꢾꢒꢶꢭꢿ,தாக்குப்பிடி
ꢓꢷꢳ꣄ ꢡꢵꢫ꣄,தாழிடு
ꢲꢸꢨ꣄ꢨꢱ꣄ ꢦꣂꢜ꣄,திக்குமுக்காடு
ꢨꢾꢣꢶꢬ꣄ꢦꣂꢜ꣄,திகிலடை
ꢃꢯ꣄꣄ꢗꢬ꣄ꢫꢸ ꢦꣂꢜ꣄,திகைப்புறு
ꢫꣂꢙꢥꣁ ꢒꢿꢬ꣄,திட்டம்தீட்டு
ꢱꢪꢬ꣄ꢡꢮꢵꢥ꣄ ꢲꣂ,திறன்படை
ꢅꢥ꣄ ꢒꢿꢬ꣄,தீங்கிழை
ꢥꢶꢬ꣄ꢠꢫꣁ ꢒꢿꢬ꣄,தீர்ப்பளி
ꢪꢸꢞꢶꢮ꣄ ꢣꢾꢒ꣄ꢒꢶ,தீர்வுகாண்
ꢱꢪꢵꢤꢵꢥ꣄ ꢒꢿꢬ꣄,தீர்வுகாண்
ꢏꢡ꣄ꢡꢵꢱ꣄ ꢒꢿꢬ꣄,துணைபுரி
ꢨꢶꢱ꣄ꢱꣁ ꢲꣁꢮꢵꢜ꣄,துரிதப்படுத்து
ꢡꢸꢬꢸ ꢤꢿꢬ꣄,துருப்பிடி
ꢦꢸꢜ꣄ꢜꣁ ꢡꢵꢫ꣄,துளையிடு
ꢓꢾꢰ꣄ꢜꢪ꣄ ꢦꣂꢜ꣄,துன்பப்படு
ꢗꢾꢞ꣄ꢮꢶ ꢱꣂꢜ꣄,தூண்டிவிடு
ꢩꢸꢬ꣄ꢒꣁ ꢒꢿꢬ꣄,தூளாக்கு
ꢗꢹꢬ꣄ꢠꢸ ꢒꢿꢬ꣄,தூளாக்கு
ꢮꢾꢒ꣄ꢒꢶ ꢲꢿꢜ꣄,தெரிந்தெடு
ꢱꢥ꣄ꢣꢾꢯ꣄ ꢭꢿ ꢙꢵ,தெரியப்படுத்து
ꢱꢾꢥ꣄ꢣꢿꢮ꣄ ꢥꢴꢷꢡ꣄ꢡꣁ ꢬꢴꢵ,தெளிவடை
ꢱꢾꢥ꣄ꢣꢿꢮ꣄ ꢙꢮꢵꢜ꣄,தெளிவுப்படுத்து
ꢣꢾꢒ꣄ꢒꢶꢥꢶ ꢦꣂꢜ꣄,தென்படு
ꢦꢙꢾ ꢲꣂ,தேவைப்படு
ꢲꢬꢸꢪ꣄ꢨꢪ꣄ ꢒꢾꢬꢶ ꢢꣁꢮ꣄,தொடங்கிவை
ꢱꢪ꣄ꢦꢬ꣄ꢒꢸ ꢒꢿꢬ꣄,தொடர்புகொள்
ꢱꢥ꣄ꢤꢶꢪ꣄ ꢢꣁꢮ꣄ꢭꢿ,தொடர்புகொள்
ꢱꢿꢮꣁ ꢒꢿꢬ꣄,தொண்டாற்று
ꢲꢶꢪ꣄ꢱꣁꢒꢿꢬ꣄,தொந்தாவு செய்
ꢥꢵꢯꢥꣁ ꢒꢿꢬ꣄,தொலைத்துக்கட்டு
ꢏꢞ ꢶꢙꢵ,தோல்வியடை
ꢏꢞꢞꢶ ꢙꢮꢵꢜ꣄,தோற்கடி
ꢲꣂꢬꢸ ꢲꣂꢬ꣄ ꢲꢶꢪ꣄ꢗꣁ ꢒꢿꢬ꣄,நச்சரி
ꢮꢶꢒ꣄ꢒꢸ ꢕꢵꢭ꣄,நஞ்சிடு
ꢱꢶꢖ꣄ꢒꢡꢶ ꢒꢾꢬ꣄ꢭꢾ,நட்புகொள்
ꢲꢶꢠ꣄ꢞꢶ ꢧꢶꢬꢶꢭꢿꢡ꣄ ꢬꢴꢵ,நடமாடு
ꢗꢭ꣄ꢡ ꢲꣂ,நடைபெறு
ꢗꢵꢭ꣄,நடைபோடு
ꢥꣁꢪ꣄ꢒꢾ ꢦꣁꢞꢵꢜ꣄,நம்பிக்கையூட்டு
ꢥꣁꢪ꣄ꢒꢾ ꢣꢿ,நம்பிக்கையளி
ꢥꣁꢪ꣄ꢒꢾ ꢢꣂꢮ꣄,நம்பிக்கைவை
ꢱ꣄ꢮꢵꢔꢡ꣄ ꢒꢿꢬ꣄,நல்வரவு கூறு
ꢤꢥ꣄ꢥꢸ ꢱꢖ꣄ꢒꢶ,நன்றிசொல்
ꢔꢮꢸꢥ꣄ ꢣꢿ,நாட்டம்செலுத்து
ꢥꢬ꣄ꢡꢥꣁ ꢒꢿꢬ꣄,நாட்டியமாடு
ꢔꢵꢪ꣄ ꢱꣁꢜꢶꢤꢞ꣄ꢞꢾ,நாடுகடத்து
ꢤ꣄ꢮꢪ꣄ꢱꢸ ꢒꢿꢬ꣄,நிர்மூலமாக்கு
ꢲꢜ꣄ꢮꢥ꣄ ꢒꢾꢬ꣄ꢭꢿ,நினைவுகூர்
ꢲꢜ꣄ꢮꢥ꣄ ꢒꢿꢬ꣄,நினைவுபடுத்து
ꢗꢭ꣄ꢡ ꢲꣂ,நேரிடு
ꢔꢪ꣄ꢗꢶ ꢱꢵ,நோட்டமிடு
ꢬꣂꢔꢸꢪ꣄ ꢦꣂꢜ꣄,நோய்வாய்ப்படு
ꢏꢔꢡ꣄ꢬꢵ,நோன்பிரு
ꢮꢜꣁ ꢓꢳ꣄ꢳꢾ,பங்குகொள்
ꢩꢹꢒ꣄ ꢂꢠ꣄ꢗꢶꢭꢿ,பசியாறு
ꢙꢦ꣄ꢡꣁ ꢒꢿꢬ꣄,பட்டியலிடு
ꢃꢒ꣄ꢬꢪꢠꣁ ꢒꢿꢬ꣄,படையெடு
ꢒꢬ꣄ꢡꢮ꣄ ꢗꢭ꣄ꢡꣁ ꢒꢿꢬ꣄,பணியாற்று
ꢦꢣꢮꢶꢡꣁꢒꢥ꣄ ꢲꢸꢡ꣄ꢬꢵꢜ꣄,பதவிநீக்கம் செய்
ꢦꢣꢮꢶꢱꣁꢞꢶ ꢲꢸꢡ꣄ꢡꢶꢬ꣄,பதவி விலகு
ꢩꢬ꣄ꢡꢶ ꢒꢿꢬ꣄,பதிலளி
ꢙꢾꢮꢵꢨ꣄ ꢣꢿ,பதிலளி
ꢩꢬ꣄ꢡꢶ ꢒꢿꢬ꣄,பதிலீடு செய்
ꢗꣁꢞ꣄ꢞꢒꢥꢶ ꢱꢪ꣄ꢗꢫꣁ ꢒꢿꢬ꣄,பதுக்கிவை
ꢦꣁꢠꢾ ꢩꢥ꣄ꢣꢶ,பந்தயம் கட்டு
ꢦꢶꢬ꣄ꢙꢥꢪ ꣄ꢦꣂꢜ꣄,பயன்படு
ꢦꢾꢫꢶꢬ꣄ ꢔꢵꢭ꣄,பயிர் செய்
ꢤꢪꢵꢤꢵꢪ꣄ ꢦꣁꢥ꣄ꢣꢶ,பரபரப்படை
ꢦꢬꢶ ꢲꢵꢬ꣄ ꢮꢾꢒ꣄ꢒꢶ,பரிகாரம்தேடு
ꢙꢿꢪ꣄ ꢣꢿ,பரிசளி
ꢦꢵꢬꢶꢡꣂꢱ꣄ ꢣꢿ,பரிசளி
ꢩꣁꢔꢸꢪꢵꢥ꣄ ꢣꢾ,பரிசளி
ꢦꢬꢶꢯꢷꢭꢥꣁ ꢒꢿꢬ꣄,பரிசீலனை செய்
ꢦꢬꢶꢡꢵꢦ꣄ ꢦꣂꢜ꣄,பரிவுகாட்டு
ꢨꣁꢭꢶ ꢣꢿ,பலிகொடு
ꢓꢠ꣄ꢞꢠꣁ ꢒꢿꢬ꣄,பழித்துக்காட்டு
ꢨꣁꢭꢶ ꢓꢵꢜ꣄,பழிவாங்கு
ꢦ꣄ꢬꢡꢶ ꢲꢶꢪ꣄ꢱꣁ ꢒꢿꢬ꣄,பழிவாங்கு
ꢒꣁꢳꢵꢬ꣄ ꢒꢿꢬ꣄,பழுதாக்கு
ꢒꢪ꣄ꢞꢥ꣄ ꢣꢿ,பறிகொடு
ꢆꢒ꣄ꢒꢶꢭꢶ ꢙꢵ,பறிமுதல் செய்
ꢮꢔꣁ ꢒꢿꢬ꣄,பாகுபடுத்து
ꢨꢵꢮꢭꣁ ꢒꢿꢬ꣄,பாசாங்கு செய்
ꢒꢮꢶꢡꣁ ꢒꢿꢬ꣄,பாட்டுக்கட்டு
ꢔꢷꢡ꣄ ꢭꢶꢓꢶ,பாட்டுக்கட்டு
ꢱ꣄ꢮꢬꢵꢥ꣄ ꢡꢵꢫ꣄,பாட்டுக்கட்டு
ꢦꢵꢝꣁ ꢱꢶꢒ꣄ꢒꢵꢜ꣄,பாடம்கற்பி
ꢦ꣄ꢬꢗꢵꢬ꣄ ꢒꢿꢬ꣄,பிரச்சாரம் செய்
ꢂꢥꢸꢨꢥ꣄ꢤꢸ ꢗꢾꢬ꣄ꢗꢶ,பின்னிணை
ꢨꢷꢞꢠꣁ ꢲꣂ,பீடிக்கபடு
ꢤꢵꢒ꣄ ꢭꢔꢞ꣄ꢳꢿ,பீதியுறு
ꢒꢷꢬ꣄ꢡꢶ ꢦꣁꢥ꣄ꢣꢶ,புகழடை
ꢪꣁꢥ꣄ꢥꢸ ꢣꢸꢮ꣄ꢥꣁ ꢒꢿꢬ꣄,புண்படுத்து
ꢦꢱ꣄ꢒꢜꢸꢪ꣄ ꢮꢡ꣄ꢡ ꢒꢿꢬ꣄,புறங்கூறு
ꢥꢴꢥ ꣄ꢲꢱꣁ ꢒꢿꢬ꣄,புன்னகை செய்
ꢕꢾꢥꢪ꣄ꢒꢥꢶ ꢲꢜ꣄ꢮꢶꢭꢿ,பெருமிதம்கொள்
ꢪꢴꣁꢜ ꢲꢸꢨ꣄ꢨꢱ꣄ ꢣꢿ,பெரூமூச்சுவிடு
ꢪꣂꢭ꣄ꢲꢥꢶ ꢮꢡ꣄ꢡꣁ ꢒꢿꢬ꣄,பேரம்பேசு
ꢦꢶꢱꣁ ꢤꢾꢬꢵꢜ꣄,பைத்தியமாக்கு
ꢗꣁꢞ꣄ꢞ ꢮꢡ꣄ꢡꣁ ꢒꢿꢬ꣄,பொய்பேசு
ꢏꢬꢤꢵꢥ꣄ꢒꢥꢶ ꢭꢔꢳ꣄ꢳꢿ,பொருட்படுத்து
ꢨꣂꢣꣂ ꢲꢶꢖ꣄ꢔꢵꢜ꣄,போதையூட்டு
ꢔꢸꢞ꣄ꢒ ꢡꣀꢭꢶ ꢨꢷꢱ꣄,மண்டியிடு
ꢔꢸꢠ꣄ꢠꢸ ꢥꢶꢬ꣄ꢤꢵꢬꢠꣁ ꢒꢿꢬ꣄,மதிப்பிடு
ꢩꢬ꣄ꢡꢶꢒꢿꢬ꣄,மறுமொழிகூறு
ꢙꢾꢮꢵꢦ꣄ ꢒꢿꢬ꣄,மறுமொழிகூறு
ꢲꢵꢬ꣄ ꢕꢵꢭ꣄,மாலைபோடு
ꢪꢸꢞꢶꢮ꣄ ꢲꣂ,முடிவடை
ꢤꢥ꣄ꢢꣁꢮ꣄,முதலிடு
ꢣꣁꢮ꣄ꢬꣁ ꢦꣂꢜ꣄,முதுமையடை
ꢱꣁꢪ꣄ꢪꢬ꣄ ꢮꢵꢜ꣄ ꢣꢾꢒ꣄ꢒꢵꢜ꣄,முன்செல்
ꢪꢶꢛ꣄ꢗꢸꢬ꣄ ꢲꢶꢖ꣄ꢔꢵꢜ꣄,மேடையேற்று
ꢪꢶꢜ꣄ꢜꢬ꣄ ꢲꢶꢖ꣄ꢔꢵꢜ꣄,மேடையேற்று
ꢮꢵꢜ꣄ ꢣꢾꢒ꣄ꢒꢵꢜ꣄,வழிகாட்டு
ꢱꣁꢪ꣄ꢪꢬ꣄ ꢙꢵ,வழிநடத்து
ꢦꢸꢙꢾ ꢒꢿꢬ꣄,வழிபடு
ꢮꢵꢜ꣄ ꢱꣂꢜ꣄,வழிவிடு
ꢧꢭ꣄ꢭꣁ ꢃꢣꢸꢬ꣄ꢮꣁ ꢣꢿ,வழிமொழி
ꢂꢥꢸꢱꢬꢶ ꢱꢖ꣄ꢔꢶ,வழிமொழி
ꢃ ꢒꢿꢬ꣄,வாய்பிள
ꢡꣂꢠ꣄ ꢦꢾꢱꢵꢮ꣄ꢒꢥꢶ ꢲꢹꢜ꣄,வாய்பிள
ꢲꢵꢜ꣄ ꢱꣂꢜ꣄,விட்டுவிடு
ꢙꢾꢮꢵꢦ꣄ ꢣꢾ,விடையளி
ꢮꢶꢱꢵꢭꣁ ꢒꢿꢬ꣄,விரிவுபடுத்து
ꢙꢾꢪꢥ꣄ ꢩꢵꢭ꣄,விருந்தளி
ꢮꢾꢔ꣄ ꢒꢾꢬ꣄,விரைவுபடுத்து
ꢂꢭꢔ꣄ꢔ ꢢꣂꢮ꣄,விலக்களி
ꢙꢵꢔ꣄ꢬꢡꣁꢦꣁꢞꢜ꣄,விழிப்பூட்டு
ꢦ꣄ꢬꢱꢸꢬ꣄ ꢲꣂ,வெளியாகு
ꢦ꣄ꢬꢱꢸꢬ꣄ ꢒꢿꢬ꣄,வெளியிடு
ꢩꢬꢵꢜ꣄ ꢣꣁꢨ꣄ꢨꢶ,வெளியேற்று
ꢲꢹꢡ꣄ꢡꢶꢬ꣄ ꢩꢬꢵꢜ꣄,வெளியேறு
ꢙꢷꢔ꣄ ꢦꣁꢥ꣄ꢣꢶ,வெற்றிகொள்
ꢃꢮꢿꢯ꣄ ꢦꣁꢞꢵꢜ꣄,வெறியூட்டு
ꢣ꣄ꢮꢾꢯ꣄ꢕꢵꢭ꣄,வெறுப்பூட்டு
ꢮꢿꢜꢵ ꢓꢵꢳ꣄,வேட்டையாடு
ꢩꢾꢡ꣄ ꢲꣂ,வேறுபடு
ꢩꢾꢡ꣄ ꢲꣁꢮꢵꢜ꣄,வேறுபடுத்து
ꢒꢹꢬ꣄ꢪꣁ,ஆமை
ꢒꢱ꣄ꢦꣁ,ஆமை
ꢡꢪ꣄ꢨꢭ꣄ꢗꢶꢦ꣄ꢦꣁ,ஆமை
ꢓꢾꢱꢸꢭꣁ,இறால்
ꢒꢾꢜ꣄ꢜꢸ ꢱꢵꢦ꣄,கட்டுவிரியன்
ꢱꢪꢸꢣ꣄ꢬꢸ ꢒꢱ꣄ꢦꣁ,கடலாமை
ꢱꢵꢬ ꢱꢵꢦ꣄,சாரைப்பாம்பு
ꢔꢶꢭ꣄ꢒꢵꢫ꣄ꢱꢵꢦ꣄,கிலுப்பைப் பாம்பு
ꢒꣁꢪ꣄ꢨꢬꢶ ꢱꢵꢦ꣄,கொம்பேறிமூர்க்கன்
ꢱꢷꢦ꣄,சிப்பி
ꢩꢹꢒ꣄ ꢱꢾꢥ꣄ꢡꢵ ꢪꢴꢳꢶꢶ,சுறா
ꢦꣂꢜꢸ ꢙꢵꢭꢸ ꢪꢴꢳꢶ,சுறா
ꢦꢥꢶꢪ꣄ꢱꢵꢦ꣄,தண்ணீர்ப் பாம்பு
ꢒꢶꢞꢵ ꢱ꣄ꢢꢶꢡꢶ ꢩꢾꢬ꣄ꢒꢶꢭꢶ,தலைப்பிரட்டை/ புழு நிலை தவளை
ꢨꢾꢱ꣄ꢒꢳꢶ,தவளை
ꢡꢶꢪꢶꢖ꣄ꢔꢭ꣄,திமிங்கலம்
ꢡꢶꢪꢶꢮꢵꢱꢶ,திமிங்கலம்
ꢮꢶꢒ꣄ꢒꢸ ꢣꢵꢡ꣄,நச்சுப் பல்
ꢮꢶꢒ꣄ꢔꢸ,நஞ்சு
ꢒꢶꢬ꣄ꢮꢶꢭ꣄,நண்டு
ꢔꢶꢰ꣄꣄ꢭꣂ,நத்தை
ꢥꢥ꣄ꢱꢵꢦ꣄,நாகப்பாம்பு
ꢱꣁꢒ꣄ꢒꢜ꣄ ꢱꢵꢦ꣄,நாகப்பாம்பு
ꢦꢥꢶꢪ꣄ ꢱꢸꢥꣁ,நீர்நாய்
ꢦꢥꢶꢪ ꣄ꢎꢱ꣄ꢡꢸ,நீர்யானை
ꢥꢶꢳ ꢱꢵꢦ꣄,பச்சைப் பாம்பு
ꢦꣁꢞ꣄ꢔꢾ,படம்
ꢡꣁꢖ꣄ꢔꢬꢸ ꢱꢵꢦ꣄,மலைப்பாம்பு
ꢪꢴꢳꢶ,மீன்
ꢥꢒ꣄ꢬꢸ,முதலை
ꢮꢶꢒ꣄ꢒꢸ,விஷம்
ꢦꢵꢰꢵꢠꣁ,விஷம்
ꢔꢵꢫ꣄,ஆ
ꢩꢾꢠ꣄ꢞꢸ,ஆடு
ꢔꢵꢫ꣄ ꢔꣁꢬꢸꢥ꣄,ஆடுமாடு
ꢦꣁꢡꢸꢭꣁ,எருது
ꢩꢾꢫ꣄ꢱ꣄,எருமை
ꢩꢾꢫ꣄ꢱꢸ꣄ ꢦꣁꢡꢸꢭꣁ,எருமைக் கடா
ꢪꢸꢫꢶ. ꢭꣁꢭ꣄ꢦꢣꢾ,ஒட்டகம்
ꢦꣁꢡꢸꢭꣁ,கடா
ꢕꢾꢣꢞ꣄,கழுதை
ꢣꢸꢞꣁ,கன்று
ꢮꢵꢱꢬ꣄,கன்று
ꢔꣁꢖ꣄ꢔꢸ,மந்தை
ꢔꣁꢬꢸ,காளை
ꢕꣁꢞꣁ,குதிரை
ꢒꢷꢱ꣄,குரங்கு
ꢦꣁꢭꢥ꣄ꢔꢸ,குரங்கு
ꢮꢥ꣄ꢕꢪꢶ,குரங்கு
ꢩꢾꢠ꣄ꢞꢸ,குறி / செம்மறி ஆடு
ꢪꢴꢾꢞꢶꢩꢾꢠ꣄ꢞꢸ,குறி / செம்மறி ஆடு
ꢕꢾꢣꢞꢕꣁꢞꣁ꣄,கோவேறிக் கழுதை
ꢱꢸꢥꣁ,நாய்
ꢦꣀꢭ꣄ ꢱꢸꢥꣁ,பட்டி
ꢣꢸꢒ꣄ꢒꢬ꣄,பன்றி
ꢪꢛ꣄ꢙꢶꢬꢶ,பூனை
ꢔꣁꢬꢸ,மாடு
ꢲꢬꢶꢥ꣄,மான்
ꢪꢺꢔꣁ,மிருகம்
ꢪꢹꢔꢸ,மிருகம்
ꢯꢯꣁ,முயல்
ꢓꢸꢥ꣄ꢣꢾꢭ꣄,முயல்
ꢦꢵꢭꢥ ꢪꢹꢔꢸ,வீட்டு விலங்கு
ꢒꣁꢗ꣄ꢗꢶ ꢱꢸꢥꣁ,வேட்டை நாய்
ꢓꢿꢜꢸꢱꢸꢥꣁ,வேட்டை நாய்
ꢗꢶꢡ꣄ꢬꢪꢸꢫꢶ,ஒட்டகச் சிவிங்கி
ꢆꢒꣁ,ஓநாய்
ꢮꢺꢒꣁ꣄,ஓநாய்
ꢔꢖ꣄ꢔꢵꢬꢸ,கங்காரு
ꢗꢶꢡ꣄ꢬꢮꢵꢔ꣄,கடுவாய்
ꢩꢭ꣄ꢭꢸ,கரடி
ꢕꢾꢣꢞ꣄ꢮꢵꢔ꣄,கழுதைப் புலி
ꢮꢥꢪꢛ꣄ꢙꢶꢬꢶ,காட்டுப் பூனை
ꢮꢥꢪꢹꢔꢸ,காட்டு விலங்கு
ꢬꢵꢠꢸ ꢩꢾꢫ꣄ꢱ꣄,காட்டெருமை
ꢥꢥꢡꢸꢬ꣄꣄ ꢓꣁꢭꣁ,குள்ள நரி
ꢄꢱ꣄ꢪ꣄ꢪꣁ,சிங்கம்
ꢱꢶꢪ꣄ꢲꢸ,சிங்கம்
ꢡꢬꢒ꣄ꢰꢹ,சிறுத்தை
ꢓꣁꢭꣁ,நரி
ꢮꢵꢔ꣄,புலி
ꢪꢾꢥꢶꢒꢸ ꢒꢷꢱ꣄,மனிதக் குரங்கு
ꢓꢞꢵ ꢣꢸꢒ꣄ꢒꢬ꣄,முள்ளம் பன்றி
ꢲꣀꢱ꣄ꢡꢸ,யானை
ꢎꢱ꣄ꢡꢸ,யானை
ꢔꢶꢡꢵ ꢕꣁꢞꣁ,வரிக்குதிரை
ꢪꢵꢪ꣄ꢱꢸ,இறைச்சி
ꢓꣁꢮ꣄ꢱ꣄,இறைச்சி
ꢨꣁꢱꢸꢭꣁ,இறைச்சி
ꢯꢾꢬꢶꢬ꣄,உடல் / மெய்
ꢒꢪ꣄ꢨ꣄ꢭꣁ,கம்பளிமுடி
ꢤꢸꢮꢥ꣄,கழுநீர்
ꢤꢸꢮꢥꢸ ꢦꢥꢶ,கழுநீர்
ꢓꢸꢬꢶ,குளம்பு
ꢓꣁꢬ꣄,குளம்பு
ꢱꢶꢖ꣄ꢔꢸ,கொம்பு
ꢯꢾꢠ꣄,சாணம்
ꢱꣁꢠ꣄ꢜꢶ,துதிக்கை / தும்பிக்கை
ꢮꢶꢒ꣄ꢒꢸ ꢣꢵꢣ꣄,நச்சுப்பல் விஷப்பல்
ꢮꢶꢒ꣄ꢒꢸꢣꢵꢡ꣄,விஷப்பல்
ꢱꢾꢬ꣄ꢒꢶ,பருத்திக் கொட்டை
ꢪꢵꢥ꣄ꢣꢸꢓꢿꢱ꣄,பிடரி மயிர்
ꢦꢾꢠ꣄,பிண்ணாக்கு
ꢇꢤꣁ,மடி
ꢦꣁꢡꢸꢮ꣄,மடி
ꢓꢿꢱ꣄,மயிர்
ꢬꣂꢪ꣄,மயிர்
ꢭꣁꢞ꣄ꢞꢶ,லத்தி
ꢭꢵꢫꢪ꣄,லாயம்
ꢦꢹꢱ꣄,வால்
ꢦꢸꢱꢶꢞꢶ,வால்
ꢔꣁꢮꢡ꣄,வைக்கோல்
ꢬꢵꢠꢸ ꢒꣃꢭꣁ,அண்டங்காக்கா
ꢗꢛ꣄ꢗꢸ,அலகு
ꢪꢸꢱ꣄ꢒꢶꢳꢶ,அலகு
ꢂꢪ꣄ꢱꣁ,அன்னம்
ꢕꢸꢔꢸ,ஆந்தை
ꢆꢭꢸ,ஆந்தை
ꢦꢶꢖ꣄ꢔꢸ,இறகு
ꢦꢷꢦ꣄,இறகு
ꢦꢒ꣄ꢰꢶ ꢔꢹ,எச்சம்
ꢬꢙꢒꣃꢭꣁ,கரிச்சான்
ꢔꣃꢬꢶ,கவுதாரி
ꢣꢶꢰ꣄ꢳꣁ,கழுகு
ꢒꣃꢭꣁ,காக்கா
ꢬꢪꣁ,கிளி / தத்தை
ꢒꣁꢒꢶꢭ꣄,குயில்
ꢗꢶꢞꢶ,குருவி
ꢤꢔꣁ,கூகை/ஆந்தை
ꢦꢛ꣄ꢙꢶꢬꢶ꣄,கூடு
ꢥꢷꢞꣁ,கூடு
ꢮꢔꣁ,கொக்கு
ꢄꢭꢶ,கொண்டை
ꢘꢸꢭꢶ,கொண்டை
ꢒꢸꢒꢸꢞꢶ,கோழி
ꢒꢸꢞꢶ,கோழி
ꢒꢸꢒꢸꢞꢶꢦꢶꢭ꣄ꢭꣁ,கோழிக் குஞ்சு
ꢦꢶꢖ꣄ꢒꢸꢞꣁ,சிறகு /இறக்கை
ꢒꢸꢒꢸꢞꣁ,சேவல்
ꢒꢸꢞꣁ,சேவல்
ꢃꢞꢶ,வாத்து
ꢨꢣꢸꢭꣁ,வாத்து
ꢮꢶꢱ꣄ꢡꢮ꣄ ꢒꢸꢞꢶ,தீக்கோழி
ꢦꢶꢛ꣄ꢘꢾ,தோகை
ꢪꢸꢡꢭꣁ,தோகை
ꢦꢖ꣄ꢓꢸ,தோகை
ꢒꢸꢒ꣄ꢒꢸꢬꣁ,நாரை
ꢕꢵꢬꢸ,பருந்து
ꢦꢒ꣄ꢰꢶ,பறவை
ꢒꣃꢣꢸ,புறா
ꢒꣁꢒ꣄ꢒꢸꢬ꣄ꢒꣀꢭꣁ,புறா
ꢨꣀꢭ꣄ ꢒꢸꢞꢶ,பெட்டைக் கோழி
ꢪꢴꣂꢬꢶ,பெண்மயில்
ꢪꢴꣂꢬ꣄,மயில்
ꢪꢴꣂꢬꢸ ꢦꢷꢒ꣄,மயிலிறகு / மயிற்பீலி
ꢙꢵꢞꢸ꣄ ꢜꢖ꣄ꢒꢸ ꢦꢒ꣄ꢰꢶ,மரங்கொத்தி
ꢪꢴꢳꢶ ꢜ꣄ꢖꢒꢸꢥꢵꢬ꣄,மீன்கொத்தி
ꢂꢠ꣄ꢞꣁ,முட்டை
ꢱꢬꢶꢒꣁ,மைனா
ꢡꢬꢱ꣄ꢮꢶꢥ꣄,வல்லூறு
ꢡꢬ꣄ꢦꢒ꣄ꢰꢶ,வான்கோழி
ꢩꢵꢬꢙꢶ,வானம்பாடி
ꢏꢔꢸꢭ꣄,வெளவால்
ꢲꢣ꣄ꢣꢸ,அரை
ꢂꢬ꣄ꢒ꣄ꢫꢵꢭ꣄,அரைக்கால்
ꢂꢖ꣄ꢒꢾ,இலக்கம்
ꢱꣂꢮꢸ,கால்
ꢒꢳꣁ,மாகாணி
ꢮꢷꢱꢪꢞ꣄ꢜꣁ,மாகாணி
ꢡꢶꢮ,முக்கால்
ꢱꢶꢭꢶ,முண்டாணி
ꢱꢣ꣄ꢣꢸꢮꢶꢱꢪ꣄,முண்டாணி
ꢱꢸꢥ꣄ꢫ,பாழ்
ꢱꢸꢥ꣄ꢥꢸ,பூஜியம்
ꢫꣂꢔ꣄,ஒன்று
ꢣꢷ,இரண்டு
ꢣꢷꢥꢸ,மூன்று
ꢗꢵꢬꢸ,நான்கு
ꢦꢵꢛ꣄ꢗ꣄,ஐந்து
ꢱꣂ,ஆறு
ꢱꢵꢢ꣄,ஏழு
ꢃꢝ꣄,எட்டு
ꢥꣁꢮ꣄,ஒன்பது
ꢣꢾꢱ꣄,பத்து
ꢮꢶꢒ꣄ꢫꢵꢬ꣄,பதினொன்று
ꢨꢵꢬ꣄,பன்னிரண்டு
ꢡꢿꢬ꣄,பதிமூன்று
ꢗꣁꢮꢣ꣄,பதினான்கு
ꢧꢥ꣄ꢣꢬ꣄,பதினைந்து
ꢱꣁꢮꢳ꣄,பதினாறு
ꢱꢡ꣄ꢡꢬ꣄,பதினேழு
ꢂꢝꢵꢬ꣄,பதினெட்டு
ꢏꢒ꣄ꢥꢷꢱ꣄,பத்தொன்பது
ꢮꢷꢱ꣄,இருபது
ꢡꢷꢱ꣄,முப்பது
ꢣꢷꢒꢳꢡꢷꢱ꣄,முப்பத்திரண்டு
ꢗꢳꢶꢱ꣄,நாற்பது
ꢢꢷꢥ꣄ꢒꢳ ꢗꢳꢶꢱ꣄,நாற்பத்துமூன்று
ꢦꣁꢥ꣄ꢥꢵꢱ꣄,ஐம்பது
ꢗꢵꢬ꣄ꢒꢳ ꢦꣁꢥ꣄ꢥꢵꢱ꣄,ஐம்பத்து நான்கு
ꢱꢵꢜ꣄,அறுபது
ꢦꢵꢛ꣄ꢗꢳ ꢱꢵꢜ꣄,அறுபத்தைந்து
ꢱꢷꢬ꣄,எழுபது
ꢱꣂꢒꢳ ꢱꢷꢬ꣄,எழுபத்தாறு
ꢂꢱꢶ,எண்பது
ꢱꢵꢡ꣄ꢒꢳ ꢂꢱꢶ,எண்பத்தேழு
ꢥꢮꢡ꣄,தொண்ணூறு
ꢃꢜ꣄ꢒꢳ ꢥꢮꢡ꣄,தொண்ணூற்றொட்டு
ꢥꣁꢮ꣄ꢮꢳ ꢥꢮꢡ꣄,தொண்ணூற்றொன்பது
ꢱꣂꢮꢸ,நூறு
ꢫꣂꢒꢭ ꢱꣂꢮꢸ,நூற்று ஒன்று
ꢣꢷꢒꢳ ꢱꣂꢮꢸ,நூற்று இரண்டு
ꢣꢷꢱꣂꢮꢸ,இருநூறு
ꢢꢷꢥ꣄ꢱꣂꢮꢸ,முந்நூறு
ꢗꢵꢬ꣄ꢱꣂꢮꢸ,நானூறு
ꢦꢵꢛ꣄ꢗ꣄ ꢱꣂꢮꢸ,ஐநூறு
ꢱꣂ ꢱꣂꢮꢸ,அறுநூறு
ꢱꢵꢡ꣄ ꢱꣂꢮꢸ,எழுநூறு
ꢃꢝ꣄ꢱꣂꢮꢸ,எண்ணூறு
ꢥꣁꢮ꣄ ꢱꣂꢮꢸ,தொள்ளாயிரம்
ꢥꣁꢭ꣄ꢒꢳ ꢥꣁꢮ꣄ꢱꣂꢮꢸ,தொள்ளாயிரத்து ஒன்பது
ꢱꢱꢬꢸ,ஆயிரம்
ꢣꢷꢒꢳ ꢱꢱꢬꢸ,ஆயிரத்து இரண்டு
ꢮꢷꢱ꣄ꢒꢳ ꢱꢱꢬꢸ,ஆயிரத்து இருபது
ꢣꢷꢱꢵꢬ꣄,இரண்டாயிரம்
ꢢꢶꢥ꣄ꢱꢵꢬ꣄,மூவாயிரம்
ꢗꢵꢬ꣄ ꢱꢵꢬ꣄,நாலாயிரம்
ꢦꢵꢛ꣄ꢗ꣄ ꢱꢱꢬ꣄,ஐயாயிரம்
ꢱꣂ ꢱꢵꢱꢬ꣄,ஆறாயிரம்
ꢱꢵꢡ꣄ ꢱꢱꢬ꣄,ஏழாயிரம்
ꢃꢜ꣄ ꢱꢱꢬ꣄,எட்டாயிரம்
ꢥꣁꢮ꣄ ꢱꢱꢬ꣄,ஒன்பதாயிரம்
ꢣꢾꢱ꣄ ꢱꢱꢬ꣄,பத்தாயிரம்
ꢭꢾꢒ꣄ꢒꢸ,இலட்சம்
ꢱꣁꢮꢸ ꢱꢱꢬꢸ,நூறாயிரம்
ꢒꣂꢜꢶ,கோடி
ꢏꢠ꣄ꢜꢾ,ஒரு
ꢏꢠ꣄ꢜꢾ,ஓர்
ꢧꣀꢭꣁ,முதலாவது
ꢧꣀꢭꢵꢪ꣄,முதலாம்
ꢣꢶꢮ꣄ꢮꣁ,இரண்டாம்
ꢣꢶꢮꢫꣁ,இரண்டாவது
ꢢꢶꢥ꣄ꢱꢵ,மூன்றாம்
ꢣꢶꢥ꣄ꢮꢫꣁ,மூன்றாவது
ꢗꢬ꣄ꢭꣁ,நான்காம்
ꢗꢬ꣄ꢮꢫꣁ,நான்காவது
ꢦꢮ꣄ꢛ꣄ꢗꣁ,ஐந்தாம்
ꢦꢮ꣄ꢛ꣄ꢗꣁꢫꣁ,ஐந்தாவது
ꢱꣁꢮ꣄ꢮꣁ,ஆறாம்
ꢱꣁꢮ꣄ꢮꢫꣁ,ஆறாவது
ꢱꢡ꣄ꢭꣁ,ஏழாம்
ꢱꢡ꣄ꢮꢫꣁ,ஏழாவது
ꢂꢜ꣄ꢮ,எட்டாம்
ꢂꢜ꣄ꢮꢫꣁ,எட்டாவது
ꢥꣁꢮ꣄ꢮ,ஒன்பதாம்
ꢥꣁꢮ꣄ꢮꢫꣁ,ஒன்பதாவது
ꢣꢾꢱ꣄,பத்தாம்
ꢣꢾꢱ꣄ꢮꢫꣁ,பத்தாவது
ꢤꢬ꣄ꢪ ꢦꢸꢱ꣄ꢡꢮ꣄,அறநூல்
ꢤꢬ꣄ꢪꣁ,அறம்
ꢱꢸꢮꢡ꣄ꢡꢵꢥ꣄,அறவுரைகள்
ꢥꢷꢡꢶ ꢆꢒ꣄ꢡꢶꢥ꣄,அறவுரைகள்
ꢗꣁꢒ꣄ ꢮꢵꢗꢸꢥ꣄,அறவுரைகள்
ꢤꢾꢬꢸꢪꢸ ꢮꢡ꣄ꢡꢵꢥ꣄,அறவுரைகள்
ꢲꢶꢡ ꢮꢵꢗꢸꢥ꣄,அறவுரைகள்
ꢄꢡꢶꢲꢵꢱ꣄,இதிகாசம்
ꢱꢛ꣄ꢗꢭꢥꣁ,இயக்கம்
ꢱꢵꢲꢶꢡ꣄ꢫꢱꢵꢱ꣄ꢡꢬ꣄,இலக்கியக் கொள்கை
ꢂꢭꢖ꣄ꢒꢵꢬꢸ ꢱꢵꢱ꣄ꢡꢬ꣄,இலக்கியக் கொள்கை
ꢱꢵꢲꢶꢡ꣄ꢫꢸ,இலக்கியம்
ꢦ꣄ꢬꢾꢪꣁ,இன்பம்
ꢱꢾꢬ ꢤꢪꢶꢥꢶ,உடன் போக்கு
ꢱꢲ ꢦꢭꢵꢫꢥꣁ,உடன் போக்கு
ꢱꢲ ꢔꢪꢥꣁ,உடன் போக்கு
ꢮ꣄ꢫꢵꢓ꣄ꢫꢵꢥ꣄,உரை
ꢮꢗꢥ ꢱꣀꢭꢶ,உரை நடை
ꢔꢣ꣄ꢫꣁ,உரை நடை
ꢡꢵꢞꢶꢦꢵꢥꢸꢥ꣄,ஏடுகள்
ꢮꢶꢫꢵꢱ꣄,கட்டுரை
ꢣꢾꢮꢸ ꢱ꣄ꢡꢶꢡꢶ,கடவுள் வாழ்த்து
ꢱꢶꢣ꣄ꢣꢵꢥ꣄ꢤꢸ ꢱꢣꢱ꣄,கருத்தரங்கம்
ꢗꢖ꣄ꢔꢪ꣄,கழகம்
ꢪꢠ꣄ꢞꢭ꣄,கழகம்
ꢦ꣄ꢬꢾꢮꢸ ꢙꢶꢮ꣄ꢥꢪ꣄,களவு வாழ்க்கை
ꢤꢾꢬꢸꢪꢸ ꢙꢶꢮ꣄ꢥꢪ꣄,கற்பு வாழ்க்கை
ꢂꢤ꣄ꢫꢵꢫꢸ,காதை
ꢱꢬ꣄ꢔꢸ,காதை
ꢪꢲꢵꢒꢵꢮ꣄ꢫꢸ,காப்பியம்
ꢦꢶꢬꢵꢪꣁ,காமம்
ꢄꢗ꣄ꢗꣁ,காமம்
ꢃꢱ꣄ꢡꣁ,காமம்
ꢦꢬꢷꢡꢶ,காமம்
ꢒꢵꢪꣁ,காமம்
ꢦꣁꢮꢱꢸ ꢒꢵꢭ꣄,கார்காலம்
ꢍꢱꢸ ꢮꢵꢜ꣄,கிருஸ்த்துவம்
ꢥꢵꢫꢒꢶ,கிழத்தி
ꢥꢵꢫꢒꣁ,கிழவன்
ꢱꢶꢱꢸꢱꢵꢄꢡ꣄ꢫꢸ,குழந்தை இலக்கியம்
ꢦꣁꢱ꣄ꢪꢾ,குறி
ꢲꢾꢱ꣄ꢫꢪ꣄,குறி
ꢥꢵꢗꢸꢮꢵꢥ꣄,கூத்தர்
ꢱꢶꢳ꣄ꢳꢵ ꢒꢵꢭ꣄,கூதிர்காலம்
ꢲꢶꢪꢳꣁ,கூதிர்காலம்
ꢲꢶꢪꢸꢱꢸ ꢒꢵꢭ꣄,கூதிர்காலம்
ꢣꢵꢥ꣄,கொடை
ꢱꢪꢱ꣄ꢢꢵꢥ꣄,சங்கம்
ꢱꢪ꣄ꢒ꣄ꢯꢾꢦ꣄,சுருக்கம்
ꢡꢵꢣꢶ,ஓலை சுவடி
ꢡꢵꢜꢶ - ꢦꢵꢥꢸ ꢭꢶꢓꢾꢫꣁ,ஓலை சுவடி
ꢦꢣ꣄ꢫꣁ,செய்யுள்
ꢒꢮꢶꢡꢵ ꢬꢷꢡꢶ,செய்யுள் நடை
ꢯꣀꢮꣁ,சைவம்
ꢯꢶꢮ ꢪꢵꢬ꣄ꢔꢸ,சைவம்
ꢮꢡ꣄ꢡꢵ ꢂꢬ꣄ꢢꢸ,சொற்பொருள்
ꢦ꣄ꢬꢱꢖ꣄ꢔꢸ,சொற்பொழிவு
ꢩꢵꢰꢠꣁ,சொற்பொழிவு
ꢥꢵꢫꢒꢥ꣄,தலைவன்
ꢗꢭꢥ꣄ꢒꢵꢭ꣄,தற்காலம்
ꢗꢭ꣄ꢡꢒꢵꢭ꣄,தற்காலம்
ꢱ꣄ꢮ ꢗꢬꢶꢡ꣄ꢬꢸ,தன்வரலாறு
ꢂꢭꢔ꣄ ꢔꢷꢡꢸꢥ꣄,தனிப்பாடல்கள்
ꢕꢾꢬꢸ ꢤꢾꢬꢸꢪ꣄,திணை
ꢣꣂꢰ ꢔꢸꢠ ꢮꢶꢪꢬ꣄ꢱꢠꣁ,திறனாய்வு
ꢱꢥ꣄ꢫꢵꢱꢸ ꢂꢗꢵꢬ꣄,துறவறம்
ꢣꢾꢒ꣄ꢯꢸꢠꢸ ꢮꢬꣁ,தென்றல்
ꢪꢥ꣄ꢣ ꢪꢵꢬꢸꢣꣁ,தென்றல்
ꢱꢖ꣄ꢒꢭꢥꢒꢬ꣄ꢡꣁ,தொகுப்பாளர்
ꢮ꣄ꢫꢵꢱ꣄,தொகுப்பாளர்
ꢙꢾꢡꣁ ꢗꢾꢬ꣄ꢗꢸꢥꢵꢬ꣄,தொகுப்பாளர்
ꢱꢪ꣄ꢦꢵꢢꢒꣁ,தொகுப்பாளர்
ꢮꢬ꣄ꢠꢶ,தொகை
ꢥꢵꢫꢥ꣄ꢪꢵꢬ꣄,நாயன்மார்
ꢥꢶꢔꢠ꣄ꢜꢸ,நிகண்டு
ꢤꢾꢬ꣄ꢪꢸ ꢓꢾꢥꢶ,நீதிக்கதை
ꢥꢷꢡꢶ ꢱꢵꢲꢶꢡ꣄ꢫꢸ,நீதிஇலக்கியம்
ꢗꢡꢵꢨ꣄ꢣꢶꢶ,நூற்றாண்டு
ꢩꢒ꣄ꢡꢶ ꢪꢵꢬ꣄ꢔꢸ,பக்தி நெறி
ꢩꢵꢔꢸ,பகுப்பு
ꢮꢡ꣄ꢡꢵꢥꢸ꣄ ꢂꢬ꣄ꢢꢸ,பதவுரை
ꢒꢮꢶꢡꣁ,பதிகம்
ꢦꢬꢪꢵꢡ꣄ꢪꣁ,பரம்பொருள்
ꢒꢮꢶꢡꣁ,பா / பாட்டு /பாடல்
ꢔꢷꢜ꣄,பா / பாட்டு /பாடல்
ꢩꢮ꣄ꢡꢸꢭ꣄,பாகவதர்
ꢧꣀꢭꢮꢵꢗꢸ,பாயிரம்
ꢦ꣄ꢬꢾꢮꢾꢱꢸ ꢮꢵꢗꢸ,பாயிரம்
ꢦꢷꢝꢶꢒꣁ,பாயிரம்
ꢮꢳꢸ ꢬꢵꢠ꣄,பாலை
ꢂꢭꢔ꣄ꢔꣁ,பிரிவு
ꢮꢾꢔꢸꢳꣁ,பிரிவு
ꢙꢥꢥꣁ,பிறவி
ꢙꢾꢥ꣄ꢪꢸ ꢧꣁꢳ꣄,பிறவிப் பயன்
ꢥꣁꢮꣁ ꢒꢮꢶꢡꣁ,புதுக்கவிதை
ꢥꢮꢷꢥ ꢒꢮꢶꢡꣁ,புதுக்கவிதை
ꢥꢹꢡꢥ ꢒꢮꢶꢡꣁ,புதுக்கவிதை
ꢕꢥꢮꢵꢥ꣄,புரவலன்
ꢦꣁꢰꢒꣁ,புரவலன்
ꢦꢸꢬꢵꢠꢸ,புராணம்
ꢱꢹꢬꢶ,புலவர்
ꢥꢾꢪ ꢱꣁꢞꢶꢥꢶ,புறநடை
ꢒꣃꢒꢶꢒ꣄,புறம்
ꢂꢪ꣄ꢪꢵꢥ꣄,பெண்டிர்
ꢱꢥ꣄ꢣꣁꢰ꣄,பொருள்
ꢘꢥ꣄ꢣꢱ꣄,பொருள்
ꢩꢵꢮꢬ꣄ꢢꢸ,பொழிப்புரை
ꢪꢴꣁꢞꢪ꣄,மடங்கள்
ꢦꢵꢬꢪ꣄ꢦꢬ꣄ꢫꣁ,மரபு
ꢦꢷꢔꢸ ꢤꢬꢷꢬ꣄,மருதம்
ꢱꢪ꣄ꢱ꣄ꢡꢵꢥ꣄,மன்றம்
ꢡꢸꢞ꣄ꢫꢵꢥꢸ ꢪꢵꢬ꣄ꢔꢸ,முகமதியம்
ꢂꢮꢡꢵꢬꢶꢒꣁ,முகவுரை
ꢡꢷꢥ꣄ꢡꢪꢶꢳꢸ ꢱꢵꢲꢶꢡ꣄ꢫꣁ,முத்தமிழ்
ꢪꢹꢭ ꢦꢸꢱ꣄ꢡꢮ꣄,முதல்நூல்
ꢂꢜꢸ ꢦꢸꢱ꣄ꢡꢮ꣄,முதல்நூல்
ꢮꢥꢵꢥ꣄ꢡꢬꢸ ꢤꢬꢷꢬ꣄,முல்லை
ꢪꢸꢥꢶ,முனிவன்
ꢔꢥꢤꢥꢮꢵꢥ꣄,வள்ளல்
ꢆꢡ꣄ꢡꢬꢸ ꢮꢬꣁ,வாடை
ꢲꢶꢪꢮꢬꣁ,வாடை
ꢧꢾꢮ꣄ꢭꢥꢦꢥ꣄,விருந்தோம்பல்
ꢮꣀꢒꢸꢠ꣄ꢜꢸ,வீடு
ꢦꢬꢪ꣄ꢤꢵꢪ꣄,வீடு
ꢮꣀꢰ꣄ꢠꢮ ꢪꢵꢬ꣄ꢔꢸ,வைணவம்
ꢂꢯꢬꢷꢬꢶ,அசரீரி
ꢣꢵꢱꢸꢥ꣄,அடியார்
ꢂꢩꢶꢰꢿꢒ꣄,அபிஷேகம்
ꢂꢬ꣄ꢗꢥꣁ,அர்ச்சனை
ꢒꢺꢦꣁ,அருள்
ꢂꢮ꣄ꢡꢵꢬ꣄,அவதாரம்
ꢃꢱꢶꢰ꣄,அனுக்கிரகம்/ஆசிர்வாதம்
ꢃꢱꢷꢬ꣄ꢮꢵꢡ꣄,அனுக்கிரகம்/ஆசிர்வாதம்
ꢃꢱ꣄ꢬꢪꣁ,ஆசிரமம்
ꢣꢿꢮ꣄,ஆண்டவன்
ꢩꢔꢮꢵꢥ꣄,ஆண்டவன்
ꢃꢬꢵꢤꢥꣁ,ஆராதனை
ꢣꢮ꣄ꢬꣁ,ஆலயம்
ꢪꢥ꣄ꢣꢶꢬ꣄,ஆலயம்
ꢃꢡ꣄ꢪꣁ,ஆன்மா
ꢩꢒ꣄ꢡꢶ ꢪꢵꢬ꣄ꢔꢸ,ஆன்மீகம்
ꢃꢱ꣄ꢡꢶꢒ꣄,ஆஸ்திகம்
ꢡꢸꢞꢶꢫꢵꢥꢸ ꢪꢵꢬ꣄ꢔꢸ,இசுலாம்
ꢲꢶꢥ꣄ꢣꢸ,இந்து
ꢣꢿꢮꢸ ꢩꢒ꣄ꢡꢶ,இறையுணர்வு
ꢣꢾꢮ꣄,இறைவன்
ꢅꢯꣁ,ஈசுவரன்
ꢅꢯ꣄ꢦꢸꢬꢸ,ஈசுவரன்
ꢲꢸꢠ꣄ꢞꢶ,உண்டி / உண்டியல்
ꢱꣂꢩꢵ ꢫꢵꢡ꣄ꢬꣁ,ஊர்வலம்
ꢬꢒ꣄ꢰꢸꢥꢵꢬ꣄,கர்த்தர்
ꢔꢬ꣄ꢩ ꢔ꣄ꢒꢺꢲꢪ꣄,கர்ப்பக்கிரகம்
ꢱꢪꢵꢤꢶ,கல்லறை
ꢒꢬ꣄ꢦꢸꢬ꣄,கற்பூரம்
ꢂꢡ꣄ꢡꢶꢪ꣄ꢨꢸꢬ꣄,கற்பூரம்
ꢒꢾꢥ꣄ꢫꢵꢱ꣄ꢡꢶꢬꢷ,கன்னியாஸ்திரி
ꢒꢵꢠꢶꢒ꣄ꢒꢿ,காணிக்கை
ꢒꢵꢮꢶꢮꢱ꣄ꢡꢬ꣄,காவியுடை
ꢒꢶꢬꢸꢱ꣄ꢡꢸ ꢪꢵꢬ꣄ꢔꢸ,கிறித்துவம்
ꢒꢷꢬ꣄ꢡ꣄ꢡꢥꢵꢥ꣄,கீர்த்தனைகள்
ꢒꢸꢭꢣꢿꢮ꣄,குடும்ப தெய்வம்
ꢣꢸꢮꣁ,குத்துவிளக்கு
ꢔꢸꢬꢸ,குரு
ꢤ꣄ꢮꢙ ꢱ꣄ꢢꢪ꣄ꢨꢸ,கொடிமரம்
ꢤꢮ꣄ꢬꣁ,கோயில்
ꢱꢶꢬ꣄ꢒꢥ꣄,சந்தனம்
ꢯ꣄꣄ꢬꢶꢔꢥ꣄ꢤꢸ,சந்தனம்
ꢱꢥ꣄ꢫꢵꢱ꣄,சந்நியாசம்
ꢱꢥ꣄ꢫꢵꢱꢶ,சந்நியாசி
ꢱꢥ꣄ꢫꢵꢱꢶꢥꢶ,சந்தியாசினி
ꢱꢪꢠ ꢪꢵꢬ꣄ꢔꢸ,சமணம்
ꢮꢵꢜ꣄,சமயம்
ꢤꢾꢬꢸꢪ꣄,சமயம்
ꢤꢬ꣄ꢪꢸ,சமயம்
ꢱꢵꢣꢸ,சாது
ꢱꢵꢨꢥꣁ,சாபம்
ꢂꢩꢶꢱꢵꢦ꣄,சாபம்
ꢱꢶꢡ꣄ꢡꢬ꣄,சித்தர்
ꢱꢶꢭꢸꢮꣁ,சிலுவை
ꢱꢶꢭꣁ,சிலை
ꢱꢶꢭ꣄ꢨꣁ,சிலை
ꢯꢶꢶꢮꣁ,சிவம்
ꢅꢯ꣄ꢦꢸꢬꢸ,சிவம்
ꢥꢴꢥ꣄ ꢣꢿꢮ꣄,சிறுதெய்வம்
ꢔꢵꢪꢸ ꢣꢿꢮ꣄,சிறுதெய்வம்
ꢱꢶꢰ꣄ꢫꢵꢥ꣄,சீடர்
ꢬꢸꢣ꣄ꢬꢦꢹꢪꢶ,சுடுகாடு
ꢱꢸꢮꢡ꣄ꢡꢵꢥ꣄,சுவிசேஷங்கள்
ꢱꢸꢱꢥ꣄ꢣꢾꢱꢸꢥ꣄,சுவிசேஷங்கள்
ꢱꣀꢮꢪ꣄,சைவம்
ꢱ꣄ꢮꢬ꣄ꢔꢸ,சொர்க்கம்
ꢛꢵꢥ ꢱ꣄ꢥꢵꢥ꣄,ஞானஸ்நானம்
ꢡꢦꢱ꣄,தபசு
ꢦꣁꢳ꣄ꢳꢶ ꢮꢵꢱꢭ꣄,தர்க்கா
ꢤꢬ꣄ꢪꢒꢬ꣄ꢡꣁ,தருமகர்த்தா
ꢥ꣄ꢫꢵꢱꢶ,தருமகர்த்தா
ꢤ꣄ꢫꢵꢥ꣄,தியானம்
ꢱꢸꢦ꣄ꢬꢩꢵꢡꢸꢪ꣄ ꢣꢾꢮꢸꢒ꣄ ꢲꢸꢞꢞ꣄ꢥꢶ,திருப்பள்ளி எழுச்சி
ꢯ꣄꣄ꢬꢷ ꢦꢵꢣꢪ꣄,திருவடி
ꢱꢪꢵꢬꢵꢤꢥꣁ,திருவிருந்து
ꢣꢱꢭ꣄,திருவிருந்து
ꢤꢮ꣄ꢬꢵ ꢆꢡ꣄ꢱꢮꢸ,திருவிழா
ꢣꢷꢦꢵꢬꢵꢡꢥꣁ,தீபாராதனை
ꢣꢷꢬ꣄ꢔꢣꢬ꣄ꢱꢶ,தீர்க்கதரிசி
ꢡꢷꢬ꣄ꢢꢸ,தீர்த்தம்
ꢦ꣄ꢬꢱꢵꢣ꣄,நைவேத்தியம்
ꢅꢯꣁ,"பதி, பசு, பாசம்"
ꢙꢷꢮ꣄,"பதி, பசு, பாசம்"
ꢨꢥ꣄ꢤꢪ꣄,"பதி, பசு, பாசம்"
ꢪꢾꢞꢵꢡ꣄ꢪꣁ,பரம்பொருள்
ꢦꢸꢠ꣄ꢫꢵꢡ꣄ꢪꣁ,பரிசுத்த ஆவி
ꢣꢠ꣄ꢞꢶ,பல்லக்கு
ꢨꣁꢭꢶꢦꢷꢟ꣄,பலிபீடம்
ꢦꣁꢳ꣄ꢳꢶ,பள்ளி
ꢦꢵꢦ꣄,பாபம்
ꢦꢵꢦꢶ,பாவி
ꢦ꣄ꢬꢒꢵꢬ꣄,பிரகாரம்
ꢦ꣄ꢬꢗꢵꢬꢒ꣄,பிரசங்கி /பிரசாரம் செய்பவர்
ꢦ꣄ꢬꢵꢡ꣄ꢡꢥꣁ,பிரார்த்தனை
ꢆꢙ꣄ꢮꢵꢮ꣄,பிறவி
ꢃꢱꢥꣁ,பீடம்
ꢦꢸꢠ꣄ꢠꢸ,புண்ணியம்
ꢦꢸꢙꣁ,பூசை
ꢨꢶꢱꢨ꣄,பேராயர்
ꢪꢲꢵꢬꢱꢥꣁ,பேரின்பம்
ꢱꢶꢒ꣄ꢒꢞ꣄ꢠꢵꢬ꣄,போதகர்
ꢨꢸꢣ꣄ꢤ ꢪꢵꢬ꣄ꢔꢸ,பெளத்தம்
ꢪꢝ,மடம்
ꢪꢴꣁꢞꢪ꣄,மடம்
ꢕꢾꢠ꣄ꢜꣁ,மணி
ꢪꣁꢥ꣄ꢡꢸꢬ꣄,மந்திரம்
ꢣꢷ ꢒ꣄ꢰꣁ ꢓꢳ꣄ꢳꢥ꣄ ꢮꢾꢳ꣄꣄ ꢔꢸꢬꢸ ꢱꢖ꣄ꢔꢱ꣄ꢡꢾ ꢪꣁꢥ꣄ꢡꢸꢬ꣄,மந்திரம்
ꢮꢿꢣ꣄,மறை
ꢪꢥꢱꢵꢒ꣄ꢰꢶ,மனசாட்சி
ꢣ꣄ꢬꢵꢮꢶꢞ ꢔ꣄ꢬꢵꢪ꣄ꢫ ꢣꢾꢮ꣄ꢡꣁ,மாடன்
ꢪꢾꢬꢶ ꢕꢾꢬ꣄,மாதாகோயில்
ꢪꢵꢬꢶꢫꢪ꣄ꢪꣁ,மாரியம்மன்
ꢱꢵꢪꢶꢫꢵꢬꢸꢥ꣄,மெய்யடியார்
ꢪꣂꢒ꣄ꢯꢶ,மோட்சம்
ꢪꢸꢒ꣄ꢡꢶ,மோட்சம்
ꢬꢾꢡ꣄ꢡꢸ,ரதம்
ꢥꢪꢱ꣄ꢒꢵꢬ꣄,வணக்கம்
ꢥꢪꢥꣁ,வழிபாடு
ꢥꣂꢪ꣄,வழிபாடு
ꢮꢶꢔ꣄ꢬꢲꢪ꣄,விக்ரகம்
ꢦꢵꢦꢮꢶꢪꣂꢗꢥꣁ,விமோசனம்
ꢮꣁꢔꢡ꣄,விரதம்
ꢮꢿꢣ꣄,வேதம்
ꢮꣀꢰ꣄ꢠꢮꢪ꣄,வைணவம்
ꢙꢾꢦꢪ꣄,ஜபம்
ꢙꢾꢦꢪ꣄,ஜெபம்
ꢙꢾꢭꢸꢪ꣄,ஜென்மம்
ꢲꢵꢙꢶ,ஹாஜி
ꢲꢙ꣄ꢙꢸ ꢫꢵꢡ꣄ꢬꣁ ꢒꢾꢬꢾꢱ꣄ꢡꢾꢥꣁ,ஹாஜி
ꢂꢞ꣄ꢔꢾꢭ꣄,அட்டியல்
ꢒꢾꢣꢸꢬꣁ,அரைஞாண்
ꢮꢱ꣄ꢡꢬ꣄,ஆடை
ꢩꢹꢰꢸ,ஆபரணம்
ꢱꣁꢪ꣄ꢪꢸ,ஆபரணம்
ꢗꣁꢮ꣄ꢭꢶ,இரவிக்கை
ꢧꢾꢭꢸ,உடுப்பு
ꢩꣁꢠ꣄ꢠꢪ꣄,உருப்படி
ꢂꢥ꣄ꢡꢬ꣄ꢮꢵꢱ꣄,உள்ளாடை
ꢏꢞ꣄ꢞꢶꢫꢠꢪ꣄,ஒட்டியாணம்
ꢂꢞꢸꢗꣁꢮ꣄ꢭꢶ,கச்சை
ꢣꣁꢠꣁ,கண்ணாடி
ꢘꢵꢱ꣄ꢪꣁ,கண்ணாடி
ꢓꢵꢡꢶ,கதர்
ꢡꣃꢠꢞ꣄,கம்மல்
ꢡꢮ꣄ꢠꢣ꣄,காதோலை
ꢒꢾꢖ꣄ꢔꢠ꣄,காப்பு
ꢦꢵꢛ꣄ ꢂꢖ꣄ꢔꢬꣁ,காற்சட்டை
ꢒꢸꢖ꣄ꢔꢸꢪ꣄,குங்குமம்
ꢱꢡꢶ,குடை
ꢦꣁꢖ꣄ꢔꢸꢳꣁ,குண்டலம்
ꢦꣀꢞꢶ,குல்லாய்
ꢭꢴꣂꢖ꣄ꢔꢸ,கெம்பு
ꢲꢵꢡꢸꢪꢔꢵ ꢨꣁꢜ꣄ꢞꣁ,கைத்தறித்துணி
ꢒꢸꢛ꣄ꢙꢪ꣄,கொசுவம்
ꢒꢾꢣꢸꢬꣁ,கொடி
ꢗꣀꢪ꣄ꢨꢜ꣄ꢜꢾ,கொலுசு
ꢔꣁꢬ꣄ꢱꢸꢭ꣄,கொலுசு
ꢒꢰ꣄ꢜꢶꢨꣁꢜ꣄ꢜꣁ,கோமணம்
ꢔꣁꢪꢾꢣꢒꢪ꣄,கோமேதகம்
ꢂꢖ꣄ꢔ꣄ꢬꣁ,சட்டை
ꢂꢖ꣄ꢔ꣄ꢬꢵ,சட்டைப்பை
ꢓꣃꢭ꣄ꢜꢶ,சட்டைப்பை
ꢬꢖ꣄ꢔꢵꢮ꣄,சால்வை
ꢣꣁꢠ꣄ꢞꣁ,சிந்தாமணி
ꢨꢶꢥ꣄ꢣꢸꢭꣁ,சிலம்பு
ꢭꣁꢭꢵꢒ꣄,சுட்டி
ꢪꣁꢛ꣄ꢗꢥꢶ,சுருக்கு
ꢗꢸꢗ꣄ꢗꢸꢪ꣄,செந்தூரம்
ꢦꣃꢱꢸꢭ꣄,செருப்பு
ꢗꢾꢦꢶꢥꢶ,செருப்பு
ꢱꣁꢳꣁ,சேலை
ꢗꣁꢮ꣄ꢳꢶ,சோளி
ꢔꣁꢬ꣄ꢱꢸꢭ꣄,தண்டை
ꢣꢥ꣄ꢡꢸ,தந்தம்
ꢆꢰ꣄ꢠꢶꢰꣁ,தலைக்கட்டு
ꢗꢾꢪ꣄ꢨꢜ꣄ꢜꢾ,தளை
ꢚꢭ꣄ꢚꢭ꣄,தளை
ꢑꢡꣁ,திலகம்
ꢨꣁꢜ꣄ꢜꣁ,துணி
ꢒꢱ꣄ꢥꢶ,துவர்த்து
ꢦꢔꢶꢞꢶ,தொப்பி
ꢡꣃꢠꢜ꣄,தோடு
ꢩꢹꢰꢠ,நகை
ꢥꢶꢭꢣꢾꢫ꣄ꢞ,நீலக்கல்
ꢦꢶꢪ꣄ꢨꢭꢪ꣄,நெற்றிச்சுட்டி
ꢒꣃꢱ꣄,பட்டு
ꢒꣁꢮ꣄ꢯ꣄,பட்டு
ꢪꢬꢔꢡꢪ꣄,பச்சைக்கல்
ꢦꣁꢪ꣄ꢳꣁ,பவளம்
ꢭꣁꢪ꣄ꢨꢞꢪ꣄,பாம்படம்
ꢨꢶꢭꢵꢒ꣄,புல்லாக்கு
ꢦꢸꢰ꣄ꢦꢬꢵꢔꢪ꣄,புஷ்பராகம்
ꢨꣀꢙꢪꢵ,பைஜாமா
ꢦꣃꢒꢳ꣄,மரச்செருப்பு
ꢪꢵꢠꢶꢒ꣄ꢒꢪ꣄,மாணிக்கம்
ꢃꢬꢪ꣄,மாலை
ꢪꢵꢭꢾ,மாலை
ꢮꢶꢛ꣄ꢗꢸ,மிஞ்சி
ꢦꢵꢛꢶꢪꢸꢣ꣄ꢣꢶ,மிஞ்சி
ꢤꣁꢮꢡ꣄,முண்டு
ꢪꣁꢡꢶ,முத்து
ꢪꢸꢒ꣄ꢬꣁ,மூக்குக் கண்ணாடி
ꢘꢵꢱ꣄ꢪꣁ,மூக்குக் கண்ணாடி
ꢪꢸꢒ꣄ꢒꢸꢬ꣄,மூக்குத்தி
ꢪꢸꢣ꣄ꢣꢶ,மோதிரம்
ꢭꣁꢭꢵꢒ꣄,லோலக்கு
ꢒꣀꢥ,வளை
ꢒꣀꢥꣁ,வளையல்
ꢂꢬꢶꢡ꣄ꢯꢪ꣄,வைடூரியம்
ꢚꢸꢖ꣄ꢒꢭ꣄,ஜிமிக்கி
ꢂꢖ꣄ꢔꢶꢞꢶ,அங்காடி
ꢒꢸꢣꢵꢖ꣄ꢔꢶꢞꢶ,அடகுக்கடை
ꢱꢲꢫꣁꢔ꣄,ஆதரவு
ꢃꢣꢵꢮ꣄,ஆதாயம்
ꢌꢥ꣄ꢡꢸꢬ꣄,இயந்திரம்
ꢲꢹꢣꢵꢬ,இரவல்
ꢬꢴꢥꢶ,இருப்பு
ꢔꣁꢱ꣄,இலவசம் / இனாம்
ꢥꢶꢱ꣄ꢱꢸꢭ꣄ꢒꣁ,இலவசம் / இனாம்
ꢲꢸꢡ꣄ꢬꢵꢮ꣄,இறக்குமதி
ꢕꢸꢪ꣄ꢦꢸ,இனம்
ꢔꣂꢱ꣄,இனாம்
ꢆꢡ꣄ꢬꢮꢵꢣ꣄,உத்தரவாதம்
ꢨꢵꢣ꣄ꢫꢮꢵꢥ꣄,உரிமையாளர்
ꢱꢹꢮꢵꢥ꣄ꢣꢵꢬ꣄,உரிமையாளர்
ꢂꢥ꣄ꢡꢬ꣄ꢒꢬꣁ,உள்ளூர்வரி
ꢱꢷꢭ꣄ꢒꢪ꣄,உள்ளூர்வரி
ꢱꢵꢮꢤꢵꢥ꣄,எச்சரிக்கை
ꢌꢭꢪ꣄,ஏலம்
ꢥꢷꢭꢵꢪ꣄,ஏலம்
ꢂꢖ꣄ꢔꢶꢞꢶ,கடை
ꢂꢖ꣄ꢔꢶꢞꢶ ꢒꢾꢬꣁ,கடைக்காரன்
ꢒꢮ꣄ꢭꢶꢥꢶ,கலவை
ꢪꢶꢱ꣄ꢬꢥꣁ,கலவை
ꢣꣁꢨ꣄ꢨꢶꢥꢶ,கழிவு
ꢩꢶꢞ꣄ꢥꢶ,கழிவு
ꢦꢸꢛ꣄ꢙꣁ,கழிவு
ꢒꢦꢶꢥꢶ,கழிவு
ꢏꢠ꣄ꢜ꣄ꢫꣁꢱ꣄ꢪꣁꢭ꣄,கறார்
ꢓꢾꢬꢵꢬꢸꢪꣁꢭ꣄,கறார்
ꢒꢵꢱ꣄,காசு
ꢲꢥ꣄ꢥꢮ꣄,காசு
ꢲꢥ꣄ꢥ꣄ꢮꢸꢦꢡ꣄ꢬꢸ,காசோலை
ꢨꢷꢪꣁ,காப்புறுதி
ꢙꢷꢮꢥꢬꢒ꣄ꢰꣁ,காப்புறுதி
ꢒꢵꢭꢵꢮꢤꢶ,காலாவதி
ꢮꢿꢳꢸ ꢱꢪꢵꢦ꣄ꢡꢶ,காலாவதி
ꢪꢸꢱꢥ꣄ ꢒꢵꢭ꣄,காலாவதி
ꢔꢶꢜ꣄ꢜꢖ꣄ꢔꢶ,கிடங்கு
ꢒꢸꢜꢶꢭꢸ ꢆꢣ꣄ꢫꣂꢔ꣄,குடிசைத் தொழில்
ꢪꢶꢭꢥ꣄ꢮꢞ꣄ꢞꢶ,கூட்டு வட்டி
ꢮꢬ꣄ꢤꢥꢮ꣄ꢬꢸꢣ꣄ꢤꢶ,கூட்டு வட்டி
ꢱꢲꢫꣂꢔꢸ ꢱꢖ꣄ꢕꢸ,கூட்டுறவுச் சங்கம்
ꢲꢵꢡꢸ ꢦꣁꢡꢶ,கையேடு
ꢣꢾꢥꢶꢓꢜ꣄ꢠꢶ,கொடுக்கல் வாங்கல்
ꢱꣁꢖ꣄ꢔꢵꢪꣂꢭ꣄,சகாயவிலை
ꢥ꣄ꢫꢵꢮꢸꢪꣁꢭ꣄,சகாயவிலை
ꢦ꣄ꢬꢡꢶ ꢯꣁꢡ꣄,சதவீதம்
ꢦ꣄ꢬꢡꢶ ꢱꣁꢮꢸ,சதவீதம்
ꢮꢶꢒ꣄ꢒꢥ ꣄ꢢꢵꢪ꣄,சந்தை
ꢱꢪꢵꢥ꣄,சரக்கு
ꢱꢲꢵꢮ꣄,சலுகை
ꢱꢵꢤꢥ꣄,சாதனம்
ꢪꢶꢡꢮꢿꢱꢸꢦꢥ꣄,சிக்கனம்
ꢥꢴꢥ꣄ꢒꢵꢱꢸꢥ꣄,சில்லறை
ꢗꢶꢭ꣄ꢭꢬꢸ ꢩ꣄ꢫꢵꢬ꣄,சில்லறை வியாபாரம்
ꢥꢴꢥ꣄ ꢦꢬꢶꢪꢵꢠꢸ ꢩ꣄ꢫꢵꢬ꣄,சில்லறை வியாபாரம்
ꢮꢶꢯꢿꢰꢸ ꢱꢵꢡ꣄,சிறப்பங்காடி
ꢪꢾꢜ꣄ ꢱꢵꢡ꣄,சிறப்பங்காடி
ꢮꢶꢯꢿꢰꢸ ꢂꢪ꣄ꢱꢸ,சிறப்பம்சம்
ꢥꢴꢥ꣄ꢦꢬꢶꢪꢵꢠꢸ ꢱꢛ꣄ꢗꢫꣁ,சிறுசேமிப்பு
ꢥꢴꢥ꣄ ꢆꢬꢵꢮ꣄,சிறுசேமிப்பு
ꢥꢴꢥ꣄ ꢆꢣ꣄ꢫꣁꢔ꣄,சிறுதொழில்
ꢔꢸꢬ꣄ꢡꢸ,சின்னம்
ꢗꢷꢜꢸ ꢒꢪ꣄ꢦꢾꢥꢶ,சீட்டு நிறுவனம்
ꢗꢷꢜꢸ ꢱ꣄ꢡꢵꢦꢥꣁ,சீட்டு நிறுவனம்
ꢒꢬꢥ꣄ꢒ꣄ꢬꢪꣁ,செய்முறை
ꢮꢾꢱꢸꢥ꣄,செலவினம்
ꢮꢿꢱ꣄,செலவு
ꢭꢴꢾꢓꢵ ꢱꣁꢤꢥꣁ,தணிக்கை
ꢆꢡ꣄ꢦꢡ꣄ꢡꢶꢒꢾꢬ꣄ꢥꢵꢬ꣄ ꢡꢾꢫꢵꢬ꣄ꢒꢾꢬ꣄ꢥꢵꢬ꣄,தயாரிப்பாளர்
ꢆꢡ꣄ꢦꢡ꣄ꢡꢶ,தயாரிப்பு
ꢒꢬ꣄ꢪꢣꢾꢥꢶ,தவணை
ꢆꢣ꣄ꢫꣂꢔꢸ ꢕꢥꣁ,தொழிலகம்/ தொழிற் சாலை
ꢒꢵꢪ꣄ ꢒꢬ꣄ꢡꢵꢥ꣄,தொழிலாளர்
ꢒꢵꢪ꣄ ꢒꢬ꣄ꢡ꣄ꢡꣁ,தொழிலாளி
ꢒꢵꢪ꣄ ꢒꢬ꣄ꢡꢵꢥꢸ ꢱꢖ꣄ꢔꢸ,தொழிற் சங்கம்
ꢒꢵꢗꢮꢵꢥꢵ,தொழிற் சாலை
ꢥꣁꢰ꣄ꢜꢶ,நஷ்டம்
ꢒꢵꢱꢸ ꢨꢶꢭ꣄ꢭꣁ,நாணயம்
ꢥꢶꢒꢬ ꢭꢵꢩ꣄,நிகரலாபம்
ꢲꢠ꣄ꢠꢮ꣄,நிதி
ꢥꢶꢤꢶ,நிதி
ꢥꢶꢤꢶ ꢏꢬ꣄ꢱꢸ,நிதியாண்டு
ꢥꢶꢬ꣄ꢮꢵꢲꢸ ꢒꢵꢬ꣄ꢫꢵꢭꢫꣁ,நிர்வாக அலுவலகம்
ꢓꢞꢱ꣄ꢡꢾꢥꢸ,நுகர்வோர்
ꢮꢮ꣄ꢬꢸꢥꢵꢬ꣄,நுகர்வோர்
ꢥꢸꢔꢸꢥꢵꢬ꣄,நுகர்வோர்
ꢩꢵꢔꢱ꣄ꢢꢬ꣄,பங்காளர்கள்
ꢩꢵꢔ꣄,பங்கு
ꢗꢹꢗꢶ ꢦꢡ꣄ꢬꢸ,பட்டியல்
ꢔꢶꢞ꣄ꢞꢖ꣄ꢔꢶ,பண்டகசாலை
ꢙꢪꢵꢥꢸꢥ꣄,பண்டங்கள்
ꢒꢸꢡꣁ,பணயம்
ꢦꢡ꣄ꢡꢶꢬꢪ꣄,பத்திரம்
ꢦꢡ꣄ꢡꢶꢬꢪꢸ ꢒꢵꢬ꣄ꢫꢭꢫꣁ,பதிவு அலுவலகம்
ꢗꢶꢱ꣄ꢭꣁ,பலசரக்கு
ꢗꢵꢱ꣄ꢭꢵ ꢂꢖ꣄ꢔꢶꢞꢶ,பலசரக்குக் கடை
ꢒꢵꢨꢥ꣄ꢣꢸ,பாதுகாப்பு
ꢩꣁꢠ꣄ꢠꢪꢸꢥ꣄,பொருட்கள்
ꢮꢱ꣄ꢡꢸꢥ꣄,பொருட்கள்
ꢥꢶꢤꢶꢱꢲꢵꢮ꣄,பொருளுதவி
ꢔꢸꢠ꣄ꢠꢸꢲꢷꢥꢸꢮꢱ꣄ꢡꢸꢥ꣄,போலிச்சரக்கு
ꢱꣁꢖ꣄ꢒꣁ,மலிவு
ꢂꢭ꣄ꢦ,மலிவு
ꢩꢬ꣄ꢡꢶꢪꣁ,மாதிரி
ꢯꢿꢰ꣄,மிச்சம் / மீதி
ꢩꢬ꣄ꢡꢶ ꢪꢾꢥꢶꢒ꣄,முகவர்
ꢩꢬ꣄ꢡꢶꢮꢵꢥ꣄,முகவர்
ꢂꢤꢶꢦꢡꢶ,முதலாளி
ꢥꢶꢮꢿꢰꢠꣁ,முதலீடு/ மூலதனம்
ꢪꢹꢭꢸꢤꢥ꣄,முதலீடு/ மூலதனம்
ꢃꢲꢡ꣄,மொத்தம்
ꢂꢱ꣄ꢒꣁ,மொத்தம்
ꢃꢲꢡ꣄ꢩ꣄ꢫꢵꢬ꣄,மொத்த வியாபாரம்
ꢦ꣄ꢬꢵꢦ꣄ꢡꢶꢦꢡ꣄ꢬꢸ,ரசீது
ꢦꢵꢮꢡꢶ,ரசீது
ꢬꢸꢦꢵꢫ꣄,ரூபாய்
ꢬꣁꢒ꣄ꢒꢪ꣄,ரொக்கம்
ꢪꢸꢭ꣄ꢧꢭꢵꢨ꣄,வட்டி
ꢩ꣄ꢫꢵꢬ꣄,வணிகம்
ꢩ꣄ꢫꢵꢬ꣄ꢱꢵꢬ꣄,வணிகம்
ꢮꢠꢶꢙ꣄,வணிகர்
ꢮꢠꢶꢒ꣄,வணிகர்
ꢮꢠꢾ,வணிகர்
ꢩ꣄ꢫꢵꢬꢸꢗꢶꢥ꣄ꢲꢸ,வர்த்தகச் சின்னம்
ꢩ꣄ꢫꢵꢬꢸ ꢪꢸꢣ꣄ꢬꣁ,வர்த்தகச் சின்னம்
ꢮ꣄ꢫꢵꢬ꣄,வர்த்தகம்
ꢥꢶꢤꢶꢡꢔꢶꢥꢶ,வரவு
ꢥꢶꢤꢶꢂꢮ꣄ꢥꢶ,வரவு
ꢙꣁꢞꢸꢪ꣄ꢦꢸꢭ꣄,வருமானம்
ꢱꢪ꣄ꢨꢵꢣꢥꣁ,வருமானம்
ꢓꢞꢾꢪꣁꢭ꣄,வாங்கிய விலை
ꢪꣁꢭ꣄,விலை
ꢮꢶꢮꢬ꣄,விவரம்
ꢦ꣄ꢬꢡꢶ ꢱꣂꢡꢸ,விழுக்காடு
ꢦ꣄ꢬꢡꢶ ꢱꣂꢮꢸ,விழுக்காடு
ꢦ꣄ꢬꢒꢵꢱꢠꣁ,விளம்பரம்
ꢮꢶꢒ꣄ꢬꢫꣁ,விற்பனை
ꢮꢶꢒ꣄ꢒꢶꢥꢶ,விற்பனை
ꢮꢶꢒ꣄ꢒꢥ꣄ꢪꣂꢭ꣄,விற்றவிலை
ꢮꢶꢥꢶꢫꣁꢔ꣄,வினியோகம்
ꢮꢶꢥꢶꢫꣂꢔ꣄ꢒꢾꢬ꣄ꢥꢵꢬꢸꢥ꣄,வினியோகிப்போர்
ꢩꢔ ꣄ꢦꢹꢡꢶꢬ꣄,வீதம்
ꢥꢶꢬ꣄ꢤꢵꢬꢶꢡꢒꢵꢭꢶꢒꢫꣁꢙꢥꣁ,வைப்பு நிதித்திட்டம்
ꢱ꣄ꢢꢶꢬ ꢥꢶꢤꢶ ꢢꣁꢮ꣄ꢥꢶ ꢫꣂꢙꢥꣁ,வைப்பு நிதித்திட்டம்
ꢂꢖ꣄ꢔꢮꢶꢒꢵꢬꢸꢥ꣄,அங்கஹீனம் / உடல் ஊனம்
ꢯꢵꢬꢷꢬꢶꢒ ꢮꢶꢒꢵꢬꢸꢥ꣄,அங்கஹீனம் / உடல் ஊனம்
ꢂꢖ꣄ꢔꢲꢷꢥꢸꢥ꣄,உடல் ஊனமுற்றோர்
ꢥꢹꢥꢯꢬꢷꢬꢶ,உடல் ஊனமுற்றோர்
ꢪꢹꢒꣁ,ஊமை / ஊமையன்
ꢪꢹꢓꣁ,ஊமை / ஊமையன்
ꢪꢹꢒꢶ,ஊமைச்சி
ꢏꢬꣁꢣꣁꢭꣁꢮꢵꢥ꣄,ஓரக் கண்ணன்
ꢏꢬꣁꢣꣁꢭꢶꢮꢵꢥ꣄,ஓரக் கண்ணன்
ꢏꢬꣁꢣꣁꢭꢶ,ஓரக் கண்ணி
ꢗꢾꢮꢸꢜ꣄,காதுகேளாதோர்
ꢌꢞꣁ,காதுகேளாதோர்
ꢂꢒ꣄ꢒꢸꢬꣁ,குட்டை
ꢒꢸꢳ꣄ꢳꣁ,குட்டை
ꢒꢸꢳ꣄ꢳ꣄ꢶ,குட்டைச்சி
ꢂꢒ꣄ꢒꢸꢬꢷ,குட்டைச்சி
ꢂꢥ꣄ꢣꢒꣁ,குருடன்/ விழியிழந்தோர்
ꢔꢸꢜ꣄ꢞꢾ,குருடன்/ விழியிழந்தோர்
ꢔꢸꢞ꣄ꢞꢶ,குருடி
ꢂꢥ꣄ꢣꣁ,குருடு
ꢮꢵꢪꢥꢦꢥ꣄,குள்ளம்
ꢒꢸꢳ꣄ꢳꢦꢥ꣄,குள்ளம்
ꢒꢸꢳ꣄ꢳꣁ,குள்ளன்
ꢮꢵꢪꢥꣁ,குள்ளன்
ꢒꢸꢳ꣄ꢳꢶ,குள்ளி
ꢒꢹꢥ꣄,கூன்
ꢮꢔꢸꢠ꣄ꢜꣁꢣꣂꢠ꣄,கோணவாய்
ꢮꣀꢠ꣄ꢜꢡꣂꢠ꣄,கோணவாய்
ꢌꢞꣁ,செவிடன்
ꢗꢾꢮ꣄ꢞꢶ,செவிடி
ꢗꢾꢮꢸꢜ꣄,செவிடு
ꢡꢡ꣄ꢡꢸꢮꣁ,திக்குவாய்
ꢡꢡ꣄ꢡꢸꢮꢵꢥ꣄,திக்குவாயன்
ꢪꣁꢠ꣄ꢞꢶ,நொண்டி
ꢔꣁꢞ꣄ꢞꣁ,மலடன்
ꢔꣁꢞ꣄ꢞꢸ,மலடி
ꢪꣁꢞꢪ꣄,முடம்
ꢪꣁꢠ꣄ꢞꢶ,முடவன்
ꢥꢵꢒ꣄ ꢒꢜꢫꢾꢱ꣄ꢡꢾꢥꣁ,மூக்கரையன்
ꢪꣁꢞ꣄ꢞꢾ,மொட்டை
ꢪꢸꢠ꣄ꢞꣁ,மொட்டைச்சி
ꢨꣁꢞꢒ꣄,மொட்டைச்சி
ꢪꣁꢜ꣄ꢜꢾ,மொட்டையன்
ꢡꢭꢹꢦꣁꢜ꣄ꢜꢭꢸꢮꢵꢥ꣄,வழுக்கையன்
ꢕꢾꢬꢸꢮ꣄ꢒꢥꢶ,அகங்காரமாக
ꢮꢶꢭꢵꢱ꣄ꢒꢥꢶ,அகலமாக
ꢂꢭꢱꣁꢒꢥꢶ,அசட்டையாக
ꢮꢶꢒꢵꢬ꣄ꢒꢥꢶ,அசிங்கமாக
ꢂꢜꢵꢠ꣄ꢒꢒꢥ꣄,அடக்க ஒடுக்கமாக
ꢩꢮ꣄ꢫꢖ꣄ꢒꢥ꣄,அடக்கமாக
ꢧꢶꢬꢶꢧꢶꢬꢶ,அடிக்கடி
ꢡꢾꢬ꣄ꢱꢸ,அடிக்கடி
ꢭꢾꢔꢸꢡꣁ,அடுத்ததாக
ꢧꢬꢡꢸ,அடுத்ததாக
ꢧꢬꣁ ꢧꢳ꣄ꢗꣁ,அடுத்ததாக
ꢲꣁꢭ꣄ꢭꣁ,அடுத்ததாக
ꢧꢭ꣄ꢗꣁ,அடுத்து
ꢡꢶꢫꢾꢢꢵꢥꢸꢒ꣄,அதன்படி
ꢡꢶꢫꢾ ꢧꢭ꣄ꢗꣁ,அதன் பின்
ꢭꢾꢥ꣄ꢡꣁ,அதனால்
ꢡꢾꢭ꣄ꢫꢒꢲꢵꢭ꣄,அதன்விளைவாக
ꢂꢬ꣄ꢢꢵꢡ꣄,அதாவது
ꢂꢡꢶꢬ꣄ꢰ꣄ꢜꢸꢒꢥꢶ,அதிர்ஷ்டவசமாக
ꢥꢶꢫꢵꢮ꣄ ꢥꢴꢷꢡꣁ,அநியாயமாக
ꢬꢪꢵ ꢬꢪꢶ,அநேகமாக
ꢆꢥ꣄ꢥ ꢆꢦꢶꢬ꣄ꢒꢥꢶ,அநேகமாக
ꢡꣂꢬꢫꢪ꣄ꢒꢥꢶ,அநேகமாக
ꢡꢾꢒ ꢧꢭ꣄ꢗꣁ,அப்பால்
ꢣꢸꢣꢹꢬ꣄,அப்பால்
ꢲꢾꢡꢵꢬ꣄ꢡ꣄ꢡꢸꢒꢥ꣄,அப்பாவித்தனமாக
ꢡꢶꢫꢾ ꢦꢭ꣄ꢗꣁ,அப்புறம்
ꢡꢿ ꢮꢿꢳ꣄,அப்போது
ꢡ꣄ꢫꢮꢿꢳ꣄,அப்போது
ꢂꢥ꣄ꢫꢵꢮ꣄ꢒꢥꢶ,அபாண்டமாக
ꢂꢦꢹꢬ꣄ꢦꢸꢒꢥ꣄,அபூர்வமாக
ꢤꢵꢪ꣄ ꢤꢹꢪ꣄ꢒꢥ꣄,அமர்க்களமாக
ꢯꢵꢥ꣄ꢡꢶꢒꢥ꣄,அமைதியாக
ꢭꢾꢔꢸꢡ꣄ꢡ,அருகில் /அருகே
ꢡꣁ,அருகில் /அருகே
ꢗꣁꢒ꣄ꢒꢜ꣄ꢒꢥ꣄,அருமையாக
ꢒꢶꢖ꣄ꢒꢶꢬ꣄ꢥꢶ,அருவருப்பாக
ꢲꢣ꣄ꢣꢵꢪꢸꢣ꣄ꢣꢸ,அரைகுறையாக
ꢪꢴꢣ꣄ꢣꢶꢪ꣄,அரைகுறையாக
ꢂꢱꢶꢖ꣄ꢒꢪ꣄ꢒꢥ꣄,அலங்கோலமாக
ꢂꢭꢞ꣄ꢱꢶꢫꢪ꣄ꢒꢥ꣄,அலட்சியமாக
ꢡꢶꢒ꣄ꢒꢾ,அவ்வளவு
ꢡꢶꢱꣁ,அவ்வாறு
ꢡꢶꢱꢥꢶ,அவ்விதம்
ꢂꢮ꣄ꢱꢬ꣄ꢒꢥ꣄,அவசரமாக
ꢱꢶꢖ꣄ꢒꢵꢬ꣄ꢒꢥ꣄,அழகாக
ꢙꢞꢒꢥ꣄,அழுத்தமாக
ꢤꢶꢣꢮ꣄ꢒꢥ꣄,அழுத்தமாக
ꢣꢾꢛ꣄ꢗꢸꢒꢥ꣄,அழுத்தமாக
ꢦꢶꢬꢿꢒꢥ꣄,அன்பாக
ꢲꢵꢭꢶꢪ꣄,ஆகையால்
ꢔꢾꢬꢸꢮ꣄ꢒꢥ꣄,ஆங்காரமாக
ꢃꢯ꣄ꢗꢬ꣄ꢫꢸꢒꢥ꣄,ஆச்சரியமாக
ꢃꢱ꣄ꢡꢒꢥ꣄,ஆசையாக
ꢪꣂꢙꢒꢥꢶ,ஆடம்பரமாக
ꢏꢬ꣄ꢱꣁꢬ꣄ꢱꢸꢒꢥꢶ,ஆண்டுதோறும்
ꢣꢷꢬ꣄ꢕꢸꢒꢥꢶ,ஆணித்தரமாக
ꢃꢣꢬꢮ꣄ꢒꢥꢶ,ஆதரவாக
ꢆꢡ꣄ꢱꢵꢲ꣄ꢒꢥꢶ,ஆர்வமாக
ꢱꢸꢱ꣄ꢡꢶꢒꢥꢶ,ஆரோக்கியமாக
ꢂꢖ꣄ꢓꢹꢬ꣄ꢒꢥꢶ,ஆவேசமாக
ꢭꣂꢡ꣄ꢒꢥꢶ,ஆழமாக
ꢗꢪꢤꢵꢥ꣄ꢒꢥꢶ,ஆறுதலாக
ꢡꣀꢬꢦꣂꢒ꣄,இடது பக்கமாக
ꢪꢴꢣ꣄ꢣꢶꢪꢴꢣ꣄ꢣꢶꢪ꣄,இடையிடையே
ꢂꢞ꣄ꢜꢪ꣄ꢒꢥꢶ ꢂꢮ꣄ꢞꢒꢥꢶ,இடையூறாக
ꢱꢪ꣄ꢪꢡ꣄ꢒꢥꢶ,இணக்கமாக
ꢗꢾꢬꢶꢒꢥꢶ,இணையாக
ꢄꢱꢒꢥ꣄ ꢌꢭ꣄ꢫꢒꢲꢵꢭ꣄,இதன் மூலமாக/இதனால்
ꢫꢿꢭꢾꢥ꣄ꢡꢸ,இதுவரை
ꢂꢡ꣄ꢡꣁ,இப்பொழுது/ இப்போது
ꢦ꣄ꢬꢒ꣄ꢬꢸꢡꢶꢒꢥꢶ,இயற்கையாக
ꢱ꣄ꢮꢩꢵꢮ꣄ꢒꢥꢶ,இயல்பாக
ꢡꢫꢒꢥꢶ,இரக்கமாக
ꢬꢲꢱ꣄ꢫꢸꢪ꣄ꢒꢥꢶ,இரகசியமாக
ꢣꢶꢮꢫꢾ,இரண்டாவதாக
ꢣꢷꢮꣂꢜ꣄,இருமடங்காக
ꢔꣂꢱ꣄ ꢥꢶꢯ꣄ꢯꢸꢭ꣄ꢒꢸꢒꢥꢶ,இலவசமாக
ꢲꢭ꣄ꢒꢒꢥꢶ,இலேசாக
ꢲꢮ꣄ꢭꢒꢥꢶ꣄,இலேசாக
ꢄꢒ꣄ꢒ,இவ்வளவு
ꢄꢱꣁ,இவ்வாறாக
ꢄꢱꢥꢶ,இவ்வாறாக
ꢲꢸꢡ꣄ꢡꢸꢬꢱ꣄ꢡꢶꢱꣁ,இறக்கமாக
ꢲꣂꢜ꣄ꢒꢥꢶ,இறுக்கமாக/இறுக்கம்
ꢲꣁꢜ꣄,இறுக்கமாக/இறுக்கம்
ꢔꢸꢳ꣄ꢳꢾꢒꢥꢶ,இனிமையாக
ꢔꢸꢳ꣄ꢳꢾ,இனிமையாக
ꢗꢾꢬ꣄ꢒꢵ ꢗꢾꢬ꣄ꢒꣁ,ஈடாக
ꢩꢶꢡ꣄ꢡꢬ꣄,உட்பக்கமாக
ꢩꢶꢡ꣄ꢡꢬꢸꢡꣁꢒꢥ꣄,உட்புறத்திலிருந்து
ꢡꢾꢥ꣄ꢥꢮꢾꢖ꣄ꢔꢸꢪ꣄,உடனடியாக
ꢡꢡ꣄ꢒ꣄ꢰꢠꢪ꣄,உடனடியாக
ꢍꢮꢿꢳ꣄,உடனடியாக
ꢥꢶꢙꢪ꣄ꢒꢥꢶ ꢱꢾꢡ꣄ꢡꢸꢒꢥꢶ ꢬꢴꢡ꣄ꢡꢤꢵꢥꢸ,உண்மையாக
ꢩꢮ ꢮꢱꢒꢥꢶ ꢩꢵꢮ ꢦꢹꢬ꣄ꢠꢒꢥꢶ,உணர்ச்சிவசகமாக
ꢆꢖ꣄ꢗ,உயரமாக
ꢆꢖ꣄ꢗꢒꢥꢶ,உயரமாக
ꢆꢥ꣄ꢥꢡꢸꢒꢥꢶ,உயர்வாக
ꢕꢾꢜ꣄ꢜꢶ,உரக்க
ꢒꢬꢸꢠꢱꢾꢬꣁ,உருக்கமாக
ꢂꢜꢸꢒ꣄ꢒꢥꢶ,உள்ளாக
ꢩꢶꢡ꣄ꢡꢬ꣄ꢒꢥꢶ,உள்ளாக
ꢩꢶꢱ꣄ꢡꢬ꣄,உள்ளே
ꢒꢸꢱ꣄ꢒꢶꢥꢶꢒꢥꢶ,உறுத்தலாக
ꢤꢶꢞꢮ꣄ꢒꢥꢶ,உறுதியாக
ꢯ꣄ꢬꢿꢱ꣄ꢲ꣄ꢝꢸꢒꢥꢶ ꢪꢿꢜꢸꢒꢥꢶ,உன்னதமாக
ꢙꢵꢔ꣄ꢬꢡꢒꢥꢶ,உன்னிப்பாக
ꢪꢵꢤ꣄ꢫꢪꢒꢥꢶ,ஊடாக
ꢞꢪ꣄ꢨꢷꢔꢒꢥꢶ,ஊதாரித்தனமாக
ꢙꢵꢒ꣄ꢬꢡꣁ ꢙꢵꢒ꣄ꢬꢡꢒꢥꢶ,எச்சரிக்கையாக
ꢱꢵꢮ꣄ꢤꢵꢥ꣄ꢒꢥꢶ,எச்சரிப்பாக
ꢮꢾꢡꢸꢬ꣄ꢱꢵꢥꢵꢡ꣄ꢡꢒ꣄,எதிர்பாரதா விதமாக
ꢡꢶꢬꢔ꣄ꢒꢥꢶ,எதிர்மாறாக
ꢡꢶꢬꢔ꣄,எதிராக
ꢱꢵꢥꢸꢬ꣄,எதிரே
ꢒꢶꢱꢒꢷ,எப்படியோ
ꢒꣂꢥꢒꢷ,எப்படியோ
ꢓꣁꢨ꣄ꢨꢶꢪ꣄,எப்பொழுதும் / என்றும்
ꢱꢣꢵ,எப்பொழுதும் / என்றும்
ꢙꢵꢳ꣄꣄ꢒꢥꢶ,எரிச்சலாக
ꢭꢴꢾꢕꢸꢮ꣄ꢒꢥꢶ,எளிதாக
ꢱꢵꢤꢵꢬꢠ꣄ꢒꢥꢶ,எளிமையாக
ꢓꣁꢨ꣄ꢨꣁ,என்று
ꢓꣁꢨ꣄ꢨꢵꢒ꣄,என்று
ꢲꣁꢫꢾꢡ꣄ꢥꢪꢾꢳ꣄ꢳꢶ ꢲꣁꢫꢾꢡꢶꢥ꣄,எனினும்
ꢔꣁꢨ꣄ꢨꢶꢪ꣄,என்றென்றைக்கும்
ꢱꢣꢵ,என்றென்றைக்கும்
ꢚꢸꢒ꣄ꢒꢸ,ஏராளமாக
ꢮꢿꢥ꣄ꢒꢥꢶ ꢂꢦꢬꢶꢪꢶꢡ꣄ꢒꢥꢶ,ஏராளமாக
ꢧꣀꢭꣂꢱ꣄,ஏற்கனவே
ꢪꢸꢭ꣄ꢭꣂꢱ꣄,ஏற்கனவே
ꢬꢪꢵꢬꢪꢶ ꢆꢥ꣄ꢥ ꢆꢦꢶꢬ꣄ꢒꢥꢶ,எறக்குறைய
ꢱꢾꢥ꣄ꢡꢿꢮ꣄ꢒꢥꢶꢱꣁꢪ꣄ꢱꢒꢥꢶ,ஐயமாக
ꢂꢭꢔ꣄ꢔ,ஒதுக்குப்புறமாக
ꢱꢵꢪꢡꢶ,ஒப்பாக
ꢏꢒ꣄ꢒꢮꢿꢭꢸꢪ꣄,ஒருக்கால்
ꢓꣁꢨ꣄ꢨꢶꢪ꣄ꢥꢴꢷ,ஒருக்காலும்
ꢏꢒ꣄ꢒꢥꢶ,ஒருசேர
ꢏꢒꢮꢿꢭ꣄,ஒரு வேளை
ꢒꢶꢱꢒꢶ,ஒருவழியாக
ꢐꢒ꣄ꢒꢥ꣄,ஒரேயடியாக
ꢂꢭꢔ꣄ꢔ ꢂꢭꢔ꣄ꢔꢒꢥꢶꢐꢒꣂꢒ꣄ꢙꢥꢒꢥꢶ,ஒவ்வொருவராக
ꢐꢒꣂꢒ꣄ꢒꢥꢶꢐꢒꣂꢒ꣄ꢫꢒꢥꢶ,ஒவ்வொன்றாக
ꢒꢶꢬꢪꢖ꣄ꢒꢥ꣄,ஒழுங்காக
ꢒꢶꢬꢪꢪ꣄,ஒன்றன்பின் ஒன்றாக
ꢮꢶꢱ꣄ꢬꢵꢥ꣄ꢡꢶꢒꢥ꣄,ஒய்வாக
ꢐꢬ꣄ꢡꢒꢥ꣄,ஒரமாக
ꢒꣁꢜꢸꢒ꣄ꢒꢥ꣄,கசப்பாக
ꢡꢶꢗ꣄ꢗꢥ꣄ꢒꢥꢶ,கசப்பாக
ꢭꣂꢩꢶꢒꢥ꣄,கஞ்சத்தனமாக
ꢥꢶꢯ꣄꣄ꢗꢫꢸꢒꢥꢶ,கட்டாயமாக
ꢕꢾꢜ꣄ꢜꢶ,கட்டியாக
ꢕꢾꢜ꣄ꢜꢶꢒꢥꢶ,கட்டியாக
ꢤꢶꢬꢸꢞꢔꢵꢡ꣄ꢬꢸꢒꢥꢶ,கட்டுறுதியாக
ꢱꢥꢶꢪ꣄,கட்புலனாக
ꢓꢾꢜꢶꢥ꣄,கடினமாக
ꢓꢾꢜꢶꢥ꣄ꢒꢥꢶ,கடினமாக
ꢱꢾꢡ꣄ꢭꢒꢥꢶ,கடைசியாக
ꢂꢥ꣄ꢡꢶꢪꢒꢥꢶ,கடைசியாக
ꢓꢠ꣄ꢞꢶꢦ꣄ꢒꢥꢶ,கண்டிப்பாக
ꢣꣁꢳꣁ ꢚꢫ꣄ꢭꢶ,கண்மூடித்தனமாக
ꢔꢵꢪ꣄ꢨꢷꢬ꣄ꢒꢥꢶ,கம்பீரமாக
ꢔꢾꢬꢸꢮ꣄,கர்வமாக
ꢒꢾꢬꢸꢮ꣄ꢒꢥꢶ,கரகரப்பாக
ꢒꢵꢳ,கருமையாக
ꢮꢾꢞꢶꢒ꣄ꢒꢥꢶ,கலகலப்பாக
ꢃꢒꢬ꣄ꢰꢠꢒꢥꢶ,கவர்ச்சியாக
ꢮꢶꢗꢵꢬ꣄ꢒꢥꢶ,கவலையாக
ꢂꢙꢵꢒ꣄ꢬꢡꢒꢥꢶ,கவனக்குறைவாக
ꢙꢵꢒ꣄ꢬꢡꢒꢥꢶ,கவனமாக
ꢩꢵꢬ꣄ꢒꢥꢶ,கனமாக
ꢔꢿꢭꢶꢒꢥꢶ ꢥꢒ꣄ꢒꢭ꣄ꢒꢥꢶ,கிண்டலாக
ꢓꢵꢭ꣄,கீழே
ꢂꢞꢸꢒ꣄,கீழே
ꢱꣂꢥ꣄ꢡꣂꢰ꣄ꢒꢥ꣄,குதூலகமாக
ꢔꢸꢪ꣄ꢦꢸꢒꢥꢶ,கும்பலாக
ꢱꢖ꣄ꢗꢭꢒꢥꢶ,குழப்பமாக
ꢱ꣄ꢭꢭꢒꢥꢶ,குளுமையாக
ꢮꢶꢱꢿꢰ꣄ꢒꢥꢶ,குறிப்பாக
ꢂꢞ꣄ꢞꢪ꣄ ꢂꢞ꣄ꢞꢪ꣄ꢒꢥꢶ,குறுக்காக
ꢂꢞ꣄ꢞꢪ꣄ ꢣꢶꢞ꣄ꢞꢪ꣄ꢒꢥꢶ,குறுக்குமறுக்காக
ꢂꢞ꣄ꢞꢪ꣄,குறுக்கே
ꢂꢒ꣄ꢬꢒꢥꢶ,குறுகலாக
ꢱꢿꢰ꣄ꢜꢒꢥꢶ,குறும்பாக
ꢮꢶꢰꢪꢖ꣄ꢒꢥꢶ,குறும்பாக
ꢆꢥ꣄ꢥꢒꢥꢶꢭꢿꢱ꣄ꢒꢥꢶꢏꢳ꣄ꢜꢒꢥꢶ,குறைவாக
ꢗꢾꢬꢶ,கூட்டாக
ꢮꢿꢥ꣄ꢒꢥ꣄ꢆꢦꢬꢶꢒꢥꢶꢲꣁꢭ꣄ꢭꢒꢥꢶ,கூடுதலாக
ꢓꢹꢬ꣄ꢒꢥꢶ,கூராக
ꢓꢿꢭ꣄ꢒꢥꢶ,கேலியாக
ꢥꢷꢗꢒꢥꢶ,கேவலமாக
ꢒꢸꢬꢹꢬ꣄ꢒꢥꢶ,கொடுமையாக/கொடூரமாக
ꢮꢒꢸꢠ꣄ꢜ ꢮꢒꢸꢠ꣄ꢜ꣄ꢒꢥꢶ,கோணலாக
ꢬꢵꢒ꣄ꢒꢥꢶ,கோபமாக
ꢱꢲꢙꢪ꣄ꢒꢥꢶ,சகஜமாக
ꢱꢖ꣄ꢒꢜꢪ꣄ꢒꢥꢶ,சங்கடமாக
ꢬꢾꢗ꣄ꢗꢒꢥꢶ ꢱꢾꢡ꣄ꢣꢸꢒꢥꢶꢩꢮꢜ꣄ꢒꢥꢶ,சத்தமாக
ꢱꢪ꣄ꢦ꣄ꢬꢣꢵꢫꢪ꣄ꢒꢥꢶ ꢬꢹꢟꢶꢒꢥꢶꢮ꣄ꢫꢵꢮꢲꢵꢬꢶꢒ꣄ꢒꢥꢶ,சம்பிரதாயமாக
ꢱꢪꢪ꣄ꢒꢥꢶ,சம அளவாக
ꢱꢾꢬ꣄ꢒꢒꢥꢶ,சரிசமமாக
ꢩꢾꢭꢶ,சரியாக
ꢗꢾꢬ꣄ꢒꢒꢥꢶ,சரியாக
ꢮꢶꢬꢱꢡꢒꢥꢶ,சலிப்பாக
ꢙꢵꢞꢪꢵꢞ꣄ꢒꢥꢶ,சாடையாக
ꢱꢪꢬ꣄꣄ꢡꢸꢒꢥꢶ,சாமர்த்தியமாக
ꢙꢶꢬ꣄ꢒꢶ,சாய்வாக
ꢏꢖ꣄ꢔꢶ,சாய்வாக
ꢱꢵꢒ꣄ꢰꢶꢒꢥꢶ,சான்றாக
ꢆꢥ꣄ꢥꢮꢿꢱ꣄ꢒꢥꢶ,சிக்கனமாக
ꢗꢶꢞꢸꢗꢶꢞꢸꢒꢥꢶ,சிடுசிடுப்பாக
ꢢꢾꢮ꣄ꢜꢒꢕꢾꢞꢶ,சிலநேரம்
ꢢꢾꢮ꣄ꢜꢮꢿꢳ꣄,சில வேளை
ꢮꢶꢯꢿꢰ꣄ꢒꢥꢶ,சிறப்பாக
ꢥꢴꢥ꣄ꢥꢒꢥꢶ,சிறிதாக
ꢬꢮ꣄ꢬꢮꢒꢥꢶ ꢬꢸꢮ꣄ꢮꢬꢸꢮ꣄ꢮꢒꢥꢶ,சிறிதுசிறிதாக
ꢭꢵꢕꢮ꣄ꢒꢥꢶ ꢱꢸꢓꢪ꣄ꢒꢥꢶ ꢱꢸꢓꢸꢒꢥꢶ,சுகமாக
ꢱꢸꢞ꣄ꢤꢶꢒꢥꢶ,சுத்தமாக
ꢱ꣄ꢮꢡꢥ꣄ꢡ꣄ꢬꢸꢒꢥꢶ,சுதந்திரமாக
ꢔꣂꢱ꣄,சும்மா
ꢬꢪꢵꢬꢪꢶ,சுமார்
ꢦꢬ꣄ꢮꢥꢴꢶꢡ꣄ꢡꣁ,சுமாராக
ꢱꢪ꣄ꢒ꣄ꢰꢾꢦ꣄ꢒꢥꢶ,சுருக்கமாக
ꢭꢴꢾꢕꢸꢮ꣄ꢒꢥꢶ,சுலபமாக
ꢬꢱꢥꣁꢒ,சுவாரசியமாக
ꢬꢸꢗ꣄ꢗꢶꢒꢥꢶ,சுவையாக
ꢗꢸꢜ꣄ꢜꢸꢪꢸꢜ꣄ꢜꢸꢒꢥꢶ,சுற்றுமுற்றும்
ꢚꢸꢜ꣄ꢜꢶꢒꢥꢶ,சுறுசுறுப்பாக
ꢲꢸꢥ꣄ꢥꢒꢥꢶ,சூடாக
ꢗꢸꢣ꣄ꢤꢶꢒꢥꢶ ꢗꣁꢒ꣄ꢒꢜ꣄ꢒꢥꢶ,செம்மையாக
ꢂꢦ꣄ꢬꢒ꣄ꢬꢸꢡꢶꢒꢥꢶ ꢒ꣄ꢬꢸꢡꢶꢪꢒꢥꢶ,செயற்கையாக
ꢣꢾꢛ꣄ꢗꢸꢒꢥꢶ ꢙꢵꢞꢒꢥꢶ,செறிவாக
ꢂꢭꢱꢒꢥꢶ,சோம்பேறித்தனமாக
ꢯꢷꢥ꣄ꢒꢥꢶ,சோர்வாக
ꢱꣃꢬꢶꢫꢪ꣄ꢒꢥꢶ,சௌகரியமாக
ꢦꢵꢡ꣄ꢬꢡꢒꢥꢶ,தகுதியாக
ꢂꢪ꣄ꢒꢫꢒꢥꢶ ꢱꢪꢣꢳꢒꢥꢶ,தட்டையாக
ꢂꢮ꣄ꢞꢒ ꢂꢞ꣄ꢞꢶꢒꢥꢶ,தடையாக
ꢂꢠ꣄ꢗꢶꢭꢶ,தணிவாக
ꢂꢥꢸꢒꢹꢭ꣄ꢒ,தயவாக
ꢡꢫꢵꢬ꣄ꢒꢥꢶ,தயாராக
ꢣꣁꢱ꣄ꢒꢓꢵꢭ꣄,தலைகீழாக
ꢭꢸꢒ꣄ꢒꢶꢭꢶ,தலைமறைவாக
ꢗꢹꢒ꣄ꢒꢥꢶ,தவறாக
ꢪꢥ꣄ꢡꢸꢒꢥꢶ,தவறுதலாக
ꢤꢶꢭ꣄ꢭꢱꣁꢜ꣄ꢭꢶ ꢤꢶꢭ꣄ꢭꢒꢥꢶ,தளர்வாக
ꢂꢡ꣄ꢡꢵꢒ꣄,தற்காலிகமாக
ꢂꢡ꣄ꢡꢵꢒ꣄ ꢒꣁꢡ꣄ꢡꢶ,தற்காலிகமாக
ꢡꢡ꣄ꢒꢵꢭ꣄ꢒꢥꢶ,தற்காலிகமாக
ꢲꢾꢡꢵꢬ꣄ꢡꢸꢒꢥꢶ,தற்செயலாக
ꢂꢒꢱ꣄ꢪꢵꢡ꣄ꢒꢥꢶ,தற்செயலாக
ꢦꢾꢣ꣄ꢣꢾꢒ,தன்னந்தனியாக
ꢍꢒꢵꢥ꣄ꢡꢸꢒꣁ,தன்னந்தனியாக
ꢡꢾꢔꢵꢪ꣄ꢡꢾꢥꣁ,தனக்குள்ளாக
ꢔꢸꢠ꣄ꢤꢵꢥꢸꢒ꣄,தனித்தன்மையாக
ꢂꢭꢔ꣄ꢔꢭꢔ꣄ꢔ,தனித்தனியாக
ꢍꢒꢵꢥ꣄ꢡꢸꢒꢥ꣄,தனிமையாக
ꢡꢪꢱ꣄ꢒ,தாமதமாக
ꢤꢾꢬꢳꢪ꣄ꢒ,தாராளமாக
ꢩꢮ꣄ꢫꢪ꣄ꢒ,தாழ்மையாக
ꢓꢵꢭ꣄ꢒ,தாழ்வாக
ꢂꢨ꣄ꢨꢾꢨ꣄ꢨꢾꢤꢵꢥꢸꢒ꣄,தாறுமாறாக
ꢡ꣄ꢫꢿꢒꢵꢥꢶ,தானாக
ꢔꢸꢪ꣄ꢦꢸꢒꢥꢶ,திரளாக
ꢗꣁꢞ꣄ꢞꢦ꣄ꢦꢥ꣄ꢒꢥꢶ,திருட்டுத்தனமாக
ꢡꢶꢬꢸꢦ꣄ꢡꢶꢒꢥꢶ,திருப்தியாக
ꢧꢶꢬꢶ,திரும்பவும்
ꢱꢪꢬ꣄ꢡꢸꢒꢥꢶ,திறமையாக
ꢥꢶꢗ꣄ꢗꢸ,தினந்தோறும்
ꢱ꣄ꢡꢶꢬꢪ꣄ꢒꢾꢬꢾ,தீர்மானமாக
ꢓꢸꢞꢾꢩꢙ꣄ꢙꢶꢒ,துச்சமாக
ꢒꢸꢜ꣄ꢒ ꢒꢸꢜ꣄ꢒꢒꢥꢶ,துண்டுதுண்டாக
ꢤꣀꢬ꣄ꢫꢸꢱꢾꢥ꣄ꢡꣁ,துணிகரமாக
ꢱꢸꢣ꣄ꢣꢶꢒꢥꢶ,துப்புரவாக
ꢣꢸꢬ꣄ ꢣꢶꢰ꣄ꢜꢸ꣄ꢒꢥꢶ,துரதிருஷ்ட்வசமாக
ꢱꢸꢣ꣄ꢣꢶꢒꢥꢶ,தூய்மையாக
ꢒꢭꢵꢥꢵꢡ꣄ꢡꣁ,தெரியாத்தனமாக
ꢡꢾꢭꢶꢮ꣄ꢒꢥꢶ ꢱ꣄ꢦꢰ꣄ꢜꢸꢒꢥꢶ,தெளிவாக
ꢦꢙꢾ ꢒꣁꢣ꣄ꢣꢶ,தேவையாக
ꢤꣀꢬ꣄ꢫꢸꢒꢥꢶ,தைரியமாக
ꢡꣁꢬꢠ꣄ꢒ,தொடர்ச்சியாக
ꢡꢾꢔ ꢢꢾꢬꢶ ꢡꢾꢭ꣄ꢫꢾꢒ ꢤꢾꢬꢶ,தொடர்பாக
ꢆꢜ꣄ꢗꢫ꣄ꢭꢶ,தொய்வாக
ꢣꢸꢣꢹꢬꢸꢪ꣄,தொலைவாக
ꢂꢥ꣄ꢣꢵꢱ꣄,தோராயமாக
ꢪꢴꢣ꣄ꢤꢶꢪꢪ꣄,நடுத்தரமாக
ꢪꢴꢚꢵꢬ꣄,நடுவில் / நடுவே
ꢩꢶꢠ꣄ꢞꢶꢭꢶꢒꢶꢥ꣄,நம்பிக்கையாக
ꢥꣁꢪ꣄ꢒꢾꢒꢥ꣄,நம்பிக்கையாக
ꢩꢮ꣄ꢫꢪ꣄ꢒ,நயமாக
ꢗꣁꢒ꣄ꢒꢜ꣄ꢮꢿꢳ꣄꣄ꢒꢥ꣄,நல்லகாலமாக
ꢱꢮ꣄ꢬꢶꢫꢪ꣄ꢒꢥꢶ,நலமாக
ꢂꢤꢶꢥꢵꢔꢬꢷꢒ꣄ꢒꢥꢶ,நவநாகரிமாக
ꢩꣁꢔꢸꢪꢵꢥ꣄ꢒꢥꢶ,நன்கொடையாக
ꢗꣁꢒ꣄ꢒꢞ꣄ꢤꢵꢥꢸ,நன்றாக
ꢱꢡ꣄ꢩꢵꢮ꣄ꢒ,நாணயமாக
ꢱꢶꢡ꣄ꢬꢪ꣄ꢒ ꢥꢶꢯ꣄ꢗꢫꢸꢒꢥꢶ,நிச்சயமாக
ꢯꢵꢥ꣄ꢡꢶꢒ,நிம்மதியாக
ꢱ꣄ꢡꢶꢬꢪ꣄ꢒ ꢥꢶꢬꢥ꣄ꢡꢬ꣄ꢒꢥꢶ ꢓꣁꢨ꣄ꢨꢶꢪ꣄,நிரந்தரமாக
ꢱ꣄ꢡꢶꢬꢪ꣄ꢒ,நிலையாக
ꢚꢸꢒ꣄ꢒꢸ,நிறைய
ꢡꢶꢬꢸꢦ꣄ꢡꢶꢒ,நிறைவாக
ꢲꢜ꣄ꢮꢥ꣄ꢒ,நினைவாக
ꢙꢡꣁ,நீங்கலாக
ꢭꢪ꣄ꢨꢸꢬꢸꢪ꣄,நீண்டகாலமாக
ꢭꢪ꣄ꢨꢸꢒ,நீளமாக
ꢱꢹꢜ꣄ꢒ꣄ꢰꢸꢪꢒ,நுட்பமாக / நுண்ணியதாக
ꢱꢸꢒ꣄ꢰꢸꢪꣁ,நுட்பமாக / நுண்ணியதாக
ꢭꢪ꣄ꢨꢸ,நெடுக
ꢚꢸꢒ꣄ꢒꢸꢕꢾꢞꢶ,நெடுநேரமாக
ꢭꢾꢔꢸꢡ꣄ꢡꢒꢥꢶ,நெருக்கமாக
ꢗꣁꢒ꣄ꢒꢜ꣄ꢒꢥꢶ,நேர்த்தியாக
ꢡꣁꢠꢵꢡꣂꢠ꣄,நேரடியாக
ꢱꢾꢙ꣄ꢙ,பக்கத்தில்
ꢭꢾꢔꢸꢡ꣄ꢡꣁ,பக்கத்தில்
ꢱꢾꢙ꣄ꢙꢒꢥꢶ,பக்கமாக
ꢮꢜꣁꢒꢥꢶ,பகுதியாக
ꢲꣁꢬꢸꢲꣁꢬꢸ,படிப்படியாக
ꢂꢠ꣄ꢒꢒ,பணிவாக
ꢩꣁꢣ꣄ꢬꢪ꣄ꢒꢥꢶ,பத்திரமாக
ꢲꢭ꣄ꢭꢸꢒ,பதமாக
ꢦꣁꢣꢪ꣄ꢒ,பதமாக
ꢃꢭ꣄ꢭꢜ꣄ꢒꢥꢶ,பதற்றமாக
ꢨꣁꢣꢸꢭꢸꢒ꣄,பதிலாக
ꢤꢵꢒ꣄ꢱꢾꢥ꣄ꢡꣁ,பயங்கரமாக
ꢤꢵꢒ꣄ꢒꢥꢶ,பயங்கரமாக
ꢡꢾꢭ꣄ꢫꢒꢲꢵꢭ꣄ ꢡꢾꢭ꣄ꢫꢒꢭꢾꢥ꣄ꢡꢸ,பயனாக
ꢆꢦꢫꣁꢔ꣄ꢒꢥ꣄ ꢦ꣄ꢬꢫꣂꢙꢥꢒꢥꢶ,பயனுடையதாக
ꢦꢾꢬ꣄ꢦꢫꢶ,பரவலாக
ꢦꢬꢶꢲꢵꢱ꣄ꢒꢥꢶ,பரிகாசமாக
ꢦꢬꢶꢡꢵꢦ꣄ꢒꢥꢶ,பரிதாபமாக
ꢨꢭ꣄ꢮꢥ꣄ꢣꢸꢒꢥꢶ,பலவந்தமாக
ꢨꢭꢲꢷꢥ꣄ꢒꢥꢶ꣄,பலவீனமாக
ꢨꣁꢭꢶꢒꢥꢶ,பலியாக
ꢪꢾꢥꢶꢒꢸꢦꢥ꣄ ꢥꢴꢷꢡ꣄ꢡꣁ,பழிகேடாக
ꢪꢾꢬ꣄ꢱꢶꢭꢶ,பளபளப்பாக
ꢦ꣄ꢬꢡꢶꢒꢹꢭ꣄ꢒꢥꢶ,பாதகமாக
ꢲꢣ꣄ꢣꢾꢒꢥꢶ,பாதியாக
ꢦꢵꢮ꣄ꢒꢥ,பாவமாக
ꢶ ꢦꢵꢦ꣄ꢒꢥꢶ,பாவமாக
ꢦ꣄ꢬꢿꢮ꣄ꢒꢥꢶ,பிரியமாக
ꢧꢭ꣄ꢭꣁ,பின்
ꢦꢱ꣄ꢒꢜ꣄,பின்
ꢦꢱ꣄ꢒꢜ꣄,"பின்புறம், பின்னால்"
ꢦꢱ꣄ꢒꢜ꣄ꢒꢥꢶ,பின்புறமாக
ꢂꢣꢶꢥꣁꢮ,புத்தம்புதிதாக
ꢥꣁꢮꢥꣁꢮꢒꢥꢶ,புத்தம்புதிதாக
ꢱꢪꢬ꣄ꢡꢸꢒꢥꢶ,புத்திசாலித்தனமாக
ꢮꢶꢮꢬ꣄ꢒꢥꢶ,புத்திசாலித்தனமாக
ꢥꣁꢮꢫꣁ,புதிதாக
ꢥꣁꢮꢫꢒꢥꢶ,புதிதாக
ꢚꢥ꣄ꢙꢹꢒꢥꢶ,புயலாக
ꢂꢪ꣄ꢨꢜ꣄ꢒꢥꢶ,புளிப்பாக
ꢡ꣄ꢫꢾꢙꢡꣁ,புறம்பாக
ꢦꢸꢥꢶꢣꢸꢲꣁꢫꢾ,புனிதமாக
ꢪꢴꣁꢜ꣄ꢜꢒꢥꢶ,"பெரிதாக, பெரிதும்"
ꢚꢸꢒꢸꢔ,பெரும்பாலும்
ꢕꢾꢥꢪ꣄ꢒꢥꢶ,பெருமையாக
ꢲꢭ꣄ꢭꢸꢒꢥꢶ,பையப்பைய
ꢱꢵꢤꢵꢬꢠ꣄ꢒꢥꢶ,பொதுப்படையாக
ꢪꢶꢡ꣄ꢡꢸꢒꢥꢶ,பொய்யாக
ꢥꢶꢪꢶꢡ꣄ꢡꢸ,பொருட்டாக
ꢒꢸꢬ꣄ꢗꢶ,பொருட்டாக
ꢡꢒꢾꢤꢵꢥꢸ,பொருத்தமாக
ꢧꢸꢬꢱ꣄ꢡꢶꢱꣁ,போதுமானதாக
ꢥꢒꢭꢶꢒꢥꢶ,போலியாக
ꢱꣁꢥ꣄ꢡꣂꢰ꣄ꢒꢥꢶ,மகிழ்ச்சியாக
ꢪꢔ꣄ꢔꢸꢥꢒꢥꢶ,மங்கலாக
ꢪꢹꢬ꣄ꢓꢸꢒꢥꢶ. ꢪꢴꢸꢜꢒꢥꢶ,மசணையாக / மடத்தனமாக
ꢪꢵꢡ꣄ꢬ,மட்டும்
ꢒꣁꢣ꣄ꢣꢶ,மட்டும்
ꢪꢥ꣄ꢣꢪ꣄ꢒꢥ꣄,மந்தமாக
ꢦ꣄ꢬꢒꢵꢰ꣄ꢥꢴꢷꢡ꣄ꢡꣁ,மந்தமாக
ꢦ꣄ꢬꢒꢵꢰ꣄ꢮꢶꢥꢵ,மந்தமாக
ꢱꣁꢖ꣄ꢔꢒꢥꢶ,மலிவாக
ꢪꣂꢭ꣄ ꢆꢥ꣄ꢥꢒꢥꢶ,மலிவாக
ꢙꢡꣁ,மற்றபடி
ꢮꢶꢱ꣄ꢬꢳ꣄ꢳꢶꢶꢒꢶꢥ꣄,மறதியாக
ꢭꢸꢒ꣄ꢒꢶꢭꢶ,மறைமுகமாக
ꢚꢒꢶꢭꢶ,மறைவாக
ꢪꣁꢥ꣄ꢥꢸꢙꢥꢶ,மனப்பூர்வமாக
ꢩꣁꢬꢾꢪꣁꢥ꣄ꢥꢸ,மனமார
ꢪꢴꢞꢜꢪꢴꢞꢵꢒ꣄,மாதந்தோறும்
ꢪꢱꢹꢣꢶ,மாதந்தோறும்
ꢩꢬ꣄ꢡꢶꢒ꣄,மாற்றாக
ꢮꢶꢬꣂꢤ꣄꣄ꢒꢥꢶ,மாறாக
ꢆꢦꢶꢬ꣄ꢒꢥꢶ,மிகுதியாக
ꢡꢷ ꢙꢡꣁ,மிகையாக
ꢤꢒ꣄ꢒꢞꢶ,மிரட்டலாக
ꢲꣁꢭ꣄ꢭꣁ,மீது
ꢪꢸꢕ꣄ꢫꢪ꣄ꢒꢥꢶ,முக்கியமாக
ꢂꢥ꣄ꢡꢸꢒꢥꢶ,முடிவாக
ꢱꢾꢡ꣄ꢭꣁ,முடிவாக
ꢧꣀꢭꢮꢔꢥꢶ,முதல்தரமாக
ꢪꢸꢭ꣄ꢭꣁ ꢪꢸꢭ꣄ꢭꣁ,முதல் முறையாக
ꢧꣀꢭꢒꢥꢶ,முதலாவதாக
ꢦ꣄ꢬꢵꢬꢪ꣄ꢨꢒꢥꢶ,முதன்மையாக
ꢦꢾꢳꢶꢩꢶꢱ꣄ꢱꢒꢥꢶ,மும்முரமாக
ꢪꢹꢓꢸꢒꢸꢒꢥꢶ,முரட்டுத்தனமாக
ꢮꢶꢦꢬꢷꢡ꣄ꢒꢥꢶ ꢮ꣄ꢬꢸꢣ꣄ꢤꢸꢒꢥꢶ ꢦ꣄ꢬꢫꢶꢒꢹꢭ꣄ꢒꢥꢶ,முரண்பாடாக
ꢂꢱ꣄ꢒꢵꢒꢸꢱ꣄,முழுக்கமுழுக்க
ꢂꢱ꣄ꢒꢒꢥ꣄,முழுதும்
ꢂꢱ꣄ꢒꢒꢥ꣄,முழுமையாக
ꢂꢱ꣄ꢒꢒꢥ꣄,முற்றும்
ꢥꢿꢪꢸꢤꢵꢥꢸ,முறையாக
ꢒꢶꢬꢪꢒꢥꢶ,முறையே
ꢱꢵꢪꢸꢬ꣄,முன் / முன்பாக
ꢪꢸꢣꢸꢭ꣄,முன்பு
ꢪꢸꢭ꣄ꢭꣁ,முன்னதாக
ꢱꢸꢥ꣄ꢫꢵꢱ꣄,முன்னதாக
ꢪꢸꢥ꣄ꢣꢞꢶ,முன்னால்
ꢦꢹꢬ꣄ꢮꢡꢫꢬ꣄ꢒꢥꢶ,முன்னேற்பாடாக
ꢡꢿ ꢮꢜ꣄ꢒꢥ,மூலமாக
ꢶ ꢡꣁꢒꢥ꣄,மூலமாக
ꢂꢯꢶꢡꢣ꣄ꢤꢒꢥꢶ ꢂꢱꢪꢥ꣄ꢡꢸꢒꢥꢶ,மெத்தனமாக
ꢲꢳ꣄ꢳꢸ,மெதுவாக
ꢲꢳꢸꢲꢳꢸꢒꢥꢶ,மெதுவாக
ꢬꢴꢡ꣄ꢡꢤꢵꢥꢸ,மெய்யாக
ꢲꢳ꣄ꢳꢸ,மெல்ல
ꢥꢴꢥ꣄ꢓꢥꢶ꣄,மெல்லியதாக
ꢒꣁꢪ꣄ꢨꢸꢭꢒ,மென்மையாக
ꢪꢶꢜ꣄ꢜꢵꢦꣁꢭ꣄ꢭꢪ꣄ꢒꢥꢶ,மேடுபள்ளமாக
ꢲꣁꢭ꣄ꢭ ꢲꣁꢭ꣄ꢭꢒ ꢦ꣄ꢬꢡ꣄ꢫꢒ꣄ꢰ꣄ꢒꢥꢶ ꢮ꣄ꢫꢒ꣄ꢫꢬꢡꢒꢥꢶ,மேலீடாக
ꢡꢢꢵ,மேலும்
ꢆꢛ꣄ꢗꣁ,மேல்
ꢲꣂꢬ,மேல்
꣄ ꢲꣁꢭ꣄ꢭꣁ,மேல்
ꢪꢿꢜ꣄ꢒꢥꢶ,மேன்மையாக
ꢯ꣄ꢬꢿꢰ꣄ꢝꢸꢒꢥꢶ,மேன்மையாக
ꢆꢥ꣄ꢥꢡꢒꢥꢶ,மேன்மையாக
ꢂꢱ꣄ꢒꢒꢥꢶ,மொத்தமாக
ꢦꢹꢬꢵꢒꢥꢶ,மொத்தமாக
ꢦꢹꢬ꣄ꢠꢸꢒꢥꢶ,மொத்தமாக
ꢪꣂꢱ꣄ꢒꢥꢶ,மோசமாக
ꢱꣁꢔꢸꢱ꣄ꢒꢥꢶ ꢮꢱꢫꢶꢒꢥꢶ,வசதியாக
ꢮꢥ꣄ꢗꢥꢒꢥꢶ,வஞ்சகமாக
ꢡꢥ꣄ꢡꢸꢬ꣄ꢒꢥꢶ,வஞ்சகமாக
ꢮꢡꢸꢭ꣄ꢒꢥꢶ,வட்டமாக
ꢒ꣄ꢬꢪꢒꢥꢶ,வரிசையாக
ꢮꢶꢗꢵꢬ꣄ꢒ,வருத்தமாக
ꢮꢾꢒꢸꢭ꣄ꢒ,வருத்தமாக
ꢚꣀꢥ ꢦꣂꢒ꣄ꢒꢥꢶ ꢙꣀꢥ ꢦꣂꢒ꣄,வலதுபக்கமாக
ꢡꢶꢫꣁꢒꢥ꣄,வலிய
ꢦꣁꢭꢷꢪ꣄ꢒꢥ꣄,வலுவாக
ꢧꢶꢬ꣄ꢭꢶ,வளைவாக
ꢮꢜ꣄ꢒꢾꢒꢥꢶ ꢬꢦ꣄ꢡꢒꢥꢶ,வழக்கமாக
ꢥꢴꢶꢥꢵꢮꢸꢒꢥꢶ,வழவழப்பாக
ꢱꢸꢒ꣄ꢒꢾꢫꢒꢥꢶ ꢱꢸꢒ꣄ꢒꢾꢒꢥꢶ,வறட்சியாக
ꢒꢸꢬꢹꢬ꣄ꢒꢥꢶ,வன்மையாக
ꢱꣁꣁꢜ꣄ꢠꢵꢡ꣄ꢡꢒ꣄,விடாப்பிடியாக
ꢮꢶꢣꢪ꣄ꢮꢶꢣꢪ꣄ꢒꢥꢶ ꢨꢲꢸꢮꢶꢣꢒꢥ꣄,விதம்விதமாக
ꢞꢵꢪ꣄ꢨꢷꢒꢪ꣄ꢒꢥꢶ,விமரிசையாக
ꢮꢶꢱ꣄ꢡꢵꢬꢒꢥꢶ,விரிவாக
ꢨꢶꢱ꣄ꢱꢒ,விரைவாக
ꢄꢮꢬ꣄ꢒꢥꢶ ꢮꢶꢮꢬ꣄ꢒꢥꢶ,விவரமாக
ꢡꢾꢒꢲꢵꢭ꣄ ꢡꢾꢭ꣄ꢫꢒꢲꢵꢭ꣄,விளைவாக
ꢮꢶꢫꢬ꣄ꢤꢒꢥꢶ,வீணாக
ꢓꢿꢭ꣄ꢒꢥꢶ,வீம்பாக
ꢦꢬꢵꢒ꣄ꢬꢪꢒꢥꢶ,வீரதீரமாக
ꢤꣀꢬ꣄ꢫꢸꢒꢥꢶ,வீரமாக
ꢨꢥ꣄ꢣꢵꢒꢥꢶ ꢃꢡ꣄ꢪꢯ꣄ꢭꢵꢕꢒꢥꢶ,வீராப்பாக
ꢂꢮꢪꢵꢥ꣄ꢒ,வெட்கக்கோடாக
ꢂꢭꢔ꣄ꢔ ꢂꢭꢔ꣄ꢔ ꢣꢸꢱ꣄ꢬ ꢱꢸꢱ꣄ꢬꢫꢒꢥꢶ,வெவ்வேறாக
ꢲꢸꢙꢵꢭ꣄ꢒꢥꢶ,வெளிச்சமாக
ꢪꣁꢥ꣄ꢥꢸ ꢙꢥ꣄ꢡꣁ,வெளிப்படையாக
ꢩꢬꢵꢜ꣄,வெளியே
ꢙꢷꢔꢶꢭꢶ,வெற்றிக்கரமாக
ꢓꢭꢶꢒꢥꢶ ꢬꢶꢒ꣄ꢡꢒꢥꢶ,வெறுமையாக
ꢨꢶꢱ꣄ꢱꣁ,வேகமாக
ꢮꢾꢞꢶꢒ꣄ꢒꢥ꣄,வேடிக்கையாக
ꢂꢭꢔ꣄ꢔ,வேறாக
ꢡꢸꢱ꣄ꢬꢤꢵꢥꢸ,வேறுவகையாக
ꢮꢾꢒꢸꢭꢮꢾꢒꢸꢭꢒꢥꢶ,வேறுவேறாக
ꢮꣀꢬꢵꢔꢫꢸꢒꢥꢶ꣄,வைராக்கியமாக
ꢂꢮ꣄ꢒꣁ,அகப்பை
ꢩꢮ꣄ꢥꢱ꣄,அடுக்களை
ꢩꢮ꣄ꢥꢱ꣄,அடுப்பங்கரை
ꢗꢸꢭ꣄ꢭꣁ,அடுப்பு
ꢚꢫ꣄ꢥꣁ,அடைப்பு
ꢂꢠ꣄ꢞꣁ,அண்டா
ꢂꢦ꣄ꢦꢸꢞꢵꢭꢸ ꢣꢾꢫ꣄ꢞꣁ,அப்பளக் கல்
ꢂꢦ꣄ꢦꢸꢞꢵꢭꢸ ꢒꢾꢜ꣄ꢜꢾ,அப்பளக் குழவி
ꢦꢜꣁ,அம்மி
ꢮꢳꢶ,அரிவாள் மணை
ꢲꣁꢔꢭ꣄,ஆட்டுக்கல்
ꢧꢭꢵꢬꢸ ꢲꢠ꣄ꢞꣁ,"இட்டலிக் குட்டுவம், கொப்பறை"
ꢧꢭꢵꢬꢸ ꢡꢾꢜ꣄ꢜꣁ,இட்டலித் தட்டு
ꢭꢴꣁꢒꢠꢸ ꢦꣁꢳꣁ,இரும்புக் கரண்டி
ꢭꢴꣁꢒꢠꢸ ꢪꢸꢱꢳ꣄,இரும்புலக்கை
ꢪꢸꢗꢭ꣄,உலக்கை
ꢱꢶꢒꣁ,உறி
ꢮꢶꢱ꣄ꢡꢮ꣄,கங்கு
ꢦꣁꢳꣁ,கண் அகப்பை
ꢦꢸꢜ꣄ꢜꢭ꣄ꢭꢸ ꢲꢮ꣄ꢒꣁ,கண்ணுக்கரண்டி
ꢂꢥꢭ꣄,கணல்
ꢦꣁꢳꢶ,கரண்டி
ꢓꣁꢳ꣄꣄ꢗꢾ,கரி
ꢡꣁꢮ꣄ꢭꢶ,கலம்
ꢣꢾꢔꢸꢞꢵ ꢲꢠ꣄ꢞꢶ,கற்சட்டி
ꢒꣀꢭꢒꢾꢱꢸꢬꢸ ꢓꣁꢮ꣄ꢞꢶ,காய்கறித் தட்டு
ꢦꢶꢖ꣄ꢔꢠꢶ,கிண்ணம்
ꢡꢪ꣄ꢨꢸꢬꢪꢸ ꢩꣁꢥ꣄ꢥꣁ,தாமிர பானை
ꢓꣁꢭ꣄ꢗꢵꢗꢸꢭ꣄ꢭꣁ,கொடியடுப்பு
ꢒꣁꢜ꣄ꢦꣀ ꢗꢸꢭ꣄ꢭꣁ,கொடியடுப்பு
ꢒꣀꢔꢶ,சட்டி
ꢤꢶꢞ ꢲꢵꢡ꣄,தோசைக்கரண்டி
ꢣꢾꢱꢾ,சருவம்
ꢙꢾꢭ꣄ꢭꢜ꣄,சல்லடை
ꢥꢭꢾꢬ꣄ ꢗꢶꢦ꣄ꢦꣁ,சிரட்டை
ꢗꢶꢦ꣄ꢦꣁ ꢲꢮ꣄ꢒꣁ,சிரட்டையகப்பை
ꢩꢸꢛ꣄ꢙꢸꢥꢵ ꢲꢠ꣄ꢞꢶ,சீனிச்சட்டி
ꢱꢸꢞꣁ,சுளகு /முறம்
ꢱꢸꢦ꣄ꢞꣁ,சுளகு /முறம்
ꢩꢖ꣄ꢔꢸꢞꢮ꣄,சுளகு /முறம்
ꢜꢦ꣄ꢦꣁ,டப்பா
ꢡꢾꢜ꣄ꢜꣁ,தட்டம் / தட்டு
ꢲꢬ꣄ꢮꢶ,தட்டம் / தட்டு
ꢗꢒꢶ,திரிகைக் கல்
ꢲꢸꢳꣁ,தீ
ꢮꢶꢱ꣄ꢡꢮ꣄,தீ
ꢮꢶꢖ꣄ꢒꢳ꣄,தீ
ꢡꢶꢮꢵꢦꢾꢜꢶ,தீப்பெட்டி
ꢗꢸꢳꢸꢥ꣄ꢣꢸ,தீப்பொறி
ꢪꣁꢡ꣄ꢡꢸ,மத்து
ꢥꢬꢳꢸ ꢡꢸꢬ꣄ꢒꣁ,தேங்காய்த் துருவி
ꢤꢶꢞꢵ ꢲꢠ꣄ꢞꢶ,தோசைக்கல்
ꢦꢥꢶ ꢮꢵꢦ꣄,நீராவி
ꢒꢸꢳꢶ ꢲꢠ꣄ꢞꢶ,பணியாரச் சட்டி
ꢩꣁꢬꢠꢶ,பரணி
ꢦꣁꢳꢳꢵ ꢧꢸꢜ꣄ꢒꢶ,பழக்கூடை
ꢤꢹꢪ꣄,புகை
ꢭꢪ꣄ꢨꢸ ꢦꢸꢜ꣄ꢜꢶ,புட்டுக்குழல்
ꢘꢸꢬꢶ,பேனாக் கத்தி
ꢔꢸꢱꢸꢭꢡ꣄ꢡꢾ ꢪꣁꢡ꣄ꢡꢸ,மத்து
ꢒꢾꢜ꣄ꢜꢾ ꢦꢵꢡ꣄ꢬꣁ,மரவை
ꢡꢾꢥ꣄ꢡꢸꢭꢵ ꢦꢶꢳ꣄ꢥꢵꢮ꣄,முறுக்கு உழக்கு
ꢙꢒꢸꢥꣁ,மூடி
ꢦꢾꢭꣁ,டம்ளர்
ꢨꣂꢥꢶ,டம்ளர்
ꢙꢾꢭ꣄ꢭꢜ꣄,வடிகட்டி
ꢩꢸꢛ꣄ꢗꢸꢥꢵ ꢲꢠ꣄ꢜꢶ,வடைச்சட்டி
ꢮꢵꢬ꣄ꢦꢸꢠ꣄ꢜꢶ,வார்ப்பு
ꢭꣀꢒꢸꢜꣁ,விறகு
ꢗꢾꢒ꣄ꢒꢠꢶ,வெட்டுக் கத்தி
ꢒꢗꢵ ꢦꢵꢡ꣄ꢬꣁ,வெண்கல பாத்திரம்
ꢮꢶꢭꢵꢱ꣄,அகலம்
ꢬꢸꢥ꣄ꢣꢶ,அகலம்
ꢃꢒꢵꢬ꣄,அமைப்பு
ꢲꢡ꣄ꢡꢸ ꢮꢬ꣄ꢡꢸꢭꣁ,அரைவட்டம்
ꢱꢪꢵꢥ꣄ꢡꢬꢸ ꢬꢾꢓꢵꢥ꣄,இணைக்கோடுகள்
ꢆꢖ꣄ꢗꣁ,உயரம்
ꢔꣁꢳ꣄,உருண்டை
ꢤꢸꢬꢸꢳ꣄,உருளை
ꢩꢵꢬ꣄,எடை
ꢩꣁꢬꢠ,கன அளவு
ꢕꢥꢵꢒꢵꢬ꣄,கன சதுரம்
ꢦꢵꢄ~ ꢦꢬꢶꢤꢶ,கால்வட்டம்
ꢒꢬ꣄ꢠꣁ,குறுக்களவு
ꢯꢖ꣄ꢒꢸ,கூம்பு
ꢔꣂꢭ꣄,கோளம்
ꢗꢡꢸꢬ꣄,சதுரம்
ꢗꢪꢗꢡꢸꢬ꣄,சமசதுரம்
ꢡꢶꢬ꣄ꢫꢒ꣄ ꢃꢒꢵꢬ꣄,சாய்வு
ꢃꢫꢡ ꢃꢒꢵꢬ꣄,செவ்வகம்
ꢭꢾꢪ꣄ꢨꣁ,நீளம்
ꢭꢵꢪ꣄,நீளம்
ꢒꢺꢬꢸꢔ ꢗꢵꢫꢡ꣄,பட்டகம்
ꢦꢶꢬꢶꢪꢵꢠ꣄,பரிமாணம்
ꢣꢾꢳ꣄,பருமன்
ꢢꢷꢥ꣄ꢒꣂꢥꢸꢭ꣄ꢡ꣄ꢬꢶꢒꣂꢠ꣄,முக்கோணம்
ꢂꢠ꣄ꢜꢵꢒꢵꢬ꣄,முட்டைவடிவம்
ꢃꢒꢵꢬ꣄,வடிவம்
