source,target
ꢂꢒꢬꢵꢡꢶ,akaraati
ꢥꢶꢒꢠ꣄ꢜꢸ,nikant'u
ꢒꣂꢰ꣄,kosh
ꢂꢤ꣄ꢫꢵꢫ꣄,adhyaay
ꢮꢶꢣꢿꢯꢸ ꢩꢵꢰꣁ,videshu bhaasho'
ꢬꢵꢙꢥꢷꢡꢶ,raajaneeti
ꢬꢵꢙꢥꢷꢡꢶ ꢱꢵꢱ꣄ꢡ꣄ꢬꢸ,raajaneeti saastru
ꢬꢵꢙꢥꢷꢡꢶ ꢛꢵꢥ꣄,raajaneeti nyaan
ꢒꢵꢬ꣄ꢫꢵꢭꢫꣁ,kaaryaalayo'
ꢱꢣꢸꢰ꣄ꢜꢪ꣄,sadusht'am
ꢱꢾꢔꢸꢠ,se'guna
꣄ ꢱꢹꢱꢥꣁ,soosano'
ꢮꢶꢔ꣄ꢛꢵꢥ꣄,vignjaan
ꢮꢣ꣄ꢣꢶ,vaddi
ꢏꢣ꣄ꢣꢶ,o'ddi
ꢏꢬ꣄ꢱꢸꢦꢬꢶꢰꢾ,o'rsuparishe'
ꢮꢵꢬ꣄ꢯꢶꢒ ꢦꢬꢶꢒ꣄ꢰꣁ,vaarshika pariksho'
ꢏꢬ꣄ꢱꢸꢮꣀꢩꢮ꣄,o'rsuvaibhav
ꢱꢪ꣄ꢱꣂꢤꢥꣁ,samsodhano'
ꢱꢪ꣄ꢱꣂꢤꢥꢱꢵꢭꣁ,samsodhanasaalo'
ꢱꢪ꣄ꢱꣂꢤꢥꢵꢦꣁꢡꢶ,samsodhanaapo'ti
ꢱꢪ꣄ꢱꣂꢤꢥꢵ,samsodhanaa
ꢮ꣄ꢫꢒ꣄ꢡꢶꢩꢵꢮ꣄,vyaktibhaav
ꢱ꣄ꢮꢩꢵꢮ꣄,svabhaav
ꢱꢪꢡ꣄ꢡꢸ,samattu
ꢥꢶꢦꢸꢠꢡ꣄ꢮꣁ,nipunatvo'
ꢱꢖ꣄ꢒꢷꢡ ꢒꢠ꣄ꢱꢵꢭꣁ,sankeeta kansaalo'
ꢦ꣄ꢬꢒꢺꢡꢶ,prakri'ti
ꢮ꣄ꢫꢵꢒꢬꢠꣁ,vyaakarano'
ꢱꢵꢲꢶꢡ꣄ꢫꣁ,saahityo'
ꢔ꣄ꢣ꣄ꢫꣁ,gdyo'
ꢱꢪ꣄ꢩꢵꢰꢠꣁ,sambhaashano'
ꢭꢶꢓ꣄꣄ꢭꣁ,likhlo'
ꢡꢬꢾ,tare'
ꢮ꣄ꢫꢵꢱꣁ,vyaaso'
ꢭꢾꢓꢸ,le'khu
ꢭꢴꢾꢓꣁ,lhe'kho'
ꢲꢷꢱꢸ,heesu
ꢔꢠꢶꢶꢡ꣄,ganiit
ꢓꢾꢥꢶ,khe'ni
ꢓꢾꢡꣁ,khe'to'
ꢂꢩꢶꢦ꣄ꢬꢵꢫꢸ ꢱꢣꢱ꣄,abhipraayu sadas
ꢒꢭꢵ ꢱꢵꢭꣁ,kalaa saalo'
ꢅꢔꢸ ꢮꢶꢣ꣄ꢫꣁ ꢗꢾꢣꢸꢮ꣄,eegu vidyo' che'duv
ꢒꢮꢶ,kavi
ꢒꢮꢶꢡꣁ,kavito'
ꢄꢔꢞꢱ꣄ꢡꢿ,igad'aste
ꢗꢾꢮ꣄ꢣꢶꢥꢶ,che'vdini
ꢱꢶꢒ꣄ꢒꢶꢥꢶ,sikkini
ꢒꢳ꣄꣄ꢙꢪ꣄,kal'jam
ꢒꢵꢮ꣄ꢫꣁ,kaavyo'
ꢱꢹꢗꢥꣁ,soochano'
ꢱꢹꢗꢥꢵꢦꣁꢡꢶ,soochanaapo'ti
ꢎꢒꢶ ꢭꢶꢓꢶꢥꢶ,aiki likhini
ꢦꢸꢱ꣄ꢥꢶ,pusni
ꢦꢸꢱꢵꢮ꣄,pusaav
ꢲꢵꢡꢰꢬ꣄,haatashar
ꢲꢵꢡꢸꢦꣁꢡꢶ,haatupo'ti
ꢥꢷꢡꢶꢥꢶꢫꢪꣁ,neetiniyamo'
ꢱꢶꢣ꣄ꢤꢵꢥ꣄ꢡꢸ,siddhaantu
ꢗꢶꢡ꣄ꢬꢸ,chitru
ꢭꣂꢱꢸ,losu
ꢗꢶꢡ꣄ꢡꢬ꣄,chittar
ꢫꣂꢗꢥꣁ,yochano'
ꢥꢥ꣄ꢓꢾꢥꢶ,nankhe'ni
ꢭꣀꢒꢵꢱꢸꢒꢳ꣄ꢙꢾꢪ꣄,laikaasukal'je'm
ꢱꢪꢵꢗꢵꢬꢸꢦꢡ꣄ꢬꣁ,samaachaarupatro'
ꢔꢮ꣄ꢥꣁ,gavno'
ꢦꢣ꣄ꢫꢪ꣄,padyam
ꢱ꣄ꢭꣂꢒ꣄,slok
ꢮꢡ꣄ꢡꣁ,vatto'
ꢒꣁꢰ꣄,ko'sh
ꢱꢨ꣄ꢣ ꢩꢠ꣄ꢞꢵꢬ꣄,sabda bhand'aar
ꢱꣁꢤꢥꣁ,so'dhano'
ꢦꢬꢷꢒ꣄ꢰꣁ,pareeksho'
ꢪꢥ꣄ꢡꢸ,mantu
ꢗꢹꢒ꣄,chook
ꢒꢸꢠ꣄ꢜꢸ,kunt'u
ꢪꢵꢫ꣄ ꢩꢵꢰꣁ,maay bhaasho'
ꢪꢵꢡ꣄ꢬꢸꢩꢵꢰꣁ,maatrubhaasho'
ꢒꢭ꣄ꢙꢾꢪ꣄,kalje'm
ꢥꣀꢦꢸꢠ꣄ꢫ,naipunya
ꢮꢶꢪꢬ꣄ꢱꢥꣁ,vimarsano'
ꢔꢸꢠꢣꣂꢰ ꢮꢶꢗꢵꢬ꣄,gunadosha vichaar
ꢮꢶꢩꢵꢔ꣄,vibhaag
ꢦꢬꢷꢰꢾ,pareeshe'
ꢦꢬꢷꢰꢵ ꢢꢵꢪ꣄,pareeshaa thaam
ꢃꢬꢪ꣄ꢩ ꢲꢸꢬꢶ,aarambha huri
ꢮꢡ꣄ꢡꢵ ꢡꣁꢬꢠ꣄,vattaa to'ran
ꢗꢵꢭ꣄ꢗꢭꢥ꣄,chaalchalan
ꢗꢭ꣄ꢥꢶ,chalni
ꢥꢜꢥꣁ,nat'ano'
ꢥꢵꢗꢸ,naachu
ꢭꣁꢒ꣄ꢓꢾꢥꢶ,lo'kkhe'ni
ꢭꣂꢒ꣄ꢔꢷꢡ꣄,lokgeet
ꢣꢿꢱꢶꢔꢷꢡ꣄,desigeet
ꢦꣁꢡꢶ,po'ti
ꢦꢸꢱ꣄ꢡꢮ꣄,pustav
ꢦꢸꢱ꣄ꢡꢶꢒꣁ,pustiko'
ꢦꣁꢡꢶꢔ꣄ꢕꢿꢬ꣄,po'tiggher
ꢩꢠ꣄ꢞꢵꢬꢸꢕꢿꢬ꣄,bhand'aarugher
ꢮꢬ꣄ꢠꢪꢵꢭꣁ,varnamaalo'
ꢭꢒ꣄ꢰ꣄꣄ꢫꣁ,lakshyo'
ꢤ꣄ꢫꢾꢫꢸ,dhye'yu
ꢦꣁꢒ꣄,po'k
ꢦꢸꢜꣁ,put'o'
ꢱ꣄ꢥꢵꢡꢒꣁ,snaatako'
ꢆꢦꢵꢤꢶ,upaadhi
ꢗ꣄qꢡꢸꢮ꣄ ꢒꣁꢜ꣄ꢜꣁ ꢮꢵꢗꢒꢱꢵꢭꣁ,chqtuv ko't't'o' vaachakasaalo'
ꢗꢾꢣꢸꢮ꣄,che'duv
ꢅꢔ꣄,eeg
ꢧꢬꢪ꣄,pharam
ꢬꢱꢶꢥꢶ,rasini
ꢱꢛ꣄ꢗꢶꢒꣁ,sanchiko'
ꢙꢾꢮꢵꢦ꣄,je'vaap
ꢂꢩ꣄ꢫꢵꢱ꣄,abhyaas
ꢙꢿꢪ꣄,jem
ꢦꢵꢬꢶꢡꣂꢱꢶꢒꣁ,paaritosiko'
ꢦꢬꢶꢱꣁꢤꢥꣁ,pariso'dhano'
ꢦꢬ꣄ꢒ꣄ꢰꣁ,parksho'
ꢱꢬ꣄ꢮꢒꢭꢵꢱꢵꢭꣁ,sarvakalaasaalo'
ꢲꢸꢬꢶ,huri
ꢙꢸꢥ꣄ꢥꢮꢵꢗꢸ,junnavaachu
ꢦ꣄ꢬꢵꢮꢵꢗꢸ,praavaachu
ꢔꢷꢡ꣄,geet
ꢦꢵꢝꢮꢶꢮꢬꢠꣁ,paat'havivarano'
ꢦꢵꢝꢦꢸꢱ꣄ꢡꢮ꣄,paat'hapustav
ꢦꢵꢝ꣄,paat'h
ꢦꣁꢬꣁ,po'ro'
ꢭꢵꢪ꣄ꢓꢾꢥꢶ,laamkhe'ni
ꢥꣁꢮ꣄ꢮꢒꢮꢶꢡꣁ,no'vvakavito'
ꢦꢸꢬꢵꢠꣁ,puraano'
ꢪꢴꢵ ꢏꢣ꣄ꢣꢶ,mhaa o'ddi
ꢭꢶꢒ꣄ꢭꣁ,liklo'
ꢮꢶꢰꢫꢸ,vishayu
ꢫꢥ꣄ꢡ꣄ꢬꢸꢮꢶꢣ꣄ꢫꣁ,yantruvidyo'
ꢫꢥ꣄ꢡ꣄ꢬꢸ ꢮꢶꢔ꣄ꢛꢵꢥ꣄,yantru vignjaan
ꢦꣁꢥ꣄ꢡꢶ,po'nti
ꢱ꣄ꢦꢬ꣄ꢤꣁ,spardho'
ꢏꢫ꣄ꢣꢦꢥ꣄,o'ydapan
ꢲꣁꢔꢡ꣄,ho'gat
ꢥꢴꢸꢬꢸꢥꢸ ꢲꢸꢬꢶ,nhurunu huri
ꢮꢶꢣ꣄ꢫꢵꢬ꣄ꢡꢶ,vidyaarti
ꢮꢶꢣ꣄ꢫꢵꢬ꣄ꢡ꣄ꢡꢶꢥꢶ,vidyaarttini
ꢧꣀꢭꢮꢬ꣄ꢔꢸ,phailavargu
ꢦ꣄ꢬꢤꢵꢥꣁꢣ꣄ꢣꢶ,pradhaano'ddi
ꢧꣀꢭꢯ꣄꣄ꢬꢿꢥꢶ,phailashreni
ꢪꣀ,mai
ꢩꢵꢰꣁ,bhaasho'
ꢩꢵꢰꢵ ꢬꢷꢡꢶ,bhaashaa reeti
ꢩꢵꢰꢵ ꢪꢬ꣄ꢗꢶꢥꢶ,bhaashaa marchini
ꢂꢥꢸꢮꢵꢣ꣄,anuvaad
ꢩꢵꢱꢵꢥ꣄ꢡꢬ꣄,bhaasaantar
ꢡꢬ꣄ꢙꢪꣁ,tarjamo'
ꢩꢵꢰꢵꢮꢶꢔ꣄ꢛꢵꢥ꣄,bhaashaavignjaan
ꢮꢬ꣄ꢒꢸ,varku
ꢗꢬꢶꢡ꣄ꢬꢸ,charitru
ꢯꢨ꣄ꢣꢸ ꢴ,shabdu ha
ꢮꢔ꣄ꢛꢵꢥ꣄,vagnjaan
ꢮꢔ꣄ꢛꢵꢥꢶ,vagnjaani
ꢯꣁꢞ꣄ꢠꢶ,sho'd'ni
ꢯꣂꢞꢸ,shod'u
ꢱꣁꢞ꣄ꢮꢵꢬ꣄,so'd'vaar
ꢙꢮꢵꢨ꣄,javaab
ꢮꢶꢮꢵꢡ꣄,vivaat
ꢦ꣄ꢬꢰ꣄ꢥꣁ,prashno'
ꢦꢸꢱꢶꢥꢶ,pusini
ꢦ꣄ꢬꢰ꣄ꢥ ꢦꢡ꣄ꢬꣁ,prashna patro'
ꢒꣁꢪ꣄ꢪꢵ ꢂꢩ꣄ꢫꢵꢱ꣄,ko'mmaa abhyaas
ꢙꢾꢭ꣄ꢪꢶꢥ꣄,je'lmin
ꢭꢴꣁꢔꢠ꣄,lho'gan
ꢒꢾꢱ꣄ꢡꢸꢭ꣄,ke'stul
ꢭꣂꢲꢸ,lohu
ꢦꢛ꣄ꢗꢭꣂꢲꢸ,panchalohu
ꢂꢣ꣄ꢣꢪ꣄,addam
ꢲꢦꢵꢥ꣄,hapaan
ꢣꢮ꣄ꢥꣁ,davno'
ꢪꢸꢒ꣄ꢬꣁ,mukro'
ꢔꢵꢥ꣄ꢡꢪ꣄,gaantam
ꢡꢪ꣄ꢨꢾ,tambe'
ꢡꢪ꣄ꢨꢸꢬꢪ꣄,tamburam
ꢡꢭ꣄,tal
ꢡꢾꢒꢜ꣄,te'kat'
ꢱꣁꢥ꣄ꢥꣁ,so'nno'
ꢱꣁꢬ꣄ꢠꢸ,so'rnu
ꢂꢦ꣄ꢬꢛ꣄ꢙꢶ,apranji
ꢡꢸꢡ꣄ꢡꢥꢵꢔ꣄,tuttanaag
ꢥꢵꢔ꣄,naag
ꢭꢷꢡꢸ,leetu
ꢒꢱꣁ,kaso'
ꢬꢸꢦ꣄ꢦꣁ,ruppo'
ꢒꣂꢜ꣄,kot'
ꢒꢶꢡ꣄ꢒ,kitka
ꢒꢶꢡ꣄ꢒꢫꣁ,kitkayo'
ꢒꣂꢥ꣄,kon
ꢒꢶꢱꣁ,kiso'
ꢒꣂꢥꢒ꣄,konak
ꢒꢶꢱꢵꢫꣁ,kisaayo'
ꢒꢶꢱꢵꢫꢾ,kisaaye'
ꢓꣁꢨ꣄ꢨꣁ,kho'bbo'
ꢒꣁꢥ꣄ ꢣꢶꢥ꣄ꢥꢸ,ko'n dinnu
ꢒꢵꢫ꣄,kaay
ꢒꢵꢫꣁ,kaayo'
ꢒꣂꢥꢾ,kone'
ꢒꣂꢥ꣄ꢫꢾ,konye'
ꢂꢖ꣄ꢔꢷꢒꢵꢬ꣄,angeekaar
ꢂꢗ꣄ꢗꢸ,achchu
ꢜꢖ꣄ꢒꢸ,t'anku
ꢦꢡ꣄ꢬꢮꢵꢲꢶꢥꢶ,patravaahini
ꢦꢡ꣄ꢬꢮꢵꢲꢒꣁ,patravaahako'
ꢦꢡ꣄ꢬꢮꢵꢲꣁ,patravaaho'
ꢭꢿꢓꢸꢮꢵꢥ꣄,lekhuvaan
ꢦꢡ꣄ꢬꢮꢵꢲ ꢒꢵꢬ꣄ꢫꢵꢭꢫꣁ,patravaaha kaaryaalayo'
ꢒꣂꢰ꣄ꢜꢸ,kosht'u
ꢆꢞ꣄ꢔꢞ꣄ꢠꢶ,ud'gad'ni
ꢣꢪꢥꣁ,damano'
ꢒꢸꢣꣁ,kudo'
ꢓꢵꢭ꣄ꢣꢳ꣄ ꢓꢵꢭ꣄ꢣꢾꢳꢪ꣄,khaaldal' khaalde'l'am
ꢃꢤꢵꢬꢸ ꢨꢵꢡ꣄ꢫꢡꣁ,aadhaaru baatyato'
ꢱ꣄ꢬꢿꢠꢶꢗꢵꢭ꣄,srenichaal
ꢂꢡ꣄ꢒꢫꢵꢬ꣄,atkayaar
ꢂꢡ꣄ꢒ꣄ꢫꢵꢬꢶ,atkyaari
ꢪꢥ꣄ꢡ꣄ꢬꢶ ꢒꢵꢬ꣄ꢫꢵꢭꢫꣁ,mantri kaaryaalayo'
ꢪꢥ꣄ꢡ꣄ꢬꢶ,mantri
ꢂꢪꢵꢡ꣄ꢫꣁ,amaatyo'
ꢪꢥ꣄ꢡ꣄ꢬꢶꢱꢨꣁ,mantrisabo'
ꢯꢵꢥ꣄ꢡꢶ,shaanti
ꢱꢖ꣄ꢕꢜꢶꢒꣁ,sanghat'iko'
ꢱꢛ꣄ꢗꢭꢥꢒꢵꢬꣁ,sanchalanakaaro'
ꢮꢶꢣꢿꢱ꣄,vides
ꢩꢬꢳꢡꢿꢱ꣄,bharal'ates
ꢬꢙꣁ,rajo'
ꢬꢵꢜ꣄,raat'
ꢩꢹꢦꣁ,bhoopo'
ꢩꢹꢦꢡꢶ,bhoopati
ꢬꢠꢶ,rani
ꢬꢵꢜꢳꢶ,raat'al'i
ꢱꢪ꣄ꢱ꣄ꢢꢵꢦꢥꣁ,samsthaapano'
ꢱꢪ꣄ꢮꢶꢤꢵ,samvidhaa
ꢬꢵꢙꢥꢷꢡꢶꢮꢵꢥ꣄,raajaneetivaan
ꢱꢬ꣄ꢒꢵꢬ꣄,sarkaar
ꢬꢵꢙꢵꢖ꣄ꢔꢸ,raajaangu
ꢬꢵꢙ꣄ꢩꢮꢥ꣄,raajbhavan
ꢬꢮꢸꢳ꣄,ravul'
ꢦ꣄ꢬꢵꢱꢵꢣꣁ,praasaado'
ꢍꢒꢒ꣄,ekak
ꢄꢒꢵꢫ꣄,ikaay
ꢭꢵꢜ꣄,laat'
ꢒꢵꢬ꣄ꢫꢵꢭꢫ ꢩꢰꣁ,kaaryaalaya bhasho'
ꢂꢡ꣄ꢒꢵꢬꢶ,atkaari
ꢂꢮ꣄ꢱꢬꢸ ꢱꢵꢱꢥꣁ,avsaru saasano'
ꢃꢦꢡ꣄ꢒꢵꢭꢸ ꢱꢵꢱꢥꣁ,aapatkaalu saasano'
ꢂꢮ꣄ꢱꢬ꣄ꢱ꣄ꢢꢶꢡꢶ,avsarsthiti
ꢨꣁꢮ꣄ꢥꢶꢕꢵꢜ꣄,bo'vnighaat'
ꢦꢬꢶꢪꢵꢠ꣄,parimaan
ꢦ꣄ꢬꢒꢜꢥꣁ,prakat'ano'
ꢃꢮꢿꢣꢥꣁ,aavedano'
ꢮꢶꢰꢫꢒꢳꢞ꣄ꢠꢶ,vishayakal'ad'ni
ꢦ꣄ꢬꢒꢞ꣄ꢠꢵꢬ꣄,prakad'naar
ꢦ꣄ꢬꢒꢞꢠꣁꢒꢾꢬ꣄ꢥꢵꢬ꣄,prakad'ano'ke'rnaar
ꢮꢶꢰꢫꢸ ꢒꢳꢞ꣄ꢥꢵꢬ꣄,vishayu kal'ad'naar
ꢱꢹꢗꢥꢵ ꢦꣁꢭ꣄ꢒꣁ,soochanaa po'lko'
ꢂꢥꢸꢪꢡ꣄,anumat
ꢂꢥꢸꢪꢡ꣄ ꢱꢹꢗꢶ,anumat soochi
ꢂꢥꢸꢩꢮ꣄,anubhav
ꢒꢨ꣄ꢙꣁ,kabjo'
ꢃꢒ꣄ꢬꢪꢠꣁ,aakramano'
ꢱꢵꢱꢥꣁ,saasano'
ꢱꣃꢱꢱ꣄ꢡꢾ,sausaste'
ꢱꣃꢱꢶꢥꢶ,sausini
ꢬꢵꢙ꣄ꢫ ꢩꢰꣁ,raajya bhasho'
ꢃꢙ꣄ꢛꢾ,aajnye'
ꢥꢶꢫꣂꢔꣁ,niyogo'
ꢃꢫꣂꢔ꣄,aayog
ꢥꢶꢫꣂꢔꢶ,niyogi
ꢃꢫꣂꢒꢶ,aayoki
ꢂꢣ꣄ꢭꢥ꣄,adlan
ꢂꢣ꣄ꢥꢶ,adni
ꢭꢵꢨ꣄,laab
ꢂꢣꢵꢮ꣄,adaav
ꢦ꣄ꢬꢩꢸꢡ꣄ꢮꣁ,prabhutvo'
ꢂꢬ꣄ꢒ꣄ꢫꢵꢬ꣄,arkyaar
ꢃꢤꢶꢦꢡ꣄ꢫꣁ,aadhipatyo'
ꢆꢡ꣄ꢦꢵꢣꢥꢱꢸꢭ꣄ꢒꣁ,utpaadanasulko'
ꢱꢸꢭ꣄ꢒꣁ,sulko'
ꢒꢬꣁ,karo'
ꢃꢫꢸꢱ꣄ꢣꢠ꣄ꢞꢥꣁ,aayusdand'ano'
ꢆꢡ꣄ꢱꢵꢲ꣄,utsaah
ꢒꢮ꣄ꢡꢸꢒꣁ,kavtuko'
ꢃꢭꣂꢱꢥꣁ,aalosano'
ꢂꢩꢶꢦ꣄ꢬꢵꢫꢸ,abhipraayu
ꢭꢶꢓꢾꢦꢡ꣄ꢡꢬ꣄,likhe'pattar
ꢭꢿꢓ ꢦ꣄ꢬꢪꢵꢠꣁ,lekha pramaano'
ꢱꢵꢱꢥꢦꢒ꣄ꢰꣁ,saasanapaksho'
ꢬꢵꢙ꣄ꢦꢵꢭ꣄,raajpaal
ꢬꢵꢙ꣄ꢦꢵꢭꢥꣁ,raajpaalano'
ꢏꢦ꣄ꢦꢶꢭꢶꢥꢶ,o'ppilini
ꢱꢪ꣄ꢪꢡ꣄,sammat
ꢒꢨꢥ꣄ꢣꢸꢱꢬ꣄ꢒꢵꢬ꣄,kabandusarkaar
ꢂꢥ꣄ꢡꢬ꣄ꢥꢶꢰꢾꢤ꣄,antarnishe'dh
ꢪꢴꢣ꣄ꢣꢶꢪꢸ ꢲꢶꢨ꣄ꢨꢞ꣄ꢠꢶ,mhaddimu hibbad'ni
ꢣꢾꢬ꣄ꢒꢭꢶ,de'rkali
ꢪꢴꢣ꣄ꢫꢮꢬ꣄ꢡꢶ,mhadyavarti
ꢂꢮ꣄ꢞꢒꢵꢭꢸ ꢗꢸꢥꢵꢮ꣄,avd'akaalu chunaav
ꢪꢴꢣ꣄ꢣꢶꢪ꣄ ꢲꢶꢨ꣄ꢨꢞ꣄ꢠꢶ,mhaddim hibbad'ni
ꢂꢮꢭꢪ꣄ꢨ꣄ꢥꣁ,avalambno'
ꢡꢡ꣄ꢒꢵꢭꢸ ꢲꢶꢨ꣄ꢨꢞ꣄ꢠꢶ,tatkaalu hibbad'ni
ꢌꢠ꣄ꢔꢶꢥꢶ,e'ngini
ꢂꢥꢸꢬꢹꢦꢡꣁ,anuroopato'
ꢱꢲ ꢪꢥ꣄ꢡꢶꢬꢶ,saha mantiri
ꢱꢾꢬ꣄ꢗꢥ꣄ꢩꢵꢰꣁ,se'rchanbhaasho'
ꢱꢥ꣄ꢣꢶ ꢩꢵꢰꣁ,sandi bhaasho'
ꢱꢪ꣄ꢫꢸꢒ꣄ꢡ ꢱꢖ꣄ꢕꣁ,samyukta sangho'
ꢱꢛ꣄ꢙꢶꢒꢾ,sanjike'
ꢩꢵꢬꢡꢥꢶꢬ꣄ꢮꢵꢲꢸꢱꢿꢮꣁ,bhaaratanirvaahusevo'
ꢩꢵꢬꢡ ꢂꢦꢬꢵꢤꢸ ꢱꢵꢱꢥꣁ,bhaarata aparaadhu saasano'
ꢃꢥ꣄ꢣꣂꢭ꣄,aandol
ꢒꢵꢬ꣄ꢫꢵꢭꢫ ꢱꢖ꣄ꢔꢪꣁ,kaaryaalaya sangamo'
ꢥꢶꢬ꣄ꢮꢵꢲꢶ,nirvaahi
ꢥꢶꢬ꣄ꢣꢿꢱꢒ꣄,nirdesak
ꢂꢤ꣄ꢫꢒ꣄ꢰꣁ,adhyaksho'
ꢂꢣ꣄ꢫꢵꢫ꣄,adyaay
ꢗꢬ꣄ꢒꢵ,charkaa
ꢆꢬꢵꢮ꣄ꢱꣁꢬꢵꢮ꣄,uraavso'raav
ꢭꢒ꣄ꢰꢫꣁ,lakshayo'
ꢪꢸꢣ꣄ꢬꣁ,mudro'
ꢮꢶꢩꢵꢒ,vibhaaka
ꢫꢸꢮꢬꢵꢜ꣄,yuvaraat'
ꢫꢸꢮꢬꢵꢠꢶ,yuvaraani
ꢫꢸꢮꢬꢵꢙ꣄ꢛꢶ,yuvaraajnyi
ꢲꢸꢡ꣄ꢡꢸꢬꢵꢮ꣄,hutturaav
ꢲꢸꢡ꣄ꢡꢸꢬꢵꢜ꣄,hutturaat'
ꢦ꣄ꢬꢡꢶ ꢧꣁꢳ꣄꣄,prati pho'l'
ꢆꢖ꣄ꢙꢪꢶꢡꢶ,ungjamiti
ꢆꢳ꣄ꢳꢸ,ul'l'u
ꢱꢲꢗꢵꢬ꣄,sahachaar
ꢱꢥ꣄ꢤꢶ,sandhi
ꢦꢬꢱ꣄ꢦꢬ ꢱꢪ꣄ꢪꢥ꣄ꢣꣁ,paraspara sammando'
ꢦꢬꢱ꣄ꢦꢬ ꢏꢱ꣄ꢡꢦꢥ꣄,paraspara o'stapan
ꢃꢲꢵꢬꢸ ꢮꢶꢩꢵꢔ꣄,aahaaru vibhaag
ꢓꢥꢶ ꢮꢶꢩꢵꢔ꣄,khani vibhaag
ꢆꢡ꣄ꢡꢬꢮꢵꢣ꣄,uttaravaad
ꢃꢒ꣄ꢒꢸꢣꣁ,aakkudo'
ꢱꢲꢒꢵꢬ꣄,sahakaar
ꢱꢲꢵꢮ꣄,sahaav
ꢆꢦ ꢪꢥ꣄ꢡꢶꢬꢶ,upa mantiri
ꢆꢦ ꢣꢹꢡ ꢥꢶꢮꢵꢱ꣄,upa doota nivaas
ꢮꢿꢡꢥꣁ,vetano'
ꢆꢦꢶꢬ꣄,upir
ꢮꢿꢥ꣄,ven
ꢂꢣ꣄ꢣꢶ,addi
ꢂꢡꢶꢬꢶꢒ꣄ꢡ,atirikta
ꢄꢗ꣄ꢗꢵ ꢦꢡ꣄ꢡꢬ꣄,ichchaa pattar
ꢂꢥꢸꢒ꣄ꢛꢵ ꢦꢸꢡ꣄ꢬꣁ,anuknjaa putro'
ꢨꢵꢣ꣄ꢫꣁ,baadyo'
ꢨꢞ꣄ꢫꢮꢵꢥ꣄,bad'yavaan
ꢙꢸꢥꢡ꣄ꢮꢵꢥ꣄,junatvaan
ꢓꢿꢡꢶ,kheti
ꢔ꣄ꢬꢲ ꢮꢶꢩꢵꢔ꣄,graha vibhaag
ꢮꢶꢰꢫ ꢱꢸꢗꢶꢒꣁ,vishaya suchiko'
ꢂꢥ꣄ꢡꢬ꣄ ꢬꢵꢙ꣄ꢙꢶ,antar raajji
ꢥꢶꢮꢿꢰ꣄ꢫꣁ,niveshyo'
ꢆꢡ꣄ꢦꢣ꣄,utpad
ꢆꢡ꣄ꢦꢵꢣꢥꣁ,utpaadano'
ꢤꢶꢞꢮꢵꢒ꣄,dhid'avaak
ꢂꢖ꣄ꢔꢱ꣄ꢢꢸ,angasthu
ꢱꣁꢪ꣄ꢨꢸꢳꣁ,so'mbul'o'
ꢮꢾꢡꢥꣁ,ve'tano'
ꢮꢵꢲꢥꣁ,vaahano'
ꢙꢵꢥ꣄ꢮꢵꢱ꣄,jaanvaas
ꢱꣂꢩꢵꢫꢵꢡ꣄ꢬꣁ,sobhaayaatro'
ꢏꢬꢵꢡ꣄,o'raat
ꢗꢸꢜ꣄ꢜꢸ,chut't'u
ꢔꢶꢬꢵꢪ꣄ꢫꣁ,giraamyo'
ꢔꢵꢪꢠ꣄ꢗꢥ꣄,gaamanchan
ꢱꢛ꣄ꢗꢵꢬꢸ ꢥꢰꢿꢤꢥꣁ,sanchaaru nashedhano'
ꢦꢠꢖ꣄ꢗꢵꢫꢡ꣄ ꢬꢵꢙ꣄ꢙꢶ,panangchaayat raajji
ꢦꢖ꣄ꢗꢵꢫꢡꢕꢿꢬ꣄,pangchaayatagher
ꢨ꣄ꢬꢰ꣄ꢜꢵꢗꢵꢬ꣄,brasht'aachaar
ꢪꢭꢶꢥꢵꢗꢵꢬ꣄,malinaachaar
ꢱꢿꢮꣁ,sevo'
ꢱꢿꢮꢒꣁ,sevako'
ꢱꢿꢮꣁ ꢒꢾꢬ꣄ꢥꢵꢬ꣄,sevo' ke'rnaar
ꢱꢖ꣄ꢓ꣄ꢫꢵꢦꣁꢭ꣄ꢒꣁ,sankhyaapo'lko'
ꢮꢶꢩꢒ꣄ꢰꢸ,vibhakshu
ꢡꣂꢒ꣄ꢱꢥꢶ,toksani
ꢦ꣄ꢬꢡꢷꢒ꣄ꢰꣁ,prateeksho'
ꢦ꣄ꢬꢡꢶꢤ꣄ꢮꢥꢶ,pratidhvani
ꢦ꣄ꢬꢡꢶꢗꢵꢫꢵ,pratichaayaa
ꢦ꣄ꢬꢡꢶ ꢨꢶꢪ꣄ꢨꢸ,prati bimbu
ꢍꢒꢵꢤꢶꢦꢡꢶ,ekaadhipati
ꢱ꣄ꢮꢿꢗ꣄ꢗꢵꢗꢵꢬꢶ,svechchaachaari
ꢌꢭ꣄ꢔꢾ,e'lge'
ꢂꢣ꣄ꢣꢸ,addu
ꢱꢷꢪꣁ,seemo'
ꢱꢷꢪꢵ ꢡꢾꢔꢸꢬꢵꢭ꣄,seemaa te'guraal
ꢂꢣ꣄ꢣꢸ ꢡꢾꢔꢸꢬꢵꢭ꣄,addu te'guraal
ꢭꢶꢦꢶꢒꣁ,lipiko'
ꢔꢸꢪꢱ꣄ꢡꣁ,gumasto'
ꢗꢾꢣꢸꢮꢸ ꢛꢵꢥ꣄,che'duvu nyaan
ꢭꢿꢓꢥꢱꢵꢪꢔ꣄ꢬꢶ,lekhanasaamagri
ꢭꢿꢓꢮꢱ꣄ꢡꢸ,lekhavastu
ꢌꢙꢪꢵꢥ꣄,e'jamaan
ꢪꣁꢣ꣄ꢬꢳꢶ,mo'dral'i
ꢱ꣄ꢮꢿꢗ꣄ꢗꢵꢗꢵꢬ꣄,svechchaachaar
ꢱꢬ꣄ꢮꢵꢡꢶꢒꢵꢬꢶ,sarvaatikaari
ꢂꢥꢸꢒ꣄ꢬꢪꣁ,anukramo'
ꢱ꣄ꢮꢷꢒꢵꢬ꣄,sveekaar
ꢏꢦ꣄ꢦꢶꢭ꣄ꢥꢶ,o'ppilni
ꢆꢖ꣄ꢗ ꢓꢵꢭ꣄,ungcha khaal
ꢲꢶꢖ꣄ꢔꢵꢮ꣄,hingaav
ꢥꢶꢬ꣄ꢫꢵꢡ꣄,niryaat
ꢲꢶꢖ꣄ꢔꢵꢜ꣄,hingaat'
ꢎꢒ꣄ꢫ ꢬꢵꢰ꣄ꢜ꣄ꢬ ꢱꢪ꣄ꢱ꣄ꢡꢵꢥ꣄,aikya raasht'ra samstaan
ꢎꢒ꣄ꢫ ꢂꢔ꣄ꢬꢠꢶ,aikya agrani
ꢣꣁꢦ꣄ꢦꢵ ꢢꣁꢮ꣄ꢥꢶ,do'ppaa tho'vni
ꢱꢲꢫꣂꢔ꣄,sahayog
ꢮꢶꢩꢵꢙꢥꣁ,vibhaajano'
ꢦꢬꢮꢱꣁ ꢒꢾꢬ꣄ꢥꢶ,paravaso' ke'rni
ꢏꢦ꣄ꢦꢥ꣄ꢣ ꢱꢹꢗꢥꣁ,o'ppanda soochano'
ꢏꢦ꣄ꢦꢥ꣄ꢣꢪ꣄,o'ppandam
ꢲꢵꢡꢸ ꢂꢒ꣄ꢰꢬ꣄,haatu akshar
ꢱ꣄ꢮꢷꢒꢬ꣄ꢥꢶ,sveekarni
ꢦ꣄ꢬꢵꢦ꣄ꢡꢶ ꢱꢖ꣄ꢔꢶꢥꢶ,praapti sangini
ꢭꢿꢡꢥꢶ,letani
ꢎꢒ꣄ꢫ ꢩꢵꢮꢥꣁ,aikya bhaavano'
ꢥꢶꢫꢪꣁ,niyamo'
ꢤꣁꢥꢶꢥꢾꢬ꣄ꢦꢶꢥꢶ,dho'nine'rpini
ꢤꣁꢥꢶ ꢦ꣄ꢬꢱꢵꢬ꣄,dho'ni prasaar
ꢬꢹꢦꢸ ꢥꢾꢬ꣄ꢦꢶꢥꢶ,roopu ne'rpini
ꢬꢹꢦꢸ ꢦ꣄ꢬꢱꢵꢬ꣄,roopu prasaar
ꢭꢸꢔ꣄ꢙꢵꢥꢶ,lugjaani
ꢔꢸꢦ꣄ꢡꢗꢵꢬꢶ,guptachaari
ꢔꢸꢦ꣄ꢡꣁ,gupto'
ꢔꢸꢞꢵꢗꢵꢬꢶ,gud'aachaari
ꢒꢸꢣ꣄ꢮꣁ,kudvo'
ꢗꢖ꣄ꢔꢪ꣄,changam
ꢮꢵꢒ꣄,vaak
ꢪꢡꢣꢵꢥ꣄,matadaan
ꢮꢵꢔ꣄ꢣꢵꢥ꣄,vaagdaan
ꢮꢵꢒ꣄ ꢨꢵꢡ꣄ꢫꣁ,vaak baatyo'
ꢮꢶꢱ꣄ꢬꢵꢥ꣄ꢡꢶ,visraanti
ꢮꢶꢬꢡꢶ,virati
ꢒꢒ꣄ꢰꢶ,kakshi
ꢱꢸꢭ꣄ꢒꢪ꣄,sulkam
ꢣꢬꣁ,daro'
ꢪꣂꢭ꣄,mol
ꢒꢾꢜ꣄ꢜꣁ,ke't't'o'
ꢙꢭ ꢱꢿꢥꣁ,jala seno'
ꢬꢷꢠ꣄,reen
ꢬꢷꢠꢸꢩꢵꢬ꣄,reenubhaar
ꢱꢾꢮ꣄ꢒꢥ꣄,se'vkan
ꢔꢮꢸꢛ꣄ꢙꢶ ꢔꢮꢸꢛ꣄ꢙꢸꢥꢵꢬ꣄,gavunji gavunjunaar
ꢥꢶꢬꢷꢰꢠꣁ,nireeshano'
ꢭꢴꢾꢒꢒꣀꢡ꣄,lhe'kakait
ꢭꢴꢾꢒ꣄ꢒꣁ ꢲꢾꢞ꣄ꢠꢶ,lhe'kko' he'd'ni
ꢔꢠꢥꣁ,ganano'
ꢔꢠꢶꢠꢶ,ganini
ꢲꢷꢱꢸꢥꢿꢭ꣄,heesunel
ꢭꢴꢾꢒ꣄ꢒꢥꢶ,lhe'kkani
ꢨꢥ꣄ꢤꢸ,bandhu
ꢂꢩꢶꢦ꣄ꢬꢵꢫ,abhipraaya
ꢇꢲꣁ,ooho'
ꢇꢲꢥꣁ,oohano'
ꢭꢴꢾꢒ꣄ꢒꢵꢮ꣄,lhe'kkaav
ꢦꣁꢒ꣄ꢒꢶꢰꢪ꣄,po'kkisham
ꢮꢶꢡ꣄ꢡꢒꣂꢰ꣄,vittakosh
ꢮꢶꢣ꣄ꢫꢵ ꢪꢥ꣄ꢡ꣄ꢬꢶ,vidyaa mantri
ꢮꢶꢣ꣄ꢫꢵ ꢮꢶꢩꢵꢔ꣄,vidyaa vibhaag
ꢪꢶꢱ꣄ꢬꢠꣁ,misrano'
ꢪꢶꢱ꣄ꢡ ꢙꢵꢡ꣄,mista jaat
ꢆꢣꢵꢱꢷꢥ꣄,udaaseen
ꢆꢦꢾꢒ꣄ꢰꣁ,upe'ksho'
ꢱꢩꣁ,sabho'
ꢱꢪ꣄ꢱ꣄ꢢꢵꢥ꣄,samsthaan
ꢩꢶꢞ꣄ꢠꢶ,bhid'ni
ꢤꢵꢡꢸ,dhaatu
ꢓꢙꢵꢥꣁ,khajaano'
ꢲꢥ꣄ꢥꢮꢸ ꢦꢡꢡ꣄ꢬ꣄,hannavu patatr
ꢬꢰꢠꢒꢬ꣄ꢥꢶ,rashanakarni
ꢬꢰꢠ ꢩꢬ꣄ꢡꢶ,rashana bharti
ꢪꢸꢱꢶꢥꢶ,musini
ꢦꣁꢭꢶꢱ꣄ꢥꢶꢬꢷꢒ꣄ꢱꢒꣁ,po'lisnireeksako'
ꢢꢵꢠꢵ ꢥꢶꢬꢶꢒ꣄ꢰꢒꣁ,thaanaa nirikshako'
ꢬꢴꢒ꣄ꢒꣀꢡ꣄,rhakkait
ꢬꢴꢒ꣄ꢒꢸꢮꢵꢥ꣄,rhakkuvaan
ꢢꢵꢠꢵꢮꢶꢩꢵꢒ꣄,thaanaavibhaak
ꢢꢠꢫ꣄ꢡꢸ,thanaytu
ꢒꢶꢞ꣄ꢞꢖ꣄ꢒꢶ,kid'd'anki
ꢥꢴꢥꢦꣁꢬ꣄ꢱꢾ,nhanapo'rse'
ꢥꢴꢥ꣄ꢔꢵꢪ꣄,nhangaam
ꢥꢴꢥ꣄ ꢦꣁꢜ꣄ꢒ꣄ꢫꢵꢜ꣄,nhan po't'kyaat'
ꢔꢠ ꢡꢥ꣄ꢡ꣄ꢬꢸ,gana tantru
ꢔꢠ ꢬꢵꢙ꣄ꢫꢸ,gana raajyu
ꢦ꣄ꢬꢙꢵ ꢦ꣄ꢬꢩꢸꢡ꣄ꢮꣁ,prajaa prabhutvo'
ꢙꢥꢵꢡꢶꢦꢡꢶ,janaatipati
ꢦ꣄ꢬꢙꢵ ꢨꢵꢡ꣄ꢫꢸ,prajaa baatyu
ꢥꢵꢔꢬꢶꢒꢡꣁ,naagarikato'
ꢒꢸꢜꢸꢪ꣄ꢨ ꢥꢶꢬꣂꢡ꣄,kut'umba nirot
ꢒꢸꢜꢸꢪ꣄ꢨ ꢒ꣄ꢰꢿꢪ ꢮꢶꢩꢵꢔ꣄,kut'umba kshema vibhaag
ꢏꢡ꣄ꢡꢶ,o'tti
ꢔꢸꢪ꣄ꢱ꣄ꢡꣁ,gumsto'
ꢔꢸꢪ꣄ꢦꢸ,gumpu
ꢂꢦꢬꢵꢤ꣄,aparaadh
ꢘꢸꢒ꣄ꢕꢭ꣄ꢥꢶ,chhukghalni
ꢗꢶꢥ꣄ꢲꢸꢥ꣄,chinhun
ꢔꢸꢬ꣄ꢡꢸꢥ꣄,gurtun
ꢱꢶꢥ꣄ꢡꢸꢱꢖ꣄ꢓ꣄ꢫꣁ,sintusankhyo'
ꢱꢶꢥ꣄ꢲꢸ,sinhu
ꢔꢸꢬ꣄ꢡꢸ,gurtu
ꢆꢥ꣄ꢥ ꢦꣁꢞꢾꢫꣁ,unna po'd'e'yo'
ꢆꢥ꣄ꢥ ꢦꢒ꣄ꢯꢸ,unna pakshu
ꢦꢒ꣄ꢯ ꢎꢒ꣄ꢫꢡꣁ,paksha aikyato'
ꢪꢹꢔꣁ,moogo'
ꢔꢸꢪ꣄ꢦꢸꢪꢶꢳ꣄ꢥꢶ,gumpumil'ni
ꢪꢶꢳ꣄꣄ꢠꢶ,mil'ni
ꢪꢔꢶꢥꢶ,magini
ꢓꢿꢭꢸ ꢒ꣄ꢬꢶꢫꣁ,khelu kriyo'
ꢪꢥꣂꢬꢛ꣄ꢙꢥ꣄,manoranjan
ꢲꢵꢡꢸ ꣄ꢪꢔꣁ,haatu mago'
ꢩꢥ꣄ꢣꢶ,bhandi
ꢡꢸꢰ꣄ ꢦ꣄ꢬꢫꣂꢔ꣄,tush prayog
ꢬꢷꢠꢸꢨꢥ꣄ꢣꢶ,reenubandi
ꢤꣁꢙ꣄,dho'j
ꢤꣁꢙ ꢱ꣄ꢢꢪ꣄ꢨꢸ,dho'ja sthambu
ꢭꢒ꣄ꢰ꣄ꢫꢸ,lakshyu
ꢤ꣄ꢫꢿꢫꢸ,dhyeyu
ꢣꢸꢬꢸꢔ꣄,durug
ꢱꢶꢣ꣄ꢣꢵꢥ꣄ꢡꢸ,siddaantu
ꢒꣂꢠ꣄,kon
ꢒꣁꢥꣁ,ko'no'
ꢣ꣄ꢬꢸꢰ꣄ꢜꢶꢒꣂꢠ꣄,drusht'ikon
ꢦꣁꢪꢜ꣄,po'mat'
ꢪꢒꢶꢥꢶ,makini
ꢒꣁꢬꢶ,ko'ri
ꢮꢬ꣄ꢔꢸ,vargu
ꢔꣂꢰ꣄ꢜꢶ,gosht'i
ꢗꢒ꣄ꢬꢮꢬ꣄ꢡ꣄ꢡꢶ,chakravartti
ꢩꣀ-ꢩꢾꢫ꣄ꢥꢥꢸꢦꢥ꣄,bhai-bhe'ynanupan
ꢱꢖ꣄ꢔꢪ꣄,sangam
ꢱꢖ꣄ꢕꣁ,sangho'
ꢱꢜ꣄ꢜꢱꢩꣁ,sat't'asabho'
ꢮꢶꢤꢵꢥ꣄ ꢱꣃꢤꣁ,vidhaan saudho'
ꢮꢶꢤꢵꢥꢸ ꢱꣃꢤꣁ,vidhaanu saudho'
ꢮꢶꢤꢵꢥ꣄ ꢱꢩꣁ,vidhaan sabho'
ꢱꢵꢱꢥꢪꢬ꣄ꢗꢶꢥꢶ,saasanamarchini
ꢱꢵꢱꢥ ꢡꢶꢣ꣄ꢡꢸꢮꢳꢶꢶ,saasana tidtuval'ii
ꢱꢵꢱꢥ ꢱꢹꢤꢵꢬ꣄,saasana soodhaar
ꢮꢶꢤꢵꢥ꣄,vidhaan
ꢱꢜ꣄ꢜꢱ꣄ꢩꣁ,sat't'asbho'
ꢱꢡ꣄ꢫꢵꢔ꣄ꢬꢲꣁ,satyaagraho'
ꢱꢾꢡ꣄ꢡꢬ꣄,se'ttar
ꢱꢡꢶ,sati
ꢱꢩꢵꢥꢵꢫꢒꣁ,sabhaanaayako'
ꢱꣁꢪ꣄ꢦꢸꢳꢵ ꢗꢾꢜ꣄ꢥꢶ,so'mpul'aa che't'ni
ꢦꢔꢵꢬ꣄,pagaar
ꢱꢪꢵꢥꢸꢦꢥ꣄,samaanupan
ꢱꢵꢪꢵꢣꢵꢥ꣄,saamaadaan
ꢱꢪꢸꢣꢵꢫ꣄,samudaay
ꢱꢪꢹꢲꢸ,samoohu
ꢱꢬ꣄ꢮꢵꢤꢶꢒꢵꢬ꣄,sarvaadhikaar
ꢱꢬ꣄ꢮꢵꢤꢶꢒꢵꢬꢶ,sarvaadhikaari
ꢬꢪꢵꢬꢪꢶ,ramaarami
ꢱꢾꢭ꣄ꢒꢾ,se'lke'
ꢱꢲꢵꢮꢸ,sahaavu
ꢱꢵꢤꢥꣁ,saadhano'
ꢆꢦꢭꢨ꣄ꢤꢶ,upalabdhi
ꢭꢨꢶꢛ꣄ꢗꢶꢥꢶ,labinchini
ꢱꢪ꣄ꢱ꣄ꢫꣁ,samsyo'
ꢦ꣄ꢬꢱ꣄ꢥꣁ,prasno'
ꢆꢥ꣄ꢥꢮꢿꢱ꣄,unnaves
ꢱꣁꢜ꣄ꢜꢸ,so't't'u
ꢮꢶꢒꢵꢬ꣄,vikaar
ꢥꢱꢶꢥꢪ꣄,nasinam
ꢱꢶꢡꢶꢭ꣄,sitil
ꢱꢸꢨꢬ꣄ꢗꢶ,subarchi
ꢱꢶꢪ꣄ꢲꢵꢱꢥꣁ,simhaasano'
ꢱꢶꢪ꣄ꢲꢹ ꢃꢱꢥꣁ,simhoo aasano'
ꢂꢭ꣄ꢦ ꢱꢖ꣄ꢓꢫꣁ,alpa sankhayo'
ꢥꢴꢥ꣄ꢥ ꢣꢵꢮꣁ,nhanna daavo'
ꢒꢵꢬꢵꢔ꣄ꢬꢆ,kaaraagra_u
ꢙꢾꢫꢶꢭ꣄,je'yil
ꢗꢶꢥ꣄ꢲꢸ,chinhu
ꢮꢵꢒ꣄ꢒꢸꢗꢷꢜ꣄,vaakkucheet'
ꢱꢸꢒꢬ꣄ꢠꢶ,sukarni
ꢱꢸꢤꢵꢬ꣄,sudhaar
ꢱꢪꢬꢹꢦ ꢮꢱ꣄ꢡꢬ꣄,samaroopa vastar
ꢱꢸꢡꢥ꣄ꢣꢬꢸ,sutandaru
ꢣꢸꢰ꣄ꢦ꣄ꢬꢫꣁꢒ꣄,dushprayo'k
ꢱꢖ꣄ꢒ꣄ꢯꢾꢦꢸ,sankshe'pu
ꢩꢷꢡꢸꢬ꣄ ꢣꢾꢮ꣄ꢱꢶꢥꢶ,bheetur de'vsini
ꢗꢸꢜ꣄ꢜꢸꢬ꣄ ꢒꢳꢞ꣄ꢠꢶ,chut't'ur kal'ad'ni
ꢦꢬꢶꢦꢡ꣄ꢡꢬ꣄,paripattar
ꢪꢬꢵꢪꢡ꣄ꢡꢸ,maraamattu
ꢱꢸꢤꢬꢠꣁ,sudharano'
ꢗꢪ꣄ꢱ꣄ꢒꢬꢠꣁ,chamskarano'
ꢱꢹꢗꢥ ꢮꢶꢩꢵꢔ꣄,soochana vibhaag
ꢱꢪꢵꢗ꣄ꢗꢵꢬꢸ ꢮꢶꢩꢵꢔ꣄,samaachchaaru vibhaag
ꢱꢗꢶꢮꢵꢭꢫꣁ,sachivaalayo'
ꢒꢵꢬ꣄ꢫꢣꢬ꣄ꢱꢶ,kaaryadarsi
ꢨ꣄ꢬꢩꢵꢮ꣄,brabhaav
ꢮꢿꢱꢸꢥ꣄,vesun
ꢮꢿꢱ,vesa
ꢣꢾꢜ꣄ꢜꢸ,de't't'u
ꢒ꣄ꢯꢡꢶ,kshati
ꢱꢿꢡꢵꢬꢪ꣄,setaaram
ꢆꢬꢵꢮ,uraava
ꢱꢿꢥꢵꢤꢶꢦꢡꢶ,senaadhipati
ꢱꢫ꣄ꢒꢥꣁ,saykano'
ꢱꢪꢶꢙ꣄ꢛꢸ,samijnyu
ꢱꣁꢡ꣄ꢡꢸ,so'ttu
ꢡꢾꢔꢸꢬꢵꢭ꣄,te'guraal
ꢫꣂꢔ꣄ꢫꢡꣁ,yogyato'
ꢭꢵꢔꢶꢡꣁ,laagito'
ꢜꢖ꣄ꢒꢠꢒꢬ꣄ꢡꣁ,t'ankanakarto'
ꢪꢵꢬ꣄ꢔꢸ,maargu
ꢃꢞ꣄ꢞꢪꢸꢥ꣄,aad'd'amun
ꢂꢞ꣄ꢞꢶꢥ꣄,ad'd'in
ꢨꢵꢤꢵꢥ꣄,baadhaan
ꢣꢠ꣄ꢞꢠꣁ,dand'ano'
ꢱꢾꢬ꣄ꢒꢬꢥꢶ,se'rkarani
ꢭꢾꢓ꣄ꢒꣁ,le'khko'
ꢭꢴꢾꢒ꣄ꢒꢵ ꢥꢶꢬꢷꢒ꣄ꢰꢠꣁ,lhe'kkaa nireekshano'
ꢭꢴꢾꢒ꣄ꢒꢵ ꢱꣂꢤꢥꣁ,lhe'kkaa sodhano'
ꢡꢾꢬꢒꢸ ꢲꢥ꣄ꢥꢮ꣄,te'raku hannav
ꢦꢒꢰꢮꢵꢥꢸꢥ꣄,pakashavaanun
ꢱ꣄ꢬꢿꢠꢶ,sreni
ꢆꢥ꣄ꢥꢡꢶ,unnati
ꢮꢶꢬ꣄ꢡꢵ ꢩꢸꢛꢶ,virtaa bhunyi
ꢥꢶꢱ꣄ꢡ ꢩꢸꢄ~,nista bhui~
ꢣꢳꢦꢳꣁ,dal'apal'o'
ꢣꢳ ꢱꢾꢥꣁ,dal'a se'no'
ꢦꢣ ꢱꢿꢥꣁ,pada seno'
ꢬꢵꢙꢤꢵꢥꢶ,raajadhaani
ꢂꢔ꣄ꢬꢵꢱꢥꢸꢦꢥ꣄,agraasanupan
ꢂꢔ꣄ꢬꢵꢱꢥꣁ,agraasano'
ꢂꢔ꣄ꢬꢵꢱꢥꢵꢤꢶꢦꢡꢶ,agraasanaadhipati
ꢬꢶꢨꢾꢜ꣄,ribe't'
ꢣꣁꢦ꣄ꢨꢶꢣꢾꢥꢶ,do'pbide'ni
ꢆꢥ꣄ꢥ ꢒꢾꢬ꣄ꢥꢶ,unna ke'rni
ꢆꢦꢒꢬꢠꣁ,upakarano'
ꢱ꣄ꢮꢫ ꢂꢟꢶꢒꢵꢬ꣄,svaya ad'hikaar
ꢱ꣄ꢮꢗꢭ꣄ꢥꢶ,svachalni
ꢏꢠ꣄ꢜꢶꢫꢵꢳ꣄,o'nt'iyaal'
ꢏꢠ꣄ꢜꢮ꣄ꢫꢒ꣄ꢡꢶ,o'nt'avyakti
ꢪꢵꢬ꣄,maar
ꢪꢵꢡ꣄ꢬꢸ ꢩꢵꢰꣁ,maatru bhaasho'
ꢫꣂꢙꢥꢵ ꢃꢫꣂꢔ꣄,yojanaa aayog
ꢫꣂꢙꢥꣁ,yojano'
ꢡꢶꢠ꣄ꢗꢶꢥꢶ,tinchini
ꢂꢤꢶꢬꣂꢦꢠꣁ,adhiropano'
ꢣꢶꢮꢵꢭ꣄,divaal
ꢤꢶꢮꢵꢥ꣄,dhivaan
ꢆꢔ꣄ꢬꢮꢵꢡꢶ,ugravaati
ꢡꢶꢬ꣄ꢪꢵꢥ꣄,tirmaan
ꢥꢶꢬ꣄ꢠꢫꣁ,nirnayo'
ꢡꢷꢬ꣄ꢮꣁ,teervo'
ꢆꢦꢬꢵꢰ꣄ꢜ꣄ꢬꢦꢡꢶ,uparaasht'rapati
ꢆꢦꢮꢶꢢꢶ,upavithi
ꢥꢶꢬ꣄ꢪꢭꢶꢒꢬꢠꣁ,nirmalikarano'
ꢱꢸꢣ꣄ꢤꢶ ꢦꢵꢭꢥꣁ,suddhi paalano'
ꢡꢵꢬꢸ ꢬꢾꢪ꣄,taaru re'm
ꢥꢵꢮꢸꢬꢾꢪ꣄,naavure'm
ꢥꢮ꣄ꢒꢵ ꢬꢿꢪ꣄,navkaa rem
ꢣꢸꢡꢥꢶꢮꢵꢱ꣄,dutanivaas
ꢣꢹꢡꣁ,dooto'
ꢦꢬꢶꢱꢸꢣ꣄ꢤꢶ,parisuddhi
ꢥꢶꢳ꣄꣄ꢗꢶꢥꢶ,nil'chini
ꢣꢾꢱꢩꢒ꣄ꢡꣁ,de'sabhakto'
ꢣꢿꢱꢩꢒ꣄ꢡꢶ,desabhakti
ꢬꢵꢰ꣄ꢜ꣄ꢬꢸ,raasht'ru
ꢣꢾꢱꢸ,de'su
ꢬꢵꢰ꣄ꢜ꣄ꢬꢚꢠ꣄ꢞꢵꢮ꣄,raasht'rajhand'aav
ꢬꢵꢰ꣄ꢜ꣄ꢬꢔꢵꢥꢪ꣄,raasht'ragaanam
ꢣꢾꢱꢸꢔꢷꢡ꣄,de'sugeet
ꢬꢵꢰ꣄ꢜ꣄ꢬꢩꢵꢰꣁ,raasht'rabhaasho'
ꢗꢸꢥꢵꢮ꣄,chunaav
ꢥꢶꢬ꣄ꢮꢵꢗꢥ꣄,nirvaachan
ꢦꢙꢾꢥ꣄ꢡꣁ,paje'nto'
ꢥꢶꢬ꣄ꢮꢵꢗꢥꢸ ꢩꢵꢔ꣄,nirvaachanu bhaag
ꢱꢖ꣄ꢒꢭꢥꢒꣁ,sankalanako'
ꢮ꣄ꢫꢵꢱꢶꢒꢬ꣄ꢡꣁ,vyaasikarto'
ꢱꢖ꣄ꢒꢭꢥꣁ,sankalano'
ꢮ꣄ꢫꢵꢱ꣄,vyaas
ꢬꣁꢒ꣄ꢒꢪ꣄,ro'kkam
ꢤꢥꢬꢵꢯꢶ,dhanaraashi
ꢣꢹꢬ ꣄ꢭꢶꢓ꣄ꢥꢶ,doora likhni
ꢒꢵꢬ꣄ꢫꣁ,kaaryo'
ꢒꢵꢪ꣄,kaam
ꢒꢵꢬ꣄ꢫꢮꢵꢥ꣄,kaaryavaan
ꢒꢵꢪ꣄ꢒꢾꢬ꣄ꢡꣁ,kaamke'rto'
ꢒꢵꢬ꣄ꢫꢱ꣄ꢢꣁ,kaaryastho'
ꢒꢵꢪꢸ ꢦꣁꢜ꣄ꢜꢾꢜ꣄,kaamu po't't'e't'
ꢒꢵꢬ꣄ꢫꢕꢥꣁ,kaaryaghano'
ꢆꢣ꣄ꢣꢾꢱ꣄,udde's
ꢱꢵꢪꢷꢦ꣄ꢫꢡꣁ,saameepyato'
ꢆꢥ꣄ꢥ ꢆꢦꢶꢬ꣄,unna upir
ꢱꢶꢖ꣄ꢔꣀꢡ꣄,singait
ꢱꢾꢖ꣄ꢔꢡꢶ,se'ngati
ꢱꢲꢮꢵꢱꢶ,sahavaasi
ꢱꢾꢖ꣄ꢔꢮꢶ,se'ngavi
ꢥꢔꢬꢱꢩꣁ,nagarasabho'
ꢔ꣄ꢬꢵꢪ ꢱꢖ꣄ꢕꣁ,graama sangho'
ꢥꢔꢬ ꢦꢵꢭꢶꢒꣁ,nagara paaliko'
ꢒ꣄ꢬꢶꢫꢵꢒ꣄ꢬꢪꣁ,kriyaakramo'
ꢪꢤ꣄ꢫ ꢱꢬ꣄ꢒꢵꢬ꣄,madhya sarkaar
ꢆꢭꢵꢱꢸꢮꢵꢜ꣄,ulaasuvaat'
ꢗꢭꢥ꣄ꢮꢵꢜ꣄,chalanvaat'
ꢥꢾꢰ꣄ꢜꢶ ꢥꢶꢮꢵꢬꢠꣁ,ne'sht'i nivaarano'
ꢥꢵꢔ꣄ꢬꢷꢔ꣄,naagreeg
ꢱꢪ꣄ꢱ꣄ꢒ꣄ꢬꢸꢡꢶ,samskruti
ꢣꢶꢥ꣄ꢥꢸ ꢱꣁꢪ꣄ꢨꢸꢳꣁ,dinnu so'mbul'o'
ꢔ꣄ꢬꢵꢪ꣄ꢫꢙꢵꢡ꣄,graamyajaat
ꢱ꣄ꢢꢭꢷꢫꢙꢵꢡ꣄,sthaleeyajaat
ꢬꢵꢰ꣄ꢜ꣄ꢬ ꢚꢠ꣄ꢞꢮ꣄,raasht'ra jhand'av
ꢣꢾꢱꢸ ꢚꢠ꣄ꢞꢵꢮ꣄,de'su jhand'aav
ꢬꢵꢰ꣄ꢜ꣄ꢬꢔꢷꢜ꣄,raasht'rageet'
ꢣꢾꢱꢸꢔꢷꢜ꣄,de'sugeet'
ꢬꢵꢰ꣄ꢜ꣄ꢬ ꢩꢒ꣄ꢡꢶ,raasht'ra bhakti
ꢣꢾꢱꢸꢩꢒ꣄ꢡꢶ,de'subhakti
ꢥꢵꢔꢬꢷꢒꢡꣁ,naagareekato'
ꢣꢾꢱꢶꢫꢡꣁ,de'siyato'
ꢭꣂꢒ꣄ ꢱꢩꣁ,lok sabho'
ꢣꢾꢱ꣄,de's
ꢒꢵꢬ꣄ꢫ ꢗꢵꢭꢥꣁ,kaarya chaalano'
ꢮꣀꢩꢮ꣄,vaibhav
ꢒꢵꢬ꣄ꢫꢒ꣄ꢬꢪꣁ,kaaryakramo'
ꢲꢥ꣄ꢥꢮꢸ,hannavu
ꢥꢶꢕꢶ,nighi
ꢥꢶꢡꢶ ꢮꢶꢩꢵꢔ,niti vibhaaga
ꢥꢶꢦꢥ꣄ꢣꢥꣁ,nipandano'
ꢥꢶꢬ꣄ꢮꢵꢲ꣄,nirvaah
ꢒ꣄ꢬꢪꣁ,kramo'
ꢥꢶꢬꢸꢦꢠꣁ,nirupano'
ꢦ꣄ꢬꢪꢵꢠ꣄,pramaan
ꢬꢹꢙꢸ,rooju
ꢢꢵꢪꢸ ꢒꢬꣁ,thaamu karo'
ꢱ꣄ꢢꢵꢦꢥꣁ,sthaapano'
ꢫꣂꢒ꣄ꢫꢡꣁ,yokyato'
ꢥꢷꢡꢶꢦꢡꢶ,neetipati
ꢥꢶꢫꢵꢫꢵꢤꢶꢦꢡꢶ,niyaayaadhipati
ꢥꢷꢡꢶꢱ꣄ꢢꢭ꣄,neetisthal
ꢆꢦꢫꣂꢔꢸ ꢮꢱ꣄ꢡꢸꢥ꣄,upayogu vastun
ꢥꢸꢔꢥ꣄ ꢮꢱ꣄ꢡꢸꢥ꣄,nugan vastun
ꢆꢦꢫꣂꢔ,upayoga
ꢥꢸꢔꢶꢥꢶ,nugini
ꢡꢸꢬ꣄ꢥꢶ,turni
ꢦ꣄ꢬꢾꢮ꣄ꢯ꣄,pre'vsh
ꢄꢬ꣄ꢒꢜ꣄,irkat'
ꢱꢖ꣄ꢔꢜ꣄,sangat'
ꢮꢔꣁ ꢦꢬꢶ ꢱꣂꢣꢥꣁ,vago' pari sodano'
ꢱꢲꢫꣁꢔ꣄,sahayo'g
ꢮꢜꣁ,vat'o'
ꢣꢸꢔꢵꢳꢸ ꢲꢥ꣄ꢥꢮ꣄,dugaal'u hannav
ꢣꢸꢔꢵꢳꢸ ꢩꢬ꣄ꢡꣁ,dugaal'u bharto'
ꢣꢸꢔꢵꢳ꣄꣄,dugaal'
ꢱꢿꢥꣁ,seno'
ꢦꢳꣁ,pal'o'
ꢨꢶꢭ꣄,bil
ꢬꢱꢷꢡꢸ,raseetu
ꢙꢵꢦꢶꢡꣁ,jaapito'
ꢙꢦ꣄ꢡꣁ,japto'
ꢱꢪ꣄ꢩꢮꢥꣁ,sambhavano'
ꢲꢥꢶ,hani
ꢚꢾꢞꢵ ꢂꢫ꣄ꢣꢸ,jhe'd'aa aydu
ꢱꢿꢥꢵ ꢣꢳꢮꢵꢞꢸꢥ꣄,senaa dal'avaad'un
ꢱꢿꢥꢵꢦꢡꢶ,senaapati
ꢣꢭꢒꢬ꣄ꢡꣁ,dalakarto'
ꢣꢿꢥꢵ ꢣꢳ꣄,denaa dal'
ꢦꢣꢵꢬ꣄ꢢꢸꢥ꣄,padaarthun
ꢩꣁꢠ꣄ꢠꢪꢸꢥ꣄,bho'nnamun
ꢒꢭꢵꢗꢵꢬ꣄,kalaachaar
ꢆꢣ꣄ꢫꣂꢔ꣄,udyog
ꢒꢵꢪ꣄ ꢲꢾꢞ꣄ꢠꢶ,kaam he'd'ni
ꢒꢪ ꣄ꢪꢬ꣄ꢗꢶꢥꢶ,kama marchini
ꢒꢵꢪꢸ ꢙꢿꢰ꣄ꢜꢦꢥ꣄,kaamu jesht'apan
ꢒꢵꢬ꣄ꢫꢵꢮꢵꢥ꣄,kaaryaavaan
ꢦꢣꢮꢶ,padavi
ꢦꢣꢮꢶ ꢲꢸꢡ꣄ꢬꢵꢮ꣄,padavi hutraav
ꢦꢣꢮꢶ ꢲꢶꢖ꣄ꢔꢵꢮ꣄,padavi hingaav
ꢦꢣꢮꢶꢓꢳ꣄ꢳꢶꢥꢶ,padavikhal'l'ini
ꢦꢣꢮꢶ ꢒꢵꢭ,padavi kaala
ꢚꢜ꣄ꢢꢶ,jhat'thi
ꢥꢶꢪ꣄ꢦꢶꢥꢶ,nimpini
ꢱꢪ꣄ꢱ꣄ꢒꢬꢠꣁ,samskarano'
ꢥꢶꢪ꣄ꢦꢶꢥꢶ ꢨꢵꢤ꣄ꢫꢡꣁ,nimpini baadhyato'
ꢩꢬ꣄ꢡꢶ,bharti
ꢨꣁꢣꢸꢭ꣄,bo'dul
ꢦꢛ꣄ꢗꢶꢒꣁ,panchiko'
ꢥꢶꢬ꣄ꢣꢿꢱꣁ,nirdeso'
ꢦꢛ꣄ꢗꢶꢒꣁ ꢦꢡ꣄ꢡꢬ꣄,panchiko' pattar
ꢩꣁꢔꢸꢥꢵꢬ꣄,bho'gunaar
ꢱꢶꢒ꣄ꢰꢵ ꢪꢵꢣ꣄ꢫꣁ,sikshaa maadyo'
ꢦꢬꢶꢦꢵꢭꢥꣁ,paripaalano'
ꢦꢬꢶꢱꢷꢭꢥꣁ,pariseelano'
ꢱꢸꢦꢬ꣄ꢗꢶ,suparchi
ꢦꢬꢶꢮꢬ꣄ꢡꢥꣁ,parivartano'
ꢥꢶꢤꢶ ꢆꢥ꣄ꢥꣁ,nidhi unno'
ꢧꢸꢬꣁ ꢧꢸꢬ꣄ꢥꢵꢱ꣄ꢡꢾ,phuro' phurnaaste'
ꢦꢬ꣄ꢬꢸ,parru
ꢙꢥꢶ,jani
ꢂꢦꢲꢬꢠꣁ,apaharano'
ꢦꢥꢶ ꢱꢶꢛ꣄ꢗꢵꢮ꣄,pani sinchaav
ꢬꢒ꣄ꢰꢥꣁ,rakshano'
ꢭꣂꢒ꣄ꢱꢩꣁ,loksabho'
ꢣꢹꢡ꣄ ꢆꢡ꣄ꢦꢵꢣꢥꢱꢵꢭꣁ,doot utpaadanasaalo'
ꢗꢸꢥꢵꢮꢸ ꢦ꣄ꢬꢗꢵꢬ꣄,chunaavu prachaar
ꢙꢪꢷꢥ,jameena
ꢦ꣄ꢬꢤꢵꢥ꣄ ꢪꢥ꣄ꢡꢶꢬꢶ,pradhaan mantiri
ꢨꣁꢣꢸꢭ꣄ ꢮꢵꢡꢶ,bo'dul vaati
ꢦ꣄ꢬꢡꢿꢱꢸ,pratesu
ꢦ꣄ꢬꢩꢸ,prabhu
ꢦ꣄ꢬꢙꣁ,prajo'
ꢮꢶꢩꢵꢔ,vibhaaga
ꢂꢥꢸꢨꢥ꣄ꢤꢸ,anubandhu
ꢦꢱ꣄ꢒꢜ꣄ꢮꢬ꣄ꢔꢸ ꢱꢪꢹꢲꢸ,paskat'vargu samoohu
ꢦꢱ꣄ꢒꢜ꣄ ꢦꣁꢞꢾ ꢱꢪꢹꢲꢸ,paskat' po'd'e' samoohu
ꢙꢥ꣄ꢪꢵꢥ꣄ꢣꢬꢪꢸ,janmaandaramu
ꢦꢱ꣄ꢒꢞꢸꢱꢪꢹꢲꢸ,paskad'usamoohu
ꢦꢸꢒꢵꢬ꣄,pukaar
ꢂꢩꢶꢫꣂꢔ,abhiyoga
ꢥꣁꢮ꣄ꢮꢒꢬꢠꣁ,no'vvakarano'
ꢥꣁꢮ꣄ꢮꢒꢾꢬ꣄ꢥꢶ,no'vvake'rni
ꢒ꣄ꢬꢵꢥ꣄ꢡꢶ,kraanti
ꢮꢣꢥ꣄ꢡꢶ,vadanti
ꢮꢶꢗꢵꢬꢠꣁ,vichaarano'
ꢂꢥ꣄ꢮꢿꢱꢥꣁ,anvesano'
ꢱꢬ꣄ꢒꢵꢬꢸ ꢢꢵꢪ꣄,sarkaaru thaam
ꢮꢶꢱ꣄ꢡꢵꢬ꣄,vistaar
ꢮꢶꢭꢵꢱ꣄,vilaas
ꢨꢲꢸ ꢱꢖ꣄ꢓ꣄ꢫꢡꣁ,bahu sankhyato'
ꢂꢤꢶꢒꢡꣁ,adhikato'
ꢬꢵꢙꢵꢤꢶꢬꢙꣁ,raajaadhirajo'
ꢪꢴꢵꢬꢵꢜ꣄,mhaaraat'
ꢱꢵꢪ꣄ꢬꢵꢜ꣄,saamraat'
ꢗꢒ꣄ꢬꢮꢬ꣄ꢡꢶ,chakravarti
ꢭꢵꢪ꣄ꢬꢵꢙ꣄ꢫꢸ,laamraajyu
ꢱꢵꢪ꣄ꢬꢵꢙ꣄ꢫꢸ,saamraajyu
ꢪꢲꢵ ꢱꢩꣁ,mahaa sabho'
ꢥꢔꢬꢦꢵꢭꢶꢒꣁ,nagarapaaliko'
ꢭꢾꢞ꣄ꢙꢬ꣄,le'd'jar
ꢮ꣄ꢫꢒ꣄ꢡꢶ ꢭꢴꢾꢒ꣄ꢒꢵ ꢦꢸꢱ꣄ꢡꢮ꣄,vyakti lhe'kkaa pustav
ꢦꢾꢬꢿꢜ꣄,pe'ret'
ꢱꢵꢤꢵꢬꢥꢱꢩꣁ,saadhaaranasabho'
ꢱꢵꢬ꣄ꢮꢙꢥꢶꢒ꣄ ꢱꢩꣁ,saarvajanik sabho'
ꢱꢵꢬ꣄ꢮꢙꢥꢶꢒ꣄ ꢮꢶꢩꢵꢔ꣄,saarvajanik vibhaag
ꢭꣁꢒ ꢮꢶꢩꢵꢔ꣄,lo'ka vibhaag
ꢭꣂꢒ ꢔ꣄ꢬꢥ꣄ꢢꢵꢭꢫꣁ,loka granthaalayo'
ꢱꢵꢤꢵꢬꢠ ꢮꢶꢬꢵꢪ꣄,saadhaarana viraam
ꢃꢬ꣄ꢢꢶꢒ ꢱ꣄ꢢꢶꢡꢶ,aarthika sthiti
ꢒꢵꢬ꣄ꢫꢩꢵꢬ꣄,kaaryabhaar
ꢦ꣄ꢬꢮꢬ꣄ꢡꢶ,pravarti
ꢱ꣄ꢦꢬ꣄ꢤꢥ꣄,spardhan
ꢫꢸꢣ꣄ꢤꢸ,yuddhu
ꢃꢬ꣄ꢩꢵꢜꣁ,aarbhaat'o'
ꢃꢬ꣄ꢩꢵꢜꣁ ꢒꢾꢬ꣄ꢥꢵꢬ꣄,aarbhaat'o' ke'rnaar
ꢫꣁꢣ꣄ꢤꢸ,yo'ddhu
ꢙꢥ ꢱꢖ꣄ꢓ꣄ꢫꣁ,jana sankhyo'
ꢪꢤ꣄ꢫꢱꢬ꣄ꢒꢵꢬ꣄,madhyasarkaar
ꢒꢿꢥ꣄ꢣ꣄ꢬ ꢱꢬ꣄ꢒꢵꢬ꣄,kendra sarkaar
ꢃꢒꢭꢥꣁ,aakalano'
ꢪꢹꢭ꣄ꢫ ꢥꢶꢬ꣄ꢤꢵꢬꢠꣁ,moolya nirdhaarano'
ꢦꢬꢶꢱ꣄ꢬꢵꢪ ꢱꢸꢭ꣄ꢒꣁ,parisraama sulko'
ꢱꢪ꣄ꢩꢵꢮꢥꣁ,sambhaavano'
ꢪꢤꢸ ꢥꢶꢬꣁꢤꢥꣁ,madhu niro'dhano'
ꢱꢗꢶꢮꣁ,sachivo'
ꢥꢴꢵꢪꢾꢥ꣄ꢥꢶ,nhaame'nni
ꢦꢸꢥꢬ꣄ꢧꢸꢭꢥꣁ,punarphulano'
ꢦꢸꢥꢬ꣄ ꢙꢷꢮꢥꣁ,punar jeevano'
ꢬꢵꢜ,raat'a
ꢦꢶꢬꢵꢬ꣄ꢢꢥꢵ ꢦꢡ꣄ꢬꢸ,piraarthanaa patru
ꢒꣁꢬꢶ ꢦꢡ꣄ꢬꢸ,ko'ri patru
ꢪꢲꢵ ꢥꢔꢬꢦꢵꢭꢶꢒꣁ,mahaa nagarapaaliko'
ꢱꢪ꣄ꢪꢿꢭꢥꣁ,sammelano'
ꢬꢵꢙ꣄ꢫ ꢱꢬ꣄ꢒꢵꢬ꣄,raajya sarkaar
ꢦ꣄ꢬꢵꢥ꣄ꢡꢸ,praantu
ꢱꢵꢪ꣄ꢬꢵꢜ,saamraat'a
ꢱꢵꢪ꣄ꢫꢮꢵꢣ꣄,saamyavaad
ꢙꢶꢭ꣄ꢭꣁ,jillo'
ꢪꢵꢥ꣄ꢫꢪ꣄,maanyam
ꢦꢸꢥꢬ꣄ ꢦ꣄ꢬꢵꢦ꣄ꢡꢶ,punar praapti
ꢒꢮ꣄ꢥꢶ,kavni
ꢆꢬꢵꢮ꣄,uraav
ꢒꣁꢮ꣄ ꢣꢵꢫꣁ,ko'v daayo'
ꢱꢿꢱ꣄,ses
ꢦ꣄ꢬꢡꢶꢥꢶꢜꢶ,pratinit'i
ꢱꢵꢪ꣄ꢬꢵꢜꢸ ꢦꢵꢭꢥꣁ,saamraat'u paalano'
ꢪꢹꢭꢸꢤꢥ꣄,mooludhan
ꢪꢸꢒ꣄ꢫ ꢪꢥ꣄ꢡꢶꢬꢶ,mukya mantiri
ꢪꢹꢭꢤꢥꢮꢵꢥ꣄,mooladhanavaan
ꢤꢥꢮꢵꢥꢸꢦꢥ꣄,dhanavaanupan
ꢦꢸꢥꢬ꣄ ꢮꢶꢗꢵꢬ ꢦ꣄ꢬꢵꢬ꣄ꢡꢥꣁ,punar vichaara praartano'
ꢦ꣄ꢬꢵꢒ꣄ꢦ꣄ꢬꢡꢶ,praakprati
ꢦꢹꢬ꣄ꢮꢵꢥꢸꢪꢵꢥ꣄,poorvaanumaan
ꢧꣀꢭ ꢨꢵꢡ꣄ꢫꢡꣁ,phaila baatyato'
ꢂꢩꢶꢮꢶꢬꢸꢣ꣄ꢤꢶ,abhiviruddhi
ꢪꢹꢭꢮꢱ꣄ꢡꢸ,moolavastu
ꢃꢖ꣄ꢔꢬꢒ꣄ꢯꢒꣁ,aangarakshako'
ꢪꢶꢜ꣄ꢜꣁ,mit't'o'
ꢪꢛ꣄ꢗꢸ,manchu
ꢮꢿꢣꢶꢒꣁ,vediko'
ꢂꢩꢶꢮ꣄ꢬꢸꢣ꣄ꢤꢶ,abhivruddhi
ꢪꢿꢜꢶꢥꢸ ꢮꢶꢤꢵꢥ꣄ ꢱꢩꣁ,met'inu vidhaan sabho'
ꢆꢛ꣄ꢗ ꢂꢤꢶꢒꢵꢬꢶ,uncha adhikaari
ꢥꢶꢫꢥ꣄ꢡ꣄ꢬꣁ,niyantro'
ꢦ꣄ꢬꢨꢥ꣄ꢤꢒꣁ,prabandhako'
ꢪꢾꢜꢸ ꢥꢶꢮꢵꢲꢶ,me't'u nivaahi
ꢆꢗ꣄ꢗ ꢂꢙ꣄ꢛꢵꢒꢵꢬ꣄,uchcha ajnyaakaar
ꢆꢣ꣄ꢤꢬꢠꣁ,uddharano'
ꢆꢭ꣄ꢭꢾꢲꢥꣁ,ulle'hano'
ꢂꢮꢡꢵꢬꢠꣁ,avataarano'
ꢂꢮꢡꢵꢬꢶꢡ ꢮꢵꢒ꣄ꢫꢸ,avataarita vaakyu
ꢡꢣꢾꢮ,tade'va
ꢪꢤ꣄꣄ꢫ ꢱꢬ꣄ꢒꢵꢬ꣄,madhya sarkaar
ꢂꢥꢸꢮꢵꢣꢒꣁ,anuvaadako'
ꢡꢬ꣄ꢙꢪꣁ ꢒꢾꢬ꣄ꢥꢵꢬ꣄,tarjamo' ke'rnaar
ꢚꢾꢞꣁ,jhe'd'o'
ꢬꢵꢠꢶ,raani
ꢦꢭꣁ,palo'
ꢬꢵꢙ ꢣꢸꢬꣂꢲꢶ,raaja durohi
ꢬꢵꢙꢫ ꢱꢩꣁ,raajaya sabho'
ꢪꢾꢜꢸ ꢱꢩꣁ,me't'u sabho'
ꢬꢙꢶꢥꢪꣁ,rajinamo'
ꢬꢵꢰ꣄ꢜ꣄ꢬꢦꢡꢶ,raasht'rapati
ꢪꢵꢪꢹꢭ꣄,maamool
ꢭꢾꢛ꣄ꢗꢪ꣄,le'ncham
ꢭꣁꢒ꣄ ꢱꢩꣁ,lo'k sabho'
ꢮꢶꢡ꣄ꢡꢒꣁꢰ꣄,vittako'sh
ꢲꢥ꣄ꢥꢮꢸ ꢱꢖ꣄ꢒ꣄ꢬꢲꢥꣁ,hannavu sankrahano'
ꢮꢱꢸꢭ꣄,vasul
ꢡꢵꢭꢹꢒꢵ,taalookaa
ꢣꢵꢱꢶꢭ꣄ꢣꢵꢬ꣄,daasildaar
ꢦꢶꢬꢵꢥ꣄ꢡ꣄ꢫꢸ,piraantyu
ꢦꢶꢬꢵꢥ꣄ꢡꢶꢫ ꢩꢵꢰꣁ,piraantiya bhaasho'
ꢩꢶꢫꢵꢬ꣄,bhiyaar
ꢮꢵꢠꢶꢙ꣄ꢫꣁ,vaanijyo'
ꢩꢶꢫꢵꢬꢸ ꢮꢶꢡ꣄ꢡ ꢒꣁꢰ꣄,bhiyaaru vitta ko'sh
ꢮꢠꢶꢒ ꢮꢶꢡ꣄ꢡ ꢒꣁꢰ꣄,vanika vitta ko'sh
ꢩꢶꢫꢵꢬꢸ ꢱꢸꢭ꣄ꢒꣁ,bhiyaaru sulko'
ꢮꢠꢶꢒ ꢱꢸꢭ꣄ꢒꣁ,vanika sulko'
ꢒꢶꢪ꣄ꢮꢣꢥ꣄ꢡꢶ,kimvadanti
ꢙꢥꢱ꣄ꢬꢸꢡꢶ,janasruti
ꢩ꣄ꢫꢵꢬ꣄,bhyaar
ꢂꢮ꣄ꢥꢶ,avni
ꢡꣂꢬꢠ꣄,toran
ꢱꢸꢭ꣄ꢒꢥꢶꢬ꣄ꢠꢫꢸ,sulkanirnayu
ꢆꢗ꣄ꢭꢵꢮ꣄,uchlaav
ꢙꣁꢞꢸꢪ꣄ꢨꢸꢭ꣄,jo'd'umbul
ꢆꢗ꣄ꢭꢵꢮꢸ ꢱꢸꢭ꣄ꢒꣁ,uchlaavu sulko'
ꢆꢗ꣄ꢭꢵꢮꢸ ꢒꢬꣁ,uchlaavu karo'
ꢬꢵꢙ꣄ꢫ ꢃꢣꢵꢫꢸ,raajya aadaayu
ꢥ꣄ꢫꢥ꣄ꢡ꣄ꢬꢠꣁ,nyantrano'
ꢦ꣄ꢬꢡꢶꢨꢥ꣄ꢤꢸ,pratibandhu
ꢮꢔꣁꢡꣁꢔꣁ,vago'to'go'
ꢮꢶꢡ꣄ꢡ ꢭꢿꢓꢸ,vitta lekhu
ꢦ꣄ꢬꢵꢒ꣄ ꢭꢾꢓꢥꣁ,praak le'khano'
ꢥꢶꢦꢸꢠꣁ,nipuno'
ꢙꣀꢥ ꢧꢶꢬ꣄ꢥꢶ,jaina phirni
ꢦ꣄ꢬꢣꢒ꣄ꢰꢥꣁ,pradakshano'
ꢮꢒ꣄ꢒꢷꢭ꣄,vakkeel
ꢬꢹꢟꢶ,rood'hi
ꢪꢵꢬ꣄ꢒꢣꢬ꣄ꢱꢶ,maarkadarsi
ꢮꢵꢜ꣄ ꢣꢾꢒ꣄ꢒꢞ꣄ꢠꢵꢬ꣄,vaat' de'kkad'naar
ꢒꢾꢬꢥ꣄ꢮꢵꢜ꣄,ke'ranvaat'
ꢡꢸꢔꢵꢳ꣄,tugaal'
ꢣꢬꢶꢣ꣄ꢬꢡꣁ,daridrato'
ꢣꢾꢭ꣄ꢞꢶꢬꢶꢦꢥ꣄,de'ld'iripan
ꢆꢔ꣄ꢬꢦꢥ꣄,ugrapan
ꢮꢵꢒ꣄ ꢣꢾꢥꢵꢬ꣄,vaak de'naar
ꢪꢡꢣꢵꢡꣁ,matadaato'
ꢮꣂꢜ꣄,vot'
ꢮꢵꢒꢸ ꢦꢡ꣄ꢬꢸ,vaaku patru
ꢨꢜ꣄ꢒꢾ,bat'ke'
ꢮꢵꢡꢶ,vaati
ꢮꢵꢬ꣄ꢱꢸ,vaarsu
ꢆꢡ꣄ꢬꢵꢤꢶꢒꢵꢬꢶ,utraadhikaari
ꢱꢪꢶꢡꢶ,samiti
ꢂꢥꢸꢦꢵꢡ꣄,anupaat
ꢸꢮꢶꢗꢵꢬꢠꣁ,uvichaarano'
ꢱ꣄ꢮꢵꢡꢥ꣄ꢡ꣄ꢬꢸ,svaatantru
ꢱꣁꢞ꣄ꢥꢶ,so'd'ni
ꢱꣂꢞꢶ,sod'i
ꢮꢶꢦꢡ꣄ꢡꢸ,vipattu
ꢮꢵꢫꢸꢱꢾꢥꣁ,vaayuse'no'
ꢧꢵꢞ꣄,phaad'
ꢨꢶꢭ꣄ꢭꣁ,billo'
ꢪꣁꢭꢸ ꢙꢦ꣄ꢡꣁ,mo'lu japto'
ꢪꣁꢭꢸ ꢂꢜ꣄ꢜꢮꢥꣁ,mo'lu at't'avano'
ꢮꢶꢮꢵꢣ꣄,vivaad
ꢮꢵꢔ꣄ꢮꢶꢮꢵꢣ꣄,vaagvivaad
ꢆꢡ꣄ꢱꢮ꣄,utsav
ꢦ꣄ꢬꢡꢶꢯꢡ꣄,pratishat
ꢦ꣄ꢬꢡꢶꢯꣁꢡꢸ,pratisho'tu
ꢮꢶꢙ꣄ꢛꢵꢦꢥꣁ,vijnyaapano'
ꢦ꣄ꢬꢒꢵꢬꢰꢥꣁ,prakaarashano'
ꢮꢶꢒ꣄ꢒꢶꢥꢶ ꢒꢬꣁ,vikkini karo'
ꢂꢩꢾꢒ꣄ꢯꢒꣁ,abhe'kshako'
ꢂꢩꢾꢒ꣄ꢰꢸ,abhe'kshu
ꢒꢵꢪ꣄ ꢲꢶꢨ꣄ꢨꢜ꣄ꢠꢶ,kaam hibbat'ni
ꢒ꣄ꢬꢸꢰꢶ,krushi
ꢮꢶꢥ꣄ꢫꢵꢱ꣄,vinyaas
ꢭꣁꢒ ꢡꢥ꣄ꢡ꣄ꢬꢸ,lo'ka tantru
ꢦ꣄ꢬꢙꢵ ꢡꢥ꣄ꢡ꣄ꢬꢸ,prajaa tantru
ꢙꢥ ꢡꢥ꣄ꢡ꣄ꢬꢸ,jana tantru
ꢙꢥꢵꢣꢶꢦꢡꢶ,janaadipati
ꢏꢥ꣄ꢥꣁ,o'nno'
ꢂꢭ꣄ꢭꣁ,allo'
ꢤꢸꢬꢸꢳꢸ ꢪꢹꢳ꣄,dhurul'u mool'
ꢮꢖ꣄ꢔꢶ,vangi
ꢒꣀꢭꢒꢾꢱꢸꢬ꣄,kailake'sur
ꢩꢙ꣄ꢙꢶ,bhajji
ꢪꣁꢳ꣄꣄ꢒꢳ꣄꣄,mo'l'kal'
ꢤꢾꢫꢳꣁ,dhe'yal'o'
ꢒꢵꢬꢜ꣄,kaarat'
ꢙꢶꢥ꣄ꢥꢮ꣄ꢬꢾ,jinnavre'
ꢤꢥꢶꢫꣁ,dhaniyo'
ꢱꢾꢒ꣄ꢒꢬ꣄ꢒꢾꢳꢖ꣄ꢔꢸ,se'kkarke'l'angu
ꢓꣁꢮ꣄ꢳꣁ,kho'vl'o'
ꢩꣁꢮ꣄ꢳꣁ,bho'vl'o'
ꢱꢸꢬꢠ꣄,suran
ꢱꢿꢦꢪꢹꢳ꣄,sepamool'
ꢡꢒ꣄ꢒꢵꢭꢶ,takkaali
ꢗꣁꢮ꣄ꢳꣁ,cho'vl'o'
ꢂꢪ꣄ꢨ꣄ꢳꣁ,ambl'o'
ꢒꢗ꣄ꢗꢾ ꢪꢶꢬꢶꢒ꣄ꢒꣀꢭꣁ,kachche' mirikkailo'
ꢦꢜ꣄ꢜꢵꢠꢶ,pat't'aani
ꢦꣁꢱ꣄ꢒꢵꢫ꣄,po'skaay
ꢒꢭ꣄ꢭꣁ,kallo'
ꢮꢣꢸꢥꢵ ꢩꢙ꣄ꢙꢶ,vadunaa bhajji
ꢦꣁꢜ꣄ꢔꢸꢭꣁ,po't'gulo'
ꢒꢵꢭꢶꢧꢶꢳꢮꢬ꣄,kaaliphil'avar
ꢓꢾꢮ꣄ꢭꣁ,khe'vlo'
ꢭꣁꢱꢥ꣄,lo'san
ꢒꣃꢭꢒꢾꢱꢸꢬ꣄,kaulake'sur
ꢗꢾꢒ꣄ꢒꢬ꣄ ꢒꢶꢳꢖ꣄ꢔꢸ,che'kkar kil'angu
ꢃꢭ꣄ꢮꢳꢶꢒ꣄ ꢒꢶꢳꢖ꣄ꢒꢸꢮ꣄,aalval'ik kil'ankuv
ꢒꢗ꣄ꢗꢪ꣄ꢨꣁ,kachchambo'
ꢪꢸꢜ꣄ꢜꣀꢒꣂꢱ꣄,mut't'aikos
ꢱꢾꢮ꣄ꢒꢵ ꢒꣀꢭꣁ,se'vkaa kailo'
ꢪꢸꢳꣁ,mul'o'
ꢒꢗ꣄ꢗꢾꢒꢾꢳꣁ,kachche'ke'l'o'
ꢩꢾꢠ꣄ꢞꢶꢒꣀꢭꣁ,bhe'nd'ikailo'
ꢂꢔꢱ꣄ꢡꢶꢬ꣄,agastir
ꢮꢭ꣄ꢒꣁ,valko'
ꢂꢪꢵꢱ꣄,amaas
ꢮꢬꢵ ꢒꢵꢭ꣄,varaa kaal
ꢱꢨ꣄ꢣꢸ,sabdu
ꢦ꣄ꢬꢒꢵꢰ꣄,prakaash
ꢮꢵꢡꢵꢮꢬꢥ꣄,vaataavaran
ꢮꢿꢳ꣄꣄,vel'
ꢒꢵꢭ꣄,kaal
ꢲꢶꢪꢸꢱ꣄,himus
ꢲꢶꢪ꣄ꢳꣁ,himl'o'
ꢲꢶꢪꢸꢱꢹ ꢒꢵꢭ꣄,himusoo kaal
ꢲꢹꢥꢸꢒꢵꢭ꣄,hoonukaal
ꢔ꣄ꢬꢷꢰ꣄ꢪ ꢒꢵꢭ꣄,greeshma kaal
ꢲꢹꢥ꣄ꢥꣁ,hoonno'
ꢱꢶꢳ꣄ꢳꣁ,sil'l'o'
ꢯꢷꢡꢳ꣄,sheetal'
ꢱꢷꢡꣂꢰ꣄ꢠꣁ,seetoshno'
ꢪꢸꢒꢸꢭ꣄ ꢮꢬꣁ,mukul varo'
ꢬꢸꢡꢸ,rutu
ꢬꢸꢡꢸ ꢦꣁꢮ꣄ꢱ꣄,rutu po'vs
ꢲꢶꢪꢸꢱ꣄ꢒꢵꢭ꣄,himuskaal
ꢲꢸꢪꢳꣁ,humal'o'
ꢦꢸꢠ꣄ꢠꢶꢪ꣄,punnim
ꢦꢹꢬ꣄ꢠꢶꢪꣁ,poornimo'
ꢮꢱꢥ꣄ꢡ ꢒꢵꢭ꣄,vasanta kaal
ꢮꢱꢥ꣄ꢡ ꢬꢸꢡꢸ,vasanta rutu
ꢏꢱ꣄ꢡꢵ ꢮꢬꣁ,o'staa varo'
ꢲꢸꢥ꣄ꢥꣁ,hunno'
ꢲꢹꢥꢸ ꢒꢵꢭ꣄,hoonu kaal
ꢔ꣄ꢬꢷꢰ꣄ꢪ ꢬꢸꢡꢸ,greeshma rutu
ꢂꢪ꣄ꢪꣁ,ammo'
ꢓꢮ꣄ꢙꢵꢮ꣄,khavjaav
ꢓꢵꢱ꣄,khaas
ꢗꢶꢥꢲꢸ,chinahu
ꢧꢜꢶꢥꢶ,phat'ini
ꢂꢙꢷꢬ꣄ꢥꢸ,ajeernu
ꢱꣃꢒ꣄ꢫꢪ꣄,saukyam
ꢂꢱ꣄ꢦꢡ꣄ꢡꢶꢬꢶ,aspattiri
ꢃꢱꢸ ꢩꢣ꣄ꢬꢶ,aasu bhadri
ꢓꣁꢮ꣄ꢭꣁ,kho'vlo'
ꢱꢮ꣄ꢬꢶꢫꢪ꣄,savriyam
ꢒꢾꢠ꣄ꢜꢵꢦꢷꢭ꣄,ke'nt'aapeel
ꢄꢥ꣄ꢒꢶꢥꢶ,inkini
ꢩꢸꢬꢸꢩꢸꢬꢵꢭ꣄,bhurubhuraal
ꢦꢬꢸꢒꢾꢬ꣄ꢥꢶ,paruke'rni
ꢙꢵꢳ꣄,jaal'
ꢲꢜ꣄ꢒꣁ ꢪꢸꢞꢶꢥꢶ,hat'ko' mud'ini
ꢲꣁꢥꢵꢱ꣄ꢡꢾ,ho'naaste'
ꢗꢾꢬ꣄ꢥꢵꢱ꣄ꢡꢾ,che'rnaaste'
ꢤꢾꢬ꣄ꢥꢵꢱ꣄ꢡꢾ,dhe'rnaaste'
ꢮꢪꢶ,vami
ꢏꢔꢬꢶ,o'gari
ꢮꢵꢥ꣄ꢣꢶ,vaandi
ꢬꢾꢔꢡ꣄ ꢔꢾꢳ꣄꣄ꢥꢶ,re'gat ge'l'ni
ꢣꣁꢳꢵ ꢣꢸꢮ꣄ꢥꣁ,do'l'aa duvno'
ꢔꢾꢬꢳ꣄,ge'ral'
ꢔꢬ꣄ꢩꢸ ꢲꢵꢥꢶ,garbhu haani
ꢔꢬ꣄ꢩꢸ ꢥꢶꢬꣁꢣ꣄,garbhu niro'd
ꢭꢮꢥ꣄ ꢲꣁꢔꢡ꣄,lavan ho'gat
ꢱꢷꢥ꣄,seen
ꢲꢜ꣄ꢒꣂ ꢡꢶꢙꢫ꣄ꢥꢶ,hat'ko tijayni
ꢒꢵꢥꢸ꣄ ꢣꢸꢮ꣄ꢥꣁ,kaanu duvno'
ꢒꢪꢵꢭ꣄,kamaal
ꢃꢖ꣄ꢔꢸ ꢲꢸꢥ꣄ꢥꣁ,aangu hunno'
ꢡꢵꢦ꣄,taap
ꢦꢵꢄ~ ꢃꢠꢶ,paai~ aani
ꢒꢺꢪꢶ ꢥꢵꢱꢶꢥꢶ,kri'mi naasini
ꢦꢶꢱꣁ,piso'
ꢂꢥ꣄ꢡ꣄ꢬꢵꢪꢸ ꢓꢙ꣄ꢙꢸ,antraamu khajju
ꢮꢵꢪꢶ,vaami
ꢔꣁꢳꢶ,go'l'i
ꢦꢷꢦ꣄,peep
ꢦꣁꢜ꣄ꢱꢾ,po't'se'
ꢱꢶꢒꢶꢡ꣄ꢱꣁ,sikitso'
ꢓꢙ꣄ꢙꢸ,khajju
ꢣꢾꢮꢶ,de'vi
ꢪꢭꢦ꣄ꢬꢮꢵꢲꢪ꣄,malapravaaham
ꢦꢷꢦꢸ ꢔꢾꢞ꣄ꢞꣁ,peepu ge'd'd'o'
ꢄꢠ꣄ꢒꢶꢥꢶ,inkini
ꢱꢾꢮꢒꢷ,se'vakee
ꢱꢸꢱ꣄ꢬꢸꢱꣁ ꢒꢾꢬ꣄ꢥꢵꢬ꣄,susruso' ke'rnaar
ꢓꢵꢱ꣄ꢦꣁꢜ꣄ꢜꢸ,khaaspo't't'u
ꢓꢵꢱ꣄ꢓꢙ꣄ꢙꢸ,khaaskhajju
ꢧꢸꢔ꣄ꢥꢶ,phugni
ꢙꢵꢒ꣄ꢬꢡ ꢱꢶꢮꢶ ꢲꣁꢒꢡ꣄,jaakrata sivi ho'kat
ꢙꢵꢒ꣄ꢬꢡ ꢲꣁꢒꢡ꣄,jaakrata ho'kat
ꢣꣁꢱ꣄ꢒꢵ ꢣꢸꢮ꣄ꢥꣁ,do'skaa duvno'
ꢱꢶꢔꢶꢬ꣄,sigir
ꢱꢶꢔꢸꢬ꣄,sigur
ꢱꢷꢒ꣄,seek
ꢱꢶꢮ꣄ꢥꢶ,sivni
ꢡꢾꢫ꣄ꢭ꣄,te'yl
ꢬꣁꢔ꣄ ꢦꢾꢬ꣄ꢦꢶꢥꢶ,ro'g pe'rpini
ꢤꢾꢭ꣄ꢥꢶ ꢮ꣄ꢫꢵꢤꢶ,dhe'lni vyaadhi
ꢒꢾꢠ꣄ꢞꢵ ꢬꣂꢒ꣄,ke'nd'aa rok
ꢱꢾꢒ꣄ꢒꢬꢸ ꢒꣁꢳꢵꢬ꣄,se'kkaru ko'l'aar
ꢮꢶꢫꢵꢣꢶꢱ꣄ꢢꢸ,viyaadisthu
ꢬꣂꢔꢶ,rogi
ꢬꣂꢔ꣄ ꢔ꣄ꢬꢱ꣄ꢡꢶ,rog grasti
ꢣꢸꢮ꣄ꢥꣁ,duvno'
ꢦꢬ꣄ꢱ ꢮꢵꢫꢸ,parsa vaayu
ꢦꢵꢬ꣄ꢱ꣄ꢮ ꢮꢵꢫꢸ,paarsva vaayu
ꢒꢶꢜꢵꢗꢸꢜ꣄ꢜꢸ,kit'aachut't'u
ꢪꣁꢞ꣄ꢪꢾ,mo'd'me'
ꢪꣁꢠ꣄ꢪꢾ,mo'nme'
ꢣꢵꢣꢸ ꢣꢸꢮ꣄ꢥꣁ,daadu duvno'
ꢣꢵꢣꢸ ꢦꣁꢭ꣄ꢭꢪ꣄,daadu po'llam
ꢦꢾꢫ꣄ꢡ꣄ꢡꢸ,pe'yttu
ꢙꢬ꣄ꢒꢾꢪ꣄,jarke'm
ꢙꢬ꣄ꢒꢾꢪꢸꢣꢸꢮ꣄ꢥꣁ,jarke'muduvno'
ꢦꢭ꣄ꢭꢶꢥꢶ ꢣꢸꢮ꣄ꢥꣁ,pallini duvno'
ꢦ꣄ꢬꢱꢮ ꢮꢾꢣꢥꣁ,prasava ve'dano'
ꢆꢦꢩꢵꢤꣁ,upabhaadho'
ꢆꢨꢵꢤꢒꣁ,ubaadhako'
ꢆꢦꢵꢤꣁ,upaadho'
ꢧꢭ꣄ꢗꢵ ꢨꢵꢤꣁ,phalchaa baadho'
ꢗꢸꢠ꣄ꢜꢸꢭ꣄,chunt'ul
ꢭꢷꢒ꣄,leek
ꢪꣁꢱ꣄ꢒꢭ꣄,mo'skal
ꢪꢾꢖ꣄ꢒꢶꢥꢶ,me'nkini
ꢮꣀꢣ꣄ꢫꢪ꣄,vaidyam
ꢮꢣ꣄ꢫ ꢯꢵꢭꣁ,vadya shaalo'
ꢪꢭ ꢨꢥ꣄ꢤꢪ꣄,mala bandham
ꢪꣁꢥ꣄ꢥꢸ ꢒꣁꢳꢵꢬ꣄,mo'nnu ko'l'aar
ꢩꢬꢵꢜ꣄ ꢦꢶꢱꢡ꣄ꢡꢾ,bharaat' pisatte'
ꢣꢹꢬ꣄ ꢬꢴꢥꢶ,door rhani
ꢲꢿꢪꢸ ꢣꢸꢮ꣄ꢥꣁ,hemu duvno'
ꢔꢸꢠ꣄ꢜꢾꢪ꣄ ꢕꢵꢪ꣄,gunt'e'm ghaam
ꢧꣀꢭꣁ ꢏꢫ꣄ꢡꢦ꣄ꢦꢥ꣄,phailo' o'ytappan
ꢪꢸꢞ꣄꣄ꢥꢶ,mud'ni
ꢔꢸꢞ꣄꣄ꢒꢵꢪ꣄ ꢣꢸꢮ꣄ꢥꣁ,gud'kaam duvno'
ꢪꢹꢭꢪꢸ ꢒꣁꢳꢵꢬ꣄,moolamu ko'l'aar
ꢬꢾꢔꢡ꣄ ꢮꢿꢔ꣄,re'gat veg
ꢬꣁꢪꢣꢸ ꢨꢶꢱ꣄ꢱꣁ,ro'madu bisso'
ꢬꢾꢔꢡꢸ ꢲꢷꢥ꣄,re'gatu heen
ꢭꢿꢒꢶꢫꢪ꣄,lekiyam
ꢮꢭꢶꢮ꣄,valiv
ꢪꣁꢳꢶꢶ ꢣꢸꢮ꣄ꢥꣁ,mo'l'ii duvno'
ꢪꢸꢭꢪꢸꢒ꣄ ꢒꣁꢳꢵꢬ꣄,mulamuk ko'l'aar
ꢮꢪ꣄ꢥꢶ,vamni
ꢡꣂꢠꢹꢓꢙ꣄ꢙꢸ,tonookhajju
ꢮꢵꢫꢹ,vaayoo
ꢄꢱ꣄ꢒꢶ,iski
ꢱꢹꢡ꣄,soot
ꢨꢸꢬꢸꢞꣁ,burud'o'
ꢨꢵꢣꣁ,baado'
ꢲꢶꢬ,hira
ꢥꢡ꣄ꢡꢭ꣄,nattal
ꢒꣁꢪ꣄ꢨꢳꢮꢥꢶ,ko'mbal'avani
ꢒꣁꢪ꣄ꢨꢳ ꢦꣁꢭ꣄ꢱꣁ,ko'mbal'a po'lso'
ꢙꢾꢪ꣄ꢨ꣄ꢳ,je'mbl'a
ꢒꢳꣁ,kal'o'
ꢥꢶꢳꣁ,nil'o'
ꢕꢾꢞꢶ ꢦꣁꢭ꣄ꢱꣁ,ghe'd'i po'lso'
ꢒꢳ,kal'a
ꢒꢵꢰ꣄ꢜꢸ,kaasht'u
ꢬꢪꢵ ꢦꣁꢭ꣄ꢱꣁ,ramaa po'lso'
ꢱꢶꢬ꣄ꢒ꣄ꢒꢥ꣄,sirkkan
ꢤꢹꢪ꣄ꢮꢥꢶ,dhoomvani
ꢭꢴꣁꢮ꣄ꢮꣁ,lho'vvo'
ꢮꢥꢶ,vani
ꢯ꣄꣄ꢫꢵꢪꣁ,shyaamo'
ꢥꢶꢭ,nila
ꢦꣁꢭ꣄ꢱꣁ,po'lso'
ꢂꢳ꣄ꢞꢸꢥꣁ,al'd'uno'
ꢆꢙꢵꢳ꣄,ujaal'
ꢂꢦꢱꢾꢔꢸꢥ꣄,apase'gun
ꢂꢪꢖ꣄ꢒꢭꢸ,amankalu
ꢪꢖ꣄ꢔꢭ ꢲꢶꢥ꣄,mangala hin
ꢨꣁꢮ꣄ꢥꢶ ꢦꢡ꣄ꢬꢶꢒꣁ,bo'vni patriko'
ꢱ꣄ꢮꢵꢔꢡ ꢦꢡ꣄ꢬꢶꢒꣁ,svaagata patriko'
ꢥꢶꢪꢥ꣄ꢡ꣄ꢬꢥ ꢦꢡ꣄ꢬꢶꢒꣁ,nimantrana patriko'
ꢨꣁꢮ꣄ꢥꢶ,bo'vni
ꢂꢗꢵꢬ꣄,achaar
ꢣꢷꢮꢥꣁ,deevano'
ꢃꢱꢶꢬ꣄ꢮꢵꢣ꣄,aasirvaad
ꢆꢦꢮꢵꢱ꣄,upavaas
ꢏꢔꢡ꣄,o'gat
ꢔꣁꢬꢸ ꢤꢾꢬ꣄ꢥꢶ,go'ru dhe'rni
ꢣꣁꢳꢵ ꢣꢶꢰ꣄ꢜꢶ,do'l'aa disht'i
ꢣꢺꢰ꣄ꢜꢶ,dri'sht'i
ꢣꣁꢭ ꢦꣁꢞꢱ꣄ꢡꢾ,do'la po'd'aste'
ꢲꣁꢬꢵꢜ꣄,ho'raat'
ꢮꢶꢮꢵꢲꣁ,vivaaho'
ꢦꢵꢠꢶ ꢔꢺꢲꢠꣁ,paani gri'hano'
ꢙꣁꢮꢳ꣄꣄,jo'val'
ꢒꢵꢥ꣄ ꢮꢶ,kaan vi
ꢪ ꢶꢥ꣄ꢡꢶꢥꢶ,ma intini
ꢪꢴꢹꢬ꣄ꢡꢸ ꢓꢵꢪ꣄ꢦꢸ ꢱ꣄ꢢꢵꢦꢥꣁ,mhoortu khaampu sthaapano'
ꢒꢸꢭ ꢮꣁꢕꢭꢱ꣄ꢡꢾ,kula vo'ghalaste'
ꢚꢠ꣄ꢞꢮ꣄ ꢲꢶꢖ꣄ꢔꢞ꣄ꢠꢶ,jhand'av hingad'ni
ꢪꢸꢔ꣄ꢔꢸ,muggu
ꢱꢾꢔꢸꢥ꣄,se'gun
ꢱꢪ꣄ꢱ꣄ꢒꢵꢬ꣄,samskaar
ꢱꢶꢬ꣄ꢒ꣄ꢒꢠꢸ ꢂꢪ꣄ꢨꢶꢭ꣄,sirkkanu ambil
ꢦ꣄ꢬꢿꢣꢸꢒ꣄ ꢔꢞ꣄ꢠꢶ,preduk gad'ni
ꢦ꣄ꢬꢾꢡ꣄ ꢢꣁꢮꢥ꣄ ꢱ꣄ꢢꢵꢥ꣄,pre't tho'van sthaan
ꢦ꣄ꢬꢾꢣꢸꢦꣁꢭ꣄ꢭꢪ꣄,pre'dupo'llam
ꢦ꣄ꢬꢾꢣꢸ ꢔꢬ꣄ꢡꣁ,pre'du garto'
ꢦ꣄ꢬꢾꢣꢸꢦꢾꢞꢶ,pre'dupe'd'i
ꢩꣁꢬꢠꢶ,bho'rani
ꢱꢶꢥ꣄ꢣꢪ꣄,sindam
ꢱꢶꢔ꣄ꢬꢪ꣄,sigram
ꢦꣁꢭꣁ,po'lo'
ꢛꢵꢥꢱ꣄ꢥꢵꢥ꣄,nyaanasnaan
ꢣꢲꢥꣁ,dahano'
ꢡꢒ꣄ꢰ꣄ꢠꣁ,takshno'
ꢡꢪ꣄ꢦꢡꢶ,tampati
ꢭꢾꢗ꣄ꢗꢾ,le'chche'
ꢣꣁꢬꢶꢪ꣄ ꢨꣁꢜ꣄ꢜꢸ,do'rim bo't't'u
ꢪꢵꢖ꣄ꢔꢭ꣄ꢫꢸ,maangalyu
ꢨꣁꢜ꣄ꢜꢸ ꢩꢥ꣄ꢣꢶ,bo't't'u bhandi
ꢲꣁꢬꢵꢜꢸ ꢱꢶꢔ꣄ꢬꢪ꣄,ho'raat'u sigram
ꢲꣁꢬꢵꢜꢸ ꢩꣁꢔꢸꢪꢵꢥꢶ,ho'raat'u bho'gumaani
ꢲꣁꢬꢵꢜꢸ ꢪꢠ꣄ꢣꢦ꣄,ho'raat'u mandap
ꢡꢶꢥ꣄ꢥꢵꢳ꣄꣄,tinnaal'
ꢱꢸꢦ ꢮꣀꢩꢮ꣄,supa vaibhav
ꢱꢾꢥ꣄ꢥꢸ,se'nnu
ꢡꢶꢥ꣄ꢥꢵꢳ꣄,tinnaal'
ꢬꢾꢡ꣄ꢡꢸꢱꢾꢥ꣄ꢥꢸ,re'ttuse'nnu
ꢩꢶꢠ꣄ꢞꢶꢥꢶ,bhind'ini
ꢥꣁꢪ꣄ꢒꢾ,no'mke'
ꢱ꣄ꢮꢵꢔꢡꣁ,svaagato'
ꢡꢸꢜ꣄ꢫꢵꢥꢸ ꢲꣁꢬꢵꢜ꣄,tut'yaanu ho'raat'
ꢕꢾꢜ꣄ꢜꢶꢮꢶꢞꣁ,ghe't't'ivid'o'
ꢣꢿꢱ꣄,des
ꢨꢠꢵꢭ꣄,banaal
ꢦꣁꢜ꣄ꢜꢵꢱ꣄,po't't'aas
ꢱꢪ꣄ꢱ꣄ꢒꢺꢡꢶ,samskri'ti
ꢪꢮ꣄ꢞꣁ,mavd'o'
ꢦꢵꢡꢶ,paati
ꢦꢖ꣄ꢒ꣄ꢡꢶ,pankti
ꢩꣁꢔꢸꢪꢵꢥ꣄,bho'gumaan
ꢨꣁꢭꢶ,bo'li
ꢬꣂꢙꢵ ꢧꢹꢭꢸꢦꢥꢶ,rojaa phoolupani
ꢦꢥ꣄ꢥꢷꢬ꣄ ꢓꢸꢪ꣄ꢨꢵꢮ꣄,panneer khumbaav
ꢦꢵꢞꣁ,paad'o'
ꢣꢹꢡ ꣄ꢲꢸꢥ꣄ꢥꣁ ꢒꢾꢬꢱ꣄ꢡꢾ,doota hunno' ke'raste'
ꢣꢹꢡ꣄ ꢡꢮꢱ꣄ꢡꢾ,doot tavaste'
ꢦꢶꢠ꣄ꢞꢸ,pind'u
ꢆꢙꢾꢣꢶꢮꢱ꣄,uje'divas
ꢆꢙꢾ ꢣꢶꢥ꣄ꢥꢸ,uje' dinnu
ꢧꢹꢭꢸ ꢪꢸꢔ꣄ꢔꢸ,phoolu muggu
ꢔꢺꢲ ꢦ꣄ꢬꢮꢿꢱ꣄,gri'ha praves
ꢦꢸꢬꣁꢲꢶꢡ꣄,puro'hit
ꢦꢸꢬꢾꢡ꣄,pure't
ꢦꢸꢙꢬꢶ,pujari
ꢗꢵꢭꢸ ꢮꢶꢱꢾꢯ꣄,chaalu vise'sh
ꢨꢾꢜ꣄ꢒꢶ ꢱꢵꢱ꣄ꢡꢾ,be't'ki saaste'
ꢥꢵꢪꢔꢬꢠꣁ,naamagarano'
ꢱꢾꢜ꣄ꢜꢶ,se't't'i
ꢲꣁꢬꢵꢜꢸꢪꢮ꣄ꢞꣁ,ho'raat'umavd'o'
ꢥꣁꢮ꣄ꢬꢶ,no'vri
ꢥꣁꢮ꣄ꢬꣁ,no'vro'
ꢲꣁꢬꢵꢜꢸ ꢲꢵꢬ,ho'raat'u haara
ꢲꣁꢬꢵꢜꢸ ꢦꢷꢝꢪ꣄,ho'raat'u peet'ham
ꢦꢣ꣄ꢣꢣꢶ,paddadi
ꢮꢡ꣄ꢒꢾ,vatke'
ꢦꢸꢥꢬ꣄ꢙꢾꢥ꣄ꢪꢸ,punarje'nmu
ꢦꢷꢞꢸꢪꢸꢔ꣄ꢔꢸ,peed'umuggu
ꢲꢵꢬ꣄ꢧꢶꢬꢶꢕꢭ꣄ꢭꢶꢥꢶ,haarphirighallini
ꢪꢵꢭꣁ ꢪꢗ꣄ꢗꢸꢭꢱ꣄ꢡꢾ,maalo' machchulaste'
ꢦꢵꢄ~ ꢪꢸꢣ꣄ꢣꢶ,paai~ muddi
ꢮꢶꢛ꣄ꢗꢸ ꢨꣁꢜ꣄ꢜꢸ,vinchu bo't't'u
ꢒꢾꢥ꣄ꢥꢭ꣄,ke'nnal
ꢪꢸꢣ꣄ꢣꢶꢪꢬ꣄ꢗꢸꢭꢱ꣄ꢡꢾ,muddimarchulaste'
ꢪꢴꢹꢬ꣄ꢡꢸ,mhoortu
ꢭꢾꢔꢶꢥ꣄,le'gin
ꢪꢴꢸꢞꢨꢶꢠ꣄ꢞꢶꢥꢶ,mhud'abind'ini
ꢱ꣄ꢮꢵꢔꢣ꣄,svaagad
ꢒꣀꢥꣁ ꢧꢶꢬꢞ꣄ꢥꢶ,kaino' phirad'ni
ꢡꢥ꣄ꢣꢸ ꢡꣀꢥꢶ,tandu taini
ꢥꢥ꣄ꢣꢶꢥꢶ,nandini
ꢙꣁꢪꢥ꣄,jo'man
ꢔꣁꢬꢸ ꢆꢞ꣄ꢔꢠ꣄ꢠꢶ,go'ru ud'ganni
ꢙꢬ꣄,jar
ꢡ꣄ꢒꢾꢪ꣄ ꢦꢵꢥ꣄,tke'm paan
ꢂꢞꢸꢪꢹꢳ꣄,ad'umool'
ꢬꢿꢒ꣄,rek
ꢣꢳꣁ,dal'o'
ꢦꢵꢥ꣄,paan
ꢦꢵꢥꢸꢥꢾꢬꢪ꣄,paanune'ram
ꢔꢾꢠꢸꢒ꣄,ge'nuk
ꢭꢫ꣄ꢞꣁ,layd'o'
ꢭꢔꢸꢞꣁ,lagud'o'
ꢥꢴꢥ꣄ ꢚꢜ꣄ꢒꢶ,nhan jhat'ki
ꢦꣁꢳ꣄ꢳꣁ,po'l'l'o'
ꢦꢳ꣄ꢳꣁ,pal'l'o'
ꢒꢵꢪ꣄ꢨꢸ,kaambu
ꢡꢵꢠ꣄,taan
ꢒꢫ꣄ꢭꣁ,kaylo'
ꢔꢾꢙ꣄ꢙꢥꢵ ꢚꢵꢜ꣄,ge'jjanaa jhaat'
ꢯꢵꢔꣁ,shaago'
ꢒꣁꢪ꣄ꢨꢸꢳꣁ ꢦꢵꢥ꣄,ko'mbul'o' paan
ꢦꣁꢱ꣄ꢒꢾ,po'ske'
ꢔꢸꢳ꣄꣄ꢪꣁ,gul'mo'
ꢮꢶꢡ꣄ꢡꢸ,vittu
ꢨꢷꢒ꣄,beek
ꢚꢳ꣄ꢳꣁ,jhal'l'o'
ꢮꢿꢭ꣄,vel
ꢒꣁꢪ꣄ꢪꣁ,ko'mmo'
ꢱꢾꢒ꣄ꢒꢬ꣄ ꢒꢾꢳꢖ꣄ꢔꢸ,se'kkar ke'l'angu
ꢔꣂꢠ꣄꣄,gon
ꢔꣂꢥ꣄,gon
ꢡꢵꢡꢸꢪꢹꢳ꣄,taatumool'
ꢗꢾꢡ꣄ꢡꣁ,che'tto'
ꢚꢜ꣄ꢒꢶ,jhat'ki
ꢨꣁꢥ꣄ꢣꢿ,bo'nde
ꢓꢜ꣄ꢜꢶ,khat't'i
ꢪꢸꢒꢸꢭꢸ ꢦꢵꢥ꣄,mukulu paan
ꢗꢶꢒꢸꢬ꣄,chikur
ꢂꢖ꣄ꢒꢸꢬ꣄,ankur
ꢢꣁꢳ꣄꣄ꢗꢶ,tho'l'chi
ꢗꢵꢫ꣄ꢦꢵꢥ꣄,chaaypaan
ꢜꢷ ꢦꢵꢥ꣄,t'ee paan
ꢪꢫ꣄,may
ꢪꢤꢸ,madhu
ꢡꢾꢥꢾ,te'ne'
ꢣꢾꢙ꣄ꢙꢥꢵꢚꢵꢜ꣄,de'jjanaajhaat'
ꢱꢡꢶꢙꢵꢞ꣄,satijaad'
ꢥꢵꢡ꣄,naat
ꢦꢷꢙꢵꢖ꣄ꢒꢸꢬ꣄,peejaankur
ꢤꢹꢪ꣄ꢦꢵꢥ꣄,dhoompaan
ꢱꢵꢳꢸ ꢦꢾꢫꢶꢬ꣄,saal'u pe'yir
ꢱꢵꢳꢸ ꢆꢦꢙꢵꢮ꣄,saal'u upajaav
ꢦꢾꢫꢶꢬ꣄ ꢦꢠ꣄ꢜꣁ,pe'yir pant'o'
ꢆꢦꢙꢵꢮ꣄,upajaav
ꢨꢵꢛ꣄ꢙꢶ,baanji
ꢦꢶꢥ꣄ꢣꣁ,pindo'
ꢨꢾꢡ꣄ꢡꢪ꣄ ꢮꢳ꣄ꢜꢶ,be'ttam val't'i
ꢦꣁꢣꢬ꣄,po'dar
ꢲꢬꢳꢶ,haral'i
ꢧꢸꢭ꣄,phul
ꢧꢸꢭꢶ ꢚꢜ꣄ꢒꢶ,phuli jhat'ki
ꢃꢳ꣄ꢮꢥꢶ ꢒꢾꢳꢖ꣄ꢔꢸ,aal'vani ke'l'angu
ꢓꢜꣁ,khat'o'
ꢪꣁꢭ꣄ꢒꣁ,mo'lko'
ꢂꢖ꣄ꢒ꣄ꢬꣁ,ankro'
ꢨꣁꢖ꣄ꢔꢸ,bo'ngu
ꢪꢸꢔꢸꢭ꣄,mugul
ꢪꢹꢳꢸꢒꢾꢳ꣄,mool'uke'l'
ꢒꢿꢳꢸ ꢚꢵꢞ꣄,kel'u jhaad'
ꢪꢹꢭ꣄,mool
ꢆꢪ꣄ꢨ꣄ꢳꢵ ꢚꢵꢜ꣄,umbl'aa jhaat'
ꢦꢶꢪ꣄ꢦꢭ꣄ ꢚꢵꢜ꣄,pimpal jhaat'
ꢐꢞ ꢚꢵꢜ꣄,od'a jhaat'
ꢪꢸꢱꢸꢠ꣄ꢞꢶꢚꢵꢜ꣄,musund'ijhaat'
ꢚꢥ꣄ꢥꢶ,jhanni
ꢚꢠ꣄ꢠꢶ,jhanni
ꢭꢶꢪ꣄ꢨꢸ,limbu
ꢦꢬꢸꢠ꣄ꢞꣁ,parund'o'
ꢦꢶꢒ꣄ꢒꢾ ꢮꢾꢥ꣄ꢥꢸ,pikke' ve'nnu
ꢲꢦ꣄ꢦꢭꢸꢚꢵꢜ꣄,happalujhaat'
ꢮꢶꢬ꣄ꢡꢵꢮꢸ ꢦꣁꢱ꣄ꢒꢾ,virtaavu po'ske'
ꢒꢾꢬ꣄ꢦꢵꢮꢸ ꢦꢵꢥ꣄,ke'rpaavu paan
ꢱꢵꢓꣁ,saakho'
ꢄꢪ꣄ꢨꢸꢳꣁ,imbul'o'
ꢬꢵꢠꢸ ꢆꢳꢵ ꢧꢹꢭ꣄,raanu ul'aa phool
ꢥꢬꢳꢸ ꢥꢵꢬ꣄,naral'u naar
ꢪꢒꢬꢥ꣄ꢡ ꢓꣁꢭ꣄ꢜꢶ,makaranta kho'lt'i
ꢤꢾꢫ꣄ꢳꣁ,dhe'yl'o'
ꢥꢬꢳꢸ ꢚꢵꢃꢜ꣄,naral'u jhaaaat'
ꢡꢿꢒ꣄ꢒꢸ ꢚꢵꢜ꣄,tekku jhaat'
ꢣꣁꢮ꣄ꢞꣁ,do'vd'o'
ꢮꢭ꣄ꢒꢭꣁ,valkalo'
ꢦꢜ꣄ꢜꢾ,pat't'e'
ꢙꢾꢪ꣄ꢦꢸ ꢚꢵꢜ꣄,je'mpu jhaat'
ꢂꢪ꣄ꢨꢸꢳꢵ ꢚꢵꢜ꣄,ambul'aa jhaat'
ꢦꢦ꣄ꢦꢵꢳꢶꢶ ꢚꢵꢜ꣄,pappaal'ii jhaat'
ꢦꣁꢥ꣄ꢥꢶꢱꢸ ꢚꢵꢜ꣄,po'nnisu jhaat'
ꢡꢵꢞꢶ ꢚꢵꢜ꣄,taad'i jhaat'
ꢲꢦ꣄ꢦꢳꢸ ꢚꢵꢜ꣄,happal'u jhaat'
ꢒꢵꢥꢸ ꢚꢵꢜ꣄,kaanu jhaat'
ꢡꢪꢵꢭ ꢚꢵꢜ꣄,tamaala jhaat'
ꢗꢷꢱꢸ꣄ ꢚꢵꢜ꣄,cheesu jhaat'
ꢓꢱ꣄ꢭꣁ,khaslo'
ꢚꢵꢜꢸ ꢬꢾꢥ꣄ꢡꢸ,jhaat'u re'ntu
ꢕꢸꢮ꣄ꢮꣁ,ghuvvo'
ꢚꢵꢜ꣄,jhaat'
ꢒꢗ꣄ꢗꢪ꣄ꢨꢵ ꢚꢵꢜ꣄,kachchambaa jhaat'
ꢪꢸꢥ꣄ꢣꢶꢬꢶ ꢚꢵꢜ꣄,mundiri jhaat'
ꢱꢾꢮ꣄ꢒꢵ ꢚꢵꢜ꣄,se'vkaa jhaat'
ꢨꣁꢖ꣄ꢔꢸ ꢚꢵꢜ꣄,bo'ngu jhaat'
ꢭꢷꢪꢸ ꢚꢵꢜ꣄,leemu jhaat'
ꢭꢾꢔꢸꢡ꣄ꢡꢵ ꢣꢶꢥ꣄ꢥꢸ,le'guttaa dinnu
ꢲꢣ꣄ꢣꢸꢬꢵꢡ꣄,hadduraat
ꢡꢾꢥ꣄ꢣꢸꢱ꣄,te'ndus
ꢏꢬ꣄ꢱꢸ,o'rsu
ꢬꢵꢡ꣄,raat
ꢬꢵꢣꢶ,raadi
ꢲꢶꢥ꣄ꢣꣁ,hindo'
ꢒꣂꢥ꣄ꢫ ꢣꢶꢥ꣄ꢥꢸ,konya dinnu
ꢒꢵꢭꢸ,kaalu
ꢮꢿꢳ꣄,vel'
ꢧꢭ꣄ꢡꢶ ꢧꢵꢬ꣄,phalti phaar
ꢱꣁꢳ ꢶꢧꢵꢬ꣄,so'l'a iphaar
ꢧꣀꢭ ꢧꢵꢬ꣄,phaila phaar
ꢣꢶꢥ꣄ꢥꢸ,dinnu
ꢮꢵꢬ꣄,vaar
ꢱꢔꢨ꣄꣄ꢡꢸ,sagabtu
ꢮꢷꢳ꣄ ꢮꢾꢳꢸ,veel' ve'l'u
ꢮꢷꢳ꣄ ꢱꢾꢥ꣄ꢣꢸꢭꣁ,veel' se'ndulo'
ꢪꢴꢞꣁ,mhad'o'
ꢣꢶꢥꢵꢖ꣄ꢒꢸ,dinaanku
ꢣꢷꢱ꣄,dees
ꢱꣁꢥ꣄ꢣꣁ,so'ndo'
ꢦꣁꢬꢪ꣄,po'ram
ꢥꢶꢪꢸꢰ꣄,nimush
ꢱꣂꢮꢸ ꢏꢬ꣄ꢱꢸ,sovu o'rsu
ꢱꢡꢵꢨ꣄ꢣꢶ,sataabdi
ꢕꢾꢞꢶ,ghe'd'i
ꢤꢸꢧꢵꢬꢶ,dhuphaari
ꢂꢜ꣄ꢜꢵꢱ꣄,at't'aas
ꢮꢾꢳ꣄꣄,ve'l'
ꢥꢶꢪꢸꢱ꣄,nimus
ꢣꢸꢱꢸꢬꢥ꣄ꢣꢶ,dusurandi
ꢣꢸꢱ꣄ꢬꢥ꣄ꢣꢶ,dusrandi
ꢪꢴꢜꣁ,mhat'o'
ꢮꢷꢳ꣄ꢜꣁ,veel't'o'
ꢧꣀꢭꢣꢷꢱ꣄,phailadees
ꢧꢭ꣄ꢡꢶꢧꢵꢬ꣄,phaltiphaar
ꢧꣀꢭꢧꢵꢬ꣄,phailaphaar
ꢱꣁꢞꢒ ꣄ꢕꢾꢞꢶ,so'd'aka ghe'd'i
ꢫꢸꢒꢪ꣄,yukam
ꢂꢫ꣄ꢡ꣄ꢮꢵꢬ꣄,aytvaar
ꢱꣁꢪ꣄ꢮꢵꢬ꣄,so'mvaar
ꢪꢖ꣄ꢔꢳ꣄ꢮꢵꢬ꣄,mangal'vaar
ꢨꢸꢤꢮꢵꢬ꣄,budhavaar
ꢨ꣄ꢬꢸꢲꢱ꣄ꢡꢮꢵꢬ꣄,bruhastavaar
ꢱꢸꢒ꣄ꢬꢮꢵꢬ꣄,sukravaar
ꢱꢾꢥꢶꢮꢵꢬ꣄,se'nivaar
ꢂꢣꢶꢪꢤꢸꢬꢪ꣄,adimadhuram
ꢡꢥ꣄ꢣꢸ,tandu
ꢍꢬꢠ꣄ꢞꣁ,erand'o'
ꢭꣁꢪ꣄ꢧꢹꢭ꣄,lo'mphool
ꢪꢷꢜ꣄,meet'
ꢆꢖ꣄ꢒꣁ,unko'
ꢣꢸꢱꣁ,duso'
ꢤꢹꢳ꣄꣄ꢪꢹꢳ꣄꣄,dhool'mool'
ꢒꢥ꣄ꢣꣁ,kando'
ꢆꢞꢶꢡ꣄,ud'it
ꢡꢿꢭ꣄,tel
ꢡꢷꢳ꣄꣄,teel'
ꢌꢭꣁ,e'lo'
ꢏꢪꣁ,o'mo'
ꢔꢱꢔꢱꢵꢭ꣄,gasagasaal
ꢗꢾꢥ꣄ꢥꣁ,che'nno'
ꢪꢴꢸꢬꢶ,mhuri
ꢭꢮꢖ꣄ꢔ ꢦꢜ꣄ꢜꣀ,lavanga pat't'ai
ꢓꢾꢠ꣄ꢞꢸ,khe'nd'u
ꢄꢒ꣄ꢱꢸꢔꢾꢞ꣄ꢞꣁ,iksuge'd'd'o'
ꢒꢸꢳꢶꢡ꣄,kul'it
ꢒꢵꢦꢶꢩꢸꢬ꣄ꢒꣁ,kaapibhurko'
ꢲꢶꢖ꣄ꢔꢸ,hingu
ꢒꢶꢱ꣄ꢪꢶꢱ꣄,kismis
ꢒꢸꢖ꣄ꢒꢸꢪ꣄ꢧꢸꢭ꣄,kunkumphul
ꢒꢾꢱꢬꢶ,ke'sari
ꢃꢬꢮꢭ꣄ꢭꢶ ꢩꢸꢬ꣄ꢒꣁ,aaravalli bhurko'
ꢬꢴꢔꢶ,rhagi
ꢒꢿꢱꢬꢶꢩꢸꢬ꣄ꢒꣁ,kesaribhurko'
ꢒꢗ꣄ꢗꢾꢥ꣄ꢥꣁ,kachche'nno'
ꢤꢥꢶꢫꢵ,dhaniyaa
ꢒꣁꢡ꣄ꢡꢪꢭ꣄ꢭꢶ,ko'ttamalli
ꢱꢸꢒ꣄ꢒꢾ ꢥꢬꢾꢭ꣄,sukke' nare'l
ꢕꣁꢪꢸ,gho'mu
ꢕꣂꢪ ꢡꢥ꣄ꢣꢸ,ghoma tandu
ꢱꢾꢒ꣄ꢒꢬ꣄,se'kkar
ꢥꢶꢳꢪ꣄,nil'am
ꢱꢶꢔꢵꢫ꣄ꢩꢸꢬ꣄ꢒꣁ,sigaaybhurko'
ꢙꢶꢬꣁ,jiro'
ꢗꢾꢒ꣄ꢒꢬ꣄ ꢒꢾꢳꢖ꣄ꢒꢸ,che'kkar ke'l'anku
ꢱꣁꢠ꣄ꢜꢶ,so'nt'i
ꢫꣂꢞ ꢪꢷꢜ꣄,yod'a meet'
ꢚꣁꢳ꣄ꢳꣁ,jho'l'l'o'
ꢒꣁꢠ꣄ꢞꣁ,ko'nd'o'
ꢤꣂꢬꢸꢨꢾꢳꣁ,dhorube'l'o'
ꢤꣂꢬ꣄,dhor
ꢥꢬꢸꢳꢸ ꢡꢾꢭ꣄,narul'u te'l
ꢜꢷ,t'ee
ꢗꣁꢒꢜ꣄ꢡꢾꢭ꣄,cho'kat'te'l
ꢩꣁꢄꢄ ꢗꢾꢥ꣄ꢥꣁ,bho'ii che'nno'
ꢒꢞꢭꢾ,kad'ale'
ꢱꢵꢭ꣄,saal
ꢨꢾꢳꣁ,be'l'o'
ꢱꢶꢱ꣄ꢭꣁ,sislo'
ꢂꢦ꣄ꢦꢳ꣄,appal'
ꢥꢶꢭꢪꢸ꣄ ꢨꢾꢳꣁ,nilamu be'l'o'
ꢨꢵꢣꢵꢪ꣄,baadaam
ꢨꢵꢬ꣄ꢭꢶ,baarli
ꢤꢸꢪ꣄ꢦꢵꢥ꣄,dhumpaan
ꢲꢸꢞ ꢡꢥ꣄ꢣꢸ,hud'a tandu
ꢗꢷꢱ꣄,chees
ꢪꢴꣁꢞ ꢙꢶꢬꣁ,mho'd'a jiro'
ꢲꢳꢡ꣄,hal'at
ꢣꢶꢔꢬꢪ꣄,digaram
ꢦꢷꢜ꣄,peet'
ꢪꢶꢬꢶ,miri
ꢒꢵꢙꢸ,kaaju
ꢒꢾꢥ꣄ꢥꢸ,ke'nnu
ꢬꢮꢾ,rave'
ꢱꣁꢙ꣄ꢙꢶ,so'jji
ꢦꢹꢱꢸ ꢪꢶꢬꢶ,poosu miri
ꢗꢫ꣄ꢭꢶ,chayli
ꢪꢶꢡ꣄ꢡꢶ,mitti
ꢔꢸꢳ꣄ꢳꢸ,gul'l'u
ꢔꢸꢞ꣄ꢳꢸ,gud'l'u
ꢙꢵꢡꢶ ꢒꢫ꣄ꢭꣁ,jaati kaylo'
ꢤꢸꢪ꣄ꢨꢸꢬꢵꢱ꣄ꢜꢸ,dhumburaast'u
ꢓꢙꢸꢬ꣄,khajur
ꢣꢫ꣄ꢬꣁ,dayro'
ꢣꢫ꣄ꢬ,dayra
ꢓꣃꢥꢱ꣄,khaunas
ꢣꢶꢒ꣄ꢒꢸ,dikku
ꢣꢶꢱꣁ,diso'
ꢣꢾꢒ꣄ꢰꢠ꣄,de'kshan
ꢣꢾꢒ꣄ꢰꢓꣃꢥꢱ꣄,de'kshakhaunas
ꢣꢾꢒ꣄ꢰꣁꢱ꣄ꢡꣁ,de'ksho'sto'
ꢆꢡ꣄ꢡꢬ꣄,uttar
ꢆꢡ꣄ꢓꣃꢥꢱ꣄,utkhaunas
ꢆꢡ꣄ꢲꣁꢱ꣄ꢡꣁ,ut_ho'sto'
ꢙꢫ꣄ꢥꣁ,jayno'
ꢙꢫ꣄ꢥ,jayna
ꢂꢱ꣄ꢡꢪꢥꣁ,astamano'
ꢂꢒꢵꢯ꣄ ꢔꢾꢖ꣄ꢔꣁ,akaash ge'ngo'
ꢂꢒꢵꢱ꣄,akaas
ꢮꢵꢦ꣄,vaap
ꢦꢮꢶ,pavi
ꢦꢶꢞꢸ,pid'u
ꢲꢥ꣄ꢣꢵꢬ꣄,handaar
ꢔꢾꢮꢶ,ge'vi
ꢆꢣꢫꢪ꣄,udayam
ꢱꢸꢬꢶꢡꢸ ꢥꢶꢒꢶꢭ꣄ꢥꢶ,suritu nikilni
ꢙꢵꢳꢸꢗꢸꢒ꣄ꢒꣁ,jaal'uchukko'
ꢂꢔꢗꢵꢭ꣄ ꢂꢫ꣄ꢣꢸ,agachaal aydu
ꢦ꣄ꢬꢒ꣄ꢰꢾꢦꢥꣁ,prakshe'pano'
ꢕꢶꢬꢵꢠ꣄,ghiraan
ꢔꣁꢳ꣄꣄,go'l'
ꢒꢶꢬꢠ꣄,kiran
ꢒꢿꢡꢸ,ketu
ꢗꢥ꣄ꢣ꣄ꢬ ꢕ꣄ꢬꢵꢠ꣄,chandra ghraan
ꢗꢵꢥ꣄ꢣꢸ ꢕ꣄ꢬꢵꢠ꣄,chaandu ghraan
ꢗꢾꢥ꣄ꢣꢵꢪꢸ ꢕ꣄ꢬꢵꢠ꣄,che'ndaamu ghraan
ꢗꢾꢥ꣄ꢣꢵꢪ꣄,che'ndaam
ꢗꢵꢥ꣄ꢣꢸ,chaandu
ꢱ꣄ꢥꢶ,sni
ꢱꢾꢥꢶ,se'ni
ꢱꢸꢒ꣄ꢒꢸꢬ꣄,sukkur
ꢱꢸꢳꢶꢮꢬꣂ,sul'ivaro
ꢱꢹꢬ꣄ꢫ ꢕ꣄ꢬꢵꢠ꣄,soorya ghraan
ꢱꢸꢬꢶꢡꢸ ꢪꢠ꣄ꢞꢭ꣄,suritu mand'al
ꢱꢹꢬ꣄ꢫ ꢪꢠ꣄ꢞꢭ꣄,soorya mand'al
ꢱꢸꢬꢶꢡ꣄,surit
ꢩꢵꢥꢸ,bhaanu
ꢆꢦꢨ꣄ꢬꢲꣁ,upabraho'
ꢪꢖ꣄ꢔꢳ꣄ ꢔ꣄ꢬꢲꣁ,mangal' graho'
ꢱꢸꢬꢶꢡ,surita
ꢱꢬꢔ꣄ꢬꢲꣁ,saragraho'
ꢗꢶꢥꢸꢒ꣄,chinuk
ꢗꢶꢖ꣄ꢒꢸꢭ꣄,chinkul
ꢪꢵꢬꢸꢡ꣄,maarut
ꢗꢸꢒ꣄ꢒꣁ,chukko'
ꢥꣁꢮ꣄ꢔꢶꢬꢲꢵꢥ꣄,no'vgirahaan
ꢗꢾꢥ꣄ꢣꢵꢪꢸ ꢲꢹꢙꢵꢭ꣄,che'ndaamu hoojaal
ꢗꢥ꣄ꢣ꣄ꢬꢶꢒꣁ,chandriko'
ꢗꢥ꣄ꢣ꣄ꢬ ꢦ꣄ꢬꢩꣁ,chandra prabho'
ꢒꣃꢪꢸꢣꢶ,kaumudi
ꢗꢾꢥ꣄ꢡꢵꢪ꣄,che'ntaam
ꢄꢥ꣄ꢣꢸ,indu
ꢗꢥ꣄ꢣ꣄ꢬꢫꢵꢥ꣄,chandrayaan
ꢬꢸꢡꢸꢮꢬꣁ,rutuvaro'
ꢬꢸꢡꢸꢦꣁꢮ꣄ꢱ꣄,rutupo'vs
ꢪꣁꢖ꣄ꢗꢸ,mo'ngchu
ꢲꢶꢪꢵ ꢔꢾꢞ꣄ꢞꣁ,himaa ge'd'd'o'
ꢲꢶꢪꢵ ꢨꢶꢥ꣄ꢣꢸ,himaa bindu
ꢐꢱꢸ ꢨꢶꢥ꣄ꢣꢸ,osu bindu
ꢨꢸꢤꣁ,budho'
ꢨꢸꢤꣁ ꢔ꣄ꢬꢲꣁ,budho' graho'
ꢱꢸꢳꢶ ꢮꢬꣁ,sul'i varo'
ꢩꢹ ꢃꢒꢬ꣄ꢰꢠ ꢯꢒ꣄ꢡꢶ,bhoo aakarshana shakti
ꢪꢡ꣄ꢡꢶ ꢮꢬꣁ,matti varo'
ꢦꣁꢮ꣄ꢱ꣄,po'vs
ꢂꢱ꣄ꢡꢪꢵꢥ꣄,astamaan
ꢮꢶꢣ꣄ꢫꢸꢡ꣄,vidyut
ꢪꢿꢕ꣄꣄,megh
ꢪꣁꢨ꣄ꢨꢸ,mo'bbu
ꢬꢵꢲꢸ,raahu
ꢮꢬꣁ,varo'
ꢦꢹꢱꢸ ꢗꢸꢒ꣄ꢒꣁ,poosu chukko'
ꢂꢒꢵꢰ꣄,akaash
ꢲꢨꢵꢳ꣄,habaal'
ꢂꢒꢵꢱꢸ ꢮꢖ꣄ꢒꢜ꣄,akaasu vankat'
ꢂꢒꢵꢱꢸ ꢤꢥꢸꢱ꣄,akaasu dhanus
ꢄꢥ꣄ꢣ꣄ꢬ ꢤꢥꢸꢱ꣄,indra dhanus
ꢮꢶꢫꣁꢪꢥ꣄,viyo'man
ꢱꢸꢥ꣄ꢫ ꢂꢒꢵꢱ꣄,sunya akaas
ꢔꢸꢬꢸ,guru
ꢲꢹꢥ꣄,hoon
ꢲꢸꢙꢵꢭ꣄,hujaal
ꢦꢶꢥ꣄ꢣꢵ,pindaa
ꢥꢴꢥ꣄ꢥ,nhanna
ꢒꢸꢳ꣄ꢳꢾ,kul'l'e'
ꢗꢾꢬ꣄ꢒ꣄ꢒꢲꣁꢫꢾ,che'rkkaho'ye'
ꢓꢭꢶ,khali
ꢂꢒ꣄ꢒꢸꢬꢵ,akkuraa
ꢥꢷꢗ,neecha
ꢬꢸꢮ꣄ꢮ,ruvva
ꢢꢾꢮ꣄ꢞ,the'vd'a
ꢩꢾꢭꢶꢗꣁꢒ꣄ꢒꢜ꣄,bhe'licho'kkat'
ꢗꣁꢒ꣄ꢒꢜ꣄,cho'kkat'
ꢙꢸꢒ꣄ꢒꢸ,jukku
ꢩꢾꢭꢶ ꢥꢴꢥ꣄ꢥ,bhe'li nhanna
ꢭꢪ꣄ꢨ,lamba
ꢆꢛ꣄ꢗ,uncha
ꢚꢸꢒ꣄ꢒꢸꢒꢵꢭ,jhukkukaala
ꢚꢸꢒ꣄ꢒꢸ,jhukku
ꢙꢸꢥ꣄ꢥ,junna
ꢥꣁꢮꣁ,no'vo'
ꢪꢴꣁꢜ꣄ꢜꣁ,mho't't'o'
ꢧꢸꢬ,phura
ꢧꢸꢬꢲꣁꢫꢾ,phuraho'ye'
ꢩꢾꢭꢶ,bhe'li
ꢨꣁꢭꢶꢪꢸ,bo'limu
ꢂꢥꢾꢒ,ane'ka
ꢥꢶꢱ꣄ꢡ,nista
ꢮꢾꢒ꣄ꢳ꣄,ve'kl'
ꢭ,la
ꢦꢾꢱꢵꢮ꣄꣄,pe'saav
ꢬꢸꢥ꣄ꢡꢶ,runti
ꢨꣂꢜ꣄,bot'
ꢂꢞꢶ,ad'i
ꢪꣂꢦꢸ,mopu
ꢪꣂꢦꢸ ꢓꢜ꣄ꢜꢶ,mopu khat't'i
ꢂꢬꣁ,aro'
ꢥꢶꢪ꣄ꢥꣁ,nimno'
ꢭꣁꢡ꣄,lo't
ꢂꢜ꣄ꢥꣁ,at'no'
ꢲꢡ꣄ꢣꢞ꣄ꢞꣁ,hatdad'd'o'
ꢒꢵꢭꢞ꣄ꢞꣁ,kaalad'd'o'
ꢱꣂꢮꢸ,sovu
ꢩꢵꢬ꣄ꢪꣂꢮꢸ,bhaarmovu
ꢙꣂꢒ꣄,jok
ꢪꣁꢮ꣄ꢙꢥ꣄ꢪꣂꢮꢸ,mo'vjanmovu
ꢔꢥꢪꣂꢦꢸ,ganamopu
ꢩꢵꢬ꣄,bhaar
ꢔꢾꢙ꣄ꢙꢸ,ge'jju
ꢂꢮ꣄ꢞ ꢪꣂꢮꢸ,avd'a movu
ꢗꢡ꣄ꢬꢸꢭ꣄ ꢪꣂꢮꢸ,chatrul movu
ꢙꢵꢠ꣄,jaan
ꢗꢶꢪ꣄ꢜꣁ,chimt'o'
ꢦꢬꢶꢡꢶ,pariti
ꢒꢸꢠ꣄ꢮꢫ ꢪꣂꢮꢸ,kunvaya movu
ꢡꢸꢭꣁ,tulo'
ꢥꢬꢵꢙꢶ,naraaji
ꢒꢸꢜ꣄ꢒꣁ,kut'ko'
ꢨꢶꢥ꣄ꢣꢸ,bindu
ꢡꣁꢭꣁ,to'lo'
ꢥꢵꢳꢶ,naal'i
ꢩꢵꢬ꣄ ꢪꣂꢮꢸ,bhaar movu
ꢭꢵꢪ꣄ ꢪꣂꢮꢶ,laam movi
ꢪꢹꢬꣁ,mooro'
ꢂꢞ꣄ꢞꣁ,ad'd'o'
ꢥꢾꢬ꣄ꢦꢾꢪꣂꢮꢸ,ne'rpe'movu
ꢦꢭꢪ꣄,palam
ꢂꢣ꣄ꢣꢾ,adde'
ꢪꢹꢣ꣄,mood
ꢪꢹꢞ꣄ꢩꣂꢬ꣄,mood'bhor
ꢪꢬꢒ꣄ꢒꢵꢭ꣄,marakkaal
ꢪꢷꢜ꣄ꢜꢬ꣄,meet't'ar
ꢪꢶꢛ꣄ꢗꢶ ꢪꣁꢮꢸ,minchi mo'vu
ꢪꣁꢳꢪꢸꢮꢳ꣄꣄ꢜꢶ,mo'l'amuval't'i
ꢪꢹꢬꢵ ꢒꢮ꣄ꢠ꣄ꢞꢶ,mooraa kavnd'i
ꢪꣁꢳꢪ꣄,mo'l'am
ꢲꢵꢡ꣄,haat
ꢂꢮ꣄ꢞꢵꢪꣁꢮꢸ,avd'aamo'vu
ꢮꢶꢱꢶ,visi
ꢡꢵꢦ꣄ꢱꢥꢶ,taapsani
ꢡꢵꢦ꣄ꢪꢵꢥꢶ,taapmaani
ꢱꢾꢬ꣄ꢒꣁ,se'rko'
ꢙꣂꢞꢶ,jod'i
ꢂꢣꢿꢖ꣄ꢒꢦ꣄ꢦꢵ,adenkappaa
ꢂꢪ꣄ꢪꢵꢞꢶ,ammaad'i
ꢂꢮ ꢂꢪ꣄ꢨꢵ,ava ambaa
ꢡꢾꢭ꣄ꢫꢒ ꢲꢵꢭ꣄,te'lyaka haal
ꢲꢵꢭꢶꢪ꣄,haalim
ꢡꢿꢜ꣄ꢱꢵ,tet'saa
ꢄꢱꣁꢫꢵ,iso'yaa
ꢄꢱꣂꢪꢾꢥꢾꢡꢶ,isome'ne'ti
ꢲꢵ,haa
ꢂꢦ꣄ꢦꢵꢜꢶ,appaat'i
ꢂꢪ꣄ꢪꢵꢜꢷ,ammaat'ee
ꢂꢪ꣄ꢪꢵꢜꢶ,ammaat'i
ꢥꢴꢵ,nhaa
ꢲꢵꢫ꣄,haay
ꢲꣁꢫꢾꢡꢶ,ho'ye'ti
ꢪꢾꢔꢶ,me'gi
ꢌꢭ꣄ꢫꢾꢒ ꢲꢵꢭ꣄,e'lye'ka haal
ꢍꢜ꣄ꢱꢵ,et'saa
ꢍꢭꢵ,elaa
ꢓꢳꢳꢿ,khal'al'e
ꢤꢿꢬ꣄,dher
ꢓꢳ꣄ꢳꢸꢮꣁ,khal'l'uvo'
ꢤꢾꢬꣁ,dhe'ro'
ꢤꢾꢬꢸꢮꣁ,dhe'ruvo'
ꢂꢖ꣄ꢔꢸꢥ꣄,angun
ꢂꢡ꣄ꢡꢾꢖ꣄ꢔꢸꢜ꣄,atte'ngut'
ꢂꢡꢧꢬꣁ,atapharo'
ꢆꢰ꣄,ush
ꢲꢵꢫ꣄ ꢲꢵꢫ꣄,haay haay
ꢡꢾꢭ꣄ꢫꢒ ꢭꢾꢥ꣄ꢡ,te'lyaka le'nta
ꢍꢫ꣄,ey
ꢬꢾ,re'
ꢬꢿꢫ꣄,rey
ꢎꢫꣂ,aiyo
ꢐ,o
ꢲꣂꢥ꣄ꢣꢒ꣄,hondak
ꢲꣂꢫ꣄,hoy
ꢘꢷꢗ꣄ꢘꢷ,chheechchhee
ꢮꢵ,vaa
ꢂꢮꢵ,avaa
ꢢꢸꢡ꣄ꢡꢹ,thuttoo
ꢦꢵꢦ꣄,paap
ꢇꢲꢹꢄ~,oohooi~
ꢧꢶꢮ꣄ꢬꢶ,phivri
ꢡꢾꢒ ꢧꢬꢵꢡ꣄,te'ka pharaat
ꢲꣀꢫꢵ,haiyaa
ꢗꣀꢡ꣄ꢬꣁ,chaitro'
ꢮꣀꢱꢵꢒ꣄,vaisaak
ꢙꣂꢰ꣄ꢜꣁ,josht'o'
ꢃꢰꢵꢞꣁ,aashaad'o'
ꢱ꣄ꢬꢵꢮꢠꣁ,sraavano'
ꢩꢵꢣ꣄ꢬꢦꢣꣁ,bhaadrapado'
ꢃꢱ꣄ꢮꢷꢙꣁ,aasveejo'
ꢒꢵꢬ꣄ꢡꢶꢒꣁ,kaartiko'
ꢪꢵꢬ꣄ꢔꢱꢷꢬ꣄ꢱꣁ,maargaseerso'
ꢦꢸꢰ꣄ꢫꣁ,pushyo'
ꢪꢵꢕꣁ,maagho'
ꢧꢵꢭ꣄ꢔꢸꢥꢶ,phaalguni
ꢔꢾꢬꢸꢮ,ge'ruva
ꢮꢶꢗꢵꢬ꣄,vichaar
ꢲꢾꢞ꣄ꢞꢾ,he'd'd'e'
ꢂꢱꢶꢖ꣄ꢔꢪ,asingama
ꢮꢶꢥꢫꣁ,vinayo'
ꢩꢙꢵꢬꢶꢥ꣄,bhajaarin
ꢭꢮ꣄ꢠ꣄ꢞꢶ,lavnd'i
ꢩꢵꢙꢵꢬꢶꢦꢥ꣄,bhaajaaripan
ꢣꢵꢱ꣄,daas
ꢣꢵꢱꢶ,daasi
ꢣꢵꢱꢦ꣄ꢦꢥ꣄,daasappan
ꢂꢤꢶꢒꢵꢬ꣄,adhikaar
ꢃꢗ꣄ꢗꢬ꣄ꢫꣁ,aachcharyo'
ꢂꢡꢶꢬꢸꢦ꣄ꢡꢶ,atirupti
ꢂꢣꢸꢰ꣄ꢜꢸ,adusht'u
ꢂꢥ꣄ꢣꢱ꣄ꢡꢸ,andastu
ꢣꢾꢮꢸꢨꢵꢦ꣄,de'vubaap
ꢡꢪ꣄ꢪꢵꢞꢶ,tammaad'i
ꢂꢦ꣄ꢬꢵꢠꢶ,apraani
ꢂꢥꢬ꣄ꢢꢸꢮꢡ꣄ꢡꣁ,anarthuvatto'
ꢪꢶꢡꢥ꣄ꢮꢡ꣄ꢡꣁ,mitanvatto'
ꢂꢩꢶꢪꢵꢥ꣄,abhimaan
ꢒꢺꢬꢸꢦꣁ,kri'rupo'
ꢂꢭꢖ꣄ꢒꢵꢬ꣄,alankaar
ꢩꢮꢵꢜ꣄,bhavaat'
ꢲꢶꢠ꣄ꢞꢱ꣄ꢡꢿ,hind'aste
ꢂꢮꢶꢱ꣄ꢮꢵꢱ꣄,avisvaas
ꢒꢳꢖ꣄ꢔꢸ,kal'angu
ꢱꢸꢥ꣄ꢣꢬꣁ,sundaro'
ꢱꢸꢥ꣄ꢣꢬꢶ,sundari
ꢱꢸꢖ꣄ꢔꢵꢬ꣄,sungaar
ꢥꢵꢱ꣄,naas
ꢥꢱꢵꢡ꣄,nasaat
ꢃꢗ꣄ꢗꢬ꣄ꢫꢸ,aachcharyu
ꢮꢶꢣ꣄ꢮꢵꢥ꣄,vidvaan
ꢦꢠ꣄ꢞꢶꢡ꣄,pand'it
ꢦꢬꢶꢗꢫ꣄,parichay
ꢂꢒ꣄ꢛꢵꢥ꣄,aknjaan
ꢛꢵꢥꢶ,nyaani
ꢂꢙ꣄ꢛꢵꢥꢶ,ajnyaani
ꢂꢙ꣄꣄ꢛꢵꢥ꣄,ajnyaan
ꢛꢵꢥ꣄,nyaan
ꢦꢶꢬꢿꢮ,pireva
ꢃꢣꢬꣁ,aadaro'
ꢂꢥꢸꢪꢡꢶ,anumati
ꢲꢜ꣄ꢮꢥ꣄,hat'van
ꢄꢗ꣄ꢗꣁ,ichcho'
ꢃꢱ꣄ꢡꣁ,aasto'
ꢃꢜ꣄ꢰꢿꢦꢠꣁ,aat'shepano'
ꢃꢤꢬꣁ,aadharo'
ꢃꢤꢶꢒ꣄ꢫꣁ,aadhikyo'
ꢒꢸꢡꢹꢲꢭ꣄,kutoohal
ꢲꢬꢸꢪ꣄ꢨꢪ꣄,harumbam
ꢬꢾꢗ꣄ꢗꢒꢹꢡ꣄,re'chchakoot
ꢃꢬꣂꢔ꣄ꢫꢸ,aarogyu
ꢱꢪꢬ꣄ꢡꢸ,samartu
ꢨꣁꢭꢶꢪ꣄,bo'lim
ꢃꢥ꣄ꢥꢥ꣄ꢣꢸ,aannandu
ꢓꢿꢳꢸꢮꢡ꣄ꢡꣁ,khel'uvatto'
ꢄꢗ꣄ꢘꣁ,ichchho'
ꢏꢦ꣄ꢦꢱ꣄ꢡꢿ,o'ppaste
ꢒꢬꢸꢠꣁ,karuno'
ꢬꢸꢗ꣄ꢗꢶ,ruchchi
ꢬꢾꢗ꣄ꢗꣁ,re'chcho'
ꢕꢾꢬꢸ ꢤꢾꢬꢸꢪ꣄,ghe'ru dhe'rum
ꢭꢒ꣄ꢰ꣄ꢫꢮꢵꢣꢶ,lakshyavaadi
ꢥꢾꢰ꣄ꢜꢶ,ne'sht'i
ꢲꢾꢜ꣄ꢜꢾ ꢲꢱꣁ,he't't'e' haso'
ꢔꢾꢬꢸꢮ꣄,ge'ruv
ꢱꣁꢪ꣄ꢦꢸ,so'mpu
ꢔꢸꢭ꣄ꢭꢾ,gulle'
ꢏꢦ꣄ꢦꢫꢾꢫꣁ,o'ppaye'yo'
ꢥꢶꢙ꣄ꢙꢪ꣄,nijjam
ꢱꢾꢡ꣄ꢡꢸ,se'ttu
ꢭꢔꢶꢥꢶ,lagini
ꢩꢵꢮꢥꣁ,bhaavano'
ꢆꢦꢒꢵꢬ꣄,upakaar
ꢆꢦꢒꢵꢬꢶ,upakaari
ꢱꢶꢬꢪꣁ,siramo'
ꢥꢷꢛ꣄ꢙꢸ,neenju
ꢲꣂꢖ꣄ꢔꢸ,hongu
ꢂꢥꢸꢪꢵꢥ꣄,anumaan
ꢬꢹꢱ꣄,roos
ꢇꢣꢵꢬꢶ,oodaari
ꢧꣁꢮ꣄ꢥꢦꢥ꣄,pho'vnapan
ꢔꢪ꣄ꢗꢶꢥꢶ,gamchini
ꢒꢾꢰ꣄ꢜꢪ꣄,ke'sht'am
ꢆꢣ꣄ꢣꢪ꣄,uddam
ꢓꢾꢬꢸꢜ꣄,khe'rut'
ꢱꢶꢬꢣ꣄ꢤꢵ ꢒꢵꢪ꣄ꢒꢾꢬ꣄ꢡꣁ,siraddhaa kaamke'rto'
ꢔꢿꢭꢶ,geli
ꢙꢵꢔ꣄ꢬꢡꢶ,jaagrati
꣄ꢗꢶꢥ꣄ꢡꢥꣁ,chintano'
ꢮꢾꢣꢸꢬ꣄ꢛ꣄ꢗꢶꢥꢶ,ve'durnchini
꣄ꢮꢾꢣꢸꢬ꣄ꢛ꣄ꢗꢶꢥꢶ,ve'durnchini
ꢡꢶꢒ꣄ꢒꢾ,tikke'
ꢱꢺꢖ꣄ꢒꢵꢬ꣄,sri'nkaar
ꢭꢴꢾꢔꢸꢮ꣄,lhe'guv
ꢗꢸꢭꢨ꣄,chulab
ꢱꣃꢙꢥ꣄ꢫꢪ꣄,saujanyam
ꢱꣁꢮ꣄ꢭꢾ,so'vle'
ꢮꢾꢒꢸꢭ꣄,ve'kul
ꢔꢵꢭ꣄,gaal
ꢲꢸꢖ꣄ꢔꢵꢞ꣄,hungaad'
ꢲꢸꢖ꣄ꢔꢞ꣄ꢠꢶ,hungad'ni
ꢌꢞ꣄ꢗꢜ꣄ꢠꢶ,e'd'chat'ni
ꢲꢸꢖ꣄ꢒꢜꢡ꣄ꢡꢾ,hunkat'atte'
ꢲꢸꢖ꣄ꢔꢞ꣄,hungad'
ꢌꢜ꣄ꢗꢞ꣄ꢠꢶ,e't'chad'ni
ꢡꢫꢵꢬ꣄,tayaar
ꢱꢾꢥ꣄ꢣꢿꢮ꣄,se'ndev
ꢏꢜ꣄ꢒꢪ꣄,o't'kam
ꢪꢾꢬ꣄ꢗꢥ꣄,me'rchan
ꢪꢾꢬ꣄ꢗꢸꢭꢥ꣄ ꢥꢵꢬꢶ,me'rchulan naari
ꢫꣁꢒ꣄ꢡꣁ,yo'kto'
ꢮꢶꢰ꣄ꢬꢵꢥ꣄ꢡꢶ,vishraanti
ꢥꢶꢮꢺꢡꢶ,nivri'ti
ꢥꢶꢮꢺꢡꢶ ꢮꢾꢡꢥꣁ,nivri'ti ve'tano'
ꢱꢪꢬꢹꢦ꣄,samaroop
ꢱꢾꢬ꣄ꢒ ꢬꢴꢱ꣄ꢡꢾ,se'rka rhaste'
ꢱꢾꢬ꣄ꢒ ꢬꢴꢠꢶ,se'rka rhani
ꢒꣁꢜꢸꢒ꣄,ko't'uk
ꢭꣂꢩꢸ,lobhu
ꢭꣁꢩꢶ,lo'bhi
ꢂꢥꢸꢱꢵꢱꢥꣁ,anusaasano'
ꢒꢬ꣄ꢡꢮ꣄,kartav
ꢒꢬ꣄ꢡ꣄ꢡꢮ꣄ꢫꢪ꣄,karttavyam
ꢓꢾꢞꢶꢥ꣄,khe'd'in
ꢒꢞꢹꢱ꣄,kad'oos
ꢒꢠ꣄ꢞꢶꢦ꣄,kand'ip
ꢒꢝꣂꢬ꣄,kat'hor
ꢔꢮ꣄ꢬꢮ꣄,gavrav
ꢃꢱꢵꢣꢩꢹꢡꢶ,aasaadabhooti
ꢒꣁꢦꢜꢾ,ko'pat'e'
ꢒꢪꢨꢷꢬ꣄,kamabeer
ꢒꢺꢦꣁ,kri'po'
ꢃꢒꢬ꣄ꢰꢠꣁ,aakarshano'
ꢤ꣄ꢫꢵꢥ꣄,dhyaan
ꢂꢮꢤꢵꢥ꣄,avadhaan
ꢗꣁꢞ꣄ꢞꢦꢥ꣄,cho'd'd'apan
ꢗꣂꢬ꣄,chor
ꢗꣁꢞ꣄ꢞꣁ,cho'd'd'o'
ꢗꣁꢞ꣄ꢞꢶ,cho'd'd'i
ꢒꢭ꣄ꢪꢱꣁ,kalmaso'
ꢪꢭꢶꢥꣁ,malino'
ꢯꢷꢥ꣄,sheen
ꢣꢫꣁ,dayo'
ꢨꢵꢤꣁ,baadho'
ꢪꢶꢭꢿꢗ꣄ꢗꣁ,milechcho'
ꢮꢥꢗꢬꣁ,vanacharo'
ꢦ꣄ꢬꢾꢪ꣄,pre'm
ꢦ꣄ꢬꢾꢮ꣄,pre'v
ꢦ꣄ꢬꢶꢫꢡꢪꣁ,priyatamo'
ꢦ꣄ꢬꢾꢪꢶꢒꣁ,pre'miko'
ꢦ꣄ꢬꢶꢫꣁ,priyo'
ꢒꢵꢪꢪ꣄,kaamam
ꢔꢾꢭꢶ,ge'li
ꢆꢦꢲꢵꢱ꣄,upahaas
ꢒꢸꢱꢸꢪ꣄ꢨꢸ ꢒꢾꢬꢱ꣄ꢡꢾꢥꣁ,kusumbu ke'raste'no'
ꢒꢸꢱꢸꢪ꣄ꢨꢸ,kusumbu
ꢗꢾꢰ꣄ꢜꣁ,che'sht'o'
ꢱꢾꢬꢵꢨꢶ,se'raabi
ꢦꢥꢶ ꢨꣁꢠ꣄ꢞꢶ,pani bo'nd'i
ꢒꢸꢠ꣄ꢠꢸ,kunnu
ꢒꢸꢣꢹꢲꢭ꣄,kudoohal
ꢱꣁꢥ꣄ꢡꣂꢰ꣄,so'ntosh
ꢂꢦ꣄ꢬꢵꢤꢸꢩꢵꢮ꣄,apraadhubhaav
ꢗꢹꢒꢸ ꢩꢵꢮ꣄,chooku bhaav
ꢭꢵꢙ꣄,laaj
ꢭꢵꢱꢸ,laasu
ꢭꢙ꣄ꢙꣁ,lajjo'
ꢦ꣄ꢬꢵꢬ꣄ꢢꢥꣁ,praarthano'
ꢦ꣄ꢬꢾꢮ꣄ꢒꢥ꣄ ꢪꢾꢭ꣄ꢭꢶꢥꢶ,pre'vkan me'llini
ꢭꢾꢛ꣄ꢙꢪ꣄,le'njam
ꢆꢡ꣄ꢒꣁꢗ꣄,utko'ch
ꢦ꣄ꢬꢾꢮꢸꢪꢣꢶꢥꢶ,pre'vumadini
ꢥꢶꢥꢵꢮꢸ ꢮꢡ꣄ꢡꣁ,ninaavu vatto'
ꢪꢫꢵꢭꢸ ꢮꢡ꣄ꢡꣁ,mayaalu vatto'
ꢓꢾꢜ꣄,khe't'
ꢗꢹꢞ꣄ꢲꢥꢱ꣄ꢡꢾ,chood'_hanaste'
ꢮꢶꢣꢹꢰꢒꣁ,vidooshako'
ꢮꢶꢣꢹꢰꢒꢦꢥ꣄,vidooshakapan
ꢬꢵꢒ꣄,raak
ꢤꢒ꣄ꢒꢶꢭꢾ,dhakkile'
ꢤꢵꢒ꣄ꢸꢦꢥ꣄,dhaak_upan
ꢕꢾꢥꢪ꣄,ghe'nam
ꢔꢮ꣄ꢬ꣄ꢡꣁ,gavrto'
ꢯꢒ꣄ꢡꢶ,shakti
ꢱꢲꢥꣁ,sahano'
ꢦꣁꢥ꣄ꢣꢸꢭ꣄ꢥꢶ,po'ndulni
ꢩꢫ꣄ꢩꢾꢫ꣄ꢥꢾꢥꢸ ꢩꢵꢮꢥꣁ,bhaybhe'yne'nu bhaavano'
ꢮꢵꢣꢸ ꢮꢡ꣄ꢡꣁ,vaadu vatto'
ꢥꢥ꣄ꢚꢾꢞꣁ,nanjhe'd'o'
ꢚꢾꢞꣀꢡ꣄,jhe'd'ait
ꢚꢾꢞꣀꢡꢶꢥ꣄,jhe'd'aitin
ꢣꢸꢬ꣄ꢫꣁꢗꢥꣁ,duryo'chano'
ꢱꢞ꣄ꢫꢥ꣄ꢡ꣄ꢬꢸ,sad'yantru
ꢱꢥ꣄ꢣꢬ꣄ꢩꢮꢵꢣꢶ,sandarbhavaadi
ꢱꢾꢥ꣄ꢣꢾꢮ꣄,se'nde'v
ꢱꢲꢪꢡꢶ,sahamati
ꢬꢵꢙꢶ,raaji
ꢏꢬ꣄ꢦꢸ,o'rpu
ꢱꢬꢱ꣄,saras
ꢒꢵꢬ꣄ꢫ ꢒꢸꢰꢭꢡꣁ,kaarya kushalato'
ꢮꢶꢬꢱꢡꣁ,virasato'
ꢱꢵꢤ꣄ꢫꢸ,saadhyu
ꢱꢵꢤꢸ,saadhu
ꢯꢵꢥ꣄ꢡꢸ,shaantu
ꢦ꣄ꢬꢗ꣄ꢗꢥꣁ,prachchano'
ꢨꢸꢱ꣄ꢒꣁ,busko'
ꢦꢶꢭꣁ,pilo'
ꢗꢶꢥ꣄ꢡꢥꣁ,chintano'
ꢗꢶꢥ꣄ꢡ,chinta
ꢲꢱꢶꢥꢶ,hasini
ꢱꢶꢖ꣄ꢔꢡꢶꢦꢥ꣄,singatipan
ꢱꢾꢖ꣄ꢔꢣꢶꢦꢥ꣄,se'ngadipan
ꢱꢶꢖ꣄ꢔꢡꢶ,singati
ꢱꢾꢖ꣄ꢔꣀꢡ꣄,se'ngait
ꢄꢰ꣄ꢜꢸꢜ꣄,isht'ut'
ꢱꢶꢖ꣄ꢒꢔꢵꢬ꣄,sinkagaar
ꢩꢵꢬ,bhaara
ꢱꢮꢫꢒꣃꢬꢮ꣄,savayakaurav
ꢱꣁꢬꢠꣁ,so'rano'
ꢱ꣄ꢦꢬ꣄ꢯ ꢗꢾꢡꢥꣁ,sparsha che'tano'
ꢡ꣄ꢮꢬꢶꢡꢸ ꢩꢵꢮ꣄,tvaritu bhaav
ꢮꢾꢔꢸ ꢒꢾꢬ꣄ꢥꢶ,ve'gu ke'rni
ꢱꢹꢡꢸ,sootu
ꢒꢬ꣄ꢪꣁ,karmo'
ꢪꢷ ꢩꢵꢮ꣄,mee bhaav
ꢂꢲꢖ꣄ꢒꢵꢬ꣄,ahankaar
ꢪꢪꢡꣁ,mamato'
ꢚꢸꢒ꣄ꢒꢸꢮꢿꢱ꣄ ꢒꢾꢬ꣄ꢥꢵꢬ꣄,jhukkuves ke'rnaar
ꢂꢭꢱꣁ,alaso'
ꢂꢱꢪꢥ꣄ꢣꢪ꣄,asamandam
ꢪꢥ꣄ꢣꢪ꣄,mandam
ꢃꢭꢱ꣄ꢫꣁ,aalasyo'
ꢱꣃꢥ꣄ꢣꢬ꣄ꢫꣁ,saundaryo'
ꢲꢜ꣄ꢮꢥꢸ ꢯꢒ꣄ꢡꢶ,hat'vanu shakti
ꢡꢾꢜ꣄ꢜꢸ ꢪꢸꢜ꣄ꢜꢫꢶꢥꢶ,te't't'u mut't'ayini
ꢯꢶꢳ꣄ꢳꢦꢥ꣄,shil'l'apan
ꢡꢥ꣄ꢡꢸꢬꢸꢦꢥ꣄,tanturupan
ꢡꢪꢵꢰ꣄,tamaash
ꢦꢱ꣄ꢡꣁꢒ꣄ꢒꢶꢥꢶ,pasto'kkini
ꢱꢖ꣄ꢒꣂꢗ꣄,sankoch
ꢣꢬ꣄ꢯꢥꣁ,darshano'
ꢣꣁꢱ꣄ꢒꣁ ꢏꢖ꣄ꢔꢶꢥꢶ,do'sko' o'ngini
ꢔꢾꢬꢸꢮꢸ ꢩꢖ꣄ꢔꢸ,ge'ruvu bhangu
ꢮꢶꢯ꣄꣄ꢬꢵꢥ꣄ꢡꢶ,vishraanti
ꢮꢶꢬꢵꢪꣁ,viraamo'
ꢦꢬꢶꢯ꣄꣄ꢬꢪꣁ,parishramo'
ꢯ꣄꣄ꢬꢪꢦꢬꢶꢲꢵꢬ꣄,shramaparihaar
ꢱꢸꢫꢔꣃꢬꢮ꣄,suyagaurav
ꢂꢭꢔ꣄ꢔꢸꢠ꣄ꢠꢸ,alaggunnu
ꢮ꣄ꢫꢒ꣄ꢡꢶꢡ꣄ꢮꣁ,vyaktitvo'
ꢦ꣄ꢬꢸꢢꢒ꣄ꢩꢵꢮ꣄,pruthakbhaav
ꢮꢶꢯꢿꢰꢸꢔꢸꢠ꣄ꢠꢸ,visheshugunnu
ꢏꢠ꣄ꢜꢶꢦꢥ꣄,o'nt'ipan
ꢂꢭꢔ꣄ꢔ ꢬꢴꢥꢶ,alagga rhani
ꢮꢾꢔꢸꢭꢦꢥ꣄,ve'gulapan
ꢱꣂꢒ꣄,sok
ꢣꢵꢪ꣄ꢦꢡ꣄ꢫꢙꢶꢮ꣄ꢥꢪ꣄,daampatyajivnam
ꢱꢡꢶꢦꢡꢶ ꢙꢶꢮ꣄ꢥꢪ,satipati jivnama
ꢆꢣꢵꢬꢔꢸꢠ꣄ꢠꢸ,udaaragunnu
ꢣꢾꢛ꣄ꢗꢸ,de'nchu
ꢗꣂꢬꢸꢦꢥ꣄,chorupan
ꢱꢾꢬ꣄ꢒꢒꢬ꣄ꢥꢶ,se'rkakarni
ꢡꢶꢣ꣄ꢣꢸꢮꢭꢶ,tidduvali
ꢡꢶꢬꢸꢦ꣄ꢡꢶ,tirupti
ꢡ꣄ꢫꢵꢔ꣄,tyaag
ꢡ꣄ꢫꢵꢔꢶ,tyaagi
ꢱꢪꢬ꣄ꢢꢸ,samarthu
ꢃꢯꢒ꣄ꢡꢸ,aashaktu
ꢱꢪꢬ꣄ꢢꢸꢦꢥ꣄,samarthupan
ꢥꢱꢵꢡꢸ,nasaatu
ꢥꢶꢬꢠꢫꣁ,niranayo'
ꢤꢷꢬꢸ,dheeru
ꢤꢾꢫ꣄ꢬ꣄ꢫꢮꢵꢥ꣄,dhe'yryavaan
ꢡꢷꢮ꣄ꢬꣁ,teevro'
ꢡꢷꢮ꣄ꢬꢮꢵꢣꢶ,teevravaadi
ꢣꢸꢓꢸ,dukhu
ꢪꣁꢥ꣄ꢥꢸꢤꢾꢫ꣄ꢬ꣄ꢫꢪ꣄,mo'nnudhe'yryam
ꢣꢸꢬꢞꢶꢰ꣄ꢜꢸ,durad'isht'u
ꢣꢸꢬꣂꢒ꣄,durok
ꢏꢔꢸꢬ꣄,o'gur
ꢱꢥ꣄ꢫꢵꢱꢸ ꢤꢾꢬꢸꢪ꣄,sanyaasu dhe'rum
ꢱꢥ꣄ꢫꢵꢱꢶ,sanyaasi
ꢐꢖ꣄ꢒꢸ,onku
ꢱꢸꢣ꣄ꢤꢶ,suddhi
ꢪꢸꢣꢶꢬꢪ꣄ꢪꣁ,mudirammo'
ꢱ꣄ꢦꢰ꣄ꢜꢸ,spasht'u
ꢤꣀꢬ꣄ꢫꢱꢵꢭꢶ,dhairyasaali
ꢤꢾꢫ꣄ꢬ꣄ꢫꢪ꣄,dhe'yryam
ꢦ꣄ꢬꢵꢬꢪ꣄ꢩꢸ,praarambhu
ꢱꢪ꣄ꢨꢥ꣄ꢤꢸ,sambandhu
ꢱꢪ꣄ꢦꢬ꣄ꢒꢸ,samparku
ꢮ꣄ꢫꢒ꣄ꢡꢸ,vyaktu
ꢱꢖ꣄ꢔꢡꢶꢦꢥ꣄,sangatipan
ꢏꢠ꣄ꢒꢶꢥꢶ,o'nkini
ꢥꣁꢪ꣄ꢪꢶꢥꢶ,no'mmini
ꢧꢠ꣄ꢜꢓꢾꢱ꣄,phant'akhe's
ꢱꢸꢔꢥ꣄ꢡꢸ,sugantu
ꢩꢭꣁ,bhalo'
ꢗꣁꢒ꣄ꢧꢭꢸꢥ꣄,cho'kphalun
ꢤꢥ꣄ꢥꢸ,dhannu
ꢤꢥ꣄ꢥꢸ ꢲꢷꢥꢸꢦꢥ꣄,dhannu heenupan
ꢔꢵꢪ ꣄ꢧꢶꢬ꣄ꢥꢵꢬ꣄,gaama phirnaar
ꢦꢬꢶꢩ꣄ꢬꢪꢶ,paribhrami
ꢣꢾꢯꢗꢵꢬꢶ,de'shachaari
ꢂꢮ꣄ꢪꢵꢥ꣄,avmaan
ꢬꢸꢙꢸꢦꢥ꣄,rujupan
ꢥꢶꢡ꣄ꢡꢦꢥ꣄,nittapan
ꢕꢵꢥ꣄,ghaan
ꢣꢸꢬ꣄ꢔꢥ꣄ꢤꢸ,durgandhu
ꢱꢪꣁ,samo'
ꢱꢪꢦꢥ꣄,samapan
ꢱꢪꢡꣁ,samato'
ꢱꢷꢱꣁꢮ꣄ꢬꢶ ꢬꢴꢵꢱ꣄ꢡꢾ,seeso'vri rhaaste'
ꢢꢶꢬꢪ꣄ꢒꢥꢶ ꢬꢴꢵꢱ꣄ꢡꢾ,thiramkani rhaaste'
ꢔꢵꢳ꣄꣄,gaal'
ꢥꢶꢥ꣄ꢣꢥꣁ,nindano'
ꢢꢸꢮ꣄ꢥꢶ,thuvni
ꢱꢪꢬ꣄ꢢꢸꢮꢵꢥ꣄,samarthuvaan
ꢥꢶꢬꢵꢯꣁ,niraasho'
ꢱ꣄ꢢꢶꢡꢶ,sthiti
ꢱ꣄ꢪꢬꢠ ꢯꢒ꣄ꢡꢶ,smarana shakti
ꢪꢹꢬ꣄ꢗ꣄ꢘꣁ ꢭꢔꢾ ꢱ꣄ꢡꢾꢥꣁ,moorchchho' lage' ste'no'
ꢱ꣄ꢪꢬꢠꣁ,smarano'
ꢂꢥꢫꣁꢥ꣄ꢫꢸ,anayo'nyu
ꢦꢒ꣄ꢮꣁ,pakvo'
ꢦꢶꢒ꣄ꢒꢶꢥꢶ,pikkini
ꢪꣁꢙꣁ,mo'jo'
ꢪꢾꢬ꣄ꢗꢶꢥꢶ,me'rchini
ꢨꢥ꣄ꢣꢵ,bandaa
ꢮꢶꢬꣂꢤ꣄,virodh
ꢦꢬꢶꢡꢵꢦ꣄,paritaap
ꢧꢭ꣄ꢗꢵꢡꢵꢦ꣄,phalchaataap
ꢂꢥꢸꢡꢵꢮ꣄,anutaav
ꢩꢹꢒ꣄,bhook
ꢱꢾꢭꢶꢪ꣄ꢨꢸ,se'limbu
ꢱꢾꢭꢶꢦꢪ꣄,se'lipam
ꢱꢸꢒ꣄ꢒꢶꢥꢶ,sukkini
ꢮꢶꢣ꣄ꢫꣁ,vidyo'
ꢒ꣄ꢬꢸꢡꢶ,kruti
ꢬꢹꢦ꣄ꢒꢾꢬ꣄ꢥꢶ,roopke'rni
ꢱ꣄ꢬꢸꢰ꣄ꢜꢶ,srusht'i
ꢔꢸꢠ꣄ꢠꢸꢥ꣄,gunnun
ꢔꢸꢠ꣄ꢠꢸꢥꢸ ꢱꢵꢬ꣄,gunnunu saar
ꢦꢡ꣄ꢥꢶ,patni
ꢤꢪꢵꢤꢵꢪ꣄,dhamaadhaam
ꢤꢵꢒ꣄,dhaak
ꢥꣁꢮꢡꢾꢒꣁ ꢱꢵꢡ꣄ꢡꣁ ꢤꢒ꣄ꢒꢶꢥꢶ,no'vate'ko' saatto' dhakkini
ꢦꢵꢭꢥꣁ ꢒ꣄ꢬ꣄ꢥꢶ,paalano' krni
ꢦꢬꢶꢲꢵꢬ꣄,parihaar
ꢦ꣄ꢬꢵꢫꢯ꣄ꢗꢶꢡ꣄ꢡꢸ ꢒꢾꢬꢱ꣄ꢡꢾ,praayashchittu ke'raste'
ꢦꢬꢶꢲꢵꢱ꣄,parihaas
ꢨꢭꢲꢶꢥ꣄,balahin
ꢨꢭ꣄ꢯꢵꢭꢶ,balshaali
ꢦꢮꢶꢡ꣄ꢬꢸ,pavitru
ꢬꢦ꣄ꢡꣁ,rapto'
ꢦꣁꢬꢵꢒ꣄ꢦꣁꢬꣁ,po'raakpo'ro'
ꢦ꣄ꢬꢡꢶꢯꣂꢤ꣄,pratishodh
ꢪꢾꢬ꣄ꢦꢸꢭ꣄,me'rpul
ꢙꣁꢭꢶꢛ꣄ꢗꢶꢥꢶ,jo'linchini
ꢥꢸꢮꢶꢥꢶ,nuvini
ꢪꢾꢗ꣄ꢗꢶꢥꢶ,me'chchini
ꢯ꣄ꢭꢵꢕꢥꣁ,shlaaghano'
ꢩꢷꢒ,bheeka
ꢕꢾꢞꢶꢮꢵꢣ꣄,ghe'd'ivaad
ꢣꢸꢬꢵꢔ꣄ꢬꢲꣁ,duraagraho'
ꢦꢶꢬꢡꢶꢧꣂꢭ,piratiphola
ꢪꢵꢫꣁ,maayo'
ꢦꢱ꣄ꢒꢜ꣄ ꢬꢴꢥꢶ,paskat' rhani
ꢩꢷꢡꢶ,bheeti
ꢔꢸꢨꢸꢔꢸꢦꢵꢱ꣄ꢡꢿ,gubugupaaste
ꢨꢸꢣ꣄ꢤꢶ,buddhi
ꢆꢡ꣄ꢱꢵ,utsaa
ꢔꢾꢠꢵꢡ꣄,ge'naat
ꢂꢪ꣄ꢨꢜ꣄,ambat'
ꢒꢥ꣄ꢫꢵ,kanyaa
ꢒꢷꢬ꣄ꢡꢶ,keerti
ꢮꢾꢣꢸꢬ꣄ ꢮꢣꢶꢥꢶ,ve'dur vadini
ꢩꢿꢡ,bheta
ꢪꢶꢢꢥ꣄,mithan
ꢥꣁꢮꢦꢥ꣄,no'vapan
ꢂꢱꢹꢫꣁ,asooyo'
ꢙꢮꢵꢨ꣄ꢣꢵꢬ꣄,javaabdaar
ꢱꢲꢥꢡꣁ,sahanato'
ꢔꢸꢠ꣄ꢞꣁ,gund'o'
ꢔꢸꢠ꣄ꢞꢦꢥ꣄,gund'apan
ꢪꢲꢶꢪꣁ,mahimo'
ꢪꢵꢲꢵꢡ꣄ꢪꣁ,maahaatmo'
ꢪꢲꢵꢥ꣄,mahaan
ꢪꣁꢪ꣄ꢦꢸ,mo'mpu
ꢱꣁꢥ꣄ꢡꢸ,so'ntu
ꢫꢸꢮꢡꢶ,yuvati
ꢪꢴꢸꢞꢦꢥ꣄,mhud'apan
ꢪꢴꢸꢞꣁ,mhud'o'
ꢮꢱꢸꢥꣁ,vasuno'
ꢪꢾꢖ꣄ꢔꢶꢥꢶ,me'ngini
ꢪꣁꢬ꣄ꢔ꣄ꢫꢵꢡ꣄,mo'rgyaat
ꢧꢸꢭꢱ꣄ꢡꢾ,phulaste'
ꢮꢶꢱꢸꢬ꣄,visur
ꢪꣁꢥ꣄ꢥꢸ ꢒꢮ꣄ꢭꢶꢥꢶ,mo'nnu kavlini
ꢪꣁꢥ꣄ꢥꢸ ꢯꢵꢥ꣄ꢡꢶ,mo'nnu shaanti
ꢡ꣄ꢬꢸꢦ꣄ꢡꢶ,trupti
ꢦꢬꢶꢦꢹꢬ꣄ꢠꢸ,paripoornu
ꢪꢥꣂꢩꢵꢮ꣄,manobhaav
ꢪꢬ꣄ꢗꢶꢥꢶ,marchini
ꢏꢬꢶꢮꢬ꣄ꢡꢥꣁ,o'rivartano'
ꢂꢮꢪꢵꢥ꣄,avamaan
ꢪꢵꢥ꣄,maan
ꢔꣃꢬꢮ꣄,gaurav
ꢔꢾꢡ꣄ꢡꢸ,ge'ttu
ꢒꣁꢪ꣄ꢨꢳꢦꢥ꣄,ko'mbal'apan
ꢦꢬꢶꢦꢒ꣄ꢮꢡꣁ,paripakvato'
ꢫꢡ꣄ꢡꢥ꣄,yattan
ꢦ꣄ꢬꢫꢡ꣄ꢡꢥ꣄,prayattan
ꢥꢴꢥ꣄ꢲꢱꣁ,nhanhaso'
ꢪꢸꢒꢸꢭ꣄ꢲꢱꣁ,mukulhaso'
ꢲꣁꢬꢮ꣄ꢥꢶ,ho'ravni
ꢂꢥ꣄ꢤꢮꢶꢯ꣄꣄ꢮꢵꢱ꣄,andhavishvaas
ꢣꣁꢮ꣄ꢬꢦꢥ꣄,do'vrapan
ꢪꢹꢬ꣄ꢓꢦꢥ꣄,moorkhapan
ꢪꢹꢬ꣄ꢓꢸ,moorkhu
ꢥꢶꢙꢮꢡ꣄ꢡꣁ,nijavatto'
ꢱꢡ꣄ꢫ ꢮꢵꢒ꣄,satya vaak
ꢪ꣄ꢬꢸꢣꢸꢦꢥ꣄,mrudupan
ꢪꢾꢣꢸꢮꢸꢦꢥ꣄,me'duvupan
ꢪꢴꣁꢜ꣄ꢜꢦꢥ꣄,mho't't'apan
ꢪꢿꢜ꣄ꢦꢥ꣄,met'pan
ꢯ꣄ꢬꢿꢰ꣄ꢝꢦꢥ꣄,shresht'hapan
ꢪꣂꢲ꣄,moh
ꢪꣃꢥ꣄,maun
ꢂꢮꢵꢒ꣄,avaak
ꢫꢢꢵꢬ꣄ꢢꢮꢵꢣꢶ,yathaarthavaadi
ꢫꣁꢗꢥꣁ,yo'chano'
ꢬꢸꢗꢶ,ruchi
ꢮꢛ꣄ꢗꢥꣁ,vanchano'
ꢮꢛ꣄ꢗꢥꣁ ꢒꢾꢬ꣄ꢥꢵꢬ꣄,vanchano' ke'rnaar
ꢮꢬ꣄ꢠꢥꣁ,varnano'
ꢲꢾꢡꣁ,he'to'
ꢮꢞ꣄ꢙꢥꢶ,vad'jani
ꢔ꣄ꢬꢵꢲꢒꣁ,graahako'
ꢔ꣄ꢬꢵꢲꢶ,graahi
ꢡꣂꢠꢸꢪ꣄ ꢤꣁꢮ꣄ꢳꣁ,tonum dho'vl'o'
ꢥꢶꢯꢨ꣄ꢣꢸ,nishabdu
ꢒꢸꢬꢹꢦ꣄,kuroop
ꢮꢶꢯ꣄꣄ꢮꢵꢱ꣄,vishvaas
ꢮꢯ꣄꣄ꢮꢵꢱꢶ,vashvaasi
ꢃꢯ꣄꣄꣄ꢗꢬ꣄ꢫꢹ,aashcharyoo
ꢮꢶꢬꢲꢡꢵꢦ꣄,virahataap
ꢧꢵꢜ꣄,phaat'
ꢨꢶꢬꢸꢣꢸ,birudu
ꢏꢦ꣄ꢦꢫꢶꢥꢶ,o'ppayini
ꢗꢡ꣄ꢬꢸ,chatru
ꢦꢬꣂꢦꢒꢵꢬꢶ,paropakaari
ꢲꣁꢞꢶꢥꢶ,ho'd'ini
ꢣꢸꢒꢵꢭ꣄,dukaal
ꢣꢸꢒꢵꢳ꣄꣄,dukaal'
ꢡꢾꢬ꣄ꢒꢾ,te'rke'
ꢦ꣄ꢬꢙ꣄ꢛꣁ,prajnyo'
ꢨꢶꢱ꣄ꢱꢦꢥ꣄,bissapan
ꢨꢶꢱ꣄ꢱꣁ,bisso'
ꢤꣀꢬ꣄ꢫꢸ,dhairyu
ꢤꣀꢬ꣄ꢫꢮꢵꢥ꣄,dhairyavaan
ꢤꣀꢬ꣄ꢫ ꢱ꣄ꢡꢶꢬꢶ,dhairya stiri
ꢨꣁꢞ꣄ꢠꢶ,bo'd'ni
ꢙꢵꢭ꣄,jaal
ꢲꢸꢥ꣄ꢥꢦꢥ꣄,hunnapan
ꢔꢷꢔ꣄,geeg
ꢆꢔ꣄ꢬꢡꣁ,ugrato'
ꢣ꣄ꢮꢾꢯ꣄,dve'sh
ꢮꢿꢔ꣄,veg
ꢯꣂꢒ꣄,shok
ꢒꢹꢡ꣄,koot
ꢓꢾꢳ꣄,khe'l'
ꢩꢿꢣ꣄,bhed
ꢮꣀꢬꢵꢔ꣄ꢫꢸ,vairaagyu
ꢂꢒ꣄ꢰꢬ꣄,akshar
ꢂꢒ꣄ꢰꢵꢥ꣄ꢡꢬ꣄,akshaantar
ꢮꢶꢯꢿꢰꢠꣁ ꢔꢸꢠꢶ,visheshano' guni
ꢡꢵꢭꢸ ꢱꢨ꣄ꢣꢸ,taalu sabdu
ꢲꢬꢶꢞꢶ ꢱꢨ꣄ꢣꢸ,harid'i sabdu
ꢬꢹꢦꢮꢬ꣄ꢠꢶ,roopavarni
ꢬꢹꢦꢸ ꢥꢶꢬ꣄ꢪꢵꢥ꣄,roopu nirmaan
ꢩꢖ꣄ꢔꢶ ꢩꢵꢰꢥ꣄,bhangi bhaashan
ꢦꢬꣂꢰ ꢩꢵꢰꢠ꣄,parosha bhaashan
ꢂꢬ꣄ꢤ ꢨꢶꢥ꣄ꢣꢸ,ardha bindu
ꢂꢬꢹꢦ ꢥꢵꢮ꣄,aroopa naav
ꢥꢦꢸꢪ꣄ꢱꢒ ꢭꢶꢖ꣄ꢔꢸ,napumsaka lingu
ꢂꢳ꣄ꢳꢶꢖ꣄ꢔꢸ,al'l'ingu
ꢯꢨ꣄ꢣ ꢂꢮ꣄ꢥꢶ,shabda avni
ꢦꢸꢪ꣄ꢱꢒꢭꢶꢖ꣄,pumsakaling
ꢣꢭ꣄ꢭꢶꢖ꣄ꢔ꣄,dalling
ꢃꢡ꣄ꢪꢷꢫꢮꢶꢩꢒ꣄ꢡꢶ,aatmeeyavibhakti
ꢱꣁꢮ꣄ꢮꢾ ꢮꢶꢩꢒ꣄ꢡ,so'vve' vibhakta
ꢦꢸꢬꢸꢱ,purusa
ꢱꢡ꣄ꢮ ꢮꢶꢩꢒ꣄ꢡꢶ,satva vibhakti
ꢪꢳ꣄ꢥꢶ ꢱꢨ꣄ꢣꢸ,mal'ni sabdu
ꢙꣁꢞꢶ,jo'd'i
ꢕꢵꢪ꣄ ꢮꢡ꣄ꢡꣁ ꢣꢿꢱꢶ ꢮꢡ꣄ꢡꣁ,ghaam vatto' desi vatto'
ꢡꣂꢣꢸ ꢗꢾꢬ꣄ꢥꢶ,todu che'rni
ꢣꢶꢮ꣄ꢥ ꢶꢱꢖ꣄ꢓ꣄꣄ꢫꣁ,divna isankhyo'
ꢣꢶꢮ ꢮꢶꢩꢒ꣄ꢡꢶ,diva vibhakti
ꢣꢶꢮ꣄ꢥꢶ,divni
ꢮ꣄ꢫꢵꢒꢬꢠ ꢩꢵꢒꢥ꣄꣄,vyaakarana bhaakan
ꢮ꣄ꢫꢵ ꢒꢬꢠ ꢭꢶꢖꢔꢸ,vyaa karana lingagu
ꢮ꣄ꢫꢵꢒꢬꢠ꣄,vyaakaran
ꢮ꣄ꢫꢵꢒꢬꢠ ꢱꢪ꣄ꢦ꣄ꢬꢣꢵꢫ꣄,vyaakarana sampradaay
ꢮ꣄ꢫꢵꢒꢬꢠ ꢱꢵꢱꢥꣁ,vyaakarana saasano'
ꢙꢶꢫꢾ ꢒꢵꢭ꣄,jiye' kaal
ꢔꢿ ꢒꢵꢭ꣄,ge kaal
ꢆꢗ꣄ꢗꢵꢬꢠ꣄,uchchaaran
ꢚꢶꢬ꣄ꢒꢶꢥꢶ,jhirkini
ꢏꢣꢜ꣄,o'dat'
ꢲꣂꢜ꣄,hot'
ꢂꢡꢶꢱꢵꢫꣂꢡ꣄ꢡꢶ,atisaayotti
ꢂꢡꢶꢮꢬ꣄ꢠꢥꣁ,ativarnano'
ꢦꢹꢙ꣄ꢫ ꢦꢲꢸ ꢮꢗꢥ꣄,poojya pahu vachan
ꢪꢿꢜꢸ ꢨꢲꢸ ꢮꢗꢥ꣄,met'u bahu vachan
ꢱ꣄ꢮꢬꢵꢒ꣄ꢰꢬ꣄ ꢂꢙꢸꢥꢒ꣄ꢰꢬ꣄,svaraakshar ajunakshar
ꢱꢙꢷꢮꢶ,sajeevi
ꢮꢶꢩꢒ꣄ꢡꢶ ꢗꢶꢥ꣄ꢲꢸꢥ꣄ ꢮꢶꢩꢡꢒ꣄ꢡꢶ ꢮꢬ꣄ꢠꢒꢸꢥ꣄,vibhakti chinhun vibhatakti varnakun
ꢩꢵꢱ꣄ꢫꣁ,bhaasyo'
ꢆꢦꢪꣁ,upamo'
ꢂꢥ꣄ꢡ ꢥꢶꢬ꣄ꢪꢵꢥ꣄,anta nirmaan
ꢪꢴꢣ꣄ꢣꢶ ꢢꣁꢮ꣄ꢥꢶ,mhaddi tho'vni
ꢇꢲꢪ꣄,ooham
ꢱꢖ꣄ꢓ꣄ꢫꣁ,sankhyo'
ꢂꢮꢥ꣄ꢒꢵꢭ꣄,avankaal
ꢮ꣄ꢫꢡꢶꢬꢿꢒ ꢱꢨ꣄ꢣꢸ,vyatireka sabdu
ꢮ꣄ꢫꢡꢶꢬꢿꢒ꣄,vyatirek
ꢂꢰꢬ꣄,ashar
ꢭꢶꢦꢶ,lipi
ꢒꢬ꣄ꢡꣁ,karto'
ꢃꢙ꣄ꢛꢵ,aajnyaa
ꢗꢾꢬꢶꢨꢥ꣄ꢤꢶ,che'ribandhi
ꢌꢒꢮꢗꢥ꣄,e'kavachan
ꢱ꣄ꢮꢬꣁ,svaro'
ꢤ꣄ꢮꢥꢶ,dhvani
ꢆꢗ꣄ꢗꢵꢜꢥꢪ꣄,uchchaat'anam
ꢬꢷꢠꢸ ꢮꢡ꣄ꢡꣁ,reenu vatto'
ꢩꢬꢳ ꢮꢡ꣄ꢡꣁ,bharal'a vatto'
ꢓꢳ꣄ꢳꢥ꣄ ꢮꢡ꣄ꢡꣁ,khal'l'an vatto'
ꢒꢭꢸ,kalu
ꢱ꣄ꢮꢭ꣄ꢦ ꢮꢶꢬꢵꢪ,svalpa viraama
ꢥꢴꢥ꣄ ꢕꢾꢞꢶ,nhan ghe'd'i
ꢔꢸꢬꢶ,guri
ꢡꢵꢳꢸ,taal'u
ꢭꢫꣁ,layo'
ꢱꢪ꣄ꢱꢬ꣄ꢔꢸ,samsargu
ꢱꢹꢡ꣄ꢬꢸ,sootru
ꢩꢵꢮ ꢩꢵꢰꣁ,bhaava bhaasho'
ꢯꢨ꣄ꢣꢸ,shabdu
ꢯꢨ꣄ꢣ ꢮ꣄ꢫꢵꢒꢬꢠꣁ,shabda vyaakarano'
ꢧꣀꢭ꣄ ꢦꢸꢬꢸꢱꢸ,phail purusu
ꢂꢒꢬ꣄ꢪꢒ ꢒ꣄ꢬꢶꢫꣁ,akarmaka kriyo'
ꢱꢒꢬ꣄ꢪꢒ ꢒ꣄ꢬꢶꢫꣁ,sakarmaka kriyo'
ꢱꢵꢤꢵꢬꢠ ꢮꢵꢒ꣄ꢫꣁ,saadhaarana vaakyo'
ꢩꢵꢰꢠ ꢮꢡ꣄ꢡꣁ,bhaashana vatto'
ꢔꢸꢪ꣄ꢦꢸꢥꢵꢮ꣄,gumpunaav
ꢪꢥ꣄ꢡꢸ ꢮꢡ꣄ꢡꣁ,mantu vatto'
ꢆꢦ ꢒ꣄ꢬꢶꢫꣁ,upa kriyo'
ꢮꢾꢒ꣄ꢒꢶꢥꢶ,ve'kkini
ꢱꢪ꣄ꢫꢸꢒ꣄ꢡꢸ,samyuktu
ꢆꢒ꣄ꢡꢶ ꢮꢵꢒ꣄ꢫꢪ꣄,ukti vaakyam
ꢥꢶꢬꢥ꣄ꢡꢬ ꢒꢵꢭ꣄,nirantara kaal
ꢮꢵꢒ꣄ꢫ ꢦ꣄ꢬꢒꢬꢠꣁ,vaakya prakarano'
ꢒꢬ꣄ꢪꢸ ꢥꢵꢮ꣄,karmu naav
ꢬꢷꢡꢶ,reeti
ꢗꢬ꣄ꢮ ꢮꢶꢩꢒ꣄ꢡꢶ,charva vibhakti
ꢗꢭ꣄ꢡ ꢒꢵꢭ꣄,chalta kaal
ꢮꢶꢬꢵꢪꢸ ꢗꢶꢥ꣄ꢲꢸ,viraamu chinhu
ꢭꢵꢪ꣄ꢱ꣄ꢮꢬꣁ,laamsvaro'
ꢂꢒ꣄ꢰꢬꢵꢥ꣄,aksharaan
ꢦ꣄ꢬꢡꢶꢩꢵꢱꢥ꣄,pratibhaasan
ꢤꢹꢬ꣄ ꢦꢸꢬꢸꢱꢸ,dhoor purusu
ꢮꢵꢒ꣄ꢮꢶꢲꢵꢬ꣄,vaakvihaar
ꢒ꣄ꢬꢶꢫꢵꢦꢣ꣄,kriyaapad
ꢨꢲꢹ ꢮꢗꢥ꣄,bahoo vachan
ꢭꢶꢖ꣄ꢔꢸ,lingu
ꢦꢹꢬ꣄ꢠ ꢮꢶꢬꢵꢪ꣄,poorna viraam
ꢲꣁꢭ꣄ꢭꢵ ꢥꢶꢬ꣄ꢪꢵꢥ꣄,ho'llaa nirmaan
ꢱ꣄ꢡ꣄ꢬꢷ ꢭꢶꢖ꣄ꢔꢸ,stree lingu
ꢱꢬ꣄ꢮ ꢥꢵꢮ꣄,sarva naav
ꢦ꣄ꢬꢡꢶ ꢥꢵꢮ꣄,prati naav
ꢮꢶꢯꢿꢰꢠ꣄,visheshan
ꢱꢵꢤꢵꢬꢠꢭꢶꢖ꣄ꢔꢸ,saadhaaranalingu
ꢱꢵꢤꢵꢬꢠ ꢱꢨ꣄ꢣꢸ,saadhaarana sabdu
ꢂꢬ꣄ꢢꢸ,arthu
ꢮꢒ꣄ꢬꣂꢒ꣄ꢡꢶ,vakrokti
ꢱꢪ꣄ꢡꢿꢲꢵꢬ꣄ꢢꢸ,samtehaarthu
ꢱꢪ꣄ꢦꢶꢬꢣꢵꢫꢸ,sampiradaayu
ꢮ꣄ꢫꢒ꣄ꢡ ꢮꢡ꣄ꢡꣁ,vyakta vatto'
ꢮ꣄ꢫꢒ꣄ꢡ ꢱ꣄ꢮꢬꣁ,vyakta svaro'
ꢂꢬ꣄ꢤ ꢨꢶꢥ꣄ꢤꢸ,ardha bindhu
ꢪꢸꢱꢸꢥꢵ ꢒ꣄ꢬꢶꢫꣁ,musunaa kriyo'
ꢦꢣꢪ꣄,padam
ꢂꢣꢶꢒꢬꢠꢪ꣄,adikaranam
ꢥꢶꢱ꣄ꢱꢥ꣄ꢣꢾꢲ ꢒ꣄ꢬꢶꢫꣁ,nissande'ha kriyo'
ꢦꢹꢬ꣄ꢠ ꢒ꣄ꢬꢶꢫꣁ,poorna kriyo'
ꢮꢾꢣꢸꢬ꣄ꢦꢸꢬꢸꢱꢸ,ve'durpurusu
ꢣꢶꢮꢦꢸꢬꢸꢰꢸ,divapurushu
ꢂꢔ꣄ꢬ ꢨꢥ꣄ꢡꢸ,agra bantu
ꢥꢵꢒꢸ ꢱꢾꢣ꣄ꢣꢸ,naaku se'ddu
ꢲꢒꢵꢬ ꢯꢨ꣄ꢣꢸ,hakaara shabdu
ꢱ꣄ꢮꢵꢱꢪ꣄,svaasam
ꢪꢲꢵ ꢦ꣄ꢬꢵꢠꢪ꣄,mahaa praanam
ꢲꢭꢸꢥ꣄,halun
ꢲꢾꢞꢶ ꢱꢖ꣄ꢒꢶꢥꢶ,he'd'i sankini
ꢘꢥ꣄ꢡꢱ꣄,chhantas
ꢮꢵꢒ꣄ꢫ ꢩꢵꢔ꣄,vaakya bhaag
ꢮꢶꢤꢶ,vidhi
ꢦ꣄ꢬꢱ꣄ꢠꣁ,prasno'
ꢦ꣄ꢬꢱ꣄ꢠ ꢔꢸꢬꢶ,prasna guri
ꢒ꣄ꢬꢶꢫꢵꢦꢣꢸ,kriyaapadu
ꢒ꣄ꢬꢶꢫꢵꢮꢶꢱꢾꢰꢠ꣄,kriyaavise'shan
ꢂꢮ꣄ꢫꢫꣁ,avyayo'
ꢮꢶꢩꢒ꣄ꢡꢶ,vibhakti
ꢨꣁꢭꢵꢤꢶꢞꣁ,bo'laadhid'o'
ꢂꢜꣀ,at'ai
ꢦꢸꢬꢶ,puri
ꢂꢦ꣄ꢦꢸꢞꢵꢭ꣄,appud'aal
ꢂꢜ꣄ꢒꢸꢭ꣄,at'kul
ꢒꢫ꣄ꢫꢵꢥ꣄ ꢡꢾꢳ꣄ꢥꢶ,kayyaan te'l'ni
ꢂꢲꢵꢬ꣄,ahaar
ꢂꢦ꣄ꢦꢪ꣄,appam
ꢩꢭꢵꢬ꣄,bhalaar
ꢮꢶꢳ꣄꣄ꢜꢶꢫꣁ,vil't'iyo'
ꢆꢒ꣄ꢒꢸꢜꢸꢪ꣄,ukkut'um
ꢄꢜꢶꢫꢵꢦ꣄ꢦꢪ꣄,it'iyaappam
ꢕꢜꢮ꣄ꢥꢭ꣄,ghat'avnal
ꢱꢮ꣄ꢥꢭ꣄,savnal
ꢗꣀꢥꣁ,chaino'
ꢨꣁꢱꢸꢭꣁ,bo'sulo'
ꢪꢵꢪ꣄ꢱꢸ,maamsu
ꢓꣁꢮ꣄ꢱ꣄,kho'vs
ꢓꢥꢶ,khani
ꢓꢮ꣄ꢥꢪ꣄,khavnam
ꢆꢦ꣄ꢪꢵꢮ꣄,upmaav
ꢒꢗ꣄ꢗꢪ꣄ꢩꢵ ꢂꢪ꣄ꢨꢜ꣄,kachchambhaa ambat'
ꢨꢶꢙ꣄ꢙꢜ꣄,bijjat'
ꢭꣁꢰ꣄ꢜꣁ,lo'sht'o'
ꢡꢷꢭꢸ ꢆꢠ꣄ꢜꣁ,teelu unt'o'
ꢒꢾꢥ꣄ꢥꢶꢦꢾꢱ꣄,ke'nnipe's
ꢔꣁꢨ꣄ꢨꢸꢬꢾꢱ꣄ꢱꢸ,go'bbure'ssu
ꢒꣁꢞ꣄ꢞꢶ,ko'd'd'i
ꢒꢾꢳ꣄ꢳꢸ,ke'l'l'u
ꢱꢸꢔꢸꢞ꣄,sugud'
ꢗꣀꢭꢡ꣄ꢡꢾ,chailatte'
ꢗꢥꣁ,chano'
ꢨꢾꢠ꣄ꢞꢸꢗꢥꣁ,be'nd'uchano'
ꢒꢸꢞꢶꢗꢥꣁ,kud'ichano'
ꢣꢸꢒ꣄ꢒꢬꢸꢗꢥꣁ,dukkaruchano'
ꢒꣁꢬꢸꢗꣀꢥꣁ,ko'ruchaino'
ꢂꢪ꣄ꢜꢶ,amt'i
ꢔꣁꢙ꣄ꢙꢸ,go'jju
ꢒꢸꢜ꣄ꢒꢶꢬꢶ,kut'kiri
ꢂꢪ꣄ꢨꢶꢭ꣄,ambil
ꢒꢿꢱꢬꢶ,kesari
ꢒꢥ꣄ꢣꢸꢭꣁ,kandulo'
ꢪꢥ꣄ꢣꣁ,mando'
ꢗꢜ꣄ꢥꢶ,chat'ni
ꢡꢒ꣄ꢒꢵꢳꢶ ꢗꢜ꣄ꢥꢶ,takkaal'i chat'ni
ꢥꢬꢳ꣄꣄ ꢗꢜ꣄ꢥꢶ,naral' chat'ni
ꢦꢸꢡꢶꢥꢵ ꢗꢜ꣄ꢥꢶ,putinaa chat'ni
ꢪꢭ꣄ꢭꢶ ꢗꢜ꣄ꢥꢶ,malli chat'ni
ꢱꢸꢒ꣄ꢒꢜ꣄,sukkat'
ꢗꢦ꣄ꢦꢵꢡ꣄ꢡꢶ,chappaatti
ꢩꢵꢡ꣄,bhaat
ꢂꢥ꣄ꢥꢸ,annu
ꢱꢪ꣄ꢨꢵꢬ꣄,sambaar
ꢱꢾꢬꣁ,se'ro'
ꢬꢾꢱ꣄ꢱꢸ,re'ssu
ꢥꢴꢥ꣄ꢓꢥꢶ,nhankhani
ꢱꢸꢒꢸꢠ꣄ꢜꣁ,sukunt'o'
ꢭꢶꢪ꣄ꢨꢸ ꢩꢵꢡ꣄,limbu bhaat
ꢗꢾꢡ꣄ꢡꢶ ꢩꢵꢡ꣄,che'tti bhaat
ꢦꣁꢥ꣄ꢥꢶꢥ꣄ ꢗꣁꢥ꣄ꢥꣁ ꢩꢵꢡ꣄,po'nnin cho'nno' bhaat
ꢭꢶꢪ꣄ꢦꢸꢩꢵꢡ꣄,limpubhaat
ꢤꢶꢟꣁ,dhid'ho'
ꢚꣁꢳ꣄ꢳꢵ ꢩꢵꢡ꣄,jho'l'l'aa bhaat
ꢤꢾꢄ~,dhe'i~
ꢗꣁꢬꣁ,cho'ro'
ꢭꣁꢱ꣄ꢜꣁ,lo'st'o'
ꢡꢷ꣄ꢳ꣄ ꢭꣁꢰ꣄ꢜꣁ,teel' lo'sht'o'
ꢡꢷꢳ ꣄꣄ꢣꢵꢳ꣄,teel'a daal'
ꢒꢸꢳꢶꢶꢡ꣄ ꢣꢵꢳ꣄,kul'iit daal'
ꢥꢬꢳ꣄꣄ ꢣꢵꢳ꣄,naral' daal'
ꢨꢾꢳꢵꢣꢵꢳ꣄,be'l'aadaal'
ꢦꢸꢡꢶꢥꢵ ꢣꢵꢳ꣄,putinaa daal'
ꢥꢬꢳ꣄꣄ ꢣꢹꢡ꣄,naral' doot
ꢡꢿꢥꢾ,tene'
ꢡꢾꢥ꣄ꢡꢸꢭꣁ,te'ntulo'
ꢤꢶꢞꣁ,dhid'o'
ꢡꢹꢦ꣄,toop
ꢲꣁꢭ꣄ꢭꢵ ꢓꢥꢶ,ho'llaa khani
ꢦꢒ꣄ꢒꣂꢜꣁ,pakkot'o'
ꢦꣁꢳ꣄ꢳꢵ ꢬꢾꢱ꣄ꢱꢸ,po'l'l'aa re'ssu
ꢱꢶꢳ꣄ꢳ ꢩꢵꢡ꣄,sil'l'a bhaat
ꢒꣁꢞꢸꢒ꣄,ko'd'uk
ꢦꢵꢮ꣄,paav
ꢦꢱꢪ꣄,pasam
ꢣꢹꢡ꣄,doot
ꢣꢹꢡ꣄ꢩꢿꢞꢵ ꢦꢵꢭ꣄ꢒꣁꢮꢵ,dootbhed'aa paalko'vaa
ꢱꢵꢫ꣄,saay
ꢦꢶꢜ꣄ꢜꢸ,pit't'u
ꢨꣁꢱꢸꢭꢵ ꢩꢵꢡ꣄,bo'sulaa bhaat
ꢱꢷꢱꢸ ꢂꢮ꣄ꢠ꣄ꢞꢶ,seesu avnd'i
ꢣꢄ~ ꢬꢫ꣄ꢡꣁ,da_i~ rayto'
ꢂꢪ꣄ꢦꢜ꣄ ꢩꢵꢡ꣄,ampat' bhaat
ꢦꢹꢥ꣄ꢡꢶ,poonti
ꢦꣁꢖ꣄ꢒꢭ꣄,po'nkal
ꢔꢸꢳ꣄ꢳꢾ ꢦꣁꢖ꣄ꢔ꣄ꢭ꣄,gul'l'e' po'ngl
ꢪꢸꢣ꣄ꢣꢵ ꢦꣁꢖ꣄ꢔ꣄ꢭ꣄,muddaa po'ngl
ꢒꢾꢬꢭ꣄,ke'ral
ꢔꢸꢳ꣄ꢳꢾ ꢦꢾꢬꢵꢭ꣄,gul'l'e' pe'raal
ꢒꢫ꣄ꢭꣁ ꢒꢾꢱꢸꢬ꣄,kaylo' ke'sur
ꢦꣁꢳ꣄꣄ꢜꢶꢥꢶ,po'l't'ini
ꢦꣁꢳ꣄꣄ꢜꢾ ꢗꢥꣁ,po'l't'e' chano'
ꢦꣂꢠ꣄ꢜꢵ,pont'aa
ꢨꣂꢳꢶ,bol'i
ꢪꢬ꣄ꢒꢫ꣄ꢭꢵ ꢨꢸꢬ꣄ꢒꣁ,markaylaa burko'
ꢪꢴꢳꢶ ꢂꢪ꣄ꢜꢶ,mhal'i amt'i
ꢂꢠ꣄ꢜꢵ ꢂꢪ꣄ꢜꢶ,ant'aa amt'i
ꢂꢠ꣄ꢞꢵ ꢤꢶꢞꣁ,and'aa dhid'o'
ꢂꢗ꣄ꢗꢸ ꢡꢾꢥ꣄ꢡꢸꢭꣁ,achchu te'ntulo'
ꢲꢵꢡꢸ ꢡꢾꢥ꣄ꢡꢸꢭꣁ,haatu te'ntulo'
ꢂꢥꢸꢙ꣄ꢛꣁ,anujnyo'
ꢂꢥꢸꢪꢡꢶꢦ꣄ꢡ꣄ꢬꢸ,anumatiptru
ꢤꢪꢞ꣄ꢠꢵꢬ꣄,dhamad'naar
ꢣꣁꢮ꣄ꢜꢸꢥꢵꢬ꣄,do'vt'unaar
ꢏꢠ꣄ꢜ꣄ꢫ ꢦꣁꢔꢸꢮꢵꢜ꣄,o'nt'ya po'guvaat'
ꢔꢵꢫ꣄ ꢨꣁꢠ꣄ꢞꢶ,gaay bo'nd'i
ꢥꣃꢒꣁ,nauko'
ꢕꣁꢣꢵ ꢨꣁꢠ꣄ꢞꢶ,gho'daa bo'nd'i
ꢩꢵꢬ꣄ ꢡꢸꢒꢒꢸ꣄ꢥꢵꢬ꣄,bhaar tukakunaar
ꢩꣁꢠ꣄ꢠꢪ꣄,bho'nnam
ꢱꢪꢵꢥ꣄,samaan
ꢬꢾꢱ꣄ꢡꣁ,re'sto'
ꢫꢵꢡ꣄ꢬꢵ ꢗꢷꢜ꣄,yaatraa cheet'
ꢩꢵꢬ꣄ ꢨꣁꢠ꣄ꢞꢶ,bhaar bo'nd'i
ꢪꢵꢒ꣄ꢬꢸꢪ꣄,maakrum
ꢣꢠ꣄ꢞꢮꢵꢭꢪ꣄,dand'avaalam
ꢗꢭ꣄ꢥꢶ ꢪꢶꢜ꣄ꢜꣁ,chalni mit't'o'
ꢥꣃꢒꣁ ꢲꢶꢨ꣄ꢨꢥ꣄ꢬꢾꢪ꣄,nauko' hibbanre'm
ꢡꣁꢬꢠ꣄ ꢔꢸꢰ꣄ꢜꢶ,to'ran gusht'i
ꢦꢥ꣄ꢗꢭꢶ,panchali
ꢦꢥ꣄ꢗꢭ꣄,panchal
ꢭꢵꢜ꣄ꢒꢶꢜ꣄ꢒꢶ,laat'kit'ki
ꢗꢭꢞ꣄ꢥꢵꢬ꣄,chalad'naar
ꢨꢸꢜꢥ꣄ ꢥꣃ,but'an nau
ꢥꢶꢡ꣄ꢡ ꢮꢵꢜ꣄,nitta vaat'
ꢥꢵꢮ꣄,naav
ꢫꢵꢡ꣄ꢬꣁ,yaatro'
ꢫꢵꢡ꣄ꢬꢶꢒꢸꢥ꣄,yaatrikun
ꢫꢵꢡ꣄ꢬꢶꢥ꣄,yaatrin
ꢬꣀꢫꢶꢭ꣄ ꢨꣁꢠ꣄ꢜꢶ,raiyil bo'nt'i
ꢬꣀꢫꢶꢭ꣄ ꢨꣁꢠ꣄ꢞꢶ,raiyil bo'nd'i
ꢲꢶꢦ꣄ꢦꢥ꣄꣄ ꢢꢵꢪ꣄,hippan thaam
ꢨꢱ꣄,bas
ꢨꢱ꣄ ꢱ꣄ꢢꢭ꣄,bas sthal
ꢂꢮ꣄ꢥꢶ ꢙꢥꢶ,avni jani
ꢔꣁꢬꢸꢨꣁꢠ꣄ꢜꢶ,go'rubo'nt'i
ꢦꢛBꢗꢸꢭꢵ ꢨꣁꢠ꣄ꢜꢶ,panyaBchulaa bo'nt'i
ꢮꢶꢣ꣄ꢫꢸꢡ꣄ꢡꣁꢬꢠ꣄ ꢔꢸꢰ꣄ꢜꢶ,vidyutto'ran gusht'i
ꢫꢵꢡ꣄ꢬꢵ,yaatraa
ꢨꣁꢠ꣄ꢜꢶ,bo'nt'i
ꢨꣁꢠ꣄ꢞꢶ,bo'nd'i
ꢂꢒꢵꢰ꣄ ꢔꢸꢰ꣄ꢜꢶ,akaash gusht'i
ꢂꢒꢵꢱꢸ ꢫꢵꢥ꣄,akaasu yaan
ꢕꢹꢜꢸ ꢨꣁꢠ꣄ꢜꢶ,ghoot'u bo'nt'i
ꢂꢒꢵꢰ꣄ꢔꢸꢰ꣄꣎ꢜꢶ ꢬꢿꢪ꣄,akaashgush.t'i rem
ꢂꢒꢵꢰ꣄ꢔꢸꢰ꣄ꢜꢶ ꢱꢵꢬꢡꢶ,akaashgusht'i saarati
ꢮꢿꢒꢸ ꢔꢸꢰ꣄ꢜꢶ,veku gusht'i
ꢨꢾꢫ꣄,be'y
ꢣꢣꣁ,dado'
ꢩꢮꢶ,bhavi
ꢩꢮꣁ,bhavo'
ꢧꢸꢄ~,phui~
ꢨꣂ,bo
ꢨꢵꢦ꣄,baap
ꢂꢪ꣄ꢨꣁ,ambo'
ꢂꢙ꣄ꢙꢶ,ajji
ꢂꢙ꣄ꢙꢶ ꢂꢪ꣄ꢨꣁ,ajji ambo'
ꢒꢵꢪ꣄ ꢒꢾꢬ꣄ꢡ꣄ꢡꢶꢥ꣄,kaam ke'rttin
ꢱꢾꢥ꣄ꢡꣁꢙꢶꢥ꣄,se'nto'jin
ꢨꣀꢨꢾꢫ꣄ꢥꢾꢥ꣄,baibe'yne'n
ꢨꢥ꣄ꢤꢸꢙꢾꢥꢵꢥ꣄,bandhuje'naan
ꢐꢱ꣄ꢡꢸꢥ꣄,ostun
ꢨꢥ꣄ꢣꢸꢦꢥ꣄,bandupan
ꢏꢱ꣄ꢡꢸ,o'stu
ꢣꢾꢮ꣄ꢬꢥꢶ ꢚꢾꢞꢥꢶꢥ꣄,de'vrani jhe'd'anin
ꢣꢭ꣄ꢭꣁ,dallo'
ꢦꢡꢶ,pati
ꢩꢬ꣄ꢡꣁ,bharto'
ꢂꢪ꣄ꢨꢸꢭꣁ,ambulo'
ꢦꢶꢭ꣄ꢭꣁ,pillo'
ꢨꢵꢳꢸ,baal'u
ꢥꢴꢸꢬꢸ,nhuru
ꢨꢵ ꢂꢙ꣄ꢙꣁ,baa ajjo'
ꢨꢵ ꢂꢙ꣄ꢙꢶ,baa ajji
ꢦꣁꢥ꣄ ꢥꢡꢶꢥꢶ,po'n natini
ꢦꣁꢥ꣄ꢥꢡ꣄ꢡꢾ,po'nnatte'
ꢣꢾꢮꢬ꣄,de'var
ꢥꢾꢥꢥ꣄ꢡꢸ,ne'nantu
ꢥꢿꢥ꣄ꢣꢸ,nendu
ꢱꣁꢮꢡ꣄,so'vat
ꢱꢾꢬ꣄ꢔꢸꢜ꣄,se'rgut'
ꢱꢞ꣄ꢔꢸꢜ꣄,sad'gut'
ꢱꢾꢖ꣄ꢒꣁ ꢆꢙꢾꢱ꣄ꢡꢾꢥꣁ,se'nko' uje'ste'no'
ꢩꣀ,bhai
ꢱꢾꢖ꣄ꢒꣁ ꢆꢙꢾꢱ꣄ꢡꢶꢥꣁ,se'nko' uje'stino'
ꢩꢾꢫ꣄ꢥ꣄,bhe'yn
ꢮꢾꢱꢶꢥ꣄ꢡꢶ,ve'sinti
ꢮꢾꢱꢶꢥ꣄ꢡꢶꢥ꣄,ve'sintin
ꢥꢴꢥ꣄ꢥꢨꣂ,nhannabo
ꢒꢒꣁ,kako'
ꢪꣃꢱꢶ,mausi
ꢥꢴꢥ꣄ꢥꢪ꣄ꢨꣂ,nhannambo
ꢨꣀꢫ꣄,baiy
ꢨꢾꢜꣁ,be't'o'
ꢂꢫ꣄ꢫꣂ,ayyo
ꢂꢙ꣄ꢙꣁ,ajjo'
ꢡꢭ꣄ꢭꣂ,tallo
ꢂꢖ꣄ꢒꢿꢬ꣄ ꢨꣁ,anker bo'
ꢂꢖ꣄ꢒꢿꢬꢪ꣄ꢨꣁ꣄,ankerambo'
ꢨꢾꢫ꣄ꢭ꣄,be'yl
ꢨꣀꢭ꣄,bail
ꢩꢵꢬꢶ,bhaari
ꢩꢵꢬꢶꢫꣁ,bhaariyo'
ꢪꢴꣁꢜ꣄ꢜ ꢨꣂ,mho't't'a bo
ꢪꣁꢜ꣄ꢜꢪ꣄ ꢨꣂ,mo't't'am bo
ꢪꢵꢫ꣄ꢨꢵꢦ꣄,maaybaap
ꢂꢪ꣄ꢨꣁ ꢨꣂ,ambo' bo
ꢥꢡꢶꢥꢶ,natini
ꢥꢡ꣄ꢡꢾ,natte'
ꢨꢾꢜꢶ,be't'i
ꢱꢳꣁ,sal'o'
ꢩꣁꢮ꣄ꢠ꣄ꢜꢶ,bho'vnt'i
ꢙꣁꢪꣀ,jo'mai
ꢪꢪꣁ,mamo'
ꢱꣁꢱꢸꢬꣁ,so'suro'
ꢪꢪꢶ,mami
ꢱꢱꢸ,sasu
ꢂꢖ꣄ꢔꢸꢱꣁ,anguso'
ꢪꢸꢣ꣄ꢬꢠꢱꢵꢭꣁ,mudranasaalo'
ꢪꢸꢣ꣄ꢬꢠꣁ,mudrano'
ꢥꢶꢪ꣄ꢦꢶꢥꢶꢮꢵꢥ꣄,nimpinivaan
ꢪꢸꢣ꣄ꢬꢠꣁ ꢒꢾꢬ꣄ꢥꢵꢬ꣄,mudrano' ke'rnaar
ꢭꢾꢓꢸꢮꢵꢥ꣄,le'khuvaan
ꢮꢵꢭ꣄ꢮꢸ,vaalvu
ꢚꢔꢶ ꢲꢸꢔꢸꢞꢵꢮ꣄,jhagi hugud'aav
ꢮꢬꢶꢞꣁ,varid'o'
ꢮꢫꢞꢾ,vayad'e'
ꢥꢶꢥꢵꢮ꣄ ꢒꢾꢬ꣄ꢥꢵꢮ꣄,ninaav ke'rnaav
ꢒꢡ꣄ꢒꣁ,katko'
ꢒꢒ꣄ꢒꣁ,kakko'
ꢧꢱꢭ꣄ ꢒꢜꢱ꣄ꢡꢾ,phasal kat'aste'
ꢲꣁꢞꢫ꣄ꢡ꣄,ho'd'ayt
ꢃꢠꢶ,aani
ꢄꢜ꣄ꢒꢶ,it'ki
ꢔꢮ꣄ꢬꢶ,gavri
ꢔꣁꢭ꣄ꢭꢬꢶꢥ꣄,go'llarin
ꢔꣁꢮ꣄ꢭꢶ,go'vli
ꢔꢮ꣄ꢬꢸ,gavru
ꢔꣁꢮ꣄ꢭꣁ,go'vlo'
ꢱꢪ꣄ꢫꣂꢙꢒꣁ,samyojako'
ꢃꢱꢥꣁ,aasano'
ꢦꢷꢝꢪ꣄,peet'ham
ꢥꢶꢮꢵꢬꢠꣁ,nivaarano'
ꢡꢵꢡ꣄,taat
ꢡꢵꢒ꣄,taak
ꢆꢬ꣄ꢮꢬꣁ,urvaro'
ꢆꢬꣁ,uro'
ꢤꢸꢭ꣄ꢞꣁ,dhuld'o'
ꢡꢹꢬ꣄,toor
ꢒꢱꢮ꣄ꢜꢶ,kasavt'i
ꢔꣁꢱꢸꢥꢵꢮꢸ ꢣꢾꢫ꣄ꢞꣁ,go'sunaavu de'yd'o'
ꢗꢸꢭ꣄ꢭꣁ,chullo'
ꢙꢸꢥꢡ꣄ꢥꢵꢬ꣄,junatnaar
ꢥꢖ꣄ꢔꢸꢥꢵꢬ꣄,nangunaar
ꢒꢬ꣄ꢰ꣄ꢠꢵꢬ꣄,karshnaar
ꢱꢶꢮꢶ,sivi
ꢧꢸꢥꢳꢶ,phunal'i
ꢢꢿꢡꢸ ꢱꢡ꣄ꢡꢸ,thetu sattu
ꢱꢿꢥ꣄,sen
ꢒꢜꢶ ꢣꢾꢮ꣄ꢱꢶꢥꢶ,kat'i de'vsini
ꢪꢶꢳꢞ꣄ꢠꢶ,mil'ad'ni
ꢱꢶꢖ꣄ꢔꢬ꣄ꢭꢶꢥꢶ,singarlini
ꢤꣁꢥꢶ ꢦꢛ꣄ꢙꢷꢒꢬꢠꣁ,dho'ni panjeekarano'
ꢤꣁꢥꢶ ꢤꢾꢬ꣄ꢥꢶ,dho'ni dhe'rni
ꢬꢹꢦꢸ ꢦꢛ꣄ꢙꢷꢒꢬꢠꣁ,roopu panjeekarano'
ꢬꢹꢦꢸ ꢤꢾꢬ꣄ꢥꢶ,roopu dhe'rni
ꢣꣁꢮ꣄ꢞꢸꢥꢵꢬ꣄,do'vd'unaar
ꢱꢵꢬꢤꢶ,saaradhi
ꢣꣂꢠꢶ,doni
ꢥꢮ꣄ꢒꣁ,navko'
ꢒꢾꢜ꣄ꢜꢾ ꢦꢛ꣄ꢗꢭ꣄,ke't't'e' panchal
ꢒꢾꢜ꣄ꢜꢾ ꢬꢹꢦ꣄ ꢒꢾꢬ꣄ꢥꢶ,ke't't'e' roop ke'rni
ꢔꢪ꣄ꢙꢶ,gamji
ꢔꢪ꣄ꢗꢸꢥꢵꢬ꣄,gamchunaar
ꢱꢹꢞ꣄ ꢲꢥꢱ꣄ꢡꢾ,sood' hanaste'
ꢤꢾꢥ꣄ꢣ꣄ꢫꢵꢮ꣄,dhe'ndyaav
ꢥꢵꢮꢶ,naavi
ꢡꢵꢬ꣄,taar
ꢬꢴꢾꢞꣁ,rhe'd'o'
ꢥꢔꢸꢥꣁ,naguno'
ꢲꢭꣁ,halo'
ꢦꢵꢡ꣄ꢬꣁ,paatro'
ꢱꢹꢞꢸ ꢢꢵꢪ꣄,sood'u thaam
ꢕꢥꢪꢶꢡꢶ,ghanamiti
ꢒꢫ꣄ꢭꢒꢾꢱꢸꢬꢸ ꢒꢾꢬꢶ,kaylake'suru ke'ri
ꢱꢾꢦꢶꢥꢶ,se'pini
ꢦꢮ꣄ꢒꢭ꣄,pavkal
ꢦꢮ꣄ꢱꢸꢭ꣄,pavsul
ꢣꢵꢬ꣄ꢮꢵꢥ꣄,daarvaan
ꢗꢮ꣄ꢒꢷꢣꢵꢬ꣄,chavkeedaar
ꢦꣂꢭꢷꢱ꣄,polees
ꢒꢮꢭ꣄ꢒꢾꢬꣁ,kavalke'ro'
ꢢꢠꣀꢡ꣄,thanait
ꢮꢶꢞ꣄ꢔ꣄ꢫꢵ ꢆꢰ꣄ꢳꣁ,vid'gyaa ushl'o'
ꢗꢸꢥ꣄ꢥꢵ ꢆꢰ꣄ꢳꣁ,chunnaa ushl'o'
ꢙꢹꢠꢡ꣄ꢮꢵꢥ꣄,joonatvaan
ꢓꢸꢪ꣄ꢨꢵꢬ꣄,khumbaar
ꢒꣁꢬꢜ꣄,ko'rat'
ꢦꢸꢜ꣄ꢒꢶ,put'ki
ꢦꢜꢶ,pat'i
ꢒꢹꢭꢶ,kooli
ꢒꢹꢭꢶꢒꢾꢬꢶ,koolike'ri
ꢲꢵꢡꢸꢒꢵꢪ꣄,haatukaam
ꢱꢲꢵꢫꢒꣁ,sahaayako'
ꢱꢶꢔꢸꢞꣁ,sigud'o'
ꢲꢵꢡꢸ ꢏꢬꣁ,haatu o'ro'
ꢲꢵꢡꢸ ꢒꢵꢪ꣄,haatu kaam
ꢒꣁꢭ꣄ꢒꢶ,ko'lki
ꢱꢪ꣄ꢜꢵꢮ꣄,samt'aav
ꢬꢮꢸꢭꢸ ꢩꢷꢡ꣄,ravulu bheet
ꢭꢮ꣄ꢬꢶ,lavri
ꢓꢿꢞ꣄,khed'
ꢦꢬꢱꢸ,parasu
ꢗꢾꢒ꣄ꢒꢬ꣄,che'kkar
ꢱꢾꢖ꣄ꢒꢳ꣄,se'nkal'
ꢱꢪꢹꢲ ꢱꢿꢮꣁ,samooha sevo'
ꢲꢥ꣄ꢣꢮ꣄ ꢒꢾꢬꣁ,handav ke'ro'
ꢲꢥ꣄ꢣꢮ꣄ ꢒꢾꢬꢶꢥ꣄,handav ke'rin
ꢗꢵꢜꣁ,chaat'o'
ꢱꢵꢠ꣄,saan
ꢱꢵꢪꢠꣁ,saamano'
ꢬꢾꢖ꣄ꢔꢸ,re'ngu
ꢮꢶꢞꢶ,vid'i
ꢱꢶꢭ꣄ꢦꢸ,silpu
ꢝꢖ꣄ꢒ꣄ꢥꢵꢬ꣄,t'hanknaar
ꢱꢶꢭ꣄ꢦꢶ,silpi
ꢱꢶꢭ꣄ꢦꢒꢵꢬ꣄,silpakaar
ꢧꢶꢬ꣄ꢮꢜ꣄,phirvat'
ꢗꢸꢥ꣄ꢥꣁ,chunno'
ꢱꢸꢡ꣄ꢡꢶꢫꢭ꣄,suttiyal
ꢪꢹꢬ꣄,moor
ꢩꢵꢬ꣄ꢡꢸꢒ꣄ꢒꢸꢥꢵꢬ꣄,bhaartukkunaar
ꢆꢰ꣄ꢭꣁ,ushlo'
ꢦꢾꢠ꣄ꢕꢠꣁ,pe'nghano'
ꢗꢾꢠ꣄ꢜꢾ ꢮꢵꢡ꣄ꢫꢪ꣄,che'nt'e' vaatyam
ꢪꢴꢳꢫ꣄ꢡꢸ,mhal'aytu
ꢪꢴꢳ꣄ꢶꢮꢵꢥ꣄,mhal'_ivaan
ꢪꢴꢳꢶꢶꢒꢾꢬꢶ,mhal'iike'ri
ꢱꢾꢒ꣄ꢒꢸꢭꢸꢮꢵꢥ꣄,se'kkuluvaan
ꢒꢵꢬ꣄ꢫꢡꢬ꣄ꢱꢶ,kaaryatarsi
ꢙꣂꢱ꣄ꢫꢪ꣄,josyam
ꢱꣂꢱꢶ,sosi
ꢡꢾꢔꢞ꣄,te'gad'
ꢱꣁꢥꢵꢬꢸ,so'naaru
ꢒꢱꢵꢬ꣄,kasaar
ꢭꢿꢔꢸꢮꢵꢥ꣄,leguvaan
ꢡꢦꢵꢭ꣄ꢒꢾꢬꣁ,tapaalke'ro'
ꢡꢾꢬ꣄ꢒꢳꢶ,te'rkal'i
ꢡꢾꢬꢒ꣄,te'rak
ꢤꣁꢠ꣄ꢞꣁ,dho'nd'o'
ꢣꣁꢨ꣄ꢨꢥ꣄ ꢔꢸꢰ꣄ꢜꢶ,do'bban gusht'i
ꢪꢔꣁ,mago'
ꢒꢸꢱ꣄ꢒꢥ꣄ꢓꢜ꣄ꢜꢶ,kuskankhat't'i
ꢣꢶꢒ꣄ꢒꢸ ꢣꢾꢒ꣄ꢒꢞꢵꢮ꣄,dikku de'kkad'aav
ꢣꢶꢒ꣄ꢒꢸ ꢣꢬ꣄ꢱꢶꢥꢶ,dikku darsini
ꢣꢶꢒ꣄ꢒꢸ ꢱꢹꢗꢥꢶ,dikku soochani
ꢩꢶꢒꢸꢖ꣄ꢗꢸꢥꢵꢮ꣄,bhikungchunaav
ꢥꢮ꣄ꢒꢵ ꢣꢠ꣄ꢞꢸ,navkaa dand'u
ꢥꢮ꣄ꢣꢠ꣄ꢞꢸ,navdand'u
ꢦꣁꢱ꣄ꢥꢵꢮ꣄,po'snaav
ꢧꢸꢮ꣄ꢥꣁ,phuvno'
ꢧꢸꢮ꣄ꢥꢵꢮ꣄,phuvnaav
ꢦꢸꢜ꣄ꢜꢵ ꢲꢷꢬ꣄,put't'aa heer
ꢦꢸꢜ꣄ꢜꣁ ꢡꢔꢱ꣄ꢡꢾ,put't'o' tagaste'
ꢡꢸꢒ꣄ꢒꢥ꣄ ꢌꢥ꣄ꢡꢸꢬ,tukkan e'ntura
ꢣꢹꢒ꣄ꢒꢸꢣꣂꢬ꣄,dookkudor
ꢡꢹꢒ꣄ꢒꢸ ꢪꢶꢜ꣄ꢜꣁ,tookku mit't'o'
ꢪꢴꢳꢶ ꢤꢾꢬ꣄ꢥꢵꢮ꣄,mhal'i dhe'rnaav
ꢪꣀꢪꢲꢶ ꢲꣁꢮ꣄ꢞꢶꢠꢶ,maimahi ho'vd'ini
ꢱꢷꢮ꣄,seev
ꢱꢶꢪ꣄ꢦꢶ,simpi
ꢱꢸꢪ꣄ꢦꢶꢥꢶ,sumpini
ꢱꢶꢮ꣄ꢥꢶ ꢫꢥ꣄ꢡꢸꢬ꣄,sivni yantur
ꢆꢣ꣄ꢫꣂꢔꢶ,udyogi
ꢭꢵꢥꢸꢮꢵꢥ꣄,laanuvaan
ꢭꢵꢥ꣄,laan
ꢏꢞ꣄ꢞꢾ,o'd'd'e'
ꢱꢸꢣ꣄ꢤꢶ ꢒꢾꢬ꣄ꢥꢵꢬ꣄,suddhi ke'rnaar
ꢒꢾꢰꢥ꣄,ke'shan
ꢱꣁꢥ꣄ꢥꢵꢮꢠꢶꢒ꣄,so'nnaavanik
ꢱ꣄ꢢ꣄ꢬꢶꢒꢾꢬꢥ꣄ ꢆꢦꢒꢬꢠꣁ,sthrike'ran upakarano'
ꢗꢭ꣄ꢡꢒꢬꢥ꣄ꢮꢵꢥ꣄,chaltakaranvaan
ꢕꢭ꣄ꢥꢶ,ghalni
ꢥꢵꢗ꣄ꢮꢵꢥ꣄,naachvaan
ꢥꢜꢥꢵꢳꢶ,nat'anaal'i
ꢥꢗ꣄ꢮꣁ,nachvo'
ꢥꢜꢶ,nat'i
ꢥꢗ꣄ꢮꢶ,nachvi
ꢥꢜꢶꢒꣁ,nat'iko'
ꢥꢬ꣄ꢡ꣄ꢡꢒꣁ,narttako'
ꢥꢬ꣄ꢡ꣄ꢡꢒꢶ,narttaki
ꢥꢮꢗꢵꢬ꣄,navachaar
ꢥꢜ꣄ꢒꢪ꣄ꢒꢾꢬꢶ,nat'kamke'ri
ꢥꢜ꣄ꢒꢪ꣄ ꢂꢳꢶ,nat'kam al'i
ꢱꢱ꣄ꢫꢬꣁꢲꢥ ꢬꢾꢪ꣄,sasyaro'hana re'm
ꢓꣁꢳ꣄꣄ꢗꢾ,kho'l'che'
ꢦꢵꢱꢥꣁ,paasano'
ꢦꢥꢶ ꢱꢶꢛ꣄ꢗꢥꣁ,pani sinchano'
ꢆꢱ꣄ꢦꢸꢮꢵꢮ꣄,uspuvaav
ꢫꣁꢒ꣄ ꢩꢥ꣄ꢣꢥꣁ,yo'k bhandano'
ꢥꢔꣁ,nago'
ꢣꣁꢬꢶ,do'ri
ꢒꢣꢸꢥꢵꢬ꣄,kadunaar
ꢒꢣꢱ꣄ꢡꢾ,kadaste'
ꢮꢶꢥ꣄ꢒꢬ꣄,vinkar
ꢮꢶꢥꢱ꣄ꢡꢾ,vinaste'
ꢆꢒ꣄ꢒꢶꢱꣁꢠ꣄ꢠꢶ,ukkiso'nni
ꢆꢡ꣄ꢡꣂꢭꢒꣁ,uttolako'
ꢦꣁꢜ꣄ꢜꢾꢜ꣄,po't't'e't'
ꢒꢵꢪꢸ ꢱ꣄ꢢꢭ꣄,kaamu sthal
ꢒꢵꢪꢸ ꢢꢵꢪ꣄,kaamu thaam
ꢦꢛBꢗꢭ꣄,panyaBchal
ꢙꢷꢮꢵꢯ꣄ꢪꣁ,jeevaashmo'
ꢱꢶꢭꢵꢤꢵꢡꢸ,silaadhaatu
ꢦꢡ꣄ꢬꢸ,patru
ꢱꢵꢭꣁ,saalo'
ꢱꢪ꣄ꢦꢵꢡꢒꣁ,sampaatako'
ꢥꢸꢡꢸ,nutu
ꢣꢵꢡ꣄ ꢗꢾꢒ꣄ꢒꢸꢬ꣄,daat che'kkur
ꢦꣁꢭ꣄ꢒꣁ,po'lko'
ꢦꢭ꣄ꢒꣁ,palko'
ꢩꢵꢬ꣄ ꢡꢸꢒ꣄ꢒꢸꢥꢵꢮ꣄,bhaar tukkunaav
ꢂꢲꢶꢡꢸꢠ꣄ꢞꢶꢒꣁ,ahitund'iko'
ꢱꢵꢦꢸꢮꢱꢒꣁ,saapuvasako'
ꢥꢮ꣄ ꢪꢵꢬ꣄ꢔ ꢗꢵꢭꢥ,nav maarga chaalana
ꢥꢮ꣄ ꢥꢶꢫꢥ꣄ꢡ꣄ꢬꢠ ꢦꢜꣁ,nav niyantrana pat'o'
ꢣꢵꢬ꣄,daar
ꢦꢖ꣄ꢗꢭ꣄,pangchal
ꢮꢡ꣄ꢡꢾ,vatte'
ꢔꣁꢠꢪ꣄,go'nam
ꢌꢪꢸ ꢮꢱ꣄ꢡꢬ꣄,e'mu vastar
ꢌꢪꢸ ꢨꢥ꣄ꢤꢶꢒꣁ,e'mu bandhiko'
ꢭꢖBꢔꣂꢜ꣄,langaBgot'
ꢒꢰ꣄ꢜꢶ ꢨꣁꢜ꣄ꢜꣁ,kasht'i bo't't'o'
ꢲꢿꢪꢸꢮꢱ꣄ꢡꢬ꣄,hemuvastar
ꢓꢥꢵꢮ꣄,khanaav
ꢔꢾꢜ꣄ꢨꢵꢬꣁ,ge't'baaro'
ꢣꢹꢡ꣄ꢒꢾꢬꣁ,dootke'ro'
ꢣꢹꢡ꣄ꢒꢾꢬꢶꢥ꣄,dootke'rin
ꢡꢥꢶ,tani
ꢔꢸꢪ꣄ꢦꢶꢥꢶ,gumpini
ꢮꢾꢥꢶ,ve'ni
ꢧꢷꢝꢪ꣄,pheet'ham
ꢦꢶꢦꢵꢫ꣄,pipaay
ꢧꢹꢭ꣄ꢒꢾꢬꢶꢥ꣄,phoolke'rin
ꢲꢨ꣄ꢨꢸ ꢥꢵꢱꢶꢥꢶ,habbu naasini
ꢒ꣄ꢬꢸꢪꢶ ꢥꢵꢱꢶꢥꢶ,krumi naasini
ꢦꢸꢜ꣄ꢜꢭꢸ ꢒꢸꢞꣁ,put't'alu kud'o'
ꢱꣁꢥꢵꢬ꣄,so'naar
ꢱꢪꢱꢥꢶ,samasani
ꢥꢴꢶꢥꢵꢮ꣄ ꢒꢾꢬꢵꢮ꣄,nhinaav ke'raav
ꢪꢥ꣄ꢡꢶꢮꢵꢡꢶ,mantivaati
ꢮꣁꢫ꣄ꢣꢶꢥ꣄,vo'ydin
ꢮꣁꢫ꣄ꢣꢸ,vo'ydu
ꢨꢮ꣄ꢭꢪ꣄,bavlam
ꢂꢣ꣄ꢣꢶ ꢩꢵꢬ꣄,addi bhaar
ꢂꢣ꣄ꢣꢶ ꢨꢶꢱ꣄ꢱꣁ,addi bisso'
ꢦꢾꢭꢶ ꢨꢶꢱ꣄ꢱꣁ,pe'li bisso'
ꢡꢾꢭ꣄ꢥꢶ,te'lni
ꢮꢶꢣ꣄ꢫꢸꢡ꣄ ꢔꣀꢞꢶ,vidyut gaid'i
ꢪꢴꢭꢶꢒꢾꢬꣁ,mhalike'ro'
ꢪꢴꢭꢶꢮꢵꢥ꣄,mhalivaan
ꢪꢴꢭꢶꢒꢾꢬꢶꢥ꣄,mhalike'rin
ꢪꢴꢭꢶꢮꢡꢶ,mhalivati
ꢗꢶꢔꢸꢬ꣄,chigur
ꢂꢖ꣄ꢔꢸꢬꣁ,anguro'
ꢨꢶꢔꢶꢖ꣄ꢗꢸꢥꢵꢮ꣄,bigingchunaav
ꢒꢵꢪ꣄ ꢓꢜ꣄ꢥꢵꢬ꣄,kaam khat'naar
ꢤꣁꢠ꣄ꢞꣁ ꢒꢾꢬꢶ,dho'nd'o' ke'ri
ꢡꢥꢵ ꢬꢾꢞꣁ,tanaa re'd'o'
ꢬꢾꢞꣁ,re'd'o'
ꢗꢬ꣄ꢒꢵ ꢬꢾꢞꣁ,charkaa re'd'o'
ꢦꣁꢬꢜꢶꢥ꣄,po'rat'in
ꢦꣁꢭ꣄ꢜꢶꢥ꣄,po'lt'in
ꢧꢶꢬꢸꢞꢵꢮ꣄,phirud'aav
ꢪꢸꢬꣁ,muro'
ꢦꣁꢬꢜ꣄,po'rat'
ꢦꣁꢳ꣄꣄ꢜꣁ,po'l't'o'
ꢨꢶꢫꢵꢬ꣄,biyaar
ꢨꢶꢫꢵꢬ꣄ꢗꢵꢬ꣄,biyaarchaar
ꢮꢠꢷ,vanee
ꢮꢠꢶꢒ꣄,vanik
ꢦꢾꢫ꣄ꢬ꣄,pe'yr
ꢒꢾꢡ꣄,ke't
ꢏꢭꣁ,o'lo'
ꢮꢵꢜ꣄ꢣꢾꢓ꣄ꢒꢜ꣄ꢥꢵꢬ꣄,vaat'de'khkat'naar
ꢪꢵꢬ꣄ꢔꢣꢬ꣄ꢱꢒ꣄,maargadarsak
ꢗꢾꢒ꣄ꢒꢸꢬ꣄,che'kkur
ꢘꢾꢡ꣄,chhe't
ꢨꢷ,bee
ꢨꢷꢙ꣄,beej
ꢅꢪꢸ,eemu
ꢨꢷꢡ꣄ꢡꢸ,beettu
ꢨꢷꢒ꣄ꢕꢭ꣄ꢥꢶ,beekghalni
ꢩꢶꢫꢵꢬ꣄ꢱꢵꢬ꣄,bhiyaarsaar
ꢮꢠꢶ,vani
ꢙꢸꢥ꣄ꢥꢡ꣄ꢮꢵꢥ꣄,junnatvaan
ꢥꢖ꣄ꢔꢸꢥꢬ꣄,nangunar
ꢦꢷꢒ꣄,peek
ꢦꢶꢒ꣄ꢒꢾꢫꣁ,pikke'yo'
ꢦ꣄ꢬꢒꢜ꣄ꢥꢵꢬ꣄,prakat'naar
ꢦ꣄ꢬꢱꢸꢬꣁ ꢒꢾꢬ꣄ꢥꢵꢬ꣄,prasuro' ke'rnaar
ꢩꢬꢵꢜ꣄ ꢱꣁꢞ꣄ꢠꢵꢬ꣄,bharaat' so'd'naar
ꢃꢓꢾꢜ꣄,aakhe't'
ꢪꢺꢔꢫꣁ,mri'gayo'
ꢮꢿꢜꣁ ꢓꢳ꣄ꢥꢶ,vet'o' khal'ni
ꢃꢓꢾꢜꢸꢮꢵꢥ꣄,aakhe't'uvaan
ꢮꢿꢜꣁ ꢓꢳ꣄꣄ꢥꢵꢬ꣄,vet'o' khal'naar
ꢒꢵꢪ꣄ ꢒꢾꢬ꣄ꢡ꣄ꢡꣁ,kaam ke'rtto'
ꢮꣁꢫ꣄ꢡꢸ,vo'ytu
ꢙꣂꢱꢸꢜꢸ,josut'u
ꢗꢶꢜ꣄ꢜꢶꢣꢶꢮꣁ,chit't'idivo'
ꢡꢶꢥ꣄ꢥꢳ꣄꣄,tinnal'
ꢒꣀꢖ꣄ꢒꢬ꣄ꢫꢣꢵꢥ꣄,kainkaryadaan
ꢱꢸꢣꢵꢥ꣄,sudaan
ꢗꣁꢒ꣄ꢣꢵꢥ꣄,cho'kdaan
ꢣꢶꢮꢭꢶ,divali
ꢡꣁꢬꢠ꣄,to'ran
ꢮꢶꢯꢾꢰ꣄,vishe'sh
ꢦꣁꢖ꣄ꢒꢭ꣄ ꢱꢾꢥ꣄ꢥꢸ,po'nkal se'nnu
ꢪꢒꢬ ꢱꢖ꣄ꢒ꣄ꢬꢵꢥ꣄ꢡꢶ,makara sankraanti
ꢂꢖ꣄ꢔꢪ꣄,angam
ꢨꢵꢣꢪ꣄,baadam
ꢲꢶꢬꢶꢞꢶ,hirid'i
ꢦꣁꢒ꣄ꢒꢭ꣄,po'kkal
ꢣꣀꢬ ꢲꢵꢡ꣄,daira haat
ꢣꢒꢸꢥ ꢲꢵꢡꢶ,dakuna haati
ꢒꢿꢜ꣄,ket'
ꢬꣁꢦ꣄ꢦꣁ,ro'ppo'
ꢬꢾꢔꢡ꣄,re'gat
ꢲ꣄ꢬꢸꢣꢫꢸ,hrudayu
ꢔꢸꢠ꣄ꢞꢾ,gund'e'
ꢡꢶꢳ꣄꣄ꢙꢶ,til'ji
ꢲ꣄ꢬꢸꢞꢶ,hrud'i
ꢡꢳꢸ,tal'u
ꢃꢖ꣄ꢒꢸ,aanku
ꢱꢾꢬꢶꢬ꣄,se'rir
ꢡꢥꢸ,tanu
ꢃꢖ꣄ꢔꢸ,aangu
ꢲꢸꢜ꣄ꢜꣁ,hut't'o'
ꢙꢷꢬ꣄ꢠꢸ ꢣ꣄ꢬꢮ꣄ꢫꢸ,jeernu dravyu
ꢦꢵꢣꢪ꣄,paadam
ꢡꢳꢦꢵꢄ~,tal'apaai~
ꢡꢳꢲꢵꢡ꣄,tal'ahaat
ꢲꢹꢜ꣄ꢜꣁ,hoot't'o'
ꢲꢜ꣄ꢒꣁ,hat'ko'
ꢲꢜ꣄ꢒꢵ ꢔꢹꢞ꣄,hat'kaa good'
ꢣꣁꢳꣁ,do'l'o'
ꢣꣁꢳꢵꢪ꣄ ꢦꢥꢶ,do'l'aam pani
ꢦꢦꣁ,papo'
ꢔꢸꢞ꣄ꢔꢵꢭ꣄,gud'gaal
ꢦꢭ꣄ꢜꢶ,palt'i
ꢔꢾꢳꣁ,ge'l'o'
ꢒꢥꢱꢸꢭ꣄,kanasul
ꢔꢮ꣄ꢭꣁ,gavlo'
ꢔꢦꢸꢭꣁ,gapulo'
ꢔꢵꢭꢸ,gaalu
ꢒꢵꢥ꣄,kaan
ꢦꢵꢄ~,paai~
ꢒꢺꢡꢵ,kri'taa
ꢓꢭꢸ ꢏꢣꢞ꣄,khalu o'dad'
ꢂꢥ꣄ꢡ꣄ꢬꣁ,antro'
ꢱꣁꢪꢵꢥ꣄,so'maan
ꢔꢠ꣄ꢜ꣄ꢬꢶ,gant'ri
ꢙꢸꢜ꣄ꢜꢶ,jut't'i
ꢦꢳ꣄꣄ꢜꢶ,pal't'i
ꢕꢞꢶ,ghad'i
ꢨꣁꢪ꣄ꢨꢶ,bo'mbi
ꢥꢵꢩꢶ,naabhi
ꢓꢿꢱ꣄,khes
ꢒꣁꢠ꣄ꢞꢾ,ko'nd'e'
ꢓꣁꢨꣁ,kho'bo'
ꢙꢾꢜꣁ,je't'o'
ꢒꢾꢠ꣄ꢜꣁ,ke'nt'o'
ꢥꢴꢥ꣄ꢥ ꢂꢥ꣄ꢡꢬꣁ,nhanna antaro'
ꢪꢹꢡ,moota
꣄ ꢮꢠ꣄ꢠꢶ,vanni
ꢒꢶꢳꢖ꣄ꢔꢳꢶꢶ,kil'angal'ii
ꢣꢬ꣄ꢙꢥꢶ ꢂꢖ꣄ꢔꢶꢳꢶ,darjani angil'i
ꢔꢸꢬ꣄ꢣꢸ ꢂꢖ꣄ꢔꢶꢳꢶ,gurdu angil'i
ꢣꣁꢱ꣄ꢒꣁ,do'sko'
ꢒꢦꢵꢭ꣄,kapaal
ꢂꢞꣁ,ad'o'
ꢔꣁꢡꣁ,go'to'
ꢮꢶꢥ꣄ꢡꢸꢭ꣄,vintul
ꢦꢶꢙꢵꢮꢸ,pijaavu
ꢣꢵꢞꢶ,daad'i
ꢗꢷꢦꢸ,cheepu
ꢱꢬꢷꢬ꣄,sareer
ꢪꢞꢶ,mad'i
ꢨꣁꢙ꣄ꢙꢾ,bo'jje'
ꢒꢾꢱꢥ꣄,ke'san
ꢒꢾꢠ꣄ꢞꣁ,ke'nd'o'
ꢓꢵꢥ꣄ꢣꢸ,khaandu
ꢬꢾꢜ꣄ꢜꢾ,re't't'e'
ꢥꢾꢒ꣄ꢒꢸ,ne'kku
ꢥꢾꢬꢪ꣄,ne'ram
ꢙꢷꢦ꣄,jeep
ꢬꢾꢔꢡ꣄ꢤꢸꢖ꣄ꢒꢭ꣄,re'gatdhunkal
ꢥꢵꢞꢶ,naad'i
ꢒꢮ꣄ꢭꣁ,kavlo'
ꢒꣁꢮ꣄ꢱꣁ,ko'vso'
ꢲꢿꢪ꣄,hem
ꢒꢦꢵꢳ꣄,kapaal'
ꢣꢵꢡ꣄,daat
ꢦꢔꢸꢭ꣄,pagul
ꢦꢨꢶꢥꢶ,pabini
ꢦꢮ꣄ꢥꢶ,pavni
ꢂꢥ꣄ꢡꢶꢬꣁ,antiro'
ꢲꢔꢸꢠ꣄ꢜꣁ,hagunt'o'
ꢔꢨꢵꢳ꣄,gabaal'
ꢒꢖ꣄ꢒꢸꢬꣁ,kankuro'
ꢪꣁꢗ꣄ꢗꣁ,mo'chcho'
ꢓꢿꢯ꣄,khesh
ꢪꢙ꣄ꢙꣁ,majjo'
ꢪꢸꢱꢶꢥ꣄,musin
ꢪꢸꢱꢸꢖ꣄ꢔꢸ,musungu
ꢡꣂꢠ꣄,ton
ꢪꢹꢜ꣄,moot'
ꢔꢸꢜ꣄ꢒꣁ,gut'ko'
ꢪꢸꢠ꣄ꢞꣁ,mund'o'
ꢦꢵꢜ꣄,paat'
ꢦꢵꢜꢸꢲꢜ꣄ꢒꣁ,paat'uhat'ko'
ꢣꢸꢣ꣄ꢡꢸ,dudtu
ꢣꢹꢡ꣄ ꢲꣁꢮꢶ,doot ho'vi
ꢗꢾꢪ꣄ꢪꢬ꣄ ꢲꢵꢡ꣄,che'mmar haat
ꢥꢵꢒ꣄,naak
ꢥꢵꢔꢸꢦꢸꢜ꣄ꢜꣁ,naaguput't'o'
ꢪꢾꢣꢸꢞ꣄,me'dud'
ꢪꢱ꣄ꢡꢶꢱ꣄ꢒꣁ,mastisko'
ꢩꢶꢣꢸꢜ꣄,bhidut'
ꢆꢛ꣄ꢗꢵ ꢏꢡꢜ꣄,unchaa o'tat'
ꢪꣁꢜ꣄ꢜꢾ,mo't't'e'
ꢪꣁꢳꢶ,mo'l'i
ꢪꢸꢡ꣄ꢣꢶ ꢂꢖ꣄ꢒꢶꢳꢶ,mutdi ankil'i
ꢩꢵꢖ꣄ꢔꢸ,bhaangu
ꢦꣂꢜ꣄,pot'
ꢙꣀꢥ ꢲꢵꢡ꣄,jaina haat
ꢙꢾꢬꢸꢥ ꢲꢵꢡ꣄,je'runa haat
ꢱꢾꢒꣁ,se'ko'
ꢂꢖ꣄ꢒꢶꢳꢶ,ankil'i
ꢦꣁꢒ꣄ꢒꣁ,po'kko'
ꢦꣁꢒ꣄ꢒꣁ ꢲꢜ꣄ꢒꣁ,po'kko' hat'ko'
ꢂꢠ꣄ꢗꢸ ꢮꢔꢡꢶ,anchu vagati
ꢂꢥ꣄ꢫꢵꢮ꣄,anyaav
ꢂꢒ꣄ꢬꢪꣁ,akramo'
ꢂꢞꢡ꣄,ad'at
ꢂꢞꢵꢡ꣄,ad'aat
ꢃꢥꢷꢞꢶ,aaneed'i
ꢂꢪꢭ꣄,amal
ꢂꢬꢵꢙꢒꢡꣁ,araajakato'
ꢂꢭꢲꣁ,alaho'
ꢃꢙ꣄ꢛꣁ,aajnyo'
ꢃꢙ꣄ꢛꢵꢒꢵꢬ꣄,aajnyaakaar
ꢂꢤꢵꢬ꣄,adhaar
ꢬꢸꢙꢸ,ruju
ꢱꣂꢤꢥꣁ ꢒꢾꢬ꣄ꢥꢵꢬ꣄,sodhano' ke'rnaar
ꢱꣁꢤꢸꢥꢵꢬ꣄,so'dhunaar
ꢂꢫ꣄ꢣꢸꢦꢳꣁ,aydupal'o'
ꢱꢾꢥ,se'na
ꢃꢫꢸꢱ꣄ꢣꢾꢠ꣄ꢞꢥꣁ,aayusde'nd'ano'
ꢬꢾꢗ꣄ꢗꢵ ꢬꢾꢗ꣄ꢗꣁ,re'chchaa re'chcho'
ꢦꢡ꣄ꢬꣁ,patro'
ꢣꢱ꣄ꢡꢵꢮꢾꢙ꣄,dastaave'j
ꢩꢵꢬꢡ ꢣꢠ꣄ꢞꢥꢵ ꢱꢵꢱꢥꣁ,bhaarata dand'anaa saasano'
ꢱꢖ꣄ꢒꢪ꣄,sankam
ꢱꢪ꣄ꢱ꣄ꢡꢵꢥ꣄,samstaan
ꢒꢸꢭꢥꢵꢱ꣄,kulanaas
ꢆꢗ꣄ꢗ ꢥ꣄ꢫꢵꢫꢵꢭꢫꣁ,uchcha nyaayaalayo'
ꢆꢛ꣄ꢗꢵ ꢥ꣄ꢫꢵꢫꢵꢭꢫꣁ,unchaa nyaayaalayo'
ꢄꢗ꣄ꢗꢵ ꢦꢡ꣄ꢬꢸ,ichchaa patru
ꢂꢥꢸꢪꢡꢶꢨꢶꢭ꣄ꢭꣁ,anumatibillo'
ꢨꢵꢣ꣄ꢫꢡꣁ,baadyato'
ꢗꢵꢬꢠꣁ,chaarano'
ꢕꢹꢜꢗꢵꢬꢶ,ghoot'achaari
ꢒꢬ꣄ꢡꢮ꣄ꢫꣁ,kartavyo'
ꢒꢵꢬꢵꢒꢵꢬ꣄,kaaraakaar
ꢒꢵꢬꢵꢕꢾꢬ꣄,kaaraaghe'r
ꢓꢾꢞꢶꢥꢸ ꢒꢵꢬꢵꢒꢵꢬ꣄,khe'd'inu kaaraakaar
ꢣꣁꢳꢵꢪ꣄ ꢤꢹꢪ꣄,do'l'aam dhoom
ꢒꢮꢵꢜ꣄ ꢚꢔꢶꢥꢶ,kavaat' jhagini
ꢨꢥ꣄ꢣ꣄,band
ꢬꣃꢳꢶ,raul'i
ꢒꢭꢔꢪ꣄,kalagam
ꢔꢭꢵꢜ꣄ꢜꢵ,galaat't'aa
ꢔꢵꢪ꣄ ꢥꢶꢱꢨ꣄ꢣꢸ ꢱꢵꢱꢥꣁ,gaam nisabdu saasano'
ꢪꣁꢱꢒꢵꢬ꣄,mo'sakaar
ꢲꣁꢖ꣄ꢔꢞ꣄ꢠꢵꢬ꣄,ho'ngad'naar
ꢮꢶꢦꢒ꣄ꢰꢸꢮꢵꢥ꣄,vipakshuvaan
ꢡꣂꢒꢸꢦꢒ꣄ꢰꢸꢮꢵꢥ꣄,tokupakshuvaan
ꢭꢸꢒ꣄ꢙꢵꢥꢶ,lukjaani
ꢗꢵꢬ꣄,chaar
ꢒꢜ꣄ꢗꢶꢒꢾꢬꣁ,kat'chike'ro'
ꢦꢒ꣄ꢯꢸꢮꢵꢥ꣄,pakshuvaan
ꢗꢾꢡ꣄ꢡꢬ꣄,che'ttar
ꢥꢿꢪꣁ,nemo'
ꢱ꣄ꣁꢞ꣄ꢞꢶ,s_o'd'd'i
ꢢꢠꢵ ꢱ꣄ꢢꢭ ꢬꢒ꣄ꢰꢶꢥꢶ,thanaa sthala rakshini
ꢢꢠꢵ ꢬꢒ꣄ꢰꢶꢥꢶ,thanaa rakshini
ꢢꢠꢵ ꢮꢶꢩꢵꢔ꣄,thanaa vibhaag
ꢢꢠꢵ ꢱ꣄ꢢꢭ꣄,thanaa sthal
ꢒꢾꢭ꣄ꢭꢭ꣄,ke'llal
ꢬꣃꢞꢶ,raud'i
ꢒꢸꢠ꣄ꢞꢸ,kund'u
ꢕꣁꢞꢵ ꢱꣀꢥ꣄ꢫꢸ,gho'd'aa sainyu
ꢒꢸꢪ꣄ꢦꢸ,kumpu
ꢭꢸꢪ꣄ꢦ꣄ꢳꣁ,lumpl'o'
ꢂꢦꢬꢵꢕꢶ,aparaaghi
ꢂꢮ꣄ꢞꢵ ꢮꢶꢗꢵꢬꢠꣁ,avd'aa vichaarano'
ꢒꣀꢣꢶ,kaidi
ꢨꢥ꣄ꢣꢶ,bandi
ꢒꢵꢬꢵ ꢔꢸꢦ꣄ꢡꣁ,kaaraa gupto'
ꢒꣀꢣꢸ,kaidu
ꢨꢥ꣄ꢣꢶꢒꢾꢬ꣄ꢥꢶ,bandike'rni
ꢒꢾꢭ꣄ꢭꢭ꣄ꢒꣁ,ke'llalko'
ꢪꣁꢬꢜꢱ꣄꣄ꢡꢾ,mo'rat'aste'
ꢪꣁꢬꢞ꣄ꢠꢵꢬ꣄,mo'rad'naar
ꢲꢥ꣄ꢡꣁ,hanto'
ꢕꢵꢡꢶ,ghaati
ꢒꢦꢜꢸ ꢓꢶꢛ꣄ꢗꢶꢥꢶ,kapat'u khinchini
ꢒꢦꢜꢸ ꢓꢶꢛ꣄ꢗꢸꢥꢵꢬ꣄,kapat'u khinchunaar
ꢱꢵꢱꢥ ꢱꢖ꣄ꢒꢳꢥꣁ,saasana sankal'ano'
ꢱꢵꢱꢥ ꢱꢖ꣄ꢒꢭꢥꣁ,saasana sankalano'
ꢩꣁꢔꢸꢪꢵ,bho'gumaa
ꢱꢵꢒ꣄ꢰꢶ,saakshi
ꢦꢒ꣄ꢰꢸ,pakshu
ꢱꢵꢣꢒꣁ,saadako'
ꢱꢵꢭꢵ ꢮꢶꢤꢶꢥ꣄,saalaa vidhin
ꢦꢶꢱ꣄ꢒꢭ꣄,piskal
ꢦꢸꢱ꣄ꢒꣁ,pusko'
ꢗꢶꢡ꣄ꢬ ꢮꢤꣁ,chitra vadho'
ꢱꣂꢱꢥꣁ,sosano'
ꢒꢸꢥꢸꢔꢶꢥꢶ,kunugini
ꢮꢶꢭꢹꢝ꣄,viloot'h
ꢲꢥꢶꢪꢵꢬ꣄,hanimaar
ꢮꢶꢭꢸꢝꢥꣁ,vilut'hano'
ꢃꢱ꣄ꢡꢶ,aasti
ꢡꢾꢒꢸꢬꢵꢭ꣄,te'kuraal
ꢢꢥꢵꢭ ꣄ꢭꣀꢞꢵ ꢲꢥ꣄ꢥꢶ,thanaala laid'aa hanni
ꢲꢶꢨ꣄ꢨꢵꢞꢸ ꢃꢙꢛꣁ,hibbaad'u aajanyo'
ꢥꢶꢬꣂꢤ꣄ ꢃꢙ꣄ꢛꢸ,nirodh aajnyu
ꢣꢾꢠ꣄ꢞꢥꣁ,de'nd'ano'
ꢲꣂꢬ꣄,hor
ꢱ꣄ꢮꢫ ꢬꢒ꣄ꢰꢠꣁ,svaya rakshano'
ꢗꣁꢬ꣄,cho'r
ꢡꢷꢬ꣄ꢦꢸ,teerpu
ꢠꢶꢬ꣄ꢠꢫꣁ,nirnayo'
ꢄꢔ꣄ꢬꢮꢵꢡꢶ,igravaati
ꢭꢸꢒ꣄ ꢙꢥ꣄ꢥꢬ꣄,luk jannar
ꢜꢸꢦ꣄ꢦꢸ,t'uppu
ꢣꣂꢬꢸ ꢣꢠ꣄ꢞꢵꢥꣁ,doru dand'aano'
ꢲꣁꢬꢸꢒ꣄ꢬꢶꢫꣁ,ho'rukriyo'
ꢱꢹꢗꢵꢭ꣄,soochaal
ꢗꣁꢒ꣄ ꢗꢭ꣄ꢥꢶ,cho'k chalni
ꢱꢡ꣄ ꢗꢭ꣄ꢥꢶ,sat chalni
ꢥꢶꢫꢵꢮ꣄,niyaav
ꢥꢶꢫꢵꢫꢱ꣄ꢢꢭꣁ,niyaayasthalo'
ꢮꢶꢬꣂꢣ,viroda
ꢦ꣄ꢬꢡꢶꢒꢹꢭ꣄,pratikool
ꢬꢒ꣄ꢯꢥꣁ,rakshano'
ꢦꢶꢬꢡꢶꢮꢵꢣꢶ,pirativaadi
ꢱꢡ꣄ꢫꢦ꣄ꢬꢪꢵꢠ꣄,satyapramaan
ꢦꢶꢬꢪꢵꢠ꣄,piramaan
ꢒꢭꢲ ꢱ꣄ꢢꢶꢡꢶ,kalaha sthiti
ꢥꢒꢭ꣄,nakal
ꢪꣁꢬꢥꢸ ꢣꢠ꣄ꢞꢠꣁ,mo'ranu dand'ano'
ꢦꣀꢭ ꢏꢫ꣄ꢣꢦꢥ꣄,paila o'ydapan
ꢪꣁꢬꢜꢸ,mo'rat'u
ꢤꢶꢒ꣄ꢒꢶꢥꢶ,dhikkini
ꢮꢵꢣꢸꢒꢾꢬ꣄ꢥꢵꢬ꣄,vaaduke'rnaar
ꢮꢵꢣꢸꢥꢵꢬ꣄,vaadunaar
ꢣꢵꢮꣁ,daavo'
ꢮꢣꢶꢔ꣄ꢛꢵꢥꢶ,vadignjaani
ꢆꢔ꣄ꢬ ꢒ꣄ꢬꢶꢫꣁ,ugra kriyo'
ꢣꣂꢠꢸ ꢮꢵꢒ꣄,donu vaak
ꢃꢣꢵꢬꢸ ꢮꢵꢗꢸ,aadaaru vaachu
ꢮꢵꢣꢶ,vaadi
ꢧꢶꢬ꣄ꢮ ꢓꢳ꣄ꢳꢱ꣄ꢡꢾ,phirva khal'l'aste'
ꢮꢵꢦꢱ꣄ ꢓꢳ꣄ꢳꢱ꣄ꢡꢾ,vaapas khal'l'aste'
ꢒꣀꢣꢸ ꢦꢡ꣄ꢬꣁ,kaidu patro'
ꢩꢬꢵꢜ ꣄ꢱꣁꢞ꣄ꢥꢶ,bharaat'a so'd'ni
ꢨꢥ꣄ꢤ꣄,bandh
ꢙꢪꢷꢥ꣄,jameen
ꢙꢾꢥꣁ,je'no'
ꢙꢮ꣄ꢠꣁ,javno'
ꢥꣁ,no'
ꢙꢮ꣄ꢠꢦꢥ꣄,javnapan
ꢫꣃꢮꢥꣁ,yauvano'
ꢙꢮ꣄ꢠꢶ,javni
ꢥꢴꢥ꣄ꢥꣁ,nhanno'
ꢕꢾꢬ꣄ꢮꢵꢬ꣄,ghe'rvaar
ꢕꢾꢮ꣄ꢬꢵꢬ꣄,ghe'vraar
ꢕꢾꢬ꣄ꢮꢬꢶꢥ꣄,ghe'rvarin
ꢕꢾꢮ꣄ꢬꢬꢶꢥ꣄,ghe'vrarin
ꢒꢥ꣄ꢫꣁ,kanyo'
ꢣꣁꢮ꣄ꢬꣁ,do'vro'
ꢣꣁꢮ꣄ꢬꢶ,do'vri
ꢒꢸꢪꢵꢬꣁ,kumaaro'
ꢒꢸꢪꢵꢬꢶ,kumaari
ꢥꢴꢸꢒ꣄ꢬꢸ,nhukru
ꢥꢴꢸꢬꢸꢦꢥ꣄,nhurupan
ꢨꢵꢭ꣄ꢫꢦꢥ꣄,baalyapan
ꢨꢵꢭ꣄ꢫꢪ꣄,baalyam
ꢥꢴꢥ꣄ꢥꢶ,nhanni
ꢦ꣄ꢬꢵꢫꢪ꣄,praayam
ꢨꢵꢭꢦ꣄ꢬꢵꢫꢪ꣄,baalapraayam
ꢨꢵꢳꢸꢥ꣄,baal'un
ꢏꢱ꣄ꢱꢸ,o'ssu
ꢨꢾꢜ꣄ꢒꢶ,be't'ki
ꢂꢳꢶꢶ,al'ii
ꢨꢾꢜ꣄ꢒꣁ,be't'ko'
ꢪꢾꢥꢶꢒ꣄ \ ꢣꢭ꣄ꢭꢒ꣄ꢒꣁ,me'nik \ dallakko'
ꢂꢪ꣄ꢪꢒ꣄ꢒꣁ,ammakko'
ꢪꢵꢥꢸꢰꢪ꣄,maanusham
ꢏꢭ꣄ꢞꢶꢥ꣄,o'ld'in
ꢏꢭ꣄ꢞꣁ,o'ld'o'
ꢣꢸꢒ꣄ꢬꣁ,dukro'
ꢫꢸꢮꣁ,yuvo'
ꢫꢸꢮꢥ꣄,yuvan
ꢙꢮ꣄ꢥꢠꢦꢥ꣄,javnanapan
ꢫꣃꢮꢥꢪ꣄,yauvanam
ꢙꢮ꣄ꢠꢦ꣄ꢦꢥ꣄,javnappan
ꢙꢮ꣄ꢠꢡ꣄ꢮꢪ꣄,javnatvam
ꢧꣀꢭ ꢦ꣄ꢬꢣꢬ꣄ꢰꢥꣁ,phaila pradarshano'
ꢲꢬꢶꢓꢾꢡꣁ,harikhe'to'
ꢦꢸꢬꢵꢡꢥꢮꢱ꣄ꢡꢸ ꢦ꣄ꢬꢣꢬ꣄ꢰꢶꢥꢶ,puraatanavastu pradarshini
ꢥꢜꢥꢪ꣄,nat'anam
ꢱꢖ꣄ꢔꢷꢡ꣄,sangeet
ꢱꢖ꣄ꢔꢷꢡꢸ ꢮꣀꢩꢮ꣄,sangeetu vaibhav
ꢱꢶꢖ꣄ꢒꢵꢬ꣄ꢭꢶꢥꢶ,sinkaarlini
ꢍꢒꢵꢖ꣄ꢒꢶ ꢥꢜ꣄ꢒꢪ꣄,ekaanki nat'kam
ꢱꢨ꣄ꢣꢸ ꢦ꣄ꢬꢒꢵꢱꢸ ꢣꢬ꣄ꢰꢥꣁ,sabdu prakaasu darshano'
ꢱꢨ꣄ꢣꢸꢔꢸꢠ꣄ꢮꢶ,sabdugunvi
ꢱꢖ꣄ꢔꢷꢡ ꢮꣀꢩꢮ꣄,sangeeta vaibhav
ꢒꢷꢡꢸꢱ꣄ꢬꢸꢡꢶ,keetusruti
ꢔꢮ꣄ꢥꢶꢱ꣄ꢢꢵꢥ꣄,gavnisthaan
ꢱ꣄ꢡꢵꢥꢦ꣄ꢬꢫꢡ꣄ꢥꣁ,staanaprayatno'
ꢪꣂꢜꢶ ꢮꢶꢡ꣄ꢡꢾ,mot'i vitte'
ꢒꢭꢵ,kalaa
ꢒꢭꢵꢒꢵꢬ꣄,kalaakaar
ꢒꢵꢒ꣄ꢰꢶ,kaakshi
ꢔ꣄ꢬꢵꢪꢶꢫ ꢥꢵꢗꢸ,graamiya naachu
ꢙꢾꢡꣁꢪꢶꢳꢶ ꢓꢳꢥ꣄ꢥꢵꢗꢸ,je'to'mil'i khal'annaachu
ꢪꢭ꣄ꢭꢫꢸꢣ꣄ꢣꢸ,mallayuddu
ꢥꢵꢗꢸ ꢓꣁꢜ꣄ꢜꣁ,naachu kho't't'o'
ꢗꢶꢡ꣄ꢬ ꢮꢷꢠꢾ,chitra veene'
ꢮꢶꢤꢹꢰꢒ꣄,vidhooshak
ꢒꣁꢭꢸ ꢓꢵꢭ꣄,ko'lu khaal
ꢱꢸꢕꢞꢶ,sughad'i
ꢕꢞꢶ ꢆꢜꢵꢮ꣄,ghad'i ut'aav
ꢗꢾꢠ꣄ꢜꢾ,che'nt'e'
ꢡꢫꢵꢬ꣄ ꢒꢾꢬ꣄ꢥꢵꢬ꣄,tayaar ke'rnaar
ꢡꢫꢵꢬ꣄ꢒꢾꢬ꣄ꢥꢶ,tayaarke'rni
ꢱ꣄ꢮꢩꢵꢰꢥ꣄ ꢍꢒꢵꢥ꣄ꢡꢸ ꢮꢗꢸ,svabhaashan ekaantu vachu
ꢦꢞꢸꢣꣁ,pad'udo'
ꢡꢶꢬꢱ꣄ꢒꢾꢬ꣄ꢥꢵꢮ꣄,tiraske'rnaav
ꢡꢾꢬꢵ ꢭꣁꢱ꣄,te'raa lo's
ꢲꢵꢱ꣄ꢫꢪ꣄,haasyam
ꢥꢜ꣄ꢭꣁ,nat'lo'
ꢥꢜ꣄ꢮꣁ,nat'vo'
ꢥꢜꣁ,nat'o'
ꢥꢜ꣄ꢮꢶ,nat'vi
ꢥꢗꢶꢥꢶ,nachini
ꢓꢳ꣄꣄ꢥꢶ ꢥꢵꢗꢸ,khal'ni naachu
ꢥꢗꢥ ꣄ꢥꢵꢗꢸ,nachana naachu
ꢥꢜꢥ ꢥꢵꢗꢸ,nat'ana naachu
ꢥꢵꢣꢸ,naadu
ꢥꢱꢸꢬꢵꢭ꣄,nasuraal
ꢥꢷꢞꢵ ꢭꣂꢱ꣄,need'aa los
ꢭꢭꢶꢡ ꢒꢭꣁ,lalita kalo'
ꢮꢶꢮꢵꢣꢸ ꢱꢣꢱ꣄,vivaadu sadas
ꢩꢬꢡ ꢥꢵꢜ꣄ꢫꣁ,bharata naat'yo'
ꢪꢸꢭ꣄ꢭꢮꢶ,mullavi
ꢩꢮ꣄ꢣꢸꢭ꣄,bhavdul
ꢔꢷꢜ꣄,geet'
ꢔꢮ꣄ꢥ ꢶꢮꣀꢩꢮ꣄,gavna ivaibhav
ꢔꢷꢡꢸ ꢮꣀꢩꢮ꣄,geetu vaibhav
ꢔꢮ꣄ꢥꢵꢬ꣄,gavnaar
ꢔꢷꢡꢶ,geeti
ꢱꢥꢵꢬ꣄,sanaar
ꢮꢫꢭꢶꢥ꣄,vayalin
ꢥꢷꢞꢵ ꢭꣂꢱ,need'aa losa
ꢮꢿꢠꢸ,venu
ꢮꢱ꣄ꢡꢸ ꢦ꣄ꢬꢡꢬ꣄ꢰꢶꢠꢷ,vastu pratarshinee
ꢒꢵꢭꢒ꣄ꢰꢿꢦꢸ,kaalakshepu
ꢣꢶꢥ꣄ꢥꢸ ꢔꢪ꣄ꢞꢶꢥꢶ,dinnu gamd'ini
ꢣꣂꢠ꣄ꢞꣁ,dond'o'
ꢪꢾꢣ꣄ꢣꢳ꣄,me'ddal'
ꢥꢔꢬꣁ,nagaro'
ꢭꢕꢸ ꢱꢖ꣄ꢔꢷꢡ꣄,laghu sangeet
ꢪꢛ꣄ꢗ꣄,manch
ꢗꢾꢥ꣄ꢣꢸꢬ꣄ ꢬꢴꢾꢜꣁ,che'ndur rhe't'o'
ꢬꢱꢶꢒꣁ,rasiko'
ꢬꢵꢔ꣄,raag
ꢮꢗꢥ꣄,vachan
ꢨꢠꢵꢭꢸ ꢮꢾꢞꢶꢒ꣄,banaalu ve'd'ik
ꢮꢮ꣄ꢙꢶꢥꢶ ꢮꢵꢣ꣄ꢫꣁ,vavjini vaadyo'
ꢂꢒꢵꢱꢸ ꢤ꣄꣄ꢮꢥꢶ,akaasu dhvani
ꢮꢶꢡ꣄ꢡꢾ,vitte'
ꢮꢷꢠꢾ,veene'
ꢮꢾꢞꢶꢒ꣄,ve'd'ik
ꢓꢿꢳ꣄꣄,khel'
ꢓꢾꢭ꣄ꢭꢭ꣄,khe'llal
ꢆꢦ꣄ꢨꢸवꣁ,upbuवo'
ꢧꣁꢥ꣄ꢥꢶꢱꢸ ꢦꣁ꣄ꢳ꣄ꢳꣁ,pho'nnisu po'l'l'o'
ꢚꢵꢞꢸꢦꣁꢳ꣄ꢳꣁ,jhaad'upo'l'l'o'
ꢃꢦ꣄ꢦꢳ꣄,aappal'
ꢃꢬꢛ꣄ꢙꢶ,aaranji
ꢨꣂꢬꢸ ꢦꣁꢳ꣄ꢳꣁ,boru po'l'l'o'
ꢦꢾꢬ꣄ꢗ꣄ꢗꢪ꣄ꢦꣁꢳ꣄ꢳꣁ,pe'rchchampo'l'l'o'
ꢗꢶꢦ꣄ꢦꣁ,chippo'
ꢒꣁꢜ꣄ꢜꢾ,ko't't'e'
ꢗꢦ꣄ꢦꣂꢜ꣄ꢜꢵ,chappot't'aa
ꢱꢷꢡꢵ ꢦꣁꢳ꣄ꢳꣁ,seetaa po'l'l'o'
ꢒꢷꢡ꣄,keet
ꢡꢒ꣄ꢒꢵꢳꢶ,takkaal'i
ꢣꢬ꣄ꢨꢹꢱ꣄,darboos
ꢡꢶꢬꢵꢒ꣄ꢰꣁ,tiraaksho'
ꢡꣁꢮ꣄ꢞꣁ,to'vd'o'
ꢥꢵꢬꣁ,naaro'
ꢮꢷꢜ꣄,veet'
ꢙꢾꢪ꣄ꢨꢸ ꢦꣁꢳ꣄ꢳꣁ,je'mbu po'l'l'o'
ꢱꢸꢒ꣄ꢒꢾꢥꢬꢳ꣄,sukke'naral'
ꢥꢿꢥ꣄ꢣꢶꢬꢪ꣄ ꢒꢾꢳꣁ,nendiram ke'l'o'
ꢦꢦ꣄ꢦꢵꢳꢶ,pappaal'i
ꢡꢵꢞꢶ ꢦꣁꢳ꣄ꢳꣁ,taad'i po'l'l'o'
ꢦꢶꢥ꣄ꢣ ꢦꣁꢪ꣄ꢨꢸꢳ ꢦꣁꢳ꣄ꢳꣁ,pinda po'mbul'a po'l'l'o'
ꢩꢿꢬꢶꢒꢫ꣄ꢭꣁ,bherikaylo'
ꢣꢜꢶꢪ꣄ꢦꣁꢳ꣄ꢳꣁ,dat'impo'l'l'o'
ꢒꢗ꣄ꢗꢪ꣄ꢨꢵ ꢨꣁꢳ꣄ꢳꣁ,kachchambaa bo'l'l'o'
ꢪꢸꢥ꣄ꢡꢶꢬꢶ,muntiri
ꢪꢸꢥ꣄ꢡꢶꢬꢶꢒ꣄ ꢒꣁꢜ꣄ꢜꢾ,muntirik ko't't'e'
ꢒꢾꢳꣁ,ke'l'o'
ꢮꢳ꣄ꢒꢵ ꢦꣁꢳ꣄ꢳꣁ,val'kaa po'l'l'o'
ꢂꢨ꣄ꢨꢸꢥꢵ,abbunaa
ꢙꢸꢠ꣄ꢠꢵ,junnaa
ꢂꢨ꣄ꢨꢫ꣄,abbay
ꢙꢸꢞꣀ,jud'ai
ꢥꢴꢷ,nhee
ꢒꢳꢵꢥꢵ,kal'aanaa
ꢒꢳꢵꢫ꣄,kal'aay
ꢏꢦ꣄ꢦꢵꢥꢵ,o'ppaanaa
ꢏꢦ꣄ꢦꢵꢫ꣄,o'ppaay
ꢮꢶꢮꢬ꣄ꢦꣁꢠ꣄ꢠꢵ,vivarpo'nnaa
ꢮꢶꢮꢬ꣄ꢦꣁꢞꢫ꣄,vivarpo'd'ay
ꢧꢸꢬ꣄ꢥꢵ,phurnaa
ꢧꢸꢬꢫ꣄,phuray
ꢪꢸꢱꢸꢥꢵ,musunaa
ꢯꢾꢒ꣄ꢒꢸꢥꢵ,she'kkunaa
ꢪꢸꢱꢫ꣄,musay
ꢯꢾꢒ꣄ꢒꢫ꣄,she'kkay
ꢥꣁꢒ꣄ꢒꣁ,no'kko'
ꢦꢙꢾꢥꢴꢷ,paje'nhee
ꢦꢙꢾ,paje'
ꢚꢸꢭ꣄,jhul
ꢗꢶꢔ꣄ꢭꣁ,chiglo'
ꢱꢪ꣄ꢗꢳꢶ,samchal'i
ꢱꢱꢬ꣄ꢦꢵꢛ꣄ꢚꢸꢭ꣄,sasarpaanjhul
ꢔꣁꢬꢸ ꢒꢵꢥꢸꢪ꣄ ꢒꢶꢞꣁ,go'ru kaanum kid'o'
ꢆꢱꢸ ꢆꢱꢵꢭꢾ,usu usaale'
ꢚꢸꢬꢸ,jhuru
ꢪꢸꢖ꣄ꢔꢶ,mungi
ꢲꢸꢥ꣄ꢣꢶꢬ꣄,hundir
ꢱꢬꢳ꣄,saral'
ꢔꢥ꣄ꢤꣁꢭꢶ,gandho'li
ꢔꢾꢥ꣄ꢤꢭ꣄,ge'ndhal
ꢒꢖ꣄ꢒꢶꢞꣁ,kankid'o'
ꢨꢥ꣄ꢣꣁ,bando'
ꢲꢸꢡꢶ,huti
ꢒꢺꢪꢶ,kri'mi
ꢥꢸꢔꢸꢭ꣄,nugul
ꢥꢒꢸꢭ꣄,nakul
ꢱꢾꢛ꣄ꢙꢶꢮ꣄,se'njiv
ꢦꢶꢱꢸꢳꣁ,pisul'o'
ꢪꣃꢞꢶ,maud'i
ꢭꢴꣁꢮ꣄ꢮ ꢪꢸꢖ꣄ꢒꢶ,lho'vva munki
ꢆꢥ꣄ꢣꢶꢬ꣄,undir
ꢒꢸꢜ꣄ꢒꢶ,kut'ki
ꢱꢸꢠ꣄ꢞꢶ,sund'i
ꢩꢾꢬ꣄ꢒꢳꢶ,bhe'rkal'i
ꢩꢿꢭꢶ,bheli
ꢮꢶꢛ꣄ꢗꢸ,vinchu
ꢪꣀꢪꢴꢔꢶ,maimhagi
ꢔꢶꢱ꣄ꢳꣁ,gisl'o'
ꢔꣁꢬꢪ꣄ꢪꣁ,go'rammo'
ꢒꣃꢱ꣄ꢒꢶꢞꣁ,kauskid'o'
ꢦꢵꢭꣁ,paalo'
ꢱꢵꢦ꣄,saap
ꢂꢥ꣄ꢣꢸ,andu
ꢒꢶꢞꣁ,kid'o'
ꢑꢳꢶ,aul'i
ꢂꢨ꣄ꢨꢸ,abbu
ꢔꣂꢪ꣄ꢨꢾ,gombe'
ꢙꢹꢪ꣄,joom
ꢱꢶꢣ꣄ꢣꢜ꣄,siddat'
ꢙꢶꢙ꣄ꢙꢶꢭ꣄,jijjil
ꢤꢾꢔꢸꢥꣁ,dhe'guno'
ꢦꢶꢖ꣄ꢔꢸ ꢪꢸꢖ꣄ꢔꢶ,pingu mungi
ꢃꢳꢶ,aal'i
ꢢꣂꢳ꣄,thol'
ꢔꣁꢭ꣄ꢭꣁꢬ꣄,go'llo'r
ꢣꣁꢨ꣄ꢨꢶ,do'bbi
ꢙꢵ,jaa
ꢒꢹꢔ꣄,koog
ꢲꢿꢜ꣄,het'
ꢂꢖ꣄ꢔꢶꢒꢵꢬ꣄,angikaar
ꢲꢭ꣄ꢭꢵꢜ꣄,hallaat'
ꢆꢜ꣄ꢔꢵꢜ꣄,ut'gaat'
ꢆꢜ꣄ꢔꢶ,ut'gi
ꢲꢵꢥ꣄,haan
ꢭꢥ꣄ꢣꢶ,landi
ꢱꢾꢥ꣄ꢡꢶ,se'nti
ꢙꢷ ꢗꢿꢬ꣄,jee cher
ꢚꢵꢔꢶ,jhaagi
ꢆꢛBꢗꣁ ꢱꢵ,unyaBcho' saa
ꢕꢭ꣄ꢭꢾ,ghalle'
ꢧꢶꢬ꣄ꢭꢾ,phirle'
ꢪꢴꢮ꣄ꢭꢫꢶ ꢙꢵ,mhavlayi jaa
ꢪꢴꣃꢭꢶ,mhauli
ꢒꢨꢶꢭ꣄ꢭꢾ,kabille'
ꢭꢾꢔꢸꢡ꣄ꢡ ꢙꢵ,le'gutta jaa
ꢦꢬ꣄ꢮꢒꢿꢬ꣄,parvaker
ꢮꢿꢥ꣄ ꢒꢿꢬ꣄,ven ker
ꢃꢗ꣄ꢗꢬ꣄ꢫꢸꢦꣂꢜ꣄,aachcharyupot'
ꢂꢣꢶꢬ꣄,adir
ꢂꢦ꣄ꢦꢶꢭꢾ,appile'
ꢚꢾꢜ꣄ꢦꢶꢭꢾ,jhe't'pile'
ꢱꣃꢔꢭ ꢒꢿꢬ꣄,saugala ker
ꢨꢷꢱ꣄,bees
ꢨꢹꢜ꣄,boot'
ꢨꢸꢣꢵꢜ꣄,budaat'
ꢂꢪ꣄ꢒꢶ,amki
ꢂꢪ꣄ꢒꢫꢶ ꢬꢴꢵ,amkayi rhaa
ꢱꢾꢥ꣄ꢡꢶ ꢢꣂꢮ꣄,se'nti thov
ꢱꢾꢥ꣄ꢡꢫꢶꢬꢴꢵ,se'ntayirhaa
ꢲꢹꢖ꣄ꢔꢶꢤꢹꢭ꣄,hoongidhool
ꢓꢮ꣄ꢙꢸꢭꢾ,khavjule'
ꢤꢵꢒ꣄ꢕꢵꢭ꣄,dhaakghaal
ꢨꢾꢣꢸꢬꢶ ꢦꣂꢜ꣄,be'duri pot'
ꢣꢸꢒ꣄ꢒꢸꢦꣁꢞ꣄ꢳꢾ,dukkupo'd'l'e'
ꢦ꣄ꢬꢵꢬ꣄ꢡꢥꣁꢒꢾꢬ꣄,praartano'ke'r
ꢦꢿ,pe
ꢧꢸꢭꢫꢶꢬꢴꢵ,phulayirhaa
ꢂꢫ꣄ꢫꢬꢮ꣄ ꢦꣁꢜ꣄,ayyarav po't'
ꢒ꣄ꢬꢸꢦꣁ ꢒꢾꢬ꣄,krupo' ke'r
ꢡꢾꢱꢫꢶ ꢦꣂꢜ꣄,te'sayi pot'
ꢭꢸꢨ꣄ꢨꢶ,lubbi
ꢂꢭꢖ꣄ꢒꢵꢬ꣄ ꢒꢿꢬ꣄,alankaar ker
ꢂꢭ꣄ꢗꢶ,alchi
ꢯ꣄꣄ꢭꢵꢕꢠꢒꢾꢬ꣄ꢭꢿ,shlaaghanake'rle
ꢤꢹꢮ꣄,dhoov
ꢩꢮꢵꢜ꣄ꢡꢵꢫ꣄,bhavaat'taay
ꢭꣂꢭ꣄ ꢦꣂꢜ꣄,lol pot'
ꢭꣂꢭ꣄ ꢦꣁꢞꢜ꣄,lol po'd'at'
ꢱꢶꢬꢳ꣄꣄ꢙꢵꢜ꣄,siral'jaat'
ꢥꢯꢶꢶꢥꢪ꣄ ꢲꣁ,nashiinam ho'
ꢥꢵꢯꢥꣁ ꢲꣁ,naashano' ho'
ꢥꢯꢶꢶꢥꢪ꣄ ꢒꢿꢬ꣄,nashiinam ker
ꢱꢶꢙ꣄ꢮꢶ,sijvi
ꢱꢶꢮ꣄ꢙꢶ,sivji
ꢱꣁꢮ꣄ꢞꢶ,so'vd'i
ꢬꣂꢜ꣄,rot'
ꢪꢸꢬ꣄ꢔꢶ,murgi
ꢪꢸꢬ꣄ꢔꢫꢶꢙꢵ,murgayijaa
ꢂꢪ꣄ꢒꢫꢶꢙꢵ,amkayijaa
ꢨꣂꢮ꣄,bov
ꢪꣂꢮ꣄,mov
ꢪꣁꢮ꣄ꢙꢶ,mo'vji
ꢣꢿ,de
ꢒꢮ꣄ꢭꢶ,kavli
ꢒꢳꣀꢭꢾ,kal'aile'
ꢒꢜꢫꢶꢙꢵ,kat'ayijaa
ꢒꢵꢜ꣄,kaat'
ꢕꢵꢪ꣄ ꢡꢵꢫ꣄,ghaam taay
ꢤꢵꢥꢸꢒ꣄ꢙꢵ,dhaanukjaa
ꢂꢥꢸꢱꢬꢶ,anusari
ꢤꢜ꣄ꢞꢾ,dhat'd'e'
ꢂꢥꢸꢨꢮꢶꢛ꣄ꢗꢶ,anubavinchi
ꢦꣁꢥ꣄ꢣꢶ,po'ndi
ꢇꢲꢪ꣄ ꢒꢿꢬ꣄,ooham ker
ꢃꢒ꣄ꢬꢪꣁ ꢒꢿꢬ꣄,aakramo' ker
ꢲꣁꢮꢵꢜ꣄,ho'vaat'
ꢲꣂ,ho
ꢃꢯꢶꢬ꣄ꢮꢵꢡ꣄ ꢒꢿꢬ꣄,aashirvaat ker
ꢃꢒ꣄ꢰꢿꢿꢦꢠꣁ ꢒꢿꢬ꣄,aaksheepano' ker
ꢲꢶꢥ꣄ꢣꢵꢳ꣄,hindaal'
ꢥꢵꢗ꣄,naach
ꢓꢵꢭ꣄,khaal
ꢃꢣꢬꣁ ꢒꢿꢬ꣄,aadaro' ker
ꢂꢣ꣄ꢣꢶꢥꢶ ꢣꢿ,addini de
ꢏꢦ꣄ꢦꢶꢭꢿ,o'ppile
ꢂꢬꢸꢪ꣄ꢦꢪ꣄ꢒꢾꢬ꣄,arumpamke'r
ꢬꢾꢗ꣄ꢗꣁꢡꢵꢫ꣄,re'chcho'taay
ꢣꢷꢬ꣄ꢡ꣄ꢡꢸꢨꢸꢞꢜ꣄,deerttubud'at'
ꢦꢬꢶꢯꣂꢤꢥꣁ ꢒꢿꢬ꣄,parishodhano' ker
ꢱꢾꢗ꣄ꢗꢶꢭꢿ,se'chchile
ꢨꢹꢞ꣄,bood'
ꢨꢸꢞ꣄ꢮꢶ,bud'vi
ꢱꣀꢱꢶ,saisi
ꢥꢶꢮꢵꢜ꣄,nivaat'
ꢥꢶꢮꢳ꣄ꢳꢾ,nival'l'e'
ꢤꢸꢮꢿꢰ꣄ ꢒꢿꢬ꣄,dhuvesh ker
ꢗꢾꢬꢶ ꢙꢵ,che'ri jaa
ꢱꢸꢡꢶ ꢡꢵꢫ꣄,suti taay
ꢢꢾꢜ꣄ꢒꢶ ꢦꣁꢜ꣄,the't'ki po't'
ꢦꢸꢜ꣄ꢜꢶ ꢦꣁꢜ꣄,put't'i po't'
ꢧꣁꢞꢶꢡꢵꢫ꣄,pho'd'itaay
ꢢꣂꢮ꣄,thov
ꢕꢳ꣄ꢳꢿ,ghal'l'e
ꢥꢾꢱ꣄ꢒꢶꢭꢶ ꢙꢵ,ne'skili jaa
ꢐꢬ꣄ꢦꢸꢒꢾꢬ꣄ꢭꢿ,orpuke'rle
ꢗꢿꢬ꣄,cher
ꢗꢾꢬ꣄ꢗ꣄ꢗꢶ,che'rchchi
ꢪꢶꢱ꣄ꢒꢶ,miski
ꢒꢵꢪ꣄ ꢒꢾꢬꢵꢜ꣄,kaam ke'raat'
ꢤꢪꢵꢜ꣄,dhamaat'
ꢒꢵꢪ꣄ ꢒꢿꢬ꣄,kaam ker
ꢤꢵꢪ꣄,dhaam
ꢱꢖ꣄ꢔꢶ,sangi
ꢪꢹꢱ꣄,moos
ꢆꢬꢸꢮ꣄ ꢒꢿꢬ꣄,uruv ker
ꢐꢬ꣄ꢦ꣄ꢦꢸ ꢒꢾꢬ꣄ꢭꢾ,orppu ke'rle'
ꢩꢷꢔ꣄ ꢪꢵꢫ꣄,bheeg maay
ꢣꢫꣁ ꢒꢿꢬ꣄,dayo' ker
ꢱꣁꢪ꣄ꢦꢸ ꢦꣁꢥ꣄ꢣꢶ,so'mpu po'ndi
ꢒꢨꢵꢜ꣄,kabaat'
ꢬꢒ꣄ꢰꢠꣁꢒꢿꢬ꣄,rakshano'ker
ꢣꢷꢮꢜꣁ ꢒꢿꢬ꣄,deevat'o' ker
ꢬꢴꢵ,rhaa
ꢲꢥ꣄ꢣꢵꢬ꣄ ꢦꣂꢜ꣄,handaar pot'
ꢬꢴꢮꢵꢜ꣄,rhavaat'
ꢕꣁꢮ꣄ꢭꢶ,gho'vli
ꢲꢥ꣄ꢣꢵꢬ꣄ꢒꢥ ꢶꢬꢴꢵ,handaarkana irhaa
ꢬꢵꢒ꣄ ꢂꢮꢳ꣄ꢳꢾ,raak aval'l'e'
ꢬꢵꢒ꣄ ꢂꢠ꣄ꢭꢿ,raak anle
ꢲꢾꢪ꣄ꢦꢶ,he'mpi
ꢙꢮꢳ꣄ꢳꢾ,javal'l'e'
ꢲꢸꢡ꣄ꢡꢶꢬ꣄,huttir
ꢆꢜ꣄ꢗꢶ,ut'chi
ꢓꢶꢛ꣄ꢗꢶ,khinchi
ꢤꢶꢭ꣄ꢭ ꢬꢴꢵ,dhilla rhaa
ꢒꣁꢪ꣄ꢨꢸꢭꢵꢩꢵꢮ꣄ ꢱꢾꢬ ꢬꢴꢵ,ko'mbulaabhaav se'ra rhaa
ꢡꢵꢡ꣄ꢒꢿꢬ꣄,taatker
ꢦꢳ꣄꣄ꢜꣁꢒꢿꢬ꣄,pal't'o'ker
ꢦꢳ꣄ꢜꣁꢲꣂ,pal't'o'ho
ꢣꢵꢡ꣄ꢣꢾꢒ꣄ꢒꢵꢜ꣄,daatde'kkaat'
ꢏꢜ꣄ꢗꢶ,o't'chi
ꢄꢬ꣄ꢒ꣄ꢒꢶ,irkki
ꢕꢾꢞꢶ ꢦꣂꢜ꣄,ghe'd'i pot'
ꢒꢾꢬꢸꢮ꣄ ꢦꣂꢜ꣄,ke'ruv pot'
ꢪꣂꢬ꣄,mor
ꢲꢹꢡ꣄ꢡꢸꢬꢵꢜ꣄,hootturaat'
ꢲꢹꢡ꣄ꢡꢶꢬ꣄,hoottir
ꢦꢾꢬ꣄ꢦ꣄ꢦꢶ,pe'rppi
ꢒꢾꢛ꣄ꢙꢶ,ke'nji
ꢔꢸꢳ꣄ꢳꢾ ꢬꢴꢵ,gul'l'e' rhaa
ꢙꣁꢞꢸꢛ꣄ꢗꢶ,jo'd'unchi
ꢙꢿꢥ꣄,jen
ꢱꢹꢓꢪ꣄ꢦꣁꢥ꣄ꢣꢶ,sookhampo'ndi
ꢣꣁꢳꢵꢪ꣄ ꢦꢥꢶ ꢱꣂꢜ꣄,do'l'aam pani sot'
ꢆꢗ꣄ꢗꢵꢬꢠꣁ ꢒꢿꢬ꣄,uchchaarano' ker
ꢲꢸꢞꢵꢜ꣄,hud'aat'
ꢄꢮꢬ꣄ ꢦꢸꢱꢶꢭꢾ,ivar pusile'
ꢧꢶꢭ꣄ꢭꢾ,phille'
ꢧꢸꢜ꣄ꢜꢶ ꢙꢵ,phut't'i jaa
ꢧꣂꢜ꣄,phot'
ꢓꢵ,khaa
ꢆꢡ꣄ꢦꢡ꣄ꢡꢶ ꢒꢿꢬ꣄,utpatti ker
ꢱꢹꢒ꣄ꢒꢵꢜ꣄,sookkaat'
ꢱꢹꢒ꣄ꢒꢶ ꢙꢵ,sookki jaa
ꢆꢥ꣄ꢳꢾ,unl'e'
ꢙꢥ꣄ꢭꢾ,janle'
ꢆꢥ꣄ꢥꢵꢜ꣄,unnaat'
ꢙꢥꢵꢜ꣄,janaat'
ꢱꢲꢵꢮ꣄ꢒꢿꢬ꣄,sahaavker
ꢮꢶꢭꢶꢛ꣄ꢗꢶ,vilinchi
ꢆꢛ꣄ꢗꣁ ꢃꢮ꣄,uncho' aav
ꢭꢵꢭ꣄,laal
ꢭꢵꢡ꣄,laat
ꢧꢸꢔ꣄ꢔꢶ,phuggi
ꢧꣁꢮ꣄ꢠꢦꢥ꣄ꢒꢿꢬ꣄,pho'vnapanker
ꢨꢸꢣ꣄ꢣꢶ ꢱꢖ꣄ꢔꢶ,buddi sangi
ꢮꢮ꣄ꢬꢶ,vavri
ꢆꢨꢫꣂꢒ꣄ ꢒꢿꢬ꣄,ubayok ker
ꢆꢛ꣄ꢗꣁ ꢡꢸꢒ꣄ꢒꢶ,uncho' tukki
ꢔꢿꢱ꣄,ges
ꢱꣁꢭꢫꢾ,so'laye'
ꢱꣂꢭ꣄,sol
ꢒꢾꢬ꣄ꢖ꣄ꢔꢵꢜ꣄,ke'rngaat'
ꢒꢾꢬꢸꢬ꣄ꢔꢾꢫ,ke'rurge'ya
ꢤꢸꢳꢵꢜ꣄,dhul'aat'
ꢬꢹꢦ꣄ ꢒꢾꢬ꣄ꢭꢾ,roop ke'rle'
ꢣꢹꢱ꣄,doos
ꢤꢹꢭ꣄,dhool
ꢔꢾꢱꢫꢫꣁ,ge'sayayo'
ꢮꢣꢫꣁ,vadayo'
ꢱꢹꢒ꣄ꢒꢶ,sookki
ꢆꢭꢵꢱ꣄ ꢒꢿꢬ꣄,ulaas ker
ꢲꢸꢭ꣄ꢦ꣄ꢦꢶ,hulppi
ꢲꢷꢭ꣄ꢦ꣄ꢦꢫꢶ ꢬꢴꢵ,heelppayi rhaa
ꢆꢭꢫꢶ ꢬꢴꢵ,ulayi rhaa
ꢆꢭꢫꢶ ꢙꢮꢵꢜ꣄,ulayi javaat'
ꢱꢵꢥ꣄ꢡꢶ,saanti
ꢡꣂꢡ꣄ ꢱꢵ,tot saa
ꢪꢷꢜ꣄ꢒꢥ꣄ ꢱꢿ,meet'kan se
ꢂꢞ꣄ꢞꢪ꣄ ꢦꣂꢜ꣄,ad'd'am pot'
ꢙꢸꢥ꣄ꢥꢶ,junni
ꢦꢵꢜ꣄ ꢦꣂꢜ꣄,paat' pot'
ꢂꢥꢬ꣄ꢡ꣄ꢡ ꢮꢵꢡ꣄ ꢒꢿꢬ꣄,anartta vaat ker
ꢒ꣄ꢰꢷꢠ꣄ ꢲꣁꢫꢶ ꢙꢵ,ksheen ho'yi jaa
ꢄꢥ꣄ꢒꢫꢶ ꢙꢵ,inkayi jaa
ꢣꢸꢒ꣄ꢒꢸ ꢦꣁꢥ꣄ꢣꢶ,dukku po'ndi
ꢥꢶꢛ꣄ꢙꢶ,ninji
ꢚꢸꢬ꣄,jhur
ꢗꢸꢠ꣄ꢜꢶ,chunt'i
ꢔꢾꢬ꣄ꢙꢥꣁ ꢒꢿꢬ꣄,ge'rjano' ker
ꢕꢾꢞꢶ ꢨꣂꢜ꣄,ghe'd'i bot'
ꢪꣁꢥ꣄ꢥꢸꢪ꣄ ꢲꢶꢨ꣄ꢨꢶ,mo'nnum hibbi
ꢲꢞ꣄ꢮꢶ,had'vi
ꢤꣀꢬ꣄ꢫꢪ꣄ ꢣꢿ,dhairyam de
ꢓꢮꢵꢜ꣄,khavaat'
ꢥꢴꢥ꣄ ꢚꢾꢔꢸꢜꣁ,nhan jhe'gut'o'
ꢧꢹꢮ꣄,phoov
ꢚꢶꢬ꣄ꢒꢶ,jhirki
ꢱꣂꢜ꣄,sot'
ꢆꢡ꣄ꢙꢭ꣄ ꢲꣂ,utjal ho
ꢔꢵꢜ꣄,gaat'
ꢦꣂꢜ꣄ꢦꢣꢵꢳ꣄꣄ꢒꢾꢬ꣄ꢭꢿ,pot'padaal'ke'rle
ꢪꢶꢡꢪꢶꢛ꣄ꢗꢶ ꢙꢵ,mitaminchi jaa
ꢙꢵꢔ꣄ꢬꢡꢶ ꢒꢿꢬ꣄,jaagrati ker
ꢂꢥ꣄ꢣꢶ,andi
ꢙꢾꢫ꣄ ꢗꢿꢬ꣄,je'y cher
ꢓꢳ꣄ꢭꢾ,khal'le'
ꢓꢵꢜ꣄,khaat'
ꢫꢡ꣄ꢡꢥ꣄ ꢒꢿꢬ꣄,yattan ker
ꢡꢶꢬꢔ꣄ ꢲꢶꢨ꣄ꢨꢶ,tirag hibbi
ꢆꢱꢶꢭ꣄,usil
ꢨꢵꢠ꣄ ꢱꣂꢜ꣄,baan sot'
ꢙꢾꢳꢶ ꢙꢵ,je'l'i jaa
ꢲꢹꢜ꣄,hoot'
ꢭꢶꢒ꣄ꢒꢶ,likki
ꢭꢶꢓꢶ,likhi
ꢔꢾꢭ꣄ꢭꢭ꣄ ꢒꢿꢬ꣄,ge'llal ker
ꢮꢶꢱꢶꢬ꣄,visir
ꢲꢾꢡꣁ ꢦꣂꢜ꣄,he'to' pot'
ꢔꢵꢳ꣄꣄ꢞꢾ,gaal'd'e'
ꢤꢾꢬ꣄ꢭꢿ,dhe'rle
ꢌꢗ꣄ꢗꢵꢜ꣄,e'chchaat'
ꢲꢸꢖ꣄ꢔꢵꢜ꣄,hungaat'
ꢌꢗ꣄ꢗꢜ꣄ꢥꢶ ꢦꣂꢜ꣄,e'chchat'ni pot'
ꢲꢸꢖ꣄ꢔꢫꢶ ꢙꢵ,hungayi jaa
ꢤꢞ꣄ꢞꢾ,dhad'd'e'
ꢦ꣄ꢬꢒ꣄ꢰꢿꢦꢠꣁ ꢒꢿꢬ꣄,prakshepano' ker
ꢲꣁꢮꢥ꣄ ꢬꢴꢵ,ho'van rhaa
ꢲꢶꢖ꣄ꢔꢶ,hingi
ꢣꣁꢮ꣄ꢱꢶ,do'vsi
ꢪꢸꢜ꣄ꢜꢶꢬꢴꢵ,mut't'irhaa
ꢪꢸꢞ꣄ꢙꢵ,mud'jaa
ꢪꣂꢞ꣄,mod'
ꢆꢣ꣄ꢔꢵꢜ꣄,udgaat'
ꢆꢣ꣄ꢔꢶ,udgi
ꢃꢱ꣄ꢬꢫꢶꢭꢶ ꢬꢴꢵ,aasrayili rhaa
ꢮꢜ ꢒꢿꢬ꣄,vat'a ker
ꢐꢬ꣄ꢡꣁ ꢬꢴꢵ,orto' rhaa
ꢥꢷꢞꢪ꣄ ꢬꢴꢵ,need'am rhaa
ꢦꢵꢬꢵꢫꢠꣁ ꢒꢿꢬ꣄,paaraayano' ker
ꢧꢶꢬꢶꢧꢶꢬꢶ ꢪꢿꢥ꣄,phiriphiri men
ꢏꢦ꣄ꢦꢶꢭꢾ,o'ppile'
ꢐꢒ꣄ꢦꣁꢒꢸꢬ꣄ ꢥꢶꢛ꣄ꢗꢶ,okpo'kur ninchi
ꢱꢨ꣄ꢣꢸ ꢒꢾꢬ꣄,sabdu ke'r
ꢤ꣄ꢮꢪ꣄ꢱꢸ ꢲꣂ,dhvamsu ho
ꢤ꣄ꢮꢪ꣄ꢱꢸ ꢒꢿꢬ꣄,dhvamsu ker
ꢔꢾꢳꢶꢶ ꢙꢮꢵꢜ꣄,ge'l'ii javaat'
ꢔꢾꢳꢶꢶ ꢙꢵ,ge'l'ii jaa
ꢭꢶꢒ꣄ꢒꢶꢭꢾ,likkile'
ꢙꣁꢭꢶꢛ꣄ꢗꢶ,jo'linchi
ꢣꢾꢠ꣄ꢞꢥꣁ ꢡꢿ,de'nd'ano' te
ꢗꢾꢬ꣄ꢗꢶ,che'rchi
ꢏꢔꢬꢶ ꢒꢿꢬ꣄,o'gari ker
ꢗꢾꢣꢵꢮ꣄ ꢲꣂ,che'daav ho
ꢣꣁꢮ꣄ꢞꢶ,do'vd'i
ꢆꢗ꣄ꢗꢵꢜꢠꣁ ꢒꢿꢬ꣄,uchchaat'ano' ker
ꢗꢾꢮ꣄ꢣꢶ,che'vdi
ꢦꢵꢭꢥꣁ ꢒꢿꢬ꣄,paalano' ker
ꢱꢶꢥꢫꢶ ꢙꢵ,sinayi jaa
ꢲꢮ꣄ꢡꢥ꣄ ꢒꢾꢬ꣄ꢭꢾ,havtan ke'rle'
ꢲꢮ꣄ꢜꢶ,havt'i
ꢲꢜ꣄ꢮꢶ,hat'vi
ꢒꣁꢔꢸꢭꢵꢔ꣄,ko'gulaag
ꢦꢷꢳ꣄,peel'
ꢱꢾꢔ ꢒꢿꢬ꣄,se'ga ker
ꢱꢸꢬꢸ ꢦꣂꢜ꣄,suru pot'
ꢔꢿꢳ꣄,gel'
ꢣꢵꢜ꣄,daat'
ꢤꢶꢭ꣄ꢭꣁ ꢲꣂ,dhillo' ho
ꢗꣁꢞ꣄ꢞꢦꣁꢞꢶ ꢙꢮꢵꢜ꣄,cho'd'd'apo'd'i javaat'
ꢦꢬ꣄ꢮꢡ꣄ ꢒꢿꢬ꣄,parvat ker
ꢗꢵꢮ꣄,chaav
ꢨꢶꢱ꣄ꢱꣁ ꢙꢵ,bisso' jaa
ꢔꢸꢱꢹꢳ,gusool'a
ꢥꢶꢬꢷꢒ꣄ꢰꢠꣁ ꢒꢿꢬ꣄,nireekshano' ker
ꢂꢮꢥ꣄ꢗꢵꢭ꣄ ꢱꢖ꣄ꢔꢶ,avanchaal sangi
ꢒꢾꢡ꣄ꢬꢶꢒ꣄ꢒꢾ ꢲꣁꢬ꣄ ꢒꢵꢜ꣄,ke'trikke' ho'r kaat'
ꢬꢾꢗ꣄ꢗꣁ ꢡꢵꢫ꣄ ꢩꢮꢵꢜ꣄ ꢡꢵꢫ꣄,re'chcho' taay bhavaat' taay
ꢕꢾꢞꢶꢨꣁꢮ꣄,ghe'd'ibo'v
ꢒꢸꢖBꢔꢶ ꢬꣂꢜ꣄,kungaBgi rot'
ꢓꢾꢥꢶ ꢔꢵꢮ꣄,khe'ni gaav
ꢮꢱ꣄ꢥꣁ ꢣꢾ,vasno' de'
ꢒꢾꢬ ꢒꢾꢬ ꢒꢿꢬ꣄,ke'ra ke'ra ker
ꢚꢵꢫ꣄,jhaay
ꢪꢷꢜ꣄ꢒꢥꢶ ꢭꢵꢔ꣄,meet'kani laag
ꢒꢳꣁ ꢲꣁꢱ꣄ꢡꢶꢱꣁ ꢙꢵꢭ꣄,kal'o' ho'stiso' jaal
ꢂꢨꢶꢦ꣄ꢬꢵꢫ꣄ ꢦꣁꢜ꣄,abipraay po't'
ꢕꢸꢭꢫꢶ ꢙꢵ,ghulayi jaa
ꢒꢾꢬꢶꢖ꣄ꢔꢶ ꢙꢵ,ke'ringi jaa
ꢕꢸꢭꢵꢜ꣄,ghulaat'
ꢒꢾꢬꢸꢖ꣄ꢔꢵꢜ꣄,ke'rungaat'
ꢱꢶꢒ꣄ꢒꢶ,sikki
ꢪꢶꢱ꣄ꢬꢠꣁ ꢒꢿꢬ꣄,misrano' ker
ꢱꢾꢣ꣄ꢣꢸ ꢡꢵꢫ꣄,se'ddu taay
ꢒꢮ꣄ꢭꢫꢶꢬꢴꢵ,kavlayirhaa
ꢂꢯ꣄ꢬꢿꢠꢶꢲꣁ,ashreniho'
ꢂꢯ꣄꣄ꢬꢿꢠꢶ ꢒꢿꢬ꣄,ashreni ker
ꢃꢒꢬ꣄ꢰꢶ,aakarshi
ꢩꣁꢬꢶꢙꢵ,bho'rijaa
ꢡꢾꢭ꣄ꢒꢫꢶ ꢙꢵ,te'lkayi jaa
ꢲꢸꢞꣁ ꢡꢶꢞꣁ ꢕꢭꢫꢶ ꢙꢵ,hud'o' tid'o' ghalayi jaa
ꢤꢶꢭ꣄ꢭꣁꢦꣁꢜ꣄,dhillo'po't'
ꢲꢾꢞꢶ ꢡꢵꢫ꣄,he'd'i taay
ꢣꢶꢥ꣄ꢥꢸ ꢙꢮꢵꢜ꣄,dinnu javaat'
ꢩꢷꢜ꣄,bheet'
ꢱꢷꢥ꣄ꢦꣁꢥ꣄ꢣꢶ,seenpo'ndi
ꢱꢶꢒ꣄ꢒꢵꢜ꣄,sikkaat'
ꢣꢹꢡ꣄ ꢦꢷꢳ꣄,doot peel'
ꢗꢸꢜ꣄ꢜꢸ ꢧꢷꢬ꣄ꢮꢶ,chut't'u pheervi
ꢗꢸꢜ꣄ꢜꢸ ꢧꢷꢬ꣄,chut't'u pheer
ꢱꢵꢦꢥꣁ ꢣꢿ,saapano' de
ꢦꣁꢳ꣄ꢳꣁ ꢲꣂ,po'l'l'o' ho
ꢣꢾꢒ꣄ꢒꢵꢜ꣄,de'kkaat'
ꢦꢶꢬꢿꢮ꣄ ꢒꢿꢬ꣄,pirev ker
ꢱꢸꢒ꣄ꢒꢶ ꢙꢵ,sukki jaa
ꢡꢦ꣄ꢦꢶ ꢙꢵ,tappi jaa
ꢒꢫ꣄ꢭꣁ ꢣꢾ,kaylo' de'
ꢡꢦꢵꢜ꣄,tapaat'
ꢂꢨ꣄ꢨꢳ꣄ꢳꢿ,abbal'l'e
ꢦꣁꢞ꣄ ꢬꢴꢵ,po'd' rhaa
ꢥꢶꢖ꣄ꢙꢵꢜ꣄,ningjaat'
ꢓꢶꢠ꣄ꢓꢶꢠꢵꢜ꣄ ꢒꢪ꣄ꢦꢥꣁ ꢒꢿꢬ꣄,khinkhinaat' kampano' ker
ꢂꢨ꣄ꢨꢱ꣄ꢡꢶꢱꣁ ꢬꢴꢵ,abbastiso' rhaa
ꢥꣁꢠ꣄ꢜꢶꢭꢶꢗꢵꢭ꣄,no'nt'ilichaal
ꢚꢹꢬ꣄ ꢆꢜ꣄ꢗꢶꢭꢾ,jhoor ut'chile'
ꢔ꣄ꢬꢲꢥꣁ ꢒꢿꢬ꣄,grahano' ker
ꢩꢜ꣄ꢜꢶ ꢙꢵ,bhat't'i jaa
ꢩꢵꢜ꣄,bhaat'
ꢥꢶꢔꢶꢳꢵꢜ꣄,nigil'aat'
ꢥꢶꢔꢳ꣄,nigal'
ꢒꢮ꣄ꢭꢶꢱꣂꢜ꣄,kavlisot'
ꢯꢵꢓꣁ ꢱꣂꢜ꣄,shaakho' sot'
ꢣꣁꢱ꣄ꢒꣁ ꢗꢸꢜ꣄ꢜꢸ ꢧꢷꢬ꣄,do'sko' chut't'u pheer
ꢕꢶꢬ꣄ꢒꢶ,ghirki
ꢒꣁꢮ꣄ꢬꢶ,ko'vri
ꢱꢾꢣ꣄ꢣꢸ ꢱꢨꣁ ꢒꢿꢬ꣄,se'ddu sabo' ker
ꢕꢸꢮꣁ ꢒꢿꢬ꣄,ghuvo' ker
ꢮ꣄ꢫꢮꢱ꣄ꢢꣁ ꢥꢴꢷꢡ꣄ꢡꢶꢱꣁ ꢒꢿꢬ꣄,vyavastho' nheettiso' ker
ꢮ꣄ꢫꢮꢱ꣄ꢢꣁ ꢥꢴꢷꢡ꣄ꢡꢶꢱꣁ ꢲꣁ,vyavastho' nheettiso' ho'
ꢃꢒꢬ꣄ꢰꢥꣁ ꢒꢿꢬ꣄,aakarshano' ker
ꢔꢸꢱꢸꢔꢸꢱꢸ ꢒꢿꢬ꣄,gusugusu ker
ꢔꢸꢣ꣄ꢣꢶ,guddi
ꢗꢮꢶ ꢒꢵ,chavi kaa
ꢤꢸꢖ꣄ꢒꢶ,dhunki
ꢒꢸꢰꢵꢭ꣄ ꢒꢿꢬ꣄,kushaal ker
ꢲꢳ꣄ꢳꢸ ꢔꢸꢣ꣄ꢣꢶ,hal'l'u guddi
ꢔꣂꢦꢸꢬ꣄ ꢒꢾꢬꢱ꣄ꢡꢾ,gopur ke'raste'
ꢪꣁꢥ꣄ꢥꢸꢪ꣄ ꢲꢸꢳꣁ ꢦꢾꢮ꣄ꢞꢫ ꢶꢬꢴꢵ,mo'nnum hul'o' pe'vd'aya irhaa
ꢭꢸꢪ꣄ꢦ꣄ꢶꢭꢿ,lump_ile
ꢭꢸꢪ꣄ꢦꢵꢜ꣄,lumpaat'
ꢧꢸꢭꢵꢧꢸꢭꢶꢣꢾꢒ꣄ꢒꢵꢜ꣄,phulaaphulide'kkaat'
ꢱꣁꢥ꣄ꢡꣁꢰ꣄ ꢦꣁꢥ꣄ꢣꢶ,so'nto'sh po'ndi
ꢒꢸꢣꢹꢲꢭ꣄ ꢦꣁꢥ꣄ꢣꢶ,kudoohal po'ndi
ꢂꢭ꣄ꢮꢵꢜ꣄,alvaat'
ꢂꢭ꣄ꢭꢶ,alli
ꢱꢪ꣄ꢪꢶꢯ꣄ꢬꢠꣁ ꢲꣁꢫ꣄ꢬꢴꢵ,sammishrano' ho'yrhaa
ꢪꢸꢭ꣄ꢭ ꢧꢭ꣄ꢭꣁ ꢲꣁꢫ꣄ ꢬꢴꢵ,mulla phallo' ho'y rhaa
ꢒꢮ꣄ꢭꢫꢶ ꢬꢴꢵ,kavlayi rhaa
ꢪꢸꢭ꣄ꢭ ꢧꢭ꣄ꢭꣁ ꢒꢿꢬ꣄,mulla phallo' ker
ꢒꢮ꣄ꢭꢶ ꢡꢵꢫ꣄,kavli taay
ꢒꢸꢥꢪꢶꢖ꣄ꢗꢶꢫꢶ ꢬꢴꢵ,kunamingchiyi rhaa
ꢒꢸꢪꢶꢖ꣄ꢗꢶ ꢢꣁꢮ꣄,kumingchi tho'v
ꢭꢸꢪ꣄ꢦꢶ,lumpi
ꢭꢸꢪ꣄ꢦꢫꢶ ꢬꢴꢵ,lumpayi rhaa
ꢔꣁꢳꢔꣁꢳꢫꢶ ꢮꢡ꣄ꢡꣁ ꢒꢾꢬ꣄,go'l'ago'l'ayi vatto' ke'r
ꢦꣁꢭ꣄ꢭꢪ꣄ ꢦꣂꢜ꣄,po'llam pot'
ꢦꣁꢭ꣄ꢭꢪ꣄ ꢒꢾꢬ꣄,po'llam ke'r
ꢦꣁꢭ꣄ꢭꢪ꣄ ꢒꣁꢮ꣄ꢬꢶ,po'llam ko'vri
ꢙꢾꢡ ꢗꢿꢬ꣄,je'ta cher
ꢱ꣄ꢥꢵꢥ꣄ ꢒꢿꢬ꣄,snaan ker
ꢃꢖ꣄ꢔꢸ ꢤꢹꢮ꣄,aangu dhoov
ꢱꢶꢳ꣄ꢳꢦꣂꢜ꣄,sil'l'apot'
ꢒꢸꢬ꣄ꢗꢶꢭꢾ,kurchile'
ꢥꢴꢥ꣄ꢥ ꢒꢿꢬ꣄,nhanna ker
ꢆꢥ꣄ꢥꣁ ꢒꢿꢬ꣄,unno' ker
ꢥꢴꢥ꣄ꢥꢲꣁ,nhannaho'
ꢪꣁꢥ꣄ꢥꢸꢪ꣄ꢒꢸꢱ꣄ꢒꢫꢶ ꢬꢴꢵ,mo'nnumkuskayi rhaa
ꢆꢥ꣄ꢥꣁ ꢲꣁꢫ꣄ꢬꢴꢵ,unno' ho'yrhaa
ꢏꢖ꣄ꢔꢶ,o'ngi
ꢏꢖ꣄ꢔꢵꢜ꣄,o'ngaat'
ꢭꢵꢱ꣄,laas
ꢭꢙ꣄ꢙꣁ ꢦꣁꢥ꣄ꢣꢶ,lajjo' po'ndi
ꢗꢾꢬ꣄ꢭꢿ,che'rle
ꢲꢵꢡ꣄ ꢙꢾꢡ ꢗꢾꢬ꣄ꢗ꣄ꢗꢶ,haat je'ta che'rchchi
ꢬꢾꢗ꣄ꢗ ꢡꢵꢫ꣄,re'chcha taay
ꢪꢿꢠ꣄,men
ꢏꢖ꣄ꢒꢶ,o'nki
ꢱ꣄ꢮꢦ꣄ꢬꢡꢵꢦ꣄ ꢒꢾꢬ꣄ꢭꢿ,svaprataap ke'rle
ꢒꢾꢖ꣄ꢙꢶ,ke'ngji
ꢪꢔꢶꢭꢾ,magile'
ꢥꢵꢯ꣄,naash
ꢥꢯꢥꣁ ꢲꣂ,nashano' ho
ꢙꢾꢔꢸꢖ꣄ꢗꢶ,je'gungchi
ꢙꢷꢔ꣄,jeeg
ꢨꢸꢱ꣄ꢒꢸꢜ꣄ꢜꢶ ꢬꣂꢜ꣄,buskut't'i rot'
ꢎꢒꢶ,aiki
ꢂꢪ꣄ꢨꢜ꣄ ꢬꢴꢵ,ambat' rhaa
ꢲꣁ,ho'
ꢔꢸꢜ꣄ꢜꢸꢡꢵꢫ꣄,gut't'utaay
ꢜꢖ꣄ꢒꢥꣁ ꢒꢿꢬ꣄,t'ankano' ker
ꢒꣁꢡ꣄ꢡꢶ,ko'tti
ꢡꢦꢫꢶ ꢙꢵ,tapayi jaa
ꢲꢸꢨ꣄ꢨꢶ,hubbi
ꢱꢸꢙ꣄ꢙꢶ,sujji
ꢡꣂꢠꢸꢪ꣄ ꢔꣁꢳꣁ ꢒꢿꢬ꣄,tonum go'l'o' ker
ꢡꣂꢠ꣄ ꢔꣁꢳꣁ ꢒꢿꢬ꣄,ton go'l'o' ker
ꢡꣂꢜ꣄,tot'
ꢪꣁꢬꢵꢜ꣄,mo'raat'
ꢧꢖ꣄ꢔꢶꢜ꣄,phangit'
ꢪꢥ꣄ꢣꣁ ꢗꢿꢜ꣄,mando' chet'
ꢢꣁꢮ꣄ꢭꢾ,tho'vle'
ꢩꣁꢬ꣄ꢮꢶ,bho'rvi
ꢭꢔꢵꢜ꣄,lagaat'
ꢗꢾꢮ꣄ꢛ꣄ꢗꢶ,che'vnchi
ꢏꢬ꣄ꢦꢶ,o'rpi
ꢬꢵꢒ꣄ ꢂꢥ꣄ꢭꢾ,raak anle'
ꢨꣁꢪ꣄,bo'm
ꢪꢔꢶꢭꢿ,magile
ꢪꢾꢥ꣄ꢭꢿ,me'nle
ꢒ꣄ꢰꢪꣁ ꢒꢾꢬ꣄ꢭꢿ,kshamo' ke'rle
ꢗꢶꢜꢸꢗꢶꢞꢵꢜ꣄,chit'uchid'aat'
ꢯꢶꢡꢶꢭꢶ ꢙꢵ,shitili jaa
ꢗꢾꢣꢶꢭꢶꢙꢵ,che'dilijaa
ꢣ꣄ꢒ꣄ꢒꢶ,dkki
ꢪꢷꢭ꣄,meel
ꢱꢾꢥ꣄ꢣꢿꢮ꣄ꢦꣂꢜ꣄,se'ndevpot'
ꢗꢵꢜ꣄,chaat'
ꢚꢹꢬ꣄,jhoor
ꢱꢨꢶꢖ꣄ꢗꢶ,sabingchi
ꢗꢵꢭ꣄,chaal
ꢙꣁꢞꢸꢖ꣄ꢗꢶ,jo'd'ungchi
ꢣꢷ ꢗꢾꢬ꣄ꢗꢶ,dee che'rchi
ꢤꢞ꣄ꢞꢿ,dhad'd'e
ꢥꢶꢬ꣄ꢮꢵꢲ꣄ ꢒꢿꢬ꣄,nirvaah ker
ꢱꢛ꣄ꢗꢵꢭꢥꣁ ꢒꢿꢬ꣄,sanchaalano' ker
ꢭꢾꢔꢸꢡ꣄ꢡꣁ ꢙꢵ,le'gutto' jaa
ꢗꢵꢭ꣄ꢲꣁ,chaalho'
ꢬꢸꢡꢸꢲꣁ,rutuho'
ꢲꢥ꣄ꢣꢶ,handi
ꢏꢠ꣄ꢜ꣄ꢫꢦꣁꢔꢸꢪ꣄ ꢏꢖ꣄ꢔꢶ,o'nt'yapo'gum o'ngi
ꢏꢠ꣄ꢜ꣄ꢫꢦꣂꢔꢸꢪ꣄ ꢏꢖ꣄ꢔꢵꢜ꣄,o'nt'yapogum o'ngaat'
ꢒꣁꢛ꣄ꢗꢶꢥ ꢶꢮꢗꢥ꣄ ꢒꢿꢬ꣄,ko'nchina ivachan ker
ꢱꢭ꣄ꢭꢵꢦꢸ ꢮꢗꢥ꣄ ꢒꢿꢬ꣄,sallaapu vachan ker
ꢚꢶꢬ꣄ꢒꢶ ꢦꣂꢜ꣄,jhirki pot'
ꢗꢸꢒ꣄ꢱꢖ꣄ꢔꢶ,chuksangi
ꢣꣂꢰ ꢃꢬꣂꢦꢠꣁ,dosha aaropano'
ꢱ꣄ꢢꢶꢬꣁ ꢒꢿꢬ꣄,sthiro' ker
ꢦꣂꢒ꣄ ꢏꢖBꢔꢶ,pok o'ngaBgi
ꢦꣂꢒ꣄ ꢏꢖBꢔꢵꢜ꣄,pok o'ngaBgaat'
ꢥꣁꢪ꣄ꢪꢶꢭꢶ ꢬꢴꢵ,no'mmili rhaa
ꢏꢬ꣄ꢔꢵꢜ꣄,o'rgaat'
ꢒꢳꢵꢜ꣄,kal'aat'
ꢦ꣄ꢬꢒꢜꢥꣁ ꢒꢿꢬ꣄,prakat'ano' ker
ꢱꢪ꣄ꢜꢶꢥꢶ ꢦꣂꢜ꣄,samt'ini pot'
ꢱꢪ꣄ꢜꢶ,samt'i
ꢬꢵꢒ꣄ ꢣꢾꢒ꣄ꢒꢵꢜ꣄,raak de'kkaat'
ꢪꣁꢠ꣄ꢔꢵꢜ꣄,mo'ngaat'
ꢲꢵꢮꢩꢵꢮ꣄ ꢒꢿꢬ꣄,haavabhaav ker
ꢪꣁꢠ꣄ꢔꢶ,mo'ngi
ꢬꢹꢦ꣄ꢒꢾꢬ꣄,roopke'r
ꢗꢶꢡ꣄ꢡꢬ꣄ ꢒꢿꢬ꣄,chittar ker
ꢂꢨ꣄ꢨꢞ꣄ꢭꢿ ꢂꢨꢞ꣄ꢭꢿ,abbad'le abad'le
ꢗꢾꢣꢸꢬ꣄,che'dur
ꢮꢶꢒꢷꢬ꣄ꢠꢸ ꢲꣁꢫ꣄ ꢙꢵ,vikeernu ho'y jaa
ꢗꢾꢣꢸꢬꢵꢜ꣄,che'duraat'
ꢮꢶꢒꢷꢬ꣄ꢠꢸ ꢒꢾꢬ꣄,vikeernu ke'r
ꢥꢾꢱ꣄ꢒꢶ,ne'ski
ꢫꣂꢱꢥꣁ ꢒꢿꢬ꣄,yosano' ker
ꢭꢸꢗ꣄ꢗꢵꢜ꣄,luchchaat'
ꢗꢶꢬꢵꢫ꣄ꢥꢶ ꢦꣂꢜ꣄,chiraayni pot'
ꢲꢵꢱ꣄,haas
ꢱꣁꢮ꣄ꢬꢪ꣄ ꢒꢾꢬ꣄,so'vram ke'r
ꢬꣂꢪꢵꢛ꣄ꢗꣁ ꢲꣁꢫ꣄ꢭꢿ,romaancho' ho'yle
ꢡꣁꢠꣁ ꢡꣁꢠꣁ ꢒꢿꢬ꣄,to'no' to'no' ker
ꢭꢴꣁꢮꣁ ꢦꣂꢜ꣄,lho'vo' pot'
ꢥꢴꢥ꣄ꢥ ꢲꣂ,nhanna ho
ꢬꢵꢒ꣄ ꢂꢮꢵꢜ꣄,raak avaat'
ꢆꢱ꣄ꢦꢶ ꢱꣂꢜ꣄,uspi sot'
ꢔꢮ꣄ꢖ꣄ꢗꢶ,gavngchi
ꢙꢷꢬ꣄ꢠꢸꢒꢿꢬ꣄,jeernuker
ꢪꣁꢥꣁ ꢒꢿꢬ꣄,mo'no' ker
ꢬꢵꢒ꣄ ꢂꢮꢞꢳꢿ,raak avad'al'e
ꢔꢸꢬ꣄ꢡꢸ ꢒꢳꢵꢜ꣄,gurtu kal'aat'
ꢩꢸꢛ꣄ꢙꢶ,bhunji
ꢭꢵꢮ꣄,laav
ꢪꢶꢜ꣄ꢜꢶ,mit't'i
ꢦꢱ꣄ꢡꣁꢒ꣄ꢒꢶ,pasto'kki
ꢯꢸꢣ꣄ꢣꢶ ꢒꢿꢬ꣄,shuddi ker
ꢡꢸꢒ꣄ꢒꢶ,tukki
ꢮꢵꢮ꣄,vaav
ꢡꢸꢒ꣄ꢒꢵꢜ꣄,tukkaat'
ꢒꢸꢖ꣄ꢒꢶ,kunki
ꢂꢒ꣄ꢒꢸꢬꣁꢒꢿꢬ꣄,akkuro'ker
ꢒꢸꢖ꣄ꢔꢫꢶ ꢙꢵ,kungayi jaa
ꢂꢒ꣄ꢒꢸꢬꣁ ꢲꣁ,akkuro' ho'
ꢂꢮ꣄ꢱꢬ꣄ ꢦꣁꢜ꣄,avsar po't'
ꢔꢸꢮ꣄ꢠꢶ,guvni
ꢔꣁꢳꣁ ꢒꢿꢬ꣄,go'l'o' ker
ꢔꢸꢠ꣄ꢮꢫꢶ ꢬꢴꢵ,gunvayi rhaa
ꢔꣁꢳꣁ ꢲꣁꢫ ꣄ꢬꢴꢵ,go'l'o' ho'ya rhaa
ꢯ꣄꣄ꢮꢵꢱꣁ ꢒꢿꢬ꣄,shvaaso' ker
ꢬꢸꢗ꣄ꢗꢶ ꢱꢵ,ruchchi saa
ꢧꢷꢬ꣄,pheer
ꢧꢶꢬ꣄ꢮꢶꢶ,phirvii
ꢧꢶꢬꢵꢜ꣄,phiraat'
ꢅꢠ꣄ꢒꢶ,eenki
ꢲꢶꢠ꣄ꢞꢶ,hind'i
ꢒ꣄ꢬꢷꢜꢶ ꢕꢵꢭ꣄,kreet'i ghaal
ꢕꢵꢭ꣄,ghaal
ꢗꢾꢮꢸꢛ꣄ꢗꢶ,che'vunchi
ꢥꢴꢵꢥ꣄ ꢲꣁ,nhaan ho'
ꢗꢸꢜ꣄ꢜꢸꢬ꣄ ꢬꢴꢵ,chut't'ur rhaa
ꢗꢾꢒ꣄ꢒꢶ,che'kki
ꢟꢖ꣄ꢒꢶ,d'hanki
ꢥꢵꢪ ꢙꢦꣁ ꢒꢿꢬ꣄,naama japo' ker
ꢦ꣄ꢬꢵꢬ꣄ꢢꢥꣁ ꢒꢿꢬ꣄,praarthano' ker
ꢙꢷꢬ꣄ꢠꢸꢲꣁ,jeernuho'
ꢒꢿꢬ꣄,ker
ꢙꢶꢬ꣄ꢪꢵꢥ꣄ ꢲꣂ,jirmaan ho
ꢡꢸꢬꢵꢜ꣄,turaat'
ꢕꢞꢶ ꢒꣁꢮ꣄ꢬꢶ,ghad'i ko'vri
ꢙꢮꢵꢜ꣄,javaat'
ꢗꢸꢨꢶꢜ꣄ꢗꢸ ꢦꣁꢥ꣄ꢣꢶ,chubit'chu po'ndi
ꢆꢬꢵꢮ꣄ ꢒꢿꢬ꣄,uraav ker
ꢙꢷꢗꢿꢬ꣄,jeecher
ꢦꢵꢄꢪ꣄ꢦꣁꢜ꣄,paaimpo't'
ꢪꢾꢖ꣄ꢔꢶ,me'ngi
ꢨꣁꢜ꣄ꢜꢸ ꢦꣂꢜ꣄,bo't't'u pot'
ꢗꢶꢞꢸꢒ꣄ꢒꢸ ꢡꢵꢫ꣄,chid'ukku taay
ꢧꢸꢭꢸ ꢦꣁꢮ꣄ꢱ꣄ꢦꣂꢜ꣄,phulu po'vspot'
ꢡꢾꢜ꣄ꢜꢸ ꢪꢸꢜ꣄ꢜꢶ,te't't'u mut't'i
ꢡꢾꢠ꣄ꢞꢥꣁ ꢣꢿ,te'nd'ano' de
ꢂꢠ꣄ꢗꢫꢶ ꢬꢴꢵ,anchayi rhaa
ꢂꢠ꣄ꢗꢶ,anchi
ꢡꢾꢡ꣄ꢡꢳꢶꢛ꣄ꢗꢶ,te'ttal'inchi
ꢡꢾꢭ꣄ꢒꢶ,te'lki
ꢡꣁꢨꢸꢛ꣄ꢗꢵꢜ꣄,to'bunchaat'
ꢡꣁꢨꢸꢛ꣄ꢗꢶ,to'bunchi
ꢦꢥ꣄ꢪꢭ꣄ꢒꢾ ꢦꣂꢜ꣄,panmalke' pot'
ꢣꢬ꣄ꢰꢠꣁ ꢒꢿꢬ꣄,darshano' ker
ꢮꢶꢮꢵꢡ꣄ ꢒꢿꢬ꣄,vivaat ker
ꢨꣁꢮꢥ꣄ ꢤꢜ꣄ꢞꢾ,bo'van dhat'd'e'
ꢕꣁꢠꢖ꣄ꢒꣁꢠꢵꢫ꣄ ꢒꢿꢬ꣄,gho'nanko'naay ker
ꢏꢞ꣄ꢙꢵ,o'd'jaa
ꢂꢭ꣄ꢭꢵꢜ꣄,allaat'
ꢥꢴꢷꢡ꣄ꢡꣁ ꢲꣁꢮꢵꢜ꣄,nheetto' ho'vaat'
ꢔꣁꢳ ꢔꣁꢳꢵꢜ꣄,go'l'a go'l'aat'
ꢓꢮ꣄ꢙꢶ,khavji
ꢦꢬꢷꢒ꣄ꢰꣁ ꢒꢿꢬ꣄,pareeksho' ker
ꢗꣁꢒ꣄ꢒꢜ꣄ ꢲꣁ,cho'kkat' ho'
ꢯꢷꢥ꣄ ꢭꢒꢫ꣄ꢭꢾ,sheen lakayle'
ꢧꢸꢜ꣄ꢜꢶ ꢦꣂꢜ꣄,phut't'i pot'
ꢤ꣄ꢮꢪ꣄ꢯꢸ ꢲꣂ,dhvamshu ho
ꢩꣁꢞꢶꢡꢵꢫ꣄,bho'd'itaay
ꢩꣁꢔ ꢩꣁꢔꢫꢶ ꢬꢴꢵ,bho'ga bho'gayi rhaa
ꢡꢦꢫꢶ ꢬꢴꢵ,tapayi rhaa
ꢬꢴꢷꢭꢿ,rheele
ꢬꢴꢾꢫ꣄ꢭꢿ,rhe'yle
ꢡꢾꢜ꣄ꢜꢶ,te't't'i
ꢂꢮ꣄ꢞꣂꢦꣁꢜ꣄,avd'opo't'
ꢲꢶꢨ꣄ꢨꢵꢞ꣄,hibbaad'
ꢒꢨꢶꢭꢿ,kabile
ꢃꢭꢶꢖ꣄ꢔꢥꣁ ꢒꢿꢬ꣄,aalingano' ker
ꢦꣁꢜꢭꢶ ꢩꢥ꣄ꢣꢶꢭꢿ,po't'ali bhandile
ꢗꢸꢨꢶꢜ꣄ꢗꢸꢒꢥ꣄ ꢬꢴꢵ,chubit'chukan rhaa
ꢤꢶꢭ꣄ꢭꣁ ꢦꣂꢜ꣄,dhillo' pot'
ꢤꢶꢭ꣄ꢭꣁ ꢒꢿꢬ꣄,dhillo' ker
ꢗꢶꢒꢸꢥ꣄,chikun
ꢪꢸꢒꢸꢬ꣄,mukur
ꢏꢠ꣄ꢜꢶꢒꢥ꣄ ꢬꢴꢵ,o'nt'ikan rhaa
ꢃꢒ꣄ꢬꢪꢥꣁ ꢒꢿꢬ꣄,aakramano' ker
ꢱꢮꢥ꣄ꢒꢾꢬ꣄ꢭꢿ,savanke'rle
ꢮꢲꢶꢭꢾ,vahile'
ꢬꢴꢒ꣄ꢒꢶ,rhakki
ꢡꢪꢱ꣄ꢒꢿꢬ꣄,tamasker
ꢆꢭ꣄ꢭꢖ꣄ꢔꢶ,ullangi
ꢚꢵꢖ꣄ꢔꢶ,jhaangi
ꢓꢵꢭ꣄ꢙꢵ,khaaljaa
ꢓꢵꢭ꣄ꢒꢿꢬ꣄,khaalker
ꢧꣁꢠ꣄ꢠꢶ ꢣꢾ,pho'nni de'
ꢡꢶꢒ꣄ꢒꢶ ꢮꢡ꣄ꢡꣁ ꢒꢿꢬ꣄,tikki vatto' ker
ꢓ꣄ꢫꢵꢣꢶ ꢦꣁꢥ꣄ꢣꢶ,khyaadi po'ndi
ꢒꢷꢬ꣄ꢡꢶ ꢦꣁꢥ꣄ꢣꢶ,keerti po'ndi
ꢨꢾꢣꢶꢬ꣄,be'dir
ꢔꢵꢭ꣄ꢞꢾ,gaald'e'
ꢂꢭ ꣄ꢦꣁꢥ꣄ꢣꢶ,ala po'ndi
ꢲꢸꢨ꣄ꢨꢱ꣄,hubbas
ꢡꢶꢠ꣄ꢗꢶ,tinchi
ꢔꢸꢳ꣄ꢳꢾ ꢲꢵꣂ,gul'l'e' haao
ꢧꢶꢬ꣄ꢮꢶ,phirvi
ꢧꢶꢬ꣄,phir
ꢤ꣄ꢫꢥ꣄ ꢒꢿꢬ꣄꣄,dhyan ker
ꢐꢒ꣄ ꢒꢿꢬ꣄,ok ker
ꢙꢾꢡꣁ ꢒꢿꢬ꣄,je'to' ker
ꢔꢸꢪ꣄ꢦꢶ,gumpi
ꢱꢾꢬ꣄ꢒꣁ ꢒꢿꢬ꣄,se'rko' ker
ꢱꢾꢬ꣄ꢒꣁ ꢲꣂ,se'rko' ho
ꢱꣁꢪ꣄ꢦꢶ,so'mpi
ꢱꢥ꣄ꢡꢸꢰ꣄ꢜꢶ,santusht'i
ꢲꢸꢔꢸꢞ꣄,hugud'
ꢗꢶꢡ꣄ꢬꢸ ꢒꢿꢬ꣄,chitru ker
ꢙꢭꢵꢜ꣄,jalaat'
ꢡꢶꢬꢫꢶ ꢙꢵ,tirayi jaa
ꢡꢶꢬ꣄ꢗꢶ,tirchi
ꢡꢶꢬ꣄ꢪꢵꢥ꣄ ꢒꢾꢬ꣄,tirmaan ke'r
ꢪꢾꢬ꣄ꢦꢸꢭ꣄ ꢒꢿꢬ꣄,me'rpul ker
ꢥꢶꢛ꣄ꢗꢶ,ninchi
ꢲꣁꢖ꣄ꢔꢸ ꢂꢮꢞ꣄ꢳꢿ,ho'ngu avad'l'e
ꢲꢬꢸꢪ꣄ꢨꢪ꣄ꢒꢾꢬ꣄,harumbamke'r
ꢲꢬꢸꢪ꣄ꢨꢪ꣄ ꢲꣂ,harumbam ho
ꢔꢸꢠ꣄ꢞꢾ ꢲꢭ꣄ꢭꢶ,gund'e' halli
ꢦꣁꢱ꣄,po's
ꢒꢸꢜ꣄ꢒꣁ ꢒꢾꢬ꣄,kut'ko' ke'r
ꢤꣀꢬ꣄ꢫꢸ ꢦꣁꢥ꣄ꢣꢶ,dhairyu po'ndi
ꢥꢹꢮ꣄,noov
ꢯ꣄꣄ꢭꢵꢕꢠꣁ ꢒꢿꢬ꣄,shlaaghano' ker
ꢢꢹꢮ꣄,thoov
ꢡꢾꢬ꣄ꢪꢶ,te'rmi
ꢩꢬꢵꢜ꣄ ꢂꢮꢵꢜ꣄,bharaat' avaat'
ꢡꢸꢬ꣄ꢒꢶ,turki
ꢪꢛ꣄ꢙꢶ,manji
ꢯꣂꢩꢠꣁꢲꣁ,shobhano'ho'
ꢔꢸꢛ꣄ꢙꢶ,gunji
ꢡꢾꢮ꣄ꢞꢶ,te'vd'i
ꢗꢶꢔꢸꢬ꣄ꢱꣂꢜ꣄,chigursot'
ꢦꢸꢜ꣄ꢜꣁ ꢒꢿꢬ꣄,put't'o' ker
ꢱꣁꢞ꣄ꢞꢶ ꢙꢵ,so'd'd'i jaa
ꢗꢾꢞ꣄ꢮꢶ,che'd'vi
ꢗꢶꢭꢶꢛ꣄ꢗꢶ,chilinchi
ꢗꢶꢖ꣄ꢒꢸꢭ꣄ ꢦꣂꢜ꣄,chinkul pot'
ꢫꢵꢗꢠꣁ ꢒꢿꢬ꣄,yaachano' ker
ꢙꢥ꣄ꢭꢿ,janle
ꢡꢵꢠ꣄ꢲꢵꢥ꣄,taanhaan
ꢡꢾꢭꢶꢮ꣄ ꢲꣂ,te'liv ho
ꢗꢶꢭꢶꢛ꣄ꢗꢾ,chilinche'
ꢯꢶꢔꢶꢬ꣄,shigir
ꢗꢾꢣꢶꢬꢶ,che'diri
ꢲꢶꢨ꣄ꢨꢵꢜ꣄,hibbaat'
ꢲꢶꢨ꣄ꢨꢶ,hibbi
ꢮꢾꢒ꣄ꢒꢶ,ve'kki
ꢪꢹꢔꢶ,moogi
ꢣꢶꢙꢫꢶꢙꢵ,dijayijaa
ꢣꣀꢬ꣄ꢫꢸ ꢣꢾ,dairyu de'
ꢙꢾꢡꣁ ꢗꢾꢬ꣄ꢗꢶ,je'to' che'rchi
ꢙꢾꢡꣁꢪꢳꢵꢞ꣄,je'to'mal'aad'
ꢭꣁꢪ꣄ꢨꢶ,lo'mbi
ꢡꣂꢬ꣄,tor
ꢲꢵꢜ꣄,haat'
ꢂꢞ꣄ꢞꢪ꣄ꢮꢡ꣄ꢡꣁ ꢒꢿꢬ꣄,ad'd'amvatto' ker
ꢢꢾꢭ꣄ꢭꢶ ꢭꣁꢪ꣄ꢨꢶ,the'lli lo'mbi
ꢤꢶꢭ꣄ꢭꣁ ꢱꣁꢜ꣄,dhillo' so't'
ꢔꢪ꣄ꢞꢫꢶ ꢙꢵ,gamd'ayi jaa
ꢦꢾꢬꢪ꣄ꢨꢪ꣄ ꢲꣁꢫ꣄ ꢙꢵ,pe'rambam ho'y jaa
ꢔꢪ꣄ꢞꢵꢜ꣄,gamd'aat'
ꢥꢵꢪ꣄,naam
ꢭꢔꢶꢤꢾꢬ꣄,lagidhe'r
ꢤꢾꢬꢶꢭꢵꢔꢶ,dhe'rilaagi
ꢱꢨ꣄ꢣꢸꢒꢿꢬ꣄,sabduker
ꢏꢭ꣄ꢭꣁ ꢒꢿꢬ꣄,o'llo' ker
ꢨꢶꢙ꣄ꢮꢵꢞ꣄,bijvaad'
ꢏꢞꢶ ꢙꢵ,o'd'i jaa
ꢱꢵꢪꢸꢬ꣄ ꢃꢮ꣄,saamur aav
ꢭꢵꢔ꣄,laag
ꢏꢡ꣄ꢡꢵꢜ꣄,o'ttaat'
ꢲꢭ꣄ꢭꢶ,halli
ꢲꢭ꣄ꢭꢫꢶ ꢙꢵ,hallayi jaa
ꢲꢭ꣄ꢭꢵꢞ꣄,hallaad'
ꢲꢷꢥ꣄ ꢲꣁꢫ꣄ꢙꢵ,heen ho'yjaa
ꢲꢷꢥ꣄ ꢒꢿꢬ꣄,heen ker
ꢩꢶꢬꢸꢜ꣄,bhirut'
ꢥꢾꢱ꣄ꢒꢫꢶ ꢙꢵ,ne'skayi jaa
ꢩꢶꢬꢸꢞꢫꢶ ꢙꢵ,bhirud'ayi jaa
ꢱꣁꢣꢱꣁꢣꢫꢶ ꢙꢵ,so'daso'dayi jaa
ꢗꢭꢵꢜ꣄,chalaat'
ꢂꢩꢶꢥꢫꣁ ꢒꢿꢬ꣄,abhinayo' ker
ꢏꢠ꣄ꢒꢶ,o'nki
ꢥꣁꢪ꣄ꢪꢶ,no'mmi
ꢩꢶꢠ꣄ꢞꢶ,bhind'i
ꢧꢠ꣄ꢜꣁ ꢲꣁꢫ꣄ꢙꢵ,phant'o' ho'yjaa
ꢗꢶꢒ꣄ꢒꢫꢶ ꢙꢵ,chikkayi jaa
ꢚꢶꢬ꣄ꢒꢫꢶ ꢙꢵ,jhirkayi jaa
ꢨꢶꢙ꣄ꢮꢫꢶꢙꢵ,bijvayijaa
ꢨꢶꢙ꣄ꢮꢶ,bijvi
ꢦ꣄ꢬꢿꢮ꣄ ꢦꣂꢜ꣄,prev pot'
ꢭꢵꢙ꣄ ꢦꣁꢥ꣄ꢣꢶ,laaj po'ndi
ꢕꢠꢵꢜ꣄,ghanaat'
ꢕꢠꢫꢶ ꢙꢵ,ghanayi jaa
ꢥꢶꢯ꣄ꢒꢠꣁ ꢒꢿꢬ꣄,nishkano' ker
ꢱ꣄ꢢ꣄ꢬꣁ ꢦꣁꢥ꣄ꢣꢶ ꢒꢿꢬ꣄,sthro' po'ndi ker
ꢔꢵꢳ꣄ꢞꢿ,gaal'd'e
ꢗꢶꢪ꣄ꢜꢶ,chimt'i
ꢥꢶꢡ꣄ꢡꣁ ꢬꢴꢵ,nitto' rhaa
ꢥꢶꢡ꣄ꢡꣁꢒꢿꢬ꣄,nitto'ker
ꢥ꣄ꢫꢪꢥꣁ ꢒꢿꢬ꣄,nyamano' ker
ꢥꢶꢬ꣄ꢠꢫꣁ ꢒꢿꢬ꣄,nirnayo' ker
ꢮꢶꢜ꣄ꢜꢫꢶ ꢙꢵ,vit't'ayi jaa
ꢦꣁꢱ ꢦꣁꢱꢫꢶ ꢙꢵ,po'sa po'sayi jaa
ꢭꢵꢪ꣄ꢒꢥꢶ ꢬꢴꢵ,laamkani rhaa
ꢙꢳꢷꢬꢵꢒ꣄ ꢒꢿꢬ꣄,jal'eeraak ker
ꢬꢵꢒ꣄ ꢲꣁꢫ꣄ ꢙꢵ,raak ho'y jaa
ꢲꢸꢖ꣄ꢔꢶ ꢱꢵ,hungi saa
ꢂꢥꢸꢩꢮ꣄ ꢒꢿꢬ꣄,anubhav ker
ꢂꢥꢸꢩꢮꢶ,anubhavi
ꢩꢸꢬ꣄ꢒꣁꢒꢿꢬ꣄,bhurko'ker
ꢱꢹꢒ꣄ꢯꢪꣁꢒꢥꢶ ꢬꢴꢵ,sookshamo'kani rhaa
ꢩꢸꢬ꣄ꢒꣁ ꢲꣁꢫ꣄ꢙꢵ,bhurko' ho'yjaa
ꢨꢸꢱꢸꢪ꣄ ꢨꢸꢬꢸꢞꣁ ꢲꣂ,busum burud'o' ho
ꢨ꣄ꢬꢮꢿꢯ꣄꣄ ꢒꢿꢬ꣄,bravesh ker
ꢦ꣄ꢬꢮꢿꢯ꣄ ꢒꢾꢬꢵꢜ꣄,pravesh ke'raat'
ꢒꢵꢡ꣄,kaat
ꢡꢮꢫꢶ ꢮꢔꢸꢠ꣄ꢜꣁ ꢲꣂ,tavayi vagunt'o' ho
ꢮꢷꢥ꣄,veen
ꢦꢶꢱ꣄ꢒꢫꢶ ꢙꢵ,piskayi jaa
ꢦꢶꢱ꣄ꢒꢶ,piski
ꢩꣁꢬ꣄ꢮꢵꢜ꣄,bho'rvaat'
ꢩꣁꢬ꣄ꢮꢫꢶ ꢬꢴꢵ,bho'rvayi rhaa
ꢥꢶꢬꢵꢒꢿꢬ꣄,niraaker
ꢥꢶꢬꢵꢒꢬꢠꣁ ꢒꢿꢬ꣄,niraakarano' ker
ꢬꢸꢙꢸꢒꢿꢬ꣄,rujuker
ꢬꢴꢵ:,rhaa:
ꢱ꣄ꢡꢵꢦꢥꣁ ꢲꣁꢫ꣄ ꢬꢴꢵ,staapano' ho'y rhaa
ꢥ꣄ꢬꢹꢦꢠꣁ ꢲꣁꢫ꣄ ꢬꢴꢵ,nroopano' ho'y rhaa
ꢪꣁꢬꢶ ꢙꢵ,mo'ri jaa
ꢲꢶꢜ꣄ꢜꢫꢶ ꢙꢵ,hit't'ayi jaa
ꢅꢣꣁꢓꢵꢳ꣄,eedo'khaal'
ꢆꢞ꣄ꢗꢶ,ud'chi
ꢭꢪ꣄ꢨꢸꢒꢾꢬ꣄,lambuke'r
ꢦ꣄ꢬꢿꢮ꣄ ꢒꢿꢬ꣄,prev ker
ꢙꢷꢬ꣄ꢠꢸ ꢲꣁꢫ꣄ꢙꢵ,jeernu ho'yjaa
ꢄꢡ꣄ꢡꢶ ꢙꢵ,itti jaa
ꢮꢔꢶꢠ꣄ꢞꢶꢭꢶ ꢗꢵꢭ꣄,vagind'ili chaal
ꢔꢸꢣ꣄ꢣꢶ ꢧꣁꢜ꣄,guddi pho't'
ꢲꢥꢶ ꢧꣁꢜ꣄,hani pho't'
ꢩꢸꢬ꣄ꢒꣁ ꢲꣂ,bhurko' ho
ꢣꢸꢮ꣄ꢥꣁ ꢭꢵꢔ꣄,duvno' laag
ꢱꢵ,saa
ꢡꢦꢱ꣄ꢒꢾꢬ꣄,tapaske'r
ꢨꢲꢶꢱ꣄ꢒꢵꢬ꣄ ꢒꢿꢬ꣄,bahiskaar ker
ꢩꢵꢔ꣄ꢒꢿꢬ꣄,bhaagker
ꢮꢶꢬꣁꢤ꣄ꢒꢿꢬ꣄,viro'dhker
ꢦ꣄ꢬꢿꢮꢸꢬ꣄ ꢮꢶꢣꢶ ꢪꣂꢱ꣄ ꢒꢿꢬ꣄,prevur vidi mos ker
ꢪꢫꢵꢭ꣄ꢒꢥꢶ ꢪꣂꢱ꣄ ꢒꢿꢬ꣄,mayaalkani mos ker
ꢪꢫꢵꢭ꣄ ꢒꢾꢬꢶ ꢪꣂꢱ꣄ ꢒꢿꢬ꣄,mayaal ke'ri mos ker
ꢩꢹꢒ꣄ꢭꢔꢫꢶ ꢬꢴꢵ,bhooklagayi rhaa
ꢤꢪꢵꢤꢵꢪꢸꢬ꣄ ꢬꢴꢵ,dhamaadhaamur rhaa
ꢦꢾꢬ꣄ꢦꢫꢶ ꢬꢴꢵ,pe'rpayi rhaa
ꢥꢶꢭ꣄ꢗꢫꢶꢬꢴꢵ,nilchayirhaa
ꢯꢫꢥꣁ ꢒꢿꢬ꣄,shayano' ker
ꢒꢾꢬ꣄,ke'r
ꢃꢙ꣄ꢛꣁ ꢣꢿ,aajnyo' de
ꢃꢙ꣄ꢛꣁ ꢦꢵꢭꢥꣁ ꢒꢿꢬ꣄,aajnyo' paalano' ker
ꢃꢙ꣄ꢛꣁ ꢤꢵꢥꢸ ꢗꢵꢭ꣄,aajnyo' dhaanu chaal
ꢨꢾꢣꢸꢬ꣄,be'dur
ꢥꢶꢪ꣄ꢦꢫꢶ ꢙꢵ,nimpayi jaa
ꢦꢛ꣄ꢙꢷꢒꢬꢠꣁ ꢲꣂ,panjeekarano' ho
ꢥꢶꢪ꣄ꢦꢶ,nimpi
ꢦꢛ꣄ꢙꢷꢒꢬꢠꣁ ꢒꢿꢬ꣄,panjeekarano' ker
ꢭꢸꢒ꣄ꢒꢵꢜ꣄,lukkaat'
ꢭꢸꢒ꣄ꢒꢶꢭꢶ ꢬꢴꢵ,lukkili rhaa
ꢦꢱ꣄ꢒꢜ꣄ ꢓꢵꢜ꣄,paskat' khaat'
ꢤꢒ꣄ꢒꢶ ꢬꢴꢵ,dhakki rhaa
ꢗꢾꢮ꣄ꢣꢵꢜ꣄,che'vdaat'
ꢄꢔꢵꢜ꣄,igaat'
ꢂꢭ꣄ꢭꢵꢞꢸꢪ꣄ ꢬꢴꢵ,allaad'um rhaa
ꢆꢒ꣄ꢒꢶ,ukki
ꢚꢾꢭ꣄ꢦꢶ,jhe'lpi
ꢱꣂꢤꢥꣁ ꢒꢿꢬ꣄,sodhano' ker
ꢦꢬꢶꢦꢵꢭꢥꣁ ꢒꢿꢬ꣄,paripaalano' ker
ꢮꢱ꣄ꢥꣁ ꢣꢿꢱ꣄ꢡꢶ ꢱꣁ ꢲꣁ,vasno' desti so' ho'
ꢲꣁꢞ꣄ꢮꢶ,ho'd'vi
ꢣꢾꢳ꣄꣄ꢒꣁ ꢦꣂꢜ꣄,de'l'ko' pot'
ꢨꢿ,be
ꢗꢾꢜ꣄ꢮꢫꢶ ꢬꢴꢵ,che't'vayi rhaa
ꢮꢿꢥ꣄ ꢲꣂ ꢚꢸꢒ꣄ꢒꢸ ꢲꣂ,ven ho jhukku ho
ꢦꢭꢶꢛ꣄ꢗꢶ,palinchi
ꢮꢜ꣄ꢒꢾ ꢒꢿꢬ꣄,vat'ke' ker
ꢦꣁꢳ꣄ꢔꢶ,po'l'gi
ꢦꣁꢬꣁ ꢕꢵꢭ꣄,po'ro' ghaal
ꢗꢹꢒ꣄ ꢱꢖ꣄ꢔꢶ,chook sangi
ꢚꣂꢭꢶꢛ꣄ꢗꢶ,jholinchi
ꢤꢾꢬ꣄꣄ꢭꢾ,dhe'rle'
ꢲꢸꢞ꣄,hud'
ꢦꢥꢶ ꢨꢶꢥ꣄ꢣꢸꢥ꣄ ꢪꢶꢳꢫꢶ ꢬꢴꢵ,pani bindun mil'ayi rhaa
ꢣꣁꢭꢵꢪ꣄ꢦꢥꢶ ꢲꢶꢨ꣄ꢨꢶ ꢬꢴꢵ,do'laampani hibbi rhaa
ꢔꢵꢮ꣄,gaav
ꢨꢵꢤꣁ ꢒꢿꢬ꣄,baadho' ker
ꢨꢵꢤꣁ ꢦꣁꢥ꣄ꢣꢵꢜ꣄,baadho' po'ndaat'
ꢬꢒ꣄ꢰꢠꣁ ꢒꢿꢬ꣄,rakshano' ker
ꢬꢒ꣄ꢰꢶ,rakshi
ꢦ꣄ꢬꢮꢲꢶ,pravahi
ꢦꢵꢱꢥꣁ ꢒꢿꢬ꣄,paasano' ker
ꢕꢾꢥꢪ꣄ ꢒꢿꢬ꣄,ghe'nam ker
ꢕꣃꢬ꣄ꢡꣁ ꢒꢿꢬ꣄,ghaurto' ker
ꢯ꣄ꢭꢵꢕꢥꣁ ꢒꢿꢬ꣄,shlaaghano' ker
ꢆꢦꢫꣂꢒ꣄ ꢒꢿꢬ꣄,upayok ker
ꢥꢹꢔ꣄,noog
ꢪꢥ꣄ꢡꢸꢱꢾꢬ ꢬꢴꢵ,mantuse'ra rhaa
ꢗꢶꢔꢸꢜ꣄ꢜꢒꢥꢶ ꢬꢴꢵ,chigut't'akani rhaa
ꢒꢸꢱꢶꢬ꣄,kusir
ꢤꢾꢬ꣄,dhe'r
ꢪꣁꢥ꣄ꢥꢸꢩꢿꢡ꣄ ꢲꣂ,mo'nnubhet ho
ꢪꢶꢭꢶ ꢬꢴꢵ,mili rhaa
ꢒꢸꢜ꣄ꢒꢵꢥ꣄ ꢗꢾꢬꢶ ꢬꢴꢵ,kut'kaan che'ri rhaa
ꢒꢸꢜ꣄ꢒꢵꢥ꣄ ꢱꢥ꣄ꢤꢫꢶ ꢬꢴꢵ,kut'kaan sandhayi rhaa
ꢒꢸꢜ꣄ꢒꢵꢥ꣄ ꢗꢾꢬ꣄ꢗꢶ,kut'kaan che'rchi
ꢒꢸꢜ꣄ꢒꢵꢥ꣄ ꢱꢥ꣄ꢤꢶ,kut'kaan sandhi
ꢔꣁꢳ ꢔꣁꢳꢫꢶ ꢬꢴꢵ,go'l'a go'l'ayi rhaa
ꢦꢱ꣄ꢒꢜ꣄ ꢦꣂꢜ꣄,paskat' pot'
ꢧꢜ꣄ꢜꢶ ꢬꢴꢵ,phat't'i rhaa
ꢧꢵꢜ꣄ꢜ,phaat't'a
ꢚꣁꢭꢶꢛ꣄ꢗꢶ,jho'linchi
ꢦ꣄ꢬꢡꢶꢦ꣄ꢬꢒꢵꢯ꣄ ꢒꢿꢬ꣄,pratiprakaash ker
ꢃꢯ꣄꣄ꢗꢬ꣄ꢫꢸ ꢲꣂ,aashcharyu ho
ꢆꢦꢫꣁꢔ꣄ ꢒꢿꢬ꣄,upayo'g ker
ꢦ꣄ꢬꢮꢿꢯ꣄ ꢒꢿꢬ꣄,pravesh ker
ꢮꢜꣁ ꢲꣁꢫ꣄ꢬꢴꢵ,vat'o' ho'yrhaa
ꢮꢜꣁ ꢲꣂ,vat'o' ho
ꢮꢜꣁ ꢒꢿꢬ꣄,vat'o' ker
ꢩꢵꢔ꣄ ꢒꢿꢬ꣄,bhaag ker
ꢦ꣄ꢬꢾꢬꢥꣁ ꢒꢿꢬ꣄,pre'rano' ker
ꢦꢶꢳ꣄,pil'
ꢙꢶꢮ꣄ꢭꢶ ꢬꢴꢵ,jivli rhaa
ꢧꢵꢜ꣄ ꢒꢿꢬ꣄,phaat' ker
ꢕꢶꢶꢪ꣄ꢒꢵꢬ꣄ ꢒꢿꢬ꣄,ghiimkaar ker
ꢇꢙ꣄,ooj
ꢱꢸꢜ꣄ꢜꢶ ꢙꢵ,sut't'i jaa
ꢱꢸꢫꢦ꣄ꢬꢩꢵꢮ꣄ ꢔꢵꢮ꣄,suyaprabhaav gaav
ꢙꣁꢪꢵꢜ꣄,jo'maat'
ꢪꢾꢬ꣄ꢗꢶ,me'rchi
ꢤꢹꢬ꣄,dhoor
ꢤꢸꢪꢫꢶ ꢬꢴꢵ,dhumayi rhaa
ꢤꢸꢪꢵꢜ꣄,dhumaat'
ꢡꢾꢱꢶ ꢧꣁꢜ꣄,te'si pho't'
ꢬꢾꢔꢶꢞꢶ ꢧꣁꢜ꣄,re'gid'i pho't'
ꢧꢸꢔ꣄ꢔꢶ ꢬꢴꢵ,phuggi rhaa
ꢦꢸꢥꢬꢸꢣ꣄ ꢤꢵꢬꢥꣁ ꢒꢿꢬ꣄,punarud dhaarano' ker
ꢥꣁꢮꣁ ꢒꢿꢬ꣄,no'vo' ker
ꢔꢞꢫꢶ ꢬꢴꢵ,gad'ayi rhaa
ꢔꢞ꣄,gad'
ꢤꢹꢳ꣄,dhool'
ꢂꢥ꣄ꢣꢞ꣄ꢳꢿ,andad'l'e
ꢒꢳꢫꢶꢭꢿ,kal'ayile
ꢗꢹꢒ꣄ ꢪꢾꢥ꣄ꢭꢶ ꢬꣂꢜ꣄,chook me'nli rot'
ꢧꣀꢭꢶꢧꢵꢬ꣄ ꢲꣂ,phailiphaar ho
ꢱꣁꢭꢧꢵꢬ꣄ ꢲꣂ,so'laphaar ho
ꢮꢮ꣄ꢬꢶꢥꢶꢪ꣄ ꢬꢴꢵ,vavrinim rhaa
ꢦꢬꢶꢫꣂꢔꢸꢪ꣄ ꢬꢴꢵ,pariyogum rhaa
ꢪꢷꢔꢸꢪ꣄ ꢬꢴꢵ,meegum rhaa
ꢬꢦ꣄ꢡꢵꢪ꣄ ꢬꢴꢵ,raptaam rhaa
ꢪꢸꢬ꣄ꢔꢫꢶ ꢬꢴꢵ,murgayi rhaa
ꢱꢾꢔꣁ ꢒꢿꢬ꣄,se'go' ker
ꢮꢶꢙ꣄ꢙꢵꢜ꣄,vijjaat'
ꢗꣁꢞ꣄ꢞꣁꢮꢡ꣄ꢡꣁ ꢒꢿꢬ꣄,cho'd'd'o'vatto' ker
ꢡꢶꢬꢱ꣄ꢒꢵꢬ꣄ ꢒꢿꢬ꣄,tiraskaar ker
ꢥꢶꢔꢶꢭ꣄,nigil
ꢧꢹꢭ꣄,phool
ꢨꢷꢕꢵꢭ꣄,beeghaal
ꢱꣁꢪ꣄ꢦꢸꢦꣁꢥ꣄ꢣꢶ,so'mpupo'ndi
ꢣꢾꢳ꣄꣄ꢒ ꢒꣂꢜ꣄,de'l'ka kot'
ꢔꢸꢠꢵꢞ꣄,gunaad'
ꢮꢾꢥ ꢲꣂ,ve'na ho
ꢦꣁꢮ꣄ꢱ꣄ ꢦꣂꢜ꣄,po'vs pot'
ꢢꢵꢪ꣄ ꢪꢬ꣄ꢗꢶꢭꢾ,thaam marchile'
ꢂꢥꢸꢮꢵꢣ꣄ꢒꢿꢬ꣄,anuvaadker
ꢩꢵꢰꢵꢥ꣄ꢡꢬ꣄ ꢒꢿꢬ꣄,bhaashaantar ker
ꢡꢬ꣄ꢙꢪꣁ ꢒꢿꢬ꣄,tarjamo' ker
ꢥꢶꢳꢸꢮ꣄ ꢡꣁꢦ꣄ꢦꢶ,nil'uv to'ppi
ꢲꢔ꣄ꢔꢶ,haggi
ꢗꢸꢠ꣄ꢞꢵꢞ꣄,chund'aad'
ꢙꢭꢫꢶ ꢙꢵ,jalayi jaa
ꢩꢸꢬ꣄ꢒꣁ ꢲꣁꢫ ꣄ꢙꢵ,bhurko' ho'ya jaa
ꢩꢸꢬ꣄ꢒꣁ ꢒꢿꢬ꣄,bhurko' ker
ꢗꢭ꣄ꢥꢵꢡꣁ ꢬꢴꢵ,chalnaato' rhaa
ꢩꢸꢛ꣄ꢙꢫꢶ ꢬꢴꢵ,bhunjayi rhaa
ꢮꢡ꣄ꢡꢵ ꢚꢔꢜ꣄,vattaa jhagat'
ꢪꢶꢳ꣄꣄ꢮꢶ,mil'vi
ꢪꢶꢳꢵꢜ꣄,mil'aat'
ꢗꢾꢬꢶ ꢬꢴꢵ,che'ri rhaa
ꢒꢸꢖ꣄ꢔꢶ,kungi
ꢦꣁꢮ꣄ꢱ꣄ ꢭꢸꢗ꣄ꢗꢶ,po'vs luchchi
ꢱꢪꢸꢭꢿ,samule
ꢆꢦꢣꢿꢰ꣄ ꢒꢿꢬ꣄,upadesh ker
ꢪꢸꢬ꣄ꢔ ꢶꢙꢵ,murga ijaa
ꢪꢔ꣄ꢔꢸꢥꣁ ꢦꣂꢜ꣄,magguno' pot'
ꢪꣁꢠ꣄ꢗꢶ,mo'nchi
ꢪꣁꢠ꣄ꢗꢫꢶ ꢬꢴꢵ,mo'nchayi rhaa
ꢲꣁꢬꢵꢜ꣄ ꢒꢾꢬ꣄ꢭꢾ,ho'raat' ke'rle'
ꢮꢱꢸꢥꢫꢶ ꢬꢴꢵ,vasunayi rhaa
ꢪꣁꢬ꣄ꢔꢶꢫꢵꢡ꣄ ꢣꢿ,mo'rgiyaat de
ꢡꢶꢪꢸꢬ꣄ ꢤꢿꢬ꣄,timur dher
ꢂꢬ꣄ꢢꢪꣂꢲ꣄ ꢦꣁꢥ꣄ꢣꢶ,arthamoh po'ndi
ꢲꢸꢣꢥ ꢥꢶꢛ꣄ꢙꢶ,hudana ninji
ꢱꣁꢖ꣄ꢔ ꢦꣂꢜ꣄,so'nga pot'
ꢃꢯ꣄ꢗꢬ꣄ꢫꢸ ꢦꣂꢜ꣄,aashcharyu pot'
ꢱꣁꢮ꣄ꢬꢪ꣄ ꢒꢿꢬ꣄,so'vram ker
ꢪꣁꢥꣁ ꢙꢮꢵꢜ꣄,mo'no' javaat'
ꢪꣁꢥꣁ ꢥꢴꢷꢡ꣄ꢡ ꢬꢴꢵ,mo'no' nheetta rhaa
ꢮꢡ꣄ꢡꣁ ꢣꢸꢳ꣄꣄ꢒꢶ,vatto' dul'ki
ꢮꢶꢱ꣄ꢬꢳ꣄ꢳꢿ,visral'l'e
ꢂꢮꢞ ꢦꣁꢜ꣄,avad'a po't'
ꢃꢜ꣄ꢰꢿꢦꢠꣁ ꢒꢾꢬ꣄,aat'shepano' ke'r
ꢚꢒꢶꢭꢾ,jhakile'
ꢒ꣄ꢰꢪꣁ ꢒꢿꢬ꣄,kshamo' ker
ꢱꢪ꣄ꢜꢵꢜ꣄,samt'aat'
ꢪꢾꢬꢸꢒ꣄ ꢣꢿ,me'ruk de
ꢙꣁꢭꢶ ꢙꣁꢭꢶꢛ꣄ꢗꢶ,jo'li jo'linchi
ꢧꢶꢮ꣄ꢬꢶꢓꢵꢜ꣄,phivrikhaat'
ꢧꢶꢮ꣄ꢬꢶ ꢓꢵꢜ꣄,phivri khaat'
ꢂꢣ꣄ꢣꢸ ꢡꣁꢦ꣄ꢦꢶ,addu to'ppi
ꢱꢷꢪꣁ ꢆꢭ꣄ꢭꢖ꣄ꢕꢶ,seemo' ullanghi
ꢨꢸꢞꢜ꣄,bud'at'
ꢱꢸꢥ꣄ꢣꢸꢬꢸꢪ꣄ꢨꢹꢜ꣄,sundurumboot'
ꢪꣁꢡꢶ ꢲꢿꢜ꣄,mo'ti het'
ꢤꢶꢒ꣄ꢒꢶ,dhikki
ꢦꣁꢱꢮꢵꢫꢸꢪ꣄ꢦꣂꢜ꣄,po'savaayumpot'
ꢪꢸꢱꢞꢳꢿ,musad'al'e
ꢪꢸꢱꢵꢜ꣄,musaat'
ꢧꢶꢮ꣄ꢬꢶ ꢲꢶꢖ꣄ꢔꢵꢜ꣄,phivri hingaat'
ꢥꣁꢠ꣄ꢔꢶ,no'ngi
ꢗꢸꢪ꣄ꢨꢥꣁ ꢣꢿ,chumbano' de
ꢗꢸꢪ꣄ꢨꢳꣁ ꢣꢿ,chumbal'o' de
ꢦꢶꢒ꣄ꢒꢶ,pikki
ꢱꣁꢪ꣄ꢪꢬ꣄ꢗꢿꢜ꣄,so'mmarchet'
ꢏꢱ꣄ꢪ꣄ꢪꢬ꣄ ꢙꢵ,o'smmar jaa
ꢌꢡ꣄ꢡꢥ꣄ ꢒꢿꢬ꣄,e'ttan ker
ꢦ꣄ꢬꢫꢡ꣄ꢥꣁ ꢒꢿꢬ꣄,prayatno' ker
ꢩꢾꢡ꣄ ꢒꢿꢬ꣄,bhe't ker
ꢕꣂꢰꢶꢛꢗꢶ꣄,ghoshinyachi
ꢕꣂꢰꢪ꣄ ꢡꢵꢫ꣄,ghosham taay
ꢪꢸꢒ꣄ꢒꢸꢭꢶꢛꢗꢸ꣄,mukkulinyachu
ꢪꢶꢖ꣄ꢒꢶ,minki
ꢗꢸꢔꢸꢬ꣄ ꢱꣂꢜ꣄,chugur sot'
ꢪꢸꢣꢸꢬꢾ ꢲꣂ,mudure' ho
ꢪꣁꢜꢳꢿ,mo't'al'e
ꢪꢸꢞꢫꢶ ꢦꣂꢜ꣄,mud'ayi pot'
ꢪꣂꢜ꣄,mot'
ꢦꢶꢨꢶꢛꢗꢶ꣄,pibinyachi
ꢪꢸꢒꢸꢭ꣄ꢒꢥꢶ ꢲꢵꢱ꣄,mukulkani haas
ꢪꢸꢒꢶꢭꢶ ꢲꢵꢱ꣄,mukili haas
ꢒꣁꢪ꣄ꢨ꣄ꢳꣁꢒꢥꢶ ꢲꢵꢱ꣄,ko'mbl'o'kani haas
ꢓꢹꢬ꣄ꢒꢥꢶ ꢱꢵ,khoorkani saa
ꢦꢾꢞ꣄ꢮꢶ,pe'd'vi
ꢪꢹꢱꢭ꣄ ꢭꢔꢶꢦꣂꢜ꣄,moosal lagipot'
ꢲꢬꢸꢪ꣄ꢨꢪ꣄ ꢒꢿꢬ꣄,harumbam ker
ꢱꢮ꣄ꢬꢶ꣄,savri
ꢗꣁꢮ꣄ꢬꢶ,cho'vri
ꢂꢱ꣄ꢒꢶꢦꣁꢒꢸꢪ꣄ ꢆꢭꢵꢱ꣄ ꢒꢿꢬ꣄,askipo'kum ulaas ker
ꢙꢾꢡꣁꢪꢷꢳ꣄,je'to'meel'
ꢪꢶꢛ꣄ꢗꢶ,minchi
ꢬꢵꢗ꣄,raach
ꢩꢷꢔ꣄ꢪꢵꢫ꣄,bheegmaay
ꢂꢥꢸꢪꢵꢥ꣄ ꢒꢿꢬ꣄,anumaan ker
ꢇꢲꢥꣁ ꢒꢿꢬ꣄,oohano' ker
ꢗꢶꢥ꣄ꢡꣁꢒꢿꢬ꣄,chinto'ker
ꢬꢱꢶꢛ꣄ꢗꢶ,rasinchi
ꢬꢱꢥꣁ ꢒꢿꢬ꣄,rasano' ker
ꢭꢔꢶꢶꢛ꣄ꢗꢶ,lagiinchi
ꢮꢒꢸꢠ꣄ꢜ ꢨꢸꢣ꣄ꢤꢶ,vakunt'a buddhi
ꢦꢣꢮꢶ ꢓꢳ꣄ꢳꢿ,padavi khal'l'e
ꢩꢵꢖ꣄ꢔꢸ ꢒꢿꢬ꣄,bhaangu ker
ꢡꢿꢳ꣄,tel'
ꢩꢸꢛ꣄ꢗꢳ꣄ꢳꢿ,bhunchal'l'e
ꢮꢵꢱ꣄ ꢒꢿꢬ꣄,vaas ker
ꢏꢜ꣄ꢗꢫꢶ ꢙꢵ,o't'chayi jaa
ꢗꢶꢡ꣄ꢬꢮꢤꣁ ꢒꢿꢬ꣄,chitravadho' ker
ꢮꢾꢒ꣄ꢒꢶ ꢲꢿꢜ꣄,ve'kki het'
ꢥꢴꢶꢶꢥꢵꢞ꣄,nhiinaad'
ꢮꢬ꣄ꢠꢥꣁ ꢒꢿꢬ꣄,varnano' ker
ꢒꢾꢰ꣄ꢜꢪ꣄ꢒꢿꢬ꣄,ke'sht'amker
ꢮꢶꢗꢵꢬ꣄ ꢦꣂꢜ꣄,vichaar pot'
ꢓꢳ꣄ꢳꢶ ꢂꢮꢵꢜ꣄,khal'l'i avaat'
ꢗꢶꢡ꣄ꢬꢸ ꢭꢶꢓꢶ,chitru likhi
ꢣꢸꢮ꣄ꢥꣁ ꢦꣁꢥ꣄ꢣꢶ,duvno' po'ndi
ꢚꢸꢒ꣄ꢒꢸ ꢣꢾ,jhukku de'
ꢲꣂꢞ꣄,hod'
ꢲꣂꢞꢵꢜ꣄,hod'aat'
ꢬꢹꢦ꣄ ꢒꢿꢬ꣄,roop ker
ꢓꢵꢞ꣄,khaad'
ꢱꢥ꣄ꢣꢬ꣄ꢩꢸ ꢂꢨ꣄ꢨꢞ꣄ꢳꢿ,sandarbhu abbad'l'e
ꢬꢹꢦ꣄ ꢒꢵꢬ꣄,roop kaar
ꢙꢷꢮ꣄,jeev
ꢥꢥ꣄ꢣꢶ,nandi
ꢙꢶꢮꢵꢜ꣄,jivaat'
ꢱꣂꢞ꣄,sod'
ꢧꢞꢶꢛ꣄ꢗꢶ,phad'inchi
ꢨꢸꢱ꣄ꢒꢶꢜ꣄ꢜꢶ,buskit't'i
ꢱꢾꢔꣁꢮꢹꢬ꣄,se'go'voor
ꢣꣁꢮ꣄ꢜꢶ,do'vt'i
ꢣꢹꢬ꣄ ꢲꣂ,door ho
ꢮꢶꢮꢬ꣄ ꢒꢾꢬ꣄,vivar ke'r
ꢙꢵꢔ꣄ꢬꢡꣁ ꢲꣂ,jaagrato' ho
ꢦꣂꢞ꣄,pod'
ꢲꢵꢥ꣄ ꢲꢵꢥ,haan haana
꣄ ꢪꢾꢥꢶ ꢲꢵꢥ꣄,me'ni haan
ꢦꢶꢒ꣄ꢒꢵꢞ꣄,pikkaad'
ꢱꢾꢠꢪ꣄,se'nam
ꢪꢸꢣꢸꢬꢵꢜ꣄,muduraat'
ꢦꢹꢱ꣄,poos
ꢮꢶꢗꢵꢥꣁ ꢒꢿꢬ꣄,vichaano' ker
ꢩꢮꢵꢜ꣄ ꢡꢵꢫ꣄,bhavaat' taay
ꢨꢵꢣꣁ ꢦꣂꢜ꣄,baado' pot'
ꢤꢒ꣄ꢒꢶ,dhakki
ꢤꢵꢒꢸꢪ꣄ ꢏꢠ꣄ꢒꢶ,dhaakum o'nki
ꢬꣂꢱ꣄,ros
ꢣ꣄ꢮꢿꢯ꣄ ꣄ꢒꢿꢬ꣄,dvesh ker
ꢥꢾꢬ꣄ꢦ꣄ꢦꢶ,ne'rppi
ꢤꣂꢮ꣄,dhov
ꢲꣁꢞꢵꢬ꣄,ho'd'aar
ꢕꣁꢪ꣄ꢪꣁ,gho'mmo'
ꢡꢮ꣄ꢬꢪ꣄,tavram
ꢕꢿꢬ꣄,gher
ꢓꢥꢶꢡꢮ꣄ꢬꢪ꣄,khanitavram
ꢲꢥ꣄ꢣꢮꢸ ꢡꢮ꣄ꢬꢪ꣄,handavu tavram
ꢆꢛ꣄ꢗꢳꣁ,unchal'o'
ꢲꢶꢥ꣄ꢣꢳꢶ,hindal'i
ꢓꢮ꣄ꢬꢵ ꢕꢿꢬ꣄,khavraa gher
ꢓꢮ꣄ꢬꣁ,khavro'
ꢐꢞꣁ,od'o'
ꢦꢬꢸꢠ꣄ꢜꢵ ꢕꢿꢬ꣄,parunt'aa gher
ꢩꢮꢥ꣄,bhavan
ꢒꢮꢵꢜ꣄,kavaat'
ꢬꢴꢾꢜꣁ,rhe't'o'
ꢗꢶꢞꢵꢫ ꣄ꢣꢾꢫ꣄ꢞꣁ,chid'aaya de'yd'o'
ꢒꢳꢵ ꢣꢾꢔꢸꢞꣁ,kal'aa de'gud'o'
ꢪꢳꣁ,mal'o'
ꢲꢷꢬ꣄,heer
ꢒꢸꢜ꣄ꢱꢾ,kut'se'
ꢒꣁꢳꢵꢫ꣄,ko'l'aay
ꢥꢳꢶꢒꣁ,nal'iko'
ꢱ꣄ꢥꢵꢥꢸ ꢕꢿꢬ꣄,snaanu gher
ꢓꣁꢜ꣄ꢜꣁ,kho't't'o'
ꢨꣁꢜ꣄ꢜꢵ ꢪꣃꢞꣁ,bo't't'aa maud'o'
ꢪꢴꢸꢔꢸꢜ꣄,mhugut'
ꢒꢮꢵꢞꢸ ꢤꢵꢠ꣄,kavaad'u dhaan
ꢲꢥ꣄ꢡꢮꢸ ꢡꢮ꣄ꢬꢪ꣄,hantavu tavram
ꢮꢶꢜꢶ ꢱꢳꢵꢒ꣄,vit'i sal'aak
ꢡꢹꢪ꣄ꢦꣁ,toompo'
ꢙꢾꢖ꣄ꢙꢵꢬ꣄,je'ngjaar
ꢬꢾꢖ꣄ꢒꢸ,re'nku
ꢦꢷꢔꢵꢡ꣄,peegaat
ꢮꢶꢜꢶ,vit'i
ꢮꢶꢜ꣄ꢒꢾ,vit'ke'
ꢮꢶꢞ꣄ꢔꢶꢥꢾ,vid'gine'
ꢡꢳꢪ꣄,tal'am
ꢩꣁꢄ,bho'i
ꢲꣁꢳ꣄ꢜꣁ,ho'l't'o'
ꢦꢜꢸꢡꣁ,pat'uto'
ꢓꢵꢪ꣄ꢨꢸ,khaambu
ꢔꣂꢱꢵꢭꣁ,gosaalo'
ꢔꢵꢫ꣄ꢔꣁꢬꢸꢥꢸꢓꣁꢜ꣄ꢜꣁ,gaaygo'runukho't't'o'
ꢥꢥ꣄ꢡꢮꢥꢸ,nantavanu
ꢡꢵꢪ꣄,taam
ꢮꢶꢣ꣄ꢣꢾ,vidde'
ꢪꢴꢞꢶ,mhad'i
ꢦꢥꢶ ꢥꢶꢮꢶ,pani nivi
ꢦꢥꢶꢡꣁꢜ꣄ꢜꢶ,panito't't'i
ꢡꢬꢸꢪ꣄ ꢦꢸꢬꣁ,tarum puro'
ꢱꣂꢦꢵꢠ꣄,sopaan
ꢪꢾꢬ꣄ꢒꢠꢶ,me'rkani
ꢪꢾꢜ꣄ꢒꢥꢶ,me't'kani
ꢥꢶꢛ꣄ꢙꢬꢶꢫꢡꢮ꣄ꢬꢪ꣄,ninjariyatavram
ꢱꢫꢥ ꢡꢮ꣄ꢬꢪ꣄,sayana tavram
ꢪꣃꢮ꣄ꢞꣁ,mauvd'o'
ꢦꢭꢶꢖ꣄ꢔꢶ ꢣꢾꢫ꣄ꢞꣂ,palingi de'yd'o
ꢤꢹꢪꢸ ꢕꢹꢞ꣄,dhoomu ghood'
ꢤꢹꢪ꣄ꢙꢮꢞ꣄ꢥꢶ,dhoomjavad'ni
ꢦꢱ꣄ꢒꢜ꣄ ꢲꣁꢜꢵꢬ꣄,paskat' ho't'aar
ꢦꢹꢙꢵ ꢂꢬꣁ,poojaa aro'
ꢗꢸꢜ꣄ꢜꢸ ꢦꢷꢡ꣄,chut't'u peet
ꢕꢿꢬꢸ ꢢꢵꢪ꣄,gheru thaam
ꢦꢷꢞꢸ ꢪꢸꢔ꣄ꢔꢸ,peed'u muggu
ꢕꣁꢮ꣄ꢭꣁ,gho'vlo'
ꢬꢮꢸꢳ꣄꣄,ravul'
ꢲꣁꢜꢵꢬ꣄,ho't'aar
ꢩꣁꢖ꣄ꢔ꣄ꢸ,bho'ng_u
ꢪꢸꢭꣁ,mulo'
ꢆꢪ꣄ꢨ꣄ꢬꣁ,umbro'
ꢱ꣄ꢮꢵꢔꢡ ꢂꢬꣁ,svaagata aro'
ꢨꢜ꣄ꢒꢾ ꢕꢿꢬ꣄,bat'ke' gher
ꢤꢜꣁ,dhat'o'
ꢦꢖ꣄ꢓꣁ,pankho'
ꢮꢶꢙꢥꣁ,vijano'
ꢣꢶꢮꣁ,divo'
ꢃꢮꢬꢠꣂ,aavarano
ꢪꢷ,mee
ꢂꢪꢶ,ami
ꢡꢹ,too
ꢡꢸꢪꢶ,tumi
ꢌꢥꣁ,e'no'
ꢄꢥꣁ,ino'
ꢌꢥꢸ,e'nu
ꢌꢭ꣄ꢫꣁ,e'lyo'
ꢌꢭ꣄ꢫꢾ,e'lye'
ꢡꢾꢥꣁ,te'no'
ꢡꢶꢥꣁ,tino'
ꢡ꣄ꢫꣁ,tyo'
ꢡ꣄ꢫꢾ,tye'
ꢂꢦꢸꢭ꣄,apul
ꢂꢦ꣄ꢭꢵꢥ꣄,aplaan
ꢒꣂꢥ꣄ꢒꣂꢥ꣄,konkon
ꢒꣂꢥ꣄ꢫꣁ,konyo'
ꢗꢸꢳ꣄ꢳꣁ,chul'l'o'
ꢡꢜꣁ,tat'o'
ꢮꢶꢜ꣄ꢒꢶ,vit'ki
ꢭꢴꣁꢔꢠꢸꢦꢾꢜꢶ,lho'ganupe't'i
ꢱꢸꢬꢸꢔ꣄,surug
ꢔꢾꢱꢶꢥ ꢶꢦꢾꢜꢶ,ge'sina ipe't'i
ꢱꢜꣁ,sat'o'
ꢗꢶꢡ꣄ꢡꢸꢬ꣄,chittur
ꢪꣁꢛ꣄ꢗꣁ,mo'ncho'
ꢕꢾꢜꢶꢔꢳꣁ,ghe't'igal'o'
ꢣꢮ꣄ꢠꣁ,davno'
ꢘꢸꢬꢶ,chhuri
ꢒꢾꢡ꣄ꢡꢶꢬꢶꢒꢾ,ke'ttirike'
ꢒꢪ꣄ꢨ꣄ꢭꣁ,kamblo'
ꢧꢖ꣄ꢔꢸꢬꣁ,phanguro'
ꢇꢬ꣄ꢠꢸꢧꢖ꣄ꢔꢸꢬꣁ,oornuphanguro'
ꢦꢵꢄ~ ꢦꣁꢱꢸꢥꢵꢮ꣄,paai~ po'sunaav
ꢦꣃꢱꢸꢭ꣄,pausul
ꢔꢸꢖ꣄ꢔꢸꢪꢸ ꢩꣁꢬꢠꢶ,gungumu bho'rani
ꢱꢣꢶ,sadi
ꢘꢡ꣄ꢬꢶ,chhatri
ꢔꢾꢭ꣄ꢭꣁ,ge'llo'
ꢔꢸꢡ꣄ꢡꢶ,gutti
ꢔꢸꢦ꣄ꢦꣁ,guppo'
ꢲꢷꢞꢸꢮꢱ꣄ꢡꢸꢥ꣄,heed'uvastun
ꢒꣂꢮꢶ,kovi
ꢧꢸꢥ꣄ꢥꢳꢶ,phunnal'i
ꢥꢳꢶ,nal'i
ꢲꢵꢡꢸ ꢓꣁꢳ꣄ꢜꢶ,haatu kho'l't'i
ꢦꢶꢱꢸꢳꢵ ꢏꢭꣁ,pisul'aa o'lo'
ꢱꢶꢬ꣄ꢒꢠ꣄,sirkan
ꢯ꣄꣄ꢬꢷꢔꢥ꣄ꢤꢸ,shreegandhu
ꢙꢾꢖ꣄ꢔꢳꢪ꣄,je'ngal'am
ꢮꢱ꣄ꢡꢸꢥ꣄꣄,vastun
ꢙꢪꢵꢥꢸꢥ꣄,jamaanun
ꢨꢶꢔꢵꢡ꣄,bigaat
ꢧꣁꢥ꣄ꢥꢶ,pho'nni
ꢩꢷꢡꢸ ꢕꢾꢞꢶꢔꢳꣁ,bheetu ghe'd'igal'o'
ꢨꣁꢖ꣄ꢔꢸ ꢡꢜ꣄ꢜꢶ,bo'ngu tat't'i
ꢭꣀꢞꣁ,laid'o'
ꢨꢠꢵꢭ꣄ ꢭꢔꢸꢞꣁ,banaal lagud'o'
ꢲꢡ꣄ꢬꢥ꣄,hatran
ꢡꢾꢭ꣄ꢒꢜ꣄,te'lkat'
ꢲꢸꢪ꣄ꢬꣁ,humro'
ꢣꢶꢠ꣄ꢞꢸ,dind'u
ꢪꣁꢭ꣄ꢜꢶ,mo'lt'i
ꢮꢵꢡ꣄,vaat
ꢭꣁꢪ꣄ꢨꢥ꣄ ꢣꢶꢮꣁ,lo'mban divo'
ꢦꢭ꣄ꢭꣁ,pallo'
ꢒꢾꢱꢶꢥꢶ ꢦꢾꢜꢶ,ke'sini pe't'i
ꢥꢶꢮꢶ,nivi
ꢡꣁꢜ꣄ꢜꢶ,to't't'i
ꢬꢹꢦꢣꢬ꣄ꢯꢶꢥꢶ,roopadarshini
ꢣꢹꢬ꣄ ꢮꢣꢶꢥꢶ,door vadini
ꢒꢾꢰꢠ꣄ ꢓꣁꢳ꣄꣄ꢜꢶ,ke'shan kho'l't'i
ꢓꢵꢥꢣꢸ ꢓꣁꢳ꣄꣄꣄ꢜꢶ,khaanadu kho'l't'i
ꢣꢶꢥ꣄ꢥꢸ ꢣꢾꢒ꣄ꢒꢜ꣄ꢥꢶ,dinnu de'kkat'ni
ꢣꢶꢥꢗꢬ꣄ꢫꣁ,dinacharyo'
ꢗꢵꢬ꣄ꢦꢵꢄ~ ꢡꢶꢮꢶ,chaarpaai~ tivi
ꢒꢸꢬ꣄ꢱꢶ,kursi
ꢒꣂꢥ꣄ꢡꢸ,kontu
ꢣꢶꢞ꣄ꢞꢸ,did'd'u
ꢮꢭ꣄ꢭꢶꢬ꣄,vallir
ꢭꣂꢱ꣄,los
ꢱꢫꢥꢶ,sayani
ꢱꢫꢥꢸ ꢲꢡ꣄ꢬꢥ꣄,sayanu hatran
ꢒꢸꢡꢸꢬ꣄,kutur
ꢣꢵꢡꢸ ꢨꢸꢬꢸꢱ꣄,daatu burus
ꢣꢵꢡꢸ ꢪꢛ꣄ꢙꢥ꣄,daatu manjan
ꢞꢵꢡꢸ ꢔꢾꢱꢶꢥꢶ,d'aatu ge'sini
ꢣꢵꢡꢸꢭꢿꢲꢶ,daatulehi
ꢣꢵꢡꢸ ꢩꢸꢬ꣄ꢒꣁ,daatu bhurko'
ꢌꢣꢸꢥꢪ꣄,e'dunam
ꢗꢦꣂ,chapo
ꢔꢾꢜ꣄ꢦꢵꢬꣁ,ge't'paaro'
ꢤꢹꢪ꣄ ꢭꣂꢱ꣄,dhoom los
ꢩꢵꢮ ꢗꢶꢡ꣄ꢡꢸꢬ꣄,bhaava chittur
ꢥꢵꢳꣁ,naal'o'
ꢧꢹꢭꢸ ꢥꢶꢮꢶ,phoolu nivi
ꢦꢾꢜꢶ,pe't'i
ꢦꢶꢳ꣄ꢜꢶ,pil't'i
ꢧꢖ꣄ꢔꢸꢬꢶ,phanguri
ꢕꢾꢜꢶ,ghe't'i
ꢦꢵꢫ꣄ꢥ꣄ ꢦꣁꢱꢶꢭ꣄ꢥꢶ,paayn po'silni
ꢮꢶꢣ꣄ꢫꢸꢡ꣄ꢮꢶꢙꢥꣁ,vidyutvijano'
ꢮꢶꢣ꣄ꢫꢸꢮꢶꢡ꣄ ꢣꢶꢮꣁ,vidyuvit divo'
ꢢꢷꢥ꣄ꢦꢵꢄ~ ꢡꢶꢮꢶ,theenpaai~ tivi
ꢪꢾꢣꢸꢳꣁ,me'dul'o'
ꢪꢾꢫꢶꢥꢸ ꢮꢵꢡ꣄,me'yinu vaat
ꢪꣂꢪ꣄ ꢮꢵꢡ꣄,mom vaat
ꢪꢿꢙꣁ,mejo'
ꢒꢸꢞꣁ,kud'o'
ꢔꢮ꣄ꢥꢶ ꢦꢾꢜꢶ ꢂꢒꢵꢱ꣄ ꢤꣁꢥꢶ ꢦꢾꢜꢶ,gavni pe't'i akaas dho'ni pe't'i
ꢡꢶꢮꣁ,tivo'
ꢙꢾꢡꣁ,je'to'
ꢓꢵꢳ꣄,khaal'
ꢨꢾꢠ꣄ꢜꢸ ꢮꢵꢕ꣄ ꢓꢭ꣄ꢥꢶ,be'nt'u vaagh khalni
ꢩꢭ ꢮꢶꢱꢶꢬ꣄ꢥꢶ,bhala visirni
ꢣꢿꢲꢵꢦ꣄ꢧꢶꢫꢵꢱ꣄,dehaapphiyaas
ꢇꢛ꣄ꢗꢭꢶ,oonchali
ꢲꢷꢥ꣄ꢡꢳꣁ,heental'o'
ꢦ꣄ꢬꢡꢶꢮꢵꢥ꣄,prativaan
ꢤꢪ꣄ꢥꢶꢓꢾꢭ꣄,dhamnikhe'l
ꢤꢪ꣄ꢤꢾꢬꢥ꣄ ꢓꢵꢳ꣄꣄,dhamdhe'ran khaal'
ꢡꢾꢬꢡ꣄ꢡꢾꢓꢵꢳ꣄,te'ratte'khaal'
ꢒꢜ꣄ꢗꢶ,kat'chi
ꢒꢦꢞꢶ,kapad'i
ꢦꢵꢄ~ ꢔꣁꢳꣁ,paai~ go'l'o'
ꢒꢶꢜ꣄ꢜꢶꢦꢸꢳ꣄꣄,kit't'ipul'
ꢓꢜ꣄ꢜꢶ ꢓꢵꢳ꣄,khat't'i khaal'
ꢦꢵꢠ꣄ꢞꢶ ꢓꢵꢳ꣄,paand'i khaal'
ꢬꢮꢵꢒ꣄ ꢓꢵꢳ꣄꣄,ravaak khaal'
ꢧꣁꢳ꣄꣄ꢜꢾ ꢩꢙ꣄ꢙꢶ,pho'l't'e' bhajji
ꢱꢶꢮ꣄ꢙꢾ ꢒꢞꢭꢾ,sivje' kad'ale'
ꢔꣁꢳ ꢩꢵꢬ꣄ ꢮꢶꢱꢶꢬ꣄ꢥꢶ,go'l'a bhaar visirni
ꢔꢸꢠ꣄ꢜꢸ ꢮꢶꢱꢶꢬ꣄ꢥꢶ,gunt'u visirni
ꢔꢸꢣ꣄ꢣꢶꢥꢶ ꢚꢾꢞꣁ,guddini jhe'd'o'
ꢔꢸꢣ꣄ꢣꢵ ꢚꢾꢞꣁ,guddaa jhe'd'o'
ꢒꢸꢱ꣄ꢡꢶ,kusti
ꢒꢦ꣄ꢦꢸ,kappu
ꢨꢳꢶꢖ꣄ꢔꢶ,bal'ingi
ꢒꢨꢞꢶ,kabad'i
ꢗꢣꢸꢬꢖ꣄ꢒꢪ꣄,chadurankam
ꢗꢷꢞꢸꢓꢵꢳ꣄,cheed'ukhaal'
ꢗꢷꢜ꣄,cheet'
ꢭꢮ꣄ꢥꢶꢱ꣄ ꢦꢬ꣄ꢤꢥ꣄,lavnis pardhan
ꢒꣁꢮ꣄ꢜꢵ ꢓꢵꢳ꣄,ko'vt'aa khaal'
ꢏꢜ꣄ꢥꢶ,o't'ni
ꢦꢬꢵꢙꢾꢫꣁ,paraaje'yo'
ꢡꢬ꣄ꢥꢶ,tarni
ꢅꢡꣁ,eeto'
ꢮꢾꢣꢸꢬꢸ ꢮꢬ꣄ꢠꢥꣁ,ve'duru varnano'
ꢦ꣄ꢬꢡ꣄ꢫꢒꢰ ꢮꢬ꣄ꢠꢥꣁ,pratyakasha varnano'
ꢡꢡ꣄ꢒꢵꢭꢸ ꢮꢬ꣄ꢠꢥꣁ,tatkaalu varnano'
ꢮꢺꢡꢸ,vri'tu
ꢦꣁꢜ꣄ꢜꢪ꣄,po't't'am
ꢥꣃꢒꢵꢱ꣄ꢦꢬ꣄ꢤꢥꣁ,naukaaspardhano'
ꢥꣃꢒꢵ ꢦꣁꢥ꣄ꢡꢶ,naukaa po'nti
ꢦꢥ꣄ꢡꢸ,pantu
ꢔꣁꢳꣁ,go'l'o'
ꢩꣁꢖ꣄ꢒꢸꢬꣁ,bho'nkuro'
ꣁꢦꢭ꣄ꢭꢵꢖ꣄ꢒꢸꢳꢶ,o'pallaankul'i
ꢱꢖ꣄ꢓ꣄ꢫꢵꢥ꣄,sankhyaan
ꢧꢹꢭꢸ ꢔꣁꢳꣁ,phoolu go'l'o'
ꢧꢹꢭꢸ ꢦꢥ꣄ꢣꢸ,phoolu pandu
ꢱ꣄ꢦꢬ꣄ꢤꢵ ꢡꣁꢬꢠ꣄,spardhaa to'ran
ꢓꢿꢳꢸ ꢬꢾꢪ꣄,khel'u re'm
ꢓꢿꢳ꣄,khel'
ꢓꢿꢳꢸꢮꢥ꣄,khel'uvan
ꢢꢷꢬ꣄,theer
ꢓꢿꢳꢸꢮꢡꢶ,khel'uvati
ꢓꢿꢳ꣄ꢳꢶꢶ,khel'l'ii
ꢙꢷꢒ꣄,jeek
ꢙꢾꢫꢪ꣄,je'yam
ꢆꢦꢡ꣄ꢫꢒꣁ,upatyako'
ꢱꢾꢡꢸ,se'tu
ꢂꢳ,al'a
ꢚꢬꢶ,jhari
ꢱꢸꢥ꣄ꢣꢸꢬ꣄,sundur
ꢥꢾꢣ꣄ꢣꢶ,ne'ddi
ꢪꣁꢱ꣄ꢫꢵꢥ꣄,mo'syaan
ꢆꢥ꣄ꢣꢬ꣄,undar
ꢂꢥ꣄ꢣꢬ꣄,andar
ꢒꢱꢸ,kasu
ꢲꢸꢳꢵꢔ꣄ꢔꢶꢬꢶ,hul'aaggiri
ꢡꢳꣁ,tal'o'
ꢱꢾꢣ꣄ꢣꢸ,se'ddu
ꢲꢸꢙꢵꢳ꣄,hujaal'
ꢦꣁꢥ꣄ꢣꣁ,po'ndo'
ꢨꣁꢥ꣄ꢣꢸꢬ꣄,bo'ndur
ꢆꢥ꣄ꢣꢸꢬꢸꢡꢷꢬꢸ,unduruteeru
ꢓꢠ꣄ꢞꢪ꣄,khand'am
ꢗꢶꢞꢵꢫ꣄ꢣꢾꢞꢸꢜꣁ,chid'aayde'd'ut'o'
ꢒꢭꢣꢾꢔꢸꢜꣁ,kalade'gut'o'
ꢡꢷꢬꢸ,teeru
ꢗꢶꢞꢪꢡ꣄ꢡꢶ,chid'amatti
ꢗꢶꢔꢸꢜ꣄ꢜꢪ꣄ꢡꢡꢶ,chigut't'amtati
ꢣꢵꢬꢸ,daaru
ꢬꢵꢠ꣄,raan
ꢮꢥꢪ꣄,vanam
ꢪꢷꢜꢸ ꢡꢳꣁ,meet'u tal'o'
ꢒꣃꢭꣁ,kaulo'
ꢕꢸꢦꣁ,ghupo'
ꢱꣁꢬꣁ,so'ro'
ꢱꢸꢥ꣄ꢣꢸꢬꢸꢒꢸꢒ꣄ꢰꢶꢱꢸꢥ꣄ꢡꢸꢬꢲꢷꢦꢸ,sundurukukshisunturaheepu
ꢨꢸꢱꢸꢪ꣄ꢨꢸꢞ꣄ꢞꣁ,busumbud'd'o'
ꢓꣃꢬꢶ,khauri
ꢕꢷꢬ꣄,gheer
ꢥꢶꢥ꣄ꢥꣁ,ninno'
ꢔꢶꢬꢶ ꢬꢵꢠ꣄,giri raan
ꢣꣁꢖ꣄ꢔꢬ꣄,do'ngar
ꢒꢒꢸꢣ,kakuda
ꢱꢖ꣄ꢔꢪꢪ꣄,sangamam
ꢡꢭꢵꢡꢵꢪ꣄,talaataam
ꢱꢥ꣄ꢣ꣄ꢫꢵ,sandyaa
ꢱꢾꢥ꣄ꢡꢸ,se'ntu
ꢪꢲꢵꢱꢵꢔꢬꢪ꣄,mahaasaagaram
ꢗꢶꢞꢵꢫ꣄,chid'aay
ꢗꢶꢞꢫ꣄ꢣꢾꢫ꣄ꢞꣁ,chid'ayde'yd'o'
ꢮꢵꢜ꣄,vaat'
ꢬꢾꢱ꣄ꢡ,re'sta
ꢡꣂꢱ꣄,tos
ꢤꢮꢵꢮꢵꢜ꣄,dhavaavaat'
ꢃꢮꢬ꣄ꢡꢸ,aavartu
ꢃꢮꢬ꣄ꢡꢸꢮꢬꣁ,aavartuvaro'
ꢱꢸꢬꢶꢮꢬꣁ,surivaro'
ꢬꢪꢡ꣄ꢡꢶ,ramatti
ꢦꣁꢜ꣄ꢒ꣄ꢫꢵꢜ꣄,po't'kyaat'
ꢗꢒ꣄ꢒꢶꢭ꣄,chakkil
ꢪꢵꢬ꣄ꢔꢪ꣄,maargam
ꢧꢹꢭꢸꢡꢳꣁ,phoolutal'o'
ꢦꢷꢒ꣄ ꢥꢴꢷꢡ꣄ꢡ ꣄ꢢꢵꢪ꣄,peek nheetta thaam
ꢡꢭꢪ꣄,talam
ꢩꢸꢡꢭꢪ꣄,bhutalam
ꢤꢵꢡꢸꢮꢱ꣄ꢡꢸ,dhaatuvastu
ꢆꢳꢵ ꢔꣁꢳꣁ,ul'aa go'l'o'
ꢣꢷꢦ ꢔꢬ꣄ꢦꢸ,deepa garpu
ꢣꢶꢮꢸ,divu
ꢡꢵꢬꢸ ꢱ꣄ꢡꢭ꣄,taaru stal
ꢤꢹꢳꢶ,dhool'i
ꢙꢾꢙ꣄ꢙꢸ,je'jju
ꢮꢷꢡ꣄,veet
ꢣꢶꢒꢥ꣄ꢡꢸ,dikantu
ꢩꢸꢛ꣄~,bhunj~
ꢗꣀꢭꣁ,chailo'
ꢥꢷꢞꣁ,need'o'
ꢦꢥꢶ,pani
ꢂꢮ꣄ꢬꢶ,avri
ꢑꢬꢶ,auri
ꢦꢥ꣄ꢬꢾꢪ꣄,panre'm
ꢦꢥꢶ ꢱ꣄ꢢꢶꢡꢶ,pani sthiti
ꢦꢥ ꣄ꢤꢵꢪ꣄,pana dhaam
ꢦꢷꢥ꣄,peen
ꢂꢨ꣄ꢬꢥꢶ ꢤꢬꢶꢬ꣄,abrani dharir
ꢪꢲꢵ ꢕꢷꢬ꣄,mahaa gheer
ꢦꢣꢵꢳ꣄,padaal'
ꢱꢿꢡꢸ,setu
ꢮꢭꢸ ꢬꢵꢠ꣄,valu raan
ꢮꢭꢸ ꢮꢥ,valu vana
ꢦꢵꢬꣁ,paaro'
ꢆꢜꢵꢮ꣄,ut'aav
ꢱꢪꢱ꣄ꢢꢭ꣄,samasthal
ꢚꢸꢛ꣄ꢙꢸ,jhunju
ꢩꢸꢛ꣄,bhunj
ꢩꢸꢄ~ ꢓꢶꢠꣀꢥꢶ,bhui~ khinaini
ꢩꢸꢒꢪ꣄ꢦꢸ,bhukampu
ꢪꢃꢱꢸꢥ꣄ꢣꢸꢬ꣄,maaasundur
ꢪꢴꣁꢜ꣄ ꢚꢬꢶ,mho't' jhari
ꢩꢸꢬ꣄ꢒꣁ,bhurko'
ꢗꢹꢬ꣄ꢠꢸ,choornu
ꢲꢶꢬꣁ,hiro'
ꢣꢪꢬ꣄ ꢡꢳꣁ,damar tal'o'
ꢱꢢꢶꢡꢶ,sathiti
ꢪꢡ꣄ꢡꢶ,matti
ꢮꢳꢸ,val'u
ꢮꢳꢸꢡꢶꢦ꣄ꢦꣁ,val'utippo'
ꢮꢳꢸꢪꢶꢜ꣄ꢜꣁ,val'umit't'o'
ꢪꣁꢯ꣄꣄ꢫꢵꢥ꣄,mo'shyaan
ꢦꢷꢒꢸꢤꢬꢶꢬ꣄,peekudharir
ꢔꢶꢬꢶ,giri
ꢔꢶꢬꢶꢚꢶꢬ꣄ꢮꢵꢜ꣄,girijhirvaat'
ꢡꣁꢖ꣄ꢔꢬ ꣄ꢮꢵꢜ꣄,to'ngara vaat'
ꢡꣁꢖ꣄ꢒꢬ꣄ꢡꣁꢬꢠ꣄,to'nkarto'ran
ꢗꢦꢭ꣄,chapal
ꢥꢴꢵꢥ꣄ꢮꢷꢡ꣄,nhaanveet
ꢮꢥꢵꢥ꣄ꢡꢶꢬ,vanaantira
ꢪꣁꢥꣁ,mo'no'
ꢂꢓꢵꢣꣁ,akhaado'
ꢮꢾꢭ꣄ꢮꣁ,ve'lvo'
ꢦ꣄ꢬꢮꢵꢲ,pravaaha
ꢦꢥ꣄ꢰꢥ꣄ꢣꢶ,panshandi
ꢂꢒ꣄ꢒꢬꣁꢓꢳ꣄ꢳꢿ,akkaro'khal'l'e
ꢂꢨ꣄ꢨꢶꢥꢶ ꢦꣂꢜ꣄,abbini pot'
ꢤꢒ꣄ꢒꢵꢜ꣄,dhakkaat'
ꢂꢗ꣄ꢗꢸ ꢡꢵꢫ꣄,achchu taay
ꢪꢸꢣ꣄ꢬꢶꢠꢶ ꢒꢾꢬ꣄,mudrini ke'r
ꢤꢵꢒ꣄ ꢕꢵꢭ꣄,dhaak ghaal
ꢔꢵꢭꢸꢪ꣄ ꢢꣁꢮ꣄ꢭꢶ ꢭꢸꢨ꣄ꢨꢶ,gaalum tho'vli lubbi
ꢆꢞ꣄ꢔꢞꢶ ꢢꣁꢮ꣄,ud'gad'i tho'v
ꢕꢵꢪ꣄ ꢭꢔꢳ꣄ꢳꢿ,ghaam lagal'l'e
ꢓꢵꢭ꣄ ꢦꣂꢜ꣄,khaal pot'
ꢨꢥ꣄ꢣꢶ ꢒꢿꢬ꣄,bandi ker
ꢣꢵꢱ꣄ ꢒꢿꢬ꣄,daas ker
ꢦꢔꢸꢭ꣄ ꢢꣁꢮ꣄,pagul tho'v
ꢙꢾꢡꣁꢒꢥꢶ ꢃꢮ꣄,je'to'kani aav
ꢂꢡ꣄ꢒ꣄ꢫꢵꢬ ꣄ꢣꢿ,atkyaara de
ꢨꢾꢣꢶꢬꢶ ꢦꣂꢜ꣄,be'diri pot'
ꢨꢾꢣꢸꢬ꣄ ꢦꣁꢞꢵꢜ꣄,be'dur po'd'aat'
ꢱꢪꢵꢤꢵꢥ꣄ ꢒꢿꢬ꣄,samaadhaan ker
ꢯꢵꢥ꣄ꢡꢶ ꢒꢿꢬ꣄,shaanti ker
ꢱꢪꢵꢤꢵꢥ꣄ ꢲꣁ,samaadhaan ho'
ꢂꢬ꣄ꢦꢠꣁ ꢒꢾꢬ꣄,arpano' ke'r
ꢙꢭ꣄ꢦꢥꣁ ꢒꢿꢬ꣄,jalpano' ker
ꢮꢶꢬ꣄ꢢꢵ ꢮꢡ꣄ꢡꣁ ꢒꢿꢬ꣄,virthaa vatto' ker
ꢒꢾꢰ꣄ꢜꢪ꣄ꢦꢵꢜ꣄ꢦꣁꢜ꣄,ke'sht'ampaat'po't'
ꢮꢾꢥ꣄ ꢒꢾꢰ꣄ꢜꢪ꣄ ꢦꣂꢜ꣄,ve'n ke'sht'am pot'
ꢱꢶꢖ꣄ꢔꢵꢬ꣄ ꢒꢿꢬ꣄,singaar ker
ꢂꢮ꣄ꢱꢬ꣄ꢒꢿꢬ꣄,avsarker
ꢂꢮ꣄ꢱꢬ꣄ꢦꣂꢜ꣄,avsarpot'
ꢂꢮ꣄ꢤꢶ ꢦꣂꢜ꣄,avdhi pot'
ꢥꢶꢪꢥ꣄ꢡ꣄ꢬꢠꣁ ꢒꢿꢬ꣄,nimantrano' ker
ꢨꣁꢮꢥ꣄ ꢤꢞ꣄ꢞꢿ,bo'van dhad'd'e
ꢦꢬꢶꢗꢫꣁ ꢒꢿꢬ꣄,parichayo' ker
ꢱꢶꢒ꣄ꢒꢞꢶ ꢣꢾ,sikkad'i de'
ꢛꢵꢥ꣄ ꢣꢾ,nyaan de'
ꢦꢶꢒ꣄ꢒꢶꢥꢶ ꢒꢵꢜ꣄,pikkini kaat'
ꢦꢷꢒ꣄ ꢒꢵꢜ꣄,peek kaat'
ꢂꢥ꣄ꢫꣁ ꢲꣂ,anyo' ho
ꢂꢣꢶꢱꢪ꣄ ꢦꣂꢜ꣄,adisam pot'
ꢃꢯ꣄꣄ꢗꢬ꣄ꢫꢸ ꢦꣁꢞꢵꢜ꣄,aashcharyu po'd'aat'
ꢃꢱ꣄ꢡ ꢦꣂꢜ꣄,aasta pot'
ꢂꢦꢸꢭ꣄ ꢒꢾꢬ꣄ꢭꢾ,apul ke'rle'
ꢂꢦꢸꢭ꣄ꢒꢥꢶ ꢮꢲꢶꢭꢿ,apulkani vahile
ꢂꢦ꣄ꢭꢵꢥ꣄ ꢒꢾꢬ꣄ꢭꢿ,aplaan ke'rle
ꢱ꣄ꢢꢶꢬꢪ꣄ ꢥꢴꢷꢡ꣄ꢡꣁ ꢬꢴ ꢵ,sthiram nheetto' rha aa
ꢲꢭ꣄ꢭꢥ꣄ ꢥꢶꢔꢶꢭ꣄,hallan nigil
ꢆꢣ꣄ꢣꢬ꣄ ꢣꢾ,uddar de'
ꢬꢵꢒ꣄ ꢂꢥ꣄꣄ꢭꢾ,raak anle'
ꢃꢣꢬꣁ ꢣꢿ,aadaro' de
ꢡꢾꢫꢵꢬ꣄ ꢒꢾꢬ꣄ꢭꢿ,te'yaar ke'rle
ꢆꢡ꣄ꢒꢸꢬꣂꢯꣁ ꢒꢿꢬ꣄,utkurosho' ker
ꢬꢾꢗ꣄ꢗꢵ ꢬꢾꢗ꣄ꢗꣁ ꢡꢵꢫ꣄,re'chchaa re'chcho' taay
ꢙꣁꢱ꣄ꢫꢪ꣄ ꢱꢖ꣄ꢔꢶ,jo'syam sangi
ꢧꢸꢭ꣄ꢭꢵꢪ꣄ ꢱꢖꢔꢶ,phullaam sangagi
ꢃꢭꣂꢗꢥꣁ ꢱꢖ꣄ꢔꢶ,aalochano' sangi
ꢤꢾꢫ꣄ꢬꢶꢫꢪ꣄ ꢱꢖ꣄ꢔꢶ,dhe'yriyam sangi
ꢯꢵꢥ꣄ꢡꢶ ꢣꢾ,shaanti de'
ꢱꢵꢥ꣄ꢡ꣄ꢮꢥꣁ ꢒꢿꢬ꣄,saantvano' ker
ꢱꢪ꣄ꢪꢡ꣄ ꢣꢿ,sammat de
ꢢꢵꢪ꣄ꢡꢔꢶ ꢢꣁꢮ꣄,thaamtagi tho'v
ꢢꢵꢪ꣄ ꢣꢿ,thaam de
ꢢꢵꢪ꣄ ꢪꢬ꣄ꢗꢶ ꢙꢵ,thaam marchi jaa
ꢢꢵꢪ꣄ ꢪꢬ꣄ꢗꢶ ꢢꣁꢮ꣄,thaam marchi tho'v
ꢢꢵꢪ꣄ꢪꢬ꣄ꢗꢶ,thaammarchi
ꢒꢾꢰ꣄ꢜꢪ꣄ ꢂꢞ꣄ꢞꢪ꣄ ꢂꢮꢵꢜ꣄,ke'sht'am ad'd'am avaat'
ꢥꢾꢱ꣄ꢒꢶꢥꢶ ꢦꣁꢜ꣄,ne'skini po't'
ꢂꢮ꣄ꢞꣁꢦꣂꢜ꣄,avd'o'pot'
ꢡꣁꢥ꣄ꢣꢬꢮ꣄ ꢒꢿꢬ꣄,to'ndarav ker
ꢏꢦ꣄ꢦꢱ꣄ꢡꢶꢱꣁ ꢒꢿꢬ꣄,o'ppastiso' ker
ꢂꢥꢸꢡꢵꢦ꣄ ꢒꢭꢵꢜ꣄,anutaap kalaat'
ꢪꢴꢮ꣄ꢭꢶ ꢡꢵꢫ꣄,mhavli taay
ꢲꢥ꣄ꢢꢵꢬ꣄ ꢒꢿꢬ꣄,hanthaar ker
ꢱꢖ꣄ꢓ꣄ꢫꣁꢣꢿ,sankhyo'de
ꢦꣁꢜ꣄ꢜꢳ ꢶꢩꢥ꣄ꢣꢶꢭꢿ,po't't'al'a ibhandile
ꢦꣁꢞꢭꢶ ꢩꢥ꣄ꢣꢶꢭꢿ,po'd'ali bhandile
ꢣꢿꢮꢸ ꢦꢣꢪ꣄ ꢪꢷꢭ꣄,devu padam meel
ꢔꢸꢬ꣄ꢡꢸ ꢒꢳꣀꢭꢿ,gurtu kal'aile
ꢱꢪꢪꣁ ꢲꣁꢫ꣄ꢭꢿ,samamo' ho'yle
ꢂꢩꢿꢡ꣄ ꢙꢮꢞ꣄ꢳꢿ,abhet javad'l'e
ꢦ꣄ꢬꢡꢶꢦꢹꢬ꣄ꢡꢶ ꢒꢿꢬ꣄,pratipoorti ker
ꢆꢥ꣄ꢥꢦꢥ꣄ ꢱꢾꢬ꣄ꢒꣁ ꢒꢿꢬ꣄,unnapan se'rko' ker
ꢭꢔꢶꢛ꣄ꢗꢶ ꢬꢴꢵ,laginchi rhaa
ꢭꢔꢶꢛ꣄ꢗꢞꢶ ꢬꢴꢵ,laginchad'i rhaa
ꢱꢶꢣ꣄ꢤꢶ ꢲꣂ,siddhi ho
ꢒꢾꢭꢵꢪ꣄ ꢭꢵꢮ꣄,ke'laam laav
ꢩꣁꢙꢥꣁ ꢒꢾꢬ꣄ꢭꢿ,bho'jano' ke'rle
ꢩꢶꢡ꣄ꢡꢬ꣄ ꢢꣂꢮ꣄,bhittar thov
ꢲꣁꢔꢡ꣄ ꢲꢶꢖ꣄ꢔꢵꢜ꣄,ho'gat hingaat'
ꢱꢪ꣄ꢪꢡ꣄ ꢦꣁꢥ꣄ꢣꢶ,sammat po'ndi
ꢩꢶꢡ꣄ꢡꢬ꣄ ꢡꢹꢬ꣄,bhittar toor
ꢱꢲꢪꢡꢶ ꢲꣁꢫ꣄ꢭꢿ,sahamati ho'yle
ꢏꢙꢥꢵꢒ꣄ ꢏꢙꢥꣁ ꢏꢦ꣄ꢦꢶꢭꢿ,o'janaak o'jano' o'ppile
ꢨꣁꢜ꣄ꢜꣁ ꢲꢾꢜ꣄,bo't't'o' he't'
ꢨꣁꢜ꣄ꢜꣁ ꢱꣁꢮ꣄ꢞꢶ,bo't't'o' so'vd'i
ꢆꢬ꣄ꢦꢡ꣄ꢡꢶ ꢒꢿꢬ꣄,urpatti ker
ꢩꢵꢡ꣄ ꢕꢵꢭ꣄,bhaat ghaal
ꢦ꣄ꢬꢫꣂꢙꢥꣁ ꢦꣁꢜ꣄,prayojano' po't'
ꢆꢦꢫꣂꢒ꣄ ꢲꣂ,upayok ho
ꢥꢸꢔꢵꢱ꣄ꢡꢶꢱꣁ ꢬꢴꢵ,nugaastiso' rhaa
ꢙꢷꢮ꣄ ꢱꣂꢜ꣄,jeev sot'
ꢙꢷꢮ꣄ꢣꢾ,jeevde'
ꢙꢷꢮ꣄ ꢕꢵꢭ꣄,jeev ghaal
ꢨꣁꢭꢪ꣄ꢒꢿꢬ꣄,bo'lamker
ꢨꢵꢤ꣄ꢫꢡꣁ ꢪꢔꢶꢭꢾ,baadhyato' magile'
ꢬꢹꢦ꣄ ꢕꢵꢭ꣄,roop ghaal
ꢪꢥꣁꢥꣁ ꢒꢾꢬ꣄ꢭꢾ,mano'no' ke'rle'
ꢬꢸꢦ꣄ ꢪꢬ꣄ꢗꢶꢭꢿ,rup marchile
ꢱꢪ꣄ꢩꢵꢰꢠꣁ ꢒꢿꢬ꣄,sambhaashano' ker
ꢭꣂꢦꢸꢭꣁ ꢬꢵꢱ꣄ꢡꢶꢱꣁ ꢒꢿꢬ꣄,lopulo' raastiso' ker
ꢭꣂꢦꢸꢭꣁ ꢢꣁꢮ꣄ꢭꢿ,lopulo' tho'vle
ꢆꢡ꣄ꢱꢵꢲ꣄ ꢦꣁꢥ꣄ꢣꢶ,utsaah po'ndi
ꢔꢪ꣄ꢗꢶ ꢎꢒꢶ,gamchi aiki
ꢓꢸꢬ꣄ꢒꢥꢶ ꢱꢵ,khurkani saa
ꢏꢙꢥꢵꢒ꣄ ꢏꢙꢥꣁ ꢦ꣄ꢬꢵꢪꣁꢒꢥꢶ ꢗꢭ꣄ꢭꢾ,o'janaak o'jano' praamo'kani challe'
ꢥꢶꢱꢰ꣄꣄꣄ꢒꢠꣁ ꢒꢿꢬ꣄,nisashkano' ker
ꢦ꣄ꢬꢪꢵꢠ꣄ꢓꢳ꣄ꢳꢿ,pramaankhal'l'e
ꢆꢡ꣄ꢱꢵꢲ꣄ꢒꢿꢬ꣄,utsaahker
ꢆꢛ꣄ꢙꢭꣁ ꢓꢵꢳ,unjalo' khaal'a
ꢗꣁꢞ꣄ꢞꣁ ꢦꣁꢞꢶꢩꢶꢡ꣄ꢡꢬ꣄ ꢢꢹꢬ꣄,cho'd'd'o' po'd'ibhittar thoor
ꢓꣁꢭꢵ ꢩꢮꢵꢜ꣄ ꢡꢵꢫ꣄,kho'laa bhavaat' taay
ꢧꢸꢮ꣄ꢥꢶ ꢬꢾꢗ꣄ꢗꣁ ꢒꢿꢬ꣄,phuvni re'chcho' ker
ꢩꣁꢫ꣄ꢱꢸ ꢬꢾꢗ꣄ꢗꣁ ꢡꢵꢫ꣄,bho'ysu re'chcho' taay
ꢲꢜ꣄ꢮꢶ ꢱꢵ,hat'vi saa
ꢦ꣄ꢬꢡꢶꢤꣁꢥꢶꢒꢿꢬ꣄,pratidho'niker
ꢮꢾꢣꢸꢬ꣄ ꢦꣁꢜ꣄,ve'dur po't'
ꢮꢾꢣꢸꢬ꣄ ꢣꢾꢒ꣄ꢒꢶ,ve'dur de'kki
ꢦ꣄ꢬꢡꢷꢒ꣄ꢯꣁ ꢒꢿꢬ꣄,prateeksho' ker
ꢌꢣꢸꢬ ꣄ꢱꢵ,e'dura saa
ꢱꢷꢪꣁ ꢣꢵꢜ꣄,seemo' daat'
ꢆꢣ꣄ꢮꢿꢒ꣄ ꢒꢾꢬ꣄,udvek ke'r
ꢆꢣ꣄ꢮꢿꢔ꣄ ꢂꢮꢵꢜ꣄,udveg avaat'
ꢆꢦꢲꢵꢱ꣄ ꢒꢿꢬ꣄,upahaas ker
ꢣꢾꢔꢵꢬ꣄ꢣꢿ,de'gaarde
ꢌꢭꢪ꣄ ꢱꣂꢜ꣄,e'lam sot'
ꢦ꣄ꢬꢨꢥ꣄ꢡꢸ ꢒꢿꢬ꣄,prabantu ker
ꢦꢹꢬ꣄ꢮꢩꢶꢥꢫꣁ ꢒꢿꢬ꣄,poorvabhinayo' ker
ꢱꣁꢪ꣄ꢪꢬ꣄ ꢣꣁꢨ꣄ꢨꢶꢢꣁꢮ꣄,so'mmar do'bbitho'v
ꢣꣁꢨ꣄ꢨꢶꢢꣂꢮ꣄,do'bbithov
ꢱꢲꢫꣂꢒ꣄ ꢒꢿꢬ꣄,sahayok ker
ꢡꢶꢬꢯ꣄꣄ ꢒꢵꢬ,tirash kaara
꣄ꢒꢿꢬ꣄,ker
ꢲꢾꢞꢶ ꢡꣂꢮ꣄,he'd'i tov
ꢮꢱꣁ ꢣꢾ,vaso' de'
ꢲꢵꢡꢸ ꢂꢒ꣄ꢰꢬ꣄ꢡꢵꢫ꣄,haatu akshartaay
ꢱꢶꢖ꣄ꢔꢵꢬ꣄ ꢒꢾꢬ꣄ꢭꢿ,singaar ke'rle
ꢡꣂꢡ ꣄ꢱꢵ,tota saa
ꢂꢥꢸꢪꢡꢶ ꢣꢿ,anumati de
ꢱꢪ꣄ꢫꣂꢙꢥꣁ ꢒꢿꢬ꣄,samyojano' ker
ꢤ꣄ꢫꢵꢥ꣄ ꢫꣂꢒ꣄ ꢒꢿꢬ꣄,dhyaan yok ker
ꢬꢹꢦ꣄ ꢥꢾꢬ꣄ꢦꢶ,roop ne'rpi
ꢙꢾꢡꣁ ꢗꢾꢬ꣄,je'to' che'r
ꢤꢪꢶ ꢙꢵ,dhami jaa
ꢥꢶꢮ꣄ꢬꢸꢡꢶ ꢲꣂ,nivruti ho
ꢡꢶꢬ꣄ꢪꢵꢥ꣄ ꢒꢾꢬ꣄ꢭꢿ,tirmaan ke'rle
ꢒꢿꢜ ꣄ꢩꢥ꣄ꢣꢶꢭꢿ,ket'a bhandile
ꢱꢸꢭ꣄ꢒꣁ ꢩꢥ꣄ꢣꢶ,sulko' bhandi
ꢃꢙ꣄ꢛꣁꢣꢿ ꢡꢵꢫ꣄,aajnyo'de taay
ꢨꢭꢮꢥ꣄ꢡꢸ ꢒꢿꢬ꣄,balavantu ker
ꢂꢤꢶꢒꢵꢬꢸꢪ꣄ ꢬꢴꢵ,adhikaarum rhaa
ꢥꢶꢫꢥ꣄ꢡ꣄ꢬꢠꣁꢒꢿꢬ꣄,niyantrano'ker
ꢒꢾꢜ꣄ꢜꢸ ꢡꢵꢫ꣄,ke't't'u taay
ꢲꢾꢳ꣄ꢳꢶꢶ ꢙꢵ,he'l'l'ii jaa
ꢒꢬ꣄ꢡꢮ꣄ ꢒꢿꢬ꣄,kartav ker
ꢬꢷꢠ꣄ ꢦꣂꢜ꣄,reen pot'
ꢬꢷꢠ꣄ ꢓꢵꢜ꣄,reen khaat'
ꢓꢾꢜꢶꢥ꣄ ꢒꢿꢬ꣄,khe't'in ker
ꢂꢥꢸꢱꢬꢶꢭꢾ,anusarile'
ꢡꣁꢬꢶ ꢙꢵ,to'ri jaa
ꢔꢪ꣄ꢗꢶ ꢱꢾꢫ꣄ꢭꢿ,gamchi se'yle
ꢣꣁꢳꣁ ꢪꢶꢱ꣄ꢒꢶ,do'l'o' miski
ꢓꢠ꣄ꢞꢠꣁ ꢒꢿꢬ꣄,khand'ano' ker
ꢣꢾꢒ꣄ꢒꢶ ꢤꢿꢬ꣄,de'kki dher
ꢣꣁꢳꢵꢪ꣄ꢦꢥꢶ ꢓꢵꢜ꣄,do'l'aampani khaat'
ꢣꣁꢳꣁꢲꣁꢬ꣄ ꢱꢾꢫ꣄ꢭꢿ,do'l'o'ho'r se'yle
ꢭꢴꢾꢒ꣄ꢒꣁ ꢒꢿꢬ꣄,lhe'kko' ker
ꢒꢵꢪ꣄ ꢲꢶꢨ꣄ꢨꢵꢜ꣄,kaam hibbaat'
ꢒꢾꢬꢥ꣄ ꢒꢭꢥꢵꢡꣁ ꢬꢴꢵ,ke'ran kalanaato' rhaa
ꢕꢾꢬ꣄ꢮꢵꢬ꣄ ꢬꢴꢵ,ghe'rvaar rhaa
ꢔꢬ꣄ꢩꢸ ꢙꢵꢮꢵꢜ꣄,garbhu jaavaat'
ꢂꢩꢶꢦ꣄ꢬꢵꢫꢪ꣄ ꢱꢖ꣄ꢔꢶ,abhipraayam sangi
ꢒꢾꢜ꣄ꢜꢣꢞꢱ꣄ꢡꢶ ꢱꣁ ꢙꢵ,ke't't'adad'asti so' jaa
ꢩ꣄ꢬꢪꣁ ꢲꣂ,bhramo' ho
ꢒꢭꢲꣁꢒꢿꢬ꣄,kalaho'ker
ꢂꢬꢵꢙꢒꢡꣁ ꢒꢿꢬ꣄,araajakato' ker
ꢒꢭꢲꣁ ꢒꢾꢬꢵꢜ꣄,kalaho' ke'raat'
ꢪꣁꢥ꣄ꢥꢸ ꢒꢮ꣄ꢭꢫꢶ ꢬꢴꢵ,mo'nnu kavlayi rhaa
ꢒꢾꢳ꣄ꢳꢸ ꢏꢜ꣄ꢗꢶ,ke'l'l'u o't'chi
ꢒꢭ꣄ꢦꢥꣁ ꢒꢾꢬ꣄,kalpano' ke'r
ꢥꢿꢪꣁ ꢥꢵꢯ꣄꣄,nemo' naash
ꢒꢵꢜ꣄ ꢦꣁꢞꢜ꣄,kaat' po'd'at'
ꢱꣁꢦ꣄ꢥꣁ ꢣꢾꢒ꣄ꢒꢶ,so'pno' de'kki
ꢣꢬ꣄ꢯꢥꣁ ꢣꢿ,darshano' de
ꢣꢾꢒ꣄ꢒꢞꢶ ꢣꢿ,de'kkad'i de
ꢪꣂꢱ꣄ ꢒꢿꢬ꣄,mos ker
ꢣꢸꢬꣂꢲ꣄ ꢒꢿꢬ꣄,duroh ker
ꢬꢒ꣄ꢒꢶ ꢬꢴꢵ,rakki rhaa
ꢦ꣄ꢬꢿꢮ꣄ ꢦꣁꢜ꣄,prev po't'
ꢒꢵꢥꢸꢪ꣄ ꢦꣂꢜ꣄,kaanum pot'
ꢒꢵꢥ꣄ ꢲꣂꢬ꣄ ꢎꢒꢶ,kaan hor aiki
ꢕꢵꢪ꣄ ꢦꣂꢜ꣄,ghaam pot'
ꢕꢵꢪ꣄ ꢦꣁꢞꢜ꣄,ghaam po'd'at'
ꢒꢵꢭ꣄ ꢲꣁ,kaal ho'
ꢣꢾꢮ꣄ꢒꢫꢶ ꢙꢵ,de'vkayi jaa
ꢒꢵꢨꢥ꣄ꢣꢸ ꢒꢿꢬ꣄,kaabandu ker
ꢩꢷꢡꢶꢒꢿꢬ꣄,bheetiker
ꢤꢵꢒ꣄ ꢂꢮꢵꢜ꣄,dhaak avaat'
ꢱꢛ꣄ꢗꢭꢥꣁ ꢲꣂ,sanchalano' ho
ꢱꢛ꣄ꢗꢭꢥꣁ ꢒꢿꢬ꣄,sanchalano' ker
ꢃꢙ꣄ꢛꣁꢤꢵꢥꢸ ꢗꢵꢭ꣄,aajnyo'dhaanu chaal
ꢂꢤꢶꢒꢵꢬ꣄ ꢤꢵꢥꢸ ꢗꢭ꣄ꢭꢾ,adhikaar dhaanu challe'
ꢓꢵꢭ꣄ ꢬꢴꢮꢵꢜ꣄,khaal rhavaat'
ꢪꣁꢥ꣄ꢥꢸꢪ꣄ ꢨꢷꢱ꣄,mo'nnum bees
ꢒꢵꢦ꣄ ꢬꢴꢮꢵꢜ꣄,kaap rhavaat'
ꢮꢵꢱꢱ꣄ꢢꢭꣁ ꢥꢶꢬ꣄ꢠꢫꣁ ꢒꢿꢬ꣄,vaasasthalo' nirnayo' ker
ꢮꢵꢱ꣄ꢒꢿꢬ꣄,vaasker
ꢮꢵꢱ꣄ ꢒꢾꢬꢵꢜ꣄,vaas ke'raat'
ꢮꢵꢱ꣄ ꢲꣁ,vaas ho'
ꢒꢵꢦ꣄ ꢙꢵ,kaap jaa
ꢨꢬꣁ ꢒꢿꢬ꣄,baro' ker
ꢦꢵꢄ ꢱꢦꣂꢜ꣄,paai sapot'
ꢭꢸꢪ꣄ꢦ꣄ꢭꣁ ꢲꣁ,lumplo' ho'
ꢭꢸꢪ꣄ꢦ꣄ꢭꣁꢒꢿꢬ꣄,lumplo'ker
ꢲꢹꢥ꣄ꢭꢔꢳ꣄ꢳꢿ,hoonlagal'l'e
ꢲꢷꢪ꣄ ꢙꢮꢞ꣄ꢳꢿ,heem javad'l'e
ꢗꢹꢒ꣄ ꢒꢿꢬ꣄,chook ker
ꢦꣁꢱ꣄ꢪꢾ ꢱꢖ꣄ꢔꢶ,po'sme' sangi
ꢲꢾꢞꢶ ꢱꢖ꣄ꢔꢶ,he'd'i sangi
ꢗꢶꢥ꣄ꢲꢸ ꢕꢵꢭ꣄,chinhu ghaal
ꢭꢾꢒ꣄ꢒꢸ ꢢꣂꢮ꣄,le'kku thov
ꢤ꣄ꢫꢿꢫꢸ ꢢꣁꢮ꣄ꢭꢿ,dhyeyu tho'vle
ꢭꢵꢙ꣄ꢭꢔꢳ꣄ꢳꢿ,laajlagal'l'e
ꢬꢾꢗ꣄ꢗꣁ ꢪꢵꢜ꣄,re'chcho' maat'
ꢪꢸꢔꢵꢪ꣄ ꢡꢵꢫ꣄,mugaam taay
ꢮꢿꢥ꣄ꢒꢿꢬ꣄,venker
ꢬꢸꢣ꣄ꢬꢡꢵꢠ꣄ꢜꢮ꣄ ꢓꢵꢳ꣄,rudrataant'av khaal'
ꢗꢹꢔ꣄ ꢕꢵꢭ꣄,choog ghaal
ꢒꢾꢛ꣄ꢙꢶꢪꢵꢫ꣄,ke'njimaay
ꢓꢾꢭ꣄ꢭꢭ꣄ꢒꢿꢬ꣄,khe'llalker
ꢂꢮ꣄ꢪꢵꢥ꣄ ꢦꣂꢜ꣄,avmaan pot'
ꢎꢒꢶꢥ ꢶꢦꣂꢜ꣄,aikina ipot'
ꢲꢵꢡꢸꢪ꣄ ꢓꢳ꣄ꢳꢾ,haatum khal'l'e'
ꢲꢵꢡ꣄ ꢲꢭ꣄ꢮꢶ,haat halvi
ꢣꢷꢲꢵꢡ꣄ ꢗꢾꢬ꣄ꢗꢶꢭꢶ ꢂꢛ꣄ꢙꢭꢶ ꢒꢿꢬ꣄,deehaat che'rchili anjali ker
ꢲꢵꢡ꣄ ꢡꢾꢜ꣄ꢜꢶ,haat te't't'i
ꢒꣀꢣꢸꢒꢾꢬ꣄,kaiduke'r
ꢦꢵꢠꢶꢔ꣄ꢬꢲꢥꣁ ꢒꢾꢬ꣄ꢭꢿ,paanigrahano' ke'rle
ꢲꣁꢬꢵꢜ꣄ ꢒꢾꢬ꣄ꢭꢿ,ho'raat' ke'rle
ꢲꢵꢡ꣄ ꢢꣂꢮ꣄,haat thov
ꢗꢭ꣄ꢡꣁ ꢒꢿꢬ꣄,chalto' ker
ꢤꣁꢪ꣄ꢨꢸꢭꢵꢫ꣄ ꢡꢿ,dho'mbulaay te
ꢣꢸꢬꢵꢗꢬꢠꣁ ꢒꢿꢬ꣄,duraacharano' ker
ꢲꢶꢪ꣄ꢱꣁ ꢒꢿꢬ꣄,himso' ker
ꢬꢾꢔꢡ꣄ ꢓꢾꢞ꣄,re'gat khe'd'
ꢙꢷꢮ꣄ ꢣꢹꢱ꣄,jeev doos
ꢭꢹꢜ꣄ꢪꢵꢬ꣄ ꢒꢿꢬ꣄,loot'maar ker
ꢱꢹꢜ꣄ ꢲꢵꢥ꣄,soot' haan
ꢕꢾꢥꢪ꣄ ꢦꣁꢥ꣄ꢣꢶ,ghe'nam po'ndi
ꢱꢜ꣄ꢜꢪ꣄ ꢡꢵ,sat't'am taa
ꢚꢾꢞꣁ ꢪꢭ꣄ꢭꢿ,jhe'd'o' malle
ꢔꢹꢟꣁ ꢒꢿꢬ꣄,good'ho' ker
ꢱꢡꢶ ꢒꢿꢬ꣄,sati ker
ꢱꣁꢥ꣄ꢡꣂꢰ꣄ ꢦꣂꢜ꣄,so'ntosh pot'
ꢱꢪꣁ ꢒꢿꢬ꣄,samo' ker
ꢱꢪꢤꢵꢥ꣄ ꢒꢿꢬ꣄,samadhaan ker
ꢱꢬꢠꢵꢔꢣꢶꢦꣁꢥ꣄ꢣꢶ,saranaagadipo'ndi
ꢭꢾꢒ꣄ꢒ ꢱꣁꢬ꣄ꢒ꣄ꢒꣁ ꢒꢿꢬ꣄,le'kka so'rkko' ker
ꢱꢾꢬ꣄ꢒ꣄ꢒ ꢒꢿꢬ꣄,se'rkka ker
ꢗꢾꢭ꣄ꢮꣁ ꢒꢿꢬ꣄,che'lvo' ker
ꢪꣁꢬ꣄ꢔ꣄ꢫꢵꢡ꣄ ꢒꢳꢵꢜ꣄,mo'rgyaat kal'aat'
ꢱꢾꢭ꣄ꢒꢾ ꢣꢾꢒ꣄ꢒꢵꢜ꣄,se'lke' de'kkaat'
ꢦꢾꢫꢶꢬ꣄ ꢙꢸꢥ꣄ꢥꢶ,pe'yir junni
ꢦ꣄ꢬꢪꢵꢠ ꣄ꢣꢾ,pramaana de'
ꢦ꣄ꢬꢪꢵꢠ꣄ ꢒꢿꢬ꣄,pramaan ker
ꢨꢸꢱ꣄ꢒꣁ ꢒꢿꢬ꣄,busko' ker
ꢱꢾꢜ꣄ꢜꢸꢒꢥ꣄ ꢬꢴꢵ,se't't'ukan rhaa
ꢮꢿꢥ꣄ ꢱꢶꢳ꣄ꢳ ꢦꣂꢜ꣄,ven sil'l'a pot'
ꢓ꣄ꢫꢵꢡꢶ ꢦꣁꢥ꣄ꢣꢶ,khyaati po'ndi
ꢪꢸꢡ꣄ꢡꢶ,mutti
ꢂꢭꢖ꣄ꢔꣂꢭꢪ꣄ ꢒꢿꢬ꣄,alangolam ker
ꢔꢸꢠ꣄ꢠꢸ ꢥꢴꢷꢡ꣄ꢡꣁ ꢬꢵ,gunnu nheetto' raa
ꢱꢹꢤꢵꢬ꣄ ꢒꢾꢬ꣄,soodhaar ke'r
ꢥꢶꢫꢪꣁ ꢥꢵꢯ꣄,niyamo' naash
ꢪꢶꢜ꣄ꢜꢶ ꢱꣂꢜ꣄,mit't'i sot'
ꢗꢸꢜ꣄ꢜꢸ ꢡꢒꢶ ꢤꢿꢬ꣄,chut't'u taki dher
ꢲꢸꢥ꣄ꢥ ꢒꢿꢬ꣄,hunna ker
ꢲꢸꢥ꣄ꢥ ꢲꣁ,hunna ho'
ꢲꢸꢦꢵꢮ꣄ꢒꢿꢬ꣄,hupaavker
ꢱꢞ꣄ꢫꢥ꣄ꢡ꣄ꢬꢸ ꢒꢿꢬ꣄,sad'yantru ker
ꢱꢹꢬꢾ ꢡꢵꢫ꣄,soore' taay
ꢪꢬꢵꢪꢡ꣄ꢡꢸ ꢒꢿꢬ꣄,maraamattu ker
ꢥꢮꢷꢒꢬꢠꣁ ꢒꢿꢬ꣄,naveekarano' ker
ꢱꢾꢬ꣄ꢒ ꢒꢿꢬ꣄,se'rka ker
ꢒꢵꢪꢸꢪ꣄ ꢲꢸꢡ꣄ꢡꢶꢬ꣄,kaamum huttir
ꢒꢵꢪꢸꢪ꣄ ꢭꢵꢔ꣄,kaamum laag
ꢮꢵꢣꢪꢸꢪ꣄ ꢦꣁꢞꢜ꣄,vaadamum po'd'at'
ꢗꢭ꣄ꢡ ꢒꢿꢬ꣄,chalta ker
ꢦ꣄ꢬꢩꢵꢮ꣄ ꢥꢴꢷꢡ꣄ꢡ ꢲꣁ,prabhaav nheetta ho'
ꢦ꣄ꢬꢩꢵꢮ꣄ ꢙꢮꢞ꣄ꢳꢾ,prabhaav javad'l'e'
ꢱꣀꢒꢥꣁ ꢒꢿꢬ꣄,saikano' ker
ꢩꢵꢰꢠꣁ ꢒꢿꢬ꣄,bhaashano' ker
ꢭꣂꢭ꣄ ꢦꣁꢞꢶ ꢲꢶꢠ꣄ꢞꢶ,lol po'd'i hind'i
ꢯꢷꢥ꣄ ꢦꣁꢥ꣄ꢣꢶ,sheen po'ndi
ꢒꢬ꣄ꢡꢮ꣄ ꢱꣂꢜ꣄,kartav sot'
ꢱꢪꢣꢭꢪ꣄ ꢒꢿꢬ꣄,samadalam ker
ꢡꢾꢜ꣄ꢜꢸ ꢒꢶꢜ꣄ꢜꢶ ꢙꢵ,te't't'u kit't'i jaa
ꢥꢶꢬꣂꢤ꣄ ꢒꢿꢬ꣄,nirodh ker
ꢣꢠ꣄ꢜꢥꣁ ꢒꢿꢬ꣄,dant'ano' ker
ꢭꢴꢾꢒ꣄ꢒꣁ ꢱꢾꢬ꣄ꢒꣁ ꢱꢵ,lhe'kko' se'rko' saa
ꢡꣁꢪ꣄ꢗꢶ ꢙꢵꢱ꣄ꢡꢶꢱꣁ ꢒꢿꢬ꣄,to'mchi jaastiso' ker
ꢡꣁꢪ꣄ꢗꢶ ꢙꢵ,to'mchi jaa
ꢦꢱ꣄ꢡꣁꢒ꣄ꢒꢶ ꢲꢶꢨ꣄ꢨꢶ,pasto'kki hibbi
ꢱ꣄ꢡꢬꣁ ꢥꢶꢬ꣄ꢠꢫꣁ ꢒꢿꢬ꣄,staro' nirnayo' ker
ꢭꢸꢒ꣄ꢒꢶ ꢬꢴꢵ,lukki rhaa
ꢂꢔ꣄ꢬꢵꢱꢥꣁ ꢓꢳ꣄ꢳꢿ,agraasano' khal'l'e
ꢂꢔ꣄ꢬꢦꢥ꣄ ꢮꢮꢶꢭꢿ,agrapan vavile
ꢣꣁꢱ꣄ꢒꣁ ꢲꢭ꣄ꢮꢶ,do'sko' halvi
ꢣꣁꢱ꣄ꢒꣁ ꢣꢿ,do'sko' de
ꢣꣁꢱ꣄ꢒꣁ ꢥꢪ꣄ꢭꢿ,do'sko' namle
ꢒꢸꢠ꣄ꢜꢸ ꢒꢿꢬ꣄,kunt'u ker
ꢣꣁꢨ꣄ꢦꢶ ꢢꣂꢮ꣄,do'bpi thov
ꢦꢾꢡ꣄ꢡꢾ ꢒꢿꢬ꣄,pe'tte' ker
ꢱ꣄ꢬꢪꣁ ꢱꢾꢒꢶꢭꢿ,sramo' se'kile
ꢓꢷꢳ꣄ ꢡꢵꢫ꣄,kheel' taay
ꢲꢸꢨ꣄ꢨꢱ꣄ ꢦꣂꢜ꣄,hubbas pot'
ꢨꢾꢣꢶꢬ꣄ꢦꣂꢜ꣄,be'dirpot'
ꢃꢯ꣄꣄ꢗꢬ꣄ꢫꢸ ꢦꣂꢜ꣄,aashcharyu pot'
ꢫꣂꢙꢥꣁ ꢒꢿꢬ꣄,yojano' ker
ꢱꢪꢬ꣄ꢡꢮꢵꢥ꣄ ꢲꣂ,samartavaan ho
ꢅꢥ꣄ ꢒꢿꢬ꣄,een ker
ꢪꢸꢞꢶꢮ꣄ ꢣꢾꢒ꣄ꢒꢶ,mud'iv de'kki
ꢏꢡ꣄ꢡꢵꢱ꣄ ꢒꢿꢬ꣄,o'ttaas ker
ꢨꢶꢱ꣄ꢱꣁ ꢲꣁꢮꢵꢜ꣄,bisso' ho'vaat'
ꢡꢸꢬꢸ ꢤꢿꢬ꣄,turu dher
ꢦꢸꢜ꣄ꢜꣁ ꢡꢵꢫ꣄,put't'o' taay
ꢓꢾꢰ꣄ꢜꢪ꣄ ꢦꣂꢜ꣄,khe'sht'am pot'
ꢗꢾꢞ꣄ꢮꢶ ꢱꣂꢜ꣄,che'd'vi sot'
ꢗꢹꢬ꣄ꢠꢸ ꢒꢿꢬ꣄,choornu ker
ꢱꢥ꣄ꢣꢾꢯ꣄ ꢭꢿ ꢙꢵ,sande'sh le jaa
ꢱꢾꢥ꣄ꢣꢿꢮ꣄ ꢥꢴꢷꢡ꣄ꢡꣁ ꢬꢴꢵ,se'ndev nheetto' rhaa
ꢱꢾꢥ꣄ꢣꢿꢮ꣄ ꢙꢮꢵꢜ꣄,se'ndev javaat'
ꢣꢾꢒ꣄ꢒꢶꢥꢶ ꢦꣂꢜ꣄,de'kkini pot'
ꢦꢙꢾ ꢲꣂ,paje' ho
ꢲꢬꢸꢪ꣄ꢨꢪ꣄ ꢒꢾꢬꢶ ꢢꣁꢮ꣄,harumbam ke'ri tho'v
ꢱꢪ꣄ꢦꢬ꣄ꢒꢸ ꢒꢿꢬ꣄,samparku ker
ꢱꢥ꣄ꢤꢶꢪ꣄ ꢢꣁꢮ꣄ꢭꢿ,sandhim tho'vle
ꢱꢿꢮꣁ ꢒꢿꢬ꣄,sevo' ker
ꢲꢶꢪ꣄ꢱꣁꢒꢿꢬ꣄,himso'ker
ꢥꢵꢯꢥꣁ ꢒꢿꢬ꣄,naashano' ker
ꢏꢞ ꢶꢙꢵ,o'd'a ijaa
ꢏꢞꢞꢶ ꢙꢮꢵꢜ꣄,o'd'ad'i javaat'
ꢲꣂꢬꢸ ꢲꣂꢬ꣄ ꢲꢶꢪ꣄ꢗꣁ ꢒꢿꢬ꣄,horu hor himcho' ker
ꢮꢶꢒ꣄ꢒꢸ ꢕꢵꢭ꣄,vikku ghaal
ꢱꢶꢖ꣄ꢒꢡꢶ ꢒꢾꢬ꣄ꢭꢾ,sinkati ke'rle'
ꢲꢶꢠ꣄ꢞꢶ ꢧꢶꢬꢶꢭꢿꢡ꣄ ꢬꢴꢵ,hind'i phirilet rhaa
ꢗꢭ꣄ꢡ ꢲꣂ,chalta ho
ꢥꣁꢪ꣄ꢒꢾ ꢦꣁꢞꢵꢜ꣄,no'mke' po'd'aat'
ꢥꣁꢪ꣄ꢒꢾ ꢣꢿ,no'mke' de
ꢥꣁꢪ꣄ꢒꢾ ꢢꣂꢮ꣄,no'mke' thov
ꢱ꣄ꢮꢵꢔꢡ꣄ ꢒꢿꢬ꣄,svaagat ker
ꢤꢥ꣄ꢥꢸ ꢱꢖ꣄ꢒꢶ,dhannu sanki
ꢔꢮꢸꢥ꣄ ꢣꢿ,gavun de
ꢥꢬ꣄ꢡꢥꣁ ꢒꢿꢬ꣄,nartano' ker
ꢔꢵꢪ꣄ ꢱꣁꢜꢶꢤꢞ꣄ꢞꢾ,gaam so't'idhad'd'e'
ꢲꢜ꣄ꢮꢥ꣄ ꢒꢾꢬ꣄ꢭꢿ,hat'van ke'rle
ꢲꢜ꣄ꢮꢥ꣄ ꢒꢿꢬ꣄,hat'van ker
ꢔꢪ꣄ꢗꢶ ꢱꢵ,gamchi saa
ꢬꣂꢔꢸꢪ꣄ ꢦꣂꢜ꣄,rogum pot'
ꢏꢔꢡ꣄ꢬꢵ,o'gatraa
ꢮꢜꣁ ꢓꢳ꣄ꢳꢾ,vat'o' khal'l'e'
ꢩꢹꢒ꣄ ꢂꢠ꣄ꢗꢶꢭꢿ,bhook anchile
ꢙꢦ꣄ꢡꣁ ꢒꢿꢬ꣄,japto' ker
ꢃꢒ꣄ꢬꢪꢠꣁ ꢒꢿꢬ꣄,aakramano' ker
ꢒꢬ꣄ꢡꢮ꣄ ꢗꢭ꣄ꢡꣁ ꢒꢿꢬ꣄,kartav chalto' ker
ꢦꢣꢮꢶꢡꣁꢒꢥ꣄ ꢲꢸꢡ꣄ꢬꢵꢜ꣄,padavito'kan hutraat'
ꢦꢣꢮꢶꢱꣁꢞꢶ ꢲꢸꢡ꣄ꢡꢶꢬ꣄,padaviso'd'i huttir
ꢩꢬ꣄ꢡꢶ ꢒꢿꢬ꣄,bharti ker
ꢙꢾꢮꢵꢨ꣄ ꢣꢿ,je'vaab de
ꢗꣁꢞ꣄ꢞꢒꢥꢶ ꢱꢪ꣄ꢗꢫꣁ ꢒꢿꢬ꣄,cho'd'd'akani samchayo' ker
ꢦꣁꢠꢾ ꢩꢥ꣄ꢣꢶ,po'ne' bhandi
ꢦꢶꢬ꣄ꢙꢥꢪ ꣄ꢦꣂꢜ꣄,pirjanama pot'
ꢦꢾꢫꢶꢬ꣄ ꢔꢵꢭ꣄,pe'yir gaal
ꢤꢪꢵꢤꢵꢪ꣄ ꢦꣁꢥ꣄ꢣꢶ,dhamaadhaam po'ndi
ꢦꢬꢶ ꢲꢵꢬ꣄ ꢮꢾꢒ꣄ꢒꢶ,pari haar ve'kki
ꢙꢿꢪ꣄ ꢣꢿ,jem de
ꢦꢵꢬꢶꢡꣂꢱ꣄ ꢣꢿ,paaritos de
ꢩꣁꢔꢸꢪꢵꢥ꣄ ꢣꢾ,bho'gumaan de'
ꢦꢬꢶꢯꢷꢭꢥꣁ ꢒꢿꢬ꣄,parisheelano' ker
ꢦꢬꢶꢡꢵꢦ꣄ ꢦꣂꢜ꣄,paritaap pot'
ꢨꣁꢭꢶ ꢣꢿ,bo'li de
ꢨꣁꢭꢶ ꢓꢵꢜ꣄,bo'li khaat'
ꢦ꣄ꢬꢡꢶ ꢲꢶꢪ꣄ꢱꣁ ꢒꢿꢬ꣄,prati himso' ker
ꢒꣁꢳꢵꢬ꣄ ꢒꢿꢬ꣄,ko'l'aar ker
ꢒꢪ꣄ꢞꢥ꣄ ꢣꢿ,kamd'an de
ꢆꢒ꣄ꢒꢶꢭꢶ ꢙꢵ,ukkili jaa
ꢮꢔꣁ ꢒꢿꢬ꣄,vago' ker
ꢨꢵꢮꢭꣁ ꢒꢿꢬ꣄,baavalo' ker
ꢒꢮꢶꢡꣁ ꢒꢿꢬ꣄,kavito' ker
ꢔꢷꢡ꣄ ꢭꢶꢓꢶ,geet likhi
ꢱ꣄ꢮꢬꢵꢥ꣄ ꢡꢵꢫ꣄,svaraan taay
ꢦꢵꢝꣁ ꢱꢶꢒ꣄ꢒꢵꢜ꣄,paat'ho' sikkaat'
ꢦ꣄ꢬꢗꢵꢬ꣄ ꢒꢿꢬ꣄,prachaar ker
ꢂꢥꢸꢨꢥ꣄ꢤꢸ ꢗꢾꢬ꣄ꢗꢶ,anubandhu che'rchi
ꢨꢷꢞꢠꣁ ꢲꣂ,beed'ano' ho
ꢤꢵꢒ꣄ ꢭꢔꢞ꣄ꢳꢿ,dhaak lagad'l'e
ꢪꣁꢥ꣄ꢥꢸ ꢣꢸꢮ꣄ꢥꣁ ꢒꢿꢬ꣄,mo'nnu duvno' ker
ꢦꢱ꣄ꢒꢜꢸꢪ꣄ ꢮꢡ꣄ꢡ ꢒꢿꢬ꣄,paskat'um vatta ker
ꢥꢴꢥ ꣄ꢲꢱꣁ ꢒꢿꢬ꣄,nhana haso' ker
ꢕꢾꢥꢪ꣄ꢒꢥꢶ ꢲꢜ꣄ꢮꢶꢭꢿ,ghe'namkani hat'vile
ꢪꢴꣁꢜ ꢲꢸꢨ꣄ꢨꢱ꣄ ꢣꢿ,mho't'a hubbas de
ꢪꣂꢭ꣄ꢲꢥꢶ ꢮꢡ꣄ꢡꣁ ꢒꢿꢬ꣄,molhani vatto' ker
ꢦꢶꢱꣁ ꢤꢾꢬꢵꢜ꣄,piso' dhe'raat'
ꢗꣁꢞ꣄ꢞ ꢮꢡ꣄ꢡꣁ ꢒꢿꢬ꣄,cho'd'd'a vatto' ker
ꢏꢬꢤꢵꢥ꣄ꢒꢥꢶ ꢭꢔꢳ꣄ꢳꢿ,o'radhaankani lagal'l'e
ꢨꣂꢣꣂ ꢲꢶꢖ꣄ꢔꢵꢜ꣄,bodo hingaat'
ꢔꢸꢞ꣄ꢒ ꢡꣀꢭꢶ ꢨꢷꢱ꣄,gud'ka taili bees
ꢔꢸꢠ꣄ꢠꢸ ꢥꢶꢬ꣄ꢤꢵꢬꢠꣁ ꢒꢿꢬ꣄,gunnu nirdhaarano' ker
ꢩꢬ꣄ꢡꢶꢒꢿꢬ꣄,bhartiker
ꢙꢾꢮꢵꢦ꣄ ꢒꢿꢬ꣄,je'vaap ker
ꢲꢵꢬ꣄ ꢕꢵꢭ꣄,haar ghaal
ꢪꢸꢞꢶꢮ꣄ ꢲꣂ,mud'iv ho
ꢤꢥ꣄ꢢꣁꢮ꣄,dhantho'v
ꢣꣁꢮ꣄ꢬꣁ ꢦꣂꢜ꣄,do'vro' pot'
ꢱꣁꢪ꣄ꢪꢬ꣄ ꢮꢵꢜ꣄ ꢣꢾꢒ꣄ꢒꢵꢜ꣄,so'mmar vaat' de'kkaat'
ꢪꢶꢛ꣄ꢗꢸꢬ꣄ ꢲꢶꢖ꣄ꢔꢵꢜ꣄,minchur hingaat'
ꢪꢶꢜ꣄ꢜꢬ꣄ ꢲꢶꢖ꣄ꢔꢵꢜ꣄,mit't'ar hingaat'
ꢮꢵꢜ꣄ ꢣꢾꢒ꣄ꢒꢵꢜ꣄,vaat' de'kkaat'
ꢱꣁꢪ꣄ꢪꢬ꣄ ꢙꢵ,so'mmar jaa
ꢦꢸꢙꢾ ꢒꢿꢬ꣄,puje' ker
ꢮꢵꢜ꣄ ꢱꣂꢜ꣄,vaat' sot'
ꢧꢭ꣄ꢭꣁ ꢃꢣꢸꢬ꣄ꢮꣁ ꢣꢿ,phallo' aadurvo' de
ꢂꢥꢸꢱꢬꢶ ꢱꢖ꣄ꢔꢶ,anusari sangi
ꢃ ꢒꢿꢬ꣄,aa ker
ꢡꣂꢠ꣄ ꢦꢾꢱꢵꢮ꣄ꢒꢥꢶ ꢲꢹꢜ꣄,ton pe'saavkani hoot'
ꢲꢵꢜ꣄ ꢱꣂꢜ꣄,haat' sot'
ꢙꢾꢮꢵꢦ꣄ ꢣꢾ,je'vaap de'
ꢮꢶꢱꢵꢭꣁ ꢒꢿꢬ꣄,visaalo' ker
ꢙꢾꢪꢥ꣄ ꢩꢵꢭ꣄,je'man bhaal
ꢮꢾꢔ꣄ ꢒꢾꢬ꣄,ve'g ke'r
ꢂꢭꢔ꣄ꢔ ꢢꣂꢮ꣄,alagga thov
ꢙꢵꢔ꣄ꢬꢡꣁꢦꣁꢞꢜ꣄,jaagrato'po'd'at'
ꢦ꣄ꢬꢱꢸꢬ꣄ ꢲꣂ,prasur ho
ꢦ꣄ꢬꢱꢸꢬ꣄ ꢒꢿꢬ꣄,prasur ker
ꢩꢬꢵꢜ꣄ ꢣꣁꢨ꣄ꢨꢶ,bharaat' do'bbi
ꢲꢹꢡ꣄ꢡꢶꢬ꣄ ꢩꢬꢵꢜ꣄,hoottir bharaat'
ꢙꢷꢔ꣄ ꢦꣁꢥ꣄ꢣꢶ,jeeg po'ndi
ꢃꢮꢿꢯ꣄ ꢦꣁꢞꢵꢜ꣄,aavesh po'd'aat'
ꢣ꣄ꢮꢾꢯ꣄ꢕꢵꢭ꣄,dve'shghaal
ꢮꢿꢜꢵ ꢓꢵꢳ꣄,vet'aa khaal'
ꢩꢾꢡ꣄ ꢲꣂ,bhe't ho
ꢩꢾꢡ꣄ ꢲꣁꢮꢵꢜ꣄,bhe't ho'vaat'
ꢒꢹꢬ꣄ꢪꣁ,koormo'
ꢒꢱ꣄ꢦꣁ,kaspo'
ꢡꢪ꣄ꢨꢭ꣄ꢗꢶꢦ꣄ꢦꣁ,tambalchippo'
ꢓꢾꢱꢸꢭꣁ,khe'sulo'
ꢒꢾꢜ꣄ꢜꢸ ꢱꢵꢦ꣄,ke't't'u saap
ꢱꢪꢸꢣ꣄ꢬꢸ ꢒꢱ꣄ꢦꣁ,samudru kaspo'
ꢱꢵꢬ ꢱꢵꢦ꣄,saara saap
ꢔꢶꢭ꣄ꢒꢵꢫ꣄ꢱꢵꢦ꣄,gilkaaysaap
ꢒꣁꢪ꣄ꢨꢬꢶ ꢱꢵꢦ꣄,ko'mbari saap
ꢱꢷꢦ꣄,seep
ꢩꢹꢒ꣄ ꢱꢾꢥ꣄ꢡꢵ ꢪꢴꢳꢶꢶ,bhook se'ntaa mhal'ii
ꢦꣂꢜꢸ ꢙꢵꢭꢸ ꢪꢴꢳꢶ,pot'u jaalu mhal'i
ꢦꢥꢶꢪ꣄ꢱꢵꢦ꣄,panimsaap
ꢒꢶꢞꢵ ꢱ꣄ꢢꢶꢡꢶ ꢩꢾꢬ꣄ꢒꢶꢭꢶ,kid'aa sthiti bhe'rkili
ꢨꢾꢱ꣄ꢒꢳꢶ,be'skal'i
ꢡꢶꢪꢶꢖ꣄ꢔꢭ꣄,timingal
ꢡꢶꢪꢶꢮꢵꢱꢶ,timivaasi
ꢮꢶꢒ꣄ꢒꢸ ꢣꢵꢡ꣄,vikku daat
ꢮꢶꢒ꣄ꢔꢸ,vikgu
ꢒꢶꢬ꣄ꢮꢶꢭ꣄,kirvil
ꢔꢶꢰ꣄꣄ꢭꣂ,gishlo
ꢥꢥ꣄ꢱꢵꢦ꣄,nansaap
ꢱꣁꢒ꣄ꢒꢜ꣄ ꢱꢵꢦ꣄,so'kkat' saap
ꢦꢥꢶꢪ꣄ ꢱꢸꢥꣁ,panim suno'
ꢦꢥꢶꢪ ꣄ꢎꢱ꣄ꢡꢸ,panima aistu
ꢥꢶꢳ ꢱꢵꢦ꣄,nil'a saap
ꢦꣁꢞ꣄ꢔꢾ,po'd'ge'
ꢡꣁꢖ꣄ꢔꢬꢸ ꢱꢵꢦ꣄,to'ngaru saap
ꢪꢴꢳꢶ,mhal'i
ꢥꢒ꣄ꢬꢸ,nakru
ꢮꢶꢒ꣄ꢒꢸ,vikku
ꢦꢵꢰꢵꢠꣁ,paashaano'
ꢔꢵꢫ꣄,gaay
ꢩꢾꢠ꣄ꢞꢸ,bhe'nd'u
ꢔꢵꢫ꣄ ꢔꣁꢬꢸꢥ꣄,gaay go'run
ꢦꣁꢡꢸꢭꣁ,po'tulo'
ꢩꢾꢫ꣄ꢱ꣄,bhe'ys
ꢩꢾꢫ꣄ꢱꢸ꣄ ꢦꣁꢡꢸꢭꣁ,bhe'ysu po'tulo'
ꢪꢸꢫꢶ. ꢭꣁꢭ꣄ꢦꢣꢾ,muyi. lo'lpade'
ꢕꢾꢣꢞ꣄,ghe'dad'
ꢣꢸꢞꣁ,dud'o'
ꢮꢵꢱꢬ꣄,vaasar
ꢔꣁꢖ꣄ꢔꢸ,go'ngu
ꢔꣁꢬꢸ,go'ru
ꢕꣁꢞꣁ,gho'd'o'
ꢒꢷꢱ꣄,kees
ꢦꣁꢭꢥ꣄ꢔꢸ,po'langu
ꢮꢥ꣄ꢕꢪꢶ,vanghami
ꢪꢴꢾꢞꢶꢩꢾꢠ꣄ꢞꢸ,mhe'd'ibhe'nd'u
ꢕꢾꢣꢞꢕꣁꢞꣁ꣄,ghe'dad'agho'd'o'
ꢱꢸꢥꣁ,suno'
ꢦꣀꢭ꣄ ꢱꢸꢥꣁ,pail suno'
ꢣꢸꢒ꣄ꢒꢬ꣄,dukkar
ꢪꢛ꣄ꢙꢶꢬꢶ,manjiri
ꢲꢬꢶꢥ꣄,harin
ꢪꢺꢔꣁ,mri'go'
ꢪꢹꢔꢸ,moogu
ꢯꢯꣁ,shasho'
ꢓꢸꢥ꣄ꢣꢾꢭ꣄,khunde'l
ꢦꢵꢭꢥ ꢪꢹꢔꢸ,paalana moogu
ꢒꣁꢗ꣄ꢗꢶ ꢱꢸꢥꣁ,ko'chchi suno'
ꢓꢿꢜꢸꢱꢸꢥꣁ,khet'usuno'
ꢗꢶꢡ꣄ꢬꢪꢸꢫꢶ,chitramuyi
ꢆꢒꣁ,uko'
ꢮꢺꢒꣁ꣄,vri'ko'
ꢔꢖ꣄ꢔꢵꢬꢸ,gangaaru
ꢗꢶꢡ꣄ꢬꢮꢵꢔ꣄,chitravaag
ꢩꢭ꣄ꢭꢸ,bhallu
ꢕꢾꢣꢞ꣄ꢮꢵꢔ꣄,ghe'dad'vaag
ꢮꢥꢪꢛ꣄ꢙꢶꢬꢶ,vanamanjiri
ꢮꢥꢪꢹꢔꢸ,vanamoogu
ꢬꢵꢠꢸ ꢩꢾꢫ꣄ꢱ꣄,raanu bhe'ys
ꢥꢥꢡꢸꢬ꣄꣄ ꢓꣁꢭꣁ,nanatur kho'lo'
ꢄꢱ꣄ꢪ꣄ꢪꣁ,ismmo'
ꢱꢶꢪ꣄ꢲꢸ,simhu
ꢡꢬꢒ꣄ꢰꢹ,tarakshoo
ꢓꣁꢭꣁ,kho'lo'
ꢮꢵꢔ꣄,vaag
ꢪꢾꢥꢶꢒꢸ ꢒꢷꢱ꣄,me'niku kees
ꢓꢞꢵ ꢣꢸꢒ꣄ꢒꢬ꣄,khad'aa dukkar
ꢲꣀꢱ꣄ꢡꢸ,haistu
ꢎꢱ꣄ꢡꢸ,aistu
ꢔꢶꢡꢵ ꢕꣁꢞꣁ,gitaa gho'd'o'
ꢯꢾꢬꢶꢬ꣄,she'rir
ꢤꢸꢮꢥ꣄,dhuvan
ꢤꢸꢮꢥꢸ ꢦꢥꢶ,dhuvanu pani
ꢓꢸꢬꢶ,khuri
ꢓꣁꢬ꣄,kho'r
ꢱꢶꢖ꣄ꢔꢸ,singu
ꢯꢾꢠ꣄,she'n
ꢮꢶꢒ꣄ꢒꢸ ꢣꢵꢣ꣄,vikku daad
ꢮꢶꢒ꣄ꢒꢸꢣꢵꢡ꣄,vikkudaat
ꢱꢾꢬ꣄ꢒꢶ,se'rki
ꢪꢵꢥ꣄ꢣꢸꢓꢿꢱ꣄,maandukhes
ꢦꢾꢠ꣄,pe'n
ꢇꢤꣁ,oodho'
ꢦꣁꢡꢸꢮ꣄,po'tuv
ꢬꣂꢪ꣄,rom
ꢭꣁꢞ꣄ꢞꢶ,lo'd'd'i
ꢭꢵꢫꢪ꣄,laayam
ꢦꢸꢱꢶꢞꢶ,pusid'i
ꢔꣁꢮꢡ꣄,go'vat
ꢬꢵꢠꢸ ꢒꣃꢭꣁ,raanu kaulo'
ꢗꢛ꣄ꢗꢸ,chanchu
ꢪꢸꢱ꣄ꢒꢶꢳꢶ,muskil'i
ꢂꢪ꣄ꢱꣁ,amso'
ꢕꢸꢔꢸ,ghugu
ꢆꢭꢸ,ulu
ꢦꢶꢖ꣄ꢔꢸ,pingu
ꢦꢒ꣄ꢰꢶ ꢔꢹ,pakshi goo
ꢬꢙꢒꣃꢭꣁ,rajakaulo'
ꢔꣃꢬꢶ,gauri
ꢣꢶꢰ꣄ꢳꣁ,dishl'o'
ꢬꢪꣁ,ramo'
ꢒꣁꢒꢶꢭ꣄,ko'kil
ꢗꢶꢞꢶ,chid'i
ꢤꢔꣁ,dhago'
ꢦꢛ꣄ꢙꢶꢬꢶ꣄,panjiri
ꢮꢔꣁ,vago'
ꢄꢭꢶ,ili
ꢘꢸꢭꢶ,chhuli
ꢒꢸꢒꢸꢞꢶ,kukud'i
ꢒꢸꢞꢶ,kud'i
ꢒꢸꢒꢸꢞꢶꢦꢶꢭ꣄ꢭꣁ,kukud'ipillo'
ꢦꢶꢖ꣄ꢒꢸꢞꣁ,pinkud'o'
ꢒꢸꢒꢸꢞꣁ,kukud'o'
ꢃꢞꢶ,aad'i
ꢨꢣꢸꢭꣁ,badulo'
ꢮꢶꢱ꣄ꢡꢮ꣄ ꢒꢸꢞꢶ,vistav kud'i
ꢦꢶꢛ꣄ꢘꢾ,pinchhe'
ꢪꢸꢡꢭꣁ,mutalo'
ꢦꢖ꣄ꢓꢸ,pankhu
ꢒꢸꢒ꣄ꢒꢸꢬꣁ,kukkuro'
ꢕꢵꢬꢸ,ghaaru
ꢦꢒ꣄ꢰꢶ,pakshi
ꢒꣃꢣꢸ,kaudu
ꢒꣁꢒ꣄ꢒꢸꢬ꣄ꢒꣀꢭꣁ,ko'kkurkailo'
ꢨꣀꢭ꣄ ꢒꢸꢞꢶ,bail kud'i
ꢪꢴꣂꢬꢶ,mhori
ꢪꢴꣂꢬ꣄,mhor
ꢪꢴꣂꢬꢸ ꢦꢷꢒ꣄,mhoru peek
ꢙꢵꢞꢸ꣄ ꢜꢖ꣄ꢒꢸ ꢦꢒ꣄ꢰꢶ,jaad'u t'anku pakshi
ꢪꢴꢳꢶ ꢜ꣄ꢖꢒꢸꢥꢵꢬ꣄,mhal'i t'ngakunaar
ꢂꢠ꣄ꢞꣁ,and'o'
ꢱꢬꢶꢒꣁ,sariko'
ꢡꢬꢱ꣄ꢮꢶꢥ꣄,tarasvin
ꢡꢬ꣄ꢦꢒ꣄ꢰꢶ,tarpakshi
ꢩꢵꢬꢙꢶ,bhaaraji
ꢏꢔꢸꢭ꣄,o'gul
ꢲꢣ꣄ꢣꢸ,haddu
ꢂꢬ꣄ꢒ꣄ꢫꢵꢭ꣄,arkyaal
ꢂꢖ꣄ꢒꢾ,anke'
ꢮꢷꢱꢪꢞ꣄ꢜꣁ,veesamad't'o'
ꢡꢶꢮ,tiva
ꢱꢶꢭꢶ,sili
ꢱꢣ꣄ꢣꢸꢮꢶꢱꢪ꣄,sadduvisam
ꢱꢸꢥ꣄ꢫ,sunya
ꢱꢸꢥ꣄ꢥꢸ,sunnu
ꢫꣂꢔ꣄,yog
ꢣꢷ,dee
ꢣꢷꢥꢸ,deenu
ꢗꢵꢬꢸ,chaaru
ꢦꢵꢛ꣄ꢗ꣄,paanch
ꢱꣂ,so
ꢱꢵꢢ꣄,saath
ꢃꢝ꣄,aat'h
ꢥꣁꢮ꣄,no'v
ꢮꢶꢒ꣄ꢫꢵꢬ꣄,vikyaar
ꢨꢵꢬ꣄,baar
ꢡꢿꢬ꣄,ter
ꢗꣁꢮꢣ꣄,cho'vad
ꢧꢥ꣄ꢣꢬ꣄,phandar
ꢱꣁꢮꢳ꣄,so'val'
ꢱꢡ꣄ꢡꢬ꣄,sattar
ꢂꢝꢵꢬ꣄,at'haar
ꢏꢒ꣄ꢥꢷꢱ꣄,o'knees
ꢮꢷꢱ꣄,vees
ꢡꢷꢱ꣄,tees
ꢣꢷꢒꢳꢡꢷꢱ꣄,deekal'atees
ꢗꢳꢶꢱ꣄,chal'is
ꢢꢷꢥ꣄ꢒꢳ ꢗꢳꢶꢱ꣄,theenkal'a chal'is
ꢦꣁꢥ꣄ꢥꢵꢱ꣄,po'nnaas
ꢗꢵꢬ꣄ꢒꢳ ꢦꣁꢥ꣄ꢥꢵꢱ꣄,chaarkal'a po'nnaas
ꢱꢵꢜ꣄,saat'
ꢦꢵꢛ꣄ꢗꢳ ꢱꢵꢜ꣄,paanchal'a saat'
ꢱꢷꢬ꣄,seer
ꢱꣂꢒꢳ ꢱꢷꢬ꣄,sokal'a seer
ꢂꢱꢶ,asi
ꢱꢵꢡ꣄ꢒꢳ ꢂꢱꢶ,saatkal'a asi
ꢥꢮꢡ꣄,navat
ꢃꢜ꣄ꢒꢳ ꢥꢮꢡ꣄,aat'kal'a navat
ꢥꣁꢮ꣄ꢮꢳ ꢥꢮꢡ꣄,no'vval'a navat
ꢫꣂꢒꢭ ꢱꣂꢮꢸ,yokala sovu
ꢣꢷꢒꢳ ꢱꣂꢮꢸ,deekal'a sovu
ꢣꢷꢱꣂꢮꢸ,deesovu
ꢢꢷꢥ꣄ꢱꣂꢮꢸ,theensovu
ꢗꢵꢬ꣄ꢱꣂꢮꢸ,chaarsovu
ꢦꢵꢛ꣄ꢗ꣄ ꢱꣂꢮꢸ,paanch sovu
ꢱꣂ ꢱꣂꢮꢸ,so sovu
ꢱꢵꢡ꣄ ꢱꣂꢮꢸ,saat sovu
ꢃꢝ꣄ꢱꣂꢮꢸ,aat'hsovu
ꢥꣁꢮ꣄ ꢱꣂꢮꢸ,no'v sovu
ꢥꣁꢭ꣄ꢒꢳ ꢥꣁꢮ꣄ꢱꣂꢮꢸ,no'lkal'a no'vsovu
ꢱꢱꢬꢸ,sasaru
ꢣꢷꢒꢳ ꢱꢱꢬꢸ,deekal'a sasaru
ꢮꢷꢱ꣄ꢒꢳ ꢱꢱꢬꢸ,veeskal'a sasaru
ꢣꢷꢱꢵꢬ꣄,deesaar
ꢢꢶꢥ꣄ꢱꢵꢬ꣄,thinsaar
ꢗꢵꢬ꣄ ꢱꢵꢬ꣄,chaar saar
ꢦꢵꢛ꣄ꢗ꣄ ꢱꢱꢬ꣄,paanch sasar
ꢱꣂ ꢱꢵꢱꢬ꣄,so saasar
ꢱꢵꢡ꣄ ꢱꢱꢬ꣄,saat sasar
ꢃꢜ꣄ ꢱꢱꢬ꣄,aat' sasar
ꢥꣁꢮ꣄ ꢱꢱꢬ꣄,no'v sasar
ꢣꢾꢱ꣄ ꢱꢱꢬ꣄,de's sasar
ꢭꢾꢒ꣄ꢒꢸ,le'kku
ꢱꣁꢮꢸ ꢱꢱꢬꢸ,so'vu sasaru
ꢒꣂꢜꢶ,kot'i
ꢏꢠ꣄ꢜꢾ,o'nt'e'
ꢧꣀꢭꣁ,phailo'
ꢧꣀꢭꢵꢪ꣄,phailaam
ꢣꢶꢮ꣄ꢮꣁ,divvo'
ꢣꢶꢮꢫꣁ,divayo'
ꢢꢶꢥ꣄ꢱꢵ,thinsaa
ꢣꢶꢥ꣄ꢮꢫꣁ,dinvayo'
ꢗꢬ꣄ꢭꣁ,charlo'
ꢗꢬ꣄ꢮꢫꣁ,charvayo'
ꢦꢮ꣄ꢛ꣄ꢗꣁ,pavncho'
ꢦꢮ꣄ꢛ꣄ꢗꣁꢫꣁ,pavncho'yo'
ꢱꣁꢮ꣄ꢮꣁ,so'vvo'
ꢱꣁꢮ꣄ꢮꢫꣁ,so'vvayo'
ꢱꢡ꣄ꢭꣁ,satlo'
ꢱꢡ꣄ꢮꢫꣁ,satvayo'
ꢂꢜ꣄ꢮ,at'va
ꢂꢜ꣄ꢮꢫꣁ,at'vayo'
ꢥꣁꢮ꣄ꢮ,no'vva
ꢥꣁꢮ꣄ꢮꢫꣁ,no'vvayo'
ꢣꢾꢱ꣄ꢮꢫꣁ,de'svayo'
ꢤꢬ꣄ꢪ ꢦꢸꢱ꣄ꢡꢮ꣄,dharma pustav
ꢤꢬ꣄ꢪꣁ,dharmo'
ꢱꢸꢮꢡ꣄ꢡꢵꢥ꣄,suvattaan
ꢥꢷꢡꢶ ꢆꢒ꣄ꢡꢶꢥ꣄,neeti uktin
ꢗꣁꢒ꣄ ꢮꢵꢗꢸꢥ꣄,cho'k vaachun
ꢤꢾꢬꢸꢪꢸ ꢮꢡ꣄ꢡꢵꢥ꣄,dhe'rumu vattaan
ꢲꢶꢡ ꢮꢵꢗꢸꢥ꣄,hita vaachun
ꢄꢡꢶꢲꢵꢱ꣄,itihaas
ꢱꢛ꣄ꢗꢭꢥꣁ,sanchalano'
ꢱꢵꢲꢶꢡ꣄ꢫꢱꢵꢱ꣄ꢡꢬ꣄,saahityasaastar
ꢂꢭꢖ꣄ꢒꢵꢬꢸ ꢱꢵꢱ꣄ꢡꢬ꣄,alankaaru saastar
ꢱꢵꢲꢶꢡ꣄ꢫꢸ,saahityu
ꢦ꣄ꢬꢾꢪꣁ,pre'mo'
ꢱꢾꢬ ꢤꢪꢶꢥꢶ,se'ra dhamini
ꢱꢲ ꢦꢭꢵꢫꢥꣁ,saha palaayano'
ꢱꢲ ꢔꢪꢥꣁ,saha gamano'
ꢮ꣄ꢫꢵꢓ꣄ꢫꢵꢥ꣄,vyaakhyaan
ꢮꢗꢥ ꢱꣀꢭꢶ,vachana saili
ꢔꢣ꣄ꢫꣁ,gadyo'
ꢡꢵꢞꢶꢦꢵꢥꢸꢥ꣄,taad'ipaanun
ꢮꢶꢫꢵꢱ꣄,viyaas
ꢣꢾꢮꢸ ꢱ꣄ꢡꢶꢡꢶ,de'vu stiti
ꢱꢶꢣ꣄ꢣꢵꢥ꣄ꢤꢸ ꢱꢣꢱ꣄,siddaandhu sadas
ꢪꢠ꣄ꢞꢭ꣄,mand'al
ꢦ꣄ꢬꢾꢮꢸ ꢙꢶꢮ꣄ꢥꢪ꣄,pre'vu jivnam
ꢤꢾꢬꢸꢪꢸ ꢙꢶꢮ꣄ꢥꢪ꣄,dhe'rumu jivnam
ꢂꢤ꣄ꢫꢵꢫꢸ,adhyaayu
ꢱꢬ꣄ꢔꢸ,sargu
ꢪꢲꢵꢒꢵꢮ꣄ꢫꢸ,mahaakaavyu
ꢦꢶꢬꢵꢪꣁ,piraamo'
ꢦꢬꢷꢡꢶ,pareeti
ꢒꢵꢪꣁ,kaamo'
ꢦꣁꢮꢱꢸ ꢒꢵꢭ꣄,po'vasu kaal
ꢍꢱꢸ ꢮꢵꢜ꣄,esu vaat'
ꢥꢵꢫꢒꢶ,naayaki
ꢥꢵꢫꢒꣁ,naayako'
ꢱꢶꢱꢸꢱꢵꢄꢡ꣄ꢫꢸ,sisusaaityu
ꢦꣁꢱ꣄ꢪꢾ,po'sme'
ꢲꢾꢱ꣄ꢫꢪ꣄,he'syam
ꢥꢵꢗꢸꢮꢵꢥ꣄,naachuvaan
ꢱꢶꢳ꣄ꢳꢵ ꢒꢵꢭ꣄,sil'l'aa kaal
ꢲꢶꢪꢳꣁ,himal'o'
ꢲꢶꢪꢸꢱꢸ ꢒꢵꢭ꣄,himusu kaal
ꢣꢵꢥ꣄,daan
ꢱꢪꢱ꣄ꢢꢵꢥ꣄,samasthaan
ꢱꢪ꣄ꢒ꣄ꢯꢾꢦ꣄,samkshe'p
ꢡꢵꢣꢶ,taadi
ꢡꢵꢜꢶ - ꢦꢵꢥꢸ ꢭꢶꢓꢾꢫꣁ,taat'i - paanu likhe'yo'
ꢦꢣ꣄ꢫꣁ,padyo'
ꢒꢮꢶꢡꢵ ꢬꢷꢡꢶ,kavitaa reeti
ꢯꣀꢮꣁ,shaivo'
ꢯꢶꢮ ꢪꢵꢬ꣄ꢔꢸ,shiva maargu
ꢮꢡ꣄ꢡꢵ ꢂꢬ꣄ꢢꢸ,vattaa arthu
ꢦ꣄ꢬꢱꢖ꣄ꢔꢸ,prasangu
ꢩꢵꢰꢠꣁ,bhaashano'
ꢥꢵꢫꢒꢥ꣄,naayakan
ꢗꢭꢥ꣄ꢒꢵꢭ꣄,chalankaal
ꢗꢭ꣄ꢡꢒꢵꢭ꣄,chaltakaal
ꢱ꣄ꢮ ꢗꢬꢶꢡ꣄ꢬꢸ,sva charitru
ꢂꢭꢔ꣄ ꢔꢷꢡꢸꢥ꣄,alag geetun
ꢣꣂꢰ ꢔꢸꢠ ꢮꢶꢪꢬ꣄ꢱꢠꣁ,dosha guna vimarsano'
ꢱꢥ꣄ꢫꢵꢱꢸ ꢂꢗꢵꢬ꣄,sanyaasu achaar
ꢣꢾꢒ꣄ꢯꢸꢠꢸ ꢮꢬꣁ,de'kshunu varo'
ꢪꢥ꣄ꢣ ꢪꢵꢬꢸꢣꣁ,manda maarudo'
ꢱꢖ꣄ꢒꢭꢥꢒꢬ꣄ꢡꣁ,sankalanakarto'
ꢙꢾꢡꣁ ꢗꢾꢬ꣄ꢗꢸꢥꢵꢬ꣄,je'to' che'rchunaar
ꢱꢪ꣄ꢦꢵꢢꢒꣁ,sampaathako'
ꢮꢬ꣄ꢠꢶ,varni
ꢥꢵꢫꢥ꣄ꢪꢵꢬ꣄,naayanmaar
ꢥꢶꢔꢠ꣄ꢜꢸ,nigant'u
ꢤꢾꢬ꣄ꢪꢸ ꢓꢾꢥꢶ,dhe'rmu khe'ni
ꢥꢷꢡꢶ ꢱꢵꢲꢶꢡ꣄ꢫꢸ,neeti saahityu
ꢗꢡꢵꢨ꣄ꢣꢶꢶ,chataabdii
ꢩꢒ꣄ꢡꢶ ꢪꢵꢬ꣄ꢔꢸ,bhakti maargu
ꢩꢵꢔꢸ,bhaagu
ꢮꢡ꣄ꢡꢵꢥꢸ꣄ ꢂꢬ꣄ꢢꢸ,vattaanu arthu
ꢦꢬꢪꢵꢡ꣄ꢪꣁ,paramaatmo'
ꢩꢮ꣄ꢡꢸꢭ꣄,bhavtul
ꢧꣀꢭꢮꢵꢗꢸ,phailavaachu
ꢦ꣄ꢬꢾꢮꢾꢱꢸ ꢮꢵꢗꢸ,pre've'su vaachu
ꢦꢷꢝꢶꢒꣁ,peet'hiko'
ꢮꢳꢸ ꢬꢵꢠ꣄,val'u raan
ꢂꢭꢔ꣄ꢔꣁ,alaggo'
ꢮꢾꢔꢸꢳꣁ,ve'gul'o'
ꢙꢥꢥꣁ,janano'
ꢙꢾꢥ꣄ꢪꢸ ꢧꣁꢳ꣄,je'nmu pho'l'
ꢥꣁꢮꣁ ꢒꢮꢶꢡꣁ,no'vo' kavito'
ꢥꢮꢷꢥ ꢒꢮꢶꢡꣁ,naveena kavito'
ꢥꢹꢡꢥ ꢒꢮꢶꢡꣁ,nootana kavito'
ꢕꢥꢮꢵꢥ꣄,ghanavaan
ꢦꣁꢰꢒꣁ,po'shako'
ꢦꢸꢬꢵꢠꢸ,puraanu
ꢱꢹꢬꢶ,soori
ꢥꢾꢪ ꢱꣁꢞꢶꢥꢶ,ne'ma so'd'ini
ꢒꣃꢒꢶꢒ꣄,kaukik
ꢂꢪ꣄ꢪꢵꢥ꣄,ammaan
ꢱꢥ꣄ꢣꣁꢰ꣄,sando'sh
ꢘꢥ꣄ꢣꢱ꣄,chhandas
ꢩꢵꢮꢬ꣄ꢢꢸ,bhaavarthu
ꢪꢴꣁꢞꢪ꣄,mho'd'am
ꢦꢵꢬꢪ꣄ꢦꢬ꣄ꢫꣁ,paaramparyo'
ꢦꢷꢔꢸ ꢤꢬꢷꢬ꣄,peegu dhareer
ꢡꢸꢞ꣄ꢫꢵꢥꢸ ꢪꢵꢬ꣄ꢔꢸ,tud'yaanu maargu
ꢂꢮꢡꢵꢬꢶꢒꣁ,avataariko'
ꢡꢷꢥ꣄ꢡꢪꢶꢳꢸ ꢱꢵꢲꢶꢡ꣄ꢫꣁ,teentamil'u saahityo'
ꢪꢹꢭ ꢦꢸꢱ꣄ꢡꢮ꣄,moola pustav
ꢂꢜꢸ ꢦꢸꢱ꣄ꢡꢮ꣄,at'u pustav
ꢮꢥꢵꢥ꣄ꢡꢬꢸ ꢤꢬꢷꢬ꣄,vanaantaru dhareer
ꢪꢸꢥꢶ,muni
ꢔꢥꢤꢥꢮꢵꢥ꣄,ganadhanavaan
ꢆꢡ꣄ꢡꢬꢸ ꢮꢬꣁ,uttaru varo'
ꢲꢶꢪꢮꢬꣁ,himavaro'
ꢧꢾꢮ꣄ꢭꢥꢦꢥ꣄,phe'vlanapan
ꢮꣀꢒꢸꢠ꣄ꢜꢸ,vaikunt'u
ꢦꢬꢪ꣄ꢤꢵꢪ꣄,paramdhaam
ꢮꣀꢰ꣄ꢠꢮ ꢪꢵꢬ꣄ꢔꢸ,vaishnava maargu
ꢂꢯꢬꢷꢬꢶ,ashareeri
ꢣꢵꢱꢸꢥ꣄,daasun
ꢂꢩꢶꢰꢿꢒ꣄,abhishek
ꢂꢬ꣄ꢗꢥꣁ,archano'
ꢂꢮ꣄ꢡꢵꢬ꣄,avtaar
ꢃꢱꢶꢰ꣄,aasish
ꢃꢱꢷꢬ꣄ꢮꢵꢡ꣄,aaseervaat
ꢃꢱ꣄ꢬꢪꣁ,aasramo'
ꢣꢿꢮ꣄,dev
ꢩꢔꢮꢵꢥ꣄,bhagavaan
ꢃꢬꢵꢤꢥꣁ,aaraadhano'
ꢣꢮ꣄ꢬꣁ,davro'
ꢪꢥ꣄ꢣꢶꢬ꣄,mandir
ꢃꢡ꣄ꢪꣁ,aatmo'
ꢃꢱ꣄ꢡꢶꢒ꣄,aastik
ꢡꢸꢞꢶꢫꢵꢥꢸ ꢪꢵꢬ꣄ꢔꢸ,tud'iyaanu maargu
ꢲꢶꢥ꣄ꢣꢸ,hindu
ꢣꢿꢮꢸ ꢩꢒ꣄ꢡꢶ,devu bhakti
ꢣꢾꢮ꣄,de'v
ꢅꢯꣁ,eesho'
ꢅꢯ꣄ꢦꢸꢬꢸ,eeshpuru
ꢲꢸꢠ꣄ꢞꢶ,hund'i
ꢱꣂꢩꢵ ꢫꢵꢡ꣄ꢬꣁ,sobhaa yaatro'
ꢬꢒ꣄ꢰꢸꢥꢵꢬ꣄,rakshunaar
ꢔꢬ꣄ꢩ ꢔ꣄ꢒꢺꢲꢪ꣄,garbha gkri'ham
ꢱꢪꢵꢤꢶ,samaadhi
ꢒꢬ꣄ꢦꢸꢬ꣄,karpur
ꢂꢡ꣄ꢡꢶꢪ꣄ꢨꢸꢬ꣄,attimbur
ꢒꢾꢥ꣄ꢫꢵꢱ꣄ꢡꢶꢬꢷ,ke'nyaastiree
ꢒꢵꢠꢶꢒ꣄ꢒꢿ,kaanikke
ꢒꢵꢮꢶꢮꢱ꣄ꢡꢬ꣄,kaavivastar
ꢒꢶꢬꢸꢱ꣄ꢡꢸ ꢪꢵꢬ꣄ꢔꢸ,kirustu maargu
ꢒꢷꢬ꣄ꢡ꣄ꢡꢥꢵꢥ꣄,keerttanaan
ꢒꢸꢭꢣꢿꢮ꣄,kuladev
ꢣꢸꢮꣁ,duvo'
ꢤ꣄ꢮꢙ ꢱ꣄ꢢꢪ꣄ꢨꢸ,dhvaja sthambu
ꢤꢮ꣄ꢬꣁ,dhavro'
ꢱꢶꢬ꣄ꢒꢥ꣄,sirkan
ꢯ꣄꣄ꢬꢶꢔꢥ꣄ꢤꢸ,shrigandhu
ꢱꢥ꣄ꢫꢵꢱ꣄,sanyaas
ꢱꢥ꣄ꢫꢵꢱꢶꢥꢶ,sanyaasini
ꢱꢪꢠ ꢪꢵꢬ꣄ꢔꢸ,samana maargu
ꢤꢾꢬꢸꢪ꣄,dhe'rum
ꢤꢬ꣄ꢪꢸ,dharmu
ꢱꢵꢣꢸ,saadu
ꢱꢵꢨꢥꣁ,saabano'
ꢂꢩꢶꢱꢵꢦ꣄,abhisaap
ꢱꢶꢡ꣄ꢡꢬ꣄,sittar
ꢱꢶꢭꢸꢮꣁ,siluvo'
ꢱꢶꢭꣁ,silo'
ꢱꢶꢭ꣄ꢨꣁ,silbo'
ꢯꢶꢶꢮꣁ,shiivo'
ꢥꢴꢥ꣄ ꢣꢿꢮ꣄,nhan dev
ꢔꢵꢪꢸ ꢣꢿꢮ꣄,gaamu dev
ꢱꢶꢰ꣄ꢫꢵꢥ꣄,sishyaan
ꢬꢸꢣ꣄ꢬꢦꢹꢪꢶ,rudrapoomi
ꢱꢸꢱꢥ꣄ꢣꢾꢱꢸꢥ꣄,susande'sun
ꢱꣀꢮꢪ꣄,saivam
ꢱ꣄ꢮꢬ꣄ꢔꢸ,svargu
ꢛꢵꢥ ꢱ꣄ꢥꢵꢥ꣄,nyaana snaan
ꢡꢦꢱ꣄,tapas
ꢦꣁꢳ꣄ꢳꢶ ꢮꢵꢱꢭ꣄,po'l'l'i vaasal
ꢤꢬ꣄ꢪꢒꢬ꣄ꢡꣁ,dharmakarto'
ꢥ꣄ꢫꢵꢱꢶ,nyaasi
ꢱꢸꢦ꣄ꢬꢩꢵꢡꢸꢪ꣄ ꢣꢾꢮꢸꢒ꣄ ꢲꢸꢞꢞ꣄ꢥꢶ,suprabhaatum de'vuk hud'ad'ni
ꢯ꣄꣄ꢬꢷ ꢦꢵꢣꢪ꣄,shree paadam
ꢱꢪꢵꢬꢵꢤꢥꣁ,samaaraadhano'
ꢣꢱꢭ꣄,dasal
ꢤꢮ꣄ꢬꢵ ꢆꢡ꣄ꢱꢮꢸ,dhavraa utsavu
ꢣꢷꢦꢵꢬꢵꢡꢥꣁ,deepaaraatano'
ꢣꢷꢬ꣄ꢔꢣꢬ꣄ꢱꢶ,deergadarsi
ꢡꢷꢬ꣄ꢢꢸ,teerthu
ꢦ꣄ꢬꢱꢵꢣ꣄,prasaad
ꢨꢥ꣄ꢤꢪ꣄,bandham
ꢪꢾꢞꢵꢡ꣄ꢪꣁ,me'd'aatmo'
ꢦꢸꢠ꣄ꢫꢵꢡ꣄ꢪꣁ,punyaatmo'
ꢣꢠ꣄ꢞꢶ,dand'i
ꢨꣁꢭꢶꢦꢷꢟ꣄,bo'lipeed'h
ꢦꣁꢳ꣄ꢳꢶ,po'l'l'i
ꢦꢵꢦꢶ,paapi
ꢦ꣄ꢬꢒꢵꢬ꣄,prakaar
ꢦ꣄ꢬꢗꢵꢬꢒ꣄,prachaarak
ꢦ꣄ꢬꢵꢡ꣄ꢡꢥꣁ,praattano'
ꢆꢙ꣄ꢮꢵꢮ꣄,ujvaav
ꢦꢸꢠ꣄ꢠꢸ,punnu
ꢦꢸꢙꣁ,pujo'
ꢨꢶꢱꢨ꣄,bisab
ꢪꢲꢵꢬꢱꢥꣁ,mahaarasano'
ꢱꢶꢒ꣄ꢒꢞ꣄ꢠꢵꢬ꣄,sikkad'naar
ꢨꢸꢣ꣄ꢤ ꢪꢵꢬ꣄ꢔꢸ,buddha maargu
ꢪꢝ,mat'ha
ꢕꢾꢠ꣄ꢜꣁ,ghe'nt'o'
ꢪꣁꢥ꣄ꢡꢸꢬ꣄,mo'ntur
ꢣꢷ ꢒ꣄ꢰꣁ ꢓꢳ꣄ꢳꢥ꣄ ꢮꢾꢳ꣄꣄ ꢔꢸꢬꢸ ꢱꢖ꣄ꢔꢱ꣄ꢡꢾ ꢪꣁꢥ꣄ꢡꢸꢬ꣄,dee ksho' khal'l'an ve'l' guru sangaste' mo'ntur
ꢮꢿꢣ꣄,ved
ꢪꢥꢱꢵꢒ꣄ꢰꢶ,manasaakshi
ꢣ꣄ꢬꢵꢮꢶꢞ ꢔ꣄ꢬꢵꢪ꣄ꢫ ꢣꢾꢮ꣄ꢡꣁ,draavid'a graamya de'vto'
ꢪꢾꢬꢶ ꢕꢾꢬ꣄,me'ri ghe'r
ꢪꢵꢬꢶꢫꢪ꣄ꢪꣁ,maariyammo'
ꢱꢵꢪꢶꢫꢵꢬꢸꢥ꣄,saamiyaarun
ꢪꣂꢒ꣄ꢯꢶ,mokshi
ꢪꢸꢒ꣄ꢡꢶ,mukti
ꢬꢾꢡ꣄ꢡꢸ,re'ttu
ꢥꢪꢱ꣄ꢒꢵꢬ꣄,namaskaar
ꢥꢪꢥꣁ,namano'
ꢥꣂꢪ꣄,nom
ꢮꢶꢔ꣄ꢬꢲꢪ꣄,vigraham
ꢦꢵꢦꢮꢶꢪꣂꢗꢥꣁ,paapavimochano'
ꢮꣁꢔꢡ꣄,vo'gat
ꢮꣀꢰ꣄ꢠꢮꢪ꣄,vaishnavam
ꢙꢾꢦꢪ꣄,je'pam
ꢙꢾꢭꢸꢪ꣄,je'lum
ꢲꢵꢙꢶ,haaji
ꢲꢙ꣄ꢙꢸ ꢫꢵꢡ꣄ꢬꣁ ꢒꢾꢬꢾꢱ꣄ꢡꢾꢥꣁ,hajju yaatro' ke're'ste'no'
ꢂꢞ꣄ꢔꢾꢭ꣄,ad'ge'l
ꢒꢾꢣꢸꢬꣁ,ke'duro'
ꢮꢱ꣄ꢡꢬ꣄,vastar
ꢩꢹꢰꢸ,bhooshu
ꢱꣁꢪ꣄ꢪꢸ,so'mmu
ꢗꣁꢮ꣄ꢭꢶ,cho'vli
ꢧꢾꢭꢸ,phe'lu
ꢂꢥ꣄ꢡꢬ꣄ꢮꢵꢱ꣄,antarvaas
ꢏꢞ꣄ꢞꢶꢫꢠꢪ꣄,o'd'd'iyanam
ꢂꢞꢸꢗꣁꢮ꣄ꢭꢶ,ad'ucho'vli
ꢣꣁꢠꣁ,do'no'
ꢘꢵꢱ꣄ꢪꣁ,chhaasmo'
ꢓꢵꢡꢶ,khaati
ꢡꣃꢠꢞ꣄,taunad'
ꢡꢮ꣄ꢠꢣ꣄,tavnad
ꢒꢾꢖ꣄ꢔꢠ꣄,ke'ngan
ꢦꢵꢛ꣄ ꢂꢖ꣄ꢔꢬꣁ,paanj angaro'
ꢒꢸꢖ꣄ꢔꢸꢪ꣄,kungum
ꢦꣁꢖ꣄ꢔꢸꢳꣁ,po'ngul'o'
ꢦꣀꢞꢶ,paid'i
ꢭꢴꣂꢖ꣄ꢔꢸ,lhongu
ꢲꢵꢡꢸꢪꢔꢵ ꢨꣁꢜ꣄ꢞꣁ,haatumagaa bo't'd'o'
ꢒꢸꢛ꣄ꢙꢪ꣄,kunjam
ꢗꣀꢪ꣄ꢨꢜ꣄ꢜꢾ,chaimbat't'e'
ꢔꣁꢬ꣄ꢱꢸꢭ꣄,go'rsul
ꢒꢰ꣄ꢜꢶꢨꣁꢜ꣄ꢜꣁ,kasht'ibo't't'o'
ꢔꣁꢪꢾꢣꢒꢪ꣄,go'me'dakam
ꢂꢖ꣄ꢔ꣄ꢬꣁ,angro'
ꢂꢖ꣄ꢔ꣄ꢬꢵ,angraa
ꢓꣃꢭ꣄ꢜꢶ,khault'i
ꢬꢖ꣄ꢔꢵꢮ꣄,rangaav
ꢣꣁꢠ꣄ꢞꣁ,do'nd'o'
ꢨꢶꢥ꣄ꢣꢸꢭꣁ,bindulo'
ꢭꣁꢭꢵꢒ꣄,lo'laak
ꢪꣁꢛ꣄ꢗꢥꢶ,mo'nchani
ꢗꢸꢗ꣄ꢗꢸꢪ꣄,chuchchum
ꢗꢾꢦꢶꢥꢶ,che'pini
ꢱꣁꢳꣁ,so'l'o'
ꢗꣁꢮ꣄ꢳꢶ,cho'vl'i
ꢣꢥ꣄ꢡꢸ,dantu
ꢆꢰ꣄ꢠꢶꢰꣁ,ushnisho'
ꢗꢾꢪ꣄ꢨꢜ꣄ꢜꢾ,che'mbat't'e'
ꢚꢭ꣄ꢚꢭ꣄,jhaljhal
ꢑꢡꣁ,auto'
ꢨꣁꢜ꣄ꢜꣁ,bo't't'o'
ꢒꢱ꣄ꢥꢶ,kasni
ꢦꢔꢶꢞꢶ,pagid'i
ꢡꣃꢠꢜ꣄,taunat'
ꢩꢹꢰꢠ,bhooshana
ꢥꢶꢭꢣꢾꢫ꣄ꢞ,nilade'yd'a
ꢦꢶꢪ꣄ꢨꢭꢪ꣄,pimbalam
ꢒꣃꢱ꣄,kaus
ꢒꣁꢮ꣄ꢯ꣄,ko'vsh
ꢪꢬꢔꢡꢪ꣄,maragatam
ꢦꣁꢪ꣄ꢳꣁ,po'ml'o'
ꢭꣁꢪ꣄ꢨꢞꢪ꣄,lo'mbad'am
ꢨꢶꢭꢵꢒ꣄,bilaak
ꢦꢸꢰ꣄ꢦꢬꢵꢔꢪ꣄,pushparaagam
ꢨꣀꢙꢪꢵ,baijamaa
ꢦꣃꢒꢳ꣄,paukal'
ꢪꢵꢠꢶꢒ꣄ꢒꢪ꣄,maanikkam
ꢃꢬꢪ꣄,aaram
ꢪꢵꢭꢾ,maale'
ꢦꢵꢛꢶꢪꢸꢣ꣄ꢣꢶ,paanyimuddi
ꢤꣁꢮꢡ꣄,dho'vat
ꢪꣁꢡꢶ,mo'ti
ꢪꢸꢒ꣄ꢒꢸꢬ꣄,mukkur
ꢪꢸꢣ꣄ꢣꢶ,muddi
ꢒꣀꢥ,kaina
ꢒꣀꢥꣁ,kaino'
ꢂꢬꢶꢡ꣄ꢯꢪ꣄,aritsham
ꢚꢸꢖ꣄ꢒꢭ꣄,jhunkal
ꢂꢖ꣄ꢔꢶꢞꢶ,angid'i
ꢒꢸꢣꢵꢖ꣄ꢔꢶꢞꢶ,kudaangid'i
ꢃꢣꢵꢮ꣄,aadaav
ꢌꢥ꣄ꢡꢸꢬ꣄,e'ntur
ꢲꢹꢣꢵꢬ,hoodaara
ꢬꢴꢥꢶ,rhani
ꢔꣁꢱ꣄,go's
ꢥꢶꢱ꣄ꢱꢸꢭ꣄ꢒꣁ,nissulko'
ꢲꢸꢡ꣄ꢬꢵꢮ꣄,hutraav
ꢕꢸꢪ꣄ꢦꢸ,ghumpu
ꢔꣂꢱ꣄,gos
ꢆꢡ꣄ꢬꢮꢵꢣ꣄,utravaad
ꢨꢵꢣ꣄ꢫꢮꢵꢥ꣄,baadyavaan
ꢱꢹꢮꢵꢥ꣄ꢣꢵꢬ꣄,soovaandaar
ꢂꢥ꣄ꢡꢬ꣄ꢒꢬꣁ,antarkaro'
ꢱꢷꢭ꣄ꢒꢪ꣄,seelkam
ꢱꢵꢮꢤꢵꢥ꣄,saavadhaan
ꢌꢭꢪ꣄,e'lam
ꢥꢷꢭꢵꢪ꣄,neelaam
ꢂꢖ꣄ꢔꢶꢞꢶ ꢒꢾꢬꣁ,angid'i ke'ro'
ꢒꢮ꣄ꢭꢶꢥꢶ,kavlini
ꢪꢶꢱ꣄ꢬꢥꣁ,misrano'
ꢣꣁꢨ꣄ꢨꢶꢥꢶ,do'bbini
ꢩꢶꢞ꣄ꢥꢶ,bhid'ni
ꢦꢸꢛ꣄ꢙꣁ,punjo'
ꢒꢦꢶꢥꢶ,kapini
ꢏꢠ꣄ꢜ꣄ꢫꣁꢱ꣄ꢪꣁꢭ꣄,o'nt'yo'smo'l
ꢓꢾꢬꢵꢬꢸꢪꣁꢭ꣄,khe'raarumo'l
ꢒꢵꢱ꣄,kaas
ꢲꢥ꣄ꢥꢮ꣄,hannav
ꢲꢥ꣄ꢥ꣄ꢮꢸꢦꢡ꣄ꢬꢸ,hannvupatru
ꢨꢷꢪꣁ,beemo'
ꢙꢷꢮꢥꢬꢒ꣄ꢰꣁ,jeevanaraksho'
ꢒꢵꢭꢵꢮꢤꢶ,kaalaavadhi
ꢮꢿꢳꢸ ꢱꢪꢵꢦ꣄ꢡꢶ,vel'u samaapti
ꢪꢸꢱꢥ꣄ ꢒꢵꢭ꣄,musan kaal
ꢔꢶꢜ꣄ꢜꢖ꣄ꢔꢶ,git't'angi
ꢒꢸꢜꢶꢭꢸ ꢆꢣ꣄ꢫꣂꢔ꣄,kut'ilu udyog
ꢪꢶꢭꢥ꣄ꢮꢞ꣄ꢞꢶ,milanvad'd'i
ꢮꢬ꣄ꢤꢥꢮ꣄ꢬꢸꢣ꣄ꢤꢶ,vardhanavruddhi
ꢱꢲꢫꣂꢔꢸ ꢱꢖ꣄ꢕꢸ,sahayogu sanghu
ꢲꢵꢡꢸ ꢦꣁꢡꢶ,haatu po'ti
ꢣꢾꢥꢶꢓꢜ꣄ꢠꢶ,de'nikhat'ni
ꢱꣁꢖ꣄ꢔꢵꢪꣂꢭ꣄,so'ngaamol
ꢥ꣄ꢫꢵꢮꢸꢪꣁꢭ꣄,nyaavumo'l
ꢦ꣄ꢬꢡꢶ ꢯꣁꢡ꣄,prati sho't
ꢦ꣄ꢬꢡꢶ ꢱꣁꢮꢸ,prati so'vu
ꢮꢶꢒ꣄ꢒꢥ ꣄ꢢꢵꢪ꣄,vikkana thaam
ꢱꢵꢤꢥ꣄,saadhan
ꢪꢶꢡꢮꢿꢱꢸꢦꢥ꣄,mitavesupan
ꢥꢴꢥ꣄ꢒꢵꢱꢸꢥ꣄,nhankaasun
ꢗꢶꢭ꣄ꢭꢬꢸ ꢩ꣄ꢫꢵꢬ꣄,chillaru bhyaar
ꢥꢴꢥ꣄ ꢦꢬꢶꢪꢵꢠꢸ ꢩ꣄ꢫꢵꢬ꣄,nhan parimaanu bhyaar
ꢮꢶꢯꢿꢰꢸ ꢱꢵꢡ꣄,visheshu saat
ꢪꢾꢜ꣄ ꢱꢵꢡ꣄,me't' saat
ꢮꢶꢯꢿꢰꢸ ꢂꢪ꣄ꢱꢸ,visheshu amsu
ꢥꢴꢥ꣄ꢦꢬꢶꢪꢵꢠꢸ ꢱꢛ꣄ꢗꢫꣁ,nhanparimaanu sanchayo'
ꢥꢴꢥ꣄ ꢆꢬꢵꢮ꣄,nhan uraav
ꢥꢴꢥ꣄ ꢆꢣ꣄ꢫꣁꢔ꣄,nhan udyo'g
ꢗꢷꢜꢸ ꢒꢪ꣄ꢦꢾꢥꢶ,cheet'u kampe'ni
ꢗꢷꢜꢸ ꢱ꣄ꢡꢵꢦꢥꣁ,cheet'u staapano'
ꢒꢬꢥ꣄ꢒ꣄ꢬꢪꣁ,karankramo'
ꢮꢾꢱꢸꢥ꣄,ve'sun
ꢮꢿꢱ꣄,ves
ꢭꢴꢾꢓꢵ ꢱꣁꢤꢥꣁ,lhe'khaa so'dhano'
ꢆꢡ꣄ꢦꢡ꣄ꢡꢶꢒꢾꢬ꣄ꢥꢵꢬ꣄ ꢡꢾꢫꢵꢬ꣄ꢒꢾꢬ꣄ꢥꢵꢬ꣄,utpattike'rnaar te'yaarke'rnaar
ꢆꢡ꣄ꢦꢡ꣄ꢡꢶ,utpatti
ꢒꢬ꣄ꢪꢣꢾꢥꢶ,karmade'ni
ꢆꢣ꣄ꢫꣂꢔꢸ ꢕꢥꣁ,udyogu ghano'
ꢒꢵꢪ꣄ ꢒꢬ꣄ꢡꢵꢥ꣄,kaam kartaan
ꢒꢵꢪ꣄ ꢒꢬ꣄ꢡ꣄ꢡꣁ,kaam kartto'
ꢒꢵꢪ꣄ ꢒꢬ꣄ꢡꢵꢥꢸ ꢱꢖ꣄ꢔꢸ,kaam kartaanu sangu
ꢒꢵꢗꢮꢵꢥꢵ,kaachavaanaa
ꢥꣁꢰ꣄ꢜꢶ,no'sht'i
ꢒꢵꢱꢸ ꢨꢶꢭ꣄ꢭꣁ,kaasu billo'
ꢥꢶꢒꢬ ꢭꢵꢩ꣄,nikara laabh
ꢲꢠ꣄ꢠꢮ꣄,hannav
ꢥꢶꢤꢶ,nidhi
ꢥꢶꢤꢶ ꢏꢬ꣄ꢱꢸ,nidhi o'rsu
ꢥꢶꢬ꣄ꢮꢵꢲꢸ ꢒꢵꢬ꣄ꢫꢵꢭꢫꣁ,nirvaahu kaaryaalayo'
ꢓꢞꢱ꣄ꢡꢾꢥꢸ,khad'aste'nu
ꢮꢮ꣄ꢬꢸꢥꢵꢬ꣄,vavrunaar
ꢥꢸꢔꢸꢥꢵꢬ꣄,nugunaar
ꢩꢵꢔꢱ꣄ꢢꢬ꣄,bhaagasthar
ꢩꢵꢔ꣄,bhaag
ꢗꢹꢗꢶ ꢦꢡ꣄ꢬꢸ,choochi patru
ꢔꢶꢞ꣄ꢞꢖ꣄ꢔꢶ,gid'd'angi
ꢒꢸꢡꣁ,kuto'
ꢦꢡ꣄ꢡꢶꢬꢪ꣄,pattiram
ꢦꢡ꣄ꢡꢶꢬꢪꢸ ꢒꢵꢬ꣄ꢫꢭꢫꣁ,pattiramu kaaryalayo'
ꢗꢶꢱ꣄ꢭꣁ,chislo'
ꢗꢵꢱ꣄ꢭꢵ ꢂꢖ꣄ꢔꢶꢞꢶ,chaaslaa angid'i
ꢒꢵꢨꢥ꣄ꢣꢸ,kaabandu
ꢮꢱ꣄ꢡꢸꢥ꣄,vastun
ꢥꢶꢤꢶꢱꢲꢵꢮ꣄,nidhisahaav
ꢔꢸꢠ꣄ꢠꢸꢲꢷꢥꢸꢮꢱ꣄ꢡꢸꢥ꣄,gunnuheenuvastun
ꢱꣁꢖ꣄ꢒꣁ,so'nko'
ꢂꢭ꣄ꢦ,alpa
ꢩꢬ꣄ꢡꢶꢪꣁ,bhartimo'
ꢯꢿꢰ꣄,shesh
ꢩꢬ꣄ꢡꢶ ꢪꢾꢥꢶꢒ꣄,bharti me'nik
ꢩꢬ꣄ꢡꢶꢮꢵꢥ꣄,bhartivaan
ꢂꢤꢶꢦꢡꢶ,adhipati
ꢥꢶꢮꢿꢰꢠꣁ,niveshano'
ꢃꢲꢡ꣄,aahat
ꢂꢱ꣄ꢒꣁ,asko'
ꢃꢲꢡ꣄ꢩ꣄ꢫꢵꢬ꣄,aahatbhyaar
ꢦ꣄ꢬꢵꢦ꣄ꢡꢶꢦꢡ꣄ꢬꢸ,praaptipatru
ꢦꢵꢮꢡꢶ,paavati
ꢬꢸꢦꢵꢫ꣄,rupaay
ꢪꢸꢭ꣄ꢧꢭꢵꢨ꣄,mulphalaab
ꢩ꣄ꢫꢵꢬ꣄ꢱꢵꢬ꣄,bhyaarsaar
ꢮꢠꢶꢙ꣄,vanij
ꢮꢠꢾ,vane'
ꢩ꣄ꢫꢵꢬꢸꢗꢶꢥ꣄ꢲꢸ,bhyaaruchinhu
ꢩ꣄ꢫꢵꢬꢸ ꢪꢸꢣ꣄ꢬꣁ,bhyaaru mudro'
ꢮ꣄ꢫꢵꢬ꣄,vyaar
ꢥꢶꢤꢶꢡꢔꢶꢥꢶ,nidhitagini
ꢥꢶꢤꢶꢂꢮ꣄ꢥꢶ,nidhiavni
ꢙꣁꢞꢸꢪ꣄ꢦꢸꢭ꣄,jo'd'umpul
ꢱꢪ꣄ꢨꢵꢣꢥꣁ,sambaadano'
ꢓꢞꢾꢪꣁꢭ꣄,khad'e'mo'l
ꢪꣁꢭ꣄,mo'l
ꢮꢶꢮꢬ꣄,vivar
ꢦ꣄ꢬꢡꢶ ꢱꣂꢡꢸ,prati sotu
ꢦ꣄ꢬꢡꢶ ꢱꣂꢮꢸ,prati sovu
ꢦ꣄ꢬꢒꢵꢱꢠꣁ,prakaasano'
ꢮꢶꢒ꣄ꢬꢫꣁ,vikrayo'
ꢮꢶꢒ꣄ꢒꢶꢥꢶ,vikkini
ꢮꢶꢒ꣄ꢒꢥ꣄ꢪꣂꢭ꣄,vikkanmol
ꢮꢶꢥꢶꢫꣁꢔ꣄,viniyo'g
ꢮꢶꢥꢶꢫꣂꢔ꣄ꢒꢾꢬ꣄ꢥꢵꢬꢸꢥ꣄,viniyogke'rnaarun
ꢩꢔ ꣄ꢦꢹꢡꢶꢬ꣄,bhaga pootir
ꢥꢶꢬ꣄ꢤꢵꢬꢶꢡꢒꢵꢭꢶꢒꢫꣁꢙꢥꣁ,nirdhaaritakaalikayo'jano'
ꢱ꣄ꢢꢶꢬ ꢥꢶꢤꢶ ꢢꣁꢮ꣄ꢥꢶ ꢫꣂꢙꢥꣁ,sthira nidhi tho'vni yojano'
ꢂꢖ꣄ꢔꢮꢶꢒꢵꢬꢸꢥ꣄,angavikaarun
ꢯꢵꢬꢷꢬꢶꢒ ꢮꢶꢒꢵꢬꢸꢥ꣄,shaareerika vikaarun
ꢂꢖ꣄ꢔꢲꢷꢥꢸꢥ꣄,angaheenun
ꢥꢹꢥꢯꢬꢷꢬꢶ,noonashareeri
ꢪꢹꢒꣁ,mooko'
ꢪꢹꢓꣁ,mookho'
ꢪꢹꢒꢶ,mooki
ꢏꢬꣁꢣꣁꢭꣁꢮꢵꢥ꣄,o'ro'do'lo'vaan
ꢏꢬꣁꢣꣁꢭꢶꢮꢵꢥ꣄,o'ro'do'livaan
ꢏꢬꣁꢣꣁꢭꢶ,o'ro'do'li
ꢗꢾꢮꢸꢜ꣄,che'vut'
ꢌꢞꣁ,e'd'o'
ꢂꢒ꣄ꢒꢸꢬꣁ,akkuro'
ꢒꢸꢳ꣄ꢳꣁ,kul'l'o'
ꢒꢸꢳ꣄ꢳ꣄ꢶ,kul'l'_i
ꢂꢒ꣄ꢒꢸꢬꢷ,akkuree
ꢂꢥ꣄ꢣꢒꣁ,andako'
ꢔꢸꢜ꣄ꢞꢾ,gut'd'e'
ꢔꢸꢞ꣄ꢞꢶ,gud'd'i
ꢂꢥ꣄ꢣꣁ,ando'
ꢮꢵꢪꢥꢦꢥ꣄,vaamanapan
ꢒꢸꢳ꣄ꢳꢦꢥ꣄,kul'l'apan
ꢮꢵꢪꢥꣁ,vaamano'
ꢒꢸꢳ꣄ꢳꢶ,kul'l'i
ꢒꢹꢥ꣄,koon
ꢮꢔꢸꢠ꣄ꢜꣁꢣꣂꢠ꣄,vagunt'o'don
ꢮꣀꢠ꣄ꢜꢡꣂꢠ꣄,vaint'aton
ꢗꢾꢮ꣄ꢞꢶ,che'vd'i
ꢡꢡ꣄ꢡꢸꢮꣁ,tattuvo'
ꢡꢡ꣄ꢡꢸꢮꢵꢥ꣄,tattuvaan
ꢪꣁꢠ꣄ꢞꢶ,mo'nd'i
ꢔꣁꢞ꣄ꢞꣁ,go'd'd'o'
ꢔꣁꢞ꣄ꢞꢸ,go'd'd'u
ꢪꣁꢞꢪ꣄,mo'd'am
ꢥꢵꢒ꣄ ꢒꢜꢫꢾꢱ꣄ꢡꢾꢥꣁ,naak kat'aye'ste'no'
ꢪꣁꢞ꣄ꢞꢾ,mo'd'd'e'
ꢨꣁꢞꢒ꣄,bo'd'ak
ꢡꢭꢹꢦꣁꢜ꣄ꢜꢭꢸꢮꢵꢥ꣄,taloopo't't'aluvaan
ꢕꢾꢬꢸꢮ꣄ꢒꢥꢶ,ghe'ruvkani
ꢮꢶꢭꢵꢱ꣄ꢒꢥꢶ,vilaaskani
ꢂꢭꢱꣁꢒꢥꢶ,alaso'kani
ꢮꢶꢒꢵꢬ꣄ꢒꢥꢶ,vikaarkani
ꢂꢜꢵꢠ꣄ꢒꢒꢥ꣄,at'aankakan
ꢩꢮ꣄ꢫꢖ꣄ꢒꢥ꣄,bhavyankan
ꢧꢶꢬꢶꢧꢶꢬꢶ,phiriphiri
ꢡꢾꢬ꣄ꢱꢸ,te'rsu
ꢭꢾꢔꢸꢡꣁ,le'guto'
ꢧꢬꢡꢸ,pharatu
ꢧꢬꣁ ꢧꢳ꣄ꢗꣁ,pharo' phal'cho'
ꢲꣁꢭ꣄ꢭꣁ,ho'llo'
ꢧꢭ꣄ꢗꣁ,phalcho'
ꢡꢶꢫꢾꢢꢵꢥꢸꢒ꣄,tiye'thaanuk
ꢡꢶꢫꢾ ꢧꢭ꣄ꢗꣁ,tiye' phalcho'
ꢭꢾꢥ꣄ꢡꣁ,le'nto'
ꢡꢾꢭ꣄ꢫꢒꢲꢵꢭ꣄,te'lyakahaal
ꢂꢬ꣄ꢢꢵꢡ꣄,arthaat
ꢂꢡꢶꢬ꣄ꢰ꣄ꢜꢸꢒꢥꢶ,atirsht'ukani
ꢥꢶꢫꢵꢮ꣄ ꢥꢴꢷꢡꣁ,niyaav nheeto'
ꢬꢪꢵ ꢬꢪꢶ,ramaa rami
ꢆꢥ꣄ꢥ ꢆꢦꢶꢬ꣄ꢒꢥꢶ,unna upirkani
ꢡꣂꢬꢫꢪ꣄ꢒꢥꢶ,torayamkani
ꢡꢾꢒ ꢧꢭ꣄ꢗꣁ,te'ka phalcho'
ꢣꢸꢣꢹꢬ꣄,dudoor
ꢲꢾꢡꢵꢬ꣄ꢡ꣄ꢡꢸꢒꢥ꣄,he'taarttukan
ꢡꢶꢫꢾ ꢦꢭ꣄ꢗꣁ,tiye' palcho'
ꢡꢿ ꢮꢿꢳ꣄,te vel'
ꢡ꣄ꢫꢮꢿꢳ꣄,tyavel'
ꢂꢥ꣄ꢫꢵꢮ꣄ꢒꢥꢶ,anyaavkani
ꢂꢦꢹꢬ꣄ꢦꢸꢒꢥ꣄,apoorpukan
ꢤꢵꢪ꣄ ꢤꢹꢪ꣄ꢒꢥ꣄,dhaam dhoomkan
ꢯꢵꢥ꣄ꢡꢶꢒꢥ꣄,shaantikan
ꢭꢾꢔꢸꢡ꣄ꢡ,le'gutta
ꢡꣁ,to'
ꢗꣁꢒ꣄ꢒꢜ꣄ꢒꢥ꣄,cho'kkat'kan
ꢒꢶꢖ꣄ꢒꢶꢬ꣄ꢥꢶ,kinkirni
ꢲꢣ꣄ꢣꢵꢪꢸꢣ꣄ꢣꢸ,haddaamuddu
ꢪꢴꢣ꣄ꢣꢶꢪ꣄,mhaddim
ꢂꢱꢶꢖ꣄ꢒꢪ꣄ꢒꢥ꣄,asinkamkan
ꢂꢭꢞ꣄ꢱꢶꢫꢪ꣄ꢒꢥ꣄,alad'siyamkan
ꢡꢶꢱꣁ,tiso'
ꢡꢶꢱꢥꢶ,tisani
ꢂꢮ꣄ꢱꢬ꣄ꢒꢥ꣄,avsarkan
ꢱꢶꢖ꣄ꢒꢵꢬ꣄ꢒꢥ꣄,sinkaarkan
ꢙꢞꢒꢥ꣄,jad'akan
ꢤꢶꢣꢮ꣄ꢒꢥ꣄,dhidavkan
ꢣꢾꢛ꣄ꢗꢸꢒꢥ꣄,de'nchukan
ꢦꢶꢬꢿꢒꢥ꣄,pirekan
ꢔꢾꢬꢸꢮ꣄ꢒꢥ꣄,ge'ruvkan
ꢃꢯ꣄ꢗꢬ꣄ꢫꢸꢒꢥ꣄,aashcharyukan
ꢃꢱ꣄ꢡꢒꢥ꣄,aastakan
ꢪꣂꢙꢒꢥꢶ,mojakani
ꢏꢬ꣄ꢱꣁꢬ꣄ꢱꢸꢒꢥꢶ,o'rso'rsukani
ꢣꢷꢬ꣄ꢕꢸꢒꢥꢶ,deerghukani
ꢃꢣꢬꢮ꣄ꢒꢥꢶ,aadaravkani
ꢆꢡ꣄ꢱꢵꢲ꣄ꢒꢥꢶ,utsaahkani
ꢱꢸꢱ꣄ꢡꢶꢒꢥꢶ,sustikani
ꢂꢖ꣄ꢓꢹꢬ꣄ꢒꢥꢶ,ankhoorkani
ꢭꣂꢡ꣄ꢒꢥꢶ,lotkani
ꢗꢪꢤꢵꢥ꣄ꢒꢥꢶ,chamadhaankani
ꢡꣀꢬꢦꣂꢒ꣄,tairapok
ꢪꢴꢣ꣄ꢣꢶꢪꢴꢣ꣄ꢣꢶꢪ꣄,mhaddimhaddim
ꢂꢞ꣄ꢜꢪ꣄ꢒꢥꢶ ꢂꢮ꣄ꢞꢒꢥꢶ,ad't'amkani avd'akani
ꢱꢪ꣄ꢪꢡ꣄ꢒꢥꢶ,sammatkani
ꢗꢾꢬꢶꢒꢥꢶ,che'rikani
ꢄꢱꢒꢥ꣄ ꢌꢭ꣄ꢫꢒꢲꢵꢭ꣄,isakan e'lyakahaal
ꢫꢿꢭꢾꢥ꣄ꢡꢸ,yele'ntu
ꢂꢡ꣄ꢡꣁ,atto'
ꢦ꣄ꢬꢒ꣄ꢬꢸꢡꢶꢒꢥꢶ,prakrutikani
ꢱ꣄ꢮꢩꢵꢮ꣄ꢒꢥꢶ,svabhaavkani
ꢡꢫꢒꢥꢶ,tayakani
ꢬꢲꢱ꣄ꢫꢸꢪ꣄ꢒꢥꢶ,rahasyumkani
ꢣꢶꢮꢫꢾ,divaye'
ꢣꢷꢮꣂꢜ꣄,deevot'
ꢔꣂꢱ꣄ ꢥꢶꢯ꣄ꢯꢸꢭ꣄ꢒꢸꢒꢥꢶ,gos nishshulkukani
ꢲꢭ꣄ꢒꢒꢥꢶ,halkakani
ꢲꢮ꣄ꢭꢒꢥꢶ꣄,havlakani
ꢄꢒ꣄ꢒ,ikka
ꢄꢱꣁ,iso'
ꢄꢱꢥꢶ,isani
ꢲꢸꢡ꣄ꢡꢸꢬꢱ꣄ꢡꢶꢱꣁ,hutturastiso'
ꢲꣂꢜ꣄ꢒꢥꢶ,hot'kani
ꢲꣁꢜ꣄,ho't'
ꢔꢸꢳ꣄ꢳꢾꢒꢥꢶ,gul'l'e'kani
ꢔꢸꢳ꣄ꢳꢾ,gul'l'e'
ꢗꢾꢬ꣄ꢒꢵ ꢗꢾꢬ꣄ꢒꣁ,che'rkaa che'rko'
ꢩꢶꢡ꣄ꢡꢬ꣄,bhittar
ꢩꢶꢡ꣄ꢡꢬꢸꢡꣁꢒꢥ꣄,bhittaruto'kan
ꢡꢾꢥ꣄ꢥꢮꢾꢖ꣄ꢔꢸꢪ꣄,te'nnave'ngum
ꢡꢡ꣄ꢒ꣄ꢰꢠꢪ꣄,tatkshanam
ꢍꢮꢿꢳ꣄,evel'
ꢥꢶꢙꢪ꣄ꢒꢥꢶ ꢱꢾꢡ꣄ꢡꢸꢒꢥꢶ ꢬꢴꢡ꣄ꢡꢤꢵꢥꢸ,nijamkani se'ttukani rhattadhaanu
ꢩꢮ ꢮꢱꢒꢥꢶ ꢩꢵꢮ ꢦꢹꢬ꣄ꢠꢒꢥꢶ,bhava vasakani bhaava poornakani
ꢆꢖ꣄ꢗ,ungcha
ꢆꢖ꣄ꢗꢒꢥꢶ,ungchakani
ꢆꢥ꣄ꢥꢡꢸꢒꢥꢶ,unnatukani
ꢕꢾꢜ꣄ꢜꢶ,ghe't't'i
ꢒꢬꢸꢠꢱꢾꢬꣁ,karunase'ro'
ꢂꢜꢸꢒ꣄ꢒꢥꢶ,at'ukkani
ꢩꢶꢡ꣄ꢡꢬ꣄ꢒꢥꢶ,bhittarkani
ꢩꢶꢱ꣄ꢡꢬ꣄,bhistar
ꢒꢸꢱ꣄ꢒꢶꢥꢶꢒꢥꢶ,kuskinikani
ꢤꢶꢞꢮ꣄ꢒꢥꢶ,dhid'avkani
ꢯ꣄ꢬꢿꢱ꣄ꢲ꣄ꢝꢸꢒꢥꢶ ꢪꢿꢜꢸꢒꢥꢶ,shresht'hukani met'ukani
ꢙꢵꢔ꣄ꢬꢡꢒꢥꢶ,jaagratakani
ꢪꢵꢤ꣄ꢫꢪꢒꢥꢶ,maadhyamakani
ꢞꢪ꣄ꢨꢷꢔꢒꢥꢶ,d'ambeegakani
ꢙꢵꢒ꣄ꢬꢡꣁ ꢙꢵꢒ꣄ꢬꢡꢒꢥꢶ,jaakrato' jaakratakani
ꢱꢵꢮ꣄ꢤꢵꢥ꣄ꢒꢥꢶ,saavdhaankani
ꢮꢾꢡꢸꢬ꣄ꢱꢵꢥꢵꢡ꣄ꢡꢒ꣄,ve'tursaanaattak
ꢡꢶꢬꢔ꣄ꢒꢥꢶ,tiragkani
ꢡꢶꢬꢔ꣄,tirag
ꢱꢵꢥꢸꢬ꣄,saanur
ꢒꢶꢱꢒꢷ,kisakee
ꢒꣂꢥꢒꢷ,konakee
ꢓꣁꢨ꣄ꢨꢶꢪ꣄,kho'bbim
ꢱꢣꢵ,sadaa
ꢙꢵꢳ꣄꣄ꢒꢥꢶ,jaal'kani
ꢭꢴꢾꢕꢸꢮ꣄ꢒꢥꢶ,lhe'ghuvkani
ꢱꢵꢤꢵꢬꢠ꣄ꢒꢥꢶ,saadhaarankani
ꢓꣁꢨ꣄ꢨꢵꢒ꣄,kho'bbaak
ꢲꣁꢫꢾꢡ꣄ꢥꢪꢾꢳ꣄ꢳꢶ ꢲꣁꢫꢾꢡꢶꢥ꣄,ho'ye'tname'l'l'i ho'ye'tin
ꢔꣁꢨ꣄ꢨꢶꢪ꣄,go'bbim
ꢮꢿꢥ꣄ꢒꢥꢶ ꢂꢦꢬꢶꢪꢶꢡ꣄ꢒꢥꢶ,venkani aparimitkani
ꢧꣀꢭꣂꢱ꣄,phailos
ꢪꢸꢭ꣄ꢭꣂꢱ꣄,mullos
ꢬꢪꢵꢬꢪꢶ ꢆꢥ꣄ꢥ ꢆꢦꢶꢬ꣄ꢒꢥꢶ,ramaarami unna upirkani
ꢱꢾꢥ꣄ꢡꢿꢮ꣄ꢒꢥꢶꢱꣁꢪ꣄ꢱꢒꢥꢶ,se'ntevkaniso'msakani
ꢂꢭꢔ꣄ꢔ,alagga
ꢱꢵꢪꢡꢶ,saamati
ꢏꢒ꣄ꢒꢮꢿꢭꢸꢪ꣄,o'kkavelum
ꢓꣁꢨ꣄ꢨꢶꢪ꣄ꢥꢴꢷ,kho'bbimnhee
ꢏꢒ꣄ꢒꢥꢶ,o'kkani
ꢏꢒꢮꢿꢭ꣄,o'kavel
ꢒꢶꢱꢒꢶ,kisaki
ꢐꢒ꣄ꢒꢥ꣄,okkan
ꢂꢭꢔ꣄ꢔ ꢂꢭꢔ꣄ꢔꢒꢥꢶꢐꢒꣂꢒ꣄ꢙꢥꢒꢥꢶ,alagga alaggakaniokokjanakani
ꢐꢒꣂꢒ꣄ꢒꢥꢶꢐꢒꣂꢒ꣄ꢫꢒꢥꢶ,okokkaniokokyakani
ꢒꢶꢬꢪꢖ꣄ꢒꢥ꣄,kiramankan
ꢒꢶꢬꢪꢪ꣄,kiramam
ꢮꢶꢱ꣄ꢬꢵꢥ꣄ꢡꢶꢒꢥ꣄,visraantikan
ꢐꢬ꣄ꢡꢒꢥ꣄,ortakan
ꢒꣁꢜꢸꢒ꣄ꢒꢥ꣄,ko't'ukkan
ꢡꢶꢗ꣄ꢗꢥ꣄ꢒꢥꢶ,tichchankani
ꢭꣂꢩꢶꢒꢥ꣄,lobhikan
ꢥꢶꢯ꣄꣄ꢗꢫꢸꢒꢥꢶ,nishchayukani
ꢕꢾꢜ꣄ꢜꢶꢒꢥꢶ,ghe't't'ikani
ꢤꢶꢬꢸꢞꢔꢵꢡ꣄ꢬꢸꢒꢥꢶ,dhirud'agaatrukani
ꢱꢥꢶꢪ꣄,sanim
ꢓꢾꢜꢶꢥ꣄,khe't'in
ꢓꢾꢜꢶꢥ꣄ꢒꢥꢶ,khe't'inkani
ꢱꢾꢡ꣄ꢭꢒꢥꢶ,se'tlakani
ꢂꢥ꣄ꢡꢶꢪꢒꢥꢶ,antimakani
ꢓꢠ꣄ꢞꢶꢦ꣄ꢒꢥꢶ,khand'ipkani
ꢣꣁꢳꣁ ꢚꢫ꣄ꢭꢶ,do'l'o' jhayli
ꢔꢵꢪ꣄ꢨꢷꢬ꣄ꢒꢥꢶ,gaambeerkani
ꢒꢾꢬꢸꢮ꣄ꢒꢥꢶ,ke'ruvkani
ꢒꢵꢳ,kaal'a
ꢮꢾꢞꢶꢒ꣄ꢒꢥꢶ,ve'd'ikkani
ꢃꢒꢬ꣄ꢰꢠꢒꢥꢶ,aakarshanakani
ꢮꢶꢗꢵꢬ꣄ꢒꢥꢶ,vichaarkani
ꢂꢙꢵꢒ꣄ꢬꢡꢒꢥꢶ,ajaakratakani
ꢙꢵꢒ꣄ꢬꢡꢒꢥꢶ,jaakratakani
ꢩꢵꢬ꣄ꢒꢥꢶ,bhaarkani
ꢔꢿꢭꢶꢒꢥꢶ ꢥꢒ꣄ꢒꢭ꣄ꢒꢥꢶ,gelikani nakkalkani
ꢂꢞꢸꢒ꣄,ad'uk
ꢱꣂꢥ꣄ꢡꣂꢰ꣄ꢒꢥ꣄,sontoshkan
ꢔꢸꢪ꣄ꢦꢸꢒꢥꢶ,gumpukani
ꢱꢖ꣄ꢗꢭꢒꢥꢶ,sangchalakani
ꢱ꣄ꢭꢭꢒꢥꢶ,slalakani
ꢮꢶꢱꢿꢰ꣄ꢒꢥꢶ,viseshkani
ꢂꢞ꣄ꢞꢪ꣄ ꢂꢞ꣄ꢞꢪ꣄ꢒꢥꢶ,ad'd'am ad'd'amkani
ꢂꢞ꣄ꢞꢪ꣄ ꢣꢶꢞ꣄ꢞꢪ꣄ꢒꢥꢶ,ad'd'am did'd'amkani
ꢂꢞ꣄ꢞꢪ꣄,ad'd'am
ꢂꢒ꣄ꢬꢒꢥꢶ,akrakani
ꢱꢿꢰ꣄ꢜꢒꢥꢶ,sesht'akani
ꢮꢶꢰꢪꢖ꣄ꢒꢥꢶ,vishamankani
ꢆꢥ꣄ꢥꢒꢥꢶꢭꢿꢱ꣄ꢒꢥꢶꢏꢳ꣄ꢜꢒꢥꢶ,unnakanileskanio'l't'akani
ꢗꢾꢬꢶ,che'ri
ꢮꢿꢥ꣄ꢒꢥ꣄ꢆꢦꢬꢶꢒꢥꢶꢲꣁꢭ꣄ꢭꢒꢥꢶ,venkanuparikaniho'llakani
ꢓꢹꢬ꣄ꢒꢥꢶ,khoorkani
ꢓꢿꢭ꣄ꢒꢥꢶ,khelkani
ꢥꢷꢗꢒꢥꢶ,neechakani
ꢒꢸꢬꢹꢬ꣄ꢒꢥꢶ,kuroorkani
ꢮꢒꢸꢠ꣄ꢜ ꢮꢒꢸꢠ꣄ꢜ꣄ꢒꢥꢶ,vakunt'a vakunt'kani
ꢬꢵꢒ꣄ꢒꢥꢶ,raakkani
ꢱꢲꢙꢪ꣄ꢒꢥꢶ,sahajamkani
ꢱꢖ꣄ꢒꢜꢪ꣄ꢒꢥꢶ,sankat'amkani
ꢬꢾꢗ꣄ꢗꢒꢥꢶ ꢱꢾꢡ꣄ꢣꢸꢒꢥꢶꢩꢮꢜ꣄ꢒꢥꢶ,re'chchakani se'tdukanibhavat'kani
ꢱꢪ꣄ꢦ꣄ꢬꢣꢵꢫꢪ꣄ꢒꢥꢶ ꢬꢹꢟꢶꢒꢥꢶꢮ꣄ꢫꢵꢮꢲꢵꢬꢶꢒ꣄ꢒꢥꢶ,sampradaayamkani rood'hikanivyaavahaarikkani
ꢱꢪꢪ꣄ꢒꢥꢶ,samamkani
ꢱꢾꢬ꣄ꢒꢒꢥꢶ,se'rkakani
ꢗꢾꢬ꣄ꢒꢒꢥꢶ,che'rkakani
ꢮꢶꢬꢱꢡꢒꢥꢶ,virasatakani
ꢙꢵꢞꢪꢵꢞ꣄ꢒꢥꢶ,jaad'amaad'kani
ꢱꢪꢬ꣄꣄ꢡꢸꢒꢥꢶ,samartukani
ꢙꢶꢬ꣄ꢒꢶ,jirki
ꢱꢵꢒ꣄ꢰꢶꢒꢥꢶ,saakshikani
ꢆꢥ꣄ꢥꢮꢿꢱ꣄ꢒꢥꢶ,unnaveskani
ꢗꢶꢞꢸꢗꢶꢞꢸꢒꢥꢶ,chid'uchid'ukani
ꢢꢾꢮ꣄ꢜꢒꢕꢾꢞꢶ,the'vt'akaghe'd'i
ꢢꢾꢮ꣄ꢜꢮꢿꢳ꣄,the'vt'avel'
ꢮꢶꢯꢿꢰ꣄ꢒꢥꢶ,visheshkani
ꢥꢴꢥ꣄ꢥꢒꢥꢶ,nhannakani
ꢬꢮ꣄ꢬꢮꢒꢥꢶ ꢬꢸꢮ꣄ꢮꢬꢸꢮ꣄ꢮꢒꢥꢶ,ravravakani ruvvaruvvakani
ꢭꢵꢕꢮ꣄ꢒꢥꢶ ꢱꢸꢓꢪ꣄ꢒꢥꢶ ꢱꢸꢓꢸꢒꢥꢶ,laaghavkani sukhamkani sukhukani
ꢱꢸꢞ꣄ꢤꢶꢒꢥꢶ,sud'dhikani
ꢱ꣄ꢮꢡꢥ꣄ꢡ꣄ꢬꢸꢒꢥꢶ,svatantrukani
ꢦꢬ꣄ꢮꢥꢴꢶꢡ꣄ꢡꣁ,parvanhitto'
ꢱꢪ꣄ꢒ꣄ꢰꢾꢦ꣄ꢒꢥꢶ,samkshe'pkani
ꢬꢱꢥꣁꢒ,rasano'ka
ꢬꢸꢗ꣄ꢗꢶꢒꢥꢶ,ruchchikani
ꢗꢸꢜ꣄ꢜꢸꢪꢸꢜ꣄ꢜꢸꢒꢥꢶ,chut't'umut't'ukani
ꢚꢸꢜ꣄ꢜꢶꢒꢥꢶ,jhut't'ikani
ꢲꢸꢥ꣄ꢥꢒꢥꢶ,hunnakani
ꢗꢸꢣ꣄ꢤꢶꢒꢥꢶ ꢗꣁꢒ꣄ꢒꢜ꣄ꢒꢥꢶ,chuddhikani cho'kkat'kani
ꢂꢦ꣄ꢬꢒ꣄ꢬꢸꢡꢶꢒꢥꢶ ꢒ꣄ꢬꢸꢡꢶꢪꢒꢥꢶ,aprakrutikani krutimakani
ꢣꢾꢛ꣄ꢗꢸꢒꢥꢶ ꢙꢵꢞꢒꢥꢶ,de'nchukani jaad'akani
ꢂꢭꢱꢒꢥꢶ,alasakani
ꢯꢷꢥ꣄ꢒꢥꢶ,sheenkani
ꢱꣃꢬꢶꢫꢪ꣄ꢒꢥꢶ,sauriyamkani
ꢦꢵꢡ꣄ꢬꢡꢒꢥꢶ,paatratakani
ꢂꢪ꣄ꢒꢫꢒꢥꢶ ꢱꢪꢣꢳꢒꢥꢶ,amkayakani samadal'akani
ꢂꢮ꣄ꢞꢒ ꢂꢞ꣄ꢞꢶꢒꢥꢶ,avd'aka ad'd'ikani
ꢂꢠ꣄ꢗꢶꢭꢶ,anchili
ꢂꢥꢸꢒꢹꢭ꣄ꢒ,anukoolka
ꢡꢫꢵꢬ꣄ꢒꢥꢶ,tayaarkani
ꢣꣁꢱ꣄ꢒꢓꢵꢭ꣄,do'skakhaal
ꢭꢸꢒ꣄ꢒꢶꢭꢶ,lukkili
ꢗꢹꢒ꣄ꢒꢥꢶ,chookkani
ꢪꢥ꣄ꢡꢸꢒꢥꢶ,mantukani
ꢤꢶꢭ꣄ꢭꢱꣁꢜ꣄ꢭꢶ ꢤꢶꢭ꣄ꢭꢒꢥꢶ,dhillaso't'li dhillakani
ꢂꢡ꣄ꢡꢵꢒ꣄,attaak
ꢂꢡ꣄ꢡꢵꢒ꣄ ꢒꣁꢡ꣄ꢡꢶ,attaak ko'tti
ꢡꢡ꣄ꢒꢵꢭ꣄ꢒꢥꢶ,tatkaalkani
ꢲꢾꢡꢵꢬ꣄ꢡꢸꢒꢥꢶ,he'taartukani
ꢂꢒꢱ꣄ꢪꢵꢡ꣄ꢒꢥꢶ,akasmaatkani
ꢦꢾꢣ꣄ꢣꢾꢒ,pe'dde'ka
ꢍꢒꢵꢥ꣄ꢡꢸꢒꣁ,ekaantuko'
ꢡꢾꢔꢵꢪ꣄ꢡꢾꢥꣁ,te'gaamte'no'
ꢔꢸꢠ꣄ꢤꢵꢥꢸꢒ꣄,gundhaanuk
ꢂꢭꢔ꣄ꢔꢭꢔ꣄ꢔ,alaggalagga
ꢍꢒꢵꢥ꣄ꢡꢸꢒꢥ꣄,ekaantukan
ꢡꢪꢱ꣄ꢒ,tamaska
ꢤꢾꢬꢳꢪ꣄ꢒ,dhe'ral'amka
ꢩꢮ꣄ꢫꢪ꣄ꢒ,bhavyamka
ꢓꢵꢭ꣄ꢒ,khaalka
ꢂꢨ꣄ꢨꢾꢨ꣄ꢨꢾꢤꢵꢥꢸꢒ꣄,abbe'bbe'dhaanuk
ꢡ꣄ꢫꢿꢒꢵꢥꢶ,tyekaani
ꢗꣁꢞ꣄ꢞꢦ꣄ꢦꢥ꣄ꢒꢥꢶ,cho'd'd'appankani
ꢡꢶꢬꢸꢦ꣄ꢡꢶꢒꢥꢶ,tiruptikani
ꢧꢶꢬꢶ,phiri
ꢱꢪꢬ꣄ꢡꢸꢒꢥꢶ,samartukani
ꢥꢶꢗ꣄ꢗꢸ,nichchu
ꢱ꣄ꢡꢶꢬꢪ꣄ꢒꢾꢬꢾ,stiramke're'
ꢓꢸꢞꢾꢩꢙ꣄ꢙꢶꢒ,khud'e'bhajjika
ꢒꢸꢜ꣄ꢒ ꢒꢸꢜ꣄ꢒꢒꢥꢶ,kut'ka kut'kakani
ꢤꣀꢬ꣄ꢫꢸꢱꢾꢥ꣄ꢡꣁ,dhairyuse'nto'
ꢱꢸꢣ꣄ꢣꢶꢒꢥꢶ,suddikani
ꢣꢸꢬ꣄ ꢣꢶꢰ꣄ꢜꢸ꣄ꢒꢥꢶ,dur disht'ukani
ꢒꢭꢵꢥꢵꢡ꣄ꢡꣁ,kalaanaatto'
ꢡꢾꢭꢶꢮ꣄ꢒꢥꢶ ꢱ꣄ꢦꢰ꣄ꢜꢸꢒꢥꢶ,te'livkani spasht'ukani
ꢦꢙꢾ ꢒꣁꢣ꣄ꢣꢶ,paje' ko'ddi
ꢤꣀꢬ꣄ꢫꢸꢒꢥꢶ,dhairyukani
ꢡꣁꢬꢠ꣄ꢒ,to'ranka
ꢡꢾꢔ ꢢꢾꢬꢶ ꢡꢾꢭ꣄ꢫꢾꢒ ꢤꢾꢬꢶ,te'ga the'ri te'lye'ka dhe'ri
ꢆꢜ꣄ꢗꢫ꣄ꢭꢶ,ut'chayli
ꢣꢸꢣꢹꢬꢸꢪ꣄,dudoorum
ꢂꢥ꣄ꢣꢵꢱ꣄,andaas
ꢪꢴꢣ꣄ꢤꢶꢪꢪ꣄,mhaddhimam
ꢪꢴꢚꢵꢬ꣄,mhajhaar
ꢩꢶꢠ꣄ꢞꢶꢭꢶꢒꢶꢥ꣄,bhind'ilikin
ꢥꣁꢪ꣄ꢒꢾꢒꢥ꣄,no'mke'kan
ꢗꣁꢒ꣄ꢒꢜ꣄ꢮꢿꢳ꣄꣄ꢒꢥ꣄,cho'kkat'vel'kan
ꢱꢮ꣄ꢬꢶꢫꢪ꣄ꢒꢥꢶ,savriyamkani
ꢂꢤꢶꢥꢵꢔꢬꢷꢒ꣄ꢒꢥꢶ,adhinaagareekkani
ꢩꣁꢔꢸꢪꢵꢥ꣄ꢒꢥꢶ,bho'gumaankani
ꢗꣁꢒ꣄ꢒꢞ꣄ꢤꢵꢥꢸ,cho'kkad'dhaanu
ꢱꢡ꣄ꢩꢵꢮ꣄ꢒ,satbhaavka
ꢱꢶꢡ꣄ꢬꢪ꣄ꢒ ꢥꢶꢯ꣄ꢗꢫꢸꢒꢥꢶ,sitramka nishchayukani
ꢯꢵꢥ꣄ꢡꢶꢒ,shaantika
ꢱ꣄ꢡꢶꢬꢪ꣄ꢒ ꢥꢶꢬꢥ꣄ꢡꢬ꣄ꢒꢥꢶ ꢓꣁꢨ꣄ꢨꢶꢪ꣄,stiramka nirantarkani kho'bbim
ꢱ꣄ꢡꢶꢬꢪ꣄ꢒ,stiramka
ꢡꢶꢬꢸꢦ꣄ꢡꢶꢒ,tiruptika
ꢲꢜ꣄ꢮꢥ꣄ꢒ,hat'vanka
ꢙꢡꣁ,jato'
ꢭꢪ꣄ꢨꢸꢬꢸꢪ꣄,lamburum
ꢭꢪ꣄ꢨꢸꢒ,lambuka
ꢱꢹꢜ꣄ꢒ꣄ꢰꢸꢪꢒ,soot'kshumaka
ꢱꢸꢒ꣄ꢰꢸꢪꣁ,sukshumo'
ꢭꢪ꣄ꢨꢸ,lambu
ꢚꢸꢒ꣄ꢒꢸꢕꢾꢞꢶ,jhukkughe'd'i
ꢭꢾꢔꢸꢡ꣄ꢡꢒꢥꢶ,le'guttakani
ꢗꣁꢒ꣄ꢒꢜ꣄ꢒꢥꢶ,cho'kkat'kani
ꢡꣁꢠꢵꢡꣂꢠ꣄,to'naaton
ꢱꢾꢙ꣄ꢙ,se'jja
ꢭꢾꢔꢸꢡ꣄ꢡꣁ,le'gutto'
ꢱꢾꢙ꣄ꢙꢒꢥꢶ,se'jjakani
ꢮꢜꣁꢒꢥꢶ,vat'o'kani
ꢲꣁꢬꢸꢲꣁꢬꢸ,ho'ruho'ru
ꢂꢠ꣄ꢒꢒ,ankaka
ꢩꣁꢣ꣄ꢬꢪ꣄ꢒꢥꢶ,bho'dramkani
ꢲꢭ꣄ꢭꢸꢒ,halluka
ꢦꣁꢣꢪ꣄ꢒ,po'damka
ꢃꢭ꣄ꢭꢜ꣄ꢒꢥꢶ,aallat'kani
ꢨꣁꢣꢸꢭꢸꢒ꣄,bo'duluk
ꢤꢵꢒ꣄ꢱꢾꢥ꣄ꢡꣁ,dhaakse'nto'
ꢤꢵꢒ꣄ꢒꢥꢶ,dhaakkani
ꢡꢾꢭ꣄ꢫꢒꢲꢵꢭ꣄ ꢡꢾꢭ꣄ꢫꢒꢭꢾꢥ꣄ꢡꢸ,te'lyakahaal te'lyakale'ntu
ꢆꢦꢫꣁꢔ꣄ꢒꢥ꣄ ꢦ꣄ꢬꢫꣂꢙꢥꢒꢥꢶ,upayo'gkan prayojanakani
ꢦꢾꢬ꣄ꢦꢫꢶ,pe'rpayi
ꢦꢬꢶꢲꢵꢱ꣄ꢒꢥꢶ,parihaaskani
ꢦꢬꢶꢡꢵꢦ꣄ꢒꢥꢶ,paritaapkani
ꢨꢭ꣄ꢮꢥ꣄ꢣꢸꢒꢥꢶ,balvandukani
ꢨꢭꢲꢷꢥ꣄ꢒꢥꢶ꣄,balaheenkani
ꢨꣁꢭꢶꢒꢥꢶ,bo'likani
ꢪꢾꢥꢶꢒꢸꢦꢥ꣄ ꢥꢴꢷꢡ꣄ꢡꣁ,me'nikupan nheetto'
ꢪꢾꢬ꣄ꢱꢶꢭꢶ,me'rsili
ꢦ꣄ꢬꢡꢶꢒꢹꢭ꣄ꢒꢥꢶ,pratikoolkani
ꢲꢣ꣄ꢣꢾꢒꢥꢶ,hadde'kani
ꢦꢵꢮ꣄ꢒꢥ,paavkana
ꢶ ꢦꢵꢦ꣄ꢒꢥꢶ,i paapkani
ꢦ꣄ꢬꢿꢮ꣄ꢒꢥꢶ,prevkani
ꢧꢭ꣄ꢭꣁ,phallo'
ꢦꢱ꣄ꢒꢜ꣄,paskat'
ꢦꢱ꣄ꢒꢜ꣄ꢒꢥꢶ,paskat'kani
ꢂꢣꢶꢥꣁꢮ,adino'va
ꢥꣁꢮꢥꣁꢮꢒꢥꢶ,no'vano'vakani
ꢮꢶꢮꢬ꣄ꢒꢥꢶ,vivarkani
ꢥꣁꢮꢫꣁ,no'vayo'
ꢥꣁꢮꢫꢒꢥꢶ,no'vayakani
ꢚꢥ꣄ꢙꢹꢒꢥꢶ,jhanyookani
ꢂꢪ꣄ꢨꢜ꣄ꢒꢥꢶ,ambat'kani
ꢡ꣄ꢫꢾꢙꢡꣁ,tye'jato'
ꢦꢸꢥꢶꢣꢸꢲꣁꢫꢾ,puniduho'ye'
ꢪꢴꣁꢜ꣄ꢜꢒꢥꢶ,mho't't'akani
ꢚꢸꢒꢸꢔ,jhukuga
ꢕꢾꢥꢪ꣄ꢒꢥꢶ,ghe'namkani
ꢲꢭ꣄ꢭꢸꢒꢥꢶ,hallukani
ꢪꢶꢡ꣄ꢡꢸꢒꢥꢶ,mittukani
ꢥꢶꢪꢶꢡ꣄ꢡꢸ,nimittu
ꢒꢸꢬ꣄ꢗꢶ,kurchi
ꢡꢒꢾꢤꢵꢥꢸ,take'dhaanu
ꢧꢸꢬꢱ꣄ꢡꢶꢱꣁ,phurastiso'
ꢥꢒꢭꢶꢒꢥꢶ,nakalikani
ꢱꣁꢥ꣄ꢡꣂꢰ꣄ꢒꢥꢶ,so'ntoshkani
ꢪꢔ꣄ꢔꢸꢥꢒꢥꢶ,maggunakani
ꢪꢹꢬ꣄ꢓꢸꢒꢥꢶ. ꢪꢴꢸꢜꢒꢥꢶ,moorkhukani. mhut'akani
ꢪꢵꢡ꣄ꢬ,maatra
ꢒꣁꢣ꣄ꢣꢶ,ko'ddi
ꢪꢥ꣄ꢣꢪ꣄ꢒꢥ꣄,mandamkan
ꢦ꣄ꢬꢒꢵꢰ꣄ꢥꢴꢷꢡ꣄ꢡꣁ,prakaashnheetto'
ꢦ꣄ꢬꢒꢵꢰ꣄ꢮꢶꢥꢵ,prakaashvinaa
ꢱꣁꢖ꣄ꢔꢒꢥꢶ,so'ngakani
ꢪꣂꢭ꣄ ꢆꢥ꣄ꢥꢒꢥꢶ,mol unnakani
ꢮꢶꢱ꣄ꢬꢳ꣄ꢳꢶꢶꢒꢶꢥ꣄,visral'l'iikin
ꢚꢒꢶꢭꢶ,jhakili
ꢪꣁꢥ꣄ꢥꢸꢙꢥꢶ,mo'nnujani
ꢩꣁꢬꢾꢪꣁꢥ꣄ꢥꢸ,bho're'mo'nnu
ꢪꢴꢞꢜꢪꢴꢞꢵꢒ꣄,mhad'at'amhad'aak
ꢪꢱꢹꢣꢶ,masoodi
ꢩꢬ꣄ꢡꢶꢒ꣄,bhartik
ꢮꢶꢬꣂꢤ꣄꣄ꢒꢥꢶ,virodhkani
ꢆꢦꢶꢬ꣄ꢒꢥꢶ,upirkani
ꢡꢷ ꢙꢡꣁ,tee jato'
ꢤꢒ꣄ꢒꢞꢶ,dhakkad'i
ꢪꢸꢕ꣄ꢫꢪ꣄ꢒꢥꢶ,mughyamkani
ꢂꢥ꣄ꢡꢸꢒꢥꢶ,antukani
ꢱꢾꢡ꣄ꢭꣁ,se'tlo'
ꢧꣀꢭꢮꢔꢥꢶ,phailavagani
ꢪꢸꢭ꣄ꢭꣁ ꢪꢸꢭ꣄ꢭꣁ,mullo' mullo'
ꢧꣀꢭꢒꢥꢶ,phailakani
ꢦ꣄ꢬꢵꢬꢪ꣄ꢨꢒꢥꢶ,praarambakani
ꢦꢾꢳꢶꢩꢶꢱ꣄ꢱꢒꢥꢶ,pe'l'ibhissakani
ꢪꢹꢓꢸꢒꢸꢒꢥꢶ,mookhukukani
ꢮꢶꢦꢬꢷꢡ꣄ꢒꢥꢶ ꢮ꣄ꢬꢸꢣ꣄ꢤꢸꢒꢥꢶ ꢦ꣄ꢬꢫꢶꢒꢹꢭ꣄ꢒꢥꢶ,vipareetkani vruddhukani prayikoolkani
ꢂꢱ꣄ꢒꢵꢒꢸꢱ꣄,askaakus
ꢂꢱ꣄ꢒꢒꢥ꣄,askakan
ꢥꢿꢪꢸꢤꢵꢥꢸ,nemudhaanu
ꢒꢶꢬꢪꢒꢥꢶ,kiramakani
ꢱꢵꢪꢸꢬ꣄,saamur
ꢪꢸꢣꢸꢭ꣄,mudul
ꢪꢸꢭ꣄ꢭꣁ,mullo'
ꢱꢸꢥ꣄ꢫꢵꢱ꣄,sunyaas
ꢪꢸꢥ꣄ꢣꢞꢶ,mundad'i
ꢦꢹꢬ꣄ꢮꢡꢫꢬ꣄ꢒꢥꢶ,poorvatayarkani
ꢡꢿ ꢮꢜ꣄ꢒꢥ,te vat'kana
ꢶ ꢡꣁꢒꢥ꣄,i to'kan
ꢂꢯꢶꢡꢣ꣄ꢤꢒꢥꢶ ꢂꢱꢪꢥ꣄ꢡꢸꢒꢥꢶ,ashitaddhakani asamantukani
ꢲꢳ꣄ꢳꢸ,hal'l'u
ꢲꢳꢸꢲꢳꢸꢒꢥꢶ,hal'uhal'ukani
ꢬꢴꢡ꣄ꢡꢤꢵꢥꢸ,rhattadhaanu
ꢥꢴꢥ꣄ꢓꢥꢶ꣄,nhankhani
ꢒꣁꢪ꣄ꢨꢸꢭꢒ,ko'mbulaka
ꢪꢶꢜ꣄ꢜꢵꢦꣁꢭ꣄ꢭꢪ꣄ꢒꢥꢶ,mit't'aapo'llamkani
ꢲꣁꢭ꣄ꢭ ꢲꣁꢭ꣄ꢭꢒ ꢦ꣄ꢬꢡ꣄ꢫꢒ꣄ꢰ꣄ꢒꢥꢶ ꢮ꣄ꢫꢒ꣄ꢫꢬꢡꢒꢥꢶ,ho'lla ho'llaka pratyakshkani vyakyaratakani
ꢡꢢꢵ,tathaa
ꢆꢛ꣄ꢗꣁ,uncho'
ꢲꣂꢬ,hora
꣄ ꢲꣁꢭ꣄ꢭꣁ,ho'llo'
ꢪꢿꢜ꣄ꢒꢥꢶ,met'kani
ꢯ꣄ꢬꢿꢰ꣄ꢝꢸꢒꢥꢶ,shresht'hukani
ꢆꢥ꣄ꢥꢡꢒꢥꢶ,unnatakani
ꢂꢱ꣄ꢒꢒꢥꢶ,askakani
ꢦꢹꢬꢵꢒꢥꢶ,pooraakani
ꢦꢹꢬ꣄ꢠꢸꢒꢥꢶ,poornukani
ꢪꣂꢱ꣄ꢒꢥꢶ,moskani
ꢱꣁꢔꢸꢱ꣄ꢒꢥꢶ ꢮꢱꢫꢶꢒꢥꢶ,so'guskani vasayikani
ꢮꢥ꣄ꢗꢥꢒꢥꢶ,vanchanakani
ꢡꢥ꣄ꢡꢸꢬ꣄ꢒꢥꢶ,tanturkani
ꢮꢡꢸꢭ꣄ꢒꢥꢶ,vatulkani
ꢒ꣄ꢬꢪꢒꢥꢶ,kramakani
ꢮꢶꢗꢵꢬ꣄ꢒ,vichaarka
ꢮꢾꢒꢸꢭ꣄ꢒ,ve'kulka
ꢚꣀꢥ ꢦꣂꢒ꣄ꢒꢥꢶ ꢙꣀꢥ ꢦꣂꢒ꣄,jhaina pokkani jaina pok
ꢡꢶꢫꣁꢒꢥ꣄,tiyo'kan
ꢦꣁꢭꢷꢪ꣄ꢒꢥ꣄,po'leemkan
ꢧꢶꢬ꣄ꢭꢶ,phirli
ꢮꢜ꣄ꢒꢾꢒꢥꢶ ꢬꢦ꣄ꢡꢒꢥꢶ,vat'ke'kani raptakani
ꢥꢴꢶꢥꢵꢮꢸꢒꢥꢶ,nhinaavukani
ꢱꢸꢒ꣄ꢒꢾꢫꢒꢥꢶ ꢱꢸꢒ꣄ꢒꢾꢒꢥꢶ,sukke'yakani sukke'kani
ꢱꣁꣁꢜ꣄ꢠꢵꢡ꣄ꢡꢒ꣄,so'o't'naattak
ꢮꢶꢣꢪ꣄ꢮꢶꢣꢪ꣄ꢒꢥꢶ ꢨꢲꢸꢮꢶꢣꢒꢥ꣄,vidamvidamkani bahuvidakan
ꢞꢵꢪ꣄ꢨꢷꢒꢪ꣄ꢒꢥꢶ,d'aambeekamkani
ꢮꢶꢱ꣄ꢡꢵꢬꢒꢥꢶ,vistaarakani
ꢨꢶꢱ꣄ꢱꢒ,bissaka
ꢄꢮꢬ꣄ꢒꢥꢶ ꢮꢶꢮꢬ꣄ꢒꢥꢶ,ivarkani vivarkani
ꢡꢾꢒꢲꢵꢭ꣄ ꢡꢾꢭ꣄ꢫꢒꢲꢵꢭ꣄,te'kahaal te'lyakahaal
ꢮꢶꢫꢬ꣄ꢤꢒꢥꢶ,viyardhakani
ꢦꢬꢵꢒ꣄ꢬꢪꢒꢥꢶ,paraakramakani
ꢨꢥ꣄ꢣꢵꢒꢥꢶ ꢃꢡ꣄ꢪꢯ꣄ꢭꢵꢕꢒꢥꢶ,bandaakani aatmashlaaghakani
ꢂꢮꢪꢵꢥ꣄ꢒ,avamaanka
ꢂꢭꢔ꣄ꢔ ꢂꢭꢔ꣄ꢔ ꢣꢸꢱ꣄ꢬ ꢱꢸꢱ꣄ꢬꢫꢒꢥꢶ,alagga alagga dusra susrayakani
ꢲꢸꢙꢵꢭ꣄ꢒꢥꢶ,hujaalkani
ꢪꣁꢥ꣄ꢥꢸ ꢙꢥ꣄ꢡꣁ,mo'nnu janto'
ꢩꢬꢵꢜ꣄,bharaat'
ꢙꢷꢔꢶꢭꢶ,jeegili
ꢓꢭꢶꢒꢥꢶ ꢬꢶꢒ꣄ꢡꢒꢥꢶ,khalikani riktakani
ꢮꢾꢞꢶꢒ꣄ꢒꢥ꣄,ve'd'ikkan
ꢡꢸꢱ꣄ꢬꢤꢵꢥꢸ,tusradhaanu
ꢮꢾꢒꢸꢭꢮꢾꢒꢸꢭꢒꢥꢶ,ve'kulave'kulakani
ꢮꣀꢬꢵꢔꢫꢸꢒꢥꢶ꣄,vairaagayukani
ꢂꢮ꣄ꢒꣁ,avko'
ꢩꢮ꣄ꢥꢱ꣄,bhavnas
ꢚꢫ꣄ꢥꣁ,jhayno'
ꢂꢦ꣄ꢦꢸꢞꢵꢭꢸ ꢣꢾꢫ꣄ꢞꣁ,appud'aalu de'yd'o'
ꢂꢦ꣄ꢦꢸꢞꢵꢭꢸ ꢒꢾꢜ꣄ꢜꢾ,appud'aalu ke't't'e'
ꢦꢜꣁ,pat'o'
ꢮꢳꢶ,val'i
ꢲꣁꢔꢭ꣄,ho'gal
ꢧꢭꢵꢬꢸ ꢲꢠ꣄ꢞꣁ,phalaaru hand'o'
ꢧꢭꢵꢬꢸ ꢡꢾꢜ꣄ꢜꣁ,phalaaru te't't'o'
ꢭꢴꣁꢒꢠꢸ ꢦꣁꢳꣁ,lho'kanu po'l'o'
ꢭꢴꣁꢒꢠꢸ ꢪꢸꢱꢳ꣄,lho'kanu musal'
ꢪꢸꢗꢭ꣄,muchal
ꢱꢶꢒꣁ,siko'
ꢮꢶꢱ꣄ꢡꢮ꣄,vistav
ꢦꣁꢳꣁ,po'l'o'
ꢦꢸꢜ꣄ꢜꢭ꣄ꢭꢸ ꢲꢮ꣄ꢒꣁ,put't'allu havko'
ꢂꢥꢭ꣄,anal
ꢦꣁꢳꢶ,po'l'i
ꢡꣁꢮ꣄ꢭꢶ,to'vli
ꢣꢾꢔꢸꢞꢵ ꢲꢠ꣄ꢞꢶ,de'gud'aa hand'i
ꢒꣀꢭꢒꢾꢱꢸꢬꢸ ꢓꣁꢮ꣄ꢞꢶ,kailake'suru kho'vd'i
ꢦꢶꢖ꣄ꢔꢠꢶ,pingani
ꢡꢪ꣄ꢨꢸꢬꢪꢸ ꢩꣁꢥ꣄ꢥꣁ,tamburamu bho'nno'
ꢓꣁꢭ꣄ꢗꢵꢗꢸꢭ꣄ꢭꣁ,kho'lchaachullo'
ꢒꣁꢜ꣄ꢦꣀ ꢗꢸꢭ꣄ꢭꣁ,ko't'pai chullo'
ꢒꣀꢔꢶ,kaigi
ꢤꢶꢞ ꢲꢵꢡ꣄,dhid'a haat
ꢣꢾꢱꢾ,de'se'
ꢙꢾꢭ꣄ꢭꢜ꣄,je'llat'
ꢥꢭꢾꢬ꣄ ꢗꢶꢦ꣄ꢦꣁ,nale'r chippo'
ꢗꢶꢦ꣄ꢦꣁ ꢲꢮ꣄ꢒꣁ,chippo' havko'
ꢩꢸꢛ꣄ꢙꢸꢥꢵ ꢲꢠ꣄ꢞꢶ,bhunjunaa hand'i
ꢱꢸꢞꣁ,sud'o'
ꢱꢸꢦ꣄ꢞꣁ,supd'o'
ꢩꢖ꣄ꢔꢸꢞꢮ꣄,bhangud'av
ꢜꢦ꣄ꢦꣁ,t'appo'
ꢡꢾꢜ꣄ꢜꣁ,te't't'o'
ꢲꢬ꣄ꢮꢶ,harvi
ꢗꢒꢶ,chaki
ꢲꢸꢳꣁ,hul'o'
ꢮꢶꢖ꣄ꢒꢳ꣄,vinkal'
ꢡꢶꢮꢵꢦꢾꢜꢶ,tivaape't'i
ꢗꢸꢳꢸꢥ꣄ꢣꢸ,chul'undu
ꢪꣁꢡ꣄ꢡꢸ,mo'ttu
ꢥꢬꢳꢸ ꢡꢸꢬ꣄ꢒꣁ,naral'u turko'
ꢤꢶꢞꢵ ꢲꢠ꣄ꢞꢶ,dhid'aa hand'i
ꢦꢥꢶ ꢮꢵꢦ꣄,pani vaap
ꢒꢸꢳꢶ ꢲꢠ꣄ꢞꢶ,kul'i hand'i
ꢦꣁꢳꢳꢵ ꢧꢸꢜ꣄ꢒꢶ,po'l'al'aa phut'ki
ꢤꢹꢪ꣄,dhoom
ꢭꢪ꣄ꢨꢸ ꢦꢸꢜ꣄ꢜꢶ,lambu put't'i
ꢔꢸꢱꢸꢭꢡ꣄ꢡꢾ ꢪꣁꢡ꣄ꢡꢸ,gusulatte' mo'ttu
ꢒꢾꢜ꣄ꢜꢾ ꢦꢵꢡ꣄ꢬꣁ,ke't't'e' paatro'
ꢡꢾꢥ꣄ꢡꢸꢭꢵ ꢦꢶꢳ꣄ꢥꢵꢮ꣄,te'ntulaa pil'naav
ꢙꢒꢸꢥꣁ,jakuno'
ꢦꢾꢭꣁ,pe'lo'
ꢨꣂꢥꢶ,boni
ꢩꢸꢛ꣄ꢗꢸꢥꢵ ꢲꢠ꣄ꢜꢶ,bhunchunaa hant'i
ꢮꢵꢬ꣄ꢦꢸꢠ꣄ꢜꢶ,vaarpunt'i
ꢭꣀꢒꢸꢜꣁ,laikut'o'
ꢗꢾꢒ꣄ꢒꢠꢶ,che'kkani
ꢒꢗꢵ ꢦꢵꢡ꣄ꢬꣁ,kachaa paatro'
ꢬꢸꢥ꣄ꢣꢶ,rundi
ꢃꢒꢵꢬ꣄,aakaar
ꢲꢡ꣄ꢡꢸ ꢮꢬ꣄ꢡꢸꢭꣁ,hattu vartulo'
ꢱꢪꢵꢥ꣄ꢡꢬꢸ ꢬꢾꢓꢵꢥ꣄,samaantaru re'khaan
ꢆꢖ꣄ꢗꣁ,ungcho'
ꢔꣁꢳ꣄,go'l'
ꢤꢸꢬꢸꢳ꣄,dhurul'
ꢩꣁꢬꢠ,bho'rana
ꢕꢥꢵꢒꢵꢬ꣄,ghanaakaar
ꢦꢵꢄ~ ꢦꢬꢶꢤꢶ,paai~ paridhi
ꢒꢬ꣄ꢠꣁ,karno'
ꢯꢖ꣄ꢒꢸ,shanku
ꢔꣂꢭ꣄,gol
ꢗꢡꢸꢬ꣄,chatur
ꢗꢪꢗꢡꢸꢬ꣄,chamachatur
ꢡꢶꢬ꣄ꢫꢒ꣄ ꢃꢒꢵꢬ꣄,tiryak aakaar
ꢃꢫꢡ ꢃꢒꢵꢬ꣄,aayata aakaar
ꢭꢾꢪ꣄ꢨꣁ,le'mbo'
ꢭꢵꢪ꣄,laam
ꢒꢺꢬꢸꢔ ꢗꢵꢫꢡ꣄,kri'ruga chaayat
ꢦꢶꢬꢶꢪꢵꢠ꣄,pirimaan
ꢣꢾꢳ꣄,de'l'
ꢢꢷꢥ꣄ꢒꣂꢥꢸꢭ꣄ꢡ꣄ꢬꢶꢒꣂꢠ꣄,theenkonultrikon
ꢂꢠ꣄ꢜꢵꢒꢵꢬ꣄,ant'aakaar
