source,target
ꢂꢒꢬꢵꢡꢶ,அகராதி
ꢥꢶꢒꢠ꣄ꢜꢸ,நிகண்டு
ꢒꣂꢰ꣄,கோஷ்
ꢂꢤ꣄ꢫꢵꢫ꣄,அத்4யாய்
ꢮꢶꢣꢿꢯꢸ ꢩꢵꢰꣁ,விதே3ஶு பா4ஷொ
ꢬꢵꢙꢥꢷꢡꢶ,ராஜநீதி
ꢬꢵꢙꢥꢷꢡꢶ ꢱꢵꢱ꣄ꢡ꣄ꢬꢸ,ராஜநீதி ஸாஸ்த்ரு
ꢬꢵꢙꢥꢷꢡꢶ ꢛꢵꢥ꣄,ராஜநீதி ஞான்
ꢒꢵꢬ꣄ꢫꢵꢭꢫꣁ,கார்யாலயொ
ꢱꢣꢸꢰ꣄ꢜꢪ꣄,ஸது3ஷ்டம்
ꢱꢾꢔꢸꢠ,ஸெகு3ன்
꣄ ꢱꢹꢱꢥꣁ,ஸூசனொ
ꢮꢶꢔ꣄ꢛꢵꢥ꣄,விக்3ஞான்
ꢮꢣ꣄ꢣꢶ,வத்3தி3
ꢏꢣ꣄ꢣꢶ,ஒத்3தி3
ꢏꢬ꣄ꢱꢸꢦꢬꢶꢰꢾ,ஒர்ஸுபரிக்ஷொ
ꢮꢵꢬ꣄ꢯꢶꢒ ꢦꢬꢶꢒ꣄ꢰꣁ,வார்ஷிக பரிக்ஷொ
ꢏꢬ꣄ꢱꢸꢮꣀꢩꢮ꣄,ஒர்ஸுவைப4வ்
ꢱꢪ꣄ꢱꣂꢤꢥꣁ,ஸம்ஸோத4னொ
ꢱꢪ꣄ꢱꣂꢤꢥꢱꢵꢭꣁ,ஸம்ஸோத4னஸாலொ
ꢱꢪ꣄ꢱꣂꢤꢥꢵꢦꣁꢡꢶ,ஸம்ஸோத4னாபொதி
ꢱꢪ꣄ꢱꣂꢤꢥꢵ,ஸம்ஸோத4னா
ꢮ꣄ꢫꢒ꣄ꢡꢶꢩꢵꢮ꣄,வ்யக்திபா4வ்
ꢱ꣄ꢮꢩꢵꢮ꣄,ஸ்வபா4வ்
ꢱꢪꢡ꣄ꢡꢸ,ஸமத்து
ꢥꢶꢦꢸꢠꢡ꣄ꢮꣁ,நிபுணத்வொ
ꢱꢖ꣄ꢒꢷꢡ ꢒꢠ꣄ꢱꢵꢭꣁ,ஸங்கீ3தகலாஸாலொ
ꢦ꣄ꢬꢒꢺꢡꢶ,ப்ரகிருதி
ꢮ꣄ꢫꢵꢒꢬꢠꣁ,வ்யாகரணொ
ꢱꢵꢲꢶꢡ꣄ꢫꣁ,ஸாஹித்யொ
ꢔ꣄ꢣ꣄ꢫꣁ,க3த்3யொ
ꢱꢪ꣄ꢩꢵꢰꢠꣁ,ஸம்பா4ஷணொ
ꢭꢶꢓ꣄꣄ꢭꣁ,லிக்2லொ
ꢡꢬꢾ,கரொ
ꢮ꣄ꢫꢵꢱꣁ,வ்யாஸொ
ꢭꢾꢓꢸ,லேகு2
ꢭꢴꢾꢓꣁ,லெ:கொ2
ꢲꢷꢱꢸ,ஹீஸு
ꢔꢠꢶꢶꢡ꣄,க3ணித்
ꢓꢾꢥꢶ,கெ2னி
ꢓꢾꢡꣁ,கெ2தொ
ꢂꢩꢶꢦ꣄ꢬꢵꢫꢸ ꢱꢣꢱ꣄,அபி4ப்ராயு ஸத3ஸ்
ꢒꢭꢵ ꢱꢵꢭꣁ,கலாஸாலொ
ꢅꢔꢸ ꢮꢶꢣ꣄ꢫꣁ ꢗꢾꢣꢸꢮ꣄,ஈகு3
ꢒꢮꢶ,கவி
ꢒꢮꢶꢡꣁ,கவிதொ
ꢄꢔꢞꢱ꣄ꢡꢿ,இக3ட3ஸ்தே
ꢗꢾꢮ꣄ꢣꢶꢥꢶ,செவ்தி3னி
ꢱꢶꢒ꣄ꢒꢶꢥꢶ,ஸிக்கினி
ꢒꢳ꣄꣄ꢙꢪ꣄,கள்ஜம்
ꢒꢵꢮ꣄ꢫꣁ,காவ்யொ
ꢱꢹꢗꢥꣁ,ஸூசனொ
ꢱꢹꢗꢥꢵꢦꣁꢡꢶ,ஸூசனாபொதி
ꢎꢒꢶ ꢭꢶꢓꢶꢥꢶ,ஐகி லிகி2னி
ꢦꢸꢱ꣄ꢥꢶ,புஸ்னி
ꢦꢸꢱꢵꢮ꣄,புஸாவ்
ꢲꢵꢡꢰꢬ꣄,ஹாதக்ஷர்
ꢲꢵꢡꢸꢦꣁꢡꢶ,ஹாதுபொதி
ꢥꢷꢡꢶꢥꢶꢫꢪꣁ,நீதிநியமொ
ꢱꢶꢣ꣄ꢤꢵꢥ꣄ꢡꢸ,ஸித்3தா4ந்து
ꢗꢶꢡ꣄ꢬꢸ,சித்ரு
ꢭꣂꢱꢸ,லோஸு
ꢗꢶꢡ꣄ꢡꢬ꣄,சித்தர்
ꢫꣂꢗꢥꣁ,யோசனொ
ꢥꢥ꣄ꢓꢾꢥꢶ,ந:ன்கெ2னி
ꢭꣀꢒꢵꢱꢸꢒꢳ꣄ꢙꢾꢪ꣄,லௌகாஸு கள்ஜெம்
ꢱꢪꢵꢗꢵꢬꢸꢦꢡ꣄ꢬꣁ,ஸமாசாருபத்ரொ
ꢔꢮ꣄ꢥꣁ,க3வ்னொ
ꢦꢣ꣄ꢫꢪ꣄,பத்3யம்
ꢱ꣄ꢭꣂꢒ꣄,ஸ்லோக்
ꢮꢡ꣄ꢡꣁ,வத்தொ
ꢒꣁꢰ꣄,கோஷ்
ꢱꢨ꣄ꢣ ꢩꢠ꣄ꢞꢵꢬ꣄,ஸப்3த3 ப4ண்டா3ர்
ꢱꣁꢤꢥꣁ,ஸோத4னொ
ꢦꢬꢷꢒ꣄ꢰꣁ,பரீக்ஷொ
ꢪꢥ꣄ꢡꢸ,மந்து
ꢗꢹꢒ꣄,சூக்
ꢒꢸꢠ꣄ꢜꢸ,குண்டு
ꢪꢵꢫ꣄ ꢩꢵꢰꣁ,மாய்பா4ஷொ
ꢪꢵꢡ꣄ꢬꢸꢩꢵꢰꣁ,மாத்ருபா4ஷொ
ꢒꢭ꣄ꢙꢾꢪ꣄,கள்ஜம்
ꢥꣀꢦꢸꢠ꣄ꢫ,நைபுண்ய
ꢮꢶꢪꢬ꣄ꢱꢥꣁ,விமர்ஸனொ
ꢔꢸꢠꢣꣂꢰ ꢮꢶꢗꢵꢬ꣄,கு3ணதோ3ஷ விசார்
ꢮꢶꢩꢵꢔ꣄,விபா4க்3
ꢦꢬꢷꢰꢾ,பரீக்ஷொ
ꢦꢬꢷꢰꢵ ꢢꢵꢪ꣄,பரீக்ஷா தா2ம்
ꢃꢬꢪ꣄ꢩ ꢲꢸꢬꢶ,ஆரம்ப4ஹுரி
ꢮꢡ꣄ꢡꢵ ꢡꣁꢬꢠ꣄,வத்தாதொரண்
ꢗꢵꢭ꣄ꢗꢭꢥ꣄,சால்சலன்
ꢗꢭ꣄ꢥꢶ,சல்னி
ꢥꢜꢥꣁ,நடனொ
ꢥꢵꢗꢸ,நாசு
ꢭꣁꢒ꣄ꢓꢾꢥꢶ,லோக்கெ2னி
ꢭꣂꢒ꣄ꢔꢷꢡ꣄,லோக்கீ3த்
ꢣꢿꢱꢶꢔꢷꢡ꣄,தே3ஸிகீ3த்
ꢦꣁꢡꢶ,பொதி
ꢦꢸꢱ꣄ꢡꢮ꣄,புஸ்தவ்
ꢦꢸꢱ꣄ꢡꢶꢒꣁ,புஸ்திகொ
ꢦꣁꢡꢶꢔ꣄ꢕꢿꢬ꣄,பொதிகே4ர்
ꢩꢠ꣄ꢞꢵꢬꢸꢕꢿꢬ꣄,ப4ண்டா3ருகே4ர்
ꢮꢬ꣄ꢠꢪꢵꢭꣁ,வர்ணமாலொ
ꢭꢒ꣄ꢰ꣄꣄ꢫꣁ,லக்ஷ்யொ
ꢤ꣄ꢫꢾꢫꢸ,த்4யேயு
ꢦꣁꢒ꣄,போக்
ꢦꢸꢜꣁ,புடொ
ꢱ꣄ꢥꢵꢡꢒꣁ,ஸ்னாதகொ
ꢆꢦꢵꢤꢶ,உபாதி4
ꢗ꣄qꢡꢸꢮ꣄ ꢒꣁꢜ꣄ꢜꣁ ꢮꢵꢗꢒꢱꢵꢭꣁ,செது3வ்கொ2ட்டொ
ꢗꢾꢣꢸꢮ꣄,செது3வ்
ꢅꢔ꣄,ஈக்3
ꢧꢬꢪ꣄,ப2ரம்
ꢬꢱꢶꢥꢶ,ரசினி
ꢱꢛ꣄ꢗꢶꢒꣁ,ஸஞ்சிகொ
ꢙꢾꢮꢵꢦ꣄,ஜெவாப்
ꢂꢩ꣄ꢫꢵꢱ꣄,அப்4யாஸ்
ꢙꢿꢪ꣄,ஜேம்
ꢦꢵꢬꢶꢡꣂꢱꢶꢒꣁ,பாரிதோஸிகொ
ꢦꢬꢶꢱꣁꢤꢥꣁ,பரிஸோத4னொ
ꢦꢬ꣄ꢒ꣄ꢰꣁ,பரிக்ஷொ
ꢱꢬ꣄ꢮꢒꢭꢵꢱꢵꢭꣁ,ஸர்வகலாஸாலொ
ꢲꢸꢬꢶ,ஹுரி
ꢙꢸꢥ꣄ꢥꢮꢵꢗꢸ,ஜுன்னவாசு
ꢦ꣄ꢬꢵꢮꢵꢗꢸ,ப்ராவாசு
ꢔꢷꢡ꣄,கீ3த்
ꢦꢵꢝꢮꢶꢮꢬꢠꣁ,பாட2விவரணொ
ꢦꢵꢝꢦꢸꢱ꣄ꢡꢮ꣄,பாட2புஸ்தவ்
ꢦꢵꢝ꣄,பாட்2
ꢦꣁꢬꣁ,பொரொ
ꢭꢵꢪ꣄ꢓꢾꢥꢶ,லாம்கெ2னி
ꢥꣁꢮ꣄ꢮꢒꢮꢶꢡꣁ,நொவ்வ கவிதொ
ꢦꢸꢬꢵꢠꣁ,புராணொ
ꢪꢴꢵ ꢏꢣ꣄ꢣꢶ,மா: ஒத்3தி3
ꢭꢶꢒ꣄ꢭꣁ,லிக்லொ
ꢮꢶꢰꢫꢸ,விஷயு
ꢫꢥ꣄ꢡ꣄ꢬꢸꢮꢶꢣ꣄ꢫꣁ,யந்த்ருவித்3யொ
ꢫꢥ꣄ꢡ꣄ꢬꢸ ꢮꢶꢔ꣄ꢛꢵꢥ꣄,யந்த்ரு விக்3ஞான்
ꢦꣁꢥ꣄ꢡꢶ,பொந்தி
ꢱ꣄ꢦꢬ꣄ꢤꣁ,ஸ்பர்தொ4
ꢏꢫ꣄ꢣꢦꢥ꣄,ஒய்த3பன்
ꢲꣁꢔꢡ꣄,ஹொக3த்
ꢥꢴꢸꢬꢸꢥꢸ ꢲꢸꢬꢶ,நு:ருனு ஹுரி
ꢮꢶꢣ꣄ꢫꢵꢬ꣄ꢡꢶ,வித்3யார்தி2
ꢮꢶꢣ꣄ꢫꢵꢬ꣄ꢡ꣄ꢡꢶꢥꢶ,வித்3யார்தி2னி
ꢧꣀꢭꢮꢬ꣄ꢔꢸ,பை2லவர்கு3
ꢦ꣄ꢬꢤꢵꢥꣁꢣ꣄ꢣꢶ,ப்ரதா4ன்ஒத்3தி3
ꢧꣀꢭꢯ꣄꣄ꢬꢿꢥꢶ,பை2லஶ்ரேநி
ꢪꣀ,மை
ꢩꢵꢰꣁ,பா4ஷொ
ꢩꢵꢰꢵ ꢬꢷꢡꢶ,பா4ஷா ரீதி
ꢩꢵꢰꢵ ꢪꢬ꣄ꢗꢶꢥꢶ,பா4ஷா மர்சினி
ꢂꢥꢸꢮꢵꢣ꣄,அனுவாத்3
ꢩꢵꢱꢵꢥ꣄ꢡꢬ꣄,பா4ஷாந்தர்
ꢡꢬ꣄ꢙꢪꣁ,தர்ஜமொ
ꢩꢵꢰꢵꢮꢶꢔ꣄ꢛꢵꢥ꣄,பா4ஷாவிக்3ஞான்
ꢮꢬ꣄ꢒꢸ,வர்கு3
ꢗꢬꢶꢡ꣄ꢬꢸ,சரித்ரு
ꢯꢨ꣄ꢣꢸ ꢴ,ஶப்3து3
ꢮꢔ꣄ꢛꢵꢥ꣄,விக்3ஞான்
ꢮꢔ꣄ꢛꢵꢥꢶ,விக்3ஞானி
ꢯꣁꢞ꣄ꢠꢶ,ஸொட்3ணி
ꢯꣂꢞꢸ,ஸோடு3
ꢱꣁꢞ꣄ꢮꢵꢬ꣄,ஸொட்3வார்
ꢙꢮꢵꢨ꣄,ஜவாப்3
ꢮꢶꢮꢵꢡ꣄,விவாத்3
ꢦ꣄ꢬꢰ꣄ꢥꣁ,ப்ரஷ்னொ
ꢦꢸꢱꢶꢥꢶ,புஸினி
ꢦ꣄ꢬꢰ꣄ꢥ ꢦꢡ꣄ꢬꣁ,ப்ரஷ்ன பத்ரொ
ꢒꣁꢪ꣄ꢪꢵ ꢂꢩ꣄ꢫꢵꢱ꣄,கொ3ம்மா அப்4யாஸ்
ꢙꢾꢭ꣄ꢪꢶꢥ꣄,ஜெல்மின்
ꢭꢴꣁꢔꢠ꣄,லொ:க3ண்
ꢒꢾꢱ꣄ꢡꢸꢭ꣄,கெஸ்துல்
ꢭꣂꢲꢸ,லோஹு
ꢦꢛ꣄ꢗꢭꣂꢲꢸ,பஞ்சலோஹு
ꢂꢣ꣄ꢣꢪ꣄,அத்3த3ம்
ꢲꢦꢵꢥ꣄,ஹபாள்
ꢣꢮ꣄ꢥꣁ,த3வ்னொ
ꢪꢸꢒ꣄ꢬꣁ,முக்ரொ
ꢔꢵꢥ꣄ꢡꢪ꣄,கா3ந்தம்
ꢡꢪ꣄ꢨꢾ,தம்பெ3
ꢡꢪ꣄ꢨꢸꢬꢪ꣄,தம்பு3ரம்
ꢡꢭ꣄,தவ்
ꢡꢾꢒꢜ꣄,தெக3ட்
ꢱꣁꢥ꣄ꢥꣁ,ஸொன்னொ
ꢱꣁꢬ꣄ꢠꢸ,ஸொர்ணு
ꢂꢦ꣄ꢬꢛ꣄ꢙꢶ,அப்ரஞ்ஜி
ꢡꢸꢡ꣄ꢡꢥꢵꢔ꣄,துத்தநாக்3
ꢥꢵꢔ꣄,நாக்3
ꢭꢷꢡꢸ,லீது
ꢒꢱꣁ,கஸொ
ꢬꢸꢦ꣄ꢦꣁ,ருப்பொ
ꢒꣂꢜ꣄,கோட்
ꢒꢶꢡ꣄ꢒ,கித்க
ꢒꢶꢡ꣄ꢒꢫꣁ,கித்கயொ
ꢒꣂꢥ꣄,கோன்
ꢒꢶꢱꣁ,கிஸொ
ꢒꣂꢥꢒ꣄,கோனக்
ꢒꢶꢱꢵꢫꣁ,கிஸாயொகிஸாயெ
ꢒꢶꢱꢵꢫꢾ,கிஸாயொகிஸாயெ
ꢓꣁꢨ꣄ꢨꣁ,கொ2ப்3பொ3
ꢒꣁꢥ꣄ ꢣꢶꢥ꣄ꢥꢸ,கோன் தி3ன்னு
ꢒꢵꢫ꣄,காய்
ꢒꢵꢫꣁ,காயொ
ꢒꣂꢥꢾ,கோனெ
ꢒꣂꢥ꣄ꢫꢾ,கோன்யெ
ꢂꢖ꣄ꢔꢷꢒꢵꢬ꣄,அங்கீ3கார்
ꢂꢗ꣄ꢗꢸ,அச்சு
ꢜꢖ꣄ꢒꢸ,டங்கு
ꢦꢡ꣄ꢬꢮꢵꢲꢶꢥꢶ,பத்ரவாஹினி
ꢦꢡ꣄ꢬꢮꢵꢲꢒꣁ,பத்ரவாஹகொ
ꢦꢡ꣄ꢬꢮꢵꢲꣁ,பத்ரவாஹொ
ꢭꢿꢓꢸꢮꢵꢥ꣄,லேகு2வான்
ꢦꢡ꣄ꢬꢮꢵꢲ ꢒꢵꢬ꣄ꢫꢵꢭꢫꣁ,பத்ரவாஹ கார்யாலயொ
ꢒꣂꢰ꣄ꢜꢸ,கோஷ்டு
ꢆꢞ꣄ꢔꢞ꣄ꢠꢶ,உட்3க3ட்3ணி
ꢣꢪꢥꣁ,த3மனொ
ꢒꢸꢣꣁ,குதொ3
ꢓꢵꢭ꣄ꢣꢳ꣄ ꢓꢵꢭ꣄ꢣꢾꢳꢪ꣄,கா2ல்த3ள்
ꢃꢤꢵꢬꢸ ꢨꢵꢡ꣄ꢫꢡꣁ,ஆதா4ரு பா3த்யதொ
ꢱ꣄ꢬꢿꢠꢶꢗꢵꢭ꣄,ஸ்ரேணிசால்
ꢂꢡ꣄ꢒꢫꢵꢬ꣄,அத்க்யார்
ꢂꢡ꣄ꢒ꣄ꢫꢵꢬꢶ,அத்க்யாரி
ꢪꢥ꣄ꢡ꣄ꢬꢶ ꢒꢵꢬ꣄ꢫꢵꢭꢫꣁ,மந்த்ரிகார்யாலயொ
ꢪꢥ꣄ꢡ꣄ꢬꢶ,மந்த்ரி
ꢂꢪꢵꢡ꣄ꢫꣁ,அமாத்யொ
ꢪꢥ꣄ꢡ꣄ꢬꢶꢱꢨꣁ,மந்த்ரிஸபொ3
ꢯꢵꢥ꣄ꢡꢶ,ஶாந்தி
ꢱꢖ꣄ꢕꢜꢶꢒꣁ,ஸங்க4டிகொ
ꢱꢛ꣄ꢗꢭꢥꢒꢵꢬꣁ,ஸஞ்சலனகாரொ
ꢮꢶꢣꢿꢱ꣄,விதே3ஸ்
ꢩꢬꢳꢡꢿꢱ꣄,ப4ரளதே3ஸ்
ꢬꢙꣁ,ரஜொ
ꢬꢵꢜ꣄,ராட்
ꢩꢹꢦꣁ,பூ4பொ
ꢩꢹꢦꢡꢶ,பூ4பதி
ꢬꢠꢶ,ரணி
ꢬꢵꢜꢳꢶ,ராடளி
ꢱꢪ꣄ꢱ꣄ꢢꢵꢦꢥꣁ,ஸம்ஸ்தா2பனொ
ꢱꢪ꣄ꢮꢶꢤꢵ,ஸம்விதா4
ꢬꢵꢙꢥꢷꢡꢶꢮꢵꢥ꣄,ராஜநீதிவான்
ꢱꢬ꣄ꢒꢵꢬ꣄,ஸர்கார்
ꢬꢵꢙꢵꢖ꣄ꢔꢸ,ராஜாங்கு3
ꢬꢵꢙ꣄ꢩꢮꢥ꣄,ராஜ்ப4வன்
ꢬꢮꢸꢳ꣄,ரவுள்
ꢦ꣄ꢬꢵꢱꢵꢣꣁ,ப்ராஸாதொ3
ꢍꢒꢒ꣄,ஏகக்
ꢄꢒꢵꢫ꣄,இகாய்
ꢭꢵꢜ꣄,லாட்
ꢒꢵꢬ꣄ꢫꢵꢭꢫ ꢩꢰꣁ,கார்யாலய பா4ஷொ
ꢂꢡ꣄ꢒꢵꢬꢶ,அத்காரி
ꢂꢮ꣄ꢱꢬꢸ ꢱꢵꢱꢥꣁ,அவ்ஸரு ஸாஸனொ
ꢃꢦꢡ꣄ꢒꢵꢭꢸ ꢱꢵꢱꢥꣁ,ஆபத்காலு ஸாஸனொ
ꢂꢮ꣄ꢱꢬ꣄ꢱ꣄ꢢꢶꢡꢶ,அவ்ஸர் ஸ்தி2தி
ꢨꣁꢮ꣄ꢥꢶꢕꢵꢜ꣄,பொ3வ்நி கா4ட்
ꢦꢬꢶꢪꢵꢠ꣄,பரிமாண்
ꢦ꣄ꢬꢒꢜꢥꣁ,ப்ரகடனொ
ꢃꢮꢿꢣꢥꣁ,ஆவேத3னொ
ꢮꢶꢰꢫꢒꢳꢞ꣄ꢠꢶ,விஷயகளட்3ணி
ꢦ꣄ꢬꢒꢞ꣄ꢠꢵꢬ꣄,ப்ரகட்3ணார்
ꢦ꣄ꢬꢒꢞꢠꣁꢒꢾꢬ꣄ꢥꢵꢬ꣄,ப்ரகட3ணொ கெர்னார்
ꢮꢶꢰꢫꢸ ꢒꢳꢞ꣄ꢥꢵꢬ꣄,விஷயு களட்3னார்
ꢱꢹꢗꢥꢵ ꢦꣁꢭ꣄ꢒꣁ,ஸூசனாபொல்கொ
ꢂꢥꢸꢪꢡ꣄,அனுமத்
ꢂꢥꢸꢪꢡ꣄ ꢱꢹꢗꢶ,அனுமத்ஸூசி
ꢂꢥꢸꢩꢮ꣄,அனுப4வ்
ꢒꢨ꣄ꢙꣁ,கப்3ஜொ
ꢃꢒ꣄ꢬꢪꢠꣁ,ஆக்ரமணொ
ꢱꢵꢱꢥꣁ,ஸாஸனொ
ꢱꣃꢱꢱ꣄ꢡꢾ,ஸௌஸஸ்தே
ꢱꣃꢱꢶꢥꢶ,ஸௌஸினி
ꢬꢵꢙ꣄ꢫ ꢩꢰꣁ,ராஜ்யபா4ஷொ
ꢃꢙ꣄ꢛꢾ,ஆஜ்ஞொ
ꢥꢶꢫꣂꢔꣁ,நியோகொ3
ꢃꢫꣂꢔ꣄,ஆயோக்3
ꢥꢶꢫꣂꢔꢶ,நியோகி3
ꢃꢫꣂꢒꢶ,ஆயோகி3
ꢂꢣ꣄ꢭꢥ꣄,அத்3லன்
ꢂꢣ꣄ꢥꢶ,அத்3னி
ꢭꢵꢨ꣄,லாப்3
ꢂꢣꢵꢮ꣄,அதா3வ்
ꢦ꣄ꢬꢩꢸꢡ꣄ꢮꣁ,ப்ரபு4த்வொ
ꢂꢬ꣄ꢒ꣄ꢫꢵꢬ꣄,அர்க்யார்
ꢃꢤꢶꢦꢡ꣄ꢫꣁ,ஆதி4பத்யொ
ꢆꢡ꣄ꢦꢵꢣꢥꢱꢸꢭ꣄ꢒꣁ,உத்பாத3னஸுல்கொ
ꢱꢸꢭ꣄ꢒꣁ,ஸுல்கொ
ꢒꢬꣁ,கரொ
ꢃꢫꢸꢱ꣄ꢣꢠ꣄ꢞꢥꣁ,ஆயுஸ்த3ண்ட3னொ
ꢆꢡ꣄ꢱꢵꢲ꣄,உத்ஸாஹ்
ꢒꢮ꣄ꢡꢸꢒꣁ,கவ்துகொ
ꢃꢭꣂꢱꢥꣁ,ஆலோஸனொ
ꢂꢩꢶꢦ꣄ꢬꢵꢫꢸ,அபி4ப்ராயு
ꢭꢶꢓꢾꢦꢡ꣄ꢡꢬ꣄,லிகெ2பத்தர்
ꢭꢿꢓ ꢦ꣄ꢬꢪꢵꢠꣁ,லேக2 ப்ரமாணொ
ꢱꢵꢱꢥꢦꢒ꣄ꢰꣁ,ஸாஸனபக்ஷொ
ꢬꢵꢙ꣄ꢦꢵꢭ꣄,ராஜ்பால்
ꢬꢵꢙ꣄ꢦꢵꢭꢥꣁ,ராஜபாலனொ
ꢏꢦ꣄ꢦꢶꢭꢶꢥꢶ,ஒப்பிலினி
ꢱꢪ꣄ꢪꢡ꣄,ஸம்மத்
ꢒꢨꢥ꣄ꢣꢸꢱꢬ꣄ꢒꢵꢬ꣄,கப3ந்து3ஸர்கார்
ꢂꢥ꣄ꢡꢬ꣄ꢥꢶꢰꢾꢤ꣄,அந்தர்நிஷேத்4
ꢪꢴꢣ꣄ꢣꢶꢪꢸ ꢲꢶꢨ꣄ꢨꢞ꣄ꢠꢶ,ம:த்3தி3மு ஹிப்3ப3ட்3ணி
ꢣꢾꢬ꣄ꢒꢭꢶ,தெர்களி
ꢪꢴꢣ꣄ꢫꢮꢬ꣄ꢡꢶ,ம:த்3யவர்தி
ꢂꢮ꣄ꢞꢒꢵꢭꢸ ꢗꢸꢥꢵꢮ꣄,அவ்ட3காலுசுனாவ்
ꢪꢴꢣ꣄ꢣꢶꢪ꣄ ꢲꢶꢨ꣄ꢨꢞ꣄ꢠꢶ,ம:த்3தி3ம் ஹிப்3ப3ட்3ணி
ꢂꢮꢭꢪ꣄ꢨ꣄ꢥꣁ,அவலம்ப3னொ
ꢡꢡ꣄ꢒꢵꢭꢸ ꢲꢶꢨ꣄ꢨꢞ꣄ꢠꢶ,தத்காலு ஹிப்3ப3ட்3ணி
ꢌꢠ꣄ꢔꢶꢥꢶ,எண்கி3னி
ꢂꢥꢸꢬꢹꢦꢡꣁ,அனுரூபதொ
ꢱꢲ ꢪꢥ꣄ꢡꢶꢬꢶ,ஸஹ மந்திரி
ꢱꢾꢬ꣄ꢗꢥ꣄ꢩꢵꢰꣁ,செர்சன்பா4ஷொ
ꢱꢥ꣄ꢣꢶ ꢩꢵꢰꣁ,ஸந்தி3 பா4ஷொ
ꢱꢪ꣄ꢫꢸꢒ꣄ꢡ ꢱꢖ꣄ꢕꣁ,ஸம்யுக்த ஸங்கொ4
ꢱꢛ꣄ꢙꢶꢒꢾ,ஸஞ்ஜிகொ
ꢩꢵꢬꢡꢥꢶꢬ꣄ꢮꢵꢲꢸꢱꢿꢮꣁ,பா4ரதநிர்வாஹுஸேவொ
ꢩꢵꢬꢡ ꢂꢦꢬꢵꢤꢸ ꢱꢵꢱꢥꣁ,பா4ரதஅபராது4 ஸாஸனொ
ꢃꢥ꣄ꢣꣂꢭ꣄,ஆந்தோ3ல்
ꢒꢵꢬ꣄ꢫꢵꢭꢫ ꢱꢖ꣄ꢔꢪꣁ,கார்யாலய ஸங்க3மொ
ꢥꢶꢬ꣄ꢮꢵꢲꢶ,நிர்வாஹி
ꢥꢶꢬ꣄ꢣꢿꢱꢒ꣄,நிர்தே3ஸக்
ꢂꢤ꣄ꢫꢒ꣄ꢰꣁ,அத்4யக்ஷொ
ꢂꢣ꣄ꢫꢵꢫ꣄,அத்3யாய்
ꢗꢬ꣄ꢒꢵ,சர்கா
ꢆꢬꢵꢮ꣄ꢱꣁꢬꢵꢮ꣄,உராவ்ஸொராவ்
ꢭꢒ꣄ꢰꢫꣁ,லக்ஷ்யொ
ꢪꢸꢣ꣄ꢬꣁ,முத்3ரொ
ꢮꢶꢩꢵꢒ,விபா4க்3
ꢫꢸꢮꢬꢵꢜ꣄,யுவராட்
ꢫꢸꢮꢬꢵꢠꢶ,யுவராணி
ꢫꢸꢮꢬꢵꢙ꣄ꢛꢶ,யுவராஜ்ஞி
ꢲꢸꢡ꣄ꢡꢸꢬꢵꢮ꣄,ஹுத்துராவ்
ꢲꢸꢡ꣄ꢡꢸꢬꢵꢜ꣄,ஹுத்துராட்
ꢦ꣄ꢬꢡꢶ ꢧꣁꢳ꣄꣄,ப்ரதிபோ2ள்
ꢆꢖ꣄ꢙꢪꢶꢡꢶ,உஞ்சமிதி
ꢆꢳ꣄ꢳꢸ,உள்ளு
ꢱꢲꢗꢵꢬ꣄,ஸஹசார்
ꢱꢥ꣄ꢤꢶ,ஸந்தி4
ꢦꢬꢱ꣄ꢦꢬ ꢱꢪ꣄ꢪꢥ꣄ꢣꣁ,பரஸ்பர ஸம்மந்தொ3
ꢦꢬꢱ꣄ꢦꢬ ꢏꢱ꣄ꢡꢦꢥ꣄,பரஸ்பர ஒஸ்தபன்
ꢃꢲꢵꢬꢸ ꢮꢶꢩꢵꢔ꣄,ஆஹாரு விபா4க்3
ꢓꢥꢶ ꢮꢶꢩꢵꢔ꣄,க2னி விபா4க்3
ꢆꢡ꣄ꢡꢬꢮꢵꢣ꣄,உத்தரவாத்3
ꢃꢒ꣄ꢒꢸꢣꣁ,ஆக்குதொ
ꢱꢲꢒꢵꢬ꣄,ஸஹகார்
ꢱꢲꢵꢮ꣄,ஸஹாவ்
ꢆꢦ ꢪꢥ꣄ꢡꢶꢬꢶ,உப மந்திரி
ꢆꢦ ꢣꢹꢡ ꢥꢶꢮꢵꢱ꣄,உப தூ4தநிவாஸ்
ꢮꢿꢡꢥꣁ,வேதனொ
ꢆꢦꢶꢬ꣄,உபிர்
ꢮꢿꢥ꣄,வேன்
ꢂꢣ꣄ꢣꢶ,அத்3தி3
ꢂꢡꢶꢬꢶꢒ꣄ꢡ,அதிரிக்த
ꢄꢗ꣄ꢗꢵ ꢦꢡ꣄ꢡꢬ꣄,இச்சா பத்தர்
ꢂꢥꢸꢒ꣄ꢛꢵ ꢦꢸꢡ꣄ꢬꣁ,அனுக்ஞாபத்ரொ
ꢨꢵꢣ꣄ꢫꣁ,பா3த்3யொ
ꢨꢞ꣄ꢫꢮꢵꢥ꣄,பா3த்3யவான்
ꢙꢸꢥꢡ꣄ꢮꢵꢥ꣄,ஜுனத்வான்
ꢓꢿꢡꢶ,கே2தி
ꢔ꣄ꢬꢲ ꢮꢶꢩꢵꢔ꣄,க்3ரஹ விபா4க்3
ꢮꢶꢰꢫ ꢱꢸꢗꢶꢒꣁ,விஷய ஸூசிகொ
ꢂꢥ꣄ꢡꢬ꣄ ꢬꢵꢙ꣄ꢙꢶ,அந்தர்ராஜ்ஜி
ꢥꢶꢮꢿꢰ꣄ꢫꣁ,நிவேஷ்யொ
ꢆꢡ꣄ꢦꢣ꣄,உத்பத்3
ꢆꢡ꣄ꢦꢵꢣꢥꣁ,உத்பாத3னொ
ꢤꢶꢞꢮꢵꢒ꣄,தி4ட3வாக்
ꢂꢖ꣄ꢔꢱ꣄ꢢꢸ,அங்க3ஸ்து2
ꢱꣁꢪ꣄ꢨꢸꢳꣁ,ஸொம்பு3ளொ
ꢮꢾꢡꢥꣁ,வேதனொ
ꢮꢵꢲꢥꣁ,வாஹனொ
ꢙꢵꢥ꣄ꢮꢵꢱ꣄,ஜான்வாஸ்
ꢱꣂꢩꢵꢫꢵꢡ꣄ꢬꣁ,ஸோபா4 யாத்ரொ
ꢏꢬꢵꢡ꣄,ஒராத்
ꢗꢸꢜ꣄ꢜꢸ,சுட்டு
ꢔꢶꢬꢵꢪ꣄ꢫꣁ,க்3ராம்யொ
ꢔꢵꢪꢠ꣄ꢗꢥ꣄,கா3மண்சன்
ꢱꢛ꣄ꢗꢵꢬꢸ ꢥꢰꢿꢤꢥꣁ,ஸஞ்சாரு நிஷேத4னொ
ꢦꢠꢖ꣄ꢗꢵꢫꢡ꣄ ꢬꢵꢙ꣄ꢙꢶ,பஞ்சாயத் ராஜ்ஜி
ꢦꢖ꣄ꢗꢵꢫꢡꢕꢿꢬ꣄,பஞ்சாயதுகே4ர்
ꢨ꣄ꢬꢰ꣄ꢜꢵꢗꢵꢬ꣄,ப்3ரஷ்டாசார்
ꢪꢭꢶꢥꢵꢗꢵꢬ꣄,மலினாசார்
ꢱꢿꢮꣁ,ஸேவொ
ꢱꢿꢮꢒꣁ,ஸேவகொ
ꢱꢿꢮꣁ ꢒꢾꢬ꣄ꢥꢵꢬ꣄,ஸேவொ கெர்னார்
ꢱꢖ꣄ꢓ꣄ꢫꢵꢦꣁꢭ꣄ꢒꣁ,ஸங்க்2யா பொல்கொ
ꢮꢶꢩꢒ꣄ꢰꢸ,விப4க்ஷு
ꢡꣂꢒ꣄ꢱꢥꢶ,தோக்ஸனி
ꢦ꣄ꢬꢡꢷꢒ꣄ꢰꣁ,ப்ரதீக்ஷொ
ꢦ꣄ꢬꢡꢶꢤ꣄ꢮꢥꢶ,ப்ரதி த்4வனி
ꢦ꣄ꢬꢡꢶꢗꢵꢫꢵ,ப்ரதிஸாயா
ꢦ꣄ꢬꢡꢶ ꢨꢶꢪ꣄ꢨꢸ,ப்ரதி பி3ம்பு3
ꢍꢒꢵꢤꢶꢦꢡꢶ,ஏகாதி4பதி
ꢱ꣄ꢮꢿꢗ꣄ꢗꢵꢗꢵꢬꢶ,ஸ்வேச்சாசாரி
ꢌꢭ꣄ꢔꢾ,எல்கெ3
ꢂꢣ꣄ꢣꢸ,அத்3து3
ꢱꢷꢪꣁ,ஸீமொ
ꢱꢷꢪꢵ ꢡꢾꢔꢸꢬꢵꢭ꣄,ஸீமா தெகு3ரால்
ꢂꢣ꣄ꢣꢸ ꢡꢾꢔꢸꢬꢵꢭ꣄,அத்3து3 தெகு3ரால்
ꢭꢶꢦꢶꢒꣁ,லிபிகொ
ꢔꢸꢪꢱ꣄ꢡꣁ,கு3மஸ்தொ
ꢗꢾꢣꢸꢮꢸ ꢛꢵꢥ꣄,செது3வு ஞான்
ꢭꢿꢓꢥꢱꢵꢪꢔ꣄ꢬꢶ,லேக2ன ஸாமக்3ரி
ꢭꢿꢓꢮꢱ꣄ꢡꢸ,லேக2வஸ்து
ꢌꢙꢪꢵꢥ꣄,எஜமான்
ꢪꣁꢣ꣄ꢬꢳꢶ,மொத்3ரளி
ꢱ꣄ꢮꢿꢗ꣄ꢗꢵꢗꢵꢬ꣄,ஸ்வேச்சாசார்
ꢱꢬ꣄ꢮꢵꢡꢶꢒꢵꢬꢶ,ஸர்வாதிகாரி
ꢂꢥꢸꢒ꣄ꢬꢪꣁ,அனுக்ரமொ
ꢱ꣄ꢮꢷꢒꢵꢬ꣄,ஸ்வீகார்
ꢏꢦ꣄ꢦꢶꢭ꣄ꢥꢶ,ஒப்பில்னி
ꢆꢖ꣄ꢗ ꢓꢵꢭ꣄,உஞ்ச கா2ல்
ꢲꢶꢖ꣄ꢔꢵꢮ꣄,ஹிங்கா3வ்
ꢥꢶꢬ꣄ꢫꢵꢡ꣄,நிர்யாத்
ꢲꢶꢖ꣄ꢔꢵꢜ꣄,ஹிங்கா3ட்
ꢎꢒ꣄ꢫ ꢬꢵꢰ꣄ꢜ꣄ꢬ ꢱꢪ꣄ꢱ꣄ꢡꢵꢥ꣄,ஐக்ய ராஷ்ட்ர ஸம்ஸ்தான்
ꢎꢒ꣄ꢫ ꢂꢔ꣄ꢬꢠꢶ,ஐக்ய அக்3ரணி
ꢣꣁꢦ꣄ꢦꢵ ꢢꣁꢮ꣄ꢥꢶ,தொ3ப்3பி3 தொ2வ்னி
ꢱꢲꢫꣂꢔ꣄,ஸஹயோக்3
ꢮꢶꢩꢵꢙꢥꣁ,விபா4ஜனொ
ꢦꢬꢮꢱꣁ ꢒꢾꢬ꣄ꢥꢶ,பரவஸொ கெர்னி
ꢏꢦ꣄ꢦꢥ꣄ꢣ ꢱꢹꢗꢥꣁ,ஒப்பந்த3ஸூசனொ
ꢏꢦ꣄ꢦꢥ꣄ꢣꢪ꣄,ஒப்பந்த3ம்
ꢲꢵꢡꢸ ꢂꢒ꣄ꢰꢬ꣄,ஹாது அக்ஷர்
ꢱ꣄ꢮꢷꢒꢬ꣄ꢥꢶ,ஸ்வீகர்னி
ꢦ꣄ꢬꢵꢦ꣄ꢡꢶ ꢱꢖ꣄ꢔꢶꢥꢶ,ப்ராப்தி ஸங்கி3னி
ꢭꢿꢡꢥꢶ,லோதனி
ꢎꢒ꣄ꢫ ꢩꢵꢮꢥꣁ,ஐக்ய பா4வனொ
ꢥꢶꢫꢪꣁ,நியமொ
ꢤꣁꢥꢶꢥꢾꢬ꣄ꢦꢶꢥꢶ,தொ4னிநெர்பினி
ꢤꣁꢥꢶ ꢦ꣄ꢬꢱꢵꢬ꣄,தொ4னி ப்ரஸார்
ꢬꢹꢦꢸ ꢥꢾꢬ꣄ꢦꢶꢥꢶ,ரூபுநெர்பினி
ꢬꢹꢦꢸ ꢦ꣄ꢬꢱꢵꢬ꣄,ரூபு ப்ரஸார்
ꢭꢸꢔ꣄ꢙꢵꢥꢶ,லுக்ஜானி
ꢔꢸꢦ꣄ꢡꢗꢵꢬꢶ,கு3ப்தசாரி
ꢔꢸꢦ꣄ꢡꣁ,கு3ப்தொ
ꢔꢸꢞꢵꢗꢵꢬꢶ,கு3டா3சாரி
ꢒꢸꢣ꣄ꢮꣁ,குட்ரொ
ꢗꢖ꣄ꢔꢪ꣄,ஸங்க3ம்
ꢮꢵꢒ꣄,வோட்
ꢪꢡꢣꢵꢥ꣄,மததா3ன்
ꢮꢵꢔ꣄ꢣꢵꢥ꣄,வாக்3தா3ன்
ꢮꢵꢒ꣄ ꢨꢵꢡ꣄ꢫꣁ,வாக்பா3த்யொ
ꢮꢶꢱ꣄ꢬꢵꢥ꣄ꢡꢶ,விஸ்ராந்தி
ꢮꢶꢬꢡꢶ,விரதி
ꢒꢒ꣄ꢰꢶ,கக்ஷி
ꢱꢸꢭ꣄ꢒꢪ꣄,ஸுல்கம்
ꢣꢬꣁ,த3ரொ
ꢪꣂꢭ꣄,மோல்
ꢒꢾꢜ꣄ꢜꣁ,கெட்டொ
ꢙꢭ ꢱꢿꢥꣁ,ஜல ஸேனொ
ꢬꢷꢠ꣄,ரீண்
ꢬꢷꢠꢸꢩꢵꢬ꣄,ரீணுபா4ர்
ꢱꢾꢮ꣄ꢒꢥ꣄,ஸெவ்கன்
ꢔꢮꢸꢛ꣄ꢙꢶ ꢔꢮꢸꢛ꣄ꢙꢸꢥꢵꢬ꣄,க3வுஞ்ஜி
ꢥꢶꢬꢷꢰꢠꣁ,க3வுஞ்ஜுனார்
ꢭꢴꢾꢒꢒꣀꢡ꣄,லெ:க்கைத்
ꢭꢴꢾꢒ꣄ꢒꣁ ꢲꢾꢞ꣄ꢠꢶ,லெ:க்கொ ஹெட்3ணி
ꢔꢠꢥꣁ,க3ணனொ
ꢔꢠꢶꢠꢶ,க3ணிணி
ꢲꢷꢱꢸꢥꢿꢭ꣄,ஹீஸுநேல்
ꢭꢴꢾꢒ꣄ꢒꢥꢶ,லெ:க்கனி
ꢨꢥ꣄ꢤꢸ,ப3ந்து4
ꢂꢩꢶꢦ꣄ꢬꢵꢫ,அபி4ப்ராயு
ꢇꢲꣁ,ஊஹொ
ꢇꢲꢥꣁ,ஊஹனொ
ꢭꢴꢾꢒ꣄ꢒꢵꢮ꣄,லெ:க்காவ்
ꢦꣁꢒ꣄ꢒꢶꢰꢪ꣄,பொக்கிஷம்
ꢮꢶꢡ꣄ꢡꢒꣂꢰ꣄,வித்தகோஷ்
ꢮꢶꢣ꣄ꢫꢵ ꢪꢥ꣄ꢡ꣄ꢬꢶ,வித்3யா மந்த்ரி
ꢮꢶꢣ꣄ꢫꢵ ꢮꢶꢩꢵꢔ꣄,வித்3யாவிபா4க்3
ꢪꢶꢱ꣄ꢬꢠꣁ,மிஸ்ரணொ
ꢪꢶꢱ꣄ꢡ ꢙꢵꢡ꣄,மிஸ்ரஜாத்
ꢆꢣꢵꢱꢷꢥ꣄,உதா3ஸீன்
ꢆꢦꢾꢒ꣄ꢰꣁ,உபேக்ஷொ
ꢱꢩꣁ,ஸபொ4
ꢱꢪ꣄ꢱ꣄ꢢꢵꢥ꣄,ஸம்ஸ்தா2ன்
ꢩꢶꢞ꣄ꢠꢶ,பி4ட்3ணி
ꢤꢵꢡꢸ,தா4து
ꢓꢙꢵꢥꣁ,க2ஜானொ
ꢲꢥ꣄ꢥꢮꢸ ꢦꢡꢡ꣄ꢬ꣄,ஹன்னவு பத்தர்
ꢬꢰꢠꢒꢬ꣄ꢥꢶ,ரக்ஷணகர்னி
ꢬꢰꢠ ꢩꢬ꣄ꢡꢶ,ரக்ஷணப4ர்தி
ꢪꢸꢱꢶꢥꢶ,முஸினி
ꢦꣁꢭꢶꢱ꣄ꢥꢶꢬꢷꢒ꣄ꢱꢒꣁ,பொலிஸ்நிரீக்ஷகொ
ꢢꢵꢠꢵ ꢥꢶꢬꢶꢒ꣄ꢰꢒꣁ,தா2ணா நிரிக்ஷகொ
ꢬꢴꢒ꣄ꢒꣀꢡ꣄,ர:க்கைத்
ꢬꢴꢒ꣄ꢒꢸꢮꢵꢥ꣄,ர:க்குவான்
ꢢꢵꢠꢵꢮꢶꢩꢵꢒ꣄,தா2ணாவிபா4க்
ꢢꢠꢫ꣄ꢡꢸ,த2ணய்து
ꢒꢶꢞ꣄ꢞꢖ꣄ꢒꢶ,கி3ட்3ட3ங்கி3
ꢥꢴꢥꢦꣁꢬ꣄ꢱꢾ,ந:ன்பொர்ஸெ
ꢥꢴꢥ꣄ꢔꢵꢪ꣄,ந:ன் கா3ம்
ꢥꢴꢥ꣄ ꢦꣁꢜ꣄ꢒ꣄ꢫꢵꢜ꣄,ந:ன் பொட்க்யாட்
ꢔꢠ ꢡꢥ꣄ꢡ꣄ꢬꢸ,க3ண தந்த்ரு
ꢔꢠ ꢬꢵꢙ꣄ꢫꢸ,க3ண ராஜ்யு
ꢦ꣄ꢬꢙꢵ ꢦ꣄ꢬꢩꢸꢡ꣄ꢮꣁ,ப்ரஜா ப்ரபு4த்வொ
ꢙꢥꢵꢡꢶꢦꢡꢶ,ஜனாதிபதி
ꢦ꣄ꢬꢙꢵ ꢨꢵꢡ꣄ꢫꢸ,ப்ரஜாபா3த்யு
ꢥꢵꢔꢬꢶꢒꢡꣁ,நாக3ரிகதொ
ꢒꢸꢜꢸꢪ꣄ꢨ ꢥꢶꢬꣂꢡ꣄,குடும்ப3நிரோத்4
ꢒꢸꢜꢸꢪ꣄ꢨ ꢒ꣄ꢰꢿꢪ ꢮꢶꢩꢵꢔ꣄,குடும்ப க்ஷேம விபா4க்3
ꢏꢡ꣄ꢡꢶ,ஒத்தி
ꢔꢸꢪ꣄ꢱ꣄ꢡꣁ,கு3மஸ்தொ
ꢔꢸꢪ꣄ꢦꢸ,கு3ம்பு
ꢂꢦꢬꢵꢤ꣄,அபராத்4
ꢘꢸꢒ꣄ꢕꢭ꣄ꢥꢶ,சூக் க4ல்னி
ꢗꢶꢥ꣄ꢲꢸꢥ꣄,சின்ஹுன்
ꢔꢸꢬ꣄ꢡꢸꢥ꣄,கு3ர்துன்
ꢱꢶꢥ꣄ꢡꢸꢱꢖ꣄ꢓ꣄ꢫꣁ,கு3ர்து ஸங்க்2யொ
ꢱꢶꢥ꣄ꢲꢸ,சின்ஹு
ꢔꢸꢬ꣄ꢡꢸ,கு3ர்து
ꢆꢥ꣄ꢥ ꢦꣁꢞꢾꢫꣁ,உன்ன பொடெ3யொ
ꢆꢥ꣄ꢥ ꢦꢒ꣄ꢯꢸ,உன்ன பக்ஷு
ꢦꢒ꣄ꢯ ꢎꢒ꣄ꢫꢡꣁ,பக்ஷ ஐக்யதொ
ꢪꢹꢔꣁ,மூகொ3
ꢔꢸꢪ꣄ꢦꢸꢪꢶꢳ꣄ꢥꢶ,கு3ம்பு
ꢪꢶꢳ꣄꣄ꢠꢶ,மிள்னி
ꢪꢔꢶꢥꢶ,மகி3னி
ꢓꢿꢭꢸ ꢒ꣄ꢬꢶꢫꣁ,கே2ளு க்ரியொ
ꢪꢥꣂꢬꢛ꣄ꢙꢥ꣄,மனோரஞ்ஜன்
ꢲꢵꢡꢸ ꣄ꢪꢔꣁ,ஹாதுமகொ3
ꢩꢥ꣄ꢣꢶ,ப3ந்தி3
ꢡꢸꢰ꣄ ꢦ꣄ꢬꢫꣂꢔ꣄,து3ஷ்ப்ரயோக்3
ꢬꢷꢠꢸꢨꢥ꣄ꢣꢶ,ரீணுப3ந்தி3
ꢤꣁꢙ꣄,தொ4ஜ்
ꢤꣁꢙ ꢱ꣄ꢢꢪ꣄ꢨꢸ,தொ4ஜ ஸ்த2ம்பு3
ꢭꢒ꣄ꢰ꣄ꢫꢸ,லக்ஷ்யு
ꢤ꣄ꢫꢿꢫꢸ,த்4யேயு
ꢣꢸꢬꢸꢔ꣄,து3ருக்3
ꢱꢶꢣ꣄ꢣꢵꢥ꣄ꢡꢸ,ஸித்3தா3ந்து
ꢒꣂꢠ꣄,கோண்
ꢒꣁꢥꣁ,கொனொ
ꢣ꣄ꢬꢸꢰ꣄ꢜꢶꢒꣂꢠ꣄,த்3ருஷ்டிகோண்
ꢦꣁꢪꢜ꣄,பொமட்
ꢪꢒꢶꢥꢶ,மகி3னி
ꢒꣁꢬꢶ,கொரி
ꢮꢬ꣄ꢔꢸ,வர்கு3
ꢔꣂꢰ꣄ꢜꢶ,கோ3ஷ்டி
ꢗꢒ꣄ꢬꢮꢬ꣄ꢡ꣄ꢡꢶ,சக்ரவர்த்தி
ꢩꣀ-ꢩꢾꢫ꣄ꢥꢥꢸꢦꢥ꣄,பை4-பெ4ய்னனுபன்
ꢱꢖ꣄ꢔꢪ꣄,ஸங்க3ம்
ꢱꢖ꣄ꢕꣁ,ஸங்கொ4
ꢱꢜ꣄ꢜꢱꢩꣁ,ஸட்டஸபொ4
ꢮꢶꢤꢵꢥ꣄ ꢱꣃꢤꣁ,விதா4ன் ஸௌதொ4
ꢮꢶꢤꢵꢥꢸ ꢱꣃꢤꣁ,விதா4னு ஸௌதொ4
ꢮꢶꢤꢵꢥ꣄ ꢱꢩꣁ,விதா4ன் ஸபொ4
ꢱꢵꢱꢥꢪꢬ꣄ꢗꢶꢥꢶ,ஸாஸனமர்சினி
ꢱꢵꢱꢥ ꢡꢶꢣ꣄ꢡꢸꢮꢳꢶꢶ,ஸாஸன தித்3துவளி
ꢱꢵꢱꢥ ꢱꢹꢤꢵꢬ꣄,ஸாஸன ஸுதா4ர்
ꢮꢶꢤꢵꢥ꣄,விதா4ன்
ꢱꢜ꣄ꢜꢱ꣄ꢩꣁ,ஸட்டஸபொ4
ꢱꢡ꣄ꢫꢵꢔ꣄ꢬꢲꣁ,ஸத்யாக்3ரஹொ
ꢱꢾꢡ꣄ꢡꢬ꣄,ஸெத்தர்
ꢱꢡꢶ,ஸதி
ꢱꢩꢵꢥꢵꢫꢒꣁ,ஸபா4நாயகொ
ꢱꣁꢪ꣄ꢦꢸꢳꢵ ꢗꢾꢜ꣄ꢥꢶ,ஸொம்பு3ளாசெட்னி
ꢦꢔꢵꢬ꣄,பகா3ர்
ꢱꢪꢵꢥꢸꢦꢥ꣄,ஸமானுபன்
ꢱꢵꢪꢵꢣꢵꢥ꣄,ஸமாதா4ன்
ꢱꢪꢸꢣꢵꢫ꣄,ஸமுதா3ய்
ꢱꢪꢹꢲꢸ,ஸமூஹு
ꢱꢬ꣄ꢮꢵꢤꢶꢒꢵꢬ꣄,ஸர்வாதி4கார்
ꢱꢬ꣄ꢮꢵꢤꢶꢒꢵꢬꢶ,ஸர்வாதி4காரி
ꢬꢪꢵꢬꢪꢶ,ரமாரமி
ꢱꢾꢭ꣄ꢒꢾ,ஸெல்கெ
ꢱꢲꢵꢮꢸ,ஸஹாவு
ꢱꢵꢤꢥꣁ,ஸாத4னொ
ꢆꢦꢭꢨ꣄ꢤꢶ,உபலப்3தி4
ꢭꢨꢶꢛ꣄ꢗꢶꢥꢶ,லபி3ஞ்சினி
ꢱꢪ꣄ꢱ꣄ꢫꣁ,ஸமஸ்யொ
ꢦ꣄ꢬꢱ꣄ꢥꣁ,ப்ரஸ்னொ
ꢆꢥ꣄ꢥꢮꢿꢱ꣄,உன்னவேஸ்
ꢱꣁꢜ꣄ꢜꢸ,ஸொட்டு
ꢮꢶꢒꢵꢬ꣄,விகார்
ꢥꢱꢶꢥꢪ꣄,நஸினம்
ꢱꢶꢡꢶꢭ꣄,ஸிதில்
ꢱꢸꢨꢬ꣄ꢗꢶ,ஸுப3ர்சி
ꢱꢶꢪ꣄ꢲꢵꢱꢥꣁ,ஸிம்ஹாஸனொ
ꢱꢶꢪ꣄ꢲꢹ ꢃꢱꢥꣁ,ஸிம்ஹு ஆஸனொ
ꢂꢭ꣄ꢦ ꢱꢖ꣄ꢓꢫꣁ,அல்ப ஸங்க2யொ
ꢥꢴꢥ꣄ꢥ ꢣꢵꢮꣁ,ந:ன்தா3வொ
ꢒꢵꢬꢵꢔ꣄ꢬꢆ,காராக்3ரஹு
ꢙꢾꢫꢶꢭ꣄,ஜெயில்
ꢗꢶꢥ꣄ꢲꢸ,சின்ஹு
ꢮꢵꢒ꣄ꢒꢸꢗꢷꢜ꣄,வாக்கு சீட்
ꢱꢸꢒꢬ꣄ꢠꢶ,ஸுகர்ணி
ꢱꢸꢤꢵꢬ꣄,ஸுதா4ர்
ꢱꢪꢬꢹꢦ ꢮꢱ꣄ꢡꢬ꣄,ஸமரூப வஸ்தர்
ꢱꢸꢡꢥ꣄ꢣꢬꢸ,ஸுதந்த்3ரு
ꢣꢸꢰ꣄ꢦ꣄ꢬꢫꣁꢒ꣄,து3ஷ்ப்ரயோக்
ꢱꢖ꣄ꢒ꣄ꢯꢾꢦꢸ,ஸங்க்க்ஷேபு
ꢩꢷꢡꢸꢬ꣄ ꢣꢾꢮ꣄ꢱꢶꢥꢶ,பீ4துர் தெ3வ்ஸினி
ꢗꢸꢜ꣄ꢜꢸꢬ꣄ ꢒꢳꢞ꣄ꢠꢶ,சுட்டுர் களட்3ணி
ꢦꢬꢶꢦꢡ꣄ꢡꢬ꣄,பரிபத்தர்
ꢪꢬꢵꢪꢡ꣄ꢡꢸ,மராமத்து
ꢱꢸꢤꢬꢠꣁ,ஸுத4ரணொ
ꢗꢪ꣄ꢱ꣄ꢒꢬꢠꣁ,சம்ஸ்கரணொ
ꢱꢹꢗꢥ ꢮꢶꢩꢵꢔ꣄,ஸூசன விபா4க்3
ꢱꢪꢵꢗ꣄ꢗꢵꢬꢸ ꢮꢶꢩꢵꢔ꣄,ஸமாச்சாரு விபா4க்3
ꢱꢗꢶꢮꢵꢭꢫꣁ,ஸசிவாலயொ
ꢒꢵꢬ꣄ꢫꢣꢬ꣄ꢱꢶ,கார்யத3ர்ஸி
ꢨ꣄ꢬꢩꢵꢮ꣄,ப்ரபா4வ்
ꢮꢿꢱꢸꢥ꣄,வேஸுன்
ꢮꢿꢱ,வேஸ்
ꢣꢾꢜ꣄ꢜꢸ,தெ3ட்டு
ꢒ꣄ꢯꢡꢶ,க்ஷதி
ꢱꢿꢡꢵꢬꢪ꣄,சேதாரம்
ꢆꢬꢵꢮ,உராவ்
ꢱꢿꢥꢵꢤꢶꢦꢡꢶ,ஸேனாதி4பதி
ꢱꢫ꣄ꢒꢥꣁ,ஸய்கனொ
ꢱꢪꢶꢙ꣄ꢛꢸ,ஸமிஜ்ஞொ
ꢱꣁꢡ꣄ꢡꢸ,ஸொத்து
ꢮꢶꢮꢵꢡ꣄,விவாத்
ꢡꢾꢔꢸꢬꢵꢭ꣄,தெகு3ரால்
ꢫꣂꢔ꣄ꢫꢡꣁ,யோக்3யதொ
ꢭꢵꢔꢶꢡꣁ,லாகி3தொ
ꢜꢖ꣄ꢒꢠꢒꢬ꣄ꢡꣁ,டங்கணகர்தொ
ꢪꢵꢬ꣄ꢔꢸ,மார்கு3
ꢃꢞ꣄ꢞꢪꢸꢥ꣄,அட்3ட3முன்
ꢂꢞ꣄ꢞꢶꢥ꣄,அட்3டி3ன்
ꢨꢵꢤꢵꢥ꣄,பா3தா4ன்
ꢣꢠ꣄ꢞꢠꣁ,த3ண்ட3ணொ
ꢱꢾꢬ꣄ꢒꢬꢥꢶ,ஸெர்கர:னி
ꢭꢾꢓ꣄ꢒꣁ,லெக்2கொ
ꢭꢴꢾꢒ꣄ꢒꢵ ꢥꢶꢬꢷꢒ꣄ꢰꢠꣁ,லெ:க்கா நிரீக்ஷனொ
ꢭꢴꢾꢒ꣄ꢒꢵ ꢱꣂꢤꢥꣁ,லெ:க்கா ஸோத4னொ
ꢡꢾꢬꢒꢸ ꢲꢥ꣄ꢥꢮ꣄,தெரகு ஹன்னவ்
ꢦꢒꢰꢮꢵꢥꢸꢥ꣄,பக்ஷவானுன்
ꢱ꣄ꢬꢿꢠꢶ,ஸ்ரேணி
ꢆꢥ꣄ꢥꢡꢶ,உந்நதி
ꢮꢶꢬ꣄ꢡꢵ ꢩꢸꢛꢶ,விர்தாபு4ஞி
ꢥꢶꢱ꣄ꢡ ꢩꢸꢄ~,நிஸ்த பு4இ~
ꢣꢳꢦꢳꣁ,த3ளபளொ
ꢣꢳ ꢱꢾꢥꣁ,த3ள ஸேனொ
ꢦꢣ ꢱꢿꢥꣁ,பத3ஸேனொ
ꢬꢵꢙꢤꢵꢥꢶ,ராஜதா4னி
ꢂꢔ꣄ꢬꢵꢱꢥꢸꢦꢥ꣄,அக்3ராஸனுபன்
ꢂꢔ꣄ꢬꢵꢱꢥꣁ,அக்3ராஸனொ
ꢂꢔ꣄ꢬꢵꢱꢥꢵꢤꢶꢦꢡꢶ,அக்3ராஸனாதி4பதி
ꢬꢶꢨꢾꢜ꣄,ரிபே3ட்
ꢣꣁꢦ꣄ꢨꢶꢣꢾꢥꢶ,தொ3ப்பி3தெ3னி
ꢆꢥ꣄ꢥ ꢒꢾꢬ꣄ꢥꢶ,உன்ன கெர்னி
ꢆꢦꢒꢬꢠꣁ,உபகரணொ
ꢱ꣄ꢮꢫ ꢂꢟꢶꢒꢵꢬ꣄,ஸ்வய அதி4கார்
ꢱ꣄ꢮꢗꢭ꣄ꢥꢶ,ஸ்வசல்னி
ꢏꢠ꣄ꢜꢶꢫꢵꢳ꣄,ஒண்டியாள்
ꢏꢠ꣄ꢜꢮ꣄ꢫꢒ꣄ꢡꢶ,ஒண்டவ்யக்தி
ꢪꢵꢬ꣄,மார்
ꢪꢵꢡ꣄ꢬꢸ ꢩꢵꢰꣁ,மாத்ரு பா4ஷொ
ꢫꣂꢙꢥꢵ ꢃꢫꣂꢔ꣄,யோஜனா ஆயோக்3
ꢫꣂꢙꢥꣁ,யோஜனொ
ꢡꢶꢠ꣄ꢗꢶꢥꢶ,திண்சினி
ꢂꢤꢶꢬꣂꢦꢠꣁ,அதி4ரோபணொ
ꢣꢶꢮꢵꢭ꣄,தி3வால்
ꢤꢶꢮꢵꢥ꣄,தி4வான்
ꢆꢔ꣄ꢬꢮꢵꢡꢶ,உக்3ரவாதி
ꢡꢶꢬ꣄ꢪꢵꢥ꣄,திர்மான்
ꢥꢶꢬ꣄ꢠꢫꣁ,நிர்ணயொ
ꢡꢷꢬ꣄ꢮꣁ,தீர்வொ
ꢆꢦꢬꢵꢰ꣄ꢜ꣄ꢬꢦꢡꢶ,உபராஷ்ட்ரபதி
ꢆꢦꢮꢶꢢꢶ,உபவிதி4
ꢥꢶꢬ꣄ꢪꢭꢶꢒꢬꢠꣁ,நிர்மலிகரணொ
ꢱꢸꢣ꣄ꢤꢶ ꢦꢵꢭꢥꣁ,ஸுத்3தி4 பாலனொ
ꢡꢵꢬꢸ ꢬꢾꢪ꣄,தாரு ரேம்
ꢥꢵꢮꢸꢬꢾꢪ꣄,நாவுரேம்
ꢥꢮ꣄ꢒꢵ ꢬꢿꢪ꣄,நவ்கா ரேம்
ꢣꢸꢡꢥꢶꢮꢵꢱ꣄,தூ3த நிவாஸ்
ꢣꢹꢡꣁ,தூ3தொ
ꢦꢬꢶꢱꢸꢣ꣄ꢤꢶ,பரிஸுத்3தி4
ꢥꢶꢳ꣄꣄ꢗꢶꢥꢶ,நிள்சினி
ꢣꢾꢱꢩꢒ꣄ꢡꣁ,தே3ஸப4க்தொ
ꢣꢿꢱꢩꢒ꣄ꢡꢶ,தே3ஸப4க்தி
ꢬꢵꢰ꣄ꢜ꣄ꢬꢸ,ராஷ்ட்ரு
ꢣꢾꢱꢸ,தே3ஸு
ꢬꢵꢰ꣄ꢜ꣄ꢬꢚꢠ꣄ꢞꢵꢮ꣄,ராஷ்ட்ரஜ2ண்டா3வ்
ꢬꢵꢰ꣄ꢜ꣄ꢬꢔꢵꢥꢪ꣄,ராஷ்ட்ரகா3னம்
ꢣꢾꢱꢸꢔꢷꢡ꣄,தே3ஸுகீ3த்
ꢬꢵꢰ꣄ꢜ꣄ꢬꢩꢵꢰꣁ,ராஷ்ட்ரபா4ஷொ
ꢗꢸꢥꢵꢮ꣄,சுனாவ்
ꢥꢶꢬ꣄ꢮꢵꢗꢥ꣄,நிர்வாசன்
ꢦꢙꢾꢥ꣄ꢡꣁ,பஜெந்தொ
ꢥꢶꢬ꣄ꢮꢵꢗꢥꢸ ꢩꢵꢔ꣄,நிர்வாசனு பா4க்3
ꢱꢖ꣄ꢒꢭꢥꢒꣁ,ஸங்கலனகொ
ꢮ꣄ꢫꢵꢱꢶꢒꢬ꣄ꢡꣁ,வ்யாஸிகர்தொ
ꢱꢖ꣄ꢒꢭꢥꣁ,ஸங்கலனொ
ꢮ꣄ꢫꢵꢱ꣄,வ்யாஸ்
ꢬꣁꢒ꣄ꢒꢪ꣄,ரொக்கம்
ꢤꢥꢬꢵꢯꢶ,த4னராஶி
ꢣꢹꢬ ꣄ꢭꢶꢓ꣄ꢥꢶ,தூ3ர்லிக்2னி
ꢒꢵꢬ꣄ꢫꣁ,கார்யொ
ꢒꢵꢪ꣄,காம்
ꢒꢵꢬ꣄ꢫꢮꢵꢥ꣄,கார்யவான்
ꢒꢵꢪ꣄ꢒꢾꢬ꣄ꢡꣁ,காம் கெர்தொ
ꢒꢵꢬ꣄ꢫꢱ꣄ꢢꣁ,கார்யஸ்தொ2
ꢒꢵꢪꢸ ꢦꣁꢜ꣄ꢜꢾꢜ꣄,காமு பொட்டெட்
ꢒꢵꢬ꣄ꢫꢕꢥꣁ,கார்யக4னொ
ꢆꢣ꣄ꢣꢾꢱ꣄,உத்3தே3ஸ்
ꢱꢵꢪꢷꢦ꣄ꢫꢡꣁ,ஸாமீப்யதொ
ꢆꢥ꣄ꢥ ꢆꢦꢶꢬ꣄,உன்ன உபிர்
ꢱꢶꢖ꣄ꢔꣀꢡ꣄,ஸிங்கை3த்
ꢱꢾꢖ꣄ꢔꢡꢶ,ஸெங்க3தி
ꢱꢲꢮꢵꢱꢶ,ஸஹவாஸி
ꢱꢾꢖ꣄ꢔꢮꢶ,ஸெங்க3வி
ꢥꢔꢬꢱꢩꣁ,நக3ர ஸபொ4
ꢔ꣄ꢬꢵꢪ ꢱꢖ꣄ꢕꣁ,க்3ராம ஸங்கொ4
ꢥꢔꢬ ꢦꢵꢭꢶꢒꣁ,நக3ர பாலிகொ
ꢒ꣄ꢬꢶꢫꢵꢒ꣄ꢬꢪꣁ,க்ரியாக்ரமொ
ꢪꢤ꣄ꢫ ꢱꢬ꣄ꢒꢵꢬ꣄,மத்4யஸர்கார்
ꢆꢭꢵꢱꢸꢮꢵꢜ꣄,உலாஸு வாட்
ꢗꢭꢥ꣄ꢮꢵꢜ꣄,சலன் வாட்
ꢥꢾꢰ꣄ꢜꢶ ꢥꢶꢮꢵꢬꢠꣁ,நெஷ்டி நிவாரணொ
ꢥꢵꢔ꣄ꢬꢷꢔ꣄,நாக3ரீக்3
ꢱꢪ꣄ꢱ꣄ꢒ꣄ꢬꢸꢡꢶ,ஸம்ஸ்க்ருதி
ꢣꢶꢥ꣄ꢥꢸ ꢱꣁꢪ꣄ꢨꢸꢳꣁ,தி3ன்னு ஸொம்பு3ளொ
ꢔ꣄ꢬꢵꢪ꣄ꢫꢙꢵꢡ꣄,க்3ராம்யஜாத்
ꢱ꣄ꢢꢭꢷꢫꢙꢵꢡ꣄,ஸ்த2லீயஜாத்
ꢬꢵꢰ꣄ꢜ꣄ꢬ ꢚꢠ꣄ꢞꢮ꣄,ராஷ்ட்ர ஜ2ண்டா3வ்
ꢣꢾꢱꢸ ꢚꢠ꣄ꢞꢵꢮ꣄,தே3ஸு ஜ2ண்டா3வ்
ꢬꢵꢰ꣄ꢜ꣄ꢬꢔꢷꢜ꣄,ராஷ்ட்ர கீ3த்
ꢣꢾꢱꢸꢔꢷꢜ꣄,தே3ஸு கீ3த்
ꢬꢵꢰ꣄ꢜ꣄ꢬ ꢩꢒ꣄ꢡꢶ,ராஷ்ட்ர ப4க்தி
ꢣꢾꢱꢸꢩꢒ꣄ꢡꢶ,தே3ஸுப3க்தி
ꢥꢵꢔꢬꢷꢒꢡꣁ,நாக3ரீகதொ
ꢣꢾꢱꢶꢫꢡꣁ,தே3ஸீயதொ
ꢭꣂꢒ꣄ ꢱꢩꣁ,லோக்ஸபொ4
ꢣꢾꢱ꣄,தே3ஸ்
ꢒꢵꢬ꣄ꢫ ꢗꢵꢭꢥꣁ,கார்ய சாலனொ
ꢮꣀꢩꢮ꣄,வைப4வ்
ꢒꢵꢬ꣄ꢫꢒ꣄ꢬꢪꣁ,கார்யக்ரமொ
ꢲꢥ꣄ꢥꢮꢸ,ஹன்னவ்
ꢥꢶꢕꢶ,நிதி4
ꢥꢶꢡꢶ ꢮꢶꢩꢵꢔ,நிதி4விபா4க்3
ꢥꢶꢦꢥ꣄ꢣꢥꣁ,நிபந்த3னொ
ꢥꢶꢬ꣄ꢮꢵꢲ꣄,நிர்வாஹ்
ꢒ꣄ꢬꢪꣁ,க்ரமொ
ꢥꢶꢬꢸꢦꢠꣁ,நிரூபணொ
ꢦ꣄ꢬꢪꢵꢠ꣄,ப்ரமாண்
ꢬꢹꢙꢸ,ருஜு
ꢱ꣄ꢬꢿꢠꢶ,ஸ்ரோணி
ꢢꢵꢪꢸ ꢒꢬꣁ,தா2மு கரொ
ꢱ꣄ꢢꢵꢦꢥꣁ,ஸ்தா2பனொ
ꢫꣂꢒ꣄ꢫꢡꣁ,யோக்யதொ
ꢥꢷꢡꢶꢦꢡꢶ,நீதிபதி
ꢥꢶꢫꢵꢫꢵꢤꢶꢦꢡꢶ,நியாயாதி4பதி
ꢥꢷꢡꢶꢱ꣄ꢢꢭ꣄,நீதிஸ்த2ல்
ꢆꢦꢫꣂꢔꢸ ꢮꢱ꣄ꢡꢸꢥ꣄,உபயோகு3வஸ்துன்
ꢥꢸꢔꢥ꣄ ꢮꢱ꣄ꢡꢸꢥ꣄,நுக3ன் வஸ்துன்
ꢆꢦꢫꣂꢔ,உபயோக்3
ꢥꢸꢔꢶꢥꢶ,நுகி3னி
ꢡꢸꢬ꣄ꢥꢶ,துர்னி
ꢦ꣄ꢬꢾꢮ꣄ꢯ꣄,ப்ரவேஶ்
ꢄꢬ꣄ꢒꢜ꣄,இர்கட்
ꢱꢖ꣄ꢔꢜ꣄,ஸங்க3ட்
ꢮꢔꣁ ꢦꢬꢶ ꢱꣂꢣꢥꣁ,வகொ3பரிஸோத3னொ
ꢱꢲꢫꣁꢔ꣄,ஸஹயோக்3
ꢮꢜꣁ,வடொ
ꢣꢸꢔꢵꢳꢸ ꢲꢥ꣄ꢥꢮ꣄,து3கா3ளு ஹன்னவ்
ꢣꢸꢔꢵꢳꢸ ꢩꢬ꣄ꢡꣁ,து3கா3ளு ப4ர்தொ
ꢣꢸꢔꢵꢳ꣄꣄,து3கா3ள்
ꢱꢿꢥꣁ,ஸேனொ
ꢦꢳꣁ,பளொ
ꢨꢶꢭ꣄,பி3ல்
ꢬꢱꢷꢡꢸ,ரஸீத்
ꢙꢵꢦꢶꢡꣁ,ஜாபிதொ
ꢙꢦ꣄ꢡꣁ,ஜப்தொ
ꢱꢪ꣄ꢩꢮꢥꣁ,ஸம்பா4வனொ
ꢲꢥꢶ,ஹனி
ꢚꢾꢞꢵ ꢂꢫ꣄ꢣꢸ,ஜெ2டா3 அய்து3
ꢱꢿꢥꢵ ꢣꢳꢮꢵꢞꢸꢥ꣄,ஸேனா த3ளவாடு3ண்
ꢱꢿꢥꢵꢦꢡꢶ,ஸேனாபதி
ꢣꢭꢒꢬ꣄ꢡꣁ,த3ளகர்தொ
ꢣꢿꢥꢵ ꢣꢳ꣄,ஸேனா த3ள்
ꢦꢣꢵꢬ꣄ꢢꢸꢥ꣄,பதா3ர்து2ன்
ꢩꣁꢠ꣄ꢠꢪꢸꢥ꣄,பொ4ண்ணமுன்
ꢒꢭꢵꢗꢵꢬ꣄,கலாசார்
ꢆꢣ꣄ꢫꣂꢔ꣄,உத்3யோக்3
ꢒꢵꢪ꣄ ꢲꢾꢞ꣄ꢠꢶ,காம் ஹெட்3ணி
ꢒꢪ ꣄ꢪꢬ꣄ꢗꢶꢥꢶ,காம் மர்சினி
ꢒꢵꢪꢸ ꢙꢿꢰ꣄ꢜꢦꢥ꣄,காமு ஜேஷ்டபன்
ꢒꢵꢬ꣄ꢫꢵꢮꢵꢥ꣄,கார்யவான்
ꢦꢣꢮꢶ,பத3வி
ꢦꢣꢮꢶ ꢲꢸꢡ꣄ꢬꢵꢮ꣄,பத3வி ஹுத்ராவ்
ꢦꢣꢮꢶ ꢲꢶꢖ꣄ꢔꢵꢮ꣄,பத3வி ஹிங்கா3வ்
ꢦꢣꢮꢶꢓꢳ꣄ꢳꢶꢥꢶ,பத3வி க2ள்ளினி
ꢦꢣꢮꢶ ꢒꢵꢭ,பத3விகால்
ꢚꢜ꣄ꢢꢶ,ஜ2ட்தி2
ꢥꢶꢪ꣄ꢦꢶꢥꢶ,நிம்பினி
ꢱꢪ꣄ꢱ꣄ꢒꢬꢠꣁ,ஸம்ஸ்கரணொ
ꢥꢶꢪ꣄ꢦꢶꢥꢶ ꢨꢵꢤ꣄ꢫꢡꣁ,நிம்பினிபா3த்4யதொ
ꢩꢬ꣄ꢡꢶ,ப4ர்தி
ꢨꣁꢣꢸꢭ꣄,பொ3து3ல்
ꢦꢛ꣄ꢗꢶꢒꣁ,பஞ்சிகொ
ꢥꢶꢬ꣄ꢣꢿꢱꣁ,நிர்தே3ஸொ
ꢦꢛ꣄ꢗꢶꢒꣁ ꢦꢡ꣄ꢡꢬ꣄,பஞ்சிகா பத்தர்
ꢩꣁꢔꢸꢥꢵꢬ꣄,பொ4கு3னார்
ꢱꢶꢒ꣄ꢰꢵ ꢪꢵꢣ꣄ꢫꣁ,ஸிக்ஷா மாத்3யொ
ꢦꢬꢶꢦꢵꢭꢥꣁ,பரிபாலனொ
ꢦꢬꢶꢱꢷꢭꢥꣁ,பரிஸீலனொ
ꢱꢸꢦꢬ꣄ꢗꢶ,ஸுப3ர்சி
ꢦꢬꢶꢮꢬ꣄ꢡꢥꣁ,பரிவர்தனொ
ꢥꢶꢤꢶ ꢆꢥ꣄ꢥꣁ,நிதி4உன்னொ
ꢧꢸꢬꣁ ꢧꢸꢬ꣄ꢥꢵꢱ꣄ꢡꢾ,பு2ரொ பு2ர்னாஸ்தே
ꢦꢬ꣄ꢬꢸ,பற்று
ꢙꢥꢶ,ஜனி
ꢂꢦꢲꢬꢠꣁ,அபஹரணொ
ꢦꢥꢶ ꢱꢶꢛ꣄ꢗꢵꢮ꣄,பனி ஸிஞ்சாவ்
ꢬꢒ꣄ꢰꢥꣁ,ரக்ஷனொ
ꢭꣂꢒ꣄ꢱꢩꣁ,லோக்ஸபொ4
ꢣꢹꢡ꣄ ꢆꢡ꣄ꢦꢵꢣꢥꢱꢵꢭꣁ,தூ3த் உத்பாத3னஸாலொ
ꢗꢸꢥꢵꢮꢸ ꢦ꣄ꢬꢗꢵꢬ꣄,சுனாவு ப்ரசார்
ꢙꢪꢷꢥ,ஜமீன்
ꢦ꣄ꢬꢤꢵꢥ꣄ ꢪꢥ꣄ꢡꢶꢬꢶ,ப்ரதா4ன்மந்திரி
ꢨꣁꢣꢸꢭ꣄ ꢮꢵꢡꢶ,பொ3து3ல்வாதி
ꢦ꣄ꢬꢡꢿꢱꢸ,ப்ரதே3ஸு
ꢦ꣄ꢬꢩꢸ,ப்ரபு4
ꢦ꣄ꢬꢙꣁ,ப்ரஜொ
ꢮꢶꢩꢵꢔ,விபா4க3
ꢂꢥꢸꢨꢥ꣄ꢤꢸ,அநுப3ந்து4
ꢦꢱ꣄ꢒꢜ꣄ꢮꢬ꣄ꢔꢸ ꢱꢪꢹꢲꢸ,பஸ்கட்வர்கு3 ஸமூஹு
ꢦꢱ꣄ꢒꢜ꣄ ꢦꣁꢞꢾ ꢱꢪꢹꢲꢸ,பஸ்கட் பொடெ3 ஸமூஹு
ꢙꢥ꣄ꢪꢵꢥ꣄ꢣꢬꢪꢸ,ஜன்மாந்த3ரமு
ꢦꢱ꣄ꢒꢞꢸꢱꢪꢹꢲꢸ,பஸ்கடு3 ஸமூஹு
ꢦꢸꢒꢵꢬ꣄,புகா3ர்
ꢂꢩꢶꢫꣂꢔ,அபி4யோக3
ꢥꣁꢮ꣄ꢮꢒꢬꢠꣁ,நவீகரணொ
ꢥꣁꢮ꣄ꢮꢒꢾꢬ꣄ꢥꢶ,நொவ்வ கெர்னி
ꢒ꣄ꢬꢵꢥ꣄ꢡꢶ,க்ராந்தி
ꢮꢣꢥ꣄ꢡꢶ,வத3ந்தி
ꢮꢶꢗꢵꢬꢠꣁ,விசாரணொ
ꢂꢥ꣄ꢮꢿꢱꢥꣁ,அன்வேஸனொ
ꢱꢬ꣄ꢒꢵꢬꢸ ꢢꢵꢪ꣄,ஸர்காரு தா2ம்
ꢮꢶꢱ꣄ꢡꢵꢬ꣄,விஸ்தார்
ꢮꢶꢭꢵꢱ꣄,விலாஸ்
ꢨꢲꢸ ꢱꢖ꣄ꢓ꣄ꢫꢡꣁ,ப3ஹு ஸங்க்2யதொ
ꢂꢤꢶꢒꢡꣁ,அதி4கதொ
ꢬꢵꢙꢵꢤꢶꢬꢙꣁ,ராஜாதி4 ரஜொ
ꢪꢴꢵꢬꢵꢜ꣄,மா:ராட்
ꢱꢵꢪ꣄ꢬꢵꢜ꣄,ஸாம்ராட்
ꢗꢒ꣄ꢬꢮꢬ꣄ꢡꢶ,சக்ரவர்தி
ꢭꢵꢪ꣄ꢬꢵꢙ꣄ꢫꢸ,லாம்ராஜ்யு
ꢱꢵꢪ꣄ꢬꢵꢙ꣄ꢫꢸ,ஸாம்ராஜ்யு
ꢪꢲꢵ ꢱꢩꣁ,மஹாஸபொ4
ꢥꢔꢬꢦꢵꢭꢶꢒꣁ,நக3ரபாலிகொ
ꢭꢾꢞ꣄ꢙꢬ꣄,லெட்3ஜர்
ꢮ꣄ꢫꢒ꣄ꢡꢶ ꢭꢴꢾꢒ꣄ꢒꢵ ꢦꢸꢱ꣄ꢡꢮ꣄,வ்யக்தி லெ:க்கா புஸ்தவ்
ꢦꢾꢬꢿꢜ꣄,பெரேட்
ꢱꢵꢤꢵꢬꢥꢱꢩꣁ,ஸாதா4ரணஸபொ4
ꢱꢵꢬ꣄ꢮꢙꢥꢶꢒ꣄ ꢱꢩꣁ,ஸார்வஜனிக் ஸபொ4
ꢱꢵꢬ꣄ꢮꢙꢥꢶꢒ꣄ ꢮꢶꢩꢵꢔ꣄,ஸார்வஜனிக் விபா4க்3
ꢭꣁꢒ ꢮꢶꢩꢵꢔ꣄,லோக விபா4க்3
ꢭꣂꢒ ꢔ꣄ꢬꢥ꣄ꢢꢵꢭꢫꣁ,லோக க்3ரந்தா2லயொ
ꢱꢵꢤꢵꢬꢠ ꢮꢶꢬꢵꢪ꣄,ஸாதா4ரண விராம்
ꢃꢬ꣄ꢢꢶꢒ ꢱ꣄ꢢꢶꢡꢶ,ஆர்தி2க ஸ்தி2தி
ꢒꢵꢬ꣄ꢫꢩꢵꢬ꣄,கார்யபா4ர்
ꢦ꣄ꢬꢮꢬ꣄ꢡꢶ,ப்ரவர்தி
ꢱ꣄ꢦꢬ꣄ꢤꢥ꣄,ஸ்பர்த4ன்
ꢫꢸꢣ꣄ꢤꢸ,யுத்3து4
ꢃꢬ꣄ꢩꢵꢜꣁ,ஆர்பா4டொ
ꢃꢬ꣄ꢩꢵꢜꣁ ꢒꢾꢬ꣄ꢥꢵꢬ꣄,ஆர்பா4டொ கெர்னார்
ꢫꣁꢣ꣄ꢤꢸ,யோத்3து4
ꢙꢥ ꢱꢖ꣄ꢓ꣄ꢫꣁ,ஜன ஸங்க்2யொ
ꢪꢤ꣄ꢫꢱꢬ꣄ꢒꢵꢬ꣄,மத்4யஸர்கார்
ꢒꢿꢥ꣄ꢣ꣄ꢬ ꢱꢬ꣄ꢒꢵꢬ꣄,கேந்த்3ர ஸர்கார்
ꢃꢒꢭꢥꣁ,ஆகலனொ
ꢪꢹꢭ꣄ꢫ ꢥꢶꢬ꣄ꢤꢵꢬꢠꣁ,மூல்ய நிர்தா4ரணொ
ꢦꢬꢶꢱ꣄ꢬꢵꢪ ꢱꢸꢭ꣄ꢒꣁ,பரிஸ்ராம ஸுல்கொ
ꢱꢪ꣄ꢩꢵꢮꢥꣁ,ஸம்பா4வனொ
ꢪꢤꢸ ꢥꢶꢬꣁꢤꢥꣁ,மது4 நிரோத4னொ
ꢱꢗꢶꢮꣁ,ஸசிவொ
ꢥꢴꢵꢪꢾꢥ꣄ꢥꢶ,நா: மென்னி
ꢦꢸꢥꢬ꣄ꢧꢸꢭꢥꣁ,புனர்பு2லனொ
ꢦꢸꢥꢬ꣄ ꢙꢷꢮꢥꣁ,புனர் ஜீவனொ
ꢬꢵꢜ,ராட்
ꢦꢶꢬꢵꢬ꣄ꢢꢥꢵ ꢦꢡ꣄ꢬꢸ,பிரார்த2னா பத்ரு
ꢒꣁꢬꢶ ꢦꢡ꣄ꢬꢸ,கொரி பத்ரு
ꢪꢲꢵ ꢥꢔꢬꢦꢵꢭꢶꢒꣁ,மஹா நக3ரபாலிகொ
ꢱꢪ꣄ꢪꢿꢭꢥꣁ,ஸம்மேளனொ
ꢬꢵꢙ꣄ꢫ ꢱꢬ꣄ꢒꢵꢬ꣄,ப்ராந்தியஸர்கார்
ꢦ꣄ꢬꢵꢥ꣄ꢡꢸ,ப்ராந்து
ꢱꢵꢪ꣄ꢬꢵꢜ,ஸாம்ராட்
ꢱꢵꢪ꣄ꢫꢮꢵꢣ꣄,ஸாம்யவாத்3
ꢙꢶꢭ꣄ꢭꣁ,ஜில்லொ
ꢪꢵꢥ꣄ꢫꢪ꣄,மான்யம்
ꢦꢸꢥꢬ꣄ ꢦ꣄ꢬꢵꢦ꣄ꢡꢶ,புனர் ப்ராப்தி
ꢒꢮ꣄ꢥꢶ,கவ்னி
ꢆꢬꢵꢮ꣄,உராவ்
ꢒꣁꢮ꣄ ꢣꢵꢫꣁ,கொவ்தா3யொ
ꢱꢿꢱ꣄,ஸேஸ்
ꢦ꣄ꢬꢡꢶꢥꢶꢜꢶ,ப்ரதிநிதி
ꢱꢵꢪ꣄ꢬꢵꢜꢸ ꢦꢵꢭꢥꣁ,ஸாம்ராடு பாலனொ
ꢪꢹꢭꢸꢤꢥ꣄,மூலுத4ன்
ꢪꢸꢒ꣄ꢫ ꢪꢥ꣄ꢡꢶꢬꢶ,முக்ய மந்திரி
ꢪꢹꢭꢤꢥꢮꢵꢥ꣄,மூலத4னவான்
ꢤꢥꢮꢵꢥꢸꢦꢥ꣄,த4னவானுபன்
ꢦꢸꢥꢬ꣄ ꢮꢶꢗꢵꢬ ꢦ꣄ꢬꢵꢬ꣄ꢡꢥꣁ,புனர்விசார ப்ரார்தனொ
ꢦ꣄ꢬꢵꢒ꣄ꢦ꣄ꢬꢡꢶ,ப்ராக்ப்ரதி
ꢦꢹꢬ꣄ꢮꢵꢥꢸꢪꢵꢥ꣄,பூர்வானுமான்
ꢧꣀꢭ ꢨꢵꢡ꣄ꢫꢡꣁ,பை2ல பா3த்யதொ
ꢂꢩꢶꢮꢶꢬꢸꢣ꣄ꢤꢶ,அபி4விருத்3தி4
ꢪꢹꢭꢮꢱ꣄ꢡꢸ,மூலவஸ்து
ꢃꢖ꣄ꢔꢬꢒ꣄ꢯꢒꣁ,அங்க3ரக்ஷகொ
ꢪꢶꢜ꣄ꢜꣁ,மிட்டொ
ꢪꢛ꣄ꢗꢸ,மஞ்சு
ꢮꢿꢣꢶꢒꣁ,வேதி3கொ
ꢂꢩꢶꢮ꣄ꢬꢸꢣ꣄ꢤꢶ,அபி4வ்ருத்3தி4
ꢪꢿꢜꢶꢥꢸ ꢮꢶꢤꢵꢥ꣄ ꢱꢩꣁ,மேடினு விதா4ன் ஸபொ4
ꢆꢛ꣄ꢗ ꢂꢤꢶꢒꢵꢬꢶ,உஞ்சஅதி4காரி
ꢥꢶꢫꢥ꣄ꢡ꣄ꢬꣁ,நியந்த்ரொ
ꢦ꣄ꢬꢨꢥ꣄ꢤꢒꣁ,ப்ரப3ந்த4கொ
ꢪꢾꢜꢸ ꢥꢶꢮꢵꢲꢶ,மேடு நிர்வாஹி
ꢆꢗ꣄ꢗ ꢂꢙ꣄ꢛꢵꢒꢵꢬ꣄,உச்ச ஆஜ்ஞாகார்
ꢆꢣ꣄ꢤꢬꢠꣁ,உத4ரணொ
ꢆꢭ꣄ꢭꢾꢲꢥꣁ,உல்லேஹனொ
ꢂꢮꢡꢵꢬꢠꣁ,அவதாரணொ
ꢂꢮꢡꢵꢬꢶꢡ ꢮꢵꢒ꣄ꢫꢸ,அவதாரித வாக்யு
ꢡꢣꢾꢮ,ததே3வ
ꢪꢤ꣄꣄ꢫ ꢱꢬ꣄ꢒꢵꢬ꣄,மத்4யஸர்கார்
ꢂꢥꢸꢮꢵꢣꢒꣁ,அனுவாத3கொ
ꢡꢬ꣄ꢙꢪꣁ ꢒꢾꢬ꣄ꢥꢵꢬ꣄,தர்ஜமொ கெர்னார்
ꢚꢾꢞꣁ,ஜெ2டொ3
ꢬꢵꢠꢶ,ராணி
ꢦꢭꣁ,பளொ
ꢬꢵꢙ ꢣꢸꢬꣂꢲꢶ,ராஜது3ரோஹி
ꢬꢵꢙꢫ ꢱꢩꣁ,ராஜ்ய ஸபொ4
ꢪꢾꢜꢸ ꢱꢩꣁ,மேடு ஸபொ4
ꢬꢙꢶꢥꢪꣁ,ரஜினமொ
ꢬꢵꢰ꣄ꢜ꣄ꢬꢦꢡꢶ,ராஷ்ட்ரபதி
ꢪꢵꢪꢹꢭ꣄,மாமூல்
ꢭꢾꢛ꣄ꢗꢪ꣄,லெஞ்ஜம்
ꢭꣁꢒ꣄ ꢱꢩꣁ,லோக்ஸபொ4
ꢮꢶꢡ꣄ꢡꢒꣁꢰ꣄,வித்தகோஷ்
ꢲꢥ꣄ꢥꢮꢸ ꢱꢖ꣄ꢒ꣄ꢬꢲꢥꣁ,ஹன்னவு ஸங்க்ரஹனொ
ꢮꢱꢸꢭ꣄,வஸுல்
ꢡꢵꢭꢹꢒꢵ,தாலுகா
ꢣꢵꢱꢶꢭ꣄ꢣꢵꢬ꣄,தா3ஸில்தா3ர்
ꢦꢶꢬꢵꢥ꣄ꢡ꣄ꢫꢸ,பிராந்த்யு
ꢦꢶꢬꢵꢥ꣄ꢡꢶꢫ ꢩꢵꢰꣁ,பிராந்த்ய பா4ஷொ
ꢩꢶꢫꢵꢬ꣄,பி4யார்
ꢮꢵꢠꢶꢙ꣄ꢫꣁ,வாணிஜ்யொ
ꢩꢶꢫꢵꢬꢸ ꢮꢶꢡ꣄ꢡ ꢒꣁꢰ꣄,பி4யாரு வித்த கோஷ்
ꢮꢠꢶꢒ ꢮꢶꢡ꣄ꢡ ꢒꣁꢰ꣄,வணிக வித்த கோஷ்
ꢩꢶꢫꢵꢬꢸ ꢱꢸꢭ꣄ꢒꣁ,பி4யாருஸுல்கொ
ꢮꢠꢶꢒ ꢱꢸꢭ꣄ꢒꣁ,வணிகஸுல்கொ
ꢒꢶꢪ꣄ꢮꢣꢥ꣄ꢡꢶ,கிம்வத3ந்தி
ꢙꢥꢱ꣄ꢬꢸꢡꢶ,ஜனஸ்ருதி
ꢩ꣄ꢫꢵꢬ꣄,ப்4யார்
ꢂꢮ꣄ꢥꢶ,அவ்னி
ꢡꣂꢬꢠ꣄,தொரண்
ꢱꢸꢭ꣄ꢒꢥꢶꢬ꣄ꢠꢫꢸ,ஸுல்கநிர்ணயொ
ꢆꢗ꣄ꢭꢵꢮ꣄,உச்லாவ்
ꢙꣁꢞꢸꢪ꣄ꢨꢸꢭ꣄,ஜொடு3ம்புல்
ꢆꢗ꣄ꢭꢵꢮꢸ ꢱꢸꢭ꣄ꢒꣁ,உச்லாவுஸுல்கொ
ꢆꢗ꣄ꢭꢵꢮꢸ ꢒꢬꣁ,உச்லாவு கரொ
ꢬꢵꢙ꣄ꢫ ꢃꢣꢵꢫꢸ,ராஜ்ய ஆதா3யு
ꢥ꣄ꢫꢥ꣄ꢡ꣄ꢬꢠꣁ,ந்யந்த்ரணொ
ꢦ꣄ꢬꢡꢶꢨꢥ꣄ꢤꢸ,ப்ரதிப3ந்து4
ꢮꢔꣁꢡꣁꢔꣁ,வகொ3தொகொ3
ꢮꢶꢡ꣄ꢡ ꢭꢿꢓꢸ,வித்த லேகு2
ꢦ꣄ꢬꢵꢒ꣄ ꢭꢾꢓꢥꣁ,ப்ராக் லேக2னொ
ꢥꢶꢦꢸꢠꣁ,நிபுணொ
ꢙꣀꢥ ꢧꢶꢬ꣄ꢥꢶ,ஜைன பி2ர்னி
ꢦ꣄ꢬꢣꢒ꣄ꢰꢥꣁ,ப்ரத3க்ஷனொ
ꢮꢒ꣄ꢒꢷꢭ꣄,வக்கீல்
ꢬꢹꢟꢶ,ரூடி4
ꢪꢵꢬ꣄ꢒꢣꢬ꣄ꢱꢶ,மார்க3த3ர்ஸி
ꢮꢵꢜ꣄ ꢣꢾꢒ꣄ꢒꢞ꣄ꢠꢵꢬ꣄,வாட்தெ3க்கட்3ணார்
ꢒꢾꢬꢥ꣄ꢮꢵꢜ꣄,கெரன்வாட்
ꢡꢸꢔꢵꢳ꣄,து3கா3ள்
ꢣꢬꢶꢣ꣄ꢬꢡꣁ,த3ரித்3ரதொ
ꢣꢾꢭ꣄ꢞꢶꢬꢶꢦꢥ꣄,தெ3ள்டி3ரிபன்
ꢆꢔ꣄ꢬꢦꢥ꣄,உக்3ரபன்
ꢮꢵꢒ꣄ ꢣꢾꢥꢵꢬ꣄,வாக் தெ3னார்
ꢪꢡꢣꢵꢡꣁ,மத தா3தொ
ꢮꣂꢜ꣄,வோட்
ꢮꢵꢒꢸ ꢦꢡ꣄ꢬꢸ,வாகு பத்ரு
ꢨꢜ꣄ꢒꢾ,ப3ட்கெ
ꢮꢵꢡꢶ,வாதி
ꢮꢵꢬ꣄ꢱꢸ,வார்ஸு
ꢆꢡ꣄ꢬꢵꢤꢶꢒꢵꢬꢶ,உத்ராதி4காரி
ꢱꢪꢶꢡꢶ,ஸமிதி
ꢂꢥꢸꢦꢵꢡ꣄,அனுபாத்
ꢸꢮꢶꢗꢵꢬꢠꣁ,விசாரணொ
ꢱ꣄ꢮꢵꢡꢥ꣄ꢡ꣄ꢬꢸ,ஸ்வாதந்த்ரு
ꢱꣁꢞ꣄ꢥꢶ,ஸொட்3னி
ꢱꣂꢞꢶ,ஸோடி3
ꢮꢶꢦꢡ꣄ꢡꢸ,விப3த்து
ꢮꢵꢫꢸꢱꢾꢥꣁ,வாயுஸேனொ
ꢧꢵꢞ꣄,பா2ட்3
ꢨꢶꢭ꣄ꢭꣁ,பி3ல்லொ
ꢪꣁꢭꢸ ꢙꢦ꣄ꢡꣁ,மோலுஜப்தொ
ꢪꣁꢭꢸ ꢂꢜ꣄ꢜꢮꢥꣁ,மோலு அட்டவனொ
ꢮꢶꢮꢵꢣ꣄,விவாத்3
ꢮꢵꢔ꣄ꢮꢶꢮꢵꢣ꣄,வாக்3விவாத்3
ꢆꢡ꣄ꢱꢮ꣄,உத்ஸவ்
ꢦ꣄ꢬꢡꢶꢯꢡ꣄,ப்ரதிஶத்
ꢦ꣄ꢬꢡꢶꢯꣁꢡꢸ,ப்ரதிஶோது
ꢮꢶꢙ꣄ꢛꢵꢦꢥꣁ,விஜ்ஞாபனொ
ꢦ꣄ꢬꢒꢵꢬꢰꢥꣁ,ப்ரகாஷனொ
ꢮꢶꢒ꣄ꢒꢶꢥꢶ ꢒꢬꣁ,விக்கினி கரொ
ꢂꢩꢾꢒ꣄ꢯꢒꣁ,அபே4க்ஷகொ
ꢂꢩꢾꢒ꣄ꢰꢸ,அபே4க்ஷு
ꢒꢵꢪ꣄ ꢲꢶꢨ꣄ꢨꢜ꣄ꢠꢶ,காம்ஹிப்3ப3ட்3ணி
ꢒ꣄ꢬꢸꢰꢶ,க்ருஷி
ꢮꢶꢥ꣄ꢫꢵꢱ꣄,வின்யாஸ்
ꢭꣁꢒ ꢡꢥ꣄ꢡ꣄ꢬꢸ,லோக தந்த்ரு
ꢦ꣄ꢬꢙꢵ ꢡꢥ꣄ꢡ꣄ꢬꢸ,ப்ரஜா தந்த்ரு
ꢙꢥ ꢡꢥ꣄ꢡ꣄ꢬꢸ,ஜன தந்த்ரு
ꢙꢥꢵꢣꢶꢦꢡꢶ,ஜனாதி4பதி
ꢏꢥ꣄ꢥꣁ,ஒன்னொ
ꢂꢭ꣄ꢭꣁ,அல்லொ
ꢤꢸꢬꢸꢳꢸ ꢪꢹꢳ꣄,து4ருளு மூள்
ꢮꢖ꣄ꢔꢶ,வங்கி3
ꢒꣀꢭꢒꢾꢱꢸꢬ꣄,கைலகெஸுர்
ꢩꢙ꣄ꢙꢶ,ப4ஜ்ஜி
ꢪꣁꢳ꣄꣄ꢒꢳ꣄꣄,மொள்கள்
ꢤꢾꢫꢳꣁ,தெ4ய்ளொ(N
ꢒꢵꢬꢜ꣄,காரட்
ꢙꢶꢥ꣄ꢥꢮ꣄ꢬꢾ,ஜின்னவ்ரெ
ꢤꢥꢶꢫꣁ,த4னியொ
ꢱꢾꢒ꣄ꢒꢬ꣄ꢒꢾꢳꢖ꣄ꢔꢸ,ஸெக்கர்கௌங்கு3
ꢓꣁꢮ꣄ꢳꣁ,கொ2வ்ளொ
ꢩꣁꢮ꣄ꢳꣁ,பொ4வ்ளொ
ꢱꢸꢬꢠ꣄,ஸுரண்
ꢱꢿꢦꢪꢹꢳ꣄,ஸேபமூள்
ꢡꢒ꣄ꢒꢵꢭꢶ,தக்காளி
ꢗꣁꢮ꣄ꢳꣁ,சொவ்ளொ
ꢂꢪ꣄ꢨ꣄ꢳꣁ,அம்ப்3ளொ
ꢒꢗ꣄ꢗꢾ ꢪꢶꢬꢶꢒ꣄ꢒꣀꢭꣁ,கச்செமிரிகைலொ
ꢦꢜ꣄ꢜꢵꢠꢶ,பட்டாணி
ꢦꣁꢱ꣄ꢒꢵꢫ꣄,பொஸ்காய்
ꢒꢭ꣄ꢭꣁ,கல்லொ
ꢮꢣꢸꢥꢵ ꢩꢙ꣄ꢙꢶ,வது3னாப4ஜ்ஜி
ꢦꣁꢜ꣄ꢔꢸꢭꣁ,பொட்கு3லொ
ꢒꢵꢭꢶꢧꢶꢳꢮꢬ꣄,காலிபி2ளவர்
ꢓꢾꢮ꣄ꢭꣁ,கொ2வ்லொ
ꢭꣁꢱꢥ꣄,லொஸன்
ꢒꣃꢭꢒꢾꢱꢸꢬ꣄,கைலகெஸுர்
ꢗꢾꢒ꣄ꢒꢬ꣄ ꢒꢶꢳꢖ꣄ꢔꢸ,ஸெக்கர்கிளங்கு3
ꢃꢭ꣄ꢮꢳꢶꢒ꣄ ꢒꢶꢳꢖ꣄ꢒꢸꢮ꣄,ஆல்வளிக்கிழங்கு
ꢒꢗ꣄ꢗꢪ꣄ꢨꣁ,கச்சம்பொ3
ꢪꢸꢜ꣄ꢜꣀꢒꣂꢱ꣄,முட்டைகோஸ்
ꢱꢾꢮ꣄ꢒꢵ ꢒꣀꢭꣁ,ஸெவ்கா கைலொ
ꢪꢸꢳꣁ,முளொ
ꢒꢗ꣄ꢗꢾꢒꢾꢳꣁ,கச்சிகெளொ
ꢩꢾꢠ꣄ꢞꢶꢒꣀꢭꣁ,பெ4ண்டி3கைலொ
ꢂꢔꢱ꣄ꢡꢶꢬ꣄,அக3ஸ்திர்
ꢮꢭ꣄ꢒꣁ,வள்கொ
ꢂꢪꢵꢱ꣄,அமாஸ்
ꢮꢬꢵ ꢒꢵꢭ꣄,வரா கால்
ꢱꢨ꣄ꢣꢸ,ஸப்3து3
ꢦ꣄ꢬꢒꢵꢰ꣄,ப்ரகாஷ்
ꢮꢵꢡꢵꢮꢬꢥ꣄,வாதாவரன்
ꢮꢿꢳ꣄꣄,வேள்
ꢒꢵꢭ꣄,கால்
ꢲꢶꢪꢸꢱ꣄,ஹிமுஸ்
ꢲꢶꢪ꣄ꢳꣁ,ஹிமளொ
ꢲꢶꢪꢸꢱꢹ ꢒꢵꢭ꣄,ஹிமுஸுகால்
ꢲꢹꢥꢸꢒꢵꢭ꣄,ஹூனுகால்
ꢔ꣄ꢬꢷꢰ꣄ꢪ ꢒꢵꢭ꣄,க்3ரீஷ்ம கால்
ꢲꢹꢥ꣄ꢥꣁ,ஹுன்னொ
ꢱꢶꢳ꣄ꢳꣁ,ஸிள்ளொ
ꢯꢷꢡꢳ꣄,ஶீதள்
ꢱꢷꢡꣂꢰ꣄ꢠꣁ,ஸீதோஷ்ணொ
ꢪꢸꢒꢸꢭ꣄ ꢮꢬꣁ,முகுல் வரொ
ꢬꢸꢡꢸ,ருது
ꢬꢸꢡꢸ ꢦꣁꢮ꣄ꢱ꣄,ருது பொவ்ஸ்
ꢲꢶꢪꢸꢱ꣄ꢒꢵꢭ꣄,ஹிமுஸுகால்
ꢲꢸꢪꢳꣁ,ஹிமளொ
ꢦꢸꢠ꣄ꢠꢶꢪ꣄,புண்ணிம்
ꢦꢹꢬ꣄ꢠꢶꢪꣁ,பூர்ணிமொ
ꢮꢱꢥ꣄ꢡ ꢒꢵꢭ꣄,வஸந்த கால்
ꢮꢱꢥ꣄ꢡ ꢬꢸꢡꢸ,வஸந்த ருது
ꢏꢱ꣄ꢡꢵ ꢮꢬꣁ,ஒஸ்தா வரொ
ꢲꢸꢥ꣄ꢥꣁ,ஹுன்னொ
ꢲꢹꢥꢸ ꢒꢵꢭ꣄,ஹூனு கால்
ꢔ꣄ꢬꢷꢰ꣄ꢪ ꢬꢸꢡꢸ,க்3ரீஷ்ம ருது
ꢂꢪ꣄ꢪꣁ,அம்மொ
ꢓꢮ꣄ꢙꢵꢮ꣄,க2வ்ஜாவ்
ꢓꢵꢱ꣄,கா2ஸ்
ꢗꢶꢥꢲꢸ,சின்ஹு
ꢧꢜꢶꢥꢶ,ப2டினி
ꢂꢙꢷꢬ꣄ꢥꢸ,அஜீர்ணு
ꢱꣃꢒ꣄ꢫꢪ꣄,ஸௌக்யம்
ꢂꢱ꣄ꢦꢡ꣄ꢡꢶꢬꢶ,அஸ்பத்திரி
ꢃꢱꢸ ꢩꢣ꣄ꢬꢶ,ஆஸு ப4த்3ரி
ꢓꣁꢮ꣄ꢭꣁ,கொ2வ்லொ
ꢱꢮ꣄ꢬꢶꢫꢪ꣄,ஸௌரியம்
ꢒꢾꢠ꣄ꢜꢵꢦꢷꢭ꣄,கெண்டாபீள்
ꢄꢥ꣄ꢒꢶꢥꢶ,இண்கினி
ꢩꢸꢬꢸꢩꢸꢬꢵꢭ꣄,பு4ருபு4ரால்
ꢦꢬꢸꢒꢾꢬ꣄ꢥꢶ,பருகெர்னி
ꢙꢵꢳ꣄,ஜாள்
ꢲꢜ꣄ꢒꣁ ꢪꢸꢞꢶꢥꢶ,ஹட்கொ முடி3னி
ꢲꣁꢥꢵꢱ꣄ꢡꢾ,ஹோனாஸ்தே
ꢗꢾꢬ꣄ꢥꢵꢱ꣄ꢡꢾ,செர்னாஸ்தே
ꢤꢾꢬ꣄ꢥꢵꢱ꣄ꢡꢾ,தெ4ர்னாஸ்தே
ꢮꢪꢶ,வமி
ꢏꢔꢬꢶ,ஒக3ரி
ꢮꢵꢥ꣄ꢣꢶ,வாந்தி3
ꢬꢾꢔꢡ꣄ ꢔꢾꢳ꣄꣄ꢥꢶ,ரெக3த் கெ3ள்னி
ꢣꣁꢳꢵ ꢣꢸꢮ꣄ꢥꣁ,தொ3ளா து3வ்னொ
ꢔꢾꢬꢳ꣄,கெ3ரள்
ꢔꢬ꣄ꢩꢸ ꢲꢵꢥꢶ,க3ர்பு4 ஹானி
ꢔꢬ꣄ꢩꢸ ꢥꢶꢬꣁꢣ꣄,க3ர்பு4நிரோத்3
ꢭꢮꢥ꣄ ꢲꣁꢔꢡ꣄,லவன்ஹொக3த்
ꢱꢷꢥ꣄,ஸீன்
ꢲꢜ꣄ꢒꣂ ꢡꢶꢙꢫ꣄ꢥꢶ,ஹட்கொதி3ஜய்னி
ꢒꢵꢥꢸ꣄ ꢣꢸꢮ꣄ꢥꣁ,கானுது3வ்னொ
ꢒꢪꢵꢭ꣄,கமால்
ꢃꢖ꣄ꢔꢸ ꢲꢸꢥ꣄ꢥꣁ,ஆங்கு3ஹுன்னொ
ꢡꢵꢦ꣄,தாப்
ꢦꢵꢄ~ ꢃꢠꢶ,பாஇ~ஆணி
ꢒꢺꢪꢶ ꢥꢵꢱꢶꢥꢶ,க்ருமிநாஸினி
ꢦꢶꢱꣁ,பிஸொ
ꢂꢥ꣄ꢡ꣄ꢬꢵꢪꢸ ꢓꢙ꣄ꢙꢸ,அந்த்ராமுக2ஜ்ஜு
ꢮꢵꢪꢶ,வாமி
ꢔꣁꢳꢶ,கொ3ளி
ꢦꢷꢦ꣄,பீப்
ꢦꣁꢜ꣄ꢱꢾ,பொட்ஸெ
ꢱꢶꢒꢶꢡ꣄ꢱꣁ,சிகித்ஸொ
ꢓꢙ꣄ꢙꢸ,க2ஜ்ஜு
ꢣꢾꢮꢶ,தெ3வி
ꢪꢭꢦ꣄ꢬꢮꢵꢲꢪ꣄,மலப்ரவாஹம்
ꢦꢷꢦꢸ ꢔꢾꢞ꣄ꢞꣁ,பீபு கெ3ட்3டொ3
ꢄꢠ꣄ꢒꢶꢥꢶ,இண்கினி
ꢱꢾꢮꢒꢷ,ஸேவகீ
ꢱꢸꢱ꣄ꢬꢸꢱꣁ ꢒꢾꢬ꣄ꢥꢵꢬ꣄,ஸுஸ்ருஸொ கெர்னார்
ꢓꢵꢱ꣄ꢦꣁꢜ꣄ꢜꢸ,கா2ஸுபொட்டு
ꢓꢵꢱ꣄ꢓꢙ꣄ꢙꢸ,கா2ஸ்க2ஜ்ஜு
ꢧꢸꢔ꣄ꢥꢶ,பு2க்3னி
ꢙꢵꢒ꣄ꢬꢡ ꢱꢶꢮꢶ ꢲꣁꢒꢡ꣄,ஜாக்ரத ஸிவி ஹொக3த்
ꢙꢵꢒ꣄ꢬꢡ ꢲꣁꢒꢡ꣄,ஜாக்ரதஹொகத்
ꢣꣁꢱ꣄ꢒꢵ ꢣꢸꢮ꣄ꢥꣁ,தொ3ஸ்காது3வ்னொ
ꢱꢶꢔꢶꢬ꣄,ஸிகி3ர்
ꢱꢶꢔꢸꢬ꣄,ஸிகு3ர்
ꢱꢷꢒ꣄,ஸீக்
ꢱꢶꢮ꣄ꢥꢶ,ஸிவ்னி
ꢡꢾꢫ꣄ꢭ꣄,தெய்ல்
ꢬꣁꢔ꣄ ꢦꢾꢬ꣄ꢦꢶꢥꢶ,ரோக்3பெர்பினி
ꢤꢾꢭ꣄ꢥꢶ ꢮ꣄ꢫꢵꢤꢶ,தெ4ல்னிவ்யாதி4
ꢒꢾꢠ꣄ꢞꢵ ꢬꣂꢒ꣄,கெண்டா3 ரோக்3
ꢱꢾꢒ꣄ꢒꢬꢸ ꢒꣁꢳꢵꢬ꣄,ஸெக்கருகொளார்
ꢮꢶꢫꢵꢣꢶꢱ꣄ꢢꢸ,வியாதி3ஸ்து2
ꢬꣂꢔꢶ,ரோகி3
ꢬꣂꢔ꣄ ꢔ꣄ꢬꢱ꣄ꢡꢶ,ரோக்3க்3ரஸ்தி
ꢣꢸꢮ꣄ꢥꣁ,து3வ்னொ
ꢦꢬ꣄ꢱ ꢮꢵꢫꢸ,பர்ஸவாயு
ꢦꢵꢬ꣄ꢱ꣄ꢮ ꢮꢵꢫꢸ,பார்ஸ்வவாயு
ꢒꢶꢜꢵꢗꢸꢜ꣄ꢜꢸ,கிடாசுட்டு
ꢪꣁꢞ꣄ꢪꢾ,மொட்3மெ
ꢪꣁꢠ꣄ꢪꢾ,மொண்மெ
ꢣꢵꢣꢸ ꢣꢸꢮ꣄ꢥꣁ,தா3து து3வ்னொ
ꢣꢵꢣꢸ ꢦꣁꢭ꣄ꢭꢪ꣄,தா3துபொல்லம்
ꢦꢾꢫ꣄ꢡ꣄ꢡꢸ,பெய்த்து
ꢙꢬ꣄ꢒꢾꢪ꣄,ஜர்கெம்
ꢙꢬ꣄ꢒꢾꢪꢸꢣꢸꢮ꣄ꢥꣁ,ஜர்கெமுது3வ்னொ
ꢦꢭ꣄ꢭꢶꢥꢶ ꢣꢸꢮ꣄ꢥꣁ,பல்லினி து3வ்னொ
ꢦ꣄ꢬꢱꢮ ꢮꢾꢣꢥꣁ,ப்ரஸவ வேத3னொ
ꢆꢦꢩꢵꢤꣁ,உபபா3தொ4
ꢆꢨꢵꢤꢒꣁ,உபா3த4கொ
ꢆꢦꢵꢤꣁ,உபாதொ4
ꢧꢭ꣄ꢗꢵ ꢨꢵꢤꣁ,ப2ல்சா பா3தொ4
ꢗꢸꢠ꣄ꢜꢸꢭ꣄,சுண்டுல்
ꢭꢷꢒ꣄,லீக்
ꢪꣁꢱ꣄ꢒꢭ꣄,மொஸ்கல்
ꢪꢾꢖ꣄ꢒꢶꢥꢶ,மெங்கினி
ꢮꣀꢣ꣄ꢫꢪ꣄,வைத்3யம்
ꢮꢣ꣄ꢫ ꢯꢵꢭꣁ,வைத்3ய ஶாலொ
ꢪꢭ ꢨꢥ꣄ꢤꢪ꣄,மலப3ந்த4ம்
ꢪꣁꢥ꣄ꢥꢸ ꢒꣁꢳꢵꢬ꣄,மொன்னு கொளார்
ꢩꢬꢵꢜ꣄ ꢦꢶꢱꢡ꣄ꢡꢾ,ப4ராட்பிஸஸ்தே
ꢣꢹꢬ꣄ ꢬꢴꢥꢶ,து3 தூ3ர்ர:நி
ꢲꢿꢪꢸ ꢣꢸꢮ꣄ꢥꣁ,ஹேமு து3வ்னொ
ꢔꢸꢠ꣄ꢜꢾꢪ꣄ ꢕꢵꢪ꣄,கு3ண்டெம்கா4ம்
ꢧꣀꢭꣁ ꢏꢫ꣄ꢡꢦ꣄ꢦꢥ꣄,பை2லாஒய்தபன்
ꢪꢸꢞ꣄꣄ꢥꢶ,முட்3ணி
ꢔꢸꢞ꣄꣄ꢒꢵꢪ꣄ ꢣꢸꢮ꣄ꢥꣁ,கு3ட்3கா3து3வ்னொ
ꢪꢹꢭꢪꢸ ꢒꣁꢳꢵꢬ꣄,முலமுகொளார்
ꢬꢾꢔꢡ꣄ ꢮꢿꢔ꣄,ரெக3த்வேக்3
ꢬꣁꢪꢣꢸ ꢨꢶꢱ꣄ꢱꣁ,ரெக3துபி3ஸ்ஸொ
ꢬꢾꢔꢡꢸ ꢲꢷꢥ꣄,ரெக3து ஹீன்
ꢭꢿꢒꢶꢫꢪ꣄,லேகியம்
ꢮꢭꢶꢮ꣄,வலிவ்
ꢪꣁꢳꢶꢶ ꢣꢸꢮ꣄ꢥꣁ,மொளி து3வ்னொ
ꢪꢸꢭꢪꢸꢒ꣄ ꢒꣁꢳꢵꢬ꣄,மூலமுக் கொளார்
ꢮꢪ꣄ꢥꢶ,வம்னி
ꢡꣂꢠꢹꢓꢙ꣄ꢙꢸ,தோணுக2ஜ்ஜு
ꢮꢵꢫꢹ,வாயூ
ꢄꢱ꣄ꢒꢶ,இஸ்கி
ꢱꢹꢡ꣄,ஸூத்
ꢨꢸꢬꢸꢞꣁ,பு3ருடொ3 பு2க்3நி
ꢧꢸꢔ꣄ꢥꢶ,பு3ருடொ3 பு2க்3நி
ꢨꢵꢣꣁ,பா3தொ3
ꢲꢶꢬ,ஹிர
ꢥꢡ꣄ꢡꢭ꣄,நத்தல்
ꢒꣁꢪ꣄ꢨꢳꢮꢥꢶ,கொம்ப்3ளவனி
ꢒꣁꢪ꣄ꢨꢳ ꢦꣁꢭ꣄ꢱꣁ,கொம்ப்3ளபொல்ஸொ
ꢙꢾꢪ꣄ꢨ꣄ꢳ,ஜெம்ப்3ள
ꢒꢳꣁ,களொ
ꢥꢶꢳꣁ,நிளொ
ꢕꢾꢞꢶ ꢦꣁꢭ꣄ꢱꣁ,கெ4டி3பொல்ஸொ
ꢒꢳ,கள
ꢒꢵꢰ꣄ꢜꢸ,காஷ்டு
ꢬꢪꢵ ꢦꣁꢭ꣄ꢱꣁ,ரமாபொல்ஸொ
ꢱꢶꢬ꣄ꢒ꣄ꢒꢥ꣄,ஸிர்க்கன்
ꢤꢹꢪ꣄ꢮꢥꢶ,தூ4ம்வனி
ꢭꢴꣁꢮ꣄ꢮꣁ,லொ:வ்வொ
ꢮꢥꢶ,வனி
ꢯ꣄꣄ꢫꢵꢪꣁ,ஶ்யாமொ
ꢥꢶꢭ,நில
ꢦꣁꢭ꣄ꢱꣁ,பொல்ஸொ
ꢂꢳ꣄ꢞꢸꢥꣁ,ஹள்டு3னொ
ꢆꢙꢵꢳ꣄,ஹுஜாள்
ꢂꢦꢱꢾꢔꢸꢥ꣄,அபஸெகு3ன்
ꢂꢪꢖ꣄ꢒꢭꢸ,அமங்க3லு
ꢪꢖ꣄ꢔꢭ ꢲꢶꢥ꣄,மங்க3ல ஹீன்
ꢨꣁꢮ꣄ꢥꢶ ꢦꢡ꣄ꢬꢶꢒꣁ,பொ3வ்னி பத்ரிகொ
ꢱ꣄ꢮꢵꢔꢡ ꢦꢡ꣄ꢬꢶꢒꣁ,ஸ்வாக3த பத்ரிகொ
ꢥꢶꢪꢥ꣄ꢡ꣄ꢬꢥ ꢦꢡ꣄ꢬꢶꢒꣁ,நிமந்த்ரன பத்ரிகொ
ꢨꣁꢮ꣄ꢥꢶ,பொ3வ்னி
ꢂꢗꢵꢬ꣄,அசார்
ꢣꢷꢮꢥꣁ,தீ3வனொ
ꢃꢱꢶꢬ꣄ꢮꢵꢣ꣄,ஆஸிர்வாத்3
ꢆꢦꢮꢵꢱ꣄,உபவாஸ்
ꢏꢔꢡ꣄,ஒக3த்
ꢔꣁꢬꢸ ꢤꢾꢬ꣄ꢥꢶ,கொ3ரு தெ4ர்னி
ꢣꣁꢳꢵ ꢣꢶꢰ꣄ꢜꢶ,தொ3ளா தி3ஷ்டி
ꢣꢺꢰ꣄ꢜꢶ,த்ரு3ஷ்டி
ꢣꣁꢭ ꢦꣁꢞꢱ꣄ꢡꢾ,தொ3ள பொட3ஸ்தெ
ꢲꣁꢬꢵꢜ꣄,ஹொராட்
ꢮꢶꢮꢵꢲꣁ,விவாஹொ
ꢦꢵꢠꢶ ꢔꢺꢲꢠꣁ,பாணி க்3ரஹணொ
ꢙꣁꢮꢳ꣄꣄,ஜொவள்
ꢒꢵꢥ꣄ ꢮꢶ,கான்வி
ꢪ ꢶꢥ꣄ꢡꢶꢥꢶ,மி ந்தி3னி
ꢪꢴꢹꢬ꣄ꢡꢸ ꢓꢵꢪ꣄ꢦꢸ ꢱ꣄ꢢꢵꢦꢥꣁ,மூ:ர்துகா2ம்பு ஸ்தா2பனொ
ꢒꢸꢭ ꢮꣁꢕꢭꢱ꣄ꢡꢾ,குலவொக4லஸ்தே
ꢚꢠ꣄ꢞꢮ꣄ ꢲꢶꢖ꣄ꢔꢞ꣄ꢠꢶ,ஜ2ண்டா3வ் ஹிங்க3ட்3ணி
ꢪꢸꢔ꣄ꢔꢸ,முக்3கு3
ꢱꢾꢔꢸꢥ꣄,ஸெகு3ன்
ꢱꢪ꣄ꢱ꣄ꢒꢵꢬ꣄,ஸம்ஸ்கார்
ꢱꢶꢬ꣄ꢒ꣄ꢒꢠꢸ ꢂꢪ꣄ꢨꢶꢭ꣄,ஸிர்க்கணுஅம்பி3ல்
ꢦ꣄ꢬꢿꢣꢸꢒ꣄ ꢔꢞ꣄ꢠꢶ,ப்ரேது3க் க3ட்3ணி
ꢦ꣄ꢬꢾꢡ꣄ ꢢꣁꢮꢥ꣄ ꢱ꣄ꢢꢵꢥ꣄,ப்ரேத் தொ2வன் ஸ்தா2ன்
ꢦ꣄ꢬꢾꢣꢸꢦꣁꢭ꣄ꢭꢪ꣄,ப்ரேது3பொல்லம்
ꢦ꣄ꢬꢾꢣꢸ ꢔꢬ꣄ꢡꣁ,ப்ரேது3 க3ர்தொ
ꢦ꣄ꢬꢾꢣꢸꢦꢾꢞꢶ,ப்ரேது3பெடி3
ꢩꣁꢬꢠꢶ,பொ4ரணி
ꢱꢶꢥ꣄ꢣꢪ꣄,ஸிந்த3ம்
ꢱꢶꢔ꣄ꢬꢪ꣄,ஸிக்3ரம்
ꢦꣁꢭꣁ,பெலொ
ꢛꢵꢥꢱ꣄ꢥꢵꢥ꣄,ஞானஸ்நான்
ꢣꢲꢥꣁ,த3ஹனொ
ꢡꢒ꣄ꢰ꣄ꢠꣁ,தக்ஷணொ
ꢡꢪ꣄ꢦꢡꢶ,த3ம்பதி
ꢭꢾꢗ꣄ꢗꢾ,லெச்செ
ꢣꣁꢬꢶꢪ꣄ ꢨꣁꢜ꣄ꢜꢸ,தொ3ரிம் பொ3ட்டு
ꢪꢵꢖ꣄ꢔꢭ꣄ꢫꢸ,மாங்க3ல்யு
ꢨꣁꢜ꣄ꢜꢸ ꢩꢥ꣄ꢣꢶ,பொ3ட்டு ப4ந்தி
ꢲꣁꢬꢵꢜꢸ ꢱꢶꢔ꣄ꢬꢪ꣄,ஹொராடு ஸிக்3ரம்
ꢲꣁꢬꢵꢜꢸ ꢩꣁꢔꢸꢪꢵꢥꢶ,ஹொராடு பொகு3மானி
ꢲꣁꢬꢵꢜꢸ ꢪꢠ꣄ꢣꢦ꣄,ஹொராடு மொண்ட3வ்
ꢡꢶꢥ꣄ꢥꢵꢳ꣄꣄,தின்னாள்
ꢱꢸꢦ ꢮꣀꢩꢮ꣄,ஸுப வைப4வ்
ꢱꢾꢥ꣄ꢥꢸ,ஸென்னு
ꢡꢶꢥ꣄ꢥꢵꢳ꣄,தின்னாள்
ꢬꢾꢡ꣄ꢡꢸꢱꢾꢥ꣄ꢥꢸ,ரெத்துஸென்னு
ꢩꢶꢠ꣄ꢞꢶꢥꢶ,பி4ண்டி3நி
ꢥꣁꢪ꣄ꢒꢾ,நொம்கெ
ꢱ꣄ꢮꢵꢔꢡꣁ,ஸ்வாக3தொ
ꢡꢸꢜ꣄ꢫꢵꢥꢸ ꢲꣁꢬꢵꢜ꣄,துட்3யானுஹொராட்
ꢕꢾꢜ꣄ꢜꢶꢮꢶꢞꣁ,கெ4ட்டிவிடொ3
ꢣꢿꢱ꣄,தே3ஸ்
ꢨꢠꢵꢭ꣄,ப3ணால்
ꢦꣁꢜ꣄ꢜꢵꢱ꣄,பொட்டாஸ்
ꢱꢪ꣄ꢱ꣄ꢒꢺꢡꢶ,ஸம்ஸ்க்ருதி
ꢪꢮ꣄ꢞꣁ,மவ்டொ3
ꢦꢵꢡꢶ,பாதி3
ꢦꢖ꣄ꢒ꣄ꢡꢶ,பங்க்தி
ꢩꣁꢔꢸꢪꢵꢥ꣄,பொ4கு3மான்
ꢨꣁꢭꢶ,பொ3லி
ꢬꣂꢙꢵ ꢧꢹꢭꢸꢦꢥꢶ,ரோஜாபூ2லுபனி
ꢦꢥ꣄ꢥꢷꢬ꣄ ꢓꢸꢪ꣄ꢨꢵꢮ꣄,பன்னீர் கு2ம்பா3வ்
ꢦꢵꢞꣁ,பாடொ3
ꢣꢹꢡ ꣄ꢲꢸꢥ꣄ꢥꣁ ꢒꢾꢬꢱ꣄ꢡꢾ,தூ3த் ஹுன்னொ கெரஸ்தே
ꢣꢹꢡ꣄ ꢡꢮꢱ꣄ꢡꢾ,தூ3த் தவஸ்தே
ꢦꢶꢠ꣄ꢞꢸ,பிண்டு3
ꢆꢙꢾꢣꢶꢮꢱ꣄,உஜெதி3வஸ்
ꢆꢙꢾ ꢣꢶꢥ꣄ꢥꢸ,உஜெ தி3ன்னு
ꢧꢹꢭꢸ ꢪꢸꢔ꣄ꢔꢸ,பூ2லுமுக்3கு3
ꢔꢺꢲ ꢦ꣄ꢬꢮꢿꢱ꣄,க்ரு3ஹப் ப்ரவேஸ்
ꢦꢸꢬꣁꢲꢶꢡ꣄,புரோஹித்
ꢦꢸꢬꢾꢡ꣄,புரேத்
ꢦꢸꢙꢬꢶ,புஜரி
ꢗꢵꢭꢸ ꢮꢶꢱꢾꢯ꣄,சாலு விஸேஷ்
ꢨꢾꢜ꣄ꢒꢶ ꢱꢵꢱ꣄ꢡꢾ,பெ3ட்கி ஸாஸ்தே
ꢥꢵꢪꢔꢬꢠꣁ,நாம க3ரணொ
ꢱꢾꢜ꣄ꢜꢶ,ஸெட்டி
ꢲꣁꢬꢵꢜꢸꢪꢮ꣄ꢞꣁ,ஹொராடு மவ்டொ3
ꢥꣁꢮ꣄ꢬꢶ,நொவ்ரி
ꢥꣁꢮ꣄ꢬꣁ,நொவ்ரொ
ꢲꣁꢬꢵꢜꢸ ꢲꢵꢬ,ஹொராடுஹார்
ꢲꣁꢬꢵꢜꢸ ꢦꢷꢝꢪ꣄,ஹொராடு பீட2ம்
ꢦꢣ꣄ꢣꢣꢶ,பத்3த3தி
ꢮꢡ꣄ꢒꢾ,வட்கெ
ꢦꢸꢥꢬ꣄ꢙꢾꢥ꣄ꢪꢸ,புனர்ஜென்மு
ꢦꢷꢞꢸꢪꢸꢔ꣄ꢔꢸ,பீடு3முக்3கு3
ꢲꢵꢬ꣄ꢧꢶꢬꢶꢕꢭ꣄ꢭꢶꢥꢶ,ஹார் பி2ரி க4ல்லினி
ꢪꢵꢭꣁ ꢪꢗ꣄ꢗꢸꢭꢱ꣄ꢡꢾ,மாலொமச்சுலஸ்தே
ꢦꢵꢄ~ ꢪꢸꢣ꣄ꢣꢶ,பாஇ~முத்3தி3
ꢮꢶꢛ꣄ꢗꢸ ꢨꣁꢜ꣄ꢜꢸ,விஞ்சுபொ3ட்டு
ꢒꢾꢥ꣄ꢥꢭ꣄,கென்னள்
ꢪꢸꢣ꣄ꢣꢶꢪꢬ꣄ꢗꢸꢭꢱ꣄ꢡꢾ,முத்3தி3 மர்சுலஸ்தே
ꢪꢴꢹꢬ꣄ꢡꢸ,மூ:ர்து
ꢭꢾꢔꢶꢥ꣄,லெகி3ன்
ꢪꢴꢸꢞꢨꢶꢠ꣄ꢞꢶꢥꢶ,மு:டா3பி3ண்டி3னி
ꢱ꣄ꢮꢵꢔꢣ꣄,ஸ்வாகத்3
ꢒꣀꢥꣁ ꢧꢶꢬꢞ꣄ꢥꢶ,கைனொ பி2ரட்3னி
ꢡꢥ꣄ꢣꢸ ꢡꣀꢥꢶ,தந்து3 தைனி
ꢥꢥ꣄ꢣꢶꢥꢶ,நந்தி3னி
ꢙꣁꢪꢥ꣄,ஜொமன்
ꢔꣁꢬꢸ ꢆꢞ꣄ꢔꢠ꣄ꢠꢶ,கொ3ரு உட்க3ண்ணி
ꢙꢬ꣄,ஜர்
ꢡ꣄ꢒꢾꢪ꣄ ꢦꢵꢥ꣄,த்கெம் பான்
ꢂꢞꢸꢪꢹꢳ꣄,அடு3மூள்
ꢬꢿꢒ꣄,ரேக்
ꢣꢳꣁ,த3ளொ
ꢦꢵꢥ꣄,பான்
ꢦꢵꢥꢸꢥꢾꢬꢪ꣄,பானுநெரம்
ꢔꢾꢠꢸꢒ꣄,கெ3ணுக்
ꢭꢫ꣄ꢞꣁ,லய்டொ3
ꢭꢔꢸꢞꣁ,லகு3டொ3
ꢥꢴꢥ꣄ ꢚꢜ꣄ꢒꢶ,ந:ன் ஜ2ட்கி
ꢦꣁꢳ꣄ꢳꣁ,பொள்ளொ
ꢦꢳ꣄ꢳꣁ,பள்ளொ
ꢒꢵꢪ꣄ꢨꢸ,காம்பு3
ꢡꢵꢠ꣄,தாண்
ꢒꢫ꣄ꢭꣁ,கய்லொ
ꢔꢾꢙ꣄ꢙꢥꢵ ꢚꢵꢜ꣄,கெ3ஜ்ஜனாஜா2ட்
ꢯꢵꢔꣁ,ஶாகொ3
ꢒꣁꢪ꣄ꢨꢸꢳꣁ ꢦꢵꢥ꣄,கொம்பு3ளொபான்
ꢦꣁꢱ꣄ꢒꢾ,பொஸ்கெ
ꢔꢸꢳ꣄꣄ꢪꣁ,கு3ள்மொ
ꢮꢶꢡ꣄ꢡꢸ,வித்து
ꢨꢷꢒ꣄,பீ3க்
ꢚꢳ꣄ꢳꣁ,ஜ2ள்ளொ
ꢮꢿꢭ꣄,வேல்
ꢒꣁꢪ꣄ꢪꣁ,கொம்மொ
ꢱꢾꢒ꣄ꢒꢬ꣄ ꢒꢾꢳꢖ꣄ꢔꢸ,ஸெக்கர்கௌங்கு3
ꢔꣂꢠ꣄꣄,கோ3ண்
ꢔꣂꢥ꣄,கோ3ன்
ꢡꢵꢡꢸꢪꢹꢳ꣄,தாதுமூள்
ꢗꢾꢡ꣄ꢡꣁ,செத்தொ
ꢚꢜ꣄ꢒꢶ,ஜ2ட்கி
ꢨꣁꢥ꣄ꢣꢿ,பொ3ந்தே3
ꢓꢜ꣄ꢜꢶ,க2ட்டி
ꢪꢸꢒꢸꢭꢸ ꢦꢵꢥ꣄,முகுலு பான்
ꢗꢶꢒꢸꢬ꣄,சிகுர்
ꢂꢖ꣄ꢒꢸꢬ꣄,அங்குர்
ꢢꣁꢳ꣄꣄ꢗꢶ,தொ2ள்சி
ꢗꢵꢫ꣄ꢦꢵꢥ꣄,சாய்பான்
ꢜꢷ ꢦꢵꢥ꣄,டீ பான்
ꢪꢫ꣄,மய்
ꢪꢤꢸ,மது4
ꢡꢾꢥꢾ,தேனெ
ꢣꢾꢙ꣄ꢙꢥꢵꢚꢵꢜ꣄,கெ3ஜ்ஜனா ஜா2ட்
ꢱꢡꢶꢙꢵꢞ꣄,ஸதிஜாட்3
ꢥꢵꢡ꣄,நாத்
ꢦꢷꢙꢵꢖ꣄ꢒꢸꢬ꣄,பீஜாங்குர்
ꢤꢹꢪ꣄ꢦꢵꢥ꣄,தூ4ம்பான்
ꢱꢵꢳꢸ ꢦꢾꢫꢶꢬ꣄,ஸாளு பெயிர்
ꢱꢵꢳꢸ ꢆꢦꢙꢵꢮ꣄,ஸாளு உபஜாவ்
ꢦꢾꢫꢶꢬ꣄ ꢦꢠ꣄ꢜꣁ,பெயிர் பண்டொ
ꢆꢦꢙꢵꢮ꣄,உபஜாவ்
ꢨꢵꢛ꣄ꢙꢶ,பா3ஞ்ஜி
ꢦꢶꢥ꣄ꢣꣁ,பிந்தொ3
ꢨꢾꢡ꣄ꢡꢪ꣄ ꢮꢳ꣄ꢜꢶ,பெ3த்தம்
ꢦꣁꢣꢬ꣄,பொத3ர்
ꢲꢬꢳꢶ,ஹரளி
ꢧꢸꢭ꣄,பூ2ல்
ꢧꢸꢭꢶ ꢚꢜ꣄ꢒꢶ,பூ2லுஜ2ட்கி
ꢃꢳ꣄ꢮꢥꢶ ꢒꢾꢳꢖ꣄ꢔꢸ,ஆள்வளி கௌங்கு3
ꢓꢜꣁ,க2டொ
ꢪꣁꢭ꣄ꢒꣁ,மொல்கொ
ꢂꢖ꣄ꢒ꣄ꢬꣁ,அங்க்ரொ
ꢨꣁꢖ꣄ꢔꢸ,பொ3ங்கு3
ꢪꢸꢔꢸꢭ꣄,முகுல்
ꢪꢹꢳꢸꢒꢾꢳ꣄,மூளுகேள்
ꢒꢿꢳꢸ ꢚꢵꢞ꣄,கேளு ஜா2ட்3
ꢪꢹꢭ꣄,மூல்
ꢆꢪ꣄ꢨ꣄ꢳꢵ ꢚꢵꢜ꣄,உம்ப்3ளாஜா2ட்
ꢦꢶꢪ꣄ꢦꢭ꣄ ꢚꢵꢜ꣄,பிம்பள்ஜா2ட்
ꢐꢞ ꢚꢵꢜ꣄,ஓடாஜா2ட்
ꢪꢸꢱꢸꢠ꣄ꢞꢶꢚꢵꢜ꣄,முஸுண்டி3ஜா2ட்
ꢚꢥ꣄ꢥꢶ,ஜ2ன்னி
ꢚꢠ꣄ꢠꢶ,ஜ2ண்ணி
ꢭꢶꢪ꣄ꢨꢸ,லிம்பு3
ꢦꢬꢸꢠ꣄ꢞꣁ,பருண்டொ3
ꢦꢶꢒ꣄ꢒꢾ ꢮꢾꢥ꣄ꢥꢸ,பிக்கெவென்னு
ꢲꢦ꣄ꢦꢭꢸꢚꢵꢜ꣄,ஹப்பளு ஜா2ட்
ꢮꢶꢬ꣄ꢡꢵꢮꢸ ꢦꣁꢱ꣄ꢒꢾ,விர்தாவு பொஸ்கெ
ꢒꢾꢬ꣄ꢦꢵꢮꢸ ꢦꢵꢥ꣄,கெர்பாவுபான்
ꢱꢵꢓꣁ,ஸாகொ2
ꢄꢪ꣄ꢨꢸꢳꣁ,இம்பு3ளொ
ꢬꢵꢠꢸ ꢆꢳꢵ ꢧꢹꢭ꣄,ராணுஹுளாபூ2ல்
ꢥꢬꢳꢸ ꢥꢵꢬ꣄,நரளுநார்
ꢪꢒꢬꢥ꣄ꢡ ꢓꣁꢭ꣄ꢜꢶ,மகரந்தகொ2ள்டி
ꢤꢾꢫ꣄ꢳꣁ,தெ4ய்ளொ
ꢥꢬꢳꢸ ꢚꢵꢃꢜ꣄,நரளு ஜா2ட்
ꢡꢿꢒ꣄ꢒꢸ ꢚꢵꢜ꣄,தேக்குஜா2ட்
ꢣꣁꢮ꣄ꢞꣁ,தொவ்டொ3
ꢮꢭ꣄ꢒꢭꣁ,வல்கலொ
ꢦꢜ꣄ꢜꢾ,பட்டெ
ꢙꢾꢪ꣄ꢦꢸ ꢚꢵꢜ꣄,ஜெம்பு ஜா2ட்
ꢂꢪ꣄ꢨꢸꢳꢵ ꢚꢵꢜ꣄,அம்பு3ளா ஜா2ட்
ꢦꢦ꣄ꢦꢵꢳꢶꢶ ꢚꢵꢜ꣄,பப்பாளிஜா2ட்
ꢦꣁꢥ꣄ꢥꢶꢱꢸ ꢚꢵꢜ꣄,பொன்னிஸுஜா2ட்
ꢡꢵꢞꢶ ꢚꢵꢜ꣄,தாடி3ஜா2ட்
ꢲꢦ꣄ꢦꢳꢸ ꢚꢵꢜ꣄,ஹப்பளுஜா2ட்
ꢒꢵꢥꢸ ꢚꢵꢜ꣄,கானுஜா2ட்
ꢡꢪꢵꢭ ꢚꢵꢜ꣄,தமாலஜா2ட்
ꢗꢷꢱꢸ꣄ ꢚꢵꢜ꣄,சீஸுஜா2ட்
ꢓꢱ꣄ꢭꣁ,க2ஸ்லொ
ꢚꢵꢜꢸ ꢬꢾꢥ꣄ꢡꢸ,ஜா2டு ரெந்து
ꢕꢸꢮ꣄ꢮꣁ,கு4வ்வொ
ꢚꢵꢜ꣄,ஜா2ட்
ꢒꢗ꣄ꢗꢪ꣄ꢨꢵ ꢚꢵꢜ꣄,கச்சம்பா3 ஜா2ட்
ꢪꢸꢥ꣄ꢣꢶꢬꢶ ꢚꢵꢜ꣄,முந்தி3ரிஜா2ட்
ꢱꢾꢮ꣄ꢒꢵ ꢚꢵꢜ꣄,ஸெவ்காஜா2ட்
ꢨꣁꢖ꣄ꢔꢸ ꢚꢵꢜ꣄,பொ3ங்கு3ஜா2ட்
ꢭꢷꢪꢸ ꢚꢵꢜ꣄,லீமுஜா2ட்
ꢭꢾꢔꢸꢡ꣄ꢡꢵ ꢣꢶꢥ꣄ꢥꢸ,லெகு3த்தா தி3ன்னு
ꢲꢣ꣄ꢣꢸꢬꢵꢡ꣄,ஹத்3து3ராத்
ꢡꢾꢥ꣄ꢣꢸꢱ꣄,தெந்து3ஸ்
ꢏꢬ꣄ꢱꢸ,ஒர்ஸு
ꢬꢵꢡ꣄,ராத்
ꢬꢵꢣꢶ,ராதி
ꢲꢶꢥ꣄ꢣꣁ,ஹிந்தொ3
ꢒꢵꢭꢸ,கால்
ꢮꢿꢳ꣄,வேள்
ꢧꢭ꣄ꢡꢶ ꢧꢵꢬ꣄,ப2ல்தி பா2ர்
ꢱꣁꢳ ꢶꢧꢵꢬ꣄,ஸொளி பா2ர்
ꢧꣀꢭ ꢧꢵꢬ꣄,பை2ல பா2ர்
ꢣꢶꢥ꣄ꢥꢸ,தி3ன்னு
ꢮꢵꢬ꣄,வார்
ꢱꢔꢨ꣄꣄ꢡꢸ,ஸகாப்3து3
ꢮꢷꢳ꣄ ꢮꢾꢳꢸ,வீள் வேளு
ꢮꢷꢳ꣄ ꢱꢾꢥ꣄ꢣꢸꢭꣁ,வீள்ஸெந்து3லொ
ꢪꢴꢞꣁ,ம:டொ3
ꢣꢶꢥꢵꢖ꣄ꢒꢸ,தி3னாங்கு
ꢣꢷꢱ꣄,தீ3ஸ்
ꢱꣁꢥ꣄ꢣꣁ,ஸொந்தொ3
ꢦꣁꢬꢪ꣄,பொரம்
ꢥꢶꢪꢸꢰ꣄,நிமுஸ்
ꢱꣂꢮꢸ ꢏꢬ꣄ꢱꢸ,ஸோவு ஒர்ஸு
ꢱꢡꢵꢨ꣄ꢣꢶ,ஸதாப்3தி3
ꢕꢾꢞꢶ,கெ4டி3
ꢤꢸꢧꢵꢬꢶ,து4பா2ரி
ꢂꢜ꣄ꢜꢵꢱ꣄,அட்டாஸ்
ꢮꢾꢳ꣄꣄,வேள்
ꢥꢶꢪꢸꢱ꣄,நிமுஸ்
ꢣꢸꢱꢸꢬꢥ꣄ꢣꢶ,து3ஸுரந்தி3
ꢣꢸꢱ꣄ꢬꢥ꣄ꢣꢶ,து3ஸ்ரந்தி3
ꢪꢴꢜꣁ,ம:டொ
ꢮꢷꢳ꣄ꢜꣁ,வீள்டொ
ꢧꣀꢭꢣꢷꢱ꣄,பை2லதீ3ஸ்
ꢧꢭ꣄ꢡꢶꢧꢵꢬ꣄,ப2ல்திபா2ர்
ꢧꣀꢭꢧꢵꢬ꣄,பை2லபா2ர்
ꢱꣁꢞꢒ ꣄ꢕꢾꢞꢶ,ஸொட3க் கெ4டி3
ꢫꢸꢒꢪ꣄,யுக3ம்
ꢂꢫ꣄ꢡ꣄ꢮꢵꢬ꣄,அய்த்வார்
ꢱꣁꢪ꣄ꢮꢵꢬ꣄,ஸொம்வார்
ꢪꢖ꣄ꢔꢳ꣄ꢮꢵꢬ꣄,மங்கள்வார்
ꢨꢸꢤꢮꢵꢬ꣄,பு3த4வார்
ꢨ꣄ꢬꢸꢲꢱ꣄ꢡꢮꢵꢬ꣄,ப்3ருஹஸ்தவார்
ꢱꢸꢒ꣄ꢬꢮꢵꢬ꣄,ஸூக்ரவார்
ꢱꢾꢥꢶꢮꢵꢬ꣄,ஸெனிவார்
ꢂꢣꢶꢪꢤꢸꢬꢪ꣄,அதி3மது4ரம்
ꢡꢥ꣄ꢣꢸ,தந்து3
ꢍꢬꢠ꣄ꢞꣁ,ஏரண்டொ3
ꢭꣁꢪ꣄ꢧꢹꢭ꣄,லொம்பூ2ல்
ꢪꢷꢜ꣄,மீட்
ꢆꢖ꣄ꢒꣁ,உங்கொ
ꢣꢸꢱꣁ,துஸொ
ꢤꢹꢳ꣄꣄ꢪꢹꢳ꣄꣄,து4ள்மூள்
ꢒꢥ꣄ꢣꣁ,கந்தொ3
ꢆꢞꢶꢡ꣄,உடி3த்
ꢡꢿꢭ꣄,தேல்
ꢡꢷꢳ꣄꣄,தீள்
ꢌꢭꣁ,எலொ
ꢏꢪꣁ,ஒமொ
ꢔꢱꢔꢱꢵꢭ꣄,க3ஸக3ஸால்
ꢗꢾꢥ꣄ꢥꣁ,சென்னொ
ꢪꢴꢸꢬꢶ,மு:ரி
ꢭꢮꢖ꣄ꢔ ꢦꢜ꣄ꢜꣀ,லவங்க3 பட்டொ
ꢓꢾꢠ꣄ꢞꢸ,கெ2ண்டு3
ꢄꢒ꣄ꢱꢸꢔꢾꢞ꣄ꢞꣁ,இக்ஷுகெ3ட்3டொ3
ꢒꢸꢳꢶꢡ꣄,குளித்
ꢒꢵꢦꢶꢩꢸꢬ꣄ꢒꣁ,காபிபு4ர்கொ
ꢲꢶꢖ꣄ꢔꢸ,ஹிங்கு3
ꢒꢶꢱ꣄ꢪꢶꢱ꣄,கிஸ்மிஸ்
ꢒꢸꢖ꣄ꢒꢸꢪ꣄ꢧꢸꢭ꣄,குங்கு3ம்பூ2ல்
ꢒꢾꢱꢬꢶ,கேஸரி
ꢃꢬꢮꢭ꣄ꢭꢶ ꢩꢸꢬ꣄ꢒꣁ,ஆரவல்லிபு4ர்கொ
ꢬꢴꢔꢶ,ர:கி3
ꢒꢿꢱꢬꢶꢩꢸꢬ꣄ꢒꣁ,கேஸரி பு4ர்கொ
ꢒꢗ꣄ꢗꢾꢥ꣄ꢥꣁ,கச்சென்னொ
ꢤꢥꢶꢫꢵ,த4னியா
ꢒꣁꢡ꣄ꢡꢪꢭ꣄ꢭꢶ,கொத்தமல்லி
ꢱꢸꢒ꣄ꢒꢾ ꢥꢬꢾꢭ꣄,ஸுக்கெநரெள்
ꢕꣁꢪꢸ,கோ4மு
ꢕꣂꢪ ꢡꢥ꣄ꢣꢸ,கோ4ம தந்து3
ꢱꢾꢒ꣄ꢒꢬ꣄,ஸெக்கர்
ꢥꢶꢳꢪ꣄,நிளம்
ꢱꢶꢔꢵꢫ꣄ꢩꢸꢬ꣄ꢒꣁ,ஸிகா3ய்பு4ர்கொ
ꢙꢶꢬꣁ,ஜிரொ
ꢗꢾꢒ꣄ꢒꢬ꣄ ꢒꢾꢳꢖ꣄ꢒꢸ,ஸெக்கரு கெளங்கு3
ꢱꣁꢠ꣄ꢜꢶ,ஸொண்டி
ꢫꣂꢞ ꢪꢷꢜ꣄,ஸோடா3மீட்
ꢚꣁꢳ꣄ꢳꣁ,ஜொ2ள்ளொ
ꢒꣁꢠ꣄ꢞꣁ,கொண்டொ3
ꢤꣂꢬꢸꢨꢾꢳꣁ,தோ2ருபெ3ளொ
ꢤꣂꢬ꣄,தோ2ர்
ꢥꢬꢸꢳꢸ ꢡꢾꢭ꣄,நரளுதேல்
ꢜꢷ,டீ
ꢗꣁꢒꢜ꣄ꢡꢾꢭ꣄,சொகட்தேல்
ꢩꣁꢄꢄ ꢗꢾꢥ꣄ꢥꣁ,பொ4இ~ சென்னொ
ꢒꢞꢭꢾ,கட3லெ
ꢱꢵꢭ꣄,ஸாள்
ꢨꢾꢳꣁ,பெ3ளொ
ꢱꢶꢱ꣄ꢭꣁ,ஸிஸ்லொ
ꢂꢦ꣄ꢦꢳ꣄,ஹப்பள்
ꢥꢶꢭꢪꢸ꣄ ꢨꢾꢳꣁ,நிளமுபெ3ளொ
ꢨꢵꢣꢵꢪ꣄,பா3தா3ம்
ꢨꢵꢬ꣄ꢭꢶ,பா3ர்லி
ꢤꢸꢪ꣄ꢦꢵꢥ꣄,து4ம்பான்
ꢲꢸꢞ ꢡꢥ꣄ꢣꢸ,ஹுட3 தந்து3
ꢗꢷꢱ꣄,சீஸ்
ꢪꢴꣁꢞ ꢙꢶꢬꣁ,மொ:ட3ஜிரொ
ꢲꢳꢡ꣄,ஹளத்
ꢣꢶꢔꢬꢪ꣄,தி3க3ரம்
ꢦꢷꢜ꣄,பீட்
ꢪꢶꢬꢶ,மிரி
ꢒꢵꢙꢸ,காஜு
ꢒꢾꢥ꣄ꢥꢸ,கென்னு
ꢬꢮꢾ,ரவெ
ꢱꣁꢙ꣄ꢙꢶ,ஸொஜ்ஜி
ꢦꢹꢱꢸ ꢪꢶꢬꢶ,பூஸுமிரி
ꢗꢫ꣄ꢭꢶ,சய்லி
ꢪꢶꢡ꣄ꢡꢶ,மித்தி
ꢔꢸꢳ꣄ꢳꢸ,கு3ள்ளு
ꢔꢸꢞ꣄ꢳꢸ,கு3ட்3ளு
ꢙꢵꢡꢶ ꢒꢫ꣄ꢭꣁ,ஜாதி கய்லொ
ꢤꢸꢪ꣄ꢨꢸꢬꢵꢱ꣄ꢜꢸ,து4ம்பு3ராஸ்டு
ꢓꢙꢸꢬ꣄,க2ஜுர்
ꢣꢫ꣄ꢬꣁ,த3ய்ரொ
ꢣꢫ꣄ꢬ,த3ய்ர
ꢓꣃꢥꢱ꣄,கௌ2னஸ்
ꢣꢶꢒ꣄ꢒꢸ,தி3க்கு
ꢣꢶꢱꣁ,தி3ஸொ
ꢣꢾꢒ꣄ꢰꢠ꣄,தெ3க்ஷண்
ꢣꢾꢒ꣄ꢰꢓꣃꢥꢱ꣄,தெ3க்ஷகௌ2னஸ்
ꢣꢾꢒ꣄ꢰꣁꢱ꣄ꢡꣁ,தெ3க்ஷொஸ்தொ
ꢆꢡ꣄ꢡꢬ꣄,உத்தர்
ꢆꢡ꣄ꢓꣃꢥꢱ꣄,உத்கௌ2னஸ்
ꢆꢡ꣄ꢲꣁꢱ꣄ꢡꣁ,உத்ஹொஸ்தொ
ꢙꢫ꣄ꢥꣁ,ஜய்நொ
ꢙꢫ꣄ꢥ,ஜய்ந
ꢂꢱ꣄ꢡꢪꢥꣁ,அஸ்தமனொ
ꢂꢒꢵꢯ꣄ ꢔꢾꢖ꣄ꢔꣁ,அகாஸு கெ3ங்கொ3
ꢂꢒꢵꢱ꣄,அகாஸ்
ꢮꢵꢦ꣄,வாப்
ꢦꢮꢶ,பவி
ꢦꢶꢞꢸ,பிடு3
ꢲꢥ꣄ꢣꢵꢬ꣄,ஹந்தா3ர்
ꢔꢾꢮꢶ,கெ3வி
ꢆꢣꢫꢪ꣄,உத3யம்
ꢱꢸꢬꢶꢡꢸ ꢥꢶꢒꢶꢭ꣄ꢥꢶ,ஸுரிது நிகிள்னி
ꢙꢵꢳꢸꢗꢸꢒ꣄ꢒꣁ,ஜாளுசுக்கொ
ꢂꢔꢗꢵꢭ꣄ ꢂꢫ꣄ꢣꢸ,அக3சால்அய்து3
ꢦ꣄ꢬꢒ꣄ꢰꢾꢦꢥꣁ,ப்ரக்ஷேபனொ
ꢕꢶꢬꢵꢠ꣄,கி4ராண்
ꢔꣁꢳ꣄꣄,கோ3ள்
ꢒꢶꢬꢠ꣄,கிரண்
ꢒꢿꢡꢸ,கேது
ꢗꢥ꣄ꢣ꣄ꢬ ꢕ꣄ꢬꢵꢠ꣄,சந்த்3ரக்4ராண்
ꢗꢵꢥ꣄ꢣꢸ ꢕ꣄ꢬꢵꢠ꣄,சாந்து3 க்4ராண்
ꢗꢾꢥ꣄ꢣꢵꢪꢸ ꢕ꣄ꢬꢵꢠ꣄,செந்தா3மு க்4ராண்
ꢗꢾꢥ꣄ꢣꢵꢪ꣄,செந்தா3ம்
ꢗꢵꢥ꣄ꢣꢸ,சாந்து3
ꢱ꣄ꢥꢶ,ஸனி
ꢱꢾꢥꢶ,ஸெனி
ꢱꢸꢒ꣄ꢒꢸꢬ꣄,ஸுக்குர்
ꢱꢸꢳꢶꢮꢬꣂ,ஸுளிவரொ
ꢱꢹꢬ꣄ꢫ ꢕ꣄ꢬꢵꢠ꣄,ஸூர்யக்4ராண்
ꢱꢸꢬꢶꢡꢸ ꢪꢠ꣄ꢞꢭ꣄,ஸுரிதுமண்ட3ல்
ꢱꢹꢬ꣄ꢫ ꢪꢠ꣄ꢞꢭ꣄,ஸூர்ய மண்ட3ல்
ꢱꢸꢬꢶꢡ꣄,ஸுரித்
ꢩꢵꢥꢸ,பா4னு
ꢆꢦꢨ꣄ꢬꢲꣁ,உபக்3ரஹொ
ꢪꢖ꣄ꢔꢳ꣄ ꢔ꣄ꢬꢲꣁ,மங்க3ள் க்3ரஹொ
ꢱꢸꢬꢶꢡ,ஸுரித்
ꢱꢬꢔ꣄ꢬꢲꣁ,ஸஹக்3ரஹொ
ꢗꢶꢥꢸꢒ꣄,சினுக்
ꢗꢶꢖ꣄ꢒꢸꢭ꣄,சிங்குல்
ꢪꢵꢬꢸꢡ꣄,மாருத்
ꢗꢸꢒ꣄ꢒꣁ,சுக்கொ
ꢥꣁꢮ꣄ꢔꢶꢬꢲꢵꢥ꣄,நொவ்க்3ரஹான்
ꢗꢾꢥ꣄ꢣꢵꢪꢸ ꢲꢹꢙꢵꢭ꣄,செந்தா3முஹுஜாள்
ꢗꢥ꣄ꢣ꣄ꢬꢶꢒꣁ,சந்த்3ரிகொ
ꢗꢥ꣄ꢣ꣄ꢬ ꢦ꣄ꢬꢩꣁ,சந்த்3ர ப்ரபொ4
ꢒꣃꢪꢸꢣꢶ,கௌமுதி3
ꢗꢾꢥ꣄ꢡꢵꢪ꣄,செந்தா3ம்
ꢄꢥ꣄ꢣꢸ,இந்து3
ꢗꢥ꣄ꢣ꣄ꢬꢫꢵꢥ꣄,சந்த்3ரயான்
ꢬꢸꢡꢸꢮꢬꣁ,ருதுவரொ
ꢬꢸꢡꢸꢦꣁꢮ꣄ꢱ꣄,ருதுபொவ்ஸ்
ꢪꣁꢖ꣄ꢗꢸ,மொஞ்சு
ꢲꢶꢪꢵ ꢔꢾꢞ꣄ꢞꣁ,ஹிமா கெ3ட்3டொ3
ꢲꢶꢪꢵ ꢨꢶꢥ꣄ꢣꢸ,ஹிமாபி3ந்து3
ꢐꢱꢸ ꢨꢶꢥ꣄ꢣꢸ,ஓஸு பி3ந்து3
ꢨꢸꢤꣁ,பு3தொ4
ꢨꢸꢤꣁ ꢔ꣄ꢬꢲꣁ,பு3த4க்3ரஹொ
ꢱꢸꢳꢶ ꢮꢬꣁ,ஸுளி வரொ
ꢩꢹ ꢃꢒꢬ꣄ꢰꢠ ꢯꢒ꣄ꢡꢶ,பூ4 ஆகர்ஷண ஶக்தி
ꢪꢡ꣄ꢡꢶ ꢮꢬꣁ,மத்திவரொ
ꢦꣁꢮ꣄ꢱ꣄,பொவ்ஸ்
ꢂꢱ꣄ꢡꢪꢵꢥ꣄,அஸ்தமான்
ꢮꢶꢣ꣄ꢫꢸꢡ꣄,வித்3யுத்
ꢪꢿꢕ꣄꣄,மேக்4
ꢪꣁꢨ꣄ꢨꢸ,மொப்3பு3
ꢬꢵꢲꢸ,ராஹு
ꢮꢬꣁ,வரொ
ꢦꢹꢱꢸ ꢗꢸꢒ꣄ꢒꣁ,பூஸுசுக்கொ
ꢂꢒꢵꢰ꣄,அகாஸ்
ꢲꢨꢵꢳ꣄,ஹபா3ள்
ꢂꢒꢵꢱꢸ ꢮꢖ꣄ꢒꢜ꣄,அகாஸு வங்கட்
ꢂꢒꢵꢱꢸ ꢤꢥꢸꢱ꣄,அகாஸு த4னுஸ்
ꢄꢥ꣄ꢣ꣄ꢬ ꢤꢥꢸꢱ꣄,இந்த்3ர த4னுஸ்
ꢮꢶꢫꣁꢪꢥ꣄,வியோமன்
ꢱꢸꢥ꣄ꢫ ꢂꢒꢵꢱ꣄,ஸூன்ய அகாஸ்
ꢔꢸꢬꢸ,கு3ரு
ꢲꢹꢥ꣄,ஹூன்
ꢲꢸꢙꢵꢭ꣄,ஹூஜாள்
ꢦꢶꢥ꣄ꢣꢵ,பிந்தா3
ꢥꢴꢥ꣄ꢥ,ந:ன்ன
ꢒꢸꢳ꣄ꢳꢾ,கு3ள்ளெ
ꢗꢾꢬ꣄ꢒ꣄ꢒꢲꣁꢫꢾ,ஸெர்கஹொயெ
ꢓꢭꢶ,க2லி
ꢂꢒ꣄ꢒꢸꢬꢵ,அக்குரா
ꢥꢷꢗ,நீச
ꢬꢸꢮ꣄ꢮ,ருவ்வ
ꢢꢾꢮ꣄ꢞ,தெ2வ்ட3
ꢩꢾꢭꢶꢗꣁꢒ꣄ꢒꢜ꣄,பெ4ளிசொக்கட்
ꢗꣁꢒ꣄ꢒꢜ꣄,சொக்கட்
ꢙꢸꢒ꣄ꢒꢸ,ஜு2க்கு
ꢩꢾꢭꢶ ꢥꢴꢥ꣄ꢥ,பெ4ளிந:ன்ன
ꢭꢪ꣄ꢨ,லம்ப3
ꢆꢛ꣄ꢗ,உஞ்ச
ꢚꢸꢒ꣄ꢒꢸꢒꢵꢭ,ஜீ2க்குகால
ꢚꢸꢒ꣄ꢒꢸ,ஜு2க்கு
ꢙꢸꢥ꣄ꢥ,ஜுன்ன
ꢥꣁꢮꣁ,நொவொ
ꢪꢴꣁꢜ꣄ꢜꣁ,மொ:ட்ட
ꢧꢸꢬ,பு2ர
ꢧꢸꢬꢲꣁꢫꢾ,பு2ரஹொயெ
ꢩꢾꢭꢶ,பெ4ளி
ꢨꣁꢭꢶꢪꢸ,பொ3லிமு
ꢂꢥꢾꢒ,அனேக
ꢥꢶꢱ꣄ꢡ,நிஸ்த
ꢮꢾꢒ꣄ꢳ꣄,வெக்ள
ꢭ,ல
ꢦꢾꢱꢵꢮ꣄꣄,பெஸாவ்
ꢬꢸꢥ꣄ꢡꢶ,ருந்தி
ꢨꣂꢜ꣄,போ3ட்
ꢂꢞꢶ,அடி3
ꢪꣂꢦꢸ,மோவு
ꢪꣂꢦꢸ ꢓꢜ꣄ꢜꢶ,மோவுக2ட்டி
ꢂꢬꣁ,அரொ
ꢥꢶꢪ꣄ꢥꣁ,நிம்னொ
ꢭꣁꢡ꣄,லோத்
ꢂꢜ꣄ꢥꣁ,அட்னொ
ꢲꢡ꣄ꢣꢞ꣄ꢞꣁ,ஹத்த3ட்3டொ3
ꢒꢵꢭꢞ꣄ꢞꣁ,காலட்3டொ3
ꢱꣂꢮꢸ,சோவு
ꢩꢵꢬ꣄ꢪꣂꢮꢸ,பா4ர்மோவு
ꢙꣂꢒ꣄,ஜோக்
ꢪꣁꢮ꣄ꢙꢥ꣄ꢪꣂꢮꢸ,மொவ்ஜன்மோவு
ꢔꢥꢪꣂꢦꢸ,க3னமோவு
ꢩꢵꢬ꣄,பா4ர்
ꢔꢾꢙ꣄ꢙꢸ,கெ3ஜ்ஜு
ꢂꢮ꣄ꢞ ꢪꣂꢮꢸ,அவ்ட3மோவு
ꢗꢡ꣄ꢬꢸꢭ꣄ ꢪꣂꢮꢸ,சத்ருல்மோவு
ꢙꢵꢠ꣄,ஜாண்
ꢗꢶꢪ꣄ꢜꣁ,சிம்டொ
ꢦꢬꢶꢡꢶ,பரிதி
ꢒꢸꢠ꣄ꢮꢫ ꢪꣂꢮꢸ,குண்வயமோவு
ꢡꢸꢭꣁ,துலொ
ꢥꢬꢵꢙꢶ,நராஜி
ꢒꢸꢜ꣄ꢒꣁ,குட்கொ
ꢨꢶꢥ꣄ꢣꢸ,பி3ந்து3
ꢡꣁꢭꣁ,தோலொ
ꢥꢵꢳꢶ,நாளி
ꢩꢵꢬ꣄ ꢪꣂꢮꢸ,பா4ர் மோவு
ꢭꢵꢪ꣄ ꢪꣂꢮꢶ,லாம்மோவு
ꢪꢹꢬꣁ,மூரொ
ꢂꢞ꣄ꢞꣁ,அட்3டொ3
ꢥꢾꢬ꣄ꢦꢾꢪꣂꢮꢸ,நெர்பெமோவு
ꢦꢭꢪ꣄,பலம்
ꢂꢣ꣄ꢣꢾ,ஹத்3தெ3
ꢪꢹꢣ꣄,மூட்3
ꢪꢹꢞ꣄ꢩꣂꢬ꣄,மூட்3போ4ர்
ꢪꢬꢒ꣄ꢒꢵꢭ꣄,மரக்கால்
ꢪꢷꢜ꣄ꢜꢬ꣄,மீட்டர்
ꢪꢶꢛ꣄ꢗꢶ ꢪꣁꢮꢸ,மிஞ்சிமோவு
ꢪꣁꢳꢪꢸꢮꢳ꣄꣄ꢜꢶ,மொளமுவள்டி
ꢪꢹꢬꢵ ꢒꢮ꣄ꢠ꣄ꢞꢶ,மூரா கவ்ண்டி3
ꢪꣁꢳꢪ꣄,மொளம்
ꢲꢵꢡ꣄,ஹாத்
ꢂꢮ꣄ꢞꢵꢪꣁꢮꢸ,அவ்டா3மோவு
ꢮꢶꢱꢶ,விஸி
ꢡꢵꢦ꣄ꢱꢥꢶ,தாப்ஸனி
ꢡꢵꢦ꣄ꢪꢵꢥꢶ,தாப்மானி
ꢱꢾꢬ꣄ꢒꣁ,ஸெர்கொ
ꢙꣂꢞꢶ,ஜொடி3
ꢂꢣꢿꢖ꣄ꢒꢦ꣄ꢦꢵ,அடே3ங்கப்பா
ꢂꢪ꣄ꢪꢵꢞꢶ,அம்மாடி3
ꢂꢮ ꢂꢪ꣄ꢨꢵ,அவ அம்பா3
ꢡꢾꢭ꣄ꢫꢒ ꢲꢵꢭ꣄,தெல்யக ஹால்
ꢲꢵꢭꢶꢪ꣄,ஹாலிம்
ꢡꢿꢜ꣄ꢱꢵ,தேட் ஸா
ꢄꢱꣁꢫꢵ,இஸொயா?
ꢄꢱꣂꢪꢾꢥꢾꢡꢶ,இஸொமெனெதி
ꢲꢵ,ஹா
ꢂꢦ꣄ꢦꢵꢜꢶ,அப்பாடி
ꢂꢪ꣄ꢪꢵꢜꢷ,அப்பாடீ
ꢂꢪ꣄ꢪꢵꢜꢶ,அம்மாடி
ꢥꢴꢵ,நா:
ꢲꢵꢫ꣄,ஹாய்
ꢲꣁꢫꢾꢡꢶ,ஹொயெதி
ꢪꢾꢔꢶ,மெகி3
ꢌꢭ꣄ꢫꢾꢒ ꢲꢵꢭ꣄,எல்யெக ஹால்
ꢍꢜ꣄ꢱꢵ,ஏட்ஸா
ꢍꢭꢵ,ஏலா
ꢓꢳꢳꢿ,க2ள்ளே
ꢤꢿꢬ꣄,தே4ர்
ꢓꢳ꣄ꢳꢸꢮꣁ,க2ள்ளுவொ
ꢤꢾꢬꣁ,தெ4ரொ
ꢤꢾꢬꢸꢮꣁ,தெ4ருவொ
ꢂꢖ꣄ꢔꢸꢥ꣄,அங்கு3ன்
ꢂꢡ꣄ꢡꢾꢖ꣄ꢔꢸꢜ꣄,அத்தெங்கு3ட்
ꢂꢡꢧꢬꣁ,அதப2ரொ
ꢆꢰ꣄,உஷ்
ꢲꢵꢫ꣄ ꢲꢵꢫ꣄,ஹாய்ஹாய்
ꢡꢾꢭ꣄ꢫꢒ ꢭꢾꢥ꣄ꢡ,தெல்யக லெந்த
ꢍꢫ꣄,ஏய்
ꢬꢾ,ரே
ꢬꢿꢫ꣄,ரேய்
ꢎꢫꣂ,ஐயோ
ꢐ,ஓ
ꢲꣂꢥ꣄ꢣꢒ꣄,ஹோந்த3க்
ꢲꣂꢫ꣄,ஹோய்
ꢘꢷꢗ꣄ꢘꢷ,சீ2ச்சீ2
ꢮꢵ,வா
ꢂꢮꢵ,அவா
ꢢꢸꢡ꣄ꢡꢹ,தூ2த்தூ
ꢦꢵꢦ꣄,பாப்
ꢇꢲꢹꢄ~,ஊஹூ~
ꢧꢶꢮ꣄ꢬꢶ,பி2ர்வி பி2ர்வி
ꢡꢾꢒ ꢧꢬꢵꢡ꣄,தெகப2ராத்
ꢲꣀꢫꢵ,ஹையா
ꢗꣀꢡ꣄ꢬꣁ,சைத்ரொ
ꢮꣀꢱꢵꢒ꣄,வைஸாக்
ꢙꣂꢰ꣄ꢜꣁ,ஜேஷ்டொ
ꢃꢰꢵꢞꣁ,ஆஷாடொ3
ꢱ꣄ꢬꢵꢮꢠꣁ,ஸ்ராவணொ
ꢩꢵꢣ꣄ꢬꢦꢣꣁ,பா4த்3ரபதொ3
ꢃꢱ꣄ꢮꢷꢙꣁ,ஆஸ்வீஜொ
ꢒꢵꢬ꣄ꢡꢶꢒꣁ,கார்திகொ
ꢪꢵꢬ꣄ꢔꢱꢷꢬ꣄ꢱꣁ,மார்க3ஸீர்ஸொ
ꢦꢸꢰ꣄ꢫꣁ,புஷ்யொ
ꢪꢵꢕꣁ,மாகொ4
ꢧꢵꢭ꣄ꢔꢸꢥꢶ,பா2ல்கு3னி
ꢔꢾꢬꢸꢮ,கெ3ருவ்
ꢮꢶꢗꢵꢬ꣄,விசார்
ꢲꢾꢞ꣄ꢞꢾ,ஹெட்3டெ3
ꢂꢱꢶꢖ꣄ꢔꢪ,அஸிங்க3ம்
ꢮꢶꢥꢫꣁ,விநயொ
ꢩꢙꢵꢬꢶꢥ꣄,ப4ஜாரின்
ꢭꢮ꣄ꢠ꣄ꢞꢶ,லவ்ண்டி3
ꢩꢵꢙꢵꢬꢶꢦꢥ꣄,ப4ஜாரிபன்
ꢣꢵꢱ꣄,தா3ஸ்
ꢣꢵꢱꢶ,தா3ஸி
ꢣꢵꢱꢦ꣄ꢦꢥ꣄,தா3ஸப்பன்
ꢂꢤꢶꢒꢵꢬ꣄,அதி4கார்
ꢃꢗ꣄ꢗꢬ꣄ꢫꣁ,ஆச்சர்யொ
ꢂꢡꢶꢬꢸꢦ꣄ꢡꢶ,அதிருப்தி
ꢂꢣꢸꢰ꣄ꢜꢸ,அது3ஷ்டு
ꢂꢥ꣄ꢣꢱ꣄ꢡꢸ,அந்த3ஸ்து
ꢣꢾꢮꢸꢨꢵꢦ꣄,தே3வுபா3ப்
ꢡꢪ꣄ꢪꢵꢞꢶ,தம்மாடி3
ꢂꢦ꣄ꢬꢵꢠꢶ,அப்ராணி
ꢂꢥꢬ꣄ꢢꢸꢮꢡ꣄ꢡꣁ,அனர்து2வத்தொ
ꢪꢶꢡꢥ꣄ꢮꢡ꣄ꢡꣁ,மிதன்வத்தொ
ꢂꢩꢶꢪꢵꢥ꣄,அபி4மான்
ꢒꢺꢬꢸꢦꣁ,க்ருபொ
ꢂꢭꢖ꣄ꢒꢵꢬ꣄,அலங்கார்
ꢩꢮꢵꢜ꣄,ப4வாட்
ꢲꢶꢠ꣄ꢞꢱ꣄ꢡꢿ,ஹிண்ட3ஸ்தே
ꢂꢮꢶꢱ꣄ꢮꢵꢱ꣄,அவிஸ்வாஸ்
ꢒꢳꢖ꣄ꢔꢸ,களங்கு3
ꢱꢸꢥ꣄ꢣꢬꣁ,ஸுந்த3ரொ
ꢱꢸꢥ꣄ꢣꢬꢶ,ஸுந்த3ரி
ꢱꢸꢖ꣄ꢔꢵꢬ꣄,ஸிங்கா3ர்
ꢥꢵꢱ꣄,நாஸ்
ꢥꢱꢵꢡ꣄,நஸாத்
ꢃꢗ꣄ꢗꢬ꣄ꢫꢸ,ஆச்சர்யு
ꢮꢶꢣ꣄ꢮꢵꢥ꣄,வித்3வான்
ꢦꢠ꣄ꢞꢶꢡ꣄,பண்டி3த்
ꢦꢬꢶꢗꢫ꣄,பரிசய்
ꢂꢒ꣄ꢛꢵꢥ꣄,அக்ஞான்
ꢛꢵꢥꢶ,ஞானி
ꢂꢙ꣄ꢛꢵꢥꢶ,அஜ்ஞானி
ꢂꢙ꣄꣄ꢛꢵꢥ꣄,அஜ்ஞான்
ꢛꢵꢥ꣄,ஞான்
ꢦꢶꢬꢿꢮ,பிரேவ்
ꢃꢣꢬꣁ,ஆத3ரொ
ꢂꢥꢸꢪꢡꢶ,அனுமதி
ꢲꢜ꣄ꢮꢥ꣄,ஹட்வன்
ꢃꢗ꣄ꢗꢬ꣄ꢫꢸ,ஆசசர்யு
ꢄꢗ꣄ꢗꣁ,இச்சொ
ꢃꢱ꣄ꢡꣁ,ஆஸ்தொ
ꢃꢜ꣄ꢰꢿꢦꢠꣁ,ஆட்ஷேபணொ
ꢃꢤꢬꣁ,ஆத4ரொ
ꢃꢤꢶꢒ꣄ꢫꣁ,ஆதி4க்யொ
ꢒꢸꢡꢹꢲꢭ꣄,குதூஹல்
ꢲꢬꢸꢪ꣄ꢨꢪ꣄,ஹரும்ப3ம்
ꢬꢾꢗ꣄ꢗꢒꢹꢡ꣄,ரெச்சகூத்
ꢃꢬꣂꢔ꣄ꢫꢸ,ஆரோக்3யு
ꢱꢪꢬ꣄ꢡꢸ,ஸமர்து
ꢨꣁꢭꢶꢪ꣄,பொ3லிம்
ꢃꢥ꣄ꢥꢥ꣄ꢣꢸ,ஆனந்து3
ꢓꢿꢳꢸꢮꢡ꣄ꢡꣁ,கே2ளுவத்தொ
ꢄꢗ꣄ꢘꣁ,இச்சொ2
ꢏꢦ꣄ꢦꢱ꣄ꢡꢿ,ஒப்பஸ்தே
ꢒꢬꢸꢠꣁ,கருணொ
ꢬꢸꢗ꣄ꢗꢶ,ருச்சி
ꢬꢾꢗ꣄ꢗꣁ,ரெச்சொ
ꢕꢾꢬꢸ ꢤꢾꢬꢸꢪ꣄,கே4ருதெ4ரும்
ꢭꢒ꣄ꢰ꣄ꢫꢮꢵꢣꢶ,லக்ஷ்யவாதி3
ꢥꢾꢰ꣄ꢜꢶ,நெஷ்டி
ꢲꢾꢜ꣄ꢜꢾ ꢲꢱꣁ,ஹெட்3டெ3ஹஸொ
ꢔꢾꢬꢸꢮ꣄,கெ3ருவ்
ꢱꣁꢪ꣄ꢦꢸ,ஸொம்பு
ꢔꢸꢭ꣄ꢭꢾ,கு3ள்ளெ
ꢏꢦ꣄ꢦꢫꢾꢫꣁ,ஒப்பயெயொ
ꢥꢶꢙ꣄ꢙꢪ꣄,நிஜ்ஜம்
ꢱꢾꢡ꣄ꢡꢸ,ஸெத்து
ꢭꢔꢶꢥꢶ,லகி3னி
ꢩꢵꢮꢥꣁ,பா4வனொ
ꢆꢦꢒꢵꢬ꣄,உபகார்
ꢆꢦꢒꢵꢬꢶ,உபகாரி
ꢱꢶꢬꢪꣁ,ஸிரமொ
ꢥꢷꢛ꣄ꢙꢸ,நீஞ்ஜு
ꢲꣂꢖ꣄ꢔꢸ,ஹோங்கு3
ꢂꢥꢸꢪꢵꢥ꣄,அனுமான்
ꢬꢹꢱ꣄,ரூஸ்
ꢇꢣꢵꢬꢶ,ஊதா3ரி
ꢧꣁꢮ꣄ꢥꢦꢥ꣄,பொ2வ்னபன்
ꢔꢪ꣄ꢗꢶꢥꢶ,க3ம்சினி
ꢒꢾꢰ꣄ꢜꢪ꣄,கெஷ்டம்
ꢆꢣ꣄ꢣꢪ꣄,உத்3த3ம்
ꢓꢾꢬꢸꢜ꣄,கெ2ருட்
ꢱꢶꢬꢣ꣄ꢤꢵ ꢒꢵꢪ꣄ꢒꢾꢬ꣄ꢡꣁ,ஸிரத்3தா4 காம்கெர்தொ
ꢔꢿꢭꢶ,கே3லி
ꢙꢵꢔ꣄ꢬꢡꢶ,ஜாக்3ரதி
꣄ꢗꢶꢥ꣄ꢡꢥꣁ,சிந்தனொ
ꢮꢾꢣꢸꢬ꣄ꢛ꣄ꢗꢶꢥꢶ,எது3ர்ஞ்சினி
꣄ꢮꢾꢣꢸꢬ꣄ꢛ꣄ꢗꢶꢥꢶ,வெது3ர்ஞ்சினி
ꢡꢶꢒ꣄ꢒꢾ,திக்கெ
ꢱꢺꢖ꣄ꢒꢵꢬ꣄,ஸ்ருங்கா3ர்
ꢭꢴꢾꢔꢸꢮ꣄,லெ:கு3வ்
ꢗꢸꢭꢨ꣄,சுலப்3
ꢱꣃꢙꢥ꣄ꢫꢪ꣄,ஸௌஜன்யம்
ꢱꣁꢮ꣄ꢭꢾ,ஸொவ்லெ
ꢮꢾꢒꢸꢭ꣄,வெகுல்
ꢔꢵꢭ꣄,கா3ள்
ꢲꢸꢖ꣄ꢔꢵꢞ꣄,ஹுங்கா3ட்3
ꢲꢸꢖ꣄ꢔꢞ꣄ꢠꢶ,ஹுங்க3ட்3ணி
ꢌꢞ꣄ꢗꢜ꣄ꢠꢶ,எட்3சட்ணி
ꢲꢸꢖ꣄ꢒꢜꢡ꣄ꢡꢾ,ஹுங்கடத்தெ
ꢲꢸꢖ꣄ꢔꢞ꣄,ஹுங்க3ட்3
ꢌꢜ꣄ꢗꢞ꣄ꢠꢶ,எட்சட்3ணி
ꢡꢫꢵꢬ꣄,தயார்
ꢱꢾꢥ꣄ꢣꢿꢮ꣄,ஸெந்தே3வ்
ꢏꢜ꣄ꢒꢪ꣄,ஒட்கம்
ꢪꢾꢬ꣄ꢗꢥ꣄,மெர்சன்
ꢪꢾꢬ꣄ꢗꢸꢭꢥ꣄ ꢥꢵꢬꢶ,மெர்சுலன் நாரி
ꢫꣁꢒ꣄ꢡꣁ,யோக்தொ
ꢮꢶꢰ꣄ꢬꢵꢥ꣄ꢡꢶ,விஷ்ராந்தி
ꢥꢶꢮꢺꢡꢶ,நிவ்ருதி
ꢥꢶꢮꢺꢡꢶ ꢮꢾꢡꢥꣁ,நிவ்ருதி வேதனொ
ꢱꢪꢬꢹꢦ꣄,ஸமரூப்
ꢱꢾꢬ꣄ꢒ ꢬꢴꢱ꣄ꢡꢾ,ஸெர்கராஸ்தே
ꢱꢾꢬ꣄ꢒ ꢬꢴꢠꢶ,ஸெர்கர:ணி
ꢒꣁꢜꢸꢒ꣄,கொடுக்
ꢭꣂꢩꢸ,லோபு4
ꢭꣁꢩꢶ,லோபி4
ꢂꢥꢸꢱꢵꢱꢥꣁ,அனுஶாஸனொ
ꢒꢬ꣄ꢡꢮ꣄,கர்தவ்
ꢒꢬ꣄ꢡ꣄ꢡꢮ꣄ꢫꢪ꣄,கர்த்தவயம்
ꢓꢾꢞꢶꢥ꣄,கெ2டி3ன்
ꢒꢞꢹꢱ꣄,கடூ3ஸ்
ꢒꢠ꣄ꢞꢶꢦ꣄,கண்டி3ப்
ꢒꢝꣂꢬ꣄,கடோ2ர்
ꢔꢮ꣄ꢬꢮ꣄,க3வ்ரவ்
ꢃꢱꢵꢣꢩꢹꢡꢶ,ஆஸாட3பூ4தி
ꢒꣁꢦꢜꢾ,கொதடெ
ꢒꢪꢨꢷꢬ꣄,க3ம்பீ3ர்
ꢒꢺꢦꣁ,க்ருபொ
ꢃꢒꢬ꣄ꢰꢠꣁ,ஆகர்ஷணொ
ꢤ꣄ꢫꢵꢥ꣄,த்4யான்
ꢂꢮꢤꢵꢥ꣄,அவதா4ன்
ꢗꣁꢞ꣄ꢞꢦꢥ꣄,சொட்3ட3பன்
ꢗꣂꢬ꣄,சோர்
ꢗꣁꢞ꣄ꢞꣁ,சொட்3டொ3
ꢗꣁꢞ꣄ꢞꢶ,சொட்3டி3
ꢒꢭ꣄ꢪꢱꣁ,கல்மஸொ
ꢪꢭꢶꢥꣁ,மலினொ
ꢯꢷꢥ꣄,ஶீன்
ꢣꢫꣁ,த3யொ
ꢨꢵꢤꣁ,பா3தொ4
ꢪꢶꢭꢿꢗ꣄ꢗꣁ,மிலேச்சொ
ꢮꢥꢗꢬꣁ,வனசரொ
ꢦ꣄ꢬꢾꢪ꣄,ப்ரேம்
ꢦ꣄ꢬꢾꢮ꣄,ப்ரேவ்
ꢦ꣄ꢬꢶꢫꢡꢪꣁ,ப்ரியதமொ
ꢦ꣄ꢬꢾꢪꢶꢒꣁ,ப்ரேமிகொ
ꢦ꣄ꢬꢶꢫꣁ,ப்ரியொ
ꢒꢵꢪꢪ꣄,காமம்
ꢔꢾꢭꢶ,கே3லி
ꢆꢦꢲꢵꢱ꣄,உபஹாஸ்
ꢒꢸꢱꢸꢪ꣄ꢨꢸ ꢒꢾꢬꢱ꣄ꢡꢾꢥꣁ,குஸும்பு3 கெரஸ்தெனொ
ꢒꢸꢱꢸꢪ꣄ꢨꢸ,குஸும்பு3
ꢗꢾꢰ꣄ꢜꣁ,சேஷ்டொ
ꢱꢾꢬꢵꢨꢶ,ஸெராபி3
ꢦꢥꢶ ꢨꣁꢠ꣄ꢞꢶ,பனி பொ3ண்டி3
ꢒꢸꢠ꣄ꢠꢸ,கு3ண்ணு
ꢒꢸꢣꢹꢲꢭ꣄,குதூஹல்
ꢱꣁꢥ꣄ꢡꣂꢰ꣄,ஸொந்தோஷ்
ꢂꢦ꣄ꢬꢵꢤꢸꢩꢵꢮ꣄,அப்ராது4 பா4வ்
ꢗꢹꢒꢸ ꢩꢵꢮ꣄,சூகு பா4வ்
ꢭꢵꢙ꣄,லாஜ்
ꢭꢵꢱꢸ,லாஜு
ꢭꢙ꣄ꢙꣁ,லஜ்ஜொ
ꢦ꣄ꢬꢵꢬ꣄ꢢꢥꣁ,ப்ரார்த2னொ
ꢦ꣄ꢬꢾꢮ꣄ꢒꢥ꣄ ꢪꢾꢭ꣄ꢭꢶꢥꢶ,ப்ரேவ்கன் மெல்லினி
ꢭꢾꢛ꣄ꢙꢪ꣄,லெஞ்ஜம்
ꢆꢡ꣄ꢒꣁꢗ꣄,உத்கோச்
ꢦ꣄ꢬꢾꢮꢸꢪꢣꢶꢥꢶ,ப்ரேவுவதி3னி
ꢥꢶꢥꢵꢮꢸ ꢮꢡ꣄ꢡꣁ,நி:னாவு வத்தொ
ꢪꢫꢵꢭꢸ ꢮꢡ꣄ꢡꣁ,மயாலு வத்தொ
ꢓꢾꢜ꣄,கே2ட்
ꢗꢹꢞ꣄ꢲꢥꢱ꣄ꢡꢾ,சூட்3ஹனஸ்தே
ꢮꢶꢣꢹꢰꢒꣁ,விதூ3ஷகொ
ꢮꢶꢣꢹꢰꢒꢦꢥ꣄,விதூ3ஷகபன்
ꢬꢵꢒ꣄,ராக்
ꢤꢒ꣄ꢒꢶꢭꢾ,த4க்கிலெ
ꢤꢵꢒ꣄ꢸꢦꢥ꣄,தா4குபன்
ꢕꢾꢥꢪ꣄,கெ4னம்
ꢔꢮ꣄ꢬ꣄ꢡꣁ,க3வ்ர்தொ
ꢯꢒ꣄ꢡꢶ,ஶக்தி
ꢱꢲꢥꣁ,ஸஹனொ
ꢦꣁꢥ꣄ꢣꢸꢭ꣄ꢥꢶ,பொந்துல்னி
ꢩꢫ꣄ꢩꢾꢫ꣄ꢥꢾꢥꢸ ꢩꢵꢮꢥꣁ,ப4ய்பெ4ய்னெனு பா4வனொ
ꢮꢵꢣꢸ ꢮꢡ꣄ꢡꣁ,வாது3 வத்தொ
ꢥꢥ꣄ꢚꢾꢞꣁ,ந:ன்ஜெ2டொ3
ꢚꢾꢞꣀꢡ꣄,ஜெ2டை3த்
ꢚꢾꢞꣀꢡꢶꢥ꣄,ஜெ2டை3தின்
ꢣꢸꢬ꣄ꢫꣁꢗꢥꣁ,து3ர்யோசனொ
ꢱꢞ꣄ꢫꢥ꣄ꢡ꣄ꢬꢸ,ஸட்3யந்த்ரு
ꢱꢥ꣄ꢣꢬ꣄ꢩꢮꢵꢣꢶ,ஸந்த3ர்ப4வாதி3
ꢱꢾꢥ꣄ꢣꢾꢮ꣄,ஸெந்தே3வ்
ꢱꢲꢪꢡꢶ,ஸஹமதி
ꢬꢵꢙꢶ,ராஜி
ꢏꢬ꣄ꢦꢸ,ஓர்பு
ꢱꢬꢱ꣄,ஸரஸ்
ꢒꢵꢬ꣄ꢫ ꢒꢸꢰꢭꢡꣁ,கார்ய குஷலதொ
ꢮꢶꢬꢱꢡꣁ,விரஸதொ
ꢱꢵꢤ꣄ꢫꢸ,ஸாத்4யு
ꢱꢵꢤꢸ,ஸாது4
ꢯꢵꢥ꣄ꢡꢸ,ஶாந்து
ꢦ꣄ꢬꢗ꣄ꢗꢥꣁ,ப்ரச்சனொ
ꢨꢸꢱ꣄ꢒꣁ,பு3ஸ்கொ
ꢦꢶꢭꣁ,பிளொ
ꢗꢶꢥ꣄ꢡꢥꣁ,சிந்தனொ
ꢗꢶꢥ꣄ꢡ,சிந்த
ꢲꢱꢶꢥꢶ,ஹஸினி
ꢱꢶꢖ꣄ꢔꢡꢶꢦꢥ꣄,ஸிங்க3தி3பன்
ꢱꢾꢖ꣄ꢔꢣꢶꢦꢥ꣄,ஸெங்க3தி3பன்
ꢱꢶꢖ꣄ꢔꢡꢶ,ஸிங்க3தி
ꢱꢾꢖ꣄ꢔꣀꢡ꣄,ஸெங்கை3த்
ꢄꢰ꣄ꢜꢸꢜ꣄,இஷ்டுட்
ꢱꢶꢖ꣄ꢒꢔꢵꢬ꣄,ஸிங்கா3ர்
ꢩꢵꢬ,பா4ர்
ꢱꢮꢫꢒꣃꢬꢮ꣄,ஸ்வயகௌ3ரவ்
ꢱꣁꢬꢠꣁ,ஸொரணொ
ꢱ꣄ꢦꢬ꣄ꢯ ꢗꢾꢡꢥꣁ,ஸ்பர்ஶ சேதனொ
ꢡ꣄ꢮꢬꢶꢡꢸ ꢩꢵꢮ꣄,த்வரிது பா4வ்
ꢮꢾꢔꢸ ꢒꢾꢬ꣄ꢥꢶ,வேகு3 கெர்னி
ꢱꢹꢡꢸ,ஸூது3
ꢒꢬ꣄ꢪꣁ,கர்மொ
ꢪꢷ ꢩꢵꢮ꣄,மீ பா4வ்
ꢂꢲꢖ꣄ꢒꢵꢬ꣄,அஹங்கார்
ꢪꢪꢡꣁ,மமதொ
ꢚꢸꢒ꣄ꢒꢸꢮꢿꢱ꣄ ꢒꢾꢬ꣄ꢥꢵꢬ꣄,ஜு2க்கு வேஸ் கெர்னார்
ꢂꢭꢱꣁ,அலஸொ
ꢂꢱꢪꢥ꣄ꢣꢪ꣄,அஸமந்த3ம்
ꢪꢥ꣄ꢣꢪ꣄,மந்த3ம்
ꢃꢭꢱ꣄ꢫꣁ,ஆலஸ்யொ
ꢱꣃꢥ꣄ꢣꢬ꣄ꢫꣁ,ஸெளந்த3ர்யொ
ꢲꢜ꣄ꢮꢥꢸ ꢯꢒ꣄ꢡꢶ,ஹட்வனு ஶக்தி
ꢡꢾꢜ꣄ꢜꢸ ꢪꢸꢜ꣄ꢜꢫꢶꢥꢶ,தெட்டு முட்டயினி
ꢯꢶꢳ꣄ꢳꢦꢥ꣄,ஶிள்ளபன்
ꢡꢥ꣄ꢡꢸꢬꢸꢦꢥ꣄,தந்துருபன்
ꢡꢪꢵꢰ꣄,தமாஷ்
ꢦꢱ꣄ꢡꣁꢒ꣄ꢒꢶꢥꢶ,பஸ்தொக்கினி
ꢱꢖ꣄ꢒꣂꢗ꣄,ஸங்கோச்
ꢣꢬ꣄ꢯꢥꣁ,த3ர்ஶனொ
ꢣꣁꢱ꣄ꢒꣁ ꢏꢖ꣄ꢔꢶꢥꢶ,தொ3ஸ்கொ ஒங்கி3னி
ꢔꢾꢬꢸꢮꢸ ꢩꢖ꣄ꢔꢸ,கெ3ருவு ப4ங்கு3
ꢮꢶꢯ꣄꣄ꢬꢵꢥ꣄ꢡꢶ,விஶ்ராந்தி
ꢮꢶꢬꢵꢪꣁ,விராமொ
ꢦꢬꢶꢯ꣄꣄ꢬꢪꣁ,பரிஶ்ரமொ
ꢯ꣄꣄ꢬꢪꢦꢬꢶꢲꢵꢬ꣄,ஶ்ரமபரிஹார்
ꢱꢸꢫꢔꣃꢬꢮ꣄,ஸுயகௌ3ரவ்
ꢂꢭꢔ꣄ꢔꢸꢠ꣄ꢠꢸ,அலக்3கு3ண்ணு
ꢮ꣄ꢫꢒ꣄ꢡꢶꢡ꣄ꢮꣁ,வ்யக்தித்வொ
ꢦ꣄ꢬꢸꢢꢒ꣄ꢩꢵꢮ꣄,ப்ருத2க்பா4வ்
ꢮꢶꢯꢿꢰꢸꢔꢸꢠ꣄ꢠꢸ,விஶேஷு கு3ண்ணு
ꢏꢠ꣄ꢜꢶꢦꢥ꣄,ஒண்டிபன்
ꢂꢭꢔ꣄ꢔ ꢬꢴꢥꢶ,அலக்3 க3ர:னி
ꢮꢾꢔꢸꢭꢦꢥ꣄,வெகுளபன்
ꢱꣂꢒ꣄,ஶோக்
ꢣꢵꢪ꣄ꢦꢡ꣄ꢫꢙꢶꢮ꣄ꢥꢪ꣄,தா3ம்பத்யஜிவ்னம்
ꢱꢡꢶꢦꢡꢶ ꢙꢶꢮ꣄ꢥꢪ,ஸதிபதி ஜிவ்னம்
ꢆꢣꢵꢬꢔꢸꢠ꣄ꢠꢸ,உதா3ரகு3ண்ணு
ꢣꢾꢛ꣄ꢗꢸ,தெ3ஞ்சு
ꢗꣂꢬꢸꢦꢥ꣄,சோருபன்
ꢱꢾꢬ꣄ꢒꢒꢬ꣄ꢥꢶ,ஸெர்ககர்னி
ꢡꢶꢣ꣄ꢣꢸꢮꢭꢶ,தித்3து3வளி
ꢡꢶꢬꢸꢦ꣄ꢡꢶ,திருப்தி
ꢡ꣄ꢫꢵꢔ꣄,த்யாக்3
ꢡ꣄ꢫꢵꢔꢶ,த்யாகி3
ꢱꢪꢬ꣄ꢢꢸ,ஸமர்து2
ꢃꢯꢒ꣄ꢡꢸ,ஆஶக்து
ꢱꢪꢬ꣄ꢢꢸꢦꢥ꣄,ஸமர்து2பன்
ꢥꢱꢵꢡꢸ,நஸாது
ꢥꢶꢬꢠꢫꣁ,நிர்ணயொ
ꢤꢷꢬꢸ,தீ4ரு
ꢤꢾꢫ꣄ꢬ꣄ꢫꢮꢵꢥ꣄,தெ4ய்ர்யவான்
ꢡꢷꢮ꣄ꢬꣁ,தீவ்ரொ
ꢡꢷꢮ꣄ꢬꢮꢵꢣꢶ,தீவ்ரவாதி3
ꢣꢸꢓꢸ,து3கு2
ꢪꣁꢥ꣄ꢥꢸꢤꢾꢫ꣄ꢬ꣄ꢫꢪ꣄,மொன்னுதெ4ய்ர்யம்
ꢣꢸꢬꢞꢶꢰ꣄ꢜꢸ,து3ரதி3ஷ்டு
ꢣꢸꢬꣂꢒ꣄,து3ரோக்
ꢏꢔꢸꢬ꣄,ஒகு3ர்
ꢱꢥ꣄ꢫꢵꢱꢸ ꢤꢾꢬꢸꢪ꣄,ஸன்யாஸு தெ4ரும்
ꢱꢥ꣄ꢫꢵꢱꢶ,ஸன்யாஸி
ꢐꢖ꣄ꢒꢸ,ஹோங்கு3
ꢱꢸꢣ꣄ꢤꢶ,ஸுத்3தி4
ꢪꢸꢣꢶꢬꢪ꣄ꢪꣁ,முதி3ரம்மொ
ꢱ꣄ꢦꢰ꣄ꢜꢸ,ஸ்பஷ்டு
ꢤꣀꢬ꣄ꢫꢱꢵꢭꢶ,தை4ர்யஸாலி
ꢤꢾꢫ꣄ꢬ꣄ꢫꢪ꣄,தெ4ய்ர்யம்
ꢦ꣄ꢬꢵꢬꢪ꣄ꢩꢸ,ப்ராரம்பு4
ꢱꢪ꣄ꢨꢥ꣄ꢤꢸ,ஸம்ப3ந்து4
ꢱꢪ꣄ꢦꢬ꣄ꢒꢸ,ஸம்பர்கு
ꢮ꣄ꢫꢒ꣄ꢡꢸ,வ்யக்து
ꢱꢖ꣄ꢔꢡꢶꢦꢥ꣄,ஸிங்க3திபன்
ꢏꢠ꣄ꢒꢶꢥꢶ,ஒண்கினி
ꢥꣁꢪ꣄ꢪꢶꢥꢶ,நொம்மினி
ꢧꢠ꣄ꢜꢓꢾꢱ꣄,ப2ண்டகே2ஸ்
ꢱꢸꢔꢥ꣄ꢡꢸ,ஸுக3ந்து
ꢩꢭꣁ,ப4லொ
ꢗꣁꢒ꣄ꢧꢭꢸꢥ꣄,சொக்ப2லுன்
ꢤꢥ꣄ꢥꢸ,த4ன்னு
ꢤꢥ꣄ꢥꢸ ꢲꢷꢥꢸꢦꢥ꣄,த4ன்னு ஹீனுபன்
ꢔꢵꢪ ꣄ꢧꢶꢬ꣄ꢥꢵꢬ꣄,கா3ம் பி2ர்னார்
ꢦꢬꢶꢩ꣄ꢬꢪꢶ,பரிப்4ரமி
ꢣꢾꢯꢗꢵꢬꢶ,தே3ஶசாரி
ꢂꢮ꣄ꢪꢵꢥ꣄,அவ்மான்
ꢬꢸꢙꢸꢦꢥ꣄,ருஜுபன்
ꢥꢶꢡ꣄ꢡꢦꢥ꣄,நித்தபன்
ꢕꢵꢥ꣄,கா4ன்
ꢣꢸꢬ꣄ꢔꢥ꣄ꢤꢸ,து3ர்க3ந்து4
ꢱꢪꣁ,ஸமொ
ꢱꢪꢦꢥ꣄,ஸமபன்
ꢱꢪꢡꣁ,ஸமதொ
ꢱꢷꢱꣁꢮ꣄ꢬꢶ ꢬꢴꢵꢱ꣄ꢡꢾ,ஸீஸொவ்ரி ரா:ஸ்தே
ꢢꢶꢬꢪ꣄ꢒꢥꢶ ꢬꢴꢵꢱ꣄ꢡꢾ,தி2ரம்கனி ரா:ஸ்தே
ꢔꢵꢳ꣄꣄,கா3ள்
ꢥꢶꢥ꣄ꢣꢥꣁ,நிந்த3னொ
ꢢꢸꢮ꣄ꢥꢶ,து2வ்னி
ꢱꢪꢬ꣄ꢢꢸꢮꢵꢥ꣄,ஸமர்து2வான்
ꢥꢶꢬꢵꢯꣁ,நிராஶொ
ꢱ꣄ꢢꢶꢡꢶ,ஸ்தி2தி
ꢱ꣄ꢪꢬꢠ ꢯꢒ꣄ꢡꢶ,ஸ்மரணஶக்தி
ꢪꢹꢬ꣄ꢗ꣄ꢘꣁ ꢭꢔꢾ ꢱ꣄ꢡꢾꢥꣁ,மூர்ச்சொ2 லகெ3ஸ்தெனொ
ꢱ꣄ꢪꢬꢠꣁ,ஸ்மரணொ
ꢂꢥꢫꣁꢥ꣄ꢫꢸ,அன்யோன்யு
ꢦꢒ꣄ꢮꣁ,பக்வொ
ꢦꢶꢒ꣄ꢒꢶꢥꢶ,பிக்கினி
ꢪꣁꢙꣁ,மோஜொ
ꢪꢾꢬ꣄ꢗꢶꢥꢶ,மெர்சினி
ꢨꢥ꣄ꢣꢵ,ப3ந்தா3
ꢮꢶꢬꣂꢤ꣄,விரோத்4
ꢦꢬꢶꢡꢵꢦ꣄,பரிதாப்
ꢧꢭ꣄ꢗꢵꢡꢵꢦ꣄,ப2ல்சா தாப்
ꢂꢥꢸꢡꢵꢮ꣄,அனுதாப்
ꢩꢹꢒ꣄,பூ4க்
ꢱꢾꢭꢶꢪ꣄ꢨꢸ,ஸெளிம்பு3
ꢱꢾꢭꢶꢦꢪ꣄,ஸெளிபம்
ꢱꢸꢒ꣄ꢒꢶꢥꢶ,ஸுக்கினி
ꢮꢶꢣ꣄ꢫꣁ,வித்3யொ
ꢒ꣄ꢬꢸꢡꢶ,க்ருதி
ꢬꢹꢦ꣄ꢒꢾꢬ꣄ꢥꢶ,ரூப்கெர்னி
ꢱ꣄ꢬꢸꢰ꣄ꢜꢶ,ஸ்ருஷ்டி
ꢔꢸꢠ꣄ꢠꢸꢥ꣄,கு3ண்ணுன்
ꢔꢸꢠ꣄ꢠꢸꢥꢸ ꢱꢵꢬ꣄,கு3ண்ணுனு ஸார்
ꢦꢡ꣄ꢥꢶ,பத்னி
ꢤꢪꢵꢤꢵꢪ꣄,த4மாதா4ம்
ꢤꢵꢒ꣄,தா4க்
ꢥꣁꢮꢡꢾꢒꣁ ꢱꢵꢡ꣄ꢡꣁ ꢤꢒ꣄ꢒꢶꢥꢶ,நொவதெகொ ஸாத்தொ த4க்கினி
ꢦꢵꢭꢥꣁ ꢒ꣄ꢬ꣄ꢥꢶ,பாலனொ கெர்னி
ꢦꢬꢶꢲꢵꢬ꣄,பரிஹார்
ꢦ꣄ꢬꢵꢫꢯ꣄ꢗꢶꢡ꣄ꢡꢸ ꢒꢾꢬꢱ꣄ꢡꢾ,ப்ராயஶ்சித்து கெரஸ்தே
ꢦꢬꢶꢲꢵꢱ꣄,பரிஹாஸ்
ꢨꢭꢲꢶꢥ꣄,ப3லஹீன்
ꢨꢭ꣄ꢯꢵꢭꢶ,ப3லஶாலி
ꢦꢮꢶꢡ꣄ꢬꢸ,பவித்ரு
ꢬꢦ꣄ꢡꣁ,ரப்தொ
ꢦꣁꢬꢵꢒ꣄ꢦꣁꢬꣁ,பொராக்பொரொ
ꢦ꣄ꢬꢡꢶꢯꣂꢤ꣄,ப்ரதிஶோத்4
ꢪꢾꢬ꣄ꢦꢸꢭ꣄,மெர்புல்
ꢙꣁꢭꢶꢛ꣄ꢗꢶꢥꢶ,ஜொலிஞ்சினி
ꢥꢸꢮꢶꢥꢶ,நுவினி
ꢪꢾꢗ꣄ꢗꢶꢥꢶ,மெச்சினி
ꢯ꣄ꢭꢵꢕꢥꣁ,ஶ்லாக4னொ
ꢩꢷꢒ,பீ4க்
ꢕꢾꢞꢶꢮꢵꢣ꣄,கெ4டி3வாத்3
ꢣꢸꢬꢵꢔ꣄ꢬꢲꣁ,து3ராக்3ரஹொ
ꢦꢶꢬꢡꢶꢧꣂꢭ,பிரதிபோ2ள்
ꢪꢵꢫꣁ,மாயொ
ꢦꢱ꣄ꢒꢜ꣄ ꢬꢴꢥꢶ,பஸ்கட் ர:னி
ꢩꢷꢡꢶ,பீ4தி
ꢔꢸꢨꢸꢔꢸꢦꢵꢱ꣄ꢡꢿ,கு3பு3கு3பாஸ்தே
ꢨꢸꢣ꣄ꢤꢶ,பு3த்3தி4
ꢆꢡ꣄ꢱꢵ,உத்ஸாஹ்
ꢔꢾꢠꢵꢡ꣄,கெ3ணாத்
ꢂꢪ꣄ꢨꢜ꣄,அம்ப3ட்
ꢒꢥ꣄ꢫꢵ,கன்யொ
ꢒꢷꢬ꣄ꢡꢶ,கீர்தி
ꢮꢾꢣꢸꢬ꣄ ꢮꢣꢶꢥꢶ,வெது3ர்வதி3னி
ꢩꢿꢡ,பே4த்
ꢪꢶꢢꢥ꣄,மித2ன்
ꢥꣁꢮꢦꢥ꣄,நொவபன்
ꢂꢱꢹꢫꣁ,அஸூயொ
ꢙꢮꢵꢨ꣄ꢣꢵꢬ꣄,ஜவாப்3தா3ர்
ꢱꢲꢥꢡꣁ,ஸஹனதொ
ꢔꢸꢠ꣄ꢞꣁ,கு3ண்டொ3
ꢔꢸꢠ꣄ꢞꢦꢥ꣄,கு3ண்ட3பன்
ꢪꢲꢶꢪꣁ,மஹிமொ
ꢪꢵꢲꢵꢡ꣄ꢪꣁ,மாஹாத்மொ
ꢪꢲꢵꢥ꣄,மஹான்
ꢪꣁꢪ꣄ꢦꢸ,ஸொம்பு
ꢱꣁꢥ꣄ꢡꢸ,ஸொந்து
ꢫꢸꢮꢡꢶ,யுவதி
ꢪꢴꢸꢞꢦꢥ꣄,மு:ட3பன்
ꢪꢴꢸꢞꣁ,மு:டொ3
ꢮꢱꢸꢥꣁ,வஸுனொ
ꢪꢾꢖ꣄ꢔꢶꢥꢶ,மெங்கி3னி
ꢪꣁꢬ꣄ꢔ꣄ꢫꢵꢡ꣄,மொர்க்3யாத்
ꢧꢸꢭꢱ꣄ꢡꢾ,பு2லஸ்தே
ꢮꢶꢱꢸꢬ꣄,விஸுர்
ꢪꣁꢥ꣄ꢥꢸ ꢒꢮ꣄ꢭꢶꢥꢶ,மொன்னு கவ்லினி
ꢪꣁꢥ꣄ꢥꢸ ꢯꢵꢥ꣄ꢡꢶ,மொன்னு ஶாந்தி
ꢡ꣄ꢬꢸꢦ꣄ꢡꢶ,த்ருப்தி
ꢦꢬꢶꢦꢹꢬ꣄ꢠꢸ,பரிபூர்ணு
ꢪꢥꣂꢩꢵꢮ꣄,மனோபா4வ்
ꢪꢬ꣄ꢗꢶꢥꢶ,மர்சினி
ꢏꢬꢶꢮꢬ꣄ꢡꢥꣁ,பரிவர்தனொ
ꢂꢮꢪꢵꢥ꣄,அவமான்
ꢪꢵꢥ꣄,மான்
ꢔꣃꢬꢮ꣄,கௌ3ரவ்
ꢔꢾꢡ꣄ꢡꢸ,கெ3த்து
ꢒꣁꢪ꣄ꢨꢳꢦꢥ꣄,கொம்ப்3ளபன்
ꢦꢬꢶꢦꢒ꣄ꢮꢡꣁ,பரிபக்வதொ
ꢫꢡ꣄ꢡꢥ꣄,யத்தன்
ꢦ꣄ꢬꢫꢡ꣄ꢡꢥ꣄,ப்ரயத்தன்
ꢥꢴꢥ꣄ꢲꢱꣁ,ந:ன்ஹஸொ
ꢪꢸꢒꢸꢭ꣄ꢲꢱꣁ,முகுல்ஹஸொ
ꢆꢥ꣄ꢥꢡꢶ,உன்னதி
ꢲꣁꢬꢮ꣄ꢥꢶ,ஹோரவ்னி
ꢂꢥ꣄ꢤꢮꢶꢯ꣄꣄ꢮꢵꢱ꣄,அந்த4விஶ்வாஸ்
ꢣꣁꢮ꣄ꢬꢦꢥ꣄,தொ3வ்ரபன்
ꢪꢹꢬ꣄ꢓꢦꢥ꣄,மூர்க2பன்
ꢪꢹꢬ꣄ꢓꢸ,மூர்கு2
ꢥꢶꢙꢮꢡ꣄ꢡꣁ,நிஜவத்தொ
ꢱꢡ꣄ꢫ ꢮꢵꢒ꣄,ஸத்ய வாக்
ꢪ꣄ꢬꢸꢣꢸꢦꢥ꣄,ம்ருது3பன்மெது3வுபன்
ꢪꢾꢣꢸꢮꢸꢦꢥ꣄,ம்ருது3பன்மெது3வுபன்
ꢪꢴꣁꢜ꣄ꢜꢦꢥ꣄,மொ:ட்டபன்
ꢪꢿꢜ꣄ꢦꢥ꣄,மேட்பன்ஶ்ரேஷ்ட2பன்
ꢯ꣄ꢬꢿꢰ꣄ꢝꢦꢥ꣄,மேட்பன்ஶ்ரேஷ்ட2பன்
ꢪꣂꢲ꣄,மோஹ்
ꢪꣂꢲ꣄,மோஸ்
ꢪꣃꢥ꣄,மௌன்
ꢂꢮꢵꢒ꣄,அவாக்
ꢫꢢꢵꢬ꣄ꢢꢮꢵꢣꢶ,யதா2ர்த2வாதி3
ꢫꣁꢗꢥꣁ,யோசனொ
ꢬꢸꢗꢶ,ருசி
ꢮꢛ꣄ꢗꢥꣁ,வஞ்சனொ
ꢮꢛ꣄ꢗꢥꣁ ꢒꢾꢬ꣄ꢥꢵꢬ꣄,வஞ்சனொ கெர்னார்
ꢮꢬ꣄ꢠꢥꣁ,வர்ணனொ
ꢲꢾꢡꣁ,ஹெதொ
ꢮꢞ꣄ꢙꢥꢶ,வட்3ஜனி
ꢔ꣄ꢬꢵꢲꢒꣁ,க்3ராஹகொ
ꢔ꣄ꢬꢵꢲꢶ,க்3ராஹி
ꢡꣂꢠꢸꢪ꣄ ꢤꣁꢮ꣄ꢳꣁ,தோணும் தொ4வ்ளொ
ꢥꢶꢯꢨ꣄ꢣꢸ,நிஸப்3து3
ꢒꢸꢬꢹꢦ꣄,குரூப்
ꢮꢶꢯ꣄꣄ꢮꢵꢱ꣄,விஶ்வாஸ்
ꢮꢯ꣄꣄ꢮꢵꢱꢶ,விஶ்வாஸி
ꢃꢯ꣄꣄꣄ꢗꢬ꣄ꢫꢹ,ஆஶ்சர்யு
ꢮꢶꢬꢲꢡꢵꢦ꣄,விரஹதாப்
ꢧꢵꢜ꣄,பா2ட்
ꢨꢶꢬꢸꢣꢸ,பி3ருது3
ꢏꢦ꣄ꢦꢫꢶꢥꢶ,ஒப்பயினி
ꢗꢡ꣄ꢬꢸ,ஶத்ரு
ꢦꢬꣂꢦꢒꢵꢬꢶ,பரோபகாரி
ꢲꣁꢞꢶꢥꢶ,ஹொடி3னி
ꢣꢸꢒꢵꢭ꣄,து3கால்
ꢣꢸꢒꢵꢳ꣄꣄,து3காள்
ꢡꢾꢬ꣄ꢒꢾ,தெர்கெ
ꢦ꣄ꢬꢙ꣄ꢛꣁ,ப்ரஜ்ஞொ
ꢨꢶꢱ꣄ꢱꢦꢥ꣄,பி3ஸ்ஸபன்
ꢨꢶꢱ꣄ꢱꣁ,பி3ஸ்ஸொ
ꢤꣀꢬ꣄ꢫꢸ,தை4ர்யொ
ꢤꣀꢬ꣄ꢫꢮꢵꢥ꣄,தை4ர்யவான்
ꢤꣀꢬ꣄ꢫ ꢱ꣄ꢡꢶꢬꢶ,தை4ர்யவதி
ꢨꣁꢞ꣄ꢠꢶ,பொட்3ணி
ꢙꢵꢭ꣄,ஜாள்
ꢲꢸꢥ꣄ꢥꢦꢥ꣄,ஹுன்னபன்)
ꢲꢸꢥ꣄ꢥꣁ,ஹுன்னபன்)
ꢔꢷꢔ꣄,ஜீக்3
ꢆꢔ꣄ꢬꢡꣁ,உக்3ரதொ
ꢣ꣄ꢮꢾꢯ꣄,த்3வேஷ்
ꢮꢿꢔ꣄,வேக்3
ꢯꣂꢒ꣄,ஶோக்
ꢒꢹꢡ꣄,கூத்
ꢓꢾꢳ꣄,கே2ள்
ꢩꢿꢣ꣄,பே4த்3
ꢮꣀꢬꢵꢔ꣄ꢫꢸ,வைராக்3யு
ꢂꢒ꣄ꢰꢬ꣄,அக்ஷர்
ꢂꢒ꣄ꢰꢵꢥ꣄ꢡꢬ꣄,அக்ஷாந்தர்
ꢮꢶꢯꢿꢰꢠꣁ ꢔꢸꢠꢶ,விஸேஷணொ
ꢡꢵꢭꢸ ꢱꢨ꣄ꢣꢸ,தாலுஸப்3து3
ꢲꢬꢶꢞꢶ ꢱꢨ꣄ꢣꢸ,ஹரிடி3ஸப்3து3
ꢬꢹꢦꢮꢬ꣄ꢠꢶ,ரூபவர்ணி
ꢬꢹꢦꢸ ꢥꢶꢬ꣄ꢪꢵꢥ꣄,ரூபு நிர்மான்
ꢩꢖ꣄ꢔꢶ ꢩꢵꢰꢥ꣄,ப4ங்கி3பா4ஷண்
ꢦꢬꣂꢰ ꢩꢵꢰꢠ꣄,பரோக்ஷபா4ஷண்
ꢂꢬ꣄ꢤ ꢨꢶꢥ꣄ꢣꢸ,அர்த4பி3ந்து3
ꢂꢬꢹꢦ ꢥꢵꢮ꣄,அரூப நாவ்
ꢥꢦꢸꢪ꣄ꢱꢒ ꢭꢶꢖ꣄ꢔꢸ,நபும்ஸக லிங்கு3
ꢂꢳ꣄ꢳꢶꢖ꣄ꢔꢸ,அள்ளிங்கு3
ꢯꢨ꣄ꢣ ꢂꢮ꣄ꢥꢶ,ஸப்3த3அவ்னி
ꢦꢸꢪ꣄ꢱꢒꢭꢶꢖ꣄,பும்ஸகலிங்கு3
ꢣꢭ꣄ꢭꢶꢖ꣄ꢔ꣄,த3ல்லிங்கு3
ꢃꢡ꣄ꢪꢷꢫꢮꢶꢩꢒ꣄ꢡꢶ,ஆத்மீய விப4க்தி
ꢱꣁꢮ꣄ꢮꢾ ꢮꢶꢩꢒ꣄ꢡ,ஸொவ்வெவிப4க்தி
ꢦꢸꢬꢸꢱ,புருஷ
ꢱꢡ꣄ꢮ ꢮꢶꢩꢒ꣄ꢡꢶ,ஸத்வ விப4க்தி
ꢪꢳ꣄ꢥꢶ ꢱꢨ꣄ꢣꢸ,மிள்னி ஸப்3து3
ꢙꣁꢞꢶ,ஜொடி3
ꢦ꣄ꢬꢒꢺꢡꢶ,ப்ரக்ருதி
ꢕꢵꢪ꣄ ꢮꢡ꣄ꢡꣁ ꢣꢿꢱꢶ ꢮꢡ꣄ꢡꣁ,கா3ம்வத்தொ
ꢡꣂꢣꢸ ꢗꢾꢬ꣄ꢥꢶ,தோது3 செர்னி
ꢣꢶꢮ꣄ꢥ ꢶꢱꢖ꣄ꢓ꣄꣄ꢫꣁ,தி3வ்னிஸங்க்2யொ
ꢣꢶꢮ ꢮꢶꢩꢒ꣄ꢡꢶ,தி3வவிப4க்தி
ꢣꢶꢮ꣄ꢥꢶ,தி3வ்னி
ꢮ꣄ꢫꢵꢒꢬꢠ ꢩꢵꢒꢥ꣄꣄,வ்யாகரண பா4கு3ன்
ꢮ꣄ꢫꢵ ꢒꢬꢠ ꢭꢶꢖꢔꢸ,வ்யாகரண லிங்கு3
ꢮ꣄ꢫꢵꢒꢬꢠ꣄,வ்யாகரண்
ꢮ꣄ꢫꢵꢒꢬꢠ ꢱꢪ꣄ꢦ꣄ꢬꢣꢵꢫ꣄,வ்யாகரண ஸம்ப்ரதா3ய்
ꢮ꣄ꢫꢵꢒꢬꢠ ꢱꢵꢱꢥꣁ,வ்யாகரண ஸாஸனொ
ꢙꢶꢫꢾ ꢒꢵꢭ꣄,ஜியெகால்
ꢔꢿ ꢒꢵꢭ꣄,கே3கால்
ꢆꢗ꣄ꢗꢵꢬꢠ꣄,உச்சாரண்
ꢚꢶꢬ꣄ꢒꢶꢥꢶ,ஜி2ர்கினி
ꢏꢣꢜ꣄,ஒத3ட்
ꢲꣂꢜ꣄,ஹோட்
ꢂꢡꢶꢱꢵꢫꣂꢡ꣄ꢡꢶ,அதிஸயோக்தி
ꢂꢡꢶꢮꢬ꣄ꢠꢥꣁ,அதிவர்ணனொ
ꢦꢹꢙ꣄ꢫ ꢦꢲꢸ ꢮꢗꢥ꣄,பூஜ்ய ப3ஹு வசன்
ꢪꢿꢜꢸ ꢨꢲꢸ ꢮꢗꢥ꣄,மேடு ப3ஹு வசன்
ꢱ꣄ꢮꢬꢵꢒ꣄ꢰꢬ꣄ ꢂꢙꢸꢥꢒ꣄ꢰꢬ꣄,ஸ்வராக்ஷர்
ꢱꢙꢷꢮꢶ,ஸஜீவி
ꢮꢶꢩꢒ꣄ꢡꢶ ꢗꢶꢥ꣄ꢲꢸꢥ꣄ ꢮꢶꢩꢡꢒ꣄ꢡꢶ ꢮꢬ꣄ꢠꢒꢸꢥ꣄,விப4க்தி சின்ஹுன்
ꢩꢵꢱ꣄ꢫꣁ,பா4ஷ்யொ
ꢆꢦꢪꣁ,உபமொ
ꢂꢥ꣄ꢡ ꢥꢶꢬ꣄ꢪꢵꢥ꣄,அந்தர்நிர்மாண்
ꢪꢴꢣ꣄ꢣꢶ ꢢꣁꢮ꣄ꢥꢶ,ம:த்3தி3தொ2வ்னி
ꢇꢲꢪ꣄,ஊஹம்
ꢱꢖ꣄ꢓ꣄ꢫꣁ,ஸங்க்2யொ
ꢂꢮꢥ꣄ꢒꢵꢭ꣄,அவன்கால்
ꢮ꣄ꢫꢡꢶꢬꢿꢒ ꢱꢨ꣄ꢣꢸ,வ்யதிரேக ஸப்3து3
ꢮ꣄ꢫꢡꢶꢬꢿꢒ꣄,வ்யதிரேக்
ꢂꢰꢬ꣄,அக்ஷர்
ꢭꢶꢦꢶ,லிபி
ꢒꢬ꣄ꢡꣁ,கர்தொ
ꢃꢙ꣄ꢛꢵ,ஆஜ்ஞொ
ꢗꢾꢬꢶꢨꢥ꣄ꢤꢶ,செரிப3ந்தி4
ꢌꢒꢮꢗꢥ꣄,ஏகவசன்
ꢱ꣄ꢮꢬꣁ,ஸ்வரொ
ꢤ꣄ꢮꢥꢶ,த்4வனி
ꢆꢗ꣄ꢗꢵꢜꢥꢪ꣄,உச்சாடனம்
ꢬꢷꢠꢸ ꢮꢡ꣄ꢡꣁ,ரீணுவத்தொ
ꢩꢬꢳ ꢮꢡ꣄ꢡꣁ,ப4ரளவத்தொ
ꢓꢳ꣄ꢳꢥ꣄ ꢮꢡ꣄ꢡꣁ,க2ள்ளன்வத்தொ
ꢒꢭꢸ,காலு
ꢱ꣄ꢮꢭ꣄ꢦ ꢮꢶꢬꢵꢪ,ஸ்வல்ப விராமொ
ꢥꢴꢥ꣄ ꢕꢾꢞꢶ,ந:ன் கெ4டி3
ꢔꢸꢬꢶ,கு3ரி
ꢡꢵꢳꢸ,தாளு
ꢭꢫꣁ,லயொ
ꢱꢪ꣄ꢱꢬ꣄ꢔꢸ,ஸம்ஸர்கு3
ꢱꢹꢡ꣄ꢬꢸ,ஸூத்ரு
ꢩꢵꢮ ꢩꢵꢰꣁ,பா4வபா4ஷொ
ꢯꢨ꣄ꢣꢸ,ஸப்3து3
ꢯꢨ꣄ꢣ ꢮ꣄ꢫꢵꢒꢬꢠꣁ,ஸப்3த3 வ்யாகரணொ
ꢧꣀꢭ꣄ ꢦꢸꢬꢸꢱꢸ,பை2ல புருஷு
ꢂꢒꢬ꣄ꢪꢒ ꢒ꣄ꢬꢶꢫꣁ,அகர்மகக்ரியொ
ꢱꢒꢬ꣄ꢪꢒ ꢒ꣄ꢬꢶꢫꣁ,ஸகர்மக க்ரியொ
ꢱꢵꢤꢵꢬꢠ ꢮꢵꢒ꣄ꢫꣁ,ஸாதா4ரணவாக்யொ
ꢩꢵꢰꢠ ꢮꢡ꣄ꢡꣁ,பா4ஷண வத்தொ
ꢔꢸꢪ꣄ꢦꢸꢥꢵꢮ꣄,கு3ம்பு நாவ்
ꢪꢥ꣄ꢡꢸ ꢮꢡ꣄ꢡꣁ,மந்துவத்தொ
ꢆꢦ ꢒ꣄ꢬꢶꢫꣁ,உபக்ரியொ
ꢮꢾꢒ꣄ꢒꢶꢥꢶ,வெக்கினி
ꢱꢪ꣄ꢫꢸꢒ꣄ꢡꢸ,ஸம்யுக்து
ꢆꢒ꣄ꢡꢶ ꢮꢵꢒ꣄ꢫꢪ꣄,உக்திவாக்யம்
ꢮꢡ꣄ꢡꢵ ꢡꣁꢬꢠ꣄,வத்தா தொரண்
ꢥꢶꢬꢥ꣄ꢡꢬ ꢒꢵꢭ꣄,நிரந்த3ரகால்
ꢮꢵꢒ꣄ꢫ ꢦ꣄ꢬꢒꢬꢠꣁ,வாக்ய ப்ரகரணொ
ꢒꢬ꣄ꢪꢸ ꢥꢵꢮ꣄,கர்மு நாவ்
ꢬꢷꢡꢶ,ரீதி
ꢗꢬ꣄ꢮ ꢮꢶꢩꢒ꣄ꢡꢶ,சர்வவிப4க்தி
ꢗꢭ꣄ꢡ ꢒꢵꢭ꣄,சல்தகால்
ꢮꢶꢬꢵꢪꢸ ꢗꢶꢥ꣄ꢲꢸ,விராமு சின்ஹு
ꢭꢵꢪ꣄ꢱ꣄ꢮꢬꣁ,லாம்ஸ்வரொ
ꢂꢒ꣄ꢰꢬꢵꢥ꣄,அக்ஷரான்
ꢦ꣄ꢬꢡꢶꢩꢵꢱꢥ꣄,ப்ரதிபா4ஷன்
ꢤꢹꢬ꣄ ꢦꢸꢬꢸꢱꢸ,தூ3ர் புருஷு
ꢮꢵꢒ꣄ꢮꢶꢲꢵꢬ꣄,வாக் விஹார்
ꢒ꣄ꢬꢶꢫꢵꢦꢣ꣄,க்ரியாபத்3
ꢨꢲꢹ ꢮꢗꢥ꣄,ப3ஹு வசன்
ꢭꢶꢖ꣄ꢔꢸ,லிங்கு3
ꢂꢥꢸꢨꢥ꣄ꢤꢸ,அனுப3ந்து4
ꢦꢹꢬ꣄ꢠ ꢮꢶꢬꢵꢪ꣄,பூர்ணவிராம்
ꢲꣁꢭ꣄ꢭꢵ ꢥꢶꢬ꣄ꢪꢵꢥ꣄,ஹொல்லாநிர்மாண்
ꢱ꣄ꢡ꣄ꢬꢷ ꢭꢶꢖ꣄ꢔꢸ,ஸ்த்ரீலிங்கு3
ꢱꢬ꣄ꢮ ꢥꢵꢮ꣄,ஸர்வ நாவ்
ꢦ꣄ꢬꢡꢶ ꢥꢵꢮ꣄,ப்ரதி நாவ்
ꢮꢶꢯꢿꢰꢠ꣄,விஶேஷண்
ꢱꢵꢤꢵꢬꢠꢭꢶꢖ꣄ꢔꢸ,ஸாதா4ரண லிங்கு3
ꢱꢵꢤꢵꢬꢠ ꢱꢨ꣄ꢣꢸ,ஸாதா4ரணஸப்3து3
ꢂꢬ꣄ꢢꢸ,அர்து2
ꢮꢒ꣄ꢬꣂꢒ꣄ꢡꢶ,வக்ரோக்தி
ꢱꢪ꣄ꢡꢿꢲꢵꢬ꣄ꢢꢸ,ஸந்தே3 ஹார்து2
ꢱꢪ꣄ꢦꢶꢬꢣꢵꢫꢸ,ஸம்பிரதா3யு
ꢮ꣄ꢫꢒ꣄ꢡ ꢮꢡ꣄ꢡꣁ,வ்யக்த வத்தொ
ꢮ꣄ꢫꢒ꣄ꢡ ꢱ꣄ꢮꢬꣁ,வ்யக்தஸ்வரொ
ꢂꢬ꣄ꢤ ꢨꢶꢥ꣄ꢤꢸ,அர்த4பி3ந்து4
ꢪꢸꢱꢸꢥꢵ ꢒ꣄ꢬꢶꢫꣁ,முஸுநாக்ரியொ
ꢦꢣꢪ꣄,பத3ம்
ꢂꢣꢶꢒꢬꢠꢪ꣄,அதி3 கரணம்
ꢥꢶꢱ꣄ꢱꢥ꣄ꢣꢾꢲ ꢒ꣄ꢬꢶꢫꣁ,நிஸ்ஸந்தே3ஹ க்ரியொ
ꢦꢹꢬ꣄ꢠ ꢒ꣄ꢬꢶꢫꣁ,பூர்ண க்ரியொ
ꢮꢾꢣꢸꢬ꣄ꢦꢸꢬꢸꢱꢸ,வெது3ர் புருஷு
ꢣꢶꢮꢦꢸꢬꢸꢰꢸ,தி3வபுருஷு
ꢂꢔ꣄ꢬ ꢨꢥ꣄ꢡꢸ,அக்3ரப3ந்து4
ꢥꢵꢒꢸ ꢱꢾꢣ꣄ꢣꢸ,நாகு ஸெத்3து3
ꢲꢒꢵꢬ ꢯꢨ꣄ꢣꢸ,ஹகார ஶப்3து3
ꢱ꣄ꢮꢵꢱꢪ꣄,ஸ்வாஸம்
ꢪꢲꢵ ꢦ꣄ꢬꢵꢠꢪ꣄,மஹாப்ராணம்
ꢲꢭꢸꢥ꣄,ஹலுன்
ꢲꢾꢞꢶ ꢱꢖ꣄ꢒꢶꢥꢶ,ஹெடி3 ஸங்கினி
ꢘꢥ꣄ꢡꢱ꣄,ச2ந்தஸ்
ꢮꢵꢒ꣄ꢫ ꢩꢵꢔ꣄,வாக்ய பா4க்3
ꢮꢶꢤꢶ,விதி4
ꢦ꣄ꢬꢱ꣄ꢠꣁ,ப்ரஶ்ணொ
ꢦ꣄ꢬꢱ꣄ꢠ ꢔꢸꢬꢶ,ப்ரஷ்ண கு3ரி
ꢒ꣄ꢬꢶꢫꢵꢦꢣꢸ,க்ரியாபது3
ꢒ꣄ꢬꢶꢫꢵꢮꢶꢱꢾꢰꢠ꣄,க்ரியா விஸேஷண்
ꢂꢮ꣄ꢫꢫꣁ,அவ்யயொ
ꢮꢶꢩꢒ꣄ꢡꢶ,விப4க்தி
ꢨꣁꢭꢵꢤꢶꢞꣁ,பெ3ளாதி4டொ3
ꢂꢜꣀ,அடை3
ꢦꢸꢬꢶ,புரி
ꢂꢦ꣄ꢦꢸꢞꢵꢭ꣄,அப்புடா3ல்
ꢂꢜ꣄ꢒꢸꢭ꣄,அட்குல்
ꢒꢫ꣄ꢫꢵꢥ꣄ ꢡꢾꢳ꣄ꢥꢶ,கய்லான்தெள்னி
ꢂꢲꢵꢬ꣄,அஹார்
ꢂꢦ꣄ꢦꢪ꣄,அப்பம்
ꢩꢭꢵꢬ꣄,ப2லார்
ꢮꢶꢳ꣄꣄ꢜꢶꢫꣁ,விள்டொ
ꢆꢒ꣄ꢒꢸꢜꢸꢪ꣄,விள்டியொ
ꢄꢜꢶꢫꢵꢦ꣄ꢦꢪ꣄,இடியாப்பம்
ꢕꢜꢮ꣄ꢥꢭ꣄,க2வ்னல்
ꢱꢮ꣄ꢥꢭ꣄,ஸவ்னல்
ꢗꣀꢥꣁ,சைனொ
ꢨꣁꢱꢸꢭꣁ,பொ3ஸுலொ
ꢪꢵꢪ꣄ꢱꢸ,மாம்ஸு
ꢓꣁꢮ꣄ꢱ꣄,கொ2வ்ஸ்
ꢓꢥꢶ,க2னி
ꢓꢮ꣄ꢥꢪ꣄,க2வ்னம்
ꢆꢦ꣄ꢪꢵꢮ꣄,உப்மாவ்
ꢒꢗ꣄ꢗꢪ꣄ꢩꢵ ꢂꢪ꣄ꢨꢜ꣄,கச்சம்பா3 அம்ப3ட்
ꢨꢶꢙ꣄ꢙꢜ꣄,பி3ஜ்ஜட்
ꢭꣁꢰ꣄ꢜꣁ,லொஷ்டொ
ꢡꢷꢭꢸ ꢆꢠ꣄ꢜꣁ,தீளு உண்டொ
ꢒꢾꢥ꣄ꢥꢶꢦꢾꢱ꣄,கென்னிபேஸ்
ꢔꣁꢨ꣄ꢨꢸꢬꢾꢱ꣄ꢱꢸ,கொ3ப்3பு3 ரெஸ்ஸு
ꢒꣁꢞ꣄ꢞꢶ,கொட்3டி3
ꢒꢾꢳ꣄ꢳꢸ,கௌ்ளு
ꢱꢸꢔꢸꢞ꣄,ஸுகு3ட்3
ꢗꣀꢭꢡ꣄ꢡꢾ,சைலத்தெ
ꢗꢥꣁ,சைனொ
ꢨꢾꢠ꣄ꢞꢸꢗꢥꣁ,பெ3ண்டு3சைனொ
ꢒꢸꢞꢶꢗꢥꣁ,குடி3 சைனொ
ꢣꢸꢒ꣄ꢒꢬꢸꢗꢥꣁ,து3க்கரு சைனொ
ꢒꣁꢬꢸꢗꣀꢥꣁ,கொ3ரு சைனொ
ꢂꢪ꣄ꢜꢶ,அம்டி
ꢔꣁꢙ꣄ꢙꢸ,கொ3ஜ்ஜு
ꢒꢸꢜ꣄ꢒꢶꢬꢶ,குட்கிரி
ꢂꢪ꣄ꢨꢶꢭ꣄,அம்பி3ல்
ꢒꢿꢱꢬꢶ,கேஸரி
ꢒꢥ꣄ꢣꢸꢭꣁ,கந்து3லொ
ꢪꢥ꣄ꢣꣁ,மந்தொ3
ꢗꢜ꣄ꢥꢶ,சட்னி
ꢡꢒ꣄ꢒꢵꢳꢶ ꢗꢜ꣄ꢥꢶ,தக்காளி சட்னி
ꢥꢬꢳ꣄꣄ ꢗꢜ꣄ꢥꢶ,நரள்சட்னி
ꢦꢸꢡꢶꢥꢵ ꢗꢜ꣄ꢥꢶ,புதினாசட்னி
ꢪꢭ꣄ꢭꢶ ꢗꢜ꣄ꢥꢶ,மல்லிசட்னி
ꢱꢸꢒ꣄ꢒꢜ꣄,ஸுக்கட்
ꢗꢦ꣄ꢦꢵꢡ꣄ꢡꢶ,சப்பாத்தி
ꢩꢵꢡ꣄,பா4த்
ꢂꢥ꣄ꢥꢸ,அன்னு
ꢱꢪ꣄ꢨꢵꢬ꣄,ஸம்பா3ர்
ꢱꢾꢬꣁ,ஸெரொ
ꢬꢾꢱ꣄ꢱꢸ,ரெஸ்ஸு
ꢥꢴꢥ꣄ꢓꢥꢶ,ந:ன்க2னி
ꢱꢸꢒꢸꢠ꣄ꢜꣁ,ஸுகு3ண்டொ3
ꢭꢶꢪ꣄ꢨꢸ ꢩꢵꢡ꣄,லிம்பு3பா4த்
ꢗꢾꢡ꣄ꢡꢶ ꢩꢵꢡ꣄,செத்3தி3பா4த்
ꢦꣁꢥ꣄ꢥꢶꢥ꣄ ꢗꣁꢥ꣄ꢥꣁ ꢩꢵꢡ꣄,ஜொ2ள்ளா பாத்
ꢭꢶꢪ꣄ꢦꢸꢩꢵꢡ꣄,லிம்புபா4த்
ꢤꢶꢟꣁ,தி4டொ3
ꢚꣁꢳ꣄ꢳꢵ ꢩꢵꢡ꣄,ஜொ2ள்ளாபா4த்
ꢤꢾꢄ~,தெ4இ~
ꢗꣁꢬꣁ,சொரொ
ꢭꣁꢱ꣄ꢜꣁ,லொஷ்டொ
ꢡꢷ꣄ꢳ꣄ ꢭꣁꢰ꣄ꢜꣁ,தீள்லொஷ்டொ
ꢡꢷꢳ ꣄꣄ꢣꢵꢳ꣄,தீள்தா3ள்
ꢒꢸꢳꢶꢶꢡ꣄ ꢣꢵꢳ꣄,குளித்தா3ள்
ꢥꢬꢳ꣄꣄ ꢣꢵꢳ꣄,நரள்தா3ள்
ꢨꢾꢳꢵꢣꢵꢳ꣄,பெ3ளாதா3ள்
ꢦꢸꢡꢶꢥꢵ ꢣꢵꢳ꣄,புதினாதா3ள்
ꢥꢬꢳ꣄꣄ ꢣꢹꢡ꣄,நரள்தூ3த்
ꢡꢿꢥꢾ,தேனெ
ꢡꢾꢥ꣄ꢡꢸꢭꣁ,தெந்துலொ
ꢤꢶꢞꣁ,தி4டொ3
ꢡꢹꢦ꣄,தூப்
ꢲꣁꢭ꣄ꢭꢵ ꢓꢥꢶ,ஹொல்லா க2னி
ꢦꢒ꣄ꢒꣂꢜꣁ,பக்கோடா
ꢦꣁꢳ꣄ꢳꢵ ꢬꢾꢱ꣄ꢱꢸ,பொள்ளாரெஸ்ஸு
ꢱꢶꢳ꣄ꢳ ꢩꢵꢡ꣄,ஸிள்ளபா4த்
ꢒꣁꢞꢸꢒ꣄,கொடு3க்
ꢦꢵꢮ꣄,பாவ்
ꢦꢱꢪ꣄,பஸம்
ꢣꢹꢡ꣄,தூ3த்
ꢣꢹꢡ꣄ꢩꢿꢞꢵ ꢦꢵꢭ꣄ꢒꣁꢮꢵ,தூ3த் பே4டா3
ꢱꢵꢫ꣄,ஸாய்
ꢦꢶꢜ꣄ꢜꢸ,பிட்டு
ꢨꣁꢱꢸꢭꢵ ꢩꢵꢡ꣄,பொ3ஸுலா பா4த்
ꢱꢷꢱꢸ ꢂꢮ꣄ꢠ꣄ꢞꢶ,சீஸு அம்டி
ꢣꢄ~ ꢬꢫ꣄ꢡꣁ,தெ4இ~ரய்தொ
ꢂꢪ꣄ꢦꢜ꣄ ꢩꢵꢡ꣄,அம்ப3ட் பா4த்
ꢦꢹꢥ꣄ꢡꢶ,பூ3ந்தி3
ꢦꣁꢖ꣄ꢒꢭ꣄,பொங்க3ல்
ꢔꢸꢳ꣄ꢳꢾ ꢦꣁꢖ꣄ꢔ꣄ꢭ꣄,கு3ள்ளெ பொங்க3ல்
ꢪꢸꢣ꣄ꢣꢵ ꢦꣁꢖ꣄ꢔ꣄ꢭ꣄,முத்3தா3 பொங்க3ல்
ꢒꢾꢬꢭ꣄,பெரால்
ꢔꢸꢳ꣄ꢳꢾ ꢦꢾꢬꢵꢭ꣄,கு3ள்ளெபெரால்
ꢒꢫ꣄ꢭꣁ ꢒꢾꢱꢸꢬ꣄,கய்லகெஸுர்பொள்டினி
ꢦꣁꢳ꣄꣄ꢜꢶꢥꢶ,பொள்டெசைனொ
ꢦꣁꢳ꣄꣄ꢜꢾ ꢗꢥꣁ,பொள்டெசைனொ
ꢦꣂꢠ꣄ꢜꢵ,போ3ண்டா
ꢨꣂꢳꢶ,போ3ளி
ꢪꢬ꣄ꢒꢫ꣄ꢭꢵ ꢨꢸꢬ꣄ꢒꣁ,மிரிகய்லாபு4ர்கொ
ꢪꢴꢳꢶ ꢂꢪ꣄ꢜꢶ,ம:ளி அம்டி
ꢂꢠ꣄ꢜꢵ ꢂꢪ꣄ꢜꢶ,அண்டா3 அம்டி
ꢂꢠ꣄ꢞꢵ ꢤꢶꢞꣁ,அண்டா3தி4டொ3
ꢗꢫ꣄ꢭꢶ,சைலி
ꢂꢗ꣄ꢗꢸ ꢡꢾꢥ꣄ꢡꢸꢭꣁ,அச்சு தெந்துலொ
ꢲꢵꢡꢸ ꢡꢾꢥ꣄ꢡꢸꢭꣁ,ஹாது தெந்துலொ
ꢂꢥꢸꢙ꣄ꢛꣁ,அனுஜ்ஞொ
ꢂꢥꢸꢪꢡꢶꢦ꣄ꢡ꣄ꢬꢸ,அனுமதி பத்ரு
ꢤꢪꢞ꣄ꢠꢵꢬ꣄,த4மட்3ணார்
ꢣꣁꢮ꣄ꢜꢸꢥꢵꢬ꣄,தொ3வ்டுனார்
ꢏꢠ꣄ꢜ꣄ꢫ ꢦꣁꢔꢸꢮꢵꢜ꣄,ஒண்ட்ய போகுவாட்
ꢔꢵꢫ꣄ ꢨꣁꢠ꣄ꢞꢶ,கொ3ருபொ3ண்டி3
ꢥꣃꢒꣁ,நௌகொ
ꢕꣁꢣꢵ ꢨꣁꢠ꣄ꢞꢶ,கொ4டா3பொ3ண்டி3
ꢩꢵꢬ꣄ ꢡꢸꢒꢒꢸ꣄ꢥꢵꢬ꣄,பா4ர் துக்குனார்
ꢩꣁꢠ꣄ꢠꢪ꣄,பொ4ண்ணம்
ꢱꢪꢵꢥ꣄,ஸமான்
ꢬꢾꢱ꣄ꢡꣁ,ரெஸ்தொ
ꢫꢵꢡ꣄ꢬꢵ ꢗꢷꢜ꣄,யாத்ரா சீட்
ꢩꢵꢬ꣄ ꢨꣁꢠ꣄ꢞꢶ,பா4ர்பொ3ண்டி3
ꢪꢵꢒ꣄ꢬꢸꢪ꣄,மாக்கும்
ꢣꢠ꣄ꢞꢮꢵꢭꢪ꣄,தண்ட3வாளம்
ꢗꢭ꣄ꢥꢶ ꢪꢶꢜ꣄ꢜꣁ,சல்னி மிட்டொ
ꢥꣃꢒꣁ ꢲꢶꢨ꣄ꢨꢥ꣄ꢬꢾꢪ꣄,நௌகொ ஹிப்3ப3ன்ரேம்
ꢡꣁꢬꢠ꣄ ꢔꢸꢰ꣄ꢜꢶ,தொரண் கு3ஷ்டி
ꢦꢥ꣄ꢗꢭꢶ,பன்சலி
ꢦꢥ꣄ꢗꢭ꣄,பன்சல்
ꢭꢵꢜ꣄ꢒꢶꢜ꣄ꢒꢶ,லாட்கிட்கி
ꢗꢭꢞ꣄ꢥꢵꢬ꣄,சலட்3னார்
ꢨꢸꢜꢥ꣄ ꢥꣃ,பு3டன்நௌ
ꢥꢶꢡ꣄ꢡ ꢮꢵꢜ꣄,நித்தவாட்
ꢥꢵꢮ꣄,நாவ்
ꢫꢵꢡ꣄ꢬꣁ,யாத்ரொ
ꢫꢵꢡ꣄ꢬꢶꢒꢸꢥ꣄,யாத்ரிகுன்
ꢫꢵꢡ꣄ꢬꢶꢥ꣄,யாத்ரின்
ꢬꣀꢫꢶꢭ꣄ ꢨꣁꢠ꣄ꢜꢶ,ரையில் பொ3ண்டி3
ꢬꣀꢫꢶꢭ꣄ ꢨꣁꢠ꣄ꢞꢶ,ரைல்பொ3ண்டி ஹிப்பன் தா2ம்
ꢲꢶꢦ꣄ꢦꢥ꣄꣄ ꢢꢵꢪ꣄,ரைல்பொ3ண்டி ஹிப்பன் தா2ம்
ꢨꢱ꣄,ப3ஸ்
ꢨꢱ꣄ ꢱ꣄ꢢꢭ꣄,ப3ஸ் ஸ்த2ல்
ꢂꢮ꣄ꢥꢶ ꢙꢥꢶ,அவ்னி ஜனி
ꢔꣁꢬꢸꢨꣁꢠ꣄ꢜꢶ,கொ3ருபொ3ண்டி
ꢦꢛBꢗꢸꢭꢵ ꢨꣁꢠ꣄ꢜꢶ,பஞ்சலாபொ3ண்டி
ꢮꢶꢣ꣄ꢫꢸꢡ꣄ꢡꣁꢬꢠ꣄ ꢔꢸꢰ꣄ꢜꢶ,வித்3யுத்தொரண் கு3ஷ்டி
ꢫꢵꢡ꣄ꢬꢵ,யாத்ரொ
ꢨꣁꢠ꣄ꢜꢶ,பொ3ண்டி3
ꢨꣁꢠ꣄ꢞꢶ,பொ3ண்டி3
ꢂꢒꢵꢰ꣄ ꢔꢸꢰ꣄ꢜꢶ,அகாஷ் கு3ஷ்டி
ꢂꢒꢵꢱꢸ ꢫꢵꢥ꣄,அகாஷு யான்
ꢕꢹꢜꢸ ꢨꣁꢠ꣄ꢜꢶ,கூ4டு பொ3ண்டி3
ꢂꢒꢵꢰ꣄ꢔꢸꢰ꣄꣎ꢜꢶ ꢬꢿꢪ꣄,அகாஷ்கு3ஷ்டிரேம்
ꢂꢒꢵꢰ꣄ꢔꢸꢰ꣄ꢜꢶ ꢱꢵꢬꢡꢶ,அகாஷ்கு3ஷ்டிசாரதி
ꢮꢿꢒꢸ ꢔꢸꢰ꣄ꢜꢶ,வேகு3 கு3ஷ்டி
ꢨꢾꢫ꣄,பெ3ய்
ꢣꢣꣁ,த3தொ3
ꢩꢮꢶ,ப4வி
ꢩꢮꣁ,ப4வொ
ꢧꢸꢄ~,பு2இ~
ꢨꣂ,போ3
ꢨꢵꢦ꣄,பா3ப்
ꢂꢪ꣄ꢨꣁ,அம்பொ3
ꢂꢙ꣄ꢙꢶ,அஜ்ஜி
ꢂꢙ꣄ꢙꢶ ꢂꢪ꣄ꢨꣁ,அஜ்ஜிஅம்பொ3
ꢒꢵꢪ꣄ ꢒꢾꢬ꣄ꢡ꣄ꢡꢶꢥ꣄,காம் கெர்த்தின்
ꢱꢾꢥ꣄ꢡꣁꢙꢶꢥ꣄,ஸெந்தொஜின்
ꢨꣀꢨꢾꢫ꣄ꢥꢾꢥ꣄,பை4 பெ4ய்னென்
ꢨꢥ꣄ꢤꢸꢙꢾꢥꢵꢥ꣄,ப3ந்து4ஜெனான்
ꢐꢱ꣄ꢡꢸꢥ꣄,ஒஸ்துன்
ꢨꢥ꣄ꢣꢸꢦꢥ꣄,ப3ந்து4பன்
ꢏꢱ꣄ꢡꢸ,ஒஸ்து
ꢣꢾꢮ꣄ꢬꢥꢶ ꢚꢾꢞꢥꢶꢥ꣄,தெ3வ்ரன்ஜெ2டனின்
ꢣꢭ꣄ꢭꣁ,த3ல்லொ
ꢦꢡꢶ,பதி
ꢩꢬ꣄ꢡꣁ,ப4ர்தொ
ꢂꢪ꣄ꢨꢸꢭꣁ,அம்பு3லொ
ꢦꢶꢭ꣄ꢭꣁ,பில்லொ
ꢨꢵꢳꢸ,பா3ளு
ꢥꢴꢸꢬꢸ,நு:ரு
ꢨꢵ ꢂꢙ꣄ꢙꣁ,பா3 அஜ்ஜொ
ꢨꢵ ꢂꢙ꣄ꢙꢶ,பா3 அஜ்ஜி
ꢦꣁꢥ꣄ ꢥꢡꢶꢥꢶ,பொன் நதினி
ꢦꣁꢥ꣄ꢥꢡ꣄ꢡꢾ,பொன்நத்தெ
ꢣꢾꢮꢬ꣄,தெ3வர்
ꢥꢾꢥꢥ꣄ꢡꢸ,நெனந்து3
ꢥꢿꢥ꣄ꢣꢸ,நேந்து3
ꢱꣁꢮꢡ꣄,ஸொவத்
ꢱꢾꢬ꣄ꢔꢸꢜ꣄,ஸொர்கு3ட்
ꢱꢞ꣄ꢔꢸꢜ꣄,ஸட்3கு3ட்
ꢱꢾꢖ꣄ꢒꣁ ꢆꢙꢾꢱ꣄ꢡꢾꢥꣁ,ஸெங்கொ உஜெஸ்தெனொ
ꢩꣀ,பை4
ꢱꢾꢖ꣄ꢒꣁ ꢆꢙꢾꢱ꣄ꢡꢶꢥꣁ,ஸெங்கொ உஜிஸ்தினொ
ꢩꢾꢫ꣄ꢥ꣄,பெ4ய்ன்
ꢮꢾꢱꢶꢥ꣄ꢡꢶ,வெஸிந்தி3
ꢮꢾꢱꢶꢥ꣄ꢡꢶꢥ꣄,வெஸிந்தி3ன்
ꢥꢴꢥ꣄ꢥꢨꣂ,ந:ன்னபோ3
ꢒꢒꣁ,ககொ
ꢪꣃꢱꢶ,மௌஸி
ꢥꢴꢥ꣄ꢥꢪ꣄ꢨꣂ,ந:ன்னம்போ3
ꢨꣀꢫ꣄,பை3ய்
ꢨꢾꢜꣁ,பெ3டொ
ꢂꢫ꣄ꢫꣂ,அய்யொ
ꢂꢙ꣄ꢙꣁ,அஜ்ஜொ
ꢡꢭ꣄ꢭꣂ,த3ல்லொ
ꢂꢖ꣄ꢒꢿꢬ꣄ ꢨꣁ,அங்கெர் போ
ꢂꢖ꣄ꢒꢿꢬꢪ꣄ꢨꣁ꣄,அங்கெரம்போ
ꢨꢾꢫ꣄ꢭ꣄,பெ3ய்ல்
ꢨꣀꢭ꣄,பை3ல்
ꢩꢵꢬꢶ,பா4ரி
ꢩꢵꢬꢶꢫꣁ,பா4ரியொ
ꢪꢴꣁꢜ꣄ꢜ ꢨꣂ,மொ:ட்டபோ3
ꢪꣁꢜ꣄ꢜꢪ꣄ ꢨꣂ,மொ:ட்டம்போ3
ꢪꢵꢫ꣄ꢨꢵꢦ꣄,மாய்பா3ப்
ꢂꢪ꣄ꢨꣁ ꢨꣂ,அம்பொ3போ3
ꢥꢡꢶꢥꢶ,நதினி
ꢥꢡ꣄ꢡꢾ,நத்தெ
ꢨꢾꢜꢶ,பெ3டி
ꢱꢳꣁ,ஸளொ
ꢩꣁꢮ꣄ꢠ꣄ꢜꢶ,பொ4வ்ண்டி3
ꢙꣁꢪꣀ,ஜொமை
ꢨꢾꢫ꣄ꢭ꣄,பெ3யின்
ꢪꢪꣁ,மமொ
ꢱꣁꢱꢸꢬꣁ,ஸொஸுரொ
ꢪꢪꢶ,மமி
ꢱꢱꢸ,ஸஸு
ꢂꢖ꣄ꢔꢸꢱꣁ,அங்கு3ஸொ
ꢪꢸꢣ꣄ꢬꢠꢱꢵꢭꣁ,முத்3ரணஸாலொ
ꢪꢸꢣ꣄ꢬꢠꣁ,முத்3ரணொ
ꢥꢶꢪ꣄ꢦꢶꢥꢶꢮꢵꢥ꣄,நிம்பினிவான்
ꢪꢸꢣ꣄ꢬꢠꣁ ꢒꢾꢬ꣄ꢥꢵꢬ꣄,முத்3ரணொ கெர்னார்
ꢭꢾꢓꢸꢮꢵꢥ꣄,லேகு2வான்
ꢮꢵꢭ꣄ꢮꢸ,வால்வு
ꢚꢔꢶ ꢲꢸꢔꢸꢞꢵꢮ꣄,ஜ2கி3ஹுகு3டா3வ்
ꢮꢬꢶꢞꣁ,வரிடொ3
ꢮꢫꢞꢾ,வய்டெ3
ꢥꢶꢥꢵꢮ꣄ ꢒꢾꢬ꣄ꢥꢵꢮ꣄,நி:னாவ் கெர்னாவ்
ꢒꢡ꣄ꢒꣁ,கத்கொ
ꢒꢒ꣄ꢒꣁ,கக்கொ
ꢧꢱꢭ꣄ ꢒꢜꢱ꣄ꢡꢾ,ப2ஸல் கடஸ்தே
ꢲꣁꢞꢫ꣄ꢡ꣄,ஹொட3ய்த்
ꢃꢠꢶ,ஆணி
ꢄꢜ꣄ꢒꢶ,இட்கி
ꢔꢮ꣄ꢬꢶ,க3வ்ரி
ꢔꣁꢭ꣄ꢭꢬꢶꢥ꣄,கொ3ல்லரின்
ꢔꣁꢮ꣄ꢭꢶ,கொ3வ்லி
ꢔꢮ꣄ꢬꢸ,க3வ்ரு
ꢔꣁꢮ꣄ꢭꣁ,கொ3வ்லொ
ꢱꢪ꣄ꢫꣂꢙꢒꣁ,ஸம்யோஜகொ
ꢃꢱꢥꣁ,ஆஸனொ
ꢦꢷꢝꢪ꣄,பீட2ம்
ꢥꢶꢮꢵꢬꢠꣁ,நிவாரணொ
ꢡꢵꢡ꣄,தாத்
ꢡꢵꢒ꣄,தாக்
ꢆꢬ꣄ꢮꢬꣁ,உர்வரொ
ꢆꢬꣁ,உரொ
ꢤꢸꢭ꣄ꢞꣁ,து4ள்டொ3
ꢡꢹꢬ꣄,தூர்
ꢒꢱꢮ꣄ꢜꢶ,கஸவ்டி
ꢔꣁꢱꢸꢥꢵꢮꢸ ꢣꢾꢫ꣄ꢞꣁ,கெ3ஸுனாவு தெ3ய்டொ3
ꢗꢸꢭ꣄ꢭꣁ,சுல்லொ
ꢙꢸꢥꢡ꣄ꢥꢵꢬ꣄,ஜுனத்னார்
ꢥꢖ꣄ꢔꢸꢥꢵꢬ꣄,நங்கு3னார்
ꢒꢬ꣄ꢰ꣄ꢠꢵꢬ꣄,கர்ஷ்ணார்
ꢱꢶꢮꢶ,ஸிவி
ꢧꢸꢥꢳꢶ,பு2னளி
ꢢꢿꢡꢸ ꢱꢡ꣄ꢡꢸ,கே2து ஸத்து
ꢱꢿꢥ꣄,மஸ்து
ꢒꢜꢶ ꢣꢾꢮ꣄ꢱꢶꢥꢶ,கடி தெ3வ்ஸினி
ꢪꢶꢳꢞ꣄ꢠꢶ,மிளட்3ணி
ꢱꢶꢖ꣄ꢔꢬ꣄ꢭꢶꢥꢶ,ஸிங்க3ர்லினி
ꢤꣁꢥꢶ ꢦꢛ꣄ꢙꢷꢒꢬꢠꣁ,தொ4னி பஞ்ஜீகரணொ
ꢤꣁꢥꢶ ꢤꢾꢬ꣄ꢥꢶ,தொ4னி தெ4ர்னி
ꢬꢹꢦꢸ ꢦꢛ꣄ꢙꢷꢒꢬꢠꣁ,ரூபு பஞ்ஜீகரணொ
ꢬꢹꢦꢸ ꢤꢾꢬ꣄ꢥꢶ,ரூபு தெ4ர்னி
ꢣꣁꢮ꣄ꢞꢸꢥꢵꢬ꣄,தொ3வ்டு3னார்
ꢱꢵꢬꢤꢶ,ஸாரதி2
ꢣꣂꢠꢶ,தோ3ணி
ꢥꢮ꣄ꢒꣁ,நவ்கொ
ꢒꢾꢜ꣄ꢜꢾ ꢦꢛ꣄ꢗꢭ꣄,கெட்டெ பஞ்சல்
ꢒꢾꢜ꣄ꢜꢾ ꢬꢹꢦ꣄ ꢒꢾꢬ꣄ꢥꢶ,கெட்டெ ரூப் கெர்னி
ꢔꢪ꣄ꢙꢶ,க3ம்ஜி
ꢔꢪ꣄ꢗꢸꢥꢵꢬ꣄,க3ம்சுனார்
ꢱꢹꢞ꣄ ꢲꢥꢱ꣄ꢡꢾ,ஸூட்3 ஹனஸ்தே
ꢤꢾꢥ꣄ꢣ꣄ꢫꢵꢮ꣄,கெ4ந்த்3யாவ்
ꢥꢵꢮꢶ,நாவி
ꢡꢵꢬ꣄,தார்
ꢬꢴꢾꢞꣁ,ரெ:டொ3
ꢥꢔꢸꢥꣁ,நகு3னொ
ꢲꢭꣁ,ஹலொ
ꢦꢵꢡ꣄ꢬꣁ,பாத்ரொ
ꢱꢹꢞꢸ ꢢꢵꢪ꣄,ஸூடு3தா2ம்
ꢕꢥꢪꢶꢡꢶ,க4னமிதி
ꢒꢫ꣄ꢭꢒꢾꢱꢸꢬꢸ ꢒꢾꢬꢶ,கய்லகெஸுரு கெரி
ꢱꢾꢦꢶꢥꢶ,செபினி
ꢦꢮ꣄ꢒꢭ꣄,பவ்கள்
ꢦꢮ꣄ꢱꢸꢭ꣄,பவ்ஸுல்
ꢣꢵꢬ꣄ꢮꢵꢥ꣄,தா3ர்வான்
ꢗꢮ꣄ꢒꢷꢣꢵꢬ꣄,சவ்கீதா3ர்
ꢦꣂꢭꢷꢱ꣄,போலீஸ்
ꢒꢮꢭ꣄ꢒꢾꢬꣁ,கவல்கெரொ
ꢢꢠꣀꢡ꣄,த2ணைத்
ꢮꢶꢞ꣄ꢔ꣄ꢫꢵ ꢆꢰ꣄ꢳꣁ,விட்3க்3யா உஷ்ளொ
ꢗꢸꢥ꣄ꢥꢵ ꢆꢰ꣄ꢳꣁ,சுன்னா உஷ்ளொ
ꢙꢹꢠꢡ꣄ꢮꢵꢥ꣄,ஜுணத்வான்
ꢓꢸꢪ꣄ꢨꢵꢬ꣄,கு2ம்பா3ர்
ꢒꣁꢬꢜ꣄,கொரட்
ꢦꢸꢜ꣄ꢒꢶ,புட்கி
ꢦꢜꢶ,படி
ꢒꢹꢭꢶ,கூலி
ꢒꢹꢭꢶꢒꢾꢬꢶ,கூலிகெரி
ꢲꢵꢡꢸꢒꢵꢪ꣄,ஹாதுகாம்
ꢱꢲꢵꢫꢒꣁ,ஸஹாயகொ
ꢱꢶꢔꢸꢞꣁ,ஸிகுடொ3
ꢲꢵꢡꢸ ꢏꢬꣁ,ஹாது ஒரொ
ꢲꢵꢡꢸ ꢒꢵꢪ꣄,ஹாது காம்
ꢒꣁꢭ꣄ꢒꢶ,கொல்கி
ꢱꢪ꣄ꢜꢵꢮ꣄,ஸம்டாவ்
ꢬꢮꢸꢭꢸ ꢩꢷꢡ꣄,ரவுளு பீ4த்
ꢭꢮ꣄ꢬꢶ,லவ்ரி
ꢓꢿꢞ꣄,கே2ட்3
ꢦꢬꢱꢸ,பரஸு
ꢗꢾꢒ꣄ꢒꢬ꣄,செக்குர்
ꢱꢾꢖ꣄ꢒꢳ꣄,ஸெங்கள்
ꢱꢪꢹꢲ ꢱꢿꢮꣁ,ஸமூஹஸேவொ
ꢲꢥ꣄ꢣꢮ꣄ ꢒꢾꢬꣁ,ஹந்த3வ்கெரொ
ꢲꢥ꣄ꢣꢮ꣄ ꢒꢾꢬꢶꢥ꣄,ஹந்த3வ்கெரின்
ꢗꢵꢜꣁ,சாடொ
ꢱꢵꢠ꣄,ஸாண்
ꢱꢵꢪꢠꣁ,ஸாமணொ
ꢬꢾꢖ꣄ꢔꢸ,ரெங்கு3
ꢮꢶꢞꢶ,விடி3
ꢱꢶꢭ꣄ꢦꢸ,ஸில்பு
ꢝꢖ꣄ꢒ꣄ꢥꢵꢬ꣄,ட2ங்க்னார்
ꢱꢶꢭ꣄ꢦꢶ,ஸில்பி
ꢱꢶꢭ꣄ꢦꢒꢵꢬ꣄,ஸில்பகார்
ꢧꢶꢬ꣄ꢮꢜ꣄,பி2ர்வட்
ꢗꢸꢥ꣄ꢥꣁ,சுன்னொ
ꢱꢸꢡ꣄ꢡꢶꢫꢭ꣄,ஸுத்தியல்
ꢪꢹꢬ꣄,மூர்
ꢩꢵꢬ꣄ꢡꢸꢒ꣄ꢒꢸꢥꢵꢬ꣄,பா4ர்துக்குனார்
ꢆꢰ꣄ꢭꣁ,உஷ்லொ
ꢦꢾꢠ꣄ꢕꢠꣁ,பெண்க4ணொ
ꢗꢾꢠ꣄ꢜꢾ ꢮꢵꢡ꣄ꢫꢪ꣄,செண்டெ
ꢪꢴꢳꢫ꣄ꢡꢸ,ம:ளய்து
ꢪꢴꢳ꣄ꢶꢮꢵꢥ꣄,ம:ளிவான்
ꢪꢴꢳꢶꢶꢒꢾꢬꢶ,ம:ளிகெரி
ꢱꢾꢒ꣄ꢒꢸꢭꢸꢮꢵꢥ꣄,ஸெக்குலுவான்
ꢒꢵꢬ꣄ꢫꢡꢬ꣄ꢱꢶ,கார்யதர்ஸி
ꢙꣂꢱ꣄ꢫꢪ꣄,ஜோஸ்யம்
ꢱꣂꢱꢶ,ஜோஸி
ꢡꢾꢔꢞ꣄,தெக3ட்3
ꢱꣁꢥꢵꢬꢸ,ஸொனார்
ꢒꢱꢵꢬ꣄,கஸார்
ꢭꢿꢔꢸꢮꢵꢥ꣄,லேகு3வான்
ꢡꢦꢵꢭ꣄ꢒꢾꢬꣁ,தபால்கெரொ
ꢡꢾꢬ꣄ꢒꢳꢶ,தெர்களி
ꢡꢾꢬꢒ꣄,தெரக்
ꢤꣁꢠ꣄ꢞꣁ,தொ4ண்டொ3
ꢣꣁꢨ꣄ꢨꢥ꣄ ꢔꢸꢰ꣄ꢜꢶ,தொ3ப்3ப3ன் கு3ஷ்டி
ꢪꢔꣁ,மகொ3
ꢒꢸꢱ꣄ꢒꢥ꣄ꢓꢜ꣄ꢜꢶ,குஸ்கன்க2ட்டி
ꢣꢶꢒ꣄ꢒꢸ ꢣꢾꢒ꣄ꢒꢞꢵꢮ꣄,தி3க்கு தெ3க்கடா3வ்
ꢣꢶꢒ꣄ꢒꢸ ꢣꢬ꣄ꢱꢶꢥꢶ,தி3க்கு த3ர்ஸினி
ꢣꢶꢒ꣄ꢒꢸ ꢱꢹꢗꢥꢶ,தி3க்கு ஸூசனி
ꢩꢶꢒꢸꢖ꣄ꢗꢸꢥꢵꢮ꣄,பி4குஞ்சுனாவ்
ꢥꢮ꣄ꢒꢵ ꢣꢠ꣄ꢞꢸ,நவ்கா த3ண்டு3
ꢥꢮ꣄ꢣꢠ꣄ꢞꢸ,நவ்த3ண்டு3
ꢦꣁꢱ꣄ꢥꢵꢮ꣄,பொஸ்னாவ்
ꢧꢸꢮ꣄ꢥꣁ,பு2வ்னொ
ꢧꢸꢮ꣄ꢥꢵꢮ꣄,பு2வ்னாவ்
ꢦꢸꢜ꣄ꢜꢵ ꢲꢷꢬ꣄,புட்டா ஹீர்
ꢦꢸꢜ꣄ꢜꣁ ꢡꢔꢱ꣄ꢡꢾ,புட்டொ தக3ஸ்தே
ꢡꢸꢒ꣄ꢒꢥ꣄ ꢌꢥ꣄ꢡꢸꢬ,துக்கன்எந்துர்
ꢣꢹꢒ꣄ꢒꢸꢣꣂꢬ꣄,தூக்குதோ3ர்
ꢡꢹꢒ꣄ꢒꢸ ꢪꢶꢜ꣄ꢜꣁ,தூக்கு மிட்டொ
ꢪꢴꢳꢶ ꢤꢾꢬ꣄ꢥꢵꢮ꣄,ம:ளி தெ4ர்னாவ்
ꢪꣀꢪꢲꢶ ꢲꣁꢮ꣄ꢞꢶꢠꢶ,மைமஹி ஹொவ்டி3ணி
ꢱꢷꢮ꣄,ஸீவ்
ꢱꢶꢪ꣄ꢦꢶ,ஸிம்பி
ꢱꢸꢪ꣄ꢦꢶꢥꢶ,ஸிம்பினி
ꢱꢶꢮ꣄ꢥꢶ ꢫꢥ꣄ꢡꢸꢬ꣄,ஸிவ்னியந்துர்
ꢆꢣ꣄ꢫꣂꢔꢶ,உத்3யோகி3
ꢭꢵꢥꢸꢮꢵꢥ꣄,லானுவான்
ꢭꢵꢥ꣄,லான்
ꢏꢞ꣄ꢞꢾ,ஒட்3டெ3
ꢱꢸꢣ꣄ꢤꢶ ꢒꢾꢬ꣄ꢥꢵꢬ꣄,ஸுத்3தி4 கெர்னார்
ꢒꢾꢰꢥ꣄,கெஷண்
ꢱꣁꢥ꣄ꢥꢵꢮꢠꢶꢒ꣄,ஸொன்னாவணிக்
ꢱ꣄ꢢ꣄ꢬꢶꢒꢾꢬꢥ꣄ ꢆꢦꢒꢬꢠꣁ,ஸ்த்2ரிகெரன் உபகரணொ
ꢗꢭ꣄ꢡꢒꢬꢥ꣄ꢮꢵꢥ꣄,சல்தகரன்வான்
ꢕꢭ꣄ꢥꢶ,க4ல்னி
ꢥꢵꢗ꣄ꢮꢵꢥ꣄,நாச்வான்
ꢥꢜꢥꢵꢳꢶ,நடனாளி
ꢥꢗ꣄ꢮꣁ,நச்வொ
ꢥꢜꢶ,நடி
ꢥꢗ꣄ꢮꢶ,நச்வி
ꢥꢜꢶꢒꣁ,நடிகொ
ꢥꢬ꣄ꢡ꣄ꢡꢒꣁ,நர்தகொ
ꢥꢬ꣄ꢡ꣄ꢡꢒꢶ,நர்தகி
ꢥꢮꢗꢵꢬ꣄,நவசார்
ꢥꢜ꣄ꢒꢪ꣄ꢒꢾꢬꢶ,நட்கம்கெரி
ꢥꢜ꣄ꢒꢪ꣄ ꢂꢳꢶ,நட்கமுஅளி
ꢱꢱ꣄ꢫꢬꣁꢲꢥ ꢬꢾꢪ꣄,ஸஸ்யரோஹன ரேம்
ꢓꣁꢳ꣄꣄ꢗꢾ,கொ2ள்செ
ꢦꢵꢱꢥꣁ,பாஸனொ
ꢦꢥꢶ ꢱꢶꢛ꣄ꢗꢥꣁ,பனி ஸிஞ்சனொ
ꢆꢱ꣄ꢦꢸꢮꢵꢮ꣄,உஸ்புவாவ்
ꢫꣁꢒ꣄ ꢩꢥ꣄ꢣꢥꣁ,யோக் ப4ந்த3னொ
ꢥꢔꣁ,நகொ3
ꢣꣁꢬꢶ,தொ3ரி
ꢒꢣꢸꢥꢵꢬ꣄,கது3னார்
ꢒꢣꢱ꣄ꢡꢾ,கத3ஸ்தே
ꢮꢶꢥ꣄ꢒꢬ꣄,வின்கர்
ꢮꢶꢥꢱ꣄ꢡꢾ,வினஸ்தே
ꢆꢒ꣄ꢒꢶꢱꣁꢠ꣄ꢠꢶ,துக்கிஸொண்ணி
ꢆꢡ꣄ꢡꣂꢭꢒꣁ,உத்தோலகொ
ꢦꣁꢜ꣄ꢜꢾꢜ꣄,பொட்டெட்
ꢒꢵꢪꢸ ꢱ꣄ꢢꢭ꣄,காமு ஸ்த2ல்
ꢒꢵꢪꢸ ꢢꢵꢪ꣄,காமு தா2ம்
ꢦꢛBꢗꢭ꣄,பஞ்சல்
ꢙꢷꢮꢵꢯ꣄ꢪꣁ,ஜீவாஶ்மொ
ꢱꢶꢭꢵꢤꢵꢡꢸ,ஸிலா தா4து
ꢦꢡ꣄ꢬꢸ,பத்ரு
ꢱꢵꢭꣁ,ஸாலொ
ꢱꢪ꣄ꢦꢵꢡꢒꣁ,ஸம்பாதகொ
ꢥꢸꢡꢸ,ருது
ꢣꢵꢡ꣄ ꢗꢾꢒ꣄ꢒꢸꢬ꣄,தா3து செக்குர்
ꢦꣁꢭ꣄ꢒꣁ,பொல்கொ
ꢦꢭ꣄ꢒꣁ,பல்கொ
ꢩꢵꢬ꣄ ꢡꢸꢒ꣄ꢒꢸꢥꢵꢮ꣄,பா4ர்துக்குனாவ்
ꢂꢲꢶꢡꢸꢠ꣄ꢞꢶꢒꣁ,அஹிதுண்டி3கொ
ꢱꢵꢦꢸꢮꢱꢒꣁ,ஸாபுவஸகொ
ꢥꢮ꣄ ꢪꢵꢬ꣄ꢔ ꢗꢵꢭꢥ,நவ் மார்க3 சாலன
ꢥꢮ꣄ ꢥꢶꢫꢥ꣄ꢡ꣄ꢬꢠ ꢦꢜꣁ,நவ்நியந்த்ரண படொ
ꢣꢵꢬ꣄,தா3ர்
ꢥꣃꢒꣁ,நெளகொ
ꢦꢖ꣄ꢗꢭ꣄,பஞ்சல்
ꢮꢡ꣄ꢡꢾ,வத்தெ
ꢔꣁꢠꢪ꣄,கொ3ணம்
ꢦꢭꣁ,பலொ
ꢌꢪꢸ ꢮꢱ꣄ꢡꢬ꣄,ஹேமு வஸ்தர்
ꢌꢪꢸ ꢨꢥ꣄ꢤꢶꢒꣁ,ஹேமு ப3ந்தி4கொ
ꢭꢖBꢔꣂꢜ꣄,லங்கோ3ட்
ꢒꢰ꣄ꢜꢶ ꢨꣁꢜ꣄ꢜꣁ,கஷ்டி பொ3ட்டொ
ꢲꢿꢪꢸꢮꢱ꣄ꢡꢬ꣄,ஹேமுவஸ்தர்
ꢓꢥꢵꢮ꣄,க2னாவ்
ꢔꢾꢜ꣄ꢨꢵꢬꣁ,கெ3ட்பா3ரொ
ꢣꢹꢡ꣄ꢒꢾꢬꣁ,தூ3த்கெரொ
ꢣꢹꢡ꣄ꢒꢾꢬꢶꢥ꣄,தூ3த்கெரின்
ꢡꢥꢶ,தனி
ꢔꢸꢪ꣄ꢦꢶꢥꢶ,கு3ம்பினி
ꢮꢾꢥꢶ,வெனி
ꢧꢷꢝꢪ꣄,பீட2ம்
ꢦꢶꢦꢵꢫ꣄,பிபாய்
ꢧꢹꢭ꣄ꢒꢾꢬꢶꢥ꣄,பூ2ல்கெரின்
ꢲꢨ꣄ꢨꢸ ꢥꢵꢱꢶꢥꢶ,ஹப்3பு3 நாஸினி
ꢒ꣄ꢬꢸꢪꢶ ꢥꢵꢱꢶꢥꢶ,க்ருமி நாஸினி
ꢦꢸꢜ꣄ꢜꢭꢸ ꢒꢸꢞꣁ,புட்டலு குடொ3
ꢱꣁꢥꢵꢬ꣄,ஸொனார்
ꢱꢪꢱꢥꢶ,ஸமஸனி
ꢥꢴꢶꢥꢵꢮ꣄ ꢒꢾꢬꢵꢮ꣄,நி:னாவ் கெராவ்
ꢪꢥ꣄ꢡꢶꢮꢵꢡꢶ,மந்திரவாதி
ꢮꣁꢫ꣄ꢣꢶꢥ꣄,வொய்தி3ன்
ꢮꣁꢫ꣄ꢣꢸ,வொய்து3
ꢨꢮ꣄ꢭꢪ꣄,ப3வ்லம்
ꢂꢣ꣄ꢣꢶ ꢩꢵꢬ꣄,அத்3தி3பா4ர்
ꢂꢣ꣄ꢣꢶ ꢨꢶꢱ꣄ꢱꣁ,அத்3தி3பி3ஸ்ஸொ
ꢦꢾꢭꢶ ꢨꢶꢱ꣄ꢱꣁ,பெ4ளிபி3ஸ்ஸொ
ꢡꢾꢭ꣄ꢥꢶ,தெல்னி
ꢮꢶꢣ꣄ꢫꢸꢡ꣄ ꢔꣀꢞꢶ,வித்3யுத்கை3டி3
ꢪꢴꢭꢶꢒꢾꢬꣁ,ம:ளிகெரொ
ꢪꢴꢭꢶꢮꢵꢥ꣄,ம:ளிவான்
ꢪꢴꢭꢶꢒꢾꢬꢶꢥ꣄,ம:ளிகெரின்
ꢪꢴꢭꢶꢮꢡꢶ,ம:ளிவதி
ꢗꢶꢔꢸꢬ꣄,சிகுர்
ꢂꢖ꣄ꢔꢸꢬꣁ,அங்குரொ
ꢨꢶꢔꢶꢖ꣄ꢗꢸꢥꢵꢮ꣄,பி3கி3ஞ்சுனாவ்
ꢒꢵꢪ꣄ ꢓꢜ꣄ꢥꢵꢬ꣄,காம் க2ட்னார்
ꢤꣁꢠ꣄ꢞꣁ ꢒꢾꢬꢶ,தொ4ண்டொ3கெரி
ꢡꢥꢵ ꢬꢾꢞꣁ,தனா ரெ:டொ3
ꢬꢾꢞꣁ,ரெ:டொ3
ꢗꢬ꣄ꢒꢵ ꢬꢾꢞꣁ,சர்கா ரெ:டொ3
ꢦꣁꢬꢜꢶꢥ꣄,பொரடின்
ꢦꣁꢭ꣄ꢜꢶꢥ꣄,பொள்டின்
ꢧꢶꢬꢸꢞꢵꢮ꣄,பி2ருடா3வ்
ꢪꢸꢬꣁ,முரொ
ꢦꣁꢬꢜ꣄,பொரட்
ꢦꣁꢳ꣄꣄ꢜꣁ,பொள்டொ
ꢨꢶꢫꢵꢬ꣄,பி4யார்
ꢨꢶꢫꢵꢬ꣄ꢗꢵꢬ꣄,பி4யார்ஸார்
ꢮꢠꢷ,வணி
ꢮꢠꢶꢒ꣄,வணிக்
ꢦꢾꢫ꣄ꢬ꣄,பெய்ர்
ꢒꢾꢡ꣄,கே2த்
ꢙꢵꢭ꣄,ஜால்
ꢏꢭꣁ,ஒலொ
ꢮꢵꢜ꣄ꢣꢾꢓ꣄ꢒꢜ꣄ꢥꢵꢬ꣄,வாட்தெ2க2ட்னார்
ꢪꢵꢬ꣄ꢔꢣꢬ꣄ꢱꢒ꣄,மார்க3த3ர்ஸக்
ꢗꢾꢒ꣄ꢒꢸꢬ꣄,செக்குர்
ꢘꢾꢡ꣄,சே2த்
ꢨꢷ,பீ3
ꢨꢷꢙ꣄,பீ3ஜ்
ꢅꢪꢸ,ஈமு
ꢨꢷꢡ꣄ꢡꢸ,வித்து
ꢨꢷꢒ꣄ꢕꢭ꣄ꢥꢶ,பீ3க்க4ல்னி
ꢩꢶꢫꢵꢬ꣄ꢱꢵꢬ꣄,பி4யார்ஸார்
ꢮꢠꢶ,வணி
ꢙꢸꢥ꣄ꢥꢡ꣄ꢮꢵꢥ꣄,ஜுன்னத்வான்
ꢥꢖ꣄ꢔꢸꢥꢬ꣄,நங்கு3னர்
ꢦꢷꢒ꣄,பீக்
ꢦꢶꢒ꣄ꢒꢾꢫꣁ,பிக்கெயொ
ꢦ꣄ꢬꢒꢜ꣄ꢥꢵꢬ꣄,ப்ரகட்னார்
ꢦ꣄ꢬꢱꢸꢬꣁ ꢒꢾꢬ꣄ꢥꢵꢬ꣄,ப்ரஸுரொ கெர்னார்
ꢩꢬꢵꢜ꣄ ꢱꣁꢞ꣄ꢠꢵꢬ꣄,ப4ராட் ஸொட்3ணார்
ꢃꢓꢾꢜ꣄,ஆகே2ட்
ꢪꢺꢔꢫꣁ,ம்ருக3யொ
ꢮꢿꢜꣁ ꢓꢳ꣄ꢥꢶ,வேடொ க2ள்னி
ꢃꢓꢾꢜꢸꢮꢵꢥ꣄,ஆகே2டுவான்
ꢮꢿꢜꣁ ꢓꢳ꣄꣄ꢥꢵꢬ꣄,வேடொ க2ள்னார்
ꢒꢵꢪ꣄ ꢒꢾꢬ꣄ꢡ꣄ꢡꣁ,காம் கெர்த்தொ
ꢮꣁꢫ꣄ꢡꢸ,வொய்து
ꢙꣂꢱꢸꢜꢸ,ஜோஸுடு3
ꢗꢶꢜ꣄ꢜꢶꢣꢶꢮꣁ,சிட்டிதி3வொ
ꢡꢶꢥ꣄ꢥꢳ꣄꣄,தின்னாள்
ꢒꣀꢖ꣄ꢒꢬ꣄ꢫꢣꢵꢥ꣄,கைங்கர்ய தா3ன்
ꢱꢸꢣꢵꢥ꣄,ஸுதா3ன்
ꢗꣁꢒ꣄ꢣꢵꢥ꣄,சொக்தா3ன்
ꢣꢶꢮꢭꢶ,தி3வளி
ꢡꣁꢬꢠ꣄,தொரண்
ꢮꢶꢯꢾꢰ꣄,விஸேஷ்
ꢦꣁꢖ꣄ꢒꢭ꣄ ꢱꢾꢥ꣄ꢥꢸ,பொங்கல் ஸென்னு
ꢪꢒꢬ ꢱꢖ꣄ꢒ꣄ꢬꢵꢥ꣄ꢡꢶ,மகர ஸங்க்ராந்தி
ꢂꢖ꣄ꢔꢪ꣄,அங்க3ம்
ꢨꢵꢣꢪ꣄,பாத3ம்
ꢲꢶꢬꢶꢞꢶ,ஹிரிடி3
ꢦꣁꢒ꣄ꢒꢭ꣄,பொக்கல்
ꢣꣀꢬ ꢲꢵꢡ꣄,தை3ரஹாத்
ꢣꢒꢸꢥ ꢲꢵꢡꢶ,த3குனஹாத்
ꢒꢿꢜ꣄,கேட்
ꢔꢸꢠ꣄ꢞꣁ,கு3ண்டெ3
ꢬꣁꢦ꣄ꢦꣁ,ரொப்பொ
ꢬꢾꢔꢡ꣄,ரெக3த்
ꢲ꣄ꢬꢸꢣꢫꢸ,ஹ்ருத3யு
ꢔꢸꢠ꣄ꢞꢾ,கு3ண்டெ3
ꢡꢶꢳ꣄꣄ꢙꢶ,தி2ள்ஜி
ꢲ꣄ꢬꢸꢞꢶ,ஹ்ருடி3
ꢡꢳꢸ,தளு
ꢃꢖ꣄ꢒꢸ,ஆங்கு3
ꢱꢾꢬꢶꢬ꣄,ஶெரிர்
ꢡꢥꢸ,தனு
ꢃꢖ꣄ꢔꢸ,ஆங்கு3
ꢲꢸꢜ꣄ꢜꣁ,ஹுட்டொ
ꢙꢷꢬ꣄ꢠꢸ ꢣ꣄ꢬꢮ꣄ꢫꢸ,ஜீர்ணு த்3ரவ்யு
ꢦꢵꢣꢪ꣄,பாத3ம்
ꢡꢳꢦꢵꢄ~,தளபாஇ~
ꢡꢳꢲꢵꢡ꣄,தளஹாத்
ꢲꢹꢜ꣄ꢜꣁ,ஹுட்டொ
ꢲꢜ꣄ꢒꣁ,ஹட்கொ
ꢲꢜ꣄ꢒꢵ ꢔꢹꢞ꣄,ஹட்காகூ3ட்3
ꢣꣁꢳꣁ,தொ3ளொ
ꢣꣁꢳꢵꢪ꣄ ꢦꢥꢶ,தொ3ளாம்பனி
ꢦꢦꣁ,பபொ
ꢔꢸꢞ꣄ꢔꢵꢭ꣄,கு3ட்3கா3ல்
ꢦꢭ꣄ꢜꢶ,கு3ட்3கா3ல்
ꢔꢾꢳꣁ,கெ3ளொ
ꢒꢥꢱꢸꢭ꣄,கனஸுல்
ꢔꢮ꣄ꢭꣁ,க3வ்லொ
ꢔꢦꢸꢭꣁ,க3புலொ
ꢔꢵꢭꢸ,கா3லு
ꢒꢵꢥ꣄,கான்
ꢦꢵꢄ~,பாஇ~
ꢒꢺꢡꢵ,க்ருதா3
ꢓꢭꢸ ꢏꢣꢞ꣄,கா2லுஒத3ட்3
ꢂꢥ꣄ꢡ꣄ꢬꣁ,அந்த்ரொ
ꢱꣁꢪꢵꢥ꣄,ஸொமான்
ꢔꢠ꣄ꢜ꣄ꢬꢶ,க3ண்ட்ரி
ꢙꢸꢜ꣄ꢜꢶ,ஜுட்டி
ꢦꢳ꣄꣄ꢜꢶ,பள்டி
ꢕꢞꢶ,க4டி3
ꢨꣁꢪ꣄ꢨꢶ,பொ3ம்பி3
ꢥꢵꢩꢶ,நாபி4
ꢓꢿꢱ꣄,கே2ஸ்
ꢒꣁꢠ꣄ꢞꢾ,கொண்டெ3
ꢓꣁꢨꣁ,கொ2பொ3
ꢙꢾꢜꣁ,ஜொ2டொ3
ꢒꢾꢠ꣄ꢜꣁ,கெண்டொ
ꢥꢴꢥ꣄ꢥ ꢂꢥ꣄ꢡꢬꣁ,ந:ன் ந அந்த்ரொ
ꢪꢹꢡ,மூத்
꣄ ꢮꢠ꣄ꢠꢶ,வண்ணி
ꢒꢶꢳꢖ꣄ꢔꢳꢶꢶ,கிளங்கி3ளி
ꢣꢬ꣄ꢙꢥꢶ ꢂꢖ꣄ꢔꢶꢳꢶ,தர்ஜனிஅங்கி3ளி
ꢔꢸꢬ꣄ꢣꢸ ꢂꢖ꣄ꢔꢶꢳꢶ,கு3ர்துஅங்கி3ளி
ꢣꣁꢱ꣄ꢒꣁ,தொ3ஸ்கொ
ꢒꢦꢵꢭ꣄,கபால்
ꢂꢞꣁ,அடொ3
ꢔꣁꢡꣁ,கொ4தொ
ꢮꢶꢥ꣄ꢡꢸꢭ꣄,விந்துல்
ꢦꢶꢙꢵꢮꢸ,பிஜாவு
ꢣꢵꢞꢶ,தா3டி3
ꢗꢷꢦꢸ,சீபு
ꢱꢬꢷꢬ꣄,ஶரீர்
ꢪꢞꢶ,மடி3
ꢨꣁꢙ꣄ꢙꢾ,பொ3ஜ்ஜெ
ꢒꢾꢱꢥ꣄,கெஸன்
ꢒꢾꢠ꣄ꢞꣁ,கெண்டொ3
ꢓꢵꢥ꣄ꢣꢸ,கா2ந்து3
ꢬꢾꢜ꣄ꢜꢾ,ரெட்டெ
ꢥꢾꢒ꣄ꢒꢸ,நெக்கு
ꢥꢾꢬꢪ꣄,நெரம்
ꢙꢷꢦ꣄,ஜீப்
ꢬꢾꢔꢡ꣄ꢤꢸꢖ꣄ꢒꢭ꣄,ரெக3த்து4ங்கல்
ꢥꢵꢞꢶ,நாடி3
ꢒꢮ꣄ꢭꣁ,கவ்லொ
ꢒꣁꢮ꣄ꢱꣁ,கொ2வ்ஸொ
ꢲꢿꢪ꣄,ஹேம்
ꢒꢦꢵꢳ꣄,கபா3ள்
ꢣꢵꢡ꣄,தா3த்
ꢦꢔꢸꢭ꣄,பகு3ல்
ꢦꢨꢶꢥꢶ,பபி3நி
ꢦꢮ꣄ꢥꢶ,பவ்நி
ꢂꢥ꣄ꢡꢶꢬꣁ,அந்த்ரொ
ꢲꢔꢸꢠ꣄ꢜꣁ,ஹகு3ண்டொ3
ꢔꢨꢵꢳ꣄,க3பா3ள்
ꢒꢖ꣄ꢒꢸꢬꣁ,கங்கு3ரொ
ꢪꣁꢗ꣄ꢗꣁ,மொச்சொ
ꢓꢿꢯ꣄,கே2ஶ்
ꢪꢙ꣄ꢙꣁ,மஜ்ஜொ
ꢪꢸꢱꢶꢥ꣄,முஸின்
ꢪꢸꢱꢸꢖ꣄ꢔꢸ,முஸுங்கு3
ꢡꣂꢠ꣄,தோண்
ꢪꢹꢜ꣄,மூட்
ꢔꢸꢜ꣄ꢒꣁ,கு3ட்3கொ3
ꢪꢸꢠ꣄ꢞꣁ,முண்டொ3
ꢦꢵꢜ꣄,பாட்
ꢦꢵꢜꢸꢲꢜ꣄ꢒꣁ,பாடு3ஹட்கொ
ꢣꢸꢣ꣄ꢡꢸ,து3த்3து
ꢣꢹꢡ꣄ ꢲꣁꢮꢶ,தூ3த்ஹொவி
ꢗꢾꢪ꣄ꢪꢬ꣄ ꢲꢵꢡ꣄,ஸொம்மருஹாத்
ꢓꣁꢨꣁ,கொ2வொ
ꢥꢵꢒ꣄,நாக்
ꢥꢵꢔꢸꢦꢸꢜ꣄ꢜꣁ,நாகு3புட்டொ
ꢩꢥ꣄ꢣꢶ,ப4ந்தி3
ꢪꢾꢣꢸꢞ꣄,மெது3ட்3
ꢪꢱ꣄ꢡꢶꢱ꣄ꢒꣁ,மஸ்திஸ்கொ
ꢩꢶꢣꢸꢜ꣄,பி4து3ட்
ꢆꢛ꣄ꢗꢵ ꢏꢡꢜ꣄,உஞ்சாஹோட்
ꢪꣁꢜ꣄ꢜꢾ,மொட்டெ
ꢪꣁꢳꢶ,மொளி
ꢪꢸꢡ꣄ꢣꢶ ꢂꢖ꣄ꢒꢶꢳꢶ,முத்3தி3அங்கி3ளி
ꢩꢵꢖ꣄ꢔꢸ,பா4ங்கு3
ꢦꣂꢜ꣄,போட்
ꢙꣀꢥ ꢲꢵꢡ꣄,ஜைனஹாத்
ꢙꢾꢬꢸꢥ ꢲꢵꢡ꣄,ஜகு3னஹாத்
ꢱꢾꢒꣁ,ஸெகொ
ꢂꢖ꣄ꢒꢶꢳꢶ,அங்கி3ளி
ꢦꣁꢒ꣄ꢒꣁ,பொக்கொ
ꢦꣁꢒ꣄ꢒꣁ ꢲꢜ꣄ꢒꣁ,பொக்கா ஹட்கொ
ꢂꢠ꣄ꢗꢸ ꢮꢔꢡꢶ,அண்சுவ க3தி
ꢂꢥ꣄ꢫꢵꢮ꣄,அந்யாவ்
ꢂꢒ꣄ꢬꢪꣁ,அக்ரமொ
ꢂꢞꢡ꣄,அடா3த்
ꢂꢞꢵꢡ꣄,அடா3த்
ꢃꢥꢷꢞꢶ,அநீதி3
ꢂꢦꢬꢵꢤ꣄,அப்ராத்4
ꢂꢪꢭ꣄,அமல்
ꢂꢬꢵꢙꢒꢡꣁ,அராஜகதொ
ꢂꢭꢲꣁ,கலஹொ
ꢃꢙ꣄ꢛꣁ,ஆஜ்ஞொ
ꢃꢙ꣄ꢛꢵꢒꢵꢬ꣄,ஆஜ்ஞாகார்
ꢂꢤꢵꢬ꣄,அதா4ர்
ꢬꢸꢙꢸ,ருஜு
ꢱꣂꢤꢥꣁ ꢒꢾꢬ꣄ꢥꢵꢬ꣄,ஸோத4னொ கெர்னார்
ꢱꣁꢤꢸꢥꢵꢬ꣄,ஸோது4னார்
ꢂꢫ꣄ꢣꢸꢦꢳꣁ,அய்து3பளொ
ꢱꢾꢥ,ஸேன
ꢃꢫꢸꢱ꣄ꢣꢾꢠ꣄ꢞꢥꣁ,ஆயுஸ்தெ3ண்ட3னொ
ꢬꢾꢗ꣄ꢗꢵ ꢬꢾꢗ꣄ꢗꣁ,ரெச்சாரெச்சொ
ꢦꢡ꣄ꢬꣁ,பத்ரொ
ꢣꢱ꣄ꢡꢵꢮꢾꢙ꣄,த3ஸ்தாவேஜ்
ꢩꢵꢬꢡ ꢣꢠ꣄ꢞꢥꢵ ꢱꢵꢱꢥꣁ,பா4ரத த3ண்ட3னா ஸாஸனொ
ꢱꢖ꣄ꢒꢪ꣄,ஸங்க3ம்
ꢱꢪ꣄ꢱ꣄ꢡꢵꢥ꣄,ஸம்ஸ்தான்
ꢒꢸꢭꢥꢵꢱ꣄,குலநாஸ்
ꢆꢗ꣄ꢗ ꢥ꣄ꢫꢵꢫꢵꢭꢫꣁ,உச்ச ந்யாயாலயொ
ꢆꢛ꣄ꢗꢵ ꢥ꣄ꢫꢵꢫꢵꢭꢫꣁ,உஞ்சா ந்யாயாலயொ
ꢄꢗ꣄ꢗꢵ ꢦꢡ꣄ꢬꢸ,இச்சா பத்ரு
ꢂꢥꢸꢪꢡꢶꢨꢶꢭ꣄ꢭꣁ,அனுமதி பி3ல்லொ
ꢨꢵꢣ꣄ꢫꢡꣁ,பா3த்3யதொ
ꢗꢵꢬꢠꣁ,சாரணொ
ꢕꢹꢜꢗꢵꢬꢶ,கூ4டசாரி
ꢒꢬ꣄ꢡꢮ꣄ꢫꣁ,கர்தவ்யொ
ꢒꢵꢬꢵꢒꢵꢬ꣄,காராகார்
ꢒꢵꢬꢵꢕꢾꢬ꣄,காரா கே4ர்
ꢓꢾꢞꢶꢥꢸ ꢒꢵꢬꢵꢒꢵꢬ꣄,கெ2டி3னு காராகார்
ꢣꣁꢳꢵꢪ꣄ ꢤꢹꢪ꣄,தொ3ளாதூ4ம்
ꢒꢮꢵꢜ꣄ ꢚꢔꢶꢥꢶ,கவாட் ஜ2கி3னி
ꢨꢥ꣄ꢣ꣄,ப3ந்த்3
ꢬꣃꢳꢶ,ரௌளி
ꢒꢭꢔꢪ꣄,கலக3ம்
ꢔꢭꢵꢜ꣄ꢜꢵ,க3லாட்டா
ꢔꢵꢪ꣄ ꢥꢶꢱꢨ꣄ꢣꢸ ꢱꢵꢱꢥꣁ,கா3ம்நிஸப்3து3ஸாஸனொ
ꢪꣁꢱꢒꢵꢬ꣄,மோஸகார்
ꢲꣁꢖ꣄ꢔꢞ꣄ꢠꢵꢬ꣄,ஹொங்க3ட்3ணார்
ꢮꢶꢦꢒ꣄ꢰꢸꢮꢵꢥ꣄,விபக்ஷுவான்
ꢡꣂꢒꢸꢦꢒ꣄ꢰꢸꢮꢵꢥ꣄,தோகு பக்ஷுவான்
ꢭꢸꢒ꣄ꢙꢵꢥꢶ,லுக்ஜானி
ꢗꢵꢬ꣄,சார்
ꢒꢜ꣄ꢗꢶꢒꢾꢬꣁ,கட்சிகெரொ
ꢦꢒ꣄ꢯꢸꢮꢵꢥ꣄,பக்ஷுவான்
ꢗꢾꢡ꣄ꢡꢬ꣄,செத்தர்
ꢥꢿꢪꣁ,நேமொ
ꢱ꣄ꣁꢞ꣄ꢞꢶ,சொட்3டி3
ꢢꢠꢵ ꢱ꣄ꢢꢭ ꢬꢒ꣄ꢰꢶꢥꢶ,த2ணா ஸ்த2ல ரக்ஷினி
ꢢꢠꢵ ꢬꢒ꣄ꢰꢶꢥꢶ,த2ணா ரக்ஷினி
ꢢꢠꢵ ꢮꢶꢩꢵꢔ꣄,த2ணா விபா4க்3
ꢢꢠꢵ ꢱ꣄ꢢꢭ꣄,த2ணா ஸ்த2ல்
ꢒꢾꢭ꣄ꢭꢭ꣄,கெ2ல்லல்
ꢬꣃꢞꢶ,ரௌடி3
ꢒꢸꢠ꣄ꢞꢸ,கு3ண்டு3
ꢕꣁꢞꢵ ꢱꣀꢥ꣄ꢫꢸ,கொ4டா3ஸைன்யு
ꢒꢸꢪ꣄ꢦꢸ,கு3ம்பு
ꢭꢸꢪ꣄ꢦ꣄ꢳꣁ,லும்ப்ளொ
ꢂꢦꢬꢵꢕꢶ,அபராதி4
ꢂꢮ꣄ꢞꢵ ꢮꢶꢗꢵꢬꢠꣁ,அவ்டா3 விசாரணொ
ꢒꣀꢣꢶ,கைதி3
ꢨꢥ꣄ꢣꢶ,ப3ந்தி3
ꢒꢵꢬꢵ ꢔꢸꢦ꣄ꢡꣁ,காராகு3ப்தொ
ꢒꣀꢣꢸ,கைது3
ꢨꢥ꣄ꢣꢶꢒꢾꢬ꣄ꢥꢶ,ப3ந்தி3கெர்னி
ꢒꢾꢭ꣄ꢭꢭ꣄ꢒꣁ,கெல்லல்கொ
ꢪꣁꢬꢜꢱ꣄꣄ꢡꢾ,மொரட3ஸ்தே
ꢪꣁꢬꢞ꣄ꢠꢵꢬ꣄,மொரட்3ணார்
ꢲꢥ꣄ꢡꣁ,ஹந்தொ
ꢕꢵꢡꢶ,கா4தி
ꢒꢦꢜꢸ ꢓꢶꢛ꣄ꢗꢶꢥꢶ,கபடு கி2ஞ்சினி
ꢒꢦꢜꢸ ꢓꢶꢛ꣄ꢗꢸꢥꢵꢬ꣄,கபடு கி2ஞ்சுனார்
ꢱꢵꢱꢥ ꢱꢖ꣄ꢒꢳꢥꣁ,ஸாஸன ஸங்களனொ
ꢱꢵꢱꢥ ꢱꢖ꣄ꢒꢭꢥꣁ,ஸாஸன ஸங்கலனொ
ꢩꣁꢔꢸꢪꢵ,பொ4கு3மான்
ꢱꢵꢒ꣄ꢰꢶ,ஸாக்ஷி
ꢦꢒ꣄ꢰꢸ,பக்ஷு
ꢱꢵꢣꢒꣁ,ஸாத3கொ
ꢱꢵꢭꢵ ꢮꢶꢤꢶꢥ꣄,ஸாலா விதி4ன்
ꢦꢶꢱ꣄ꢒꢭ꣄,பிஸ்கல்
ꢦꢸꢱ꣄ꢒꣁ,பு3ஸ்கொ
ꢗꢶꢡ꣄ꢬ ꢮꢤꣁ,சித்ரவதொ4
ꢱꣂꢱꢥꣁ,ஸோஸனொ
ꢒꢸꢥꢸꢔꢶꢥꢶ,குநுகி3னி
ꢮꢶꢭꢹꢝ꣄,விலூட்2
ꢲꢥꢶꢪꢵꢬ꣄,ஹனிமார்
ꢮꢶꢭꢸꢝꢥꣁ,விலுட2னொ
ꢃꢱ꣄ꢡꢶ,ஆஸ்தி
ꢡꢾꢒꢸꢬꢵꢭ꣄,தெகு3ரால்
ꢢꢥꢵꢭ ꣄ꢭꣀꢞꢵ ꢲꢥ꣄ꢥꢶ,த2னால் லைடா3 ஹன்னி
ꢲꢶꢨ꣄ꢨꢵꢞꢸ ꢃꢙꢛꣁ,ஹிப்3பா3டு3 ஆஜ்ஞொ
ꢥꢶꢬꣂꢤ꣄ ꢃꢙ꣄ꢛꢸ,நிரோத்4 ஆஜ்ஞொ
ꢣꢾꢠ꣄ꢞꢥꣁ,தெ3ண்ட3னொ
ꢲꣂꢬ꣄,ஹோர்
ꢱ꣄ꢮꢫ ꢬꢒ꣄ꢰꢠꣁ,ஸ்வய ரக்ஷணொ
ꢗꣁꢬ꣄,சோர்
ꢡꢷꢬ꣄ꢦꢸ,தீர்பு
ꢠꢶꢬ꣄ꢠꢫꣁ,நிர்ணயொ
ꢄꢔ꣄ꢬꢮꢵꢡꢶ,உக்3ரவாதி3
ꢭꢸꢒ꣄ ꢙꢥ꣄ꢥꢬ꣄,லுக் ஜன்னார்
ꢜꢸꢦ꣄ꢦꢸ,துப்பு
ꢣꣂꢬꢸ ꢣꢠ꣄ꢞꢵꢥꣁ,தோ3ரு த3ண்ட3னொ
ꢲꣁꢬꢸꢒ꣄ꢬꢶꢫꣁ,ஹோரு க்ரியொ
ꢱꢹꢗꢵꢭ꣄,ஸுசால்
ꢗꣁꢒ꣄ ꢗꢭ꣄ꢥꢶ,சொக் சல்னி
ꢱꢡ꣄ ꢗꢭ꣄ꢥꢶ,ஸத் சல்னி
ꢥꢶꢫꢵꢮ꣄,நியாவ்
ꢥꢶꢫꢵꢫꢱ꣄ꢢꢭꣁ,நியாயஸ்த2லொ
ꢮꢶꢬꣂꢣ,விரோத்4
ꢦ꣄ꢬꢡꢶꢒꢹꢭ꣄,ப்ரதிகூல்
ꢬꢒ꣄ꢯꢥꣁ,ரக்ஷணொ
ꢦꢶꢬꢡꢶꢮꢵꢣꢶ,பிரதிவாதி3
ꢱꢡ꣄ꢫꢦ꣄ꢬꢪꢵꢠ꣄,ஸத்ய ப்ரமாண்
ꢦꢶꢬꢪꢵꢠ꣄,பிரமாண்
ꢒꢭꢲ ꢱ꣄ꢢꢶꢡꢶ,கலஹ ஸ்தி2தி
ꢥꢒꢭ꣄,நகல்
ꢪꣁꢬꢥꢸ ꢣꢠ꣄ꢞꢠꣁ,மொரனு த3ண்ட3ணொ
ꢦꣀꢭ ꢏꢫ꣄ꢣꢦꢥ꣄,பை2ல ஒய்த3பன்
ꢪꣁꢬꢜꢸ,மொரடு3
ꢤꢶꢒ꣄ꢒꢶꢥꢶ,தி4க்கினி
ꢮꢵꢣꢸꢒꢾꢬ꣄ꢥꢵꢬ꣄,வாது3 கெர்னார்
ꢮꢵꢣꢸꢥꢵꢬ꣄,வாது3னார்
ꢣꢵꢮꣁ,தா3வொ
ꢮꢣꢶꢔ꣄ꢛꢵꢥꢶ,விதி3க்3ஞானி
ꢆꢔ꣄ꢬ ꢒ꣄ꢬꢶꢫꣁ,உக்3ர க்ரியொ
ꢣꣂꢠꢸ ꢮꢵꢒ꣄,தோணு வாக்
ꢃꢣꢵꢬꢸ ꢮꢵꢗꢸ,ஆதா3ரு வாசு
ꢮꢵꢣꢶ,வாதி3
ꢧꢶꢬ꣄ꢮ ꢓꢳ꣄ꢳꢱ꣄ꢡꢾ,பி2ர்வி கள்ளஸ்தே
ꢮꢵꢦꢱ꣄ ꢓꢳ꣄ꢳꢱ꣄ꢡꢾ,வாபஸ் க2ள்ளஸ்தே
ꢒꣀꢣꢸ ꢦꢡ꣄ꢬꣁ,கைது3 பத்ரொ
ꢩꢬꢵꢜ ꣄ꢱꣁꢞ꣄ꢥꢶ,ப4ராட்ஸொட்3னி
ꢨꢥ꣄ꢤ꣄,ப3ந்த்4
ꢙꢪꢷꢥ꣄,ஜமீன்
ꢙꢾꢥꣁ,ஜெனொ
ꢙꢮ꣄ꢠꣁ,ஜவ்ணொ
ꢥꣁ,னொ
ꢙꢮ꣄ꢠꢦꢥ꣄,ஜவ்ணபன்
ꢫꣃꢮꢥꣁ,யௌவனொ
ꢙꢮ꣄ꢠꢶ,ஜவ்ணி
ꢥꢴꢥ꣄ꢥꣁ,ந:ன்னொ
ꢕꢾꢬ꣄ꢮꢵꢬ꣄,கெ4ர்வார்
ꢕꢾꢮ꣄ꢬꢵꢬ꣄,கெ4வ்ரார்
ꢕꢾꢬ꣄ꢮꢬꢶꢥ꣄,கெ4ர்வரின்
ꢕꢾꢮ꣄ꢬꢬꢶꢥ꣄,கெ4வ்ரரின்
ꢒꢥ꣄ꢫꣁ,கன்யொ
ꢣꣁꢮ꣄ꢬꣁ,தொ3வ்ரொ
ꢣꣁꢮ꣄ꢬꢶ,தொ3வ்ரி
ꢒꢸꢪꢵꢬꣁ,குமரொ
ꢒꢸꢪꢵꢬꢶ,குமரி
ꢥꢴꢸꢒ꣄ꢬꢸ,நு:க்ரு
ꢥꢴꢸꢬꢸꢦꢥ꣄,நு:ருபன்
ꢨꢵꢭ꣄ꢫꢦꢥ꣄,பா3ல்யபன்
ꢨꢵꢭ꣄ꢫꢪ꣄,பா3ல்யம்
ꢥꢴꢥ꣄ꢥꢶ,ந:ன்னி
ꢦ꣄ꢬꢵꢫꢪ꣄,ப்ராயம்
ꢨꢵꢭꢦ꣄ꢬꢵꢫꢪ꣄,பா3லப்ராயம்
ꢨꢵꢳꢸꢥ꣄,பா3ளுன்
ꢏꢱ꣄ꢱꢸ,ஒஸ்ஸு
ꢨꢾꢜ꣄ꢒꢶ,பெ3ட்கி
ꢂꢳꢶꢶ,அளி
ꢨꢾꢜ꣄ꢒꣁ,பெ3ட்கொ
ꢪꢾꢥꢶꢒ꣄ \ ꢣꢭ꣄ꢭꢒ꣄ꢒꣁ,மெனிக்
ꢂꢪ꣄ꢪꢒ꣄ꢒꣁ,அம்மக்கொ
ꢪꢵꢥꢸꢰꢪ꣄,மானுஷம்
ꢏꢭ꣄ꢞꢶꢥ꣄,ஒள்டி3ன்
ꢏꢭ꣄ꢞꣁ,ஒள்டொ3
ꢣꢸꢒ꣄ꢬꣁ,து3க்ரொ
ꢫꢸꢮꣁ,யுவொ
ꢫꢸꢮꢥ꣄,யுவன்
ꢙꢮ꣄ꢥꢠꢦꢥ꣄,ஜவ்ணபன்
ꢫꣃꢮꢥꢪ꣄,யௌவனம்
ꢙꢮ꣄ꢠꢦ꣄ꢦꢥ꣄,ஜவ்ணபன்
ꢙꢮ꣄ꢠꢡ꣄ꢮꢪ꣄,ஜவ்ணத்வம்
ꢧꣀꢭ ꢦ꣄ꢬꢣꢬ꣄ꢰꢥꣁ,பை2ல ப்ரத3ர்ஷனொ
ꢲꢬꢶꢓꢾꢡꣁ,ஹரிகெ2தொ
ꢦꢸꢬꢵꢡꢥꢮꢱ꣄ꢡꢸ ꢦ꣄ꢬꢣꢬ꣄ꢰꢶꢥꢶ,புராதன வஸ்து ப்ரத3ர்ஷினி
ꢥꢜꢥꢪ꣄,நடனம்
ꢱꢖ꣄ꢔꢷꢡ꣄,ஸங்கீ3த்
ꢱꢖ꣄ꢔꢷꢡꢸ ꢮꣀꢩꢮ꣄,ஸங்கீ3துவைப4வ்
ꢱꢶꢖ꣄ꢒꢵꢬ꣄ꢭꢶꢥꢶ,ஸிங்க3ர்லினி
ꢍꢒꢵꢖ꣄ꢒꢶ ꢥꢜ꣄ꢒꢪ꣄,ஏகாங்கி நட்கம்
ꢱꢨ꣄ꢣꢸ ꢦ꣄ꢬꢒꢵꢱꢸ ꢣꢬ꣄ꢰꢥꣁ,ஸப்3து3 ப்ரகாஷு த3ர்ஷனொ
ꢱꢨ꣄ꢣꢸꢔꢸꢠ꣄ꢮꢶ,ஸப்3து3கு3ண்வி
ꢱꢖ꣄ꢔꢷꢡ ꢮꣀꢩꢮ꣄,ஸங்கீ3த வைப4வ்
ꢒꢷꢡꢸꢱ꣄ꢬꢸꢡꢶ,கீ3துஸ்ருதி
ꢔꢮ꣄ꢥꢶꢱ꣄ꢢꢵꢥ꣄,க3வ்னி ஸ்தா2ன்
ꢱ꣄ꢡꢵꢥꢦ꣄ꢬꢫꢡ꣄ꢥꣁ,ஸ்தானப்ரயத்னொ
ꢪꣂꢜꢶ ꢮꢶꢡ꣄ꢡꢾ,மோடி3வித்தெ
ꢒꢭꢵ,கலொ
ꢒꢭꢵꢒꢵꢬ꣄,கலாகார்
ꢒꢵꢒ꣄ꢰꢶ,காக்ஷி
ꢔ꣄ꢬꢵꢪꢶꢫ ꢥꢵꢗꢸ,க்3ராமிய நாசு
ꢙꢾꢡꣁꢪꢶꢳꢶ ꢓꢳꢥ꣄ꢥꢵꢗꢸ,ஜெதொமிளி க2ளந்நாசு
ꢪꢭ꣄ꢭꢫꢸꢣ꣄ꢣꢸ,மல்லயுத்3து3
ꢥꢵꢗꢸ ꢓꣁꢜ꣄ꢜꣁ,நாசுகொ2ட்டொ
ꢗꢶꢡ꣄ꢬ ꢮꢷꢠꢾ,சித்ரவீணொ
ꢮꢶꢤꢹꢰꢒ꣄,விதூ4ஷக்
ꢒꣁꢭꢸ ꢓꢵꢭ꣄,கோலுகா2ள்
ꢱꢸꢕꢞꢶ,ஸுக4டி3
ꢕꢞꢶ ꢆꢜꢵꢮ꣄,க4டி3 உடாவ்
ꢗꢾꢠ꣄ꢜꢾ,செண்டெ
ꢡꢫꢵꢬ꣄ ꢒꢾꢬ꣄ꢥꢵꢬ꣄,தயார் கெர்னார்
ꢡꢫꢵꢬ꣄ꢒꢾꢬ꣄ꢥꢶ,தயார்கெர்னி
ꢱ꣄ꢮꢩꢵꢰꢥ꣄ ꢍꢒꢵꢥ꣄ꢡꢸ ꢮꢗꢸ,ஸ்வபா4ஷண்
ꢦꢞꢸꢣꣁ,படு3தொ3
ꢡꢶꢬꢱ꣄ꢒꢾꢬ꣄ꢥꢵꢮ꣄,திரஸ்கெர்னாவ்
ꢡꢾꢬꢵ ꢭꣁꢱ꣄,தெரா லோஸ்
ꢥꢵꢗꢸ ꢓꣁꢜ꣄ꢜꣁ,நாசு கொ2ட்டொ
ꢲꢵꢱ꣄ꢫꢪ꣄,ஹாஸ்யம்
ꢥꢜ꣄ꢭꣁ,நாசு
ꢥꢜ꣄ꢮꣁ,நட்வொ
ꢥꢜꣁ,நடொ
ꢥꢜ꣄ꢮꢶ,நட்வி
ꢥꢗꢶꢥꢶ,நசினி
ꢓꢳ꣄꣄ꢥꢶ ꢥꢵꢗꢸ,க2ள்னி நாசு
ꢥꢗꢥ ꣄ꢥꢵꢗꢸ,நசன்நாசு
ꢥꢜꢥ ꢥꢵꢗꢸ,நடன நாசு
ꢥꢵꢣꢸ,நாது3
ꢥꢱꢸꢬꢵꢭ꣄,நஸுரால்
ꢥꢷꢞꢵ ꢭꣂꢱ꣄,நீடா3லோஸ்
ꢭꢭꢶꢡ ꢒꢭꣁ,லலிதகலொ
ꢮꢶꢮꢵꢣꢸ ꢱꢣꢱ꣄,விவாது3ஸத3ஸ்
ꢩꢬꢡ ꢥꢵꢜ꣄ꢫꣁ,ப4ரதநாட்யொ
ꢪꢸꢭ꣄ꢭꢮꢶ,முல்லவி
ꢩꢮ꣄ꢣꢸꢭ꣄,ப4வ்து3ல்
ꢔꢷꢜ꣄,கீ3த்
ꢔꢮ꣄ꢥ ꢶꢮꣀꢩꢮ꣄,க3வ்னி வைப4வ்
ꢔꢷꢡꢸ ꢮꣀꢩꢮ꣄,கீ3து வைப4வ்
ꢔꢮ꣄ꢥꢵꢬ꣄,க3வ்னார்
ꢔꢷꢡꢶ,கீ3த்
ꢱꢥꢵꢬ꣄,ஸனார்
ꢮꢫꢭꢶꢥ꣄,வயலின்
ꢥꢷꢞꢵ ꢭꣂꢱ,நீடா3லோஸ்
ꢮꢿꢠꢸ,வேணு
ꢮꢱ꣄ꢡꢸ ꢦ꣄ꢬꢡꢬ꣄ꢰꢶꢠꢷ,வஸ்துப்ரதர்ஷிணி
ꢒꢵꢭꢒ꣄ꢰꢿꢦꢸ,காலக்ஷேபு
ꢣꢶꢥ꣄ꢥꢸ ꢔꢪ꣄ꢞꢶꢥꢶ,தி3ன்னு க3ம்டி3னி
ꢣꣂꢠ꣄ꢞꣁ,தொ4ண்டொ3
ꢪꢾꢣ꣄ꢣꢳ꣄,மெத்3த3ள்
ꢥꢔꢬꣁ,நக3ரொ
ꢭꢕꢸ ꢱꢖ꣄ꢔꢷꢡ꣄,லகு4ஸங்கீ3த்
ꢪꢛ꣄ꢗ꣄,மஞ்சு
ꢗꢾꢥ꣄ꢣꢸꢬ꣄ ꢬꢴꢾꢜꣁ,செந்து3ர் ரெ:டொ3
ꢬꢱꢶꢒꣁ,ரஸிகொ
ꢬꢵꢔ꣄,ராக்3
ꢮꢗꢥ꣄,வசன்
ꢨꢠꢵꢭꢸ ꢮꢾꢞꢶꢒ꣄,ப3ணாலு வெடி3க்
ꢮꢮ꣄ꢙꢶꢥꢶ ꢮꢵꢣ꣄ꢫꣁ,வவ்ஜினி வாத்3யொ
ꢂꢒꢵꢱꢸ ꢤ꣄꣄ꢮꢥꢶ,அகாஸு த்4வநி
ꢮꢶꢡ꣄ꢡꢾ,வித்தெ
ꢮꢷꢠꢾ,வீணொ
ꢮꢾꢞꢶꢒ꣄,வெடி3க்
ꢓꢿꢳ꣄꣄,கே2ள்
ꢓꢾꢭ꣄ꢭꢭ꣄,கெ2ல்லல்
ꢆꢦ꣄ꢨꢸवꣁ,உம்பு3ளொ
ꢧꣁꢥ꣄ꢥꢶꢱꢸ ꢦꣁ꣄ꢳ꣄ꢳꣁ,பொ2ன்னிஸுபொள்ளொ
ꢚꢵꢞꢸꢦꣁꢳ꣄ꢳꣁ,ஜா2டு3பொள்ளொ
ꢃꢦ꣄ꢦꢳ꣄,ஆப்பிள்
ꢃꢬꢛ꣄ꢙꢶ,ஆரஞ்ஜி
ꢨꣂꢬꢸ ꢦꣁꢳ꣄ꢳꣁ,போ3ருபொள்ளொ
ꢦꢾꢬ꣄ꢗ꣄ꢗꢪ꣄ꢦꣁꢳ꣄ꢳꣁ,பெச்சம் பொள்ளொ
ꢗꢶꢦ꣄ꢦꣁ,சிப்பொ
ꢒꣁꢜ꣄ꢜꢾ,கொட்டெ
ꢗꢦ꣄ꢦꣂꢜ꣄ꢜꢵ,சப்போட்டா
ꢱꢷꢡꢵ ꢦꣁꢳ꣄ꢳꣁ,ஸீதாபொள்ளொ
ꢒꢷꢡ꣄,கீத்
ꢡꢒ꣄ꢒꢵꢳꢶ,தக்காளி
ꢣꢬ꣄ꢨꢹꢱ꣄,த3ர்பூ3ஸ்
ꢡꢶꢬꢵꢒ꣄ꢰꣁ,தி3ராக்ஷொ
ꢡꣁꢮ꣄ꢞꣁ,தொவ்டொ
ꢥꢵꢬꣁ,நாரொ
ꢮꢷꢜ꣄,வீட்
ꢙꢾꢪ꣄ꢨꢸ ꢦꣁꢳ꣄ꢳꣁ,ஜெம்பு3பொள்ளொ
ꢱꢸꢒ꣄ꢒꢾꢥꢬꢳ꣄,ஸுக்கெநரள்
ꢥꢿꢥ꣄ꢣꢶꢬꢪ꣄ ꢒꢾꢳꣁ,நேந்தி3ரம் கெளொ
ꢦꢦ꣄ꢦꢵꢳꢶ,பப்பாளி
ꢡꢵꢞꢶ ꢦꣁꢳ꣄ꢳꣁ,தாடி3பொள்ளொ
ꢦꢶꢥ꣄ꢣ ꢦꣁꢪ꣄ꢨꢸꢳ ꢦꣁꢳ꣄ꢳꣁ,பிந்த3பொம்பு3ள பொள்ளொ
ꢩꢿꢬꢶꢒꢫ꣄ꢭꣁ,பே4ரிகய்லொ
ꢣꢜꢶꢪ꣄ꢦꣁꢳ꣄ꢳꣁ,த3டி3ம்பொள்ளொ
ꢒꢗ꣄ꢗꢪ꣄ꢨꢵ ꢨꣁꢳ꣄ꢳꣁ,கச்சம்பா3பொ3ள்ளொ
ꢪꢸꢥ꣄ꢡꢶꢬꢶ,முந்திரி
ꢪꢸꢥ꣄ꢡꢶꢬꢶꢒ꣄ ꢒꣁꢜ꣄ꢜꢾ,முந்திரிக்கொட்டெ
ꢒꢾꢳꣁ,கெளொ
ꢮꢳ꣄ꢒꢵ ꢦꣁꢳ꣄ꢳꣁ,வள்காபொள்ளொ
ꢂꢨ꣄ꢨꢸꢥꢵ,அப்3பு3னா
ꢙꢸꢠ꣄ꢠꢵ,ஜுண்ணா
ꢂꢨ꣄ꢨꢫ꣄,அப்3ப3ய்
ꢙꢸꢞꣀ,ஜுடை3
ꢥꢴꢷ,நீ:
ꢒꢳꢵꢥꢵ,களானா
ꢒꢳꢵꢫ꣄,களாய்
ꢏꢦ꣄ꢦꢵꢥꢵ,ஒப்பானா
ꢏꢦ꣄ꢦꢵꢫ꣄,ஒப்பாய்
ꢮꢶꢮꢬ꣄ꢦꣁꢠ꣄ꢠꢵ,விவர் பொண்ணா
ꢮꢶꢮꢬ꣄ꢦꣁꢞꢫ꣄,விவர் பொட3ய்
ꢧꢸꢬ꣄ꢥꢵ,பு2ர்னா
ꢧꢸꢬꢫ꣄,பு2ரய்
ꢪꢸꢱꢸꢥꢵ,முஸூனா
ꢯꢾꢒ꣄ꢒꢸꢥꢵ,ஶெக்குனா
ꢪꢸꢱꢫ꣄,முஸய்
ꢯꢾꢒ꣄ꢒꢫ꣄,ஶெக்கய்
ꢥꣁꢒ꣄ꢒꣁ,நொக்கொ
ꢦꢙꢾꢥꢴꢷ,பஜெ நீ:
ꢦꢙꢾ,பஜெ
ꢚꢸꢭ꣄,ஜு2ல்
ꢗꢶꢔ꣄ꢭꣁ,சிக்3லொ
ꢱꢪ꣄ꢗꢳꢶ,ஸம்சளி
ꢱꢱꢬ꣄ꢦꢵꢛ꣄ꢚꢸꢭ꣄,ஸஸர்பாஞ் ஜு2ல்
ꢔꣁꢬꢸ ꢒꢵꢥꢸꢪ꣄ ꢒꢶꢞꣁ,கொ3ருகானும்கிடொ3
ꢆꢱꢸ ꢆꢱꢵꢭꢾ,உஸுஉஸாலெ
ꢚꢸꢬꢸ,ஜு2ரு
ꢪꢸꢖ꣄ꢔꢶ,முங்கி3
ꢲꢸꢥ꣄ꢣꢶꢬ꣄,ஹுந்தி3ர்
ꢱꢬꢳ꣄,ஸரள்
ꢔꢥ꣄ꢤꣁꢭꢶ,க3ந்தொ4லி
ꢔꢾꢥ꣄ꢤꢭ꣄,கெ3ந்த4ல்
ꢒꢖ꣄ꢒꢶꢞꣁ,கங்கிடொ3
ꢨꢥ꣄ꢣꣁ,ப3ந்தொ3
ꢲꢸꢡꢶ,ஹுதி
ꢒꢺꢪꢶ,க்ருமி
ꢥꢸꢔꢸꢭ꣄,நுகுல்
ꢥꢒꢸꢭ꣄,நகுல்
ꢱꢾꢛ꣄ꢙꢶꢮ꣄,ஸெஞ்ஜிவ்
ꢦꢶꢱꢸꢳꣁ,பிஸுளொ
ꢪꣃꢞꢶ,மௌடி3
ꢭꢴꣁꢮ꣄ꢮ ꢪꢸꢖ꣄ꢒꢶ,லொ:வ்வ முங்கி
ꢆꢥ꣄ꢣꢶꢬ꣄,ஹுந்தி3ர்
ꢒꢸꢜ꣄ꢒꢶ,குட்கி
ꢱꢸꢠ꣄ꢞꢶ,ஸுண்டி3
ꢩꢾꢬ꣄ꢒꢳꢶ,பெ4ர்களி
ꢩꢿꢭꢶ,பே4லி
ꢮꢶꢛ꣄ꢗꢸ,விஞ்சு
ꢪꣀꢪꢴꢔꢶ,மைம:கி3
ꢔꢶꢱ꣄ꢳꣁ,கி3ஸ்ளொ
ꢔꣁꢬꢪ꣄ꢪꣁ,கொ3ரம்மொ
ꢒꣃꢱ꣄ꢒꢶꢞꣁ,கௌஸ்கிடொ3
ꢦꢵꢭꣁ,பாலொ
ꢱꢵꢦ꣄,ஸாப்
ꢂꢥ꣄ꢣꢸ,அந்து3
ꢒꢶꢞꣁ,கிடொ3
ꢑꢳꢶ,ஒளளி
ꢂꢨ꣄ꢨꢸ,ஹப்3பு3
ꢔꣂꢪ꣄ꢨꢾ,கோ3ம்பெ3
ꢙꢹꢪ꣄,ஜூம்
ꢱꢶꢣ꣄ꢣꢜ꣄,ஸித்3த3ட்
ꢙꢶꢙ꣄ꢙꢶꢭ꣄,ஜிஜ்ஜில்
ꢤꢾꢔꢸꢥꣁ,தெ4கு3நொ
ꢦꢶꢖ꣄ꢔꢸ ꢪꢸꢖ꣄ꢔꢶ,பிங்கு3 முங்கி3
ꢃꢳꢶ,ஆளி
ꢢꣂꢳ꣄,தோ2ள்
ꢔꣁꢭ꣄ꢭꣁꢬ꣄,கொ3ல்லொர்
ꢣꣁꢨ꣄ꢨꢶ,தொ3ப்3பி3
ꢙꢵ,ஜா
ꢒꢹꢔ꣄,கூக்3
ꢲꢿꢜ꣄,ஹேட்
ꢂꢖ꣄ꢔꢶꢒꢵꢬ꣄,அங்கி3கார்
ꢲꢭ꣄ꢭꢵꢜ꣄,ஹல்லாட்
ꢆꢜ꣄ꢔꢵꢜ꣄,உட்3கா3ட்
ꢆꢜ꣄ꢔꢶ,உட்3கி3
ꢲꢵꢥ꣄,ஹான்
ꢭꢥ꣄ꢣꢶ,லந்தி3
ꢱꢾꢥ꣄ꢡꢶ,ஸெந்தி
ꢙꢷ ꢗꢿꢬ꣄,ஜீசேர்
ꢚꢵꢔꢶ,ஜா2கி3
ꢆꢛBꢗꣁ ꢱꢵ,உஞ்சொ ஸா
ꢕꢭ꣄ꢭꢾ,க4ல்லே
ꢧꢶꢬ꣄ꢭꢾ,பி2ர்லே
ꢪꢴꢮ꣄ꢭꢫꢶ ꢙꢵ,ம:வ்லயி ஜா
ꢪꢴꣃꢭꢶ,மௌ:லி
ꢒꢨꢶꢭ꣄ꢭꢾ,கபி3ல்லே
ꢭꢾꢔꢸꢡ꣄ꢡ ꢙꢵ,லெகு3த்த ஜா
ꢦꢬ꣄ꢮꢒꢿꢬ꣄,பர்வகேர்
ꢮꢿꢥ꣄ ꢒꢿꢬ꣄,வேன்கேர்
ꢃꢗ꣄ꢗꢬ꣄ꢫꢸꢦꣂꢜ꣄,ஆஶ்சர்யுபோட்
ꢂꢣꢶꢬ꣄,அதி3ர்
ꢂꢦ꣄ꢦꢶꢭꢾ,அப்பிலே
ꢚꢾꢜ꣄ꢦꢶꢭꢾ,ஜெ2ட்பிலே
ꢱꣃꢔꢭ ꢒꢿꢬ꣄,ஸைக3னகேர்
ꢨꢷꢱ꣄,பீ3ஸ்
ꢨꢹꢜ꣄,பூ3ட்
ꢨꢸꢣꢵꢜ꣄,பு3டா3ட்
ꢂꢪ꣄ꢒꢶ,அம்கி
ꢂꢪ꣄ꢒꢫꢶ ꢬꢴꢵ,அம்கயிரா:
ꢱꢾꢥ꣄ꢡꢶ ꢢꣂꢮ꣄,ஸெந்திதோ2வ்
ꢱꢾꢥ꣄ꢡꢫꢶꢬꢴꢵ,ஸெந்தயிரா:
ꢲꢹꢖ꣄ꢔꢶꢤꢹꢭ꣄,ஹுங்கி3தூ4ள்
ꢓꢮ꣄ꢙꢸꢭꢾ,க2வ்ஜுலே
ꢤꢵꢒ꣄ꢕꢵꢭ꣄,தா4க்கா4ல்
ꢨꢾꢣꢸꢬꢶ ꢦꣂꢜ꣄,பெ3து3ரிபோட்
ꢣꢸꢒ꣄ꢒꢸꢦꣁꢞ꣄ꢳꢾ,து3க்குபொட்3ளே
ꢦ꣄ꢬꢵꢬ꣄ꢡꢥꣁꢒꢾꢬ꣄,ப்ரார்தனொகேர்
ꢦꢿ,பே
ꢧꢸꢭꢫꢶꢬꢴꢵ,பு2லயிரா:
ꢂꢫ꣄ꢫꢬꢮ꣄ ꢦꣁꢜ꣄,அய்யரவ் போட்
ꢒ꣄ꢬꢸꢦꣁ ꢒꢾꢬ꣄,க்ருபொ கேர்
ꢡꢾꢱꢫꢶ ꢦꣂꢜ꣄,தெஸயி போட்
ꢭꢸꢨ꣄ꢨꢶ,லுப்3பி3
ꢂꢭꢖ꣄ꢒꢵꢬ꣄ ꢒꢿꢬ꣄,அலங்கார்கேர்
ꢂꢭ꣄ꢗꢶ,அல்சி
ꢯ꣄꣄ꢭꢵꢕꢠꢒꢾꢬ꣄ꢭꢿ,ஶ்லாக4ணகெர்லே
ꢤꢹꢮ꣄,தூ4வ்
ꢩꢮꢵꢜ꣄ꢡꢵꢫ꣄,ப4வாட்தாய்
ꢭꣂꢭ꣄ ꢦꣂꢜ꣄,லோல்போட்
ꢭꣂꢭ꣄ ꢦꣁꢞꢜ꣄,லோல் பொடா3ட்
ꢱꢶꢬꢳ꣄꣄ꢙꢵꢜ꣄,ஸிரள்ஜாட்
ꢥꢯꢶꢶꢥꢪ꣄ ꢲꣁ,நஶினம்ஹோ
ꢥꢵꢯꢥꣁ ꢲꣁ,நாஶனொ ஹோ
ꢥꢯꢶꢶꢥꢪ꣄ ꢒꢿꢬ꣄,நஶினம்கேர்
ꢱꢶꢙ꣄ꢮꢶ,ஸிஜ்வி
ꢱꢶꢮ꣄ꢙꢶ,ஸிவ்ஜி
ꢱꣁꢮ꣄ꢞꢶ,ஸொவ்டி3
ꢬꣂꢜ꣄,ரோட்
ꢪꢸꢬ꣄ꢔꢶ,முர்கி3
ꢪꢸꢬ꣄ꢔꢫꢶꢙꢵ,முர்க3யிஜா
ꢂꢪ꣄ꢒꢫꢶꢙꢵ,அம்கயிஜா
ꢨꣂꢮ꣄,போ3வ்
ꢪꣂꢮ꣄,மோவ்
ꢪꣁꢮ꣄ꢙꢶ,மொவ்ஜி
ꢣꢿ,தே3
ꢒꢮ꣄ꢭꢶ,கவ்லி
ꢒꢳꣀꢭꢾ,களைலே
ꢒꢜꢫꢶꢙꢵ,கடயி ஜா
ꢒꢵꢜ꣄,காட்
ꢕꢵꢪ꣄ ꢡꢵꢫ꣄,கா4ம்தாய்
ꢤꢵꢥꢸꢒ꣄ꢙꢵ,தா4னுக்ஜா
ꢂꢥꢸꢱꢬꢶ,அனுஸரி
ꢤꢜ꣄ꢞꢾ,த4ட்டே3
ꢂꢥꢸꢨꢮꢶꢛ꣄ꢗꢶ,அனுப3விஞ்சி
ꢦꣁꢥ꣄ꢣꢶ,பொந்தி3
ꢇꢲꢪ꣄ ꢒꢿꢬ꣄,ஊஹம் கேர்
ꢃꢒ꣄ꢬꢪꣁ ꢒꢿꢬ꣄,ஆக்ரமொ கேர்
ꢲꣁꢮꢵꢜ꣄,ஹொவாட்
ꢲꣂ,ஹோ
ꢃꢯꢶꢬ꣄ꢮꢵꢡ꣄ ꢒꢿꢬ꣄,ஆஶிர்வாத் கேர்
ꢃꢒ꣄ꢰꢿꢿꢦꢠꣁ ꢒꢿꢬ꣄,ஆக்க்ஷேபணொகேர்
ꢲꢶꢥ꣄ꢣꢵꢳ꣄,ஹிந்தா3ள்
ꢥꢵꢗ꣄,நாச்
ꢓꢵꢭ꣄,கா2ள்
ꢃꢣꢬꣁ ꢒꢿꢬ꣄,ஆத3ரொ கேர்
ꢂꢣ꣄ꢣꢶꢥꢶ ꢣꢿ,அத்3தி3னி தே3
ꢏꢦ꣄ꢦꢶꢭꢿ,ஒப்பிலே
ꢂꢬꢸꢪ꣄ꢦꢪ꣄ꢒꢾꢬ꣄,ஹரும்ப3ம்கேர்
ꢬꢾꢗ꣄ꢗꣁꢡꢵꢫ꣄,ரெச்சொதாய்
ꢣꢷꢬ꣄ꢡ꣄ꢡꢸꢨꢸꢞꢜ꣄,தீர்த்துபு3டா3ட்
ꢦꢬꢶꢯꣂꢤꢥꣁ ꢒꢿꢬ꣄,பரிஶோத4னொ கேர்
ꢱꢾꢗ꣄ꢗꢶꢭꢿ,ஸெர்சிலே
ꢨꢹꢞ꣄,பூ3ட்3
ꢨꢸꢞ꣄ꢮꢶ,பு3ட்3வி
ꢱꣀꢱꢶ,ஸௌஸி
ꢥꢶꢮꢵꢜ꣄,நிவாட்
ꢥꢶꢮꢳ꣄ꢳꢾ,நிவள்ளெ
ꢤꢸꢮꢿꢰ꣄ ꢒꢿꢬ꣄,து4வேஷ்கேர்
ꢗꢾꢬꢶ ꢙꢵ,செரிஜா
ꢱꢸꢡꢶ ꢡꢵꢫ꣄,ஸுதி தாய்
ꢢꢾꢜ꣄ꢒꢶ ꢦꣁꢜ꣄,தெ2ட்கி போட்
ꢦꢸꢜ꣄ꢜꢶ ꢦꣁꢜ꣄,பு2ட்டி போட்
ꢧꣁꢞꢶꢡꢵꢫ꣄,பொ2டி3தாய்
ꢢꣂꢮ꣄,தோ2வ்
ꢕꢳ꣄ꢳꢿ,க4ள்ளே
ꢥꢾꢱ꣄ꢒꢶꢭꢶ ꢙꢵ,நெஸ்கிலிஜா
ꢐꢬ꣄ꢦꢸꢒꢾꢬ꣄ꢭꢿ,ஓர்புகெர்லே
ꢗꢿꢬ꣄,சேர்
ꢗꢾꢬ꣄ꢗ꣄ꢗꢶ,செர்சி
ꢪꢶꢱ꣄ꢒꢶ,மிஸ்கி
ꢒꢵꢪ꣄ ꢒꢾꢬꢵꢜ꣄,காம்கெராட்
ꢤꢪꢵꢜ꣄,த4மாட்
ꢒꢵꢪ꣄ ꢒꢿꢬ꣄,காம்கேர்
ꢤꢵꢪ꣄,தா4ம்
ꢱꢖ꣄ꢔꢶ,ஸங்கி3
ꢪꢹꢱ꣄,மூஸ்
ꢆꢬꢸꢮ꣄ ꢒꢿꢬ꣄,உருவ்கேர்
ꢐꢬ꣄ꢦ꣄ꢦꢸ ꢒꢾꢬ꣄ꢭꢾ,ஓர்புகெர்லே
ꢩꢷꢔ꣄ ꢪꢵꢫ꣄,பீ4க்மாய்
ꢣꢫꣁ ꢒꢿꢬ꣄,த3யொகேர்
ꢱꣁꢪ꣄ꢦꢸ ꢦꣁꢥ꣄ꢣꢶ,ஸொம்புபொந்தி3
ꢒꢨꢵꢜ꣄,கபா3ட்
ꢬꢒ꣄ꢰꢠꣁꢒꢿꢬ꣄,ரக்ஷணொ கேர்
ꢣꢷꢮꢜꣁ ꢒꢿꢬ꣄,தீ3வடொ கேர்
ꢬꢴꢵ,ரா:
ꢲꢥ꣄ꢣꢵꢬ꣄ ꢦꣂꢜ꣄,ஹந்தா3ர்போட்
ꢬꢴꢮꢵꢜ꣄,ர:வாட்
ꢕꣁꢮ꣄ꢭꢶ,கொ2வ்லி
ꢲꢥ꣄ꢣꢵꢬ꣄ꢒꢥ ꢶꢬꢴꢵ,ஹந்தா3ர்கனி ரா:
ꢬꢵꢒ꣄ ꢂꢮꢳ꣄ꢳꢾ,ராக்அவள்ளே
ꢬꢵꢒ꣄ ꢂꢠ꣄ꢭꢿ,ராக் அண்லே
ꢲꢾꢪ꣄ꢦꢶ,ஹெம்பி
ꢙꢮꢳ꣄ꢳꢾ,ஜவள்ளே
ꢲꢸꢡ꣄ꢡꢶꢬ꣄,ஹுத்திர்
ꢆꢜ꣄ꢗꢶ,உட்சி
ꢓꢶꢛ꣄ꢗꢶ,கி2ஞ்சி
ꢤꢶꢭ꣄ꢭ ꢬꢴꢵ,தி4ல்லரா:
ꢒꣁꢪ꣄ꢨꢸꢭꢵꢩꢵꢮ꣄ ꢱꢾꢬ ꢬꢴꢵ,கொம்பு3ளாபா4வ் ஸெர ரா:
ꢡꢵꢡ꣄ꢒꢿꢬ꣄,தாத்கேர்
ꢦꢳ꣄꣄ꢜꣁꢒꢿꢬ꣄,பள்டொகேர்
ꢦꢳ꣄ꢜꣁꢲꣂ,பள்டொஹோ
ꢣꢵꢡ꣄ꢣꢾꢒ꣄ꢒꢵꢜ꣄,தா3த்தெ3க்காட்
ꢏꢜ꣄ꢗꢶ,ஒட்சி
ꢄꢬ꣄ꢒ꣄ꢒꢶ,இர்க்கி
ꢕꢾꢞꢶ ꢦꣂꢜ꣄,கெ4டி3போட்
ꢒꢾꢬꢸꢮ꣄ ꢦꣂꢜ꣄,கெ3ருவ்போட்
ꢪꣂꢬ꣄,மோர்
ꢲꢹꢡ꣄ꢡꢸꢬꢵꢜ꣄,ஹுத்துராட்
ꢲꢹꢡ꣄ꢡꢶꢬ꣄,ஹுத்திர்
ꢦꢾꢬ꣄ꢦ꣄ꢦꢶ,பெர்ப்பி
ꢱꢾꢥ꣄ꢡꢶ,செந்தி3
ꢒꢾꢛ꣄ꢙꢶ,கெஞ்ஜி
ꢔꢸꢳ꣄ꢳꢾ ꢬꢴꢵ,கு3ள்ளெ ரா:
ꢙꣁꢞꢸꢛ꣄ꢗꢶ,ஜொடு3ஞ்சி
ꢙꢿꢥ꣄,ஜேன்
ꢱꢹꢓꢪ꣄ꢦꣁꢥ꣄ꢣꢶ,ஸூக2ம்பொந்தி3
ꢣꣁꢳꢵꢪ꣄ ꢦꢥꢶ ꢱꣂꢜ꣄,தொ3ளாம் பனி ஸோட்
ꢆꢗ꣄ꢗꢵꢬꢠꣁ ꢒꢿꢬ꣄,உச்சாரணொகேர்
ꢲꢸꢞꢵꢜ꣄,ஹுடா3ட்
ꢄꢮꢬ꣄ ꢦꢸꢱꢶꢭꢾ,இவர்புஸிலே
ꢧꢶꢭ꣄ꢭꢾ,பி2ர்லே
ꢧꢸꢜ꣄ꢜꢶ ꢙꢵ,பு2ட்டி ஜா
ꢧꣂꢜ꣄,போ2ட்
ꢓꢵ,கா2
ꢆꢡ꣄ꢦꢡ꣄ꢡꢶ ꢒꢿꢬ꣄,உத்பத்திகேர்
ꢱꢹꢒ꣄ꢒꢵꢜ꣄,ஸுக்காட்
ꢱꢹꢒ꣄ꢒꢶ ꢙꢵ,ஸுக்கிஜா
ꢆꢥ꣄ꢳꢾ,உன்ளே
ꢙꢥ꣄ꢭꢾ,ஜன்லே
ꢆꢥ꣄ꢥꢵꢜ꣄,உன்னாட்
ꢙꢥꢵꢜ꣄,ஜனாட்
ꢱꢲꢵꢮ꣄ꢒꢿꢬ꣄,ஸஹாவ்கேர்
ꢮꢶꢭꢶꢛ꣄ꢗꢶ,விலிஞ்சி
ꢆꢛ꣄ꢗꣁ ꢃꢮ꣄,உஞ்சொ ஆவ்
ꢭꢵꢭ꣄,லால்
ꢭꢵꢡ꣄,லாத்
ꢧꢸꢔ꣄ꢔꢶ,பு2க்3கி3
ꢧꣁꢮ꣄ꢠꢦꢥ꣄ꢒꢿꢬ꣄,பொ2வ்ணபன்கேர்
ꢨꢸꢣ꣄ꢣꢶ ꢱꢖ꣄ꢔꢶ,பு3த்3தி3ஸங்கி3
ꢮꢮ꣄ꢬꢶ,வவ்ரி
ꢆꢨꢫꣂꢒ꣄ ꢒꢿꢬ꣄,உப3யோக்கேர்
ꢤꢹꢮ꣄,தூ2வ்
ꢆꢛ꣄ꢗꣁ ꢡꢸꢒ꣄ꢒꢶ,உஞ்சொதுக்கி
ꢔꢿꢱ꣄,கே3ஸ்
ꢱꣁꢭꢫꢾ,ஸொலயெ
ꢱꣂꢭ꣄,ஸோல்
ꢒꢾꢬ꣄ꢖ꣄ꢔꢵꢜ꣄,கெருங்கா3ட்
ꢒꢾꢬꢸꢬ꣄ꢔꢾꢫ,கெருங்க்கெ3ய
ꢤꢸꢳꢵꢜ꣄,து4ளாட்
ꢬꢹꢦ꣄ ꢒꢾꢬ꣄ꢭꢾ,ரூப்கெர்லே
ꢣꢹꢱ꣄,தூ3ஸ்
ꢤꢹꢭ꣄,தூ4ள்
ꢔꢾꢱꢫꢫꣁ,கெ3ஸயயொ
ꢮꢣꢫꣁ,வத3யொ
ꢱꢹꢒ꣄ꢒꢶ,சுக்கி
ꢱꢹꢒ꣄ꢒꢵꢜ꣄,சுக்காட்
ꢆꢭꢵꢱ꣄ ꢒꢿꢬ꣄,உலாஸ்கேர்
ꢲꢸꢭ꣄ꢦ꣄ꢦꢶ,ஹுல்ப்பி
ꢲꢷꢭ꣄ꢦ꣄ꢦꢫꢶ ꢬꢴꢵ,ஹுல்ப்பயிரா:
ꢆꢭꢫꢶ ꢬꢴꢵ,உலயிரா:
ꢆꢭꢫꢶ ꢙꢮꢵꢜ꣄,உலயிஜவாட்
ꢱꢵꢥ꣄ꢡꢶ,ஶாந்தி
ꢡꣂꢡ꣄ ꢱꢵ,தோத் ஸா
ꢪꢷꢜ꣄ꢒꢥ꣄ ꢱꢿ,மீட்கன் ஸே
ꢂꢞ꣄ꢞꢪ꣄ ꢦꣂꢜ꣄,அட்3ட3ம் போட்
ꢙꢸꢥ꣄ꢥꢶ,ஜுன்னி
ꢦꢵꢜ꣄ ꢦꣂꢜ꣄,பாட்போட்
ꢂꢥꢬ꣄ꢡ꣄ꢡ ꢮꢵꢡ꣄ ꢒꢿꢬ꣄,அனர்த்தவாத்கேர்
ꢒ꣄ꢰꢷꢠ꣄ ꢲꣁꢫꢶ ꢙꢵ,க்ஷீண் ஹொயி ஜா
ꢄꢥ꣄ꢒꢫꢶ ꢙꢵ,இன்கயி ஜா
ꢣꢸꢒ꣄ꢒꢸ ꢦꣁꢥ꣄ꢣꢶ,து3க்குபொந்தி3
ꢥꢶꢛ꣄ꢙꢶ,நிஞ்ஜி
ꢚꢸꢬ꣄,ஜு2ர்
ꢗꢸꢠ꣄ꢜꢶ,சுண்டி
ꢔꢾꢬ꣄ꢙꢥꣁ ꢒꢿꢬ꣄,கெ3ர்ஜனொ கேர்
ꢕꢾꢞꢶ ꢨꣂꢜ꣄,கெ4டி3போட்
ꢪꣁꢥ꣄ꢥꢸꢪ꣄ ꢲꢶꢨ꣄ꢨꢶ,மொன்னும்ஹிப்3பி3
ꢲꢞ꣄ꢮꢶ,ஹட்வி
ꢤꣀꢬ꣄ꢫꢪ꣄ ꢣꢿ,தை4ர்யம்தே3
ꢓꢮꢵꢜ꣄,க2வாட்
ꢥꢴꢥ꣄ ꢚꢾꢔꢸꢜꣁ,ந:ன் ஜெ2கு3டொ3
ꢧꢹꢮ꣄,பூ2வ்
ꢚꢶꢬ꣄ꢒꢶ,ஜி2ர்கி
ꢱꣂꢜ꣄,ஸோட்
ꢆꢡ꣄ꢙꢭ꣄ ꢲꣂ,உத்ஜல் ஹோ
ꢔꢵꢜ꣄,கா3ட்
ꢦꣂꢜ꣄ꢦꢣꢵꢳ꣄꣄ꢒꢾꢬ꣄ꢭꢿ,போட்பதா3ள்கெர்லே
ꢪꢶꢡꢪꢶꢛ꣄ꢗꢶ ꢙꢵ,மிதமிஞ்சி ஜா
ꢙꢵꢔ꣄ꢬꢡꢶ ꢒꢿꢬ꣄,ஜாக்3ரதி கேர்
ꢂꢥ꣄ꢣꢶ,அந்தி3
ꢙꢾꢫ꣄ ꢗꢿꢬ꣄,ஜெய் சேர்
ꢓꢳ꣄ꢭꢾ,க2ள்லே
ꢓꢵꢜ꣄,கா2ட்
ꢫꢡ꣄ꢡꢥ꣄ ꢒꢿꢬ꣄,யத்தன்கேர்
ꢡꢶꢬꢔ꣄ ꢲꢶꢨ꣄ꢨꢶ,திரக்3 ஹிப்3பி3
ꢆꢱꢶꢭ꣄,உஸிள்
ꢨꢵꢠ꣄ ꢱꣂꢜ꣄,பா3ண்ஸோட்
ꢙꢾꢳꢶ ꢙꢵ,ஜெளிஜா
ꢲꢹꢜ꣄,ஹூட்
ꢭꢶꢒ꣄ꢒꢶ,லிக்கி
ꢭꢶꢓꢶ,லிகி2
ꢔꢾꢭ꣄ꢭꢭ꣄ ꢒꢿꢬ꣄,கெ3ல்லல்கேர்
ꢮꢶꢱꢶꢬ꣄,விஸிர்
ꢲꢾꢡꣁ ꢦꣂꢜ꣄,ஹெதொ போட்
ꢔꢵꢳ꣄꣄ꢞꢾ,கா3ள்டே3
ꢤꢾꢬ꣄ꢭꢿ,தெ4ர்லே
ꢌꢗ꣄ꢗꢵꢜ꣄,எச்சாட்
ꢲꢸꢖ꣄ꢔꢵꢜ꣄,ஹுங்கா3ட்
ꢌꢗ꣄ꢗꢜ꣄ꢥꢶ ꢦꣂꢜ꣄,எச்சட்னிபோட்
ꢲꢸꢖ꣄ꢔꢫꢶ ꢙꢵ,ஹுங்க3யி ஜா
ꢤꢞ꣄ꢞꢾ,த4ட்3டே3
ꢦ꣄ꢬꢒ꣄ꢰꢿꢦꢠꣁ ꢒꢿꢬ꣄,ப்ரக்ஷேபணொ கேர்
ꢲꣁꢮꢥ꣄ ꢬꢴꢵ,ஹொவன் ரா:
ꢲꢶꢖ꣄ꢔꢶ,ஹிங்கி3
ꢣꣁꢮ꣄ꢱꢶ,தெ3வ்ஸி
ꢪꢸꢜ꣄ꢜꢶꢬꢴꢵ,முட்டிரா:
ꢪꢸꢞ꣄ꢙꢵ,முட்3ஜா
ꢪꣂꢞ꣄,மோட்3
ꢆꢣ꣄ꢔꢵꢜ꣄,உட்3கா3ட்
ꢆꢣ꣄ꢔꢶ,உட்3கி3
ꢃꢱ꣄ꢬꢫꢶꢭꢶ ꢬꢴꢵ,ஆஶ்ரயிலி ரா:
ꢮꢜ ꢒꢿꢬ꣄,வட கேர்
ꢐꢬ꣄ꢡꣁ ꢬꢴꢵ,ஓர்தொரா:
ꢥꢷꢞꢪ꣄ ꢬꢴꢵ,நீடா3ம் ரா:
ꢦꢵꢬꢵꢫꢠꣁ ꢒꢿꢬ꣄,பாராயணொ கேர்
ꢧꢶꢬꢶꢧꢶꢬꢶ ꢪꢿꢥ꣄,பி2ரிபி2ரி மேன்
ꢏꢦ꣄ꢦꢶꢭꢾ,ஒப்பிலே
ꢐꢒ꣄ꢦꣁꢒꢸꢬ꣄ ꢥꢶꢛ꣄ꢗꢶ,ஓக்போகுர் நிஞ்சி
ꢱꢨ꣄ꢣꢸ ꢒꢾꢬ꣄,ஸப்3து3 கேர்
ꢤ꣄ꢮꢪ꣄ꢱꢸ ꢲꣂ,த்4வம்ஸு ஹோ
ꢤ꣄ꢮꢪ꣄ꢱꢸ ꢒꢿꢬ꣄,த்4வம்ஸு கேர்
ꢔꢾꢳꢶꢶ ꢙꢮꢵꢜ꣄,கெ3ளி ஜவாட்
ꢔꢾꢳꢶꢶ ꢙꢵ,கெ3ளிஜா
ꢭꢶꢒ꣄ꢒꢶꢭꢾ,லுக்கிலே
ꢙꣁꢭꢶꢛ꣄ꢗꢶ,ஜொலிஞ்சி
ꢣꢾꢠ꣄ꢞꢥꣁ ꢡꢿ,தெ3ண்ட3னொதே
ꢗꢾꢬ꣄ꢗꢶ,செர்சி
ꢏꢔꢬꢶ ꢒꢿꢬ꣄,ஒக3ரிகேர்
ꢗꢾꢣꢵꢮ꣄ ꢲꣂ,செடா3வ்ஹோ
ꢣꣁꢮ꣄ꢞꢶ,தொ3வ்டி3
ꢆꢗ꣄ꢗꢵꢜꢠꣁ ꢒꢿꢬ꣄,உச்சாடணொகேர்
ꢗꢾꢮ꣄ꢣꢶ,செவ்தி3
ꢦꢵꢭꢥꣁ ꢒꢿꢬ꣄,பாலனொகேர்
ꢱꢶꢥꢫꢶ ꢙꢵ,ஸினயி ஜா
ꢲꢮ꣄ꢡꢥ꣄ ꢒꢾꢬ꣄ꢭꢾ,ஹவ்டன்கெர்லே
ꢲꢮ꣄ꢜꢶ,ஹவ்டி
ꢲꢜ꣄ꢮꢶ,ஹட்வி
ꢒꣁꢔꢸꢭꢵꢔ꣄,கொடு3லாக்3
ꢦꢷꢳ꣄,பீள்
ꢱꢾꢔ ꢒꢿꢬ꣄,ஸெக3 கேர்
ꢱꢸꢬꢸ ꢦꣂꢜ꣄,ஸுரு போட்
ꢔꢿꢳ꣄,கே3ள்
ꢣꢵꢜ꣄,தா3ட்
ꢤꢶꢭ꣄ꢭꣁ ꢲꣂ,தி4ல்லொ ஹோ
ꢗꣁꢞ꣄ꢞꢦꣁꢞꢶ ꢙꢮꢵꢜ꣄,சொட்3ட3 பொடி3 ஜவாட்
ꢦꢬ꣄ꢮꢡ꣄ ꢒꢿꢬ꣄,பர்வத் கேர்
ꢗꢵꢮ꣄,சாவ்
ꢨꢶꢱ꣄ꢱꣁ ꢙꢵ,பி3ஸ்ஸொ ஜா
ꢔꢸꢱꢹꢳ,கு3ஸுள்
ꢥꢶꢬꢷꢒ꣄ꢰꢠꣁ ꢒꢿꢬ꣄,நிரீக்ஷணொ கேர்
ꢂꢮꢥ꣄ꢗꢵꢭ꣄ ꢱꢖ꣄ꢔꢶ,அவன்சால் ஸங்கி3
ꢒꢾꢡ꣄ꢬꢶꢒ꣄ꢒꢾ ꢲꣁꢬ꣄ ꢒꢵꢜ꣄,கெத்ரிக்கெ ஹோர் காட்
ꢬꢾꢗ꣄ꢗꣁ ꢡꢵꢫ꣄ ꢩꢮꢵꢜ꣄ ꢡꢵꢫ꣄,ரெச்சொ தாய் ப4வாட் தாய்
ꢕꢾꢞꢶꢨꣁꢮ꣄,கெ4டி3 போ3வ்
ꢒꢸꢖBꢔꢶ ꢬꣂꢜ꣄,குங்கி3ரோட்
ꢓꢾꢥꢶ ꢔꢵꢮ꣄,கெ2னி கா3வ்
ꢮꢱ꣄ꢥꣁ ꢣꢾ,வஸ்னொ தே3
ꢒꢾꢬ ꢒꢾꢬ ꢒꢿꢬ꣄,கெரகெர கேர்
ꢚꢵꢫ꣄,ஜா2ய்
ꢪꢷꢜ꣄ꢒꢥꢶ ꢭꢵꢔ꣄,மீட்கனி லாக்3
ꢒꢳꣁ ꢲꣁꢱ꣄ꢡꢶꢱꣁ ꢙꢵꢭ꣄,களொ ஹோஸ்திஸொ ஜாள்
ꢂꢨꢶꢦ꣄ꢬꢵꢫ꣄ ꢦꣁꢜ꣄,அபி3ப்ராய் போட்
ꢕꢸꢭꢫꢶ ꢙꢵ,கு4லயி ஜா
ꢒꢾꢬꢶꢖ꣄ꢔꢶ ꢙꢵ,கெரிங்கி3 ஜா
ꢕꢸꢭꢵꢜ꣄,கு4லாட்
ꢒꢾꢬꢸꢖ꣄ꢔꢵꢜ꣄,கெருங்கா3ட்
ꢱꢶꢒ꣄ꢒꢶ,ஸிக்கி
ꢪꢶꢱ꣄ꢬꢠꣁ ꢒꢿꢬ꣄,மிஶ்ரணொ கேர்
ꢱꢾꢣ꣄ꢣꢸ ꢡꢵꢫ꣄,ஸெத்3து3 தாய்
ꢒꢮ꣄ꢭꢫꢶꢬꢴꢵ,கவ்லயிரா:
ꢂꢯ꣄ꢬꢿꢠꢶꢲꣁ,அஶ்ரேணி ஹோ
ꢂꢯ꣄꣄ꢬꢿꢠꢶ ꢒꢿꢬ꣄,அஶ்ரேணி கேர்
ꢃꢒꢬ꣄ꢰꢶ,ஆகர்ஷி
ꢩꣁꢬꢶꢙꢵ,பொ4ரி ஜா
ꢡꢾꢭ꣄ꢒꢫꢶ ꢙꢵ,தெல்கயி ஜா
ꢲꢸꢞꣁ ꢡꢶꢞꣁ ꢕꢭꢫꢶ ꢙꢵ,ஹுடொ3திடொ3 க4லயி ஜா
ꢤꢶꢭ꣄ꢭꣁꢦꣁꢜ꣄,தி4ல்லொபோட்
ꢲꢾꢞꢶ ꢡꢵꢫ꣄,ஹெடி3தாய்
ꢣꢶꢥ꣄ꢥꢸ ꢙꢮꢵꢜ꣄,தி3ன்னு ஜவாட்
ꢩꢷꢜ꣄,பீ4ட்
ꢱꢷꢥ꣄ꢦꣁꢥ꣄ꢣꢶ,ஶீன்பொந்தி3
ꢱꢶꢒ꣄ꢒꢵꢜ꣄,ஸிக்காட்
ꢣꢹꢡ꣄ ꢦꢷꢳ꣄,தூ3த் பீள்
ꢗꢸꢜ꣄ꢜꢸ ꢧꢷꢬ꣄ꢮꢶ,சுட்டுபி2ர்வி
ꢗꢸꢜ꣄ꢜꢸ ꢧꢷꢬ꣄,சுட்டுபீ2ர்
ꢱꢵꢦꢥꣁ ꢣꢿ,ஸாபனொ தே3
ꢦꣁꢳ꣄ꢳꣁ ꢲꣂ,பொள்ளொ ஹோ
ꢣꢾꢒ꣄ꢒꢵꢜ꣄,தெ3க்காட்
ꢦꢶꢬꢿꢮ꣄ ꢒꢿꢬ꣄,ப்ரேவ்கேர்
ꢱꢸꢒ꣄ꢒꢶ ꢙꢵ,ஸுக்கிஜா
ꢡꢦ꣄ꢦꢶ ꢙꢵ,தப்பி ஜா
ꢒꢫ꣄ꢭꣁ ꢣꢾ,கய்லொ தே3
ꢡꢦꢵꢜ꣄,தபாட்
ꢂꢨ꣄ꢨꢳ꣄ꢳꢿ,அப்3ப3ள்ளே
ꢦꣁꢞ꣄ ꢬꢴꢵ,பொட்3 ரா:
ꢥꢶꢖ꣄ꢙꢵꢜ꣄,நிஞ்ஜாட்
ꢓꢶꢠ꣄ꢓꢶꢠꢵꢜ꣄ ꢒꢪ꣄ꢦꢥꣁ ꢒꢿꢬ꣄,கி2ண்கிணாட்
ꢂꢨ꣄ꢨꢱ꣄ꢡꢶꢱꣁ ꢬꢴꢵ,அப்3ப3ஸ்திஸொ ரா:
ꢥꣁꢠ꣄ꢜꢶꢭꢶꢗꢵꢭ꣄,நொண்டி3லிசால்
ꢚꢹꢬ꣄ ꢆꢜ꣄ꢗꢶꢭꢾ,ஜூ2ர்
ꢔ꣄ꢬꢲꢥꣁ ꢒꢿꢬ꣄,உட்சிலே
ꢩꢜ꣄ꢜꢶ ꢙꢵ,ப2ட்டி ஜா
ꢩꢵꢜ꣄,பா2ட்
ꢥꢶꢔꢶꢳꢵꢜ꣄,நிகி3ளாட்
ꢥꢶꢔꢳ꣄,நிகி3ள்
ꢒꢮ꣄ꢭꢶꢱꣂꢜ꣄,கவ்லிஸோட்
ꢯꢵꢓꣁ ꢱꣂꢜ꣄,ஶாகொ2 ஸோட்
ꢣꣁꢱ꣄ꢒꣁ ꢗꢸꢜ꣄ꢜꢸ ꢧꢷꢬ꣄,தொ3ஸ்கொசுட்டு பீ2ர்
ꢕꢶꢬ꣄ꢒꢶ,கி4ர்கி
ꢒꣁꢮ꣄ꢬꢶ,கொவ்ரி
ꢱꢾꢣ꣄ꢣꢸ ꢱꢨꣁ ꢒꢿꢬ꣄,ஸெத்3து3 ஸபொ3 கேர்
ꢕꢸꢮꣁ ꢒꢿꢬ꣄,கூ4வொ கேர்
ꢮ꣄ꢫꢮꢱ꣄ꢢꣁ ꢥꢴꢷꢡ꣄ꢡꢶꢱꣁ ꢒꢿꢬ꣄,வ்யவஸ்தொ2 நீ:த்திஸொ கேர்
ꢮ꣄ꢫꢮꢱ꣄ꢢꣁ ꢥꢴꢷꢡ꣄ꢡꢶꢱꣁ ꢲꣁ,வ்யவஸ்தொ2 நீ:த்திஸொ ஹோ
ꢃꢒꢬ꣄ꢰꢥꣁ ꢒꢿꢬ꣄,ஆகர்ஷனொ கேர்
ꢔꢸꢱꢸꢔꢸꢱꢸ ꢒꢿꢬ꣄,கு3ஸுகு3ஸு கேர்
ꢔꢸꢣ꣄ꢣꢶ,கு3த்3தி3
ꢗꢮꢶ ꢒꢵ,சவி கா2
ꢤꢸꢖ꣄ꢒꢶ,து4ங்கி
ꢒꢸꢰꢵꢭ꣄ ꢒꢿꢬ꣄,குஷால்கேர்
ꢲꢳ꣄ꢳꢸ ꢔꢸꢣ꣄ꢣꢶ,ஹள்ளுகு3த்3தி3
ꢔꣂꢦꢸꢬ꣄ ꢒꢾꢬꢱ꣄ꢡꢾ,கொ3பு3ர்கெரஸ்தே
ꢪꣁꢥ꣄ꢥꢸꢪ꣄ ꢲꢸꢳꣁ ꢦꢾꢮ꣄ꢞꢫ ꢶꢬꢴꢵ,மொன்னும்ஹுளொபெவ்ட3யி ரா:
ꢭꢸꢪ꣄ꢦ꣄ꢶꢭꢿ,லும்பிலே
ꢭꢸꢪ꣄ꢦꢵꢜ꣄,லும்பாட்
ꢧꢸꢭꢵꢧꢸꢭꢶꢣꢾꢒ꣄ꢒꢵꢜ꣄,பு2லாபு2லிதெ3க்காட்
ꢱꣁꢥ꣄ꢡꣁꢰ꣄ ꢦꣁꢥ꣄ꢣꢶ,ஸொந்தோஷ் பொந்தி3
ꢒꢸꢣꢹꢲꢭ꣄ ꢦꣁꢥ꣄ꢣꢶ,குதூஹல்பொந்தி3
ꢂꢭ꣄ꢮꢵꢜ꣄,ஹல்வாட்
ꢂꢭ꣄ꢭꢶ,ஹல்லி
ꢱꢪ꣄ꢪꢶꢯ꣄ꢬꢠꣁ ꢲꣁꢫ꣄ꢬꢴꢵ,ஸம்மிஶ்ரணொ ஹொய் ரா:
ꢪꢸꢭ꣄ꢭ ꢧꢭ꣄ꢭꣁ ꢲꣁꢫ꣄ ꢬꢴꢵ,முல்லப2ல்லொ ஹொய் ரா:
ꢒꢮ꣄ꢭꢫꢶ ꢬꢴꢵ,கவ்லயி ரா:
ꢪꢸꢭ꣄ꢭ ꢧꢭ꣄ꢭꣁ ꢒꢿꢬ꣄,முல்ல ப2ல்லொ கேர்
ꢒꢮ꣄ꢭꢶ ꢡꢵꢫ꣄,கவ்லி தாய்
ꢒꢸꢥꢪꢶꢖ꣄ꢗꢶꢫꢶ ꢬꢴꢵ,குமிஞ்சயி ரா:
ꢒꢸꢪꢶꢖ꣄ꢗꢶ ꢢꣁꢮ꣄,குமிஞ்சிதோ2வ்
ꢭꢸꢪ꣄ꢦꢶ,லும்பி
ꢭꢸꢪ꣄ꢦꢫꢶ ꢬꢴꢵ,லும்பயி ரா:
ꢔꣁꢳꢔꣁꢳꢫꢶ ꢮꢡ꣄ꢡꣁ ꢒꢾꢬ꣄,கொ3ளகொ3ளயி வத்தொ கேர்
ꢦꣁꢭ꣄ꢭꢪ꣄ ꢦꣂꢜ꣄,பொல்லம்போட்
ꢦꣁꢭ꣄ꢭꢪ꣄ ꢒꢾꢬ꣄,பொல்லம்கேர்
ꢦꣁꢭ꣄ꢭꢪ꣄ ꢒꣁꢮ꣄ꢬꢶ,பொல்லம் கொவ்ரி
ꢙꢾꢡ ꢗꢿꢬ꣄,ஜெதசேர்
ꢒꢮ꣄ꢭꢫꢶ ꢬꢴꢵ,கவ்லயிரா:
ꢱ꣄ꢥꢵꢥ꣄ ꢒꢿꢬ꣄,ஸ்நான்கேர்
ꢃꢖ꣄ꢔꢸ ꢤꢹꢮ꣄,ஆங்கு3தூ4வ்
ꢱꢶꢳ꣄ꢳꢦꣂꢜ꣄,ஸிள்ளபோட்
ꢔꢸꢣ꣄ꢣꢶ,தேஸ்
ꢒꢸꢬ꣄ꢗꢶꢭꢾ,குர்சிலே
ꢥꢴꢥ꣄ꢥ ꢒꢿꢬ꣄,ந:ன்னொகேர்
ꢆꢥ꣄ꢥꣁ ꢒꢿꢬ꣄,உன்னொ கேர்
ꢥꢴꢥ꣄ꢥꢲꣁ,ந:ன்னொஹோ
ꢪꣁꢥ꣄ꢥꢸꢪ꣄ꢒꢸꢱ꣄ꢒꢫꢶ ꢬꢴꢵ,மொன்னும்குஸ்கயி ரா:
ꢆꢥ꣄ꢥꣁ ꢲꣁꢫ꣄ꢬꢴꢵ,உன்னொ ஹொய் ரா:
ꢆꢥ꣄ꢥꣁ ꢒꢿꢬ꣄,உன்னொகேர்
ꢏꢖ꣄ꢔꢶ,ஒங்கி3
ꢏꢖ꣄ꢔꢵꢜ꣄,ஒங்கா3ட்
ꢭꢵꢱ꣄,லாஸ்
ꢭꢙ꣄ꢙꣁ ꢦꣁꢥ꣄ꢣꢶ,லஜ்ஜொ பொந்தி3
ꢗꢾꢬ꣄ꢭꢿ,செர்லே
ꢲꢵꢡ꣄ ꢙꢾꢡ ꢗꢾꢬ꣄ꢗ꣄ꢗꢶ,ஹாத்ஜெதசெர்சி
ꢬꢾꢗ꣄ꢗ ꢡꢵꢫ꣄,ரெச்சொதாய்
ꢪꢿꢠ꣄,மேன்
ꢏꢖ꣄ꢒꢶ,ஒங்கி3
ꢱ꣄ꢮꢦ꣄ꢬꢡꢵꢦ꣄ ꢒꢾꢬ꣄ꢭꢿ,ஸ்வப்ரதாப் கெர்லே
ꢒꢾꢖ꣄ꢙꢶ,கெஞ்ஜி
ꢪꢔꢶꢭꢾ,மகி3லே
ꢥꢵꢯ꣄,நாஶ்
ꢥꢯꢥꣁ ꢲꣂ,நாஶனொஹோ
ꢙꢾꢔꢸꢖ꣄ꢗꢶ,ஜெகி3ஞ்சி
ꢙꢷꢔ꣄,ஜீக்3
ꢨꢸꢱ꣄ꢒꢸꢜ꣄ꢜꢶ ꢬꣂꢜ꣄,பு3ஸ்குட்டிரோட்
ꢎꢒꢶ,ஐகி
ꢂꢪ꣄ꢨꢜ꣄ ꢬꢴꢵ,அம்ப3ட் ரா:
ꢲꣁ,ஹோ
ꢔꢸꢜ꣄ꢜꢸꢡꢵꢫ꣄,குட்டுதாய்
ꢜꢖ꣄ꢒꢥꣁ ꢒꢿꢬ꣄,டங்கனொ கேர்
ꢒꣁꢡ꣄ꢡꢶ,கொத்தி
ꢡꢦꢫꢶ ꢙꢵ,தபயி ஜா
ꢲꢸꢨ꣄ꢨꢶ,ஹுப்3பி3
ꢱꢸꢙ꣄ꢙꢶ,ஸுஜ்ஜி
ꢡꣂꢠꢸꢪ꣄ ꢔꣁꢳꣁ ꢒꢿꢬ꣄,தோணும் கொ3ளொ கேர்
ꢡꣂꢠ꣄ ꢔꣁꢳꣁ ꢒꢿꢬ꣄,தோண் கொ3ளொ கேர்
ꢡꣂꢜ꣄,தோட்
ꢪꣁꢬꢵꢜ꣄,மொராட்
ꢧꢖ꣄ꢔꢶꢜ꣄,ப2ங்கி3ட்
ꢪꢥ꣄ꢣꣁ ꢗꢿꢜ꣄,மந்தொ3சேட்
ꢢꣁꢮ꣄ꢭꢾ,தொ2வ்லே
ꢩꣁꢬ꣄ꢮꢶ,பொ4ர்வி
ꢭꢔꢵꢜ꣄,லகா3ட்
ꢗꢾꢮ꣄ꢛ꣄ꢗꢶ,செவ்ஞ்சி
ꢏꢬ꣄ꢦꢶ,ஒர்பி
ꢬꢵꢒ꣄ ꢂꢥ꣄ꢭꢾ,ராக்அன்லே
ꢨꣁꢪ꣄,போம்
ꢪꢔꢶꢭꢿ,மகி3லே
ꢪꢾꢥ꣄ꢭꢿ,மென்லே
ꢒ꣄ꢰꢪꣁ ꢒꢾꢬ꣄ꢭꢿ,க்ஷமொ கெர்லே
ꢗꢶꢜꢸꢗꢶꢞꢵꢜ꣄,சிடு3சிடா3ட்
ꢯꢶꢡꢶꢭꢶ ꢙꢵ,ஶிதிலி ஜா
ꢗꢾꢣꢶꢭꢶꢙꢵ,செதி3லி ஜா
ꢣ꣄ꢒ꣄ꢒꢶ,தெ3க்கி
ꢪꢷꢭ꣄,மீள்
ꢱꢾꢥ꣄ꢣꢿꢮ꣄ꢦꣂꢜ꣄,ஸெந்தே3வ்போட்
ꢗꢵꢜ꣄,சாட்
ꢚꢹꢬ꣄,ஜூ2ர்
ꢱꢨꢶꢖ꣄ꢗꢶ,ஸபி3ஞ்சி
ꢗꢵꢭ꣄,சால்
ꢙꣁꢞꢸꢖ꣄ꢗꢶ,ஜொடு3ஞ்சி
ꢣꢷ ꢗꢾꢬ꣄ꢗꢶ,தீ3 செர்சி
ꢤꢞ꣄ꢞꢿ,த4ட்3டே3
ꢥꢶꢬ꣄ꢮꢵꢲ꣄ ꢒꢿꢬ꣄,நிர்வாஹ் கேர்
ꢱꢛ꣄ꢗꢵꢭꢥꣁ ꢒꢿꢬ꣄,ஸஞ்சாலனொ கேர்
ꢭꢾꢔꢸꢡ꣄ꢡꣁ ꢙꢵ,லெகு3த்தொஜா
ꢗꢵꢭ꣄ꢲꣁ,சால்ஹோ
ꢬꢸꢡꢸꢲꣁ,ருது ஹோ
ꢲꢥ꣄ꢣꢶ,ஹந்தி3
ꢏꢠ꣄ꢜ꣄ꢫꢦꣁꢔꢸꢪ꣄ ꢏꢖ꣄ꢔꢶ,ஒண்ட்யபோகு3ம் ஒங்கி3
ꢏꢠ꣄ꢜ꣄ꢫꢦꣂꢔꢸꢪ꣄ ꢏꢖ꣄ꢔꢵꢜ꣄,ஒண்ட்யபோகு3ம் ஒங்கா3ட்
ꢒꣁꢛ꣄ꢗꢶꢥ ꢶꢮꢗꢥ꣄ ꢒꢿꢬ꣄,கொஞ்சினி வசன் கேர்
ꢱꢭ꣄ꢭꢵꢦꢸ ꢮꢗꢥ꣄ ꢒꢿꢬ꣄,ஸல்லாபு வசன் கேர்
ꢱꢶꢥꢫꢶ ꢙꢵ,ஶினயி ஜா
ꢚꢶꢬ꣄ꢒꢶ ꢦꣂꢜ꣄,ஜி2ர்கி போட்
ꢗꢸꢒ꣄ꢱꢖ꣄ꢔꢶ,சூக்ஸங்கி3
ꢣꣂꢰ ꢃꢬꣂꢦꢠꣁ,தோ3ஷ ஆரோபணொ
ꢱ꣄ꢢꢶꢬꣁ ꢒꢿꢬ꣄,ஸ்தி2ரொகேர்
ꢦꣂꢒ꣄ ꢏꢖBꢔꢶ,போக்ஒங்கி3
ꢦꣂꢒ꣄ ꢏꢖBꢔꢵꢜ꣄,போக்ஒங்கா3ட்
ꢥꣁꢪ꣄ꢪꢶꢭꢶ ꢬꢴꢵ,நொம்மிலிரா:
ꢏꢬ꣄ꢔꢵꢜ꣄,ஒர்கா3ட்
ꢒꢳꢵꢜ꣄,களாட்
ꢦ꣄ꢬꢒꢜꢥꣁ ꢒꢿꢬ꣄,ப்ரகடனொ கேர்
ꢱꢪ꣄ꢜꢶꢥꢶ ꢦꣂꢜ꣄,ஸம்டினி போட்
ꢱꢪ꣄ꢜꢶ,ஸம்டி
ꢬꢵꢒ꣄ ꢣꢾꢒ꣄ꢒꢵꢜ꣄,ராக்தெ3க்காட்
ꢪꣁꢠ꣄ꢔꢵꢜ꣄,மொண்கா3ட்
ꢲꢵꢮꢩꢵꢮ꣄ ꢒꢿꢬ꣄,ஹாவபா4வ் கேர்
ꢪꣁꢠ꣄ꢔꢶ,மொண்கி3
ꢬꢹꢦ꣄ꢒꢾꢬ꣄,ரூப்கேர்
ꢗꢶꢡ꣄ꢡꢬ꣄ ꢒꢿꢬ꣄,சித்தர் கேர்
ꢂꢨ꣄ꢨꢞ꣄ꢭꢿ ꢂꢨꢞ꣄ꢭꢿ,அப்3ப3ட்3லே அப3ட்3லே
ꢗꢾꢣꢸꢬ꣄,செது3ர்
ꢮꢶꢒꢷꢬ꣄ꢠꢸ ꢲꣁꢫ꣄ ꢙꢵ,விகீர்ணு ஹொய் ஜா
ꢗꢾꢣꢸꢬꢵꢜ꣄,செது3ராட்
ꢮꢶꢒꢷꢬ꣄ꢠꢸ ꢒꢾꢬ꣄,விகீர்ணு கேர்
ꢥꢾꢱ꣄ꢒꢶ,நெஸ்கி
ꢫꣂꢱꢥꣁ ꢒꢿꢬ꣄,யோசனொகேர்
ꢭꢸꢗ꣄ꢗꢵꢜ꣄,லுச்சாட்
ꢗꢶꢬꢵꢫ꣄ꢥꢶ ꢦꣂꢜ꣄,சிரய்னிபோட்
ꢲꢵꢱ꣄,ஹாஸ்
ꢱꣁꢮ꣄ꢬꢪ꣄ ꢒꢾꢬ꣄,ஸொவ்ரம்கேர்
ꢬꣂꢪꢵꢛ꣄ꢗꣁ ꢲꣁꢫ꣄ꢭꢿ,ரோமாஞ்சொ ஹொய்லே
ꢡꣁꢠꣁ ꢡꣁꢠꣁ ꢒꢿꢬ꣄,தொணொ தொணொ கேர்
ꢭꢴꣁꢮꣁ ꢦꣂꢜ꣄,லொ:வொபோட்
ꢥꢴꢥ꣄ꢥ ꢲꣂ,ந:ன்னொஹோ
ꢬꢵꢒ꣄ ꢂꢮꢵꢜ꣄,ராக் அவாட்
ꢆꢱ꣄ꢦꢶ ꢱꣂꢜ꣄,உஸ்பி ஸோட்
ꢔꢮ꣄ꢖ꣄ꢗꢶ,க3வ்ஞ்சி
ꢙꢷꢬ꣄ꢠꢸꢒꢿꢬ꣄,ஜீர்ணுகேர்
ꢪꣁꢥꣁ ꢒꢿꢬ꣄,மொனொ கேர்
ꢬꢵꢒ꣄ ꢂꢮꢞꢳꢿ,ராக்அவட்3ளே
ꢔꢸꢬ꣄ꢡꢸ ꢒꢳꢵꢜ꣄,கு3ர்து களாட்
ꢩꢸꢛ꣄ꢙꢶ,பு4ஞ்ஜி
ꢭꢵꢮ꣄,லாவ்
ꢪꢶꢜ꣄ꢜꢶ,மிட்டி
ꢦꢱ꣄ꢡꣁꢒ꣄ꢒꢶ,பஸ்தொக்கி
ꢯꢸꢣ꣄ꢣꢶ ꢒꢿꢬ꣄,ஶுத்3தி4கேர்
ꢡꢸꢒ꣄ꢒꢶ,துக்கி
ꢮꢵꢮ꣄,வாவ்
ꢡꢸꢒ꣄ꢒꢵꢜ꣄,துக்காட்
ꢒꢸꢖ꣄ꢒꢶ,குங்கி
ꢂꢒ꣄ꢒꢸꢬꣁꢒꢿꢬ꣄,அக்குரொகேர்
ꢒꢸꢖ꣄ꢔꢫꢶ ꢙꢵ,குங்க3யி ஜா
ꢂꢒ꣄ꢒꢸꢬꣁ ꢲꣁ,அக்குரொ ஹோ
ꢂꢮ꣄ꢱꢬ꣄ ꢦꣁꢜ꣄,அவ்ஸர் போட்
ꢔꢸꢮ꣄ꢠꢶ,கு3வ்ணி
ꢔꣁꢳꣁ ꢒꢿꢬ꣄,கொ3ளொ கேர்
ꢔꢸꢠ꣄ꢮꢫꢶ ꢬꢴꢵ,கு3ண்வயிரா:
ꢔꣁꢳꣁ ꢲꣁꢫ ꣄ꢬꢴꢵ,கொ3ளொ ஹொய் ரா:
ꢯ꣄꣄ꢮꢵꢱꣁ ꢒꢿꢬ꣄,ஶ்வாஸொகேர்
ꢬꢸꢗ꣄ꢗꢶ ꢱꢵ,ருச்சிஸா
ꢧꢷꢬ꣄,பீ2ர்
ꢧꢶꢬ꣄ꢮꢶꢶ,பி2ர்வி
ꢧꢶꢬꢵꢜ꣄,பி2ராட்
ꢅꢠ꣄ꢒꢶ,இண்கி
ꢲꢶꢠ꣄ꢞꢶ,ஹிண்டி3
ꢒ꣄ꢬꢷꢜꢶ ꢕꢵꢭ꣄,க்ரீடிகா4ல்
ꢕꢵꢭ꣄,கா4ல்
ꢗꢾꢮꢸꢛ꣄ꢗꢶ,செவுஞ்சி
ꢥꢴꢵꢥ꣄ ꢲꣁ,நா:ன்ஹோ
ꢗꢸꢜ꣄ꢜꢸꢬ꣄ ꢬꢴꢵ,சுட்டுர்ரா:
ꢗꢾꢒ꣄ꢒꢶ,செக்கி
ꢟꢖ꣄ꢒꢶ,ட2ங்கி
ꢥꢵꢪ ꢙꢦꣁ ꢒꢿꢬ꣄,நாம ஜபொ கேர்
ꢦ꣄ꢬꢵꢬ꣄ꢢꢥꣁ ꢒꢿꢬ꣄,ப்ரார்த2னொ கேர்
ꢙꢷꢬ꣄ꢠꢸꢲꣁ,ஜீர்ணுஹோ
ꢒꢿꢬ꣄,கேர்
ꢙꢶꢬ꣄ꢪꢵꢥ꣄ ꢲꣂ,ஜிர்மான்ஹோ
ꢡꢸꢬꢵꢜ꣄,துராட்
ꢕꢞꢶ ꢒꣁꢮ꣄ꢬꢶ,க4டி3 கொவ்ரி
ꢙꢮꢵꢜ꣄,ஜவாட்
ꢗꢸꢨꢶꢜ꣄ꢗꢸ ꢦꣁꢥ꣄ꢣꢶ,சுபி3ட்சுபொந்தி3
ꢆꢬꢵꢮ꣄ ꢒꢿꢬ꣄,உராவ்கேர்
ꢙꢷꢗꢿꢬ꣄,ஜீசேர்
ꢦꢵꢄꢪ꣄ꢦꣁꢜ꣄,பாஇ~ம்போட்
ꢪꢾꢖ꣄ꢔꢶ,மெங்கி3
ꢨꣁꢜ꣄ꢜꢸ ꢦꣂꢜ꣄,பொ3ட்டுபோட்
ꢗꢶꢞꢸꢒ꣄ꢒꢸ ꢡꢵꢫ꣄,சிடு3க்குதாய்
ꢧꢸꢭꢸ ꢦꣁꢮ꣄ꢱ꣄ꢦꣂꢜ꣄,பூ2லு பொவ்ஸ்போட்
ꢡꢾꢜ꣄ꢜꢸ ꢪꢸꢜ꣄ꢜꢶ,தெட்டுமுட்டி
ꢡꢾꢠ꣄ꢞꢥꣁ ꢣꢿ,தெ3ண்ட3னொதே3
ꢂꢠ꣄ꢗꢫꢶ ꢬꢴꢵ,அண்சயி ரா:
ꢂꢠ꣄ꢗꢶ,அண்சி
ꢡꢾꢡ꣄ꢡꢳꢶꢛ꣄ꢗꢶ,தெத்தளிஞ்சி
ꢡꢾꢭ꣄ꢒꢶ,தெல்கி
ꢡꣁꢨꢸꢛ꣄ꢗꢵꢜ꣄,தொபு3ஞ்சாட்
ꢡꣁꢨꢸꢛ꣄ꢗꢶ,தொபி3ஞ்சி
ꢦꢥ꣄ꢪꢭ꣄ꢒꢾ ꢦꣂꢜ꣄,பன்மல்கெ போட்
ꢣꢬ꣄ꢰꢠꣁ ꢒꢿꢬ꣄,த3ர்ஷணொகேர்
ꢮꢶꢮꢵꢡ꣄ ꢒꢿꢬ꣄,விவாத்3கேர்
ꢨꣁꢮꢥ꣄ ꢤꢜ꣄ꢞꢾ,பொ3வன்த4ட்டே3
ꢕꣁꢠꢖ꣄ꢒꣁꢠꢵꢫ꣄ ꢒꢿꢬ꣄,கொ4ணங்கொணாய்கேர்
ꢏꢞ꣄ꢙꢵ,ஒட்3ஜா
ꢂꢭ꣄ꢭꢵꢜ꣄,அல்லாட்
ꢥꢴꢷꢡ꣄ꢡꣁ ꢲꣁꢮꢵꢜ꣄,நீ:த்தொஹொவாட்
ꢔꣁꢳ ꢔꣁꢳꢵꢜ꣄,கொ3ளகொ3ளாட்
ꢓꢮ꣄ꢙꢶ,க2வ்ஜி
ꢦꢬꢷꢒ꣄ꢰꣁ ꢒꢿꢬ꣄,பரீக்ஷொகேர்
ꢗꣁꢒ꣄ꢒꢜ꣄ ꢲꣁ,சொக்கட் ஹோ
ꢯꢷꢥ꣄ ꢭꢒꢫ꣄ꢭꢾ,ஶீன்லக3ய்லே
ꢧꢸꢜ꣄ꢜꢶ ꢦꣂꢜ꣄,பு2ட்டி போட்
ꢤ꣄ꢮꢪ꣄ꢯꢸ ꢲꣂ,த்4வம்ஶு ஹோ
ꢩꣁꢞꢶꢡꢵꢫ꣄,பொ2டி3தாய்
ꢩꣁꢔ ꢩꣁꢔꢫꢶ ꢬꢴꢵ,பொ4க3பொ4க3யி ரா:
ꢡꢦꢫꢶ ꢬꢴꢵ,தபயி ரா:
ꢬꢴꢷꢭꢿ,ரீ:லே
ꢬꢴꢾꢫ꣄ꢭꢿ,ரெ:ய்லே
ꢡꢾꢜ꣄ꢜꢶ,தெட்டி
ꢂꢮ꣄ꢞꣂꢦꣁꢜ꣄,அவ்டொ3போட்
ꢲꢶꢨ꣄ꢨꢵꢞ꣄,ஹிப்3பா3ட்3
ꢒꢨꢶꢭꢿ,கபி3லே
ꢃꢭꢶꢖ꣄ꢔꢥꣁ ꢒꢿꢬ꣄,ஆலிங்க3னொ கேர்
ꢦꣁꢜꢭꢶ ꢩꢥ꣄ꢣꢶꢭꢿ,பொடலி ப4ந்தி3லே
ꢗꢸꢨꢶꢜ꣄ꢗꢸꢒꢥ꣄ ꢬꢴꢵ,சுபி3ட்சுகன் ரா:
ꢤꢶꢭ꣄ꢭꣁ ꢦꣂꢜ꣄,தி4ல்லொபோட்
ꢤꢶꢭ꣄ꢭꣁ ꢒꢿꢬ꣄,தி4ல்லொகேர்
ꢗꢶꢒꢸꢥ꣄,சிகுர்
ꢪꢸꢒꢸꢬ꣄,முகுர்
ꢏꢠ꣄ꢜꢶꢒꢥ꣄ ꢬꢴꢵ,ஒண்டிகன்ரா:
ꢃꢒ꣄ꢬꢪꢥꣁ ꢒꢿꢬ꣄,ஆக்ரமனொ கேர்
ꢱꢮꢥ꣄ꢒꢾꢬ꣄ꢭꢿ,ஸவன்கெர்லே
ꢮꢲꢶꢭꢾ,வஹிலே
ꢬꢴꢒ꣄ꢒꢶ,ர:க்கி
ꢡꢪꢱ꣄ꢒꢿꢬ꣄,தமஸ் கேர்
ꢱ꣄ꢢꢶꢬꣁ ꢒꢿꢬ꣄,ஸ்தி2ரொ கேர்
ꢆꢭ꣄ꢭꢖ꣄ꢔꢶ,உல்லங்கி3
ꢚꢵꢖ꣄ꢔꢶ,ஜா2ங்கி3
ꢓꢵꢭ꣄ꢙꢵ,கா2ல் ஜா
ꢓꢵꢭ꣄ꢒꢿꢬ꣄,கா2ல்கேர்
ꢧꣁꢠ꣄ꢠꢶ ꢣꢾ,பொ2ண்ணி தே3
ꢡꢶꢒ꣄ꢒꢶ ꢮꢡ꣄ꢡꣁ ꢒꢿꢬ꣄,திக்கி வத்தொ கேர்
ꢓ꣄ꢫꢵꢣꢶ ꢦꣁꢥ꣄ꢣꢶ,க்2யாதி3 பொந்தி3
ꢒꢷꢬ꣄ꢡꢶ ꢦꣁꢥ꣄ꢣꢶ,கீர்தி பொந்தி3
ꢨꢾꢣꢶꢬ꣄,பெ3தி3ர்
ꢔꢵꢭ꣄ꢞꢾ,கா3ள்டே3
ꢂꢭ ꣄ꢦꣁꢥ꣄ꢣꢶ,அல்பொந்தி3
ꢲꢸꢨ꣄ꢨꢱ꣄,ஹுப்3ப3ஸ்
ꢡꢶꢠ꣄ꢗꢶ,திண்சி
ꢔꢸꢳ꣄ꢳꢾ ꢲꢵꣂ,கு3ள்ளெ ஹோ
ꢧꢶꢬ꣄ꢮꢶ,பி2ர்வி
ꢧꢶꢬ꣄,பீ2ர்
ꢤ꣄ꢫꢥ꣄ ꢒꢿꢬ꣄꣄,த்4யான் கேர்
ꢐꢒ꣄ ꢒꢿꢬ꣄,ஓக் கேர்
ꢙꢾꢡꣁ ꢒꢿꢬ꣄,ஜெதொ கேர்
ꢔꢸꢪ꣄ꢦꢶ,கு3ம்பி
ꢱꢾꢬ꣄ꢒꣁ ꢒꢿꢬ꣄,ஸெர்கொ கேர்
ꢱꢾꢬ꣄ꢒꣁ ꢲꣂ,ஸெர்கொ ஹோ
ꢱꣁꢪ꣄ꢦꢶ,ஸொம்பி
ꢱꢥ꣄ꢡꢸꢰ꣄ꢜꢶ,ஸந்துஷ்டி
ꢲꢸꢔꢸꢞ꣄,ஹுகு3ட்3
ꢗꢶꢡ꣄ꢬꢸ ꢒꢿꢬ꣄,சித்ரு கேர்
ꢙꢭꢵꢜ꣄,ஜளாட்
ꢡꢶꢬꢫꢶ ꢙꢵ,திரயி ஜா
ꢡꢶꢬ꣄ꢗꢶ,திர்சி
ꢡꢶꢬ꣄ꢪꢵꢥ꣄ ꢒꢾꢬ꣄,திர்மான்கேர்
ꢪꢾꢬ꣄ꢦꢸꢭ꣄ ꢒꢿꢬ꣄,மெர்புல் கேர்
ꢥꢶꢛ꣄ꢗꢶ,நிஞ்ஜி
ꢲꣁꢖ꣄ꢔꢸ ꢂꢮꢞ꣄ꢳꢿ,ஹோங்கு3 அவட்3ளே
ꢲꢬꢸꢪ꣄ꢨꢪ꣄ꢒꢾꢬ꣄,ஹரும்ப3ம்கேர்
ꢲꢬꢸꢪ꣄ꢨꢪ꣄ ꢲꣂ,ஹரும்ப3ம்ஹோ
ꢔꢸꢠ꣄ꢞꢾ ꢲꢭ꣄ꢭꢶ,கு3ண்டெ3 ஹல்லி
ꢦꣁꢱ꣄,போஸ்
ꢒꢸꢜ꣄ꢒꣁ ꢒꢾꢬ꣄,குட்கொகேர்
ꢤꣀꢬ꣄ꢫꢸ ꢦꣁꢥ꣄ꢣꢶ,தை4ர்யு பொந்தி3
ꢥꢹꢮ꣄,நூவ்
ꢯ꣄꣄ꢭꢵꢕꢠꣁ ꢒꢿꢬ꣄,ஶ்லாக4ணொ கேர்
ꢢꢹꢮ꣄,தூ2வ்
ꢡꢾꢬ꣄ꢪꢶ,தெர்மி
ꢩꢬꢵꢜ꣄ ꢂꢮꢵꢜ꣄,ப4ராட் அவாட்
ꢡꢸꢬ꣄ꢒꢶ,துர்கி
ꢪꢛ꣄ꢙꢶ,மஞ்ஜி
ꢯꣂꢩꢠꣁꢲꣁ,ஶோப4ணொ ஹோ
ꢔꢸꢛ꣄ꢙꢶ,கு3ஞ்ஜி
ꢡꢾꢮ꣄ꢞꢶ,தெவ்டி3
ꢗꢶꢔꢸꢬ꣄ꢱꣂꢜ꣄,சிகுர் ஸோட்
ꢦꢸꢜ꣄ꢜꣁ ꢒꢿꢬ꣄,புட்டொ கேர்
ꢱꣁꢞ꣄ꢞꢶ ꢙꢵ,ஸொட்3டி3ஜா
ꢗꢾꢞ꣄ꢮꢶ,செட்3வி
ꢗꢶꢭꢶꢛ꣄ꢗꢶ,சிலிஞ்சி
ꢗꢶꢖ꣄ꢒꢸꢭ꣄ ꢦꣂꢜ꣄,சிங்குல் போட்
ꢫꢵꢗꢠꣁ ꢒꢿꢬ꣄,யாசணொ கேர்
ꢙꢥ꣄ꢭꢿ,ஜன்லே
ꢡꢵꢠ꣄ꢲꢵꢥ꣄,தோண்ஹான்
ꢡꢾꢭꢶꢮ꣄ ꢲꣂ,தெளிவ்ஹோ
ꢗꢶꢭꢶꢛ꣄ꢗꢾ,சிலிஞ்சி
ꢯꢶꢔꢶꢬ꣄,ஶிகி3ர்
ꢗꢾꢣꢶꢬꢶ,செதி3ரி
ꢲꢶꢨ꣄ꢨꢵꢜ꣄,ஹிப்3பா3ட்
ꢲꢶꢨ꣄ꢨꢶ,ஹிப்3பி3
ꢮꢾꢒ꣄ꢒꢶ,வெக்கி
ꢪꢹꢔꢶ,மூகி3
ꢒꢸꢖ꣄ꢒꢶ,குங்கி3
ꢣꢶꢙꢫꢶꢙꢵ,தி3ஜயி ஜா
ꢣꣀꢬ꣄ꢫꢸ ꢣꢾ,தை3ர்யு தே3
ꢙꢾꢡꣁ ꢗꢾꢬ꣄ꢗꢶ,ஜெதொ செர்சி
ꢙꢾꢡꣁꢪꢳꢵꢞ꣄,ஜெதொ மிளாட்3
ꢭꣁꢪ꣄ꢨꢶ,லொம்பி3
ꢡꣂꢬ꣄,தோர்
ꢲꢵꢜ꣄,ஹாட்
ꢂꢞ꣄ꢞꢪ꣄ꢮꢡ꣄ꢡꣁ ꢒꢿꢬ꣄,அட்3ட3ம்வத்தொகேர்
ꢢꢾꢭ꣄ꢭꢶ ꢭꣁꢪ꣄ꢨꢶ,தெ4ல்லிலொம்பி3
ꢤꢶꢭ꣄ꢭꣁ ꢱꣁꢜ꣄,தி4ல்லொ ஸோட்
ꢔꢪ꣄ꢞꢫꢶ ꢙꢵ,க3ம்ட3யி ஜா
ꢦꢾꢬꢪ꣄ꢨꢪ꣄ ꢲꣁꢫ꣄ ꢙꢵ,பெரம்ப3ம் ஹொய் ஜா
ꢔꢪ꣄ꢞꢵꢜ꣄,க3ம்டா3ட்
ꢥꢵꢪ꣄,நாம்
ꢭꢔꢶꢤꢾꢬ꣄,லகி3தே4ர்
ꢤꢾꢬꢶꢭꢵꢔꢶ,தெ4ரி லாகி3
ꢱꢨ꣄ꢣꢸꢒꢿꢬ꣄,ஸப்3து3கேர்
ꢏꢭ꣄ꢭꣁ ꢒꢿꢬ꣄,ஒல்லொ கேர்
ꢨꢶꢙ꣄ꢮꢵꢞ꣄,பி3ஜ்வாட்3
ꢏꢞꢶ ꢙꢵ,ஒடி3 ஜா
ꢱꢵꢪꢸꢬ꣄ ꢃꢮ꣄,ஸாமுர் ஆவ்
ꢭꢵꢔ꣄,லாக்3
ꢏꢡ꣄ꢡꢵꢜ꣄,ஒத்தாட்
ꢲꢭ꣄ꢭꢶ,ஹல்லி
ꢲꢭ꣄ꢭꢫꢶ ꢙꢵ,ஹல்லயி ஜா
ꢲꢭ꣄ꢭꢵꢞ꣄,ஹல்லாட்3
ꢲꢷꢥ꣄ ꢲꣁꢫ꣄ꢙꢵ,ஹீன் ஹொய் ஜா
ꢲꢷꢥ꣄ ꢒꢿꢬ꣄,ஹீன் கேர்
ꢩꢶꢬꢸꢜ꣄,பி4ருட்
ꢥꢾꢱ꣄ꢒꢫꢶ ꢙꢵ,நெஸ்கயி ஜா
ꢩꢶꢬꢸꢞꢫꢶ ꢙꢵ,பி4ருட3யி ஜா
ꢱꣁꢣꢱꣁꢣꢫꢶ ꢙꢵ,ஸொத3ஸொத3யி ஜா
ꢗꢭꢵꢜ꣄,சலாட்
ꢂꢩꢶꢥꢫꣁ ꢒꢿꢬ꣄,அபி4நயொ கேர்
ꢏꢠ꣄ꢒꢶ,ஒண்கி
ꢥꣁꢪ꣄ꢪꢶ,நொம்மி
ꢩꢶꢠ꣄ꢞꢶ,பி4ண்டி3
ꢓꢵꢭ꣄,கா2ஸ்
ꢧꢠ꣄ꢜꣁ ꢲꣁꢫ꣄ꢙꢵ,ப2ண்டொ ஹொய் ஜா
ꢗꢶꢒ꣄ꢒꢫꢶ ꢙꢵ,சிக்கயி ஜா
ꢚꢶꢬ꣄ꢒꢫꢶ ꢙꢵ,ஜி2ர்கயி ஜா
ꢨꢶꢙ꣄ꢮꢫꢶꢙꢵ,பி3ஜ்வயி ஜா
ꢨꢶꢙ꣄ꢮꢶ,பி3ஜ்வி
ꢦ꣄ꢬꢿꢮ꣄ ꢦꣂꢜ꣄,ப்ரேவ் போட்
ꢭꢵꢙ꣄ ꢦꣁꢥ꣄ꢣꢶ,லாஜ் பொந்தி3
ꢕꢠꢵꢜ꣄,க4ணாட்
ꢕꢠꢫꢶ ꢙꢵ,க4ணயி ஜா
ꢥꢶꢯ꣄ꢒꢠꣁ ꢒꢿꢬ꣄,நிஶ்கணொ கேர்
ꢱ꣄ꢢ꣄ꢬꣁ ꢦꣁꢥ꣄ꢣꢶ ꢒꢿꢬ꣄,ஸ்த்2ரொ பொந்தி3 கேர்
ꢔꢵꢳ꣄ꢞꢿ,கா3ள்டே3
ꢗꢶꢪ꣄ꢜꢶ,சிம்டி
ꢥꢶꢡ꣄ꢡꣁ ꢬꢴꢵ,நித்தொரா:
ꢥꢶꢡ꣄ꢡꣁꢒꢿꢬ꣄,நித்தொகேர்
ꢥ꣄ꢫꢪꢥꣁ ꢒꢿꢬ꣄,ந்யமனொ கேர்
ꢥꢶꢬ꣄ꢠꢫꣁ ꢒꢿꢬ꣄,நிர்ணயொ கேர்
ꢮꢶꢜ꣄ꢜꢫꢶ ꢙꢵ,விட்டயி ஜா
ꢦꣁꢱ ꢦꣁꢱꢫꢶ ꢙꢵ,பொஸ பொஸயி ஜா
ꢭꢵꢪ꣄ꢒꢥꢶ ꢬꢴꢵ,லாம்கனி ரா:
ꢙꢳꢷꢬꢵꢒ꣄ ꢒꢿꢬ꣄,ஜளிராக் கேர்
ꢬꢵꢒ꣄ ꢲꣁꢫ꣄ ꢙꢵ,ராக் ஹொய் ஜா
ꢲꢸꢖ꣄ꢔꢶ ꢱꢵ,ஹுங்கி3 ஸா
ꢂꢥꢸꢩꢮ꣄ ꢒꢿꢬ꣄,அநுப4வ் கேர்
ꢂꢥꢸꢩꢮꢶ,அனுப4வி
ꢩꢸꢬ꣄ꢒꣁꢒꢿꢬ꣄,பு4ர்கொ கேர்
ꢱꢹꢒ꣄ꢯꢪꣁꢒꢥꢶ ꢬꢴꢵ,ஸூக்ஷ்மொகனி ரா:
ꢩꢸꢬ꣄ꢒꣁ ꢲꣁꢫ꣄ꢙꢵ,பு4ர்கொ ஹொய் ஜா
ꢨꢸꢱꢸꢪ꣄ ꢨꢸꢬꢸꢞꣁ ꢲꣂ,பு3ஸும் பு3ருடொ3 ஹோ
ꢨ꣄ꢬꢮꢿꢯ꣄꣄ ꢒꢿꢬ꣄,ப்ரவேஶ் கேர்
ꢦ꣄ꢬꢮꢿꢯ꣄ ꢒꢾꢬꢵꢜ꣄,ப்ரவேஶ் கெராட்
ꢒꢵꢡ꣄,காத்
ꢡꢮꢫꢶ ꢮꢔꢸꢠ꣄ꢜꣁ ꢲꣂ,தவயி வகு3ண்டொ ஹோ
ꢮꢷꢥ꣄,வீன்
ꢦꢶꢱ꣄ꢒꢫꢶ ꢙꢵ,பிஸ்கயி ஜா
ꢦꢶꢱ꣄ꢒꢶ,பிஸ்கி
ꢩꣁꢬ꣄ꢮꢵꢜ꣄,பொ4ர்வாட்
ꢩꣁꢬ꣄ꢮꢫꢶ ꢬꢴꢵ,பொ4ர்வயி ரா:
ꢥꢶꢬꢵꢒꢿꢬ꣄,நிராகேர்
ꢥꢶꢬꢵꢒꢬꢠꣁ ꢒꢿꢬ꣄,நிராகரணொ கேர்
ꢬꢸꢙꢸꢒꢿꢬ꣄,ருஜு கேர்
ꢬꢴꢵ:,ரா:
ꢱ꣄ꢡꢵꢦꢥꣁ ꢲꣁꢫ꣄ ꢬꢴꢵ,ஸ்தாபனொ ஹொய் ரா:
ꢥ꣄ꢬꢹꢦꢠꣁ ꢲꣁꢫ꣄ ꢬꢴꢵ,ந்ரூபணொ ஹொய் ரா:
ꢪꣁꢬꢶ ꢙꢵ,மொரி ஜா
ꢲꢶꢜ꣄ꢜꢫꢶ ꢙꢵ,ஹிட்டயி ஜா
ꢅꢣꣁꢓꢵꢳ꣄,ஈதொ3கா2ள்
ꢆꢞ꣄ꢗꢶ,உட்சி
ꢭꢪ꣄ꢨꢸꢒꢾꢬ꣄,லம்பு3கேர்
ꢦ꣄ꢬꢿꢮ꣄ ꢒꢿꢬ꣄,ப்ரேவ் கேர்
ꢙꢷꢬ꣄ꢠꢸ ꢲꣁꢫ꣄ꢙꢵ,ஜீர்ணு ஹொய் ஜா
ꢄꢡ꣄ꢡꢶ ꢙꢵ,இத்தி ஜா
ꢮꢔꢶꢠ꣄ꢞꢶꢭꢶ ꢗꢵꢭ꣄,வகி3ண்டிலி சால்
ꢔꢸꢣ꣄ꢣꢶ ꢧꣁꢜ꣄,கு3த்3தி3 போ2ட்
ꢲꢥꢶ ꢧꣁꢜ꣄,ஹனி போ2ட்
ꢩꢸꢬ꣄ꢒꣁ ꢲꣂ,பு4ர்கொ ஹோ
ꢣꢸꢮ꣄ꢥꣁ ꢭꢵꢔ꣄,து3வ்னொ லாக்3
ꢱꢵ,ஸா
ꢡꢦꢱ꣄ꢒꢾꢬ꣄,தபஸ்கேர்
ꢨꢲꢶꢱ꣄ꢒꢵꢬ꣄ ꢒꢿꢬ꣄,ப3ஹிஸ்கார் கேர்
ꢩꢵꢔ꣄ꢒꢿꢬ꣄,பா4க்3கேர்
ꢮꢶꢬꣁꢤ꣄ꢒꢿꢬ꣄,விரோத்4 கேர்
ꢦ꣄ꢬꢿꢮꢸꢬ꣄ ꢮꢶꢣꢶ ꢪꣂꢱ꣄ ꢒꢿꢬ꣄,ப்ரேவுர் வதி3 மோஸ் கேர்
ꢪꢫꢵꢭ꣄ꢒꢥꢶ ꢪꣂꢱ꣄ ꢒꢿꢬ꣄,மயால்கனி மோஸ் கேர்
ꢪꢫꢵꢭ꣄ ꢒꢾꢬꢶ ꢪꣂꢱ꣄ ꢒꢿꢬ꣄,மயால் கெரி மோஸ் கேர்
ꢩꢹꢒ꣄ꢭꢔꢫꢶ ꢬꢴꢵ,பூ4க்லக3யி ரா:
ꢤꢪꢵꢤꢵꢪꢸꢬ꣄ ꢬꢴꢵ,த4மாதா4முர் ரா:
ꢦꢾꢬ꣄ꢦꢫꢶ ꢬꢴꢵ,பெர்பயி ரா:
ꢥꢶꢭ꣄ꢗꢫꢶꢬꢴꢵ,நிள்சயி ரா:
ꢯꢫꢥꣁ ꢒꢿꢬ꣄,ஶயனொ கேர்
ꢒꢾꢬ꣄,கேர்
ꢃꢙ꣄ꢛꣁ ꢣꢿ,ஆஜ்ஞொ தே3
ꢃꢙ꣄ꢛꣁ ꢦꢵꢭꢥꣁ ꢒꢿꢬ꣄,ஆஜ்ஞொ பாலனொ கேர்
ꢃꢙ꣄ꢛꣁ ꢤꢵꢥꢸ ꢗꢵꢭ꣄,ஆஜ்ஞொ தா4னு சால்
ꢨꢾꢣꢸꢬ꣄,பெ3து3ர்
ꢥꢶꢪ꣄ꢦꢫꢶ ꢙꢵ,நிம்பயி ஜா
ꢦꢛ꣄ꢙꢷꢒꢬꢠꣁ ꢲꣂ,பஞ்ஜீகரணொ ஹோ
ꢥꢶꢪ꣄ꢦꢶ,நிம்பி
ꢦꢛ꣄ꢙꢷꢒꢬꢠꣁ ꢒꢿꢬ꣄,பஞ்ஜீகரணொ கேர்
ꢭꢸꢒ꣄ꢒꢵꢜ꣄,லுக்காட்
ꢭꢸꢒ꣄ꢒꢶꢭꢶ ꢬꢴꢵ,லுக்கிலி ரா:
ꢦꢱ꣄ꢒꢜ꣄ ꢓꢵꢜ꣄,பஸ்கட் கா2ட்
ꢤꢒ꣄ꢒꢶ ꢬꢴꢵ,த4க்கி ரா:
ꢗꢾꢮ꣄ꢣꢵꢜ꣄,செவ்தா3ட்
ꢄꢔꢵꢜ꣄,இகா3ட்
ꢂꢭ꣄ꢭꢵꢞꢸꢪ꣄ ꢬꢴꢵ,அல்லாடு3ம் ரா:
ꢦꢵꢭꢥꣁ ꢒꢿꢬ꣄,பாலனொ கேர்
ꢆꢒ꣄ꢒꢶ,உக்கி
ꢚꢾꢭ꣄ꢦꢶ,ஜெ2ல்பி
ꢱꣂꢤꢥꣁ ꢒꢿꢬ꣄,ஸோத4னொகேர்
ꢦꢬꢶꢦꢵꢭꢥꣁ ꢒꢿꢬ꣄,பரிபாலனொ கேர்
ꢮꢱ꣄ꢥꣁ ꢣꢿꢱ꣄ꢡꢶ ꢱꣁ ꢲꣁ,வஸ்னொ தே3ஸ்திஸொ ஹொ
ꢲꣁꢞ꣄ꢮꢶ,ஹொட்3வி
ꢣꢾꢳ꣄꣄ꢒꣁ ꢦꣂꢜ꣄,தெ3ள்கொபோட்
ꢨꢿ,பே
ꢗꢾꢜ꣄ꢮꢫꢶ ꢬꢴꢵ,செட்வயி ரா:
ꢮꢿꢥ꣄ ꢲꣂ ꢚꢸꢒ꣄ꢒꢸ ꢲꣂ,வேன் ஹோ
ꢦꢭꢶꢛ꣄ꢗꢶ,ப2லிஞ்சி
ꢮꢜ꣄ꢒꢾ ꢒꢿꢬ꣄,வட்கெகேர்
ꢦꣁꢳ꣄ꢔꢶ,பொள்கி3
ꢦꣁꢬꣁ ꢕꢵꢭ꣄,பொரொ கா4ல்
ꢗꢹꢒ꣄ ꢱꢖ꣄ꢔꢶ,சூக் ஸங்கி3
ꢚꣂꢭꢶꢛ꣄ꢗꢶ,ஜொ2லிஞ்சி
ꢤꢾꢬ꣄꣄ꢭꢾ,தெ4ர்லே
ꢲꢸꢞ꣄,ஹூட்3
ꢦꢥꢶ ꢨꢶꢥ꣄ꢣꢸꢥ꣄ ꢪꢶꢳꢫꢶ ꢬꢴꢵ,பனி பி3ந்து3ன் மிளயி ரா:
ꢣꣁꢭꢵꢪ꣄ꢦꢥꢶ ꢲꢶꢨ꣄ꢨꢶ ꢬꢴꢵ,தொ3ளாம்பனி ஹிப்3பி3 ரா:
ꢔꢵꢮ꣄,கா3வ்
ꢨꢵꢤꣁ ꢒꢿꢬ꣄,பா3தொ4 கேர்
ꢨꢵꢤꣁ ꢦꣁꢥ꣄ꢣꢵꢜ꣄,பா3தொ4 பொந்தா3ட்
ꢬꢒ꣄ꢰꢠꣁ ꢒꢿꢬ꣄,ரக்ஷணொ கேர்
ꢬꢒ꣄ꢰꢶ,ரக்ஷி
ꢦ꣄ꢬꢮꢲꢶ,ப்ரவஹி
ꢦꢵꢱꢥꣁ ꢒꢿꢬ꣄,பாஸனொ கேர்
ꢕꢾꢥꢪ꣄ ꢒꢿꢬ꣄,கெ4னம் கேர்
ꢕꣃꢬ꣄ꢡꣁ ꢒꢿꢬ꣄,கௌ3ர்தொ கேர்
ꢯ꣄ꢭꢵꢕꢥꣁ ꢒꢿꢬ꣄,ஶ்லாக4னொ கேர்
ꢆꢦꢫꣂꢒ꣄ ꢒꢿꢬ꣄,உபயோக் கேர்
ꢥꢹꢔ꣄,நூக்3
ꢪꢥ꣄ꢡꢸꢱꢾꢬ ꢬꢴꢵ,மந்துஸெர ரா:
ꢗꢶꢔꢸꢜ꣄ꢜꢒꢥꢶ ꢬꢴꢵ,சிகு3ட்டகனி ரா:
ꢒꢸꢱꢶꢬ꣄,குஸிர்
ꢤꢾꢬ꣄,தே4ர்
ꢪꣁꢥ꣄ꢥꢸꢩꢿꢡ꣄ ꢲꣂ,மொன்னுபே4த் ஹோ
ꢪꢶꢭꢶ ꢬꢴꢵ,மிளி ரா:
ꢒꢸꢜ꣄ꢒꢵꢥ꣄ ꢗꢾꢬꢶ ꢬꢴꢵ,குட்கான் செரி ரா:
ꢒꢸꢜ꣄ꢒꢵꢥ꣄ ꢱꢥ꣄ꢤꢫꢶ ꢬꢴꢵ,குட்கான் ஸந்த4யி ரா:
ꢒꢸꢜ꣄ꢒꢵꢥ꣄ ꢗꢾꢬ꣄ꢗꢶ,குட்கான் செர்சி
ꢒꢸꢜ꣄ꢒꢵꢥ꣄ ꢱꢥ꣄ꢤꢶ,குட்கான் ஸந்தி4
ꢔꣁꢳ ꢔꣁꢳꢫꢶ ꢬꢴꢵ,கொ3ளகொ3ளயி ரா:
ꢦꢱ꣄ꢒꢜ꣄ ꢦꣂꢜ꣄,பஸ்கட் போட்
ꢧꢜ꣄ꢜꢶ ꢬꢴꢵ,ப2ட்டி ரா:
ꢧꢵꢜ꣄ꢜ,பா2ட்
ꢚꣁꢭꢶꢛ꣄ꢗꢶ,ஜொ2லிஞ்சி
ꢦ꣄ꢬꢡꢶꢦ꣄ꢬꢒꢵꢯ꣄ ꢒꢿꢬ꣄,ப்ரதிப்ரகாஶ் கேர்
ꢃꢯ꣄꣄ꢗꢬ꣄ꢫꢸ ꢲꣂ,ஆஶ்சர்யு ஹோ
ꢆꢦꢫꣁꢔ꣄ ꢒꢿꢬ꣄,உபயோக் கேர்
ꢦ꣄ꢬꢮꢿꢯ꣄ ꢒꢿꢬ꣄,ப்ரவேஶ் கேர்
ꢮꢜꣁ ꢲꣁꢫ꣄ꢬꢴꢵ,வடொ ஹொய் ரா:
ꢮꢜꣁ ꢲꣂ,வடொ ஹோ
ꢮꢜꣁ ꢒꢿꢬ꣄,வடொ கேர்
ꢩꢵꢔ꣄ ꢒꢿꢬ꣄,பா4க்3 கேர்
ꢦ꣄ꢬꢾꢬꢥꣁ ꢒꢿꢬ꣄,ப்ரேரனொ கேர்
ꢦꢶꢳ꣄,பீள்
ꢙꢶꢮ꣄ꢭꢶ ꢬꢴꢵ,ஜிவ்லி ரா:
ꢧꢵꢜ꣄ ꢒꢿꢬ꣄,பா2ட் கேர்
ꢕꢶꢶꢪ꣄ꢒꢵꢬ꣄ ꢒꢿꢬ꣄,கி4ம்கார் கேர்
ꢇꢙ꣄,ஊஜ்
ꢱꢸꢜ꣄ꢜꢶ ꢙꢵ,ஸுட்டி ஜா
ꢱꢸꢫꢦ꣄ꢬꢩꢵꢮ꣄ ꢔꢵꢮ꣄,ஸுயப்ரபா4வ் கா3வ்
ꢙꣁꢪꢵꢜ꣄,ஜெமாட்
ꢪꢾꢬ꣄ꢗꢶ,மெர்சி
ꢤꢹꢬ꣄,தூர்
ꢤꢸꢪꢫꢶ ꢬꢴꢵ,து4மயி ரா:
ꢤꢸꢪꢵꢜ꣄,து4மாட்
ꢡꢾꢱꢶ ꢧꣁꢜ꣄,தெஸி போ2ட்
ꢬꢾꢔꢶꢞꢶ ꢧꣁꢜ꣄,ரெகி3டி3 போ2ட்
ꢧꢸꢔ꣄ꢔꢶ ꢬꢴꢵ,பு2க்3கி3 ரா:
ꢦꢸꢥꢬꢸꢣ꣄ ꢤꢵꢬꢥꣁ ꢒꢿꢬ꣄,புனருத்3தா4ரணொ கேர்
ꢥꣁꢮꣁ ꢒꢿꢬ꣄,நொவொ கேர்
ꢔꢞꢫꢶ ꢬꢴꢵ,க3ட3யி ரா:
ꢔꢞ꣄,கா3ட்3
ꢤꢹꢳ꣄,தூ4ள்
ꢂꢥ꣄ꢣꢞ꣄ꢳꢿ,அந்த3ட்3ளே
ꢒꢳꢫꢶꢭꢿ,களயிலே
ꢗꢹꢒ꣄ ꢪꢾꢥ꣄ꢭꢶ ꢬꣂꢜ꣄,சூக் மென்லி ரோட்
ꢧꣀꢭꢶꢧꢵꢬ꣄ ꢲꣂ,பை2லிபா2ர் ஹோ
ꢱꣁꢭꢧꢵꢬ꣄ ꢲꣂ,ஸொளபா2ர் ஹோ
ꢮꢮ꣄ꢬꢶꢥꢶꢪ꣄ ꢬꢴꢵ,வவ்ரினிம் ரா:
ꢦꢬꢶꢫꣂꢔꢸꢪ꣄ ꢬꢴꢵ,ப்ரயோகு3ம் ரா:
ꢪꢷꢔꢸꢪ꣄ ꢬꢴꢵ,நூகு3ம் ரா:
ꢬꢦ꣄ꢡꢵꢪ꣄ ꢬꢴꢵ,ரப்தாம் ரா:
ꢪꢸꢬ꣄ꢔꢫꢶ ꢬꢴꢵ,முர்க3யி ரா:
ꢱꢾꢔꣁ ꢒꢿꢬ꣄,ஸெகொ3 கேர்
ꢮꢶꢙ꣄ꢙꢵꢜ꣄,விஜ்ஜாட்
ꢗꣁꢞ꣄ꢞꣁꢮꢡ꣄ꢡꣁ ꢒꢿꢬ꣄,சொட்3டொ3வத்தொகேர்
ꢡꢶꢬꢱ꣄ꢒꢵꢬ꣄ ꢒꢿꢬ꣄,திரஸ்கார் கேர்
ꢥꢶꢔꢶꢭ꣄,நிகி3ள்
ꢧꢹꢭ꣄,பூ2ல்
ꢨꢷꢕꢵꢭ꣄,பீ3கா4ல்
ꢱꣁꢪ꣄ꢦꢸꢦꣁꢥ꣄ꢣꢶ,ஸொம்புபொந்தி3
ꢣꢾꢳ꣄꣄ꢒ ꢒꣂꢜ꣄,தெ3ள்கபோட்
ꢔꢸꢠꢵꢞ꣄,கு3ணாட்3
ꢮꢿꢥ꣄ ꢒꢿꢬ꣄,வேன் கேர்
ꢮꢾꢥ ꢲꣂ,வேன் ஹோ
ꢦꣁꢮ꣄ꢱ꣄ ꢦꣂꢜ꣄,பொவ்ஸ் போட்
ꢢꢵꢪ꣄ ꢪꢬ꣄ꢗꢶꢭꢾ,தா2ம் மர்சிலே
ꢂꢥꢸꢮꢵꢣ꣄ꢒꢿꢬ꣄,அனுவாத்3கேர்
ꢩꢵꢰꢵꢥ꣄ꢡꢬ꣄ ꢒꢿꢬ꣄,பா4ஷாந்தர் கேர்
ꢡꢬ꣄ꢙꢪꣁ ꢒꢿꢬ꣄,தர்ஜமொ கேர்
ꢥꢶꢳꢸꢮ꣄ ꢡꣁꢦ꣄ꢦꢶ,நெளுவ் தொப்பி
ꢲꢔ꣄ꢔꢶ,ஹக்3கி3
ꢗꢸꢠ꣄ꢞꢵꢞ꣄,சுண்டா3ட்3
ꢙꢭꢫꢶ ꢙꢵ,ஜளயி ஜா
ꢩꢸꢬ꣄ꢒꣁ ꢲꣁꢫ ꣄ꢙꢵ,பு4ர்கொ ஹொய் ஜா
ꢩꢸꢬ꣄ꢒꣁ ꢒꢿꢬ꣄,பு4ர்கொகேர்
ꢗꢭ꣄ꢥꢵꢡꣁ ꢬꢴꢵ,சல்னாதொ ரா:
ꢩꢸꢛ꣄ꢙꢫꢶ ꢬꢴꢵ,பு4ஞ்ஜயி ரா:
ꢮꢡ꣄ꢡꢵ ꢚꢔꢜ꣄,வத்தா ஜ2க3ட்
ꢪꢶꢳ꣄꣄ꢮꢶ,மிள்வி
ꢪꢶꢳꢵꢜ꣄,மிளாட்
ꢗꢾꢬꢶ ꢬꢴꢵ,செரி ரா:
ꢒꢸꢖ꣄ꢔꢶ,குங்கி3
ꢦꣁꢮ꣄ꢱ꣄ ꢭꢸꢗ꣄ꢗꢶ,பொவ்ஸ் லுச்சி
ꢱꢪꢸꢭꢿ,ஸமுலே
ꢆꢦꢣꢿꢰ꣄ ꢒꢿꢬ꣄,உபதே3ஷ்கேர்
ꢪꢸꢬ꣄ꢔ ꢶꢙꢵ,முர்கி3ஜா
ꢪꢔ꣄ꢔꢸꢥꣁ ꢦꣂꢜ꣄,மக்3கு3னொபோட்
ꢪꣁꢠ꣄ꢗꢶ,மொண்சி
ꢪꣁꢠ꣄ꢗꢫꢶ ꢬꢴꢵ,மொண்சயி ரா:
ꢲꣁꢬꢵꢜ꣄ ꢒꢾꢬ꣄ꢭꢾ,ஹொராட்கெர்லே
ꢮꢱꢸꢥꢫꢶ ꢬꢴꢵ,வஸுனயி ரா:
ꢲꢸꢖ꣄ꢔꢶ ꢱꢵ,ஹுங்கி3ஸா
ꢪꣁꢬ꣄ꢔꢶꢫꢵꢡ꣄ ꢣꢿ,மொர்கி3யாத் தே3
ꢡꢶꢪꢸꢬ꣄ ꢤꢿꢬ꣄,திமுர் தே4ர்
ꢂꢬ꣄ꢢꢪꣂꢲ꣄ ꢦꣁꢥ꣄ꢣꢶ,அர்த2மோஹ் பொந்தி3
ꢲꢸꢣꢥ ꢥꢶꢛ꣄ꢙꢶ,ஹுத3ன நிஞ்ஜி
ꢱꣁꢖ꣄ꢔ ꢦꣂꢜ꣄,ஸொங்க3போட்
ꢃꢯ꣄ꢗꢬ꣄ꢫꢸ ꢦꣂꢜ꣄,ஆஶ்சர்யுபோட்
ꢱꣁꢮ꣄ꢬꢪ꣄ ꢒꢿꢬ꣄,ஸொவ்ரம்கேர்
ꢪꣁꢥꣁ ꢙꢮꢵꢜ꣄,மொனொ ஜவாட்
ꢪꣁꢥꣁ ꢥꢴꢷꢡ꣄ꢡ ꢬꢴꢵ,மொனொ நீ:த்த ரா:
ꢮꢡ꣄ꢡꣁ ꢣꢸꢳ꣄꣄ꢒꢶ,வத்தொ து3ள்கி
ꢮꢶꢱ꣄ꢬꢳ꣄ꢳꢿ,விஸ்ரள்ளே
ꢂꢮꢞ ꢦꣁꢜ꣄,அவ்ட3போட்
ꢃꢜ꣄ꢰꢿꢦꢠꣁ ꢒꢾꢬ꣄,ஆட்ஷேபணொகேர்
ꢚꢒꢶꢭꢾ,ஜ2கிலே
ꢒ꣄ꢰꢪꣁ ꢒꢿꢬ꣄,க்ஷமொகேர்
ꢱꢪ꣄ꢜꢵꢜ꣄,ஸம்டாட்
ꢪꢾꢬꢸꢒ꣄ ꢣꢿ,மெருக்தே3
ꢙꣁꢭꢶ ꢙꣁꢭꢶꢛ꣄ꢗꢶ,ஜொலி ஜொலிஞ்சி
ꢧꢶꢮ꣄ꢬꢶꢓꢵꢜ꣄,பி2ர்விகா2ட்
ꢧꢶꢮ꣄ꢬꢶ ꢓꢵꢜ꣄,பி2ர்விகா2ட்
ꢂꢣ꣄ꢣꢸ ꢡꣁꢦ꣄ꢦꢶ,அத்3து3தொப்பி
ꢱꢷꢪꣁ ꢆꢭ꣄ꢭꢖ꣄ꢕꢶ,ஸீமொ உல்லங்கி4
ꢨꢸꢞꢜ꣄,பு3டா3ட்
ꢱꢸꢥ꣄ꢣꢸꢬꢸꢪ꣄ꢨꢹꢜ꣄,ஸுந்து3ரும்பூ3ட்
ꢪꣁꢡꢶ ꢲꢿꢜ꣄,மொதி ஹேட்
ꢤꢶꢒ꣄ꢒꢶ,தி4க்கி
ꢦꣁꢱꢮꢵꢫꢸꢪ꣄ꢦꣂꢜ꣄,பொஸவாயும்போட்
ꢪꢸꢱꢞꢳꢿ,முஸட்3ளே
ꢪꢸꢱꢵꢜ꣄,முஸாட்
ꢧꢶꢮ꣄ꢬꢶ ꢲꢶꢖ꣄ꢔꢵꢜ꣄,பி2ர்வி ஹிங்கா3ட்
ꢥꣁꢠ꣄ꢔꢶ,நொண்கி3
ꢗꢸꢪ꣄ꢨꢥꣁ ꢣꢿ,சும்ப3னொ தே3
ꢗꢸꢪ꣄ꢨꢳꣁ ꢣꢿ,சும்ப்3ளொ தே3
ꢦꢶꢒ꣄ꢒꢶ,பிக்கி
ꢱꣁꢪ꣄ꢪꢬ꣄ꢗꢿꢜ꣄,ஸொம்மர்சேட்
ꢏꢱ꣄ꢪ꣄ꢪꢬ꣄ ꢙꢵ,ஸொம்மர் ஜா
ꢌꢡ꣄ꢡꢥ꣄ ꢒꢿꢬ꣄,எத்தன் கேர்
ꢦ꣄ꢬꢫꢡ꣄ꢥꣁ ꢒꢿꢬ꣄,ப்ரயத்னொ கேர்
ꢩꢾꢡ꣄ ꢒꢿꢬ꣄,பே4த் கேர்
ꢕꣂꢰꢶꢛꢗꢶ꣄,கோ4ஷிஞ்சி
ꢕꣂꢰꢪ꣄ ꢡꢵꢫ꣄,கோ4ஷம்தாய்
ꢪꢸꢒ꣄ꢒꢸꢭꢶꢛꢗꢸ꣄,முக்குளிஞ்சி
ꢪꢶꢖ꣄ꢒꢶ,மிங்கி3
ꢗꢸꢔꢸꢬ꣄ ꢱꣂꢜ꣄,சிகுர் ஸோட்
ꢪꢸꢣꢸꢬꢾ ꢲꣂ,முது3ர் ஹோ
ꢪꣁꢜꢳꢿ,மொட்3ளே
ꢪꢸꢞꢫꢶ ꢦꣂꢜ꣄,முட3யி போட்
ꢪꣂꢜ꣄,மோட்3
ꢦꢶꢨꢶꢛꢗꢶ꣄,பி3கி3ஞ்சி
ꢪꢸꢒꢸꢭ꣄ꢒꢥꢶ ꢲꢵꢱ꣄,முகுல்கனி ஹாஸ்
ꢪꢸꢒꢶꢭꢶ ꢲꢵꢱ꣄,முகிலி ஹாஸ்
ꢒꣁꢪ꣄ꢨ꣄ꢳꣁꢒꢥꢶ ꢲꢵꢱ꣄,கொம்ப்3ளொகனி ஹாஸ்
ꢓꢹꢬ꣄ꢒꢥꢶ ꢱꢵ,கூ2ர்கனி ஸா
ꢦꢾꢞ꣄ꢮꢶ,பெட்3வி
ꢪꢹꢱꢭ꣄ ꢭꢔꢶꢦꣂꢜ꣄,மூஸள் லகி3 போட்
ꢲꢬꢸꢪ꣄ꢨꢪ꣄ ꢒꢿꢬ꣄,ஹரும்ப3ம்கேர்
ꢱꢮ꣄ꢬꢶ꣄,ஸவ்ரி
ꢗꣁꢮ꣄ꢬꢶ,சொர்வி
ꢂꢱ꣄ꢒꢶꢦꣁꢒꢸꢪ꣄ ꢆꢭꢵꢱ꣄ ꢒꢿꢬ꣄,அஸ்கி போகும் உலாஸ் கேர்
ꢙꢾꢡꣁꢪꢷꢳ꣄,ஜெதொமீள்
ꢪꢶꢛ꣄ꢗꢶ,மிஞ்சி
ꢬꢵꢗ꣄,ராச்
ꢩꢷꢔ꣄ꢪꢵꢫ꣄,பீ4க்3மாய்
ꢂꢥꢸꢪꢵꢥ꣄ ꢒꢿꢬ꣄,அனுமான் கேர்
ꢇꢲꢥꣁ ꢒꢿꢬ꣄,ஊஹனொ கேர்
ꢗꢶꢥ꣄ꢡꣁꢒꢿꢬ꣄,சிந்தொகேர்
ꢬꢱꢶꢛ꣄ꢗꢶ,ரஸிஞ்சி
ꢬꢱꢥꣁ ꢒꢿꢬ꣄,ரஸனொ கேர்
ꢭꢔꢶꢶꢛ꣄ꢗꢶ,லகி3ஞ்சி
ꢮꢒꢸꢠ꣄ꢜ ꢨꢸꢣ꣄ꢤꢶ,வகு3ண்டபு3த்3தி4
ꢦꢣꢮꢶ ꢓꢳ꣄ꢳꢿ,பத3வி க2ள்ளே
ꢩꢵꢖ꣄ꢔꢸ ꢒꢿꢬ꣄,பா4ங்கு3 கேர்
ꢡꢿꢳ꣄,தேள்
ꢩꢸꢛ꣄ꢗꢳ꣄ꢳꢿ,பு4ஞ்ஜள்ளெ
ꢮꢵꢱ꣄ ꢒꢿꢬ꣄,வாஸ் கேர்
ꢏꢜ꣄ꢗꢫꢶ ꢙꢵ,ஒட்சயி ஜா
ꢗꢶꢡ꣄ꢬꢮꢤꣁ ꢒꢿꢬ꣄,சித்ரவதொ4 கேர்
ꢱꢸꢒ꣄ꢒꢶ ꢙꢵ,ஸுக்கி ஜா
ꢮꢾꢒ꣄ꢒꢶ ꢲꢿꢜ꣄,வெக்கிஹேட்
ꢥꢴꢶꢶꢥꢵꢞ꣄,நி:னாட்3
ꢮꢬ꣄ꢠꢥꣁ ꢒꢿꢬ꣄,வர்ணனொகேர்
ꢒꢾꢰ꣄ꢜꢪ꣄ꢒꢿꢬ꣄,கெஷ்டம்கேர்
ꢮꢶꢗꢵꢬ꣄ ꢦꣂꢜ꣄,விசார் போட்
ꢓꢳ꣄ꢳꢶ ꢂꢮꢵꢜ꣄,க2ள்ளி அவாட்
ꢗꢶꢡ꣄ꢬꢸ ꢭꢶꢓꢶ,சித்ரு லிகி2
ꢣꢸꢮ꣄ꢥꣁ ꢦꣁꢥ꣄ꢣꢶ,து3வ்னொ பொந்தி3
ꢚꢸꢒ꣄ꢒꢸ ꢣꢾ,ஜு2க்கு தே3
ꢲꣂꢞ꣄,ஹோட்3
ꢲꣂꢞꢵꢜ꣄,ஹொடா3ட்
ꢬꢹꢦ꣄ ꢒꢿꢬ꣄,ரூப் கேர்
ꢓꢵꢞ꣄,கா2ட்3
ꢱꢥ꣄ꢣꢬ꣄ꢩꢸ ꢂꢨ꣄ꢨꢞ꣄ꢳꢿ,ஸந்த3ர்பு4அப்3ப3ட்3ளே
ꢬꢹꢦ꣄ ꢒꢵꢬ꣄,ரூப்கார்
ꢙꢷꢮ꣄,ஜீவ்
ꢥꢥ꣄ꢣꢶ,நந்தி3
ꢙꢶꢮꢵꢜ꣄,ஜிவாட்
ꢱꣂꢞ꣄,ஸோட்3
ꢧꢞꢶꢛ꣄ꢗꢶ,ப2டி3ஞ்சி
ꢨꢸꢱ꣄ꢒꢶꢜ꣄ꢜꢶ,பு3ஸ்கிட்டி
ꢱꢾꢔꣁꢮꢹꢬ꣄,ஸெகொ3வூர்
ꢣꣁꢮ꣄ꢜꢶ,தொ3வ்டி3
ꢣꢹꢬ꣄ ꢲꣂ,தூ3ர் ஹோ
ꢮꢶꢮꢬ꣄ ꢒꢾꢬ꣄,விவர் கேர்
ꢙꢵꢔ꣄ꢬꢡꣁ ꢲꣂ,ஜாக்3ரதொ ஹோ
ꢦꣂꢞ꣄,போட்3
ꢲꢵꢥ꣄ ꢲꢵꢥ,ஹான் ஹான் மெனி ஹான்
꣄ ꢪꢾꢥꢶ ꢲꢵꢥ꣄,ஹான் ஹான் மெனி ஹான்
ꢦꢶꢒ꣄ꢒꢵꢞ꣄,பிக்காட்3
ꢱꢾꢠꢪ꣄,ஸெணம்
ꢪꢸꢣꢸꢬꢵꢜ꣄,முது3ராட்
ꢦꢹꢱ꣄,பூஸ்
ꢮꢶꢗꢵꢥꣁ ꢒꢿꢬ꣄,விசானொ கேர்
ꢩꢮꢵꢜ꣄ ꢡꢵꢫ꣄,ப4வாட் தாய்
ꢨꢵꢣꣁ ꢦꣂꢜ꣄,பா3தொ3போட்
ꢤꢒ꣄ꢒꢶ,த4க்கி
ꢤꢵꢒꢸꢪ꣄ ꢏꢠ꣄ꢒꢶ,தா4கும் ஒண்கி
ꢬꣂꢱ꣄,ரோஸ்
ꢣ꣄ꢮꢿꢯ꣄ ꣄ꢒꢿꢬ꣄,த்3வேஶ்கேர்
ꢥꢾꢬ꣄ꢦ꣄ꢦꢶ,நெர்ப்பி
ꢱꢾꢔꣁ ꢒꢿꢬ꣄,ஸெகொ3கேர்
ꢤꣂꢮ꣄,தோ2வ்
ꢲꣁꢞꢵꢬ꣄,ஹொடா3ர்
ꢕꣁꢪ꣄ꢪꣁ,கொ4ம்மொ
ꢡꢮ꣄ꢬꢪ꣄,தவ்ரம்
ꢕꢿꢬ꣄,கே4ர்
ꢓꢥꢶꢡꢮ꣄ꢬꢪ꣄,க2னி தவ்ரம்
ꢲꢥ꣄ꢣꢮꢸ ꢡꢮ꣄ꢬꢪ꣄,ஹந்த3வு தவ்ரம்
ꢆꢛ꣄ꢗꢳꣁ,உஞ்சலொ
ꢲꢶꢥ꣄ꢣꢳꢶ,ஹிந்த3ளி
ꢓꢮ꣄ꢬꢵ ꢕꢿꢬ꣄,க2வ்ராகே4ர்
ꢓꢮ꣄ꢬꣁ,க2வ்ரொ
ꢐꢞꣁ,ஓடொ3
ꢦꢬꢸꢠ꣄ꢜꢵ ꢕꢿꢬ꣄,பருண்டா3கே4ர்
ꢩꢮꢥ꣄,ப4வன்
ꢒꢮꢵꢜ꣄,கவாட்
ꢬꢴꢾꢜꣁ,ரெ:டொ3
ꢗꢶꢞꢵꢫ ꣄ꢣꢾꢫ꣄ꢞꣁ,சிடா3ய்தெ3ய்டொ3
ꢒꢳꢵ ꢣꢾꢔꢸꢞꣁ,களாதெ3கு3டொ3
ꢪꢳꣁ,மளொ
ꢲꢷꢬ꣄,ஹீர்
ꢒꢸꢜ꣄ꢱꢾ,கு3ட்3ஸெ
ꢒꣁꢳꢵꢫ꣄,கொளாய்
ꢥꢳꢶꢒꣁ,நளிகொ
ꢱ꣄ꢥꢵꢥꢸ ꢕꢿꢬ꣄,ஸ்நானு கே4ர்
ꢓꣁꢜ꣄ꢜꣁ,கொ2ட்டொ
ꢨꣁꢜ꣄ꢜꢵ ꢪꣃꢞꣁ,பொ3ட்டாமௌடொ3
ꢪꢴꢸꢔꢸꢜ꣄,மு:கு3ட்
ꢒꢮꢵꢞꢸ ꢤꢵꢠ꣄,கவாடு3தா4ண்
ꢲꢥ꣄ꢡꢮꢸ ꢡꢮ꣄ꢬꢪ꣄,ஹந்த3வு தவ்ரம்
ꢮꢶꢜꢶ ꢱꢳꢵꢒ꣄,விடி3ஸளாக்
ꢡꢹꢪ꣄ꢦꣁ,தூம்பொ
ꢙꢾꢖ꣄ꢙꢵꢬ꣄,ஜெஞ்ஜார்
ꢬꢾꢖ꣄ꢒꢸ,ரெங்கு
ꢦꢷꢔꢵꢡ꣄,பீ3கா3த்
ꢮꢶꢜꢶ,விடி3
ꢮꢶꢜ꣄ꢒꢾ,விட்3கெ3
ꢮꢶꢞ꣄ꢔꢶꢥꢾ,விட்3கி3னெ
ꢡꢳꢪ꣄,த3ளம்
ꢩꣁꢄ,பொ4இ~
ꢲꣁꢳ꣄ꢜꣁ,ஹொள்டொ
ꢦꢜꢸꢡꣁ,படு3தொ
ꢓꢵꢪ꣄ꢨꢸ,கா2ம்பு3
ꢔꣂꢱꢵꢭꣁ,கோ3 ஶாலொ
ꢔꢵꢫ꣄ꢔꣁꢬꢸꢥꢸꢓꣁꢜ꣄ꢜꣁ,கா3ய்கொ3ருனு கொ2ட்டொ
ꢥꢥ꣄ꢡꢮꢥꢸ,நந்தவனு
ꢡꢵꢪ꣄,தா2ம்
ꢮꢶꢣ꣄ꢣꢾ,வித்3தெ3
ꢪꢴꢞꢶ,ம:டி3
ꢦꢥꢶ ꢥꢶꢮꢶ,பனி நிவி
ꢦꢥꢶꢡꣁꢜ꣄ꢜꢶ,பனிதொட்டி
ꢡꢬꢸꢪ꣄ ꢦꢸꢬꣁ,த3ரும்பு3ரொ
ꢱꣂꢦꢵꢠ꣄,ஸோபாண்
ꢪꢾꢬ꣄ꢒꢠꢶ,மெர்கணி
ꢪꢾꢜ꣄ꢒꢥꢶ,மெட்கனி
ꢥꢶꢛ꣄ꢙꢬꢶꢫꢡꢮ꣄ꢬꢪ꣄,நிஞ்ஜரிய தவ்ரம்
ꢱꢫꢥ ꢡꢮ꣄ꢬꢪ꣄,ஸயன தவ்ரம்
ꢪꣃꢮ꣄ꢞꣁ,மௌடொ3
ꢦꢭꢶꢖ꣄ꢔꢶ ꢣꢾꢫ꣄ꢞꣂ,பளிங்கி3 தெ3ய்டொ3
ꢤꢹꢪꢸ ꢕꢹꢞ꣄,தூ4மு கூ4ட்3
ꢤꢹꢪ꣄ꢙꢮꢞ꣄ꢥꢶ,தூ4ம் ஜவட்3னி
ꢦꢱ꣄ꢒꢜ꣄ ꢲꣁꢜꢵꢬ꣄,பஸ்கட் ஹொடார்
ꢦꢹꢙꢵ ꢂꢬꣁ,புஜாஅரொ
ꢗꢸꢜ꣄ꢜꢸ ꢦꢷꢡ꣄,சுட்டு பீ4த்
ꢕꢿꢬꢸ ꢢꢵꢪ꣄,கே4ரு தா2ம்
ꢦꢷꢞꢸ ꢪꢸꢔ꣄ꢔꢸ,பீடு3முக்3கு3
ꢕꣁꢮ꣄ꢭꣁ,கொ4வ்லொ
ꢬꢮꢸꢳ꣄꣄,ரவுள்
ꢲꣁꢜꢵꢬ꣄,ஹொடா3ர்
ꢩꣁꢖ꣄ꢔ꣄ꢸ,பொ4ங்கு3
ꢪꢸꢭꣁ,மூலொ
ꢆꢪ꣄ꢨ꣄ꢬꣁ,உம்ப்3ரொ
ꢱ꣄ꢮꢵꢔꢡ ꢂꢬꣁ,ஸ்வாக3தஅரொ
ꢨꢜ꣄ꢒꢾ ꢕꢿꢬ꣄,ப3ட்கெகே4ர்
ꢤꢜꣁ,த4டொ
ꢦꢖ꣄ꢓꣁ,பங்கொ2
ꢮꢶꢙꢥꣁ,விஜனொ
ꢣꢶꢮꣁ,தி3வொ
ꢃꢮꢬꢠꣂ,ஆவரணொ
ꢪꢷ,மீ
ꢂꢪꢶ,அமி
ꢡꢹ,தூ
ꢡꢸꢪꢶ,துமி
ꢌꢥꣁ,எனொ
ꢄꢥꣁ,இனொ
ꢌꢥꢸ,எனு
ꢌꢭ꣄ꢫꣁ,எல்யொ
ꢌꢭ꣄ꢫꢾ,எல்யெ
ꢡꢾꢥꣁ,தெனொ
ꢡꢶꢥꣁ,தினொ
ꢡ꣄ꢫꣁ,த்யொ
ꢡ꣄ꢫꢾ,த்யெ
ꢂꢦꢸꢭ꣄,அபுல்
ꢂꢦ꣄ꢭꢵꢥ꣄,அப்லான்
ꢒꣂꢥ꣄ꢒꣂꢥ꣄,கோன்கோன்
ꢒꣂꢥ꣄ꢫꣁ,கோன்யொ
ꢗꢸꢳ꣄ꢳꣁ,சுல்லொ
ꢡꢜꣁ,தடொ
ꢮꢶꢜ꣄ꢒꢶ,விட்கி
ꢭꢴꣁꢔꢠꢸꢦꢾꢜꢶ,லொ:க3ணுபெடி
ꢱꢸꢬꢸꢔ꣄,ஸுருக்3
ꢔꢾꢱꢶꢥ ꢶꢦꢾꢜꢶ,கெ3ஸினிபெடி
ꢱꢜꣁ,ஸடொ
ꢗꢶꢡ꣄ꢡꢸꢬ꣄,சித்துர்
ꢪꣁꢛ꣄ꢗꣁ,மொஞ்சொ
ꢕꢾꢜꢶꢔꢳꣁ,கெ4டி3க3ளொ
ꢣꢮ꣄ꢠꣁ,த3வ்ணொ
ꢘꢸꢬꢶ,சு2ரி
ꢒꢾꢡ꣄ꢡꢶꢬꢶꢒꢾ,கெத்திரிகெ
ꢒꢪ꣄ꢨ꣄ꢭꣁ,கம்ப்3ளொ
ꢧꢖ꣄ꢔꢸꢬꣁ,ப2ங்கு3ரொ
ꢇꢬ꣄ꢠꢸꢧꢖ꣄ꢔꢸꢬꣁ,ஊர்ணு ப2ங்கு3ரொ
ꢦꢵꢄ~ ꢦꣁꢱꢸꢥꢵꢮ꣄,பாஇ~பொஸுனாவ்
ꢦꣃꢱꢸꢭ꣄,பௌஸுல்
ꢔꢸꢖ꣄ꢔꢸꢪꢸ ꢩꣁꢬꢠꢶ,குங்கு3மு பொ4ரணி
ꢱꢣꢶ,ஸதி3
ꢘꢡ꣄ꢬꢶ,ச2 த்ரி
ꢔꢾꢭ꣄ꢭꣁ,கெ3ல்லொ
ꢔꢸꢡ꣄ꢡꢶ,கு3த்தி
ꢔꢸꢦ꣄ꢦꣁ,குப்பொ
ꢲꢷꢞꢸꢮꢱ꣄ꢡꢸꢥ꣄,ஹீடு3வஸ்துன்
ꢔꢾꢭ꣄ꢭꣁ,கெல்லொ
ꢒꣂꢮꢶ,கோவி
ꢧꢸꢥ꣄ꢥꢳꢶ,பு2ன்னளி
ꢥꢳꢶ,நளி
ꢲꢵꢡꢸ ꢓꣁꢳ꣄ꢜꢶ,ஹாதுகொ2ள்டி
ꢦꢶꢱꢸꢳꢵ ꢏꢭꣁ,பிஸுளா ஒலொ
ꢱꢶꢬ꣄ꢒꢠ꣄,ஸிர்கண்
ꢯ꣄꣄ꢬꢷꢔꢥ꣄ꢤꢸ,ஸ்ரீக3ந்து4
ꢙꢾꢖ꣄ꢔꢳꢪ꣄,ஜெங்க3ளம்
ꢮꢱ꣄ꢡꢸꢥ꣄꣄,வஸ்துன்
ꢙꢪꢵꢥꢸꢥ꣄,ஜமானுன்
ꢨꢶꢔꢵꢡ꣄,பி3கா3த்
ꢧꣁꢥ꣄ꢥꢶ,பொ2ன்னி
ꢩꢷꢡꢸ ꢕꢾꢞꢶꢔꢳꣁ,பீ4துகெ4டி3க3ளொ
ꢨꣁꢖ꣄ꢔꢸ ꢡꢜ꣄ꢜꢶ,பொ3ங்கு3 தட்டி
ꢭꣀꢞꣁ,லைடொ3
ꢨꢠꢵꢭ꣄ ꢭꢔꢸꢞꣁ,ப3ணால் லகு3டொ3
ꢲꢡ꣄ꢬꢥ꣄,ஹத்ரன்
ꢡꢾꢭ꣄ꢒꢜ꣄,தெல்கட்
ꢲꢸꢪ꣄ꢬꣁ,ஹும்ரொ
ꢣꢶꢠ꣄ꢞꢸ,தி3ண்டு3
ꢪꣁꢭ꣄ꢜꢶ,மொள்டி
ꢮꢵꢡ꣄,வாத்
ꢭꣁꢪ꣄ꢨꢥ꣄ ꢣꢶꢮꣁ,லொம்ப3ன் தி3வொ
ꢦꢭ꣄ꢭꣁ,பல்லொ
ꢒꢾꢱꢶꢥꢶ ꢦꢾꢜꢶ,கெசினி பெடி
ꢥꢶꢮꢶ,நிவி
ꢡꣁꢜ꣄ꢜꢶ,தொட்டி
ꢬꢹꢦꢣꢬ꣄ꢯꢶꢥꢶ,ரூப த3ர்ஷினி
ꢣꢹꢬ꣄ ꢮꢣꢶꢥꢶ,தூ3ர் வதி3னி
ꢒꢾꢰꢠ꣄ ꢓꣁꢳ꣄꣄ꢜꢶ,கெஷண் கொ2ள்டி
ꢓꢵꢥꢣꢸ ꢓꣁꢳ꣄꣄꣄ꢜꢶ,கா2ந்து3கொ2ள்டி
ꢣꢶꢥ꣄ꢥꢸ ꢣꢾꢒ꣄ꢒꢜ꣄ꢥꢶ,தி3ன்னுதெ3க்கட்னி
ꢣꢶꢥꢗꢬ꣄ꢫꣁ,தி3னசர்யொ
ꢗꢵꢬ꣄ꢦꢵꢄ~ ꢡꢶꢮꢶ,சார்பாஇ~திவி
ꢒꢸꢬ꣄ꢱꢶ,குர்ஸி
ꢒꣂꢥ꣄ꢡꢸ,கோ3ந்து
ꢣꢶꢞ꣄ꢞꢸ,தி3ட்3டு3
ꢮꢭ꣄ꢭꢶꢬ꣄,வஜ்ஜிர்
ꢭꣂꢱ꣄,லோஸ்
ꢱꢫꢥꢶ,ஸயனி
ꢱꢫꢥꢸ ꢲꢡ꣄ꢬꢥ꣄,ஸயனு ஹத்ரன்
ꢒꢸꢡꢸꢬ꣄,குதுர்
ꢣꢵꢡꢸ ꢨꢸꢬꢸꢱ꣄,தா3து பு3ருஸ்
ꢣꢵꢡꢸ ꢪꢛ꣄ꢙꢥ꣄,தா3து மஞ்ஜன்
ꢞꢵꢡꢸ ꢔꢾꢱꢶꢥꢶ,தா3து கெ3ஸினி
ꢣꢵꢡꢸꢭꢿꢲꢶ,தா3து லேஹி
ꢣꢵꢡꢸ ꢩꢸꢬ꣄ꢒꣁ,தா3து பு4ர்கொ
ꢌꢣꢸꢥꢪ꣄,எது3னம்
ꢗꢦꣂ,சபொ
ꢔꢾꢜ꣄ꢦꢵꢬꣁ,கெ3ட்பாரொ
ꢤꢹꢪ꣄ ꢭꣂꢱ꣄,தூ4ம் லோஸ்
ꢩꢵꢮ ꢗꢶꢡ꣄ꢡꢸꢬ꣄,பா4வசித்துர்
ꢥꢵꢳꣁ,நாளொ
ꢧꢹꢭꢸ ꢥꢶꢮꢶ,பூ2லு நிவி
ꢦꢾꢜꢶ,பெடி
ꢦꢶꢳ꣄ꢜꢶ,பிள்டி
ꢧꢖ꣄ꢔꢸꢬꢶ,ப2ங்கு3ரி
ꢕꢾꢜꢶ,கெ4டி3
ꢦꢵꢫ꣄ꢥ꣄ ꢦꣁꢱꢶꢭ꣄ꢥꢶ,பாய்ன் பொஸில்னி
ꢮꢶꢣ꣄ꢫꢸꢡ꣄ꢮꢶꢙꢥꣁ,வித்3யுத்விஜனொ
ꢮꢶꢣ꣄ꢫꢸꢮꢶꢡ꣄ ꢣꢶꢮꣁ,வித்3யுத் தி3வொ
ꢢꢷꢥ꣄ꢦꢵꢄ~ ꢡꢶꢮꢶ,தீ2ன்பாஇ~திவி
ꢪꢾꢣꢸꢳꣁ,மெது3ளொ
ꢪꢾꢫꢶꢥꢸ ꢮꢵꢡ꣄,மெயினுவாத்
ꢪꣂꢪ꣄ ꢮꢵꢡ꣄,மோம் வாத்
ꢪꢿꢙꣁ,மேஜொ
ꢒꢸꢞꣁ,குடொ3
ꢔꢮ꣄ꢥꢶ ꢦꢾꢜꢶ ꢂꢒꢵꢱ꣄ ꢤꣁꢥꢶ ꢦꢾꢜꢶ,க3வ்னி பெடி
ꢡꢶꢮꣁ,தி3வொ
ꢙꢾꢡꣁ,ஜெதொ
ꢓꢵꢳ꣄,கா2ள்
ꢨꢾꢠ꣄ꢜꢸ ꢮꢵꢕ꣄ ꢓꢭ꣄ꢥꢶ,பெ4ண்டு வாக்4 க2ள்னி
ꢩꢭ ꢮꢶꢱꢶꢬ꣄ꢥꢶ,ப4ல விஸிர்னி
ꢣꢿꢲꢵꢦ꣄ꢧꢶꢫꢵꢱ꣄,தே3ஹாப்4யாஸ்
ꢇꢛ꣄ꢗꢭꢶ,ஊஞ்சலி
ꢲꢷꢥ꣄ꢡꢳꣁ,ஹிந்த3ளொ
ꢦ꣄ꢬꢡꢶꢮꢵꢥ꣄,ப்ரதிவான்
ꢤꢪ꣄ꢥꢶꢓꢾꢭ꣄,த4ம்னிகே2ள்
ꢤꢪ꣄ꢤꢾꢬꢥ꣄ ꢓꢵꢳ꣄꣄,தா4ம்தெ4ரன்கா2ள்
ꢡꢾꢬꢡ꣄ꢡꢾꢓꢵꢳ꣄,தெரத்தெகா2ள்
ꢒꢜ꣄ꢗꢶ,கட்சி
ꢒꢦꢞꢶ,கபடி3
ꢦꢵꢄ~ ꢔꣁꢳꣁ,பாஇ~கொ3ளொ
ꢒꢶꢜ꣄ꢜꢶꢦꢸꢳ꣄꣄,கிட்டிபுள்
ꢓꢜ꣄ꢜꢶ ꢓꢵꢳ꣄,க2ட்டி கா2ள்
ꢦꢵꢠ꣄ꢞꢶ ꢓꢵꢳ꣄,பாண்டி கா2ள்
ꢬꢮꢵꢒ꣄ ꢓꢵꢳ꣄꣄,ரவாகா2ள்
ꢧꣁꢳ꣄꣄ꢜꢾ ꢩꢙ꣄ꢙꢶ,பொ2ள்டெ ப4ஜ்ஜி
ꢱꢶꢮ꣄ꢙꢾ ꢒꢞꢭꢾ,ஸிவ்ஜெகட3லெ
ꢔꣁꢳ ꢩꢵꢬ꣄ ꢮꢶꢱꢶꢬ꣄ꢥꢶ,கொ3ளபா4ர்விஸிர்னி
ꢔꢸꢠ꣄ꢜꢸ ꢮꢶꢱꢶꢬ꣄ꢥꢶ,கு3ண்டு3 விஸிர்னி
ꢔꢸꢣ꣄ꢣꢶꢥꢶ ꢚꢾꢞꣁ,கு3த்3தி3னி ஜெ2டொ3
ꢔꢸꢣ꣄ꢣꢵ ꢚꢾꢞꣁ,கு3த்3தா3 ஜெ2டொ3
ꢒꢸꢱ꣄ꢡꢶ,கு3ஸ்தி
ꢒꢦ꣄ꢦꢸ,கப்பு
ꢨꢳꢶꢖ꣄ꢔꢶ,ப3ளிங்கி3
ꢒꢨꢞꢶ,கப3டி3
ꢗꢣꢸꢬꢖ꣄ꢒꢪ꣄,சது3ரங்க3ம்
ꢗꢷꢞꢸꢓꢵꢳ꣄,சீடு3கா2ள்
ꢗꢷꢜ꣄,சீட்
ꢭꢮ꣄ꢥꢶꢱ꣄ ꢦꢬ꣄ꢤꢥ꣄,லவ்னி ஸ்பர்த4ன்
ꢒꣁꢮ꣄ꢜꢵ ꢓꢵꢳ꣄,கொவ்டா3 கா2ள்
ꢏꢜ꣄ꢥꢶ,ஒட்னி
ꢦꢬꢵꢙꢾꢫꣁ,பராஜெயொ
ꢡꢬ꣄ꢥꢶ,தர்னி
ꢅꢡꣁ,ஈதொ
ꢮꢾꢣꢸꢬꢸ ꢮꢬ꣄ꢠꢥꣁ,வெது3ரு வர்ணனொ
ꢦ꣄ꢬꢡ꣄ꢫꢒꢰ ꢮꢬ꣄ꢠꢥꣁ,ப்ரத்யக்ஷ வர்ணனொ
ꢡꢡ꣄ꢒꢵꢭꢸ ꢮꢬ꣄ꢠꢥꣁ,தத்காலு வர்ணனொ
ꢮꢺꢡꢸ,வ்ருது
ꢦꣁꢜ꣄ꢜꢪ꣄,பொட்டம்
ꢥꣃꢒꢵꢱ꣄ꢦꢬ꣄ꢤꢥꣁ,நெளகா ஸ்பர்த4னொ
ꢥꣃꢒꢵ ꢦꣁꢥ꣄ꢡꢶ,நௌகா பொந்தி
ꢦꢥ꣄ꢡꢸ,பந்து3
ꢔꣁꢳꣁ,கொ3ளொ
ꢩꣁꢖ꣄ꢒꢸꢬꣁ,பொ4ங்கு3ரொ
ꣁꢦꢭ꣄ꢭꢵꢖ꣄ꢒꢸꢳꢶ,பல்லாங்குழி
ꢱꢖ꣄ꢓ꣄ꢫꢵꢥ꣄,ஸங்க்2யான்
ꢧꢹꢭꢸ ꢔꣁꢳꣁ,பூ2லுகொ3ளொ
ꢧꢹꢭꢸ ꢦꢥ꣄ꢣꢸ,பூ2லு பந்து3
ꢱ꣄ꢦꢬ꣄ꢤꢵ ꢡꣁꢬꢠ꣄,ஸ்பர்தா4 தொரண்
ꢓꢿꢳꢸ ꢬꢾꢪ꣄,கே2ளு ரேம்
ꢓꢿꢳ꣄,கே2ள்
ꢓꢿꢳꢸꢮꢥ꣄,கே2ளுவான்
ꢢꢷꢬ꣄,தீ4ர்
ꢓꢿꢳꢸꢮꢡꢶ,கே2ளுவதி
ꢓꢿꢳ꣄ꢳꢶꢶ,கே2ளளி
ꢙꢷꢒ꣄,ஜீக்
ꢙꢾꢫꢪ꣄,ஜெயம்
ꢆꢦꢡ꣄ꢫꢒꣁ,உபத்யகொ
ꢱꢾꢡꢸ,ஸேது
ꢂꢳ,அள
ꢚꢬꢶ,ஜ2ரி
ꢱꢸꢥ꣄ꢣꢸꢬ꣄,ஸுந்து3ர்
ꢥꢾꢣ꣄ꢣꢶ,நெத்3தி3
ꢪꣁꢱ꣄ꢫꢵꢥ꣄,மொஸ்யான்
ꢆꢥ꣄ꢣꢬ꣄,ஹந்தா3ர்
ꢂꢥ꣄ꢣꢬ꣄,ஹந்தா3ர்
ꢒꢱꢸ,கஸு
ꢲꢸꢳꢵꢔ꣄ꢔꢶꢬꢶ,ஹுளாக்3கி3ரி
ꢡꢳꣁ,தளொ
ꢱꢾꢣ꣄ꢣꢸ,ஸெத்3து3
ꢲꢸꢙꢵꢳ꣄,ஹுஜாள்
ꢦꣁꢥ꣄ꢣꣁ,பொ3ந்தொ3
ꢨꣁꢥ꣄ꢣꢸꢬ꣄,ஸுந்து3ர்
ꢆꢥ꣄ꢣꢸꢬꢸꢡꢷꢬꢸ,ஸுந்து3ருதீரு
ꢓꢠ꣄ꢞꢪ꣄,க2ண்ட3ம்
ꢗꢶꢞꢵꢫ꣄ꢣꢾꢞꢸꢜꣁ,சிடா3ய்தெ3கு3டொ
ꢒꢭꢣꢾꢔꢸꢜꣁ,களதெ3கு3டொ
ꢡꢷꢬꢸ,தீரு
ꢗꢶꢞꢪꢡ꣄ꢡꢶ,சிட3மத்தி
ꢗꢶꢔꢸꢜ꣄ꢜꢪ꣄ꢡꢡꢶ,சிகு3ட்டமத்தி
ꢣꢵꢬꢸ,தா3ரு
ꢬꢵꢠ꣄,ராண்
ꢮꢥꢪ꣄,வனம்
ꢪꢷꢜꢸ ꢡꢳꣁ,மீடு தளொ
ꢒꣃꢭꣁ,கௌலொ
ꢕꢸꢦꣁ,கு4பொ
ꢱꣁꢬꣁ,ஸொரொ
ꢱꢸꢥ꣄ꢣꢸꢬꢸꢒꢸꢒ꣄ꢰꢶꢱꢸꢥ꣄ꢡꢸꢬꢲꢷꢦꢸ,ஸுந்து3ரு குக்ஷி
ꢨꢸꢱꢸꢪ꣄ꢨꢸꢞ꣄ꢞꣁ,பு3ஸும்பு3ட்3டொ3
ꢓꣃꢬꢶ,கௌ2ரி
ꢕꢷꢬ꣄,கீ4ர்
ꢥꢶꢥ꣄ꢥꣁ,நிந்னொ
ꢔꢶꢬꢶ ꢬꢵꢠ꣄,கி3ரி ராண்
ꢣꣁꢖ꣄ꢔꢬ꣄,தொ3ங்க3ர்
ꢒꢒꢸꢣ,ககுத3
ꢱꢖ꣄ꢔꢪꢪ꣄,ஸங்க3மம்
ꢡꢭꢵꢡꢵꢪ꣄,தளாதாம்
ꢱꢥ꣄ꢣ꣄ꢫꢵ,ஸந்த்3யா
ꢱꢾꢥ꣄ꢡꢸ,ஸெந்து
ꢪꢲꢵꢱꢵꢔꢬꢪ꣄,மஹாஸாக3ரம்
ꢗꢶꢞꢵꢫ꣄,சிடா3ய்
ꢗꢶꢞꢫ꣄ꢣꢾꢫ꣄ꢞꣁ,சிடா3ய்தெ3ய்டொ3
ꢮꢵꢜ꣄,வாட்
ꢬꢾꢱ꣄ꢡ,ரெஸ்த
ꢡꣂꢱ꣄,தோஸ்
ꢤꢮꢵꢮꢵꢜ꣄,த4வாவாட்
ꢃꢮꢬ꣄ꢡꢸ,ஆவர்து
ꢃꢮꢬ꣄ꢡꢸꢮꢬꣁ,ஆவர்து வரொ
ꢱꢸꢬꢶꢮꢬꣁ,ஸுரிவரொ
ꢬꢪꢡ꣄ꢡꢶ,ரமத்தி
ꢦꣁꢜ꣄ꢒ꣄ꢫꢵꢜ꣄,பொட்க்யாட்
ꢗꢒ꣄ꢒꢶꢭ꣄,சக்கில்
ꢪꢵꢬ꣄ꢔꢪ꣄,மார்க3ம்
ꢧꢹꢭꢸꢡꢳꣁ,பூ2லுதளொ
ꢦꢷꢒ꣄ ꢥꢴꢷꢡ꣄ꢡ ꣄ꢢꢵꢪ꣄,பீக் நீ:த்த தா2ம்
ꢡꢭꢪ꣄,தலம்
ꢩꢸꢡꢭꢪ꣄,பூ4தலம்
ꢤꢵꢡꢸꢮꢱ꣄ꢡꢸ,தா4துவஸ்து
ꢆꢳꢵ ꢔꣁꢳꣁ,ஹுளா கொ3ளொ
ꢣꢷꢦ ꢔꢬ꣄ꢦꢸ,தீ3ப க3ர்பு
ꢣꢶꢮꢸ,தீ3வு
ꢡꢵꢬꢸ ꢱ꣄ꢡꢭ꣄,தாரு ஸ்த2ல்
ꢤꢹꢳꢶ,தூ4ளி
ꢙꢾꢙ꣄ꢙꢸ,ஜெஜ்ஜு
ꢮꢷꢡ꣄,வீத்
ꢣꢶꢒꢥ꣄ꢡꢸ,தி3கந்து
ꢩꢸꢛ꣄~,பு4இ~
ꢗꣀꢭꣁ,சைலொ
ꢥꢷꢞꣁ,நீடொ3
ꢦꢥꢶ,பனி
ꢂꢮ꣄ꢬꢶ,அவ்ரி
ꢑꢬꢶ,ஒளரி
ꢦꢥ꣄ꢬꢾꢪ꣄,பன்ரேம்
ꢦꢥꢶ ꢱ꣄ꢢꢶꢡꢶ,பனி ஸ்தி2தி
ꢦꢥ ꣄ꢤꢵꢪ꣄,பன் தா4ம்
ꢦꢷꢥ꣄,பீ2ன்
ꢂꢨ꣄ꢬꢥꢶ ꢤꢬꢶꢬ꣄,அப்3ரனி த4ரிர்
ꢪꢲꢵ ꢕꢷꢬ꣄,மஹாகீ4ர்
ꢦꢣꢵꢳ꣄,பதா3ள்
ꢱꢿꢡꢸ,ஸேது
ꢮꢭꢸ ꢬꢵꢠ꣄,வளு ராண்
ꢮꢭꢸ ꢮꢥ,வளு வன
ꢦꢵꢬꣁ,பாரொ
ꢆꢜꢵꢮ꣄,உடாவ்
ꢱꢪꢱ꣄ꢢꢭ꣄,ஸமஸ்த2ல்
ꢚꢸꢛ꣄ꢙꢸ,ஜ2ஞ்ஜு
ꢩꢸꢛ꣄,பு4இ~
ꢩꢸꢄ~ ꢓꢶꢠꣀꢥꢶ,பு4இ~கி2ணைனி
ꢩꢸꢒꢪ꣄ꢦꢸ,பு4கம்பு
ꢪꢃꢱꢸꢥ꣄ꢣꢸꢬ꣄,மஹாஸுந்து3ர்
ꢪꢴꣁꢜ꣄ ꢚꢬꢶ,மொ:ட் ஜ2ரி
ꢩꢸꢬ꣄ꢒꣁ,பு4ர்கொ
ꢗꢹꢬ꣄ꢠꢸ,சூர்ணு
ꢲꢶꢬꣁ,ஹிரொ
ꢣꢪꢬ꣄ ꢡꢳꣁ,த3மர் தளொ
ꢱꢢꢶꢡꢶ,ஸ்தி2தி
ꢪꢡ꣄ꢡꢶ,மத்தி
ꢮꢳꢸ,வளு
ꢮꢳꢸꢡꢶꢦ꣄ꢦꣁ,வளுதிப்பொ
ꢮꢳꢸꢪꢶꢜ꣄ꢜꣁ,வளுமிட்டொ
ꢪꣁꢯ꣄꣄ꢫꢵꢥ꣄,மொஶன்
ꢦꢷꢒꢸꢤꢬꢶꢬ꣄,பீகுத4ரிர்
ꢔꢶꢬꢶ,கி3ரி
ꢔꢶꢬꢶꢚꢶꢬ꣄ꢮꢵꢜ꣄,கி3ரிஜி2ர்காவ்
ꢡꣁꢖ꣄ꢔꢬ ꣄ꢮꢵꢜ꣄,தொ3ங்க3ர் வாட்
ꢡꣁꢖ꣄ꢒꢬ꣄ꢡꣁꢬꢠ꣄,தொ3ங்கர் தொரண்
ꢗꢦꢭ꣄,சபல்
ꢥꢴꢵꢥ꣄ꢮꢷꢡ꣄,நா:ன்வீத்
ꢮꢥꢵꢥ꣄ꢡꢶꢬ,வனாந்தர்
ꢪꣁꢥꣁ,மொனொ
ꢂꢓꢵꢣꣁ,அகா2தொ3
ꢮꢾꢭ꣄ꢮꣁ,வெல்வொ
ꢦ꣄ꢬꢮꢵꢲ,ப்ரவாஹ்
ꢦꢥ꣄ꢰꢥ꣄ꢣꢶ,பன்ஸந்தி3
ꢂꢒ꣄ꢒꢬꣁꢓꢳ꣄ꢳꢿ,அக்கரொ க2ள்ளே
ꢂꢨ꣄ꢨꢶꢥꢶ ꢦꣂꢜ꣄,அப்3பி3னிபோட்
ꢤꢒ꣄ꢒꢵꢜ꣄,த4க்காட்
ꢂꢗ꣄ꢗꢸ ꢡꢵꢫ꣄,அச்சு தாய்
ꢪꢸꢣ꣄ꢬꢶꢠꢶ ꢒꢾꢬ꣄,முத்3ரிணி கேர்
ꢤꢵꢒ꣄ ꢕꢵꢭ꣄,தா4க் கா4ல்
ꢔꢵꢭꢸꢪ꣄ ꢢꣁꢮ꣄ꢭꢶ ꢭꢸꢨ꣄ꢨꢶ,கா3லும் தொ2வ்லி லுப்3பி3
ꢆꢞ꣄ꢔꢞꢶ ꢢꣁꢮ꣄,உட்3க3டி3 தோ2வ்
ꢕꢵꢪ꣄ ꢭꢔꢳ꣄ꢳꢿ,கா4ம் லக3ள்ளே
ꢓꢵꢭ꣄ ꢦꣂꢜ꣄,கா2ல்போட்
ꢨꢥ꣄ꢣꢶ ꢒꢿꢬ꣄,ப3ந்தி3கேர்
ꢣꢵꢱ꣄ ꢒꢿꢬ꣄,தா3ஸ் கேர்
ꢦꢔꢸꢭ꣄ ꢢꣁꢮ꣄,பகு3ல் தோ2வ்
ꢙꢾꢡꣁꢒꢥꢶ ꢃꢮ꣄,ஜெதொகனிஆவ்
ꢂꢡ꣄ꢒ꣄ꢫꢵꢬ ꣄ꢣꢿ,அத்க்யார் தே3
ꢨꢾꢣꢶꢬꢶ ꢦꣂꢜ꣄,பெ3தி3ரி போட்
ꢨꢾꢣꢸꢬ꣄ ꢦꣁꢞꢵꢜ꣄,பெ3து3ர்பொடா3ட்
ꢱꢪꢵꢤꢵꢥ꣄ ꢒꢿꢬ꣄,ஸமாதா4ன்கேர்
ꢯꢵꢥ꣄ꢡꢶ ꢒꢿꢬ꣄,ஶாந்தி கேர்
ꢱꢪꢵꢤꢵꢥ꣄ ꢲꣁ,ஸமாதா4ன் ஹோ
ꢂꢬ꣄ꢦꢠꣁ ꢒꢾꢬ꣄,அர்பணொ கேர்
ꢙꢭ꣄ꢦꢥꣁ ꢒꢿꢬ꣄,ஜல்பனொ கேர்
ꢮꢶꢬ꣄ꢢꢵ ꢮꢡ꣄ꢡꣁ ꢒꢿꢬ꣄,விர்தா2 வத்தொ கேர்
ꢒꢾꢰ꣄ꢜꢪ꣄ꢦꢵꢜ꣄ꢦꣁꢜ꣄,கெஷ்டம் பாட்போட்
ꢮꢾꢥ꣄ ꢒꢾꢰ꣄ꢜꢪ꣄ ꢦꣂꢜ꣄,வேன் கெஷ்டம் போட்
ꢱꢶꢖ꣄ꢔꢵꢬ꣄ ꢒꢿꢬ꣄,ஸிங்கா3ர் கேர்
ꢂꢭꢖ꣄ꢒꢵꢬ꣄ ꢒꢿꢬ꣄,அலங்கார் கேர்
ꢂꢮ꣄ꢱꢬ꣄ꢒꢿꢬ꣄,அவ்ஸர்கேர்
ꢂꢮ꣄ꢱꢬ꣄ꢦꣂꢜ꣄,அவ்ஸர்போட்
ꢂꢮ꣄ꢤꢶ ꢦꣂꢜ꣄,அவ்தி4 போட்
ꢥꢶꢪꢥ꣄ꢡ꣄ꢬꢠꣁ ꢒꢿꢬ꣄,நிமந்த்ரணொ கேர்
ꢨꣁꢮꢥ꣄ ꢤꢞ꣄ꢞꢿ,பொ3வன் த4ட்3டே3
ꢦꢬꢶꢗꢫꣁ ꢒꢿꢬ꣄,பரிசயொகேர்
ꢱꢶꢒ꣄ꢒꢞꢶ ꢣꢾ,ஸிக்கடி3 தே3
ꢛꢵꢥ꣄ ꢣꢾ,ஞான் தே3
ꢦꢶꢒ꣄ꢒꢶꢥꢶ ꢒꢵꢜ꣄,பிக்கினி காட்
ꢦꢷꢒ꣄ ꢒꢵꢜ꣄,பீக் காட்
ꢂꢥ꣄ꢫꣁ ꢲꣂ,அன்யொஹோ
ꢂꢣꢶꢱꢪ꣄ ꢦꣂꢜ꣄,அதி3ஸம்போட்
ꢃꢯ꣄꣄ꢗꢬ꣄ꢫꢸ ꢦꣁꢞꢵꢜ꣄,ஆஶ்சர்யு பொடா3ட்
ꢃꢱ꣄ꢡ ꢦꣂꢜ꣄,ஆஸ்தபோட்
ꢂꢦꢸꢭ꣄ ꢒꢾꢬ꣄ꢭꢾ,அபுல் கெர்லே
ꢂꢦꢸꢭ꣄ꢒꢥꢶ ꢮꢲꢶꢭꢿ,அபுல்கனி வஹிலே
ꢂꢦ꣄ꢭꢵꢥ꣄ ꢒꢾꢬ꣄ꢭꢿ,அப்லான் கெர்லே
ꢱ꣄ꢢꢶꢬꢪ꣄ ꢥꢴꢷꢡ꣄ꢡꣁ ꢬꢴ ꢵ,ஸ்தி2ரம் நீ:த்தொ ரா:
ꢲꢭ꣄ꢭꢥ꣄ ꢥꢶꢔꢶꢭ꣄,ஹல்லன் நிகி3ள்
ꢆꢣ꣄ꢣꢬ꣄ ꢣꢾ,உத்தர் தே3
ꢬꢵꢒ꣄ ꢂꢥ꣄꣄ꢭꢾ,ராக் அன்லே
ꢬꢵꢒ꣄ ꢂꢮꢵꢜ꣄,ராக்அவாட்
ꢃꢣꢬꣁ ꢣꢿ,ஆத3ரொ தே3
ꢡꢾꢫꢵꢬ꣄ ꢒꢾꢬ꣄ꢭꢿ,தெயார் கெர்லே
ꢆꢡ꣄ꢒꢸꢬꣂꢯꣁ ꢒꢿꢬ꣄,உத்குரோஶொ கேர்
ꢬꢾꢗ꣄ꢗꢵ ꢬꢾꢗ꣄ꢗꣁ ꢡꢵꢫ꣄,ரெச்சா ரெச்சொ தாய்
ꢙꣁꢱ꣄ꢫꢪ꣄ ꢱꢖ꣄ꢔꢶ,ஜோஸ்யம் ஸங்கி3
ꢧꢸꢭ꣄ꢭꢵꢪ꣄ ꢱꢖꢔꢶ,பு2ல்லாம் ஸங்கி3
ꢃꢭꣂꢗꢥꣁ ꢱꢖ꣄ꢔꢶ,ஆலோசனொஸங்கி3
ꢤꢾꢫ꣄ꢬꢶꢫꢪ꣄ ꢱꢖ꣄ꢔꢶ,தெ4ய்ரியம்ஸங்கி3
ꢯꢵꢥ꣄ꢡꢶ ꢣꢾ,ஶாந்தி தே3
ꢱꢵꢥ꣄ꢡ꣄ꢮꢥꣁ ꢒꢿꢬ꣄,ஸாந்த்வனொ கேர்
ꢱꢪ꣄ꢪꢡ꣄ ꢣꢿ,ஸம்மத் தே3
ꢢꢵꢪ꣄ꢡꢔꢶ ꢢꣁꢮ꣄,தா2ம்தகி3 தோ2வ்
ꢢꢵꢪ꣄ ꢣꢿ,தா2ம்தே3
ꢢꢵꢪ꣄ ꢪꢬ꣄ꢗꢶ ꢙꢵ,தா2ம்மர்சி ஜா
ꢢꢵꢪ꣄ ꢪꢬ꣄ꢗꢶ ꢢꣁꢮ꣄,தா2ம் மர்சி தோ2வ்
ꢢꢵꢪ꣄ꢪꢬ꣄ꢗꢶ,தா2ம்மர்சி
ꢒꢾꢰ꣄ꢜꢪ꣄ ꢂꢞ꣄ꢞꢪ꣄ ꢂꢮꢵꢜ꣄,கெஷ்டம் அட்3ட3ம் அவாட்
ꢥꢾꢱ꣄ꢒꢶꢥꢶ ꢦꣁꢜ꣄,நெஸ்கினி போட்
ꢂꢮ꣄ꢞꣁꢦꣂꢜ꣄,அவ்டொ3போட்
ꢡꣁꢥ꣄ꢣꢬꢮ꣄ ꢒꢿꢬ꣄,தொந்த3ரவ் கேர்
ꢏꢦ꣄ꢦꢱ꣄ꢡꢶꢱꣁ ꢒꢿꢬ꣄,ஒப்பஸ்திஸொ கேர்
ꢂꢥꢸꢡꢵꢦ꣄ ꢒꢭꢵꢜ꣄,அனுதாப் களாட்
ꢪꢴꢮ꣄ꢭꢶ ꢡꢵꢫ꣄,ம:வ்லி தாய்
ꢲꢥ꣄ꢢꢵꢬ꣄ ꢒꢿꢬ꣄,ஹந்தா3ர்கேர்
ꢩꢮꢵꢜ꣄ ꢡꢵꢫ꣄,ப4வாட்தாய்
ꢱꢖ꣄ꢓ꣄ꢫꣁꢣꢿ,ஸங்க்2யொதே3
ꢦꣁꢜ꣄ꢜꢳ ꢶꢩꢥ꣄ꢣꢶꢭꢿ,பொட்டளி ப4ந்தி3லே
ꢦꣁꢞꢭꢶ ꢩꢥ꣄ꢣꢶꢭꢿ,பொட3லி ப4ந்தி3லே
ꢣꢿꢮꢸ ꢦꢣꢪ꣄ ꢪꢷꢭ꣄,தே3வு பத3ம் மீள்
ꢔꢸꢬ꣄ꢡꢸ ꢒꢳꣀꢭꢿ,கு3ர்து களைலே
ꢱꢪꢪꣁ ꢲꣁꢫ꣄ꢭꢿ,ஸமமொ ஹொய்லே அபே4த் ஜவட்3ளே
ꢂꢩꢿꢡ꣄ ꢙꢮꢞ꣄ꢳꢿ,ஸமமொ ஹொய்லே அபே4த் ஜவட்3ளே
ꢦ꣄ꢬꢡꢶꢦꢹꢬ꣄ꢡꢶ ꢒꢿꢬ꣄,ப்ரதிபூர்தி கேர்
ꢆꢥ꣄ꢥꢦꢥ꣄ ꢱꢾꢬ꣄ꢒꣁ ꢒꢿꢬ꣄,உன்னபன் ஸெர்கொ கேர்
ꢭꢔꢶꢛ꣄ꢗꢶ ꢬꢴꢵ,லகி3ஞ்சி ரா:
ꢭꢔꢶꢛ꣄ꢗꢞꢶ ꢬꢴꢵ,லகி3ஞ்சடி3 ரா:
ꢱꢶꢣ꣄ꢤꢶ ꢲꣂ,ஸித்3தி4 ஹோ
ꢒꢾꢭꢵꢪ꣄ ꢭꢵꢮ꣄,கெலாம்லாவ்
ꢩꣁꢙꢥꣁ ꢒꢾꢬ꣄ꢭꢿ,போ4ஜனொகெர்லே
ꢩꢶꢡ꣄ꢡꢬ꣄ ꢢꣂꢮ꣄,பி4த்தர் தோ2வ்
ꢲꣁꢔꢡ꣄ ꢲꢶꢖ꣄ꢔꢵꢜ꣄,ஹொக3த் ஹிங்கா3ட்
ꢱꢪ꣄ꢪꢡ꣄ ꢦꣁꢥ꣄ꢣꢶ,ஸம்மத் பொந்தி3
ꢩꢶꢡ꣄ꢡꢬ꣄ ꢡꢹꢬ꣄,பி4த்தர் தூர்
ꢱꢲꢪꢡꢶ ꢲꣁꢫ꣄ꢭꢿ,ஸஹமதி ஹொய் லே
ꢏꢙꢥꢵꢒ꣄ ꢏꢙꢥꣁ ꢏꢦ꣄ꢦꢶꢭꢿ,ஒஜனாக் ஒஜனொ ஒப்பிலே
ꢨꣁꢜ꣄ꢜꣁ ꢲꢾꢜ꣄,பொ3ட்டொ ஹேட்
ꢨꣁꢜ꣄ꢜꣁ ꢱꣁꢮ꣄ꢞꢶ,பொ3ட்டொ ஸொவ்டி3
ꢆꢬ꣄ꢦꢡ꣄ꢡꢶ ꢒꢿꢬ꣄,உத்பத்தி கேர்
ꢩꢵꢡ꣄ ꢕꢵꢭ꣄,பா4த் கா4ல்
ꢦ꣄ꢬꢫꣂꢙꢥꣁ ꢦꣁꢜ꣄,ப்ரயோஜனொ போட்
ꢆꢦꢫꣂꢒ꣄ ꢲꣂ,உபயோக் ஹோ
ꢥꢸꢔꢵꢱ꣄ꢡꢶꢱꣁ ꢬꢴꢵ,நுகா3ஸ்திஸொ ரா:
ꢙꢷꢮ꣄ ꢱꣂꢜ꣄,ஜீவ்ஸோட்
ꢙꢷꢮ꣄ꢣꢾ,ஜீவ் தே3
ꢙꢷꢮ꣄ ꢕꢵꢭ꣄,ஜீவ் கா4ல்
ꢨꣁꢭꢪ꣄ꢒꢿꢬ꣄,பொ3லம்கேர்
ꢨꢵꢤ꣄ꢫꢡꣁ ꢪꢔꢶꢭꢾ,பா3த்4யதொ மகி3லே
ꢬꢹꢦ꣄ ꢕꢵꢭ꣄,ரூப் கா4ல்
ꢪꢥꣁꢥꣁ ꢒꢾꢬ꣄ꢭꢾ,மனனொ கெர்லே
ꢬꢸꢦ꣄ ꢪꢬ꣄ꢗꢶꢭꢿ,ரூப் மர்சிலே
ꢱꢪ꣄ꢩꢵꢰꢠꣁ ꢒꢿꢬ꣄,ஸம்பா4ஷணொகேர்
ꢭꣂꢦꢸꢭꣁ ꢬꢵꢱ꣄ꢡꢶꢱꣁ ꢒꢿꢬ꣄,லோபுலொ ரா:ஸ்திஸொ கேர்
ꢭꣂꢦꢸꢭꣁ ꢢꣁꢮ꣄ꢭꢿ,லோபுலொ தொ2வ்லே
ꢆꢡ꣄ꢱꢵꢲ꣄ ꢦꣁꢥ꣄ꢣꢶ,உத்ஸாஹ் பொந்தி3
ꢔꢪ꣄ꢗꢶ ꢎꢒꢶ,க3ம்சிஐகி
ꢓꢸꢬ꣄ꢒꢥꢶ ꢱꢵ,கூ2ர்கனி ஸா
ꢏꢙꢥꢵꢒ꣄ ꢏꢙꢥꣁ ꢦ꣄ꢬꢵꢪꣁꢒꢥꢶ ꢗꢭ꣄ꢭꢾ,ஒஜனாக் ஒஜனொ ப்ராமொகனி சல்லே
ꢥꢶꢱꢰ꣄꣄꣄ꢒꢠꣁ ꢒꢿꢬ꣄,நிஷ்கணொ கேர்
ꢦ꣄ꢬꢪꢵꢠ꣄ꢓꢳ꣄ꢳꢿ,ப்ரமாண்க2ள்ளே
ꢆꢡ꣄ꢱꢵꢲ꣄ꢒꢿꢬ꣄,உத்ஸாஹ்கேர்
ꢆꢛ꣄ꢙꢭꣁ ꢓꢵꢳ,உஞ்ஜலொ கா2ள்
ꢗꣁꢞ꣄ꢞꣁ ꢦꣁꢞꢶꢩꢶꢡ꣄ꢡꢬ꣄ ꢢꢹꢬ꣄,சொட்3ட3 பொடி3பி4த்தர் தூர்
ꢓꣁꢭꢵ ꢩꢮꢵꢜ꣄ ꢡꢵꢫ꣄,கொ2லா ப4வாட் தாய்
ꢧꢸꢮ꣄ꢥꢶ ꢬꢾꢗ꣄ꢗꣁ ꢒꢿꢬ꣄,பு2வ்னி ரெச்சொ கேர்
ꢩꣁꢫ꣄ꢱꢸ ꢬꢾꢗ꣄ꢗꣁ ꢡꢵꢫ꣄,பெ4ய்ஸு ரெச்சொ தாய்
ꢲꢜ꣄ꢮꢶ ꢱꢵ,ஹட்வி ஸா
ꢦ꣄ꢬꢡꢶꢤꣁꢥꢶꢒꢿꢬ꣄,ப்ரதிதொ4னி கேர்
ꢮꢾꢣꢸꢬ꣄ ꢦꣁꢜ꣄,வெது3ர்போட்
ꢮꢾꢣꢸꢬ꣄ ꢣꢾꢒ꣄ꢒꢶ,வெது3ர் தெ3க்கி
ꢦ꣄ꢬꢡꢷꢒ꣄ꢯꣁ ꢒꢿꢬ꣄,ப்ரதீக்ஷொ கேர்
ꢌꢣꢸꢬ ꣄ꢱꢵ,எது3ர் ஸா
ꢱꢷꢪꣁ ꢣꢵꢜ꣄,ஸீமொ தா3ட்
ꢆꢣ꣄ꢮꢿꢒ꣄ ꢒꢾꢬ꣄,உத்3வேக்3 கேர்
ꢆꢣ꣄ꢮꢿꢔ꣄ ꢂꢮꢵꢜ꣄,உத்3வேக்3 அவாட்
ꢆꢦꢲꢵꢱ꣄ ꢒꢿꢬ꣄,உபஹாஸ் கேர்
ꢣꢾꢔꢵꢬ꣄ꢣꢿ,தெ3கா3ர்தே3
ꢌꢭꢪ꣄ ꢱꣂꢜ꣄,எலம்ஸோட்
ꢦ꣄ꢬꢨꢥ꣄ꢡꢸ ꢒꢿꢬ꣄,ப்ரப3ந்து கேர்
ꢦꢹꢬ꣄ꢮꢩꢶꢥꢫꣁ ꢒꢿꢬ꣄,பூர்வாபி4னயொ கேர்
ꢱꣁꢪ꣄ꢪꢬ꣄ ꢣꣁꢨ꣄ꢨꢶꢢꣁꢮ꣄,ஸொம்மர் தொ3ப்3பி3 தோ2வ்
ꢣꣁꢨ꣄ꢨꢶꢢꣂꢮ꣄,தொ3ப்3பி3தோ2வ்
ꢱꢲꢫꣂꢒ꣄ ꢒꢿꢬ꣄,ஸஹயோக் கேர்
ꢡꢶꢬꢯ꣄꣄ ꢒꢵꢬ,திரஶ் கார்
꣄ꢒꢿꢬ꣄,கேர்
ꢲꢾꢞꢶ ꢡꣂꢮ꣄,ஹெடி3தோவ்
ꢮꢱꣁ ꢣꢾ,வஸொ தே3
ꢲꢵꢡꢸ ꢂꢒ꣄ꢰꢬ꣄ꢡꢵꢫ꣄,ஹாது அக்ஷர்தாய்
ꢱꢶꢖ꣄ꢔꢵꢬ꣄ ꢒꢾꢬ꣄ꢭꢿ,ஸிங்கா3ர் கெர்லே
ꢡꣂꢡ ꣄ꢱꢵ,தோத்ஸா
ꢂꢥꢸꢪꢡꢶ ꢣꢿ,அனுமதி தே3
ꢱꢪ꣄ꢫꣂꢙꢥꣁ ꢒꢿꢬ꣄,ஸம்யோஜனொ கேர்
ꢤ꣄ꢫꢵꢥ꣄ ꢫꣂꢒ꣄ ꢒꢿꢬ꣄,த்4யான் யோக் கேர்
ꢬꢹꢦ꣄ ꢥꢾꢬ꣄ꢦꢶ,ரூப்நெர்பி
ꢙꢾꢡꣁ ꢗꢾꢬ꣄,ஜெதொ சேர்
ꢤꢪꢶ ꢙꢵ,த4மி ஜா
ꢥꢶꢮ꣄ꢬꢸꢡꢶ ꢲꣂ,நிவ்ருதி ஹோ
ꢡꢶꢬ꣄ꢪꢵꢥ꣄ ꢒꢾꢬ꣄ꢭꢿ,திர்மான் கெர்லே
ꢒꢿꢜ ꣄ꢩꢥ꣄ꢣꢶꢭꢿ,கேட் ப4ந்தி3லே
ꢱꢸꢭ꣄ꢒꣁ ꢩꢥ꣄ꢣꢶ,ஸுல்கொ ப4ந்தி3
ꢃꢙ꣄ꢛꣁꢣꢿ ꢡꢵꢫ꣄,ஆஜ்ஞொதாய்
ꢨꢭꢮꢥ꣄ꢡꢸ ꢒꢿꢬ꣄,ப3ல்வந்து கேர்
ꢂꢤꢶꢒꢵꢬꢸꢪ꣄ ꢬꢴꢵ,அதி4காரும் ரா:
ꢥꢶꢫꢥ꣄ꢡ꣄ꢬꢠꣁꢒꢿꢬ꣄,நியந்த்ரணொகேர்
ꢒꢾꢜ꣄ꢜꢸ ꢡꢵꢫ꣄,கெட்டுதாய்
ꢲꢾꢳ꣄ꢳꢶꢶ ꢙꢵ,ஹெள்ளி ஜா
ꢒꢬ꣄ꢡꢮ꣄ ꢒꢿꢬ꣄,கர்தவ் கேர்
ꢬꢷꢠ꣄ ꢦꣂꢜ꣄,ரீண் போட்
ꢬꢷꢠ꣄ ꢓꢵꢜ꣄,ரீண்கா2ட்
ꢓꢾꢜꢶꢥ꣄ ꢒꢿꢬ꣄,கெ2டின் கேர்
ꢂꢥꢸꢱꢬꢶꢭꢾ,அனுஸரிலே
ꢡꣁꢬꢶ ꢙꢵ,தொரி ஜா
ꢔꢪ꣄ꢗꢶ ꢱꢾꢫ꣄ꢭꢿ,க3ம்சி ஸெய்லே
ꢣꣁꢳꣁ ꢪꢶꢱ꣄ꢒꢶ,தொ3ளொ மிஸ்கி
ꢓꢠ꣄ꢞꢠꣁ ꢒꢿꢬ꣄,க2ண்ட3ணொ கேர்
ꢣꢾꢒ꣄ꢒꢶ ꢤꢿꢬ꣄,தெ3க்கிதே4ர்
ꢣꣁꢳꢵꢪ꣄ꢦꢥꢶ ꢓꢵꢜ꣄,தொ3ளாம்பனி கா2ட்
ꢣꣁꢳꣁꢲꣁꢬ꣄ ꢱꢾꢫ꣄ꢭꢿ,தொ3ளொஹோர் ஸெய்லே
ꢭꢴꢾꢒ꣄ꢒꣁ ꢒꢿꢬ꣄,லெ:க்கொ கேர்
ꢒꢵꢪ꣄ ꢲꢶꢨ꣄ꢨꢵꢜ꣄,காம் ஹிப்3பா3ட்
ꢒꢾꢬꢥ꣄ ꢒꢭꢥꢵꢡꣁ ꢬꢴꢵ,கெரன் களனாதொ ரா:
ꢕꢾꢬ꣄ꢮꢵꢬ꣄ ꢬꢴꢵ,கெ4ர்வார் ரா:
ꢔꢬ꣄ꢩꢸ ꢙꢵꢮꢵꢜ꣄,க3ர்பு4 ஜவாட்
ꢂꢩꢶꢦ꣄ꢬꢵꢫꢪ꣄ ꢱꢖ꣄ꢔꢶ,அபி4ப்ராய்ஸங்கி3
ꢒꢾꢜ꣄ꢜꢣꢞꢱ꣄ꢡꢶ ꢱꣁ ꢙꢵ,கெட்டத3டா3ஸ்திஸொ ஜா
ꢩ꣄ꢬꢪꣁ ꢲꣂ,ப்4ரமொ ஹோ
ꢒꢭꢲꣁꢒꢿꢬ꣄,கலஹொ கேர்
ꢂꢬꢵꢙꢒꢡꣁ ꢒꢿꢬ꣄,அராஜகதொ கேர்
ꢒꢭꢲꣁ ꢒꢾꢬꢵꢜ꣄,கலஹொ கெராட்
ꢪꣁꢥ꣄ꢥꢸ ꢒꢮ꣄ꢭꢫꢶ ꢬꢴꢵ,மொன்னு கவ்லயி ரா:
ꢒꢾꢳ꣄ꢳꢸ ꢏꢜ꣄ꢗꢶ,கெள்ளு ஒட்சி
ꢒꢭ꣄ꢦꢥꣁ ꢒꢾꢬ꣄,கல்பனொகேர்
ꢥꢿꢪꣁ ꢥꢵꢯ꣄꣄,நேமொ நாஶ்
ꢒꢵꢜ꣄ ꢦꣁꢞꢜ꣄,காட் பொடா3ட்
ꢱꣁꢦ꣄ꢥꣁ ꢣꢾꢒ꣄ꢒꢶ,ஸொப்னொ தெ3க்கி
ꢣꢬ꣄ꢯꢥꣁ ꢣꢿ,த3ர்ஶனொ தே3
ꢣꢾꢒ꣄ꢒꢞꢶ ꢣꢿ,தெ3க்கடி3தே3
ꢪꣂꢱ꣄ ꢒꢿꢬ꣄,மோஸ் கேர்
ꢣꢸꢬꣂꢲ꣄ ꢒꢿꢬ꣄,து3ரோஹ் கேர்
ꢬꢒ꣄ꢒꢶ ꢬꢴꢵ,ர:க்கி ரா:
ꢦ꣄ꢬꢿꢮ꣄ ꢦꣁꢜ꣄,ப்ரேவ்போட்
ꢒꢵꢥꢸꢪ꣄ ꢦꣂꢜ꣄,கானும் போட்
ꢒꢵꢥ꣄ ꢲꣂꢬ꣄ ꢎꢒꢶ,கான் ஹோர் ஐகி
ꢕꢵꢪ꣄ ꢦꣂꢜ꣄,கா4ம் போட்
ꢕꢵꢪ꣄ ꢦꣁꢞꢜ꣄,கா4ம் பொடா3ட்
ꢒꢵꢭ꣄ ꢲꣁ,கால் ஹோ
ꢣꢾꢮ꣄ꢒꢫꢶ ꢙꢵ,தெ3வ்கயி ஜா
ꢒꢵꢨꢥ꣄ꢣꢸ ꢒꢿꢬ꣄,காப3ந்து3 கேர்
ꢩꢷꢡꢶꢒꢿꢬ꣄,பீ4திகேர்
ꢤꢵꢒ꣄ ꢂꢮꢵꢜ꣄,தா4க் அவாட்
ꢱꢛ꣄ꢗꢭꢥꣁ ꢲꣂ,ஸஞ்சலனொ ஹோ
ꢱꢛ꣄ꢗꢭꢥꣁ ꢒꢿꢬ꣄,ஸஞ்சலனொ கேர்
ꢃꢙ꣄ꢛꣁꢤꢵꢥꢸ ꢗꢵꢭ꣄,ஆஜ்ஞொதா4னு சால்
ꢂꢤꢶꢒꢵꢬ꣄ ꢤꢵꢥꢸ ꢗꢭ꣄ꢭꢾ,அதி4கார் தா4னு சல்லே
ꢓꢵꢭ꣄ ꢬꢴꢮꢵꢜ꣄,கா2ல் ர:வாட்
ꢪꣁꢥ꣄ꢥꢸꢪ꣄ ꢨꢷꢱ꣄,மொன்னும் பீ3ஸ்
ꢒꢵꢦ꣄ ꢬꢴꢮꢵꢜ꣄,காப் ர:வாட்
ꢮꢵꢱꢱ꣄ꢢꢭꣁ ꢥꢶꢬ꣄ꢠꢫꣁ ꢒꢿꢬ꣄,வாஸஸ்த2லொ நிர்ணயொ கேர்
ꢮꢵꢱ꣄ꢒꢿꢬ꣄,வாஸ்கேர்
ꢮꢵꢱ꣄ ꢒꢾꢬꢵꢜ꣄,வாஸ் கெராட்
ꢮꢵꢱ꣄ ꢲꣁ,வாஸ் ஹோ
ꢒꢵꢦ꣄ ꢙꢵ,காப் ஜா
ꢨꢬꣁ ꢒꢿꢬ꣄,ப3ரொ கேர்
ꢦꢵꢄ ꢱꢦꣂꢜ꣄,பாஇ~போட்
ꢭꢸꢪ꣄ꢦ꣄ꢭꣁ ꢲꣁ,லும்ப்லொஹோ
ꢭꢸꢪ꣄ꢦ꣄ꢭꣁꢒꢿꢬ꣄,லும்ப்லொ கேர்
ꢦꣁꢭ꣄ꢭꢪ꣄ ꢒꣁꢮ꣄ꢬꢶ,பொல்லம்கொவ்ரி
ꢲꢹꢥ꣄ꢭꢔꢳ꣄ꢳꢿ,ஹூன்லக3ள்ளே
ꢲꢷꢪ꣄ ꢙꢮꢞ꣄ꢳꢿ,ஹீம் ஜவட்3ளே
ꢗꢹꢒ꣄ ꢒꢿꢬ꣄,சூக் கேர்
ꢦꣁꢱ꣄ꢪꢾ ꢱꢖ꣄ꢔꢶ,பொஸ்மெ ஸங்கி3
ꢲꢾꢞꢶ ꢱꢖ꣄ꢔꢶ,ஹெடி3ஸங்கி3
ꢗꢶꢥ꣄ꢲꢸ ꢕꢵꢭ꣄,சின்ஹு கா4ல்
ꢭꢾꢒ꣄ꢒꢸ ꢢꣂꢮ꣄,லெக்கு தோ2வ்
ꢤ꣄ꢫꢿꢫꢸ ꢢꣁꢮ꣄ꢭꢿ,த்4யேயு தொ2வ்லே
ꢭꢵꢙ꣄ꢭꢔꢳ꣄ꢳꢿ,லாஜ்ல க3ள்ளே
ꢬꢾꢗ꣄ꢗꣁ ꢪꢵꢜ꣄,ரெச்சொமாட்
ꢪꢸꢔꢵꢪ꣄ ꢡꢵꢫ꣄,முகா3ம்தாய்
ꢮꢿꢥ꣄ꢒꢿꢬ꣄,வேன் கேர்
ꢬꢸꢣ꣄ꢬꢡꢵꢠ꣄ꢜꢮ꣄ ꢓꢵꢳ꣄,ருத்3ரதாண்ட3வ் கா2ள்
ꢗꢹꢔ꣄ ꢕꢵꢭ꣄,கூக்3கா4ல்
ꢒꢾꢛ꣄ꢙꢶꢪꢵꢫ꣄,கெஞ்ஜிமாய்
ꢓꢾꢭ꣄ꢭꢭ꣄ꢒꢿꢬ꣄,கெ2ல்லல்கேர்
ꢂꢮ꣄ꢪꢵꢥ꣄ ꢦꣂꢜ꣄,அவ்மான்போட்
ꢎꢒꢶꢥ ꢶꢦꣂꢜ꣄,ஐகினி போட்
ꢲꢵꢡꢸꢪ꣄ ꢓꢳ꣄ꢳꢾ,ஹாதும் க2ள்ளே
ꢲꢵꢡ꣄ ꢲꢭ꣄ꢮꢶ,ஹாத் ஹல்வி
ꢣꢷꢲꢵꢡ꣄ ꢗꢾꢬ꣄ꢗꢶꢭꢶ ꢂꢛ꣄ꢙꢭꢶ ꢒꢿꢬ꣄,தீ3ஹாத்செர்சிலி அஞ்ஜலி கேர்
ꢲꢵꢡ꣄ ꢡꢾꢜ꣄ꢜꢶ,ஹாத்தெட்டி
ꢒꣀꢣꢸꢒꢾꢬ꣄,கைது3கேர்
ꢨꢥ꣄ꢣꢶ ꢒꢿꢬ꣄,ப3ந்தி3 கேர்
ꢦꢵꢠꢶꢔ꣄ꢬꢲꢥꣁ ꢒꢾꢬ꣄ꢭꢿ,பாணிக்3ரஹனொ கெர்லே
ꢲꣁꢬꢵꢜ꣄ ꢒꢾꢬ꣄ꢭꢿ,ஹொராட் கெர்லே
ꢲꢵꢡ꣄ ꢢꣂꢮ꣄,ஹாத்தோ2வ்
ꢗꢭ꣄ꢡꣁ ꢒꢿꢬ꣄,சல்தொ கேர்
ꢤꣁꢪ꣄ꢨꢸꢭꢵꢫ꣄ ꢡꢿ,தொ4ம்பு3ளாய்தே3
ꢣꢸꢬꢵꢗꢬꢠꣁ ꢒꢿꢬ꣄,து3ராசரணொ கேர்
ꢲꢶꢪ꣄ꢱꣁ ꢒꢿꢬ꣄,ஹிம்ஸொ கேர்
ꢬꢾꢔꢡ꣄ ꢓꢾꢞ꣄,ரெக3த்கே2ட்3
ꢙꢷꢮ꣄ ꢣꢹꢱ꣄,ஜீவ் தூ3ஸ்
ꢭꢹꢜ꣄ꢪꢵꢬ꣄ ꢒꢿꢬ꣄,லூட்மார் கேர்
ꢱꢹꢜ꣄ ꢲꢵꢥ꣄,ஸூட் ஹான்
ꢕꢾꢥꢪ꣄ ꢦꣁꢥ꣄ꢣꢶ,கெ4னம் பொந்தி3
ꢱꢜ꣄ꢜꢪ꣄ ꢡꢵ,ஸட்டம்தாய்
ꢚꢾꢞꣁ ꢪꢭ꣄ꢭꢿ,ஜெ2டொ3 மல்லே
ꢔꢹꢟꣁ ꢒꢿꢬ꣄,கூ3டொ4 கேர்
ꢱꢡꢶ ꢒꢿꢬ꣄,ஸதி கேர்
ꢱꣁꢥ꣄ꢡꣂꢰ꣄ ꢦꣂꢜ꣄,ஸொந்தோஷ் போட்
ꢱꢪꣁ ꢒꢿꢬ꣄,ஸமொகேர்
ꢱꢪꢤꢵꢥ꣄ ꢒꢿꢬ꣄,ஸமதா4ன் கேர்
ꢱꢬꢠꢵꢔꢣꢶꢦꣁꢥ꣄ꢣꢶ,ஸரணாக3திபொந்தி3
ꢭꢾꢒ꣄ꢒ ꢱꣁꢬ꣄ꢒ꣄ꢒꣁ ꢒꢿꢬ꣄,லெ:க்கஸெர்கொ கேர்
ꢱꢾꢬ꣄ꢒ꣄ꢒ ꢒꢿꢬ꣄,ஸெர்ககேர்
ꢗꢾꢭ꣄ꢮꣁ ꢒꢿꢬ꣄,செல்வொகேர்
ꢪꣁꢬ꣄ꢔ꣄ꢫꢵꢡ꣄ ꢒꢳꢵꢜ꣄,மொர்க்3யாத் களாட்
ꢱꢾꢭ꣄ꢒꢾ ꢣꢾꢒ꣄ꢒꢵꢜ꣄,ஸெல்கெ தெ3க்காட்
ꢦꢾꢫꢶꢬ꣄ ꢙꢸꢥ꣄ꢥꢶ,பெயிர் ஜுன்னி
ꢦ꣄ꢬꢪꢵꢠ ꣄ꢣꢾ,ப்ரமாண்தே3
ꢦ꣄ꢬꢪꢵꢠ꣄ ꢒꢿꢬ꣄,ப்ரமாண் கேர்
ꢨꢸꢱ꣄ꢒꣁ ꢒꢿꢬ꣄,பு3ஸ்கொகேர்
ꢱꢾꢜ꣄ꢜꢸꢒꢥ꣄ ꢬꢴꢵ,ஸொட்டுகன் ரா:
ꢮꢿꢥ꣄ ꢱꢶꢳ꣄ꢳ ꢦꣂꢜ꣄,வேன்ஸிள்ளபோட்
ꢓ꣄ꢫꢵꢡꢶ ꢦꣁꢥ꣄ꢣꢶ,க்2யாதிபொந்தி3
ꢪꢸꢡ꣄ꢡꢶ,முத்தி
ꢂꢭꢖ꣄ꢔꣂꢭꢪ꣄ ꢒꢿꢬ꣄,அலங்கோ3லம் கேர்
ꢔꢸꢠ꣄ꢠꢸ ꢥꢴꢷꢡ꣄ꢡꣁ ꢬꢵ,கு3ண்ணு நீ:த்தொ ரா:
ꢱꢹꢤꢵꢬ꣄ ꢒꢾꢬ꣄,ஸுதா4ர்கேர்
ꢥꢶꢫꢪꣁ ꢥꢵꢯ꣄,நியமொ நாஶ்
ꢪꢶꢜ꣄ꢜꢶ ꢱꣂꢜ꣄,மிட்டிஸோட்
ꢗꢸꢜ꣄ꢜꢸ ꢡꢒꢶ ꢤꢿꢬ꣄,சுட்டு தகி3 தே4ர்
ꢲꢸꢥ꣄ꢥ ꢒꢿꢬ꣄,ஹுன்னொகேர்
ꢲꢸꢥ꣄ꢥ ꢲꣁ,ஹுன்னொ ஹோ
ꢲꢸꢦꢵꢮ꣄ꢒꢿꢬ꣄,ஹுபாவ்கேர்
ꢱꢞ꣄ꢫꢥ꣄ꢡ꣄ꢬꢸ ꢒꢿꢬ꣄,ஸட்3யந்த்ரு கேர்
ꢱꢹꢬꢾ ꢡꢵꢫ꣄,ஸூரெதாய்
ꢪꢬꢵꢪꢡ꣄ꢡꢸ ꢒꢿꢬ꣄,மராமத்துகேர்
ꢥꢮꢷꢒꢬꢠꣁ ꢒꢿꢬ꣄,நவீகரணொ கேர்
ꢱꢾꢬ꣄ꢒ ꢒꢿꢬ꣄,ஸெர்க கேர்
ꢒꢵꢪꢸꢪ꣄ ꢲꢸꢡ꣄ꢡꢶꢬ꣄,காமும் ஹுத்திர்
ꢒꢵꢪꢸꢪ꣄ ꢭꢵꢔ꣄,காமும் லாக்3
ꢮꢵꢣꢪꢸꢪ꣄ ꢦꣁꢞꢜ꣄,வாத3மும் பொடா3ட்
ꢗꢭ꣄ꢡ ꢒꢿꢬ꣄,சல்தகேர்
ꢦ꣄ꢬꢩꢵꢮ꣄ ꢥꢴꢷꢡ꣄ꢡ ꢲꣁ,ப்ரபா4வ் நீ:த்த ஹோ
ꢦ꣄ꢬꢩꢵꢮ꣄ ꢙꢮꢞ꣄ꢳꢾ,ப்ரபா4வ் ஜவட்3ளே
ꢱꣀꢒꢥꣁ ꢒꢿꢬ꣄,ஸைகனொ கேர்
ꢩꢵꢰꢠꣁ ꢒꢿꢬ꣄,பா4ஷணொகேர்
ꢭꣂꢭ꣄ ꢦꣁꢞꢶ ꢲꢶꢠ꣄ꢞꢶ,லோல் பொடி3 ஹிண்டி3
ꢯꢷꢥ꣄ ꢦꣁꢥ꣄ꢣꢶ,ஶீன் பொந்தி3
ꢒꢬ꣄ꢡꢮ꣄ ꢱꣂꢜ꣄,கர்தவ் ஸோட்
ꢱꢪꢣꢭꢪ꣄ ꢒꢿꢬ꣄,ஸமத3ளம் கேர்
ꢡꢾꢜ꣄ꢜꢸ ꢒꢶꢜ꣄ꢜꢶ ꢙꢵ,தெட்டுகிட்டி ஜா
ꢥꢶꢬꣂꢤ꣄ ꢒꢿꢬ꣄,நிரோத்4 கேர்
ꢣꢠ꣄ꢜꢥꣁ ꢒꢿꢬ꣄,த3ண்டனொ கேர்
ꢭꢴꢾꢒ꣄ꢒꣁ ꢱꢾꢬ꣄ꢒꣁ ꢱꢵ,லெ:க்கொ ஸெர்கொ ஸா
ꢡꣁꢪ꣄ꢗꢶ ꢙꢵꢱ꣄ꢡꢶꢱꣁ ꢒꢿꢬ꣄,தொம்சி ஜாஸ்திஸொ கேர்
ꢡꣁꢪ꣄ꢗꢶ ꢙꢵ,தொம்சி ஜா
ꢦꢱ꣄ꢡꣁꢒ꣄ꢒꢶ ꢲꢶꢨ꣄ꢨꢶ,பஸ்தொக்கி ஹிப்3பி3
ꢱ꣄ꢡꢬꣁ ꢥꢶꢬ꣄ꢠꢫꣁ ꢒꢿꢬ꣄,ஸ்தரொ நிர்ணயொ கேர்
ꢭꢸꢒ꣄ꢒꢶ ꢬꢴꢵ,லுக்கி ரா:
ꢂꢔ꣄ꢬꢵꢱꢥꣁ ꢓꢳ꣄ꢳꢿ,அக்3ராஸனொ க2ள்ளே
ꢂꢔ꣄ꢬꢦꢥ꣄ ꢮꢮꢶꢭꢿ,அக்3ரபன் வவிலே
ꢣꣁꢱ꣄ꢒꣁ ꢲꢭ꣄ꢮꢶ,தொ3ஸ்கொ ஹல்வி
ꢣꣁꢱ꣄ꢒꣁ ꢣꢿ,தொ3ஸ்கொ தே3
ꢣꣁꢱ꣄ꢒꣁ ꢥꢪ꣄ꢭꢿ,தொ3ஸ்கொநம்லே
ꢒꢸꢠ꣄ꢜꢸ ꢒꢿꢬ꣄,குண்டுகேர்
ꢣꣁꢨ꣄ꢦꢶ ꢢꣂꢮ꣄,தொ3ப்3பி3தோ2வ்
ꢦꢾꢡ꣄ꢡꢾ ꢒꢿꢬ꣄,பெத்தெ கேர்
ꢱ꣄ꢬꢪꣁ ꢱꢾꢒꢶꢭꢿ,ஸ்ரமொ ஸெகிலே
ꢓꢷꢳ꣄ ꢡꢵꢫ꣄,கீ2ள்தாய்
ꢲꢸꢨ꣄ꢨꢱ꣄ ꢦꣂꢜ꣄,ஹுப்3ப3ஸ் போட்
ꢨꢾꢣꢶꢬ꣄ꢦꣂꢜ꣄,பெ3தி3ர்போட்
ꢃꢯ꣄꣄ꢗꢬ꣄ꢫꢸ ꢦꣂꢜ꣄,ஆஶ்சர்யு போட்
ꢫꣂꢙꢥꣁ ꢒꢿꢬ꣄,யோஜனொ கேர்
ꢱꢪꢬ꣄ꢡꢮꢵꢥ꣄ ꢲꣂ,ஸமர்தவான் ஹோ
ꢅꢥ꣄ ꢒꢿꢬ꣄,ஹீன் கேர்
ꢥꢶꢬ꣄ꢠꢫꣁ ꢒꢿꢬ꣄,நிர்ணயொகேர்
ꢪꢸꢞꢶꢮ꣄ ꢣꢾꢒ꣄ꢒꢶ,முடி3வ் தெ3க்கி
ꢱꢪꢵꢤꢵꢥ꣄ ꢒꢿꢬ꣄,ஸமாதா4ன் கேர்
ꢏꢡ꣄ꢡꢵꢱ꣄ ꢒꢿꢬ꣄,ஒத்தாஸ்கேர்
ꢨꢶꢱ꣄ꢱꣁ ꢲꣁꢮꢵꢜ꣄,பி3ஸ்ஸொ ஹொவாட்
ꢡꢸꢬꢸ ꢤꢿꢬ꣄,துருதே4ர்
ꢦꢸꢜ꣄ꢜꣁ ꢡꢵꢫ꣄,புட்டொதாய்
ꢓꢾꢰ꣄ꢜꢪ꣄ ꢦꣂꢜ꣄,கெஷ்டம்போட்
ꢗꢾꢞ꣄ꢮꢶ ꢱꣂꢜ꣄,செட்3வி ஸோட்
ꢩꢸꢬ꣄ꢒꣁ ꢒꢿꢬ꣄,பு4ர்கொ கேர்
ꢗꢹꢬ꣄ꢠꢸ ꢒꢿꢬ꣄,சூர்ணு கேர்
ꢱꢥ꣄ꢣꢾꢯ꣄ ꢭꢿ ꢙꢵ,லே ஜா
ꢱꢾꢥ꣄ꢣꢿꢮ꣄ ꢥꢴꢷꢡ꣄ꢡꣁ ꢬꢴꢵ,ஸெந்தே3வ் நீ:த்தொ ரா:
ꢱꢾꢥ꣄ꢣꢿꢮ꣄ ꢙꢮꢵꢜ꣄,ஸெந்தே3வ் ஜவாட்
ꢣꢾꢒ꣄ꢒꢶꢥꢶ ꢦꣂꢜ꣄,தெ3க்கினி போட்
ꢦꢙꢾ ꢲꣂ,பஜெஹோ
ꢲꢬꢸꢪ꣄ꢨꢪ꣄ ꢒꢾꢬꢶ ꢢꣁꢮ꣄,ஹரும்ப3ம்கெரிதோ2வ்
ꢱꢪ꣄ꢦꢬ꣄ꢒꢸ ꢒꢿꢬ꣄,ஸம்பர்கு கேர்
ꢱꢥ꣄ꢤꢶꢪ꣄ ꢢꣁꢮ꣄ꢭꢿ,ஸந்தி4ம் தொ2வ்லே
ꢱꢿꢮꣁ ꢒꢿꢬ꣄,ஸேவொகேர்
ꢲꢶꢪ꣄ꢱꣁꢒꢿꢬ꣄,ஹிம்ஸொ கேர்
ꢥꢵꢯꢥꣁ ꢒꢿꢬ꣄,நாஶனொ கேர்
ꢏꢞ ꢶꢙꢵ,ஒடி3 ஜா
ꢏꢞꢞꢶ ꢙꢮꢵꢜ꣄,ஒட3டி3 ஜவாட்
ꢲꣂꢬꢸ ꢲꣂꢬ꣄ ꢲꢶꢪ꣄ꢗꣁ ꢒꢿꢬ꣄,ஹோருஹோர்ஹிம்ஸொகேர்
ꢮꢶꢒ꣄ꢒꢸ ꢕꢵꢭ꣄,விக்கு கா4ல்
ꢱꢶꢖ꣄ꢒꢡꢶ ꢒꢾꢬ꣄ꢭꢾ,ஸிங்க3தி கெர்லே
ꢲꢶꢠ꣄ꢞꢶ ꢧꢶꢬꢶꢭꢿꢡ꣄ ꢬꢴꢵ,ஹிண்டி3 பி2ரிலேத் ரா:
ꢗꢭ꣄ꢡ ꢲꣂ,சல்த ஹோ
ꢥꣁꢪ꣄ꢒꢾ ꢦꣁꢞꢵꢜ꣄,நொம்கெபொடா3ட்
ꢥꣁꢪ꣄ꢒꢾ ꢣꢿ,நொம்கெ தே3
ꢥꣁꢪ꣄ꢒꢾ ꢢꣂꢮ꣄,நொம்கெ தோ2வ்
ꢱ꣄ꢮꢵꢔꢡ꣄ ꢒꢿꢬ꣄,ஸ்வாக3த் கேர்
ꢤꢥ꣄ꢥꢸ ꢱꢖ꣄ꢒꢶ,த4ன்னு ஸங்கி3
ꢔꢮꢸꢥ꣄ ꢣꢿ,க3வுன் தே3
ꢥꢬ꣄ꢡꢥꣁ ꢒꢿꢬ꣄,நர்தனொ கேர்
ꢔꢵꢪ꣄ ꢱꣁꢜꢶꢤꢞ꣄ꢞꢾ,கா3ம்ஸொடி த4ட்3டெ3
ꢲꢜ꣄ꢮꢥ꣄ ꢒꢾꢬ꣄ꢭꢿ,ஹட்வன்கெர்லே
ꢲꢜ꣄ꢮꢥ꣄ ꢒꢿꢬ꣄,ஹட்வன் கேர்
ꢗꢭ꣄ꢡ ꢲꣂ,சல்தஹோ
ꢔꢪ꣄ꢗꢶ ꢱꢵ,க3ம்சி ஸா
ꢬꣂꢔꢸꢪ꣄ ꢦꣂꢜ꣄,ரோகு3ம் போட்
ꢏꢔꢡ꣄ꢬꢵ,ஒக3த்ரா:
ꢮꢜꣁ ꢓꢳ꣄ꢳꢾ,வடொக2ள்ளே
ꢩꢹꢒ꣄ ꢂꢠ꣄ꢗꢶꢭꢿ,பூ4க்அண்சிலே
ꢙꢦ꣄ꢡꣁ ꢒꢿꢬ꣄,ஜப்தொ கேர்
ꢃꢒ꣄ꢬꢪꢠꣁ ꢒꢿꢬ꣄,ஆக்ரமணொ கேர்
ꢒꢬ꣄ꢡꢮ꣄ ꢗꢭ꣄ꢡꣁ ꢒꢿꢬ꣄,கர்தவ் சல்தொ கேர்
ꢦꢣꢮꢶꢡꣁꢒꢥ꣄ ꢲꢸꢡ꣄ꢬꢵꢜ꣄,பத3விதொகன் ஹுத்ராட்
ꢦꢣꢮꢶꢱꣁꢞꢶ ꢲꢸꢡ꣄ꢡꢶꢬ꣄,பத3விஸொடி3ஹுத்திர்
ꢩꢬ꣄ꢡꢶ ꢒꢿꢬ꣄,ப4ர்தி கேர்
ꢙꢾꢮꢵꢨ꣄ ꢣꢿ,ஜெவாப் தே3
ꢩꢬ꣄ꢡꢶ ꢒꢿꢬ꣄,ப4ர்திகேர்
ꢗꣁꢞ꣄ꢞꢒꢥꢶ ꢱꢪ꣄ꢗꢫꣁ ꢒꢿꢬ꣄,சொட்3ட3கனி ஸம்சயொ கேர்
ꢦꣁꢠꢾ ꢩꢥ꣄ꢣꢶ,பொணெப4ந்தி3
ꢦꢶꢬ꣄ꢙꢥꢪ ꣄ꢦꣂꢜ꣄,பிர்ஜனம்போட்
ꢦꢾꢫꢶꢬ꣄ ꢔꢵꢭ꣄,பெயிர் கா4ல்
ꢤꢪꢵꢤꢵꢪ꣄ ꢦꣁꢥ꣄ꢣꢶ,த4மாதா4ம் பொந்தி3
ꢦꢬꢶ ꢲꢵꢬ꣄ ꢮꢾꢒ꣄ꢒꢶ,பரிஹார்வெக்கி
ꢙꢿꢪ꣄ ꢣꢿ,ஜேம் தே3
ꢦꢵꢬꢶꢡꣂꢱ꣄ ꢣꢿ,பாரிதோஸ் தே3
ꢩꣁꢔꢸꢪꢵꢥ꣄ ꢣꢾ,பொ4கு3மான் தே3
ꢦꢬꢶꢯꢷꢭꢥꣁ ꢒꢿꢬ꣄,பரிஶீலனொகேர்
ꢦꢬꢶꢡꢵꢦ꣄ ꢦꣂꢜ꣄,பரிதாப் போட்
ꢨꣁꢭꢶ ꢣꢿ,பொ3லிதே3
ꢨꣁꢭꢶ ꢓꢵꢜ꣄,பொ3லி கா2ட்
ꢦ꣄ꢬꢡꢶ ꢲꢶꢪ꣄ꢱꣁ ꢒꢿꢬ꣄,ப்ரதி ஹிம்ஸொ கேர்
ꢒꣁꢳꢵꢬ꣄ ꢒꢿꢬ꣄,கொளார் கேர்
ꢒꢪ꣄ꢞꢥ꣄ ꢣꢿ,கம்ட3ன் தே3
ꢆꢒ꣄ꢒꢶꢭꢶ ꢙꢵ,உக்கிலிஜா
ꢮꢔꣁ ꢒꢿꢬ꣄,வகொ3கேர்
ꢨꢵꢮꢭꣁ ꢒꢿꢬ꣄,பா3வலொ கேர்
ꢒꢮꢶꢡꣁ ꢒꢿꢬ꣄,கவிதொகேர்
ꢔꢷꢡ꣄ ꢭꢶꢓꢶ,கீ3த் லிகி2
ꢱ꣄ꢮꢬꢵꢥ꣄ ꢡꢵꢫ꣄,ஸ்வரான் தாய்
ꢦꢵꢝꣁ ꢱꢶꢒ꣄ꢒꢵꢜ꣄,பாடொ2 ஸிக்காட்
ꢦ꣄ꢬꢗꢵꢬ꣄ ꢒꢿꢬ꣄,ப்ரசார் கேர்
ꢂꢥꢸꢨꢥ꣄ꢤꢸ ꢗꢾꢬ꣄ꢗꢶ,அனுப3ந்து4 செர்சி
ꢨꢷꢞꢠꣁ ꢲꣂ,பீட3ணொ ஹோ
ꢤꢵꢒ꣄ ꢭꢔꢞ꣄ꢳꢿ,தா4க் லக3ட்3ளே
ꢪꣁꢥ꣄ꢥꢸ ꢣꢸꢮ꣄ꢥꣁ ꢒꢿꢬ꣄,மொன்னு து3வ்னொ கேர்
ꢦꢱ꣄ꢒꢜꢸꢪ꣄ ꢮꢡ꣄ꢡ ꢒꢿꢬ꣄,பஸ்கடும் வத்தொ கேர்
ꢥꢴꢥ ꣄ꢲꢱꣁ ꢒꢿꢬ꣄,ந:ன் ஹஸொ கேர்
ꢕꢾꢥꢪ꣄ꢒꢥꢶ ꢲꢜ꣄ꢮꢶꢭꢿ,கெ4னம்கனி ஹட்விலே
ꢪꢴꣁꢜ ꢲꢸꢨ꣄ꢨꢱ꣄ ꢣꢿ,மொ:ட ஹுப்3ப3ஸ் தே3
ꢪꣂꢭ꣄ꢲꢥꢶ ꢮꢡ꣄ꢡꣁ ꢒꢿꢬ꣄,மோல்ஹனி வத்தொ கேர்
ꢦꢶꢱꣁ ꢤꢾꢬꢵꢜ꣄,பிஸொ தெ4ராட்
ꢗꣁꢞ꣄ꢞ ꢮꢡ꣄ꢡꣁ ꢒꢿꢬ꣄,சொட்3ட3வத்தொகேர்
ꢏꢬꢤꢵꢥ꣄ꢒꢥꢶ ꢭꢔꢳ꣄ꢳꢿ,ப்ரதா4ன்கனி லக3ள்ளே
ꢨꣂꢣꣂ ꢲꢶꢖ꣄ꢔꢵꢜ꣄,போ3தொ3 ஹிங்கா3ட்
ꢔꢸꢞ꣄ꢒ ꢡꣀꢭꢶ ꢨꢷꢱ꣄,கு3ட்3க தைலிபீ3ஸ்
ꢔꢸꢠ꣄ꢠꢸ ꢥꢶꢬ꣄ꢤꢵꢬꢠꣁ ꢒꢿꢬ꣄,கு3ண்ணு நிர்தா4ரணொ கேர்
ꢩꢬ꣄ꢡꢶꢒꢿꢬ꣄,ப4ர்திகேர்
ꢙꢾꢮꢵꢦ꣄ ꢒꢿꢬ꣄,ஜெவாப் கேர்
ꢲꢵꢬ꣄ ꢕꢵꢭ꣄,ஹார் கா4ல்
ꢪꢸꢞꢶꢮ꣄ ꢲꣂ,முடி3வ் ஹோ
ꢤꢥ꣄ꢢꣁꢮ꣄,த4ன் தோ2வ்
ꢣꣁꢮ꣄ꢬꣁ ꢦꣂꢜ꣄,தொ3வ்ரொபோட்
ꢱꣁꢪ꣄ꢪꢬ꣄ ꢮꢵꢜ꣄ ꢣꢾꢒ꣄ꢒꢵꢜ꣄,ஸொம்மர் வாட் தெ3க்காட்
ꢪꢶꢛ꣄ꢗꢸꢬ꣄ ꢲꢶꢖ꣄ꢔꢵꢜ꣄,மஞ்சுர் ஹிங்கா3ட்
ꢪꢶꢜ꣄ꢜꢬ꣄ ꢲꢶꢖ꣄ꢔꢵꢜ꣄,மிட்டர் ஹிங்கா3ட்
ꢮꢵꢜ꣄ ꢣꢾꢒ꣄ꢒꢵꢜ꣄,வாட் தெ3க்காட்
ꢱꣁꢪ꣄ꢪꢬ꣄ ꢙꢵ,ஸொம்மர் ஜா
ꢦꢸꢙꢾ ꢒꢿꢬ꣄,புஜெகேர்
ꢮꢵꢜ꣄ ꢱꣂꢜ꣄,வாட்ஸோட்
ꢧꢭ꣄ꢭꣁ ꢃꢣꢸꢬ꣄ꢮꣁ ꢣꢿ,ப2ல்லொஆது3ரவொ தே3
ꢂꢥꢸꢱꢬꢶ ꢱꢖ꣄ꢔꢶ,அனுஸரி ஸங்கி3
ꢃ ꢒꢿꢬ꣄,ஆ கேர்
ꢡꣂꢠ꣄ ꢦꢾꢱꢵꢮ꣄ꢒꢥꢶ ꢲꢹꢜ꣄,தோண் பெஸாவ்கனி ஹூட்
ꢲꢵꢜ꣄ ꢱꣂꢜ꣄,ஹாத் ஸோட்
ꢙꢾꢮꢵꢦ꣄ ꢣꢾ,ஜெவாப் தே3
ꢮꢶꢱꢵꢭꣁ ꢒꢿꢬ꣄,விஸாலொகேர்
ꢙꢾꢪꢥ꣄ ꢩꢵꢭ꣄,ஜெமன்கா4ல்
ꢮꢾꢔ꣄ ꢒꢾꢬ꣄,வேக்3 கேர்
ꢂꢭꢔ꣄ꢔ ꢢꣂꢮ꣄,அலக்3க3 தோ2வ்
ꢙꢵꢔ꣄ꢬꢡꣁꢦꣁꢞꢜ꣄,ஜாக்3ரதொ பொடா3ட்
ꢦ꣄ꢬꢱꢸꢬ꣄ ꢲꣂ,ப்ரஸுர் ஹோ
ꢦ꣄ꢬꢱꢸꢬ꣄ ꢒꢿꢬ꣄,ப்ரஸுர் கேர்
ꢩꢬꢵꢜ꣄ ꢣꣁꢨ꣄ꢨꢶ,ப4ராட் தொ3ப்3பி3
ꢲꢹꢡ꣄ꢡꢶꢬ꣄ ꢩꢬꢵꢜ꣄,ஹுத்திர் ப4ராட்
ꢙꢷꢔ꣄ ꢦꣁꢥ꣄ꢣꢶ,ஜீக்3 பொந்தி3
ꢃꢮꢿꢯ꣄ ꢦꣁꢞꢵꢜ꣄,ஆவேஶ் பொடா3ட்
ꢣ꣄ꢮꢾꢯ꣄ꢕꢵꢭ꣄,த்3வேஶ் கா4ல்
ꢮꢿꢜꢵ ꢓꢵꢳ꣄,வேடகா2ள்
ꢩꢾꢡ꣄ ꢲꣂ,பே4த்ஹோ
ꢩꢾꢡ꣄ ꢲꣁꢮꢵꢜ꣄,பே4த் ஹொவாட்
ꢒꢹꢬ꣄ꢪꣁ,கூர்மொ
ꢒꢱ꣄ꢦꣁ,கஸ்பொ
ꢡꢪ꣄ꢨꢭ꣄ꢗꢶꢦ꣄ꢦꣁ,தம்ப3ள்சிப்பொ
ꢓꢾꢱꢸꢭꣁ,கெ2ஸூலொ
ꢒꢾꢜ꣄ꢜꢸ ꢱꢵꢦ꣄,கெட்டு ஸாப்
ꢱꢪꢸꢣ꣄ꢬꢸ ꢒꢱ꣄ꢦꣁ,ஸமுத்3ருகஸ்பொ
ꢱꢵꢬ ꢱꢵꢦ꣄,ஸாரஸாப்
ꢔꢶꢭ꣄ꢒꢵꢫ꣄ꢱꢵꢦ꣄,கி3ல்காய்ஸாப்
ꢒꣁꢪ꣄ꢨꢬꢶ ꢱꢵꢦ꣄,கொம்ப3ரிஸாப்
ꢱꢷꢦ꣄,ஸீப்
ꢩꢹꢒ꣄ ꢱꢾꢥ꣄ꢡꢵ ꢪꢴꢳꢶꢶ,பூ4க் ஸெந்தா ம:ளி
ꢦꣂꢜꢸ ꢙꢵꢭꢸ ꢪꢴꢳꢶ,போடு ஜாளு ம:ளி
ꢦꢥꢶꢪ꣄ꢱꢵꢦ꣄,பனிம் ஸாப்
ꢒꢶꢞꢵ ꢱ꣄ꢢꢶꢡꢶ ꢩꢾꢬ꣄ꢒꢶꢭꢶ,கிடா3 ஸ்தி2தி பெ4ர்களி
ꢨꢾꢱ꣄ꢒꢳꢶ,பெ3ஸ்களி
ꢡꢶꢪꢶꢖ꣄ꢔꢭ꣄,திமிங்க3ல்
ꢡꢶꢪꢶꢮꢵꢱꢶ,திமிவாஸி
ꢮꢶꢒ꣄ꢒꢸ ꢣꢵꢡ꣄,விக்கு தா3த்
ꢮꢶꢒ꣄ꢔꢸ,விக்கு3
ꢒꢶꢬ꣄ꢮꢶꢭ꣄,கிர்வில்
ꢔꢶꢰ꣄꣄ꢭꣂ,கி3ஷ்லொ
ꢥꢥ꣄ꢱꢵꢦ꣄,நன்ஸாப்
ꢱꣁꢒ꣄ꢒꢜ꣄ ꢱꢵꢦ꣄,சொக்கட் ஸாப்
ꢦꢥꢶꢪ꣄ ꢱꢸꢥꣁ,பனிம் ஸுனொ
ꢦꢥꢶꢪ ꣄ꢎꢱ꣄ꢡꢸ,பனிம்ஐஸ்து
ꢥꢶꢳ ꢱꢵꢦ꣄,நிளஸாப்
ꢦꣁꢞ꣄ꢔꢾ,பொட்3கெ3
ꢡꣁꢖ꣄ꢔꢬꢸ ꢱꢵꢦ꣄,தொ3ங்க3ருஸாப்
ꢪꢴꢳꢶ,ம:ளி
ꢥꢒ꣄ꢬꢸ,நக்ரு
ꢮꢶꢒ꣄ꢒꢸ,விக்கு
ꢦꢵꢰꢵꢠꣁ,பாஷாணொ
ꢔꢵꢫ꣄,கா3ய்
ꢩꢾꢠ꣄ꢞꢸ,பெ4ண்டு3
ꢔꢵꢫ꣄ ꢔꣁꢬꢸꢥ꣄,கா3ய்கொ3ருன்
ꢦꣁꢡꢸꢭꣁ,பொ3து3லொ
ꢩꢾꢫ꣄ꢱ꣄,பெ4ய்ஸ்
ꢩꢾꢫ꣄ꢱꢸ꣄ ꢦꣁꢡꢸꢭꣁ,பெ4ய்ஸுபொ3து3லொ
ꢪꢸꢫꢶ. ꢭꣁꢭ꣄ꢦꢣꢾ,முயி
ꢕꢾꢣꢞ꣄,கெ4த3ட்3
ꢣꢸꢞꣁ,து3டொ3
ꢮꢵꢱꢬ꣄,வாஸர்
ꢔꣁꢖ꣄ꢔꢸ,கொ3ங்கு3
ꢔꣁꢬꢸ,கொ3ரு
ꢕꣁꢞꣁ,கொ4டொ3
ꢒꢷꢱ꣄,கீஸ்
ꢦꣁꢭꢥ꣄ꢔꢸ,பொலங்கு3
ꢮꢥ꣄ꢕꢪꢶ,வந்த4மி
ꢪꢴꢾꢞꢶꢩꢾꢠ꣄ꢞꢸ,மெ:டி3பெ4ண்டு3
ꢕꢾꢣꢞꢕꣁꢞꣁ꣄,கெ4த3ட்3கொ4டொ3
ꢱꢸꢥꣁ,ஸுனொ
ꢦꣀꢭ꣄ ꢱꢸꢥꣁ,பை3ல்ஸுனொ
ꢣꢸꢒ꣄ꢒꢬ꣄,து3க்கர்
ꢪꢛ꣄ꢙꢶꢬꢶ,மஞ்ஜிரி
ꢲꢬꢶꢥ꣄,ஹரின்
ꢪꢺꢔꣁ,ம்ருகொ3
ꢪꢹꢔꢸ,மூகு3
ꢯꢯꣁ,ஸஸொ
ꢓꢸꢥ꣄ꢣꢾꢭ꣄,கு2ந்தெ3ல்
ꢦꢵꢭꢥ ꢪꢹꢔꢸ,பாலனமூகு3
ꢒꣁꢗ꣄ꢗꢶ ꢱꢸꢥꣁ,கொச்சி ஸுனொ
ꢓꢿꢜꢸꢱꢸꢥꣁ,கே2டு ஸுனொ
ꢗꢶꢡ꣄ꢬꢪꢸꢫꢶ,சித்ரமுயி
ꢆꢒꣁ,உகொ
ꢮꢺꢒꣁ꣄,வ்ருகொ
ꢔꢖ꣄ꢔꢵꢬꢸ,க3ங்கா3ரு
ꢗꢶꢡ꣄ꢬꢮꢵꢔ꣄,சித்ரவாக்4
ꢩꢭ꣄ꢭꢸ,ப4ல்லு
ꢕꢾꢣꢞ꣄ꢮꢵꢔ꣄,கெ4த3ட்3வாக்4
ꢮꢥꢪꢛ꣄ꢙꢶꢬꢶ,வனமஞ்ஜிரி
ꢮꢥꢪꢹꢔꢸ,வனமூகு3
ꢬꢵꢠꢸ ꢩꢾꢫ꣄ꢱ꣄,ராண் பெ4ய்ஸ்
ꢥꢥꢡꢸꢬ꣄꣄ ꢓꣁꢭꣁ,தந்துர் கொ2லொ
ꢄꢱ꣄ꢪ꣄ꢪꣁ,ஸிம்மொ
ꢱꢶꢪ꣄ꢲꢸ,ஸிம்ஹு
ꢡꢬꢒ꣄ꢰꢹ,தரக்ஷு
ꢓꣁꢭꣁ,கொ2லொ
ꢮꢵꢔ꣄,வாக்3
ꢪꢾꢥꢶꢒꢸ ꢒꢷꢱ꣄,மெனிகு கீஸ்
ꢓꢞꢵ ꢣꢸꢒ꣄ꢒꢬ꣄,க2டா3 து3க்கர்
ꢲꣀꢱ꣄ꢡꢸ,ஹைஸ்து
ꢎꢱ꣄ꢡꢸ,ஐஸ்து
ꢔꢶꢡꢵ ꢕꣁꢞꣁ,கி3தாகொ4டொ3
ꢯꢾꢬꢶꢬ꣄,ஶெரீர்
ꢤꢸꢮꢥ꣄,து4வன்
ꢤꢸꢮꢥꢸ ꢦꢥꢶ,து4வனு பனி
ꢓꢸꢬꢶ,கு2ரி
ꢓꣁꢬ꣄,கோ2ர்
ꢱꢶꢖ꣄ꢔꢸ,ஸிங்கு3
ꢯꢾꢠ꣄,ஶேன்
ꢮꢶꢒ꣄ꢒꢸ ꢣꢵꢣ꣄,விக்கு தா3த்
ꢮꢶꢒ꣄ꢒꢸꢣꢵꢡ꣄,விக்குதா3த்
ꢱꢾꢬ꣄ꢒꢶ,ஸெர்கி
ꢪꢵꢥ꣄ꢣꢸꢓꢿꢱ꣄,மாந்து3கே2ஸ்
ꢦꢾꢠ꣄,பேண்
ꢇꢤꣁ,ஊதொ3
ꢦꣁꢡꢸꢮ꣄,பொது3வ்
ꢬꣂꢪ꣄,ரோம்
ꢭꣁꢞ꣄ꢞꢶ,லொட்3டி3
ꢭꢵꢫꢪ꣄,லாயம்
ꢦꢸꢱꢶꢞꢶ,புஸிடி3
ꢔꣁꢮꢡ꣄,கொ3வத்
ꢬꢵꢠꢸ ꢒꣃꢭꣁ,ராணுகௌளொ
ꢗꢛ꣄ꢗꢸ,சஞ்சு
ꢪꢸꢱ꣄ꢒꢶꢳꢶ,முஸ்கிளி
ꢂꢪ꣄ꢱꣁ,ஹம்ஸொ
ꢕꢸꢔꢸ,கூ4கு3
ꢆꢭꢸ,உலு
ꢦꢶꢖ꣄ꢔꢸ,பிங்கு
ꢦꢒ꣄ꢰꢶ ꢔꢹ,பக்ஷி கூ3
ꢬꢙꢒꣃꢭꣁ,ரஜகௌளொ
ꢔꣃꢬꢶ,கௌ3ரி
ꢣꢶꢰ꣄ꢳꣁ,தி3ஷ்ளொ
ꢒꣃꢭꣁ,கௌளொ
ꢬꢪꣁ,ரமொ
ꢒꣁꢒꢶꢭ꣄,கொகில்
ꢗꢶꢞꢶ,சிடி3
ꢤꢔꣁ,கூ2கொ3
ꢦꢛ꣄ꢙꢶꢬꢶ꣄,பஞ்ஜிரி
ꢮꢔꣁ,வகொ3
ꢄꢭꢶ,ஹிளி
ꢘꢸꢭꢶ,சு2ளி
ꢒꢸꢒꢸꢞꢶ,குகுடி3
ꢒꢸꢞꢶ,குடி3
ꢒꢸꢒꢸꢞꢶꢦꢶꢭ꣄ꢭꣁ,குகுடி3பில்லொ
ꢦꢶꢖ꣄ꢒꢸꢞꣁ,பிங்குடொ3
ꢒꢸꢒꢸꢞꣁ,குகுடொ3
ꢃꢞꢶ,ஆடி3
ꢨꢣꢸꢭꣁ,ப3து3லொ
ꢮꢶꢱ꣄ꢡꢮ꣄ ꢒꢸꢞꢶ,விஸ்தவ்குடி3
ꢦꢶꢛ꣄ꢘꢾ,பிஞ்செ2
ꢪꢸꢡꢭꣁ,முதளொ
ꢦꢖ꣄ꢓꢸ,பங்கு2
ꢒꢸꢒ꣄ꢒꢸꢬꣁ,குக்குரொ
ꢕꢵꢬꢸ,கா4ரு
ꢦꢒ꣄ꢰꢶ,பக்ஷி
ꢒꣃꢣꢸ,கௌது3
ꢒꣁꢒ꣄ꢒꢸꢬ꣄ꢒꣀꢭꣁ,கொக்குர்கைலொ
ꢨꣀꢭ꣄ ꢒꢸꢞꢶ,கபை3ல் குடி
ꢪꢴꣂꢬꢶ,மோ:ரீ
ꢪꢴꣂꢬ꣄,மோ:ர்
ꢪꢴꣂꢬꢸ ꢦꢷꢒ꣄,மோ:ருபீக்
ꢙꢵꢞꢸ꣄ ꢜꢖ꣄ꢒꢸ ꢦꢒ꣄ꢰꢶ,ஜா2டு3 டங்கு பக்ஷி
ꢪꢴꢳꢶ ꢜ꣄ꢖꢒꢸꢥꢵꢬ꣄,ம:ளி டங்குனார்
ꢂꢠ꣄ꢞꣁ,அண்டொ3
ꢱꢬꢶꢒꣁ,ஸரிகோ
ꢡꢬꢱ꣄ꢮꢶꢥ꣄,தரஸ்வின்
ꢡꢬ꣄ꢦꢒ꣄ꢰꢶ,தர்பஷி
ꢩꢵꢬꢙꢶ,பா4ரஜி
ꢏꢔꢸꢭ꣄,ஒகு3ல்
ꢲꢣ꣄ꢣꢸ,ஹத்3து3
ꢂꢬ꣄ꢒ꣄ꢫꢵꢭ꣄,அர்க்யால்
ꢂꢖ꣄ꢒꢾ,அங்கொ
ꢱꣂꢮꢸ,ஸொவு
ꢮꢷꢱꢪꢞ꣄ꢜꣁ,விஸமட்3டொ3
ꢡꢶꢮ,திவ
ꢱꢶꢭꢶ,ஸிலி
ꢱꢣ꣄ꢣꢸꢮꢶꢱꢪ꣄,ஸத்3து3விஸம்
ꢱꢸꢥ꣄ꢫ,ஸுந்ய
ꢱꢸꢥ꣄ꢥꢸ,ஸுந்நு
ꢫꣂꢔ꣄,யோக்3
ꢣꢷ,தீ3
ꢣꢷꢥꢸ,தீ3நு
ꢗꢵꢬꢸ,சாரு
ꢦꢵꢛ꣄ꢗ꣄,பாஞ்ச்
ꢱꣂ,ஸோ
ꢱꢵꢢ꣄,ஸாத்2
ꢃꢝ꣄,ஆட்2
ꢥꣁꢮ꣄,நொவ்
ꢣꢾꢱ꣄,தெ3ஸ்
ꢮꢶꢒ꣄ꢫꢵꢬ꣄,விக்யார்
ꢨꢵꢬ꣄,பா3ர்
ꢡꢿꢬ꣄,தேர்
ꢗꣁꢮꢣ꣄,சொவ்த்3
ꢧꢥ꣄ꢣꢬ꣄,ப2ந்த3ர்
ꢱꣁꢮꢳ꣄,ஸொவள்
ꢱꢡ꣄ꢡꢬ꣄,ஸத்தர்
ꢂꢝꢵꢬ꣄,அடா2ர்
ꢏꢒ꣄ꢥꢷꢱ꣄,ஒக்நீஸ்
ꢮꢷꢱ꣄,வீஸ்
ꢡꢷꢱ꣄,தீஸ்
ꢣꢷꢒꢳꢡꢷꢱ꣄,தீ3களதீஸ்
ꢗꢳꢶꢱ꣄,சளிஸ்
ꢢꢷꢥ꣄ꢒꢳ ꢗꢳꢶꢱ꣄,தீ2ந்களசளிஸ்
ꢦꣁꢥ꣄ꢥꢵꢱ꣄,பொந்நாஸ்
ꢗꢵꢬ꣄ꢒꢳ ꢦꣁꢥ꣄ꢥꢵꢱ꣄,சார்கள பொந்நாஸ்
ꢱꢵꢜ꣄,ஸாட்
ꢦꢵꢛ꣄ꢗꢳ ꢱꢵꢜ꣄,பாஞ்சளஸாட்
ꢱꢷꢬ꣄,ஸீர்
ꢱꣂꢒꢳ ꢱꢷꢬ꣄,ஸோகளஸீர்
ꢂꢱꢶ,அஸி
ꢱꢵꢡ꣄ꢒꢳ ꢂꢱꢶ,ஸாத்களஅஸி
ꢥꢮꢡ꣄,நவத்
ꢃꢜ꣄ꢒꢳ ꢥꢮꢡ꣄,ஆட்களநவத்
ꢥꣁꢮ꣄ꢮꢳ ꢥꢮꢡ꣄,நொவ்வளநவத்
ꢱꣂꢮꢸ,ஸோவு
ꢫꣂꢒꢭ ꢱꣂꢮꢸ,யோகளஸோவு
ꢣꢷꢒꢳ ꢱꣂꢮꢸ,தீ3களஸோவு
ꢣꢷꢱꣂꢮꢸ,தீ3ஸோவு
ꢢꢷꢥ꣄ꢱꣂꢮꢸ,தீ2ந்ஸோவு
ꢗꢵꢬ꣄ꢱꣂꢮꢸ,சார்ஸோவு
ꢦꢵꢛ꣄ꢗ꣄ ꢱꣂꢮꢸ,பாஞ்சு; ஸோவு
ꢱꣂ ꢱꣂꢮꢸ,ஸோஸோவு
ꢱꢵꢡ꣄ ꢱꣂꢮꢸ,ஸாத்ஸோவு
ꢃꢝ꣄ꢱꣂꢮꢸ,ஆட்2ஸோவு
ꢥꣁꢮ꣄ ꢱꣂꢮꢸ,நொவ்ஸோவு
ꢥꣁꢭ꣄ꢒꢳ ꢥꣁꢮ꣄ꢱꣂꢮꢸ,நொல்களநொவ்ஸோவு
ꢱꢱꢬꢸ,ஸஸரு
ꢣꢷꢒꢳ ꢱꢱꢬꢸ,தீ3களஸஸரு
ꢮꢷꢱ꣄ꢒꢳ ꢱꢱꢬꢸ,வீஸ்களஸஸரு
ꢣꢷꢱꢵꢬ꣄,தீ3ஸார்
ꢢꢶꢥ꣄ꢱꢵꢬ꣄,தி2ந்ஸார்
ꢗꢵꢬ꣄ ꢱꢵꢬ꣄,சார்ஸார்
ꢦꢵꢛ꣄ꢗ꣄ ꢱꢱꢬ꣄,பாஞ்ச்ஸஸர்
ꢱꣂ ꢱꢵꢱꢬ꣄,ஸோஸஸர்
ꢱꢵꢡ꣄ ꢱꢱꢬ꣄,ஸாத்ஸஸர்
ꢃꢜ꣄ ꢱꢱꢬ꣄,ஆட்ஸஸர்
ꢥꣁꢮ꣄ ꢱꢱꢬ꣄,நொவ்ஸஸர்
ꢣꢾꢱ꣄ ꢱꢱꢬ꣄,தெ3ஸ்ஸஸர்
ꢭꢾꢒ꣄ꢒꢸ,லெக்கு
ꢱꣁꢮꢸ ꢱꢱꢬꢸ,ஸொவுஸஸரு
ꢒꣂꢜꢶ,கோடி
ꢏꢠ꣄ꢜꢾ,ஒண்டெ
ꢧꣀꢭꣁ,பை2லொ
ꢧꣀꢭꢵꢪ꣄,பை2லாம்
ꢣꢶꢮ꣄ꢮꣁ,தி3வ்வொ
ꢣꢶꢮꢫꣁ,தி3வயொ
ꢢꢶꢥ꣄ꢱꢵ,தி2ந்ஸா
ꢣꢶꢥ꣄ꢮꢫꣁ,தி3ந்வயொ
ꢗꢬ꣄ꢭꣁ,சர்லொ
ꢗꢬ꣄ꢮꢫꣁ,சர்வயொ
ꢦꢮ꣄ꢛ꣄ꢗꣁ,பவ்ஞ்சொ
ꢦꢮ꣄ꢛ꣄ꢗꣁꢫꣁ,பவ்ஞ்சொயொ
ꢱꣁꢮ꣄ꢮꣁ,ஸொவ்வொ
ꢱꣁꢮ꣄ꢮꢫꣁ,ஸொவ்வயொ
ꢱꢡ꣄ꢭꣁ,ஸத்லொ
ꢱꢡ꣄ꢮꢫꣁ,ஸத்வயொ
ꢂꢜ꣄ꢮ,அட்வ
ꢂꢜ꣄ꢮꢫꣁ,அட்வயொ
ꢥꣁꢮ꣄ꢮ,நொவ்வ
ꢥꣁꢮ꣄ꢮꢫꣁ,நொவ்வயொ
ꢣꢾꢱ꣄,தெஸ்
ꢣꢾꢱ꣄ꢮꢫꣁ,தெ3ஸ்வயொ
ꢤꢬ꣄ꢪ ꢦꢸꢱ꣄ꢡꢮ꣄,த4ர்ம புஸ்தவ்
ꢤꢬ꣄ꢪꣁ,த4ர்மொ
ꢱꢸꢮꢡ꣄ꢡꢵꢥ꣄,ஸுவத்தான்
ꢥꢷꢡꢶ ꢆꢒ꣄ꢡꢶꢥ꣄,நீதி உக்தின்
ꢗꣁꢒ꣄ ꢮꢵꢗꢸꢥ꣄,சொக்வாசுன்
ꢤꢾꢬꢸꢪꢸ ꢮꢡ꣄ꢡꢵꢥ꣄,தெ4ருமு வத்தான்
ꢲꢶꢡ ꢮꢵꢗꢸꢥ꣄,ஹித வாசுன்
ꢄꢡꢶꢲꢵꢱ꣄,இதிஹாஸ்
ꢱꢛ꣄ꢗꢭꢥꣁ,ஸஞ்சலனொ
ꢱꢵꢲꢶꢡ꣄ꢫꢱꢵꢱ꣄ꢡꢬ꣄,ஸாஹித்ய ஸாஸ்தர்
ꢂꢭꢖ꣄ꢒꢵꢬꢸ ꢱꢵꢱ꣄ꢡꢬ꣄,அலங்காரு ஸாஸ்தர்
ꢱꢵꢲꢶꢡ꣄ꢫꢸ,ஸாஹித்யு
ꢦ꣄ꢬꢾꢪꣁ,ப்ரேமொ
ꢱꢾꢬ ꢤꢪꢶꢥꢶ,ஸெரத4மினி
ꢱꢲ ꢦꢭꢵꢫꢥꣁ,ஸஹபலாயனொ
ꢱꢲ ꢔꢪꢥꣁ,ஸஹக3மனொ
ꢮ꣄ꢫꢵꢓ꣄ꢫꢵꢥ꣄,வ்யாக்2யான்
ꢮꢗꢥ ꢱꣀꢭꢶ,வசன ஸைலி
ꢔꢣ꣄ꢫꣁ,க3த்3யொ
ꢡꢵꢞꢶꢦꢵꢥꢸꢥ꣄,தாடி3பானுன்
ꢮꢶꢫꢵꢱ꣄,வியாஸ்
ꢣꢾꢮꢸ ꢱ꣄ꢡꢶꢡꢶ,தே3வுஸ்துதி
ꢱꢶꢣ꣄ꢣꢵꢥ꣄ꢤꢸ ꢱꢣꢱ꣄,ஸித்3தா3ந்து4 ஸத3ஸ்
ꢪꢠ꣄ꢞꢭ꣄,மண்ட3ல்
ꢦ꣄ꢬꢾꢮꢸ ꢙꢶꢮ꣄ꢥꢪ꣄,ப்ரேவு ஜிவ்னம்
ꢤꢾꢬꢸꢪꢸ ꢙꢶꢮ꣄ꢥꢪ꣄,தெ4ருமு ஜிவ்னம்
ꢂꢤ꣄ꢫꢵꢫꢸ,அத்4யாயு
ꢱꢬ꣄ꢔꢸ,ஸர்கு3
ꢪꢲꢵꢒꢵꢮ꣄ꢫꢸ,மஹாகாவ்யு
ꢦꢶꢬꢵꢪꣁ,பிராமொ
ꢦꢬꢷꢡꢶ,பிரீதி
ꢒꢵꢪꣁ,காமொ
ꢦꣁꢮꢱꢸ ꢒꢵꢭ꣄,பொவ்ஸு கால்
ꢍꢱꢸ ꢮꢵꢜ꣄,ஏஸு வாட்
ꢥꢵꢫꢒꢶ,நாயகி
ꢥꢵꢫꢒꣁ,நாயகொ
ꢱꢶꢱꢸꢱꢵꢄꢡ꣄ꢫꢸ,ஸிஸுஸாஹித்யு
ꢦꣁꢱ꣄ꢪꢾ,பொஸ்மெ
ꢲꢾꢱ꣄ꢫꢪ꣄,ஹேஸ்யம்
ꢥꢵꢗꢸꢮꢵꢥ꣄,நாசுவான்
ꢱꢶꢳ꣄ꢳꢵ ꢒꢵꢭ꣄,ஸிள்ளாகால்
ꢲꢶꢪꢳꣁ,ஹிமளொ
ꢲꢶꢪꢸꢱꢸ ꢒꢵꢭ꣄,ஹிமுஸுகால்
ꢣꢵꢥ꣄,தா3ன்
ꢱꢪꢱ꣄ꢢꢵꢥ꣄,ஸம்ஸ்தா2ன்
ꢱꢪ꣄ꢒ꣄ꢯꢾꢦ꣄,ஸம்க்ஷேப்
ꢡꢵꢣꢶ,தாடி3
ꢡꢵꢜꢶ - ꢦꢵꢥꢸ ꢭꢶꢓꢾꢫꣁ,தாடி - பானும் லிகெ2யொ
ꢦꢣ꣄ꢫꣁ,பத்3யொ
ꢒꢮꢶꢡꢵ ꢬꢷꢡꢶ,கவிதா ரீதி
ꢯꣀꢮꣁ,ஸைவொ
ꢯꢶꢮ ꢪꢵꢬ꣄ꢔꢸ,ஶிவமார்கு3
ꢮꢡ꣄ꢡꢵ ꢂꢬ꣄ꢢꢸ,வத்தாஅர்து2
ꢦ꣄ꢬꢱꢖ꣄ꢔꢸ,ப்ரஸங்கு3
ꢩꢵꢰꢠꣁ,பா4ஷணொ
ꢥꢵꢫꢒꢥ꣄,நாயகன்
ꢗꢭꢥ꣄ꢒꢵꢭ꣄,சலன்கால்
ꢗꢭ꣄ꢡꢒꢵꢭ꣄,சல்தகால்
ꢱ꣄ꢮ ꢗꢬꢶꢡ꣄ꢬꢸ,ஸ்வ சரித்ரு
ꢂꢭꢔ꣄ ꢔꢷꢡꢸꢥ꣄,அலக்3 கீ3துன்
ꢕꢾꢬꢸ ꢤꢾꢬꢸꢪ꣄,கே4ரு தெ4ரும்
ꢣꣂꢰ ꢔꢸꢠ ꢮꢶꢪꢬ꣄ꢱꢠꣁ,தோ3ஷ கு3ண விமர்ஸணொ
ꢱꢥ꣄ꢫꢵꢱꢸ ꢂꢗꢵꢬ꣄,ஸன்யாஸு அசார்
ꢣꢾꢒ꣄ꢯꢸꢠꢸ ꢮꢬꣁ,தெ3க்ஷுணு வரொ
ꢪꢥ꣄ꢣ ꢪꢵꢬꢸꢣꣁ,மந்த3 மாருதொ3
ꢱꢖ꣄ꢒꢭꢥꢒꢬ꣄ꢡꣁ,ஸங்கலனகர்தொ
ꢙꢾꢡꣁ ꢗꢾꢬ꣄ꢗꢸꢥꢵꢬ꣄,ஜெதொ செர்சுனார்
ꢱꢪ꣄ꢦꢵꢢꢒꣁ,ஸம்பாதகொ
ꢮꢬ꣄ꢠꢶ,வர்ணி
ꢥꢵꢫꢥ꣄ꢪꢵꢬ꣄,நாயன்மார்
ꢥꢶꢔꢠ꣄ꢜꢸ,நிக3ண்டு
ꢤꢾꢬ꣄ꢪꢸ ꢓꢾꢥꢶ,தெ4ர்மு கெ2னி
ꢥꢷꢡꢶ ꢱꢵꢲꢶꢡ꣄ꢫꢸ,நீதி ஸாஹித்யு
ꢗꢡꢵꢨ꣄ꢣꢶꢶ,ஸதாப்3தி3
ꢩꢒ꣄ꢡꢶ ꢪꢵꢬ꣄ꢔꢸ,ப4க்தி மார்கு3
ꢩꢵꢔꢸ,பா4கு3
ꢮꢡ꣄ꢡꢵꢥꢸ꣄ ꢂꢬ꣄ꢢꢸ,வத்தானு அர்து2
ꢦꢬꢪꢵꢡ꣄ꢪꣁ,பரமாத்மொ
ꢩꢮ꣄ꢡꢸꢭ꣄,ப4வ்துல்
ꢧꣀꢭꢮꢵꢗꢸ,பை2லவாசு
ꢦ꣄ꢬꢾꢮꢾꢱꢸ ꢮꢵꢗꢸ,ப்ரேவேஸு வாசு
ꢦꢷꢝꢶꢒꣁ,பீடி2கொ
ꢮꢳꢸ ꢬꢵꢠ꣄,வளுராண்
ꢂꢭꢔ꣄ꢔꣁ,அலக்3கொ3
ꢮꢾꢔꢸꢳꣁ,வெகுளொ
ꢙꢥꢥꣁ,ஜனனொ
ꢙꢾꢥ꣄ꢪꢸ ꢧꣁꢳ꣄,ஜென்மு போ2ள்
ꢥꣁꢮꣁ ꢒꢮꢶꢡꣁ,நொவொ கவிதொ
ꢥꢮꢷꢥ ꢒꢮꢶꢡꣁ,நவீன கவிதொ
ꢥꢹꢡꢥ ꢒꢮꢶꢡꣁ,நூதன கவிதொ
ꢕꢥꢮꢵꢥ꣄,க4னவான்
ꢦꣁꢰꢒꣁ,போஷகொ
ꢦꢸꢬꢵꢠꢸ,புராணு
ꢱꢹꢬꢶ,ஸூரி
ꢥꢾꢪ ꢱꣁꢞꢶꢥꢶ,நேம ஸொடி3னி
ꢒꣃꢒꢶꢒ꣄,லௌகிக்
ꢂꢪ꣄ꢪꢵꢥ꣄,அம்மான்
ꢱꢥ꣄ꢣꣁꢰ꣄,ஸந்தே3ஷ்
ꢘꢥ꣄ꢣꢱ꣄,ச2ந்த3ஸ்
ꢩꢵꢮꢬ꣄ꢢꢸ,பா4வார்து2
ꢪꢴꣁꢞꢪ꣄,மொ:ட3ம்
ꢦꢵꢬꢪ꣄ꢦꢬ꣄ꢫꣁ,பாரம்பர்யொ
ꢦꢷꢔꢸ ꢤꢬꢷꢬ꣄,பீகுத4ரீர்
ꢡꢸꢞ꣄ꢫꢵꢥꢸ ꢪꢵꢬ꣄ꢔꢸ,துட்3யானு மார்கு3
ꢂꢮꢡꢵꢬꢶꢒꣁ,அவதாரிகொ
ꢡꢷꢥ꣄ꢡꢪꢶꢳꢸ ꢱꢵꢲꢶꢡ꣄ꢫꣁ,தீ2ன்தமிளு ஸாஹித்யொ
ꢪꢹꢭ ꢦꢸꢱ꣄ꢡꢮ꣄,மூல புஸ்தவ்
ꢂꢜꢸ ꢦꢸꢱ꣄ꢡꢮ꣄,அடுபுஸ்தவ்
ꢮꢥꢵꢥ꣄ꢡꢬꢸ ꢤꢬꢷꢬ꣄,வனாந்தரு த4ரீர்
ꢪꢸꢥꢶ,முனி
ꢔꢥꢤꢥꢮꢵꢥ꣄,க3னத4னவான்
ꢆꢡ꣄ꢡꢬꢸ ꢮꢬꣁ,உத்தரு வரொ
ꢲꢶꢪꢮꢬꣁ,ஹிமவரொ
ꢧꢾꢮ꣄ꢭꢥꢦꢥ꣄,பொ2வ்னபன்
ꢮꣀꢒꢸꢠ꣄ꢜꢸ,வைகுண்டு
ꢦꢬꢪ꣄ꢤꢵꢪ꣄,பரம்தா4ம்
ꢮꣀꢰ꣄ꢠꢮ ꢪꢵꢬ꣄ꢔꢸ,வைஷ்ணவ மார்கு3
ꢂꢯꢬꢷꢬꢶ,அஶரீரி
ꢣꢵꢱꢸꢥ꣄,தா3ஸுன்
ꢂꢩꢶꢰꢿꢒ꣄,அபி4ஷேக்
ꢂꢬ꣄ꢗꢥꣁ,அர்சனொ
ꢂꢮ꣄ꢡꢵꢬ꣄,அவ்தார்
ꢃꢱꢶꢰ꣄,ஆஸிஷ்
ꢃꢱꢷꢬ꣄ꢮꢵꢡ꣄,ஆஸீர்வாத்
ꢃꢱ꣄ꢬꢪꣁ,ஆஸ்ரமொ
ꢣꢿꢮ꣄,தே3வ்
ꢩꢔꢮꢵꢥ꣄,ப4க3வான்
ꢃꢬꢵꢤꢥꣁ,ஆராத4னொ
ꢣꢮ꣄ꢬꣁ,த4வ்ரொ
ꢪꢥ꣄ꢣꢶꢬ꣄,மந்தி3ர்
ꢃꢡ꣄ꢪꣁ,ஆத்மொ
ꢃꢱ꣄ꢡꢶꢒ꣄,ஆஸ்திக்
ꢡꢸꢞꢶꢫꢵꢥꢸ ꢪꢵꢬ꣄ꢔꢸ,துடி3யானு மார்கு3
ꢲꢶꢥ꣄ꢣꢸ,ஹிந்து3
ꢣꢿꢮꢸ ꢩꢒ꣄ꢡꢶ,தே3வுப4க்தி
ꢣꢾꢮ꣄,தே3வ்
ꢅꢯꣁ,ஈஶொ
ꢅꢯ꣄ꢦꢸꢬꢸ,ஈஶ்புரு
ꢲꢸꢠ꣄ꢞꢶ,ஹுண்டி3
ꢱꣂꢩꢵ ꢫꢵꢡ꣄ꢬꣁ,ஸோபா4 யாத்ரொ
ꢬꢒ꣄ꢰꢸꢥꢵꢬ꣄,ரக்ஷுனார்
ꢔꢬ꣄ꢩ ꢔ꣄ꢒꢺꢲꢪ꣄,க3ர்ப4க்3ருஹம்
ꢱꢪꢵꢤꢶ,ஸமாதி4
ꢒꢬ꣄ꢦꢸꢬ꣄,கர்பூர்
ꢂꢡ꣄ꢡꢶꢪ꣄ꢨꢸꢬ꣄,அத்திம்பு3ர்
ꢒꢾꢥ꣄ꢫꢵꢱ꣄ꢡꢶꢬꢷ,கென்யாஸ்திரீ
ꢒꢵꢠꢶꢒ꣄ꢒꢿ,காணிக்கெ
ꢒꢵꢮꢶꢮꢱ꣄ꢡꢬ꣄,காவிவஸ்தர்
ꢒꢶꢬꢸꢱ꣄ꢡꢸ ꢪꢵꢬ꣄ꢔꢸ,கிருஸ்து மார்கு3
ꢒꢷꢬ꣄ꢡ꣄ꢡꢥꢵꢥ꣄,கீர்தனான்
ꢒꢸꢭꢣꢿꢮ꣄,குலதே3வ்
ꢣꢸꢮꣁ,தி3வொ
ꢤ꣄ꢮꢙ ꢱ꣄ꢢꢪ꣄ꢨꢸ,த்4வஜஸ்த2ம்பு3
ꢤꢮ꣄ꢬꣁ,த4வ்ரொ
ꢱꢶꢬ꣄ꢒꢥ꣄,ஸிர்கன்
ꢯ꣄꣄ꢬꢶꢔꢥ꣄ꢤꢸ,ஸ்ரீக3ந்து4
ꢱꢥ꣄ꢫꢵꢱ꣄,ஸந்யாஸ்
ꢱꢥ꣄ꢫꢵꢱꢶ,ஸந்யாஸி
ꢱꢥ꣄ꢫꢵꢱꢶꢥꢶ,ஸந்யாஸினி
ꢱꢪꢠ ꢪꢵꢬ꣄ꢔꢸ,ஸமண மார்கு3
ꢤꢾꢬꢸꢪ꣄,தெ4ரும்
ꢤꢬ꣄ꢪꢸ,த4ர்மு
ꢱꢵꢣꢸ,ஸாது4
ꢱꢵꢨꢥꣁ,ஸாப3னொ
ꢂꢩꢶꢱꢵꢦ꣄,அபி4ஸாப்
ꢱꢶꢡ꣄ꢡꢬ꣄,சித்தர்
ꢱꢶꢭꢸꢮꣁ,ஸிலுவொ
ꢱꢶꢭꣁ,ஸிலொ
ꢱꢶꢭ꣄ꢨꣁ,ஸில்பொ
ꢯꢶꢶꢮꣁ,ஶிவொ
ꢥꢴꢥ꣄ ꢣꢿꢮ꣄,ந:ன்தே3வ்
ꢔꢵꢪꢸ ꢣꢿꢮ꣄,கா3முதே3வ்
ꢱꢶꢰ꣄ꢫꢵꢥ꣄,ஸிஷ்யான்
ꢬꢸꢣ꣄ꢬꢦꢹꢪꢶ,ருத்3ரபூமி
ꢱꢸꢱꢥ꣄ꢣꢾꢱꢸꢥ꣄,ஸுஸந்தே3ஸுன்
ꢱꣀꢮꢪ꣄,ஸைவம்
ꢱ꣄ꢮꢬ꣄ꢔꢸ,ஸ்வர்கு3
ꢛꢵꢥ ꢱ꣄ꢥꢵꢥ꣄,ஞானஸ்நான்
ꢡꢦꢱ꣄,தபஸ்
ꢦꣁꢳ꣄ꢳꢶ ꢮꢵꢱꢭ꣄,பொள்ளி வாஸல்
ꢤꢬ꣄ꢪꢒꢬ꣄ꢡꣁ,த4ர்மகர்தொ
ꢥ꣄ꢫꢵꢱꢶ,ந்யாஸி
ꢱꢸꢦ꣄ꢬꢩꢵꢡꢸꢪ꣄ ꢣꢾꢮꢸꢒ꣄ ꢲꢸꢞꢞ꣄ꢥꢶ,ஸுப்ரபா4தும் தே3வுக் ஹுட3ட்3னி
ꢯ꣄꣄ꢬꢷ ꢦꢵꢣꢪ꣄,ஸ்ரீபாத3ம்
ꢱꢪꢵꢬꢵꢤꢥꣁ,ஸமாராத4னொ
ꢣꢱꢭ꣄,த3ஸல்
ꢤꢮ꣄ꢬꢵ ꢆꢡ꣄ꢱꢮꢸ,த4வ்ரா உத்ஸவு
ꢣꢷꢦꢵꢬꢵꢡꢥꣁ,தீ3பராத4னொ
ꢣꢷꢬ꣄ꢔꢣꢬ꣄ꢱꢶ,தீ3ர்க4த3ர்ஸி
ꢡꢷꢬ꣄ꢢꢸ,தீர்து2
ꢦ꣄ꢬꢱꢵꢣ꣄,ப்ரஸாத்3
ꢨꢥ꣄ꢤꢪ꣄,ப3ந்த4ம்
ꢪꢾꢞꢵꢡ꣄ꢪꣁ,மேடா3த்மொ
ꢦꢸꢠ꣄ꢫꢵꢡ꣄ꢪꣁ,புண்யாத்மொ
ꢣꢠ꣄ꢞꢶ,த3ண்டி3
ꢨꣁꢭꢶꢦꢷꢟ꣄,பொ3லிபீட்2
ꢦꣁꢳ꣄ꢳꢶ,பொள்ளி
ꢦꢵꢦꢶ,பாபி
ꢦ꣄ꢬꢒꢵꢬ꣄,ப்ரகார்
ꢦ꣄ꢬꢗꢵꢬꢒ꣄,ப்ரசாரக்
ꢦ꣄ꢬꢵꢡ꣄ꢡꢥꣁ,ப்ராத்தனொ
ꢆꢙ꣄ꢮꢵꢮ꣄,உஜ்வாவ்
ꢦꢸꢠ꣄ꢠꢸ,புண்ணு
ꢦꢸꢙꣁ,புஜொ
ꢨꢶꢱꢨ꣄,பி3ஸப்3
ꢪꢲꢵꢬꢱꢥꣁ,மஹாரஸனொ
ꢱꢶꢒ꣄ꢒꢞ꣄ꢠꢵꢬ꣄,ஸிக்கட்3ணார்
ꢨꢸꢣ꣄ꢤ ꢪꢵꢬ꣄ꢔꢸ,பு3த்3த4 மார்கு3
ꢪꢝ,மட்2
ꢕꢾꢠ꣄ꢜꣁ,கெ4ண்டொ
ꢪꣁꢥ꣄ꢡꢸꢬ꣄,மொந்துர்
ꢣꢷ ꢒ꣄ꢰꣁ ꢓꢳ꣄ꢳꢥ꣄ ꢮꢾꢳ꣄꣄ ꢔꢸꢬꢸ ꢱꢖ꣄ꢔꢱ꣄ꢡꢾ ꢪꣁꢥ꣄ꢡꢸꢬ꣄,தீ3 க்ஷொக2ள்ளன் வேள் கு3ரு ஸங்க3ஸ்தெ மொந்துர்
ꢮꢿꢣ꣄,வேத்3
ꢪꢥꢱꢵꢒ꣄ꢰꢶ,மனஸாக்ஷி
ꢣ꣄ꢬꢵꢮꢶꢞ ꢔ꣄ꢬꢵꢪ꣄ꢫ ꢣꢾꢮ꣄ꢡꣁ,த்3ராவிட3 க்3ராம்ய தே3வ்தொ
ꢪꢾꢬꢶ ꢕꢾꢬ꣄,மேரி கே4ர்
ꢪꢵꢬꢶꢫꢪ꣄ꢪꣁ,மாரியம்மொ
ꢱꢵꢪꢶꢫꢵꢬꢸꢥ꣄,ஸாமியாருன்
ꢪꣂꢒ꣄ꢯꢶ,மோக்ஷி
ꢪꢸꢒ꣄ꢡꢶ,முக்தி
ꢬꢾꢡ꣄ꢡꢸ,ரெத்து
ꢥꢪꢱ꣄ꢒꢵꢬ꣄,நமஸ்கார்
ꢥꢪꢥꣁ,நமனொ
ꢥꣂꢪ꣄,நோம்
ꢮꢶꢔ꣄ꢬꢲꢪ꣄,விக்3ரஹம்
ꢦꢵꢦꢮꢶꢪꣂꢗꢥꣁ,பாபவிமோசனொ
ꢮꣁꢔꢡ꣄,வொக3த்
ꢮꣀꢰ꣄ꢠꢮꢪ꣄,வைஷ்ணவம்
ꢙꢾꢦꢪ꣄,ஜெபம்
ꢙꢾꢭꢸꢪ꣄,ஜெலும்
ꢲꢵꢙꢶ,ஹாஜி
ꢲꢙ꣄ꢙꢸ ꢫꢵꢡ꣄ꢬꣁ ꢒꢾꢬꢾꢱ꣄ꢡꢾꢥꣁ,ஹஜ்ஜு யாத்ரொ கெரெஸ்தெனொ
ꢂꢞ꣄ꢔꢾꢭ꣄,அட்3கெ3ல்
ꢒꢾꢣꢸꢬꣁ,கெது3ரொ
ꢮꢱ꣄ꢡꢬ꣄,வஸ்தர்
ꢩꢹꢰꢸ,பூ4ஷு
ꢱꣁꢪ꣄ꢪꢸ,ஸொம்மு
ꢗꣁꢮ꣄ꢭꢶ,சொவ்ளி
ꢧꢾꢭꢸ,பே2லு
ꢂꢥ꣄ꢡꢬ꣄ꢮꢵꢱ꣄,அந்தர்வாஸ்
ꢏꢞ꣄ꢞꢶꢫꢠꢪ꣄,ஒட்3டி3யணம்
ꢂꢞꢸꢗꣁꢮ꣄ꢭꢶ,அடு3சொவ்ளி
ꢣꣁꢠꣁ,தொ3ணொ
ꢘꢵꢱ꣄ꢪꣁ,சா2ஸ்மொ
ꢓꢵꢡꢶ,கா2தி
ꢡꣃꢠꢞ꣄,தௌணட்
ꢡꢮ꣄ꢠꢣ꣄,தவ்ணட்3
ꢒꢾꢖ꣄ꢔꢠ꣄,கெங்க3ண்
ꢦꢵꢛ꣄ ꢂꢖ꣄ꢔꢬꣁ,பாஞ்அங்க3ரொ
ꢒꢸꢖ꣄ꢔꢸꢪ꣄,குங்கு3ம்
ꢦꣁꢖ꣄ꢔꢸꢳꣁ,பொங்கு3ளொ
ꢦꣀꢞꢶ,பைடி3
ꢭꢴꣂꢖ꣄ꢔꢸ,லோ:ங்கு3
ꢲꢵꢡꢸꢪꢔꢵ ꢨꣁꢜ꣄ꢞꣁ,ஹாதுமகா3 பொ3ட்டொ3
ꢒꢸꢛ꣄ꢙꢪ꣄,குஞ்ஜம்
ꢗꣀꢪ꣄ꢨꢜ꣄ꢜꢾ,சைம்ப3ட்டெ
ꢔꣁꢬ꣄ꢱꢸꢭ꣄,கொ3ர்ஸுல்
ꢒꢰ꣄ꢜꢶꢨꣁꢜ꣄ꢜꣁ,கஷ்டி பொ3ட்டொ
ꢔꣁꢪꢾꢣꢒꢪ꣄,கோ3மேத3கம்
ꢂꢖ꣄ꢔ꣄ꢬꣁ,அங்க3ரொ
ꢂꢖ꣄ꢔ꣄ꢬꢵ,அங்க்3ரா
ꢓꣃꢭ꣄ꢜꢶ,கொ2ள்டி
ꢬꢖ꣄ꢔꢵꢮ꣄,ரங்கா3வ்
ꢣꣁꢠ꣄ꢞꣁ,தெ3ண்டொ3
ꢨꢶꢥ꣄ꢣꢸꢭꣁ,பி3ந்து3லொ
ꢭꣁꢭꢵꢒ꣄,லோலாக்
ꢪꣁꢛ꣄ꢗꢥꢶ,மொஞ்சனி
ꢗꢸꢗ꣄ꢗꢸꢪ꣄,சுச்சும்
ꢗꢾꢦꢶꢥꢶ,செபினி
ꢱꣁꢳꣁ,ஸெளளொ
ꢗꣁꢮ꣄ꢳꢶ,சொவ்ளி
ꢣꢥ꣄ꢡꢸ,த3ந்து
ꢆꢰ꣄ꢠꢶꢰꣁ,உஷ்ணிஷொ
ꢗꢾꢪ꣄ꢨꢜ꣄ꢜꢾ,செம்ப3ட்டெ
ꢚꢭ꣄ꢚꢭ꣄,ஜ2ல்ஜ2ல்
ꢑꢡꣁ,ஒளதொ
ꢨꣁꢜ꣄ꢜꣁ,பொ3ட்டொ
ꢒꢱ꣄ꢥꢶ,கஸ்நி
ꢦꢔꢶꢞꢶ,பகி3டி3
ꢡꣃꢠꢜ꣄,தௌணட்
ꢩꢹꢰꢠ,பூ4ஷண
ꢥꢶꢭꢣꢾꢫ꣄ꢞ,நிலதெ3ய்ட3
ꢦꢶꢪ꣄ꢨꢭꢪ꣄,பிம்ப3ளம்
ꢒꣃꢱ꣄,கௌஸ்
ꢒꣁꢮ꣄ꢯ꣄,கொவ்ஶ்
ꢪꢬꢔꢡꢪ꣄,மரக3தம்
ꢦꣁꢪ꣄ꢳꣁ,பொம்ளொ
ꢭꣁꢪ꣄ꢨꢞꢪ꣄,லொம்ப3ட3ம்
ꢨꢶꢭꢵꢒ꣄,பி3லாக்
ꢦꢸꢰ꣄ꢦꢬꢵꢔꢪ꣄,புஷ்பராக3ம்
ꢨꣀꢙꢪꢵ,பை3ஜமா
ꢦꣃꢒꢳ꣄,பௌகள்
ꢪꢵꢠꢶꢒ꣄ꢒꢪ꣄,மாணிக்கம்
ꢃꢬꢪ꣄,ஹாரம்
ꢪꢵꢭꢾ,மாலெ
ꢦꢵꢛꢶꢪꢸꢣ꣄ꢣꢶ,பாஞிமுத்3தி3
ꢤꣁꢮꢡ꣄,தொ4வத்
ꢪꣁꢡꢶ,மொதி
ꢪꢸꢒ꣄ꢒꢸꢬ꣄,முக்குர்
ꢪꢸꢣ꣄ꢣꢶ,முத்3தி3
ꢭꣁꢭꢵꢒ꣄,லொலாக்
ꢒꣀꢥ,கைந
ꢒꣀꢥꣁ,கைநொ
ꢂꢬꢶꢡ꣄ꢯꢪ꣄,ஹரித்ஶம்
ꢚꢸꢖ꣄ꢒꢭ꣄,ஜு2ங்கல்
ꢂꢖ꣄ꢔꢶꢞꢶ,அங்கி3டி3
ꢒꢸꢣꢵꢖ꣄ꢔꢶꢞꢶ,குதா3ங்கி3டி3
ꢃꢣꢵꢮ꣄,ஆதா3வ்
ꢌꢥ꣄ꢡꢸꢬ꣄,எந்துர்
ꢲꢹꢣꢵꢬ,ஹூதா3ர்
ꢬꢴꢥꢶ,ர:னி
ꢔꣁꢱ꣄,கோ3ஸ்
ꢥꢶꢱ꣄ꢱꢸꢭ꣄ꢒꣁ,நிஸ்ஸுல்கொ
ꢲꢸꢡ꣄ꢬꢵꢮ꣄,ஹுத்ராவ்
ꢕꢸꢪ꣄ꢦꢸ,கு3ம்பு
ꢔꣂꢱ꣄,கோ3ஸ்
ꢆꢡ꣄ꢬꢮꢵꢣ꣄,உத்ரவாத்3
ꢨꢵꢣ꣄ꢫꢮꢵꢥ꣄,பா3த்3யவான்
ꢱꢹꢮꢵꢥ꣄ꢣꢵꢬ꣄,ஸுவாந்தா3ர்
ꢂꢥ꣄ꢡꢬ꣄ꢒꢬꣁ,ஸ்த2லீயகரொ
ꢱꢷꢭ꣄ꢒꢪ꣄,ஸுல்கொ
ꢱꢵꢮꢤꢵꢥ꣄,ஸாவதா4ன்
ꢌꢭꢪ꣄,எலம்
ꢥꢷꢭꢵꢪ꣄,நீலாம்
ꢂꢖ꣄ꢔꢶꢞꢶ ꢒꢾꢬꣁ,அங்கி3டி3கெரொ
ꢒꢮ꣄ꢭꢶꢥꢶ,கவ்லினி
ꢪꢶꢱ꣄ꢬꢥꣁ,மிஸ்ரனொ
ꢣꣁꢨ꣄ꢨꢶꢥꢶ,தொ3ப்3பி3னி
ꢩꢶꢞ꣄ꢥꢶ,பி4ட்3னி
ꢦꢸꢛ꣄ꢙꣁ,புஞ்ஜொ
ꢒꢦꢶꢥꢶ,கபினி
ꢏꢠ꣄ꢜ꣄ꢫꣁꢱ꣄ꢪꣁꢭ꣄,ஒண்ட்யொஸ்மோல்
ꢓꢾꢬꢵꢬꢸꢪꣁꢭ꣄,கெ2ராருமோல்
ꢒꢵꢱ꣄,காஸ்
ꢲꢥ꣄ꢥꢮ꣄,ஹன்னவ்
ꢲꢥ꣄ꢥ꣄ꢮꢸꢦꢡ꣄ꢬꢸ,ஹன்னவுபத்ரு
ꢨꢷꢪꣁ,பீ3மொ
ꢙꢷꢮꢥꢬꢒ꣄ꢰꣁ,ஜீவன ரக்ஷொ
ꢒꢵꢭꢵꢮꢤꢶ,காலாவதி4
ꢮꢿꢳꢸ ꢱꢪꢵꢦ꣄ꢡꢶ,வேளு ஸமாப்தி
ꢪꢸꢱꢥ꣄ ꢒꢵꢭ꣄,முஸன் கால்
ꢔꢶꢜ꣄ꢜꢖ꣄ꢔꢶ,கி3ட்டங்கி3
ꢒꢸꢜꢶꢭꢸ ꢆꢣ꣄ꢫꣂꢔ꣄,குடிலு உத்3யோக்3
ꢪꢶꢭꢥ꣄ꢮꢞ꣄ꢞꢶ,மிளன்வட்3டி3
ꢮꢬ꣄ꢤꢥꢮ꣄ꢬꢸꢣ꣄ꢤꢶ,வர்த4னவ்ருத்3தி4
ꢱꢲꢫꣂꢔꢸ ꢱꢖ꣄ꢕꢸ,ஸஹயோகு3 ஸங்கு4
ꢲꢵꢡꢸ ꢦꣁꢡꢶ,ஹாது பொதி
ꢣꢾꢥꢶꢓꢜ꣄ꢠꢶ,தெ3னிக2ட்3ணி
ꢱꣁꢖ꣄ꢔꢵꢪꣂꢭ꣄,ஸொங்கா3மோல்
ꢥ꣄ꢫꢵꢮꢸꢪꣁꢭ꣄,ந்யாவு மோல்
ꢦ꣄ꢬꢡꢶ ꢯꣁꢡ꣄,ப்ரதிஶோத்
ꢦ꣄ꢬꢡꢶ ꢱꣁꢮꢸ,ப்ரதிஸோவு
ꢮꢶꢒ꣄ꢒꢥ ꣄ꢢꢵꢪ꣄,விக்கன்தா2ம்
ꢱꢵꢤꢥ꣄,ஸாத4ன்
ꢪꢶꢡꢮꢿꢱꢸꢦꢥ꣄,மித வேஸுபன்
ꢥꢴꢥ꣄ꢒꢵꢱꢸꢥ꣄,ந:ன்காஸுன்
ꢗꢶꢭ꣄ꢭꢬꢸ ꢩ꣄ꢫꢵꢬ꣄,சில்லரு ப்4யார்
ꢥꢴꢥ꣄ ꢦꢬꢶꢪꢵꢠꢸ ꢩ꣄ꢫꢵꢬ꣄,ந:ன் பரிமாணு ப்4யார்
ꢮꢶꢯꢿꢰꢸ ꢱꢵꢡ꣄,விஸேஷு ஸாத்
ꢪꢾꢜ꣄ ꢱꢵꢡ꣄,மேட்ஸாத்
ꢮꢶꢯꢿꢰꢸ ꢂꢪ꣄ꢱꢸ,விஸேஷு அம்ஸு
ꢥꢴꢥ꣄ꢦꢬꢶꢪꢵꢠꢸ ꢱꢛ꣄ꢗꢫꣁ,ந:ன்பரிமாணு ஸஞ்சயொ
ꢥꢴꢥ꣄ ꢆꢬꢵꢮ꣄,ந:ன் உராவ்
ꢥꢴꢥ꣄ ꢆꢣ꣄ꢫꣁꢔ꣄,ந:ன் உத்3யோக்3
ꢗꢷꢜꢸ ꢒꢪ꣄ꢦꢾꢥꢶ,சீடுகம்பெனி
ꢗꢷꢜꢸ ꢱ꣄ꢡꢵꢦꢥꣁ,சீடு ஸ்தாபனோ
ꢒꢬꢥ꣄ꢒ꣄ꢬꢪꣁ,கரன்க்ரமொ
ꢮꢾꢱꢸꢥ꣄,வேஸுன்
ꢮꢿꢱ꣄,வேஸ்
ꢭꢴꢾꢓꢵ ꢱꣁꢤꢥꣁ,லெ:கா2ஸோத4னொ
ꢆꢡ꣄ꢦꢡ꣄ꢡꢶꢒꢾꢬ꣄ꢥꢵꢬ꣄ ꢡꢾꢫꢵꢬ꣄ꢒꢾꢬ꣄ꢥꢵꢬ꣄,உத்பத்திகெர்னார்
ꢆꢡ꣄ꢦꢡ꣄ꢡꢶ,உத்பத்தி
ꢒꢬ꣄ꢪꢣꢾꢥꢶ,க்ரமதெ3னி
ꢆꢣ꣄ꢫꣂꢔꢸ ꢕꢥꣁ,உத்3யோகு3 க4னொ
ꢒꢵꢪ꣄ ꢒꢬ꣄ꢡꢵꢥ꣄,காம்கர்தான்
ꢒꢵꢪ꣄ ꢒꢬ꣄ꢡ꣄ꢡꣁ,காம்கர்தொ
ꢒꢵꢪ꣄ ꢒꢬ꣄ꢡꢵꢥꢸ ꢱꢖ꣄ꢔꢸ,காம்கர்தானுஸங்கு3
ꢒꢵꢗꢮꢵꢥꢵ,காசகானா
ꢥꣁꢰ꣄ꢜꢶ,நெஷ்டி
ꢒꢵꢱꢸ ꢨꢶꢭ꣄ꢭꣁ,காஸு பி3ல்லொ
ꢥꢶꢒꢬ ꢭꢵꢩ꣄,நிகரலாப்4
ꢲꢠ꣄ꢠꢮ꣄,ஹன்னவ்
ꢥꢶꢤꢶ,நிதி4
ꢥꢶꢤꢶ ꢏꢬ꣄ꢱꢸ,நிதி4ஒர்ஸு
ꢥꢶꢬ꣄ꢮꢵꢲꢸ ꢒꢵꢬ꣄ꢫꢵꢭꢫꣁ,நிர்வாஹு கார்யாலயொ
ꢓꢞꢱ꣄ꢡꢾꢥꢸ,க2ட3ஸ்தெனு
ꢮꢮ꣄ꢬꢸꢥꢵꢬ꣄,வவ்ருனார்
ꢥꢸꢔꢸꢥꢵꢬ꣄,நுகு3னார்
ꢩꢵꢔꢱ꣄ꢢꢬ꣄,பா4க3ஸ்த2ர்
ꢩꢵꢔ꣄,பா4க்3
ꢗꢹꢗꢶ ꢦꢡ꣄ꢬꢸ,ஸூசிபத்ரு
ꢔꢶꢞ꣄ꢞꢖ꣄ꢔꢶ,கி3ட்3ட3ங்கி3
ꢒꢸꢡꣁ,குதொ
ꢦꢡ꣄ꢡꢶꢬꢪ꣄,பத்திரம்
ꢦꢡ꣄ꢡꢶꢬꢪꢸ ꢒꢵꢬ꣄ꢫꢭꢫꣁ,பத்திரமு கார்யலயொ
ꢗꢶꢱ꣄ꢭꣁ,சிஸ்லொ
ꢗꢵꢱ꣄ꢭꢵ ꢂꢖ꣄ꢔꢶꢞꢶ,சிஸ்லாஅங்கி3டி3
ꢒꢵꢨꢥ꣄ꢣꢸ,காப3ந்து3
ꢮꢱ꣄ꢡꢸꢥ꣄,வஸ்துன்
ꢥꢶꢤꢶꢱꢲꢵꢮ꣄,நிதி4ஸஹாவ்
ꢔꢸꢠ꣄ꢠꢸꢲꢷꢥꢸꢮꢱ꣄ꢡꢸꢥ꣄,கு3ண்ணுஹீனுவஸ்துன்
ꢱꣁꢖ꣄ꢒꣁ,ஸொங்கொ3
ꢂꢭ꣄ꢦ,அல்ப
ꢩꢬ꣄ꢡꢶꢪꣁ,ப4ர்திமொ
ꢯꢿꢰ꣄,ஶேஷ்
ꢩꢬ꣄ꢡꢶ ꢪꢾꢥꢶꢒ꣄,ப4ர்திமெனிக்
ꢩꢬ꣄ꢡꢶꢮꢵꢥ꣄,ப4ர்திவான்
ꢂꢤꢶꢦꢡꢶ,அதி4பதி
ꢥꢶꢮꢿꢰꢠꣁ,நிவேஷணொ
ꢃꢲꢡ꣄,ஆஹத்
ꢂꢱ꣄ꢒꣁ,அஸ்கொ
ꢃꢲꢡ꣄ꢩ꣄ꢫꢵꢬ꣄,ஆஹத்ப்4யார்
ꢦ꣄ꢬꢵꢦ꣄ꢡꢶꢦꢡ꣄ꢬꢸ,ப்ராப்திபத்ரு
ꢦꢵꢮꢡꢶ,பாவதி
ꢬꢸꢦꢵꢫ꣄,ருபாய்
ꢪꢸꢭ꣄ꢧꢭꢵꢨ꣄,முல்ப2லாப்3
ꢩ꣄ꢫꢵꢬ꣄ꢱꢵꢬ꣄,ப்4யார்ஸார்
ꢮꢠꢶꢙ꣄,வணிஜ்
ꢮꢠꢾ,வணெ
ꢩ꣄ꢫꢵꢬꢸꢗꢶꢥ꣄ꢲꢸ,ப்4யாருசின்ஹு
ꢩ꣄ꢫꢵꢬꢸ ꢪꢸꢣ꣄ꢬꣁ,ப4யாரு முத்3ரொ
ꢮ꣄ꢫꢵꢬ꣄,ப்4யார்
ꢥꢶꢤꢶꢡꢔꢶꢥꢶ,நிதி4 தகி3னி
ꢥꢶꢤꢶꢂꢮ꣄ꢥꢶ,நிதி4அவ்னி
ꢙꣁꢞꢸꢪ꣄ꢦꢸꢭ꣄,ஜொடு3ம்புல்
ꢱꢪ꣄ꢨꢵꢣꢥꣁ,ஸம்பாத3னொ
ꢓꢞꢾꢪꣁꢭ꣄,க2டெ3மோல்
ꢪꣁꢭ꣄,மோல்
ꢮꢶꢮꢬ꣄,விவர்
ꢦ꣄ꢬꢡꢶ ꢱꣂꢡꢸ,ப்ரதி ஶோது
ꢦ꣄ꢬꢡꢶ ꢱꣂꢮꢸ,ப்ரதி ஶோவு
ꢦ꣄ꢬꢒꢵꢱꢠꣁ,ப்ரகாஸணொ
ꢮꢶꢒ꣄ꢬꢫꣁ,விக்ரயொ
ꢮꢶꢒ꣄ꢒꢶꢥꢶ,விக்கினி
ꢮꢶꢒ꣄ꢒꢥ꣄ꢪꣂꢭ꣄,விக்கன்மோல்
ꢮꢶꢥꢶꢫꣁꢔ꣄,வினியோக்3
ꢮꢶꢥꢶꢫꣂꢔ꣄ꢒꢾꢬ꣄ꢥꢵꢬꢸꢥ꣄,வினியோக்3கெர்னாருன்
ꢩꢔ ꣄ꢦꢹꢡꢶꢬ꣄,ப4க்3 தூதிர்
ꢥꢶꢬ꣄ꢤꢵꢬꢶꢡꢒꢵꢭꢶꢒꢫꣁꢙꢥꣁ,நிர்தா4ரித காலிக யோஜனொ
ꢱ꣄ꢢꢶꢬ ꢥꢶꢤꢶ ꢢꣁꢮ꣄ꢥꢶ ꢫꣂꢙꢥꣁ,ஸ்தி2ர நிதி4 தொ2வ்னி யோஜனொ
ꢂꢖ꣄ꢔꢮꢶꢒꢵꢬꢸꢥ꣄,அங்க3 விகாருன்
ꢯꢵꢬꢷꢬꢶꢒ ꢮꢶꢒꢵꢬꢸꢥ꣄,ஶாரீரிக விகாருன்
ꢂꢖ꣄ꢔꢲꢷꢥꢸꢥ꣄,அங்க3ஹீனுன்
ꢥꢹꢥꢯꢬꢷꢬꢶ,நூனஶரீரி
ꢪꢹꢒꣁ,மூகொ
ꢪꢹꢓꣁ,மூகொ2
ꢪꢹꢒꢶ,மூகி
ꢏꢬꣁꢣꣁꢭꣁꢮꢵꢥ꣄,ஒரொதொ3ளொவான்
ꢏꢬꣁꢣꣁꢭꢶꢮꢵꢥ꣄,ஒரொதொ3ளிவான்
ꢏꢬꣁꢣꣁꢭꢶ,ஒரொதொ3ளி
ꢗꢾꢮꢸꢜ꣄,செவுட்3
ꢌꢞꣁ,எடொ3
ꢂꢒ꣄ꢒꢸꢬꣁ,அக்குரொ
ꢒꢸꢳ꣄ꢳꣁ,குள்ளொ
ꢒꢸꢳ꣄ꢳ꣄ꢶ,குள்ளி
ꢂꢒ꣄ꢒꢸꢬꢷ,அக்குரீ
ꢂꢥ꣄ꢣꢒꣁ,அந்த3கொ
ꢔꢸꢜ꣄ꢞꢾ,கு3ட்டெ3
ꢔꢸꢞ꣄ꢞꢶ,கு3ட்3டி3
ꢂꢥ꣄ꢣꣁ,அந்தொ3
ꢮꢵꢪꢥꢦꢥ꣄,வாமனபன்
ꢒꢸꢳ꣄ꢳꢦꢥ꣄,குள்ளபன்
ꢮꢵꢪꢥꣁ,வாமனொ
ꢒꢸꢳ꣄ꢳꢶ,குள்ளி
ꢒꢹꢥ꣄,கூன்
ꢮꢔꢸꢠ꣄ꢜꣁꢣꣂꢠ꣄,வகு3ண்டொதோண்
ꢮꣀꢠ꣄ꢜꢡꣂꢠ꣄,வைண்டதோண்
ꢗꢾꢮ꣄ꢞꢶ,செவ்டி3
ꢡꢡ꣄ꢡꢸꢮꣁ,துத்துவொ
ꢡꢡ꣄ꢡꢸꢮꢵꢥ꣄,துத்துவான்
ꢪꣁꢠ꣄ꢞꢶ,மொண்டி3
ꢔꣁꢞ꣄ꢞꣁ,கொ3ட்3டொ3
ꢔꣁꢞ꣄ꢞꢸ,கொ3ட்3டு3
ꢪꣁꢞꢪ꣄,மொட3ம்
ꢥꢵꢒ꣄ ꢒꢜꢫꢾꢱ꣄ꢡꢾꢥꣁ,நாக் கடயெஸ்தெனொ
ꢪꣁꢞ꣄ꢞꢾ,மொட்டெ
ꢨꣁꢞꢒ꣄,பொ3ட3க்
ꢡꢭꢹꢦꣁꢜ꣄ꢜꢭꢸꢮꢵꢥ꣄,தளுபொட்டலுவான்
ꢕꢾꢬꢸꢮ꣄ꢒꢥꢶ,கெ4ருவ்கனி
ꢮꢶꢭꢵꢱ꣄ꢒꢥꢶ,விலாஸ்கனி
ꢂꢭꢱꣁꢒꢥꢶ,அலஸொகனி
ꢮꢶꢒꢵꢬ꣄ꢒꢥꢶ,விகார்கனி
ꢂꢜꢵꢠ꣄ꢒꢒꢥ꣄,அடஅண்ககன்
ꢩꢮ꣄ꢫꢖ꣄ꢒꢥ꣄,ப4வ்யங்கன்
ꢧꢶꢬꢶꢧꢶꢬꢶ,பி2ரிபி2ரி
ꢡꢾꢬ꣄ꢱꢸ,தெர்ஸு
ꢭꢾꢔꢸꢡꣁ,லெகு3தொ
ꢧꢬꢡꢸ,ப2ராது
ꢧꢬꣁ ꢧꢳ꣄ꢗꣁ,ப2ரொ
ꢲꣁꢭ꣄ꢭꣁ,ப2ள்சொ
ꢧꢭ꣄ꢗꣁ,ப2ல்சொ
ꢡꢶꢫꢾꢢꢵꢥꢸꢒ꣄,த்யெதா4னு
ꢡꢶꢫꢾ ꢧꢭ꣄ꢗꣁ,த்யெப2ல்சொ
ꢭꢾꢥ꣄ꢡꣁ,லெந்தொ
ꢡꢾꢭ꣄ꢫꢒꢲꢵꢭ꣄,தெல்யகஹால்
ꢂꢬ꣄ꢢꢵꢡ꣄,அர்தா2த்
ꢂꢡꢶꢬ꣄ꢰ꣄ꢜꢸꢒꢥꢶ,அதி3ர்ஷ்டுகனி
ꢥꢶꢫꢵꢮ꣄ ꢥꢴꢷꢡꣁ,ந்யாவ் நீ:தொ
ꢬꢪꢵ ꢬꢪꢶ,ரமாரமி
ꢆꢥ꣄ꢥ ꢆꢦꢶꢬ꣄ꢒꢥꢶ,உன்ன உபிர்கனி
ꢡꣂꢬꢫꢪ꣄ꢒꢥꢶ,தோராயம்கனி
ꢡꢾꢒ ꢧꢭ꣄ꢗꣁ,தெகப2ல்சொ
ꢣꢸꢣꢹꢬ꣄,து3தூ3ர்
ꢲꢾꢡꢵꢬ꣄ꢡ꣄ꢡꢸꢒꢥ꣄,ஹெதா3ர்துகன்
ꢡꢶꢫꢾ ꢦꢭ꣄ꢗꣁ,த்யெபல்சொ
ꢡꢿ ꢮꢿꢳ꣄,தேவேள்
ꢡ꣄ꢫꢮꢿꢳ꣄,த்யவேள்
ꢂꢥ꣄ꢫꢵꢮ꣄ꢒꢥꢶ,அந்யாவ்கனி
ꢂꢦꢹꢬ꣄ꢦꢸꢒꢥ꣄,அபூர்வுகனி
ꢤꢵꢪ꣄ ꢤꢹꢪ꣄ꢒꢥ꣄,தா4ம்தூ4ம்கன்
ꢯꢵꢥ꣄ꢡꢶꢒꢥ꣄,ஶாந்திகன்
ꢭꢾꢔꢸꢡ꣄ꢡ,லெகு3த்த
ꢡꣁ,தொ
ꢗꣁꢒ꣄ꢒꢜ꣄ꢒꢥ꣄,சொக்கட்கன்
ꢒꢶꢖ꣄ꢒꢶꢬ꣄ꢥꢶ,கிங்கிர்கனி
ꢲꢣ꣄ꢣꢵꢪꢸꢣ꣄ꢣꢸ,ஹத்3தா3முத்3து3
ꢪꢴꢣ꣄ꢣꢶꢪ꣄,ம:த்3தி3ம்
ꢂꢱꢶꢖ꣄ꢒꢪ꣄ꢒꢥ꣄,அஸிங்க3ம்கன்
ꢂꢭꢞ꣄ꢱꢶꢫꢪ꣄ꢒꢥ꣄,அலட்3ஸியம்கன்
ꢡꢶꢒ꣄ꢒꢾ,தித்கெ
ꢡꢶꢱꣁ,திஸொ
ꢡꢶꢱꢥꢶ,திஸனி
ꢂꢮ꣄ꢱꢬ꣄ꢒꢥ꣄,அவ்ஸர்கன்
ꢱꢶꢖ꣄ꢒꢵꢬ꣄ꢒꢥ꣄,ஸிங்கா3ர்கன்
ꢙꢞꢒꢥ꣄,ஜட3கன்
ꢤꢶꢣꢮ꣄ꢒꢥ꣄,தி4ட3வ்கன்
ꢣꢾꢛ꣄ꢗꢸꢒꢥ꣄,தெ3ஞ்சுகன்
ꢦꢶꢬꢿꢒꢥ꣄,ப்ரேவ்கன்
ꢔꢾꢬꢸꢮ꣄ꢒꢥ꣄,கெ3ருவ்கன்
ꢃꢯ꣄ꢗꢬ꣄ꢫꢸꢒꢥ꣄,ஆஶ்சர்யுகன்
ꢃꢱ꣄ꢡꢒꢥ꣄,ஆஸ்தகன்
ꢪꣂꢙꢒꢥꢶ,மோஜகனி
ꢏꢬ꣄ꢱꣁꢬ꣄ꢱꢸꢒꢥꢶ,ஒர்ஸொர்ஸுகனி
ꢣꢷꢬ꣄ꢕꢸꢒꢥꢶ,தீ3ர்கு4கனி
ꢃꢣꢬꢮ꣄ꢒꢥꢶ,ஆத3ரவ்கனி
ꢆꢡ꣄ꢱꢵꢲ꣄ꢒꢥꢶ,உத்ஸாஹ்கனி
ꢱꢸꢱ꣄ꢡꢶꢒꢥꢶ,ஸுஸ்திகனி
ꢂꢖ꣄ꢓꢹꢬ꣄ꢒꢥꢶ,அங்கூ2ர்கனி
ꢭꣂꢡ꣄ꢒꢥꢶ,லோத்கனி
ꢗꢪꢤꢵꢥ꣄ꢒꢥꢶ,ஸமதா4ன்கனி
ꢡꣀꢬꢦꣂꢒ꣄,தை3ரபோக்
ꢪꢴꢣ꣄ꢣꢶꢪꢴꢣ꣄ꢣꢶꢪ꣄,ம:த்3தி3ம:த்3தி3ம்
ꢂꢞ꣄ꢜꢪ꣄ꢒꢥꢶ ꢂꢮ꣄ꢞꢒꢥꢶ,அட்3ட3ம்கனி
ꢱꢪ꣄ꢪꢡ꣄ꢒꢥꢶ,ஸம்மத்கனி
ꢗꢾꢬꢶꢒꢥꢶ,செரிகனி
ꢄꢱꢒꢥ꣄ ꢌꢭ꣄ꢫꢒꢲꢵꢭ꣄,இஸகன்
ꢫꢿꢭꢾꢥ꣄ꢡꢸ,யேலெந்து
ꢂꢡ꣄ꢡꣁ,அத்தொ
ꢦ꣄ꢬꢒ꣄ꢬꢸꢡꢶꢒꢥꢶ,ப்ரக்ருதிகனி
ꢱ꣄ꢮꢩꢵꢮ꣄ꢒꢥꢶ,ஸ்வபா4வ்கனி
ꢡꢫꢒꢥꢶ,தயகனி
ꢬꢲꢱ꣄ꢫꢸꢪ꣄ꢒꢥꢶ,ரஹஸ்யுகனி
ꢣꢶꢮꢫꢾ,தி3வயொ
ꢣꢷꢮꣂꢜ꣄,தீ3வோட்
ꢔꣂꢱ꣄ ꢥꢶꢯ꣄ꢯꢸꢭ꣄ꢒꢸꢒꢥꢶ,கோ3ஸ்
ꢲꢭ꣄ꢒꢒꢥꢶ,ஹல்ககனி
ꢲꢮ꣄ꢭꢒꢥꢶ꣄,ஹவ்லகனி
ꢄꢒ꣄ꢒ,இத்க
ꢄꢱꣁ,இஸொ
ꢄꢱꢥꢶ,இஸனி
ꢲꢸꢡ꣄ꢡꢸꢬꢱ꣄ꢡꢶꢱꣁ,ஹுத்துரஸ்திஸொ
ꢲꣂꢜ꣄ꢒꢥꢶ,ஹோட்கனி
ꢲꣁꢜ꣄,ஹோட்
ꢔꢸꢳ꣄ꢳꢾꢒꢥꢶ,கு3ள்ளெகனி
ꢔꢸꢳ꣄ꢳꢾ,கு3ள்ளெ
ꢗꢾꢬ꣄ꢒꢵ ꢗꢾꢬ꣄ꢒꣁ,ஸெர்காஸெர்கொ
ꢩꢶꢡ꣄ꢡꢬ꣄,பி4த்தர்
ꢩꢶꢡ꣄ꢡꢬꢸꢡꣁꢒꢥ꣄,பி4த்தருதொகன்
ꢡꢾꢥ꣄ꢥꢮꢾꢖ꣄ꢔꢸꢪ꣄,தென்னவேங்கு3ம்
ꢡꢡ꣄ꢒ꣄ꢰꢠꢪ꣄,தத்க்ஷணம்
ꢍꢮꢿꢳ꣄,ஏவேள்
ꢥꢶꢙꢪ꣄ꢒꢥꢶ ꢱꢾꢡ꣄ꢡꢸꢒꢥꢶ ꢬꢴꢡ꣄ꢡꢤꢵꢥꢸ,நிஜம்கனி
ꢩꢮ ꢮꢱꢒꢥꢶ ꢩꢵꢮ ꢦꢹꢬ꣄ꢠꢒꢥꢶ,பா4வ வஶகனி
ꢆꢖ꣄ꢗ,உஞ்ச
ꢆꢖ꣄ꢗꢒꢥꢶ,உஞ்சகனி
ꢆꢥ꣄ꢥꢡꢸꢒꢥꢶ,உன்னதுகனி
ꢕꢾꢜ꣄ꢜꢶ,கெ4ட்டி
ꢒꢬꢸꢠꢱꢾꢬꣁ,கருணஸெரொ
ꢂꢜꢸꢒ꣄ꢒꢥꢶ,அடு3கனி
ꢩꢶꢡ꣄ꢡꢬ꣄ꢒꢥꢶ,பி4த்தர்கனி
ꢩꢶꢱ꣄ꢡꢬ꣄,பி4த்தர்
ꢒꢸꢱ꣄ꢒꢶꢥꢶꢒꢥꢶ,குஸ்கினிகனி
ꢤꢶꢞꢮ꣄ꢒꢥꢶ,தி4ட3வ்கனி
ꢯ꣄ꢬꢿꢱ꣄ꢲ꣄ꢝꢸꢒꢥꢶ ꢪꢿꢜꢸꢒꢥꢶ,ஶ்ரேஷ்டு2கனி
ꢙꢵꢔ꣄ꢬꢡꢒꢥꢶ,ஜாக்3ரதகனி
ꢪꢵꢤ꣄ꢫꢪꢒꢥꢶ,மாத்4யமகனி
ꢞꢪ꣄ꢨꢷꢔꢒꢥꢶ,டா3ம்பீ3க3கனி
ꢙꢵꢒ꣄ꢬꢡꣁ ꢙꢵꢒ꣄ꢬꢡꢒꢥꢶ,ஜாக்ரதொ
ꢱꢵꢮ꣄ꢤꢵꢥ꣄ꢒꢥꢶ,ஸாவ்தா4ன்கனி
ꢮꢾꢡꢸꢬ꣄ꢱꢵꢥꢵꢡ꣄ꢡꢒ꣄,வெது3ர்ஸானாத்த
ꢡꢶꢬꢔ꣄ꢒꢥꢶ,திரக்3கனி
ꢡꢶꢬꢔ꣄,திரக்3
ꢱꢵꢥꢸꢬ꣄,ஸாமுர்
ꢒꢶꢱꢒꢷ,கிஸகீ
ꢒꣂꢥꢒꢷ,கோனகீ
ꢓꣁꢨ꣄ꢨꢶꢪ꣄,கொ2ப்3பி3ம்
ꢱꢣꢵ,ஸதா3
ꢙꢵꢳ꣄꣄ꢒꢥꢶ,ஜாள்கனி
ꢭꢴꢾꢕꢸꢮ꣄ꢒꢥꢶ,லெ:கு4வ்கனி
ꢱꢵꢤꢵꢬꢠ꣄ꢒꢥꢶ,ஸாதா4ரணகனி
ꢓꣁꢨ꣄ꢨꢵꢒ꣄,கொ2ப்3பா3க்
ꢲꣁꢫꢾꢡ꣄ꢥꢪꢾꢳ꣄ꢳꢶ ꢲꣁꢫꢾꢡꢶꢥ꣄,ஹொயெத்மெள்ளி
ꢔꣁꢨ꣄ꢨꢶꢪ꣄,கொ2ப்3பி3ம்
ꢮꢿꢥ꣄ꢒꢥꢶ ꢂꢦꢬꢶꢪꢶꢡ꣄ꢒꢥꢶ,வேன்கனி
ꢧꣀꢭꣂꢱ꣄,பை2லோஸ்
ꢪꢸꢭ꣄ꢭꣂꢱ꣄,முல்லோஸ்
ꢬꢪꢵꢬꢪꢶ ꢆꢥ꣄ꢥ ꢆꢦꢶꢬ꣄ꢒꢥꢶ,ரமாரமி
ꢱꢾꢥ꣄ꢡꢿꢮ꣄ꢒꢥꢶꢱꣁꢪ꣄ꢱꢒꢥꢶ,ஸெந்தே3வ்கனி
ꢂꢭꢔ꣄ꢔ,அலக்3க3
ꢱꢵꢪꢡꢶ,ஸாமதி3
ꢏꢒ꣄ꢒꢮꢿꢭꢸꢪ꣄,ஒக்கவேளும்
ꢓꣁꢨ꣄ꢨꢶꢪ꣄ꢥꢴꢷ,கொ2ப்3பி3ம்நீ:
ꢏꢒ꣄ꢒꢥꢶ,ஓக்கனி
ꢏꢒꢮꢿꢭ꣄,ஒகவேள்
ꢒꢶꢱꢒꢶ,கிஸகீ
ꢐꢒ꣄ꢒꢥ꣄,ஓக்கன்
ꢂꢭꢔ꣄ꢔ ꢂꢭꢔ꣄ꢔꢒꢥꢶꢐꢒꣂꢒ꣄ꢙꢥꢒꢥꢶ,அலக்3க3அலக்3க3கனி
ꢐꢒꣂꢒ꣄ꢒꢥꢶꢐꢒꣂꢒ꣄ꢫꢒꢥꢶ,ஓகோக்கனி
ꢒꢶꢬꢪꢖ꣄ꢒꢥ꣄,க்ரமகனி
ꢒꢶꢬꢪꢪ꣄,க்ரமகனி
ꢮꢶꢱ꣄ꢬꢵꢥ꣄ꢡꢶꢒꢥ꣄,விஶ்ராந்திகனி
ꢐꢬ꣄ꢡꢒꢥ꣄,ஓர்தகனி
ꢒꣁꢜꢸꢒ꣄ꢒꢥ꣄,கொடுக்கன்
ꢡꢶꢗ꣄ꢗꢥ꣄ꢒꢥꢶ,திச்சகனி
ꢭꣂꢩꢶꢒꢥ꣄,லோபி4கனி
ꢥꢶꢯ꣄꣄ꢗꢫꢸꢒꢥꢶ,நிஶ்சயுகனி
ꢕꢾꢜ꣄ꢜꢶꢒꢥꢶ,கெ4ட்டிகனி
ꢤꢶꢬꢸꢞꢔꢵꢡ꣄ꢬꢸꢒꢥꢶ,த்4ருட3கா3த்ருகனி
ꢱꢥꢶꢪ꣄,ஸனிம்
ꢓꢾꢜꢶꢥ꣄,கெ2டின்
ꢓꢾꢜꢶꢥ꣄ꢒꢥꢶ,கெ2டின்கனி
ꢱꢾꢡ꣄ꢭꢒꢥꢶ,ஸெத்லகனி
ꢂꢥ꣄ꢡꢶꢪꢒꢥꢶ,அந்திமகனி
ꢓꢠ꣄ꢞꢶꢦ꣄ꢒꢥꢶ,க2ண்டி3ப்கனி
ꢣꣁꢳꣁ ꢚꢫ꣄ꢭꢶ,தொ3ளொஜ2ய்லி
ꢔꢵꢪ꣄ꢨꢷꢬ꣄ꢒꢥꢶ,க3ம்பீ3ர்கனி
ꢔꢾꢬꢸꢮ꣄,கெ3ருவ்கனி
ꢒꢾꢬꢸꢮ꣄ꢒꢥꢶ,கெருவ்கனி
ꢒꢵꢳ,காள
ꢮꢾꢞꢶꢒ꣄ꢒꢥꢶ,வெடி3க்கனி
ꢃꢒꢬ꣄ꢰꢠꢒꢥꢶ,ஆகர்ஷணகனி
ꢮꢶꢗꢵꢬ꣄ꢒꢥꢶ,விசார்கனி
ꢂꢙꢵꢒ꣄ꢬꢡꢒꢥꢶ,அஜாக்ரதகனி
ꢙꢵꢒ꣄ꢬꢡꢒꢥꢶ,ஜாக்ரதகனி
ꢩꢵꢬ꣄ꢒꢥꢶ,பா4ர்கனி
ꢔꢿꢭꢶꢒꢥꢶ ꢥꢒ꣄ꢒꢭ꣄ꢒꢥꢶ,கே3ள்கனி
ꢓꢵꢭ꣄,கா2ல்
ꢂꢞꢸꢒ꣄,அடு3க்
ꢱꣂꢥ꣄ꢡꣂꢰ꣄ꢒꢥ꣄,ஸொந்தோஷ்கனி
ꢔꢸꢪ꣄ꢦꢸꢒꢥꢶ,கு3ம்புகனி
ꢱꢖ꣄ꢗꢭꢒꢥꢶ,சஞ்சலகனி
ꢱ꣄ꢭꢭꢒꢥꢶ,ஸிள்ளகனி
ꢮꢶꢱꢿꢰ꣄ꢒꢥꢶ,விஸேஷ்கனி
ꢂꢞ꣄ꢞꢪ꣄ ꢂꢞ꣄ꢞꢪ꣄ꢒꢥꢶ,அட்3ட3ம்
ꢂꢞ꣄ꢞꢪ꣄ ꢣꢶꢞ꣄ꢞꢪ꣄ꢒꢥꢶ,அட்3டம்தி3ட்3ட3ம்கனி
ꢂꢞ꣄ꢞꢪ꣄,அட்3ட3ம்
ꢂꢒ꣄ꢬꢒꢥꢶ,அக்ரகனி
ꢱꢿꢰ꣄ꢜꢒꢥꢶ,ஸேஷ்டகனி
ꢮꢶꢰꢪꢖ꣄ꢒꢥꢶ,விஷமகனி
ꢆꢥ꣄ꢥꢒꢥꢶꢭꢿꢱ꣄ꢒꢥꢶꢏꢳ꣄ꢜꢒꢥꢶ,உன்னகனி
ꢗꢾꢬꢶ,செரி
ꢮꢿꢥ꣄ꢒꢥ꣄ꢆꢦꢬꢶꢒꢥꢶꢲꣁꢭ꣄ꢭꢒꢥꢶ,வேன்கன்
ꢓꢹꢬ꣄ꢒꢥꢶ,கூ2ர்கனி
ꢓꢿꢭ꣄ꢒꢥꢶ,கே2ள்கனி
ꢥꢷꢗꢒꢥꢶ,நீசகனி
ꢒꢸꢬꢹꢬ꣄ꢒꢥꢶ,க்ரூர்கனி
ꢮꢒꢸꢠ꣄ꢜ ꢮꢒꢸꢠ꣄ꢜ꣄ꢒꢥꢶ,வகுண்ட
ꢬꢵꢒ꣄ꢒꢥꢶ,ராக்கனி
ꢱꢲꢙꢪ꣄ꢒꢥꢶ,ஸஹஜம்கனி
ꢱꢖ꣄ꢒꢜꢪ꣄ꢒꢥꢶ,ஸங்கட்கனி
ꢬꢾꢗ꣄ꢗꢒꢥꢶ ꢱꢾꢡ꣄ꢣꢸꢒꢥꢶꢩꢮꢜ꣄ꢒꢥꢶ,ரெச்சகனி
ꢱꢪ꣄ꢦ꣄ꢬꢣꢵꢫꢪ꣄ꢒꢥꢶ ꢬꢹꢟꢶꢒꢥꢶꢮ꣄ꢫꢵꢮꢲꢵꢬꢶꢒ꣄ꢒꢥꢶ,ஸம்ப்ரதா3ய்கனி
ꢱꢪꢪ꣄ꢒꢥꢶ,ஸமொகனி
ꢱꢾꢬ꣄ꢒꢒꢥꢶ,ஸெர்ககனி
ꢩꢾꢭꢶ,துல்யகனி
ꢗꢾꢬ꣄ꢒꢒꢥꢶ,ஸெர்ககனி
ꢮꢶꢬꢱꢡꢒꢥꢶ,விரஸதகனி
ꢙꢵꢞꢪꢵꢞ꣄ꢒꢥꢶ,ஜாட3மாட3கனி
ꢱꢪꢬ꣄꣄ꢡꢸꢒꢥꢶ,ஸமர்துகனி
ꢙꢶꢬ꣄ꢒꢶ,ஜி2ர்கி
ꢱꢵꢒ꣄ꢰꢶꢒꢥꢶ,ஸாக்ஷிகனி
ꢆꢥ꣄ꢥꢮꢿꢱ꣄ꢒꢥꢶ,உன்னவேஸ்கனி
ꢗꢶꢞꢸꢗꢶꢞꢸꢒꢥꢶ,சிடு3சிடு3கனி
ꢢꢾꢮ꣄ꢜꢒꢕꢾꢞꢶ,தெ2வ்டகெ4டி3
ꢢꢾꢮ꣄ꢜꢮꢿꢳ꣄,தெ2வ்டவேள்
ꢮꢶꢯꢿꢰ꣄ꢒꢥꢶ,விஶேஷ்கனி
ꢥꢴꢥ꣄ꢥꢒꢥꢶ,ந:ன்னகனி
ꢬꢮ꣄ꢬꢮꢒꢥꢶ ꢬꢸꢮ꣄ꢮꢬꢸꢮ꣄ꢮꢒꢥꢶ,ரவரவகனி
ꢭꢵꢕꢮ꣄ꢒꢥꢶ ꢱꢸꢓꢪ꣄ꢒꢥꢶ ꢱꢸꢓꢸꢒꢥꢶ,லாக4வ்கனி
ꢱꢸꢞ꣄ꢤꢶꢒꢥꢶ,ஸுத்3தி4கனி
ꢱ꣄ꢮꢡꢥ꣄ꢡ꣄ꢬꢸꢒꢥꢶ,ஸ்வதந்த்ருகனி
ꢦꢬ꣄ꢮꢥꢴꢶꢡ꣄ꢡꣁ,பர்வநீ:த்தொ
ꢱꢪ꣄ꢒ꣄ꢰꢾꢦ꣄ꢒꢥꢶ,ஸம்க்ஷேப்கனி
ꢬꢱꢥꣁꢒ,ரஸனொக
ꢬꢸꢗ꣄ꢗꢶꢒꢥꢶ,ருச்சிகனி
ꢗꢸꢜ꣄ꢜꢸꢪꢸꢜ꣄ꢜꢸꢒꢥꢶ,சுட்டுமுட்டுகனி
ꢚꢸꢜ꣄ꢜꢶꢒꢥꢶ,ஜூட்டிகனி
ꢲꢸꢥ꣄ꢥꢒꢥꢶ,ஹுன்னகனி
ꢗꢸꢣ꣄ꢤꢶꢒꢥꢶ ꢗꣁꢒ꣄ꢒꢜ꣄ꢒꢥꢶ,ஸுத்3தி4கனி
ꢂꢦ꣄ꢬꢒ꣄ꢬꢸꢡꢶꢒꢥꢶ ꢒ꣄ꢬꢸꢡꢶꢪꢒꢥꢶ,அப்ரக்ருதிகனி
ꢣꢾꢛ꣄ꢗꢸꢒꢥꢶ ꢙꢵꢞꢒꢥꢶ,தெ3ஞ்சுகனி
ꢂꢭꢱꢒꢥꢶ,அலஸகனி
ꢯꢷꢥ꣄ꢒꢥꢶ,ஶீன்கனி
ꢱꣃꢬꢶꢫꢪ꣄ꢒꢥꢶ,ஸௌரியம்கனி
ꢦꢵꢡ꣄ꢬꢡꢒꢥꢶ,பாத்ரதகனி
ꢂꢪ꣄ꢒꢫꢒꢥꢶ ꢱꢪꢣꢳꢒꢥꢶ,அம்கயகனி
ꢂꢮ꣄ꢞꢒ ꢂꢞ꣄ꢞꢶꢒꢥꢶ,அவ்ட3க
ꢂꢠ꣄ꢗꢶꢭꢶ,அண்சிலி
ꢂꢥꢸꢒꢹꢭ꣄ꢒ,அனுகூல்க
ꢡꢫꢵꢬ꣄ꢒꢥꢶ,தயார்கனி
ꢣꣁꢱ꣄ꢒꢓꢵꢭ꣄,தொ3ஸ்ககா2ல்
ꢭꢸꢒ꣄ꢒꢶꢭꢶ,லுக்கிலி
ꢗꢹꢒ꣄ꢒꢥꢶ,சூக்கனி
ꢪꢥ꣄ꢡꢸꢒꢥꢶ,மந்துகனி
ꢤꢶꢭ꣄ꢭꢱꣁꢜ꣄ꢭꢶ ꢤꢶꢭ꣄ꢭꢒꢥꢶ,தி4ல்லஸொட்லி
ꢂꢡ꣄ꢡꢵꢒ꣄,அத்தாக்
ꢂꢡ꣄ꢡꢵꢒ꣄ ꢒꣁꢡ꣄ꢡꢶ,அத்தாக் கொத்3தி3
ꢡꢡ꣄ꢒꢵꢭ꣄ꢒꢥꢶ,தத்கால்கனி
ꢲꢾꢡꢵꢬ꣄ꢡꢸꢒꢥꢶ,ஹெடார்துகனி
ꢂꢒꢱ꣄ꢪꢵꢡ꣄ꢒꢥꢶ,அகஸ்மாத்கனி
ꢦꢾꢣ꣄ꢣꢾꢒ,பெத்3தெ3க
ꢍꢒꢵꢥ꣄ꢡꢸꢒꣁ,ஏகாந்துகொ
ꢡꢾꢔꢵꢪ꣄ꢡꢾꢥꣁ,தெகா3ம்தெனொ
ꢔꢸꢠ꣄ꢤꢵꢥꢸꢒ꣄,கு3ண்தா4னுக்
ꢂꢭꢔ꣄ꢔꢭꢔ꣄ꢔ,அலக்3க3லக்3க3
ꢍꢒꢵꢥ꣄ꢡꢸꢒꢥ꣄,ஏகாந்துகன்
ꢡꢪꢱ꣄ꢒ,தமஸ்க
ꢤꢾꢬꢳꢪ꣄ꢒ,தெ4ரளம்க
ꢩꢮ꣄ꢫꢪ꣄ꢒ,ப4வ்யம்க
ꢓꢵꢭ꣄ꢒ,கா2ல்க
ꢂꢨ꣄ꢨꢾꢨ꣄ꢨꢾꢤꢵꢥꢸꢒ꣄,அப்3பெ3ப்3பெ3தா4னுக்
ꢡ꣄ꢫꢿꢒꢵꢥꢶ,த்யேகனி
ꢗꣁꢞ꣄ꢞꢦ꣄ꢦꢥ꣄ꢒꢥꢶ,சொட்3ட3பன்கனி
ꢡꢶꢬꢸꢦ꣄ꢡꢶꢒꢥꢶ,த்ருப்திகனி
ꢧꢶꢬꢶ,பி2ரி
ꢱꢪꢬ꣄ꢡꢸꢒꢥꢶ,ஸமர்துகனி
ꢥꢶꢗ꣄ꢗꢸ,நிச்சு
ꢱ꣄ꢡꢶꢬꢪ꣄ꢒꢾꢬꢾ,நிர்தா4ரணகனி
ꢓꢸꢞꢾꢩꢙ꣄ꢙꢶꢒ,கு2டெ3ப4ஜ்ஜிக
ꢒꢸꢜ꣄ꢒ ꢒꢸꢜ꣄ꢒꢒꢥꢶ,குட்க குட்ககனி
ꢤꣀꢬ꣄ꢫꢸꢱꢾꢥ꣄ꢡꣁ,தை4ர்யுஸெந்தொ
ꢱꢸꢣ꣄ꢣꢶꢒꢥꢶ,ஸுத்3தி3கனி
ꢣꢸꢬ꣄ ꢣꢶꢰ꣄ꢜꢸ꣄ꢒꢥꢶ,து3ரதி3ஷ்டுகனி
ꢱꢸꢣ꣄ꢣꢶꢒꢥꢶ,ஸுத்3தி4கனி
ꢒꢭꢵꢥꢵꢡ꣄ꢡꣁ,களனாத்தொ
ꢡꢾꢭꢶꢮ꣄ꢒꢥꢶ ꢱ꣄ꢦꢰ꣄ꢜꢸꢒꢥꢶ,தெளிவ்கனி
ꢦꢙꢾ ꢒꣁꢣ꣄ꢣꢶ,பஜெ கொத்3தி3
ꢤꣀꢬ꣄ꢫꢸꢒꢥꢶ,தை4ர்யுகனி
ꢡꣁꢬꢠ꣄ꢒ,தொரண்க
ꢡꢾꢔ ꢢꢾꢬꢶ ꢡꢾꢭ꣄ꢫꢾꢒ ꢤꢾꢬꢶ,தெகதெ4ரி
ꢆꢜ꣄ꢗꢫ꣄ꢭꢶ,உட்சய்லி
ꢣꢸꢣꢹꢬꢸꢪ꣄,து3தூ3ரும்
ꢂꢥ꣄ꢣꢵꢱ꣄,அந்தா3ஸ்
ꢪꢴꢣ꣄ꢤꢶꢪꢪ꣄,ம:த்3தி4மம்
ꢪꢴꢚꢵꢬ꣄,ம:ஜார்
ꢩꢶꢠ꣄ꢞꢶꢭꢶꢒꢶꢥ꣄,பி4ண்டி3லிகின்
ꢥꣁꢪ꣄ꢒꢾꢒꢥ꣄,நொம்கெகன்
ꢗꣁꢒ꣄ꢒꢜ꣄ꢮꢿꢳ꣄꣄ꢒꢥ꣄,சொக்கட்வேள்கன்
ꢱꢮ꣄ꢬꢶꢫꢪ꣄ꢒꢥꢶ,ஸவ்ரியம்கனி
ꢂꢤꢶꢥꢵꢔꢬꢷꢒ꣄ꢒꢥꢶ,அதி4நாக3ரீக்கனி
ꢩꣁꢔꢸꢪꢵꢥ꣄ꢒꢥꢶ,பொ4கு3மான்கனி
ꢗꣁꢒ꣄ꢒꢞ꣄ꢤꢵꢥꢸ,சொக்கட்3தா4னு
ꢱꢡ꣄ꢩꢵꢮ꣄ꢒ,ஸத்பா4வ்க
ꢱꢶꢡ꣄ꢬꢪ꣄ꢒ ꢥꢶꢯ꣄ꢗꢫꢸꢒꢥꢶ,ஸ்தி2ரம்க
ꢯꢵꢥ꣄ꢡꢶꢒ,ஶாந்திக
ꢱ꣄ꢡꢶꢬꢪ꣄ꢒ ꢥꢶꢬꢥ꣄ꢡꢬ꣄ꢒꢥꢶ ꢓꣁꢨ꣄ꢨꢶꢪ꣄,ஸ்தி2ரம்க
ꢱ꣄ꢡꢶꢬꢪ꣄ꢒ,ஸ்தி2ரம்க
ꢡꢶꢬꢸꢦ꣄ꢡꢶꢒ,த்ருப்திக
ꢲꢜ꣄ꢮꢥ꣄ꢒ,ஹட்வன்க
ꢙꢡꣁ,ஜதொ
ꢭꢪ꣄ꢨꢸꢬꢸꢪ꣄,லம்பு3ரும்
ꢭꢪ꣄ꢨꢸꢒ,லம்பு3க
ꢱꢹꢜ꣄ꢒ꣄ꢰꢸꢪꢒ,ஸூக்ஷுமக
ꢱꢸꢒ꣄ꢰꢸꢪꣁ,ஸூக்ஷுமக
ꢭꢪ꣄ꢨꢸ,லம்பு3
ꢚꢸꢒ꣄ꢒꢸꢕꢾꢞꢶ,ஜு2க்குகெ4டி3
ꢭꢾꢔꢸꢡ꣄ꢡꢒꢥꢶ,லெகு3த்தகனி
ꢗꣁꢒ꣄ꢒꢜ꣄ꢒꢥꢶ,சொக்கட்கனி
ꢡꣁꢠꢵꢡꣂꢠ꣄,தொணாதோண்
ꢱꢾꢙ꣄ꢙ,ஸெஜ்ஜ
ꢭꢾꢔꢸꢡ꣄ꢡꣁ,லெகு3த்தொ
ꢱꢾꢙ꣄ꢙꢒꢥꢶ,ஸெஜ்ஜகனி
ꢮꢜꣁꢒꢥꢶ,வடொகனி
ꢲꣁꢬꢸꢲꣁꢬꢸ,ஹோருஹோரு
ꢂꢠ꣄ꢒꢒ,அண்கக
ꢩꣁꢣ꣄ꢬꢪ꣄ꢒꢥꢶ,பொ4த்3ரம்கனி
ꢲꢭ꣄ꢭꢸꢒ,ஹள்ளுக
ꢦꣁꢣꢪ꣄ꢒ,பொத3ம்க
ꢃꢭ꣄ꢭꢜ꣄ꢒꢥꢶ,அல்லட்கனி
ꢨꣁꢣꢸꢭꢸꢒ꣄,பொ3து3லுக்
ꢤꢵꢒ꣄ꢱꢾꢥ꣄ꢡꣁ,தா4க்ஸெந்தொ
ꢤꢵꢒ꣄ꢒꢥꢶ,தா4க்கனி
ꢡꢾꢭ꣄ꢫꢒꢲꢵꢭ꣄ ꢡꢾꢭ꣄ꢫꢒꢭꢾꢥ꣄ꢡꢸ,தெல்யகஹால்
ꢆꢦꢫꣁꢔ꣄ꢒꢥ꣄ ꢦ꣄ꢬꢫꣂꢙꢥꢒꢥꢶ,உபயோக்3கனி
ꢦꢾꢬ꣄ꢦꢫꢶ,பெர்பயி
ꢦꢬꢶꢲꢵꢱ꣄ꢒꢥꢶ,பரிஹாஸ்கனி
ꢦꢬꢶꢡꢵꢦ꣄ꢒꢥꢶ,பரிதாப்கனி
ꢨꢭ꣄ꢮꢥ꣄ꢣꢸꢒꢥꢶ,ப3ல்வந்து3கனி
ꢨꢭꢲꢷꢥ꣄ꢒꢥꢶ꣄,ப3லஹீன்கனி
ꢨꣁꢭꢶꢒꢥꢶ,பொ3லிகனி
ꢪꢾꢥꢶꢒꢸꢦꢥ꣄ ꢥꢴꢷꢡ꣄ꢡꣁ,மெனிகுபன் நீ:த்தொ
ꢪꢾꢬ꣄ꢱꢶꢭꢶ,மெர்ஸிலி
ꢦ꣄ꢬꢡꢶꢒꢹꢭ꣄ꢒꢥꢶ,ப்ரதிகூல்கனி
ꢲꢣ꣄ꢣꢾꢒꢥꢶ,ஹத்3தெ3கனி
ꢦꢵꢮ꣄ꢒꢥ,பாவ்கனி
ꢶ ꢦꢵꢦ꣄ꢒꢥꢶ,பாப்கனி
ꢦ꣄ꢬꢿꢮ꣄ꢒꢥꢶ,ப்ரேவ்கனி
ꢧꢭ꣄ꢭꣁ,ப2ல்லொ
ꢦꢱ꣄ꢒꢜ꣄,பஸ்கட்
ꢦꢱ꣄ꢒꢜ꣄ꢒꢥꢶ,பஸ்கட்கனி
ꢂꢣꢶꢥꣁꢮ,அதி3நொவ
ꢥꣁꢮꢥꣁꢮꢒꢥꢶ,நொவநொவெகனி
ꢮꢶꢮꢬ꣄ꢒꢥꢶ,விவர்கனி
ꢥꣁꢮꢫꣁ,நொவகனி
ꢥꣁꢮꢫꢒꢥꢶ,நொவயகனி
ꢚꢥ꣄ꢙꢹꢒꢥꢶ,ஜ2ந்ஜுகனி
ꢂꢪ꣄ꢨꢜ꣄ꢒꢥꢶ,அம்ப3ட்கனி
ꢡ꣄ꢫꢾꢙꢡꣁ,த்யேஜதொ
ꢦꢸꢥꢶꢣꢸꢲꣁꢫꢾ,புனிது3ஹொயெ
ꢪꢴꣁꢜ꣄ꢜꢒꢥꢶ,மொ:ட்டகனி
ꢚꢸꢒꢸꢔ,ஜுகுக3
ꢕꢾꢥꢪ꣄ꢒꢥꢶ,கெ4னம்கனி
ꢲꢭ꣄ꢭꢸꢒꢥꢶ,ஹள்ளுகனி
ꢪꢶꢡ꣄ꢡꢸꢒꢥꢶ,மித்துகனி
ꢥꢶꢪꢶꢡ꣄ꢡꢸ,நிமித்து
ꢒꢸꢬ꣄ꢗꢶ,குர்சி
ꢡꢒꢾꢤꢵꢥꢸ,தகெதா4னு
ꢧꢸꢬꢱ꣄ꢡꢶꢱꣁ,பு2ரஸ்திஸொ
ꢥꢒꢭꢶꢒꢥꢶ,நகலிகனி
ꢱꣁꢥ꣄ꢡꣂꢰ꣄ꢒꢥꢶ,ஸொந்தோஷ்கனி
ꢪꢔ꣄ꢔꢸꢥꢒꢥꢶ,மக்3கு3னகனி
ꢪꢹꢬ꣄ꢓꢸꢒꢥꢶ. ꢪꢴꢸꢜꢒꢥꢶ,மூர்கு2கனி
ꢪꢵꢡ꣄ꢬ,மாத்ரம்
ꢒꣁꢣ꣄ꢣꢶ,கொத்3தி3
ꢪꢥ꣄ꢣꢪ꣄ꢒꢥ꣄,மந்த3ம்கனி
ꢦ꣄ꢬꢒꢵꢰ꣄ꢥꢴꢷꢡ꣄ꢡꣁ,ப்ரகாஷ் நீ:த்தொ
ꢦ꣄ꢬꢒꢵꢰ꣄ꢮꢶꢥꢵ,ப்ரகாஷ் வினா
ꢱꣁꢖ꣄ꢔꢒꢥꢶ,ஸொங்க3கனி
ꢪꣂꢭ꣄ ꢆꢥ꣄ꢥꢒꢥꢶ,மோல் உன்னகனி
ꢮꢶꢱ꣄ꢬꢳ꣄ꢳꢶꢶꢒꢶꢥ꣄,விஸுரள்லிகின்
ꢚꢒꢶꢭꢶ,ஜ2கிலி
ꢪꣁꢥ꣄ꢥꢸꢙꢥꢶ,மொன்னுஜனி
ꢩꣁꢬꢾꢪꣁꢥ꣄ꢥꢸ,பொ4ரெமொன்னு
ꢪꢴꢞꢜꢪꢴꢞꢵꢒ꣄,ம:ட3ம:டா3க்
ꢪꢱꢹꢣꢶ,மஸூதி3
ꢩꢬ꣄ꢡꢶꢒ꣄,ப4ர்திக
ꢮꢶꢬꣂꢤ꣄꣄ꢒꢥꢶ,விரோத்4கனி
ꢆꢦꢶꢬ꣄ꢒꢥꢶ,உபிர்கனி
ꢡꢷ ꢙꢡꣁ,தீ ஜதொ
ꢤꢒ꣄ꢒꢞꢶ,த4க்கடி3
ꢲꣁꢭ꣄ꢭꣁ,ஹொல்லொ
ꢪꢸꢕ꣄ꢫꢪ꣄ꢒꢥꢶ,முக்2யகனி
ꢂꢥ꣄ꢡꢸꢒꢥꢶ,அந்துகனி
ꢱꢾꢡ꣄ꢭꣁ,ஸெத்லொ
ꢧꣀꢭꢮꢔꢥꢶ,பை2லவக3கனி
ꢪꢸꢭ꣄ꢭꣁ ꢪꢸꢭ꣄ꢭꣁ,முல்லொமுல்லொ
ꢧꣀꢭꢒꢥꢶ,பை2லகனி
ꢦ꣄ꢬꢵꢬꢪ꣄ꢨꢒꢥꢶ,ப்ராரம்ப3கனி
ꢦꢾꢳꢶꢩꢶꢱ꣄ꢱꢒꢥꢶ,பெ4ள்பி4ஸ்ஸகனி
ꢪꢹꢓꢸꢒꢸꢒꢥꢶ,மூர்கு2கனி
ꢮꢶꢦꢬꢷꢡ꣄ꢒꢥꢶ ꢮ꣄ꢬꢸꢣ꣄ꢤꢸꢒꢥꢶ ꢦ꣄ꢬꢫꢶꢒꢹꢭ꣄ꢒꢥꢶ,விபரீத்கனி
ꢂꢱ꣄ꢒꢵꢒꢸꢱ꣄,அஸ்காகுஸ்
ꢂꢱ꣄ꢒꢒꢥ꣄,அஸ்ககன்
ꢥꢿꢪꢸꢤꢵꢥꢸ,நேமுதா4னு
ꢒꢶꢬꢪꢒꢥꢶ,க்ரமகனி
ꢱꢵꢪꢸꢬ꣄,ஸாமுர்
ꢪꢸꢣꢸꢭ꣄,முது3ல்
ꢪꢸꢭ꣄ꢭꣁ,முல்லொ
ꢱꢸꢥ꣄ꢫꢵꢱ꣄,ஸுன்யாஸ்
ꢪꢸꢥ꣄ꢣꢞꢶ,முந்த3டி3
ꢦꢹꢬ꣄ꢮꢡꢫꢬ꣄ꢒꢥꢶ,பூர்வ தயார்கனி
ꢡꢿ ꢮꢜ꣄ꢒꢥ,தே வாட்கனி
ꢶ ꢡꣁꢒꢥ꣄,தொகன்
ꢂꢯꢶꢡꢣ꣄ꢤꢒꢥꢶ ꢂꢱꢪꢥ꣄ꢡꢸꢒꢥꢶ,அஶிரத்3த4கனி
ꢲꢳ꣄ꢳꢸ,ஹள்ளு
ꢲꢳꢸꢲꢳꢸꢒꢥꢶ,ஹளுஹளுகனி
ꢬꢴꢡ꣄ꢡꢤꢵꢥꢸ,ர:த்ததா4னு
ꢥꢴꢥ꣄ꢓꢥꢶ꣄,நா:ன்க2னி
ꢒꣁꢪ꣄ꢨꢸꢭꢒ,கொம்பு3ளக
ꢪꢶꢜ꣄ꢜꢵꢦꣁꢭ꣄ꢭꢪ꣄ꢒꢥꢶ,மிட்டாபொல்லம்கனி
ꢲꣁꢭ꣄ꢭ ꢲꣁꢭ꣄ꢭꢒ ꢦ꣄ꢬꢡ꣄ꢫꢒ꣄ꢰ꣄ꢒꢥꢶ ꢮ꣄ꢫꢒ꣄ꢫꢬꢡꢒꢥꢶ,ஹொல்லஹொல்லக ப்ரத்யக்ஷகனி
ꢡꢢꢵ,ததா2
ꢆꢛ꣄ꢗꣁ,உஞ்சொ
ꢲꣂꢬ,ஹோர்
꣄ ꢲꣁꢭ꣄ꢭꣁ,ஹொல்லொ
ꢪꢿꢜ꣄ꢒꢥꢶ,மேட்கனி
ꢯ꣄ꢬꢿꢰ꣄ꢝꢸꢒꢥꢶ,ஶ்ரேஷ்டு2 கனி
ꢂꢱ꣄ꢒꢒꢥꢶ,அஸ்ககனி
ꢦꢹꢬꢵꢒꢥꢶ,பூராகனி
ꢦꢹꢬ꣄ꢠꢸꢒꢥꢶ,பூர்ணுகனி
ꢪꣂꢱ꣄ꢒꢥꢶ,மோஸ்கனி
ꢱꣁꢔꢸꢱ꣄ꢒꢥꢶ ꢮꢱꢫꢶꢒꢥꢶ,ஸொகு3ஸ்கனி
ꢮꢥ꣄ꢗꢥꢒꢥꢶ,வஞ்சனகனி
ꢡꢥ꣄ꢡꢸꢬ꣄ꢒꢥꢶ,தந்துர்கனி
ꢮꢡꢸꢭ꣄ꢒꢥꢶ,வதுல்கனி
ꢒ꣄ꢬꢪꢒꢥꢶ,க்ரமகனி
ꢮꢶꢗꢵꢬ꣄ꢒ,விசார்க
ꢮꢾꢒꢸꢭ꣄ꢒ,வெகுல்க
ꢚꣀꢥ ꢦꣂꢒ꣄ꢒꢥꢶ ꢙꣀꢥ ꢦꣂꢒ꣄,ஜைனபோக் ஜைனபோக்கனி
ꢡꢶꢫꣁꢒꢥ꣄,த்யொகன்
ꢦꣁꢭꢷꢪ꣄ꢒꢥ꣄,பொ3லீம்கன்
ꢧꢶꢬ꣄ꢭꢶ,பி2ர்லி
ꢮꢜ꣄ꢒꢾꢒꢥꢶ ꢬꢦ꣄ꢡꢒꢥꢶ,வட்கெகனி
ꢥꢴꢶꢥꢵꢮꢸꢒꢥꢶ,நி:னாவ்கனி
ꢱꢸꢒ꣄ꢒꢾꢫꢒꢥꢶ ꢱꢸꢒ꣄ꢒꢾꢒꢥꢶ,ஸுக்கெயகனி
ꢒꢸꢬꢹꢬ꣄ꢒꢥꢶ,க்ரூர்கன்
ꢱꣁꣁꢜ꣄ꢠꢵꢡ꣄ꢡꢒ꣄,ஸொட்3ணாதொ
ꢮꢶꢣꢪ꣄ꢮꢶꢣꢪ꣄ꢒꢥꢶ ꢨꢲꢸꢮꢶꢣꢒꢥ꣄,வித3ம்வித3ம்கனி
ꢞꢵꢪ꣄ꢨꢷꢒꢪ꣄ꢒꢥꢶ,ஆட3ம்ப3ரக
ꢮꢶꢱ꣄ꢡꢵꢬꢒꢥꢶ,விஸ்தார்கனி
ꢨꢶꢱ꣄ꢱꢒ,பி3ஸ்ஸக
ꢄꢮꢬ꣄ꢒꢥꢶ ꢮꢶꢮꢬ꣄ꢒꢥꢶ,இவர்கனி
ꢡꢾꢒꢲꢵꢭ꣄ ꢡꢾꢭ꣄ꢫꢒꢲꢵꢭ꣄,தெகஹால்
ꢮꢶꢫꢬ꣄ꢤꢒꢥꢶ,வியர்த4கனி
ꢦꢬꢵꢒ꣄ꢬꢪꢒꢥꢶ,பராக்ரமகனி
ꢨꢥ꣄ꢣꢵꢒꢥꢶ ꢃꢡ꣄ꢪꢯ꣄ꢭꢵꢕꢒꢥꢶ,ப3ந்தா3கனி
ꢂꢮꢪꢵꢥ꣄ꢒ,அவமான்க
ꢂꢭꢔ꣄ꢔ ꢂꢭꢔ꣄ꢔ ꢣꢸꢱ꣄ꢬ ꢱꢸꢱ꣄ꢬꢫꢒꢥꢶ,அலக்3க3 அலக்3க3
ꢲꢸꢙꢵꢭ꣄ꢒꢥꢶ,ஹுஜாள்கனி
ꢪꣁꢥ꣄ꢥꢸ ꢙꢥ꣄ꢡꣁ,மொன்னு ஜந்தொ
ꢩꢬꢵꢜ꣄,ப4ராட்
ꢙꢷꢔꢶꢭꢶ,ஜிகி3லி
ꢓꢭꢶꢒꢥꢶ ꢬꢶꢒ꣄ꢡꢒꢥꢶ,க2லிகனி
ꢮꢾꢞꢶꢒ꣄ꢒꢥ꣄,வெடி3க்கனி
ꢡꢸꢱ꣄ꢬꢤꢵꢥꢸ,துஸ்ரதா4னு
ꢮꢾꢒꢸꢭꢮꢾꢒꢸꢭꢒꢥꢶ,வெகுளவெகுளகனி
ꢮꣀꢬꢵꢔꢫꢸꢒꢥꢶ꣄,வைராக்3யுகனி
ꢂꢮ꣄ꢒꣁ,ஹவ்கொ
ꢩꢮ꣄ꢥꢱ꣄,ப4வ்னஸ்
ꢚꢫ꣄ꢥꣁ,ஜ2ய்னொ
ꢂꢠ꣄ꢞꣁ,ஹண்டொ3
ꢂꢦ꣄ꢦꢸꢞꢵꢭꢸ ꢣꢾꢫ꣄ꢞꣁ,அப்புடா3லு தெ3ய்டொ3
ꢂꢦ꣄ꢦꢸꢞꢵꢭꢸ ꢒꢾꢜ꣄ꢜꢾ,அப்புடா3லு கெட்டெ
ꢦꢜꣁ,படொ
ꢮꢳꢶ,விளி
ꢲꣁꢔꢭ꣄,ஹொக3ள்
ꢧꢭꢵꢬꢸ ꢲꢠ꣄ꢞꣁ,ப2லாரு ஹண்டொ3
ꢧꢭꢵꢬꢸ ꢡꢾꢜ꣄ꢜꣁ,ப2லாருதெட்டொ
ꢭꢴꣁꢒꢠꢸ ꢦꣁꢳꣁ,லொ:க3ணு பொளொ
ꢭꢴꣁꢒꢠꢸ ꢪꢸꢱꢳ꣄,லொ:க3ணுமுஸள்
ꢪꢸꢗꢭ꣄,முஸள்
ꢱꢶꢒꣁ,ஸிகொ
ꢮꢶꢱ꣄ꢡꢮ꣄,விஸ்தவ்
ꢦꣁꢳꣁ,பொளொ
ꢦꢸꢜ꣄ꢜꢭ꣄ꢭꢸ ꢲꢮ꣄ꢒꣁ,புட்டலு ஹவ்கொ
ꢂꢥꢭ꣄,அனல்
ꢦꣁꢳꢶ,பொளி
ꢡꣁꢮ꣄ꢭꢶ,தொவ்லி
ꢣꢾꢔꢸꢞꢵ ꢲꢠ꣄ꢞꢶ,தெ3கு3டா3 ஹண்டி3
ꢒꣀꢭꢒꢾꢱꢸꢬꢸ ꢓꣁꢮ꣄ꢞꢶ,கைலகெஸுரு கொ2வ்டி3
ꢦꢶꢖ꣄ꢔꢠꢶ,பிங்க3ணி
ꢡꢪ꣄ꢨꢸꢬꢪꢸ ꢩꣁꢥ꣄ꢥꣁ,தம்பு3ரமு பொ4ன்னொ
ꢓꣁꢭ꣄ꢗꢵꢗꢸꢭ꣄ꢭꣁ,கொ2ள்சாசுல்லொ
ꢒꣁꢜ꣄ꢦꣀ ꢗꢸꢭ꣄ꢭꣁ,கொட்பை சுல்லொ
ꢒꣀꢔꢶ,கை3டி3
ꢤꢶꢞ ꢲꢵꢡ꣄,தி4டா3ஹாத்
ꢣꢾꢱꢾ,தெ3ஸெ
ꢙꢾꢭ꣄ꢭꢜ꣄,ஜெல்லட்
ꢥꢭꢾꢬ꣄ ꢗꢶꢦ꣄ꢦꣁ,நளெர் சிப்பொ
ꢗꢶꢦ꣄ꢦꣁ ꢲꢮ꣄ꢒꣁ,சிப்பா ஹவ்கொ
ꢩꢸꢛ꣄ꢙꢸꢥꢵ ꢲꢠ꣄ꢞꢶ,பு4ஞ்ஜுனாஹண்டி3
ꢱꢸꢞꣁ,ஸுடொ3
ꢱꢸꢦ꣄ꢞꣁ,ஸுப்டொ3
ꢩꢖ꣄ꢔꢸꢞꢮ꣄,ப2ங்கு3டா3வ்
ꢜꢦ꣄ꢦꣁ,ட3ப்பொ
ꢡꢾꢜ꣄ꢜꣁ,தெட்டொ
ꢲꢬ꣄ꢮꢶ,ஹர்வி
ꢗꢒꢶ,சகி
ꢲꢸꢳꣁ,ஹுளொ
ꢮꢶꢖ꣄ꢒꢳ꣄,விங்கள்
ꢡꢶꢮꢵꢦꢾꢜꢶ,தி3வாபெடி
ꢗꢸꢳꢸꢥ꣄ꢣꢸ,சுளுந்து3
ꢪꣁꢡ꣄ꢡꢸ,மொத்து
ꢥꢬꢳꢸ ꢡꢸꢬ꣄ꢒꣁ,நரளுதுர்கொ
ꢤꢶꢞꢵ ꢲꢠ꣄ꢞꢶ,தி4டா3ஹண்டி3
ꢦꢥꢶ ꢮꢵꢦ꣄,பனிவாப்
ꢒꢸꢳꢶ ꢲꢠ꣄ꢞꢶ,குளி ஹண்டி3
ꢦꣁꢳꢳꢵ ꢧꢸꢜ꣄ꢒꢶ,பொள்ளாபு2ட்கி
ꢤꢹꢪ꣄,தூ4ம்
ꢭꢪ꣄ꢨꢸ ꢦꢸꢜ꣄ꢜꢶ,லம்பு3 புட்டு
ꢔꢸꢱꢸꢭꢡ꣄ꢡꢾ ꢪꣁꢡ꣄ꢡꢸ,கு3சுலத்தெ மொத்து
ꢒꢾꢜ꣄ꢜꢾ ꢦꢵꢡ꣄ꢬꣁ,கெட்டெ பாத்ரொ
ꢡꢾꢥ꣄ꢡꢸꢭꢵ ꢦꢶꢳ꣄ꢥꢵꢮ꣄,தெந்துலா பிள்னாவ்
ꢙꢒꢸꢥꣁ,ஜகுனொ
ꢦꢾꢭꣁ,பெலொ
ꢨꣂꢥꢶ,போ3னி
ꢩꢸꢛ꣄ꢗꢸꢥꢵ ꢲꢠ꣄ꢜꢶ,பு4ஞ்ஜுனாஹண்டி3
ꢮꢵꢬ꣄ꢦꢸꢠ꣄ꢜꢶ,வார் புண்டி3
ꢭꣀꢒꢸꢜꣁ,லைகுடொ
ꢗꢾꢒ꣄ꢒꢠꢶ,செக்கணி
ꢒꢗꢵ ꢦꢵꢡ꣄ꢬꣁ,கஸாபாத்ரொ
ꢬꢸꢥ꣄ꢣꢶ,ருந்தி3
ꢃꢒꢵꢬ꣄,ஆகார்
ꢲꢡ꣄ꢡꢸ ꢮꢬ꣄ꢡꢸꢭꣁ,ஹத்துவர்துலொ
ꢱꢪꢵꢥ꣄ꢡꢬꢸ ꢬꢾꢓꢵꢥ꣄,ஸமாந்தரு ரேகா2ன்
ꢆꢖ꣄ꢗꣁ,உஞ்சொ
ꢔꣁꢳ꣄,கோ3ள்
ꢤꢸꢬꢸꢳ꣄,து4ருள்
ꢩꣁꢬꢠ,பொ4ரண்
ꢕꢥꢵꢒꢵꢬ꣄,க4னாகார்
ꢦꢵꢄ~ ꢦꢬꢶꢤꢶ,பாஇ~ பரிதி4
ꢒꢬ꣄ꢠꣁ,கர்ணொ
ꢯꢖ꣄ꢒꢸ,ஶங்கு
ꢔꣂꢭ꣄,கோ3ள்
ꢗꢡꢸꢬ꣄,சதுர்
ꢗꢪꢗꢡꢸꢬ꣄,ஸமசதுர்
ꢡꢶꢬ꣄ꢫꢒ꣄ ꢃꢒꢵꢬ꣄,திர்யக் ஆகார்
ꢃꢫꢡ ꢃꢒꢵꢬ꣄,ஆயத ஆகார்
ꢭꢾꢪ꣄ꢨꣁ,லம்பொ3
ꢭꢵꢪ꣄,லாம்
ꢒꢺꢬꢸꢔ ꢗꢵꢫꢡ꣄,க்ருகசாயத்
ꢦꢶꢬꢶꢪꢵꢠ꣄,பரிமாண்
ꢣꢾꢳ꣄,தே3ள்
ꢢꢷꢥ꣄ꢒꣂꢥꢸꢭ꣄ꢡ꣄ꢬꢶꢒꣂꢠ꣄,தீ2ன்கோணுல்
ꢂꢠ꣄ꢜꢵꢒꢵꢬ꣄,அண்டாகார்
ꢃꢒꢵꢬ꣄,ரூப்
