source,target
ꢂꢒꢬꢵꢡꢶ,dictionary
ꢥꢶꢒꢠ꣄ꢜꢸ,dictionary
ꢒꣂꢰ꣄,dictionary
ꢂꢤ꣄ꢫꢵꢫ꣄,chapter
ꢮꢶꢣꢿꢯꢸ ꢩꢵꢰꣁ,foreign language
ꢬꢵꢙꢥꢷꢡꢶ,politics
ꢬꢵꢙꢥꢷꢡꢶ ꢱꢵꢱ꣄ꢡ꣄ꢬꢸ,political science
ꢬꢵꢙꢥꢷꢡꢶ ꢛꢵꢥ꣄,political science
ꢒꢵꢬ꣄ꢫꢵꢭꢫꣁ,office
ꢱꢣꢸꢰ꣄ꢜꢪ꣄,clue
ꢱꢾꢔꢸꢠ,clue
꣄ ꢱꢹꢱꢥꣁ,clue
ꢮꢶꢔ꣄ꢛꢵꢥ꣄,science
ꢮꢣ꣄ꢣꢶ,teacher
ꢏꢣ꣄ꢣꢶ,teacher
ꢏꢬ꣄ꢱꢸꢦꢬꢶꢰꢾ,annual examination
ꢮꢵꢬ꣄ꢯꢶꢒ ꢦꢬꢶꢒ꣄ꢰꣁ,annual examination
ꢏꢬ꣄ꢱꢸꢮꣀꢩꢮ꣄,annual function
ꢱꢪ꣄ꢱꣂꢤꢥꣁ,research
ꢱꢪ꣄ꢱꣂꢤꢥꢱꢵꢭꣁ,research laboratory
ꢱꢪ꣄ꢱꣂꢤꢥꢵꢦꣁꢡꢶ,thesis
ꢱꢪ꣄ꢱꣂꢤꢥꢵ,research scholar
ꢮ꣄ꢫꢒ꣄ꢡꢶꢩꢵꢮ꣄,personality
ꢱ꣄ꢮꢩꢵꢮ꣄,personality
ꢱꢪꢡ꣄ꢡꢸ,skill
ꢥꢶꢦꢸꢠꢡ꣄ꢮꣁ,skill
ꢱꢖ꣄ꢒꢷꢡ ꢒꢠ꣄ꢱꢵꢭꣁ,music college
ꢦ꣄ꢬꢒꢺꢡꢶ,nature
ꢮ꣄ꢫꢵꢒꢬꢠꣁ,grammar
ꢱꢵꢲꢶꢡ꣄ꢫꣁ,literature
ꢔ꣄ꢣ꣄ꢫꣁ,prose
ꢱꢪ꣄ꢩꢵꢰꢠꣁ,conversation
ꢭꢶꢓ꣄꣄ꢭꣁ,"pen, pencil"
ꢡꢬꢾ,fee
ꢮ꣄ꢫꢵꢱꣁ,essay
ꢭꢾꢓꢸ,letter
ꢭꢴꢾꢓꣁ,"arithmetic, account"
ꢲꢷꢱꢸ,"arithmetic, account"
ꢔꢠꢶꢶꢡ꣄,mathematics
ꢓꢾꢥꢶ,story
ꢓꢾꢡꣁ,story
ꢂꢩꢶꢦ꣄ꢬꢵꢫꢸ ꢱꢣꢱ꣄,seminar
ꢒꢭꢵ ꢱꢵꢭꣁ,college
ꢅꢔꢸ ꢮꢶꢣ꣄ꢫꣁ ꢗꢾꢣꢸꢮ꣄,education
ꢒꢮꢶ,poet
ꢒꢮꢶꢡꣁ,"song, poem"
ꢄꢔꢞꢱ꣄ꢡꢿ,teaching
ꢗꢾꢮ꣄ꢣꢶꢥꢶ,learning
ꢱꢶꢒ꣄ꢒꢶꢥꢶ,learning
ꢒꢳ꣄꣄ꢙꢪ꣄,paper
ꢒꢵꢮ꣄ꢫꣁ,epic
ꢱꢹꢗꢥꣁ,notes
ꢱꢹꢗꢥꢵꢦꣁꢡꢶ,notebook
ꢎꢒꢶ ꢭꢶꢓꢶꢥꢶ,dictation
ꢦꢸꢱ꣄ꢥꢶ,question
ꢦꢸꢱꢵꢮ꣄,question
ꢲꢵꢡꢰꢬ꣄,"handwriting, signature"
ꢲꢵꢡꢸꢦꣁꢡꢶ,handbook
ꢥꢷꢡꢶꢥꢶꢫꢪꣁ,policy
ꢱꢶꢣ꣄ꢤꢵꢥ꣄ꢡꢸ,theory
ꢗꢶꢡ꣄ꢬꢸ,picture
ꢭꣂꢱꢸ,picture
ꢗꢶꢡ꣄ꢡꢬ꣄,picture
ꢫꣂꢗꢥꣁ,thought
ꢥꢥ꣄ꢓꢾꢥꢶ,short story
ꢭꣀꢒꢵꢱꢸꢒꢳ꣄ꢙꢾꢪ꣄,newspaper
ꢱꢪꢵꢗꢵꢬꢸꢦꢡ꣄ꢬꣁ,newspaper
ꢔꢮ꣄ꢥꣁ,poetry
ꢦꢣ꣄ꢫꢪ꣄,poetry
ꢱ꣄ꢭꣂꢒ꣄,poetry
ꢮꢡ꣄ꢡꣁ,word
ꢒꣁꢰ꣄,lexicon
ꢱꢨ꣄ꢣ ꢩꢠ꣄ꢞꢵꢬ꣄,lexicon
ꢱꣁꢤꢥꣁ,test
ꢦꢬꢷꢒ꣄ꢰꣁ,test
ꢪꢥ꣄ꢡꢸ,mistake
ꢗꢹꢒ꣄,mistake
ꢒꢸꢠ꣄ꢜꢸ,mistake
ꢪꢵꢫ꣄ ꢩꢵꢰꣁ,mother tongue
ꢪꢵꢡ꣄ꢬꢸꢩꢵꢰꣁ,mother tongue
ꢒꢭ꣄ꢙꢾꢪ꣄,paper
ꢥꣀꢦꢸꢠ꣄ꢫ,skill
ꢮꢶꢪꢬ꣄ꢱꢥꣁ,criticism
ꢔꢸꢠꢣꣂꢰ ꢮꢶꢗꢵꢬ꣄,criticism
ꢮꢶꢩꢵꢔ꣄,department
ꢦꢬꢷꢰꢾ,examination
ꢦꢬꢷꢰꢵ ꢢꢵꢪ꣄,examination centre
ꢃꢬꢪ꣄ꢩ ꢲꢸꢬꢶ,primary school
ꢮꢡ꣄ꢡꢵ ꢡꣁꢬꢠ꣄,sentence
ꢗꢵꢭ꣄ꢗꢭꢥ꣄,behaviour
ꢗꢭ꣄ꢥꢶ,behaviour
ꢥꢜꢥꣁ,dance
ꢥꢵꢗꢸ,drama
ꢭꣁꢒ꣄ꢓꢾꢥꢶ,folk tale
ꢭꣂꢒ꣄ꢔꢷꢡ꣄,folk song
ꢣꢿꢱꢶꢔꢷꢡ꣄,folk song
ꢦꣁꢡꢶ,book
ꢦꢸꢱ꣄ꢡꢮ꣄,book
ꢦꢸꢱ꣄ꢡꢶꢒꣁ,book
ꢦꣁꢡꢶꢔ꣄ꢕꢿꢬ꣄,library
ꢩꢠ꣄ꢞꢵꢬꢸꢕꢿꢬ꣄,library
ꢮꢬ꣄ꢠꢪꢵꢭꣁ,alphabet
ꢭꢒ꣄ꢰ꣄꣄ꢫꣁ,aim
ꢤ꣄ꢫꢾꢫꢸ,aim
ꢦꣁꢒ꣄,page
ꢦꢸꢜꣁ,page
ꢱ꣄ꢥꢵꢡꢒꣁ,graduate
ꢆꢦꢵꢤꢶ,degree
ꢗ꣄qꢡꢸꢮ꣄ ꢒꣁꢜ꣄ꢜꣁ ꢮꢵꢗꢒꢱꢵꢭꣁ,reading room/library
ꢗꢾꢣꢸꢮ꣄,studies
ꢅꢔ꣄,studies
ꢧꢬꢪ꣄,form
ꢬꢱꢶꢥꢶ,creative work
ꢱꢛ꣄ꢗꢶꢒꣁ,magazine
ꢙꢾꢮꢵꢦ꣄,answer
ꢂꢩ꣄ꢫꢵꢱ꣄,learning
ꢙꢿꢪ꣄,prize
ꢦꢵꢬꢶꢡꣂꢱꢶꢒꣁ,prize
ꢦꢬꢶꢱꣁꢤꢥꣁ,experiment
ꢦꢬ꣄ꢒ꣄ꢰꣁ,examinations
ꢱꢬ꣄ꢮꢒꢭꢵꢱꢵꢭꣁ,university
ꢲꢸꢬꢶ,school
ꢙꢸꢥ꣄ꢥꢮꢵꢗꢸ,proverb
ꢦ꣄ꢬꢵꢮꢵꢗꢸ,proverb
ꢔꢷꢡ꣄,song
ꢦꢵꢝꢮꢶꢮꢬꢠꣁ,syllabus
ꢦꢵꢝꢦꢸꢱ꣄ꢡꢮ꣄,textbook
ꢦꢵꢝ꣄,lesson
ꢦꣁꢬꣁ,error
ꢪꢥ꣄ꢡꢸ,error
ꢭꢵꢪ꣄ꢓꢾꢥꢶ,novel
ꢥꣁꢮ꣄ꢮꢒꢮꢶꢡꣁ,"modern poetry, free verse"
ꢦꢸꢬꢵꢠꣁ,mythology
ꢪꢴꢵ ꢏꢣ꣄ꢣꢶ,professor
ꢭꢶꢒ꣄ꢭꣁ,pen
ꢮꢶꢰꢫꢸ,subject
ꢫꢥ꣄ꢡ꣄ꢬꢸꢮꢶꢣ꣄ꢫꣁ,engineering
ꢫꢥ꣄ꢡ꣄ꢬꢸ ꢮꢶꢔ꣄ꢛꢵꢥ꣄,engineering
ꢦꣁꢥ꣄ꢡꢶ,competition
ꢱ꣄ꢦꢬ꣄ꢤꣁ,competition
ꢏꢫ꣄ꢣꢦꢥ꣄,treatment
ꢲꣁꢔꢡ꣄,medicine
ꢥꢴꢸꢬꢸꢥꢸ ꢲꢸꢬꢶ,nursery school
ꢮꢶꢣ꣄ꢫꢵꢬ꣄ꢡꢶ,student
ꢮꢶꢣ꣄ꢫꢵꢬ꣄ꢡ꣄ꢡꢶꢥꢶ,student
ꢧꣀꢭꢮꢬ꣄ꢔꢸ,first class
ꢦ꣄ꢬꢤꢵꢥꣁꢣ꣄ꢣꢶ,principal
ꢧꣀꢭꢯ꣄꣄ꢬꢿꢥꢶ,first rank
ꢪꣀ,ink
ꢩꢵꢰꣁ,language
ꢩꢵꢰꢵ ꢬꢷꢡꢶ,language style
ꢩꢵꢰꢵ ꢪꢬ꣄ꢗꢶꢥꢶ,translation
ꢂꢥꢸꢮꢵꢣ꣄,translation
ꢩꢵꢱꢵꢥ꣄ꢡꢬ꣄,translation
ꢡꢬ꣄ꢙꢪꣁ,translation
ꢩꢵꢰꢵꢮꢶꢔ꣄ꢛꢵꢥ꣄,linguistics
ꢮꢬ꣄ꢒꢸ,classroom
ꢗꢬꢶꢡ꣄ꢬꢸ,history
ꢯꢨ꣄ꢣꢸ ꢴ,word
ꢮꢔ꣄ꢛꢵꢥ꣄,science
ꢮꢔ꣄ꢛꢵꢥꢶ,scientist
ꢯꣁꢞ꣄ꢠꢶ,leave
ꢯꣂꢞꢸ,leave
ꢱꣁꢞ꣄ꢮꢵꢬ꣄,holiday
ꢙꢮꢵꢨ꣄,answer
ꢮꢶꢮꢵꢡ꣄,debate
ꢦ꣄ꢬꢰ꣄ꢥꣁ,question
ꢦꢸꢱꢶꢥꢶ,question
ꢦ꣄ꢬꢰ꣄ꢥ ꢦꢡ꣄ꢬꣁ,question paper
ꢒꣁꢪ꣄ꢪꢵ ꢂꢩ꣄ꢫꢵꢱ꣄,home work
ꢙꢾꢭ꣄ꢪꢶꢥ꣄,aluminium
ꢭꢴꣁꢔꢠ꣄,iron
ꢒꢾꢱ꣄ꢡꢸꢭ꣄,lead
ꢭꣂꢲꢸ,metal
ꢦꢛ꣄ꢗꢭꣂꢲꢸ,"an alloy of iron, gold, silver, brass and copper"
ꢂꢣ꣄ꢣꢪ꣄,glass
ꢲꢦꢵꢥ꣄,glass
ꢣꢮ꣄ꢥꣁ,glass
ꢪꢸꢒ꣄ꢬꣁ,glass
ꢔꢵꢥ꣄ꢡꢪ꣄,magnet
ꢡꢪ꣄ꢨꢾ,copper
ꢡꢪ꣄ꢨꢸꢬꢪ꣄,copper
ꢡꢭ꣄,tin
ꢡꢾꢒꢜ꣄,tin
ꢱꣁꢥ꣄ꢥꣁ,gold
ꢱꣁꢬ꣄ꢠꢸ,gold
ꢂꢦ꣄ꢬꢛ꣄ꢙꢶ,gold
ꢡꢸꢡ꣄ꢡꢥꢵꢔ꣄,zinc
ꢥꢵꢔ꣄,zinc
ꢭꢷꢡꢸ,brass
ꢒꢱꣁ,bronze
ꢬꢸꢦ꣄ꢦꣁ,silver
ꢒꣂꢜ꣄,where
ꢒꢶꢡ꣄ꢒ,how many
ꢒꢶꢡ꣄ꢒꢫꣁ,how manieth
ꢒꣂꢥ꣄,how manieth
ꢒꢶꢱꣁ,how
ꢒꣂꢥꢒ꣄,how
ꢒꢶꢱꢵꢫꣁ,what type of
ꢒꢶꢱꢵꢫꢾ,what type of
ꢓꣁꢨ꣄ꢨꣁ,when
ꢒꢶꢱꣁ,what way
ꢒꣁꢥ꣄ ꢣꢶꢥ꣄ꢥꢸ,which day
ꢒꢵꢫ꣄,what
ꢒꢵꢫꣁ,what
ꢒꣂꢥꢾ,what
ꢒꣂꢥ꣄ꢫꢾ,what
ꢂꢖ꣄ꢔꢷꢒꢵꢬ꣄,recognition
ꢂꢗ꣄ꢗꢸ,axis
ꢜꢖ꣄ꢒꢸ,axis
ꢦꢡ꣄ꢬꢮꢵꢲꢶꢥꢶ,post
ꢦꢡ꣄ꢬꢮꢵꢲꢒꣁ,postman
ꢦꢡ꣄ꢬꢮꢵꢲꣁ,postman
ꢭꢿꢓꢸꢮꢵꢥ꣄,postman
ꢦꢡ꣄ꢬꢮꢵꢲ ꢒꢵꢬ꣄ꢫꢵꢭꢫꣁ,post office
ꢒꣂꢰ꣄ꢜꢸ,"table, schedule"
ꢆꢞ꣄ꢔꢞ꣄ꢠꢶ,oppression
ꢣꢪꢥꣁ,oppression
ꢒꢸꢣꣁ,pawn
ꢒꢸꢣꣁ,mortgage
ꢓꢵꢭ꣄ꢣꢳ꣄ ꢓꢵꢭ꣄ꢣꢾꢳꢪ꣄,basement
ꢃꢤꢵꢬꢸ ꢨꢵꢡ꣄ꢫꢡꣁ,fundamental right
ꢱ꣄ꢬꢿꢠꢶꢗꢵꢭ꣄,parade
ꢂꢡ꣄ꢒꢫꢵꢬ꣄,"power, authority"
ꢂꢡ꣄ꢒ꣄ꢫꢵꢬꢶ,officer
ꢪꢥ꣄ꢡ꣄ꢬꢶ ꢒꢵꢬ꣄ꢫꢵꢭꢫꣁ,ministry
ꢪꢥ꣄ꢡ꣄ꢬꢶ,minister
ꢂꢪꢵꢡ꣄ꢫꣁ,minister
ꢪꢥ꣄ꢡ꣄ꢬꢶꢱꢨꣁ,cabinet
ꢯꢵꢥ꣄ꢡꢶ,peace
ꢱꢖ꣄ꢕꢜꢶꢒꣁ,organizer
ꢱꢛ꣄ꢗꢭꢥꢒꢵꢬꣁ,organizer
ꢮꢶꢣꢿꢱ꣄,foreign country
ꢩꢬꢳꢡꢿꢱ꣄,foreign country
ꢬꢙꣁ,king
ꢬꢵꢜ꣄,king
ꢩꢹꢦꣁ,king
ꢩꢹꢦꢡꢶ,king
ꢬꢠꢶ,queen
ꢬꢵꢜꢳꢶ,queen
ꢱꢪ꣄ꢱ꣄ꢢꢵꢦꢥꣁ,constitution
ꢱꢪ꣄ꢮꢶꢤꢵ,constitution
ꢬꢵꢙꢥꢷꢡꢶꢮꢵꢥ꣄,politician
ꢱꢬ꣄ꢒꢵꢬ꣄,government
ꢬꢵꢙꢵꢖ꣄ꢔꢸ,government
ꢬꢵꢙ꣄ꢩꢮꢥ꣄,government house
ꢬꢮꢸꢳ꣄,palace
ꢦ꣄ꢬꢵꢱꢵꢣꣁ,palace
ꢍꢒꢒ꣄,unit
ꢄꢒꢵꢫ꣄,unit
ꢭꢵꢜ꣄,wave
ꢒꢵꢬ꣄ꢫꢵꢭꢫ ꢩꢰꣁ,official language
ꢂꢡ꣄ꢒꢵꢬꢶ,officer
ꢂꢮ꣄ꢱꢬꢸ ꢱꢵꢱꢥꣁ,emergency rule
ꢃꢦꢡ꣄ꢒꢵꢭꢸ ꢱꢵꢱꢥꣁ,emergency rule
ꢂꢮ꣄ꢱꢬ꣄ꢱ꣄ꢢꢶꢡꢶ,emergency
ꢨꣁꢮ꣄ꢥꢶꢕꢵꢜ꣄,calling bell
ꢦꢬꢶꢪꢵꢠ꣄,size
ꢦ꣄ꢬꢒꢜꢥꣁ,report
ꢃꢮꢿꢣꢥꣁ,report
ꢮꢶꢰꢫꢒꢳꢞ꣄ꢠꢶ,report
ꢦ꣄ꢬꢒꢞ꣄ꢠꢵꢬ꣄,announcer
ꢦ꣄ꢬꢒꢞꢠꣁꢒꢾꢬ꣄ꢥꢵꢬ꣄,announcer
ꢮꢶꢰꢫꢸ ꢒꢳꢞ꣄ꢥꢵꢬ꣄,announcer
ꢱꢹꢗꢥꣁ,"notice, announcement"
ꢱꢹꢗꢥꢵ ꢦꣁꢭ꣄ꢒꣁ,notice board
ꢂꢥꢸꢪꢡ꣄,permission
ꢂꢥꢸꢪꢡ꣄ ꢱꢹꢗꢶ,permit
ꢂꢥꢸꢩꢮ꣄,experi ence
ꢒꢨ꣄ꢙꣁ,encroachment
ꢃꢒ꣄ꢬꢪꢠꣁ,encroachment
ꢱꢵꢱꢥꣁ,rule
ꢱꣃꢱꢱ꣄ꢡꢾ,rule
ꢱꣃꢱꢶꢥꢶ,rule
ꢬꢵꢙ꣄ꢫ ꢩꢰꣁ,administrative language
ꢃꢙ꣄ꢛꢾ,order
ꢥꢶꢫꣂꢔꣁ,commission
ꢃꢫꣂꢔ꣄,commission
ꢥꢶꢫꣂꢔꢶ,commissioner
ꢃꢫꣂꢒꢶ,commissioner
ꢂꢣ꣄ꢭꢥ꣄,support
ꢂꢣ꣄ꢥꢶ,support
ꢭꢵꢨ꣄,profit
ꢂꢣꢵꢮ꣄,profit
ꢦ꣄ꢬꢩꢸꢡ꣄ꢮꣁ,domination
ꢂꢬ꣄ꢒ꣄ꢫꢵꢬ꣄,domination
ꢃꢤꢶꢦꢡ꣄ꢫꣁ,domination
ꢆꢡ꣄ꢦꢵꢣꢥꢱꢸꢭ꣄ꢒꣁ,excise duty
ꢱꢸꢭ꣄ꢒꣁ,tax
ꢒꢬꣁ,tax
ꢃꢫꢸꢱ꣄ꢣꢠ꣄ꢞꢥꣁ,life imprisonment
ꢆꢡ꣄ꢱꢵꢲ꣄,zeal
ꢒꢮ꣄ꢡꢸꢒꣁ,zeal
ꢃꢭꣂꢱꢥꣁ,suggestion
ꢂꢩꢶꢦ꣄ꢬꢵꢫꢸ,suggestion
ꢭꢶꢓꢾꢦꢡ꣄ꢡꢬ꣄,record/document
ꢭꢿꢓ ꢦ꣄ꢬꢪꢵꢠꣁ,record/document
ꢱꢵꢱꢥꢦꢒ꣄ꢰꣁ,ruling party
ꢬꢵꢙ꣄ꢦꢵꢭ꣄,governor
ꢬꢵꢙ꣄ꢦꢵꢭꢥꣁ,governance
ꢏꢦ꣄ꢦꢶꢭꢶꢥꢶ,"consent, accord"
ꢱꢪ꣄ꢪꢡ꣄,"consent, accord"
ꢒꢨꢥ꣄ꢣꢸꢱꢬ꣄ꢒꢵꢬ꣄,interim government
ꢂꢥ꣄ꢡꢬ꣄ꢥꢶꢰꢾꢤ꣄,interim stay
ꢪꢴꢣ꣄ꢣꢶꢪꢸ ꢲꢶꢨ꣄ꢨꢞ꣄ꢠꢶ,interim stay
ꢣꢾꢬ꣄ꢒꢭꢶ,"middle man, broker"
ꢪꢴꢣ꣄ꢫꢮꢬ꣄ꢡꢶ,"middle man, broker"
ꢂꢮ꣄ꢞꢒꢵꢭꢸ ꢗꢸꢥꢵꢮ꣄,mid-term pole
ꢪꢴꢣ꣄ꢣꢶꢪ꣄ ꢲꢶꢨ꣄ꢨꢞ꣄ꢠꢶ,suspension/interruption
ꢂꢮꢭꢪ꣄ꢨ꣄ꢥꣁ,suspension/interruption
ꢡꢡ꣄ꢒꢵꢭꢸ ꢲꢶꢨ꣄ꢨꢞ꣄ꢠꢶ,suspension/interruption
ꢌꢠ꣄ꢔꢶꢥꢶ,accordance
ꢂꢥꢸꢬꢹꢦꢡꣁ,accordance
ꢱꢲ ꢪꢥ꣄ꢡꢶꢬꢶ,minister for state
ꢱꢾꢬ꣄ꢗꢥ꣄ꢩꢵꢰꣁ,link language
ꢱꢥ꣄ꢣꢶ ꢩꢵꢰꣁ,link language
ꢱꢪ꣄ꢫꢸꢒ꣄ꢡ ꢱꢖ꣄ꢕꣁ,federation
ꢱꢛ꣄ꢙꢶꢒꢾ,issue
ꢩꢵꢬꢡꢥꢶꢬ꣄ꢮꢵꢲꢸꢱꢿꢮꣁ,Indian Admini strative Service
ꢩꢵꢬꢡ ꢂꢦꢬꢵꢤꢸ ꢱꢵꢱꢥꣁ,Indian Penal Code-IPC
ꢃꢥ꣄ꢣꣂꢭ꣄,movement
ꢒꢵꢬ꣄ꢫꢵꢭꢫ ꢱꢖ꣄ꢔꢪꣁ,directorate
ꢥꢶꢬ꣄ꢮꢵꢲꢶ,director
ꢥꢶꢬ꣄ꢣꢿꢱꢒ꣄,director
ꢂꢤ꣄ꢫꢒ꣄ꢰꣁ,director
ꢂꢣ꣄ꢫꢵꢫ꣄,chapter
ꢗꢬ꣄ꢒꢵ,charkha
ꢆꢬꢵꢮ꣄ꢱꣁꢬꢵꢮ꣄,"stock, balance"
ꢭꢒ꣄ꢰꢫꣁ,target
ꢪꢸꢣ꣄ꢬꣁ,"stamp, seal"
ꢮꢶꢩꢵꢒ,department
ꢫꢸꢮꢬꢵꢜ꣄,prince
ꢫꢸꢮꢬꢵꢠꢶ,princess
ꢫꢸꢮꢬꢵꢙ꣄ꢛꢶ,princess
ꢲꢸꢡ꣄ꢡꢸꢬꢵꢮ꣄,import
ꢲꢸꢡ꣄ꢡꢸꢬꢵꢜ꣄,import
ꢦ꣄ꢬꢡꢶ ꢧꣁꢳ꣄꣄,compensation
ꢆꢖ꣄ꢙꢪꢶꢡꢶ,ceiling
ꢆꢳ꣄ꢳꢸ,abetment
ꢱꢲꢗꢵꢬ꣄,"agreement, treaty, pact"
ꢱꢥ꣄ꢤꢶ,"agreement, treaty, pact"
ꢦꢬꢱ꣄ꢦꢬ ꢱꢪ꣄ꢪꢥ꣄ꢣꣁ,co - relation
ꢦꢬꢱ꣄ꢦꢬ ꢏꢱ꣄ꢡꢦꢥ꣄,co - relation
ꢃꢲꢵꢬꢸ ꢮꢶꢩꢵꢔ꣄,food department
ꢓꢥꢶ ꢮꢶꢩꢵꢔ꣄,food department
ꢆꢡ꣄ꢡꢬꢮꢵꢣ꣄,guarantee
ꢃꢒ꣄ꢒꢸꢣꣁ,order
ꢱꢲꢒꢵꢬ꣄,aid
ꢱꢲꢵꢮ꣄,aid
ꢆꢦ ꢪꢥ꣄ꢡꢶꢬꢶ,assistant minister
ꢆꢦ ꢣꢹꢡ ꢥꢶꢮꢵꢱ꣄,consulate
ꢮꢿꢡꢥꣁ,stipend
ꢆꢦꢶꢬ꣄,surplus
ꢮꢿꢥ꣄,surplus
ꢂꢣ꣄ꢣꢶ,surplus
ꢂꢡꢶꢬꢶꢒ꣄ꢡ,surplus
ꢄꢗ꣄ꢗꢵ ꢦꢡ꣄ꢡꢬ꣄,will
ꢂꢥꢸꢒ꣄ꢛꢵ ꢦꢸꢡ꣄ꢬꣁ,licence
ꢨꢵꢣ꣄ꢫꣁ,right
ꢨꢞ꣄ꢫꢮꢵꢥ꣄,"owner, proprietor"
ꢙꢸꢥꢡ꣄ꢮꢵꢥ꣄,farmer
ꢓꢿꢡꢶ,farmer
ꢔ꣄ꢬꢲ ꢮꢶꢩꢵꢔ꣄,home department
ꢮꢶꢰꢫ ꢱꢸꢗꢶꢒꣁ,content
ꢂꢥ꣄ꢡꢬ꣄ ꢬꢵꢙ꣄ꢙꢶ,local ad ministration
ꢥꢶꢮꢿꢰ꣄ꢫꣁ,input
ꢆꢡ꣄ꢦꢣ꣄,production
ꢆꢡ꣄ꢦꢵꢣꢥꣁ,production
ꢤꢶꢞꢮꢵꢒ꣄,oath
ꢂꢖ꣄ꢔꢱ꣄ꢢꢸ,member
ꢱꣁꢪ꣄ꢨꢸꢳꣁ,"salary, emo luments"
ꢮꢾꢡꢥꣁ,"salary, emo luments"
ꢮꢵꢲꢥꣁ,vehicle
ꢙꢵꢥ꣄ꢮꢵꢱ꣄,procession
ꢱꣂꢩꢵꢫꢵꢡ꣄ꢬꣁ,procession
ꢏꢬꢵꢡ꣄,procession
ꢗꢸꢜ꣄ꢜꢸ,procession
ꢔꢶꢬꢵꢪ꣄ꢫꣁ,rural
ꢔꢵꢪꢠ꣄ꢗꢥ꣄,curfew
ꢱꢛ꣄ꢗꢵꢬꢸ ꢥꢰꢿꢤꢥꣁ,curfew
ꢦꢠꢖ꣄ꢗꢵꢫꢡ꣄ ꢬꢵꢙ꣄ꢙꢶ,panchayat
ꢦꢖ꣄ꢗꢵꢫꢡꢕꢿꢬ꣄,panchayat union
ꢨ꣄ꢬꢰ꣄ꢜꢵꢗꢵꢬ꣄,corruption
ꢪꢭꢶꢥꢵꢗꢵꢬ꣄,corruption
ꢱꢿꢮꣁ,service
ꢱꢿꢮꢒꣁ,servant
ꢱꢿꢮꣁ ꢒꢾꢬ꣄ꢥꢵꢬ꣄,servant
ꢱꢖ꣄ꢓ꣄ꢫꢵꢦꣁꢭ꣄ꢒꣁ,number plate
ꢮꢶꢩꢒ꣄ꢰꢸ,opposition party
ꢡꣂꢒ꣄ꢱꢥꢶ,expectation
ꢦ꣄ꢬꢡꢷꢒ꣄ꢰꣁ,expectation
ꢦ꣄ꢬꢡꢶꢤ꣄ꢮꢥꢶ,echo
ꢦ꣄ꢬꢡꢶꢗꢵꢫꢵ,reflection
ꢦ꣄ꢬꢡꢶ ꢨꢶꢪ꣄ꢨꢸ,reflection
ꢍꢒꢵꢤꢶꢦꢡꢶ,autocrat
ꢱ꣄ꢮꢿꢗ꣄ꢗꢵꢗꢵꢬꢶ,autocrat
ꢌꢭ꣄ꢔꢾ,border
ꢂꢣ꣄ꢣꢸ,border
ꢱꢷꢪꣁ,border
ꢱꢷꢪꢵ ꢡꢾꢔꢸꢬꢵꢭ꣄,border dispute
ꢂꢣ꣄ꢣꢸ ꢡꢾꢔꢸꢬꢵꢭ꣄,border dispute
ꢭꢶꢦꢶꢒꣁ,clerk
ꢔꢸꢪꢱ꣄ꢡꣁ,clerk
ꢗꢾꢣꢸꢮꢸ ꢛꢵꢥ꣄,literacy
ꢭꢿꢓꢥꢱꢵꢪꢔ꣄ꢬꢶ,stationary
ꢭꢿꢓꢮꢱ꣄ꢡꢸ,stationary
ꢌꢙꢪꢵꢥ꣄,master
ꢪꣁꢣ꣄ꢬꢳꢶ,master
ꢱ꣄ꢮꢿꢗ꣄ꢗꢵꢗꢵꢬ꣄,autocracy
ꢍꢒꢵꢤꢶꢦꢡꢶ,autocrat/ dictator
ꢱꢬ꣄ꢮꢵꢡꢶꢒꢵꢬꢶ,autocrat/ dictator
ꢂꢥꢸꢒ꣄ꢬꢪꣁ,arrangement
ꢱ꣄ꢮꢷꢒꢵꢬ꣄,acceptance
ꢂꢖ꣄ꢔꢷꢒꢵꢬ꣄,acceptance
ꢏꢦ꣄ꢦꢶꢭ꣄ꢥꢶ,acceptance
ꢆꢖ꣄ꢗ ꢓꢵꢭ꣄,fluctuation
ꢲꢶꢖ꣄ꢔꢵꢮ꣄,export
ꢥꢶꢬ꣄ꢫꢵꢡ꣄,export
ꢲꢶꢖ꣄ꢔꢵꢜ꣄,export
ꢎꢒ꣄ꢫ ꢬꢵꢰ꣄ꢜ꣄ꢬ ꢱꢪ꣄ꢱ꣄ꢡꢵꢥ꣄,United Nations Organisation
ꢎꢒ꣄ꢫ ꢂꢔ꣄ꢬꢠꢶ,United Front
ꢣꣁꢦ꣄ꢦꢵ ꢢꣁꢮ꣄ꢥꢶ,adjournment
ꢱꢲꢒꢵꢬ꣄,co-operation
ꢱꢲꢫꣂꢔ꣄,co-operation
ꢮꢶꢩꢵꢙꢥꣁ,allotment
ꢦꢬꢮꢱꣁ ꢒꢾꢬ꣄ꢥꢶ,handover
ꢏꢦ꣄ꢦꢥ꣄ꢣ ꢱꢹꢗꢥꣁ,tender
ꢏꢦ꣄ꢦꢥ꣄ꢣꢪ꣄,contract
ꢲꢵꢡꢸ ꢂꢒ꣄ꢰꢬ꣄,signature
ꢱ꣄ꢮꢷꢒꢬ꣄ꢥꢶ,acknowledge ment
ꢦ꣄ꢬꢵꢦ꣄ꢡꢶ ꢱꢖ꣄ꢔꢶꢥꢶ,acknowledge ment
ꢭꢿꢡꢥꢶ,surrender
ꢎꢒ꣄ꢫ ꢩꢵꢮꢥꣁ,integration
ꢥꢶꢫꢪꣁ,regulation
ꢤꣁꢥꢶꢥꢾꢬ꣄ꢦꢶꢥꢶ,broad casting
ꢤꣁꢥꢶ ꢦ꣄ꢬꢱꢵꢬ꣄,broad casting
ꢬꢹꢦꢸ ꢥꢾꢬ꣄ꢦꢶꢥꢶ,telecasting
ꢬꢹꢦꢸ ꢦ꣄ꢬꢱꢵꢬ꣄,telecasting
ꢭꢸꢔ꣄ꢙꢵꢥꢶ,spy
ꢔꢸꢦ꣄ꢡꢗꢵꢬꢶ,spy
ꢔꢸꢦ꣄ꢡꣁ,spy
ꢔꢸꢞꢵꢗꢵꢬꢶ,spy
ꢒꢸꢣ꣄ꢮꣁ,mortgage
ꢗꢖ꣄ꢔꢪ꣄,union
ꢮꢵꢒ꣄,vote
ꢪꢡꢣꢵꢥ꣄,vote
ꢮꢵꢔ꣄ꢣꢵꢥ꣄,vote
ꢮꢵꢒ꣄ ꢨꢵꢡ꣄ꢫꣁ,franchise
ꢮꢶꢱ꣄ꢬꢵꢥ꣄ꢡꢶ,retiring
ꢮꢶꢬꢡꢶ,retiring
ꢒꢒ꣄ꢰꢶ,party
ꢱꢸꢭ꣄ꢒꢪ꣄,fare
ꢣꢬꣁ,fare
ꢪꣂꢭ꣄,fare
ꢒꢾꢜ꣄ꢜꣁ,bundle
ꢥꢶꢫꢪꣁ,con trol
ꢙꢭ ꢱꢿꢥꣁ,naval force
ꢬꢷꢠ꣄,debt
ꢬꢷꢠꢸꢩꢵꢬ꣄,liabilities
ꢱꢾꢮ꣄ꢒꢥ꣄,peon
ꢔꢮꢸꢛ꣄ꢙꢶ ꢔꢮꢸꢛ꣄ꢙꢸꢥꢵꢬ꣄,supervision
ꢥꢶꢬꢷꢰꢠꣁ,supervision
ꢭꢴꢾꢒꢒꣀꢡ꣄,accountant
ꢭꢴꢾꢒ꣄ꢒꣁ ꢲꢾꢞ꣄ꢠꢶ,enumeration
ꢔꢠꢥꣁ,enumeration
ꢔꢠꢶꢠꢶ,computer
ꢲꢷꢱꢸꢥꢿꢭ꣄,computer
ꢭꢴꢾꢒ꣄ꢒꢥꢶ,computer
ꢨꢥ꣄ꢤꢸ,"bandh, lock-out"
ꢂꢩꢶꢦ꣄ꢬꢵꢫ,"opinion, idea"
ꢇꢲꣁ,assumption
ꢇꢲꢥꣁ,assumption
ꢭꢴꢾꢒ꣄ꢒꢵꢮ꣄,calculator
ꢦꣁꢒ꣄ꢒꢶꢰꢪ꣄,treasury
ꢮꢶꢡ꣄ꢡꢒꣂꢰ꣄,treasury
ꢮꢶꢣ꣄ꢫꢵ ꢪꢥ꣄ꢡ꣄ꢬꢶ,education minister
ꢮꢶꢣ꣄ꢫꢵ ꢮꢶꢩꢵꢔ꣄,education department
ꢪꢶꢱ꣄ꢬꢠꣁ,adulteration
ꢪꢶꢱ꣄ꢡ ꢙꢵꢡ꣄,"cross-breed, hybrid"
ꢆꢣꢵꢱꢷꢥ꣄,negligence
ꢆꢦꢾꢒ꣄ꢰꣁ,negligence
ꢱꢩꣁ,association
ꢱꢪ꣄ꢱ꣄ꢢꢵꢥ꣄,association
ꢩꢶꢞ꣄ꢠꢶ,discount
ꢤꢵꢡꢸ,ore
ꢓꢙꢵꢥꣁ,treasury
ꢲꢥ꣄ꢥꢮꢸ ꢦꢡꢡ꣄ꢬ꣄,cheque
ꢬꢰꢠꢒꢬ꣄ꢥꢶ,insulation
ꢬꢰꢠ ꢩꢬ꣄ꢡꢶ,insurance
ꢪꢸꢱꢶꢥꢶ,termina tion
ꢦꣁꢭꢶꢱ꣄ꢥꢶꢬꢷꢒ꣄ꢱꢒꣁ,police inspector
ꢢꢵꢠꢵ ꢥꢶꢬꢶꢒ꣄ꢰꢒꣁ,police inspector
ꢬꢴꢒ꣄ꢒꣀꢡ꣄,watchman
ꢬꢴꢒ꣄ꢒꢸꢮꢵꢥ꣄,watchman
ꢢꢵꢠꢵꢮꢶꢩꢵꢒ꣄,police department
ꢢꢠꢫ꣄ꢡꢸ,policeman
ꢒꢶꢞ꣄ꢞꢖ꣄ꢒꢶ,godown
ꢥꢴꢥꢦꣁꢬ꣄ꢱꢾ,hamlet
ꢥꢴꢥ꣄ꢔꢵꢪ꣄,hamlet
ꢥꢴꢥ꣄ ꢦꣁꢜ꣄ꢒ꣄ꢫꢵꢜ꣄,hamlet
ꢔꢠ ꢡꢥ꣄ꢡ꣄ꢬꢸ,"republic, democracy"
ꢔꢠ ꢬꢵꢙ꣄ꢫꢸ,"republic, democracy"
ꢦ꣄ꢬꢙꢵ ꢦ꣄ꢬꢩꢸꢡ꣄ꢮꣁ,"republic, democracy"
ꢙꢥꢵꢡꢶꢦꢡꢶ,president of the country
ꢦ꣄ꢬꢙꢵ ꢨꢵꢡ꣄ꢫꢸ,citizenship
ꢥꢵꢔꢬꢶꢒꢡꣁ,citizenship
ꢒꢸꢜꢸꢪ꣄ꢨ ꢥꢶꢬꣂꢡ꣄,family planning
ꢒꢸꢜꢸꢪ꣄ꢨ ꢒ꣄ꢰꢿꢪ ꢮꢶꢩꢵꢔ꣄,family welfare department
ꢏꢡ꣄ꢡꢶ,lease
ꢔꢸꢪ꣄ꢱ꣄ꢡꣁ,clerk
ꢔꢸꢪ꣄ꢦꢸ,group
ꢂꢦꢬꢵꢤ꣄,accusation
ꢘꢸꢒ꣄ꢕꢭ꣄ꢥꢶ,accusation
ꢂꢦꢬꢵꢤ꣄,"default, fault"
ꢗꢶꢥ꣄ꢲꢸꢥ꣄,signs
ꢔꢸꢬ꣄ꢡꢸꢥ꣄,signs
ꢱꢶꢥ꣄ꢡꢸꢱꢖ꣄ꢓ꣄ꢫꣁ,index number
ꢱꢶꢥ꣄ꢲꢸ,"index, code"
ꢔꢸꢬ꣄ꢡꢸ,"index, code"
ꢆꢥ꣄ꢥ ꢦꣁꢞꢾꢫꣁ,minimum
ꢆꢥ꣄ꢥ ꢦꢒ꣄ꢯꢸ,minimum
ꢦꢒ꣄ꢯ ꢎꢒ꣄ꢫꢡꣁ,front
ꢪꢹꢔꣁ,crowd
ꢔꢸꢪ꣄ꢦꢸꢪꢶꢳ꣄ꢥꢶ,crowd
ꢪꢶꢳ꣄꣄ꢠꢶ,crowd
ꢪꢔꢶꢥꢶ,demand
ꢓꢿꢭꢸ ꢒ꣄ꢬꢶꢫꣁ,entertainment
ꢪꢥꣂꢬꢛ꣄ꢙꢥ꣄,entertainment
ꢲꢵꢡꢸ ꣄ꢪꢔꣁ,handloom
ꢩꢥ꣄ꢣꢶ,prisoner
ꢡꢸꢰ꣄ ꢦ꣄ꢬꢫꣂꢔ꣄,misappropriation
ꢬꢷꢠꢸꢨꢥ꣄ꢣꢶ,bonded labour
ꢤꣁꢙ꣄,flag
ꢤꣁꢙ ꢱ꣄ꢢꢪ꣄ꢨꢸ,flag post
ꢭꢒ꣄ꢰ꣄ꢫꢸ,policy
ꢤ꣄ꢫꢿꢫꢸ,policy
ꢮꢶꢩꢵꢔ꣄,division
ꢣꢸꢬꢸꢔ꣄,fort
ꢥꢶꢫꢪꣁ,policy
ꢱꢶꢣ꣄ꢣꢵꢥ꣄ꢡꢸ,policy
ꢒꣂꢠ꣄,angle
ꢒꣁꢥꣁ,angle
ꢣ꣄ꢬꢸꢰ꣄ꢜꢶꢒꣂꢠ꣄,angle
ꢦꣁꢪꢜ꣄,file
ꢪꢒꢶꢥꢶ,"demand, requisition"
ꢒꣁꢬꢶ,"demand, requisition"
ꢮꢬ꣄ꢔꢸ,group
ꢔꣂꢰ꣄ꢜꢶ,group
ꢗꢒ꣄ꢬꢮꢬ꣄ꢡ꣄ꢡꢶ,emperor
ꢩꣀ-ꢩꢾꢫ꣄ꢥꢥꢸꢦꢥ꣄,brotherhood
ꢱꢖ꣄ꢔꢪ꣄,association
ꢱꢖ꣄ꢕꣁ,association
ꢱꢜ꣄ꢜꢱꢩꣁ,legisla tive assembly
ꢮꢶꢤꢵꢥ꣄ ꢱꣃꢤꣁ,legisla tive assembly
ꢮꢶꢤꢵꢥꢸ ꢱꣃꢤꣁ,legisla tive assembly
ꢮꢶꢤꢵꢥ꣄ ꢱꢩꣁ,legisla tive assembly
ꢱꢵꢱꢥꢪꢬ꣄ꢗꢶꢥꢶ,amendment
ꢱꢵꢱꢥ ꢡꢶꢣ꣄ꢡꢸꢮꢳꢶꢶ,amendment
ꢱꢵꢱꢥ ꢱꢹꢤꢵꢬ꣄,amendment
ꢱꢵꢱꢥꣁ,"act, law"
ꢮꢶꢤꢵꢥ꣄,"act, law"
ꢱꢜ꣄ꢜꢱ꣄ꢩꣁ,le gislative assembly
ꢱꢡ꣄ꢫꢵꢔ꣄ꢬꢲꣁ,"satyagraha, protest"
ꢱꢾꢡ꣄ꢡꢬ꣄,choultry
ꢱꢡꢶ,conspiracy
ꢱꢩꢵꢥꢵꢫꢒꣁ,assembly speaker
ꢱꣁꢪ꣄ꢦꢸꢳꢵ ꢗꢾꢜ꣄ꢥꢶ,pay raise
ꢱꣁꢪ꣄ꢨꢸꢳꣁ,salary
ꢦꢔꢵꢬ꣄,salary
ꢱꢪꢵꢥꢸꢦꢥ꣄,equality
ꢱꢵꢪꢵꢣꢵꢥ꣄,peace
ꢱꢪꢸꢣꢵꢫ꣄,society
ꢱꢪꢹꢲꢸ,society
ꢱꢬ꣄ꢮꢵꢤꢶꢒꢵꢬ꣄,dictatorship
ꢱꢬ꣄ꢮꢵꢤꢶꢒꢵꢬꢶ,dictator
ꢬꢪꢵꢬꢪꢶ,average
ꢱꢾꢭ꣄ꢒꢾ,concession
ꢱꢲꢵꢮꢸ,concession
ꢱꢵꢤꢥꣁ,achievement
ꢆꢦꢭꢨ꣄ꢤꢶ,achievement
ꢭꢨꢶꢛ꣄ꢗꢶꢥꢶ,achievement
ꢱꢪ꣄ꢱ꣄ꢫꣁ,problem
ꢦ꣄ꢬꢱ꣄ꢥꣁ,problem
ꢆꢥ꣄ꢥꢮꢿꢱ꣄,"economy, thrift"
ꢱꣁꢜ꣄ꢜꢸ,"economy, thrift"
ꢮꢶꢒꢵꢬ꣄,decay
ꢥꢱꢶꢥꢪ꣄,decay
ꢱꢶꢡꢶꢭ꣄,decay
ꢱꢸꢨꢬ꣄ꢗꢶ,recommendation
ꢱꢶꢪ꣄ꢲꢵꢱꢥꣁ,throne
ꢱꢶꢪ꣄ꢲꢹ ꢃꢱꢥꣁ,throne
ꢂꢭ꣄ꢦ ꢱꢖ꣄ꢓꢫꣁ,minority
ꢥꢴꢥ꣄ꢥ ꢣꢵꢮꣁ,petty case
ꢒꢵꢬꢵꢔ꣄ꢬꢆ,"jail, prison"
ꢙꢾꢫꢶꢭ꣄,"jail, prison"
ꢪꢸꢣ꣄ꢬꣁ,symbol
ꢗꢶꢥ꣄ꢲꢸ,symbol
ꢮꢵꢒ꣄ꢒꢸꢗꢷꢜ꣄,ballot
ꢱꢸꢒꢬ꣄ꢠꢶ,reformation
ꢱꢸꢤꢵꢬ꣄,reformation
ꢱꢪꢬꢹꢦ ꢮꢱ꣄ꢡꢬ꣄,uniform
ꢱꢸꢭ꣄ꢒꢪ꣄,excise duty
ꢱꢸꢭ꣄ꢒꣁ,excise duty
ꢱꢸꢡꢥ꣄ꢣꢬꢸ,freedom
ꢣꢸꢰ꣄ꢦ꣄ꢬꢫꣁꢒ꣄,exploitation
ꢱꢖ꣄ꢒ꣄ꢯꢾꢦꢸ,abridgement
ꢩꢷꢡꢸꢬ꣄ ꢣꢾꢮ꣄ꢱꢶꢥꢶ,wall-poster
ꢗꢸꢜ꣄ꢜꢸꢬ꣄ ꢒꢳꢞ꣄ꢠꢶ,circular
ꢦꢬꢶꢦꢡ꣄ꢡꢬ꣄,circular
ꢪꢬꢵꢪꢡ꣄ꢡꢸ,repair
ꢱꢸꢤꢬꢠꣁ,repair
ꢗꢪ꣄ꢱ꣄ꢒꢬꢠꣁ,repair
ꢱꢹꢗꢥ ꢮꢶꢩꢵꢔ꣄,information department
ꢱꢪꢵꢗ꣄ꢗꢵꢬꢸ ꢮꢶꢩꢵꢔ꣄,information department
ꢱꢗꢶꢮꢵꢭꢫꣁ,secretariate
ꢒꢵꢬ꣄ꢫꢣꢬ꣄ꢱꢶ,secretary
ꢨ꣄ꢬꢩꢵꢮ꣄,influence
ꢮꢿꢱꢸꢥ꣄,items of expenditure
ꢮꢿꢱ,expenditure
ꢣꢾꢜ꣄ꢜꢸ,intensity
ꢒ꣄ꢯꢡꢶ,damage
ꢱꢿꢡꢵꢬꢪ꣄,spoilage
ꢆꢬꢵꢮ,savings
ꢱꢿꢥꢵꢤꢶꢦꢡꢶ,army chief
ꢱꢫ꣄ꢒꢥꣁ,signal
ꢱꢪꢶꢙ꣄ꢛꢸ,signal
ꢱꣁꢡ꣄ꢡꢸ,assets
ꢮꢶꢮꢵꢡ꣄,dispute
ꢡꢾꢔꢸꢬꢵꢭ꣄,dispute
ꢫꣂꢔ꣄ꢫꢡꣁ,"qualification, eligibility"
ꢭꢵꢔꢶꢡꣁ,"qualification, eligibility"
ꢜꢖ꣄ꢒꢠꢒꢬ꣄ꢡꣁ,typist
ꢪꢵꢬ꣄ꢔꢸ,route
ꢃꢞ꣄ꢞꢪꢸꢥ꣄,obstacles
ꢂꢞ꣄ꢞꢶꢥ꣄,obstacles
ꢨꢵꢤꢵꢥ꣄,obstacles
ꢣꢠ꣄ꢞꢠꣁ,"fine, penalty"
ꢣꢠ꣄ꢞꢠꣁ,punishment
ꢱꢾꢬ꣄ꢒꢬꢥꢶ,audit
ꢭꢾꢓ꣄ꢒꣁ,audit
ꢭꢴꢾꢒ꣄ꢒꢵ ꢥꢶꢬꢷꢒ꣄ꢰꢠꣁ,audit
ꢭꢴꢾꢒ꣄ꢒꢵ ꢱꣂꢤꢥꣁ,audit
ꢡꢾꢬꢒꢸ ꢲꢥ꣄ꢥꢮ꣄,brokerage
ꢦꢒꢰꢮꢵꢥꢸꢥ꣄,parties
ꢱ꣄ꢬꢿꢠꢶ,"grade, standard"
ꢆꢥ꣄ꢥꢡꢶ,"grade, standard"
ꢮꢶꢬ꣄ꢡꢵ ꢩꢸꢛꢶ,wasteland
ꢥꢶꢱ꣄ꢡ ꢩꢸꢄ~,wasteland
ꢣꢳꢦꢳꣁ,land army
ꢣꢳ ꢱꢾꢥꣁ,land army
ꢦꢣ ꢱꢿꢥꣁ,land army
ꢬꢵꢙꢤꢵꢥꢶ,capital city
ꢂꢔ꣄ꢬꢵꢱꢥꢸꢦꢥ꣄,leadership
ꢂꢔ꣄ꢬꢵꢱꢥꣁ,leadership
ꢂꢔ꣄ꢬꢵꢱꢥꢵꢤꢶꢦꢡꢶ,"leader, president"
ꢬꢶꢨꢾꢜ꣄,"discount, rebate"
ꢣꣁꢦ꣄ꢨꢶꢣꢾꢥꢶ,"discount, rebate"
ꢆꢥ꣄ꢥ ꢒꢾꢬ꣄ꢥꢶ,"discount, rebate"
ꢆꢦꢒꢬꢠꣁ,equipment
ꢱ꣄ꢮꢫ ꢂꢟꢶꢒꢵꢬ꣄,autonomy
ꢱ꣄ꢮꢗꢭ꣄ꢥꢶ,automation
ꢏꢠ꣄ꢜꢶꢫꢵꢳ꣄,individual
ꢏꢠ꣄ꢜꢮ꣄ꢫꢒ꣄ꢡꢶ,individual
ꢪꢵꢬ꣄,attack
ꢪꢵꢡ꣄ꢬꢸ ꢩꢵꢰꣁ,mother tongue
ꢫꣂꢙꢥꢵ ꢃꢫꣂꢔ꣄,planning commission
ꢫꣂꢙꢥꣁ,plan
ꢡꢶꢠ꣄ꢗꢶꢥꢶ,imposition
ꢂꢤꢶꢬꣂꢦꢠꣁ,imposition
ꢣꢶꢮꢵꢭ꣄,insolvent
ꢤꢶꢮꢵꢥ꣄,diwan
ꢆꢔ꣄ꢬꢮꢵꢡꢶ,extremist
ꢡꢶꢬ꣄ꢪꢵꢥ꣄,resolution
ꢥꢶꢬ꣄ꢠꢫꣁ,resolution
ꢡꢷꢬ꣄ꢮꣁ,duty
ꢆꢦꢬꢵꢰ꣄ꢜ꣄ꢬꢦꢡꢶ,vice-president
ꢆꢦꢮꢶꢢꢶ,by-law
ꢥꢶꢬ꣄ꢪꢭꢶꢒꢬꢠꣁ,sanitation
ꢱꢸꢣ꣄ꢤꢶ ꢦꢵꢭꢥꣁ,sanitation
ꢡꢵꢬꢸ ꢬꢾꢪ꣄,harbour
ꢥꢵꢮꢸꢬꢾꢪ꣄,harbour
ꢥꢮ꣄ꢒꢵ ꢬꢿꢪ꣄,harbour
ꢣꢸꢡꢥꢶꢮꢵꢱ꣄,embassy
ꢣꢹꢡꣁ,messenger
ꢦꢬꢶꢱꢸꢣ꣄ꢤꢶ,cleanliness
ꢥꢶꢳ꣄꣄ꢗꢶꢥꢶ,stagnation
ꢣꢾꢱꢩꢒ꣄ꢡꣁ,patriot
ꢣꢿꢱꢩꢒ꣄ꢡꢶ,patriotism
ꢬꢵꢰ꣄ꢜ꣄ꢬꢸ,nation
ꢣꢾꢱꢸ,nation
ꢬꢵꢰ꣄ꢜ꣄ꢬꢚꢠ꣄ꢞꢵꢮ꣄,National Flag
ꢬꢵꢰ꣄ꢜ꣄ꢬꢔꢵꢥꢪ꣄,National Anthem
ꢣꢾꢱꢸꢔꢷꢡ꣄,National Anthem
ꢬꢵꢰ꣄ꢜ꣄ꢬꢩꢵꢰꣁ,National Language
ꢗꢸꢥꢵꢮ꣄,election
ꢥꢶꢬ꣄ꢮꢵꢗꢥ꣄,election
ꢦꢙꢾꢥ꣄ꢡꣁ,need
ꢥꢶꢬ꣄ꢮꢵꢗꢥꢸ ꢩꢵꢔ꣄,constituency
ꢱꢖ꣄ꢒꢭꢥꢒꣁ,compiler
ꢮ꣄ꢫꢵꢱꢶꢒꢬ꣄ꢡꣁ,compiler
ꢱꢖ꣄ꢒꢭꢥꣁ,compilation
ꢮ꣄ꢫꢵꢱ꣄,compilation
ꢬꣁꢒ꣄ꢒꢪ꣄,amount
ꢤꢥꢬꢵꢯꢶ,amount
ꢱꢾꢮ꣄ꢒꢥ꣄,volunteer
ꢣꢹꢬ ꣄ꢭꢶꢓ꣄ꢥꢶ,telegram
ꢒꢵꢬ꣄ꢫꣁ,labour
ꢒꢵꢪ꣄,labour
ꢒꢵꢬ꣄ꢫꢮꢵꢥ꣄,labourer
ꢒꢵꢪ꣄ꢒꢾꢬ꣄ꢡꣁ,labourer
ꢒꢵꢬ꣄ꢫꢱ꣄ꢢꣁ,labourer
ꢒꢵꢪꢸ ꢦꣁꢜ꣄ꢜꢾꢜ꣄,industrial estate
ꢒꢵꢬ꣄ꢫꢕꢥꣁ,industrial estate
ꢆꢣ꣄ꢣꢾꢱ꣄,approximation
ꢱꢵꢪꢷꢦ꣄ꢫꢡꣁ,approximation
ꢆꢥ꣄ꢥ ꢆꢦꢶꢬ꣄,approximation
ꢱꢶꢖ꣄ꢔꣀꢡ꣄,comrade
ꢱꢾꢖ꣄ꢔꢡꢶ,comrade
ꢱꢲꢮꢵꢱꢶ,comrade
ꢱꢾꢖ꣄ꢔꢮꢶ,comrade
ꢥꢔꢬꢱꢩꣁ,municipality
ꢔ꣄ꢬꢵꢪ ꢱꢖ꣄ꢕꣁ,municipality
ꢥꢔꢬ ꢦꢵꢭꢶꢒꣁ,municipality
ꢗꢵꢭ꣄ꢗꢭꢥ꣄,movement
ꢒ꣄ꢬꢶꢫꢵꢒ꣄ꢬꢪꣁ,action
ꢪꢤ꣄ꢫ ꢱꢬ꣄ꢒꢵꢬ꣄,Central Government
ꢆꢭꢵꢱꢸꢮꢵꢜ꣄,pavement
ꢗꢭꢥ꣄ꢮꢵꢜ꣄,pavement
ꢥꢾꢰ꣄ꢜꢶ ꢥꢶꢮꢵꢬꢠꣁ,compensation
ꢥꢵꢔ꣄ꢬꢷꢔ꣄,civilization
ꢱꢪ꣄ꢱ꣄ꢒ꣄ꢬꢸꢡꢶ,civilization
ꢣꢶꢥ꣄ꢥꢸ ꢱꣁꢪ꣄ꢨꢸꢳꣁ,daily wage
ꢔ꣄ꢬꢵꢪ꣄ꢫꢙꢵꢡ꣄,local race
ꢱ꣄ꢢꢭꢷꢫꢙꢵꢡ꣄,local race
ꢬꢵꢰ꣄ꢜ꣄ꢬ ꢚꢠ꣄ꢞꢮ꣄,National Flag
ꢣꢾꢱꢸ ꢚꢠ꣄ꢞꢵꢮ꣄,National Flag
ꢬꢵꢰ꣄ꢜ꣄ꢬꢔꢷꢜ꣄,National Anthem
ꢣꢾꢱꢸꢔꢷꢜ꣄,National Anthem
ꢬꢵꢰ꣄ꢜ꣄ꢬ ꢩꢒ꣄ꢡꢶ,patriotism
ꢣꢾꢱꢸꢩꢒ꣄ꢡꢶ,patriotism
ꢥꢵꢔꢬꢷꢒꢡꣁ,citizenship / nationality
ꢣꢾꢱꢶꢫꢡꣁ,citizenship / nationality
ꢭꣂꢒ꣄ ꢱꢩꣁ,parliament
ꢬꢵꢰ꣄ꢜ꣄ꢬꢸ,country
ꢣꢾꢱ꣄,country
ꢒꢵꢬ꣄ꢫ ꢗꢵꢭꢥꣁ,event
ꢮꣀꢩꢮ꣄,event
ꢒꢵꢬ꣄ꢫꢒ꣄ꢬꢪꣁ,"agenda, programme"
ꢲꢥ꣄ꢥꢮꢸ,fund
ꢥꢶꢕꢶ,fund
ꢥꢶꢡꢶ ꢮꢶꢩꢵꢔ,finance department
ꢥꢶꢦꢥ꣄ꢣꢥꣁ,condition
ꢥꢶꢬ꣄ꢮꢵꢲ꣄,administration
ꢒ꣄ꢬꢪꣁ,series/sequence
ꢥꢶꢬꢸꢦꢠꣁ,proof
ꢦ꣄ꢬꢪꢵꢠ꣄,proof
ꢬꢹꢙꢸ,proof
ꢱ꣄ꢬꢿꢠꢶ,range
ꢢꢵꢪꢸ ꢒꢬꣁ,land tax
ꢱ꣄ꢢꢵꢦꢥꣁ,institute
ꢫꣂꢒ꣄ꢫꢡꣁ,merit
ꢥꢷꢡꢶꢦꢡꢶ,judge
ꢥꢶꢫꢵꢫꢵꢤꢶꢦꢡꢶ,judge
ꢥꢷꢡꢶꢱ꣄ꢢꢭ꣄,court
ꢆꢦꢫꣂꢔꢸ ꢮꢱ꣄ꢡꢸꢥ꣄,consumer`s goods
ꢥꢸꢔꢥ꣄ ꢮꢱ꣄ꢡꢸꢥ꣄,consumer`s goods
ꢆꢦꢫꣂꢔ,consumption
ꢥꢸꢔꢶꢥꢶ,consumption
ꢡꢸꢬ꣄ꢥꢶ,entry
ꢦ꣄ꢬꢾꢮ꣄ꢯ꣄,entry
ꢄꢬ꣄ꢒꢜ꣄,crisis
ꢱꢖ꣄ꢔꢜ꣄,crisis
ꢮꢔꣁ ꢦꢬꢶ ꢱꣂꢣꢥꣁ,analysis
ꢱꢲꢫꣁꢔ꣄,contribution
ꢮꢜꣁ,share
ꢣꢸꢔꢵꢳꢸ ꢲꢥ꣄ꢥꢮ꣄,dearness allowance
ꢣꢸꢔꢵꢳꢸ ꢩꢬ꣄ꢡꣁ,dearness allowance
ꢣꢸꢔꢵꢳ꣄꣄,famine
ꢱꢿꢥꣁ,army
ꢦꢳꣁ,army
ꢨꢶꢭ꣄,bill
ꢬꢱꢷꢡꢸ,bill
ꢙꢵꢦꢶꢡꣁ,list
ꢙꢦ꣄ꢡꣁ,list
ꢱꢪ꣄ꢩꢮꢥꣁ,allowance
ꢲꢥꢶ,"attack, aggression"
ꢚꢾꢞꢵ ꢂꢫ꣄ꢣꢸ,arms
ꢱꢿꢥꢵ ꢣꢳꢮꢵꢞꢸꢥ꣄,arms
ꢱꢿꢥꢵꢦꢡꢶ,army chief
ꢣꢭꢒꢬ꣄ꢡꣁ,army chief
ꢣꢿꢥꢵ ꢣꢳ꣄,regiment
ꢦꢣꢵꢬ꣄ꢢꢸꢥ꣄,commodity
ꢩꣁꢠ꣄ꢠꢪꢸꢥ꣄,commodity
ꢒꢭꢵꢗꢵꢬ꣄,culture
ꢱꢪ꣄ꢱ꣄ꢒ꣄ꢬꢸꢡꢶ,culture
ꢆꢣ꣄ꢫꣂꢔ꣄,profession
ꢒꢵꢪ꣄ ꢲꢾꢞ꣄ꢠꢶ,dismissal
ꢒꢪ ꣄ꢪꢬ꣄ꢗꢶꢥꢶ,transfer
ꢒꢵꢪꢸ ꢙꢿꢰ꣄ꢜꢦꢥ꣄,seniority
ꢒꢵꢬ꣄ꢫꢵꢮꢵꢥ꣄,employees
ꢦꢣꢮꢶ,"position, job"
ꢦꢣꢮꢶ ꢲꢸꢡ꣄ꢬꢵꢮ꣄,demotion
ꢦꢣꢮꢶ ꢲꢶꢖ꣄ꢔꢵꢮ꣄,promotion
ꢦꢣꢮꢶꢓꢳ꣄ꢳꢶꢥꢶ,sworn in
ꢦꢣꢮꢶ ꢒꢵꢭ,tenure
ꢚꢜ꣄ꢢꢶ,editor
ꢏꢣ꣄ꢣꢶ,editor
ꢥꢶꢪ꣄ꢦꢶꢥꢶ,edition
ꢱꢪ꣄ꢱ꣄ꢒꢬꢠꣁ,edition
ꢥꢶꢪ꣄ꢦꢶꢥꢶ ꢨꢵꢤ꣄ꢫꢡꣁ,copy right
ꢩꢬ꣄ꢡꢶ,substitute
ꢨꣁꢣꢸꢭ꣄,substitute
ꢦꢛ꣄ꢗꢶꢒꣁ,registration
ꢥꢶꢬ꣄ꢣꢿꢱꣁ,registration
ꢦꢛ꣄ꢗꢶꢒꣁ ꢦꢡ꣄ꢡꢬ꣄,register
ꢱꢾꢡ꣄ꢡꢬ꣄,travellers bungalow
ꢩꣁꢔꢸꢥꢵꢬ꣄,beneficiary
ꢱꢶꢒ꣄ꢰꢵ ꢪꢵꢣ꣄ꢫꣁ,medium of education
ꢦꢬꢶꢦꢵꢭꢥꣁ,maintenance
ꢦꢬꢶꢱꢷꢭꢥꣁ,consideration
ꢱꢸꢦꢬ꣄ꢗꢶ,recommendation
ꢦꢬꢶꢮꢬ꣄ꢡꢥꣁ,exchange
ꢥꢶꢤꢶ ꢆꢥ꣄ꢥꣁ,"shortage, deficit"
ꢧꢸꢬꣁ ꢧꢸꢬ꣄ꢥꢵꢱ꣄ꢡꢾ,"shortage, deficit"
ꢦꢬ꣄ꢬꢸ,debit
ꢙꢥꢶ,debit
ꢂꢦꢲꢬꢠꣁ,seize
ꢦꢥꢶ ꢱꢶꢛ꣄ꢗꢵꢮ꣄,irrigation
ꢬꢒ꣄ꢰꢥꣁ,defence
ꢭꣂꢒ꣄ꢱꢩꣁ,parliament
ꢣꢹꢡ꣄ ꢆꢡ꣄ꢦꢵꢣꢥꢱꢵꢭꣁ,dairy
ꢗꢸꢥꢵꢮꢸ ꢦ꣄ꢬꢗꢵꢬ꣄,election campaign
ꢙꢪꢷꢥ,surety
ꢩꢬ꣄ꢡꢶ,bail
ꢦ꣄ꢬꢤꢵꢥ꣄ ꢪꢥ꣄ꢡꢶꢬꢶ,prime minister
ꢨꣁꢣꢸꢭ꣄ ꢮꢵꢡꢶ,representative
ꢦ꣄ꢬꢡꢿꢱꢸ,territory
ꢦ꣄ꢬꢩꢸ,lord
ꢦ꣄ꢬꢙꣁ,citizen
ꢮꢶꢩꢵꢔ,cell
ꢂꢥꢸꢨꢥ꣄ꢤꢸ,appendix
ꢦꢱ꣄ꢒꢜ꣄ꢮꢬ꣄ꢔꢸ ꢱꢪꢹꢲꢸ,backward class people
ꢦꢱ꣄ꢒꢜ꣄ ꢦꣁꢞꢾ ꢱꢪꢹꢲꢸ,backward class people
ꢙꢥ꣄ꢪꢵꢥ꣄ꢣꢬꢪꢸ,birth rate
ꢦꢱ꣄ꢒꢞꢸꢱꢪꢹꢲꢸ,back ward
ꢦꢸꢒꢵꢬ꣄,complaint
ꢂꢩꢶꢫꣂꢔ,complaint
ꢥꣁꢮ꣄ꢮꢒꢬꢠꣁ,renewal
ꢥꣁꢮ꣄ꢮꢒꢾꢬ꣄ꢥꢶ,renewal
ꢒ꣄ꢬꢵꢥ꣄ꢡꢶ,revolution
ꢮꢣꢥ꣄ꢡꢶ,rumour
ꢮꢶꢗꢵꢬꢠꣁ,investigation
ꢂꢥ꣄ꢮꢿꢱꢥꣁ,investigation
ꢱꢬ꣄ꢒꢵꢬꢸ ꢢꢵꢪ꣄,government land
ꢮꢶꢱ꣄ꢡꢵꢬ꣄,amplifier
ꢮꢶꢭꢵꢱ꣄,amplifier
ꢨꢲꢸ ꢱꢖ꣄ꢓ꣄ꢫꢡꣁ,majority
ꢂꢤꢶꢒꢡꣁ,maximum
ꢆꢦꢶꢬ꣄,maximum
ꢬꢵꢙꢵꢤꢶꢬꢙꣁ,emperor
ꢪꢴꢵꢬꢵꢜ꣄,emperor
ꢱꢵꢪ꣄ꢬꢵꢜ꣄,emperor
ꢗꢒ꣄ꢬꢮꢬ꣄ꢡꢶ,emperor
ꢭꢵꢪ꣄ꢬꢵꢙ꣄ꢫꢸ,empire
ꢱꢵꢪ꣄ꢬꢵꢙ꣄ꢫꢸ,empire
ꢪꢲꢵ ꢱꢩꣁ,general body
ꢥꢔꢬꢦꢵꢭꢶꢒꣁ,municipality
ꢭꢾꢞ꣄ꢙꢬ꣄,ledger
ꢮ꣄ꢫꢒ꣄ꢡꢶ ꢭꢴꢾꢒ꣄ꢒꢵ ꢦꢸꢱ꣄ꢡꢮ꣄,ledger
ꢦꢾꢬꢿꢜ꣄,ledger
ꢱꢵꢤꢵꢬꢥꢱꢩꣁ,public meeting
ꢱꢵꢬ꣄ꢮꢙꢥꢶꢒ꣄ ꢱꢩꣁ,public meeting
ꢱꢵꢬ꣄ꢮꢙꢥꢶꢒ꣄ ꢮꢶꢩꢵꢔ꣄,public sector
ꢭꣁꢒ ꢮꢶꢩꢵꢔ꣄,public sector
ꢭꣂꢒ ꢔ꣄ꢬꢥ꣄ꢢꢵꢭꢫꣁ,public library
ꢱꢵꢤꢵꢬꢠ ꢮꢶꢬꢵꢪ꣄,public holiday
ꢃꢬ꣄ꢢꢶꢒ ꢱ꣄ꢢꢶꢡꢶ,economy
ꢒꢵꢬ꣄ꢫꢩꢵꢬ꣄,incharge
ꢙꢥꢶ,trend
ꢦ꣄ꢬꢮꢬ꣄ꢡꢶ,trend
ꢱ꣄ꢦꢬ꣄ꢤꢥ꣄,competition
ꢫꢸꢣ꣄ꢤꢸ,war
ꢃꢬ꣄ꢩꢵꢜꣁ,agitation
ꢃꢬ꣄ꢩꢵꢜꣁ ꢒꢾꢬ꣄ꢥꢵꢬ꣄,fighter
ꢫꣁꢣ꣄ꢤꢸ,fighter
ꢙꢥ ꢱꢖ꣄ꢓ꣄ꢫꣁ,population
ꢪꢤ꣄ꢫꢱꢬ꣄ꢒꢵꢬ꣄,Central Government
ꢒꢿꢥ꣄ꢣ꣄ꢬ ꢱꢬ꣄ꢒꢵꢬ꣄,Central Government
ꢃꢒꢭꢥꣁ,"estimate, assessment"
ꢪꢹꢭ꣄ꢫ ꢥꢶꢬ꣄ꢤꢵꢬꢠꣁ,value
ꢦꢬꢶꢱ꣄ꢬꢵꢪ ꢱꢸꢭ꣄ꢒꣁ,honorarium
ꢱꢪ꣄ꢩꢵꢮꢥꣁ,honorarium
ꢪꢤꢸ ꢥꢶꢬꣁꢤꢥꣁ,prohibition
ꢱꢗꢶꢮꣁ,minister
ꢥꢴꢵꢪꢾꢥ꣄ꢥꢶ,denial
ꢦꢸꢥꢬ꣄ꢧꢸꢭꢥꣁ,renaissance
ꢦꢸꢥꢬ꣄ ꢙꢷꢮꢥꣁ,rehabilitation
ꢬꢵꢜ,king
ꢦꢶꢬꢵꢬ꣄ꢢꢥꢵ ꢦꢡ꣄ꢬꢸ,application
ꢒꣁꢬꢶ ꢦꢡ꣄ꢬꢸ,application
ꢪꢲꢵ ꢥꢔꢬꢦꢵꢭꢶꢒꣁ,corporation
ꢱꢪ꣄ꢪꢿꢭꢥꣁ,conferance
ꢬꢵꢙ꣄ꢫ ꢱꢬ꣄ꢒꢵꢬ꣄,state government
ꢦ꣄ꢬꢵꢥ꣄ꢡꢸ,state
ꢱꢵꢪ꣄ꢬꢵꢜ,emperor
ꢱꢵꢪ꣄ꢫꢮꢵꢣ꣄,Marxism
ꢙꢶꢭ꣄ꢭꣁ,district
ꢪꢵꢥ꣄ꢫꢪ꣄,grant
ꢦꢸꢥꢬ꣄ ꢦ꣄ꢬꢵꢦ꣄ꢡꢶ,recovery
ꢒꢮ꣄ꢥꢶ,balance
ꢆꢬꢵꢮ꣄,balance
ꢒꣁꢮ꣄ ꢣꢵꢫꣁ,balance
ꢱꢿꢱ꣄,balance
ꢦ꣄ꢬꢡꢶꢥꢶꢜꢶ,agent
ꢱꢵꢪ꣄ꢬꢵꢜꢸ ꢦꢵꢭꢥꣁ,monarchy
ꢪꢸꢣ꣄ꢬꣁ,"seal, stamp"
ꢪꢹꢭꢸꢤꢥ꣄,capital
ꢪꢸꢒ꣄ꢫ ꢪꢥ꣄ꢡꢶꢬꢶ,chief minister
ꢪꢹꢭꢤꢥꢮꢵꢥ꣄,capitalists
ꢤꢥꢮꢵꢥꢸꢦꢥ꣄,capitalism
ꢦꢸꢥꢬ꣄ ꢮꢶꢗꢵꢬ ꢦ꣄ꢬꢵꢬ꣄ꢡꢥꣁ,appeal
ꢦ꣄ꢬꢵꢒ꣄ꢦ꣄ꢬꢡꢶ,advance copy
ꢦꢹꢬ꣄ꢮꢵꢥꢸꢪꢵꢥ꣄,forecast
ꢧꣀꢭ ꢨꢵꢡ꣄ꢫꢡꣁ,priority
ꢂꢩꢶꢮꢶꢬꢸꢣ꣄ꢤꢶ,progress
ꢪꢹꢭꢮꢱ꣄ꢡꢸ,raw material
ꢃꢖ꣄ꢔꢬꢒ꣄ꢯꢒꣁ,body guard
ꢪꢶꢜ꣄ꢜꣁ,stage
ꢪꢛ꣄ꢗꢸ,stage
ꢮꢿꢣꢶꢒꣁ,stage
ꢂꢩꢶꢮ꣄ꢬꢸꢣ꣄ꢤꢶ,development
ꢪꢿꢜꢶꢥꢸ ꢮꢶꢤꢵꢥ꣄ ꢱꢩꣁ,legislative council
ꢆꢛ꣄ꢗ ꢂꢤꢶꢒꢵꢬꢶ,superior officer
ꢥꢶꢬ꣄ꢮꢵꢲ꣄,management
ꢥꢶꢫꢥ꣄ꢡ꣄ꢬꣁ,management
ꢦ꣄ꢬꢨꢥ꣄ꢤꢒꣁ,manager
ꢪꢾꢜꢸ ꢥꢶꢮꢵꢲꢶ,manager
ꢆꢗ꣄ꢗ ꢂꢙ꣄ꢛꢵꢒꢵꢬ꣄,high command
ꢆꢣ꣄ꢤꢬꢠꣁ,quotation
ꢆꢭ꣄ꢭꢾꢲꢥꣁ,quotation
ꢂꢮꢡꢵꢬꢠꣁ,quotation
ꢂꢮꢡꢵꢬꢶꢡ ꢮꢵꢒ꣄ꢫꢸ,quotation
ꢡꢣꢾꢮ,ditto
ꢪꢤ꣄꣄ꢫ ꢱꢬ꣄ꢒꢵꢬ꣄,Central Government
ꢂꢥꢸꢮꢵꢣꢒꣁ,translator
ꢡꢬ꣄ꢙꢪꣁ ꢒꢾꢬ꣄ꢥꢵꢬ꣄,translator
ꢚꢾꢞꣁ,war
ꢪꢵꢬ꣄,war
ꢬꢵꢠꢶ,queen
ꢦꢭꣁ,army
ꢬꢵꢙ ꢣꢸꢬꣂꢲꢶ,traitor
ꢬꢵꢙꢫ ꢱꢩꣁ,upper house of the Parliament
ꢪꢾꢜꢸ ꢱꢩꣁ,upper house of the Parliament
ꢬꢙꢶꢥꢪꣁ,resignation
ꢬꢵꢰ꣄ꢜ꣄ꢬꢦꢡꢶ,president of the country
ꢪꢵꢪꢹꢭ꣄,bribe
ꢭꢾꢛ꣄ꢗꢪ꣄,bribe
ꢭꣁꢒ꣄ ꢱꢩꣁ,parliament
ꢮꢶꢡ꣄ꢡꢒꣁꢰ꣄,bank
ꢲꢥ꣄ꢥꢮꢸ ꢱꢖ꣄ꢒ꣄ꢬꢲꢥꣁ,collection
ꢮꢱꢸꢭ꣄,collection
ꢡꢵꢭꢹꢒꢵ,taluk
ꢣꢵꢱꢶꢭ꣄ꢣꢵꢬ꣄,tahsildar
ꢦꢶꢬꢵꢥ꣄ꢡ꣄ꢫꢸ,region
ꢦꢶꢬꢵꢥ꣄ꢡꢶꢫ ꢩꢵꢰꣁ,regional language
ꢩꢶꢫꢵꢬ꣄,trade
ꢮꢵꢠꢶꢙ꣄ꢫꣁ,trade
ꢩꢶꢫꢵꢬꢸ ꢮꢶꢡ꣄ꢡ ꢒꣁꢰ꣄,commercial bank
ꢮꢠꢶꢒ ꢮꢶꢡ꣄ꢡ ꢒꣁꢰ꣄,commercial bank
ꢩꢶꢫꢵꢬꢸ ꢱꢸꢭ꣄ꢒꣁ,commercial tax
ꢮꢠꢶꢒ ꢱꢸꢭ꣄ꢒꣁ,commercial tax
ꢒꢶꢪ꣄ꢮꢣꢥ꣄ꢡꢶ,rumour
ꢙꢥꢱ꣄ꢬꢸꢡꢶ,rumour
ꢩ꣄ꢫꢵꢬ꣄,trade
ꢂꢮ꣄ꢥꢶ,credit
ꢡꣂꢬꢠ꣄,rank
ꢒ꣄ꢬꢪꣁ,rank
ꢱ꣄ꢬꢿꢠꢶ,rank
ꢱꢸꢭ꣄ꢒꢥꢶꢬ꣄ꢠꢫꢸ,taxation
ꢆꢗ꣄ꢭꢵꢮ꣄,income
ꢙꣁꢞꢸꢪ꣄ꢨꢸꢭ꣄,income
ꢆꢗ꣄ꢭꢵꢮꢸ ꢱꢸꢭ꣄ꢒꣁ,income tax
ꢆꢗ꣄ꢭꢵꢮꢸ ꢒꢬꣁ,income tax
ꢬꢵꢙ꣄ꢫ ꢃꢣꢵꢫꢸ,revenue
ꢥ꣄ꢫꢥ꣄ꢡ꣄ꢬꢠꣁ,restrictions
ꢦ꣄ꢬꢡꢶꢨꢥ꣄ꢤꢸ,restrictions
ꢮꢔꣁꢡꣁꢔꣁ,restrictions
ꢮꢶꢡ꣄ꢡ ꢭꢿꢓꢸ,draft
ꢦ꣄ꢬꢵꢒ꣄ ꢭꢾꢓꢥꣁ,draft
ꢥꢶꢦꢸꢠꣁ,expert
ꢙꣀꢥ ꢧꢶꢬ꣄ꢥꢶ,clockwise turn
ꢦ꣄ꢬꢣꢒ꣄ꢰꢥꣁ,clockwise turn
ꢮꢒ꣄ꢒꢷꢭ꣄,lawyer
ꢬꢹꢟꢶ,usage
ꢪꢵꢬ꣄ꢒꢣꢬ꣄ꢱꢶ,guide
ꢮꢵꢜ꣄ ꢣꢾꢒ꣄ꢒꢞ꣄ꢠꢵꢬ꣄,guide
ꢒꢾꢬꢥ꣄ꢮꢵꢜ꣄,process
ꢡꢸꢔꢵꢳ꣄,drought
ꢣꢬꢶꢣ꣄ꢬꢡꣁ,poverty
ꢣꢾꢭ꣄ꢞꢶꢬꢶꢦꢥ꣄,poverty
ꢆꢔ꣄ꢬꢦꢥ꣄,violence
ꢮꢵꢒ꣄ ꢣꢾꢥꢵꢬ꣄,voter
ꢪꢡꢣꢵꢡꣁ,voter
ꢮꣂꢜ꣄,vote
ꢮꢵꢒꢸ ꢦꢡ꣄ꢬꢸ,ballot paper
ꢨꢜ꣄ꢒꢾ,house rent
ꢮꢵꢡꢶ,plaintiff
ꢮꢵꢬ꣄ꢱꢸ,heir
ꢆꢡ꣄ꢬꢵꢤꢶꢒꢵꢬꢶ,heir
ꢱꢪꢶꢡꢶ,board/ corporation
ꢂꢥꢸꢦꢵꢡ꣄,ratio
ꢸꢮꢶꢗꢵꢬꢠꣁ,enquiry
ꢱ꣄ꢮꢵꢡꢥ꣄ꢡ꣄ꢬꢸ,independence
ꢱꣁꢞ꣄ꢥꢶ,leave
ꢱꣁꢞ꣄ꢮꢵꢬ꣄,leave
ꢱꣂꢞꢶ,holiday
ꢮꢶꢦꢡ꣄ꢡꢸ,accident
ꢮꢵꢫꢸꢱꢾꢥꣁ,air force
ꢧꢵꢞ꣄,crack
ꢨꢶꢭ꣄ꢭꣁ,badge
ꢪꣁꢭꢸ ꢙꢦ꣄ꢡꣁ,price index
ꢪꣁꢭꢸ ꢂꢜ꣄ꢜꢮꢥꣁ,price index
ꢮꢶꢮꢵꢣ꣄,"discussion, debate"
ꢮꢵꢔ꣄ꢮꢶꢮꢵꢣ꣄,"discussion, debate"
ꢆꢡ꣄ꢱꢮ꣄,function
ꢮꣀꢩꢮ꣄,function
ꢦ꣄ꢬꢡꢶꢯꢡ꣄,percent
ꢦ꣄ꢬꢡꢶꢯꣁꢡꢸ,percent
ꢮꢶꢙ꣄ꢛꢵꢦꢥꣁ,advertisement
ꢦ꣄ꢬꢒꢵꢬꢰꢥꣁ,advertisement
ꢮꢶꢒ꣄ꢒꢶꢥꢶ ꢒꢬꣁ,sales tax
ꢣꢬꣁ,rate
ꢂꢩꢾꢒ꣄ꢯꢒꣁ,candidate
ꢂꢩꢾꢒ꣄ꢰꢸ,candidature
ꢒꢵꢪ꣄ ꢲꢶꢨ꣄ꢨꢜ꣄ꢠꢶ,strike
ꢒ꣄ꢬꢸꢰꢶ,agriculture
ꢮꢶꢥ꣄ꢫꢵꢱ꣄,fixed deposit
ꢭꣁꢒ ꢡꢥ꣄ꢡ꣄ꢬꢸ,democracy
ꢦ꣄ꢬꢙꢵ ꢡꢥ꣄ꢡ꣄ꢬꢸ,democracy
ꢙꢥ ꢡꢥ꣄ꢡ꣄ꢬꢸ,democracy
ꢙꢥꢵꢣꢶꢦꢡꢶ,president
ꢏꢥ꣄ꢥꣁ,beans
ꢂꢭ꣄ꢭꣁ,ginger
ꢤꢸꢬꢸꢳꢸ ꢪꢹꢳ꣄,potato
ꢮꢖ꣄ꢔꢶ,brinjal
ꢒꣀꢭꢒꢾꢱꢸꢬ꣄,vegetable
ꢩꢙ꣄ꢙꢶ,greens
ꢪꣁꢳ꣄꣄ꢒꢳ꣄꣄,ama ranthus
ꢤꢾꢫꢳꣁ,ama ranthus
ꢒꢵꢬꢜ꣄,carrot
ꢙꢶꢥ꣄ꢥꢮ꣄ꢬꢾ,cluster beans
ꢤꢥꢶꢫꣁ,coriander leaves
ꢱꢾꢒ꣄ꢒꢬ꣄ꢒꢾꢳꢖ꣄ꢔꢸ,sweet potato
ꢓꣁꢮ꣄ꢳꣁ,ash gourd
ꢩꣁꢮ꣄ꢳꣁ,bottle gourd
ꢱꢸꢬꢠ꣄,yam
ꢱꢿꢦꢪꢹꢳ꣄,colocasia
ꢡꢒ꣄ꢒꢵꢭꢶ,tomato
ꢗꣁꢮ꣄ꢳꣁ,cow pea
ꢂꢪ꣄ꢨ꣄ꢳꣁ,goose berry
ꢒꢗ꣄ꢗꢾ ꢪꢶꢬꢶꢒ꣄ꢒꣀꢭꣁ,green chilly
ꢦꢜ꣄ꢜꢵꢠꢶ,pea
ꢦꣁꢱ꣄ꢒꢵꢫ꣄,pumpkin
ꢒꢭ꣄ꢭꣁ,bitter gourd
ꢮꢣꢸꢥꢵ ꢩꢙ꣄ꢙꢶ,mint
ꢦꣁꢜ꣄ꢔꢸꢭꣁ,snake gourd
ꢒꢵꢭꢶꢧꢶꢳꢮꢬ꣄,cauliflower
ꢓꢾꢮ꣄ꢭꣁ,pum pkin
ꢭꣁꢱꢥ꣄,garlic
ꢒꣃꢭꢒꢾꢱꢸꢬ꣄,vegetable
ꢗꢾꢒ꣄ꢒꢬ꣄ ꢒꢶꢳꢖ꣄ꢔꢸ,tapioca
ꢃꢭ꣄ꢮꢳꢶꢒ꣄ ꢒꢶꢳꢖ꣄ꢒꢸꢮ꣄,tapioca
ꢒꢗ꣄ꢗꢪ꣄ꢨꣁ,mango
ꢪꢸꢜ꣄ꢜꣀꢒꣂꢱ꣄,cabbage
ꢱꢾꢮ꣄ꢒꢵ ꢒꣀꢭꣁ,drumstick
ꢪꢸꢳꣁ,raddish
ꢒꢗ꣄ꢗꢾꢒꢾꢳꣁ,unripe plantain
ꢩꢾꢠ꣄ꢞꢶꢒꣀꢭꣁ,lady`s finger
ꢂꢔꢱ꣄ꢡꢶꢬ꣄,lady`s finger
ꢮꢭ꣄ꢒꣁ,cucumber
ꢂꢪꢵꢱ꣄,new moon
ꢮꢬꢵ ꢒꢵꢭ꣄,autumn
ꢱꢨ꣄ꢣꢸ,sound
ꢦ꣄ꢬꢒꢵꢰ꣄,light
ꢮꢵꢡꢵꢮꢬꢥ꣄,weather
ꢮꢿꢳ꣄꣄,season
ꢒꢵꢭ꣄,season
ꢲꢶꢪꢸꢱ꣄,chill/coldness
ꢲꢶꢪ꣄ꢳꣁ,winter season
ꢲꢶꢪꢸꢱꢹ ꢒꢵꢭ꣄,winter season
ꢲꢹꢥꢸꢒꢵꢭ꣄,summer season
ꢔ꣄ꢬꢷꢰ꣄ꢪ ꢒꢵꢭ꣄,summer season
ꢲꢹꢥ꣄ꢥꣁ,heat
ꢱꢶꢳ꣄ꢳꣁ,cold
ꢯꢷꢡꢳ꣄,cold
ꢱꢷꢡꣂꢰ꣄ꢠꣁ,climate/weather
ꢪꢸꢒꢸꢭ꣄ ꢮꢬꣁ,southwind/ breeze
ꢬꢸꢡꢸ,season
ꢬꢸꢡꢸ ꢦꣁꢮ꣄ꢱ꣄,monsoon
ꢲꢶꢪꢸꢱ꣄ꢒꢵꢭ꣄,winter
ꢲꢸꢪꢳꣁ,winter
ꢦꢸꢠ꣄ꢠꢶꢪ꣄,full moon
ꢦꢹꢬ꣄ꢠꢶꢪꣁ,full moon
ꢮꢱꢥ꣄ꢡ ꢒꢵꢭ꣄,spring season
ꢮꢱꢥ꣄ꢡ ꢬꢸꢡꢸ,spring season
ꢏꢱ꣄ꢡꢵ ꢮꢬꣁ,northwind
ꢲꢸꢥ꣄ꢥꣁ,heat
ꢲꢹꢥꢸ ꢒꢵꢭ꣄,summer season
ꢔ꣄ꢬꢷꢰ꣄ꢪ ꢬꢸꢡꢸ,summer season
ꢂꢪ꣄ꢪꣁ,chickenpox
ꢓꢮ꣄ꢙꢵꢮ꣄,itching
ꢓꢵꢱ꣄,itching
ꢗꢶꢥꢲꢸ,sign
ꢧꢜꢶꢥꢶ,operation
ꢂꢙꢷꢬ꣄ꢥꢸ,indigestion
ꢱꣃꢒ꣄ꢫꢪ꣄,health
ꢂꢱ꣄ꢦꢡ꣄ꢡꢶꢬꢶ,hospital
ꢃꢱꢸ ꢩꢣ꣄ꢬꢶ,hospital
ꢓꣁꢮ꣄ꢭꣁ,cough
ꢱꢮ꣄ꢬꢶꢫꢪ꣄,health
ꢒꢾꢠ꣄ꢜꢵꢦꢷꢭ꣄,sprain
ꢄꢥ꣄ꢒꢶꢥꢶ,sprain
ꢩꢸꢬꢸꢩꢸꢬꢵꢭ꣄,itching
ꢦꢬꢸꢒꢾꢬ꣄ꢥꢶ,reaction
ꢙꢵꢳ꣄,burning
ꢲꢜ꣄ꢒꣁ ꢪꢸꢞꢶꢥꢶ,fracture
ꢲꣁꢥꢵꢱ꣄ꢡꢾ,allergy
ꢗꢾꢬ꣄ꢥꢵꢱ꣄ꢡꢾ,allergy
ꢤꢾꢬ꣄ꢥꢵꢱ꣄ꢡꢾ,allergy
ꢮꢪꢶ,vomitting
ꢏꢔꢬꢶ,vomitting
ꢮꢵꢥ꣄ꢣꢶ,vomitting
ꢬꢾꢔꢡ꣄ ꢔꢾꢳ꣄꣄ꢥꢶ,bleeding
ꢣꣁꢳꢵ ꢣꢸꢮ꣄ꢥꣁ,pink-eye
ꢔꢾꢬꢳ꣄,phlegm
ꢔꢬ꣄ꢩꢸ ꢲꢵꢥꢶ,abortion
ꢔꢬ꣄ꢩꢸ ꢥꢶꢬꣁꢣ꣄,contraception
ꢭꢮꢥ꣄ ꢲꣁꢔꢡ꣄,ointment
ꢱꢷꢥ꣄,fatigue
ꢲꢜ꣄ꢒꣂ ꢡꢶꢙꢫ꣄ꢥꢶ,tuberculosis
ꢒꢵꢥꢸ꣄ ꢣꢸꢮ꣄ꢥꣁ,ear ache
ꢒꢪꢵꢭ꣄,jaundice
ꢃꢖ꣄ꢔꢸ ꢲꢸꢥ꣄ꢥꣁ,fever
ꢡꢵꢦ꣄,fever
ꢦꢵꢄ~ ꢃꢠꢶ,corns
ꢒꢺꢪꢶ ꢥꢵꢱꢶꢥꢶ,anti septic
ꢦꢶꢱꣁ,lunacy
ꢂꢥ꣄ꢡ꣄ꢬꢵꢪꢸ ꢓꢙ꣄ꢙꢸ,ulcer
ꢮꢵꢪꢶ,nausea
ꢏꢔꢬꢶ,nausea
ꢔꣁꢳꢶ,"tablet, pill"
ꢦꢷꢦ꣄,puss
ꢦꣁꢜ꣄ꢱꢾ,cold
ꢱꢶꢒꢶꢡ꣄ꢱꣁ,treatment
ꢓꢙ꣄ꢙꢸ,scabies
ꢣꢾꢮꢶ,small pox
ꢪꢭꢦ꣄ꢬꢮꢵꢲꢪ꣄,dysentery
ꢦꢷꢦꢸ ꢔꢾꢞ꣄ꢞꣁ,abscess
ꢄꢠ꣄ꢒꢶꢥꢶ,sprain
ꢱꢾꢮꢒꢷ,nurse
ꢱꢸꢱ꣄ꢬꢸꢱꣁ ꢒꢾꢬ꣄ꢥꢵꢬ꣄,nurse
ꢓꢵꢱ꣄ꢦꣁꢜ꣄ꢜꢸ,scabies
ꢓꢵꢱ꣄ꢓꢙ꣄ꢙꢸ,scabies
ꢧꢸꢔ꣄ꢥꢶ,"hives, swelling"
ꢙꢵꢒ꣄ꢬꢡ ꢱꢶꢮꢶ ꢲꣁꢒꢡ꣄,preventive injections
ꢙꢵꢒ꣄ꢬꢡ ꢲꣁꢒꢡ꣄,vaccine
ꢣꣁꢱ꣄ꢒꢵ ꢣꢸꢮ꣄ꢥꣁ,headache
ꢱꢶꢔꢶꢬ꣄,sneezing
ꢱꢶꢔꢸꢬ꣄,sneezing
ꢱꢷꢒ꣄,sneezing
ꢱꢶꢮ꣄ꢥꢶ,suture
ꢡꢾꢫ꣄ꢭ꣄,medicated oil
ꢬꣁꢔ꣄ ꢦꢾꢬ꣄ꢦꢶꢥꢶ,infection
ꢤꢾꢭ꣄ꢥꢶ ꢮ꣄ꢫꢵꢤꢶ,contagious disease
ꢒꢾꢠ꣄ꢞꢵ ꢬꣂꢒ꣄,skin disease
ꢱꢾꢒ꣄ꢒꢬꢸ ꢒꣁꢳꢵꢬ꣄,diabetes
ꢮꢶꢫꢵꢣꢶꢱ꣄ꢢꢸ,patient
ꢬꣂꢔꢶ,patient
ꢬꣂꢔ꣄ ꢔ꣄ꢬꢱ꣄ꢡꢶ,patient
ꢣꢸꢮ꣄ꢥꣁ,pain
ꢦꢬ꣄ꢱ ꢮꢵꢫꢸ,paralysis
ꢦꢵꢬ꣄ꢱ꣄ꢮ ꢮꢵꢫꢸ,paralysis
ꢒꢶꢜꢵꢗꢸꢜ꣄ꢜꢸ,ring worm
ꢓꢵꢱ꣄,eczema
ꢪꣁꢞ꣄ꢪꢾ,pimple
ꢪꣁꢠ꣄ꢪꢾ,pimple
ꢣꢵꢣꢸ ꢣꢸꢮ꣄ꢥꣁ,tooth-ache
ꢣꢵꢣꢸ ꢦꣁꢭ꣄ꢭꢪ꣄,tooth cavity
ꢦꢾꢫ꣄ꢡ꣄ꢡꢸ,bile
ꢙꢬ꣄ꢒꢾꢪ꣄,delivery
ꢙꢬ꣄ꢒꢾꢪꢸꢣꢸꢮ꣄ꢥꣁ,labour pain
ꢦꢭ꣄ꢭꢶꢥꢶ ꢣꢸꢮ꣄ꢥꣁ,labour pain
ꢦ꣄ꢬꢱꢮ ꢮꢾꢣꢥꣁ,labour pain
ꢆꢦꢩꢵꢤꣁ,side effect
ꢆꢨꢵꢤꢒꣁ,side effect
ꢆꢦꢵꢤꣁ,side effect
ꢧꢭ꣄ꢗꢵ ꢨꢵꢤꣁ,side effect
ꢓꢙ꣄ꢙꢸ,"sore, wound"
ꢦꢶꢱꣁ,"lunacy, madness"
ꢗꢸꢠ꣄ꢜꢸꢭ꣄,dandruff
ꢭꢷꢒ꣄,"Perlice, louse"
ꢪꣁꢱ꣄ꢒꢭ꣄,morning sickness
ꢪꢾꢖ꣄ꢒꢶꢥꢶ,"drowsiness, fainting"
ꢮꣀꢣ꣄ꢫꢪ꣄,treatment
ꢮꢣ꣄ꢫ ꢯꢵꢭꣁ,hospital
ꢪꢭ ꢨꢥ꣄ꢤꢪ꣄,constipation
ꢪꣁꢥ꣄ꢥꢸ ꢒꣁꢳꢵꢬ꣄,"lunacy, hysteria"
ꢔꣁꢳꢶ,tablet
ꢩꢬꢵꢜ꣄ ꢦꢶꢱꢡ꣄ꢡꢾ,menstruation
ꢣꢹꢬ꣄ ꢬꢴꢥꢶ,menstruation
ꢲꢿꢪꢸ ꢣꢸꢮ꣄ꢥꣁ,chest pain
ꢔꢸꢠ꣄ꢜꢾꢪ꣄ ꢕꢵꢪ꣄,heart attack
ꢧꣀꢭꣁ ꢏꢫ꣄ꢡꢦ꣄ꢦꢥ꣄,first-aid
ꢪꢸꢞ꣄꣄ꢥꢶ,fracture
ꢔꢸꢞ꣄꣄ꢒꢵꢪ꣄ ꢣꢸꢮ꣄ꢥꣁ,arthritis
ꢪꢹꢭꢪꢸ ꢒꣁꢳꢵꢬ꣄,piles
ꢬꢾꢔꢡ꣄ ꢮꢿꢔ꣄,blood pressure
ꢬꣁꢪꢣꢸ ꢨꢶꢱ꣄ꢱꣁ,blood pressure
ꢬꢾꢔꢡꢸ ꢲꢷꢥ꣄,anaemia
ꢭꢿꢒꢶꢫꢪ꣄,health tonic
ꢮꢭꢶꢮ꣄,fits
ꢪꣁꢳꢶꢶ ꢣꢸꢮ꣄ꢥꣁ,rheumatism
ꢪꢸꢭꢪꢸꢒ꣄ ꢒꣁꢳꢵꢬ꣄,piles
ꢮꢪ꣄ꢥꢶ,vomitting
ꢡꣂꢠꢹꢓꢙ꣄ꢙꢸ,sore mouth
ꢮꢵꢫꢹ,flatulence
ꢄꢱ꣄ꢒꢶ,hic-cough
ꢱꢹꢡ꣄,"Swelling, boil"
ꢨꢸꢬꢸꢞꣁ,"Swelling, boil"
ꢧꢸꢔ꣄ꢥꢶ,"Swelling, boil"
ꢨꢵꢣꣁ,pain
ꢲꢶꢬ,orange
ꢥꢡ꣄ꢡꢭ꣄,blood red
ꢒꣁꢪ꣄ꢨꢳꢮꢥꢶ,light colour
ꢒꣁꢪ꣄ꢨꢳ ꢦꣁꢭ꣄ꢱꣁ,light green
ꢙꢾꢪ꣄ꢨ꣄ꢳ,violet
ꢒꢳꣁ,dark
ꢥꢶꢳꣁ,dark blue
ꢕꢾꢞꢶ ꢦꣁꢭ꣄ꢱꣁ,dark green
ꢒꢳ,black
ꢒꢵꢰ꣄ꢜꢸ,saffron
ꢬꢪꢵ ꢦꣁꢭ꣄ꢱꣁ,parrot green
ꢱꢶꢬ꣄ꢒ꣄ꢒꢥ꣄,sandal/ cream
ꢤꢹꢪ꣄ꢮꢥꢶ,ash colour
ꢭꢴꣁꢮ꣄ꢮꣁ,red
ꢮꢥꢶ,colour
ꢯ꣄꣄ꢫꢵꢪꣁ,blue
ꢥꢶꢭ,blue
ꢦꣁꢭ꣄ꢱꣁ,green
ꢂꢳ꣄ꢞꢸꢥꣁ,yellow
ꢆꢙꢵꢳ꣄,white
ꢂꢦꢱꢾꢔꢸꢥ꣄,ill omen
ꢂꢪꢖ꣄ꢒꢭꢸ,inauspicious
ꢪꢖ꣄ꢔꢭ ꢲꢶꢥ꣄,inauspicious
ꢨꣁꢮ꣄ꢥꢶ ꢦꢡ꣄ꢬꢶꢒꣁ,invitation card
ꢱ꣄ꢮꢵꢔꢡ ꢦꢡ꣄ꢬꢶꢒꣁ,invitation card
ꢥꢶꢪꢥ꣄ꢡ꣄ꢬꢥ ꢦꢡ꣄ꢬꢶꢒꣁ,invitation card
ꢨꣁꢮ꣄ꢥꢶ,invitation
ꢂꢗꢵꢬ꣄,custom
ꢣꢷꢮꢥꣁ,blessing
ꢃꢱꢶꢬ꣄ꢮꢵꢣ꣄,blessing
ꢆꢦꢮꢵꢱ꣄,fasting
ꢏꢔꢡ꣄,fasting
ꢔꣁꢬꢸ ꢤꢾꢬ꣄ꢥꢶ,bull fight
ꢣꣁꢳꢵ ꢣꢶꢰ꣄ꢜꢶ,evil eye
ꢣꢺꢰ꣄ꢜꢶ,evil eye
ꢣꣁꢭ ꢦꣁꢞꢱ꣄ꢡꢾ,evil eye
ꢲꣁꢬꢵꢜ꣄,marriage
ꢮꢶꢮꢵꢲꣁ,marriage
ꢦꢵꢠꢶ ꢔꢺꢲꢠꣁ,marriage
ꢙꣁꢮꢳ꣄꣄,ear boring ceremony
ꢒꢵꢥ꣄ ꢮꢶ,ear boring ceremony
ꢪ ꢶꢥ꣄ꢡꢶꢥꢶ,ear boring ceremony
ꢪꢴꢹꢬ꣄ꢡꢸ ꢓꢵꢪ꣄ꢦꢸ ꢱ꣄ꢢꢵꢦꢥꣁ,planting a small branch of a banyan tree to grow as a symbol of marriage
ꢒꢸꢭ ꢮꣁꢕꢭꢱ꣄ꢡꢾ,the oral sound made during important occasions
ꢚꢠ꣄ꢞꢮ꣄ ꢲꢶꢖ꣄ꢔꢞ꣄ꢠꢶ,flag hoisting ceremony of a temple
ꢪꢸꢔ꣄ꢔꢸ,floor decoration with rice or stone powder
ꢱꢾꢔꢸꢥ꣄,omen
ꢱꢪ꣄ꢱ꣄ꢒꢵꢬ꣄,ceremony
ꢱꢶꢬ꣄ꢒ꣄ꢒꢠꢸ ꢂꢪ꣄ꢨꢶꢭ꣄,sandal paste
ꢦ꣄ꢬꢿꢣꢸꢒ꣄ ꢔꢞ꣄ꢠꢶ,burial
ꢦ꣄ꢬꢾꢡ꣄ ꢢꣁꢮꢥ꣄ ꢱ꣄ꢢꢵꢥ꣄,mortuary
ꢦ꣄ꢬꢾꢣꢸꢦꣁꢭ꣄ꢭꢪ꣄,the pit where the burial is done
ꢦ꣄ꢬꢾꢣꢸ ꢔꢬ꣄ꢡꣁ,the pit where the burial is done
ꢦ꣄ꢬꢾꢣꢸꢦꢾꢞꢶ,coffin
ꢩꣁꢬꢠꢶ,a small container
ꢱꢶꢥ꣄ꢣꢪ꣄,ceremony for the pregnant woman
ꢱꢶꢔ꣄ꢬꢪ꣄,money and new vessels given to the bridegroom on festival days by his parents in law
ꢦꣁꢭꣁ,A cup like container
ꢛꢵꢥꢱ꣄ꢥꢵꢥ꣄,baptism
ꢣꢲꢥꣁ,funeral
ꢡꢒ꣄ꢰ꣄ꢠꣁ,offering to the elders
ꢡꢪ꣄ꢦꢡꢶ,couple
ꢭꢾꢗ꣄ꢗꢾ,talisman
ꢣꣁꢬꢶꢪ꣄ ꢨꣁꢜ꣄ꢜꢸ,an ornament worn by women signifying that they are married and their husband is alive
ꢪꢵꢖ꣄ꢔꢭ꣄ꢫꢸ,an ornament worn by women signifying that they are married and their husband is alive
ꢨꣁꢜ꣄ꢜꢸ ꢩꢥ꣄ꢣꢶ,Tying of tali
ꢲꣁꢬꢵꢜꢸ ꢱꢶꢔ꣄ꢬꢪ꣄,wedding gift
ꢲꣁꢬꢵꢜꢸ ꢩꣁꢔꢸꢪꢵꢥꢶ,wedding gift
ꢲꣁꢬꢵꢜꢸ ꢪꢠ꣄ꢣꢦ꣄,building where marriage ceremonies are conducted
ꢡꢶꢥ꣄ꢥꢵꢳ꣄꣄,festival/function
ꢱꢸꢦ ꢮꣀꢩꢮ꣄,festival/function
ꢱꢾꢥ꣄ꢥꢸ,festival
ꢮꣀꢩꢮ꣄,festival
ꢡꢶꢥ꣄ꢥꢵꢳ꣄,festival
ꢬꢾꢡ꣄ꢡꢸꢱꢾꢥ꣄ꢥꢸ,car festival of a temple
ꢩꢶꢠ꣄ꢞꢶꢥꢶ,"faith, belief"
ꢥꣁꢪ꣄ꢒꢾ,"faith, belief"
ꢱ꣄ꢮꢵꢔꢡꣁ,welcome
ꢡꢸꢜ꣄ꢫꢵꢥꢸ ꢲꣁꢬꢵꢜ꣄,Muslim marriage
ꢕꢾꢜ꣄ꢜꢶꢮꢶꢞꣁ,betrothel ceremony
ꢣꢿꢱ꣄,betrothel ceremony
ꢨꢠꢵꢭ꣄,crackers
ꢦꣁꢜ꣄ꢜꢵꢱ꣄,crackers
ꢱꢪ꣄ꢱ꣄ꢒꢺꢡꢶ,culture
ꢪꢮ꣄ꢞꣁ,pandal
ꢦꢵꢡꢶ,a row of people sitting/standing
ꢦꢖ꣄ꢒ꣄ꢡꢶ,a row of people sitting/standing
ꢩꣁꢔꢸꢪꢵꢥ꣄,gift
ꢨꣁꢭꢶ,sacrifice
ꢬꣂꢙꢵ ꢧꢹꢭꢸꢦꢥꢶ,rose water
ꢦꢥ꣄ꢥꢷꢬ꣄ ꢓꢸꢪ꣄ꢨꢵꢮ꣄,rose water container to spray
ꢦꢵꢞꣁ,bamboo stretcher to carry a corpse
ꢣꢹꢡ ꣄ꢲꢸꢥ꣄ꢥꣁ ꢒꢾꢬꢱ꣄ꢡꢾ,the milk boiling ceremony in house warming
ꢣꢹꢡ꣄ ꢡꢮꢱ꣄ꢡꢾ,the milk boiling ceremony in house warming
ꢦꢶꢠ꣄ꢞꢸ,the lump of food offered to the dead
ꢆꢙꢾꢣꢶꢮꢱ꣄,birth day
ꢆꢙꢾ ꢣꢶꢥ꣄ꢥꢸ,birth day
ꢧꢹꢭꢸ ꢪꢸꢔ꣄ꢔꢸ,floor decoration with flowers
ꢔꢺꢲ ꢦ꣄ꢬꢮꢿꢱ꣄,the house warming ceremony
ꢦꢸꢬꣁꢲꢶꢡ꣄,priest
ꢦꢸꢬꢾꢡ꣄,priest
ꢦꢸꢙꢬꢶ,priest
ꢗꢵꢭꢸ ꢮꢶꢱꢾꢯ꣄,the celebration on attaintment of puberty by girls
ꢨꢾꢜ꣄ꢒꢶ ꢱꢵꢱ꣄ꢡꢾ,seeing the girl to fix for the marriage
ꢥꢵꢪꢔꢬꢠꣁ,naming ceremony
ꢱꢾꢜ꣄ꢜꢶ,naming ceremony
ꢲꣁꢬꢵꢜꢸꢪꢮ꣄ꢞꣁ,marriage pandal
ꢥꣁꢮ꣄ꢬꢶ,bride
ꢥꣁꢮ꣄ꢬꣁ,bridegroom
ꢲꣁꢬꢵꢜꢸ ꢲꢵꢬ,marriage garland
ꢲꣁꢬꢵꢜꢸ ꢦꢷꢝꢪ꣄,marriage platform
ꢦꢣ꣄ꢣꢣꢶ,tradition
ꢮꢡ꣄ꢒꢾ,tradition
ꢦꢸꢥꢬ꣄ꢙꢾꢥ꣄ꢪꢸ,re-birth
ꢦꢷꢞꢸꢪꢸꢔ꣄ꢔꢸ,floor decoration with rice floor
ꢲꢵꢬ꣄ꢧꢶꢬꢶꢕꢭ꣄ꢭꢶꢥꢶ,exchanging garlands in marriage
ꢪꢵꢭꣁ ꢪꢗ꣄ꢗꢸꢭꢱ꣄ꢡꢾ,exchanging garlands in marriage
ꢦꢵꢄ~ ꢪꢸꢣ꣄ꢣꢶ,silver rings put to the second toe of a bride
ꢮꢶꢛ꣄ꢗꢸ ꢨꣁꢜ꣄ꢜꢸ,silver rings put to the second toe of a bride
ꢒꢾꢥ꣄ꢥꢭ꣄,offering money to the bride/bridegroom by relatives and friends
ꢪꢸꢣ꣄ꢣꢶꢪꢬ꣄ꢗꢸꢭꢱ꣄ꢡꢾ,exchange of rings during marriage or prior to it
ꢪꢴꢹꢬ꣄ꢡꢸ,the auspicious time
ꢭꢾꢔꢶꢥ꣄,the auspicious time
ꢪꢴꢸꢞꢨꢶꢠ꣄ꢞꢶꢥꢶ,superstition
ꢱ꣄ꢮꢵꢔꢣ꣄,reception
ꢒꣀꢥꣁ ꢧꢶꢬꢞ꣄ꢥꢶ,bangle wearing ceremony of pregnant woman
ꢡꢥ꣄ꢣꢸ ꢡꣀꢥꢶ,putting rice to the mouth of the dead
ꢥꢥ꣄ꢣꢶꢥꢶ,"blessing, greeting"
ꢙꣁꢪꢥ꣄,feast
ꢮꣀꢩꢮ꣄,"ceremony, function, festival"
ꢔꣁꢬꢸ ꢆꢞ꣄ꢔꢠ꣄ꢠꢶ,Bull fight
ꢙꢬ꣄,horoscope
ꢡ꣄ꢒꢾꢪ꣄ ꢦꢵꢥ꣄,horoscope
ꢂꢞꢸꢪꢹꢳ꣄,tap root
ꢬꢿꢒ꣄,petal
ꢣꢳꣁ,petal
ꢦꢵꢥ꣄,leaf
ꢦꢵꢥꢸꢥꢾꢬꢪ꣄,leaf venation
ꢔꢾꢠꢸꢒ꣄,node
ꢭꢫ꣄ꢞꣁ,stick
ꢭꢔꢸꢞꣁ,stick
ꢥꢴꢥ꣄ ꢚꢜ꣄ꢒꢶ,sapling
ꢦꣁꢳ꣄ꢳꣁ,fruit
ꢦꢳ꣄ꢳꣁ,fruit
ꢒꢵꢪ꣄ꢨꢸ,flower stalk
ꢡꢵꢠ꣄,flower stalk
ꢒꢫ꣄ꢭꣁ,unripe fruit
ꢔꢾꢙ꣄ꢙꢥꢵ ꢚꢵꢜ꣄,mushroom
ꢯꢵꢔꣁ,branch
ꢩꢙ꣄ꢙꢶ,"greens, pot herbs"
ꢒꣁꢪ꣄ꢨꢸꢳꣁ ꢦꢵꢥ꣄,tender leaf
ꢦꣁꢱ꣄ꢒꢾ,bush
ꢔꢸꢳ꣄꣄ꢪꣁ,bush
ꢮꢶꢡ꣄ꢡꢸ,nut
ꢨꢷꢒ꣄,nut
ꢚꢳ꣄ꢳꣁ,creeper
ꢮꢿꢭ꣄,creeper
ꢒꣁꢪ꣄ꢪꣁ,Branch
ꢱꢾꢒ꣄ꢒꢬ꣄ ꢒꢾꢳꢖ꣄ꢔꢸ,sweet potato
ꢔꣂꢠ꣄꣄,jute
ꢔꣂꢥ꣄,jute
ꢡꢵꢡꢸꢪꢹꢳ꣄,fibrous root
ꢗꢾꢡ꣄ꢡꣁ,twig
ꢚꢜ꣄ꢒꢶ,plant
ꢨꣁꢥ꣄ꢣꢿ,plantain stem
ꢓꢜ꣄ꢜꢶ,"stalk, stem"
ꢪꢸꢒꢸꢭꢸ ꢦꢵꢥ꣄,tender leaf
ꢗꢶꢒꢸꢬ꣄,tender leaf
ꢂꢖ꣄ꢒꢸꢬ꣄,tender leaf
ꢢꣁꢳ꣄꣄ꢗꢶ,basil plant
ꢗꢵꢫ꣄ꢦꢵꢥ꣄,tea leaf
ꢜꢷ ꢦꢵꢥ꣄,tea leaf
ꢪꢫ꣄,honey
ꢪꢤꢸ,honey
ꢡꢾꢥꢾ,honey
ꢣꢾꢙ꣄ꢙꢥꢵꢚꢵꢜ꣄,mushroom
ꢱꢡꢶꢙꢵꢞ꣄,mushroom
ꢥꢵꢡ꣄,seedling
ꢦꢷꢙꢵꢖ꣄ꢒꢸꢬ꣄,seedling
ꢤꢹꢪ꣄ꢦꢵꢥ꣄,stalk
ꢱꢵꢳꢸ ꢦꢾꢫꢶꢬ꣄,paddy plant
ꢱꢵꢳꢸ ꢆꢦꢙꢵꢮ꣄,paddy plant
ꢦꢾꢫꢶꢬ꣄ ꢦꢠ꣄ꢜꣁ,paddy plant
ꢆꢦꢙꢵꢮ꣄,crop
ꢨꢵꢛ꣄ꢙꢶ,moss
ꢦꢶꢥ꣄ꢣꣁ,tender fruit
ꢨꢾꢡ꣄ꢡꢪ꣄ ꢮꢳ꣄ꢜꢶ,cane
ꢦꣁꢣꢬ꣄,bush
ꢦꣁꢱ꣄ꢒꢾ,grass
ꢲꢬꢳꢶ,scutch grass
ꢧꢸꢭ꣄,flower
ꢧꢸꢭꢶ ꢚꢜ꣄ꢒꢶ,flower plant
ꢃꢳ꣄ꢮꢥꢶ ꢒꢾꢳꢖ꣄ꢔꢸ,tapioca
ꢓꢜꣁ,thorn
ꢪꣁꢭ꣄ꢒꣁ,sprout
ꢂꢖ꣄ꢒ꣄ꢬꣁ,sprout
ꢨꣁꢖ꣄ꢔꢸ,bamboo
ꢪꢸꢔꢸꢭ꣄,bud
ꢪꢹꢳꢸꢒꢾꢳ꣄,plantain root
ꢒꢿꢳꢸ ꢚꢵꢞ꣄,plantain
ꢮꢶꢡ꣄ꢡꢸ,seed
ꢨꢷꢒ꣄,seed
ꢪꢹꢭ꣄,root
ꢆꢪ꣄ꢨ꣄ꢳꢵ ꢚꢵꢜ꣄,fig tree
ꢦꢶꢪ꣄ꢦꢭ꣄ ꢚꢵꢜ꣄,pipal tree
ꢐꢞ ꢚꢵꢜ꣄,banyan tree
ꢪꢸꢱꢸꢠ꣄ꢞꢶꢚꢵꢜ꣄,rosewood
ꢚꢥ꣄ꢥꢶ,broom
ꢚꢠ꣄ꢠꢶ,broom
ꢭꢶꢪ꣄ꢨꢸ,lemon
ꢦꢬꢸꢠ꣄ꢞꣁ,coconut leaf
ꢦꢶꢒ꣄ꢒꢾ ꢮꢾꢥ꣄ꢥꢸ,ear of crops
ꢲꢦ꣄ꢦꢭꢸꢚꢵꢜ꣄,arecanut tree
ꢮꢶꢬ꣄ꢡꢵꢮꢸ ꢦꣁꢱ꣄ꢒꢾ,weed
ꢒꢾꢬ꣄ꢦꢵꢮꢸ ꢦꢵꢥ꣄,curry leaf
ꢱꢵꢓꣁ,branch
ꢄꢪ꣄ꢨꢸꢳꣁ,guava
ꢬꢵꢠꢸ ꢆꢳꢵ ꢧꢹꢭ꣄,cassia fistula
ꢥꢬꢳꢸ ꢥꢵꢬ꣄,fibre of coconut
ꢪꢒꢬꢥ꣄ꢡ ꢓꣁꢭ꣄ꢜꢶ,reproductive parts of a flower
ꢭꢫ꣄ꢞꣁ,log of wood
ꢤꢾꢫ꣄ꢳꣁ,stalk
ꢥꢬꢳꢸ ꢚꢵꢃꢜ꣄,coconut tree
ꢡꢿꢒ꣄ꢒꢸ ꢚꢵꢜ꣄,teak wood
ꢣꣁꢮ꣄ꢞꣁ,"skin,"
ꢮꢭ꣄ꢒꢭꣁ,bark
ꢦꢜ꣄ꢜꢾ,bark
ꢙꢾꢪ꣄ꢦꢸ ꢚꢵꢜ꣄,blackberry tree
ꢂꢪ꣄ꢨꢸꢳꢵ ꢚꢵꢜ꣄,gooseberry tree
ꢦꢦ꣄ꢦꢵꢳꢶꢶ ꢚꢵꢜ꣄,papaya tree
ꢦꣁꢥ꣄ꢥꢶꢱꢸ ꢚꢵꢜ꣄,jackfruit tree
ꢡꢵꢞꢶ ꢚꢵꢜ꣄,palmyra tree
ꢲꢦ꣄ꢦꢳꢸ ꢚꢵꢜ꣄,arecanut
ꢒꢵꢥꢸ ꢚꢵꢜ꣄,beech
ꢡꢪꢵꢭ ꢚꢵꢜ꣄,beech
ꢗꢷꢱꢸ꣄ ꢚꢵꢜ꣄,Tamarindtree
ꢨꢵꢛ꣄ꢙꢶ,fungus
ꢓꢱ꣄ꢭꣁ,date palm
ꢚꢵꢜꢸ ꢬꢾꢥ꣄ꢡꢸ,hollow in a tree
ꢕꢸꢮ꣄ꢮꣁ,hollow in a tree
ꢚꢵꢜ꣄,tree
ꢒꢗ꣄ꢗꢪ꣄ꢨꢵ ꢚꢵꢜ꣄,mango tree
ꢪꢸꢥ꣄ꢣꢶꢬꢶ ꢚꢵꢜ꣄,cashewnut tree
ꢱꢾꢮ꣄ꢒꢵ ꢚꢵꢜ꣄,drumstick tree
ꢨꣁꢖ꣄ꢔꢸ ꢚꢵꢜ꣄,bamboo tree
ꢭꢷꢪꢸ ꢚꢵꢜ꣄,neem tree
ꢭꢾꢔꢸꢡ꣄ꢡꢵ ꢣꢶꢥ꣄ꢥꢸ,next day
ꢲꢣ꣄ꢣꢸꢬꢵꢡ꣄,mid-night
ꢡꢾꢥ꣄ꢣꢸꢱ꣄,that day
ꢏꢬ꣄ꢱꢸ,year
ꢬꢵꢡ꣄,night
ꢬꢵꢣꢶ,night
ꢲꢶꢥ꣄ꢣꣁ,today
ꢒꣂꢥ꣄ꢫ ꢣꢶꢥ꣄ꢥꢸ,which day
ꢒꢵꢭꢸ,"period, time"
ꢮꢿꢳ꣄,"period, time"
ꢧꢭ꣄ꢡꢶ ꢧꢵꢬ꣄,morning
ꢱꣁꢳ ꢶꢧꢵꢬ꣄,morning
ꢧꣀꢭ ꢧꢵꢬ꣄,morning
ꢣꢶꢥ꣄ꢥꢸ,"day, week"
ꢮꢵꢬ꣄,"day, week"
ꢱꢔꢨ꣄꣄ꢡꢸ,saka/era
ꢮꢿꢳ꣄,time
ꢮꢷꢳ꣄ ꢮꢾꢳꢸ,evening
ꢮꢷꢳ꣄ ꢱꢾꢥ꣄ꢣꢸꢭꣁ,evening
ꢪꢴꢞꣁ,month
ꢣꢶꢥ꣄ꢥꢸ,date
ꢣꢶꢥꢵꢖ꣄ꢒꢸ,date
ꢣꢷꢱ꣄,day
ꢱꣁꢥ꣄ꢣꣁ,tomorrow
ꢦꣁꢬꢪ꣄,day after tomorrow
ꢥꢶꢪꢸꢰ꣄,minute
ꢱꣂꢮꢸ ꢏꢬ꣄ꢱꢸ,century
ꢱꢡꢵꢨ꣄ꢣꢶ,century
ꢕꢾꢞꢶ,time
ꢮꢿꢳ꣄꣄,time
ꢒꢵꢭ꣄,yesterday
ꢣꢷꢱ꣄,daytime
ꢤꢸꢧꢵꢬꢶ,"Afternoon, noon"
ꢂꢜ꣄ꢜꢵꢱ꣄,"Afternoon, noon"
ꢕꢾꢞꢶ,hour
ꢮꢾꢳ꣄꣄,hour
ꢥꢶꢪꢸꢱ꣄,minute
ꢱꣁꢥ꣄ꢣꣁ,next day
ꢣꢸꢱꢸꢬꢥ꣄ꢣꢶ,next day
ꢣꢸꢱ꣄ꢬꢥ꣄ꢣꢶ,next day
ꢪꢴꢜꣁ,month
ꢮꢷꢳ꣄ꢜꣁ,evening
ꢦꣁꢬꢪ꣄,day before yesterday
ꢧꣀꢭꢣꢷꢱ꣄,forenoon
ꢮꢵꢬ꣄,week
ꢧꢭ꣄ꢡꢶꢧꢵꢬ꣄,dawn
ꢧꣀꢭꢧꢵꢬ꣄,dawn
ꢱꣁꢞꢒ ꣄ꢕꢾꢞꢶ,second
ꢫꢸꢒꢪ꣄,"era, age"
ꢂꢫ꣄ꢡ꣄ꢮꢵꢬ꣄,sunday
ꢱꣁꢪ꣄ꢮꢵꢬ꣄,monday
ꢪꢖ꣄ꢔꢳ꣄ꢮꢵꢬ꣄,tuesday
ꢨꢸꢤꢮꢵꢬ꣄,wednesday
ꢨ꣄ꢬꢸꢲꢱ꣄ꢡꢮꢵꢬ꣄,thursday
ꢱꢸꢒ꣄ꢬꢮꢵꢬ꣄,friday
ꢱꢾꢥꢶꢮꢵꢬ꣄,saturday
ꢂꢣꢶꢪꢤꢸꢬꢪ꣄,licorice
ꢡꢥ꣄ꢣꢸ,rice
ꢍꢬꢠ꣄ꢞꣁ,castor
ꢭꣁꢪ꣄ꢧꢹꢭ꣄,cloves
ꢪꢷꢜ꣄,salt
ꢆꢖ꣄ꢒꣁ,husk of paddy
ꢣꢸꢱꣁ,husk of paddy
ꢤꢹꢳ꣄꣄ꢪꢹꢳ꣄꣄,potato
ꢒꢥ꣄ꢣꣁ,onion
ꢆꢞꢶꢡ꣄,blackgram
ꢡꢿꢭ꣄,oil
ꢡꢷꢳ꣄꣄,gingili
ꢌꢭꣁ,cardamom
ꢏꢪꣁ,bishop`s weed
ꢔꢱꢔꢱꢵꢭ꣄,poppy seed
ꢗꢾꢥ꣄ꢥꣁ,Bengal gram
ꢪꢴꢸꢬꢶ,mustard
ꢭꢮꢖ꣄ꢔ ꢦꢜ꣄ꢜꣀ,cinnamon
ꢓꢾꢠ꣄ꢞꢸ,Sugar crystal
ꢄꢒ꣄ꢱꢸꢔꢾꢞ꣄ꢞꣁ,Sugar crystal
ꢒꢸꢳꢶꢡ꣄,horsegram
ꢒꢵꢦꢶꢩꢸꢬ꣄ꢒꣁ,coffee powder
ꢲꢶꢖ꣄ꢔꢸ,asafoetida
ꢒꢶꢱ꣄ꢪꢶꢱ꣄,Drygrapes
ꢒꢸꢖ꣄ꢒꢸꢪ꣄ꢧꢸꢭ꣄,saffron
ꢒꢾꢱꢬꢶ,saffron
ꢃꢬꢮꢭ꣄ꢭꢶ ꢩꢸꢬ꣄ꢒꣁ,arrowroot powder
ꢬꢴꢔꢶ,ragi
ꢒꢿꢱꢬꢶꢩꢸꢬ꣄ꢒꣁ,saffron powder
ꢒꢗ꣄ꢗꢾꢥ꣄ꢥꣁ,Bengal gram
ꢤꢥꢶꢫꢵ,coriander
ꢒꣁꢡ꣄ꢡꢪꢭ꣄ꢭꢶ,coriander
ꢱꢸꢒ꣄ꢒꢾ ꢥꢬꢾꢭ꣄,copra
ꢕꣁꢪꢸ,wheat
ꢕꣂꢪ ꢡꢥ꣄ꢣꢸ,wheat
ꢱꢾꢒ꣄ꢒꢬ꣄,sugar
ꢥꢶꢳꢪ꣄,green gram
ꢱꢶꢔꢵꢫ꣄ꢩꢸꢬ꣄ꢒꣁ,soapnut powder
ꢙꢶꢬꣁ,cummin seeds
ꢗꢾꢒ꣄ꢒꢬ꣄ ꢒꢾꢳꢖ꣄ꢒꢸ,sweet potato
ꢱꣁꢠ꣄ꢜꢶ,dry ginger
ꢫꣂꢞ ꢪꢷꢜ꣄,caustic soda
ꢚꣁꢳ꣄ꢳꣁ,maize
ꢒꣁꢠ꣄ꢞꣁ,bran
ꢤꣂꢬꢸꢨꢾꢳꣁ,arahar daal
ꢤꣂꢬ꣄,arahar pod
ꢥꢬꢸꢳꢸ ꢡꢾꢭ꣄,coconut oil
ꢜꢷ,tea
ꢗꣁꢒꢜ꣄ꢡꢾꢭ꣄,gingili oil
ꢩꣁꢄꢄ ꢗꢾꢥ꣄ꢥꣁ,ground nut
ꢒꢞꢭꢾ,ground nut
ꢱꢵꢭ꣄,paddy
ꢦꢜ꣄ꢜꢵꢠꢶ,peas
ꢨꢾꢳꣁ,daal
ꢱꢶꢱ꣄ꢭꣁ,provisions
ꢂꢦ꣄ꢦꢳ꣄,arecanut
ꢥꢶꢭꢪꢸ꣄ ꢨꢾꢳꣁ,green gram
ꢨꢵꢣꢵꢪ꣄,almond
ꢨꢵꢬ꣄ꢭꢶ,barley
ꢤꢸꢪ꣄ꢦꢵꢥ꣄,tobacco
ꢲꢸꢞ ꢡꢥ꣄ꢣꢸ,boiled rice
ꢗꢷꢱ꣄,tamarind
ꢪꢴꣁꢞ ꢙꢶꢬꣁ,aniseed
ꢲꢳꢡ꣄,turmeric
ꢣꢶꢔꢬꢪ꣄,kerosine
ꢦꢷꢜ꣄,flour
ꢪꢶꢬꢶ,pepper
ꢒꢵꢙꢸ,cashew nut
ꢒꢾꢥ꣄ꢥꢸ,bean gram
ꢬꢮꢾ,suji
ꢱꣁꢙ꣄ꢙꢶ,suji
ꢦꢹꢱꢸ ꢪꢶꢬꢶ,tail pepper
ꢗꢫ꣄ꢭꢶ,Sidedish
ꢪꢶꢡ꣄ꢡꢶ,fenugreek
ꢔꢸꢳ꣄ꢳꢸ,Jaggary
ꢔꢸꢞ꣄ꢳꢸ,Jaggary
ꢒꢞꢭꢾ,groundnut
ꢙꢵꢡꢶ ꢒꢫ꣄ꢭꣁ,nutmeg
ꢤꢸꢪ꣄ꢨꢸꢬꢵꢱ꣄ꢜꢸ,galangal
ꢓꢙꢸꢬ꣄,dates
ꢓꢱ꣄ꢭꣁ,dates
ꢣꢫ꣄ꢬꣁ,left side
ꢣꢫ꣄ꢬ,left side
ꢓꣃꢥꢱ꣄,east
ꢣꢶꢒ꣄ꢒꢸ,direction
ꢣꢶꢱꣁ,direction
ꢣꢾꢒ꣄ꢰꢠ꣄,south
ꢣꢾꢒ꣄ꢰꢓꣃꢥꢱ꣄,south-east
ꢣꢾꢒ꣄ꢰꣁꢱ꣄ꢡꣁ,south-west
ꢆꢡ꣄ꢡꢬ꣄,north
ꢆꢡ꣄ꢓꣃꢥꢱ꣄,north-east
ꢆꢡ꣄ꢲꣁꢱ꣄ꢡꣁ,north-west
ꢙꢫ꣄ꢥꣁ,right side
ꢙꢫ꣄ꢥ,right side
ꢂꢱ꣄ꢡꢪꢥꣁ,Sun setting
ꢂꢒꢵꢯ꣄ ꢔꢾꢖ꣄ꢔꣁ,milkyway
ꢂꢒꢵꢱ꣄,sky
ꢮꢵꢦ꣄,steam
ꢦꢮꢶ,thunder
ꢦꢶꢞꢸ,thunder
ꢲꢥ꣄ꢣꢵꢬ꣄,darkness
ꢔꢾꢮꢶ,darkness
ꢆꢣꢫꢪ꣄,rise
ꢱꢸꢬꢶꢡꢸ ꢥꢶꢒꢶꢭ꣄ꢥꢶ,rise
ꢙꢵꢳꢸꢗꢸꢒ꣄ꢒꣁ,shooting star
ꢂꢔꢗꢵꢭ꣄ ꢂꢫ꣄ꢣꢸ,rocket
ꢦ꣄ꢬꢒ꣄ꢰꢾꢦꢥꣁ,rocket
ꢕꢶꢬꢵꢠ꣄,eclipse
ꢔꣁꢳ꣄꣄,planet
ꢒꢶꢬꢠ꣄,"rays, beam"
ꢒꢿꢡꢸ,uranus
ꢗꢥ꣄ꢣ꣄ꢬ ꢕ꣄ꢬꢵꢠ꣄,lunar eclipse
ꢗꢵꢥ꣄ꢣꢸ ꢕ꣄ꢬꢵꢠ꣄,lunar eclipse
ꢗꢾꢥ꣄ꢣꢵꢪꢸ ꢕ꣄ꢬꢵꢠ꣄,lunar eclipse
ꢗꢾꢥ꣄ꢣꢵꢪ꣄,Moon
ꢗꢵꢥ꣄ꢣꢸ,Moon
ꢱ꣄ꢥꢶ,Saturn
ꢱꢾꢥꢶ,Saturn
ꢱꢸꢒ꣄ꢒꢸꢬ꣄,Venus
ꢱꢸꢳꢶꢮꢬꣂ,whirlwind
ꢱꢹꢬ꣄ꢫ ꢕ꣄ꢬꢵꢠ꣄,solar eclipse
ꢱꢸꢬꢶꢡꢸ ꢪꢠ꣄ꢞꢭ꣄,solar system
ꢱꢹꢬ꣄ꢫ ꢪꢠ꣄ꢞꢭ꣄,solar system
ꢱꢸꢬꢶꢡ꣄,Sun
ꢩꢵꢥꢸ,Sun
ꢆꢦꢨ꣄ꢬꢲꣁ,satellite
ꢪꢖ꣄ꢔꢳ꣄ ꢔ꣄ꢬꢲꣁ,Mars
ꢱꢸꢬꢶꢡ,Sun
ꢱꢬꢔ꣄ꢬꢲꣁ,satellite
ꢗꢶꢥꢸꢒ꣄,drizzling
ꢗꢶꢖ꣄ꢒꢸꢭ꣄,drizzling
ꢪꢵꢬꢸꢡ꣄,breeze
ꢗꢸꢒ꣄ꢒꣁ,star
ꢥꣁꢮ꣄ꢔꢶꢬꢲꢵꢥ꣄,the nine planets
ꢗꢾꢥ꣄ꢣꢵꢪꢸ ꢲꢹꢙꢵꢭ꣄,moonlight
ꢗꢥ꣄ꢣ꣄ꢬꢶꢒꣁ,moonlight
ꢗꢥ꣄ꢣ꣄ꢬ ꢦ꣄ꢬꢩꣁ,moonlight
ꢒꣃꢪꢸꢣꢶ,moonlight
ꢗꢾꢥ꣄ꢡꢵꢪ꣄,moon
ꢗꢵꢥ꣄ꢣꢸ,moon
ꢄꢥ꣄ꢣꢸ,moon
ꢗꢥ꣄ꢣ꣄ꢬꢫꢵꢥ꣄,lunar module
ꢬꢸꢡꢸꢮꢬꣁ,seasonal wind
ꢬꢸꢡꢸꢦꣁꢮ꣄ꢱ꣄,monsoon
ꢪꣁꢖ꣄ꢗꢸ,mist
ꢲꢶꢪꢵ ꢔꢾꢞ꣄ꢞꣁ,snow
ꢲꢶꢪꢵ ꢨꢶꢥ꣄ꢣꢸ,dew drops
ꢐꢱꢸ ꢨꢶꢥ꣄ꢣꢸ,dew drops
ꢨꢸꢤꣁ,Mercury
ꢨꢸꢤꣁ ꢔ꣄ꢬꢲꣁ,Mercury
ꢱꢸꢳꢶ ꢮꢬꣁ,storm
ꢩꢹ ꢃꢒꢬ꣄ꢰꢠ ꢯꢒ꣄ꢡꢶ,gravitational force
ꢪꢡ꣄ꢡꢶ ꢮꢬꣁ,sand storm
ꢦꣁꢮ꣄ꢱ꣄,rain
ꢂꢱ꣄ꢡꢪꢵꢥ꣄,setting
ꢮꢶꢣ꣄ꢫꢸꢡ꣄,lightning
ꢪꢿꢕ꣄꣄,cloud
ꢪꣁꢨ꣄ꢨꢸ,fog
ꢬꢵꢲꢸ,Neptune
ꢮꢬꣁ,air/wind
ꢦꢹꢱꢸ ꢗꢸꢒ꣄ꢒꣁ,comet
ꢂꢒꢵꢰ꣄,sky
ꢲꢨꢵꢳ꣄,sky
ꢂꢒꢵꢱꢸ ꢮꢖ꣄ꢒꢜ꣄,rainbow
ꢂꢒꢵꢱꢸ ꢤꢥꢸꢱ꣄,rainbow
ꢄꢥ꣄ꢣ꣄ꢬ ꢤꢥꢸꢱ꣄,rainbow
ꢮꢶꢫꣁꢪꢥ꣄,space
ꢱꢸꢥ꣄ꢫ ꢂꢒꢵꢱ꣄,space
ꢱꢸꢒ꣄ꢒꢸꢬ꣄,morning star
ꢔꢸꢬꢸ,Jupiter
ꢲꢹꢥ꣄,sunlight
ꢱꢸꢒ꣄ꢒꢸꢬ꣄,star
ꢲꢸꢙꢵꢭ꣄,light
ꢦꢶꢥ꣄ꢣꢵ,"young, tender"
ꢥꢴꢥ꣄ꢥ,young
ꢒꢸꢳ꣄ꢳꢾ,sweet
ꢗꢾꢬ꣄ꢒ꣄ꢒꢲꣁꢫꢾ,appropriate
ꢓꢭꢶ,empty
ꢂꢒ꣄ꢒꢸꢬꢵ,short
ꢥꢷꢗ,bad
ꢬꢸꢮ꣄ꢮ,"a little, a few"
ꢢꢾꢮ꣄ꢞ,"a little, a few"
ꢬꢸꢮ꣄ꢮ,a little
ꢩꢾꢭꢶꢗꣁꢒ꣄ꢒꢜ꣄,very good
ꢗꣁꢒ꣄ꢒꢜ꣄,good
ꢙꢸꢒ꣄ꢒꢸ,many
ꢩꢾꢭꢶ ꢥꢴꢥ꣄ꢥ,minute
ꢭꢪ꣄ꢨ,"long, tall"
ꢆꢛ꣄ꢗ,"long, tall"
ꢚꢸꢒ꣄ꢒꢸꢒꢵꢭ,"tall things, long"
ꢚꢸꢒ꣄ꢒꢸ,many
ꢙꢸꢥ꣄ꢥ,"old, ancient"
ꢥꣁꢮꣁ,new
ꢪꢴꣁꢜ꣄ꢜꣁ,big
ꢧꢸꢬ,enough
ꢧꢸꢬꢲꣁꢫꢾ,enough
ꢩꢾꢭꢶ,very
ꢮꢿꢥ꣄,very
ꢨꣁꢭꢶꢪꢸ,strong
ꢂꢥꢾꢒ,"very, a lot of"
ꢥꢶꢱ꣄ꢡ,only
ꢮꢾꢒ꣄ꢳ꣄,different
ꢭ,different
ꢦꢾꢱꢵꢮ꣄꣄,breadth
ꢬꢸꢥ꣄ꢡꢶ,breadth
ꢨꣂꢜ꣄,inch
ꢂꢞꢶ,foot
ꢪꣂꢦꢸ,measurement
ꢪꣂꢦꢸ ꢓꢜ꣄ꢜꢶ,scale
ꢂꢬꣁ,radius
ꢥꢶꢪ꣄ꢥꣁ,depth
ꢭꣁꢡ꣄,depth
ꢂꢜ꣄ꢥꣁ,1/8 of a standard measurment
ꢲꢡ꣄ꢣꢞ꣄ꢞꣁ,half measure
ꢒꢵꢭꢞ꣄ꢞꣁ,1/4 of a measure
ꢱꣂꢮꢸ,1/4 of a measure
ꢩꢵꢬ꣄ꢪꣂꢮꢸ,measurement of weighing
ꢙꣂꢒ꣄,weight
ꢪꣁꢮ꣄ꢙꢥ꣄ꢪꣂꢮꢸ,measurement of counting
ꢆꢦꢒꢬꢠꣁ,instrument
ꢔꢥꢪꣂꢦꢸ,cubic measurement
ꢩꢵꢬ꣄,heavyness
ꢔꢾꢙ꣄ꢙꢸ,yard
ꢂꢮ꣄ꢞ ꢪꣂꢮꢸ,cross-section measurement
ꢗꢡ꣄ꢬꢸꢭ꣄ ꢪꣂꢮꢸ,square measurement
ꢙꢵꢠ꣄,six inches or little more covering the tip of the stretched thumb to the tip of the stretched little finger
ꢗꢶꢪ꣄ꢜꣁ,a pinch
ꢦꢬꢶꢡꢶ,perimeter
ꢒꢸꢠ꣄ꢮꢫ ꢪꣂꢮꢸ,perimeter
ꢡꢸꢭꣁ,balance
ꢥꢬꢵꢙꢶ,balance
ꢒꢸꢜ꣄ꢒꣁ,piece
ꢨꢶꢥ꣄ꢣꢸ,drop
ꢡꣁꢭꣁ,a weight of 10 grams
ꢥꢵꢳꢶ,approximately little more than half litre
ꢩꢵꢬ꣄ ꢪꣂꢮꢸ,Measurement of weight
ꢭꢵꢪ꣄ ꢪꣂꢮꢶ,linear measurement
ꢪꢹꢬꣁ,length
ꢂꢞ꣄ꢞꣁ,a little more than 2 litres
ꢮꢜꣁ,portion
ꢂꢞ꣄ꢞꣁ,approximately 1 litre
ꢥꢾꢬ꣄ꢦꢾꢪꣂꢮꢸ,area
ꢦꢭꢪ꣄,a measurement of weight
ꢂꢣ꣄ꢣꢾ,half
ꢪꢹꢣ꣄,a handfull
ꢪꢹꢞ꣄ꢩꣂꢬ꣄,a handfull
ꢪꢬꢒ꣄ꢒꢵꢭ꣄,a measure of approximately 5 to 8 litres
ꢪꢹꢬꣁ,one arm length
ꢪꢷꢜ꣄ꢜꢬ꣄,meter
ꢪꢶꢛ꣄ꢗꢶ ꢪꣁꢮꢸ,a measuere of capacity
ꢪꣁꢳꢪꢸꢮꢳ꣄꣄ꢜꢶ,measuring rod
ꢪꢹꢬꢵ ꢒꢮ꣄ꢠ꣄ꢞꢶ,measuring rod
ꢪꣁꢳꢪ꣄,half an arm`s length
ꢲꢵꢡ꣄,half an arm`s length
ꢂꢮ꣄ꢞꢵꢪꣁꢮꢸ,diameter
ꢮ꣄ꢫꢵꢱ꣄,diameter
ꢮꢶꢱꢶ,two pounds
ꢡꢵꢦ꣄ꢱꢥꢶ,ther mometer
ꢡꢵꢦ꣄ꢪꢵꢥꢶ,ther mometer
ꢱꢾꢬ꣄ꢒꣁ,perfect
ꢙꣂꢞꢶ,pair
ꢂꢣꢿꢖ꣄ꢒꢦ꣄ꢦꢵ,expression of wonder
ꢂꢪ꣄ꢪꢵꢞꢶ,expression of wonder
ꢂꢮ ꢂꢪ꣄ꢨꢵ,expression of wonder
ꢡꢾꢭ꣄ꢫꢒ ꢲꢵꢭ꣄,so
ꢲꢵꢭꢶꢪ꣄,so
ꢡꢿꢜ꣄ꢱꢵ,look there
ꢄꢱꣁꢫꢵ,is it so?
ꢄꢱꣂꢪꢾꢥꢾꢡꢶ,if it is so
ꢲꢵ,expression of pain
ꢂꢦ꣄ꢦꢵꢜꢶ,expression of wonder
ꢂꢪ꣄ꢪꢵꢜꢷ,expression of pain
ꢂꢪ꣄ꢪꢵꢜꢶ,expression of pain
ꢥꢴꢵ,no
ꢲꢵꢫ꣄,a response
ꢲꢵꢫ꣄,yes
ꢲꣁꢫꢾꢡꢶ,but
ꢪꢾꢔꢶ,but
ꢌꢭ꣄ꢫꢾꢒ ꢲꢵꢭ꣄,hereby
ꢍꢜ꣄ꢱꢵ,look here
ꢍꢭꢵ,look here
ꢓꢳꢳꢿ,take this
ꢤꢿꢬ꣄,take this
ꢓꢳ꣄ꢳꢸꢮꣁ,take this
ꢤꢾꢬꣁ,take this
ꢤꢾꢬꢸꢮꣁ,take this
ꢂꢖ꣄ꢔꢸꢥ꣄,yet
ꢂꢡ꣄ꢡꢾꢖ꣄ꢔꢸꢜ꣄,hereafter
ꢂꢡꢧꢬꣁ,hereafter
ꢂꢖ꣄ꢔꢸꢥ꣄,still
ꢆꢰ꣄,expression of caution
ꢲꢵꢫ꣄ ꢲꢵꢫ꣄,yes
ꢒꢵꢫ꣄,response to a call
ꢡꢾꢭ꣄ꢫꢒ ꢭꢾꢥ꣄ꢡ,hence
ꢍꢫ꣄,term to call attention
ꢬꢾ,term to call attention
ꢬꢿꢫ꣄,term to call attention
ꢎꢫꣂ,expression of sorrow
ꢐ,expression of wonder
ꢲꢵꢫ꣄,expression of approval
ꢲꣂꢥ꣄ꢣꢒ꣄,expression of approval
ꢲꣂꢫ꣄,term to call attention
ꢘꢷꢗ꣄ꢘꢷ,expression of contempt
ꢮꢵ,address term for inferior faminine
ꢂꢮꢵ,address term for inferior faminine
ꢬꢿꢫ꣄,address term for inferior masculine
ꢢꢸꢡ꣄ꢡꢹ,expression of contempt
ꢦꢵꢦ꣄,expression of sympathy
ꢇꢲꢹꢄ~,no
ꢧꢶꢮ꣄ꢬꢶ,again and again
ꢡꢾꢒ ꢧꢬꢵꢡ꣄,moreover
ꢂꢖ꣄ꢔꢸꢥ꣄,moreover
ꢲꣀꢫꢵ,expression of joy
ꢗꣀꢡ꣄ꢬꣁ,April-May
ꢮꣀꢱꢵꢒ꣄,May-June
ꢙꣂꢰ꣄ꢜꣁ,June-July
ꢃꢰꢵꢞꣁ,July-August
ꢱ꣄ꢬꢵꢮꢠꣁ,August-September
ꢩꢵꢣ꣄ꢬꢦꢣꣁ,September-October
ꢃꢱ꣄ꢮꢷꢙꣁ,October-November
ꢒꢵꢬ꣄ꢡꢶꢒꣁ,November-December
ꢪꢵꢬ꣄ꢔꢱꢷꢬ꣄ꢱꣁ,December-January
ꢦꢸꢰ꣄ꢫꣁ,January-February
ꢪꢵꢕꣁ,February-March
ꢧꢵꢭ꣄ꢔꢸꢥꢶ,March-April
ꢔꢾꢬꢸꢮ,proudness
ꢮꢶꢗꢵꢬ꣄,lamenting
ꢲꢾꢞ꣄ꢞꢾ,booby
ꢂꢱꢶꢖ꣄ꢔꢪ,ugly
ꢮꢶꢥꢫꣁ,"modesty, obedience"
ꢩꢙꢵꢬꢶꢥ꣄,termagant
ꢭꢮ꣄ꢠ꣄ꢞꢶ,termagant
ꢩꢵꢙꢵꢬꢶꢦꢥ꣄,termagancy
ꢣꢵꢱ꣄,slave
ꢣꢵꢱꢶ,slave
ꢣꢵꢱꢦ꣄ꢦꢥ꣄,slavery
ꢂꢤꢶꢒꢵꢬ꣄,power
ꢃꢗ꣄ꢗꢬ꣄ꢫꣁ,surprise
ꢂꢡꢶꢬꢸꢦ꣄ꢡꢶ,dissatisfaction
ꢂꢣꢸꢰ꣄ꢜꢸ,luck
ꢂꢥ꣄ꢣꢱ꣄ꢡꢸ,status
ꢣꢾꢮꢸꢨꢵꢦ꣄,simpleton
ꢡꢪ꣄ꢪꢵꢞꢶ,simpleton
ꢂꢦ꣄ꢬꢵꢠꢶ,simpleton
ꢂꢥꢬ꣄ꢢꢸꢮꢡ꣄ꢡꣁ,absurdity
ꢪꢶꢡꢥ꣄ꢮꢡ꣄ꢡꣁ,absurdity
ꢪꢸꢣ꣄ꢬꣁ,sign
ꢂꢩꢶꢪꢵꢥ꣄,"Regard,love"
ꢱꢷꢥ꣄,tiredness
ꢒꢺꢬꢸꢦꣁ,grace
ꢂꢭꢖ꣄ꢒꢵꢬ꣄,"beautification, decoration"
ꢆꢣꢵꢱꢷꢥ꣄,indifference
ꢩꢮꢵꢜ꣄,screaming
ꢲꢶꢠ꣄ꢞꢱ꣄ꢡꢿ,wandering
ꢂꢮꢶꢱ꣄ꢮꢵꢱ꣄,disbelief
ꢒꢳꢖ꣄ꢔꢸ,disgrace
ꢱꢸꢥ꣄ꢣꢬꣁ,handsome man
ꢱꢸꢥ꣄ꢣꢬꢶ,beautiful woman
ꢱꢸꢖ꣄ꢔꢵꢬ꣄,beauty
ꢥꢵꢱ꣄,destruction
ꢥꢱꢵꢡ꣄,destruction
ꢥꢱꢶꢥꢪ꣄,destruction
ꢨꣁꢮ꣄ꢥꢶ ꢦꢡ꣄ꢬꢶꢒꣁ,invitation
ꢃꢗ꣄ꢗꢬ꣄ꢫꢸ,wonder
ꢮꢶꢣ꣄ꢮꢵꢥ꣄,scholar
ꢦꢠ꣄ꢞꢶꢡ꣄,scholar
ꢦꢬꢶꢗꢫ꣄,introduction
ꢂꢒ꣄ꢛꢵꢥ꣄,ignorance
ꢛꢵꢥꢶ,wise person
ꢂꢙ꣄ꢛꢵꢥꢶ,ignorant
ꢂꢙ꣄꣄ꢛꢵꢥ꣄,ignorance
ꢛꢵꢥ꣄,knowledge
ꢦꢶꢬꢿꢮ,affection
ꢃꢣꢬꣁ,support
ꢂꢥꢸꢪꢡꢶ,permission
ꢲꢜ꣄ꢮꢥ꣄,opinion
ꢃꢒ꣄ꢬꢪꢠꣁ,aggression
ꢃꢗ꣄ꢗꢬ꣄ꢫꢸ,surprise
ꢄꢗ꣄ꢗꣁ,desire
ꢃꢱ꣄ꢡꣁ,desire
ꢃꢜ꣄ꢰꢿꢦꢠꣁ,protest
ꢃꢤꢬꣁ,support
ꢃꢤꢶꢒ꣄ꢫꣁ,"impact, influence"
ꢒꢸꢡꢹꢲꢭ꣄,"curiosity, interest"
ꢲꢬꢸꢪ꣄ꢨꢪ꣄,beginning
ꢬꢾꢗ꣄ꢗꢒꢹꢡ꣄,uproar
ꢃꢬꣂꢔ꣄ꢫꢸ,health
ꢱꢪꢬ꣄ꢡꢸ,"strength, skill, ability"
ꢨꣁꢭꢶꢪ꣄,"strength, skill, ability"
ꢃꢥ꣄ꢥꢥ꣄ꢣꢸ,"merriment, enjoyment"
ꢓꢿꢳꢸꢮꢡ꣄ꢡꣁ,mockery
ꢄꢗ꣄ꢘꣁ,desire
ꢏꢦ꣄ꢦꢱ꣄ꢡꢿ,acceptance
ꢱ꣄ꢮꢩꢵꢮ꣄,nature
ꢒꢬꢸꢠꣁ,"pity, kindness"
ꢬꢸꢗ꣄ꢗꢶ,taste
ꢬꢾꢗ꣄ꢗꣁ,noise
ꢕꢾꢬꢸ ꢤꢾꢬꢸꢪ꣄,family life
ꢭꢒ꣄ꢰ꣄ꢫꢮꢵꢣꢶ,man of principle
ꢥꢾꢰ꣄ꢜꢶ,loss
ꢲꢾꢜ꣄ꢜꢾ ꢲꢱꣁ,laughter
ꢔꢾꢬꢸꢮ꣄,arrogance
ꢱꣁꢪ꣄ꢦꢸ,pleasure
ꢔꢸꢭ꣄ꢭꢾ,sweetness
ꢏꢦ꣄ꢦꢫꢾꢫꣁ,"desire, liking"
ꢥꢶꢙ꣄ꢙꢪ꣄,truth
ꢱꢾꢡ꣄ꢡꢸ,truth
ꢭꢔꢶꢥꢶ,feeling
ꢩꢵꢮꢥꣁ,feeling
ꢱꢲꢵꢮ꣄,help
ꢆꢦꢒꢵꢬ꣄,help
ꢆꢦꢒꢵꢬꢶ,helper
ꢱꢶꢬꢪꣁ,hardwork
ꢆꢡ꣄ꢱꢵꢲ꣄,enthusiasm
ꢥꢷꢛ꣄ꢙꢸ,sleep
ꢲꣂꢖ꣄ꢔꢸ,sleep
ꢂꢥꢸꢪꢵꢥ꣄,guessing
ꢬꢹꢱ꣄,petty quarrel between husband and wife
ꢇꢣꢵꢬꢶ,prodigal
ꢧꣁꢮ꣄ꢥꢦꢥ꣄,hospitality
ꢔꢪ꣄ꢗꢶꢥꢶ,hospitality
ꢒꢾꢰ꣄ꢜꢪ꣄,trouble
ꢆꢣ꣄ꢣꢪ꣄,trouble
ꢓꢾꢬꢸꢜ꣄,saltish taste
ꢱꢶꢬꢣ꣄ꢤꢵ ꢒꢵꢪ꣄ꢒꢾꢬ꣄ꢡꣁ,hardworker
ꢔꢿꢭꢶ,chuckling
ꢙꢵꢔ꣄ꢬꢡꢶ,warning
ꢲꢜ꣄ꢮꢥ꣄,thought
꣄ꢗꢶꢥ꣄ꢡꢥꣁ,thought
ꢮꢾꢣꢸꢬ꣄ꢛ꣄ꢗꢶꢥꢶ,"opposition, resistance"
꣄ꢮꢾꢣꢸꢬ꣄ꢛ꣄ꢗꢶꢥꢶ,"opposition, resistance"
ꢙꢵꢳ꣄,irritation
ꢡꢶꢒ꣄ꢒꢾ,hot taste
ꢱꢺꢖ꣄ꢒꢵꢬ꣄,beauty
ꢭꢴꢾꢔꢸꢮ꣄,easiness
ꢗꢸꢭꢨ꣄,easiness
ꢱꣃꢙꢥ꣄ꢫꢪ꣄,simplicity
ꢱꣁꢮ꣄ꢭꢾ,longing
ꢮꢾꢒꢸꢭ꣄,longing
ꢔꢵꢭ꣄,scolding
ꢲꢸꢖ꣄ꢔꢵꢞ꣄,dupe
ꢲꢸꢖ꣄ꢔꢞ꣄ꢠꢶ,duping
ꢌꢞ꣄ꢗꢜ꣄ꢠꢶ,duping
ꢲꢸꢖ꣄ꢒꢜꢡ꣄ꢡꢾ,duping
ꢲꢸꢖ꣄ꢔꢞ꣄,disappointment
ꢌꢜ꣄ꢗꢞ꣄ꢠꢶ,cheating
ꢡꢫꢵꢬ꣄,arrangement
ꢱꢾꢥ꣄ꢣꢿꢮ꣄,doubt
ꢏꢜ꣄ꢒꢪ꣄,narrowness
ꢪꢾꢬ꣄ꢗꢥ꣄,foppishness
ꢪꢾꢬ꣄ꢗꢸꢭꢥ꣄ ꢥꢵꢬꢶ,foppish girl
ꢫꣁꢒ꣄ꢡꣁ,unity
ꢮꢶꢰ꣄ꢬꢵꢥ꣄ꢡꢶ,"rest, retirement"
ꢥꢶꢮꢺꢡꢶ,"rest, retirement"
ꢥꢶꢮꢺꢡꢶ ꢮꢾꢡꢥꣁ,pension
ꢱꢪꢬꢹꢦ꣄,uniformity
ꢱꢾꢬ꣄ꢒ ꢬꢴꢱ꣄ꢡꢾ,perfection
ꢱꢾꢬ꣄ꢒ ꢬꢴꢠꢶ,perfection
ꢒꣁꢜꢸꢒ꣄,bitter taste
ꢭꣂꢩꢸ,"miserliness, stinginess"
ꢭꣁꢩꢶ,miser
ꢂꢥꢸꢱꢵꢱꢥꣁ,discipline
ꢒꢬ꣄ꢡꢮ꣄,indebtedness
ꢒꢬ꣄ꢡ꣄ꢡꢮ꣄ꢫꢪ꣄,indebtedness
ꢓꢾꢞꢶꢥ꣄,hard
ꢒꢞꢹꢱ꣄,"harshness, hardness"
ꢒꢠ꣄ꢞꢶꢦ꣄,Strictness /chide
ꢒꢝꣂꢬ꣄,Strictness /chide
ꢔꢮ꣄ꢬꢮ꣄,"decency, dignity"
ꢃꢱꢵꢣꢩꢹꢡꢶ,hypocrite
ꢒꣁꢦꢜꢾ,cheater
ꢒꢪꢨꢷꢬ꣄,majestic bearing
ꢒꢺꢦꣁ,"grace, mercy"
ꢃꢒꢬ꣄ꢰꢠꣁ,attraction
ꢤ꣄ꢫꢵꢥ꣄,"attention, care"
ꢔꢪ꣄ꢗꢶꢥꢶ,"attention, care"
ꢂꢮꢤꢵꢥ꣄,"attention, care"
ꢗꣁꢞ꣄ꢞꢦꢥ꣄,falsehood
ꢗꣁꢞ꣄ꢞꢦꢥ꣄,theft
ꢗꣂꢬ꣄,theft
ꢗꣁꢞ꣄ꢞꣁ,thief
ꢗꣂꢬ꣄,thief
ꢗꣁꢞ꣄ꢞꢶ,thief
ꢒꢭ꣄ꢪꢱꣁ,stain
ꢪꢭꢶꢥꣁ,stain
ꢯꢷꢥ꣄,tiredness
ꢣꢫꣁ,"pity, mercy"
ꢨꢵꢤꣁ,"difficulty, suffering"
ꢪꢶꢭꢿꢗ꣄ꢗꣁ,barbarian
ꢮꢥꢗꢬꣁ,barbarian
ꢦ꣄ꢬꢾꢪ꣄,love
ꢦ꣄ꢬꢾꢮ꣄,love
ꢦ꣄ꢬꢶꢫꢡꢪꣁ,lover
ꢦ꣄ꢬꢾꢪꢶꢒꣁ,lover
ꢦ꣄ꢬꢶꢫꣁ,lover
ꢒꢵꢪꢪ꣄,lust
ꢔꢾꢭꢶ,"ridicule, mockery"
ꢆꢦꢲꢵꢱ꣄,"ridicule, mockery"
ꢒꢸꢱꢸꢪ꣄ꢨꢸ ꢒꢾꢬꢱ꣄ꢡꢾꢥꣁ,mischievous man
ꢒꢸꢱꢸꢪ꣄ꢨꢸ,mischief
ꢗꢾꢰ꣄ꢜꣁ,mischief
ꢱꢾꢬꢵꢨꢶ,drunkard
ꢦꢥꢶ ꢨꣁꢠ꣄ꢞꢶ,drunkard
ꢒꢸꢠ꣄ꢠꢸ,character
ꢒꢸꢣꢹꢲꢭ꣄,"merry, happiness"
ꢱꣁꢥ꣄ꢡꣂꢰ꣄,"merry, happiness"
ꢱꢶꢳ꣄ꢳꣁ,chillness
ꢂꢦ꣄ꢬꢵꢤꢸꢩꢵꢮ꣄,guilty consciousness
ꢗꢹꢒꢸ ꢩꢵꢮ꣄,guilty consciousness
ꢭꢵꢙ꣄,shyness
ꢭꢵꢱꢸ,shyness
ꢭꢙ꣄ꢙꣁ,shyness
ꢦ꣄ꢬꢵꢬ꣄ꢢꢥꣁ,Pleading/ entreating
ꢦ꣄ꢬꢾꢮ꣄ꢒꢥ꣄ ꢪꢾꢭ꣄ꢭꢶꢥꢶ,Pleading/ entreating
ꢭꢾꢛ꣄ꢙꢪ꣄,bribe
ꢆꢡ꣄ꢒꣁꢗ꣄,bribe
ꢦ꣄ꢬꢾꢮꢸꢪꢣꢶꢥꢶ,Fondtalk/cooing
ꢥꢶꢥꢵꢮꢸ ꢮꢡ꣄ꢡꣁ,Fondtalk/cooing
ꢪꢫꢵꢭꢸ ꢮꢡ꣄ꢡꣁ,Fondtalk/cooing
ꢡꢵꢦ꣄,boil
ꢓꢾꢜ꣄,boil
ꢗꢹꢞ꣄ꢲꢥꢱ꣄ꢡꢾ,decoity
ꢮꢶꢣꢹꢰꢒꣁ,"clown, buffoon"
ꢮꢶꢣꢹꢰꢒꢦꢥ꣄,buffoonery
ꢬꢵꢒ꣄,anger
ꢤꢒ꣄ꢒꢶꢭꢾ,coward
ꢤꢵꢒ꣄ꢸꢦꢥ꣄,cowardice
ꢕꢾꢥꢪ꣄,prestige
ꢔꢮ꣄ꢬ꣄ꢡꣁ,prestige
ꢨꣁꢭꢶꢪ꣄,strength
ꢯꢒ꣄ꢡꢶ,strength
ꢱꢲꢥꣁ,tolerance
ꢦꣁꢥ꣄ꢣꢸꢭ꣄ꢥꢶ,tolerance
ꢩꢫ꣄ꢩꢾꢫ꣄ꢥꢾꢥꢸ ꢩꢵꢮꢥꣁ,brotherhood
ꢨꢵꢤꣁ,sorrow
ꢮꢵꢣꢸ ꢮꢡ꣄ꢡꣁ,petty quarrel
ꢥꢥ꣄ꢚꢾꢞꣁ,petty quarrel
ꢚꢾꢞꣁ,quarrel
ꢚꢾꢞꣀꢡ꣄,quarrelsome man
ꢚꢾꢞꣀꢡꢶꢥ꣄,quarrelsome woman
ꢣꢸꢬ꣄ꢫꣁꢗꢥꣁ,conspiracy
ꢱꢞ꣄ꢫꢥ꣄ꢡ꣄ꢬꢸ,conspiracy
ꢱꢥ꣄ꢣꢬ꣄ꢩꢮꢵꢣꢶ,opportunist
ꢱꢾꢥ꣄ꢣꢾꢮ꣄,doubt
ꢱꢪ꣄ꢪꢡ꣄,acceptance
ꢱꢲꢪꢡꢶ,acceptance
ꢬꢵꢙꢶ,compromise
ꢏꢬ꣄ꢦꢸ,compromise
ꢱꢬꢱ꣄,tact
ꢒꢵꢬ꣄ꢫ ꢒꢸꢰꢭꢡꣁ,tact
ꢮꢶꢱꢶ,boredom
ꢮꢶꢬꢱꢡꣁ,boredom
ꢱꢵꢤ꣄ꢫꢸ,possibility
ꢱꢵꢤꢸ,calm person
ꢯꢵꢥ꣄ꢡꢸ,quietness
ꢦ꣄ꢬꢗ꣄ꢗꢥꣁ,Tangle/mess
ꢨꢸꢱ꣄ꢒꣁ,Tangle/mess
ꢦꢶꢭꣁ,Tangle/mess
ꢗꢶꢥ꣄ꢡꢥꣁ,thought
ꢗꢶꢥ꣄ꢡ,thought
ꢲꢱꢶꢥꢶ,laughter
ꢱꢶꢖ꣄ꢔꢡꢶꢦꢥ꣄,friendship
ꢱꢾꢖ꣄ꢔꢣꢶꢦꢥ꣄,friendship
ꢱꢶꢖ꣄ꢔꢡꢶ,friend
ꢱꢾꢖ꣄ꢔꣀꢡ꣄,friend
ꢄꢰ꣄ꢜꢸꢜ꣄,friend
ꢱꢶꢖ꣄ꢒꢔꢵꢬ꣄,beauty
ꢱ꣄ꢮꢩꢵꢮ꣄,"nature, character"
ꢩꢵꢬ,burden
ꢱꢮꢫꢒꣃꢬꢮ꣄,self-respect
ꢱꣁꢬꢠꣁ,sensitivity
ꢱ꣄ꢦꢬ꣄ꢯ ꢗꢾꢡꢥꣁ,sensitivity
ꢡ꣄ꢮꢬꢶꢡꢸ ꢩꢵꢮ꣄,Briskness/ smartness
ꢮꢾꢔꢸ ꢒꢾꢬ꣄ꢥꢶ,Briskness/ smartness
ꢱꢪꢬ꣄ꢡꢸ,Briskness/ smartness
ꢱꢹꢡꢸ,gambling
ꢒꢬ꣄ꢪꣁ,deed
ꢒꢵꢪ꣄,deed
ꢔꢾꢬꢸꢮ꣄,proudness
ꢪꢷ ꢩꢵꢮ꣄,proudness
ꢂꢲꢖ꣄ꢒꢵꢬ꣄,proudness
ꢪꢪꢡꣁ,proudness
ꢚꢸꢒ꣄ꢒꢸꢮꢿꢱ꣄ ꢒꢾꢬ꣄ꢥꢵꢬ꣄,spendthrift
ꢇꢣꢵꢬꢶ,spendthrift
ꢂꢭꢱꣁ,lazy fellow
ꢂꢱꢪꢥ꣄ꢣꢪ꣄,lazy fellow
ꢪꢥ꣄ꢣꢪ꣄,laziness
ꢃꢭꢱ꣄ꢫꣁ,laziness
ꢱꣃꢥ꣄ꢣꢬ꣄ꢫꣁ,beauty
ꢲꢜ꣄ꢮꢥꢸ ꢯꢒ꣄ꢡꢶ,memory power
ꢲꢜ꣄ꢮꢥ꣄,memory
ꢡꢾꢜ꣄ꢜꢸ ꢪꢸꢜ꣄ꢜꢫꢶꢥꢶ,glitch
ꢯꢶꢳ꣄ꢳꢦꢥ꣄,coolness
ꢡꢥ꣄ꢡꢸꢬꢸꢦꢥ꣄,cleverness
ꢡꢪꢵꢰ꣄,humour
ꢦꢱ꣄ꢡꣁꢒ꣄ꢒꢶꢥꢶ,hesitation
ꢱꢖ꣄ꢒꣂꢗ꣄,hesitation
ꢣꢫꣁ,kindness
ꢣꢬ꣄ꢯꢥꣁ,Holy vision
ꢣꣁꢱ꣄ꢒꣁ ꢏꢖ꣄ꢔꢶꢥꢶ,Humiliation
ꢔꢾꢬꢸꢮꢸ ꢩꢖ꣄ꢔꢸ,Humiliation
ꢮꢶꢯ꣄꣄ꢬꢵꢥ꣄ꢡꢶ,relaxing
ꢮꢶꢬꢵꢪꣁ,relaxing
ꢦꢬꢶꢯ꣄꣄ꢬꢪꣁ,relaxing
ꢯ꣄꣄ꢬꢪꢦꢬꢶꢲꢵꢬ꣄,relaxing
ꢱꢸꢫꢔꣃꢬꢮ꣄,self-prestige
ꢂꢭꢔ꣄ꢔꢸꢠ꣄ꢠꢸ,individuality
ꢮ꣄ꢫꢒ꣄ꢡꢶꢡ꣄ꢮꣁ,individuality
ꢦ꣄ꢬꢸꢢꢒ꣄ꢩꢵꢮ꣄,individuality
ꢮꢶꢯꢿꢰꢸꢔꢸꢠ꣄ꢠꢸ,individuality
ꢏꢠ꣄ꢜꢶꢦꢥ꣄,loneliness
ꢂꢭꢔ꣄ꢔ ꢬꢴꢥꢶ,loneliness
ꢮꢾꢔꢸꢭꢦꢥ꣄,loneliness
ꢱꣂꢒ꣄,thirst
ꢣꢵꢪ꣄ꢦꢡ꣄ꢫꢙꢶꢮ꣄ꢥꢪ꣄,Conjugal life
ꢱꢡꢶꢦꢡꢶ ꢙꢶꢮ꣄ꢥꢪ,Conjugal life
ꢆꢣꢵꢬꢔꢸꢠ꣄ꢠꢸ,generocity
ꢣꢾꢛ꣄ꢗꢸ,firmness
ꢗꣂꢬꢸꢦꢥ꣄,stealing
ꢱꢾꢬ꣄ꢒꢒꢬ꣄ꢥꢶ,correction
ꢡꢶꢣ꣄ꢣꢸꢮꢭꢶ,correction
ꢱꢸꢤꢵꢬ꣄,correction
ꢡꢶꢬꢸꢦ꣄ꢡꢶ,"contentment, satisfaction"
ꢡ꣄ꢫꢵꢔ꣄,relinquishing/ sacrifice/ martyrdom
ꢡ꣄ꢫꢵꢔꢶ,Relinquisher/ martyr
ꢱꢪꢬ꣄ꢢꢸ,"ability, skill"
ꢃꢯꢒ꣄ꢡꢸ,"ability, skill"
ꢱꢪꢬ꣄ꢢꢸꢦꢥ꣄,"ability, skill"
ꢥꢵꢱ꣄,evil
ꢥꢱꢵꢡꢸ,evil
ꢥꢶꢬꢠꢫꣁ,judgement
ꢤꢷꢬꢸ,brave person
ꢤꢾꢫ꣄ꢬ꣄ꢫꢮꢵꢥ꣄,brave person
ꢡꢷꢮ꣄ꢬꣁ,"severity, extremity"
ꢡꢷꢮ꣄ꢬꢮꢵꢣꢶ,extremist
ꢣꢸꢓꢸ,sorrow
ꢪꣁꢥ꣄ꢥꢸꢤꢾꢫ꣄ꢬ꣄ꢫꢪ꣄,Courage/daring
ꢣꢸꢬꢞꢶꢰ꣄ꢜꢸ,bad luck/misfortune
ꢣꢸꢬꣂꢒ꣄,Treason/treachery
ꢏꢔꢸꢬ꣄,astringency
ꢱꢥ꣄ꢫꢵꢱꢸ ꢤꢾꢬꢸꢪ꣄,saintly life
ꢱꢥ꣄ꢫꢵꢱꢶ,saint
ꢐꢖ꣄ꢒꢸ,sleep
ꢱꢸꢣ꣄ꢤꢶ,cleanliness
ꢪꢸꢣꢶꢬꢪ꣄ꢪꣁ,a woman above 39 years
ꢱ꣄ꢦꢰ꣄ꢜꢸ,clarity
ꢤꣀꢬ꣄ꢫꢱꢵꢭꢶ,brave person
ꢤꢾꢫ꣄ꢬ꣄ꢫꢪ꣄,courage
ꢦ꣄ꢬꢵꢬꢪ꣄ꢩꢸ,beginning
ꢱꢪ꣄ꢨꢥ꣄ꢤꢸ,"relation, contact"
ꢱꢪ꣄ꢦꢬ꣄ꢒꢸ,"relation, contact"
ꢮ꣄ꢫꢒ꣄ꢡꢸ,manifestation
ꢱꢖ꣄ꢔꢡꢶꢦꢥ꣄,friendship
ꢏꢠ꣄ꢒꢶꢥꢶ,shivering
ꢥꣁꢪ꣄ꢪꢶꢥꢶ,belief
ꢥꣁꢪ꣄ꢒꢾ,belief
ꢧꢠ꣄ꢜꢓꢾꢱ꣄,grey hair
ꢱꢸꢔꢥ꣄ꢡꢸ,fragrance
ꢩꢭꣁ,Benefit
ꢗꣁꢒ꣄ꢧꢭꢸꢥ꣄,Benefit
ꢤꢥ꣄ꢥꢸ,gratitude
ꢤꢥ꣄ꢥꢸ ꢲꢷꢥꢸꢦꢥ꣄,ingratitude
ꢔꢵꢪ ꣄ꢧꢶꢬ꣄ꢥꢵꢬ꣄,vagabond
ꢦꢬꢶꢩ꣄ꢬꢪꢶ,vagabond
ꢣꢾꢯꢗꢵꢬꢶ,vagabond
ꢂꢮ꣄ꢪꢵꢥ꣄,disgrace
ꢬꢸꢙꢸꢦꢥ꣄,Honesty
ꢥꢶꢡ꣄ꢡꢦꢥ꣄,Honesty
ꢕꢵꢥ꣄,foul smell/stink
ꢣꢸꢬ꣄ꢔꢥ꣄ꢤꢸ,foul smell/stink
ꢱꢪꣁ,equality
ꢱꢪꢦꢥ꣄,equality
ꢱꢪꢡꣁ,equality
ꢱꢷꢱꣁꢮ꣄ꢬꢶ ꢬꢴꢵꢱ꣄ꢡꢾ,poise
ꢢꢶꢬꢪ꣄ꢒꢥꢶ ꢬꢴꢵꢱ꣄ꢡꢾ,poise
ꢔꢵꢳ꣄꣄,scolding
ꢥꢶꢥ꣄ꢣꢥꣁ,scolding
ꢢꢸꢮ꣄ꢥꢶ,scolding
ꢱꢪꢬ꣄ꢢꢸꢮꢵꢥ꣄,expert
ꢥꢶꢬꢵꢯꣁ,disappointment
ꢱ꣄ꢢꢶꢡꢶ,condition
ꢱ꣄ꢪꢬꢠ ꢯꢒ꣄ꢡꢶ,memory power
ꢪꢹꢬ꣄ꢗ꣄ꢘꣁ ꢭꢔꢾ ꢱ꣄ꢡꢾꢥꣁ,Unconsciousperson
ꢱ꣄ꢪꢬꢠꣁ,memory
ꢂꢥꢫꣁꢥ꣄ꢫꢸ,intimacy
ꢦꢒ꣄ꢮꣁ,Ripeness/maturity
ꢦꢶꢒ꣄ꢒꢶꢥꢶ,Ripeness/maturity
ꢪꣁꢙꣁ,pomp
ꢪꢾꢬ꣄ꢗꢶꢥꢶ,pomp
ꢨꢥ꣄ꢣꢵ,pomp
ꢮꢶꢬꣂꢤ꣄,enmity
ꢦꢬꢶꢡꢵꢦ꣄,Pity/sympathy
ꢧꢭ꣄ꢗꢵꢡꢵꢦ꣄,Pity/sympathy
ꢂꢥꢸꢡꢵꢮ꣄,Pity/sympathy
ꢩꢹꢒ꣄,hunger
ꢱꢾꢭꢶꢪ꣄ꢨꢸ,prosperity
ꢱꢾꢭꢶꢦꢪ꣄,prosperity
ꢱꢸꢒ꣄ꢒꢶꢥꢶ,drought
ꢗꢾꢣꢸꢮ꣄,education
ꢮꢶꢣ꣄ꢫꣁ,education
ꢒ꣄ꢬꢸꢡꢶ,creation
ꢆꢡ꣄ꢦꢵꢣꢥꣁ,creation
ꢬꢹꢦ꣄ꢒꢾꢬ꣄ꢥꢶ,creation
ꢱ꣄ꢬꢸꢰ꣄ꢜꢶ,creation
ꢔꢸꢠ꣄ꢠꢸꢥ꣄,character
ꢔꢸꢠ꣄ꢠꢸꢥꢸ ꢱꢵꢬ꣄,character sketch
ꢦꢡ꣄ꢥꢶ,Chastewoman
ꢤꢪꢵꢤꢵꢪ꣄,Haste/tension
ꢤꢵꢒ꣄,fear
ꢥꣁꢮꢡꢾꢒꣁ ꢱꢵꢡ꣄ꢡꣁ ꢤꢒ꣄ꢒꢶꢥꢶ,Fear of unfamiliar persons
ꢂꢩ꣄ꢫꢵꢱ꣄,exercise
ꢱꢵꢤꢸ,Harmless person
ꢦꢵꢭꢥꣁ ꢒ꣄ꢬ꣄ꢥꢶ,maintenance
ꢦꢬꢶꢲꢵꢬ꣄,expiation
ꢦ꣄ꢬꢵꢫꢯ꣄ꢗꢶꢡ꣄ꢡꢸ ꢒꢾꢬꢱ꣄ꢡꢾ,expiation
ꢦꢬꢶꢲꢵꢱ꣄,sarcasm
ꢦꢬꢶꢱꢸꢣ꣄ꢤꢶ,purity
ꢦꢬꢶꢡꢵꢦ꣄,sympathy
ꢨꢭꢲꢶꢥ꣄,weakness
ꢨꢭ꣄ꢯꢵꢭꢶ,strong person
ꢦꢮꢶꢡ꣄ꢬꢸ,holiness
ꢬꢦ꣄ꢡꣁ,Habit/custom
ꢦꣁꢬꢵꢒ꣄ꢦꣁꢬꣁ,revenge
ꢦ꣄ꢬꢡꢶꢯꣂꢤ꣄,revenge
ꢦ꣄ꢬꢒꢵꢰ꣄,shining
ꢪꢾꢬ꣄ꢦꢸꢭ꣄,shining
ꢙꣁꢭꢶꢛ꣄ꢗꢶꢥꢶ,shining
ꢥꢸꢮꢶꢥꢶ,praise
ꢪꢾꢗ꣄ꢗꢶꢥꢶ,praise
ꢯ꣄ꢭꢵꢕꢥꣁ,praise
ꢩꢷꢒ,begging
ꢕꢾꢞꢶꢮꢵꢣ꣄,"stubbornness, obstinacy"
ꢣꢸꢬꢵꢔ꣄ꢬꢲꣁ,"stubbornness, obstinacy"
ꢦꢶꢬꢡꢶꢧꣂꢭ,reward
ꢪꢵꢫꣁ,illusion
ꢦꢱ꣄ꢒꢜ꣄ ꢬꢴꢥꢶ,backward
ꢩꢷꢡꢶ,fear
ꢥꢸꢮꢶꢥꢶ,praising
ꢔꢸꢨꢸꢔꢸꢦꢵꢱ꣄ꢡꢿ,friction
ꢨꢸꢣ꣄ꢤꢶ,intelligence
ꢆꢡ꣄ꢱꢵ,refreshness
ꢔꢾꢠꢵꢡ꣄,treasure
ꢂꢪ꣄ꢨꢜ꣄,sour taste
ꢦꢮꢶꢡ꣄ꢬꢸ,sanctity
ꢒꢥ꣄ꢫꢵ,girl upto 12 years
ꢒꢷꢬ꣄ꢡꢶ,glory
ꢮꢾꢣꢸꢬ꣄ ꢮꢣꢶꢥꢶ,interview
ꢩꢿꢡ,difference
ꢪꢶꢢꢥ꣄,False
ꢥꣁꢮꢦꢥ꣄,Freshness
ꢂꢱꢹꢫꣁ,"greed, jealousy"
ꢙꢮꢵꢨ꣄ꢣꢵꢬ꣄,responsibility
ꢱꢲꢥꢡꣁ,patience
ꢔꢸꢠ꣄ꢞꣁ,rowdy
ꢔꢸꢠ꣄ꢞꢦꢥ꣄,rowdism
ꢪꢲꢶꢪꣁ,greatness
ꢪꢵꢲꢵꢡ꣄ꢪꣁ,great soul
ꢪꢲꢵꢥ꣄,greatman
ꢪꣁꢪ꣄ꢦꢸ,"enjoyment, pleasure"
ꢱꣁꢥ꣄ꢡꢸ,"enjoyment, pleasure"
ꢫꢸꢮꢡꢶ,girl upto 16 years of age
ꢪꢴꢸꢞꢦꢥ꣄,foolishness
ꢪꢴꢸꢞꣁ,fool
ꢮꢱꢸꢥꣁ,fragrance
ꢕꢾꢥꢪ꣄,respect
ꢪꢾꢖ꣄ꢔꢶꢥꢶ,Drowsiness
ꢪꢴꢸꢞꣁ,blockhead
ꢪꣁꢬ꣄ꢔ꣄ꢫꢵꢡ꣄,respect
ꢧꢸꢭꢱ꣄ꢡꢾ,Blooming/blossom
ꢮꢶꢱꢸꢬ꣄,forgetfulness
ꢮꢾꢒꢸꢭ꣄,confusion
ꢪꣁꢥ꣄ꢥꢸ ꢒꢮ꣄ꢭꢶꢥꢶ,confusion
ꢪꣁꢥ꣄ꢥꢸ ꢯꢵꢥ꣄ꢡꢶ,peace of mind
ꢨꢵꢤꣁ,grievance
ꢡ꣄ꢬꢸꢦ꣄ꢡꢶ,fulfilment
ꢦꢬꢶꢦꢹꢬ꣄ꢠꢸ,fulfilment
ꢪꢥꣂꢩꢵꢮ꣄,Feeling/ attitude
ꢪꢬ꣄ꢗꢶꢥꢶ,change
ꢏꢬꢶꢮꢬ꣄ꢡꢥꣁ,change
ꢂꢮꢪꢵꢥ꣄,disgrace
ꢪꢵꢥ꣄,prestige
ꢔꣃꢬꢮ꣄,prestige
ꢔꢾꢡ꣄ꢡꢸ,Ostentation/
ꢒꣁꢪ꣄ꢨꢳꢦꢥ꣄,Softness/tenderness
ꢡꢶꢬ꣄ꢪꢵꢥ꣄,decision
ꢦꢬꢶꢦꢒ꣄ꢮꢡꣁ,maturity
ꢫꢡ꣄ꢡꢥ꣄,Attempt/effort
ꢦ꣄ꢬꢫꢡ꣄ꢡꢥ꣄,Attempt/effort
ꢥꢴꢥ꣄ꢲꢱꣁ,smile
ꢪꢸꢒꢸꢭ꣄ꢲꢱꣁ,smile
ꢆꢥ꣄ꢥꢡꢶ,development
ꢲꣁꢬꢮ꣄ꢥꢶ,development
ꢂꢥ꣄ꢤꢮꢶꢯ꣄꣄ꢮꢵꢱ꣄,blind belief/ superstition
ꢣꣁꢮ꣄ꢬꢦꢥ꣄,old age
ꢪꢹꢬ꣄ꢓꢦꢥ꣄,rudeness
ꢪꢹꢬ꣄ꢓꢸ,cruel person
ꢥꢶꢙꢮꢡ꣄ꢡꣁ,truth
ꢱꢡ꣄ꢫ ꢮꢵꢒ꣄,truth
ꢙꣁꢭꢶꢛ꣄ꢗꢶꢥꢶ,shine
ꢪ꣄ꢬꢸꢣꢸꢦꢥ꣄,softness
ꢪꢾꢣꢸꢮꢸꢦꢥ꣄,softness
ꢪꢴꣁꢜ꣄ꢜꢦꢥ꣄,Greatness/ superiority
ꢪꢿꢜ꣄ꢦꢥ꣄,Greatness/ superiority
ꢯ꣄ꢬꢿꢰ꣄ꢝꢦꢥ꣄,Greatness/ superiority
ꢪꣂꢲ꣄,infatuation
ꢪꣂꢲ꣄,Cheating/gulling
ꢪꣃꢥ꣄,silence
ꢂꢮꢵꢒ꣄,silence
ꢫꢢꢵꢬ꣄ꢢꢮꢵꢣꢶ,realist
ꢫꣁꢗꢥꣁ,thought
ꢬꢸꢗꢶ,taste
ꢮꢛ꣄ꢗꢥꣁ,betrayal
ꢮꢛ꣄ꢗꢥꣁ ꢒꢾꢬ꣄ꢥꢵꢬ꣄,Betrayer
ꢮꢬ꣄ꢠꢥꣁ,description
ꢲꢾꢡꣁ,grief
ꢮꢞ꣄ꢙꢥꢶ,fading
ꢔ꣄ꢬꢵꢲꢒꣁ,customer
ꢔ꣄ꢬꢵꢲꢶ,customer
ꢡꣂꢠꢸꢪ꣄ ꢤꣁꢮ꣄ꢳꣁ,keeping mum
ꢥꢶꢯꢨ꣄ꢣꢸ,keeping mum
ꢮꢶꢒꢵꢬ꣄,ugliness
ꢒꢸꢬꢹꢦ꣄,ugliness
ꢮꢶꢯ꣄꣄ꢮꢵꢱ꣄,faith
ꢮꢯ꣄꣄ꢮꢵꢱꢶ,faithful person
ꢃꢯ꣄꣄꣄ꢗꢬ꣄ꢫꢹ,wonder
ꢮꢶꢬꢲꢡꢵꢦ꣄,pangs of separation
ꢧꢵꢜ꣄,crack
ꢨꢶꢬꢸꢣꢸ,title
ꢏꢦ꣄ꢦꢫꢶꢥꢶ,liking
ꢗꢡ꣄ꢬꢸ,enmity
ꢮꢶꢮꢵꢣ꣄,argument
ꢬꢦ꣄ꢡꣁ,custom
ꢦꢬꣂꢦꢒꢵꢬꢶ,philanthropist
ꢲꣁꢞꢶꢥꢶ,growth
ꢣꢸꢒꢵꢭ꣄,drought
ꢣꢸꢒꢵꢳ꣄꣄,drought
ꢡꢾꢬ꣄ꢒꢾ,awareness
ꢦ꣄ꢬꢙ꣄ꢛꣁ,awareness
ꢨꢶꢱ꣄ꢱꢦꢥ꣄,quickness
ꢨꢶꢱ꣄ꢱꣁ,quickness
ꢤꣀꢬ꣄ꢫꢸ,bravery
ꢤꣀꢬ꣄ꢫꢮꢵꢥ꣄,brave man
ꢤꣀꢬ꣄ꢫ ꢱ꣄ꢡꢶꢬꢶ,brave woman
ꢨꣁꢞ꣄ꢠꢶ,falling
ꢙꢵꢭ꣄,irritation
ꢲꢸꢥ꣄ꢥꢦꢥ꣄,hotness
ꢲꢸꢥ꣄ꢥꣁ,hotness
ꢔꢷꢔ꣄,Success/victory
ꢆꢔ꣄ꢬꢡꣁ,fanaticism
ꢣ꣄ꢮꢾꢯ꣄,hatred
ꢮꢿꢔ꣄,speed
ꢯꣂꢒ꣄,thirst
ꢒꢹꢡ꣄,fun
ꢓꢾꢳ꣄,fun
ꢩꢿꢣ꣄,difference
ꢮꣀꢬꢵꢔ꣄ꢫꢸ,obstinacy
ꢂꢒ꣄ꢰꢬ꣄,syllable
ꢂꢒ꣄ꢰꢵꢥ꣄ꢡꢬ꣄,coda
ꢮꢶꢯꢿꢰꢠꣁ ꢔꢸꢠꢶ,attribute
ꢡꢵꢭꢸ ꢱꢨ꣄ꢣꢸ,palatal sounds
ꢲꢬꢶꢞꢶ ꢱꢨ꣄ꢣꢸ,palatal sounds
ꢬꢹꢦꢮꢬ꣄ꢠꢶ,figure of speech
ꢂꢭꢖ꣄ꢒꢵꢬ꣄,figure of speech
ꢬꢹꢦꢸ ꢥꢶꢬ꣄ꢪꢵꢥ꣄,structure
ꢩꢖ꣄ꢔꢶ ꢩꢵꢰꢥ꣄,indirect speeeh
ꢦꢬꣂꢰ ꢩꢵꢰꢠ꣄,indirect speeeh
ꢂꢬ꣄ꢤ ꢨꢶꢥ꣄ꢣꢸ,colon
ꢂꢬꢹꢦ ꢥꢵꢮ꣄,abstract noun
ꢥꢦꢸꢪ꣄ꢱꢒ ꢭꢶꢖ꣄ꢔꢸ,Non-humanneuter
ꢂꢳ꣄ꢳꢶꢖ꣄ꢔꢸ,Non-humanneuter
ꢯꢨ꣄ꢣ ꢂꢮ꣄ꢥꢶ,derivatives
ꢦꢸꢪ꣄ꢱꢒꢭꢶꢖ꣄,masculine gender
ꢣꢭ꣄ꢭꢶꢖ꣄ꢔ꣄,masculine gender
ꢃꢡ꣄ꢪꢷꢫꢮꢶꢩꢒ꣄ꢡꢶ,possessive case
ꢱꣁꢮ꣄ꢮꢾ ꢮꢶꢩꢒ꣄ꢡ,possessive case
ꢦꢸꢬꢸꢱ,person
ꢱꢡ꣄ꢮ ꢮꢶꢩꢒ꣄ꢡꢶ,locative case
ꢪꢳ꣄ꢥꢶ ꢱꢨ꣄ꢣꢸ,particle
ꢙꣁꢞꢶ,pair
ꢦ꣄ꢬꢒꢺꢡꢶ,feature
ꢕꢵꢪ꣄ ꢮꢡ꣄ꢡꣁ ꢣꢿꢱꢶ ꢮꢡ꣄ꢡꣁ,native word
ꢡꣂꢣꢸ ꢗꢾꢬ꣄ꢥꢶ,agreement
ꢣꢶꢮ꣄ꢥ ꢶꢱꢖ꣄ꢓ꣄꣄ꢫꣁ,dual number
ꢣꢶꢮ ꢮꢶꢩꢒ꣄ꢡꢶ,accusative case
ꢣꢶꢮ꣄ꢥꢶ,dual
ꢮ꣄ꢫꢵꢒꢬꢠ ꢩꢵꢒꢥ꣄꣄,grammatical categories
ꢮ꣄ꢫꢵ ꢒꢬꢠ ꢭꢶꢖꢔꢸ,grammatical gender
ꢮ꣄ꢫꢵꢒꢬꢠ꣄,grammar
ꢮ꣄ꢫꢵꢒꢬꢠ ꢱꢪ꣄ꢦ꣄ꢬꢣꢵꢫ꣄,grammatical tradition
ꢮ꣄ꢫꢵꢒꢬꢠ ꢱꢵꢱꢥꣁ,grammatical rule
ꢙꢶꢫꢾ ꢒꢵꢭ꣄,past tense
ꢔꢿ ꢒꢵꢭ꣄,past tense
ꢆꢗ꣄ꢗꢵꢬꢠ꣄,pronunciation
ꢚꢶꢬ꣄ꢒꢶꢥꢶ,glide
ꢏꢣꢜ꣄,lip
ꢲꣂꢜ꣄,lip
ꢂꢡꢶꢱꢵꢫꣂꢡ꣄ꢡꢶ,hyperbole
ꢂꢡꢶꢮꢬ꣄ꢠꢥꣁ,hyperbole
ꢦꢹꢙ꣄ꢫ ꢦꢲꢸ ꢮꢗꢥ꣄,honorific plural
ꢪꢿꢜꢸ ꢨꢲꢸ ꢮꢗꢥ꣄,honorific plural
ꢱ꣄ꢮꢬꢵꢒ꣄ꢰꢬ꣄ ꢂꢙꢸꢥꢒ꣄ꢰꢬ꣄,vowel
ꢱꢙꢷꢮꢶ,animate
ꢮꢶꢩꢒ꣄ꢡꢶ ꢗꢶꢥ꣄ꢲꢸꢥ꣄ ꢮꢶꢩꢡꢒ꣄ꢡꢶ ꢮꢬ꣄ꢠꢒꢸꢥ꣄,markers
ꢩꢵꢱ꣄ꢫꣁ,commentary
ꢆꢦꢪꣁ,simile
ꢂꢥ꣄ꢡ ꢥꢶꢬ꣄ꢪꢵꢥ꣄,internal structure
ꢪꢴꢣ꣄ꢣꢶ ꢢꣁꢮ꣄ꢥꢶ,infix
ꢇꢲꢪ꣄,assumption
ꢱꢖ꣄ꢓ꣄ꢫꣁ,number
ꢂꢮꢥ꣄ꢒꢵꢭ꣄,future tense
ꢮ꣄ꢫꢡꢶꢬꢿꢒ ꢱꢨ꣄ꢣꢸ,antonym
ꢮ꣄ꢫꢡꢶꢬꢿꢒ꣄,negative
ꢂꢰꢬ꣄,script
ꢭꢶꢦꢶ,script
ꢒꢬ꣄ꢡꣁ,subject
ꢃꢙ꣄ꢛꢵ,imperative
ꢗꢾꢬꢶꢨꢥ꣄ꢤꢶ,affix
ꢌꢒꢮꢗꢥ꣄,singular
ꢱ꣄ꢮꢬꣁ,"phone, sound"
ꢤ꣄ꢮꢥꢶ,"phone, sound"
ꢆꢗ꣄ꢗꢵꢜꢥꢪ꣄,pronunciation
ꢬꢷꢠꢸ ꢮꢡ꣄ꢡꣁ,loan word
ꢩꢬꢳ ꢮꢡ꣄ꢡꣁ,loan word
ꢓꢳ꣄ꢳꢥ꣄ ꢮꢡ꣄ꢡꣁ,borrowing
ꢒꢭꢸ,tense
ꢱ꣄ꢮꢭ꣄ꢦ ꢮꢶꢬꢵꢪ,comma
ꢥꢴꢥ꣄ ꢕꢾꢞꢶ,comma
ꢔꢸꢬꢶ,sign/mark
ꢗꢶꢥ꣄ꢲꢸ,sign/mark
ꢡꢵꢳꢸ,rhythm
ꢭꢫꣁ,rhythm
ꢱꢥ꣄ꢤꢶ,sandhi
ꢱꢪ꣄ꢱꢬ꣄ꢔꢸ,inflectional increment
ꢔꢸꢬꢶ,article
ꢱꢹꢡ꣄ꢬꢸ,"formula, rule"
ꢩꢵꢮ ꢩꢵꢰꣁ,gesture/sign language
ꢯꢨ꣄ꢣꢸ,word
ꢯꢨ꣄ꢣ ꢮ꣄ꢫꢵꢒꢬꢠꣁ,morphology
ꢧꣀꢭ꣄ ꢦꢸꢬꢸꢱꢸ,first person
ꢂꢒꢬ꣄ꢪꢒ ꢒ꣄ꢬꢶꢫꣁ,intransitive verb
ꢱꢒꢬ꣄ꢪꢒ ꢒ꣄ꢬꢶꢫꣁ,intransitive
ꢱꢵꢤꢵꢬꢠ ꢮꢵꢒ꣄ꢫꣁ,simple sentence
ꢩꢵꢰꢠ ꢮꢡ꣄ꢡꣁ,dialectal word
ꢔꢸꢪ꣄ꢦꢸꢥꢵꢮ꣄,mass noun
ꢪꢥ꣄ꢡꢸ ꢮꢡ꣄ꢡꣁ,corrupt word
ꢆꢦ ꢒ꣄ꢬꢶꢫꣁ,auxilliary verb
ꢮꢾꢒ꣄ꢒꢶꢥꢶ,selection
ꢱꢪ꣄ꢫꢸꢒ꣄ꢡꢸ,compound
ꢆꢒ꣄ꢡꢶ ꢮꢵꢒ꣄ꢫꢪ꣄,phrase
ꢮꢡ꣄ꢡꢵ ꢡꣁꢬꢠ꣄,phrase
ꢥꢶꢬꢥ꣄ꢡꢬ ꢒꢵꢭ꣄,continuous tense
ꢮꢵꢒ꣄ꢫ ꢦ꣄ꢬꢒꢬꢠꣁ,syntax
ꢒꢬ꣄ꢪꢸ ꢥꢵꢮ꣄,gerund
ꢬꢷꢡꢶ,style
ꢗꢬ꣄ꢮ ꢮꢶꢩꢒ꣄ꢡꢶ,dative case
ꢗꢭ꣄ꢡ ꢒꢵꢭ꣄,present tense
ꢮꢶꢬꢵꢪꢸ ꢗꢶꢥ꣄ꢲꢸ,punctuation marks
ꢭꢵꢪ꣄ꢱ꣄ꢮꢬꣁ,long vowel
ꢂꢒ꣄ꢰꢬꢵꢥ꣄,alphabet
ꢦ꣄ꢬꢡꢶꢩꢵꢱꢥ꣄,direct speech
ꢤꢹꢬ꣄ ꢦꢸꢬꢸꢱꢸ,third person
ꢮꢵꢒ꣄ꢮꢶꢲꢵꢬ꣄,ideogram
ꢒ꣄ꢬꢶꢫꢵꢦꢣ꣄,predicate
ꢨꢲꢹ ꢮꢗꢥ꣄,plural
ꢔꢷꢡ꣄,verse
ꢭꢶꢖ꣄ꢔꢸ,gender
ꢱꢒꢬ꣄ꢪꢒ ꢒ꣄ꢬꢶꢫꣁ,transitive verb
ꢂꢥꢸꢨꢥ꣄ꢤꢸ,suffix
ꢦꢹꢬ꣄ꢠ ꢮꢶꢬꢵꢪ꣄,fullstop
ꢲꣁꢭ꣄ꢭꢵ ꢥꢶꢬ꣄ꢪꢵꢥ꣄,surface structure
ꢱ꣄ꢡ꣄ꢬꢷ ꢭꢶꢖ꣄ꢔꢸ,feminine gender
ꢂꢳ꣄ꢳꢶꢖ꣄ꢔꢸ,feminine gender
ꢱꢬ꣄ꢮ ꢥꢵꢮ꣄,pronoun
ꢦ꣄ꢬꢡꢶ ꢥꢵꢮ꣄,pronoun
ꢮꢶꢯꢿꢰꢠ꣄,adjective
ꢱꢵꢤꢵꢬꢠꢭꢶꢖ꣄ꢔꢸ,common gender
ꢱꢵꢤꢵꢬꢠ ꢱꢨ꣄ꢣꢸ,common noun
ꢂꢬ꣄ꢢꢸ,meaning
ꢮꢒ꣄ꢬꣂꢒ꣄ꢡꢶ,ambiguity
ꢱꢪ꣄ꢡꢿꢲꢵꢬ꣄ꢢꢸ,ambiguity
ꢱꢪ꣄ꢦꢶꢬꢣꢵꢫꢸ,tradition
ꢬꢹꢟꢶ,tradition
ꢮ꣄ꢫꢒ꣄ꢡ ꢮꢡ꣄ꢡꣁ,allomorph
ꢮ꣄ꢫꢒ꣄ꢡ ꢱ꣄ꢮꢬꣁ,allophone
ꢂꢬ꣄ꢤ ꢨꢶꢥ꣄ꢤꢸ,semicolon
ꢪꢸꢱꢸꢥꢵ ꢒ꣄ꢬꢶꢫꣁ,incomplete verb
ꢦꢣꢪ꣄,clause
ꢂꢣꢶꢒꢬꢠꢪ꣄,clause
ꢥꢶꢱ꣄ꢱꢥ꣄ꢣꢾꢲ ꢒ꣄ꢬꢶꢫꣁ,finite verb
ꢦꢹꢬ꣄ꢠ ꢒ꣄ꢬꢶꢫꣁ,finite verb
ꢮꢾꢣꢸꢬ꣄ꢦꢸꢬꢸꢱꢸ,second person
ꢣꢶꢮꢦꢸꢬꢸꢰꢸ,second person
ꢂꢔ꣄ꢬ ꢨꢥ꣄ꢡꢸ,prefix
ꢥꢵꢒꢸ ꢱꢾꢣ꣄ꢣꢸ,nasal sound
ꢲꢒꢵꢬ ꢯꢨ꣄ꢣꢸ,aspiration
ꢱ꣄ꢮꢵꢱꢪ꣄,aspiration
ꢪꢲꢵ ꢦ꣄ꢬꢵꢠꢪ꣄,aspiration
ꢲꢭꢸꢥ꣄,consonant
ꢲꢾꢞꢶ ꢱꢖ꣄ꢒꢶꢥꢶ,quotation
ꢘꢥ꣄ꢡꢱ꣄,prosody
ꢮꢵꢒ꣄ꢫ ꢩꢵꢔ꣄,clause
ꢮꢶꢤꢶ,rule
ꢦ꣄ꢬꢱ꣄ꢠꣁ,question
ꢦ꣄ꢬꢱ꣄ꢠ ꢔꢸꢬꢶ,question mark
ꢒ꣄ꢬꢶꢫꢵꢦꢣꢸ,verb
ꢒ꣄ꢬꢶꢫꢵꢮꢶꢱꢾꢰꢠ꣄,adverb
ꢂꢮ꣄ꢫꢫꣁ,adverb
ꢮꢶꢩꢒ꣄ꢡꢶ,case
ꢨꣁꢭꢵꢤꢶꢞꣁ,a kind of pane cake with daals
ꢂꢜꣀ,a kind of pane cake with daals
ꢦꢸꢬꢶ,a sweet made out of rice flour
ꢂꢦ꣄ꢦꢸꢞꢵꢭ꣄,papad
ꢂꢜ꣄ꢒꢸꢭ꣄,flattened rice
ꢒꢫ꣄ꢫꢵꢥ꣄ ꢡꢾꢳ꣄ꢥꢶ,a mixed vegetable preparation
ꢂꢲꢵꢬ꣄,food
ꢂꢦ꣄ꢦꢪ꣄,a dosa like preparation made out of rice flour
ꢩꢭꢵꢬ꣄,idly
ꢮꢶꢳ꣄꣄ꢜꢶꢫꣁ,idly
ꢆꢒ꣄ꢒꢸꢜꢸꢪ꣄,idly
ꢄꢜꢶꢫꢵꢦ꣄ꢦꢪ꣄,noodles made out of rice flour
ꢕꢜꢮ꣄ꢥꢭ꣄,tender coconut
ꢱꢮ꣄ꢥꢭ꣄,tender coconut
ꢗꣀꢥꣁ,meat
ꢨꣁꢱꢸꢭꣁ,meat
ꢪꢵꢪ꣄ꢱꢸ,meat
ꢓꣁꢮ꣄ꢱ꣄,meat
ꢓꢥꢶ,food
ꢓꢮ꣄ꢥꢪ꣄,food
ꢆꢦ꣄ꢪꢵꢮ꣄,upma
ꢒꢗ꣄ꢗꢪ꣄ꢩꢵ ꢂꢪ꣄ꢨꢜ꣄,A kind of mango curry
ꢨꢶꢙ꣄ꢙꢜ꣄,pickle
ꢭꣁꢰ꣄ꢜꣁ,pickle
ꢡꢷꢭꢸ ꢆꢠ꣄ꢜꣁ,a sweet made of till
ꢒꢾꢥ꣄ꢥꢶꢦꢾꢱ꣄,rice gruel
ꢔꣁꢨ꣄ꢨꢸꢬꢾꢱ꣄ꢱꢸ,sugarcane juice
ꢒꣁꢞ꣄ꢞꢶ,dry fish
ꢒꢾꢳ꣄ꢳꢸ,toddy
ꢱꢸꢔꢸꢞ꣄,semi-solid preparation with rice or ragi flour
ꢗꣀꢭꢡ꣄ꢡꢾ,"side dish, curry"
ꢗꢥꣁ,flesh or meat
ꢨꢾꢠ꣄ꢞꢸꢗꢥꣁ,mutton
ꢨꣁꢱꢸꢭꣁ,mutton
ꢒꢸꢞꢶꢗꢥꣁ,chicken
ꢣꢸꢒ꣄ꢒꢬꢸꢗꢥꣁ,pork
ꢒꣁꢬꢸꢗꣀꢥꣁ,beef
ꢂꢪ꣄ꢜꢶ,a curry with thick gravy
ꢔꣁꢙ꣄ꢙꢸ,a curry with thick gravy
ꢒꢸꢜ꣄ꢒꢶꢬꢶ,a kind of side dish
ꢂꢪ꣄ꢨꢜ꣄,a kind of side dish
ꢂꢪ꣄ꢨꢶꢭ꣄,a watery preparation with rice or ragi flour
ꢒꢿꢱꢬꢶ,a sweet prepared with suji
ꢒꢥ꣄ꢣꢸꢭꣁ,an eatable with rice and coconut
ꢪꢥ꣄ꢣꣁ,fat
ꢗꢜ꣄ꢥꢶ,chutney
ꢡꢒ꣄ꢒꢵꢳꢶ ꢗꢜ꣄ꢥꢶ,tomato chutney
ꢥꢬꢳ꣄꣄ ꢗꢜ꣄ꢥꢶ,coconut chutney
ꢦꢸꢡꢶꢥꢵ ꢗꢜ꣄ꢥꢶ,mint chutney
ꢪꢭ꣄ꢭꢶ ꢗꢜ꣄ꢥꢶ,coriander chutney
ꢱꢸꢒ꣄ꢒꢜ꣄,dry mutton
ꢗꢦ꣄ꢦꢵꢡ꣄ꢡꢶ,chapatti
ꢩꢵꢡ꣄,cooked rice
ꢩꢵꢡ꣄,meals
ꢂꢥ꣄ꢥꢸ,meals
ꢱꢪ꣄ꢨꢵꢬ꣄,liquid curry with vegetables
ꢱꢾꢬꣁ,arrack
ꢬꢾꢱ꣄ꢱꢸ,juice
ꢥꢴꢥ꣄ꢓꢥꢶ,Tiffin
ꢒꢗ꣄ꢗꢾꢥ꣄ꢥꣁ,"an eatable prepared normally with Bengal gram, peas"
ꢱꢸꢒꢸꢠ꣄ꢜꣁ,a sweet
ꢭꢶꢪ꣄ꢨꢸ ꢩꢵꢡ꣄,lemon bath
ꢗꢾꢡ꣄ꢡꢶ ꢩꢵꢡ꣄,parcel bath
ꢦꣁꢥ꣄ꢥꢶꢥ꣄ ꢗꣁꢥ꣄ꢥꣁ ꢩꢵꢡ꣄,Jowar bath
ꢭꢶꢪ꣄ꢦꢸꢩꢵꢡ꣄,lemon rice
ꢤꢶꢟꣁ,dosa
ꢚꣁꢳ꣄ꢳꢵ ꢩꢵꢡ꣄,jowar bath
ꢤꢾꢄ~,curd
ꢗꣁꢬꣁ,cattle feed
ꢭꣁꢱ꣄ꢜꣁ,chutney
ꢡꢷ꣄ꢳ꣄ ꢭꣁꢰ꣄ꢜꣁ,till chutney
ꢡꢷꢳ ꣄꣄ꢣꢵꢳ꣄,till chutney
ꢒꢸꢳꢶꢶꢡ꣄ ꢣꢵꢳ꣄,horsegram chutney
ꢥꢬꢳ꣄꣄ ꢣꢵꢳ꣄,coconut chutney
ꢨꢾꢳꢵꢣꢵꢳ꣄,bengal gram chutney
ꢦꢸꢡꢶꢥꢵ ꢣꢵꢳ꣄,potina chutney
ꢥꢬꢳ꣄꣄ ꢣꢹꢡ꣄,coconut milk
ꢪꣀ,honey
ꢡꢿꢥꢾ,honey
ꢡꢾꢥ꣄ꢡꢸꢭꣁ,"sweet prepared out of rice flour, jiggery fried in oil"
ꢜꢷ ꢦꢵꢥ꣄,tea leaves
ꢤꢶꢞꣁ,"Dosa, A pan cake with rice and black gram powder"
ꢡꢹꢦ꣄,ghee
ꢲꣁꢭ꣄ꢭꢵ ꢓꢥꢶ,snacks
ꢦꢒ꣄ꢒꣂꢜꣁ,"an eatable prepared with Bengal gram powder, onion etc."
ꢦꣁꢳ꣄ꢳꢵ ꢬꢾꢱ꣄ꢱꢸ,fruit juice
ꢱꢶꢳ꣄ꢳ ꢩꢵꢡ꣄,previous day
ꢒꣁꢞꢸꢒ꣄,previous day
ꢩꢙ꣄ꢙꢶ,bajji
ꢦꢵꢮ꣄,syrup or jelly
ꢦꢱꢪ꣄,"liquid sweet made out of rice, daal, milk and jaggery"
ꢣꢹꢡ꣄,"milk,"
ꢣꢹꢡ꣄ꢩꢿꢞꢵ ꢦꢵꢭ꣄ꢒꣁꢮꢵ,sweet made of milk
ꢱꢵꢫ꣄,cream
ꢦꢶꢜ꣄ꢜꢸ,an eatable made out of rice flour and coconut
ꢨꣁꢱꢸꢭꢵ ꢩꢵꢡ꣄,biriyani
ꢱꢷꢱꢸ ꢂꢮ꣄ꢠ꣄ꢞꢶ,a curry with tamarind juice added
ꢣꢄ~ ꢬꢫ꣄ꢡꣁ,a curry with curds
ꢂꢪ꣄ꢦꢜ꣄ ꢩꢵꢡ꣄,cooked rice with tamarind
ꢦꢹꢥ꣄ꢡꢶ,a sweet
ꢦꣁꢖ꣄ꢒꢭ꣄,cooked rice with green gram daal
ꢔꢸꢳ꣄ꢳꢾ ꢦꣁꢖ꣄ꢔ꣄ꢭ꣄,sweet poŋgal
ꢪꢸꢣ꣄ꢣꢵ ꢦꣁꢖ꣄ꢔ꣄ꢭ꣄,Poŋgal with green gram daal and ghee
ꢒꢾꢬꢭ꣄,rice-fried
ꢔꢸꢳ꣄ꢳꢾ ꢦꢾꢬꢵꢭ꣄,sweet rice fried
ꢒꢫ꣄ꢭꣁ ꢒꢾꢱꢸꢬ꣄,fried vegetable /meat
ꢦꣁꢳ꣄꣄ꢜꢶꢥꢶ,fried vegetable /meat
ꢦꣁꢳ꣄꣄ꢜꢾ ꢗꢥꣁ,fried vegetable /meat
ꢦꣂꢠ꣄ꢜꢵ,bonda
ꢨꣂꢳꢶ,a sweet
ꢪꢬ꣄ꢒꢫ꣄ꢭꢵ ꢨꢸꢬ꣄ꢒꣁ,red chilly powder
ꢪꢴꢳꢶ ꢂꢪ꣄ꢜꢶ,fish curry
ꢂꢠ꣄ꢜꢵ ꢂꢪ꣄ꢜꢶ,egg curry
ꢂꢠ꣄ꢞꢵ ꢤꢶꢞꣁ,egg dosa
ꢗꢫ꣄ꢭꢶ,an eatable with rice and gram flour
ꢡꢾꢥ꣄ꢡꢸꢭꣁ,an eatable with rice and gram flour
ꢂꢗ꣄ꢗꢸ ꢡꢾꢥ꣄ꢡꢸꢭꣁ,murukku prepared by machine
ꢲꢵꢡꢸ ꢡꢾꢥ꣄ꢡꢸꢭꣁ,murukku prepared by hand
ꢂꢥꢸꢙ꣄ꢛꣁ,licence
ꢂꢥꢸꢪꢡꢶꢦ꣄ꢡ꣄ꢬꢸ,licence
ꢤꢪꢞ꣄ꢠꢵꢬ꣄,driver
ꢣꣁꢮ꣄ꢜꢸꢥꢵꢬ꣄,driver
ꢏꢠ꣄ꢜ꣄ꢫ ꢦꣁꢔꢸꢮꢵꢜ꣄,one way traffic
ꢔꢵꢫ꣄ ꢨꣁꢠ꣄ꢞꢶ,bullockcart
ꢥꣃꢒꣁ,ship
ꢕꣁꢣꢵ ꢨꣁꢠ꣄ꢞꢶ,Horse cart
ꢩꢵꢬ꣄ ꢡꢸꢒꢒꢸ꣄ꢥꢵꢬ꣄,porter
ꢩꣁꢠ꣄ꢠꢪ꣄,goods
ꢱꢪꢵꢥ꣄,laggage
ꢪꢵꢬ꣄ꢔꢸ,road
ꢬꢾꢱ꣄ꢡꣁ,road
ꢫꢵꢡ꣄ꢬꢵ ꢗꢷꢜ꣄,ticket
ꢩꢵꢬ꣄ ꢨꣁꢠ꣄ꢞꢶ,lorry
ꢪꢵꢒ꣄ꢬꢸꢪ꣄,route
ꢣꢠ꣄ꢞꢮꢵꢭꢪ꣄,rails
ꢗꢭ꣄ꢥꢶ ꢪꢶꢜ꣄ꢜꣁ,platform
ꢥꣃꢒꣁ ꢲꢶꢨ꣄ꢨꢥ꣄ꢬꢾꢪ꣄,harbour
ꢡꣁꢬꢠ꣄ ꢔꢸꢰ꣄ꢜꢶ,train
ꢦꢥ꣄ꢗꢭꢶ,boat
ꢦꢥ꣄ꢗꢭ꣄,boat
ꢭꢵꢜ꣄ꢒꢶꢜ꣄ꢒꢶ,anchor
ꢗꢭꢞ꣄ꢥꢵꢬ꣄,conductor
ꢨꢸꢜꢥ꣄ ꢥꣃ,submarine
ꢥꢶꢡ꣄ꢡ ꢮꢵꢜ꣄,direct route
ꢥꢵꢮ꣄,boat
ꢫꢵꢡ꣄ꢬꣁ,journey
ꢫꢵꢡ꣄ꢬꢶꢒꢸꢥ꣄,passengers
ꢫꢵꢡ꣄ꢬꣁ,Journey
ꢫꢵꢡ꣄ꢬꢶꢥ꣄,Passenger
ꢬꣀꢫꢶꢭ꣄ ꢨꣁꢠ꣄ꢜꢶ,train
ꢬꣀꢫꢶꢭ꣄ ꢨꣁꢠ꣄ꢞꢶ,railway station
ꢲꢶꢦ꣄ꢦꢥ꣄꣄ ꢢꢵꢪ꣄,railway station
ꢨꢱ꣄,bus
ꢨꢱ꣄ ꢱ꣄ꢢꢭ꣄,bus stand
ꢂꢮ꣄ꢥꢶ ꢙꢥꢶ,transport
ꢔꣁꢬꢸꢨꣁꢠ꣄ꢜꢶ,bullock cart
ꢦꢛBꢗꢸꢭꢵ ꢨꣁꢠ꣄ꢜꢶ,cycle
ꢮꢶꢣ꣄ꢫꢸꢡ꣄ꢡꣁꢬꢠ꣄ ꢔꢸꢰ꣄ꢜꢶ,electric train
ꢫꢵꢡ꣄ꢬꢵ,journey
ꢨꣁꢠ꣄ꢜꢶ,vehicle
ꢨꣁꢠ꣄ꢞꢶ,vehicle
ꢂꢒꢵꢰ꣄ ꢔꢸꢰ꣄ꢜꢶ,aeroplane
ꢂꢒꢵꢱꢸ ꢫꢵꢥ꣄,aeroplane
ꢕꢹꢜꢸ ꢨꣁꢠ꣄ꢜꢶ,covered cart
ꢂꢒꢵꢰ꣄ꢔꢸꢰ꣄꣎ꢜꢶ ꢬꢿꢪ꣄,aerodrome
ꢂꢒꢵꢰ꣄ꢔꢸꢰ꣄ꢜꢶ ꢱꢵꢬꢡꢶ,pilot
ꢮꢿꢒꢸ ꢔꢸꢰ꣄ꢜꢶ,express bus
ꢨꢾꢫ꣄,elder sister
ꢣꢣꣁ,elder brother
ꢩꢮꢶ,elder brother’s wife
ꢩꢮꣁ,brother in law
ꢧꢸꢄ~,aunty
ꢂꢪ꣄ꢪꣁ,father’s mother
ꢨꣂ,father
ꢨꢵꢦ꣄,father
ꢂꢪ꣄ꢨꣁ,mother
ꢂꢙ꣄ꢙꢶ,mother`s mother
ꢂꢙ꣄ꢙꢶ ꢂꢪ꣄ꢨꣁ,grand mother`s mother
ꢒꢵꢪ꣄ ꢒꢾꢬ꣄ꢡ꣄ꢡꢶꢥ꣄,Care taker
ꢱꢾꢥ꣄ꢡꣁꢙꢶꢥ꣄,brothers and sisters
ꢨꣀꢨꢾꢫ꣄ꢥꢾꢥ꣄,brothers and sisters
ꢨꢥ꣄ꢤꢸꢙꢾꢥꢵꢥ꣄,relatives
ꢐꢱ꣄ꢡꢸꢥ꣄,relatives
ꢨꢥ꣄ꢣꢸꢦꢥ꣄,relationship
ꢏꢱ꣄ꢡꢸ,relationship
ꢣꢾꢮ꣄ꢬꢥꢶ ꢚꢾꢞꢥꢶꢥ꣄,Co-sisters
ꢣꢭ꣄ꢭꣁ,husband
ꢦꢡꢶ,husband
ꢩꢬ꣄ꢡꣁ,husband
ꢂꢪ꣄ꢨꢸꢭꣁ,husband
ꢦꢶꢭ꣄ꢭꣁ,child
ꢨꢵꢳꢸ,child
ꢥꢴꢸꢬꢸ,child
ꢨꢵ ꢂꢙ꣄ꢙꣁ,great grand father
ꢨꢵ ꢂꢙ꣄ꢙꢶ,great grand mother
ꢦꣁꢥ꣄ ꢥꢡꢶꢥꢶ,grandson`s daughter
ꢦꣁꢥ꣄ꢥꢡ꣄ꢡꢾ,grandson`s son
ꢣꢾꢮꢬ꣄,husband
ꢥꢾꢥꢥ꣄ꢡꢸ,wife`s younger sister
ꢥꢿꢥ꣄ꢣꢸ,wife`s younger sister
ꢱꣁꢮꢡ꣄,co-wife
ꢱꢾꢬ꣄ꢔꢸꢜ꣄,co-brother
ꢱꢞ꣄ꢔꢸꢜ꣄,co-brother
ꢱꢾꢖ꣄ꢒꣁ ꢆꢙꢾꢱ꣄ꢡꢾꢥꣁ,brother
ꢩꣀ,brother
ꢱꢾꢖ꣄ꢒꣁ ꢆꢙꢾꢱ꣄ꢡꢶꢥꣁ,sister
ꢩꢾꢫ꣄ꢥ꣄,sister
ꢮꢾꢱꢶꢥ꣄ꢡꢶ,relatives by marriage
ꢮꢾꢱꢶꢥ꣄ꢡꢶꢥ꣄,relatives by marriage
ꢥꢴꢥ꣄ꢥꢨꣂ,father’s younger brother
ꢒꢒꣁ,father’s younger brother
ꢪꣃꢱꢶ,"mother`s younger sister, stepmother"
ꢥꢴꢥ꣄ꢥꢪ꣄ꢨꣂ,"mother`s younger sister, stepmother"
ꢩꢾꢫ꣄ꢥ꣄,younger sister
ꢨꣀꢫ꣄,elder brother
ꢨꢾꢜꣁ,son
ꢂꢫ꣄ꢫꣂ,grandfather
ꢂꢪ꣄ꢪꣁ,mother
ꢂꢙ꣄ꢙꣁ,great grand father
ꢡꢭ꣄ꢭꣂ,husband
ꢂꢖ꣄ꢒꢿꢬ꣄ ꢨꣁ,grandfather
ꢂꢖ꣄ꢒꢿꢬꢪ꣄ꢨꣁ꣄,mother`s mother
ꢨꢾꢫ꣄ꢭ꣄,wife
ꢨꣀꢭ꣄,wife
ꢩꢵꢬꢶ,wife
ꢩꢵꢬꢶꢫꣁ,wife
ꢱꢡꢶ,wife
ꢪꢴꣁꢜ꣄ꢜ ꢨꣂ,father`s elder brother
ꢪꣁꢜ꣄ꢜꢪ꣄ ꢨꣂ,mother
ꢪꢵꢫ꣄ꢨꢵꢦ꣄,parents
ꢂꢪ꣄ꢨꣁ ꢨꣂ,parents
ꢥꢡꢶꢥꢶ,grand daughter
ꢥꢡ꣄ꢡꢾ,grand son
ꢨꢾꢜꢶ,daughter
ꢱꢳꣁ,brother - in - law
ꢩꣁꢮ꣄ꢠ꣄ꢜꢶ,daughter in law
ꢙꣁꢪꣀ,son in law
ꢨꢾꢫ꣄ꢭ꣄,sister
ꢪꢪꣁ,uncle
ꢱꣁꢱꢸꢬꣁ,father in law
ꢪꢪꢶ,aunt
ꢱꢱꢸ,mother in law
ꢂꢖ꣄ꢔꢸꢱꣁ,iron rod of mahout
ꢪꢸꢣ꣄ꢬꢠꢱꢵꢭꣁ,printing press
ꢥꢶꢪ꣄ꢦꢶꢥꢶ,printing
ꢪꢸꢣ꣄ꢬꢠꣁ,printing
ꢥꢶꢪ꣄ꢦꢶꢥꢶꢮꢵꢥ꣄,printer
ꢪꢸꢣ꣄ꢬꢠꣁ ꢒꢾꢬ꣄ꢥꢵꢬ꣄,printer
ꢦꢡ꣄ꢬꢮꢵꢲꢒꣁ,post man
ꢦꢡ꣄ꢬꢮꢵꢲꣁ,post man
ꢭꢾꢓꢸꢮꢵꢥ꣄,post man
ꢮꢵꢭ꣄ꢮꢸ,valve
ꢚꢔꢶ ꢲꢸꢔꢸꢞꢵꢮ꣄,valve
ꢮꢬꢶꢞꣁ,barber
ꢮꢫꢞꢾ,barber
ꢥꢶꢥꢵꢮ꣄ ꢒꢾꢬ꣄ꢥꢵꢮ꣄,file
ꢒꢡ꣄ꢒꣁ,sickle
ꢒꢒ꣄ꢒꣁ,sickle
ꢧꢱꢭ꣄ ꢒꢜꢱ꣄ꢡꢾ,harvest
ꢲꣁꢞꢫ꣄ꢡ꣄,carpenter
ꢃꢠꢶ,nail
ꢄꢜ꣄ꢒꢶ,tongs
ꢔꢮ꣄ꢬꢶ,shepherd
ꢔꣁꢭ꣄ꢭꢬꢶꢥ꣄,shepherd
ꢔꣁꢮ꣄ꢭꢶ,shepherd
ꢔꢮ꣄ꢬꢸ,shepherd
ꢔꣁꢮ꣄ꢭꣁ,shepherd
ꢱꢪ꣄ꢫꣂꢙꢒꣁ,co-ordinator
ꢃꢱꢥꣁ,seat
ꢦꢷꢝꢪ꣄,seat
ꢥꢶꢮꢵꢬꢠꣁ,compensation
ꢡꢵꢡ꣄,fibre
ꢡꢵꢒ꣄,fibre
ꢆꢬ꣄ꢮꢬꣁ,fertilizer
ꢆꢬꣁ,fertilizer
ꢤꢸꢭ꣄ꢞꣁ,cylinder
ꢡꢹꢬ꣄,cylinder
ꢒꢱꢮ꣄ꢜꢶ,touch stone
ꢔꣁꢱꢸꢥꢵꢮꢸ ꢣꢾꢫ꣄ꢞꣁ,touch stone
ꢗꢸꢭ꣄ꢭꣁ,fire place
ꢙꢸꢥꢡ꣄ꢥꢵꢬ꣄,farmer
ꢥꢖ꣄ꢔꢸꢥꢵꢬ꣄,farmer
ꢒꢬ꣄ꢰ꣄ꢠꢵꢬ꣄,farmer
ꢒ꣄ꢬꢸꢰꢶ,farmer
ꢜꢖ꣄ꢒꢸ,chisel
ꢱꢶꢮꢶ,needle
ꢧꢸꢥꢳꢶ,blow pipe
ꢢꢿꢡꢸ ꢱꢡ꣄ꢡꢸ,manure
ꢱꢿꢥ꣄,manure
ꢒꢜꢶ ꢣꢾꢮ꣄ꢱꢶꢥꢶ,grafting
ꢪꢶꢳꢞ꣄ꢠꢶ,grafting
ꢱꢶꢖ꣄ꢔꢬ꣄ꢭꢶꢥꢶ,make up
ꢤꣁꢥꢶ ꢦꢛ꣄ꢙꢷꢒꢬꢠꣁ,sound recording
ꢤꣁꢥꢶ ꢤꢾꢬ꣄ꢥꢶ,sound recording
ꢬꢹꢦꢸ ꢦꢛ꣄ꢙꢷꢒꢬꢠꣁ,photography
ꢬꢹꢦꢸ ꢤꢾꢬ꣄ꢥꢶ,photography
ꢣꣁꢮ꣄ꢞꢸꢥꢵꢬ꣄,driver
ꢱꢵꢬꢤꢶ,driver
ꢣꣂꢠꢶ,boat
ꢥꢮ꣄ꢒꣁ,boat
ꢒꢾꢜ꣄ꢜꣁ,bale
ꢒꢾꢜ꣄ꢜꢾ ꢦꢛ꣄ꢗꢭ꣄,catamaran
ꢒꢾꢜ꣄ꢜꢾ ꢬꢹꢦ꣄ ꢒꢾꢬ꣄ꢥꢶ,shaping of wood
ꢔꢪ꣄ꢙꢶ,supervise
ꢔꢪ꣄ꢗꢸꢥꢵꢬ꣄,supervisor
ꢱꢹꢞ꣄ ꢲꢥꢱ꣄ꢡꢾ,thrashing grains
ꢤꢾꢥ꣄ꢣ꣄ꢫꢵꢮ꣄,sulpher
ꢥꢵꢮꢶ,ship
ꢡꢵꢬ꣄,ship
ꢬꢴꢾꢞꣁ,pulley
ꢆꢦꢒꢬꢠꣁ,tools
ꢥꢔꢸꢥꣁ,plough
ꢲꢭꣁ,plough
ꢦꢵꢡ꣄ꢬꣁ,container
ꢱꢹꢞꢸ ꢢꢵꢪ꣄,thrashing floor
ꢕꢥꢪꢶꢡꢶ,volume
ꢒꢫ꣄ꢭꢒꢾꢱꢸꢬꢸ ꢒꢾꢬꢶ,vegetable vendor
ꢱꢾꢦꢶꢥꢶ,chappal
ꢦꢮ꣄ꢒꢭ꣄,chappal
ꢦꢮ꣄ꢱꢸꢭ꣄,chappal
ꢣꢵꢬ꣄ꢮꢵꢥ꣄,watchman
ꢗꢮ꣄ꢒꢷꢣꢵꢬ꣄,watchman
ꢦꣂꢭꢷꢱ꣄,policeman
ꢒꢮꢭ꣄ꢒꢾꢬꣁ,policeman
ꢢꢠꣀꢡ꣄,policeman
ꢮꢶꢞ꣄ꢔ꣄ꢫꢵ ꢆꢰ꣄ꢳꣁ,kiln
ꢗꢸꢥ꣄ꢥꢵ ꢆꢰ꣄ꢳꣁ,kiln
ꢙꢹꢠꢡ꣄ꢮꢵꢥ꣄,farmer
ꢓꢸꢪ꣄ꢨꢵꢬ꣄,potter
ꢒꣁꢬꢜ꣄,plier
ꢦꢸꢜ꣄ꢒꢶ,basket
ꢦꢜꢶ,basket
ꢒꢹꢭꢶ,"coolie, wage"
ꢒꢹꢭꢶꢒꢾꢬꢶ,coolie
ꢲꢵꢡꢸꢒꢵꢪ꣄,handicraft
ꢱꢲꢵꢫꢒꣁ,helper
ꢱꢶꢔꢸꢞꣁ,helper
ꢲꢵꢡꢸ ꢏꢬꣁ,gloves
ꢲꢵꢡꢸ ꢒꢵꢪ꣄,handicraft
ꢒꣁꢭ꣄ꢒꢶ,hook
ꢱꢪ꣄ꢜꢵꢮ꣄,hook
ꢬꢮꢸꢭꢸ ꢩꢷꢡ꣄,rampart
ꢭꢮ꣄ꢬꢶ,mason
ꢓꢿꢞ꣄,boiler
ꢦꢬꢱꢸ,axe
ꢗꢾꢒ꣄ꢒꢬ꣄,wheel
ꢱꢾꢖ꣄ꢒꢳ꣄,chain
ꢱꢪꢹꢲ ꢱꢿꢮꣁ,social work
ꢲꢥ꣄ꢣꢮ꣄ ꢒꢾꢬꣁ,cook
ꢲꢥ꣄ꢣꢮ꣄ ꢒꢾꢬꢶꢥ꣄,cook
ꢗꢵꢜꣁ,whip
ꢱꢵꢠ꣄,shar pening stone
ꢱꢵꢪꢠꣁ,"tongs, pincer"
ꢬꢾꢖ꣄ꢔꢸ,dye
ꢮꢶꢞꢶ,window
ꢱꢶꢭ꣄ꢦꢸ,sculpture
ꢝꢖ꣄ꢒ꣄ꢥꢵꢬ꣄,sculptor
ꢱꢶꢭ꣄ꢦꢶ,sculptor
ꢱꢶꢭ꣄ꢦꢒꢵꢬ꣄,sculptor
ꢧꢶꢬ꣄ꢮꢜ꣄,rudder
ꢗꢸꢥ꣄ꢥꣁ,lime
ꢱꢸꢡ꣄ꢡꢶꢫꢭ꣄,hammer
ꢪꢹꢬ꣄,hammer
ꢩꢵꢬ꣄ꢡꢸꢒ꣄ꢒꢸꢥꢵꢬ꣄,porter
ꢆꢰ꣄ꢭꣁ,kiln
ꢦꢾꢠ꣄ꢕꢠꣁ,oil press
ꢗꢾꢠ꣄ꢜꢾ ꢮꢵꢡ꣄ꢫꢪ꣄,drum
ꢪꢴꢳꢫ꣄ꢡꢸ,fisherman
ꢪꢴꢳ꣄ꢶꢮꢵꢥ꣄,fisherman
ꢪꢴꢳꢶꢶꢒꢾꢬꢶ,fisherman
ꢱꢾꢒ꣄ꢒꢸꢭꢸꢮꢵꢥ꣄,cobbler
ꢒꢵꢬ꣄ꢫꢡꢬ꣄ꢱꢶ,secretary
ꢙꣂꢱ꣄ꢫꢪ꣄,astrology
ꢱꣂꢱꢶ,astrologer
ꢡꢾꢔꢞ꣄,sheet/
ꢱꣁꢥꢵꢬꢸ,goldsmith
ꢒꢱꢵꢬ꣄,goldsmith
ꢭꢿꢔꢸꢮꢵꢥ꣄,Postman
ꢡꢦꢵꢭ꣄ꢒꢾꢬꣁ,Postman
ꢡꢾꢬ꣄ꢒꢳꢶ,broker
ꢡꢾꢬꢒ꣄,brokerage
ꢤꣁꢠ꣄ꢞꣁ,drum
ꢣꣁꢨ꣄ꢨꢥ꣄ ꢔꢸꢰ꣄ꢜꢶ,trolley
ꢪꢔꣁ,loom
ꢒꢸꢱ꣄ꢒꢥ꣄ꢓꢜ꣄ꢜꢶ,spur
ꢣꢶꢒ꣄ꢒꢸ ꢣꢾꢒ꣄ꢒꢞꢵꢮ꣄,compass
ꢣꢶꢒ꣄ꢒꢸ ꢣꢬ꣄ꢱꢶꢥꢶ,compass
ꢣꢶꢒ꣄ꢒꢸ ꢱꢹꢗꢥꢶ,compass
ꢩꢶꢒꢸꢖ꣄ꢗꢸꢥꢵꢮ꣄,screw driver
ꢥꢮ꣄ꢒꢵ ꢣꢠ꣄ꢞꢸ,oar
ꢥꢮ꣄ꢣꢠ꣄ꢞꢸ,oar
ꢦꣁꢱ꣄ꢥꢵꢮ꣄,duster
ꢧꢸꢮ꣄ꢥꣁ,blower
ꢧꢸꢮ꣄ꢥꢵꢮ꣄,blower
ꢦꢸꢜ꣄ꢜꢵ ꢲꢷꢬ꣄,borewell
ꢦꢸꢜ꣄ꢜꣁ ꢡꢔꢱ꣄ꢡꢾ,drilling
ꢡꢸꢒ꣄ꢒꢥ꣄ ꢌꢥ꣄ꢡꢸꢬ,crane
ꢣꢹꢒ꣄ꢒꢸꢣꣂꢬ꣄,execution rope
ꢡꢹꢒ꣄ꢒꢸ ꢪꢶꢜ꣄ꢜꣁ,gallows
ꢪꢴꢳꢶ ꢤꢾꢬ꣄ꢥꢵꢮ꣄,fishing rod
ꢪꣀꢪꢲꢶ ꢲꣁꢮ꣄ꢞꢶꢠꢶ,bee keeping
ꢱꢷꢮ꣄,stitch
ꢱꢶꢪ꣄ꢦꢶ,tailor
ꢱꢸꢪ꣄ꢦꢶꢥꢶ,tailor
ꢱꢶꢮ꣄ꢥꢶ ꢫꢥ꣄ꢡꢸꢬ꣄,sewing machine
ꢆꢣ꣄ꢫꣂꢔ꣄,Profession/ labour
ꢆꢣ꣄ꢫꣂꢔꢶ,Profession/ labour
ꢭꢵꢥꢸꢮꢵꢥ꣄,gardener
ꢭꢵꢥ꣄,garden
ꢏꢞ꣄ꢞꢾ,scavenger
ꢱꢸꢣ꣄ꢤꢶ ꢒꢾꢬ꣄ꢥꢵꢬ꣄,scavenger
ꢣꣂꢠꢶ,ferry
ꢒꢾꢰꢥ꣄,leather
ꢱꣁꢥ꣄ꢥꢵꢮꢠꢶꢒ꣄,jeweler
ꢱ꣄ꢢ꣄ꢬꢶꢒꢾꢬꢥ꣄ ꢆꢦꢒꢬꢠꣁ,anchor
ꢗꢭ꣄ꢡꢒꢬꢥ꣄ꢮꢵꢥ꣄,conductor
ꢕꢭ꣄ꢥꢶ,planting crops
ꢥꢵꢗ꣄ꢮꢵꢥ꣄,dancer
ꢥꢜꢥꢵꢳꢶ,dancer
ꢥꢗ꣄ꢮꣁ,actor
ꢥꢜꢶ,actor
ꢥꢗ꣄ꢮꢶ,actress
ꢥꢜꢶꢒꣁ,actress
ꢩꢵꢮꢥꣁ,action
ꢥꢬ꣄ꢡ꣄ꢡꢒꣁ,dancer
ꢥꢬ꣄ꢡ꣄ꢡꢒꢶ,dancer
ꢥꢮꢗꢵꢬ꣄,ammonia
ꢥꢜ꣄ꢒꢪ꣄ꢒꢾꢬꢶ,drama actor
ꢥꢜ꣄ꢒꢪ꣄ ꢂꢳꢶ,drama actress
ꢥꢮ꣄ꢒꣁ,Barge/yacht
ꢱꢱ꣄ꢫꢬꣁꢲꢥ ꢬꢾꢪ꣄,plantnursery
ꢥꢶꢬ꣄ꢮꢵꢲꢶ,administrator
ꢓꣁꢳ꣄꣄ꢗꢾ,coal
ꢦꢵꢱꢥꣁ,irrigation
ꢦꢥꢶ ꢱꢶꢛ꣄ꢗꢥꣁ,irrigation
ꢆꢱ꣄ꢦꢸꢮꢵꢮ꣄,pump
ꢫꣁꢒ꣄ ꢩꢥ꣄ꢣꢥꣁ,yoke
ꢥꢔꣁ,yoke
ꢡꢵꢒ꣄,thread
ꢣꣁꢬꢶ,thread
ꢒꢣꢸꢥꢵꢬ꣄,spinner
ꢒꢣꢱ꣄ꢡꢾ,spinning
ꢮꢶꢥ꣄ꢒꢬ꣄,weaver
ꢮꢶꢥꢱ꣄ꢡꢾ,weaving
ꢆꢒ꣄ꢒꢶꢱꣁꢠ꣄ꢠꢶ,lever
ꢆꢡ꣄ꢡꣂꢭꢒꣁ,lever
ꢦꣁꢜ꣄ꢜꢾꢜ꣄,workshop
ꢒꢵꢪꢸ ꢱ꣄ꢢꢭ꣄,workshop
ꢒꢵꢪꢸ ꢢꢵꢪ꣄,workshop
ꢦꢛBꢗꢭ꣄,boat
ꢙꢷꢮꢵꢯ꣄ꢪꣁ,fossil
ꢱꢶꢭꢵꢤꢵꢡꢸ,fossil
ꢦꢡ꣄ꢬꢸ,form
ꢱꢵꢭꣁ,farm
ꢒꢵꢪ꣄,work
ꢱꢪ꣄ꢦꢵꢡꢒꣁ,editor
ꢥꣃꢒꣁ,coracle
ꢥꢸꢡꢸ,season
ꢣꢵꢡ꣄ ꢗꢾꢒ꣄ꢒꢸꢬ꣄,gear
ꢦꣁꢭ꣄ꢒꣁ,wooden plank
ꢦꢭ꣄ꢒꣁ,wooden plank
ꢩꢵꢬ꣄ ꢡꢸꢒ꣄ꢒꢸꢥꢵꢮ꣄,crane
ꢂꢲꢶꢡꢸꢠ꣄ꢞꢶꢒꣁ,snake charmer
ꢱꢵꢦꢸꢮꢱꢒꣁ,snake charmer
ꢥꢮ꣄ ꢪꢵꢬ꣄ꢔ ꢗꢵꢭꢥ,mast
ꢥꢮ꣄ ꢥꢶꢫꢥ꣄ꢡ꣄ꢬꢠ ꢦꢜꣁ,mast
ꢣꢵꢬ꣄,ship
ꢥꣃꢒꣁ,boat
ꢦꢖ꣄ꢗꢭ꣄,coracle
ꢮꢡ꣄ꢡꢾ,coracle
ꢔꣁꢠꢪ꣄,petticoat
ꢦꢭꣁ,halfsaree
ꢌꢪꢸ ꢮꢱ꣄ꢡꢬ꣄,bra
ꢌꢪꢸ ꢨꢥ꣄ꢤꢶꢒꣁ,bra
ꢭꢖBꢔꣂꢜ꣄,loin
ꢒꢰ꣄ꢜꢶ ꢨꣁꢜ꣄ꢜꣁ,loin
ꢲꢿꢪꢸꢮꢱ꣄ꢡꢬ꣄,banian
ꢓꢥꢵꢮ꣄,crowbar
ꢔꢾꢜ꣄ꢨꢵꢬꣁ,crowbar
ꢣꢹꢡ꣄ꢒꢾꢬꣁ,milkman
ꢣꢹꢡ꣄ꢒꢾꢬꢶꢥ꣄,milkmaid
ꢡꢥꢶ,warp
ꢔꢸꢪ꣄ꢦꢶꢥꢶ,knitting
ꢮꢾꢥꢶ,knitting
ꢪꢶꢜ꣄ꢜꣁ,pedestal
ꢧꢷꢝꢪ꣄,pedestal
ꢦꢶꢦꢵꢫ꣄,barrel
ꢧꢹꢭ꣄ꢒꢾꢬꢶꢥ꣄,florist
ꢲꢨ꣄ꢨꢸ ꢥꢵꢱꢶꢥꢶ,pesticide
ꢒ꣄ꢬꢸꢪꢶ ꢥꢵꢱꢶꢥꢶ,pesticide
ꢦꢸꢜ꣄ꢜꢭꢸ ꢒꢸꢞꣁ,water sprayer
ꢱꣁꢥꢵꢬ꣄,goldsmith
ꢱꢪꢱꢥꢶ,carpenter`s square
ꢥꢴꢶꢥꢵꢮ꣄ ꢒꢾꢬꢵꢮ꣄,Leveler/smoothener
ꢪꢥ꣄ꢡꢶꢮꢵꢡꢶ,magician
ꢮꣁꢫ꣄ꢣꢶꢥ꣄,folk doctor
ꢮꣁꢫ꣄ꢣꢸ,folk doctor
ꢨꢮ꣄ꢭꢪ꣄,soapstone
ꢂꢣ꣄ꢣꢶ ꢩꢵꢬ꣄,overweight
ꢂꢣ꣄ꢣꢶ ꢨꢶꢱ꣄ꢱꣁ,overspeed
ꢦꢾꢭꢶ ꢨꢶꢱ꣄ꢱꣁ,overspeed
ꢡꢾꢭ꣄ꢥꢶ,float
ꢮꢶꢣ꣄ꢫꢸꢡ꣄ ꢔꣀꢞꢶ,battery
ꢪꢴꢭꢶꢒꢾꢬꣁ,fish seller
ꢪꢴꢭꢶꢮꢵꢥ꣄,fish seller
ꢪꢴꢭꢶꢒꢾꢬꢶꢥ꣄,fish seller
ꢪꢴꢭꢶꢮꢡꢶ,fish seller
ꢗꢶꢔꢸꢬ꣄,sprout
ꢂꢖ꣄ꢒꢸꢬ꣄,sprout
ꢂꢖ꣄ꢔꢸꢬꣁ,sprout
ꢨꢶꢔꢶꢖ꣄ꢗꢸꢥꢵꢮ꣄,spanner
ꢥꢶꢬ꣄ꢮꢵꢲꢶ,manager
ꢒꢵꢪ꣄ ꢓꢜ꣄ꢥꢵꢬ꣄,manager
ꢤꣁꢠ꣄ꢞꣁ ꢒꢾꢬꢶ,drummer
ꢡꢥꢵ ꢬꢾꢞꣁ,spinning wheel
ꢬꢾꢞꣁ,spinning wheel
ꢗꢬ꣄ꢒꢵ ꢬꢾꢞꣁ,spinning wheel
ꢦꣁꢬꢜꢶꢥ꣄,Washer woman
ꢦꣁꢭ꣄ꢜꢶꢥ꣄,Washer woman
ꢒꣁꢬꢜ꣄,Cutting plier/wrench
ꢧꢶꢬꢸꢞꢵꢮ꣄,screw driver
ꢪꢸꢬꣁ,hammer
ꢦꣁꢬꢜ꣄,washerman
ꢦꣁꢳ꣄꣄ꢜꣁ,washerman
ꢨꢶꢫꢵꢬ꣄,business
ꢨꢶꢫꢵꢬ꣄ꢗꢵꢬ꣄,business
ꢮꢠꢷ,businessman
ꢮꢠꢶꢒ꣄,businessman
ꢦꢾꢫ꣄ꢬ꣄,field
ꢒꢾꢡ꣄,field
ꢙꢵꢭ꣄,net
ꢏꢭꣁ,net
ꢮꢵꢜ꣄ꢣꢾꢓ꣄ꢒꢜ꣄ꢥꢵꢬ꣄,guide
ꢪꢵꢬ꣄ꢔꢣꢬ꣄ꢱꢒ꣄,guide
ꢗꢾꢒ꣄ꢒꢸꢬ꣄,loop
ꢘꢾꢡ꣄,sword
ꢨꢷ,seed
ꢨꢷꢙ꣄,seed
ꢅꢪꢸ,seed
ꢨꢷꢡ꣄ꢡꢸ,seed
ꢨꢷꢒ꣄ꢕꢭ꣄ꢥꢶ,sowing
ꢩꢶꢫꢵꢬ꣄,business
ꢩꢶꢫꢵꢬ꣄ꢱꢵꢬ꣄,business
ꢮꢠꢶ,businessman
ꢙꢸꢥ꣄ꢥꢡ꣄ꢮꢵꢥ꣄,farmer
ꢥꢖ꣄ꢔꢸꢥꢬ꣄,farmer
ꢦꢷꢒ꣄,yield
ꢦꢶꢒ꣄ꢒꢶꢥꢶ,yield
ꢦꢶꢒ꣄ꢒꢾꢫꣁ,yield
ꢦ꣄ꢬꢒꢜ꣄ꢥꢵꢬ꣄,publisher
ꢦ꣄ꢬꢱꢸꢬꣁ ꢒꢾꢬ꣄ꢥꢵꢬ꣄,publisher
ꢩꢬꢵꢜ꣄ ꢱꣁꢞ꣄ꢠꢵꢬ꣄,publisher
ꢃꢓꢾꢜ꣄,hunting
ꢪꢺꢔꢫꣁ,hunting
ꢮꢿꢜꣁ ꢓꢳ꣄ꢥꢶ,hunting
ꢃꢓꢾꢜꢸꢮꢵꢥ꣄,hunter
ꢮꢿꢜꣁ ꢓꢳ꣄꣄ꢥꢵꢬ꣄,hunter
ꢒꢵꢪ꣄,Work
ꢒꢵꢪ꣄ ꢒꢾꢬ꣄ꢡ꣄ꢡꣁ,Servant
ꢒꢵꢪ꣄ ꢒꢾꢬ꣄ꢡ꣄ꢡꢶꢥ꣄,Servant
ꢮꣁꢫ꣄ꢡꢸ,Folk doctor
ꢙꣂꢱꢸꢜꢸ,astrologer
ꢗꢶꢜ꣄ꢜꢶꢣꢶꢮꣁ,small earthen lamp
ꢡꢶꢥ꣄ꢥꢳ꣄꣄,festival
ꢒꣀꢖ꣄ꢒꢬ꣄ꢫꢣꢵꢥ꣄,village temple festival
ꢱꢸꢣꢵꢥ꣄,village temple festival
ꢗꣁꢒ꣄ꢣꢵꢥ꣄,village temple festival
ꢣꢶꢮꢭꢶ,diwali
ꢡꣁꢬꢠ꣄,arches with leaves
ꢏꢔꢡ꣄,religious fasting
ꢮꢶꢯꢾꢰ꣄,festival
ꢦꣁꢖ꣄ꢒꢭ꣄ ꢱꢾꢥ꣄ꢥꢸ,a harvest festival
ꢪꢒꢬ ꢱꢖ꣄ꢒ꣄ꢬꢵꢥ꣄ꢡꢶ,a harvest festival
ꢂꢖ꣄ꢔꢪ꣄,organ
ꢨꢵꢣꢪ꣄,sole
ꢲꢶꢬꢶꢞꢶ,palate
ꢦꣁꢒ꣄ꢒꢭ꣄,hip
ꢣꣀꢬ ꢲꢵꢡ꣄,left hand
ꢣꢒꢸꢥ ꢲꢵꢡꢶ,left hand
ꢒꢿꢜ꣄,waist
ꢔꢸꢠ꣄ꢞꣁ,heart
ꢬꣁꢦ꣄ꢦꣁ,eyelash
ꢬꢾꢔꢡ꣄,blood
ꢲ꣄ꢬꢸꢣꢫꢸ,heart
ꢔꢸꢠ꣄ꢞꢾ,heart
ꢡꢶꢳ꣄꣄ꢙꢶ,liver
ꢲ꣄ꢬꢸꢞꢶ,gum
ꢡꢳꢸ,crown
ꢃꢖ꣄ꢒꢸ,body
ꢱꢾꢬꢶꢬ꣄,body
ꢡꢥꢸ,body
ꢃꢖ꣄ꢔꢸ,body
ꢲꢸꢜ꣄ꢜꣁ,saliva
ꢙꢷꢬ꣄ꢠꢸ ꢣ꣄ꢬꢮ꣄ꢫꢸ,saliva
ꢦꢵꢣꢪ꣄,sole of the foot
ꢡꢳꢦꢵꢄ~,sole of the foot
ꢡꢳꢲꢵꢡ꣄,palm
ꢲꢹꢜ꣄ꢜꣁ,spit
ꢲꢜ꣄ꢒꣁ,bone
ꢲꢜ꣄ꢒꢵ ꢔꢹꢞ꣄,skeleton
ꢣꣁꢳꣁ,eye
ꢣꣁꢳꢵꢪ꣄ ꢦꢥꢶ,tears
ꢦꢦꣁ,pupil of the eye
ꢔꢸꢞ꣄ꢔꢵꢭ꣄,ankle
ꢦꢭ꣄ꢜꢶ,ankle
ꢔꢾꢳꣁ,neck
ꢒꢥꢱꢸꢭ꣄,cheek
ꢔꢮ꣄ꢭꣁ,cheek
ꢔꢦꢸꢭꣁ,cheek
ꢔꢵꢭꢸ,cheek
ꢒꢵꢥ꣄,ear
ꢦꢵꢄ~,leg
ꢒꢺꢡꢵ,whiskers
ꢓꢭꢸ ꢏꢣꢞ꣄,lower lip
ꢂꢥ꣄ꢡ꣄ꢬꣁ,intestine
ꢱꣁꢪꢵꢥ꣄,intestine
ꢔꢠ꣄ꢜ꣄ꢬꢶ,buttocks
ꢙꢸꢜ꣄ꢜꢶ,tuft
ꢦꢳ꣄꣄ꢜꢶ,heel
ꢕꢞꢶ,adam
ꢨꣁꢪ꣄ꢨꢶ,Navel
ꢥꢵꢩꢶ,Navel
ꢓꢿꢱ꣄,long hair on head of woman
ꢲꢵꢡ꣄,hand
ꢒꣁꢠ꣄ꢞꢾ,hair-do of woman
ꢓꣁꢨꣁ,hair-do of woman
ꢙꢾꢜꣁ,matted hair
ꢮꢾꢥꢶ,plaited hair
ꢒꢾꢠ꣄ꢜꣁ,muscle
ꢥꢴꢥ꣄ꢥ ꢂꢥ꣄ꢡꢬꣁ,small intestine
ꢪꢹꢡ,urine
꣄ ꢮꢠ꣄ꢠꢶ,urine
ꢒꢶꢳꢖ꣄ꢔꢳꢶꢶ,little finger
ꢣꢬ꣄ꢙꢥꢶ ꢂꢖ꣄ꢔꢶꢳꢶ,Index finger
ꢔꢸꢬ꣄ꢣꢸ ꢂꢖ꣄ꢔꢶꢳꢶ,Index finger
ꢣꣁꢱ꣄ꢒꣁ,head
ꢒꢦꢵꢭ꣄,skull
ꢗꢶꢥ꣄ꢲꢸ,scar
ꢂꢞꣁ,vagina
ꢔꢸꢳ꣄ꢳꢸ,penis
ꢔꣁꢡꣁ,penis
ꢮꢶꢥ꣄ꢡꢸꢭ꣄,penis
ꢦꢶꢙꢵꢮꢸ,penis
ꢣꢵꢞꢶ,beard
ꢗꢷꢦꢸ,jaw
ꢱꢬꢷꢬ꣄,body
ꢪꢞꢶ,thigh
ꢂꢖ꣄ꢔꢪ꣄,thigh
ꢕꢞꢶ,throat
ꢨꣁꢙ꣄ꢙꢾ,big belly
ꢒꢾꢱꢥ꣄,skin
ꢒꢾꢠ꣄ꢞꣁ,skin
ꢓꢵꢥ꣄ꢣꢸ,shoulder
ꢬꢾꢜ꣄ꢜꢾ,shoulder blade
ꢥꢾꢒ꣄ꢒꢸ,nail
ꢥꢾꢬꢪ꣄,nerve
ꢙꢷꢦ꣄,tongue
ꢬꢾꢔꢡ꣄ꢤꢸꢖ꣄ꢒꢭ꣄,pulse
ꢥꢵꢞꢶ,pulse
ꢒꢮ꣄ꢭꣁ,chin
ꢮꢥꢶ,complexion
ꢒꣁꢮ꣄ꢱꣁ,lungs
ꢲꢿꢪ꣄,chest
ꢒꢦꢵꢳ꣄,forehead
ꢣꢵꢡ꣄,tooth
ꢦꢔꢸꢭ꣄,foot
ꢦꢨꢶꢥꢶ,eyebrow
ꢦꢮ꣄ꢥꢶ,eyebrow
ꢂꢥ꣄ꢡꢶꢬꣁ,large intestine
ꢲꢔꢸꢠ꣄ꢜꣁ,thumb
ꢔꢨꢵꢳ꣄,temple
ꢪꢞꢶ,lap
ꢂꢖ꣄ꢔꢪ꣄,lap
ꢒꢖ꣄ꢒꢸꢬꣁ,wrist
ꢪꣁꢗ꣄ꢗꣁ,mole
ꢓꢿꢯ꣄,hair
ꢪꢙ꣄ꢙꣁ,marrow
ꢪꢸꢱꢶꢥ꣄,moustache
ꢪꢸꢱꢸꢖ꣄ꢔꢸ,moustache
ꢡꣂꢠ꣄,face
ꢪꢹꢜ꣄,fist
ꢔꢸꢜ꣄ꢒꣁ,knee cap
ꢪꢸꢠ꣄ꢞꣁ,trunk
ꢦꢵꢜ꣄,back
ꢦꢵꢜꢸꢲꢜ꣄ꢒꣁ,backbone
ꢣꢸꢣ꣄ꢡꢸ,breast
ꢣꢹꢡ꣄ ꢲꣁꢮꢶ,breast
ꢔꢸꢜ꣄ꢒꣁ,knee
ꢗꢾꢪ꣄ꢪꢬ꣄ ꢲꢵꢡ꣄,elbow
ꢓꣁꢨꣁ,elbow
ꢥꢵꢒ꣄,nose
ꢥꢵꢔꢸꢦꢸꢜ꣄ꢜꣁ,nostril
ꢩꢥ꣄ꢣꢶ,joint
ꢪꢾꢣꢸꢞ꣄,brain
ꢪꢱ꣄ꢡꢶꢱ꣄ꢒꣁ,brain
ꢩꢶꢣꢸꢜ꣄,brain
ꢆꢛ꣄ꢗꢵ ꢏꢡꢜ꣄,upper lip
ꢪꣁꢜ꣄ꢜꢾ,shaven head
ꢪꣁꢳꢶ,elbow
ꢪꢸꢡ꣄ꢣꢶ ꢂꢖ꣄ꢒꢶꢳꢶ,ring finger
ꢗꢷꢦꢸ,chin
ꢩꢵꢖ꣄ꢔꢸ,Split line of hair
ꢔꢸꢪ꣄ꢦꢶꢥꢶ,parting of hair
ꢦꣂꢜ꣄,stomach
ꢙꣀꢥ ꢲꢵꢡ꣄,right hand
ꢙꢾꢬꢸꢥ ꢲꢵꢡ꣄,right hand
ꢡꣂꢠ꣄,mouth
ꢱꢾꢒꣁ,sweat
ꢂꢖ꣄ꢒꢶꢳꢶ,finger
ꢦꣁꢒ꣄ꢒꣁ,sides of the chest
ꢦꣁꢒ꣄ꢒꣁ ꢲꢜ꣄ꢒꣁ,ribs
ꢂꢠ꣄ꢗꢸ ꢮꢔꢡꢶ,suppression
ꢂꢥ꣄ꢫꢵꢮ꣄,injustice
ꢂꢒ꣄ꢬꢪꣁ,injustice
ꢂꢞꢡ꣄,injustice
ꢂꢞꢵꢡ꣄,injustice
ꢃꢥꢷꢞꢶ,injustice
ꢂꢦꢬꢵꢤ꣄,fine
ꢂꢪꢭ꣄,"in force, implement"
ꢦꢬꢶꢦꢵꢭꢥꣁ,"in force, implement"
ꢬꢾꢗ꣄ꢗꢒꢹꢡ꣄,pandemonium
ꢂꢬꢵꢙꢒꢡꣁ,pandemonium
ꢂꢭꢲꣁ,pandemonium
ꢃꢙ꣄ꢛꣁ,order
ꢆꢡ꣄ꢡꢬ꣄,order
ꢃꢙ꣄ꢛꢵꢒꢵꢬ꣄,commissioner
ꢂꢤꢵꢬ꣄,evidence
ꢬꢸꢙꢸ,evidence
ꢱꣂꢤꢥꣁ ꢒꢾꢬ꣄ꢥꢵꢬ꣄,inspector
ꢱꣁꢤꢸꢥꢵꢬ꣄,inspector
ꢂꢫ꣄ꢣꢸꢦꢳꣁ,armed force
ꢱꢾꢥ,armed force
ꢃꢫꢸꢱ꣄ꢣꢾꢠ꣄ꢞꢥꣁ,life imprisonment
ꢃꢬ꣄ꢩꢵꢜꣁ,uproar
ꢬꢾꢗ꣄ꢗꢵ ꢬꢾꢗ꣄ꢗꣁ,uproar
ꢦꢡ꣄ꢬꣁ,record
ꢣꢱ꣄ꢡꢵꢮꢾꢙ꣄,record
ꢩꢵꢬꢡ ꢣꢠ꣄ꢞꢥꢵ ꢱꢵꢱꢥꣁ,Indian Penal Code
ꢱꢖ꣄ꢒꢪ꣄,movement
ꢱꢪ꣄ꢱ꣄ꢡꢵꢥ꣄,movement
ꢒꢸꢭꢥꢵꢱ꣄,genocide
ꢆꢗ꣄ꢗ ꢥ꣄ꢫꢵꢫꢵꢭꢫꣁ,Supreme Court
ꢆꢦꢮꢵꢱ꣄,hunger strike
ꢆꢛ꣄ꢗꢵ ꢥ꣄ꢫꢵꢫꢵꢭꢫꣁ,High Court
ꢄꢗ꣄ꢗꢵ ꢦꢡ꣄ꢬꢸ,will
ꢂꢥꢸꢪꢡꢶꢨꢶꢭ꣄ꢭꣁ,licence
ꢨꢵꢣ꣄ꢫꢡꣁ,licence
ꢨꢵꢣ꣄ꢫꢡꣁ,right
ꢂꢤꢶꢒꢵꢬ꣄,right
ꢗꢵꢬꢠꣁ,spy
ꢕꢹꢜꢗꢵꢬꢶ,spy
ꢒꢬ꣄ꢡꢮ꣄,duty
ꢒꢬ꣄ꢡꢮ꣄ꢫꣁ,duty
ꢒꢵꢬꢵꢒꢵꢬ꣄,rigorous imprisonment
ꢒꢵꢬꢵꢕꢾꢬ꣄,rigorous imprisonment
ꢓꢾꢞꢶꢥꢸ ꢒꢵꢬꢵꢒꢵꢬ꣄,rigorous imprisonment
ꢕꢾꢥꢪ꣄,dignity
ꢣꣁꢳꢵꢪ꣄ ꢤꢹꢪ꣄,tear gas
ꢒꢮꢵꢜ꣄ ꢚꢔꢶꢥꢶ,lock out
ꢨꢥ꣄ꢣ꣄,lock out
ꢬꣃꢳꢶ,mutiny
ꢒꢭꢔꢪ꣄,mutiny
ꢔꢭꢵꢜ꣄ꢜꢵ,disturbance
ꢔꢵꢪ꣄ ꢥꢶꢱꢨ꣄ꢣꢸ ꢱꢵꢱꢥꣁ,curfew
ꢪꣁꢱꢒꢵꢬ꣄,cheater
ꢲꣁꢖ꣄ꢔꢞ꣄ꢠꢵꢬ꣄,cheater
ꢮꢶꢦꢒ꣄ꢰꢸꢮꢵꢥ꣄,opposition cadre
ꢡꣂꢒꢸꢦꢒ꣄ꢰꢸꢮꢵꢥ꣄,opposition cadre
ꢭꢸꢒ꣄ꢙꢵꢥꢶ,spy
ꢗꢵꢬ꣄,spy
ꢒꢜ꣄ꢗꢶꢒꢾꢬꣁ,client
ꢦꢒ꣄ꢯꢸꢮꢵꢥ꣄,client
ꢗꢾꢡ꣄ꢡꢬ꣄,order
ꢥꢿꢪꣁ,discipline
ꢱ꣄ꣁꢞ꣄ꢞꢶ,thief
ꢢꢠꢵ ꢱ꣄ꢢꢭ ꢬꢒ꣄ꢰꢶꢥꢶ,police custody
ꢢꢠꢵ ꢬꢒ꣄ꢰꢶꢥꢶ,police custody
ꢢꢠꢵ ꢮꢶꢩꢵꢔ꣄,police department
ꢢꢠꢵ ꢱ꣄ꢢꢭ꣄,police station
ꢒꢾꢭ꣄ꢭꢭ꣄,"mocking, teasing"
ꢬꣃꢞꢶ,goonda
ꢒꢸꢠ꣄ꢞꢸ,bomb
ꢕꣁꢞꢵ ꢱꣀꢥ꣄ꢫꢸ,mounted police
ꢒꢸꢪ꣄ꢦꢸ,crowd
ꢭꢸꢪ꣄ꢦ꣄ꢳꣁ,confusion
ꢂꢦꢬꢵꢤ꣄,crime
ꢂꢦꢬꢵꢕꢶ,"culprit, the accused"
ꢂꢮ꣄ꢞꢵ ꢮꢶꢗꢵꢬꢠꣁ,cross question
ꢒꣀꢣꢶ,prisoner
ꢨꢥ꣄ꢣꢶ,prisoner
ꢒꢵꢬꢵ ꢔꢸꢦ꣄ꢡꣁ,prisoner
ꢒꣀꢣꢸ,arrest
ꢨꢥ꣄ꢣꢶꢒꢾꢬ꣄ꢥꢶ,arrest
ꢒꢾꢭ꣄ꢭꢭ꣄ꢒꣁ,"Mocking,trasing"
ꢪꣁꢬꢜꢱ꣄꣄ꢡꢾ,murder
ꢪꣁꢬꢞ꣄ꢠꢵꢬ꣄,murderer
ꢲꢥ꣄ꢡꣁ,murderer
ꢕꢵꢡꢶ,murderer
ꢒꢦꢜꢸ ꢓꢶꢛ꣄ꢗꢶꢥꢶ,decoity
ꢒꢦꢜꢸ ꢓꢶꢛ꣄ꢗꢸꢥꢵꢬ꣄,decoit
ꢒꢸꢪ꣄ꢦꢸ,group
ꢱꢵꢱꢥ ꢱꢖ꣄ꢒꢳꢥꣁ,code
ꢱꢵꢱꢥ ꢱꢖ꣄ꢒꢭꢥꣁ,code
ꢱꢵꢱꢥꣁ,law
ꢩꣁꢔꢸꢪꢵ,prize
ꢱꢵꢒ꣄ꢰꢶ,witness
ꢦꢒ꣄ꢰꢸ,favour
ꢱꢵꢣꢒꣁ,favour
ꢱꢵꢭꢵ ꢮꢶꢤꢶꢥ꣄,traffic rules
ꢦꢶꢱ꣄ꢒꢭ꣄,problem
ꢦꢸꢱ꣄ꢒꣁ,problem
ꢗꢶꢡ꣄ꢬ ꢮꢤꣁ,torture
ꢒꢵꢬꢵꢕꢾꢬ꣄,"jail, prison"
ꢱꣂꢱꢥꣁ,exploitation
ꢒꢸꢥꢸꢔꢶꢥꢶ,exploitation
ꢮꢶꢭꢹꢝ꣄,plunder
ꢲꢥꢶꢪꢵꢬ꣄,plunder
ꢮꢶꢭꢸꢝꢥꣁ,plunder
ꢃꢱ꣄ꢡꢶ,property
ꢱꣁꢡ꣄ꢡꢸ,property
ꢡꢾꢒꢸꢬꢵꢭ꣄,dispute
ꢢꢥꢵꢭ ꣄ꢭꣀꢞꢵ ꢲꢥ꣄ꢥꢶ,lathi charge
ꢲꢶꢨ꣄ꢨꢵꢞꢸ ꢃꢙꢛꣁ,"prevention order, stay order"
ꢥꢶꢬꣂꢤ꣄ ꢃꢙ꣄ꢛꢸ,"prevention order, stay order"
ꢣꢾꢠ꣄ꢞꢥꣁ,punish-ment
ꢲꣂꢬ꣄,side
ꢱ꣄ꢮꢫ ꢬꢒ꣄ꢰꢠꣁ,self-defence
ꢗꣁꢬ꣄,theft
ꢡꢷꢬ꣄ꢦꢸ,judgement
ꢠꢶꢬ꣄ꢠꢫꣁ,judgement
ꢄꢔ꣄ꢬꢮꢵꢡꢶ,extremist
ꢭꢸꢒ꣄ ꢙꢥ꣄ꢥꢬ꣄,detective
ꢱꢹꢗꢥꣁ,clue
ꢜꢸꢦ꣄ꢦꢸ,clue
ꢣꣂꢬꢸ ꢣꢠ꣄ꢞꢵꢥꣁ,hanging punishment
ꢲꣁꢬꢸꢒ꣄ꢬꢶꢫꣁ,action
ꢱꢹꢗꢵꢭ꣄,good conduct
ꢗꣁꢒ꣄ ꢗꢭ꣄ꢥꢶ,good conduct
ꢱꢡ꣄ ꢗꢭ꣄ꢥꢶ,good conduct
ꢥꢶꢫꢵꢮ꣄,justice
ꢥꢶꢫꢵꢫꢱ꣄ꢢꢭꣁ,court
ꢮꢶꢬꣂꢣ,enmity
ꢩꣁꢔꢸꢪꢵꢥ꣄,prize
ꢦ꣄ꢬꢡꢶꢒꢹꢭ꣄,adverse effect
ꢬꢒ꣄ꢯꢥꣁ,"protection, defence"
ꢦꢶꢬꢡꢶꢮꢵꢣꢶ,defendent
ꢱꢡ꣄ꢫꢦ꣄ꢬꢪꢵꢠ꣄,oath
ꢦꢶꢬꢪꢵꢠ꣄,oath
ꢒꢸꢠ꣄ꢜꢸ,error
ꢒꢭꢲ ꢱ꣄ꢢꢶꢡꢶ,"agitation, struggle"
ꢥꢒꢭ꣄,duplicate
ꢪꣁꢬꢥꢸ ꢣꢠ꣄ꢞꢠꣁ,death sentence
ꢦꣀꢭ ꢏꢫ꣄ꢣꢦꢥ꣄,first aid
ꢪꣁꢬꢜꢸ,rowdy
ꢤꢶꢒ꣄ꢒꢶꢥꢶ,clash
ꢮꢵꢣꢸꢒꢾꢬ꣄ꢥꢵꢬ꣄,advocate
ꢮꢵꢣꢸꢥꢵꢬ꣄,advocate
ꢣꢵꢮꣁ,case
ꢮꢣꢶꢔ꣄ꢛꢵꢥꢶ,advocate
ꢮꢒ꣄ꢒꢷꢭ꣄,advocate
ꢆꢔ꣄ꢬ ꢒ꣄ꢬꢶꢫꣁ,violence
ꢣꣂꢠꢸ ꢮꢵꢒ꣄,statement
ꢃꢣꢵꢬꢸ ꢮꢵꢗꢸ,statement
ꢮꢵꢣꢶ,plaintiff
ꢧꢶꢬ꣄ꢮ ꢓꢳ꣄ꢳꢱ꣄ꢡꢾ,withdrawal
ꢮꢵꢦꢱ꣄ ꢓꢳ꣄ꢳꢱ꣄ꢡꢾ,withdrawal
ꢒꣀꢣꢸ ꢦꢡ꣄ꢬꣁ,warrant
ꢮꢶꢗꢵꢬꢠꣁ,enquiry
ꢩꢬꢵꢜ ꣄ꢱꣁꢞ꣄ꢥꢶ,release
ꢥꢶꢫꢪꣁ,rule
ꢨꢥ꣄ꢤ꣄,strike
ꢙꢪꢷꢥ꣄,bail
ꢣꢭ꣄ꢭꣁ,male
ꢙꢾꢥꣁ,person
ꢙꢮ꣄ꢠꣁ,Youth/ youth stage
ꢥꣁ,Youth/ youth stage
ꢙꢮ꣄ꢠꢦꢥ꣄,Youth/ youth stage
ꢫꣃꢮꢥꣁ,Youth/ youth stage
ꢙꢮ꣄ꢠꣁ,young man
ꢙꢮ꣄ꢠꢶ,Younger woman
ꢥꢴꢥ꣄ꢥꣁ,Younger man
ꢕꢾꢬ꣄ꢮꢵꢬ꣄,pregnancy
ꢕꢾꢮ꣄ꢬꢵꢬ꣄,pregnancy
ꢕꢾꢬ꣄ꢮꢬꢶꢥ꣄,pregnant woman
ꢕꢾꢮ꣄ꢬꢬꢶꢥ꣄,pregnant woman
ꢒꢥ꣄ꢫꣁ,virgin­
ꢣꣁꢮ꣄ꢬꣁ,old man
ꢣꣁꢮ꣄ꢬꢶ,old woman
ꢦꢶꢭ꣄ꢭꣁ,young one of birds
ꢦꢶꢭ꣄ꢭꣁ,young one of animals
ꢒꢸꢪꢵꢬꣁ,unmarried young man
ꢒꢸꢪꢵꢬꢶ,unmarried young girl
ꢥꢴꢸꢒ꣄ꢬꢸ,child
ꢥꢴꢸꢬꢸꢦꢥ꣄,childhood
ꢨꢵꢭ꣄ꢫꢦꢥ꣄,childhood
ꢨꢵꢭ꣄ꢫꢪ꣄,childhood
ꢥꢴꢥ꣄ꢥꢶ,child­
ꢥꢴꢥ꣄ꢥꢶ,girl
ꢥꢴꢥ꣄ꢥꣁ,boy
ꢦ꣄ꢬꢵꢫꢪ꣄,stage
ꢨꢵꢭꢦ꣄ꢬꢵꢫꢪ꣄,young stage
ꢨꢵꢳꢸꢥ꣄,young children
ꢏꢬ꣄ꢱꢸ,"age, stage"
ꢏꢱ꣄ꢱꢸ,"age, stage"
ꢨꢾꢜ꣄ꢒꢶ,girl
ꢂꢳꢶꢶ,girl
ꢨꢾꢜ꣄ꢒꣁ,boy
ꢪꢾꢥꢶꢒ꣄ \ ꢣꢭ꣄ꢭꢒ꣄ꢒꣁ,man
ꢂꢪ꣄ꢪꢒ꣄ꢒꣁ,woman
ꢪꢵꢥꢸꢰꢪ꣄,human
ꢏꢭ꣄ꢞꢶꢥ꣄,old woman
ꢏꢭ꣄ꢞꣁ,old man
ꢣꢸꢒ꣄ꢬꣁ,old age
ꢫꢸꢮꢡꢶ,young unmarried girl
ꢫꢸꢮꣁ,young man
ꢫꢸꢮꢥ꣄,young man
ꢙꢮ꣄ꢥꢠꢦꢥ꣄,youth
ꢫꣃꢮꢥꢪ꣄,youth
ꢏꢬ꣄ꢱꢸ,age
ꢙꢮ꣄ꢠꢦ꣄ꢦꢥ꣄,youth stage
ꢙꢮ꣄ꢠꢡ꣄ꢮꢪ꣄,youth
ꢧꣀꢭ ꢦ꣄ꢬꢣꢬ꣄ꢰꢥꣁ,debut / maiden performance
ꢲꢬꢶꢓꢾꢡꣁ,religious discourse with narration
ꢦꢸꢬꢵꢡꢥꢮꢱ꣄ꢡꢸ ꢦ꣄ꢬꢣꢬ꣄ꢰꢶꢥꢶ,museum
ꢥꢵꢗꢸ,dance
ꢥꢜꢥꢪ꣄,dance
ꢱꢖ꣄ꢔꢷꢡ꣄,music
ꢱꢖ꣄ꢔꢷꢡꢸ ꢮꣀꢩꢮ꣄,musical concert
ꢱꢶꢖ꣄ꢒꢵꢬ꣄ꢭꢶꢥꢶ,make up
ꢍꢒꢵꢖ꣄ꢒꢶ ꢥꢜ꣄ꢒꢪ꣄,one act play
ꢱꢨ꣄ꢣꢸ ꢦ꣄ꢬꢒꢵꢱꢸ ꢣꢬ꣄ꢰꢥꣁ,music and light programme
ꢱꢨ꣄ꢣꢸꢔꢸꢠ꣄ꢮꢶ,loudspeaker
ꢗꢶꢡ꣄ꢬꢸ,painting
ꢱꢖ꣄ꢔꢷꢡ ꢮꣀꢩꢮ꣄,concert
ꢒꢷꢡꢸꢱ꣄ꢬꢸꢡꢶ,pitch
ꢔꢮ꣄ꢥꢶꢱ꣄ꢢꢵꢥ꣄,pitch
ꢱ꣄ꢡꢵꢥꢦ꣄ꢬꢫꢡ꣄ꢥꣁ,pitch
ꢪꣂꢜꢶ ꢮꢶꢡ꣄ꢡꢾ,magic
ꢒꢭꢵ,art
ꢒꢭꢵꢒꢵꢬ꣄,artiste
ꢒꢵꢒ꣄ꢰꢶ,scene
ꢔ꣄ꢬꢵꢪꢶꢫ ꢥꢵꢗꢸ,a folk dance
ꢙꢾꢡꣁꢪꢶꢳꢶ ꢓꢳꢥ꣄ꢥꢵꢗꢸ,a group dance
ꢪꢭ꣄ꢭꢫꢸꢣ꣄ꢣꢸ,wrestling
ꢥꢵꢗꢸ,a folk dance
ꢥꢵꢗꢸ ꢓꣁꢜ꣄ꢜꣁ,theatre
ꢗꢶꢡ꣄ꢬ ꢮꢷꢠꢾ,a musical instrument
ꢮꢶꢤꢹꢰꢒ꣄,clown
ꢒꣁꢭꢸ ꢓꢵꢭ꣄,a native dance with sticks
ꢱꢸꢕꢞꢶ,"sound quality, tone"
ꢕꢞꢶ ꢆꢜꢵꢮ꣄,"sound quality, tone"
ꢗꢾꢠ꣄ꢜꢾ,a drum
ꢡꢫꢵꢬ꣄ ꢒꢾꢬ꣄ꢥꢵꢬ꣄,producer
ꢡꢫꢵꢬ꣄ꢒꢾꢬ꣄ꢥꢶ,production
ꢱ꣄ꢮꢩꢵꢰꢥ꣄ ꢍꢒꢵꢥ꣄ꢡꢸ ꢮꢗꢸ,"monologue, soliloquy"
ꢦꢞꢸꢣꣁ,screen
ꢡꢶꢬꢱ꣄ꢒꢾꢬ꣄ꢥꢵꢮ꣄,screen
ꢡꢾꢬꢵ ꢭꣁꢱ꣄,cinema
ꢥꢵꢗꢸ ꢓꣁꢜ꣄ꢜꣁ,cinema theatre
ꢲꢵꢱ꣄ꢫꢪ꣄,humour
ꢥꢜ꣄ꢭꣁ,dance
ꢥꢜ꣄ꢮꣁ,actor
ꢥꢜꣁ,actor
ꢥꢜ꣄ꢮꢶ,actress
ꢥꢜꢶ,actress
ꢥꢗꢶꢥꢶ,acting
ꢓꢳ꣄꣄ꢥꢶ ꢥꢵꢗꢸ,dance drama
ꢥꢗꢥ ꣄ꢥꢵꢗꢸ,dance
ꢥꢜꢥ ꢥꢵꢗꢸ,dance
ꢥꢵꢣꢸ,harmony
ꢥꢱꢸꢬꢵꢭ꣄,a pipe musical instrument
ꢥꢷꢞꢵ ꢭꣂꢱ꣄,photograph
ꢭꢭꢶꢡ ꢒꢭꣁ,fine arts
ꢮꢶꢮꢵꢣꢸ ꢱꢣꢱ꣄,debate
ꢩꢬꢡ ꢥꢵꢜ꣄ꢫꣁ,bharatnatyam
ꢪꢸꢭ꣄ꢭꢮꢶ,the first stanza of a musical composition
ꢩꢮ꣄ꢣꢸꢭ꣄,musician
ꢔꢷꢜ꣄,song
ꢔꢮ꣄ꢥ ꢶꢮꣀꢩꢮ꣄,vocal concert
ꢔꢷꢡꢸ ꢮꣀꢩꢮ꣄,vocal concert
ꢔꢮ꣄ꢥꢵꢬ꣄,singer
ꢔꢷꢡꢶ,song
ꢱꢥꢵꢬ꣄,spectator
ꢮꢫꢭꢶꢥ꣄,fiddle
ꢥꢷꢞꢵ ꢭꣂꢱ,photograph
ꢮꢿꢠꢸ,flute
ꢮꢱ꣄ꢡꢸ ꢦ꣄ꢬꢡꢬ꣄ꢰꢶꢠꢷ,exhibition
ꢒꢵꢭꢒ꣄ꢰꢿꢦꢸ,pastime
ꢣꢶꢥ꣄ꢥꢸ ꢔꢪ꣄ꢞꢶꢥꢶ,pastime
ꢣꣂꢠ꣄ꢞꣁ,a musical-rhythm instrument
ꢪꢾꢣ꣄ꢣꢳ꣄,a musical instrument
ꢥꢔꢬꣁ,drum
ꢭꢕꢸ ꢱꢖ꣄ꢔꢷꢡ꣄,light music
ꢪꢛ꣄ꢗ꣄,stage
ꢗꢾꢥ꣄ꢣꢸꢬ꣄ ꢬꢴꢾꢜꣁ,giant wheel
ꢬꢱꢶꢒꣁ,fan
ꢬꢵꢔ꣄,tune
ꢮꢗꢥ꣄,dialogue
ꢨꢠꢵꢭꢸ ꢮꢾꢞꢶꢒ꣄,pyrotechnics/fire display
ꢮꢮ꣄ꢙꢶꢥꢶ ꢮꢵꢣ꣄ꢫꣁ,instrumental music
ꢂꢒꢵꢱꢸ ꢤ꣄꣄ꢮꢥꢶ,radio
ꢮꢶꢡ꣄ꢡꢾ,magic
ꢮꢷꢠꢾ,veena
ꢮꢾꢞꢶꢒ꣄,entertainment
ꢓꢿꢳ꣄꣄,entertainment
ꢓꢾꢭ꣄ꢭꢭ꣄,entertainment
ꢱ꣄ꢮꢬꣁ,voice
ꢆꢦ꣄ꢨꢸवꣁ,fig
ꢧꣁꢥ꣄ꢥꢶꢱꢸ ꢦꣁ꣄ꢳ꣄ꢳꣁ,a kind of small jack fruit
ꢚꢵꢞꢸꢦꣁꢳ꣄ꢳꣁ,pineapple
ꢃꢦ꣄ꢦꢳ꣄,apple
ꢃꢬꢛ꣄ꢙꢶ,orange
ꢨꣂꢬꢸ ꢦꣁꢳ꣄ꢳꣁ,Indian cherry
ꢦꢾꢬ꣄ꢗ꣄ꢗꢪ꣄ꢦꣁꢳ꣄ꢳꣁ,date fruit
ꢒꢫ꣄ꢭꣁ,unriped fruit
ꢗꢶꢦ꣄ꢦꣁ,coconut shell
ꢒꣁꢜ꣄ꢜꢾ,nut
ꢗꢦ꣄ꢦꣂꢜ꣄ꢜꢵ,sapota
ꢱꢷꢡꢵ ꢦꣁꢳ꣄ꢳꣁ,sita fruit
ꢒꢷꢡ꣄,petal of the cluster fruit
ꢡꢒ꣄ꢒꢵꢳꢶ,tomato
ꢣꢬ꣄ꢨꢹꢱ꣄,water melon
ꢡꢶꢬꢵꢒ꣄ꢰꣁ,grapes
ꢡꣁꢮ꣄ꢞꣁ,skin of the fruit
ꢣꣁꢬꢶ,fibre
ꢥꢵꢬꣁ,fibre
ꢮꢷꢜ꣄,a variety of fibre lime
ꢙꢾꢪ꣄ꢨꢸ ꢦꣁꢳ꣄ꢳꣁ,black berry
ꢱꢸꢒ꣄ꢒꢾꢥꢬꢳ꣄,fully ripped coconut or any fruit
ꢥꢿꢥ꣄ꢣꢶꢬꢪ꣄ ꢒꢾꢳꣁ,banana
ꢦꢦ꣄ꢦꢵꢳꢶ,papaya
ꢡꢵꢞꢶ ꢦꣁꢳ꣄ꢳꣁ,palmyra palm fruit
ꢦꢶꢥ꣄ꢣ ꢦꣁꢪ꣄ꢨꢸꢳ ꢦꣁꢳ꣄ꢳꣁ,tender fruit
ꢩꢿꢬꢶꢒꢫ꣄ꢭꣁ,a kind of pear-wood apple
ꢒꢗ꣄ꢗꢪ꣄ꢨꣁ,raw mango
ꢣꢜꢶꢪ꣄ꢦꣁꢳ꣄ꢳꣁ,pomegranate
ꢒꢗ꣄ꢗꢪ꣄ꢨꢵ ꢨꣁꢳ꣄ꢳꣁ,mango fruit
ꢪꢸꢥ꣄ꢡꢶꢬꢶ,cashew
ꢪꢸꢥ꣄ꢡꢶꢬꢶꢒ꣄ ꢒꣁꢜ꣄ꢜꢾ,cashew nut
ꢒꢾꢳꣁ,banana fruit
ꢮꢳ꣄ꢒꢵ ꢦꣁꢳ꣄ꢳꣁ,cucumber fruit
ꢂꢨ꣄ꢨꢸꢥꢵ,will not get
ꢙꢸꢠ꣄ꢠꢵ,will not get
ꢂꢨ꣄ꢨꢫ꣄,will get
ꢙꢸꢞꣀ,will get
ꢥꢴꢷ,will not be available
ꢒꢳꢵꢥꢵ,do not know
ꢒꢳꢵꢫ꣄,know
ꢏꢦ꣄ꢦꢵꢥꢵ,do not like
ꢏꢦ꣄ꢦꢵꢫ꣄,like
ꢮꢶꢮꢬ꣄ꢦꣁꢠ꣄ꢠꢵ,do not understand
ꢮꢶꢮꢬ꣄ꢦꣁꢞꢫ꣄,understand
ꢧꢸꢬ꣄ꢥꢵ,not enough
ꢧꢸꢬꢫ꣄,enough
ꢪꢸꢱꢸꢥꢵ,not possible
ꢯꢾꢒ꣄ꢒꢸꢥꢵ,not possible
ꢪꢸꢱꢫ꣄,possible
ꢯꢾꢒ꣄ꢒꢫ꣄,possible
ꢥꣁꢒ꣄ꢒꣁ,do not want
ꢦꢙꢾꢥꢴꢷ,do not want
ꢦꢙꢾ,want
ꢚꢸꢭ꣄,leech
ꢗꢶꢔ꣄ꢭꣁ,squirrel
ꢱꢪ꣄ꢗꢳꢶ,lacerta interpunctula lizard
ꢱꢱꢬ꣄ꢦꢵꢛ꣄ꢚꢸꢭ꣄,centipede
ꢔꣁꢬꢸ ꢒꢵꢥꢸꢪ꣄ ꢒꢶꢞꣁ,round worm
ꢆꢱꢸ ꢆꢱꢵꢭꢾ,winged white ant
ꢚꢸꢬꢸ,"lick, dog flea"
ꢪꢸꢖ꣄ꢔꢶ,ant
ꢲꢸꢥ꣄ꢣꢶꢬ꣄,rat
ꢱꢬꢳ꣄,"chameleon, garden lizard"
ꢗꢵꢜꣁ,black ant
ꢔꢥ꣄ꢤꣁꢭꢶ,wasp
ꢔꢾꢥ꣄ꢤꢭ꣄,wasp
ꢒꢖ꣄ꢒꢶꢞꣁ,caterpillar
ꢨꢥ꣄ꢣꣁ,cockroach
ꢲꢸꢡꢶ,white ant
ꢒꢺꢪꢶ,germ
ꢥꢸꢔꢸꢭ꣄,mongoose
ꢥꢒꢸꢭ꣄,mongoose
ꢱꢾꢛ꣄ꢙꢶꢮ꣄,wasp
ꢦꢶꢱꢸꢳꣁ,mosquito
ꢪꣃꢞꢶ,spider
ꢭꢴꣁꢮ꣄ꢮ ꢪꢸꢖ꣄ꢒꢶ,small red ant
ꢆꢥ꣄ꢣꢶꢬ꣄,mouse
ꢒꢸꢜ꣄ꢒꢶ,flea
ꢱꢸꢠ꣄ꢞꢶ,dragon fly
ꢩꢾꢬ꣄ꢒꢳꢶ,frog
ꢩꢿꢭꢶ,toad
ꢮꢶꢛ꣄ꢗꢸ,scorpion
ꢪꣀꢪꢴꢔꢶ,honey bee
ꢔꢶꢱ꣄ꢳꣁ,snail
ꢔꣁꢬꢪ꣄ꢪꣁ,butterfly
ꢒꣃꢱ꣄ꢒꢶꢞꣁ,silkworm
ꢦꢵꢭꣁ,house lizard
ꢱꢵꢦ꣄,snake
ꢂꢥ꣄ꢣꢸ,silver fish
ꢒꢶꢞꣁ,worm
ꢑꢳꢶ,ant hill
ꢂꢨ꣄ꢨꢸ,small insect
ꢔꣂꢪ꣄ꢨꢾ,centipede
ꢙꢹꢪ꣄,louse
ꢱꢶꢣ꣄ꢣꢜ꣄,earthworm
ꢙꢶꢙ꣄ꢙꢶꢭ꣄,glow worm
ꢤꢾꢔꢸꢥꣁ,bug
ꢦꢶꢖ꣄ꢔꢸ ꢪꢸꢖ꣄ꢔꢶ,"big red ant,"
ꢃꢳꢶ,beetle
ꢢꣂꢳ꣄,grass hopper
ꢔꣁꢭ꣄ꢭꣁꢬ꣄,locust
ꢣꣁꢨ꣄ꢨꢶ,keepwide
ꢙꢵ,go away
ꢒꢹꢔ꣄,cock
ꢲꢿꢜ꣄,"remove, separate"
ꢂꢖ꣄ꢔꢶꢒꢵꢬ꣄,recognize
ꢲꢭ꣄ꢭꢵꢜ꣄,to move
ꢆꢜ꣄ꢔꢵꢜ꣄,subdue
ꢆꢜ꣄ꢔꢶ,to be subdued
ꢲꢵꢥ꣄,beat
ꢭꢥ꣄ꢣꢶ,approach
ꢱꢾꢥ꣄ꢡꢶ,arrange
ꢙꢷ ꢗꢿꢬ꣄,To reach
ꢚꢵꢔꢶ,close
ꢆꢛBꢗꣁ ꢱꢵ,see up
ꢕꢭ꣄ꢭꢾ,wear
ꢧꢶꢬ꣄ꢭꢾ,wear
ꢪꢴꢮ꣄ꢭꢫꢶ ꢙꢵ,be extinguished
ꢪꢴꣃꢭꢶ,extinguish
ꢒꢨꢶꢭ꣄ꢭꢾ,embrace
ꢭꢾꢔꢸꢡ꣄ꢡ ꢙꢵ,approach
ꢦꢬ꣄ꢮꢒꢿꢬ꣄,rebuke
ꢮꢿꢥ꣄ ꢒꢿꢬ꣄,increase
ꢃꢗ꣄ꢗꢬ꣄ꢫꢸꢦꣂꢜ꣄,wonder
ꢂꢣꢶꢬ꣄,tremble
ꢂꢦ꣄ꢦꢶꢭꢾ,apply like a paste
ꢚꢾꢜ꣄ꢦꢶꢭꢾ,steal
ꢱꣃꢔꢭ ꢒꢿꢬ꣄,gesticulate
ꢨꢷꢱ꣄,sit
ꢨꢹꢜ꣄,be immersed
ꢨꢸꢣꢵꢜ꣄,immerse
ꢂꢪ꣄ꢒꢶ,press
ꢂꢪ꣄ꢒꢫꢶ ꢬꢴꢵ,be pressed
ꢱꢾꢥ꣄ꢡꢶ ꢢꣂꢮ꣄,be arranged
ꢱꢾꢥ꣄ꢡꢫꢶꢬꢴꢵ,arranged
ꢲꢹꢖ꣄ꢔꢶꢤꢹꢭ꣄,become drowsy
ꢓꢮ꣄ꢙꢸꢭꢾ,"itch, sieve"
ꢤꢵꢒ꣄ꢕꢵꢭ꣄,frighten
ꢨꢾꢣꢸꢬꢶ ꢦꣂꢜ꣄,to be much afraid
ꢣꢸꢒ꣄ꢒꢸꢦꣁꢞ꣄ꢳꢾ,lament
ꢦ꣄ꢬꢵꢬ꣄ꢡꢥꣁꢒꢾꢬ꣄,pray
ꢦꢿ,drink
ꢧꢸꢭꢫꢶꢬꢴꢵ,blossom
ꢂꢫ꣄ꢫꢬꢮ꣄ ꢦꣁꢜ꣄,be disgusted with
ꢒ꣄ꢬꢸꢦꣁ ꢒꢾꢬ꣄,bestow favour
ꢡꢾꢱꢫꢶ ꢦꣂꢜ꣄,be crushed
ꢭꢸꢨ꣄ꢨꢶ,grind
ꢂꢭꢖ꣄ꢒꢵꢬ꣄ ꢒꢿꢬ꣄,beautify /decorate
ꢲꢭ꣄ꢭꢵꢜ꣄,move
ꢂꢭ꣄ꢗꢶ,rinse
ꢯ꣄꣄ꢭꢵꢕꢠꢒꢾꢬ꣄ꢭꢿ,boast
ꢤꢹꢮ꣄,wash
ꢩꢮꢵꢜ꣄ꢡꢵꢫ꣄,scream
ꢭꣂꢭ꣄ ꢦꣂꢜ꣄,wander
ꢭꣂꢭ꣄ ꢦꣁꢞꢜ꣄,make to wander
ꢱꢶꢬꢳ꣄꣄ꢙꢵꢜ꣄,make to wander
ꢥꢯꢶꢶꢥꢪ꣄ ꢲꣁ,be destroyed
ꢥꢵꢯꢥꣁ ꢲꣁ,be destroyed
ꢥꢯꢶꢶꢥꢪ꣄ ꢒꢿꢬ꣄,destroy
ꢱꢶꢙ꣄ꢮꢶ,boil
ꢱꢶꢮ꣄ꢙꢶ,boil
ꢱꣁꢮ꣄ꢞꢶ,loosen
ꢬꣂꢜ꣄,"cry, weap"
ꢪꢸꢬ꣄ꢔꢶ,decay
ꢪꢸꢬ꣄ꢔꢫꢶꢙꢵ,decay
ꢂꢪ꣄ꢒꢫꢶꢙꢵ,be pressed
ꢨꣂꢮ꣄,call
ꢮꢵꢬ꣄,take handful
ꢪꣂꢮ꣄,measure
ꢪꣁꢮ꣄ꢙꢶ,measure
ꢣꢿ,give
ꢒꢮ꣄ꢭꢶ,meddle
ꢒꢳꣀꢭꢾ,know
ꢒꢜꢫꢶꢙꢵ,be cut
ꢒꢵꢜ꣄,cut
ꢕꢵꢪ꣄ ꢡꢵꢫ꣄,beat strongly
ꢤꢵꢥꢸꢒ꣄ꢙꢵ,follow
ꢂꢥꢸꢱꢬꢶ,follow
ꢤꢜ꣄ꢞꢾ,send
ꢂꢥꢸꢨꢮꢶꢛ꣄ꢗꢶ,experience
ꢦꣁꢥ꣄ꢣꢶ,experience
ꢂꢥꢸꢪꢡꢶ,permit
ꢇꢲꢪ꣄ ꢒꢿꢬ꣄,guess
ꢃꢒ꣄ꢬꢪꣁ ꢒꢿꢬ꣄,aggress
ꢲꣁꢮꢵꢜ꣄,make
ꢲꣂ,become
ꢃꢯꢶꢬ꣄ꢮꢵꢡ꣄ ꢒꢿꢬ꣄,bless
ꢃꢒ꣄ꢰꢿꢿꢦꢠꣁ ꢒꢿꢬ꣄,object
ꢲꢶꢥ꣄ꢣꢵꢳ꣄,swing
ꢥꢵꢗ꣄,"dance, swing"
ꢓꢵꢭ꣄,"dance, swing"
ꢃꢣꢬꣁ ꢒꢿꢬ꣄,support
ꢂꢣ꣄ꢣꢶꢥꢶ ꢣꢿ,support
ꢏꢦ꣄ꢦꢶꢭꢿ,accept
ꢂꢬꢸꢪ꣄ꢦꢪ꣄ꢒꢾꢬ꣄,begin
ꢬꢾꢗ꣄ꢗꣁꢡꢵꢫ꣄,make noise
ꢣꢷꢬ꣄ꢡ꣄ꢡꢸꢨꢸꢞꢜ꣄,give holy bath
ꢦꢬꢶꢯꣂꢤꢥꣁ ꢒꢿꢬ꣄,research
ꢱꢾꢗ꣄ꢗꢶꢭꢿ,think
ꢨꢹꢞ꣄,immerse
ꢨꢸꢞ꣄ꢮꢶ,immerse
ꢱꣀꢱꢶ,rule
ꢥꢶꢮꢵꢜ꣄,cool
ꢥꢶꢮꢳ꣄ꢳꢾ,be cooled
ꢤꢸꢮꢿꢰ꣄ ꢒꢿꢬ꣄,despise
ꢗꢾꢬꢶ ꢙꢵ,agree
ꢱꢸꢡꢶ ꢡꢵꢫ꣄,tune
ꢢꢾꢜ꣄ꢒꢶ ꢦꣁꢜ꣄,stumble
ꢦꢸꢜ꣄ꢜꢶ ꢦꣁꢜ꣄,be demolished
ꢧꣁꢞꢶꢡꢵꢫ꣄,demolish
ꢢꣂꢮ꣄,"put, wear"
ꢕꢳ꣄ꢳꢿ,"put, wear"
ꢥꢾꢱ꣄ꢒꢶꢭꢶ ꢙꢵ,sqeeze
ꢐꢬ꣄ꢦꢸꢒꢾꢬ꣄ꢭꢿ,accept
ꢗꢿꢬ꣄,be joined
ꢗꢾꢬ꣄ꢗ꣄ꢗꢶ,join
ꢪꢶꢱ꣄ꢒꢶ,closing eyes for a second
ꢒꢵꢪ꣄ ꢒꢾꢬꢵꢜ꣄,"direct, operate"
ꢤꢪꢵꢜ꣄,"direct, operate"
ꢒꢵꢪ꣄ ꢒꢿꢬ꣄,"be moved, be operated"
ꢤꢵꢪ꣄,"be moved, be operated"
ꢱꢖ꣄ꢔꢶ,tell
ꢪꢹꢱ꣄,can
ꢆꢬꢸꢮ꣄ ꢒꢿꢬ꣄,compose
ꢐꢬ꣄ꢦ꣄ꢦꢸ ꢒꢾꢬ꣄ꢭꢾ,agree
ꢩꢷꢔ꣄ ꢪꢵꢫ꣄,beg
ꢣꢫꣁ ꢒꢿꢬ꣄,show mercy
ꢱꣁꢪ꣄ꢦꢸ ꢦꣁꢥ꣄ꢣꢶ,enjoy
ꢒꢨꢵꢜ꣄,"to protect, save"
ꢬꢒ꣄ꢰꢠꣁꢒꢿꢬ꣄,"to protect, save"
ꢣꢷꢮꢜꣁ ꢒꢿꢬ꣄,double
ꢬꢴꢵ,be
ꢲꢥ꣄ꢣꢵꢬ꣄ ꢦꣂꢜ꣄,be dark
ꢬꢴꢮꢵꢜ꣄,make sit
ꢕꣁꢮ꣄ꢭꢶ,cough
ꢲꢥ꣄ꢣꢵꢬ꣄ꢒꢥ ꢶꢬꢴꢵ,be dark
ꢬꢵꢒ꣄ ꢂꢮꢳ꣄ꢳꢾ,get angry
ꢬꢵꢒ꣄ ꢂꢠ꣄ꢭꢿ,get angry
ꢲꢾꢪ꣄ꢦꢶ,breath hard
ꢬꢴꢵ,to be
ꢙꢮꢳ꣄ꢳꢾ,lose
ꢲꢸꢡ꣄ꢡꢶꢬ꣄,get down
ꢆꢜ꣄ꢗꢶ,pull
ꢓꢶꢛ꣄ꢗꢶ,pull
ꢤꢶꢭ꣄ꢭ ꢬꢴꢵ,be loose
ꢒꣁꢪ꣄ꢨꢸꢭꢵꢩꢵꢮ꣄ ꢱꢾꢬ ꢬꢴꢵ,have tender feeling
ꢡꢵꢡ꣄ꢒꢿꢬ꣄,to spin
ꢦꢳ꣄꣄ꢜꣁꢒꢿꢬ꣄,melt
ꢦꢳ꣄ꢜꣁꢲꣂ,melt
ꢣꢵꢡ꣄ꢣꢾꢒ꣄ꢒꢵꢜ꣄,grin
ꢏꢜ꣄ꢗꢶ,filter
ꢄꢬ꣄ꢒ꣄ꢒꢶ,tighten
ꢕꢾꢞꢶ ꢦꣂꢜ꣄,become hard
ꢒꢾꢬꢸꢮ꣄ ꢦꣂꢜ꣄,be proud of
ꢪꣂꢬ꣄,die
ꢲꢹꢡ꣄ꢡꢸꢬꢵꢜ꣄,get down
ꢲꢹꢡ꣄ꢡꢶꢬ꣄,decend
ꢦꢾꢬ꣄ꢦ꣄ꢦꢶ,spread
ꢱꢾꢥ꣄ꢡꢶ,draw water
ꢒꢾꢛ꣄ꢙꢶ,beg
ꢔꢸꢳ꣄ꢳꢾ ꢬꢴꢵ,be sweet
ꢙꣁꢞꢸꢛ꣄ꢗꢶ,get
ꢙꢿꢥ꣄,give birth
ꢱꢹꢓꢪ꣄ꢦꣁꢥ꣄ꢣꢶ,enjoy
ꢬꣂꢜ꣄,shed
ꢣꣁꢳꢵꢪ꣄ ꢦꢥꢶ ꢱꣂꢜ꣄,shed
ꢆꢗ꣄ꢗꢵꢬꢠꣁ ꢒꢿꢬ꣄,pronounce
ꢲꢸꢞꢵꢜ꣄,wake up
ꢄꢮꢬ꣄ ꢦꢸꢱꢶꢭꢾ,enquire
ꢕꢭ꣄ꢭꢾ,dress up
ꢧꢶꢭ꣄ꢭꢾ,dress up
ꢧꢸꢜ꣄ꢜꢶ ꢙꢵ,be broken
ꢧꣂꢜ꣄,break
ꢓꢵ,eat
ꢆꢬꢸꢮ꣄ ꢒꢿꢬ꣄,make
ꢆꢡ꣄ꢦꢡ꣄ꢡꢶ ꢒꢿꢬ꣄,make
ꢱꢹꢒ꣄ꢒꢵꢜ꣄,dry
ꢱꢹꢒ꣄ꢒꢶ ꢙꢵ,dry
ꢆꢥ꣄ꢳꢾ,feel
ꢙꢥ꣄ꢭꢾ,feel
ꢆꢥ꣄ꢥꢵꢜ꣄,make to feel
ꢙꢥꢵꢜ꣄,make to feel
ꢤ꣄ꢫꢾꢫꢸ,"decide, aim"
ꢭꢒ꣄ꢰ꣄ꢫꢸ,"decide, aim"
ꢱꢲꢵꢮ꣄ꢒꢿꢬ꣄,help
ꢮꢶꢭꢶꢛ꣄ꢗꢶ,shake off
ꢆꢛ꣄ꢗꣁ ꢃꢮ꣄,rise
ꢭꢵꢭ꣄,shed off
ꢭꢵꢡ꣄,kick
ꢣꣁꢨ꣄ꢨꢶ,push
ꢧꢸꢔ꣄ꢔꢶ,swollen
ꢧꣁꢮ꣄ꢠꢦꢥ꣄ꢒꢿꢬ꣄,treat
ꢨꢸꢣ꣄ꢣꢶ ꢱꢖ꣄ꢔꢶ,advise
ꢮꢮ꣄ꢬꢶ,use
ꢆꢨꢫꣂꢒ꣄ ꢒꢿꢬ꣄,use
ꢤꢹꢮ꣄,spit
ꢆꢛ꣄ꢗꣁ ꢡꢸꢒ꣄ꢒꢶ,lift
ꢔꢿꢱ꣄,rub
ꢱꣁꢭꢫꢾ,be peel
ꢱꣂꢭ꣄,peel
ꢒꢾꢬ꣄ꢖ꣄ꢔꢵꢜ꣄,melt
ꢒꢾꢬꢸꢬ꣄ꢔꢾꢫ,melt
ꢤꢸꢳꢵꢜ꣄,roll
ꢬꢹꢦ꣄ ꢒꢾꢬ꣄ꢭꢾ,figurate
ꢣꢹꢱ꣄,take out
ꢤꢹꢭ꣄,roll
ꢔꢾꢱꢫꢫꣁ,be rubbed
ꢮꢣꢫꣁ,tell
ꢱꢹꢒ꣄ꢒꢶ,dry
ꢱꢹꢒ꣄ꢒꢵꢜ꣄,Dry up
ꢆꢭꢵꢱ꣄ ꢒꢿꢬ꣄,wander
ꢲꢸꢭ꣄ꢦ꣄ꢦꢶ,shake
ꢲꢷꢭ꣄ꢦ꣄ꢦꢫꢶ ꢬꢴꢵ,be shaken
ꢆꢭꢫꢶ ꢬꢴꢵ,be disordered
ꢆꢭꢫꢶ ꢙꢮꢵꢜ꣄,disorder
ꢱꣁꢪ꣄ꢦꢸ,enjoy
ꢱꢵꢥ꣄ꢡꢶ,enjoy
ꢡꣂꢡ꣄ ꢱꢵ,compare
ꢪꢷꢜ꣄ꢒꢥ꣄ ꢱꢿ,be salt tasty
ꢂꢞ꣄ꢞꢪ꣄ ꢦꣂꢜ꣄,meddle
ꢭꣂꢭ꣄ ꢦꣂꢜ꣄,suffer
ꢙꢸꢥ꣄ꢥꢶ,plough
ꢦꢵꢜ꣄ ꢦꣂꢜ꣄,work hard
ꢂꢥꢬ꣄ꢡ꣄ꢡ ꢮꢵꢡ꣄ ꢒꢿꢬ꣄,babble
ꢒ꣄ꢰꢷꢠ꣄ ꢲꣁꢫꢶ ꢙꢵ,be destroyed like a log
ꢄꢥ꣄ꢒꢫꢶ ꢙꢵ,sprain
ꢣꢸꢒ꣄ꢒꢸ ꢦꣁꢥ꣄ꢣꢶ,worry
ꢥꢶꢛ꣄ꢙꢶ,sleep
ꢚꢸꢬ꣄,suck
ꢗꢸꢠ꣄ꢜꢶ,pinch
ꢔꢾꢬ꣄ꢙꢥꣁ ꢒꢿꢬ꣄,roar
ꢕꢾꢞꢶ ꢨꣂꢜ꣄,freeze
ꢪꣁꢥ꣄ꢥꢸꢪ꣄ ꢲꢶꢨ꣄ꢨꢶ,get fixed in the mind
ꢲꢞ꣄ꢮꢶ,think
ꢤꣀꢬ꣄ꢫꢪ꣄ ꢣꢿ,encourage
ꢓꢮꢵꢜ꣄,feed
ꢥꢴꢥ꣄ ꢚꢾꢔꢸꢜꣁ,have petty quarrel
ꢧꢹꢮ꣄,blow
ꢚꢶꢬ꣄ꢒꢶ,crawl
ꢱꣂꢜ꣄,pour
ꢆꢡ꣄ꢙꢭ꣄ ꢲꣂ,spring
ꢔꢵꢜ꣄,plant
ꢦꣂꢜ꣄ꢦꢣꢵꢳ꣄꣄ꢒꢾꢬ꣄ꢭꢿ,to pull stomach in
ꢪꢶꢡꢪꢶꢛ꣄ꢗꢶ ꢙꢵ,over go
ꢙꢵꢔ꣄ꢬꢡꢶ ꢒꢿꢬ꣄,caution
ꢂꢥ꣄ꢣꢶ,reach
ꢭꢥ꣄ꢣꢶ,reach
ꢙꢾꢫ꣄ ꢗꢿꢬ꣄,reach
ꢓꢳ꣄ꢭꢾ,take
ꢓꢵꢜ꣄,take
ꢪꣁꢮ꣄ꢙꢶ,count
ꢪꣂꢮ꣄,count
ꢫꢡ꣄ꢡꢥ꣄ ꢒꢿꢬ꣄,try
ꢡꢶꢬꢔ꣄ ꢲꢶꢨ꣄ꢨꢶ,oppose
ꢆꢱꢶꢭ꣄,jump
ꢨꢵꢠ꣄ ꢱꣂꢜ꣄,shoot
ꢙꢾꢳꢶ ꢙꢵ,be burnt
ꢙꢵꢳ꣄,burn
ꢲꢹꢜ꣄,get up
ꢭꢶꢒ꣄ꢒꢶ,write
ꢭꢶꢓꢶ,write
ꢔꢾꢭ꣄ꢭꢭ꣄ ꢒꢿꢬ꣄,ridicule
ꢮꢶꢱꢶꢬ꣄,throw
ꢙꢵ,go
ꢲꢾꢡꣁ ꢦꣂꢜ꣄,long for
ꢔꢵꢳ꣄꣄ꢞꢾ,scold
ꢤꢾꢬ꣄ꢭꢿ,hold in hand
ꢌꢗ꣄ꢗꢵꢜ꣄,cheat
ꢲꢸꢖ꣄ꢔꢵꢜ꣄,cheat
ꢌꢗ꣄ꢗꢜ꣄ꢥꢶ ꢦꣂꢜ꣄,be cheated
ꢲꢸꢖ꣄ꢔꢫꢶ ꢙꢵ,be cheated
ꢤꢞ꣄ꢞꢾ,launch
ꢦ꣄ꢬꢒ꣄ꢰꢿꢦꢠꣁ ꢒꢿꢬ꣄,launch
ꢲꣁꢮꢥ꣄ ꢬꢴꢵ,happen
ꢲꢶꢖ꣄ꢔꢵꢜ꣄,hoist
ꢲꢶꢖ꣄ꢔꢶ,"climb, get into"
ꢣꣁꢮ꣄ꢱꢶ,stick
ꢪꢸꢜ꣄ꢜꢶꢬꢴꢵ,break
ꢪꢸꢞ꣄ꢙꢵ,break
ꢪꣂꢞ꣄,break
ꢆꢣ꣄ꢔꢵꢜ꣄,control
ꢆꢣ꣄ꢔꢶ,be controlled
ꢃꢱ꣄ꢬꢫꢶꢭꢶ ꢬꢴꢵ,take shelter
ꢮꢜ ꢒꢿꢬ꣄,allot
ꢐꢬ꣄ꢡꣁ ꢬꢴꢵ,take shelter
ꢥꢷꢞꢪ꣄ ꢬꢴꢵ,take shelter
ꢦꢵꢬꢵꢫꢠꣁ ꢒꢿꢬ꣄,recite
ꢧꢶꢬꢶꢧꢶꢬꢶ ꢪꢿꢥ꣄,recite
ꢏꢦ꣄ꢦꢶꢭꢾ,agree
ꢐꢒ꣄ꢦꣁꢒꢸꢬ꣄ ꢥꢶꢛ꣄ꢗꢶ,lie down on one side
ꢱꢨ꣄ꢣꢸ ꢒꢾꢬ꣄,sound
ꢤ꣄ꢮꢪ꣄ꢱꢸ ꢲꣂ,be destroyed
ꢤ꣄ꢮꢪ꣄ꢱꢸ ꢒꢿꢬ꣄,destroy
ꢔꢾꢳꢶꢶ ꢙꢮꢵꢜ꣄,ooze out
ꢔꢾꢳꢶꢶ ꢙꢵ,leak
ꢭꢶꢒ꣄ꢒꢶꢭꢾ,hide
ꢙꣁꢭꢶꢛ꣄ꢗꢶ,"glitter, shine"
ꢣꢾꢠ꣄ꢞꢥꣁ ꢡꢿ,punish
ꢗꢾꢬ꣄ꢗꢶ,join
ꢏꢔꢬꢶ ꢒꢿꢬ꣄,vomit
ꢗꢾꢣꢵꢮ꣄ ꢲꣂ,raise
ꢣꣁꢮ꣄ꢞꢶ,drive
ꢤꢵꢪ꣄,run
ꢆꢗ꣄ꢗꢵꢜꢠꣁ ꢒꢿꢬ꣄,read
ꢗꢾꢮ꣄ꢣꢶ,read
ꢦꢵꢭꢥꣁ ꢒꢿꢬ꣄,protect
ꢱꢶꢥꢫꢶ ꢙꢵ,tired
ꢯꢷꢥ꣄,tired
ꢲꢮ꣄ꢡꢥ꣄ ꢒꢾꢬ꣄ꢭꢾ,"think, recall"
ꢲꢮ꣄ꢜꢶ,recall
ꢲꢜ꣄ꢮꢶ,recall
ꢒꣁꢔꢸꢭꢵꢔ꣄,taste
ꢦꢷꢳ꣄,squeeze
ꢱꢾꢔ ꢒꢿꢬ꣄,be sultry
ꢱꢸꢬꢸ ꢦꣂꢜ꣄,squeeze
ꢔꢿꢳ꣄,leak
ꢩꢥ꣄ꢣꢶ,"bind, tie"
ꢣꢵꢜ꣄,cross
ꢤꢶꢭ꣄ꢭꣁ ꢲꣂ,become loose
ꢗꣁꢞ꣄ꢞꢦꣁꢞꢶ ꢙꢮꢵꢜ꣄,smuggle
ꢦꢬ꣄ꢮꢡ꣄ ꢒꢿꢬ꣄,scold
ꢗꢵꢮ꣄,bite
ꢨꢶꢱ꣄ꢱꣁ ꢙꢵ,go fast
ꢔꢸꢱꢹꢳ,churn
ꢥꢶꢬꢷꢒ꣄ꢰꢠꣁ ꢒꢿꢬ꣄,supervise
ꢂꢮꢥ꣄ꢗꢵꢭ꣄ ꢱꢖ꣄ꢔꢶ,predict
ꢒꢾꢡ꣄ꢬꢶꢒ꣄ꢒꢾ ꢲꣁꢬ꣄ ꢒꢵꢜ꣄,cut by scissors
ꢬꢾꢗ꣄ꢗꣁ ꢡꢵꢫ꣄ ꢩꢮꢵꢜ꣄ ꢡꢵꢫ꣄,shout
ꢕꢾꢞꢶꢨꣁꢮ꣄,shout
ꢒꢸꢖBꢔꢶ ꢬꣂꢜ꣄,weep
ꢓꢾꢥꢶ ꢔꢵꢮ꣄,tell
ꢮꢱ꣄ꢥꣁ ꢣꢾ,be fragrant
ꢒꢾꢬ ꢒꢾꢬ ꢒꢿꢬ꣄,get irritation in throat
ꢚꢵꢫ꣄,"steal, hide"
ꢪꢷꢜ꣄ꢒꢥꢶ ꢭꢵꢔ꣄,be salty
ꢒꢳꣁ ꢲꣁꢱ꣄ꢡꢶꢱꣁ ꢙꢵꢭ꣄,burn black
ꢂꢨꢶꢦ꣄ꢬꢵꢫ꣄ ꢦꣁꢜ꣄,opine
ꢕꢸꢭꢫꢶ ꢙꢵ,be dissolved
ꢒꢾꢬꢶꢖ꣄ꢔꢶ ꢙꢵ,be dissolved
ꢕꢸꢭꢵꢜ꣄,dissolve
ꢒꢾꢬꢸꢖ꣄ꢔꢵꢜ꣄,dissolve
ꢱꢶꢒ꣄ꢒꢶ,learn
ꢒꢮ꣄ꢭꢶ,"mix, stir"
ꢪꢶꢱ꣄ꢬꢠꣁ ꢒꢿꢬ꣄,"mix, stir"
ꢱꢾꢣ꣄ꢣꢸ ꢡꢵꢫ꣄,be noisy
ꢒꢮ꣄ꢭꢫꢶꢬꢴꢵ,"be mixed, be stirred"
ꢂꢯ꣄ꢬꢿꢠꢶꢲꣁ,be shuffled
ꢂꢯ꣄꣄ꢬꢿꢠꢶ ꢒꢿꢬ꣄,shuffle
ꢃꢒꢬ꣄ꢰꢶ,attract
ꢩꣁꢬꢶꢙꢵ,"overflow, cover"
ꢡꢾꢭ꣄ꢒꢫꢶ ꢙꢵ,"overflow, cover"
ꢲꢸꢞꣁ ꢡꢶꢞꣁ ꢕꢭꢫꢶ ꢙꢵ,get upside down
ꢤꢶꢭ꣄ꢭꣁꢦꣁꢜ꣄,be loose
ꢲꢿꢜ꣄,remove
ꢲꢾꢞꢶ ꢡꢵꢫ꣄,remove
ꢣꢶꢥ꣄ꢥꢸ ꢙꢮꢵꢜ꣄,be spent
ꢩꢷꢜ꣄,subtract
ꢱꣁꢮ꣄ꢞꢶ,undress
ꢱꢷꢥ꣄ꢦꣁꢥ꣄ꢣꢶ,be tired
ꢱꢶꢒ꣄ꢒꢵꢜ꣄,teach
ꢣꢹꢡ꣄ ꢦꢷꢳ꣄,to milk
ꢗꢸꢜ꣄ꢜꢸ ꢧꢷꢬ꣄ꢮꢶ,rotate
ꢗꢸꢜ꣄ꢜꢸ ꢧꢷꢬ꣄,go round
ꢱꢵꢦꢥꣁ ꢣꢿ,frown
ꢦꣁꢳ꣄ꢳꣁ ꢲꣂ,ripen
ꢒꢨꢵꢜ꣄,protect
ꢣꢾꢒ꣄ꢒꢵꢜ꣄,show
ꢦꢶꢬꢿꢮ꣄ ꢒꢿꢬ꣄,love
ꢱꢸꢒ꣄ꢒꢶ ꢙꢵ,"dry, boil"
ꢡꢦ꣄ꢦꢶ ꢙꢵ,"dry, boil"
ꢒꢫ꣄ꢭꣁ ꢣꢾ,give fruit
ꢡꢦꢵꢜ꣄,boil
ꢂꢨ꣄ꢨꢳ꣄ꢳꢿ,get
ꢦꣁꢞ꣄ ꢬꢴꢵ,lying there
ꢥꢶꢖ꣄ꢙꢵꢜ꣄,make lie down
ꢓꢶꢠ꣄ꢓꢶꢠꢵꢜ꣄ ꢒꢪ꣄ꢦꢥꣁ ꢒꢿꢬ꣄,tremble
ꢂꢨ꣄ꢨꢱ꣄ꢡꢶꢱꣁ ꢬꢴꢵ,available
ꢒꢮ꣄ꢭꢶ,stir
ꢥꣁꢠ꣄ꢜꢶꢭꢶꢗꢵꢭ꣄,limp
ꢚꢹꢬ꣄ ꢆꢜ꣄ꢗꢶꢭꢾ,absorb
ꢔ꣄ꢬꢲꢥꣁ ꢒꢿꢬ꣄,absorb
ꢩꢜ꣄ꢜꢶ ꢙꢵ,be tore off
ꢩꢵꢜ꣄,tear off
ꢥꢶꢔꢶꢳꢵꢜ꣄,start
ꢥꢶꢔꢳ꣄,start
ꢒꢮ꣄ꢭꢶꢱꣂꢜ꣄,"poke, dig up"
ꢯꢵꢓꣁ ꢱꣂꢜ꣄,branch out
ꢣꣁꢱ꣄ꢒꣁ ꢗꢸꢜ꣄ꢜꢸ ꢧꢷꢬ꣄,feel giddiness
ꢕꢶꢬ꣄ꢒꢶ,scribble
ꢒꣁꢮ꣄ꢬꢶ,tear
ꢱꢾꢣ꣄ꢣꢸ ꢱꢨꣁ ꢒꢿꢬ꣄,act like rattle
ꢕꢸꢮꣁ ꢒꢿꢬ꣄,carve out
ꢮ꣄ꢫꢮꢱ꣄ꢢꣁ ꢥꢴꢷꢡ꣄ꢡꢶꢱꣁ ꢒꢿꢬ꣄,make disorder
ꢮ꣄ꢫꢮꢱ꣄ꢢꣁ ꢥꢴꢷꢡ꣄ꢡꢶꢱꣁ ꢲꣁ,be disordered
ꢃꢒꢬ꣄ꢰꢥꣁ ꢒꢿꢬ꣄,speak/act to attract
ꢔꢸꢱꢸꢔꢸꢱꢸ ꢒꢿꢬ꣄,murmur
ꢔꢸꢣ꣄ꢣꢶ,"fist, pinch"
ꢗꢮꢶ ꢒꢵ,chew
ꢤꢸꢖ꣄ꢒꢶ,jump
ꢒꢸꢰꢵꢭ꣄ ꢒꢿꢬ꣄,enjoy
ꢲꢳ꣄ꢳꢸ ꢔꢸꢣ꣄ꢣꢶ,pound gently
ꢏꢔꢬꢶ ꢒꢿꢬ꣄,feel vomiting
ꢔꣂꢦꢸꢬ꣄ ꢒꢾꢬꢱ꣄ꢡꢾ,pile up
ꢔꢸꢣ꣄ꢣꢶ,beat with fist
ꢪꣁꢥ꣄ꢥꢸꢪ꣄ ꢲꢸꢳꣁ ꢦꢾꢮ꣄ꢞꢫ ꢶꢬꢴꢵ,Spurt out
ꢭꢸꢪ꣄ꢦ꣄ꢶꢭꢿ,be confused
ꢭꢸꢪ꣄ꢦꢵꢜ꣄,to confuse
ꢧꢸꢭꢵꢧꢸꢭꢶꢣꢾꢒ꣄ꢒꢵꢜ꣄,show pimples
ꢱꣁꢥ꣄ꢡꣁꢰ꣄ ꢦꣁꢥ꣄ꢣꢶ,rejoice
ꢒꢸꢣꢹꢲꢭ꣄ ꢦꣁꢥ꣄ꢣꢶ,rejoice
ꢂꢭ꣄ꢮꢵꢜ꣄,shake
ꢂꢭ꣄ꢭꢶ,shake
ꢱꢪ꣄ꢪꢶꢯ꣄ꢬꢠꣁ ꢲꣁꢫ꣄ꢬꢴꢵ,Be shuffled
ꢪꢸꢭ꣄ꢭ ꢧꢭ꣄ꢭꣁ ꢲꣁꢫ꣄ ꢬꢴꢵ,Be shuffled
ꢒꢮ꣄ꢭꢫꢶ ꢬꢴꢵ,Be shuffled
ꢪꢶꢱ꣄ꢬꢠꣁ ꢒꢿꢬ꣄,Shuffle up
ꢪꢸꢭ꣄ꢭ ꢧꢭ꣄ꢭꣁ ꢒꢿꢬ꣄,Shuffle up
ꢒꢮ꣄ꢭꢶ ꢡꢵꢫ꣄,Shuffle up
ꢒꢸꢥꢪꢶꢖ꣄ꢗꢶꢫꢶ ꢬꢴꢵ,be heaped up
ꢒꢸꢪꢶꢖ꣄ꢗꢶ ꢢꣁꢮ꣄,heap up
ꢭꢸꢪ꣄ꢦꢶ,confuse
ꢭꢸꢪ꣄ꢦꢫꢶ ꢬꢴꢵ,Be confused
ꢔꣁꢳꢔꣁꢳꢫꢶ ꢮꢡ꣄ꢡꣁ ꢒꢾꢬ꣄,Babble
ꢦꣁꢭ꣄ꢭꢪ꣄ ꢦꣂꢜ꣄,become hole
ꢦꣁꢭ꣄ꢭꢪ꣄ ꢒꢾꢬ꣄,dig
ꢦꣁꢭ꣄ꢭꢪ꣄ ꢒꣁꢮ꣄ꢬꢶ,dig
ꢙꢾꢡ ꢗꢿꢬ꣄,assemble
ꢒꢮ꣄ꢭꢫꢶ ꢬꢴꢵ,mix
ꢒꢮ꣄ꢭꢶ,mix
ꢱ꣄ꢥꢵꢥ꣄ ꢒꢿꢬ꣄,take bath
ꢃꢖ꣄ꢔꢸ ꢤꢹꢮ꣄,take bath
ꢱꢶꢳ꣄ꢳꢦꣂꢜ꣄,become cold
ꢔꢸꢣ꣄ꢣꢶ,Pound/thrash
ꢒꢸꢬ꣄ꢗꢶꢭꢾ,"mark, note"
ꢥꢴꢥ꣄ꢥ ꢒꢿꢬ꣄,Shorten/lessen
ꢆꢥ꣄ꢥꣁ ꢒꢿꢬ꣄,Shorten/lessen
ꢥꢴꢥ꣄ꢥꢲꣁ,become small
ꢪꣁꢥ꣄ꢥꢸꢪ꣄ꢒꢸꢱ꣄ꢒꢫꢶ ꢬꢴꢵ,pricked by conscience
ꢆꢥ꣄ꢥꣁ ꢲꣁꢫ꣄ꢬꢴꢵ,decrease
ꢆꢥ꣄ꢥꣁ ꢒꢿꢬ꣄,decrease
ꢏꢖ꣄ꢔꢶ,bend
ꢏꢖ꣄ꢔꢵꢜ꣄,bend
ꢭꢵꢙ꣄,feel shame
ꢭꢵꢱ꣄,feel shame
ꢭꢙ꣄ꢙꣁ ꢦꣁꢥ꣄ꢣꢶ,feel shame
ꢗꢾꢬ꣄ꢗꢶ,add
ꢗꢾꢬ꣄ꢭꢿ,"join, increase"
ꢲꢵꢡ꣄ ꢙꢾꢡ ꢗꢾꢬ꣄ꢗ꣄ꢗꢶ,fold hands
ꢬꢾꢗ꣄ꢗ ꢡꢵꢫ꣄,shout
ꢪꢿꢠ꣄,say
ꢱꢖ꣄ꢔꢶ,say
ꢏꢖ꣄ꢒꢶ,bend
ꢱ꣄ꢮꢦ꣄ꢬꢡꢵꢦ꣄ ꢒꢾꢬ꣄ꢭꢿ,Boast/brag
ꢒꢾꢖ꣄ꢙꢶ,plead for favour
ꢪꢔꢶꢭꢾ,plead for favour
ꢥꢵꢯ꣄,spoil
ꢥꢯꢥꣁ ꢲꣂ,be spoiled
ꢙꢾꢔꢸꢖ꣄ꢗꢶ,win
ꢙꢷꢔ꣄,win
ꢨꢸꢱ꣄ꢒꢸꢜ꣄ꢜꢶ ꢬꣂꢜ꣄,sob
ꢎꢒꢶ,hear
ꢂꢪ꣄ꢨꢜ꣄ ꢬꢴꢵ,be sour
ꢲꣁ,be sour
ꢔꢸꢜ꣄ꢜꢸꢡꢵꢫ꣄,beat
ꢜꢖ꣄ꢒꢥꣁ ꢒꢿꢬ꣄,carve
ꢒꣁꢡ꣄ꢡꢶ,carve
ꢡꢦꢫꢶ ꢙꢵ,boil up
ꢲꢸꢨ꣄ꢨꢶ,"swell up, boil up"
ꢱꢸꢙ꣄ꢙꢶ,"swell up, boil up"
ꢡꣂꢠꢸꢪ꣄ ꢔꣁꢳꣁ ꢒꢿꢬ꣄,gargle
ꢡꣂꢠ꣄ ꢔꣁꢳꣁ ꢒꢿꢬ꣄,gargle
ꢡꣂꢜ꣄,pluck
ꢪꢵꢬ꣄,kill
ꢪꣁꢬꢵꢜ꣄,kill
ꢧꢖ꣄ꢔꢶꢜ꣄,winnow
ꢪꢥ꣄ꢣꣁ ꢗꢿꢜ꣄,become fat
ꢢꣁꢮ꣄ꢭꢾ,have
ꢩꣁꢬ꣄ꢮꢶ,lit fire
ꢭꢔꢵꢜ꣄,lit fire
ꢗꢵꢮ꣄,munch
ꢗꢾꢮ꣄ꢛ꣄ꢗꢶ,munch
ꢏꢬ꣄ꢦꢶ,comb head
ꢬꢵꢒ꣄ ꢂꢥ꣄ꢭꢾ,get angry
ꢨꣁꢪ꣄,string
ꢪꢔꢶꢭꢿ,request
ꢪꢾꢥ꣄ꢭꢿ,request
ꢒ꣄ꢰꢪꣁ ꢒꢾꢬ꣄ꢭꢿ,tolerate
ꢗꢶꢜꢸꢗꢶꢞꢵꢜ꣄,make crackling sound
ꢯꢶꢡꢶꢭꢶ ꢙꢵ,crush/deform
ꢗꢾꢣꢶꢭꢶꢙꢵ,crush/deform
ꢣ꣄ꢒ꣄ꢒꢶ,meet
ꢪꢷꢭ꣄,meet
ꢱꢾꢥ꣄ꢣꢿꢮ꣄ꢦꣂꢜ꣄,doubt
ꢗꢵꢜ꣄,Lick/suckle
ꢚꢹꢬ꣄,Lick/suckle
ꢱꢨꢶꢖ꣄ꢗꢶ,curse
ꢗꢵꢭ꣄,happen
ꢙꣁꢞꢸꢖ꣄ꢗꢶ,earn
ꢣꢷ ꢗꢾꢬ꣄ꢗꢶ,Submit/send in
ꢤꢞ꣄ꢞꢿ,Submit/send in
ꢥꢶꢬ꣄ꢮꢵꢲ꣄ ꢒꢿꢬ꣄,manage
ꢱꢛ꣄ꢗꢵꢭꢥꣁ ꢒꢿꢬ꣄,manage
ꢭꢾꢔꢸꢡ꣄ꢡꣁ ꢙꢵ,go near
ꢭꢥ꣄ꢣꢶ,go near
ꢗꢵꢭ꣄ꢲꣁ,Become mature
ꢬꢸꢡꢸꢲꣁ,Become mature
ꢲꢥ꣄ꢣꢶ,cook
ꢏꢠ꣄ꢜ꣄ꢫꢦꣁꢔꢸꢪ꣄ ꢏꢖ꣄ꢔꢶ,tilt/slant
ꢏꢠ꣄ꢜ꣄ꢫꢦꣂꢔꢸꢪ꣄ ꢏꢖ꣄ꢔꢵꢜ꣄,tiltslant
ꢚꢶꢬ꣄ꢒꢶ,slip
ꢒꣁꢛ꣄ꢗꢶꢥ ꢶꢮꢗꢥ꣄ ꢒꢿꢬ꣄,talk amorously
ꢱꢭ꣄ꢭꢵꢦꢸ ꢮꢗꢥ꣄ ꢒꢿꢬ꣄,talk amorously
ꢱꢶꢥꢫꢶ ꢙꢵ,be tired
ꢚꢶꢬ꣄ꢒꢶ ꢦꣂꢜ꣄,slip
ꢗꢸꢒ꣄ꢱꢖ꣄ꢔꢶ,charge with/accuse
ꢣꣂꢰ ꢃꢬꣂꢦꢠꣁ,charge with/accuse
ꢚꢵꢫ꣄,close
ꢱ꣄ꢢꢶꢬꣁ ꢒꢿꢬ꣄,establish
ꢦꣂꢒ꣄ ꢏꢖBꢔꢶ,incline
ꢦꣂꢒ꣄ ꢏꢖBꢔꢵꢜ꣄,incline
ꢥꣁꢪ꣄ꢪꢶꢭꢶ ꢬꢴꢵ,depend on
ꢏꢬ꣄ꢔꢵꢜ꣄,cause to lean
ꢒꢳꢵꢜ꣄,announce
ꢦ꣄ꢬꢒꢜꢥꣁ ꢒꢿꢬ꣄,announce
ꢱꢪ꣄ꢜꢶꢥꢶ ꢦꣂꢜ꣄,be caught
ꢱꢪ꣄ꢜꢶ,be caught
ꢬꢵꢒ꣄ ꢣꢾꢒ꣄ꢒꢵꢜ꣄,frown in anger
ꢪꣁꢠ꣄ꢔꢵꢜ꣄,cause to moan
ꢲꢵꢮꢩꢵꢮ꣄ ꢒꢿꢬ꣄,cause to moan
ꢪꣁꢠ꣄ꢔꢶ,"whine, moan"
ꢬꢹꢦ꣄ꢒꢾꢬ꣄,picturise
ꢗꢶꢡ꣄ꢡꢬ꣄ ꢒꢿꢬ꣄,picturise
ꢂꢨ꣄ꢨꢞ꣄ꢭꢿ ꢂꢨꢞ꣄ꢭꢿ,"occur, got"
ꢗꢾꢣꢸꢬ꣄,scatter
ꢮꢶꢒꢷꢬ꣄ꢠꢸ ꢲꣁꢫ꣄ ꢙꢵ,scatter
ꢗꢾꢣꢸꢬꢵꢜ꣄,scatter
ꢮꢶꢒꢷꢬ꣄ꢠꢸ ꢒꢾꢬ꣄,scatter
ꢥꢾꢱ꣄ꢒꢶ,crush
ꢫꣂꢱꢥꣁ ꢒꢿꢬ꣄,think
ꢭꢸꢗ꣄ꢗꢵꢜ꣄,shed
ꢪꢶꢱ꣄ꢒꢶ,winkle
ꢗꢶꢬꢵꢫ꣄ꢥꢶ ꢦꣂꢜ꣄,be scratched
ꢲꢵꢱ꣄,laugh
ꢱꣁꢮ꣄ꢬꢪ꣄ ꢒꢾꢬ꣄,shave
ꢬꣂꢪꢵꢛ꣄ꢗꣁ ꢲꣁꢫ꣄ꢭꢿ,bristle up the hair/get the goosebumps
ꢡꣁꢠꣁ ꢡꣁꢠꣁ ꢒꢿꢬ꣄,talk without restraint
ꢭꢴꣁꢮꣁ ꢦꣂꢜ꣄,become red
ꢥꢴꢥ꣄ꢥ ꢲꣂ,become small
ꢬꢵꢒ꣄ ꢂꢮꢵꢜ꣄,Provoke
ꢆꢱ꣄ꢦꢶ ꢱꣂꢜ꣄,Provoke
ꢔꢮ꣄ꢖ꣄ꢗꢶ,care
ꢙꢷꢬ꣄ꢠꢸꢒꢿꢬ꣄,digest
ꢪꣁꢥꣁ ꢒꢿꢬ꣄,sharpen
ꢬꢵꢒ꣄ ꢂꢮꢞꢳꢿ,Hiss/get angry
ꢔꢸꢬ꣄ꢡꢸ ꢒꢳꢵꢜ꣄,point out
ꢩꢸꢛ꣄ꢙꢶ,"roast, shoot"
ꢭꢵꢮ꣄,"roast, shoot"
ꢪꢶꢜ꣄ꢜꢶ,flipping
ꢦꢱ꣄ꢡꣁꢒ꣄ꢒꢶ,hesitate
ꢯꢸꢣ꣄ꢣꢶ ꢒꢿꢬ꣄,purify
ꢡꢸꢒ꣄ꢒꢶ,carry
ꢮꢵꢮ꣄,carry
ꢡꢸꢒ꣄ꢒꢵꢜ꣄,make carry
ꢒꣁꢮ꣄ꢬꢶ,scrape
ꢒꢸꢖ꣄ꢒꢶ,"shrink, shorten"
ꢂꢒ꣄ꢒꢸꢬꣁꢒꢿꢬ꣄,"shrink, shorten"
ꢒꢸꢖ꣄ꢔꢫꢶ ꢙꢵ,"shrink, shorten"
ꢂꢒ꣄ꢒꢸꢬꣁ ꢲꣁ,"shrink, shorten"
ꢂꢮ꣄ꢱꢬ꣄ ꢦꣁꢜ꣄,Hasten/hurry up
ꢔꢸꢮ꣄ꢠꢶ,roll
ꢔꣁꢳꣁ ꢒꢿꢬ꣄,roll
ꢔꢸꢠ꣄ꢮꢫꢶ ꢬꢴꢵ,roll
ꢔꣁꢳꣁ ꢲꣁꢫ ꣄ꢬꢴꢵ,roll
ꢯ꣄꣄ꢮꢵꢱꣁ ꢒꢿꢬ꣄,breathe
ꢬꢸꢗ꣄ꢗꢶ ꢱꢵ,taste
ꢧꢷꢬ꣄,rotate
ꢧꢶꢬ꣄ꢮꢶꢶ,rotate
ꢧꢶꢬꢵꢜ꣄,rotate
ꢅꢠ꣄ꢒꢶ,sprain
ꢲꢶꢠ꣄ꢞꢶ,"wander, rotate"
ꢗꢸꢜ꣄ꢜꢸ ꢧꢷꢬ꣄,"wander, rotate"
ꢒꣁꢮ꣄ꢬꢶ,scratch
ꢒ꣄ꢬꢷꢜꢶ ꢕꢵꢭ꣄,crown
ꢕꢵꢭ꣄,put
ꢗꢾꢮꢸꢛ꣄ꢗꢶ,suck
ꢥꢴꢵꢥ꣄ ꢲꣁ,become thin
ꢗꢸꢜ꣄ꢜꢸꢬ꣄ ꢬꢴꢵ,surround
ꢗꢾꢒ꣄ꢒꢶ,chop
ꢟꢖ꣄ꢒꢶ,carve
ꢥꢵꢪ ꢙꢦꣁ ꢒꢿꢬ꣄,pray
ꢦ꣄ꢬꢵꢬ꣄ꢢꢥꣁ ꢒꢿꢬ꣄,pray
ꢙꢷꢬ꣄ꢠꢸꢲꣁ,digest
ꢒꢿꢬ꣄,do
ꢙꢶꢬ꣄ꢪꢵꢥ꣄ ꢲꣂ,digest
ꢡꢸꢬꢵꢜ꣄,insert
ꢕꢞꢶ ꢒꣁꢮ꣄ꢬꢶ,calling attention by clearing throat
ꢙꢮꢵꢜ꣄,drive
ꢤꢪꢵꢜ꣄,drive
ꢗꢸꢨꢶꢜ꣄ꢗꢸ ꢦꣁꢥ꣄ꢣꢶ,prosper
ꢗꢾꢬ꣄ꢗꢶ,collect
ꢆꢬꢵꢮ꣄ ꢒꢿꢬ꣄,save
ꢙꢷꢗꢿꢬ꣄,"join, reach"
ꢗꢾꢬ꣄ꢗꢶ,"join, attach"
ꢦꢵꢄꢪ꣄ꢦꣁꢜ꣄,worship
ꢪꢾꢖ꣄ꢔꢶ,be attracted
ꢨꣁꢜ꣄ꢜꢸ ꢦꣂꢜ꣄,drop
ꢗꢶꢞꢸꢒ꣄ꢒꢸ ꢡꢵꢫ꣄,crack the finger
ꢧꢸꢭꢸ ꢦꣁꢮ꣄ꢱ꣄ꢦꣂꢜ꣄,rain down
ꢡꢸꢬꢵꢜ꣄,put in/insert
ꢡꢾꢜ꣄ꢜꢸ ꢪꢸꢜ꣄ꢜꢶ,be deranged
ꢡꢾꢠ꣄ꢞꢥꣁ ꢣꢿ,punish
ꢂꢠ꣄ꢗꢫꢶ ꢬꢴꢵ,reduce
ꢂꢠ꣄ꢗꢶ,reduce
ꢡꢾꢡ꣄ꢡꢳꢶꢛ꣄ꢗꢶ,struggle for life
ꢡꢾꢭ꣄ꢒꢶ,overflow
ꢡꣁꢨꢸꢛ꣄ꢗꢵꢜ꣄,Make one escape
ꢡꣁꢨꢸꢛ꣄ꢗꢶ,escape
ꢦꢥ꣄ꢪꢭ꣄ꢒꢾ ꢦꣂꢜ꣄,hesitate
ꢣꢬ꣄ꢰꢠꣁ ꢒꢿꢬ꣄,see
ꢮꢶꢮꢵꢡ꣄ ꢒꢿꢬ꣄,argue
ꢨꣁꢮꢥ꣄ ꢤꢜ꣄ꢞꢾ,fetch
ꢕꣁꢠꢖ꣄ꢒꣁꢠꢵꢫ꣄ ꢒꢿꢬ꣄,crawl
ꢏꢞ꣄ꢙꢵ,fail
ꢂꢭ꣄ꢭꢵꢜ꣄,be distressed
ꢥꢴꢷꢡ꣄ꢡꣁ ꢲꣁꢮꢵꢜ꣄,avoid
ꢔꣁꢳ ꢔꣁꢳꢵꢜ꣄,"stammer from joy, love, etc."
ꢙꣁꢭꢶꢛ꣄ꢗꢶ,"dazzle, glitter"
ꢓꢮ꣄ꢙꢶ,scratch
ꢦꢬꢷꢒ꣄ꢰꣁ ꢒꢿꢬ꣄,test
ꢗꣁꢒ꣄ꢒꢜ꣄ ꢲꣁ,be good
ꢯꢷꢥ꣄ ꢭꢒꢫ꣄ꢭꢾ,become tired
ꢧꢸꢜ꣄ꢜꢶ ꢦꣂꢜ꣄,collapse
ꢤ꣄ꢮꢪ꣄ꢯꢸ ꢲꣂ,collapse
ꢩꣁꢞꢶꢡꢵꢫ꣄,demolish
ꢩꣁꢔ ꢩꣁꢔꢫꢶ ꢬꢴꢵ,sizzle
ꢡꢦꢫꢶ ꢬꢴꢵ,sizzle
ꢬꢴꢷꢭꢿ,stay
ꢬꢴꢾꢫ꣄ꢭꢿ,stay
ꢬꢴꢵ,stay
ꢡꢾꢜ꣄ꢜꢶ,knock
ꢭꢵꢮ꣄,smear
ꢧꢸꢔ꣄ꢔꢶ,swell
ꢂꢮ꣄ꢞꣂꢦꣁꢜ꣄,obstruct
ꢲꢶꢨ꣄ꢨꢵꢞ꣄,obstruct
ꢡꢾꢭ꣄ꢒꢫꢶ ꢙꢵ,overflow
ꢒꢨꢶꢭꢿ,embrace
ꢃꢭꢶꢖ꣄ꢔꢥꣁ ꢒꢿꢬ꣄,embrace
ꢦꣁꢜꢭꢶ ꢩꢥ꣄ꢣꢶꢭꢿ,embrace
ꢗꢸꢨꢶꢜ꣄ꢗꢸꢒꢥ꣄ ꢬꢴꢵ,flourish
ꢙꣁꢭꢶꢛ꣄ꢗꢶ,shine
ꢤꢶꢭ꣄ꢭꣁ ꢦꣂꢜ꣄,get loose
ꢤꢶꢭ꣄ꢭꣁ ꢒꢿꢬ꣄,loosen
ꢗꢶꢒꢸꢥ꣄,sprout out
ꢪꢸꢒꢸꢬ꣄,sprout out
ꢂꢖ꣄ꢒꢸꢬ꣄,sprout out
ꢗꢾꢒ꣄ꢒꢶ,cut
ꢏꢠ꣄ꢜꢶꢒꢥ꣄ ꢬꢴꢵ,be alone
ꢲꢵꢥ꣄,attack
ꢕꢵꢪ꣄ ꢡꢵꢫ꣄,attack
ꢃꢒ꣄ꢬꢪꢥꣁ ꢒꢿꢬ꣄,attack
ꢱꢮꢥ꣄ꢒꢾꢬ꣄ꢭꢿ,bear
ꢮꢲꢶꢭꢾ,bear
ꢬꢴꢒ꣄ꢒꢶ,Wait
ꢡꢪꢱ꣄ꢒꢿꢬ꣄,Wait
ꢱ꣄ꢢꢶꢬꣁ ꢒꢿꢬ꣄,Wait
ꢡꢪꢱ꣄ꢒꢿꢬ꣄,delay
ꢆꢭ꣄ꢭꢖ꣄ꢔꢶ,leap
ꢚꢵꢖ꣄ꢔꢶ,leap
ꢓꢵꢭ꣄ꢙꢵ,become low
ꢓꢵꢭ꣄ꢒꢿꢬ꣄,lower
ꢧꣁꢠ꣄ꢠꢶ ꢣꢾ,seasoning
ꢡꢶꢒ꣄ꢒꢶ ꢮꢡ꣄ꢡꣁ ꢒꢿꢬ꣄,stammer
ꢓ꣄ꢫꢵꢣꢶ ꢦꣁꢥ꣄ꢣꢶ,to become famous
ꢒꢷꢬ꣄ꢡꢶ ꢦꣁꢥ꣄ꢣꢶ,to become famous
ꢨꢾꢣꢶꢬ꣄,stun
ꢔꢵꢭ꣄ꢞꢾ,scold
ꢨꢾꢣꢶꢬ꣄,Be astonished
ꢂꢭ ꣄ꢦꣁꢥ꣄ꢣꢶ,Be at a loss
ꢲꢸꢨ꣄ꢨꢱ꣄,be choked
ꢡꢶꢠ꣄ꢗꢶ,stuff
ꢩꣁꢬ꣄ꢮꢶ,stuff
ꢔꢸꢳ꣄ꢳꢾ ꢲꢵꣂ,be sweet
ꢧꢶꢬ꣄ꢮꢶ,turn
ꢧꢶꢬ꣄,turn
ꢤ꣄ꢫꢥ꣄ ꢒꢿꢬ꣄꣄,meditate
ꢐꢒ꣄ ꢒꢿꢬ꣄,collect
ꢙꢾꢡꣁ ꢒꢿꢬ꣄,collect
ꢔꢸꢪ꣄ꢦꢶ,collect
ꢦꢷꢳ꣄,twist
ꢱꢾꢬ꣄ꢒꣁ ꢒꢿꢬ꣄,correct
ꢱꢾꢬ꣄ꢒꣁ ꢲꣂ,correct
ꢱꣁꢪ꣄ꢦꢶ,to become very happy
ꢱꢥ꣄ꢡꢸꢰ꣄ꢜꢶ,to become very happy
ꢲꢸꢔꢸꢞ꣄,open
ꢓꢵ,eat tiffin
ꢗꢶꢡ꣄ꢬꢸ ꢒꢿꢬ꣄,"paint, sharpen"
ꢤꢿꢬ꣄,touch
ꢙꢭꢵꢜ꣄,burn
ꢡꢶꢬꢫꢶ ꢙꢵ,finish
ꢡꢶꢬ꣄ꢗꢶ,finish
ꢡꢶꢬ꣄ꢪꢵꢥ꣄ ꢒꢾꢬ꣄,decide
ꢪꢾꢬ꣄ꢦꢸꢭ꣄ ꢒꢿꢬ꣄,polish
ꢥꢶꢛ꣄ꢗꢶ,sleep
ꢲꣁꢖ꣄ꢔꢸ ꢂꢮꢞ꣄ꢳꢿ,sleep
ꢲꢬꢸꢪ꣄ꢨꢪ꣄ꢒꢾꢬ꣄,begin
ꢲꢬꢸꢪ꣄ꢨꢪ꣄ ꢲꣂ,begin
ꢔꢸꢠ꣄ꢞꢾ ꢲꢭ꣄ꢭꢶ,beat
ꢦꣁꢱ꣄,wipe
ꢒꢸꢜ꣄ꢒꣁ ꢒꢾꢬ꣄,make pieces
ꢤꣀꢬ꣄ꢫꢸ ꢦꣁꢥ꣄ꢣꢶ,Dare/ make bold
ꢥꢹꢮ꣄,praise
ꢯ꣄꣄ꢭꢵꢕꢠꣁ ꢒꢿꢬ꣄,praise
ꢢꢹꢮ꣄,spit
ꢱꢶꢔꢶꢬ꣄,sneeze
ꢡꢾꢬ꣄ꢪꢶ,chase
ꢤꢪꢵꢜ꣄,chase
ꢩꢬꢵꢜ꣄ ꢂꢮꢵꢜ꣄,Show forth
ꢡꢸꢬ꣄ꢒꢶ,scrape
ꢪꢛ꣄ꢙꢶ,make shine
ꢯꣂꢩꢠꣁꢲꣁ,be shining
ꢔꢸꢛ꣄ꢙꢶ,wash
ꢡꢾꢮ꣄ꢞꢶ,search with hand
ꢗꢶꢔꢸꢬ꣄ꢱꣂꢜ꣄,sprout out
ꢦꢸꢜ꣄ꢜꣁ ꢒꢿꢬ꣄,Pierce
ꢱꣁꢞ꣄ꢞꢶ ꢙꢵ,leave behind
ꢗꢾꢞ꣄ꢮꢶ,kindle
ꢦꣁꢱ꣄,clear
ꢗꢶꢭꢶꢛ꣄ꢗꢶ,spray
ꢗꢶꢖ꣄ꢒꢸꢭ꣄ ꢦꣂꢜ꣄,drizzle
ꢫꢵꢗꢠꣁ ꢒꢿꢬ꣄,beg
ꢙꢥ꣄ꢭꢿ,Know
ꢒꢳꢵꢜ꣄,convey
ꢡꢵꢠ꣄ꢲꢵꢥ꣄,be saturated
ꢡꢾꢭꢶꢮ꣄ ꢲꣂ,"sift, be clear"
ꢗꢶꢭꢶꢛ꣄ꢗꢾ,spray
ꢯꢶꢔꢶꢬ꣄,spray
ꢗꢾꢣꢶꢬꢶ,splash
ꢲꢶꢨ꣄ꢨꢵꢜ꣄,stagnate
ꢲꢶꢨ꣄ꢨꢶ,stagnate
ꢮꢾꢒ꣄ꢒꢶ,search
ꢪꢹꢔꢶ,search
ꢒꢸꢖ꣄ꢒꢶ,sob
ꢣꢶꢙꢫꢶꢙꢵ,wear off
ꢔꢿꢱ꣄,"rub, iron"
ꢣꣀꢬ꣄ꢫꢸ ꢣꢾ,console
ꢙꢾꢡꣁ ꢗꢾꢬ꣄ꢗꢶ,collect
ꢙꢾꢡꣁꢪꢳꢵꢞ꣄,collect
ꢭꣁꢪ꣄ꢨꢶ,hang
ꢡꣂꢬ꣄,follow
ꢲꢵꢜ꣄,touch
ꢂꢞ꣄ꢞꢪ꣄ꢮꢡ꣄ꢡꣁ ꢒꢿꢬ꣄,disturb by talking
ꢢꢾꢭ꣄ꢭꢶ ꢭꣁꢪ꣄ꢨꢶ,hang on
ꢤꢶꢭ꣄ꢭꣁ ꢱꣁꢜ꣄,"be supple, become slack"
ꢱꣂꢭ꣄,peel off
ꢔꢪ꣄ꢞꢫꢶ ꢙꢵ,be lost
ꢦꢾꢬꢪ꣄ꢨꢪ꣄ ꢲꣁꢫ꣄ ꢙꢵ,be lost
ꢔꢪ꣄ꢞꢵꢜ꣄,lose
ꢥꢵꢪ꣄,pray
ꢭꢔꢶꢤꢾꢬ꣄,infect
ꢤꢾꢬꢶꢭꢵꢔꢶ,infect
ꢱꢨ꣄ꢣꢸꢒꢿꢬ꣄,sound
ꢏꢭ꣄ꢭꣁ ꢒꢿꢬ꣄,make wet
ꢨꢶꢙ꣄ꢮꢵꢞ꣄,make wet
ꢏꢞꢶ ꢙꢵ,Fail
ꢱꢵꢪꢸꢬ꣄ ꢃꢮ꣄,"appear, seem"
ꢭꢵꢔ꣄,"appear, seem"
ꢗꢵꢜ꣄,lick
ꢏꢡ꣄ꢡꢵꢜ꣄,move
ꢲꢭ꣄ꢭꢶ,move
ꢲꢭ꣄ꢭꢫꢶ ꢙꢵ,move
ꢲꢭ꣄ꢭꢵꢞ꣄,move
ꢲꢷꢥ꣄ ꢲꣁꢫ꣄ꢙꢵ,be destroyed
ꢲꢷꢥ꣄ ꢒꢿꢬ꣄,destroy
ꢩꢶꢬꢸꢜ꣄,crush
ꢥꢾꢱ꣄ꢒꢫꢶ ꢙꢵ,be crushed
ꢩꢶꢬꢸꢞꢫꢶ ꢙꢵ,be crushed
ꢱꣁꢣꢱꣁꢣꢫꢶ ꢙꢵ,lose crispness
ꢗꢵꢭ꣄,walk
ꢗꢵꢭ꣄,Happen
ꢗꢭꢵꢜ꣄,conduct
ꢂꢩꢶꢥꢫꣁ ꢒꢿꢬ꣄,act
ꢕꢵꢭ꣄,plant
ꢏꢠ꣄ꢒꢶ,shiver
ꢥꣁꢪ꣄ꢪꢶ,believe
ꢩꢶꢠ꣄ꢞꢶ,believe
ꢥꢵꢪ꣄,greet
ꢓꢵꢭ꣄,itch
ꢧꢠ꣄ꢜꣁ ꢲꣁꢫ꣄ꢙꢵ,become grey
ꢗꢶꢒ꣄ꢒꢫꢶ ꢙꢵ,be weak
ꢚꢶꢬ꣄ꢒꢫꢶ ꢙꢵ,slip
ꢨꢶꢙ꣄ꢮꢫꢶꢙꢵ,wet
ꢨꢶꢙ꣄ꢮꢶ,wet
ꢔꢵꢜ꣄,fix
ꢦ꣄ꢬꢿꢮ꣄ ꢦꣂꢜ꣄,like
ꢭꢵꢙ꣄ ꢦꣁꢥ꣄ꢣꢶ,feel shy
ꢕꢠꢵꢜ꣄,stink
ꢕꢠꢫꢶ ꢙꢵ,stink
ꢥꢶꢯ꣄ꢒꢠꣁ ꢒꢿꢬ꣄,"decide, get engaged"
ꢱ꣄ꢢ꣄ꢬꣁ ꢦꣁꢥ꣄ꢣꢶ ꢒꢿꢬ꣄,be poised
ꢔꢵꢳ꣄ꢞꢿ,abuse
ꢲꢶꢨ꣄ꢨꢵꢜ꣄,stop
ꢗꢶꢪ꣄ꢜꢶ,pinch
ꢥꢶꢡ꣄ꢡꣁ ꢬꢴꢵ,become erect
ꢥꢶꢡ꣄ꢡꣁꢒꢿꢬ꣄,make erect
ꢥ꣄ꢫꢪꢥꣁ ꢒꢿꢬ꣄,appoint
ꢥꢶꢬ꣄ꢠꢫꣁ ꢒꢿꢬ꣄,determine
ꢥꢶꢬ꣄ꢮꢵꢲ꣄ ꢒꢿꢬ꣄,administer
ꢮꢶꢜ꣄ꢜꢫꢶ ꢙꢵ,become stale
ꢦꣁꢱ ꢦꣁꢱꢫꢶ ꢙꢵ,become stale
ꢡꢾꢮ꣄ꢞꢶ,stroke
ꢭꢵꢪ꣄ꢒꢥꢶ ꢬꢴꢵ,lengthen
ꢙꢳꢷꢬꢵꢒ꣄ ꢒꢿꢬ꣄,Turn into ash
ꢬꢵꢒ꣄ ꢲꣁꢫ꣄ ꢙꢵ,become ash
ꢲꢸꢖ꣄ꢔꢶ ꢱꢵ,"smell, enjoy"
ꢂꢥꢸꢩꢮ꣄ ꢒꢿꢬ꣄,"smell, enjoy"
ꢂꢥꢸꢩꢮꢶ,"smell, enjoy"
ꢩꢸꢬ꣄ꢒꣁꢒꢿꢬ꣄,powder
ꢱꢹꢒ꣄ꢯꢪꣁꢒꢥꢶ ꢬꢴꢵ,be minute
ꢩꢸꢬ꣄ꢒꣁ ꢲꣁꢫ꣄ꢙꢵ,be powdered
ꢨꢸꢱꢸꢪ꣄ ꢨꢸꢬꢸꢞꣁ ꢲꣂ,bubble
ꢡꢹꢬ꣄,enter
ꢨ꣄ꢬꢮꢿꢯ꣄꣄ ꢒꢿꢬ꣄,enter
ꢡꢸꢬꢵꢜ꣄,enter
ꢦ꣄ꢬꢮꢿꢯ꣄ ꢒꢾꢬꢵꢜ꣄,enter
ꢒꢵꢡ꣄,Spin
ꢡꢮꢫꢶ ꢮꢔꢸꢠ꣄ꢜꣁ ꢲꣂ,become flexible
ꢮꢷꢥ꣄,weave
ꢡꢾꢮ꣄ꢞꢶ,grope
ꢦꢶꢱ꣄ꢒꢫꢶ ꢙꢵ,be strangled
ꢦꢶꢱ꣄ꢒꢶ,squeeze
ꢩꣁꢬ꣄ꢮꢵꢜ꣄,fill up
ꢩꣁꢬ꣄ꢮꢫꢶ ꢬꢴꢵ,fill up
ꢣꣁꢨ꣄ꢨꢶ,reject
ꢥꢶꢬꢵꢒꢿꢬ꣄,reject
ꢥꢶꢬꢵꢒꢬꢠꣁ ꢒꢿꢬ꣄,reject
ꢬꢸꢙꢸꢒꢿꢬ꣄,prove
ꢲꢶꢨ꣄ꢨꢶ,Stop/halt
ꢬꢴꢵ:,prevail
ꢱ꣄ꢡꢵꢦꢥꣁ ꢲꣁꢫ꣄ ꢬꢴꢵ,be established
ꢥ꣄ꢬꢹꢦꢠꣁ ꢲꣁꢫ꣄ ꢬꢴꢵ,be established
ꢲꢜ꣄ꢮꢶ,think
ꢪꣁꢬꢶ ꢙꢵ,leave
ꢲꢶꢜ꣄ꢜꢫꢶ ꢙꢵ,remove
ꢅꢣꣁꢓꢵꢳ꣄,swim
ꢆꢞ꣄ꢗꢶ,stretch
ꢭꢪ꣄ꢨꢸꢒꢾꢬ꣄,stretch
ꢦ꣄ꢬꢿꢮ꣄ ꢒꢿꢬ꣄,love
ꢲꣂ,happen
ꢙꢷꢬ꣄ꢠꢸ ꢲꣁꢫ꣄ꢙꢵ,Wear out
ꢄꢡ꣄ꢡꢶ ꢙꢵ,Wear out
ꢮꢔꢶꢠ꣄ꢞꢶꢭꢶ ꢗꢵꢭ꣄,limp
ꢔꢸꢣ꣄ꢣꢶ ꢧꣁꢜ꣄,smash
ꢲꢥꢶ ꢧꣁꢜ꣄,smash
ꢩꢸꢬ꣄ꢒꣁ ꢲꣂ,be smashed
ꢣꢸꢮ꣄ꢥꣁ ꢭꢵꢔ꣄,pain
ꢱꢵ,look
ꢒꣁꢮ꣄ꢬꢶ,dig
ꢡꢦꢱ꣄ꢒꢾꢬ꣄,do penance
ꢨꢲꢶꢱ꣄ꢒꢵꢬ꣄ ꢒꢿꢬ꣄,Cast out
ꢩꢵꢔ꣄ꢒꢿꢬ꣄,parse
ꢮꢶꢬꣁꢤ꣄ꢒꢿꢬ꣄,antoganize
ꢦ꣄ꢬꢿꢮꢸꢬ꣄ ꢮꢶꢣꢶ ꢪꣂꢱ꣄ ꢒꢿꢬ꣄,deceiving with sweet words
ꢪꢫꢵꢭ꣄ꢒꢥꢶ ꢪꣂꢱ꣄ ꢒꢿꢬ꣄,deceiving with sweet words
ꢪꢫꢵꢭ꣄ ꢒꢾꢬꢶ ꢪꣂꢱ꣄ ꢒꢿꢬ꣄,deceiving with sweet words
ꢩꢹꢒ꣄ꢭꢔꢫꢶ ꢬꢴꢵ,feel hungry
ꢤꢪꢵꢤꢵꢪꢸꢬ꣄ ꢬꢴꢵ,flutter
ꢦꢾꢬ꣄ꢦꢫꢶ ꢬꢴꢵ,spread
ꢥꢶꢭ꣄ꢗꢫꢶꢬꢴꢵ,settle down
ꢗꢾꢮ꣄ꢣꢶ,"study, read"
ꢥꢶꢛ꣄ꢙꢶ,lie down
ꢯꢫꢥꣁ ꢒꢿꢬ꣄,lie down
ꢕꢵꢭ꣄,offer
ꢒꢾꢬ꣄,do
ꢃꢙ꣄ꢛꣁ ꢣꢿ,order
ꢃꢙ꣄ꢛꣁ ꢦꢵꢭꢥꣁ ꢒꢿꢬ꣄,Obey
ꢃꢙ꣄ꢛꣁ ꢤꢵꢥꢸ ꢗꢵꢭ꣄,Obey
ꢨꢾꢣꢸꢬ꣄,tremble
ꢥꢶꢪ꣄ꢦꢫꢶ ꢙꢵ,record
ꢦꢛ꣄ꢙꢷꢒꢬꢠꣁ ꢲꣂ,record
ꢥꢶꢪ꣄ꢦꢶ,"record, imprint"
ꢦꢛ꣄ꢙꢷꢒꢬꢠꣁ ꢒꢿꢬ꣄,"record, imprint"
ꢭꢸꢒ꣄ꢒꢵꢜ꣄,Hoard
ꢭꢸꢒ꣄ꢒꢶꢭꢶ ꢬꢴꢵ,Hide
ꢂꢭ꣄ꢭꢵꢜ꣄,Get agitated
ꢦꢱ꣄ꢒꢜ꣄ ꢓꢵꢜ꣄,Talk hesitantly
ꢤꢒ꣄ꢒꢶ ꢬꢴꢵ,Fear/ be afraid
ꢗꢾꢮ꣄ꢣꢶ,learn
ꢅꢔ꣄,learn
ꢗꢾꢮ꣄ꢣꢵꢜ꣄,teach
ꢄꢔꢵꢜ꣄,teach
ꢂꢭ꣄ꢭꢵꢞꢸꢪ꣄ ꢬꢴꢵ,be in a hurry
ꢦꢵꢭꢥꣁ ꢒꢿꢬ꣄,support and nourish
ꢆꢒ꣄ꢒꢶ,Seize / snatch
ꢚꢾꢭ꣄ꢦꢶ,Seize / snatch
ꢱꣂꢤꢥꣁ ꢒꢿꢬ꣄,"test, examine"
ꢂꢭ꣄ꢭꢵꢜ꣄,Be agitated
ꢦꢬꢶꢦꢵꢭꢥꣁ ꢒꢿꢬ꣄,rule
ꢮꢱ꣄ꢥꣁ ꢣꢿꢱ꣄ꢡꢶ ꢱꣁ ꢲꣁ,be fragrant
ꢲꣁꢞ꣄ꢮꢶ,serve
ꢣꢾꢳ꣄꣄ꢒꣁ ꢦꣂꢜ꣄,become stout
ꢨꢿ,drink
ꢗꢾꢜ꣄ꢮꢫꢶ ꢬꢴꢵ,Increase
ꢮꢿꢥ꣄ ꢲꣂ ꢚꢸꢒ꣄ꢒꢸ ꢲꣂ,Increase
ꢦꢭꢶꢛ꣄ꢗꢶ,produce result
ꢮꢜ꣄ꢒꢾ ꢒꢿꢬ꣄,tame
ꢦꣁꢳ꣄ꢔꢶ,mix with
ꢦꣁꢬꣁ ꢕꢵꢭ꣄,Blame
ꢗꢹꢒ꣄ ꢱꢖ꣄ꢔꢶ,Blame
ꢚꣂꢭꢶꢛ꣄ꢗꢶ,glitter
ꢤꢾꢬ꣄꣄ꢭꢾ,hold
ꢲꢸꢞ꣄,fly
ꢦ꣄ꢬꢒꢜꢥꣁ ꢒꢿꢬ꣄,proclaim
ꢦꢥꢶ ꢨꢶꢥ꣄ꢣꢸꢥ꣄ ꢪꢶꢳꢫꢶ ꢬꢴꢵ,"collect dew, filled with tears"
ꢣꣁꢭꢵꢪ꣄ꢦꢥꢶ ꢲꢶꢨ꣄ꢨꢶ ꢬꢴꢵ,"collect dew, filled with tears"
ꢔꢵꢮ꣄,sing
ꢨꢵꢤꣁ ꢒꢿꢬ꣄,Affect
ꢨꢵꢤꣁ ꢦꣁꢥ꣄ꢣꢵꢜ꣄,Affect
ꢬꢒ꣄ꢰꢠꣁ ꢒꢿꢬ꣄,protect
ꢬꢒ꣄ꢰꢶ,protect
ꢦ꣄ꢬꢮꢲꢶ,Flood/run in spate
ꢦꢵꢱꢥꣁ ꢒꢿꢬ꣄,Irrigate/flush
ꢱꢵ,See/look
ꢕꢾꢥꢪ꣄ ꢒꢿꢬ꣄,Praise/honour
ꢕꣃꢬ꣄ꢡꣁ ꢒꢿꢬ꣄,Praise/honour
ꢯ꣄ꢭꢵꢕꢥꣁ ꢒꢿꢬ꣄,Praise/honour
ꢆꢦꢫꣂꢒ꣄ ꢒꢿꢬ꣄,use
ꢥꢹꢔ꣄,use
ꢕꢵꢭ꣄,sow
ꢪꢥ꣄ꢡꢸꢱꢾꢬ ꢬꢴꢵ,Have flaw
ꢗꢶꢔꢸꢜ꣄ꢜꢒꢥꢶ ꢬꢴꢵ,be sticky
ꢒꢸꢱꢶꢬ꣄,"squeeze, knead"
ꢤꢾꢬ꣄,catch
ꢆꢒ꣄ꢒꢶ,snatch
ꢪꣁꢥ꣄ꢥꢸꢩꢿꢡ꣄ ꢲꣂ,Dissent/tussle
ꢪꢶꢭꢶ ꢬꢴꢵ,Entangle/
ꢒꢸꢜ꣄ꢒꢵꢥ꣄ ꢗꢾꢬꢶ ꢬꢴꢵ,Entangle/
ꢒꢸꢜ꣄ꢒꢵꢥ꣄ ꢱꢥ꣄ꢤꢫꢶ ꢬꢴꢵ,Entangle/
ꢒꢸꢜ꣄ꢒꢵꢥ꣄ ꢗꢾꢬ꣄ꢗꢶ,join
ꢒꢸꢜ꣄ꢒꢵꢥ꣄ ꢱꢥ꣄ꢤꢶ,join
ꢔꣁꢳ ꢔꣁꢳꢫꢶ ꢬꢴꢵ,babble /prate
ꢦꢶꢱ꣄ꢒꢶ,Press out
ꢦꢶꢱ꣄ꢒꢫꢶ ꢙꢵ,be pressed out
ꢦꢱ꣄ꢒꢜ꣄ ꢦꣂꢜ꣄,stay behind
ꢧꢜ꣄ꢜꢶ ꢬꢴꢵ,be torn
ꢧꢵꢜ꣄ꢜ,tear
ꢚꣁꢭꢶꢛ꣄ꢗꢶ,shine
ꢙꢿꢥ꣄,deliver
ꢦ꣄ꢬꢡꢶꢦ꣄ꢬꢒꢵꢯ꣄ ꢒꢿꢬ꣄,reflect
ꢃꢯ꣄꣄ꢗꢬ꣄ꢫꢸ ꢲꣂ,Wonder
ꢆꢦꢫꣁꢔ꣄ ꢒꢿꢬ꣄,use
ꢦ꣄ꢬꢮꢿꢯ꣄ ꢒꢿꢬ꣄,enter
ꢮꢜꣁ ꢲꣁꢫ꣄ꢬꢴꢵ,be separated
ꢮꢜꣁ ꢲꣂ,be separated
ꢮꢜꣁ ꢒꢿꢬ꣄,separate
ꢩꢵꢔ꣄ ꢒꢿꢬ꣄,separate
ꢦ꣄ꢬꢾꢬꢥꣁ ꢒꢿꢬ꣄,propose
ꢦꢶꢳ꣄,squeeze
ꢙꢶꢮ꣄ꢭꢶ ꢬꢴꢵ,survive
ꢧꢵꢜ꣄ ꢒꢿꢬ꣄,split
ꢕꢶꢶꢪ꣄ꢒꢵꢬ꣄ ꢒꢿꢬ꣄,trumpet
ꢇꢙ꣄,take birth
ꢱꢸꢜ꣄ꢜꢶ ꢙꢵ,slip
ꢱꢸꢫꢦ꣄ꢬꢩꢵꢮ꣄ ꢔꢵꢮ꣄,praise self
ꢙꣁꢪꢵꢜ꣄,feed
ꢪꢾꢬ꣄ꢗꢶ,praise
ꢤꢹꢬ꣄,enter
ꢡꢸꢬꢵꢜ꣄,thrust
ꢤꢸꢪꢫꢶ ꢬꢴꢵ,smoke
ꢤꢸꢪꢵꢜ꣄,smoke
ꢡꢾꢱꢶ ꢧꣁꢜ꣄,Thrash
ꢬꢾꢔꢶꢞꢶ ꢧꣁꢜ꣄,Thrash
ꢧꢸꢔ꣄ꢔꢶ ꢬꢴꢵ,swell
ꢦꢸꢥꢬꢸꢣ꣄ ꢤꢵꢬꢥꣁ ꢒꢿꢬ꣄,renovate
ꢥꣁꢮꣁ ꢒꢿꢬ꣄,renovate
ꢔꢞꢫꢶ ꢬꢴꢵ,be buried
ꢔꢞ꣄,bury
ꢤꢹꢳ꣄,roll
ꢂꢥ꣄ꢣꢞ꣄ꢳꢿ,Understand
ꢙꢥ꣄ꢭꢿ,Understand
ꢒꢳꢫꢶꢭꢿ,Understand
ꢗꢹꢒ꣄ ꢪꢾꢥ꣄ꢭꢶ ꢬꣂꢜ꣄,rave/complain
ꢧꣀꢭꢶꢧꢵꢬ꣄ ꢲꣂ,dawn
ꢱꣁꢭꢧꢵꢬ꣄ ꢲꣂ,dawn
ꢮꢮ꣄ꢬꢶꢥꢶꢪ꣄ ꢬꢴꢵ,be in use
ꢦꢬꢶꢫꣂꢔꢸꢪ꣄ ꢬꢴꢵ,be in use
ꢪꢷꢔꢸꢪ꣄ ꢬꢴꢵ,be in use
ꢬꢦ꣄ꢡꢵꢪ꣄ ꢬꢴꢵ,be in use
ꢪꢸꢬ꣄ꢔꢫꢶ ꢬꢴꢵ,be rotten
ꢱꢾꢔꣁ ꢒꢿꢬ꣄,be sultry
ꢮꢶꢙ꣄ꢙꢵꢜ꣄,"sour taste, ferment"
ꢗꣁꢞ꣄ꢞꣁꢮꢡ꣄ꢡꣁ ꢒꢿꢬ꣄,lie
ꢡꢶꢬꢱ꣄ꢒꢵꢬ꣄ ꢒꢿꢬ꣄,ignore
ꢥꢶꢔꢶꢭ꣄,start
ꢧꢹꢭ꣄,Blossom
ꢭꢵꢮ꣄,Apply/ smear
ꢨꢷꢕꢵꢭ꣄,lock
ꢱꣁꢪ꣄ꢦꢸꢦꣁꢥ꣄ꢣꢶ,feel elated
ꢣꢾꢳ꣄꣄ꢒ ꢒꣂꢜ꣄,become stout
ꢔꢸꢠꢵꢞ꣄,"multiply, increase,"
ꢮꢿꢥ꣄ ꢒꢿꢬ꣄,"multiply, increase,"
ꢮꢾꢥ ꢲꣂ,increase
ꢦꣁꢮ꣄ꢱ꣄ ꢦꣂꢜ꣄,rain
ꢢꢵꢪ꣄ ꢪꢬ꣄ꢗꢶꢭꢾ,change place
ꢂꢥꢸꢮꢵꢣ꣄ꢒꢿꢬ꣄,translate
ꢩꢵꢰꢵꢥ꣄ꢡꢬ꣄ ꢒꢿꢬ꣄,translate
ꢡꢬ꣄ꢙꢪꣁ ꢒꢿꢬ꣄,translate
ꢥꢶꢳꢸꢮ꣄ ꢡꣁꢦ꣄ꢦꢶ,Be deranged
ꢲꢔ꣄ꢔꢶ,pass stool
ꢧꢸꢔ꣄ꢔꢶ,blister
ꢲꢸꢨ꣄ꢨꢶ,Boil over
ꢗꢸꢠ꣄ꢞꢵꢞ꣄,scorch
ꢙꢭꢫꢶ ꢙꢵ,be scorched
ꢩꢸꢬ꣄ꢒꣁ ꢲꣁꢫ ꣄ꢙꢵ,be powdered
ꢩꢸꢬ꣄ꢒꣁ ꢒꢿꢬ꣄,powder
ꢚꢵꢫ꣄,cover
ꢗꢭ꣄ꢥꢵꢡꣁ ꢬꢴꢵ,not happen/ fail
ꢩꢸꢛ꣄ꢙꢫꢶ ꢬꢴꢵ,be fried
ꢩꢸꢛ꣄ꢙꢶ,fry
ꢮꢡ꣄ꢡꢵ ꢚꢔꢜ꣄,quarrel
ꢗꢾꢬ꣄ꢗꢶ,fix
ꢪꢶꢳ꣄꣄ꢮꢶ,fix
ꢪꢶꢳꢵꢜ꣄,fix
ꢗꢾꢬꢶ ꢬꢴꢵ,be fixed
ꢪꢶꢭꢶ ꢬꢴꢵ,be fixed
ꢒꢸꢖ꣄ꢔꢶ,Groan/ sob
ꢦꣁꢮ꣄ꢱ꣄ ꢭꢸꢗ꣄ꢗꢶ,rain heavily
ꢱꢪꢸꢭꢿ,tolerate
ꢮꢾꢒ꣄ꢒꢶ,pick up
ꢆꢦꢣꢿꢰ꣄ ꢒꢿꢬ꣄,advise
ꢪꢸꢬ꣄ꢔ ꢶꢙꢵ,decompose
ꢪꢔ꣄ꢔꢸꢥꣁ ꢦꣂꢜ꣄,Fade away
ꢪꢸꢬ꣄ꢔꢶ,decompose
ꢪꣁꢠ꣄ꢗꢶ,fold
ꢪꣁꢠ꣄ꢗꢫꢶ ꢬꢴꢵ,be folded
ꢲꣁꢬꢵꢜ꣄ ꢒꢾꢬ꣄ꢭꢾ,marry
ꢮꢱꢸꢥꢫꢶ ꢬꢴꢵ,smell
ꢲꢸꢖ꣄ꢔꢶ ꢱꢵ,smell
ꢪꣁꢬ꣄ꢔꢶꢫꢵꢡ꣄ ꢣꢿ,respect
ꢡꢶꢪꢸꢬ꣄ ꢤꢿꢬ꣄,go numb
ꢂꢬ꣄ꢢꢪꣂꢲ꣄ ꢦꣁꢥ꣄ꢣꢶ,Be deceived / be hazy
ꢲꢸꢣꢥ ꢥꢶꢛ꣄ꢙꢶ,lie looking up
ꢱꣁꢖ꣄ꢔ ꢦꣂꢜ꣄,become cheap
ꢃꢯ꣄ꢗꢬ꣄ꢫꢸ ꢦꣂꢜ꣄,Be stunned / be amazed
ꢱꣁꢮ꣄ꢬꢪ꣄ ꢒꢿꢬ꣄,shave
ꢪꣁꢥꣁ ꢙꢮꢵꢜ꣄,blunt
ꢪꣁꢥꣁ ꢥꢴꢷꢡ꣄ꢡ ꢬꢴꢵ,be blunt
ꢮꢡ꣄ꢡꣁ ꢣꢸꢳ꣄꣄ꢒꢶ,deceive
ꢮꢶꢱ꣄ꢬꢳ꣄ꢳꢿ,Forget
ꢂꢮꢞ ꢦꣁꢜ꣄,obstruct
ꢃꢜ꣄ꢰꢿꢦꢠꣁ ꢒꢾꢬ꣄,deny
ꢔꢪ꣄ꢞꢫꢶ ꢙꢵ,Disappear
ꢚꢒꢶꢭꢾ,hide
ꢒ꣄ꢰꢪꣁ ꢒꢿꢬ꣄,forgive
ꢱꢪ꣄ꢜꢵꢜ꣄,hook
ꢪꣂꢬ꣄,Die
ꢪꣁꢬꢵꢜ꣄,Kill
ꢪꢾꢬꢸꢒ꣄ ꢣꢿ,polish
ꢙꣁꢭꢶ ꢙꣁꢭꢶꢛ꣄ꢗꢶ,Twinkle
ꢪꢶꢜ꣄ꢜꢶ,"tune, take back"
ꢧꢶꢮ꣄ꢬꢶꢓꢵꢜ꣄,"tune, take back"
ꢧꢶꢮ꣄ꢬꢶ ꢓꢵꢜ꣄,Reverse/ get back
ꢂꢣ꣄ꢣꢸ ꢡꣁꢦ꣄ꢦꢶ,cross the limit
ꢱꢷꢪꣁ ꢆꢭ꣄ꢭꢖ꣄ꢕꢶ,cross the limit
ꢨꢹꢜ꣄,dip/groan
ꢨꢸꢞꢜ꣄,dip/groan
ꢱꢸꢥ꣄ꢣꢸꢬꢸꢪ꣄ꢨꢹꢜ꣄,Immerseto take pearl
ꢪꣁꢡꢶ ꢲꢿꢜ꣄,Immerseto take pearl
ꢨꢹꢜ꣄,"drown, sink"
ꢤꢶꢒ꣄ꢒꢶ,butt
ꢦꣁꢱꢮꢵꢫꢸꢪ꣄ꢦꣂꢜ꣄,be paralysed
ꢪꢸꢱꢞꢳꢿ,end
ꢪꢸꢱꢵꢜ꣄,complete
ꢧꢶꢮ꣄ꢬꢶ ꢲꢶꢖ꣄ꢔꢵꢜ꣄,wind up
ꢥꣁꢠ꣄ꢔꢶ,murmur
ꢗꢸꢪ꣄ꢨꢥꣁ ꢣꢿ,kiss
ꢗꢸꢪ꣄ꢨꢳꣁ ꢣꢿ,kiss
ꢦꢶꢒ꣄ꢒꢶ,ripen
ꢱꣁꢪ꣄ꢪꢬ꣄ꢗꢿꢜ꣄,overtake
ꢏꢱ꣄ꢪ꣄ꢪꢬ꣄ ꢙꢵ,overtake
ꢌꢡ꣄ꢡꢥ꣄ ꢒꢿꢬ꣄,try
ꢦ꣄ꢬꢫꢡ꣄ꢥꣁ ꢒꢿꢬ꣄,try
ꢩꢾꢡ꣄ ꢒꢿꢬ꣄,contradict
ꢕꣂꢰꢶꢛꢗꢶ꣄,Resound
ꢕꣂꢰꢪ꣄ ꢡꢵꢫ꣄,shout
ꢪꢸꢒ꣄ꢒꢸꢭꢶꢛꢗꢸ꣄,blink
ꢪꢶꢖ꣄ꢒꢶ,swallow
ꢗꢸꢔꢸꢬ꣄ ꢱꣂꢜ꣄,"germinate, sprout"
ꢪꢸꢣꢸꢬꢾ ꢲꣂ,be fully grown
ꢪꣁꢜꢳꢿ,break
ꢪꢸꢞꢫꢶ ꢦꣂꢜ꣄,break
ꢪꣂꢜ꣄,break
ꢦꢶꢨꢶꢛꢗꢶ꣄,tighten
ꢪꢸꢒꢸꢭ꣄ꢒꢥꢶ ꢲꢵꢱ꣄,smile
ꢪꢸꢒꢶꢭꢶ ꢲꢵꢱ꣄,smile
ꢒꣁꢪ꣄ꢨ꣄ꢳꣁꢒꢥꢶ ꢲꢵꢱ꣄,smile
ꢓꢹꢬ꣄ꢒꢥꢶ ꢱꢵ,stare
ꢦꢾꢞ꣄ꢮꢶ,light
ꢚꢵꢫ꣄,"cover, close"
ꢪꢹꢱꢭ꣄ ꢭꢔꢶꢦꣂꢜ꣄,faint
ꢨꢹꢜ꣄,"sink, drown"
ꢲꢬꢸꢪ꣄ꢨꢪ꣄ ꢒꢿꢬ꣄,start
ꢱꢮ꣄ꢬꢶ꣄,wiping
ꢗꣁꢮ꣄ꢬꢶ,graze
ꢂꢱ꣄ꢒꢶꢦꣁꢒꢸꢪ꣄ ꢆꢭꢵꢱ꣄ ꢒꢿꢬ꣄,Move around
ꢔꢸꢣ꣄ꢣꢶ,beat
ꢙꢾꢡꣁꢪꢷꢳ꣄,"crowd, swarm"
ꢪꢶꢛ꣄ꢗꢶ,Take out water
ꢤꢶꢒ꣄ꢒꢶ,dash
ꢩꢥ꣄ꢣꢶ,compose
ꢬꢵꢗ꣄,compose
ꢩꢷꢔ꣄ꢪꢵꢫ꣄,beg
ꢂꢥꢸꢪꢵꢥ꣄ ꢒꢿꢬ꣄,guess
ꢇꢲꢥꣁ ꢒꢿꢬ꣄,guess
ꢗꢶꢥ꣄ꢡꣁꢒꢿꢬ꣄,think
ꢬꢱꢶꢛ꣄ꢗꢶ,enjoy
ꢬꢱꢥꣁ ꢒꢿꢬ꣄,enjoy
ꢭꢔꢶꢶꢛ꣄ꢗꢶ,involve
ꢮꢒꢸꢠ꣄ꢜ ꢨꢸꢣ꣄ꢤꢶ,be crooked
ꢦꢣꢮꢶ ꢓꢳ꣄ꢳꢿ,Assume
ꢩꢵꢖ꣄ꢔꢸ ꢒꢿꢬ꣄,Divide
ꢮꢜꣁ ꢒꢿꢬ꣄,Divide
ꢡꢿꢳ꣄,Stir in a pan
ꢩꢸꢛ꣄ꢗꢳ꣄ꢳꢿ,be roasted
ꢮꢵꢱ꣄ ꢒꢿꢬ꣄,live
ꢏꢜ꣄ꢗꢫꢶ ꢙꢵ,be strained
ꢏꢜ꣄ꢗꢶ,strain
ꢗꢶꢡ꣄ꢬꢮꢤꣁ ꢒꢿꢬ꣄,torment
ꢱꢸꢒ꣄ꢒꢶ ꢙꢵ,Go dry
ꢮꢾꢒ꣄ꢒꢶ ꢲꢿꢜ꣄,select
ꢥꢴꢶꢶꢥꢵꢞ꣄,rub with hand
ꢮꢬ꣄ꢠꢥꣁ ꢒꢿꢬ꣄,describe
ꢒꢾꢰ꣄ꢜꢪ꣄ꢒꢿꢬ꣄,to give trouble
ꢮꢶꢗꢵꢬ꣄ ꢦꣂꢜ꣄,Experience suffering
ꢓꢳ꣄ꢳꢶ ꢂꢮꢵꢜ꣄,fetch
ꢗꢶꢡ꣄ꢬꢸ ꢭꢶꢓꢶ,draw
ꢣꢸꢮ꣄ꢥꣁ ꢦꣁꢥ꣄ꢣꢶ,Pain
ꢣꢿ,Offer
ꢚꢸꢒ꣄ꢒꢸ ꢣꢾ,Offer
ꢲꣂꢞ꣄,grow
ꢲꣂꢞꢵꢜ꣄,"bring up, grow"
ꢬꢹꢦ꣄ ꢒꢿꢬ꣄,make
ꢓꢵꢞ꣄,buy
ꢱꢥ꣄ꢣꢬ꣄ꢩꢸ ꢂꢨ꣄ꢨꢞ꣄ꢳꢿ,Get opportunity
ꢬꢹꢦ꣄ ꢒꢵꢬ꣄,mould
ꢬꢹꢦ꣄ ꢒꢿꢬ꣄,mould
ꢙꢷꢮ꣄,live
ꢥꢥ꣄ꢣꢶ,bless
ꢙꢶꢮꢵꢜ꣄,Make/ let live
ꢱꣂꢞ꣄,leave
ꢧꢞꢶꢛ꣄ꢗꢶ,nose become big due to anger
ꢃꢙ꣄ꢛꣁ ꢣꢿ,command
ꢨꢸꢱ꣄ꢒꢶꢜ꣄ꢜꢶ,sob
ꢃꢯ꣄ꢗꢬ꣄ꢫꢸ ꢦꣂꢜ꣄,wonder
ꢱꢾꢔꣁꢮꢹꢬ꣄,sweat
ꢣꣁꢮ꣄ꢜꢶ,drive away
ꢧꢹꢭ꣄,blossom
ꢣꢹꢬ꣄ ꢲꣂ,go away
ꢮꢶꢮꢬ꣄ ꢒꢾꢬ꣄,explain
ꢮꢶꢮꢵꢣ꣄,argue
ꢙꢵꢔ꣄ꢬꢡꣁ ꢲꣂ,Become aware
ꢦꣂꢞ꣄,fall
ꢲꢵꢥ꣄ ꢲꢵꢥ,lash
꣄ ꢪꢾꢥꢶ ꢲꢵꢥ꣄,lash
ꢦꢶꢒ꣄ꢒꢵꢞ꣄,cause to grow
ꢱꢾꢠꢪ꣄,be hasten
ꢪꢸꢣꢸꢬꢵꢜ꣄,Harden
ꢦꢹꢱ꣄,Question/query
ꢮꢶꢗꢵꢥꣁ ꢒꢿꢬ꣄,Question/query
ꢩꢮꢵꢜ꣄ ꢡꢵꢫ꣄,scream
ꢬꢹꢱ꣄,show angry
ꢨꢵꢣꣁ ꢦꣂꢜ꣄,Feel agony
ꢤꢒ꣄ꢒꢶ,Feel scared
ꢤꢵꢒꢸꢪ꣄ ꢏꢠ꣄ꢒꢶ,shiver out of fear
ꢬꣂꢱ꣄,hate
ꢣ꣄ꢮꢿꢯ꣄ ꣄ꢒꢿꢬ꣄,hate
ꢪꢔꢶꢭꢾ,request
ꢥꢾꢬ꣄ꢦ꣄ꢦꢶ,wrap
ꢱꢾꢔꣁ ꢒꢿꢬ꣄,sweat
ꢤꣂꢮ꣄,"place, keep"
ꢲꣁꢞꢵꢬ꣄,quadrangle inside the house
ꢕꣁꢪ꣄ꢪꣁ,room
ꢂꢬꣁ,room
ꢡꢮ꣄ꢬꢪ꣄,room
ꢕꢿꢬ꣄,house
ꢓꢥꢶꢡꢮ꣄ꢬꢪ꣄,dining hall
ꢲꢥ꣄ꢣꢮꢸ ꢡꢮ꣄ꢬꢪ꣄,dining hall
ꢆꢛ꣄ꢗꢳꣁ,swing
ꢲꢶꢥ꣄ꢣꢳꢶ,swing
ꢓꢮ꣄ꢬꢵ ꢕꢿꢬ꣄,tiled house
ꢓꢮ꣄ꢬꣁ,tile
ꢐꢞꣁ,gutter
ꢦꢬꢸꢠ꣄ꢜꢵ ꢕꢿꢬ꣄,thatched house
ꢩꢮꢥ꣄,Plot/ house
ꢒꢮꢵꢜ꣄,door
ꢬꢴꢾꢜꣁ,pulley
ꢗꢶꢞꢵꢫ ꣄ꢣꢾꢫ꣄ꢞꣁ,black stone
ꢒꢳꢵ ꢣꢾꢔꢸꢞꣁ,black stone
ꢪꢳꣁ,latrine
ꢲꢷꢬ꣄,well
ꢒꢸꢜ꣄ꢱꢾ,hut
ꢒꣁꢳꢵꢫ꣄,tap
ꢥꢳꢶꢒꣁ,tap
ꢱ꣄ꢥꢵꢥꢸ ꢕꢿꢬ꣄,bathroom
ꢓꣁꢜ꣄ꢜꣁ,hall
ꢨꣁꢜ꣄ꢜꢵ ꢪꣃꢞꣁ,tent
ꢪꢴꢸꢔꢸꢜ꣄,roof
ꢒꢮꢵꢞꢸ ꢤꢵꢠ꣄,door handle
ꢪꢸꢔ꣄ꢔꢸ,ornamental drawing with rice or stone powder
ꢲꢥ꣄ꢡꢮꢸ ꢡꢮ꣄ꢬꢪ꣄,kitchen
ꢮꢶꢜꢶ ꢱꢳꢵꢒ꣄,window bar
ꢡꢹꢪ꣄ꢦꣁ,gutter
ꢙꢾꢖ꣄ꢙꢵꢬ꣄,gutter
ꢬꢾꢖ꣄ꢒꢸ,"paint, dye"
ꢦꢷꢔꢵꢡ꣄,key
ꢮꢶꢜꢶ,window
ꢮꢶꢜ꣄ꢒꢾ,brick
ꢮꢶꢞ꣄ꢔꢶꢥꢾ,brick
ꢡꢳꢪ꣄,floor
ꢩꣁꢄ,floor
ꢡꢳꢪ꣄,"flat, floor"
ꢲꣁꢳ꣄ꢜꣁ,verandah
ꢦꢜꢸꢡꣁ,curtain
ꢓꢵꢪ꣄ꢨꢸ,pillar
ꢔꣂꢱꢵꢭꣁ,cowshed
ꢔꢵꢫ꣄ꢔꣁꢬꢸꢥꢸꢓꣁꢜ꣄ꢜꣁ,cowshed
ꢥꢥ꣄ꢡꢮꢥꢸ,garden
ꢡꣁꢬꢠ꣄,door decoration with mango leaves
ꢡꢵꢪ꣄,land
ꢮꢶꢣ꣄ꢣꢾ,storey
ꢪꢴꢞꢶ,storey
ꢦꢥꢶ ꢥꢶꢮꢶ,water tank
ꢦꢥꢶꢡꣁꢜ꣄ꢜꢶ,water tank
ꢡꢬꢸꢪ꣄ ꢦꢸꢬꣁ,door frame
ꢱꣂꢦꢵꢠ꣄,step
ꢪꢾꢬ꣄ꢒꢠꢶ,Sit out
ꢪꢾꢜ꣄ꢒꢥꢶ,"steps, staircase"
ꢥꢶꢛ꣄ꢙꢬꢶꢫꢡꢮ꣄ꢬꢪ꣄,bedroom
ꢱꢫꢥ ꢡꢮ꣄ꢬꢪ꣄,bedroom
ꢪꣃꢮ꣄ꢞꣁ,pandal
ꢦꢭꢶꢖ꣄ꢔꢶ ꢣꢾꢫ꣄ꢞꣂ,marble stone
ꢤꢹꢪꢸ ꢕꢹꢞ꣄,chimney
ꢤꢹꢪ꣄ꢙꢮꢞ꣄ꢥꢶ,chimney
ꢦꢱ꣄ꢒꢜ꣄ ꢲꣁꢜꢵꢬ꣄,backyard
ꢦꢹꢙꢵ ꢂꢬꣁ,prayer room
ꢨꢷꢒ꣄,lock
ꢗꢸꢜ꣄ꢜꢸ ꢦꢷꢡ꣄,compound wall
ꢕꢿꢬꢸ ꢢꢵꢪ꣄,"plot, house"
ꢦꢷꢞꢸ ꢪꢸꢔ꣄ꢔꢸ,ornamental drawing with rice flour
ꢕꣁꢮ꣄ꢭꣁ,a cell for keep-ing the lamp on the wall
ꢮꢶꢣ꣄ꢣꢾ,upstairs
ꢬꢮꢸꢳ꣄꣄,"big house, bungalow"
ꢲꣁꢜꢵꢬ꣄,courtyard
ꢩꣁꢖ꣄ꢔ꣄ꢸ,bamboo
ꢪꢸꢭꣁ,corner
ꢆꢪ꣄ꢨ꣄ꢬꣁ,corner
ꢬꢾꢖ꣄ꢔꢸ,"colour, paint"
ꢱ꣄ꢮꢵꢔꢡ ꢂꢬꣁ,drawing room
ꢨꢜ꣄ꢒꢾ,rent
ꢨꢜ꣄ꢒꢾ ꢕꢿꢬ꣄,rented house
ꢣꢵꢬ꣄,"threshold, gate"
ꢤꢜꣁ,"threshold, gate"
ꢦꢖ꣄ꢓꣁ,fan
ꢮꢶꢙꢥꣁ,fan
ꢣꢶꢮꣁ,"light, lamp"
ꢃꢮꢬꢠꣂ,fence
ꢪꢷ,I
ꢂꢪꢶ,we
ꢡꢹ,you
ꢡꢸꢪꢶ,you
ꢌꢥꣁ,he
ꢄꢥꣁ,she
ꢌꢥꢸ,he
ꢌꢥꢸ,they
ꢌꢭ꣄ꢫꣁ,it
ꢌꢭ꣄ꢫꢾ,they
ꢡꢾꢥꣁ,he
ꢡꢶꢥꣁ,she
ꢡ꣄ꢫꣁ,it
ꢡ꣄ꢫꢾ,they
ꢂꢦꢸꢭ꣄,reflexive
ꢂꢦ꣄ꢭꢵꢥ꣄,reflexive
ꢡꢸꢪꢶ,reflexive you
ꢒꣂꢥ꣄,he
ꢒꣂꢥ꣄,she
ꢒꣂꢥ꣄ꢒꣂꢥ꣄,they
ꢒꣂꢥꢾ,which
ꢒꣂꢥ꣄ꢫꢾ,which
ꢒꣂꢥ꣄ꢫꣁ,which
ꢒꣂꢥ꣄,who
ꢗꢸꢳ꣄ꢳꣁ,stove
ꢡꢜꣁ,peg
ꢄꢜ꣄ꢒꢶ,forceps
ꢮꢶꢜ꣄ꢒꢶ,forceps
ꢭꢴꣁꢔꢠꢸꢦꢾꢜꢶ,iron self
ꢱꢸꢬꢸꢔ꣄,drawer of a table
ꢔꢾꢱꢶꢥ ꢶꢦꢾꢜꢶ,iron box
ꢱꢜꣁ,ladder
ꢱ꣄ꢬꢿꢠꢶ,ladder
ꢗꢶꢡ꣄ꢡꢸꢬ꣄,painting
ꢪꢛ꣄ꢗꢸ,cot
ꢪꣁꢛ꣄ꢗꣁ,cot
ꢕꢾꢜꢶꢔꢳꣁ,wrist watch
ꢣꢮ꣄ꢠꣁ,mirror
ꢂꢣ꣄ꢣꢪ꣄,mirror
ꢘꢸꢬꢶ,knife
ꢒꢾꢡ꣄ꢡꢶꢬꢶꢒꢾ,scissors
ꢒꢪ꣄ꢨ꣄ꢭꣁ,wollen blanket
ꢧꢖ꣄ꢔꢸꢬꣁ,wollen blanket
ꢇꢬ꣄ꢠꢸꢧꢖ꣄ꢔꢸꢬꣁ,wollen blanket
ꢓꢜ꣄ꢜꢶ,stick
ꢦꢵꢄ~ ꢦꣁꢱꢸꢥꢵꢮ꣄,doormat
ꢦꣃꢱꢸꢭ꣄,footwear
ꢔꢸꢖ꣄ꢔꢸꢪꢸ ꢩꣁꢬꢠꢶ,kumkum box
ꢱꢣꢶ,umbrella
ꢘꢡ꣄ꢬꢶ,umbrella
ꢔꢾꢭ꣄ꢭꣁ,vessel for storing grains
ꢔꢸꢡ꣄ꢡꢶ,bottle
ꢔꢸꢦ꣄ꢦꣁ,trash
ꢲꢷꢞꢸꢮꢱ꣄ꢡꢸꢥ꣄,trash
ꢔꢾꢭ꣄ꢭꣁ,Earthen vessel for storing grains
ꢒꣂꢮꢶ,pipe
ꢧꢸꢥ꣄ꢥꢳꢶ,pipe
ꢥꢳꢶ,tap
ꢲꢵꢡꢸ ꢓꣁꢳ꣄ꢜꢶ,handbag
ꢦꢶꢱꢸꢳꢵ ꢏꢭꣁ,mosquito net
ꢱꢶꢬ꣄ꢒꢠ꣄,sandal
ꢯ꣄꣄ꢬꢷꢔꢥ꣄ꢤꢸ,sandal
ꢙꢾꢖ꣄ꢔꢳꢪ꣄,carpet
ꢬꢵꢒ꣄,ash
ꢮꢱ꣄ꢡꢸꢥ꣄꣄,things
ꢙꢪꢵꢥꢸꢥ꣄,things
ꢨꢶꢔꢵꢡ꣄,key
ꢧꣁꢥ꣄ꢥꢶ,comb
ꢩꢷꢡꢸ ꢕꢾꢞꢶꢔꢳꣁ,wall clock
ꢨꣁꢖ꣄ꢔꢸ ꢡꢜ꣄ꢜꢶ,bamboo screen
ꢭꣀꢞꣁ,stick
ꢨꢠꢵꢭ꣄ ꢭꢔꢸꢞꣁ,big stick
ꢲꢡ꣄ꢬꢥ꣄,carpet
ꢡꢾꢭ꣄ꢒꢜ꣄,pillow
ꢲꢸꢪ꣄ꢬꣁ,pillow
ꢣꢶꢠ꣄ꢞꢸ,pillow
ꢪꣁꢭ꣄ꢜꢶ,pillow
ꢮꢵꢡ꣄,wick
ꢣꢶꢮꣁ,lamp
ꢭꣁꢪ꣄ꢨꢥ꣄ ꢣꢶꢮꣁ,hanging lamp
ꢦꢭ꣄ꢭꣁ,cradle
ꢦꢳ꣄ꢳꣁ,cradle
ꢒꢾꢱꢶꢥꢶ ꢦꢾꢜꢶ,Iron box
ꢥꢶꢮꢶ,tank
ꢡꣁꢜ꣄ꢜꢶ,tank
ꢬꢹꢦꢣꢬ꣄ꢯꢶꢥꢶ,television
ꢣꢹꢬ꣄ ꢮꢣꢶꢥꢶ,telephone
ꢒꢾꢰꢠ꣄ ꢓꣁꢳ꣄꣄ꢜꢶ,leather bag
ꢓꢵꢥꢣꢸ ꢓꣁꢳ꣄꣄꣄ꢜꢶ,shoulder bag
ꢣꢶꢥ꣄ꢥꢸ ꢣꢾꢒ꣄ꢒꢜ꣄ꢥꢶ,calender
ꢣꢶꢥꢗꢬ꣄ꢫꣁ,calender
ꢗꢵꢬ꣄ꢦꢵꢄ~ ꢡꢶꢮꢶ,chair
ꢒꢸꢬ꣄ꢱꢶ,chair
ꢒꣂꢥ꣄ꢡꢸ,gum
ꢣꢶꢞ꣄ꢞꢸ,gum
ꢮꢭ꣄ꢭꢶꢬ꣄,gum
ꢗꢶꢡ꣄ꢡꢸꢬ꣄,picture
ꢭꣂꢱ꣄,picture
ꢱꢫꢥꢶ,bed
ꢱꢫꢥꢸ ꢲꢡ꣄ꢬꢥ꣄,bed sheet
ꢒꢸꢡꢸꢬ꣄,Wooden vessel for storing grains
ꢣꢵꢡꢸ ꢨꢸꢬꢸꢱ꣄,tooth brush
ꢣꢵꢡꢸ ꢪꢛ꣄ꢙꢥ꣄,tooth brush
ꢞꢵꢡꢸ ꢔꢾꢱꢶꢥꢶ,tooth brush
ꢣꢵꢡꢸꢭꢿꢲꢶ,tooth paste
ꢣꢵꢡꢸ ꢩꢸꢬ꣄ꢒꣁ,tooth powder
ꢌꢣꢸꢥꢪ꣄,vessels
ꢦꢵꢡ꣄ꢬꣁ,vessels
ꢗꢦꣂ,mat
ꢔꢾꢜ꣄ꢦꢵꢬꣁ,crow bar
ꢓꢥꢵꢮ꣄,crow bar
ꢤꢹꢪ꣄ ꢭꣂꢱ꣄,photo
ꢥꢷꢞꢵ ꢭꣂꢱ꣄,photo
ꢩꢵꢮ ꢗꢶꢡ꣄ꢡꢸꢬ꣄,photo
ꢥꢵꢳꣁ,funnel
ꢧꢹꢭꢸ ꢥꢶꢮꢶ,flower pot
ꢦꢾꢜꢶ,box
ꢦꢶꢳ꣄ꢜꢶ,toy
ꢧꢖ꣄ꢔꢸꢬꣁ,blanket
ꢧꢖ꣄ꢔꢸꢬꢶ,blanket
ꢕꢾꢜꢶ,time
ꢦꢵꢫ꣄ꢥ꣄ ꢦꣁꢱꢶꢭ꣄ꢥꢶ,mat
ꢮꢶꢣ꣄ꢫꢸꢡ꣄ꢮꢶꢙꢥꣁ,electric fan
ꢮꢶꢣ꣄ꢫꢸꢮꢶꢡ꣄ ꢣꢶꢮꣁ,electric lamp
ꢢꢷꢥ꣄ꢦꢵꢄ~ ꢡꢶꢮꢶ,three legged stool
ꢪꢾꢣꢸꢳꣁ,mattress
ꢪꢾꢫꢶꢥꢸ ꢮꢵꢡ꣄,candle
ꢪꣂꢪ꣄ ꢮꢵꢡ꣄,candle
ꢪꢿꢙꣁ,table
ꢮꢵꢬ꣄,Broom stick
ꢚꢠ꣄ꢠꢶ,Broom stick
ꢒꢸꢞꣁ,bucket
ꢔꢮ꣄ꢥꢶ ꢦꢾꢜꢶ ꢂꢒꢵꢱ꣄ ꢤꣁꢥꢶ ꢦꢾꢜꢶ,radio
ꢡꢶꢮꣁ,lamp
ꢚꢠ꣄ꢠꢶ,broomstick
ꢙꢾꢡꣁ,"group, team"
ꢔꢸꢪ꣄ꢦꢸ,"group, team"
ꢓꢵꢳ꣄,"play, game"
ꢓꢾꢳ꣄,"play, game"
ꢨꢾꢠ꣄ꢜꢸ ꢮꢵꢕ꣄ ꢓꢭ꣄ꢥꢶ,goat and tiger game
ꢩꢭ ꢮꢶꢱꢶꢬ꣄ꢥꢶ,javelin throw
ꢣꢿꢲꢵꢦ꣄ꢧꢶꢫꢵꢱ꣄,exercise
ꢇꢛ꣄ꢗꢭꢶ,swing
ꢲꢷꢥ꣄ꢡꢳꣁ,swing
ꢦ꣄ꢬꢡꢶꢮꢵꢥ꣄,opponent
ꢤꢪ꣄ꢥꢶꢓꢾꢭ꣄,running race
ꢤꢪ꣄ꢤꢾꢬꢥ꣄ ꢓꢵꢳ꣄꣄,I spy game
ꢡꢾꢬꢡ꣄ꢡꢾꢓꢵꢳ꣄,I spy game
ꢒꢜ꣄ꢗꢶ,"party, side"
ꢒꢦꢞꢶ,kabadi
ꢦꢵꢄ~ ꢔꣁꢳꣁ,football
ꢒꢶꢜ꣄ꢜꢶꢦꢸꢳ꣄꣄,a native game with one small and another long stick
ꢓꢜ꣄ꢜꢶ ꢓꢵꢳ꣄,a native game with one small and another long stick
ꢦꢵꢠ꣄ꢞꢶ ꢓꢵꢳ꣄,A native group game
ꢬꢮꢵꢒ꣄ ꢓꢵꢳ꣄꣄,a play with marbles
ꢩꢙ꣄ꢙꢶ,green leaf
ꢧꣁꢳ꣄꣄ꢜꢾ ꢩꢙ꣄ꢙꢶ,Boiled green
ꢒꢞꢭꢾ,Ground nut
ꢱꢶꢮ꣄ꢙꢾ ꢒꢞꢭꢾ,Boiled ground
ꢔꣁꢳ ꢩꢵꢬ꣄ ꢮꢶꢱꢶꢬ꣄ꢥꢶ,shot put
ꢔꢸꢠ꣄ꢜꢸ ꢮꢶꢱꢶꢬ꣄ꢥꢶ,shot put
ꢔꢸꢣ꣄ꢣꢶꢥꢶ ꢚꢾꢞꣁ,boxing
ꢔꢸꢣ꣄ꢣꢵ ꢚꢾꢞꣁ,boxing
ꢒꢸꢱ꣄ꢡꢶ,wrestling
ꢒꢦ꣄ꢦꢸ,cup
ꢨꢳꢶꢖ꣄ꢔꢶ,marble
ꢒꢨꢞꢶ,kabadi
ꢗꢣꢸꢬꢖ꣄ꢒꢪ꣄,chess
ꢗꢷꢞꢸꢓꢵꢳ꣄,playing cards
ꢗꢷꢜ꣄,cards
ꢭꢮ꣄ꢥꢶꢱ꣄ ꢦꢬ꣄ꢤꢥ꣄,shooting competition
ꢔꣁꢳꢶ,round
ꢒꣁꢮ꣄ꢜꢵ ꢓꢵꢳ꣄,a native play like chess
ꢏꢜ꣄ꢥꢶ,failure
ꢦꢬꢵꢙꢾꢫꣁ,failure
ꢡꢬ꣄ꢥꢶ,swimming
ꢅꢡꣁ,swimming
ꢮꢾꢣꢸꢬꢸ ꢮꢬ꣄ꢠꢥꣁ,Live commentary
ꢦ꣄ꢬꢡ꣄ꢫꢒꢰ ꢮꢬ꣄ꢠꢥꣁ,Live commentary
ꢡꢡ꣄ꢒꢵꢭꢸ ꢮꢬ꣄ꢠꢥꣁ,Live commentary
ꢮꢺꢡꢸ,title
ꢦꣁꢜ꣄ꢜꢪ꣄,kite
ꢥꣃꢒꢵꢱ꣄ꢦꢬ꣄ꢤꢥꣁ,boating/sailing competition
ꢥꣃꢒꢵ ꢦꣁꢥ꣄ꢡꢶ,boating/sailing competition
ꢦꢥ꣄ꢡꢸ,ball
ꢔꣁꢳꣁ,ball
ꢩꣁꢖ꣄ꢒꢸꢬꣁ,top
ꣁꢦꢭ꣄ꢭꢵꢖ꣄ꢒꢸꢳꢶ,a native game
ꢱꢖ꣄ꢓ꣄ꢫꢵꢥ꣄,points
ꢧꢹꢭꢸ ꢔꣁꢳꣁ,badminton
ꢧꢹꢭꢸ ꢦꢥ꣄ꢣꢸ,badminton
ꢱ꣄ꢦꢬ꣄ꢤꢵ ꢡꣁꢬꢠ꣄,play series
ꢓꢿꢳꢸ ꢬꢾꢪ꣄,stadium
ꢓꢿꢳ꣄,play
ꢓꢿꢳꢸꢮꢥ꣄,sportsman
ꢢꢷꢬ꣄,sportsman
ꢓꢿꢳꢸꢮꢡꢶ,sportswoman
ꢓꢿꢳ꣄ꢳꢶꢶ,sportswoman
ꢙꢷꢒ꣄,victory
ꢙꢾꢫꢪ꣄,victory
ꢆꢦꢡ꣄ꢫꢒꣁ,foot-hill
ꢱꢥ꣄ꢤꢶ,horizon
ꢱꢾꢡꢸ,dam
ꢂꢳ,dam
ꢚꢬꢶ,water falls
ꢱꢸꢥ꣄ꢣꢸꢬ꣄,sea
ꢥꢾꢣ꣄ꢣꢶ,river
ꢪꣁꢱ꣄ꢫꢵꢥ꣄,burial ground
ꢆꢥ꣄ꢣꢬ꣄,darkness
ꢂꢥ꣄ꢣꢬ꣄,darkness
ꢒꢱꢸ,water spring
ꢲꢸꢳꢵꢔ꣄ꢔꢶꢬꢶ,volcano
ꢡꢳꣁ,lake
ꢱꢾꢣ꣄ꢣꢸ,sound
ꢲꢸꢙꢵꢳ꣄,light
ꢦꣁꢥ꣄ꢣꣁ,hole
ꢨꣁꢥ꣄ꢣꢸꢬ꣄,sea
ꢆꢥ꣄ꢣꢸꢬꢸꢡꢷꢬꢸ,sea shore
ꢓꢠ꣄ꢞꢪ꣄,continent
ꢗꢶꢞꢵꢫ꣄ꢣꢾꢞꢸꢜꣁ,granite
ꢒꢭꢣꢾꢔꢸꢜꣁ,granite
ꢡꢷꢬꢸ,"land, bank"
ꢗꢶꢞꢪꢡ꣄ꢡꢶ,clay
ꢗꢶꢔꢸꢜ꣄ꢜꢪ꣄ꢡꢡꢶ,clay
ꢣꢵꢬꢸ,ore
ꢬꢵꢠ꣄,forest
ꢮꢥꢪ꣄,forest
ꢪꢷꢜꢸ ꢡꢳꣁ,back-water
ꢒꣃꢭꣁ,canal
ꢮꢬꣁ,air
ꢕꢸꢦꣁ,cave
ꢱꣁꢬꣁ,pond
ꢱꢸꢥ꣄ꢣꢸꢬꢸꢒꢸꢒ꣄ꢰꢶꢱꢸꢥ꣄ꢡꢸꢬꢲꢷꢦꢸ,gulf
ꢨꢸꢱꢸꢪ꣄ꢨꢸꢞ꣄ꢞꣁ,bubble
ꢓꣃꢬꢶ,"pond, tank, pool"
ꢕꢷꢬ꣄,pit
ꢥꢶꢥ꣄ꢥꣁ,pit
ꢔꢶꢬꢶ ꢬꢵꢠ꣄,mountain and its surrounding
ꢣꣁꢖ꣄ꢔꢬ꣄,hill
ꢒꢒꢸꢣ,peak
ꢱꢖ꣄ꢔꢪꢪ꣄,confluence
ꢡꢭꢵꢡꢵꢪ꣄,marshy land
ꢱꢥ꣄ꢣ꣄ꢫꢵ,junction
ꢱꢾꢥ꣄ꢡꢸ,lane
ꢪꢲꢵꢱꢵꢔꢬꢪ꣄,ocean
ꢗꢶꢞꢵꢫ꣄,gravel
ꢗꢶꢞꢫ꣄ꢣꢾꢫ꣄ꢞꣁ,gravel stone
ꢮꢵꢜ꣄,road
ꢬꢾꢱ꣄ꢡ,road
ꢡꣂꢱ꣄,peak
ꢪꣁꢱ꣄ꢫꢵꢥ꣄,burning ground
ꢤꢮꢵꢮꢵꢜ꣄,sub-way/tunnel
ꢕꢸꢮ꣄ꢮꣁ,tunnel/mine
ꢃꢮꢬ꣄ꢡꢸ,whirlpool
ꢃꢮꢬ꣄ꢡꢸꢮꢬꣁ,whirlwind
ꢱꢸꢬꢶꢮꢬꣁ,storm
ꢬꢪꢡ꣄ꢡꢶ,red soil
ꢦꣁꢜ꣄ꢒ꣄ꢫꢵꢜ꣄,slum
ꢗꢒ꣄ꢒꢶꢭ꣄,mud
ꢪꢵꢬ꣄ꢔꢪ꣄,path
ꢧꢹꢭꢸꢡꢳꣁ,tank
ꢦꢷꢒ꣄ ꢥꢴꢷꢡ꣄ꢡ ꣄ꢢꢵꢪ꣄,barren land
ꢡꢭꢪ꣄,floor
ꢩꢸꢡꢭꢪ꣄,floor
ꢤꢵꢡꢸꢮꢱ꣄ꢡꢸ,mineral
ꢆꢳꢵ ꢔꣁꢳꣁ,lava
ꢣꢷꢦ ꢔꢬ꣄ꢦꢸ,penisula
ꢣꢶꢮꢸ,island
ꢡꢵꢬꢸ ꢱ꣄ꢡꢭ꣄,har bour
ꢤꢹꢳꢶ,dust
ꢙꢾꢙ꣄ꢙꢸ,dust
ꢮꢷꢡ꣄,street
ꢦꢳꣁ,street
ꢣꢶꢒꢥ꣄ꢡꢸ,hori zon
ꢩꢸꢛ꣄~,land
ꢗꣀꢭꣁ,shade
ꢥꢷꢞꣁ,shade
ꢦꢥꢶ,water
ꢂꢮ꣄ꢬꢶ,whirlpool
ꢑꢬꢶ,whirlpool
ꢦꢥ꣄ꢬꢾꢪ꣄,reservoir
ꢦꢥꢶ ꢱ꣄ꢢꢶꢡꢶ,water level
ꢚꢬꢶ,water fall
ꢒꢱꢸ,fountain
ꢦꢥ ꣄ꢤꢵꢪ꣄,water current
ꢦꢷꢥ꣄,foam
ꢂꢨ꣄ꢬꢥꢶ ꢤꢬꢶꢬ꣄,sea and its surrounding
ꢪꢲꢵ ꢕꢷꢬ꣄,va lley
ꢦꢣꢵꢳ꣄,lower world
ꢱꢿꢡꢸ,bridge
ꢮꢭꢸ ꢬꢵꢠ꣄,desert
ꢮꢭꢸ ꢮꢥ,desert
ꢦꢵꢬꣁ,rock
ꢆꢜꢵꢮ꣄,light/bright ness
ꢦ꣄ꢬꢒꢵꢰ꣄,light/bright ness
ꢱꢪꢱ꣄ꢢꢭ꣄,plateau
ꢚꢸꢛ꣄ꢙꢸ,cyclone
ꢩꢸꢛ꣄,earth
ꢩꢸꢄ~ ꢓꢶꢠꣀꢥꢶ,earthquake
ꢩꢸꢒꢪ꣄ꢦꢸ,earthquake
ꢪꢃꢱꢸꢥ꣄ꢣꢸꢬ꣄,ocean
ꢪꢴꣁꢜ꣄ ꢚꢬꢶ,cataract
ꢩꢸꢬ꣄ꢒꣁ,powder
ꢗꢹꢬ꣄ꢠꢸ,powder
ꢲꢶꢬꣁ,pond/tank
ꢣꢪꢬ꣄ ꢡꢳꣁ,pond/tank
ꢱꢢꢶꢡꢶ,level
ꢪꢡ꣄ꢡꢶ,soil
ꢮꢳꢸ,sand
ꢮꢳꢸꢡꢶꢦ꣄ꢦꣁ,shoal
ꢮꢳꢸꢪꢶꢜ꣄ꢜꣁ,sand hill
ꢪꣁꢯ꣄꣄ꢫꢵꢥ꣄,burning/ burial ground
ꢦꢷꢒꢸꢤꢬꢶꢬ꣄,paddy field and its surrounding
ꢣꣁꢖ꣄ꢔꢬ꣄,mountain
ꢔꢶꢬꢶ,mountain
ꢔꢶꢬꢶꢚꢶꢬ꣄ꢮꢵꢜ꣄,mountain slope
ꢡꣁꢖ꣄ꢔꢬ ꣄ꢮꢵꢜ꣄,foot hill
ꢡꣁꢖ꣄ꢒꢬ꣄ꢡꣁꢬꢠ꣄,mountain range
ꢗꢦꢭ꣄,lightning
ꢥꢴꢵꢥ꣄ꢮꢷꢡ꣄,lane
ꢮꢥꢵꢥ꣄ꢡꢶꢬ,forest and surrounding
ꢪꣁꢥꣁ,cape
ꢮꢬꣁ,"air, wind"
ꢂꢓꢵꢣꣁ,"gulf, bay"
ꢮꢵꢜ꣄,"way, path"
ꢮꢾꢭ꣄ꢮꣁ,flood
ꢦ꣄ꢬꢮꢵꢲ,flood
ꢦꢥ꣄ꢰꢥ꣄ꢣꢶ,strait
ꢂꢒ꣄ꢒꢬꣁꢓꢳ꣄ꢳꢿ,get interested
ꢂꢨ꣄ꢨꢶꢥꢶ ꢦꣂꢜ꣄,be caught
ꢤꢒ꣄ꢒꢶ ꢬꢴꢵ,be afraid of
ꢤꢒ꣄ꢒꢵꢜ꣄,horrify
ꢂꢗ꣄ꢗꢸ ꢡꢵꢫ꣄,print
ꢪꢸꢣ꣄ꢬꢶꢠꢶ ꢒꢾꢬ꣄,print
ꢤꢵꢒ꣄ ꢕꢵꢭ꣄,terrify
ꢔꢵꢭꢸꢪ꣄ ꢢꣁꢮ꣄ꢭꢶ ꢭꢸꢨ꣄ꢨꢶ,Ruminate/chew
ꢆꢞ꣄ꢔꢞꢶ ꢢꣁꢮ꣄,Quell/ control
ꢕꢵꢪ꣄ ꢭꢔꢳ꣄ꢳꢿ,get wounded
ꢓꢵꢭ꣄ ꢦꣂꢜ꣄,become subordinate
ꢨꢥ꣄ꢣꢶ ꢒꢿꢬ꣄,enslave
ꢣꢵꢱ꣄ ꢒꢿꢬ꣄,enslave
ꢲꢬꢸꢪ꣄ꢨꢪ꣄ ꢒꢿꢬ꣄,set foot
ꢦꢔꢸꢭ꣄ ꢢꣁꢮ꣄,set foot
ꢙꢾꢡꣁꢒꢥꢶ ꢃꢮ꣄,come ina group
ꢂꢡ꣄ꢒ꣄ꢫꢵꢬ ꣄ꢣꢿ,empower
ꢨꢾꢣꢶꢬꢶ ꢦꣂꢜ꣄,shock
ꢨꢾꢣꢸꢬ꣄ ꢦꣁꢞꢵꢜ꣄,perplex
ꢱꢪꢵꢤꢵꢥ꣄ ꢒꢿꢬ꣄,"pacify, give solace"
ꢯꢵꢥ꣄ꢡꢶ ꢒꢿꢬ꣄,"pacify, give solace"
ꢱꢪꢵꢤꢵꢥ꣄ ꢲꣁ,be pacified
ꢂꢬ꣄ꢦꢠꣁ ꢒꢾꢬ꣄,dedicate
ꢙꢭ꣄ꢦꢥꣁ ꢒꢿꢬ꣄,Chat leisurely
ꢮꢶꢬ꣄ꢢꢵ ꢮꢡ꣄ꢡꣁ ꢒꢿꢬ꣄,Chat leisurely
ꢒꢾꢰ꣄ꢜꢪ꣄ꢦꢵꢜ꣄ꢦꣁꢜ꣄,work hard
ꢮꢾꢥ꣄ ꢒꢾꢰ꣄ꢜꢪ꣄ ꢦꣂꢜ꣄,To labour intensely
ꢱꢶꢖ꣄ꢔꢵꢬ꣄ ꢒꢿꢬ꣄,decorate
ꢂꢭꢖ꣄ꢒꢵꢬ꣄ ꢒꢿꢬ꣄,decorate
ꢂꢮ꣄ꢱꢬ꣄ꢒꢿꢬ꣄,hasten
ꢂꢮ꣄ꢱꢬ꣄ꢦꣂꢜ꣄,hasten
ꢂꢮ꣄ꢤꢶ ꢦꣂꢜ꣄,Undergo agony
ꢥꢶꢪꢥ꣄ꢡ꣄ꢬꢠꣁ ꢒꢿꢬ꣄,invite
ꢨꣁꢮꢥ꣄ ꢤꢞ꣄ꢞꢿ,invite
ꢦꢬꢶꢗꢫꣁ ꢒꢿꢬ꣄,introduce
ꢱꢶꢒ꣄ꢒꢞꢶ ꢣꢾ,Impart knowledge
ꢛꢵꢥ꣄ ꢣꢾ,Impart knowledge
ꢦꢶꢒ꣄ꢒꢶꢥꢶ ꢒꢵꢜ꣄,harvest
ꢦꢷꢒ꣄ ꢒꢵꢜ꣄,harvest
ꢂꢥ꣄ꢫꣁ ꢲꣂ,Get alienated
ꢂꢣꢶꢱꢪ꣄ ꢦꣂꢜ꣄,wonder
ꢃꢯ꣄꣄ꢗꢬ꣄ꢫꢸ ꢦꣁꢞꢵꢜ꣄,amaze
ꢃꢱ꣄ꢡ ꢦꣂꢜ꣄,desire
ꢂꢦꢸꢭ꣄ ꢒꢾꢬ꣄ꢭꢾ,Take possession/ make one’s own
ꢂꢦꢸꢭ꣄ꢒꢥꢶ ꢮꢲꢶꢭꢿ,Take possession/ make one’s own
ꢂꢦ꣄ꢭꢵꢥ꣄ ꢒꢾꢬ꣄ꢭꢿ,Take possession/ make one’s own
ꢱ꣄ꢢꢶꢬꢪ꣄ ꢥꢴꢷꢡ꣄ꢡꣁ ꢬꢴ ꢵ,be shaken
ꢲꢭ꣄ꢭꢥ꣄ ꢥꢶꢔꢶꢭ꣄,be shaken
ꢆꢣ꣄ꢣꢬ꣄ ꢣꢾ,order
ꢬꢵꢒ꣄ ꢂꢥ꣄꣄ꢭꢾ,get angry
ꢬꢵꢒ꣄ ꢂꢮꢵꢜ꣄,incense
ꢃꢣꢬꣁ ꢣꢿ,"support, patronize"
ꢡꢾꢫꢵꢬ꣄ ꢒꢾꢬ꣄ꢭꢿ,get ready
ꢆꢡ꣄ꢒꢸꢬꣂꢯꣁ ꢒꢿꢬ꣄,clamour
ꢬꢾꢗ꣄ꢗꢵ ꢬꢾꢗ꣄ꢗꣁ ꢡꢵꢫ꣄,clamour
ꢙꣁꢱ꣄ꢫꢪ꣄ ꢱꢖ꣄ꢔꢶ,predict
ꢧꢸꢭ꣄ꢭꢵꢪ꣄ ꢱꢖꢔꢶ,predict
ꢃꢭꣂꢗꢥꣁ ꢱꢖ꣄ꢔꢶ,Advise/ counsel
ꢤꢾꢫ꣄ꢬꢶꢫꢪ꣄ ꢱꢖ꣄ꢔꢶ,console
ꢯꢵꢥ꣄ꢡꢶ ꢣꢾ,console
ꢱꢵꢥ꣄ꢡ꣄ꢮꢥꣁ ꢒꢿꢬ꣄,console
ꢱꢪ꣄ꢪꢡ꣄ ꢣꢿ,allow
ꢢꢵꢪ꣄ꢡꢔꢶ ꢢꣁꢮ꣄,allocate
ꢢꢵꢪ꣄ ꢣꢿ,give place
ꢢꢵꢪ꣄ ꢪꢬ꣄ꢗꢶ ꢙꢵ,Migrate/ dislocate
ꢢꢵꢪ꣄ ꢪꢬ꣄ꢗꢶ ꢢꣁꢮ꣄,Migrate/ dislocate
ꢢꢵꢪ꣄ꢪꢬ꣄ꢗꢶ,shift
ꢒꢾꢰ꣄ꢜꢪ꣄ ꢂꢞ꣄ꢞꢪ꣄ ꢂꢮꢵꢜ꣄,Create obstacle
ꢥꢾꢱ꣄ꢒꢶꢥꢶ ꢦꣁꢜ꣄,be crushed
ꢂꢞ꣄ꢞꢪ꣄ ꢦꣂꢜ꣄,obstruct
ꢂꢮ꣄ꢞꣁꢦꣂꢜ꣄,interfere
ꢡꣁꢥ꣄ꢣꢬꢮ꣄ ꢒꢿꢬ꣄,disturb
ꢏꢦ꣄ꢦꢱ꣄ꢡꢶꢱꣁ ꢒꢿꢬ꣄,Make one accept/ yield
ꢂꢥꢸꢡꢵꢦ꣄ ꢒꢭꢵꢜ꣄,condole
ꢪꢴꢮ꣄ꢭꢶ ꢡꢵꢫ꣄,"black out, hide"
ꢲꢥ꣄ꢢꢵꢬ꣄ ꢒꢿꢬ꣄,darken
ꢩꢮꢵꢜ꣄ ꢡꢵꢫ꣄,shout
ꢱꢖ꣄ꢓ꣄ꢫꣁꢣꢿ,to number
ꢆꢥ꣄ꢥꣁ ꢒꢿꢬ꣄,degrade
ꢦꣁꢜ꣄ꢜꢳ ꢶꢩꢥ꣄ꢣꢶꢭꢿ,hug
ꢦꣁꢞꢭꢶ ꢩꢥ꣄ꢣꢶꢭꢿ,hug
ꢣꢿꢮꢸ ꢦꢣꢪ꣄ ꢪꢷꢭ꣄,Attain to the Lord’sfeet
ꢔꢸꢬ꣄ꢡꢸ ꢒꢳꣀꢭꢿ,identity
ꢱꢪꢪꣁ ꢲꣁꢫ꣄ꢭꢿ,become equal
ꢂꢩꢿꢡ꣄ ꢙꢮꢞ꣄ꢳꢿ,become equal
ꢦ꣄ꢬꢡꢶꢦꢹꢬ꣄ꢡꢶ ꢒꢿꢬ꣄,compensate
ꢆꢥ꣄ꢥꢦꢥ꣄ ꢱꢾꢬ꣄ꢒꣁ ꢒꢿꢬ꣄,compensate
ꢭꢔꢶꢛ꣄ꢗꢶ ꢬꢴꢵ,involve
ꢭꢔꢶꢛ꣄ꢗꢞꢶ ꢬꢴꢵ,engage
ꢱꢶꢣ꣄ꢤꢶ ꢲꣂ,fulfil
ꢒꢾꢭꢵꢪ꣄ ꢭꢵꢮ꣄,coating the inner part of the vessel with lead
ꢩꣁꢙꢥꣁ ꢒꢾꢬ꣄ꢭꢿ,"take in, eat"
ꢩꢶꢡ꣄ꢡꢬ꣄ ꢢꣂꢮ꣄,"insert, inject"
ꢲꣁꢔꢡ꣄ ꢲꢶꢖ꣄ꢔꢵꢜ꣄,"insert, inject"
ꢱꢪ꣄ꢪꢡ꣄ ꢦꣁꢥ꣄ꢣꢶ,agree
ꢩꢶꢡ꣄ꢡꢬ꣄ ꢡꢹꢬ꣄,penetrate
ꢱꢲꢪꢡꢶ ꢲꣁꢫ꣄ꢭꢿ,make an agreement
ꢏꢙꢥꢵꢒ꣄ ꢏꢙꢥꣁ ꢏꢦ꣄ꢦꢶꢭꢿ,make an agreement
ꢨꣁꢜ꣄ꢜꣁ ꢲꢾꢜ꣄,undress
ꢨꣁꢜ꣄ꢜꣁ ꢱꣁꢮ꣄ꢞꢶ,undress
ꢆꢬ꣄ꢦꢡ꣄ꢡꢶ ꢒꢿꢬ꣄,"make, create"
ꢩꢵꢡ꣄ ꢕꢵꢭ꣄,feed
ꢦ꣄ꢬꢫꣂꢙꢥꣁ ꢦꣁꢜ꣄,be useful
ꢆꢦꢫꣂꢒ꣄ ꢲꣂ,be useful
ꢥꢸꢔꢵꢱ꣄ꢡꢶꢱꣁ ꢬꢴꢵ,be useful
ꢙꢷꢮ꣄ ꢱꣂꢜ꣄,Lay down life
ꢙꢷꢮ꣄ꢣꢾ,animate
ꢙꢷꢮ꣄ ꢕꢵꢭ꣄,animate
ꢨꣁꢭꢪ꣄ꢒꢿꢬ꣄,strengthen
ꢨꢵꢤ꣄ꢫꢡꣁ ꢪꢔꢶꢭꢾ,to claim right
ꢬꢹꢦ꣄ ꢕꢵꢭ꣄,give shape
ꢪꢥꣁꢥꣁ ꢒꢾꢬ꣄ꢭꢾ,memorize
ꢬꢸꢦ꣄ ꢪꢬ꣄ꢗꢶꢭꢿ,change form
ꢱꢪ꣄ꢩꢵꢰꢠꣁ ꢒꢿꢬ꣄,converse
ꢭꣂꢦꢸꢭꣁ ꢬꢵꢱ꣄ꢡꢶꢱꣁ ꢒꢿꢬ꣄,include
ꢭꣂꢦꢸꢭꣁ ꢢꣁꢮ꣄ꢭꢿ,include
ꢆꢡ꣄ꢱꢵꢲ꣄ ꢦꣁꢥ꣄ꢣꢶ,Get enthusiasm
ꢔꢪ꣄ꢗꢶ ꢎꢒꢶ,Listen attentively
ꢓꢸꢬ꣄ꢒꢥꢶ ꢱꢵ,gaze
ꢏꢙꢥꢵꢒ꣄ ꢏꢙꢥꣁ ꢦ꣄ꢬꢵꢪꣁꢒꢥꢶ ꢗꢭ꣄ꢭꢾ,Interact affectionately
ꢥꢶꢱꢰ꣄꣄꣄ꢒꢠꣁ ꢒꢿꢬ꣄,confirm
ꢦ꣄ꢬꢪꢵꢠ꣄ꢓꢳ꣄ꢳꢿ,take oath
ꢆꢡ꣄ꢱꢵꢲ꣄ꢒꢿꢬ꣄,encourage
ꢆꢛ꣄ꢙꢭꣁ ꢓꢵꢳ,Oscillate/ swing
ꢗꣁꢞ꣄ꢞꣁ ꢦꣁꢞꢶꢩꢶꢡ꣄ꢡꢬ꣄ ꢢꢹꢬ꣄,Infiltrate
ꢓꣁꢭꢵ ꢩꢮꢵꢜ꣄ ꢡꢵꢫ꣄,Howl/whistle
ꢧꢸꢮ꣄ꢥꢶ ꢬꢾꢗ꣄ꢗꣁ ꢒꢿꢬ꣄,Howl/whistle
ꢩꣁꢫ꣄ꢱꢸ ꢬꢾꢗ꣄ꢗꣁ ꢡꢵꢫ꣄,bellow
ꢲꢜ꣄ꢮꢶ ꢱꢵ,think
ꢦ꣄ꢬꢡꢶꢤꣁꢥꢶꢒꢿꢬ꣄,echo
ꢮꢾꢣꢸꢬ꣄ ꢦꣁꢜ꣄,Encounter/meet
ꢱꢵꢪꢸꢬ꣄ ꢃꢮ꣄,Encounter/meet
ꢮꢾꢣꢸꢬ꣄ ꢣꢾꢒ꣄ꢒꢶ,Encounter/meet
ꢦ꣄ꢬꢡꢷꢒ꣄ꢯꣁ ꢒꢿꢬ꣄,Expect
ꢌꢣꢸꢬ ꣄ꢱꢵ,Expect
ꢬꢵꢒ꣄ ꢂꢮꢵꢜ꣄,irritate
ꢱꢷꢪꣁ ꢣꢵꢜ꣄,exceed
ꢆꢣ꣄ꢮꢿꢒ꣄ ꢒꢾꢬ꣄,Inspire/ motivate
ꢆꢣ꣄ꢮꢿꢔ꣄ ꢂꢮꢵꢜ꣄,Inspire/ motivate
ꢆꢦꢲꢵꢱ꣄ ꢒꢿꢬ꣄,Mock /ridicule
ꢣꢾꢔꢵꢬ꣄ꢣꢿ,belch
ꢌꢭꢪ꣄ ꢱꣂꢜ꣄,auction
ꢦ꣄ꢬꢨꢥ꣄ꢡꢸ ꢒꢿꢬ꣄,arrange
ꢦꢹꢬ꣄ꢮꢩꢶꢥꢫꣁ ꢒꢿꢬ꣄,rehearse
ꢱꣁꢪ꣄ꢪꢬ꣄ ꢣꣁꢨ꣄ꢨꢶꢢꣁꢮ꣄,Postpone/ procrastinate
ꢣꣁꢨ꣄ꢨꢶꢢꣂꢮ꣄,adjourn
ꢱꢲꢫꣂꢒ꣄ ꢒꢿꢬ꣄,cooperate
ꢡꢶꢬꢯ꣄꣄ ꢒꢵꢬ,overrule
꣄ꢒꢿꢬ꣄,overrule
ꢲꢾꢞꢶ ꢡꣂꢮ꣄,reserve
ꢮꢱꣁ ꢣꢾ,Submit/handover
ꢲꢵꢡꢸ ꢂꢒ꣄ꢰꢬ꣄ꢡꢵꢫ꣄,sign
ꢱꢶꢖ꣄ꢔꢵꢬ꣄ ꢒꢾꢬ꣄ꢭꢿ,do make up
ꢡꣂꢡ ꣄ꢱꢵ,compare
ꢂꢥꢸꢪꢡꢶ ꢣꢿ,consent
ꢱꢪ꣄ꢫꣂꢙꢥꣁ ꢒꢿꢬ꣄,co-ordinate
ꢤ꣄ꢫꢵꢥ꣄ ꢫꣂꢒ꣄ ꢒꢿꢬ꣄,concentrate
ꢬꢹꢦ꣄ ꢥꢾꢬ꣄ꢦꢶ,telecast
ꢙꢾꢡꣁ ꢗꢾꢬ꣄,unite
ꢙꢾꢡꣁ ꢗꢾꢬ꣄ꢗꢶ,"unite, assemble"
ꢤꢪꢶ ꢙꢵ,elope
ꢥꢶꢮ꣄ꢬꢸꢡꢶ ꢲꣂ,retire
ꢗꢶꢡ꣄ꢬꢸ ꢭꢶꢓꢶ,paint
ꢡꢶꢬ꣄ꢪꢵꢥ꣄ ꢒꢾꢬ꣄ꢭꢿ,make up mind
ꢒꢿꢜ ꣄ꢩꢥ꣄ꢣꢶꢭꢿ,begirdle
ꢱꢸꢭ꣄ꢒꣁ ꢩꢥ꣄ꢣꢶ,remit fee
ꢃꢙ꣄ꢛꣁ ꢣꢿ,to issue an order
ꢃꢙ꣄ꢛꣁꢣꢿ ꢡꢵꢫ꣄,command
ꢨꢭꢮꢥ꣄ꢡꢸ ꢒꢿꢬ꣄,compel
ꢂꢤꢶꢒꢵꢬꢸꢪ꣄ ꢬꢴꢵ,be under control
ꢥꢶꢫꢥ꣄ꢡ꣄ꢬꢠꣁꢒꢿꢬ꣄,control
ꢒꢾꢜ꣄ꢜꢸ ꢡꢵꢫ꣄,bandage
ꢲꢾꢳ꣄ꢳꢶꢶ ꢙꢵ,kidnap
ꢒꢬ꣄ꢡꢮ꣄ ꢒꢿꢬ꣄,do the duty
ꢬꢷꢠ꣄ ꢦꣂꢜ꣄,Get indebted
ꢬꢷꢠ꣄ ꢓꢵꢜ꣄,borrow
ꢓꢾꢜꢶꢥ꣄ ꢒꢿꢬ꣄,harden
ꢂꢥꢸꢱꢬꢶꢭꢾ,follow
ꢡꣁꢬꢶ ꢙꢵ,follow
ꢔꢪ꣄ꢗꢶ ꢱꢾꢫ꣄ꢭꢿ,Watch/ superintend
ꢣꣁꢳꣁ ꢪꢶꢱ꣄ꢒꢶ,wink
ꢓꢠ꣄ꢞꢠꣁ ꢒꢿꢬ꣄,condemn
ꢣꢾꢒ꣄ꢒꢶ ꢤꢿꢬ꣄,"discover, invent"
ꢣꣁꢳꢵꢪ꣄ꢦꢥꢶ ꢓꢵꢜ꣄,shed tears
ꢣꣁꢳꣁꢲꣁꢬ꣄ ꢱꢾꢫ꣄ꢭꢿ,see
ꢭꢴꢾꢒ꣄ꢒꣁ ꢒꢿꢬ꣄,"enumerate, to account"
ꢒꢵꢪ꣄ ꢲꢶꢨ꣄ꢨꢵꢜ꣄,lock-out
ꢒꢾꢬꢥ꣄ ꢒꢭꢥꢵꢡꣁ ꢬꢴꢵ,Be at a loss
ꢕꢾꢬ꣄ꢮꢵꢬ꣄ ꢬꢴꢵ,conceive
ꢔꢬ꣄ꢩꢸ ꢙꢵꢮꢵꢜ꣄,abort
ꢂꢩꢶꢦ꣄ꢬꢵꢫꢪ꣄ ꢱꢖ꣄ꢔꢶ,opine
ꢒꢾꢜ꣄ꢜꢣꢞꢱ꣄ꢡꢶ ꢱꣁ ꢙꢵ,find no bound
ꢩ꣄ꢬꢪꣁ ꢲꣂ,Be confounded/ be confused
ꢒꢭꢲꣁꢒꢿꢬ꣄,"riot, rebel"
ꢂꢬꢵꢙꢒꢡꣁ ꢒꢿꢬ꣄,"riot, rebel"
ꢒꢭꢲꣁ ꢒꢾꢬꢵꢜ꣄,Plunge into riot
ꢪꣁꢥ꣄ꢥꢸ ꢒꢮ꣄ꢭꢫꢶ ꢬꢴꢵ,Get agitated
ꢒꢾꢳ꣄ꢳꢸ ꢏꢜ꣄ꢗꢶ,brew
ꢒꢭ꣄ꢦꢥꣁ ꢒꢾꢬ꣄,imagine
ꢥꢿꢪꣁ ꢥꢵꢯ꣄꣄,Corrupt/ stain
ꢒꢵꢜ꣄ ꢦꣁꢞꢜ꣄,Corrupt/ stain
ꢱꣁꢦ꣄ꢥꣁ ꢣꢾꢒ꣄ꢒꢶ,dream
ꢣꢬ꣄ꢯꢥꣁ ꢣꢿ,appear
ꢣꢾꢒ꣄ꢒꢞꢶ ꢣꢿ,betray
ꢪꣂꢱ꣄ ꢒꢿꢬ꣄,betray
ꢣꢸꢬꣂꢲ꣄ ꢒꢿꢬ꣄,betray
ꢬꢒ꣄ꢒꢶ ꢬꢴꢵ,wait
ꢦ꣄ꢬꢿꢮ꣄ ꢦꣁꢜ꣄,Fall in love
ꢒꢵꢥꢸꢪ꣄ ꢦꣂꢜ꣄,hear
ꢒꢵꢥ꣄ ꢲꣂꢬ꣄ ꢎꢒꢶ,listen
ꢕꢵꢪ꣄ ꢦꣂꢜ꣄,get wounded
ꢕꢵꢪ꣄ ꢦꣁꢞꢜ꣄,wound
ꢒꢵꢭ꣄ ꢲꣁ,expire
ꢣꢾꢮ꣄ꢒꢫꢶ ꢙꢵ,expire
ꢒꢵꢨꢥ꣄ꢣꢸ ꢒꢿꢬ꣄,guard
ꢩꢷꢡꢶꢒꢿꢬ꣄,scare
ꢤꢵꢒ꣄ ꢂꢮꢵꢜ꣄,scare
ꢱꢛ꣄ꢗꢭꢥꣁ ꢲꣂ,get stimulated
ꢱꢛ꣄ꢗꢭꢥꣁ ꢒꢿꢬ꣄,stimulate
ꢃꢙ꣄ꢛꣁ ꢦꢵꢭꢥꣁ ꢒꢿꢬ꣄,obey
ꢃꢙ꣄ꢛꣁꢤꢵꢥꢸ ꢗꢵꢭ꣄,obey
ꢂꢤꢶꢒꢵꢬ꣄ ꢤꢵꢥꢸ ꢗꢭ꣄ꢭꢾ,obey
ꢓꢵꢭ꣄ ꢬꢴꢮꢵꢜ꣄,Subjugate
ꢪꣁꢥ꣄ꢥꢸꢪ꣄ ꢨꢷꢱ꣄,Inhabit
ꢒꢵꢦ꣄ ꢬꢴꢮꢵꢜ꣄,Form a settlement
ꢮꢵꢱꢱ꣄ꢢꢭꣁ ꢥꢶꢬ꣄ꢠꢫꣁ ꢒꢿꢬ꣄,Form a settlement
ꢮꢵꢱ꣄ꢒꢿꢬ꣄,inhabit
ꢮꢵꢱ꣄ ꢒꢾꢬꢵꢜ꣄,populate
ꢮꢵꢱ꣄ ꢲꣁ,migrate
ꢒꢵꢦ꣄ ꢙꢵ,migrate
ꢨꢬꣁ ꢒꢿꢬ꣄,heal
ꢦꢵꢄ ꢱꢦꣂꢜ꣄,worship
ꢭꢸꢪ꣄ꢦ꣄ꢭꣁ ꢲꣁ,be confused
ꢭꢸꢪ꣄ꢦ꣄ꢭꣁꢒꢿꢬ꣄,"embarrass, confuse"
ꢦꣁꢭ꣄ꢭꢪ꣄ ꢒꣁꢮ꣄ꢬꢶ,defraud
ꢲꢹꢥ꣄ꢭꢔꢳ꣄ꢳꢿ,bask
ꢲꢷꢪ꣄ ꢙꢮꢞ꣄ꢳꢿ,bask
ꢗꢹꢒ꣄ ꢱꢖ꣄ꢔꢶ,accuse
ꢗꢹꢒ꣄ ꢒꢿꢬ꣄,do a mistake
ꢦꣁꢱ꣄ꢪꢾ ꢱꢖ꣄ꢔꢶ,foretell
ꢲꢾꢞꢶ ꢱꢖ꣄ꢔꢶ,"denote, mention"
ꢗꢶꢥ꣄ꢲꢸ ꢕꢵꢭ꣄,mark
ꢭꢾꢒ꣄ꢒꢸ ꢢꣂꢮ꣄,aim at
ꢤ꣄ꢫꢿꢫꢸ ꢢꣁꢮ꣄ꢭꢿ,aim at
ꢭꢵꢙ꣄ꢭꢔꢳ꣄ꢳꢿ,feel shy
ꢬꢾꢗ꣄ꢗꣁ ꢪꢵꢜ꣄,shout
ꢪꢸꢔꢵꢪ꣄ ꢡꢵꢫ꣄,camp
ꢮꢿꢥ꣄ꢒꢿꢬ꣄,enhance
ꢬꢸꢣ꣄ꢬꢡꢵꢠ꣄ꢜꢮ꣄ ꢓꢵꢳ꣄,dance in anger
ꢗꢹꢔ꣄ ꢕꢵꢭ꣄,shout
ꢒꢾꢛ꣄ꢙꢶꢪꢵꢫ꣄,entreat
ꢓꢾꢭ꣄ꢭꢭ꣄ꢒꢿꢬ꣄,jest
ꢂꢮ꣄ꢪꢵꢥ꣄ ꢦꣂꢜ꣄,be mocked
ꢎꢒꢶꢥ ꢶꢦꣂꢜ꣄,have heard of
ꢲꢵꢡꢸꢪ꣄ ꢓꢳ꣄ꢳꢾ,take in hand
ꢲꢵꢡ꣄ ꢲꢭ꣄ꢮꢶ,shake hand
ꢣꢷꢲꢵꢡ꣄ ꢗꢾꢬ꣄ꢗꢶꢭꢶ ꢂꢛ꣄ꢙꢭꢶ ꢒꢿꢬ꣄,greet
ꢱꢶꢣ꣄ꢤꢶ ꢲꣂ,to be fulfilled
ꢲꢵꢡ꣄ ꢡꢾꢜ꣄ꢜꢶ,clap
ꢒꣀꢣꢸꢒꢾꢬ꣄,arrest
ꢨꢥ꣄ꢣꢶ ꢒꢿꢬ꣄,arrest
ꢦꢵꢠꢶꢔ꣄ꢬꢲꢥꣁ ꢒꢾꢬ꣄ꢭꢿ,marry
ꢲꣁꢬꢵꢜ꣄ ꢒꢾꢬ꣄ꢭꢿ,marry
ꢲꢵꢡ꣄ ꢢꣂꢮ꣄,misappropriate
ꢗꢭ꣄ꢡꣁ ꢒꢿꢬ꣄,handle
ꢱꣁꢞ꣄ꢞꢶ ꢙꢵ,leave
ꢤꣁꢪ꣄ꢨꢸꢭꢵꢫ꣄ ꢡꢿ,yawn
ꢣꢸꢬꢵꢗꢬꢠꣁ ꢒꢿꢬ꣄,ill treat
ꢲꢶꢪ꣄ꢱꣁ ꢒꢿꢬ꣄,ill treat
ꢬꢾꢔꢡ꣄ ꢓꢾꢞ꣄,boil
ꢙꢷꢮ꣄ ꢣꢹꢱ꣄,murder
ꢭꢹꢜ꣄ꢪꢵꢬ꣄ ꢒꢿꢬ꣄,Rob/ plunder
ꢱꢹꢜ꣄ ꢲꢵꢥ꣄,Rob/ plunder
ꢕꢾꢥꢪ꣄ ꢦꣁꢥ꣄ꢣꢶ,have prestige
ꢱꢜ꣄ꢜꢪ꣄ ꢡꢵ,enframe
ꢚꢾꢞꣁ ꢪꢭ꣄ꢭꢿ,quarrel
ꢔꢹꢟꣁ ꢒꢿꢬ꣄,Plot against
ꢱꢡꢶ ꢒꢿꢬ꣄,Plot against
ꢱꣁꢥ꣄ꢡꣂꢰ꣄ ꢦꣂꢜ꣄,enjoy
ꢱꢪꣁ ꢒꢿꢬ꣄,equalize
ꢱꢪꢤꢵꢥ꣄ ꢒꢿꢬ꣄,compromise
ꢱꢬꢠꢵꢔꢣꢶꢦꣁꢥ꣄ꢣꢶ,surrender
ꢭꢾꢒ꣄ꢒ ꢱꣁꢬ꣄ꢒ꣄ꢒꣁ ꢒꢿꢬ꣄,tally
ꢱꢾꢬ꣄ꢒ꣄ꢒ ꢒꢿꢬ꣄,make correction
ꢗꢾꢭ꣄ꢮꣁ ꢒꢿꢬ꣄,wash
ꢪꣁꢬ꣄ꢔ꣄ꢫꢵꢡ꣄ ꢒꢳꢵꢜ꣄,Greet/ salute
ꢱꢾꢭ꣄ꢒꢾ ꢣꢾꢒ꣄ꢒꢵꢜ꣄,give concession
ꢦꢾꢫꢶꢬ꣄ ꢙꢸꢥ꣄ꢥꢶ,to cultivate
ꢦ꣄ꢬꢪꢵꢠ ꣄ꢣꢾ,certify
ꢦ꣄ꢬꢪꢵꢠ꣄ ꢒꢿꢬ꣄,certify
ꢨꢸꢱ꣄ꢒꣁ ꢒꢿꢬ꣄,entangle
ꢱꢪ꣄ꢜꢵꢜ꣄,embrangle
ꢱꢾꢜ꣄ꢜꢸꢒꢥ꣄ ꢬꢴꢵ,economize
ꢮꢿꢥ꣄ ꢱꢶꢳ꣄ꢳ ꢦꣂꢜ꣄,be chill
ꢓ꣄ꢫꢵꢡꢶ ꢦꣁꢥ꣄ꢣꢶ,get fame
ꢪꢸꢡ꣄ꢡꢶ,pass urine
ꢂꢭꢖ꣄ꢔꣂꢭꢪ꣄ ꢒꢿꢬ꣄,disorder
ꢔꢸꢠ꣄ꢠꢸ ꢥꢴꢷꢡ꣄ꢡꣁ ꢬꢵ,degenerate
ꢱꢹꢤꢵꢬ꣄ ꢒꢾꢬ꣄,reform
ꢥꢶꢫꢪꣁ ꢥꢵꢯ꣄,Make disorder / degenerate
ꢪꢶꢜ꣄ꢜꢶ ꢱꣂꢜ꣄,flip
ꢗꢸꢜ꣄ꢜꢸ ꢡꢒꢶ ꢤꢿꢬ꣄,Besiege
ꢲꢸꢥ꣄ꢥ ꢒꢿꢬ꣄,Heatup
ꢲꢸꢥ꣄ꢥ ꢲꣁ,become hot
ꢲꢸꢦꢵꢮ꣄ꢒꢿꢬ꣄,intrigue
ꢱꢞ꣄ꢫꢥ꣄ꢡ꣄ꢬꢸ ꢒꢿꢬ꣄,intrigue
ꢱꢹꢬꢾ ꢡꢵꢫ꣄,forage
ꢪꢬꢵꢪꢡ꣄ꢡꢸ ꢒꢿꢬ꣄,repair
ꢥꢮꢷꢒꢬꢠꣁ ꢒꢿꢬ꣄,repair
ꢱꢾꢬ꣄ꢒ ꢒꢿꢬ꣄,mend
ꢒꢵꢪꢸꢪ꣄ ꢲꢸꢡ꣄ꢡꢶꢬ꣄,act
ꢒꢵꢪꢸꢪ꣄ ꢭꢵꢔ꣄,act
ꢮꢵꢣꢪꢸꢪ꣄ ꢦꣁꢞꢜ꣄,paralyse
ꢗꢭ꣄ꢡ ꢒꢿꢬ꣄,implement
ꢦ꣄ꢬꢩꢵꢮ꣄ ꢥꢴꢷꢡ꣄ꢡ ꢲꣁ,lose influence
ꢦ꣄ꢬꢩꢵꢮ꣄ ꢙꢮꢞ꣄ꢳꢾ,lose influence
ꢱꣀꢒꢥꣁ ꢒꢿꢬ꣄,give signal
ꢩꢵꢰꢠꣁ ꢒꢿꢬ꣄,give talk/lecture
ꢱꣂꢤꢥꣁ ꢒꢿꢬ꣄,test
ꢭꣂꢭ꣄ ꢦꣁꢞꢶ ꢲꢶꢠ꣄ꢞꢶ,loiter
ꢯꢷꢥ꣄ ꢦꣁꢥ꣄ꢣꢶ,get tired
ꢒꢬ꣄ꢡꢮ꣄ ꢱꣂꢜ꣄,shirk
ꢱꢪꢣꢭꢪ꣄ ꢒꢿꢬ꣄,flatten
ꢡꢾꢜ꣄ꢜꢸ ꢒꢶꢜ꣄ꢜꢶ ꢙꢵ,falter
ꢥꢶꢬꣂꢤ꣄ ꢒꢿꢬ꣄,impede
ꢣꢠ꣄ꢜꢥꣁ ꢒꢿꢬ꣄,punish
ꢭꢴꢾꢒ꣄ꢒꣁ ꢱꢾꢬ꣄ꢒꣁ ꢱꢵ,audit
ꢡꣁꢪ꣄ꢗꢶ ꢙꢵꢱ꣄ꢡꢶꢱꣁ ꢒꢿꢬ꣄,Let escape
ꢡꣁꢪ꣄ꢗꢶ ꢙꢵ,escape
ꢦꢱ꣄ꢡꣁꢒ꣄ꢒꢶ ꢲꢶꢨ꣄ꢨꢶ,linger
ꢱ꣄ꢡꢬꣁ ꢥꢶꢬ꣄ꢠꢫꣁ ꢒꢿꢬ꣄,standardise
ꢭꢸꢒ꣄ꢒꢶ ꢬꢴꢵ,abscond
ꢂꢔ꣄ꢬꢵꢱꢥꣁ ꢓꢳ꣄ꢳꢿ,preside
ꢂꢔ꣄ꢬꢦꢥ꣄ ꢮꢮꢶꢭꢿ,preside
ꢣꣁꢱ꣄ꢒꣁ ꢲꢭ꣄ꢮꢶ,nod
ꢣꣁꢱ꣄ꢒꣁ ꢣꢿ,interfere
ꢣꣁꢱ꣄ꢒꣁ ꢥꢪ꣄ꢭꢿ,bow head
ꢒꢸꢠ꣄ꢜꢸ ꢒꢿꢬ꣄,do mistake
ꢣꣁꢨ꣄ꢦꢶ ꢢꣂꢮ꣄,postpone
ꢦꢾꢡ꣄ꢡꢾ ꢒꢿꢬ꣄,alienate
ꢱ꣄ꢬꢪꣁ ꢱꢾꢒꢶꢭꢿ,manage
ꢓꢷꢳ꣄ ꢡꢵꢫ꣄,close
ꢲꢸꢨ꣄ꢨꢱ꣄ ꢦꣂꢜ꣄,suffocate
ꢨꢾꢣꢶꢬ꣄ꢦꣂꢜ꣄,Be astonished
ꢃꢯ꣄꣄ꢗꢬ꣄ꢫꢸ ꢦꣂꢜ꣄,stun
ꢫꣂꢙꢥꣁ ꢒꢿꢬ꣄,plan
ꢱꢪꢬ꣄ꢡꢮꢵꢥ꣄ ꢲꣂ,have skill
ꢅꢥ꣄ ꢒꢿꢬ꣄,do harm
ꢥꢶꢬ꣄ꢠꢫꣁ ꢒꢿꢬ꣄,give judgement
ꢪꢸꢞꢶꢮ꣄ ꢣꢾꢒ꣄ꢒꢶ,find a solution
ꢱꢪꢵꢤꢵꢥ꣄ ꢒꢿꢬ꣄,find a solution
ꢏꢡ꣄ꢡꢵꢱ꣄ ꢒꢿꢬ꣄,help
ꢨꢶꢱ꣄ꢱꣁ ꢲꣁꢮꢵꢜ꣄,hasten
ꢡꢸꢬꢸ ꢤꢿꢬ꣄,rust
ꢦꢸꢜ꣄ꢜꣁ ꢡꢵꢫ꣄,perforate
ꢓꢾꢰ꣄ꢜꢪ꣄ ꢦꣂꢜ꣄,suffer
ꢗꢾꢞ꣄ꢮꢶ ꢱꣂꢜ꣄,"encourage, instigate"
ꢩꢸꢬ꣄ꢒꣁ ꢒꢿꢬ꣄,make powder
ꢗꢹꢬ꣄ꢠꢸ ꢒꢿꢬ꣄,make powder
ꢮꢾꢒ꣄ꢒꢶ ꢲꢿꢜ꣄,select the best
ꢱꢥ꣄ꢣꢾꢯ꣄ ꢭꢿ ꢙꢵ,convey
ꢱꢾꢥ꣄ꢣꢿꢮ꣄ ꢥꢴꢷꢡ꣄ꢡꣁ ꢬꢴꢵ,be clear
ꢱꢾꢥ꣄ꢣꢿꢮ꣄ ꢙꢮꢵꢜ꣄,make clear
ꢣꢾꢒ꣄ꢒꢶꢥꢶ ꢦꣂꢜ꣄,appear
ꢦꢙꢾ ꢲꣂ,"require, need"
ꢲꢬꢸꢪ꣄ꢨꢪ꣄ ꢒꢾꢬꢶ ꢢꣁꢮ꣄,begin
ꢱꢪ꣄ꢦꢬ꣄ꢒꢸ ꢒꢿꢬ꣄,correspond
ꢱꢥ꣄ꢤꢶꢪ꣄ ꢢꣁꢮ꣄ꢭꢿ,correspond
ꢱꢿꢮꣁ ꢒꢿꢬ꣄,serve
ꢲꢶꢪ꣄ꢱꣁꢒꢿꢬ꣄,disturb
ꢥꢵꢯꢥꣁ ꢒꢿꢬ꣄,destroy
ꢏꢞ ꢶꢙꢵ,fail
ꢏꢞꢞꢶ ꢙꢮꢵꢜ꣄,defeat
ꢲꣂꢬꢸ ꢲꣂꢬ꣄ ꢲꢶꢪ꣄ꢗꣁ ꢒꢿꢬ꣄,annoy
ꢮꢶꢒ꣄ꢒꢸ ꢕꢵꢭ꣄,empoison
ꢱꢶꢖ꣄ꢒꢡꢶ ꢒꢾꢬ꣄ꢭꢾ,Make friends
ꢲꢶꢠ꣄ꢞꢶ ꢧꢶꢬꢶꢭꢿꢡ꣄ ꢬꢴꢵ,wander
ꢗꢭ꣄ꢡ ꢲꣂ,occur
ꢗꢵꢭ꣄,Walk triumphantly
ꢥꣁꢪ꣄ꢒꢾ ꢦꣁꢞꢵꢜ꣄,make believe
ꢥꣁꢪ꣄ꢒꢾ ꢣꢿ,Give hope
ꢥꣁꢪ꣄ꢒꢾ ꢢꣂꢮ꣄,Place trust
ꢱ꣄ꢮꢵꢔꢡ꣄ ꢒꢿꢬ꣄,welcome
ꢤꢥ꣄ꢥꢸ ꢱꢖ꣄ꢒꢶ,give thanks
ꢔꢮꢸꢥ꣄ ꢣꢿ,Give attention
ꢥꢬ꣄ꢡꢥꣁ ꢒꢿꢬ꣄,dance
ꢔꢵꢪ꣄ ꢱꣁꢜꢶꢤꢞ꣄ꢞꢾ,exile
ꢤ꣄ꢮꢪ꣄ꢱꢸ ꢒꢿꢬ꣄,annihilate
ꢲꢜ꣄ꢮꢥ꣄ ꢒꢾꢬ꣄ꢭꢿ,recollect
ꢲꢜ꣄ꢮꢥ꣄ ꢒꢿꢬ꣄,remind
ꢗꢭ꣄ꢡ ꢲꣂ,happen
ꢔꢪ꣄ꢗꢶ ꢱꢵ,look
ꢬꣂꢔꢸꢪ꣄ ꢦꣂꢜ꣄,Fall sick
ꢏꢔꢡ꣄ꢬꢵ,fast
ꢮꢜꣁ ꢓꢳ꣄ꢳꢾ,participate
ꢩꢹꢒ꣄ ꢂꢠ꣄ꢗꢶꢭꢿ,eat
ꢙꢦ꣄ꢡꣁ ꢒꢿꢬ꣄,list
ꢃꢒ꣄ꢬꢪꢠꣁ ꢒꢿꢬ꣄,invade
ꢒꢬ꣄ꢡꢮ꣄ ꢗꢭ꣄ꢡꣁ ꢒꢿꢬ꣄,Perform duty
ꢦꢣꢮꢶꢡꣁꢒꢥ꣄ ꢲꢸꢡ꣄ꢬꢵꢜ꣄,dismiss
ꢦꢣꢮꢶꢱꣁꢞꢶ ꢲꢸꢡ꣄ꢡꢶꢬ꣄,resign
ꢩꢬ꣄ꢡꢶ ꢒꢿꢬ꣄,reply
ꢙꢾꢮꢵꢨ꣄ ꢣꢿ,reply
ꢩꢬ꣄ꢡꢶ ꢒꢿꢬ꣄,substitute
ꢗꣁꢞ꣄ꢞꢒꢥꢶ ꢱꢪ꣄ꢗꢫꣁ ꢒꢿꢬ꣄,hoard
ꢦꣁꢠꢾ ꢩꢥ꣄ꢣꢶ,bet
ꢦꢶꢬ꣄ꢙꢥꢪ ꣄ꢦꣂꢜ꣄,be of use
ꢦꢾꢫꢶꢬ꣄ ꢔꢵꢭ꣄,cultivate
ꢤꢪꢵꢤꢵꢪ꣄ ꢦꣁꢥ꣄ꢣꢶ,hurry
ꢦꢬꢶ ꢲꢵꢬ꣄ ꢮꢾꢒ꣄ꢒꢶ,redeem
ꢙꢿꢪ꣄ ꢣꢿ,give award
ꢦꢵꢬꢶꢡꣂꢱ꣄ ꢣꢿ,give award
ꢩꣁꢔꢸꢪꢵꢥ꣄ ꢣꢾ,give award
ꢦꢬꢶꢯꢷꢭꢥꣁ ꢒꢿꢬ꣄,scrutinize
ꢦꢬꢶꢡꢵꢦ꣄ ꢦꣂꢜ꣄,show sympathy
ꢨꣁꢭꢶ ꢣꢿ,Kill as a sacrifice
ꢓꢠ꣄ꢞꢠꣁ ꢒꢿꢬ꣄,censure
ꢨꣁꢭꢶ ꢓꢵꢜ꣄,take revenge
ꢦ꣄ꢬꢡꢶ ꢲꢶꢪ꣄ꢱꣁ ꢒꢿꢬ꣄,take revenge
ꢒꣁꢳꢵꢬ꣄ ꢒꢿꢬ꣄,impair
ꢒꢪ꣄ꢞꢥ꣄ ꢣꢿ,Give away/ go without
ꢆꢒ꣄ꢒꢶꢭꢶ ꢙꢵ,snatch
ꢮꢔꣁ ꢒꢿꢬ꣄,classify
ꢨꢵꢮꢭꣁ ꢒꢿꢬ꣄,"feign, pretend"
ꢒꢮꢶꢡꣁ ꢒꢿꢬ꣄,compose
ꢔꢷꢡ꣄ ꢭꢶꢓꢶ,compose
ꢱ꣄ꢮꢬꢵꢥ꣄ ꢡꢵꢫ꣄,compose
ꢦꢵꢝꣁ ꢱꢶꢒ꣄ꢒꢵꢜ꣄,teach lesson
ꢦ꣄ꢬꢗꢵꢬ꣄ ꢒꢿꢬ꣄,propagate
ꢂꢥꢸꢨꢥ꣄ꢤꢸ ꢗꢾꢬ꣄ꢗꢶ,annex
ꢨꢷꢞꢠꣁ ꢲꣂ,be affected
ꢤꢵꢒ꣄ ꢭꢔꢞ꣄ꢳꢿ,Be desperate
ꢒꢷꢬ꣄ꢡꢶ ꢦꣁꢥ꣄ꢣꢶ,become famous
ꢪꣁꢥ꣄ꢥꢸ ꢣꢸꢮ꣄ꢥꣁ ꢒꢿꢬ꣄,wound
ꢦꢱ꣄ꢒꢜꢸꢪ꣄ ꢮꢡ꣄ꢡ ꢒꢿꢬ꣄,backbite
ꢥꢴꢥ ꣄ꢲꢱꣁ ꢒꢿꢬ꣄,smile
ꢕꢾꢥꢪ꣄ꢒꢥꢶ ꢲꢜ꣄ꢮꢶꢭꢿ,be proud of
ꢪꢴꣁꢜ ꢲꢸꢨ꣄ꢨꢱ꣄ ꢣꢿ,sigh
ꢪꣂꢭ꣄ꢲꢥꢶ ꢮꢡ꣄ꢡꣁ ꢒꢿꢬ꣄,bargain
ꢦꢶꢱꣁ ꢤꢾꢬꢵꢜ꣄,madden
ꢗꣁꢞ꣄ꢞ ꢮꢡ꣄ꢡꣁ ꢒꢿꢬ꣄,bluff
ꢏꢬꢤꢵꢥ꣄ꢒꢥꢶ ꢭꢔꢳ꣄ꢳꢿ,consider
ꢨꣂꢣꣂ ꢲꢶꢖ꣄ꢔꢵꢜ꣄,intoxicate
ꢔꢸꢞ꣄ꢒ ꢡꣀꢭꢶ ꢨꢷꢱ꣄,kneel
ꢔꢸꢠ꣄ꢠꢸ ꢥꢶꢬ꣄ꢤꢵꢬꢠꣁ ꢒꢿꢬ꣄,"assess, evaluate"
ꢩꢬ꣄ꢡꢶꢒꢿꢬ꣄,respond
ꢙꢾꢮꢵꢦ꣄ ꢒꢿꢬ꣄,respond
ꢲꢵꢬ꣄ ꢕꢵꢭ꣄,put garland
ꢪꢸꢞꢶꢮ꣄ ꢲꣂ,be over
ꢤꢥ꣄ꢢꣁꢮ꣄,invest
ꢣꣁꢮ꣄ꢬꣁ ꢦꣂꢜ꣄,become old
ꢱꣁꢪ꣄ꢪꢬ꣄ ꢮꢵꢜ꣄ ꢣꢾꢒ꣄ꢒꢵꢜ꣄,lead
ꢪꢶꢛ꣄ꢗꢸꢬ꣄ ꢲꢶꢖ꣄ꢔꢵꢜ꣄,to perform first time on the stage
ꢪꢶꢜ꣄ꢜꢬ꣄ ꢲꢶꢖ꣄ꢔꢵꢜ꣄,to perform first time on the stage
ꢮꢵꢜ꣄ ꢣꢾꢒ꣄ꢒꢵꢜ꣄,guide
ꢱꣁꢪ꣄ꢪꢬ꣄ ꢙꢵ,lead
ꢦꢸꢙꢾ ꢒꢿꢬ꣄,worship
ꢮꢵꢜ꣄ ꢱꣂꢜ꣄,give way
ꢧꢭ꣄ꢭꣁ ꢃꢣꢸꢬ꣄ꢮꣁ ꢣꢿ,second
ꢂꢥꢸꢱꢬꢶ ꢱꢖ꣄ꢔꢶ,second
ꢃ ꢒꢿꢬ꣄,gape
ꢡꣂꢠ꣄ ꢦꢾꢱꢵꢮ꣄ꢒꢥꢶ ꢲꢹꢜ꣄,gape
ꢲꢵꢜ꣄ ꢱꣂꢜ꣄,forsake
ꢙꢾꢮꢵꢦ꣄ ꢣꢾ,give answer
ꢮꢶꢱꢵꢭꣁ ꢒꢿꢬ꣄,expand
ꢙꢾꢪꢥ꣄ ꢩꢵꢭ꣄,Arrange feast
ꢮꢾꢔ꣄ ꢒꢾꢬ꣄,quicken
ꢂꢭꢔ꣄ꢔ ꢢꣂꢮ꣄,exempt
ꢙꢵꢔ꣄ꢬꢡꣁꢦꣁꢞꢜ꣄,awaken
ꢦ꣄ꢬꢱꢸꢬ꣄ ꢲꣂ,be published
ꢦ꣄ꢬꢱꢸꢬ꣄ ꢒꢿꢬ꣄,"disclose, publish"
ꢩꢬꢵꢜ꣄ ꢣꣁꢨ꣄ꢨꢶ,expel
ꢲꢹꢡ꣄ꢡꢶꢬ꣄ ꢩꢬꢵꢜ꣄,go out
ꢙꢷꢔ꣄ ꢦꣁꢥ꣄ꢣꢶ,overcome
ꢃꢮꢿꢯ꣄ ꢦꣁꢞꢵꢜ꣄,madden
ꢣ꣄ꢮꢾꢯ꣄ꢕꢵꢭ꣄,displease
ꢮꢿꢜꢵ ꢓꢵꢳ꣄,hunt
ꢩꢾꢡ꣄ ꢲꣂ,differ
ꢩꢾꢡ꣄ ꢲꣁꢮꢵꢜ꣄,separate
ꢒꢹꢬ꣄ꢪꣁ,tortoise
ꢒꢱ꣄ꢦꣁ,tortoise
ꢡꢪ꣄ꢨꢭ꣄ꢗꢶꢦ꣄ꢦꣁ,tortoise
ꢓꢾꢱꢸꢭꣁ,prawn
ꢒꢾꢜ꣄ꢜꢸ ꢱꢵꢦ꣄,viper
ꢱꢪꢸꢣ꣄ꢬꢸ ꢒꢱ꣄ꢦꣁ,turtle
ꢱꢵꢬ ꢱꢵꢦ꣄,a kind of land snake
ꢔꢶꢭ꣄ꢒꢵꢫ꣄ꢱꢵꢦ꣄,rattle snake
ꢒꣁꢪ꣄ꢨꢬꢶ ꢱꢵꢦ꣄,Akind of poisonous snake
ꢱꢷꢦ꣄,Oyster/shell fish
ꢩꢹꢒ꣄ ꢱꢾꢥ꣄ꢡꢵ ꢪꢴꢳꢶꢶ,shark
ꢦꣂꢜꢸ ꢙꢵꢭꢸ ꢪꢴꢳꢶ,shark
ꢦꢥꢶꢪ꣄ꢱꢵꢦ꣄,water snake
ꢒꢶꢞꢵ ꢱ꣄ꢢꢶꢡꢶ ꢩꢾꢬ꣄ꢒꢶꢭꢶ,Tadpole /larva
ꢨꢾꢱ꣄ꢒꢳꢶ,frog
ꢡꢶꢪꢶꢖ꣄ꢔꢭ꣄,whale
ꢡꢶꢪꢶꢮꢵꢱꢶ,whale
ꢮꢶꢒ꣄ꢒꢸ ꢣꢵꢡ꣄,poisonous fang of snake
ꢮꢶꢒ꣄ꢔꢸ,poison
ꢒꢶꢬ꣄ꢮꢶꢭ꣄,crab
ꢔꢶꢰ꣄꣄ꢭꣂ,snail
ꢥꢥ꣄ꢱꢵꢦ꣄,cobra
ꢱꣁꢒ꣄ꢒꢜ꣄ ꢱꢵꢦ꣄,cobra
ꢦꢥꢶꢪ꣄ ꢱꢸꢥꣁ,beaver
ꢦꢥꢶꢪ ꣄ꢎꢱ꣄ꢡꢸ,hippopotamus
ꢥꢶꢳ ꢱꢵꢦ꣄,green snake
ꢦꣁꢞ꣄ꢔꢾ,hood of a snake
ꢡꣁꢖ꣄ꢔꢬꢸ ꢱꢵꢦ꣄,python
ꢪꢴꢳꢶ,fish
ꢥꢒ꣄ꢬꢸ,crocodile
ꢮꢶꢒ꣄ꢒꢸ,poison
ꢦꢵꢰꢵꢠꣁ,poison
ꢔꢵꢫ꣄,cow
ꢩꢾꢠ꣄ꢞꢸ,lamb
ꢔꢵꢫ꣄ ꢔꣁꢬꢸꢥ꣄,cattle
ꢦꣁꢡꢸꢭꣁ,bull
ꢩꢾꢫ꣄ꢱ꣄,she-buffalo
ꢩꢾꢫ꣄ꢱꢸ꣄ ꢦꣁꢡꢸꢭꣁ,he-buffalo
ꢪꢸꢫꢶ. ꢭꣁꢭ꣄ꢦꢣꢾ,camel
ꢦꣁꢡꢸꢭꣁ,ram
ꢕꢾꢣꢞ꣄,donkey
ꢣꢸꢞꣁ,calf
ꢮꢵꢱꢬ꣄,calf
ꢔꣁꢖ꣄ꢔꢸ,cattle
ꢔꣁꢬꢸ,ox
ꢕꣁꢞꣁ,horse
ꢒꢷꢱ꣄,monkey
ꢦꣁꢭꢥ꣄ꢔꢸ,monkey
ꢮꢥ꣄ꢕꢪꢶ,monkey
ꢩꢾꢠ꣄ꢞꢸ,sheep
ꢪꢴꢾꢞꢶꢩꢾꢠ꣄ꢞꢸ,sheep
ꢕꢾꢣꢞꢕꣁꢞꣁ꣄,mule
ꢱꢸꢥꣁ,dog
ꢦꣀꢭ꣄ ꢱꢸꢥꣁ,bitch
ꢣꢸꢒ꣄ꢒꢬ꣄,pig
ꢪꢛ꣄ꢙꢶꢬꢶ,cat
ꢔꣁꢬꢸ,bull
ꢲꢬꢶꢥ꣄,deer
ꢪꢺꢔꣁ,animal
ꢪꢹꢔꢸ,animal
ꢯꢯꣁ,rabbit
ꢓꢸꢥ꣄ꢣꢾꢭ꣄,rabbit
ꢦꢵꢭꢥ ꢪꢹꢔꢸ,domestic animal
ꢒꣁꢗ꣄ꢗꢶ ꢱꢸꢥꣁ,hound
ꢓꢿꢜꢸꢱꢸꢥꣁ,hound
ꢗꢶꢡ꣄ꢬꢪꢸꢫꢶ,giraffe
ꢆꢒꣁ,wolf
ꢮꢺꢒꣁ꣄,wolf
ꢔꢖ꣄ꢔꢵꢬꢸ,kangaroo
ꢗꢶꢡ꣄ꢬꢮꢵꢔ꣄,leopard
ꢩꢭ꣄ꢭꢸ,bear
ꢕꢾꢣꢞ꣄ꢮꢵꢔ꣄,hyaena
ꢮꢥꢪꢛ꣄ꢙꢶꢬꢶ,wild cat
ꢮꢥꢪꢹꢔꢸ,wild animal
ꢬꢵꢠꢸ ꢩꢾꢫ꣄ꢱ꣄,bison
ꢥꢥꢡꢸꢬ꣄꣄ ꢓꣁꢭꣁ,jackal
ꢄꢱ꣄ꢪ꣄ꢪꣁ,lion
ꢱꢶꢪ꣄ꢲꢸ,lion
ꢡꢬꢒ꣄ꢰꢹ,leopard
ꢓꣁꢭꣁ,fox
ꢮꢵꢔ꣄,tiger
ꢪꢾꢥꢶꢒꢸ ꢒꢷꢱ꣄,gorilla
ꢓꢞꢵ ꢣꢸꢒ꣄ꢒꢬ꣄,porcupine
ꢲꣀꢱ꣄ꢡꢸ,elephant
ꢎꢱ꣄ꢡꢸ,elephant
ꢔꢶꢡꢵ ꢕꣁꢞꣁ,zebra
ꢪꢵꢪ꣄ꢱꢸ,flesh of cattle
ꢓꣁꢮ꣄ꢱ꣄,flesh of cattle
ꢨꣁꢱꢸꢭꣁ,flesh of cattle
ꢯꢾꢬꢶꢬ꣄,body
ꢒꢪ꣄ꢨ꣄ꢭꣁ,wool
ꢤꢸꢮꢥ꣄,rice water given to cattle
ꢤꢸꢮꢥꢸ ꢦꢥꢶ,rice water given to cattle
ꢓꢸꢬꢶ,hoof
ꢓꣁꢬ꣄,hoof
ꢱꢶꢖ꣄ꢔꢸ,horn
ꢯꢾꢠ꣄,cowdung
ꢱꣁꢠ꣄ꢜꢶ,Trunk of an elephant
ꢮꢶꢒ꣄ꢒꢸ ꢣꢵꢣ꣄,Fang of snake
ꢮꢶꢒ꣄ꢒꢸꢣꢵꢡ꣄,fang
ꢱꢾꢬ꣄ꢒꢶ,cotton seed as cattle feed
ꢪꢵꢥ꣄ꢣꢸꢓꢿꢱ꣄,mane
ꢦꢾꢠ꣄,oil cake
ꢇꢤꣁ,udder of cattle
ꢦꣁꢡꢸꢮ꣄,udder of cattle
ꢓꢿꢱ꣄,hair
ꢬꣂꢪ꣄,hair
ꢭꣁꢞ꣄ꢞꢶ,animal refuse
ꢭꢵꢫꢪ꣄,stable
ꢦꢹꢱ꣄,tail
ꢦꢸꢱꢶꢞꢶ,tail
ꢔꣁꢮꢡ꣄,hay given as fodder to animals
ꢬꢵꢠꢸ ꢒꣃꢭꣁ,raven
ꢗꢛ꣄ꢗꢸ,beak
ꢪꢸꢱ꣄ꢒꢶꢳꢶ,beak
ꢂꢪ꣄ꢱꣁ,swan
ꢕꢸꢔꢸ,owl
ꢆꢭꢸ,owl
ꢦꢶꢖ꣄ꢔꢸ,feather
ꢦꢷꢦ꣄,feather
ꢦꢒ꣄ꢰꢶ ꢔꢹ,bird’sdropping
ꢬꢙꢒꣃꢭꣁ,king crow
ꢔꣃꢬꢶ,partidge
ꢣꢶꢰ꣄ꢳꣁ,eagle
ꢒꣃꢭꣁ,crow
ꢬꢪꣁ,parrot
ꢒꣁꢒꢶꢭ꣄,cuckoo
ꢗꢶꢞꢶ,sparrow
ꢤꢔꣁ,owl
ꢦꢛ꣄ꢙꢶꢬꢶ꣄,nest
ꢥꢷꢞꣁ,nest
ꢮꢔꣁ,crane
ꢄꢭꢶ,crest of cock
ꢘꢸꢭꢶ,crest of cock
ꢒꢸꢒꢸꢞꢶ,hen
ꢒꢸꢞꢶ,hen
ꢒꢸꢒꢸꢞꢶꢦꢶꢭ꣄ꢭꣁ,chicken
ꢦꢶꢖ꣄ꢒꢸꢞꣁ,wing
ꢒꢸꢒꢸꢞꣁ,cock
ꢒꢸꢞꣁ,cock
ꢃꢞꢶ,duck
ꢨꢣꢸꢭꣁ,duck
ꢮꢶꢱ꣄ꢡꢮ꣄ ꢒꢸꢞꢶ,ostrich
ꢦꢶꢛ꣄ꢘꢾ,Plume of peacock
ꢪꢸꢡꢭꣁ,Plume of peacock
ꢦꢖ꣄ꢓꢸ,Plume of peacock
ꢒꢸꢒ꣄ꢒꢸꢬꣁ,crane
ꢕꢵꢬꢸ,kite
ꢦꢒ꣄ꢰꢶ,bird
ꢒꣃꢣꢸ,pigeon
ꢒꣁꢒ꣄ꢒꢸꢬ꣄ꢒꣀꢭꣁ,pigeon
ꢨꣀꢭ꣄ ꢒꢸꢞꢶ,hen
ꢪꢴꣂꢬꢶ,pea-hen
ꢪꢴꣂꢬ꣄,pea-cock
ꢪꢴꣂꢬꢸ ꢦꢷꢒ꣄,peacock-feather
ꢙꢵꢞꢸ꣄ ꢜꢖ꣄ꢒꢸ ꢦꢒ꣄ꢰꢶ,wood-pecker
ꢪꢴꢳꢶ ꢜ꣄ꢖꢒꢸꢥꢵꢬ꣄,king fisher
ꢂꢠ꣄ꢞꣁ,egg
ꢱꢬꢶꢒꣁ,myna
ꢡꢬꢱ꣄ꢮꢶꢥ꣄,falcon
ꢡꢬ꣄ꢦꢒ꣄ꢰꢶ,turkey hen
ꢩꢵꢬꢙꢶ,skylark
ꢏꢔꢸꢭ꣄,bat
ꢲꢣ꣄ꢣꢸ,half
ꢂꢬ꣄ꢒ꣄ꢫꢵꢭ꣄,one eight
ꢂꢖ꣄ꢒꢾ,"digit, number"
ꢱꣂꢮꢸ,quarter
ꢒꢳꣁ,1/16 of a measure
ꢮꢷꢱꢪꢞ꣄ꢜꣁ,1/16 of a measure
ꢡꢶꢮ,three-fourth
ꢱꢶꢭꢶ,1/32 of a measure
ꢱꢣ꣄ꢣꢸꢮꢶꢱꢪ꣄,1/32 of a measure
ꢱꢸꢥ꣄ꢫ,zero
ꢱꢸꢥ꣄ꢥꢸ,zero
ꢫꣂꢔ꣄,one
ꢣꢷ,two
ꢣꢷꢥꢸ,three
ꢗꢵꢬꢸ,four
ꢦꢵꢛ꣄ꢗ꣄,five
ꢱꣂ,six
ꢱꢵꢢ꣄,seven
ꢃꢝ꣄,eight
ꢥꣁꢮ꣄,nine
ꢣꢾꢱ꣄,ten
ꢮꢶꢒ꣄ꢫꢵꢬ꣄,eleven
ꢨꢵꢬ꣄,twelve
ꢡꢿꢬ꣄,thirteen
ꢗꣁꢮꢣ꣄,fourteen
ꢧꢥ꣄ꢣꢬ꣄,fifteen
ꢱꣁꢮꢳ꣄,sixteen
ꢱꢡ꣄ꢡꢬ꣄,seventeen
ꢂꢝꢵꢬ꣄,eighteen
ꢏꢒ꣄ꢥꢷꢱ꣄,nineteen
ꢮꢷꢱ꣄,twenty
ꢡꢷꢱ꣄,thirty
ꢣꢷꢒꢳꢡꢷꢱ꣄,thirty two
ꢗꢳꢶꢱ꣄,forty
ꢢꢷꢥ꣄ꢒꢳ ꢗꢳꢶꢱ꣄,forty three
ꢦꣁꢥ꣄ꢥꢵꢱ꣄,fifty
ꢗꢵꢬ꣄ꢒꢳ ꢦꣁꢥ꣄ꢥꢵꢱ꣄,fifty four
ꢱꢵꢜ꣄,sixty
ꢦꢵꢛ꣄ꢗꢳ ꢱꢵꢜ꣄,sixty five
ꢱꢷꢬ꣄,seventy
ꢱꣂꢒꢳ ꢱꢷꢬ꣄,seventy six
ꢂꢱꢶ,eighty
ꢱꢵꢡ꣄ꢒꢳ ꢂꢱꢶ,eighty seven
ꢥꢮꢡ꣄,ninety
ꢃꢜ꣄ꢒꢳ ꢥꢮꢡ꣄,ninety eight
ꢥꣁꢮ꣄ꢮꢳ ꢥꢮꢡ꣄,ninety nine
ꢱꣂꢮꢸ,hundred
ꢫꣂꢒꢭ ꢱꣂꢮꢸ,hundred and one
ꢣꢷꢒꢳ ꢱꣂꢮꢸ,hundred and two
ꢣꢷꢱꣂꢮꢸ,two hundred
ꢢꢷꢥ꣄ꢱꣂꢮꢸ,three hundred
ꢗꢵꢬ꣄ꢱꣂꢮꢸ,four hundred
ꢦꢵꢛ꣄ꢗ꣄ ꢱꣂꢮꢸ,five hundred
ꢱꣂ ꢱꣂꢮꢸ,six hundred
ꢱꢵꢡ꣄ ꢱꣂꢮꢸ,seven hundred
ꢃꢝ꣄ꢱꣂꢮꢸ,eight hundred
ꢥꣁꢮ꣄ ꢱꣂꢮꢸ,nine hundred
ꢥꣁꢭ꣄ꢒꢳ ꢥꣁꢮ꣄ꢱꣂꢮꢸ,nine hundred and nine
ꢱꢱꢬꢸ,thousand
ꢣꢷꢒꢳ ꢱꢱꢬꢸ,thousand and two
ꢮꢷꢱ꣄ꢒꢳ ꢱꢱꢬꢸ,thousand and twenty
ꢣꢷꢱꢵꢬ꣄,two thousand
ꢢꢶꢥ꣄ꢱꢵꢬ꣄,three thousand
ꢗꢵꢬ꣄ ꢱꢵꢬ꣄,four thousand
ꢦꢵꢛ꣄ꢗ꣄ ꢱꢱꢬ꣄,five thousand
ꢱꣂ ꢱꢵꢱꢬ꣄,six thousand
ꢱꢵꢡ꣄ ꢱꢱꢬ꣄,seven thousand
ꢃꢜ꣄ ꢱꢱꢬ꣄,eight thousand
ꢥꣁꢮ꣄ ꢱꢱꢬ꣄,nine thousand
ꢣꢾꢱ꣄ ꢱꢱꢬ꣄,ten thousand
ꢭꢾꢒ꣄ꢒꢸ,one lakh
ꢱꣁꢮꢸ ꢱꢱꢬꢸ,one lakh
ꢒꣂꢜꢶ,crore
ꢏꢠ꣄ꢜꢾ,adjective form of one comes before consonant beginning nouns
ꢏꢠ꣄ꢜꢾ,adjective form of one comes before vowel beginning nouns
ꢧꣀꢭꣁ,first
ꢧꣀꢭꢵꢪ꣄,first
ꢣꢶꢮ꣄ꢮꣁ,second
ꢣꢶꢮꢫꣁ,second
ꢢꢶꢥ꣄ꢱꢵ,third
ꢣꢶꢥ꣄ꢮꢫꣁ,third
ꢗꢬ꣄ꢭꣁ,fourth
ꢗꢬ꣄ꢮꢫꣁ,fourth
ꢦꢮ꣄ꢛ꣄ꢗꣁ,fifth
ꢦꢮ꣄ꢛ꣄ꢗꣁꢫꣁ,fifth
ꢱꣁꢮ꣄ꢮꣁ,sixth
ꢱꣁꢮ꣄ꢮꢫꣁ,sixth
ꢱꢡ꣄ꢭꣁ,seventh
ꢱꢡ꣄ꢮꢫꣁ,seventh
ꢂꢜ꣄ꢮ,eighth
ꢂꢜ꣄ꢮꢫꣁ,eighth
ꢥꣁꢮ꣄ꢮ,nineth
ꢥꣁꢮ꣄ꢮꢫꣁ,nineth
ꢣꢾꢱ꣄,tenth
ꢣꢾꢱ꣄ꢮꢫꣁ,tenth
ꢤꢬ꣄ꢪ ꢦꢸꢱ꣄ꢡꢮ꣄,moral literature
ꢤꢬ꣄ꢪꣁ,moral
ꢱꢸꢮꢡ꣄ꢡꢵꢥ꣄,moral sayings
ꢥꢷꢡꢶ ꢆꢒ꣄ꢡꢶꢥ꣄,moral sayings
ꢗꣁꢒ꣄ ꢮꢵꢗꢸꢥ꣄,moral sayings
ꢤꢾꢬꢸꢪꢸ ꢮꢡ꣄ꢡꢵꢥ꣄,moral sayings
ꢲꢶꢡ ꢮꢵꢗꢸꢥ꣄,moral sayings
ꢄꢡꢶꢲꢵꢱ꣄,epic
ꢱꢛ꣄ꢗꢭꢥꣁ,movement
ꢱꢵꢲꢶꢡ꣄ꢫꢱꢵꢱ꣄ꢡꢬ꣄,literary theory
ꢂꢭꢖ꣄ꢒꢵꢬꢸ ꢱꢵꢱ꣄ꢡꢬ꣄,literary theory
ꢱꢵꢲꢶꢡ꣄ꢫꢸ,literature
ꢦ꣄ꢬꢾꢪꣁ,love
ꢱꢾꢬ ꢤꢪꢶꢥꢶ,elopement
ꢱꢲ ꢦꢭꢵꢫꢥꣁ,elopement
ꢱꢲ ꢔꢪꢥꣁ,elopement
ꢮ꣄ꢫꢵꢓ꣄ꢫꢵꢥ꣄,commentary
ꢮꢗꢥ ꢱꣀꢭꢶ,prose style
ꢔꢣ꣄ꢫꣁ,prose style
ꢡꢵꢞꢶꢦꢵꢥꢸꢥ꣄,palm leaf manuscript
ꢮꢶꢫꢵꢱ꣄,essay
ꢣꢾꢮꢸ ꢱ꣄ꢡꢶꢡꢶ,invocation
ꢱꢶꢣ꣄ꢣꢵꢥ꣄ꢤꢸ ꢱꢣꢱ꣄,seminar
ꢒꢮꢶꢡꣁ,poem
ꢗꢖ꣄ꢔꢪ꣄,academy
ꢪꢠ꣄ꢞꢭ꣄,academy
ꢦ꣄ꢬꢾꢮꢸ ꢙꢶꢮ꣄ꢥꢪ꣄,love life
ꢤꢾꢬꢸꢪꢸ ꢙꢶꢮ꣄ꢥꢪ꣄,chaste life
ꢂꢤ꣄ꢫꢵꢫꢸ,section
ꢱꢬ꣄ꢔꢸ,section
ꢪꢲꢵꢒꢵꢮ꣄ꢫꢸ,epic
ꢦꢶꢬꢵꢪꣁ,love
ꢄꢗ꣄ꢗꣁ,love
ꢃꢱ꣄ꢡꣁ,love
ꢦꢬꢷꢡꢶ,love
ꢒꢵꢪꣁ,love
ꢦꣁꢮꢱꢸ ꢒꢵꢭ꣄,rainy season
ꢍꢱꢸ ꢮꢵꢜ꣄,Christianity
ꢥꢵꢫꢒꢶ,heroine
ꢥꢵꢫꢒꣁ,"leader, hero"
ꢱꢶꢱꢸꢱꢵꢄꢡ꣄ꢫꢸ,children literature
ꢦꣁꢱ꣄ꢪꢾ,foretelling
ꢲꢾꢱ꣄ꢫꢪ꣄,foretelling
ꢥꢵꢗꢸꢮꢵꢥ꣄,dancers
ꢱꢶꢳ꣄ꢳꢵ ꢒꢵꢭ꣄,winter season
ꢲꢶꢪꢳꣁ,winter season
ꢲꢶꢪꢸꢱꢸ ꢒꢵꢭ꣄,winter season
ꢣꢵꢥ꣄,philantrophy
ꢱꢪꢱ꣄ꢢꢵꢥ꣄,academy
ꢱꢪ꣄ꢒ꣄ꢯꢾꢦ꣄,summary
ꢡꢵꢣꢶ,palm leaf manuscript
ꢡꢵꢜꢶ - ꢦꢵꢥꢸ ꢭꢶꢓꢾꢫꣁ,palm leaf manuscript
ꢦꢣ꣄ꢫꣁ,poetry
ꢒꢮꢶꢡꢵ ꢬꢷꢡꢶ,poetry style
ꢯꣀꢮꣁ,saivism
ꢯꢶꢮ ꢪꢵꢬ꣄ꢔꢸ,saivism
ꢮꢡ꣄ꢡꢵ ꢂꢬ꣄ꢢꢸ,word meaning
ꢦ꣄ꢬꢱꢖ꣄ꢔꢸ,speech
ꢩꢵꢰꢠꣁ,speech
ꢥꢵꢫꢒꢥ꣄,hero
ꢗꢭꢥ꣄ꢒꢵꢭ꣄,modern period
ꢗꢭ꣄ꢡꢒꢵꢭ꣄,modern period
ꢱ꣄ꢮ ꢗꢬꢶꢡ꣄ꢬꢸ,autobiography
ꢂꢭꢔ꣄ ꢔꢷꢡꢸꢥ꣄,collection of various poems
ꢕꢾꢬꢸ ꢤꢾꢬꢸꢪ꣄,conduct
ꢣꣂꢰ ꢔꢸꢠ ꢮꢶꢪꢬ꣄ꢱꢠꣁ,criticism
ꢱꢥ꣄ꢫꢵꢱꢸ ꢂꢗꢵꢬ꣄,ascetic life
ꢣꢾꢒ꣄ꢯꢸꢠꢸ ꢮꢬꣁ,wind from south
ꢪꢥ꣄ꢣ ꢪꢵꢬꢸꢣꣁ,wind from south
ꢱꢖ꣄ꢒꢭꢥꢒꢬ꣄ꢡꣁ,compiler/editor
ꢮ꣄ꢫꢵꢱ꣄,compiler/editor
ꢙꢾꢡꣁ ꢗꢾꢬ꣄ꢗꢸꢥꢵꢬ꣄,compiler/editor
ꢱꢪ꣄ꢦꢵꢢꢒꣁ,compiler/editor
ꢮꢬ꣄ꢠꢶ,collection
ꢥꢵꢫꢥ꣄ꢪꢵꢬ꣄,saiva saints
ꢥꢶꢔꢠ꣄ꢜꢸ,dictionary
ꢤꢾꢬ꣄ꢪꢸ ꢓꢾꢥꢶ,moral story
ꢥꢷꢡꢶ ꢱꢵꢲꢶꢡ꣄ꢫꢸ,moral literature
ꢗꢡꢵꢨ꣄ꢣꢶꢶ,century
ꢩꢒ꣄ꢡꢶ ꢪꢵꢬ꣄ꢔꢸ,devotional path
ꢩꢵꢔꢸ,classification
ꢮꢡ꣄ꢡꢵꢥꢸ꣄ ꢂꢬ꣄ꢢꢸ,meaning of words
ꢒꢮꢶꢡꣁ,poetry
ꢦꢬꢪꢵꢡ꣄ꢪꣁ,God
ꢒꢮꢶꢡꣁ,poetry/song
ꢔꢷꢜ꣄,poetry/song
ꢩꢮ꣄ꢡꢸꢭ꣄,singer
ꢧꣀꢭꢮꢵꢗꢸ,preface
ꢦ꣄ꢬꢾꢮꢾꢱꢸ ꢮꢵꢗꢸ,preface
ꢦꢷꢝꢶꢒꣁ,preface
ꢮꢳꢸ ꢬꢵꢠ꣄,desert and its surrounding
ꢂꢭꢔ꣄ꢔꣁ,separation
ꢮꢾꢔꢸꢳꣁ,separation
ꢙꢥꢥꣁ,birth
ꢙꢾꢥ꣄ꢪꢸ ꢧꣁꢳ꣄,meaning of birth
ꢥꣁꢮꣁ ꢒꢮꢶꢡꣁ,modern poetry
ꢥꢮꢷꢥ ꢒꢮꢶꢡꣁ,modern poetry
ꢥꢹꢡꢥ ꢒꢮꢶꢡꣁ,modern poetry
ꢕꢥꢮꢵꢥ꣄,patron
ꢦꣁꢰꢒꣁ,patron
ꢦꢸꢬꢵꢠꢸ,mythology
ꢱꢹꢬꢶ,poet
ꢥꢾꢪ ꢱꣁꢞꢶꢥꢶ,incongruence
ꢒꣃꢒꢶꢒ꣄,worldly life
ꢂꢪ꣄ꢪꢵꢥ꣄,woman
ꢱꢥ꣄ꢣꣁꢰ꣄,theme
ꢘꢥ꣄ꢣꢱ꣄,"prosody, meaning, etc."
ꢂꢬ꣄ꢢꢸ,"prosody, meaning, etc."
ꢩꢵꢮꢬ꣄ꢢꢸ,paraphrase
ꢪꢴꣁꢞꢪ꣄,mutt
ꢦꢵꢬꢪ꣄ꢦꢬ꣄ꢫꣁ,tradition
ꢦꢷꢔꢸ ꢤꢬꢷꢬ꣄,paddy field and its surrounding
ꢱꢪ꣄ꢱ꣄ꢡꢵꢥ꣄,association
ꢡꢸꢞ꣄ꢫꢵꢥꢸ ꢪꢵꢬ꣄ꢔꢸ,Islam
ꢂꢮꢡꢵꢬꢶꢒꣁ,preface
ꢡꢷꢥ꣄ꢡꢪꢶꢳꢸ ꢱꢵꢲꢶꢡ꣄ꢫꣁ,"Tamil prose, Tamil music, and Tamil drama"
ꢪꢹꢭ ꢦꢸꢱ꣄ꢡꢮ꣄,original book
ꢂꢜꢸ ꢦꢸꢱ꣄ꢡꢮ꣄,original book
ꢮꢥꢵꢥ꣄ꢡꢬꢸ ꢤꢬꢷꢬ꣄,forest and its surrounding
ꢪꢸꢥꢶ,saint
ꢔꢥꢤꢥꢮꢵꢥ꣄,philanthropist
ꢆꢡ꣄ꢡꢬꢸ ꢮꢬꣁ,wind from north
ꢲꢶꢪꢮꢬꣁ,wind from north
ꢧꢾꢮ꣄ꢭꢥꢦꢥ꣄,hospitality
ꢮꣀꢒꢸꢠ꣄ꢜꢸ,heaven
ꢦꢬꢪ꣄ꢤꢵꢪ꣄,heaven
ꢮꣀꢰ꣄ꢠꢮ ꢪꢵꢬ꣄ꢔꢸ,Vaisnava cult
ꢂꢯꢬꢷꢬꢶ,celestial voice/ oracle
ꢣꢵꢱꢸꢥ꣄,disciples
ꢂꢩꢶꢰꢿꢒ꣄,"bathing the holy idol with milk, honey, fruit, etc."
ꢂꢬ꣄ꢗꢥꣁ,Worship with chanting
ꢒꢺꢦꣁ,grace
ꢂꢮ꣄ꢡꢵꢬ꣄,incarnation
ꢃꢱꢶꢰ꣄,blessing
ꢃꢱꢷꢬ꣄ꢮꢵꢡ꣄,blessing
ꢃꢱ꣄ꢬꢪꣁ,"hermitage, monastery"
ꢣꢿꢮ꣄,God
ꢩꢔꢮꢵꢥ꣄,God
ꢃꢬꢵꢤꢥꣁ,worship
ꢣꢮ꣄ꢬꣁ,temple
ꢪꢥ꣄ꢣꢶꢬ꣄,temple
ꢃꢡ꣄ꢪꣁ,soul
ꢩꢒ꣄ꢡꢶ ꢪꢵꢬ꣄ꢔꢸ,sprituality
ꢃꢱ꣄ꢡꢶꢒ꣄,theism
ꢡꢸꢞꢶꢫꢵꢥꢸ ꢪꢵꢬ꣄ꢔꢸ,Islam
ꢲꢶꢥ꣄ꢣꢸ,Hindu
ꢣꢿꢮꢸ ꢩꢒ꣄ꢡꢶ,devotion
ꢣꢾꢮ꣄,God
ꢅꢯꣁ,God Shiva
ꢅꢯ꣄ꢦꢸꢬꢸ,God Shiva
ꢲꢸꢠ꣄ꢞꢶ,hundi
ꢱꣂꢩꢵ ꢫꢵꢡ꣄ꢬꣁ,procession of the deity
ꢬꢒ꣄ꢰꢸꢥꢵꢬ꣄,saviour
ꢔꢬ꣄ꢩ ꢔ꣄ꢒꢺꢲꢪ꣄,sanctum sanctorum
ꢱꢪꢵꢤꢶ,graveyard
ꢒꢬ꣄ꢦꢸꢬ꣄,camphor
ꢂꢡ꣄ꢡꢶꢪ꣄ꢨꢸꢬ꣄,camphor
ꢒꢾꢥ꣄ꢫꢵꢱ꣄ꢡꢶꢬꢷ,nun
ꢒꢵꢠꢶꢒ꣄ꢒꢿ,cash/ material offerings to God
ꢒꢵꢮꢶꢮꢱ꣄ꢡꢬ꣄,saffron dress
ꢒꢶꢬꢸꢱ꣄ꢡꢸ ꢪꢵꢬ꣄ꢔꢸ,Christianity
ꢒꢷꢬ꣄ꢡ꣄ꢡꢥꢵꢥ꣄,hymns
ꢒꢸꢭꢣꢿꢮ꣄,family God
ꢣꢸꢮꣁ,a kind of pedestsl lamp
ꢔꢸꢬꢸ,religious teacher
ꢤ꣄ꢮꢙ ꢱ꣄ꢢꢪ꣄ꢨꢸ,flagpost
ꢣꢵꢥ꣄,donation
ꢤꢮ꣄ꢬꣁ,temple
ꢯꢒ꣄ꢡꢶ,Goddess
ꢱꢶꢬ꣄ꢒꢥ꣄,sandal paste
ꢯ꣄꣄ꢬꢶꢔꢥ꣄ꢤꢸ,sandal paste
ꢱꢥ꣄ꢫꢵꢱ꣄,asceticism
ꢱꢥ꣄ꢫꢵꢱꢶ,ascetic
ꢱꢥ꣄ꢫꢵꢱꢶꢥꢶ,ascetic
ꢱꢪꢠ ꢪꢵꢬ꣄ꢔꢸ,Jainism
ꢮꢵꢜ꣄,religion
ꢤꢾꢬꢸꢪ꣄,religion
ꢤꢬ꣄ꢪꢸ,religion
ꢱꢵꢣꢸ,saint
ꢱꢵꢨꢥꣁ,curse
ꢂꢩꢶꢱꢵꢦ꣄,curse
ꢱꢶꢡ꣄ꢡꢬ꣄,saiva saint
ꢱꢶꢭꢸꢮꣁ,cross
ꢱꢶꢭꣁ,statue
ꢱꢶꢭ꣄ꢨꣁ,statue
ꢯꢶꢶꢮꣁ,Lord Shiva
ꢅꢯ꣄ꢦꢸꢬꢸ,Lord Shiva
ꢥꢴꢥ꣄ ꢣꢿꢮ꣄,local deity
ꢔꢵꢪꢸ ꢣꢿꢮ꣄,local deity
ꢱꢶꢰ꣄ꢫꢵꢥ꣄,followers
ꢪꣁꢱ꣄ꢫꢵꢥ꣄,crematorium
ꢬꢸꢣ꣄ꢬꢦꢹꢪꢶ,crematorium
ꢱꢸꢮꢡ꣄ꢡꢵꢥ꣄,gospels
ꢱꢸꢱꢥ꣄ꢣꢾꢱꢸꢥ꣄,gospels
ꢱꣀꢮꢪ꣄,Saivism
ꢱ꣄ꢮꢬ꣄ꢔꢸ,heaven
ꢛꢵꢥ ꢱ꣄ꢥꢵꢥ꣄,baptism
ꢡꢦꢱ꣄,penance
ꢦꣁꢳ꣄ꢳꢶ ꢮꢵꢱꢭ꣄,darga
ꢤꢬ꣄ꢪꢒꢬ꣄ꢡꣁ,trustee
ꢥ꣄ꢫꢵꢱꢶ,trustee
ꢤ꣄ꢫꢵꢥ꣄,meditation
ꢱꢸꢦ꣄ꢬꢩꢵꢡꢸꢪ꣄ ꢣꢾꢮꢸꢒ꣄ ꢲꢸꢞꢞ꣄ꢥꢶ,ceremony to awaken God
ꢯ꣄꣄ꢬꢷ ꢦꢵꢣꢪ꣄,sacred feet
ꢱꢪꢵꢬꢵꢤꢥꣁ,Holy feast
ꢣꢱꢭ꣄,Holy feast
ꢤꢮ꣄ꢬꢵ ꢆꢡ꣄ꢱꢮꢸ,temple festival
ꢣꢷꢦꢵꢬꢵꢡꢥꣁ,worship with lamp
ꢣꢷꢬ꣄ꢔꢣꢬ꣄ꢱꢶ,prophet
ꢡꢷꢬ꣄ꢢꢸ,holy water
ꢦ꣄ꢬꢱꢵꢣ꣄,Food offering
ꢅꢯꣁ,"God, man, bondage"
ꢙꢷꢮ꣄,"God, man, bondage"
ꢨꢥ꣄ꢤꢪ꣄,"God, man, bondage"
ꢦꢬꢪꢵꢡ꣄ꢪꣁ,Over soul
ꢪꢾꢞꢵꢡ꣄ꢪꣁ,Over soul
ꢦꢸꢠ꣄ꢫꢵꢡ꣄ꢪꣁ,holy spirit
ꢣꢠ꣄ꢞꢶ,palanquin
ꢨꣁꢭꢶ,religious sacrifice
ꢨꣁꢭꢶꢦꢷꢟ꣄,place for sacrifice/ altar
ꢦꣁꢳ꣄ꢳꢶ,mosque
ꢦꢵꢦ꣄,sin
ꢦꢵꢦꢶ,sinner
ꢦ꣄ꢬꢒꢵꢬ꣄,corridor of a temple
ꢦ꣄ꢬꢗꢵꢬꢒ꣄,Catechist/ evangelist
ꢦ꣄ꢬꢵꢡ꣄ꢡꢥꣁ,prayer
ꢆꢙ꣄ꢮꢵꢮ꣄,birth
ꢃꢱꢥꣁ,"altar, seat"
ꢦꢸꢠ꣄ꢠꢸ,results of virtuous deeds
ꢦꢸꢙꢬꢶ,temple priest
ꢦꢸꢙꣁ,worship
ꢨꢶꢱꢨ꣄,Bishop
ꢪꢲꢵꢬꢱꢥꣁ,bliss
ꢱꢶꢒ꣄ꢒꢞ꣄ꢠꢵꢬ꣄,pastor
ꢨꢸꢣ꣄ꢤ ꢪꢵꢬ꣄ꢔꢸ,Budhism
ꢪꢲꢵꢥ꣄,great person
ꢪꢝ,monastery
ꢪꢴꣁꢞꢪ꣄,monastery
ꢕꢾꢠ꣄ꢜꣁ,bell
ꢪꣁꢥ꣄ꢡꢸꢬ꣄,sacred words
ꢣꢷ ꢒ꣄ꢰꣁ ꢓꢳ꣄ꢳꢥ꣄ ꢮꢾꢳ꣄꣄ ꢔꢸꢬꢸ ꢱꢖ꣄ꢔꢱ꣄ꢡꢾ ꢪꣁꢥ꣄ꢡꢸꢬ꣄,sacred words
ꢮꢿꢣ꣄,veda
ꢪꢥꢱꢵꢒ꣄ꢰꢶ,conscience
ꢣ꣄ꢬꢵꢮꢶꢞ ꢔ꣄ꢬꢵꢪ꣄ꢫ ꢣꢾꢮ꣄ꢡꣁ,a Dravidian folk deity
ꢪꢾꢬꢶ ꢕꢾꢬ꣄,church
ꢪꢵꢬꢶꢫꢪ꣄ꢪꣁ,a Dravidian folk deity
ꢱꢵꢪꢶꢫꢵꢬꢸꢥ꣄,saints
ꢪꣂꢒ꣄ꢯꢶ,salvation
ꢪꢸꢒ꣄ꢡꢶ,salvation
ꢬꢾꢡ꣄ꢡꢸ,chariot
ꢥꢪꢱ꣄ꢒꢵꢬ꣄,greeting
ꢥꢪꢥꣁ,worship
ꢥꣂꢪ꣄,worship
ꢮꢶꢔ꣄ꢬꢲꢪ꣄,idol
ꢦꢵꢦꢮꢶꢪꣂꢗꢥꣁ,expiation
ꢮꣁꢔꢡ꣄,"fast, vow"
ꢮꢿꢣ꣄,Veda
ꢮꣀꢰ꣄ꢠꢮꢪ꣄,Vaishnavism
ꢙꢾꢦꢪ꣄,prayer
ꢙꢾꢦꢪ꣄,Christian
ꢙꢾꢭꢸꢪ꣄,birth
ꢲꢵꢙꢶ,Muslim pilgrimage who has visited Mecca
ꢲꢙ꣄ꢙꢸ ꢫꢵꢡ꣄ꢬꣁ ꢒꢾꢬꢾꢱ꣄ꢡꢾꢥꣁ,Muslim pilgrimage who has visited Mecca
ꢂꢞ꣄ꢔꢾꢭ꣄,cholker
ꢒꢾꢣꢸꢬꣁ,"hip ornament a close neck ornament,"
ꢮꢱ꣄ꢡꢬ꣄,dress
ꢩꢹꢰꢸ,ornament
ꢱꣁꢪ꣄ꢪꢸ,ornament
ꢗꣁꢮ꣄ꢭꢶ,blouse
ꢧꢾꢭꢸ,shirt
ꢩꣁꢠ꣄ꢠꢪ꣄,ornament
ꢂꢥ꣄ꢡꢬ꣄ꢮꢵꢱ꣄,inner garment
ꢏꢞ꣄ꢞꢶꢫꢠꢪ꣄,waist ornament
ꢂꢞꢸꢗꣁꢮ꣄ꢭꢶ,bra
ꢣꣁꢠꣁ,spectacles /mirror
ꢘꢵꢱ꣄ꢪꣁ,spectacles /mirror
ꢓꢵꢡꢶ,khadi
ꢡꣃꢠꢞ꣄,ear studs
ꢡꢮ꣄ꢠꢣ꣄,ear ring
ꢒꢾꢖ꣄ꢔꢠ꣄,broad bangle
ꢦꢵꢛ꣄ ꢂꢖ꣄ꢔꢬꣁ,pants
ꢒꢸꢖ꣄ꢔꢸꢪ꣄,kumkum
ꢱꢡꢶ,umbrella
ꢦꣁꢖ꣄ꢔꢸꢳꣁ,ear ornament
ꢦꣀꢞꢶ,cap
ꢭꢴꣂꢖ꣄ꢔꢸ,ruby
ꢲꢵꢡꢸꢪꢔꢵ ꢨꣁꢜ꣄ꢞꣁ,handloom cloth
ꢒꢸꢛ꣄ꢙꢪ꣄,sari pleats
ꢒꢾꢣꢸꢬꣁ,waist ornament
ꢗꣀꢪ꣄ꢨꢜ꣄ꢜꢾ,anklet
ꢔꣁꢬ꣄ꢱꢸꢭ꣄,anklet
ꢒꢰ꣄ꢜꢶꢨꣁꢜ꣄ꢜꣁ,loin cloth
ꢔꣁꢪꢾꢣꢒꢪ꣄,sardonyx
ꢂꢖ꣄ꢔ꣄ꢬꣁ,shirt
ꢂꢖ꣄ꢔ꣄ꢬꢵ,shirt pocket
ꢓꣃꢭ꣄ꢜꢶ,shirt pocket
ꢬꢖ꣄ꢔꢵꢮ꣄,shawl
ꢣꣁꢠ꣄ꢞꣁ,neck chain
ꢨꢶꢥ꣄ꢣꢸꢭꣁ,anklet
ꢭꣁꢭꢵꢒ꣄,locket
ꢪꣁꢛ꣄ꢗꢥꢶ,sari pleats
ꢗꢸꢗ꣄ꢗꢸꢪ꣄,kumkum/ sindur
ꢦꣃꢱꢸꢭ꣄,slippers
ꢗꢾꢦꢶꢥꢶ,slippers
ꢱꣁꢳꣁ,sari
ꢗꣁꢮ꣄ꢳꢶ,blouse
ꢔꣁꢬ꣄ꢱꢸꢭ꣄,anklet for babies
ꢣꢥ꣄ꢡꢸ,ivory
ꢆꢰ꣄ꢠꢶꢰꣁ,turban
ꢗꢾꢪ꣄ꢨꢜ꣄ꢜꢾ,anklet for babies
ꢚꢭ꣄ꢚꢭ꣄,anklet for babies
ꢦꢭꣁ,half sari
ꢑꢡꣁ,"mark with kumkum, sandal, etc."
ꢒꢸꢜ꣄ꢒꣁ,towel
ꢨꣁꢜ꣄ꢜꣁ,cloth
ꢒꢱ꣄ꢥꢶ,towel
ꢦꢔꢶꢞꢶ,hat
ꢡꣃꢠꢜ꣄,big ear stud
ꢩꢹꢰꢠ,ornament
ꢥꢶꢭꢣꢾꢫ꣄ꢞ,saphire
ꢦꢶꢪ꣄ꢨꢭꢪ꣄,forehead ornament
ꢒꣃꢱ꣄,silk
ꢒꣁꢮ꣄ꢯ꣄,silk
ꢪꢬꢔꢡꢪ꣄,emerald
ꢦꣁꢪ꣄ꢳꣁ,coral
ꢭꣁꢪ꣄ꢨꢞꢪ꣄,ear ornament
ꢔꣁꢠꢪ꣄,skirt
ꢨꢶꢭꢵꢒ꣄,nose drops
ꢦꢸꢰ꣄ꢦꢬꢵꢔꢪ꣄,topaz
ꢨꣀꢙꢪꢵ,pyjamas
ꢦꣃꢒꢳ꣄,wooden slippers
ꢪꢵꢠꢶꢒ꣄ꢒꢪ꣄,carbuncle
ꢃꢬꢪ꣄,garland
ꢪꢵꢭꢾ,garland
ꢮꢶꢛ꣄ꢗꢸ,toe ring
ꢦꢵꢛꢶꢪꢸꢣ꣄ꢣꢶ,toe ring
ꢤꣁꢮꢡ꣄,dhoti
ꢪꣁꢡꢶ,pearl
ꢪꢸꢒ꣄ꢬꣁ,spectacles
ꢘꢵꢱ꣄ꢪꣁ,spectacles
ꢪꢸꢒ꣄ꢒꢸꢬ꣄,nose stud
ꢪꢸꢣ꣄ꢣꢶ,ring
ꢭꣁꢭꢵꢒ꣄,ear ornament
ꢒꣀꢥ,bangle
ꢒꣀꢥꣁ,bangle
ꢂꢬꢶꢡ꣄ꢯꢪ꣄,turquoise
ꢚꢸꢖ꣄ꢒꢭ꣄,ear drops
ꢂꢖ꣄ꢔꢶꢞꢶ,"shop, market"
ꢂꢖ꣄ꢔꢷꢒꢵꢬ꣄,approval
ꢒꢸꢣꢵꢖ꣄ꢔꢶꢞꢶ,pawn broker
ꢱꢲꢫꣁꢔ꣄,support
ꢃꢣꢵꢮ꣄,profit
ꢌꢥ꣄ꢡꢸꢬ꣄,machine
ꢲꢹꢣꢵꢬ,borrowal
ꢬꢴꢥꢶ,stock
ꢔꣁꢱ꣄,free
ꢥꢶꢱ꣄ꢱꢸꢭ꣄ꢒꣁ,free
ꢲꢸꢡ꣄ꢬꢵꢮ꣄,import
ꢕꢸꢪ꣄ꢦꢸ,variety
ꢔꣂꢱ꣄,free
ꢆꢡ꣄ꢬꢮꢵꢣ꣄,guarantee
ꢨꢵꢣ꣄ꢫꢮꢵꢥ꣄,owner
ꢱꢹꢮꢵꢥ꣄ꢣꢵꢬ꣄,owner
ꢂꢥ꣄ꢡꢬ꣄ꢒꢬꣁ,local tax
ꢱꢷꢭ꣄ꢒꢪ꣄,local tax
ꢱꢵꢮꢤꢵꢥ꣄,warning
ꢌꢭꢪ꣄,auction
ꢥꢷꢭꢵꢪ꣄,auction
ꢬꢷꢠ꣄,"debt, loan"
ꢂꢖ꣄ꢔꢶꢞꢶ,shop
ꢂꢖ꣄ꢔꢶꢞꢶ ꢒꢾꢬꣁ,shop keeper
ꢒꢮ꣄ꢭꢶꢥꢶ,mixture
ꢪꢶꢱ꣄ꢬꢥꣁ,mixture
ꢣꣁꢨ꣄ꢨꢶꢥꢶ,discount
ꢩꢶꢞ꣄ꢥꢶ,discount
ꢦꢸꢛ꣄ꢙꣁ,discount
ꢒꢦꢶꢥꢶ,discount
ꢏꢠ꣄ꢜ꣄ꢫꣁꢱ꣄ꢪꣁꢭ꣄,fixed price
ꢓꢾꢬꢵꢬꢸꢪꣁꢭ꣄,fixed price
ꢒꢵꢱ꣄,money
ꢲꢥ꣄ꢥꢮ꣄,money
ꢲꢥ꣄ꢥ꣄ꢮꢸꢦꢡ꣄ꢬꢸ,cheque
ꢨꢷꢪꣁ,guarantee
ꢙꢷꢮꢥꢬꢒ꣄ꢰꣁ,guarantee
ꢒꢵꢭꢵꢮꢤꢶ,expiry
ꢮꢿꢳꢸ ꢱꢪꢵꢦ꣄ꢡꢶ,expiry
ꢪꢸꢱꢥ꣄ ꢒꢵꢭ꣄,expiry
ꢔꢶꢜ꣄ꢜꢖ꣄ꢔꢶ,godown
ꢒꢸꢜꢶꢭꢸ ꢆꢣ꣄ꢫꣂꢔ꣄,cottage industry
ꢪꢶꢭꢥ꣄ꢮꢞ꣄ꢞꢶ,compound interest
ꢮꢬ꣄ꢤꢥꢮ꣄ꢬꢸꢣ꣄ꢤꢶ,compound interest
ꢱꢲꢫꣂꢔꢸ ꢱꢖ꣄ꢕꢸ,co-operative society
ꢲꢵꢡꢸ ꢦꣁꢡꢶ,handbook
ꢣꢾꢥꢶꢓꢜ꣄ꢠꢶ,transaction
ꢱꣁꢖ꣄ꢔꢵꢪꣂꢭ꣄,fair price
ꢥ꣄ꢫꢵꢮꢸꢪꣁꢭ꣄,fair price
ꢦ꣄ꢬꢡꢶ ꢯꣁꢡ꣄,percentage
ꢦ꣄ꢬꢡꢶ ꢱꣁꢮꢸ,percentage
ꢮꢶꢒ꣄ꢒꢥ ꣄ꢢꢵꢪ꣄,market
ꢱꢪꢵꢥ꣄,goods
ꢱꢲꢵꢮ꣄,concession
ꢱꢵꢤꢥ꣄,equipment
ꢪꢶꢡꢮꢿꢱꢸꢦꢥ꣄,thrift
ꢥꢴꢥ꣄ꢒꢵꢱꢸꢥ꣄,Small change
ꢗꢶꢭ꣄ꢭꢬꢸ ꢩ꣄ꢫꢵꢬ꣄,retail sale
ꢥꢴꢥ꣄ ꢦꢬꢶꢪꢵꢠꢸ ꢩ꣄ꢫꢵꢬ꣄,retail sale
ꢮꢶꢯꢿꢰꢸ ꢱꢵꢡ꣄,super market
ꢪꢾꢜ꣄ ꢱꢵꢡ꣄,super market
ꢮꢶꢯꢿꢰꢸ ꢂꢪ꣄ꢱꢸ,special feature
ꢥꢴꢥ꣄ꢦꢬꢶꢪꢵꢠꢸ ꢱꢛ꣄ꢗꢫꣁ,small savings
ꢥꢴꢥ꣄ ꢆꢬꢵꢮ꣄,small savings
ꢥꢴꢥ꣄ ꢆꢣ꣄ꢫꣁꢔ꣄,small scale industry
ꢔꢸꢬ꣄ꢡꢸ,symbol
ꢗꢷꢜꢸ ꢒꢪ꣄ꢦꢾꢥꢶ,chit fund company.
ꢗꢷꢜꢸ ꢱ꣄ꢡꢵꢦꢥꣁ,chit fund company.
ꢒꢬꢥ꣄ꢒ꣄ꢬꢪꣁ,procedure
ꢮꢾꢱꢸꢥ꣄,expenditure
ꢮꢿꢱ꣄,expenditure
ꢭꢴꢾꢓꢵ ꢱꣁꢤꢥꣁ,audit
ꢆꢡ꣄ꢦꢡ꣄ꢡꢶꢒꢾꢬ꣄ꢥꢵꢬ꣄ ꢡꢾꢫꢵꢬ꣄ꢒꢾꢬ꣄ꢥꢵꢬ꣄,producer
ꢆꢡ꣄ꢦꢡ꣄ꢡꢶ,production
ꢒꢬ꣄ꢪꢣꢾꢥꢶ,instalment
ꢆꢣ꣄ꢫꣂꢔꢸ ꢕꢥꣁ,factory
ꢒꢵꢪ꣄ ꢒꢬ꣄ꢡꢵꢥ꣄,labourers
ꢒꢵꢪ꣄ ꢒꢬ꣄ꢡ꣄ꢡꣁ,labourer
ꢒꢵꢪ꣄ ꢒꢬ꣄ꢡꢵꢥꢸ ꢱꢖ꣄ꢔꢸ,labour union
ꢒꢵꢗꢮꢵꢥꢵ,factory
ꢥꣁꢰ꣄ꢜꢶ,loss
ꢒꢵꢱꢸ ꢨꢶꢭ꣄ꢭꣁ,coin
ꢥꢶꢒꢬ ꢭꢵꢩ꣄,net profit
ꢲꢠ꣄ꢠꢮ꣄,finance
ꢥꢶꢤꢶ,finance
ꢥꢶꢤꢶ ꢏꢬ꣄ꢱꢸ,financial year
ꢥꢶꢬ꣄ꢮꢵꢲꢸ ꢒꢵꢬ꣄ꢫꢵꢭꢫꣁ,administrative office
ꢓꢞꢱ꣄ꢡꢾꢥꢸ,consumers
ꢮꢮ꣄ꢬꢸꢥꢵꢬ꣄,consumers
ꢥꢸꢔꢸꢥꢵꢬ꣄,consumers
ꢩꢵꢔꢱ꣄ꢢꢬ꣄,share holder
ꢩꢵꢔ꣄,share
ꢗꢹꢗꢶ ꢦꢡ꣄ꢬꢸ,list
ꢔꢶꢞ꣄ꢞꢖ꣄ꢔꢶ,store house
ꢙꢪꢵꢥꢸꢥ꣄,goods
ꢒꢸꢡꣁ,pawn
ꢦꢡ꣄ꢡꢶꢬꢪ꣄,"bond paper, stamp paper"
ꢦꢡ꣄ꢡꢶꢬꢪꢸ ꢒꢵꢬ꣄ꢫꢭꢫꣁ,register office
ꢗꢶꢱ꣄ꢭꣁ,provision
ꢗꢵꢱ꣄ꢭꢵ ꢂꢖ꣄ꢔꢶꢞꢶ,provision shop
ꢒꢵꢨꢥ꣄ꢣꢸ,protection
ꢩꣁꢠ꣄ꢠꢪꢸꢥ꣄,goods
ꢮꢱ꣄ꢡꢸꢥ꣄,goods
ꢥꢶꢤꢶꢱꢲꢵꢮ꣄,financial aid
ꢔꢸꢠ꣄ꢠꢸꢲꢷꢥꢸꢮꢱ꣄ꢡꢸꢥ꣄,duplicate product
ꢱꣁꢖ꣄ꢒꣁ,cheap
ꢂꢭ꣄ꢦ,cheap
ꢩꢬ꣄ꢡꢶꢪꣁ,sample
ꢯꢿꢰ꣄,balance
ꢩꢬ꣄ꢡꢶ ꢪꢾꢥꢶꢒ꣄,agent
ꢩꢬ꣄ꢡꢶꢮꢵꢥ꣄,agent
ꢂꢤꢶꢦꢡꢶ,"owner, capitalist"
ꢥꢶꢮꢿꢰꢠꣁ,Investment/ capital
ꢪꢹꢭꢸꢤꢥ꣄,Investment/ capital
ꢃꢲꢡ꣄,total
ꢂꢱ꣄ꢒꣁ,total
ꢃꢲꢡ꣄ꢩ꣄ꢫꢵꢬ꣄,wholesale
ꢦ꣄ꢬꢵꢦ꣄ꢡꢶꢦꢡ꣄ꢬꢸ,receipt
ꢦꢵꢮꢡꢶ,receipt
ꢬꢸꢦꢵꢫ꣄,rupee
ꢬꣁꢒ꣄ꢒꢪ꣄,in cash
ꢪꢸꢭ꣄ꢧꢭꢵꢨ꣄,interest
ꢩ꣄ꢫꢵꢬ꣄,"trade, business"
ꢩ꣄ꢫꢵꢬ꣄ꢱꢵꢬ꣄,"trade, business"
ꢮꢠꢶꢙ꣄,merchant
ꢮꢠꢶꢒ꣄,merchant
ꢮꢠꢾ,merchant
ꢩ꣄ꢫꢵꢬꢸꢗꢶꢥ꣄ꢲꢸ,trade mark
ꢩ꣄ꢫꢵꢬꢸ ꢪꢸꢣ꣄ꢬꣁ,trade mark
ꢮ꣄ꢫꢵꢬ꣄,trade
ꢥꢶꢤꢶꢡꢔꢶꢥꢶ,credit
ꢥꢶꢤꢶꢂꢮ꣄ꢥꢶ,credit
ꢙꣁꢞꢸꢪ꣄ꢦꢸꢭ꣄,income
ꢱꢪ꣄ꢨꢵꢣꢥꣁ,income
ꢓꢞꢾꢪꣁꢭ꣄,purchase price
ꢪꣁꢭ꣄,"price, cost"
ꢮꢶꢮꢬ꣄,detail
ꢦ꣄ꢬꢡꢶ ꢱꣂꢡꢸ,percentage
ꢦ꣄ꢬꢡꢶ ꢱꣂꢮꢸ,percentage
ꢦ꣄ꢬꢒꢵꢱꢠꣁ,advertisement
ꢮꢶꢒ꣄ꢬꢫꣁ,sale
ꢮꢶꢒ꣄ꢒꢶꢥꢶ,sale
ꢮꢶꢒ꣄ꢒꢥ꣄ꢪꣂꢭ꣄,sale price
ꢮꢶꢥꢶꢫꣁꢔ꣄,distribution
ꢮꢶꢥꢶꢫꣂꢔ꣄ꢒꢾꢬ꣄ꢥꢵꢬꢸꢥ꣄,distributors
ꢩꢔ ꣄ꢦꢹꢡꢶꢬ꣄,ratio
ꢥꢶꢬ꣄ꢤꢵꢬꢶꢡꢒꢵꢭꢶꢒꢫꣁꢙꢥꣁ,fixed deposit plan
ꢱ꣄ꢢꢶꢬ ꢥꢶꢤꢶ ꢢꣁꢮ꣄ꢥꢶ ꢫꣂꢙꢥꣁ,fixed deposit plan
ꢂꢖ꣄ꢔꢮꢶꢒꢵꢬꢸꢥ꣄,physical deformity
ꢯꢵꢬꢷꢬꢶꢒ ꢮꢶꢒꢵꢬꢸꢥ꣄,physical deformity
ꢂꢖ꣄ꢔꢲꢷꢥꢸꢥ꣄,physically handicapped
ꢥꢹꢥꢯꢬꢷꢬꢶ,physically handicapped
ꢪꢹꢒꣁ,dumb
ꢪꢹꢓꣁ,dumb
ꢪꢹꢒꢶ,dumb
ꢏꢬꣁꢣꣁꢭꣁꢮꢵꢥ꣄,squint eyed man
ꢏꢬꣁꢣꣁꢭꢶꢮꢵꢥ꣄,squint eyed man
ꢏꢬꣁꢣꣁꢭꢶ,squint eyed woman
ꢗꢾꢮꢸꢜ꣄,deaf persons
ꢌꢞꣁ,deaf persons
ꢂꢒ꣄ꢒꢸꢬꣁ,"dwarf, short"
ꢒꢸꢳ꣄ꢳꣁ,"dwarf, short"
ꢒꢸꢳ꣄ꢳ꣄ꢶ,short woman
ꢂꢒ꣄ꢒꢸꢬꢷ,short woman
ꢂꢥ꣄ꢣꢒꣁ,blind man
ꢔꢸꢜ꣄ꢞꢾ,blind man
ꢔꢸꢞ꣄ꢞꢶ,blind woman
ꢂꢥ꣄ꢣꣁ,blindness
ꢮꢵꢪꢥꢦꢥ꣄,"shortness, dwarfness"
ꢒꢸꢳ꣄ꢳꢦꢥ꣄,"shortness, dwarfness"
ꢒꢸꢳ꣄ꢳꣁ,dwarf
ꢮꢵꢪꢥꣁ,dwarf
ꢒꢸꢳ꣄ꢳꢶ,dwarf
ꢒꢹꢥ꣄,hunch back
ꢮꢔꢸꢠ꣄ꢜꣁꢣꣂꢠ꣄,abnormal mouth shapped
ꢮꣀꢠ꣄ꢜꢡꣂꢠ꣄,abnormal mouth shapped
ꢌꢞꣁ,deaf
ꢗꢾꢮ꣄ꢞꢶ,deaf
ꢗꢾꢮꢸꢜ꣄,deafness
ꢡꢡ꣄ꢡꢸꢮꣁ,stammering
ꢡꢡ꣄ꢡꢸꢮꢵꢥ꣄,stammerer
ꢪꣁꢠ꣄ꢞꢶ,lame person
ꢔꣁꢞ꣄ꢞꣁ,barren man
ꢔꣁꢞ꣄ꢞꢸ,barren woman
ꢪꣁꢞꢪ꣄,limping
ꢪꣁꢠ꣄ꢞꢶ,lame
ꢥꢵꢒ꣄ ꢒꢜꢫꢾꢱ꣄ꢡꢾꢥꣁ,cut nose
ꢪꣁꢞ꣄ꢞꢾ,tonsured head
ꢪꢸꢠ꣄ꢞꣁ,tonsured woman/ widow
ꢨꣁꢞꢒ꣄,tonsured woman/ widow
ꢪꣁꢜ꣄ꢜꢾ,tonsuredman
ꢡꢭꢹꢦꣁꢜ꣄ꢜꢭꢸꢮꢵꢥ꣄,bald man
ꢕꢾꢬꢸꢮ꣄ꢒꢥꢶ,proudly
ꢮꢶꢭꢵꢱ꣄ꢒꢥꢶ,broadly
ꢂꢭꢱꣁꢒꢥꢶ,slackly
ꢮꢶꢒꢵꢬ꣄ꢒꢥꢶ,ugly
ꢂꢜꢵꢠ꣄ꢒꢒꢥ꣄,obediently
ꢩꢮ꣄ꢫꢖ꣄ꢒꢥ꣄,obediently
ꢧꢶꢬꢶꢧꢶꢬꢶ,"frequently, often"
ꢡꢾꢬ꣄ꢱꢸ,"frequently, often"
ꢭꢾꢔꢸꢡꣁ,next
ꢧꢬꢡꢸ,next
ꢧꢬꣁ ꢧꢳ꣄ꢗꣁ,next
ꢲꣁꢭ꣄ꢭꣁ,next
ꢧꢭ꣄ꢗꣁ,next
ꢡꢶꢫꢾꢢꢵꢥꢸꢒ꣄,accordingly
ꢡꢶꢫꢾ ꢧꢭ꣄ꢗꣁ,after that
ꢭꢾꢥ꣄ꢡꣁ,so
ꢡꢾꢭ꣄ꢫꢒꢲꢵꢭ꣄,thereupon
ꢂꢬ꣄ꢢꢵꢡ꣄,That is
ꢂꢡꢶꢬ꣄ꢰ꣄ꢜꢸꢒꢥꢶ,luckily
ꢥꢶꢫꢵꢮ꣄ ꢥꢴꢷꢡꣁ,Unjustly
ꢬꢪꢵ ꢬꢪꢶ,approximately
ꢆꢥ꣄ꢥ ꢆꢦꢶꢬ꣄ꢒꢥꢶ,approximately
ꢡꣂꢬꢫꢪ꣄ꢒꢥꢶ,approximately
ꢡꢾꢒ ꢧꢭ꣄ꢗꣁ,"off, away"
ꢣꢸꢣꢹꢬ꣄,"off, away"
ꢲꢾꢡꢵꢬ꣄ꢡ꣄ꢡꢸꢒꢥ꣄,innocently
ꢡꢶꢫꢾ ꢦꢭ꣄ꢗꣁ,after that
ꢡꢿ ꢮꢿꢳ꣄,that time
ꢡ꣄ꢫꢮꢿꢳ꣄,that time
ꢂꢥ꣄ꢫꢵꢮ꣄ꢒꢥꢶ,unfairly
ꢂꢦꢹꢬ꣄ꢦꢸꢒꢥ꣄,rarely
ꢤꢵꢪ꣄ ꢤꢹꢪ꣄ꢒꢥ꣄,with pomp and show
ꢯꢵꢥ꣄ꢡꢶꢒꢥ꣄,"calmly, quietly, patiently"
ꢭꢾꢔꢸꢡ꣄ꢡ,near
ꢡꣁ,near
ꢗꣁꢒ꣄ꢒꢜ꣄ꢒꢥ꣄,nicely
ꢒꢶꢖ꣄ꢒꢶꢬ꣄ꢥꢶ,awkwardly
ꢲꢣ꣄ꢣꢵꢪꢸꢣ꣄ꢣꢸ,Interim/in the middle
ꢪꢴꢣ꣄ꢣꢶꢪ꣄,Interim/in the middle
ꢂꢱꢶꢖ꣄ꢒꢪ꣄ꢒꢥ꣄,gracelessly
ꢂꢭꢞ꣄ꢱꢶꢫꢪ꣄ꢒꢥ꣄,carelessly
ꢡꢶꢒ꣄ꢒꢾ,that much
ꢡꢶꢱꣁ,that way
ꢡꢶꢱꢥꢶ,in that manner
ꢂꢮ꣄ꢱꢬ꣄ꢒꢥ꣄,"urgently, hastily"
ꢱꢶꢖ꣄ꢒꢵꢬ꣄ꢒꢥ꣄,"fairly, beautifully"
ꢙꢞꢒꢥ꣄,emphatically
ꢤꢶꢣꢮ꣄ꢒꢥ꣄,emphatically
ꢣꢾꢛ꣄ꢗꢸꢒꢥ꣄,emphatically
ꢦꢶꢬꢿꢒꢥ꣄,affectionately
ꢲꢵꢭꢶꢪ꣄,therefore
ꢔꢾꢬꢸꢮ꣄ꢒꢥ꣄,arrogantly
ꢃꢯ꣄ꢗꢬ꣄ꢫꢸꢒꢥ꣄,surprisingly
ꢃꢱ꣄ꢡꢒꢥ꣄,fondly
ꢪꣂꢙꢒꢥꢶ,pompously
ꢏꢬ꣄ꢱꣁꢬ꣄ꢱꢸꢒꢥꢶ,annually
ꢣꢷꢬ꣄ꢕꢸꢒꢥꢶ,emphatically
ꢃꢣꢬꢮ꣄ꢒꢥꢶ,supportively
ꢆꢡ꣄ꢱꢵꢲ꣄ꢒꢥꢶ,interestedly
ꢱꢸꢱ꣄ꢡꢶꢒꢥꢶ,healthily
ꢂꢖ꣄ꢓꢹꢬ꣄ꢒꢥꢶ,slap dash
ꢭꣂꢡ꣄ꢒꢥꢶ,deeply
ꢗꢪꢤꢵꢥ꣄ꢒꢥꢶ,consolingly
ꢡꣀꢬꢦꣂꢒ꣄,left
ꢪꢴꢣ꣄ꢣꢶꢪꢴꢣ꣄ꢣꢶꢪ꣄,now and then
ꢂꢞ꣄ꢜꢪ꣄ꢒꢥꢶ ꢂꢮ꣄ꢞꢒꢥꢶ,as interference
ꢱꢪ꣄ꢪꢡ꣄ꢒꢥꢶ,"agreeably, acceptably"
ꢗꢾꢬꢶꢒꢥꢶ,jointly
ꢄꢱꢒꢥ꣄ ꢌꢭ꣄ꢫꢒꢲꢵꢭ꣄,hereby
ꢫꢿꢭꢾꢥ꣄ꢡꢸ,Heretofore
ꢂꢡ꣄ꢡꣁ,now
ꢦ꣄ꢬꢒ꣄ꢬꢸꢡꢶꢒꢥꢶ,naturally
ꢱ꣄ꢮꢩꢵꢮ꣄ꢒꢥꢶ,naturally
ꢡꢫꢒꢥꢶ,grace fully
ꢬꢲꢱ꣄ꢫꢸꢪ꣄ꢒꢥꢶ,secretly
ꢣꢶꢮꢫꢾ,secondly
ꢣꢷꢮꣂꢜ꣄,two times
ꢔꣂꢱ꣄ ꢥꢶꢯ꣄ꢯꢸꢭ꣄ꢒꢸꢒꢥꢶ,freely
ꢲꢭ꣄ꢒꢒꢥꢶ,lightly
ꢲꢮ꣄ꢭꢒꢥꢶ꣄,lightly
ꢄꢒ꣄ꢒ,this much
ꢄꢱꣁ,in this way
ꢄꢱꢥꢶ,in this way
ꢲꢸꢡ꣄ꢡꢸꢬꢱ꣄ꢡꢶꢱꣁ,downwardly
ꢲꣂꢜ꣄ꢒꢥꢶ,tightly
ꢲꣁꢜ꣄,tightly
ꢔꢸꢳ꣄ꢳꢾꢒꢥꢶ,sweetly
ꢔꢸꢳ꣄ꢳꢾ,sweetly
ꢂꢖ꣄ꢔꢸꢥ꣄,moreover/still
ꢗꢾꢬ꣄ꢒꢵ ꢗꢾꢬ꣄ꢒꣁ,equally
ꢩꢶꢡ꣄ꢡꢬ꣄,from inside
ꢩꢶꢡ꣄ꢡꢬꢸꢡꣁꢒꢥ꣄,inwardly
ꢡꢾꢥ꣄ꢥꢮꢾꢖ꣄ꢔꢸꢪ꣄,immediately
ꢡꢡ꣄ꢒ꣄ꢰꢠꢪ꣄,at once/ immediately
ꢍꢮꢿꢳ꣄,at once/ immediately
ꢥꢶꢙꢪ꣄ꢒꢥꢶ ꢱꢾꢡ꣄ꢡꢸꢒꢥꢶ ꢬꢴꢡ꣄ꢡꢤꢵꢥꢸ,"truely, honestly"
ꢩꢮ ꢮꢱꢒꢥꢶ ꢩꢵꢮ ꢦꢹꢬ꣄ꢠꢒꢥꢶ,emotionally
ꢆꢖ꣄ꢗ,tall
ꢆꢖ꣄ꢗꢒꢥꢶ,tall
ꢆꢥ꣄ꢥꢡꢸꢒꢥꢶ,highly
ꢕꢾꢜ꣄ꢜꢶ,aloud
ꢒꢬꢸꢠꢱꢾꢬꣁ,pathetically
ꢂꢜꢸꢒ꣄ꢒꢥꢶ,inside
ꢩꢶꢡ꣄ꢡꢬ꣄ꢒꢥꢶ,inside
ꢩꢶꢱ꣄ꢡꢬ꣄,inside
ꢒꢸꢱ꣄ꢒꢶꢥꢶꢒꢥꢶ,pinching
ꢤꢶꢞꢮ꣄ꢒꢥꢶ,strongly
ꢯ꣄ꢬꢿꢱ꣄ꢲ꣄ꢝꢸꢒꢥꢶ ꢪꢿꢜꢸꢒꢥꢶ,magnificently
ꢙꢵꢔ꣄ꢬꢡꢒꢥꢶ,carefully
ꢪꢵꢤ꣄ꢫꢪꢒꢥꢶ,through
ꢞꢪ꣄ꢨꢷꢔꢒꢥꢶ,slavishly
ꢙꢵꢒ꣄ꢬꢡꣁ ꢙꢵꢒ꣄ꢬꢡꢒꢥꢶ,cautious
ꢱꢵꢮ꣄ꢤꢵꢥ꣄ꢒꢥꢶ,warning
ꢮꢾꢡꢸꢬ꣄ꢱꢵꢥꢵꢡ꣄ꢡꢒ꣄,unexpectedly
ꢡꢶꢬꢔ꣄ꢒꢥꢶ,conversely
ꢡꢶꢬꢔ꣄,adversely
ꢱꢵꢥꢸꢬ꣄,opposite
ꢒꢶꢱꢒꢷ,somehow
ꢒꣂꢥꢒꢷ,somehow
ꢓꣁꢨ꣄ꢨꢶꢪ꣄,"for ever, always, every day"
ꢱꢣꢵ,"for ever, always, every day"
ꢙꢵꢳ꣄꣄ꢒꢥꢶ,irritatingly
ꢭꢴꢾꢕꢸꢮ꣄ꢒꢥꢶ,"lightly, easily"
ꢱꢵꢤꢵꢬꢠ꣄ꢒꢥꢶ,simply
ꢓꣁꢨ꣄ꢨꣁ,When?
ꢓꣁꢨ꣄ꢨꢵꢒ꣄,When?
ꢲꣁꢫꢾꢡ꣄ꢥꢪꢾꢳ꣄ꢳꢶ ꢲꣁꢫꢾꢡꢶꢥ꣄,nevertheless
ꢔꣁꢨ꣄ꢨꢶꢪ꣄,forever
ꢱꢣꢵ,forever
ꢚꢸꢒ꣄ꢒꢸ,enormously
ꢮꢿꢥ꣄ꢒꢥꢶ ꢂꢦꢬꢶꢪꢶꢡ꣄ꢒꢥꢶ,enormously
ꢧꣀꢭꣂꢱ꣄,already
ꢪꢸꢭ꣄ꢭꣂꢱ꣄,already
ꢬꢪꢵꢬꢪꢶ ꢆꢥ꣄ꢥ ꢆꢦꢶꢬ꣄ꢒꢥꢶ,almost
ꢱꢾꢥ꣄ꢡꢿꢮ꣄ꢒꢥꢶꢱꣁꢪ꣄ꢱꢒꢥꢶ,doubtfully
ꢂꢭꢔ꣄ꢔ,aside
ꢱꢵꢪꢡꢶ,comparatively
ꢏꢒ꣄ꢒꢮꢿꢭꢸꢪ꣄,sometimes
ꢓꣁꢨ꣄ꢨꢶꢪ꣄ꢥꢴꢷ,never
ꢏꢒ꣄ꢒꢥꢶ,together
ꢏꢒꢮꢿꢭ꣄,perhaps
ꢒꢶꢱꢒꢶ,however/somehow
ꢐꢒ꣄ꢒꢥ꣄,outright
ꢂꢭꢔ꣄ꢔ ꢂꢭꢔ꣄ꢔꢒꢥꢶꢐꢒꣂꢒ꣄ꢙꢥꢒꢥꢶ,individually
ꢐꢒꣂꢒ꣄ꢒꢥꢶꢐꢒꣂꢒ꣄ꢫꢒꢥꢶ,individually
ꢒꢶꢬꢪꢖ꣄ꢒꢥ꣄,"systematically, smoothly"
ꢒꢶꢬꢪꢪ꣄,serially
ꢮꢶꢱ꣄ꢬꢵꢥ꣄ꢡꢶꢒꢥ꣄,leisurely
ꢐꢬ꣄ꢡꢒꢥ꣄,along side
ꢒꣁꢜꢸꢒ꣄ꢒꢥ꣄,bitterly
ꢡꢶꢗ꣄ꢗꢥ꣄ꢒꢥꢶ,bitterly
ꢭꣂꢩꢶꢒꢥ꣄,miserly
ꢥꢶꢯ꣄꣄ꢗꢫꢸꢒꢥꢶ,surely
ꢕꢾꢜ꣄ꢜꢶ,thickly
ꢕꢾꢜ꣄ꢜꢶꢒꢥꢶ,thickly
ꢤꢶꢬꢸꢞꢔꢵꢡ꣄ꢬꢸꢒꢥꢶ,fittingly
ꢱꢥꢶꢪ꣄,visually
ꢓꢾꢜꢶꢥ꣄,hardly
ꢓꢾꢜꢶꢥ꣄ꢒꢥꢶ,hardly
ꢱꢾꢡ꣄ꢭꢒꢥꢶ,"finally, lastly"
ꢂꢥ꣄ꢡꢶꢪꢒꢥꢶ,"finally, lastly"
ꢓꢠ꣄ꢞꢶꢦ꣄ꢒꢥꢶ,"strictly, definitely"
ꢣꣁꢳꣁ ꢚꢫ꣄ꢭꢶ,bluntly/blindly
ꢔꢵꢪ꣄ꢨꢷꢬ꣄ꢒꢥꢶ,majestically
ꢔꢾꢬꢸꢮ꣄,proudly
ꢒꢾꢬꢸꢮ꣄ꢒꢥꢶ,roughly
ꢒꢵꢳ,black
ꢮꢾꢞꢶꢒ꣄ꢒꢥꢶ,jovially
ꢃꢒꢬ꣄ꢰꢠꢒꢥꢶ,attractively
ꢮꢶꢗꢵꢬ꣄ꢒꢥꢶ,sorrowfully
ꢂꢙꢵꢒ꣄ꢬꢡꢒꢥꢶ,carelessly
ꢙꢵꢒ꣄ꢬꢡꢒꢥꢶ,carefully
ꢩꢵꢬ꣄ꢒꢥꢶ,heavily
ꢔꢿꢭꢶꢒꢥꢶ ꢥꢒ꣄ꢒꢭ꣄ꢒꢥꢶ,mockingly
ꢓꢵꢭ꣄,"below, beneath"
ꢂꢞꢸꢒ꣄,"below, beneath"
ꢱꣂꢥ꣄ꢡꣂꢰ꣄ꢒꢥ꣄,jolly
ꢔꢸꢪ꣄ꢦꢸꢒꢥꢶ,as group
ꢱꢖ꣄ꢗꢭꢒꢥꢶ,confusedly
ꢱ꣄ꢭꢭꢒꢥꢶ,cold
ꢮꢶꢱꢿꢰ꣄ꢒꢥꢶ,specifically
ꢂꢞ꣄ꢞꢪ꣄ ꢂꢞ꣄ꢞꢪ꣄ꢒꢥꢶ,crosswise
ꢂꢞ꣄ꢞꢪ꣄ ꢣꢶꢞ꣄ꢞꢪ꣄ꢒꢥꢶ,criss-cross
ꢂꢞ꣄ꢞꢪ꣄,crosswise
ꢂꢒ꣄ꢬꢒꢥꢶ,narrow
ꢱꢿꢰ꣄ꢜꢒꢥꢶ,naughtily
ꢮꢶꢰꢪꢖ꣄ꢒꢥꢶ,naughtily
ꢆꢥ꣄ꢥꢒꢥꢶꢭꢿꢱ꣄ꢒꢥꢶꢏꢳ꣄ꢜꢒꢥꢶ,"little, less"
ꢗꢾꢬꢶ,jointly
ꢮꢿꢥ꣄ꢒꢥ꣄ꢆꢦꢬꢶꢒꢥꢶꢲꣁꢭ꣄ꢭꢒꢥꢶ,additionally
ꢓꢹꢬ꣄ꢒꢥꢶ,sharply
ꢓꢿꢭ꣄ꢒꢥꢶ,sportively
ꢥꢷꢗꢒꢥꢶ,disgustingly
ꢒꢸꢬꢹꢬ꣄ꢒꢥꢶ,Brutally/cruely
ꢮꢒꢸꢠ꣄ꢜ ꢮꢒꢸꢠ꣄ꢜ꣄ꢒꢥꢶ,skew
ꢬꢵꢒ꣄ꢒꢥꢶ,angrily
ꢱꢲꢙꢪ꣄ꢒꢥꢶ,naturally
ꢱꢖ꣄ꢒꢜꢪ꣄ꢒꢥꢶ,sorrowfully
ꢬꢾꢗ꣄ꢗꢒꢥꢶ ꢱꢾꢡ꣄ꢣꢸꢒꢥꢶꢩꢮꢜ꣄ꢒꢥꢶ,aloud
ꢱꢪ꣄ꢦ꣄ꢬꢣꢵꢫꢪ꣄ꢒꢥꢶ ꢬꢹꢟꢶꢒꢥꢶꢮ꣄ꢫꢵꢮꢲꢵꢬꢶꢒ꣄ꢒꢥꢶ,customarily
ꢱꢪꢪ꣄ꢒꢥꢶ,equally
ꢱꢾꢬ꣄ꢒꢒꢥꢶ,equally
ꢩꢾꢭꢶ,"accurately, exactly, rightly, properly, duly"
ꢗꢾꢬ꣄ꢒꢒꢥꢶ,"accurately, exactly, rightly, properly, duly"
ꢮꢶꢬꢱꢡꢒꢥꢶ,boredom
ꢙꢵꢞꢪꢵꢞ꣄ꢒꢥꢶ,For sadie
ꢱꢪꢬ꣄꣄ꢡꢸꢒꢥꢶ,deftly
ꢙꢶꢬ꣄ꢒꢶ,slanting
ꢏꢖ꣄ꢔꢶ,slanting
ꢱꢵꢒ꣄ꢰꢶꢒꢥꢶ,evidently
ꢆꢥ꣄ꢥꢮꢿꢱ꣄ꢒꢥꢶ,thriftly
ꢗꢶꢞꢸꢗꢶꢞꢸꢒꢥꢶ,frowningly
ꢢꢾꢮ꣄ꢜꢒꢕꢾꢞꢶ,sometimes
ꢢꢾꢮ꣄ꢜꢮꢿꢳ꣄,some times
ꢮꢶꢯꢿꢰ꣄ꢒꢥꢶ,"exellently, especially"
ꢥꢴꢥ꣄ꢥꢒꢥꢶ,little
ꢬꢮ꣄ꢬꢮꢒꢥꢶ ꢬꢸꢮ꣄ꢮꢬꢸꢮ꣄ꢮꢒꢥꢶ,piecemeal
ꢭꢵꢕꢮ꣄ꢒꢥꢶ ꢱꢸꢓꢪ꣄ꢒꢥꢶ ꢱꢸꢓꢸꢒꢥꢶ,comfortably
ꢱꢸꢞ꣄ꢤꢶꢒꢥꢶ,cleanly/clearly
ꢱ꣄ꢮꢡꢥ꣄ꢡ꣄ꢬꢸꢒꢥꢶ,independently
ꢔꣂꢱ꣄,simply
ꢬꢪꢵꢬꢪꢶ,nearly
ꢦꢬ꣄ꢮꢥꢴꢶꢡ꣄ꢡꣁ,tolerably
ꢱꢪ꣄ꢒ꣄ꢰꢾꢦ꣄ꢒꢥꢶ,briefly
ꢭꢴꢾꢕꢸꢮ꣄ꢒꢥꢶ,easily
ꢬꢱꢥꣁꢒ,interestingly
ꢬꢸꢗ꣄ꢗꢶꢒꢥꢶ,tastefully
ꢗꢸꢜ꣄ꢜꢸꢪꢸꢜ꣄ꢜꢸꢒꢥꢶ,around
ꢚꢸꢜ꣄ꢜꢶꢒꢥꢶ,actively
ꢲꢸꢥ꣄ꢥꢒꢥꢶ,hot
ꢗꢸꢣ꣄ꢤꢶꢒꢥꢶ ꢗꣁꢒ꣄ꢒꢜ꣄ꢒꢥꢶ,finely
ꢂꢦ꣄ꢬꢒ꣄ꢬꢸꢡꢶꢒꢥꢶ ꢒ꣄ꢬꢸꢡꢶꢪꢒꢥꢶ,artificially
ꢣꢾꢛ꣄ꢗꢸꢒꢥꢶ ꢙꢵꢞꢒꢥꢶ,richly
ꢂꢭꢱꢒꢥꢶ,lazily
ꢯꢷꢥ꣄ꢒꢥꢶ,slackly
ꢱꣃꢬꢶꢫꢪ꣄ꢒꢥꢶ,conveniently
ꢦꢵꢡ꣄ꢬꢡꢒꢥꢶ,eligible
ꢂꢪ꣄ꢒꢫꢒꢥꢶ ꢱꢪꢣꢳꢒꢥꢶ,flat
ꢂꢮ꣄ꢞꢒ ꢂꢞ꣄ꢞꢶꢒꢥꢶ,as obstruction
ꢂꢠ꣄ꢗꢶꢭꢶ,soothingly
ꢂꢥꢸꢒꢹꢭ꣄ꢒ,favourably
ꢡꢫꢵꢬ꣄ꢒꢥꢶ,readily
ꢣꣁꢱ꣄ꢒꢓꢵꢭ꣄,upside down
ꢭꢸꢒ꣄ꢒꢶꢭꢶ,Hidingly/abscondingly
ꢗꢹꢒ꣄ꢒꢥꢶ,wrongly
ꢪꢥ꣄ꢡꢸꢒꢥꢶ,by mistake
ꢤꢶꢭ꣄ꢭꢱꣁꢜ꣄ꢭꢶ ꢤꢶꢭ꣄ꢭꢒꢥꢶ,slackly
ꢂꢡ꣄ꢡꢵꢒ꣄,temporarily
ꢂꢡ꣄ꢡꢵꢒ꣄ ꢒꣁꢡ꣄ꢡꢶ,temporarily
ꢡꢡ꣄ꢒꢵꢭ꣄ꢒꢥꢶ,temporarily
ꢲꢾꢡꢵꢬ꣄ꢡꢸꢒꢥꢶ,accidentally
ꢂꢒꢱ꣄ꢪꢵꢡ꣄ꢒꢥꢶ,accidentally
ꢦꢾꢣ꣄ꢣꢾꢒ,alone
ꢍꢒꢵꢥ꣄ꢡꢸꢒꣁ,alone
ꢡꢾꢔꢵꢪ꣄ꢡꢾꢥꣁ,inwardly
ꢔꢸꢠ꣄ꢤꢵꢥꢸꢒ꣄,characteristically
ꢂꢭꢔ꣄ꢔꢭꢔ꣄ꢔ,separately
ꢍꢒꢵꢥ꣄ꢡꢸꢒꢥ꣄,solitarily
ꢡꢪꢱ꣄ꢒ,"being late, delay"
ꢤꢾꢬꢳꢪ꣄ꢒ,richly
ꢩꢮ꣄ꢫꢪ꣄ꢒ,obediently
ꢓꢵꢭ꣄ꢒ,low
ꢂꢨ꣄ꢨꢾꢨ꣄ꢨꢾꢤꢵꢥꢸꢒ꣄,Oftentimes/helter skelter
ꢡ꣄ꢫꢿꢒꢵꢥꢶ,automatically
ꢔꢸꢪ꣄ꢦꢸꢒꢥꢶ,enmasse
ꢗꣁꢞ꣄ꢞꢦ꣄ꢦꢥ꣄ꢒꢥꢶ,stealthily
ꢡꢶꢬꢸꢦ꣄ꢡꢶꢒꢥꢶ,satisfactorily
ꢧꢶꢬꢶ,again
ꢱꢪꢬ꣄ꢡꢸꢒꢥꢶ,efficiently
ꢥꢶꢗ꣄ꢗꢸ,daily
ꢱ꣄ꢡꢶꢬꢪ꣄ꢒꢾꢬꢾ,decidedly
ꢓꢸꢞꢾꢩꢙ꣄ꢙꢶꢒ,meanly
ꢒꢸꢜ꣄ꢒ ꢒꢸꢜ꣄ꢒꢒꢥꢶ,piecemeal
ꢤꣀꢬ꣄ꢫꢸꢱꢾꢥ꣄ꢡꣁ,cavelrierly
ꢱꢸꢣ꣄ꢣꢶꢒꢥꢶ,clearly
ꢣꢸꢬ꣄ ꢣꢶꢰ꣄ꢜꢸ꣄ꢒꢥꢶ,unluckily
ꢱꢸꢣ꣄ꢣꢶꢒꢥꢶ,"purely, neatly"
ꢒꢭꢵꢥꢵꢡ꣄ꢡꣁ,unknowingly
ꢡꢾꢭꢶꢮ꣄ꢒꢥꢶ ꢱ꣄ꢦꢰ꣄ꢜꢸꢒꢥꢶ,clearly
ꢦꢙꢾ ꢒꣁꢣ꣄ꢣꢶ,As needed
ꢤꣀꢬ꣄ꢫꢸꢒꢥꢶ,boldly
ꢡꣁꢬꢠ꣄ꢒ,successively
ꢡꢾꢔ ꢢꢾꢬꢶ ꢡꢾꢭ꣄ꢫꢾꢒ ꢤꢾꢬꢶ,in connection with
ꢆꢜ꣄ꢗꢫ꣄ꢭꢶ,slackly
ꢣꢸꢣꢹꢬꢸꢪ꣄,distantly
ꢂꢥ꣄ꢣꢵꢱ꣄,approximately
ꢪꢴꢣ꣄ꢤꢶꢪꢪ꣄,tolerably
ꢪꢴꢚꢵꢬ꣄,"middle, at the centre"
ꢩꢶꢠ꣄ꢞꢶꢭꢶꢒꢶꢥ꣄,hopefully
ꢥꣁꢪ꣄ꢒꢾꢒꢥ꣄,hopefully
ꢩꢮ꣄ꢫꢪ꣄ꢒ,civilly
ꢗꣁꢒ꣄ꢒꢜ꣄ꢮꢿꢳ꣄꣄ꢒꢥ꣄,fortunately
ꢱꢮ꣄ꢬꢶꢫꢪ꣄ꢒꢥꢶ,well
ꢂꢤꢶꢥꢵꢔꢬꢷꢒ꣄ꢒꢥꢶ,refinedly
ꢩꣁꢔꢸꢪꢵꢥ꣄ꢒꢥꢶ,"intervivos, as gift"
ꢗꣁꢒ꣄ꢒꢞ꣄ꢤꢵꢥꢸ,well
ꢱꢡ꣄ꢩꢵꢮ꣄ꢒ,sincerely
ꢱꢶꢡ꣄ꢬꢪ꣄ꢒ ꢥꢶꢯ꣄ꢗꢫꢸꢒꢥꢶ,surely
ꢯꢵꢥ꣄ꢡꢶꢒ,peacefully
ꢱ꣄ꢡꢶꢬꢪ꣄ꢒ ꢥꢶꢬꢥ꣄ꢡꢬ꣄ꢒꢥꢶ ꢓꣁꢨ꣄ꢨꢶꢪ꣄,permanently
ꢱ꣄ꢡꢶꢬꢪ꣄ꢒ,fixedly
ꢚꢸꢒ꣄ꢒꢸ,much
ꢡꢶꢬꢸꢦ꣄ꢡꢶꢒ,satisfactorily
ꢲꢜ꣄ꢮꢥ꣄ꢒ,in memoriam
ꢙꢡꣁ,"apart, except"
ꢭꢪ꣄ꢨꢸꢬꢸꢪ꣄,for a long period
ꢭꢪ꣄ꢨꢸꢒ,long
ꢱꢹꢜ꣄ꢒ꣄ꢰꢸꢪꢒ,"minutely, accurately"
ꢱꢸꢒ꣄ꢰꢸꢪꣁ,"minutely, accurately"
ꢭꢪ꣄ꢨꢸ,along
ꢚꢸꢒ꣄ꢒꢸꢕꢾꢞꢶ,for a long time
ꢭꢾꢔꢸꢡ꣄ꢡꢒꢥꢶ,"closely, thickly"
ꢗꣁꢒ꣄ꢒꢜ꣄ꢒꢥꢶ,well
ꢡꣁꢠꢵꢡꣂꢠ꣄,directly
ꢱꢾꢙ꣄ꢙ,near
ꢭꢾꢔꢸꢡ꣄ꢡꣁ,near
ꢱꢾꢙ꣄ꢙꢒꢥꢶ,nearby
ꢮꢜꣁꢒꢥꢶ,partially
ꢲꣁꢬꢸꢲꣁꢬꢸ,gradually
ꢂꢠ꣄ꢒꢒ,politely
ꢩꣁꢣ꣄ꢬꢪ꣄ꢒꢥꢶ,securely
ꢲꢭ꣄ꢭꢸꢒ,softly
ꢦꣁꢣꢪ꣄ꢒ,softly
ꢃꢭ꣄ꢭꢜ꣄ꢒꢥꢶ,slap-bang
ꢨꣁꢣꢸꢭꢸꢒ꣄,instead of
ꢤꢵꢒ꣄ꢱꢾꢥ꣄ꢡꣁ,terribly
ꢤꢵꢒ꣄ꢒꢥꢶ,terribly
ꢡꢾꢭ꣄ꢫꢒꢲꢵꢭ꣄ ꢡꢾꢭ꣄ꢫꢒꢭꢾꢥ꣄ꢡꢸ,as a result
ꢆꢦꢫꣁꢔ꣄ꢒꢥ꣄ ꢦ꣄ꢬꢫꣂꢙꢥꢒꢥꢶ,usefully
ꢦꢾꢬ꣄ꢦꢫꢶ,generally
ꢦꢬꢶꢲꢵꢱ꣄ꢒꢥꢶ,mockingly
ꢦꢬꢶꢡꢵꢦ꣄ꢒꢥꢶ,unbearable
ꢨꢭ꣄ꢮꢥ꣄ꢣꢸꢒꢥꢶ,forcibly
ꢨꢭꢲꢷꢥ꣄ꢒꢥꢶ꣄,weak
ꢨꣁꢭꢶꢒꢥꢶ,as a sacrifice
ꢪꢾꢥꢶꢒꢸꢦꢥ꣄ ꢥꢴꢷꢡ꣄ꢡꣁ,confoundedly
ꢪꢾꢬ꣄ꢱꢶꢭꢶ,shiningly
ꢦ꣄ꢬꢡꢶꢒꢹꢭ꣄ꢒꢥꢶ,"affectedly, ill"
ꢲꢣ꣄ꢣꢾꢒꢥꢶ,half
ꢦꢵꢮ꣄ꢒꢥ,sinfully
ꢶ ꢦꢵꢦ꣄ꢒꢥꢶ,sinfully
ꢦ꣄ꢬꢿꢮ꣄ꢒꢥꢶ,with love
ꢧꢭ꣄ꢭꣁ,"after, behind"
ꢦꢱ꣄ꢒꢜ꣄,"after, behind"
ꢦꢱ꣄ꢒꢜ꣄,"Behind, after"
ꢦꢱ꣄ꢒꢜ꣄ꢒꢥꢶ,aback
ꢂꢣꢶꢥꣁꢮ,brand new
ꢥꣁꢮꢥꣁꢮꢒꢥꢶ,brand new
ꢱꢪꢬ꣄ꢡꢸꢒꢥꢶ,cleverly
ꢮꢶꢮꢬ꣄ꢒꢥꢶ,cleverly
ꢥꣁꢮꢫꣁ,"anew, afresh"
ꢥꣁꢮꢫꢒꢥꢶ,"anew, afresh"
ꢚꢥ꣄ꢙꢹꢒꢥꢶ,stormily
ꢂꢪ꣄ꢨꢜ꣄ꢒꢥꢶ,sourly
ꢡ꣄ꢫꢾꢙꢡꣁ,apart from
ꢦꢸꢥꢶꢣꢸꢲꣁꢫꢾ,holily
ꢪꢴꣁꢜ꣄ꢜꢒꢥꢶ,"Largely, mostly"
ꢚꢸꢒꢸꢔ,"mostly, almost"
ꢕꢾꢥꢪ꣄ꢒꢥꢶ,proudly
ꢲꢭ꣄ꢭꢸꢒꢥꢶ,slowly
ꢱꢵꢤꢵꢬꢠ꣄ꢒꢥꢶ,generally
ꢪꢶꢡ꣄ꢡꢸꢒꢥꢶ,untruely
ꢥꢶꢪꢶꢡ꣄ꢡꢸ,Apropos/ for the purpose of
ꢒꢸꢬ꣄ꢗꢶ,Apropos/ for the purpose of
ꢡꢒꢾꢤꢵꢥꢸ,suitably
ꢧꢸꢬꢱ꣄ꢡꢶꢱꣁ,adequately
ꢥꢒꢭꢶꢒꢥꢶ,falsely
ꢱꣁꢥ꣄ꢡꣂꢰ꣄ꢒꢥꢶ,happily
ꢪꢔ꣄ꢔꢸꢥꢒꢥꢶ,dimly
ꢪꢹꢬ꣄ꢓꢸꢒꢥꢶ. ꢪꢴꢸꢜꢒꢥꢶ,foolishly
ꢪꢵꢡ꣄ꢬ,"alone, only"
ꢒꣁꢣ꣄ꢣꢶ,"alone, only"
ꢪꢥ꣄ꢣꢪ꣄ꢒꢥ꣄,feebly
ꢦ꣄ꢬꢒꢵꢰ꣄ꢥꢴꢷꢡ꣄ꢡꣁ,feebly
ꢦ꣄ꢬꢒꢵꢰ꣄ꢮꢶꢥꢵ,feebly
ꢱꣁꢖ꣄ꢔꢒꢥꢶ,cheaply
ꢪꣂꢭ꣄ ꢆꢥ꣄ꢥꢒꢥꢶ,cheaply
ꢙꢡꣁ,besides
ꢮꢶꢱ꣄ꢬꢳ꣄ꢳꢶꢶꢒꢶꢥ꣄,absent mindedly
ꢭꢸꢒ꣄ꢒꢶꢭꢶ,indirectly
ꢚꢒꢶꢭꢶ,secretly
ꢪꣁꢥ꣄ꢥꢸꢙꢥꢶ,knowingly
ꢩꣁꢬꢾꢪꣁꢥ꣄ꢥꢸ,heartfully
ꢪꢴꢞꢜꢪꢴꢞꢵꢒ꣄,monthly
ꢪꢱꢹꢣꢶ,monthly
ꢩꢬ꣄ꢡꢶꢒ꣄,instead of
ꢮꢶꢬꣂꢤ꣄꣄ꢒꢥꢶ,"adversely, contrarily"
ꢆꢦꢶꢬ꣄ꢒꢥꢶ,immensely
ꢡꢷ ꢙꢡꣁ,in extra
ꢤꢒ꣄ꢒꢞꢶ,threateningly
ꢲꣁꢭ꣄ꢭꣁ,over
ꢪꢸꢕ꣄ꢫꢪ꣄ꢒꢥꢶ,"essentially, importantly"
ꢂꢥ꣄ꢡꢸꢒꢥꢶ,finally
ꢱꢾꢡ꣄ꢭꣁ,finally
ꢧꣀꢭꢮꢔꢥꢶ,"first rate, superbly"
ꢪꢸꢭ꣄ꢭꣁ ꢪꢸꢭ꣄ꢭꣁ,for first time
ꢧꣀꢭꢒꢥꢶ,firstly
ꢦ꣄ꢬꢵꢬꢪ꣄ꢨꢒꢥꢶ,initially
ꢦꢾꢳꢶꢩꢶꢱ꣄ꢱꢒꢥꢶ,actively
ꢪꢹꢓꢸꢒꢸꢒꢥꢶ,"brutally, roughly"
ꢮꢶꢦꢬꢷꢡ꣄ꢒꢥꢶ ꢮ꣄ꢬꢸꢣ꣄ꢤꢸꢒꢥꢶ ꢦ꣄ꢬꢫꢶꢒꢹꢭ꣄ꢒꢥꢶ,contrary to
ꢂꢱ꣄ꢒꢵꢒꢸꢱ꣄,"wholly, completely"
ꢂꢱ꣄ꢒꢒꢥ꣄,totally
ꢂꢱ꣄ꢒꢒꢥ꣄,entirely
ꢂꢱ꣄ꢒꢒꢥ꣄,"in toto, outright"
ꢥꢿꢪꢸꢤꢵꢥꢸ,systematically
ꢒꢶꢬꢪꢒꢥꢶ,respectively
ꢱꢵꢪꢸꢬ꣄,"before, in front"
ꢪꢸꢣꢸꢭ꣄,beforehand
ꢪꢸꢭ꣄ꢭꣁ,"before, in front"
ꢱꢸꢥ꣄ꢫꢵꢱ꣄,"before, in front"
ꢪꢸꢥ꣄ꢣꢞꢶ,before
ꢦꢹꢬ꣄ꢮꢡꢫꢬ꣄ꢒꢥꢶ,In advance
ꢡꢿ ꢮꢜ꣄ꢒꢥ,through
ꢶ ꢡꣁꢒꢥ꣄,through
ꢂꢯꢶꢡꢣ꣄ꢤꢒꢥꢶ ꢂꢱꢪꢥ꣄ꢡꢸꢒꢥꢶ,slacknessly
ꢲꢳ꣄ꢳꢸ,slowly
ꢲꢳꢸꢲꢳꢸꢒꢥꢶ,slowly
ꢬꢴꢡ꣄ꢡꢤꢵꢥꢸ,Indeed really
ꢲꢳ꣄ꢳꢸ,"slowly, low"
ꢥꢴꢥ꣄ꢓꢥꢶ꣄,thinly
ꢒꣁꢪ꣄ꢨꢸꢭꢒ,softly
ꢪꢶꢜ꣄ꢜꢵꢦꣁꢭ꣄ꢭꢪ꣄ꢒꢥꢶ,unevenly
ꢲꣁꢭ꣄ꢭ ꢲꣁꢭ꣄ꢭꢒ ꢦ꣄ꢬꢡ꣄ꢫꢒ꣄ꢰ꣄ꢒꢥꢶ ꢮ꣄ꢫꢒ꣄ꢫꢬꢡꢒꢥꢶ,apparently
ꢂꢖ꣄ꢔꢸꢥ꣄,Besides/and/as well
ꢡꢢꢵ,Besides/and/as well
ꢆꢛ꣄ꢗꣁ,"above, on"
ꢲꣂꢬ,"above, on"
꣄ ꢲꣁꢭ꣄ꢭꣁ,"above, on"
ꢪꢿꢜ꣄ꢒꢥꢶ,greatly
ꢯ꣄ꢬꢿꢰ꣄ꢝꢸꢒꢥꢶ,greatly
ꢆꢥ꣄ꢥꢡꢒꢥꢶ,greatly
ꢂꢱ꣄ꢒꢒꢥꢶ,totally
ꢦꢹꢬꢵꢒꢥꢶ,totally
ꢦꢹꢬ꣄ꢠꢸꢒꢥꢶ,totally
ꢪꣂꢱ꣄ꢒꢥꢶ,badly
ꢱꣁꢔꢸꢱ꣄ꢒꢥꢶ ꢮꢱꢫꢶꢒꢥꢶ,"comfortably, conveniently"
ꢮꢥ꣄ꢗꢥꢒꢥꢶ,cunningly
ꢡꢥ꣄ꢡꢸꢬ꣄ꢒꢥꢶ,cunningly
ꢮꢡꢸꢭ꣄ꢒꢥꢶ,roundly
ꢒ꣄ꢬꢪꢒꢥꢶ,in a row
ꢮꢶꢗꢵꢬ꣄ꢒ,regrettably
ꢮꢾꢒꢸꢭ꣄ꢒ,regrettably
ꢚꣀꢥ ꢦꣂꢒ꣄ꢒꢥꢶ ꢙꣀꢥ ꢦꣂꢒ꣄,right side
ꢡꢶꢫꣁꢒꢥ꣄,spontaneously
ꢦꣁꢭꢷꢪ꣄ꢒꢥ꣄,strongly
ꢧꢶꢬ꣄ꢭꢶ,curvedly
ꢮꢜ꣄ꢒꢾꢒꢥꢶ ꢬꢦ꣄ꢡꢒꢥꢶ,usually
ꢥꢴꢶꢥꢵꢮꢸꢒꢥꢶ,slipperly
ꢱꢸꢒ꣄ꢒꢾꢫꢒꢥꢶ ꢱꢸꢒ꣄ꢒꢾꢒꢥꢶ,Dryly / by drought
ꢒꢸꢬꢹꢬ꣄ꢒꢥꢶ,violently
ꢱꣁꣁꢜ꣄ꢠꢵꢡ꣄ꢡꢒ꣄,persistently
ꢮꢶꢣꢪ꣄ꢮꢶꢣꢪ꣄ꢒꢥꢶ ꢨꢲꢸꢮꢶꢣꢒꢥ꣄,different types
ꢞꢵꢪ꣄ꢨꢷꢒꢪ꣄ꢒꢥꢶ,pompously
ꢮꢶꢱ꣄ꢡꢵꢬꢒꢥꢶ,elaborately
ꢨꢶꢱ꣄ꢱꢒ,"fast, rapidly"
ꢄꢮꢬ꣄ꢒꢥꢶ ꢮꢶꢮꢬ꣄ꢒꢥꢶ,in detail
ꢡꢾꢒꢲꢵꢭ꣄ ꢡꢾꢭ꣄ꢫꢒꢲꢵꢭ꣄,hence
ꢮꢶꢫꢬ꣄ꢤꢒꢥꢶ,"wastely, vainly"
ꢓꢿꢭ꣄ꢒꢥꢶ,vauntingly
ꢦꢬꢵꢒ꣄ꢬꢪꢒꢥꢶ,valiantly
ꢤꣀꢬ꣄ꢫꢸꢒꢥꢶ,bravely
ꢨꢥ꣄ꢣꢵꢒꢥꢶ ꢃꢡ꣄ꢪꢯ꣄ꢭꢵꢕꢒꢥꢶ,Self praising
ꢂꢮꢪꢵꢥ꣄ꢒ,shamelessly
ꢂꢭꢔ꣄ꢔ ꢂꢭꢔ꣄ꢔ ꢣꢸꢱ꣄ꢬ ꢱꢸꢱ꣄ꢬꢫꢒꢥꢶ,separately
ꢲꢸꢙꢵꢭ꣄ꢒꢥꢶ,brightly
ꢪꣁꢥ꣄ꢥꢸ ꢙꢥ꣄ꢡꣁ,openly
ꢩꢬꢵꢜ꣄,"out, away"
ꢙꢷꢔꢶꢭꢶ,successfully
ꢓꢭꢶꢒꢥꢶ ꢬꢶꢒ꣄ꢡꢒꢥꢶ,barely
ꢨꢶꢱ꣄ꢱꣁ,quickly
ꢮꢾꢞꢶꢒ꣄ꢒꢥ꣄,funnily
ꢂꢭꢔ꣄ꢔ,aloof
ꢡꢸꢱ꣄ꢬꢤꢵꢥꢸ,otherwise
ꢮꢾꢒꢸꢭꢮꢾꢒꢸꢭꢒꢥꢶ,differently
ꢮꣀꢬꢵꢔꢫꢸꢒꢥꢶ꣄,stubbornly
ꢂꢮ꣄ꢒꣁ,laddle
ꢩꢮ꣄ꢥꢱ꣄,kitchen
ꢩꢮ꣄ꢥꢱ꣄,hearth
ꢗꢸꢭ꣄ꢭꣁ,oven
ꢚꢫ꣄ꢥꣁ,lid
ꢂꢠ꣄ꢞꣁ,big copper vessel for storing water
ꢂꢦ꣄ꢦꢸꢞꢵꢭꢸ ꢣꢾꢫ꣄ꢞꣁ,a stone or wooden plank to prepare papad
ꢂꢦ꣄ꢦꢸꢞꢵꢭꢸ ꢒꢾꢜ꣄ꢜꢾ,a rolar to prepare papad
ꢦꢜꣁ,crushing stone
ꢮꢳꢶ,a vertical knife to cut vegetables
ꢲꣁꢔꢭ꣄,grinding stone
ꢧꢭꢵꢬꢸ ꢲꢠ꣄ꢞꣁ,a vessal toprepare idli
ꢧꢭꢵꢬꢸ ꢡꢾꢜ꣄ꢜꣁ,a plate like vessal to prepare idli
ꢭꢴꣁꢒꢠꢸ ꢦꣁꢳꣁ,iron laddle
ꢭꢴꣁꢒꢠꢸ ꢪꢸꢱꢳ꣄,iron pestle
ꢪꢸꢗꢭ꣄,pestle
ꢱꢶꢒꣁ,pot hanger
ꢮꢶꢱ꣄ꢡꢮ꣄,cinder
ꢦꣁꢳꣁ,Sieve laddle
ꢦꢸꢜ꣄ꢜꢭ꣄ꢭꢸ ꢲꢮ꣄ꢒꣁ,sieve laddle
ꢂꢥꢭ꣄,cinder
ꢦꣁꢳꢶ,spoon
ꢓꣁꢳ꣄꣄ꢗꢾ,soot
ꢡꣁꢮ꣄ꢭꢶ,earthern pot
ꢣꢾꢔꢸꢞꢵ ꢲꢠ꣄ꢞꢶ,stone pot
ꢒꣀꢭꢒꢾꢱꢸꢬꢸ ꢓꣁꢮ꣄ꢞꢶ,vegetable basket
ꢦꢶꢖ꣄ꢔꢠꢶ,a bowl
ꢡꢪ꣄ꢨꢸꢬꢪꢸ ꢩꣁꢥ꣄ꢥꣁ,a copper vessal for storing water
ꢓꣁꢭ꣄ꢗꢵꢗꢸꢭ꣄ꢭꣁ,side oven
ꢒꣁꢜ꣄ꢦꣀ ꢗꢸꢭ꣄ꢭꣁ,side oven
ꢒꣀꢔꢶ,a vessel
ꢤꢶꢞ ꢲꢵꢡ꣄,dosai laddle
ꢣꢾꢱꢾ,a metal vessel
ꢙꢾꢭ꣄ꢭꢜ꣄,sieve
ꢥꢭꢾꢬ꣄ ꢗꢶꢦ꣄ꢦꣁ,Coconut shell
ꢗꢶꢦ꣄ꢦꣁ ꢲꢮ꣄ꢒꣁ,a laddle made of coconut shell
ꢩꢸꢛ꣄ꢙꢸꢥꢵ ꢲꢠ꣄ꢞꢶ,frying pan
ꢱꢸꢞꣁ,"winnow,"
ꢱꢸꢦ꣄ꢞꣁ,"winnow,"
ꢩꢖ꣄ꢔꢸꢞꢮ꣄,"winnow,"
ꢜꢦ꣄ꢦꣁ,"tin,"
ꢡꢾꢜ꣄ꢜꣁ,plate
ꢲꢬ꣄ꢮꢶ,plate
ꢗꢒꢶ,dry grinder
ꢲꢸꢳꣁ,fire
ꢮꢶꢱ꣄ꢡꢮ꣄,fire
ꢮꢶꢖ꣄ꢒꢳ꣄,fire
ꢡꢶꢮꢵꢦꢾꢜꢶ,match box
ꢗꢸꢳꢸꢥ꣄ꢣꢸ,spark of fire
ꢪꣁꢡ꣄ꢡꢸ,wooden pestle for stiring
ꢥꢬꢳꢸ ꢡꢸꢬ꣄ꢒꣁ,coconut grater
ꢤꢶꢞꢵ ꢲꢠ꣄ꢞꢶ,pan to make dosa
ꢦꢥꢶ ꢮꢵꢦ꣄,"steam,"
ꢒꢸꢳꢶ ꢲꢠ꣄ꢞꢶ,an iron pan to prepare a tiffin
ꢩꣁꢬꢠꢶ,jar
ꢦꣁꢳꢳꢵ ꢧꢸꢜ꣄ꢒꢶ,fruit basket
ꢦꢵꢡ꣄ꢬꣁ,vessel
ꢤꢹꢪ꣄,smoke
ꢭꢪ꣄ꢨꢸ ꢦꢸꢜ꣄ꢜꢶ,vessel for making puttu
ꢘꢸꢬꢶ,pen knife
ꢔꢸꢱꢸꢭꢡ꣄ꢡꢾ ꢪꣁꢡ꣄ꢡꢸ,Churning rod
ꢒꢾꢜ꣄ꢜꢾ ꢦꢵꢡ꣄ꢬꣁ,wooden vessel
ꢡꢾꢥ꣄ꢡꢸꢭꢵ ꢦꢶꢳ꣄ꢥꢵꢮ꣄,a vessel for preparing murukku
ꢙꢒꢸꢥꣁ,lid
ꢦꢾꢭꣁ,tumbler
ꢨꣂꢥꢶ,tumbler
ꢙꢾꢭ꣄ꢭꢜ꣄,strainer
ꢩꢸꢛ꣄ꢗꢸꢥꢵ ꢲꢠ꣄ꢜꢶ,frying pan
ꢮꢵꢬ꣄ꢦꢸꢠ꣄ꢜꢶ,A big vessel
ꢭꣀꢒꢸꢜꣁ,firewood
ꢗꢾꢒ꣄ꢒꢠꢶ,a big knife
ꢒꢗꢵ ꢦꢵꢡ꣄ꢬꣁ,a bronze vessal
ꢮꢶꢭꢵꢱ꣄,width
ꢬꢸꢥ꣄ꢣꢶ,width
ꢃꢒꢵꢬ꣄,size/ structure
ꢲꢡ꣄ꢡꢸ ꢮꢬ꣄ꢡꢸꢭꣁ,hemisphere
ꢱꢪꢵꢥ꣄ꢡꢬꢸ ꢬꢾꢓꢵꢥ꣄,parallel lines
ꢆꢖ꣄ꢗꣁ,height
ꢔꣁꢳ꣄,"globe, round"
ꢤꢸꢬꢸꢳ꣄,cylinder
ꢩꢵꢬ꣄,weight
ꢩꣁꢬꢠ,volume
ꢕꢥꢵꢒꢵꢬ꣄,cube
ꢦꢵꢄ~ ꢦꢬꢶꢤꢶ,Quadrant
ꢒꢸꢳ꣄ꢳꣁ,short
ꢒꢬ꣄ꢠꣁ,diameter
ꢯꢖ꣄ꢒꢸ,cone
ꢔꣂꢭ꣄,sphere
ꢗꢡꢸꢬ꣄,square
ꢗꢪꢗꢡꢸꢬ꣄,cube
ꢡꢶꢬ꣄ꢫꢒ꣄ ꢃꢒꢵꢬ꣄,slant
ꢃꢫꢡ ꢃꢒꢵꢬ꣄,rectangle
ꢭꢾꢪ꣄ꢨꣁ,length
ꢭꢵꢪ꣄,length
ꢒꢺꢬꢸꢔ ꢗꢵꢫꢡ꣄,prism
ꢦꢶꢬꢶꢪꢵꢠ꣄,dimension
ꢣꢾꢳ꣄,stoutness
ꢢꢷꢥ꣄ꢒꣂꢥꢸꢭ꣄ꢡ꣄ꢬꢶꢒꣂꢠ꣄,triangle
ꢂꢠ꣄ꢜꢵꢒꢵꢬ꣄,oval shape
ꢃꢒꢵꢬ꣄,shape
