sourashtra_word,hindi_pronunciation,tamil_pronunciation,roman_readable,havard_kyoto,iast,ipa,meaning_english,meaning_tamil,example_sentence_sourashtra,example_sentence_english,example_sentence_tamil,category,source
ꢣꣁꢨ꣄ꢨꢶ,दा॑ब्बि,தொ3ப்3பி3,do'bbi,dObbi,dŏbbi,d̪obbɪ,keepwide,அகட்டு,,,,Simple-Verbs,words
ꢙꢵ,जा,ஜா,jaa,jA,jā,d͡ʒɑː,go away,அகல்,,,,Simple-Verbs,words
ꢒꢹꢔ꣄,कूग,கூக்3,koog,kUg,kūg,kuːg,cock,அகவு,,,,Simple-Verbs,words
ꢲꢿꢜ꣄,हेट्,ஹேட்,het',heT,heṭ,ɦeːʈ,"remove, separate",அகற்று,,,,Simple-Verbs,words
ꢂꢖ꣄ꢔꢶꢒꢵꢬ꣄,अङ꣄किकार्,அங்கி3கார்,angikaar,aGgikAr,aṅgikār,əŋgɪkɑːɾ,recognize,அங்கீகரி,,,,Simple-Verbs,words
ꢲꢭ꣄ꢭꢵꢜ꣄,हल्लाट्,ஹல்லாட்,hallaat',hallAT,hallāṭ,ɦəllɑːʈ,to move,அசை,,,,Simple-Verbs,words
ꢆꢜ꣄ꢔꢵꢜ꣄,उट्गाट्,உட்3கா3ட்,ut'gaat',uTgAT,uṭgāṭ,uʈgɑːʈ,subdue,அடக்கு,,,,Simple-Verbs,words
ꢆꢜ꣄ꢔꢶ,उट्गि,உட்3கி3,ut'gi,uTgi,uṭgi,uʈgɪ,to be subdued,அடங்கு,,,,Simple-Verbs,words
ꢲꢵꢥ꣄,हान्,ஹான்,haan,hAn,hān,ɦɑːn̪,beat,அடி,,,,Simple-Verbs,words
ꢭꢥ꣄ꢣꢶ,लन्दि,லந்தி3,landi,landi,landi,lən̪d̪ɪ,approach,அடு,,,,Simple-Verbs,words
ꢱꢾꢥ꣄ꢡꢶ,स॑न्ति,ஸெந்தி,se'nti,sEnti,sĕnti,s̪en̪t̪ɪ,arrange,அடுக்கு,,,,Simple-Verbs,words
ꢙꢷ ꢗꢿꢬ꣄,जी चेर्,ஜீசேர்,jee cher,jI cer,jī cer,d͡ʒiː t͡ʃeːɾ,To reach,அடை,,,,Simple-Verbs,words
ꢚꢵꢔꢶ,झागि,ஜா2கி3,jhaagi,jhAgi,jhāgi,d͡ʒʰɑːgɪ,close,அடை,,,,Simple-Verbs,words
ꢆꢛBꢗꣁ ꢱꢵ,उञ꣄चा॑ सा,உஞ்சொ ஸா,unyaBcho' saa,uJaBcO sA,uñaBcŏ sā,uɲəBt͡ʃo s̪ɑː,see up,அண்ணார்,,,,Simple-Verbs,words
ꢕꢭ꣄ꢭꢾ,घल्ले,க4ல்லே,ghalle',ghallE,ghallĕ,gʰəlle,wear,அணி,,,,Simple-Verbs,words
ꢧꢶꢬ꣄ꢭꢾ,फिर्ले,பி2ர்லே,phirle',phirlE,phirlĕ,pʰɪɾle,wear,அணி,,,,Simple-Verbs,words
ꢪꢴꢮ꣄ꢭꢫꢶ ꢙꢵ,म्हव्लयि जा,ம:வ்லயி ஜா,mhavlayi jaa,mhavlayi jA,mhavlayi jā,mɦəʋləjɪ d͡ʒɑː,be extinguished,அணை,,,,Simple-Verbs,words
ꢪꢴꣃꢭꢶ,म्हौलि,மௌ:லி,mhauli,mhauli,mhauli,mɦəulɪ,extinguish,அணை,,,,Simple-Verbs,words
ꢒꢨꢶꢭ꣄ꢭꢾ,कबिल्ले,கபி3ல்லே,kabille',kabillE,kabillĕ,kəbɪlle,embrace,அணை,,,,Simple-Verbs,words
ꢭꢾꢔꢸꢡ꣄ꢡ ꢙꢵ,ल॑गुत्त जा,லெகு3த்த ஜா,le'gutta jaa,lEgutta jA,lĕgutta jā,legut̪t̪ə d͡ʒɑː,approach,அணுகு,,,,Simple-Verbs,words
ꢦꢬ꣄ꢮꢒꢿꢬ꣄,पर्वकेर,பர்வகேர்,parvaker,parvaker,parvaker,pəɾʋəkeːɾ,rebuke,அதட்டு,,,,Simple-Verbs,words
ꢮꢿꢥ꣄ ꢒꢿꢬ꣄,वेनकेर,வேன்கேர்,ven ker,ven ker,ven ker,ʋeːn̪ keːɾ,increase,அதிகரி,,,,Simple-Verbs,words
ꢃꢗ꣄ꢗꢬ꣄ꢫꢸꢦꣂꢜ꣄,आच्चयुपोट्,ஆஶ்சர்யுபோட்,aachcharyupot',AccaryupoT,āccaryupoṭ,ɑːt͡ʃt͡ʃəɾjupoːʈ,wonder,அதிசயி,,,,Simple-Verbs,words
ꢂꢣꢶꢬ꣄,अदिर,அதி3ர்,adir,adir,adir,əd̪ɪɾ,tremble,அதிர்,,,,Simple-Verbs,words
ꢂꢦ꣄ꢦꢶꢭꢾ,अप्पिले,அப்பிலே,appile',appilE,appilĕ,əppɪle,apply like a paste,அப்பு,,,,Simple-Verbs,words
ꢚꢾꢜ꣄ꢦꢶꢭꢾ,झेट्पिले,ஜெ2ட்பிலே,jhe't'pile',jhETpilE,jhĕṭpilĕ,d͡ʒʰeʈpɪle,steal,அபகரி,,,,Simple-Verbs,words
ꢱꣃꢔꢭ ꢒꢿꢬ꣄,सैगनकेर,ஸைக3னகேர்,saugala ker,saugala ker,saugala ker,s̪əugələ keːɾ,gesticulate,அபிநயி,,,,Simple-Verbs,words
ꢨꢷꢱ꣄,बीस्,பீ3ஸ்,bees,bIs,bīs,biːs̪,sit,அமர்,,,,Simple-Verbs,words
ꢨꢹꢜ꣄,बूट,பூ3ட்,boot',bUT,būṭ,buːʈ,be immersed,அமிழ்,,,,Simple-Verbs,words
ꢨꢸꢣꢵꢜ꣄,बुडाट्,பு3டா3ட்,budaat',budAT,budāṭ,bud̪ɑːʈ,immerse,அமிழ்த்து,,,,Simple-Verbs,words
ꢂꢪ꣄ꢒꢶ,अम्कि,அம்கி,amki,amki,amki,əmkɪ,press,அமுக்கு,,,,Simple-Verbs,words
ꢂꢪ꣄ꢒꢫꢶ ꢬꢴꢵ,अम्कयिर्ह,அம்கயிரா:,amkayi rhaa,amkayi rhA,amkayi rhā,əmkəjɪ ɾɦɑː,be pressed,அமுங்கு,,,,Simple-Verbs,words
ꢱꢾꢥ꣄ꢡꢶ ꢢꣂꢮ꣄,स॑न्तिथोव्,ஸெந்திதோ2வ்,se'nti thov,sEnti thov,sĕnti thov,s̪en̪t̪ɪ t̪ʰoːʋ,be arranged,அமை,,,,Simple-Verbs,words
ꢱꢾꢥ꣄ꢡꢫꢶꢬꢴꢵ,स॑न्तयिर्ह,ஸெந்தயிரா:,se'ntayirhaa,sEntayirhA,sĕntayirhā,s̪en̪t̪əjɪɾɦɑː,arranged,அமை,,,,Simple-Verbs,words
ꢲꢹꢖ꣄ꢔꢶꢤꢹꢭ꣄,हुङगिधूल्,ஹுங்கி3தூ4ள்,hoongidhool,hUGgidhUl,hūṅgidhūl,ɦuːŋgɪd̪ʰuːl,become drowsy,அயர்,,,,Simple-Verbs,words
ꢓꢮ꣄ꢙꢸꢭꢾ,खव्जुले,க2வ்ஜுலே,khavjule',khavjulE,khavjulĕ,kʰəʋd͡ʒule,"itch, sieve",அரி,,,,Simple-Verbs,words
ꢤꢵꢒ꣄ꢕꢵꢭ꣄,धाक्घाल,தா4க்கா4ல்,dhaakghaal,dhAkghAl,dhākghāl,d̪ʰɑːkgʰɑːl,frighten,அரட்டு,,,,Simple-Verbs,words
ꢨꢾꢣꢸꢬꢶ ꢦꣂꢜ꣄,ब॑दुरिपोट्,பெ3து3ரிபோட்,be'duri pot',bEduri poT,bĕduri poṭ,bed̪uɾɪ poːʈ,to be much afraid,அரள்,,,,Simple-Verbs,words
ꢣꢸꢒ꣄ꢒꢸꢦꣁꢞ꣄ꢳꢾ,दुक्कुपोड्ळ॑,து3க்குபொட்3ளே,dukkupo'd'l'e',dukkupODLE,dukkupŏḍl̤ĕ,d̪ukkupoɖɭe,lament,அரற்று,,,,Simple-Verbs,words
ꢦ꣄ꢬꢵꢬ꣄ꢡꢥꣁꢒꢾꢬ꣄,प्रार्तना॑केर,ப்ரார்தனொகேர்,praartano'ke'r,prArtanOkEr,prārtanŏkĕr,pɾɑːɾt̪ən̪okeɾ,pray,அர்ச்சி,,,,Simple-Verbs,words
ꢦꢿ,पे,பே,pe,pe,pe,peː,drink,அருந்து,,,,Simple-Verbs,words
ꢧꢸꢭꢫꢶꢬꢴꢵ,फुलयिर्हा,பு2லயிரா:,phulayirhaa,phulayirhA,phulayirhā,pʰuləjɪɾɦɑː,blossom,அரும்பு,,,,Simple-Verbs,words
ꢂꢫ꣄ꢫꢬꢮ꣄ ꢦꣁꢜ꣄,अय्यरव पोट,அய்யரவ் போட்,ayyarav po't',ayyarav pOT,ayyarav pŏṭ,əjjəɾəʋ poʈ,be disgusted with,அருவரு,,,,Simple-Verbs,words
ꢒ꣄ꢬꢸꢦꣁ ꢒꢾꢬ꣄,क्रुपा॑ केर,க்ருபொ கேர்,krupo' ke'r,krupO kEr,krupŏ kĕr,kɾupo keɾ,bestow favour,அருள்,,,,Simple-Verbs,words
ꢡꢾꢱꢫꢶ ꢦꣂꢜ꣄,त॑सयि पोट,தெஸயி போட்,te'sayi pot',tEsayi poT,tĕsayi poṭ,t̪es̪əjɪ poːʈ,be crushed,அரை,,,,Simple-Verbs,words
ꢭꢸꢨ꣄ꢨꢶ,लुब्बि,லுப்3பி3,lubbi,lubbi,lubbi,lubbɪ,grind,அரை,,,,Simple-Verbs,words
ꢂꢭꢖ꣄ꢒꢵꢬ꣄ ꢒꢿꢬ꣄,अलङकार्केर्,அலங்கார்கேர்,alankaar ker,alaGkAr ker,alaṅkār ker,ələŋkɑːɾ keːɾ,beautify /decorate,அலங்கரி,,,,Simple-Verbs,words
ꢲꢭ꣄ꢭꢵꢜ꣄,हल्लाट्,ஹல்லாட்,hallaat',hallAT,hallāṭ,ɦəllɑːʈ,move,அலங்கு,,,,Simple-Verbs,words
ꢂꢭ꣄ꢗꢶ,अल्चि,அல்சி,alchi,alci,alci,əlt͡ʃɪ,rinse,அலசு,,,,Simple-Verbs,words
ꢯ꣄꣄ꢭꢵꢕꢠꢒꢾꢬ꣄ꢭꢿ,श्लाघणक॑र्ले,ஶ்லாக4ணகெர்லே,shlaaghanake'rle,zlAghaNakErle,ślāghaṇakĕrle,ʃlɑːgʰəɳəkeɾleː,boast,அலட்டு,,,,Simple-Verbs,words
ꢤꢹꢮ꣄,धूव्,தூ4வ்,dhoov,dhUv,dhūv,d̪ʰuːʋ,wash,அலம்பு,,,,Simple-Verbs,words
ꢩꢮꢵꢜ꣄ꢡꢵꢫ꣄,भवाट्ताय,ப4வாட்தாய்,bhavaat'taay,bhavATtAy,bhavāṭtāy,bʰəʋɑːʈt̪ɑːj,scream,அலறு,,,,Simple-Verbs,words
ꢭꣂꢭ꣄ ꢦꣂꢜ꣄,लोल्पोट्,லோல்போட்,lol pot',lol poT,lol poṭ,loːl poːʈ,wander,அலை,,,,Simple-Verbs,words
ꢭꣂꢭ꣄ ꢦꣁꢞꢜ꣄,लोल पा॑डाट,லோல் பொடா3ட்,lol po'd'at',lol pODaT,lol pŏḍaṭ,loːl poɖəʈ,make to wander,அலை/ அலைக்கழி,,,,Simple-Verbs,words
ꢱꢶꢬꢳ꣄꣄ꢙꢵꢜ꣄,सिरळ्जाट,ஸிரள்ஜாட்,siral'jaat',siraLjAT,siral̤jāṭ,s̪ɪɾəɭd͡ʒɑːʈ,make to wander,அலை/ அலைக்கழி,,,,Simple-Verbs,words
ꢥꢯꢶꢶꢥꢪ꣄ ꢲꣁ,नशिनम हो,நஶினம்ஹோ,nashiinam ho',naziinam hO,naśiinam hŏ,n̪əʃɪɪn̪əm ɦo,be destroyed,அழி,,,,Simple-Verbs,words
ꢥꢵꢯꢥꣁ ꢲꣁ,नाशनो हो,நாஶனொ ஹோ,naashano' ho',nAzanO hO,nāśanŏ hŏ,n̪ɑːʃən̪o ɦo,be destroyed,அழி,,,,Simple-Verbs,words
ꢥꢯꢶꢶꢥꢪ꣄ ꢒꢿꢬ꣄,नशिनम केर्,நஶினம்கேர்,nashiinam ker,naziinam ker,naśiinam ker,n̪əʃɪɪn̪əm keːɾ,destroy,அழி,,,,Simple-Verbs,words
ꢱꢶꢙ꣄ꢮꢶ,सिज्वि,ஸிஜ்வி,sijvi,sijvi,sijvi,s̪ɪd͡ʒʋɪ,boil,அவி,,,,Simple-Verbs,words
ꢱꢶꢮ꣄ꢙꢶ,सिव्जि,ஸிவ்ஜி,sivji,sivji,sivji,s̪ɪʋd͡ʒɪ,boil,அவி,,,,Simple-Verbs,words
ꢱꣁꢮ꣄ꢞꢶ,सा॑व्डि,ஸொவ்டி3,so'vd'i,sOvDi,sŏvḍi,s̪oʋɖɪ,loosen,அவிழ்,,,,Simple-Verbs,words
ꢬꣂꢜ꣄,रोट्,ரோட்,rot',roT,roṭ,ɾoːʈ,"cry, weap",அழு,,,,Simple-Verbs,words
ꢪꢸꢬ꣄ꢔꢶ,मुर्गि,முர்கி3,murgi,murgi,murgi,muɾgɪ,decay,அழுகு,,,,Simple-Verbs,words
ꢪꢸꢬ꣄ꢔꢫꢶꢙꢵ,मुर्गयिजा,முர்க3யிஜா,murgayijaa,murgayijA,murgayijā,muɾgəjɪd͡ʒɑː,decay,அழுகு,,,,Simple-Verbs,words
ꢂꢪ꣄ꢒꢫꢶꢙꢵ,अम्कयिजा,அம்கயிஜா,amkayijaa,amkayijA,amkayijā,əmkəjɪd͡ʒɑː,be pressed,அழுந்து,,,,Simple-Verbs,words
ꢨꣂꢮ꣄,बोव्,போ3வ்,bov,bov,bov,boːʋ,call,அழை,,,,Simple-Verbs,words
ꢮꢵꢬ꣄,वार्,வார்,vaar,vAr,vār,ʋɑːɾ,take handful,அள்ளு,,,,Simple-Verbs,words
ꢪꣂꢮ꣄,मोव्,மோவ்,mov,mov,mov,moːʋ,measure,அள,,,,Simple-Verbs,words
ꢪꣁꢮ꣄ꢙꢶ,मा॑व्जि,மொவ்ஜி,mo'vji,mOvji,mŏvji,moʋd͡ʒɪ,measure,அள,,,,Simple-Verbs,words
ꢣꢿ,दे,தே3,de,de,de,d̪eː,give,அளி,,,,Simple-Verbs,words
ꢒꢮ꣄ꢭꢶ,कव्लि,கவ்லி,kavli,kavli,kavli,kəʋlɪ,meddle,அளை,,,,Simple-Verbs,words
ꢒꢳꣀꢭꢾ,कळैले,களைலே,kal'aile',kaLailE,kal̤ailĕ,kəɭəɪle,know,அறி,,,,Simple-Verbs,words
ꢒꢜꢫꢶꢙꢵ,कटयि जा,கடயி ஜா,kat'ayijaa,kaTayijA,kaṭayijā,kəʈəjɪd͡ʒɑː,be cut,அறு,,,,Simple-Verbs,words
ꢒꢵꢜ꣄,काट्,காட்,kaat',kAT,kāṭ,kɑːʈ,cut,அறு,,,,Simple-Verbs,words
ꢕꢵꢪ꣄ ꢡꢵꢫ꣄,घाम्ताय्,கா4ம்தாய்,ghaam taay,ghAm tAy,ghām tāy,gʰɑːm t̪ɑːj,beat strongly,அறை,,,,Simple-Verbs,words
ꢤꢵꢥꢸꢒ꣄ꢙꢵ,धानुक्जा,தா4னுக்ஜா,dhaanukjaa,dhAnukjA,dhānukjā,d̪ʰɑːn̪ukd͡ʒɑː,follow,அனுசரி,,,,Simple-Verbs,words
ꢂꢥꢸꢱꢬꢶ,अनुसरि,அனுஸரி,anusari,anusari,anusari,ən̪us̪əɾɪ,follow,அனுசரி,,,,Simple-Verbs,words
ꢤꢜ꣄ꢞꢾ,धट्डे,த4ட்டே3,dhat'd'e',dhaTDE,dhaṭḍĕ,d̪ʰəʈɖe,send,அனுப்பு,,,,Simple-Verbs,words
ꢂꢥꢸꢨꢮꢶꢛ꣄ꢗꢶ,अनुबविञ्चि,அனுப3விஞ்சி,anubavinchi,anubaviJci,anubaviñci,ən̪ubəʋɪɲt͡ʃɪ,experience,அனுபவி,,,,Simple-Verbs,words
ꢦꣁꢥ꣄ꢣꢶ,पा॑न्दि,பொந்தி3,po'ndi,pOndi,pŏndi,pon̪d̪ɪ,experience,அனுபவி,,,,Simple-Verbs,words
ꢂꢥꢸꢪꢡꢶ,अनुमति,அனுமதி,anumati,anumati,anumati,ən̪umət̪ɪ,permit,அனுமதி,,,,Simple-Verbs,words
ꢇꢲꢪ꣄ ꢒꢿꢬ꣄,ऊहम केर,ஊஹம் கேர்,ooham ker,Uham ker,ūham ker,uːɦəm keːɾ,guess,அனுமானி,,,,Simple-Verbs,words
ꢃꢒ꣄ꢬꢪꣁ ꢒꢿꢬ꣄,आक्रमा॑ केर,ஆக்ரமொ கேர்,aakramo' ker,AkramO ker,ākramŏ ker,ɑːkɾəmo keːɾ,aggress,ஆக்கிரமி,,,,Simple-Verbs,words
ꢲꣁꢮꢵꢜ꣄,होवाट,ஹொவாட்,ho'vaat',hOvAT,hŏvāṭ,ɦoʋɑːʈ,make,ஆக்கு,,,,Simple-Verbs,words
ꢲꣂ,हो,ஹோ,ho,ho,ho,ɦoː,become,ஆகு,,,,Simple-Verbs,words
ꢃꢯꢶꢬ꣄ꢮꢵꢡ꣄ ꢒꢿꢬ꣄,आशिर्वात्केर्,ஆஶிர்வாத் கேர்,aashirvaat ker,AzirvAt ker,āśirvāt ker,ɑːʃɪɾʋɑːt̪ keːɾ,bless,ஆசீர்வதி,,,,Simple-Verbs,words
ꢃꢒ꣄ꢰꢿꢿꢦꢠꣁ ꢒꢿꢬ꣄,आक्षएपणा॑केर्,ஆக்க்ஷேபணொகேர்,aaksheepano' ker,AkSeepaNO ker,ākṣeepaṇŏ ker,ɑːkʂeːeːpəɳo keːɾ,object,ஆட்சேபி,,,,Simple-Verbs,words
ꢲꢶꢥ꣄ꢣꢵꢳ꣄,हिन्दाळ्,ஹிந்தா3ள்,hindaal',hindAL,hindāl̤,ɦɪn̪d̪ɑːɭ,swing,ஆட்டு,,,,Simple-Verbs,words
ꢥꢵꢗ꣄,नाच्,நாச்,naach,nAc,nāc,n̪ɑːt͡ʃ,"dance, swing",ஆடு,,,,Simple-Verbs,words
ꢓꢵꢭ꣄,खाळ्,கா2ள்,khaal,khAl,khāl,kʰɑːl,"dance, swing",ஆடு,,,,Simple-Verbs,words
ꢃꢣꢬꣁ ꢒꢿꢬ꣄,आदरा॑ केर,ஆத3ரொ கேர்,aadaro' ker,AdarO ker,ādarŏ ker,ɑːd̪əɾo keːɾ,support,ஆதரி,,,,Simple-Verbs,words
ꢂꢣ꣄ꢣꢶꢥꢶ ꢣꢿ,अद्दिनि दे,அத்3தி3னி தே3,addini de,addini de,addini de,əd̪d̪ɪn̪ɪ d̪eː,support,ஆதரி,,,,Simple-Verbs,words
ꢏꢦ꣄ꢦꢶꢭꢿ,आ॑प्पिले,ஒப்பிலே,o'ppile,Oppile,ŏppile,oppɪleː,accept,ஆமோதி,,,,Simple-Verbs,words
ꢂꢬꢸꢪ꣄ꢦꢪ꣄ꢒꢾꢬ꣄,हरुम्बम्केर,ஹரும்ப3ம்கேர்,arumpamke'r,arumpamkEr,arumpamkĕr,əɾumpəmkeɾ,begin,ஆரம்பி,,,,Simple-Verbs,words
ꢬꢾꢗ꣄ꢗꣁꢡꢵꢫ꣄,रेच्चा॑ताय,ரெச்சொதாய்,re'chcho'taay,rEccOtAy,rĕccŏtāy,ɾet͡ʃt͡ʃot̪ɑːj,make noise,ஆரவாரி,,,,Simple-Verbs,words
ꢣꢷꢬ꣄ꢡ꣄ꢡꢸꢨꢸꢞꢜ꣄,तीर्त्तुबुडाट,தீர்த்துபு3டா3ட்,deerttubud'at',dIrttubuDaT,dīrttubuḍaṭ,d̪iːɾt̪t̪ubuɖəʈ,give holy bath,ஆராட்டு,,,,Simple-Verbs,words
ꢦꢬꢶꢯꣂꢤꢥꣁ ꢒꢿꢬ꣄,परिशोधना॑ केर,பரிஶோத4னொ கேர்,parishodhano' ker,parizodhanO ker,pariśodhanŏ ker,pəɾɪʃoːd̪ʰən̪o keːɾ,research,ஆராய்,,,,Simple-Verbs,words
ꢱꢾꢗ꣄ꢗꢶꢭꢿ,स॑र्च्चिले,ஸெர்சிலே,se'chchile,sEccile,sĕccile,s̪et͡ʃt͡ʃɪleː,think,ஆலோசி,,,,Simple-Verbs,words
ꢨꢹꢞ꣄,बूड्,பூ3ட்3,bood',bUD,būḍ,buːɖ,immerse,ஆழ்,,,,Simple-Verbs,words
ꢨꢸꢞ꣄ꢮꢶ,बुड्वि,பு3ட்3வி,bud'vi,buDvi,buḍvi,buɖʋɪ,immerse,ஆழ்த்து,,,,Simple-Verbs,words
ꢱꣀꢱꢶ,सौसि,ஸௌஸி,saisi,saisi,saisi,s̪əɪs̪ɪ,rule,ஆள்,,,,Simple-Verbs,words
ꢥꢶꢮꢵꢜ꣄,निवाट्,நிவாட்,nivaat',nivAT,nivāṭ,n̪ɪʋɑːʈ,cool,ஆற்று,,,,Simple-Verbs,words
ꢥꢶꢮꢳ꣄ꢳꢾ,निवळ्ळ॑,நிவள்ளெ,nival'l'e',nivaLLE,nival̤l̤ĕ,n̪ɪʋəɭɭe,be cooled,ஆறு,,,,Simple-Verbs,words
ꢤꢸꢮꢿꢰ꣄ ꢒꢿꢬ꣄,धुवेष्केर्,து4வேஷ்கேர்,dhuvesh ker,dhuveS ker,dhuveṣ ker,d̪ʰuʋeːʂ keːɾ,despise,இகழ்,,,,Simple-Verbs,words
ꢗꢾꢬꢶ ꢙꢵ,च॑रिजा,செரிஜா,che'ri jaa,cEri jA,cĕri jā,t͡ʃeɾɪ d͡ʒɑː,agree,இசை,,,,Simple-Verbs,words
ꢱꢸꢡꢶ ꢡꢵꢫ꣄,सुति ताय,ஸுதி தாய்,suti taay,suti tAy,suti tāy,s̪ut̪ɪ t̪ɑːj,tune,இசை,,,,Simple-Verbs,words
ꢢꢾꢜ꣄ꢒꢶ ꢦꣁꢜ꣄,थ॑ट्कि पोट,தெ2ட்கி போட்,the't'ki po't',thETki pOT,thĕṭki pŏṭ,t̪ʰeʈkɪ poʈ,stumble,இடறு,,,,Simple-Verbs,words
ꢦꢸꢜ꣄ꢜꢶ ꢦꣁꢜ꣄,फुट्टि पोट,பு2ட்டி போட்,put't'i po't',puTTi pOT,puṭṭi pŏṭ,puʈʈɪ poʈ,be demolished,இடி,,,,Simple-Verbs,words
ꢧꣁꢞꢶꢡꢵꢫ꣄,फा॑डिताय,பொ2டி3தாய்,pho'd'itaay,phODitAy,phŏḍitāy,pʰoɖɪt̪ɑːj,demolish,இடி,,,,Simple-Verbs,words
ꢢꣂꢮ꣄,थोव्,தோ2வ்,thov,thov,thov,t̪ʰoːʋ,"put, wear",இடு,,,,Simple-Verbs,words
ꢕꢳ꣄ꢳꢿ,घळ्ळे,க4ள்ளே,ghal'l'e,ghaLLe,ghal̤l̤e,gʰəɭɭeː,"put, wear",இடு,,,,Simple-Verbs,words
ꢥꢾꢱ꣄ꢒꢶꢭꢶ ꢙꢵ,न॑स्किलिजा,நெஸ்கிலிஜா,ne'skili jaa,nEskili jA,nĕskili jā,n̪es̪kɪlɪ d͡ʒɑː,sqeeze,இடுக்கு,,,,Simple-Verbs,words
ꢐꢬ꣄ꢦꢸꢒꢾꢬ꣄ꢭꢿ,ओर्पुकेर्ले,ஓர்புகெர்லே,orpuke'rle,orpukErle,orpukĕrle,oːɾpukeɾleː,accept,இணங்கு,,,,Simple-Verbs,words
ꢗꢿꢬ꣄,चेर्,சேர்,cher,cer,cer,t͡ʃeːɾ,be joined,இணை,,,,Simple-Verbs,words
ꢗꢾꢬ꣄ꢗ꣄ꢗꢶ,चेर्च्चि,செர்சி,che'rchchi,cErcci,cĕrcci,t͡ʃeɾt͡ʃt͡ʃɪ,join,இணை,,,,Simple-Verbs,words
ꢪꢶꢱ꣄ꢒꢶ,मिस्कि,மிஸ்கி,miski,miski,miski,mɪs̪kɪ,closing eyes for a second,இமை,,,,Simple-Verbs,words
ꢒꢵꢪ꣄ ꢒꢾꢬꢵꢜ꣄,काम्क॑राट्,காம்கெராட்,kaam ke'raat',kAm kErAT,kām kĕrāṭ,kɑːm keɾɑːʈ,"direct, operate",இயக்கு,,,,Simple-Verbs,words
ꢤꢪꢵꢜ꣄,धमाट्,த4மாட்,dhamaat',dhamAT,dhamāṭ,d̪ʰəmɑːʈ,"direct, operate",இயக்கு,,,,Simple-Verbs,words
ꢒꢵꢪ꣄ ꢒꢿꢬ꣄,काम्केर्,காம்கேர்,kaam ker,kAm ker,kām ker,kɑːm keːɾ,"be moved, be operated",இயங்கு,,,,Simple-Verbs,words
ꢤꢵꢪ꣄,धाम्,தா4ம்,dhaam,dhAm,dhām,d̪ʰɑːm,"be moved, be operated",இயங்கு,,,,Simple-Verbs,words
ꢱꢖ꣄ꢔꢶ,सङगि,ஸங்கி3,sangi,saGgi,saṅgi,s̪əŋgɪ,tell,இயம்பு,,,,Simple-Verbs,words
ꢪꢹꢱ꣄,मूस,மூஸ்,moos,mUs,mūs,muːs̪,can,இயல்,,,,Simple-Verbs,words
ꢆꢬꢸꢮ꣄ ꢒꢿꢬ꣄,उरुव्केर्,உருவ்கேர்,uruv ker,uruv ker,uruv ker,uɾuʋ keːɾ,compose,இயற்று,,,,Simple-Verbs,words
ꢐꢬ꣄ꢦ꣄ꢦꢸ ꢒꢾꢬ꣄ꢭꢾ,ओर्प्पुकेर्ले,ஓர்புகெர்லே,orppu ke'rle',orppu kErlE,orppu kĕrlĕ,oːɾppu keɾle,agree,இயை,,,,Simple-Verbs,words
ꢩꢷꢔ꣄ ꢪꢵꢫ꣄,भीग् माय्,பீ4க்மாய்,bheeg maay,bhIg mAy,bhīg māy,bʰiːg mɑːj,beg,இர,,,,Simple-Verbs,words
ꢣꢫꣁ ꢒꢿꢬ꣄,दया॑केर्,த3யொகேர்,dayo' ker,dayO ker,dayŏ ker,d̪əjo keːɾ,show mercy,இரங்கு,,,,Simple-Verbs,words
ꢱꣁꢪ꣄ꢦꢸ ꢦꣁꢥ꣄ꢣꢶ,सा॑म्पुपा॑न्दि,ஸொம்புபொந்தி3,so'mpu po'ndi,sOmpu pOndi,sŏmpu pŏndi,s̪ompu pon̪d̪ɪ,enjoy,இரசி,,,,Simple-Verbs,words
ꢒꢨꢵꢜ꣄,कबाट,கபா3ட்,kabaat',kabAT,kabāṭ,kəbɑːʈ,"to protect, save",இரட்சி,,,,Simple-Verbs,words
ꢬꢒ꣄ꢰꢠꣁꢒꢿꢬ꣄,रक्षणा॑केर,ரக்ஷணொ கேர்,rakshano'ker,rakSaNOker,rakṣaṇŏker,ɾəkʂəɳokeːɾ,"to protect, save",இரட்சி,,,,Simple-Verbs,words
ꢣꢷꢮꢜꣁ ꢒꢿꢬ꣄,दीवटा॑ केर,தீ3வடொ கேர்,deevat'o' ker,dIvaTO ker,dīvaṭŏ ker,d̪iːʋəʈo keːɾ,double,இரட்டி,,,,Simple-Verbs,words
ꢬꢴꢵ,र्हा,ரா:,rhaa,rhA,rhā,ɾɦɑː,be,இரு,,,,Simple-Verbs,words
ꢲꢥ꣄ꢣꢵꢬ꣄ ꢦꣂꢜ꣄,हन्दार्पोट्,ஹந்தா3ர்போட்,handaar pot',handAr poT,handār poṭ,ɦən̪d̪ɑːɾ poːʈ,be dark,இருட்டு,,,,Simple-Verbs,words
ꢬꢴꢮꢵꢜ꣄,र्हवाट्,ர:வாட்,rhavaat',rhavAT,rhavāṭ,ɾɦəʋɑːʈ,make sit,இருத்து,,,,Simple-Verbs,words
ꢕꣁꢮ꣄ꢭꢶ,खा॑व्लि,கொ2வ்லி,gho'vli,ghOvli,ghŏvli,gʰoʋlɪ,cough,இருமு,,,,Simple-Verbs,words
ꢲꢥ꣄ꢣꢵꢬ꣄ꢒꢥ ꢶꢬꢴꢵ,हन्दार्कनि र्हा,ஹந்தா3ர்கனி ரா:,handaarkana irhaa,handArkana irhA,handārkana irhā,ɦən̪d̪ɑːɾkən̪ə ɪɾɦɑː,be dark,இருள்,,,,Simple-Verbs,words
ꢬꢵꢒ꣄ ꢂꢮꢳ꣄ꢳꢾ,राक अवळ्ळे,ராக்அவள்ளே,raak aval'l'e',rAk avaLLE,rāk aval̤l̤ĕ,ɾɑːk əʋəɭɭe,get angry,இரை,,,,Simple-Verbs,words
ꢬꢵꢒ꣄ ꢂꢠ꣄ꢭꢿ,राक अण्ले,ராக் அண்லே,raak anle,rAk aNle,rāk aṇle,ɾɑːk əɳleː,get angry,இரை,,,,Simple-Verbs,words
ꢲꢾꢪ꣄ꢦꢶ,ह॑म्पि,ஹெம்பி,he'mpi,hEmpi,hĕmpi,ɦempɪ,breath hard,இரை,,,,Simple-Verbs,words
ꢬꢴꢵ,र्हा,ரா:,rhaa,rhA,rhā,ɾɦɑː,to be,இலங்கு,,,,Simple-Verbs,words
ꢙꢮꢳ꣄ꢳꢾ,जवळ्ळे,ஜவள்ளே,javal'l'e',javaLLE,javal̤l̤ĕ,d͡ʒəʋəɭɭe,lose,இழ,,,,Simple-Verbs,words
ꢲꢸꢡ꣄ꢡꢶꢬ꣄,हुत्तिर,ஹுத்திர்,huttir,huttir,huttir,ɦut̪t̪ɪɾ,get down,இழி,,,,Simple-Verbs,words
ꢆꢜ꣄ꢗꢶ,उट्चि,உட்சி,ut'chi,uTci,uṭci,uʈt͡ʃɪ,pull,இழு,,,,Simple-Verbs,words
ꢓꢶꢛ꣄ꢗꢶ,खिञ्चि,கி2ஞ்சி,khinchi,khiJci,khiñci,kʰɪɲt͡ʃɪ,pull,இழு,,,,Simple-Verbs,words
ꢤꢶꢭ꣄ꢭ ꢬꢴꢵ,धिल्ल र्हा,தி4ல்லரா:,dhilla rhaa,dhilla rhA,dhilla rhā,d̪ʰɪllə ɾɦɑː,be loose,இழுகு,,,,Simple-Verbs,words
ꢒꣁꢪ꣄ꢨꢸꢭꢵꢩꢵꢮ꣄ ꢱꢾꢬ ꢬꢴꢵ,का॑म्बुलाभाव स॑र र्हा,கொம்பு3ளாபா4வ் ஸெர ரா:,ko'mbulaabhaav se'ra rhaa,kOmbulAbhAv sEra rhA,kŏmbulābhāv sĕra rhā,kombulɑːbʰɑːʋ s̪eɾə ɾɦɑː,have tender feeling,இழை,,,,Simple-Verbs,words
ꢡꢵꢡ꣄ꢒꢿꢬ꣄,तात्केर,தாத்கேர்,taatker,tAtker,tātker,t̪ɑːt̪keːɾ,to spin,இழை,,,,Simple-Verbs,words
ꢦꢳ꣄꣄ꢜꣁꢒꢿꢬ꣄,पळ्टा॑केर,பள்டொகேர்,pal't'o'ker,paLTOker,pal̤ṭŏker,pəɭʈokeːɾ,melt,இளக்கு,,,,Simple-Verbs,words
ꢦꢳ꣄ꢜꣁꢲꣂ,पळ्टा॑हो,பள்டொஹோ,pal't'o'ho,paLTOho,pal̤ṭŏho,pəɭʈoɦoː,melt,இளகு,,,,Simple-Verbs,words
ꢣꢵꢡ꣄ꢣꢾꢒ꣄ꢒꢵꢜ꣄,दात्द॑क्काट,தா3த்தெ3க்காட்,daatde'kkaat',dAtdEkkAT,dātdĕkkāṭ,d̪ɑːt̪d̪ekkɑːʈ,grin,இளி,,,,Simple-Verbs,words
ꢏꢜ꣄ꢗꢶ,आ॑ट्चि,ஒட்சி,o't'chi,OTci,ŏṭci,oʈt͡ʃɪ,filter,இறு,,,,Simple-Verbs,words
ꢄꢬ꣄ꢒ꣄ꢒꢶ,इर्क्कि,இர்க்கி,irkki,irkki,irkki,ɪɾkkɪ,tighten,இறுக்கு,,,,Simple-Verbs,words
ꢕꢾꢞꢶ ꢦꣂꢜ꣄,घ॑डिपोट्,கெ4டி3போட்,ghe'd'i pot',ghEDi poT,ghĕḍi poṭ,gʰeɖɪ poːʈ,become hard,இறுகு,,,,Simple-Verbs,words
ꢒꢾꢬꢸꢮ꣄ ꢦꣂꢜ꣄,क॑रुव्पोट्,கெ3ருவ்போட்,ke'ruv pot',kEruv poT,kĕruv poṭ,keɾuʋ poːʈ,be proud of,இறுமா,,,,Simple-Verbs,words
ꢪꣂꢬ꣄,मोर्,மோர்,mor,mor,mor,moːɾ,die,இற,,,,Simple-Verbs,words
ꢲꢹꢡ꣄ꢡꢸꢬꢵꢜ꣄,हुत्तुराट्,ஹுத்துராட்,hootturaat',hUtturAT,hūtturāṭ,ɦuːt̪t̪uɾɑːʈ,get down,இறக்கு,,,,Simple-Verbs,words
ꢲꢹꢡ꣄ꢡꢶꢬ꣄,हुत्तिर्,ஹுத்திர்,hoottir,hUttir,hūttir,ɦuːt̪t̪ɪɾ,decend,இறங்கு,,,,Simple-Verbs,words
ꢦꢾꢬ꣄ꢦ꣄ꢦꢶ,प॑र्प्पि,பெர்ப்பி,pe'rppi,pErppi,pĕrppi,peɾppɪ,spread,இறை,,,,Simple-Verbs,words
ꢱꢾꢥ꣄ꢡꢶ,स॑न्ति,செந்தி3,se'nti,sEnti,sĕnti,s̪en̪t̪ɪ,draw water,இறை,,,,Simple-Verbs,words
ꢒꢾꢛ꣄ꢙꢶ,क॑ञ्जि,கெஞ்ஜி,ke'nji,kEJji,kĕñji,keɲd͡ʒɪ,beg,இறஞ்சு,,,,Simple-Verbs,words
ꢔꢸꢳ꣄ꢳꢾ ꢬꢴꢵ,गुळ्ळ॑ र्हा,கு3ள்ளெ ரா:,gul'l'e' rhaa,guLLE rhA,gul̤l̤ĕ rhā,guɭɭe ɾɦɑː,be sweet,இனி,,,,Simple-Verbs,words
ꢙꣁꢞꢸꢛ꣄ꢗꢶ,जा॑डुञ्चि,ஜொடு3ஞ்சி,jo'd'unchi,jODuJci,jŏḍuñci,d͡ʒoɖuɲt͡ʃɪ,get,ஈட்டு,,,,Simple-Verbs,words
ꢙꢿꢥ꣄,जेन्,ஜேன்,jen,jen,jen,d͡ʒeːn̪,give birth,ஈன்,,,,Simple-Verbs,words
ꢱꢹꢓꢪ꣄ꢦꣁꢥ꣄ꢣꢶ,सुखम्पा॑न्दि,ஸூக2ம்பொந்தி3,sookhampo'ndi,sUkhampOndi,sūkhampŏndi,s̪uːkʰəmpon̪d̪ɪ,enjoy,உக,,,,Simple-Verbs,words
ꢬꣂꢜ꣄,रोट,ரோட்,rot',roT,roṭ,ɾoːʈ,shed,உகு,,,,Simple-Verbs,words
ꢣꣁꢳꢵꢪ꣄ ꢦꢥꢶ ꢱꣂꢜ꣄,दा॑ळाम्पनि सोट,தொ3ளாம் பனி ஸோட்,do'l'aam pani sot',dOLAm pani soT,dŏl̤ām pani soṭ,d̪oɭɑːm pən̪ɪ s̪oːʈ,shed,உகு,,,,Simple-Verbs,words
ꢆꢗ꣄ꢗꢵꢬꢠꣁ ꢒꢿꢬ꣄,उच्चारणा॑केर,உச்சாரணொகேர்,uchchaarano' ker,uccAraNO ker,uccāraṇŏ ker,ut͡ʃt͡ʃɑːɾəɳo keːɾ,pronounce,உச்சரி,,,,Simple-Verbs,words
ꢲꢸꢞꢵꢜ꣄,हुडाट,ஹுடா3ட்,hud'aat',huDAT,huḍāṭ,ɦuɖɑːʈ,wake up,உசுப்பு,,,,Simple-Verbs,words
ꢄꢮꢬ꣄ ꢦꢸꢱꢶꢭꢾ,इवर्पुसिले,இவர்புஸிலே,ivar pusile',ivar pusilE,ivar pusilĕ,ɪʋəɾ pus̪ɪle,enquire,உசாவு,,,,Simple-Verbs,words
ꢕꢭ꣄ꢭꢾ,घल्ल॑,க4ல்லே,ghalle',ghallE,ghallĕ,gʰəlle,dress up,உடு/ உடுத்து,,,,Simple-Verbs,words
ꢧꢶꢭ꣄ꢭꢾ,फिर्ल॑,பி2ர்லே,phille',phillE,phillĕ,pʰɪlle,dress up,உடு/ உடுத்து,,,,Simple-Verbs,words
ꢧꢸꢜ꣄ꢜꢶ ꢙꢵ,फुट्टि जा,பு2ட்டி ஜா,phut't'i jaa,phuTTi jA,phuṭṭi jā,pʰuʈʈɪ d͡ʒɑː,be broken,உடை,,,,Simple-Verbs,words
ꢧꣂꢜ꣄,फोट्,போ2ட்,phot',phoT,phoṭ,pʰoːʈ,break,உடை,,,,Simple-Verbs,words
ꢓꢵ,खा,கா2,khaa,khA,khā,kʰɑː,eat,உண்,,,,Simple-Verbs,words
ꢆꢬꢸꢮ꣄ ꢒꢿꢬ꣄,उरुव्केर्,உருவ்கேர்,uruv ker,uruv ker,uruv ker,uɾuʋ keːɾ,make,உண்டாக்கு,,,,Simple-Verbs,words
ꢆꢡ꣄ꢦꢡ꣄ꢡꢶ ꢒꢿꢬ꣄,उत्पत्तिकेर,உத்பத்திகேர்,utpatti ker,utpatti ker,utpatti ker,ut̪pət̪t̪ɪ keːɾ,make,உண்டாக்கு,,,,Simple-Verbs,words
ꢱꢹꢒ꣄ꢒꢵꢜ꣄,सुक्काट्,ஸுக்காட்,sookkaat',sUkkAT,sūkkāṭ,s̪uːkkɑːʈ,dry,உலர்,,,,Simple-Verbs,words
ꢱꢹꢒ꣄ꢒꢶ ꢙꢵ,सुक्कि जा,ஸுக்கிஜா,sookki jaa,sUkki jA,sūkki jā,s̪uːkkɪ d͡ʒɑː,dry,உலர்,,,,Simple-Verbs,words
ꢆꢥ꣄ꢳꢾ,उन्ळे,உன்ளே,unl'e',unLE,unl̤ĕ,un̪ɭe,feel,உணர்,,,,Simple-Verbs,words
ꢙꢥ꣄ꢭꢾ,जन्ले,ஜன்லே,janle',janlE,janlĕ,d͡ʒən̪le,feel,உணர்,,,,Simple-Verbs,words
ꢆꢥ꣄ꢥꢵꢜ꣄,उन्नाट,உன்னாட்,unnaat',unnAT,unnāṭ,un̪n̪ɑːʈ,make to feel,உணர்,,,,Simple-Verbs,words
ꢙꢥꢵꢜ꣄,जनाट,ஜனாட்,janaat',janAT,janāṭ,d͡ʒən̪ɑːʈ,make to feel,உணர்,,,,Simple-Verbs,words
ꢤ꣄ꢫꢾꢫꢸ,ध्येयु,த்4யேயு,dhye'yu,dhyEyu,dhyĕyu,d̪ʰjeju,"decide, aim",உத்தேசி,,,,Simple-Verbs,words
ꢭꢒ꣄ꢰ꣄ꢫꢸ,लक्ष्यु,லக்ஷ்யு,lakshyu,lakSyu,lakṣyu,ləkʂju,"decide, aim",உத்தேசி,,,,Simple-Verbs,words
ꢱꢲꢵꢮ꣄ꢒꢿꢬ꣄,सहाव्केर,ஸஹாவ்கேர்,sahaavker,sahAvker,sahāvker,s̪əɦɑːʋkeːɾ,help,உதவு,,,,Simple-Verbs,words
ꢮꢶꢭꢶꢛ꣄ꢗꢶ,विलिञ्चि,விலிஞ்சி,vilinchi,viliJci,viliñci,ʋɪlɪɲt͡ʃɪ,shake off,உதறு,,,,Simple-Verbs,words
ꢆꢛ꣄ꢗꣁ ꢃꢮ꣄,उञ्चा॑ आव्,உஞ்சொ ஆவ்,uncho' aav,uJcO Av,uñcŏ āv,uɲt͡ʃo ɑːʋ,rise,உதி,,,,Simple-Verbs,words
ꢭꢵꢭ꣄,लाल्,லால்,laal,lAl,lāl,lɑːl,shed off,உதிர்,,,,Simple-Verbs,words
ꢭꢵꢡ꣄,लात्,லாத்,laat,lAt,lāt,lɑːt̪,kick,உதை,,,,Simple-Verbs,words
ꢣꣁꢨ꣄ꢨꢶ,दोब्बि,தொ3ப்3பி3,do'bbi,dObbi,dŏbbi,d̪obbɪ,push,உந்து,,,,Simple-Verbs,words
ꢧꢸꢔ꣄ꢔꢶ,फुग्गि,பு2க்3கி3,phuggi,phuggi,phuggi,pʰuggɪ,swollen,உப்பு,,,,Simple-Verbs,words
ꢧꣁꢮ꣄ꢠꢦꢥ꣄ꢒꢿꢬ꣄,फा॑व्णपन्केर,பொ2வ்ணபன்கேர்,pho'vnapanker,phOvNapanker,phŏvṇapanker,pʰoʋɳəpən̪keːɾ,treat,உபசரி,,,,Simple-Verbs,words
ꢨꢸꢣ꣄ꢣꢶ ꢱꢖ꣄ꢔꢶ,बुद्दिसङ्गि,பு3த்3தி3ஸங்கி3,buddi sangi,buddi saGgi,buddi saṅgi,bud̪d̪ɪ s̪əŋgɪ,advise,உபதேசி,,,,Simple-Verbs,words
ꢮꢮ꣄ꢬꢶ,व्व्रि,வவ்ரி,vavri,vavri,vavri,ʋəʋɾɪ,use,உபயோகி,,,,Simple-Verbs,words
ꢆꢨꢫꣂꢒ꣄ ꢒꢿꢬ꣄,उब्योक्केर्,உப3யோக்கேர்,ubayok ker,ubayok ker,ubayok ker,ubəjoːk keːɾ,use,உபயோகி,,,,Simple-Verbs,words
ꢤꢹꢮ꣄,थूव्,தூ2வ்,dhoov,dhUv,dhūv,d̪ʰuːʋ,spit,உமிழ்,,,,Simple-Verbs,words
ꢆꢛ꣄ꢗꣁ ꢡꢸꢒ꣄ꢒꢶ,उञ्चा॑ तुक्कि,உஞ்சொதுக்கி,uncho' tukki,uJcO tukki,uñcŏ tukki,uɲt͡ʃo t̪ukkɪ,lift,உயர்த்து,,,,Simple-Verbs,words
ꢔꢿꢱ꣄,गेस्,கே3ஸ்,ges,ges,ges,geːs̪,rub,உரசு,,,,Simple-Verbs,words
ꢱꣁꢭꢫꢾ,सा॑लय॑,ஸொலயெ,so'laye',sOlayE,sŏlayĕ,s̪oləje,be peel,உரி,,,,Simple-Verbs,words
ꢱꣂꢭ꣄,सोल्,ஸோல்,sol,sol,sol,s̪oːl,peel,உரி,,,,Simple-Verbs,words
ꢒꢾꢬ꣄ꢖ꣄ꢔꢵꢜ꣄,क॑रङगाट,கெருங்கா3ட்,ke'rngaat',kErGgAT,kĕrṅgāṭ,keɾŋgɑːʈ,melt,உருக்கு,,,,Simple-Verbs,words
ꢒꢾꢬꢸꢬ꣄ꢔꢾꢫ,क॑रुङक्ग॑य,கெருங்க்கெ3ய,ke'rurge'ya,kErurgEya,kĕrurgĕya,keɾuɾgejə,melt,உருகு,,,,Simple-Verbs,words
ꢤꢸꢳꢵꢜ꣄,धुळाट्,து4ளாட்,dhul'aat',dhuLAT,dhul̤āṭ,d̪ʰuɭɑːʈ,roll,உருட்டு,,,,Simple-Verbs,words
ꢬꢹꢦ꣄ ꢒꢾꢬ꣄ꢭꢾ,रूक॑र्ले,ரூப்கெர்லே,roop ke'rle',rUp kErlE,rūp kĕrlĕ,ɾuːp keɾle,figurate,உருவகி,,,,Simple-Verbs,words
ꢣꢹꢱ꣄,दूस्,தூ3ஸ்,doos,dUs,dūs,d̪uːs̪,take out,உருவு,,,,Simple-Verbs,words
ꢤꢹꢭ꣄,धूल्,தூ4ள்,dhool,dhUl,dhūl,d̪ʰuːl,roll,உருள்,,,,Simple-Verbs,words
ꢔꢾꢱꢫꢫꣁ,ग॑सयया॑,கெ3ஸயயொ,ge'sayayo',gEsayayO,gĕsayayŏ,ges̪əjəjo,be rubbed,உரை,,,,Simple-Verbs,words
ꢮꢣꢫꣁ,वदया॑,வத3யொ,vadayo',vadayO,vadayŏ,ʋəd̪əjo,tell,உரை,,,,Simple-Verbs,words
ꢱꢹꢒ꣄ꢒꢶ,चुक्कि,சுக்கி,sookki,sUkki,sūkki,s̪uːkkɪ,dry,உலர்,,,,Simple-Verbs,words
ꢱꢹꢒ꣄ꢒꢵꢜ꣄,सुक्काट,சுக்காட்,sookkaat',sUkkAT,sūkkāṭ,s̪uːkkɑːʈ,Dry up,உலர்த்து,,,,Simple-Verbs,words
ꢆꢭꢵꢱ꣄ ꢒꢿꢬ꣄,उलास्केर्,உலாஸ்கேர்,ulaas ker,ulAs ker,ulās ker,ulɑːs̪ keːɾ,wander,உலவு,,,,Simple-Verbs,words
ꢲꢸꢭ꣄ꢦ꣄ꢦꢶ,हुल्प्पि,ஹுல்ப்பி,hulppi,hulppi,hulppi,ɦulppɪ,shake,உலுக்கு,,,,Simple-Verbs,words
ꢲꢷꢭ꣄ꢦ꣄ꢦꢫꢶ ꢬꢴꢵ,हील्प्पयि र्हा,ஹுல்ப்பயிரா:,heelppayi rhaa,hIlppayi rhA,hīlppayi rhā,ɦiːlppəjɪ ɾɦɑː,be shaken,உலுங்கு,,,,Simple-Verbs,words
ꢆꢭꢫꢶ ꢬꢴꢵ,उलयि र्हा,உலயிரா:,ulayi rhaa,ulayi rhA,ulayi rhā,uləjɪ ɾɦɑː,be disordered,உலை,,,,Simple-Verbs,words
ꢆꢭꢫꢶ ꢙꢮꢵꢜ꣄,उलयिजवाट्,உலயிஜவாட்,ulayi javaat',ulayi javAT,ulayi javāṭ,uləjɪ d͡ʒəʋɑːʈ,disorder,உலை,,,,Simple-Verbs,words
ꢱꣁꢪ꣄ꢦꢸ,सा॑म्पु,ஸொம்பு,so'mpu,sOmpu,sŏmpu,s̪ompu,enjoy,உவ,,,,Simple-Verbs,words
ꢱꢵꢥ꣄ꢡꢶ,शान्ति,ஶாந்தி,saanti,sAnti,sānti,s̪ɑːn̪t̪ɪ,enjoy,உவ,,,,Simple-Verbs,words
ꢡꣂꢡ꣄ ꢱꢵ,तोत्सा,தோத் ஸா,tot saa,tot sA,tot sā,t̪oːt̪ s̪ɑː,compare,உவமி,,,,Simple-Verbs,words
ꢪꢷꢜ꣄ꢒꢥ꣄ ꢱꢿ,मीट्कन्से,மீட்கன் ஸே,meet'kan se,mITkan se,mīṭkan se,miːʈkən̪ s̪eː,be salt tasty,உவர்,,,,Simple-Verbs,words
ꢂꢞ꣄ꢞꢪ꣄ ꢦꣂꢜ꣄,अड्डम्पोट्,அட்3ட3ம் போட்,ad'd'am pot',aDDam poT,aḍḍam poṭ,əɖɖəm poːʈ,meddle,உழப்பு,,,,Simple-Verbs,words
ꢭꣂꢭ꣄ ꢦꣂꢜ꣄,लोल्पोट्,லோல்போட்,lol pot',lol poT,lol poṭ,loːl poːʈ,suffer,உழல்,,,,Simple-Verbs,words
ꢙꢸꢥ꣄ꢥꢶ,जुन्नि,ஜுன்னி,junni,junni,junni,d͡ʒun̪n̪ɪ,plough,உழு,,,,Simple-Verbs,words
ꢦꢵꢜ꣄ ꢦꣂꢜ꣄,पाट्पोट्,பாட்போட்,paat' pot',pAT poT,pāṭ poṭ,pɑːʈ poːʈ,work hard,உழை,,,,Simple-Verbs,words
ꢂꢥꢬ꣄ꢡ꣄ꢡ ꢮꢵꢡ꣄ ꢒꢿꢬ꣄,अनर्त्तवात्केर्,அனர்த்தவாத்கேர்,anartta vaat ker,anartta vAt ker,anartta vāt ker,ən̪əɾt̪t̪ə ʋɑːt̪ keːɾ,babble,உளறு,,,,Simple-Verbs,words
ꢒ꣄ꢰꢷꢠ꣄ ꢲꣁꢫꢶ ꢙꢵ,क्षईण् हा॑यि जा,க்ஷீண் ஹொயி ஜா,ksheen ho'yi jaa,kSIN hOyi jA,kṣīṇ hŏyi jā,kʂiːɳ ɦojɪ d͡ʒɑː,be destroyed like a log,உளு,,,,Simple-Verbs,words
ꢄꢥ꣄ꢒꢫꢶ ꢙꢵ,इन्कयि जा,இன்கயி ஜா,inkayi jaa,inkayi jA,inkayi jā,ɪn̪kəjɪ d͡ʒɑː,sprain,உளுக்கு,,,,Simple-Verbs,words
ꢣꢸꢒ꣄ꢒꢸ ꢦꣁꢥ꣄ꢣꢶ,दुक्कुपा॑न्दि,து3க்குபொந்தி3,dukku po'ndi,dukku pOndi,dukku pŏndi,d̪ukku pon̪d̪ɪ,worry,உளை,,,,Simple-Verbs,words
ꢥꢶꢛ꣄ꢙꢶ,निञ्जि,நிஞ்ஜி,ninji,niJji,niñji,n̪ɪɲd͡ʒɪ,sleep,உறங்கு,,,,Simple-Verbs,words
ꢚꢸꢬ꣄,झूर्,ஜு2ர்,jhur,jhur,jhur,d͡ʒʰuɾ,suck,உறிஞ்சு,,,,Simple-Verbs,words
ꢗꢸꢠ꣄ꢜꢶ,चुण्टि,சுண்டி,chunt'i,cuNTi,cuṇṭi,t͡ʃuɳʈɪ,pinch,உறுத்து,,,,Simple-Verbs,words
ꢔꢾꢬ꣄ꢙꢥꣁ ꢒꢿꢬ꣄,ग॑र्जना॑ केर्,கெ3ர்ஜனொ கேர்,ge'rjano' ker,gErjanO ker,gĕrjanŏ ker,geɾd͡ʒən̪o keːɾ,roar,உறுமு,,,,Simple-Verbs,words
ꢕꢾꢞꢶ ꢨꣂꢜ꣄,घ॑डिपोट्,கெ4டி3போட்,ghe'd'i bot',ghEDi boT,ghĕḍi boṭ,gʰeɖɪ boːʈ,freeze,உறை,,,,Simple-Verbs,words
ꢪꣁꢥ꣄ꢥꢸꢪ꣄ ꢲꢶꢨ꣄ꢨꢶ,मा॑न्नुम्हिब्बि,மொன்னும்ஹிப்3பி3,mo'nnum hibbi,mOnnum hibbi,mŏnnum hibbi,mon̪n̪um ɦɪbbɪ,get fixed in the mind,உறை,,,,Simple-Verbs,words
ꢲꢞ꣄ꢮꢶ,हड्वि,ஹட்வி,had'vi,haDvi,haḍvi,ɦəɖʋɪ,think,உன்னு,,,,Simple-Verbs,words
ꢤꣀꢬ꣄ꢫꢪ꣄ ꢣꢿ,धैर्यम्दे,தை4ர்யம்தே3,dhairyam de,dhairyam de,dhairyam de,d̪ʰəɪɾjəm d̪eː,encourage,ஊக்கு,,,,Simple-Verbs,words
ꢓꢮꢵꢜ꣄,खवाट्,க2வாட்,khavaat',khavAT,khavāṭ,kʰəʋɑːʈ,feed,ஊட்டு,,,,Simple-Verbs,words
ꢥꢴꢥ꣄ ꢚꢾꢔꢸꢜꣁ,न्हन्झ॑गुटा॑,ந:ன் ஜெ2கு3டொ3,nhan jhe'gut'o',nhan jhEguTO,nhan jhĕguṭŏ,n̪ɦən̪ d͡ʒʰeguʈo,have petty quarrel,ஊடு,,,,Simple-Verbs,words
ꢧꢹꢮ꣄,फूव्,பூ2வ்,phoov,phUv,phūv,pʰuːʋ,blow,ஊது,,,,Simple-Verbs,words
ꢚꢶꢬ꣄ꢒꢶ,झिर्कि,ஜி2ர்கி,jhirki,jhirki,jhirki,d͡ʒʰɪɾkɪ,crawl,ஊர்,,,,Simple-Verbs,words
ꢱꣂꢜ꣄,सोट्,ஸோட்,sot',soT,soṭ,s̪oːʈ,pour,ஊற்று,,,,Simple-Verbs,words
ꢆꢡ꣄ꢙꢭ꣄ ꢲꣂ,उत्जल हो,உத்ஜல் ஹோ,utjal ho,utjal ho,utjal ho,ut̪d͡ʒəl ɦoː,spring,ஊறு,,,,Simple-Verbs,words
ꢔꢵꢜ꣄,गाट,கா3ட்,gaat',gAT,gāṭ,gɑːʈ,plant,ஊன்று,,,,Simple-Verbs,words
ꢦꣂꢜ꣄ꢦꢣꢵꢳ꣄꣄ꢒꢾꢬ꣄ꢭꢿ,पोट्पदाळ्क॑रल॑,போட்பதா3ள்கெர்லே,pot'padaal'ke'rle,poTpadALkErle,poṭpadāl̤kĕrle,poːʈpəd̪ɑːɭkeɾleː,to pull stomach in,எக்கு,,,,Simple-Verbs,words
ꢪꢶꢡꢪꢶꢛ꣄ꢗꢶ ꢙꢵ,मितमिञ्चि जा,மிதமிஞ்சி ஜா,mitaminchi jaa,mitamiJci jA,mitamiñci jā,mɪt̪əmɪɲt͡ʃɪ d͡ʒɑː,over go,எகிறு,,,,Simple-Verbs,words
ꢙꢵꢔ꣄ꢬꢡꢶ ꢒꢿꢬ꣄,जाग्रति केर,ஜாக்3ரதி கேர்,jaagrati ker,jAgrati ker,jāgrati ker,d͡ʒɑːgɾət̪ɪ keːɾ,caution,எச்சரி,,,,Simple-Verbs,words
ꢂꢥ꣄ꢣꢶ,अन्दि,அந்தி3,andi,andi,andi,ən̪d̪ɪ,reach,எட்டு,,,,Simple-Verbs,words
ꢭꢥ꣄ꢣꢶ,लन्दि,லந்தி3,landi,landi,landi,lən̪d̪ɪ,reach,எட்டு,,,,Simple-Verbs,words
ꢙꢾꢫ꣄ ꢗꢿꢬ꣄,जेय चेर,ஜெய் சேர்,je'y cher,jEy cer,jĕy cer,d͡ʒej t͡ʃeːɾ,reach,எட்டு,,,,Simple-Verbs,words
ꢓꢳ꣄ꢭꢾ,खळ्ल॑,க2ள்லே,khal'le',khaLlE,khal̤lĕ,kʰəɭle,take,எடு,,,,Simple-Verbs,words
ꢓꢵꢜ꣄,खाट,கா2ட்,khaat',khAT,khāṭ,kʰɑːʈ,take,எடு,,,,Simple-Verbs,words
ꢪꣁꢮ꣄ꢙꢶ,मोव्जि,மொவ்ஜி,mo'vji,mOvji,mŏvji,moʋd͡ʒɪ,count,எண்ணு,,,,Simple-Verbs,words
ꢪꣂꢮ꣄,मोव्,மோவ்,mov,mov,mov,moːʋ,count,எண்ணு,,,,Simple-Verbs,words
ꢫꢡ꣄ꢡꢥ꣄ ꢒꢿꢬ꣄,यत्तन्केर्,யத்தன்கேர்,yattan ker,yattan ker,yattan ker,jət̪t̪ən̪ keːɾ,try,எத்தனி,,,,Simple-Verbs,words
ꢡꢶꢬꢔ꣄ ꢲꢶꢨ꣄ꢨꢶ,तिरग् हिब्बि,திரக்3 ஹிப்3பி3,tirag hibbi,tirag hibbi,tirag hibbi,t̪ɪɾəg ɦɪbbɪ,oppose,எதிர்,,,,Simple-Verbs,words
ꢆꢱꢶꢭ꣄,उसिल्,உஸிள்,usil,usil,usil,us̪ɪl,jump,எம்பு,,,,Simple-Verbs,words
ꢨꢵꢠ꣄ ꢱꣂꢜ꣄,बाण्सोट्,பா3ண்ஸோட்,baan sot',bAN soT,bāṇ soṭ,bɑːɳ s̪oːʈ,shoot,எய்,,,,Simple-Verbs,words
ꢙꢾꢳꢶ ꢙꢵ,ज॑ळिजा,ஜெளிஜா,je'l'i jaa,jELi jA,jĕl̤i jā,d͡ʒeɭɪ d͡ʒɑː,be burnt,எரி,,,,Simple-Verbs,words
ꢙꢵꢳ꣄,जाळ्,ஜாள்,jaal',jAL,jāl̤,d͡ʒɑːɭ,burn,எரி,,,,Simple-Verbs,words
ꢲꢹꢜ꣄,हूट्,ஹூட்,hoot',hUT,hūṭ,ɦuːʈ,get up,எழு,,,,Simple-Verbs,words
ꢭꢶꢒ꣄ꢒꢶ,लिक्कि,லிக்கி,likki,likki,likki,lɪkkɪ,write,எழுது,,,,Simple-Verbs,words
ꢭꢶꢓꢶ,लिखि,லிகி2,likhi,likhi,likhi,lɪkʰɪ,write,எழுது,,,,Simple-Verbs,words
ꢔꢾꢭ꣄ꢭꢭ꣄ ꢒꢿꢬ꣄,ग॑ल्लल्केर्,கெ3ல்லல்கேர்,ge'llal ker,gEllal ker,gĕllal ker,gelləl keːɾ,ridicule,எள்ளு,,,,Simple-Verbs,words
ꢮꢶꢱꢶꢬ꣄,विसिर्,விஸிர்,visir,visir,visir,ʋɪs̪ɪɾ,throw,எறி,,,,Simple-Verbs,words
ꢙꢵ,जा,ஜா,jaa,jA,jā,d͡ʒɑː,go,ஏகு,,,,Simple-Verbs,words
ꢲꢾꢡꣁ ꢦꣂꢜ꣄,ह॑ता॑ पोट,ஹெதொ போட்,he'to' pot',hEtO poT,hĕtŏ poṭ,ɦet̪o poːʈ,long for,ஏங்கு,,,,Simple-Verbs,words
ꢔꢵꢳ꣄꣄ꢞꢾ,गाळ्डे,கா3ள்டே3,gaal'd'e',gALDE,gāl̤ḍĕ,gɑːɭɖe,scold,ஏசு,,,,Simple-Verbs,words
ꢤꢾꢬ꣄ꢭꢿ,धेर्ले,தெ4ர்லே,dhe'rle,dhErle,dhĕrle,d̪ʰeɾleː,hold in hand,ஏந்து,,,,Simple-Verbs,words
ꢌꢗ꣄ꢗꢵꢜ꣄,एच्चाट,எச்சாட்,e'chchaat',EccAT,ĕccāṭ,et͡ʃt͡ʃɑːʈ,cheat,ஏமாற்று,,,,Simple-Verbs,words
ꢲꢸꢖ꣄ꢔꢵꢜ꣄,हूङ्गाट,ஹுங்கா3ட்,hungaat',huGgAT,huṅgāṭ,ɦuŋgɑːʈ,cheat,ஏமாற்று,,,,Simple-Verbs,words
ꢌꢗ꣄ꢗꢜ꣄ꢥꢶ ꢦꣂꢜ꣄,एच्चट्निपोट,எச்சட்னிபோட்,e'chchat'ni pot',EccaTni poT,ĕccaṭni poṭ,et͡ʃt͡ʃəʈn̪ɪ poːʈ,be cheated,ஏமாறு,,,,Simple-Verbs,words
ꢲꢸꢖ꣄ꢔꢫꢶ ꢙꢵ,हुङ्गयिजा,ஹுங்க3யி ஜா,hungayi jaa,huGgayi jA,huṅgayi jā,ɦuŋgəjɪ d͡ʒɑː,be cheated,ஏமாறு,,,,Simple-Verbs,words
ꢤꢞ꣄ꢞꢾ,धड्डे,த4ட்3டே3,dhad'd'e',dhaDDE,dhaḍḍĕ,d̪ʰəɖɖe,launch,ஏவு,,,,Simple-Verbs,words
ꢦ꣄ꢬꢒ꣄ꢰꢿꢦꢠꣁ ꢒꢿꢬ꣄,प्रक्षेपणो केर,ப்ரக்ஷேபணொ கேர்,prakshepano' ker,prakSepaNO ker,prakṣepaṇŏ ker,pɾəkʂeːpəɳo keːɾ,launch,ஏவு,,,,Simple-Verbs,words
ꢲꣁꢮꢥ꣄ ꢬꢴꢵ,होवन र्हा,ஹொவன் ரா:,ho'van rhaa,hOvan rhA,hŏvan rhā,ɦoʋən̪ ɾɦɑː,happen,ஏற்படு,,,,Simple-Verbs,words
ꢲꢶꢖ꣄ꢔꢵꢜ꣄,हिङगाट्,ஹிங்கா3ட்,hingaat',hiGgAT,hiṅgāṭ,ɦɪŋgɑːʈ,hoist,ஏற்று,,,,Simple-Verbs,words
ꢲꢶꢖ꣄ꢔꢶ,हिङगि,ஹிங்கி3,hingi,hiGgi,hiṅgi,ɦɪŋgɪ,"climb, get into",ஏறு,,,,Simple-Verbs,words
ꢣꣁꢮ꣄ꢱꢶ,द॑व्सि,தெ3வ்ஸி,do'vsi,dOvsi,dŏvsi,d̪oʋs̪ɪ,stick,ஒட்டு,,,,Simple-Verbs,words
ꢪꢸꢜ꣄ꢜꢶꢬꢴꢵ,मुट्टि र्हा,முட்டிரா:,mut't'irhaa,muTTirhA,muṭṭirhā,muʈʈɪɾɦɑː,break,ஒடி,,,,Simple-Verbs,words
ꢪꢸꢞ꣄ꢙꢵ,मुड्जा,முட்3ஜா,mud'jaa,muDjA,muḍjā,muɖd͡ʒɑː,break,ஒடி,,,,Simple-Verbs,words
ꢪꣂꢞ꣄,मोड,மோட்3,mod',moD,moḍ,moːɖ,break,ஒடி,,,,Simple-Verbs,words
ꢆꢣ꣄ꢔꢵꢜ꣄,उड्गाट,உட்3கா3ட்,udgaat',udgAT,udgāṭ,ud̪gɑːʈ,control,ஒடுக்கு,,,,Simple-Verbs,words
ꢆꢣ꣄ꢔꢶ,उड्गि,உட்3கி3,udgi,udgi,udgi,ud̪gɪ,be controlled,ஒடுங்கு,,,,Simple-Verbs,words
ꢃꢱ꣄ꢬꢫꢶꢭꢶ ꢬꢴꢵ,आस्रयिलि र्हा,ஆஶ்ரயிலி ரா:,aasrayili rhaa,Asrayili rhA,āsrayili rhā,ɑːs̪ɾəjɪlɪ ɾɦɑː,take shelter,ஒண்டு,,,,Simple-Verbs,words
ꢮꢜ ꢒꢿꢬ꣄,वट केर,வட கேர்,vat'a ker,vaTa ker,vaṭa ker,ʋəʈə keːɾ,allot,ஒதுக்கு,,,,Simple-Verbs,words
ꢐꢬ꣄ꢡꣁ ꢬꢴꢵ,ओर्ता॑ र्हा,ஓர்தொரா:,orto' rhaa,ortO rhA,ortŏ rhā,oːɾt̪o ɾɦɑː,take shelter,ஒதுங்கு,,,,Simple-Verbs,words
ꢥꢷꢞꢪ꣄ ꢬꢴꢵ,नीडाम् र्हा,நீடா3ம் ரா:,need'am rhaa,nIDam rhA,nīḍam rhā,n̪iːɖəm ɾɦɑː,take shelter,ஒதுங்கு,,,,Simple-Verbs,words
ꢦꢵꢬꢵꢫꢠꣁ ꢒꢿꢬ꣄,पारायणा॑ केर,பாராயணொ கேர்,paaraayano' ker,pArAyaNO ker,pārāyaṇŏ ker,pɑːɾɑːjəɳo keːɾ,recite,ஒப்பி,,,,Simple-Verbs,words
ꢧꢶꢬꢶꢧꢶꢬꢶ ꢪꢿꢥ꣄,फिरिफिरि मेन,பி2ரிபி2ரி மேன்,phiriphiri men,phiriphiri men,phiriphiri men,pʰɪɾɪpʰɪɾɪ meːn̪,recite,ஒப்பி,,,,Simple-Verbs,words
ꢏꢦ꣄ꢦꢶꢭꢾ,आ॑प्पिले,ஒப்பிலே,o'ppile',OppilE,ŏppilĕ,oppɪle,agree,ஒப்பு,,,,Simple-Verbs,words
ꢐꢒ꣄ꢦꣁꢒꢸꢬ꣄ ꢥꢶꢛ꣄ꢗꢶ,ओक्पोकुर निञ्चि,ஓக்போகுர் நிஞ்சி,okpo'kur ninchi,okpOkur niJci,okpŏkur niñci,oːkpokuɾ n̪ɪɲt͡ʃɪ,lie down on one side,ஒருக்கணி/ ஒருக்களி,,,,Simple-Verbs,words
ꢱꢨ꣄ꢣꢸ ꢒꢾꢬ꣄,सब्दु केर,ஸப்3து3 கேர்,sabdu ke'r,sabdu kEr,sabdu kĕr,s̪əbd̪u keɾ,sound,ஒலி,,,,Simple-Verbs,words
ꢤ꣄ꢮꢪ꣄ꢱꢸ ꢲꣂ,ध्वम्सु हो,த்4வம்ஸு ஹோ,dhvamsu ho,dhvamsu ho,dhvamsu ho,d̪ʰʋəms̪u ɦoː,be destroyed,ஒழி,,,,Simple-Verbs,words
ꢤ꣄ꢮꢪ꣄ꢱꢸ ꢒꢿꢬ꣄,ध्वम्सु केर्,த்4வம்ஸு கேர்,dhvamsu ker,dhvamsu ker,dhvamsu ker,d̪ʰʋəms̪u keːɾ,destroy,ஒழி,,,,Simple-Verbs,words
ꢔꢾꢳꢶꢶ ꢙꢮꢵꢜ꣄,गेळि जवाट्,கெ3ளி ஜவாட்,ge'l'ii javaat',gELii javAT,gĕl̤ii javāṭ,geɭɪɪ d͡ʒəʋɑːʈ,ooze out,ஒழுக்கு,,,,Simple-Verbs,words
ꢔꢾꢳꢶꢶ ꢙꢵ,गेळि जा,கெ3ளிஜா,ge'l'ii jaa,gELii jA,gĕl̤ii jā,geɭɪɪ d͡ʒɑː,leak,ஒழுகு,,,,Simple-Verbs,words
ꢭꢶꢒ꣄ꢒꢶꢭꢾ,लुक्किले,லுக்கிலே,likkile',likkilE,likkilĕ,lɪkkɪle,hide,ஒளி,,,,Simple-Verbs,words
ꢙꣁꢭꢶꢛ꣄ꢗꢶ,जा॑लिञ्चि,ஜொலிஞ்சி,jo'linchi,jOliJci,jŏliñci,d͡ʒolɪɲt͡ʃɪ,"glitter, shine",ஒளிர்,,,,Simple-Verbs,words
ꢣꢾꢠ꣄ꢞꢥꣁ ꢡꢿ,द॑ण्डना॑ ते,தெ3ண்ட3னொதே,de'nd'ano' te,dENDanO te,dĕṇḍanŏ te,d̪eɳɖən̪o t̪eː,punish,ஒறு,,,,Simple-Verbs,words
ꢗꢾꢬ꣄ꢗꢶ,च॑र्चि,செர்சி,che'rchi,cErci,cĕrci,t͡ʃeɾt͡ʃɪ,join,ஒன்று,,,,Simple-Verbs,words
ꢏꢔꢬꢶ ꢒꢿꢬ꣄,आ॑गरि केर्,ஒக3ரிகேர்,o'gari ker,Ogari ker,ŏgari ker,ogəɾɪ keːɾ,vomit,ஓங்கரி,,,,Simple-Verbs,words
ꢗꢾꢣꢵꢮ꣄ ꢲꣂ,च॑डाव्हो,செடா3வ்ஹோ,che'daav ho,cEdAv ho,cĕdāv ho,t͡ʃed̪ɑːʋ ɦoː,raise,ஓங்கு,,,,Simple-Verbs,words
ꢣꣁꢮ꣄ꢞꢶ,दा॑व्डि,தொ3வ்டி3,do'vd'i,dOvDi,dŏvḍi,d̪oʋɖɪ,drive,ஓட்டு,,,,Simple-Verbs,words
ꢤꢵꢪ꣄,धाम्,தா4ம்,dhaam,dhAm,dhām,d̪ʰɑːm,run,ஓடு,,,,Simple-Verbs,words
ꢆꢗ꣄ꢗꢵꢜꢠꣁ ꢒꢿꢬ꣄,उच्चाटणा॑ केर्,உச்சாடணொகேர்,uchchaat'ano' ker,uccATaNO ker,uccāṭaṇŏ ker,ut͡ʃt͡ʃɑːʈəɳo keːɾ,read,ஓது,,,,Simple-Verbs,words
ꢗꢾꢮ꣄ꢣꢶ,च॑व्दि,செவ்தி3,che'vdi,cEvdi,cĕvdi,t͡ʃeʋd̪ɪ,read,ஓது,,,,Simple-Verbs,words
ꢦꢵꢭꢥꣁ ꢒꢿꢬ꣄,पालना॑ केर्,பாலனொகேர்,paalano' ker,pAlanO ker,pālanŏ ker,pɑːlən̪o keːɾ,protect,ஓம்பு,,,,Simple-Verbs,words
ꢱꢶꢥꢫꢶ ꢙꢵ,सिनयि जा,ஸினயி ஜா,sinayi jaa,sinayi jA,sinayi jā,s̪ɪn̪əjɪ d͡ʒɑː,tired,ஓய்,,,,Simple-Verbs,words
ꢯꢷꢥ꣄,शीन,ஶீன்,sheen,zIn,śīn,ʃiːn̪,tired,ஓய்,,,,Simple-Verbs,words
ꢲꢮ꣄ꢡꢥ꣄ ꢒꢾꢬ꣄ꢭꢾ,हव्टन् क॑र्ले,ஹவ்டன்கெர்லே,havtan ke'rle',havtan kErlE,havtan kĕrlĕ,ɦəʋt̪ən̪ keɾle,"think, recall",ஓர்,,,,Simple-Verbs,words
ꢲꢮ꣄ꢜꢶ,हव्टि,ஹவ்டி,havt'i,havTi,havṭi,ɦəʋʈɪ,recall,ஓர்மி,,,,Simple-Verbs,words
ꢲꢜ꣄ꢮꢶ,हट्वि,ஹட்வி,hat'vi,haTvi,haṭvi,ɦəʈʋɪ,recall,ஓர்மி,,,,Simple-Verbs,words
ꢒꣁꢔꢸꢭꢵꢔ꣄,का॑डुलाग,கொடு3லாக்3,ko'gulaag,kOgulAg,kŏgulāg,kogulɑːg,taste,கச,,,,Simple-Verbs,words
ꢦꢷꢳ꣄,पीळ्,பீள்,peel',pIL,pīl̤,piːɭ,squeeze,கசக்கு,,,,Simple-Verbs,words
ꢱꢾꢔ ꢒꢿꢬ꣄,स॑ग केर्,ஸெக3 கேர்,se'ga ker,sEga ker,sĕga ker,s̪egə keːɾ,be sultry,கசகச,,,,Simple-Verbs,words
ꢱꢸꢬꢸ ꢦꣂꢜ꣄,सुरु पोट्,ஸுரு போட்,suru pot',suru poT,suru poṭ,s̪uɾu poːʈ,squeeze,கசங்கு,,,,Simple-Verbs,words
ꢔꢿꢳ꣄,गेळ्,கே3ள்,gel',geL,gel̤,geːɭ,leak,கசி,,,,Simple-Verbs,words
ꢩꢥ꣄ꢣꢶ,भन्दि,ப4ந்தி3,bhandi,bhandi,bhandi,bʰən̪d̪ɪ,"bind, tie",கட்டு,,,,Simple-Verbs,words
ꢣꢵꢜ꣄,दाट्,தா3ட்,daat',dAT,dāṭ,d̪ɑːʈ,cross,கட,,,,Simple-Verbs,words
ꢤꢶꢭ꣄ꢭꣁ ꢲꣂ,धिल्ला॑ हो,தி4ல்லொ ஹோ,dhillo' ho,dhillO ho,dhillŏ ho,d̪ʰɪllo ɦoː,become loose,கடகட,,,,Simple-Verbs,words
ꢗꣁꢞ꣄ꢞꢦꣁꢞꢶ ꢙꢮꢵꢜ꣄,चा॑ड्ड पा॑डि जवाट,சொட்3ட3 பொடி3 ஜவாட்,cho'd'd'apo'd'i javaat',cODDapODi javAT,cŏḍḍapŏḍi javāṭ,t͡ʃoɖɖəpoɖɪ d͡ʒəʋɑːʈ,smuggle,கடத்து,,,,Simple-Verbs,words
ꢦꢬ꣄ꢮꢡ꣄ ꢒꢿꢬ꣄,पर्वत केर,பர்வத் கேர்,parvat ker,parvat ker,parvat ker,pəɾʋət̪ keːɾ,scold,கடி,,,,Simple-Verbs,words
ꢗꢵꢮ꣄,चाव्,சாவ்,chaav,cAv,cāv,t͡ʃɑːʋ,bite,கடி,,,,Simple-Verbs,words
ꢨꢶꢱ꣄ꢱꣁ ꢙꢵ,बिस्सो जा,பி3ஸ்ஸொ ஜா,bisso' jaa,bissO jA,bissŏ jā,bɪs̪s̪o d͡ʒɑː,go fast,கடுகு,,,,Simple-Verbs,words
ꢔꢸꢱꢹꢳ,गुसुळ,கு3ஸுள்,gusool'a,gusULa,gusūl̤a,gus̪uːɭə,churn,கடை,,,,Simple-Verbs,words
ꢥꢶꢬꢷꢒ꣄ꢰꢠꣁ ꢒꢿꢬ꣄,निरीक्षणा॑ केर,நிரீக்ஷணொ கேர்,nireekshano' ker,nirIkSaNO ker,nirīkṣaṇŏ ker,n̪ɪɾiːkʂəɳo keːɾ,supervise,கண்காணி,,,,Simple-Verbs,words
ꢂꢮꢥ꣄ꢗꢵꢭ꣄ ꢱꢖ꣄ꢔꢶ,अवन्चाल सङ्गि,அவன்சால் ஸங்கி3,avanchaal sangi,avancAl saGgi,avancāl saṅgi,əʋən̪t͡ʃɑːl s̪əŋgɪ,predict,கணி,,,,Simple-Verbs,words
ꢒꢾꢡ꣄ꢬꢶꢒ꣄ꢒꢾ ꢲꣁꢬ꣄ ꢒꢵꢜ꣄,केत्रिक्के होर्काट,கெத்ரிக்கெ ஹோர் காட்,ke'trikke' ho'r kaat',kEtrikkE hOr kAT,kĕtrikkĕ hŏr kāṭ,ket̪ɾɪkke ɦoɾ kɑːʈ,cut by scissors,கத்தரி,,,,Simple-Verbs,words
ꢬꢾꢗ꣄ꢗꣁ ꢡꢵꢫ꣄ ꢩꢮꢵꢜ꣄ ꢡꢵꢫ꣄,र॑च्चा॑ ताय भवाट ताय,ரெச்சொ தாய் ப4வாட் தாய்,re'chcho' taay bhavaat' taay,rEccO tAy bhavAT tAy,rĕccŏ tāy bhavāṭ tāy,ɾet͡ʃt͡ʃo t̪ɑːj bʰəʋɑːʈ t̪ɑːj,shout,கத்து,,,,Simple-Verbs,words
ꢕꢾꢞꢶꢨꣁꢮ꣄,घ॑डि बोव,கெ4டி3 போ3வ்,ghe'd'ibo'v,ghEDibOv,ghĕḍibŏv,gʰeɖɪboʋ,shout,கத்து,,,,Simple-Verbs,words
ꢒꢸꢖBꢔꢶ ꢬꣂꢜ꣄,कुङ्गिरोट्,குங்கி3ரோட்,kungaBgi rot',kuGaBgi roT,kuṅaBgi roṭ,kuŋəBgɪ ɾoːʈ,weep,கதறு,,,,Simple-Verbs,words
ꢓꢾꢥꢶ ꢔꢵꢮ꣄,ख॑नि गाव्,கெ2னி கா3வ்,khe'ni gaav,khEni gAv,khĕni gāv,kʰen̪ɪ gɑːʋ,tell,கதை,,,,Simple-Verbs,words
ꢮꢱ꣄ꢥꣁ ꢣꢾ,वस्नो दे,வஸ்னொ தே3,vasno' de',vasnO dE,vasnŏ dĕ,ʋəs̪n̪o d̪e,be fragrant,கமழ்,,,,Simple-Verbs,words
ꢒꢾꢬ ꢒꢾꢬ ꢒꢿꢬ꣄,क॑रक॑र केर्,கெரகெர கேர்,ke'ra ke'ra ker,kEra kEra ker,kĕra kĕra ker,keɾə keɾə keːɾ,get irritation in throat,கமறு,,,,Simple-Verbs,words
ꢚꢵꢫ꣄,झाय्,ஜா2ய்,jhaay,jhAy,jhāy,d͡ʒʰɑːj,"steal, hide",கர,,,,Simple-Verbs,words
ꢪꢷꢜ꣄ꢒꢥꢶ ꢭꢵꢔ꣄,मीट्कनि लाग,மீட்கனி லாக்3,meet'kani laag,mITkani lAg,mīṭkani lāg,miːʈkən̪ɪ lɑːg,be salty,கரி,,,,Simple-Verbs,words
ꢒꢳꣁ ꢲꣁꢱ꣄ꢡꢶꢱꣁ ꢙꢵꢭ꣄,कळा॑ होस्तिसा॑ जाल,களொ ஹோஸ்திஸொ ஜாள்,kal'o' ho'stiso' jaal,kaLO hOstisO jAl,kal̤ŏ hŏstisŏ jāl,kəɭo ɦos̪t̪ɪs̪o d͡ʒɑːl,burn black,கருக்கு,,,,Simple-Verbs,words
ꢂꢨꢶꢦ꣄ꢬꢵꢫ꣄ ꢦꣁꢜ꣄,अबिप्राय पोट,அபி3ப்ராய் போட்,abipraay po't',abiprAy pOT,abiprāy pŏṭ,əbɪpɾɑːj poʈ,opine,கருது,,,,Simple-Verbs,words
ꢕꢸꢭꢫꢶ ꢙꢵ,घुलयि जा,கு4லயி ஜா,ghulayi jaa,ghulayi jA,ghulayi jā,gʰuləjɪ d͡ʒɑː,be dissolved,கரை,,,,Simple-Verbs,words
ꢒꢾꢬꢶꢖ꣄ꢔꢶ ꢙꢵ,क॑रिङ्गि जा,கெரிங்கி3 ஜா,ke'ringi jaa,kEriGgi jA,kĕriṅgi jā,keɾɪŋgɪ d͡ʒɑː,be dissolved,கரை,,,,Simple-Verbs,words
ꢕꢸꢭꢵꢜ꣄,घुलाट,கு4லாட்,ghulaat',ghulAT,ghulāṭ,gʰulɑːʈ,dissolve,கரை,,,,Simple-Verbs,words
ꢒꢾꢬꢸꢖ꣄ꢔꢵꢜ꣄,क॑रुङ्गाट,கெருங்கா3ட்,ke'rungaat',kEruGgAT,kĕruṅgāṭ,keɾuŋgɑːʈ,dissolve,கரை,,,,Simple-Verbs,words
ꢱꢶꢒ꣄ꢒꢶ,सिक्कि,ஸிக்கி,sikki,sikki,sikki,s̪ɪkkɪ,learn,கல்,,,,Simple-Verbs,words
ꢒꢮ꣄ꢭꢶ,कव्लि,கவ்லி,kavli,kavli,kavli,kəʋlɪ,"mix, stir",கலக்கு,,,,Simple-Verbs,words
ꢪꢶꢱ꣄ꢬꢠꣁ ꢒꢿꢬ꣄,मिस्रणा॑ केर,மிஶ்ரணொ கேர்,misrano' ker,misraNO ker,misraṇŏ ker,mɪs̪ɾəɳo keːɾ,"mix, stir",கலக்கு,,,,Simple-Verbs,words
ꢱꢾꢣ꣄ꢣꢸ ꢡꢵꢫ꣄,स॑द्दु ताय,ஸெத்3து3 தாய்,se'ddu taay,sEddu tAy,sĕddu tāy,s̪ed̪d̪u t̪ɑːj,be noisy,கலகல,,,,Simple-Verbs,words
ꢒꢮ꣄ꢭꢫꢶꢬꢴꢵ,कव्लयि र्हा,கவ்லயிரா:,kavlayirhaa,kavlayirhA,kavlayirhā,kəʋləjɪɾɦɑː,"be mixed, be stirred",கலங்கு,,,,Simple-Verbs,words
ꢂꢯ꣄ꢬꢿꢠꢶꢲꣁ,अश्रेणी हो,அஶ்ரேணி ஹோ,ashreniho',azreNihO,aśreṇihŏ,əʃɾeːɳɪɦo,be shuffled,கலை,,,,Simple-Verbs,words
ꢂꢯ꣄꣄ꢬꢿꢠꢶ ꢒꢿꢬ꣄,अश्रेणि केर,அஶ்ரேணி கேர்,ashreni ker,azreNi ker,aśreṇi ker,əʃɾeːɳɪ keːɾ,shuffle,கலை,,,,Simple-Verbs,words
ꢃꢒꢬ꣄ꢰꢶ,आकर्षि,ஆகர்ஷி,aakarshi,AkarSi,ākarṣi,ɑːkəɾʂɪ,attract,கவர்,,,,Simple-Verbs,words
ꢩꣁꢬꢶꢙꢵ,भा॑रि जा,பொ4ரி ஜா,bho'rijaa,bhOrijA,bhŏrijā,bʰoɾɪd͡ʒɑː,"overflow, cover",கவி,,,,Simple-Verbs,words
ꢡꢾꢭ꣄ꢒꢫꢶ ꢙꢵ,त॑ल्कयि जा,தெல்கயி ஜா,te'lkayi jaa,tElkayi jA,tĕlkayi jā,t̪elkəjɪ d͡ʒɑː,"overflow, cover",கவி,,,,Simple-Verbs,words
ꢲꢸꢞꣁ ꢡꢶꢞꣁ ꢕꢭꢫꢶ ꢙꢵ,हुडा॑तिडा॑ घलयि जा,ஹுடொ3திடொ3 க4லயி ஜா,hud'o' tid'o' ghalayi jaa,huDO tiDO ghalayi jA,huḍŏ tiḍŏ ghalayi jā,ɦuɖo t̪ɪɖo gʰələjɪ d͡ʒɑː,get upside down,கவிழ்,,,,Simple-Verbs,words
ꢤꢶꢭ꣄ꢭꣁꢦꣁꢜ꣄,धिल्ला॑ पोट,தி4ல்லொபோட்,dhillo'po't',dhillOpOT,dhillŏpŏṭ,d̪ʰɪllopoʈ,be loose,கழல்,,,,Simple-Verbs,words
ꢲꢿꢜ꣄,हेट्,ஹேட்,het',heT,heṭ,ɦeːʈ,remove,கழற்று,,,,Simple-Verbs,words
ꢲꢾꢞꢶ ꢡꢵꢫ꣄,ह॑डिताय्,ஹெடி3தாய்,he'd'i taay,hEDi tAy,hĕḍi tāy,ɦeɖɪ t̪ɑːj,remove,கழற்று,,,,Simple-Verbs,words
ꢣꢶꢥ꣄ꢥꢸ ꢙꢮꢵꢜ꣄,दिन्नु जवाट्,தி3ன்னு ஜவாட்,dinnu javaat',dinnu javAT,dinnu javāṭ,d̪ɪn̪n̪u d͡ʒəʋɑːʈ,be spent,கழி,,,,Simple-Verbs,words
ꢩꢷꢜ꣄,भीट्,பீ4ட்,bheet',bhIT,bhīṭ,bʰiːʈ,subtract,கழி,,,,Simple-Verbs,words
ꢱꣁꢮ꣄ꢞꢶ,सा॑व्डि,ஸொவ்டி3,so'vd'i,sOvDi,sŏvḍi,s̪oʋɖɪ,undress,களை,,,,Simple-Verbs,words
ꢱꢷꢥ꣄ꢦꣁꢥ꣄ꢣꢶ,सीन्पा॑न्दि,ஶீன்பொந்தி3,seenpo'ndi,sInpOndi,sīnpŏndi,s̪iːn̪pon̪d̪ɪ,be tired,களை,,,,Simple-Verbs,words
ꢱꢶꢒ꣄ꢒꢵꢜ꣄,सिक्काट्,ஸிக்காட்,sikkaat',sikkAT,sikkāṭ,s̪ɪkkɑːʈ,teach,கற்பி,,,,Simple-Verbs,words
ꢣꢹꢡ꣄ ꢦꢷꢳ꣄,दूत्पीळ्,தூ3த் பீள்,doot peel',dUt pIL,dūt pīl̤,d̪uːt̪ piːɭ,to milk,கற,,,,Simple-Verbs,words
ꢗꢸꢜ꣄ꢜꢸ ꢧꢷꢬ꣄ꢮꢶ,चुट्टु फीर्वि,சுட்டுபி2ர்வி,chut't'u pheervi,cuTTu phIrvi,cuṭṭu phīrvi,t͡ʃuʈʈu pʰiːɾʋɪ,rotate,கறக்கு,,,,Simple-Verbs,words
ꢗꢸꢜ꣄ꢜꢸ ꢧꢷꢬ꣄,चुट्टुफीर्,சுட்டுபீ2ர்,chut't'u pheer,cuTTu phIr,cuṭṭu phīr,t͡ʃuʈʈu pʰiːɾ,go round,கறங்கு,,,,Simple-Verbs,words
ꢱꢵꢦꢥꣁ ꢣꢿ,सापना॑ दे,ஸாபனொ தே3,saapano' de,sApanO de,sāpanŏ de,s̪ɑːpən̪o d̪eː,frown,கறுவு,,,,Simple-Verbs,words
ꢦꣁꢳ꣄ꢳꣁ ꢲꣂ,पोळ्ळा॑हो,பொள்ளொ ஹோ,po'l'l'o' ho,pOLLO ho,pŏl̤l̤ŏ ho,poɭɭo ɦoː,ripen,கனி,,,,Simple-Verbs,words
ꢒꢨꢵꢜ꣄,कबाट्,கபா3ட்,kabaat',kabAT,kabāṭ,kəbɑːʈ,protect,கா,,,,Simple-Verbs,words
ꢣꢾꢒ꣄ꢒꢵꢜ꣄,द॑क्काट्,தெ3க்காட்,de'kkaat',dEkkAT,dĕkkāṭ,d̪ekkɑːʈ,show,காட்டு,,,,Simple-Verbs,words
ꢦꢶꢬꢿꢮ꣄ ꢒꢿꢬ꣄,पिरेव केर्,ப்ரேவ்கேர்,pirev ker,pirev ker,pirev ker,pɪɾeːʋ keːɾ,love,காதலி,,,,Simple-Verbs,words
ꢱꢸꢒ꣄ꢒꢶ ꢙꢵ,सुक्कि जा,ஸுக்கிஜா,sukki jaa,sukki jA,sukki jā,s̪ukkɪ d͡ʒɑː,"dry, boil",காய்,,,,Simple-Verbs,words
ꢡꢦ꣄ꢦꢶ ꢙꢵ,तप्पि जा,தப்பி ஜா,tappi jaa,tappi jA,tappi jā,t̪əppɪ d͡ʒɑː,"dry, boil",காய்,,,,Simple-Verbs,words
ꢒꢫ꣄ꢭꣁ ꢣꢾ,कय्ला॑ दे,கய்லொ தே3,kaylo' de',kaylO dE,kaylŏ dĕ,kəjlo d̪e,give fruit,காய்,,,,Simple-Verbs,words
ꢡꢦꢵꢜ꣄,तपाट,தபாட்,tapaat',tapAT,tapāṭ,t̪əpɑːʈ,boil,காய்ச்சு,,,,Simple-Verbs,words
ꢂꢨ꣄ꢨꢳ꣄ꢳꢿ,अब्बळ्ळे,அப்3ப3ள்ளே,abbal'l'e,abbaLLe,abbal̤l̤e,əbbəɭɭeː,get,கிட்டு,,,,Simple-Verbs,words
ꢦꣁꢞ꣄ ꢬꢴꢵ,पा॑ड् र्हा,பொட்3 ரா:,po'd' rhaa,pOD rhA,pŏḍ rhā,poɖ ɾɦɑː,lying there,கிட,,,,Simple-Verbs,words
ꢥꢶꢖ꣄ꢙꢵꢜ꣄,निञ्जाट्,நிஞ்ஜாட்,ningjaat',niGjAT,niṅjāṭ,n̪ɪŋd͡ʒɑːʈ,make lie down,கிடத்து,,,,Simple-Verbs,words
ꢓꢶꢠ꣄ꢓꢶꢠꢵꢜ꣄ ꢒꢪ꣄ꢦꢥꣁ ꢒꢿꢬ꣄,खिण्खिणट्,கி2ண்கிணாட்,khinkhinaat' kampano' ker,khiNkhiNAT kampanO ker,khiṇkhiṇāṭ kampanŏ ker,kʰɪɳkʰɪɳɑːʈ kəmpən̪o keːɾ,tremble,கிடுகிடு,,,,Simple-Verbs,words
ꢂꢨ꣄ꢨꢱ꣄ꢡꢶꢱꣁ ꢬꢴꢵ,अब्बस्तिसा॑ र्हा,அப்3ப3ஸ்திஸொ ரா:,abbastiso' rhaa,abbastisO rhA,abbastisŏ rhā,əbbəs̪t̪ɪs̪o ɾɦɑː,available,கிடை,,,,Simple-Verbs,words
ꢒꢮ꣄ꢭꢶ,कव्लि,கவ்லி,kavli,kavli,kavli,kəʋlɪ,stir,கிண்டு,,,,Simple-Verbs,words
ꢥꣁꢠ꣄ꢜꢶꢭꢶꢗꢵꢭ꣄,ना॑ण्टिलिचाल्,நொண்டி3லிசால்,no'nt'ilichaal,nONTilicAl,nŏṇṭilicāl,n̪oɳʈɪlɪt͡ʃɑːl,limp,கிந்து,,,,Simple-Verbs,words
ꢚꢹꢬ꣄ ꢆꢜ꣄ꢗꢶꢭꢾ,झूर्,ஜூ2ர்,jhoor ut'chile',jhUr uTcilE,jhūr uṭcilĕ,d͡ʒʰuːɾ uʈt͡ʃɪle,absorb,கிரகி,,,,Simple-Verbs,words
ꢔ꣄ꢬꢲꢥꣁ ꢒꢿꢬ꣄,उट्चिले,உட்சிலே,grahano' ker,grahanO ker,grahanŏ ker,gɾəɦən̪o keːɾ,absorb,கிரகி,,,,Simple-Verbs,words
ꢩꢜ꣄ꢜꢶ ꢙꢵ,फट्टि जा,ப2ட்டி ஜா,bhat't'i jaa,bhaTTi jA,bhaṭṭi jā,bʰəʈʈɪ d͡ʒɑː,be tore off,கிழி,,,,Simple-Verbs,words
ꢩꢵꢜ꣄,फाट्,பா2ட்,bhaat',bhAT,bhāṭ,bʰɑːʈ,tear off,கிழி,,,,Simple-Verbs,words
ꢥꢶꢔꢶꢳꢵꢜ꣄,निगिळाट्,நிகி3ளாட்,nigil'aat',nigiLAT,nigil̤āṭ,n̪ɪgɪɭɑːʈ,start,கிளப்பு,,,,Simple-Verbs,words
ꢥꢶꢔꢳ꣄,निगिळ,நிகி3ள்,nigal',nigaL,nigal̤,n̪ɪgəɭ,start,கிளம்பு,,,,Simple-Verbs,words
ꢒꢮ꣄ꢭꢶꢱꣂꢜ꣄,कव्लिसोट्,கவ்லிஸோட்,kavlisot',kavlisoT,kavlisoṭ,kəʋlɪs̪oːʈ,"poke, dig up",கிளறு,,,,Simple-Verbs,words
ꢯꢵꢓꣁ ꢱꣂꢜ꣄,शाखा॑ सोट,ஶாகொ2 ஸோட்,shaakho' sot',zAkhO soT,śākhŏ soṭ,ʃɑːkʰo s̪oːʈ,branch out,கிளை,,,,Simple-Verbs,words
ꢣꣁꢱ꣄ꢒꣁ ꢗꢸꢜ꣄ꢜꢸ ꢧꢷꢬ꣄,दा॑स्का॑ चुट्टु फीर,தொ3ஸ்கொசுட்டு பீ2ர்,do'sko' chut't'u pheer,dOskO cuTTu phIr,dŏskŏ cuṭṭu phīr,d̪os̪ko t͡ʃuʈʈu pʰiːɾ,feel giddiness,கிறங்கு,,,,Simple-Verbs,words
ꢕꢶꢬ꣄ꢒꢶ,घिर्कि,கி4ர்கி,ghirki,ghirki,ghirki,gʰɪɾkɪ,scribble,கிறுக்கு,,,,Simple-Verbs,words
ꢒꣁꢮ꣄ꢬꢶ,कोव्रि,கொவ்ரி,ko'vri,kOvri,kŏvri,koʋɾɪ,tear,கீறு,,,,Simple-Verbs,words
ꢱꢾꢣ꣄ꢣꢸ ꢱꢨꣁ ꢒꢿꢬ꣄,सेद्दु बा॑ केर,ஸெத்3து3 ஸபொ3 கேர்,se'ddu sabo' ker,sEddu sabO ker,sĕddu sabŏ ker,s̪ed̪d̪u s̪əbo keːɾ,act like rattle,குடுகுடு,,,,Simple-Verbs,words
ꢕꢸꢮꣁ ꢒꢿꢬ꣄,घुवा॑ केर,கூ4வொ கேர்,ghuvo' ker,ghuvO ker,ghuvŏ ker,gʰuʋo keːɾ,carve out,குடை,,,,Simple-Verbs,words
ꢮ꣄ꢫꢮꢱ꣄ꢢꣁ ꢥꢴꢷꢡ꣄ꢡꢶꢱꣁ ꢒꢿꢬ꣄,व्यवस्थो न्हीत्तिसा॑ केर,வ்யவஸ்தொ2 நீ:த்திஸொ கேர்,vyavastho' nheettiso' ker,vyavasthO nhIttisO ker,vyavasthŏ nhīttisŏ ker,ʋjəʋəs̪t̪ʰo n̪ɦiːt̪t̪ɪs̪o keːɾ,make disorder,குணக்கு,,,,Simple-Verbs,words
ꢮ꣄ꢫꢮꢱ꣄ꢢꣁ ꢥꢴꢷꢡ꣄ꢡꢶꢱꣁ ꢲꣁ,व्यवस्थो न्हीत्तिसा॑ हो,வ்யவஸ்தொ2 நீ:த்திஸொ ஹோ,vyavastho' nheettiso' ho',vyavasthO nhIttisO hO,vyavasthŏ nhīttisŏ hŏ,ʋjəʋəs̪t̪ʰo n̪ɦiːt̪t̪ɪs̪o ɦo,be disordered,குணங்கு,,,,Simple-Verbs,words
ꢃꢒꢬ꣄ꢰꢥꣁ ꢒꢿꢬ꣄,आकर्षना॑ केर,ஆகர்ஷனொ கேர்,aakarshano' ker,AkarSanO ker,ākarṣanŏ ker,ɑːkəɾʂən̪o keːɾ,speak/act to attract,குணட்டு,,,,Simple-Verbs,words
ꢔꢸꢱꢸꢔꢸꢱꢸ ꢒꢿꢬ꣄,गुसुगुसु केर,கு3ஸுகு3ஸு கேர்,gusugusu ker,gusugusu ker,gusugusu ker,gus̪ugus̪u keːɾ,murmur,குணுகுணு,,,,Simple-Verbs,words
ꢔꢸꢣ꣄ꢣꢶ,गुद्दि,கு3த்3தி3,guddi,guddi,guddi,gud̪d̪ɪ,"fist, pinch",குத்து,,,,Simple-Verbs,words
ꢗꢮꢶ ꢒꢵ,चवि खा,சவி கா2,chavi kaa,cavi kA,cavi kā,t͡ʃəʋɪ kɑː,chew,குதம்பு,,,,Simple-Verbs,words
ꢤꢸꢖ꣄ꢒꢶ,धुङ्कि,து4ங்கி,dhunki,dhuGki,dhuṅki,d̪ʰuŋkɪ,jump,குதி,,,,Simple-Verbs,words
ꢒꢸꢰꢵꢭ꣄ ꢒꢿꢬ꣄,कुषाल्केर्,குஷால்கேர்,kushaal ker,kuSAl ker,kuṣāl ker,kuʂɑːl keːɾ,enjoy,குதூகலி,,,,Simple-Verbs,words
ꢲꢳ꣄ꢳꢸ ꢔꢸꢣ꣄ꢣꢶ,हळ्ळु गुद्दि,ஹள்ளுகு3த்3தி3,hal'l'u guddi,haLLu guddi,hal̤l̤u guddi,ɦəɭɭu gud̪d̪ɪ,pound gently,கும்மு,,,,Simple-Verbs,words
ꢏꢔꢬꢶ ꢒꢿꢬ꣄,आ॑गरि केर्,ஒக3ரிகேர்,o'gari ker,Ogari ker,ŏgari ker,ogəɾɪ keːɾ,feel vomiting,குமட்டு,,,,Simple-Verbs,words
ꢔꣂꢦꢸꢬ꣄ ꢒꢾꢬꢱ꣄ꢡꢾ,गा॑पुर्केरस्ते,கொ3பு3ர்கெரஸ்தே,gopur ke'raste',gopur kErastE,gopur kĕrastĕ,goːpuɾ keɾəs̪t̪e,pile up,குமி,,,,Simple-Verbs,words
ꢔꢸꢣ꣄ꢣꢶ,गुद्दि,கு3த்3தி3,guddi,guddi,guddi,gud̪d̪ɪ,beat with fist,குத்து,,,,Simple-Verbs,words
ꢪꣁꢥ꣄ꢥꢸꢪ꣄ ꢲꢸꢳꣁ ꢦꢾꢮ꣄ꢞꢫ ꢶꢬꢴꢵ,मा॑न्नुम्हुळा॑ पेव्डयि र्हा,மொன்னும்ஹுளொபெவ்ட3யி ரா:,mo'nnum hul'o' pe'vd'aya irhaa,mOnnum huLO pEvDaya irhA,mŏnnum hul̤ŏ pĕvḍaya irhā,mon̪n̪um ɦuɭo peʋɖəjə ɪɾɦɑː,Spurt out,குமுறு,,,,Simple-Verbs,words
ꢭꢸꢪ꣄ꢦ꣄ꢶꢭꢿ,लुम्पिले,லும்பிலே,lump_ile,lump_ile,lump_ile,lump_ɪleː,be confused,குமை,,,,Simple-Verbs,words
ꢭꢸꢪ꣄ꢦꢵꢜ꣄,लुम्पाट,லும்பாட்,lumpaat',lumpAT,lumpāṭ,lumpɑːʈ,to confuse,குமை,,,,Simple-Verbs,words
ꢧꢸꢭꢵꢧꢸꢭꢶꢣꢾꢒ꣄ꢒꢵꢜ꣄,फुलाफुलि द॑क्काट,பு2லாபு2லிதெ3க்காட்,phulaaphulide'kkaat',phulAphulidEkkAT,phulāphulidĕkkāṭ,pʰulɑːpʰulɪd̪ekkɑːʈ,show pimples,குரு,,,,Simple-Verbs,words
ꢱꣁꢥ꣄ꢡꣁꢰ꣄ ꢦꣁꢥ꣄ꢣꢶ,सा॑न्तोष्पा॑न्दि,ஸொந்தோஷ் பொந்தி3,so'nto'sh po'ndi,sOntOS pOndi,sŏntŏṣ pŏndi,s̪on̪t̪oʂ pon̪d̪ɪ,rejoice,குலாவு,,,,Simple-Verbs,words
ꢒꢸꢣꢹꢲꢭ꣄ ꢦꣁꢥ꣄ꢣꢶ,कुतूहल्पा॑न्दि,குதூஹல்பொந்தி3,kudoohal po'ndi,kudUhal pOndi,kudūhal pŏndi,kud̪uːɦəl pon̪d̪ɪ,rejoice,குலாவு,,,,Simple-Verbs,words
ꢂꢭ꣄ꢮꢵꢜ꣄,हल्वाट,ஹல்வாட்,alvaat',alvAT,alvāṭ,əlʋɑːʈ,shake,குலுக்கு,,,,Simple-Verbs,words
ꢂꢭ꣄ꢭꢶ,हल्लि,ஹல்லி,alli,alli,alli,əllɪ,shake,குலுங்கு,,,,Simple-Verbs,words
ꢱꢪ꣄ꢪꢶꢯ꣄ꢬꢠꣁ ꢲꣁꢫ꣄ꢬꢴꢵ,सम्मिश्रणा॑ हा॑य र्हा,ஸம்மிஶ்ரணொ ஹொய் ரா:,sammishrano' ho'yrhaa,sammizraNO hOyrhA,sammiśraṇŏ hŏyrhā,s̪əmmɪʃɾəɳo ɦojɾɦɑː,Be shuffled,குலை,,,,Simple-Verbs,words
ꢪꢸꢭ꣄ꢭ ꢧꢭ꣄ꢭꣁ ꢲꣁꢫ꣄ ꢬꢴꢵ,मुल्लफल्ला॑ हा॑य र्हा,முல்லப2ல்லொ ஹொய் ரா:,mulla phallo' ho'y rhaa,mulla phallO hOy rhA,mulla phallŏ hŏy rhā,mullə pʰəllo ɦoj ɾɦɑː,Be shuffled,குலை,,,,Simple-Verbs,words
ꢒꢮ꣄ꢭꢫꢶ ꢬꢴꢵ,कव्लयि र्हा,கவ்லயி ரா:,kavlayi rhaa,kavlayi rhA,kavlayi rhā,kəʋləjɪ ɾɦɑː,Be shuffled,குலை,,,,Simple-Verbs,words
ꢪꢶꢱ꣄ꢬꢠꣁ ꢒꢿꢬ꣄,मिश्रणा॑ केर,மிஶ்ரணொ கேர்,misrano' ker,misraNO ker,misraṇŏ ker,mɪs̪ɾəɳo keːɾ,Shuffle up,குலை,,,,Simple-Verbs,words
ꢪꢸꢭ꣄ꢭ ꢧꢭ꣄ꢭꣁ ꢒꢿꢬ꣄,मुल्ल फल्ला॑ केर,முல்ல ப2ல்லொ கேர்,mulla phallo' ker,mulla phallO ker,mulla phallŏ ker,mullə pʰəllo keːɾ,Shuffle up,குலை,,,,Simple-Verbs,words
ꢒꢮ꣄ꢭꢶ ꢡꢵꢫ꣄,कव्लि ताय,கவ்லி தாய்,kavli taay,kavli tAy,kavli tāy,kəʋlɪ t̪ɑːj,Shuffle up,குலை,,,,Simple-Verbs,words
ꢒꢸꢥꢪꢶꢖ꣄ꢗꢶꢫꢶ ꢬꢴꢵ,कुमिञ्चियि र्हा,குமிஞ்சயி ரா:,kunamingchiyi rhaa,kunamiGciyi rhA,kunamiṅciyi rhā,kun̪əmɪŋt͡ʃɪjɪ ɾɦɑː,be heaped up,குவி,,,,Simple-Verbs,words
ꢒꢸꢪꢶꢖ꣄ꢗꢶ ꢢꣁꢮ꣄,कुमिञ्चि थोव्,குமிஞ்சிதோ2வ்,kumingchi tho'v,kumiGci thOv,kumiṅci thŏv,kumɪŋt͡ʃɪ t̪ʰoʋ,heap up,குவி,,,,Simple-Verbs,words
ꢭꢸꢪ꣄ꢦꢶ,लुम्पि,லும்பி,lumpi,lumpi,lumpi,lumpɪ,confuse,குழப்பு,,,,Simple-Verbs,words
ꢭꢸꢪ꣄ꢦꢫꢶ ꢬꢴꢵ,लुम्पयि र्हा,லும்பயி ரா:,lumpayi rhaa,lumpayi rhA,lumpayi rhā,lumpəjɪ ɾɦɑː,Be confused,குழம்பு,,,,Simple-Verbs,words
ꢔꣁꢳꢔꣁꢳꢫꢶ ꢮꢡ꣄ꢡꣁ ꢒꢾꢬ꣄,गोळगोळयि वत्ता॑ केर,கொ3ளகொ3ளயி வத்தொ கேர்,go'l'ago'l'ayi vatto' ke'r,gOLagOLayi vattO kEr,gŏl̤agŏl̤ayi vattŏ kĕr,goɭəgoɭəjɪ ʋət̪t̪o keɾ,Babble,குழறு,,,,Simple-Verbs,words
ꢦꣁꢭ꣄ꢭꢪ꣄ ꢦꣂꢜ꣄,पोल्लम्पोट्,பொல்லம்போட்,po'llam pot',pOllam poT,pŏllam poṭ,polləm poːʈ,become hole,குழி,,,,Simple-Verbs,words
ꢦꣁꢭ꣄ꢭꢪ꣄ ꢒꢾꢬ꣄,पा॑ल्लम्केर्,பொல்லம்கேர்,po'llam ke'r,pOllam kEr,pŏllam kĕr,polləm keɾ,dig,குழி,,,,Simple-Verbs,words
ꢦꣁꢭ꣄ꢭꢪ꣄ ꢒꣁꢮ꣄ꢬꢶ,पा॑ल्लम का॑व्रि,பொல்லம் கொவ்ரி,po'llam ko'vri,pOllam kOvri,pŏllam kŏvri,polləm koʋɾɪ,dig,குழி,,,,Simple-Verbs,words
ꢙꢾꢡ ꢗꢿꢬ꣄,ज॑तचेर्,ஜெதசேர்,je'ta cher,jEta cer,jĕta cer,d͡ʒet̪ə t͡ʃeːɾ,assemble,குழுமு,,,,Simple-Verbs,words
ꢒꢮ꣄ꢭꢫꢶ ꢬꢴꢵ,कव्लयि र्हा,கவ்லயிரா:,kavlayi rhaa,kavlayi rhA,kavlayi rhā,kəʋləjɪ ɾɦɑː,mix,குழை,,,,Simple-Verbs,words
ꢒꢮ꣄ꢭꢶ,कव्लि,கவ்லி,kavli,kavli,kavli,kəʋlɪ,mix,குழை,,,,Simple-Verbs,words
ꢱ꣄ꢥꢵꢥ꣄ ꢒꢿꢬ꣄,स्नान्केर्,ஸ்நான்கேர்,snaan ker,snAn ker,snān ker,s̪n̪ɑːn̪ keːɾ,take bath,குளி,,,,Simple-Verbs,words
ꢃꢖ꣄ꢔꢸ ꢤꢹꢮ꣄,आङ्गुधूव,ஆங்கு3தூ4வ்,aangu dhoov,AGgu dhUv,āṅgu dhūv,ɑːŋgu d̪ʰuːʋ,take bath,குளி,,,,Simple-Verbs,words
ꢱꢶꢳ꣄ꢳꢦꣂꢜ꣄,सिळ्ळपोट,ஸிள்ளபோட்,sil'l'apot',siLLapoT,sil̤l̤apoṭ,s̪ɪɭɭəpoːʈ,become cold,குளிர்,,,,Simple-Verbs,words
ꢔꢸꢣ꣄ꢣꢶ,गुद्दि,தேஸ்,guddi,guddi,guddi,gud̪d̪ɪ,Pound/thrash,குற்று,,,,Simple-Verbs,words
ꢒꢸꢬ꣄ꢗꢶꢭꢾ,कुर्चिले,குர்சிலே,kurchile',kurcilE,kurcilĕ,kuɾt͡ʃɪle,"mark, note",குறி,,,,Simple-Verbs,words
ꢥꢴꢥ꣄ꢥ ꢒꢿꢬ꣄,न्हन्ना॑केर,ந:ன்னொகேர்,nhanna ker,nhanna ker,nhanna ker,n̪ɦən̪n̪ə keːɾ,Shorten/lessen,குறுக்கு,,,,Simple-Verbs,words
ꢆꢥ꣄ꢥꣁ ꢒꢿꢬ꣄,उन्ना॑ केर,உன்னொ கேர்,unno' ker,unnO ker,unnŏ ker,un̪n̪o keːɾ,Shorten/lessen,குறுக்கு,,,,Simple-Verbs,words
ꢥꢴꢥ꣄ꢥꢲꣁ,न्हन्न॑हो,ந:ன்னொஹோ,nhannaho',nhannahO,nhannahŏ,n̪ɦən̪n̪əɦo,become small,குறுகு,,,,Simple-Verbs,words
ꢪꣁꢥ꣄ꢥꢸꢪ꣄ꢒꢸꢱ꣄ꢒꢫꢶ ꢬꢴꢵ,मा॑न्नुम्कुस्कयि र्हा,மொன்னும்குஸ்கயி ரா:,mo'nnumkuskayi rhaa,mOnnumkuskayi rhA,mŏnnumkuskayi rhā,mon̪n̪umkus̪kəjɪ ɾɦɑː,pricked by conscience,குறுகுறு,,,,Simple-Verbs,words
ꢆꢥ꣄ꢥꣁ ꢲꣁꢫ꣄ꢬꢴꢵ,उन्ना॑ हा॑य र्हा,உன்னொ ஹொய் ரா:,unno' ho'yrhaa,unnO hOyrhA,unnŏ hŏyrhā,un̪n̪o ɦojɾɦɑː,decrease,குறை,,,,Simple-Verbs,words
ꢆꢥ꣄ꢥꣁ ꢒꢿꢬ꣄,उन्ना॑केर्,உன்னொகேர்,unno' ker,unnO ker,unnŏ ker,un̪n̪o keːɾ,decrease,குறை,,,,Simple-Verbs,words
ꢏꢖ꣄ꢔꢶ,आ॑ङ्गि,ஒங்கி3,o'ngi,OGgi,ŏṅgi,oŋgɪ,bend,குனி,,,,Simple-Verbs,words
ꢏꢖ꣄ꢔꢵꢜ꣄,आ॑ङ्गाट्,ஒங்கா3ட்,o'ngaat',OGgAT,ŏṅgāṭ,oŋgɑːʈ,bend,குனிய வை,,,,Simple-Verbs,words
ꢭꢵꢙ꣄,लाज,லாஜ்,laaj,lAj,lāj,lɑːd͡ʒ,feel shame,கூசு,,,,Simple-Verbs,words
ꢭꢵꢱ꣄,लास,லாஸ்,laas,lAs,lās,lɑːs̪,feel shame,கூசு,,,,Simple-Verbs,words
ꢭꢙ꣄ꢙꣁ ꢦꣁꢥ꣄ꢣꢶ,लज्जा॑ पा॑न्दि,லஜ்ஜொ பொந்தி3,lajjo' po'ndi,lajjO pOndi,lajjŏ pŏndi,ləd͡ʒd͡ʒo pon̪d̪ɪ,feel shame,கூசு,,,,Simple-Verbs,words
ꢗꢾꢬ꣄ꢗꢶ,चेर्चि,செர்சி,che'rchi,cErci,cĕrci,t͡ʃeɾt͡ʃɪ,add,கூட்டு,,,,Simple-Verbs,words
ꢗꢾꢬ꣄ꢭꢿ,चेर्ले,செர்லே,che'rle,cErle,cĕrle,t͡ʃeɾleː,"join, increase",கூடு,,,,Simple-Verbs,words
ꢲꢵꢡ꣄ ꢙꢾꢡ ꢗꢾꢬ꣄ꢗ꣄ꢗꢶ,हात्ज॑त च॑र्च्चि,ஹாத்ஜெதசெர்சி,haat je'ta che'rchchi,hAt jEta cErcci,hāt jĕta cĕrcci,ɦɑːt̪ d͡ʒet̪ə t͡ʃeɾt͡ʃt͡ʃɪ,fold hands,கூப்பு,,,,Simple-Verbs,words
ꢬꢾꢗ꣄ꢗ ꢡꢵꢫ꣄,र॑च्चताय्,ரெச்சொதாய்,re'chcha taay,rEcca tAy,rĕcca tāy,ɾet͡ʃt͡ʃə t̪ɑːj,shout,கூவு,,,,Simple-Verbs,words
ꢪꢿꢠ꣄,मेन,மேன்,men,meN,meṇ,meːɳ,say,கூறு,,,,Simple-Verbs,words
ꢱꢖ꣄ꢔꢶ,सङ्गि,ஸங்கி3,sangi,saGgi,saṅgi,s̪əŋgɪ,say,கூறு,,,,Simple-Verbs,words
ꢏꢖ꣄ꢒꢶ,आ॑ङ्गि,ஒங்கி3,o'nki,OGki,ŏṅki,oŋkɪ,bend,கூனு,,,,Simple-Verbs,words
ꢱ꣄ꢮꢦ꣄ꢬꢡꢵꢦ꣄ ꢒꢾꢬ꣄ꢭꢿ,स्वप्रताप क॑र्ले,ஸ்வப்ரதாப் கெர்லே,svaprataap ke'rle,svapratAp kErle,svapratāp kĕrle,s̪ʋəpɾət̪ɑːp keɾleː,Boast/brag,கொக்கரி,,,,Simple-Verbs,words
ꢒꢾꢖ꣄ꢙꢶ,क॑ञ्जि,கெஞ்ஜி,ke'ngji,kEGji,kĕṅji,keŋd͡ʒɪ,plead for favour,கெஞ்சு,,,,Simple-Verbs,words
ꢪꢔꢶꢭꢾ,मगिले,மகி3லே,magile',magilE,magilĕ,məgɪle,plead for favour,கெஞ்சு,,,,Simple-Verbs,words
ꢥꢵꢯ꣄,नाश,நாஶ்,naash,nAz,nāś,n̪ɑːʃ,spoil,கெடு,,,,Simple-Verbs,words
ꢥꢯꢥꣁ ꢲꣂ,नाशना॑ हो,நாஶனொஹோ,nashano' ho,nazanO ho,naśanŏ ho,n̪əʃən̪o ɦoː,be spoiled,கெடு,,,,Simple-Verbs,words
ꢙꢾꢔꢸꢖ꣄ꢗꢶ,जेगिञ्चि,ஜெகி3ஞ்சி,je'gungchi,jEguGci,jĕguṅci,d͡ʒeguŋt͡ʃɪ,win,கெல்லு,,,,Simple-Verbs,words
ꢙꢷꢔ꣄,जीग,ஜீக்3,jeeg,jIg,jīg,d͡ʒiːg,win,கெல்லு,,,,Simple-Verbs,words
ꢨꢸꢱ꣄ꢒꢸꢜ꣄ꢜꢶ ꢬꣂꢜ꣄,बुस्कुट्टि रोट्,பு3ஸ்குட்டிரோட்,buskut't'i rot',buskuTTi roT,buskuṭṭi roṭ,bus̪kuʈʈɪ ɾoːʈ,sob,கேவு,,,,Simple-Verbs,words
ꢎꢒꢶ,ऐकि,ஐகி,aiki,aiki,aiki,əɪkɪ,hear,கேள்,,,,Simple-Verbs,words
ꢂꢪ꣄ꢨꢜ꣄ ꢬꢴꢵ,अम्बट र्हा,அம்ப3ட் ரா:,ambat' rhaa,ambaT rhA,ambaṭ rhā,əmbəʈ ɾɦɑː,be sour,கை,,,,Simple-Verbs,words
ꢲꣁ,हो,ஹோ,ho',hO,hŏ,ɦo,be sour,கை,,,,Simple-Verbs,words
ꢔꢸꢜ꣄ꢜꢸꢡꢵꢫ꣄,कुट्टुताय,குட்டுதாய்,gut't'utaay,guTTutAy,guṭṭutāy,guʈʈut̪ɑːj,beat,கொட்டு,,,,Simple-Verbs,words
ꢜꢖ꣄ꢒꢥꣁ ꢒꢿꢬ꣄,टङ्कना॑ केर,டங்கனொ கேர்,t'ankano' ker,TaGkanO ker,ṭaṅkanŏ ker,ʈəŋkən̪o keːɾ,carve,கொத்து,,,,Simple-Verbs,words
ꢒꣁꢡ꣄ꢡꢶ,का॑त्ति,கொத்தி,ko'tti,kOtti,kŏtti,kot̪t̪ɪ,carve,கொத்து,,,,Simple-Verbs,words
ꢡꢦꢫꢶ ꢙꢵ,तपयि जा,தபயி ஜா,tapayi jaa,tapayi jA,tapayi jā,t̪əpəjɪ d͡ʒɑː,boil up,கொதி,,,,Simple-Verbs,words
ꢲꢸꢨ꣄ꢨꢶ,हुब्बि,ஹுப்3பி3,hubbi,hubbi,hubbi,ɦubbɪ,"swell up, boil up",கொந்தளி,,,,Simple-Verbs,words
ꢱꢸꢙ꣄ꢙꢶ,सुज्जि,ஸுஜ்ஜி,sujji,sujji,sujji,s̪ud͡ʒd͡ʒɪ,"swell up, boil up",கொந்தளி,,,,Simple-Verbs,words
ꢡꣂꢠꢸꢪ꣄ ꢔꣁꢳꣁ ꢒꢿꢬ꣄,तोणुम गोळा॑ केर,தோணும் கொ3ளொ கேர்,tonum go'l'o' ker,toNum gOLO ker,toṇum gŏl̤ŏ ker,t̪oːɳum goɭo keːɾ,gargle,கொப்பளி,,,,Simple-Verbs,words
ꢡꣂꢠ꣄ ꢔꣁꢳꣁ ꢒꢿꢬ꣄,तोण गोळा॑ केर,தோண் கொ3ளொ கேர்,ton go'l'o' ker,toN gOLO ker,toṇ gŏl̤ŏ ker,t̪oːɳ goɭo keːɾ,gargle,கொப்பளி,,,,Simple-Verbs,words
ꢡꣂꢜ꣄,तोट्,தோட்,tot',toT,toṭ,t̪oːʈ,pluck,கொய்,,,,Simple-Verbs,words
ꢪꢵꢬ꣄,मार्,மார்,maar,mAr,mār,mɑːɾ,kill,கொல்,,,,Simple-Verbs,words
ꢪꣁꢬꢵꢜ꣄,मा॑राट्,மொராட்,mo'raat',mOrAT,mŏrāṭ,moɾɑːʈ,kill,கொல்,,,,Simple-Verbs,words
ꢧꢖ꣄ꢔꢶꢜ꣄,फङ्गिट्,ப2ங்கி3ட்,phangit',phaGgiT,phaṅgiṭ,pʰəŋgɪʈ,winnow,கொழி/களை,,,,Simple-Verbs,words
ꢪꢥ꣄ꢣꣁ ꢗꢿꢜ꣄,मन्दा॑चेट्,மந்தொ3சேட்,mando' chet',mandO ceT,mandŏ ceṭ,mən̪d̪o t͡ʃeːʈ,become fat,கொழு,,,,Simple-Verbs,words
ꢢꣁꢮ꣄ꢭꢾ,था॑व्ले,தொ2வ்லே,tho'vle',thOvlE,thŏvlĕ,t̪ʰoʋle,have,கொள்,,,,Simple-Verbs,words
ꢩꣁꢬ꣄ꢮꢶ,भा॑र्वि,பொ4ர்வி,bho'rvi,bhOrvi,bhŏrvi,bʰoɾʋɪ,lit fire,கொளுத்து,,,,Simple-Verbs,words
ꢭꢔꢵꢜ꣄,लगाट,லகா3ட்,lagaat',lagAT,lagāṭ,ləgɑːʈ,lit fire,கொளுத்து,,,,Simple-Verbs,words
ꢗꢵꢮ꣄,चाव्,சாவ்,chaav,cAv,cāv,t͡ʃɑːʋ,munch,கொறி,,,,Simple-Verbs,words
ꢗꢾꢮ꣄ꢛ꣄ꢗꢶ,च॑वञ्चि,செவ்ஞ்சி,che'vnchi,cEvJci,cĕvñci,t͡ʃeʋɲt͡ʃɪ,munch,கொறி,,,,Simple-Verbs,words
ꢏꢬ꣄ꢦꢶ,आ॑र्पि,ஒர்பி,o'rpi,Orpi,ŏrpi,oɾpɪ,comb head,கோது,,,,Simple-Verbs,words
ꢬꢵꢒ꣄ ꢂꢥ꣄ꢭꢾ,राक अन्ले,ராக்அன்லே,raak anle',rAk anlE,rāk anlĕ,ɾɑːk ən̪le,get angry,கோபி,,,,Simple-Verbs,words
ꢨꣁꢪ꣄,पोम्,போம்,bo'm,bOm,bŏm,bom,string,கோர்,,,,Simple-Verbs,words
ꢪꢔꢶꢭꢿ,मगिले,மகி3லே,magile,magile,magile,məgɪleː,request,கோரு,,,,Simple-Verbs,words
ꢪꢾꢥ꣄ꢭꢿ,म॑न्ले,மென்லே,me'nle,mEnle,mĕnle,men̪leː,request,கோரு,,,,Simple-Verbs,words
ꢒ꣄ꢰꢪꣁ ꢒꢾꢬ꣄ꢭꢿ,क्षमा॑ क॑र्ले,க்ஷமொ கெர்லே,kshamo' ke'rle,kSamO kErle,kṣamŏ kĕrle,kʂəmo keɾleː,tolerate,சகி,,,,Simple-Verbs,words
ꢗꢶꢜꢸꢗꢶꢞꢵꢜ꣄,चिटुचिडट्,சிடு3சிடா3ட்,chit'uchid'aat',ciTuciDAT,ciṭuciḍāṭ,t͡ʃɪʈut͡ʃɪɖɑːʈ,make crackling sound,சடசட,,,,Simple-Verbs,words
ꢯꢶꢡꢶꢭꢶ ꢙꢵ,शितिलि जा,ஶிதிலி ஜா,shitili jaa,zitili jA,śitili jā,ʃɪt̪ɪlɪ d͡ʒɑː,crush/deform,சிதை,,,,Simple-Verbs,words
ꢗꢾꢣꢶꢭꢶꢙꢵ,चेदिलि जा,செதி3லி ஜா,che'dilijaa,cEdilijA,cĕdilijā,t͡ʃed̪ɪlɪd͡ʒɑː,crush/deform,சிதை,,,,Simple-Verbs,words
ꢣ꣄ꢒ꣄ꢒꢶ,द॑क्कि,தெ3க்கி,dkki,dkki,dkki,d̪kkɪ,meet,சந்தி,,,,Simple-Verbs,words
ꢪꢷꢭ꣄,मील,மீள்,meel,mIl,mīl,miːl,meet,சந்தி,,,,Simple-Verbs,words
ꢱꢾꢥ꣄ꢣꢿꢮ꣄ꢦꣂꢜ꣄,स॑न्देव्पोट,ஸெந்தே3வ்போட்,se'ndevpot',sEndevpoT,sĕndevpoṭ,s̪en̪d̪eːʋpoːʈ,doubt,சந்தேகி,,,,Simple-Verbs,words
ꢗꢵꢜ꣄,चाट,சாட்,chaat',cAT,cāṭ,t͡ʃɑːʈ,Lick/suckle,சப்பு,,,,Simple-Verbs,words
ꢚꢹꢬ꣄,झूर,ஜூ2ர்,jhoor,jhUr,jhūr,d͡ʒʰuːɾ,Lick/suckle,சப்பு,,,,Simple-Verbs,words
ꢱꢨꢶꢖ꣄ꢗꢶ,सबिञ्चि,ஸபி3ஞ்சி,sabingchi,sabiGci,sabiṅci,s̪əbɪŋt͡ʃɪ,curse,சபி,,,,Simple-Verbs,words
ꢗꢵꢭ꣄,चाल,சால்,chaal,cAl,cāl,t͡ʃɑːl,happen,சம்பவி,,,,Simple-Verbs,words
ꢙꣁꢞꢸꢖ꣄ꢗꢶ,जा॑डुञ्चि,ஜொடு3ஞ்சி,jo'd'ungchi,jODuGci,jŏḍuṅci,d͡ʒoɖuŋt͡ʃɪ,earn,சம்பாதி,,,,Simple-Verbs,words
ꢣꢷ ꢗꢾꢬ꣄ꢗꢶ,दी चेर्चि,தீ3 செர்சி,dee che'rchi,dI cErci,dī cĕrci,d̪iː t͡ʃeɾt͡ʃɪ,Submit/send in,சமர்ப்பி,,,,Simple-Verbs,words
ꢤꢞ꣄ꢞꢿ,धड्डे,த4ட்3டே3,dhad'd'e,dhaDDe,dhaḍḍe,d̪ʰəɖɖeː,Submit/send in,சமர்ப்பி,,,,Simple-Verbs,words
ꢥꢶꢬ꣄ꢮꢵꢲ꣄ ꢒꢿꢬ꣄,निर्वाह केर,நிர்வாஹ் கேர்,nirvaah ker,nirvAh ker,nirvāh ker,n̪ɪɾʋɑːɦ keːɾ,manage,சமாளி,,,,Simple-Verbs,words
ꢱꢛ꣄ꢗꢵꢭꢥꣁ ꢒꢿꢬ꣄,सञ्चालना॑ केर,ஸஞ்சாலனொ கேர்,sanchaalano' ker,saJcAlanO ker,sañcālanŏ ker,s̪əɲt͡ʃɑːlən̪o keːɾ,manage,சமாளி,,,,Simple-Verbs,words
ꢭꢾꢔꢸꢡ꣄ꢡꣁ ꢙꢵ,ल॑गुत्ता॑जा,லெகு3த்தொஜா,le'gutto' jaa,lEguttO jA,lĕguttŏ jā,legut̪t̪o d͡ʒɑː,go near,சமீபி,,,,Simple-Verbs,words
ꢭꢥ꣄ꢣꢶ,लन्दि,லந்தி3,landi,landi,landi,lən̪d̪ɪ,go near,சமீபி,,,,Simple-Verbs,words
ꢗꢵꢭ꣄ꢲꣁ,चाल्हो,சால்ஹோ,chaalho',cAlhO,cālhŏ,t͡ʃɑːlɦo,Become mature,சமை,,,,Simple-Verbs,words
ꢬꢸꢡꢸꢲꣁ,रुतुहो,ருது ஹோ,rutuho',rutuhO,rutuhŏ,ɾut̪uɦo,Become mature,சமை,,,,Simple-Verbs,words
ꢲꢥ꣄ꢣꢶ,हन्दि,ஹந்தி3,handi,handi,handi,ɦən̪d̪ɪ,cook,சமை,,,,Simple-Verbs,words
ꢏꢠ꣄ꢜ꣄ꢫꢦꣁꢔꢸꢪ꣄ ꢏꢖ꣄ꢔꢶ,आ॑ण्ट्यपोगुम आ॑ङ्गि,ஒண்ட்யபோகு3ம் ஒங்கி3,o'nt'yapo'gum o'ngi,ONTyapOgum OGgi,ŏṇṭyapŏgum ŏṅgi,oɳʈjəpogum oŋgɪ,tilt/slant,சரி,,,,Simple-Verbs,words
ꢏꢠ꣄ꢜ꣄ꢫꢦꣂꢔꢸꢪ꣄ ꢏꢖ꣄ꢔꢵꢜ꣄,आ॑ण्ट्यपोगुम् आ॑ङ्गाट्,ஒண்ட்யபோகு3ம் ஒங்கா3ட்,o'nt'yapogum o'ngaat',ONTyapogum OGgAT,ŏṇṭyapogum ŏṅgāṭ,oɳʈjəpoːgum oŋgɑːʈ,tiltslant,சரி,,,,Simple-Verbs,words
ꢚꢶꢬ꣄ꢒꢶ,झिर्कि,ஜி2ர்கி,jhirki,jhirki,jhirki,d͡ʒʰɪɾkɪ,slip,சருக்கு,,,,Simple-Verbs,words
ꢒꣁꢛ꣄ꢗꢶꢥ ꢶꢮꢗꢥ꣄ ꢒꢿꢬ꣄,का॑ञ्चिनि वचन्केर,கொஞ்சினி வசன் கேர்,ko'nchina ivachan ker,kOJcina ivacan ker,kŏñcina ivacan ker,koɲt͡ʃɪn̪ə ɪʋət͡ʃən̪ keːɾ,talk amorously,சல்லாபி,,,,Simple-Verbs,words
ꢱꢭ꣄ꢭꢵꢦꢸ ꢮꢗꢥ꣄ ꢒꢿꢬ꣄,सल्लापु वचन केर,ஸல்லாபு வசன் கேர்,sallaapu vachan ker,sallApu vacan ker,sallāpu vacan ker,s̪əllɑːpu ʋət͡ʃən̪ keːɾ,talk amorously,சல்லாபி,,,,Simple-Verbs,words
ꢱꢶꢥꢫꢶ ꢙꢵ,शिनयि जा,ஶினயி ஜா,sinayi jaa,sinayi jA,sinayi jā,s̪ɪn̪əjɪ d͡ʒɑː,be tired,சலி,,,,Simple-Verbs,words
ꢚꢶꢬ꣄ꢒꢶ ꢦꣂꢜ꣄,झिर्कि पोट,ஜி2ர்கி போட்,jhirki pot',jhirki poT,jhirki poṭ,d͡ʒʰɪɾkɪ poːʈ,slip,சறுக்கு,,,,Simple-Verbs,words
ꢗꢸꢒ꣄ꢱꢖ꣄ꢔꢶ,चूक्सङ्गि,சூக்ஸங்கி3,chuksangi,cuksaGgi,cuksaṅgi,t͡ʃuks̪əŋgɪ,charge with/accuse,சாட்டு,,,,Simple-Verbs,words
ꢣꣂꢰ ꢃꢬꣂꢦꢠꣁ,दोष आरोपणा॑,தோ3ஷ ஆரோபணொ,dosha aaropano',doSa AropaNO,doṣa āropaṇŏ,d̪oːʂə ɑːɾoːpəɳo,charge with/accuse,சாட்டு,,,,Simple-Verbs,words
ꢚꢵꢫ꣄,झाय्,ஜா2ய்,jhaay,jhAy,jhāy,d͡ʒʰɑːj,close,சாத்து,,,,Simple-Verbs,words
ꢱ꣄ꢢꢶꢬꣁ ꢒꢿꢬ꣄,स्थिरा॑ केर,ஸ்தி2ரொகேர்,sthiro' ker,sthirO ker,sthirŏ ker,s̪t̪ʰɪɾo keːɾ,establish,சாதி,,,,Simple-Verbs,words
ꢦꣂꢒ꣄ ꢏꢖBꢔꢶ,पोक्ओङ्गि,போக்ஒங்கி3,pok o'ngaBgi,pok OGaBgi,pok ŏṅaBgi,poːk oŋəBgɪ,incline,சாய்,,,,Simple-Verbs,words
ꢦꣂꢒ꣄ ꢏꢖBꢔꢵꢜ꣄,पोक्आ॑ङ्गाट्,போக்ஒங்கா3ட்,pok o'ngaBgaat',pok OGaBgAT,pok ŏṅaBgāṭ,poːk oŋəBgɑːʈ,incline,சாய்,,,,Simple-Verbs,words
ꢥꣁꢪ꣄ꢪꢶꢭꢶ ꢬꢴꢵ,ना॑म्मिलि र्हा,நொம்மிலிரா:,no'mmili rhaa,nOmmili rhA,nŏmmili rhā,n̪ommɪlɪ ɾɦɑː,depend on,சார்,,,,Simple-Verbs,words
ꢏꢬ꣄ꢔꢵꢜ꣄,आ॑र्गाट्,ஒர்கா3ட்,o'rgaat',OrgAT,ŏrgāṭ,oɾgɑːʈ,cause to lean,சார்த்து,,,,Simple-Verbs,words
ꢒꢳꢵꢜ꣄,कळाट,களாட்,kal'aat',kaLAT,kal̤āṭ,kəɭɑːʈ,announce,சாற்று,,,,Simple-Verbs,words
ꢦ꣄ꢬꢒꢜꢥꣁ ꢒꢿꢬ꣄,प्रकटना॑ केर,ப்ரகடனொ கேர்,prakat'ano' ker,prakaTanO ker,prakaṭanŏ ker,pɾəkəʈən̪o keːɾ,announce,சாற்று,,,,Simple-Verbs,words
ꢱꢪ꣄ꢜꢶꢥꢶ ꢦꣂꢜ꣄,सम्टिनि पोट,ஸம்டினி போட்,samt'ini pot',samTini poT,samṭini poṭ,s̪əmʈɪn̪ɪ poːʈ,be caught,சிக்கு,,,,Simple-Verbs,words
ꢱꢪ꣄ꢜꢶ,सम्टि,ஸம்டி,samt'i,samTi,samṭi,s̪əmʈɪ,be caught,சிக்கு,,,,Simple-Verbs,words
ꢬꢵꢒ꣄ ꢣꢾꢒ꣄ꢒꢵꢜ꣄,राक्द॑क्काट्,ராக்தெ3க்காட்,raak de'kkaat',rAk dEkkAT,rāk dĕkkāṭ,ɾɑːk d̪ekkɑːʈ,frown in anger,சிடு,,,,Simple-Verbs,words
ꢪꣁꢠ꣄ꢔꢵꢜ꣄,मा॑ण्गाट्,மொண்கா3ட்,mo'ngaat',mONgAT,mŏṇgāṭ,moɳgɑːʈ,cause to moan,சிணுக்கு,,,,Simple-Verbs,words
ꢲꢵꢮꢩꢵꢮ꣄ ꢒꢿꢬ꣄,हावभाव केर,ஹாவபா4வ் கேர்,haavabhaav ker,hAvabhAv ker,hāvabhāv ker,ɦɑːʋəbʰɑːʋ keːɾ,cause to moan,சிணுக்கு,,,,Simple-Verbs,words
ꢪꣁꢠ꣄ꢔꢶ,मा॑ण्गि,மொண்கி3,mo'ngi,mONgi,mŏṇgi,moɳgɪ,"whine, moan",சிணுங்கு,,,,Simple-Verbs,words
ꢬꢹꢦ꣄ꢒꢾꢬ꣄,रूप्केर,ரூப்கேர்,roopke'r,rUpkEr,rūpkĕr,ɾuːpkeɾ,picturise,சித்திரி,,,,Simple-Verbs,words
ꢗꢶꢡ꣄ꢡꢬ꣄ ꢒꢿꢬ꣄,चित्तर केर,சித்தர் கேர்,chittar ker,cittar ker,cittar ker,t͡ʃɪt̪t̪əɾ keːɾ,picturise,சித்திரி,,,,Simple-Verbs,words
ꢂꢨ꣄ꢨꢞ꣄ꢭꢿ ꢂꢨꢞ꣄ꢭꢿ,अब्बड्ले अबड्ले,அப்3ப3ட்3லே அப3ட்3லே,abbad'le abad'le,abbaDle abaDle,abbaḍle abaḍle,əbbəɖleː əbəɖleː,"occur, got",சித்தி,,,,Simple-Verbs,words
ꢗꢾꢣꢸꢬ꣄,च॑दुर,செது3ர்,che'dur,cEdur,cĕdur,t͡ʃed̪uɾ,scatter,சிதறு,,,,Simple-Verbs,words
ꢮꢶꢒꢷꢬ꣄ꢠꢸ ꢲꣁꢫ꣄ ꢙꢵ,विकीर्णु हा॑य्जा,விகீர்ணு ஹொய் ஜா,vikeernu ho'y jaa,vikIrNu hOy jA,vikīrṇu hŏy jā,ʋɪkiːɾɳu ɦoj d͡ʒɑː,scatter,சிதறு,,,,Simple-Verbs,words
ꢗꢾꢣꢸꢬꢵꢜ꣄,च॑दुराट,செது3ராட்,che'duraat',cEdurAT,cĕdurāṭ,t͡ʃed̪uɾɑːʈ,scatter,சிதற வை,,,,Simple-Verbs,words
ꢮꢶꢒꢷꢬ꣄ꢠꢸ ꢒꢾꢬ꣄,विकीर्णु केर,விகீர்ணு கேர்,vikeernu ke'r,vikIrNu kEr,vikīrṇu kĕr,ʋɪkiːɾɳu keɾ,scatter,சிதற வை,,,,Simple-Verbs,words
ꢥꢾꢱ꣄ꢒꢶ,न॑स्कि,நெஸ்கி,ne'ski,nEski,nĕski,n̪es̪kɪ,crush,சிதை,,,,Simple-Verbs,words
ꢫꣂꢱꢥꣁ ꢒꢿꢬ꣄,योसना॑ केर्,யோசனொகேர்,yosano' ker,yosanO ker,yosanŏ ker,joːs̪ən̪o keːɾ,think,சிந்தி,,,,Simple-Verbs,words
ꢭꢸꢗ꣄ꢗꢵꢜ꣄,लुच्चाट्,லுச்சாட்,luchchaat',luccAT,luccāṭ,lut͡ʃt͡ʃɑːʈ,shed,சிந்து,,,,Simple-Verbs,words
ꢪꢶꢱ꣄ꢒꢶ,मिस्कि,மிஸ்கி,miski,miski,miski,mɪs̪kɪ,winkle,சிமிட்டு,,,,Simple-Verbs,words
ꢗꢶꢬꢵꢫ꣄ꢥꢶ ꢦꣂꢜ꣄,चिरय्निपोट्,சிரய்னிபோட்,chiraayni pot',cirAyni poT,cirāyni poṭ,t͡ʃɪɾɑːjn̪ɪ poːʈ,be scratched,சிராய்,,,,Simple-Verbs,words
ꢲꢵꢱ꣄,हास,ஹாஸ்,haas,hAs,hās,ɦɑːs̪,laugh,சிரி,,,,Simple-Verbs,words
ꢱꣁꢮ꣄ꢬꢪ꣄ ꢒꢾꢬ꣄,सा॑व्रम्केर्,ஸொவ்ரம்கேர்,so'vram ke'r,sOvram kEr,sŏvram kĕr,s̪oʋɾəm keɾ,shave,சிரை,,,,Simple-Verbs,words
ꢬꣂꢪꢵꢛ꣄ꢗꣁ ꢲꣁꢫ꣄ꢭꢿ,रोमाञ्चा॑ हा॑य्ले,ரோமாஞ்சொ ஹொய்லே,romaancho' ho'yle,romAJcO hOyle,romāñcŏ hŏyle,ɾoːmɑːɲt͡ʃo ɦojleː,bristle up the hair/get the goosebumps,சிலிர்,,,,Simple-Verbs,words
ꢡꣁꢠꣁ ꢡꣁꢠꣁ ꢒꢿꢬ꣄,तोणो तोणो केर,தொணொ தொணொ கேர்,to'no' to'no' ker,tONO tONO ker,tŏṇŏ tŏṇŏ ker,t̪oɳo t̪oɳo keːɾ,talk without restraint,சிலுப்பு,,,,Simple-Verbs,words
ꢭꢴꣁꢮꣁ ꢦꣂꢜ꣄,ल्हा॑वा॑ पोट्,லொ:வொபோட்,lho'vo' pot',lhOvO poT,lhŏvŏ poṭ,lɦoʋo poːʈ,become red,சிவ,,,,Simple-Verbs,words
ꢥꢴꢥ꣄ꢥ ꢲꣂ,न्हन्न हो,ந:ன்னொஹோ,nhanna ho,nhanna ho,nhanna ho,n̪ɦən̪n̪ə ɦoː,become small,சிறு,,,,Simple-Verbs,words
ꢬꢵꢒ꣄ ꢂꢮꢵꢜ꣄,राक अवाट,ராக் அவாட்,raak avaat',rAk avAT,rāk avāṭ,ɾɑːk əʋɑːʈ,Provoke,சீண்டு,,,,Simple-Verbs,words
ꢆꢱ꣄ꢦꢶ ꢱꣂꢜ꣄,उस्पि सोट,உஸ்பி ஸோட்,uspi sot',uspi soT,uspi soṭ,us̪pɪ s̪oːʈ,Provoke,சீண்டு,,,,Simple-Verbs,words
ꢔꢮ꣄ꢖ꣄ꢗꢶ,गवञ्चि,க3வ்ஞ்சி,gavngchi,gavGci,gavṅci,gəʋŋt͡ʃɪ,care,சீந்து,,,,Simple-Verbs,words
ꢙꢷꢬ꣄ꢠꢸꢒꢿꢬ꣄,जीर्णुकेर,ஜீர்ணுகேர்,jeernuker,jIrNuker,jīrṇuker,d͡ʒiːɾɳukeːɾ,digest,சீரணி,,,,Simple-Verbs,words
ꢪꣁꢥꣁ ꢒꢿꢬ꣄,मा॑ना॑ केर्,மொனொ கேர்,mo'no' ker,mOnO ker,mŏnŏ ker,mon̪o keːɾ,sharpen,சீவு,,,,Simple-Verbs,words
ꢬꢵꢒ꣄ ꢂꢮꢞꢳꢿ,राक अवडळे,ராக்அவட்3ளே,raak avad'al'e,rAk avaDaLe,rāk avaḍal̤e,ɾɑːk əʋəɖəɭeː,Hiss/get angry,சீறு,,,,Simple-Verbs,words
ꢔꢸꢬ꣄ꢡꢸ ꢒꢳꢵꢜ꣄,गुर्तु कळाट,கு3ர்து களாட்,gurtu kal'aat',gurtu kaLAT,gurtu kal̤āṭ,guɾt̪u kəɭɑːʈ,point out,சுட்டு,,,,Simple-Verbs,words
ꢩꢸꢛ꣄ꢙꢶ,भुञ्जि,பு4ஞ்ஜி,bhunji,bhuJji,bhuñji,bʰuɲd͡ʒɪ,"roast, shoot",சுடு,,,,Simple-Verbs,words
ꢭꢵꢮ꣄,लाव,லாவ்,laav,lAv,lāv,lɑːʋ,"roast, shoot",சுடு,,,,Simple-Verbs,words
ꢪꢶꢜ꣄ꢜꢶ,मिट्टि,மிட்டி,mit't'i,miTTi,miṭṭi,mɪʈʈɪ,flipping,சுண்டு,,,,Simple-Verbs,words
ꢦꢱ꣄ꢡꣁꢒ꣄ꢒꢶ,पस्ता॑क्कि,பஸ்தொக்கி,pasto'kki,pastOkki,pastŏkki,pəs̪t̪okkɪ,hesitate,சுணக்கு,,,,Simple-Verbs,words
ꢯꢸꢣ꣄ꢣꢶ ꢒꢿꢬ꣄,शुद्दि केर्,ஶுத்3தி4கேர்,shuddi ker,zuddi ker,śuddi ker,ʃud̪d̪ɪ keːɾ,purify,சுத்திகரி,,,,Simple-Verbs,words
ꢡꢸꢒ꣄ꢒꢶ,तुक्कि,துக்கி,tukki,tukki,tukki,t̪ukkɪ,carry,சும,,,,Simple-Verbs,words
ꢮꢵꢮ꣄,वाव,வாவ்,vaav,vAv,vāv,ʋɑːʋ,carry,சும,,,,Simple-Verbs,words
ꢡꢸꢒ꣄ꢒꢵꢜ꣄,तुक्काट,துக்காட்,tukkaat',tukkAT,tukkāṭ,t̪ukkɑːʈ,make carry,சுமத்து,,,,Simple-Verbs,words
ꢒꣁꢮ꣄ꢬꢶ,का॑व्रि,கொவ்ரி,ko'vri,kOvri,kŏvri,koʋɾɪ,scrape,சுரண்டு,,,,Simple-Verbs,words
ꢒꢸꢖ꣄ꢒꢶ,कुङ्कि,குங்கி,kunki,kuGki,kuṅki,kuŋkɪ,"shrink, shorten",சுருக்கு,,,,Simple-Verbs,words
ꢂꢒ꣄ꢒꢸꢬꣁꢒꢿꢬ꣄,अक्कुरा॑ केर्,அக்குரொகேர்,akkuro'ker,akkurOker,akkurŏker,əkkuɾokeːɾ,"shrink, shorten",சுருக்கு,,,,Simple-Verbs,words
ꢒꢸꢖ꣄ꢔꢫꢶ ꢙꢵ,कुङ्गयि जा,குங்க3யி ஜா,kungayi jaa,kuGgayi jA,kuṅgayi jā,kuŋgəjɪ d͡ʒɑː,"shrink, shorten",சுருங்கு,,,,Simple-Verbs,words
ꢂꢒ꣄ꢒꢸꢬꣁ ꢲꣁ,अक्कुरा॑ हो,அக்குரொ ஹோ,akkuro' ho',akkurO hO,akkurŏ hŏ,əkkuɾo ɦo,"shrink, shorten",சுருங்கு,,,,Simple-Verbs,words
ꢂꢮ꣄ꢱꢬ꣄ ꢦꣁꢜ꣄,अव्सर पोट,அவ்ஸர் போட்,avsar po't',avsar pOT,avsar pŏṭ,əʋs̪əɾ poʈ,Hasten/hurry up,சுருசுரு,,,,Simple-Verbs,words
ꢔꢸꢮ꣄ꢠꢶ,गुव्णि,கு3வ்ணி,guvni,guvNi,guvṇi,guʋɳɪ,roll,சுருட்டு,,,,Simple-Verbs,words
ꢔꣁꢳꣁ ꢒꢿꢬ꣄,गा॑ळा॑ केर,கொ3ளொ கேர்,go'l'o' ker,gOLO ker,gŏl̤ŏ ker,goɭo keːɾ,roll,சுருட்டு,,,,Simple-Verbs,words
ꢔꢸꢠ꣄ꢮꢫꢶ ꢬꢴꢵ,गुण्वयि र्हा,கு3ண்வயிரா:,gunvayi rhaa,guNvayi rhA,guṇvayi rhā,guɳʋəjɪ ɾɦɑː,roll,சுருள்டு,,,,Simple-Verbs,words
ꢔꣁꢳꣁ ꢲꣁꢫ ꣄ꢬꢴꢵ,गा॑ळा॑ हा॑य र्हा,கொ3ளொ ஹொய் ரா:,go'l'o' ho'ya rhaa,gOLO hOya rhA,gŏl̤ŏ hŏya rhā,goɭo ɦojə ɾɦɑː,roll,சுருள்டு,,,,Simple-Verbs,words
ꢯ꣄꣄ꢮꢵꢱꣁ ꢒꢿꢬ꣄,श्वासा॑ केर,ஶ்வாஸொகேர்,shvaaso' ker,zvAsO ker,śvāsŏ ker,ʃʋɑːs̪o keːɾ,breathe,சுவாசி,,,,Simple-Verbs,words
ꢬꢸꢗ꣄ꢗꢶ ꢱꢵ,रुच्चि सा,ருச்சிஸா,ruchchi saa,rucci sA,rucci sā,ɾut͡ʃt͡ʃɪ s̪ɑː,taste,சுவை,,,,Simple-Verbs,words
ꢧꢷꢬ꣄,फीर्,பீ2ர்,pheer,phIr,phīr,pʰiːɾ,rotate,சுழல்,,,,Simple-Verbs,words
ꢧꢶꢬ꣄ꢮꢶꢶ,फिव्रि,பி2ர்வி,phirvii,phirvii,phirvii,pʰɪɾʋɪɪ,rotate,சுழற்று,,,,Simple-Verbs,words
ꢧꢶꢬꢵꢜ꣄,फिराट,பி2ராட்,phiraat',phirAT,phirāṭ,pʰɪɾɑːʈ,rotate,சுழற்று,,,,Simple-Verbs,words
ꢅꢠ꣄ꢒꢶ,इण्कि,இண்கி,eenki,INki,īṇki,iːɳkɪ,sprain,சுளுக்கு,,,,Simple-Verbs,words
ꢲꢶꢠ꣄ꢞꢶ,हिण्डि,ஹிண்டி3,hind'i,hiNDi,hiṇḍi,ɦɪɳɖɪ,"wander, rotate",சுற்று,,,,Simple-Verbs,words
ꢗꢸꢜ꣄ꢜꢸ ꢧꢷꢬ꣄,चुट्टुफीर्,சுட்டுபீ2ர்,chut't'u pheer,cuTTu phIr,cuṭṭu phīr,t͡ʃuʈʈu pʰiːɾ,"wander, rotate",சுற்று,,,,Simple-Verbs,words
ꢒꣁꢮ꣄ꢬꢶ,का॑व्रि,கொவ்ரி,ko'vri,kOvri,kŏvri,koʋɾɪ,scratch,சுறண்டு,,,,Simple-Verbs,words
ꢒ꣄ꢬꢷꢜꢶ ꢕꢵꢭ꣄,क्रीटि घाल,க்ரீடிகா4ல்,kreet'i ghaal,krITi ghAl,krīṭi ghāl,kɾiːʈɪ gʰɑːl,crown,சூட்டு,,,,Simple-Verbs,words
ꢕꢵꢭ꣄,घाल्,கா4ல்,ghaal,ghAl,ghāl,gʰɑːl,put,சூடு,,,,Simple-Verbs,words
ꢗꢾꢮꢸꢛ꣄ꢗꢶ,च॑वुञ्चि,செவுஞ்சி,che'vunchi,cEvuJci,cĕvuñci,t͡ʃeʋuɲt͡ʃɪ,suck,சூப்பு,,,,Simple-Verbs,words
ꢥꢴꢵꢥ꣄ ꢲꣁ,न्हान्हा॑,நா:ன்ஹோ,nhaan ho',nhAn hO,nhān hŏ,n̪ɦɑːn̪ ɦo,become thin,சூம்பு,,,,Simple-Verbs,words
ꢗꢸꢜ꣄ꢜꢸꢬ꣄ ꢬꢴꢵ,चुट्टुर् र्हा,சுட்டுர்ரா:,chut't'ur rhaa,cuTTur rhA,cuṭṭur rhā,t͡ʃuʈʈuɾ ɾɦɑː,surround,சூழ்,,,,Simple-Verbs,words
ꢗꢾꢒ꣄ꢒꢶ,च॑क्कि,செக்கி,che'kki,cEkki,cĕkki,t͡ʃekkɪ,chop,செத்து,,,,Simple-Verbs,words
ꢟꢖ꣄ꢒꢶ,ढङ्कि,ட2ங்கி,d'hanki,DhaGki,ḍhaṅki,ɖʰəŋkɪ,carve,செதுக்கு,,,,Simple-Verbs,words
ꢥꢵꢪ ꢙꢦꣁ ꢒꢿꢬ꣄,नाम जपा॑ केर,நாம ஜபொ கேர்,naama japo' ker,nAma japO ker,nāma japŏ ker,n̪ɑːmə d͡ʒəpo keːɾ,pray,செபி,,,,Simple-Verbs,words
ꢦ꣄ꢬꢵꢬ꣄ꢢꢥꣁ ꢒꢿꢬ꣄,प्रार्थना॑ केर,ப்ரார்த2னொ கேர்,praarthano' ker,prArthanO ker,prārthanŏ ker,pɾɑːɾt̪ʰən̪o keːɾ,pray,செபி,,,,Simple-Verbs,words
ꢙꢷꢬ꣄ꢠꢸꢲꣁ,जीर्णुहो,ஜீர்ணுஹோ,jeernuho',jIrNuhO,jīrṇuhŏ,d͡ʒiːɾɳuɦo,digest,செமி,,,,Simple-Verbs,words
ꢒꢿꢬ꣄,केर्,கேர்,ker,ker,ker,keːɾ,do,செய்,,,,Simple-Verbs,words
ꢙꢶꢬ꣄ꢪꢵꢥ꣄ ꢲꣂ,जिर्मान्हो,ஜிர்மான்ஹோ,jirmaan ho,jirmAn ho,jirmān ho,d͡ʒɪɾmɑːn̪ ɦoː,digest,செரி,,,,Simple-Verbs,words
ꢡꢸꢬꢵꢜ꣄,तुराट्,துராட்,turaat',turAT,turāṭ,t̪uɾɑːʈ,insert,செருகு,,,,Simple-Verbs,words
ꢕꢞꢶ ꢒꣁꢮ꣄ꢬꢶ,घडि का॑व्रि,க4டி3 கொவ்ரி,ghad'i ko'vri,ghaDi kOvri,ghaḍi kŏvri,gʰəɖɪ koʋɾɪ,calling attention by clearing throat,செருமு,,,,Simple-Verbs,words
ꢙꢮꢵꢜ꣄,जवाट,ஜவாட்,javaat',javAT,javāṭ,d͡ʒəʋɑːʈ,drive,செலுத்து,,,,Simple-Verbs,words
ꢤꢪꢵꢜ꣄,धमाट,த4மாட்,dhamaat',dhamAT,dhamāṭ,d̪ʰəmɑːʈ,drive,செலுத்து,,,,Simple-Verbs,words
ꢗꢸꢨꢶꢜ꣄ꢗꢸ ꢦꣁꢥ꣄ꢣꢶ,चुबिट्चुपा॓न्दि,சுபி3ட்சுபொந்தி3,chubit'chu po'ndi,cubiTcu pOndi,cubiṭcu pŏndi,t͡ʃubɪʈt͡ʃu pon̪d̪ɪ,prosper,செழி,,,,Simple-Verbs,words
ꢗꢾꢬ꣄ꢗꢶ,च॑र्चि,செர்சி,che'rchi,cErci,cĕrci,t͡ʃeɾt͡ʃɪ,collect,கேகரி,,,,Simple-Verbs,words
ꢆꢬꢵꢮ꣄ ꢒꢿꢬ꣄,उराव्केर्,உராவ்கேர்,uraav ker,urAv ker,urāv ker,uɾɑːʋ keːɾ,save,சேமி,,,,Simple-Verbs,words
ꢙꢷꢗꢿꢬ꣄,जीचेर्,ஜீசேர்,jeecher,jIcer,jīcer,d͡ʒiːt͡ʃeːɾ,"join, reach",சேர்,,,,Simple-Verbs,words
ꢗꢾꢬ꣄ꢗꢶ,च॑र्चि,செர்சி,che'rchi,cErci,cĕrci,t͡ʃeɾt͡ʃɪ,"join, attach",சேர்,,,,Simple-Verbs,words
ꢦꢵꢄꢪ꣄ꢦꣁꢜ꣄,पाइम्पोट,பாஇ~ம்போட்,paaimpo't',pAimpOT,pāimpŏṭ,pɑːɪmpoʈ,worship,சேவி,,,,Simple-Verbs,words
ꢪꢾꢖ꣄ꢔꢶ,म॑ङ्गि,மெங்கி3,me'ngi,mEGgi,mĕṅgi,meŋgɪ,be attracted,சொக்கு,,,,Simple-Verbs,words
ꢨꣁꢜ꣄ꢜꢸ ꢦꣂꢜ꣄,बा॑ट्टुपोट्,பொ3ட்டுபோட்,bo't't'u pot',bOTTu poT,bŏṭṭu poṭ,boʈʈu poːʈ,drop,சொட்டு,,,,Simple-Verbs,words
ꢗꢶꢞꢸꢒ꣄ꢒꢸ ꢡꢵꢫ꣄,चिडुक्कु ताय्,சிடு3க்குதாய்,chid'ukku taay,ciDukku tAy,ciḍukku tāy,t͡ʃɪɖukku t̪ɑːj,crack the finger,சொடக்கு,,,,Simple-Verbs,words
ꢧꢸꢭꢸ ꢦꣁꢮ꣄ꢱ꣄ꢦꣂꢜ꣄,फूलुपा॑व्स्पोट,பூ2லு பொவ்ஸ்போட்,phulu po'vspot',phulu pOvspoT,phulu pŏvspoṭ,pʰulu poʋs̪poːʈ,rain down,சொரி,,,,Simple-Verbs,words
ꢡꢸꢬꢵꢜ꣄,तुराट्,துராட்,turaat',turAT,turāṭ,t̪uɾɑːʈ,put in/insert,சொருகு,,,,Simple-Verbs,words
ꢡꢾꢜ꣄ꢜꢸ ꢪꢸꢜ꣄ꢜꢶ,त॑ट्टुमुट्टि,தெட்டுமுட்டி,te't't'u mut't'i,tETTu muTTi,tĕṭṭu muṭṭi,t̪eʈʈu muʈʈɪ,be deranged,தடுமாறு,,,,Simple-Verbs,words
ꢡꢾꢠ꣄ꢞꢥꣁ ꢣꢿ,त॑ण्डना॓ दे,தெ3ண்ட3னொதே3,te'nd'ano' de,tENDanO de,tĕṇḍanŏ de,t̪eɳɖən̪o d̪eː,punish,தண்டி,,,,Simple-Verbs,words
ꢂꢠ꣄ꢗꢫꢶ ꢬꢴꢵ,अण्चयि र्हा,அண்சயி ரா:,anchayi rhaa,aNcayi rhA,aṇcayi rhā,əɳt͡ʃəjɪ ɾɦɑː,reduce,தணி,,,,Simple-Verbs,words
ꢂꢠ꣄ꢗꢶ,अण्चि,அண்சி,anchi,aNci,aṇci,əɳt͡ʃɪ,reduce,தணி,,,,Simple-Verbs,words
ꢡꢾꢡ꣄ꢡꢳꢶꢛ꣄ꢗꢶ,त॑त्तळिञ्चि,தெத்தளிஞ்சி,te'ttal'inchi,tEttaLiJci,tĕttal̤iñci,t̪et̪t̪əɭɪɲt͡ʃɪ,struggle for life,தத்தளி,,,,Simple-Verbs,words
ꢡꢾꢭ꣄ꢒꢶ,त॑ल्कि,தெல்கி,te'lki,tElki,tĕlki,t̪elkɪ,overflow,ததும்பு,,,,Simple-Verbs,words
ꢡꣁꢨꢸꢛ꣄ꢗꢵꢜ꣄,ता॑बुञ्चाट,தொபு3ஞ்சாட்,to'bunchaat',tObuJcAT,tŏbuñcāṭ,t̪obuɲt͡ʃɑːʈ,Make one escape,தப்பி,,,,Simple-Verbs,words
ꢡꣁꢨꢸꢛ꣄ꢗꢶ,ता॑बिञ्चि,தொபி3ஞ்சி,to'bunchi,tObuJci,tŏbuñci,t̪obuɲt͡ʃɪ,escape,தப்பு,,,,Simple-Verbs,words
ꢦꢥ꣄ꢪꢭ꣄ꢒꢾ ꢦꣂꢜ꣄,पन्मल्क॑ पोट,பன்மல்கெ போட்,panmalke' pot',panmalkE poT,panmalkĕ poṭ,pən̪məlke poːʈ,hesitate,தயங்கு,,,,Simple-Verbs,words
ꢣꢬ꣄ꢰꢠꣁ ꢒꢿꢬ꣄,दर्षणा॑ केर,த3ர்ஷணொகேர்,darshano' ker,darSaNO ker,darṣaṇŏ ker,d̪əɾʂəɳo keːɾ,see,தரிசி,,,,Simple-Verbs,words
ꢮꢶꢮꢵꢡ꣄ ꢒꢿꢬ꣄,विवात्केर्,விவாத்3கேர்,vivaat ker,vivAt ker,vivāt ker,ʋɪʋɑːt̪ keːɾ,argue,தருக்கி,,,,Simple-Verbs,words
ꢨꣁꢮꢥ꣄ ꢤꢜ꣄ꢞꢾ,बोवन्धट्डे,பொ3வன்த4ட்டே3,bo'van dhat'd'e',bOvan dhaTDE,bŏvan dhaṭḍĕ,boʋən̪ d̪ʰəʈɖe,fetch,தருவி,,,,Simple-Verbs,words
ꢕꣁꢠꢖ꣄ꢒꣁꢠꢵꢫ꣄ ꢒꢿꢬ꣄,घोणङ्कोणाय् केर,கொ4ணங்கொணாய்கேர்,gho'nanko'naay ker,ghONaGkONAy ker,ghŏṇaṅkŏṇāy ker,gʰoɳəŋkoɳɑːj keːɾ,crawl,தவழ்,,,,Simple-Verbs,words
ꢏꢞ꣄ꢙꢵ,आ॑ड्जा,ஒட்3ஜா,o'd'jaa,ODjA,ŏḍjā,oɖd͡ʒɑː,fail,தவறு,,,,Simple-Verbs,words
ꢂꢭ꣄ꢭꢵꢜ꣄,अल्लाट्,அல்லாட்,allaat',allAT,allāṭ,əllɑːʈ,be distressed,தவி,,,,Simple-Verbs,words
ꢥꢴꢷꢡ꣄ꢡꣁ ꢲꣁꢮꢵꢜ꣄,न्हीत्ता॑ हा॑वाट,நீ:த்தொஹொவாட்,nheetto' ho'vaat',nhIttO hOvAT,nhīttŏ hŏvāṭ,n̪ɦiːt̪t̪o ɦoʋɑːʈ,avoid,தவிர்,,,,Simple-Verbs,words
ꢔꣁꢳ ꢔꣁꢳꢵꢜ꣄,गा॑ळ्गा॓ळाट्,கொ3ளகொ3ளாட்,go'l'a go'l'aat',gOLa gOLAT,gŏl̤a gŏl̤āṭ,goɭə goɭɑːʈ,"stammer from joy, love, etc.",தழுதழு,,,,Simple-Verbs,words
ꢙꣁꢭꢶꢛ꣄ꢗꢶ,जा॑लिञ्चि,ஜொலிஞ்சி,jo'linchi,jOliJci,jŏliñci,d͡ʒolɪɲt͡ʃɪ,"dazzle, glitter",சொலி,,,,Simple-Verbs,words
ꢓꢮ꣄ꢙꢶ,खव्जि,க2வ்ஜி,khavji,khavji,khavji,kʰəʋd͡ʒɪ,scratch,சொறி,,,,Simple-Verbs,words
ꢦꢬꢷꢒ꣄ꢰꣁ ꢒꢿꢬ꣄,परीक्षो केर्,பரீக்ஷொகேர்,pareeksho' ker,parIkSO ker,parīkṣŏ ker,pəɾiːkʂo keːɾ,test,சோதி,,,,Simple-Verbs,words
ꢗꣁꢒ꣄ꢒꢜ꣄ ꢲꣁ,चा॓क्कट हो,சொக்கட் ஹோ,cho'kkat' ho',cOkkaT hO,cŏkkaṭ hŏ,t͡ʃokkəʈ ɦo,be good,சோபி,,,,Simple-Verbs,words
ꢯꢷꢥ꣄ ꢭꢒꢫ꣄ꢭꢾ,शीन्लकय्ले,ஶீன்லக3ய்லே,sheen lakayle',zIn lakaylE,śīn lakaylĕ,ʃiːn̪ ləkəjle,become tired,சோர்,,,,Simple-Verbs,words
ꢧꢸꢜ꣄ꢜꢶ ꢦꣂꢜ꣄,फुट्टि पोट,பு2ட்டி போட்,phut't'i pot',phuTTi poT,phuṭṭi poṭ,pʰuʈʈɪ poːʈ,collapse,தகர்,,,,Simple-Verbs,words
ꢤ꣄ꢮꢪ꣄ꢯꢸ ꢲꣂ,धवम्शु हो,த்4வம்ஶு ஹோ,dhvamshu ho,dhvamzu ho,dhvamśu ho,d̪ʰʋəmʃu ɦoː,collapse,தகர்,,,,Simple-Verbs,words
ꢩꣁꢞꢶꢡꢵꢫ꣄,फा॑डिताय्,பொ2டி3தாய்,bho'd'itaay,bhODitAy,bhŏḍitāy,bʰoɖɪt̪ɑːj,demolish,தகர்,,,,Simple-Verbs,words
ꢩꣁꢔ ꢩꣁꢔꢫꢶ ꢬꢴꢵ,भा॑ग भा॑गयि र्हा,பொ4க3பொ4க3யி ரா:,bho'ga bho'gayi rhaa,bhOga bhOgayi rhA,bhŏga bhŏgayi rhā,bʰogə bʰogəjɪ ɾɦɑː,sizzle,தகி,,,,Simple-Verbs,words
ꢡꢦꢫꢶ ꢬꢴꢵ,तपयि र्हा,தபயி ரா:,tapayi rhaa,tapayi rhA,tapayi rhā,t̪əpəjɪ ɾɦɑː,sizzle,தகி,,,,Simple-Verbs,words
ꢬꢴꢷꢭꢿ,र्हीले,ரீ:லே,rheele,rhIle,rhīle,ɾɦiːleː,stay,தங்கு,,,,Simple-Verbs,words
ꢬꢴꢾꢫ꣄ꢭꢿ,र्ह॑य्ले,ரெ:ய்லே,rhe'yle,rhEyle,rhĕyle,ɾɦejleː,stay,தங்கு,,,,Simple-Verbs,words
ꢬꢴꢵ,र्हा,ரா:,rhaa,rhA,rhā,ɾɦɑː,stay,தங்கு,,,,Simple-Verbs,words
ꢡꢾꢜ꣄ꢜꢶ,त॑ट्टि,தெட்டி,te't't'i,tETTi,tĕṭṭi,t̪eʈʈɪ,knock,தட்டு,,,,Simple-Verbs,words
ꢭꢵꢮ꣄,लाव्,லாவ்,laav,lAv,lāv,lɑːʋ,smear,தடவு,,,,Simple-Verbs,words
ꢧꢸꢔ꣄ꢔꢶ,फुग्गि,பு2க்3கி3,phuggi,phuggi,phuggi,pʰuggɪ,swell,தடி,,,,Simple-Verbs,words
ꢂꢮ꣄ꢞꣂꢦꣁꢜ꣄,अव्डा॑ पोट हिब्बाट,அவ்டொ3போட்,avd'opo't',avDopOT,avḍopŏṭ,əʋɖoːpoʈ,obstruct,தடு,,,,Simple-Verbs,words
ꢲꢶꢨ꣄ꢨꢵꢞ꣄,अव्डा॑ पोट हिब्बाट,ஹிப்3பா3ட்3,hibbaad',hibbAD,hibbāḍ,ɦɪbbɑːɖ,obstruct,தடு,,,,Simple-Verbs,words
ꢡꢾꢭ꣄ꢒꢫꢶ ꢙꢵ,त॑ल्कयि जा,தெல்கயி ஜா,te'lkayi jaa,tElkayi jA,tĕlkayi jā,t̪elkəjɪ d͡ʒɑː,overflow,தளும்பு,,,,Simple-Verbs,words
ꢒꢨꢶꢭꢿ,कबिले,கபி3லே,kabile,kabile,kabile,kəbɪleː,embrace,தழுவு,,,,Simple-Verbs,words
ꢃꢭꢶꢖ꣄ꢔꢥꣁ ꢒꢿꢬ꣄,आलिङ्गना॑ केर,ஆலிங்க3னொ கேர்,aalingano' ker,AliGganO ker,āliṅganŏ ker,ɑːlɪŋgən̪o keːɾ,embrace,தழுவு,,,,Simple-Verbs,words
ꢦꣁꢜꢭꢶ ꢩꢥ꣄ꢣꢶꢭꢿ,पा॑टलि भन्दिले,பொடலி ப4ந்தி3லே,po't'ali bhandile,pOTali bhandile,pŏṭali bhandile,poʈəlɪ bʰən̪d̪ɪleː,embrace,தழுவு,,,,Simple-Verbs,words
ꢗꢸꢨꢶꢜ꣄ꢗꢸꢒꢥ꣄ ꢬꢴꢵ,चुबिट्चुकन् र्हा,சுபி3ட்சுகன் ரா:,chubit'chukan rhaa,cubiTcukan rhA,cubiṭcukan rhā,t͡ʃubɪʈt͡ʃukən̪ ɾɦɑː,flourish,தழை,,,,Simple-Verbs,words
ꢙꣁꢭꢶꢛ꣄ꢗꢶ,जा॑लिञ्चि,ஜொலிஞ்சி,jo'linchi,jOliJci,jŏliñci,d͡ʒolɪɲt͡ʃɪ,shine,தளதள,,,,Simple-Verbs,words
ꢤꢶꢭ꣄ꢭꣁ ꢦꣂꢜ꣄,धिल्ला॓ पोट्,தி4ல்லொபோட்,dhillo' pot',dhillO poT,dhillŏ poṭ,d̪ʰɪllo poːʈ,get loose,தளர்,,,,Simple-Verbs,words
ꢤꢶꢭ꣄ꢭꣁ ꢒꢿꢬ꣄,धिल्ला॓ केर्,தி4ல்லொகேர்,dhillo' ker,dhillO ker,dhillŏ ker,d̪ʰɪllo keːɾ,loosen,தளர்த்து,,,,Simple-Verbs,words
ꢗꢶꢒꢸꢥ꣄,चिकुर,சிகுர்,chikun,cikun,cikun,t͡ʃɪkun̪,sprout out,தளிர்,,,,Simple-Verbs,words
ꢪꢸꢒꢸꢬ꣄,मुकुर्,முகுர்,mukur,mukur,mukur,mukuɾ,sprout out,தளிர்,,,,Simple-Verbs,words
ꢂꢖ꣄ꢒꢸꢬ꣄,अङ्कुर,அங்குர்,ankur,aGkur,aṅkur,əŋkuɾ,sprout out,தளிர்,,,,Simple-Verbs,words
ꢗꢾꢒ꣄ꢒꢶ,च॑क्कि,செக்கி,che'kki,cEkki,cĕkki,t͡ʃekkɪ,cut,தறி,,,,Simple-Verbs,words
ꢏꢠ꣄ꢜꢶꢒꢥ꣄ ꢬꢴꢵ,आ॑ण्टिकन र्हा,ஒண்டிகன்ரா:,o'nt'ikan rhaa,ONTikan rhA,ŏṇṭikan rhā,oɳʈɪkən̪ ɾɦɑː,be alone,தனி,,,,Simple-Verbs,words
ꢲꢵꢥ꣄,हान्,ஹான்,haan,hAn,hān,ɦɑːn̪,attack,தாக்கு,,,,Simple-Verbs,words
ꢕꢵꢪ꣄ ꢡꢵꢫ꣄,घाम्ताय,கா4ம்தாய்,ghaam taay,ghAm tAy,ghām tāy,gʰɑːm t̪ɑːj,attack,தாக்கு,,,,Simple-Verbs,words
ꢃꢒ꣄ꢬꢪꢥꣁ ꢒꢿꢬ꣄,आक्रमना॑ केर,ஆக்ரமனொ கேர்,aakramano' ker,AkramanO ker,ākramanŏ ker,ɑːkɾəmən̪o keːɾ,attack,தாக்கு,,,,Simple-Verbs,words
ꢱꢮꢥ꣄ꢒꢾꢬ꣄ꢭꢿ,सवन्क॑र्ले,ஸவன்கெர்லே,savanke'rle,savankErle,savankĕrle,s̪əʋən̪keɾleː,bear,தாங்கு,,,,Simple-Verbs,words
ꢮꢲꢶꢭꢾ,वहिले,வஹிலே,vahile',vahilE,vahilĕ,ʋəɦɪle,bear,தாங்கு,,,,Simple-Verbs,words
ꢬꢴꢒ꣄ꢒꢶ,र्हक्कि,ர:க்கி,rhakki,rhakki,rhakki,ɾɦəkkɪ,Wait,தாமசி,,,,Simple-Verbs,words
ꢡꢪꢱ꣄ꢒꢿꢬ꣄,तमस्केर,தமஸ் கேர்,tamasker,tamasker,tamasker,t̪əməs̪keːɾ,Wait,தாமசி,,,,Simple-Verbs,words
ꢱ꣄ꢢꢶꢬꣁ ꢒꢿꢬ꣄,स्थिरा॓ केर,ஸ்தி2ரொ கேர்,sthiro' ker,sthirO ker,sthirŏ ker,s̪t̪ʰɪɾo keːɾ,Wait,தாமசி,,,,Simple-Verbs,words
ꢡꢪꢱ꣄ꢒꢿꢬ꣄,तमस्केर,தமஸ் கேர்,tamasker,tamasker,tamasker,t̪əməs̪keːɾ,delay,தாமதி,,,,Simple-Verbs,words
ꢆꢭ꣄ꢭꢖ꣄ꢔꢶ,उल्लङ्गि,உல்லங்கி3,ullangi,ullaGgi,ullaṅgi,ulləŋgɪ,leap,தாவு,,,,Simple-Verbs,words
ꢚꢵꢖ꣄ꢔꢶ,झाङ्गि,ஜா2ங்கி3,jhaangi,jhAGgi,jhāṅgi,d͡ʒʰɑːŋgɪ,leap,தாவு,,,,Simple-Verbs,words
ꢓꢵꢭ꣄ꢙꢵ,खाल्जा,கா2ல் ஜா,khaaljaa,khAljA,khāljā,kʰɑːld͡ʒɑː,become low,தாழ்,,,,Simple-Verbs,words
ꢓꢵꢭ꣄ꢒꢿꢬ꣄,खाल्केर्,கா2ல்கேர்,khaalker,khAlker,khālker,kʰɑːlkeːɾ,lower,தாழ்த்து,,,,Simple-Verbs,words
ꢧꣁꢠ꣄ꢠꢶ ꢣꢾ,फा॑ण्णि दे,பொ2ண்ணி தே3,pho'nni de',phONNi dE,phŏṇṇi dĕ,pʰoɳɳɪ d̪e,seasoning,தாளி,,,,Simple-Verbs,words
ꢡꢶꢒ꣄ꢒꢶ ꢮꢡ꣄ꢡꣁ ꢒꢿꢬ꣄,तिक्कि वत्ता॑ केर,திக்கி வத்தொ கேர்,tikki vatto' ker,tikki vattO ker,tikki vattŏ ker,t̪ɪkkɪ ʋət̪t̪o keːɾ,stammer,திக்கு,,,,Simple-Verbs,words
ꢓ꣄ꢫꢵꢣꢶ ꢦꣁꢥ꣄ꢣꢶ,ख्यादि पा॑न्दि,க்2யாதி3 பொந்தி3,khyaadi po'ndi,khyAdi pOndi,khyādi pŏndi,kʰjɑːd̪ɪ pon̪d̪ɪ,to become famous,திகழ்,,,,Simple-Verbs,words
ꢒꢷꢬ꣄ꢡꢶ ꢦꣁꢥ꣄ꢣꢶ,कीर्ति पा॑न्दि,கீர்தி பொந்தி3,keerti po'ndi,kIrti pOndi,kīrti pŏndi,kiːɾt̪ɪ pon̪d̪ɪ,to become famous,திகழ்,,,,Simple-Verbs,words
ꢨꢾꢣꢶꢬ꣄,ब॑दिर,பெ3தி3ர்,be'dir,bEdir,bĕdir,bed̪ɪɾ,stun,திகை,,,,Simple-Verbs,words
ꢔꢵꢭ꣄ꢞꢾ,गाल्डे,கா3ள்டே3,gaald'e',gAlDE,gālḍĕ,gɑːlɖe,scold,திட்டு,,,,Simple-Verbs,words
ꢨꢾꢣꢶꢬ꣄,ब॑दिर,பெ3தி3ர்,be'dir,bEdir,bĕdir,bed̪ɪɾ,Be astonished,திடுக்கிடு,,,,Simple-Verbs,words
ꢂꢭ ꣄ꢦꣁꢥ꣄ꢣꢶ,अल पा॑न्दि,அல்பொந்தி3,ala po'ndi,ala pOndi,ala pŏndi,ələ pon̪d̪ɪ,Be at a loss,திண்டாடு,,,,Simple-Verbs,words
ꢲꢸꢨ꣄ꢨꢱ꣄,हुब्बस,ஹுப்3ப3ஸ்,hubbas,hubbas,hubbas,ɦubbəs̪,be choked,திணறு,,,,Simple-Verbs,words
ꢡꢶꢠ꣄ꢗꢶ,तिण्चि,திண்சி,tinchi,tiNci,tiṇci,t̪ɪɳt͡ʃɪ,stuff,திணி,,,,Simple-Verbs,words
ꢩꣁꢬ꣄ꢮꢶ,भा॑र्वि,பொ4ர்வி,bho'rvi,bhOrvi,bhŏrvi,bʰoɾʋɪ,stuff,திணி,,,,Simple-Verbs,words
ꢔꢸꢳ꣄ꢳꢾ ꢲꢵꣂ,गुळ्ळ॑ हो,கு3ள்ளெ ஹோ,gul'l'e' haao,guLLE hAo,gul̤l̤ĕ hāo,guɭɭe ɦɑːoː,be sweet,தித்தி,,,,Simple-Verbs,words
ꢧꢶꢬ꣄ꢮꢶ,फिव्रि,பி2ர்வி,phirvi,phirvi,phirvi,pʰɪɾʋɪ,turn,திருப்பு,,,,Simple-Verbs,words
ꢧꢶꢬ꣄,फीर,பீ2ர்,phir,phir,phir,pʰɪɾ,turn,திரும்பு,,,,Simple-Verbs,words
ꢤ꣄ꢫꢥ꣄ ꢒꢿꢬ꣄꣄,ध्यान्केर्,த்4யான் கேர்,dhyan ker,dhyan ker,dhyan ker,d̪ʰjən̪ keːɾ,meditate,தியானி,,,,Simple-Verbs,words
ꢐꢒ꣄ ꢒꢿꢬ꣄,आ॑क केर,ஓக் கேர்,ok ker,ok ker,ok ker,oːk keːɾ,collect,திரட்டு,,,,Simple-Verbs,words
ꢙꢾꢡꣁ ꢒꢿꢬ꣄,ज॑ता॑ केर,ஜெதொ கேர்,je'to' ker,jEtO ker,jĕtŏ ker,d͡ʒet̪o keːɾ,collect,திரட்டு,,,,Simple-Verbs,words
ꢔꢸꢪ꣄ꢦꢶ,गुम्पि,கு3ம்பி,gumpi,gumpi,gumpi,gumpɪ,collect,திரட்டு,,,,Simple-Verbs,words
ꢦꢷꢳ꣄,पीळ्,பீள்,peel',pIL,pīl̤,piːɭ,twist,திரி,,,,Simple-Verbs,words
ꢱꢾꢬ꣄ꢒꣁ ꢒꢿꢬ꣄,सेर्का॑ केर,ஸெர்கொ கேர்,se'rko' ker,sErkO ker,sĕrkŏ ker,s̪eɾko keːɾ,correct,திருத்து,,,,Simple-Verbs,words
ꢱꢾꢬ꣄ꢒꣁ ꢲꣂ,सेर्का॑ हो,ஸெர்கொ ஹோ,se'rko' ho,sErkO ho,sĕrkŏ ho,s̪eɾko ɦoː,correct,திருந்து,,,,Simple-Verbs,words
ꢱꣁꢪ꣄ꢦꢶ,सा॑म्पि,ஸொம்பி,so'mpi,sOmpi,sŏmpi,s̪ompɪ,to become very happy,திளை,,,,Simple-Verbs,words
ꢱꢥ꣄ꢡꢸꢰ꣄ꢜꢶ,सन्तुष्टि,ஸந்துஷ்டி,santusht'i,santuSTi,santuṣṭi,s̪ən̪t̪uʂʈɪ,to become very happy,திளை,,,,Simple-Verbs,words
ꢲꢸꢔꢸꢞ꣄,हुगुड,ஹுகு3ட்3,hugud',huguD,huguḍ,ɦuguɖ,open,திற,,,,Simple-Verbs,words
ꢓꢵ,खा,கா2,khaa,khA,khā,kʰɑː,eat tiffin,தின்,,,,Simple-Verbs,words
ꢗꢶꢡ꣄ꢬꢸ ꢒꢿꢬ꣄,चित्रु केर,சித்ரு கேர்,chitru ker,citru ker,citru ker,t͡ʃɪt̪ɾu keːɾ,"paint, sharpen",தீட்டு,,,,Simple-Verbs,words
ꢤꢿꢬ꣄,धेर्,தே4ர்,dher,dher,dher,d̪ʰeːɾ,touch,தீண்டு,,,,Simple-Verbs,words
ꢙꢭꢵꢜ꣄,जलाट,ஜளாட்,jalaat',jalAT,jalāṭ,d͡ʒəlɑːʈ,burn,தீய,,,,Simple-Verbs,words
ꢡꢶꢬꢫꢶ ꢙꢵ,तिरयि जा,திரயி ஜா,tirayi jaa,tirayi jA,tirayi jā,t̪ɪɾəjɪ d͡ʒɑː,finish,தீர்,,,,Simple-Verbs,words
ꢡꢶꢬ꣄ꢗꢶ,तिर्चि,திர்சி,tirchi,tirci,tirci,t̪ɪɾt͡ʃɪ,finish,தீர்,,,,Simple-Verbs,words
ꢡꢶꢬ꣄ꢪꢵꢥ꣄ ꢒꢾꢬ꣄,तिर्मान्केर्,திர்மான்கேர்,tirmaan ke'r,tirmAn kEr,tirmān kĕr,t̪ɪɾmɑːn̪ keɾ,decide,தீர்மானி,,,,Simple-Verbs,words
ꢪꢾꢬ꣄ꢦꢸꢭ꣄ ꢒꢿꢬ꣄,म॑र्पुल केर,மெர்புல் கேர்,me'rpul ker,mErpul ker,mĕrpul ker,meɾpul keːɾ,polish,தீற்று,,,,Simple-Verbs,words
ꢥꢶꢛ꣄ꢗꢶ,निञ्जि,நிஞ்ஜி,ninchi,niJci,niñci,n̪ɪɲt͡ʃɪ,sleep,துஞ்சு,,,,Simple-Verbs,words
ꢲꣁꢖ꣄ꢔꢸ ꢂꢮꢞ꣄ꢳꢿ,होङ्गु अवड्ळ॑,ஹோங்கு3 அவட்3ளே,ho'ngu avad'l'e,hOGgu avaDLe,hŏṅgu avaḍl̤e,ɦoŋgu əʋəɖɭeː,sleep,துஞ்சு,,,,Simple-Verbs,words
ꢲꢬꢸꢪ꣄ꢨꢪ꣄ꢒꢾꢬ꣄,हरुम्बम्केर्,ஹரும்ப3ம்கேர்,harumbamke'r,harumbamkEr,harumbamkĕr,ɦəɾumbəmkeɾ,begin,துடக்கு,,,,Simple-Verbs,words
ꢲꢬꢸꢪ꣄ꢨꢪ꣄ ꢲꣂ,हरुम्बम्हो,ஹரும்ப3ம்ஹோ,harumbam ho,harumbam ho,harumbam ho,ɦəɾumbəm ɦoː,begin,துடங்கு,,,,Simple-Verbs,words
ꢔꢸꢠ꣄ꢞꢾ ꢲꢭ꣄ꢭꢶ,गुण्डे हल्लि,கு3ண்டெ3 ஹல்லி,gund'e' halli,guNDE halli,guṇḍĕ halli,guɳɖe ɦəllɪ,beat,துடி,,,,Simple-Verbs,words
ꢦꣁꢱ꣄,पोस्,போஸ்,po's,pOs,pŏs,pos̪,wipe,துடை,,,,Simple-Verbs,words
ꢒꢸꢜ꣄ꢒꣁ ꢒꢾꢬ꣄,कुट्का॑केर्,குட்கொகேர்,kut'ko' ke'r,kuTkO kEr,kuṭkŏ kĕr,kuʈko keɾ,make pieces,துண்டி,,,,Simple-Verbs,words
ꢤꣀꢬ꣄ꢫꢸ ꢦꣁꢥ꣄ꢣꢶ,धैर्युपा॑न्दि,தை4ர்யு பொந்தி3,dhairyu po'ndi,dhairyu pOndi,dhairyu pŏndi,d̪ʰəɪɾju pon̪d̪ɪ,Dare/ make bold,துணி,,,,Simple-Verbs,words
ꢥꢹꢮ꣄,नूव,நூவ்,noov,nUv,nūv,n̪uːʋ,praise,துதி,,,,Simple-Verbs,words
ꢯ꣄꣄ꢭꢵꢕꢠꣁ ꢒꢿꢬ꣄,श्लाघणा॑ केर,ஶ்லாக4ணொ கேர்,shlaaghano' ker,zlAghaNO ker,ślāghaṇŏ ker,ʃlɑːgʰəɳo keːɾ,praise,துதி,,,,Simple-Verbs,words
ꢢꢹꢮ꣄,थूव्,தூ2வ்,thoov,thUv,thūv,t̪ʰuːʋ,spit,துப்பு,,,,Simple-Verbs,words
ꢱꢶꢔꢶꢬ꣄,सिगिर्,ஸிகி3ர்,sigir,sigir,sigir,s̪ɪgɪɾ,sneeze,தும்மு,,,,Simple-Verbs,words
ꢡꢾꢬ꣄ꢪꢶ,त॑र्मि,தெர்மி,te'rmi,tErmi,tĕrmi,t̪eɾmɪ,chase,துரத்து,,,,Simple-Verbs,words
ꢤꢪꢵꢜ꣄,धमाट,த4மாட்,dhamaat',dhamAT,dhamāṭ,d̪ʰəmɑːʈ,chase,துரத்து,,,,Simple-Verbs,words
ꢩꢬꢵꢜ꣄ ꢂꢮꢵꢜ꣄,भराट अवाट,ப4ராட் அவாட்,bharaat' avaat',bharAT avAT,bharāṭ avāṭ,bʰəɾɑːʈ əʋɑːʈ,Show forth,துருத்து,,,,Simple-Verbs,words
ꢡꢸꢬ꣄ꢒꢶ,तुर्कि,துர்கி,turki,turki,turki,t̪uɾkɪ,scrape,துருவு,,,,Simple-Verbs,words
ꢪꢛ꣄ꢙꢶ,मञ्जि,மஞ்ஜி,manji,maJji,mañji,məɲd͡ʒɪ,make shine,துலக்கு,,,,Simple-Verbs,words
ꢯꣂꢩꢠꣁꢲꣁ,शोभणा॑ हा॑,ஶோப4ணொ ஹோ,shobhano'ho',zobhaNOhO,śobhaṇŏhŏ,ʃoːbʰəɳoɦo,be shining,துலங்கு,,,,Simple-Verbs,words
ꢔꢸꢛ꣄ꢙꢶ,गुञ्जि,கு3ஞ்ஜி,gunji,guJji,guñji,guɲd͡ʒɪ,wash,துவை,,,,Simple-Verbs,words
ꢡꢾꢮ꣄ꢞꢶ,त॑व्डि,தெவ்டி3,te'vd'i,tEvDi,tĕvḍi,t̪eʋɖɪ,search with hand,துழாவு,,,,Simple-Verbs,words
ꢗꢶꢔꢸꢬ꣄ꢱꣂꢜ꣄,चिगुर्सोट,சிகுர் ஸோட்,chigursot',cigursoT,cigursoṭ,t͡ʃɪguɾs̪oːʈ,sprout out,துளிர்,,,,Simple-Verbs,words
ꢦꢸꢜ꣄ꢜꣁ ꢒꢿꢬ꣄,पुट्टा॑ केर,புட்டொ கேர்,put't'o' ker,puTTO ker,puṭṭŏ ker,puʈʈo keːɾ,Pierce,துளை,,,,Simple-Verbs,words
ꢱꣁꢞ꣄ꢞꢶ ꢙꢵ,सा॑ड्डि जा,ஸொட்3டி3ஜா,so'd'd'i jaa,sODDi jA,sŏḍḍi jā,s̪oɖɖɪ d͡ʒɑː,leave behind,துற,,,,Simple-Verbs,words
ꢗꢾꢞ꣄ꢮꢶ,च॑ड्वि,செட்3வி,che'd'vi,cEDvi,cĕḍvi,t͡ʃeɖʋɪ,kindle,தூண்டு,,,,Simple-Verbs,words
ꢦꣁꢱ꣄,पोस्,போஸ்,po's,pOs,pŏs,pos̪,clear,தூர்,,,,Simple-Verbs,words
ꢗꢶꢭꢶꢛ꣄ꢗꢶ,चिलिञ्चि,சிலிஞ்சி,chilinchi,ciliJci,ciliñci,t͡ʃɪlɪɲt͡ʃɪ,spray,தூவு,,,,Simple-Verbs,words
ꢗꢶꢖ꣄ꢒꢸꢭ꣄ ꢦꣂꢜ꣄,चिङ्कुल् पोट,சிங்குல் போட்,chinkul pot',ciGkul poT,ciṅkul poṭ,t͡ʃɪŋkul poːʈ,drizzle,தூறு,,,,Simple-Verbs,words
ꢫꢵꢗꢠꣁ ꢒꢿꢬ꣄,याचणा॑ केर,யாசணொ கேர்,yaachano' ker,yAcaNO ker,yācaṇŏ ker,jɑːt͡ʃəɳo keːɾ,beg,தெண்டு,,,,Simple-Verbs,words
ꢙꢥ꣄ꢭꢿ,जन्ल॑,ஜன்லே,janle,janle,janle,d͡ʒən̪leː,Know,தெரி,,,,Simple-Verbs,words
ꢒꢳꢵꢜ꣄,कळाट्,களாட்,kal'aat',kaLAT,kal̤āṭ,kəɭɑːʈ,convey,தெரிவி,,,,Simple-Verbs,words
ꢡꢵꢠ꣄ꢲꢵꢥ꣄,ता॑णहान,தோண்ஹான்,taanhaan,tANhAn,tāṇhān,t̪ɑːɳɦɑːn̪,be saturated,தெவிட்டு,,,,Simple-Verbs,words
ꢡꢾꢭꢶꢮ꣄ ꢲꣂ,त॑लिव्हो,தெளிவ்ஹோ,te'liv ho,tEliv ho,tĕliv ho,t̪elɪʋ ɦoː,"sift, be clear",தெள்ளு,,,,Simple-Verbs,words
ꢗꢶꢭꢶꢛ꣄ꢗꢾ,चिलिञ्चि,சிலிஞ்சி,chilinche',ciliJcE,ciliñcĕ,t͡ʃɪlɪɲt͡ʃe,spray,தெளி,,,,Simple-Verbs,words
ꢯꢶꢔꢶꢬ꣄,शिगिर,ஶிகி3ர்,shigir,zigir,śigir,ʃɪgɪɾ,spray,தெளி,,,,Simple-Verbs,words
ꢗꢾꢣꢶꢬꢶ,च॑दिरि,செதி3ரி,che'diri,cEdiri,cĕdiri,t͡ʃed̪ɪɾɪ,splash,தெறி,,,,Simple-Verbs,words
ꢲꢶꢨ꣄ꢨꢵꢜ꣄,हिब्बाट्,ஹிப்3பா3ட்,hibbaat',hibbAT,hibbāṭ,ɦɪbbɑːʈ,stagnate,தேக்கு,,,,Simple-Verbs,words
ꢲꢶꢨ꣄ꢨꢶ,हिब्बि,ஹிப்3பி3,hibbi,hibbi,hibbi,ɦɪbbɪ,stagnate,தேங்கு,,,,Simple-Verbs,words
ꢮꢾꢒ꣄ꢒꢶ,व॑क्कि,வெக்கி,ve'kki,vEkki,vĕkki,ʋekkɪ,search,தேடு,,,,Simple-Verbs,words
ꢪꢹꢔꢶ,मूगि,மூகி3,moogi,mUgi,mūgi,muːgɪ,search,தேடு,,,,Simple-Verbs,words
ꢒꢸꢖ꣄ꢒꢶ,कुङ्कि,குங்கி3,kunki,kuGki,kuṅki,kuŋkɪ,sob,தேம்பு,,,,Simple-Verbs,words
ꢣꢶꢙꢫꢶꢙꢵ,दिजयि जा,தி3ஜயி ஜா,dijayijaa,dijayijA,dijayijā,d̪ɪd͡ʒəjɪd͡ʒɑː,wear off,தேய்,,,,Simple-Verbs,words
ꢔꢿꢱ꣄,गेस्,கே3ஸ்,ges,ges,ges,geːs̪,"rub, iron",தேய்,,,,Simple-Verbs,words
ꢣꣀꢬ꣄ꢫꢸ ꢣꢾ,दैर्यु दे,தை3ர்யு தே3,dairyu de',dairyu dE,dairyu dĕ,d̪əɪɾju d̪e,console,தேற்று,,,,Simple-Verbs,words
ꢙꢾꢡꣁ ꢗꢾꢬ꣄ꢗꢶ,ज॑ता॑ चेर्चि,ஜெதொ செர்சி,je'to' che'rchi,jEtO cErci,jĕtŏ cĕrci,d͡ʒet̪o t͡ʃeɾt͡ʃɪ,collect,தொகு,,,,Simple-Verbs,words
ꢙꢾꢡꣁꢪꢳꢵꢞ꣄,ज॑ता॑ मिळाड,ஜெதொ மிளாட்3,je'to'mal'aad',jEtOmaLAD,jĕtŏmal̤āḍ,d͡ʒet̪oməɭɑːɖ,collect,தொகு,,,,Simple-Verbs,words
ꢭꣁꢪ꣄ꢨꢶ,ला॑म्बि,லொம்பி3,lo'mbi,lOmbi,lŏmbi,lombɪ,hang,தொங்கு,,,,Simple-Verbs,words
ꢡꣂꢬ꣄,तोर,தோர்,tor,tor,tor,t̪oːɾ,follow,தொடர்,,,,Simple-Verbs,words
ꢲꢵꢜ꣄,हाट,ஹாட்,haat',hAT,hāṭ,ɦɑːʈ,touch,தொடு,,,,Simple-Verbs,words
ꢂꢞ꣄ꢞꢪ꣄ꢮꢡ꣄ꢡꣁ ꢒꢿꢬ꣄,अड्डम्वत्ता॑ केर,அட்3ட3ம்வத்தொகேர்,ad'd'amvatto' ker,aDDamvattO ker,aḍḍamvattŏ ker,əɖɖəmʋət̪t̪o keːɾ,disturb by talking,தொணதொண,,,,Simple-Verbs,words
ꢢꢾꢭ꣄ꢭꢶ ꢭꣁꢪ꣄ꢨꢶ,ध॑ल्लिला॑म्बि,தெ4ல்லிலொம்பி3,the'lli lo'mbi,thElli lOmbi,thĕlli lŏmbi,t̪ʰellɪ lombɪ,hang on,தொத்து,,,,Simple-Verbs,words
ꢤꢶꢭ꣄ꢭꣁ ꢱꣁꢜ꣄,धिल्ला॑ सोट्,தி4ல்லொ ஸோட்,dhillo' so't',dhillO sOT,dhillŏ sŏṭ,d̪ʰɪllo s̪oʈ,"be supple, become slack",தொய்,,,,Simple-Verbs,words
ꢱꣂꢭ꣄,सोल,ஸோல்,sol,sol,sol,s̪oːl,peel off,தொலி,,,,Simple-Verbs,words
ꢔꢪ꣄ꢞꢫꢶ ꢙꢵ,गम्डयि जा,க3ம்ட3யி ஜா,gamd'ayi jaa,gamDayi jA,gamḍayi jā,gəmɖəjɪ d͡ʒɑː,be lost,தொலை,,,,Simple-Verbs,words
ꢦꢾꢬꢪ꣄ꢨꢪ꣄ ꢲꣁꢫ꣄ ꢙꢵ,प॑रम्बम हा॑य्जा,பெரம்ப3ம் ஹொய் ஜா,pe'rambam ho'y jaa,pErambam hOy jA,pĕrambam hŏy jā,peɾəmbəm ɦoj d͡ʒɑː,be lost,தொலை,,,,Simple-Verbs,words
ꢔꢪ꣄ꢞꢵꢜ꣄,गम्डाट,க3ம்டா3ட்,gamd'aat',gamDAT,gamḍāṭ,gəmɖɑːʈ,lose,தொலை,,,,Simple-Verbs,words
ꢥꢵꢪ꣄,नाम,நாம்,naam,nAm,nām,n̪ɑːm,pray,தொழு,,,,Simple-Verbs,words
ꢭꢔꢶꢤꢾꢬ꣄,लगिधेर,லகி3தே4ர்,lagidhe'r,lagidhEr,lagidhĕr,ləgɪd̪ʰeɾ,infect,தொற்று,,,,Simple-Verbs,words
ꢤꢾꢬꢶꢭꢵꢔꢶ,ध॑रि लागि,தெ4ரி லாகி3,dhe'rilaagi,dhErilAgi,dhĕrilāgi,d̪ʰeɾɪlɑːgɪ,infect,தொற்று,,,,Simple-Verbs,words
ꢱꢨ꣄ꢣꢸꢒꢿꢬ꣄,सब्दु केर,ஸப்3து3கேர்,sabduker,sabduker,sabduker,s̪əbd̪ukeːɾ,sound,தொனி,,,,Simple-Verbs,words
ꢏꢭ꣄ꢭꣁ ꢒꢿꢬ꣄,आ॑ल्ला॑ केर,ஒல்லொ கேர்,o'llo' ker,OllO ker,ŏllŏ ker,ollo keːɾ,make wet,தோய்,,,,Simple-Verbs,words
ꢨꢶꢙ꣄ꢮꢵꢞ꣄,बिज्वाड,பி3ஜ்வாட்3,bijvaad',bijvAD,bijvāḍ,bɪd͡ʒʋɑːɖ,make wet,தோய்,,,,Simple-Verbs,words
ꢏꢞꢶ ꢙꢵ,आ॑डि जा,ஒடி3 ஜா,o'd'i jaa,ODi jA,ŏḍi jā,oɖɪ d͡ʒɑː,Fail,தோல்,,,,Simple-Verbs,words
ꢱꢵꢪꢸꢬ꣄ ꢃꢮ꣄,सामुर आव,ஸாமுர் ஆவ்,saamur aav,sAmur Av,sāmur āv,s̪ɑːmuɾ ɑːʋ,"appear, seem",தோன்று,,,,Simple-Verbs,words
ꢭꢵꢔ꣄,लाग,லாக்3,laag,lAg,lāg,lɑːg,"appear, seem",தோன்று,,,,Simple-Verbs,words
ꢗꢵꢜ꣄,चाट्,சாட்,chaat',cAT,cāṭ,t͡ʃɑːʈ,lick,நக்கு,,,,Simple-Verbs,words
ꢏꢡ꣄ꢡꢵꢜ꣄,आ॑त्ताट्,ஒத்தாட்,o'ttaat',OttAT,ŏttāṭ,ot̪t̪ɑːʈ,move,நகட்டு,,,,Simple-Verbs,words
ꢲꢭ꣄ꢭꢶ,हल्लि,ஹல்லி,halli,halli,halli,ɦəllɪ,move,நகர்,,,,Simple-Verbs,words
ꢲꢭ꣄ꢭꢫꢶ ꢙꢵ,हल्लयि जा,ஹல்லயி ஜா,hallayi jaa,hallayi jA,hallayi jā,ɦəlləjɪ d͡ʒɑː,move,நகர்,,,,Simple-Verbs,words
ꢲꢭ꣄ꢭꢵꢞ꣄,हल्लाड,ஹல்லாட்3,hallaad',hallAD,hallāḍ,ɦəllɑːɖ,move,நகர்த்து,,,,Simple-Verbs,words
ꢲꢷꢥ꣄ ꢲꣁꢫ꣄ꢙꢵ,हीन हा॑य जा,ஹீன் ஹொய் ஜா,heen ho'yjaa,hIn hOyjA,hīn hŏyjā,ɦiːn̪ ɦojd͡ʒɑː,be destroyed,நசி,,,,Simple-Verbs,words
ꢲꢷꢥ꣄ ꢒꢿꢬ꣄,हीन केर,ஹீன் கேர்,heen ker,hIn ker,hīn ker,ɦiːn̪ keːɾ,destroy,நசி,,,,Simple-Verbs,words
ꢩꢶꢬꢸꢜ꣄,भिरुट,பி4ருட்,bhirut',bhiruT,bhiruṭ,bʰɪɾuʈ,crush,நசுக்கு,,,,Simple-Verbs,words
ꢥꢾꢱ꣄ꢒꢫꢶ ꢙꢵ,न॑स्कयि जा,நெஸ்கயி ஜா,ne'skayi jaa,nEskayi jA,nĕskayi jā,n̪es̪kəjɪ d͡ʒɑː,be crushed,நசுங்கு,,,,Simple-Verbs,words
ꢩꢶꢬꢸꢞꢫꢶ ꢙꢵ,भिरुडयि जा,பி4ருட3யி ஜா,bhirud'ayi jaa,bhiruDayi jA,bhiruḍayi jā,bʰɪɾuɖəjɪ d͡ʒɑː,be crushed,நசுங்கு,,,,Simple-Verbs,words
ꢱꣁꢣꢱꣁꢣꢫꢶ ꢙꢵ,सा॑दसा॑दयि जा,ஸொத3ஸொத3யி ஜா,so'daso'dayi jaa,sOdasOdayi jA,sŏdasŏdayi jā,s̪od̪əs̪od̪əjɪ d͡ʒɑː,lose crispness,நசுநசு,,,,Simple-Verbs,words
ꢗꢵꢭ꣄,चाल्,சால்,chaal,cAl,cāl,t͡ʃɑːl,walk,நட,,,,Simple-Verbs,words
ꢗꢵꢭ꣄,चाल,சால்,chaal,cAl,cāl,t͡ʃɑːl,Happen,நட,,,,Simple-Verbs,words
ꢗꢭꢵꢜ꣄,चलाट्,சலாட்,chalaat',calAT,calāṭ,t͡ʃəlɑːʈ,conduct,நடத்து,,,,Simple-Verbs,words
ꢂꢩꢶꢥꢫꣁ ꢒꢿꢬ꣄,अभिनया॑ केर,அபி4நயொ கேர்,abhinayo' ker,abhinayO ker,abhinayŏ ker,əbʰɪn̪əjo keːɾ,act,நடி,,,,Simple-Verbs,words
ꢕꢵꢭ꣄,घाल,கா4ல்,ghaal,ghAl,ghāl,gʰɑːl,plant,நடு,,,,Simple-Verbs,words
ꢏꢠ꣄ꢒꢶ,आ॑ण्कि,ஒண்கி,o'nki,ONki,ŏṇki,oɳkɪ,shiver,நடுங்கு,,,,Simple-Verbs,words
ꢥꣁꢪ꣄ꢪꢶ,ना॑म्मि,நொம்மி,no'mmi,nOmmi,nŏmmi,n̪ommɪ,believe,நம்பு,,,,Simple-Verbs,words
ꢩꢶꢠ꣄ꢞꢶ,भिण्डि,பி4ண்டி3,bhind'i,bhiNDi,bhiṇḍi,bʰɪɳɖɪ,believe,நம்பு,,,,Simple-Verbs,words
ꢥꢵꢪ꣄,नाम,நாம்,naam,nAm,nām,n̪ɑːm,greet,நமஸ்கரி,,,,Simple-Verbs,words
ꢓꢵꢭ꣄,खास्,கா2ஸ்,khaal,khAl,khāl,kʰɑːl,itch,நமை,,,,Simple-Verbs,words
ꢧꢠ꣄ꢜꣁ ꢲꣁꢫ꣄ꢙꢵ,भण्टो हा॑य्जा,ப2ண்டொ ஹொய் ஜா,phant'o' ho'yjaa,phaNTO hOyjA,phaṇṭŏ hŏyjā,pʰəɳʈo ɦojd͡ʒɑː,become grey,நரை,,,,Simple-Verbs,words
ꢗꢶꢒ꣄ꢒꢫꢶ ꢙꢵ,चिक्कयि जा,சிக்கயி ஜா,chikkayi jaa,cikkayi jA,cikkayi jā,t͡ʃɪkkəjɪ d͡ʒɑː,be weak,நலி,,,,Simple-Verbs,words
ꢚꢶꢬ꣄ꢒꢫꢶ ꢙꢵ,झिर्कयि जा,ஜி2ர்கயி ஜா,jhirkayi jaa,jhirkayi jA,jhirkayi jā,d͡ʒʰɪɾkəjɪ d͡ʒɑː,slip,நழுவு,,,,Simple-Verbs,words
ꢨꢶꢙ꣄ꢮꢫꢶꢙꢵ,बिज्वयि जा,பி3ஜ்வயி ஜா,bijvayijaa,bijvayijA,bijvayijā,bɪd͡ʒʋəjɪd͡ʒɑː,wet,நனை,,,,Simple-Verbs,words
ꢨꢶꢙ꣄ꢮꢶ,बिज्वि,பி3ஜ்வி,bijvi,bijvi,bijvi,bɪd͡ʒʋɪ,wet,நனை,,,,Simple-Verbs,words
ꢔꢵꢜ꣄,गाट्,கா3ட்,gaat',gAT,gāṭ,gɑːʈ,fix,நாட்டு,,,,Simple-Verbs,words
ꢦ꣄ꢬꢿꢮ꣄ ꢦꣂꢜ꣄,प्रेव पोट,ப்ரேவ் போட்,prev pot',prev poT,prev poṭ,pɾeːʋ poːʈ,like,நாடு,,,,Simple-Verbs,words
ꢭꢵꢙ꣄ ꢦꣁꢥ꣄ꢣꢶ,लाज पा॑न्दि,லாஜ் பொந்தி3,laaj po'ndi,lAj pOndi,lāj pŏndi,lɑːd͡ʒ pon̪d̪ɪ,feel shy,நாணு,,,,Simple-Verbs,words
ꢕꢠꢵꢜ꣄,घणाट,க4ணாட்,ghanaat',ghaNAT,ghaṇāṭ,gʰəɳɑːʈ,stink,நாற்று/ நாற வை,,,,Simple-Verbs,words
ꢕꢠꢫꢶ ꢙꢵ,घणयि जा,க4ணயி ஜா,ghanayi jaa,ghaNayi jA,ghaṇayi jā,gʰəɳəjɪ d͡ʒɑː,stink,நாறு,,,,Simple-Verbs,words
ꢥꢶꢯ꣄ꢒꢠꣁ ꢒꢿꢬ꣄,निश्कणा॑ केर,நிஶ்கணொ கேர்,nishkano' ker,nizkaNO ker,niśkaṇŏ ker,n̪ɪʃkəɳo keːɾ,"decide, get engaged",நிச்சயி,,,,Simple-Verbs,words
ꢱ꣄ꢢ꣄ꢬꣁ ꢦꣁꢥ꣄ꢣꢶ ꢒꢿꢬ꣄,स्थ्रा॑ पा॑न्दि केर,ஸ்த்2ரொ பொந்தி3 கேர்,sthro' po'ndi ker,sthrO pOndi ker,sthrŏ pŏndi ker,s̪t̪ʰɾo pon̪d̪ɪ keːɾ,be poised,நிதானி,,,,Simple-Verbs,words
ꢔꢵꢳ꣄ꢞꢿ,गाळ्डे,கா3ள்டே3,gaal'd'e,gALDe,gāl̤ḍe,gɑːɭɖeː,abuse,நிந்தி,,,,Simple-Verbs,words
ꢲꢶꢨ꣄ꢨꢵꢜ꣄,हिब्बाट्,ஹிப்3பா3ட்,hibbaat',hibbAT,hibbāṭ,ɦɪbbɑːʈ,stop,நிப்பாட்டு,,,,Simple-Verbs,words
ꢗꢶꢪ꣄ꢜꢶ,चिम्टि,சிம்டி,chimt'i,cimTi,cimṭi,t͡ʃɪmʈɪ,pinch,நிமிட்டு,,,,Simple-Verbs,words
ꢥꢶꢡ꣄ꢡꣁ ꢬꢴꢵ,नित्ता॑ र्हा,நித்தொரா:,nitto' rhaa,nittO rhA,nittŏ rhā,n̪ɪt̪t̪o ɾɦɑː,become erect,நிமிர்,,,,Simple-Verbs,words
ꢥꢶꢡ꣄ꢡꣁꢒꢿꢬ꣄,नित्ता॑ केर,நித்தொகேர்,nitto'ker,nittOker,nittŏker,n̪ɪt̪t̪okeːɾ,make erect,நிமிர்த்து,,,,Simple-Verbs,words
ꢥ꣄ꢫꢪꢥꣁ ꢒꢿꢬ꣄,न्यमना॑ केर,ந்யமனொ கேர்,nyamano' ker,nyamanO ker,nyamanŏ ker,n̪jəmən̪o keːɾ,appoint,நியமி,,,,Simple-Verbs,words
ꢥꢶꢬ꣄ꢠꢫꣁ ꢒꢿꢬ꣄,निर्णयो केर,நிர்ணயொ கேர்,nirnayo' ker,nirNayO ker,nirṇayŏ ker,n̪ɪɾɳəjo keːɾ,determine,நிர்ணயி,,,,Simple-Verbs,words
ꢥꢶꢬ꣄ꢮꢵꢲ꣄ ꢒꢿꢬ꣄,निर्वाह केर,நிர்வாஹ் கேர்,nirvaah ker,nirvAh ker,nirvāh ker,n̪ɪɾʋɑːɦ keːɾ,administer,நிர்வகி,,,,Simple-Verbs,words
ꢮꢶꢜ꣄ꢜꢫꢶ ꢙꢵ,विट्टयि जा,விட்டயி ஜா,vit't'ayi jaa,viTTayi jA,viṭṭayi jā,ʋɪʈʈəjɪ d͡ʒɑː,become stale,நீர்,,,,Simple-Verbs,words
ꢦꣁꢱ ꢦꣁꢱꢫꢶ ꢙꢵ,पा॑स पा॑सयि जा,பொஸ பொஸயி ஜா,po'sa po'sayi jaa,pOsa pOsayi jA,pŏsa pŏsayi jā,pos̪ə pos̪əjɪ d͡ʒɑː,become stale,நீர்,,,,Simple-Verbs,words
ꢡꢾꢮ꣄ꢞꢶ,त॑व्डि,தெவ்டி3,te'vd'i,tEvDi,tĕvḍi,t̪eʋɖɪ,stroke,நீவு,,,,Simple-Verbs,words
ꢭꢵꢪ꣄ꢒꢥꢶ ꢬꢴꢵ,लाम्कनि र्हा,லாம்கனி ரா:,laamkani rhaa,lAmkani rhA,lāmkani rhā,lɑːmkən̪ɪ ɾɦɑː,lengthen,நீள்,,,,Simple-Verbs,words
ꢙꢳꢷꢬꢵꢒ꣄ ꢒꢿꢬ꣄,जळिराक केर,ஜளிராக் கேர்,jal'eeraak ker,jaLIrAk ker,jal̤īrāk ker,d͡ʒəɭiːɾɑːk keːɾ,Turn into ash,நீற்று,,,,Simple-Verbs,words
ꢬꢵꢒ꣄ ꢲꣁꢫ꣄ ꢙꢵ,राक हा॑य जा,ராக் ஹொய் ஜா,raak ho'y jaa,rAk hOy jA,rāk hŏy jā,ɾɑːk ɦoj d͡ʒɑː,become ash,நீறு,,,,Simple-Verbs,words
ꢲꢸꢖ꣄ꢔꢶ ꢱꢵ,हुङ्गि सा,ஹுங்கி3 ஸா,hungi saa,huGgi sA,huṅgi sā,ɦuŋgɪ s̪ɑː,"smell, enjoy",நுகர்,,,,Simple-Verbs,words
ꢂꢥꢸꢩꢮ꣄ ꢒꢿꢬ꣄,अनुभव केर,அநுப4வ் கேர்,anubhav ker,anubhav ker,anubhav ker,ən̪ubʰəʋ keːɾ,"smell, enjoy",நுகர்,,,,Simple-Verbs,words
ꢂꢥꢸꢩꢮꢶ,अनुभवि,அனுப4வி,anubhavi,anubhavi,anubhavi,ən̪ubʰəʋɪ,"smell, enjoy",நுகர்,,,,Simple-Verbs,words
ꢩꢸꢬ꣄ꢒꣁꢒꢿꢬ꣄,भुर्का॑ केर,பு4ர்கொ கேர்,bhurko'ker,bhurkOker,bhurkŏker,bʰuɾkokeːɾ,powder,நுணுக்கு,,,,Simple-Verbs,words
ꢱꢹꢒ꣄ꢯꢪꣁꢒꢥꢶ ꢬꢴꢵ,सूक्षमा॑कनि र्हा,ஸூக்ஷ்மொகனி ரா:,sookshamo'kani rhaa,sUkzamOkani rhA,sūkśamŏkani rhā,s̪uːkʃəmokən̪ɪ ɾɦɑː,be minute,நுணுகு,,,,Simple-Verbs,words
ꢩꢸꢬ꣄ꢒꣁ ꢲꣁꢫ꣄ꢙꢵ,भुर्का॑ हा॑य्जा,பு4ர்கொ ஹொய் ஜா,bhurko' ho'yjaa,bhurkO hOyjA,bhurkŏ hŏyjā,bʰuɾko ɦojd͡ʒɑː,be powdered,நுணுங்கு,,,,Simple-Verbs,words
ꢨꢸꢱꢸꢪ꣄ ꢨꢸꢬꢸꢞꣁ ꢲꣂ,बुसुम बुरुडो हो,பு3ஸும் பு3ருடொ3 ஹோ,busum burud'o' ho,busum buruDO ho,busum buruḍŏ ho,bus̪um buɾuɖo ɦoː,bubble,நுரை,,,,Simple-Verbs,words
ꢡꢹꢬ꣄,तूर,தூர்,toor,tUr,tūr,t̪uːɾ,enter,நுழை,,,,Simple-Verbs,words
ꢨ꣄ꢬꢮꢿꢯ꣄꣄ ꢒꢿꢬ꣄,प्रवेश केर,ப்ரவேஶ் கேர்,bravesh ker,bravez ker,braveś ker,bɾəʋeːʃ keːɾ,enter,நுழை,,,,Simple-Verbs,words
ꢡꢸꢬꢵꢜ꣄,तुराट,துராட்,turaat',turAT,turāṭ,t̪uɾɑːʈ,enter,நுழை,,,,Simple-Verbs,words
ꢦ꣄ꢬꢮꢿꢯ꣄ ꢒꢾꢬꢵꢜ꣄,प्रवेश्क॑राट,ப்ரவேஶ் கெராட்,pravesh ke'raat',pravez kErAT,praveś kĕrāṭ,pɾəʋeːʃ keɾɑːʈ,enter,நுழை,,,,Simple-Verbs,words
ꢒꢵꢡ꣄,कात,காத்,kaat,kAt,kāt,kɑːt̪,Spin,நூல்,,,,Simple-Verbs,words
ꢡꢮꢫꢶ ꢮꢔꢸꢠ꣄ꢜꣁ ꢲꣂ,तवयि वगुण्टा॑ हो,தவயி வகு3ண்டொ ஹோ,tavayi vagunt'o' ho,tavayi vaguNTO ho,tavayi vaguṇṭŏ ho,t̪əʋəjɪ ʋəguɳʈo ɦoː,become flexible,நெகிழ்,,,,Simple-Verbs,words
ꢮꢷꢥ꣄,वीन्,வீன்,veen,vIn,vīn,ʋiːn̪,weave,நெய்,,,,Simple-Verbs,words
ꢡꢾꢮ꣄ꢞꢶ,त॑व्डि,தெவ்டி3,te'vd'i,tEvDi,tĕvḍi,t̪eʋɖɪ,grope,நெரடு,,,,Simple-Verbs,words
ꢦꢶꢱ꣄ꢒꢫꢶ ꢙꢵ,पिस्कयि जा,பிஸ்கயி ஜா,piskayi jaa,piskayi jA,piskayi jā,pɪs̪kəjɪ d͡ʒɑː,be strangled,நெரி,,,,Simple-Verbs,words
ꢦꢶꢱ꣄ꢒꢶ,पिस्कि,பிஸ்கி,piski,piski,piski,pɪs̪kɪ,squeeze,நெருக்கு,,,,Simple-Verbs,words
ꢩꣁꢬ꣄ꢮꢵꢜ꣄,भोर्वाट,பொ4ர்வாட்,bho'rvaat',bhOrvAT,bhŏrvāṭ,bʰoɾʋɑːʈ,fill up,நிரப்பு,,,,Simple-Verbs,words
ꢩꣁꢬ꣄ꢮꢫꢶ ꢬꢴꢵ,भा॑र्वयि र्हा,பொ4ர்வயி ரா:,bho'rvayi rhaa,bhOrvayi rhA,bhŏrvayi rhā,bʰoɾʋəjɪ ɾɦɑː,fill up,நிரம்பு,,,,Simple-Verbs,words
ꢣꣁꢨ꣄ꢨꢶ,दा॑ब्बि,தொ3ப்3பி3,do'bbi,dObbi,dŏbbi,d̪obbɪ,reject,நிராகரி,,,,Simple-Verbs,words
ꢥꢶꢬꢵꢒꢿꢬ꣄,निराकेर,நிராகேர்,niraaker,nirAker,nirāker,n̪ɪɾɑːkeːɾ,reject,நிராகரி,,,,Simple-Verbs,words
ꢥꢶꢬꢵꢒꢬꢠꣁ ꢒꢿꢬ꣄,निराकरणा॑ केर,நிராகரணொ கேர்,niraakarano' ker,nirAkaraNO ker,nirākaraṇŏ ker,n̪ɪɾɑːkəɾəɳo keːɾ,reject,நிராகரி,,,,Simple-Verbs,words
ꢬꢸꢙꢸꢒꢿꢬ꣄,रुजुकेर,ருஜு கேர்,rujuker,rujuker,rujuker,ɾud͡ʒukeːɾ,prove,நிரூபி,,,,Simple-Verbs,words
ꢲꢶꢨ꣄ꢨꢶ,हिब्बि,ஹிப்3பி3,hibbi,hibbi,hibbi,ɦɪbbɪ,Stop/halt,நில்,,,,Simple-Verbs,words
ꢬꢴꢵ:,र्हा,ரா:,rhaa:,rhA:,rhā:,ɾɦɑː:,prevail,நிலவு,,,,Simple-Verbs,words
ꢱ꣄ꢡꢵꢦꢥꣁ ꢲꣁꢫ꣄ ꢬꢴꢵ,स्तापना॑ हा॑य र्हा,ஸ்தாபனொ ஹொய் ரா:,staapano' ho'y rhaa,stApanO hOy rhA,stāpanŏ hŏy rhā,s̪t̪ɑːpən̪o ɦoj ɾɦɑː,be established,நிலை,,,,Simple-Verbs,words
ꢥ꣄ꢬꢹꢦꢠꣁ ꢲꣁꢫ꣄ ꢬꢴꢵ,न्रूपणो हा॑य्रा,ந்ரூபணொ ஹொய் ரா:,nroopano' ho'y rhaa,nrUpaNO hOy rhA,nrūpaṇŏ hŏy rhā,n̪ɾuːpəɳo ɦoj ɾɦɑː,be established,நிலை,,,,Simple-Verbs,words
ꢲꢜ꣄ꢮꢶ,हट्वि,ஹட்வி,hat'vi,haTvi,haṭvi,ɦəʈʋɪ,think,நினை,,,,Simple-Verbs,words
ꢪꣁꢬꢶ ꢙꢵ,मा॑रि जा,மொரி ஜா,mo'ri jaa,mOri jA,mŏri jā,moɾɪ d͡ʒɑː,leave,நீ,,,,Simple-Verbs,words
ꢲꢶꢜ꣄ꢜꢫꢶ ꢙꢵ,हिट्टयि जा,ஹிட்டயி ஜா,hit't'ayi jaa,hiTTayi jA,hiṭṭayi jā,ɦɪʈʈəjɪ d͡ʒɑː,remove,நீங்கு,,,,Simple-Verbs,words
ꢅꢣꣁꢓꢵꢳ꣄,ईदा॑ खाळ,ஈதொ3கா2ள்,eedo'khaal',IdOkhAL,īdŏkhāl̤,iːd̪okʰɑːɭ,swim,நீந்து,,,,Simple-Verbs,words
ꢆꢞ꣄ꢗꢶ,उड्चि,உட்சி,ud'chi,uDci,uḍci,uɖt͡ʃɪ,stretch,நீட்டு,,,,Simple-Verbs,words
ꢭꢪ꣄ꢨꢸꢒꢾꢬ꣄,लम्बुकेर्,லம்பு3கேர்,lambuke'r,lambukEr,lambukĕr,ləmbukeɾ,stretch,நீட்டு,,,,Simple-Verbs,words
ꢦ꣄ꢬꢿꢮ꣄ ꢒꢿꢬ꣄,प्रेव केर,ப்ரேவ் கேர்,prev ker,prev ker,prev ker,pɾeːʋ keːɾ,love,நேசி,,,,Simple-Verbs,words
ꢲꣂ,हो,ஹோ,ho,ho,ho,ɦoː,happen,நேர்,,,,Simple-Verbs,words
ꢙꢷꢬ꣄ꢠꢸ ꢲꣁꢫ꣄ꢙꢵ,जीर्णु हा॑य्जा,ஜீர்ணு ஹொய் ஜா,jeernu ho'yjaa,jIrNu hOyjA,jīrṇu hŏyjā,d͡ʒiːɾɳu ɦojd͡ʒɑː,Wear out,நை,,,,Simple-Verbs,words
ꢄꢡ꣄ꢡꢶ ꢙꢵ,इत्ति जा,இத்தி ஜா,itti jaa,itti jA,itti jā,ɪt̪t̪ɪ d͡ʒɑː,Wear out,நை,,,,Simple-Verbs,words
ꢮꢔꢶꢠ꣄ꢞꢶꢭꢶ ꢗꢵꢭ꣄,वगिण्टिलि चाल,வகி3ண்டிலி சால்,vagind'ili chaal,vagiNDili cAl,vagiṇḍili cāl,ʋəgɪɳɖɪlɪ t͡ʃɑːl,limp,நொண்டு,,,,Simple-Verbs,words
ꢔꢸꢣ꣄ꢣꢶ ꢧꣁꢜ꣄,गुद्दि फोट,கு3த்3தி3 போ2ட்,guddi pho't',guddi phOT,guddi phŏṭ,gud̪d̪ɪ pʰoʈ,smash,நொறுக்கு,,,,Simple-Verbs,words
ꢲꢥꢶ ꢧꣁꢜ꣄,हनि फोट,ஹனி போ2ட்,hani pho't',hani phOT,hani phŏṭ,ɦən̪ɪ pʰoʈ,smash,நொறுக்கு,,,,Simple-Verbs,words
ꢩꢸꢬ꣄ꢒꣁ ꢲꣂ,भुर्को हो,பு4ர்கொ ஹோ,bhurko' ho,bhurkO ho,bhurkŏ ho,bʰuɾko ɦoː,be smashed,நொறுங்கு,,,,Simple-Verbs,words
ꢣꢸꢮ꣄ꢥꣁ ꢭꢵꢔ꣄,दुव्ना॑ लाग,து3வ்னொ லாக்3,duvno' laag,duvnO lAg,duvnŏ lāg,d̪uʋn̪o lɑːg,pain,நோ,,,,Simple-Verbs,words
ꢱꢵ,सा,ஸா,saa,sA,sā,s̪ɑː,look,நோக்கு,,,,Simple-Verbs,words
ꢒꣁꢮ꣄ꢬꢶ,का॑व्रि,கொவ்ரி,ko'vri,kOvri,kŏvri,koʋɾɪ,dig,நோண்டு,,,,Simple-Verbs,words
ꢡꢦꢱ꣄ꢒꢾꢬ꣄,तपस्केर्,தபஸ்கேர்,tapaske'r,tapaskEr,tapaskĕr,t̪əpəs̪keɾ,do penance,நோன்,,,,Simple-Verbs,words
ꢨꢲꢶꢱ꣄ꢒꢵꢬ꣄ ꢒꢿꢬ꣄,बहिस्कार केर,ப3ஹிஸ்கார் கேர்,bahiskaar ker,bahiskAr ker,bahiskār ker,bəɦɪs̪kɑːɾ keːɾ,Cast out,பகிஷ்கரி,,,,Simple-Verbs,words
ꢩꢵꢔ꣄ꢒꢿꢬ꣄,भाग्केर,பா4க்3கேர்,bhaagker,bhAgker,bhāgker,bʰɑːgkeːɾ,parse,பகு,,,,Simple-Verbs,words
ꢮꢶꢬꣁꢤ꣄ꢒꢿꢬ꣄,विरोध्केर,விரோத்4 கேர்,viro'dhker,virOdhker,virŏdhker,ʋɪɾod̪ʰkeːɾ,antoganize,பகை,,,,Simple-Verbs,words
ꢦ꣄ꢬꢿꢮꢸꢬ꣄ ꢮꢶꢣꢶ ꢪꣂꢱ꣄ ꢒꢿꢬ꣄,प्रेवुर वदि मोस केर,ப்ரேவுர் வதி3 மோஸ் கேர்,prevur vidi mos ker,prevur vidi mos ker,prevur vidi mos ker,pɾeːʋuɾ ʋɪd̪ɪ moːs̪ keːɾ,deceiving with sweet words,பசப்பு,,,,Simple-Verbs,words
ꢪꢫꢵꢭ꣄ꢒꢥꢶ ꢪꣂꢱ꣄ ꢒꢿꢬ꣄,मयाल कनि मोस केर,மயால்கனி மோஸ் கேர்,mayaalkani mos ker,mayAlkani mos ker,mayālkani mos ker,məjɑːlkən̪ɪ moːs̪ keːɾ,deceiving with sweet words,பசப்பு,,,,Simple-Verbs,words
ꢪꢫꢵꢭ꣄ ꢒꢾꢬꢶ ꢪꣂꢱ꣄ ꢒꢿꢬ꣄,मयाल केरि मोस केर,மயால் கெரி மோஸ் கேர்,mayaal ke'ri mos ker,mayAl kEri mos ker,mayāl kĕri mos ker,məjɑːl keɾɪ moːs̪ keːɾ,deceiving with sweet words,பசப்பு,,,,Simple-Verbs,words
ꢩꢹꢒ꣄ꢭꢔꢫꢶ ꢬꢴꢵ,भूक्लगयि र्हा,பூ4க்லக3யி ரா:,bhooklagayi rhaa,bhUklagayi rhA,bhūklagayi rhā,bʰuːkləgəjɪ ɾɦɑː,feel hungry,பசி,,,,Simple-Verbs,words
ꢤꢪꢵꢤꢵꢪꢸꢬ꣄ ꢬꢴꢵ,धमाधामुर र्हा,த4மாதா4முர் ரா:,dhamaadhaamur rhaa,dhamAdhAmur rhA,dhamādhāmur rhā,d̪ʰəmɑːd̪ʰɑːmuɾ ɾɦɑː,flutter,படபட,,,,Simple-Verbs,words
ꢦꢾꢬ꣄ꢦꢫꢶ ꢬꢴꢵ,प॑र्पयि र्हा,பெர்பயி ரா:,pe'rpayi rhaa,pErpayi rhA,pĕrpayi rhā,peɾpəjɪ ɾɦɑː,spread,படர்,,,,Simple-Verbs,words
ꢥꢶꢭ꣄ꢗꢫꢶꢬꢴꢵ,निल्चयि र्हा,நிள்சயி ரா:,nilchayirhaa,nilcayirhA,nilcayirhā,n̪ɪlt͡ʃəjɪɾɦɑː,settle down,படி,,,,Simple-Verbs,words
ꢗꢾꢮ꣄ꢣꢶ,च॑व्दि,செவ்தி3,che'vdi,cEvdi,cĕvdi,t͡ʃeʋd̪ɪ,"study, read",படி,,,,Simple-Verbs,words
ꢥꢶꢛ꣄ꢙꢶ,निञ्जि,நிஞ்ஜி,ninji,niJji,niñji,n̪ɪɲd͡ʒɪ,lie down,படு,,,,Simple-Verbs,words
ꢯꢫꢥꣁ ꢒꢿꢬ꣄,शयना॑केर,ஶயனொ கேர்,shayano' ker,zayanO ker,śayanŏ ker,ʃəjən̪o keːɾ,lie down,படு,,,,Simple-Verbs,words
ꢕꢵꢭ꣄,घाल्,கா4ல்,ghaal,ghAl,ghāl,gʰɑːl,offer,படை,,,,Simple-Verbs,words
ꢒꢾꢬ꣄,केर्,கேர்,ke'r,kEr,kĕr,keɾ,do,பண்ணு,,,,Simple-Verbs,words
ꢃꢙ꣄ꢛꣁ ꢣꢿ,आज्ना॑ दे,ஆஜ்ஞொ தே3,aajnyo' de,AjJO de,ājñŏ de,ɑːd͡ʒɲo d̪eː,order,பணி,,,,Simple-Verbs,words
ꢃꢙ꣄ꢛꣁ ꢦꢵꢭꢥꣁ ꢒꢿꢬ꣄,आज्ना॑ पालना॑ केर,ஆஜ்ஞொ பாலனொ கேர்,aajnyo' paalano' ker,AjJO pAlanO ker,ājñŏ pālanŏ ker,ɑːd͡ʒɲo pɑːlən̪o keːɾ,Obey,பணி,,,,Simple-Verbs,words
ꢃꢙ꣄ꢛꣁ ꢤꢵꢥꢸ ꢗꢵꢭ꣄,आज्ना॑ धानु चाल,ஆஜ்ஞொ தா4னு சால்,aajnyo' dhaanu chaal,AjJO dhAnu cAl,ājñŏ dhānu cāl,ɑːd͡ʒɲo d̪ʰɑːn̪u t͡ʃɑːl,Obey,பணி,,,,Simple-Verbs,words
ꢨꢾꢣꢸꢬ꣄,ब॑दुर्,பெ3து3ர்,be'dur,bEdur,bĕdur,bed̪uɾ,tremble,பதறு,,,,Simple-Verbs,words
ꢥꢶꢪ꣄ꢦꢫꢶ ꢙꢵ,निम्पयि जा,நிம்பயி ஜா,nimpayi jaa,nimpayi jA,nimpayi jā,n̪ɪmpəjɪ d͡ʒɑː,record,பதி,,,,Simple-Verbs,words
ꢦꢛ꣄ꢙꢷꢒꢬꢠꣁ ꢲꣂ,पञ्जीकरणा॑ हो,பஞ்ஜீகரணொ ஹோ,panjeekarano' ho,paJjIkaraNO ho,pañjīkaraṇŏ ho,pəɲd͡ʒiːkəɾəɳo ɦoː,record,பதி,,,,Simple-Verbs,words
ꢥꢶꢪ꣄ꢦꢶ,निम्पि,நிம்பி,nimpi,nimpi,nimpi,n̪ɪmpɪ,"record, imprint",பதி,,,,Simple-Verbs,words
ꢦꢛ꣄ꢙꢷꢒꢬꢠꣁ ꢒꢿꢬ꣄,पञ्जीकरणा॑ केर,பஞ்ஜீகரணொ கேர்,panjeekarano' ker,paJjIkaraNO ker,pañjīkaraṇŏ ker,pəɲd͡ʒiːkəɾəɳo keːɾ,"record, imprint",பதி,,,,Simple-Verbs,words
ꢭꢸꢒ꣄ꢒꢵꢜ꣄,लुक्काट्,லுக்காட்,lukkaat',lukkAT,lukkāṭ,lukkɑːʈ,Hoard,பதுக்கு,,,,Simple-Verbs,words
ꢭꢸꢒ꣄ꢒꢶꢭꢶ ꢬꢴꢵ,लुक्किलि र्हा,லுக்கிலி ரா:,lukkili rhaa,lukkili rhA,lukkili rhā,lukkɪlɪ ɾɦɑː,Hide,பதுங்கு,,,,Simple-Verbs,words
ꢂꢭ꣄ꢭꢵꢜ꣄,अल्लाट,அல்லாட்,allaat',allAT,allāṭ,əllɑːʈ,Get agitated,பதை,,,,Simple-Verbs,words
ꢦꢱ꣄ꢒꢜ꣄ ꢓꢵꢜ꣄,पस्कट खाट,பஸ்கட் கா2ட்,paskat' khaat',paskaT khAT,paskaṭ khāṭ,pəs̪kəʈ kʰɑːʈ,Talk hesitantly,பம்மு,,,,Simple-Verbs,words
ꢤꢒ꣄ꢒꢶ ꢬꢴꢵ,धक्कि र्हा,த4க்கி ரா:,dhakki rhaa,dhakki rhA,dhakki rhā,d̪ʰəkkɪ ɾɦɑː,Fear/ be afraid,பய,,,,Simple-Verbs,words
ꢗꢾꢮ꣄ꢣꢶ,च॑व्दि,செவ்தி3,che'vdi,cEvdi,cĕvdi,t͡ʃeʋd̪ɪ,learn,பயில்,,,,Simple-Verbs,words
ꢅꢔ꣄,ईग,ஈக்3,eeg,Ig,īg,iːg,learn,பயில்,,,,Simple-Verbs,words
ꢗꢾꢮ꣄ꢣꢵꢜ꣄,च॑व्दाट,செவ்தா3ட்,che'vdaat',cEvdAT,cĕvdāṭ,t͡ʃeʋd̪ɑːʈ,teach,பயிற்று,,,,Simple-Verbs,words
ꢄꢔꢵꢜ꣄,इगाट,இகா3ட்,igaat',igAT,igāṭ,ɪgɑːʈ,teach,பயிற்று,,,,Simple-Verbs,words
ꢂꢭ꣄ꢭꢵꢞꢸꢪ꣄ ꢬꢴꢵ,अल्लाडुम र्हा,அல்லாடு3ம் ரா:,allaad'um rhaa,allADum rhA,allāḍum rhā,əllɑːɖum ɾɦɑː,be in a hurry,பரபர,,,,Simple-Verbs,words
ꢦꢵꢭꢥꣁ ꢒꢿꢬ꣄,पालना॓ केर,பாலனொ கேர்,paalano' ker,pAlanO ker,pālanŏ ker,pɑːlən̪o keːɾ,support and nourish,பராமரி,,,,Simple-Verbs,words
ꢆꢒ꣄ꢒꢶ,उक्कि,உக்கி,ukki,ukki,ukki,ukkɪ,Seize / snatch,பறி,,,,Simple-Verbs,words
ꢚꢾꢭ꣄ꢦꢶ,झेल्पि,ஜெ2ல்பி,jhe'lpi,jhElpi,jhĕlpi,d͡ʒʰelpɪ,Seize / snatch,பறி,,,,Simple-Verbs,words
ꢱꣂꢤꢥꣁ ꢒꢿꢬ꣄,सा॑धना॑ केर,ஸோத4னொகேர்,sodhano' ker,sodhanO ker,sodhanŏ ker,s̪oːd̪ʰən̪o keːɾ,"test, examine",பரிசோதி,,,,Simple-Verbs,words
ꢂꢭ꣄ꢭꢵꢜ꣄,अल्लाट्,அல்லாட்,allaat',allAT,allāṭ,əllɑːʈ,Be agitated,பரிதவி,,,,Simple-Verbs,words
ꢦꢬꢶꢦꢵꢭꢥꣁ ꢒꢿꢬ꣄,परिपालना॑ केर,பரிபாலனொ கேர்,paripaalano' ker,paripAlanO ker,paripālanŏ ker,pəɾɪpɑːlən̪o keːɾ,rule,பரிபாலி,,,,Simple-Verbs,words
ꢮꢱ꣄ꢥꣁ ꢣꢿꢱ꣄ꢡꢶ ꢱꣁ ꢲꣁ,वस्ना॑देस्तिसा॑ हा॑,வஸ்னொ தே3ஸ்திஸொ ஹொ,vasno' desti so' ho',vasnO desti sO hO,vasnŏ desti sŏ hŏ,ʋəs̪n̪o d̪eːs̪t̪ɪ s̪o ɦo,be fragrant,பரிமளி,,,,Simple-Verbs,words
ꢲꣁꢞ꣄ꢮꢶ,हा॑ड्वि,ஹொட்3வி,ho'd'vi,hODvi,hŏḍvi,ɦoɖʋɪ,serve,பரிமாறு,,,,Simple-Verbs,words
ꢣꢾꢳ꣄꣄ꢒꣁ ꢦꣂꢜ꣄,द॑ळ्का॑ पोट,தெ3ள்கொபோட்,de'l'ko' pot',dELkO poT,dĕl̤kŏ poṭ,d̪eɭko poːʈ,become stout,பரு,,,,Simple-Verbs,words
ꢨꢿ,पे,பே,be,be,be,beː,drink,பருகு,,,,Simple-Verbs,words
ꢗꢾꢜ꣄ꢮꢫꢶ ꢬꢴꢵ,च॑ट्वयि र्हा,செட்வயி ரா:,che't'vayi rhaa,cETvayi rhA,cĕṭvayi rhā,t͡ʃeʈʋəjɪ ɾɦɑː,Increase,பல்கு,,,,Simple-Verbs,words
ꢮꢿꢥ꣄ ꢲꣂ ꢚꢸꢒ꣄ꢒꢸ ꢲꣂ,वेन हो,வேன் ஹோ,ven ho jhukku ho,ven ho jhukku ho,ven ho jhukku ho,ʋeːn̪ ɦoː d͡ʒʰukku ɦoː,Increase,பல்கு,,,,Simple-Verbs,words
ꢦꢭꢶꢛ꣄ꢗꢶ,फलिञ्चि,ப2லிஞ்சி,palinchi,paliJci,paliñci,pəlɪɲt͡ʃɪ,produce result,பலி,,,,Simple-Verbs,words
ꢮꢜ꣄ꢒꢾ ꢒꢿꢬ꣄,वट्क॑ केर्,வட்கெகேர்,vat'ke' ker,vaTkE ker,vaṭkĕ ker,ʋəʈke keːɾ,tame,பழக்கு,,,,Simple-Verbs,words
ꢦꣁꢳ꣄ꢔꢶ,पा॑ळ्गि,பொள்கி3,po'l'gi,pOLgi,pŏl̤gi,poɭgɪ,mix with,பழகு,,,,Simple-Verbs,words
ꢦꣁꢬꣁ ꢕꢵꢭ꣄,पा॑रा॑ घाल,பொரொ கா4ல்,po'ro' ghaal,pOrO ghAl,pŏrŏ ghāl,poɾo gʰɑːl,Blame,பழி,,,,Simple-Verbs,words
ꢗꢹꢒ꣄ ꢱꢖ꣄ꢔꢶ,चूक सङ्गि,சூக் ஸங்கி3,chook sangi,cUk saGgi,cūk saṅgi,t͡ʃuːk s̪əŋgɪ,Blame,பழி,,,,Simple-Verbs,words
ꢚꣂꢭꢶꢛ꣄ꢗꢶ,झा॑लिञ्चि,ஜொ2லிஞ்சி,jholinchi,jholiJci,jholiñci,d͡ʒʰoːlɪɲt͡ʃɪ,glitter,பளபள,,,,Simple-Verbs,words
ꢤꢾꢬ꣄꣄ꢭꢾ,ध॑र्ल॑,தெ4ர்லே,dhe'rle',dhErlE,dhĕrlĕ,d̪ʰeɾle,hold,பற்று,,,,Simple-Verbs,words
ꢲꢸꢞ꣄,हूड्,ஹூட்3,hud',huD,huḍ,ɦuɖ,fly,பற,,,,Simple-Verbs,words
ꢦ꣄ꢬꢒꢜꢥꣁ ꢒꢿꢬ꣄,प्रकटना॑ केर,ப்ரகடனொ கேர்,prakat'ano' ker,prakaTanO ker,prakaṭanŏ ker,pɾəkəʈən̪o keːɾ,proclaim,பறை,,,,Simple-Verbs,words
ꢦꢥꢶ ꢨꢶꢥ꣄ꢣꢸꢥ꣄ ꢪꢶꢳꢫꢶ ꢬꢴꢵ,पनि बिन्दुन मिळयि र्हा,பனி பி3ந்து3ன் மிளயி ரா:,pani bindun mil'ayi rhaa,pani bindun miLayi rhA,pani bindun mil̤ayi rhā,pən̪ɪ bɪn̪d̪un̪ mɪɭəjɪ ɾɦɑː,"collect dew, filled with tears",பனி,,,,Simple-Verbs,words
ꢣꣁꢭꢵꢪ꣄ꢦꢥꢶ ꢲꢶꢨ꣄ꢨꢶ ꢬꢴꢵ,दोलाम पनि हिब्बि र्हा,தொ3ளாம்பனி ஹிப்3பி3 ரா:,do'laampani hibbi rhaa,dOlAmpani hibbi rhA,dŏlāmpani hibbi rhā,d̪olɑːmpən̪ɪ ɦɪbbɪ ɾɦɑː,"collect dew, filled with tears",பனி,,,,Simple-Verbs,words
ꢔꢵꢮ꣄,गाव,கா3வ்,gaav,gAv,gāv,gɑːʋ,sing,பாடு,,,,Simple-Verbs,words
ꢨꢵꢤꣁ ꢒꢿꢬ꣄,बाधा॑ केर,பா3தொ4 கேர்,baadho' ker,bAdhO ker,bādhŏ ker,bɑːd̪ʰo keːɾ,Affect,பாதி,,,,Simple-Verbs,words
ꢨꢵꢤꣁ ꢦꣁꢥ꣄ꢣꢵꢜ꣄,बाधा॑ पा॑न्दाट,பா3தொ4 பொந்தா3ட்,baadho' po'ndaat',bAdhO pOndAT,bādhŏ pŏndāṭ,bɑːd̪ʰo pon̪d̪ɑːʈ,Affect,பாதி,,,,Simple-Verbs,words
ꢬꢒ꣄ꢰꢠꣁ ꢒꢿꢬ꣄,ꢬरक्षणा॑ केर,ரக்ஷணொ கேர்,rakshano' ker,rakSaNO ker,rakṣaṇŏ ker,ɾəkʂəɳo keːɾ,protect,பாதுகா,,,,Simple-Verbs,words
ꢬꢒ꣄ꢰꢶ,रक्षि,ரக்ஷி,rakshi,rakSi,rakṣi,ɾəkʂɪ,protect,பாதுகா,,,,Simple-Verbs,words
ꢦ꣄ꢬꢮꢲꢶ,प्रवहि,ப்ரவஹி,pravahi,pravahi,pravahi,pɾəʋəɦɪ,Flood/run in spate,பாய்,,,,Simple-Verbs,words
ꢦꢵꢱꢥꣁ ꢒꢿꢬ꣄,पासना॑ केर,பாஸனொ கேர்,paasano' ker,pAsanO ker,pāsanŏ ker,pɑːs̪ən̪o keːɾ,Irrigate/flush,பாய்ச்சு,,,,Simple-Verbs,words
ꢱꢵ,सा,ஸா,saa,sA,sā,s̪ɑː,See/look,பார்,,,,Simple-Verbs,words
ꢕꢾꢥꢪ꣄ ꢒꢿꢬ꣄,घेनम केर,கெ4னம் கேர்,ghe'nam ker,ghEnam ker,ghĕnam ker,gʰen̪əm keːɾ,Praise/honour,பாராட்டு,,,,Simple-Verbs,words
ꢕꣃꢬ꣄ꢡꣁ ꢒꢿꢬ꣄,गौर्तो केर,கௌ3ர்தொ கேர்,ghaurto' ker,ghaurtO ker,ghaurtŏ ker,gʰəuɾt̪o keːɾ,Praise/honour,பாராட்டு,,,,Simple-Verbs,words
ꢯ꣄ꢭꢵꢕꢥꣁ ꢒꢿꢬ꣄,श्लाघना॑ केर,ஶ்லாக4னொ கேர்,shlaaghano' ker,zlAghanO ker,ślāghanŏ ker,ʃlɑːgʰən̪o keːɾ,Praise/honour,பாராட்டு,,,,Simple-Verbs,words
ꢆꢦꢫꣂꢒ꣄ ꢒꢿꢬ꣄,उपयोक केर,உபயோக் கேர்,upayok ker,upayok ker,upayok ker,upəjoːk keːɾ,use,பாவி,,,,Simple-Verbs,words
ꢥꢹꢔ꣄,नूग,நூக்3,noog,nUg,nūg,n̪uːg,use,பாவி,,,,Simple-Verbs,words
ꢕꢵꢭ꣄,घाल्,கா4ல்,ghaal,ghAl,ghāl,gʰɑːl,sow,பாவு,,,,Simple-Verbs,words
ꢪꢥ꣄ꢡꢸꢱꢾꢬ ꢬꢴꢵ,मन्तुस॑र र्हा,மந்துஸெர ரா:,mantuse'ra rhaa,mantusEra rhA,mantusĕra rhā,mən̪t̪us̪eɾə ɾɦɑː,Have flaw,பிசகு,,,,Simple-Verbs,words
ꢗꢶꢔꢸꢜ꣄ꢜꢒꢥꢶ ꢬꢴꢵ,चिगुट्टकनि र्हा,சிகு3ட்டகனி ரா:,chigut't'akani rhaa,ciguTTakani rhA,ciguṭṭakani rhā,t͡ʃɪguʈʈəkən̪ɪ ɾɦɑː,be sticky,பிசுபிசு,,,,Simple-Verbs,words
ꢒꢸꢱꢶꢬ꣄,कुसिर,குஸிர்,kusir,kusir,kusir,kus̪ɪɾ,"squeeze, knead",பிசை,,,,Simple-Verbs,words
ꢤꢾꢬ꣄,ध॑र,தே4ர்,dhe'r,dhEr,dhĕr,d̪ʰeɾ,catch,பிடி,,,,Simple-Verbs,words
ꢆꢒ꣄ꢒꢶ,उक्कि,உக்கி,ukki,ukki,ukki,ukkɪ,snatch,பிடுங்கு,,,,Simple-Verbs,words
ꢪꣁꢥ꣄ꢥꢸꢩꢿꢡ꣄ ꢲꣂ,मा॑न्नुभेत हो,மொன்னுபே4த் ஹோ,mo'nnubhet ho,mOnnubhet ho,mŏnnubhet ho,mon̪n̪ubʰeːt̪ ɦoː,Dissent/tussle,பிணக்கு,,,,Simple-Verbs,words
ꢪꢶꢭꢶ ꢬꢴꢵ,मिलि र्हा,மிளி ரா:,mili rhaa,mili rhA,mili rhā,mɪlɪ ɾɦɑː,Entangle/,பிணி,,,,Simple-Verbs,words
ꢒꢸꢜ꣄ꢒꢵꢥ꣄ ꢗꢾꢬꢶ ꢬꢴꢵ,कुट्कान च॑रि र्हा,குட்கான் செரி ரா:,kut'kaan che'ri rhaa,kuTkAn cEri rhA,kuṭkān cĕri rhā,kuʈkɑːn̪ t͡ʃeɾɪ ɾɦɑː,Entangle/,பிணி,,,,Simple-Verbs,words
ꢒꢸꢜ꣄ꢒꢵꢥ꣄ ꢱꢥ꣄ꢤꢫꢶ ꢬꢴꢵ,कुट्कान सन्धयि र्हा,குட்கான் ஸந்த4யி ரா:,kut'kaan sandhayi rhaa,kuTkAn sandhayi rhA,kuṭkān sandhayi rhā,kuʈkɑːn̪ s̪ən̪d̪ʰəjɪ ɾɦɑː,Entangle/,பிணி,,,,Simple-Verbs,words
ꢒꢸꢜ꣄ꢒꢵꢥ꣄ ꢗꢾꢬ꣄ꢗꢶ,कुट्कान च॑र्चि,குட்கான் செர்சி,kut'kaan che'rchi,kuTkAn cErci,kuṭkān cĕrci,kuʈkɑːn̪ t͡ʃeɾt͡ʃɪ,join,பிணை,,,,Simple-Verbs,words
ꢒꢸꢜ꣄ꢒꢵꢥ꣄ ꢱꢥ꣄ꢤꢶ,कुट्कान सन्धि,குட்கான் ஸந்தி4,kut'kaan sandhi,kuTkAn sandhi,kuṭkān sandhi,kuʈkɑːn̪ s̪ən̪d̪ʰɪ,join,பிணை,,,,Simple-Verbs,words
ꢔꣁꢳ ꢔꣁꢳꢫꢶ ꢬꢴꢵ,गा॑ळ्गा॑ळयि र्हा,கொ3ளகொ3ளயி ரா:,go'l'a go'l'ayi rhaa,gOLa gOLayi rhA,gŏl̤a gŏl̤ayi rhā,goɭə goɭəjɪ ɾɦɑː,babble /prate,பிதற்று,,,,Simple-Verbs,words
ꢦꢶꢱ꣄ꢒꢶ,पिस्कि,பிஸ்கி,piski,piski,piski,pɪs̪kɪ,Press out,பிதுக்கு,,,,Simple-Verbs,words
ꢦꢶꢱ꣄ꢒꢫꢶ ꢙꢵ,पिस्कयि जा,பிஸ்கயி ஜா,piskayi jaa,piskayi jA,piskayi jā,pɪs̪kəjɪ d͡ʒɑː,be pressed out,பிதுங்கு,,,,Simple-Verbs,words
ꢦꢱ꣄ꢒꢜ꣄ ꢦꣂꢜ꣄,पस्कट पोट,பஸ்கட் போட்,paskat' pot',paskaT poT,paskaṭ poṭ,pəs̪kəʈ poːʈ,stay behind,பிந்து,,,,Simple-Verbs,words
ꢧꢜ꣄ꢜꢶ ꢬꢴꢵ,फट्टि र्हा,ப2ட்டி ரா:,phat't'i rhaa,phaTTi rhA,phaṭṭi rhā,pʰəʈʈɪ ɾɦɑː,be torn,பிய்,,,,Simple-Verbs,words
ꢧꢵꢜ꣄ꢜ,फाट्,பா2ட்,phaat't'a,phATTa,phāṭṭa,pʰɑːʈʈə,tear,பிய்,,,,Simple-Verbs,words
ꢚꣁꢭꢶꢛ꣄ꢗꢶ,झा॑लिञ्चि,ஜொ2லிஞ்சி,jho'linchi,jhOliJci,jhŏliñci,d͡ʒʰolɪɲt͡ʃɪ,shine,பிரகாசி,,,,Simple-Verbs,words
ꢙꢿꢥ꣄,जेन्,ஜேன்,jen,jen,jen,d͡ʒeːn̪,deliver,பிரசவி,,,,Simple-Verbs,words
ꢦ꣄ꢬꢡꢶꢦ꣄ꢬꢒꢵꢯ꣄ ꢒꢿꢬ꣄,प्रतिप्ररकाश केर,ப்ரதிப்ரகாஶ் கேர்,pratiprakaash ker,pratiprakAz ker,pratiprakāś ker,pɾət̪ɪpɾəkɑːʃ keːɾ,reflect,பிரதிபலி,,,,Simple-Verbs,words
ꢃꢯ꣄꣄ꢗꢬ꣄ꢫꢸ ꢲꣂ,आश्चर्यु हो,ஆஶ்சர்யு ஹோ,aashcharyu ho,Azcaryu ho,āścaryu ho,ɑːʃt͡ʃəɾju ɦoː,Wonder,பிரமி,,,,Simple-Verbs,words
ꢆꢦꢫꣁꢔ꣄ ꢒꢿꢬ꣄,उपयोक केर,உபயோக் கேர்,upayo'g ker,upayOg ker,upayŏg ker,upəjog keːɾ,use,பிரயோகி,,,,Simple-Verbs,words
ꢦ꣄ꢬꢮꢿꢯ꣄ ꢒꢿꢬ꣄,प्रवेश केर,ப்ரவேஶ் கேர்,pravesh ker,pravez ker,praveś ker,pɾəʋeːʃ keːɾ,enter,பிரவேசி,,,,Simple-Verbs,words
ꢮꢜꣁ ꢲꣁꢫ꣄ꢬꢴꢵ,वटा॑ हा॑य र्हा,வடொ ஹொய் ரா:,vat'o' ho'yrhaa,vaTO hOyrhA,vaṭŏ hŏyrhā,ʋəʈo ɦojɾɦɑː,be separated,பிரி,,,,Simple-Verbs,words
ꢮꢜꣁ ꢲꣂ,वटो हो,வடொ ஹோ,vat'o' ho,vaTO ho,vaṭŏ ho,ʋəʈo ɦoː,be separated,பிரி,,,,Simple-Verbs,words
ꢮꢜꣁ ꢒꢿꢬ꣄,वटा॑ केर,வடொ கேர்,vat'o' ker,vaTO ker,vaṭŏ ker,ʋəʈo keːɾ,separate,பிரி,,,,Simple-Verbs,words
ꢩꢵꢔ꣄ ꢒꢿꢬ꣄,भाग केर,பா4க்3 கேர்,bhaag ker,bhAg ker,bhāg ker,bʰɑːg keːɾ,separate,பிரி,,,,Simple-Verbs,words
ꢦ꣄ꢬꢾꢬꢥꣁ ꢒꢿꢬ꣄,प्रेरना॑ केर,ப்ரேரனொ கேர்,pre'rano' ker,prEranO ker,prĕranŏ ker,pɾeɾən̪o keːɾ,propose,பிரேரி,,,,Simple-Verbs,words
ꢦꢶꢳ꣄,पिळ्,பீள்,pil',piL,pil̤,pɪɭ,squeeze,பிழி,,,,Simple-Verbs,words
ꢙꢶꢮ꣄ꢭꢶ ꢬꢴꢵ,जिव्लि र्हा,ஜிவ்லி ரா:,jivli rhaa,jivli rhA,jivli rhā,d͡ʒɪʋlɪ ɾɦɑː,survive,பிழை,,,,Simple-Verbs,words
ꢧꢵꢜ꣄ ꢒꢿꢬ꣄,फाट केर,பா2ட் கேர்,phaat' ker,phAT ker,phāṭ ker,pʰɑːʈ keːɾ,split,பிள,,,,Simple-Verbs,words
ꢕꢶꢶꢪ꣄ꢒꢵꢬ꣄ ꢒꢿꢬ꣄,घिम्कार केर,கி4ம்கார் கேர்,ghiimkaar ker,ghiimkAr ker,ghiimkār ker,gʰɪɪmkɑːɾ keːɾ,trumpet,பிளிறு,,,,Simple-Verbs,words
ꢇꢙ꣄,ऊज,ஊஜ்,ooj,Uj,ūj,uːd͡ʒ,take birth,பிற,,,,Simple-Verbs,words
ꢱꢸꢜ꣄ꢜꢶ ꢙꢵ,सुट्टि जा,ஸுட்டி ஜா,sut't'i jaa,suTTi jA,suṭṭi jā,s̪uʈʈɪ d͡ʒɑː,slip,பிறழ்,,,,Simple-Verbs,words
ꢱꢸꢫꢦ꣄ꢬꢩꢵꢮ꣄ ꢔꢵꢮ꣄,सुयप्रभाव गाव,ஸுயப்ரபா4வ் கா3வ்,suyaprabhaav gaav,suyaprabhAv gAv,suyaprabhāv gāv,s̪ujəpɾəbʰɑːʋ gɑːʋ,praise self,பீத்து,,,,Simple-Verbs,words
ꢙꣁꢪꢵꢜ꣄,जा॑माट्,ஜெமாட்,jo'maat',jOmAT,jŏmāṭ,d͡ʒomɑːʈ,feed,புகட்டு,,,,Simple-Verbs,words
ꢪꢾꢬ꣄ꢗꢶ,म॑र्चि,மெர்சி,me'rchi,mErci,mĕrci,meɾt͡ʃɪ,praise,புகழ்,,,,Simple-Verbs,words
ꢤꢹꢬ꣄,तूर्,தூர்,dhoor,dhUr,dhūr,d̪ʰuːɾ,enter,புகு,,,,Simple-Verbs,words
ꢡꢸꢬꢵꢜ꣄,तुराट्,துராட்,turaat',turAT,turāṭ,t̪uɾɑːʈ,thrust,புகுத்து,,,,Simple-Verbs,words
ꢤꢸꢪꢫꢶ ꢬꢴꢵ,धुमयि र्हा,து4மயி ரா:,dhumayi rhaa,dhumayi rhA,dhumayi rhā,d̪ʰuməjɪ ɾɦɑː,smoke,புகை,,,,Simple-Verbs,words
ꢤꢸꢪꢵꢜ꣄,धुमाट,து4மாட்,dhumaat',dhumAT,dhumāṭ,d̪ʰumɑːʈ,smoke,புகை,,,,Simple-Verbs,words
ꢡꢾꢱꢶ ꢧꣁꢜ꣄,त॑सि फा॑ट,தெஸி போ2ட்,te'si pho't',tEsi phOT,tĕsi phŏṭ,t̪es̪ɪ pʰoʈ,Thrash,புடை,,,,Simple-Verbs,words
ꢬꢾꢔꢶꢞꢶ ꢧꣁꢜ꣄,र॑गिडि फा॑ट,ரெகி3டி3 போ2ட்,re'gid'i pho't',rEgiDi phOT,rĕgiḍi phŏṭ,ɾegɪɖɪ pʰoʈ,Thrash,புடை,,,,Simple-Verbs,words
ꢧꢸꢔ꣄ꢔꢶ ꢬꢴꢵ,फुग्गि र्हा,பு2க்3கி3 ரா:,phuggi rhaa,phuggi rhA,phuggi rhā,pʰuggɪ ɾɦɑː,swell,புடை,,,,Simple-Verbs,words
ꢦꢸꢥꢬꢸꢣ꣄ ꢤꢵꢬꢥꣁ ꢒꢿꢬ꣄,पुनरुद्धारणा॑ केर,புனருத்3தா4ரணொ கேர்,punarud dhaarano' ker,punarud dhAranO ker,punarud dhāranŏ ker,pun̪əɾud̪ d̪ʰɑːɾən̪o keːɾ,renovate,புதுப்பி,,,,Simple-Verbs,words
ꢥꣁꢮꣁ ꢒꢿꢬ꣄,ना॑वा॑ केर,நொவொ கேர்,no'vo' ker,nOvO ker,nŏvŏ ker,n̪oʋo keːɾ,renovate,புதுப்பி,,,,Simple-Verbs,words
ꢔꢞꢫꢶ ꢬꢴꢵ,गडयि र्हा,க3ட3யி ரா:,gad'ayi rhaa,gaDayi rhA,gaḍayi rhā,gəɖəjɪ ɾɦɑː,be buried,புதை,,,,Simple-Verbs,words
ꢔꢞ꣄,गड्,கா3ட்3,gad',gaD,gaḍ,gəɖ,bury,புதை,,,,Simple-Verbs,words
ꢤꢹꢳ꣄,धूळ्,தூ4ள்,dhool',dhUL,dhūl̤,d̪ʰuːɭ,roll,புரள்,,,,Simple-Verbs,words
ꢂꢥ꣄ꢣꢞ꣄ꢳꢿ,अन्दड्ळे,அந்த3ட்3ளே,andad'l'e,andaDLe,andaḍl̤e,ən̪d̪əɖɭeː,Understand,புரி,,,,Simple-Verbs,words
ꢙꢥ꣄ꢭꢿ,जन्ले,ஜன்லே,janle,janle,janle,d͡ʒən̪leː,Understand,புரி,,,,Simple-Verbs,words
ꢒꢳꢫꢶꢭꢿ,कळयिले,களயிலே,kal'ayile,kaLayile,kal̤ayile,kəɭəjɪleː,Understand,புரி,,,,Simple-Verbs,words
ꢗꢹꢒ꣄ ꢪꢾꢥ꣄ꢭꢶ ꢬꣂꢜ꣄,चूक म॑न्लि रोट,சூக் மென்லி ரோட்,chook me'nli rot',cUk mEnli roT,cūk mĕnli roṭ,t͡ʃuːk men̪lɪ ɾoːʈ,rave/complain,புலம்பு,,,,Simple-Verbs,words
ꢧꣀꢭꢶꢧꢵꢬ꣄ ꢲꣂ,फैलिफार हो,பை2லிபா2ர் ஹோ,phailiphaar ho,phailiphAr ho,phailiphār ho,pʰəɪlɪpʰɑːɾ ɦoː,dawn,புலர்,,,,Simple-Verbs,words
ꢱꣁꢭꢧꢵꢬ꣄ ꢲꣂ,सा॑लफार हो,ஸொளபா2ர் ஹோ,so'laphaar ho,sOlaphAr ho,sŏlaphār ho,s̪oləpʰɑːɾ ɦoː,dawn,புலர்,,,,Simple-Verbs,words
ꢮꢮ꣄ꢬꢶꢥꢶꢪ꣄ ꢬꢴꢵ,वव्रिनिम र्हा,வவ்ரினிம் ரா:,vavrinim rhaa,vavrinim rhA,vavrinim rhā,ʋəʋɾɪn̪ɪm ɾɦɑː,be in use,புழங்கு,,,,Simple-Verbs,words
ꢦꢬꢶꢫꣂꢔꢸꢪ꣄ ꢬꢴꢵ,प्रयोगुम र्हा,ப்ரயோகு3ம் ரா:,pariyogum rhaa,pariyogum rhA,pariyogum rhā,pəɾɪjoːgum ɾɦɑː,be in use,புழங்கு,,,,Simple-Verbs,words
ꢪꢷꢔꢸꢪ꣄ ꢬꢴꢵ,नूगुम रा,நூகு3ம் ரா:,meegum rhaa,mIgum rhA,mīgum rhā,miːgum ɾɦɑː,be in use,புழங்கு,,,,Simple-Verbs,words
ꢬꢦ꣄ꢡꢵꢪ꣄ ꢬꢴꢵ,रप्ताम र्हा,ரப்தாம் ரா:,raptaam rhaa,raptAm rhA,raptām rhā,ɾəpt̪ɑːm ɾɦɑː,be in use,புழங்கு,,,,Simple-Verbs,words
ꢪꢸꢬ꣄ꢔꢫꢶ ꢬꢴꢵ,मुर्गयि र्हा,முர்க3யி ரா:,murgayi rhaa,murgayi rhA,murgayi rhā,muɾgəjɪ ɾɦɑː,be rotten,புழு,,,,Simple-Verbs,words
ꢱꢾꢔꣁ ꢒꢿꢬ꣄,स॑गा॑ केर,ஸெகொ3 கேர்,se'go' ker,sEgO ker,sĕgŏ ker,s̪ego keːɾ,be sultry,புழுங்கு,,,,Simple-Verbs,words
ꢮꢶꢙ꣄ꢙꢵꢜ꣄,विज्जाट,விஜ்ஜாட்,vijjaat',vijjAT,vijjāṭ,ʋɪd͡ʒd͡ʒɑːʈ,"sour taste, ferment",புளி,,,,Simple-Verbs,words
ꢗꣁꢞ꣄ꢞꣁꢮꢡ꣄ꢡꣁ ꢒꢿꢬ꣄,चा॑ड्डा॑वत्ता॑ केर,சொட்3டொ3வத்தொகேர்,cho'd'd'o'vatto' ker,cODDOvattO ker,cŏḍḍŏvattŏ ker,t͡ʃoɖɖoʋət̪t̪o keːɾ,lie,புளுகு,,,,Simple-Verbs,words
ꢡꢶꢬꢱ꣄ꢒꢵꢬ꣄ ꢒꢿꢬ꣄,ꢡꢶतिरस्कार केर,திரஸ்கார் கேர்,tiraskaar ker,tiraskAr ker,tiraskār ker,t̪ɪɾəs̪kɑːɾ keːɾ,ignore,புறக்கணி,,,,Simple-Verbs,words
ꢥꢶꢔꢶꢭ꣄,निगिल्,நிகி3ள்,nigil,nigil,nigil,n̪ɪgɪl,start,புறப்படு,,,,Simple-Verbs,words
ꢧꢹꢭ꣄,फूल,பூ2ல்,phool,phUl,phūl,pʰuːl,Blossom,பூ,,,,Simple-Verbs,words
ꢭꢵꢮ꣄,लाव,லாவ்,laav,lAv,lāv,lɑːʋ,Apply/ smear,பூசு,,,,Simple-Verbs,words
ꢨꢷꢕꢵꢭ꣄,बीघाल्,பீ3கா4ல்,beeghaal,bIghAl,bīghāl,biːgʰɑːl,lock,பூட்டு,,,,Simple-Verbs,words
ꢱꣁꢪ꣄ꢦꢸꢦꣁꢥ꣄ꢣꢶ,सा॑म्पुपा॑न्दि,ஸொம்புபொந்தி3,so'mpupo'ndi,sOmpupOndi,sŏmpupŏndi,s̪ompupon̪d̪ɪ,feel elated,பூரி,,,,Simple-Verbs,words
ꢣꢾꢳ꣄꣄ꢒ ꢒꣂꢜ꣄,द॑ळ्कपोट,தெ3ள்கபோட்,de'l'ka kot',dELka koT,dĕl̤ka koṭ,d̪eɭkə koːʈ,become stout,பெரு,,,,Simple-Verbs,words
ꢔꢸꢠꢵꢞ꣄,गुणाड,கு3ணாட்3,gunaad',guNAD,guṇāḍ,guɳɑːɖ,"multiply, increase,",பெருக்கு,,,,Simple-Verbs,words
ꢮꢿꢥ꣄ ꢒꢿꢬ꣄,वेन केर,வேன் கேர்,ven ker,ven ker,ven ker,ʋeːn̪ keːɾ,"multiply, increase,",பெருக்கு,,,,Simple-Verbs,words
ꢮꢾꢥ ꢲꣂ,वेन्हो,வேன் ஹோ,ve'na ho,vEna ho,vĕna ho,ʋen̪ə ɦoː,increase,பெருகு,,,,Simple-Verbs,words
ꢦꣁꢮ꣄ꢱ꣄ ꢦꣂꢜ꣄,पा॑व्स्पोट,பொவ்ஸ் போட்,po'vs pot',pOvs poT,pŏvs poṭ,poʋs̪ poːʈ,rain,பெய்,,,,Simple-Verbs,words
ꢢꢵꢪ꣄ ꢪꢬ꣄ꢗꢶꢭꢾ,थाम मर्चिले,தா2ம் மர்சிலே,thaam marchile',thAm marcilE,thām marcilĕ,t̪ʰɑːm məɾt͡ʃɪle,change place,பெயர்,,,,Simple-Verbs,words
ꢂꢥꢸꢮꢵꢣ꣄ꢒꢿꢬ꣄,अनुवाद्केर,அனுவாத்3கேர்,anuvaadker,anuvAdker,anuvādker,ən̪uʋɑːd̪keːɾ,translate,பெயர்,,,,Simple-Verbs,words
ꢩꢵꢰꢵꢥ꣄ꢡꢬ꣄ ꢒꢿꢬ꣄,भाषान्तर केर,பா4ஷாந்தர் கேர்,bhaashaantar ker,bhASAntar ker,bhāṣāntar ker,bʰɑːʂɑːn̪t̪əɾ keːɾ,translate,பெயர்,,,,Simple-Verbs,words
ꢡꢬ꣄ꢙꢪꣁ ꢒꢿꢬ꣄,तर्जमा॑ केर,தர்ஜமொ கேர்,tarjamo' ker,tarjamO ker,tarjamŏ ker,t̪əɾd͡ʒəmo keːɾ,translate,பெயர்,,,,Simple-Verbs,words
ꢥꢶꢳꢸꢮ꣄ ꢡꣁꢦ꣄ꢦꢶ,नेळुव्ता॑प्पि,நெளுவ் தொப்பி,nil'uv to'ppi,niLuv tOppi,nil̤uv tŏppi,n̪ɪɭuʋ t̪oppɪ,Be deranged,பேதலி,,,,Simple-Verbs,words
ꢲꢔ꣄ꢔꢶ,हग्गि,ஹக்3கி3,haggi,haggi,haggi,ɦəggɪ,pass stool,பேள்,,,,Simple-Verbs,words
ꢧꢸꢔ꣄ꢔꢶ,फुग्गि,பு2க்3கி3,phuggi,phuggi,phuggi,pʰuggɪ,blister,பொக்குளி,,,,Simple-Verbs,words
ꢲꢸꢨ꣄ꢨꢶ,हुब्बि,ஹுப்3பி3,hubbi,hubbi,hubbi,ɦubbɪ,Boil over,பொங்கு,,,,Simple-Verbs,words
ꢗꢸꢠ꣄ꢞꢵꢞ꣄,चुण्डाड्,சுண்டா3ட்3,chund'aad',cuNDAD,cuṇḍāḍ,t͡ʃuɳɖɑːɖ,scorch,பொசுக்கு,,,,Simple-Verbs,words
ꢙꢭꢫꢶ ꢙꢵ,जलयि जा,ஜளயி ஜா,jalayi jaa,jalayi jA,jalayi jā,d͡ʒələjɪ d͡ʒɑː,be scorched,பொசுங்கு,,,,Simple-Verbs,words
ꢩꢸꢬ꣄ꢒꣁ ꢲꣁꢫ ꣄ꢙꢵ,भुर्का॑ हा॑य जा,பு4ர்கொ ஹொய் ஜா,bhurko' ho'ya jaa,bhurkO hOya jA,bhurkŏ hŏya jā,bʰuɾko ɦojə d͡ʒɑː,be powdered,பொடி,,,,Simple-Verbs,words
ꢩꢸꢬ꣄ꢒꣁ ꢒꢿꢬ꣄,भुर्का॑ केर,பு4ர்கொகேர்,bhurko' ker,bhurkO ker,bhurkŏ ker,bʰuɾko keːɾ,powder,பொடி,,,,Simple-Verbs,words
ꢚꢵꢫ꣄,झाय,ஜா2ய்,jhaay,jhAy,jhāy,d͡ʒʰɑːj,cover,பொத்து,,,,Simple-Verbs,words
ꢗꢭ꣄ꢥꢵꢡꣁ ꢬꢴꢵ,चल्नाता॑ र्हा,சல்னாதொ ரா:,chalnaato' rhaa,calnAtO rhA,calnātŏ rhā,t͡ʃəln̪ɑːt̪o ɾɦɑː,not happen/ fail,பொய்,,,,Simple-Verbs,words
ꢩꢸꢛ꣄ꢙꢫꢶ ꢬꢴꢵ,भुञ्जयि र्हा,பு4ஞ்ஜயி ரா:,bhunjayi rhaa,bhuJjayi rhA,bhuñjayi rhā,bʰuɲd͡ʒəjɪ ɾɦɑː,be fried,பொரி,,,,Simple-Verbs,words
ꢩꢸꢛ꣄ꢙꢶ,भुञ्जि,பு4ஞ்ஜி,bhunji,bhuJji,bhuñji,bʰuɲd͡ʒɪ,fry,பொரி,,,,Simple-Verbs,words
ꢮꢡ꣄ꢡꢵ ꢚꢔꢜ꣄,वत्ता झगट,வத்தா ஜ2க3ட்,vattaa jhagat',vattA jhagaT,vattā jhagaṭ,ʋət̪t̪ɑː d͡ʒʰəgəʈ,quarrel,பொரு,,,,Simple-Verbs,words
ꢗꢾꢬ꣄ꢗꢶ,च॑र्चि,செர்சி,che'rchi,cErci,cĕrci,t͡ʃeɾt͡ʃɪ,fix,பொருத்து,,,,Simple-Verbs,words
ꢪꢶꢳ꣄꣄ꢮꢶ,मिळ्वि,மிள்வி,mil'vi,miLvi,mil̤vi,mɪɭʋɪ,fix,பொருத்து,,,,Simple-Verbs,words
ꢪꢶꢳꢵꢜ꣄,मिळाट,மிளாட்,mil'aat',miLAT,mil̤āṭ,mɪɭɑːʈ,fix,பொருத்து,,,,Simple-Verbs,words
ꢗꢾꢬꢶ ꢬꢴꢵ,च॑रि र्हा,செரி ரா:,che'ri rhaa,cEri rhA,cĕri rhā,t͡ʃeɾɪ ɾɦɑː,be fixed,பொருந்து,,,,Simple-Verbs,words
ꢪꢶꢭꢶ ꢬꢴꢵ,मिलि र्हा,மிளி ரா:,mili rhaa,mili rhA,mili rhā,mɪlɪ ɾɦɑː,be fixed,பொருந்து,,,,Simple-Verbs,words
ꢒꢸꢖ꣄ꢔꢶ,कुङ्गि,குங்கி3,kungi,kuGgi,kuṅgi,kuŋgɪ,Groan/ sob,பொருமு,,,,Simple-Verbs,words
ꢦꣁꢮ꣄ꢱ꣄ ꢭꢸꢗ꣄ꢗꢶ,पा॑स् लुच्चि,பொவ்ஸ் லுச்சி,po'vs luchchi,pOvs lucci,pŏvs lucci,poʋs̪ lut͡ʃt͡ʃɪ,rain heavily,பொழி,,,,Simple-Verbs,words
ꢱꢪꢸꢭꢿ,समुले,ஸமுலே,samule,samule,samule,s̪əmuleː,tolerate,பொறு,,,,Simple-Verbs,words
ꢮꢾꢒ꣄ꢒꢶ,व॑क्कि,வெக்கி,ve'kki,vEkki,vĕkki,ʋekkɪ,pick up,பொறுக்கு,,,,Simple-Verbs,words
ꢆꢦꢣꢿꢰ꣄ ꢒꢿꢬ꣄,उपदेष्केर्,உபதே3ஷ்கேர்,upadesh ker,upadeS ker,upadeṣ ker,upəd̪eːʂ keːɾ,advise,போதி,,,,Simple-Verbs,words
ꢪꢸꢬ꣄ꢔ ꢶꢙꢵ,मुर्गि जा,முர்கி3ஜா,murga ijaa,murga ijA,murga ijā,muɾgə ɪd͡ʒɑː,decompose,மக்கு,,,,Simple-Verbs,words
ꢪꢔ꣄ꢔꢸꢥꣁ ꢦꣂꢜ꣄,मग्गुना॑ पोट्,மக்3கு3னொபோட்,magguno' pot',maggunO poT,maggunŏ poṭ,məggun̪o poːʈ,Fade away,மங்கு,,,,Simple-Verbs,words
ꢪꢸꢬ꣄ꢔꢶ,मुर्गि,முர்கி3,murgi,murgi,murgi,muɾgɪ,decompose,மட்கு,,,,Simple-Verbs,words
ꢪꣁꢠ꣄ꢗꢶ,मा॑ण्चि,மொண்சி,mo'nchi,mONci,mŏṇci,moɳt͡ʃɪ,fold,மடக்கு,,,,Simple-Verbs,words
ꢪꣁꢠ꣄ꢗꢫꢶ ꢬꢴꢵ,मा॑ण्च्यि र्हा,மொண்சயி ரா:,mo'nchayi rhaa,mONcayi rhA,mŏṇcayi rhā,moɳt͡ʃəjɪ ɾɦɑː,be folded,மடங்கு,,,,Simple-Verbs,words
ꢲꣁꢬꢵꢜ꣄ ꢒꢾꢬ꣄ꢭꢾ,हा॑राट् क॑र्ले,ஹொராட்கெர்லே,ho'raat' ke'rle',hOrAT kErlE,hŏrāṭ kĕrlĕ,ɦoɾɑːʈ keɾle,marry,மண,,,,Simple-Verbs,words
ꢮꢱꢸꢥꢫꢶ ꢬꢴꢵ,वसुनयि र्हा,வஸுனயி ரா:,vasunayi rhaa,vasunayi rhA,vasunayi rhā,ʋəs̪un̪əjɪ ɾɦɑː,smell,மண,,,,Simple-Verbs,words
ꢲꢸꢖ꣄ꢔꢶ ꢱꢵ,हुङ्गि ꢱꢵसा,ஹுங்கி3ஸா,hungi saa,huGgi sA,huṅgi sā,ɦuŋgɪ s̪ɑː,smell,மணத்து,,,,Simple-Verbs,words
ꢪꣁꢬ꣄ꢔꢶꢫꢵꢡ꣄ ꢣꢿ,मा॑र्गियात्दे,மொர்கி3யாத் தே3,mo'rgiyaat de,mOrgiyAt de,mŏrgiyāt de,moɾgɪjɑːt̪ d̪eː,respect,மதி,,,,Simple-Verbs,words
ꢡꢶꢪꢸꢬ꣄ ꢤꢿꢬ꣄,तिमुर् धेर,திமுர் தே4ர்,timur dher,timur dher,timur dher,t̪ɪmuɾ d̪ʰeːɾ,go numb,மர,,,,Simple-Verbs,words
ꢂꢬ꣄ꢢꢪꣂꢲ꣄ ꢦꣁꢥ꣄ꢣꢶ,अर्थमोह पा॑न्दि,அர்த2மோஹ் பொந்தி3,arthamoh po'ndi,arthamoh pOndi,arthamoh pŏndi,əɾt̪ʰəmoːɦ pon̪d̪ɪ,Be deceived / be hazy,மருட்டு,,,,Simple-Verbs,words
ꢲꢸꢣꢥ ꢥꢶꢛ꣄ꢙꢶ,हुदना॑ निञ्जि,ஹுத3ன நிஞ்ஜி,hudana ninji,hudana niJji,hudana niñji,ɦud̪ən̪ə n̪ɪɲd͡ʒɪ,lie looking up,மல்லார்,,,,Simple-Verbs,words
ꢱꣁꢖ꣄ꢔ ꢦꣂꢜ꣄,सा॑ङ्ग पोट्,ஸொங்க3போட்,so'nga pot',sOGga poT,sŏṅga poṭ,s̪oŋgə poːʈ,become cheap,மலி,,,,Simple-Verbs,words
ꢃꢯ꣄ꢗꢬ꣄ꢫꢸ ꢦꣂꢜ꣄,आश्चर्युपोट्,ஆஶ்சர்யுபோட்,aashcharyu pot',Azcaryu poT,āścaryu poṭ,ɑːʃt͡ʃəɾju poːʈ,Be stunned / be amazed,மலை,,,,Simple-Verbs,words
ꢱꣁꢮ꣄ꢬꢪ꣄ ꢒꢿꢬ꣄,सा॑व्रम्केर,ஸொவ்ரம்கேர்,so'vram ker,sOvram ker,sŏvram ker,s̪oʋɾəm keːɾ,shave,மழி,,,,Simple-Verbs,words
ꢪꣁꢥꣁ ꢙꢮꢵꢜ꣄,माअ॑ना॑ जवाट,மொனொ ஜவாட்,mo'no' javaat',mOnO javAT,mŏnŏ javāṭ,mon̪o d͡ʒəʋɑːʈ,blunt,மழுக்கு,,,,Simple-Verbs,words
ꢪꣁꢥꣁ ꢥꢴꢷꢡ꣄ꢡ ꢬꢴꢵ,मा॑ना॑ न्हीत्त र्हा,மொனொ நீ:த்த ரா:,mo'no' nheetta rhaa,mOnO nhItta rhA,mŏnŏ nhītta rhā,mon̪o n̪ɦiːt̪t̪ə ɾɦɑː,be blunt,மழுங்கு,,,,Simple-Verbs,words
ꢮꢡ꣄ꢡꣁ ꢣꢸꢳ꣄꣄ꢒꢶ,वत्ता॑ दुळ्कि,வத்தொ து3ள்கி,vatto' dul'ki,vattO duLki,vattŏ dul̤ki,ʋət̪t̪o d̪uɭkɪ,deceive,மழுப்பு,,,,Simple-Verbs,words
ꢮꢶꢱ꣄ꢬꢳ꣄ꢳꢿ,विस्रळ्ळे,விஸ்ரள்ளே,visral'l'e,visraLLe,visral̤l̤e,ʋɪs̪ɾəɭɭeː,Forget,மற,,,,Simple-Verbs,words
ꢂꢮꢞ ꢦꣁꢜ꣄,अव्ड पोट्,அவ்ட3போட்,avad'a po't',avaDa pOT,avaḍa pŏṭ,əʋəɖə poʈ,obstruct,மறி,,,,Simple-Verbs,words
ꢃꢜ꣄ꢰꢿꢦꢠꣁ ꢒꢾꢬ꣄,आट्षेपणा॑ केर्,ஆட்ஷேபணொகேர்,aat'shepano' ke'r,ATSepaNO kEr,āṭṣepaṇŏ kĕr,ɑːʈʂeːpəɳo keɾ,deny,மறு,,,,Simple-Verbs,words
ꢔꢪ꣄ꢞꢫꢶ ꢙꢵ,ग्म्डयि जा,க3ம்ட3யி ஜா,gamd'ayi jaa,gamDayi jA,gamḍayi jā,gəmɖəjɪ d͡ʒɑː,Disappear,மறை,,,,Simple-Verbs,words
ꢚꢒꢶꢭꢾ,झकिल॑,ஜ2கிலே,jhakile',jhakilE,jhakilĕ,d͡ʒʰəkɪle,hide,மறை,,,,Simple-Verbs,words
ꢒ꣄ꢰꢪꣁ ꢒꢿꢬ꣄,क्षमा॑ केर,க்ஷமொகேர்,kshamo' ker,kSamO ker,kṣamŏ ker,kʂəmo keːɾ,forgive,மன்னி,,,,Simple-Verbs,words
ꢱꢪ꣄ꢜꢵꢜ꣄,सम्टाट्,ஸம்டாட்,samt'aat',samTAT,samṭāṭ,s̪əmʈɑːʈ,hook,மாட்டு,,,,Simple-Verbs,words
ꢪꣂꢬ꣄,मोर्,மோர்,mor,mor,mor,moːɾ,Die,மாய்/ மாள்,,,,Simple-Verbs,words
ꢪꣁꢬꢵꢜ꣄,मा॑राट्,மொராட்,mo'raat',mOrAT,mŏrāṭ,moɾɑːʈ,Kill,மாய்,,,,Simple-Verbs,words
ꢪꢾꢬꢸꢒ꣄ ꢣꢿ,म॑रुक दे,மெருக்தே3,me'ruk de,mEruk de,mĕruk de,meɾuk d̪eː,polish,மினுக்கு,,,,Simple-Verbs,words
ꢙꣁꢭꢶ ꢙꣁꢭꢶꢛ꣄ꢗꢶ,जा॑लि जा॑लिञ्चि,ஜொலி ஜொலிஞ்சி,jo'li jo'linchi,jOli jOliJci,jŏli jŏliñci,d͡ʒolɪ d͡ʒolɪɲt͡ʃɪ,Twinkle,மினுமினு,,,,Simple-Verbs,words
ꢪꢶꢜ꣄ꢜꢶ,मिट्टि,மிட்டி,mit't'i,miTTi,miṭṭi,mɪʈʈɪ,"tune, take back",மீட்டு,,,,Simple-Verbs,words
ꢧꢶꢮ꣄ꢬꢶꢓꢵꢜ꣄,फिव्रिखाट्,பி2ர்விகா2ட்,phivrikhaat',phivrikhAT,phivrikhāṭ,pʰɪʋɾɪkʰɑːʈ,"tune, take back",மீட்டு,,,,Simple-Verbs,words
ꢧꢶꢮ꣄ꢬꢶ ꢓꢵꢜ꣄,फिव्रिखाट्,பி2ர்விகா2ட்,phivri khaat',phivri khAT,phivri khāṭ,pʰɪʋɾɪ kʰɑːʈ,Reverse/ get back,மீள்,,,,Simple-Verbs,words
ꢂꢣ꣄ꢣꢸ ꢡꣁꢦ꣄ꢦꢶ,अद्दुता॑प्पि,அத்3து3தொப்பி,addu to'ppi,addu tOppi,addu tŏppi,əd̪d̪u t̪oppɪ,cross the limit,மீறு,,,,Simple-Verbs,words
ꢱꢷꢪꣁ ꢆꢭ꣄ꢭꢖ꣄ꢕꢶ,सीमा॑ उल्लङ्घि,ஸீமொ உல்லங்கி4,seemo' ullanghi,sImO ullaGghi,sīmŏ ullaṅghi,s̪iːmo ulləŋgʰɪ,cross the limit,மீறு,,,,Simple-Verbs,words
ꢨꢹꢜ꣄,बूट्,பூ3ட்,boot',bUT,būṭ,buːʈ,dip/groan,முக்கு,,,,Simple-Verbs,words
ꢨꢸꢞꢜ꣄,बुडाट्,பு3டா3ட்,bud'at',buDaT,buḍaṭ,buɖəʈ,dip/groan,முக்கு,,,,Simple-Verbs,words
ꢱꢸꢥ꣄ꢣꢸꢬꢸꢪ꣄ꢨꢹꢜ꣄,सुन्दुरुम बूट,ஸுந்து3ரும்பூ3ட்,sundurumboot',sundurumbUT,sundurumbūṭ,s̪un̪d̪uɾumbuːʈ,Immerseto take pearl,முக்குளி,,,,Simple-Verbs,words
ꢪꣁꢡꢶ ꢲꢿꢜ꣄,मा॑ति हेट,மொதி ஹேட்,mo'ti het',mOti heT,mŏti heṭ,mot̪ɪ ɦeːʈ,Immerseto take pearl,முக்குளி,,,,Simple-Verbs,words
ꢨꢹꢜ꣄,बूट,பூ3ட்,boot',bUT,būṭ,buːʈ,"drown, sink",முங்கு,,,,Simple-Verbs,words
ꢤꢶꢒ꣄ꢒꢶ,धिक्कि,தி4க்கி,dhikki,dhikki,dhikki,d̪ʰɪkkɪ,butt,முட்டு,,,,Simple-Verbs,words
ꢦꣁꢱꢮꢵꢫꢸꢪ꣄ꢦꣂꢜ꣄,पोसवायुम्पोट,பொஸவாயும்போட்,po'savaayumpot',pOsavAyumpoT,pŏsavāyumpoṭ,pos̪əʋɑːjumpoːʈ,be paralysed,முடங்கு,,,,Simple-Verbs,words
ꢪꢸꢱꢞꢳꢿ,मुसड्ळे,முஸட்3ளே,musad'al'e,musaDaLe,musaḍal̤e,mus̪əɖəɭeː,end,முடி,,,,Simple-Verbs,words
ꢪꢸꢱꢵꢜ꣄,मुसाट्,முஸாட்,musaat',musAT,musāṭ,mus̪ɑːʈ,complete,முடி,,,,Simple-Verbs,words
ꢧꢶꢮ꣄ꢬꢶ ꢲꢶꢖ꣄ꢔꢵꢜ꣄,फिव्रि हिङ्गाट्,பி2ர்வி ஹிங்கா3ட்,phivri hingaat',phivri hiGgAT,phivri hiṅgāṭ,pʰɪʋɾɪ ɦɪŋgɑːʈ,wind up,முடுக்கு,,,,Simple-Verbs,words
ꢥꣁꢠ꣄ꢔꢶ,ना॑ण्गि,நொண்கி3,no'ngi,nONgi,nŏṇgi,n̪oɳgɪ,murmur,முணுமுணு,,,,Simple-Verbs,words
ꢗꢸꢪ꣄ꢨꢥꣁ ꢣꢿ,चुम्बना॑ दे,சும்ப3னொ தே3,chumbano' de,cumbanO de,cumbanŏ de,t͡ʃumbən̪o d̪eː,kiss,முத்து,,,,Simple-Verbs,words
ꢗꢸꢪ꣄ꢨꢳꣁ ꢣꢿ,चुम्ब्ळा॑ दे,சும்ப்3ளொ தே3,chumbal'o' de,cumbaLO de,cumbal̤ŏ de,t͡ʃumbəɭo d̪eː,kiss,முத்து,,,,Simple-Verbs,words
ꢦꢶꢒ꣄ꢒꢶ,पिक्कि,பிக்கி,pikki,pikki,pikki,pɪkkɪ,ripen,முதிர்,,,,Simple-Verbs,words
ꢱꣁꢪ꣄ꢪꢬ꣄ꢗꢿꢜ꣄,स्म्मर्चेट,ஸொம்மர்சேட்,so'mmarchet',sOmmarceT,sŏmmarceṭ,s̪omməɾt͡ʃeːʈ,overtake,முந்து,,,,Simple-Verbs,words
ꢏꢱ꣄ꢪ꣄ꢪꢬ꣄ ꢙꢵ,सोम्मर जा,ஸொம்மர் ஜா,o'smmar jaa,Osmmar jA,ŏsmmar jā,os̪mməɾ d͡ʒɑː,overtake,முந்து,,,,Simple-Verbs,words
ꢌꢡ꣄ꢡꢥ꣄ ꢒꢿꢬ꣄,एत्तन केर,எத்தன் கேர்,e'ttan ker,Ettan ker,ĕttan ker,et̪t̪ən̪ keːɾ,try,முயல்,,,,Simple-Verbs,words
ꢦ꣄ꢬꢫꢡ꣄ꢥꣁ ꢒꢿꢬ꣄,प्रयत्ना॑ केर,ப்ரயத்னொ கேர்,prayatno' ker,prayatnO ker,prayatnŏ ker,pɾəjət̪n̪o keːɾ,try,முயல்,,,,Simple-Verbs,words
ꢩꢾꢡ꣄ ꢒꢿꢬ꣄,भेत्केर,பே4த் கேர்,bhe't ker,bhEt ker,bhĕt ker,bʰet̪ keːɾ,contradict,முரண்,,,,Simple-Verbs,words
ꢕꣂꢰꢶꢛꢗꢶ꣄,धोषिञ्चि,கோ4ஷிஞ்சி,ghoshinyachi,ghoSiJaci,ghoṣiñaci,gʰoːʂɪɲət͡ʃɪ,Resound,முழக்கு,,,,Simple-Verbs,words
ꢕꣂꢰꢪ꣄ ꢡꢵꢫ꣄,घोषम्ताय्,கோ4ஷம்தாய்,ghosham taay,ghoSam tAy,ghoṣam tāy,gʰoːʂəm t̪ɑːj,shout,முழங்கு,,,,Simple-Verbs,words
ꢪꢸꢒ꣄ꢒꢸꢭꢶꢛꢗꢸ꣄,मुक्कुलिञ्चि,முக்குளிஞ்சி,mukkulinyachu,mukkuliJacu,mukkuliñac_ŭ,mukkulɪɲət͡ʃu,blink,முழி,,,,Simple-Verbs,words
ꢪꢶꢖ꣄ꢒꢶ,मिङ्गि,மிங்கி3,minki,miGki,miṅki,mɪŋkɪ,swallow,முழுங்கு,,,,Simple-Verbs,words
ꢗꢸꢔꢸꢬ꣄ ꢱꣂꢜ꣄,चुगुर् सोट,சிகுர் ஸோட்,chugur sot',cugur soT,cugur soṭ,t͡ʃuguɾ s̪oːʈ,"germinate, sprout",முளை,,,,Simple-Verbs,words
ꢪꢸꢣꢸꢬꢾ ꢲꣂ,मुदुर॑ हो,முது3ர் ஹோ,mudure' ho,mudurE ho,mudurĕ ho,mud̪uɾe ɦoː,be fully grown,முற்று,,,,Simple-Verbs,words
ꢪꣁꢜꢳꢿ,मा॑ट्ळे,மொட்3ளே,mo't'al'e,mOTaLe,mŏṭal̤e,moʈəɭeː,break,முறி,,,,Simple-Verbs,words
ꢪꢸꢞꢫꢶ ꢦꣂꢜ꣄,मुडयि पोट,முட3யி போட்,mud'ayi pot',muDayi poT,muḍayi poṭ,muɖəjɪ poːʈ,break,முறி,,,,Simple-Verbs,words
ꢪꣂꢜ꣄,मोट्,மோட்3,mot',moT,moṭ,moːʈ,break,முறி,,,,Simple-Verbs,words
ꢦꢶꢨꢶꢛꢗꢶ꣄,बिगिञ्चि,பி3கி3ஞ்சி,pibinyachi,pibiJaci,pibiñaci,pɪbɪɲət͡ʃɪ,tighten,முறுக்கு,,,,Simple-Verbs,words
ꢪꢸꢒꢸꢭ꣄ꢒꢥꢶ ꢲꢵꢱ꣄,मुकुल्कनि हास,முகுல்கனி ஹாஸ்,mukulkani haas,mukulkani hAs,mukulkani hās,mukulkən̪ɪ ɦɑːs̪,smile,முறுவலி,,,,Simple-Verbs,words
ꢪꢸꢒꢶꢭꢶ ꢲꢵꢱ꣄,मुकिलि हास,முகிலி ஹாஸ்,mukili haas,mukili hAs,mukili hās,mukɪlɪ ɦɑːs̪,smile,முறுவலி,,,,Simple-Verbs,words
ꢒꣁꢪ꣄ꢨ꣄ꢳꣁꢒꢥꢶ ꢲꢵꢱ꣄,का॑म्बळा॑कनि हास,கொம்ப்3ளொகனி ஹாஸ்,ko'mbl'o'kani haas,kOmbLOkani hAs,kŏmbl̤ŏkani hās,kombɭokən̪ɪ ɦɑːs̪,smile,முறுவலி,,,,Simple-Verbs,words
ꢓꢹꢬ꣄ꢒꢥꢶ ꢱꢵ,खूर्कनि सा,கூ2ர்கனி ஸா,khoorkani saa,khUrkani sA,khūrkani sā,kʰuːɾkən̪ɪ s̪ɑː,stare,முறை,,,,Simple-Verbs,words
ꢦꢾꢞ꣄ꢮꢶ,प॑ड्व,பெட்3வி,pe'd'vi,pEDvi,pĕḍvi,peɖʋɪ,light,மூட்டு,,,,Simple-Verbs,words
ꢚꢵꢫ꣄,झाय्,ஜா2ய்,jhaay,jhAy,jhāy,d͡ʒʰɑːj,"cover, close",மூடு,,,,Simple-Verbs,words
ꢪꢹꢱꢭ꣄ ꢭꢔꢶꢦꣂꢜ꣄,मूसळ् लगि पोट,மூஸள் லகி3 போட்,moosal lagipot',mUsal lagipoT,mūsal lagipoṭ,muːs̪əl ləgɪpoːʈ,faint,மூர்ச்சி,,,,Simple-Verbs,words
ꢨꢹꢜ꣄,बूट,பூ3ட்,boot',bUT,būṭ,buːʈ,"sink, drown",மூழ்கு,,,,Simple-Verbs,words
ꢲꢬꢸꢪ꣄ꢨꢪ꣄ ꢒꢿꢬ꣄,हरुम्बम्केर्,ஹரும்ப3ம்கேர்,harumbam ker,harumbam ker,harumbam ker,ɦəɾumbəm keːɾ,start,மூள்,,,,Simple-Verbs,words
ꢱꢮ꣄ꢬꢶ꣄,सव्रि,ஸவ்ரி,savri,savri,savri,s̪əʋɾɪ,wiping,மெழுகு,,,,Simple-Verbs,words
ꢗꣁꢮ꣄ꢬꢶ,चा॑व्रि,சொர்வி,cho'vri,cOvri,cŏvri,t͡ʃoʋɾɪ,graze,மேய்,,,,Simple-Verbs,words
ꢂꢱ꣄ꢒꢶꢦꣁꢒꢸꢪ꣄ ꢆꢭꢵꢱ꣄ ꢒꢿꢬ꣄,अस्कि पोकुम उलास केर,அஸ்கி போகும் உலாஸ் கேர்,askipo'kum ulaas ker,askipOkum ulAs ker,askipŏkum ulās ker,əs̪kɪpokum ulɑːs̪ keːɾ,Move around,மேவு,,,,Simple-Verbs,words
ꢔꢸꢣ꣄ꢣꢶ,गुद्दि,கு3த்3தி3,guddi,guddi,guddi,gud̪d̪ɪ,beat,மொத்து,,,,Simple-Verbs,words
ꢙꢾꢡꣁꢪꢷꢳ꣄,ज॑ता॑मीळ,ஜெதொமீள்,je'to'meel',jEtOmIL,jĕtŏmīl̤,d͡ʒet̪omiːɭ,"crowd, swarm",மொய்,,,,Simple-Verbs,words
ꢪꢶꢛ꣄ꢗꢶ,मिञ्चि,மிஞ்சி,minchi,miJci,miñci,mɪɲt͡ʃɪ,Take out water,மொள்,,,,Simple-Verbs,words
ꢤꢶꢒ꣄ꢒꢶ,धिक्कि,தி4க்கி,dhikki,dhikki,dhikki,d̪ʰɪkkɪ,dash,மோது,,,,Simple-Verbs,words
ꢩꢥ꣄ꢣꢶ,भन्दि,ப4ந்தி3,bhandi,bhandi,bhandi,bʰən̪d̪ɪ,compose,யா,,,,Simple-Verbs,words
ꢬꢵꢗ꣄,राच,ராச்,raach,rAc,rāc,ɾɑːt͡ʃ,compose,யா,,,,Simple-Verbs,words
ꢩꢷꢔ꣄ꢪꢵꢫ꣄,भीग्माय्,பீ4க்3மாய்,bheegmaay,bhIgmAy,bhīgmāy,bʰiːgmɑːj,beg,யாசி,,,,Simple-Verbs,words
ꢂꢥꢸꢪꢵꢥ꣄ ꢒꢿꢬ꣄,अनुमान्केर्,அனுமான் கேர்,anumaan ker,anumAn ker,anumān ker,ən̪umɑːn̪ keːɾ,guess,யூகி,,,,Simple-Verbs,words
ꢇꢲꢥꣁ ꢒꢿꢬ꣄,ऊहना॑ केर,ஊஹனொ கேர்,oohano' ker,UhanO ker,ūhanŏ ker,uːɦən̪o keːɾ,guess,யூகி,,,,Simple-Verbs,words
ꢗꢶꢥ꣄ꢡꣁꢒꢿꢬ꣄,चिन्ता॑ केर,சிந்தொகேர்,chinto'ker,cintOker,cintŏker,t͡ʃɪn̪t̪okeːɾ,think,யோசி,,,,Simple-Verbs,words
ꢬꢱꢶꢛ꣄ꢗꢶ,रसिञ्चि,ரஸிஞ்சி,rasinchi,rasiJci,rasiñci,ɾəs̪ɪɲt͡ʃɪ,enjoy,ரசி,,,,Simple-Verbs,words
ꢬꢱꢥꣁ ꢒꢿꢬ꣄,रसना॑ केर,ரஸனொ கேர்,rasano' ker,rasanO ker,rasanŏ ker,ɾəs̪ən̪o keːɾ,enjoy,ரசி,,,,Simple-Verbs,words
ꢭꢔꢶꢶꢛ꣄ꢗꢶ,लगिञ्चि,லகி3ஞ்சி,lagiinchi,lagiiJci,lagiiñci,ləgɪɪɲt͡ʃɪ,involve,லயி,,,,Simple-Verbs,words
ꢮꢒꢸꢠ꣄ꢜ ꢨꢸꢣ꣄ꢤꢶ,वकुण्ट बुद्धि,வகு3ண்டபு3த்3தி4,vakunt'a buddhi,vakuNTa buddhi,vakuṇṭa buddhi,ʋəkuɳʈə bud̪d̪ʰɪ,be crooked,வக்கரி,,,,Simple-Verbs,words
ꢦꢣꢮꢶ ꢓꢳ꣄ꢳꢿ,पदवि खळ्ळे,பத3வி க2ள்ளே,padavi khal'l'e,padavi khaLLe,padavi khal̤l̤e,pəd̪əʋɪ kʰəɭɭeː,Assume,வகி,,,,Simple-Verbs,words
ꢩꢵꢖ꣄ꢔꢸ ꢒꢿꢬ꣄,भाङ्गु केर,பா4ங்கு3 கேர்,bhaangu ker,bhAGgu ker,bhāṅgu ker,bʰɑːŋgu keːɾ,Divide,வகிர்,,,,Simple-Verbs,words
ꢮꢜꣁ ꢒꢿꢬ꣄,वटा॑ केर्,வடொ கேர்,vat'o' ker,vaTO ker,vaṭŏ ker,ʋəʈo keːɾ,Divide,வகு,,,,Simple-Verbs,words
ꢡꢿꢳ꣄,तेळ्,தேள்,tel',teL,tel̤,t̪eːɭ,Stir in a pan,வதக்கு,,,,Simple-Verbs,words
ꢩꢸꢛ꣄ꢗꢳ꣄ꢳꢿ,भुञ्चळ्ळे,பு4ஞ்ஜள்ளெ,bhunchal'l'e,bhuJcaLLe,bhuñcal̤l̤e,bʰuɲt͡ʃəɭɭeː,be roasted,வதங்கு,,,,Simple-Verbs,words
ꢮꢵꢱ꣄ ꢒꢿꢬ꣄,वास्केर,வாஸ் கேர்,vaas ker,vAs ker,vās ker,ʋɑːs̪ keːɾ,live,வசி,,,,Simple-Verbs,words
ꢏꢜ꣄ꢗꢫꢶ ꢙꢵ,आ॑ट्चयि जा,ஒட்சயி ஜா,o't'chayi jaa,OTcayi jA,ŏṭcayi jā,oʈt͡ʃəjɪ d͡ʒɑː,be strained,வடி,,,,Simple-Verbs,words
ꢏꢜ꣄ꢗꢶ,आ॑ट्चि,ஒட்சி,o't'chi,OTci,ŏṭci,oʈt͡ʃɪ,strain,வடி,,,,Simple-Verbs,words
ꢗꢶꢡ꣄ꢬꢮꢤꣁ ꢒꢿꢬ꣄,चित्रवधा॑ केर,சித்ரவதொ4 கேர்,chitravadho' ker,citravadhO ker,citravadhŏ ker,t͡ʃɪt̪ɾəʋəd̪ʰo keːɾ,torment,வதை,,,,Simple-Verbs,words
ꢱꢸꢒ꣄ꢒꢶ ꢙꢵ,सुक्कि जा,ஸுக்கி ஜா,sukki jaa,sukki jA,sukki jā,s̪ukkɪ d͡ʒɑː,Go dry,வரள்,,,,Simple-Verbs,words
ꢮꢾꢒ꣄ꢒꢶ ꢲꢿꢜ꣄,व॑क्कि हेट्,வெக்கிஹேட்,ve'kki het',vEkki heT,vĕkki heṭ,ʋekkɪ ɦeːʈ,select,வரி,,,,Simple-Verbs,words
ꢥꢴꢶꢶꢥꢵꢞ꣄,न्हिनाड्,நி:னாட்3,nhiinaad',nhiinAD,nhiināḍ,n̪ɦɪɪn̪ɑːɖ,rub with hand,வருடு,,,,Simple-Verbs,words
ꢮꢬ꣄ꢠꢥꣁ ꢒꢿꢬ꣄,वर्णना॑ केर,வர்ணனொகேர்,varnano' ker,varNanO ker,varṇanŏ ker,ʋəɾɳən̪o keːɾ,describe,வர்ணி,,,,Simple-Verbs,words
ꢒꢾꢰ꣄ꢜꢪ꣄ꢒꢿꢬ꣄,क॑ष्टम्केर,கெஷ்டம்கேர்,ke'sht'amker,kESTamker,kĕṣṭamker,keʂʈəmkeːɾ,to give trouble,வருத்து,,,,Simple-Verbs,words
ꢮꢶꢗꢵꢬ꣄ ꢦꣂꢜ꣄,विचार्पोट्,விசார் போட்,vichaar pot',vicAr poT,vicār poṭ,ʋɪt͡ʃɑːɾ poːʈ,Experience suffering,வருந்து,,,,Simple-Verbs,words
ꢓꢳ꣄ꢳꢶ ꢂꢮꢵꢜ꣄,खळ्ळि अवाट,க2ள்ளி அவாட்,khal'l'i avaat',khaLLi avAT,khal̤l̤i avāṭ,kʰəɭɭɪ əʋɑːʈ,fetch,வருவி,,,,Simple-Verbs,words
ꢗꢶꢡ꣄ꢬꢸ ꢭꢶꢓꢶ,चित्रु लिखि,சித்ரு லிகி2,chitru likhi,citru likhi,citru likhi,t͡ʃɪt̪ɾu lɪkʰɪ,draw,வரை,,,,Simple-Verbs,words
ꢣꢸꢮ꣄ꢥꣁ ꢦꣁꢥ꣄ꢣꢶ,दुव्ना॑ पा॑न्दि,து3வ்னொ பொந்தி3,duvno' po'ndi,duvnO pOndi,duvnŏ pŏndi,d̪uʋn̪o pon̪d̪ɪ,Pain,வலி,,,,Simple-Verbs,words
ꢣꢿ,दे,தே3,de,de,de,d̪eː,Offer,வழங்கு,,,,Simple-Verbs,words
ꢚꢸꢒ꣄ꢒꢸ ꢣꢾ,झुक्कु दे,ஜு2க்கு தே3,jhukku de',jhukku dE,jhukku dĕ,d͡ʒʰukku d̪e,Offer,வழங்கு,,,,Simple-Verbs,words
ꢲꣂꢞ꣄,होड्,ஹோட்3,hod',hoD,hoḍ,ɦoːɖ,grow,வளர்,,,,Simple-Verbs,words
ꢲꣂꢞꢵꢜ꣄,होडाट,ஹொடா3ட்,hod'aat',hoDAT,hoḍāṭ,ɦoːɖɑːʈ,"bring up, grow",வளர்,,,,Simple-Verbs,words
ꢬꢹꢦ꣄ ꢒꢿꢬ꣄,रूप केर,ரூப் கேர்,roop ker,rUp ker,rūp ker,ɾuːp keːɾ,make,வனை,,,,Simple-Verbs,words
ꢓꢵꢞ꣄,खाड्,கா2ட்3,khaad',khAD,khāḍ,kʰɑːɖ,buy,வாங்கு,,,,Simple-Verbs,words
ꢱꢥ꣄ꢣꢬ꣄ꢩꢸ ꢂꢨ꣄ꢨꢞ꣄ꢳꢿ,सन्दर्भु अब्बड्ळे,ஸந்த3ர்பு4அப்3ப3ட்3ளே,sandarbhu abbad'l'e,sandarbhu abbaDLe,sandarbhu abbaḍl̤e,s̪ən̪d̪əɾbʰu əbbəɖɭeː,Get opportunity,வாய்,,,,Simple-Verbs,words
ꢬꢹꢦ꣄ ꢒꢵꢬ꣄,रूप्कार्,ரூப்கார்,roop kaar,rUp kAr,rūp kār,ɾuːp kɑːɾ,mould,வார்,,,,Simple-Verbs,words
ꢬꢹꢦ꣄ ꢒꢿꢬ꣄,रूप केर,ரூப் கேர்,roop ker,rUp ker,rūp ker,ɾuːp keːɾ,mould,வார்,,,,Simple-Verbs,words
ꢙꢷꢮ꣄,जीव्,ஜீவ்,jeev,jIv,jīv,d͡ʒiːʋ,live,வாழ்,,,,Simple-Verbs,words
ꢥꢥ꣄ꢣꢶ,नन्दि,நந்தி3,nandi,nandi,nandi,n̪ən̪d̪ɪ,bless,வாழ்த்து,,,,Simple-Verbs,words
ꢙꢶꢮꢵꢜ꣄,जिवाट्,ஜிவாட்,jivaat',jivAT,jivāṭ,d͡ʒɪʋɑːʈ,Make/ let live,வாழ்வி,,,,Simple-Verbs,words
ꢱꣂꢞ꣄,सोड्,ஸோட்3,sod',soD,soḍ,s̪oːɖ,leave,விடு,,,,Simple-Verbs,words
ꢧꢞꢶꢛ꣄ꢗꢶ,फडिञ्चि,ப2டி3ஞ்சி,phad'inchi,phaDiJci,phaḍiñci,pʰəɖɪɲt͡ʃɪ,nose become big due to anger,விடை,,,,Simple-Verbs,words
ꢃꢙ꣄ꢛꣁ ꢣꢿ,आजञो दे,ஆஜ்ஞொ தே3,aajnyo' de,AjJO de,ājñŏ de,ɑːd͡ʒɲo d̪eː,command,விதி,,,,Simple-Verbs,words
ꢨꢸꢱ꣄ꢒꢶꢜ꣄ꢜꢶ,बुस्किट्टि,பு3ஸ்கிட்டி,buskit't'i,buskiTTi,buskiṭṭi,bus̪kɪʈʈɪ,sob,விம்மு,,,,Simple-Verbs,words
ꢃꢯ꣄ꢗꢬ꣄ꢫꢸ ꢦꣂꢜ꣄,आश्चर्यु पोट्,ஆஶ்சர்யுபோட்,aashcharyu pot',Azcaryu poT,āścaryu poṭ,ɑːʃt͡ʃəɾju poːʈ,wonder,விய,,,,Simple-Verbs,words
ꢱꢾꢔꣁꢮꢹꢬ꣄,स॑गा॑वूर्,ஸெகொ3வூர்,se'go'voor,sEgOvUr,sĕgŏvūr,s̪egoʋuːɾ,sweat,வியர்,,,,Simple-Verbs,words
ꢣꣁꢮ꣄ꢜꢶ,दा॑व्टि,தொ3வ்டி3,do'vt'i,dOvTi,dŏvṭi,d̪oʋʈɪ,drive away,விரட்டு,,,,Simple-Verbs,words
ꢧꢹꢭ꣄,फूल,பூ2ல்,phool,phUl,phūl,pʰuːl,blossom,விரி,,,,Simple-Verbs,words
ꢣꢹꢬ꣄ ꢲꣂ,दूर हो,தூ3ர் ஹோ,door ho,dUr ho,dūr ho,d̪uːɾ ɦoː,go away,விலகு,,,,Simple-Verbs,words
ꢮꢶꢮꢬ꣄ ꢒꢾꢬ꣄,विवर केर,விவர் கேர்,vivar ke'r,vivar kEr,vivar kĕr,ʋɪʋəɾ keɾ,explain,விவரி,,,,Simple-Verbs,words
ꢮꢶꢮꢵꢣ꣄,विवाद्,விவாத்3,vivaad,vivAd,vivād,ʋɪʋɑːd̪,argue,விவாதி,,,,Simple-Verbs,words
ꢙꢵꢔ꣄ꢬꢡꣁ ꢲꣂ,जाग्रता॑ हो,ஜாக்3ரதொ ஹோ,jaagrato' ho,jAgratO ho,jāgratŏ ho,d͡ʒɑːgɾət̪o ɦoː,Become aware,விழி,,,,Simple-Verbs,words
ꢦꣂꢞ꣄,पोड्,போட்3,pod',poD,poḍ,poːɖ,fall,விழு,,,,Simple-Verbs,words
ꢲꢵꢥ꣄ ꢲꢵꢥ,हाण हान,ஹான் ஹான் மெனி ஹான்,haan haana,hAn hAna,hān hāna,ɦɑːn̪ ɦɑːn̪ə,lash,விளாசு,,,,Simple-Verbs,words
꣄ ꢪꢾꢥꢶ ꢲꢵꢥ꣄,म॑नि हान,ஹான் ஹான் மெனி ஹான்,me'ni haan,mEni hAn,mĕni hān,men̪ɪ ɦɑːn̪,lash,விளாசு,,,,Simple-Verbs,words
ꢦꢶꢒ꣄ꢒꢵꢞ꣄,पिक्काड्,பிக்காட்3,pikkaad',pikkAD,pikkāḍ,pɪkkɑːɖ,cause to grow,விளைவி,,,,Simple-Verbs,words
ꢱꢾꢠꢪ꣄,स॑णम्,ஸெணம்,se'nam,sENam,sĕṇam,s̪eɳəm,be hasten,விறுவிறு,,,,Simple-Verbs,words
ꢪꢸꢣꢸꢬꢵꢜ꣄,मुद्राट,முது3ராட்,muduraat',mudurAT,mudurāṭ,mud̪uɾɑːʈ,Harden,விறை,,,,Simple-Verbs,words
ꢦꢹꢱ꣄,पूस,பூஸ்,poos,pUs,pūs,puːs̪,Question/query,வினவு,,,,Simple-Verbs,words
ꢮꢶꢗꢵꢥꣁ ꢒꢿꢬ꣄,विचाना॑ केर,விசானொ கேர்,vichaano' ker,vicAnO ker,vicānŏ ker,ʋɪt͡ʃɑːn̪o keːɾ,Question/query,வினவு,,,,Simple-Verbs,words
ꢩꢮꢵꢜ꣄ ꢡꢵꢫ꣄,भवाट ताय,ப4வாட் தாய்,bhavaat' taay,bhavAT tAy,bhavāṭ tāy,bʰəʋɑːʈ t̪ɑːj,scream,வீரிடு,,,,Simple-Verbs,words
ꢬꢹꢱ꣄,रूस्,ரூஸ்,roos,rUs,rūs,ɾuːs̪,show angry,வெடுவெடு,,,,Simple-Verbs,words
ꢨꢵꢣꣁ ꢦꣂꢜ꣄,बादा॑ पोट,பா3தொ3போட்,baado' pot',bAdO poT,bādŏ poṭ,bɑːd̪o poːʈ,Feel agony,வெதும்பு,,,,Simple-Verbs,words
ꢤꢒ꣄ꢒꢶ,धक्कि,த4க்கி,dhakki,dhakki,dhakki,d̪ʰəkkɪ,Feel scared,வெருள்,,,,Simple-Verbs,words
ꢤꢵꢒꢸꢪ꣄ ꢏꢠ꣄ꢒꢶ,धाकुम् आ॑ण्कि,தா4கும் ஒண்கி,dhaakum o'nki,dhAkum ONki,dhākum ŏṇki,d̪ʰɑːkum oɳkɪ,shiver out of fear,வெலவெல,,,,Simple-Verbs,words
ꢬꣂꢱ꣄,रोस,ரோஸ்,ros,ros,ros,ɾoːs̪,hate,வெறு,,,,Simple-Verbs,words
ꢣ꣄ꢮꢿꢯ꣄ ꣄ꢒꢿꢬ꣄,द्वेवेश्केर,த்3வேஶ்கேர்,dvesh ker,dvez ker,dveś ker,d̪ʋeːʃ keːɾ,hate,வெறு,,,,Simple-Verbs,words
ꢪꢔꢶꢭꢾ,मगिल॑,மகி3லே,magile',magilE,magilĕ,məgɪle,request,வேண்டு,,,,Simple-Verbs,words
ꢥꢾꢬ꣄ꢦ꣄ꢦꢶ,न॑र्प्पि,நெர்ப்பி,ne'rppi,nErppi,nĕrppi,n̪eɾppɪ,wrap,வேய்,,,,Simple-Verbs,words
ꢱꢾꢔꣁ ꢒꢿꢬ꣄,स॑गा॑ केर,ஸெகொ3கேர்,se'go' ker,sEgO ker,sĕgŏ ker,s̪ego keːɾ,sweat,வேர்,,,,Simple-Verbs,words
ꢤꣂꢮ꣄,थोव,தோ2வ்,dhov,dhov,dhov,d̪ʰoːʋ,"place, keep",வை,,,,Simple-Verbs,words
