-,ꢔ,ꢔꢾꢬꢸꢮ,sourashtra,,,'ꢔꢬꢮ':1 'geruva':2 'gĕruva':3 'proudness':4 'அகங':5 'ரம':6,abstract|concept|idea,ग॑रुव|கெ3ருவ்|ge'ruva|gEruva|gĕruva|geɾuʋə,,"{""""script"""":""""sourashtra"""",""""category"""":""""noun"""",""""type"""":""""abstract""""}"
^,,proudness,english,,english,,abstract|concept|idea,,noun,
^,,அகங்காரம்,tamil,,tamil,'அகஙகரம':1 'proudness':2 'அகங':3 'ரம':4,abstract|concept|idea,கெ3ருவ்,noun,
-,ꢮ,ꢮꢶꢗꢵꢬ꣄,sourashtra,,,'ꢮꢗꢬ':1 'vichaar':2 'vicar':3 'vicār':4 'lamenting':5 'lament':6 'அங':7 'கல':8,abstract|concept|idea,विचार्|விசார்|vichaar|vicAr|vicār|ʋɪt͡ʃɑːɾ,,"{""""script"""":""""sourashtra"""",""""category"""":""""noun"""",""""type"""":""""abstract""""}"
^,,lamenting,english,,english,,abstract|concept|idea,,noun,
^,,அங்கலாய்ப்பு,tamil,,tamil,'அஙகலயபப':1 'lamenting':2 'lament':3 'அங':4 'கல':5,abstract|concept|idea,விசார்,noun,
-,ꢲ,ꢲꢾꢞ꣄ꢞꢾ,sourashtra,,,'ꢲꢞꢞ':1 'hedde':2 'hĕḍḍĕ':3 'booby':4 'அசட':5,abstract|concept|idea,ह॑ड्ड॑|ஹெட்3டெ3|he'd'd'e'|hEDDE|hĕḍḍĕ|ɦeɖɖe,,"{""""script"""":""""sourashtra"""",""""category"""":""""noun"""",""""type"""":""""abstract""""}"
^,,booby,english,,english,,abstract|concept|idea,,noun,
^,,அசடு,tamil,,tamil,'அசட':1 'booby':2,abstract|concept|idea,ஹெட்3டெ3,noun,
-,ꢂ,ꢂꢱꢶꢖ꣄ꢔꢪ,sourashtra,,,'ꢂꢱꢖꢔꢪ':1 'asingama':2 'asiggama':3 'asiṅgama':4 'ugly':5 'அச':6 'கம':7,abstract|concept|idea,असिङ्गम|அஸிங்க3ம்|asingama|asiGgama|asiṅgama|əs̪ɪŋgəmə,,"{""""script"""":""""sourashtra"""",""""category"""":""""noun"""",""""type"""":""""abstract""""}"
^,,ugly,english,,english,,abstract|concept|idea,,noun,
^,,அசிங்கம்,tamil,,tamil,'அசஙகம':1 'ugly':2 'அச':3 'கம':4,abstract|concept|idea,அஸிங்க3ம்,noun,
-,ꢮ,ꢮꢶꢥꢫꣁ,sourashtra,,,'ꢮꢥꢫ':1 'vinayo':2 'vinayŏ':3 'modesty':4 'obedience':5 'அடக':6 'கம':7,abstract|concept|idea,विनया॑|விநயொ|vinayo'|vinayO|vinayŏ|ʋɪn̪əjo,,"{""""script"""":""""sourashtra"""",""""category"""":""""noun"""",""""type"""":""""abstract""""}"
^,,"modesty, obedience",english,,english,,abstract|concept|idea,,noun,
^,,அடக்கம்,tamil,,tamil,'அடககம':1 'modesty':2 'obedience':3 'அடக':4 'கம':5,abstract|concept|idea,விநயொ,noun,
-,ꢩ,ꢩꢙꢵꢬꢶꢥ꣄,sourashtra,,,'ꢩꢙꢬꢥ':1 'bhajaarin':2 'bhajarin':3 'bhajārin':4 'termagant':5 'அடங':6,abstract|concept|idea,भजारिन्|ப4ஜாரின்|bhajaarin|bhajArin|bhajārin|bʰəd͡ʒɑːɾɪn̪,,"{""""script"""":""""sourashtra"""",""""category"""":""""noun"""",""""type"""":""""abstract""""}"
^,,termagant,english,,english,,abstract|concept|idea,,noun,
^,,அடங்காப்பிடாரி,tamil,,tamil,'அடஙகபபடர':1 'termagant':2 'அடங':3,abstract|concept|idea,ப4ஜாரின்,noun,
-,ꢭ,ꢭꢮ꣄ꢠ꣄ꢞꢶ,sourashtra,,,'ꢭꢮꢠꢞ':1 'lavndi':2 'lavṇḍi':3 'termagant':4 'அடங':5,abstract|concept|idea,लव्ण्डि|லவ்ண்டி3|lavnd'i|lavNDi|lavṇḍi|ləʋɳɖɪ,,"{""""script"""":""""sourashtra"""",""""category"""":""""noun"""",""""type"""":""""abstract""""}"
-,ꢩ,ꢩꢵꢙꢵꢬꢶꢦꢥ꣄,sourashtra,,,'ꢩꢙꢬꢦꢥ':1 'bhaajaaripan':2 'bhajaripan':3 'bhājāripan':4 'termagancy':5 'அடங':6 'தனம':7,abstract|concept|idea,भाजारिपन|ப4ஜாரிபன்|bhaajaaripan|bhAjAripan|bhājāripan|bʰɑːd͡ʒɑːɾɪpən̪,,"{""""script"""":""""sourashtra"""",""""category"""":""""noun"""",""""type"""":""""abstract""""}"
^,,termagancy,english,,english,,abstract|concept|idea,,noun,
^,,அடங்காப்பிடாரித்தனம்,tamil,,tamil,'அடஙகபபடரததனம':1 'termagancy':2 'அடங':3 'தனம':4,abstract|concept|idea,ப4ஜாரிபன்,noun,
-,ꢣ,ꢣꢵꢱ꣄,sourashtra,,,'ꢣꢱ':1 'daas':2 'das':3 'dās':4 'slave':5 'அட':6,abstract|concept|idea,दास्|தா3ஸ்|daas|dAs|dās|d̪ɑːs̪,,"{""""script"""":""""sourashtra"""",""""category"""":""""noun"""",""""type"""":""""abstract""""}"
^,,slave,english,,english,,abstract|concept|idea,,noun,
^,,அடிமை,tamil,,tamil,'அடம':1 'slave':2 'அட':3,abstract|concept|idea,தா3ஸ்,noun,
-,ꢣ,ꢣꢵꢱꢶ,sourashtra,,,'ꢣꢱ':1 'daasi':2 'dasi':3 'dāsi':4 'slave':5 'அட':6,abstract|concept|idea,दासि|தா3ஸி|daasi|dAsi|dāsi|d̪ɑːs̪ɪ,,"{""""script"""":""""sourashtra"""",""""category"""":""""noun"""",""""type"""":""""abstract""""}"
-,ꢣ,ꢣꢵꢱꢦ꣄ꢦꢥ꣄,sourashtra,,,'ꢣꢱꢦꢦꢥ':1 'daasappan':2 'dasappan':3 'dāsappan':4 'slavery':5 'அட':6 'தனம':7,abstract|concept|idea,दासप्पन्|தா3ஸப்பன்|daasappan|dAsappan|dāsappan|d̪ɑːs̪əppən̪,,"{""""script"""":""""sourashtra"""",""""category"""":""""noun"""",""""type"""":""""abstract""""}"
^,,slavery,english,,english,,abstract|concept|idea,,noun,
^,,அடிமைத்தனம்,tamil,,tamil,'அடமததனம':1 'slavery':2 'அட':3 'தனம':4,abstract|concept|idea,தா3ஸப்பன்,noun,
-,ꢃ,ꢃꢗ꣄ꢗꢬ꣄ꢫꣁ,sourashtra,,,'ꢃꢗꢗꢬꢫ':1 'aachcharyo':2 'accaryo':3 'āccaryŏ':4 'surprise':5 'அத':6 'சயம':7,abstract|concept|idea,आच्चया॑|ஆச்சர்யொ|aachcharyo'|AccaryO|āccaryŏ|ɑːt͡ʃt͡ʃəɾjo,,"{""""script"""":""""sourashtra"""",""""category"""":""""noun"""",""""type"""":""""abstract""""}"
^,,surprise,english,,english,,abstract|concept|idea,,noun,
^,,அதிசயம்,tamil,,tamil,'அதசயம':1 'surprise':2 'அத':3 'சயம':4,abstract|concept|idea,ஆச்சர்யொ,noun,
-,ꢂ,ꢂꢡꢶꢬꢸꢦ꣄ꢡꢶ,sourashtra,,,'ꢂꢡꢬꢦꢡ':1 'atirupti':2 'dissatisfaction':3 'அத':4 'மனக':5,abstract|concept|idea,अतिरुप्ति|அதிருப்தி|atirupti|atirupti|atirupti|ət̪ɪɾupt̪ɪ,,"{""""script"""":""""sourashtra"""",""""category"""":""""noun"""",""""type"""":""""abstract""""}"
^,,dissatisfaction,english,,english,,abstract|concept|idea,,noun,
^,,அதிருப்தி,tamil,,tamil,'அதரபத':1 'அத':2,abstract|concept|idea,அதிருப்தி,noun,
^,,மனக்குறை,tamil,,tamil,'மனககற':1 'மனக':2,abstract|concept|idea,அதிருப்தி,noun,
-,ꢂ,ꢂꢣꢸꢰ꣄ꢜꢸ,sourashtra,,,'ꢂꢣꢰꢜ':1 'adushtu':2 'adustu':3 'aduṣṭu':4 'luck':5 'அத':6 'டம':7,abstract|concept|idea,अदुष्टु|அது3ஷ்டு|adusht'u|aduSTu|aduṣṭu|əd̪uʂʈu,,"{""""script"""":""""sourashtra"""",""""category"""":""""noun"""",""""type"""":""""abstract""""}"
^,,luck,english,,english,,abstract|concept|idea,,noun,
^,,அதிர்ஷ்டம்,tamil,,tamil,'அதரஷடம':1 'luck':2 'அத':3 'டம':4,abstract|concept|idea,அது3ஷ்டு,noun,
-,ꢂ,ꢂꢥ꣄ꢣꢱ꣄ꢡꢸ,sourashtra,,,'ꢂꢥꢣꢱꢡ':1 'andastu':2 'status':3 'அந':4 'தஸ':5,abstract|concept|idea,अन्दस्तु|அந்த3ஸ்து|andastu|andastu|andastu|ən̪d̪əs̪t̪u,,"{""""script"""":""""sourashtra"""",""""category"""":""""noun"""",""""type"""":""""abstract""""}"
^,,status,english,,english,,abstract|concept|idea,,noun,
^,,அந்தஸ்து,tamil,,tamil,'அநதஸத':1 'status':2 'அந':3 'தஸ':4,abstract|concept|idea,அந்த3ஸ்து,noun,
-,ꢣ,ꢣꢾꢮꢸꢨꢵꢦ꣄,sourashtra,,,'ꢣꢮꢨꢦ':1 'devubaap':2 'devubap':3 'dĕvubāp':4 'simpleton':5 'அப':6,abstract|concept|idea,देवुबाप्|தே3வுபா3ப்|de'vubaap|dEvubAp|dĕvubāp|d̪eʋubɑːp,,"{""""script"""":""""sourashtra"""",""""category"""":""""noun"""",""""type"""":""""abstract""""}"
^,,simpleton,english,,english,,abstract|concept|idea,,noun,
^,,அப்பாவி,tamil,,tamil,'அபபவ':1 'simpleton':2 'அப':3,abstract|concept|idea,தே3வுபா3ப்,noun,
-,ꢡ,ꢡꢪ꣄ꢪꢵꢞꢶ,sourashtra,,,'ꢡꢪꢪꢞ':1 'tammaadi':2 'tammadi':3 'tammāḍi':4 'simpleton':5 'அப':6,abstract|concept|idea,तम्माडि|தம்மாடி3|tammaad'i|tammADi|tammāḍi|t̪əmmɑːɖɪ,,"{""""script"""":""""sourashtra"""",""""category"""":""""noun"""",""""type"""":""""abstract""""}"
-,ꢂ,ꢂꢦ꣄ꢬꢵꢠꢶ,sourashtra,,,'ꢂꢦꢬꢠ':1 'apraani':2 'aprani':3 'aprāṇi':4 'simpleton':5 'அப':6,abstract|concept|idea,अप्राणि|அப்ராணி|apraani|aprANi|aprāṇi|əpɾɑːɳɪ,,"{""""script"""":""""sourashtra"""",""""category"""":""""noun"""",""""type"""":""""abstract""""}"
-,ꢂ,ꢂꢥꢬ꣄ꢢꢸꢮꢡ꣄ꢡꣁ,sourashtra,,,'ꢂꢥꢬꢢꢮꢡꢡ':1 'anarthuvatto':2 'anarthuvattŏ':3 'absurdity':4 'அபத':5 'தம':6,abstract|concept|idea,अन्र्थुवत्तो|அனர்து2வத்தொ|anarthuvatto'|anarthuvattO|anarthuvattŏ|ən̪əɾt̪ʰuʋət̪t̪o,,"{""""script"""":""""sourashtra"""",""""category"""":""""noun"""",""""type"""":""""abstract""""}"
^,,absurdity,english,,english,,abstract|concept|idea,,noun,
^,,அபத்தம்,tamil,,tamil,'அபததம':1 'absurdity':2 'அபத':3 'தம':4,abstract|concept|idea,அனர்து2வத்தொ,noun,
-,ꢪ,ꢪꢶꢡꢥ꣄ꢮꢡ꣄ꢡꣁ,sourashtra,,,'ꢪꢡꢥꢮꢡꢡ':1 'mitanvatto':2 'mitanvattŏ':3 'absurdity':4 'அபத':5 'தம':6,abstract|concept|idea,मितन्वत्तो|மிதன்வத்தொ|mitanvatto'|mitanvattO|mitanvattŏ|mɪt̪ən̪ʋət̪t̪o,,"{""""script"""":""""sourashtra"""",""""category"""":""""noun"""",""""type"""":""""abstract""""}"
-,ꢂ,ꢂꢩꢶꢪꢵꢥ꣄,sourashtra,,,'ꢂꢩꢪꢥ':1 'abhimaan':2 'abhiman':3 'abhimān':4 'regard':5 'love':6 'அப':7 'னம':8,abstract|concept|idea,अभिमान|அபி4மான்|abhimaan|abhimAn|abhimān|əbʰɪmɑːn̪,,"{""""script"""":""""sourashtra"""",""""category"""":""""noun"""",""""type"""":""""abstract""""}"
^,,"Regard,love",english,,english,,abstract|concept|idea,,noun,
^,,அபிமானம்,tamil,,tamil,'அபமனம':1 'regard':2 'love':3 'அப':4 'னம':5,abstract|concept|idea,அபி4மான்,noun,
-,ꢒ,ꢒꢺꢬꢸꢦꣁ,sourashtra,,,'ꢒꢬꢦ':1 'krirupo':2 'krrupo':3 'kṛrupŏ':4 'grace':5 'அர':6,abstract|concept|idea,कृपा॑|க்ருபொ|kri'rupo'|kRrupO|kṛrupŏ|kɾɨɾupo,,"{""""script"""":""""sourashtra"""",""""category"""":""""noun"""",""""type"""":""""abstract""""}"
^,,grace,english,,english,,abstract|concept|idea,,noun,
^,,அருள்,tamil,,tamil,'அரள':1 'grace':2 'அர':3,abstract|concept|idea,க்ருபொ,noun,
-,ꢩ,ꢩꢮꢵꢜ꣄,sourashtra,,,'ꢩꢮꢜ':1 'bhavaat':2 'bhavat':3 'bhavāṭ':4 'screaming':5 'scream':6 'அலறல':7,abstract|concept|idea,भवाट्|ப4வாட்|bhavaat'|bhavAT|bhavāṭ|bʰəʋɑːʈ,,"{""""script"""":""""sourashtra"""",""""category"""":""""noun"""",""""type"""":""""abstract""""}"
^,,screaming,english,,english,,abstract|concept|idea,,noun,
^,,அலறல்,tamil,,tamil,'அலறல':1 'screaming':2 'scream':3,abstract|concept|idea,ப4வாட்,noun,
-,ꢲ,ꢲꢶꢠ꣄ꢞꢱ꣄ꢡꢿ,sourashtra,,,'ꢲꢠꢞꢱꢡ':1 'hindaste':2 'hiṇḍaste':3 'wandering':4 'wander':5 'அல':6 'சல':7,abstract|concept|idea,हिण्डस्ते|ஹிண்ட3ஸ்தே|hind'aste|hiNDaste|hiṇḍaste|ɦɪɳɖəs̪t̪eː,,"{""""script"""":""""sourashtra"""",""""category"""":""""noun"""",""""type"""":""""abstract""""}"
^,,wandering,english,,english,,abstract|concept|idea,,noun,
^,,அலைச்சல்,tamil,,tamil,'அலசசல':1 'wandering':2 'wander':3 'அல':4 'சல':5,abstract|concept|idea,ஹிண்ட3ஸ்தே,noun,
-,ꢂ,ꢂꢮꢶꢱ꣄ꢮꢵꢱ꣄,sourashtra,,,'ꢂꢮꢱꢮꢱ':1 'avisvaas':2 'avisvas':3 'avisvās':4 'disbelief':5 'அவநம':6,abstract|concept|idea,अविस्वास्|அவிஸ்வாஸ்|avisvaas|avisvAs|avisvās|əʋɪs̪ʋɑːs̪,,"{""""script"""":""""sourashtra"""",""""category"""":""""noun"""",""""type"""":""""abstract""""}"
^,,disbelief,english,,english,,abstract|concept|idea,,noun,
^,,அவநம்பிக்கை,tamil,,tamil,'அவநமபகக':1 'disbelief':2 'அவநம':3,abstract|concept|idea,அவிஸ்வாஸ்,noun,
-,ꢒ,ꢒꢳꢖ꣄ꢔꢸ,sourashtra,,,'ꢒꢳꢖꢔ':1 'kalangu':2 'kalaggu':3 'kalaṅgu':4 'disgrace':5 'அவம':6 'னம':7,abstract|concept|idea,कळङ्गु|களங்கு3|kal'angu|kaLaGgu|kal̤aṅgu|kəɭəŋgu,,"{""""script"""":""""sourashtra"""",""""category"""":""""noun"""",""""type"""":""""abstract""""}"
^,,disgrace,english,,english,,abstract|concept|idea,,noun,
^,,அவமானம்,tamil,,tamil,'அவமனம':1 'disgrace':2 'அவம':3 'னம':4,abstract|concept|idea,களங்கு3,noun,
-,ꢱ,ꢱꢸꢥ꣄ꢣꢬꣁ,sourashtra,,,'ꢱꢥꢣꢬ':1 'sundaro':2 'sundarŏ':3 'handsome':4 'man':5 'அழகன':6,abstract|concept|idea,सुन्दरा॑|ஸுந்த3ரொ|sundaro'|sundarO|sundarŏ|s̪un̪d̪əɾo,,"{""""script"""":""""sourashtra"""",""""category"""":""""noun"""",""""type"""":""""abstract""""}"
^,,handsome man,english,,english,,abstract|concept|idea,,noun,
^,,அழகன்,tamil,,tamil,'அழகன':1,abstract|concept|idea,ஸுந்த3ரொ,noun,
-,ꢱ,ꢱꢸꢥ꣄ꢣꢬꢶ,sourashtra,,,'ꢱꢥꢣꢬ':1 'sundari':2 'beautiful':3 'woman':4 'அழக':5,abstract|concept|idea,सुन्दरि|ஸுந்த3ரி|sundari|sundari|sundari|s̪un̪d̪əɾɪ,,"{""""script"""":""""sourashtra"""",""""category"""":""""noun"""",""""type"""":""""abstract""""}"
^,,beautiful woman,english,,english,,abstract|concept|idea,,noun,
^,,அழகி,tamil,,tamil,'அழக':1 'beautiful':2 'woman':3,abstract|concept|idea,ஸுந்த3ரி,noun,
-,ꢱ,ꢱꢸꢖ꣄ꢔꢵꢬ꣄,sourashtra,,,'ꢱꢖꢔꢬ':1 'sungaar':2 'suggar':3 'suṅgār':4 'beauty':5 'அழக':6,abstract|concept|idea,सिङ्गार्|ஸிங்கா3ர்|sungaar|suGgAr|suṅgār|s̪uŋgɑːɾ,,"{""""script"""":""""sourashtra"""",""""category"""":""""noun"""",""""type"""":""""abstract""""}"
^,,beauty,english,,english,,abstract|concept|idea,,noun,
^,,அழகு,tamil,,tamil,'அழக':1 'beauty':2,abstract|concept|idea,ஸிங்கா3ர்,noun,
-,ꢥ,ꢥꢵꢱ꣄,sourashtra,,,'ꢥꢱ':1 'naas':2 'nas':3 'nās':4 'destruction':5 'evil':6 'அழ':7,abstract|concept|idea,नास्|நாஸ்|naas|nAs|nās|n̪ɑːs̪,,"{""""script"""":""""sourashtra"""",""""category"""":""""noun"""",""""type"""":""""abstract""""}"
^,,destruction,english,,english,,abstract|concept|idea,,noun,
^,,evil,english,,english,,abstract|concept|idea,,noun,
^,,அழிவு,tamil,,tamil,'அழவ':1 'அழ':2,abstract|concept|idea,நாஸ்,noun,
^,,தீமை,tamil,,tamil,'தம':1,abstract|concept|idea,நாஸ்,noun,
-,ꢥ,ꢥꢱꢵꢡ꣄,sourashtra,,,'ꢥꢱꢡ':1 'nasaat':2 'nasat':3 'nasāt':4 'destruction':5 'அழ':6,abstract|concept|idea,नसात|நஸாத்|nasaat|nasAt|nasāt|n̪əs̪ɑːt̪,,"{""""script"""":""""sourashtra"""",""""category"""":""""noun"""",""""type"""":""""abstract""""}"
-,ꢨ,ꢨꣁꢮ꣄ꢥꢶ ꢦꢡ꣄ꢬꢶꢒꣁ,sourashtra,,,'ꢨꢮꢥꢦꢡꢬꢒ':1 'bovnipatriko':2 'bŏvnipatrikŏ':3 'invitation':4 'அழ':5 'தழ':6,abstract|concept|idea,ब॑व्निपत्रिका॑|பொ3வ்னி பத்ரிகொ|bo'vni patriko'|bOvni patrikO|bŏvni patrikŏ|boʋn̪ɪ pət̪ɾɪko,,"{""""script"""":""""sourashtra"""",""""category"""":""""noun"""",""""type"""":""""abstract""""}"
^,,invitation,english,,english,,abstract|concept|idea,,noun,
^,,அழைப்பிதழ்,tamil,,tamil,'அழபபதழ':1 'invitation':2 'அழ':3 'தழ':4,abstract|concept|idea,பொ3வ்னி பத்ரிகொ,noun,
-,ꢃ,ꢃꢗ꣄ꢗꢬ꣄ꢫꢸ,sourashtra,,,'ꢃꢗꢗꢬꢫ':1 'aachcharyu':2 'accaryu':3 'āccaryu':4 'surprise':5 'wonder':6 'அற':7 'தம':8 'ஆச':9 'சர':10 'யம':11,abstract|concept|idea,आच्चरयु|ஆச்சர்யு|aachcharyu|Accaryu|āccaryu|ɑːt͡ʃt͡ʃəɾju,,"{""""script"""":""""sourashtra"""",""""category"""":""""noun"""",""""type"""":""""abstract""""}"
^,,wonder,english,,english,,abstract|concept|idea,,noun,
^,,அற்புதம்,tamil,,tamil,'அறபதம':1 'அற':2 'தம':3,abstract|concept|idea,ஆச்சர்யு,noun,
^,,ஆச்சரியம்,tamil,,tamil,'ஆசசரயம':1 'ஆச':2 'சர':3 'யம':4,abstract|concept|idea,ஆச்சர்யு,noun,
-,ꢮ,ꢮꢶꢣ꣄ꢮꢵꢥ꣄,sourashtra,,,'ꢮꢣꢮꢥ':1 'vidvaan':2 'vidvan':3 'vidvān':4 'scholar':5 'அற':6 'ஞர':7,abstract|concept|idea,विद्वान|வித்3வான்|vidvaan|vidvAn|vidvān|ʋɪd̪ʋɑːn̪,,"{""""script"""":""""sourashtra"""",""""category"""":""""noun"""",""""type"""":""""abstract""""}"
^,,scholar,english,,english,,abstract|concept|idea,,noun,
^,,அறிஞர்,tamil,,tamil,'அறஞர':1 'scholar':2 'அற':3 'ஞர':4,abstract|concept|idea,வித்3வான்,noun,
-,ꢦ,ꢦꢠ꣄ꢞꢶꢡ꣄,sourashtra,,,'ꢦꢠꢞꢡ':1 'pandit':2 'paṇḍit':3 'scholar':4 'அற':5 'ஞர':6,abstract|concept|idea,पण्डित|பண்டி3த்|pand'it|paNDit|paṇḍit|pəɳɖɪt̪,,"{""""script"""":""""sourashtra"""",""""category"""":""""noun"""",""""type"""":""""abstract""""}"
-,ꢦ,ꢦꢬꢶꢗꢫ꣄,sourashtra,,,'ꢦꢬꢗꢫ':1 'parichay':2 'paricay':3 'introduction':4 'அற':5 'கம':6,abstract|concept|idea,पर्चय|பரிசய்|parichay|paricay|paricay|pəɾɪt͡ʃəj,,"{""""script"""":""""sourashtra"""",""""category"""":""""noun"""",""""type"""":""""abstract""""}"
^,,introduction,english,,english,,abstract|concept|idea,,noun,
^,,அறிமுகம்,tamil,,tamil,'அறமகம':1 'introduction':2 'அற':3 'கம':4,abstract|concept|idea,பரிசய்,noun,
-,ꢂ,ꢂꢒ꣄ꢛꢵꢥ꣄,sourashtra,,,'ꢂꢒꢛꢥ':1 'aknjaan':2 'akjan':3 'akñān':4 'ignorance':5 'அற':6,abstract|concept|idea,अकञान्|அக்ஞான்|aknjaan|akJAn|akñān|əkɲɑːn̪,,"{""""script"""":""""sourashtra"""",""""category"""":""""noun"""",""""type"""":""""abstract""""}"
^,,ignorance,english,,english,,abstract|concept|idea,,noun,
^,,அறியாமை,tamil,,tamil,'அறயம':1 'ignorance':2 'அற':3,abstract|concept|idea,அக்ஞான்,noun,
-,ꢛ,ꢛꢵꢥꢶ,sourashtra,,,'ꢛꢥ':1 'nyaani':2 'jani':3 'ñāni':4 'wise':5 'person':6 'அற':7,abstract|concept|idea|person,ञानि|ஞானி|nyaani|JAni|ñāni|ɲɑːn̪ɪ,,"{""""script"""":""""sourashtra"""",""""category"""":""""noun"""",""""type"""":""""concrete""""}"
^,,wise person,english,,english,,abstract|concept|idea|person,,noun,
^,,அறிவாளி,tamil,,tamil,'அறவள':1 'wise':2 'person':3 'அற':4,abstract|concept|idea|person,ஞானி,noun,
-,ꢂ,ꢂꢙ꣄ꢛꢵꢥꢶ,sourashtra,,,'ꢂꢙꢛꢥ':1 'ajnyaani':2 'ajjani':3 'ajñāni':4 'ignorant':5 'அற':6,abstract|concept|idea,अजञानि|அஜ்ஞானி|ajnyaani|ajJAni|ajñāni|əd͡ʒɲɑːn̪ɪ,,"{""""script"""":""""sourashtra"""",""""category"""":""""noun"""",""""type"""":""""abstract""""}"
^,,ignorant,english,,english,,abstract|concept|idea,,noun,
^,,அறிவிலி,tamil,,tamil,'அறவல':1 'ignorant':2 'அற':3,abstract|concept|idea,அஜ்ஞானி,noun,
-,ꢂ,ꢂꢙ꣄꣄ꢛꢵꢥ꣄,sourashtra,,,'ꢂꢙꢛꢥ':1 'ajnyaan':2 'ajjan':3 'ajñān':4 'ignorance':5 'அற':6,abstract|concept|idea,अजञान्|அஜ்ஞான்|ajnyaan|ajJAn|ajñān|əd͡ʒɲɑːn̪,,"{""""script"""":""""sourashtra"""",""""category"""":""""noun"""",""""type"""":""""abstract""""}"
^,,அறிவின்மை,tamil,,tamil,'அறவனம':1 'ignorance':2 'அற':3,abstract|concept|idea,அஜ்ஞான்,noun,
-,ꢛ,ꢛꢵꢥ꣄,sourashtra,,,'ꢛꢥ':1 'nyaan':2 'jan':3 'ñān':4 'knowledge':5 'அற':6,abstract|concept|idea,ञान्|ஞான்|nyaan|JAn|ñān|ɲɑːn̪,,"{""""script"""":""""sourashtra"""",""""category"""":""""noun"""",""""type"""":""""abstract""""}"
^,,knowledge,english,,english,,abstract|concept|idea,,noun,
^,,அறிவு,tamil,,tamil,'அறவ':1 'knowledge':2 'அற':3,abstract|concept|idea,ஞான்,noun,
-,ꢦ,ꢦꢶꢬꢿꢮ,sourashtra,,,'ꢦꢬꢮ':1 'pireva':2 'affection':3 'அன':4,abstract|concept|idea,पिरेव|பிரேவ்|pireva|pireva|pireva|pɪɾeːʋə,,"{""""script"""":""""sourashtra"""",""""category"""":""""noun"""",""""type"""":""""abstract""""}"
^,,affection,english,,english,,abstract|concept|idea,,noun,
^,,அன்பு,tamil,,tamil,'அனப':1 'affection':2 'அன':3,abstract|concept|idea,பிரேவ்,noun,
-,ꢂ,ꢂꢥꢸꢪꢡꢶ,sourashtra,,,'ꢂꢥꢪꢡ':1 'anumati':2 'permission':3 'அன':4 'மத':5,abstract|concept|idea,अनुमति|அனுமதி|anumati|anumati|anumati|ən̪umət̪ɪ,,"{""""script"""":""""sourashtra"""",""""category"""":""""noun"""",""""type"""":""""abstract""""}"
^,,permission,english,,english,,abstract|concept|idea,,noun,
^,,அனுமதி,tamil,,tamil,'அனமத':1 'permission':2 'அன':3 'மத':4,abstract|concept|idea,அனுமதி,noun,
-,ꢲ,ꢲꢜ꣄ꢮꢥ꣄,sourashtra,,,'ꢲꢜꢮꢥ':1 'hatvan':2 'haṭvan':3 'memory':4 'opinion':5 'thought':6 'think':7 'அன':8 'னம':9 'எண':10 'ணம':11 'பகம':12,abstract|concept|idea,हट्वन्|ஹட்வன்|hat'van|haTvan|haṭvan|ɦəʈʋən̪,,"{""""script"""":""""sourashtra"""",""""category"""":""""noun"""",""""type"""":""""abstract""""}"
^,,memory,english,,english,,abstract|concept|idea,,noun,
^,,opinion,english,,english,,abstract|concept|idea,,noun,
^,,thought,english,,english,,abstract|concept|idea,,noun,
^,,அனுமானம்,tamil,,tamil,'அனமனம':1 'அன':2 'னம':3,abstract|concept|idea,ஹட்வன்,noun,
^,,எண்ணம்,tamil,,tamil,'எணணம':1 'எண':2 'ணம':3,abstract|concept|idea,ஹட்வன்,noun,
^,,ஞாபகம்,tamil,,tamil,'ஞபகம':1 'பகம':2,abstract|concept|idea,ஹட்வன்,noun,
-,ꢃ,ꢃꢱꢶꢬ꣄ꢮꢵꢣ꣄,sourashtra,,,'ꢃꢱꢬꢮꢣ':1 'aasirvaad':2 'asirvad':3 'āsirvād':4 'blessing':5 'bless':6 'ஆச':7 'தம':8,abstract|concept|idea,आस्र्वाद|ஆஸிர்வாத்3|aasirvaad|AsirvAd|āsirvād|ɑːs̪ɪɾʋɑːd̪,,"{""""script"""":""""sourashtra"""",""""category"""":""""noun"""",""""type"""":""""abstract""""}"
^,,blessing,english,,english,,abstract|concept|idea,,noun,
^,,ஆசீர்வாதம்,tamil,,tamil,'ஆசரவதம':1 'blessing':2 'bless':3 'ஆச':4 'தம':5,abstract|concept|idea,ஆஸிர்வாத்3,noun,
-,ꢃ,ꢃꢜ꣄ꢰꢿꢦꢠꣁ,sourashtra,,,'ꢃꢜꢰꢦꢠ':1 'aatshepano':2 'atsepano':3 'āṭṣepaṇŏ':4 'protest':5 'ஆட':6 'பன':7,abstract|concept|idea,आट्षेपणा॑|ஆட்ஷேபணொ|aat'shepano'|ATSepaNO|āṭṣepaṇŏ|ɑːʈʂeːpəɳo,,"{""""script"""":""""sourashtra"""",""""category"""":""""noun"""",""""type"""":""""abstract""""}"
^,,protest,english,,english,,abstract|concept|idea,,noun,
^,,ஆட்சேபனை,tamil,,tamil,'ஆடசபன':1 'protest':2 'ஆட':3 'பன':4,abstract|concept|idea,ஆட்ஷேபணொ,noun,
-,ꢃ,ꢃꢤꢬꣁ,sourashtra,,,'ꢃꢤꢬ':1 'aadharo':2 'adharo':3 'ādharŏ':4 'support':5 'ஆதரவ':6,abstract|concept|idea,आधरा॑|ஆத4ரொ|aadharo'|AdharO|ādharŏ|ɑːd̪ʰəɾo,,"{""""script"""":""""sourashtra"""",""""category"""":""""noun"""",""""type"""":""""abstract""""}"
^,,support,english,,english,,abstract|concept|idea,,noun,
^,,ஆதரவு,tamil,,tamil,'ஆதரவ':1 'support':2,abstract|concept|idea,ஆத4ரொ,noun,
-,ꢃ,ꢃꢤꢶꢒ꣄ꢫꣁ,sourashtra,,,'ꢃꢤꢒꢫ':1 'aadhikyo':2 'adhikyo':3 'ādhikyŏ':4 'impact':5 'influence':6 'ஆத':7 'கம':8,abstract|concept|idea,आदिक्या॑|ஆதி4க்யொ|aadhikyo'|AdhikyO|ādhikyŏ|ɑːd̪ʰɪkjo,,"{""""script"""":""""sourashtra"""",""""category"""":""""noun"""",""""type"""":""""abstract""""}"
^,,"impact, influence",english,,english,,abstract|concept|idea,,noun,
^,,ஆதிக்கம்,tamil,,tamil,'ஆதககம':1 'impact':2 'influence':3 'ஆத':4 'கம':5,abstract|concept|idea,ஆதி4க்யொ,noun,
-,ꢒ,ꢒꢸꢡꢹꢲꢭ꣄,sourashtra,,,'ꢒꢡꢲꢭ':1 'kutoohal':2 'kutuhal':3 'kutūhal':4 'curiosity':5 'interest':6 'ஆர':7 'வம':8,abstract|concept|idea,कुतूहल|குதூஹல்|kutoohal|kutUhal|kutūhal|kut̪uːɦəl,,"{""""script"""":""""sourashtra"""",""""category"""":""""noun"""",""""type"""":""""abstract""""}"
^,,"curiosity, interest",english,,english,,abstract|concept|idea,,noun,
^,,ஆர்வம்,tamil,,tamil,'ஆரவம':1 'curiosity':2 'interest':3 'ஆர':4 'வம':5,abstract|concept|idea,குதூஹல்,noun,
-,ꢲ,ꢲꢬꢸꢪ꣄ꢨꢪ꣄,sourashtra,,,'ꢲꢬꢪꢨꢪ':1 'harumbam':2 'beginning':3 'begin':4 'ஆரம':5 'பம':6 'டக':7 'கம':8,abstract|concept|idea,हरुम्बम्|ஹரும்ப3ம்|harumbam|harumbam|harumbam|ɦəɾumbəm,,"{""""script"""":""""sourashtra"""",""""category"""":""""noun"""",""""type"""":""""abstract""""}"
^,,beginning,english,,english,,abstract|concept|idea,,noun,
^,,ஆரம்பம்,tamil,,tamil,'ஆரமபம':1 'ஆரம':2 'பம':3,abstract|concept|idea,ஹரும்ப3ம்,noun,
^,,தொடக்கம்,tamil,,tamil,'தடககம':1 'டக':2 'கம':3,abstract|concept|idea,ஹரும்ப3ம்,noun,
-,ꢃ,ꢃꢬꣂꢔ꣄ꢫꢸ,sourashtra,,,'ꢃꢬꢔꢫ':1 'aarogyu':2 'arogyu':3 'ārogyu':4 'health':5 'ஆர':6 'யம':7,abstract|concept|idea,आरोग्यु|ஆரோக்3யு|aarogyu|Arogyu|ārogyu|ɑːɾoːgju,,"{""""script"""":""""sourashtra"""",""""category"""":""""noun"""",""""type"""":""""abstract""""}"
^,,health,english,,english,,abstract|concept|idea,,noun,
^,,ஆரோக்கியம்,tamil,,tamil,'ஆரககயம':1 'health':2 'ஆர':3 'யம':4,abstract|concept|idea,ஆரோக்3யு,noun,
-,ꢱ,ꢱꢪꢬ꣄ꢡꢸ,sourashtra,,,'ꢱꢪꢬꢡ':1 'samartu':2 'briskness':3 'smartness':4 'strength':5 'skill':6 'ability':7 'ஆற':8 'றல':9 'சமர':10,abstract|concept|idea,समर्तु|ஸமர்து|samartu|samartu|samartu|s̪əməɾt̪u,,"{""""script"""":""""sourashtra"""",""""category"""":""""noun"""",""""type"""":""""abstract""""}"
^,,Briskness/ smartness,english,,english,,abstract|concept|idea,,noun,
^,,"strength, skill, ability",english,,english,,abstract|concept|idea,,noun,
^,,ஆற்றல்,tamil,,tamil,'ஆறறல':1 'ஆற':2 'றல':3,abstract|concept|idea,ஸமர்து,noun,
^,,சுறுசுறுப்பு / சமர்து,tamil,,tamil,'சறசறபபசமரத':1 'சமர':2,abstract|concept|idea,ஸமர்து,noun,
-,ꢨ,ꢨꣁꢭꢶꢪ꣄,sourashtra,,,'ꢨꢭꢪ':1 'bolim':2 'bŏlim':3 'strength':4 'skill':5 'ability':6 'ஆற':7 'றல':8 'சக':9 'பலம':10 'வல':11,abstract|concept|idea,बा॑लिम|பொ3லிம்|bo'lim|bOlim|bŏlim|bolɪm,,"{""""script"""":""""sourashtra"""",""""category"""":""""noun"""",""""type"""":""""abstract""""}"
^,,strength,english,,english,,abstract|concept|idea,,noun,
^,,சக்தி,tamil,,tamil,'சகத':1 'சக':2,abstract|concept|idea,பொ3லிம்,noun,
^,,பலம்,tamil,,tamil,'பலம':1,abstract|concept|idea,பொ3லிம்,noun,
^,,வலிமை / வலு,tamil,,tamil,'வலமவல':1 'வல':2,abstract|concept|idea,பொ3லிம்,noun,
-,ꢃ,ꢃꢥ꣄ꢥꢥ꣄ꢣꢸ,sourashtra,,,'ꢃꢥꢥꢥꢣ':1 'aannandu':2 'annandu':3 'ānnandu':4 'merriment':5 'enjoyment':6 'ஆனந':7 'தம':8,abstract|concept|idea,आनन्दु|ஆனந்து3|aannandu|Annandu|ānnandu|ɑːn̪n̪ən̪d̪u,,"{""""script"""":""""sourashtra"""",""""category"""":""""noun"""",""""type"""":""""abstract""""}"
^,,"merriment, enjoyment",english,,english,,abstract|concept|idea,,noun,
^,,ஆனந்தம்,tamil,,tamil,'ஆனநதம':1 'merriment':2 'enjoyment':3 'ஆனந':4 'தம':5,abstract|concept|idea,ஆனந்து3,noun,
-,ꢓ,ꢓꢿꢳꢸꢮꢡ꣄ꢡꣁ,sourashtra,,,'ꢓꢳꢮꢡꢡ':1 'kheluvatto':2 'kheluvattŏ':3 'mockery':4 'இகழ':5,abstract|concept|idea,खेळुवत्ता॑|கே2ளுவத்தொ|khel'uvatto'|kheLuvattO|khel̤uvattŏ|kʰeːɭuʋət̪t̪o,,"{""""script"""":""""sourashtra"""",""""category"""":""""noun"""",""""type"""":""""abstract""""}"
^,,mockery,english,,english,,abstract|concept|idea,,noun,
^,,இகழ்ச்சி,tamil,,tamil,'இகழசச':1 'mockery':2 'இகழ':3,abstract|concept|idea,கே2ளுவத்தொ,noun,
-,ꢄ,ꢄꢗ꣄ꢘꣁ,sourashtra,,,'ꢄꢗꢘ':1 'ichchho':2 'iccho':3 'icchŏ':4 'desire':5 'இச':6,abstract|concept|idea,इच्छा॑|இச்சொ2|ichchho'|icchO|icchŏ|ɪt͡ʃt͡ʃʰo,,"{""""script"""":""""sourashtra"""",""""category"""":""""noun"""",""""type"""":""""abstract""""}"
^,,desire,english,,english,,abstract|concept|idea,,noun,
^,,இச்சை,tamil,,tamil,'இசச':1 'desire':2 'இச':3,abstract|concept|idea,இச்சொ2,noun,
-,ꢏ,ꢏꢦ꣄ꢦꢱ꣄ꢡꢿ,sourashtra,,,'ꢏꢦꢦꢱꢡ':1 'oppaste':2 'ŏppaste':3 'acceptance':4 'இணக':5 'கம':6,abstract|concept|idea,आ॑प्पस्ते|ஒப்பஸ்தே|o'ppaste|Oppaste|ŏppaste|oppəs̪t̪eː,,"{""""script"""":""""sourashtra"""",""""category"""":""""noun"""",""""type"""":""""abstract""""}"
^,,acceptance,english,,english,,abstract|concept|idea,,noun,
^,,இணக்கம்,tamil,,tamil,'இணககம':1 'acceptance':2 'இணக':3 'கம':4,abstract|concept|idea,ஒப்பஸ்தே,noun,
-,ꢒ,ꢒꢬꢸꢠꣁ,sourashtra,,,'ꢒꢬꢠ':1 'karuno':2 'karuṇŏ':3 'pity':4 'kindness':5 'இரக':6 'கம':7,abstract|concept|idea,करुणा॑|கருணொ|karuno'|karuNO|karuṇŏ|kəɾuɳo,,"{""""script"""":""""sourashtra"""",""""category"""":""""noun"""",""""type"""":""""abstract""""}"
^,,"pity, kindness",english,,english,,abstract|concept|idea,,noun,
^,,இரக்கம்,tamil,,tamil,'இரககம':1 'pity':2 'kindness':3 'இரக':4 'கம':5,abstract|concept|idea,கருணொ,noun,
-,ꢬ,ꢬꢸꢗ꣄ꢗꢶ,sourashtra,,,'ꢬꢗꢗ':1 'ruchchi':2 'rucci':3 'taste':4 'இரசன':5,abstract|concept|idea,रुच्चि|ருச்சி|ruchchi|rucci|rucci|ɾut͡ʃt͡ʃɪ,,"{""""script"""":""""sourashtra"""",""""category"""":""""noun"""",""""type"""":""""abstract""""}"
^,,taste,english,,english,,abstract|concept|idea,,noun,
^,,இரசனை,tamil,,tamil,'இரசன':1,abstract|concept|idea,ருச்சி,noun,
^,,சுவை,tamil,,tamil,'சவ':1,abstract|concept|idea,ருச்சி,noun,
^,,ருசி,tamil,,tamil,'ரச':1,abstract|concept|idea,ருச்சி,noun,
-,ꢬ,ꢬꢾꢗ꣄ꢗꣁ,sourashtra,,,'ꢬꢗꢗ':1 'rechcho':2 'recco':3 'rĕccŏ':4 'noise':5 'இர':6 'சல':7,abstract|concept|idea,र॑च्चा॑|ரெச்சொ|re'chcho'|rEccO|rĕccŏ|ɾet͡ʃt͡ʃo,,"{""""script"""":""""sourashtra"""",""""category"""":""""noun"""",""""type"""":""""abstract""""}"
^,,noise,english,,english,,abstract|concept|idea,,noun,
^,,இரைச்சல்,tamil,,tamil,'இரசசல':1 'noise':2 'இர':3 'சல':4,abstract|concept|idea,ரெச்சொ,noun,
-,ꢭ,ꢭꢒ꣄ꢰ꣄ꢫꢮꢵꢣꢶ,sourashtra,,,'ꢭꢒꢰꢫꢮꢣ':1 'lakshyavaadi':2 'laksyavadi':3 'lakṣyavādi':4 'man':5 'principle':6 'இலட':7 'யவ':8,abstract|concept|idea,लक्ष्यवादि|லக்ஷ்யவாதி3|lakshyavaadi|lakSyavAdi|lakṣyavādi|ləkʂjəʋɑːd̪ɪ,,"{""""script"""":""""sourashtra"""",""""category"""":""""noun"""",""""type"""":""""abstract""""}"
^,,man of principle,english,,english,,abstract|concept|idea,,noun,
^,,இலட்சியவாதி,tamil,,tamil,'இலடசயவத':1 'man':2 'principle':3 'இலட':4 'யவ':5,abstract|concept|idea,லக்ஷ்யவாதி3,noun,
-,ꢥ,ꢥꢾꢰ꣄ꢜꢶ,sourashtra,,,'ꢥꢰꢜ':1 'neshti':2 'nesti':3 'nĕṣṭi':4 'loss':5 'இழப':6,abstract|concept|idea,न॑ष्टि|நெஷ்டி|ne'sht'i|nESTi|nĕṣṭi|n̪eʂʈɪ,,"{""""script"""":""""sourashtra"""",""""category"""":""""noun"""",""""type"""":""""abstract""""}"
^,,loss,english,,english,,abstract|concept|idea,,noun,
^,,இழப்பு,tamil,,tamil,'இழபப':1 'loss':2 'இழப':3,abstract|concept|idea,நெஷ்டி,noun,
-,ꢲ,ꢲꢾꢜ꣄ꢜꢾ ꢲꢱꣁ,sourashtra,,,'ꢲꢜꢜꢲꢱ':1 'hettehaso':2 'hĕṭṭĕhasŏ':3 'laughter':4 'இள':5,abstract|concept|idea,ह॑ट्ट॑हसा॑|ஹெட்3டெ3ஹஸொ|he't't'e' haso'|hETTE hasO|hĕṭṭĕ hasŏ|ɦeʈʈe ɦəs̪o,,"{""""script"""":""""sourashtra"""",""""category"""":""""noun"""",""""type"""":""""abstract""""}"
^,,laughter,english,,english,,abstract|concept|idea,,noun,
^,,இளிப்பு,tamil,,tamil,'இளபப':1 'laughter':2 'இள':3,abstract|concept|idea,ஹெட்3டெ3ஹஸொ,noun,
-,ꢔ,ꢔꢾꢬꢸꢮ꣄,sourashtra,,,'ꢔꢬꢮ':1 'geruv':2 'gĕruv':3 'arrogance':4 'proudness':5 'இற':6,abstract|concept|idea,ग॑रुव|கெ3ருவ்|ge'ruv|gEruv|gĕruv|geɾuʋ,,"{""""script"""":""""sourashtra"""",""""category"""":""""noun"""",""""type"""":""""abstract""""}"
^,,arrogance,english,,english,,abstract|concept|idea,,noun,
^,,இறுமாப்பு,tamil,,tamil,'இறமபப':1 'இற':2,abstract|concept|idea,கெ3ருவ்,noun,
^,,செருக்கு,tamil,,tamil,'சரகக':1,abstract|concept|idea,கெ3ருவ்,noun,
-,ꢱ,ꢱꣁꢪ꣄ꢦꢸ,sourashtra,,,'ꢱꢪꢦ':1 'sompu':2 'sŏmpu':3 'pleasure':4 'இன':5 'பம':6,abstract|concept|idea,सा॑म्पु|ஸொம்பு|so'mpu|sOmpu|sŏmpu|s̪ompu,,"{""""script"""":""""sourashtra"""",""""category"""":""""noun"""",""""type"""":""""abstract""""}"
^,,pleasure,english,,english,,abstract|concept|idea,,noun,
^,,இன்பம்,tamil,,tamil,'இனபம':1 'pleasure':2 'இன':3 'பம':4,abstract|concept|idea,ஸொம்பு,noun,
-,ꢔ,ꢔꢸꢭ꣄ꢭꢾ,sourashtra,,,'ꢔꢭꢭ':1 'gulle':2 'gullĕ':3 'sweetness':4 'இன':5,abstract|concept|idea,गुळ्ळ॑|கு3ள்ளெ|gulle'|gullE|gullĕ|gulle,,"{""""script"""":""""sourashtra"""",""""category"""":""""noun"""",""""type"""":""""abstract""""}"
^,,sweetness,english,,english,,abstract|concept|idea,,noun,
^,,இனிப்பு,tamil,,tamil,'இனபப':1 'sweetness':2 'இன':3,abstract|concept|idea,கு3ள்ளெ,noun,
-,ꢏ,ꢏꢦ꣄ꢦꢫꢾꢫꣁ,sourashtra,,,'ꢏꢦꢦꢫꢫ':1 'oppayeyo':2 'ŏppayĕyŏ':3 'desire':4 'liking':5 'like':6 'இஷ':7 'டம':8,abstract|concept|idea,आ॑प्पय॑या॑|ஒப்பயெயொ|o'ppaye'yo'|OppayEyO|ŏppayĕyŏ|oppəjejo,,"{""""script"""":""""sourashtra"""",""""category"""":""""noun"""",""""type"""":""""abstract""""}"
^,,"desire, liking",english,,english,,abstract|concept|idea,,noun,
^,,இஷ்டம்,tamil,,tamil,'இஷடம':1 'desire':2 'liking':3 'like':4 'இஷ':5 'டம':6,abstract|concept|idea,ஒப்பயெயொ,noun,
-,ꢥ,ꢥꢶꢙ꣄ꢙꢪ꣄,sourashtra,,,'ꢥꢙꢙꢪ':1 'nijjam':2 'truth':3 'உண':4,abstract|concept|idea,निज्जम्|நிஜ்ஜம்|nijjam|nijjam|nijjam|n̪ɪd͡ʒd͡ʒəm,,"{""""script"""":""""sourashtra"""",""""category"""":""""noun"""",""""type"""":""""abstract""""}"
^,,truth,english,,english,,abstract|concept|idea,,noun,
^,,உண்மை,tamil,,tamil,'உணம':1 'truth':2 'உண':3,abstract|concept|idea,நிஜ்ஜம்,noun,
-,ꢱ,ꢱꢾꢡ꣄ꢡꢸ,sourashtra,,,'ꢱꢡꢡ':1 'settu':2 'sĕttu':3 'truth':4 'உண':5,abstract|concept|idea,स॑त्तु|ஸெத்து|se'ttu|sEttu|sĕttu|s̪et̪t̪u,,"{""""script"""":""""sourashtra"""",""""category"""":""""noun"""",""""type"""":""""abstract""""}"
^,,மெய்,tamil,,tamil,'மய':1,abstract|concept|idea,ஸெத்து,noun,
-,ꢭ,ꢭꢔꢶꢥꢶ,sourashtra,,,'ꢭꢔꢥ':1 'lagini':2 'feeling':3 'feel':4 'உணர':5,abstract|concept|idea,लगिनि|லகி3னி|lagini|lagini|lagini|ləgɪn̪ɪ,,"{""""script"""":""""sourashtra"""",""""category"""":""""noun"""",""""type"""":""""abstract""""}"
^,,feeling,english,,english,,abstract|concept|idea,,noun,
^,,உணர்ச்சி/உணர்வு,tamil,,tamil,'உணரசசஉணரவ':1 'feeling':2 'feel':3 'உணர':4,abstract|concept|idea,லகி3னி,noun,
-,ꢆ,ꢆꢦꢒꢵꢬ꣄,sourashtra,,,'ꢆꢦꢒꢬ':1 'upakaar':2 'upakar':3 'upakār':4 'help':5 'உதவ':6 'உபக':7 'ரம':8,abstract|concept|idea,उपकार|உபகார்|upakaar|upakAr|upakār|upəkɑːɾ,,"{""""script"""":""""sourashtra"""",""""category"""":""""noun"""",""""type"""":""""abstract""""}"
^,,help,english,,english,,abstract|concept|idea,,noun,
^,,உதவி/ உபகாரம்,tamil,,tamil,'உதவஉபகரம':1 'help':2 'உதவ':3 'உபக':4 'ரம':5,abstract|concept|idea,உபகார்,noun,
-,ꢆ,ꢆꢦꢒꢵꢬꢶ,sourashtra,,,'ꢆꢦꢒꢬ':1 'upakaari':2 'upakari':3 'upakāri':4 'helper':5 'உபக':6,abstract|concept|idea,उपकारि|உபகாரி|upakaari|upakAri|upakāri|upəkɑːɾɪ,,"{""""script"""":""""sourashtra"""",""""category"""":""""noun"""",""""type"""":""""abstract""""}"
^,,helper,english,,english,,abstract|concept|idea,,noun,
^,,உபகாரி,tamil,,tamil,'உபகர':1 'helper':2 'உபக':3,abstract|concept|idea,உபகாரி,noun,
-,ꢱ,ꢱꢶꢬꢪꣁ,sourashtra,,,'ꢱꢬꢪ':1 'siramo':2 'siramŏ':3 'hardwork':4 'உழ':5,abstract|concept|idea,सिरमा॑|ஸிரமொ|siramo'|siramO|siramŏ|s̪ɪɾəmo,,"{""""script"""":""""sourashtra"""",""""category"""":""""noun"""",""""type"""":""""abstract""""}"
^,,hardwork,english,,english,,abstract|concept|idea,,noun,
^,,உழைப்பு,tamil,,tamil,'உழபப':1 'hardwork':2 'உழ':3,abstract|concept|idea,ஸிரமொ,noun,
-,ꢥ,ꢥꢷꢛ꣄ꢙꢸ,sourashtra,,,'ꢥꢛꢙ':1 'neenju':2 'nijju':3 'nīñju':4 'sleep':5 'உறக':6 'கம':7,abstract|concept|idea,निञ्जि|நீஞ்ஜு|neenju|nIJju|nīñju|n̪iːɲd͡ʒu,,"{""""script"""":""""sourashtra"""",""""category"""":""""noun"""",""""type"""":""""abstract""""}"
^,,sleep,english,,english,,abstract|concept|idea,,noun,
^,,உறக்கம்,tamil,,tamil,'உறககம':1 'உறக':2 'கம':3,abstract|concept|idea,நீஞ்ஜு,noun,
^,,தூக்கம்,tamil,,tamil,'தககம':1 'கம':2,abstract|concept|idea,நீஞ்ஜு,noun,
-,ꢲ,ꢲꣂꢖ꣄ꢔꢸ,sourashtra,,,'ꢲꢖꢔ':1 'hongu':2 'hoggu':3 'hoṅgu':4 'sleep':5 'உறக':6 'கம':7,abstract|concept|idea,होङ्गु|ஹோங்கு3|hongu|hoGgu|hoṅgu|ɦoːŋgu,,"{""""script"""":""""sourashtra"""",""""category"""":""""noun"""",""""type"""":""""abstract""""}"
-,ꢂ,ꢂꢥꢸꢪꢵꢥ꣄,sourashtra,,,'ꢂꢥꢪꢥ':1 'anumaan':2 'anuman':3 'anumān':4 'guessing':5 'guess':6 'ஊகம':7,abstract|concept|idea,अनुमान्|அனுமான்|anumaan|anumAn|anumān|ən̪umɑːn̪,,"{""""script"""":""""sourashtra"""",""""category"""":""""noun"""",""""type"""":""""abstract""""}"
^,,guessing,english,,english,,abstract|concept|idea,,noun,
^,,ஊகம்,tamil,,tamil,'ஊகம':1 'guessing':2 'guess':3,abstract|concept|idea,அனுமான்,noun,
-,ꢬ,ꢬꢹꢱ꣄,sourashtra,,,'ꢬꢱ':1 'roos':2 'rus':3 'rūs':4 'petty':5 'quarrel':6 'between':7 'husband':8 'and':9 'wife':10 'ஊடல':11,abstract|concept|idea,रूस्|ரூஸ்|roos|rUs|rūs|ɾuːs̪,,"{""""script"""":""""sourashtra"""",""""category"""":""""noun"""",""""type"""":""""abstract""""}"
^,,petty quarrel between husband and wife,english,,english,,abstract|concept|idea,,noun,
^,,ஊடல்,tamil,,tamil,'ஊடல':1 'petty':2 'quarrel':3 'between':4 'husband':5 'and':6 'wife':7,abstract|concept|idea,ரூஸ்,noun,
-,ꢇ,ꢇꢣꢵꢬꢶ,sourashtra,,,'ꢇꢣꢬ':1 'oodaari':2 'udari':3 'ūdāri':4 'prodigal':5 'spendthrift':6 'ஊத':7 'லவ':8,abstract|concept|idea,ऊदारि|ஊதா3ரி|oodaari|UdAri|ūdāri|uːd̪ɑːɾɪ,,"{""""script"""":""""sourashtra"""",""""category"""":""""noun"""",""""type"""":""""abstract""""}"
^,,prodigal,english,,english,,abstract|concept|idea,,noun,
^,,spendthrift,english,,english,,abstract|concept|idea,,noun,
^,,ஊதாரி,tamil,,tamil,'ஊதர':1 'ஊத':2,abstract|concept|idea,ஊதா3ரி,noun,
^,,செலவாளி,tamil,,tamil,'சலவள':1 'லவ':2,abstract|concept|idea,ஊதா3ரி,noun,
-,ꢧ,ꢧꣁꢮ꣄ꢥꢦꢥ꣄,sourashtra,,,'ꢧꢮꢥꢦꢥ':1 'phovnapan':2 'phŏvnapan':3 'hospitality':4 'உபசர':5,abstract|concept|idea,पा॑व्नपन|பொ2வ்னபன்|pho'vnapan|phOvnapan|phŏvnapan|pʰoʋn̪əpən̪,,"{""""script"""":""""sourashtra"""",""""category"""":""""noun"""",""""type"""":""""abstract""""}"
^,,hospitality,english,,english,,abstract|concept|idea,,noun,
^,,உபசரிப்பு,tamil,,tamil,'உபசரபப':1 'hospitality':2 'உபசர':3,abstract|concept|idea,பொ2வ்னபன்,noun,
-,ꢔ,ꢔꢪ꣄ꢗꢶꢥꢶ,sourashtra,,,'ꢔꢪꢗꢥ':1 'gamchini':2 'gamcini':3 'attention':4 'care':5 'hospitality':6 'உபசர':7 'கவனம':8 'கவன':9,abstract|concept|idea,गम्चिनि|க3ம்சினி|gamchini|gamcini|gamcini|gəmt͡ʃɪn̪ɪ,,"{""""script"""":""""sourashtra"""",""""category"""":""""noun"""",""""type"""":""""abstract""""}"
^,,"attention, care",english,,english,,abstract|concept|idea,,noun,
^,,கவனம்  / கவனிப்பு,tamil,,tamil,'கவனமகவனபப':1 'கவனம':2 'கவன':3,abstract|concept|idea,க3ம்சினி,noun,
-,ꢒ,ꢒꢾꢰ꣄ꢜꢪ꣄,sourashtra,,,'ꢒꢰꢜꢪ':1 'keshtam':2 'kestam':3 'kĕṣṭam':4 'trouble':5 'உபத':6 'ரவம':7,abstract|concept|idea,क॑ष्टम|கெஷ்டம்|ke'sht'am|kESTam|kĕṣṭam|keʂʈəm,,"{""""script"""":""""sourashtra"""",""""category"""":""""noun"""",""""type"""":""""abstract""""}"
^,,trouble,english,,english,,abstract|concept|idea,,noun,
^,,உபத்திரவம்,tamil,,tamil,'உபததரவம':1 'trouble':2 'உபத':3 'ரவம':4,abstract|concept|idea,கெஷ்டம்,noun,
-,ꢆ,ꢆꢣ꣄ꢣꢪ꣄,sourashtra,,,'ꢆꢣꢣꢪ':1 'uddam':2 'trouble':3 'உபத':4 'ரவம':5,abstract|concept|idea,उद्दम|உத்3த3ம்|uddam|uddam|uddam|ud̪d̪əm,,"{""""script"""":""""sourashtra"""",""""category"""":""""noun"""",""""type"""":""""abstract""""}"
-,ꢓ,ꢓꢾꢬꢸꢜ꣄,sourashtra,,,'ꢓꢬꢜ':1 'kherut':2 'khĕruṭ':3 'saltish':4 'taste':5 'உவர':6,abstract|concept|idea,ख॑रुट्|கெ2ருட்|khe'rut'|khEruT|khĕruṭ|kʰeɾuʈ,,"{""""script"""":""""sourashtra"""",""""category"""":""""noun"""",""""type"""":""""abstract""""}"
^,,saltish taste,english,,english,,abstract|concept|idea,,noun,
^,,உவர்ப்பு,tamil,,tamil,'உவரபப':1 'saltish':2 'taste':3 'உவர':4,abstract|concept|idea,கெ2ருட்,noun,
-,ꢱ,ꢱꢶꢬꢣ꣄ꢤꢵ ꢒꢵꢪ꣄ꢒꢾꢬ꣄ꢡꣁ,sourashtra,,,'ꢱꢬꢣꢤꢒꢪꢒꢬꢡ':1 'siraddhaakaamkerto':2 'siraddhakamkerto':3 'siraddhākāmkĕrtŏ':4 'hardworker':5 'உழ':6,abstract|concept|idea,स्रद्धा काम्क॑र्ता॑|ஸிரத்3தா4  காம்கெர்தொ|siraddhaa kaamke'rto'|siraddhA kAmkErtO|siraddhā kāmkĕrtŏ|s̪ɪɾəd̪d̪ʰɑː kɑːmkeɾt̪o,,"{""""script"""":""""sourashtra"""",""""category"""":""""noun"""",""""type"""":""""abstract""""}"
^,,hardworker,english,,english,,abstract|concept|idea,,noun,
^,,உழைப்பாளி,tamil,,tamil,'உழபபள':1 'hardworker':2 'உழ':3,abstract|concept|idea,ஸிரத்3தா4  காம்கெர்தொ,noun,
-,ꢔ,ꢔꢿꢭꢶ,sourashtra,,,'ꢔꢭ':1 'geli':2 'chuckling':3 'chuckle':4 'எக':5 'கள':6,abstract|concept|idea,गेलि|கே3லி|geli|geli|geli|geːlɪ,,"{""""script"""":""""sourashtra"""",""""category"""":""""noun"""",""""type"""":""""abstract""""}"
^,,chuckling,english,,english,,abstract|concept|idea,,noun,
^,,எக்களிப்பு,tamil,,tamil,'எககளபப':1 'chuckling':2 'chuckle':3 'எக':4 'கள':5,abstract|concept|idea,கே3லி,noun,
-,ꢙ,ꢙꢵꢔ꣄ꢬꢡꢶ,sourashtra,,,'ꢙꢔꢬꢡ':1 'jaagrati':2 'jagrati':3 'jāgrati':4 'warning':5 'warn':6 'எச':7 'சர':8,abstract|concept|idea,जाग्रति|ஜாக்3ரதி|jaagrati|jAgrati|jāgrati|d͡ʒɑːgɾət̪ɪ,,"{""""script"""":""""sourashtra"""",""""category"""":""""noun"""",""""type"""":""""abstract""""}"
^,,warning,english,,english,,abstract|concept|idea,,noun,
^,,எச்சரிக்கை,tamil,,tamil,'எசசரகக':1 'warning':2 'warn':3 'எச':4 'சர':5,abstract|concept|idea,ஜாக்3ரதி,noun,
-,꣄,꣄ꢗꢶꢥ꣄ꢡꢥꣁ,sourashtra,,,'ꢗꢥꢡꢥ':1 'chintano':2 'cintano':3 'cintanŏ':4 'thought':5 'think':6 'எண':7 'ணம':8,abstract|concept|idea,चिन्तना॑|சிந்தனொ|chintano'|cintanO|cintanŏ|t͡ʃɪn̪t̪ən̪o,,"{""""script"""":""""sourashtra"""",""""category"""":""""noun"""",""""type"""":""""abstract""""}"
-,ꢮ,ꢮꢾꢣꢸꢬ꣄ꢛ꣄ꢗꢶꢥꢶ,sourashtra,,,'ꢮꢣꢬꢛꢗꢥ':1 'vedurnchini':2 'vedurjcini':3 'vĕdurñcini':4 'opposition':5 'resistance':6 'எத':7,abstract|concept|idea,एदुरञ्चिनि|எது3ர்ஞ்சினி|ve'durnchini|vEdurJcini|vĕdurñcini|ʋed̪uɾɲt͡ʃɪn̪ɪ,,"{""""script"""":""""sourashtra"""",""""category"""":""""noun"""",""""type"""":""""abstract""""}"
^,,"opposition, resistance",english,,english,,abstract|concept|idea,,noun,
^,,எதிர்ப்பு,tamil,,tamil,'எதரபப':1 'opposition':2 'resistance':3 'எத':4,abstract|concept|idea,எது3ர்ஞ்சினி,noun,
-,꣄,꣄ꢮꢾꢣꢸꢬ꣄ꢛ꣄ꢗꢶꢥꢶ,sourashtra,,,'ꢮꢣꢬꢛꢗꢥ':1 'vedurnchini':2 'vedurjcini':3 'vĕdurñcini':4 'opposition':5 'resistance':6 'எத':7,abstract|concept|idea,वेदुरञ्चिनि|வெது3ர்ஞ்சினி|ve'durnchini|vEdurJcini|vĕdurñcini|ʋed̪uɾɲt͡ʃɪn̪ɪ,,"{""""script"""":""""sourashtra"""",""""category"""":""""noun"""",""""type"""":""""abstract""""}"
-,ꢡ,ꢡꢶꢒ꣄ꢒꢾ,sourashtra,,,'ꢡꢒꢒ':1 'tikke':2 'tikkĕ':3 'hot':4 'taste':5 'எர':6,abstract|concept|idea,तिक्क॑|திக்கெ|tikke'|tikkE|tikkĕ|t̪ɪkke,,"{""""script"""":""""sourashtra"""",""""category"""":""""noun"""",""""type"""":""""abstract""""}"
^,,hot taste,english,,english,,abstract|concept|idea,,noun,
^,,எரிப்பு,tamil,,tamil,'எரபப':1 'எர':2,abstract|concept|idea,திக்கெ,noun,
^,,கார்ப்பு,tamil,,tamil,'கரபப':1,abstract|concept|idea,திக்கெ,noun,
-,ꢱ,ꢱꢺꢖ꣄ꢒꢵꢬ꣄,sourashtra,,,'ꢱꢖꢒꢬ':1 'srinkaar':2 'srgkar':3 'sṛṅkār':4 'beauty':5 'எழ':6,abstract|concept|idea,सृङ्कार्|ஸ்ருங்கா3ர்|sri'nkaar|sRGkAr|sṛṅkār|s̪ɾɨŋkɑːɾ,,"{""""script"""":""""sourashtra"""",""""category"""":""""noun"""",""""type"""":""""abstract""""}"
^,,எழில்,tamil,,tamil,'எழல':1 'beauty':2 'எழ':3,abstract|concept|idea,ஸ்ருங்கா3ர்,noun,
-,ꢭ,ꢭꢴꢾꢔꢸꢮ꣄,sourashtra,,,'ꢭꢔꢮ':1 'lheguv':2 'lhĕguv':3 'easiness':4 'எள':5,abstract|concept|idea,ल्ह॑गुव|லெ:கு3வ்|lhe'guv|lhEguv|lhĕguv|lɦeguʋ,,"{""""script"""":""""sourashtra"""",""""category"""":""""noun"""",""""type"""":""""abstract""""}"
^,,easiness,english,,english,,abstract|concept|idea,,noun,
^,,எளிது,tamil,,tamil,'எளத':1 'easiness':2 'எள':3,abstract|concept|idea,லெ:கு3வ்,noun,
-,ꢗ,ꢗꢸꢭꢨ꣄,sourashtra,,,'ꢗꢭꢨ':1 'chulab':2 'culab':3 'easiness':4 'எள':5,abstract|concept|idea,चुल्ब्|சுலப்3|chulab|culab|culab|t͡ʃuləb,,"{""""script"""":""""sourashtra"""",""""category"""":""""noun"""",""""type"""":""""abstract""""}"
-,ꢱ,ꢱꣃꢙꢥ꣄ꢫꢪ꣄,sourashtra,,,'ꢱꢙꢥꢫꢪ':1 'saujanyam':2 'simplicity':3 'எள':4,abstract|concept|idea,सौजन्यम|ஸௌஜன்யம்|saujanyam|saujanyam|saujanyam|s̪əud͡ʒən̪jəm,,"{""""script"""":""""sourashtra"""",""""category"""":""""noun"""",""""type"""":""""abstract""""}"
^,,simplicity,english,,english,,abstract|concept|idea,,noun,
^,,எளிமை,tamil,,tamil,'எளம':1 'simplicity':2 'எள':3,abstract|concept|idea,ஸௌஜன்யம்,noun,
-,ꢱ,ꢱꣁꢮ꣄ꢭꢾ,sourashtra,,,'ꢱꢮꢭ':1 'sovle':2 'sŏvlĕ':3 'longing':4 'long':5 'ஏக':6 'கம':7,abstract|concept|idea,च॓व्ल॑|ஸொவ்லெ|so'vle'|sOvlE|sŏvlĕ|s̪oʋle,,"{""""script"""":""""sourashtra"""",""""category"""":""""noun"""",""""type"""":""""abstract""""}"
^,,longing,english,,english,,abstract|concept|idea,,noun,
^,,ஏக்கம்,tamil,,tamil,'ஏககம':1 'longing':2 'long':3 'ஏக':4 'கம':5,abstract|concept|idea,ஸொவ்லெ,noun,
-,ꢮ,ꢮꢾꢒꢸꢭ꣄,sourashtra,,,'ꢮꢒꢭ':1 'vekul':2 'vĕkul':3 'confusion':4 'longing':5 'long':6 'ஏக':7 'கம':8 'மனக':9 'கலக':10,abstract|concept|idea,व॑कुल|வெகுல்|ve'kul|vEkul|vĕkul|ʋekul,,"{""""script"""":""""sourashtra"""",""""category"""":""""noun"""",""""type"""":""""abstract""""}"
^,,confusion,english,,english,,abstract|concept|idea,,noun,
^,,மனக்கலக்கம்,tamil,,tamil,'மனககலககம':1 'மனக':2 'கலக':3 'கம':4,abstract|concept|idea,வெகுல்,noun,
-,ꢔ,ꢔꢵꢭ꣄,sourashtra,,,'ꢔꢭ':1 'gaal':2 'gal':3 'gāl':4 'scolding':5 'scold':6 'ஏச':7,abstract|concept|idea,गाल्|கா3ள்|gaal|gAl|gāl|gɑːl,,"{""""script"""":""""sourashtra"""",""""category"""":""""noun"""",""""type"""":""""abstract""""}"
^,,scolding,english,,english,,abstract|concept|idea,,noun,
^,,ஏச்சு,tamil,,tamil,'ஏசச':1 'scolding':2 'scold':3 'ஏச':4,abstract|concept|idea,கா3ள்,noun,
-,ꢲ,ꢲꢸꢖ꣄ꢔꢵꢞ꣄,sourashtra,,,'ꢲꢖꢔꢞ':1 'hungaad':2 'huggad':3 'huṅgāḍ':4 'dupe':5 'ஏம':6,abstract|concept|idea,हङ्गाड|ஹுங்கா3ட்3|hungaad'|huGgAD|huṅgāḍ|ɦuŋgɑːɖ,,"{""""script"""":""""sourashtra"""",""""category"""":""""noun"""",""""type"""":""""abstract""""}"
^,,dupe,english,,english,,abstract|concept|idea,,noun,
^,,ஏமாற்று,tamil,,tamil,'ஏமறற':1 'dupe':2 'ஏம':3,abstract|concept|idea,ஹுங்கா3ட்3,noun,
-,ꢲ,ꢲꢸꢖ꣄ꢔꢞ꣄ꢠꢶ,sourashtra,,,'ꢲꢖꢔꢞꢠ':1 'hungadni':2 'huggadni':3 'huṅgaḍṇi':4 'duping':5 'dupe':6 'ஏம':7 'தல':8,abstract|concept|idea,हुङ्गड्णि|ஹுங்க3ட்3ணி|hungad'ni|huGgaDNi|huṅgaḍṇi|ɦuŋgəɖɳɪ,,"{""""script"""":""""sourashtra"""",""""category"""":""""noun"""",""""type"""":""""abstract""""}"
^,,duping,english,,english,,abstract|concept|idea,,noun,
^,,ஏமாற்றுதல்,tamil,,tamil,'ஏமறறதல':1 'duping':2 'dupe':3 'ஏம':4 'தல':5,abstract|concept|idea,ஹுங்க3ட்3ணி,noun,
-,ꢌ,ꢌꢞ꣄ꢗꢜ꣄ꢠꢶ,sourashtra,,,'ꢌꢞꢗꢜꢠ':1 'edchatni':2 'edcatni':3 'ĕḍcaṭṇi':4 'duping':5 'dupe':6 'ஏம':7 'தல':8,abstract|concept|idea,एड्चट्णि|எட்3சட்ணி|e'd'chat'ni|EDcaTNi|ĕḍcaṭṇi|eɖt͡ʃəʈɳɪ,,"{""""script"""":""""sourashtra"""",""""category"""":""""noun"""",""""type"""":""""abstract""""}"
-,ꢲ,ꢲꢸꢖ꣄ꢒꢜꢡ꣄ꢡꢾ,sourashtra,,,'ꢲꢖꢒꢜꢡꢡ':1 'hunkatatte':2 'hugkatatte':3 'huṅkaṭattĕ':4 'duping':5 'dupe':6 'ஏம':7 'தல':8,abstract|concept|idea,हुङ्कटत्त॑|ஹுங்கடத்தெ|hunkat'atte'|huGkaTattE|huṅkaṭattĕ|ɦuŋkəʈət̪t̪e,,"{""""script"""":""""sourashtra"""",""""category"""":""""noun"""",""""type"""":""""abstract""""}"
-,ꢲ,ꢲꢸꢖ꣄ꢔꢞ꣄,sourashtra,,,'ꢲꢖꢔꢞ':1 'hungad':2 'huggad':3 'huṅgaḍ':4 'disappointment':5 'ஏம':6 'றம':7,abstract|concept|idea,हुङ्गड|ஹுங்க3ட்3|hungad'|huGgaD|huṅgaḍ|ɦuŋgəɖ,,"{""""script"""":""""sourashtra"""",""""category"""":""""noun"""",""""type"""":""""abstract""""}"
^,,disappointment,english,,english,,abstract|concept|idea,,noun,
^,,ஏமாற்றம்,tamil,,tamil,'ஏமறறம':1 'disappointment':2 'ஏம':3 'றம':4,abstract|concept|idea,ஹுங்க3ட்3,noun,
-,ꢌ,ꢌꢜ꣄ꢗꢞ꣄ꢠꢶ,sourashtra,,,'ꢌꢜꢗꢞꢠ':1 'etchadni':2 'etcadni':3 'ĕṭcaḍṇi':4 'cheating':5 'cheat':6 'ஏய':7,abstract|concept|idea,एट्चड्नि|எட்சட்3ணி|e't'chad'ni|ETcaDNi|ĕṭcaḍṇi|eʈt͡ʃəɖɳɪ,,"{""""script"""":""""sourashtra"""",""""category"""":""""noun"""",""""type"""":""""abstract""""}"
^,,cheating,english,,english,,abstract|concept|idea,,noun,
^,,ஏய்ப்பு,tamil,,tamil,'ஏயபப':1 'cheating':2 'cheat':3 'ஏய':4,abstract|concept|idea,எட்சட்3ணி,noun,
-,ꢡ,ꢡꢫꢵꢬ꣄,sourashtra,,,'ꢡꢫꢬ':1 'tayaar':2 'tayar':3 'tayār':4 'arrangement':5 'ஏற':6,abstract|concept|idea,तयार्|தயார்|tayaar|tayAr|tayār|t̪əjɑːɾ,,"{""""script"""":""""sourashtra"""",""""category"""":""""noun"""",""""type"""":""""abstract""""}"
^,,arrangement,english,,english,,abstract|concept|idea,,noun,
^,,ஏற்பாடு,tamil,,tamil,'ஏறபட':1 'arrangement':2 'ஏற':3,abstract|concept|idea,தயார்,noun,
-,ꢱ,ꢱꢾꢥ꣄ꢣꢿꢮ꣄,sourashtra,,,'ꢱꢥꢣꢮ':1 'sendev':2 'sĕndev':3 'doubt':4 'ஐயம':5,abstract|concept|idea,स॑न्देव|ஸெந்தே3வ்|se'ndev|sEndev|sĕndev|s̪en̪d̪eːʋ,,"{""""script"""":""""sourashtra"""",""""category"""":""""noun"""",""""type"""":""""abstract""""}"
^,,doubt,english,,english,,abstract|concept|idea,,noun,
^,,ஐயம்,tamil,,tamil,'ஐயம':1 'doubt':2,abstract|concept|idea,ஸெந்தே3வ்,noun,
-,ꢏ,ꢏꢜ꣄ꢒꢪ꣄,sourashtra,,,'ꢏꢜꢒꢪ':1 'otkam':2 'ŏṭkam':3 'narrowness':4 'ஒட':5 'கம':6,abstract|concept|idea,आ॑ट्कम|ஒட்கம்|o't'kam|OTkam|ŏṭkam|oʈkəm,,"{""""script"""":""""sourashtra"""",""""category"""":""""noun"""",""""type"""":""""abstract""""}"
^,,narrowness,english,,english,,abstract|concept|idea,,noun,
^,,ஒடுக்கம்,tamil,,tamil,'ஒடககம':1 'narrowness':2 'ஒட':3 'கம':4,abstract|concept|idea,ஒட்கம்,noun,
-,ꢪ,ꢪꢾꢬ꣄ꢗꢥ꣄,sourashtra,,,'ꢪꢬꢗꢥ':1 'merchan':2 'mercan':3 'mĕrcan':4 'foppishness':5 'ஒய':6 'ரம':7,abstract|concept|idea,म॑र्चन|மெர்சன்|me'rchan|mErcan|mĕrcan|meɾt͡ʃən̪,,"{""""script"""":""""sourashtra"""",""""category"""":""""noun"""",""""type"""":""""abstract""""}"
^,,foppishness,english,,english,,abstract|concept|idea,,noun,
^,,ஒய்யாரம்,tamil,,tamil,'ஒயயரம':1 'foppishness':2 'ஒய':3 'ரம':4,abstract|concept|idea,மெர்சன்,noun,
-,ꢪ,ꢪꢾꢬ꣄ꢗꢸꢭꢥ꣄ ꢥꢵꢬꢶ,sourashtra,,,'ꢪꢬꢗꢭꢥꢥꢬ':1 'merchulannaari':2 'merculannari':3 'mĕrculannāri':4 'foppish':5 'girl':6 'ஒய':7,abstract|concept|idea,म॑र्चुलन नारि|மெர்சுலன் நாரி|me'rchulan naari|mErculan nAri|mĕrculan nāri|meɾt͡ʃulən̪ n̪ɑːɾɪ,,"{""""script"""":""""sourashtra"""",""""category"""":""""noun"""",""""type"""":""""abstract""""}"
^,,foppish girl,english,,english,,abstract|concept|idea,,noun,
^,,ஒய்யாரி,tamil,,tamil,'ஒயயர':1 'foppish':2 'girl':3 'ஒய':4,abstract|concept|idea,மெர்சுலன் நாரி,noun,
-,ꢫ,ꢫꣁꢒ꣄ꢡꣁ,sourashtra,,,'ꢫꢒꢡ':1 'yokto':2 'yŏktŏ':3 'unity':4 'ஒற':5,abstract|concept|idea,योक्त्ता॑|யோக்தொ|yo'kto'|yOktO|yŏktŏ|jokt̪o,,"{""""script"""":""""sourashtra"""",""""category"""":""""noun"""",""""type"""":""""abstract""""}"
^,,unity,english,,english,,abstract|concept|idea,,noun,
^,,ஒற்றுமை,tamil,,tamil,'ஒறறம':1 'unity':2 'ஒற':3,abstract|concept|idea,யோக்தொ,noun,
-,ꢮ,ꢮꢶꢰ꣄ꢬꢵꢥ꣄ꢡꢶ,sourashtra,,,'ꢮꢰꢬꢥꢡ':1 'vishraanti':2 'visranti':3 'viṣrānti':4 'rest':5 'retirement':6 'ஓய':7,abstract|concept|idea,विष्रान्ति|விஷ்ராந்தி|vishraanti|viSrAnti|viṣrānti|ʋɪʂɾɑːn̪t̪ɪ,,"{""""script"""":""""sourashtra"""",""""category"""":""""noun"""",""""type"""":""""abstract""""}"
^,,"rest, retirement",english,,english,,abstract|concept|idea,,noun,
^,,ஓய்வு,tamil,,tamil,'ஓயவ':1 'rest':2 'retirement':3 'ஓய':4,abstract|concept|idea,விஷ்ராந்தி,noun,
-,ꢥ,ꢥꢶꢮꢺꢡꢶ,sourashtra,,,'ꢥꢮꢡ':1 'nivriti':2 'nivrti':3 'nivṛti':4 'rest':5 'retirement':6 'ஓய':7,abstract|concept|idea,निवृति|நிவ்ருதி|nivri'ti|nivRti|nivṛti|n̪ɪʋɾɨt̪ɪ,,"{""""script"""":""""sourashtra"""",""""category"""":""""noun"""",""""type"""":""""abstract""""}"
-,ꢥ,ꢥꢶꢮꢺꢡꢶ ꢮꢾꢡꢥꣁ,sourashtra,,,'ꢥꢮꢡꢮꢡꢥ':1 'nivritivetano':2 'nivrtivetano':3 'nivṛtivĕtanŏ':4 'pension':5 'ஓய':6 'யம':7,abstract|concept|idea,निवृति वेतना॑|நிவ்ருதி வேதனொ|nivri'ti ve'tano'|nivRti vEtanO|nivṛti vĕtanŏ|n̪ɪʋɾɨt̪ɪ ʋet̪ən̪o,,"{""""script"""":""""sourashtra"""",""""category"""":""""noun"""",""""type"""":""""abstract""""}"
^,,pension,english,,english,,abstract|concept|idea,,noun,
^,,ஓய்வூதியம்,tamil,,tamil,'ஓயவதயம':1 'pension':2 'ஓய':3 'யம':4,abstract|concept|idea,நிவ்ருதி வேதனொ,noun,
-,ꢱ,ꢱꢪꢬꢹꢦ꣄,sourashtra,,,'ꢱꢪꢬꢦ':1 'samaroop':2 'samarup':3 'samarūp':4 'uniformity':5 'ஓர':6,abstract|concept|idea,समरूप|ஸமரூப்|samaroop|samarUp|samarūp|s̪əməɾuːp,,"{""""script"""":""""sourashtra"""",""""category"""":""""noun"""",""""type"""":""""abstract""""}"
^,,uniformity,english,,english,,abstract|concept|idea,,noun,
^,,ஓர்மை,tamil,,tamil,'ஓரம':1 'uniformity':2 'ஓர':3,abstract|concept|idea,ஸமரூப்,noun,
-,ꢱ,ꢱꢾꢬ꣄ꢒ ꢬꢴꢱ꣄ꢡꢾ,sourashtra,,,'ꢱꢬꢒꢬꢱꢡ':1 'serkarhaste':2 'sĕrkarhastĕ':3 'perfection':4 'கச':5 'தம':6,abstract|concept|idea,स॑र्क र्हस्ते|ஸெர்கராஸ்தே|se'rka rhaste'|sErka rhastE|sĕrka rhastĕ|s̪eɾkə ɾɦəs̪t̪e,,"{""""script"""":""""sourashtra"""",""""category"""":""""noun"""",""""type"""":""""abstract""""}"
^,,perfection,english,,english,,abstract|concept|idea,,noun,
^,,கச்சிதம்,tamil,,tamil,'கசசதம':1 'perfection':2 'கச':3 'தம':4,abstract|concept|idea,ஸெர்கராஸ்தே,noun,
-,ꢱ,ꢱꢾꢬ꣄ꢒ ꢬꢴꢠꢶ,sourashtra,,,'ꢱꢬꢒꢬꢠ':1 'serkarhani':2 'sĕrkarhaṇi':3 'perfection':4 'கச':5 'தம':6,abstract|concept|idea,स॑र्क र्हणि|ஸெர்கர:ணி|se'rka rhani|sErka rhaNi|sĕrka rhaṇi|s̪eɾkə ɾɦəɳɪ,,"{""""script"""":""""sourashtra"""",""""category"""":""""noun"""",""""type"""":""""abstract""""}"
-,ꢒ,ꢒꣁꢜꢸꢒ꣄,sourashtra,,,'ꢒꢜꢒ':1 'kotuk':2 'kŏṭuk':3 'bitter':4 'taste':5 'கசப':6,abstract|concept|idea,का॑टुक|கொடுக்|ko't'uk|kOTuk|kŏṭuk|koʈuk,,"{""""script"""":""""sourashtra"""",""""category"""":""""noun"""",""""type"""":""""abstract""""}"
^,,bitter taste,english,,english,,abstract|concept|idea,,noun,
^,,கசப்பு,tamil,,tamil,'கசபப':1 'bitter':2 'taste':3 'கசப':4,abstract|concept|idea,கொடுக்,noun,
-,ꢭ,ꢭꣂꢩꢸ,sourashtra,,,'ꢭꢩ':1 'lobhu':2 'miserliness':3 'stinginess':4 'கஞ':5 'சத':6 'தனம':7,abstract|concept|idea,लोभु|லோபு4|lobhu|lobhu|lobhu|loːbʰu,,"{""""script"""":""""sourashtra"""",""""category"""":""""noun"""",""""type"""":""""abstract""""}"
^,,"miserliness, stinginess",english,,english,,abstract|concept|idea,,noun,
^,,கஞ்சத்தனம்,tamil,,tamil,'கஞசததனம':1 'miserliness':2 'stinginess':3 'கஞ':4 'சத':5 'தனம':6,abstract|concept|idea,லோபு4,noun,
-,ꢭ,ꢭꣁꢩꢶ,sourashtra,,,'ꢭꢩ':1 'lobhi':2 'lŏbhi':3 'miser':4 'கஞ':5 'சன':6,abstract|concept|idea,लोभि|லோபி4|lo'bhi|lObhi|lŏbhi|lobʰɪ,,"{""""script"""":""""sourashtra"""",""""category"""":""""noun"""",""""type"""":""""abstract""""}"
^,,miser,english,,english,,abstract|concept|idea,,noun,
^,,கஞ்சன்,tamil,,tamil,'கஞசன':1 'miser':2 'கஞ':3 'சன':4,abstract|concept|idea,லோபி4,noun,
-,ꢂ,ꢂꢥꢸꢱꢵꢱꢥꣁ,sourashtra,,,'ꢂꢥꢱꢱꢥ':1 'anusaasano':2 'anusasano':3 'anusāsanŏ':4 'discipline':5 'கட':6,abstract|concept|idea,अनुसाना॑|அனுஶாஸனொ|anusaasano'|anusAsanO|anusāsanŏ|ən̪us̪ɑːs̪ən̪o,,"{""""script"""":""""sourashtra"""",""""category"""":""""noun"""",""""type"""":""""abstract""""}"
^,,discipline,english,,english,,abstract|concept|idea,,noun,
^,,கட்டுப்பாடு,tamil,,tamil,'கடடபபட':1 'discipline':2 'கட':3,abstract|concept|idea,அனுஶாஸனொ,noun,
-,ꢒ,ꢒꢬ꣄ꢡ꣄ꢡꢮ꣄ꢫꢪ꣄,sourashtra,,,'ꢒꢬꢡꢡꢮꢫꢪ':1 'karttavyam':2 'indebtedness':3 'கடப':4 'கடம':5,abstract|concept|idea,कत्तव्तम|கர்த்தவயம்|karttavyam|karttavyam|karttavyam|kəɾt̪t̪əʋjəm,,"{""""script"""":""""sourashtra"""",""""category"""":""""noun"""",""""type"""":""""abstract""""}"
^,,indebtedness,english,,english,,abstract|concept|idea,,noun,
^,,கடப்பாடு  / கடமை,tamil,,tamil,'கடபபடகடம':1 'indebtedness':2 'கடப':3 'கடம':4,abstract|concept|idea,கர்த்தவயம்,noun,
-,ꢓ,ꢓꢾꢞꢶꢥ꣄,sourashtra,,,'ꢓꢞꢥ':1 'khedin':2 'khĕḍin':3 'hard':4 'கட':5 'னம':6,abstract|concept|idea,ख॑डिन|கெ2டி3ன்|khe'd'in|khEDin|khĕḍin|kʰeɖɪn̪,,"{""""script"""":""""sourashtra"""",""""category"""":""""noun"""",""""type"""":""""abstract""""}"
^,,hard,english,,english,,abstract|concept|idea,,noun,
^,,கடினம்,tamil,,tamil,'கடனம':1 'hard':2 'கட':3 'னம':4,abstract|concept|idea,கெ2டி3ன்,noun,
-,ꢒ,ꢒꢞꢹꢱ꣄,sourashtra,,,'ꢒꢞꢱ':1 'kadoos':2 'kadus':3 'kaḍūs':4 'harshness':5 'hardness':6 'கட':7,abstract|concept|idea,क्डूस|கடூ3ஸ்|kad'oos|kaDUs|kaḍūs|kəɖuːs̪,,"{""""script"""":""""sourashtra"""",""""category"""":""""noun"""",""""type"""":""""abstract""""}"
^,,"harshness, hardness",english,,english,,abstract|concept|idea,,noun,
^,,கடுமை,tamil,,tamil,'கடம':1 'harshness':2 'hardness':3 'கட':4,abstract|concept|idea,கடூ3ஸ்,noun,
-,ꢒ,ꢒꢠ꣄ꢞꢶꢦ꣄,sourashtra,,,'ꢒꢠꢞꢦ':1 'kandip':2 'kaṇḍip':3 'strictness':4 'chide':5 'கண':6,abstract|concept|idea,क्ण्डिप|கண்டி3ப்|kand'ip|kaNDip|kaṇḍip|kəɳɖɪp,,"{""""script"""":""""sourashtra"""",""""category"""":""""noun"""",""""type"""":""""abstract""""}"
^,,Strictness /chide,english,,english,,abstract|concept|idea,,noun,
^,,கண்டிப்பு,tamil,,tamil,'கணடபப':1 'strictness':2 'chide':3 'கண':4,abstract|concept|idea,கண்டி3ப்,noun,
-,ꢒ,ꢒꢝꣂꢬ꣄,sourashtra,,,'ꢒꢝꢬ':1 'kathor':2 'kaṭhor':3 'strictness':4 'chide':5 'கண':6,abstract|concept|idea,कठोर|கடோ2ர்|kat'hor|kaThor|kaṭhor|kəʈʰoːɾ,,"{""""script"""":""""sourashtra"""",""""category"""":""""noun"""",""""type"""":""""abstract""""}"
-,ꢔ,ꢔꢮ꣄ꢬꢮ꣄,sourashtra,,,'ꢔꢮꢬꢮ':1 'gavrav':2 'decency':3 'dignity':4 'கண':5 'யம':6,abstract|concept|idea,गव्रव|க3வ்ரவ்|gavrav|gavrav|gavrav|gəʋɾəʋ,,"{""""script"""":""""sourashtra"""",""""category"""":""""noun"""",""""type"""":""""abstract""""}"
^,,"decency, dignity",english,,english,,abstract|concept|idea,,noun,
^,,கண்ணியம்,tamil,,tamil,'கணணயம':1 'decency':2 'dignity':3 'கண':4 'யம':5,abstract|concept|idea,க3வ்ரவ்,noun,
-,ꢃ,ꢃꢱꢵꢣꢩꢹꢡꢶ,sourashtra,,,'ꢃꢱꢣꢩꢡ':1 'aasaadabhooti':2 'asadabhuti':3 'āsādabhūti':4 'hypocrite':5 'கபடத':6,abstract|concept|idea,आसादभूति|ஆஸாட3பூ4தி|aasaadabhooti|AsAdabhUti|āsādabhūti|ɑːs̪ɑːd̪əbʰuːt̪ɪ,,"{""""script"""":""""sourashtra"""",""""category"""":""""noun"""",""""type"""":""""abstract""""}"
^,,hypocrite,english,,english,,abstract|concept|idea,,noun,
^,,கபடதாரி,tamil,,tamil,'கபடதர':1 'hypocrite':2 'கபடத':3,abstract|concept|idea,ஆஸாட3பூ4தி,noun,
-,ꢒ,ꢒꣁꢦꢜꢾ,sourashtra,,,'ꢒꢦꢜ':1 'kopate':2 'kŏpaṭĕ':3 'cheater':4 'கபடன':5,abstract|concept|idea,का॑तट॑|கொதடெ|ko'pat'e'|kOpaTE|kŏpaṭĕ|kopəʈe,,"{""""script"""":""""sourashtra"""",""""category"""":""""noun"""",""""type"""":""""abstract""""}"
^,,cheater,english,,english,,abstract|concept|idea,,noun,
^,,கபடன்,tamil,,tamil,'கபடன':1 'cheater':2,abstract|concept|idea,கொதடெ,noun,
-,ꢒ,ꢒꢪꢨꢷꢬ꣄,sourashtra,,,'ꢒꢪꢨꢬ':1 'kamabeer':2 'kamabir':3 'kamabīr':4 'majestic':5 'bearing':6 'bear':7 'கம':8 'ரம':9,abstract|concept|idea,कम्बीर्|க3ம்பீ3ர்|kamabeer|kamabIr|kamabīr|kəməbiːɾ,,"{""""script"""":""""sourashtra"""",""""category"""":""""noun"""",""""type"""":""""abstract""""}"
^,,majestic bearing,english,,english,,abstract|concept|idea,,noun,
^,,கம்பீரம்,tamil,,tamil,'கமபரம':1 'majestic':2 'bearing':3 'bear':4 'கம':5 'ரம':6,abstract|concept|idea,க3ம்பீ3ர்,noun,
-,ꢃ,ꢃꢒꢬ꣄ꢰꢠꣁ,sourashtra,,,'ꢃꢒꢬꢰꢠ':1 'aakarshano':2 'akarsano':3 'ākarṣaṇŏ':4 'attraction':5 'கவர':6 'வச':7 'கரம':8,abstract|concept|idea,आकषणा॑|ஆகர்ஷணொ|aakarshano'|AkarSaNO|ākarṣaṇŏ|ɑːkəɾʂəɳo,,"{""""script"""":""""sourashtra"""",""""category"""":""""noun"""",""""type"""":""""abstract""""}"
^,,attraction,english,,english,,abstract|concept|idea,,noun,
^,,கவர்ச்சி,tamil,,tamil,'கவரசச':1 'கவர':2,abstract|concept|idea,ஆகர்ஷணொ,noun,
^,,வசீகரம்,tamil,,tamil,'வசகரம':1 'வச':2 'கரம':3,abstract|concept|idea,ஆகர்ஷணொ,noun,
-,ꢂ,ꢂꢮꢤꢵꢥ꣄,sourashtra,,,'ꢂꢮꢤꢥ':1 'avadhaan':2 'avadhan':3 'avadhān':4 'attention':5 'care':6 'கவனம':7 'கவன':8,abstract|concept|idea,अवधान|அவதா4ன்|avadhaan|avadhAn|avadhān|əʋəd̪ʰɑːn̪,,"{""""script"""":""""sourashtra"""",""""category"""":""""noun"""",""""type"""":""""abstract""""}"
-,ꢗ,ꢗꣁꢞ꣄ꢞꢦꢥ꣄,sourashtra,,,'ꢗꢞꢞꢦꢥ':1 'choddapan':2 'coddapan':3 'cŏḍḍapan':4 'falsehood':5 'theft':6 'கள':7 'ளத':8 'தனம':9 'ளம':10,abstract|concept|idea,चा॑ड्डपन|சொட்3ட3பன்|cho'd'd'apan|cODDapan|cŏḍḍapan|t͡ʃoɖɖəpən̪,,"{""""script"""":""""sourashtra"""",""""category"""":""""noun"""",""""type"""":""""abstract""""}"
^,,falsehood,english,,english,,abstract|concept|idea,,noun,
^,,theft,english,,english,,abstract|concept|idea,,noun,
^,,கள்ளத்தனம்,tamil,,tamil,'களளததனம':1 'கள':2 'ளத':3 'தனம':4,abstract|concept|idea,சொட்3ட3பன்,noun,
^,,கள்ளம்,tamil,,tamil,'களளம':1 'கள':2 'ளம':3,abstract|concept|idea,சொட்3ட3பன்,noun,
-,ꢗ,ꢗꣂꢬ꣄,sourashtra,,,'ꢗꢬ':1 'chor':2 'cor':3 'theft':4 'thief':5 'கள':6 'ளன':7 'ளம':8,abstract|concept|idea,चोर|சோர்|chor|cor|cor|t͡ʃoːɾ,,"{""""script"""":""""sourashtra"""",""""category"""":""""noun"""",""""type"""":""""abstract""""}"
^,,thief,english,,english,,abstract|concept|idea,,noun,
^,,கள்ளன்,tamil,,tamil,'களளன':1 'கள':2 'ளன':3,abstract|concept|idea,சோர்,noun,
^,,திருட்டு,tamil,,tamil,'தரடட':1,abstract|concept|idea,சோர்,noun,
-,ꢒ,ꢒꢭ꣄ꢪꢱꣁ,sourashtra,,,'ꢒꢭꢪꢱ':1 'kalmaso':2 'kalmasŏ':3 'stain':4 'களங':5 'கம':6,abstract|concept|idea,कल्मसा॑|கல்மஸொ|kalmaso'|kalmasO|kalmasŏ|kəlməs̪o,,"{""""script"""":""""sourashtra"""",""""category"""":""""noun"""",""""type"""":""""abstract""""}"
^,,stain,english,,english,,abstract|concept|idea,,noun,
^,,களங்கம்,tamil,,tamil,'களஙகம':1 'stain':2 'களங':3 'கம':4,abstract|concept|idea,கல்மஸொ,noun,
-,ꢪ,ꢪꢭꢶꢥꣁ,sourashtra,,,'ꢪꢭꢥ':1 'malino':2 'malinŏ':3 'stain':4 'களங':5 'கம':6,abstract|concept|idea,मलिना॑|மலினொ|malino'|malinO|malinŏ|məlɪn̪o,,"{""""script"""":""""sourashtra"""",""""category"""":""""noun"""",""""type"""":""""abstract""""}"
-,ꢯ,ꢯꢷꢥ꣄,sourashtra,,,'ꢯꢥ':1 'sheen':2 'zin':3 'śīn':4 'tiredness':5 'கள':6,abstract|concept|idea,शीन्|ஶீன்|sheen|zIn|śīn|ʃiːn̪,,"{""""script"""":""""sourashtra"""",""""category"""":""""noun"""",""""type"""":""""abstract""""}"
^,,tiredness,english,,english,,abstract|concept|idea,,noun,
^,,களைப்பு,tamil,,tamil,'களபப':1 'கள':2,abstract|concept|idea,ஶீன்,noun,
^,,சோர்வு,tamil,,tamil,'சரவ':1,abstract|concept|idea,ஶீன்,noun,
-,ꢣ,ꢣꢫꣁ,sourashtra,,,'ꢣꢫ':1 'dayo':2 'dayŏ':3 'kindness':4 'pity':5 'mercy':6 'கன':7 'தயவ':8,abstract|concept|idea,दया॑|த3யொ|dayo'|dayO|dayŏ|d̪əjo,,"{""""script"""":""""sourashtra"""",""""category"""":""""noun"""",""""type"""":""""abstract""""}"
^,,kindness,english,,english,,abstract|concept|idea,,noun,
^,,"pity, mercy",english,,english,,abstract|concept|idea,,noun,
^,,கனிவு,tamil,,tamil,'கனவ':1 'கன':2,abstract|concept|idea,த3யொ,noun,
^,,தயவு,tamil,,tamil,'தயவ':1,abstract|concept|idea,த3யொ,noun,
-,ꢨ,ꢨꢵꢤꣁ,sourashtra,,,'ꢨꢤ':1 'baadho':2 'badho':3 'bādhŏ':4 'difficulty':5 'suffering':6 'grievance':7 'sorrow':8 'suffer':9 'கஷ':10 'டம':11 'சங':12 'கடம':13 'மனத':14 'கல':15,abstract|concept|idea,बाधा॑|பா3தொ4|baadho'|bAdhO|bādhŏ|bɑːd̪ʰo,,"{""""script"""":""""sourashtra"""",""""category"""":""""noun"""",""""type"""":""""abstract""""}"
^,,"difficulty, suffering",english,,english,,abstract|concept|idea,,noun,
^,,grievance,english,,english,,abstract|concept|idea,,noun,
^,,sorrow,english,,english,,abstract|concept|idea,,noun,
^,,கஷ்டம்,tamil,,tamil,'கஷடம':1 'கஷ':2 'டம':3,abstract|concept|idea,பா3தொ4,noun,
^,,சங்கடம்,tamil,,tamil,'சஙகடம':1 'சங':2 'கடம':3,abstract|concept|idea,பா3தொ4,noun,
^,,மனத்தாங்கல்,tamil,,tamil,'மனததஙகல':1 'மனத':2 'கல':3,abstract|concept|idea,பா3தொ4,noun,
-,ꢪ,ꢪꢶꢭꢿꢗ꣄ꢗꣁ,sourashtra,,,'ꢪꢭꢗꢗ':1 'milechcho':2 'milecco':3 'mileccŏ':4 'barbarian':5,abstract|concept|idea,मिलेच्चा॑|மிலேச்சொ|milechcho'|mileccO|mileccŏ|mɪleːt͡ʃt͡ʃo,,"{""""script"""":""""sourashtra"""",""""category"""":""""noun"""",""""type"""":""""abstract""""}"
^,,barbarian,english,,english,,abstract|concept|idea,,noun,
^,,காட்டுமிராண்டி,tamil,,tamil,'கடடமரணட':1 'barbarian':2,abstract|concept|idea,மிலேச்சொ,noun,
-,ꢮ,ꢮꢥꢗꢬꣁ,sourashtra,,,'ꢮꢥꢗꢬ':1 'vanacharo':2 'vanacaro':3 'vanacarŏ':4 'barbarian':5,abstract|concept|idea,वनचरा॑|வனசரொ|vanacharo'|vanacarO|vanacarŏ|ʋən̪ət͡ʃəɾo,,"{""""script"""":""""sourashtra"""",""""category"""":""""noun"""",""""type"""":""""abstract""""}"
-,ꢦ,ꢦ꣄ꢬꢾꢪ꣄,sourashtra,,,'ꢦꢬꢪ':1 'prem':2 'prĕm':3 'love':4 'தல':5,abstract|concept|idea,प्रेम|ப்ரேம்|pre'm|prEm|prĕm|pɾem,,"{""""script"""":""""sourashtra"""",""""category"""":""""noun"""",""""type"""":""""abstract""""}"
^,,love,english,,english,,abstract|concept|idea,,noun,
^,,காதல்,tamil,,tamil,'கதல':1 'love':2 'தல':3,abstract|concept|idea,ப்ரேம்,noun,
-,ꢦ,ꢦ꣄ꢬꢶꢫꢡꢪꣁ,sourashtra,,,'ꢦꢬꢫꢡꢪ':1 'priyatamo':2 'priyatamŏ':3 'lover':4 'தலன':5,abstract|concept|idea,प्रियतमा॑|ப்ரியதமொ|priyatamo'|priyatamO|priyatamŏ|pɾɪjət̪əmo,,"{""""script"""":""""sourashtra"""",""""category"""":""""noun"""",""""type"""":""""abstract""""}"
^,,lover,english,,english,,abstract|concept|idea,,noun,
^,,காதலன்,tamil,,tamil,'கதலன':1 'lover':2 'தலன':3,abstract|concept|idea,ப்ரியதமொ,noun,
-,ꢦ,ꢦ꣄ꢬꢾꢪꢶꢒꣁ,sourashtra,,,'ꢦꢬꢪꢒ':1 'premiko':2 'prĕmikŏ':3 'lover':4 'தல':5,abstract|concept|idea,प्रेमिका॑|ப்ரேமிகொ|pre'miko'|prEmikO|prĕmikŏ|pɾemɪko,,"{""""script"""":""""sourashtra"""",""""category"""":""""noun"""",""""type"""":""""abstract""""}"
^,,காதலி,tamil,,tamil,'கதல':1 'lover':2 'தல':3,abstract|concept|idea,ப்ரேமிகொ,noun,
-,ꢦ,ꢦ꣄ꢬꢶꢫꣁ,sourashtra,,,'ꢦꢬꢫ':1 'priyo':2 'priyŏ':3 'lover':4 'தல':5,abstract|concept|idea,प्रिया॑|ப்ரியொ|priyo'|priyO|priyŏ|pɾɪjo,,"{""""script"""":""""sourashtra"""",""""category"""":""""noun"""",""""type"""":""""abstract""""}"
-,ꢒ,ꢒꢵꢪꢪ꣄,sourashtra,,,'ꢒꢪꢪ':1 'kaamam':2 'kamam':3 'kāmam':4 'lust':5 'மம':6,abstract|concept|idea,कामम|காமம்|kaamam|kAmam|kāmam|kɑːməm,,"{""""script"""":""""sourashtra"""",""""category"""":""""noun"""",""""type"""":""""abstract""""}"
^,,lust,english,,english,,abstract|concept|idea,,noun,
^,,காமம்,tamil,,tamil,'கமம':1 'lust':2 'மம':3,abstract|concept|idea,காமம்,noun,
-,ꢔ,ꢔꢾꢭꢶ,sourashtra,,,'ꢔꢭ':1 'geli':2 'gĕli':3 'ridicule':4 'mockery':5 'டல':6,abstract|concept|idea,गेलि|கே3லி|ge'li|gEli|gĕli|gelɪ,,"{""""script"""":""""sourashtra"""",""""category"""":""""noun"""",""""type"""":""""abstract""""}"
^,,"ridicule, mockery",english,,english,,abstract|concept|idea,,noun,
^,,கிண்டல்,tamil,,tamil,'கணடல':1 'ridicule':2 'mockery':3 'டல':4,abstract|concept|idea,கே3லி,noun,
-,ꢆ,ꢆꢦꢲꢵꢱ꣄,sourashtra,,,'ꢆꢦꢲꢱ':1 'upahaas':2 'upahas':3 'upahās':4 'ridicule':5 'mockery':6 'டல':7,abstract|concept|idea,उपहास|உபஹாஸ்|upahaas|upahAs|upahās|upəɦɑːs̪,,"{""""script"""":""""sourashtra"""",""""category"""":""""noun"""",""""type"""":""""abstract""""}"
-,ꢒ,ꢒꢸꢱꢸꢪ꣄ꢨꢸ ꢒꢾꢬꢱ꣄ꢡꢾꢥꣁ,sourashtra,,,'ꢒꢱꢪꢨꢒꢬꢱꢡꢥ':1 'kusumbukerasteno':2 'kusumbukĕrastĕnŏ':3 'mischievous':4 'man':5 'பன':6,abstract|concept|idea,क्सुम्बुक॑रस्त॑ना॑|குஸும்பு3 கெரஸ்தெனொ|kusumbu ke'raste'no'|kusumbu kErastEnO|kusumbu kĕrastĕnŏ|kus̪umbu keɾəs̪t̪en̪o,,"{""""script"""":""""sourashtra"""",""""category"""":""""noun"""",""""type"""":""""abstract""""}"
^,,mischievous man,english,,english,,abstract|concept|idea,,noun,
^,,குசும்பன்,tamil,,tamil,'கசமபன':1 'mischievous':2 'man':3 'பன':4,abstract|concept|idea,குஸும்பு3 கெரஸ்தெனொ,noun,
-,ꢒ,ꢒꢸꢱꢸꢪ꣄ꢨꢸ,sourashtra,,,'ꢒꢱꢪꢨ':1 'kusumbu':2 'mischief':3,abstract|concept|idea,कुसुम्बु|குஸும்பு3|kusumbu|kusumbu|kusumbu|kus̪umbu,,"{""""script"""":""""sourashtra"""",""""category"""":""""noun"""",""""type"""":""""abstract""""}"
^,,mischief,english,,english,,abstract|concept|idea,,noun,
^,,குசும்பு,tamil,,tamil,'கசமப':1 'mischief':2,abstract|concept|idea,குஸும்பு3,noun,
-,ꢗ,ꢗꢾꢰ꣄ꢜꣁ,sourashtra,,,'ꢗꢰꢜ':1 'cheshto':2 'cesto':3 'cĕṣṭŏ':4 'mischief':5,abstract|concept|idea,चेष्टा॑|சேஷ்டொ|che'sht'o'|cESTO|cĕṣṭŏ|t͡ʃeʂʈo,,"{""""script"""":""""sourashtra"""",""""category"""":""""noun"""",""""type"""":""""abstract""""}"
-,ꢱ,ꢱꢾꢬꢵꢨꢶ,sourashtra,,,'ꢱꢬꢨ':1 'seraabi':2 'serabi':3 'sĕrābi':4 'drunkard':5 'ரன':6,abstract|concept|idea,सेराबि|ஸெராபி3|se'raabi|sErAbi|sĕrābi|s̪eɾɑːbɪ,,"{""""script"""":""""sourashtra"""",""""category"""":""""noun"""",""""type"""":""""abstract""""}"
^,,drunkard,english,,english,,abstract|concept|idea,,noun,
^,,குடிகாரன்,tamil,,tamil,'கடகரன':1 'drunkard':2 'ரன':3,abstract|concept|idea,ஸெராபி3,noun,
-,ꢦ,ꢦꢥꢶ ꢨꣁꢠ꣄ꢞꢶ,sourashtra,,,'ꢦꢥꢨꢠꢞ':1 'panibondi':2 'panibŏṇḍi':3 'drunkard':4 'ரன':5,abstract|concept|idea,पनि बोण्डि|பனி பொ3ண்டி3|pani bo'nd'i|pani bONDi|pani bŏṇḍi|pən̪ɪ boɳɖɪ,,"{""""script"""":""""sourashtra"""",""""category"""":""""noun"""",""""type"""":""""abstract""""}"
-,ꢒ,ꢒꢸꢠ꣄ꢠꢸ,sourashtra,,,'ꢒꢠꢠ':1 'kunnu':2 'kuṇṇu':3 'character':4 'ணம':5,abstract|concept|idea,कुण्णु|கு3ண்ணு|kunnu|kuNNu|kuṇṇu|kuɳɳu,,"{""""script"""":""""sourashtra"""",""""category"""":""""noun"""",""""type"""":""""abstract""""}"
^,,character,english,,english,,abstract|concept|idea,,noun,
^,,குணம்,tamil,,tamil,'கணம':1 'character':2 'ணம':3,abstract|concept|idea,கு3ண்ணு,noun,
-,ꢒ,ꢒꢸꢣꢹꢲꢭ꣄,sourashtra,,,'ꢒꢣꢲꢭ':1 'kudoohal':2 'kuduhal':3 'kudūhal':4 'merry':5 'happiness':6 'கலம':7,abstract|concept|idea,कुदूहल|குதூஹல்|kudoohal|kudUhal|kudūhal|kud̪uːɦəl,,"{""""script"""":""""sourashtra"""",""""category"""":""""noun"""",""""type"""":""""abstract""""}"
^,,"merry, happiness",english,,english,,abstract|concept|idea,,noun,
^,,குதூகலம்,tamil,,tamil,'கதகலம':1 'merry':2 'happiness':3 'கலம':4,abstract|concept|idea,குதூஹல்,noun,
-,ꢱ,ꢱꣁꢥ꣄ꢡꣂꢰ꣄,sourashtra,,,'ꢱꢥꢡꢰ':1 'sontosh':2 'sontos':3 'sŏntoṣ':4 'merry':5 'happiness':6 'கலம':7,abstract|concept|idea,सा॑न्तोष|ஸொந்தோஷ்|so'ntosh|sOntoS|sŏntoṣ|s̪on̪t̪oːʂ,,"{""""script"""":""""sourashtra"""",""""category"""":""""noun"""",""""type"""":""""abstract""""}"
-,ꢂ,ꢂꢦ꣄ꢬꢵꢤꢸꢩꢵꢮ꣄,sourashtra,,,'ꢂꢦꢬꢤꢩꢮ':1 'apraadhubhaav':2 'apradhubhav':3 'aprādhubhāv':4 'guilty':5 'consciousness':6 'றவ':7 'ணர':8,abstract|concept|idea,अप्राधुभाव|அப்ராது4 பா4வ்|apraadhubhaav|aprAdhubhAv|aprādhubhāv|əpɾɑːd̪ʰubʰɑːʋ,,"{""""script"""":""""sourashtra"""",""""category"""":""""noun"""",""""type"""":""""abstract""""}"
^,,guilty consciousness,english,,english,,abstract|concept|idea,,noun,
^,,குற்றவுணர்வு,tamil,,tamil,'கறறவணரவ':1 'guilty':2 'consciousness':3 'றவ':4 'ணர':5,abstract|concept|idea,அப்ராது4 பா4வ்,noun,
-,ꢗ,ꢗꢹꢒꢸ ꢩꢵꢮ꣄,sourashtra,,,'ꢗꢒꢩꢮ':1 'chookubhaav':2 'cukubhav':3 'cūkubhāv':4 'guilty':5 'consciousness':6 'றவ':7 'ணர':8,abstract|concept|idea,चूकुभाव|சூகு பா4வ்|chooku bhaav|cUku bhAv|cūku bhāv|t͡ʃuːku bʰɑːʋ,,"{""""script"""":""""sourashtra"""",""""category"""":""""noun"""",""""type"""":""""abstract""""}"
-,ꢭ,ꢭꢵꢙ꣄,sourashtra,,,'ꢭꢙ':1 'laaj':2 'laj':3 'lāj':4 'shyness':5 'சம':6,abstract|concept|idea,लाज|லாஜ்|laaj|lAj|lāj|lɑːd͡ʒ,,"{""""script"""":""""sourashtra"""",""""category"""":""""noun"""",""""type"""":""""abstract""""}"
^,,shyness,english,,english,,abstract|concept|idea,,noun,
^,,கூச்சம்,tamil,,tamil,'கசசம':1 'shyness':2 'சம':3,abstract|concept|idea,லாஜ்,noun,
-,ꢭ,ꢭꢵꢱꢸ,sourashtra,,,'ꢭꢱ':1 'laasu':2 'lasu':3 'lāsu':4 'shyness':5 'சம':6,abstract|concept|idea,लाजु|லாஜு|laasu|lAsu|lāsu|lɑːs̪u,,"{""""script"""":""""sourashtra"""",""""category"""":""""noun"""",""""type"""":""""abstract""""}"
-,ꢭ,ꢭꢙ꣄ꢙꣁ,sourashtra,,,'ꢭꢙꢙ':1 'lajjo':2 'lajjŏ':3 'shyness':4 'சம':5,abstract|concept|idea,लज्जा॑|லஜ்ஜொ|lajjo'|lajjO|lajjŏ|ləd͡ʒd͡ʒo,,"{""""script"""":""""sourashtra"""",""""category"""":""""noun"""",""""type"""":""""abstract""""}"
-,ꢦ,ꢦ꣄ꢬꢵꢬ꣄ꢢꢥꣁ,sourashtra,,,'ꢦꢬꢬꢢꢥ':1 'praarthano':2 'prarthano':3 'prārthanŏ':4 'pleading':5 'entreating':6 'plead':7 'entreat':8 'சல':9,abstract|concept|idea,प्रार्थना॑|ப்ரார்த2னொ|praarthano'|prArthanO|prārthanŏ|pɾɑːɾt̪ʰən̪o,,"{""""script"""":""""sourashtra"""",""""category"""":""""noun"""",""""type"""":""""abstract""""}"
^,,Pleading/ entreating,english,,english,,abstract|concept|idea,,noun,
^,,கெஞ்சல்,tamil,,tamil,'கஞசல':1 'pleading':2 'entreating':3 'plead':4 'entreat':5 'சல':6,abstract|concept|idea,ப்ரார்த2னொ,noun,
-,ꢦ,ꢦ꣄ꢬꢾꢮ꣄ꢒꢥ꣄ ꢪꢾꢭ꣄ꢭꢶꢥꢶ,sourashtra,,,'ꢦꢬꢮꢒꢥꢪꢭꢭꢥ':1 'prevkanmellini':2 'prĕvkanmĕllini':3 'pleading':4 'entreating':5 'plead':6 'entreat':7 'சல':8,abstract|concept|idea,प्रेव्कन म॑ल्लिन|ப்ரேவ்கன் மெல்லினி|pre'vkan me'llini|prEvkan mEllini|prĕvkan mĕllini|pɾeʋkən̪ mellɪn̪ɪ,,"{""""script"""":""""sourashtra"""",""""category"""":""""noun"""",""""type"""":""""abstract""""}"
-,ꢭ,ꢭꢾꢛ꣄ꢙꢪ꣄,sourashtra,,,'ꢭꢛꢙꢪ':1 'lenjam':2 'lejjam':3 'lĕñjam':4 'bribe':5,abstract|concept|idea,लेञ्जम|லெஞ்ஜம்|le'njam|lEJjam|lĕñjam|leɲd͡ʒəm,,"{""""script"""":""""sourashtra"""",""""category"""":""""noun"""",""""type"""":""""abstract""""}"
^,,bribe,english,,english,,abstract|concept|idea,,noun,
^,,கையூட்டு,tamil,,tamil,'கயடட':1 'bribe':2,abstract|concept|idea,லெஞ்ஜம்,noun,
-,ꢆ,ꢆꢡ꣄ꢒꣁꢗ꣄,sourashtra,,,'ꢆꢡꢒꢗ':1 'utkoch':2 'utkoc':3 'utkŏc':4 'bribe':5,abstract|concept|idea,उत्कोच|உத்கோச்|utko'ch|utkOc|utkŏc|ut̪kot͡ʃ,,"{""""script"""":""""sourashtra"""",""""category"""":""""noun"""",""""type"""":""""abstract""""}"
-,ꢦ,ꢦ꣄ꢬꢾꢮꢸꢪꢣꢶꢥꢶ,sourashtra,,,'ꢦꢬꢮꢪꢣꢥ':1 'prevumadini':2 'prĕvumadini':3 'fondtalk':4 'cooing':5 'coo':6 'சல':7,abstract|concept|idea,प्रेवुवदिनि|ப்ரேவுவதி3னி|pre'vumadini|prEvumadini|prĕvumadini|pɾeʋuməd̪ɪn̪ɪ,,"{""""script"""":""""sourashtra"""",""""category"""":""""noun"""",""""type"""":""""abstract""""}"
^,,Fondtalk/cooing,english,,english,,abstract|concept|idea,,noun,
^,,கொஞ்சல்,tamil,,tamil,'கஞசல':1 'fondtalk':2 'cooing':3 'coo':4 'சல':5,abstract|concept|idea,ப்ரேவுவதி3னி,noun,
-,ꢥ,ꢥꢶꢥꢵꢮꢸ ꢮꢡ꣄ꢡꣁ,sourashtra,,,'ꢥꢥꢮꢮꢡꢡ':1 'ninaavuvatto':2 'ninavuvatto':3 'nināvuvattŏ':4 'fondtalk':5 'cooing':6 'coo':7 'சல':8,abstract|concept|idea,निनावु वत्ता॑|நி:னாவு வத்தொ|ninaavu vatto'|ninAvu vattO|nināvu vattŏ|n̪ɪn̪ɑːʋu ʋət̪t̪o,,"{""""script"""":""""sourashtra"""",""""category"""":""""noun"""",""""type"""":""""abstract""""}"
-,ꢪ,ꢪꢫꢵꢭꢸ ꢮꢡ꣄ꢡꣁ,sourashtra,,,'ꢪꢫꢭꢮꢡꢡ':1 'mayaaluvatto':2 'mayaluvatto':3 'mayāluvattŏ':4 'fondtalk':5 'cooing':6 'coo':7 'சல':8,abstract|concept|idea,मयालु वत्ता॑|மயாலு வத்தொ|mayaalu vatto'|mayAlu vattO|mayālu vattŏ|məjɑːlu ʋət̪t̪o,,"{""""script"""":""""sourashtra"""",""""category"""":""""noun"""",""""type"""":""""abstract""""}"
-,ꢓ,ꢓꢾꢜ꣄,sourashtra,,,'ꢓꢜ':1 'khet':2 'khĕṭ':3 'boil':4,abstract|concept|idea,खेट|கே2ட்|khe't'|khET|khĕṭ|kʰeʈ,,"{""""script"""":""""sourashtra"""",""""category"""":""""noun"""",""""type"""":""""abstract""""}"
^,,boil,english,,english,,abstract|concept|idea,,noun,
^,,கொதி,tamil,,tamil,'கத':1 'boil':2,abstract|concept|idea,கே2ட்,noun,
-,ꢗ,ꢗꢹꢞ꣄ꢲꢥꢱ꣄ꢡꢾ,sourashtra,,,'ꢗꢞꢲꢥꢱꢡ':1 'chood_hanaste':2 'cud_hanaste':3 'cūḍ_hanastĕ':4 'decoity':5,abstract|concept|idea,चूडहनस्ते|சூட்3ஹனஸ்தே|chood'_hanaste'|cUD_hanastE|cūḍ_hanastĕ|t͡ʃuːɖ_ɦən̪əs̪t̪e,,"{""""script"""":""""sourashtra"""",""""category"""":""""noun"""",""""type"""":""""abstract""""}"
^,,decoity,english,,english,,abstract|concept|idea,,noun,
^,,கொள்ளை,tamil,,tamil,'களள':1 'decoity':2,abstract|concept|idea,சூட்3ஹனஸ்தே,noun,
-,ꢮ,ꢮꢶꢣꢹꢰꢒꣁ,sourashtra,,,'ꢮꢣꢰꢒ':1 'vidooshako':2 'vidusako':3 'vidūṣakŏ':4 'clown':5 'buffoon':6,abstract|concept|idea,विदूषका॑|விதூ3ஷகொ|vidooshako'|vidUSakO|vidūṣakŏ|ʋɪd̪uːʂəko,,"{""""script"""":""""sourashtra"""",""""category"""":""""noun"""",""""type"""":""""abstract""""}"
^,,"clown, buffoon",english,,english,,abstract|concept|idea,,noun,
^,,கோமாளி,tamil,,tamil,'கமள':1 'clown':2 'buffoon':3,abstract|concept|idea,விதூ3ஷகொ,noun,
-,ꢮ,ꢮꢶꢣꢹꢰꢒꢦꢥ꣄,sourashtra,,,'ꢮꢣꢰꢒꢦꢥ':1 'vidooshakapan':2 'vidusakapan':3 'vidūṣakapan':4 'buffoonery':5 'தனம':6,abstract|concept|idea,विदूषकपन|விதூ3ஷகபன்|vidooshakapan|vidUSakapan|vidūṣakapan|ʋɪd̪uːʂəkəpən̪,,"{""""script"""":""""sourashtra"""",""""category"""":""""noun"""",""""type"""":""""abstract""""}"
^,,buffoonery,english,,english,,abstract|concept|idea,,noun,
^,,கோமாளித்தனம்,tamil,,tamil,'கமளததனம':1 'buffoonery':2 'தனம':3,abstract|concept|idea,விதூ3ஷகபன்,noun,
-,ꢤ,ꢤꢒ꣄ꢒꢶꢭꢾ,sourashtra,,,'ꢤꢒꢒꢭ':1 'dhakkile':2 'dhakkilĕ':3 'coward':4,abstract|concept|idea,धक्किल॑|த4க்கிலெ|dhakkile'|dhakkilE|dhakkilĕ|d̪ʰəkkɪle,,"{""""script"""":""""sourashtra"""",""""category"""":""""noun"""",""""type"""":""""abstract""""}"
^,,coward,english,,english,,abstract|concept|idea,,noun,
^,,கோழை,tamil,,tamil,'கழ':1 'coward':2,abstract|concept|idea,த4க்கிலெ,noun,
-,ꢤ,ꢤꢵꢒ꣄ꢸꢦꢥ꣄,sourashtra,,,'ꢤꢒꢦꢥ':1 'dhaak_upan':2 'dhak_upan':3 'dhāk_upan':4 'cowardice':5 'தனம':6,abstract|concept|idea,धाकुपन|தா4குபன்|dhaak_upan|dhAk_upan|dhāk_upan|d̪ʰɑːk_upən̪,,"{""""script"""":""""sourashtra"""",""""category"""":""""noun"""",""""type"""":""""abstract""""}"
^,,cowardice,english,,english,,abstract|concept|idea,,noun,
^,,கோழைத்தனம்,tamil,,tamil,'கழததனம':1 'cowardice':2 'தனம':3,abstract|concept|idea,தா4குபன்,noun,
-,ꢔ,ꢔꢮ꣄ꢬ꣄ꢡꣁ,sourashtra,,,'ꢔꢮꢬꢡ':1 'gavrto':2 'gavrtŏ':3 'prestige':4 'ளரவம':5,abstract|concept|idea,गव्र्ता॑|க3வ்ர்தொ|gavrto'|gavrtO|gavrtŏ|gəʋɾt̪o,,"{""""script"""":""""sourashtra"""",""""category"""":""""noun"""",""""type"""":""""abstract""""}"
^,,prestige,english,,english,,abstract|concept|idea,,noun,
^,,கெளரவம்,tamil,,tamil,'களரவம':1 'prestige':2 'ளரவம':3,abstract|concept|idea,க3வ்ர்தொ,noun,
-,ꢱ,ꢱꢲꢥꣁ,sourashtra,,,'ꢱꢲꢥ':1 'sahano':2 'sahanŏ':3 'tolerance':4 'சக':5 'தன':6,abstract|concept|idea,सहना॑|ஸஹனொ|sahano'|sahanO|sahanŏ|s̪əɦən̪o,,"{""""script"""":""""sourashtra"""",""""category"""":""""noun"""",""""type"""":""""abstract""""}"
^,,tolerance,english,,english,,abstract|concept|idea,,noun,
^,,சகிப்பு  / சகிப்புத்தன்மை,tamil,,tamil,'சகபபசகபபததனம':1 'tolerance':2 'சக':3 'தன':4,abstract|concept|idea,ஸஹனொ,noun,
-,ꢦ,ꢦꣁꢥ꣄ꢣꢸꢭ꣄ꢥꢶ,sourashtra,,,'ꢦꢥꢣꢭꢥ':1 'pondulni':2 'pŏndulni':3 'tolerance':4 'சக':5 'தன':6,abstract|concept|idea,पा॑न्तुल्नि|பொந்துல்னி|po'ndulni|pOndulni|pŏndulni|pon̪d̪uln̪ɪ,,"{""""script"""":""""sourashtra"""",""""category"""":""""noun"""",""""type"""":""""abstract""""}"
-,ꢩ,ꢩꢫ꣄ꢩꢾꢫ꣄ꢥꢾꢥꢸ ꢩꢵꢮꢥꣁ,sourashtra,,,'ꢩꢫꢩꢫꢥꢥꢩꢮꢥ':1 'bhaybheynenubhaavano':2 'bhaybheynenubhavano':3 'bhaybhĕynĕnubhāvanŏ':4 'brotherhood':5 'சக':6 'ரத':7 'வம':8,abstract|concept|idea,भय्भ॑न॑नु भावना॑|ப4ய்பெ4ய்னெனு பா4வனொ|bhaybhe'yne'nu bhaavano'|bhaybhEynEnu bhAvanO|bhaybhĕynĕnu bhāvanŏ|bʰəjbʰejn̪en̪u bʰɑːʋən̪o,,"{""""script"""":""""sourashtra"""",""""category"""":""""noun"""",""""type"""":""""abstract""""}"
^,,brotherhood,english,,english,,abstract|concept|idea,,noun,
^,,சகோரத்துவம்,tamil,,tamil,'சகரததவம':1 'brotherhood':2 'சக':3 'ரத':4 'வம':5,abstract|concept|idea,ப4ய்பெ4ய்னெனு பா4வனொ,noun,
-,ꢮ,ꢮꢵꢣꢸ ꢮꢡ꣄ꢡꣁ,sourashtra,,,'ꢮꢣꢮꢡꢡ':1 'vaaduvatto':2 'vaduvatto':3 'vāduvattŏ':4 'petty':5 'quarrel':6 'சச':7 'சரவ':8,abstract|concept|idea,वादु वत्ता॑|வாது3 வத்தொ|vaadu vatto'|vAdu vattO|vādu vattŏ|ʋɑːd̪u ʋət̪t̪o,,"{""""script"""":""""sourashtra"""",""""category"""":""""noun"""",""""type"""":""""abstract""""}"
^,,petty quarrel,english,,english,,abstract|concept|idea,,noun,
^,,சச்சரவு,tamil,,tamil,'சசசரவ':1 'petty':2 'quarrel':3 'சச':4 'சரவ':5,abstract|concept|idea,வாது3 வத்தொ,noun,
-,ꢥ,ꢥꢥ꣄ꢚꢾꢞꣁ,sourashtra,,,'ꢥꢥꢚꢞ':1 'nanjhedo':2 'nanjhĕḍŏ':3 'petty':4 'quarrel':5 'சச':6 'சரவ':7,abstract|concept|idea,नन्झ॑डा॑|ந:ன்ஜெ2டொ3|nanjhe'd'o'|nanjhEDO|nanjhĕḍŏ|n̪ən̪d͡ʒʰeɖo,,"{""""script"""":""""sourashtra"""",""""category"""":""""noun"""",""""type"""":""""abstract""""}"
-,ꢚ,ꢚꢾꢞꣀꢡ꣄,sourashtra,,,'ꢚꢞꢡ':1 'jhedait':2 'jhĕḍait':3 'quarrelsome':4 'man':5 'சண':6 'ரன':7,abstract|concept|idea,झेडैत|ஜெ2டை3த்|jhe'd'ait|jhEDait|jhĕḍait|d͡ʒʰeɖəɪt̪,,"{""""script"""":""""sourashtra"""",""""category"""":""""noun"""",""""type"""":""""abstract""""}"
^,,quarrelsome man,english,,english,,abstract|concept|idea,,noun,
^,,சண்டைக்காரன்,tamil,,tamil,'சணடககரன':1 'quarrelsome':2 'man':3 'சண':4 'ரன':5,abstract|concept|idea,ஜெ2டை3த்,noun,
-,ꢚ,ꢚꢾꢞꣀꢡꢶꢥ꣄,sourashtra,,,'ꢚꢞꢡꢥ':1 'jhedaitin':2 'jhĕḍaitin':3 'quarrelsome':4 'woman':5 'சண':6,abstract|concept|idea,झ॑डैतिन|ஜெ2டை3தின்|jhe'd'aitin|jhEDaitin|jhĕḍaitin|d͡ʒʰeɖəɪt̪ɪn̪,,"{""""script"""":""""sourashtra"""",""""category"""":""""noun"""",""""type"""":""""abstract""""}"
^,,quarrelsome woman,english,,english,,abstract|concept|idea,,noun,
^,,சண்டைக்காரி,tamil,,tamil,'சணடககர':1 'quarrelsome':2 'woman':3 'சண':4,abstract|concept|idea,ஜெ2டை3தின்,noun,
-,ꢣ,ꢣꢸꢬ꣄ꢫꣁꢗꢥꣁ,sourashtra,,,'ꢣꢬꢫꢗꢥ':1 'duryochano':2 'duryocano':3 'duryŏcanŏ':4 'conspiracy':5 'சத':6,abstract|concept|idea,दुर्योचना॑|து3ர்யோசனொ|duryo'chano'|duryOcanO|duryŏcanŏ|d̪uɾjot͡ʃən̪o,,"{""""script"""":""""sourashtra"""",""""category"""":""""noun"""",""""type"""":""""abstract""""}"
^,,conspiracy,english,,english,,abstract|concept|idea,,noun,
^,,சதி,tamil,,tamil,'சத':1 'conspiracy':2,abstract|concept|idea,து3ர்யோசனொ,noun,
-,ꢱ,ꢱꢞ꣄ꢫꢥ꣄ꢡ꣄ꢬꢸ,sourashtra,,,'ꢱꢞꢫꢥꢡꢬ':1 'sadyantru':2 'saḍyantru':3 'conspiracy':4 'சத':5,abstract|concept|idea,सड्यन्त्रु|ஸட்3யந்த்ரு|sad'yantru|saDyantru|saḍyantru|s̪əɖjən̪t̪ɾu,,"{""""script"""":""""sourashtra"""",""""category"""":""""noun"""",""""type"""":""""abstract""""}"
-,ꢱ,ꢱꢥ꣄ꢣꢬ꣄ꢩꢮꢵꢣꢶ,sourashtra,,,'ꢱꢥꢣꢬꢩꢮꢣ':1 'sandarbhavaadi':2 'sandarbhavadi':3 'sandarbhavādi':4 'opportunist':5 'சந':6 'தர':7 'பவ':8,abstract|concept|idea,सन्दर्भवादि|ஸந்த3ர்ப4வாதி3|sandarbhavaadi|sandarbhavAdi|sandarbhavādi|s̪ən̪d̪əɾbʰəʋɑːd̪ɪ,,"{""""script"""":""""sourashtra"""",""""category"""":""""noun"""",""""type"""":""""abstract""""}"
^,,opportunist,english,,english,,abstract|concept|idea,,noun,
^,,சந்தர்ப்பவாதி,tamil,,tamil,'சநதரபபவத':1 'opportunist':2 'சந':3 'தர':4 'பவ':5,abstract|concept|idea,ஸந்த3ர்ப4வாதி3,noun,
-,ꢱ,ꢱꢾꢥ꣄ꢣꢾꢮ꣄,sourashtra,,,'ꢱꢥꢣꢮ':1 'sendev':2 'sĕndĕv':3 'doubt':4 'சந':5 'கம':6,abstract|concept|idea,सेन्देव|ஸெந்தே3வ்|se'nde'v|sEndEv|sĕndĕv|s̪en̪d̪eʋ,,"{""""script"""":""""sourashtra"""",""""category"""":""""noun"""",""""type"""":""""abstract""""}"
^,,சந்தேகம்,tamil,,tamil,'சநதகம':1 'doubt':2 'சந':3 'கம':4,abstract|concept|idea,ஸெந்தே3வ்,noun,
-,ꢱ,ꢱꢲꢪꢡꢶ,sourashtra,,,'ꢱꢲꢪꢡ':1 'sahamati':2 'acceptance':3 'சம':4 'மதம':5,abstract|concept|idea,सहमति|ஸஹமதி|sahamati|sahamati|sahamati|s̪əɦəmət̪ɪ,,"{""""script"""":""""sourashtra"""",""""category"""":""""noun"""",""""type"""":""""abstract""""}"
^,,சம்மதம்,tamil,,tamil,'சமமதம':1 'acceptance':2 'சம':3 'மதம':4,abstract|concept|idea,ஸஹமதி,noun,
-,ꢬ,ꢬꢵꢙꢶ,sourashtra,,,'ꢬꢙ':1 'raaji':2 'raji':3 'rāji':4 'compromise':5 'சமரசம':6,abstract|concept|idea,राजि|ராஜி|raaji|rAji|rāji|ɾɑːd͡ʒɪ,,"{""""script"""":""""sourashtra"""",""""category"""":""""noun"""",""""type"""":""""abstract""""}"
^,,compromise,english,,english,,abstract|concept|idea,,noun,
^,,சமரசம்,tamil,,tamil,'சமரசம':1 'compromise':2,abstract|concept|idea,ராஜி,noun,
-,ꢏ,ꢏꢬ꣄ꢦꢸ,sourashtra,,,'ꢏꢬꢦ':1 'orpu':2 'ŏrpu':3 'compromise':4 'சமரசம':5,abstract|concept|idea,ओर्पु|ஓர்பு|o'rpu|Orpu|ŏrpu|oɾpu,,"{""""script"""":""""sourashtra"""",""""category"""":""""noun"""",""""type"""":""""abstract""""}"
-,ꢱ,ꢱꢬꢱ꣄,sourashtra,,,'ꢱꢬꢱ':1 'saras':2 'tact':3 'சரசம':4,abstract|concept|idea,सरस|ஸரஸ்|saras|saras|saras|s̪əɾəs̪,,"{""""script"""":""""sourashtra"""",""""category"""":""""noun"""",""""type"""":""""abstract""""}"
^,,tact,english,,english,,abstract|concept|idea,,noun,
^,,சரசம்,tamil,,tamil,'சரசம':1 'tact':2,abstract|concept|idea,ஸரஸ்,noun,
-,ꢒ,ꢒꢵꢬ꣄ꢫ ꢒꢸꢰꢭꢡꣁ,sourashtra,,,'ꢒꢬꢫꢒꢰꢭꢡ':1 'kaaryakushalato':2 'karyakusalato':3 'kāryakuṣalatŏ':4 'tact':5 'சரசம':6,abstract|concept|idea,कार्य कुषलता॑|கார்ய குஷலதொ|kaarya kushalato'|kArya kuSalatO|kārya kuṣalatŏ|kɑːɾjə kuʂələt̪o,,"{""""script"""":""""sourashtra"""",""""category"""":""""noun"""",""""type"""":""""abstract""""}"
-,ꢮ,ꢮꢶꢬꢱꢡꣁ,sourashtra,,,'ꢮꢬꢱꢡ':1 'virasato':2 'virasatŏ':3 'boredom':4 'சல':5,abstract|concept|idea,विरसता॑|விரஸதொ|virasato'|virasatO|virasatŏ|ʋɪɾəs̪ət̪o,,"{""""script"""":""""sourashtra"""",""""category"""":""""noun"""",""""type"""":""""abstract""""}"
^,,boredom,english,,english,,abstract|concept|idea,,noun,
^,,சலிப்பு,tamil,,tamil,'சலபப':1 'boredom':2 'சல':3,abstract|concept|idea,விரஸதொ,noun,
-,ꢱ,ꢱꢵꢤ꣄ꢫꢸ,sourashtra,,,'ꢱꢤꢫ':1 'saadhyu':2 'sadhyu':3 'sādhyu':4 'possibility':5 'யம':6,abstract|concept|idea,साध्यु|ஸாத்4யு|saadhyu|sAdhyu|sādhyu|s̪ɑːd̪ʰju,,"{""""script"""":""""sourashtra"""",""""category"""":""""noun"""",""""type"""":""""abstract""""}"
^,,possibility,english,,english,,abstract|concept|idea,,noun,
^,,சாத்தியம்,tamil,,tamil,'சததயம':1 'possibility':2 'யம':3,abstract|concept|idea,ஸாத்4யு,noun,
-,ꢱ,ꢱꢵꢤꢸ,sourashtra,,,'ꢱꢤ':1 'saadhu':2 'sadhu':3 'sādhu':4 'harmless':5 'person':6 'calm':7,abstract|concept|idea|person,साधु|ஸாது4|saadhu|sAdhu|sādhu|s̪ɑːd̪ʰu,,"{""""script"""":""""sourashtra"""",""""category"""":""""noun"""",""""type"""":""""concrete""""}"
^,,Harmless person,english,,english,,abstract|concept|idea|person,,noun,
^,,calm person,english,,english,,abstract|concept|idea|person,,noun,
^,,சாது,tamil,,tamil,'சத':1,abstract|concept|idea|person,ஸாது4,noun,
-,ꢯ,ꢯꢵꢥ꣄ꢡꢸ,sourashtra,,,'ꢯꢥꢡ':1 'shaantu':2 'zantu':3 'śāntu':4 'quietness':5 'தம':6,abstract|concept|idea,शान्तु|ஶாந்து|shaantu|zAntu|śāntu|ʃɑːn̪t̪u,,"{""""script"""":""""sourashtra"""",""""category"""":""""noun"""",""""type"""":""""abstract""""}"
^,,quietness,english,,english,,abstract|concept|idea,,noun,
^,,சாந்தம்,tamil,,tamil,'சநதம':1 'quietness':2 'தம':3,abstract|concept|idea,ஶாந்து,noun,
-,ꢦ,ꢦ꣄ꢬꢗ꣄ꢗꢥꣁ,sourashtra,,,'ꢦꢬꢗꢗꢥ':1 'prachchano':2 'praccano':3 'praccanŏ':4 'tangle':5 'mess':6 'கல':7,abstract|concept|idea,प्रच्चना॑|ப்ரச்சனொ|prachchano'|praccanO|praccanŏ|pɾət͡ʃt͡ʃən̪o,,"{""""script"""":""""sourashtra"""",""""category"""":""""noun"""",""""type"""":""""abstract""""}"
^,,Tangle/mess,english,,english,,abstract|concept|idea,,noun,
^,,சிக்கல்,tamil,,tamil,'சககல':1 'tangle':2 'mess':3 'கல':4,abstract|concept|idea,ப்ரச்சனொ,noun,
-,ꢨ,ꢨꢸꢱ꣄ꢒꣁ,sourashtra,,,'ꢨꢱꢒ':1 'busko':2 'buskŏ':3 'tangle':4 'mess':5 'கல':6,abstract|concept|idea,बुस्का॑|பு3ஸ்கொ|busko'|buskO|buskŏ|bus̪ko,,"{""""script"""":""""sourashtra"""",""""category"""":""""noun"""",""""type"""":""""abstract""""}"
-,ꢦ,ꢦꢶꢭꣁ,sourashtra,,,'ꢦꢭ':1 'pilo':2 'pilŏ':3 'tangle':4 'mess':5 'கல':6,abstract|concept|idea,पिला॑|பிளொ|pilo'|pilO|pilŏ|pɪlo,,"{""""script"""":""""sourashtra"""",""""category"""":""""noun"""",""""type"""":""""abstract""""}"
-,ꢗ,ꢗꢶꢥ꣄ꢡꢥꣁ,sourashtra,,,'ꢗꢥꢡꢥ':1 'chintano':2 'cintano':3 'cintanŏ':4 'thought':5 'think':6 'தன':7,abstract|concept|idea,चिन्तना॑|சிந்தனொ|chintano'|cintanO|cintanŏ|t͡ʃɪn̪t̪ən̪o,,"{""""script"""":""""sourashtra"""",""""category"""":""""noun"""",""""type"""":""""abstract""""}"
^,,சிந்தனை,tamil,,tamil,'சநதன':1 'thought':2 'think':3 'தன':4,abstract|concept|idea,சிந்தனொ,noun,
-,ꢗ,ꢗꢶꢥ꣄ꢡ,sourashtra,,,'ꢗꢥꢡ':1 'chinta':2 'cinta':3 'thought':4 'think':5,abstract|concept|idea,चिन्त|சிந்த|chinta|cinta|cinta|t͡ʃɪn̪t̪ə,,"{""""script"""":""""sourashtra"""",""""category"""":""""noun"""",""""type"""":""""abstract""""}"
^,,சிந்தை,tamil,,tamil,'சநத':1 'thought':2 'think':3,abstract|concept|idea,சிந்த,noun,
-,ꢲ,ꢲꢱꢶꢥꢶ,sourashtra,,,'ꢲꢱꢥ':1 'hasini':2 'laughter':3 'நக':4,abstract|concept|idea,हसिनि|ஹஸினி|hasini|hasini|hasini|ɦəs̪ɪn̪ɪ,,"{""""script"""":""""sourashtra"""",""""category"""":""""noun"""",""""type"""":""""abstract""""}"
^,,சிரிப்பு,tamil,,tamil,'சரபப':1,abstract|concept|idea,ஹஸினி,noun,
^,,நகை,tamil,,tamil,'நக':1,abstract|concept|idea,ஹஸினி,noun,
-,ꢱ,ꢱꢶꢖ꣄ꢔꢡꢶꢦꢥ꣄,sourashtra,,,'ꢱꢖꢔꢡꢦꢥ':1 'singatipan':2 'siggatipan':3 'siṅgatipan':4 'friendship':5 'கம':6,abstract|concept|idea,सिङ्गतिपन|ஸிங்க3தி3பன்|singatipan|siGgatipan|siṅgatipan|s̪ɪŋgət̪ɪpən̪,,"{""""script"""":""""sourashtra"""",""""category"""":""""noun"""",""""type"""":""""abstract""""}"
^,,friendship,english,,english,,abstract|concept|idea,,noun,
^,,சினேகம்,tamil,,tamil,'சனகம':1 'friendship':2 'கம':3,abstract|concept|idea,ஸிங்க3தி3பன்,noun,
-,ꢱ,ꢱꢾꢖ꣄ꢔꢣꢶꢦꢥ꣄,sourashtra,,,'ꢱꢖꢔꢣꢦꢥ':1 'sengadipan':2 'seggadipan':3 'sĕṅgadipan':4 'friendship':5 'கம':6,abstract|concept|idea,सेङ्गदिपन|ஸெங்க3தி3பன்|se'ngadipan|sEGgadipan|sĕṅgadipan|s̪eŋgəd̪ɪpən̪,,"{""""script"""":""""sourashtra"""",""""category"""":""""noun"""",""""type"""":""""abstract""""}"
-,ꢱ,ꢱꢶꢖ꣄ꢔꢡꢶ,sourashtra,,,'ꢱꢖꢔꢡ':1 'singati':2 'siggati':3 'siṅgati':4 'friend':5 'தன':6,abstract|concept|idea,सिङ्गति|ஸிங்க3தி|singati|siGgati|siṅgati|s̪ɪŋgət̪ɪ,,"{""""script"""":""""sourashtra"""",""""category"""":""""noun"""",""""type"""":""""abstract""""}"
^,,friend,english,,english,,abstract|concept|idea,,noun,
^,,சினேகிதன்,tamil,,tamil,'சனகதன':1 'தன':2,abstract|concept|idea,ஸிங்க3தி,noun,
^,,சினேகிதி,tamil,,tamil,'சனகத':1,abstract|concept|idea,ஸிங்க3தி,noun,
-,ꢱ,ꢱꢾꢖ꣄ꢔꣀꢡ꣄,sourashtra,,,'ꢱꢖꢔꢡ':1 'sengait':2 'seggait':3 'sĕṅgait':4 'friend':5 'தன':6,abstract|concept|idea,स॑ङ्गैत|ஸெங்கை3த்|se'ngait|sEGgait|sĕṅgait|s̪eŋgəɪt̪,,"{""""script"""":""""sourashtra"""",""""category"""":""""noun"""",""""type"""":""""abstract""""}"
-,ꢄ,ꢄꢰ꣄ꢜꢸꢜ꣄,sourashtra,,,'ꢄꢰꢜꢜ':1 'ishtut':2 'istut':3 'iṣṭuṭ':4 'friend':5 'தன':6,abstract|concept|idea,इष्टुट|இஷ்டுட்|isht'ut'|iSTuT|iṣṭuṭ|ɪʂʈuʈ,,"{""""script"""":""""sourashtra"""",""""category"""":""""noun"""",""""type"""":""""abstract""""}"
-,ꢱ,ꢱꢶꢖ꣄ꢒꢔꢵꢬ꣄,sourashtra,,,'ꢱꢖꢒꢔꢬ':1 'sinkagaar':2 'sigkagar':3 'siṅkagār':4 'beauty':5 'தரம':6,abstract|concept|idea,सिङ्गार्|ஸிங்கா3ர்|sinkagaar|siGkagAr|siṅkagār|s̪ɪŋkəgɑːɾ,,"{""""script"""":""""sourashtra"""",""""category"""":""""noun"""",""""type"""":""""abstract""""}"
^,,சுந்தரம்,tamil,,tamil,'சநதரம':1 'beauty':2 'தரம':3,abstract|concept|idea,ஸிங்கா3ர்,noun,
-,ꢩ,ꢩꢵꢬ,sourashtra,,,'ꢩꢬ':1 'bhaara':2 'bhara':3 'bhāra':4 'burden':5,abstract|concept|idea,भार|பா4ர்|bhaara|bhAra|bhāra|bʰɑːɾə,,"{""""script"""":""""sourashtra"""",""""category"""":""""noun"""",""""type"""":""""abstract""""}"
^,,burden,english,,english,,abstract|concept|idea,,noun,
^,,சுமை,tamil,,tamil,'சம':1 'burden':2,abstract|concept|idea,பா4ர்,noun,
-,ꢱ,ꢱꢮꢫꢒꣃꢬꢮ꣄,sourashtra,,,'ꢱꢮꢫꢒꢬꢮ':1 'savayakaurav':2 'self':3 'respect':4 'யமர':5,abstract|concept|idea,स्वयकौरव|ஸ்வயகௌ3ரவ்|savayakaurav|savayakaurav|savayakaurav|s̪əʋəjəkəuɾəʋ,,"{""""script"""":""""sourashtra"""",""""category"""":""""noun"""",""""type"""":""""abstract""""}"
^,,self-respect,english,,english,,abstract|concept|idea,,noun,
^,,சுயமரியாதை,tamil,,tamil,'சயமரயத':1 'self':2 'respect':3 'யமர':4,abstract|concept|idea,ஸ்வயகௌ3ரவ்,noun,
-,ꢱ,ꢱꣁꢬꢠꣁ,sourashtra,,,'ꢱꢬꢠ':1 'sorano':2 'sŏraṇŏ':3 'sensitivity':4 'ரண':5,abstract|concept|idea,सा॑रणा॑|ஸொரணொ|so'rano'|sOraNO|sŏraṇŏ|s̪oɾəɳo,,"{""""script"""":""""sourashtra"""",""""category"""":""""noun"""",""""type"""":""""abstract""""}"
^,,sensitivity,english,,english,,abstract|concept|idea,,noun,
^,,சுரணை,tamil,,tamil,'சரண':1 'sensitivity':2 'ரண':3,abstract|concept|idea,ஸொரணொ,noun,
-,ꢱ,ꢱ꣄ꢦꢬ꣄ꢯ ꢗꢾꢡꢥꣁ,sourashtra,,,'ꢱꢦꢬꢯꢗꢡꢥ':1 'sparshachetano':2 'sparzacetano':3 'sparśacĕtanŏ':4 'sensitivity':5 'ரண':6,abstract|concept|idea,स्पर्श चेतनो|ஸ்பர்ஶ சேதனொ|sparsha che'tano'|sparza cEtanO|sparśa cĕtanŏ|s̪pəɾʃə t͡ʃet̪ən̪o,,"{""""script"""":""""sourashtra"""",""""category"""":""""noun"""",""""type"""":""""abstract""""}"
-,ꢡ,ꢡ꣄ꢮꢬꢶꢡꢸ ꢩꢵꢮ꣄,sourashtra,,,'ꢡꢮꢬꢡꢩꢮ':1 'tvaritubhaav':2 'tvaritubhav':3 'tvaritubhāv':4 'briskness':5 'smartness':6 'சமர':7,abstract|concept|idea,त्वरितु भाव|த்வரிது பா4வ்|tvaritu bhaav|tvaritu bhAv|tvaritu bhāv|t̪ʋəɾɪt̪u bʰɑːʋ,,"{""""script"""":""""sourashtra"""",""""category"""":""""noun"""",""""type"""":""""abstract""""}"
-,ꢮ,ꢮꢾꢔꢸ ꢒꢾꢬ꣄ꢥꢶ,sourashtra,,,'ꢮꢔꢒꢬꢥ':1 'vegukerni':2 'vĕgukĕrni':3 'briskness':4 'smartness':5 'சமர':6,abstract|concept|idea,वेगु क॑र्नि|வேகு3 கெர்னி|ve'gu ke'rni|vEgu kErni|vĕgu kĕrni|ʋegu keɾn̪ɪ,,"{""""script"""":""""sourashtra"""",""""category"""":""""noun"""",""""type"""":""""abstract""""}"
-,ꢱ,ꢱꢹꢡꢸ,sourashtra,,,'ꢱꢡ':1 'sootu':2 'sutu':3 'sūtu':4 'gambling':5 'gamble':6,abstract|concept|idea,सूतु|ஸூது3|sootu|sUtu|sūtu|s̪uːt̪u,,"{""""script"""":""""sourashtra"""",""""category"""":""""noun"""",""""type"""":""""abstract""""}"
^,,gambling,english,,english,,abstract|concept|idea,,noun,
^,,சூது,tamil,,tamil,'சத':1 'gambling':2 'gamble':3,abstract|concept|idea,ஸூது3,noun,
-,ꢒ,ꢒꢬ꣄ꢪꣁ,sourashtra,,,'ꢒꢬꢪ':1 'karmo':2 'karmŏ':3 'deed':4 'யல':5,abstract|concept|idea,कर्मा॑|கர்மொ|karmo'|karmO|karmŏ|kəɾmo,,"{""""script"""":""""sourashtra"""",""""category"""":""""noun"""",""""type"""":""""abstract""""}"
^,,deed,english,,english,,abstract|concept|idea,,noun,
^,,செயல்,tamil,,tamil,'சயல':1 'deed':2 'யல':3,abstract|concept|idea,கர்மொ,noun,
-,ꢪ,ꢪꢷ ꢩꢵꢮ꣄,sourashtra,,,'ꢪꢩꢮ':1 'meebhaav':2 'mibhav':3 'mībhāv':4 'proudness':5,abstract|concept|idea,मी भाव|மீ பா4வ்|mee bhaav|mI bhAv|mī bhāv|miː bʰɑːʋ,,"{""""script"""":""""sourashtra"""",""""category"""":""""noun"""",""""type"""":""""abstract""""}"
-,ꢂ,ꢂꢲꢖ꣄ꢒꢵꢬ꣄,sourashtra,,,'ꢂꢲꢖꢒꢬ':1 'ahankaar':2 'ahagkar':3 'ahaṅkār':4 'proudness':5,abstract|concept|idea,अहङ्कार|அஹங்கார்|ahankaar|ahaGkAr|ahaṅkār|əɦəŋkɑːɾ,,"{""""script"""":""""sourashtra"""",""""category"""":""""noun"""",""""type"""":""""abstract""""}"
-,ꢪ,ꢪꢪꢡꣁ,sourashtra,,,'ꢪꢪꢡ':1 'mamato':2 'mamatŏ':3 'proudness':4,abstract|concept|idea,ममता॑|மமதொ|mamato'|mamatO|mamatŏ|məmət̪o,,"{""""script"""":""""sourashtra"""",""""category"""":""""noun"""",""""type"""":""""abstract""""}"
-,ꢚ,ꢚꢸꢒ꣄ꢒꢸꢮꢿꢱ꣄ ꢒꢾꢬ꣄ꢥꢵꢬ꣄,sourashtra,,,'ꢚꢒꢒꢮꢱꢒꢬꢥꢬ':1 'jhukkuveskernaar':2 'jhukkuveskernar':3 'jhukkuveskĕrnār':4 'spendthrift':5 'லவ':6,abstract|concept|idea,झुक्कुवेस्क॑र्नार|ஜு2க்கு வேஸ் கெர்னார்|jhukkuves ke'rnaar|jhukkuves kErnAr|jhukkuves kĕrnār|d͡ʒʰukkuʋeːs̪ keɾn̪ɑːɾ,,"{""""script"""":""""sourashtra"""",""""category"""":""""noun"""",""""type"""":""""abstract""""}"
-,ꢂ,ꢂꢭꢱꣁ,sourashtra,,,'ꢂꢭꢱ':1 'alaso':2 'alasŏ':3 'lazy':4 'fellow':5,abstract|concept|idea,अलसा॑|அலஸொ|alaso'|alasO|alasŏ|ələs̪o,,"{""""script"""":""""sourashtra"""",""""category"""":""""noun"""",""""type"""":""""abstract""""}"
^,,lazy fellow,english,,english,,abstract|concept|idea,,noun,
^,,சோம்பேறி,tamil,,tamil,'சமபற':1 'lazy':2 'fellow':3,abstract|concept|idea,அலஸொ,noun,
-,ꢂ,ꢂꢱꢪꢥ꣄ꢣꢪ꣄,sourashtra,,,'ꢂꢱꢪꢥꢣꢪ':1 'asamandam':2 'lazy':3 'fellow':4,abstract|concept|idea,असमन्दम|அஸமந்த3ம்|asamandam|asamandam|asamandam|əs̪əmən̪d̪əm,,"{""""script"""":""""sourashtra"""",""""category"""":""""noun"""",""""type"""":""""abstract""""}"
-,ꢪ,ꢪꢥ꣄ꢣꢪ꣄,sourashtra,,,'ꢪꢥꢣꢪ':1 'mandam':2 'laziness':3 'தனம':4,abstract|concept|idea,मन्दम|மந்த3ம்|mandam|mandam|mandam|mən̪d̪əm,,"{""""script"""":""""sourashtra"""",""""category"""":""""noun"""",""""type"""":""""abstract""""}"
^,,laziness,english,,english,,abstract|concept|idea,,noun,
^,,சோம்பேறித்தனம்,tamil,,tamil,'சமபறததனம':1 'laziness':2 'தனம':3,abstract|concept|idea,மந்த3ம்,noun,
-,ꢃ,ꢃꢭꢱ꣄ꢫꣁ,sourashtra,,,'ꢃꢭꢱꢫ':1 'aalasyo':2 'alasyo':3 'ālasyŏ':4 'laziness':5 'தனம':6,abstract|concept|idea,आलस्यो|ஆலஸ்யொ|aalasyo'|AlasyO|ālasyŏ|ɑːləs̪jo,,"{""""script"""":""""sourashtra"""",""""category"""":""""noun"""",""""type"""":""""abstract""""}"
-,ꢱ,ꢱꣃꢥ꣄ꢣꢬ꣄ꢫꣁ,sourashtra,,,'ꢱꢥꢣꢬꢫ':1 'saundaryo':2 'saundaryŏ':3 'beauty':4 'ளந':5 'தர':6 'யம':7,abstract|concept|idea,सौन्दर्या॑|ஸெளந்த3ர்யொ|saundaryo'|saundaryO|saundaryŏ|s̪əun̪d̪əɾjo,,"{""""script"""":""""sourashtra"""",""""category"""":""""noun"""",""""type"""":""""abstract""""}"
^,,செளந்தரியம்,tamil,,tamil,'சளநதரயம':1 'beauty':2 'ளந':3 'தர':4 'யம':5,abstract|concept|idea,ஸெளந்த3ர்யொ,noun,
-,ꢲ,ꢲꢜ꣄ꢮꢥꢸ ꢯꢒ꣄ꢡꢶ,sourashtra,,,'ꢲꢜꢮꢥꢯꢒꢡ':1 'hatvanushakti':2 'hatvanuzakti':3 'haṭvanuśakti':4 'memory':5 'power':6 'பகச':7 'சக':8,abstract|concept|idea,हट्वनु शक्ति|ஹட்வனு ஶக்தி|hat'vanu shakti|haTvanu zakti|haṭvanu śakti|ɦəʈʋən̪u ʃəkt̪ɪ,,"{""""script"""":""""sourashtra"""",""""category"""":""""noun"""",""""type"""":""""abstract""""}"
^,,memory power,english,,english,,abstract|concept|idea,,noun,
^,,ஞாபகச்சக்தி,tamil,,tamil,'ஞபகசசகத':1 'memory':2 'power':3 'பகச':4 'சக':5,abstract|concept|idea,ஹட்வனு ஶக்தி,noun,
-,ꢡ,ꢡꢾꢜ꣄ꢜꢸ ꢪꢸꢜ꣄ꢜꢫꢶꢥꢶ,sourashtra,,,'ꢡꢜꢜꢪꢜꢜꢫꢥ':1 'tettumuttayini':2 'tĕṭṭumuṭṭayini':3 'glitch':4 'தட':5 'றம':6,abstract|concept|idea,तेट्टु मुट्टयिनि|தெட்டு முட்டயினி|te't't'u mut't'ayini|tETTu muTTayini|tĕṭṭu muṭṭayini|t̪eʈʈu muʈʈəjɪn̪ɪ,,"{""""script"""":""""sourashtra"""",""""category"""":""""noun"""",""""type"""":""""abstract""""}"
^,,glitch,english,,english,,abstract|concept|idea,,noun,
^,,தடுமாற்றம்,tamil,,tamil,'தடமறறம':1 'glitch':2 'தட':3 'றம':4,abstract|concept|idea,தெட்டு முட்டயினி,noun,
-,ꢯ,ꢯꢶꢳ꣄ꢳꢦꢥ꣄,sourashtra,,,'ꢯꢳꢳꢦꢥ':1 'shillapan':2 'zillapan':3 'śillapan':4 'coolness':5 'தண':6,abstract|concept|idea,शिळ्ळपन|ஶிள்ளபன்|shil'l'apan|ziLLapan|śil̤l̤apan|ʃɪɭɭəpən̪,,"{""""script"""":""""sourashtra"""",""""category"""":""""noun"""",""""type"""":""""abstract""""}"
^,,coolness,english,,english,,abstract|concept|idea,,noun,
^,,தண்மை,tamil,,tamil,'தணம':1 'coolness':2 'தண':3,abstract|concept|idea,ஶிள்ளபன்,noun,
-,ꢡ,ꢡꢥ꣄ꢡꢸꢬꢸꢦꢥ꣄,sourashtra,,,'ꢡꢥꢡꢬꢦꢥ':1 'tanturupan':2 'cleverness':3 'தந':4 'ரம':5,abstract|concept|idea,तन्तुरुपन|தந்துருபன்|tanturupan|tanturupan|tanturupan|t̪ən̪t̪uɾupən̪,,"{""""script"""":""""sourashtra"""",""""category"""":""""noun"""",""""type"""":""""abstract""""}"
^,,cleverness,english,,english,,abstract|concept|idea,,noun,
^,,தந்திரம்,tamil,,tamil,'தநதரம':1 'cleverness':2 'தந':3 'ரம':4,abstract|concept|idea,தந்துருபன்,noun,
-,ꢡ,ꢡꢪꢵꢰ꣄,sourashtra,,,'ꢡꢪꢰ':1 'tamaash':2 'tamas':3 'tamāṣ':4 'humour':5 'தம':6,abstract|concept|idea,तमाष्|தமாஷ்|tamaash|tamAS|tamāṣ|t̪əmɑːʂ,,"{""""script"""":""""sourashtra"""",""""category"""":""""noun"""",""""type"""":""""abstract""""}"
^,,humour,english,,english,,abstract|concept|idea,,noun,
^,,தமாஷ்,tamil,,tamil,'தமஷ':1 'humour':2 'தம':3,abstract|concept|idea,தமாஷ்,noun,
-,ꢦ,ꢦꢱ꣄ꢡꣁꢒ꣄ꢒꢶꢥꢶ,sourashtra,,,'ꢦꢱꢡꢒꢒꢥ':1 'pastokkini':2 'pastŏkkini':3 'hesitation':4 'தயக':5 'கம':6,abstract|concept|idea,पस्ता॑क्किनि|பஸ்தொக்கினி|pasto'kkini|pastOkkini|pastŏkkini|pəs̪t̪okkɪn̪ɪ,,"{""""script"""":""""sourashtra"""",""""category"""":""""noun"""",""""type"""":""""abstract""""}"
^,,hesitation,english,,english,,abstract|concept|idea,,noun,
^,,தயக்கம்,tamil,,tamil,'தயககம':1 'hesitation':2 'தயக':3 'கம':4,abstract|concept|idea,பஸ்தொக்கினி,noun,
-,ꢱ,ꢱꢖ꣄ꢒꣂꢗ꣄,sourashtra,,,'ꢱꢖꢒꢗ':1 'sankoch':2 'sagkoc':3 'saṅkoc':4 'hesitation':5 'தயக':6 'கம':7,abstract|concept|idea,सङ्कोच|ஸங்கோச்|sankoch|saGkoc|saṅkoc|s̪əŋkoːt͡ʃ,,"{""""script"""":""""sourashtra"""",""""category"""":""""noun"""",""""type"""":""""abstract""""}"
-,ꢣ,ꢣꢬ꣄ꢯꢥꣁ,sourashtra,,,'ꢣꢬꢯꢥ':1 'darshano':2 'darzano':3 'darśanŏ':4 'holy':5 'vision':6 'தர':7 'சனம':8,abstract|concept|idea,दना॑र्शना॑|த3ர்ஶனொ|darshano'|darzanO|darśanŏ|d̪əɾʃən̪o,,"{""""script"""":""""sourashtra"""",""""category"""":""""noun"""",""""type"""":""""abstract""""}"
^,,Holy vision,english,,english,,abstract|concept|idea,,noun,
^,,தரிசனம்,tamil,,tamil,'தரசனம':1 'holy':2 'vision':3 'தர':4 'சனம':5,abstract|concept|idea,த3ர்ஶனொ,noun,
-,ꢣ,ꢣꣁꢱ꣄ꢒꣁ ꢏꢖ꣄ꢔꢶꢥꢶ,sourashtra,,,'ꢣꢱꢒꢏꢖꢔꢥ':1 'doskoongini':2 'doskooggini':3 'dŏskŏŏṅgini':4 'humiliation':5 'தல':6,abstract|concept|idea,दा॑स्का॑ आ॑ङ्गिनि|தொ3ஸ்கொ ஒங்கி3னி|do'sko' o'ngini|dOskO OGgini|dŏskŏ ŏṅgini|d̪os̪ko oŋgɪn̪ɪ,,"{""""script"""":""""sourashtra"""",""""category"""":""""noun"""",""""type"""":""""abstract""""}"
^,,Humiliation,english,,english,,abstract|concept|idea,,noun,
^,,தலைகுனிவு,tamil,,tamil,'தலகனவ':1 'humiliation':2 'தல':3,abstract|concept|idea,தொ3ஸ்கொ ஒங்கி3னி,noun,
-,ꢔ,ꢔꢾꢬꢸꢮꢸ ꢩꢖ꣄ꢔꢸ,sourashtra,,,'ꢔꢬꢮꢩꢖꢔ':1 'geruvubhangu':2 'geruvubhaggu':3 'gĕruvubhaṅgu':4 'humiliation':5 'தல':6,abstract|concept|idea,ग॑रुवु भङ्गु|கெ3ருவு ப4ங்கு3|ge'ruvu bhangu|gEruvu bhaGgu|gĕruvu bhaṅgu|geɾuʋu bʰəŋgu,,"{""""script"""":""""sourashtra"""",""""category"""":""""noun"""",""""type"""":""""abstract""""}"
-,ꢮ,ꢮꢶꢯ꣄꣄ꢬꢵꢥ꣄ꢡꢶ,sourashtra,,,'ꢮꢯꢬꢥꢡ':1 'vishraanti':2 'vizranti':3 'viśrānti':4 'relaxing':5 'relax':6 'தளர':7,abstract|concept|idea,विश्रान्ति|விஶ்ராந்தி|vishraanti|vizrAnti|viśrānti|ʋɪʃɾɑːn̪t̪ɪ,,"{""""script"""":""""sourashtra"""",""""category"""":""""noun"""",""""type"""":""""abstract""""}"
^,,relaxing,english,,english,,abstract|concept|idea,,noun,
^,,தளர்ச்சி,tamil,,tamil,'தளரசச':1 'relaxing':2 'relax':3 'தளர':4,abstract|concept|idea,விஶ்ராந்தி,noun,
-,ꢮ,ꢮꢶꢬꢵꢪꣁ,sourashtra,,,'ꢮꢬꢪ':1 'viraamo':2 'viramo':3 'virāmŏ':4 'relaxing':5 'relax':6 'தளர':7,abstract|concept|idea,विरामा॑|விராமொ|viraamo'|virAmO|virāmŏ|ʋɪɾɑːmo,,"{""""script"""":""""sourashtra"""",""""category"""":""""noun"""",""""type"""":""""abstract""""}"
-,ꢦ,ꢦꢬꢶꢯ꣄꣄ꢬꢪꣁ,sourashtra,,,'ꢦꢬꢯꢬꢪ':1 'parishramo':2 'parizramo':3 'pariśramŏ':4 'relaxing':5 'relax':6 'தளர':7,abstract|concept|idea,परिश्रमा॑|பரிஶ்ரமொ|parishramo'|parizramO|pariśramŏ|pəɾɪʃɾəmo,,"{""""script"""":""""sourashtra"""",""""category"""":""""noun"""",""""type"""":""""abstract""""}"
-,ꢯ,ꢯ꣄꣄ꢬꢪꢦꢬꢶꢲꢵꢬ꣄,sourashtra,,,'ꢯꢬꢪꢦꢬꢲꢬ':1 'shramaparihaar':2 'zramaparihar':3 'śramaparihār':4 'relaxing':5 'relax':6 'தளர':7,abstract|concept|idea,श्रमपरिहार|ஶ்ரமபரிஹார்|shramaparihaar|zramaparihAr|śramaparihār|ʃɾəməpəɾɪɦɑːɾ,,"{""""script"""":""""sourashtra"""",""""category"""":""""noun"""",""""type"""":""""abstract""""}"
-,ꢱ,ꢱꢸꢫꢔꣃꢬꢮ꣄,sourashtra,,,'ꢱꢫꢔꢬꢮ':1 'suyagaurav':2 'self':3 'prestige':4 'தன':5 'னம':6,abstract|concept|idea,सुयगौरव|ஸுயகௌ3ரவ்|suyagaurav|suyagaurav|suyagaurav|s̪ujəgəuɾəʋ,,"{""""script"""":""""sourashtra"""",""""category"""":""""noun"""",""""type"""":""""abstract""""}"
^,,self-prestige,english,,english,,abstract|concept|idea,,noun,
^,,தன்மானம்,tamil,,tamil,'தனமனம':1 'self':2 'prestige':3 'தன':4 'னம':5,abstract|concept|idea,ஸுயகௌ3ரவ்,noun,
-,ꢂ,ꢂꢭꢔ꣄ꢔꢸꢠ꣄ꢠꢸ,sourashtra,,,'ꢂꢭꢔꢔꢠꢠ':1 'alaggunnu':2 'alagguṇṇu':3 'individuality':4 'தன':5 'வம':6,abstract|concept|idea,अलग्गुण्णु|அலக்3கு3ண்ணு|alaggunnu|alagguNNu|alagguṇṇu|ələgguɳɳu,,"{""""script"""":""""sourashtra"""",""""category"""":""""noun"""",""""type"""":""""abstract""""}"
^,,individuality,english,,english,,abstract|concept|idea,,noun,
^,,தனித்துவம்,tamil,,tamil,'தனததவம':1 'individuality':2 'தன':3 'வம':4,abstract|concept|idea,அலக்3கு3ண்ணு,noun,
-,ꢮ,ꢮ꣄ꢫꢒ꣄ꢡꢶꢡ꣄ꢮꣁ,sourashtra,,,'ꢮꢫꢒꢡꢡꢮ':1 'vyaktitvo':2 'vyaktitvŏ':3 'individuality':4 'தன':5 'வம':6,abstract|concept|idea,व्यक्तित्वा॑|வ்யக்தித்வொ|vyaktitvo'|vyaktitvO|vyaktitvŏ|ʋjəkt̪ɪt̪ʋo,,"{""""script"""":""""sourashtra"""",""""category"""":""""noun"""",""""type"""":""""abstract""""}"
-,ꢦ,ꢦ꣄ꢬꢸꢢꢒ꣄ꢩꢵꢮ꣄,sourashtra,,,'ꢦꢬꢢꢒꢩꢮ':1 'pruthakbhaav':2 'pruthakbhav':3 'pruthakbhāv':4 'individuality':5 'தன':6 'வம':7,abstract|concept|idea,प्रुथक्भाव|ப்ருத2க்பா4வ்|pruthakbhaav|pruthakbhAv|pruthakbhāv|pɾut̪ʰəkbʰɑːʋ,,"{""""script"""":""""sourashtra"""",""""category"""":""""noun"""",""""type"""":""""abstract""""}"
-,ꢮ,ꢮꢶꢯꢿꢰꢸꢔꢸꢠ꣄ꢠꢸ,sourashtra,,,'ꢮꢯꢰꢔꢠꢠ':1 'visheshugunnu':2 'vizesugunnu':3 'viśeṣuguṇṇu':4 'individuality':5 'தன':6 'வம':7,abstract|concept|idea,विशेषु गुण्णु|விஶேஷு கு3ண்ணு|visheshugunnu|vizeSuguNNu|viśeṣuguṇṇu|ʋɪʃeːʂuguɳɳu,,"{""""script"""":""""sourashtra"""",""""category"""":""""noun"""",""""type"""":""""abstract""""}"
-,ꢏ,ꢏꢠ꣄ꢜꢶꢦꢥ꣄,sourashtra,,,'ꢏꢠꢜꢦꢥ':1 'ontipan':2 'ŏṇṭipan':3 'loneliness':4 'தன':5,abstract|concept|idea,आ॑ण्टिपन|ஒண்டிபன்|o'nt'ipan|ONTipan|ŏṇṭipan|oɳʈɪpən̪,,"{""""script"""":""""sourashtra"""",""""category"""":""""noun"""",""""type"""":""""abstract""""}"
^,,loneliness,english,,english,,abstract|concept|idea,,noun,
^,,தனிமை,tamil,,tamil,'தனம':1 'loneliness':2 'தன':3,abstract|concept|idea,ஒண்டிபன்,noun,
-,ꢂ,ꢂꢭꢔ꣄ꢔ ꢬꢴꢥꢶ,sourashtra,,,'ꢂꢭꢔꢔꢬꢥ':1 'alaggarhani':2 'loneliness':3 'தன':4,abstract|concept|idea,अलग्ग र्हनि|அலக்3 க3ர:னி|alagga rhani|alagga rhani|alagga rhani|ələggə ɾɦən̪ɪ,,"{""""script"""":""""sourashtra"""",""""category"""":""""noun"""",""""type"""":""""abstract""""}"
-,ꢮ,ꢮꢾꢔꢸꢭꢦꢥ꣄,sourashtra,,,'ꢮꢔꢭꢦꢥ':1 'vegulapan':2 'vĕgulapan':3 'loneliness':4 'தன':5,abstract|concept|idea,व॑कुलपन|வெகுளபன்|ve'gulapan|vEgulapan|vĕgulapan|ʋeguləpən̪,,"{""""script"""":""""sourashtra"""",""""category"""":""""noun"""",""""type"""":""""abstract""""}"
-,ꢱ,ꢱꣂꢒ꣄,sourashtra,,,'ꢱꢒ':1 'sok':2 'thirst':3 'கம':4,abstract|concept|idea,सोक्|ஶோக்|sok|sok|sok|s̪oːk,,"{""""script"""":""""sourashtra"""",""""category"""":""""noun"""",""""type"""":""""abstract""""}"
^,,thirst,english,,english,,abstract|concept|idea,,noun,
^,,தாகம்,tamil,,tamil,'தகம':1 'thirst':2 'கம':3,abstract|concept|idea,ஶோக்,noun,
-,ꢣ,ꢣꢵꢪ꣄ꢦꢡ꣄ꢫꢙꢶꢮ꣄ꢥꢪ꣄,sourashtra,,,'ꢣꢪꢦꢡꢫꢙꢮꢥꢪ':1 'daampatyajivnam':2 'dampatyajivnam':3 'dāmpatyajivnam':4 'conjugal':5 'life':6 'பத':7 'யம':8,abstract|concept|idea,दाम्पत्यजिव्नम|தா3ம்பத்யஜிவ்னம்|daampatyajivnam|dAmpatyajivnam|dāmpatyajivnam|d̪ɑːmpət̪jəd͡ʒɪʋn̪əm,,"{""""script"""":""""sourashtra"""",""""category"""":""""noun"""",""""type"""":""""abstract""""}"
^,,Conjugal life,english,,english,,abstract|concept|idea,,noun,
^,,தாம்பத்தியம்,tamil,,tamil,'தமபததயம':1 'conjugal':2 'life':3 'பத':4 'யம':5,abstract|concept|idea,தா3ம்பத்யஜிவ்னம்,noun,
-,ꢱ,ꢱꢡꢶꢦꢡꢶ ꢙꢶꢮ꣄ꢥꢪ,sourashtra,,,'ꢱꢡꢦꢡꢙꢮꢥꢪ':1 'satipatijivnama':2 'conjugal':3 'life':4 'பத':5 'யம':6,abstract|concept|idea,सतिपति जिव्नम|ஸதிபதி ஜிவ்னம்|satipati jivnama|satipati jivnama|satipati jivnama|s̪ət̪ɪpət̪ɪ d͡ʒɪʋn̪əmə,,"{""""script"""":""""sourashtra"""",""""category"""":""""noun"""",""""type"""":""""abstract""""}"
-,ꢆ,ꢆꢣꢵꢬꢔꢸꢠ꣄ꢠꢸ,sourashtra,,,'ꢆꢣꢬꢔꢠꢠ':1 'udaaragunnu':2 'udaragunnu':3 'udāraguṇṇu':4 'generocity':5 'மனப':6,abstract|concept|idea,उदारगुण्णु|உதா3ரகு3ண்ணு|udaaragunnu|udAraguNNu|udāraguṇṇu|ud̪ɑːɾəguɳɳu,,"{""""script"""":""""sourashtra"""",""""category"""":""""noun"""",""""type"""":""""abstract""""}"
^,,generocity,english,,english,,abstract|concept|idea,,noun,
^,,தாராள மனப்பான்மை,tamil,,tamil,'தரளமனபபனம':1 'generocity':2 'மனப':3,abstract|concept|idea,உதா3ரகு3ண்ணு,noun,
-,ꢣ,ꢣꢾꢛ꣄ꢗꢸ,sourashtra,,,'ꢣꢛꢗ':1 'denchu':2 'dejcu':3 'dĕñcu':4 'firmness':5 'டம':6,abstract|concept|idea,द॑ञ्चु|தெ3ஞ்சு|de'nchu|dEJcu|dĕñcu|d̪eɲt͡ʃu,,"{""""script"""":""""sourashtra"""",""""category"""":""""noun"""",""""type"""":""""abstract""""}"
^,,firmness,english,,english,,abstract|concept|idea,,noun,
^,,திடம்,tamil,,tamil,'தடம':1 'firmness':2 'டம':3,abstract|concept|idea,தெ3ஞ்சு,noun,
-,ꢗ,ꢗꣂꢬꢸꢦꢥ꣄,sourashtra,,,'ꢗꢬꢦꢥ':1 'chorupan':2 'corupan':3 'stealing':4 'steal':5 'தனம':6,abstract|concept|idea,चोरुपन|சோருபன்|chorupan|corupan|corupan|t͡ʃoːɾupən̪,,"{""""script"""":""""sourashtra"""",""""category"""":""""noun"""",""""type"""":""""abstract""""}"
^,,stealing,english,,english,,abstract|concept|idea,,noun,
^,,திருட்டுத்தனம்,tamil,,tamil,'தரடடததனம':1 'stealing':2 'steal':3 'தனம':4,abstract|concept|idea,சோருபன்,noun,
-,ꢱ,ꢱꢾꢬ꣄ꢒꢒꢬ꣄ꢥꢶ,sourashtra,,,'ꢱꢬꢒꢒꢬꢥ':1 'serkakarni':2 'sĕrkakarni':3 'correction':4 'தம':5,abstract|concept|idea,स॑र्ककर्नि|ஸெர்ககர்னி|se'rkakarni|sErkakarni|sĕrkakarni|s̪eɾkəkəɾn̪ɪ,,"{""""script"""":""""sourashtra"""",""""category"""":""""noun"""",""""type"""":""""abstract""""}"
^,,correction,english,,english,,abstract|concept|idea,,noun,
^,,திருத்தம்,tamil,,tamil,'தரததம':1 'correction':2 'தம':3,abstract|concept|idea,ஸெர்ககர்னி,noun,
-,ꢡ,ꢡꢶꢣ꣄ꢣꢸꢮꢭꢶ,sourashtra,,,'ꢡꢣꢣꢮꢭ':1 'tidduvali':2 'correction':3 'தம':4,abstract|concept|idea,तिद्दुवलि|தித்3து3வளி|tidduvali|tidduvali|tidduvali|t̪ɪd̪d̪uʋəlɪ,,"{""""script"""":""""sourashtra"""",""""category"""":""""noun"""",""""type"""":""""abstract""""}"
-,ꢡ,ꢡꢶꢬꢸꢦ꣄ꢡꢶ,sourashtra,,,'ꢡꢬꢦꢡ':1 'tirupti':2 'contentment':3 'satisfaction':4,abstract|concept|idea,तिरुप्ति|திருப்தி|tirupti|tirupti|tirupti|t̪ɪɾupt̪ɪ,,"{""""script"""":""""sourashtra"""",""""category"""":""""noun"""",""""type"""":""""abstract""""}"
^,,"contentment, satisfaction",english,,english,,abstract|concept|idea,,noun,
^,,திருப்தி,tamil,,tamil,'தரபத':1 'contentment':2 'satisfaction':3,abstract|concept|idea,திருப்தி,noun,
-,ꢡ,ꢡ꣄ꢫꢵꢔ꣄,sourashtra,,,'ꢡꢫꢔ':1 'tyaag':2 'tyag':3 'tyāg':4 'relinquishing':5 'sacrifice':6 'martyrdom':7 'relinquish':8 'கம':9,abstract|concept|idea,त्याग|த்யாக்3|tyaag|tyAg|tyāg|t̪jɑːg,,"{""""script"""":""""sourashtra"""",""""category"""":""""noun"""",""""type"""":""""abstract""""}"
^,,relinquishing/ sacrifice/ martyrdom,english,,english,,abstract|concept|idea,,noun,
^,,தியாகம்,tamil,,tamil,'தயகம':1 'relinquishing':2 'sacrifice':3 'martyrdom':4 'relinquish':5 'கம':6,abstract|concept|idea,த்யாக்3,noun,
-,ꢡ,ꢡ꣄ꢫꢵꢔꢶ,sourashtra,,,'ꢡꢫꢔ':1 'tyaagi':2 'tyagi':3 'tyāgi':4 'relinquisher':5 'martyr':6,abstract|concept|idea,त्यागि|த்யாகி3|tyaagi|tyAgi|tyāgi|t̪jɑːgɪ,,"{""""script"""":""""sourashtra"""",""""category"""":""""noun"""",""""type"""":""""abstract""""}"
^,,Relinquisher/ martyr,english,,english,,abstract|concept|idea,,noun,
^,,தியாகி,tamil,,tamil,'தயக':1 'relinquisher':2 'martyr':3,abstract|concept|idea,த்யாகி3,noun,
-,ꢱ,ꢱꢪꢬ꣄ꢢꢸ,sourashtra,,,'ꢱꢪꢬꢢ':1 'samarthu':2 'ability':3 'skill':4 'றம':5,abstract|concept|idea,समर्थु|ஸமர்து2|samarthu|samarthu|samarthu|s̪əməɾt̪ʰu,,"{""""script"""":""""sourashtra"""",""""category"""":""""noun"""",""""type"""":""""abstract""""}"
^,,"ability, skill",english,,english,,abstract|concept|idea,,noun,
^,,திறமை,tamil,,tamil,'தறம':1 'ability':2 'skill':3 'றம':4,abstract|concept|idea,ஸமர்து2,noun,
-,ꢃ,ꢃꢯꢒ꣄ꢡꢸ,sourashtra,,,'ꢃꢯꢒꢡ':1 'aashaktu':2 'azaktu':3 'āśaktu':4 'ability':5 'skill':6 'றம':7,abstract|concept|idea,आशक्तु|ஆஶக்து|aashaktu|Azaktu|āśaktu|ɑːʃəkt̪u,,"{""""script"""":""""sourashtra"""",""""category"""":""""noun"""",""""type"""":""""abstract""""}"
-,ꢱ,ꢱꢪꢬ꣄ꢢꢸꢦꢥ꣄,sourashtra,,,'ꢱꢪꢬꢢꢦꢥ':1 'samarthupan':2 'ability':3 'skill':4 'றன':5,abstract|concept|idea,समर्थुपन|ஸமர்து2பன்|samarthupan|samarthupan|samarthupan|s̪əməɾt̪ʰupən̪,,"{""""script"""":""""sourashtra"""",""""category"""":""""noun"""",""""type"""":""""abstract""""}"
^,,திறன்,tamil,,tamil,'தறன':1 'ability':2 'skill':3 'றன':4,abstract|concept|idea,ஸமர்து2பன்,noun,
-,ꢥ,ꢥꢱꢵꢡꢸ,sourashtra,,,'ꢥꢱꢡ':1 'nasaatu':2 'nasatu':3 'nasātu':4 'evil':5,abstract|concept|idea,नसातु|நஸாது|nasaatu|nasAtu|nasātu|n̪əs̪ɑːt̪u,,"{""""script"""":""""sourashtra"""",""""category"""":""""noun"""",""""type"""":""""abstract""""}"
-,ꢥ,ꢥꢶꢬꢠꢫꣁ,sourashtra,,,'ꢥꢬꢠꢫ':1 'niranayo':2 'niraṇayŏ':3 'judgement':4,abstract|concept|idea,निर्णया॑|நிர்ணயொ|niranayo'|niraNayO|niraṇayŏ|n̪ɪɾəɳəjo,,"{""""script"""":""""sourashtra"""",""""category"""":""""noun"""",""""type"""":""""abstract""""}"
^,,judgement,english,,english,,abstract|concept|idea,,noun,
^,,தீர்ப்பு,tamil,,tamil,'தரபப':1 'judgement':2,abstract|concept|idea,நிர்ணயொ,noun,
-,ꢤ,ꢤꢷꢬꢸ,sourashtra,,,'ꢤꢬ':1 'dheeru':2 'dhiru':3 'dhīru':4 'brave':5 'person':6 'ரன':7,abstract|concept|idea|person,धीरु|தீ4ரு|dheeru|dhIru|dhīru|d̪ʰiːɾu,,"{""""script"""":""""sourashtra"""",""""category"""":""""noun"""",""""type"""":""""concrete""""}"
^,,brave person,english,,english,,abstract|concept|idea|person,,noun,
^,,தீரன்,tamil,,tamil,'தரன':1 'brave':2 'person':3 'ரன':4,abstract|concept|idea|person,தீ4ரு,noun,
-,ꢤ,ꢤꢾꢫ꣄ꢬ꣄ꢫꢮꢵꢥ꣄,sourashtra,,,'ꢤꢫꢬꢫꢮꢥ':1 'dheyryavaan':2 'dheyryavan':3 'dhĕyryavān':4 'brave':5 'person':6 'ரன':7,abstract|concept|idea|person,ध॑य्र्यवान|தெ4ய்ர்யவான்|dhe'yryavaan|dhEyryavAn|dhĕyryavān|d̪ʰejɾjəʋɑːn̪,,"{""""script"""":""""sourashtra"""",""""category"""":""""noun"""",""""type"""":""""concrete""""}"
-,ꢡ,ꢡꢷꢮ꣄ꢬꣁ,sourashtra,,,'ꢡꢮꢬ':1 'teevro':2 'tivro':3 'tīvrŏ':4 'severity':5 'extremity':6 'ரம':7,abstract|concept|idea,तीव्रा॑|தீவ்ரொ|teevro'|tIvrO|tīvrŏ|t̪iːʋɾo,,"{""""script"""":""""sourashtra"""",""""category"""":""""noun"""",""""type"""":""""abstract""""}"
^,,"severity, extremity",english,,english,,abstract|concept|idea,,noun,
^,,தீவிரம்,tamil,,tamil,'தவரம':1 'severity':2 'extremity':3 'ரம':4,abstract|concept|idea,தீவ்ரொ,noun,
-,ꢡ,ꢡꢷꢮ꣄ꢬꢮꢵꢣꢶ,sourashtra,,,'ꢡꢮꢬꢮꢣ':1 'teevravaadi':2 'tivravadi':3 'tīvravādi':4 'extremist':5 'ரவ':6,abstract|concept|idea,तीव्रवादि|தீவ்ரவாதி3|teevravaadi|tIvravAdi|tīvravādi|t̪iːʋɾəʋɑːd̪ɪ,,"{""""script"""":""""sourashtra"""",""""category"""":""""noun"""",""""type"""":""""abstract""""}"
^,,extremist,english,,english,,abstract|concept|idea,,noun,
^,,தீவிரவாதி,tamil,,tamil,'தவரவத':1 'extremist':2 'ரவ':3,abstract|concept|idea,தீவ்ரவாதி3,noun,
-,ꢣ,ꢣꢸꢓꢸ,sourashtra,,,'ꢣꢓ':1 'dukhu':2 'sorrow':3 'கம':4,abstract|concept|idea,दुखु|து3கு2|dukhu|dukhu|dukhu|d̪ukʰu,,"{""""script"""":""""sourashtra"""",""""category"""":""""noun"""",""""type"""":""""abstract""""}"
^,,துக்கம்,tamil,,tamil,'தககம':1 'sorrow':2 'கம':3,abstract|concept|idea,து3கு2,noun,
-,ꢪ,ꢪꣁꢥ꣄ꢥꢸꢤꢾꢫ꣄ꢬ꣄ꢫꢪ꣄,sourashtra,,,'ꢪꢥꢥꢤꢫꢬꢫꢪ':1 'monnudheyryam':2 'mŏnnudhĕyryam':3 'courage':4 'daring':5 'dare':6,abstract|concept|idea,मा॑न्नुध॑य्र्म|மொன்னுதெ4ய்ர்யம்|mo'nnudhe'yryam|mOnnudhEyryam|mŏnnudhĕyryam|mon̪n̪ud̪ʰejɾjəm,,"{""""script"""":""""sourashtra"""",""""category"""":""""noun"""",""""type"""":""""abstract""""}"
^,,Courage/daring,english,,english,,abstract|concept|idea,,noun,
^,,துணிவு,tamil,,tamil,'தணவ':1 'courage':2 'daring':3 'dare':4,abstract|concept|idea,மொன்னுதெ4ய்ர்யம்,noun,
-,ꢣ,ꢣꢸꢬꢞꢶꢰ꣄ꢜꢸ,sourashtra,,,'ꢣꢬꢞꢰꢜ':1 'duradishtu':2 'duradistu':3 'duraḍiṣṭu':4 'bad':5 'luck':6 'misfortune':7 'ரத':8 'டம':9,abstract|concept|idea,दुरदिष्टु|து3ரதி3ஷ்டு|durad'isht'u|duraDiSTu|duraḍiṣṭu|d̪uɾəɖɪʂʈu,,"{""""script"""":""""sourashtra"""",""""category"""":""""noun"""",""""type"""":""""abstract""""}"
^,,bad luck/misfortune,english,,english,,abstract|concept|idea,,noun,
^,,துரதிருஷ்டம்,tamil,,tamil,'தரதரஷடம':1 'bad':2 'luck':3 'misfortune':4 'ரத':5 'டம':6,abstract|concept|idea,து3ரதி3ஷ்டு,noun,
-,ꢣ,ꢣꢸꢬꣂꢒ꣄,sourashtra,,,'ꢣꢬꢒ':1 'durok':2 'treason':3 'treachery':4 'கம':5,abstract|concept|idea,दुरोक्|து3ரோக்|durok|durok|durok|d̪uɾoːk,,"{""""script"""":""""sourashtra"""",""""category"""":""""noun"""",""""type"""":""""abstract""""}"
^,,Treason/treachery,english,,english,,abstract|concept|idea,,noun,
^,,துரோகம்,tamil,,tamil,'தரகம':1 'treason':2 'treachery':3 'கம':4,abstract|concept|idea,து3ரோக்,noun,
-,ꢏ,ꢏꢔꢸꢬ꣄,sourashtra,,,'ꢏꢔꢬ':1 'ogur':2 'ŏgur':3 'astringency':4 'வர':5,abstract|concept|idea,आ॑गुर्|ஒகு3ர்|o'gur|Ogur|ŏgur|oguɾ,,"{""""script"""":""""sourashtra"""",""""category"""":""""noun"""",""""type"""":""""abstract""""}"
^,,astringency,english,,english,,abstract|concept|idea,,noun,
^,,துவர்ப்பு,tamil,,tamil,'தவரபப':1 'astringency':2 'வர':3,abstract|concept|idea,ஒகு3ர்,noun,
-,ꢱ,ꢱꢥ꣄ꢫꢵꢱꢸ ꢤꢾꢬꢸꢪ꣄,sourashtra,,,'ꢱꢥꢫꢱꢤꢬꢪ':1 'sanyaasudherum':2 'sanyasudherum':3 'sanyāsudhĕrum':4 'saintly':5 'life':6 'றவறம':7,abstract|concept|idea,सन्यासु ध॑रुम|ஸன்யாஸு தெ4ரும்|sanyaasu dhe'rum|sanyAsu dhErum|sanyāsu dhĕrum|s̪ən̪jɑːs̪u d̪ʰeɾum,,"{""""script"""":""""sourashtra"""",""""category"""":""""noun"""",""""type"""":""""abstract""""}"
^,,saintly life,english,,english,,abstract|concept|idea,,noun,
^,,துறவறம்,tamil,,tamil,'தறவறம':1 'saintly':2 'life':3 'றவறம':4,abstract|concept|idea,ஸன்யாஸு தெ4ரும்,noun,
-,ꢐ,ꢐꢖ꣄ꢒꢸ,sourashtra,,,'ꢐꢖꢒ':1 'onku':2 'ogku':3 'oṅku':4 'sleep':5 'கம':6,abstract|concept|idea,होङ्कु|ஹோங்கு3|onku|oGku|oṅku|oːŋku,,"{""""script"""":""""sourashtra"""",""""category"""":""""noun"""",""""type"""":""""abstract""""}"
-,ꢱ,ꢱꢸꢣ꣄ꢤꢶ,sourashtra,,,'ꢱꢣꢤ':1 'suddhi':2 'cleanliness':3,abstract|concept|idea,सुद्धि|ஸுத்3தி4|suddhi|suddhi|suddhi|s̪ud̪d̪ʰɪ,,"{""""script"""":""""sourashtra"""",""""category"""":""""noun"""",""""type"""":""""abstract""""}"
^,,cleanliness,english,,english,,abstract|concept|idea,,noun,
^,,தூய்மை,tamil,,tamil,'தயம':1 'cleanliness':2,abstract|concept|idea,ஸுத்3தி4,noun,
-,ꢪ,ꢪꢸꢣꢶꢬꢪ꣄ꢪꣁ,sourashtra,,,'ꢪꢣꢬꢪꢪ':1 'mudirammo':2 'mudirammŏ':3 'woman':4 'above':5 'years':6 'year':7,abstract|concept|idea,मुदिरम्मा॑|முதி3ரம்மொ|mudirammo'|mudirammO|mudirammŏ|mud̪ɪɾəmmo,,"{""""script"""":""""sourashtra"""",""""category"""":""""noun"""",""""type"""":""""abstract""""}"
^,,a woman above 39 years,english,,english,,abstract|concept|idea,,noun,
^,,தெரிவை,tamil,,tamil,'தரவ':1 'woman':2 'above':3 'years':4 'year':5,abstract|concept|idea,முதி3ரம்மொ,noun,
-,ꢱ,ꢱ꣄ꢦꢰ꣄ꢜꢸ,sourashtra,,,'ꢱꢦꢰꢜ':1 'spashtu':2 'spastu':3 'spaṣṭu':4 'clarity':5,abstract|concept|idea,स्पष्टु|ஸ்பஷ்டு|spasht'u|spaSTu|spaṣṭu|s̪pəʂʈu,,"{""""script"""":""""sourashtra"""",""""category"""":""""noun"""",""""type"""":""""abstract""""}"
^,,clarity,english,,english,,abstract|concept|idea,,noun,
^,,தெளிவு,tamil,,tamil,'தளவ':1 'clarity':2,abstract|concept|idea,ஸ்பஷ்டு,noun,
-,ꢤ,ꢤꣀꢬ꣄ꢫꢱꢵꢭꢶ,sourashtra,,,'ꢤꢬꢫꢱꢭ':1 'dhairyasaali':2 'dhairyasali':3 'dhairyasāli':4 'brave':5 'person':6 'யச':7,abstract|concept|idea|person,धैर्यसालि|தை4ர்யஸாலி|dhairyasaali|dhairyasAli|dhairyasāli|d̪ʰəɪɾjəs̪ɑːlɪ,,"{""""script"""":""""sourashtra"""",""""category"""":""""noun"""",""""type"""":""""concrete""""}"
^,,தைரியசாலி,tamil,,tamil,'தரயசல':1 'brave':2 'person':3 'யச':4,abstract|concept|idea|person,தை4ர்யஸாலி,noun,
-,ꢤ,ꢤꢾꢫ꣄ꢬ꣄ꢫꢪ꣄,sourashtra,,,'ꢤꢫꢬꢫꢪ':1 'dheyryam':2 'dhĕyryam':3 'courage':4 'யம':5,abstract|concept|idea,ध॑य्र्यम|தெ4ய்ர்யம்|dhe'yryam|dhEyryam|dhĕyryam|d̪ʰejɾjəm,,"{""""script"""":""""sourashtra"""",""""category"""":""""noun"""",""""type"""":""""abstract""""}"
^,,courage,english,,english,,abstract|concept|idea,,noun,
^,,தைரியம்,tamil,,tamil,'தரயம':1 'courage':2 'யம':3,abstract|concept|idea,தெ4ய்ர்யம்,noun,
-,ꢦ,ꢦ꣄ꢬꢵꢬꢪ꣄ꢩꢸ,sourashtra,,,'ꢦꢬꢬꢪꢩ':1 'praarambhu':2 'prarambhu':3 'prārambhu':4 'beginning':5 'begin':6 'டக':7 'கம':8,abstract|concept|idea,प्रारम्भु|ப்ராரம்பு4|praarambhu|prArambhu|prārambhu|pɾɑːɾəmbʰu,,"{""""script"""":""""sourashtra"""",""""category"""":""""noun"""",""""type"""":""""abstract""""}"
-,ꢱ,ꢱꢪ꣄ꢨꢥ꣄ꢤꢸ,sourashtra,,,'ꢱꢪꢨꢥꢤ':1 'sambandhu':2 'relation':3 'contact':4 'டர':5,abstract|concept|idea,सम्बन्धु|ஸம்ப3ந்து4|sambandhu|sambandhu|sambandhu|s̪əmbən̪d̪ʰu,,"{""""script"""":""""sourashtra"""",""""category"""":""""noun"""",""""type"""":""""abstract""""}"
^,,"relation, contact",english,,english,,abstract|concept|idea,,noun,
^,,தொடர்பு,tamil,,tamil,'தடரப':1 'relation':2 'contact':3 'டர':4,abstract|concept|idea,ஸம்ப3ந்து4,noun,
-,ꢱ,ꢱꢪ꣄ꢦꢬ꣄ꢒꢸ,sourashtra,,,'ꢱꢪꢦꢬꢒ':1 'samparku':2 'relation':3 'contact':4 'டர':5,abstract|concept|idea,सम्पर्कु|ஸம்பர்கு|samparku|samparku|samparku|s̪əmpəɾku,,"{""""script"""":""""sourashtra"""",""""category"""":""""noun"""",""""type"""":""""abstract""""}"
-,ꢮ,ꢮ꣄ꢫꢒ꣄ꢡꢸ,sourashtra,,,'ꢮꢫꢒꢡ':1 'vyaktu':2 'manifestation':3 'றம':4,abstract|concept|idea,व्यक्तु|வ்யக்து|vyaktu|vyaktu|vyaktu|ʋjəkt̪u,,"{""""script"""":""""sourashtra"""",""""category"""":""""noun"""",""""type"""":""""abstract""""}"
^,,manifestation,english,,english,,abstract|concept|idea,,noun,
^,,தோற்றம்,tamil,,tamil,'தறறம':1 'manifestation':2 'றம':3,abstract|concept|idea,வ்யக்து,noun,
-,ꢱ,ꢱꢖ꣄ꢔꢡꢶꢦꢥ꣄,sourashtra,,,'ꢱꢖꢔꢡꢦꢥ':1 'sangatipan':2 'saggatipan':3 'saṅgatipan':4 'friendship':5 'நட':6,abstract|concept|idea,सिङ्गतिपन|ஸிங்க3திபன்|sangatipan|saGgatipan|saṅgatipan|s̪əŋgət̪ɪpən̪,,"{""""script"""":""""sourashtra"""",""""category"""":""""noun"""",""""type"""":""""abstract""""}"
^,,நட்பு,tamil,,tamil,'நடப':1 'friendship':2 'நட':3,abstract|concept|idea,ஸிங்க3திபன்,noun,
-,ꢏ,ꢏꢠ꣄ꢒꢶꢥꢶ,sourashtra,,,'ꢏꢠꢒꢥ':1 'onkini':2 'ŏṇkini':3 'shivering':4 'shiver':5 'நட':6 'கம':7,abstract|concept|idea,आ॑ण्किनि|ஒண்கினி|o'nkini|ONkini|ŏṇkini|oɳkɪn̪ɪ,,"{""""script"""":""""sourashtra"""",""""category"""":""""noun"""",""""type"""":""""abstract""""}"
^,,shivering,english,,english,,abstract|concept|idea,,noun,
^,,நடுக்கம்,tamil,,tamil,'நடககம':1 'shivering':2 'shiver':3 'நட':4 'கம':5,abstract|concept|idea,ஒண்கினி,noun,
-,ꢥ,ꢥꣁꢪ꣄ꢪꢶꢥꢶ,sourashtra,,,'ꢥꢪꢪꢥ':1 'nommini':2 'nŏmmini':3 'belief':4 'நம':5,abstract|concept|idea,ना॑म्मिनि|நொம்மினி|no'mmini|nOmmini|nŏmmini|n̪ommɪn̪ɪ,,"{""""script"""":""""sourashtra"""",""""category"""":""""noun"""",""""type"""":""""abstract""""}"
^,,belief,english,,english,,abstract|concept|idea,,noun,
^,,நம்பிக்கை,tamil,,tamil,'நமபகக':1 'belief':2 'நம':3,abstract|concept|idea,நொம்மினி,noun,
-,ꢥ,ꢥꣁꢪ꣄ꢒꢾ,sourashtra,,,'ꢥꢪꢒ':1 'nomke':2 'nŏmkĕ':3 'belief':4 'நம':5,abstract|concept|idea,ना॑म्क॑|நொம்கெ|no'mke'|nOmkE|nŏmkĕ|n̪omke,,"{""""script"""":""""sourashtra"""",""""category"""":""""noun"""",""""type"""":""""abstract""""}"
-,ꢧ,ꢧꢠ꣄ꢜꢓꢾꢱ꣄,sourashtra,,,'ꢧꢠꢜꢓꢱ':1 'phantakhes':2 'phaṇṭakhĕs':3 'grey':4 'hair':5 'நர':6,abstract|concept|idea,फण्टखेस|ப2ண்டகே2ஸ்|phant'akhe's|phaNTakhEs|phaṇṭakhĕs|pʰəɳʈəkʰes̪,,"{""""script"""":""""sourashtra"""",""""category"""":""""noun"""",""""type"""":""""abstract""""}"
^,,grey hair,english,,english,,abstract|concept|idea,,noun,
^,,நரை,tamil,,tamil,'நர':1 'grey':2 'hair':3,abstract|concept|idea,ப2ண்டகே2ஸ்,noun,
-,ꢱ,ꢱꢸꢔꢥ꣄ꢡꢸ,sourashtra,,,'ꢱꢔꢥꢡ':1 'sugantu':2 'fragrance':3 'நற':4 'மணம':5,abstract|concept|idea,सुगन्तु|ஸுக3ந்து|sugantu|sugantu|sugantu|s̪ugən̪t̪u,,"{""""script"""":""""sourashtra"""",""""category"""":""""noun"""",""""type"""":""""abstract""""}"
^,,fragrance,english,,english,,abstract|concept|idea,,noun,
^,,நறுமணம்,tamil,,tamil,'நறமணம':1 'fragrance':2 'நற':3 'மணம':4,abstract|concept|idea,ஸுக3ந்து,noun,
-,ꢩ,ꢩꢭꣁ,sourashtra,,,'ꢩꢭ':1 'bhalo':2 'bhalŏ':3 'benefit':4 'நன':5,abstract|concept|idea,भला॑|ப4லொ|bhalo'|bhalO|bhalŏ|bʰəlo,,"{""""script"""":""""sourashtra"""",""""category"""":""""noun"""",""""type"""":""""abstract""""}"
^,,Benefit,english,,english,,abstract|concept|idea,,noun,
^,,நன்மை,tamil,,tamil,'நனம':1 'benefit':2 'நன':3,abstract|concept|idea,ப4லொ,noun,
-,ꢗ,ꢗꣁꢒ꣄ꢧꢭꢸꢥ꣄,sourashtra,,,'ꢗꢒꢧꢭꢥ':1 'chokphalun':2 'cokphalun':3 'cŏkphalun':4 'benefit':5 'நன':6,abstract|concept|idea,चा॑कफलुन|சொக்ப2லுன்|cho'kphalun|cOkphalun|cŏkphalun|t͡ʃokpʰəlun̪,,"{""""script"""":""""sourashtra"""",""""category"""":""""noun"""",""""type"""":""""abstract""""}"
-,ꢤ,ꢤꢥ꣄ꢥꢸ,sourashtra,,,'ꢤꢥꢥ':1 'dhannu':2 'gratitude':3 'நன':4,abstract|concept|idea,धन्नु|த4ன்னு|dhannu|dhannu|dhannu|d̪ʰən̪n̪u,,"{""""script"""":""""sourashtra"""",""""category"""":""""noun"""",""""type"""":""""abstract""""}"
^,,gratitude,english,,english,,abstract|concept|idea,,noun,
^,,நன்றி,tamil,,tamil,'நனற':1 'gratitude':2 'நன':3,abstract|concept|idea,த4ன்னு,noun,
-,ꢤ,ꢤꢥ꣄ꢥꢸ ꢲꢷꢥꢸꢦꢥ꣄,sourashtra,,,'ꢤꢥꢥꢲꢥꢦꢥ':1 'dhannuheenupan':2 'dhannuhinupan':3 'dhannuhīnupan':4 'ingratitude':5 'நன':6 'டதனம':7,abstract|concept|idea,धन्नु हीनुपन|த4ன்னு ஹீனுபன்|dhannu heenupan|dhannu hInupan|dhannu hīnupan|d̪ʰən̪n̪u ɦiːn̪upən̪,,"{""""script"""":""""sourashtra"""",""""category"""":""""noun"""",""""type"""":""""abstract""""}"
^,,ingratitude,english,,english,,abstract|concept|idea,,noun,
^,,நன்றி கெட்டதனம்,tamil,,tamil,'நனறகடடதனம':1 'ingratitude':2 'நன':3 'டதனம':4,abstract|concept|idea,த4ன்னு ஹீனுபன்,noun,
-,ꢔ,ꢔꢵꢪ ꣄ꢧꢶꢬ꣄ꢥꢵꢬ꣄,sourashtra,,,'ꢔꢪꢧꢬꢥꢬ':1 'gaamaphirnaar':2 'gamaphirnar':3 'gāmaphirnār':4 'vagabond':5,abstract|concept|idea,गाम्फिर्नार|கா3ம் பி2ர்னார்|gaama phirnaar|gAma phirnAr|gāma phirnār|gɑːmə pʰɪɾn̪ɑːɾ,,"{""""script"""":""""sourashtra"""",""""category"""":""""noun"""",""""type"""":""""abstract""""}"
^,,vagabond,english,,english,,abstract|concept|idea,,noun,
^,,நாடோடி,tamil,,tamil,'நடட':1 'vagabond':2,abstract|concept|idea,கா3ம் பி2ர்னார்,noun,
-,ꢦ,ꢦꢬꢶꢩ꣄ꢬꢪꢶ,sourashtra,,,'ꢦꢬꢩꢬꢪ':1 'paribhrami':2 'vagabond':3,abstract|concept|idea,परिभ्रमि|பரிப்4ரமி|paribhrami|paribhrami|paribhrami|pəɾɪbʰɾəmɪ,,"{""""script"""":""""sourashtra"""",""""category"""":""""noun"""",""""type"""":""""abstract""""}"
-,ꢣ,ꢣꢾꢯꢗꢵꢬꢶ,sourashtra,,,'ꢣꢯꢗꢬ':1 'deshachaari':2 'dezacari':3 'dĕśacāri':4 'vagabond':5,abstract|concept|idea,देशचारि|தே3ஶசாரி|de'shachaari|dEzacAri|dĕśacāri|d̪eʃət͡ʃɑːɾɪ,,"{""""script"""":""""sourashtra"""",""""category"""":""""noun"""",""""type"""":""""abstract""""}"
-,ꢂ,ꢂꢮ꣄ꢪꢵꢥ꣄,sourashtra,,,'ꢂꢮꢪꢥ':1 'avmaan':2 'avman':3 'avmān':4 'disgrace':5 'அவமத':6,abstract|concept|idea,अव्मान|அவ்மான்|avmaan|avmAn|avmān|əʋmɑːn̪,,"{""""script"""":""""sourashtra"""",""""category"""":""""noun"""",""""type"""":""""abstract""""}"
^,,அவமதிப்பு,tamil,,tamil,'அவமதபப':1 'disgrace':2 'அவமத':3,abstract|concept|idea,அவ்மான்,noun,
-,ꢬ,ꢬꢸꢙꢸꢦꢥ꣄,sourashtra,,,'ꢬꢙꢦꢥ':1 'rujupan':2 'honesty':3 'ணயம':4,abstract|concept|idea,रुजुपन|ருஜுபன்|rujupan|rujupan|rujupan|ɾud͡ʒupən̪,,"{""""script"""":""""sourashtra"""",""""category"""":""""noun"""",""""type"""":""""abstract""""}"
^,,Honesty,english,,english,,abstract|concept|idea,,noun,
^,,நாணயம்,tamil,,tamil,'நணயம':1 'honesty':2 'ணயம':3,abstract|concept|idea,ருஜுபன்,noun,
-,ꢥ,ꢥꢶꢡ꣄ꢡꢦꢥ꣄,sourashtra,,,'ꢥꢡꢡꢦꢥ':1 'nittapan':2 'honesty':3 'ணயம':4,abstract|concept|idea,नित्तपन|நித்தபன்|nittapan|nittapan|nittapan|n̪ɪt̪t̪əpən̪,,"{""""script"""":""""sourashtra"""",""""category"""":""""noun"""",""""type"""":""""abstract""""}"
-,ꢕ,ꢕꢵꢥ꣄,sourashtra,,,'ꢕꢥ':1 'ghaan':2 'ghan':3 'ghān':4 'foul':5 'smell':6 'stink':7 'றம':8,abstract|concept|idea,घान्|கா4ன்|ghaan|ghAn|ghān|gʰɑːn̪,,"{""""script"""":""""sourashtra"""",""""category"""":""""noun"""",""""type"""":""""abstract""""}"
^,,foul smell/stink,english,,english,,abstract|concept|idea,,noun,
^,,நாற்றம்,tamil,,tamil,'நறறம':1 'foul':2 'smell':3 'stink':4 'றம':5,abstract|concept|idea,கா4ன்,noun,
-,ꢣ,ꢣꢸꢬ꣄ꢔꢥ꣄ꢤꢸ,sourashtra,,,'ꢣꢬꢔꢥꢤ':1 'durgandhu':2 'foul':3 'smell':4 'stink':5 'றம':6,abstract|concept|idea,दुर्गन्धु|து3ர்க3ந்து4|durgandhu|durgandhu|durgandhu|d̪uɾgən̪d̪ʰu,,"{""""script"""":""""sourashtra"""",""""category"""":""""noun"""",""""type"""":""""abstract""""}"
-,ꢱ,ꢱꢪꣁ,sourashtra,,,'ꢱꢪ':1 'samo':2 'samŏ':3 'equality':4 'கர':5,abstract|concept|idea,समा॑|ஸமொ|samo'|samO|samŏ|s̪əmo,,"{""""script"""":""""sourashtra"""",""""category"""":""""noun"""",""""type"""":""""abstract""""}"
^,,equality,english,,english,,abstract|concept|idea,,noun,
^,,நிகர்,tamil,,tamil,'நகர':1 'equality':2 'கர':3,abstract|concept|idea,ஸமொ,noun,
-,ꢱ,ꢱꢪꢦꢥ꣄,sourashtra,,,'ꢱꢪꢦꢥ':1 'samapan':2 'equality':3 'கர':4,abstract|concept|idea,समपन|ஸமபன்|samapan|samapan|samapan|s̪əməpən̪,,"{""""script"""":""""sourashtra"""",""""category"""":""""noun"""",""""type"""":""""abstract""""}"
-,ꢱ,ꢱꢪꢡꣁ,sourashtra,,,'ꢱꢪꢡ':1 'samato':2 'samatŏ':3 'equality':4 'கர':5,abstract|concept|idea,समता॑|ஸமதொ|samato'|samatO|samatŏ|s̪əmət̪o,,"{""""script"""":""""sourashtra"""",""""category"""":""""noun"""",""""type"""":""""abstract""""}"
-,ꢱ,ꢱꢷꢱꣁꢮ꣄ꢬꢶ ꢬꢴꢵꢱ꣄ꢡꢾ,sourashtra,,,'ꢱꢱꢮꢬꢬꢱꢡ':1 'seesovrirhaaste':2 'sisovrirhaste':3 'sīsŏvrirhāstĕ':4 'poise':5 'னம':6,abstract|concept|idea,सीसा॑व्रि र्हास्ते|ஸீஸொவ்ரி ரா:ஸ்தே|seeso'vri rhaaste'|sIsOvri rhAstE|sīsŏvri rhāstĕ|s̪iːs̪oʋɾɪ ɾɦɑːs̪t̪e,,"{""""script"""":""""sourashtra"""",""""category"""":""""noun"""",""""type"""":""""abstract""""}"
^,,poise,english,,english,,abstract|concept|idea,,noun,
^,,நிதானம்,tamil,,tamil,'நதனம':1 'poise':2 'னம':3,abstract|concept|idea,ஸீஸொவ்ரி ரா:ஸ்தே,noun,
-,ꢢ,ꢢꢶꢬꢪ꣄ꢒꢥꢶ ꢬꢴꢵꢱ꣄ꢡꢾ,sourashtra,,,'ꢢꢬꢪꢒꢥꢬꢱꢡ':1 'thiramkanirhaaste':2 'thiramkanirhaste':3 'thiramkanirhāstĕ':4 'poise':5 'னம':6,abstract|concept|idea,थिरम्कनि र्हास्ते|தி2ரம்கனி ரா:ஸ்தே|thiramkani rhaaste'|thiramkani rhAstE|thiramkani rhāstĕ|t̪ʰɪɾəmkən̪ɪ ɾɦɑːs̪t̪e,,"{""""script"""":""""sourashtra"""",""""category"""":""""noun"""",""""type"""":""""abstract""""}"
-,ꢔ,ꢔꢵꢳ꣄꣄,sourashtra,,,'ꢔꢳ':1 'gaal':2 'gal':3 'gāl':4 'scolding':5 'scold':6 'தன':7,abstract|concept|idea,गाळ|கா3ள்|gaal'|gAL|gāl̤|gɑːɭ,,"{""""script"""":""""sourashtra"""",""""category"""":""""noun"""",""""type"""":""""abstract""""}"
^,,நிந்தனை,tamil,,tamil,'நநதன':1 'scolding':2 'scold':3 'தன':4,abstract|concept|idea,கா3ள்,noun,
-,ꢥ,ꢥꢶꢥ꣄ꢣꢥꣁ,sourashtra,,,'ꢥꢥꢣꢥ':1 'nindano':2 'nindanŏ':3 'scolding':4 'scold':5 'தன':6,abstract|concept|idea,निन्दना॑|நிந்த3னொ|nindano'|nindanO|nindanŏ|n̪ɪn̪d̪ən̪o,,"{""""script"""":""""sourashtra"""",""""category"""":""""noun"""",""""type"""":""""abstract""""}"
-,ꢢ,ꢢꢸꢮ꣄ꢥꢶ,sourashtra,,,'ꢢꢮꢥ':1 'thuvni':2 'scolding':3 'scold':4 'தன':5,abstract|concept|idea,थुव्नि|து2வ்னி|thuvni|thuvni|thuvni|t̪ʰuʋn̪ɪ,,"{""""script"""":""""sourashtra"""",""""category"""":""""noun"""",""""type"""":""""abstract""""}"
-,ꢱ,ꢱꢪꢬ꣄ꢢꢸꢮꢵꢥ꣄,sourashtra,,,'ꢱꢪꢬꢢꢮꢥ':1 'samarthuvaan':2 'samarthuvan':3 'samarthuvān':4 'expert':5 'ணன':6,abstract|concept|idea,समर्थुवान|ஸமர்து2வான்|samarthuvaan|samarthuvAn|samarthuvān|s̪əməɾt̪ʰuʋɑːn̪,,"{""""script"""":""""sourashtra"""",""""category"""":""""noun"""",""""type"""":""""abstract""""}"
^,,expert,english,,english,,abstract|concept|idea,,noun,
^,,நிபுணன்,tamil,,tamil,'நபணன':1 'expert':2 'ணன':3,abstract|concept|idea,ஸமர்து2வான்,noun,
-,ꢥ,ꢥꢶꢬꢵꢯꣁ,sourashtra,,,'ꢥꢬꢯ':1 'niraasho':2 'nirazo':3 'nirāśŏ':4 'disappointment':5,abstract|concept|idea,निराशा॑|நிராஶொ|niraasho'|nirAzO|nirāśŏ|n̪ɪɾɑːʃo,,"{""""script"""":""""sourashtra"""",""""category"""":""""noun"""",""""type"""":""""abstract""""}"
^,,நிராசை,tamil,,tamil,'நரச':1 'disappointment':2,abstract|concept|idea,நிராஶொ,noun,
-,ꢱ,ꢱ꣄ꢢꢶꢡꢶ,sourashtra,,,'ꢱꢢꢡ':1 'sthiti':2 'condition':3,abstract|concept|idea,स्थिति|ஸ்தி2தி|sthiti|sthiti|sthiti|s̪t̪ʰɪt̪ɪ,,"{""""script"""":""""sourashtra"""",""""category"""":""""noun"""",""""type"""":""""abstract""""}"
^,,condition,english,,english,,abstract|concept|idea,,noun,
^,,நிலைமை,tamil,,tamil,'நலம':1 'condition':2,abstract|concept|idea,ஸ்தி2தி,noun,
-,ꢱ,ꢱ꣄ꢪꢬꢠ ꢯꢒ꣄ꢡꢶ,sourashtra,,,'ꢱꢪꢬꢠꢯꢒꢡ':1 'smaranashakti':2 'smaranazakti':3 'smaraṇaśakti':4 'memory':5 'power':6 'றல':7,abstract|concept|idea,स्मरण शक्ति|ஸ்மரணஶக்தி|smarana shakti|smaraNa zakti|smaraṇa śakti|s̪məɾəɳə ʃəkt̪ɪ,,"{""""script"""":""""sourashtra"""",""""category"""":""""noun"""",""""type"""":""""abstract""""}"
^,,நினைவாற்றல்,tamil,,tamil,'நனவறறல':1 'memory':2 'power':3 'றல':4,abstract|concept|idea,ஸ்மரணஶக்தி,noun,
-,ꢪ,ꢪꢹꢬ꣄ꢗ꣄ꢘꣁ ꢭꢔꢾ ꢱ꣄ꢡꢾꢥꣁ,sourashtra,,,'ꢪꢬꢗꢘꢭꢔꢱꢡꢥ':1 'moorchchholagesteno':2 'murccholagesteno':3 'mūrcchŏlagĕstĕnŏ':4 'unconsciousperson':5,abstract|concept|idea|person,मूर्च्छा॑ लग॑स्त॑ना॑|மூர்ச்சொ2 லகெ3ஸ்தெனொ|moorchchho' lage' ste'no'|mUrcchO lagE stEnO|mūrcchŏ lagĕ stĕnŏ|muːɾt͡ʃt͡ʃʰo ləge s̪t̪en̪o,,"{""""script"""":""""sourashtra"""",""""category"""":""""noun"""",""""type"""":""""concrete""""}"
^,,Unconsciousperson,english,,english,,abstract|concept|idea|person,,noun,
^,,நினைவிலி,tamil,,tamil,'நனவல':1 'unconsciousperson':2,abstract|concept|idea|person,மூர்ச்சொ2 லகெ3ஸ்தெனொ,noun,
-,ꢱ,ꢱ꣄ꢪꢬꢠꣁ,sourashtra,,,'ꢱꢪꢬꢠ':1 'smarano':2 'smaraṇŏ':3 'memory':4,abstract|concept|idea,स्मरणा॑|ஸ்மரணொ|smarano'|smaraNO|smaraṇŏ|s̪məɾəɳo,,"{""""script"""":""""sourashtra"""",""""category"""":""""noun"""",""""type"""":""""abstract""""}"
^,,நினைவு,tamil,,tamil,'நனவ':1 'memory':2,abstract|concept|idea,ஸ்மரணொ,noun,
-,ꢂ,ꢂꢥꢫꣁꢥ꣄ꢫꢸ,sourashtra,,,'ꢂꢥꢫꢥꢫ':1 'anayonyu':2 'anayŏnyu':3 'intimacy':4 'கம':5,abstract|concept|idea,अन्योन्यु|அன்யோன்யு|anayo'nyu|anayOnyu|anayŏnyu|ən̪əjon̪ju,,"{""""script"""":""""sourashtra"""",""""category"""":""""noun"""",""""type"""":""""abstract""""}"
^,,intimacy,english,,english,,abstract|concept|idea,,noun,
^,,நெருக்கம்,tamil,,tamil,'நரககம':1 'intimacy':2 'கம':3,abstract|concept|idea,அன்யோன்யு,noun,
-,ꢦ,ꢦꢒ꣄ꢮꣁ,sourashtra,,,'ꢦꢒꢮ':1 'pakvo':2 'pakvŏ':3 'ripeness':4 'maturity':5 'பக':6 'வம':7,abstract|concept|idea,पक्वा॑|பக்வொ|pakvo'|pakvO|pakvŏ|pəkʋo,,"{""""script"""":""""sourashtra"""",""""category"""":""""noun"""",""""type"""":""""abstract""""}"
^,,Ripeness/maturity,english,,english,,abstract|concept|idea,,noun,
^,,பக்குவம்,tamil,,tamil,'பககவம':1 'ripeness':2 'maturity':3 'பக':4 'வம':5,abstract|concept|idea,பக்வொ,noun,
-,ꢪ,ꢪꣁꢙꣁ,sourashtra,,,'ꢪꢙ':1 'mojo':2 'mŏjŏ':3 'pomp':4 'பகட':5,abstract|concept|idea,मोजा॑|மோஜொ|mo'jo'|mOjO|mŏjŏ|mod͡ʒo,,"{""""script"""":""""sourashtra"""",""""category"""":""""noun"""",""""type"""":""""abstract""""}"
^,,pomp,english,,english,,abstract|concept|idea,,noun,
^,,பகட்டு,tamil,,tamil,'பகடட':1 'pomp':2 'பகட':3,abstract|concept|idea,மோஜொ,noun,
-,ꢪ,ꢪꢾꢬ꣄ꢗꢶꢥꢶ,sourashtra,,,'ꢪꢬꢗꢥ':1 'merchini':2 'mercini':3 'mĕrcini':4 'pomp':5 'பகட':6,abstract|concept|idea,म॑र्चिनि|மெர்சினி|me'rchini|mErcini|mĕrcini|meɾt͡ʃɪn̪ɪ,,"{""""script"""":""""sourashtra"""",""""category"""":""""noun"""",""""type"""":""""abstract""""}"
-,ꢨ,ꢨꢥ꣄ꢣꢵ,sourashtra,,,'ꢨꢥꢣ':1 'bandaa':2 'banda':3 'bandā':4 'pomp':5 'பகட':6,abstract|concept|idea,बन्दा|ப3ந்தா3|bandaa|bandA|bandā|bən̪d̪ɑː,,"{""""script"""":""""sourashtra"""",""""category"""":""""noun"""",""""type"""":""""abstract""""}"
-,ꢦ,ꢦꢬꢶꢡꢵꢦ꣄,sourashtra,,,'ꢦꢬꢡꢦ':1 'paritaap':2 'paritap':3 'paritāp':4 'pity':5 'sympathy':6 'பச':7 'பம':8 'பர':9,abstract|concept|idea,परिताप्|பரிதாப்|paritaap|paritAp|paritāp|pəɾɪt̪ɑːp,,"{""""script"""":""""sourashtra"""",""""category"""":""""noun"""",""""type"""":""""abstract""""}"
^,,Pity/sympathy,english,,english,,abstract|concept|idea,,noun,
^,,sympathy,english,,english,,abstract|concept|idea,,noun,
^,,பச்சாதாபம்,tamil,,tamil,'பசசதபம':1 'பச':2 'பம':3,abstract|concept|idea,பரிதாப்,noun,
^,,பரிதாபம்,tamil,,tamil,'பரதபம':1 'பர':2 'பம':3,abstract|concept|idea,பரிதாப்,noun,
-,ꢧ,ꢧꢭ꣄ꢗꢵꢡꢵꢦ꣄,sourashtra,,,'ꢧꢭꢗꢡꢦ':1 'phalchaataap':2 'phalcatap':3 'phalcātāp':4 'pity':5 'sympathy':6 'பச':7 'பம':8,abstract|concept|idea,फल्चाताप|ப2ல்சா தாப்|phalchaataap|phalcAtAp|phalcātāp|pʰəlt͡ʃɑːt̪ɑːp,,"{""""script"""":""""sourashtra"""",""""category"""":""""noun"""",""""type"""":""""abstract""""}"
-,ꢂ,ꢂꢥꢸꢡꢵꢮ꣄,sourashtra,,,'ꢂꢥꢡꢮ':1 'anutaav':2 'anutav':3 'anutāv':4 'pity':5 'sympathy':6 'பச':7 'பம':8,abstract|concept|idea,अनुताप|அனுதாப்|anutaav|anutAv|anutāv|ən̪ut̪ɑːʋ,,"{""""script"""":""""sourashtra"""",""""category"""":""""noun"""",""""type"""":""""abstract""""}"
-,ꢩ,ꢩꢹꢒ꣄,sourashtra,,,'ꢩꢒ':1 'bhook':2 'bhuk':3 'bhūk':4 'hunger':5 'பச':6,abstract|concept|idea,भुक्|பூ4க்|bhook|bhUk|bhūk|bʰuːk,,"{""""script"""":""""sourashtra"""",""""category"""":""""noun"""",""""type"""":""""abstract""""}"
^,,hunger,english,,english,,abstract|concept|idea,,noun,
^,,பசி,tamil,,tamil,'பச':1 'hunger':2,abstract|concept|idea,பூ4க்,noun,
-,ꢱ,ꢱꢾꢭꢶꢪ꣄ꢨꢸ,sourashtra,,,'ꢱꢭꢪꢨ':1 'selimbu':2 'sĕlimbu':3 'prosperity':4 'பச':5,abstract|concept|idea,स॑लिम्बु|ஸெளிம்பு3|se'limbu|sElimbu|sĕlimbu|s̪elɪmbu,,"{""""script"""":""""sourashtra"""",""""category"""":""""noun"""",""""type"""":""""abstract""""}"
^,,prosperity,english,,english,,abstract|concept|idea,,noun,
^,,பசுமை,tamil,,tamil,'பசம':1 'prosperity':2 'பச':3,abstract|concept|idea,ஸெளிம்பு3,noun,
-,ꢱ,ꢱꢾꢭꢶꢦꢪ꣄,sourashtra,,,'ꢱꢭꢦꢪ':1 'selipam':2 'sĕlipam':3 'prosperity':4 'பச':5,abstract|concept|idea,स॑लिपम|ஸெளிபம்|se'lipam|sElipam|sĕlipam|s̪elɪpəm,,"{""""script"""":""""sourashtra"""",""""category"""":""""noun"""",""""type"""":""""abstract""""}"
-,ꢱ,ꢱꢸꢒ꣄ꢒꢶꢥꢶ,sourashtra,,,'ꢱꢒꢒꢥ':1 'sukkini':2 'drought':3 'பஞ':4 'சம':5,abstract|concept|idea,सुक्किनि|ஸுக்கினி|sukkini|sukkini|sukkini|s̪ukkɪn̪ɪ,,"{""""script"""":""""sourashtra"""",""""category"""":""""noun"""",""""type"""":""""abstract""""}"
^,,drought,english,,english,,abstract|concept|idea,,noun,
^,,பஞ்சம்,tamil,,tamil,'பஞசம':1 'drought':2 'பஞ':3 'சம':4,abstract|concept|idea,ஸுக்கினி,noun,
-,ꢮ,ꢮꢶꢣ꣄ꢫꣁ,sourashtra,,,'ꢮꢣꢫ':1 'vidyo':2 'vidyŏ':3 'education':4 'பட':5,abstract|concept|idea,विद्या॑|வித்3யொ|vidyo'|vidyO|vidyŏ|ʋɪd̪jo,,"{""""script"""":""""sourashtra"""",""""category"""":""""noun"""",""""type"""":""""abstract""""}"
^,,education,english,,english,,abstract|concept|idea,,noun,
^,,படிப்பு,tamil,,tamil,'படபப':1 'education':2 'பட':3,abstract|concept|idea,வித்3யொ,noun,
-,ꢒ,ꢒ꣄ꢬꢸꢡꢶ,sourashtra,,,'ꢒꢬꢡ':1 'kruti':2 'creation':3 'பட':4,abstract|concept|idea,क्रुति|க்ருதி|kruti|kruti|kruti|kɾut̪ɪ,,"{""""script"""":""""sourashtra"""",""""category"""":""""noun"""",""""type"""":""""abstract""""}"
^,,creation,english,,english,,abstract|concept|idea,,noun,
^,,படைப்பு,tamil,,tamil,'படபப':1 'creation':2 'பட':3,abstract|concept|idea,க்ருதி,noun,
-,ꢬ,ꢬꢹꢦ꣄ꢒꢾꢬ꣄ꢥꢶ,sourashtra,,,'ꢬꢦꢒꢬꢥ':1 'roopkerni':2 'rupkerni':3 'rūpkĕrni':4 'creation':5 'பட':6,abstract|concept|idea,रूप्क॑र्नि|ரூப்கெர்னி|roopke'rni|rUpkErni|rūpkĕrni|ɾuːpkeɾn̪ɪ,,"{""""script"""":""""sourashtra"""",""""category"""":""""noun"""",""""type"""":""""abstract""""}"
-,ꢱ,ꢱ꣄ꢬꢸꢰ꣄ꢜꢶ,sourashtra,,,'ꢱꢬꢰꢜ':1 'srushti':2 'srusti':3 'sruṣṭi':4 'creation':5 'பட':6,abstract|concept|idea,स्रुष्टि|ஸ்ருஷ்டி|srusht'i|sruSTi|sruṣṭi|s̪ɾuʂʈɪ,,"{""""script"""":""""sourashtra"""",""""category"""":""""noun"""",""""type"""":""""abstract""""}"
-,ꢔ,ꢔꢸꢠ꣄ꢠꢸꢥ꣄,sourashtra,,,'ꢔꢠꢠꢥ':1 'gunnun':2 'guṇṇun':3 'character':4 'பண':5,abstract|concept|idea,गुण्णुन|கு3ண்ணுன்|gunnun|guNNun|guṇṇun|guɳɳun̪,,"{""""script"""":""""sourashtra"""",""""category"""":""""noun"""",""""type"""":""""abstract""""}"
^,,பண்பு,tamil,,tamil,'பணப':1 'character':2 'பண':3,abstract|concept|idea,கு3ண்ணுன்,noun,
-,ꢔ,ꢔꢸꢠ꣄ꢠꢸꢥꢸ ꢱꢵꢬ꣄,sourashtra,,,'ꢔꢠꢠꢥꢱꢬ':1 'gunnunusaar':2 'gunnunusar':3 'guṇṇunusār':4 'character':5 'sketch':6 'பண':7 'நலன':8,abstract|concept|idea,गुण्णुनु सार|கு3ண்ணுனு ஸார்|gunnunu saar|guNNunu sAr|guṇṇunu sār|guɳɳun̪u s̪ɑːɾ,,"{""""script"""":""""sourashtra"""",""""category"""":""""noun"""",""""type"""":""""abstract""""}"
^,,character sketch,english,,english,,abstract|concept|idea,,noun,
^,,பண்பு நலன்,tamil,,tamil,'பணபநலன':1 'character':2 'sketch':3 'பண':4 'நலன':5,abstract|concept|idea,கு3ண்ணுனு ஸார்,noun,
-,ꢦ,ꢦꢡ꣄ꢥꢶ,sourashtra,,,'ꢦꢡꢥ':1 'patni':2 'chastewoman':3 'பத':4,abstract|concept|idea,पत्नि|பத்னி|patni|patni|patni|pət̪n̪ɪ,,"{""""script"""":""""sourashtra"""",""""category"""":""""noun"""",""""type"""":""""abstract""""}"
^,,Chastewoman,english,,english,,abstract|concept|idea,,noun,
^,,பத்தினி,tamil,,tamil,'பததன':1 'chastewoman':2 'பத':3,abstract|concept|idea,பத்னி,noun,
-,ꢤ,ꢤꢪꢵꢤꢵꢪ꣄,sourashtra,,,'ꢤꢪꢤꢪ':1 'dhamaadhaam':2 'dhamadham':3 'dhamādhām':4 'haste':5 'tension':6 'பதட':7 'டம':8,abstract|concept|idea,धमाधाम|த4மாதா4ம்|dhamaadhaam|dhamAdhAm|dhamādhām|d̪ʰəmɑːd̪ʰɑːm,,"{""""script"""":""""sourashtra"""",""""category"""":""""noun"""",""""type"""":""""abstract""""}"
^,,Haste/tension,english,,english,,abstract|concept|idea,,noun,
^,,பதட்டம்,tamil,,tamil,'பதடடம':1 'haste':2 'tension':3 'பதட':4 'டம':5,abstract|concept|idea,த4மாதா4ம்,noun,
-,ꢤ,ꢤꢵꢒ꣄,sourashtra,,,'ꢤꢒ':1 'dhaak':2 'dhak':3 'dhāk':4 'fear':5 'பயம':6,abstract|concept|idea,धाक्|தா4க்|dhaak|dhAk|dhāk|d̪ʰɑːk,,"{""""script"""":""""sourashtra"""",""""category"""":""""noun"""",""""type"""":""""abstract""""}"
^,,fear,english,,english,,abstract|concept|idea,,noun,
^,,பயம்,tamil,,tamil,'பயம':1,abstract|concept|idea,தா4க்,noun,
^,,பீதி,tamil,,tamil,'பத':1,abstract|concept|idea,தா4க்,noun,
-,ꢥ,ꢥꣁꢮꢡꢾꢒꣁ ꢱꢵꢡ꣄ꢡꣁ ꢤꢒ꣄ꢒꢶꢥꢶ,sourashtra,,,'ꢥꢮꢡꢒꢱꢡꢡꢤꢒꢒꢥ':1 'novatekosaattodhakkini':2 'novatekosattodhakkini':3 'nŏvatĕkŏsāttŏdhakkini':4 'fear':5 'unfamiliar':6 'persons':7 'person':8 'பய':9,abstract|concept|idea|person,ना॑वा॑त॑का॑ सात्ता॑ धक्किनि|நொவதெகொ ஸாத்தொ த4க்கினி|no'vate'ko' saatto' dhakkini|nOvatEkO sAttO dhakkini|nŏvatĕkŏ sāttŏ dhakkini|n̪oʋət̪eko s̪ɑːt̪t̪o d̪ʰəkkɪn̪ɪ,,"{""""script"""":""""sourashtra"""",""""category"""":""""noun"""",""""type"""":""""concrete""""}"
^,,Fear of unfamiliar persons,english,,english,,abstract|concept|idea|person,,noun,
^,,பயிர்ப்பு,tamil,,tamil,'பயரபப':1 'fear':2 'unfamiliar':3 'persons':4 'person':5 'பய':6,abstract|concept|idea|person,நொவதெகொ ஸாத்தொ த4க்கினி,noun,
-,ꢦ,ꢦꢵꢭꢥꣁ ꢒ꣄ꢬ꣄ꢥꢶ,sourashtra,,,'ꢦꢭꢥꢒꢬꢥ':1 'paalanokrni':2 'palanokrni':3 'pālanŏkrni':4 'maintenance':5 'பர':6 'மர':7,abstract|concept|idea,पालना॑ क॑र्नि|பாலனொ கெர்னி|paalano' krni|pAlanO krni|pālanŏ krni|pɑːlən̪o kɾn̪ɪ,,"{""""script"""":""""sourashtra"""",""""category"""":""""noun"""",""""type"""":""""abstract""""}"
^,,maintenance,english,,english,,abstract|concept|idea,,noun,
^,,பராமரிப்பு,tamil,,tamil,'பரமரபப':1 'maintenance':2 'பர':3 'மர':4,abstract|concept|idea,பாலனொ கெர்னி,noun,
-,ꢦ,ꢦꢬꢶꢲꢵꢬ꣄,sourashtra,,,'ꢦꢬꢲꢬ':1 'parihaar':2 'parihar':3 'parihār':4 'expiation':5 'பர':6 'ரம':7,abstract|concept|idea,परिहार|பரிஹார்|parihaar|parihAr|parihār|pəɾɪɦɑːɾ,,"{""""script"""":""""sourashtra"""",""""category"""":""""noun"""",""""type"""":""""abstract""""}"
^,,expiation,english,,english,,abstract|concept|idea,,noun,
^,,பரிகாரம்,tamil,,tamil,'பரகரம':1 'expiation':2 'பர':3 'ரம':4,abstract|concept|idea,பரிஹார்,noun,
-,ꢦ,ꢦ꣄ꢬꢵꢫꢯ꣄ꢗꢶꢡ꣄ꢡꢸ ꢒꢾꢬꢱ꣄ꢡꢾ,sourashtra,,,'ꢦꢬꢫꢯꢗꢡꢡꢒꢬꢱꢡ':1 'praayashchittukeraste':2 'prayazcittukeraste':3 'prāyaścittukĕrastĕ':4 'expiation':5 'பர':6 'ரம':7,abstract|concept|idea,प्रायश्चित्तु क॑रस्त॑|ப்ராயஶ்சித்து கெரஸ்தே|praayashchittu ke'raste'|prAyazcittu kErastE|prāyaścittu kĕrastĕ|pɾɑːjəʃt͡ʃɪt̪t̪u keɾəs̪t̪e,,"{""""script"""":""""sourashtra"""",""""category"""":""""noun"""",""""type"""":""""abstract""""}"
-,ꢦ,ꢦꢬꢶꢲꢵꢱ꣄,sourashtra,,,'ꢦꢬꢲꢱ':1 'parihaas':2 'parihas':3 'parihās':4 'sarcasm':5 'பர':6 'சம':7,abstract|concept|idea,परिहास|பரிஹாஸ்|parihaas|parihAs|parihās|pəɾɪɦɑːs̪,,"{""""script"""":""""sourashtra"""",""""category"""":""""noun"""",""""type"""":""""abstract""""}"
^,,sarcasm,english,,english,,abstract|concept|idea,,noun,
^,,பரிகாசம்,tamil,,tamil,'பரகசம':1 'sarcasm':2 'பர':3 'சம':4,abstract|concept|idea,பரிஹாஸ்,noun,
-,ꢨ,ꢨꢭꢲꢶꢥ꣄,sourashtra,,,'ꢨꢭꢲꢥ':1 'balahin':2 'weakness':3 'பலக':4 'னம':5,abstract|concept|idea,बलहिन्|ப3லஹீன்|balahin|balahin|balahin|bələɦɪn̪,,"{""""script"""":""""sourashtra"""",""""category"""":""""noun"""",""""type"""":""""abstract""""}"
^,,weakness,english,,english,,abstract|concept|idea,,noun,
^,,பலகீனம்,tamil,,tamil,'பலகனம':1 'weakness':2 'பலக':3 'னம':4,abstract|concept|idea,ப3லஹீன்,noun,
-,ꢨ,ꢨꢭ꣄ꢯꢵꢭꢶ,sourashtra,,,'ꢨꢭꢯꢭ':1 'balshaali':2 'balzali':3 'balśāli':4 'strong':5 'person':6 'பலச':7,abstract|concept|idea|person,बलशालि|ப3லஶாலி|balshaali|balzAli|balśāli|bəlʃɑːlɪ,,"{""""script"""":""""sourashtra"""",""""category"""":""""noun"""",""""type"""":""""concrete""""}"
^,,strong person,english,,english,,abstract|concept|idea|person,,noun,
^,,பலசாலி,tamil,,tamil,'பலசல':1 'strong':2 'person':3 'பலச':4,abstract|concept|idea|person,ப3லஶாலி,noun,
-,ꢦ,ꢦꢮꢶꢡ꣄ꢬꢸ,sourashtra,,,'ꢦꢮꢡꢬ':1 'pavitru':2 'holiness':3 'sanctity':4 'பவ':5 'ரம':6 'தம':7,abstract|concept|idea,पवित्रु|பவித்ரு|pavitru|pavitru|pavitru|pəʋɪt̪ɾu,,"{""""script"""":""""sourashtra"""",""""category"""":""""noun"""",""""type"""":""""abstract""""}"
^,,holiness,english,,english,,abstract|concept|idea,,noun,
^,,sanctity,english,,english,,abstract|concept|idea,,noun,
^,,பவித்திரம்,tamil,,tamil,'பவததரம':1 'பவ':2 'ரம':3,abstract|concept|idea,பவித்ரு,noun,
^,,புனிதம்,tamil,,tamil,'பனதம':1 'தம':2,abstract|concept|idea,பவித்ரு,noun,
-,ꢬ,ꢬꢦ꣄ꢡꣁ,sourashtra,,,'ꢬꢦꢡ':1 'rapto':2 'raptŏ':3 'habit':4 'custom':5 'பழக':6 'கம':7 'வழக':8,abstract|concept|idea,रप्ता॑|ரப்தொ|rapto'|raptO|raptŏ|ɾəpt̪o,,"{""""script"""":""""sourashtra"""",""""category"""":""""noun"""",""""type"""":""""abstract""""}"
^,,Habit/custom,english,,english,,abstract|concept|idea,,noun,
^,,custom,english,,english,,abstract|concept|idea,,noun,
^,,பழக்கம்,tamil,,tamil,'பழககம':1 'பழக':2 'கம':3,abstract|concept|idea,ரப்தொ,noun,
^,,வழக்கம்,tamil,,tamil,'வழககம':1 'வழக':2 'கம':3,abstract|concept|idea,ரப்தொ,noun,
-,ꢦ,ꢦꣁꢬꢵꢒ꣄ꢦꣁꢬꣁ,sourashtra,,,'ꢦꢬꢒꢦꢬ':1 'poraakporo':2 'porakporo':3 'pŏrākpŏrŏ':4 'revenge':5 'பழ':6,abstract|concept|idea,पा॑राक्पा॑रा॑|பொராக்பொரொ|po'raakpo'ro'|pOrAkpOrO|pŏrākpŏrŏ|poɾɑːkpoɾo,,"{""""script"""":""""sourashtra"""",""""category"""":""""noun"""",""""type"""":""""abstract""""}"
^,,revenge,english,,english,,abstract|concept|idea,,noun,
^,,பழிக்குப்பழி,tamil,,tamil,'பழககபபழ':1 'revenge':2 'பழ':3,abstract|concept|idea,பொராக்பொரொ,noun,
-,ꢦ,ꢦ꣄ꢬꢡꢶꢯꣂꢤ꣄,sourashtra,,,'ꢦꢬꢡꢯꢤ':1 'pratishodh':2 'pratizodh':3 'pratiśodh':4 'revenge':5 'பழ':6,abstract|concept|idea,प्रतिशोध|ப்ரதிஶோத்4|pratishodh|pratizodh|pratiśodh|pɾət̪ɪʃoːd̪ʰ,,"{""""script"""":""""sourashtra"""",""""category"""":""""noun"""",""""type"""":""""abstract""""}"
-,ꢪ,ꢪꢾꢬ꣄ꢦꢸꢭ꣄,sourashtra,,,'ꢪꢬꢦꢭ':1 'merpul':2 'mĕrpul':3 'shining':4 'shin':5 'பளபளப':6,abstract|concept|idea,म॑र्पुल|மெர்புல்|me'rpul|mErpul|mĕrpul|meɾpul,,"{""""script"""":""""sourashtra"""",""""category"""":""""noun"""",""""type"""":""""abstract""""}"
^,,shining,english,,english,,abstract|concept|idea,,noun,
^,,பளபளப்பு,tamil,,tamil,'பளபளபப':1 'shining':2 'shin':3 'பளபளப':4,abstract|concept|idea,மெர்புல்,noun,
-,ꢙ,ꢙꣁꢭꢶꢛ꣄ꢗꢶꢥꢶ,sourashtra,,,'ꢙꢭꢛꢗꢥ':1 'jolinchini':2 'jolijcini':3 'jŏliñcini':4 'shine':5 'shining':6 'shin':7 'பளபளப':8,abstract|concept|idea,जा॑लिञ्चिनि|ஜொலிஞ்சினி|jo'linchini|jOliJcini|jŏliñcini|d͡ʒolɪɲt͡ʃɪn̪ɪ,,"{""""script"""":""""sourashtra"""",""""category"""":""""noun"""",""""type"""":""""abstract""""}"
^,,shine,english,,english,,abstract|concept|idea,,noun,
^,,மெருகு,tamil,,tamil,'மரக':1,abstract|concept|idea,ஜொலிஞ்சினி,noun,
-,ꢥ,ꢥꢸꢮꢶꢥꢶ,sourashtra,,,'ꢥꢮꢥ':1 'nuvini':2 'praise':3 'praising':4 'கழ':5,abstract|concept|idea,नुविनि|நுவினி|nuvini|nuvini|nuvini|n̪uʋɪn̪ɪ,,"{""""script"""":""""sourashtra"""",""""category"""":""""noun"""",""""type"""":""""abstract""""}"
^,,praise,english,,english,,abstract|concept|idea,,noun,
^,,praising,english,,english,,abstract|concept|idea,,noun,
^,,பாராட்டு,tamil,,tamil,'பரடட':1,abstract|concept|idea,நுவினி,noun,
^,,புகழ்ச்சி,tamil,,tamil,'பகழசச':1 'கழ':2,abstract|concept|idea,நுவினி,noun,
-,ꢪ,ꢪꢾꢗ꣄ꢗꢶꢥꢶ,sourashtra,,,'ꢪꢗꢗꢥ':1 'mechchini':2 'meccini':3 'mĕccini':4 'praise':5,abstract|concept|idea,मेर्च्चिनि|மெச்சினி|me'chchini|mEccini|mĕccini|met͡ʃt͡ʃɪn̪ɪ,,"{""""script"""":""""sourashtra"""",""""category"""":""""noun"""",""""type"""":""""abstract""""}"
-,ꢯ,ꢯ꣄ꢭꢵꢕꢥꣁ,sourashtra,,,'ꢯꢭꢕꢥ':1 'shlaaghano':2 'zlaghano':3 'ślāghanŏ':4 'praise':5,abstract|concept|idea,श्लाघना॑|ஶ்லாக4னொ|shlaaghano'|zlAghanO|ślāghanŏ|ʃlɑːgʰən̪o,,"{""""script"""":""""sourashtra"""",""""category"""":""""noun"""",""""type"""":""""abstract""""}"
-,ꢩ,ꢩꢷꢒ,sourashtra,,,'ꢩꢒ':1 'bheeka':2 'bhika':3 'bhīka':4 'begging':5 'beg':6,abstract|concept|idea,भीक|பீ4க்|bheeka|bhIka|bhīka|bʰiːkə,,"{""""script"""":""""sourashtra"""",""""category"""":""""noun"""",""""type"""":""""abstract""""}"
^,,begging,english,,english,,abstract|concept|idea,,noun,
^,,பிச்சை,tamil,,tamil,'பசச':1 'begging':2 'beg':3,abstract|concept|idea,பீ4க்,noun,
-,ꢕ,ꢕꢾꢞꢶꢮꢵꢣ꣄,sourashtra,,,'ꢕꢞꢮꢣ':1 'ghedivaad':2 'ghedivad':3 'ghĕḍivād':4 'stubbornness':5 'obstinacy':6 'தம':7,abstract|concept|idea,घ॑डिवाद|கெ4டி3வாத்3|ghe'd'ivaad|ghEDivAd|ghĕḍivād|gʰeɖɪʋɑːd̪,,"{""""script"""":""""sourashtra"""",""""category"""":""""noun"""",""""type"""":""""abstract""""}"
^,,"stubbornness, obstinacy",english,,english,,abstract|concept|idea,,noun,
^,,பிடிவாதம்,tamil,,tamil,'படவதம':1 'stubbornness':2 'obstinacy':3 'தம':4,abstract|concept|idea,கெ4டி3வாத்3,noun,
-,ꢣ,ꢣꢸꢬꢵꢔ꣄ꢬꢲꣁ,sourashtra,,,'ꢣꢬꢔꢬꢲ':1 'duraagraho':2 'duragraho':3 'durāgrahŏ':4 'stubbornness':5 'obstinacy':6 'தம':7,abstract|concept|idea,दुराग्रहा॑|து3ராக்3ரஹொ|duraagraho'|durAgrahO|durāgrahŏ|d̪uɾɑːgɾəɦo,,"{""""script"""":""""sourashtra"""",""""category"""":""""noun"""",""""type"""":""""abstract""""}"
-,ꢦ,ꢦꢶꢬꢡꢶꢧꣂꢭ,sourashtra,,,'ꢦꢬꢡꢧꢭ':1 'piratiphola':2 'reward':3 'ரத':4 'பலன':5,abstract|concept|idea,पिरतिफोल|பிரதிபோ2ள்|piratiphola|piratiphola|piratiphola|pɪɾət̪ɪpʰoːlə,,"{""""script"""":""""sourashtra"""",""""category"""":""""noun"""",""""type"""":""""abstract""""}"
^,,reward,english,,english,,abstract|concept|idea,,noun,
^,,பிரதிபலன்,tamil,,tamil,'பரதபலன':1 'reward':2 'ரத':3 'பலன':4,abstract|concept|idea,பிரதிபோ2ள்,noun,
-,ꢦ,ꢦꢱ꣄ꢒꢜ꣄ ꢬꢴꢥꢶ,sourashtra,,,'ꢦꢱꢒꢜꢬꢥ':1 'paskatrhani':2 'paskaṭrhani':3 'backward':4 'தங':5 'கல':6,abstract|concept|idea,पस्कट र्हनि|பஸ்கட் ர:னி|paskat' rhani|paskaT rhani|paskaṭ rhani|pəs̪kəʈ ɾɦən̪ɪ,,"{""""script"""":""""sourashtra"""",""""category"""":""""noun"""",""""type"""":""""abstract""""}"
^,,backward,english,,english,,abstract|concept|idea,,noun,
^,,பின்தங்கல்,tamil,,tamil,'பனதஙகல':1 'backward':2 'தங':3 'கல':4,abstract|concept|idea,பஸ்கட் ர:னி,noun,
-,ꢩ,ꢩꢷꢡꢶ,sourashtra,,,'ꢩꢡ':1 'bheeti':2 'bhiti':3 'bhīti':4 'fear':5,abstract|concept|idea,भीति|பீ4தி|bheeti|bhIti|bhīti|bʰiːt̪ɪ,,"{""""script"""":""""sourashtra"""",""""category"""":""""noun"""",""""type"""":""""abstract""""}"
-,ꢔ,ꢔꢸꢨꢸꢔꢸꢦꢵꢱ꣄ꢡꢿ,sourashtra,,,'ꢔꢨꢔꢦꢱꢡ':1 'gubugupaaste':2 'gubugupaste':3 'gubugupāste':4 'friction':5 'சல':6,abstract|concept|idea,गुबुगुपास्ते|கு3பு3கு3பாஸ்தே|gubugupaaste|gubugupAste|gubugupāste|gubugupɑːs̪t̪eː,,"{""""script"""":""""sourashtra"""",""""category"""":""""noun"""",""""type"""":""""abstract""""}"
^,,friction,english,,english,,abstract|concept|idea,,noun,
^,,புகைச்சல்,tamil,,tamil,'பகசசல':1 'friction':2 'சல':3,abstract|concept|idea,கு3பு3கு3பாஸ்தே,noun,
-,ꢨ,ꢨꢸꢣ꣄ꢤꢶ,sourashtra,,,'ꢨꢣꢤ':1 'buddhi':2 'intelligence':3,abstract|concept|idea,बुद्धि|பு3த்3தி4|buddhi|buddhi|buddhi|bud̪d̪ʰɪ,,"{""""script"""":""""sourashtra"""",""""category"""":""""noun"""",""""type"""":""""abstract""""}"
^,,intelligence,english,,english,,abstract|concept|idea,,noun,
^,,புத்தி,tamil,,tamil,'பதத':1 'intelligence':2,abstract|concept|idea,பு3த்3தி4,noun,
-,ꢆ,ꢆꢡ꣄ꢱꢵ,sourashtra,,,'ꢆꢡꢱ':1 'utsaa':2 'utsa':3 'utsā':4 'refreshness':5 'ணர':6,abstract|concept|idea,उत्साह|உத்ஸாஹ்|utsaa|utsA|utsā|ut̪s̪ɑː,,"{""""script"""":""""sourashtra"""",""""category"""":""""noun"""",""""type"""":""""abstract""""}"
^,,refreshness,english,,english,,abstract|concept|idea,,noun,
^,,புத்துணர்ச்சி,tamil,,tamil,'பததணரசச':1 'refreshness':2 'ணர':3,abstract|concept|idea,உத்ஸாஹ்,noun,
-,ꢔ,ꢔꢾꢠꢵꢡ꣄,sourashtra,,,'ꢔꢠꢡ':1 'genaat':2 'genat':3 'gĕṇāt':4 'treasure':5 'யல':6,abstract|concept|idea,ग॑णात्|கெ3ணாத்|ge'naat|gENAt|gĕṇāt|geɳɑːt̪,,"{""""script"""":""""sourashtra"""",""""category"""":""""noun"""",""""type"""":""""abstract""""}"
^,,treasure,english,,english,,abstract|concept|idea,,noun,
^,,புதையல்,tamil,,tamil,'பதயல':1 'treasure':2 'யல':3,abstract|concept|idea,கெ3ணாத்,noun,
-,ꢒ,ꢒꢥ꣄ꢫꢵ,sourashtra,,,'ꢒꢥꢫ':1 'kanyaa':2 'kanya':3 'kanyā':4 'girl':5 'upto':6 'years':7 'year':8,abstract|concept|idea,कन्या|கன்யொ|kanyaa|kanyA|kanyā|kən̪jɑː,,"{""""script"""":""""sourashtra"""",""""category"""":""""noun"""",""""type"""":""""abstract""""}"
^,,girl upto 12 years,english,,english,,abstract|concept|idea,,noun,
^,,பெதும்பை,tamil,,tamil,'பதமப':1 'girl':2 'upto':3 'years':4 'year':5,abstract|concept|idea,கன்யொ,noun,
-,ꢒ,ꢒꢷꢬ꣄ꢡꢶ,sourashtra,,,'ꢒꢬꢡ':1 'keerti':2 'kirti':3 'kīrti':4 'glory':5,abstract|concept|idea,कीर्ति|கீர்தி|keerti|kIrti|kīrti|kiːɾt̪ɪ,,"{""""script"""":""""sourashtra"""",""""category"""":""""noun"""",""""type"""":""""abstract""""}"
^,,glory,english,,english,,abstract|concept|idea,,noun,
^,,பெருமை,tamil,,tamil,'பரம':1 'glory':2,abstract|concept|idea,கீர்தி,noun,
-,ꢮ,ꢮꢾꢣꢸꢬ꣄ ꢮꢣꢶꢥꢶ,sourashtra,,,'ꢮꢣꢬꢮꢣꢥ':1 'vedurvadini':2 'vĕdurvadini':3 'interview':4,abstract|concept|idea,व॑दुर्वदिनि|வெது3ர்வதி3னி|ve'dur vadini|vEdur vadini|vĕdur vadini|ʋed̪uɾ ʋəd̪ɪn̪ɪ,,"{""""script"""":""""sourashtra"""",""""category"""":""""noun"""",""""type"""":""""abstract""""}"
^,,interview,english,,english,,abstract|concept|idea,,noun,
^,,பேட்டி,tamil,,tamil,'படட':1 'interview':2,abstract|concept|idea,வெது3ர்வதி3னி,noun,
-,ꢩ,ꢩꢿꢡ,sourashtra,,,'ꢩꢡ':1 'bheta':2 'difference':3 'தம':4,abstract|concept|idea,भेत|பே4த்|bheta|bheta|bheta|bʰeːt̪ə,,"{""""script"""":""""sourashtra"""",""""category"""":""""noun"""",""""type"""":""""abstract""""}"
^,,difference,english,,english,,abstract|concept|idea,,noun,
^,,பேதம்,tamil,,tamil,'பதம':1 'difference':2 'தம':3,abstract|concept|idea,பே4த்,noun,
-,ꢪ,ꢪꢶꢢꢥ꣄,sourashtra,,,'ꢪꢢꢥ':1 'mithan':2 'false':3,abstract|concept|idea,मिथन|மித2ன்|mithan|mithan|mithan|mɪt̪ʰən̪,,"{""""script"""":""""sourashtra"""",""""category"""":""""noun"""",""""type"""":""""abstract""""}"
^,,False,english,,english,,abstract|concept|idea,,noun,
^,,பொய்,tamil,,tamil,'பய':1 'false':2,abstract|concept|idea,மித2ன்,noun,
-,ꢥ,ꢥꣁꢮꢦꢥ꣄,sourashtra,,,'ꢥꢮꢦꢥ':1 'novapan':2 'nŏvapan':3 'freshness':4,abstract|concept|idea,ना॑वपन|நொவபன்|no'vapan|nOvapan|nŏvapan|n̪oʋəpən̪,,"{""""script"""":""""sourashtra"""",""""category"""":""""noun"""",""""type"""":""""abstract""""}"
^,,Freshness,english,,english,,abstract|concept|idea,,noun,
^,,பொலிவு,tamil,,tamil,'பலவ':1 'freshness':2,abstract|concept|idea,நொவபன்,noun,
-,ꢂ,ꢂꢱꢹꢫꣁ,sourashtra,,,'ꢂꢱꢫ':1 'asooyo':2 'asuyo':3 'asūyŏ':4 'greed':5 'jealousy':6,abstract|concept|idea,असूया॑|அஸூயொ|asooyo'|asUyO|asūyŏ|əs̪uːjo,,"{""""script"""":""""sourashtra"""",""""category"""":""""noun"""",""""type"""":""""abstract""""}"
^,,"greed, jealousy",english,,english,,abstract|concept|idea,,noun,
^,,பொறாமை,tamil,,tamil,'பறம':1 'greed':2 'jealousy':3,abstract|concept|idea,அஸூயொ,noun,
-,ꢙ,ꢙꢮꢵꢨ꣄ꢣꢵꢬ꣄,sourashtra,,,'ꢙꢮꢨꢣꢬ':1 'javaabdaar':2 'javabdar':3 'javābdār':4 'responsibility':5,abstract|concept|idea,जवाब्दार|ஜவாப்3தா3ர்|javaabdaar|javAbdAr|javābdār|d͡ʒəʋɑːbd̪ɑːɾ,,"{""""script"""":""""sourashtra"""",""""category"""":""""noun"""",""""type"""":""""abstract""""}"
^,,responsibility,english,,english,,abstract|concept|idea,,noun,
^,,பொறுப்பு,tamil,,tamil,'பறபப':1 'responsibility':2,abstract|concept|idea,ஜவாப்3தா3ர்,noun,
-,ꢱ,ꢱꢲꢥꢡꣁ,sourashtra,,,'ꢱꢲꢥꢡ':1 'sahanato':2 'sahanatŏ':3 'patience':4,abstract|concept|idea,सहनतो|ஸஹனதொ|sahanato'|sahanatO|sahanatŏ|s̪əɦən̪ət̪o,,"{""""script"""":""""sourashtra"""",""""category"""":""""noun"""",""""type"""":""""abstract""""}"
^,,patience,english,,english,,abstract|concept|idea,,noun,
^,,பொறுமை,tamil,,tamil,'பறம':1 'patience':2,abstract|concept|idea,ஸஹனதொ,noun,
-,ꢔ,ꢔꢸꢠ꣄ꢞꣁ,sourashtra,,,'ꢔꢠꢞ':1 'gundo':2 'guṇḍŏ':3 'rowdy':4,abstract|concept|idea,गुण्डा॑|கு3ண்டொ3|gund'o'|guNDO|guṇḍŏ|guɳɖo,,"{""""script"""":""""sourashtra"""",""""category"""":""""noun"""",""""type"""":""""abstract""""}"
^,,rowdy,english,,english,,abstract|concept|idea,,noun,
^,,போக்கிரி,tamil,,tamil,'பககர':1 'rowdy':2,abstract|concept|idea,கு3ண்டொ3,noun,
-,ꢔ,ꢔꢸꢠ꣄ꢞꢦꢥ꣄,sourashtra,,,'ꢔꢠꢞꢦꢥ':1 'gundapan':2 'guṇḍapan':3 'rowdism':4 'தனம':5,abstract|concept|idea,गुण्डपन|கு3ண்ட3பன்|gund'apan|guNDapan|guṇḍapan|guɳɖəpən̪,,"{""""script"""":""""sourashtra"""",""""category"""":""""noun"""",""""type"""":""""abstract""""}"
^,,rowdism,english,,english,,abstract|concept|idea,,noun,
^,,போக்கிரித்தனம்,tamil,,tamil,'பககரததனம':1 'rowdism':2 'தனம':3,abstract|concept|idea,கு3ண்ட3பன்,noun,
-,ꢪ,ꢪꢲꢶꢪꣁ,sourashtra,,,'ꢪꢲꢪ':1 'mahimo':2 'mahimŏ':3 'greatness':4 'மகத':5 'வம':6,abstract|concept|idea,महिमा॑|மஹிமொ|mahimo'|mahimO|mahimŏ|məɦɪmo,,"{""""script"""":""""sourashtra"""",""""category"""":""""noun"""",""""type"""":""""abstract""""}"
^,,greatness,english,,english,,abstract|concept|idea,,noun,
^,,மகத்துவம்,tamil,,tamil,'மகததவம':1 'greatness':2 'மகத':3 'வம':4,abstract|concept|idea,மஹிமொ,noun,
-,ꢪ,ꢪꢵꢲꢵꢡ꣄ꢪꣁ,sourashtra,,,'ꢪꢲꢡꢪ':1 'maahaatmo':2 'mahatmo':3 'māhātmŏ':4 'great':5 'soul':6 'மக':7,abstract|concept|idea,माहात्मा॑|மாஹாத்மொ|maahaatmo'|mAhAtmO|māhātmŏ|mɑːɦɑːt̪mo,,"{""""script"""":""""sourashtra"""",""""category"""":""""noun"""",""""type"""":""""abstract""""}"
^,,great soul,english,,english,,abstract|concept|idea,,noun,
^,,மகாத்மா,tamil,,tamil,'மகதம':1 'great':2 'soul':3 'மக':4,abstract|concept|idea,மாஹாத்மொ,noun,
-,ꢪ,ꢪꣁꢪ꣄ꢦꢸ,sourashtra,,,'ꢪꢪꢦ':1 'mompu':2 'mŏmpu':3 'enjoyment':4 'pleasure':5 'மக':6,abstract|concept|idea,सा॑म्पु|ஸொம்பு|mo'mpu|mOmpu|mŏmpu|mompu,,"{""""script"""":""""sourashtra"""",""""category"""":""""noun"""",""""type"""":""""abstract""""}"
^,,"enjoyment, pleasure",english,,english,,abstract|concept|idea,,noun,
^,,மகிழ்ச்சி,tamil,,tamil,'மகழசச':1 'enjoyment':2 'pleasure':3 'மக':4,abstract|concept|idea,ஸொம்பு,noun,
-,ꢱ,ꢱꣁꢥ꣄ꢡꢸ,sourashtra,,,'ꢱꢥꢡ':1 'sontu':2 'sŏntu':3 'enjoyment':4 'pleasure':5 'மக':6,abstract|concept|idea,सा॑न्तु|ஸொந்து|so'ntu|sOntu|sŏntu|s̪on̪t̪u,,"{""""script"""":""""sourashtra"""",""""category"""":""""noun"""",""""type"""":""""abstract""""}"
-,ꢫ,ꢫꢸꢮꢡꢶ,sourashtra,,,'ꢫꢮꢡ':1 'yuvati':2 'girl':3 'upto':4 'years':5 'age':6 'year':7 'மங':8,abstract|concept|idea,युवति|யுவதி|yuvati|yuvati|yuvati|juʋət̪ɪ,,"{""""script"""":""""sourashtra"""",""""category"""":""""noun"""",""""type"""":""""abstract""""}"
^,,girl upto 16 years of age,english,,english,,abstract|concept|idea,,noun,
^,,மங்கை,tamil,,tamil,'மஙக':1 'girl':2 'upto':3 'years':4 'age':5 'year':6 'மங':7,abstract|concept|idea,யுவதி,noun,
-,ꢪ,ꢪꢴꢸꢞꢦꢥ꣄,sourashtra,,,'ꢪꢞꢦꢥ':1 'mhudapan':2 'mhuḍapan':3 'foolishness':4 'மடத':5 'தனம':6,abstract|concept|idea,म्हुडपन|மு:ட3பன்|mhud'apan|mhuDapan|mhuḍapan|mɦuɖəpən̪,,"{""""script"""":""""sourashtra"""",""""category"""":""""noun"""",""""type"""":""""abstract""""}"
^,,foolishness,english,,english,,abstract|concept|idea,,noun,
^,,மடத்தனம்,tamil,,tamil,'மடததனம':1 'மடத':2 'தனம':3,abstract|concept|idea,மு:ட3பன்,noun,
^,,முட்டாள்தனம்,tamil,,tamil,'மடடளதனம':1 'தனம':2,abstract|concept|idea,மு:ட3பன்,noun,
-,ꢪ,ꢪꢴꢸꢞꣁ,sourashtra,,,'ꢪꢞ':1 'mhudo':2 'mhuḍŏ':3 'blockhead':4 'fool':5 'மட':6 'யன':7 'மரமண':8,abstract|concept|idea,म्हुडा॑|மு:டொ3|mhud'o'|mhuDO|mhuḍŏ|mɦuɖo,,"{""""script"""":""""sourashtra"""",""""category"""":""""noun"""",""""type"""":""""abstract""""}"
^,,blockhead,english,,english,,abstract|concept|idea,,noun,
^,,fool,english,,english,,abstract|concept|idea,,noun,
^,,மடையன்,tamil,,tamil,'மடயன':1 'மட':2 'யன':3,abstract|concept|idea,மு:டொ3,noun,
^,,மரமண்டையன்,tamil,,tamil,'மரமணடயன':1 'மரமண':2 'யன':3,abstract|concept|idea,மு:டொ3,noun,
^,,முட்டாள்,tamil,,tamil,'மடடள':1,abstract|concept|idea,மு:டொ3,noun,
-,ꢮ,ꢮꢱꢸꢥꣁ,sourashtra,,,'ꢮꢱꢥ':1 'vasuno':2 'vasunŏ':3 'fragrance':4 'மணம':5,abstract|concept|idea,वसुना॑|வஸுனொ|vasuno'|vasunO|vasunŏ|ʋəs̪un̪o,,"{""""script"""":""""sourashtra"""",""""category"""":""""noun"""",""""type"""":""""abstract""""}"
^,,மணம்,tamil,,tamil,'மணம':1 'fragrance':2,abstract|concept|idea,வஸுனொ,noun,
-,ꢪ,ꢪꢾꢖ꣄ꢔꢶꢥꢶ,sourashtra,,,'ꢪꢖꢔꢥ':1 'mengini':2 'meggini':3 'mĕṅgini':4 'drowsiness':5 'மயக':6 'கம':7,abstract|concept|idea,म॑ङ्गिनि|மெங்கி3னி|me'ngini|mEGgini|mĕṅgini|meŋgɪn̪ɪ,,"{""""script"""":""""sourashtra"""",""""category"""":""""noun"""",""""type"""":""""abstract""""}"
^,,Drowsiness,english,,english,,abstract|concept|idea,,noun,
^,,மயக்கம்,tamil,,tamil,'மயககம':1 'drowsiness':2 'மயக':3 'கம':4,abstract|concept|idea,மெங்கி3னி,noun,
-,ꢪ,ꢪꣁꢬ꣄ꢔ꣄ꢫꢵꢡ꣄,sourashtra,,,'ꢪꢬꢔꢫꢡ':1 'morgyaat':2 'morgyat':3 'mŏrgyāt':4 'respect':5 'மர':6,abstract|concept|idea,मा॑र्ग्यात|மொர்க்3யாத்|mo'rgyaat|mOrgyAt|mŏrgyāt|moɾgjɑːt̪,,"{""""script"""":""""sourashtra"""",""""category"""":""""noun"""",""""type"""":""""abstract""""}"
^,,respect,english,,english,,abstract|concept|idea,,noun,
^,,மரியாதை,tamil,,tamil,'மரயத':1 'respect':2 'மர':3,abstract|concept|idea,மொர்க்3யாத்,noun,
-,ꢧ,ꢧꢸꢭꢱ꣄ꢡꢾ,sourashtra,,,'ꢧꢭꢱꢡ':1 'phulaste':2 'phulastĕ':3 'blooming':4 'blossom':5 'bloom':6 'மலர':7,abstract|concept|idea,फुलस्ते|பு2லஸ்தே|phulaste'|phulastE|phulastĕ|pʰuləs̪t̪e,,"{""""script"""":""""sourashtra"""",""""category"""":""""noun"""",""""type"""":""""abstract""""}"
^,,Blooming/blossom,english,,english,,abstract|concept|idea,,noun,
^,,மலர்ச்சி,tamil,,tamil,'மலரசச':1 'blooming':2 'blossom':3 'bloom':4 'மலர':5,abstract|concept|idea,பு2லஸ்தே,noun,
-,ꢮ,ꢮꢶꢱꢸꢬ꣄,sourashtra,,,'ꢮꢱꢬ':1 'visur':2 'forgetfulness':3 'மறத':4,abstract|concept|idea,विसुर|விஸுர்|visur|visur|visur|ʋɪs̪uɾ,,"{""""script"""":""""sourashtra"""",""""category"""":""""noun"""",""""type"""":""""abstract""""}"
^,,forgetfulness,english,,english,,abstract|concept|idea,,noun,
^,,மறதி,tamil,,tamil,'மறத':1 'forgetfulness':2,abstract|concept|idea,விஸுர்,noun,
-,ꢪ,ꢪꣁꢥ꣄ꢥꢸ ꢒꢮ꣄ꢭꢶꢥꢶ,sourashtra,,,'ꢪꢥꢥꢒꢮꢭꢥ':1 'monnukavlini':2 'mŏnnukavlini':3 'confusion':4 'மனக':5 'கலக':6 'கம':7,abstract|concept|idea,मा॑न्नु कव्लिनि|மொன்னு கவ்லினி|mo'nnu kavlini|mOnnu kavlini|mŏnnu kavlini|mon̪n̪u kəʋlɪn̪ɪ,,"{""""script"""":""""sourashtra"""",""""category"""":""""noun"""",""""type"""":""""abstract""""}"
-,ꢪ,ꢪꣁꢥ꣄ꢥꢸ ꢯꢵꢥ꣄ꢡꢶ,sourashtra,,,'ꢪꢥꢥꢯꢥꢡ':1 'monnushaanti':2 'monnuzanti':3 'mŏnnuśānti':4 'peace':5 'mind':6 'மனச':7 'சம':8 'னம':9,abstract|concept|idea,म॓न्नु शान्ति|மொன்னு ஶாந்தி|mo'nnu shaanti|mOnnu zAnti|mŏnnu śānti|mon̪n̪u ʃɑːn̪t̪ɪ,,"{""""script"""":""""sourashtra"""",""""category"""":""""noun"""",""""type"""":""""abstract""""}"
^,,peace of mind,english,,english,,abstract|concept|idea,,noun,
^,,மனச்சமாதானம்/மனச்சாந்தி,tamil,,tamil,'மனசசமதனமமனசசநத':1 'peace':2 'mind':3 'மனச':4 'சம':5 'னம':6,abstract|concept|idea,மொன்னு ஶாந்தி,noun,
-,ꢡ,ꢡ꣄ꢬꢸꢦ꣄ꢡꢶ,sourashtra,,,'ꢡꢬꢦꢡ':1 'trupti':2 'fulfilment':3 'மனந':4,abstract|concept|idea,त्रुप्ति|த்ருப்தி|trupti|trupti|trupti|t̪ɾupt̪ɪ,,"{""""script"""":""""sourashtra"""",""""category"""":""""noun"""",""""type"""":""""abstract""""}"
^,,fulfilment,english,,english,,abstract|concept|idea,,noun,
^,,மனநிறைவு,tamil,,tamil,'மனநறவ':1 'fulfilment':2 'மனந':3,abstract|concept|idea,த்ருப்தி,noun,
-,ꢦ,ꢦꢬꢶꢦꢹꢬ꣄ꢠꢸ,sourashtra,,,'ꢦꢬꢦꢬꢠ':1 'paripoornu':2 'paripurnu':3 'paripūrṇu':4 'fulfilment':5 'மனந':6,abstract|concept|idea,परिपूर्णु|பரிபூர்ணு|paripoornu|paripUrNu|paripūrṇu|pəɾɪpuːɾɳu,,"{""""script"""":""""sourashtra"""",""""category"""":""""noun"""",""""type"""":""""abstract""""}"
-,ꢪ,ꢪꢥꣂꢩꢵꢮ꣄,sourashtra,,,'ꢪꢥꢩꢮ':1 'manobhaav':2 'manobhav':3 'manobhāv':4 'feeling':5 'attitude':6 'feel':7 'மன':8 'வம':9,abstract|concept|idea,मनोभाव|மனோபா4வ்|manobhaav|manobhAv|manobhāv|mən̪oːbʰɑːʋ,,"{""""script"""":""""sourashtra"""",""""category"""":""""noun"""",""""type"""":""""abstract""""}"
^,,Feeling/ attitude,english,,english,,abstract|concept|idea,,noun,
^,,மனோபாவம்,tamil,,tamil,'மனபவம':1 'feeling':2 'attitude':3 'feel':4 'மன':5 'வம':6,abstract|concept|idea,மனோபா4வ்,noun,
-,ꢪ,ꢪꢬ꣄ꢗꢶꢥꢶ,sourashtra,,,'ꢪꢬꢗꢥ':1 'marchini':2 'marcini':3 'change':4 'றம':5,abstract|concept|idea,मर्चिनि|மர்சினி|marchini|marcini|marcini|məɾt͡ʃɪn̪ɪ,,"{""""script"""":""""sourashtra"""",""""category"""":""""noun"""",""""type"""":""""abstract""""}"
^,,change,english,,english,,abstract|concept|idea,,noun,
^,,மாற்றம்,tamil,,tamil,'மறறம':1 'change':2 'றம':3,abstract|concept|idea,மர்சினி,noun,
-,ꢏ,ꢏꢬꢶꢮꢬ꣄ꢡꢥꣁ,sourashtra,,,'ꢏꢬꢮꢬꢡꢥ':1 'orivartano':2 'ŏrivartanŏ':3 'change':4 'றம':5,abstract|concept|idea,परिवर्तना॑|பரிவர்தனொ|o'rivartano'|OrivartanO|ŏrivartanŏ|oɾɪʋəɾt̪ən̪o,,"{""""script"""":""""sourashtra"""",""""category"""":""""noun"""",""""type"""":""""abstract""""}"
-,ꢂ,ꢂꢮꢪꢵꢥ꣄,sourashtra,,,'ꢂꢮꢪꢥ':1 'avamaan':2 'avaman':3 'avamān':4 'disgrace':5 'னக':6,abstract|concept|idea,अवमान्|அவமான்|avamaan|avamAn|avamān|əʋəmɑːn̪,,"{""""script"""":""""sourashtra"""",""""category"""":""""noun"""",""""type"""":""""abstract""""}"
^,,மானக்கேடு,tamil,,tamil,'மனககட':1 'disgrace':2 'னக':3,abstract|concept|idea,அவமான்,noun,
-,ꢪ,ꢪꢵꢥ꣄,sourashtra,,,'ꢪꢥ':1 'maan':2 'man':3 'mān':4 'prestige':5 'னம':6,abstract|concept|idea,मान|மான்|maan|mAn|mān|mɑːn̪,,"{""""script"""":""""sourashtra"""",""""category"""":""""noun"""",""""type"""":""""abstract""""}"
^,,மானம்,tamil,,tamil,'மனம':1 'prestige':2 'னம':3,abstract|concept|idea,மான்,noun,
-,ꢔ,ꢔꣃꢬꢮ꣄,sourashtra,,,'ꢔꢬꢮ':1 'gaurav':2 'prestige':3 'னம':4,abstract|concept|idea,गौरव|கௌ3ரவ்|gaurav|gaurav|gaurav|gəuɾəʋ,,"{""""script"""":""""sourashtra"""",""""category"""":""""noun"""",""""type"""":""""abstract""""}"
-,ꢔ,ꢔꢾꢡ꣄ꢡꢸ,sourashtra,,,'ꢔꢡꢡ':1 'gettu':2 'gĕttu':3 'ostentation':4,abstract|concept|idea,ग॑त्तु|கெ3த்து|ge'ttu|gEttu|gĕttu|get̪t̪u,,"{""""script"""":""""sourashtra"""",""""category"""":""""noun"""",""""type"""":""""abstract""""}"
^,,Ostentation/,english,,english,,abstract|concept|idea,,noun,
^,,மிடுக்கு,tamil,,tamil,'மடகக':1 'ostentation':2,abstract|concept|idea,கெ3த்து,noun,
-,ꢒ,ꢒꣁꢪ꣄ꢨꢳꢦꢥ꣄,sourashtra,,,'ꢒꢪꢨꢳꢦꢥ':1 'kombalapan':2 'kŏmbalapan':3 'softness':4 'tenderness':5,abstract|concept|idea,का॑म्बळपन|கொம்ப்3ளபன்|ko'mbal'apan|kOmbaLapan|kŏmbal̤apan|kombəɭəpən̪,,"{""""script"""":""""sourashtra"""",""""category"""":""""noun"""",""""type"""":""""abstract""""}"
^,,Softness/tenderness,english,,english,,abstract|concept|idea,,noun,
^,,மிருது,tamil,,tamil,'மரத':1 'softness':2 'tenderness':3,abstract|concept|idea,கொம்ப்3ளபன்,noun,
-,ꢦ,ꢦꢬꢶꢦꢒ꣄ꢮꢡꣁ,sourashtra,,,'ꢦꢬꢦꢒꢮꢡ':1 'paripakvato':2 'paripakvatŏ':3 'maturity':4,abstract|concept|idea,परिपक्वता॑|பரிபக்வதொ|paripakvato'|paripakvatO|paripakvatŏ|pəɾɪpəkʋət̪o,,"{""""script"""":""""sourashtra"""",""""category"""":""""noun"""",""""type"""":""""abstract""""}"
^,,maturity,english,,english,,abstract|concept|idea,,noun,
^,,முதிர்ச்சி,tamil,,tamil,'மதரசச':1 'maturity':2,abstract|concept|idea,பரிபக்வதொ,noun,
-,ꢫ,ꢫꢡ꣄ꢡꢥ꣄,sourashtra,,,'ꢫꢡꢡꢥ':1 'yattan':2 'attempt':3 'effort':4 'யற':5,abstract|concept|idea,यत्तन|யத்தன்|yattan|yattan|yattan|jət̪t̪ən̪,,"{""""script"""":""""sourashtra"""",""""category"""":""""noun"""",""""type"""":""""abstract""""}"
^,,Attempt/effort,english,,english,,abstract|concept|idea,,noun,
^,,முயற்சி,tamil,,tamil,'மயறச':1 'attempt':2 'effort':3 'யற':4,abstract|concept|idea,யத்தன்,noun,
-,ꢦ,ꢦ꣄ꢬꢫꢡ꣄ꢡꢥ꣄,sourashtra,,,'ꢦꢬꢫꢡꢡꢥ':1 'prayattan':2 'attempt':3 'effort':4 'யற':5,abstract|concept|idea,प्रयत्तन|ப்ரயத்தன்|prayattan|prayattan|prayattan|pɾəjət̪t̪ən̪,,"{""""script"""":""""sourashtra"""",""""category"""":""""noun"""",""""type"""":""""abstract""""}"
-,ꢥ,ꢥꢴꢥ꣄ꢲꢱꣁ,sourashtra,,,'ꢥꢥꢲꢱ':1 'nhanhaso':2 'nhanhasŏ':3 'smile':4 'வல':5,abstract|concept|idea,न्हन्हसा॑|ந:ன்ஹஸொ|nhanhaso'|nhanhasO|nhanhasŏ|n̪ɦən̪ɦəs̪o,,"{""""script"""":""""sourashtra"""",""""category"""":""""noun"""",""""type"""":""""abstract""""}"
^,,smile,english,,english,,abstract|concept|idea,,noun,
^,,முறுவல்,tamil,,tamil,'மறவல':1 'smile':2 'வல':3,abstract|concept|idea,ந:ன்ஹஸொ,noun,
-,ꢪ,ꢪꢸꢒꢸꢭ꣄ꢲꢱꣁ,sourashtra,,,'ꢪꢒꢭꢲꢱ':1 'mukulhaso':2 'mukulhasŏ':3 'smile':4 'வல':5,abstract|concept|idea,मुगुल्हसा॑|முகுல்ஹஸொ|mukulhaso'|mukulhasO|mukulhasŏ|mukulɦəs̪o,,"{""""script"""":""""sourashtra"""",""""category"""":""""noun"""",""""type"""":""""abstract""""}"
-,ꢲ,ꢲꣁꢬꢮ꣄ꢥꢶ,sourashtra,,,'ꢲꢬꢮꢥ':1 'horavni':2 'hŏravni':3 'development':4 'றம':5,abstract|concept|idea,होरव्नि|ஹோரவ்னி|ho'ravni|hOravni|hŏravni|ɦoɾəʋn̪ɪ,,"{""""script"""":""""sourashtra"""",""""category"""":""""noun"""",""""type"""":""""abstract""""}"
^,,development,english,,english,,abstract|concept|idea,,noun,
^,,முன்னேற்றம்,tamil,,tamil,'மனனறறம':1 'development':2 'றம':3,abstract|concept|idea,ஹோரவ்னி,noun,
-,ꢂ,ꢂꢥ꣄ꢤꢮꢶꢯ꣄꣄ꢮꢵꢱ꣄,sourashtra,,,'ꢂꢥꢤꢮꢯꢮꢱ':1 'andhavishvaas':2 'andhavizvas':3 'andhaviśvās':4 'blind':5 'belief':6 'superstition':7 'டநம':8,abstract|concept|idea,अन्धविश्वास|அந்த4விஶ்வாஸ்|andhavishvaas|andhavizvAs|andhaviśvās|ən̪d̪ʰəʋɪʃʋɑːs̪,,"{""""script"""":""""sourashtra"""",""""category"""":""""noun"""",""""type"""":""""abstract""""}"
^,,blind belief/ superstition,english,,english,,abstract|concept|idea,,noun,
^,,மூடநம்பிக்கை,tamil,,tamil,'மடநமபகக':1 'blind':2 'belief':3 'superstition':4 'டநம':5,abstract|concept|idea,அந்த4விஶ்வாஸ்,noun,
-,ꢣ,ꢣꣁꢮ꣄ꢬꢦꢥ꣄,sourashtra,,,'ꢣꢮꢬꢦꢥ':1 'dovrapan':2 'dŏvrapan':3 'old':4 'age':5,abstract|concept|idea,दा॑व्रपन|தொ3வ்ரபன்|do'vrapan|dOvrapan|dŏvrapan|d̪oʋɾəpən̪,,"{""""script"""":""""sourashtra"""",""""category"""":""""noun"""",""""type"""":""""abstract""""}"
^,,old age,english,,english,,abstract|concept|idea,,noun,
^,,மூப்பு,tamil,,tamil,'மபப':1 'old':2 'age':3,abstract|concept|idea,தொ3வ்ரபன்,noun,
-,ꢪ,ꢪꢹꢬ꣄ꢓꢦꢥ꣄,sourashtra,,,'ꢪꢬꢓꢦꢥ':1 'moorkhapan':2 'murkhapan':3 'mūrkhapan':4 'rudeness':5 'கத':6 'தனம':7,abstract|concept|idea,मूर्खपन|மூர்க2பன்|moorkhapan|mUrkhapan|mūrkhapan|muːɾkʰəpən̪,,"{""""script"""":""""sourashtra"""",""""category"""":""""noun"""",""""type"""":""""abstract""""}"
^,,rudeness,english,,english,,abstract|concept|idea,,noun,
^,,மூர்க்கத்தனம்,tamil,,tamil,'மரககததனம':1 'rudeness':2 'கத':3 'தனம':4,abstract|concept|idea,மூர்க2பன்,noun,
-,ꢪ,ꢪꢹꢬ꣄ꢓꢸ,sourashtra,,,'ꢪꢬꢓ':1 'moorkhu':2 'murkhu':3 'mūrkhu':4 'cruel':5 'person':6 'கன':7,abstract|concept|idea|person,मूर्खु|மூர்கு2|moorkhu|mUrkhu|mūrkhu|muːɾkʰu,,"{""""script"""":""""sourashtra"""",""""category"""":""""noun"""",""""type"""":""""concrete""""}"
^,,cruel person,english,,english,,abstract|concept|idea|person,,noun,
^,,மூர்க்கன்,tamil,,tamil,'மரககன':1 'cruel':2 'person':3 'கன':4,abstract|concept|idea|person,மூர்கு2,noun,
-,ꢥ,ꢥꢶꢙꢮꢡ꣄ꢡꣁ,sourashtra,,,'ꢥꢙꢮꢡꢡ':1 'nijavatto':2 'nijavattŏ':3 'truth':4,abstract|concept|idea,निजवत्ता॑|நிஜவத்தொ|nijavatto'|nijavattO|nijavattŏ|n̪ɪd͡ʒəʋət̪t̪o,,"{""""script"""":""""sourashtra"""",""""category"""":""""noun"""",""""type"""":""""abstract""""}"
-,ꢱ,ꢱꢡ꣄ꢫ ꢮꢵꢒ꣄,sourashtra,,,'ꢱꢡꢫꢮꢒ':1 'satyavaak':2 'satyavak':3 'satyavāk':4 'truth':5,abstract|concept|idea,सत्य वाक|ஸத்ய வாக்|satya vaak|satya vAk|satya vāk|s̪ət̪jə ʋɑːk,,"{""""script"""":""""sourashtra"""",""""category"""":""""noun"""",""""type"""":""""abstract""""}"
-,ꢪ,ꢪ꣄ꢬꢸꢣꢸꢦꢥ꣄,sourashtra,,,'ꢪꢬꢣꢦꢥ':1 'mrudupan':2 'softness':3,abstract|concept|idea,म्रुदुपन|ம்ருது3பன்மெது3வுபன்|mrudupan|mrudupan|mrudupan|mɾud̪upən̪,,"{""""script"""":""""sourashtra"""",""""category"""":""""noun"""",""""type"""":""""abstract""""}"
^,,softness,english,,english,,abstract|concept|idea,,noun,
^,,மென்மை,tamil,,tamil,'மனம':1 'softness':2,abstract|concept|idea,ம்ருது3பன்மெது3வுபன்,noun,
-,ꢪ,ꢪꢾꢣꢸꢮꢸꢦꢥ꣄,sourashtra,,,'ꢪꢣꢮꢦꢥ':1 'meduvupan':2 'mĕduvupan':3 'softness':4,abstract|concept|idea,म॑दुवुपन|ம்ருது3பன்மெது3வுபன்|me'duvupan|mEduvupan|mĕduvupan|med̪uʋupən̪,,"{""""script"""":""""sourashtra"""",""""category"""":""""noun"""",""""type"""":""""abstract""""}"
-,ꢪ,ꢪꢴꣁꢜ꣄ꢜꢦꢥ꣄,sourashtra,,,'ꢪꢜꢜꢦꢥ':1 'mhottapan':2 'mhŏṭṭapan':3 'greatness':4 'superiority':5,abstract|concept|idea,म्हा॑ट्टपन|மொ:ட்டபன்|mho't't'apan|mhOTTapan|mhŏṭṭapan|mɦoʈʈəpən̪,,"{""""script"""":""""sourashtra"""",""""category"""":""""noun"""",""""type"""":""""abstract""""}"
^,,Greatness/ superiority,english,,english,,abstract|concept|idea,,noun,
^,,மேன்மை,tamil,,tamil,'மனம':1 'greatness':2 'superiority':3,abstract|concept|idea,மொ:ட்டபன்,noun,
-,ꢪ,ꢪꢿꢜ꣄ꢦꢥ꣄,sourashtra,,,'ꢪꢜꢦꢥ':1 'metpan':2 'meṭpan':3 'greatness':4 'superiority':5,abstract|concept|idea,मेट्पन|மேட்பன்ஶ்ரேஷ்ட2பன்|met'pan|meTpan|meṭpan|meːʈpən̪,,"{""""script"""":""""sourashtra"""",""""category"""":""""noun"""",""""type"""":""""abstract""""}"
-,ꢯ,ꢯ꣄ꢬꢿꢰ꣄ꢝꢦꢥ꣄,sourashtra,,,'ꢯꢬꢰꢝꢦꢥ':1 'shreshthapan':2 'zresthapan':3 'śreṣṭhapan':4 'greatness':5 'superiority':6,abstract|concept|idea,श्रेष्ठपन|மேட்பன்ஶ்ரேஷ்ட2பன்|shresht'hapan|zreSThapan|śreṣṭhapan|ʃɾeːʂʈʰəpən̪,,"{""""script"""":""""sourashtra"""",""""category"""":""""noun"""",""""type"""":""""abstract""""}"
-,ꢪ,ꢪꣂꢲ꣄,sourashtra,,,'ꢪꢲ':1 'moh':2 'cheating':3 'gulling':4 'infatuation':5 'cheat':6 'gull':7 'கம':8 'சம':9,abstract|concept|idea,मोह|மோஹ்|moh|moh|moh|moːɦ,,"{""""script"""":""""sourashtra"""",""""category"""":""""noun"""",""""type"""":""""abstract""""}"
^,,Cheating/gulling,english,,english,,abstract|concept|idea,,noun,
^,,infatuation,english,,english,,abstract|concept|idea,,noun,
^,,மோகம்,tamil,,tamil,'மகம':1 'கம':2,abstract|concept|idea,மோஹ்,noun,
^,,மோசம்,tamil,,tamil,'மசம':1 'சம':2,abstract|concept|idea,மோஹ்,noun,
-,ꢪ,ꢪꣃꢥ꣄,sourashtra,,,'ꢪꢥ':1 'maun':2 'silence':3 'னம':4,abstract|concept|idea,मौन|மௌன்|maun|maun|maun|məun̪,,"{""""script"""":""""sourashtra"""",""""category"""":""""noun"""",""""type"""":""""abstract""""}"
^,,silence,english,,english,,abstract|concept|idea,,noun,
^,,மௌனம்,tamil,,tamil,'மனம':1 'silence':2 'னம':3,abstract|concept|idea,மௌன்,noun,
-,ꢂ,ꢂꢮꢵꢒ꣄,sourashtra,,,'ꢂꢮꢒ':1 'avaak':2 'avak':3 'avāk':4 'silence':5 'னம':6,abstract|concept|idea,अवाक|அவாக்|avaak|avAk|avāk|əʋɑːk,,"{""""script"""":""""sourashtra"""",""""category"""":""""noun"""",""""type"""":""""abstract""""}"
-,ꢫ,ꢫꢢꢵꢬ꣄ꢢꢮꢵꢣꢶ,sourashtra,,,'ꢫꢢꢬꢢꢮꢣ':1 'yathaarthavaadi':2 'yatharthavadi':3 'yathārthavādi':4 'realist':5 'யத':6 'தவ':7,abstract|concept|idea,यथार्थ्वादि|யதா2ர்த2வாதி3|yathaarthavaadi|yathArthavAdi|yathārthavādi|jət̪ʰɑːɾt̪ʰəʋɑːd̪ɪ,,"{""""script"""":""""sourashtra"""",""""category"""":""""noun"""",""""type"""":""""abstract""""}"
^,,realist,english,,english,,abstract|concept|idea,,noun,
^,,யதார்த்தவாதி,tamil,,tamil,'யதரததவத':1 'realist':2 'யத':3 'தவ':4,abstract|concept|idea,யதா2ர்த2வாதி3,noun,
-,ꢫ,ꢫꣁꢗꢥꣁ,sourashtra,,,'ꢫꢗꢥ':1 'yochano':2 'yocano':3 'yŏcanŏ':4 'thought':5 'think':6 'சன':7,abstract|concept|idea,योचना॑|யோசனொ|yo'chano'|yOcanO|yŏcanŏ|jot͡ʃən̪o,,"{""""script"""":""""sourashtra"""",""""category"""":""""noun"""",""""type"""":""""abstract""""}"
^,,யோசனை,tamil,,tamil,'யசன':1 'thought':2 'think':3 'சன':4,abstract|concept|idea,யோசனொ,noun,
-,ꢬ,ꢬꢸꢗꢶ,sourashtra,,,'ꢬꢗ':1 'ruchi':2 'ruci':3 'taste':4,abstract|concept|idea,रुचि|ருசி|ruchi|ruci|ruci|ɾut͡ʃɪ,,"{""""script"""":""""sourashtra"""",""""category"""":""""noun"""",""""type"""":""""abstract""""}"
-,ꢮ,ꢮꢛ꣄ꢗꢥꣁ,sourashtra,,,'ꢮꢛꢗꢥ':1 'vanchano':2 'vajcano':3 'vañcanŏ':4 'betrayal':5 'வஞ':6 'சகம':7,abstract|concept|idea,वञ्चना॑|வஞ்சனொ|vanchano'|vaJcanO|vañcanŏ|ʋəɲt͡ʃən̪o,,"{""""script"""":""""sourashtra"""",""""category"""":""""noun"""",""""type"""":""""abstract""""}"
^,,betrayal,english,,english,,abstract|concept|idea,,noun,
^,,வஞ்சகம்,tamil,,tamil,'வஞசகம':1 'betrayal':2 'வஞ':3 'சகம':4,abstract|concept|idea,வஞ்சனொ,noun,
-,ꢮ,ꢮꢛ꣄ꢗꢥꣁ ꢒꢾꢬ꣄ꢥꢵꢬ꣄,sourashtra,,,'ꢮꢛꢗꢥꢒꢬꢥꢬ':1 'vanchanokernaar':2 'vajcanokernar':3 'vañcanŏkĕrnār':4 'betrayer':5 'வஞ':6 'சகன':7 'சக':8,abstract|concept|idea,वञ्चना॑ क॑र्नार|வஞ்சனொ கெர்னார்|vanchano' ke'rnaar|vaJcanO kErnAr|vañcanŏ kĕrnār|ʋəɲt͡ʃən̪o keɾn̪ɑːɾ,,"{""""script"""":""""sourashtra"""",""""category"""":""""noun"""",""""type"""":""""abstract""""}"
^,,Betrayer,english,,english,,abstract|concept|idea,,noun,
^,,வஞ்சகன்,tamil,,tamil,'வஞசகன':1 'வஞ':2 'சகன':3,abstract|concept|idea,வஞ்சனொ கெர்னார்,noun,
^,,வஞ்சகி,tamil,,tamil,'வஞசக':1 'வஞ':2 'சக':3,abstract|concept|idea,வஞ்சனொ கெர்னார்,noun,
-,ꢮ,ꢮꢬ꣄ꢠꢥꣁ,sourashtra,,,'ꢮꢬꢠꢥ':1 'varnano':2 'varṇanŏ':3 'description':4 'வர':5 'ணன':6,abstract|concept|idea,वर्णना॑|வர்ணனொ|varnano'|varNanO|varṇanŏ|ʋəɾɳən̪o,,"{""""script"""":""""sourashtra"""",""""category"""":""""noun"""",""""type"""":""""abstract""""}"
^,,description,english,,english,,abstract|concept|idea,,noun,
^,,வருணனை,tamil,,tamil,'வரணன':1 'description':2 'வர':3 'ணன':4,abstract|concept|idea,வர்ணனொ,noun,
-,ꢲ,ꢲꢾꢡꣁ,sourashtra,,,'ꢲꢡ':1 'heto':2 'hĕtŏ':3 'grief':4 'வர':5 'தம':6,abstract|concept|idea,ह॑ता॑|ஹெதொ|he'to'|hEtO|hĕtŏ|ɦet̪o,,"{""""script"""":""""sourashtra"""",""""category"""":""""noun"""",""""type"""":""""abstract""""}"
^,,grief,english,,english,,abstract|concept|idea,,noun,
^,,வருத்தம்,tamil,,tamil,'வரததம':1 'grief':2 'வர':3 'தம':4,abstract|concept|idea,ஹெதொ,noun,
-,ꢮ,ꢮꢞ꣄ꢙꢥꢶ,sourashtra,,,'ꢮꢞꢙꢥ':1 'vadjani':2 'vaḍjani':3 'fading':4 'fade':5 'டம':6,abstract|concept|idea,वड्जनि|வட்3ஜனி|vad'jani|vaDjani|vaḍjani|ʋəɖd͡ʒən̪ɪ,,"{""""script"""":""""sourashtra"""",""""category"""":""""noun"""",""""type"""":""""abstract""""}"
^,,fading,english,,english,,abstract|concept|idea,,noun,
^,,வாட்டம்,tamil,,tamil,'வடடம':1 'fading':2 'fade':3 'டம':4,abstract|concept|idea,வட்3ஜனி,noun,
-,ꢔ,ꢔ꣄ꢬꢵꢲꢶ,sourashtra,,,'ꢔꢬꢲ':1 'graahi':2 'grahi':3 'grāhi':4 'customer':5 'ளர':6,abstract|concept|idea,ग्राहि|க்3ராஹி|graahi|grAhi|grāhi|gɾɑːɦɪ,,"{""""script"""":""""sourashtra"""",""""category"""":""""noun"""",""""type"""":""""abstract""""}"
^,,customer,english,,english,,abstract|concept|idea,,noun,
^,,வாடிக்கையாளர்,tamil,,tamil,'வடககயளர':1 'customer':2 'ளர':3,abstract|concept|idea,க்3ராஹி,noun,
-,ꢡ,ꢡꣂꢠꢸꢪ꣄ ꢤꣁꢮ꣄ꢳꣁ,sourashtra,,,'ꢡꢠꢪꢤꢮꢳ':1 'tonumdhovlo':2 'toṇumdhŏvlŏ':3 'keeping':4 'mum':5 'keep':6 'தனம':7,abstract|concept|idea,दोणुम धा॑व्ळा॑|தோணும் தொ4வ்ளொ|tonum dho'vl'o'|toNum dhOvLO|toṇum dhŏvl̤ŏ|t̪oːɳum d̪ʰoʋɭo,,"{""""script"""":""""sourashtra"""",""""category"""":""""noun"""",""""type"""":""""abstract""""}"
^,,keeping mum,english,,english,,abstract|concept|idea,,noun,
^,,வாய்மூடித்தனம்,tamil,,tamil,'வயமடததனம':1 'keeping':2 'mum':3 'keep':4 'தனம':5,abstract|concept|idea,தோணும் தொ4வ்ளொ,noun,
-,ꢥ,ꢥꢶꢯꢨ꣄ꢣꢸ,sourashtra,,,'ꢥꢯꢨꢣ':1 'nishabdu':2 'nizabdu':3 'niśabdu':4 'keeping':5 'mum':6 'keep':7 'தனம':8,abstract|concept|idea,निशब्दु|நிஸப்3து3|nishabdu|nizabdu|niśabdu|n̪ɪʃəbd̪u,,"{""""script"""":""""sourashtra"""",""""category"""":""""noun"""",""""type"""":""""abstract""""}"
-,ꢒ,ꢒꢸꢬꢹꢦ꣄,sourashtra,,,'ꢒꢬꢦ':1 'kuroop':2 'kurup':3 'kurūp':4 'ugliness':5 'ரம':6,abstract|concept|idea,कुरूप|குரூப்|kuroop|kurUp|kurūp|kuɾuːp,,"{""""script"""":""""sourashtra"""",""""category"""":""""noun"""",""""type"""":""""abstract""""}"
^,,ugliness,english,,english,,abstract|concept|idea,,noun,
^,,விகாரம்,tamil,,tamil,'வகரம':1 'ugliness':2 'ரம':3,abstract|concept|idea,குரூப்,noun,
-,ꢮ,ꢮꢶꢯ꣄꣄ꢮꢵꢱ꣄,sourashtra,,,'ꢮꢯꢮꢱ':1 'vishvaas':2 'vizvas':3 'viśvās':4 'faith':5 'சம':6,abstract|concept|idea,विश्वास्|விஶ்வாஸ்|vishvaas|vizvAs|viśvās|ʋɪʃʋɑːs̪,,"{""""script"""":""""sourashtra"""",""""category"""":""""noun"""",""""type"""":""""abstract""""}"
^,,faith,english,,english,,abstract|concept|idea,,noun,
^,,விசுவாசம்,tamil,,tamil,'வசவசம':1 'faith':2 'சம':3,abstract|concept|idea,விஶ்வாஸ்,noun,
-,ꢮ,ꢮꢯ꣄꣄ꢮꢵꢱꢶ,sourashtra,,,'ꢮꢯꢮꢱ':1 'vashvaasi':2 'vazvasi':3 'vaśvāsi':4 'faithful':5 'person':6,abstract|concept|idea|person,विश्वासि|விஶ்வாஸி|vashvaasi|vazvAsi|vaśvāsi|ʋəʃʋɑːs̪ɪ,,"{""""script"""":""""sourashtra"""",""""category"""":""""noun"""",""""type"""":""""concrete""""}"
^,,faithful person,english,,english,,abstract|concept|idea|person,,noun,
^,,விசுவாசி,tamil,,tamil,'வசவச':1 'faithful':2 'person':3,abstract|concept|idea|person,விஶ்வாஸி,noun,
-,ꢃ,ꢃꢯ꣄꣄꣄ꢗꢬ꣄ꢫꢹ,sourashtra,,,'ꢃꢯꢗꢬꢫ':1 'aashcharyoo':2 'azcaryu':3 'āścaryū':4 'wonder':5 'யப':6,abstract|concept|idea,आश्चर्यु|ஆஶ்சர்யு|aashcharyoo|AzcaryU|āścaryū|ɑːʃt͡ʃəɾjuː,,"{""""script"""":""""sourashtra"""",""""category"""":""""noun"""",""""type"""":""""abstract""""}"
^,,வியப்பு,tamil,,tamil,'வயபப':1 'wonder':2 'யப':3,abstract|concept|idea,ஆஶ்சர்யு,noun,
-,ꢮ,ꢮꢶꢬꢲꢡꢵꢦ꣄,sourashtra,,,'ꢮꢬꢲꢡꢦ':1 'virahataap':2 'virahatap':3 'virahatāp':4 'pangs':5 'separation':6 'pang':7 'ரகம':8,abstract|concept|idea,विरहताप|விரஹதாப்|virahataap|virahatAp|virahatāp|ʋɪɾəɦət̪ɑːp,,"{""""script"""":""""sourashtra"""",""""category"""":""""noun"""",""""type"""":""""abstract""""}"
^,,pangs of separation,english,,english,,abstract|concept|idea,,noun,
^,,விரகம்,tamil,,tamil,'வரகம':1 'pangs':2 'separation':3 'pang':4 'ரகம':5,abstract|concept|idea,விரஹதாப்,noun,
-,ꢨ,ꢨꢶꢬꢸꢣꢸ,sourashtra,,,'ꢨꢬꢣ':1 'birudu':2 'title':3,abstract|concept|idea,बिरुदु|பி3ருது3|birudu|birudu|birudu|bɪɾud̪u,,"{""""script"""":""""sourashtra"""",""""category"""":""""noun"""",""""type"""":""""abstract""""}"
^,,title,english,,english,,abstract|concept|idea,,noun,
^,,விருது,tamil,,tamil,'வரத':1 'title':2,abstract|concept|idea,பி3ருது3,noun,
-,ꢏ,ꢏꢦ꣄ꢦꢫꢶꢥꢶ,sourashtra,,,'ꢏꢦꢦꢫꢥ':1 'oppayini':2 'ŏppayini':3 'liking':4 'like':5,abstract|concept|idea,आ॑प्पयिनि|ஒப்பயினி|o'ppayini|Oppayini|ŏppayini|oppəjɪn̪ɪ,,"{""""script"""":""""sourashtra"""",""""category"""":""""noun"""",""""type"""":""""abstract""""}"
^,,liking,english,,english,,abstract|concept|idea,,noun,
^,,விருப்பு,tamil,,tamil,'வரபப':1 'liking':2 'like':3,abstract|concept|idea,ஒப்பயினி,noun,
-,ꢗ,ꢗꢡ꣄ꢬꢸ,sourashtra,,,'ꢗꢡꢬ':1 'chatru':2 'catru':3 'enmity':4 'தம':5,abstract|concept|idea,चत्रु|ஶத்ரு|chatru|catru|catru|t͡ʃət̪ɾu,,"{""""script"""":""""sourashtra"""",""""category"""":""""noun"""",""""type"""":""""abstract""""}"
^,,enmity,english,,english,,abstract|concept|idea,,noun,
^,,விரோதம்,tamil,,tamil,'வரதம':1 'enmity':2 'தம':3,abstract|concept|idea,ஶத்ரு,noun,
-,ꢦ,ꢦꢬꣂꢦꢒꢵꢬꢶ,sourashtra,,,'ꢦꢬꢦꢒꢬ':1 'paropakaari':2 'paropakari':3 'paropakāri':4 'philanthropist':5 'வள':6 'ளல':7,abstract|concept|idea,परोपकारि|பரோபகாரி|paropakaari|paropakAri|paropakāri|pəɾoːpəkɑːɾɪ,,"{""""script"""":""""sourashtra"""",""""category"""":""""noun"""",""""type"""":""""abstract""""}"
^,,philanthropist,english,,english,,abstract|concept|idea,,noun,
^,,வள்ளல்,tamil,,tamil,'வளளல':1 'philanthropist':2 'வள':3 'ளல':4,abstract|concept|idea,பரோபகாரி,noun,
-,ꢲ,ꢲꣁꢞꢶꢥꢶ,sourashtra,,,'ꢲꢞꢥ':1 'hodini':2 'hŏḍini':3 'growth':4 'வளர':5,abstract|concept|idea,हा॑डिनि|ஹொடி3னி|ho'd'ini|hODini|hŏḍini|ɦoɖɪn̪ɪ,,"{""""script"""":""""sourashtra"""",""""category"""":""""noun"""",""""type"""":""""abstract""""}"
^,,growth,english,,english,,abstract|concept|idea,,noun,
^,,வளர்ச்சி,tamil,,tamil,'வளரசச':1 'growth':2 'வளர':3,abstract|concept|idea,ஹொடி3னி,noun,
-,ꢣ,ꢣꢸꢒꢵꢭ꣄,sourashtra,,,'ꢣꢒꢭ':1 'dukaal':2 'dukal':3 'dukāl':4 'drought':5 'வறட':6,abstract|concept|idea,दुकाल|து3கால்|dukaal|dukAl|dukāl|d̪ukɑːl,,"{""""script"""":""""sourashtra"""",""""category"""":""""noun"""",""""type"""":""""abstract""""}"
^,,வறட்சி,tamil,,tamil,'வறடச':1 'drought':2 'வறட':3,abstract|concept|idea,து3கால்,noun,
-,ꢣ,ꢣꢸꢒꢵꢳ꣄꣄,sourashtra,,,'ꢣꢒꢳ':1 'dukaal':2 'dukal':3 'dukāl':4 'drought':5 'வறட':6,abstract|concept|idea,दुकाळ|து3காள்|dukaal'|dukAL|dukāl̤|d̪ukɑːɭ,,"{""""script"""":""""sourashtra"""",""""category"""":""""noun"""",""""type"""":""""abstract""""}"
-,ꢡ,ꢡꢾꢬ꣄ꢒꢾ,sourashtra,,,'ꢡꢬꢒ':1 'terke':2 'tĕrkĕ':3 'awareness':4 'ணர':5,abstract|concept|idea,त॑र्क॑|தெர்கெ|te'rke'|tErkE|tĕrkĕ|t̪eɾke,,"{""""script"""":""""sourashtra"""",""""category"""":""""noun"""",""""type"""":""""abstract""""}"
^,,awareness,english,,english,,abstract|concept|idea,,noun,
^,,விழிப்புணர்ச்சி,tamil,,tamil,'வழபபணரசச':1 'awareness':2 'ணர':3,abstract|concept|idea,தெர்கெ,noun,
-,ꢦ,ꢦ꣄ꢬꢙ꣄ꢛꣁ,sourashtra,,,'ꢦꢬꢙꢛ':1 'prajnyo':2 'prajjo':3 'prajñŏ':4 'awareness':5 'ணர':6,abstract|concept|idea,प्रजञो|ப்ரஜ்ஞொ|prajnyo'|prajJO|prajñŏ|pɾəd͡ʒɲo,,"{""""script"""":""""sourashtra"""",""""category"""":""""noun"""",""""type"""":""""abstract""""}"
-,ꢨ,ꢨꢶꢱ꣄ꢱꢦꢥ꣄,sourashtra,,,'ꢨꢱꢱꢦꢥ':1 'bissapan':2 'quickness':3,abstract|concept|idea,बिस्सपन|பி3ஸ்ஸபன்|bissapan|bissapan|bissapan|bɪs̪s̪əpən̪,,"{""""script"""":""""sourashtra"""",""""category"""":""""noun"""",""""type"""":""""abstract""""}"
^,,quickness,english,,english,,abstract|concept|idea,,noun,
^,,விறுவிறுப்பு,tamil,,tamil,'வறவறபப':1 'quickness':2,abstract|concept|idea,பி3ஸ்ஸபன்,noun,
-,ꢨ,ꢨꢶꢱ꣄ꢱꣁ,sourashtra,,,'ꢨꢱꢱ':1 'bisso':2 'bissŏ':3 'quickness':4,abstract|concept|idea,बिस्सा॑|பி3ஸ்ஸொ|bisso'|bissO|bissŏ|bɪs̪s̪o,,"{""""script"""":""""sourashtra"""",""""category"""":""""noun"""",""""type"""":""""abstract""""}"
-,ꢤ,ꢤꣀꢬ꣄ꢫꢸ,sourashtra,,,'ꢤꢬꢫ':1 'dhairyu':2 'bravery':3 'ரம':4,abstract|concept|idea,धैर्यु|தை4ர்யொ|dhairyu|dhairyu|dhairyu|d̪ʰəɪɾju,,"{""""script"""":""""sourashtra"""",""""category"""":""""noun"""",""""type"""":""""abstract""""}"
^,,bravery,english,,english,,abstract|concept|idea,,noun,
^,,வீரம்,tamil,,tamil,'வரம':1 'bravery':2 'ரம':3,abstract|concept|idea,தை4ர்யொ,noun,
-,ꢤ,ꢤꣀꢬ꣄ꢫꢮꢵꢥ꣄,sourashtra,,,'ꢤꢬꢫꢮꢥ':1 'dhairyavaan':2 'dhairyavan':3 'dhairyavān':4 'brave':5 'man':6 'ரன':7,abstract|concept|idea,धैर्यवान्|தை4ர்யவான்|dhairyavaan|dhairyavAn|dhairyavān|d̪ʰəɪɾjəʋɑːn̪,,"{""""script"""":""""sourashtra"""",""""category"""":""""noun"""",""""type"""":""""abstract""""}"
^,,brave man,english,,english,,abstract|concept|idea,,noun,
^,,வீரன்,tamil,,tamil,'வரன':1 'brave':2 'man':3 'ரன':4,abstract|concept|idea,தை4ர்யவான்,noun,
-,ꢤ,ꢤꣀꢬ꣄ꢫ ꢱ꣄ꢡꢶꢬꢶ,sourashtra,,,'ꢤꢬꢫꢱꢡꢬ':1 'dhairyastiri':2 'brave':3 'woman':4 'கன':5,abstract|concept|idea,धैर्यस्तिरि|தை4ர்யவதி|dhairya stiri|dhairya stiri|dhairya stiri|d̪ʰəɪɾjə s̪t̪ɪɾɪ,,"{""""script"""":""""sourashtra"""",""""category"""":""""noun"""",""""type"""":""""abstract""""}"
^,,brave woman,english,,english,,abstract|concept|idea,,noun,
^,,வீராங்கனை,tamil,,tamil,'வரஙகன':1 'brave':2 'woman':3 'கன':4,abstract|concept|idea,தை4ர்யவதி,noun,
-,ꢨ,ꢨꣁꢞ꣄ꢠꢶ,sourashtra,,,'ꢨꢞꢠ':1 'bodni':2 'bŏḍṇi':3 'falling':4 'fall':5,abstract|concept|idea,पा॑ड्णि|பொட்3ணி|bo'd'ni|bODNi|bŏḍṇi|boɖɳɪ,,"{""""script"""":""""sourashtra"""",""""category"""":""""noun"""",""""type"""":""""abstract""""}"
^,,falling,english,,english,,abstract|concept|idea,,noun,
^,,வீழ்ச்சி,tamil,,tamil,'வழசச':1 'falling':2 'fall':3,abstract|concept|idea,பொட்3ணி,noun,
-,ꢲ,ꢲꢸꢥ꣄ꢥꢦꢥ꣄,sourashtra,,,'ꢲꢥꢥꢦꢥ':1 'hunnapan':2 'hotness':3,abstract|concept|idea,हुन्नपन|ஹுன்னபன்)|hunnapan|hunnapan|hunnapan|ɦun̪n̪əpən̪,,"{""""script"""":""""sourashtra"""",""""category"""":""""noun"""",""""type"""":""""abstract""""}"
^,,hotness,english,,english,,abstract|concept|idea,,noun,
^,,வெம்மை,tamil,,tamil,'வமம':1 'hotness':2,abstract|concept|idea,ஹுன்னபன்),noun,
-,ꢔ,ꢔꢷꢔ꣄,sourashtra,,,'ꢔꢔ':1 'geeg':2 'gig':3 'gīg':4 'success':5 'victory':6,abstract|concept|idea,जीग|ஜீக்3|geeg|gIg|gīg|giːg,,"{""""script"""":""""sourashtra"""",""""category"""":""""noun"""",""""type"""":""""abstract""""}"
^,,Success/victory,english,,english,,abstract|concept|idea,,noun,
^,,வெற்றி,tamil,,tamil,'வறற':1 'success':2 'victory':3,abstract|concept|idea,ஜீக்3,noun,
-,ꢆ,ꢆꢔ꣄ꢬꢡꣁ,sourashtra,,,'ꢆꢔꢬꢡ':1 'ugrato':2 'ugratŏ':3 'fanaticism':4,abstract|concept|idea,उग्रता॑|உக்3ரதொ|ugrato'|ugratO|ugratŏ|ugɾət̪o,,"{""""script"""":""""sourashtra"""",""""category"""":""""noun"""",""""type"""":""""abstract""""}"
^,,fanaticism,english,,english,,abstract|concept|idea,,noun,
^,,வெறி,tamil,,tamil,'வற':1 'fanaticism':2,abstract|concept|idea,உக்3ரதொ,noun,
-,ꢣ,ꢣ꣄ꢮꢾꢯ꣄,sourashtra,,,'ꢣꢮꢯ':1 'dvesh':2 'dvez':3 'dvĕś':4 'hatred':5,abstract|concept|idea,द्वेश्|த்3வேஷ்|dve'sh|dvEz|dvĕś|d̪ʋeʃ,,"{""""script"""":""""sourashtra"""",""""category"""":""""noun"""",""""type"""":""""abstract""""}"
^,,hatred,english,,english,,abstract|concept|idea,,noun,
^,,வெறுப்பு,tamil,,tamil,'வறபப':1 'hatred':2,abstract|concept|idea,த்3வேஷ்,noun,
-,ꢮ,ꢮꢿꢔ꣄,sourashtra,,,'ꢮꢔ':1 'veg':2 'speed':3 'கம':4,abstract|concept|idea,वेग|வேக்3|veg|veg|veg|ʋeːg,,"{""""script"""":""""sourashtra"""",""""category"""":""""noun"""",""""type"""":""""abstract""""}"
^,,speed,english,,english,,abstract|concept|idea,,noun,
^,,வேகம்,tamil,,tamil,'வகம':1 'speed':2 'கம':3,abstract|concept|idea,வேக்3,noun,
-,ꢯ,ꢯꣂꢒ꣄,sourashtra,,,'ꢯꢒ':1 'shok':2 'zok':3 'śok':4 'thirst':5,abstract|concept|idea,शोक्|ஶோக்|shok|zok|śok|ʃoːk,,"{""""script"""":""""sourashtra"""",""""category"""":""""noun"""",""""type"""":""""abstract""""}"
^,,வேட்கை,tamil,,tamil,'வடக':1 'thirst':2,abstract|concept|idea,ஶோக்,noun,
-,ꢒ,ꢒꢹꢡ꣄,sourashtra,,,'ꢒꢡ':1 'koot':2 'kut':3 'kūt':4 'fun':5,abstract|concept|idea,कुत|கூத்|koot|kUt|kūt|kuːt̪,,"{""""script"""":""""sourashtra"""",""""category"""":""""noun"""",""""type"""":""""abstract""""}"
^,,fun,english,,english,,abstract|concept|idea,,noun,
^,,வேடிக்கை,tamil,,tamil,'வடகக':1 'fun':2,abstract|concept|idea,கூத்,noun,
-,ꢩ,ꢩꢿꢣ꣄,sourashtra,,,'ꢩꢣ':1 'bhed':2 'difference':3,abstract|concept|idea,भेद|பே4த்3|bhed|bhed|bhed|bʰeːd̪,,"{""""script"""":""""sourashtra"""",""""category"""":""""noun"""",""""type"""":""""abstract""""}"
^,,வேற்றுமை,tamil,,tamil,'வறறம':1 'difference':2,abstract|concept|idea,பே4த்3,noun,
-,ꢮ,ꢮꣀꢬꢵꢔ꣄ꢫꢸ,sourashtra,,,'ꢮꢬꢔꢫ':1 'vairaagyu':2 'vairagyu':3 'vairāgyu':4 'obstinacy':5 'யம':6,abstract|concept|idea,वैराग्यु|வைராக்3யு|vairaagyu|vairAgyu|vairāgyu|ʋəɪɾɑːgju,,"{""""script"""":""""sourashtra"""",""""category"""":""""noun"""",""""type"""":""""abstract""""}"
^,,obstinacy,english,,english,,abstract|concept|idea,,noun,
^,,வைராக்கியம்,tamil,,tamil,'வரககயம':1 'obstinacy':2 'யம':3,abstract|concept|idea,வைராக்3யு,noun,
